    Updating crates.io index
 Downloading crates ...
  Downloaded ahash v0.8.12
  Downloaded bitflags v2.13.0
  Downloaded arbitrary v1.4.2
  Downloaded allocator-api2 v0.2.21
  Downloaded version_check v0.9.5
  Downloaded openssl-macros v0.1.1
  Downloaded cfg-if v1.0.4
  Downloaded foreign-types v0.3.2
  Downloaded rustc-hash v2.1.3
  Downloaded foreign-types-shared v0.1.1
  Downloaded cc v1.2.66
  Downloaded pkg-config v0.3.33
  Downloaded shlex v2.0.1
  Downloaded jobserver v0.1.35
  Downloaded find-msvc-tools v0.1.9
  Downloaded once_cell v1.21.4
  Downloaded quote v1.0.46
  Downloaded unicode-ident v1.0.24
  Downloaded proc-macro2 v1.0.106
  Downloaded openssl-sys v0.9.117
  Downloaded memchr v2.8.3
  Downloaded hashbrown v0.14.5
  Downloaded libfuzzer-sys v0.4.13
  Downloaded vcpkg v0.2.15
  Downloaded zerocopy v0.8.53
  Downloaded syn v2.0.118
  Downloaded openssl v0.10.81
  Downloaded libc v0.2.186
  Downloaded openssl-src v300.6.1+3.6.3
   Compiling types_error v0.0.0 (/work/src/crates/_support/types/types_error)
   Compiling seam_core v0.1.0 (/work/src/crates/_support/seam_core)
   Compiling types_core v0.0.0 (/work/src/crates/_support/types/types_core)
   Compiling zerocopy v0.8.53
   Compiling version_check v0.9.5
   Compiling cfg-if v1.0.4
   Compiling once_cell v1.21.4
   Compiling allocator-api2 v0.2.21
   Compiling rustc-hash v2.1.3
   Compiling libc v0.2.186
   Compiling types_guc v0.0.0 (/work/src/crates/_support/types/types_guc)
   Compiling types_dest v0.0.0 (/work/src/crates/_support/types/types_dest)
   Compiling rel_vocab v0.1.0 (/work/src/crates/_support/types/rel_vocab)
   Compiling wchar v0.1.0 (/work/src/crates/common/wchar)
   Compiling hashfn v0.1.0 (/work/src/crates/common/hashfn)
   Compiling keywords v0.1.0 (/work/src/crates/common/keywords)
   Compiling init_small_seams v0.0.0 (/work/src/crates/backend/utils/init/init_small_seams)
   Compiling waitevent_seams v0.0.0 (/work/src/crates/backend/utils/activity/waitevent_seams)
   Compiling s_lock_seams v0.0.0 (/work/src/crates/backend/storage/lmgr/s_lock_seams)
   Compiling pmsignal_seams v0.0.0 (/work/src/crates/backend/storage/ipc/pmsignal_seams)
   Compiling xlogutils_seams v0.0.0 (/work/src/crates/backend/access/transam/xlogutils_seams)
   Compiling string_seams v0.0.0 (/work/src/crates/common/string_seams)
   Compiling guc_seams v0.0.0 (/work/src/crates/backend/utils/misc/guc_seams)
   Compiling error_small_seams v0.0.0 (/work/src/crates/backend/utils/error/error_small_seams)
   Compiling elog_seams v0.0.0 (/work/src/crates/backend/utils/error/elog_seams)
   Compiling acl_seams v0.0.0 (/work/src/crates/backend/utils/adt/acl_seams)
   Compiling pgstat_seams v0.0.0 (/work/src/crates/backend/utils/activity/pgstat_seams)
   Compiling xact_seams v0.0.0 (/work/src/crates/backend/access/transam/xact_seams)
   Compiling file_seams v0.0.0 (/work/src/crates/backend/storage/file/file_seams)
   Compiling guc_tables v0.0.0 (/work/src/crates/backend/utils/misc/guc_tables)
   Compiling shmem_seams v0.0.0 (/work/src/crates/backend/storage/ipc/shmem_seams)
   Compiling pg_prng_seams v0.0.0 (/work/src/crates/port/pg_prng_seams)
   Compiling xloginsert_seams v0.0.0 (/work/src/crates/backend/access/transam/xloginsert_seams)
   Compiling twophase_seams v0.0.0 (/work/src/crates/backend/access/transam/twophase_seams)
   Compiling types_array v0.1.0 (/work/src/crates/_support/types/array)
   Compiling pg_prng v0.1.0 (/work/src/crates/common/pg_prng)
   Compiling numutils v0.1.0 (/work/src/crates/backend/utils/adt/numutils)
   Compiling inval_seams v0.0.0 (/work/src/crates/backend/utils/cache/inval_seams)
   Compiling postgres_seams v0.0.0 (/work/src/crates/backend/tcop/postgres_seams)
   Compiling pg_class_seams v0.0.0 (/work/src/crates/backend/catalog/pg_class_seams)
   Compiling postmaster_seams v0.0.0 (/work/src/crates/backend/postmaster/postmaster_seams)
   Compiling varsup_seams v0.0.0 (/work/src/crates/backend/access/transam/varsup_seams)
   Compiling transam_seams v0.0.0 (/work/src/crates/backend/access/transam/transam_seams)
   Compiling ahash v0.8.12
   Compiling lsyscache_seams v0.1.0 (/work/src/crates/backend/utils/cache/lsyscache_seams)
   Compiling relmapper_seams v0.0.0 (/work/src/crates/backend/utils/cache/relmapper_seams)
   Compiling pg_string v0.0.0 (/work/src/crates/common/string)
   Compiling arrayutils v0.1.0 (/work/src/crates/backend/utils/adt/arrayutils)
   Compiling ryu v0.1.0 (/work/src/crates/common/ryu)
   Compiling hyperloglog v0.1.0 (/work/src/crates/backend/lib/hyperloglog)
   Compiling find-msvc-tools v0.1.9
   Compiling shlex v2.0.1
   Compiling pkg-config v0.3.33
   Compiling aio_seams v0.0.0 (/work/src/crates/backend/storage/aio/aio_seams)
   Compiling unicode_category v0.1.0 (/work/src/crates/common/unicode_category)
   Compiling pglz v0.1.0 (/work/src/crates/common/pglz)
   Compiling memchr v2.8.3
   Compiling pg_bitutils v0.1.0 (/work/src/crates/port/pg_bitutils)
   Compiling startup_seams v0.0.0 (/work/src/crates/backend/postmaster/startup_seams)
   Compiling timeout_seams v0.0.0 (/work/src/crates/backend/utils/misc/timeout_seams)
   Compiling syncrep_seams v0.0.0 (/work/src/crates/backend/replication/syncrep_seams)
   Compiling pg_sema_seams v0.0.0 (/work/src/crates/backend/port/pg_sema_seams)
   Compiling condition_variable_seams v0.0.0 (/work/src/crates/backend/storage/lmgr/condition_variable_seams)
   Compiling autovacuum_seams v0.0.0 (/work/src/crates/backend/postmaster/autovacuum_seams)
   Compiling timestamp_seams v0.0.0 (/work/src/crates/backend/utils/adt/timestamp_seams)
   Compiling parallel_seams v0.0.0 (/work/src/crates/backend/access/transam/parallel_seams)
   Compiling guc_file_seams v0.0.0 (/work/src/crates/backend/utils/misc/guc_file_seams)
   Compiling pgtz_seams v0.0.0 (/work/src/crates/backend/timezone/pgtz_seams)
   Compiling mcxt_seams v0.0.0 (/work/src/crates/backend/utils/mmgr/mcxt_seams)
   Compiling localtime v0.1.0 (/work/src/crates/backend/timezone/localtime)
   Compiling conffiles_seams v0.0.0 (/work/src/crates/backend/utils/misc/conffiles_seams)
   Compiling ipc_portal_seams v0.0.0 (/work/src/crates/backend/storage/ipc/ipc_portal_seams)
   Compiling slot_seams v0.0.0 (/work/src/crates/backend/replication/slot_seams)
   Compiling backend_status_seams v0.0.0 (/work/src/crates/backend/utils/activity/backend_status_seams)
   Compiling scalar_seams v0.0.0 (/work/src/crates/backend/utils/adt/scalar_seams)
   Compiling ps_status_seams v0.0.0 (/work/src/crates/backend/utils/misc/ps_status_seams)
   Compiling subtrans_seams v0.0.0 (/work/src/crates/backend/access/transam/subtrans_seams)
   Compiling superuser_seams v0.0.0 (/work/src/crates/backend/utils/misc/superuser_seams)
   Compiling xlogrecovery_seams v0.0.0 (/work/src/crates/backend/access/transam/xlogrecovery_seams)
   Compiling bgworker_seams v0.0.0 (/work/src/crates/backend/postmaster/bgworker_seams)
   Compiling crc32c v0.1.0 (/work/src/crates/port/crc32c)
   Compiling async_seams v0.0.0 (/work/src/crates/backend/commands/async_seams)
   Compiling xact_portal_seams v0.0.0 (/work/src/crates/backend/access/transam/xact_portal_seams)
   Compiling commit_ts_seams v0.0.0 (/work/src/crates/backend/access/transam/commit_ts_seams)
   Compiling backend_progress_seams v0.0.0 (/work/src/crates/backend/utils/activity/backend_progress_seams)
   Compiling logical_worker_seams v0.0.0 (/work/src/crates/backend/replication/logical_worker_seams)
   Compiling logical_seams v0.0.0 (/work/src/crates/backend/replication/logical_seams)
   Compiling trigger_seams v0.0.0 (/work/src/crates/backend/commands/trigger_seams)
   Compiling launcher_seams v0.0.0 (/work/src/crates/backend/replication/launcher_seams)
   Compiling snapbuild_seams v0.0.0 (/work/src/crates/backend/replication/snapbuild_seams)
   Compiling be_fsstubs_seams v0.0.0 (/work/src/crates/backend/libpq/be_fsstubs_seams)
   Compiling strftime v0.1.0 (/work/src/crates/backend/timezone/strftime)
   Compiling unicode_case v0.1.0 (/work/src/crates/common/unicode_case)
   Compiling walsummarizer_seams v0.0.0 (/work/src/crates/backend/postmaster/walsummarizer_seams)
   Compiling xlogarchive_seams v0.0.0 (/work/src/crates/backend/access/transam/xlogarchive_seams)
   Compiling walreceiverfuncs_seams v0.0.0 (/work/src/crates/backend/replication/walreceiverfuncs_seams)
   Compiling reorderbuffer_seams v0.0.0 (/work/src/crates/backend/replication/logical/reorderbuffer_seams)
   Compiling rewriteheap_seams v0.0.0 (/work/src/crates/backend/access/heap/rewriteheap_seams)
   Compiling proc-macro2 v1.0.106
   Compiling unicode-ident v1.0.24
   Compiling vcpkg v0.2.15
   Compiling quote v1.0.46
   Compiling walsender_config v0.0.0 (/work/src/crates/backend/replication/walsender_config)
   Compiling jobserver v0.1.35
   Compiling pg_clock v0.1.0 (/work/src/crates/port/pg_clock)
   Compiling pg_strong_random v0.1.0 (/work/src/crates/port/pg_strong_random)
   Compiling ip v0.0.0 (/work/src/crates/common/ip)
   Compiling vfs v0.0.0 (/work/src/crates/backend/storage/file/vfs)
   Compiling pg_path v0.1.0 (/work/src/crates/port/pg_path)
   Compiling libpq_pqsignal v0.0.0 (/work/src/crates/backend/libpq/libpq_pqsignal)
   Compiling pgsync v0.1.0 (/work/src/crates/_support/pgsync)
   Compiling types_startup v0.0.0 (/work/src/crates/_support/types/types_startup)
   Compiling cc v1.2.66
   Compiling syslogger_seams v0.0.0 (/work/src/crates/backend/postmaster/syslogger_seams)
   Compiling pgstrcasecmp v0.1.0 (/work/src/crates/port/pgstrcasecmp)
   Compiling waiter v0.0.0 (/work/src/crates/backend/storage/ipc/waiter)
   Compiling openssl v0.10.81
   Compiling foreign-types-shared v0.1.1
   Compiling be_secure_seams v0.0.0 (/work/src/crates/backend/libpq/be_secure_seams)
   Compiling bitflags v2.13.0
   Compiling foreign-types v0.3.2
   Compiling pg_sha2 v0.1.0 (/work/src/crates/common/sha2)
   Compiling ifaddr v0.0.0 (/work/src/crates/backend/libpq/ifaddr)
   Compiling hba_seams v0.0.0 (/work/src/crates/backend/libpq/hba_seams)
   Compiling auth_seams v0.0.0 (/work/src/crates/backend/libpq/auth_seams)
   Compiling relfilenumbermap_seams v0.0.0 (/work/src/crates/backend/utils/cache/relfilenumbermap_seams)
   Compiling xlogprefetcher_seams v0.0.0 (/work/src/crates/backend/access/transam/xlogprefetcher_seams)
   Compiling pg_md5 v0.1.0 (/work/src/crates/common/md5)
   Compiling pg_hmac v0.1.0 (/work/src/crates/common/hmac)
   Compiling pg_b64 v0.1.0 (/work/src/crates/common/base64)
   Compiling pg_rusage v0.0.0 (/work/src/crates/backend/utils/misc/pg_rusage)
   Compiling wait_error v0.0.0 (/work/src/crates/common/wait_error)
   Compiling pg_class v0.1.0 (/work/src/crates/backend/catalog/pg_class)
   Compiling binaryheap v0.1.0 (/work/src/crates/backend/lib/binaryheap)
   Compiling arbitrary v1.4.2
   Compiling pairingheap v0.1.0 (/work/src/crates/backend/lib/pairingheap)
   Compiling pg_sha1 v0.0.0 (/work/src/crates/common/sha1)
   Compiling syn v2.0.118
   Compiling openssl-src v300.6.1+3.6.3
   Compiling regexp_alt v0.1.0 (/work/src/crates/backend/utils/adt/regexp_alt)
   Compiling openssl-sys v0.9.117
   Compiling libfuzzer-sys v0.4.13
   Compiling decoder_fuzz v0.0.0 (/work/src/fuzz/core)
   Compiling hashbrown v0.14.5
   Compiling mcx v0.0.0 (/work/src/crates/_support/mcx)
warning: variant `Malloc` is never constructed
  --> /work/src/crates/_support/mcx/src/lib.rs:64:5
   |
61 | enum Backend {
   |      ------- variant in this enum
...
64 |     Malloc,
   |     ^^^^^^
   |
   = note: `#[warn(dead_code)]` (part of `#[warn(unused)]`) on by default

warning: function `chunk_size` is never used
   --> /work/src/crates/_support/mcx/src/aset.rs:284:4
    |
284 | fn chunk_size(idx: usize) -> usize {
    |    ^^^^^^^^^^

warning: method `mem_allocated` is never used
   --> /work/src/crates/_support/mcx/src/aset.rs:340:19
    |
306 | impl AllocSet {
    | ------------- method in this implementation
...
340 |     pub(crate) fn mem_allocated(&self) -> usize {
    |                   ^^^^^^^^^^^^^

   Compiling types_storage v0.1.0 (/work/src/crates/_support/types/types_storage)
   Compiling datum v0.0.0 (/work/src/crates/_support/types/datum)
   Compiling stringinfo v0.1.0 (/work/src/crates/_support/types/stringinfo)
   Compiling types_tuple v0.1.0 (/work/src/crates/_support/types/types_tuple)
   Compiling types_trigger v0.1.0 (/work/src/crates/_support/types/types_trigger)
   Compiling mbutils_seams v0.1.0 (/work/src/crates/backend/utils/mb/mbutils_seams)
   Compiling pqcomm_seams v0.0.0 (/work/src/crates/backend/libpq/pqcomm_seams)
   Compiling ipc_seams v0.0.0 (/work/src/crates/backend/storage/ipc/ipc_seams)
   Compiling detoast_seams v0.1.0 (/work/src/crates/backend/access/common/detoast_seams)
   Compiling types_hash v0.1.0 (/work/src/crates/_support/types/hash)
   Compiling miscinit_seams v0.0.0 (/work/src/crates/backend/utils/init/miscinit_seams)
   Compiling types_snapshot v0.1.0 (/work/src/crates/_support/types/snapshot)
   Compiling types_fmgr v0.1.0 (/work/src/crates/_support/types/fmgr)
   Compiling init_small v0.0.0 (/work/src/crates/backend/utils/init/init_small)
   Compiling elog v0.0.0 (/work/src/crates/backend/utils/error/elog)
   Compiling xlogreader_seams v0.0.0 (/work/src/crates/backend/access/transam/xlogreader_seams)
warning: unused imports: `LOG_DESTINATION_CSVLOG` and `LOG_DESTINATION_JSONLOG`
  --> /work/src/crates/backend/utils/error/elog/src/config.rs:10:61
   |
10 |     ErrorLevel, PGErrorVerbosity, PgError, PgResult, ERROR, LOG_DESTINATION_CSVLOG,
   |                                                             ^^^^^^^^^^^^^^^^^^^^^^
11 |     LOG_DESTINATION_JSONLOG, LOG_DESTINATION_STDERR, LOG_DESTINATION_SYSLOG, NOTICE, WARNING,
   |     ^^^^^^^^^^^^^^^^^^^^^^^
   |
   = note: `#[warn(unused_imports)]` (part of `#[warn(unused)]`) on by default

   Compiling types_resowner v0.1.0 (/work/src/crates/_support/types/types_resowner)
   Compiling types_scan v0.1.0 (/work/src/crates/_support/types/types_scan)
   Compiling types_gist v0.1.0 (/work/src/crates/_support/types/gist)
   Compiling types_bloom v0.1.0 (/work/src/crates/_support/types/types_bloom)
   Compiling types_nbtree v0.1.0 (/work/src/crates/_support/types/types_nbtree)
   Compiling types_spgist v0.1.0 (/work/src/crates/_support/types/types_spgist)
warning: type `spgChooseIn` should have an upper camel case name
  --> /work/src/crates/_support/types/types_spgist/src/state.rs:92:12
   |
92 | pub struct spgChooseIn {
   |            ^^^^^^^^^^^ help: convert the identifier to upper camel case (notice the capitalization): `SpgChooseIn`
   |
   = note: `#[warn(non_camel_case_types)]` (part of `#[warn(nonstandard_style)]`) on by default

warning: type `spgChooseOut` should have an upper camel case name
   --> /work/src/crates/_support/types/types_spgist/src/state.rs:104:10
    |
104 | pub enum spgChooseOut {
    |          ^^^^^^^^^^^^ help: convert the identifier to upper camel case (notice the capitalization): `SpgChooseOut`

warning: type `spgPickSplitIn` should have an upper camel case name
   --> /work/src/crates/_support/types/types_spgist/src/state.rs:127:12
    |
127 | pub struct spgPickSplitIn {
    |            ^^^^^^^^^^^^^^ help: convert the identifier to upper camel case (notice the capitalization): `SpgPickSplitIn`

warning: type `spgPickSplitOut` should have an upper camel case name
   --> /work/src/crates/_support/types/types_spgist/src/state.rs:134:12
    |
134 | pub struct spgPickSplitOut {
    |            ^^^^^^^^^^^^^^^ help: convert the identifier to upper camel case (notice the capitalization): `SpgPickSplitOut`

warning: type `spgInnerConsistentIn` should have an upper camel case name
   --> /work/src/crates/_support/types/types_spgist/src/state.rs:157:12
    |
157 | pub struct spgInnerConsistentIn<'a> {
    |            ^^^^^^^^^^^^^^^^^^^^ help: convert the identifier to upper camel case (notice the capitalization): `SpgInnerConsistentIn`

warning: type `spgInnerConsistentOut` should have an upper camel case name
   --> /work/src/crates/_support/types/types_spgist/src/state.rs:175:12
    |
175 | pub struct spgInnerConsistentOut {
    |            ^^^^^^^^^^^^^^^^^^^^^ help: convert the identifier to upper camel case (notice the capitalization): `SpgInnerConsistentOut`

warning: type `spgLeafConsistentIn` should have an upper camel case name
   --> /work/src/crates/_support/types/types_spgist/src/state.rs:199:12
    |
199 | pub struct spgLeafConsistentIn {
    |            ^^^^^^^^^^^^^^^^^^^ help: convert the identifier to upper camel case (notice the capitalization): `SpgLeafConsistentIn`

warning: type `spgLeafConsistentOut` should have an upper camel case name
   --> /work/src/crates/_support/types/types_spgist/src/state.rs:212:12
    |
212 | pub struct spgLeafConsistentOut {
    |            ^^^^^^^^^^^^^^^^^^^^ help: convert the identifier to upper camel case (notice the capitalization): `SpgLeafConsistentOut`

warning: type `spgxlogState` should have an upper camel case name
  --> /work/src/crates/_support/types/types_spgist/src/xlog.rs:15:12
   |
15 | pub struct spgxlogState {
   |            ^^^^^^^^^^^^ help: convert the identifier to upper camel case (notice the capitalization): `SpgxlogState`

warning: type `spgxlogAddLeaf` should have an upper camel case name
  --> /work/src/crates/_support/types/types_spgist/src/xlog.rs:40:12
   |
40 | pub struct spgxlogAddLeaf {
   |            ^^^^^^^^^^^^^^ help: convert the identifier to upper camel case (notice the capitalization): `SpgxlogAddLeaf`

warning: type `spgxlogMoveLeafs` should have an upper camel case name
  --> /work/src/crates/_support/types/types_spgist/src/xlog.rs:76:12
   |
76 | pub struct spgxlogMoveLeafs {
   |            ^^^^^^^^^^^^^^^^ help: convert the identifier to upper camel case (notice the capitalization): `SpgxlogMoveLeafs`

warning: type `spgxlogAddNode` should have an upper camel case name
   --> /work/src/crates/_support/types/types_spgist/src/xlog.rs:115:12
    |
115 | pub struct spgxlogAddNode {
    |            ^^^^^^^^^^^^^^ help: convert the identifier to upper camel case (notice the capitalization): `SpgxlogAddNode`

warning: type `spgxlogSplitTuple` should have an upper camel case name
   --> /work/src/crates/_support/types/types_spgist/src/xlog.rs:154:12
    |
154 | pub struct spgxlogSplitTuple {
    |            ^^^^^^^^^^^^^^^^^ help: convert the identifier to upper camel case (notice the capitalization): `SpgxlogSplitTuple`

warning: type `spgxlogPickSplit` should have an upper camel case name
   --> /work/src/crates/_support/types/types_spgist/src/xlog.rs:184:12
    |
184 | pub struct spgxlogPickSplit {
    |            ^^^^^^^^^^^^^^^^ help: convert the identifier to upper camel case (notice the capitalization): `SpgxlogPickSplit`

warning: type `spgxlogVacuumLeaf` should have an upper camel case name
   --> /work/src/crates/_support/types/types_spgist/src/xlog.rs:238:12
    |
238 | pub struct spgxlogVacuumLeaf {
    |            ^^^^^^^^^^^^^^^^^ help: convert the identifier to upper camel case (notice the capitalization): `SpgxlogVacuumLeaf`

warning: type `spgxlogVacuumRoot` should have an upper camel case name
   --> /work/src/crates/_support/types/types_spgist/src/xlog.rs:271:12
    |
271 | pub struct spgxlogVacuumRoot {
    |            ^^^^^^^^^^^^^^^^^ help: convert the identifier to upper camel case (notice the capitalization): `SpgxlogVacuumRoot`

warning: type `spgxlogVacuumRedirect` should have an upper camel case name
   --> /work/src/crates/_support/types/types_spgist/src/xlog.rs:295:12
    |
295 | pub struct spgxlogVacuumRedirect {
    |            ^^^^^^^^^^^^^^^^^^^^^ help: convert the identifier to upper camel case (notice the capitalization): `SpgxlogVacuumRedirect`

warning: type `spgConfigIn` should have an upper camel case name
   --> /work/src/crates/_support/types/types_spgist/src/lib.rs:237:12
    |
237 | pub struct spgConfigIn {
    |            ^^^^^^^^^^^ help: convert the identifier to upper camel case (notice the capitalization): `SpgConfigIn`

warning: type `spgConfigOut` should have an upper camel case name
   --> /work/src/crates/_support/types/types_spgist/src/lib.rs:242:12
    |
242 | pub struct spgConfigOut {
    |            ^^^^^^^^^^^^ help: convert the identifier to upper camel case (notice the capitalization): `SpgConfigOut`

   Compiling types_nodes v0.1.0 (/work/src/crates/_support/types/nodes)
   Compiling lmgr_proc_seams v0.0.0 (/work/src/crates/backend/storage/lmgr/lmgr_proc_seams)
   Compiling jit_deform v0.1.0 (/work/src/crates/_support/jit_deform)
warning: variant `ROW_MARK_EXCLUSIVE` should have an upper camel case name
   --> /work/src/crates/_support/types/nodes/src/plannodes.rs:897:5
    |
897 |     ROW_MARK_EXCLUSIVE = 0,
    |     ^^^^^^^^^^^^^^^^^^ help: convert the identifier to upper camel case: `RowMarkExclusive`
    |
    = note: `#[warn(non_camel_case_types)]` (part of `#[warn(nonstandard_style)]`) on by default

warning: variant `ROW_MARK_NOKEYEXCLUSIVE` should have an upper camel case name
   --> /work/src/crates/_support/types/nodes/src/plannodes.rs:898:5
    |
898 |     ROW_MARK_NOKEYEXCLUSIVE = 1,
    |     ^^^^^^^^^^^^^^^^^^^^^^^ help: convert the identifier to upper camel case: `RowMarkNokeyexclusive`

warning: variant `ROW_MARK_SHARE` should have an upper camel case name
   --> /work/src/crates/_support/types/nodes/src/plannodes.rs:899:5
    |
899 |     ROW_MARK_SHARE = 2,
    |     ^^^^^^^^^^^^^^ help: convert the identifier to upper camel case: `RowMarkShare`

warning: variant `ROW_MARK_KEYSHARE` should have an upper camel case name
   --> /work/src/crates/_support/types/nodes/src/plannodes.rs:900:5
    |
900 |     ROW_MARK_KEYSHARE = 3,
    |     ^^^^^^^^^^^^^^^^^ help: convert the identifier to upper camel case: `RowMarkKeyshare`

warning: variant `ROW_MARK_REFERENCE` should have an upper camel case name
   --> /work/src/crates/_support/types/nodes/src/plannodes.rs:901:5
    |
901 |     ROW_MARK_REFERENCE = 4,
    |     ^^^^^^^^^^^^^^^^^^ help: convert the identifier to upper camel case: `RowMarkReference`

warning: variant `ROW_MARK_COPY` should have an upper camel case name
   --> /work/src/crates/_support/types/nodes/src/plannodes.rs:902:5
    |
902 |     ROW_MARK_COPY = 5,
    |     ^^^^^^^^^^^^^ help: convert the identifier to upper camel case: `RowMarkCopy`

   Compiling types_rel v0.1.0 (/work/src/crates/_support/types/rel)
   Compiling lwlock v0.0.0 (/work/src/crates/backend/storage/lmgr/lwlock)
   Compiling bufmgr_seams v0.0.0 (/work/src/crates/backend/storage/buffer/bufmgr_seams)
warning: `mcx` (lib) generated 3 warnings
   Compiling waiteventset_seams v0.0.0 (/work/src/crates/backend/storage/ipc/waiteventset_seams)
   Compiling types_slot v0.1.0 (/work/src/crates/_support/types/types_slot)
warning: `types_spgist` (lib) generated 19 warnings
   Compiling transam_xlog_seams v0.0.0 (/work/src/crates/backend/access/transam/transam_xlog_seams)
   Compiling namespace_seams v0.0.0 (/work/src/crates/backend/catalog/namespace_seams)
   Compiling fmgr_seams v0.1.0 (/work/src/crates/backend/utils/fmgr/fmgr_seams)
   Compiling types_portal v0.1.0 (/work/src/crates/_support/types/portal)
   Compiling procarray_seams v0.0.0 (/work/src/crates/backend/storage/ipc/procarray_seams)
   Compiling mbutils v0.1.0 (/work/src/crates/backend/utils/mb/mbutils)
   Compiling syscache_seams v0.0.0 (/work/src/crates/backend/utils/cache/syscache_seams)
   Compiling snapmgr_seams v0.0.0 (/work/src/crates/backend/utils/time/snapmgr_seams)
   Compiling relpath_seams v0.0.0 (/work/src/crates/common/relpath_seams)
   Compiling syncscan_seams v0.0.0 (/work/src/crates/backend/access/common/syncscan_seams)
   Compiling pqformat v0.1.0 (/work/src/crates/backend/libpq/pqformat)
   Compiling smgr_seams v0.0.0 (/work/src/crates/backend/storage/smgr/smgr_seams)
   Compiling tableam_vocab v0.1.0 (/work/src/crates/backend/access/table/tableam_vocab)
   Compiling relcache_seams v0.0.0 (/work/src/crates/backend/utils/cache/relcache_seams)
   Compiling catalog_seams v0.0.0 (/work/src/crates/backend/catalog/catalog_seams)
   Compiling relation_seams v0.0.0 (/work/src/crates/backend/access/common/relation_seams)
   Compiling table_seams v0.0.0 (/work/src/crates/backend/access/table/table_seams)
   Compiling sync_seams v0.0.0 (/work/src/crates/backend/storage/sync/sync_seams)
   Compiling pmsignal v0.0.0 (/work/src/crates/backend/storage/ipc/pmsignal)
   Compiling table v0.1.0 (/work/src/crates/backend/access/table/table)
   Compiling slru v0.0.0 (/work/src/crates/backend/access/transam/slru)
   Compiling dbcommands_seams v0.0.0 (/work/src/crates/backend/commands/dbcommands_seams)
   Compiling multixact_seams v0.0.0 (/work/src/crates/backend/access/transam/multixact_seams)
   Compiling tableam_seams v0.0.0 (/work/src/crates/backend/access/table/tableam_seams)
   Compiling format_type v0.1.0 (/work/src/crates/backend/utils/adt/format_type)
   Compiling readfuncs v0.1.0 (/work/src/crates/backend/nodes/readfuncs)
   Compiling nbt_compare v0.1.0 (/work/src/crates/backend/access/nbtree/compare)
warning: unused import: `OptNodeList`
  --> /work/src/crates/backend/nodes/readfuncs/src/lib.rs:12:53
   |
12 | use types_nodes::list::{IntList, NodeList, OidList, OptNodeList};
   |                                                     ^^^^^^^^^^^
   |
   = note: `#[warn(unused_imports)]` (part of `#[warn(unused)]`) on by default

warning: unused import: `CoerceViaIO`
  --> /work/src/crates/backend/nodes/readfuncs/src/lib.rs:22:19
   |
22 |     CoalesceExpr, CoerceViaIO, CoercionForm, Const, FieldSelect, FieldStore, FromExpr, FuncExpr,
   |                   ^^^^^^^^^^^

   Compiling aclchk_seams v0.0.0 (/work/src/crates/backend/catalog/aclchk_seams)
   Compiling types_pathnodes v0.1.0 (/work/src/crates/_support/types/pathnodes)
   Compiling multixact v0.0.0 (/work/src/crates/backend/access/transam/multixact)
   Compiling catcache_seams v0.0.0 (/work/src/crates/backend/utils/cache/catcache_seams)
   Compiling typcache_seams v0.0.0 (/work/src/crates/backend/utils/cache/typcache_seams)
   Compiling sinval_seams v0.0.0 (/work/src/crates/backend/storage/ipc/sinval_seams)
   Compiling outfuncs v0.1.0 (/work/src/crates/backend/nodes/outfuncs)
   Compiling inval v0.1.0 (/work/src/crates/backend/utils/cache/inval)
   Compiling tupdesc v0.1.0 (/work/src/crates/backend/access/common/tupdesc)
   Compiling indexcmds_seams v0.1.0 (/work/src/crates/backend/commands/indexcmds_seams)
warning: unreachable pattern
   --> /work/src/crates/backend/nodes/outfuncs/src/lib.rs:522:9
    |
124 |         NodeTag::T_CaseExpr => {
    |         ------------------- matches all the relevant values
...
522 |         NodeTag::T_CaseExpr => {
    |         ^^^^^^^^^^^^^^^^^^^ no value can reach this
    |
    = note: `#[warn(unreachable_patterns)]` (part of `#[warn(unused)]`) on by default

warning: unreachable pattern
   --> /work/src/crates/backend/nodes/outfuncs/src/lib.rs:532:9
    |
134 |         NodeTag::T_CaseWhen => {
    |         ------------------- matches all the relevant values
...
532 |         NodeTag::T_CaseWhen => {
    |         ^^^^^^^^^^^^^^^^^^^ no value can reach this

warning: unreachable pattern
   --> /work/src/crates/backend/nodes/outfuncs/src/lib.rs:587:9
    |
150 |         NodeTag::T_WindowFunc => {
    |         --------------------- matches all the relevant values
...
587 |         NodeTag::T_WindowFunc => {
    |         ^^^^^^^^^^^^^^^^^^^^^ no value can reach this

warning: unreachable pattern
   --> /work/src/crates/backend/nodes/outfuncs/src/lib.rs:606:9
    |
194 |         NodeTag::T_SetOperationStmt => {
    |         --------------------------- matches all the relevant values
...
606 |         NodeTag::T_SetOperationStmt => {
    |         ^^^^^^^^^^^^^^^^^^^^^^^^^^^ no value can reach this

warning: unreachable pattern
   --> /work/src/crates/backend/nodes/outfuncs/src/lib.rs:727:9
    |
479 |         NodeTag::T_NotifyStmt => out_notify_stmt(
    |         --------------------- matches all the relevant values
...
727 |         NodeTag::T_NotifyStmt => {
    |         ^^^^^^^^^^^^^^^^^^^^^ no value can reach this

warning: variable does not need to be mutable
   --> /work/src/crates/_support/types/pathnodes/src/run.rs:381:13
    |
381 |         let mut add = |outer: &mut crate::Relids<'mcx>, id: i32| {
    |             ----^^^
    |             |
    |             help: remove this `mut`
    |
    = note: `#[warn(unused_mut)]` (part of `#[warn(unused)]`) on by default

warning: variable does not need to be mutable
   --> /work/src/crates/_support/types/pathnodes/src/run.rs:414:17
    |
414 |             let mut add = |outer: &mut crate::Relids<'mcx>, id: i32| {
    |                 ----^^^
    |                 |
    |                 help: remove this `mut`

   Compiling adt_scalar v0.1.0 (/work/src/crates/backend/utils/adt/scalar)
   Compiling clauses_seams v0.1.0 (/work/src/crates/backend/optimizer/util/clauses_seams)
   Compiling pg_enum_seams v0.0.0 (/work/src/crates/backend/catalog/pg_enum_seams)
   Compiling funcapi_srf v0.1.0 (/work/src/crates/backend/utils/fmgr/funcapi_srf)
   Compiling adt_float v0.1.0 (/work/src/crates/backend/utils/adt/float)
warning: unused import: `SetFunctionReturnMode`
 --> /work/src/crates/backend/utils/fmgr/funcapi_srf/src/lib.rs:4:62
  |
4 | use fmgr::{ExprDoneCond, FmgrInfo, FunctionCallInfoBaseData, SetFunctionReturnMode};
  |                                                              ^^^^^^^^^^^^^^^^^^^^^
  |
  = note: `#[warn(unused_imports)]` (part of `#[warn(unused)]`) on by default

warning: function `init_MultiFuncCall` should have a snake case name
  --> /work/src/crates/backend/utils/fmgr/funcapi_srf/src/lib.rs:44:8
   |
44 | pub fn init_MultiFuncCall<'a>(
   |        ^^^^^^^^^^^^^^^^^^ help: convert the identifier to snake case: `init_multi_func_call`
   |
   = note: `#[warn(non_snake_case)]` (part of `#[warn(nonstandard_style)]`) on by default

warning: function `per_MultiFuncCall` should have a snake case name
  --> /work/src/crates/backend/utils/fmgr/funcapi_srf/src/lib.rs:64:8
   |
64 | pub fn per_MultiFuncCall(flinfo: &mut FmgrInfo) -> &mut FuncCallContext {
   |        ^^^^^^^^^^^^^^^^^ help: convert the identifier to snake case: `per_multi_func_call`

warning: function `end_MultiFuncCall` should have a snake case name
  --> /work/src/crates/backend/utils/fmgr/funcapi_srf/src/lib.rs:70:8
   |
70 | pub fn end_MultiFuncCall(flinfo: &mut FmgrInfo) {
   |        ^^^^^^^^^^^^^^^^^ help: convert the identifier to snake case: `end_multi_func_call`

warning: `funcapi_srf` (lib) generated 4 warnings (run `cargo fix --lib -p funcapi_srf` to apply 1 suggestion)
   Compiling lsyscache v0.1.0 (/work/src/crates/backend/utils/cache/lsyscache)
warning: `types_nodes` (lib) generated 6 warnings
   Compiling queryenvironment v0.1.0 (/work/src/crates/backend/utils/misc/queryenvironment)
   Compiling nodes_core v0.1.0 (/work/src/crates/backend/nodes/nodes_core)
   Compiling regex v0.0.0 (/work/src/crates/_support/types/regex)
   Compiling resowner_seams v0.0.0 (/work/src/crates/backend/utils/resowner/resowner_seams)
warning: unreachable pattern
  --> /work/src/crates/backend/nodes/nodes_core/src/node_funcs.rs:47:9
   |
30 |         NodeTag::T_CollateExpr => expr_type(node.as_collate_expr().unwrap().arg),
   |         ---------------------- matches all the relevant values
...
47 |         NodeTag::T_CollateExpr => expr_type(node.as_collate_expr().unwrap().arg),
   |         ^^^^^^^^^^^^^^^^^^^^^^ no value can reach this
   |
   = note: `#[warn(unreachable_patterns)]` (part of `#[warn(unused)]`) on by default

warning: unreachable pattern
   --> /work/src/crates/backend/nodes/nodes_core/src/node_funcs.rs:194:9
    |
163 |         NodeTag::T_CollateExpr => expr_typmod(node.as_collate_expr().unwrap().arg),
    |         ---------------------- matches all the relevant values
...
194 |         NodeTag::T_CollateExpr => expr_typmod(node.as_collate_expr().unwrap().arg),
    |         ^^^^^^^^^^^^^^^^^^^^^^ no value can reach this

warning: unreachable pattern
   --> /work/src/crates/backend/nodes/nodes_core/src/node_funcs.rs:296:9
    |
279 |         NodeTag::T_CollateExpr => node.as_collate_expr().unwrap().collOid,
    |         ---------------------- matches all the relevant values
...
296 |         NodeTag::T_CollateExpr => node.as_collate_expr().unwrap().collOid,
    |         ^^^^^^^^^^^^^^^^^^^^^^ no value can reach this

warning: unreachable pattern
   --> /work/src/crates/backend/nodes/nodes_core/src/node_funcs.rs:476:9
    |
424 |         NodeTag::T_CollateExpr => expr_location(node.as_collate_expr().unwrap().arg),
    |         ---------------------- matches all the relevant values
...
476 |         NodeTag::T_CollateExpr => expr_location(node.as_collate_expr().unwrap().arg),
    |         ^^^^^^^^^^^^^^^^^^^^^^ no value can reach this

   Compiling toast_internals_seams v0.1.0 (/work/src/crates/backend/access/common/toast_internals_seams)
   Compiling detoast v0.1.0 (/work/src/crates/backend/access/common/detoast)
   Compiling regex_core_seams v0.0.0 (/work/src/crates/backend/regex/regex_core_seams)
warning: `outfuncs` (lib) generated 5 warnings
   Compiling tablespace_seams v0.0.0 (/work/src/crates/backend/commands/tablespace_seams)
   Compiling regexp_seams v0.0.0 (/work/src/crates/backend/utils/adt/regexp_seams)
   Compiling unicode_norm v0.1.0 (/work/src/crates/common/unicode_norm)
   Compiling typcache v0.1.0 (/work/src/crates/backend/utils/cache/typcache)
warning: unused import: `MemoryContext`
  --> /work/src/crates/backend/utils/cache/typcache/src/lib.rs:19:16
   |
19 | use mcx::{Mcx, MemoryContext, PgHashMap, PgVec};
   |                ^^^^^^^^^^^^^
   |
   = note: `#[warn(unused_imports)]` (part of `#[warn(unused)]`) on by default

   Compiling pg_locale_seams v0.1.0 (/work/src/crates/backend/utils/adt/pg_locale_seams)
   Compiling fd v0.0.0 (/work/src/crates/backend/storage/file/fd)
   Compiling latch_seams v0.0.0 (/work/src/crates/backend/storage/ipc/latch_seams)
warning: `elog` (lib) generated 1 warning (run `cargo fix --lib -p elog` to apply 1 suggestion)
   Compiling procsignal_seams v0.0.0 (/work/src/crates/backend/storage/ipc/procsignal_seams)
   Compiling lock_seams v0.0.0 (/work/src/crates/backend/storage/lmgr/lock_seams)
   Compiling arrayfuncs v0.1.0 (/work/src/crates/backend/utils/adt/arrayfuncs)
   Compiling latch v0.0.0 (/work/src/crates/backend/storage/ipc/latch)
   Compiling deadlock_seams v0.0.0 (/work/src/crates/backend/storage/lmgr/deadlock_seams)
   Compiling lmgr_proc v0.0.0 (/work/src/crates/backend/storage/lmgr/lmgr_proc)
   Compiling heaptuple v0.1.0 (/work/src/crates/backend/access/common/heaptuple)
warning: value assigned to `addedafter` is never read
   --> /work/src/crates/backend/utils/adt/arrayfuncs/src/element.rs:545:26
    |
545 |     let mut addedafter = 0i32;
    |                          ^^^^ this value is reassigned later and never used
...
578 |             addedafter = aa;
    |             --------------- `addedafter` is overwritten here before the previous value is read
    |
    = note: `#[warn(unused_assignments)]` (part of `#[warn(unused)]`) on by default

warning: unnecessary `unsafe` block
   --> /work/src/crates/backend/utils/adt/arrayfuncs/src/expanded.rs:144:55
    |
141 |     unsafe {
    |     ------ because it's nested under this `unsafe` block
...
144 |         parentcontext.register_reset_callback(move || unsafe { drop(Box::from_raw(p)) });
    |                                                       ^^^^^^ unnecessary `unsafe` block
    |
    = note: `#[warn(unused_unsafe)]` (part of `#[warn(unused)]`) on by default

warning: unnecessary `unsafe` block
   --> /work/src/crates/backend/utils/adt/arrayfuncs/src/expanded.rs:252:15
    |
252 |         cur + unsafe { varsize_any(value.as_usize() as *const u8) }
    |               ^^^^^^ unnecessary `unsafe` block

warning: unnecessary `unsafe` block
   --> /work/src/crates/backend/utils/adt/arrayfuncs/src/io.rs:572:15
    |
572 |         -1 => unsafe { varsize_any(p) },
    |               ^^^^^^ unnecessary `unsafe` block

   Compiling exectuples v0.1.0 (/work/src/crates/backend/executor/exectuples)
warning: constant `HASH_RECORD_OID` is never used
   --> /work/src/crates/backend/utils/adt/arrayfuncs/src/builtins.rs:514:7
    |
514 | const HASH_RECORD_OID: Oid = 6192;
    |       ^^^^^^^^^^^^^^^
    |
    = note: `#[warn(dead_code)]` (part of `#[warn(unused)]`) on by default

warning: constant `HASH_RECORD_EXTENDED_OID` is never used
   --> /work/src/crates/backend/utils/adt/arrayfuncs/src/builtins.rs:515:7
    |
515 | const HASH_RECORD_EXTENDED_OID: Oid = 6193;
    |       ^^^^^^^^^^^^^^^^^^^^^^^^

   Compiling dfmgr v0.1.0 (/work/src/crates/backend/utils/fmgr/dfmgr)
   Compiling adt_numeric v0.1.0 (/work/src/crates/backend/utils/adt/numeric)
warning: `types_pathnodes` (lib) generated 2 warnings (run `cargo fix --lib -p types_pathnodes` to apply 2 suggestions)
   Compiling adt_varbit v0.1.0 (/work/src/crates/backend/utils/adt/varbit)
   Compiling waiteventset v0.0.0 (/work/src/crates/backend/storage/ipc/waiteventset)
   Compiling tuplestore_hold_seams v0.0.0 (/work/src/crates/backend/utils/sort/tuplestore_hold_seams)
   Compiling tuplestore v0.1.0 (/work/src/crates/backend/utils/sort/tuplestore)
   Compiling miscinit v0.0.0 (/work/src/crates/backend/utils/init/miscinit)
warning: field `0` is never read
  --> /work/src/crates/backend/utils/adt/numeric/src/sortsupport.rs:21:17
   |
21 | struct AlignBuf([u8; 128]);
   |        -------- ^^^^^^^^^
   |        |
   |        field in this struct
   |
   = help: consider removing this field
   = note: `#[warn(dead_code)]` (part of `#[warn(unused)]`) on by default

   Compiling predicate_seams v0.0.0 (/work/src/crates/backend/storage/lmgr/predicate_seams)
warning: `readfuncs` (lib) generated 2 warnings (run `cargo fix --lib -p readfuncs` to apply 2 suggestions)
   Compiling resowner_portal_seams v0.0.0 (/work/src/crates/backend/utils/resowner/resowner_portal_seams)
   Compiling dsm_core v0.0.0 (/work/src/crates/backend/storage/ipc/dsm_core)
   Compiling parser_small1 v0.0.0 (/work/src/crates/backend/parser/parser_small1)
   Compiling resowner v0.1.0 (/work/src/crates/backend/utils/resowner/resowner)
warning: function `unported` is never used
   --> /work/src/crates/backend/utils/resowner/resowner/src/lib.rs:322:4
    |
322 | fn unported(what: &str) -> ! {
    |    ^^^^^^^^
    |
    = note: `#[warn(dead_code)]` (part of `#[warn(unused)]`) on by default

   Compiling ipc v0.1.0 (/work/src/crates/backend/storage/ipc/ipc)
warning: `nodes_core` (lib) generated 4 warnings
   Compiling pgtz v0.1.0 (/work/src/crates/backend/timezone/pgtz)
   Compiling condition_variable v0.0.0 (/work/src/crates/backend/storage/lmgr/condition_variable)
   Compiling dynahash v0.1.0 (/work/src/crates/backend/utils/hash/dynahash)
   Compiling interrupt v0.0.0 (/work/src/crates/backend/postmaster/interrupt)
   Compiling pgstat v0.0.0 (/work/src/crates/backend/utils/activity/pgstat)
   Compiling lmgr_seams v0.0.0 (/work/src/crates/backend/storage/lmgr/lmgr_seams)
warning: unused import: `Write`
  --> /work/src/crates/backend/utils/activity/pgstat/src/file.rs:11:21
   |
11 | use std::io::{Read, Write};
   |                     ^^^^^
   |
   = note: `#[warn(unused_imports)]` (part of `#[warn(unused)]`) on by default

   Compiling guc_file v0.0.0 (/work/src/crates/backend/utils/misc/guc_file)
   Compiling standby_seams v0.0.0 (/work/src/crates/backend/storage/ipc/standby_seams)
   Compiling lock v0.0.0 (/work/src/crates/backend/storage/lmgr/lock)
   Compiling guc v0.0.0 (/work/src/crates/backend/utils/misc/guc)
warning: unused import: `Read`
  --> /work/src/crates/backend/utils/activity/pgstat/src/file.rs:11:15
   |
11 | use std::io::{Read, Write};
   |               ^^^^

   Compiling timeline_seams v0.0.0 (/work/src/crates/backend/access/transam/timeline_seams)
   Compiling xlogutils v0.0.0 (/work/src/crates/backend/access/transam/xlogutils)
warning: `resowner` (lib) generated 1 warning
   Compiling catalog_storage_seams v0.0.0 (/work/src/crates/backend/catalog/storage_seams)
   Compiling repl_scanner v0.0.0 (/work/src/crates/backend/replication/repl_scanner)
   Compiling lmgr v0.0.0 (/work/src/crates/backend/storage/lmgr/lmgr)
   Compiling varlena v0.1.0 (/work/src/crates/backend/utils/adt/varlena)
   Compiling checkpointer_seams v0.0.0 (/work/src/crates/backend/postmaster/checkpointer_seams)
warning: unused import: `core::cmp::Ordering`
  --> /work/src/crates/backend/utils/adt/varlena/src/lib.rs:23:5
   |
23 | use core::cmp::Ordering;
   |     ^^^^^^^^^^^^^^^^^^^
   |
   = note: `#[warn(unused_imports)]` (part of `#[warn(unused)]`) on by default

   Compiling repl_gram v0.0.0 (/work/src/crates/backend/replication/repl_gram)
   Compiling shm_mq v0.0.0 (/work/src/crates/backend/storage/ipc/shm_mq)
warning: variant `REPLICATION_KIND_PHYSICAL` should have an upper camel case name
  --> /work/src/crates/backend/replication/repl_gram/src/lib.rs:25:5
   |
25 |     REPLICATION_KIND_PHYSICAL,
   |     ^^^^^^^^^^^^^^^^^^^^^^^^^ help: convert the identifier to upper camel case: `ReplicationKindPhysical`
   |
   = note: `#[warn(non_camel_case_types)]` (part of `#[warn(nonstandard_style)]`) on by default

warning: variant `REPLICATION_KIND_LOGICAL` should have an upper camel case name
  --> /work/src/crates/backend/replication/repl_gram/src/lib.rs:26:5
   |
26 |     REPLICATION_KIND_LOGICAL,
   |     ^^^^^^^^^^^^^^^^^^^^^^^^ help: convert the identifier to upper camel case: `ReplicationKindLogical`

   Compiling walsender_seams v0.0.0 (/work/src/crates/backend/replication/walsender_seams)
   Compiling pquery_seams v0.1.0 (/work/src/crates/backend/tcop/pquery_seams)
   Compiling funcapi v0.1.0 (/work/src/crates/backend/utils/fmgr/funcapi)
warning: `typcache` (lib) generated 1 warning (run `cargo fix --lib -p typcache` to apply 1 suggestion)
   Compiling printtup v0.1.0 (/work/src/crates/backend/access/common/printtup)
   Compiling shmem v0.0.0 (/work/src/crates/backend/storage/ipc/shmem)
warning: `repl_gram` (lib) generated 2 warnings
   Compiling tqueue v0.0.0 (/work/src/crates/backend/executor/tqueue)
   Compiling tstore_receiver v0.1.0 (/work/src/crates/backend/executor/tstore_receiver)
   Compiling matview_seams v0.0.0 (/work/src/crates/backend/commands/matview_seams)
warning: function `tqueue_create_DR` should have a snake case name
   --> /work/src/crates/backend/executor/tqueue/src/lib.rs:152:8
    |
152 | pub fn tqueue_create_DR(queue: ShmMqHandle) -> DrTqueue {
    |        ^^^^^^^^^^^^^^^^ help: convert the identifier to snake case: `tqueue_create_dr`
    |
    = note: `#[warn(non_snake_case)]` (part of `#[warn(nonstandard_style)]`) on by default

warning: function `tqueue_create_DR_batched` should have a snake case name
   --> /work/src/crates/backend/executor/tqueue/src/lib.rs:164:8
    |
164 | pub fn tqueue_create_DR_batched(queue: ShmMqHandle, ledger: Arc<ChunkLedger>) -> DrTqueue {
    |        ^^^^^^^^^^^^^^^^^^^^^^^^ help: convert the identifier to snake case: `tqueue_create_dr_batched`

   Compiling aio_core v0.0.0 (/work/src/crates/backend/storage/aio/aio_core)
   Compiling createas_seams v0.0.0 (/work/src/crates/backend/commands/createas_seams)
   Compiling sql_functions_seams v0.0.0 (/work/src/crates/backend/executor/sql_functions_seams)
   Compiling cmdtag v0.1.0 (/work/src/crates/backend/tcop/cmdtag)
   Compiling bufmgr v0.0.0 (/work/src/crates/backend/storage/buffer/bufmgr)
   Compiling md v0.0.0 (/work/src/crates/backend/storage/smgr/md)
warning: `tqueue` (lib) generated 2 warnings
   Compiling copy_seams v0.0.0 (/work/src/crates/backend/commands/copy_seams)
warning: unused macro definition: `unported`
   --> /work/src/crates/backend/storage/buffer/bufmgr/src/lib.rs:277:14
    |
277 | macro_rules! unported {
    |              ^^^^^^^^
    |
    = note: `#[warn(unused_macros)]` (part of `#[warn(unused)]`) on by default

   Compiling spi_seams v0.0.0 (/work/src/crates/backend/executor/spi_seams)
   Compiling waitevent v0.0.0 (/work/src/crates/backend/utils/activity/waitevent)
   Compiling procsignal v0.0.0 (/work/src/crates/backend/storage/ipc/procsignal)
   Compiling clog v0.0.0 (/work/src/crates/backend/access/transam/clog)
warning: function `WaitEventCustomShmemSize` should have a snake case name
  --> /work/src/crates/backend/utils/activity/waitevent/src/custom.rs:92:8
   |
92 | pub fn WaitEventCustomShmemSize() -> usize {
   |        ^^^^^^^^^^^^^^^^^^^^^^^^ help: convert the identifier to snake case: `wait_event_custom_shmem_size`
   |
   = note: `#[warn(non_snake_case)]` (part of `#[warn(nonstandard_style)]`) on by default

warning: function `WaitEventCustomShmemInit` should have a snake case name
   --> /work/src/crates/backend/utils/activity/waitevent/src/custom.rs:100:8
    |
100 | pub fn WaitEventCustomShmemInit() -> PgResult<()> {
    |        ^^^^^^^^^^^^^^^^^^^^^^^^ help: convert the identifier to snake case: `wait_event_custom_shmem_init`

warning: function `WaitEventCustomShmemResetAfterCrash` should have a snake case name
   --> /work/src/crates/backend/utils/activity/waitevent/src/custom.rs:138:8
    |
138 | pub fn WaitEventCustomShmemResetAfterCrash() {
    |        ^^^^^^^^^^^^^^^^^^^^^^^^^^^^^^^^^^^ help: convert the identifier to snake case: `wait_event_custom_shmem_reset_after_crash`

warning: function `WaitEventExtensionNew` should have a snake case name
   --> /work/src/crates/backend/utils/activity/waitevent/src/custom.rs:150:8
    |
150 | pub fn WaitEventExtensionNew(wait_event_name: &str) -> PgResult<u32> {
    |        ^^^^^^^^^^^^^^^^^^^^^ help: convert the identifier to snake case: `wait_event_extension_new`

warning: function `WaitEventInjectionPointNew` should have a snake case name
   --> /work/src/crates/backend/utils/activity/waitevent/src/custom.rs:154:8
    |
154 | pub fn WaitEventInjectionPointNew(wait_event_name: &str) -> PgResult<u32> {
    |        ^^^^^^^^^^^^^^^^^^^^^^^^^^ help: convert the identifier to snake case: `wait_event_injection_point_new`

warning: function `WaitEventCustomNew` should have a snake case name
   --> /work/src/crates/backend/utils/activity/waitevent/src/custom.rs:173:8
    |
173 | pub fn WaitEventCustomNew(class_id: u32, wait_event_name: &str) -> PgResult<u32> {
    |        ^^^^^^^^^^^^^^^^^^ help: convert the identifier to snake case: `wait_event_custom_new`

warning: function `GetWaitEventCustomIdentifier` should have a snake case name
   --> /work/src/crates/backend/utils/activity/waitevent/src/custom.rs:246:8
    |
246 | pub fn GetWaitEventCustomIdentifier(wait_event_info: u32) -> &'static str {
    |        ^^^^^^^^^^^^^^^^^^^^^^^^^^^^ help: convert the identifier to snake case: `get_wait_event_custom_identifier`

warning: function `GetWaitEventCustomNames` should have a snake case name
   --> /work/src/crates/backend/utils/activity/waitevent/src/custom.rs:278:8
    |
278 | pub fn GetWaitEventCustomNames(class_id: u32) -> Vec<String> {
    |        ^^^^^^^^^^^^^^^^^^^^^^^ help: convert the identifier to snake case: `get_wait_event_custom_names`

warning: method `io_wref_armed` is never used
  --> /work/src/crates/backend/storage/buffer/bufmgr/src/buf_hdr.rs:85:19
   |
33 | impl BufferDesc {
   | --------------- method in this implementation
...
85 |     pub(crate) fn io_wref_armed(&self) -> bool {
   |                   ^^^^^^^^^^^^^
   |
   = note: `#[warn(dead_code)]` (part of `#[warn(unused)]`) on by default

warning: function `buffer_pool_initialized` is never used
   --> /work/src/crates/backend/storage/buffer/bufmgr/src/buf_hdr.rs:155:8
    |
155 | pub fn buffer_pool_initialized() -> bool {
    |        ^^^^^^^^^^^^^^^^^^^^^^^

   Compiling smgr v0.0.0 (/work/src/crates/backend/storage/smgr/smgr)
   Compiling portalcmds_seams v0.0.0 (/work/src/crates/backend/commands/portalcmds_seams)
   Compiling plancache_portal_seams v0.0.0 (/work/src/crates/backend/utils/cache/plancache_portal_seams)
   Compiling snapmgr_portal_seams v0.0.0 (/work/src/crates/backend/utils/time/snapmgr_portal_seams)
   Compiling instrument v0.1.0 (/work/src/crates/backend/executor/instrument)
   Compiling sinval v0.0.0 (/work/src/crates/backend/storage/ipc/sinval)
warning: `waitevent` (lib) generated 8 warnings
   Compiling explain_dr v0.1.0 (/work/src/crates/backend/commands/explain_dr)
   Compiling varsup v0.0.0 (/work/src/crates/backend/access/transam/varsup)
   Compiling relmapper v0.0.0 (/work/src/crates/backend/utils/cache/relmapper)
   Compiling tcop_dest v0.1.0 (/work/src/crates/backend/tcop/dest)
warning: unreachable pattern
  --> /work/src/crates/backend/tcop/dest/src/lib.rs:59:13
   |
59 |             other => other.unported("receiveSlot"),
   |             ^^^^^ no value can reach this
   |
note: multiple earlier patterns match some of the same values
  --> /work/src/crates/backend/tcop/dest/src/lib.rs:59:13
   |
43 |             DestReceiver::DoNothing => Ok(true),
   |             ----------------------- matches some of the same values
44 |             DestReceiver::DebugTup(dr) => dr.receive_slot(slot),
   |             -------------------------- matches some of the same values
45 |             DestReceiver::PrintTup(dr) => dr.receive_slot(slot),
   |             -------------------------- matches some of the same values
46 |             DestReceiver::PrintSimple(dr) => dr.receive_slot(slot),
   |             ----------------------------- matches some of the same values
...
59 |             other => other.unported("receiveSlot"),
   |             ^^^^^ ...and 8 other patterns collectively make this unreachable
   = note: `#[warn(unreachable_patterns)]` (part of `#[warn(unused)]`) on by default

warning: unreachable pattern
  --> /work/src/crates/backend/tcop/dest/src/lib.rs:84:13
   |
84 |             other => other.unported("rStartup"),
   |             ^^^^^ no value can reach this
   |
note: multiple earlier patterns match some of the same values
  --> /work/src/crates/backend/tcop/dest/src/lib.rs:84:13
   |
65 |             DestReceiver::DoNothing => Ok(()),
   |             ----------------------- matches some of the same values
66 |             DestReceiver::DebugTup(dr) => dr.startup(operation, typeinfo),
   |             -------------------------- matches some of the same values
67 |             DestReceiver::PrintTup(dr) => dr.startup(operation, typeinfo),
   |             -------------------------- matches some of the same values
68 |             DestReceiver::PrintSimple(dr) => dr.startup(operation, typeinfo),
   |             ----------------------------- matches some of the same values
...
84 |             other => other.unported("rStartup"),
   |             ^^^^^ ...and 8 other patterns collectively make this unreachable

   Compiling execmain_seams v0.1.0 (/work/src/crates/backend/executor/execmain_seams)
   Compiling timeout v0.0.0 (/work/src/crates/backend/utils/misc/timeout)
   Compiling catalog_index_seams v0.0.0 (/work/src/crates/backend/catalog/catalog_index_seams)
   Compiling origin_seams v0.0.0 (/work/src/crates/backend/replication/origin_seams)
warning: `arrayfuncs` (lib) generated 6 warnings
   Compiling combocid_seams v0.0.0 (/work/src/crates/backend/utils/time/combocid_seams)
   Compiling portalmem v0.1.0 (/work/src/crates/backend/utils/mmgr/portalmem)
warning: `tcop_dest` (lib) generated 2 warnings
   Compiling tablecmds_seams v0.0.0 (/work/src/crates/backend/commands/tablecmds_seams)
   Compiling adt_datetime v0.1.0 (/work/src/crates/backend/utils/adt/adt_datetime)
   Compiling pg_database_seams v0.0.0 (/work/src/crates/backend/catalog/pg_database_seams)
   Compiling injection_point v0.0.0 (/work/src/crates/backend/utils/misc/injection_point)
warning: unexpected `cfg` condition name: `loom`
  --> /work/src/crates/backend/utils/misc/injection_point/src/lib.rs:51:1
   |
51 | / pgsync::process_global! {
52 | |     static REGISTRY: Mutex<Vec<(String, Action)>> = Mutex::new(Vec::new());
53 | | }
   | |_^
   |
   = help: expected names are: `docsrs`, `feature`, and `test` and 33 more
   = note: using a cfg inside a macro will use the cfgs from the destination crate and not the ones from the defining crate
   = help: try referring to `$crate::__process_global_one` crate for guidance on how handle this unexpected cfg
   = note: see <https://doc.rust-lang.org/nightly/rustc/check-cfg/cargo-specifics.html> for more information about checking conditional configuration
   = note: `#[warn(unexpected_cfgs)]` on by default
   = note: this warning originates in the macro `$crate::__process_global_one` which comes from the expansion of the macro `pgsync::process_global` (in Nightly builds, run with -Z macro-backtrace for more info)

warning: unexpected `cfg` condition name: `loom`
  --> /work/src/crates/backend/utils/misc/injection_point/src/lib.rs:51:1
   |
51 | / pgsync::process_global! {
52 | |     static REGISTRY: Mutex<Vec<(String, Action)>> = Mutex::new(Vec::new());
53 | | }
   | |_^
   |
   = note: using a cfg inside a macro will use the cfgs from the destination crate and not the ones from the defining crate
   = help: try referring to `$crate::__process_global_one` crate for guidance on how handle this unexpected cfg
   = note: see <https://doc.rust-lang.org/nightly/rustc/check-cfg/cargo-specifics.html> for more information about checking conditional configuration
   = note: this warning originates in the macro `$crate::__process_global_one` which comes from the expansion of the macro `pgsync::process_global` (in Nightly builds, run with -Z macro-backtrace for more info)

warning: unexpected `cfg` condition name: `loom`
  --> /work/src/crates/backend/utils/misc/injection_point/src/lib.rs:65:1
   |
65 | / pgsync::process_global! {
66 | |     static WAIT_SLOTS: Mutex<[WaitSlot; INJ_MAX_WAIT]> =
67 | |         Mutex::new([const { WaitSlot { name: String::new(), wait_count: 0 } }; INJ_MAX_WAIT]);
68 | | }
   | |_^
   |
   = note: using a cfg inside a macro will use the cfgs from the destination crate and not the ones from the defining crate
   = help: try referring to `$crate::__process_global_one` crate for guidance on how handle this unexpected cfg
   = note: see <https://doc.rust-lang.org/nightly/rustc/check-cfg/cargo-specifics.html> for more information about checking conditional configuration
   = note: this warning originates in the macro `$crate::__process_global_one` which comes from the expansion of the macro `pgsync::process_global` (in Nightly builds, run with -Z macro-backtrace for more info)

   Compiling pg_locale v0.0.0 (/work/src/crates/backend/utils/adt/pg_locale)
   Compiling xlogbackup v0.0.0 (/work/src/crates/backend/access/transam/xlogbackup)
warning: `adt_numeric` (lib) generated 1 warning
   Compiling xact v0.1.0 (/work/src/crates/backend/access/transam/xact)
   Compiling controldata_utils v0.0.0 (/work/src/crates/common/controldata_utils)
   Compiling stack_depth v0.0.0 (/work/src/crates/backend/utils/misc/stack_depth)
   Compiling locale v0.0.0 (/work/src/crates/_support/types/locale)
   Compiling adt_int8 v0.1.0 (/work/src/crates/backend/utils/adt/int8)
warning: `injection_point` (lib) generated 8 warnings (5 duplicates)
   Compiling openssl-macros v0.1.1
   Compiling adt_oracle_compat v0.1.0 (/work/src/crates/backend/utils/adt/oracle_compat)
   Compiling regex_core v0.0.0 (/work/src/crates/backend/regex/regex_core)
   Compiling ts_locale v0.1.0 (/work/src/crates/backend/tsearch/ts_locale)
   Compiling procarray v0.0.0 (/work/src/crates/backend/storage/ipc/procarray)
   Compiling adt_timestamp v0.1.0 (/work/src/crates/backend/utils/adt/adt_timestamp)
warning: value assigned to `ss` is never read
   --> /work/src/crates/backend/regex/regex_core/src/regex_exec.rs:973:33
    |
973 |     let mut ss: Option<usize> = Some(css);
    |                                 ^^^^^^^^^ this value is reassigned later and never used
...
985 |                 ss = Some(ncss);
    |                 --------------- `ss` is overwritten here before the previous value is read
    |
    = note: `#[warn(unused_assignments)]` (part of `#[warn(unused)]`) on by default

warning: `pgstat` (lib) generated 2 warnings (run `cargo fix --lib -p pgstat` to apply 1 suggestion)
   Compiling adt_cash v0.1.0 (/work/src/crates/backend/utils/adt/cash)
warning: `varlena` (lib) generated 1 warning (run `cargo fix --lib -p varlena` to apply 1 suggestion)
   Compiling transam_xlog v0.0.0 (/work/src/crates/backend/access/transam/transam_xlog)
   Compiling adt_date v0.1.0 (/work/src/crates/backend/utils/adt/adt_date)
   Compiling subtrans v0.0.0 (/work/src/crates/backend/access/transam/subtrans)
   Compiling snapmgr v0.0.0 (/work/src/crates/backend/utils/time/snapmgr)
   Compiling transam v0.0.0 (/work/src/crates/backend/access/transam/transam)
   Compiling adt_tsvector_core v0.1.0 (/work/src/crates/backend/utils/adt/tsvector_core)
   Compiling slot v0.0.0 (/work/src/crates/backend/replication/slot)
   Compiling xloginsert v0.0.0 (/work/src/crates/backend/access/transam/xloginsert)
   Compiling parse_utilcmd_seams v0.1.0 (/work/src/crates/backend/parser/parse_utilcmd_seams)
   Compiling be_secure_common v0.0.0 (/work/src/crates/backend/libpq/be_secure_common)
   Compiling pqcomm v0.0.0 (/work/src/crates/backend/libpq/pqcomm)
   Compiling tidbitmap v0.1.0 (/work/src/crates/backend/nodes/tidbitmap)
   Compiling regproc_seams v0.0.0 (/work/src/crates/backend/utils/adt/regproc_seams)
   Compiling formatting_seams v0.1.0 (/work/src/crates/backend/utils/adt/formatting_seams)
   Compiling adt_formatting v0.1.0 (/work/src/crates/backend/utils/adt/formatting)
   Compiling adt_regproc v0.1.0 (/work/src/crates/backend/utils/adt/regproc)
   Compiling gin_vocab v0.1.0 (/work/src/crates/backend/access/gin/gin_vocab)
   Compiling adt_json v0.1.0 (/work/src/crates/backend/utils/adt/json)
warning: constant in pattern `InvalidOid` should have an upper case name
   --> /work/src/crates/backend/utils/adt/regproc/src/lib.rs:305:13
    |
305 |             InvalidOid => return Ok((raw, Vec::new())),
    |             ^^^^^^^^^^ help: convert the identifier to upper case: `INVALID_OID`
    |
    = note: `#[warn(non_upper_case_globals)]` (part of `#[warn(nonstandard_style)]`) on by default

   Compiling ps_status v0.1.0 (/work/src/crates/backend/utils/misc/ps_status)
   Compiling adt_jsonpath v0.1.0 (/work/src/crates/backend/utils/adt/jsonpath)
   Compiling standby v0.0.0 (/work/src/crates/backend/storage/ipc/standby)
warning: value assigned to `chld` is never read
   --> /work/src/crates/backend/utils/adt/jsonpath/src/path.rs:191:25
    |
191 |     let mut chld: i32 = 0;
    |                         ^ this value is reassigned later and never used
...
243 |                 None => chld = pos,
    |                         ---------- `chld` is overwritten here before the previous value is read
    |
    = note: `#[warn(unused_assignments)]` (part of `#[warn(unused)]`) on by default

   Compiling ts_cache v0.1.0 (/work/src/crates/backend/utils/cache/ts_cache)
warning: unused import: `vec_with_capacity_in`
  --> /work/src/crates/backend/utils/cache/ts_cache/src/lib.rs:15:11
   |
15 | use mcx::{vec_with_capacity_in, Mcx, MemoryContext, PgHashMap, PgVec};
   |           ^^^^^^^^^^^^^^^^^^^^
   |
   = note: `#[warn(unused_imports)]` (part of `#[warn(unused)]`) on by default

warning: `bufmgr` (lib) generated 3 warnings
   Compiling freespace_seams v0.1.0 (/work/src/crates/backend/storage/freespace/freespace_seams)
   Compiling freespace v0.1.0 (/work/src/crates/backend/storage/freespace/freespace)
   Compiling adt_jsonb v0.1.0 (/work/src/crates/backend/utils/adt/jsonb)
warning: function `relation_needs_wal` is never used
   --> /work/src/crates/backend/storage/freespace/freespace/src/lib.rs:557:4
    |
557 | fn relation_needs_wal(rel: &RelationData<'_>) -> bool {
    |    ^^^^^^^^^^^^^^^^^^
    |
    = note: `#[warn(dead_code)]` (part of `#[warn(unused)]`) on by default

warning: function `xlog_hint_bit_is_needed` is never used
   --> /work/src/crates/backend/storage/freespace/freespace/src/lib.rs:567:4
    |
567 | fn xlog_hint_bit_is_needed() -> bool {
    |    ^^^^^^^^^^^^^^^^^^^^^^^

warning: function `unported` is never used
   --> /work/src/crates/backend/storage/freespace/freespace/src/lib.rs:573:4
    |
573 | fn unported(unit: &'static str) -> ! {
    |    ^^^^^^^^

   Compiling ts_parse v0.1.0 (/work/src/crates/backend/tsearch/ts_parse)
warning: `freespace` (lib) generated 3 warnings
   Compiling predicate v0.0.0 (/work/src/crates/backend/storage/lmgr/predicate)
warning: `adt_regproc` (lib) generated 1 warning
   Compiling bufmask v0.1.0 (/work/src/crates/backend/access/common/bufmask)
   Compiling adt_tsquery_core v0.1.0 (/work/src/crates/backend/utils/adt/tsquery_core)
warning: constant `JsonbContainsStrategyNumber` should have an upper case name
  --> /work/src/crates/backend/utils/adt/jsonb/src/gin.rs:15:11
   |
15 | pub const JsonbContainsStrategyNumber: u16 = 7;
   |           ^^^^^^^^^^^^^^^^^^^^^^^^^^^ help: convert the identifier to upper case: `JSONB_CONTAINS_STRATEGY_NUMBER`
   |
   = note: `#[warn(non_upper_case_globals)]` (part of `#[warn(nonstandard_style)]`) on by default

warning: constant `JsonbExistsStrategyNumber` should have an upper case name
  --> /work/src/crates/backend/utils/adt/jsonb/src/gin.rs:16:11
   |
16 | pub const JsonbExistsStrategyNumber: u16 = 9;
   |           ^^^^^^^^^^^^^^^^^^^^^^^^^ help: convert the identifier to upper case: `JSONB_EXISTS_STRATEGY_NUMBER`

warning: constant `JsonbExistsAnyStrategyNumber` should have an upper case name
  --> /work/src/crates/backend/utils/adt/jsonb/src/gin.rs:17:11
   |
17 | pub const JsonbExistsAnyStrategyNumber: u16 = 10;
   |           ^^^^^^^^^^^^^^^^^^^^^^^^^^^^ help: convert the identifier to upper case: `JSONB_EXISTS_ANY_STRATEGY_NUMBER`

warning: constant `JsonbExistsAllStrategyNumber` should have an upper case name
  --> /work/src/crates/backend/utils/adt/jsonb/src/gin.rs:18:11
   |
18 | pub const JsonbExistsAllStrategyNumber: u16 = 11;
   |           ^^^^^^^^^^^^^^^^^^^^^^^^^^^^ help: convert the identifier to upper case: `JSONB_EXISTS_ALL_STRATEGY_NUMBER`

warning: constant `JsonbJsonpathExistsStrategyNumber` should have an upper case name
  --> /work/src/crates/backend/utils/adt/jsonb/src/gin.rs:19:11
   |
19 | pub const JsonbJsonpathExistsStrategyNumber: u16 = 15;
   |           ^^^^^^^^^^^^^^^^^^^^^^^^^^^^^^^^^ help: convert the identifier to upper case: `JSONB_JSONPATH_EXISTS_STRATEGY_NUMBER`

warning: constant `JsonbJsonpathPredicateStrategyNumber` should have an upper case name
  --> /work/src/crates/backend/utils/adt/jsonb/src/gin.rs:20:11
   |
20 | pub const JsonbJsonpathPredicateStrategyNumber: u16 = 16;
   |           ^^^^^^^^^^^^^^^^^^^^^^^^^^^^^^^^^^^^ help: convert the identifier to upper case: `JSONB_JSONPATH_PREDICATE_STRATEGY_NUMBER`

warning: constant in pattern `JsonbContainsStrategyNumber` should have an upper case name
   --> /work/src/crates/backend/utils/adt/jsonb/src/gin.rs:598:9
    |
598 |         JsonbContainsStrategyNumber => {
    |         ^^^^^^^^^^^^^^^^^^^^^^^^^^^ help: convert the identifier to upper case: `JSONB_CONTAINS_STRATEGY_NUMBER`

warning: constant in pattern `JsonbExistsStrategyNumber` should have an upper case name
   --> /work/src/crates/backend/utils/adt/jsonb/src/gin.rs:605:9
    |
605 |         JsonbExistsStrategyNumber => {
    |         ^^^^^^^^^^^^^^^^^^^^^^^^^ help: convert the identifier to upper case: `JSONB_EXISTS_STRATEGY_NUMBER`

warning: constant in pattern `JsonbExistsAnyStrategyNumber` should have an upper case name
   --> /work/src/crates/backend/utils/adt/jsonb/src/gin.rs:610:9
    |
610 |         JsonbExistsAnyStrategyNumber => extract_text_array_keys(mcx, query_image)?,
    |         ^^^^^^^^^^^^^^^^^^^^^^^^^^^^ help: convert the identifier to upper case: `JSONB_EXISTS_ANY_STRATEGY_NUMBER`

warning: constant in pattern `JsonbExistsAllStrategyNumber` should have an upper case name
   --> /work/src/crates/backend/utils/adt/jsonb/src/gin.rs:611:9
    |
611 |         JsonbExistsAllStrategyNumber => {
    |         ^^^^^^^^^^^^^^^^^^^^^^^^^^^^ help: convert the identifier to upper case: `JSONB_EXISTS_ALL_STRATEGY_NUMBER`

warning: constant in pattern `JsonbJsonpathExistsStrategyNumber` should have an upper case name
   --> /work/src/crates/backend/utils/adt/jsonb/src/gin.rs:618:9
    |
618 |         JsonbJsonpathExistsStrategyNumber | JsonbJsonpathPredicateStrategyNumber => {
    |         ^^^^^^^^^^^^^^^^^^^^^^^^^^^^^^^^^ help: convert the identifier to upper case: `JSONB_JSONPATH_EXISTS_STRATEGY_NUMBER`

warning: constant in pattern `JsonbJsonpathPredicateStrategyNumber` should have an upper case name
   --> /work/src/crates/backend/utils/adt/jsonb/src/gin.rs:618:45
    |
618 |         JsonbJsonpathExistsStrategyNumber | JsonbJsonpathPredicateStrategyNumber => {
    |                                             ^^^^^^^^^^^^^^^^^^^^^^^^^^^^^^^^^^^^ help: convert the identifier to upper case: `JSONB_JSONPATH_PREDICATE_STRATEGY_NUMBER`

warning: constant in pattern `JsonbContainsStrategyNumber` should have an upper case name
   --> /work/src/crates/backend/utils/adt/jsonb/src/gin.rs:640:9
    |
640 |         JsonbContainsStrategyNumber => {
    |         ^^^^^^^^^^^^^^^^^^^^^^^^^^^ help: convert the identifier to upper case: `JSONB_CONTAINS_STRATEGY_NUMBER`

warning: constant in pattern `JsonbJsonpathExistsStrategyNumber` should have an upper case name
   --> /work/src/crates/backend/utils/adt/jsonb/src/gin.rs:647:9
    |
647 |         JsonbJsonpathExistsStrategyNumber | JsonbJsonpathPredicateStrategyNumber => {
    |         ^^^^^^^^^^^^^^^^^^^^^^^^^^^^^^^^^ help: convert the identifier to upper case: `JSONB_JSONPATH_EXISTS_STRATEGY_NUMBER`

warning: constant in pattern `JsonbJsonpathPredicateStrategyNumber` should have an upper case name
   --> /work/src/crates/backend/utils/adt/jsonb/src/gin.rs:647:45
    |
647 |         JsonbJsonpathExistsStrategyNumber | JsonbJsonpathPredicateStrategyNumber => {
    |                                             ^^^^^^^^^^^^^^^^^^^^^^^^^^^^^^^^^^^^ help: convert the identifier to upper case: `JSONB_JSONPATH_PREDICATE_STRATEGY_NUMBER`

warning: constant in pattern `JsonbContainsStrategyNumber` should have an upper case name
   --> /work/src/crates/backend/utils/adt/jsonb/src/gin.rs:669:9
    |
669 |         JsonbContainsStrategyNumber => {
    |         ^^^^^^^^^^^^^^^^^^^^^^^^^^^ help: convert the identifier to upper case: `JSONB_CONTAINS_STRATEGY_NUMBER`

warning: constant in pattern `JsonbExistsStrategyNumber` should have an upper case name
   --> /work/src/crates/backend/utils/adt/jsonb/src/gin.rs:673:9
    |
673 |         JsonbExistsStrategyNumber | JsonbExistsAnyStrategyNumber => {
    |         ^^^^^^^^^^^^^^^^^^^^^^^^^ help: convert the identifier to upper case: `JSONB_EXISTS_STRATEGY_NUMBER`

warning: constant in pattern `JsonbExistsAnyStrategyNumber` should have an upper case name
   --> /work/src/crates/backend/utils/adt/jsonb/src/gin.rs:673:37
    |
673 |         JsonbExistsStrategyNumber | JsonbExistsAnyStrategyNumber => {
    |                                     ^^^^^^^^^^^^^^^^^^^^^^^^^^^^ help: convert the identifier to upper case: `JSONB_EXISTS_ANY_STRATEGY_NUMBER`

warning: constant in pattern `JsonbExistsAllStrategyNumber` should have an upper case name
   --> /work/src/crates/backend/utils/adt/jsonb/src/gin.rs:677:9
    |
677 |         JsonbExistsAllStrategyNumber => {
    |         ^^^^^^^^^^^^^^^^^^^^^^^^^^^^ help: convert the identifier to upper case: `JSONB_EXISTS_ALL_STRATEGY_NUMBER`

warning: constant in pattern `JsonbJsonpathExistsStrategyNumber` should have an upper case name
   --> /work/src/crates/backend/utils/adt/jsonb/src/gin.rs:681:9
    |
681 |         JsonbJsonpathExistsStrategyNumber | JsonbJsonpathPredicateStrategyNumber => {
    |         ^^^^^^^^^^^^^^^^^^^^^^^^^^^^^^^^^ help: convert the identifier to upper case: `JSONB_JSONPATH_EXISTS_STRATEGY_NUMBER`

warning: constant in pattern `JsonbJsonpathPredicateStrategyNumber` should have an upper case name
   --> /work/src/crates/backend/utils/adt/jsonb/src/gin.rs:681:45
    |
681 |         JsonbJsonpathExistsStrategyNumber | JsonbJsonpathPredicateStrategyNumber => {
    |                                             ^^^^^^^^^^^^^^^^^^^^^^^^^^^^^^^^^^^^ help: convert the identifier to upper case: `JSONB_JSONPATH_PREDICATE_STRATEGY_NUMBER`

warning: constant in pattern `JsonbContainsStrategyNumber` should have an upper case name
   --> /work/src/crates/backend/utils/adt/jsonb/src/gin.rs:702:9
    |
702 |         JsonbContainsStrategyNumber | JsonbExistsAllStrategyNumber => {
    |         ^^^^^^^^^^^^^^^^^^^^^^^^^^^ help: convert the identifier to upper case: `JSONB_CONTAINS_STRATEGY_NUMBER`

warning: constant in pattern `JsonbExistsAllStrategyNumber` should have an upper case name
   --> /work/src/crates/backend/utils/adt/jsonb/src/gin.rs:702:39
    |
702 |         JsonbContainsStrategyNumber | JsonbExistsAllStrategyNumber => {
    |                                       ^^^^^^^^^^^^^^^^^^^^^^^^^^^^ help: convert the identifier to upper case: `JSONB_EXISTS_ALL_STRATEGY_NUMBER`

warning: constant in pattern `JsonbExistsStrategyNumber` should have an upper case name
   --> /work/src/crates/backend/utils/adt/jsonb/src/gin.rs:710:9
    |
710 |         JsonbExistsStrategyNumber | JsonbExistsAnyStrategyNumber => {
    |         ^^^^^^^^^^^^^^^^^^^^^^^^^ help: convert the identifier to upper case: `JSONB_EXISTS_STRATEGY_NUMBER`

warning: constant in pattern `JsonbExistsAnyStrategyNumber` should have an upper case name
   --> /work/src/crates/backend/utils/adt/jsonb/src/gin.rs:710:37
    |
710 |         JsonbExistsStrategyNumber | JsonbExistsAnyStrategyNumber => {
    |                                     ^^^^^^^^^^^^^^^^^^^^^^^^^^^^ help: convert the identifier to upper case: `JSONB_EXISTS_ANY_STRATEGY_NUMBER`

warning: constant in pattern `JsonbJsonpathExistsStrategyNumber` should have an upper case name
   --> /work/src/crates/backend/utils/adt/jsonb/src/gin.rs:718:9
    |
718 |         JsonbJsonpathExistsStrategyNumber | JsonbJsonpathPredicateStrategyNumber => {
    |         ^^^^^^^^^^^^^^^^^^^^^^^^^^^^^^^^^ help: convert the identifier to upper case: `JSONB_JSONPATH_EXISTS_STRATEGY_NUMBER`

warning: constant in pattern `JsonbJsonpathPredicateStrategyNumber` should have an upper case name
   --> /work/src/crates/backend/utils/adt/jsonb/src/gin.rs:718:45
    |
718 |         JsonbJsonpathExistsStrategyNumber | JsonbJsonpathPredicateStrategyNumber => {
    |                                             ^^^^^^^^^^^^^^^^^^^^^^^^^^^^^^^^^^^^ help: convert the identifier to upper case: `JSONB_JSONPATH_PREDICATE_STRATEGY_NUMBER`

warning: constant in pattern `JsonbContainsStrategyNumber` should have an upper case name
   --> /work/src/crates/backend/utils/adt/jsonb/src/gin.rs:744:9
    |
744 |         JsonbContainsStrategyNumber => {
    |         ^^^^^^^^^^^^^^^^^^^^^^^^^^^ help: convert the identifier to upper case: `JSONB_CONTAINS_STRATEGY_NUMBER`

warning: constant in pattern `JsonbJsonpathExistsStrategyNumber` should have an upper case name
   --> /work/src/crates/backend/utils/adt/jsonb/src/gin.rs:750:9
    |
750 |         JsonbJsonpathExistsStrategyNumber | JsonbJsonpathPredicateStrategyNumber => {
    |         ^^^^^^^^^^^^^^^^^^^^^^^^^^^^^^^^^ help: convert the identifier to upper case: `JSONB_JSONPATH_EXISTS_STRATEGY_NUMBER`

warning: constant in pattern `JsonbJsonpathPredicateStrategyNumber` should have an upper case name
   --> /work/src/crates/backend/utils/adt/jsonb/src/gin.rs:750:45
    |
750 |         JsonbJsonpathExistsStrategyNumber | JsonbJsonpathPredicateStrategyNumber => {
    |                                             ^^^^^^^^^^^^^^^^^^^^^^^^^^^^^^^^^^^^ help: convert the identifier to upper case: `JSONB_JSONPATH_PREDICATE_STRATEGY_NUMBER`

warning: constant in pattern `JsonbContainsStrategyNumber` should have an upper case name
   --> /work/src/crates/backend/utils/adt/jsonb/src/gin.rs:771:9
    |
771 |         JsonbContainsStrategyNumber => {
    |         ^^^^^^^^^^^^^^^^^^^^^^^^^^^ help: convert the identifier to upper case: `JSONB_CONTAINS_STRATEGY_NUMBER`

warning: constant in pattern `JsonbJsonpathExistsStrategyNumber` should have an upper case name
   --> /work/src/crates/backend/utils/adt/jsonb/src/gin.rs:779:9
    |
779 |         JsonbJsonpathExistsStrategyNumber | JsonbJsonpathPredicateStrategyNumber => {
    |         ^^^^^^^^^^^^^^^^^^^^^^^^^^^^^^^^^ help: convert the identifier to upper case: `JSONB_JSONPATH_EXISTS_STRATEGY_NUMBER`

warning: constant in pattern `JsonbJsonpathPredicateStrategyNumber` should have an upper case name
   --> /work/src/crates/backend/utils/adt/jsonb/src/gin.rs:779:45
    |
779 |         JsonbJsonpathExistsStrategyNumber | JsonbJsonpathPredicateStrategyNumber => {
    |                                             ^^^^^^^^^^^^^^^^^^^^^^^^^^^^^^^^^^^^ help: convert the identifier to upper case: `JSONB_JSONPATH_PREDICATE_STRATEGY_NUMBER`

   Compiling adt_rangetypes v0.1.0 (/work/src/crates/backend/utils/adt/rangetypes)
warning: unused import: `::types_nodes::NodeTag`
   --> /work/src/crates/backend/utils/adt/rangetypes/src/builtins.rs:569:9
    |
569 |     use ::types_nodes::NodeTag;
    |         ^^^^^^^^^^^^^^^^^^^^^^
    |
    = note: `#[warn(unused_imports)]` (part of `#[warn(unused)]`) on by default

   Compiling lockfuncs v0.1.0 (/work/src/crates/backend/utils/adt/lockfuncs)
   Compiling adt_regexp v0.1.0 (/work/src/crates/backend/utils/adt/regexp)
warning: unused import: `MemoryContext`
 --> /work/src/crates/backend/utils/adt/regexp/src/lib.rs:6:68
  |
6 | use ::mcx::{slice_in, vec_append_bytes, vec_with_capacity_in, Mcx, MemoryContext, PgVec};
  |                                                                    ^^^^^^^^^^^^^
  |
  = note: `#[warn(unused_imports)]` (part of `#[warn(unused)]`) on by default

   Compiling adt_int v0.1.0 (/work/src/crates/backend/utils/adt/int)
warning: constant `BTLessEqualStrategyNumber` should have an upper case name
   --> /work/src/crates/backend/utils/adt/rangetypes/src/builtins.rs:664:11
    |
664 |     const BTLessEqualStrategyNumber: i16 = 2;
    |           ^^^^^^^^^^^^^^^^^^^^^^^^^
    |
    = note: `#[warn(non_upper_case_globals)]` (part of `#[warn(nonstandard_style)]`) on by default
help: convert the identifier to upper case
    |
664 -     const BTLessEqualStrategyNumber: i16 = 2;
664 +     const BTLESS_EQUAL_STRATEGY_NUMBER: i16 = 2;
    |

warning: constant `BTGreaterEqualStrategyNumber` should have an upper case name
   --> /work/src/crates/backend/utils/adt/rangetypes/src/builtins.rs:665:11
    |
665 |     const BTGreaterEqualStrategyNumber: i16 = 4;
    |           ^^^^^^^^^^^^^^^^^^^^^^^^^^^^
    |
help: convert the identifier to upper case
    |
665 -     const BTGreaterEqualStrategyNumber: i16 = 4;
665 +     const BTGREATER_EQUAL_STRATEGY_NUMBER: i16 = 4;
    |

   Compiling adt_bool v0.1.0 (/work/src/crates/backend/utils/adt/bool)
   Compiling hba v0.0.0 (/work/src/crates/backend/libpq/hba)
   Compiling adt_network v0.1.0 (/work/src/crates/backend/utils/adt/network)
warning: `adt_jsonpath` (lib) generated 1 warning
   Compiling adt_mac v0.1.0 (/work/src/crates/backend/utils/adt/mac)
   Compiling relpath v0.0.0 (/work/src/crates/common/relpath)
   Compiling types_trigger_call v0.1.0 (/work/src/crates/_support/types/types_trigger_call)
   Compiling indexam_seams v0.0.0 (/work/src/crates/backend/access/index/indexam_seams)
   Compiling mcxt_stats v0.1.0 (/work/src/crates/backend/utils/mmgr/mcxt_stats)
   Compiling tuplesort_seams v0.0.0 (/work/src/crates/backend/utils/sort/tuplesort_seams)
   Compiling array_userfuncs v0.1.0 (/work/src/crates/backend/utils/adt/array_userfuncs)
   Compiling adt_mcxtfuncs v0.1.0 (/work/src/crates/backend/utils/adt/mcxtfuncs)
   Compiling adt_amutils v0.1.0 (/work/src/crates/backend/utils/adt/adt_amutils)
warning: `ts_cache` (lib) generated 1 warning (run `cargo fix --lib -p ts_cache` to apply 1 suggestion)
   Compiling trigfuncs v0.1.0 (/work/src/crates/backend/utils/adt/trigfuncs)
warning: field `has_ambuildphasename` is never read
  --> /work/src/crates/backend/utils/adt/adt_amutils/src/lib.rs:93:5
   |
80 | struct AmFlags {
   |        ------- field in this struct
...
93 |     has_ambuildphasename: bool,
   |     ^^^^^^^^^^^^^^^^^^^^
   |
   = note: `#[warn(dead_code)]` (part of `#[warn(unused)]`) on by default

   Compiling dbsize v0.1.0 (/work/src/crates/backend/utils/adt/dbsize)
   Compiling adt_mac8 v0.1.0 (/work/src/crates/backend/utils/adt/mac8)
warning: `adt_amutils` (lib) generated 1 warning
   Compiling hbafuncs v0.0.0 (/work/src/crates/backend/utils/adt/hbafuncs)
   Compiling adt_jsonpath_exec v0.1.0 (/work/src/crates/backend/utils/adt/jsonpath_exec)
   Compiling adt_multirangetypes v0.1.0 (/work/src/crates/backend/utils/adt/multirangetypes)
   Compiling to_tsany v0.1.0 (/work/src/crates/backend/tsearch/to_tsany)
warning: unused import: `multirange_types_do_not_match`
  --> /work/src/crates/backend/utils/adt/multirangetypes/src/builtins.rs:19:26
   |
19 |     multirange_type_oid, multirange_types_do_not_match, MultirangeInfo,
   |                          ^^^^^^^^^^^^^^^^^^^^^^^^^^^^^
   |
   = note: `#[warn(unused_imports)]` (part of `#[warn(unused)]`) on by default

warning: unused import: `ElemInfo`
  --> /work/src/crates/backend/utils/adt/multirangetypes/src/lib.rs:14:5
   |
14 |     ElemInfo, RangeBound, RangeInfo, RANGE_EMPTY, RANGE_LB_INC, RANGE_LB_INF, RANGE_UB_INC,
   |     ^^^^^^^^

   Compiling waitfuncs v0.1.0 (/work/src/crates/backend/utils/adt/waitfuncs)
warning: variable does not need to be mutable
   --> /work/src/crates/backend/utils/adt/multirangetypes/src/builtins.rs:439:13
    |
439 |         let mut accum = |d: Datum| -> PgResult<()> {
    |             ----^^^^^
    |             |
    |             help: remove this `mut`
    |
    = note: `#[warn(unused_mut)]` (part of `#[warn(unused)]`) on by default

warning: `adt_rangetypes` (lib) generated 3 warnings (run `cargo fix --lib -p adt_rangetypes` to apply 3 suggestions)
   Compiling wparser_def v0.1.0 (/work/src/crates/backend/tsearch/wparser_def)
   Compiling tsearch_dict v0.1.0 (/work/src/crates/backend/tsearch/dict)
warning: unused import: `vec_with_capacity_in`
 --> /work/src/crates/backend/tsearch/dict/src/simple.rs:1:13
  |
1 | use ::mcx::{vec_with_capacity_in, Mcx, PgVec};
  |             ^^^^^^^^^^^^^^^^^^^^
  |
  = note: `#[warn(unused_imports)]` (part of `#[warn(unused)]`) on by default

   Compiling adt_tsrank v0.1.0 (/work/src/crates/backend/utils/adt/tsrank)
warning: unused import: `vec_with_capacity_in`
 --> /work/src/crates/backend/utils/adt/tsrank/src/rank_cd.rs:4:13
  |
4 | use ::mcx::{vec_with_capacity_in, Mcx, PgVec};
  |             ^^^^^^^^^^^^^^^^^^^^
  |
  = note: `#[warn(unused_imports)]` (part of `#[warn(unused)]`) on by default

   Compiling commands_async v0.1.0 (/work/src/crates/backend/commands/commands_async)
   Compiling xid8funcs v0.1.0 (/work/src/crates/backend/utils/adt/xid8funcs)
warning: `adt_regexp` (lib) generated 1 warning (run `cargo fix --lib -p adt_regexp` to apply 1 suggestion)
   Compiling tsearch_spell v0.1.0 (/work/src/crates/backend/tsearch/spell)
   Compiling pseudorandomfuncs v0.1.0 (/work/src/crates/backend/utils/adt/pseudorandomfuncs)
   Compiling adt_uuid v0.1.0 (/work/src/crates/backend/utils/adt/uuid)
   Compiling dict_snowball v0.1.0 (/work/src/crates/backend/snowball/dict_snowball)
   Compiling adt_like v0.1.0 (/work/src/crates/backend/utils/adt/like)
warning: unnecessary `unsafe` block
  --> /work/src/crates/backend/snowball/dict_snowball/src/stemmers/stem_iso_8859_1_english.rs:33:30
   |
33 | static mut a_0: [among; 3] = unsafe {
   |                              ^^^^^^ unnecessary `unsafe` block
   |
   = note: `#[warn(unused_unsafe)]` (part of `#[warn(unused)]`) on by default

warning: unnecessary `unsafe` block
  --> /work/src/crates/backend/snowball/dict_snowball/src/stemmers/stem_iso_8859_1_english.rs:65:30
   |
65 | static mut a_1: [among; 3] = unsafe {
   |                              ^^^^^^ unnecessary `unsafe` block

warning: unnecessary `unsafe` block
   --> /work/src/crates/backend/snowball/dict_snowball/src/stemmers/stem_iso_8859_1_english.rs:109:30
    |
109 | static mut a_2: [among; 6] = unsafe {
    |                              ^^^^^^ unnecessary `unsafe` block

warning: unnecessary `unsafe` block
   --> /work/src/crates/backend/snowball/dict_snowball/src/stemmers/stem_iso_8859_1_english.rs:167:31
    |
167 | static mut a_3: [among; 13] = unsafe {
    |                               ^^^^^^ unnecessary `unsafe` block

warning: unnecessary `unsafe` block
   --> /work/src/crates/backend/snowball/dict_snowball/src/stemmers/stem_iso_8859_1_english.rs:293:30
    |
293 | static mut a_4: [among; 6] = unsafe {
    |                              ^^^^^^ unnecessary `unsafe` block

warning: unnecessary `unsafe` block
   --> /work/src/crates/backend/snowball/dict_snowball/src/stemmers/stem_iso_8859_1_english.rs:504:31
    |
504 | static mut a_5: [among; 24] = unsafe {
    |                               ^^^^^^ unnecessary `unsafe` block

warning: unnecessary `unsafe` block
   --> /work/src/crates/backend/snowball/dict_snowball/src/stemmers/stem_iso_8859_1_english.rs:738:30
    |
738 | static mut a_6: [among; 9] = unsafe {
    |                              ^^^^^^ unnecessary `unsafe` block

warning: unnecessary `unsafe` block
   --> /work/src/crates/backend/snowball/dict_snowball/src/stemmers/stem_iso_8859_1_english.rs:890:31
    |
890 | static mut a_7: [among; 18] = unsafe {
    |                               ^^^^^^ unnecessary `unsafe` block

warning: unnecessary `unsafe` block
    --> /work/src/crates/backend/snowball/dict_snowball/src/stemmers/stem_iso_8859_1_english.rs:1022:30
     |
1022 | static mut a_8: [among; 2] = unsafe {
     |                              ^^^^^^ unnecessary `unsafe` block

warning: unnecessary `unsafe` block
    --> /work/src/crates/backend/snowball/dict_snowball/src/stemmers/stem_iso_8859_1_english.rs:1109:30
     |
1109 | static mut a_9: [among; 8] = unsafe {
     |                              ^^^^^^ unnecessary `unsafe` block

warning: unnecessary `unsafe` block
    --> /work/src/crates/backend/snowball/dict_snowball/src/stemmers/stem_iso_8859_1_english.rs:1289:32
     |
1289 | static mut a_10: [among; 18] = unsafe {
     |                                ^^^^^^ unnecessary `unsafe` block

warning: variable does not need to be mutable
    --> /work/src/crates/backend/snowball/dict_snowball/src/stemmers/stem_iso_8859_1_english.rs:1594:21
     |
1594 | unsafe fn r_prelude(mut z: *mut SN_env) -> ::core::ffi::c_int {
     |                     ----^
     |                     |
     |                     help: remove this `mut`
     |
     = note: `#[warn(unused_mut)]` (part of `#[warn(unused)]`) on by default

warning: variable does not need to be mutable
    --> /work/src/crates/backend/snowball/dict_snowball/src/stemmers/stem_iso_8859_1_english.rs:1597:9
     |
1597 |     let mut c1: ::core::ffi::c_int = (*z).c;
     |         ----^^
     |         |
     |         help: remove this `mut`

warning: variable does not need to be mutable
    --> /work/src/crates/backend/snowball/dict_snowball/src/stemmers/stem_iso_8859_1_english.rs:1604:13
     |
1604 |         let mut ret: ::core::ffi::c_int = slice_del(z);
     |             ----^^^
     |             |
     |             help: remove this `mut`

warning: variable does not need to be mutable
    --> /work/src/crates/backend/snowball/dict_snowball/src/stemmers/stem_iso_8859_1_english.rs:1610:9
     |
1610 |     let mut c2: ::core::ffi::c_int = (*z).c;
     |         ----^^
     |         |
     |         help: remove this `mut`

warning: variable does not need to be mutable
    --> /work/src/crates/backend/snowball/dict_snowball/src/stemmers/stem_iso_8859_1_english.rs:1617:13
     |
1617 |         let mut ret_0: ::core::ffi::c_int = slice_from_s(
     |             ----^^^^^
     |             |
     |             help: remove this `mut`

warning: variable does not need to be mutable
    --> /work/src/crates/backend/snowball/dict_snowball/src/stemmers/stem_iso_8859_1_english.rs:1628:9
     |
1628 |     let mut c3: ::core::ffi::c_int = (*z).c;
     |         ----^^
     |         |
     |         help: remove this `mut`

warning: variable does not need to be mutable
    --> /work/src/crates/backend/snowball/dict_snowball/src/stemmers/stem_iso_8859_1_english.rs:1630:13
     |
1630 |         let mut c4: ::core::ffi::c_int = (*z).c;
     |             ----^^
     |             |
     |             help: remove this `mut`

warning: variable does not need to be mutable
    --> /work/src/crates/backend/snowball/dict_snowball/src/stemmers/stem_iso_8859_1_english.rs:1632:17
     |
1632 |             let mut c5: ::core::ffi::c_int = (*z).c;
     |                 ----^^
     |                 |
     |                 help: remove this `mut`

warning: variable does not need to be mutable
    --> /work/src/crates/backend/snowball/dict_snowball/src/stemmers/stem_iso_8859_1_english.rs:1666:21
     |
1666 |                 let mut ret_1: ::core::ffi::c_int = slice_from_s(
     |                     ----^^^^^
     |                     |
     |                     help: remove this `mut`

warning: variable does not need to be mutable
    --> /work/src/crates/backend/snowball/dict_snowball/src/stemmers/stem_iso_8859_1_english.rs:1682:26
     |
1682 | unsafe fn r_mark_regions(mut z: *mut SN_env) -> ::core::ffi::c_int {
     |                          ----^
     |                          |
     |                          help: remove this `mut`

warning: variable does not need to be mutable
    --> /work/src/crates/backend/snowball/dict_snowball/src/stemmers/stem_iso_8859_1_english.rs:1686:9
     |
1686 |     let mut c1: ::core::ffi::c_int = (*z).c;
     |         ----^^
     |         |
     |         help: remove this `mut`

warning: variable does not need to be mutable
    --> /work/src/crates/backend/snowball/dict_snowball/src/stemmers/stem_iso_8859_1_english.rs:1687:9
     |
1687 |     let mut c2: ::core::ffi::c_int = (*z).c;
     |         ----^^
     |         |
     |         help: remove this `mut`

warning: variable does not need to be mutable
    --> /work/src/crates/backend/snowball/dict_snowball/src/stemmers/stem_iso_8859_1_english.rs:1706:17
     |
1706 |             let mut ret: ::core::ffi::c_int = out_grouping(
     |                 ----^^^
     |                 |
     |                 help: remove this `mut`

warning: variable does not need to be mutable
    --> /work/src/crates/backend/snowball/dict_snowball/src/stemmers/stem_iso_8859_1_english.rs:1717:21
     |
1717 |                 let mut ret_0: ::core::ffi::c_int = in_grouping(
     |                     ----^^^^^
     |                     |
     |                     help: remove this `mut`

warning: variable does not need to be mutable
    --> /work/src/crates/backend/snowball/dict_snowball/src/stemmers/stem_iso_8859_1_english.rs:1737:17
     |
1737 |             let mut ret_1: ::core::ffi::c_int = out_grouping(
     |                 ----^^^^^
     |                 |
     |                 help: remove this `mut`

warning: variable does not need to be mutable
    --> /work/src/crates/backend/snowball/dict_snowball/src/stemmers/stem_iso_8859_1_english.rs:1746:21
     |
1746 |                 let mut ret_2: ::core::ffi::c_int = in_grouping(
     |                     ----^^^^^
     |                     |
     |                     help: remove this `mut`

warning: variable does not need to be mutable
    --> /work/src/crates/backend/snowball/dict_snowball/src/stemmers/stem_iso_8859_1_english.rs:1764:20
     |
1764 | unsafe fn r_shortv(mut z: *mut SN_env) -> ::core::ffi::c_int {
     |                    ----^
     |                    |
     |                    help: remove this `mut`

warning: variable does not need to be mutable
    --> /work/src/crates/backend/snowball/dict_snowball/src/stemmers/stem_iso_8859_1_english.rs:1765:9
     |
1765 |     let mut current_block: u64;
     |         ----^^^^^^^^^^^^^
     |         |
     |         help: remove this `mut`

warning: variable does not need to be mutable
    --> /work/src/crates/backend/snowball/dict_snowball/src/stemmers/stem_iso_8859_1_english.rs:1766:9
     |
1766 |     let mut m1: ::core::ffi::c_int = (*z).l - (*z).c;
     |         ----^^
     |         |
     |         help: remove this `mut`

warning: variable does not need to be mutable
    --> /work/src/crates/backend/snowball/dict_snowball/src/stemmers/stem_iso_8859_1_english.rs:1828:16
     |
1828 | unsafe fn r_R1(mut z: *mut SN_env) -> ::core::ffi::c_int {
     |                ----^
     |                |
     |                help: remove this `mut`

warning: variable does not need to be mutable
    --> /work/src/crates/backend/snowball/dict_snowball/src/stemmers/stem_iso_8859_1_english.rs:1832:16
     |
1832 | unsafe fn r_R2(mut z: *mut SN_env) -> ::core::ffi::c_int {
     |                ----^
     |                |
     |                help: remove this `mut`

warning: variable does not need to be mutable
    --> /work/src/crates/backend/snowball/dict_snowball/src/stemmers/stem_iso_8859_1_english.rs:1836:21
     |
1836 | unsafe fn r_Step_1a(mut z: *mut SN_env) -> ::core::ffi::c_int {
     |                     ----^
     |                     |
     |                     help: remove this `mut`

warning: variable does not need to be mutable
    --> /work/src/crates/backend/snowball/dict_snowball/src/stemmers/stem_iso_8859_1_english.rs:1838:9
     |
1838 |     let mut m1: ::core::ffi::c_int = (*z).l - (*z).c;
     |         ----^^
     |         |
     |         help: remove this `mut`

warning: variable does not need to be mutable
    --> /work/src/crates/backend/snowball/dict_snowball/src/stemmers/stem_iso_8859_1_english.rs:1853:13
     |
1853 |         let mut ret: ::core::ffi::c_int = slice_del(z);
     |             ----^^^
     |             |
     |             help: remove this `mut`

warning: variable does not need to be mutable
    --> /work/src/crates/backend/snowball/dict_snowball/src/stemmers/stem_iso_8859_1_english.rs:1874:17
     |
1874 |             let mut ret_0: ::core::ffi::c_int = slice_from_s(
     |                 ----^^^^^
     |                 |
     |                 help: remove this `mut`

warning: variable does not need to be mutable
    --> /work/src/crates/backend/snowball/dict_snowball/src/stemmers/stem_iso_8859_1_english.rs:1884:17
     |
1884 |             let mut m2: ::core::ffi::c_int = (*z).l - (*z).c;
     |                 ----^^
     |                 |
     |                 help: remove this `mut`

warning: variable does not need to be mutable
    --> /work/src/crates/backend/snowball/dict_snowball/src/stemmers/stem_iso_8859_1_english.rs:1888:21
     |
1888 |                 let mut ret_2: ::core::ffi::c_int = slice_from_s(
     |                     ----^^^^^
     |                     |
     |                     help: remove this `mut`

warning: variable does not need to be mutable
    --> /work/src/crates/backend/snowball/dict_snowball/src/stemmers/stem_iso_8859_1_english.rs:1897:21
     |
1897 |                 let mut ret_1: ::core::ffi::c_int = slice_from_s(
     |                     ----^^^^^
     |                     |
     |                     help: remove this `mut`

warning: variable does not need to be mutable
    --> /work/src/crates/backend/snowball/dict_snowball/src/stemmers/stem_iso_8859_1_english.rs:1912:17
     |
1912 |             let mut ret_3: ::core::ffi::c_int = out_grouping_b(
     |                 ----^^^^^
     |                 |
     |                 help: remove this `mut`

warning: variable does not need to be mutable
    --> /work/src/crates/backend/snowball/dict_snowball/src/stemmers/stem_iso_8859_1_english.rs:1923:17
     |
1923 |             let mut ret_4: ::core::ffi::c_int = slice_del(z);
     |                 ----^^^^^
     |                 |
     |                 help: remove this `mut`

warning: value assigned to `among_var` is never read
    --> /work/src/crates/backend/snowball/dict_snowball/src/stemmers/stem_iso_8859_1_english.rs:1837:45
     |
1837 |     let mut among_var: ::core::ffi::c_int = 0;
     |                                             ^ this value is reassigned later and never used
...
1867 |     among_var = find_among_b(z, &raw const a_2 as *const among, 6 as ::core::ffi::c_int);
     |     ------------------------------------------------------------------------------------ `among_var` is overwritten here before the previous value is read
     |
     = note: `#[warn(unused_assignments)]` (part of `#[warn(unused)]`) on by default

warning: variable does not need to be mutable
    --> /work/src/crates/backend/snowball/dict_snowball/src/stemmers/stem_iso_8859_1_english.rs:1932:21
     |
1932 | unsafe fn r_Step_1b(mut z: *mut SN_env) -> ::core::ffi::c_int {
     |                     ----^
     |                     |
     |                     help: remove this `mut`

warning: variable does not need to be mutable
    --> /work/src/crates/backend/snowball/dict_snowball/src/stemmers/stem_iso_8859_1_english.rs:1952:17
     |
1952 |             let mut ret: ::core::ffi::c_int = r_R1(z);
     |                 ----^^^
     |                 |
     |                 help: remove this `mut`

warning: variable does not need to be mutable
    --> /work/src/crates/backend/snowball/dict_snowball/src/stemmers/stem_iso_8859_1_english.rs:1956:17
     |
1956 |             let mut ret_0: ::core::ffi::c_int = slice_from_s(
     |                 ----^^^^^
     |                 |
     |                 help: remove this `mut`

warning: variable does not need to be mutable
    --> /work/src/crates/backend/snowball/dict_snowball/src/stemmers/stem_iso_8859_1_english.rs:1966:17
     |
1966 |             let mut m_test1: ::core::ffi::c_int = (*z).l - (*z).c;
     |                 ----^^^^^^^
     |                 |
     |                 help: remove this `mut`

warning: variable does not need to be mutable
    --> /work/src/crates/backend/snowball/dict_snowball/src/stemmers/stem_iso_8859_1_english.rs:1967:17
     |
1967 |             let mut ret_1: ::core::ffi::c_int = out_grouping_b(
     |                 ----^^^^^
     |                 |
     |                 help: remove this `mut`

warning: variable does not need to be mutable
    --> /work/src/crates/backend/snowball/dict_snowball/src/stemmers/stem_iso_8859_1_english.rs:1979:17
     |
1979 |             let mut ret_2: ::core::ffi::c_int = slice_del(z);
     |                 ----^^^^^
     |                 |
     |                 help: remove this `mut`

warning: variable does not need to be mutable
    --> /work/src/crates/backend/snowball/dict_snowball/src/stemmers/stem_iso_8859_1_english.rs:1985:17
     |
1985 |             let mut m_test2: ::core::ffi::c_int = (*z).l - (*z).c;
     |                 ----^^^^^^^
     |                 |
     |                 help: remove this `mut`

warning: variable does not need to be mutable
    --> /work/src/crates/backend/snowball/dict_snowball/src/stemmers/stem_iso_8859_1_english.rs:2005:25
     |
2005 |                     let mut ret_3: ::core::ffi::c_int = slice_from_s(
     |                         ----^^^^^
     |                         |
     |                         help: remove this `mut`

warning: variable does not need to be mutable
    --> /work/src/crates/backend/snowball/dict_snowball/src/stemmers/stem_iso_8859_1_english.rs:2016:25
     |
2016 |                     let mut m3: ::core::ffi::c_int = (*z).l - (*z).c;
     |                         ----^^
     |                         |
     |                         help: remove this `mut`

warning: variable does not need to be mutable
    --> /work/src/crates/backend/snowball/dict_snowball/src/stemmers/stem_iso_8859_1_english.rs:2035:25
     |
2035 |                     let mut m_test4: ::core::ffi::c_int = (*z).l - (*z).c;
     |                         ----^^^^^^^
     |                         |
     |                         help: remove this `mut`

warning: variable does not need to be mutable
    --> /work/src/crates/backend/snowball/dict_snowball/src/stemmers/stem_iso_8859_1_english.rs:2036:25
     |
2036 |                     let mut ret_4: ::core::ffi::c_int = r_shortv(z);
     |                         ----^^^^^
     |                         |
     |                         help: remove this `mut`

warning: variable does not need to be mutable
    --> /work/src/crates/backend/snowball/dict_snowball/src/stemmers/stem_iso_8859_1_english.rs:2041:25
     |
2041 |                     let mut ret_5: ::core::ffi::c_int = slice_from_s(
     |                         ----^^^^^
     |                         |
     |                         help: remove this `mut`

warning: variable does not need to be mutable
    --> /work/src/crates/backend/snowball/dict_snowball/src/stemmers/stem_iso_8859_1_english.rs:2060:17
     |
2060 |             let mut ret_6: ::core::ffi::c_int = slice_del(z);
     |                 ----^^^^^
     |                 |
     |                 help: remove this `mut`

warning: value assigned to `among_var` is never read
    --> /work/src/crates/backend/snowball/dict_snowball/src/stemmers/stem_iso_8859_1_english.rs:1933:45
     |
1933 |     let mut among_var: ::core::ffi::c_int = 0;
     |                                             ^ this value is reassigned later and never used
...
1945 |     among_var = find_among_b(z, &raw const a_4 as *const among, 6 as ::core::ffi::c_int);
     |     ------------------------------------------------------------------------------------ `among_var` is overwritten here before the previous value is read

warning: variable does not need to be mutable
    --> /work/src/crates/backend/snowball/dict_snowball/src/stemmers/stem_iso_8859_1_english.rs:2069:21
     |
2069 | unsafe fn r_Step_1c(mut z: *mut SN_env) -> ::core::ffi::c_int {
     |                     ----^
     |                     |
     |                     help: remove this `mut`

warning: variable does not need to be mutable
    --> /work/src/crates/backend/snowball/dict_snowball/src/stemmers/stem_iso_8859_1_english.rs:2071:9
     |
2071 |     let mut m1: ::core::ffi::c_int = (*z).l - (*z).c;
     |         ----^^
     |         |
     |         help: remove this `mut`

warning: variable does not need to be mutable
    --> /work/src/crates/backend/snowball/dict_snowball/src/stemmers/stem_iso_8859_1_english.rs:2099:13
     |
2099 |         let mut ret: ::core::ffi::c_int = slice_from_s(
     |             ----^^^
     |             |
     |             help: remove this `mut`

warning: variable does not need to be mutable
    --> /work/src/crates/backend/snowball/dict_snowball/src/stemmers/stem_iso_8859_1_english.rs:2112:20
     |
2112 | unsafe fn r_Step_2(mut z: *mut SN_env) -> ::core::ffi::c_int {
     |                    ----^
     |                    |
     |                    help: remove this `mut`

warning: variable does not need to be mutable
    --> /work/src/crates/backend/snowball/dict_snowball/src/stemmers/stem_iso_8859_1_english.rs:2134:9
     |
2134 |     let mut ret: ::core::ffi::c_int = r_R1(z);
     |         ----^^^
     |         |
     |         help: remove this `mut`

warning: variable does not need to be mutable
    --> /work/src/crates/backend/snowball/dict_snowball/src/stemmers/stem_iso_8859_1_english.rs:2140:17
     |
2140 |             let mut ret_0: ::core::ffi::c_int = slice_from_s(
     |                 ----^^^^^
     |                 |
     |                 help: remove this `mut`

warning: variable does not need to be mutable
    --> /work/src/crates/backend/snowball/dict_snowball/src/stemmers/stem_iso_8859_1_english.rs:2150:17
     |
2150 |             let mut ret_1: ::core::ffi::c_int = slice_from_s(
     |                 ----^^^^^
     |                 |
     |                 help: remove this `mut`

warning: variable does not need to be mutable
    --> /work/src/crates/backend/snowball/dict_snowball/src/stemmers/stem_iso_8859_1_english.rs:2160:17
     |
2160 |             let mut ret_2: ::core::ffi::c_int = slice_from_s(
     |                 ----^^^^^
     |                 |
     |                 help: remove this `mut`

warning: variable does not need to be mutable
    --> /work/src/crates/backend/snowball/dict_snowball/src/stemmers/stem_iso_8859_1_english.rs:2170:17
     |
2170 |             let mut ret_3: ::core::ffi::c_int = slice_from_s(
     |                 ----^^^^^
     |                 |
     |                 help: remove this `mut`

warning: variable does not need to be mutable
    --> /work/src/crates/backend/snowball/dict_snowball/src/stemmers/stem_iso_8859_1_english.rs:2180:17
     |
2180 |             let mut ret_4: ::core::ffi::c_int = slice_from_s(
     |                 ----^^^^^
     |                 |
     |                 help: remove this `mut`

warning: variable does not need to be mutable
    --> /work/src/crates/backend/snowball/dict_snowball/src/stemmers/stem_iso_8859_1_english.rs:2190:17
     |
2190 |             let mut ret_5: ::core::ffi::c_int = slice_from_s(
     |                 ----^^^^^
     |                 |
     |                 help: remove this `mut`

warning: variable does not need to be mutable
    --> /work/src/crates/backend/snowball/dict_snowball/src/stemmers/stem_iso_8859_1_english.rs:2200:17
     |
2200 |             let mut ret_6: ::core::ffi::c_int = slice_from_s(
     |                 ----^^^^^
     |                 |
     |                 help: remove this `mut`

warning: variable does not need to be mutable
    --> /work/src/crates/backend/snowball/dict_snowball/src/stemmers/stem_iso_8859_1_english.rs:2210:17
     |
2210 |             let mut ret_7: ::core::ffi::c_int = slice_from_s(
     |                 ----^^^^^
     |                 |
     |                 help: remove this `mut`

warning: variable does not need to be mutable
    --> /work/src/crates/backend/snowball/dict_snowball/src/stemmers/stem_iso_8859_1_english.rs:2220:17
     |
2220 |             let mut ret_8: ::core::ffi::c_int = slice_from_s(
     |                 ----^^^^^
     |                 |
     |                 help: remove this `mut`

warning: variable does not need to be mutable
    --> /work/src/crates/backend/snowball/dict_snowball/src/stemmers/stem_iso_8859_1_english.rs:2230:17
     |
2230 |             let mut ret_9: ::core::ffi::c_int = slice_from_s(
     |                 ----^^^^^
     |                 |
     |                 help: remove this `mut`

warning: variable does not need to be mutable
    --> /work/src/crates/backend/snowball/dict_snowball/src/stemmers/stem_iso_8859_1_english.rs:2240:17
     |
2240 |             let mut ret_10: ::core::ffi::c_int = slice_from_s(
     |                 ----^^^^^^
     |                 |
     |                 help: remove this `mut`

warning: variable does not need to be mutable
    --> /work/src/crates/backend/snowball/dict_snowball/src/stemmers/stem_iso_8859_1_english.rs:2250:17
     |
2250 |             let mut ret_11: ::core::ffi::c_int = slice_from_s(
     |                 ----^^^^^^
     |                 |
     |                 help: remove this `mut`

warning: variable does not need to be mutable
    --> /work/src/crates/backend/snowball/dict_snowball/src/stemmers/stem_iso_8859_1_english.rs:2267:17
     |
2267 |             let mut ret_12: ::core::ffi::c_int = slice_from_s(
     |                 ----^^^^^^
     |                 |
     |                 help: remove this `mut`

warning: variable does not need to be mutable
    --> /work/src/crates/backend/snowball/dict_snowball/src/stemmers/stem_iso_8859_1_english.rs:2277:17
     |
2277 |             let mut ret_13: ::core::ffi::c_int = slice_from_s(
     |                 ----^^^^^^
     |                 |
     |                 help: remove this `mut`

warning: variable does not need to be mutable
    --> /work/src/crates/backend/snowball/dict_snowball/src/stemmers/stem_iso_8859_1_english.rs:2297:17
     |
2297 |             let mut ret_14: ::core::ffi::c_int = slice_del(z);
     |                 ----^^^^^^
     |                 |
     |                 help: remove this `mut`

warning: value assigned to `among_var` is never read
    --> /work/src/crates/backend/snowball/dict_snowball/src/stemmers/stem_iso_8859_1_english.rs:2113:45
     |
2113 |       let mut among_var: ::core::ffi::c_int = 0;
     |                                               ^ this value is reassigned later and never used
...
2125 | /     among_var = find_among_b(
2126 | |         z,
2127 | |         &raw const a_5 as *const among,
2128 | |         24 as ::core::ffi::c_int,
2129 | |     );
     | |_____- `among_var` is overwritten here before the previous value is read

warning: variable does not need to be mutable
    --> /work/src/crates/backend/snowball/dict_snowball/src/stemmers/stem_iso_8859_1_english.rs:2306:20
     |
2306 | unsafe fn r_Step_3(mut z: *mut SN_env) -> ::core::ffi::c_int {
     |                    ----^
     |                    |
     |                    help: remove this `mut`

warning: variable does not need to be mutable
    --> /work/src/crates/backend/snowball/dict_snowball/src/stemmers/stem_iso_8859_1_english.rs:2324:9
     |
2324 |     let mut ret: ::core::ffi::c_int = r_R1(z);
     |         ----^^^
     |         |
     |         help: remove this `mut`

warning: variable does not need to be mutable
    --> /work/src/crates/backend/snowball/dict_snowball/src/stemmers/stem_iso_8859_1_english.rs:2330:17
     |
2330 |             let mut ret_0: ::core::ffi::c_int = slice_from_s(
     |                 ----^^^^^
     |                 |
     |                 help: remove this `mut`

warning: variable does not need to be mutable
    --> /work/src/crates/backend/snowball/dict_snowball/src/stemmers/stem_iso_8859_1_english.rs:2340:17
     |
2340 |             let mut ret_1: ::core::ffi::c_int = slice_from_s(
     |                 ----^^^^^
     |                 |
     |                 help: remove this `mut`

warning: variable does not need to be mutable
    --> /work/src/crates/backend/snowball/dict_snowball/src/stemmers/stem_iso_8859_1_english.rs:2350:17
     |
2350 |             let mut ret_2: ::core::ffi::c_int = slice_from_s(
     |                 ----^^^^^
     |                 |
     |                 help: remove this `mut`

warning: variable does not need to be mutable
    --> /work/src/crates/backend/snowball/dict_snowball/src/stemmers/stem_iso_8859_1_english.rs:2360:17
     |
2360 |             let mut ret_3: ::core::ffi::c_int = slice_from_s(
     |                 ----^^^^^
     |                 |
     |                 help: remove this `mut`

warning: variable does not need to be mutable
    --> /work/src/crates/backend/snowball/dict_snowball/src/stemmers/stem_iso_8859_1_english.rs:2370:17
     |
2370 |             let mut ret_4: ::core::ffi::c_int = slice_del(z);
     |                 ----^^^^^
     |                 |
     |                 help: remove this `mut`

warning: variable does not need to be mutable
    --> /work/src/crates/backend/snowball/dict_snowball/src/stemmers/stem_iso_8859_1_english.rs:2376:17
     |
2376 |             let mut ret_5: ::core::ffi::c_int = r_R2(z);
     |                 ----^^^^^
     |                 |
     |                 help: remove this `mut`

warning: variable does not need to be mutable
    --> /work/src/crates/backend/snowball/dict_snowball/src/stemmers/stem_iso_8859_1_english.rs:2380:17
     |
2380 |             let mut ret_6: ::core::ffi::c_int = slice_del(z);
     |                 ----^^^^^
     |                 |
     |                 help: remove this `mut`

warning: value assigned to `among_var` is never read
    --> /work/src/crates/backend/snowball/dict_snowball/src/stemmers/stem_iso_8859_1_english.rs:2307:45
     |
2307 |     let mut among_var: ::core::ffi::c_int = 0;
     |                                             ^ this value is reassigned later and never used
...
2319 |     among_var = find_among_b(z, &raw const a_6 as *const among, 9 as ::core::ffi::c_int);
     |     ------------------------------------------------------------------------------------ `among_var` is overwritten here before the previous value is read

warning: variable does not need to be mutable
    --> /work/src/crates/backend/snowball/dict_snowball/src/stemmers/stem_iso_8859_1_english.rs:2389:20
     |
2389 | unsafe fn r_Step_4(mut z: *mut SN_env) -> ::core::ffi::c_int {
     |                    ----^
     |                    |
     |                    help: remove this `mut`

warning: variable does not need to be mutable
    --> /work/src/crates/backend/snowball/dict_snowball/src/stemmers/stem_iso_8859_1_english.rs:2411:9
     |
2411 |     let mut ret: ::core::ffi::c_int = r_R2(z);
     |         ----^^^
     |         |
     |         help: remove this `mut`

warning: variable does not need to be mutable
    --> /work/src/crates/backend/snowball/dict_snowball/src/stemmers/stem_iso_8859_1_english.rs:2417:17
     |
2417 |             let mut ret_0: ::core::ffi::c_int = slice_del(z);
     |                 ----^^^^^
     |                 |
     |                 help: remove this `mut`

warning: variable does not need to be mutable
    --> /work/src/crates/backend/snowball/dict_snowball/src/stemmers/stem_iso_8859_1_english.rs:2423:17
     |
2423 |             let mut m1: ::core::ffi::c_int = (*z).l - (*z).c;
     |                 ----^^
     |                 |
     |                 help: remove this `mut`

warning: variable does not need to be mutable
    --> /work/src/crates/backend/snowball/dict_snowball/src/stemmers/stem_iso_8859_1_english.rs:2439:17
     |
2439 |             let mut ret_1: ::core::ffi::c_int = slice_del(z);
     |                 ----^^^^^
     |                 |
     |                 help: remove this `mut`

warning: value assigned to `among_var` is never read
    --> /work/src/crates/backend/snowball/dict_snowball/src/stemmers/stem_iso_8859_1_english.rs:2390:45
     |
2390 |       let mut among_var: ::core::ffi::c_int = 0;
     |                                               ^ this value is reassigned later and never used
...
2402 | /     among_var = find_among_b(
2403 | |         z,
2404 | |         &raw const a_7 as *const among,
2405 | |         18 as ::core::ffi::c_int,
2406 | |     );
     | |_____- `among_var` is overwritten here before the previous value is read

warning: variable does not need to be mutable
    --> /work/src/crates/backend/snowball/dict_snowball/src/stemmers/stem_iso_8859_1_english.rs:2448:20
     |
2448 | unsafe fn r_Step_5(mut z: *mut SN_env) -> ::core::ffi::c_int {
     |                    ----^
     |                    |
     |                    help: remove this `mut`

warning: variable does not need to be mutable
    --> /work/src/crates/backend/snowball/dict_snowball/src/stemmers/stem_iso_8859_1_english.rs:2466:17
     |
2466 |             let mut ret: ::core::ffi::c_int = r_R2(z);
     |                 ----^^^
     |                 |
     |                 help: remove this `mut`

warning: variable does not need to be mutable
    --> /work/src/crates/backend/snowball/dict_snowball/src/stemmers/stem_iso_8859_1_english.rs:2468:21
     |
2468 |                 let mut ret_0: ::core::ffi::c_int = r_R1(z);
     |                     ----^^^^^
     |                     |
     |                     help: remove this `mut`

warning: variable does not need to be mutable
    --> /work/src/crates/backend/snowball/dict_snowball/src/stemmers/stem_iso_8859_1_english.rs:2472:21
     |
2472 |                 let mut m1: ::core::ffi::c_int = (*z).l - (*z).c;
     |                     ----^^
     |                     |
     |                     help: remove this `mut`

warning: variable does not need to be mutable
    --> /work/src/crates/backend/snowball/dict_snowball/src/stemmers/stem_iso_8859_1_english.rs:2473:21
     |
2473 |                 let mut ret_1: ::core::ffi::c_int = r_shortv(z);
     |                     ----^^^^^
     |                     |
     |                     help: remove this `mut`

warning: variable does not need to be mutable
    --> /work/src/crates/backend/snowball/dict_snowball/src/stemmers/stem_iso_8859_1_english.rs:2485:17
     |
2485 |             let mut ret_2: ::core::ffi::c_int = slice_del(z);
     |                 ----^^^^^
     |                 |
     |                 help: remove this `mut`

warning: variable does not need to be mutable
    --> /work/src/crates/backend/snowball/dict_snowball/src/stemmers/stem_iso_8859_1_english.rs:2491:17
     |
2491 |             let mut ret_3: ::core::ffi::c_int = r_R2(z);
     |                 ----^^^^^
     |                 |
     |                 help: remove this `mut`

warning: variable does not need to be mutable
    --> /work/src/crates/backend/snowball/dict_snowball/src/stemmers/stem_iso_8859_1_english.rs:2502:17
     |
2502 |             let mut ret_4: ::core::ffi::c_int = slice_del(z);
     |                 ----^^^^^
     |                 |
     |                 help: remove this `mut`

warning: value assigned to `among_var` is never read
    --> /work/src/crates/backend/snowball/dict_snowball/src/stemmers/stem_iso_8859_1_english.rs:2449:45
     |
2449 |     let mut among_var: ::core::ffi::c_int = 0;
     |                                             ^ this value is reassigned later and never used
...
2459 |     among_var = find_among_b(z, &raw const a_8 as *const among, 2 as ::core::ffi::c_int);
     |     ------------------------------------------------------------------------------------ `among_var` is overwritten here before the previous value is read

warning: variable does not need to be mutable
    --> /work/src/crates/backend/snowball/dict_snowball/src/stemmers/stem_iso_8859_1_english.rs:2511:24
     |
2511 | unsafe fn r_exception2(mut z: *mut SN_env) -> ::core::ffi::c_int {
     |                        ----^
     |                        |
     |                        help: remove this `mut`

warning: variable does not need to be mutable
    --> /work/src/crates/backend/snowball/dict_snowball/src/stemmers/stem_iso_8859_1_english.rs:2530:24
     |
2530 | unsafe fn r_exception1(mut z: *mut SN_env) -> ::core::ffi::c_int {
     |                        ----^
     |                        |
     |                        help: remove this `mut`

warning: variable does not need to be mutable
    --> /work/src/crates/backend/snowball/dict_snowball/src/stemmers/stem_iso_8859_1_english.rs:2553:17
     |
2553 |             let mut ret: ::core::ffi::c_int = slice_from_s(
     |                 ----^^^
     |                 |
     |                 help: remove this `mut`

warning: variable does not need to be mutable
    --> /work/src/crates/backend/snowball/dict_snowball/src/stemmers/stem_iso_8859_1_english.rs:2563:17
     |
2563 |             let mut ret_0: ::core::ffi::c_int = slice_from_s(
     |                 ----^^^^^
     |                 |
     |                 help: remove this `mut`

warning: variable does not need to be mutable
    --> /work/src/crates/backend/snowball/dict_snowball/src/stemmers/stem_iso_8859_1_english.rs:2573:17
     |
2573 |             let mut ret_1: ::core::ffi::c_int = slice_from_s(
     |                 ----^^^^^
     |                 |
     |                 help: remove this `mut`

warning: variable does not need to be mutable
    --> /work/src/crates/backend/snowball/dict_snowball/src/stemmers/stem_iso_8859_1_english.rs:2583:17
     |
2583 |             let mut ret_2: ::core::ffi::c_int = slice_from_s(
     |                 ----^^^^^
     |                 |
     |                 help: remove this `mut`

warning: variable does not need to be mutable
    --> /work/src/crates/backend/snowball/dict_snowball/src/stemmers/stem_iso_8859_1_english.rs:2593:17
     |
2593 |             let mut ret_3: ::core::ffi::c_int = slice_from_s(
     |                 ----^^^^^
     |                 |
     |                 help: remove this `mut`

warning: variable does not need to be mutable
    --> /work/src/crates/backend/snowball/dict_snowball/src/stemmers/stem_iso_8859_1_english.rs:2603:17
     |
2603 |             let mut ret_4: ::core::ffi::c_int = slice_from_s(
     |                 ----^^^^^
     |                 |
     |                 help: remove this `mut`

warning: variable does not need to be mutable
    --> /work/src/crates/backend/snowball/dict_snowball/src/stemmers/stem_iso_8859_1_english.rs:2613:17
     |
2613 |             let mut ret_5: ::core::ffi::c_int = slice_from_s(
     |                 ----^^^^^
     |                 |
     |                 help: remove this `mut`

warning: variable does not need to be mutable
    --> /work/src/crates/backend/snowball/dict_snowball/src/stemmers/stem_iso_8859_1_english.rs:2623:17
     |
2623 |             let mut ret_6: ::core::ffi::c_int = slice_from_s(
     |                 ----^^^^^
     |                 |
     |                 help: remove this `mut`

warning: variable does not need to be mutable
    --> /work/src/crates/backend/snowball/dict_snowball/src/stemmers/stem_iso_8859_1_english.rs:2633:17
     |
2633 |             let mut ret_7: ::core::ffi::c_int = slice_from_s(
     |                 ----^^^^^
     |                 |
     |                 help: remove this `mut`

warning: variable does not need to be mutable
    --> /work/src/crates/backend/snowball/dict_snowball/src/stemmers/stem_iso_8859_1_english.rs:2643:17
     |
2643 |             let mut ret_8: ::core::ffi::c_int = slice_from_s(
     |                 ----^^^^^
     |                 |
     |                 help: remove this `mut`

warning: variable does not need to be mutable
    --> /work/src/crates/backend/snowball/dict_snowball/src/stemmers/stem_iso_8859_1_english.rs:2653:17
     |
2653 |             let mut ret_9: ::core::ffi::c_int = slice_from_s(
     |                 ----^^^^^
     |                 |
     |                 help: remove this `mut`

warning: value assigned to `among_var` is never read
    --> /work/src/crates/backend/snowball/dict_snowball/src/stemmers/stem_iso_8859_1_english.rs:2531:45
     |
2531 |     let mut among_var: ::core::ffi::c_int = 0;
     |                                             ^ this value is reassigned later and never used
...
2543 |     among_var = find_among(z, &raw const a_10 as *const among, 18 as ::core::ffi::c_int);
     |     ------------------------------------------------------------------------------------ `among_var` is overwritten here before the previous value is read

warning: variable does not need to be mutable
    --> /work/src/crates/backend/snowball/dict_snowball/src/stemmers/stem_iso_8859_1_english.rs:2666:22
     |
2666 | unsafe fn r_postlude(mut z: *mut SN_env) -> ::core::ffi::c_int {
     |                      ----^
     |                      |
     |                      help: remove this `mut`

warning: variable does not need to be mutable
    --> /work/src/crates/backend/snowball/dict_snowball/src/stemmers/stem_iso_8859_1_english.rs:2672:13
     |
2672 |         let mut c1: ::core::ffi::c_int = (*z).c;
     |             ----^^
     |             |
     |             help: remove this `mut`

warning: variable does not need to be mutable
    --> /work/src/crates/backend/snowball/dict_snowball/src/stemmers/stem_iso_8859_1_english.rs:2674:17
     |
2674 |             let mut c2: ::core::ffi::c_int = (*z).c;
     |                 ----^^
     |                 |
     |                 help: remove this `mut`

warning: variable does not need to be mutable
    --> /work/src/crates/backend/snowball/dict_snowball/src/stemmers/stem_iso_8859_1_english.rs:2695:21
     |
2695 |                 let mut ret: ::core::ffi::c_int = slice_from_s(
     |                     ----^^^
     |                     |
     |                     help: remove this `mut`

warning: variable does not need to be mutable
    --> /work/src/crates/backend/snowball/dict_snowball/src/stemmers/stem_iso_8859_1_english.rs:2713:5
     |
2713 |     mut z: *mut SN_env,
     |     ----^
     |     |
     |     help: remove this `mut`

warning: variable does not need to be mutable
    --> /work/src/crates/backend/snowball/dict_snowball/src/stemmers/stem_iso_8859_1_english.rs:2715:9
     |
2715 |     let mut c1: ::core::ffi::c_int = (*z).c;
     |         ----^^
     |         |
     |         help: remove this `mut`

warning: variable does not need to be mutable
    --> /work/src/crates/backend/snowball/dict_snowball/src/stemmers/stem_iso_8859_1_english.rs:2716:9
     |
2716 |     let mut ret: ::core::ffi::c_int = r_exception1(z);
     |         ----^^^
     |         |
     |         help: remove this `mut`

warning: variable does not need to be mutable
    --> /work/src/crates/backend/snowball/dict_snowball/src/stemmers/stem_iso_8859_1_english.rs:2719:13
     |
2719 |         let mut c2: ::core::ffi::c_int = (*z).c;
     |             ----^^
     |             |
     |             help: remove this `mut`

warning: variable does not need to be mutable
    --> /work/src/crates/backend/snowball/dict_snowball/src/stemmers/stem_iso_8859_1_english.rs:2725:17
     |
2725 |             let mut ret_0: ::core::ffi::c_int = r_prelude(z);
     |                 ----^^^^^
     |                 |
     |                 help: remove this `mut`

warning: variable does not need to be mutable
    --> /work/src/crates/backend/snowball/dict_snowball/src/stemmers/stem_iso_8859_1_english.rs:2729:17
     |
2729 |             let mut ret_1: ::core::ffi::c_int = r_mark_regions(z);
     |                 ----^^^^^
     |                 |
     |                 help: remove this `mut`

warning: variable does not need to be mutable
    --> /work/src/crates/backend/snowball/dict_snowball/src/stemmers/stem_iso_8859_1_english.rs:2735:17
     |
2735 |             let mut m3: ::core::ffi::c_int = (*z).l - (*z).c;
     |                 ----^^
     |                 |
     |                 help: remove this `mut`

warning: variable does not need to be mutable
    --> /work/src/crates/backend/snowball/dict_snowball/src/stemmers/stem_iso_8859_1_english.rs:2736:17
     |
2736 |             let mut ret_2: ::core::ffi::c_int = r_Step_1a(z);
     |                 ----^^^^^
     |                 |
     |                 help: remove this `mut`

warning: variable does not need to be mutable
    --> /work/src/crates/backend/snowball/dict_snowball/src/stemmers/stem_iso_8859_1_english.rs:2741:17
     |
2741 |             let mut m4: ::core::ffi::c_int = (*z).l - (*z).c;
     |                 ----^^
     |                 |
     |                 help: remove this `mut`

warning: variable does not need to be mutable
    --> /work/src/crates/backend/snowball/dict_snowball/src/stemmers/stem_iso_8859_1_english.rs:2742:17
     |
2742 |             let mut ret_3: ::core::ffi::c_int = r_exception2(z);
     |                 ----^^^^^
     |                 |
     |                 help: remove this `mut`

warning: variable does not need to be mutable
    --> /work/src/crates/backend/snowball/dict_snowball/src/stemmers/stem_iso_8859_1_english.rs:2745:21
     |
2745 |                 let mut m5: ::core::ffi::c_int = (*z).l - (*z).c;
     |                     ----^^
     |                     |
     |                     help: remove this `mut`

warning: variable does not need to be mutable
    --> /work/src/crates/backend/snowball/dict_snowball/src/stemmers/stem_iso_8859_1_english.rs:2746:21
     |
2746 |                 let mut ret_4: ::core::ffi::c_int = r_Step_1b(z);
     |                     ----^^^^^
     |                     |
     |                     help: remove this `mut`

warning: variable does not need to be mutable
    --> /work/src/crates/backend/snowball/dict_snowball/src/stemmers/stem_iso_8859_1_english.rs:2751:21
     |
2751 |                 let mut m6: ::core::ffi::c_int = (*z).l - (*z).c;
     |                     ----^^
     |                     |
     |                     help: remove this `mut`

warning: variable does not need to be mutable
    --> /work/src/crates/backend/snowball/dict_snowball/src/stemmers/stem_iso_8859_1_english.rs:2752:21
     |
2752 |                 let mut ret_5: ::core::ffi::c_int = r_Step_1c(z);
     |                     ----^^^^^
     |                     |
     |                     help: remove this `mut`

warning: variable does not need to be mutable
    --> /work/src/crates/backend/snowball/dict_snowball/src/stemmers/stem_iso_8859_1_english.rs:2757:21
     |
2757 |                 let mut m7: ::core::ffi::c_int = (*z).l - (*z).c;
     |                     ----^^
     |                     |
     |                     help: remove this `mut`

warning: variable does not need to be mutable
    --> /work/src/crates/backend/snowball/dict_snowball/src/stemmers/stem_iso_8859_1_english.rs:2758:21
     |
2758 |                 let mut ret_6: ::core::ffi::c_int = r_Step_2(z);
     |                     ----^^^^^
     |                     |
     |                     help: remove this `mut`

warning: variable does not need to be mutable
    --> /work/src/crates/backend/snowball/dict_snowball/src/stemmers/stem_iso_8859_1_english.rs:2763:21
     |
2763 |                 let mut m8: ::core::ffi::c_int = (*z).l - (*z).c;
     |                     ----^^
     |                     |
     |                     help: remove this `mut`

warning: variable does not need to be mutable
    --> /work/src/crates/backend/snowball/dict_snowball/src/stemmers/stem_iso_8859_1_english.rs:2764:21
     |
2764 |                 let mut ret_7: ::core::ffi::c_int = r_Step_3(z);
     |                     ----^^^^^
     |                     |
     |                     help: remove this `mut`

warning: variable does not need to be mutable
    --> /work/src/crates/backend/snowball/dict_snowball/src/stemmers/stem_iso_8859_1_english.rs:2769:21
     |
2769 |                 let mut m9: ::core::ffi::c_int = (*z).l - (*z).c;
     |                     ----^^
     |                     |
     |                     help: remove this `mut`

warning: variable does not need to be mutable
    --> /work/src/crates/backend/snowball/dict_snowball/src/stemmers/stem_iso_8859_1_english.rs:2770:21
     |
2770 |                 let mut ret_8: ::core::ffi::c_int = r_Step_4(z);
     |                     ----^^^^^
     |                     |
     |                     help: remove this `mut`

warning: variable does not need to be mutable
    --> /work/src/crates/backend/snowball/dict_snowball/src/stemmers/stem_iso_8859_1_english.rs:2775:21
     |
2775 |                 let mut m10: ::core::ffi::c_int = (*z).l - (*z).c;
     |                     ----^^^
     |                     |
     |                     help: remove this `mut`

warning: variable does not need to be mutable
    --> /work/src/crates/backend/snowball/dict_snowball/src/stemmers/stem_iso_8859_1_english.rs:2776:21
     |
2776 |                 let mut ret_9: ::core::ffi::c_int = r_Step_5(z);
     |                     ----^^^^^
     |                     |
     |                     help: remove this `mut`

warning: variable does not need to be mutable
    --> /work/src/crates/backend/snowball/dict_snowball/src/stemmers/stem_iso_8859_1_english.rs:2785:17
     |
2785 |             let mut c11: ::core::ffi::c_int = (*z).c;
     |                 ----^^^
     |                 |
     |                 help: remove this `mut`

warning: variable does not need to be mutable
    --> /work/src/crates/backend/snowball/dict_snowball/src/stemmers/stem_iso_8859_1_english.rs:2786:17
     |
2786 |             let mut ret_10: ::core::ffi::c_int = r_postlude(z);
     |                 ----^^^^^^
     |                 |
     |                 help: remove this `mut`

warning: variable does not need to be mutable
    --> /work/src/crates/backend/snowball/dict_snowball/src/stemmers/stem_iso_8859_1_english.rs:2800:44
     |
2800 | pub unsafe fn english_ISO_8859_1_close_env(mut z: *mut SN_env) {
     |                                            ----^
     |                                            |
     |                                            help: remove this `mut`

warning: unnecessary `unsafe` block
  --> /work/src/crates/backend/snowball/dict_snowball/src/stemmers/stem_utf8_english.rs:33:30
   |
33 | static mut a_0: [among; 3] = unsafe {
   |                              ^^^^^^ unnecessary `unsafe` block

warning: unnecessary `unsafe` block
  --> /work/src/crates/backend/snowball/dict_snowball/src/stemmers/stem_utf8_english.rs:65:30
   |
65 | static mut a_1: [among; 3] = unsafe {
   |                              ^^^^^^ unnecessary `unsafe` block

warning: unnecessary `unsafe` block
   --> /work/src/crates/backend/snowball/dict_snowball/src/stemmers/stem_utf8_english.rs:109:30
    |
109 | static mut a_2: [among; 6] = unsafe {
    |                              ^^^^^^ unnecessary `unsafe` block

warning: unnecessary `unsafe` block
   --> /work/src/crates/backend/snowball/dict_snowball/src/stemmers/stem_utf8_english.rs:167:31
    |
167 | static mut a_3: [among; 13] = unsafe {
    |                               ^^^^^^ unnecessary `unsafe` block

warning: unnecessary `unsafe` block
   --> /work/src/crates/backend/snowball/dict_snowball/src/stemmers/stem_utf8_english.rs:293:30
    |
293 | static mut a_4: [among; 6] = unsafe {
    |                              ^^^^^^ unnecessary `unsafe` block

warning: unnecessary `unsafe` block
   --> /work/src/crates/backend/snowball/dict_snowball/src/stemmers/stem_utf8_english.rs:504:31
    |
504 | static mut a_5: [among; 24] = unsafe {
    |                               ^^^^^^ unnecessary `unsafe` block

warning: unnecessary `unsafe` block
   --> /work/src/crates/backend/snowball/dict_snowball/src/stemmers/stem_utf8_english.rs:738:30
    |
738 | static mut a_6: [among; 9] = unsafe {
    |                              ^^^^^^ unnecessary `unsafe` block

warning: unnecessary `unsafe` block
   --> /work/src/crates/backend/snowball/dict_snowball/src/stemmers/stem_utf8_english.rs:890:31
    |
890 | static mut a_7: [among; 18] = unsafe {
    |                               ^^^^^^ unnecessary `unsafe` block

warning: unnecessary `unsafe` block
    --> /work/src/crates/backend/snowball/dict_snowball/src/stemmers/stem_utf8_english.rs:1022:30
     |
1022 | static mut a_8: [among; 2] = unsafe {
     |                              ^^^^^^ unnecessary `unsafe` block

warning: unnecessary `unsafe` block
    --> /work/src/crates/backend/snowball/dict_snowball/src/stemmers/stem_utf8_english.rs:1109:30
     |
1109 | static mut a_9: [among; 8] = unsafe {
     |                              ^^^^^^ unnecessary `unsafe` block

warning: unnecessary `unsafe` block
    --> /work/src/crates/backend/snowball/dict_snowball/src/stemmers/stem_utf8_english.rs:1289:32
     |
1289 | static mut a_10: [among; 18] = unsafe {
     |                                ^^^^^^ unnecessary `unsafe` block

   Compiling name v0.0.0 (/work/src/crates/backend/utils/adt/name)
warning: variable does not need to be mutable
    --> /work/src/crates/backend/snowball/dict_snowball/src/stemmers/stem_utf8_english.rs:1594:21
     |
1594 | unsafe fn r_prelude(mut z: *mut SN_env) -> ::core::ffi::c_int {
     |                     ----^
     |                     |
     |                     help: remove this `mut`

warning: variable does not need to be mutable
    --> /work/src/crates/backend/snowball/dict_snowball/src/stemmers/stem_utf8_english.rs:1597:9
     |
1597 |     let mut c1: ::core::ffi::c_int = (*z).c;
     |         ----^^
     |         |
     |         help: remove this `mut`

warning: variable does not need to be mutable
    --> /work/src/crates/backend/snowball/dict_snowball/src/stemmers/stem_utf8_english.rs:1604:13
     |
1604 |         let mut ret: ::core::ffi::c_int = slice_del(z);
     |             ----^^^
     |             |
     |             help: remove this `mut`

warning: variable does not need to be mutable
    --> /work/src/crates/backend/snowball/dict_snowball/src/stemmers/stem_utf8_english.rs:1610:9
     |
1610 |     let mut c2: ::core::ffi::c_int = (*z).c;
     |         ----^^
     |         |
     |         help: remove this `mut`

warning: variable does not need to be mutable
    --> /work/src/crates/backend/snowball/dict_snowball/src/stemmers/stem_utf8_english.rs:1617:13
     |
1617 |         let mut ret_0: ::core::ffi::c_int = slice_from_s(
     |             ----^^^^^
     |             |
     |             help: remove this `mut`

warning: variable does not need to be mutable
    --> /work/src/crates/backend/snowball/dict_snowball/src/stemmers/stem_utf8_english.rs:1628:9
     |
1628 |     let mut c3: ::core::ffi::c_int = (*z).c;
     |         ----^^
     |         |
     |         help: remove this `mut`

warning: variable does not need to be mutable
    --> /work/src/crates/backend/snowball/dict_snowball/src/stemmers/stem_utf8_english.rs:1630:13
     |
1630 |         let mut c4: ::core::ffi::c_int = (*z).c;
     |             ----^^
     |             |
     |             help: remove this `mut`

warning: variable does not need to be mutable
    --> /work/src/crates/backend/snowball/dict_snowball/src/stemmers/stem_utf8_english.rs:1632:17
     |
1632 |             let mut c5: ::core::ffi::c_int = (*z).c;
     |                 ----^^
     |                 |
     |                 help: remove this `mut`

warning: variable does not need to be mutable
    --> /work/src/crates/backend/snowball/dict_snowball/src/stemmers/stem_utf8_english.rs:1654:17
     |
1654 |             let mut ret_1: ::core::ffi::c_int = skip_utf8(
     |                 ----^^^^^
     |                 |
     |                 help: remove this `mut`

warning: variable does not need to be mutable
    --> /work/src/crates/backend/snowball/dict_snowball/src/stemmers/stem_utf8_english.rs:1672:21
     |
1672 |                 let mut ret_2: ::core::ffi::c_int = slice_from_s(
     |                     ----^^^^^
     |                     |
     |                     help: remove this `mut`

warning: variable does not need to be mutable
    --> /work/src/crates/backend/snowball/dict_snowball/src/stemmers/stem_utf8_english.rs:1688:26
     |
1688 | unsafe fn r_mark_regions(mut z: *mut SN_env) -> ::core::ffi::c_int {
     |                          ----^
     |                          |
     |                          help: remove this `mut`

warning: variable does not need to be mutable
    --> /work/src/crates/backend/snowball/dict_snowball/src/stemmers/stem_utf8_english.rs:1692:9
     |
1692 |     let mut c1: ::core::ffi::c_int = (*z).c;
     |         ----^^
     |         |
     |         help: remove this `mut`

warning: variable does not need to be mutable
    --> /work/src/crates/backend/snowball/dict_snowball/src/stemmers/stem_utf8_english.rs:1693:9
     |
1693 |     let mut c2: ::core::ffi::c_int = (*z).c;
     |         ----^^
     |         |
     |         help: remove this `mut`

warning: variable does not need to be mutable
    --> /work/src/crates/backend/snowball/dict_snowball/src/stemmers/stem_utf8_english.rs:1712:17
     |
1712 |             let mut ret: ::core::ffi::c_int = out_grouping_U(
     |                 ----^^^
     |                 |
     |                 help: remove this `mut`

warning: variable does not need to be mutable
    --> /work/src/crates/backend/snowball/dict_snowball/src/stemmers/stem_utf8_english.rs:1723:21
     |
1723 |                 let mut ret_0: ::core::ffi::c_int = in_grouping_U(
     |                     ----^^^^^
     |                     |
     |                     help: remove this `mut`

warning: variable does not need to be mutable
    --> /work/src/crates/backend/snowball/dict_snowball/src/stemmers/stem_utf8_english.rs:1743:17
     |
1743 |             let mut ret_1: ::core::ffi::c_int = out_grouping_U(
     |                 ----^^^^^
     |                 |
     |                 help: remove this `mut`

warning: variable does not need to be mutable
    --> /work/src/crates/backend/snowball/dict_snowball/src/stemmers/stem_utf8_english.rs:1752:21
     |
1752 |                 let mut ret_2: ::core::ffi::c_int = in_grouping_U(
     |                     ----^^^^^
     |                     |
     |                     help: remove this `mut`

warning: variable does not need to be mutable
    --> /work/src/crates/backend/snowball/dict_snowball/src/stemmers/stem_utf8_english.rs:1770:20
     |
1770 | unsafe fn r_shortv(mut z: *mut SN_env) -> ::core::ffi::c_int {
     |                    ----^
     |                    |
     |                    help: remove this `mut`

warning: variable does not need to be mutable
    --> /work/src/crates/backend/snowball/dict_snowball/src/stemmers/stem_utf8_english.rs:1771:9
     |
1771 |     let mut current_block: u64;
     |         ----^^^^^^^^^^^^^
     |         |
     |         help: remove this `mut`

warning: variable does not need to be mutable
    --> /work/src/crates/backend/snowball/dict_snowball/src/stemmers/stem_utf8_english.rs:1772:9
     |
1772 |     let mut m1: ::core::ffi::c_int = (*z).l - (*z).c;
     |         ----^^
     |         |
     |         help: remove this `mut`

warning: variable does not need to be mutable
    --> /work/src/crates/backend/snowball/dict_snowball/src/stemmers/stem_utf8_english.rs:1834:16
     |
1834 | unsafe fn r_R1(mut z: *mut SN_env) -> ::core::ffi::c_int {
     |                ----^
     |                |
     |                help: remove this `mut`

warning: variable does not need to be mutable
    --> /work/src/crates/backend/snowball/dict_snowball/src/stemmers/stem_utf8_english.rs:1838:16
     |
1838 | unsafe fn r_R2(mut z: *mut SN_env) -> ::core::ffi::c_int {
     |                ----^
     |                |
     |                help: remove this `mut`

warning: variable does not need to be mutable
    --> /work/src/crates/backend/snowball/dict_snowball/src/stemmers/stem_utf8_english.rs:1842:21
     |
1842 | unsafe fn r_Step_1a(mut z: *mut SN_env) -> ::core::ffi::c_int {
     |                     ----^
     |                     |
     |                     help: remove this `mut`

warning: variable does not need to be mutable
    --> /work/src/crates/backend/snowball/dict_snowball/src/stemmers/stem_utf8_english.rs:1844:9
     |
1844 |     let mut m1: ::core::ffi::c_int = (*z).l - (*z).c;
     |         ----^^
     |         |
     |         help: remove this `mut`

warning: variable does not need to be mutable
    --> /work/src/crates/backend/snowball/dict_snowball/src/stemmers/stem_utf8_english.rs:1859:13
     |
1859 |         let mut ret: ::core::ffi::c_int = slice_del(z);
     |             ----^^^
     |             |
     |             help: remove this `mut`

warning: variable does not need to be mutable
    --> /work/src/crates/backend/snowball/dict_snowball/src/stemmers/stem_utf8_english.rs:1880:17
     |
1880 |             let mut ret_0: ::core::ffi::c_int = slice_from_s(
     |                 ----^^^^^
     |                 |
     |                 help: remove this `mut`

warning: variable does not need to be mutable
    --> /work/src/crates/backend/snowball/dict_snowball/src/stemmers/stem_utf8_english.rs:1890:17
     |
1890 |             let mut m2: ::core::ffi::c_int = (*z).l - (*z).c;
     |                 ----^^
     |                 |
     |                 help: remove this `mut`

warning: variable does not need to be mutable
    --> /work/src/crates/backend/snowball/dict_snowball/src/stemmers/stem_utf8_english.rs:1891:17
     |
1891 |             let mut ret_1: ::core::ffi::c_int = skip_b_utf8(
     |                 ----^^^^^
     |                 |
     |                 help: remove this `mut`

warning: variable does not need to be mutable
    --> /work/src/crates/backend/snowball/dict_snowball/src/stemmers/stem_utf8_english.rs:1899:21
     |
1899 |                 let mut ret_3: ::core::ffi::c_int = slice_from_s(
     |                     ----^^^^^
     |                     |
     |                     help: remove this `mut`

warning: variable does not need to be mutable
    --> /work/src/crates/backend/snowball/dict_snowball/src/stemmers/stem_utf8_english.rs:1909:21
     |
1909 |                 let mut ret_2: ::core::ffi::c_int = slice_from_s(
     |                     ----^^^^^
     |                     |
     |                     help: remove this `mut`

warning: variable does not need to be mutable
    --> /work/src/crates/backend/snowball/dict_snowball/src/stemmers/stem_utf8_english.rs:1920:17
     |
1920 |             let mut ret_4: ::core::ffi::c_int = skip_b_utf8(
     |                 ----^^^^^
     |                 |
     |                 help: remove this `mut`

warning: variable does not need to be mutable
    --> /work/src/crates/backend/snowball/dict_snowball/src/stemmers/stem_utf8_english.rs:1930:17
     |
1930 |             let mut ret_5: ::core::ffi::c_int = out_grouping_b_U(
     |                 ----^^^^^
     |                 |
     |                 help: remove this `mut`

warning: variable does not need to be mutable
    --> /work/src/crates/backend/snowball/dict_snowball/src/stemmers/stem_utf8_english.rs:1941:17
     |
1941 |             let mut ret_6: ::core::ffi::c_int = slice_del(z);
     |                 ----^^^^^
     |                 |
     |                 help: remove this `mut`

warning: value assigned to `among_var` is never read
    --> /work/src/crates/backend/snowball/dict_snowball/src/stemmers/stem_utf8_english.rs:1843:45
     |
1843 |     let mut among_var: ::core::ffi::c_int = 0;
     |                                             ^ this value is reassigned later and never used
...
1873 |     among_var = find_among_b(z, &raw const a_2 as *const among, 6 as ::core::ffi::c_int);
     |     ------------------------------------------------------------------------------------ `among_var` is overwritten here before the previous value is read

warning: variable does not need to be mutable
    --> /work/src/crates/backend/snowball/dict_snowball/src/stemmers/stem_utf8_english.rs:1950:21
     |
1950 | unsafe fn r_Step_1b(mut z: *mut SN_env) -> ::core::ffi::c_int {
     |                     ----^
     |                     |
     |                     help: remove this `mut`

warning: variable does not need to be mutable
    --> /work/src/crates/backend/snowball/dict_snowball/src/stemmers/stem_utf8_english.rs:1970:17
     |
1970 |             let mut ret: ::core::ffi::c_int = r_R1(z);
     |                 ----^^^
     |                 |
     |                 help: remove this `mut`

warning: variable does not need to be mutable
    --> /work/src/crates/backend/snowball/dict_snowball/src/stemmers/stem_utf8_english.rs:1974:17
     |
1974 |             let mut ret_0: ::core::ffi::c_int = slice_from_s(
     |                 ----^^^^^
     |                 |
     |                 help: remove this `mut`

warning: variable does not need to be mutable
    --> /work/src/crates/backend/snowball/dict_snowball/src/stemmers/stem_utf8_english.rs:1984:17
     |
1984 |             let mut m_test1: ::core::ffi::c_int = (*z).l - (*z).c;
     |                 ----^^^^^^^
     |                 |
     |                 help: remove this `mut`

warning: variable does not need to be mutable
    --> /work/src/crates/backend/snowball/dict_snowball/src/stemmers/stem_utf8_english.rs:1985:17
     |
1985 |             let mut ret_1: ::core::ffi::c_int = out_grouping_b_U(
     |                 ----^^^^^
     |                 |
     |                 help: remove this `mut`

warning: variable does not need to be mutable
    --> /work/src/crates/backend/snowball/dict_snowball/src/stemmers/stem_utf8_english.rs:1997:17
     |
1997 |             let mut ret_2: ::core::ffi::c_int = slice_del(z);
     |                 ----^^^^^
     |                 |
     |                 help: remove this `mut`

warning: variable does not need to be mutable
    --> /work/src/crates/backend/snowball/dict_snowball/src/stemmers/stem_utf8_english.rs:2003:17
     |
2003 |             let mut m_test2: ::core::ffi::c_int = (*z).l - (*z).c;
     |                 ----^^^^^^^
     |                 |
     |                 help: remove this `mut`

warning: variable does not need to be mutable
    --> /work/src/crates/backend/snowball/dict_snowball/src/stemmers/stem_utf8_english.rs:2023:25
     |
2023 |                     let mut ret_3: ::core::ffi::c_int = slice_from_s(
     |                         ----^^^^^
     |                         |
     |                         help: remove this `mut`

warning: variable does not need to be mutable
    --> /work/src/crates/backend/snowball/dict_snowball/src/stemmers/stem_utf8_english.rs:2034:25
     |
2034 |                     let mut m3: ::core::ffi::c_int = (*z).l - (*z).c;
     |                         ----^^
     |                         |
     |                         help: remove this `mut`

warning: variable does not need to be mutable
    --> /work/src/crates/backend/snowball/dict_snowball/src/stemmers/stem_utf8_english.rs:2053:25
     |
2053 |                     let mut m_test4: ::core::ffi::c_int = (*z).l - (*z).c;
     |                         ----^^^^^^^
     |                         |
     |                         help: remove this `mut`

warning: variable does not need to be mutable
    --> /work/src/crates/backend/snowball/dict_snowball/src/stemmers/stem_utf8_english.rs:2054:25
     |
2054 |                     let mut ret_4: ::core::ffi::c_int = r_shortv(z);
     |                         ----^^^^^
     |                         |
     |                         help: remove this `mut`

warning: variable does not need to be mutable
    --> /work/src/crates/backend/snowball/dict_snowball/src/stemmers/stem_utf8_english.rs:2059:25
     |
2059 |                     let mut ret_5: ::core::ffi::c_int = slice_from_s(
     |                         ----^^^^^
     |                         |
     |                         help: remove this `mut`

warning: variable does not need to be mutable
    --> /work/src/crates/backend/snowball/dict_snowball/src/stemmers/stem_utf8_english.rs:2073:17
     |
2073 |             let mut ret_6: ::core::ffi::c_int = skip_b_utf8(
     |                 ----^^^^^
     |                 |
     |                 help: remove this `mut`

warning: variable does not need to be mutable
    --> /work/src/crates/backend/snowball/dict_snowball/src/stemmers/stem_utf8_english.rs:2084:17
     |
2084 |             let mut ret_7: ::core::ffi::c_int = slice_del(z);
     |                 ----^^^^^
     |                 |
     |                 help: remove this `mut`

warning: value assigned to `among_var` is never read
    --> /work/src/crates/backend/snowball/dict_snowball/src/stemmers/stem_utf8_english.rs:1951:45
     |
1951 |     let mut among_var: ::core::ffi::c_int = 0;
     |                                             ^ this value is reassigned later and never used
...
1963 |     among_var = find_among_b(z, &raw const a_4 as *const among, 6 as ::core::ffi::c_int);
     |     ------------------------------------------------------------------------------------ `among_var` is overwritten here before the previous value is read

warning: variable does not need to be mutable
    --> /work/src/crates/backend/snowball/dict_snowball/src/stemmers/stem_utf8_english.rs:2093:21
     |
2093 | unsafe fn r_Step_1c(mut z: *mut SN_env) -> ::core::ffi::c_int {
     |                     ----^
     |                     |
     |                     help: remove this `mut`

warning: variable does not need to be mutable
    --> /work/src/crates/backend/snowball/dict_snowball/src/stemmers/stem_utf8_english.rs:2095:9
     |
2095 |     let mut m1: ::core::ffi::c_int = (*z).l - (*z).c;
     |         ----^^
     |         |
     |         help: remove this `mut`

warning: variable does not need to be mutable
    --> /work/src/crates/backend/snowball/dict_snowball/src/stemmers/stem_utf8_english.rs:2123:13
     |
2123 |         let mut ret: ::core::ffi::c_int = slice_from_s(
     |             ----^^^
     |             |
     |             help: remove this `mut`

warning: variable does not need to be mutable
    --> /work/src/crates/backend/snowball/dict_snowball/src/stemmers/stem_utf8_english.rs:2136:20
     |
2136 | unsafe fn r_Step_2(mut z: *mut SN_env) -> ::core::ffi::c_int {
     |                    ----^
     |                    |
     |                    help: remove this `mut`

warning: variable does not need to be mutable
    --> /work/src/crates/backend/snowball/dict_snowball/src/stemmers/stem_utf8_english.rs:2158:9
     |
2158 |     let mut ret: ::core::ffi::c_int = r_R1(z);
     |         ----^^^
     |         |
     |         help: remove this `mut`

warning: variable does not need to be mutable
    --> /work/src/crates/backend/snowball/dict_snowball/src/stemmers/stem_utf8_english.rs:2164:17
     |
2164 |             let mut ret_0: ::core::ffi::c_int = slice_from_s(
     |                 ----^^^^^
     |                 |
     |                 help: remove this `mut`

warning: variable does not need to be mutable
    --> /work/src/crates/backend/snowball/dict_snowball/src/stemmers/stem_utf8_english.rs:2174:17
     |
2174 |             let mut ret_1: ::core::ffi::c_int = slice_from_s(
     |                 ----^^^^^
     |                 |
     |                 help: remove this `mut`

warning: variable does not need to be mutable
    --> /work/src/crates/backend/snowball/dict_snowball/src/stemmers/stem_utf8_english.rs:2184:17
     |
2184 |             let mut ret_2: ::core::ffi::c_int = slice_from_s(
     |                 ----^^^^^
     |                 |
     |                 help: remove this `mut`

warning: variable does not need to be mutable
    --> /work/src/crates/backend/snowball/dict_snowball/src/stemmers/stem_utf8_english.rs:2194:17
     |
2194 |             let mut ret_3: ::core::ffi::c_int = slice_from_s(
     |                 ----^^^^^
     |                 |
     |                 help: remove this `mut`

warning: variable does not need to be mutable
    --> /work/src/crates/backend/snowball/dict_snowball/src/stemmers/stem_utf8_english.rs:2204:17
     |
2204 |             let mut ret_4: ::core::ffi::c_int = slice_from_s(
     |                 ----^^^^^
     |                 |
     |                 help: remove this `mut`

warning: variable does not need to be mutable
    --> /work/src/crates/backend/snowball/dict_snowball/src/stemmers/stem_utf8_english.rs:2214:17
     |
2214 |             let mut ret_5: ::core::ffi::c_int = slice_from_s(
     |                 ----^^^^^
     |                 |
     |                 help: remove this `mut`

warning: variable does not need to be mutable
    --> /work/src/crates/backend/snowball/dict_snowball/src/stemmers/stem_utf8_english.rs:2224:17
     |
2224 |             let mut ret_6: ::core::ffi::c_int = slice_from_s(
     |                 ----^^^^^
     |                 |
     |                 help: remove this `mut`

warning: variable does not need to be mutable
    --> /work/src/crates/backend/snowball/dict_snowball/src/stemmers/stem_utf8_english.rs:2234:17
     |
2234 |             let mut ret_7: ::core::ffi::c_int = slice_from_s(
     |                 ----^^^^^
     |                 |
     |                 help: remove this `mut`

warning: variable does not need to be mutable
    --> /work/src/crates/backend/snowball/dict_snowball/src/stemmers/stem_utf8_english.rs:2244:17
     |
2244 |             let mut ret_8: ::core::ffi::c_int = slice_from_s(
     |                 ----^^^^^
     |                 |
     |                 help: remove this `mut`

warning: variable does not need to be mutable
    --> /work/src/crates/backend/snowball/dict_snowball/src/stemmers/stem_utf8_english.rs:2254:17
     |
2254 |             let mut ret_9: ::core::ffi::c_int = slice_from_s(
     |                 ----^^^^^
     |                 |
     |                 help: remove this `mut`

warning: variable does not need to be mutable
    --> /work/src/crates/backend/snowball/dict_snowball/src/stemmers/stem_utf8_english.rs:2264:17
     |
2264 |             let mut ret_10: ::core::ffi::c_int = slice_from_s(
     |                 ----^^^^^^
     |                 |
     |                 help: remove this `mut`

warning: variable does not need to be mutable
    --> /work/src/crates/backend/snowball/dict_snowball/src/stemmers/stem_utf8_english.rs:2274:17
     |
2274 |             let mut ret_11: ::core::ffi::c_int = slice_from_s(
     |                 ----^^^^^^
     |                 |
     |                 help: remove this `mut`

warning: variable does not need to be mutable
    --> /work/src/crates/backend/snowball/dict_snowball/src/stemmers/stem_utf8_english.rs:2291:17
     |
2291 |             let mut ret_12: ::core::ffi::c_int = slice_from_s(
     |                 ----^^^^^^
     |                 |
     |                 help: remove this `mut`

warning: variable does not need to be mutable
    --> /work/src/crates/backend/snowball/dict_snowball/src/stemmers/stem_utf8_english.rs:2301:17
     |
2301 |             let mut ret_13: ::core::ffi::c_int = slice_from_s(
     |                 ----^^^^^^
     |                 |
     |                 help: remove this `mut`

warning: variable does not need to be mutable
    --> /work/src/crates/backend/snowball/dict_snowball/src/stemmers/stem_utf8_english.rs:2321:17
     |
2321 |             let mut ret_14: ::core::ffi::c_int = slice_del(z);
     |                 ----^^^^^^
     |                 |
     |                 help: remove this `mut`

warning: value assigned to `among_var` is never read
    --> /work/src/crates/backend/snowball/dict_snowball/src/stemmers/stem_utf8_english.rs:2137:45
     |
2137 |       let mut among_var: ::core::ffi::c_int = 0;
     |                                               ^ this value is reassigned later and never used
...
2149 | /     among_var = find_among_b(
2150 | |         z,
2151 | |         &raw const a_5 as *const among,
2152 | |         24 as ::core::ffi::c_int,
2153 | |     );
     | |_____- `among_var` is overwritten here before the previous value is read

warning: variable does not need to be mutable
    --> /work/src/crates/backend/snowball/dict_snowball/src/stemmers/stem_utf8_english.rs:2330:20
     |
2330 | unsafe fn r_Step_3(mut z: *mut SN_env) -> ::core::ffi::c_int {
     |                    ----^
     |                    |
     |                    help: remove this `mut`

warning: variable does not need to be mutable
    --> /work/src/crates/backend/snowball/dict_snowball/src/stemmers/stem_utf8_english.rs:2348:9
     |
2348 |     let mut ret: ::core::ffi::c_int = r_R1(z);
     |         ----^^^
     |         |
     |         help: remove this `mut`

warning: variable does not need to be mutable
    --> /work/src/crates/backend/snowball/dict_snowball/src/stemmers/stem_utf8_english.rs:2354:17
     |
2354 |             let mut ret_0: ::core::ffi::c_int = slice_from_s(
     |                 ----^^^^^
     |                 |
     |                 help: remove this `mut`

warning: variable does not need to be mutable
    --> /work/src/crates/backend/snowball/dict_snowball/src/stemmers/stem_utf8_english.rs:2364:17
     |
2364 |             let mut ret_1: ::core::ffi::c_int = slice_from_s(
     |                 ----^^^^^
     |                 |
     |                 help: remove this `mut`

warning: variable does not need to be mutable
    --> /work/src/crates/backend/snowball/dict_snowball/src/stemmers/stem_utf8_english.rs:2374:17
     |
2374 |             let mut ret_2: ::core::ffi::c_int = slice_from_s(
     |                 ----^^^^^
     |                 |
     |                 help: remove this `mut`

warning: variable does not need to be mutable
    --> /work/src/crates/backend/snowball/dict_snowball/src/stemmers/stem_utf8_english.rs:2384:17
     |
2384 |             let mut ret_3: ::core::ffi::c_int = slice_from_s(
     |                 ----^^^^^
     |                 |
     |                 help: remove this `mut`

warning: variable does not need to be mutable
    --> /work/src/crates/backend/snowball/dict_snowball/src/stemmers/stem_utf8_english.rs:2394:17
     |
2394 |             let mut ret_4: ::core::ffi::c_int = slice_del(z);
     |                 ----^^^^^
     |                 |
     |                 help: remove this `mut`

warning: variable does not need to be mutable
    --> /work/src/crates/backend/snowball/dict_snowball/src/stemmers/stem_utf8_english.rs:2400:17
     |
2400 |             let mut ret_5: ::core::ffi::c_int = r_R2(z);
     |                 ----^^^^^
     |                 |
     |                 help: remove this `mut`

warning: variable does not need to be mutable
    --> /work/src/crates/backend/snowball/dict_snowball/src/stemmers/stem_utf8_english.rs:2404:17
     |
2404 |             let mut ret_6: ::core::ffi::c_int = slice_del(z);
     |                 ----^^^^^
     |                 |
     |                 help: remove this `mut`

warning: value assigned to `among_var` is never read
    --> /work/src/crates/backend/snowball/dict_snowball/src/stemmers/stem_utf8_english.rs:2331:45
     |
2331 |     let mut among_var: ::core::ffi::c_int = 0;
     |                                             ^ this value is reassigned later and never used
...
2343 |     among_var = find_among_b(z, &raw const a_6 as *const among, 9 as ::core::ffi::c_int);
     |     ------------------------------------------------------------------------------------ `among_var` is overwritten here before the previous value is read

warning: variable does not need to be mutable
    --> /work/src/crates/backend/snowball/dict_snowball/src/stemmers/stem_utf8_english.rs:2413:20
     |
2413 | unsafe fn r_Step_4(mut z: *mut SN_env) -> ::core::ffi::c_int {
     |                    ----^
     |                    |
     |                    help: remove this `mut`

warning: variable does not need to be mutable
    --> /work/src/crates/backend/snowball/dict_snowball/src/stemmers/stem_utf8_english.rs:2435:9
     |
2435 |     let mut ret: ::core::ffi::c_int = r_R2(z);
     |         ----^^^
     |         |
     |         help: remove this `mut`

warning: variable does not need to be mutable
    --> /work/src/crates/backend/snowball/dict_snowball/src/stemmers/stem_utf8_english.rs:2441:17
     |
2441 |             let mut ret_0: ::core::ffi::c_int = slice_del(z);
     |                 ----^^^^^
     |                 |
     |                 help: remove this `mut`

warning: variable does not need to be mutable
    --> /work/src/crates/backend/snowball/dict_snowball/src/stemmers/stem_utf8_english.rs:2447:17
     |
2447 |             let mut m1: ::core::ffi::c_int = (*z).l - (*z).c;
     |                 ----^^
     |                 |
     |                 help: remove this `mut`

warning: variable does not need to be mutable
    --> /work/src/crates/backend/snowball/dict_snowball/src/stemmers/stem_utf8_english.rs:2463:17
     |
2463 |             let mut ret_1: ::core::ffi::c_int = slice_del(z);
     |                 ----^^^^^
     |                 |
     |                 help: remove this `mut`

warning: value assigned to `among_var` is never read
    --> /work/src/crates/backend/snowball/dict_snowball/src/stemmers/stem_utf8_english.rs:2414:45
     |
2414 |       let mut among_var: ::core::ffi::c_int = 0;
     |                                               ^ this value is reassigned later and never used
...
2426 | /     among_var = find_among_b(
2427 | |         z,
2428 | |         &raw const a_7 as *const among,
2429 | |         18 as ::core::ffi::c_int,
2430 | |     );
     | |_____- `among_var` is overwritten here before the previous value is read

warning: variable does not need to be mutable
    --> /work/src/crates/backend/snowball/dict_snowball/src/stemmers/stem_utf8_english.rs:2472:20
     |
2472 | unsafe fn r_Step_5(mut z: *mut SN_env) -> ::core::ffi::c_int {
     |                    ----^
     |                    |
     |                    help: remove this `mut`

warning: variable does not need to be mutable
    --> /work/src/crates/backend/snowball/dict_snowball/src/stemmers/stem_utf8_english.rs:2490:17
     |
2490 |             let mut ret: ::core::ffi::c_int = r_R2(z);
     |                 ----^^^
     |                 |
     |                 help: remove this `mut`

warning: variable does not need to be mutable
    --> /work/src/crates/backend/snowball/dict_snowball/src/stemmers/stem_utf8_english.rs:2492:21
     |
2492 |                 let mut ret_0: ::core::ffi::c_int = r_R1(z);
     |                     ----^^^^^
     |                     |
     |                     help: remove this `mut`

warning: variable does not need to be mutable
    --> /work/src/crates/backend/snowball/dict_snowball/src/stemmers/stem_utf8_english.rs:2496:21
     |
2496 |                 let mut m1: ::core::ffi::c_int = (*z).l - (*z).c;
     |                     ----^^
     |                     |
     |                     help: remove this `mut`

warning: variable does not need to be mutable
    --> /work/src/crates/backend/snowball/dict_snowball/src/stemmers/stem_utf8_english.rs:2497:21
     |
2497 |                 let mut ret_1: ::core::ffi::c_int = r_shortv(z);
     |                     ----^^^^^
     |                     |
     |                     help: remove this `mut`

warning: variable does not need to be mutable
    --> /work/src/crates/backend/snowball/dict_snowball/src/stemmers/stem_utf8_english.rs:2509:17
     |
2509 |             let mut ret_2: ::core::ffi::c_int = slice_del(z);
     |                 ----^^^^^
     |                 |
     |                 help: remove this `mut`

warning: variable does not need to be mutable
    --> /work/src/crates/backend/snowball/dict_snowball/src/stemmers/stem_utf8_english.rs:2515:17
     |
2515 |             let mut ret_3: ::core::ffi::c_int = r_R2(z);
     |                 ----^^^^^
     |                 |
     |                 help: remove this `mut`

warning: variable does not need to be mutable
    --> /work/src/crates/backend/snowball/dict_snowball/src/stemmers/stem_utf8_english.rs:2526:17
     |
2526 |             let mut ret_4: ::core::ffi::c_int = slice_del(z);
     |                 ----^^^^^
     |                 |
     |                 help: remove this `mut`

warning: value assigned to `among_var` is never read
    --> /work/src/crates/backend/snowball/dict_snowball/src/stemmers/stem_utf8_english.rs:2473:45
     |
2473 |     let mut among_var: ::core::ffi::c_int = 0;
     |                                             ^ this value is reassigned later and never used
...
2483 |     among_var = find_among_b(z, &raw const a_8 as *const among, 2 as ::core::ffi::c_int);
     |     ------------------------------------------------------------------------------------ `among_var` is overwritten here before the previous value is read

warning: variable does not need to be mutable
    --> /work/src/crates/backend/snowball/dict_snowball/src/stemmers/stem_utf8_english.rs:2535:24
     |
2535 | unsafe fn r_exception2(mut z: *mut SN_env) -> ::core::ffi::c_int {
     |                        ----^
     |                        |
     |                        help: remove this `mut`

warning: variable does not need to be mutable
    --> /work/src/crates/backend/snowball/dict_snowball/src/stemmers/stem_utf8_english.rs:2554:24
     |
2554 | unsafe fn r_exception1(mut z: *mut SN_env) -> ::core::ffi::c_int {
     |                        ----^
     |                        |
     |                        help: remove this `mut`

warning: variable does not need to be mutable
    --> /work/src/crates/backend/snowball/dict_snowball/src/stemmers/stem_utf8_english.rs:2577:17
     |
2577 |             let mut ret: ::core::ffi::c_int = slice_from_s(
     |                 ----^^^
     |                 |
     |                 help: remove this `mut`

warning: variable does not need to be mutable
    --> /work/src/crates/backend/snowball/dict_snowball/src/stemmers/stem_utf8_english.rs:2587:17
     |
2587 |             let mut ret_0: ::core::ffi::c_int = slice_from_s(
     |                 ----^^^^^
     |                 |
     |                 help: remove this `mut`

warning: variable does not need to be mutable
    --> /work/src/crates/backend/snowball/dict_snowball/src/stemmers/stem_utf8_english.rs:2597:17
     |
2597 |             let mut ret_1: ::core::ffi::c_int = slice_from_s(
     |                 ----^^^^^
     |                 |
     |                 help: remove this `mut`

warning: variable does not need to be mutable
    --> /work/src/crates/backend/snowball/dict_snowball/src/stemmers/stem_utf8_english.rs:2607:17
     |
2607 |             let mut ret_2: ::core::ffi::c_int = slice_from_s(
     |                 ----^^^^^
     |                 |
     |                 help: remove this `mut`

warning: variable does not need to be mutable
    --> /work/src/crates/backend/snowball/dict_snowball/src/stemmers/stem_utf8_english.rs:2617:17
     |
2617 |             let mut ret_3: ::core::ffi::c_int = slice_from_s(
     |                 ----^^^^^
     |                 |
     |                 help: remove this `mut`

warning: variable does not need to be mutable
    --> /work/src/crates/backend/snowball/dict_snowball/src/stemmers/stem_utf8_english.rs:2627:17
     |
2627 |             let mut ret_4: ::core::ffi::c_int = slice_from_s(
     |                 ----^^^^^
     |                 |
     |                 help: remove this `mut`

warning: variable does not need to be mutable
    --> /work/src/crates/backend/snowball/dict_snowball/src/stemmers/stem_utf8_english.rs:2637:17
     |
2637 |             let mut ret_5: ::core::ffi::c_int = slice_from_s(
     |                 ----^^^^^
     |                 |
     |                 help: remove this `mut`

warning: variable does not need to be mutable
    --> /work/src/crates/backend/snowball/dict_snowball/src/stemmers/stem_utf8_english.rs:2647:17
     |
2647 |             let mut ret_6: ::core::ffi::c_int = slice_from_s(
     |                 ----^^^^^
     |                 |
     |                 help: remove this `mut`

warning: variable does not need to be mutable
    --> /work/src/crates/backend/snowball/dict_snowball/src/stemmers/stem_utf8_english.rs:2657:17
     |
2657 |             let mut ret_7: ::core::ffi::c_int = slice_from_s(
     |                 ----^^^^^
     |                 |
     |                 help: remove this `mut`

warning: variable does not need to be mutable
    --> /work/src/crates/backend/snowball/dict_snowball/src/stemmers/stem_utf8_english.rs:2667:17
     |
2667 |             let mut ret_8: ::core::ffi::c_int = slice_from_s(
     |                 ----^^^^^
     |                 |
     |                 help: remove this `mut`

warning: variable does not need to be mutable
    --> /work/src/crates/backend/snowball/dict_snowball/src/stemmers/stem_utf8_english.rs:2677:17
     |
2677 |             let mut ret_9: ::core::ffi::c_int = slice_from_s(
     |                 ----^^^^^
     |                 |
     |                 help: remove this `mut`

warning: value assigned to `among_var` is never read
    --> /work/src/crates/backend/snowball/dict_snowball/src/stemmers/stem_utf8_english.rs:2555:45
     |
2555 |     let mut among_var: ::core::ffi::c_int = 0;
     |                                             ^ this value is reassigned later and never used
...
2567 |     among_var = find_among(z, &raw const a_10 as *const among, 18 as ::core::ffi::c_int);
     |     ------------------------------------------------------------------------------------ `among_var` is overwritten here before the previous value is read

warning: variable does not need to be mutable
    --> /work/src/crates/backend/snowball/dict_snowball/src/stemmers/stem_utf8_english.rs:2690:22
     |
2690 | unsafe fn r_postlude(mut z: *mut SN_env) -> ::core::ffi::c_int {
     |                      ----^
     |                      |
     |                      help: remove this `mut`

warning: variable does not need to be mutable
    --> /work/src/crates/backend/snowball/dict_snowball/src/stemmers/stem_utf8_english.rs:2696:13
     |
2696 |         let mut c1: ::core::ffi::c_int = (*z).c;
     |             ----^^
     |             |
     |             help: remove this `mut`

warning: variable does not need to be mutable
    --> /work/src/crates/backend/snowball/dict_snowball/src/stemmers/stem_utf8_english.rs:2698:17
     |
2698 |             let mut c2: ::core::ffi::c_int = (*z).c;
     |                 ----^^
     |                 |
     |                 help: remove this `mut`

warning: variable does not need to be mutable
    --> /work/src/crates/backend/snowball/dict_snowball/src/stemmers/stem_utf8_english.rs:2704:21
     |
2704 |                 let mut ret: ::core::ffi::c_int = skip_utf8(
     |                     ----^^^
     |                     |
     |                     help: remove this `mut`

warning: variable does not need to be mutable
    --> /work/src/crates/backend/snowball/dict_snowball/src/stemmers/stem_utf8_english.rs:2725:21
     |
2725 |                 let mut ret_0: ::core::ffi::c_int = slice_from_s(
     |                     ----^^^^^
     |                     |
     |                     help: remove this `mut`

warning: variable does not need to be mutable
    --> /work/src/crates/backend/snowball/dict_snowball/src/stemmers/stem_utf8_english.rs:2742:34
     |
2742 | pub unsafe fn english_UTF_8_stem(mut z: *mut SN_env) -> ::core::ffi::c_int {
     |                                  ----^
     |                                  |
     |                                  help: remove this `mut`

warning: variable does not need to be mutable
    --> /work/src/crates/backend/snowball/dict_snowball/src/stemmers/stem_utf8_english.rs:2743:9
     |
2743 |     let mut c1: ::core::ffi::c_int = (*z).c;
     |         ----^^
     |         |
     |         help: remove this `mut`

warning: variable does not need to be mutable
    --> /work/src/crates/backend/snowball/dict_snowball/src/stemmers/stem_utf8_english.rs:2744:9
     |
2744 |     let mut ret: ::core::ffi::c_int = r_exception1(z);
     |         ----^^^
     |         |
     |         help: remove this `mut`

warning: variable does not need to be mutable
    --> /work/src/crates/backend/snowball/dict_snowball/src/stemmers/stem_utf8_english.rs:2747:13
     |
2747 |         let mut c2: ::core::ffi::c_int = (*z).c;
     |             ----^^
     |             |
     |             help: remove this `mut`

warning: variable does not need to be mutable
    --> /work/src/crates/backend/snowball/dict_snowball/src/stemmers/stem_utf8_english.rs:2748:13
     |
2748 |         let mut ret_0: ::core::ffi::c_int = skip_utf8(
     |             ----^^^^^
     |             |
     |             help: remove this `mut`

warning: variable does not need to be mutable
    --> /work/src/crates/backend/snowball/dict_snowball/src/stemmers/stem_utf8_english.rs:2759:17
     |
2759 |             let mut ret_1: ::core::ffi::c_int = r_prelude(z);
     |                 ----^^^^^
     |                 |
     |                 help: remove this `mut`

warning: variable does not need to be mutable
    --> /work/src/crates/backend/snowball/dict_snowball/src/stemmers/stem_utf8_english.rs:2763:17
     |
2763 |             let mut ret_2: ::core::ffi::c_int = r_mark_regions(z);
     |                 ----^^^^^
     |                 |
     |                 help: remove this `mut`

warning: variable does not need to be mutable
    --> /work/src/crates/backend/snowball/dict_snowball/src/stemmers/stem_utf8_english.rs:2769:17
     |
2769 |             let mut m3: ::core::ffi::c_int = (*z).l - (*z).c;
     |                 ----^^
     |                 |
     |                 help: remove this `mut`

warning: variable does not need to be mutable
    --> /work/src/crates/backend/snowball/dict_snowball/src/stemmers/stem_utf8_english.rs:2770:17
     |
2770 |             let mut ret_3: ::core::ffi::c_int = r_Step_1a(z);
     |                 ----^^^^^
     |                 |
     |                 help: remove this `mut`

warning: variable does not need to be mutable
    --> /work/src/crates/backend/snowball/dict_snowball/src/stemmers/stem_utf8_english.rs:2775:17
     |
2775 |             let mut m4: ::core::ffi::c_int = (*z).l - (*z).c;
     |                 ----^^
     |                 |
     |                 help: remove this `mut`

warning: variable does not need to be mutable
    --> /work/src/crates/backend/snowball/dict_snowball/src/stemmers/stem_utf8_english.rs:2776:17
     |
2776 |             let mut ret_4: ::core::ffi::c_int = r_exception2(z);
     |                 ----^^^^^
     |                 |
     |                 help: remove this `mut`

warning: variable does not need to be mutable
    --> /work/src/crates/backend/snowball/dict_snowball/src/stemmers/stem_utf8_english.rs:2779:21
     |
2779 |                 let mut m5: ::core::ffi::c_int = (*z).l - (*z).c;
     |                     ----^^
     |                     |
     |                     help: remove this `mut`

warning: variable does not need to be mutable
    --> /work/src/crates/backend/snowball/dict_snowball/src/stemmers/stem_utf8_english.rs:2780:21
     |
2780 |                 let mut ret_5: ::core::ffi::c_int = r_Step_1b(z);
     |                     ----^^^^^
     |                     |
     |                     help: remove this `mut`

warning: variable does not need to be mutable
    --> /work/src/crates/backend/snowball/dict_snowball/src/stemmers/stem_utf8_english.rs:2785:21
     |
2785 |                 let mut m6: ::core::ffi::c_int = (*z).l - (*z).c;
     |                     ----^^
     |                     |
     |                     help: remove this `mut`

warning: variable does not need to be mutable
    --> /work/src/crates/backend/snowball/dict_snowball/src/stemmers/stem_utf8_english.rs:2786:21
     |
2786 |                 let mut ret_6: ::core::ffi::c_int = r_Step_1c(z);
     |                     ----^^^^^
     |                     |
     |                     help: remove this `mut`

warning: variable does not need to be mutable
    --> /work/src/crates/backend/snowball/dict_snowball/src/stemmers/stem_utf8_english.rs:2791:21
     |
2791 |                 let mut m7: ::core::ffi::c_int = (*z).l - (*z).c;
     |                     ----^^
     |                     |
     |                     help: remove this `mut`

warning: variable does not need to be mutable
    --> /work/src/crates/backend/snowball/dict_snowball/src/stemmers/stem_utf8_english.rs:2792:21
     |
2792 |                 let mut ret_7: ::core::ffi::c_int = r_Step_2(z);
     |                     ----^^^^^
     |                     |
     |                     help: remove this `mut`

warning: variable does not need to be mutable
    --> /work/src/crates/backend/snowball/dict_snowball/src/stemmers/stem_utf8_english.rs:2797:21
     |
2797 |                 let mut m8: ::core::ffi::c_int = (*z).l - (*z).c;
     |                     ----^^
     |                     |
     |                     help: remove this `mut`

warning: variable does not need to be mutable
    --> /work/src/crates/backend/snowball/dict_snowball/src/stemmers/stem_utf8_english.rs:2798:21
     |
2798 |                 let mut ret_8: ::core::ffi::c_int = r_Step_3(z);
     |                     ----^^^^^
     |                     |
     |                     help: remove this `mut`

warning: variable does not need to be mutable
    --> /work/src/crates/backend/snowball/dict_snowball/src/stemmers/stem_utf8_english.rs:2803:21
     |
2803 |                 let mut m9: ::core::ffi::c_int = (*z).l - (*z).c;
     |                     ----^^
     |                     |
     |                     help: remove this `mut`

warning: variable does not need to be mutable
    --> /work/src/crates/backend/snowball/dict_snowball/src/stemmers/stem_utf8_english.rs:2804:21
     |
2804 |                 let mut ret_9: ::core::ffi::c_int = r_Step_4(z);
     |                     ----^^^^^
     |                     |
     |                     help: remove this `mut`

warning: variable does not need to be mutable
    --> /work/src/crates/backend/snowball/dict_snowball/src/stemmers/stem_utf8_english.rs:2809:21
     |
2809 |                 let mut m10: ::core::ffi::c_int = (*z).l - (*z).c;
     |                     ----^^^
     |                     |
     |                     help: remove this `mut`

warning: variable does not need to be mutable
    --> /work/src/crates/backend/snowball/dict_snowball/src/stemmers/stem_utf8_english.rs:2810:21
     |
2810 |                 let mut ret_10: ::core::ffi::c_int = r_Step_5(z);
     |                     ----^^^^^^
     |                     |
     |                     help: remove this `mut`

warning: variable does not need to be mutable
    --> /work/src/crates/backend/snowball/dict_snowball/src/stemmers/stem_utf8_english.rs:2819:17
     |
2819 |             let mut c11: ::core::ffi::c_int = (*z).c;
     |                 ----^^^
     |                 |
     |                 help: remove this `mut`

warning: variable does not need to be mutable
    --> /work/src/crates/backend/snowball/dict_snowball/src/stemmers/stem_utf8_english.rs:2820:17
     |
2820 |             let mut ret_11: ::core::ffi::c_int = r_postlude(z);
     |                 ----^^^^^^
     |                 |
     |                 help: remove this `mut`

warning: variable does not need to be mutable
    --> /work/src/crates/backend/snowball/dict_snowball/src/stemmers/stem_utf8_english.rs:2834:39
     |
2834 | pub unsafe fn english_UTF_8_close_env(mut z: *mut SN_env) {
     |                                       ----^
     |                                       |
     |                                       help: remove this `mut`

   Compiling adt_char v0.1.0 (/work/src/crates/backend/utils/adt/char)
   Compiling adt_quote v0.1.0 (/work/src/crates/backend/utils/adt/quote)
   Compiling adt_varchar v0.1.0 (/work/src/crates/backend/utils/adt/varchar)
   Compiling adt_pseudotypes v0.1.0 (/work/src/crates/backend/utils/adt/pseudotypes)
   Compiling adt_encode v0.1.0 (/work/src/crates/backend/utils/adt/encode)
warning: `adt_tsrank` (lib) generated 1 warning (run `cargo fix --lib -p adt_tsrank` to apply 1 suggestion)
   Compiling cryptohashfuncs v0.1.0 (/work/src/crates/backend/utils/adt/cryptohashfuncs)
   Compiling adt_ascii v0.1.0 (/work/src/crates/backend/utils/adt/adt_ascii)
warning: `regex_core` (lib) generated 1 warning
   Compiling adt_xml v0.1.0 (/work/src/crates/backend/utils/adt/xml)
warning: variant `XMLOPTION_DOCUMENT` should have an upper camel case name
  --> /work/src/crates/backend/utils/adt/xml/src/lib.rs:51:5
   |
51 |     XMLOPTION_DOCUMENT = 0,
   |     ^^^^^^^^^^^^^^^^^^ help: convert the identifier to upper camel case: `XmloptionDocument`
   |
   = note: `#[warn(non_camel_case_types)]` (part of `#[warn(nonstandard_style)]`) on by default

warning: variant `XMLOPTION_CONTENT` should have an upper camel case name
  --> /work/src/crates/backend/utils/adt/xml/src/lib.rs:52:5
   |
52 |     XMLOPTION_CONTENT = 1,
   |     ^^^^^^^^^^^^^^^^^ help: convert the identifier to upper camel case: `XmloptionContent`

warning: variant `XMLBINARY_BASE64` should have an upper camel case name
  --> /work/src/crates/backend/utils/adt/xml/src/lib.rs:57:5
   |
57 |     XMLBINARY_BASE64 = 0,
   |     ^^^^^^^^^^^^^^^^ help: convert the identifier to upper camel case: `XmlbinaryBase64`

warning: variant `XMLBINARY_HEX` should have an upper camel case name
  --> /work/src/crates/backend/utils/adt/xml/src/lib.rs:58:5
   |
58 |     XMLBINARY_HEX = 1,
   |     ^^^^^^^^^^^^^ help: convert the identifier to upper camel case: `XmlbinaryHex`

warning: variant `XML_STANDALONE_YES` should have an upper camel case name
  --> /work/src/crates/backend/utils/adt/xml/src/lib.rs:63:5
   |
63 |     XML_STANDALONE_YES = 0,
   |     ^^^^^^^^^^^^^^^^^^ help: convert the identifier to upper camel case: `XmlStandaloneYes`

warning: variant `XML_STANDALONE_NO` should have an upper camel case name
  --> /work/src/crates/backend/utils/adt/xml/src/lib.rs:64:5
   |
64 |     XML_STANDALONE_NO = 1,
   |     ^^^^^^^^^^^^^^^^^ help: convert the identifier to upper camel case: `XmlStandaloneNo`

warning: variant `XML_STANDALONE_NO_VALUE` should have an upper camel case name
  --> /work/src/crates/backend/utils/adt/xml/src/lib.rs:65:5
   |
65 |     XML_STANDALONE_NO_VALUE = 2,
   |     ^^^^^^^^^^^^^^^^^^^^^^^ help: convert the identifier to upper camel case: `XmlStandaloneNoValue`

warning: variant `XML_STANDALONE_OMITTED` should have an upper camel case name
  --> /work/src/crates/backend/utils/adt/xml/src/lib.rs:66:5
   |
66 |     XML_STANDALONE_OMITTED = 3,
   |     ^^^^^^^^^^^^^^^^^^^^^^ help: convert the identifier to upper camel case: `XmlStandaloneOmitted`

   Compiling adt_pg_lsn v0.1.0 (/work/src/crates/backend/utils/adt/pg_lsn)
   Compiling adt_enum v0.0.0 (/work/src/crates/backend/utils/adt/adt_enum)
warning: unnecessary `unsafe` block
   --> /work/src/crates/backend/utils/adt/xml/src/xmltable.rs:289:13
    |
285 |     unsafe {
    |     ------ because it's nested under this `unsafe` block
...
289 |             unsafe {
    |             ^^^^^^ unnecessary `unsafe` block
    |
    = note: `#[warn(unused_unsafe)]` (part of `#[warn(unused)]`) on by default

warning: unnecessary `unsafe` block
  --> /work/src/crates/backend/utils/adt/xml/src/xpath.rs:42:17
   |
23 |     unsafe {
   |     ------ because it's nested under this `unsafe` block
...
42 |                 unsafe {
   |                 ^^^^^^ unnecessary `unsafe` block

warning: unnecessary `unsafe` block
   --> /work/src/crates/backend/utils/adt/xml/src/xpath.rs:229:13
    |
196 |     unsafe {
    |     ------ because it's nested under this `unsafe` block
...
229 |             unsafe {
    |             ^^^^^^ unnecessary `unsafe` block

   Compiling adt_domains v0.1.0 (/work/src/crates/backend/utils/adt/domains)
   Compiling visibilitymap v0.1.0 (/work/src/crates/backend/access/heap/visibilitymap)
   Compiling conv v0.1.0 (/work/src/crates/backend/utils/mb/conv)
   Compiling sequence_seams v0.0.0 (/work/src/crates/backend/commands/sequence_seams)
warning: `tsearch_dict` (lib) generated 1 warning (run `cargo fix --lib -p tsearch_dict` to apply 1 suggestion)
   Compiling foreigncmds_seams v0.0.0 (/work/src/crates/backend/commands/foreigncmds_seams)
   Compiling adt_windowfuncs v0.1.0 (/work/src/crates/backend/utils/adt/windowfuncs)
   Compiling extension_seams v0.0.0 (/work/src/crates/backend/commands/extension_seams)
   Compiling types_brin v0.1.0 (/work/src/crates/_support/types/types_brin)
   Compiling pruneheap_seams v0.0.0 (/work/src/crates/backend/access/heap/pruneheap_seams)
   Compiling heapam_xlog v0.1.0 (/work/src/crates/backend/access/heap/heapam_xlog)
   Compiling storage_xlog v0.1.0 (/work/src/crates/backend/catalog/storage_xlog)
   Compiling brin_pageops v0.1.0 (/work/src/crates/backend/access/brin/brin_pageops)
warning: `dict_snowball` (lib) generated 296 warnings (run `cargo fix --lib -p dict_snowball` to apply 260 suggestions)
   Compiling hash_xlog v0.1.0 (/work/src/crates/backend/access/hash/hash_xlog)
   Compiling generic_xlog v0.1.0 (/work/src/crates/backend/access/transam/generic_xlog)
   Compiling gin_xlog v0.1.0 (/work/src/crates/backend/access/gin/gin_xlog)
   Compiling gist_xlog v0.1.0 (/work/src/crates/backend/access/gist/gist_xlog)
warning: unexpected `cfg` condition name: `pgrust_sim`
  --> /work/src/crates/backend/access/gin/gin_xlog/src/lib.rs:26:7
   |
26 | #[cfg(pgrust_sim)]
   |       ^^^^^^^^^^
   |
   = help: expected names are: `docsrs`, `feature`, and `test` and 33 more
   = help: consider using a Cargo feature instead
   = help: or consider adding in `Cargo.toml` the `check-cfg` lint config for the lint:
            [lints.rust]
            unexpected_cfgs = { level = "warn", check-cfg = ['cfg(pgrust_sim)'] }
   = help: or consider adding `println!("cargo::rustc-check-cfg=cfg(pgrust_sim)");` to the top of the `build.rs`
   = note: see <https://doc.rust-lang.org/nightly/rustc/check-cfg/cargo-specifics.html> for more information about checking conditional configuration
   = note: `#[warn(unexpected_cfgs)]` on by default

warning: unexpected `cfg` condition name: `pgrust_sim`
   --> /work/src/crates/backend/access/gin/gin_xlog/src/lib.rs:590:11
    |
590 |     #[cfg(pgrust_sim)]
    |           ^^^^^^^^^^
    |
    = help: consider using a Cargo feature instead
    = help: or consider adding in `Cargo.toml` the `check-cfg` lint config for the lint:
             [lints.rust]
             unexpected_cfgs = { level = "warn", check-cfg = ['cfg(pgrust_sim)'] }
    = help: or consider adding `println!("cargo::rustc-check-cfg=cfg(pgrust_sim)");` to the top of the `build.rs`
    = note: see <https://doc.rust-lang.org/nightly/rustc/check-cfg/cargo-specifics.html> for more information about checking conditional configuration

warning: variable does not need to be mutable
   --> /work/src/crates/backend/access/brin/brin_pageops/src/lib.rs:148:9
    |
148 |     let mut newbuf: Buffer;
    |         ----^^^^^^
    |         |
    |         help: remove this `mut`
    |
    = note: `#[warn(unused_mut)]` (part of `#[warn(unused)]`) on by default

   Compiling spgist_xlog v0.1.0 (/work/src/crates/backend/access/spgist/spgist_xlog)
warning: function `page_ref` is never used
  --> /work/src/crates/backend/access/hash/hash_xlog/src/lib.rs:48:11
   |
48 | unsafe fn page_ref<'p>(buffer: Buffer) -> PageRef<'p> {
   |           ^^^^^^^^
   |
   = note: `#[warn(dead_code)]` (part of `#[warn(unused)]`) on by default

   Compiling brin_xlog v0.1.0 (/work/src/crates/backend/access/brin/brin_xlog)
warning: unexpected `cfg` condition name: `pgrust_sim`
  --> /work/src/crates/backend/access/brin/brin_xlog/src/lib.rs:24:7
   |
24 | #[cfg(pgrust_sim)]
   |       ^^^^^^^^^^
   |
   = help: expected names are: `docsrs`, `feature`, and `test` and 33 more
   = help: consider using a Cargo feature instead
   = help: or consider adding in `Cargo.toml` the `check-cfg` lint config for the lint:
            [lints.rust]
            unexpected_cfgs = { level = "warn", check-cfg = ['cfg(pgrust_sim)'] }
   = help: or consider adding `println!("cargo::rustc-check-cfg=cfg(pgrust_sim)");` to the top of the `build.rs`
   = note: see <https://doc.rust-lang.org/nightly/rustc/check-cfg/cargo-specifics.html> for more information about checking conditional configuration
   = note: `#[warn(unexpected_cfgs)]` on by default

warning: unexpected `cfg` condition name: `pgrust_sim`
   --> /work/src/crates/backend/access/brin/brin_xlog/src/lib.rs:165:11
    |
165 |     #[cfg(pgrust_sim)]
    |           ^^^^^^^^^^
    |
    = help: consider using a Cargo feature instead
    = help: or consider adding in `Cargo.toml` the `check-cfg` lint config for the lint:
             [lints.rust]
             unexpected_cfgs = { level = "warn", check-cfg = ['cfg(pgrust_sim)'] }
    = help: or consider adding `println!("cargo::rustc-check-cfg=cfg(pgrust_sim)");` to the top of the `build.rs`
    = note: see <https://doc.rust-lang.org/nightly/rustc/check-cfg/cargo-specifics.html> for more information about checking conditional configuration

warning: `adt_multirangetypes` (lib) generated 3 warnings (run `cargo fix --lib -p adt_multirangetypes` to apply 3 suggestions)
   Compiling nbtree_xlog v0.1.0 (/work/src/crates/backend/access/nbtree/nbtree_xlog)
   Compiling logical_message v0.0.0 (/work/src/crates/backend/replication/logical/logical_message)
warning: `brin_xlog` (lib) generated 2 warnings
   Compiling sequence_xlog v0.1.0 (/work/src/crates/backend/commands/sequence_xlog)
warning: unexpected `cfg` condition name: `pgrust_sim`
  --> /work/src/crates/backend/access/nbtree/nbtree_xlog/src/lib.rs:37:7
   |
37 | #[cfg(pgrust_sim)]
   |       ^^^^^^^^^^
   |
   = help: expected names are: `docsrs`, `feature`, and `test` and 33 more
   = help: consider using a Cargo feature instead
   = help: or consider adding in `Cargo.toml` the `check-cfg` lint config for the lint:
            [lints.rust]
            unexpected_cfgs = { level = "warn", check-cfg = ['cfg(pgrust_sim)'] }
   = help: or consider adding `println!("cargo::rustc-check-cfg=cfg(pgrust_sim)");` to the top of the `build.rs`
   = note: see <https://doc.rust-lang.org/nightly/rustc/check-cfg/cargo-specifics.html> for more information about checking conditional configuration
   = note: `#[warn(unexpected_cfgs)]` on by default

warning: unexpected `cfg` condition name: `pgrust_sim`
   --> /work/src/crates/backend/access/nbtree/nbtree_xlog/src/lib.rs:830:15
    |
830 |         #[cfg(pgrust_sim)]
    |               ^^^^^^^^^^
    |
    = help: consider using a Cargo feature instead
    = help: or consider adding in `Cargo.toml` the `check-cfg` lint config for the lint:
             [lints.rust]
             unexpected_cfgs = { level = "warn", check-cfg = ['cfg(pgrust_sim)'] }
    = help: or consider adding `println!("cargo::rustc-check-cfg=cfg(pgrust_sim)");` to the top of the `build.rs`
    = note: see <https://doc.rust-lang.org/nightly/rustc/check-cfg/cargo-specifics.html> for more information about checking conditional configuration

   Compiling percentrepl v0.0.0 (/work/src/crates/common/percentrepl)
   Compiling adt_rowtypes v0.1.0 (/work/src/crates/backend/utils/adt/rowtypes)
   Compiling archive v0.0.0 (/work/src/crates/common/archive)
warning: `hash_xlog` (lib) generated 1 warning
   Compiling adt_geo v0.1.0 (/work/src/crates/backend/utils/adt/geo)
   Compiling contrib_earthdistance v0.0.0 (/work/src/crates/contrib/earthdistance)
warning: `gin_xlog` (lib) generated 2 warnings
   Compiling xlogstats v0.1.0 (/work/src/crates/backend/access/transam/xlogstats)
warning: unused import: `Point`
 --> /work/src/crates/backend/utils/adt/geo/src/path.rs:2:25
  |
2 | use ::types_core::geo::{Point, BOX, PATH_HEADER_SIZE};
  |                         ^^^^^
  |
  = note: `#[warn(unused_imports)]` (part of `#[warn(unused)]`) on by default

   Compiling bloomfilter v0.1.0 (/work/src/crates/backend/lib/bloomfilter)
   Compiling integerset v0.1.0 (/work/src/crates/backend/lib/integerset)
   Compiling scram_common v0.1.0 (/work/src/crates/common/scram_common)
warning: `brin_pageops` (lib) generated 1 warning (run `cargo fix --lib -p brin_pageops` to apply 1 suggestion)
warning: `nbtree_xlog` (lib) generated 2 warnings
warning: `adt_xml` (lib) generated 11 warnings
warning: `adt_jsonb` (lib) generated 33 warnings
warning: `adt_geo` (lib) generated 1 warning (run `cargo fix --lib -p adt_geo` to apply 1 suggestion)
   Compiling be_secure_openssl v0.0.0 (/work/src/crates/backend/libpq/be_secure_openssl)
warning: type `X509_NAME_ENTRY` should have an upper camel case name
 --> /work/src/crates/backend/libpq/be_secure_openssl/src/cffi.rs:8:10
  |
8 | pub enum X509_NAME_ENTRY {}
  |          ^^^^^^^^^^^^^^^ help: convert the identifier to upper camel case: `X509NameEntry`
  |
  = note: `#[warn(non_camel_case_types)]` (part of `#[warn(nonstandard_style)]`) on by default

warning: type `X509_EXTENSION` should have an upper camel case name
  --> /work/src/crates/backend/libpq/be_secure_openssl/src/cffi.rs:10:10
   |
10 | pub enum X509_EXTENSION {}
   |          ^^^^^^^^^^^^^^ help: convert the identifier to upper camel case: `X509Extension`

   Compiling backend_status v0.0.0 (/work/src/crates/backend/utils/activity/backend_status)
   Compiling backend_progress v0.0.0 (/work/src/crates/backend/utils/activity/backend_progress)
   Compiling signalfuncs v0.0.0 (/work/src/crates/backend/storage/ipc/signalfuncs)
   Compiling pgstatfuncs v0.1.0 (/work/src/crates/backend/utils/adt/pgstatfuncs)
   Compiling fmgr_core v0.1.0 (/work/src/crates/backend/utils/fmgr/fmgr_core)
warning: `be_secure_openssl` (lib) generated 2 warnings
warning: decoder_fuzz@0.0.0: In file included from csrc/pg_libfam_io.c:163:
warning: decoder_fuzz@0.0.0: csrc/libfam/vendor/hyperloglog.c: In function 'estimateHyperLogLog':
warning: decoder_fuzz@0.0.0: csrc/libfam/vendor/hyperloglog.c:192:23: warning: comparison of integer expressions of different signedness: 'int' and 'Size' {aka 'long unsigned int'} [-Wsign-compare]
warning: decoder_fuzz@0.0.0:   192 |         for (i = 0; i < cState->nRegisters; i++)
warning: decoder_fuzz@0.0.0:       |                       ^
warning: decoder_fuzz@0.0.0: csrc/libfam/vendor/hyperloglog.c:205:31: warning: comparison of integer expressions of different signedness: 'int' and 'Size' {aka 'long unsigned int'} [-Wsign-compare]
warning: decoder_fuzz@0.0.0:   205 |                 for (i = 0; i < cState->nRegisters; i++)
warning: decoder_fuzz@0.0.0:       |                               ^
warning: decoder_fuzz@0.0.0: csrc/libfam/vendor/bloomfilter.c: In function 'bloom_create':
warning: decoder_fuzz@0.0.0: csrc/pg_libfam_io.c:82:38: warning: comparison of integer expressions of different signedness: 'long unsigned int' and 'int64' {aka 'long int'} [-Wsign-compare]
warning: decoder_fuzz@0.0.0:    82 | #define Min(x, y)               ((x) < (y) ? (x) : (y))
warning: decoder_fuzz@0.0.0:       |                                      ^
warning: decoder_fuzz@0.0.0: csrc/libfam/vendor/bloomfilter.c:101:24: note: in expansion of macro 'Min'
warning: decoder_fuzz@0.0.0:   101 |         bitset_bytes = Min(bloom_work_mem * UINT64CONST(1024), total_elems * 2);
warning: decoder_fuzz@0.0.0:       |                        ^~~
warning: decoder_fuzz@0.0.0: csrc/pg_libfam_io.c:82:52: warning: operand of '?:' changes signedness from 'int64' {aka 'long int'} to 'long unsigned int' due to unsignedness of other operand [-Wsign-compare]
warning: decoder_fuzz@0.0.0:    82 | #define Min(x, y)               ((x) < (y) ? (x) : (y))
warning: decoder_fuzz@0.0.0:       |                                                    ^~~
warning: decoder_fuzz@0.0.0: csrc/libfam/vendor/bloomfilter.c:101:24: note: in expansion of macro 'Min'
warning: decoder_fuzz@0.0.0:   101 |         bitset_bytes = Min(bloom_work_mem * UINT64CONST(1024), total_elems * 2);
warning: decoder_fuzz@0.0.0:       |                        ^~~
warning: decoder_fuzz@0.0.0: In file included from csrc/pg_libfam_io.c:167:
warning: decoder_fuzz@0.0.0: csrc/libfam/vendor/integerset.c: In function 'simple8b_contains':
warning: decoder_fuzz@0.0.0: csrc/libfam/vendor/integerset.c:1015:37: warning: comparison of integer expressions of different signedness: 'uint64' {aka 'long unsigned int'} and 'int' [-Wsign-compare]
warning: decoder_fuzz@0.0.0:  1015 |                 return (key - base) <= nints;
warning: decoder_fuzz@0.0.0:       |                                     ^~
warning: decoder_fuzz@0.0.0: csrc/pg_arrayfuncs_io.c: In function 'pg_afx_pg_strtoint32_safe':
warning: decoder_fuzz@0.0.0: csrc/pg_arrayfuncs_io.c:1213:41: warning: unused parameter 'escontext' [-Wunused-parameter]
warning: decoder_fuzz@0.0.0:  1213 | pg_strtoint32_safe(const char *s, Node *escontext)
warning: decoder_fuzz@0.0.0:       |                                   ~~~~~~^~~~~~~~~
warning: decoder_fuzz@0.0.0: csrc/pg_arrayfuncs_io.c: In function 'pg_afx_ArrayGetNItemsSafe':
warning: decoder_fuzz@0.0.0: csrc/pg_arrayfuncs_io.c:1579:60: warning: unused parameter 'escontext' [-Wunused-parameter]
warning: decoder_fuzz@0.0.0:  1579 | ArrayGetNItemsSafe(int ndim, const int *dims, struct Node *escontext)
warning: decoder_fuzz@0.0.0:       |                                               ~~~~~~~~~~~~~^~~~~~~~~
warning: decoder_fuzz@0.0.0: csrc/pg_arrayfuncs_io.c: In function 'pg_afx_ArrayCheckBoundsSafe':
warning: decoder_fuzz@0.0.0: csrc/pg_arrayfuncs_io.c:1640:55: warning: unused parameter 'escontext' [-Wunused-parameter]
warning: decoder_fuzz@0.0.0:  1640 |                                          struct Node *escontext)
warning: decoder_fuzz@0.0.0:       |                                          ~~~~~~~~~~~~~^~~~~~~~~
warning: decoder_fuzz@0.0.0: csrc/pg_arrayfuncs_io.c: In function 'pg_afx_array_get_element_expanded':
warning: decoder_fuzz@0.0.0: csrc/pg_arrayfuncs_io.c:2024:41: warning: unused parameter 'arraydatum' [-Wunused-parameter]
warning: decoder_fuzz@0.0.0:  2024 | pg_afx_array_get_element_expanded(Datum arraydatum, int nSubscripts,
warning: decoder_fuzz@0.0.0:       |                                   ~~~~~~^~~~~~~~~~
warning: decoder_fuzz@0.0.0: csrc/pg_arrayfuncs_io.c:2024:57: warning: unused parameter 'nSubscripts' [-Wunused-parameter]
warning: decoder_fuzz@0.0.0:  2024 | pg_afx_array_get_element_expanded(Datum arraydatum, int nSubscripts,
warning: decoder_fuzz@0.0.0:       |                                                     ~~~~^~~~~~~~~~~
warning: decoder_fuzz@0.0.0: csrc/pg_arrayfuncs_io.c:2025:72: warning: unused parameter 'indx' [-Wunused-parameter]
warning: decoder_fuzz@0.0.0:  2025 |                                                                   int *indx, int arraytyplen, int elmlen,
warning: decoder_fuzz@0.0.0:       |                                                                   ~~~~~^~~~
warning: decoder_fuzz@0.0.0: csrc/pg_arrayfuncs_io.c:2025:82: warning: unused parameter 'arraytyplen' [-Wunused-parameter]
warning: decoder_fuzz@0.0.0:  2025 |                                                                   int *indx, int arraytyplen, int elmlen,
warning: decoder_fuzz@0.0.0:       |                                                                              ~~~~^~~~~~~~~~~
warning: decoder_fuzz@0.0.0: csrc/pg_arrayfuncs_io.c:2025:99: warning: unused parameter 'elmlen' [-Wunused-parameter]
warning: decoder_fuzz@0.0.0:  2025 |                                                                   int *indx, int arraytyplen, int elmlen,
warning: decoder_fuzz@0.0.0:       |                                                                                               ~~~~^~~~~~
warning: decoder_fuzz@0.0.0: csrc/pg_arrayfuncs_io.c:2026:72: warning: unused parameter 'elmbyval' [-Wunused-parameter]
warning: decoder_fuzz@0.0.0:  2026 |                                                                   bool elmbyval, char elmalign, bool *isNull)
warning: decoder_fuzz@0.0.0:       |                                                                        ^
warning: decoder_fuzz@0.0.0: csrc/pg_arrayfuncs_io.c:2026:87: warning: unused parameter 'elmalign' [-Wunused-parameter]
warning: decoder_fuzz@0.0.0:  2026 |                                                                   bool elmbyval, char elmalign, bool *isNull)
warning: decoder_fuzz@0.0.0:       |                                                                                  ~~~~~^~~~~~~~
warning: decoder_fuzz@0.0.0: csrc/pg_arrayfuncs_io.c:2026:103: warning: unused parameter 'isNull' [-Wunused-parameter]
warning: decoder_fuzz@0.0.0:  2026 |                                                                   bool elmbyval, char elmalign, bool *isNull)
warning: decoder_fuzz@0.0.0:       |                                                                                                       ^
warning: decoder_fuzz@0.0.0: csrc/pg_arrayfuncs_io.c: In function 'pg_afx_array_set_element_expanded':
warning: decoder_fuzz@0.0.0: csrc/pg_arrayfuncs_io.c:2031:41: warning: unused parameter 'arraydatum' [-Wunused-parameter]
warning: decoder_fuzz@0.0.0:  2031 | pg_afx_array_set_element_expanded(Datum arraydatum, int nSubscripts,
warning: decoder_fuzz@0.0.0:       |                                   ~~~~~~^~~~~~~~~~
warning: decoder_fuzz@0.0.0: csrc/pg_arrayfuncs_io.c:2031:57: warning: unused parameter 'nSubscripts' [-Wunused-parameter]
warning: decoder_fuzz@0.0.0:  2031 | pg_afx_array_set_element_expanded(Datum arraydatum, int nSubscripts,
warning: decoder_fuzz@0.0.0:       |                                                     ~~~~^~~~~~~~~~~
warning: decoder_fuzz@0.0.0: csrc/pg_arrayfuncs_io.c:2032:72: warning: unused parameter 'indx' [-Wunused-parameter]
warning: decoder_fuzz@0.0.0:  2032 |                                                                   int *indx, Datum dataValue, bool isNull,
warning: decoder_fuzz@0.0.0:       |                                                                   ~~~~~^~~~
warning: decoder_fuzz@0.0.0: csrc/pg_arrayfuncs_io.c:2032:84: warning: unused parameter 'dataValue' [-Wunused-parameter]
warning: decoder_fuzz@0.0.0:  2032 |                                                                   int *indx, Datum dataValue, bool isNull,
warning: decoder_fuzz@0.0.0:       |                                                                              ~~~~~~^~~~~~~~~
warning: decoder_fuzz@0.0.0: csrc/pg_arrayfuncs_io.c:2032:100: warning: unused parameter 'isNull' [-Wunused-parameter]
warning: decoder_fuzz@0.0.0:  2032 |                                                                   int *indx, Datum dataValue, bool isNull,
warning: decoder_fuzz@0.0.0:       |                                                                                                    ^
warning: decoder_fuzz@0.0.0: csrc/pg_arrayfuncs_io.c:2033:71: warning: unused parameter 'arraytyplen' [-Wunused-parameter]
warning: decoder_fuzz@0.0.0:  2033 |                                                                   int arraytyplen, int elmlen, bool elmbyval,
warning: decoder_fuzz@0.0.0:       |                                                                   ~~~~^~~~~~~~~~~
warning: decoder_fuzz@0.0.0: csrc/pg_arrayfuncs_io.c:2033:88: warning: unused parameter 'elmlen' [-Wunused-parameter]
warning: decoder_fuzz@0.0.0:  2033 |                                                                   int arraytyplen, int elmlen, bool elmbyval,
warning: decoder_fuzz@0.0.0:       |                                                                                    ~~~~^~~~~~
warning: decoder_fuzz@0.0.0: csrc/pg_arrayfuncs_io.c:2033:101: warning: unused parameter 'elmbyval' [-Wunused-parameter]
warning: decoder_fuzz@0.0.0:  2033 |                                                                   int arraytyplen, int elmlen, bool elmbyval,
warning: decoder_fuzz@0.0.0:       |                                                                                                     ^
warning: decoder_fuzz@0.0.0: csrc/pg_arrayfuncs_io.c:2034:72: warning: unused parameter 'elmalign' [-Wunused-parameter]
warning: decoder_fuzz@0.0.0:  2034 |                                                                   char elmalign)
warning: decoder_fuzz@0.0.0:       |                                                                   ~~~~~^~~~~~~~
warning: decoder_fuzz@0.0.0: csrc/pg_arrayfuncs_io.c: In function 'ArrayCastAndSet':
warning: decoder_fuzz@0.0.0: csrc/pg_arrayfuncs_io.c:927:9: warning: operand of '?:' changes signedness from 'int' to 'long unsigned int' due to unsignedness of other operand [-Wsign-compare]
warning: decoder_fuzz@0.0.0:   927 |         ( \
warning: decoder_fuzz@0.0.0:       |         ^~~
warning: decoder_fuzz@0.0.0:   928 |                 (cur_offset) + (attlen) \
warning: decoder_fuzz@0.0.0:       |                 ~~~~~~~~~~~~~~~~~~~~~~~~~
warning: decoder_fuzz@0.0.0:   929 |         ) \
warning: decoder_fuzz@0.0.0:       |         ~
warning: decoder_fuzz@0.0.0: csrc/pg_arrayfuncs_io.c:913:9: note: in expansion of macro 'att_addlength_pointer'
warning: decoder_fuzz@0.0.0:   913 |         att_addlength_pointer(cur_offset, attlen, DatumGetPointer(attdatum))
warning: decoder_fuzz@0.0.0:       |         ^~~~~~~~~~~~~~~~~~~~~
warning: decoder_fuzz@0.0.0: csrc/pg_arrayfuncs_io.c:2166:23: note: in expansion of macro 'att_addlength_datum'
warning: decoder_fuzz@0.0.0:  2166 |                 inc = att_addlength_datum(0, typlen, src);
warning: decoder_fuzz@0.0.0:       |                       ^~~~~~~~~~~~~~~~~~~
warning: decoder_fuzz@0.0.0: csrc/pg_arrayfuncs_io.c: In function 'array_seek':
warning: decoder_fuzz@0.0.0: csrc/pg_arrayfuncs_io.c:2187:37: warning: unused parameter 'typbyval' [-Wunused-parameter]
warning: decoder_fuzz@0.0.0:  2187 |                    int typlen, bool typbyval, char typalign)
warning: decoder_fuzz@0.0.0:       |                                     ^
warning: decoder_fuzz@0.0.0: csrc/pg_arrayfuncs_io.c: In function 'array_slice_size':
warning: decoder_fuzz@0.0.0: csrc/pg_arrayfuncs_io.c:927:9: warning: operand of '?:' changes signedness from 'int' to 'long unsigned int' due to unsignedness of other operand [-Wsign-compare]
warning: decoder_fuzz@0.0.0:   927 |         ( \
warning: decoder_fuzz@0.0.0:       |         ^~~
warning: decoder_fuzz@0.0.0:   928 |                 (cur_offset) + (attlen) \
warning: decoder_fuzz@0.0.0:       |                 ~~~~~~~~~~~~~~~~~~~~~~~~~
warning: decoder_fuzz@0.0.0:   929 |         ) \
warning: decoder_fuzz@0.0.0:       |         ~
warning: decoder_fuzz@0.0.0: csrc/pg_arrayfuncs_io.c:2398:31: note: in expansion of macro 'att_addlength_pointer'
warning: decoder_fuzz@0.0.0:  2398 |                         inc = att_addlength_pointer(0, typlen, ptr);
warning: decoder_fuzz@0.0.0:       |                               ^~~~~~~~~~~~~~~~~~~~~
warning: decoder_fuzz@0.0.0: csrc/pg_arrayfuncs_io.c: In function 'array_extract_slice':
warning: decoder_fuzz@0.0.0: csrc/pg_arrayfuncs_io.c:811:35: warning: operand of '?:' changes signedness from 'int32' {aka 'int'} to 'long unsigned int' due to unsignedness of other operand [-Wsign-compare]
warning: decoder_fuzz@0.0.0:   811 |                 (ARR_HASNULL(a) ? (a)->dataoffset : ARR_OVERHEAD_NONULLS(ARR_NDIM(a)))
warning: decoder_fuzz@0.0.0:       |                                   ^~~~~~~~~~~~~~~
warning: decoder_fuzz@0.0.0: csrc/pg_arrayfuncs_io.c:817:35: note: in expansion of macro 'ARR_DATA_OFFSET'
warning: decoder_fuzz@0.0.0:   817 |                 (((char *) (a)) + ARR_DATA_OFFSET(a))
warning: decoder_fuzz@0.0.0:       |                                   ^~~~~~~~~~~~~~~
warning: decoder_fuzz@0.0.0: csrc/pg_arrayfuncs_io.c:2429:35: note: in expansion of macro 'ARR_DATA_PTR'
warning: decoder_fuzz@0.0.0:  2429 |         char       *destdataptr = ARR_DATA_PTR(newarray);
warning: decoder_fuzz@0.0.0:       |                                   ^~~~~~~~~~~~
warning: decoder_fuzz@0.0.0: csrc/pg_arrayfuncs_io.c: In function 'array_insert_slice':
warning: decoder_fuzz@0.0.0: csrc/pg_arrayfuncs_io.c:811:35: warning: operand of '?:' changes signedness from 'int32' {aka 'int'} to 'long unsigned int' due to unsignedness of other operand [-Wsign-compare]
warning: decoder_fuzz@0.0.0:   811 |                 (ARR_HASNULL(a) ? (a)->dataoffset : ARR_OVERHEAD_NONULLS(ARR_NDIM(a)))
warning: decoder_fuzz@0.0.0:       |                                   ^~~~~~~~~~~~~~~
warning: decoder_fuzz@0.0.0: csrc/pg_arrayfuncs_io.c:817:35: note: in expansion of macro 'ARR_DATA_OFFSET'
warning: decoder_fuzz@0.0.0:   817 |                 (((char *) (a)) + ARR_DATA_OFFSET(a))
warning: decoder_fuzz@0.0.0:       |                                   ^~~~~~~~~~~~~~~
warning: decoder_fuzz@0.0.0: csrc/pg_arrayfuncs_io.c:2502:31: note: in expansion of macro 'ARR_DATA_PTR'
warning: decoder_fuzz@0.0.0:  2502 |         char       *destPtr = ARR_DATA_PTR(destArray);
warning: decoder_fuzz@0.0.0:       |                               ^~~~~~~~~~~~
warning: decoder_fuzz@0.0.0: csrc/pg_arrayfuncs_io.c:811:35: warning: operand of '?:' changes signedness from 'int32' {aka 'int'} to 'long unsigned int' due to unsignedness of other operand [-Wsign-compare]
warning: decoder_fuzz@0.0.0:   811 |                 (ARR_HASNULL(a) ? (a)->dataoffset : ARR_OVERHEAD_NONULLS(ARR_NDIM(a)))
warning: decoder_fuzz@0.0.0:       |                                   ^~~~~~~~~~~~~~~
warning: decoder_fuzz@0.0.0: csrc/pg_arrayfuncs_io.c:817:35: note: in expansion of macro 'ARR_DATA_OFFSET'
warning: decoder_fuzz@0.0.0:   817 |                 (((char *) (a)) + ARR_DATA_OFFSET(a))
warning: decoder_fuzz@0.0.0:       |                                   ^~~~~~~~~~~~~~~
warning: decoder_fuzz@0.0.0: csrc/pg_arrayfuncs_io.c:2503:31: note: in expansion of macro 'ARR_DATA_PTR'
warning: decoder_fuzz@0.0.0:  2503 |         char       *origPtr = ARR_DATA_PTR(origArray);
warning: decoder_fuzz@0.0.0:       |                               ^~~~~~~~~~~~
warning: decoder_fuzz@0.0.0: csrc/pg_arrayfuncs_io.c:811:35: warning: operand of '?:' changes signedness from 'int32' {aka 'int'} to 'long unsigned int' due to unsignedness of other operand [-Wsign-compare]
warning: decoder_fuzz@0.0.0:   811 |                 (ARR_HASNULL(a) ? (a)->dataoffset : ARR_OVERHEAD_NONULLS(ARR_NDIM(a)))
warning: decoder_fuzz@0.0.0:       |                                   ^~~~~~~~~~~~~~~
warning: decoder_fuzz@0.0.0: csrc/pg_arrayfuncs_io.c:817:35: note: in expansion of macro 'ARR_DATA_OFFSET'
warning: decoder_fuzz@0.0.0:   817 |                 (((char *) (a)) + ARR_DATA_OFFSET(a))
warning: decoder_fuzz@0.0.0:       |                                   ^~~~~~~~~~~~~~~
warning: decoder_fuzz@0.0.0: csrc/pg_arrayfuncs_io.c:2504:30: note: in expansion of macro 'ARR_DATA_PTR'
warning: decoder_fuzz@0.0.0:  2504 |         char       *srcPtr = ARR_DATA_PTR(srcArray);
warning: decoder_fuzz@0.0.0:       |                              ^~~~~~~~~~~~
warning: decoder_fuzz@0.0.0: csrc/pg_arrayfuncs_io.c: In function 'ReadArrayDimensions':
warning: decoder_fuzz@0.0.0: csrc/pg_arrayfuncs_io.c:2645:86: warning: right-hand operand of comma expression has no effect [-Wunused-value]
warning: decoder_fuzz@0.0.0:  2645 |                                         (errcode(ERRCODE_INVALID_TEXT_REPRESENTATION),
warning: decoder_fuzz@0.0.0:       |                                                                                      ^
warning: decoder_fuzz@0.0.0: csrc/pg_arrayfuncs_io.c:320:51: note: in definition of macro 'ereturn'
warning: decoder_fuzz@0.0.0:   320 | #define ereturn(escontext, ret, ...) do { (void) (__VA_ARGS__); pg_afx_raise(); } while (0)
warning: decoder_fuzz@0.0.0:       |                                                   ^~~~~~~~~~~
warning: decoder_fuzz@0.0.0: csrc/pg_arrayfuncs_io.c:2659:94: warning: right-hand operand of comma expression has no effect [-Wunused-value]
warning: decoder_fuzz@0.0.0:  2659 |                                                 (errcode(ERRCODE_INVALID_TEXT_REPRESENTATION),
warning: decoder_fuzz@0.0.0:       |                                                                                              ^
warning: decoder_fuzz@0.0.0: csrc/pg_arrayfuncs_io.c:320:51: note: in definition of macro 'ereturn'
warning: decoder_fuzz@0.0.0:   320 | #define ereturn(escontext, ret, ...) do { (void) (__VA_ARGS__); pg_afx_raise(); } while (0)
warning: decoder_fuzz@0.0.0:       |                                                   ^~~~~~~~~~~
warning: decoder_fuzz@0.0.0: csrc/pg_arrayfuncs_io.c:2671:86: warning: right-hand operand of comma expression has no effect [-Wunused-value]
warning: decoder_fuzz@0.0.0:  2671 |                                         (errcode(ERRCODE_INVALID_TEXT_REPRESENTATION),
warning: decoder_fuzz@0.0.0:       |                                                                                      ^
warning: decoder_fuzz@0.0.0: csrc/pg_arrayfuncs_io.c:320:51: note: in definition of macro 'ereturn'
warning: decoder_fuzz@0.0.0:   320 | #define ereturn(escontext, ret, ...) do { (void) (__VA_ARGS__); pg_afx_raise(); } while (0)
warning: decoder_fuzz@0.0.0:       |                                                   ^~~~~~~~~~~
warning: decoder_fuzz@0.0.0: csrc/pg_arrayfuncs_io.c: In function 'ReadDimensionInt':
warning: decoder_fuzz@0.0.0: csrc/pg_arrayfuncs_io.c:2726:46: warning: unused parameter 'origStr' [-Wunused-parameter]
warning: decoder_fuzz@0.0.0:  2726 |                                  const char *origStr, Node *escontext)
warning: decoder_fuzz@0.0.0:       |                                  ~~~~~~~~~~~~^~~~~~~
warning: decoder_fuzz@0.0.0: csrc/pg_arrayfuncs_io.c:2726:61: warning: unused parameter 'escontext' [-Wunused-parameter]
warning: decoder_fuzz@0.0.0:  2726 |                                  const char *origStr, Node *escontext)
warning: decoder_fuzz@0.0.0:       |                                                       ~~~~~~^~~~~~~~~
warning: decoder_fuzz@0.0.0: csrc/pg_arrayfuncs_io.c: In function 'ReadArrayStr':
warning: decoder_fuzz@0.0.0: csrc/pg_arrayfuncs_io.c:2841:102: warning: right-hand operand of comma expression has no effect [-Wunused-value]
warning: decoder_fuzz@0.0.0:  2841 |                                                         (errcode(ERRCODE_INVALID_TEXT_REPRESENTATION),
warning: decoder_fuzz@0.0.0:       |                                                                                                      ^
warning: decoder_fuzz@0.0.0: csrc/pg_arrayfuncs_io.c:320:51: note: in definition of macro 'ereturn'
warning: decoder_fuzz@0.0.0:   320 | #define ereturn(escontext, ret, ...) do { (void) (__VA_ARGS__); pg_afx_raise(); } while (0)
warning: decoder_fuzz@0.0.0:       |                                                   ^~~~~~~~~~~
warning: decoder_fuzz@0.0.0: csrc/pg_arrayfuncs_io.c:2873:102: warning: right-hand operand of comma expression has no effect [-Wunused-value]
warning: decoder_fuzz@0.0.0:  2873 |                                                         (errcode(ERRCODE_INVALID_TEXT_REPRESENTATION),
warning: decoder_fuzz@0.0.0:       |                                                                                                      ^
warning: decoder_fuzz@0.0.0: csrc/pg_arrayfuncs_io.c:320:51: note: in definition of macro 'ereturn'
warning: decoder_fuzz@0.0.0:   320 | #define ereturn(escontext, ret, ...) do { (void) (__VA_ARGS__); pg_afx_raise(); } while (0)
warning: decoder_fuzz@0.0.0:       |                                                   ^~~~~~~~~~~
warning: decoder_fuzz@0.0.0: csrc/pg_arrayfuncs_io.c:2908:102: warning: right-hand operand of comma expression has no effect [-Wunused-value]
warning: decoder_fuzz@0.0.0:  2908 |                                                         (errcode(ERRCODE_INVALID_TEXT_REPRESENTATION),
warning: decoder_fuzz@0.0.0:       |                                                                                                      ^
warning: decoder_fuzz@0.0.0: csrc/pg_arrayfuncs_io.c:320:51: note: in definition of macro 'ereturn'
warning: decoder_fuzz@0.0.0:   320 | #define ereturn(escontext, ret, ...) do { (void) (__VA_ARGS__); pg_afx_raise(); } while (0)
warning: decoder_fuzz@0.0.0:       |                                                   ^~~~~~~~~~~
warning: decoder_fuzz@0.0.0: csrc/pg_arrayfuncs_io.c:2923:102: warning: right-hand operand of comma expression has no effect [-Wunused-value]
warning: decoder_fuzz@0.0.0:  2923 |                                                         (errcode(ERRCODE_INVALID_TEXT_REPRESENTATION),
warning: decoder_fuzz@0.0.0:       |                                                                                                      ^
warning: decoder_fuzz@0.0.0: csrc/pg_arrayfuncs_io.c:320:51: note: in definition of macro 'ereturn'
warning: decoder_fuzz@0.0.0:   320 | #define ereturn(escontext, ret, ...) do { (void) (__VA_ARGS__); pg_afx_raise(); } while (0)
warning: decoder_fuzz@0.0.0:       |                                                   ^~~~~~~~~~~
warning: decoder_fuzz@0.0.0: csrc/pg_arrayfuncs_io.c:2930:54: warning: comparison of integer expressions of different signedness: 'int' and 'long unsigned int' [-Wsign-compare]
warning: decoder_fuzz@0.0.0:  2930 |                                         if (maxitems >= MaxArraySize)
warning: decoder_fuzz@0.0.0:       |                                                      ^~
warning: decoder_fuzz@0.0.0: csrc/pg_arrayfuncs_io.c:217:24: warning: comparison of integer expressions of different signedness: 'int' and 'long unsigned int' [-Wsign-compare]
warning: decoder_fuzz@0.0.0:   217 | #define Min(x, y) ((x) < (y) ? (x) : (y))
warning: decoder_fuzz@0.0.0:       |                        ^
warning: decoder_fuzz@0.0.0: csrc/pg_arrayfuncs_io.c:2935:52: note: in expansion of macro 'Min'
warning: decoder_fuzz@0.0.0:  2935 |                                         maxitems = Min(maxitems * 2, MaxArraySize);
warning: decoder_fuzz@0.0.0:       |                                                    ^~~
warning: decoder_fuzz@0.0.0: csrc/pg_arrayfuncs_io.c:217:32: warning: operand of '?:' changes signedness from 'int' to 'long unsigned int' due to unsignedness of other operand [-Wsign-compare]
warning: decoder_fuzz@0.0.0:   217 | #define Min(x, y) ((x) < (y) ? (x) : (y))
warning: decoder_fuzz@0.0.0:       |                                ^~~
warning: decoder_fuzz@0.0.0: csrc/pg_arrayfuncs_io.c:2935:52: note: in expansion of macro 'Min'
warning: decoder_fuzz@0.0.0:  2935 |                                         maxitems = Min(maxitems * 2, MaxArraySize);
warning: decoder_fuzz@0.0.0:       |                                                    ^~~
warning: decoder_fuzz@0.0.0: csrc/pg_arrayfuncs_io.c:2982:78: warning: right-hand operand of comma expression has no effect [-Wunused-value]
warning: decoder_fuzz@0.0.0:  2982 |                                 (errcode(ERRCODE_INVALID_TEXT_REPRESENTATION),
warning: decoder_fuzz@0.0.0:       |                                                                              ^
warning: decoder_fuzz@0.0.0: csrc/pg_arrayfuncs_io.c:320:51: note: in definition of macro 'ereturn'
warning: decoder_fuzz@0.0.0:   320 | #define ereturn(escontext, ret, ...) do { (void) (__VA_ARGS__); pg_afx_raise(); } while (0)
warning: decoder_fuzz@0.0.0:       |                                                   ^~~~~~~~~~~
warning: decoder_fuzz@0.0.0: csrc/pg_arrayfuncs_io.c:2987:78: warning: right-hand operand of comma expression has no effect [-Wunused-value]
warning: decoder_fuzz@0.0.0:  2987 |                                 (errcode(ERRCODE_INVALID_TEXT_REPRESENTATION),
warning: decoder_fuzz@0.0.0:       |                                                                              ^
warning: decoder_fuzz@0.0.0: csrc/pg_arrayfuncs_io.c:320:51: note: in definition of macro 'ereturn'
warning: decoder_fuzz@0.0.0:   320 | #define ereturn(escontext, ret, ...) do { (void) (__VA_ARGS__); pg_afx_raise(); } while (0)
warning: decoder_fuzz@0.0.0:       |                                                   ^~~~~~~~~~~
warning: decoder_fuzz@0.0.0: csrc/pg_arrayfuncs_io.c:2790:30: warning: unused parameter 'typlen' [-Wunused-parameter]
warning: decoder_fuzz@0.0.0:  2790 |                          int typlen,
warning: decoder_fuzz@0.0.0:       |                          ~~~~^~~~~~
warning: decoder_fuzz@0.0.0: csrc/pg_arrayfuncs_io.c:2791:31: warning: unused parameter 'typbyval' [-Wunused-parameter]
warning: decoder_fuzz@0.0.0:  2791 |                          bool typbyval,
warning: decoder_fuzz@0.0.0:       |                               ^
warning: decoder_fuzz@0.0.0: csrc/pg_arrayfuncs_io.c:2792:31: warning: unused parameter 'typalign' [-Wunused-parameter]
warning: decoder_fuzz@0.0.0:  2792 |                          char typalign,
warning: decoder_fuzz@0.0.0:       |                          ~~~~~^~~~~~~~
warning: decoder_fuzz@0.0.0: csrc/pg_arrayfuncs_io.c: In function 'ReadArrayToken':
warning: decoder_fuzz@0.0.0: csrc/pg_arrayfuncs_io.c:3075:110: warning: right-hand operand of comma expression has no effect [-Wunused-value]
warning: decoder_fuzz@0.0.0:  3075 |                                                                 (errcode(ERRCODE_INVALID_TEXT_REPRESENTATION),
warning: decoder_fuzz@0.0.0:       |                                                                                                              ^
warning: decoder_fuzz@0.0.0: csrc/pg_arrayfuncs_io.c:320:51: note: in definition of macro 'ereturn'
warning: decoder_fuzz@0.0.0:   320 | #define ereturn(escontext, ret, ...) do { (void) (__VA_ARGS__); pg_afx_raise(); } while (0)
warning: decoder_fuzz@0.0.0:       |                                                   ^~~~~~~~~~~
warning: decoder_fuzz@0.0.0: csrc/pg_arrayfuncs_io.c:3102:94: warning: right-hand operand of comma expression has no effect [-Wunused-value]
warning: decoder_fuzz@0.0.0:  3102 |                                                 (errcode(ERRCODE_INVALID_TEXT_REPRESENTATION),
warning: decoder_fuzz@0.0.0:       |                                                                                              ^
warning: decoder_fuzz@0.0.0: csrc/pg_arrayfuncs_io.c:320:51: note: in definition of macro 'ereturn'
warning: decoder_fuzz@0.0.0:   320 | #define ereturn(escontext, ret, ...) do { (void) (__VA_ARGS__); pg_afx_raise(); } while (0)
warning: decoder_fuzz@0.0.0:       |                                                   ^~~~~~~~~~~
warning: decoder_fuzz@0.0.0: csrc/pg_arrayfuncs_io.c:3109:94: warning: right-hand operand of comma expression has no effect [-Wunused-value]
warning: decoder_fuzz@0.0.0:  3109 |                                                 (errcode(ERRCODE_INVALID_TEXT_REPRESENTATION),
warning: decoder_fuzz@0.0.0:       |                                                                                              ^
warning: decoder_fuzz@0.0.0: csrc/pg_arrayfuncs_io.c:320:51: note: in definition of macro 'ereturn'
warning: decoder_fuzz@0.0.0:   320 | #define ereturn(escontext, ret, ...) do { (void) (__VA_ARGS__); pg_afx_raise(); } while (0)
warning: decoder_fuzz@0.0.0:       |                                                   ^~~~~~~~~~~
warning: decoder_fuzz@0.0.0: csrc/pg_arrayfuncs_io.c:3146:70: warning: right-hand operand of comma expression has no effect [-Wunused-value]
warning: decoder_fuzz@0.0.0:  3146 |                         (errcode(ERRCODE_INVALID_TEXT_REPRESENTATION),
warning: decoder_fuzz@0.0.0:       |                                                                      ^
warning: decoder_fuzz@0.0.0: csrc/pg_arrayfuncs_io.c:320:51: note: in definition of macro 'ereturn'
warning: decoder_fuzz@0.0.0:   320 | #define ereturn(escontext, ret, ...) do { (void) (__VA_ARGS__); pg_afx_raise(); } while (0)
warning: decoder_fuzz@0.0.0:       |                                                   ^~~~~~~~~~~
warning: decoder_fuzz@0.0.0: csrc/pg_arrayfuncs_io.c:3003:40: warning: unused parameter 'origStr' [-Wunused-parameter]
warning: decoder_fuzz@0.0.0:  3003 |                            const char *origStr, Node *escontext)
warning: decoder_fuzz@0.0.0:       |                            ~~~~~~~~~~~~^~~~~~~
warning: decoder_fuzz@0.0.0: csrc/pg_arrayfuncs_io.c:3003:55: warning: unused parameter 'escontext' [-Wunused-parameter]
warning: decoder_fuzz@0.0.0:  3003 |                            const char *origStr, Node *escontext)
warning: decoder_fuzz@0.0.0:       |                                                 ~~~~~~^~~~~~~~~
warning: decoder_fuzz@0.0.0: csrc/pg_arrayfuncs_io.c: In function 'pg_afx_CopyArrayEls':
warning: decoder_fuzz@0.0.0: csrc/pg_arrayfuncs_io.c:811:35: warning: operand of '?:' changes signedness from 'int32' {aka 'int'} to 'long unsigned int' due to unsignedness of other operand [-Wsign-compare]
warning: decoder_fuzz@0.0.0:   811 |                 (ARR_HASNULL(a) ? (a)->dataoffset : ARR_OVERHEAD_NONULLS(ARR_NDIM(a)))
warning: decoder_fuzz@0.0.0:       |                                   ^~~~~~~~~~~~~~~
warning: decoder_fuzz@0.0.0: csrc/pg_arrayfuncs_io.c:817:35: note: in expansion of macro 'ARR_DATA_OFFSET'
warning: decoder_fuzz@0.0.0:   817 |                 (((char *) (a)) + ARR_DATA_OFFSET(a))
warning: decoder_fuzz@0.0.0:       |                                   ^~~~~~~~~~~~~~~
warning: decoder_fuzz@0.0.0: csrc/pg_arrayfuncs_io.c:3176:25: note: in expansion of macro 'ARR_DATA_PTR'
warning: decoder_fuzz@0.0.0:  3176 |         char       *p = ARR_DATA_PTR(array);
warning: decoder_fuzz@0.0.0:       |                         ^~~~~~~~~~~~
warning: decoder_fuzz@0.0.0: csrc/pg_arrayfuncs_io.c: In function 'pg_afx_construct_md_array':
warning: decoder_fuzz@0.0.0: csrc/pg_arrayfuncs_io.c:927:9: warning: operand of '?:' changes signedness from 'int' to 'long unsigned int' due to unsignedness of other operand [-Wsign-compare]
warning: decoder_fuzz@0.0.0:   927 |         ( \
warning: decoder_fuzz@0.0.0:       |         ^~~
warning: decoder_fuzz@0.0.0:   928 |                 (cur_offset) + (attlen) \
warning: decoder_fuzz@0.0.0:       |                 ~~~~~~~~~~~~~~~~~~~~~~~~~
warning: decoder_fuzz@0.0.0:   929 |         ) \
warning: decoder_fuzz@0.0.0:       |         ~
warning: decoder_fuzz@0.0.0: csrc/pg_arrayfuncs_io.c:913:9: note: in expansion of macro 'att_addlength_pointer'
warning: decoder_fuzz@0.0.0:   913 |         att_addlength_pointer(cur_offset, attlen, DatumGetPointer(attdatum))
warning: decoder_fuzz@0.0.0:       |         ^~~~~~~~~~~~~~~~~~~~~
warning: decoder_fuzz@0.0.0: csrc/pg_arrayfuncs_io.c:3263:26: note: in expansion of macro 'att_addlength_datum'
warning: decoder_fuzz@0.0.0:  3263 |                 nbytes = att_addlength_datum(nbytes, elmlen, elems[i]);
warning: decoder_fuzz@0.0.0:       |                          ^~~~~~~~~~~~~~~~~~~
warning: decoder_fuzz@0.0.0: csrc/pg_arrayfuncs_io.c: In function 'pg_afx_deconstruct_array':
warning: decoder_fuzz@0.0.0: csrc/pg_arrayfuncs_io.c:811:35: warning: operand of '?:' changes signedness from 'int32' {aka 'int'} to 'long unsigned int' due to unsignedness of other operand [-Wsign-compare]
warning: decoder_fuzz@0.0.0:   811 |                 (ARR_HASNULL(a) ? (a)->dataoffset : ARR_OVERHEAD_NONULLS(ARR_NDIM(a)))
warning: decoder_fuzz@0.0.0:       |                                   ^~~~~~~~~~~~~~~
warning: decoder_fuzz@0.0.0: csrc/pg_arrayfuncs_io.c:817:35: note: in expansion of macro 'ARR_DATA_OFFSET'
warning: decoder_fuzz@0.0.0:   817 |                 (((char *) (a)) + ARR_DATA_OFFSET(a))
warning: decoder_fuzz@0.0.0:       |                                   ^~~~~~~~~~~~~~~
warning: decoder_fuzz@0.0.0: csrc/pg_arrayfuncs_io.c:3339:13: note: in expansion of macro 'ARR_DATA_PTR'
warning: decoder_fuzz@0.0.0:  3339 |         p = ARR_DATA_PTR(array);
warning: decoder_fuzz@0.0.0:       |             ^~~~~~~~~~~~
warning: decoder_fuzz@0.0.0: csrc/pg_arrayfuncs_io.c:3317:39: warning: unused parameter 'elmtype' [-Wunused-parameter]
warning: decoder_fuzz@0.0.0:  3317 |                                   Oid elmtype,
warning: decoder_fuzz@0.0.0:       |                                   ~~~~^~~~~~~
warning: decoder_fuzz@0.0.0: csrc/pg_arrayfuncs_io.c: In function 'pg_afx_array_in':
warning: decoder_fuzz@0.0.0: csrc/pg_arrayfuncs_io.c:3481:86: warning: right-hand operand of comma expression has no effect [-Wunused-value]
warning: decoder_fuzz@0.0.0:  3481 |                                         (errcode(ERRCODE_INVALID_TEXT_REPRESENTATION),
warning: decoder_fuzz@0.0.0:       |                                                                                      ^
warning: decoder_fuzz@0.0.0: csrc/pg_arrayfuncs_io.c:320:51: note: in definition of macro 'ereturn'
warning: decoder_fuzz@0.0.0:   320 | #define ereturn(escontext, ret, ...) do { (void) (__VA_ARGS__); pg_afx_raise(); } while (0)
warning: decoder_fuzz@0.0.0:       |                                                   ^~~~~~~~~~~
warning: decoder_fuzz@0.0.0: csrc/pg_arrayfuncs_io.c:3490:86: warning: right-hand operand of comma expression has no effect [-Wunused-value]
warning: decoder_fuzz@0.0.0:  3490 |                                         (errcode(ERRCODE_INVALID_TEXT_REPRESENTATION),
warning: decoder_fuzz@0.0.0:       |                                                                                      ^
warning: decoder_fuzz@0.0.0: csrc/pg_arrayfuncs_io.c:320:51: note: in definition of macro 'ereturn'
warning: decoder_fuzz@0.0.0:   320 | #define ereturn(escontext, ret, ...) do { (void) (__VA_ARGS__); pg_afx_raise(); } while (0)
warning: decoder_fuzz@0.0.0:       |                                                   ^~~~~~~~~~~
warning: decoder_fuzz@0.0.0: csrc/pg_arrayfuncs_io.c:3501:86: warning: right-hand operand of comma expression has no effect [-Wunused-value]
warning: decoder_fuzz@0.0.0:  3501 |                                         (errcode(ERRCODE_INVALID_TEXT_REPRESENTATION),
warning: decoder_fuzz@0.0.0:       |                                                                                      ^
warning: decoder_fuzz@0.0.0: csrc/pg_arrayfuncs_io.c:320:51: note: in definition of macro 'ereturn'
warning: decoder_fuzz@0.0.0:   320 | #define ereturn(escontext, ret, ...) do { (void) (__VA_ARGS__); pg_afx_raise(); } while (0)
warning: decoder_fuzz@0.0.0:       |                                                   ^~~~~~~~~~~
warning: decoder_fuzz@0.0.0: csrc/pg_arrayfuncs_io.c:3524:86: warning: right-hand operand of comma expression has no effect [-Wunused-value]
warning: decoder_fuzz@0.0.0:  3524 |                                         (errcode(ERRCODE_INVALID_TEXT_REPRESENTATION),
warning: decoder_fuzz@0.0.0:       |                                                                                      ^
warning: decoder_fuzz@0.0.0: csrc/pg_arrayfuncs_io.c:320:51: note: in definition of macro 'ereturn'
warning: decoder_fuzz@0.0.0:   320 | #define ereturn(escontext, ret, ...) do { (void) (__VA_ARGS__); pg_afx_raise(); } while (0)
warning: decoder_fuzz@0.0.0:       |                                                   ^~~~~~~~~~~
warning: decoder_fuzz@0.0.0: csrc/pg_arrayfuncs_io.c:927:9: warning: operand of '?:' changes signedness from 'int' to 'long unsigned int' due to unsignedness of other operand [-Wsign-compare]
warning: decoder_fuzz@0.0.0:   927 |         ( \
warning: decoder_fuzz@0.0.0:       |         ^~~
warning: decoder_fuzz@0.0.0:   928 |                 (cur_offset) + (attlen) \
warning: decoder_fuzz@0.0.0:       |                 ~~~~~~~~~~~~~~~~~~~~~~~~~
warning: decoder_fuzz@0.0.0:   929 |         ) \
warning: decoder_fuzz@0.0.0:       |         ~
warning: decoder_fuzz@0.0.0: csrc/pg_arrayfuncs_io.c:913:9: note: in expansion of macro 'att_addlength_pointer'
warning: decoder_fuzz@0.0.0:   913 |         att_addlength_pointer(cur_offset, attlen, DatumGetPointer(attdatum))
warning: decoder_fuzz@0.0.0:       |         ^~~~~~~~~~~~~~~~~~~~~
warning: decoder_fuzz@0.0.0: csrc/pg_arrayfuncs_io.c:3547:34: note: in expansion of macro 'att_addlength_datum'
warning: decoder_fuzz@0.0.0:  3547 |                         nbytes = att_addlength_datum(nbytes, typlen, values[i]);
warning: decoder_fuzz@0.0.0:       |                                  ^~~~~~~~~~~~~~~~~~~
warning: decoder_fuzz@0.0.0: csrc/pg_arrayfuncs_io.c: In function 'array_iter_setup':
warning: decoder_fuzz@0.0.0: csrc/pg_arrayfuncs_io.c:811:35: warning: operand of '?:' changes signedness from 'int32' {aka 'int'} to 'long unsigned int' due to unsignedness of other operand [-Wsign-compare]
warning: decoder_fuzz@0.0.0:   811 |                 (ARR_HASNULL(a) ? (a)->dataoffset : ARR_OVERHEAD_NONULLS(ARR_NDIM(a)))
warning: decoder_fuzz@0.0.0:       |                                   ^~~~~~~~~~~~~~~
warning: decoder_fuzz@0.0.0: csrc/pg_arrayfuncs_io.c:817:35: note: in expansion of macro 'ARR_DATA_OFFSET'
warning: decoder_fuzz@0.0.0:   817 |                 (((char *) (a)) + ARR_DATA_OFFSET(a))
warning: decoder_fuzz@0.0.0:       |                                   ^~~~~~~~~~~~~~~
warning: decoder_fuzz@0.0.0: csrc/pg_arrayfuncs_io.c:3601:23: note: in expansion of macro 'ARR_DATA_PTR'
warning: decoder_fuzz@0.0.0:  3601 |         it->dataptr = ARR_DATA_PTR((ArrayType *) a);
warning: decoder_fuzz@0.0.0:       |                       ^~~~~~~~~~~~
warning: decoder_fuzz@0.0.0: csrc/pg_arrayfuncs_io.c: In function 'array_iter_next':
warning: decoder_fuzz@0.0.0: csrc/pg_arrayfuncs_io.c:3607:51: warning: unused parameter 'i' [-Wunused-parameter]
warning: decoder_fuzz@0.0.0:  3607 | array_iter_next(array_iter *it, bool *isnull, int i,
warning: decoder_fuzz@0.0.0:       |                                               ~~~~^
warning: decoder_fuzz@0.0.0: csrc/pg_arrayfuncs_io.c: In function 'pg_afx_array_get_element':
warning: decoder_fuzz@0.0.0: csrc/pg_arrayfuncs_io.c:811:35: warning: operand of '?:' changes signedness from 'int32' {aka 'int'} to 'long unsigned int' due to unsignedness of other operand [-Wsign-compare]
warning: decoder_fuzz@0.0.0:   811 |                 (ARR_HASNULL(a) ? (a)->dataoffset : ARR_OVERHEAD_NONULLS(ARR_NDIM(a)))
warning: decoder_fuzz@0.0.0:       |                                   ^~~~~~~~~~~~~~~
warning: decoder_fuzz@0.0.0: csrc/pg_arrayfuncs_io.c:817:35: note: in expansion of macro 'ARR_DATA_OFFSET'
warning: decoder_fuzz@0.0.0:   817 |                 (((char *) (a)) + ARR_DATA_OFFSET(a))
warning: decoder_fuzz@0.0.0:       |                                   ^~~~~~~~~~~~~~~
warning: decoder_fuzz@0.0.0: csrc/pg_arrayfuncs_io.c:3933:32: note: in expansion of macro 'ARR_DATA_PTR'
warning: decoder_fuzz@0.0.0:  3933 |                 arraydataptr = ARR_DATA_PTR(array);
warning: decoder_fuzz@0.0.0:       |                                ^~~~~~~~~~~~
warning: decoder_fuzz@0.0.0: csrc/pg_arrayfuncs_io.c: In function 'pg_afx_array_get_slice':
warning: decoder_fuzz@0.0.0: csrc/pg_arrayfuncs_io.c:811:35: warning: operand of '?:' changes signedness from 'int32' {aka 'int'} to 'long unsigned int' due to unsignedness of other operand [-Wsign-compare]
warning: decoder_fuzz@0.0.0:   811 |                 (ARR_HASNULL(a) ? (a)->dataoffset : ARR_OVERHEAD_NONULLS(ARR_NDIM(a)))
warning: decoder_fuzz@0.0.0:       |                                   ^~~~~~~~~~~~~~~
warning: decoder_fuzz@0.0.0: csrc/pg_arrayfuncs_io.c:817:35: note: in expansion of macro 'ARR_DATA_OFFSET'
warning: decoder_fuzz@0.0.0:   817 |                 (((char *) (a)) + ARR_DATA_OFFSET(a))
warning: decoder_fuzz@0.0.0:       |                                   ^~~~~~~~~~~~~~~
warning: decoder_fuzz@0.0.0: csrc/pg_arrayfuncs_io.c:4041:32: note: in expansion of macro 'ARR_DATA_PTR'
warning: decoder_fuzz@0.0.0:  4041 |                 arraydataptr = ARR_DATA_PTR(array);
warning: decoder_fuzz@0.0.0:       |                                ^~~~~~~~~~~~
warning: decoder_fuzz@0.0.0: csrc/pg_arrayfuncs_io.c: In function 'pg_afx_array_set_element':
warning: decoder_fuzz@0.0.0: csrc/pg_arrayfuncs_io.c:811:35: warning: operand of '?:' changes signedness from 'int32' {aka 'int'} to 'long unsigned int' due to unsignedness of other operand [-Wsign-compare]
warning: decoder_fuzz@0.0.0:   811 |                 (ARR_HASNULL(a) ? (a)->dataoffset : ARR_OVERHEAD_NONULLS(ARR_NDIM(a)))
warning: decoder_fuzz@0.0.0:       |                                   ^~~~~~~~~~~~~~~
warning: decoder_fuzz@0.0.0: csrc/pg_arrayfuncs_io.c:4309:26: note: in expansion of macro 'ARR_DATA_OFFSET'
warning: decoder_fuzz@0.0.0:  4309 |         oldoverheadlen = ARR_DATA_OFFSET(array);
warning: decoder_fuzz@0.0.0:       |                          ^~~~~~~~~~~~~~~
warning: decoder_fuzz@0.0.0: csrc/pg_arrayfuncs_io.c:811:35: warning: operand of '?:' changes signedness from 'int32' {aka 'int'} to 'long unsigned int' due to unsignedness of other operand [-Wsign-compare]
warning: decoder_fuzz@0.0.0:   811 |                 (ARR_HASNULL(a) ? (a)->dataoffset : ARR_OVERHEAD_NONULLS(ARR_NDIM(a)))
warning: decoder_fuzz@0.0.0:       |                                   ^~~~~~~~~~~~~~~
warning: decoder_fuzz@0.0.0: csrc/pg_arrayfuncs_io.c:817:35: note: in expansion of macro 'ARR_DATA_OFFSET'
warning: decoder_fuzz@0.0.0:   817 |                 (((char *) (a)) + ARR_DATA_OFFSET(a))
warning: decoder_fuzz@0.0.0:       |                                   ^~~~~~~~~~~~~~~
warning: decoder_fuzz@0.0.0: csrc/pg_arrayfuncs_io.c:4328:38: note: in expansion of macro 'ARR_DATA_PTR'
warning: decoder_fuzz@0.0.0:  4328 |                 elt_ptr = array_seek(ARR_DATA_PTR(array), 0, oldnullbitmap, offset,
warning: decoder_fuzz@0.0.0:       |                                      ^~~~~~~~~~~~
warning: decoder_fuzz@0.0.0: csrc/pg_arrayfuncs_io.c:811:35: warning: operand of '?:' changes signedness from 'int32' {aka 'int'} to 'long unsigned int' due to unsignedness of other operand [-Wsign-compare]
warning: decoder_fuzz@0.0.0:   811 |                 (ARR_HASNULL(a) ? (a)->dataoffset : ARR_OVERHEAD_NONULLS(ARR_NDIM(a)))
warning: decoder_fuzz@0.0.0:       |                                   ^~~~~~~~~~~~~~~
warning: decoder_fuzz@0.0.0: csrc/pg_arrayfuncs_io.c:817:35: note: in expansion of macro 'ARR_DATA_OFFSET'
warning: decoder_fuzz@0.0.0:   817 |                 (((char *) (a)) + ARR_DATA_OFFSET(a))
warning: decoder_fuzz@0.0.0:       |                                   ^~~~~~~~~~~~~~~
warning: decoder_fuzz@0.0.0: csrc/pg_arrayfuncs_io.c:4330:46: note: in expansion of macro 'ARR_DATA_PTR'
warning: decoder_fuzz@0.0.0:  4330 |                 lenbefore = (int) (elt_ptr - ARR_DATA_PTR(array));
warning: decoder_fuzz@0.0.0:       |                                              ^~~~~~~~~~~~
warning: decoder_fuzz@0.0.0: csrc/pg_arrayfuncs_io.c:927:9: warning: operand of '?:' changes signedness from 'int' to 'long unsigned int' due to unsignedness of other operand [-Wsign-compare]
warning: decoder_fuzz@0.0.0:   927 |         ( \
warning: decoder_fuzz@0.0.0:       |         ^~~
warning: decoder_fuzz@0.0.0:   928 |                 (cur_offset) + (attlen) \
warning: decoder_fuzz@0.0.0:       |                 ~~~~~~~~~~~~~~~~~~~~~~~~~
warning: decoder_fuzz@0.0.0:   929 |         ) \
warning: decoder_fuzz@0.0.0:       |         ~
warning: decoder_fuzz@0.0.0: csrc/pg_arrayfuncs_io.c:4335:38: note: in expansion of macro 'att_addlength_pointer'
warning: decoder_fuzz@0.0.0:  4335 |                         olditemlen = att_addlength_pointer(0, elmlen, elt_ptr);
warning: decoder_fuzz@0.0.0:       |                                      ^~~~~~~~~~~~~~~~~~~~~
warning: decoder_fuzz@0.0.0: csrc/pg_arrayfuncs_io.c:927:9: warning: operand of '?:' changes signedness from 'int' to 'long unsigned int' due to unsignedness of other operand [-Wsign-compare]
warning: decoder_fuzz@0.0.0:   927 |         ( \
warning: decoder_fuzz@0.0.0:       |         ^~~
warning: decoder_fuzz@0.0.0:   928 |                 (cur_offset) + (attlen) \
warning: decoder_fuzz@0.0.0:       |                 ~~~~~~~~~~~~~~~~~~~~~~~~~
warning: decoder_fuzz@0.0.0:   929 |         ) \
warning: decoder_fuzz@0.0.0:       |         ~
warning: decoder_fuzz@0.0.0: csrc/pg_arrayfuncs_io.c:913:9: note: in expansion of macro 'att_addlength_pointer'
warning: decoder_fuzz@0.0.0:   913 |         att_addlength_pointer(cur_offset, attlen, DatumGetPointer(attdatum))
warning: decoder_fuzz@0.0.0:       |         ^~~~~~~~~~~~~~~~~~~~~
warning: decoder_fuzz@0.0.0: csrc/pg_arrayfuncs_io.c:4345:30: note: in expansion of macro 'att_addlength_datum'
warning: decoder_fuzz@0.0.0:  4345 |                 newitemlen = att_addlength_datum(0, elmlen, dataValue);
warning: decoder_fuzz@0.0.0:       |                              ^~~~~~~~~~~~~~~~~~~
warning: decoder_fuzz@0.0.0: csrc/pg_arrayfuncs_io.c: In function 'pg_afx_array_set_slice':
warning: decoder_fuzz@0.0.0: csrc/pg_arrayfuncs_io.c:4492:88: warning: right-hand operand of comma expression has no effect [-Wunused-value]
warning: decoder_fuzz@0.0.0:  4492 |                                                 (errcode(ERRCODE_ARRAY_SUBSCRIPT_ERROR),
warning: decoder_fuzz@0.0.0:       |                                                                                        ^
warning: decoder_fuzz@0.0.0: csrc/pg_arrayfuncs_io.c:319:42: note: in definition of macro 'ereport'
warning: decoder_fuzz@0.0.0:   319 | #define ereport(level, ...) do { (void) (__VA_ARGS__); pg_afx_raise(); } while (0)
warning: decoder_fuzz@0.0.0:       |                                          ^~~~~~~~~~~
warning: decoder_fuzz@0.0.0: csrc/pg_arrayfuncs_io.c:811:35: warning: operand of '?:' changes signedness from 'int32' {aka 'int'} to 'long unsigned int' due to unsignedness of other operand [-Wsign-compare]
warning: decoder_fuzz@0.0.0:   811 |                 (ARR_HASNULL(a) ? (a)->dataoffset : ARR_OVERHEAD_NONULLS(ARR_NDIM(a)))
warning: decoder_fuzz@0.0.0:       |                                   ^~~~~~~~~~~~~~~
warning: decoder_fuzz@0.0.0: csrc/pg_arrayfuncs_io.c:817:35: note: in expansion of macro 'ARR_DATA_OFFSET'
warning: decoder_fuzz@0.0.0:   817 |                 (((char *) (a)) + ARR_DATA_OFFSET(a))
warning: decoder_fuzz@0.0.0:       |                                   ^~~~~~~~~~~~~~~
warning: decoder_fuzz@0.0.0: csrc/pg_arrayfuncs_io.c:4634:41: note: in expansion of macro 'ARR_DATA_PTR'
warning: decoder_fuzz@0.0.0:  4634 |         newitemsize = array_nelems_size(ARR_DATA_PTR(srcArray), 0,
warning: decoder_fuzz@0.0.0:       |                                         ^~~~~~~~~~~~
warning: decoder_fuzz@0.0.0: csrc/pg_arrayfuncs_io.c:811:35: warning: operand of '?:' changes signedness from 'int32' {aka 'int'} to 'long unsigned int' due to unsignedness of other operand [-Wsign-compare]
warning: decoder_fuzz@0.0.0:   811 |                 (ARR_HASNULL(a) ? (a)->dataoffset : ARR_OVERHEAD_NONULLS(ARR_NDIM(a)))
warning: decoder_fuzz@0.0.0:       |                                   ^~~~~~~~~~~~~~~
warning: decoder_fuzz@0.0.0: csrc/pg_arrayfuncs_io.c:4637:26: note: in expansion of macro 'ARR_DATA_OFFSET'
warning: decoder_fuzz@0.0.0:  4637 |         oldoverheadlen = ARR_DATA_OFFSET(array);
warning: decoder_fuzz@0.0.0:       |                          ^~~~~~~~~~~~~~~
warning: decoder_fuzz@0.0.0: csrc/pg_arrayfuncs_io.c:811:35: warning: operand of '?:' changes signedness from 'int32' {aka 'int'} to 'long unsigned int' due to unsignedness of other operand [-Wsign-compare]
warning: decoder_fuzz@0.0.0:   811 |                 (ARR_HASNULL(a) ? (a)->dataoffset : ARR_OVERHEAD_NONULLS(ARR_NDIM(a)))
warning: decoder_fuzz@0.0.0:       |                                   ^~~~~~~~~~~~~~~
warning: decoder_fuzz@0.0.0: csrc/pg_arrayfuncs_io.c:817:35: note: in expansion of macro 'ARR_DATA_OFFSET'
warning: decoder_fuzz@0.0.0:   817 |                 (((char *) (a)) + ARR_DATA_OFFSET(a))
warning: decoder_fuzz@0.0.0:       |                                   ^~~~~~~~~~~~~~~
warning: decoder_fuzz@0.0.0: csrc/pg_arrayfuncs_io.c:4645:48: note: in expansion of macro 'ARR_DATA_PTR'
warning: decoder_fuzz@0.0.0:  4645 |                 olditemsize = array_slice_size(ARR_DATA_PTR(array),
warning: decoder_fuzz@0.0.0:       |                                                ^~~~~~~~~~~~
warning: decoder_fuzz@0.0.0: csrc/pg_arrayfuncs_io.c:811:35: warning: operand of '?:' changes signedness from 'int32' {aka 'int'} to 'long unsigned int' due to unsignedness of other operand [-Wsign-compare]
warning: decoder_fuzz@0.0.0:   811 |                 (ARR_HASNULL(a) ? (a)->dataoffset : ARR_OVERHEAD_NONULLS(ARR_NDIM(a)))
warning: decoder_fuzz@0.0.0:       |                                   ^~~~~~~~~~~~~~~
warning: decoder_fuzz@0.0.0: csrc/pg_arrayfuncs_io.c:817:35: note: in expansion of macro 'ARR_DATA_OFFSET'
warning: decoder_fuzz@0.0.0:   817 |                 (((char *) (a)) + ARR_DATA_OFFSET(a))
warning: decoder_fuzz@0.0.0:       |                                   ^~~~~~~~~~~~~~~
warning: decoder_fuzz@0.0.0: csrc/pg_arrayfuncs_io.c:4663:44: note: in expansion of macro 'ARR_DATA_PTR'
warning: decoder_fuzz@0.0.0:  4663 |                 char       *oldarraydata = ARR_DATA_PTR(array);
warning: decoder_fuzz@0.0.0:       |                                            ^~~~~~~~~~~~
warning: decoder_fuzz@0.0.0: csrc/pg_arrayfuncs_io.c:811:35: warning: operand of '?:' changes signedness from 'int32' {aka 'int'} to 'long unsigned int' due to unsignedness of other operand [-Wsign-compare]
warning: decoder_fuzz@0.0.0:   811 |                 (ARR_HASNULL(a) ? (a)->dataoffset : ARR_OVERHEAD_NONULLS(ARR_NDIM(a)))
warning: decoder_fuzz@0.0.0:       |                                   ^~~~~~~~~~~~~~~
warning: decoder_fuzz@0.0.0: csrc/pg_arrayfuncs_io.c:817:35: note: in expansion of macro 'ARR_DATA_OFFSET'
warning: decoder_fuzz@0.0.0:   817 |                 (((char *) (a)) + ARR_DATA_OFFSET(a))
warning: decoder_fuzz@0.0.0:       |                                   ^~~~~~~~~~~~~~~
warning: decoder_fuzz@0.0.0: csrc/pg_arrayfuncs_io.c:4718:28: note: in expansion of macro 'ARR_DATA_PTR'
warning: decoder_fuzz@0.0.0:  4718 |                            ARR_DATA_PTR(srcArray),
warning: decoder_fuzz@0.0.0:       |                            ^~~~~~~~~~~~
warning: decoder_fuzz@0.0.0: csrc/pg_arrayfuncs_io.c: In function 'width_bucket_array_float8':
warning: decoder_fuzz@0.0.0: csrc/pg_arrayfuncs_io.c:811:35: warning: operand of '?:' changes signedness from 'int32' {aka 'int'} to 'long unsigned int' due to unsignedness of other operand [-Wsign-compare]
warning: decoder_fuzz@0.0.0:   811 |                 (ARR_HASNULL(a) ? (a)->dataoffset : ARR_OVERHEAD_NONULLS(ARR_NDIM(a)))
warning: decoder_fuzz@0.0.0:       |                                   ^~~~~~~~~~~~~~~
warning: decoder_fuzz@0.0.0: csrc/pg_arrayfuncs_io.c:817:35: note: in expansion of macro 'ARR_DATA_OFFSET'
warning: decoder_fuzz@0.0.0:   817 |                 (((char *) (a)) + ARR_DATA_OFFSET(a))
warning: decoder_fuzz@0.0.0:       |                                   ^~~~~~~~~~~~~~~
warning: decoder_fuzz@0.0.0: csrc/pg_arrayfuncs_io.c:4762:38: note: in expansion of macro 'ARR_DATA_PTR'
warning: decoder_fuzz@0.0.0:  4762 |         thresholds_data = (float8 *) ARR_DATA_PTR(thresholds);
warning: decoder_fuzz@0.0.0:       |                                      ^~~~~~~~~~~~
warning: decoder_fuzz@0.0.0: csrc/pg_arrayfuncs_io.c: In function 'width_bucket_array_fixed':
warning: decoder_fuzz@0.0.0: csrc/pg_arrayfuncs_io.c:811:35: warning: operand of '?:' changes signedness from 'int32' {aka 'int'} to 'long unsigned int' due to unsignedness of other operand [-Wsign-compare]
warning: decoder_fuzz@0.0.0:   811 |                 (ARR_HASNULL(a) ? (a)->dataoffset : ARR_OVERHEAD_NONULLS(ARR_NDIM(a)))
warning: decoder_fuzz@0.0.0:       |                                   ^~~~~~~~~~~~~~~
warning: decoder_fuzz@0.0.0: csrc/pg_arrayfuncs_io.c:817:35: note: in expansion of macro 'ARR_DATA_OFFSET'
warning: decoder_fuzz@0.0.0:   817 |                 (((char *) (a)) + ARR_DATA_OFFSET(a))
warning: decoder_fuzz@0.0.0:       |                                   ^~~~~~~~~~~~~~~
warning: decoder_fuzz@0.0.0: csrc/pg_arrayfuncs_io.c:4811:36: note: in expansion of macro 'ARR_DATA_PTR'
warning: decoder_fuzz@0.0.0:  4811 |         thresholds_data = (char *) ARR_DATA_PTR(thresholds);
warning: decoder_fuzz@0.0.0:       |                                    ^~~~~~~~~~~~
warning: decoder_fuzz@0.0.0: csrc/pg_arrayfuncs_io.c:4797:54: warning: unused parameter 'collation' [-Wunused-parameter]
warning: decoder_fuzz@0.0.0:  4797 |                                                  Oid collation,
warning: decoder_fuzz@0.0.0:       |                                                  ~~~~^~~~~~~~~
warning: decoder_fuzz@0.0.0: csrc/pg_arrayfuncs_io.c: In function 'width_bucket_array_variable':
warning: decoder_fuzz@0.0.0: csrc/pg_arrayfuncs_io.c:811:35: warning: operand of '?:' changes signedness from 'int32' {aka 'int'} to 'long unsigned int' due to unsignedness of other operand [-Wsign-compare]
warning: decoder_fuzz@0.0.0:   811 |                 (ARR_HASNULL(a) ? (a)->dataoffset : ARR_OVERHEAD_NONULLS(ARR_NDIM(a)))
warning: decoder_fuzz@0.0.0:       |                                   ^~~~~~~~~~~~~~~
warning: decoder_fuzz@0.0.0: csrc/pg_arrayfuncs_io.c:817:35: note: in expansion of macro 'ARR_DATA_OFFSET'
warning: decoder_fuzz@0.0.0:   817 |                 (((char *) (a)) + ARR_DATA_OFFSET(a))
warning: decoder_fuzz@0.0.0:       |                                   ^~~~~~~~~~~~~~~
warning: decoder_fuzz@0.0.0: csrc/pg_arrayfuncs_io.c:4863:36: note: in expansion of macro 'ARR_DATA_PTR'
warning: decoder_fuzz@0.0.0:  4863 |         thresholds_data = (char *) ARR_DATA_PTR(thresholds);
warning: decoder_fuzz@0.0.0:       |                                    ^~~~~~~~~~~~
warning: decoder_fuzz@0.0.0: csrc/pg_arrayfuncs_io.c:4852:61: warning: unused parameter 'collation' [-Wunused-parameter]
warning: decoder_fuzz@0.0.0:  4852 |                                                         Oid collation,
warning: decoder_fuzz@0.0.0:       |                                                         ~~~~^~~~~~~~~
warning: decoder_fuzz@0.0.0: csrc/pg_arrayfuncs_io.c: In function 'pg_afx_pg_strtoint32_safe':
warning: decoder_fuzz@0.0.0: csrc/pg_arrayfuncs_io.c:1443:1: warning: control reaches end of non-void function [-Wreturn-type]
warning: decoder_fuzz@0.0.0:  1443 | }
warning: decoder_fuzz@0.0.0:       | ^
warning: decoder_fuzz@0.0.0: csrc/pg_arrayfuncs_io.c: In function 'ReadArrayStr':
warning: decoder_fuzz@0.0.0: csrc/pg_arrayfuncs_io.c:2990:1: warning: control reaches end of non-void function [-Wreturn-type]
warning: decoder_fuzz@0.0.0:  2990 | }
warning: decoder_fuzz@0.0.0:       | ^
warning: decoder_fuzz@0.0.0: csrc/pg_arrayfuncs_io.c: In function 'ReadArrayToken':
warning: decoder_fuzz@0.0.0: csrc/pg_arrayfuncs_io.c:320:65: warning: this statement may fall through [-Wimplicit-fallthrough=]
warning: decoder_fuzz@0.0.0:   320 | #define ereturn(escontext, ret, ...) do { (void) (__VA_ARGS__); pg_afx_raise(); } while (0)
warning: decoder_fuzz@0.0.0:       |                                                                 ^~~~~~~~~~~~~~
warning: decoder_fuzz@0.0.0: csrc/pg_arrayfuncs_io.c:3101:33: note: in expansion of macro 'ereturn'
warning: decoder_fuzz@0.0.0:  3101 |                                 ereturn(escontext, ATOK_ERROR,
warning: decoder_fuzz@0.0.0:       |                                 ^~~~~~~
warning: decoder_fuzz@0.0.0: csrc/pg_arrayfuncs_io.c:3106:25: note: here
warning: decoder_fuzz@0.0.0:  3106 |                         case '"':
warning: decoder_fuzz@0.0.0:       |                         ^~~~
warning: decoder_fuzz@0.0.0: csrc/pg_arrayfuncs_io.c:320:65: warning: this statement may fall through [-Wimplicit-fallthrough=]
warning: decoder_fuzz@0.0.0:   320 | #define ereturn(escontext, ret, ...) do { (void) (__VA_ARGS__); pg_afx_raise(); } while (0)
warning: decoder_fuzz@0.0.0:       |                                                                 ^~~~~~~~~~~~~~
warning: decoder_fuzz@0.0.0: csrc/pg_arrayfuncs_io.c:3108:33: note: in expansion of macro 'ereturn'
warning: decoder_fuzz@0.0.0:  3108 |                                 ereturn(escontext, ATOK_ERROR,
warning: decoder_fuzz@0.0.0:       |                                 ^~~~~~~
warning: decoder_fuzz@0.0.0: csrc/pg_arrayfuncs_io.c:3112:25: note: here
warning: decoder_fuzz@0.0.0:  3112 |                         case '\\':
warning: decoder_fuzz@0.0.0:       |                         ^~~~
warning: decoder_fuzz@0.0.0: csrc/pg_arrayfuncs_io.c:3149:1: warning: control reaches end of non-void function [-Wreturn-type]
warning: decoder_fuzz@0.0.0:  3149 | }
warning: decoder_fuzz@0.0.0:       | ^
warning: decoder_fuzz@0.0.0: csrc/pg_oraclefam_io.c: In function 'text_substring':
warning: decoder_fuzz@0.0.0: csrc/pg_oraclefam_io.c:140:45: warning: right-hand operand of comma expression has no effect [-Wunused-value]
warning: decoder_fuzz@0.0.0:   140 | #define errcode(e) (pg_diff_oc_pending = (e), 0)
warning: decoder_fuzz@0.0.0:       |                    ~~~~~~~~~~~~~~~~~~~~~~~~~^~~~
warning: decoder_fuzz@0.0.0: csrc/pg_oraclefam_io.c:143:22: note: in definition of macro 'ereport'
warning: decoder_fuzz@0.0.0:   143 |         do { (void) (rest); pg_diff_oc_raise(pg_diff_oc_pending); } while (0)
warning: decoder_fuzz@0.0.0:       |                      ^~~~
warning: decoder_fuzz@0.0.0: csrc/pg_oraclefam_io.c:613:42: note: in expansion of macro 'errcode'
warning: decoder_fuzz@0.0.0:   613 |                                         (errcode(ERRCODE_SUBSTRING_ERROR),
warning: decoder_fuzz@0.0.0:       |                                          ^~~~~~~
warning: decoder_fuzz@0.0.0: csrc/pg_oraclefam_io.c:140:45: warning: right-hand operand of comma expression has no effect [-Wunused-value]
warning: decoder_fuzz@0.0.0:   140 | #define errcode(e) (pg_diff_oc_pending = (e), 0)
warning: decoder_fuzz@0.0.0:       |                    ~~~~~~~~~~~~~~~~~~~~~~~~~^~~~
warning: decoder_fuzz@0.0.0: csrc/pg_oraclefam_io.c:143:22: note: in definition of macro 'ereport'
warning: decoder_fuzz@0.0.0:   143 |         do { (void) (rest); pg_diff_oc_raise(pg_diff_oc_pending); } while (0)
warning: decoder_fuzz@0.0.0:       |                      ^~~~
warning: decoder_fuzz@0.0.0: csrc/pg_oraclefam_io.c:677:42: note: in expansion of macro 'errcode'
warning: decoder_fuzz@0.0.0:   677 |                                         (errcode(ERRCODE_SUBSTRING_ERROR),
warning: decoder_fuzz@0.0.0:       |                                          ^~~~~~~
warning: decoder_fuzz@0.0.0: csrc/pg_oraclefam_io.c: In function 'pg_oc_lpad':
warning: decoder_fuzz@0.0.0: csrc/pg_oraclefam_io.c:140:45: warning: right-hand operand of comma expression has no effect [-Wunused-value]
warning: decoder_fuzz@0.0.0:   140 | #define errcode(e) (pg_diff_oc_pending = (e), 0)
warning: decoder_fuzz@0.0.0:       |                    ~~~~~~~~~~~~~~~~~~~~~~~~~^~~~
warning: decoder_fuzz@0.0.0: csrc/pg_oraclefam_io.c:143:22: note: in definition of macro 'ereport'
warning: decoder_fuzz@0.0.0:   143 |         do { (void) (rest); pg_diff_oc_raise(pg_diff_oc_pending); } while (0)
warning: decoder_fuzz@0.0.0:       |                      ^~~~
warning: decoder_fuzz@0.0.0: csrc/pg_oraclefam_io.c:906:34: note: in expansion of macro 'errcode'
warning: decoder_fuzz@0.0.0:   906 |                                 (errcode(ERRCODE_PROGRAM_LIMIT_EXCEEDED),
warning: decoder_fuzz@0.0.0:       |                                  ^~~~~~~
warning: decoder_fuzz@0.0.0: csrc/pg_oraclefam_io.c: In function 'pg_oc_rpad':
warning: decoder_fuzz@0.0.0: csrc/pg_oraclefam_io.c:140:45: warning: right-hand operand of comma expression has no effect [-Wunused-value]
warning: decoder_fuzz@0.0.0:   140 | #define errcode(e) (pg_diff_oc_pending = (e), 0)
warning: decoder_fuzz@0.0.0:       |                    ~~~~~~~~~~~~~~~~~~~~~~~~~^~~~
warning: decoder_fuzz@0.0.0: csrc/pg_oraclefam_io.c:143:22: note: in definition of macro 'ereport'
warning: decoder_fuzz@0.0.0:   143 |         do { (void) (rest); pg_diff_oc_raise(pg_diff_oc_pending); } while (0)
warning: decoder_fuzz@0.0.0:       |                      ^~~~
warning: decoder_fuzz@0.0.0: csrc/pg_oraclefam_io.c:984:34: note: in expansion of macro 'errcode'
warning: decoder_fuzz@0.0.0:   984 |                                 (errcode(ERRCODE_PROGRAM_LIMIT_EXCEEDED),
warning: decoder_fuzz@0.0.0:       |                                  ^~~~~~~
warning: decoder_fuzz@0.0.0: csrc/pg_oraclefam_io.c: In function 'pg_oc_translate':
warning: decoder_fuzz@0.0.0: csrc/pg_oraclefam_io.c:140:45: warning: right-hand operand of comma expression has no effect [-Wunused-value]
warning: decoder_fuzz@0.0.0:   140 | #define errcode(e) (pg_diff_oc_pending = (e), 0)
warning: decoder_fuzz@0.0.0:       |                    ~~~~~~~~~~~~~~~~~~~~~~~~~^~~~
warning: decoder_fuzz@0.0.0: csrc/pg_oraclefam_io.c:143:22: note: in definition of macro 'ereport'
warning: decoder_fuzz@0.0.0:   143 |         do { (void) (rest); pg_diff_oc_raise(pg_diff_oc_pending); } while (0)
warning: decoder_fuzz@0.0.0:       |                      ^~~~
warning: decoder_fuzz@0.0.0: csrc/pg_oraclefam_io.c:1296:34: note: in expansion of macro 'errcode'
warning: decoder_fuzz@0.0.0:  1296 |                                 (errcode(ERRCODE_PROGRAM_LIMIT_EXCEEDED),
warning: decoder_fuzz@0.0.0:       |                                  ^~~~~~~
warning: decoder_fuzz@0.0.0: csrc/pg_oraclefam_io.c: In function 'pg_oc_ascii':
warning: decoder_fuzz@0.0.0: csrc/pg_oraclefam_io.c:140:45: warning: right-hand operand of comma expression has no effect [-Wunused-value]
warning: decoder_fuzz@0.0.0:   140 | #define errcode(e) (pg_diff_oc_pending = (e), 0)
warning: decoder_fuzz@0.0.0:       |                    ~~~~~~~~~~~~~~~~~~~~~~~~~^~~~
warning: decoder_fuzz@0.0.0: csrc/pg_oraclefam_io.c:143:22: note: in definition of macro 'ereport'
warning: decoder_fuzz@0.0.0:   143 |         do { (void) (rest); pg_diff_oc_raise(pg_diff_oc_pending); } while (0)
warning: decoder_fuzz@0.0.0:       |                      ^~~~
warning: decoder_fuzz@0.0.0: csrc/pg_oraclefam_io.c:1410:42: note: in expansion of macro 'errcode'
warning: decoder_fuzz@0.0.0:  1410 |                                         (errcode(ERRCODE_PROGRAM_LIMIT_EXCEEDED),
warning: decoder_fuzz@0.0.0:       |                                          ^~~~~~~
warning: decoder_fuzz@0.0.0: csrc/pg_oraclefam_io.c: In function 'pg_oc_chr':
warning: decoder_fuzz@0.0.0: csrc/pg_oraclefam_io.c:140:45: warning: right-hand operand of comma expression has no effect [-Wunused-value]
warning: decoder_fuzz@0.0.0:   140 | #define errcode(e) (pg_diff_oc_pending = (e), 0)
warning: decoder_fuzz@0.0.0:       |                    ~~~~~~~~~~~~~~~~~~~~~~~~~^~~~
warning: decoder_fuzz@0.0.0: csrc/pg_oraclefam_io.c:143:22: note: in definition of macro 'ereport'
warning: decoder_fuzz@0.0.0:   143 |         do { (void) (rest); pg_diff_oc_raise(pg_diff_oc_pending); } while (0)
warning: decoder_fuzz@0.0.0:       |                      ^~~~
warning: decoder_fuzz@0.0.0: csrc/pg_oraclefam_io.c:1431:34: note: in expansion of macro 'errcode'
warning: decoder_fuzz@0.0.0:  1431 |                                 (errcode(ERRCODE_INVALID_PARAMETER_VALUE),
warning: decoder_fuzz@0.0.0:       |                                  ^~~~~~~
warning: decoder_fuzz@0.0.0: csrc/pg_oraclefam_io.c:140:45: warning: right-hand operand of comma expression has no effect [-Wunused-value]
warning: decoder_fuzz@0.0.0:   140 | #define errcode(e) (pg_diff_oc_pending = (e), 0)
warning: decoder_fuzz@0.0.0:       |                    ~~~~~~~~~~~~~~~~~~~~~~~~~^~~~
warning: decoder_fuzz@0.0.0: csrc/pg_oraclefam_io.c:143:22: note: in definition of macro 'ereport'
warning: decoder_fuzz@0.0.0:   143 |         do { (void) (rest); pg_diff_oc_raise(pg_diff_oc_pending); } while (0)
warning: decoder_fuzz@0.0.0:       |                      ^~~~
warning: decoder_fuzz@0.0.0: csrc/pg_oraclefam_io.c:1435:34: note: in expansion of macro 'errcode'
warning: decoder_fuzz@0.0.0:  1435 |                                 (errcode(ERRCODE_PROGRAM_LIMIT_EXCEEDED),
warning: decoder_fuzz@0.0.0:       |                                  ^~~~~~~
warning: decoder_fuzz@0.0.0: csrc/pg_oraclefam_io.c:140:45: warning: right-hand operand of comma expression has no effect [-Wunused-value]
warning: decoder_fuzz@0.0.0:   140 | #define errcode(e) (pg_diff_oc_pending = (e), 0)
warning: decoder_fuzz@0.0.0:       |                    ~~~~~~~~~~~~~~~~~~~~~~~~~^~~~
warning: decoder_fuzz@0.0.0: csrc/pg_oraclefam_io.c:143:22: note: in definition of macro 'ereport'
warning: decoder_fuzz@0.0.0:   143 |         do { (void) (rest); pg_diff_oc_raise(pg_diff_oc_pending); } while (0)
warning: decoder_fuzz@0.0.0:       |                      ^~~~
warning: decoder_fuzz@0.0.0: csrc/pg_oraclefam_io.c:1453:42: note: in expansion of macro 'errcode'
warning: decoder_fuzz@0.0.0:  1453 |                                         (errcode(ERRCODE_PROGRAM_LIMIT_EXCEEDED),
warning: decoder_fuzz@0.0.0:       |                                          ^~~~~~~
warning: decoder_fuzz@0.0.0: csrc/pg_oraclefam_io.c:140:45: warning: right-hand operand of comma expression has no effect [-Wunused-value]
warning: decoder_fuzz@0.0.0:   140 | #define errcode(e) (pg_diff_oc_pending = (e), 0)
warning: decoder_fuzz@0.0.0:       |                    ~~~~~~~~~~~~~~~~~~~~~~~~~^~~~
warning: decoder_fuzz@0.0.0: csrc/pg_oraclefam_io.c:143:22: note: in definition of macro 'ereport'
warning: decoder_fuzz@0.0.0:   143 |         do { (void) (rest); pg_diff_oc_raise(pg_diff_oc_pending); } while (0)
warning: decoder_fuzz@0.0.0:       |                      ^~~~
warning: decoder_fuzz@0.0.0: csrc/pg_oraclefam_io.c:1494:42: note: in expansion of macro 'errcode'
warning: decoder_fuzz@0.0.0:  1494 |                                         (errcode(ERRCODE_PROGRAM_LIMIT_EXCEEDED),
warning: decoder_fuzz@0.0.0:       |                                          ^~~~~~~
warning: decoder_fuzz@0.0.0: csrc/pg_oraclefam_io.c:140:45: warning: right-hand operand of comma expression has no effect [-Wunused-value]
warning: decoder_fuzz@0.0.0:   140 | #define errcode(e) (pg_diff_oc_pending = (e), 0)
warning: decoder_fuzz@0.0.0:       |                    ~~~~~~~~~~~~~~~~~~~~~~~~~^~~~
warning: decoder_fuzz@0.0.0: csrc/pg_oraclefam_io.c:143:22: note: in definition of macro 'ereport'
warning: decoder_fuzz@0.0.0:   143 |         do { (void) (rest); pg_diff_oc_raise(pg_diff_oc_pending); } while (0)
warning: decoder_fuzz@0.0.0:       |                      ^~~~
warning: decoder_fuzz@0.0.0: csrc/pg_oraclefam_io.c:1506:42: note: in expansion of macro 'errcode'
warning: decoder_fuzz@0.0.0:  1506 |                                         (errcode(ERRCODE_PROGRAM_LIMIT_EXCEEDED),
warning: decoder_fuzz@0.0.0:       |                                          ^~~~~~~
warning: decoder_fuzz@0.0.0: csrc/pg_oraclefam_io.c: In function 'pg_oc_repeat':
warning: decoder_fuzz@0.0.0: csrc/pg_oraclefam_io.c:140:45: warning: right-hand operand of comma expression has no effect [-Wunused-value]
warning: decoder_fuzz@0.0.0:   140 | #define errcode(e) (pg_diff_oc_pending = (e), 0)
warning: decoder_fuzz@0.0.0:       |                    ~~~~~~~~~~~~~~~~~~~~~~~~~^~~~
warning: decoder_fuzz@0.0.0: csrc/pg_oraclefam_io.c:143:22: note: in definition of macro 'ereport'
warning: decoder_fuzz@0.0.0:   143 |         do { (void) (rest); pg_diff_oc_raise(pg_diff_oc_pending); } while (0)
warning: decoder_fuzz@0.0.0:       |                      ^~~~
warning: decoder_fuzz@0.0.0: csrc/pg_oraclefam_io.c:1537:34: note: in expansion of macro 'errcode'
warning: decoder_fuzz@0.0.0:  1537 |                                 (errcode(ERRCODE_PROGRAM_LIMIT_EXCEEDED),
warning: decoder_fuzz@0.0.0:       |                                  ^~~~~~~
warning: decoder_fuzz@0.0.0: csrc/pg_oraclefam_io.c: In function 'pg_diff_oc_case':
warning: decoder_fuzz@0.0.0: csrc/pg_oraclefam_io.c:1665:49: warning: argument 'buf' might be clobbered by 'longjmp' or 'vfork' [-Wclobbered]
warning: decoder_fuzz@0.0.0:  1665 | pg_diff_oc_case(int which, int enc, const char *buf, int32 nbytes,
warning: decoder_fuzz@0.0.0:       |                                     ~~~~~~~~~~~~^~~
warning: decoder_fuzz@0.0.0: csrc/pg_array_userfuncs_io.c: In function 'get_fn_expr_argtype':
warning: decoder_fuzz@0.0.0: csrc/pg_array_userfuncs_io.c:551:31: warning: unused parameter 'flinfo' [-Wunused-parameter]
warning: decoder_fuzz@0.0.0:   551 | get_fn_expr_argtype(FmgrInfo *flinfo, int argnum)
warning: decoder_fuzz@0.0.0:       |                     ~~~~~~~~~~^~~~~~
warning: decoder_fuzz@0.0.0: csrc/pg_array_userfuncs_io.c:551:43: warning: unused parameter 'argnum' [-Wunused-parameter]
warning: decoder_fuzz@0.0.0:   551 | get_fn_expr_argtype(FmgrInfo *flinfo, int argnum)
warning: decoder_fuzz@0.0.0:       |                                       ~~~~^~~~~~
warning: decoder_fuzz@0.0.0: csrc/pg_array_userfuncs_io.c: In function 'pg_diff_texteq':
warning: decoder_fuzz@0.0.0: csrc/pg_array_userfuncs_io.c:284:25: warning: operand of '?:' changes signedness from 'int' to 'uint32' {aka 'unsigned int'} due to unsignedness of other operand [-Wsign-compare]
warning: decoder_fuzz@0.0.0:   284 | #define VARSIZE_1B(PTR) (((*((const uint8_t *) (PTR))) >> 1) & 0x7F)
warning: decoder_fuzz@0.0.0:       |                         ^
warning: decoder_fuzz@0.0.0: csrc/pg_array_userfuncs_io.c:293:30: note: in expansion of macro 'VARSIZE_1B'
warning: decoder_fuzz@0.0.0:   293 |         (VARATT_IS_1B(PTR) ? VARSIZE_1B(PTR) - VARHDRSZ_SHORT : VARSIZE(PTR) - VARHDRSZ)
warning: decoder_fuzz@0.0.0:       |                              ^~~~~~~~~~
warning: decoder_fuzz@0.0.0: csrc/pg_array_userfuncs_io.c:966:16: note: in expansion of macro 'VARSIZE_ANY_EXHDR'
warning: decoder_fuzz@0.0.0:   966 |         len1 = VARSIZE_ANY_EXHDR(DatumGetPointer(arg1)) + VARHDRSZ;
warning: decoder_fuzz@0.0.0:       |                ^~~~~~~~~~~~~~~~~
warning: decoder_fuzz@0.0.0: csrc/pg_array_userfuncs_io.c:284:25: warning: operand of '?:' changes signedness from 'int' to 'uint32' {aka 'unsigned int'} due to unsignedness of other operand [-Wsign-compare]
warning: decoder_fuzz@0.0.0:   284 | #define VARSIZE_1B(PTR) (((*((const uint8_t *) (PTR))) >> 1) & 0x7F)
warning: decoder_fuzz@0.0.0:       |                         ^
warning: decoder_fuzz@0.0.0: csrc/pg_array_userfuncs_io.c:293:30: note: in expansion of macro 'VARSIZE_1B'
warning: decoder_fuzz@0.0.0:   293 |         (VARATT_IS_1B(PTR) ? VARSIZE_1B(PTR) - VARHDRSZ_SHORT : VARSIZE(PTR) - VARHDRSZ)
warning: decoder_fuzz@0.0.0:       |                              ^~~~~~~~~~
warning: decoder_fuzz@0.0.0: csrc/pg_array_userfuncs_io.c:967:16: note: in expansion of macro 'VARSIZE_ANY_EXHDR'
warning: decoder_fuzz@0.0.0:   967 |         len2 = VARSIZE_ANY_EXHDR(DatumGetPointer(arg2)) + VARHDRSZ;
warning: decoder_fuzz@0.0.0:       |                ^~~~~~~~~~~~~~~~~
warning: decoder_fuzz@0.0.0: csrc/pg_array_userfuncs_io.c: In function 'lookup_type_cache':
warning: decoder_fuzz@0.0.0: csrc/pg_array_userfuncs_io.c:995:36: warning: unused parameter 'flags' [-Wunused-parameter]
warning: decoder_fuzz@0.0.0:   995 | lookup_type_cache(Oid type_id, int flags)
warning: decoder_fuzz@0.0.0:       |                                ~~~~^~~~~
warning: decoder_fuzz@0.0.0: csrc/pg_array_userfuncs_io.c: In function 'fmgr_info_cxt':
warning: decoder_fuzz@0.0.0: csrc/pg_array_userfuncs_io.c:1022:62: warning: unused parameter 'mcxt' [-Wunused-parameter]
warning: decoder_fuzz@0.0.0:  1022 | fmgr_info_cxt(Oid functionId, FmgrInfo *finfo, MemoryContext mcxt)
warning: decoder_fuzz@0.0.0:       |                                                ~~~~~~~~~~~~~~^~~~
warning: decoder_fuzz@0.0.0: csrc/pg_array_userfuncs_io.c: In function 'array_set_element_expanded':
warning: decoder_fuzz@0.0.0: csrc/pg_array_userfuncs_io.c:1351:34: warning: unused parameter 'arraydatum' [-Wunused-parameter]
warning: decoder_fuzz@0.0.0:  1351 | array_set_element_expanded(Datum arraydatum, int nSubscripts, int *indx,
warning: decoder_fuzz@0.0.0:       |                            ~~~~~~^~~~~~~~~~
warning: decoder_fuzz@0.0.0: csrc/pg_array_userfuncs_io.c:1351:50: warning: unused parameter 'nSubscripts' [-Wunused-parameter]
warning: decoder_fuzz@0.0.0:  1351 | array_set_element_expanded(Datum arraydatum, int nSubscripts, int *indx,
warning: decoder_fuzz@0.0.0:       |                                              ~~~~^~~~~~~~~~~
warning: decoder_fuzz@0.0.0: csrc/pg_array_userfuncs_io.c:1351:68: warning: unused parameter 'indx' [-Wunused-parameter]
warning: decoder_fuzz@0.0.0:  1351 | array_set_element_expanded(Datum arraydatum, int nSubscripts, int *indx,
warning: decoder_fuzz@0.0.0:       |                                                               ~~~~~^~~~
warning: decoder_fuzz@0.0.0: csrc/pg_array_userfuncs_io.c:1352:58: warning: unused parameter 'dataValue' [-Wunused-parameter]
warning: decoder_fuzz@0.0.0:  1352 |                                                    Datum dataValue, bool isNull, int arraytyplen,
warning: decoder_fuzz@0.0.0:       |                                                    ~~~~~~^~~~~~~~~
warning: decoder_fuzz@0.0.0: csrc/pg_array_userfuncs_io.c:1352:74: warning: unused parameter 'isNull' [-Wunused-parameter]
warning: decoder_fuzz@0.0.0:  1352 |                                                    Datum dataValue, bool isNull, int arraytyplen,
warning: decoder_fuzz@0.0.0:       |                                                                          ^
warning: decoder_fuzz@0.0.0: csrc/pg_array_userfuncs_io.c:1352:86: warning: unused parameter 'arraytyplen' [-Wunused-parameter]
warning: decoder_fuzz@0.0.0:  1352 |                                                    Datum dataValue, bool isNull, int arraytyplen,
warning: decoder_fuzz@0.0.0:       |                                                                                  ~~~~^~~~~~~~~~~
warning: decoder_fuzz@0.0.0: csrc/pg_array_userfuncs_io.c:1353:56: warning: unused parameter 'elmlen' [-Wunused-parameter]
warning: decoder_fuzz@0.0.0:  1353 |                                                    int elmlen, bool elmbyval, char elmalign)
warning: decoder_fuzz@0.0.0:       |                                                    ~~~~^~~~~~
warning: decoder_fuzz@0.0.0: csrc/pg_array_userfuncs_io.c:1353:69: warning: unused parameter 'elmbyval' [-Wunused-parameter]
warning: decoder_fuzz@0.0.0:  1353 |                                                    int elmlen, bool elmbyval, char elmalign)
warning: decoder_fuzz@0.0.0:       |                                                                     ^
warning: decoder_fuzz@0.0.0: csrc/pg_array_userfuncs_io.c:1353:84: warning: unused parameter 'elmalign' [-Wunused-parameter]
warning: decoder_fuzz@0.0.0:  1353 |                                                    int elmlen, bool elmbyval, char elmalign)
warning: decoder_fuzz@0.0.0:       |                                                                               ~~~~~^~~~~~~~
warning: decoder_fuzz@0.0.0: csrc/pg_array_userfuncs_io.c: In function 'pgdiffau_CopyArrayEls':
warning: decoder_fuzz@0.0.0: csrc/pg_array_userfuncs_io.c:633:35: warning: operand of '?:' changes signedness from 'int32' {aka 'int'} to 'long unsigned int' due to unsignedness of other operand [-Wsign-compare]
warning: decoder_fuzz@0.0.0:   633 |                 (ARR_HASNULL(a) ? (a)->dataoffset : ARR_OVERHEAD_NONULLS(ARR_NDIM(a)))
warning: decoder_fuzz@0.0.0:       |                                   ^~~~~~~~~~~~~~~
warning: decoder_fuzz@0.0.0: csrc/pg_array_userfuncs_io.c:635:35: note: in expansion of macro 'ARR_DATA_OFFSET'
warning: decoder_fuzz@0.0.0:   635 |                 (((char *) (a)) + ARR_DATA_OFFSET(a))
warning: decoder_fuzz@0.0.0:       |                                   ^~~~~~~~~~~~~~~
warning: decoder_fuzz@0.0.0: csrc/pg_array_userfuncs_io.c:1589:25: note: in expansion of macro 'ARR_DATA_PTR'
warning: decoder_fuzz@0.0.0:  1589 |         char       *p = ARR_DATA_PTR(array);
warning: decoder_fuzz@0.0.0:       |                         ^~~~~~~~~~~~
warning: decoder_fuzz@0.0.0: csrc/pg_array_userfuncs_io.c: In function 'pgdiffau_array_get_slice':
warning: decoder_fuzz@0.0.0: csrc/pg_array_userfuncs_io.c:633:35: warning: operand of '?:' changes signedness from 'int32' {aka 'int'} to 'long unsigned int' due to unsignedness of other operand [-Wsign-compare]
warning: decoder_fuzz@0.0.0:   633 |                 (ARR_HASNULL(a) ? (a)->dataoffset : ARR_OVERHEAD_NONULLS(ARR_NDIM(a)))
warning: decoder_fuzz@0.0.0:       |                                   ^~~~~~~~~~~~~~~
warning: decoder_fuzz@0.0.0: csrc/pg_array_userfuncs_io.c:635:35: note: in expansion of macro 'ARR_DATA_OFFSET'
warning: decoder_fuzz@0.0.0:   635 |                 (((char *) (a)) + ARR_DATA_OFFSET(a))
warning: decoder_fuzz@0.0.0:       |                                   ^~~~~~~~~~~~~~~
warning: decoder_fuzz@0.0.0: csrc/pg_array_userfuncs_io.c:1722:32: note: in expansion of macro 'ARR_DATA_PTR'
warning: decoder_fuzz@0.0.0:  1722 |                 arraydataptr = ARR_DATA_PTR(array);
warning: decoder_fuzz@0.0.0:       |                                ^~~~~~~~~~~~
warning: decoder_fuzz@0.0.0: csrc/pg_array_userfuncs_io.c: In function 'pgdiffau_array_set_element':
warning: decoder_fuzz@0.0.0: csrc/pg_array_userfuncs_io.c:633:35: warning: operand of '?:' changes signedness from 'int32' {aka 'int'} to 'long unsigned int' due to unsignedness of other operand [-Wsign-compare]
warning: decoder_fuzz@0.0.0:   633 |                 (ARR_HASNULL(a) ? (a)->dataoffset : ARR_OVERHEAD_NONULLS(ARR_NDIM(a)))
warning: decoder_fuzz@0.0.0:       |                                   ^~~~~~~~~~~~~~~
warning: decoder_fuzz@0.0.0: csrc/pg_array_userfuncs_io.c:2021:26: note: in expansion of macro 'ARR_DATA_OFFSET'
warning: decoder_fuzz@0.0.0:  2021 |         oldoverheadlen = ARR_DATA_OFFSET(array);
warning: decoder_fuzz@0.0.0:       |                          ^~~~~~~~~~~~~~~
warning: decoder_fuzz@0.0.0: csrc/pg_array_userfuncs_io.c:633:35: warning: operand of '?:' changes signedness from 'int32' {aka 'int'} to 'long unsigned int' due to unsignedness of other operand [-Wsign-compare]
warning: decoder_fuzz@0.0.0:   633 |                 (ARR_HASNULL(a) ? (a)->dataoffset : ARR_OVERHEAD_NONULLS(ARR_NDIM(a)))
warning: decoder_fuzz@0.0.0:       |                                   ^~~~~~~~~~~~~~~
warning: decoder_fuzz@0.0.0: csrc/pg_array_userfuncs_io.c:635:35: note: in expansion of macro 'ARR_DATA_OFFSET'
warning: decoder_fuzz@0.0.0:   635 |                 (((char *) (a)) + ARR_DATA_OFFSET(a))
warning: decoder_fuzz@0.0.0:       |                                   ^~~~~~~~~~~~~~~
warning: decoder_fuzz@0.0.0: csrc/pg_array_userfuncs_io.c:2040:38: note: in expansion of macro 'ARR_DATA_PTR'
warning: decoder_fuzz@0.0.0:  2040 |                 elt_ptr = array_seek(ARR_DATA_PTR(array), 0, oldnullbitmap, offset,
warning: decoder_fuzz@0.0.0:       |                                      ^~~~~~~~~~~~
warning: decoder_fuzz@0.0.0: csrc/pg_array_userfuncs_io.c:633:35: warning: operand of '?:' changes signedness from 'int32' {aka 'int'} to 'long unsigned int' due to unsignedness of other operand [-Wsign-compare]
warning: decoder_fuzz@0.0.0:   633 |                 (ARR_HASNULL(a) ? (a)->dataoffset : ARR_OVERHEAD_NONULLS(ARR_NDIM(a)))
warning: decoder_fuzz@0.0.0:       |                                   ^~~~~~~~~~~~~~~
warning: decoder_fuzz@0.0.0: csrc/pg_array_userfuncs_io.c:635:35: note: in expansion of macro 'ARR_DATA_OFFSET'
warning: decoder_fuzz@0.0.0:   635 |                 (((char *) (a)) + ARR_DATA_OFFSET(a))
warning: decoder_fuzz@0.0.0:       |                                   ^~~~~~~~~~~~~~~
warning: decoder_fuzz@0.0.0: csrc/pg_array_userfuncs_io.c:2042:46: note: in expansion of macro 'ARR_DATA_PTR'
warning: decoder_fuzz@0.0.0:  2042 |                 lenbefore = (int) (elt_ptr - ARR_DATA_PTR(array));
warning: decoder_fuzz@0.0.0:       |                                              ^~~~~~~~~~~~
warning: decoder_fuzz@0.0.0: csrc/pg_array_userfuncs_io.c:761:9: warning: operand of '?:' changes signedness from 'int' to 'size_t' {aka 'long unsigned int'} due to unsignedness of other operand [-Wsign-compare]
warning: decoder_fuzz@0.0.0:   761 |         ( \
warning: decoder_fuzz@0.0.0:       |         ^~~
warning: decoder_fuzz@0.0.0:   762 |                 (cur_offset) + (attlen) \
warning: decoder_fuzz@0.0.0:       |                 ~~~~~~~~~~~~~~~~~~~~~~~~~
warning: decoder_fuzz@0.0.0:   763 |         ) \
warning: decoder_fuzz@0.0.0:       |         ~
warning: decoder_fuzz@0.0.0: csrc/pg_array_userfuncs_io.c:2047:38: note: in expansion of macro 'att_addlength_pointer'
warning: decoder_fuzz@0.0.0:  2047 |                         olditemlen = att_addlength_pointer(0, elmlen, elt_ptr);
warning: decoder_fuzz@0.0.0:       |                                      ^~~~~~~~~~~~~~~~~~~~~
warning: decoder_fuzz@0.0.0: csrc/pg_array_userfuncs_io.c:761:9: warning: operand of '?:' changes signedness from 'int' to 'size_t' {aka 'long unsigned int'} due to unsignedness of other operand [-Wsign-compare]
warning: decoder_fuzz@0.0.0:   761 |         ( \
warning: decoder_fuzz@0.0.0:       |         ^~~
warning: decoder_fuzz@0.0.0:   762 |                 (cur_offset) + (attlen) \
warning: decoder_fuzz@0.0.0:       |                 ~~~~~~~~~~~~~~~~~~~~~~~~~
warning: decoder_fuzz@0.0.0:   763 |         ) \
warning: decoder_fuzz@0.0.0:       |         ~
warning: decoder_fuzz@0.0.0: csrc/pg_array_userfuncs_io.c:756:9: note: in expansion of macro 'att_addlength_pointer'
warning: decoder_fuzz@0.0.0:   756 |         att_addlength_pointer(cur_offset, attlen, DatumGetPointer(attdatum))
warning: decoder_fuzz@0.0.0:       |         ^~~~~~~~~~~~~~~~~~~~~
warning: decoder_fuzz@0.0.0: csrc/pg_array_userfuncs_io.c:2057:30: note: in expansion of macro 'att_addlength_datum'
warning: decoder_fuzz@0.0.0:  2057 |                 newitemlen = att_addlength_datum(0, elmlen, dataValue);
warning: decoder_fuzz@0.0.0:       |                              ^~~~~~~~~~~~~~~~~~~
warning: decoder_fuzz@0.0.0: csrc/pg_array_userfuncs_io.c: In function 'pgdiffau_construct_md_array':
warning: decoder_fuzz@0.0.0: csrc/pg_array_userfuncs_io.c:761:9: warning: operand of '?:' changes signedness from 'int' to 'size_t' {aka 'long unsigned int'} due to unsignedness of other operand [-Wsign-compare]
warning: decoder_fuzz@0.0.0:   761 |         ( \
warning: decoder_fuzz@0.0.0:       |         ^~~
warning: decoder_fuzz@0.0.0:   762 |                 (cur_offset) + (attlen) \
warning: decoder_fuzz@0.0.0:       |                 ~~~~~~~~~~~~~~~~~~~~~~~~~
warning: decoder_fuzz@0.0.0:   763 |         ) \
warning: decoder_fuzz@0.0.0:       |         ~
warning: decoder_fuzz@0.0.0: csrc/pg_array_userfuncs_io.c:756:9: note: in expansion of macro 'att_addlength_pointer'
warning: decoder_fuzz@0.0.0:   756 |         att_addlength_pointer(cur_offset, attlen, DatumGetPointer(attdatum))
warning: decoder_fuzz@0.0.0:       |         ^~~~~~~~~~~~~~~~~~~~~
warning: decoder_fuzz@0.0.0: csrc/pg_array_userfuncs_io.c:2189:26: note: in expansion of macro 'att_addlength_datum'
warning: decoder_fuzz@0.0.0:  2189 |                 nbytes = att_addlength_datum(nbytes, elmlen, elems[i]);
warning: decoder_fuzz@0.0.0:       |                          ^~~~~~~~~~~~~~~~~~~
warning: decoder_fuzz@0.0.0: csrc/pg_array_userfuncs_io.c: In function 'pgdiffau_deconstruct_array':
warning: decoder_fuzz@0.0.0: csrc/pg_array_userfuncs_io.c:633:35: warning: operand of '?:' changes signedness from 'int32' {aka 'int'} to 'long unsigned int' due to unsignedness of other operand [-Wsign-compare]
warning: decoder_fuzz@0.0.0:   633 |                 (ARR_HASNULL(a) ? (a)->dataoffset : ARR_OVERHEAD_NONULLS(ARR_NDIM(a)))
warning: decoder_fuzz@0.0.0:       |                                   ^~~~~~~~~~~~~~~
warning: decoder_fuzz@0.0.0: csrc/pg_array_userfuncs_io.c:635:35: note: in expansion of macro 'ARR_DATA_OFFSET'
warning: decoder_fuzz@0.0.0:   635 |                 (((char *) (a)) + ARR_DATA_OFFSET(a))
warning: decoder_fuzz@0.0.0:       |                                   ^~~~~~~~~~~~~~~
warning: decoder_fuzz@0.0.0: csrc/pg_array_userfuncs_io.c:2287:13: note: in expansion of macro 'ARR_DATA_PTR'
warning: decoder_fuzz@0.0.0:  2287 |         p = ARR_DATA_PTR(array);
warning: decoder_fuzz@0.0.0:       |             ^~~~~~~~~~~~
warning: decoder_fuzz@0.0.0: csrc/pg_array_userfuncs_io.c: In function 'pgdiffau_array_create_iterator':
warning: decoder_fuzz@0.0.0: csrc/pg_array_userfuncs_io.c:633:35: warning: operand of '?:' changes signedness from 'int32' {aka 'int'} to 'long unsigned int' due to unsignedness of other operand [-Wsign-compare]
warning: decoder_fuzz@0.0.0:   633 |                 (ARR_HASNULL(a) ? (a)->dataoffset : ARR_OVERHEAD_NONULLS(ARR_NDIM(a)))
warning: decoder_fuzz@0.0.0:       |                                   ^~~~~~~~~~~~~~~
warning: decoder_fuzz@0.0.0: csrc/pg_array_userfuncs_io.c:635:35: note: in expansion of macro 'ARR_DATA_OFFSET'
warning: decoder_fuzz@0.0.0:   635 |                 (((char *) (a)) + ARR_DATA_OFFSET(a))
warning: decoder_fuzz@0.0.0:       |                                   ^~~~~~~~~~~~~~~
warning: decoder_fuzz@0.0.0: csrc/pg_array_userfuncs_io.c:2446:30: note: in expansion of macro 'ARR_DATA_PTR'
warning: decoder_fuzz@0.0.0:  2446 |         iterator->data_ptr = ARR_DATA_PTR(arr);
warning: decoder_fuzz@0.0.0:       |                              ^~~~~~~~~~~~
warning: decoder_fuzz@0.0.0: csrc/pg_array_userfuncs_io.c: In function 'ArrayCastAndSet':
warning: decoder_fuzz@0.0.0: csrc/pg_array_userfuncs_io.c:761:9: warning: operand of '?:' changes signedness from 'int' to 'size_t' {aka 'long unsigned int'} due to unsignedness of other operand [-Wsign-compare]
warning: decoder_fuzz@0.0.0:   761 |         ( \
warning: decoder_fuzz@0.0.0:       |         ^~~
warning: decoder_fuzz@0.0.0:   762 |                 (cur_offset) + (attlen) \
warning: decoder_fuzz@0.0.0:       |                 ~~~~~~~~~~~~~~~~~~~~~~~~~
warning: decoder_fuzz@0.0.0:   763 |         ) \
warning: decoder_fuzz@0.0.0:       |         ~
warning: decoder_fuzz@0.0.0: csrc/pg_array_userfuncs_io.c:756:9: note: in expansion of macro 'att_addlength_pointer'
warning: decoder_fuzz@0.0.0:   756 |         att_addlength_pointer(cur_offset, attlen, DatumGetPointer(attdatum))
warning: decoder_fuzz@0.0.0:       |         ^~~~~~~~~~~~~~~~~~~~~
warning: decoder_fuzz@0.0.0: csrc/pg_array_userfuncs_io.c:2613:23: note: in expansion of macro 'att_addlength_datum'
warning: decoder_fuzz@0.0.0:  2613 |                 inc = att_addlength_datum(0, typlen, src);
warning: decoder_fuzz@0.0.0:       |                       ^~~~~~~~~~~~~~~~~~~
warning: decoder_fuzz@0.0.0: csrc/pg_array_userfuncs_io.c: In function 'array_seek':
warning: decoder_fuzz@0.0.0: csrc/pg_array_userfuncs_io.c:2634:37: warning: unused parameter 'typbyval' [-Wunused-parameter]
warning: decoder_fuzz@0.0.0:  2634 |                    int typlen, bool typbyval, char typalign)
warning: decoder_fuzz@0.0.0:       |                                     ^
warning: decoder_fuzz@0.0.0: csrc/pg_array_userfuncs_io.c: In function 'array_slice_size':
warning: decoder_fuzz@0.0.0: csrc/pg_array_userfuncs_io.c:761:9: warning: operand of '?:' changes signedness from 'int' to 'size_t' {aka 'long unsigned int'} due to unsignedness of other operand [-Wsign-compare]
warning: decoder_fuzz@0.0.0:   761 |         ( \
warning: decoder_fuzz@0.0.0:       |         ^~~
warning: decoder_fuzz@0.0.0:   762 |                 (cur_offset) + (attlen) \
warning: decoder_fuzz@0.0.0:       |                 ~~~~~~~~~~~~~~~~~~~~~~~~~
warning: decoder_fuzz@0.0.0:   763 |         ) \
warning: decoder_fuzz@0.0.0:       |         ~
warning: decoder_fuzz@0.0.0: csrc/pg_array_userfuncs_io.c:2845:31: note: in expansion of macro 'att_addlength_pointer'
warning: decoder_fuzz@0.0.0:  2845 |                         inc = att_addlength_pointer(0, typlen, ptr);
warning: decoder_fuzz@0.0.0:       |                               ^~~~~~~~~~~~~~~~~~~~~
warning: decoder_fuzz@0.0.0: csrc/pg_array_userfuncs_io.c: In function 'array_extract_slice':
warning: decoder_fuzz@0.0.0: csrc/pg_array_userfuncs_io.c:633:35: warning: operand of '?:' changes signedness from 'int32' {aka 'int'} to 'long unsigned int' due to unsignedness of other operand [-Wsign-compare]
warning: decoder_fuzz@0.0.0:   633 |                 (ARR_HASNULL(a) ? (a)->dataoffset : ARR_OVERHEAD_NONULLS(ARR_NDIM(a)))
warning: decoder_fuzz@0.0.0:       |                                   ^~~~~~~~~~~~~~~
warning: decoder_fuzz@0.0.0: csrc/pg_array_userfuncs_io.c:635:35: note: in expansion of macro 'ARR_DATA_OFFSET'
warning: decoder_fuzz@0.0.0:   635 |                 (((char *) (a)) + ARR_DATA_OFFSET(a))
warning: decoder_fuzz@0.0.0:       |                                   ^~~~~~~~~~~~~~~
warning: decoder_fuzz@0.0.0: csrc/pg_array_userfuncs_io.c:2876:35: note: in expansion of macro 'ARR_DATA_PTR'
warning: decoder_fuzz@0.0.0:  2876 |         char       *destdataptr = ARR_DATA_PTR(newarray);
warning: decoder_fuzz@0.0.0:       |                                   ^~~~~~~~~~~~
warning: decoder_fuzz@0.0.0: csrc/pg_array_userfuncs_io.c: In function 'pgdiffau_accumArrayResult':
warning: decoder_fuzz@0.0.0: csrc/pg_array_userfuncs_io.c:400:37: warning: statement with no effect [-Wunused-value]
warning: decoder_fuzz@0.0.0:   400 | #define MemoryContextSwitchTo(cxt) ((MemoryContext) &pg_diff_au_dummycxt)
warning: decoder_fuzz@0.0.0:       |                                    ~^~~~~~~~~~~~~~~~~~~~~~~~~~~~~~~~~~~~~
warning: decoder_fuzz@0.0.0: csrc/pg_array_userfuncs_io.c:3065:9: note: in expansion of macro 'MemoryContextSwitchTo'
warning: decoder_fuzz@0.0.0:  3065 |         MemoryContextSwitchTo(oldcontext);
warning: decoder_fuzz@0.0.0:       |         ^~~~~~~~~~~~~~~~~~~~~
warning: decoder_fuzz@0.0.0: csrc/pg_array_userfuncs_io.c:3015:23: warning: variable 'oldcontext' set but not used [-Wunused-but-set-variable]
warning: decoder_fuzz@0.0.0:  3015 |         MemoryContext oldcontext;
warning: decoder_fuzz@0.0.0:       |                       ^~~~~~~~~~
warning: decoder_fuzz@0.0.0: csrc/pg_array_userfuncs_io.c: In function 'pgdiffau_makeMdArrayResult':
warning: decoder_fuzz@0.0.0: csrc/pg_array_userfuncs_io.c:400:37: warning: statement with no effect [-Wunused-value]
warning: decoder_fuzz@0.0.0:   400 | #define MemoryContextSwitchTo(cxt) ((MemoryContext) &pg_diff_au_dummycxt)
warning: decoder_fuzz@0.0.0:       |                                    ~^~~~~~~~~~~~~~~~~~~~~~~~~~~~~~~~~~~~~
warning: decoder_fuzz@0.0.0: csrc/pg_array_userfuncs_io.c:3135:9: note: in expansion of macro 'MemoryContextSwitchTo'
warning: decoder_fuzz@0.0.0:  3135 |         MemoryContextSwitchTo(oldcontext);
warning: decoder_fuzz@0.0.0:       |         ^~~~~~~~~~~~~~~~~~~~~
warning: decoder_fuzz@0.0.0: csrc/pg_array_userfuncs_io.c:3120:23: warning: variable 'oldcontext' set but not used [-Wunused-but-set-variable]
warning: decoder_fuzz@0.0.0:  3120 |         MemoryContext oldcontext;
warning: decoder_fuzz@0.0.0:       |                       ^~~~~~~~~~
warning: decoder_fuzz@0.0.0: csrc/pg_array_userfuncs_io.c:3116:49: warning: unused parameter 'rcontext' [-Wunused-parameter]
warning: decoder_fuzz@0.0.0:  3116 |                                   MemoryContext rcontext,
warning: decoder_fuzz@0.0.0:       |                                   ~~~~~~~~~~~~~~^~~~~~~~
warning: decoder_fuzz@0.0.0: csrc/pg_array_userfuncs_io.c: In function 'pgdiffau_accumArrayResultArr':
warning: decoder_fuzz@0.0.0: csrc/pg_array_userfuncs_io.c:633:35: warning: operand of '?:' changes signedness from 'int32' {aka 'int'} to 'long unsigned int' due to unsignedness of other operand [-Wsign-compare]
warning: decoder_fuzz@0.0.0:   633 |                 (ARR_HASNULL(a) ? (a)->dataoffset : ARR_OVERHEAD_NONULLS(ARR_NDIM(a)))
warning: decoder_fuzz@0.0.0:       |                                   ^~~~~~~~~~~~~~~
warning: decoder_fuzz@0.0.0: csrc/pg_array_userfuncs_io.c:635:35: note: in expansion of macro 'ARR_DATA_OFFSET'
warning: decoder_fuzz@0.0.0:   635 |                 (((char *) (a)) + ARR_DATA_OFFSET(a))
warning: decoder_fuzz@0.0.0:       |                                   ^~~~~~~~~~~~~~~
warning: decoder_fuzz@0.0.0: csrc/pg_array_userfuncs_io.c:3241:16: note: in expansion of macro 'ARR_DATA_PTR'
warning: decoder_fuzz@0.0.0:  3241 |         data = ARR_DATA_PTR(arg);
warning: decoder_fuzz@0.0.0:       |                ^~~~~~~~~~~~
warning: decoder_fuzz@0.0.0: csrc/pg_array_userfuncs_io.c:633:35: warning: operand of '?:' changes signedness from 'int32' {aka 'int'} to 'long unsigned int' due to unsignedness of other operand [-Wsign-compare]
warning: decoder_fuzz@0.0.0:   633 |                 (ARR_HASNULL(a) ? (a)->dataoffset : ARR_OVERHEAD_NONULLS(ARR_NDIM(a)))
warning: decoder_fuzz@0.0.0:       |                                   ^~~~~~~~~~~~~~~
warning: decoder_fuzz@0.0.0: csrc/pg_array_userfuncs_io.c:3243:38: note: in expansion of macro 'ARR_DATA_OFFSET'
warning: decoder_fuzz@0.0.0:  3243 |         ndatabytes = ARR_SIZE(arg) - ARR_DATA_OFFSET(arg);
warning: decoder_fuzz@0.0.0:       |                                      ^~~~~~~~~~~~~~~
warning: decoder_fuzz@0.0.0: csrc/pg_array_userfuncs_io.c:400:37: warning: statement with no effect [-Wunused-value]
warning: decoder_fuzz@0.0.0:   400 | #define MemoryContextSwitchTo(cxt) ((MemoryContext) &pg_diff_au_dummycxt)
warning: decoder_fuzz@0.0.0:       |                                    ~^~~~~~~~~~~~~~~~~~~~~~~~~~~~~~~~~~~~~
warning: decoder_fuzz@0.0.0: csrc/pg_array_userfuncs_io.c:3338:9: note: in expansion of macro 'MemoryContextSwitchTo'
warning: decoder_fuzz@0.0.0:  3338 |         MemoryContextSwitchTo(oldcontext);
warning: decoder_fuzz@0.0.0:       |         ^~~~~~~~~~~~~~~~~~~~~
warning: decoder_fuzz@0.0.0: csrc/pg_array_userfuncs_io.c:3208:23: warning: variable 'oldcontext' set but not used [-Wunused-but-set-variable]
warning: decoder_fuzz@0.0.0:  3208 |         MemoryContext oldcontext;
warning: decoder_fuzz@0.0.0:       |                       ^~~~~~~~~~
warning: decoder_fuzz@0.0.0: csrc/pg_array_userfuncs_io.c: In function 'pgdiffau_makeArrayResultArr':
warning: decoder_fuzz@0.0.0: csrc/pg_array_userfuncs_io.c:633:35: warning: operand of '?:' changes signedness from 'int32' {aka 'int'} to 'long unsigned int' due to unsignedness of other operand [-Wsign-compare]
warning: decoder_fuzz@0.0.0:   633 |                 (ARR_HASNULL(a) ? (a)->dataoffset : ARR_OVERHEAD_NONULLS(ARR_NDIM(a)))
warning: decoder_fuzz@0.0.0:       |                                   ^~~~~~~~~~~~~~~
warning: decoder_fuzz@0.0.0: csrc/pg_array_userfuncs_io.c:635:35: note: in expansion of macro 'ARR_DATA_OFFSET'
warning: decoder_fuzz@0.0.0:   635 |                 (((char *) (a)) + ARR_DATA_OFFSET(a))
warning: decoder_fuzz@0.0.0:       |                                   ^~~~~~~~~~~~~~~
warning: decoder_fuzz@0.0.0: csrc/pg_array_userfuncs_io.c:3400:24: note: in expansion of macro 'ARR_DATA_PTR'
warning: decoder_fuzz@0.0.0:  3400 |                 memcpy(ARR_DATA_PTR(result), astate->data, astate->nbytes);
warning: decoder_fuzz@0.0.0:       |                        ^~~~~~~~~~~~
warning: decoder_fuzz@0.0.0: csrc/pg_array_userfuncs_io.c:400:37: warning: statement with no effect [-Wunused-value]
warning: decoder_fuzz@0.0.0:   400 | #define MemoryContextSwitchTo(cxt) ((MemoryContext) &pg_diff_au_dummycxt)
warning: decoder_fuzz@0.0.0:       |                                    ~^~~~~~~~~~~~~~~~~~~~~~~~~~~~~~~~~~~~~
warning: decoder_fuzz@0.0.0: csrc/pg_array_userfuncs_io.c:3408:9: note: in expansion of macro 'MemoryContextSwitchTo'
warning: decoder_fuzz@0.0.0:  3408 |         MemoryContextSwitchTo(oldcontext);
warning: decoder_fuzz@0.0.0:       |         ^~~~~~~~~~~~~~~~~~~~~
warning: decoder_fuzz@0.0.0: csrc/pg_array_userfuncs_io.c:3360:23: warning: variable 'oldcontext' set but not used [-Wunused-but-set-variable]
warning: decoder_fuzz@0.0.0:  3360 |         MemoryContext oldcontext;
warning: decoder_fuzz@0.0.0:       |                       ^~~~~~~~~~
warning: decoder_fuzz@0.0.0: csrc/pg_array_userfuncs_io.c:3356:50: warning: unused parameter 'rcontext' [-Wunused-parameter]
warning: decoder_fuzz@0.0.0:  3356 |                                    MemoryContext rcontext,
warning: decoder_fuzz@0.0.0:       |                                    ~~~~~~~~~~~~~~^~~~~~~~
warning: decoder_fuzz@0.0.0: csrc/pg_array_userfuncs_io.c: In function 'pgdiffau_array_cat':
warning: decoder_fuzz@0.0.0: csrc/pg_array_userfuncs_io.c:633:35: warning: operand of '?:' changes signedness from 'int32' {aka 'int'} to 'long unsigned int' due to unsignedness of other operand [-Wsign-compare]
warning: decoder_fuzz@0.0.0:   633 |                 (ARR_HASNULL(a) ? (a)->dataoffset : ARR_OVERHEAD_NONULLS(ARR_NDIM(a)))
warning: decoder_fuzz@0.0.0:       |                                   ^~~~~~~~~~~~~~~
warning: decoder_fuzz@0.0.0: csrc/pg_array_userfuncs_io.c:635:35: note: in expansion of macro 'ARR_DATA_OFFSET'
warning: decoder_fuzz@0.0.0:   635 |                 (((char *) (a)) + ARR_DATA_OFFSET(a))
warning: decoder_fuzz@0.0.0:       |                                   ^~~~~~~~~~~~~~~
warning: decoder_fuzz@0.0.0: csrc/pg_array_userfuncs_io.c:3579:16: note: in expansion of macro 'ARR_DATA_PTR'
warning: decoder_fuzz@0.0.0:  3579 |         dat1 = ARR_DATA_PTR(v1);
warning: decoder_fuzz@0.0.0:       |                ^~~~~~~~~~~~
warning: decoder_fuzz@0.0.0: csrc/pg_array_userfuncs_io.c:633:35: warning: operand of '?:' changes signedness from 'int32' {aka 'int'} to 'long unsigned int' due to unsignedness of other operand [-Wsign-compare]
warning: decoder_fuzz@0.0.0:   633 |                 (ARR_HASNULL(a) ? (a)->dataoffset : ARR_OVERHEAD_NONULLS(ARR_NDIM(a)))
warning: decoder_fuzz@0.0.0:       |                                   ^~~~~~~~~~~~~~~
warning: decoder_fuzz@0.0.0: csrc/pg_array_userfuncs_io.c:635:35: note: in expansion of macro 'ARR_DATA_OFFSET'
warning: decoder_fuzz@0.0.0:   635 |                 (((char *) (a)) + ARR_DATA_OFFSET(a))
warning: decoder_fuzz@0.0.0:       |                                   ^~~~~~~~~~~~~~~
warning: decoder_fuzz@0.0.0: csrc/pg_array_userfuncs_io.c:3580:16: note: in expansion of macro 'ARR_DATA_PTR'
warning: decoder_fuzz@0.0.0:  3580 |         dat2 = ARR_DATA_PTR(v2);
warning: decoder_fuzz@0.0.0:       |                ^~~~~~~~~~~~
warning: decoder_fuzz@0.0.0: csrc/pg_array_userfuncs_io.c:633:35: warning: operand of '?:' changes signedness from 'int32' {aka 'int'} to 'long unsigned int' due to unsignedness of other operand [-Wsign-compare]
warning: decoder_fuzz@0.0.0:   633 |                 (ARR_HASNULL(a) ? (a)->dataoffset : ARR_OVERHEAD_NONULLS(ARR_NDIM(a)))
warning: decoder_fuzz@0.0.0:       |                                   ^~~~~~~~~~~~~~~
warning: decoder_fuzz@0.0.0: csrc/pg_array_userfuncs_io.c:3585:38: note: in expansion of macro 'ARR_DATA_OFFSET'
warning: decoder_fuzz@0.0.0:  3585 |         ndatabytes1 = ARR_SIZE(v1) - ARR_DATA_OFFSET(v1);
warning: decoder_fuzz@0.0.0:       |                                      ^~~~~~~~~~~~~~~
warning: decoder_fuzz@0.0.0: csrc/pg_array_userfuncs_io.c:633:35: warning: operand of '?:' changes signedness from 'int32' {aka 'int'} to 'long unsigned int' due to unsignedness of other operand [-Wsign-compare]
warning: decoder_fuzz@0.0.0:   633 |                 (ARR_HASNULL(a) ? (a)->dataoffset : ARR_OVERHEAD_NONULLS(ARR_NDIM(a)))
warning: decoder_fuzz@0.0.0:       |                                   ^~~~~~~~~~~~~~~
warning: decoder_fuzz@0.0.0: csrc/pg_array_userfuncs_io.c:3586:38: note: in expansion of macro 'ARR_DATA_OFFSET'
warning: decoder_fuzz@0.0.0:  3586 |         ndatabytes2 = ARR_SIZE(v2) - ARR_DATA_OFFSET(v2);
warning: decoder_fuzz@0.0.0:       |                                      ^~~~~~~~~~~~~~~
warning: decoder_fuzz@0.0.0: csrc/pg_array_userfuncs_io.c:633:35: warning: operand of '?:' changes signedness from 'int32' {aka 'int'} to 'long unsigned int' due to unsignedness of other operand [-Wsign-compare]
warning: decoder_fuzz@0.0.0:   633 |                 (ARR_HASNULL(a) ? (a)->dataoffset : ARR_OVERHEAD_NONULLS(ARR_NDIM(a)))
warning: decoder_fuzz@0.0.0:       |                                   ^~~~~~~~~~~~~~~
warning: decoder_fuzz@0.0.0: csrc/pg_array_userfuncs_io.c:635:35: note: in expansion of macro 'ARR_DATA_OFFSET'
warning: decoder_fuzz@0.0.0:   635 |                 (((char *) (a)) + ARR_DATA_OFFSET(a))
warning: decoder_fuzz@0.0.0:       |                                   ^~~~~~~~~~~~~~~
warning: decoder_fuzz@0.0.0: csrc/pg_array_userfuncs_io.c:3693:16: note: in expansion of macro 'ARR_DATA_PTR'
warning: decoder_fuzz@0.0.0:  3693 |         memcpy(ARR_DATA_PTR(result), dat1, ndatabytes1);
warning: decoder_fuzz@0.0.0:       |                ^~~~~~~~~~~~
warning: decoder_fuzz@0.0.0: csrc/pg_array_userfuncs_io.c:633:35: warning: operand of '?:' changes signedness from 'int32' {aka 'int'} to 'long unsigned int' due to unsignedness of other operand [-Wsign-compare]
warning: decoder_fuzz@0.0.0:   633 |                 (ARR_HASNULL(a) ? (a)->dataoffset : ARR_OVERHEAD_NONULLS(ARR_NDIM(a)))
warning: decoder_fuzz@0.0.0:       |                                   ^~~~~~~~~~~~~~~
warning: decoder_fuzz@0.0.0: csrc/pg_array_userfuncs_io.c:635:35: note: in expansion of macro 'ARR_DATA_OFFSET'
warning: decoder_fuzz@0.0.0:   635 |                 (((char *) (a)) + ARR_DATA_OFFSET(a))
warning: decoder_fuzz@0.0.0:       |                                   ^~~~~~~~~~~~~~~
warning: decoder_fuzz@0.0.0: csrc/pg_array_userfuncs_io.c:3694:16: note: in expansion of macro 'ARR_DATA_PTR'
warning: decoder_fuzz@0.0.0:  3694 |         memcpy(ARR_DATA_PTR(result) + ndatabytes1, dat2, ndatabytes2);
warning: decoder_fuzz@0.0.0:       |                ^~~~~~~~~~~~
warning: decoder_fuzz@0.0.0: csrc/pg_array_userfuncs_io.c: In function 'pgdiffau_array_agg_array_combine':
warning: decoder_fuzz@0.0.0: csrc/pg_array_userfuncs_io.c:400:37: warning: statement with no effect [-Wunused-value]
warning: decoder_fuzz@0.0.0:   400 | #define MemoryContextSwitchTo(cxt) ((MemoryContext) &pg_diff_au_dummycxt)
warning: decoder_fuzz@0.0.0:       |                                    ~^~~~~~~~~~~~~~~~~~~~~~~~~~~~~~~~~~~~~
warning: decoder_fuzz@0.0.0: csrc/pg_array_userfuncs_io.c:3810:17: note: in expansion of macro 'MemoryContextSwitchTo'
warning: decoder_fuzz@0.0.0:  3810 |                 MemoryContextSwitchTo(old_context);
warning: decoder_fuzz@0.0.0:       |                 ^~~~~~~~~~~~~~~~~~~~~
warning: decoder_fuzz@0.0.0: csrc/pg_array_userfuncs_io.c:400:37: warning: statement with no effect [-Wunused-value]
warning: decoder_fuzz@0.0.0:   400 | #define MemoryContextSwitchTo(cxt) ((MemoryContext) &pg_diff_au_dummycxt)
warning: decoder_fuzz@0.0.0:       |                                    ~^~~~~~~~~~~~~~~~~~~~~~~~~~~~~~~~~~~~~
warning: decoder_fuzz@0.0.0: csrc/pg_array_userfuncs_io.c:3895:17: note: in expansion of macro 'MemoryContextSwitchTo'
warning: decoder_fuzz@0.0.0:  3895 |                 MemoryContextSwitchTo(oldContext);
warning: decoder_fuzz@0.0.0:       |                 ^~~~~~~~~~~~~~~~~~~~~
warning: decoder_fuzz@0.0.0: csrc/pg_array_userfuncs_io.c:3818:31: warning: variable 'oldContext' set but not used [-Wunused-but-set-variable]
warning: decoder_fuzz@0.0.0:  3818 |                 MemoryContext oldContext;
warning: decoder_fuzz@0.0.0:       |                               ^~~~~~~~~~
warning: decoder_fuzz@0.0.0: csrc/pg_array_userfuncs_io.c:3762:23: warning: variable 'old_context' set but not used [-Wunused-but-set-variable]
warning: decoder_fuzz@0.0.0:  3762 |         MemoryContext old_context;
warning: decoder_fuzz@0.0.0:       |                       ^~~~~~~~~~~
warning: decoder_fuzz@0.0.0: csrc/pg_array_userfuncs_io.c: In function 'pgdiffau_array_agg_array_deserialize':
warning: decoder_fuzz@0.0.0: csrc/pg_array_userfuncs_io.c:284:25: warning: operand of '?:' changes signedness from 'int' to 'uint32' {aka 'unsigned int'} due to unsignedness of other operand [-Wsign-compare]
warning: decoder_fuzz@0.0.0:   284 | #define VARSIZE_1B(PTR) (((*((const uint8_t *) (PTR))) >> 1) & 0x7F)
warning: decoder_fuzz@0.0.0:       |                         ^
warning: decoder_fuzz@0.0.0: csrc/pg_array_userfuncs_io.c:293:30: note: in expansion of macro 'VARSIZE_1B'
warning: decoder_fuzz@0.0.0:   293 |         (VARATT_IS_1B(PTR) ? VARSIZE_1B(PTR) - VARHDRSZ_SHORT : VARSIZE(PTR) - VARHDRSZ)
warning: decoder_fuzz@0.0.0:       |                              ^~~~~~~~~~
warning: decoder_fuzz@0.0.0: csrc/pg_array_userfuncs_io.c:3985:52: note: in expansion of macro 'VARSIZE_ANY_EXHDR'
warning: decoder_fuzz@0.0.0:  3985 |                                                    VARSIZE_ANY_EXHDR(sstate));
warning: decoder_fuzz@0.0.0:       |                                                    ^~~~~~~~~~~~~~~~~
warning: decoder_fuzz@0.0.0: csrc/pg_array_userfuncs_io.c: At top level:
warning: decoder_fuzz@0.0.0: csrc/pg_array_userfuncs_io.c:1181:1: warning: 'pg_prng_uint64' defined but not used [-Wunused-function]
warning: decoder_fuzz@0.0.0:  1181 | pg_prng_uint64(pg_prng_state *state)
warning: decoder_fuzz@0.0.0:       | ^~~~~~~~~~~~~~
warning: decoder_fuzz@0.0.0: csrc/pg_array_userfuncs_io.c:860:1: warning: 'appendBinaryStringInfo' defined but not used [-Wunused-function]
warning: decoder_fuzz@0.0.0:   860 | appendBinaryStringInfo(StringInfo str, const void *data, int datalen)
warning: decoder_fuzz@0.0.0:       | ^~~~~~~~~~~~~~~~~~~~~~
warning: decoder_fuzz@0.0.0: csrc/pg_array_userfuncs_io.c:408:1: warning: 'pg_diff_au_pstrdup' defined but not used [-Wunused-function]
warning: decoder_fuzz@0.0.0:   408 | pg_diff_au_pstrdup(const char *s)
warning: decoder_fuzz@0.0.0:       | ^~~~~~~~~~~~~~~~~~
warning: decoder_fuzz@0.0.0: csrc/pg_oraclefam_io.c: In function 'pg_diff_oc_text_leftright':
warning: decoder_fuzz@0.0.0: csrc/pg_oraclefam_io.c:1784:31: warning: argument 'which' might be clobbered by 'longjmp' or 'vfork' [-Wclobbered]
warning: decoder_fuzz@0.0.0:  1784 | pg_diff_oc_text_leftright(int which, int enc, const char *t, int32 tlen,
warning: decoder_fuzz@0.0.0:       |                           ~~~~^~~~~
warning: decoder_fuzz@0.0.0: csrc/pg_rowtypes_io.c: In function 'enlargeStringInfo':
warning: decoder_fuzz@0.0.0: csrc/pg_rowtypes_io.c:1826:73: warning: right-hand operand of comma expression has no effect [-Wunused-value]
warning: decoder_fuzz@0.0.0:  1826 |                                 (errcode(ERRCODE_PROGRAM_LIMIT_EXCEEDED),
warning: decoder_fuzz@0.0.0:       |                                                                         ^
warning: decoder_fuzz@0.0.0: csrc/pg_rowtypes_io.c:215:22: note: in definition of macro 'ereport'
warning: decoder_fuzz@0.0.0:   215 |         do { (void) (stuff); pg_diff_rowtypes_throw(); } while (0)
warning: decoder_fuzz@0.0.0:       |                      ^~~~~
warning: decoder_fuzz@0.0.0: csrc/pg_rowtypes_io.c: In function 'heap_fill_tuple':
warning: decoder_fuzz@0.0.0: csrc/pg_rowtypes_io.c:2207:50: warning: unused parameter 'data_size' [-Wunused-parameter]
warning: decoder_fuzz@0.0.0:  2207 |                                 char *data, Size data_size,
warning: decoder_fuzz@0.0.0:       |                                             ~~~~~^~~~~~~~~
warning: decoder_fuzz@0.0.0: csrc/pg_rowtypes_io.c: In function 'record_in':
warning: decoder_fuzz@0.0.0: csrc/pg_rowtypes_io.c:3563:78: warning: right-hand operand of comma expression has no effect [-Wunused-value]
warning: decoder_fuzz@0.0.0:  3563 |                                 (errcode(ERRCODE_INVALID_TEXT_REPRESENTATION),
warning: decoder_fuzz@0.0.0:       |                                                                              ^
warning: decoder_fuzz@0.0.0: csrc/pg_rowtypes_io.c:231:25: note: in definition of macro 'errsave'
warning: decoder_fuzz@0.0.0:   231 |                 (void) (stuff_); \
warning: decoder_fuzz@0.0.0:       |                         ^~~~~~
warning: decoder_fuzz@0.0.0: csrc/pg_rowtypes_io.c:3595:94: warning: right-hand operand of comma expression has no effect [-Wunused-value]
warning: decoder_fuzz@0.0.0:  3595 |                                                 (errcode(ERRCODE_INVALID_TEXT_REPRESENTATION),
warning: decoder_fuzz@0.0.0:       |                                                                                              ^
warning: decoder_fuzz@0.0.0: csrc/pg_rowtypes_io.c:231:25: note: in definition of macro 'errsave'
warning: decoder_fuzz@0.0.0:   231 |                 (void) (stuff_); \
warning: decoder_fuzz@0.0.0:       |                         ^~~~~~
warning: decoder_fuzz@0.0.0: csrc/pg_rowtypes_io.c:3621:102: warning: right-hand operand of comma expression has no effect [-Wunused-value]
warning: decoder_fuzz@0.0.0:  3621 |                                                         (errcode(ERRCODE_INVALID_TEXT_REPRESENTATION),
warning: decoder_fuzz@0.0.0:       |                                                                                                      ^
warning: decoder_fuzz@0.0.0: csrc/pg_rowtypes_io.c:231:25: note: in definition of macro 'errsave'
warning: decoder_fuzz@0.0.0:   231 |                 (void) (stuff_); \
warning: decoder_fuzz@0.0.0:       |                         ^~~~~~
warning: decoder_fuzz@0.0.0: csrc/pg_rowtypes_io.c:3632:110: warning: right-hand operand of comma expression has no effect [-Wunused-value]
warning: decoder_fuzz@0.0.0:  3632 |                                                                 (errcode(ERRCODE_INVALID_TEXT_REPRESENTATION),
warning: decoder_fuzz@0.0.0:       |                                                                                                              ^
warning: decoder_fuzz@0.0.0: csrc/pg_rowtypes_io.c:231:25: note: in definition of macro 'errsave'
warning: decoder_fuzz@0.0.0:   231 |                 (void) (stuff_); \
warning: decoder_fuzz@0.0.0:       |                         ^~~~~~
warning: decoder_fuzz@0.0.0: csrc/pg_rowtypes_io.c:3690:78: warning: right-hand operand of comma expression has no effect [-Wunused-value]
warning: decoder_fuzz@0.0.0:  3690 |                                 (errcode(ERRCODE_INVALID_TEXT_REPRESENTATION),
warning: decoder_fuzz@0.0.0:       |                                                                              ^
warning: decoder_fuzz@0.0.0: csrc/pg_rowtypes_io.c:231:25: note: in definition of macro 'errsave'
warning: decoder_fuzz@0.0.0:   231 |                 (void) (stuff_); \
warning: decoder_fuzz@0.0.0:       |                         ^~~~~~
warning: decoder_fuzz@0.0.0: csrc/pg_rowtypes_io.c:3701:78: warning: right-hand operand of comma expression has no effect [-Wunused-value]
warning: decoder_fuzz@0.0.0:  3701 |                                 (errcode(ERRCODE_INVALID_TEXT_REPRESENTATION),
warning: decoder_fuzz@0.0.0:       |                                                                              ^
warning: decoder_fuzz@0.0.0: csrc/pg_rowtypes_io.c:231:25: note: in definition of macro 'errsave'
warning: decoder_fuzz@0.0.0:   231 |                 (void) (stuff_); \
warning: decoder_fuzz@0.0.0:       |                         ^~~~~~
warning: decoder_fuzz@0.0.0: csrc/pg_rowtypes_io.c: At top level:
warning: decoder_fuzz@0.0.0: csrc/pg_rowtypes_io.c:3282:1: warning: 'FunctionCall2Coll' defined but not used [-Wunused-function]
warning: decoder_fuzz@0.0.0:  3282 | FunctionCall2Coll(FmgrInfo *flinfo, Oid collation, Datum arg1, Datum arg2)
warning: decoder_fuzz@0.0.0:       | ^~~~~~~~~~~~~~~~~
warning: decoder_fuzz@0.0.0: csrc/pg_rowtypes_io.c:1724:1: warning: 'detoast_external_attr' defined but not used [-Wunused-function]
warning: decoder_fuzz@0.0.0:  1724 | detoast_external_attr(struct varlena *attr)
warning: decoder_fuzz@0.0.0:       | ^~~~~~~~~~~~~~~~~~~~~
warning: decoder_fuzz@0.0.0: csrc/pg_rowtypes_io.c:1717:1: warning: 'detoast_attr' defined but not used [-Wunused-function]
warning: decoder_fuzz@0.0.0:  1717 | detoast_attr(struct varlena *attr)
warning: decoder_fuzz@0.0.0:       | ^~~~~~~~~~~~
warning: decoder_fuzz@0.0.0: csrc/pg_rowtypes_io.c:243:1: warning: 'format_type_be' defined but not used [-Wunused-function]
warning: decoder_fuzz@0.0.0:   243 | format_type_be(Oid t)
warning: decoder_fuzz@0.0.0:       | ^~~~~~~~~~~~~~
warning: decoder_fuzz@0.0.0: csrc/pg_arrayfuncs_io.c: In function 'pg_diff_array_set_element':
warning: decoder_fuzz@0.0.0: csrc/pg_arrayfuncs_io.c:5403:25: warning: variable 'dv' might be clobbered by 'longjmp' or 'vfork' [-Wclobbered]
warning: decoder_fuzz@0.0.0:  5403 |         Datum           dv = (Datum) 0;
warning: decoder_fuzz@0.0.0:       |                         ^~
warning: decoder_fuzz@0.0.0: csrc/pg_array_userfuncs_io.c: In function 'pg_diff_au_append_prepend':
warning: decoder_fuzz@0.0.0: csrc/pg_array_userfuncs_io.c:4758:25: warning: variable 'newelem' might be clobbered by 'longjmp' or 'vfork' [-Wclobbered]
warning: decoder_fuzz@0.0.0:  4758 |         Datum           newelem = (Datum) 0;
warning: decoder_fuzz@0.0.0:       |                         ^~~~~~~
warning: decoder_fuzz@0.0.0: csrc/pg_rowtypes_io.c: In function 'pg_diff_myboolsend':
warning: decoder_fuzz@0.0.0: csrc/pg_rowtypes_io.c:580:34: warning: array subscript 'varattrib_4b[0]' is partly outside array bounds of 'unsigned char[5]' [-Warray-bounds=]
warning: decoder_fuzz@0.0.0:   580 |         (((varattrib_4b *) (PTR))->va_4byte.va_header = (((uint32) (len)) << 2))
warning: decoder_fuzz@0.0.0:       |                                  ^~
warning: decoder_fuzz@0.0.0: csrc/pg_rowtypes_io.c:652:57: note: in expansion of macro 'SET_VARSIZE_4B'
warning: decoder_fuzz@0.0.0:   652 | #define SET_VARSIZE(PTR, len)                           SET_VARSIZE_4B(PTR, len)
warning: decoder_fuzz@0.0.0:       |                                                         ^~~~~~~~~~~~~~
warning: decoder_fuzz@0.0.0: csrc/pg_rowtypes_io.c:2889:9: note: in expansion of macro 'SET_VARSIZE'
warning: decoder_fuzz@0.0.0:  2889 |         SET_VARSIZE(b, VARHDRSZ + 1);
warning: decoder_fuzz@0.0.0:       |         ^~~~~~~~~~~
warning: decoder_fuzz@0.0.0: In function 'pg_diff_palloc_impl',
warning: decoder_fuzz@0.0.0:     inlined from 'pg_diff_myboolsend' at csrc/pg_rowtypes_io.c:2887:26:
warning: decoder_fuzz@0.0.0: csrc/pg_rowtypes_io.c:271:25: note: object of size 5 allocated by 'malloc'
warning: decoder_fuzz@0.0.0:   271 |         void       *p = malloc(n);
warning: decoder_fuzz@0.0.0:       |                         ^~~~~~~~~
warning: decoder_fuzz@0.0.0: csrc/pg_rowtypes_io.c: In function 'pg_diff_myboolsend':
warning: decoder_fuzz@0.0.0: csrc/pg_rowtypes_io.c:591:58: warning: array subscript 'varattrib_4b[0]' is partly outside array bounds of 'unsigned char[5]' [-Warray-bounds=]
warning: decoder_fuzz@0.0.0:   591 | #define VARDATA_4B(PTR)         (((varattrib_4b *) (PTR))->va_4byte.va_data)
warning: decoder_fuzz@0.0.0:       |                                                          ^~
warning: decoder_fuzz@0.0.0: csrc/pg_rowtypes_io.c:625:65: note: in expansion of macro 'VARDATA_4B'
warning: decoder_fuzz@0.0.0:   625 | #define VARDATA(PTR)                                            VARDATA_4B(PTR)
warning: decoder_fuzz@0.0.0:       |                                                                 ^~~~~~~~~~
warning: decoder_fuzz@0.0.0: csrc/pg_rowtypes_io.c:2890:9: note: in expansion of macro 'VARDATA'
warning: decoder_fuzz@0.0.0:  2890 |         VARDATA(b)[0] = PG_GETARG_BOOL(0) ? 1 : 0;
warning: decoder_fuzz@0.0.0:       |         ^~~~~~~
warning: decoder_fuzz@0.0.0: In function 'pg_diff_palloc_impl',
warning: decoder_fuzz@0.0.0:     inlined from 'pg_diff_myboolsend' at csrc/pg_rowtypes_io.c:2887:26:
warning: decoder_fuzz@0.0.0: csrc/pg_rowtypes_io.c:271:25: note: object of size 5 allocated by 'malloc'
warning: decoder_fuzz@0.0.0:   271 |         void       *p = malloc(n);
warning: decoder_fuzz@0.0.0:       |                         ^~~~~~~~~
warning: decoder_fuzz@0.0.0: csrc/pg_rowtypes_io.c: In function 'pg_diff_myint2send':
warning: decoder_fuzz@0.0.0: csrc/pg_rowtypes_io.c:580:34: warning: array subscript 'varattrib_4b[0]' is partly outside array bounds of 'unsigned char[6]' [-Warray-bounds=]
warning: decoder_fuzz@0.0.0:   580 |         (((varattrib_4b *) (PTR))->va_4byte.va_header = (((uint32) (len)) << 2))
warning: decoder_fuzz@0.0.0:       |                                  ^~
warning: decoder_fuzz@0.0.0: csrc/pg_rowtypes_io.c:652:57: note: in expansion of macro 'SET_VARSIZE_4B'
warning: decoder_fuzz@0.0.0:   652 | #define SET_VARSIZE(PTR, len)                           SET_VARSIZE_4B(PTR, len)
warning: decoder_fuzz@0.0.0:       |                                                         ^~~~~~~~~~~~~~
warning: decoder_fuzz@0.0.0: csrc/pg_rowtypes_io.c:2962:9: note: in expansion of macro 'SET_VARSIZE'
warning: decoder_fuzz@0.0.0:  2962 |         SET_VARSIZE(b, VARHDRSZ + 2);
warning: decoder_fuzz@0.0.0:       |         ^~~~~~~~~~~
warning: decoder_fuzz@0.0.0: In function 'pg_diff_palloc_impl',
warning: decoder_fuzz@0.0.0:     inlined from 'pg_diff_myint2send' at csrc/pg_rowtypes_io.c:2960:26:
warning: decoder_fuzz@0.0.0: csrc/pg_rowtypes_io.c:271:25: note: object of size 6 allocated by 'malloc'
warning: decoder_fuzz@0.0.0:   271 |         void       *p = malloc(n);
warning: decoder_fuzz@0.0.0:       |                         ^~~~~~~~~
warning: decoder_fuzz@0.0.0: csrc/pg_rowtypes_io.c: In function 'pg_diff_myint2send':
warning: decoder_fuzz@0.0.0: csrc/pg_rowtypes_io.c:591:58: warning: array subscript 'varattrib_4b[0]' is partly outside array bounds of 'unsigned char[6]' [-Warray-bounds=]
warning: decoder_fuzz@0.0.0:   591 | #define VARDATA_4B(PTR)         (((varattrib_4b *) (PTR))->va_4byte.va_data)
warning: decoder_fuzz@0.0.0:       |                                                          ^~
warning: decoder_fuzz@0.0.0: csrc/pg_rowtypes_io.c:625:65: note: in expansion of macro 'VARDATA_4B'
warning: decoder_fuzz@0.0.0:   625 | #define VARDATA(PTR)                                            VARDATA_4B(PTR)
warning: decoder_fuzz@0.0.0:       |                                                                 ^~~~~~~~~~
warning: decoder_fuzz@0.0.0: csrc/pg_rowtypes_io.c:2963:9: note: in expansion of macro 'VARDATA'
warning: decoder_fuzz@0.0.0:  2963 |         VARDATA(b)[0] = (char) (v >> 8);
warning: decoder_fuzz@0.0.0:       |         ^~~~~~~
warning: decoder_fuzz@0.0.0: In function 'pg_diff_palloc_impl',
warning: decoder_fuzz@0.0.0:     inlined from 'pg_diff_myint2send' at csrc/pg_rowtypes_io.c:2960:26:
warning: decoder_fuzz@0.0.0: csrc/pg_rowtypes_io.c:271:25: note: object of size 6 allocated by 'malloc'
warning: decoder_fuzz@0.0.0:   271 |         void       *p = malloc(n);
warning: decoder_fuzz@0.0.0:       |                         ^~~~~~~~~
warning: decoder_fuzz@0.0.0: csrc/pg_rowtypes_io.c: In function 'pg_diff_myint2send':
warning: decoder_fuzz@0.0.0: csrc/pg_rowtypes_io.c:591:58: warning: array subscript 'varattrib_4b[0]' is partly outside array bounds of 'unsigned char[6]' [-Warray-bounds=]
warning: decoder_fuzz@0.0.0:   591 | #define VARDATA_4B(PTR)         (((varattrib_4b *) (PTR))->va_4byte.va_data)
warning: decoder_fuzz@0.0.0:       |                                                          ^~
warning: decoder_fuzz@0.0.0: csrc/pg_rowtypes_io.c:625:65: note: in expansion of macro 'VARDATA_4B'
warning: decoder_fuzz@0.0.0:   625 | #define VARDATA(PTR)                                            VARDATA_4B(PTR)
warning: decoder_fuzz@0.0.0:       |                                                                 ^~~~~~~~~~
warning: decoder_fuzz@0.0.0: csrc/pg_rowtypes_io.c:2964:9: note: in expansion of macro 'VARDATA'
warning: decoder_fuzz@0.0.0:  2964 |         VARDATA(b)[1] = (char) (v & 0xff);
warning: decoder_fuzz@0.0.0:       |         ^~~~~~~
warning: decoder_fuzz@0.0.0: In function 'pg_diff_palloc_impl',
warning: decoder_fuzz@0.0.0:     inlined from 'pg_diff_myint2send' at csrc/pg_rowtypes_io.c:2960:26:
warning: decoder_fuzz@0.0.0: csrc/pg_rowtypes_io.c:271:25: note: object of size 6 allocated by 'malloc'
warning: decoder_fuzz@0.0.0:   271 |         void       *p = malloc(n);
warning: decoder_fuzz@0.0.0:       |                         ^~~~~~~~~
warning: decoder_fuzz@0.0.0: csrc/pg_arrayfuncs_io.c: In function 'pg_diff_construct_md_array':
warning: decoder_fuzz@0.0.0: csrc/pg_arrayfuncs_io.c:5521:21: warning: variable 'nl' might be clobbered by 'longjmp' or 'vfork' [-Wclobbered]
warning: decoder_fuzz@0.0.0:  5521 |         bool       *nl = NULL;
warning: decoder_fuzz@0.0.0:       |                     ^~
warning: decoder_fuzz@0.0.0: csrc/pg_arrayfuncs_io.c:5524:25: warning: variable 'off' might be clobbered by 'longjmp' or 'vfork' [-Wclobbered]
warning: decoder_fuzz@0.0.0:  5524 |         size_t          off = 0;
warning: decoder_fuzz@0.0.0:       |                         ^~~
warning: decoder_fuzz@0.0.0: csrc/pg_arrayfuncs_io.c:362:21: warning: variable 'p' might be clobbered by 'longjmp' or 'vfork' [-Wclobbered]
warning: decoder_fuzz@0.0.0:   362 |         void       *p = malloc(n ? n : 1);
warning: decoder_fuzz@0.0.0:       |                     ^
warning: decoder_fuzz@0.0.0: csrc/pg_arrayfuncs_io.c: In function 'pg_diff_width_bucket_array':
warning: decoder_fuzz@0.0.0: csrc/pg_arrayfuncs_io.c:4928:33: warning: variable 'result' might be clobbered by 'longjmp' or 'vfork' [-Wclobbered]
warning: decoder_fuzz@0.0.0:  4928 |         int                     result;
warning: decoder_fuzz@0.0.0:       |                                 ^~~~~~
warning: decoder_fuzz@0.0.0: csrc/pg_arrayfuncs_io.c:4755:33: warning: variable 'left' might be clobbered by 'longjmp' or 'vfork' [-Wclobbered]
warning: decoder_fuzz@0.0.0:  4755 |         int                     left;
warning: decoder_fuzz@0.0.0:       |                                 ^~~~
warning: decoder_fuzz@0.0.0: csrc/pg_arrayfuncs_io.c:4860:33: warning: variable 'left' might be clobbered by 'longjmp' or 'vfork' [-Wclobbered]
warning: decoder_fuzz@0.0.0:  4860 |         int                     left;
warning: decoder_fuzz@0.0.0:       |                                 ^~~~
warning: decoder_fuzz@0.0.0: csrc/pg_arrayfuncs_io.c:4804:33: warning: variable 'left' might be clobbered by 'longjmp' or 'vfork' [-Wclobbered]
warning: decoder_fuzz@0.0.0:  4804 |         int                     left;
warning: decoder_fuzz@0.0.0:       |                                 ^~~~
warning: decoder_fuzz@0.0.0: csrc/pg_arrayfuncs_io.c:5595:32: warning: argument 'elemsel' might be clobbered by 'longjmp' or 'vfork' [-Wclobbered]
warning: decoder_fuzz@0.0.0:  5595 | pg_diff_width_bucket_array(int elemsel, uint64_t operand_bits,
warning: decoder_fuzz@0.0.0:       |                            ~~~~^~~~~~~
warning: decoder_fuzz@0.0.0: In file included from csrc/pg_multirangetypes_io.c:85:
warning: decoder_fuzz@0.0.0: csrc/pg_rangetypes_io.c: In function 'text_to_cstring':
warning: decoder_fuzz@0.0.0: csrc/pg_rangetypes_io.c:231:29: warning: operand of '?:' changes signedness from 'int' to 'uint32' {aka 'unsigned int'} due to unsignedness of other operand [-Wsign-compare]
warning: decoder_fuzz@0.0.0:   231 | #define VARSIZE_SHORT(PTR)  ((*((const uint8 *) (PTR)) >> 1) & 0x7F)
warning: decoder_fuzz@0.0.0:       |                             ^
warning: decoder_fuzz@0.0.0: csrc/pg_rangetypes_io.c:235:30: note: in expansion of macro 'VARSIZE_SHORT'
warning: decoder_fuzz@0.0.0:   235 |         (VARATT_IS_1B(PTR) ? VARSIZE_SHORT(PTR) - VARHDRSZ_SHORT : \
warning: decoder_fuzz@0.0.0:       |                              ^~~~~~~~~~~~~
warning: decoder_fuzz@0.0.0: csrc/pg_rangetypes_io.c:1113:39: note: in expansion of macro 'VARSIZE_ANY_EXHDR'
warning: decoder_fuzz@0.0.0:  1113 |         int                     len = VARSIZE_ANY_EXHDR(t);
warning: decoder_fuzz@0.0.0:       |                                       ^~~~~~~~~~~~~~~~~
warning: decoder_fuzz@0.0.0: csrc/pg_rangetypes_io.c: In function 'range_get_typcache':
warning: decoder_fuzz@0.0.0: csrc/pg_rangetypes_io.c:1368:37: warning: unused parameter 'fcinfo' [-Wunused-parameter]
warning: decoder_fuzz@0.0.0:  1368 | range_get_typcache(FunctionCallInfo fcinfo, Oid rngtypid)
warning: decoder_fuzz@0.0.0:       |                    ~~~~~~~~~~~~~~~~~^~~~~~
warning: decoder_fuzz@0.0.0: csrc/pg_rangetypes_io.c: In function 'hash_numeric':
warning: decoder_fuzz@0.0.0: csrc/pg_rangetypes_io.c:6485:23: warning: comparison of integer expressions of different signedness: 'int' and 'long unsigned int' [-Wsign-compare]
warning: decoder_fuzz@0.0.0:  6485 |         for (i = 0; i < NUMERIC_NDIGITS(key); i++)
warning: decoder_fuzz@0.0.0:       |                       ^
warning: decoder_fuzz@0.0.0: csrc/pg_rangetypes_io.c:6503:34: warning: comparison of integer expressions of different signedness: 'long unsigned int' and 'int' [-Wsign-compare]
warning: decoder_fuzz@0.0.0:  6503 |         if (NUMERIC_NDIGITS(key) == start_offset)
warning: decoder_fuzz@0.0.0:       |                                  ^~
warning: decoder_fuzz@0.0.0: csrc/pg_rangetypes_io.c: In function 'hash_numeric_extended':
warning: decoder_fuzz@0.0.0: csrc/pg_rangetypes_io.c:6556:23: warning: comparison of integer expressions of different signedness: 'int' and 'long unsigned int' [-Wsign-compare]
warning: decoder_fuzz@0.0.0:  6556 |         for (i = 0; i < NUMERIC_NDIGITS(key); i++)
warning: decoder_fuzz@0.0.0:       |                       ^
warning: decoder_fuzz@0.0.0: csrc/pg_rangetypes_io.c:6566:34: warning: comparison of integer expressions of different signedness: 'long unsigned int' and 'int' [-Wsign-compare]
warning: decoder_fuzz@0.0.0:  6566 |         if (NUMERIC_NDIGITS(key) == start_offset)
warning: decoder_fuzz@0.0.0:       |                                  ^~
warning: decoder_fuzz@0.0.0: csrc/pg_rangetypes_io.c: In function 'datum_compute_size':
warning: decoder_fuzz@0.0.0: csrc/pg_rangetypes_io.c:7052:54: warning: unused parameter 'typbyval' [-Wunused-parameter]
warning: decoder_fuzz@0.0.0:  7052 | datum_compute_size(Size data_length, Datum val, bool typbyval, char typalign,
warning: decoder_fuzz@0.0.0:       |                                                      ^
warning: decoder_fuzz@0.0.0: csrc/sort_template.h: In function 'qsort_arg':
warning: decoder_fuzz@0.0.0: csrc/pg_rangetypes_io.c:150:24: warning: comparison of integer expressions of different signedness: 'long int' and 'long unsigned int' [-Wsign-compare]
warning: decoder_fuzz@0.0.0:   150 | #define Min(x, y) ((x) < (y) ? (x) : (y))
warning: decoder_fuzz@0.0.0:       |                        ^
warning: decoder_fuzz@0.0.0: csrc/sort_template.h:383:14: note: in expansion of macro 'Min'
warning: decoder_fuzz@0.0.0:   383 |         d1 = Min(pd - pc, pn - pd - ST_POINTER_STEP);
warning: decoder_fuzz@0.0.0:       |              ^~~
warning: decoder_fuzz@0.0.0: csrc/pg_rangetypes_io.c:150:32: warning: operand of '?:' changes signedness from 'long int' to 'long unsigned int' due to unsignedness of other operand [-Wsign-compare]
warning: decoder_fuzz@0.0.0:   150 | #define Min(x, y) ((x) < (y) ? (x) : (y))
warning: decoder_fuzz@0.0.0:       |                                ^~~
warning: decoder_fuzz@0.0.0: csrc/sort_template.h:383:14: note: in expansion of macro 'Min'
warning: decoder_fuzz@0.0.0:   383 |         d1 = Min(pd - pc, pn - pd - ST_POINTER_STEP);
warning: decoder_fuzz@0.0.0:       |              ^~~
warning: decoder_fuzz@0.0.0: csrc/pg_multirangetypes_io.c: In function 'multirange_get_typcache':
warning: decoder_fuzz@0.0.0: csrc/pg_multirangetypes_io.c:310:42: warning: unused parameter 'fcinfo' [-Wunused-parameter]
warning: decoder_fuzz@0.0.0:   310 | multirange_get_typcache(FunctionCallInfo fcinfo, Oid mltrngtypid)
warning: decoder_fuzz@0.0.0:       |                         ~~~~~~~~~~~~~~~~~^~~~~~
warning: decoder_fuzz@0.0.0: csrc/pg_multirangetypes_io.c: In function 'deconstruct_array':
warning: decoder_fuzz@0.0.0: csrc/pg_multirangetypes_io.c:227:35: warning: operand of '?:' changes signedness from 'int32' {aka 'int'} to 'long unsigned int' due to unsignedness of other operand [-Wsign-compare]
warning: decoder_fuzz@0.0.0:   227 |                 (ARR_HASNULL(a) ? (a)->dataoffset : ARR_OVERHEAD_NONULLS(ARR_NDIM(a)))
warning: decoder_fuzz@0.0.0:       |                                   ^~~~~~~~~~~~~~~
warning: decoder_fuzz@0.0.0: csrc/pg_multirangetypes_io.c:229:35: note: in expansion of macro 'ARR_DATA_OFFSET'
warning: decoder_fuzz@0.0.0:   229 |                 (((char *) (a)) + ARR_DATA_OFFSET(a))
warning: decoder_fuzz@0.0.0:       |                                   ^~~~~~~~~~~~~~~
warning: decoder_fuzz@0.0.0: csrc/pg_multirangetypes_io.c:545:13: note: in expansion of macro 'ARR_DATA_PTR'
warning: decoder_fuzz@0.0.0:   545 |         p = ARR_DATA_PTR(array);
warning: decoder_fuzz@0.0.0:       |             ^~~~~~~~~~~~
warning: decoder_fuzz@0.0.0: csrc/pg_multirangetypes_io.c:523:39: warning: unused parameter 'elmtype' [-Wunused-parameter]
warning: decoder_fuzz@0.0.0:   523 |                                   Oid elmtype,
warning: decoder_fuzz@0.0.0:       |                                   ~~~~^~~~~~~
warning: decoder_fuzz@0.0.0: csrc/pg_multirangetypes_io.c: In function 'multirange_recv':
warning: decoder_fuzz@0.0.0: csrc/pg_multirangetypes_io.c:901:27: warning: comparison of integer expressions of different signedness: 'int' and 'uint32' {aka 'unsigned int'} [-Wsign-compare]
warning: decoder_fuzz@0.0.0:   901 |         for (int i = 0; i < range_count; i++)
warning: decoder_fuzz@0.0.0:       |                           ^
warning: decoder_fuzz@0.0.0: csrc/pg_multirangetypes_io.c: At top level:
warning: decoder_fuzz@0.0.0: csrc/pg_multirangetypes_io.c:3000:1: warning: 'pg_mr_range_oid' defined but not used [-Wunused-function]
warning: decoder_fuzz@0.0.0:  3000 | pg_mr_range_oid(int typ)
warning: decoder_fuzz@0.0.0:       | ^~~~~~~~~~~~~~~
warning: decoder_fuzz@0.0.0: csrc/pg_rangetypes_io.c:7332:1: warning: 'range_set_contain_empty' defined but not used [-Wunused-function]
warning: decoder_fuzz@0.0.0:  7332 | range_set_contain_empty(RangeType *range)
warning: decoder_fuzz@0.0.0:       | ^~~~~~~~~~~~~~~~~~~~~~~
warning: decoder_fuzz@0.0.0: csrc/pg_rangetypes_io.c:4462:1: warning: 'cmp_var' defined but not used [-Wunused-function]
warning: decoder_fuzz@0.0.0:  4462 | cmp_var(const NumericVar *var1, const NumericVar *var2)
warning: decoder_fuzz@0.0.0:       | ^~~~~~~
warning: decoder_fuzz@0.0.0: csrc/pg_hashfn_io.c: In function 'uint32_hash':
warning: decoder_fuzz@0.0.0: csrc/pg_hashfn_io.c:696:35: warning: unused parameter 'keysize' [-Wunused-parameter]
warning: decoder_fuzz@0.0.0:   696 | uint32_hash(const void *key, Size keysize)
warning: decoder_fuzz@0.0.0:       |                              ~~~~~^~~~~~~
warning: decoder_fuzz@0.0.0: csrc/pg_arrayutils_io.c: In function 'ArrayGetNItemsSafe':
warning: decoder_fuzz@0.0.0: csrc/pg_arrayutils_io.c:115:60: warning: unused parameter 'escontext' [-Wunused-parameter]
warning: decoder_fuzz@0.0.0:   115 | ArrayGetNItemsSafe(int ndim, const int *dims, struct Node *escontext)
warning: decoder_fuzz@0.0.0:       |                                               ~~~~~~~~~~~~~^~~~~~~~~
warning: decoder_fuzz@0.0.0: csrc/pg_arrayutils_io.c: In function 'ArrayCheckBoundsSafe':
warning: decoder_fuzz@0.0.0: csrc/pg_arrayutils_io.c:176:55: warning: unused parameter 'escontext' [-Wunused-parameter]
warning: decoder_fuzz@0.0.0:   176 |                                          struct Node *escontext)
warning: decoder_fuzz@0.0.0:       |                                          ~~~~~~~~~~~~~^~~~~~~~~
warning: decoder_fuzz@0.0.0: csrc/pg_float_io.c:14:42: warning: "/*" within comment [-Wcomment]
warning: decoder_fuzz@0.0.0:    14 |  *     byte-for-byte copies of src/common/* at the same ref (compiled as
warning: decoder_fuzz@0.0.0: csrc/pg_float_io.c: In function 'float4in_internal':
warning: decoder_fuzz@0.0.0: csrc/pg_float_io.c:173:47: warning: unused parameter 'type_name' [-Wunused-parameter]
warning: decoder_fuzz@0.0.0:   173 |                                   const char *type_name, const char *orig_string,
warning: decoder_fuzz@0.0.0:       |                                   ~~~~~~~~~~~~^~~~~~~~~
warning: decoder_fuzz@0.0.0: csrc/pg_float_io.c:173:70: warning: unused parameter 'orig_string' [-Wunused-parameter]
warning: decoder_fuzz@0.0.0:   173 |                                   const char *type_name, const char *orig_string,
warning: decoder_fuzz@0.0.0:       |                                                          ~~~~~~~~~~~~^~~~~~~~~~~
warning: decoder_fuzz@0.0.0: csrc/pg_float_io.c:174:48: warning: unused parameter 'escontext' [-Wunused-parameter]
warning: decoder_fuzz@0.0.0:   174 |                                   struct Node *escontext)
warning: decoder_fuzz@0.0.0:       |                                   ~~~~~~~~~~~~~^~~~~~~~~
warning: decoder_fuzz@0.0.0: csrc/pg_float_io.c: In function 'float8in_internal':
warning: decoder_fuzz@0.0.0: csrc/pg_float_io.c:307:47: warning: unused parameter 'type_name' [-Wunused-parameter]
warning: decoder_fuzz@0.0.0:   307 |                                   const char *type_name, const char *orig_string,
warning: decoder_fuzz@0.0.0:       |                                   ~~~~~~~~~~~~^~~~~~~~~
warning: decoder_fuzz@0.0.0: csrc/pg_float_io.c:307:70: warning: unused parameter 'orig_string' [-Wunused-parameter]
warning: decoder_fuzz@0.0.0:   307 |                                   const char *type_name, const char *orig_string,
warning: decoder_fuzz@0.0.0:       |                                                          ~~~~~~~~~~~~^~~~~~~~~~~
warning: decoder_fuzz@0.0.0: csrc/pg_float_io.c:308:48: warning: unused parameter 'escontext' [-Wunused-parameter]
warning: decoder_fuzz@0.0.0:   308 |                                   struct Node *escontext)
warning: decoder_fuzz@0.0.0:       |                                   ~~~~~~~~~~~~~^~~~~~~~~
warning: decoder_fuzz@0.0.0: csrc/pg_float_io.c: At top level:
warning: decoder_fuzz@0.0.0: csrc/pg_float_io.c:533:9: warning: "Assert" redefined
warning: decoder_fuzz@0.0.0:   533 | #define Assert(condition) ((void) 0)
warning: decoder_fuzz@0.0.0:       |         ^~~~~~
warning: decoder_fuzz@0.0.0: In file included from csrc/pg_float_io.c:36:
warning: decoder_fuzz@0.0.0: csrc/shim/postgres.h:38:9: note: this is the location of the previous definition
warning: decoder_fuzz@0.0.0:    38 | #define Assert(x) ((void) 0)
warning: decoder_fuzz@0.0.0:       |         ^~~~~~
warning: decoder_fuzz@0.0.0: csrc/pg_float_agg_check.c: In function 'check_float8_array':
warning: decoder_fuzz@0.0.0: csrc/pg_float_agg_check.c:61:27: warning: operand of '?:' changes signedness from 'int32' {aka 'int'} to 'long unsigned int' due to unsignedness of other operand [-Wsign-compare]
warning: decoder_fuzz@0.0.0:    61 |         (ARR_HASNULL(a) ? (a)->dataoffset : ARR_OVERHEAD_NONULLS(ARR_NDIM(a)))
warning: decoder_fuzz@0.0.0:       |                           ^~~~~~~~~~~~~~~
warning: decoder_fuzz@0.0.0: csrc/pg_float_agg_check.c:62:43: note: in expansion of macro 'ARR_DATA_OFFSET'
warning: decoder_fuzz@0.0.0:    62 | #define ARR_DATA_PTR(a) (((char *) (a)) + ARR_DATA_OFFSET(a))
warning: decoder_fuzz@0.0.0:       |                                           ^~~~~~~~~~~~~~~
warning: decoder_fuzz@0.0.0: csrc/pg_float_agg_check.c:79:27: note: in expansion of macro 'ARR_DATA_PTR'
warning: decoder_fuzz@0.0.0:    79 |         return (float8 *) ARR_DATA_PTR(transarray);
warning: decoder_fuzz@0.0.0:       |                           ^~~~~~~~~~~~
warning: decoder_fuzz@0.0.0: csrc/pg_float_agg_check.c:67:55: warning: unused parameter 'caller' [-Wunused-parameter]
warning: decoder_fuzz@0.0.0:    67 | check_float8_array(ArrayType *transarray, const char *caller, int n)
warning: decoder_fuzz@0.0.0:       |                                           ~~~~~~~~~~~~^~~~~~
warning: decoder_fuzz@0.0.0: csrc/pg_geo_io.c:662:9: warning: "palloc" redefined
warning: decoder_fuzz@0.0.0:   662 | #define palloc(n) pg_geo_palloc_impl(n)
warning: decoder_fuzz@0.0.0:       |         ^~~~~~
warning: decoder_fuzz@0.0.0: In file included from csrc/pg_geo_io.c:30:
warning: decoder_fuzz@0.0.0: csrc/shim/postgres.h:35:9: note: this is the location of the previous definition
warning: decoder_fuzz@0.0.0:    35 | #define palloc(n) malloc(n)
warning: decoder_fuzz@0.0.0:       |         ^~~~~~
warning: decoder_fuzz@0.0.0: csrc/pg_rangetypes_io.c: In function 'pg_diff_range_accessors':
warning: decoder_fuzz@0.0.0: csrc/pg_rangetypes_io.c:9353:33: warning: variable 'i' might be clobbered by 'longjmp' or 'vfork' [-Wclobbered]
warning: decoder_fuzz@0.0.0:  9353 |         int                     i;
warning: decoder_fuzz@0.0.0:       |                                 ^
warning: decoder_fuzz@0.0.0: csrc/pg_rangetypes_io.c:9426:41: warning: variable 'k' might be clobbered by 'longjmp' or 'vfork' [-Wclobbered]
warning: decoder_fuzz@0.0.0:  9426 |                 int                     k;
warning: decoder_fuzz@0.0.0:       |                                         ^
warning: decoder_fuzz@0.0.0: csrc/pg_rangetypes_io.c: In function 'pg_diff_range_ops':
warning: decoder_fuzz@0.0.0: csrc/pg_rangetypes_io.c:9455:33: warning: variable 'i' might be clobbered by 'longjmp' or 'vfork' [-Wclobbered]
warning: decoder_fuzz@0.0.0:  9455 |         int                     i;
warning: decoder_fuzz@0.0.0:       |                                 ^
warning: decoder_fuzz@0.0.0: csrc/pg_multirangetypes_io.c: In function 'pg_diff_mr_ctor':
warning: decoder_fuzz@0.0.0: csrc/pg_multirangetypes_io.c:3151:33: warning: variable 'rettype' might be clobbered by 'longjmp' or 'vfork' [-Wclobbered]
warning: decoder_fuzz@0.0.0:  3151 |         Oid                     rettype = pg_mr_typ_oid(typ);
warning: decoder_fuzz@0.0.0:       |                                 ^~~~~~~
warning: decoder_fuzz@0.0.0: csrc/pg_strfam.c: In function 'pg_clean_ascii':
warning: decoder_fuzz@0.0.0: csrc/pg_strfam.c:221:37: warning: unused parameter 'alloc_flags' [-Wunused-parameter]
warning: decoder_fuzz@0.0.0:   221 | pg_clean_ascii(const char *str, int alloc_flags)
warning: decoder_fuzz@0.0.0:       |                                 ~~~~^~~~~~~~~~~
warning: decoder_fuzz@0.0.0: csrc/pg_strfam.c: In function 'replace_percent_placeholders':
warning: decoder_fuzz@0.0.0: csrc/pg_strfam.c:264:61: warning: unused parameter 'param_name' [-Wunused-parameter]
warning: decoder_fuzz@0.0.0:   264 | replace_percent_placeholders(const char *instr, const char *param_name, const char *letters,...)
warning: decoder_fuzz@0.0.0:       |                                                 ~~~~~~~~~~~~^~~~~~~~~~
warning: decoder_fuzz@0.0.0: csrc/pg_strfam.c: In function 'make_native_path':
warning: decoder_fuzz@0.0.0: csrc/pg_strfam.c:338:24: warning: unused parameter 'filename' [-Wunused-parameter]
warning: decoder_fuzz@0.0.0:   338 | make_native_path(char *filename)
warning: decoder_fuzz@0.0.0:       |                  ~~~~~~^~~~~~~~
warning: decoder_fuzz@0.0.0: csrc/pg_numutils.c: In function 'pg_strtoint16_safe':
warning: decoder_fuzz@0.0.0: csrc/pg_numutils.c:465:69: warning: right-hand operand of comma expression has no effect [-Wunused-value]
warning: decoder_fuzz@0.0.0:   465 |                         (errcode(ERRCODE_NUMERIC_VALUE_OUT_OF_RANGE),
warning: decoder_fuzz@0.0.0:       |                         ~~~~~~~~~~~~~~~~~~~~~~~~~~~~~~~~~~~~~~~~~~~~^
warning: decoder_fuzz@0.0.0:   466 |                          errmsg("value \"%s\" is out of range for type %s",
warning: decoder_fuzz@0.0.0:       |                          ~~~~~~~~~~~~~~~~~~~~~~~~~~~~~~~~~~~~~~~~~~~~~~~~~~
warning: decoder_fuzz@0.0.0:   467 |                                         s, "smallint")));
warning: decoder_fuzz@0.0.0:       |                                         ~~~~~~~~~~~~~~~
warning: decoder_fuzz@0.0.0: csrc/pg_numutils.c:89:14: note: in definition of macro 'ereturn'
warning: decoder_fuzz@0.0.0:    89 |         do { rest; return dummy; } while (0)
warning: decoder_fuzz@0.0.0:       |              ^~~~
warning: decoder_fuzz@0.0.0: csrc/pg_numutils.c:471:70: warning: right-hand operand of comma expression has no effect [-Wunused-value]
warning: decoder_fuzz@0.0.0:   471 |                         (errcode(ERRCODE_INVALID_TEXT_REPRESENTATION),
warning: decoder_fuzz@0.0.0:       |                         ~~~~~~~~~~~~~~~~~~~~~~~~~~~~~~~~~~~~~~~~~~~~~^
warning: decoder_fuzz@0.0.0:   472 |                          errmsg("invalid input syntax for type %s: \"%s\"",
warning: decoder_fuzz@0.0.0:       |                          ~~~~~~~~~~~~~~~~~~~~~~~~~~~~~~~~~~~~~~~~~~~~~~~~~~
warning: decoder_fuzz@0.0.0:   473 |                                         "smallint", s)));
warning: decoder_fuzz@0.0.0:       |                                         ~~~~~~~~~~~~~~~
warning: decoder_fuzz@0.0.0: csrc/pg_numutils.c:89:14: note: in definition of macro 'ereturn'
warning: decoder_fuzz@0.0.0:    89 |         do { rest; return dummy; } while (0)
warning: decoder_fuzz@0.0.0:       |              ^~~~
warning: decoder_fuzz@0.0.0: csrc/pg_numutils.c:244:41: warning: unused parameter 'escontext' [-Wunused-parameter]
warning: decoder_fuzz@0.0.0:   244 | pg_strtoint16_safe(const char *s, Node *escontext)
warning: decoder_fuzz@0.0.0:       |                                   ~~~~~~^~~~~~~~~
warning: decoder_fuzz@0.0.0: csrc/pg_numutils.c: In function 'pg_strtoint32_safe':
warning: decoder_fuzz@0.0.0: csrc/pg_numutils.c:726:69: warning: right-hand operand of comma expression has no effect [-Wunused-value]
warning: decoder_fuzz@0.0.0:   726 |                         (errcode(ERRCODE_NUMERIC_VALUE_OUT_OF_RANGE),
warning: decoder_fuzz@0.0.0:       |                         ~~~~~~~~~~~~~~~~~~~~~~~~~~~~~~~~~~~~~~~~~~~~^
warning: decoder_fuzz@0.0.0:   727 |                          errmsg("value \"%s\" is out of range for type %s",
warning: decoder_fuzz@0.0.0:       |                          ~~~~~~~~~~~~~~~~~~~~~~~~~~~~~~~~~~~~~~~~~~~~~~~~~~
warning: decoder_fuzz@0.0.0:   728 |                                         s, "integer")));
warning: decoder_fuzz@0.0.0:       |                                         ~~~~~~~~~~~~~~
warning: decoder_fuzz@0.0.0: csrc/pg_numutils.c:89:14: note: in definition of macro 'ereturn'
warning: decoder_fuzz@0.0.0:    89 |         do { rest; return dummy; } while (0)
warning: decoder_fuzz@0.0.0:       |              ^~~~
warning: decoder_fuzz@0.0.0: csrc/pg_numutils.c:732:70: warning: right-hand operand of comma expression has no effect [-Wunused-value]
warning: decoder_fuzz@0.0.0:   732 |                         (errcode(ERRCODE_INVALID_TEXT_REPRESENTATION),
warning: decoder_fuzz@0.0.0:       |                         ~~~~~~~~~~~~~~~~~~~~~~~~~~~~~~~~~~~~~~~~~~~~~^
warning: decoder_fuzz@0.0.0:   733 |                          errmsg("invalid input syntax for type %s: \"%s\"",
warning: decoder_fuzz@0.0.0:       |                          ~~~~~~~~~~~~~~~~~~~~~~~~~~~~~~~~~~~~~~~~~~~~~~~~~~
warning: decoder_fuzz@0.0.0:   734 |                                         "integer", s)));
warning: decoder_fuzz@0.0.0:       |                                         ~~~~~~~~~~~~~~
warning: decoder_fuzz@0.0.0: csrc/pg_numutils.c:89:14: note: in definition of macro 'ereturn'
warning: decoder_fuzz@0.0.0:    89 |         do { rest; return dummy; } while (0)
warning: decoder_fuzz@0.0.0:       |              ^~~~
warning: decoder_fuzz@0.0.0: csrc/pg_numutils.c:505:41: warning: unused parameter 'escontext' [-Wunused-parameter]
warning: decoder_fuzz@0.0.0:   505 | pg_strtoint32_safe(const char *s, Node *escontext)
warning: decoder_fuzz@0.0.0:       |                                   ~~~~~~^~~~~~~~~
warning: decoder_fuzz@0.0.0: csrc/pg_numutils.c: In function 'pg_strtoint64_safe':
warning: decoder_fuzz@0.0.0: csrc/pg_numutils.c:987:69: warning: right-hand operand of comma expression has no effect [-Wunused-value]
warning: decoder_fuzz@0.0.0:   987 |                         (errcode(ERRCODE_NUMERIC_VALUE_OUT_OF_RANGE),
warning: decoder_fuzz@0.0.0:       |                         ~~~~~~~~~~~~~~~~~~~~~~~~~~~~~~~~~~~~~~~~~~~~^
warning: decoder_fuzz@0.0.0:   988 |                          errmsg("value \"%s\" is out of range for type %s",
warning: decoder_fuzz@0.0.0:       |                          ~~~~~~~~~~~~~~~~~~~~~~~~~~~~~~~~~~~~~~~~~~~~~~~~~~
warning: decoder_fuzz@0.0.0:   989 |                                         s, "bigint")));
warning: decoder_fuzz@0.0.0:       |                                         ~~~~~~~~~~~~~
warning: decoder_fuzz@0.0.0: csrc/pg_numutils.c:89:14: note: in definition of macro 'ereturn'
warning: decoder_fuzz@0.0.0:    89 |         do { rest; return dummy; } while (0)
warning: decoder_fuzz@0.0.0:       |              ^~~~
warning: decoder_fuzz@0.0.0: csrc/pg_numutils.c:993:70: warning: right-hand operand of comma expression has no effect [-Wunused-value]
warning: decoder_fuzz@0.0.0:   993 |                         (errcode(ERRCODE_INVALID_TEXT_REPRESENTATION),
warning: decoder_fuzz@0.0.0:       |                         ~~~~~~~~~~~~~~~~~~~~~~~~~~~~~~~~~~~~~~~~~~~~~^
warning: decoder_fuzz@0.0.0:   994 |                          errmsg("invalid input syntax for type %s: \"%s\"",
warning: decoder_fuzz@0.0.0:       |                          ~~~~~~~~~~~~~~~~~~~~~~~~~~~~~~~~~~~~~~~~~~~~~~~~~~
warning: decoder_fuzz@0.0.0:   995 |                                         "bigint", s)));
warning: decoder_fuzz@0.0.0:       |                                         ~~~~~~~~~~~~~
warning: decoder_fuzz@0.0.0: csrc/pg_numutils.c:89:14: note: in definition of macro 'ereturn'
warning: decoder_fuzz@0.0.0:    89 |         do { rest; return dummy; } while (0)
warning: decoder_fuzz@0.0.0:       |              ^~~~
warning: decoder_fuzz@0.0.0: csrc/pg_numutils.c:766:41: warning: unused parameter 'escontext' [-Wunused-parameter]
warning: decoder_fuzz@0.0.0:   766 | pg_strtoint64_safe(const char *s, Node *escontext)
warning: decoder_fuzz@0.0.0:       |                                   ~~~~~~^~~~~~~~~
warning: decoder_fuzz@0.0.0: csrc/pg_numutils.c: In function 'uint32in_subr':
warning: decoder_fuzz@0.0.0: csrc/pg_numutils.c:1032:78: warning: right-hand operand of comma expression has no effect [-Wunused-value]
warning: decoder_fuzz@0.0.0:  1032 |                                 (errcode(ERRCODE_INVALID_TEXT_REPRESENTATION),
warning: decoder_fuzz@0.0.0:       |                                 ~~~~~~~~~~~~~~~~~~~~~~~~~~~~~~~~~~~~~~~~~~~~~^
warning: decoder_fuzz@0.0.0:  1033 |                                  errmsg("invalid input syntax for type %s: \"%s\"",
warning: decoder_fuzz@0.0.0:       |                                  ~~~~~~~~~~~~~~~~~~~~~~~~~~~~~~~~~~~~~~~~~~~~~~~~~~
warning: decoder_fuzz@0.0.0:  1034 |                                                 typname, s)));
warning: decoder_fuzz@0.0.0:       |                                                 ~~~~~~~~~~~~
warning: decoder_fuzz@0.0.0: csrc/pg_numutils.c:89:14: note: in definition of macro 'ereturn'
warning: decoder_fuzz@0.0.0:    89 |         do { rest; return dummy; } while (0)
warning: decoder_fuzz@0.0.0:       |              ^~~~
warning: decoder_fuzz@0.0.0: csrc/pg_numutils.c:1038:77: warning: right-hand operand of comma expression has no effect [-Wunused-value]
warning: decoder_fuzz@0.0.0:  1038 |                                 (errcode(ERRCODE_NUMERIC_VALUE_OUT_OF_RANGE),
warning: decoder_fuzz@0.0.0:       |                                 ~~~~~~~~~~~~~~~~~~~~~~~~~~~~~~~~~~~~~~~~~~~~^
warning: decoder_fuzz@0.0.0:  1039 |                                  errmsg("value \"%s\" is out of range for type %s",
warning: decoder_fuzz@0.0.0:       |                                  ~~~~~~~~~~~~~~~~~~~~~~~~~~~~~~~~~~~~~~~~~~~~~~~~~~
warning: decoder_fuzz@0.0.0:  1040 |                                                 s, typname)));
warning: decoder_fuzz@0.0.0:       |                                                 ~~~~~~~~~~~~
warning: decoder_fuzz@0.0.0: csrc/pg_numutils.c:89:14: note: in definition of macro 'ereturn'
warning: decoder_fuzz@0.0.0:    89 |         do { rest; return dummy; } while (0)
warning: decoder_fuzz@0.0.0:       |              ^~~~
warning: decoder_fuzz@0.0.0: csrc/pg_numutils.c:1054:86: warning: right-hand operand of comma expression has no effect [-Wunused-value]
warning: decoder_fuzz@0.0.0:  1054 |                                         (errcode(ERRCODE_INVALID_TEXT_REPRESENTATION),
warning: decoder_fuzz@0.0.0:       |                                         ~~~~~~~~~~~~~~~~~~~~~~~~~~~~~~~~~~~~~~~~~~~~~^
warning: decoder_fuzz@0.0.0:  1055 |                                          errmsg("invalid input syntax for type %s: \"%s\"",
warning: decoder_fuzz@0.0.0:       |                                          ~~~~~~~~~~~~~~~~~~~~~~~~~~~~~~~~~~~~~~~~~~~~~~~~~~
warning: decoder_fuzz@0.0.0:  1056 |                                                         typname, s)));
warning: decoder_fuzz@0.0.0:       |                                                         ~~~~~~~~~~~~
warning: decoder_fuzz@0.0.0: csrc/pg_numutils.c:89:14: note: in definition of macro 'ereturn'
warning: decoder_fuzz@0.0.0:    89 |         do { rest; return dummy; } while (0)
warning: decoder_fuzz@0.0.0:       |              ^~~~
warning: decoder_fuzz@0.0.0: csrc/pg_numutils.c:1077:77: warning: right-hand operand of comma expression has no effect [-Wunused-value]
warning: decoder_fuzz@0.0.0:  1077 |                                 (errcode(ERRCODE_NUMERIC_VALUE_OUT_OF_RANGE),
warning: decoder_fuzz@0.0.0:       |                                 ~~~~~~~~~~~~~~~~~~~~~~~~~~~~~~~~~~~~~~~~~~~~^
warning: decoder_fuzz@0.0.0:  1078 |                                  errmsg("value \"%s\" is out of range for type %s",
warning: decoder_fuzz@0.0.0:       |                                  ~~~~~~~~~~~~~~~~~~~~~~~~~~~~~~~~~~~~~~~~~~~~~~~~~~
warning: decoder_fuzz@0.0.0:  1079 |                                                 s, typname)));
warning: decoder_fuzz@0.0.0:       |                                                 ~~~~~~~~~~~~
warning: decoder_fuzz@0.0.0: csrc/pg_numutils.c:89:14: note: in definition of macro 'ereturn'
warning: decoder_fuzz@0.0.0:    89 |         do { rest; return dummy; } while (0)
warning: decoder_fuzz@0.0.0:       |              ^~~~
warning: decoder_fuzz@0.0.0: csrc/pg_numutils.c:1015:39: warning: unused parameter 'typname' [-Wunused-parameter]
warning: decoder_fuzz@0.0.0:  1015 |                           const char *typname, Node *escontext)
warning: decoder_fuzz@0.0.0:       |                           ~~~~~~~~~~~~^~~~~~~
warning: decoder_fuzz@0.0.0: csrc/pg_numutils.c:1015:54: warning: unused parameter 'escontext' [-Wunused-parameter]
warning: decoder_fuzz@0.0.0:  1015 |                           const char *typname, Node *escontext)
warning: decoder_fuzz@0.0.0:       |                                                ~~~~~~^~~~~~~~~
warning: decoder_fuzz@0.0.0: csrc/pg_numutils.c: In function 'uint64in_subr':
warning: decoder_fuzz@0.0.0: csrc/pg_numutils.c:1118:78: warning: right-hand operand of comma expression has no effect [-Wunused-value]
warning: decoder_fuzz@0.0.0:  1118 |                                 (errcode(ERRCODE_INVALID_TEXT_REPRESENTATION),
warning: decoder_fuzz@0.0.0:       |                                 ~~~~~~~~~~~~~~~~~~~~~~~~~~~~~~~~~~~~~~~~~~~~~^
warning: decoder_fuzz@0.0.0:  1119 |                                  errmsg("invalid input syntax for type %s: \"%s\"",
warning: decoder_fuzz@0.0.0:       |                                  ~~~~~~~~~~~~~~~~~~~~~~~~~~~~~~~~~~~~~~~~~~~~~~~~~~
warning: decoder_fuzz@0.0.0:  1120 |                                                 typname, s)));
warning: decoder_fuzz@0.0.0:       |                                                 ~~~~~~~~~~~~
warning: decoder_fuzz@0.0.0: csrc/pg_numutils.c:89:14: note: in definition of macro 'ereturn'
warning: decoder_fuzz@0.0.0:    89 |         do { rest; return dummy; } while (0)
warning: decoder_fuzz@0.0.0:       |              ^~~~
warning: decoder_fuzz@0.0.0: csrc/pg_numutils.c:1124:77: warning: right-hand operand of comma expression has no effect [-Wunused-value]
warning: decoder_fuzz@0.0.0:  1124 |                                 (errcode(ERRCODE_NUMERIC_VALUE_OUT_OF_RANGE),
warning: decoder_fuzz@0.0.0:       |                                 ~~~~~~~~~~~~~~~~~~~~~~~~~~~~~~~~~~~~~~~~~~~~^
warning: decoder_fuzz@0.0.0:  1125 |                                  errmsg("value \"%s\" is out of range for type %s",
warning: decoder_fuzz@0.0.0:       |                                  ~~~~~~~~~~~~~~~~~~~~~~~~~~~~~~~~~~~~~~~~~~~~~~~~~~
warning: decoder_fuzz@0.0.0:  1126 |                                                 s, typname)));
warning: decoder_fuzz@0.0.0:       |                                                 ~~~~~~~~~~~~
warning: decoder_fuzz@0.0.0: csrc/pg_numutils.c:89:14: note: in definition of macro 'ereturn'
warning: decoder_fuzz@0.0.0:    89 |         do { rest; return dummy; } while (0)
warning: decoder_fuzz@0.0.0:       |              ^~~~
warning: decoder_fuzz@0.0.0: csrc/pg_numutils.c:1140:86: warning: right-hand operand of comma expression has no effect [-Wunused-value]
warning: decoder_fuzz@0.0.0:  1140 |                                         (errcode(ERRCODE_INVALID_TEXT_REPRESENTATION),
warning: decoder_fuzz@0.0.0:       |                                         ~~~~~~~~~~~~~~~~~~~~~~~~~~~~~~~~~~~~~~~~~~~~~^
warning: decoder_fuzz@0.0.0:  1141 |                                          errmsg("invalid input syntax for type %s: \"%s\"",
warning: decoder_fuzz@0.0.0:       |                                          ~~~~~~~~~~~~~~~~~~~~~~~~~~~~~~~~~~~~~~~~~~~~~~~~~~
warning: decoder_fuzz@0.0.0:  1142 |                                                         typname, s)));
warning: decoder_fuzz@0.0.0:       |                                                         ~~~~~~~~~~~~
warning: decoder_fuzz@0.0.0: csrc/pg_numutils.c:89:14: note: in definition of macro 'ereturn'
warning: decoder_fuzz@0.0.0:    89 |         do { rest; return dummy; } while (0)
warning: decoder_fuzz@0.0.0:       |              ^~~~
warning: decoder_fuzz@0.0.0: csrc/pg_numutils.c:1102:39: warning: unused parameter 'typname' [-Wunused-parameter]
warning: decoder_fuzz@0.0.0:  1102 |                           const char *typname, Node *escontext)
warning: decoder_fuzz@0.0.0:       |                           ~~~~~~~~~~~~^~~~~~~
warning: decoder_fuzz@0.0.0: csrc/pg_numutils.c:1102:54: warning: unused parameter 'escontext' [-Wunused-parameter]
warning: decoder_fuzz@0.0.0:  1102 |                           const char *typname, Node *escontext)
warning: decoder_fuzz@0.0.0:       |                                                ~~~~~~^~~~~~~~~
warning: decoder_fuzz@0.0.0: csrc/pg_cash_io.c: In function 'pg_diff_cash_in':
warning: decoder_fuzz@0.0.0: csrc/pg_cash_io.c:271:44: warning: array subscript 1 is outside array bounds of 'char[1]' [-Warray-bounds=]
warning: decoder_fuzz@0.0.0:   271 |                 lconvert->mon_decimal_point[1] == '\0')
warning: decoder_fuzz@0.0.0:       |                 ~~~~~~~~~~~~~~~~~~~~~~~~~~~^~~
warning: decoder_fuzz@0.0.0: csrc/pg_cash_io.c:179:13: note: at offset 1 into object 'pg_cash_empty' of size 1
warning: decoder_fuzz@0.0.0:   179 | static char pg_cash_empty[1] = "";
warning: decoder_fuzz@0.0.0:       |             ^~~~~~~~~~~~~
warning: decoder_fuzz@0.0.0: csrc/pg_cash_io.c: In function 'pg_diff_cash_out':
warning: decoder_fuzz@0.0.0: csrc/pg_cash_io.c:459:44: warning: array subscript 1 is outside array bounds of 'char[1]' [-Warray-bounds=]
warning: decoder_fuzz@0.0.0:   459 |                 lconvert->mon_decimal_point[1] == '\0')
warning: decoder_fuzz@0.0.0:       |                 ~~~~~~~~~~~~~~~~~~~~~~~~~~~^~~
warning: decoder_fuzz@0.0.0: csrc/pg_cash_io.c:179:13: note: at offset 1 into object 'pg_cash_empty' of size 1
warning: decoder_fuzz@0.0.0:   179 | static char pg_cash_empty[1] = "";
warning: decoder_fuzz@0.0.0:       |             ^~~~~~~~~~~~~
warning: decoder_fuzz@0.0.0: csrc/pg_lsn_oracle.c: In function 'set_var_from_str':
warning: decoder_fuzz@0.0.0: csrc/pg_lsn_oracle.c:997:30: warning: unused parameter 'str' [-Wunused-parameter]
warning: decoder_fuzz@0.0.0:   997 | set_var_from_str(const char *str, const char *cp,
warning: decoder_fuzz@0.0.0:       |                  ~~~~~~~~~~~~^~~
warning: decoder_fuzz@0.0.0: csrc/pg_lsn_oracle.c:999:40: warning: unused parameter 'escontext' [-Wunused-parameter]
warning: decoder_fuzz@0.0.0:   999 |                                  Node *escontext)
warning: decoder_fuzz@0.0.0:       |                                  ~~~~~~^~~~~~~~~
warning: decoder_fuzz@0.0.0: csrc/pg_lsn_oracle.c: In function 'apply_typmod':
warning: decoder_fuzz@0.0.0: csrc/pg_lsn_oracle.c:1351:101: warning: right-hand operand of comma expression has no effect [-Wunused-value]
warning: decoder_fuzz@0.0.0:  1351 |                                                         (errcode(ERRCODE_NUMERIC_VALUE_OUT_OF_RANGE),
warning: decoder_fuzz@0.0.0:       |                                                                                                     ^
warning: decoder_fuzz@0.0.0: csrc/pg_lsn_oracle.c:125:53: note: in definition of macro 'ereturn'
warning: decoder_fuzz@0.0.0:   125 | #define ereturn(escontext, ret, stuff) do { (void) (stuff); return (ret); } while (0)
warning: decoder_fuzz@0.0.0:       |                                                     ^~~~~
warning: decoder_fuzz@0.0.0: csrc/pg_lsn_oracle.c:1302:51: warning: unused parameter 'escontext' [-Wunused-parameter]
warning: decoder_fuzz@0.0.0:  1302 | apply_typmod(NumericVar *var, int32 typmod, Node *escontext)
warning: decoder_fuzz@0.0.0:       |                                             ~~~~~~^~~~~~~~~
warning: decoder_fuzz@0.0.0: csrc/pg_lsn_oracle.c: In function 'apply_typmod_special':
warning: decoder_fuzz@0.0.0: csrc/pg_lsn_oracle.c:1393:69: warning: right-hand operand of comma expression has no effect [-Wunused-value]
warning: decoder_fuzz@0.0.0:  1393 |                         (errcode(ERRCODE_NUMERIC_VALUE_OUT_OF_RANGE),
warning: decoder_fuzz@0.0.0:       |                                                                     ^
warning: decoder_fuzz@0.0.0: csrc/pg_lsn_oracle.c:125:53: note: in definition of macro 'ereturn'
warning: decoder_fuzz@0.0.0:   125 | #define ereturn(escontext, ret, stuff) do { (void) (stuff); return (ret); } while (0)
warning: decoder_fuzz@0.0.0:       |                                                     ^~~~~
warning: decoder_fuzz@0.0.0: csrc/pg_lsn_oracle.c:1372:33: warning: variable 'scale' set but not used [-Wunused-but-set-variable]
warning: decoder_fuzz@0.0.0:  1372 |         int                     scale;
warning: decoder_fuzz@0.0.0:       |                                 ^~~~~
warning: decoder_fuzz@0.0.0: csrc/pg_lsn_oracle.c:1371:33: warning: variable 'precision' set but not used [-Wunused-but-set-variable]
warning: decoder_fuzz@0.0.0:  1371 |         int                     precision;
warning: decoder_fuzz@0.0.0:       |                                 ^~~~~~~~~
warning: decoder_fuzz@0.0.0: csrc/pg_lsn_oracle.c:1369:55: warning: unused parameter 'escontext' [-Wunused-parameter]
warning: decoder_fuzz@0.0.0:  1369 | apply_typmod_special(Numeric num, int32 typmod, Node *escontext)
warning: decoder_fuzz@0.0.0:       |                                                 ~~~~~~^~~~~~~~~
warning: decoder_fuzz@0.0.0: csrc/pg_enc_tables.c: In function 'ScanKeywordLookup':
warning: decoder_fuzz@0.0.0: csrc/pg_enc_tables.c:376:17: warning: comparison of integer expressions of different signedness: 'size_t' {aka 'long unsigned int'} and 'int' [-Wsign-compare]
warning: decoder_fuzz@0.0.0:   376 |         if (len > keywords->max_kw_len)
warning: decoder_fuzz@0.0.0:       |                 ^
warning: decoder_fuzz@0.0.0: In file included from csrc/pg_wcharfam.c:62:
warning: decoder_fuzz@0.0.0: csrc/wcharfam/wchar.c: In function 'pg_ascii_mblen':
warning: decoder_fuzz@0.0.0: csrc/wcharfam/wchar.c:88:37: warning: unused parameter 's' [-Wunused-parameter]
warning: decoder_fuzz@0.0.0:    88 | pg_ascii_mblen(const unsigned char *s)
warning: decoder_fuzz@0.0.0:       |                ~~~~~~~~~~~~~~~~~~~~~^
warning: decoder_fuzz@0.0.0: csrc/wcharfam/wchar.c: In function 'pg_latin1_mblen':
warning: decoder_fuzz@0.0.0: csrc/wcharfam/wchar.c:898:38: warning: unused parameter 's' [-Wunused-parameter]
warning: decoder_fuzz@0.0.0:   898 | pg_latin1_mblen(const unsigned char *s)
warning: decoder_fuzz@0.0.0:       |                 ~~~~~~~~~~~~~~~~~~~~~^
warning: decoder_fuzz@0.0.0: csrc/wcharfam/wchar.c: In function 'pg_ascii_verifychar':
warning: decoder_fuzz@0.0.0: csrc/wcharfam/wchar.c:1085:42: warning: unused parameter 's' [-Wunused-parameter]
warning: decoder_fuzz@0.0.0:  1085 | pg_ascii_verifychar(const unsigned char *s, int len)
warning: decoder_fuzz@0.0.0:       |                     ~~~~~~~~~~~~~~~~~~~~~^
warning: decoder_fuzz@0.0.0: csrc/wcharfam/wchar.c:1085:49: warning: unused parameter 'len' [-Wunused-parameter]
warning: decoder_fuzz@0.0.0:  1085 | pg_ascii_verifychar(const unsigned char *s, int len)
warning: decoder_fuzz@0.0.0:       |                                             ~~~~^~~
warning: decoder_fuzz@0.0.0: csrc/wcharfam/wchar.c: In function 'pg_latin1_verifychar':
warning: decoder_fuzz@0.0.0: csrc/wcharfam/wchar.c:1432:43: warning: unused parameter 's' [-Wunused-parameter]
warning: decoder_fuzz@0.0.0:  1432 | pg_latin1_verifychar(const unsigned char *s, int len)
warning: decoder_fuzz@0.0.0:       |                      ~~~~~~~~~~~~~~~~~~~~~^
warning: decoder_fuzz@0.0.0: csrc/wcharfam/wchar.c:1432:50: warning: unused parameter 'len' [-Wunused-parameter]
warning: decoder_fuzz@0.0.0:  1432 | pg_latin1_verifychar(const unsigned char *s, int len)
warning: decoder_fuzz@0.0.0:       |                                              ~~~~^~~
warning: decoder_fuzz@0.0.0: csrc/wcharfam/wchar.c: In function 'pg_utf8_verifystr':
warning: decoder_fuzz@0.0.0: csrc/wcharfam/wchar.c:1926:17: warning: comparison of integer expressions of different signedness: 'int' and 'long unsigned int' [-Wsign-compare]
warning: decoder_fuzz@0.0.0:  1926 |         if (len >= STRIDE_LENGTH)
warning: decoder_fuzz@0.0.0:       |                 ^~
warning: decoder_fuzz@0.0.0: csrc/wcharfam/wchar.c:1928:28: warning: comparison of integer expressions of different signedness: 'int' and 'long unsigned int' [-Wsign-compare]
warning: decoder_fuzz@0.0.0:  1928 |                 while (len >= STRIDE_LENGTH)
warning: decoder_fuzz@0.0.0:       |                            ^~
warning: decoder_fuzz@0.0.0: csrc/pg_wcharfam.c: In function 'report_invalid_encoding_int':
warning: decoder_fuzz@0.0.0: csrc/pg_wcharfam.c:79:61: warning: right-hand operand of comma expression has no effect [-Wunused-value]
warning: decoder_fuzz@0.0.0:    79 | #define errcode(sqlerrcode) (wfam_errcode_val = (sqlerrcode), 0)
warning: decoder_fuzz@0.0.0:       |                             ~~~~~~~~~~~~~~~~~~~~~~~~~~~~~~~~^~~~
warning: decoder_fuzz@0.0.0: csrc/pg_wcharfam.c:83:22: note: in definition of macro 'ereport'
warning: decoder_fuzz@0.0.0:    83 |         do { (void) (__VA_ARGS__); longjmp(wfam_env, 1); } while (0)
warning: decoder_fuzz@0.0.0:       |                      ^~~~~~~~~~~
warning: decoder_fuzz@0.0.0: csrc/pg_wcharfam.c:868:26: note: in expansion of macro 'errcode'
warning: decoder_fuzz@0.0.0:   868 |                         (errcode(ERRCODE_CHARACTER_NOT_IN_REPERTOIRE),
warning: decoder_fuzz@0.0.0:       |                          ^~~~~~~
warning: decoder_fuzz@0.0.0: csrc/pg_wcharfam.c:850:33: warning: unused parameter 'encoding' [-Wunused-parameter]
warning: decoder_fuzz@0.0.0:   850 | report_invalid_encoding_int(int encoding, const char *mbstr, int mblen, int len)
warning: decoder_fuzz@0.0.0:       |                             ~~~~^~~~~~~~
warning: decoder_fuzz@0.0.0: csrc/pg_wcharfam.c: In function 'wfam_report_untranslatable_char':
warning: decoder_fuzz@0.0.0: csrc/pg_wcharfam.c:79:61: warning: right-hand operand of comma expression has no effect [-Wunused-value]
warning: decoder_fuzz@0.0.0:    79 | #define errcode(sqlerrcode) (wfam_errcode_val = (sqlerrcode), 0)
warning: decoder_fuzz@0.0.0:       |                             ~~~~~~~~~~~~~~~~~~~~~~~~~~~~~~~~^~~~
warning: decoder_fuzz@0.0.0: csrc/pg_wcharfam.c:83:22: note: in definition of macro 'ereport'
warning: decoder_fuzz@0.0.0:    83 |         do { (void) (__VA_ARGS__); longjmp(wfam_env, 1); } while (0)
warning: decoder_fuzz@0.0.0:       |                      ^~~~~~~~~~~
warning: decoder_fuzz@0.0.0: csrc/pg_wcharfam.c:915:26: note: in expansion of macro 'errcode'
warning: decoder_fuzz@0.0.0:   915 |                         (errcode(ERRCODE_UNTRANSLATABLE_CHARACTER),
warning: decoder_fuzz@0.0.0:       |                          ^~~~~~~
warning: decoder_fuzz@0.0.0: csrc/pg_wcharfam.c:887:50: warning: unused parameter 'dest_encoding' [-Wunused-parameter]
warning: decoder_fuzz@0.0.0:   887 | report_untranslatable_char(int src_encoding, int dest_encoding,
warning: decoder_fuzz@0.0.0:       |                                              ~~~~^~~~~~~~~~~~~
warning: decoder_fuzz@0.0.0: In file included from csrc/pg_jsonbio_io.c:527:
warning: decoder_fuzz@0.0.0: csrc/jsonbfam/numeric_c.inc: In function 'set_var_from_str':
warning: decoder_fuzz@0.0.0: csrc/jsonbfam/numeric_c.inc:1257:40: warning: unused parameter 'escontext' [-Wunused-parameter]
warning: decoder_fuzz@0.0.0:  1257 |                                  Node *escontext)
warning: decoder_fuzz@0.0.0:       |                                  ~~~~~~^~~~~~~~~
warning: decoder_fuzz@0.0.0: csrc/jsonbfam/numeric_c.inc: In function 'apply_typmod':
warning: decoder_fuzz@0.0.0: csrc/jsonbfam/numeric_c.inc:1812:51: warning: unused parameter 'escontext' [-Wunused-parameter]
warning: decoder_fuzz@0.0.0:  1812 | apply_typmod(NumericVar *var, int32 typmod, Node *escontext)
warning: decoder_fuzz@0.0.0:       |                                             ~~~~~~^~~~~~~~~
warning: decoder_fuzz@0.0.0: csrc/jsonbfam/numeric_c.inc: In function 'apply_typmod_special':
warning: decoder_fuzz@0.0.0: csrc/jsonbfam/numeric_c.inc:1898:55: warning: unused parameter 'escontext' [-Wunused-parameter]
warning: decoder_fuzz@0.0.0:  1898 | apply_typmod_special(Numeric num, int32 typmod, Node *escontext)
warning: decoder_fuzz@0.0.0:       |                                                 ~~~~~~^~~~~~~~~
warning: decoder_fuzz@0.0.0: In file included from csrc/pg_jsonbio_io.c:528:
warning: decoder_fuzz@0.0.0: csrc/jsonbfam/numeric_cmp_c.inc: In function 'jbfam_hash_numeric':
warning: decoder_fuzz@0.0.0: csrc/jsonbfam/numeric_cmp_c.inc:126:23: warning: comparison of integer expressions of different signedness: 'int' and 'long unsigned int' [-Wsign-compare]
warning: decoder_fuzz@0.0.0:   126 |         for (i = 0; i < NUMERIC_NDIGITS(key); i++)
warning: decoder_fuzz@0.0.0:       |                       ^
warning: decoder_fuzz@0.0.0: csrc/jsonbfam/numeric_cmp_c.inc:144:34: warning: comparison of integer expressions of different signedness: 'long unsigned int' and 'int' [-Wsign-compare]
warning: decoder_fuzz@0.0.0:   144 |         if (NUMERIC_NDIGITS(key) == start_offset)
warning: decoder_fuzz@0.0.0:       |                                  ^~
warning: decoder_fuzz@0.0.0: csrc/jsonbfam/numeric_cmp_c.inc: In function 'jbfam_hash_numeric_extended':
warning: decoder_fuzz@0.0.0: csrc/jsonbfam/numeric_cmp_c.inc:202:23: warning: comparison of integer expressions of different signedness: 'int' and 'long unsigned int' [-Wsign-compare]
warning: decoder_fuzz@0.0.0:   202 |         for (i = 0; i < NUMERIC_NDIGITS(key); i++)
warning: decoder_fuzz@0.0.0:       |                       ^
warning: decoder_fuzz@0.0.0: csrc/jsonbfam/numeric_cmp_c.inc:212:34: warning: comparison of integer expressions of different signedness: 'long unsigned int' and 'int' [-Wsign-compare]
warning: decoder_fuzz@0.0.0:   212 |         if (NUMERIC_NDIGITS(key) == start_offset)
warning: decoder_fuzz@0.0.0:       |                                  ^~
warning: decoder_fuzz@0.0.0: csrc/pg_jsonbio_io.c: In function 'set_var_from_non_decimal_integer_str':
warning: decoder_fuzz@0.0.0: csrc/pg_jsonbio_io.c:537:111: warning: unused parameter 'endptr' [-Wunused-parameter]
warning: decoder_fuzz@0.0.0:   537 |                                                                                                  const char **endptr,
warning: decoder_fuzz@0.0.0:       |                                                                                                  ~~~~~~~~~~~~~^~~~~~
warning: decoder_fuzz@0.0.0: In file included from csrc/pg_jsonbio_io.c:547:
warning: decoder_fuzz@0.0.0: csrc/jsonbfam/json_escape_c.inc: In function 'jbfam_escape_json_with_len':
warning: decoder_fuzz@0.0.0: csrc/jsonbfam/json_escape_c.inc:156:35: warning: comparison of integer expressions of different signedness: 'int' and 'long unsigned int' [-Wsign-compare]
warning: decoder_fuzz@0.0.0:   156 |                 for (int b = 0; b < sizeof(Vector8); b++)
warning: decoder_fuzz@0.0.0:       |                                   ^
warning: decoder_fuzz@0.0.0: In file included from csrc/pg_jsonbio_io.c:548:
warning: decoder_fuzz@0.0.0: csrc/jsonbfam/jsonb_c.inc: In function 'checkStringLen':
warning: decoder_fuzz@0.0.0: csrc/jsonbfam/jsonb_c.inc:294:34: warning: unused parameter 'escontext' [-Wunused-parameter]
warning: decoder_fuzz@0.0.0:   294 | checkStringLen(size_t len, Node *escontext)
warning: decoder_fuzz@0.0.0:       |                            ~~~~~~^~~~~~~~~
warning: decoder_fuzz@0.0.0: csrc/jsonbfam/jsonb_c.inc: In function 'jsonb_in_object_field_start':
warning: decoder_fuzz@0.0.0: csrc/jsonbfam/jsonb_c.inc:353:61: warning: unused parameter 'isnull' [-Wunused-parameter]
warning: decoder_fuzz@0.0.0:   353 | jsonb_in_object_field_start(void *pstate, char *fname, bool isnull)
warning: decoder_fuzz@0.0.0:       |                                                             ^
warning: decoder_fuzz@0.0.0: In file included from csrc/pg_jsonbio_io.c:67:
warning: decoder_fuzz@0.0.0: csrc/jsonbfam/jsonb_c.inc: In function 'jbfam_jsonb_build_object_noargs':
warning: decoder_fuzz@0.0.0: csrc/jsonbfam/shim/fmgr.h:69:43: warning: unused parameter 'fcinfo' [-Wunused-parameter]
warning: decoder_fuzz@0.0.0:    69 | #define PG_FUNCTION_ARGS FunctionCallInfo fcinfo
warning: decoder_fuzz@0.0.0:       |                          ~~~~~~~~~~~~~~~~~^~~~~~
warning: decoder_fuzz@0.0.0: csrc/jsonbfam/jsonb_c.inc:707:27: note: in expansion of macro 'PG_FUNCTION_ARGS'
warning: decoder_fuzz@0.0.0:   707 | jsonb_build_object_noargs(PG_FUNCTION_ARGS)
warning: decoder_fuzz@0.0.0:       |                           ^~~~~~~~~~~~~~~~
warning: decoder_fuzz@0.0.0: csrc/jsonbfam/jsonb_c.inc: In function 'jbfam_jsonb_build_array_noargs':
warning: decoder_fuzz@0.0.0: csrc/jsonbfam/shim/fmgr.h:69:43: warning: unused parameter 'fcinfo' [-Wunused-parameter]
warning: decoder_fuzz@0.0.0:    69 | #define PG_FUNCTION_ARGS FunctionCallInfo fcinfo
warning: decoder_fuzz@0.0.0:       |                          ~~~~~~~~~~~~~~~~~^~~~~~
warning: decoder_fuzz@0.0.0: csrc/jsonbfam/jsonb_c.inc:749:26: note: in expansion of macro 'PG_FUNCTION_ARGS'
warning: decoder_fuzz@0.0.0:   749 | jsonb_build_array_noargs(PG_FUNCTION_ARGS)
warning: decoder_fuzz@0.0.0:       |                          ^~~~~~~~~~~~~~~~
warning: decoder_fuzz@0.0.0: csrc/jsonbfam/jsonb_c.inc: In function 'cannotCastJsonbValue':
warning: decoder_fuzz@0.0.0: csrc/jsonbfam/jsonb_c.inc:826:23: warning: comparison of integer expressions of different signedness: 'int' and 'long unsigned int' [-Wsign-compare]
warning: decoder_fuzz@0.0.0:   826 |         for (i = 0; i < lengthof(messages); i++)
warning: decoder_fuzz@0.0.0:       |                       ^
warning: decoder_fuzz@0.0.0: In file included from csrc/pg_jsonbio_io.c:583:
warning: decoder_fuzz@0.0.0: csrc/jsonbfam/jsonfuncs_c.inc: In function 'report_json_context':
warning: decoder_fuzz@0.0.0: csrc/jsonbfam/jsonfuncs_c.inc:142:52: warning: comparison of integer expressions of different signedness: 'long int' and 'size_t' {aka 'long unsigned int'} [-Wsign-compare]
warning: decoder_fuzz@0.0.0:   142 |                           context_end - lex->input < lex->input_length &&
warning: decoder_fuzz@0.0.0:       |                                                    ^
warning: decoder_fuzz@0.0.0: csrc/jsonbfam/numeric_c.inc: At top level:
warning: decoder_fuzz@0.0.0: csrc/jsonbfam/numeric_c.inc:524:14: warning: 'get_str_from_var_sci' declared 'static' but never defined [-Wunused-function]
warning: decoder_fuzz@0.0.0:   524 | static char *get_str_from_var_sci(const NumericVar *var, int rscale);
warning: decoder_fuzz@0.0.0:       |              ^~~~~~~~~~~~~~~~~~~~
warning: decoder_fuzz@0.0.0: csrc/jsonbfam/numeric_c.inc:526:13: warning: 'numericvar_serialize' declared 'static' but never defined [-Wunused-function]
warning: decoder_fuzz@0.0.0:   526 | static void numericvar_serialize(StringInfo buf, const NumericVar *var);
warning: decoder_fuzz@0.0.0:       |             ^~~~~~~~~~~~~~~~~~~~
warning: decoder_fuzz@0.0.0: csrc/jsonbfam/numeric_c.inc:527:13: warning: 'numericvar_deserialize' declared 'static' but never defined [-Wunused-function]
warning: decoder_fuzz@0.0.0:   527 | static void numericvar_deserialize(StringInfo buf, NumericVar *var);
warning: decoder_fuzz@0.0.0:       |             ^~~~~~~~~~~~~~~~~~~~~~
warning: decoder_fuzz@0.0.0: csrc/jsonbfam/numeric_c.inc:529:16: warning: 'duplicate_numeric' declared 'static' but never defined [-Wunused-function]
warning: decoder_fuzz@0.0.0:   529 | static Numeric duplicate_numeric(Numeric num);
warning: decoder_fuzz@0.0.0:       |                ^~~~~~~~~~~~~~~~~
warning: decoder_fuzz@0.0.0: csrc/jsonbfam/numeric_c.inc:539:13: warning: 'numericvar_to_uint64' declared 'static' but never defined [-Wunused-function]
warning: decoder_fuzz@0.0.0:   539 | static bool numericvar_to_uint64(const NumericVar *var, uint64 *result);
warning: decoder_fuzz@0.0.0:       |             ^~~~~~~~~~~~~~~~~~~~
warning: decoder_fuzz@0.0.0: csrc/jsonbfam/numeric_c.inc:541:13: warning: 'numericvar_to_int128' declared 'static' but never defined [-Wunused-function]
warning: decoder_fuzz@0.0.0:   541 | static bool numericvar_to_int128(const NumericVar *var, int128 *result);
warning: decoder_fuzz@0.0.0:       |             ^~~~~~~~~~~~~~~~~~~~
warning: decoder_fuzz@0.0.0: csrc/jsonbfam/numeric_c.inc:542:13: warning: 'int128_to_numericvar' declared 'static' but never defined [-Wunused-function]
warning: decoder_fuzz@0.0.0:   542 | static void int128_to_numericvar(int128 val, NumericVar *var);
warning: decoder_fuzz@0.0.0:       |             ^~~~~~~~~~~~~~~~~~~~
warning: decoder_fuzz@0.0.0: csrc/jsonbfam/numeric_c.inc:544:15: warning: 'numericvar_to_double_no_overflow' declared 'static' but never defined [-Wunused-function]
warning: decoder_fuzz@0.0.0:   544 | static double numericvar_to_double_no_overflow(const NumericVar *var);
warning: decoder_fuzz@0.0.0:       |               ^~~~~~~~~~~~~~~~~~~~~~~~~~~~~~~~
warning: decoder_fuzz@0.0.0: csrc/jsonbfam/numeric_c.inc:546:14: warning: 'numeric_abbrev_convert' declared 'static' but never defined [-Wunused-function]
warning: decoder_fuzz@0.0.0:   546 | static Datum numeric_abbrev_convert(Datum original_datum, SortSupport ssup);
warning: decoder_fuzz@0.0.0:       |              ^~~~~~~~~~~~~~~~~~~~~~
warning: decoder_fuzz@0.0.0: csrc/jsonbfam/numeric_c.inc:547:13: warning: 'numeric_abbrev_abort' declared 'static' but never defined [-Wunused-function]
warning: decoder_fuzz@0.0.0:   547 | static bool numeric_abbrev_abort(int memtupcount, SortSupport ssup);
warning: decoder_fuzz@0.0.0:       |             ^~~~~~~~~~~~~~~~~~~~
warning: decoder_fuzz@0.0.0: csrc/jsonbfam/numeric_c.inc:548:17: warning: 'numeric_fast_cmp' declared 'static' but never defined [-Wunused-function]
warning: decoder_fuzz@0.0.0:   548 | static int      numeric_fast_cmp(Datum x, Datum y, SortSupport ssup);
warning: decoder_fuzz@0.0.0:       |                 ^~~~~~~~~~~~~~~~
warning: decoder_fuzz@0.0.0: csrc/jsonbfam/numeric_c.inc:549:17: warning: 'numeric_cmp_abbrev' declared 'static' but never defined [-Wunused-function]
warning: decoder_fuzz@0.0.0:   549 | static int      numeric_cmp_abbrev(Datum x, Datum y, SortSupport ssup);
warning: decoder_fuzz@0.0.0:       |                 ^~~~~~~~~~~~~~~~~~
warning: decoder_fuzz@0.0.0: csrc/jsonbfam/numeric_c.inc:551:14: warning: 'numeric_abbrev_convert_var' declared 'static' but never defined [-Wunused-function]
warning: decoder_fuzz@0.0.0:   551 | static Datum numeric_abbrev_convert_var(const NumericVar *var,
warning: decoder_fuzz@0.0.0:       |              ^~~~~~~~~~~~~~~~~~~~~~~~~~
warning: decoder_fuzz@0.0.0: csrc/jsonbfam/numeric_c.inc:560:13: warning: 'add_var' declared 'static' but never defined [-Wunused-function]
warning: decoder_fuzz@0.0.0:   560 | static void add_var(const NumericVar *var1, const NumericVar *var2,
warning: decoder_fuzz@0.0.0:       |             ^~~~~~~
warning: decoder_fuzz@0.0.0: csrc/jsonbfam/numeric_c.inc:562:13: warning: 'sub_var' declared 'static' but never defined [-Wunused-function]
warning: decoder_fuzz@0.0.0:   562 | static void sub_var(const NumericVar *var1, const NumericVar *var2,
warning: decoder_fuzz@0.0.0:       |             ^~~~~~~
warning: decoder_fuzz@0.0.0: csrc/jsonbfam/numeric_c.inc:564:13: warning: 'mul_var' declared 'static' but never defined [-Wunused-function]
warning: decoder_fuzz@0.0.0:   564 | static void mul_var(const NumericVar *var1, const NumericVar *var2,
warning: decoder_fuzz@0.0.0:       |             ^~~~~~~
warning: decoder_fuzz@0.0.0: csrc/jsonbfam/numeric_c.inc:567:13: warning: 'mul_var_short' declared 'static' but never defined [-Wunused-function]
warning: decoder_fuzz@0.0.0:   567 | static void mul_var_short(const NumericVar *var1, const NumericVar *var2,
warning: decoder_fuzz@0.0.0:       |             ^~~~~~~~~~~~~
warning: decoder_fuzz@0.0.0: csrc/jsonbfam/numeric_c.inc:569:13: warning: 'div_var' declared 'static' but never defined [-Wunused-function]
warning: decoder_fuzz@0.0.0:   569 | static void div_var(const NumericVar *var1, const NumericVar *var2,
warning: decoder_fuzz@0.0.0:       |             ^~~~~~~
warning: decoder_fuzz@0.0.0: csrc/jsonbfam/numeric_c.inc:571:13: warning: 'div_var_int' declared 'static' but never defined [-Wunused-function]
warning: decoder_fuzz@0.0.0:   571 | static void div_var_int(const NumericVar *var, int ival, int ival_weight,
warning: decoder_fuzz@0.0.0:       |             ^~~~~~~~~~~
warning: decoder_fuzz@0.0.0: csrc/jsonbfam/numeric_c.inc:574:13: warning: 'div_var_int64' declared 'static' but never defined [-Wunused-function]
warning: decoder_fuzz@0.0.0:   574 | static void div_var_int64(const NumericVar *var, int64 ival, int ival_weight,
warning: decoder_fuzz@0.0.0:       |             ^~~~~~~~~~~~~
warning: decoder_fuzz@0.0.0: csrc/jsonbfam/numeric_c.inc:577:17: warning: 'select_div_scale' declared 'static' but never defined [-Wunused-function]
warning: decoder_fuzz@0.0.0:   577 | static int      select_div_scale(const NumericVar *var1, const NumericVar *var2);
warning: decoder_fuzz@0.0.0:       |                 ^~~~~~~~~~~~~~~~
warning: decoder_fuzz@0.0.0: csrc/jsonbfam/numeric_c.inc:578:13: warning: 'mod_var' declared 'static' but never defined [-Wunused-function]
warning: decoder_fuzz@0.0.0:   578 | static void mod_var(const NumericVar *var1, const NumericVar *var2,
warning: decoder_fuzz@0.0.0:       |             ^~~~~~~
warning: decoder_fuzz@0.0.0: csrc/jsonbfam/numeric_c.inc:580:13: warning: 'div_mod_var' declared 'static' but never defined [-Wunused-function]
warning: decoder_fuzz@0.0.0:   580 | static void div_mod_var(const NumericVar *var1, const NumericVar *var2,
warning: decoder_fuzz@0.0.0:       |             ^~~~~~~~~~~
warning: decoder_fuzz@0.0.0: csrc/jsonbfam/numeric_c.inc:582:13: warning: 'ceil_var' declared 'static' but never defined [-Wunused-function]
warning: decoder_fuzz@0.0.0:   582 | static void ceil_var(const NumericVar *var, NumericVar *result);
warning: decoder_fuzz@0.0.0:       |             ^~~~~~~~
warning: decoder_fuzz@0.0.0: csrc/jsonbfam/numeric_c.inc:583:13: warning: 'floor_var' declared 'static' but never defined [-Wunused-function]
warning: decoder_fuzz@0.0.0:   583 | static void floor_var(const NumericVar *var, NumericVar *result);
warning: decoder_fuzz@0.0.0:       |             ^~~~~~~~~
warning: decoder_fuzz@0.0.0: csrc/jsonbfam/numeric_c.inc:585:13: warning: 'gcd_var' declared 'static' but never defined [-Wunused-function]
warning: decoder_fuzz@0.0.0:   585 | static void gcd_var(const NumericVar *var1, const NumericVar *var2,
warning: decoder_fuzz@0.0.0:       |             ^~~~~~~
warning: decoder_fuzz@0.0.0: csrc/jsonbfam/numeric_c.inc:587:13: warning: 'sqrt_var' declared 'static' but never defined [-Wunused-function]
warning: decoder_fuzz@0.0.0:   587 | static void sqrt_var(const NumericVar *arg, NumericVar *result, int rscale);
warning: decoder_fuzz@0.0.0:       |             ^~~~~~~~
warning: decoder_fuzz@0.0.0: csrc/jsonbfam/numeric_c.inc:588:13: warning: 'exp_var' declared 'static' but never defined [-Wunused-function]
warning: decoder_fuzz@0.0.0:   588 | static void exp_var(const NumericVar *arg, NumericVar *result, int rscale);
warning: decoder_fuzz@0.0.0:       |             ^~~~~~~
warning: decoder_fuzz@0.0.0: csrc/jsonbfam/numeric_c.inc:589:17: warning: 'estimate_ln_dweight' declared 'static' but never defined [-Wunused-function]
warning: decoder_fuzz@0.0.0:   589 | static int      estimate_ln_dweight(const NumericVar *var);
warning: decoder_fuzz@0.0.0:       |                 ^~~~~~~~~~~~~~~~~~~
warning: decoder_fuzz@0.0.0: csrc/jsonbfam/numeric_c.inc:590:13: warning: 'ln_var' declared 'static' but never defined [-Wunused-function]
warning: decoder_fuzz@0.0.0:   590 | static void ln_var(const NumericVar *arg, NumericVar *result, int rscale);
warning: decoder_fuzz@0.0.0:       |             ^~~~~~
warning: decoder_fuzz@0.0.0: csrc/jsonbfam/numeric_c.inc:591:13: warning: 'log_var' declared 'static' but never defined [-Wunused-function]
warning: decoder_fuzz@0.0.0:   591 | static void log_var(const NumericVar *base, const NumericVar *num,
warning: decoder_fuzz@0.0.0:       |             ^~~~~~~
warning: decoder_fuzz@0.0.0: csrc/jsonbfam/numeric_c.inc:593:13: warning: 'power_var' declared 'static' but never defined [-Wunused-function]
warning: decoder_fuzz@0.0.0:   593 | static void power_var(const NumericVar *base, const NumericVar *exp,
warning: decoder_fuzz@0.0.0:       |             ^~~~~~~~~
warning: decoder_fuzz@0.0.0: csrc/jsonbfam/numeric_c.inc:595:13: warning: 'power_var_int' declared 'static' but never defined [-Wunused-function]
warning: decoder_fuzz@0.0.0:   595 | static void power_var_int(const NumericVar *base, int exp, int exp_dscale,
warning: decoder_fuzz@0.0.0:       |             ^~~~~~~~~~~~~
warning: decoder_fuzz@0.0.0: csrc/jsonbfam/numeric_c.inc:597:13: warning: 'power_ten_int' declared 'static' but never defined [-Wunused-function]
warning: decoder_fuzz@0.0.0:   597 | static void power_ten_int(int exp, NumericVar *result);
warning: decoder_fuzz@0.0.0:       |             ^~~~~~~~~~~~~
warning: decoder_fuzz@0.0.0: csrc/jsonbfam/numeric_c.inc:598:13: warning: 'random_var' declared 'static' but never defined [-Wunused-function]
warning: decoder_fuzz@0.0.0:   598 | static void random_var(pg_prng_state *state, const NumericVar *rmin,
warning: decoder_fuzz@0.0.0:       |             ^~~~~~~~~~
warning: decoder_fuzz@0.0.0: csrc/jsonbfam/numeric_c.inc:606:13: warning: 'add_abs' declared 'static' but never defined [-Wunused-function]
warning: decoder_fuzz@0.0.0:   606 | static void add_abs(const NumericVar *var1, const NumericVar *var2,
warning: decoder_fuzz@0.0.0:       |             ^~~~~~~
warning: decoder_fuzz@0.0.0: csrc/jsonbfam/numeric_c.inc:608:13: warning: 'sub_abs' declared 'static' but never defined [-Wunused-function]
warning: decoder_fuzz@0.0.0:   608 | static void sub_abs(const NumericVar *var1, const NumericVar *var2,
warning: decoder_fuzz@0.0.0:       |             ^~~~~~~
warning: decoder_fuzz@0.0.0: csrc/jsonbfam/numeric_c.inc:613:13: warning: 'compute_bucket' declared 'static' but never defined [-Wunused-function]
warning: decoder_fuzz@0.0.0:   613 | static void compute_bucket(Numeric operand, Numeric bound1, Numeric bound2,
warning: decoder_fuzz@0.0.0:       |             ^~~~~~~~~~~~~~
warning: decoder_fuzz@0.0.0: csrc/jsonbfam/numeric_c.inc:617:13: warning: 'accum_sum_add' declared 'static' but never defined [-Wunused-function]
warning: decoder_fuzz@0.0.0:   617 | static void accum_sum_add(NumericSumAccum *accum, const NumericVar *val);
warning: decoder_fuzz@0.0.0:       |             ^~~~~~~~~~~~~
warning: decoder_fuzz@0.0.0: csrc/jsonbfam/numeric_c.inc:618:13: warning: 'accum_sum_rescale' declared 'static' but never defined [-Wunused-function]
warning: decoder_fuzz@0.0.0:   618 | static void accum_sum_rescale(NumericSumAccum *accum, const NumericVar *val);
warning: decoder_fuzz@0.0.0:       |             ^~~~~~~~~~~~~~~~~
warning: decoder_fuzz@0.0.0: csrc/jsonbfam/numeric_c.inc:619:13: warning: 'accum_sum_carry' declared 'static' but never defined [-Wunused-function]
warning: decoder_fuzz@0.0.0:   619 | static void accum_sum_carry(NumericSumAccum *accum);
warning: decoder_fuzz@0.0.0:       |             ^~~~~~~~~~~~~~~
warning: decoder_fuzz@0.0.0: csrc/jsonbfam/numeric_c.inc:620:13: warning: 'accum_sum_reset' declared 'static' but never defined [-Wunused-function]
warning: decoder_fuzz@0.0.0:   620 | static void accum_sum_reset(NumericSumAccum *accum);
warning: decoder_fuzz@0.0.0:       |             ^~~~~~~~~~~~~~~
warning: decoder_fuzz@0.0.0: csrc/jsonbfam/numeric_c.inc:621:13: warning: 'accum_sum_final' declared 'static' but never defined [-Wunused-function]
warning: decoder_fuzz@0.0.0:   621 | static void accum_sum_final(NumericSumAccum *accum, NumericVar *result);
warning: decoder_fuzz@0.0.0:       |             ^~~~~~~~~~~~~~~
warning: decoder_fuzz@0.0.0: csrc/jsonbfam/numeric_c.inc:622:13: warning: 'accum_sum_copy' declared 'static' but never defined [-Wunused-function]
warning: decoder_fuzz@0.0.0:   622 | static void accum_sum_copy(NumericSumAccum *dst, NumericSumAccum *src);
warning: decoder_fuzz@0.0.0:       |             ^~~~~~~~~~~~~~
warning: decoder_fuzz@0.0.0: csrc/jsonbfam/numeric_c.inc:623:13: warning: 'accum_sum_combine' declared 'static' but never defined [-Wunused-function]
warning: decoder_fuzz@0.0.0:   623 | static void accum_sum_combine(NumericSumAccum *accum, NumericSumAccum *accum2);
warning: decoder_fuzz@0.0.0:       |             ^~~~~~~~~~~~~~~~~
warning: decoder_fuzz@0.0.0: csrc/jsonbfam/jsonb_c.inc:61:13: warning: 'composite_to_jsonb' declared 'static' but never defined [-Wunused-function]
warning: decoder_fuzz@0.0.0:    61 | static void composite_to_jsonb(Datum composite, JsonbInState *result);
warning: decoder_fuzz@0.0.0:       |             ^~~~~~~~~~~~~~~~~~
warning: decoder_fuzz@0.0.0: csrc/jsonbfam/jsonb_c.inc:62:13: warning: 'array_dim_to_jsonb' declared 'static' but never defined [-Wunused-function]
warning: decoder_fuzz@0.0.0:    62 | static void array_dim_to_jsonb(JsonbInState *result, int dim, int ndims, int *dims,
warning: decoder_fuzz@0.0.0:       |             ^~~~~~~~~~~~~~~~~~
warning: decoder_fuzz@0.0.0: csrc/jsonbfam/jsonb_c.inc:65:13: warning: 'array_to_jsonb_internal' declared 'static' but never defined [-Wunused-function]
warning: decoder_fuzz@0.0.0:    65 | static void array_to_jsonb_internal(Datum array, JsonbInState *result);
warning: decoder_fuzz@0.0.0:       |             ^~~~~~~~~~~~~~~~~~~~~~~
warning: decoder_fuzz@0.0.0: csrc/pg_jsonbio_io.c:571:1: warning: 'datum_to_jsonb_internal' defined but not used [-Wunused-function]
warning: decoder_fuzz@0.0.0:   571 | datum_to_jsonb_internal(Datum val, bool is_null, JsonbInState *result,
warning: decoder_fuzz@0.0.0:       | ^~~~~~~~~~~~~~~~~~~~~~~
warning: decoder_fuzz@0.0.0: csrc/pg_jsonbio_io.c:562:1: warning: 'clone_parse_state' defined but not used [-Wunused-function]
warning: decoder_fuzz@0.0.0:   562 | clone_parse_state(JsonbParseState *state)
warning: decoder_fuzz@0.0.0:       | ^~~~~~~~~~~~~~~~~
warning: decoder_fuzz@0.0.0: csrc/jsonbfam/numeric_cmp_c.inc:306:1: warning: 'cmp_abs' defined but not used [-Wunused-function]
warning: decoder_fuzz@0.0.0:   306 | cmp_abs(const NumericVar *var1, const NumericVar *var2)
warning: decoder_fuzz@0.0.0:       | ^~~~~~~
warning: decoder_fuzz@0.0.0: csrc/jsonbfam/numeric_cmp_c.inc:244:1: warning: 'cmp_var' defined but not used [-Wunused-function]
warning: decoder_fuzz@0.0.0:   244 | cmp_var(const NumericVar *var1, const NumericVar *var2)
warning: decoder_fuzz@0.0.0:       | ^~~~~~~
warning: decoder_fuzz@0.0.0: csrc/jsonbfam/numeric_c.inc:2168:1: warning: 'trunc_var' defined but not used [-Wunused-function]
warning: decoder_fuzz@0.0.0:  2168 | trunc_var(NumericVar *var, int rscale)
warning: decoder_fuzz@0.0.0:       | ^~~~~~~~~
warning: decoder_fuzz@0.0.0: csrc/jsonbfam/numeric_c.inc:2011:1: warning: 'int64_to_numericvar' defined but not used [-Wunused-function]
warning: decoder_fuzz@0.0.0:  2011 | int64_to_numericvar(int64 val, NumericVar *var)
warning: decoder_fuzz@0.0.0:       | ^~~~~~~~~~~~~~~~~~~
warning: decoder_fuzz@0.0.0: csrc/jsonbfam/numeric_c.inc:1472:1: warning: 'set_var_from_num' defined but not used [-Wunused-function]
warning: decoder_fuzz@0.0.0:  1472 | set_var_from_num(Numeric num, NumericVar *dest)
warning: decoder_fuzz@0.0.0:       | ^~~~~~~~~~~~~~~~
warning: decoder_fuzz@0.0.0: csrc/jsonbfam/numeric_c.inc:1228:1: warning: 'zero_var' defined but not used [-Wunused-function]
warning: decoder_fuzz@0.0.0:  1228 | zero_var(NumericVar *var)
warning: decoder_fuzz@0.0.0:       | ^~~~~~~~
warning: decoder_fuzz@0.0.0: csrc/jsonbfam/numeric_c.inc:876:1: warning: 'numeric_is_integral' defined but not used [-Wunused-function]
warning: decoder_fuzz@0.0.0:   876 | numeric_is_integral(Numeric num)
warning: decoder_fuzz@0.0.0:       | ^~~~~~~~~~~~~~~~~~~
warning: decoder_fuzz@0.0.0: csrc/jsonbfam/jsonapi.c: In function 'json_lex_number':
warning: decoder_fuzz@0.0.0: csrc/jsonbfam/jsonapi.c:2261:17: warning: comparison of integer expressions of different signedness: 'int' and 'size_t' {aka 'long unsigned int'} [-Wsign-compare]
warning: decoder_fuzz@0.0.0:  2261 |         if (len < lex->input_length && *s == '0')
warning: decoder_fuzz@0.0.0:       |                 ^
warning: decoder_fuzz@0.0.0: csrc/jsonbfam/jsonapi.c:2266:22: warning: comparison of integer expressions of different signedness: 'int' and 'size_t' {aka 'long unsigned int'} [-Wsign-compare]
warning: decoder_fuzz@0.0.0:  2266 |         else if (len < lex->input_length && *s >= '1' && *s <= '9')
warning: decoder_fuzz@0.0.0:       |                      ^
warning: decoder_fuzz@0.0.0: csrc/jsonbfam/jsonapi.c:2272:30: warning: comparison of integer expressions of different signedness: 'int' and 'size_t' {aka 'long unsigned int'} [-Wsign-compare]
warning: decoder_fuzz@0.0.0:  2272 |                 } while (len < lex->input_length && *s >= '0' && *s <= '9');
warning: decoder_fuzz@0.0.0:       |                              ^
warning: decoder_fuzz@0.0.0: csrc/jsonbfam/jsonapi.c:2278:17: warning: comparison of integer expressions of different signedness: 'int' and 'size_t' {aka 'long unsigned int'} [-Wsign-compare]
warning: decoder_fuzz@0.0.0:  2278 |         if (len < lex->input_length && *s == '.')
warning: decoder_fuzz@0.0.0:       |                 ^
warning: decoder_fuzz@0.0.0: csrc/jsonbfam/jsonapi.c:2282:25: warning: comparison of integer expressions of different signedness: 'int' and 'size_t' {aka 'long unsigned int'} [-Wsign-compare]
warning: decoder_fuzz@0.0.0:  2282 |                 if (len == lex->input_length || *s < '0' || *s > '9')
warning: decoder_fuzz@0.0.0:       |                         ^~
warning: decoder_fuzz@0.0.0: csrc/jsonbfam/jsonapi.c:2290:38: warning: comparison of integer expressions of different signedness: 'int' and 'size_t' {aka 'long unsigned int'} [-Wsign-compare]
warning: decoder_fuzz@0.0.0:  2290 |                         } while (len < lex->input_length && *s >= '0' && *s <= '9');
warning: decoder_fuzz@0.0.0:       |                                      ^
warning: decoder_fuzz@0.0.0: csrc/jsonbfam/jsonapi.c:2295:17: warning: comparison of integer expressions of different signedness: 'int' and 'size_t' {aka 'long unsigned int'} [-Wsign-compare]
warning: decoder_fuzz@0.0.0:  2295 |         if (len < lex->input_length && (*s == 'e' || *s == 'E'))
warning: decoder_fuzz@0.0.0:       |                 ^
warning: decoder_fuzz@0.0.0: csrc/jsonbfam/jsonapi.c:2299:25: warning: comparison of integer expressions of different signedness: 'int' and 'size_t' {aka 'long unsigned int'} [-Wsign-compare]
warning: decoder_fuzz@0.0.0:  2299 |                 if (len < lex->input_length && (*s == '+' || *s == '-'))
warning: decoder_fuzz@0.0.0:       |                         ^
warning: decoder_fuzz@0.0.0: csrc/jsonbfam/jsonapi.c:2304:25: warning: comparison of integer expressions of different signedness: 'int' and 'size_t' {aka 'long unsigned int'} [-Wsign-compare]
warning: decoder_fuzz@0.0.0:  2304 |                 if (len == lex->input_length || *s < '0' || *s > '9')
warning: decoder_fuzz@0.0.0:       |                         ^~
warning: decoder_fuzz@0.0.0: csrc/jsonbfam/jsonapi.c:2312:38: warning: comparison of integer expressions of different signedness: 'int' and 'size_t' {aka 'long unsigned int'} [-Wsign-compare]
warning: decoder_fuzz@0.0.0:  2312 |                         } while (len < lex->input_length && *s >= '0' && *s <= '9');
warning: decoder_fuzz@0.0.0:       |                                      ^
warning: decoder_fuzz@0.0.0: csrc/jsonbfam/jsonapi.c:2321:20: warning: comparison of integer expressions of different signedness: 'int' and 'size_t' {aka 'long unsigned int'} [-Wsign-compare]
warning: decoder_fuzz@0.0.0:  2321 |         for (; len < lex->input_length && JSON_ALPHANUMERIC_CHAR(*s); s++, len++)
warning: decoder_fuzz@0.0.0:       |                    ^
warning: decoder_fuzz@0.0.0: csrc/jsonbfam/jsonapi.c:2328:21: warning: comparison of integer expressions of different signedness: 'int' and 'size_t' {aka 'long unsigned int'} [-Wsign-compare]
warning: decoder_fuzz@0.0.0:  2328 |                 len >= lex->input_length)
warning: decoder_fuzz@0.0.0:       |                     ^~
warning: decoder_fuzz@0.0.0: csrc/jsonbfam/wchar.c: In function 'pg_ascii_mblen':
warning: decoder_fuzz@0.0.0: csrc/jsonbfam/wchar.c:88:37: warning: unused parameter 's' [-Wunused-parameter]
warning: decoder_fuzz@0.0.0:    88 | pg_ascii_mblen(const unsigned char *s)
warning: decoder_fuzz@0.0.0:       |                ~~~~~~~~~~~~~~~~~~~~~^
warning: decoder_fuzz@0.0.0: csrc/jsonbfam/wchar.c: In function 'pg_latin1_mblen':
warning: decoder_fuzz@0.0.0: csrc/jsonbfam/wchar.c:898:38: warning: unused parameter 's' [-Wunused-parameter]
warning: decoder_fuzz@0.0.0:   898 | pg_latin1_mblen(const unsigned char *s)
warning: decoder_fuzz@0.0.0:       |                 ~~~~~~~~~~~~~~~~~~~~~^
warning: decoder_fuzz@0.0.0: csrc/jsonbfam/wchar.c: In function 'pg_ascii_verifychar':
warning: decoder_fuzz@0.0.0: csrc/jsonbfam/wchar.c:1085:42: warning: unused parameter 's' [-Wunused-parameter]
warning: decoder_fuzz@0.0.0:  1085 | pg_ascii_verifychar(const unsigned char *s, int len)
warning: decoder_fuzz@0.0.0:       |                     ~~~~~~~~~~~~~~~~~~~~~^
warning: decoder_fuzz@0.0.0: csrc/jsonbfam/wchar.c:1085:49: warning: unused parameter 'len' [-Wunused-parameter]
warning: decoder_fuzz@0.0.0:  1085 | pg_ascii_verifychar(const unsigned char *s, int len)
warning: decoder_fuzz@0.0.0:       |                                             ~~~~^~~
warning: decoder_fuzz@0.0.0: csrc/jsonbfam/wchar.c: In function 'pg_latin1_verifychar':
warning: decoder_fuzz@0.0.0: csrc/jsonbfam/wchar.c:1432:43: warning: unused parameter 's' [-Wunused-parameter]
warning: decoder_fuzz@0.0.0:  1432 | pg_latin1_verifychar(const unsigned char *s, int len)
warning: decoder_fuzz@0.0.0:       |                      ~~~~~~~~~~~~~~~~~~~~~^
warning: decoder_fuzz@0.0.0: csrc/jsonbfam/wchar.c:1432:50: warning: unused parameter 'len' [-Wunused-parameter]
warning: decoder_fuzz@0.0.0:  1432 | pg_latin1_verifychar(const unsigned char *s, int len)
warning: decoder_fuzz@0.0.0:       |                                              ~~~~^~~
warning: decoder_fuzz@0.0.0: csrc/jsonbfam/wchar.c: In function 'pg_utf8_verifystr':
warning: decoder_fuzz@0.0.0: csrc/jsonbfam/wchar.c:1926:17: warning: comparison of integer expressions of different signedness: 'int' and 'long unsigned int' [-Wsign-compare]
warning: decoder_fuzz@0.0.0:  1926 |         if (len >= STRIDE_LENGTH)
warning: decoder_fuzz@0.0.0:       |                 ^~
warning: decoder_fuzz@0.0.0: csrc/jsonbfam/wchar.c:1928:28: warning: comparison of integer expressions of different signedness: 'int' and 'long unsigned int' [-Wsign-compare]
warning: decoder_fuzz@0.0.0:  1928 |                 while (len >= STRIDE_LENGTH)
warning: decoder_fuzz@0.0.0:       |                            ^~
warning: decoder_fuzz@0.0.0: csrc/jsonbfam/jsonb_util.c: In function 'appendKey':
warning: decoder_fuzz@0.0.0: csrc/jsonbfam/jsonb_util.c:757:39: warning: comparison of integer expressions of different signedness: 'int' and 'long unsigned int' [-Wsign-compare]
warning: decoder_fuzz@0.0.0:   757 |         if (object->val.object.nPairs >= JSONB_MAX_PAIRS)
warning: decoder_fuzz@0.0.0:       |                                       ^~
warning: decoder_fuzz@0.0.0: csrc/jsonbfam/jsonb_util.c:763:39: warning: comparison of integer expressions of different signedness: 'int' and 'Size' {aka 'long unsigned int'} [-Wsign-compare]
warning: decoder_fuzz@0.0.0:   763 |         if (object->val.object.nPairs >= pstate->size)
warning: decoder_fuzz@0.0.0:       |                                       ^~
warning: decoder_fuzz@0.0.0: csrc/jsonbfam/jsonb_util.c: In function 'appendElement':
warning: decoder_fuzz@0.0.0: csrc/jsonbfam/jsonb_util.c:798:37: warning: comparison of integer expressions of different signedness: 'int' and 'long unsigned int' [-Wsign-compare]
warning: decoder_fuzz@0.0.0:   798 |         if (array->val.array.nElems >= JSONB_MAX_ELEMS)
warning: decoder_fuzz@0.0.0:       |                                     ^~
warning: decoder_fuzz@0.0.0: csrc/jsonbfam/jsonb_util.c:804:37: warning: comparison of integer expressions of different signedness: 'int' and 'Size' {aka 'long unsigned int'} [-Wsign-compare]
warning: decoder_fuzz@0.0.0:   804 |         if (array->val.array.nElems >= pstate->size)
warning: decoder_fuzz@0.0.0:       |                                     ^~
warning: decoder_fuzz@0.0.0: csrc/jsonbfam/jsonb_util.c: In function 'jbfam_JsonbIteratorNext':
warning: decoder_fuzz@0.0.0: csrc/jsonbfam/jsonb_util.c:894:45: warning: comparison of integer expressions of different signedness: 'int' and 'uint32' {aka 'unsigned int'} [-Wsign-compare]
warning: decoder_fuzz@0.0.0:   894 |                         if ((*it)->curIndex >= (*it)->nElems)
warning: decoder_fuzz@0.0.0:       |                                             ^~
warning: decoder_fuzz@0.0.0: csrc/jsonbfam/jsonb_util.c:948:45: warning: comparison of integer expressions of different signedness: 'int' and 'uint32' {aka 'unsigned int'} [-Wsign-compare]
warning: decoder_fuzz@0.0.0:   948 |                         if ((*it)->curIndex >= (*it)->nElems)
warning: decoder_fuzz@0.0.0:       |                                             ^~
warning: decoder_fuzz@0.0.0: In file included from csrc/jsonbfam/shim/c.h:2,
warning: decoder_fuzz@0.0.0:                  from csrc/jsonbfam/qsort_arg.c:5:
warning: decoder_fuzz@0.0.0: csrc/jsonbfam/include/lib/sort_template.h: In function 'jbfam_qsort_arg':
warning: decoder_fuzz@0.0.0: csrc/jsonbfam/shim/postgres.h:266:38: warning: comparison of integer expressions of different signedness: 'long int' and 'long unsigned int' [-Wsign-compare]
warning: decoder_fuzz@0.0.0:   266 | #define Min(x, y)               ((x) < (y) ? (x) : (y))
warning: decoder_fuzz@0.0.0:       |                                      ^
warning: decoder_fuzz@0.0.0: csrc/jsonbfam/include/lib/sort_template.h:383:14: note: in expansion of macro 'Min'
warning: decoder_fuzz@0.0.0:   383 |         d1 = Min(pd - pc, pn - pd - ST_POINTER_STEP);
warning: decoder_fuzz@0.0.0:       |              ^~~
warning: decoder_fuzz@0.0.0: csrc/jsonbfam/shim/postgres.h:266:46: warning: operand of '?:' changes signedness from 'long int' to 'long unsigned int' due to unsignedness of other operand [-Wsign-compare]
warning: decoder_fuzz@0.0.0:   266 | #define Min(x, y)               ((x) < (y) ? (x) : (y))
warning: decoder_fuzz@0.0.0:       |                                              ^~~
warning: decoder_fuzz@0.0.0: csrc/jsonbfam/include/lib/sort_template.h:383:14: note: in expansion of macro 'Min'
warning: decoder_fuzz@0.0.0:   383 |         d1 = Min(pd - pc, pn - pd - ST_POINTER_STEP);
warning: decoder_fuzz@0.0.0:       |              ^~~
warning: decoder_fuzz@0.0.0: In file included from csrc/pg_jsonbops.c:70:
warning: decoder_fuzz@0.0.0: csrc/jsonbfam/arrayfuncs_c.inc: In function 'jbfam_ArrayGetNItemsSafe':
warning: decoder_fuzz@0.0.0: csrc/jsonbfam/arrayfuncs_c.inc:30:60: warning: unused parameter 'escontext' [-Wunused-parameter]
warning: decoder_fuzz@0.0.0:    30 | ArrayGetNItemsSafe(int ndim, const int *dims, struct Node *escontext)
warning: decoder_fuzz@0.0.0:       |                                               ~~~~~~~~~~~~~^~~~~~~~~
warning: decoder_fuzz@0.0.0: In file included from csrc/jsonbfam/include/utils/jsonb.h:16,
warning: decoder_fuzz@0.0.0:                  from csrc/pg_jsonbops.c:55:
warning: decoder_fuzz@0.0.0: csrc/jsonbfam/arrayfuncs_c.inc: In function 'jbfam_deconstruct_array':
warning: decoder_fuzz@0.0.0: csrc/jsonbfam/shim/utils/array.h:56:35: warning: operand of '?:' changes signedness from 'int32' {aka 'int'} to 'long unsigned int' due to unsignedness of other operand [-Wsign-compare]
warning: decoder_fuzz@0.0.0:    56 |                 (ARR_HASNULL(a) ? (a)->dataoffset : ARR_OVERHEAD_NONULLS(ARR_NDIM(a)))
warning: decoder_fuzz@0.0.0:       |                                   ^~~~~~~~~~~~~~~
warning: decoder_fuzz@0.0.0: csrc/jsonbfam/shim/utils/array.h:59:35: note: in expansion of macro 'ARR_DATA_OFFSET'
warning: decoder_fuzz@0.0.0:    59 |                 (((char *) (a)) + ARR_DATA_OFFSET(a))
warning: decoder_fuzz@0.0.0:       |                                   ^~~~~~~~~~~~~~~
warning: decoder_fuzz@0.0.0: csrc/jsonbfam/arrayfuncs_c.inc:112:13: note: in expansion of macro 'ARR_DATA_PTR'
warning: decoder_fuzz@0.0.0:   112 |         p = ARR_DATA_PTR(array);
warning: decoder_fuzz@0.0.0:       |             ^~~~~~~~~~~~
warning: decoder_fuzz@0.0.0: csrc/jsonbfam/arrayfuncs_c.inc:90:39: warning: unused parameter 'elmtype' [-Wunused-parameter]
warning: decoder_fuzz@0.0.0:    90 |                                   Oid elmtype,
warning: decoder_fuzz@0.0.0:       |                                   ~~~~^~~~~~~
warning: decoder_fuzz@0.0.0: In file included from csrc/pg_jsonbops.c:72:
warning: decoder_fuzz@0.0.0: csrc/jsonbfam/jsonfuncs_ops_c.inc: In function 'jbfam_jsonb_get_element':
warning: decoder_fuzz@0.0.0: csrc/jsonbfam/jsonfuncs_ops_c.inc:329:66: warning: comparison of integer expressions of different signedness: 'int' and 'uint32' {aka 'unsigned int'} [-Wsign-compare]
warning: decoder_fuzz@0.0.0:   329 |                                 if (lindex == INT_MIN || -lindex > nelements)
warning: decoder_fuzz@0.0.0:       |                                                                  ^
warning: decoder_fuzz@0.0.0: csrc/jsonbfam/jsonfuncs_ops_c.inc: In function 'jbfam_jsonb_delete_idx':
warning: decoder_fuzz@0.0.0: csrc/jsonbfam/jsonfuncs_ops_c.inc:720:17: warning: comparison of integer expressions of different signedness: 'int' and 'uint32' {aka 'unsigned int'} [-Wsign-compare]
warning: decoder_fuzz@0.0.0:   720 |         if (idx >= n)
warning: decoder_fuzz@0.0.0:       |                 ^~
warning: decoder_fuzz@0.0.0: csrc/jsonbfam/jsonfuncs_ops_c.inc:729:33: warning: comparison of integer expressions of different signedness: 'uint32' {aka 'unsigned int'} and 'int' [-Wsign-compare]
warning: decoder_fuzz@0.0.0:   729 |                         if (i++ == idx)
warning: decoder_fuzz@0.0.0:       |                                 ^~
warning: decoder_fuzz@0.0.0: csrc/jsonbfam/jsonfuncs_ops_c.inc: In function 'setPathObject':
warning: decoder_fuzz@0.0.0: csrc/jsonbfam/jsonfuncs_ops_c.inc:1133:23: warning: comparison of integer expressions of different signedness: 'int' and 'uint32' {aka 'unsigned int'} [-Wsign-compare]
warning: decoder_fuzz@0.0.0:  1133 |         for (i = 0; i < npairs; i++)
warning: decoder_fuzz@0.0.0:       |                       ^
warning: decoder_fuzz@0.0.0: csrc/jsonbfam/jsonfuncs_ops_c.inc:1140:42: warning: comparison of integer expressions of different signedness: 'int' and 'long unsigned int' [-Wsign-compare]
warning: decoder_fuzz@0.0.0:  1140 |                         k.val.string.len == VARSIZE_ANY_EXHDR(pathelem) &&
warning: decoder_fuzz@0.0.0:       |                                          ^~
warning: decoder_fuzz@0.0.0: csrc/jsonbfam/jsonfuncs_ops_c.inc:1176:60: warning: comparison of integer expressions of different signedness: 'int' and 'uint32' {aka 'unsigned int'} [-Wsign-compare]
warning: decoder_fuzz@0.0.0:  1176 |                                 level == path_len - 1 && i == npairs - 1)
warning: decoder_fuzz@0.0.0:       |                                                            ^~
warning: decoder_fuzz@0.0.0: csrc/jsonbfam/jsonfuncs_ops_c.inc: In function 'setPathArray':
warning: decoder_fuzz@0.0.0: csrc/jsonbfam/jsonfuncs_ops_c.inc:1293:36: warning: comparison of integer expressions of different signedness: 'int' and 'uint32' {aka 'unsigned int'} [-Wsign-compare]
warning: decoder_fuzz@0.0.0:  1293 |                 if (idx > 0 && idx > nelems)
warning: decoder_fuzz@0.0.0:       |                                    ^
warning: decoder_fuzz@0.0.0: csrc/jsonbfam/jsonfuncs_ops_c.inc:1316:23: warning: comparison of integer expressions of different signedness: 'int' and 'uint32' {aka 'unsigned int'} [-Wsign-compare]
warning: decoder_fuzz@0.0.0:  1316 |         for (i = 0; i < nelems; i++)
warning: decoder_fuzz@0.0.0:       |                       ^
warning: decoder_fuzz@0.0.0: csrc/jsonbfam/jsonfuncs_ops_c.inc:1377:56: warning: comparison of integer expressions of different signedness: 'int' and 'uint32' {aka 'unsigned int'} [-Wsign-compare]
warning: decoder_fuzz@0.0.0:  1377 |                 if (op_type & JB_PATH_FILL_GAPS && idx > nelems)
warning: decoder_fuzz@0.0.0:       |                                                        ^
warning: decoder_fuzz@0.0.0: csrc/jsonbfam/hashfn.c: In function 'jbfam_uint32_hash':
warning: decoder_fuzz@0.0.0: csrc/jsonbfam/hashfn.c:688:35: warning: unused parameter 'keysize' [-Wunused-parameter]
warning: decoder_fuzz@0.0.0:   688 | uint32_hash(const void *key, Size keysize)
warning: decoder_fuzz@0.0.0:       |                              ~~~~~^~~~~~~
warning: decoder_fuzz@0.0.0: csrc/numericfam/pg_numeric_oracle.c:14:69: warning: "/*" within comment [-Wcomment]
warning: decoder_fuzz@0.0.0:    14 |  *   - vendor/postgres.h + vendor/{common,lib,libpq,nodes,utils,...}/*.h:
warning: decoder_fuzz@0.0.0: In file included from csrc/numericfam/pg_numeric_oracle.c:53:
warning: decoder_fuzz@0.0.0: csrc/numericfam/pg_numeric_oracle.c: In function 'nfz_getmsgbytes':
warning: decoder_fuzz@0.0.0: csrc/numericfam/pg_numeric_oracle.c:267:69: warning: right-hand operand of comma expression has no effect [-Wunused-value]
warning: decoder_fuzz@0.0.0:   267 |                                 (errcode(ERRCODE_PROTOCOL_VIOLATION),
warning: decoder_fuzz@0.0.0:       |                                 ~~~~~~~~~~~~~~~~~~~~~~~~~~~~~~~~~~~~^
warning: decoder_fuzz@0.0.0:   268 |                                  errmsg("insufficient data left in message")));
warning: decoder_fuzz@0.0.0:       |                                  ~~~~~~~~~~~~~~~~~~~~~~~~~~~~~~~~~~~~~~~~~~~~
warning: decoder_fuzz@0.0.0: csrc/numericfam/vendor/postgres.h:271:14: note: in definition of macro 'ereport'
warning: decoder_fuzz@0.0.0:   271 |         do { __VA_ARGS__; if ((level) >= ERROR) nfz_raise(); } while (0)
warning: decoder_fuzz@0.0.0:       |              ^~~~~~~~~~~
warning: decoder_fuzz@0.0.0: csrc/numericfam/pg_numeric_oracle.c: In function 'nv_pq_getmsgend':
warning: decoder_fuzz@0.0.0: csrc/numericfam/pg_numeric_oracle.c:320:69: warning: right-hand operand of comma expression has no effect [-Wunused-value]
warning: decoder_fuzz@0.0.0:   320 |                                 (errcode(ERRCODE_PROTOCOL_VIOLATION),
warning: decoder_fuzz@0.0.0:       |                                 ~~~~~~~~~~~~~~~~~~~~~~~~~~~~~~~~~~~~^
warning: decoder_fuzz@0.0.0:   321 |                                  errmsg("invalid message format")));
warning: decoder_fuzz@0.0.0:       |                                  ~~~~~~~~~~~~~~~~~~~~~~~~~~~~~~~~~
warning: decoder_fuzz@0.0.0: csrc/numericfam/vendor/postgres.h:271:14: note: in definition of macro 'ereport'
warning: decoder_fuzz@0.0.0:   271 |         do { __VA_ARGS__; if ((level) >= ERROR) nfz_raise(); } while (0)
warning: decoder_fuzz@0.0.0:       |              ^~~~~~~~~~~
warning: decoder_fuzz@0.0.0: csrc/numericfam/pg_numeric_oracle.c: In function 'nfz_float_err_translate':
warning: decoder_fuzz@0.0.0: csrc/numericfam/pg_numeric_oracle.c:415:76: warning: right-hand operand of comma expression has no effect [-Wunused-value]
warning: decoder_fuzz@0.0.0:   415 |                 ereport(ERROR, (errcode(ERRCODE_NUMERIC_VALUE_OUT_OF_RANGE), errmsg("")));
warning: decoder_fuzz@0.0.0:       |                                ~~~~~~~~~~~~~~~~~~~~~~~~~~~~~~~~~~~~~~~~~~~~^~~~~~~~~~~~~
warning: decoder_fuzz@0.0.0: csrc/numericfam/vendor/postgres.h:271:14: note: in definition of macro 'ereport'
warning: decoder_fuzz@0.0.0:   271 |         do { __VA_ARGS__; if ((level) >= ERROR) nfz_raise(); } while (0)
warning: decoder_fuzz@0.0.0:       |              ^~~~~~~~~~~
warning: decoder_fuzz@0.0.0: csrc/numericfam/pg_numeric_oracle.c:416:69: warning: right-hand operand of comma expression has no effect [-Wunused-value]
warning: decoder_fuzz@0.0.0:   416 |         ereport(ERROR, (errcode(ERRCODE_INVALID_TEXT_REPRESENTATION), errmsg("")));
warning: decoder_fuzz@0.0.0:       |                        ~~~~~~~~~~~~~~~~~~~~~~~~~~~~~~~~~~~~~~~~~~~~~^~~~~~~~~~~~~
warning: decoder_fuzz@0.0.0: csrc/numericfam/vendor/postgres.h:271:14: note: in definition of macro 'ereport'
warning: decoder_fuzz@0.0.0:   271 |         do { __VA_ARGS__; if ((level) >= ERROR) nfz_raise(); } while (0)
warning: decoder_fuzz@0.0.0:       |              ^~~~~~~~~~~
warning: decoder_fuzz@0.0.0: csrc/numericfam/vendor/numeric.c: In function 'numeric_in':
warning: decoder_fuzz@0.0.0: csrc/numericfam/vendor/numeric.c:794:85: warning: right-hand operand of comma expression has no effect [-Wunused-value]
warning: decoder_fuzz@0.0.0:   794 |                                         (errcode(ERRCODE_NUMERIC_VALUE_OUT_OF_RANGE),
warning: decoder_fuzz@0.0.0:       |                                         ~~~~~~~~~~~~~~~~~~~~~~~~~~~~~~~~~~~~~~~~~~~~^
warning: decoder_fuzz@0.0.0:   795 |                                          errmsg("value overflows numeric format")));
warning: decoder_fuzz@0.0.0:       |                                          ~~~~~~~~~~~~~~~~~~~~~~~~~~~~~~~~~~~~~~~~~
warning: decoder_fuzz@0.0.0: csrc/numericfam/vendor/postgres.h:271:14: note: in definition of macro 'ereport'
warning: decoder_fuzz@0.0.0:   271 |         do { __VA_ARGS__; if ((level) >= ERROR) nfz_raise(); } while (0)
warning: decoder_fuzz@0.0.0:       |              ^~~~~~~~~~~
warning: decoder_fuzz@0.0.0: csrc/numericfam/vendor/numeric.c:793:25: note: in expansion of macro 'ereturn'
warning: decoder_fuzz@0.0.0:   793 |                         ereturn(escontext, (Datum) 0,
warning: decoder_fuzz@0.0.0:       |                         ^~~~~~~
warning: decoder_fuzz@0.0.0: csrc/numericfam/vendor/numeric.c:804:70: warning: right-hand operand of comma expression has no effect [-Wunused-value]
warning: decoder_fuzz@0.0.0:   804 |                         (errcode(ERRCODE_INVALID_TEXT_REPRESENTATION),
warning: decoder_fuzz@0.0.0:       |                         ~~~~~~~~~~~~~~~~~~~~~~~~~~~~~~~~~~~~~~~~~~~~~^
warning: decoder_fuzz@0.0.0:   805 |                          errmsg("invalid input syntax for type %s: \"%s\"",
warning: decoder_fuzz@0.0.0:       |                          ~~~~~~~~~~~~~~~~~~~~~~~~~~~~~~~~~~~~~~~~~~~~~~~~~~
warning: decoder_fuzz@0.0.0:   806 |                                         "numeric", str)));
warning: decoder_fuzz@0.0.0:       |                                         ~~~~~~~~~~~~~~~~
warning: decoder_fuzz@0.0.0: csrc/numericfam/vendor/postgres.h:271:14: note: in definition of macro 'ereport'
warning: decoder_fuzz@0.0.0:   271 |         do { __VA_ARGS__; if ((level) >= ERROR) nfz_raise(); } while (0)
warning: decoder_fuzz@0.0.0:       |              ^~~~~~~~~~~
warning: decoder_fuzz@0.0.0: csrc/numericfam/vendor/numeric.c:803:9: note: in expansion of macro 'ereturn'
warning: decoder_fuzz@0.0.0:   803 |         ereturn(escontext, (Datum) 0,
warning: decoder_fuzz@0.0.0:       |         ^~~~~~~
warning: decoder_fuzz@0.0.0: csrc/numericfam/vendor/numeric.c: In function 'numeric_recv':
warning: decoder_fuzz@0.0.0: csrc/numericfam/vendor/numeric.c:1107:80: warning: right-hand operand of comma expression has no effect [-Wunused-value]
warning: decoder_fuzz@0.0.0:  1107 |                                 (errcode(ERRCODE_INVALID_BINARY_REPRESENTATION),
warning: decoder_fuzz@0.0.0:       |                                 ~~~~~~~~~~~~~~~~~~~~~~~~~~~~~~~~~~~~~~~~~~~~~~~^
warning: decoder_fuzz@0.0.0:  1108 |                                  errmsg("invalid sign in external \"numeric\" value")));
warning: decoder_fuzz@0.0.0:       |                                  ~~~~~~~~~~~~~~~~~~~~~~~~~~~~~~~~~~~~~~~~~~~~~~~~~~~~~
warning: decoder_fuzz@0.0.0: csrc/numericfam/vendor/postgres.h:271:14: note: in definition of macro 'ereport'
warning: decoder_fuzz@0.0.0:   271 |         do { __VA_ARGS__; if ((level) >= ERROR) nfz_raise(); } while (0)
warning: decoder_fuzz@0.0.0:       |              ^~~~~~~~~~~
warning: decoder_fuzz@0.0.0: csrc/numericfam/vendor/numeric.c:1113:80: warning: right-hand operand of comma expression has no effect [-Wunused-value]
warning: decoder_fuzz@0.0.0:  1113 |                                 (errcode(ERRCODE_INVALID_BINARY_REPRESENTATION),
warning: decoder_fuzz@0.0.0:       |                                 ~~~~~~~~~~~~~~~~~~~~~~~~~~~~~~~~~~~~~~~~~~~~~~~^
warning: decoder_fuzz@0.0.0:  1114 |                                  errmsg("invalid scale in external \"numeric\" value")));
warning: decoder_fuzz@0.0.0:       |                                  ~~~~~~~~~~~~~~~~~~~~~~~~~~~~~~~~~~~~~~~~~~~~~~~~~~~~~~
warning: decoder_fuzz@0.0.0: csrc/numericfam/vendor/postgres.h:271:14: note: in definition of macro 'ereport'
warning: decoder_fuzz@0.0.0:   271 |         do { __VA_ARGS__; if ((level) >= ERROR) nfz_raise(); } while (0)
warning: decoder_fuzz@0.0.0:       |              ^~~~~~~~~~~
warning: decoder_fuzz@0.0.0: csrc/numericfam/vendor/numeric.c:1122:88: warning: right-hand operand of comma expression has no effect [-Wunused-value]
warning: decoder_fuzz@0.0.0:  1122 |                                         (errcode(ERRCODE_INVALID_BINARY_REPRESENTATION),
warning: decoder_fuzz@0.0.0:       |                                         ~~~~~~~~~~~~~~~~~~~~~~~~~~~~~~~~~~~~~~~~~~~~~~~^
warning: decoder_fuzz@0.0.0:  1123 |                                          errmsg("invalid digit in external \"numeric\" value")));
warning: decoder_fuzz@0.0.0:       |                                          ~~~~~~~~~~~~~~~~~~~~~~~~~~~~~~~~~~~~~~~~~~~~~~~~~~~~~~
warning: decoder_fuzz@0.0.0: csrc/numericfam/vendor/postgres.h:271:14: note: in definition of macro 'ereport'
warning: decoder_fuzz@0.0.0:   271 |         do { __VA_ARGS__; if ((level) >= ERROR) nfz_raise(); } while (0)
warning: decoder_fuzz@0.0.0:       |              ^~~~~~~~~~~
warning: decoder_fuzz@0.0.0: csrc/numericfam/vendor/numeric.c: In function 'numerictypmodin':
warning: decoder_fuzz@0.0.0: csrc/numericfam/vendor/numeric.c:1337:82: warning: right-hand operand of comma expression has no effect [-Wunused-value]
warning: decoder_fuzz@0.0.0:  1337 |                                         (errcode(ERRCODE_INVALID_PARAMETER_VALUE),
warning: decoder_fuzz@0.0.0:       |                                         ~~~~~~~~~~~~~~~~~~~~~~~~~~~~~~~~~~~~~~~~~^
warning: decoder_fuzz@0.0.0:  1338 |                                          errmsg("NUMERIC precision %d must be between 1 and %d",
warning: decoder_fuzz@0.0.0:       |                                          ~~~~~~~~~~~~~~~~~~~~~~~~~~~~~~~~~~~~~~~~~~~~~~~~~~~~~~~
warning: decoder_fuzz@0.0.0:  1339 |                                                         tl[0], NUMERIC_MAX_PRECISION)));
warning: decoder_fuzz@0.0.0:       |                                                         ~~~~~~~~~~~~~~~~~~~~~~~~~~~~~~
warning: decoder_fuzz@0.0.0: csrc/numericfam/vendor/postgres.h:271:14: note: in definition of macro 'ereport'
warning: decoder_fuzz@0.0.0:   271 |         do { __VA_ARGS__; if ((level) >= ERROR) nfz_raise(); } while (0)
warning: decoder_fuzz@0.0.0:       |              ^~~~~~~~~~~
warning: decoder_fuzz@0.0.0: csrc/numericfam/vendor/numeric.c:1342:82: warning: right-hand operand of comma expression has no effect [-Wunused-value]
warning: decoder_fuzz@0.0.0:  1342 |                                         (errcode(ERRCODE_INVALID_PARAMETER_VALUE),
warning: decoder_fuzz@0.0.0:       |                                         ~~~~~~~~~~~~~~~~~~~~~~~~~~~~~~~~~~~~~~~~~^
warning: decoder_fuzz@0.0.0:  1343 |                                          errmsg("NUMERIC scale %d must be between %d and %d",
warning: decoder_fuzz@0.0.0:       |                                          ~~~~~~~~~~~~~~~~~~~~~~~~~~~~~~~~~~~~~~~~~~~~~~~~~~~~
warning: decoder_fuzz@0.0.0:  1344 |                                                         tl[1], NUMERIC_MIN_SCALE, NUMERIC_MAX_SCALE)));
warning: decoder_fuzz@0.0.0:       |                                                         ~~~~~~~~~~~~~~~~~~~~~~~~~~~~~~~~~~~~~~~~~~~~~
warning: decoder_fuzz@0.0.0: csrc/numericfam/vendor/postgres.h:271:14: note: in definition of macro 'ereport'
warning: decoder_fuzz@0.0.0:   271 |         do { __VA_ARGS__; if ((level) >= ERROR) nfz_raise(); } while (0)
warning: decoder_fuzz@0.0.0:       |              ^~~~~~~~~~~
warning: decoder_fuzz@0.0.0: csrc/numericfam/vendor/numeric.c:1351:82: warning: right-hand operand of comma expression has no effect [-Wunused-value]
warning: decoder_fuzz@0.0.0:  1351 |                                         (errcode(ERRCODE_INVALID_PARAMETER_VALUE),
warning: decoder_fuzz@0.0.0:       |                                         ~~~~~~~~~~~~~~~~~~~~~~~~~~~~~~~~~~~~~~~~~^
warning: decoder_fuzz@0.0.0:  1352 |                                          errmsg("NUMERIC precision %d must be between 1 and %d",
warning: decoder_fuzz@0.0.0:       |                                          ~~~~~~~~~~~~~~~~~~~~~~~~~~~~~~~~~~~~~~~~~~~~~~~~~~~~~~~
warning: decoder_fuzz@0.0.0:  1353 |                                                         tl[0], NUMERIC_MAX_PRECISION)));
warning: decoder_fuzz@0.0.0:       |                                                         ~~~~~~~~~~~~~~~~~~~~~~~~~~~~~~
warning: decoder_fuzz@0.0.0: csrc/numericfam/vendor/postgres.h:271:14: note: in definition of macro 'ereport'
warning: decoder_fuzz@0.0.0:   271 |         do { __VA_ARGS__; if ((level) >= ERROR) nfz_raise(); } while (0)
warning: decoder_fuzz@0.0.0:       |              ^~~~~~~~~~~
warning: decoder_fuzz@0.0.0: csrc/numericfam/vendor/numeric.c:1360:74: warning: right-hand operand of comma expression has no effect [-Wunused-value]
warning: decoder_fuzz@0.0.0:  1360 |                                 (errcode(ERRCODE_INVALID_PARAMETER_VALUE),
warning: decoder_fuzz@0.0.0:       |                                 ~~~~~~~~~~~~~~~~~~~~~~~~~~~~~~~~~~~~~~~~~^
warning: decoder_fuzz@0.0.0:  1361 |                                  errmsg("invalid NUMERIC type modifier")));
warning: decoder_fuzz@0.0.0:       |                                  ~~~~~~~~~~~~~~~~~~~~~~~~~~~~~~~~~~~~~~~~
warning: decoder_fuzz@0.0.0: csrc/numericfam/vendor/postgres.h:271:14: note: in definition of macro 'ereport'
warning: decoder_fuzz@0.0.0:   271 |         do { __VA_ARGS__; if ((level) >= ERROR) nfz_raise(); } while (0)
warning: decoder_fuzz@0.0.0:       |              ^~~~~~~~~~~
warning: decoder_fuzz@0.0.0: csrc/numericfam/vendor/numeric.c: In function 'generate_series_step_numeric':
warning: decoder_fuzz@0.0.0: csrc/numericfam/vendor/numeric.c:1726:90: warning: right-hand operand of comma expression has no effect [-Wunused-value]
warning: decoder_fuzz@0.0.0:  1726 |                                                 (errcode(ERRCODE_INVALID_PARAMETER_VALUE),
warning: decoder_fuzz@0.0.0:       |                                                 ~~~~~~~~~~~~~~~~~~~~~~~~~~~~~~~~~~~~~~~~~^
warning: decoder_fuzz@0.0.0:  1727 |                                                  errmsg("start value cannot be NaN")));
warning: decoder_fuzz@0.0.0:       |                                                  ~~~~~~~~~~~~~~~~~~~~~~~~~~~~~~~~~~~~
warning: decoder_fuzz@0.0.0: csrc/numericfam/vendor/postgres.h:271:14: note: in definition of macro 'ereport'
warning: decoder_fuzz@0.0.0:   271 |         do { __VA_ARGS__; if ((level) >= ERROR) nfz_raise(); } while (0)
warning: decoder_fuzz@0.0.0:       |              ^~~~~~~~~~~
warning: decoder_fuzz@0.0.0: csrc/numericfam/vendor/numeric.c:1730:90: warning: right-hand operand of comma expression has no effect [-Wunused-value]
warning: decoder_fuzz@0.0.0:  1730 |                                                 (errcode(ERRCODE_INVALID_PARAMETER_VALUE),
warning: decoder_fuzz@0.0.0:       |                                                 ~~~~~~~~~~~~~~~~~~~~~~~~~~~~~~~~~~~~~~~~~^
warning: decoder_fuzz@0.0.0:  1731 |                                                  errmsg("start value cannot be infinity")));
warning: decoder_fuzz@0.0.0:       |                                                  ~~~~~~~~~~~~~~~~~~~~~~~~~~~~~~~~~~~~~~~~~
warning: decoder_fuzz@0.0.0: csrc/numericfam/vendor/postgres.h:271:14: note: in definition of macro 'ereport'
warning: decoder_fuzz@0.0.0:   271 |         do { __VA_ARGS__; if ((level) >= ERROR) nfz_raise(); } while (0)
warning: decoder_fuzz@0.0.0:       |              ^~~~~~~~~~~
warning: decoder_fuzz@0.0.0: csrc/numericfam/vendor/numeric.c:1737:90: warning: right-hand operand of comma expression has no effect [-Wunused-value]
warning: decoder_fuzz@0.0.0:  1737 |                                                 (errcode(ERRCODE_INVALID_PARAMETER_VALUE),
warning: decoder_fuzz@0.0.0:       |                                                 ~~~~~~~~~~~~~~~~~~~~~~~~~~~~~~~~~~~~~~~~~^
warning: decoder_fuzz@0.0.0:  1738 |                                                  errmsg("stop value cannot be NaN")));
warning: decoder_fuzz@0.0.0:       |                                                  ~~~~~~~~~~~~~~~~~~~~~~~~~~~~~~~~~~~
warning: decoder_fuzz@0.0.0: csrc/numericfam/vendor/postgres.h:271:14: note: in definition of macro 'ereport'
warning: decoder_fuzz@0.0.0:   271 |         do { __VA_ARGS__; if ((level) >= ERROR) nfz_raise(); } while (0)
warning: decoder_fuzz@0.0.0:       |              ^~~~~~~~~~~
warning: decoder_fuzz@0.0.0: csrc/numericfam/vendor/numeric.c:1741:90: warning: right-hand operand of comma expression has no effect [-Wunused-value]
warning: decoder_fuzz@0.0.0:  1741 |                                                 (errcode(ERRCODE_INVALID_PARAMETER_VALUE),
warning: decoder_fuzz@0.0.0:       |                                                 ~~~~~~~~~~~~~~~~~~~~~~~~~~~~~~~~~~~~~~~~~^
warning: decoder_fuzz@0.0.0:  1742 |                                                  errmsg("stop value cannot be infinity")));
warning: decoder_fuzz@0.0.0:       |                                                  ~~~~~~~~~~~~~~~~~~~~~~~~~~~~~~~~~~~~~~~~
warning: decoder_fuzz@0.0.0: csrc/numericfam/vendor/postgres.h:271:14: note: in definition of macro 'ereport'
warning: decoder_fuzz@0.0.0:   271 |         do { __VA_ARGS__; if ((level) >= ERROR) nfz_raise(); } while (0)
warning: decoder_fuzz@0.0.0:       |              ^~~~~~~~~~~
warning: decoder_fuzz@0.0.0: csrc/numericfam/vendor/numeric.c:1754:98: warning: right-hand operand of comma expression has no effect [-Wunused-value]
warning: decoder_fuzz@0.0.0:  1754 |                                                         (errcode(ERRCODE_INVALID_PARAMETER_VALUE),
warning: decoder_fuzz@0.0.0:       |                                                         ~~~~~~~~~~~~~~~~~~~~~~~~~~~~~~~~~~~~~~~~~^
warning: decoder_fuzz@0.0.0:  1755 |                                                          errmsg("step size cannot be NaN")));
warning: decoder_fuzz@0.0.0:       |                                                          ~~~~~~~~~~~~~~~~~~~~~~~~~~~~~~~~~~
warning: decoder_fuzz@0.0.0: csrc/numericfam/vendor/postgres.h:271:14: note: in definition of macro 'ereport'
warning: decoder_fuzz@0.0.0:   271 |         do { __VA_ARGS__; if ((level) >= ERROR) nfz_raise(); } while (0)
warning: decoder_fuzz@0.0.0:       |              ^~~~~~~~~~~
warning: decoder_fuzz@0.0.0: csrc/numericfam/vendor/numeric.c:1758:98: warning: right-hand operand of comma expression has no effect [-Wunused-value]
warning: decoder_fuzz@0.0.0:  1758 |                                                         (errcode(ERRCODE_INVALID_PARAMETER_VALUE),
warning: decoder_fuzz@0.0.0:       |                                                         ~~~~~~~~~~~~~~~~~~~~~~~~~~~~~~~~~~~~~~~~~^
warning: decoder_fuzz@0.0.0:  1759 |                                                          errmsg("step size cannot be infinity")));
warning: decoder_fuzz@0.0.0:       |                                                          ~~~~~~~~~~~~~~~~~~~~~~~~~~~~~~~~~~~~~~~
warning: decoder_fuzz@0.0.0: csrc/numericfam/vendor/postgres.h:271:14: note: in definition of macro 'ereport'
warning: decoder_fuzz@0.0.0:   271 |         do { __VA_ARGS__; if ((level) >= ERROR) nfz_raise(); } while (0)
warning: decoder_fuzz@0.0.0:       |              ^~~~~~~~~~~
warning: decoder_fuzz@0.0.0: csrc/numericfam/vendor/numeric.c:1766:90: warning: right-hand operand of comma expression has no effect [-Wunused-value]
warning: decoder_fuzz@0.0.0:  1766 |                                                 (errcode(ERRCODE_INVALID_PARAMETER_VALUE),
warning: decoder_fuzz@0.0.0:       |                                                 ~~~~~~~~~~~~~~~~~~~~~~~~~~~~~~~~~~~~~~~~~^
warning: decoder_fuzz@0.0.0:  1767 |                                                  errmsg("step size cannot equal zero")));
warning: decoder_fuzz@0.0.0:       |                                                  ~~~~~~~~~~~~~~~~~~~~~~~~~~~~~~~~~~~~~~
warning: decoder_fuzz@0.0.0: csrc/numericfam/vendor/postgres.h:271:14: note: in definition of macro 'ereport'
warning: decoder_fuzz@0.0.0:   271 |         do { __VA_ARGS__; if ((level) >= ERROR) nfz_raise(); } while (0)
warning: decoder_fuzz@0.0.0:       |              ^~~~~~~~~~~
warning: decoder_fuzz@0.0.0: csrc/numericfam/vendor/numeric.c: In function 'width_bucket_numeric':
warning: decoder_fuzz@0.0.0: csrc/numericfam/vendor/numeric.c:1979:93: warning: right-hand operand of comma expression has no effect [-Wunused-value]
warning: decoder_fuzz@0.0.0:  1979 |                                 (errcode(ERRCODE_INVALID_ARGUMENT_FOR_WIDTH_BUCKET_FUNCTION),
warning: decoder_fuzz@0.0.0:       |                                 ~~~~~~~~~~~~~~~~~~~~~~~~~~~~~~~~~~~~~~~~~~~~~~~~~~~~~~~~~~~~^
warning: decoder_fuzz@0.0.0:  1980 |                                  errmsg("count must be greater than zero")));
warning: decoder_fuzz@0.0.0:       |                                  ~~~~~~~~~~~~~~~~~~~~~~~~~~~~~~~~~~~~~~~~~~
warning: decoder_fuzz@0.0.0: csrc/numericfam/vendor/postgres.h:271:14: note: in definition of macro 'ereport'
warning: decoder_fuzz@0.0.0:   271 |         do { __VA_ARGS__; if ((level) >= ERROR) nfz_raise(); } while (0)
warning: decoder_fuzz@0.0.0:       |              ^~~~~~~~~~~
warning: decoder_fuzz@0.0.0: csrc/numericfam/vendor/numeric.c:1990:101: warning: right-hand operand of comma expression has no effect [-Wunused-value]
warning: decoder_fuzz@0.0.0:  1990 |                                         (errcode(ERRCODE_INVALID_ARGUMENT_FOR_WIDTH_BUCKET_FUNCTION),
warning: decoder_fuzz@0.0.0:       |                                         ~~~~~~~~~~~~~~~~~~~~~~~~~~~~~~~~~~~~~~~~~~~~~~~~~~~~~~~~~~~~^
warning: decoder_fuzz@0.0.0:  1991 |                                          errmsg("operand, lower bound, and upper bound cannot be NaN")));
warning: decoder_fuzz@0.0.0:       |                                          ~~~~~~~~~~~~~~~~~~~~~~~~~~~~~~~~~~~~~~~~~~~~~~~~~~~~~~~~~~~~~~
warning: decoder_fuzz@0.0.0: csrc/numericfam/vendor/postgres.h:271:14: note: in definition of macro 'ereport'
warning: decoder_fuzz@0.0.0:   271 |         do { __VA_ARGS__; if ((level) >= ERROR) nfz_raise(); } while (0)
warning: decoder_fuzz@0.0.0:       |              ^~~~~~~~~~~
warning: decoder_fuzz@0.0.0: csrc/numericfam/vendor/numeric.c:1995:101: warning: right-hand operand of comma expression has no effect [-Wunused-value]
warning: decoder_fuzz@0.0.0:  1995 |                                         (errcode(ERRCODE_INVALID_ARGUMENT_FOR_WIDTH_BUCKET_FUNCTION),
warning: decoder_fuzz@0.0.0:       |                                         ~~~~~~~~~~~~~~~~~~~~~~~~~~~~~~~~~~~~~~~~~~~~~~~~~~~~~~~~~~~~^
warning: decoder_fuzz@0.0.0:  1996 |                                          errmsg("lower and upper bounds must be finite")));
warning: decoder_fuzz@0.0.0:       |                                          ~~~~~~~~~~~~~~~~~~~~~~~~~~~~~~~~~~~~~~~~~~~~~~~~
warning: decoder_fuzz@0.0.0: csrc/numericfam/vendor/postgres.h:271:14: note: in definition of macro 'ereport'
warning: decoder_fuzz@0.0.0:   271 |         do { __VA_ARGS__; if ((level) >= ERROR) nfz_raise(); } while (0)
warning: decoder_fuzz@0.0.0:       |              ^~~~~~~~~~~
warning: decoder_fuzz@0.0.0: csrc/numericfam/vendor/numeric.c:2009:101: warning: right-hand operand of comma expression has no effect [-Wunused-value]
warning: decoder_fuzz@0.0.0:  2009 |                                         (errcode(ERRCODE_INVALID_ARGUMENT_FOR_WIDTH_BUCKET_FUNCTION),
warning: decoder_fuzz@0.0.0:       |                                         ~~~~~~~~~~~~~~~~~~~~~~~~~~~~~~~~~~~~~~~~~~~~~~~~~~~~~~~~~~~~^
warning: decoder_fuzz@0.0.0:  2010 |                                          errmsg("lower bound cannot equal upper bound")));
warning: decoder_fuzz@0.0.0:       |                                          ~~~~~~~~~~~~~~~~~~~~~~~~~~~~~~~~~~~~~~~~~~~~~~~
warning: decoder_fuzz@0.0.0: csrc/numericfam/vendor/postgres.h:271:14: note: in definition of macro 'ereport'
warning: decoder_fuzz@0.0.0:   271 |         do { __VA_ARGS__; if ((level) >= ERROR) nfz_raise(); } while (0)
warning: decoder_fuzz@0.0.0:       |              ^~~~~~~~~~~
warning: decoder_fuzz@0.0.0: csrc/numericfam/vendor/numeric.c:2039:77: warning: right-hand operand of comma expression has no effect [-Wunused-value]
warning: decoder_fuzz@0.0.0:  2039 |                                 (errcode(ERRCODE_NUMERIC_VALUE_OUT_OF_RANGE),
warning: decoder_fuzz@0.0.0:       |                                 ~~~~~~~~~~~~~~~~~~~~~~~~~~~~~~~~~~~~~~~~~~~~^
warning: decoder_fuzz@0.0.0:  2040 |                                  errmsg("integer out of range")));
warning: decoder_fuzz@0.0.0:       |                                  ~~~~~~~~~~~~~~~~~~~~~~~~~~~~~~~
warning: decoder_fuzz@0.0.0: csrc/numericfam/vendor/postgres.h:271:14: note: in definition of macro 'ereport'
warning: decoder_fuzz@0.0.0:   271 |         do { __VA_ARGS__; if ((level) >= ERROR) nfz_raise(); } while (0)
warning: decoder_fuzz@0.0.0:       |              ^~~~~~~~~~~
warning: decoder_fuzz@0.0.0: csrc/numericfam/vendor/numeric.c: In function 'in_range_numeric_numeric':
warning: decoder_fuzz@0.0.0: csrc/numericfam/vendor/numeric.c:2698:86: warning: right-hand operand of comma expression has no effect [-Wunused-value]
warning: decoder_fuzz@0.0.0:  2698 |                                 (errcode(ERRCODE_INVALID_PRECEDING_OR_FOLLOWING_SIZE),
warning: decoder_fuzz@0.0.0:       |                                 ~~~~~~~~~~~~~~~~~~~~~~~~~~~~~~~~~~~~~~~~~~~~~~~~~~~~~^
warning: decoder_fuzz@0.0.0:  2699 |                                  errmsg("invalid preceding or following size in window function")));
warning: decoder_fuzz@0.0.0:       |                                  ~~~~~~~~~~~~~~~~~~~~~~~~~~~~~~~~~~~~~~~~~~~~~~~~~~~~~~~~~~~~~~~~~
warning: decoder_fuzz@0.0.0: csrc/numericfam/vendor/postgres.h:271:14: note: in definition of macro 'ereport'
warning: decoder_fuzz@0.0.0:   271 |         do { __VA_ARGS__; if ((level) >= ERROR) nfz_raise(); } while (0)
warning: decoder_fuzz@0.0.0:       |              ^~~~~~~~~~~
warning: decoder_fuzz@0.0.0: In file included from csrc/numericfam/pg_numeric_oracle.c:573:
warning: decoder_fuzz@0.0.0: csrc/numericfam/vendor/numeric.c: In function 'hash_numeric':
warning: decoder_fuzz@0.0.0: csrc/numericfam/vendor/numeric.c:2843:23: warning: comparison of integer expressions of different signedness: 'int' and 'long unsigned int' [-Wsign-compare]
warning: decoder_fuzz@0.0.0:  2843 |         for (i = 0; i < NUMERIC_NDIGITS(key); i++)
warning: decoder_fuzz@0.0.0:       |                       ^
warning: decoder_fuzz@0.0.0: csrc/numericfam/vendor/numeric.c:2861:34: warning: comparison of integer expressions of different signedness: 'long unsigned int' and 'int' [-Wsign-compare]
warning: decoder_fuzz@0.0.0:  2861 |         if (NUMERIC_NDIGITS(key) == start_offset)
warning: decoder_fuzz@0.0.0:       |                                  ^~
warning: decoder_fuzz@0.0.0: csrc/numericfam/vendor/numeric.c: In function 'hash_numeric_extended':
warning: decoder_fuzz@0.0.0: csrc/numericfam/vendor/numeric.c:2918:23: warning: comparison of integer expressions of different signedness: 'int' and 'long unsigned int' [-Wsign-compare]
warning: decoder_fuzz@0.0.0:  2918 |         for (i = 0; i < NUMERIC_NDIGITS(key); i++)
warning: decoder_fuzz@0.0.0:       |                       ^
warning: decoder_fuzz@0.0.0: csrc/numericfam/vendor/numeric.c:2928:34: warning: comparison of integer expressions of different signedness: 'long unsigned int' and 'int' [-Wsign-compare]
warning: decoder_fuzz@0.0.0:  2928 |         if (NUMERIC_NDIGITS(key) == start_offset)
warning: decoder_fuzz@0.0.0:       |                                  ^~
warning: decoder_fuzz@0.0.0: csrc/numericfam/vendor/numeric.c: In function 'numeric_div_opt_error':
warning: decoder_fuzz@0.0.0: csrc/numericfam/vendor/numeric.c:3294:91: warning: right-hand operand of comma expression has no effect [-Wunused-value]
warning: decoder_fuzz@0.0.0:  3294 |                                                         (errcode(ERRCODE_DIVISION_BY_ZERO),
warning: decoder_fuzz@0.0.0:       |                                                         ~~~~~~~~~~~~~~~~~~~~~~~~~~~~~~~~~~^
warning: decoder_fuzz@0.0.0:  3295 |                                                          errmsg("division by zero")));
warning: decoder_fuzz@0.0.0:       |                                                          ~~~~~~~~~~~~~~~~~~~~~~~~~~~
warning: decoder_fuzz@0.0.0: csrc/numericfam/vendor/postgres.h:271:14: note: in definition of macro 'ereport'
warning: decoder_fuzz@0.0.0:   271 |         do { __VA_ARGS__; if ((level) >= ERROR) nfz_raise(); } while (0)
warning: decoder_fuzz@0.0.0:       |              ^~~~~~~~~~~
warning: decoder_fuzz@0.0.0: csrc/numericfam/vendor/numeric.c:3317:91: warning: right-hand operand of comma expression has no effect [-Wunused-value]
warning: decoder_fuzz@0.0.0:  3317 |                                                         (errcode(ERRCODE_DIVISION_BY_ZERO),
warning: decoder_fuzz@0.0.0:       |                                                         ~~~~~~~~~~~~~~~~~~~~~~~~~~~~~~~~~~^
warning: decoder_fuzz@0.0.0:  3318 |                                                          errmsg("division by zero")));
warning: decoder_fuzz@0.0.0:       |                                                          ~~~~~~~~~~~~~~~~~~~~~~~~~~~
warning: decoder_fuzz@0.0.0: csrc/numericfam/vendor/postgres.h:271:14: note: in definition of macro 'ereport'
warning: decoder_fuzz@0.0.0:   271 |         do { __VA_ARGS__; if ((level) >= ERROR) nfz_raise(); } while (0)
warning: decoder_fuzz@0.0.0:       |              ^~~~~~~~~~~
warning: decoder_fuzz@0.0.0: csrc/numericfam/vendor/numeric.c: In function 'numeric_div_trunc':
warning: decoder_fuzz@0.0.0: csrc/numericfam/vendor/numeric.c:3402:91: warning: right-hand operand of comma expression has no effect [-Wunused-value]
warning: decoder_fuzz@0.0.0:  3402 |                                                         (errcode(ERRCODE_DIVISION_BY_ZERO),
warning: decoder_fuzz@0.0.0:       |                                                         ~~~~~~~~~~~~~~~~~~~~~~~~~~~~~~~~~~^
warning: decoder_fuzz@0.0.0:  3403 |                                                          errmsg("division by zero")));
warning: decoder_fuzz@0.0.0:       |                                                          ~~~~~~~~~~~~~~~~~~~~~~~~~~~
warning: decoder_fuzz@0.0.0: csrc/numericfam/vendor/postgres.h:271:14: note: in definition of macro 'ereport'
warning: decoder_fuzz@0.0.0:   271 |         do { __VA_ARGS__; if ((level) >= ERROR) nfz_raise(); } while (0)
warning: decoder_fuzz@0.0.0:       |              ^~~~~~~~~~~
warning: decoder_fuzz@0.0.0: csrc/numericfam/vendor/numeric.c:3420:91: warning: right-hand operand of comma expression has no effect [-Wunused-value]
warning: decoder_fuzz@0.0.0:  3420 |                                                         (errcode(ERRCODE_DIVISION_BY_ZERO),
warning: decoder_fuzz@0.0.0:       |                                                         ~~~~~~~~~~~~~~~~~~~~~~~~~~~~~~~~~~^
warning: decoder_fuzz@0.0.0:  3421 |                                                          errmsg("division by zero")));
warning: decoder_fuzz@0.0.0:       |                                                          ~~~~~~~~~~~~~~~~~~~~~~~~~~~
warning: decoder_fuzz@0.0.0: csrc/numericfam/vendor/postgres.h:271:14: note: in definition of macro 'ereport'
warning: decoder_fuzz@0.0.0:   271 |         do { __VA_ARGS__; if ((level) >= ERROR) nfz_raise(); } while (0)
warning: decoder_fuzz@0.0.0:       |              ^~~~~~~~~~~
warning: decoder_fuzz@0.0.0: csrc/numericfam/vendor/numeric.c: In function 'numeric_mod_opt_error':
warning: decoder_fuzz@0.0.0: csrc/numericfam/vendor/numeric.c:3516:83: warning: right-hand operand of comma expression has no effect [-Wunused-value]
warning: decoder_fuzz@0.0.0:  3516 |                                                 (errcode(ERRCODE_DIVISION_BY_ZERO),
warning: decoder_fuzz@0.0.0:       |                                                 ~~~~~~~~~~~~~~~~~~~~~~~~~~~~~~~~~~^
warning: decoder_fuzz@0.0.0:  3517 |                                                  errmsg("division by zero")));
warning: decoder_fuzz@0.0.0:       |                                                  ~~~~~~~~~~~~~~~~~~~~~~~~~~~
warning: decoder_fuzz@0.0.0: csrc/numericfam/vendor/postgres.h:271:14: note: in definition of macro 'ereport'
warning: decoder_fuzz@0.0.0:   271 |         do { __VA_ARGS__; if ((level) >= ERROR) nfz_raise(); } while (0)
warning: decoder_fuzz@0.0.0:       |              ^~~~~~~~~~~
warning: decoder_fuzz@0.0.0: csrc/numericfam/vendor/numeric.c: In function 'numeric_fac':
warning: decoder_fuzz@0.0.0: csrc/numericfam/vendor/numeric.c:3752:77: warning: right-hand operand of comma expression has no effect [-Wunused-value]
warning: decoder_fuzz@0.0.0:  3752 |                                 (errcode(ERRCODE_NUMERIC_VALUE_OUT_OF_RANGE),
warning: decoder_fuzz@0.0.0:       |                                 ~~~~~~~~~~~~~~~~~~~~~~~~~~~~~~~~~~~~~~~~~~~~^
warning: decoder_fuzz@0.0.0:  3753 |                                  errmsg("factorial of a negative number is undefined")));
warning: decoder_fuzz@0.0.0:       |                                  ~~~~~~~~~~~~~~~~~~~~~~~~~~~~~~~~~~~~~~~~~~~~~~~~~~~~~~
warning: decoder_fuzz@0.0.0: csrc/numericfam/vendor/postgres.h:271:14: note: in definition of macro 'ereport'
warning: decoder_fuzz@0.0.0:   271 |         do { __VA_ARGS__; if ((level) >= ERROR) nfz_raise(); } while (0)
warning: decoder_fuzz@0.0.0:       |              ^~~~~~~~~~~
warning: decoder_fuzz@0.0.0: csrc/numericfam/vendor/numeric.c:3762:77: warning: right-hand operand of comma expression has no effect [-Wunused-value]
warning: decoder_fuzz@0.0.0:  3762 |                                 (errcode(ERRCODE_NUMERIC_VALUE_OUT_OF_RANGE),
warning: decoder_fuzz@0.0.0:       |                                 ~~~~~~~~~~~~~~~~~~~~~~~~~~~~~~~~~~~~~~~~~~~~^
warning: decoder_fuzz@0.0.0:  3763 |                                  errmsg("value overflows numeric format")));
warning: decoder_fuzz@0.0.0:       |                                  ~~~~~~~~~~~~~~~~~~~~~~~~~~~~~~~~~~~~~~~~~
warning: decoder_fuzz@0.0.0: csrc/numericfam/vendor/postgres.h:271:14: note: in definition of macro 'ereport'
warning: decoder_fuzz@0.0.0:   271 |         do { __VA_ARGS__; if ((level) >= ERROR) nfz_raise(); } while (0)
warning: decoder_fuzz@0.0.0:       |              ^~~~~~~~~~~
warning: decoder_fuzz@0.0.0: csrc/numericfam/vendor/numeric.c: In function 'numeric_sqrt':
warning: decoder_fuzz@0.0.0: csrc/numericfam/vendor/numeric.c:3812:94: warning: right-hand operand of comma expression has no effect [-Wunused-value]
warning: decoder_fuzz@0.0.0:  3812 |                                         (errcode(ERRCODE_INVALID_ARGUMENT_FOR_POWER_FUNCTION),
warning: decoder_fuzz@0.0.0:       |                                         ~~~~~~~~~~~~~~~~~~~~~~~~~~~~~~~~~~~~~~~~~~~~~~~~~~~~~^
warning: decoder_fuzz@0.0.0:  3813 |                                          errmsg("cannot take square root of a negative number")));
warning: decoder_fuzz@0.0.0:       |                                          ~~~~~~~~~~~~~~~~~~~~~~~~~~~~~~~~~~~~~~~~~~~~~~~~~~~~~~~
warning: decoder_fuzz@0.0.0: csrc/numericfam/vendor/postgres.h:271:14: note: in definition of macro 'ereport'
warning: decoder_fuzz@0.0.0:   271 |         do { __VA_ARGS__; if ((level) >= ERROR) nfz_raise(); } while (0)
warning: decoder_fuzz@0.0.0:       |              ^~~~~~~~~~~
warning: decoder_fuzz@0.0.0: csrc/numericfam/vendor/numeric.c: In function 'numeric_ln':
warning: decoder_fuzz@0.0.0: csrc/numericfam/vendor/numeric.c:3950:83: warning: right-hand operand of comma expression has no effect [-Wunused-value]
warning: decoder_fuzz@0.0.0:  3950 |                                         (errcode(ERRCODE_INVALID_ARGUMENT_FOR_LOG),
warning: decoder_fuzz@0.0.0:       |                                         ~~~~~~~~~~~~~~~~~~~~~~~~~~~~~~~~~~~~~~~~~~^
warning: decoder_fuzz@0.0.0:  3951 |                                          errmsg("cannot take logarithm of a negative number")));
warning: decoder_fuzz@0.0.0:       |                                          ~~~~~~~~~~~~~~~~~~~~~~~~~~~~~~~~~~~~~~~~~~~~~~~~~~~~~
warning: decoder_fuzz@0.0.0: csrc/numericfam/vendor/postgres.h:271:14: note: in definition of macro 'ereport'
warning: decoder_fuzz@0.0.0:   271 |         do { __VA_ARGS__; if ((level) >= ERROR) nfz_raise(); } while (0)
warning: decoder_fuzz@0.0.0:       |              ^~~~~~~~~~~
warning: decoder_fuzz@0.0.0: csrc/numericfam/vendor/numeric.c: In function 'numeric_log':
warning: decoder_fuzz@0.0.0: csrc/numericfam/vendor/numeric.c:4007:83: warning: right-hand operand of comma expression has no effect [-Wunused-value]
warning: decoder_fuzz@0.0.0:  4007 |                                         (errcode(ERRCODE_INVALID_ARGUMENT_FOR_LOG),
warning: decoder_fuzz@0.0.0:       |                                         ~~~~~~~~~~~~~~~~~~~~~~~~~~~~~~~~~~~~~~~~~~^
warning: decoder_fuzz@0.0.0:  4008 |                                          errmsg("cannot take logarithm of a negative number")));
warning: decoder_fuzz@0.0.0:       |                                          ~~~~~~~~~~~~~~~~~~~~~~~~~~~~~~~~~~~~~~~~~~~~~~~~~~~~~
warning: decoder_fuzz@0.0.0: csrc/numericfam/vendor/postgres.h:271:14: note: in definition of macro 'ereport'
warning: decoder_fuzz@0.0.0:   271 |         do { __VA_ARGS__; if ((level) >= ERROR) nfz_raise(); } while (0)
warning: decoder_fuzz@0.0.0:       |              ^~~~~~~~~~~
warning: decoder_fuzz@0.0.0: csrc/numericfam/vendor/numeric.c:4012:83: warning: right-hand operand of comma expression has no effect [-Wunused-value]
warning: decoder_fuzz@0.0.0:  4012 |                                         (errcode(ERRCODE_INVALID_ARGUMENT_FOR_LOG),
warning: decoder_fuzz@0.0.0:       |                                         ~~~~~~~~~~~~~~~~~~~~~~~~~~~~~~~~~~~~~~~~~~^
warning: decoder_fuzz@0.0.0:  4013 |                                          errmsg("cannot take logarithm of zero")));
warning: decoder_fuzz@0.0.0:       |                                          ~~~~~~~~~~~~~~~~~~~~~~~~~~~~~~~~~~~~~~~~
warning: decoder_fuzz@0.0.0: csrc/numericfam/vendor/postgres.h:271:14: note: in definition of macro 'ereport'
warning: decoder_fuzz@0.0.0:   271 |         do { __VA_ARGS__; if ((level) >= ERROR) nfz_raise(); } while (0)
warning: decoder_fuzz@0.0.0:       |              ^~~~~~~~~~~
warning: decoder_fuzz@0.0.0: csrc/numericfam/vendor/numeric.c: In function 'numeric_power':
warning: decoder_fuzz@0.0.0: csrc/numericfam/vendor/numeric.c:4100:94: warning: right-hand operand of comma expression has no effect [-Wunused-value]
warning: decoder_fuzz@0.0.0:  4100 |                                         (errcode(ERRCODE_INVALID_ARGUMENT_FOR_POWER_FUNCTION),
warning: decoder_fuzz@0.0.0:       |                                         ~~~~~~~~~~~~~~~~~~~~~~~~~~~~~~~~~~~~~~~~~~~~~~~~~~~~~^
warning: decoder_fuzz@0.0.0:  4101 |                                          errmsg("zero raised to a negative power is undefined")));
warning: decoder_fuzz@0.0.0:       |                                          ~~~~~~~~~~~~~~~~~~~~~~~~~~~~~~~~~~~~~~~~~~~~~~~~~~~~~~~
warning: decoder_fuzz@0.0.0: csrc/numericfam/vendor/postgres.h:271:14: note: in definition of macro 'ereport'
warning: decoder_fuzz@0.0.0:   271 |         do { __VA_ARGS__; if ((level) >= ERROR) nfz_raise(); } while (0)
warning: decoder_fuzz@0.0.0:       |              ^~~~~~~~~~~
warning: decoder_fuzz@0.0.0: csrc/numericfam/vendor/numeric.c:4104:94: warning: right-hand operand of comma expression has no effect [-Wunused-value]
warning: decoder_fuzz@0.0.0:  4104 |                                         (errcode(ERRCODE_INVALID_ARGUMENT_FOR_POWER_FUNCTION),
warning: decoder_fuzz@0.0.0:       |                                         ~~~~~~~~~~~~~~~~~~~~~~~~~~~~~~~~~~~~~~~~~~~~~~~~~~~~~^
warning: decoder_fuzz@0.0.0:  4105 |                                          errmsg("a negative number raised to a non-integer power yields a complex result")));
warning: decoder_fuzz@0.0.0:       |                                          ~~~~~~~~~~~~~~~~~~~~~~~~~~~~~~~~~~~~~~~~~~~~~~~~~~~~~~~~~~~~~~~~~~~~~~~~~~~~~~~~~~
warning: decoder_fuzz@0.0.0: csrc/numericfam/vendor/postgres.h:271:14: note: in definition of macro 'ereport'
warning: decoder_fuzz@0.0.0:   271 |         do { __VA_ARGS__; if ((level) >= ERROR) nfz_raise(); } while (0)
warning: decoder_fuzz@0.0.0:       |              ^~~~~~~~~~~
warning: decoder_fuzz@0.0.0: csrc/numericfam/vendor/numeric.c:4212:86: warning: right-hand operand of comma expression has no effect [-Wunused-value]
warning: decoder_fuzz@0.0.0:  4212 |                                 (errcode(ERRCODE_INVALID_ARGUMENT_FOR_POWER_FUNCTION),
warning: decoder_fuzz@0.0.0:       |                                 ~~~~~~~~~~~~~~~~~~~~~~~~~~~~~~~~~~~~~~~~~~~~~~~~~~~~~^
warning: decoder_fuzz@0.0.0:  4213 |                                  errmsg("zero raised to a negative power is undefined")));
warning: decoder_fuzz@0.0.0:       |                                  ~~~~~~~~~~~~~~~~~~~~~~~~~~~~~~~~~~~~~~~~~~~~~~~~~~~~~~~
warning: decoder_fuzz@0.0.0: csrc/numericfam/vendor/postgres.h:271:14: note: in definition of macro 'ereport'
warning: decoder_fuzz@0.0.0:   271 |         do { __VA_ARGS__; if ((level) >= ERROR) nfz_raise(); } while (0)
warning: decoder_fuzz@0.0.0:       |              ^~~~~~~~~~~
warning: decoder_fuzz@0.0.0: csrc/numericfam/vendor/numeric.c: In function 'random_numeric':
warning: decoder_fuzz@0.0.0: csrc/numericfam/vendor/numeric.c:4359:81: warning: right-hand operand of comma expression has no effect [-Wunused-value]
warning: decoder_fuzz@0.0.0:  4359 |                                         errcode(ERRCODE_INVALID_PARAMETER_VALUE),
warning: decoder_fuzz@0.0.0:       |                                                                                 ^
warning: decoder_fuzz@0.0.0: csrc/numericfam/vendor/postgres.h:271:14: note: in definition of macro 'ereport'
warning: decoder_fuzz@0.0.0:   271 |         do { __VA_ARGS__; if ((level) >= ERROR) nfz_raise(); } while (0)
warning: decoder_fuzz@0.0.0:       |              ^~~~~~~~~~~
warning: decoder_fuzz@0.0.0: csrc/numericfam/vendor/numeric.c:4363:81: warning: right-hand operand of comma expression has no effect [-Wunused-value]
warning: decoder_fuzz@0.0.0:  4363 |                                         errcode(ERRCODE_INVALID_PARAMETER_VALUE),
warning: decoder_fuzz@0.0.0:       |                                                                                 ^
warning: decoder_fuzz@0.0.0: csrc/numericfam/vendor/postgres.h:271:14: note: in definition of macro 'ereport'
warning: decoder_fuzz@0.0.0:   271 |         do { __VA_ARGS__; if ((level) >= ERROR) nfz_raise(); } while (0)
warning: decoder_fuzz@0.0.0:       |              ^~~~~~~~~~~
warning: decoder_fuzz@0.0.0: csrc/numericfam/vendor/numeric.c:4370:81: warning: right-hand operand of comma expression has no effect [-Wunused-value]
warning: decoder_fuzz@0.0.0:  4370 |                                         errcode(ERRCODE_INVALID_PARAMETER_VALUE),
warning: decoder_fuzz@0.0.0:       |                                                                                 ^
warning: decoder_fuzz@0.0.0: csrc/numericfam/vendor/postgres.h:271:14: note: in definition of macro 'ereport'
warning: decoder_fuzz@0.0.0:   271 |         do { __VA_ARGS__; if ((level) >= ERROR) nfz_raise(); } while (0)
warning: decoder_fuzz@0.0.0:       |              ^~~~~~~~~~~
warning: decoder_fuzz@0.0.0: csrc/numericfam/vendor/numeric.c:4374:81: warning: right-hand operand of comma expression has no effect [-Wunused-value]
warning: decoder_fuzz@0.0.0:  4374 |                                         errcode(ERRCODE_INVALID_PARAMETER_VALUE),
warning: decoder_fuzz@0.0.0:       |                                                                                 ^
warning: decoder_fuzz@0.0.0: csrc/numericfam/vendor/postgres.h:271:14: note: in definition of macro 'ereport'
warning: decoder_fuzz@0.0.0:   271 |         do { __VA_ARGS__; if ((level) >= ERROR) nfz_raise(); } while (0)
warning: decoder_fuzz@0.0.0:       |              ^~~~~~~~~~~
warning: decoder_fuzz@0.0.0: csrc/numericfam/vendor/numeric.c: In function 'numeric_int4_opt_error':
warning: decoder_fuzz@0.0.0: csrc/numericfam/vendor/numeric.c:4535:88: warning: right-hand operand of comma expression has no effect [-Wunused-value]
warning: decoder_fuzz@0.0.0:  4535 |                                                 (errcode(ERRCODE_FEATURE_NOT_SUPPORTED),
warning: decoder_fuzz@0.0.0:       |                                                 ~~~~~~~~~~~~~~~~~~~~~~~~~~~~~~~~~~~~~~~^
warning: decoder_fuzz@0.0.0:  4536 |                                                  errmsg("cannot convert NaN to %s", "integer")));
warning: decoder_fuzz@0.0.0:       |                                                  ~~~~~~~~~~~~~~~~~~~~~~~~~~~~~~~~~~~~~~~~~~~~~~
warning: decoder_fuzz@0.0.0: csrc/numericfam/vendor/postgres.h:271:14: note: in definition of macro 'ereport'
warning: decoder_fuzz@0.0.0:   271 |         do { __VA_ARGS__; if ((level) >= ERROR) nfz_raise(); } while (0)
warning: decoder_fuzz@0.0.0:       |              ^~~~~~~~~~~
warning: decoder_fuzz@0.0.0: csrc/numericfam/vendor/numeric.c:4539:88: warning: right-hand operand of comma expression has no effect [-Wunused-value]
warning: decoder_fuzz@0.0.0:  4539 |                                                 (errcode(ERRCODE_FEATURE_NOT_SUPPORTED),
warning: decoder_fuzz@0.0.0:       |                                                 ~~~~~~~~~~~~~~~~~~~~~~~~~~~~~~~~~~~~~~~^
warning: decoder_fuzz@0.0.0:  4540 |                                                  errmsg("cannot convert infinity to %s", "integer")));
warning: decoder_fuzz@0.0.0:       |                                                  ~~~~~~~~~~~~~~~~~~~~~~~~~~~~~~~~~~~~~~~~~~~~~~~~~~~
warning: decoder_fuzz@0.0.0: csrc/numericfam/vendor/postgres.h:271:14: note: in definition of macro 'ereport'
warning: decoder_fuzz@0.0.0:   271 |         do { __VA_ARGS__; if ((level) >= ERROR) nfz_raise(); } while (0)
warning: decoder_fuzz@0.0.0:       |              ^~~~~~~~~~~
warning: decoder_fuzz@0.0.0: csrc/numericfam/vendor/numeric.c:4557:85: warning: right-hand operand of comma expression has no effect [-Wunused-value]
warning: decoder_fuzz@0.0.0:  4557 |                                         (errcode(ERRCODE_NUMERIC_VALUE_OUT_OF_RANGE),
warning: decoder_fuzz@0.0.0:       |                                         ~~~~~~~~~~~~~~~~~~~~~~~~~~~~~~~~~~~~~~~~~~~~^
warning: decoder_fuzz@0.0.0:  4558 |                                          errmsg("integer out of range")));
warning: decoder_fuzz@0.0.0:       |                                          ~~~~~~~~~~~~~~~~~~~~~~~~~~~~~~~
warning: decoder_fuzz@0.0.0: csrc/numericfam/vendor/postgres.h:271:14: note: in definition of macro 'ereport'
warning: decoder_fuzz@0.0.0:   271 |         do { __VA_ARGS__; if ((level) >= ERROR) nfz_raise(); } while (0)
warning: decoder_fuzz@0.0.0:       |              ^~~~~~~~~~~
warning: decoder_fuzz@0.0.0: csrc/numericfam/vendor/numeric.c: In function 'numeric_int8_opt_error':
warning: decoder_fuzz@0.0.0: csrc/numericfam/vendor/numeric.c:4623:88: warning: right-hand operand of comma expression has no effect [-Wunused-value]
warning: decoder_fuzz@0.0.0:  4623 |                                                 (errcode(ERRCODE_FEATURE_NOT_SUPPORTED),
warning: decoder_fuzz@0.0.0:       |                                                 ~~~~~~~~~~~~~~~~~~~~~~~~~~~~~~~~~~~~~~~^
warning: decoder_fuzz@0.0.0:  4624 |                                                  errmsg("cannot convert NaN to %s", "bigint")));
warning: decoder_fuzz@0.0.0:       |                                                  ~~~~~~~~~~~~~~~~~~~~~~~~~~~~~~~~~~~~~~~~~~~~~
warning: decoder_fuzz@0.0.0: csrc/numericfam/vendor/postgres.h:271:14: note: in definition of macro 'ereport'
warning: decoder_fuzz@0.0.0:   271 |         do { __VA_ARGS__; if ((level) >= ERROR) nfz_raise(); } while (0)
warning: decoder_fuzz@0.0.0:       |              ^~~~~~~~~~~
warning: decoder_fuzz@0.0.0: csrc/numericfam/vendor/numeric.c:4627:88: warning: right-hand operand of comma expression has no effect [-Wunused-value]
warning: decoder_fuzz@0.0.0:  4627 |                                                 (errcode(ERRCODE_FEATURE_NOT_SUPPORTED),
warning: decoder_fuzz@0.0.0:       |                                                 ~~~~~~~~~~~~~~~~~~~~~~~~~~~~~~~~~~~~~~~^
warning: decoder_fuzz@0.0.0:  4628 |                                                  errmsg("cannot convert infinity to %s", "bigint")));
warning: decoder_fuzz@0.0.0:       |                                                  ~~~~~~~~~~~~~~~~~~~~~~~~~~~~~~~~~~~~~~~~~~~~~~~~~~
warning: decoder_fuzz@0.0.0: csrc/numericfam/vendor/postgres.h:271:14: note: in definition of macro 'ereport'
warning: decoder_fuzz@0.0.0:   271 |         do { __VA_ARGS__; if ((level) >= ERROR) nfz_raise(); } while (0)
warning: decoder_fuzz@0.0.0:       |              ^~~~~~~~~~~
warning: decoder_fuzz@0.0.0: csrc/numericfam/vendor/numeric.c:4645:85: warning: right-hand operand of comma expression has no effect [-Wunused-value]
warning: decoder_fuzz@0.0.0:  4645 |                                         (errcode(ERRCODE_NUMERIC_VALUE_OUT_OF_RANGE),
warning: decoder_fuzz@0.0.0:       |                                         ~~~~~~~~~~~~~~~~~~~~~~~~~~~~~~~~~~~~~~~~~~~~^
warning: decoder_fuzz@0.0.0:  4646 |                                          errmsg("bigint out of range")));
warning: decoder_fuzz@0.0.0:       |                                          ~~~~~~~~~~~~~~~~~~~~~~~~~~~~~~
warning: decoder_fuzz@0.0.0: csrc/numericfam/vendor/postgres.h:271:14: note: in definition of macro 'ereport'
warning: decoder_fuzz@0.0.0:   271 |         do { __VA_ARGS__; if ((level) >= ERROR) nfz_raise(); } while (0)
warning: decoder_fuzz@0.0.0:       |              ^~~~~~~~~~~
warning: decoder_fuzz@0.0.0: csrc/numericfam/vendor/numeric.c: In function 'numeric_int2':
warning: decoder_fuzz@0.0.0: csrc/numericfam/vendor/numeric.c:4683:80: warning: right-hand operand of comma expression has no effect [-Wunused-value]
warning: decoder_fuzz@0.0.0:  4683 |                                         (errcode(ERRCODE_FEATURE_NOT_SUPPORTED),
warning: decoder_fuzz@0.0.0:       |                                         ~~~~~~~~~~~~~~~~~~~~~~~~~~~~~~~~~~~~~~~^
warning: decoder_fuzz@0.0.0:  4684 |                                          errmsg("cannot convert NaN to %s", "smallint")));
warning: decoder_fuzz@0.0.0:       |                                          ~~~~~~~~~~~~~~~~~~~~~~~~~~~~~~~~~~~~~~~~~~~~~~~
warning: decoder_fuzz@0.0.0: csrc/numericfam/vendor/postgres.h:271:14: note: in definition of macro 'ereport'
warning: decoder_fuzz@0.0.0:   271 |         do { __VA_ARGS__; if ((level) >= ERROR) nfz_raise(); } while (0)
warning: decoder_fuzz@0.0.0:       |              ^~~~~~~~~~~
warning: decoder_fuzz@0.0.0: csrc/numericfam/vendor/numeric.c:4687:80: warning: right-hand operand of comma expression has no effect [-Wunused-value]
warning: decoder_fuzz@0.0.0:  4687 |                                         (errcode(ERRCODE_FEATURE_NOT_SUPPORTED),
warning: decoder_fuzz@0.0.0:       |                                         ~~~~~~~~~~~~~~~~~~~~~~~~~~~~~~~~~~~~~~~^
warning: decoder_fuzz@0.0.0:  4688 |                                          errmsg("cannot convert infinity to %s", "smallint")));
warning: decoder_fuzz@0.0.0:       |                                          ~~~~~~~~~~~~~~~~~~~~~~~~~~~~~~~~~~~~~~~~~~~~~~~~~~~~
warning: decoder_fuzz@0.0.0: csrc/numericfam/vendor/postgres.h:271:14: note: in definition of macro 'ereport'
warning: decoder_fuzz@0.0.0:   271 |         do { __VA_ARGS__; if ((level) >= ERROR) nfz_raise(); } while (0)
warning: decoder_fuzz@0.0.0:       |              ^~~~~~~~~~~
warning: decoder_fuzz@0.0.0: csrc/numericfam/vendor/numeric.c:4696:77: warning: right-hand operand of comma expression has no effect [-Wunused-value]
warning: decoder_fuzz@0.0.0:  4696 |                                 (errcode(ERRCODE_NUMERIC_VALUE_OUT_OF_RANGE),
warning: decoder_fuzz@0.0.0:       |                                 ~~~~~~~~~~~~~~~~~~~~~~~~~~~~~~~~~~~~~~~~~~~~^
warning: decoder_fuzz@0.0.0:  4697 |                                  errmsg("smallint out of range")));
warning: decoder_fuzz@0.0.0:       |                                  ~~~~~~~~~~~~~~~~~~~~~~~~~~~~~~~~
warning: decoder_fuzz@0.0.0: csrc/numericfam/vendor/postgres.h:271:14: note: in definition of macro 'ereport'
warning: decoder_fuzz@0.0.0:   271 |         do { __VA_ARGS__; if ((level) >= ERROR) nfz_raise(); } while (0)
warning: decoder_fuzz@0.0.0:       |              ^~~~~~~~~~~
warning: decoder_fuzz@0.0.0: csrc/numericfam/vendor/numeric.c:4701:77: warning: right-hand operand of comma expression has no effect [-Wunused-value]
warning: decoder_fuzz@0.0.0:  4701 |                                 (errcode(ERRCODE_NUMERIC_VALUE_OUT_OF_RANGE),
warning: decoder_fuzz@0.0.0:       |                                 ~~~~~~~~~~~~~~~~~~~~~~~~~~~~~~~~~~~~~~~~~~~~^
warning: decoder_fuzz@0.0.0:  4702 |                                  errmsg("smallint out of range")));
warning: decoder_fuzz@0.0.0:       |                                  ~~~~~~~~~~~~~~~~~~~~~~~~~~~~~~~~
warning: decoder_fuzz@0.0.0: csrc/numericfam/vendor/postgres.h:271:14: note: in definition of macro 'ereport'
warning: decoder_fuzz@0.0.0:   271 |         do { __VA_ARGS__; if ((level) >= ERROR) nfz_raise(); } while (0)
warning: decoder_fuzz@0.0.0:       |              ^~~~~~~~~~~
warning: decoder_fuzz@0.0.0: csrc/numericfam/vendor/numeric.c: In function 'numeric_pg_lsn':
warning: decoder_fuzz@0.0.0: csrc/numericfam/vendor/numeric.c:4879:80: warning: right-hand operand of comma expression has no effect [-Wunused-value]
warning: decoder_fuzz@0.0.0:  4879 |                                         (errcode(ERRCODE_FEATURE_NOT_SUPPORTED),
warning: decoder_fuzz@0.0.0:       |                                         ~~~~~~~~~~~~~~~~~~~~~~~~~~~~~~~~~~~~~~~^
warning: decoder_fuzz@0.0.0:  4880 |                                          errmsg("cannot convert NaN to %s", "pg_lsn")));
warning: decoder_fuzz@0.0.0:       |                                          ~~~~~~~~~~~~~~~~~~~~~~~~~~~~~~~~~~~~~~~~~~~~~
warning: decoder_fuzz@0.0.0: csrc/numericfam/vendor/postgres.h:271:14: note: in definition of macro 'ereport'
warning: decoder_fuzz@0.0.0:   271 |         do { __VA_ARGS__; if ((level) >= ERROR) nfz_raise(); } while (0)
warning: decoder_fuzz@0.0.0:       |              ^~~~~~~~~~~
warning: decoder_fuzz@0.0.0: csrc/numericfam/vendor/numeric.c:4883:80: warning: right-hand operand of comma expression has no effect [-Wunused-value]
warning: decoder_fuzz@0.0.0:  4883 |                                         (errcode(ERRCODE_FEATURE_NOT_SUPPORTED),
warning: decoder_fuzz@0.0.0:       |                                         ~~~~~~~~~~~~~~~~~~~~~~~~~~~~~~~~~~~~~~~^
warning: decoder_fuzz@0.0.0:  4884 |                                          errmsg("cannot convert infinity to %s", "pg_lsn")));
warning: decoder_fuzz@0.0.0:       |                                          ~~~~~~~~~~~~~~~~~~~~~~~~~~~~~~~~~~~~~~~~~~~~~~~~~~
warning: decoder_fuzz@0.0.0: csrc/numericfam/vendor/postgres.h:271:14: note: in definition of macro 'ereport'
warning: decoder_fuzz@0.0.0:   271 |         do { __VA_ARGS__; if ((level) >= ERROR) nfz_raise(); } while (0)
warning: decoder_fuzz@0.0.0:       |              ^~~~~~~~~~~
warning: decoder_fuzz@0.0.0: csrc/numericfam/vendor/numeric.c:4892:74: warning: right-hand operand of comma expression has no effect [-Wunused-value]
warning: decoder_fuzz@0.0.0:  4892 |                                 (errcode(ERRCODE_INVALID_PARAMETER_VALUE),
warning: decoder_fuzz@0.0.0:       |                                 ~~~~~~~~~~~~~~~~~~~~~~~~~~~~~~~~~~~~~~~~~^
warning: decoder_fuzz@0.0.0:  4893 |                                  errmsg("pg_lsn out of range")));
warning: decoder_fuzz@0.0.0:       |                                  ~~~~~~~~~~~~~~~~~~~~~~~~~~~~~~
warning: decoder_fuzz@0.0.0: csrc/numericfam/vendor/postgres.h:271:14: note: in definition of macro 'ereport'
warning: decoder_fuzz@0.0.0:   271 |         do { __VA_ARGS__; if ((level) >= ERROR) nfz_raise(); } while (0)
warning: decoder_fuzz@0.0.0:       |              ^~~~~~~~~~~
warning: decoder_fuzz@0.0.0: csrc/numericfam/vendor/numeric.c: In function 'numeric_avg_deserialize':
warning: decoder_fuzz@0.0.0: csrc/numericfam/vendor/postgres.h:199:28: warning: operand of '?:' changes signedness from 'int' to 'uint32' {aka 'unsigned int'} due to unsignedness of other operand [-Wsign-compare]
warning: decoder_fuzz@0.0.0:   199 | #define VARSIZE_SHORT(PTR) ((*((uint8 *) (PTR)) >> 1) & 0x7F)
warning: decoder_fuzz@0.0.0:       |                            ^
warning: decoder_fuzz@0.0.0: csrc/numericfam/vendor/postgres.h:202:33: note: in expansion of macro 'VARSIZE_SHORT'
warning: decoder_fuzz@0.0.0:   202 |         (VARATT_IS_SHORT(PTR) ? VARSIZE_SHORT(PTR) - VARHDRSZ_SHORT : \
warning: decoder_fuzz@0.0.0:       |                                 ^~~~~~~~~~~~~
warning: decoder_fuzz@0.0.0: csrc/numericfam/vendor/numeric.c:5394:52: note: in expansion of macro 'VARSIZE_ANY_EXHDR'
warning: decoder_fuzz@0.0.0:  5394 |                                                    VARSIZE_ANY_EXHDR(sstate));
warning: decoder_fuzz@0.0.0:       |                                                    ^~~~~~~~~~~~~~~~~
warning: decoder_fuzz@0.0.0: csrc/numericfam/vendor/numeric.c: In function 'numeric_deserialize':
warning: decoder_fuzz@0.0.0: csrc/numericfam/vendor/postgres.h:199:28: warning: operand of '?:' changes signedness from 'int' to 'uint32' {aka 'unsigned int'} due to unsignedness of other operand [-Wsign-compare]
warning: decoder_fuzz@0.0.0:   199 | #define VARSIZE_SHORT(PTR) ((*((uint8 *) (PTR)) >> 1) & 0x7F)
warning: decoder_fuzz@0.0.0:       |                            ^
warning: decoder_fuzz@0.0.0: csrc/numericfam/vendor/postgres.h:202:33: note: in expansion of macro 'VARSIZE_SHORT'
warning: decoder_fuzz@0.0.0:   202 |         (VARATT_IS_SHORT(PTR) ? VARSIZE_SHORT(PTR) - VARHDRSZ_SHORT : \
warning: decoder_fuzz@0.0.0:       |                                 ^~~~~~~~~~~~~
warning: decoder_fuzz@0.0.0: csrc/numericfam/vendor/numeric.c:5508:52: note: in expansion of macro 'VARSIZE_ANY_EXHDR'
warning: decoder_fuzz@0.0.0:  5508 |                                                    VARSIZE_ANY_EXHDR(sstate));
warning: decoder_fuzz@0.0.0:       |                                                    ^~~~~~~~~~~~~~~~~
warning: decoder_fuzz@0.0.0: csrc/numericfam/vendor/numeric.c: In function 'numeric_poly_deserialize':
warning: decoder_fuzz@0.0.0: csrc/numericfam/vendor/postgres.h:199:28: warning: operand of '?:' changes signedness from 'int' to 'uint32' {aka 'unsigned int'} due to unsignedness of other operand [-Wsign-compare]
warning: decoder_fuzz@0.0.0:   199 | #define VARSIZE_SHORT(PTR) ((*((uint8 *) (PTR)) >> 1) & 0x7F)
warning: decoder_fuzz@0.0.0:       |                            ^
warning: decoder_fuzz@0.0.0: csrc/numericfam/vendor/postgres.h:202:33: note: in expansion of macro 'VARSIZE_SHORT'
warning: decoder_fuzz@0.0.0:   202 |         (VARATT_IS_SHORT(PTR) ? VARSIZE_SHORT(PTR) - VARHDRSZ_SHORT : \
warning: decoder_fuzz@0.0.0:       |                                 ^~~~~~~~~~~~~
warning: decoder_fuzz@0.0.0: csrc/numericfam/vendor/numeric.c:5877:52: note: in expansion of macro 'VARSIZE_ANY_EXHDR'
warning: decoder_fuzz@0.0.0:  5877 |                                                    VARSIZE_ANY_EXHDR(sstate));
warning: decoder_fuzz@0.0.0:       |                                                    ^~~~~~~~~~~~~~~~~
warning: decoder_fuzz@0.0.0: csrc/numericfam/vendor/numeric.c: In function 'int8_avg_deserialize':
warning: decoder_fuzz@0.0.0: csrc/numericfam/vendor/postgres.h:199:28: warning: operand of '?:' changes signedness from 'int' to 'uint32' {aka 'unsigned int'} due to unsignedness of other operand [-Wsign-compare]
warning: decoder_fuzz@0.0.0:   199 | #define VARSIZE_SHORT(PTR) ((*((uint8 *) (PTR)) >> 1) & 0x7F)
warning: decoder_fuzz@0.0.0:       |                            ^
warning: decoder_fuzz@0.0.0: csrc/numericfam/vendor/postgres.h:202:33: note: in expansion of macro 'VARSIZE_SHORT'
warning: decoder_fuzz@0.0.0:   202 |         (VARATT_IS_SHORT(PTR) ? VARSIZE_SHORT(PTR) - VARHDRSZ_SHORT : \
warning: decoder_fuzz@0.0.0:       |                                 ^~~~~~~~~~~~~
warning: decoder_fuzz@0.0.0: csrc/numericfam/vendor/numeric.c:6066:52: note: in expansion of macro 'VARSIZE_ANY_EXHDR'
warning: decoder_fuzz@0.0.0:  6066 |                                                    VARSIZE_ANY_EXHDR(sstate));
warning: decoder_fuzz@0.0.0:       |                                                    ^~~~~~~~~~~~~~~~~
warning: decoder_fuzz@0.0.0: In file included from csrc/numericfam/pg_numeric_oracle.c:58:
warning: decoder_fuzz@0.0.0: csrc/numericfam/vendor/numeric.c: In function 'int2_avg_accum':
warning: decoder_fuzz@0.0.0: csrc/numericfam/vendor/utils/array.h:23:45: warning: operand of '?:' changes signedness from 'int32' {aka 'int'} to 'long unsigned int' due to unsignedness of other operand [-Wsign-compare]
warning: decoder_fuzz@0.0.0:    23 |         (((char *) (a)) + (ARR_HASNULL(a) ? (a)->dataoffset : ARR_OVERHEAD_NONULLS(ARR_NDIM(a))))
warning: decoder_fuzz@0.0.0:       |                                             ^~~~~~~~~~~~~~~
warning: decoder_fuzz@0.0.0: csrc/numericfam/vendor/numeric.c:6796:43: note: in expansion of macro 'ARR_DATA_PTR'
warning: decoder_fuzz@0.0.0:  6796 |         transdata = (Int8TransTypeData *) ARR_DATA_PTR(transarray);
warning: decoder_fuzz@0.0.0:       |                                           ^~~~~~~~~~~~
warning: decoder_fuzz@0.0.0: csrc/numericfam/vendor/numeric.c: In function 'int4_avg_accum':
warning: decoder_fuzz@0.0.0: csrc/numericfam/vendor/utils/array.h:23:45: warning: operand of '?:' changes signedness from 'int32' {aka 'int'} to 'long unsigned int' due to unsignedness of other operand [-Wsign-compare]
warning: decoder_fuzz@0.0.0:    23 |         (((char *) (a)) + (ARR_HASNULL(a) ? (a)->dataoffset : ARR_OVERHEAD_NONULLS(ARR_NDIM(a))))
warning: decoder_fuzz@0.0.0:       |                                             ^~~~~~~~~~~~~~~
warning: decoder_fuzz@0.0.0: csrc/numericfam/vendor/numeric.c:6824:43: note: in expansion of macro 'ARR_DATA_PTR'
warning: decoder_fuzz@0.0.0:  6824 |         transdata = (Int8TransTypeData *) ARR_DATA_PTR(transarray);
warning: decoder_fuzz@0.0.0:       |                                           ^~~~~~~~~~~~
warning: decoder_fuzz@0.0.0: csrc/numericfam/vendor/numeric.c: In function 'int4_avg_combine':
warning: decoder_fuzz@0.0.0: csrc/numericfam/vendor/utils/array.h:23:45: warning: operand of '?:' changes signedness from 'int32' {aka 'int'} to 'long unsigned int' due to unsignedness of other operand [-Wsign-compare]
warning: decoder_fuzz@0.0.0:    23 |         (((char *) (a)) + (ARR_HASNULL(a) ? (a)->dataoffset : ARR_OVERHEAD_NONULLS(ARR_NDIM(a))))
warning: decoder_fuzz@0.0.0:       |                                             ^~~~~~~~~~~~~~~
warning: decoder_fuzz@0.0.0: csrc/numericfam/vendor/numeric.c:6853:40: note: in expansion of macro 'ARR_DATA_PTR'
warning: decoder_fuzz@0.0.0:  6853 |         state1 = (Int8TransTypeData *) ARR_DATA_PTR(transarray1);
warning: decoder_fuzz@0.0.0:       |                                        ^~~~~~~~~~~~
warning: decoder_fuzz@0.0.0: csrc/numericfam/vendor/utils/array.h:23:45: warning: operand of '?:' changes signedness from 'int32' {aka 'int'} to 'long unsigned int' due to unsignedness of other operand [-Wsign-compare]
warning: decoder_fuzz@0.0.0:    23 |         (((char *) (a)) + (ARR_HASNULL(a) ? (a)->dataoffset : ARR_OVERHEAD_NONULLS(ARR_NDIM(a))))
warning: decoder_fuzz@0.0.0:       |                                             ^~~~~~~~~~~~~~~
warning: decoder_fuzz@0.0.0: csrc/numericfam/vendor/numeric.c:6854:40: note: in expansion of macro 'ARR_DATA_PTR'
warning: decoder_fuzz@0.0.0:  6854 |         state2 = (Int8TransTypeData *) ARR_DATA_PTR(transarray2);
warning: decoder_fuzz@0.0.0:       |                                        ^~~~~~~~~~~~
warning: decoder_fuzz@0.0.0: csrc/numericfam/vendor/numeric.c: In function 'int2_avg_accum_inv':
warning: decoder_fuzz@0.0.0: csrc/numericfam/vendor/utils/array.h:23:45: warning: operand of '?:' changes signedness from 'int32' {aka 'int'} to 'long unsigned int' due to unsignedness of other operand [-Wsign-compare]
warning: decoder_fuzz@0.0.0:    23 |         (((char *) (a)) + (ARR_HASNULL(a) ? (a)->dataoffset : ARR_OVERHEAD_NONULLS(ARR_NDIM(a))))
warning: decoder_fuzz@0.0.0:       |                                             ^~~~~~~~~~~~~~~
warning: decoder_fuzz@0.0.0: csrc/numericfam/vendor/numeric.c:6883:43: note: in expansion of macro 'ARR_DATA_PTR'
warning: decoder_fuzz@0.0.0:  6883 |         transdata = (Int8TransTypeData *) ARR_DATA_PTR(transarray);
warning: decoder_fuzz@0.0.0:       |                                           ^~~~~~~~~~~~
warning: decoder_fuzz@0.0.0: csrc/numericfam/vendor/numeric.c: In function 'int4_avg_accum_inv':
warning: decoder_fuzz@0.0.0: csrc/numericfam/vendor/utils/array.h:23:45: warning: operand of '?:' changes signedness from 'int32' {aka 'int'} to 'long unsigned int' due to unsignedness of other operand [-Wsign-compare]
warning: decoder_fuzz@0.0.0:    23 |         (((char *) (a)) + (ARR_HASNULL(a) ? (a)->dataoffset : ARR_OVERHEAD_NONULLS(ARR_NDIM(a))))
warning: decoder_fuzz@0.0.0:       |                                             ^~~~~~~~~~~~~~~
warning: decoder_fuzz@0.0.0: csrc/numericfam/vendor/numeric.c:6911:43: note: in expansion of macro 'ARR_DATA_PTR'
warning: decoder_fuzz@0.0.0:  6911 |         transdata = (Int8TransTypeData *) ARR_DATA_PTR(transarray);
warning: decoder_fuzz@0.0.0:       |                                           ^~~~~~~~~~~~
warning: decoder_fuzz@0.0.0: csrc/numericfam/vendor/numeric.c: In function 'int8_avg':
warning: decoder_fuzz@0.0.0: csrc/numericfam/vendor/utils/array.h:23:45: warning: operand of '?:' changes signedness from 'int32' {aka 'int'} to 'long unsigned int' due to unsignedness of other operand [-Wsign-compare]
warning: decoder_fuzz@0.0.0:    23 |         (((char *) (a)) + (ARR_HASNULL(a) ? (a)->dataoffset : ARR_OVERHEAD_NONULLS(ARR_NDIM(a))))
warning: decoder_fuzz@0.0.0:       |                                             ^~~~~~~~~~~~~~~
warning: decoder_fuzz@0.0.0: csrc/numericfam/vendor/numeric.c:6929:43: note: in expansion of macro 'ARR_DATA_PTR'
warning: decoder_fuzz@0.0.0:  6929 |         transdata = (Int8TransTypeData *) ARR_DATA_PTR(transarray);
warning: decoder_fuzz@0.0.0:       |                                           ^~~~~~~~~~~~
warning: decoder_fuzz@0.0.0: csrc/numericfam/vendor/numeric.c: In function 'int2int4_sum':
warning: decoder_fuzz@0.0.0: csrc/numericfam/vendor/utils/array.h:23:45: warning: operand of '?:' changes signedness from 'int32' {aka 'int'} to 'long unsigned int' due to unsignedness of other operand [-Wsign-compare]
warning: decoder_fuzz@0.0.0:    23 |         (((char *) (a)) + (ARR_HASNULL(a) ? (a)->dataoffset : ARR_OVERHEAD_NONULLS(ARR_NDIM(a))))
warning: decoder_fuzz@0.0.0:       |                                             ^~~~~~~~~~~~~~~
warning: decoder_fuzz@0.0.0: csrc/numericfam/vendor/numeric.c:6954:43: note: in expansion of macro 'ARR_DATA_PTR'
warning: decoder_fuzz@0.0.0:  6954 |         transdata = (Int8TransTypeData *) ARR_DATA_PTR(transarray);
warning: decoder_fuzz@0.0.0:       |                                           ^~~~~~~~~~~~
warning: decoder_fuzz@0.0.0: csrc/numericfam/vendor/numeric.c: In function 'set_var_from_str':
warning: decoder_fuzz@0.0.0: csrc/numericfam/vendor/numeric.c:7319:69: warning: right-hand operand of comma expression has no effect [-Wunused-value]
warning: decoder_fuzz@0.0.0:  7319 |                         (errcode(ERRCODE_NUMERIC_VALUE_OUT_OF_RANGE),
warning: decoder_fuzz@0.0.0:       |                         ~~~~~~~~~~~~~~~~~~~~~~~~~~~~~~~~~~~~~~~~~~~~^
warning: decoder_fuzz@0.0.0:  7320 |                          errmsg("value overflows numeric format")));
warning: decoder_fuzz@0.0.0:       |                          ~~~~~~~~~~~~~~~~~~~~~~~~~~~~~~~~~~~~~~~~~
warning: decoder_fuzz@0.0.0: csrc/numericfam/vendor/postgres.h:271:14: note: in definition of macro 'ereport'
warning: decoder_fuzz@0.0.0:   271 |         do { __VA_ARGS__; if ((level) >= ERROR) nfz_raise(); } while (0)
warning: decoder_fuzz@0.0.0:       |              ^~~~~~~~~~~
warning: decoder_fuzz@0.0.0: csrc/numericfam/vendor/numeric.c:7318:9: note: in expansion of macro 'ereturn'
warning: decoder_fuzz@0.0.0:  7318 |         ereturn(escontext, false,
warning: decoder_fuzz@0.0.0:       |         ^~~~~~~
warning: decoder_fuzz@0.0.0: csrc/numericfam/vendor/numeric.c:7324:70: warning: right-hand operand of comma expression has no effect [-Wunused-value]
warning: decoder_fuzz@0.0.0:  7324 |                         (errcode(ERRCODE_INVALID_TEXT_REPRESENTATION),
warning: decoder_fuzz@0.0.0:       |                         ~~~~~~~~~~~~~~~~~~~~~~~~~~~~~~~~~~~~~~~~~~~~~^
warning: decoder_fuzz@0.0.0:  7325 |                          errmsg("invalid input syntax for type %s: \"%s\"",
warning: decoder_fuzz@0.0.0:       |                          ~~~~~~~~~~~~~~~~~~~~~~~~~~~~~~~~~~~~~~~~~~~~~~~~~~
warning: decoder_fuzz@0.0.0:  7326 |                                         "numeric", str)));
warning: decoder_fuzz@0.0.0:       |                                         ~~~~~~~~~~~~~~~~
warning: decoder_fuzz@0.0.0: csrc/numericfam/vendor/postgres.h:271:14: note: in definition of macro 'ereport'
warning: decoder_fuzz@0.0.0:   271 |         do { __VA_ARGS__; if ((level) >= ERROR) nfz_raise(); } while (0)
warning: decoder_fuzz@0.0.0:       |              ^~~~~~~~~~~
warning: decoder_fuzz@0.0.0: csrc/numericfam/vendor/numeric.c:7323:9: note: in expansion of macro 'ereturn'
warning: decoder_fuzz@0.0.0:  7323 |         ereturn(escontext, false,
warning: decoder_fuzz@0.0.0:       |         ^~~~~~~
warning: decoder_fuzz@0.0.0: csrc/numericfam/vendor/numeric.c: In function 'set_var_from_non_decimal_integer_str':
warning: decoder_fuzz@0.0.0: csrc/numericfam/vendor/numeric.c:7522:69: warning: right-hand operand of comma expression has no effect [-Wunused-value]
warning: decoder_fuzz@0.0.0:  7522 |                         (errcode(ERRCODE_NUMERIC_VALUE_OUT_OF_RANGE),
warning: decoder_fuzz@0.0.0:       |                         ~~~~~~~~~~~~~~~~~~~~~~~~~~~~~~~~~~~~~~~~~~~~^
warning: decoder_fuzz@0.0.0:  7523 |                          errmsg("value overflows numeric format")));
warning: decoder_fuzz@0.0.0:       |                          ~~~~~~~~~~~~~~~~~~~~~~~~~~~~~~~~~~~~~~~~~
warning: decoder_fuzz@0.0.0: csrc/numericfam/vendor/postgres.h:271:14: note: in definition of macro 'ereport'
warning: decoder_fuzz@0.0.0:   271 |         do { __VA_ARGS__; if ((level) >= ERROR) nfz_raise(); } while (0)
warning: decoder_fuzz@0.0.0:       |              ^~~~~~~~~~~
warning: decoder_fuzz@0.0.0: csrc/numericfam/vendor/numeric.c:7521:9: note: in expansion of macro 'ereturn'
warning: decoder_fuzz@0.0.0:  7521 |         ereturn(escontext, false,
warning: decoder_fuzz@0.0.0:       |         ^~~~~~~
warning: decoder_fuzz@0.0.0: csrc/numericfam/vendor/numeric.c:7527:70: warning: right-hand operand of comma expression has no effect [-Wunused-value]
warning: decoder_fuzz@0.0.0:  7527 |                         (errcode(ERRCODE_INVALID_TEXT_REPRESENTATION),
warning: decoder_fuzz@0.0.0:       |                         ~~~~~~~~~~~~~~~~~~~~~~~~~~~~~~~~~~~~~~~~~~~~~^
warning: decoder_fuzz@0.0.0:  7528 |                          errmsg("invalid input syntax for type %s: \"%s\"",
warning: decoder_fuzz@0.0.0:       |                          ~~~~~~~~~~~~~~~~~~~~~~~~~~~~~~~~~~~~~~~~~~~~~~~~~~
warning: decoder_fuzz@0.0.0:  7529 |                                         "numeric", str)));
warning: decoder_fuzz@0.0.0:       |                                         ~~~~~~~~~~~~~~~~
warning: decoder_fuzz@0.0.0: csrc/numericfam/vendor/postgres.h:271:14: note: in definition of macro 'ereport'
warning: decoder_fuzz@0.0.0:   271 |         do { __VA_ARGS__; if ((level) >= ERROR) nfz_raise(); } while (0)
warning: decoder_fuzz@0.0.0:       |              ^~~~~~~~~~~
warning: decoder_fuzz@0.0.0: csrc/numericfam/vendor/numeric.c:7526:9: note: in expansion of macro 'ereturn'
warning: decoder_fuzz@0.0.0:  7526 |         ereturn(escontext, false,
warning: decoder_fuzz@0.0.0:       |         ^~~~~~~
warning: decoder_fuzz@0.0.0: csrc/numericfam/vendor/numeric.c: In function 'make_result_opt_error':
warning: decoder_fuzz@0.0.0: csrc/numericfam/vendor/numeric.c:7994:85: warning: right-hand operand of comma expression has no effect [-Wunused-value]
warning: decoder_fuzz@0.0.0:  7994 |                                         (errcode(ERRCODE_NUMERIC_VALUE_OUT_OF_RANGE),
warning: decoder_fuzz@0.0.0:       |                                         ~~~~~~~~~~~~~~~~~~~~~~~~~~~~~~~~~~~~~~~~~~~~^
warning: decoder_fuzz@0.0.0:  7995 |                                          errmsg("value overflows numeric format")));
warning: decoder_fuzz@0.0.0:       |                                          ~~~~~~~~~~~~~~~~~~~~~~~~~~~~~~~~~~~~~~~~~
warning: decoder_fuzz@0.0.0: csrc/numericfam/vendor/postgres.h:271:14: note: in definition of macro 'ereport'
warning: decoder_fuzz@0.0.0:   271 |         do { __VA_ARGS__; if ((level) >= ERROR) nfz_raise(); } while (0)
warning: decoder_fuzz@0.0.0:       |              ^~~~~~~~~~~
warning: decoder_fuzz@0.0.0: csrc/numericfam/vendor/numeric.c: In function 'apply_typmod':
warning: decoder_fuzz@0.0.0: csrc/numericfam/vendor/numeric.c:8084:101: warning: right-hand operand of comma expression has no effect [-Wunused-value]
warning: decoder_fuzz@0.0.0:  8084 |                                                         (errcode(ERRCODE_NUMERIC_VALUE_OUT_OF_RANGE),
warning: decoder_fuzz@0.0.0:       |                                                                                                     ^
warning: decoder_fuzz@0.0.0: csrc/numericfam/vendor/postgres.h:271:14: note: in definition of macro 'ereport'
warning: decoder_fuzz@0.0.0:   271 |         do { __VA_ARGS__; if ((level) >= ERROR) nfz_raise(); } while (0)
warning: decoder_fuzz@0.0.0:       |              ^~~~~~~~~~~
warning: decoder_fuzz@0.0.0: csrc/numericfam/vendor/numeric.c:8083:41: note: in expansion of macro 'ereturn'
warning: decoder_fuzz@0.0.0:  8083 |                                         ereturn(escontext, false,
warning: decoder_fuzz@0.0.0:       |                                         ^~~~~~~
warning: decoder_fuzz@0.0.0: csrc/numericfam/vendor/numeric.c:8085:90: warning: right-hand operand of comma expression has no effect [-Wunused-value]
warning: decoder_fuzz@0.0.0:  8084 |                                                         (errcode(ERRCODE_NUMERIC_VALUE_OUT_OF_RANGE),
warning: decoder_fuzz@0.0.0:       |                                                         ~~~~~~~~~~~~~~~~~~~~~~~~~~~~~~~~~~~~~~~~~~~~~
warning: decoder_fuzz@0.0.0:  8085 |                                                          errmsg("numeric field overflow"),
warning: decoder_fuzz@0.0.0:       |                                                          ~~~~~~~~~~~~~~~~~~~~~~~~~~~~~~~~^
warning: decoder_fuzz@0.0.0:  8086 |                                                          errdetail("A field with precision %d, scale %d must round to an absolute value less than %s%d.",
warning: decoder_fuzz@0.0.0:       |                                                          ~~~~~~~~~~~~~~~~~~~~~~~~~~~~~~~~~~~~~~~~~~~~~~~~~~~~~~~~~~~~~~~~~~~~~~~~~~~~~~~~~~~~~~~~~~~~~~~~
warning: decoder_fuzz@0.0.0:  8087 |                                                                            precision, scale,
warning: decoder_fuzz@0.0.0:       |                                                                            ~~~~~~~~~~~~~~~~~
warning: decoder_fuzz@0.0.0:  8088 |                                         /* Display 10^0 as 1 */
warning: decoder_fuzz@0.0.0:       |                                         ~~~~~~~~~~~~~~~~~~~~~~~
warning: decoder_fuzz@0.0.0:  8089 |                                                                            maxdigits ? "10^" : "",
warning: decoder_fuzz@0.0.0:       |                                                                            ~~~~~~~~~~~~~~~~~~~~~~~
warning: decoder_fuzz@0.0.0:  8090 |                                                                            maxdigits ? maxdigits : 1
warning: decoder_fuzz@0.0.0:       |                                                                            ~~~~~~~~~~~~~~~~~~~~~~~~~
warning: decoder_fuzz@0.0.0:  8091 |                                                                            )));
warning: decoder_fuzz@0.0.0:       |                                                                            ~~
warning: decoder_fuzz@0.0.0: csrc/numericfam/vendor/postgres.h:271:14: note: in definition of macro 'ereport'
warning: decoder_fuzz@0.0.0:   271 |         do { __VA_ARGS__; if ((level) >= ERROR) nfz_raise(); } while (0)
warning: decoder_fuzz@0.0.0:       |              ^~~~~~~~~~~
warning: decoder_fuzz@0.0.0: csrc/numericfam/vendor/numeric.c:8083:41: note: in expansion of macro 'ereturn'
warning: decoder_fuzz@0.0.0:  8083 |                                         ereturn(escontext, false,
warning: decoder_fuzz@0.0.0:       |                                         ^~~~~~~
warning: decoder_fuzz@0.0.0: csrc/numericfam/vendor/numeric.c: In function 'apply_typmod_special':
warning: decoder_fuzz@0.0.0: csrc/numericfam/vendor/numeric.c:8135:69: warning: right-hand operand of comma expression has no effect [-Wunused-value]
warning: decoder_fuzz@0.0.0:  8135 |                         (errcode(ERRCODE_NUMERIC_VALUE_OUT_OF_RANGE),
warning: decoder_fuzz@0.0.0:       |                                                                     ^
warning: decoder_fuzz@0.0.0: csrc/numericfam/vendor/postgres.h:271:14: note: in definition of macro 'ereport'
warning: decoder_fuzz@0.0.0:   271 |         do { __VA_ARGS__; if ((level) >= ERROR) nfz_raise(); } while (0)
warning: decoder_fuzz@0.0.0:       |              ^~~~~~~~~~~
warning: decoder_fuzz@0.0.0: csrc/numericfam/vendor/numeric.c:8134:9: note: in expansion of macro 'ereturn'
warning: decoder_fuzz@0.0.0:  8134 |         ereturn(escontext, false,
warning: decoder_fuzz@0.0.0:       |         ^~~~~~~
warning: decoder_fuzz@0.0.0: csrc/numericfam/vendor/numeric.c:8136:58: warning: right-hand operand of comma expression has no effect [-Wunused-value]
warning: decoder_fuzz@0.0.0:  8135 |                         (errcode(ERRCODE_NUMERIC_VALUE_OUT_OF_RANGE),
warning: decoder_fuzz@0.0.0:       |                         ~~~~~~~~~~~~~~~~~~~~~~~~~~~~~~~~~~~~~~~~~~~~~
warning: decoder_fuzz@0.0.0:  8136 |                          errmsg("numeric field overflow"),
warning: decoder_fuzz@0.0.0:       |                          ~~~~~~~~~~~~~~~~~~~~~~~~~~~~~~~~^
warning: decoder_fuzz@0.0.0:  8137 |                          errdetail("A field with precision %d, scale %d cannot hold an infinite value.",
warning: decoder_fuzz@0.0.0:       |                          ~~~~~~~~~~~~~~~~~~~~~~~~~~~~~~~~~~~~~~~~~~~~~~~~~~~~~~~~~~~~~~~~~~~~~~~~~~~~~~~
warning: decoder_fuzz@0.0.0:  8138 |                                            precision, scale)));
warning: decoder_fuzz@0.0.0:       |                                            ~~~~~~~~~~~~~~~~~~
warning: decoder_fuzz@0.0.0: csrc/numericfam/vendor/postgres.h:271:14: note: in definition of macro 'ereport'
warning: decoder_fuzz@0.0.0:   271 |         do { __VA_ARGS__; if ((level) >= ERROR) nfz_raise(); } while (0)
warning: decoder_fuzz@0.0.0:       |              ^~~~~~~~~~~
warning: decoder_fuzz@0.0.0: csrc/numericfam/vendor/numeric.c:8134:9: note: in expansion of macro 'ereturn'
warning: decoder_fuzz@0.0.0:  8134 |         ereturn(escontext, false,
warning: decoder_fuzz@0.0.0:       |         ^~~~~~~
warning: decoder_fuzz@0.0.0: csrc/numericfam/vendor/numeric.c: In function 'numericvar_to_double_no_overflow':
warning: decoder_fuzz@0.0.0: csrc/numericfam/vendor/numeric.c:8474:78: warning: right-hand operand of comma expression has no effect [-Wunused-value]
warning: decoder_fuzz@0.0.0:  8474 |                                 (errcode(ERRCODE_INVALID_TEXT_REPRESENTATION),
warning: decoder_fuzz@0.0.0:       |                                 ~~~~~~~~~~~~~~~~~~~~~~~~~~~~~~~~~~~~~~~~~~~~~^
warning: decoder_fuzz@0.0.0:  8475 |                                  errmsg("invalid input syntax for type %s: \"%s\"",
warning: decoder_fuzz@0.0.0:       |                                  ~~~~~~~~~~~~~~~~~~~~~~~~~~~~~~~~~~~~~~~~~~~~~~~~~~
warning: decoder_fuzz@0.0.0:  8476 |                                                 "double precision", tmp)));
warning: decoder_fuzz@0.0.0:       |                                                 ~~~~~~~~~~~~~~~~~~~~~~~~~
warning: decoder_fuzz@0.0.0: csrc/numericfam/vendor/postgres.h:271:14: note: in definition of macro 'ereport'
warning: decoder_fuzz@0.0.0:   271 |         do { __VA_ARGS__; if ((level) >= ERROR) nfz_raise(); } while (0)
warning: decoder_fuzz@0.0.0:       |              ^~~~~~~~~~~
warning: decoder_fuzz@0.0.0: csrc/numericfam/vendor/numeric.c: In function 'div_var':
warning: decoder_fuzz@0.0.0: csrc/numericfam/vendor/numeric.c:9399:67: warning: right-hand operand of comma expression has no effect [-Wunused-value]
warning: decoder_fuzz@0.0.0:  9399 |                                 (errcode(ERRCODE_DIVISION_BY_ZERO),
warning: decoder_fuzz@0.0.0:       |                                 ~~~~~~~~~~~~~~~~~~~~~~~~~~~~~~~~~~^
warning: decoder_fuzz@0.0.0:  9400 |                                  errmsg("division by zero")));
warning: decoder_fuzz@0.0.0:       |                                  ~~~~~~~~~~~~~~~~~~~~~~~~~~~
warning: decoder_fuzz@0.0.0: csrc/numericfam/vendor/postgres.h:271:14: note: in definition of macro 'ereport'
warning: decoder_fuzz@0.0.0:   271 |         do { __VA_ARGS__; if ((level) >= ERROR) nfz_raise(); } while (0)
warning: decoder_fuzz@0.0.0:       |              ^~~~~~~~~~~
warning: decoder_fuzz@0.0.0: csrc/numericfam/vendor/numeric.c: In function 'div_var_int':
warning: decoder_fuzz@0.0.0: csrc/numericfam/vendor/numeric.c:9923:66: warning: right-hand operand of comma expression has no effect [-Wunused-value]
warning: decoder_fuzz@0.0.0:  9923 |                                 errcode(ERRCODE_DIVISION_BY_ZERO),
warning: decoder_fuzz@0.0.0:       |                                                                  ^
warning: decoder_fuzz@0.0.0: csrc/numericfam/vendor/postgres.h:271:14: note: in definition of macro 'ereport'
warning: decoder_fuzz@0.0.0:   271 |         do { __VA_ARGS__; if ((level) >= ERROR) nfz_raise(); } while (0)
warning: decoder_fuzz@0.0.0:       |              ^~~~~~~~~~~
warning: decoder_fuzz@0.0.0: csrc/numericfam/vendor/numeric.c: In function 'div_var_int64':
warning: decoder_fuzz@0.0.0: csrc/numericfam/vendor/numeric.c:10039:66: warning: right-hand operand of comma expression has no effect [-Wunused-value]
warning: decoder_fuzz@0.0.0: 10039 |                                 errcode(ERRCODE_DIVISION_BY_ZERO),
warning: decoder_fuzz@0.0.0:       |                                                                  ^
warning: decoder_fuzz@0.0.0: csrc/numericfam/vendor/postgres.h:271:14: note: in definition of macro 'ereport'
warning: decoder_fuzz@0.0.0:   271 |         do { __VA_ARGS__; if ((level) >= ERROR) nfz_raise(); } while (0)
warning: decoder_fuzz@0.0.0:       |              ^~~~~~~~~~~
warning: decoder_fuzz@0.0.0: csrc/numericfam/vendor/numeric.c: In function 'sqrt_var':
warning: decoder_fuzz@0.0.0: csrc/numericfam/vendor/numeric.c:10454:86: warning: right-hand operand of comma expression has no effect [-Wunused-value]
warning: decoder_fuzz@0.0.0: 10454 |                                 (errcode(ERRCODE_INVALID_ARGUMENT_FOR_POWER_FUNCTION),
warning: decoder_fuzz@0.0.0:       |                                 ~~~~~~~~~~~~~~~~~~~~~~~~~~~~~~~~~~~~~~~~~~~~~~~~~~~~~^
warning: decoder_fuzz@0.0.0: 10455 |                                  errmsg("cannot take square root of a negative number")));
warning: decoder_fuzz@0.0.0:       |                                  ~~~~~~~~~~~~~~~~~~~~~~~~~~~~~~~~~~~~~~~~~~~~~~~~~~~~~~~
warning: decoder_fuzz@0.0.0: csrc/numericfam/vendor/postgres.h:271:14: note: in definition of macro 'ereport'
warning: decoder_fuzz@0.0.0:   271 |         do { __VA_ARGS__; if ((level) >= ERROR) nfz_raise(); } while (0)
warning: decoder_fuzz@0.0.0:       |              ^~~~~~~~~~~
warning: decoder_fuzz@0.0.0: csrc/numericfam/vendor/numeric.c: In function 'exp_var':
warning: decoder_fuzz@0.0.0: csrc/numericfam/vendor/numeric.c:10928:85: warning: right-hand operand of comma expression has no effect [-Wunused-value]
warning: decoder_fuzz@0.0.0: 10928 |                                         (errcode(ERRCODE_NUMERIC_VALUE_OUT_OF_RANGE),
warning: decoder_fuzz@0.0.0:       |                                         ~~~~~~~~~~~~~~~~~~~~~~~~~~~~~~~~~~~~~~~~~~~~^
warning: decoder_fuzz@0.0.0: 10929 |                                          errmsg("value overflows numeric format")));
warning: decoder_fuzz@0.0.0:       |                                          ~~~~~~~~~~~~~~~~~~~~~~~~~~~~~~~~~~~~~~~~~
warning: decoder_fuzz@0.0.0: csrc/numericfam/vendor/postgres.h:271:14: note: in definition of macro 'ereport'
warning: decoder_fuzz@0.0.0:   271 |         do { __VA_ARGS__; if ((level) >= ERROR) nfz_raise(); } while (0)
warning: decoder_fuzz@0.0.0:       |              ^~~~~~~~~~~
warning: decoder_fuzz@0.0.0: csrc/numericfam/vendor/numeric.c: In function 'ln_var':
warning: decoder_fuzz@0.0.0: csrc/numericfam/vendor/numeric.c:11125:75: warning: right-hand operand of comma expression has no effect [-Wunused-value]
warning: decoder_fuzz@0.0.0: 11125 |                                 (errcode(ERRCODE_INVALID_ARGUMENT_FOR_LOG),
warning: decoder_fuzz@0.0.0:       |                                 ~~~~~~~~~~~~~~~~~~~~~~~~~~~~~~~~~~~~~~~~~~^
warning: decoder_fuzz@0.0.0: 11126 |                                  errmsg("cannot take logarithm of zero")));
warning: decoder_fuzz@0.0.0:       |                                  ~~~~~~~~~~~~~~~~~~~~~~~~~~~~~~~~~~~~~~~~
warning: decoder_fuzz@0.0.0: csrc/numericfam/vendor/postgres.h:271:14: note: in definition of macro 'ereport'
warning: decoder_fuzz@0.0.0:   271 |         do { __VA_ARGS__; if ((level) >= ERROR) nfz_raise(); } while (0)
warning: decoder_fuzz@0.0.0:       |              ^~~~~~~~~~~
warning: decoder_fuzz@0.0.0: csrc/numericfam/vendor/numeric.c:11129:75: warning: right-hand operand of comma expression has no effect [-Wunused-value]
warning: decoder_fuzz@0.0.0: 11129 |                                 (errcode(ERRCODE_INVALID_ARGUMENT_FOR_LOG),
warning: decoder_fuzz@0.0.0:       |                                 ~~~~~~~~~~~~~~~~~~~~~~~~~~~~~~~~~~~~~~~~~~^
warning: decoder_fuzz@0.0.0: 11130 |                                  errmsg("cannot take logarithm of a negative number")));
warning: decoder_fuzz@0.0.0:       |                                  ~~~~~~~~~~~~~~~~~~~~~~~~~~~~~~~~~~~~~~~~~~~~~~~~~~~~~
warning: decoder_fuzz@0.0.0: csrc/numericfam/vendor/postgres.h:271:14: note: in definition of macro 'ereport'
warning: decoder_fuzz@0.0.0:   271 |         do { __VA_ARGS__; if ((level) >= ERROR) nfz_raise(); } while (0)
warning: decoder_fuzz@0.0.0:       |              ^~~~~~~~~~~
warning: decoder_fuzz@0.0.0: csrc/numericfam/vendor/numeric.c: In function 'power_var':
warning: decoder_fuzz@0.0.0: csrc/numericfam/vendor/numeric.c:11345:94: warning: right-hand operand of comma expression has no effect [-Wunused-value]
warning: decoder_fuzz@0.0.0: 11345 |                                         (errcode(ERRCODE_INVALID_ARGUMENT_FOR_POWER_FUNCTION),
warning: decoder_fuzz@0.0.0:       |                                         ~~~~~~~~~~~~~~~~~~~~~~~~~~~~~~~~~~~~~~~~~~~~~~~~~~~~~^
warning: decoder_fuzz@0.0.0: 11346 |                                          errmsg("a negative number raised to a non-integer power yields a complex result")));
warning: decoder_fuzz@0.0.0:       |                                          ~~~~~~~~~~~~~~~~~~~~~~~~~~~~~~~~~~~~~~~~~~~~~~~~~~~~~~~~~~~~~~~~~~~~~~~~~~~~~~~~~~
warning: decoder_fuzz@0.0.0: csrc/numericfam/vendor/postgres.h:271:14: note: in definition of macro 'ereport'
warning: decoder_fuzz@0.0.0:   271 |         do { __VA_ARGS__; if ((level) >= ERROR) nfz_raise(); } while (0)
warning: decoder_fuzz@0.0.0:       |              ^~~~~~~~~~~
warning: decoder_fuzz@0.0.0: csrc/numericfam/vendor/numeric.c:11403:85: warning: right-hand operand of comma expression has no effect [-Wunused-value]
warning: decoder_fuzz@0.0.0: 11403 |                                         (errcode(ERRCODE_NUMERIC_VALUE_OUT_OF_RANGE),
warning: decoder_fuzz@0.0.0:       |                                         ~~~~~~~~~~~~~~~~~~~~~~~~~~~~~~~~~~~~~~~~~~~~^
warning: decoder_fuzz@0.0.0: 11404 |                                          errmsg("value overflows numeric format")));
warning: decoder_fuzz@0.0.0:       |                                          ~~~~~~~~~~~~~~~~~~~~~~~~~~~~~~~~~~~~~~~~~
warning: decoder_fuzz@0.0.0: csrc/numericfam/vendor/postgres.h:271:14: note: in definition of macro 'ereport'
warning: decoder_fuzz@0.0.0:   271 |         do { __VA_ARGS__; if ((level) >= ERROR) nfz_raise(); } while (0)
warning: decoder_fuzz@0.0.0:       |              ^~~~~~~~~~~
warning: decoder_fuzz@0.0.0: csrc/numericfam/vendor/numeric.c: In function 'power_var_int':
warning: decoder_fuzz@0.0.0: csrc/numericfam/vendor/numeric.c:11497:77: warning: right-hand operand of comma expression has no effect [-Wunused-value]
warning: decoder_fuzz@0.0.0: 11497 |                                 (errcode(ERRCODE_NUMERIC_VALUE_OUT_OF_RANGE),
warning: decoder_fuzz@0.0.0:       |                                 ~~~~~~~~~~~~~~~~~~~~~~~~~~~~~~~~~~~~~~~~~~~~^
warning: decoder_fuzz@0.0.0: 11498 |                                  errmsg("value overflows numeric format")));
warning: decoder_fuzz@0.0.0:       |                                  ~~~~~~~~~~~~~~~~~~~~~~~~~~~~~~~~~~~~~~~~~
warning: decoder_fuzz@0.0.0: csrc/numericfam/vendor/postgres.h:271:14: note: in definition of macro 'ereport'
warning: decoder_fuzz@0.0.0:   271 |         do { __VA_ARGS__; if ((level) >= ERROR) nfz_raise(); } while (0)
warning: decoder_fuzz@0.0.0:       |              ^~~~~~~~~~~
warning: decoder_fuzz@0.0.0: csrc/numericfam/vendor/numeric.c:11550:75: warning: right-hand operand of comma expression has no effect [-Wunused-value]
warning: decoder_fuzz@0.0.0: 11550 |                                         (errcode(ERRCODE_DIVISION_BY_ZERO),
warning: decoder_fuzz@0.0.0:       |                                         ~~~~~~~~~~~~~~~~~~~~~~~~~~~~~~~~~~^
warning: decoder_fuzz@0.0.0: 11551 |                                          errmsg("division by zero")));
warning: decoder_fuzz@0.0.0:       |                                          ~~~~~~~~~~~~~~~~~~~~~~~~~~~
warning: decoder_fuzz@0.0.0: csrc/numericfam/vendor/postgres.h:271:14: note: in definition of macro 'ereport'
warning: decoder_fuzz@0.0.0:   271 |         do { __VA_ARGS__; if ((level) >= ERROR) nfz_raise(); } while (0)
warning: decoder_fuzz@0.0.0:       |              ^~~~~~~~~~~
warning: decoder_fuzz@0.0.0: csrc/numericfam/vendor/numeric.c:11632:93: warning: right-hand operand of comma expression has no effect [-Wunused-value]
warning: decoder_fuzz@0.0.0: 11632 |                                                 (errcode(ERRCODE_NUMERIC_VALUE_OUT_OF_RANGE),
warning: decoder_fuzz@0.0.0:       |                                                 ~~~~~~~~~~~~~~~~~~~~~~~~~~~~~~~~~~~~~~~~~~~~^
warning: decoder_fuzz@0.0.0: 11633 |                                                  errmsg("value overflows numeric format")));
warning: decoder_fuzz@0.0.0:       |                                                  ~~~~~~~~~~~~~~~~~~~~~~~~~~~~~~~~~~~~~~~~~
warning: decoder_fuzz@0.0.0: csrc/numericfam/vendor/postgres.h:271:14: note: in definition of macro 'ereport'
warning: decoder_fuzz@0.0.0:   271 |         do { __VA_ARGS__; if ((level) >= ERROR) nfz_raise(); } while (0)
warning: decoder_fuzz@0.0.0:       |              ^~~~~~~~~~~
warning: decoder_fuzz@0.0.0: csrc/numericfam/vendor/numeric.c: In function 'random_var':
warning: decoder_fuzz@0.0.0: csrc/numericfam/vendor/numeric.c:11701:73: warning: right-hand operand of comma expression has no effect [-Wunused-value]
warning: decoder_fuzz@0.0.0: 11701 |                                 errcode(ERRCODE_INVALID_PARAMETER_VALUE),
warning: decoder_fuzz@0.0.0:       |                                                                         ^
warning: decoder_fuzz@0.0.0: csrc/numericfam/vendor/postgres.h:271:14: note: in definition of macro 'ereport'
warning: decoder_fuzz@0.0.0:   271 |         do { __VA_ARGS__; if ((level) >= ERROR) nfz_raise(); } while (0)
warning: decoder_fuzz@0.0.0:       |              ^~~~~~~~~~~
warning: decoder_fuzz@0.0.0: In file included from csrc/hashenc/pg_hashenc_ascii.c:24:
warning: decoder_fuzz@0.0.0: csrc/hashenc/shim/mb/pg_wchar.h: In function 'pg_encoding_to_char':
warning: decoder_fuzz@0.0.0: csrc/hashenc/shim/mb/pg_wchar.h:67:25: warning: unused parameter 'enc' [-Wunused-parameter]
warning: decoder_fuzz@0.0.0:    67 | pg_encoding_to_char(int enc)
warning: decoder_fuzz@0.0.0:       |                     ~~~~^~~
warning: decoder_fuzz@0.0.0: In file included from csrc/hashenc/pg_hashenc_glue.c:18:
warning: decoder_fuzz@0.0.0: csrc/hashenc/shim/mb/pg_wchar.h: In function 'pg_encoding_to_char':
warning: decoder_fuzz@0.0.0: csrc/hashenc/shim/mb/pg_wchar.h:67:25: warning: unused parameter 'enc' [-Wunused-parameter]
warning: decoder_fuzz@0.0.0:    67 | pg_encoding_to_char(int enc)
warning: decoder_fuzz@0.0.0:       |                     ~~~~^~~
warning: decoder_fuzz@0.0.0: csrc/hashenc/hmac.c: In function 'hashenc_impl_pg_hmac_init':
warning: decoder_fuzz@0.0.0: csrc/hashenc/hmac.c:158:17: warning: comparison of integer expressions of different signedness: 'size_t' {aka 'long unsigned int'} and 'int' [-Wsign-compare]
warning: decoder_fuzz@0.0.0:   158 |         if (len > block_size)
warning: decoder_fuzz@0.0.0:       |                 ^
warning: decoder_fuzz@0.0.0: csrc/hashenc/hmac.c:195:23: warning: comparison of integer expressions of different signedness: 'int' and 'size_t' {aka 'long unsigned int'} [-Wsign-compare]
warning: decoder_fuzz@0.0.0:   195 |         for (i = 0; i < len; i++)
warning: decoder_fuzz@0.0.0:       |                       ^
warning: decoder_fuzz@0.0.0: csrc/cryptofam/hmac.c: In function 'cryptofam_pg_hmac_init':
warning: decoder_fuzz@0.0.0: csrc/cryptofam/hmac.c:158:17: warning: comparison of integer expressions of different signedness: 'size_t' {aka 'long unsigned int'} and 'int' [-Wsign-compare]
warning: decoder_fuzz@0.0.0:   158 |         if (len > block_size)
warning: decoder_fuzz@0.0.0:       |                 ^
warning: decoder_fuzz@0.0.0: csrc/cryptofam/hmac.c:195:23: warning: comparison of integer expressions of different signedness: 'int' and 'size_t' {aka 'long unsigned int'} [-Wsign-compare]
warning: decoder_fuzz@0.0.0:   195 |         for (i = 0; i < len; i++)
warning: decoder_fuzz@0.0.0:       |                       ^
warning: decoder_fuzz@0.0.0: csrc/tablesfam/kwlookup.c: In function 'tablesfam_ScanKeywordLookup':
warning: decoder_fuzz@0.0.0: csrc/tablesfam/kwlookup.c:50:17: warning: comparison of integer expressions of different signedness: 'size_t' {aka 'long unsigned int'} and 'int' [-Wsign-compare]
warning: decoder_fuzz@0.0.0:    50 |         if (len > keywords->max_kw_len)
warning: decoder_fuzz@0.0.0:       |                 ^
warning: decoder_fuzz@0.0.0: csrc/pg_json_io.c: In function 'json_unique_hash':
warning: decoder_fuzz@0.0.0: csrc/pg_json_io.c:439:40: warning: unused parameter 'keysize' [-Wunused-parameter]
warning: decoder_fuzz@0.0.0:   439 | json_unique_hash(const void *key, Size keysize)
warning: decoder_fuzz@0.0.0:       |                                   ~~~~~^~~~~~~
warning: decoder_fuzz@0.0.0: csrc/pg_json_io.c: In function 'json_unique_hash_match':
warning: decoder_fuzz@0.0.0: csrc/pg_json_io.c:450:65: warning: unused parameter 'keysize' [-Wunused-parameter]
warning: decoder_fuzz@0.0.0:   450 | json_unique_hash_match(const void *key1, const void *key2, Size keysize)
warning: decoder_fuzz@0.0.0:       |                                                            ~~~~~^~~~~~~
warning: decoder_fuzz@0.0.0: csrc/pg_json_io.c: In function 'pg_jsonfam_escape_json_with_len':
warning: decoder_fuzz@0.0.0: csrc/pg_json_io.c:625:35: warning: comparison of integer expressions of different signedness: 'int' and 'long unsigned int' [-Wsign-compare]
warning: decoder_fuzz@0.0.0:   625 |                 for (int b = 0; b < sizeof(Vector8); b++)
warning: decoder_fuzz@0.0.0:       |                                   ^
warning: decoder_fuzz@0.0.0: csrc/pg_json_io.c: In function 'json_unique_object_field_start':
warning: decoder_fuzz@0.0.0: csrc/pg_json_io.c:695:64: warning: unused parameter 'isnull' [-Wunused-parameter]
warning: decoder_fuzz@0.0.0:   695 | json_unique_object_field_start(void *_state, char *field, bool isnull)
warning: decoder_fuzz@0.0.0:       |                                                                ^
warning: decoder_fuzz@0.0.0: csrc/pg_json_io.c: In function 'pg_jsonfam_json_errsave_error':
warning: decoder_fuzz@0.0.0: csrc/pg_json_io.c:1044:42: warning: unused parameter 'escontext' [-Wunused-parameter]
warning: decoder_fuzz@0.0.0:  1044 |                                    Node *escontext)
warning: decoder_fuzz@0.0.0:       |                                    ~~~~~~^~~~~~~~~
warning: decoder_fuzz@0.0.0: csrc/pg_json_io.c: In function 'report_json_context':
warning: decoder_fuzz@0.0.0: csrc/pg_json_io.c:1115:52: warning: comparison of integer expressions of different signedness: 'long int' and 'size_t' {aka 'long unsigned int'} [-Wsign-compare]
warning: decoder_fuzz@0.0.0:  1115 |                           context_end - lex->input < lex->input_length &&
warning: decoder_fuzz@0.0.0:       |                                                    ^
warning: decoder_fuzz@0.0.0: csrc/pg_json_io.c: In function 'get_object_field_start':
warning: decoder_fuzz@0.0.0: csrc/pg_json_io.c:1217:55: warning: unused parameter 'isnull' [-Wunused-parameter]
warning: decoder_fuzz@0.0.0:  1217 | get_object_field_start(void *state, char *fname, bool isnull)
warning: decoder_fuzz@0.0.0:       |                                                       ^
warning: decoder_fuzz@0.0.0: csrc/pg_json_io.c: In function 'get_array_element_start':
warning: decoder_fuzz@0.0.0: csrc/pg_json_io.c:1373:43: warning: unused parameter 'isnull' [-Wunused-parameter]
warning: decoder_fuzz@0.0.0:  1373 | get_array_element_start(void *state, bool isnull)
warning: decoder_fuzz@0.0.0:       |                                           ^
warning: decoder_fuzz@0.0.0: csrc/pg_json_io.c: In function 'alen_scalar':
warning: decoder_fuzz@0.0.0: csrc/pg_json_io.c:1684:32: warning: unused parameter 'token' [-Wunused-parameter]
warning: decoder_fuzz@0.0.0:  1684 | alen_scalar(void *state, char *token, JsonTokenType tokentype)
warning: decoder_fuzz@0.0.0:       |                          ~~~~~~^~~~~
warning: decoder_fuzz@0.0.0: csrc/pg_json_io.c:1684:53: warning: unused parameter 'tokentype' [-Wunused-parameter]
warning: decoder_fuzz@0.0.0:  1684 | alen_scalar(void *state, char *token, JsonTokenType tokentype)
warning: decoder_fuzz@0.0.0:       |                                       ~~~~~~~~~~~~~~^~~~~~~~~
warning: decoder_fuzz@0.0.0: csrc/pg_json_io.c: In function 'alen_array_element_start':
warning: decoder_fuzz@0.0.0: csrc/pg_json_io.c:1698:44: warning: unused parameter 'isnull' [-Wunused-parameter]
warning: decoder_fuzz@0.0.0:  1698 | alen_array_element_start(void *state, bool isnull)
warning: decoder_fuzz@0.0.0:       |                                            ^
warning: decoder_fuzz@0.0.0: csrc/jsonfam/jsonapi.c: In function 'json_lex_number':
warning: decoder_fuzz@0.0.0: csrc/jsonfam/jsonapi.c:2261:17: warning: comparison of integer expressions of different signedness: 'int' and 'size_t' {aka 'long unsigned int'} [-Wsign-compare]
warning: decoder_fuzz@0.0.0:  2261 |         if (len < lex->input_length && *s == '0')
warning: decoder_fuzz@0.0.0:       |                 ^
warning: decoder_fuzz@0.0.0: csrc/jsonfam/jsonapi.c:2266:22: warning: comparison of integer expressions of different signedness: 'int' and 'size_t' {aka 'long unsigned int'} [-Wsign-compare]
warning: decoder_fuzz@0.0.0:  2266 |         else if (len < lex->input_length && *s >= '1' && *s <= '9')
warning: decoder_fuzz@0.0.0:       |                      ^
warning: decoder_fuzz@0.0.0: csrc/jsonfam/jsonapi.c:2272:30: warning: comparison of integer expressions of different signedness: 'int' and 'size_t' {aka 'long unsigned int'} [-Wsign-compare]
warning: decoder_fuzz@0.0.0:  2272 |                 } while (len < lex->input_length && *s >= '0' && *s <= '9');
warning: decoder_fuzz@0.0.0:       |                              ^
warning: decoder_fuzz@0.0.0: csrc/jsonfam/jsonapi.c:2278:17: warning: comparison of integer expressions of different signedness: 'int' and 'size_t' {aka 'long unsigned int'} [-Wsign-compare]
warning: decoder_fuzz@0.0.0:  2278 |         if (len < lex->input_length && *s == '.')
warning: decoder_fuzz@0.0.0:       |                 ^
warning: decoder_fuzz@0.0.0: csrc/jsonfam/jsonapi.c:2282:25: warning: comparison of integer expressions of different signedness: 'int' and 'size_t' {aka 'long unsigned int'} [-Wsign-compare]
warning: decoder_fuzz@0.0.0:  2282 |                 if (len == lex->input_length || *s < '0' || *s > '9')
warning: decoder_fuzz@0.0.0:       |                         ^~
warning: decoder_fuzz@0.0.0: csrc/jsonfam/jsonapi.c:2290:38: warning: comparison of integer expressions of different signedness: 'int' and 'size_t' {aka 'long unsigned int'} [-Wsign-compare]
warning: decoder_fuzz@0.0.0:  2290 |                         } while (len < lex->input_length && *s >= '0' && *s <= '9');
warning: decoder_fuzz@0.0.0:       |                                      ^
warning: decoder_fuzz@0.0.0: csrc/jsonfam/jsonapi.c:2295:17: warning: comparison of integer expressions of different signedness: 'int' and 'size_t' {aka 'long unsigned int'} [-Wsign-compare]
warning: decoder_fuzz@0.0.0:  2295 |         if (len < lex->input_length && (*s == 'e' || *s == 'E'))
warning: decoder_fuzz@0.0.0:       |                 ^
warning: decoder_fuzz@0.0.0: csrc/jsonfam/jsonapi.c:2299:25: warning: comparison of integer expressions of different signedness: 'int' and 'size_t' {aka 'long unsigned int'} [-Wsign-compare]
warning: decoder_fuzz@0.0.0:  2299 |                 if (len < lex->input_length && (*s == '+' || *s == '-'))
warning: decoder_fuzz@0.0.0:       |                         ^
warning: decoder_fuzz@0.0.0: csrc/jsonfam/jsonapi.c:2304:25: warning: comparison of integer expressions of different signedness: 'int' and 'size_t' {aka 'long unsigned int'} [-Wsign-compare]
warning: decoder_fuzz@0.0.0:  2304 |                 if (len == lex->input_length || *s < '0' || *s > '9')
warning: decoder_fuzz@0.0.0:       |                         ^~
warning: decoder_fuzz@0.0.0: csrc/jsonfam/jsonapi.c:2312:38: warning: comparison of integer expressions of different signedness: 'int' and 'size_t' {aka 'long unsigned int'} [-Wsign-compare]
warning: decoder_fuzz@0.0.0:  2312 |                         } while (len < lex->input_length && *s >= '0' && *s <= '9');
warning: decoder_fuzz@0.0.0:       |                                      ^
warning: decoder_fuzz@0.0.0: csrc/jsonfam/jsonapi.c:2321:20: warning: comparison of integer expressions of different signedness: 'int' and 'size_t' {aka 'long unsigned int'} [-Wsign-compare]
warning: decoder_fuzz@0.0.0:  2321 |         for (; len < lex->input_length && JSON_ALPHANUMERIC_CHAR(*s); s++, len++)
warning: decoder_fuzz@0.0.0:       |                    ^
warning: decoder_fuzz@0.0.0: csrc/jsonfam/jsonapi.c:2328:21: warning: comparison of integer expressions of different signedness: 'int' and 'size_t' {aka 'long unsigned int'} [-Wsign-compare]
warning: decoder_fuzz@0.0.0:  2328 |                 len >= lex->input_length)
warning: decoder_fuzz@0.0.0:       |                     ^~
warning: decoder_fuzz@0.0.0: ../../proofs/mbconv/c/pg_mbconv_common.c: In function 'pg_latin1_mblen':
warning: decoder_fuzz@0.0.0: ../../proofs/mbconv/c/pg_mbconv_common.c:234:38: warning: unused parameter 's' [-Wunused-parameter]
warning: decoder_fuzz@0.0.0:   234 | pg_latin1_mblen(const unsigned char *s)
warning: decoder_fuzz@0.0.0:       |                 ~~~~~~~~~~~~~~~~~~~~~^
warning: decoder_fuzz@0.0.0: ../../proofs/mbconv/c/pg_mbconv_common.c: In function 'pg_latin1_verifychar':
warning: decoder_fuzz@0.0.0: ../../proofs/mbconv/c/pg_mbconv_common.c:483:43: warning: unused parameter 's' [-Wunused-parameter]
warning: decoder_fuzz@0.0.0:   483 | pg_latin1_verifychar(const unsigned char *s, int len)
warning: decoder_fuzz@0.0.0:       |                      ~~~~~~~~~~~~~~~~~~~~~^
warning: decoder_fuzz@0.0.0: ../../proofs/mbconv/c/pg_mbconv_common.c:483:50: warning: unused parameter 'len' [-Wunused-parameter]
warning: decoder_fuzz@0.0.0:   483 | pg_latin1_verifychar(const unsigned char *s, int len)
warning: decoder_fuzz@0.0.0:       |                                              ~~~~^~~
warning: decoder_fuzz@0.0.0: ../../proofs/mbconv/c/pg_mbconv_common.c: In function 'local2local':
warning: decoder_fuzz@0.0.0: ../../proofs/mbconv/c/pg_mbconv_common.c:679:29: warning: unused parameter 'src_encoding' [-Wunused-parameter]
warning: decoder_fuzz@0.0.0:   679 |                         int src_encoding,
warning: decoder_fuzz@0.0.0:       |                         ~~~~^~~~~~~~~~~~
warning: decoder_fuzz@0.0.0: ../../proofs/mbconv/c/pg_mbconv_common.c:680:29: warning: unused parameter 'dest_encoding' [-Wunused-parameter]
warning: decoder_fuzz@0.0.0:   680 |                         int dest_encoding,
warning: decoder_fuzz@0.0.0:       |                         ~~~~^~~~~~~~~~~~~
warning: decoder_fuzz@0.0.0: ../../proofs/mbconv/c/pg_mbconv_common.c: In function 'latin2mic':
warning: decoder_fuzz@0.0.0: ../../proofs/mbconv/c/pg_mbconv_common.c:722:31: warning: unused parameter 'encoding' [-Wunused-parameter]
warning: decoder_fuzz@0.0.0:   722 |                   int lc, int encoding, bool noError)
warning: decoder_fuzz@0.0.0:       |                           ~~~~^~~~~~~~
warning: decoder_fuzz@0.0.0: ../../proofs/mbconv/c/pg_mbconv_common.c: In function 'mic2latin':
warning: decoder_fuzz@0.0.0: ../../proofs/mbconv/c/pg_mbconv_common.c:749:31: warning: unused parameter 'encoding' [-Wunused-parameter]
warning: decoder_fuzz@0.0.0:   749 |                   int lc, int encoding, bool noError)
warning: decoder_fuzz@0.0.0:       |                           ~~~~^~~~~~~~
warning: decoder_fuzz@0.0.0: ../../proofs/mbconv/c/pg_mbconv_common.c: In function 'latin2mic_with_table':
warning: decoder_fuzz@0.0.0: ../../proofs/mbconv/c/pg_mbconv_common.c:803:46: warning: unused parameter 'encoding' [-Wunused-parameter]
warning: decoder_fuzz@0.0.0:   803 |                                          int encoding,
warning: decoder_fuzz@0.0.0:       |                                          ~~~~^~~~~~~~
warning: decoder_fuzz@0.0.0: ../../proofs/mbconv/c/pg_mbconv_common.c: In function 'mic2latin_with_table':
warning: decoder_fuzz@0.0.0: ../../proofs/mbconv/c/pg_mbconv_common.c:851:46: warning: unused parameter 'encoding' [-Wunused-parameter]
warning: decoder_fuzz@0.0.0:   851 |                                          int encoding,
warning: decoder_fuzz@0.0.0:       |                                          ~~~~^~~~~~~~
warning: decoder_fuzz@0.0.0: ../../proofs/mbconv/c/pg_conv_euc_tw_big5.c: In function 'BIG5toCNS':
warning: decoder_fuzz@0.0.0: ../../proofs/mbconv/c/pg_conv_euc_tw_big5.c:297:31: warning: comparison of integer expressions of different signedness: 'int' and 'long unsigned int' [-Wsign-compare]
warning: decoder_fuzz@0.0.0:   297 |                 for (i = 0; i < sizeof(b1c4) / (sizeof(unsigned short) * 2); i++)
warning: decoder_fuzz@0.0.0:       |                               ^
warning: decoder_fuzz@0.0.0: ../../proofs/mbconv/c/pg_conv_euc_tw_big5.c:318:31: warning: comparison of integer expressions of different signedness: 'int' and 'long unsigned int' [-Wsign-compare]
warning: decoder_fuzz@0.0.0:   318 |                 for (i = 0; i < sizeof(b2c3) / (sizeof(unsigned short) * 2); i++)
warning: decoder_fuzz@0.0.0:       |                               ^
warning: decoder_fuzz@0.0.0: ../../proofs/mbconv/c/pg_conv_euc_tw_big5.c: In function 'CNStoBIG5':
warning: decoder_fuzz@0.0.0: ../../proofs/mbconv/c/pg_conv_euc_tw_big5.c:357:39: warning: comparison of integer expressions of different signedness: 'int' and 'long unsigned int' [-Wsign-compare]
warning: decoder_fuzz@0.0.0:   357 |                         for (i = 0; i < sizeof(b2c3) / (sizeof(unsigned short) * 2); i++)
warning: decoder_fuzz@0.0.0:       |                                       ^
warning: decoder_fuzz@0.0.0: ../../proofs/mbconv/c/pg_conv_euc_tw_big5.c:364:39: warning: comparison of integer expressions of different signedness: 'int' and 'long unsigned int' [-Wsign-compare]
warning: decoder_fuzz@0.0.0:   364 |                         for (i = 0; i < sizeof(b1c4) / (sizeof(unsigned short) * 2); i++)
warning: decoder_fuzz@0.0.0:       |                                       ^
warning: decoder_fuzz@0.0.0: ../../proofs/mbconv/c/pg_conv_utf8_iso8859.c: In function 'pg_iso8859_to_utf8':
warning: decoder_fuzz@0.0.0: ../../proofs/mbconv/c/pg_conv_utf8_iso8859.c:82:23: warning: comparison of integer expressions of different signedness: 'int' and 'long unsigned int' [-Wsign-compare]
warning: decoder_fuzz@0.0.0:    82 |         for (i = 0; i < lengthof(maps); i++)
warning: decoder_fuzz@0.0.0:       |                       ^
warning: decoder_fuzz@0.0.0: ../../proofs/mbconv/c/pg_conv_utf8_iso8859.c:84:30: warning: comparison of integer expressions of different signedness: 'int' and 'pg_enc' [-Wsign-compare]
warning: decoder_fuzz@0.0.0:    84 |                 if (encoding == maps[i].encoding)
warning: decoder_fuzz@0.0.0:       |                              ^~
warning: decoder_fuzz@0.0.0: ../../proofs/mbconv/c/pg_conv_utf8_iso8859.c: In function 'pg_utf8_to_iso8859':
warning: decoder_fuzz@0.0.0: ../../proofs/mbconv/c/pg_conv_utf8_iso8859.c:113:23: warning: comparison of integer expressions of different signedness: 'int' and 'long unsigned int' [-Wsign-compare]
warning: decoder_fuzz@0.0.0:   113 |         for (i = 0; i < lengthof(maps); i++)
warning: decoder_fuzz@0.0.0:       |                       ^
warning: decoder_fuzz@0.0.0: ../../proofs/mbconv/c/pg_conv_utf8_iso8859.c:115:30: warning: comparison of integer expressions of different signedness: 'int' and 'pg_enc' [-Wsign-compare]
warning: decoder_fuzz@0.0.0:   115 |                 if (encoding == maps[i].encoding)
warning: decoder_fuzz@0.0.0:       |                              ^~
warning: decoder_fuzz@0.0.0: ../../proofs/mbconv/c/pg_conv_utf8_win.c: In function 'pg_win_to_utf8':
warning: decoder_fuzz@0.0.0: ../../proofs/mbconv/c/pg_conv_utf8_win.c:64:23: warning: comparison of integer expressions of different signedness: 'int' and 'long unsigned int' [-Wsign-compare]
warning: decoder_fuzz@0.0.0:    64 |         for (i = 0; i < lengthof(maps); i++)
warning: decoder_fuzz@0.0.0:       |                       ^
warning: decoder_fuzz@0.0.0: ../../proofs/mbconv/c/pg_conv_utf8_win.c:66:30: warning: comparison of integer expressions of different signedness: 'int' and 'pg_enc' [-Wsign-compare]
warning: decoder_fuzz@0.0.0:    66 |                 if (encoding == maps[i].encoding)
warning: decoder_fuzz@0.0.0:       |                              ^~
warning: decoder_fuzz@0.0.0: ../../proofs/mbconv/c/pg_conv_utf8_win.c: In function 'pg_utf8_to_win':
warning: decoder_fuzz@0.0.0: ../../proofs/mbconv/c/pg_conv_utf8_win.c:95:23: warning: comparison of integer expressions of different signedness: 'int' and 'long unsigned int' [-Wsign-compare]
warning: decoder_fuzz@0.0.0:    95 |         for (i = 0; i < lengthof(maps); i++)
warning: decoder_fuzz@0.0.0:       |                       ^
warning: decoder_fuzz@0.0.0: ../../proofs/mbconv/c/pg_conv_utf8_win.c:97:30: warning: comparison of integer expressions of different signedness: 'int' and 'pg_enc' [-Wsign-compare]
warning: decoder_fuzz@0.0.0:    97 |                 if (encoding == maps[i].encoding)
warning: decoder_fuzz@0.0.0:       |                              ^~
warning: decoder_fuzz@0.0.0: In file included from csrc/jsonpath/include/nodes/miscnodes.h:23,
warning: decoder_fuzz@0.0.0:                  from csrc/jsonpath/jsonpath.c:70:
warning: decoder_fuzz@0.0.0: csrc/jsonpath/include/nodes/nodes.h: In function 'castNodeImpl':
warning: decoder_fuzz@0.0.0: csrc/jsonpath/include/nodes/nodes.h:56:22: warning: unused parameter 'type' [-Wunused-parameter]
warning: decoder_fuzz@0.0.0:    56 | castNodeImpl(NodeTag type, void *ptr)
warning: decoder_fuzz@0.0.0:       |              ~~~~~~~~^~~~
warning: decoder_fuzz@0.0.0: In function 'jsonPathFromCstring',
warning: decoder_fuzz@0.0.0:     inlined from 'jsonpath_recv' at csrc/jsonpath/jsonpath.c:127:9:
warning: decoder_fuzz@0.0.0: csrc/jsonpath/jsonpath.c:175:41: warning: 'str' may be used uninitialized [-Wmaybe-uninitialized]
warning: decoder_fuzz@0.0.0:   175 |         JsonPathParseResult *jsonpath = parsejsonpath(in, len, escontext);
warning: decoder_fuzz@0.0.0:       |                                         ^~~~~~~~~~~~~~~~~~~~~~~~~~~~~~~~~
warning: decoder_fuzz@0.0.0: csrc/jsonpath/jsonpath.c: In function 'jsonpath_recv':
warning: decoder_fuzz@0.0.0: csrc/jsonpath/jsonpath.c:119:21: note: 'str' was declared here
warning: decoder_fuzz@0.0.0:   119 |         char       *str;
warning: decoder_fuzz@0.0.0:       |                     ^~~
warning: decoder_fuzz@0.0.0: In file included from csrc/jsonpath/include/nodes/miscnodes.h:23,
warning: decoder_fuzz@0.0.0:                  from csrc/jsonpath/include/fmgr.h:133,
warning: decoder_fuzz@0.0.0:                  from /home/dev/dev/pgrust-reference/vendor/postgres-src/src/backend/utils/adt/jsonpath_gram.y:20:
warning: decoder_fuzz@0.0.0: csrc/jsonpath/include/nodes/nodes.h: In function 'castNodeImpl':
warning: decoder_fuzz@0.0.0: csrc/jsonpath/include/nodes/nodes.h:56:22: warning: unused parameter 'type' [-Wunused-parameter]
warning: decoder_fuzz@0.0.0:    56 | castNodeImpl(NodeTag type, void *ptr)
warning: decoder_fuzz@0.0.0:       |              ~~~~~~~~^~~~
warning: decoder_fuzz@0.0.0: /home/dev/dev/pgrust-reference/vendor/postgres-src/src/backend/utils/adt/jsonpath_gram.y: In function 'makeAny':
warning: decoder_fuzz@0.0.0: /home/dev/dev/pgrust-reference/vendor/postgres-src/src/backend/utils/adt/jsonpath_gram.y:557:44: warning: operand of '?:' changes signedness from 'int' to 'unsigned int' due to unsignedness of other operand [-Wsign-compare]
warning: decoder_fuzz@0.0.0: /home/dev/dev/pgrust-reference/vendor/postgres-src/src/backend/utils/adt/jsonpath_gram.y:558:42: warning: operand of '?:' changes signedness from 'int' to 'unsigned int' due to unsignedness of other operand [-Wsign-compare]
warning: decoder_fuzz@0.0.0: In file included from csrc/jsonpath/include/nodes/miscnodes.h:23,
warning: decoder_fuzz@0.0.0:                  from csrc/jsonpath/include/fmgr.h:133,
warning: decoder_fuzz@0.0.0:                  from csrc/jsonpath/include/utils/jsonpath.h:18,
warning: decoder_fuzz@0.0.0:                  from csrc/jsonpath/jsonpath_internal.h:30,
warning: decoder_fuzz@0.0.0:                  from jsonpath_scan.c:23:
warning: decoder_fuzz@0.0.0: csrc/jsonpath/include/nodes/nodes.h: In function 'castNodeImpl':
warning: decoder_fuzz@0.0.0: csrc/jsonpath/include/nodes/nodes.h:56:22: warning: unused parameter 'type' [-Wunused-parameter]
warning: decoder_fuzz@0.0.0:    56 | castNodeImpl(NodeTag type, void *ptr)
warning: decoder_fuzz@0.0.0:       |              ~~~~~~~~^~~~
warning: decoder_fuzz@0.0.0: /home/dev/dev/pgrust-reference/vendor/postgres-src/src/backend/utils/adt/jsonpath_scan.l: In function 'fprintf_to_ereport':
warning: decoder_fuzz@0.0.0: /home/dev/dev/pgrust-reference/vendor/postgres-src/src/backend/utils/adt/jsonpath_scan.l:49:32: warning: unused parameter 'fmt' [-Wunused-parameter]
warning: decoder_fuzz@0.0.0: jsonpath_scan.c: In function 'jsonpath_yylex':
warning: decoder_fuzz@0.0.0: csrc/jsonpath/jsonpath_internal.h:34:81: warning: unused parameter 'result' [-Wunused-parameter]
warning: decoder_fuzz@0.0.0:    34 |                                                           JsonPathParseResult **result, \
warning: decoder_fuzz@0.0.0:       |                                                           ~~~~~~~~~~~~~~~~~~~~~~^~~~~~
warning: decoder_fuzz@0.0.0: jsonpath_scan.c:1090:1: note: in expansion of macro 'YY_DECL'
warning: decoder_fuzz@0.0.0: jsonpath_scan.c: In function 'yy_get_next_buffer':
warning: decoder_fuzz@0.0.0: jsonpath_scan.c:1849:41: warning: comparison of integer expressions of different signedness: 'yy_size_t' {aka 'long unsigned int'} and 'int' [-Wsign-compare]
warning: decoder_fuzz@0.0.0: /home/dev/dev/pgrust-reference/vendor/postgres-src/src/backend/utils/adt/jsonpath_scan.l: In function 'jsonpath_yyerror':
warning: decoder_fuzz@0.0.0: /home/dev/dev/pgrust-reference/vendor/postgres-src/src/backend/utils/adt/jsonpath_scan.l:362:40: warning: unused parameter 'result' [-Wunused-parameter]
warning: decoder_fuzz@0.0.0: /home/dev/dev/pgrust-reference/vendor/postgres-src/src/backend/utils/adt/jsonpath_scan.l: In function 'jsonpath_yyalloc':
warning: decoder_fuzz@0.0.0: /home/dev/dev/pgrust-reference/vendor/postgres-src/src/backend/utils/adt/jsonpath_scan.l:722:44: warning: unused parameter 'yyscanner' [-Wunused-parameter]
warning: decoder_fuzz@0.0.0: /home/dev/dev/pgrust-reference/vendor/postgres-src/src/backend/utils/adt/jsonpath_scan.l: In function 'jsonpath_yyrealloc':
warning: decoder_fuzz@0.0.0: /home/dev/dev/pgrust-reference/vendor/postgres-src/src/backend/utils/adt/jsonpath_scan.l:728:57: warning: unused parameter 'yyscanner' [-Wunused-parameter]
warning: decoder_fuzz@0.0.0: /home/dev/dev/pgrust-reference/vendor/postgres-src/src/backend/utils/adt/jsonpath_scan.l: In function 'jsonpath_yyfree':
warning: decoder_fuzz@0.0.0: /home/dev/dev/pgrust-reference/vendor/postgres-src/src/backend/utils/adt/jsonpath_scan.l:737:37: warning: unused parameter 'yyscanner' [-Wunused-parameter]
warning: decoder_fuzz@0.0.0: In file included from csrc/jsonpath/include/nodes/miscnodes.h:23,
warning: decoder_fuzz@0.0.0:                  from csrc/jsonpath/include/fmgr.h:133,
warning: decoder_fuzz@0.0.0:                  from csrc/jsonpath/pg_numeric_min.c:27:
warning: decoder_fuzz@0.0.0: csrc/jsonpath/include/nodes/nodes.h: In function 'castNodeImpl':
warning: decoder_fuzz@0.0.0: csrc/jsonpath/include/nodes/nodes.h:56:22: warning: unused parameter 'type' [-Wunused-parameter]
warning: decoder_fuzz@0.0.0:    56 | castNodeImpl(NodeTag type, void *ptr)
warning: decoder_fuzz@0.0.0:       |              ~~~~~~~~^~~~
warning: decoder_fuzz@0.0.0: csrc/jsonpath/pg_numeric_min.c: At top level:
warning: decoder_fuzz@0.0.0: csrc/jsonpath/pg_numeric_min.c:4980:1: warning: 'div_mod_var' defined but not used [-Wunused-function]
warning: decoder_fuzz@0.0.0:  4980 | div_mod_var(const NumericVar *var1, const NumericVar *var2,
warning: decoder_fuzz@0.0.0:       | ^~~~~~~~~~~
warning: decoder_fuzz@0.0.0: csrc/jsonpath/pg_numeric_min.c:348:25: warning: 'const_one_point_one' defined but not used [-Wunused-const-variable=]
warning: decoder_fuzz@0.0.0:   348 | static const NumericVar const_one_point_one =
warning: decoder_fuzz@0.0.0:       |                         ^~~~~~~~~~~~~~~~~~~
warning: decoder_fuzz@0.0.0: csrc/jsonpath/pg_numeric_min.c:338:25: warning: 'const_zero_point_nine' defined but not used [-Wunused-const-variable=]
warning: decoder_fuzz@0.0.0:   338 | static const NumericVar const_zero_point_nine =
warning: decoder_fuzz@0.0.0:       |                         ^~~~~~~~~~~~~~~~~~~~~
warning: decoder_fuzz@0.0.0: csrc/jsonpath/pg_numeric_min.c:328:25: warning: 'const_two' defined but not used [-Wunused-const-variable=]
warning: decoder_fuzz@0.0.0:   328 | static const NumericVar const_two =
warning: decoder_fuzz@0.0.0:       |                         ^~~~~~~~~
warning: decoder_fuzz@0.0.0: csrc/jsonpath/pg_numeric_min.c:324:25: warning: 'const_minus_one' defined but not used [-Wunused-const-variable=]
warning: decoder_fuzz@0.0.0:   324 | static const NumericVar const_minus_one =
warning: decoder_fuzz@0.0.0:       |                         ^~~~~~~~~~~~~~~
warning: decoder_fuzz@0.0.0: In file included from csrc/jsonpath/include/nodes/miscnodes.h:23,
warning: decoder_fuzz@0.0.0:                  from csrc/jsonpath/pg_formatting_min.c:33:
warning: decoder_fuzz@0.0.0: csrc/jsonpath/include/nodes/nodes.h: In function 'castNodeImpl':
warning: decoder_fuzz@0.0.0: csrc/jsonpath/include/nodes/nodes.h:56:22: warning: unused parameter 'type' [-Wunused-parameter]
warning: decoder_fuzz@0.0.0:    56 | castNodeImpl(NodeTag type, void *ptr)
warning: decoder_fuzz@0.0.0:       |              ~~~~~~~~^~~~
warning: decoder_fuzz@0.0.0: csrc/jsonpath/pg_formatting_min.c: At top level:
warning: decoder_fuzz@0.0.0: csrc/jsonpath/pg_formatting_min.c:60:9: warning: "TopMemoryContext" redefined
warning: decoder_fuzz@0.0.0:    60 | #define TopMemoryContext ((void *) 0)
warning: decoder_fuzz@0.0.0:       |         ^~~~~~~~~~~~~~~~
warning: decoder_fuzz@0.0.0: <command-line>: note: this is the location of the previous definition
warning: decoder_fuzz@0.0.0: csrc/jsonpath/pg_formatting_min.c:81:9: warning: "pnstrdup" redefined
warning: decoder_fuzz@0.0.0:    81 | #define pnstrdup(in, len) pnstrdup_shim((in), (len))
warning: decoder_fuzz@0.0.0:       |         ^~~~~~~~
warning: decoder_fuzz@0.0.0: <command-line>: note: this is the location of the previous definition
warning: decoder_fuzz@0.0.0: csrc/jsonpath/pg_formatting_min.c: In function 'NUMDesc_prepare':
warning: decoder_fuzz@0.0.0: csrc/jsonpath/pg_formatting_min.c:569:26: warning: unused parameter 'num' [-Wunused-parameter]
warning: decoder_fuzz@0.0.0:   569 | NUMDesc_prepare(NUMDesc *num, FormatNode *n)
warning: decoder_fuzz@0.0.0:       |                 ~~~~~~~~~^~~
warning: decoder_fuzz@0.0.0: csrc/jsonpath/pg_formatting_min.c:569:43: warning: unused parameter 'n' [-Wunused-parameter]
warning: decoder_fuzz@0.0.0:   569 | NUMDesc_prepare(NUMDesc *num, FormatNode *n)
warning: decoder_fuzz@0.0.0:       |                               ~~~~~~~~~~~~^
warning: decoder_fuzz@0.0.0: csrc/jsonpath/pg_formatting_min.c: In function 'jporcl_datetime_format_has_tz':
warning: decoder_fuzz@0.0.0: csrc/jsonpath/pg_formatting_min.c:1024:21: warning: comparison of integer expressions of different signedness: 'int' and 'long unsigned int' [-Wsign-compare]
warning: decoder_fuzz@0.0.0:  1024 |         if (fmt_len > DCH_CACHE_SIZE)
warning: decoder_fuzz@0.0.0:       |                     ^
warning: decoder_fuzz@0.0.0: In file included from csrc/jsonpath/include/nodes/pg_list.h:42,
warning: decoder_fuzz@0.0.0:                  from csrc/jsonpath/pg_support_min.c:44:
warning: decoder_fuzz@0.0.0: csrc/jsonpath/include/nodes/nodes.h: In function 'castNodeImpl':
warning: decoder_fuzz@0.0.0: csrc/jsonpath/include/nodes/nodes.h:56:22: warning: unused parameter 'type' [-Wunused-parameter]
warning: decoder_fuzz@0.0.0:    56 | castNodeImpl(NodeTag type, void *ptr)
warning: decoder_fuzz@0.0.0:       |              ~~~~~~~~^~~~
warning: decoder_fuzz@0.0.0: In file included from csrc/jsonpath/include/nodes/miscnodes.h:23,
warning: decoder_fuzz@0.0.0:                  from csrc/jsonpath/include/fmgr.h:133,
warning: decoder_fuzz@0.0.0:                  from csrc/jsonpath/pg_jsonpath_env.c:39:
warning: decoder_fuzz@0.0.0: csrc/jsonpath/include/nodes/nodes.h: In function 'castNodeImpl':
warning: decoder_fuzz@0.0.0: csrc/jsonpath/include/nodes/nodes.h:56:22: warning: unused parameter 'type' [-Wunused-parameter]
warning: decoder_fuzz@0.0.0:    56 | castNodeImpl(NodeTag type, void *ptr)
warning: decoder_fuzz@0.0.0:       |              ~~~~~~~~^~~~
warning: decoder_fuzz@0.0.0: csrc/jsonpath/pg_jsonpath_env.c: In function 'pg_jsonpath_palloc_extended':
warning: decoder_fuzz@0.0.0: csrc/jsonpath/pg_jsonpath_env.c:162:44: warning: unused parameter 'flags' [-Wunused-parameter]
warning: decoder_fuzz@0.0.0:   162 | pg_jsonpath_palloc_extended(Size size, int flags)
warning: decoder_fuzz@0.0.0:       |                                        ~~~~^~~~~
warning: decoder_fuzz@0.0.0: csrc/jsonpath/pg_jsonpath_env.c: In function 'jporcl_errhint':
warning: decoder_fuzz@0.0.0: csrc/jsonpath/pg_jsonpath_env.c:284:21: warning: unused parameter 'fmt' [-Wunused-parameter]
warning: decoder_fuzz@0.0.0:   284 | errhint(const char *fmt, ...)
warning: decoder_fuzz@0.0.0:       |         ~~~~~~~~~~~~^~~
warning: decoder_fuzz@0.0.0: csrc/jsonpath/pg_jsonpath_env.c: In function 'pg_jsonpath_ereport_finish':
warning: decoder_fuzz@0.0.0: csrc/jsonpath/pg_jsonpath_env.c:290:32: warning: unused parameter 'elevel' [-Wunused-parameter]
warning: decoder_fuzz@0.0.0:   290 | pg_jsonpath_ereport_finish(int elevel)
warning: decoder_fuzz@0.0.0:       |                            ~~~~^~~~~~
warning: decoder_fuzz@0.0.0: csrc/jsonpath/pg_jsonpath_env.c: In function 'jporcl_pg_newlocale_from_collation':
warning: decoder_fuzz@0.0.0: csrc/jsonpath/pg_jsonpath_env.c:332:33: warning: unused parameter 'collid' [-Wunused-parameter]
warning: decoder_fuzz@0.0.0:   332 | pg_newlocale_from_collation(Oid collid)
warning: decoder_fuzz@0.0.0:       |                             ~~~~^~~~~~
warning: decoder_fuzz@0.0.0: csrc/jsonpath/regex/regcomp.c: In function 'parseqatom':
warning: decoder_fuzz@0.0.0: csrc/jsonpath/regex/regcomp.c:1070:38: warning: comparison of integer expressions of different signedness: 'int' and 'size_t' {aka 'long unsigned int'} [-Wsign-compare]
warning: decoder_fuzz@0.0.0:  1070 |                         INSIST(subno < v->nsubs, REG_ESUBREG);
warning: decoder_fuzz@0.0.0:       |                                      ^
warning: decoder_fuzz@0.0.0: csrc/jsonpath/regex/regcomp.c:324:33: note: in definition of macro 'INSIST'
warning: decoder_fuzz@0.0.0:   324 | #define INSIST(c, e) do { if (!(c)) ERR(e); } while (0) /* error if c false */
warning: decoder_fuzz@0.0.0:       |                                 ^
warning: decoder_fuzz@0.0.0: In file included from csrc/jsonpath/regex/regcomp.c:2648:
warning: decoder_fuzz@0.0.0: csrc/jsonpath/regex/regc_nfa.c: In function 'dumpnfa':
warning: decoder_fuzz@0.0.0: csrc/jsonpath/regex/regc_nfa.c:3646:21: warning: unused parameter 'nfa' [-Wunused-parameter]
warning: decoder_fuzz@0.0.0:  3646 | dumpnfa(struct nfa *nfa,
warning: decoder_fuzz@0.0.0:       |         ~~~~~~~~~~~~^~~
warning: decoder_fuzz@0.0.0: csrc/jsonpath/regex/regc_nfa.c:3647:23: warning: unused parameter 'f' [-Wunused-parameter]
warning: decoder_fuzz@0.0.0:  3647 |                 FILE *f)
warning: decoder_fuzz@0.0.0:       |                 ~~~~~~^
warning: decoder_fuzz@0.0.0: In file included from csrc/jsonpath/regex/regc_pg_locale.c:19,
warning: decoder_fuzz@0.0.0:                  from csrc/jsonpath/regex/regcomp.c:2650:
warning: decoder_fuzz@0.0.0: csrc/jsonpath/include/common/unicode_case.h: In function 'unicode_uppercase_simple':
warning: decoder_fuzz@0.0.0: csrc/jsonpath/include/common/unicode_case.h:7:58: warning: unused parameter 'code' [-Wunused-parameter]
warning: decoder_fuzz@0.0.0:     7 | static inline pg_wchar unicode_uppercase_simple(pg_wchar code) { abort(); }
warning: decoder_fuzz@0.0.0:       |                                                 ~~~~~~~~~^~~~
warning: decoder_fuzz@0.0.0: csrc/jsonpath/include/common/unicode_case.h: In function 'unicode_lowercase_simple':
warning: decoder_fuzz@0.0.0: csrc/jsonpath/include/common/unicode_case.h:8:58: warning: unused parameter 'code' [-Wunused-parameter]
warning: decoder_fuzz@0.0.0:     8 | static inline pg_wchar unicode_lowercase_simple(pg_wchar code) { abort(); }
warning: decoder_fuzz@0.0.0:       |                                                 ~~~~~~~~~^~~~
warning: decoder_fuzz@0.0.0: In file included from csrc/jsonpath/regex/regc_pg_locale.c:20:
warning: decoder_fuzz@0.0.0: csrc/jsonpath/include/common/unicode_category.h: In function 'pg_u_isdigit':
warning: decoder_fuzz@0.0.0: csrc/jsonpath/include/common/unicode_category.h:10:42: warning: unused parameter 'c' [-Wunused-parameter]
warning: decoder_fuzz@0.0.0:    10 | static inline bool pg_u_isdigit(pg_wchar c, bool posix) { abort(); }
warning: decoder_fuzz@0.0.0:       |                                 ~~~~~~~~~^
warning: decoder_fuzz@0.0.0: csrc/jsonpath/include/common/unicode_category.h:10:50: warning: unused parameter 'posix' [-Wunused-parameter]
warning: decoder_fuzz@0.0.0:    10 | static inline bool pg_u_isdigit(pg_wchar c, bool posix) { abort(); }
warning: decoder_fuzz@0.0.0:       |                                                  ^
warning: decoder_fuzz@0.0.0: csrc/jsonpath/include/common/unicode_category.h: In function 'pg_u_isalpha':
warning: decoder_fuzz@0.0.0: csrc/jsonpath/include/common/unicode_category.h:11:42: warning: unused parameter 'c' [-Wunused-parameter]
warning: decoder_fuzz@0.0.0:    11 | static inline bool pg_u_isalpha(pg_wchar c) { abort(); }
warning: decoder_fuzz@0.0.0:       |                                 ~~~~~~~~~^
warning: decoder_fuzz@0.0.0: csrc/jsonpath/include/common/unicode_category.h: In function 'pg_u_isalnum':
warning: decoder_fuzz@0.0.0: csrc/jsonpath/include/common/unicode_category.h:12:42: warning: unused parameter 'c' [-Wunused-parameter]
warning: decoder_fuzz@0.0.0:    12 | static inline bool pg_u_isalnum(pg_wchar c, bool posix) { abort(); }
warning: decoder_fuzz@0.0.0:       |                                 ~~~~~~~~~^
warning: decoder_fuzz@0.0.0: csrc/jsonpath/include/common/unicode_category.h:12:50: warning: unused parameter 'posix' [-Wunused-parameter]
warning: decoder_fuzz@0.0.0:    12 | static inline bool pg_u_isalnum(pg_wchar c, bool posix) { abort(); }
warning: decoder_fuzz@0.0.0:       |                                                  ^
warning: decoder_fuzz@0.0.0: csrc/jsonpath/include/common/unicode_category.h: In function 'pg_u_isupper':
warning: decoder_fuzz@0.0.0: csrc/jsonpath/include/common/unicode_category.h:13:42: warning: unused parameter 'c' [-Wunused-parameter]
warning: decoder_fuzz@0.0.0:    13 | static inline bool pg_u_isupper(pg_wchar c) { abort(); }
warning: decoder_fuzz@0.0.0:       |                                 ~~~~~~~~~^
warning: decoder_fuzz@0.0.0: csrc/jsonpath/include/common/unicode_category.h: In function 'pg_u_islower':
warning: decoder_fuzz@0.0.0: csrc/jsonpath/include/common/unicode_category.h:14:42: warning: unused parameter 'c' [-Wunused-parameter]
warning: decoder_fuzz@0.0.0:    14 | static inline bool pg_u_islower(pg_wchar c) { abort(); }
warning: decoder_fuzz@0.0.0:       |                                 ~~~~~~~~~^
warning: decoder_fuzz@0.0.0: csrc/jsonpath/include/common/unicode_category.h: In function 'pg_u_isgraph':
warning: decoder_fuzz@0.0.0: csrc/jsonpath/include/common/unicode_category.h:15:42: warning: unused parameter 'c' [-Wunused-parameter]
warning: decoder_fuzz@0.0.0:    15 | static inline bool pg_u_isgraph(pg_wchar c) { abort(); }
warning: decoder_fuzz@0.0.0:       |                                 ~~~~~~~~~^
warning: decoder_fuzz@0.0.0: csrc/jsonpath/include/common/unicode_category.h: In function 'pg_u_isprint':
warning: decoder_fuzz@0.0.0: csrc/jsonpath/include/common/unicode_category.h:16:42: warning: unused parameter 'c' [-Wunused-parameter]
warning: decoder_fuzz@0.0.0:    16 | static inline bool pg_u_isprint(pg_wchar c) { abort(); }
warning: decoder_fuzz@0.0.0:       |                                 ~~~~~~~~~^
warning: decoder_fuzz@0.0.0: csrc/jsonpath/include/common/unicode_category.h: In function 'pg_u_ispunct':
warning: decoder_fuzz@0.0.0: csrc/jsonpath/include/common/unicode_category.h:17:42: warning: unused parameter 'c' [-Wunused-parameter]
warning: decoder_fuzz@0.0.0:    17 | static inline bool pg_u_ispunct(pg_wchar c, bool posix) { abort(); }
warning: decoder_fuzz@0.0.0:       |                                 ~~~~~~~~~^
warning: decoder_fuzz@0.0.0: csrc/jsonpath/include/common/unicode_category.h:17:50: warning: unused parameter 'posix' [-Wunused-parameter]
warning: decoder_fuzz@0.0.0:    17 | static inline bool pg_u_ispunct(pg_wchar c, bool posix) { abort(); }
warning: decoder_fuzz@0.0.0:       |                                                  ^
warning: decoder_fuzz@0.0.0: csrc/jsonpath/include/common/unicode_category.h: In function 'pg_u_isspace':
warning: decoder_fuzz@0.0.0: csrc/jsonpath/include/common/unicode_category.h:18:42: warning: unused parameter 'c' [-Wunused-parameter]
warning: decoder_fuzz@0.0.0:    18 | static inline bool pg_u_isspace(pg_wchar c) { abort(); }
warning: decoder_fuzz@0.0.0:       |                                 ~~~~~~~~~^
warning: decoder_fuzz@0.0.0: csrc/jsonpath/regex/regerror.c: In function 'pg_regerror':
warning: decoder_fuzz@0.0.0: csrc/jsonpath/regex/regerror.c:61:40: warning: unused parameter 'preg' [-Wunused-parameter]
warning: decoder_fuzz@0.0.0:    61 |                         const regex_t *preg,    /* associated regex_t (unused at present) */
warning: decoder_fuzz@0.0.0:       |                         ~~~~~~~~~~~~~~~^~~~
warning: decoder_fuzz@0.0.0: In file included from csrc/jsonpath/include/nodes/miscnodes.h:23,
warning: decoder_fuzz@0.0.0:                  from csrc/jsonpath/include/fmgr.h:133,
warning: decoder_fuzz@0.0.0:                  from csrc/jsonpath/include/funcapi.h:11,
warning: decoder_fuzz@0.0.0:                  from csrc/jsonpath/jsonpath_exec.c:64:
warning: decoder_fuzz@0.0.0: csrc/jsonpath/include/nodes/nodes.h: In function 'castNodeImpl':
warning: decoder_fuzz@0.0.0: csrc/jsonpath/include/nodes/nodes.h:56:22: warning: unused parameter 'type' [-Wunused-parameter]
warning: decoder_fuzz@0.0.0:    56 | castNodeImpl(NodeTag type, void *ptr)
warning: decoder_fuzz@0.0.0:       |              ~~~~~~~~^~~~
warning: decoder_fuzz@0.0.0: csrc/jsonpath/jsonpath_exec.c: In function 'executeItemOptUnwrapTarget':
warning: decoder_fuzz@0.0.0: csrc/jsonpath/jsonpath_exec.c:1154:41: warning: missing initializer for field 'error_occurred' of 'ErrorSaveContext' [-Wmissing-field-initializers]
warning: decoder_fuzz@0.0.0:  1154 |                                         ErrorSaveContext escontext = {T_ErrorSaveContext};
warning: decoder_fuzz@0.0.0:       |                                         ^~~~~~~~~~~~~~~~
warning: decoder_fuzz@0.0.0: csrc/jsonpath/include/nodes/miscnodes.h:47:25: note: 'error_occurred' declared here
warning: decoder_fuzz@0.0.0:    47 |         bool            error_occurred; /* set to true if we detect a soft error */
warning: decoder_fuzz@0.0.0:       |                         ^~~~~~~~~~~~~~
warning: decoder_fuzz@0.0.0: csrc/jsonpath/jsonpath_exec.c:1180:41: warning: missing initializer for field 'error_occurred' of 'ErrorSaveContext' [-Wmissing-field-initializers]
warning: decoder_fuzz@0.0.0:  1180 |                                         ErrorSaveContext escontext = {T_ErrorSaveContext};
warning: decoder_fuzz@0.0.0:       |                                         ^~~~~~~~~~~~~~~~
warning: decoder_fuzz@0.0.0: csrc/jsonpath/include/nodes/miscnodes.h:47:25: note: 'error_occurred' declared here
warning: decoder_fuzz@0.0.0:    47 |         bool            error_occurred; /* set to true if we detect a soft error */
warning: decoder_fuzz@0.0.0:       |                         ^~~~~~~~~~~~~~
warning: decoder_fuzz@0.0.0: csrc/jsonpath/jsonpath_exec.c:1293:41: warning: missing initializer for field 'error_occurred' of 'ErrorSaveContext' [-Wmissing-field-initializers]
warning: decoder_fuzz@0.0.0:  1293 |                                         ErrorSaveContext escontext = {T_ErrorSaveContext};
warning: decoder_fuzz@0.0.0:       |                                         ^~~~~~~~~~~~~~~~
warning: decoder_fuzz@0.0.0: csrc/jsonpath/include/nodes/miscnodes.h:47:25: note: 'error_occurred' declared here
warning: decoder_fuzz@0.0.0:    47 |         bool            error_occurred; /* set to true if we detect a soft error */
warning: decoder_fuzz@0.0.0:       |                         ^~~~~~~~~~~~~~
warning: decoder_fuzz@0.0.0: csrc/jsonpath/jsonpath_exec.c:1346:41: warning: missing initializer for field 'error_occurred' of 'ErrorSaveContext' [-Wmissing-field-initializers]
warning: decoder_fuzz@0.0.0:  1346 |                                         ErrorSaveContext escontext = {T_ErrorSaveContext};
warning: decoder_fuzz@0.0.0:       |                                         ^~~~~~~~~~~~~~~~
warning: decoder_fuzz@0.0.0: csrc/jsonpath/include/nodes/miscnodes.h:47:25: note: 'error_occurred' declared here
warning: decoder_fuzz@0.0.0:    47 |         bool            error_occurred; /* set to true if we detect a soft error */
warning: decoder_fuzz@0.0.0:       |                         ^~~~~~~~~~~~~~
warning: decoder_fuzz@0.0.0: csrc/jsonpath/jsonpath_exec.c:1426:41: warning: missing initializer for field 'error_occurred' of 'ErrorSaveContext' [-Wmissing-field-initializers]
warning: decoder_fuzz@0.0.0:  1426 |                                         ErrorSaveContext escontext = {T_ErrorSaveContext};
warning: decoder_fuzz@0.0.0:       |                                         ^~~~~~~~~~~~~~~~
warning: decoder_fuzz@0.0.0: csrc/jsonpath/include/nodes/miscnodes.h:47:25: note: 'error_occurred' declared here
warning: decoder_fuzz@0.0.0:    47 |         bool            error_occurred; /* set to true if we detect a soft error */
warning: decoder_fuzz@0.0.0:       |                         ^~~~~~~~~~~~~~
warning: decoder_fuzz@0.0.0: csrc/jsonpath/jsonpath_exec.c:1475:41: warning: missing initializer for field 'error_occurred' of 'ErrorSaveContext' [-Wmissing-field-initializers]
warning: decoder_fuzz@0.0.0:  1475 |                                         ErrorSaveContext escontext = {T_ErrorSaveContext};
warning: decoder_fuzz@0.0.0:       |                                         ^~~~~~~~~~~~~~~~
warning: decoder_fuzz@0.0.0: csrc/jsonpath/include/nodes/miscnodes.h:47:25: note: 'error_occurred' declared here
warning: decoder_fuzz@0.0.0:    47 |         bool            error_occurred; /* set to true if we detect a soft error */
warning: decoder_fuzz@0.0.0:       |                         ^~~~~~~~~~~~~~
warning: decoder_fuzz@0.0.0: csrc/jsonpath/jsonpath_exec.c:1573:41: warning: missing initializer for field 'error_occurred' of 'ErrorSaveContext' [-Wmissing-field-initializers]
warning: decoder_fuzz@0.0.0:  1573 |                                         ErrorSaveContext escontext = {T_ErrorSaveContext};
warning: decoder_fuzz@0.0.0:       |                                         ^~~~~~~~~~~~~~~~
warning: decoder_fuzz@0.0.0: csrc/jsonpath/include/nodes/miscnodes.h:47:25: note: 'error_occurred' declared here
warning: decoder_fuzz@0.0.0:    47 |         bool            error_occurred; /* set to true if we detect a soft error */
warning: decoder_fuzz@0.0.0:       |                         ^~~~~~~~~~~~~~
warning: decoder_fuzz@0.0.0: csrc/jsonpath/jsonpath_exec.c: In function 'executeStartsWith':
warning: decoder_fuzz@0.0.0: csrc/jsonpath/jsonpath_exec.c:2242:33: warning: unused parameter 'jsp' [-Wunused-parameter]
warning: decoder_fuzz@0.0.0:  2242 | executeStartsWith(JsonPathItem *jsp, JsonbValue *whole, JsonbValue *initial,
warning: decoder_fuzz@0.0.0:       |                   ~~~~~~~~~~~~~~^~~
warning: decoder_fuzz@0.0.0: csrc/jsonpath/jsonpath_exec.c:2243:41: warning: unused parameter 'param' [-Wunused-parameter]
warning: decoder_fuzz@0.0.0:  2243 |                                   void *param)
warning: decoder_fuzz@0.0.0:       |                                   ~~~~~~^~~~~
warning: decoder_fuzz@0.0.0: csrc/jsonpath/jsonpath_exec.c: In function 'executeLikeRegex':
warning: decoder_fuzz@0.0.0: csrc/jsonpath/jsonpath_exec.c:2266:66: warning: unused parameter 'rarg' [-Wunused-parameter]
warning: decoder_fuzz@0.0.0:  2266 | executeLikeRegex(JsonPathItem *jsp, JsonbValue *str, JsonbValue *rarg,
warning: decoder_fuzz@0.0.0:       |                                                      ~~~~~~~~~~~~^~~~
warning: decoder_fuzz@0.0.0: csrc/jsonpath/jsonpath_exec.c: In function 'executeDateTimeMethod':
warning: decoder_fuzz@0.0.0: csrc/jsonpath/jsonpath_exec.c:2378:17: warning: missing initializer for field 'error_occurred' of 'ErrorSaveContext' [-Wmissing-field-initializers]
warning: decoder_fuzz@0.0.0:  2378 |                 ErrorSaveContext escontext = {T_ErrorSaveContext};
warning: decoder_fuzz@0.0.0:       |                 ^~~~~~~~~~~~~~~~
warning: decoder_fuzz@0.0.0: csrc/jsonpath/include/nodes/miscnodes.h:47:25: note: 'error_occurred' declared here
warning: decoder_fuzz@0.0.0:    47 |         bool            error_occurred; /* set to true if we detect a soft error */
warning: decoder_fuzz@0.0.0:       |                         ^~~~~~~~~~~~~~
warning: decoder_fuzz@0.0.0: csrc/jsonpath/jsonpath_exec.c:2454:31: warning: comparison of integer expressions of different signedness: 'int' and 'long unsigned int' [-Wsign-compare]
warning: decoder_fuzz@0.0.0:  2454 |                 for (i = 0; i < lengthof(fmt_str); i++)
warning: decoder_fuzz@0.0.0:       |                               ^
warning: decoder_fuzz@0.0.0: csrc/jsonpath/jsonpath_exec.c:2456:25: warning: missing initializer for field 'error_occurred' of 'ErrorSaveContext' [-Wmissing-field-initializers]
warning: decoder_fuzz@0.0.0:  2456 |                         ErrorSaveContext escontext = {T_ErrorSaveContext};
warning: decoder_fuzz@0.0.0:       |                         ^~~~~~~~~~~~~~~~
warning: decoder_fuzz@0.0.0: csrc/jsonpath/include/nodes/miscnodes.h:47:25: note: 'error_occurred' declared here
warning: decoder_fuzz@0.0.0:    47 |         bool            error_occurred; /* set to true if we detect a soft error */
warning: decoder_fuzz@0.0.0:       |                         ^~~~~~~~~~~~~~
warning: decoder_fuzz@0.0.0: csrc/jsonpath/jsonpath_exec.c:2667:41: warning: missing initializer for field 'error_occurred' of 'ErrorSaveContext' [-Wmissing-field-initializers]
warning: decoder_fuzz@0.0.0:  2667 |                                         ErrorSaveContext escontext = {T_ErrorSaveContext};
warning: decoder_fuzz@0.0.0:       |                                         ^~~~~~~~~~~~~~~~
warning: decoder_fuzz@0.0.0: csrc/jsonpath/include/nodes/miscnodes.h:47:25: note: 'error_occurred' declared here
warning: decoder_fuzz@0.0.0:    47 |         bool            error_occurred; /* set to true if we detect a soft error */
warning: decoder_fuzz@0.0.0:       |                         ^~~~~~~~~~~~~~
warning: decoder_fuzz@0.0.0: csrc/jsonpath/jsonpath_exec.c:2748:41: warning: missing initializer for field 'error_occurred' of 'ErrorSaveContext' [-Wmissing-field-initializers]
warning: decoder_fuzz@0.0.0:  2748 |                                         ErrorSaveContext escontext = {T_ErrorSaveContext};
warning: decoder_fuzz@0.0.0:       |                                         ^~~~~~~~~~~~~~~~
warning: decoder_fuzz@0.0.0: csrc/jsonpath/include/nodes/miscnodes.h:47:25: note: 'error_occurred' declared here
warning: decoder_fuzz@0.0.0:    47 |         bool            error_occurred; /* set to true if we detect a soft error */
warning: decoder_fuzz@0.0.0:       |                         ^~~~~~~~~~~~~~
warning: decoder_fuzz@0.0.0: csrc/jsonpath/jsonpath_exec.c: In function 'compareStrings':
warning: decoder_fuzz@0.0.0: csrc/jsonpath/jsonpath_exec.c:3302:51: warning: operand of '?:' changes signedness from 'int' to 'size_t' {aka 'long unsigned int'} due to unsignedness of other operand [-Wsign-compare]
warning: decoder_fuzz@0.0.0:  3302 |                 utf8len1 = (mbstr1 == utf8str1) ? mblen1 : strlen(utf8str1);
warning: decoder_fuzz@0.0.0:       |                                                   ^~~~~~
warning: decoder_fuzz@0.0.0: csrc/jsonpath/jsonpath_exec.c:3303:51: warning: operand of '?:' changes signedness from 'int' to 'size_t' {aka 'long unsigned int'} due to unsignedness of other operand [-Wsign-compare]
warning: decoder_fuzz@0.0.0:  3303 |                 utf8len2 = (mbstr2 == utf8str2) ? mblen2 : strlen(utf8str2);
warning: decoder_fuzz@0.0.0:       |                                                   ^~~~~~
warning: decoder_fuzz@0.0.0: csrc/jsonpath/jsonpath_exec.c: In function 'JsonValueListNext':
warning: decoder_fuzz@0.0.0: csrc/jsonpath/jsonpath_exec.c:3579:40: warning: unused parameter 'jvl' [-Wunused-parameter]
warning: decoder_fuzz@0.0.0:  3579 | JsonValueListNext(const JsonValueList *jvl, JsonValueListIterator *it)
warning: decoder_fuzz@0.0.0:       |                   ~~~~~~~~~~~~~~~~~~~~~^~~
warning: decoder_fuzz@0.0.0: csrc/jsonpath/jsonpath_exec.c: In function 'cmpDateToTimestamp':
warning: decoder_fuzz@0.0.0: csrc/jsonpath/jsonpath_exec.c:3689:55: warning: unused parameter 'useTz' [-Wunused-parameter]
warning: decoder_fuzz@0.0.0:  3689 | cmpDateToTimestamp(DateADT date1, Timestamp ts2, bool useTz)
warning: decoder_fuzz@0.0.0:       |                                                       ^
warning: decoder_fuzz@0.0.0: csrc/jsonpath/jsonpath_exec.c: In function 'JsonTableInitOpaque':
warning: decoder_fuzz@0.0.0: csrc/jsonpath/jsonpath_exec.c:4110:52: warning: unused parameter 'natts' [-Wunused-parameter]
warning: decoder_fuzz@0.0.0:  4110 | JsonTableInitOpaque(TableFuncScanState *state, int natts)
warning: decoder_fuzz@0.0.0:       |                                                ~~~~^~~~~
warning: decoder_fuzz@0.0.0: csrc/jsonpath/jsonpath_exec.c: In function 'JsonTableGetValue':
warning: decoder_fuzz@0.0.0: csrc/jsonpath/jsonpath_exec.c:4454:39: warning: unused parameter 'typid' [-Wunused-parameter]
warning: decoder_fuzz@0.0.0:  4454 |                                   Oid typid, int32 typmod, bool *isnull)
warning: decoder_fuzz@0.0.0:       |                                   ~~~~^~~~~
warning: decoder_fuzz@0.0.0: csrc/jsonpath/jsonpath_exec.c:4454:52: warning: unused parameter 'typmod' [-Wunused-parameter]
warning: decoder_fuzz@0.0.0:  4454 |                                   Oid typid, int32 typmod, bool *isnull)
warning: decoder_fuzz@0.0.0:       |                                              ~~~~~~^~~~~~
warning: decoder_fuzz@0.0.0: In file included from csrc/jsonpath/include/nodes/miscnodes.h:23,
warning: decoder_fuzz@0.0.0:                  from csrc/jsonpath/include/fmgr.h:133,
warning: decoder_fuzz@0.0.0:                  from csrc/jsonpath/include/utils/timestamp.h:8,
warning: decoder_fuzz@0.0.0:                  from csrc/jsonpath/include/utils/datetime.h:11,
warning: decoder_fuzz@0.0.0:                  from csrc/jsonpath/jsonb_util.c:20:
warning: decoder_fuzz@0.0.0: csrc/jsonpath/include/nodes/nodes.h: In function 'castNodeImpl':
warning: decoder_fuzz@0.0.0: csrc/jsonpath/include/nodes/nodes.h:56:22: warning: unused parameter 'type' [-Wunused-parameter]
warning: decoder_fuzz@0.0.0:    56 | castNodeImpl(NodeTag type, void *ptr)
warning: decoder_fuzz@0.0.0:       |              ~~~~~~~~^~~~
warning: decoder_fuzz@0.0.0: csrc/jsonpath/jsonb_util.c: In function 'appendKey':
warning: decoder_fuzz@0.0.0: csrc/jsonpath/jsonb_util.c:757:39: warning: comparison of integer expressions of different signedness: 'int' and 'long unsigned int' [-Wsign-compare]
warning: decoder_fuzz@0.0.0:   757 |         if (object->val.object.nPairs >= JSONB_MAX_PAIRS)
warning: decoder_fuzz@0.0.0:       |                                       ^~
warning: decoder_fuzz@0.0.0: csrc/jsonpath/jsonb_util.c:763:39: warning: comparison of integer expressions of different signedness: 'int' and 'Size' {aka 'long unsigned int'} [-Wsign-compare]
warning: decoder_fuzz@0.0.0:   763 |         if (object->val.object.nPairs >= pstate->size)
warning: decoder_fuzz@0.0.0:       |                                       ^~
warning: decoder_fuzz@0.0.0: csrc/jsonpath/jsonb_util.c: In function 'appendElement':
warning: decoder_fuzz@0.0.0: csrc/jsonpath/jsonb_util.c:798:37: warning: comparison of integer expressions of different signedness: 'int' and 'long unsigned int' [-Wsign-compare]
warning: decoder_fuzz@0.0.0:   798 |         if (array->val.array.nElems >= JSONB_MAX_ELEMS)
warning: decoder_fuzz@0.0.0:       |                                     ^~
warning: decoder_fuzz@0.0.0: csrc/jsonpath/jsonb_util.c:804:37: warning: comparison of integer expressions of different signedness: 'int' and 'Size' {aka 'long unsigned int'} [-Wsign-compare]
warning: decoder_fuzz@0.0.0:   804 |         if (array->val.array.nElems >= pstate->size)
warning: decoder_fuzz@0.0.0:       |                                     ^~
warning: decoder_fuzz@0.0.0: csrc/jsonpath/jsonb_util.c: In function 'JsonbIteratorNext':
warning: decoder_fuzz@0.0.0: csrc/jsonpath/jsonb_util.c:894:45: warning: comparison of integer expressions of different signedness: 'int' and 'uint32' {aka 'unsigned int'} [-Wsign-compare]
warning: decoder_fuzz@0.0.0:   894 |                         if ((*it)->curIndex >= (*it)->nElems)
warning: decoder_fuzz@0.0.0:       |                                             ^~
warning: decoder_fuzz@0.0.0: csrc/jsonpath/jsonb_util.c:948:45: warning: comparison of integer expressions of different signedness: 'int' and 'uint32' {aka 'unsigned int'} [-Wsign-compare]
warning: decoder_fuzz@0.0.0:   948 |                         if ((*it)->curIndex >= (*it)->nElems)
warning: decoder_fuzz@0.0.0:       |                                             ^~
warning: decoder_fuzz@0.0.0: In file included from csrc/jsonpath/include/nodes/miscnodes.h:23,
warning: decoder_fuzz@0.0.0:                  from csrc/jsonpath/include/fmgr.h:133,
warning: decoder_fuzz@0.0.0:                  from csrc/jsonpath/pg_jsonb_min.c:26:
warning: decoder_fuzz@0.0.0: csrc/jsonpath/include/nodes/nodes.h: In function 'castNodeImpl':
warning: decoder_fuzz@0.0.0: csrc/jsonpath/include/nodes/nodes.h:56:22: warning: unused parameter 'type' [-Wunused-parameter]
warning: decoder_fuzz@0.0.0:    56 | castNodeImpl(NodeTag type, void *ptr)
warning: decoder_fuzz@0.0.0:       |              ~~~~~~~~^~~~
warning: decoder_fuzz@0.0.0: csrc/jsonpath/pg_support_min.c: In function 'jporcl_escape_json_with_len':
warning: decoder_fuzz@0.0.0: csrc/jsonpath/pg_support_min.c:521:35: warning: comparison of integer expressions of different signedness: 'int' and 'long unsigned int' [-Wsign-compare]
warning: decoder_fuzz@0.0.0:   521 |                 for (int b = 0; b < sizeof(Vector8); b++)
warning: decoder_fuzz@0.0.0:       |                                   ^
warning: decoder_fuzz@0.0.0: csrc/jsonpath/pg_support_min.c: In function 'report_invalid_encoding_db':
warning: decoder_fuzz@0.0.0: csrc/jsonpath/pg_support_min.c:1007:40: warning: unused parameter 'mbstr' [-Wunused-parameter]
warning: decoder_fuzz@0.0.0:  1007 | report_invalid_encoding_db(const char *mbstr, int len, int limit)
warning: decoder_fuzz@0.0.0:       |                            ~~~~~~~~~~~~^~~~~
warning: decoder_fuzz@0.0.0: csrc/jsonpath/pg_support_min.c:1007:51: warning: unused parameter 'len' [-Wunused-parameter]
warning: decoder_fuzz@0.0.0:  1007 | report_invalid_encoding_db(const char *mbstr, int len, int limit)
warning: decoder_fuzz@0.0.0:       |                                               ~~~~^~~
warning: decoder_fuzz@0.0.0: csrc/jsonpath/pg_support_min.c:1007:60: warning: unused parameter 'limit' [-Wunused-parameter]
warning: decoder_fuzz@0.0.0:  1007 | report_invalid_encoding_db(const char *mbstr, int len, int limit)
warning: decoder_fuzz@0.0.0:       |                                                        ~~~~^~~~~
warning: decoder_fuzz@0.0.0: csrc/jsonpath/pg_support_min.c: In function 'jporcl_pg_unicode_to_server':
warning: decoder_fuzz@0.0.0: csrc/jsonpath/pg_support_min.c:1018:17: warning: right-hand operand of comma expression has no effect [-Wunused-value]
warning: decoder_fuzz@0.0.0:  1018 |         (abort(), (Datum) 0)            /* unreachable under the UTF-8 pin */
warning: decoder_fuzz@0.0.0:       |         ~~~~~~~~^~~~~~~~~~~~
warning: decoder_fuzz@0.0.0: csrc/jsonpath/pg_support_min.c:1084:9: note: in expansion of macro 'FunctionCall6'
warning: decoder_fuzz@0.0.0:  1084 |         FunctionCall6(Utf8ToServerConvProc,
warning: decoder_fuzz@0.0.0:       |         ^~~~~~~~~~~~~
warning: decoder_fuzz@0.0.0: csrc/jsonpath/pg_support_min.c: In function 'pg_utf8_verifystr':
warning: decoder_fuzz@0.0.0: csrc/jsonpath/pg_support_min.c:1766:17: warning: comparison of integer expressions of different signedness: 'int' and 'long unsigned int' [-Wsign-compare]
warning: decoder_fuzz@0.0.0:  1766 |         if (len >= STRIDE_LENGTH)
warning: decoder_fuzz@0.0.0:       |                 ^~
warning: decoder_fuzz@0.0.0: csrc/jsonpath/pg_support_min.c:1768:28: warning: comparison of integer expressions of different signedness: 'int' and 'long unsigned int' [-Wsign-compare]
warning: decoder_fuzz@0.0.0:  1768 |                 while (len >= STRIDE_LENGTH)
warning: decoder_fuzz@0.0.0:       |                            ^~
warning: decoder_fuzz@0.0.0: csrc/jsonpath/pg_support_min.c: In function 'jporcl_pg_server_to_client':
warning: decoder_fuzz@0.0.0: csrc/jsonpath/pg_support_min.c:1876:40: warning: unused parameter 'len' [-Wunused-parameter]
warning: decoder_fuzz@0.0.0:  1876 | pg_server_to_client(const char *s, int len)
warning: decoder_fuzz@0.0.0:       |                                    ~~~~^~~
warning: decoder_fuzz@0.0.0: csrc/jsonpath/pg_jsonpath_env.c: In function 'pg_diff_jsp_is_mutable':
warning: decoder_fuzz@0.0.0: csrc/jsonpath/pg_jsonpath_env.c:539:21: warning: variable 'names' might be clobbered by 'longjmp' or 'vfork' [-Wclobbered]
warning: decoder_fuzz@0.0.0:   539 |         List       *names = NIL;
warning: decoder_fuzz@0.0.0:       |                     ^~~~~
warning: decoder_fuzz@0.0.0: csrc/jsonpath/pg_jsonpath_env.c:540:21: warning: variable 'exprs' might be clobbered by 'longjmp' or 'vfork' [-Wclobbered]
warning: decoder_fuzz@0.0.0:   540 |         List       *exprs = NIL;
warning: decoder_fuzz@0.0.0:       |                     ^~~~~
warning: decoder_fuzz@0.0.0: In file included from csrc/jsonpath/include/c.h:6,
warning: decoder_fuzz@0.0.0:                  from csrc/jsonpath/pg_qsort_arg.c:5:
warning: decoder_fuzz@0.0.0: csrc/jsonpath/include/lib/sort_template.h: In function 'jporcl_qsort_arg':
warning: decoder_fuzz@0.0.0: csrc/jsonpath/include/postgres.h:117:38: warning: comparison of integer expressions of different signedness: 'long int' and 'long unsigned int' [-Wsign-compare]
warning: decoder_fuzz@0.0.0:   117 | #define Min(x, y)               ((x) < (y) ? (x) : (y))
warning: decoder_fuzz@0.0.0:       |                                      ^
warning: decoder_fuzz@0.0.0: csrc/jsonpath/include/lib/sort_template.h:383:14: note: in expansion of macro 'Min'
warning: decoder_fuzz@0.0.0:   383 |         d1 = Min(pd - pc, pn - pd - ST_POINTER_STEP);
warning: decoder_fuzz@0.0.0:       |              ^~~
warning: decoder_fuzz@0.0.0: csrc/jsonpath/include/postgres.h:117:46: warning: operand of '?:' changes signedness from 'long int' to 'long unsigned int' due to unsignedness of other operand [-Wsign-compare]
warning: decoder_fuzz@0.0.0:   117 | #define Min(x, y)               ((x) < (y) ? (x) : (y))
warning: decoder_fuzz@0.0.0:       |                                              ^~~
warning: decoder_fuzz@0.0.0: csrc/jsonpath/include/lib/sort_template.h:383:14: note: in expansion of macro 'Min'
warning: decoder_fuzz@0.0.0:   383 |         d1 = Min(pd - pc, pn - pd - ST_POINTER_STEP);
warning: decoder_fuzz@0.0.0:       |              ^~~
warning: decoder_fuzz@0.0.0: In file included from csrc/jsonpath/include/nodes/miscnodes.h:23,
warning: decoder_fuzz@0.0.0:                  from csrc/jsonpath/include/fmgr.h:133,
warning: decoder_fuzz@0.0.0:                  from csrc/jsonpath/pg_jsonpath_exec_env.c:57:
warning: decoder_fuzz@0.0.0: csrc/jsonpath/include/nodes/nodes.h: In function 'castNodeImpl':
warning: decoder_fuzz@0.0.0: csrc/jsonpath/include/nodes/nodes.h:56:22: warning: unused parameter 'type' [-Wunused-parameter]
warning: decoder_fuzz@0.0.0:    56 | castNodeImpl(NodeTag type, void *ptr)
warning: decoder_fuzz@0.0.0:       |              ~~~~~~~~^~~~
warning: decoder_fuzz@0.0.0: csrc/jsonpath/pg_jsonpath_exec_env.c: In function 'jporcl_parse_datetime':
warning: decoder_fuzz@0.0.0: csrc/jsonpath/pg_jsonpath_exec_env.c:106:22: warning: unused parameter 'date_txt' [-Wunused-parameter]
warning: decoder_fuzz@0.0.0:   106 | parse_datetime(text *date_txt, text *fmt, Oid collid, bool strict,
warning: decoder_fuzz@0.0.0:       |                ~~~~~~^~~~~~~~
warning: decoder_fuzz@0.0.0: csrc/jsonpath/pg_jsonpath_exec_env.c:106:38: warning: unused parameter 'fmt' [-Wunused-parameter]
warning: decoder_fuzz@0.0.0:   106 | parse_datetime(text *date_txt, text *fmt, Oid collid, bool strict,
warning: decoder_fuzz@0.0.0:       |                                ~~~~~~^~~
warning: decoder_fuzz@0.0.0: csrc/jsonpath/pg_jsonpath_exec_env.c:106:47: warning: unused parameter 'collid' [-Wunused-parameter]
warning: decoder_fuzz@0.0.0:   106 | parse_datetime(text *date_txt, text *fmt, Oid collid, bool strict,
warning: decoder_fuzz@0.0.0:       |                                           ~~~~^~~~~~
warning: decoder_fuzz@0.0.0: csrc/jsonpath/pg_jsonpath_exec_env.c:106:60: warning: unused parameter 'strict' [-Wunused-parameter]
warning: decoder_fuzz@0.0.0:   106 | parse_datetime(text *date_txt, text *fmt, Oid collid, bool strict,
warning: decoder_fuzz@0.0.0:       |                                                            ^
warning: decoder_fuzz@0.0.0: csrc/jsonpath/pg_jsonpath_exec_env.c:107:33: warning: unused parameter 'typid' [-Wunused-parameter]
warning: decoder_fuzz@0.0.0:   107 |                            Oid *typid, int32 *typmod, int *tz, struct Node *escontext)
warning: decoder_fuzz@0.0.0:       |                            ~~~~~^~~~~
warning: decoder_fuzz@0.0.0: csrc/jsonpath/pg_jsonpath_exec_env.c:107:47: warning: unused parameter 'typmod' [-Wunused-parameter]
warning: decoder_fuzz@0.0.0:   107 |                            Oid *typid, int32 *typmod, int *tz, struct Node *escontext)
warning: decoder_fuzz@0.0.0:       |                                        ~~~~~~~^~~~~~
warning: decoder_fuzz@0.0.0: csrc/jsonpath/pg_jsonpath_exec_env.c:107:60: warning: unused parameter 'tz' [-Wunused-parameter]
warning: decoder_fuzz@0.0.0:   107 |                            Oid *typid, int32 *typmod, int *tz, struct Node *escontext)
warning: decoder_fuzz@0.0.0:       |                                                       ~~~~~^~
warning: decoder_fuzz@0.0.0: csrc/jsonpath/pg_jsonpath_exec_env.c:107:77: warning: unused parameter 'escontext' [-Wunused-parameter]
warning: decoder_fuzz@0.0.0:   107 |                            Oid *typid, int32 *typmod, int *tz, struct Node *escontext)
warning: decoder_fuzz@0.0.0:       |                                                                ~~~~~~~~~~~~~^~~~~~~~~
warning: decoder_fuzz@0.0.0: csrc/jsonpath/pg_jsonpath_exec_env.c: In function 'jporcl_JsonEncodeDateTime':
warning: decoder_fuzz@0.0.0: csrc/jsonpath/pg_jsonpath_exec_env.c:113:26: warning: unused parameter 'buf' [-Wunused-parameter]
warning: decoder_fuzz@0.0.0:   113 | JsonEncodeDateTime(char *buf, Datum value, Oid typid, const int *tzp)
warning: decoder_fuzz@0.0.0:       |                    ~~~~~~^~~
warning: decoder_fuzz@0.0.0: csrc/jsonpath/pg_jsonpath_exec_env.c:113:37: warning: unused parameter 'value' [-Wunused-parameter]
warning: decoder_fuzz@0.0.0:   113 | JsonEncodeDateTime(char *buf, Datum value, Oid typid, const int *tzp)
warning: decoder_fuzz@0.0.0:       |                               ~~~~~~^~~~~
warning: decoder_fuzz@0.0.0: csrc/jsonpath/pg_jsonpath_exec_env.c:113:48: warning: unused parameter 'typid' [-Wunused-parameter]
warning: decoder_fuzz@0.0.0:   113 | JsonEncodeDateTime(char *buf, Datum value, Oid typid, const int *tzp)
warning: decoder_fuzz@0.0.0:       |                                            ~~~~^~~~~
warning: decoder_fuzz@0.0.0: csrc/jsonpath/pg_jsonpath_exec_env.c:113:66: warning: unused parameter 'tzp' [-Wunused-parameter]
warning: decoder_fuzz@0.0.0:   113 | JsonEncodeDateTime(char *buf, Datum value, Oid typid, const int *tzp)
warning: decoder_fuzz@0.0.0:       |                                                       ~~~~~~~~~~~^~~
warning: decoder_fuzz@0.0.0: csrc/jsonpath/pg_jsonpath_exec_env.c: In function 'jporcl_timestamp2tm':
warning: decoder_fuzz@0.0.0: csrc/jsonpath/pg_jsonpath_exec_env.c:119:24: warning: unused parameter 'dt' [-Wunused-parameter]
warning: decoder_fuzz@0.0.0:   119 | timestamp2tm(Timestamp dt, int *tzp, struct pg_tm *tm, fsec_t *fsec,
warning: decoder_fuzz@0.0.0:       |              ~~~~~~~~~~^~
warning: decoder_fuzz@0.0.0: csrc/jsonpath/pg_jsonpath_exec_env.c:119:33: warning: unused parameter 'tzp' [-Wunused-parameter]
warning: decoder_fuzz@0.0.0:   119 | timestamp2tm(Timestamp dt, int *tzp, struct pg_tm *tm, fsec_t *fsec,
warning: decoder_fuzz@0.0.0:       |                            ~~~~~^~~
warning: decoder_fuzz@0.0.0: csrc/jsonpath/pg_jsonpath_exec_env.c:119:52: warning: unused parameter 'tm' [-Wunused-parameter]
warning: decoder_fuzz@0.0.0:   119 | timestamp2tm(Timestamp dt, int *tzp, struct pg_tm *tm, fsec_t *fsec,
warning: decoder_fuzz@0.0.0:       |                                      ~~~~~~~~~~~~~~^~
warning: decoder_fuzz@0.0.0: csrc/jsonpath/pg_jsonpath_exec_env.c:119:64: warning: unused parameter 'fsec' [-Wunused-parameter]
warning: decoder_fuzz@0.0.0:   119 | timestamp2tm(Timestamp dt, int *tzp, struct pg_tm *tm, fsec_t *fsec,
warning: decoder_fuzz@0.0.0:       |                                                        ~~~~~~~~^~~~
warning: decoder_fuzz@0.0.0: csrc/jsonpath/pg_jsonpath_exec_env.c:120:39: warning: unused parameter 'tzn' [-Wunused-parameter]
warning: decoder_fuzz@0.0.0:   120 |                          const char **tzn, pg_tz *attimezone)
warning: decoder_fuzz@0.0.0:       |                          ~~~~~~~~~~~~~^~~
warning: decoder_fuzz@0.0.0: csrc/jsonpath/pg_jsonpath_exec_env.c:120:51: warning: unused parameter 'attimezone' [-Wunused-parameter]
warning: decoder_fuzz@0.0.0:   120 |                          const char **tzn, pg_tz *attimezone)
warning: decoder_fuzz@0.0.0:       |                                            ~~~~~~~^~~~~~~~~~
warning: decoder_fuzz@0.0.0: csrc/jsonpath/pg_jsonpath_exec_env.c: In function 'jporcl_j2date':
warning: decoder_fuzz@0.0.0: csrc/jsonpath/pg_jsonpath_exec_env.c:126:12: warning: unused parameter 'jd' [-Wunused-parameter]
warning: decoder_fuzz@0.0.0:   126 | j2date(int jd, int *year, int *month, int *day)
warning: decoder_fuzz@0.0.0:       |        ~~~~^~
warning: decoder_fuzz@0.0.0: csrc/jsonpath/pg_jsonpath_exec_env.c:126:21: warning: unused parameter 'year' [-Wunused-parameter]
warning: decoder_fuzz@0.0.0:   126 | j2date(int jd, int *year, int *month, int *day)
warning: decoder_fuzz@0.0.0:       |                ~~~~~^~~~
warning: decoder_fuzz@0.0.0: csrc/jsonpath/pg_jsonpath_exec_env.c:126:32: warning: unused parameter 'month' [-Wunused-parameter]
warning: decoder_fuzz@0.0.0:   126 | j2date(int jd, int *year, int *month, int *day)
warning: decoder_fuzz@0.0.0:       |                           ~~~~~^~~~~
warning: decoder_fuzz@0.0.0: csrc/jsonpath/pg_jsonpath_exec_env.c:126:44: warning: unused parameter 'day' [-Wunused-parameter]
warning: decoder_fuzz@0.0.0:   126 | j2date(int jd, int *year, int *month, int *day)
warning: decoder_fuzz@0.0.0:       |                                       ~~~~~^~~
warning: decoder_fuzz@0.0.0: csrc/jsonpath/pg_jsonpath_exec_env.c: In function 'jporcl_DetermineTimeZoneOffset':
warning: decoder_fuzz@0.0.0: csrc/jsonpath/pg_jsonpath_exec_env.c:132:39: warning: unused parameter 'tm' [-Wunused-parameter]
warning: decoder_fuzz@0.0.0:   132 | DetermineTimeZoneOffset(struct pg_tm *tm, pg_tz *tzp)
warning: decoder_fuzz@0.0.0:       |                         ~~~~~~~~~~~~~~^~
warning: decoder_fuzz@0.0.0: csrc/jsonpath/pg_jsonpath_exec_env.c:132:50: warning: unused parameter 'tzp' [-Wunused-parameter]
warning: decoder_fuzz@0.0.0:   132 | DetermineTimeZoneOffset(struct pg_tm *tm, pg_tz *tzp)
warning: decoder_fuzz@0.0.0:       |                                           ~~~~~~~^~~
warning: decoder_fuzz@0.0.0: csrc/jsonpath/pg_jsonpath_exec_env.c: In function 'jporcl_AdjustTimeForTypmod':
warning: decoder_fuzz@0.0.0: csrc/jsonpath/pg_jsonpath_exec_env.c:138:30: warning: unused parameter 'time' [-Wunused-parameter]
warning: decoder_fuzz@0.0.0:   138 | AdjustTimeForTypmod(TimeADT *time, int32 typmod)
warning: decoder_fuzz@0.0.0:       |                     ~~~~~~~~~^~~~
warning: decoder_fuzz@0.0.0: csrc/jsonpath/pg_jsonpath_exec_env.c:138:42: warning: unused parameter 'typmod' [-Wunused-parameter]
warning: decoder_fuzz@0.0.0:   138 | AdjustTimeForTypmod(TimeADT *time, int32 typmod)
warning: decoder_fuzz@0.0.0:       |                                    ~~~~~~^~~~~~
warning: decoder_fuzz@0.0.0: csrc/jsonpath/pg_jsonpath_exec_env.c: In function 'jporcl_AdjustTimestampForTypmod':
warning: decoder_fuzz@0.0.0: csrc/jsonpath/pg_jsonpath_exec_env.c:144:37: warning: unused parameter 'time' [-Wunused-parameter]
warning: decoder_fuzz@0.0.0:   144 | AdjustTimestampForTypmod(Timestamp *time, int32 typmod, struct Node *escontext)
warning: decoder_fuzz@0.0.0:       |                          ~~~~~~~~~~~^~~~
warning: decoder_fuzz@0.0.0: csrc/jsonpath/pg_jsonpath_exec_env.c:144:49: warning: unused parameter 'typmod' [-Wunused-parameter]
warning: decoder_fuzz@0.0.0:   144 | AdjustTimestampForTypmod(Timestamp *time, int32 typmod, struct Node *escontext)
warning: decoder_fuzz@0.0.0:       |                                           ~~~~~~^~~~~~
warning: decoder_fuzz@0.0.0: csrc/jsonpath/pg_jsonpath_exec_env.c:144:70: warning: unused parameter 'escontext' [-Wunused-parameter]
warning: decoder_fuzz@0.0.0:   144 | AdjustTimestampForTypmod(Timestamp *time, int32 typmod, struct Node *escontext)
warning: decoder_fuzz@0.0.0:       |                                                         ~~~~~~~~~~~~~^~~~~~~~~
warning: decoder_fuzz@0.0.0: csrc/jsonpath/pg_jsonpath_exec_env.c: In function 'jporcl_anytime_typmod_check':
warning: decoder_fuzz@0.0.0: csrc/jsonpath/pg_jsonpath_exec_env.c:150:27: warning: unused parameter 'istz' [-Wunused-parameter]
warning: decoder_fuzz@0.0.0:   150 | anytime_typmod_check(bool istz, int32 typmod)
warning: decoder_fuzz@0.0.0:       |                           ^
warning: decoder_fuzz@0.0.0: csrc/jsonpath/pg_jsonpath_exec_env.c:150:39: warning: unused parameter 'typmod' [-Wunused-parameter]
warning: decoder_fuzz@0.0.0:   150 | anytime_typmod_check(bool istz, int32 typmod)
warning: decoder_fuzz@0.0.0:       |                                 ~~~~~~^~~~~~
warning: decoder_fuzz@0.0.0: csrc/jsonpath/pg_jsonpath_exec_env.c: In function 'jporcl_anytimestamp_typmod_check':
warning: decoder_fuzz@0.0.0: csrc/jsonpath/pg_jsonpath_exec_env.c:156:32: warning: unused parameter 'istz' [-Wunused-parameter]
warning: decoder_fuzz@0.0.0:   156 | anytimestamp_typmod_check(bool istz, int32 typmod)
warning: decoder_fuzz@0.0.0:       |                                ^
warning: decoder_fuzz@0.0.0: csrc/jsonpath/pg_jsonpath_exec_env.c:156:44: warning: unused parameter 'typmod' [-Wunused-parameter]
warning: decoder_fuzz@0.0.0:   156 | anytimestamp_typmod_check(bool istz, int32 typmod)
warning: decoder_fuzz@0.0.0:       |                                      ~~~~~~^~~~~~
warning: decoder_fuzz@0.0.0: csrc/jsonpath/pg_jsonpath_exec_env.c: In function 'jporcl_date_cmp_timestamp_internal':
warning: decoder_fuzz@0.0.0: csrc/jsonpath/pg_jsonpath_exec_env.c:162:37: warning: unused parameter 'dateVal' [-Wunused-parameter]
warning: decoder_fuzz@0.0.0:   162 | date_cmp_timestamp_internal(DateADT dateVal, Timestamp dt2)
warning: decoder_fuzz@0.0.0:       |                             ~~~~~~~~^~~~~~~
warning: decoder_fuzz@0.0.0: csrc/jsonpath/pg_jsonpath_exec_env.c:162:56: warning: unused parameter 'dt2' [-Wunused-parameter]
warning: decoder_fuzz@0.0.0:   162 | date_cmp_timestamp_internal(DateADT dateVal, Timestamp dt2)
warning: decoder_fuzz@0.0.0:       |                                              ~~~~~~~~~~^~~
warning: decoder_fuzz@0.0.0: csrc/jsonpath/pg_jsonpath_exec_env.c: In function 'jporcl_date_cmp_timestamptz_internal':
warning: decoder_fuzz@0.0.0: csrc/jsonpath/pg_jsonpath_exec_env.c:168:39: warning: unused parameter 'dateVal' [-Wunused-parameter]
warning: decoder_fuzz@0.0.0:   168 | date_cmp_timestamptz_internal(DateADT dateVal, TimestampTz dt2)
warning: decoder_fuzz@0.0.0:       |                               ~~~~~~~~^~~~~~~
warning: decoder_fuzz@0.0.0: csrc/jsonpath/pg_jsonpath_exec_env.c:168:60: warning: unused parameter 'dt2' [-Wunused-parameter]
warning: decoder_fuzz@0.0.0:   168 | date_cmp_timestamptz_internal(DateADT dateVal, TimestampTz dt2)
warning: decoder_fuzz@0.0.0:       |                                                ~~~~~~~~~~~~^~~
warning: decoder_fuzz@0.0.0: csrc/jsonpath/pg_jsonpath_exec_env.c: In function 'jporcl_timestamp_cmp_timestamptz_internal':
warning: decoder_fuzz@0.0.0: csrc/jsonpath/pg_jsonpath_exec_env.c:174:46: warning: unused parameter 'timestampVal' [-Wunused-parameter]
warning: decoder_fuzz@0.0.0:   174 | timestamp_cmp_timestamptz_internal(Timestamp timestampVal, TimestampTz dt2)
warning: decoder_fuzz@0.0.0:       |                                    ~~~~~~~~~~^~~~~~~~~~~~
warning: decoder_fuzz@0.0.0: csrc/jsonpath/pg_jsonpath_exec_env.c:174:72: warning: unused parameter 'dt2' [-Wunused-parameter]
warning: decoder_fuzz@0.0.0:   174 | timestamp_cmp_timestamptz_internal(Timestamp timestampVal, TimestampTz dt2)
warning: decoder_fuzz@0.0.0:       |                                                            ~~~~~~~~~~~~^~~
warning: decoder_fuzz@0.0.0: csrc/jsonpath/pg_jsonpath_exec_env.c: In function 'date_cmp':
warning: decoder_fuzz@0.0.0: csrc/jsonpath/pg_jsonpath_exec_env.c:181:31: warning: unused parameter 'fcinfo' [-Wunused-parameter]
warning: decoder_fuzz@0.0.0:   181 |         name(FunctionCallInfo fcinfo) \
warning: decoder_fuzz@0.0.0:       |              ~~~~~~~~~~~~~~~~~^~~~~~
warning: decoder_fuzz@0.0.0: csrc/jsonpath/pg_jsonpath_exec_env.c:186:1: note: in expansion of macro 'CARVED_FMGR_STUB'
warning: decoder_fuzz@0.0.0:   186 | CARVED_FMGR_STUB(date_cmp)
warning: decoder_fuzz@0.0.0:       | ^~~~~~~~~~~~~~~~
warning: decoder_fuzz@0.0.0: csrc/jsonpath/pg_jsonpath_exec_env.c: In function 'date_timestamp':
warning: decoder_fuzz@0.0.0: csrc/jsonpath/pg_jsonpath_exec_env.c:181:31: warning: unused parameter 'fcinfo' [-Wunused-parameter]
warning: decoder_fuzz@0.0.0:   181 |         name(FunctionCallInfo fcinfo) \
warning: decoder_fuzz@0.0.0:       |              ~~~~~~~~~~~~~~~~~^~~~~~
warning: decoder_fuzz@0.0.0: csrc/jsonpath/pg_jsonpath_exec_env.c:187:1: note: in expansion of macro 'CARVED_FMGR_STUB'
warning: decoder_fuzz@0.0.0:   187 | CARVED_FMGR_STUB(date_timestamp)
warning: decoder_fuzz@0.0.0:       | ^~~~~~~~~~~~~~~~
warning: decoder_fuzz@0.0.0: csrc/jsonpath/pg_jsonpath_exec_env.c: In function 'jporcl_date_timestamptz':
warning: decoder_fuzz@0.0.0: csrc/jsonpath/pg_jsonpath_exec_env.c:181:31: warning: unused parameter 'fcinfo' [-Wunused-parameter]
warning: decoder_fuzz@0.0.0:   181 |         name(FunctionCallInfo fcinfo) \
warning: decoder_fuzz@0.0.0:       |              ~~~~~~~~~~~~~~~~~^~~~~~
warning: decoder_fuzz@0.0.0: csrc/jsonpath/pg_jsonpath_exec_env.c:188:1: note: in expansion of macro 'CARVED_FMGR_STUB'
warning: decoder_fuzz@0.0.0:   188 | CARVED_FMGR_STUB(date_timestamptz)
warning: decoder_fuzz@0.0.0:       | ^~~~~~~~~~~~~~~~
warning: decoder_fuzz@0.0.0: csrc/jsonpath/pg_jsonpath_exec_env.c: In function 'time_cmp':
warning: decoder_fuzz@0.0.0: csrc/jsonpath/pg_jsonpath_exec_env.c:181:31: warning: unused parameter 'fcinfo' [-Wunused-parameter]
warning: decoder_fuzz@0.0.0:   181 |         name(FunctionCallInfo fcinfo) \
warning: decoder_fuzz@0.0.0:       |              ~~~~~~~~~~~~~~~~~^~~~~~
warning: decoder_fuzz@0.0.0: csrc/jsonpath/pg_jsonpath_exec_env.c:189:1: note: in expansion of macro 'CARVED_FMGR_STUB'
warning: decoder_fuzz@0.0.0:   189 | CARVED_FMGR_STUB(time_cmp)
warning: decoder_fuzz@0.0.0:       | ^~~~~~~~~~~~~~~~
warning: decoder_fuzz@0.0.0: csrc/jsonpath/pg_jsonpath_exec_env.c: In function 'time_timetz':
warning: decoder_fuzz@0.0.0: csrc/jsonpath/pg_jsonpath_exec_env.c:181:31: warning: unused parameter 'fcinfo' [-Wunused-parameter]
warning: decoder_fuzz@0.0.0:   181 |         name(FunctionCallInfo fcinfo) \
warning: decoder_fuzz@0.0.0:       |              ~~~~~~~~~~~~~~~~~^~~~~~
warning: decoder_fuzz@0.0.0: csrc/jsonpath/pg_jsonpath_exec_env.c:190:1: note: in expansion of macro 'CARVED_FMGR_STUB'
warning: decoder_fuzz@0.0.0:   190 | CARVED_FMGR_STUB(time_timetz)
warning: decoder_fuzz@0.0.0:       | ^~~~~~~~~~~~~~~~
warning: decoder_fuzz@0.0.0: csrc/jsonpath/pg_jsonpath_exec_env.c: In function 'time_tz':
warning: decoder_fuzz@0.0.0: csrc/jsonpath/pg_jsonpath_exec_env.c:181:31: warning: unused parameter 'fcinfo' [-Wunused-parameter]
warning: decoder_fuzz@0.0.0:   181 |         name(FunctionCallInfo fcinfo) \
warning: decoder_fuzz@0.0.0:       |              ~~~~~~~~~~~~~~~~~^~~~~~
warning: decoder_fuzz@0.0.0: csrc/jsonpath/pg_jsonpath_exec_env.c:191:1: note: in expansion of macro 'CARVED_FMGR_STUB'
warning: decoder_fuzz@0.0.0:   191 | CARVED_FMGR_STUB(time_tz)
warning: decoder_fuzz@0.0.0:       | ^~~~~~~~~~~~~~~~
warning: decoder_fuzz@0.0.0: csrc/jsonpath/pg_jsonpath_exec_env.c: In function 'timetz_cmp':
warning: decoder_fuzz@0.0.0: csrc/jsonpath/pg_jsonpath_exec_env.c:181:31: warning: unused parameter 'fcinfo' [-Wunused-parameter]
warning: decoder_fuzz@0.0.0:   181 |         name(FunctionCallInfo fcinfo) \
warning: decoder_fuzz@0.0.0:       |              ~~~~~~~~~~~~~~~~~^~~~~~
warning: decoder_fuzz@0.0.0: csrc/jsonpath/pg_jsonpath_exec_env.c:192:1: note: in expansion of macro 'CARVED_FMGR_STUB'
warning: decoder_fuzz@0.0.0:   192 | CARVED_FMGR_STUB(timetz_cmp)
warning: decoder_fuzz@0.0.0:       | ^~~~~~~~~~~~~~~~
warning: decoder_fuzz@0.0.0: csrc/jsonpath/pg_jsonpath_exec_env.c: In function 'timetz_time':
warning: decoder_fuzz@0.0.0: csrc/jsonpath/pg_jsonpath_exec_env.c:181:31: warning: unused parameter 'fcinfo' [-Wunused-parameter]
warning: decoder_fuzz@0.0.0:   181 |         name(FunctionCallInfo fcinfo) \
warning: decoder_fuzz@0.0.0:       |              ~~~~~~~~~~~~~~~~~^~~~~~
warning: decoder_fuzz@0.0.0: csrc/jsonpath/pg_jsonpath_exec_env.c:193:1: note: in expansion of macro 'CARVED_FMGR_STUB'
warning: decoder_fuzz@0.0.0:   193 | CARVED_FMGR_STUB(timetz_time)
warning: decoder_fuzz@0.0.0:       | ^~~~~~~~~~~~~~~~
warning: decoder_fuzz@0.0.0: csrc/jsonpath/pg_jsonpath_exec_env.c: In function 'timestamp_cmp':
warning: decoder_fuzz@0.0.0: csrc/jsonpath/pg_jsonpath_exec_env.c:181:31: warning: unused parameter 'fcinfo' [-Wunused-parameter]
warning: decoder_fuzz@0.0.0:   181 |         name(FunctionCallInfo fcinfo) \
warning: decoder_fuzz@0.0.0:       |              ~~~~~~~~~~~~~~~~~^~~~~~
warning: decoder_fuzz@0.0.0: csrc/jsonpath/pg_jsonpath_exec_env.c:194:1: note: in expansion of macro 'CARVED_FMGR_STUB'
warning: decoder_fuzz@0.0.0:   194 | CARVED_FMGR_STUB(timestamp_cmp)
warning: decoder_fuzz@0.0.0:       | ^~~~~~~~~~~~~~~~
warning: decoder_fuzz@0.0.0: csrc/jsonpath/pg_jsonpath_exec_env.c: In function 'timestamp_tz':
warning: decoder_fuzz@0.0.0: csrc/jsonpath/pg_jsonpath_exec_env.c:181:31: warning: unused parameter 'fcinfo' [-Wunused-parameter]
warning: decoder_fuzz@0.0.0:   181 |         name(FunctionCallInfo fcinfo) \
warning: decoder_fuzz@0.0.0:       |              ~~~~~~~~~~~~~~~~~^~~~~~
warning: decoder_fuzz@0.0.0: csrc/jsonpath/pg_jsonpath_exec_env.c:195:1: note: in expansion of macro 'CARVED_FMGR_STUB'
warning: decoder_fuzz@0.0.0:   195 | CARVED_FMGR_STUB(timestamp_tz)
warning: decoder_fuzz@0.0.0:       | ^~~~~~~~~~~~~~~~
warning: decoder_fuzz@0.0.0: csrc/jsonpath/pg_jsonpath_exec_env.c: In function 'jporcl_timestamp_date':
warning: decoder_fuzz@0.0.0: csrc/jsonpath/pg_jsonpath_exec_env.c:181:31: warning: unused parameter 'fcinfo' [-Wunused-parameter]
warning: decoder_fuzz@0.0.0:   181 |         name(FunctionCallInfo fcinfo) \
warning: decoder_fuzz@0.0.0:       |              ~~~~~~~~~~~~~~~~~^~~~~~
warning: decoder_fuzz@0.0.0: csrc/jsonpath/pg_jsonpath_exec_env.c:196:1: note: in expansion of macro 'CARVED_FMGR_STUB'
warning: decoder_fuzz@0.0.0:   196 | CARVED_FMGR_STUB(timestamp_date)
warning: decoder_fuzz@0.0.0:       | ^~~~~~~~~~~~~~~~
warning: decoder_fuzz@0.0.0: csrc/jsonpath/pg_jsonpath_exec_env.c: In function 'jporcl_timestamp_time':
warning: decoder_fuzz@0.0.0: csrc/jsonpath/pg_jsonpath_exec_env.c:181:31: warning: unused parameter 'fcinfo' [-Wunused-parameter]
warning: decoder_fuzz@0.0.0:   181 |         name(FunctionCallInfo fcinfo) \
warning: decoder_fuzz@0.0.0:       |              ~~~~~~~~~~~~~~~~~^~~~~~
warning: decoder_fuzz@0.0.0: csrc/jsonpath/pg_jsonpath_exec_env.c:197:1: note: in expansion of macro 'CARVED_FMGR_STUB'
warning: decoder_fuzz@0.0.0:   197 | CARVED_FMGR_STUB(timestamp_time)
warning: decoder_fuzz@0.0.0:       | ^~~~~~~~~~~~~~~~
warning: decoder_fuzz@0.0.0: csrc/jsonpath/pg_jsonpath_exec_env.c: In function 'timestamp_timestamptz':
warning: decoder_fuzz@0.0.0: csrc/jsonpath/pg_jsonpath_exec_env.c:181:31: warning: unused parameter 'fcinfo' [-Wunused-parameter]
warning: decoder_fuzz@0.0.0:   181 |         name(FunctionCallInfo fcinfo) \
warning: decoder_fuzz@0.0.0:       |              ~~~~~~~~~~~~~~~~~^~~~~~
warning: decoder_fuzz@0.0.0: csrc/jsonpath/pg_jsonpath_exec_env.c:198:1: note: in expansion of macro 'CARVED_FMGR_STUB'
warning: decoder_fuzz@0.0.0:   198 | CARVED_FMGR_STUB(timestamp_timestamptz)
warning: decoder_fuzz@0.0.0:       | ^~~~~~~~~~~~~~~~
warning: decoder_fuzz@0.0.0: csrc/jsonpath/pg_jsonpath_exec_env.c: In function 'jporcl_timestamptz_date':
warning: decoder_fuzz@0.0.0: csrc/jsonpath/pg_jsonpath_exec_env.c:181:31: warning: unused parameter 'fcinfo' [-Wunused-parameter]
warning: decoder_fuzz@0.0.0:   181 |         name(FunctionCallInfo fcinfo) \
warning: decoder_fuzz@0.0.0:       |              ~~~~~~~~~~~~~~~~~^~~~~~
warning: decoder_fuzz@0.0.0: csrc/jsonpath/pg_jsonpath_exec_env.c:199:1: note: in expansion of macro 'CARVED_FMGR_STUB'
warning: decoder_fuzz@0.0.0:   199 | CARVED_FMGR_STUB(timestamptz_date)
warning: decoder_fuzz@0.0.0:       | ^~~~~~~~~~~~~~~~
warning: decoder_fuzz@0.0.0: csrc/jsonpath/pg_jsonpath_exec_env.c: In function 'jporcl_timestamptz_time':
warning: decoder_fuzz@0.0.0: csrc/jsonpath/pg_jsonpath_exec_env.c:181:31: warning: unused parameter 'fcinfo' [-Wunused-parameter]
warning: decoder_fuzz@0.0.0:   181 |         name(FunctionCallInfo fcinfo) \
warning: decoder_fuzz@0.0.0:       |              ~~~~~~~~~~~~~~~~~^~~~~~
warning: decoder_fuzz@0.0.0: csrc/jsonpath/pg_jsonpath_exec_env.c:200:1: note: in expansion of macro 'CARVED_FMGR_STUB'
warning: decoder_fuzz@0.0.0:   200 | CARVED_FMGR_STUB(timestamptz_time)
warning: decoder_fuzz@0.0.0:       | ^~~~~~~~~~~~~~~~
warning: decoder_fuzz@0.0.0: csrc/jsonpath/pg_jsonpath_exec_env.c: In function 'jporcl_timestamptz_timetz':
warning: decoder_fuzz@0.0.0: csrc/jsonpath/pg_jsonpath_exec_env.c:181:31: warning: unused parameter 'fcinfo' [-Wunused-parameter]
warning: decoder_fuzz@0.0.0:   181 |         name(FunctionCallInfo fcinfo) \
warning: decoder_fuzz@0.0.0:       |              ~~~~~~~~~~~~~~~~~^~~~~~
warning: decoder_fuzz@0.0.0: csrc/jsonpath/pg_jsonpath_exec_env.c:201:1: note: in expansion of macro 'CARVED_FMGR_STUB'
warning: decoder_fuzz@0.0.0:   201 | CARVED_FMGR_STUB(timestamptz_timetz)
warning: decoder_fuzz@0.0.0:       | ^~~~~~~~~~~~~~~~
warning: decoder_fuzz@0.0.0: csrc/jsonpath/pg_jsonpath_exec_env.c: In function 'timestamptz_timestamp':
warning: decoder_fuzz@0.0.0: csrc/jsonpath/pg_jsonpath_exec_env.c:181:31: warning: unused parameter 'fcinfo' [-Wunused-parameter]
warning: decoder_fuzz@0.0.0:   181 |         name(FunctionCallInfo fcinfo) \
warning: decoder_fuzz@0.0.0:       |              ~~~~~~~~~~~~~~~~~^~~~~~
warning: decoder_fuzz@0.0.0: csrc/jsonpath/pg_jsonpath_exec_env.c:202:1: note: in expansion of macro 'CARVED_FMGR_STUB'
warning: decoder_fuzz@0.0.0:   202 | CARVED_FMGR_STUB(timestamptz_timestamp)
warning: decoder_fuzz@0.0.0:       | ^~~~~~~~~~~~~~~~
warning: decoder_fuzz@0.0.0: csrc/jsonpath/pg_jsonpath_exec_env.c: In function 'jporcl_ExecEvalExpr':
warning: decoder_fuzz@0.0.0: csrc/jsonpath/pg_jsonpath_exec_env.c:214:25: warning: unused parameter 'state' [-Wunused-parameter]
warning: decoder_fuzz@0.0.0:   214 | ExecEvalExpr(ExprState *state, ExprContext *econtext, bool *isNull)
warning: decoder_fuzz@0.0.0:       |              ~~~~~~~~~~~^~~~~
warning: decoder_fuzz@0.0.0: csrc/jsonpath/pg_jsonpath_exec_env.c:214:45: warning: unused parameter 'econtext' [-Wunused-parameter]
warning: decoder_fuzz@0.0.0:   214 | ExecEvalExpr(ExprState *state, ExprContext *econtext, bool *isNull)
warning: decoder_fuzz@0.0.0:       |                                ~~~~~~~~~~~~~^~~~~~~~
warning: decoder_fuzz@0.0.0: csrc/jsonpath/pg_jsonpath_exec_env.c:214:61: warning: unused parameter 'isNull' [-Wunused-parameter]
warning: decoder_fuzz@0.0.0:   214 | ExecEvalExpr(ExprState *state, ExprContext *econtext, bool *isNull)
warning: decoder_fuzz@0.0.0:       |                                                             ^
warning: decoder_fuzz@0.0.0: csrc/jsonpath/pg_jsonpath_exec_env.c: In function 'jporcl_exprTypmod':
warning: decoder_fuzz@0.0.0: csrc/jsonpath/pg_jsonpath_exec_env.c:220:24: warning: unused parameter 'expr' [-Wunused-parameter]
warning: decoder_fuzz@0.0.0:   220 | exprTypmod(const Node *expr)
warning: decoder_fuzz@0.0.0:       |            ~~~~~~~~~~~~^~~~
warning: decoder_fuzz@0.0.0: csrc/jsonpath/pg_jsonpath_exec_env.c: In function 'jporcl_init_MultiFuncCall':
warning: decoder_fuzz@0.0.0: csrc/jsonpath/pg_jsonpath_exec_env.c:226:37: warning: unused parameter 'fcinfo' [-Wunused-parameter]
warning: decoder_fuzz@0.0.0:   226 | init_MultiFuncCall(FunctionCallInfo fcinfo)
warning: decoder_fuzz@0.0.0:       |                    ~~~~~~~~~~~~~~~~~^~~~~~
warning: decoder_fuzz@0.0.0: csrc/jsonpath/pg_jsonpath_exec_env.c: In function 'jporcl_per_MultiFuncCall':
warning: decoder_fuzz@0.0.0: csrc/jsonpath/pg_jsonpath_exec_env.c:232:36: warning: unused parameter 'fcinfo' [-Wunused-parameter]
warning: decoder_fuzz@0.0.0:   232 | per_MultiFuncCall(FunctionCallInfo fcinfo)
warning: decoder_fuzz@0.0.0:       |                   ~~~~~~~~~~~~~~~~~^~~~~~
warning: decoder_fuzz@0.0.0: csrc/jsonpath/pg_jsonpath_exec_env.c: In function 'jporcl_jsonb_in':
warning: decoder_fuzz@0.0.0: csrc/jsonpath/pg_jsonpath_exec_env.c:238:27: warning: unused parameter 'fcinfo' [-Wunused-parameter]
warning: decoder_fuzz@0.0.0:   238 | jsonb_in(FunctionCallInfo fcinfo)
warning: decoder_fuzz@0.0.0:       |          ~~~~~~~~~~~~~~~~~^~~~~~
warning: decoder_fuzz@0.0.0: csrc/jsonpath/pg_jsonpath_exec_env.c: In function 'jporcl_format_type_be':
warning: decoder_fuzz@0.0.0: csrc/jsonpath/pg_jsonpath_exec_env.c:246:20: warning: unused parameter 'type_oid' [-Wunused-parameter]
warning: decoder_fuzz@0.0.0:   246 | format_type_be(Oid type_oid)
warning: decoder_fuzz@0.0.0:       |                ~~~~^~~~~~~~
warning: decoder_fuzz@0.0.0: csrc/jsonpath/pg_jsonpath_exec_env.c: In function 'jporcl_hash_any':
warning: decoder_fuzz@0.0.0: csrc/jsonpath/pg_jsonpath_exec_env.c:252:31: warning: unused parameter 'k' [-Wunused-parameter]
warning: decoder_fuzz@0.0.0:   252 | hash_any(const unsigned char *k, int keylen)
warning: decoder_fuzz@0.0.0:       |          ~~~~~~~~~~~~~~~~~~~~~^
warning: decoder_fuzz@0.0.0: csrc/jsonpath/pg_jsonpath_exec_env.c:252:38: warning: unused parameter 'keylen' [-Wunused-parameter]
warning: decoder_fuzz@0.0.0:   252 | hash_any(const unsigned char *k, int keylen)
warning: decoder_fuzz@0.0.0:       |                                  ~~~~^~~~~~
warning: decoder_fuzz@0.0.0: csrc/jsonpath/pg_jsonpath_exec_env.c: In function 'jporcl_hash_any_extended':
warning: decoder_fuzz@0.0.0: csrc/jsonpath/pg_jsonpath_exec_env.c:258:40: warning: unused parameter 'k' [-Wunused-parameter]
warning: decoder_fuzz@0.0.0:   258 | hash_any_extended(const unsigned char *k, int keylen, uint64 seed)
warning: decoder_fuzz@0.0.0:       |                   ~~~~~~~~~~~~~~~~~~~~~^
warning: decoder_fuzz@0.0.0: csrc/jsonpath/pg_jsonpath_exec_env.c:258:47: warning: unused parameter 'keylen' [-Wunused-parameter]
warning: decoder_fuzz@0.0.0:   258 | hash_any_extended(const unsigned char *k, int keylen, uint64 seed)
warning: decoder_fuzz@0.0.0:       |                                           ~~~~^~~~~~
warning: decoder_fuzz@0.0.0: csrc/jsonpath/pg_jsonpath_exec_env.c:258:62: warning: unused parameter 'seed' [-Wunused-parameter]
warning: decoder_fuzz@0.0.0:   258 | hash_any_extended(const unsigned char *k, int keylen, uint64 seed)
warning: decoder_fuzz@0.0.0:       |                                                       ~~~~~~~^~~~
warning: decoder_fuzz@0.0.0: csrc/jsonpath/pg_jsonpath_exec_env.c: In function 'jporcl_hash_numeric':
warning: decoder_fuzz@0.0.0: csrc/jsonpath/pg_jsonpath_exec_env.c:264:31: warning: unused parameter 'fcinfo' [-Wunused-parameter]
warning: decoder_fuzz@0.0.0:   264 | hash_numeric(FunctionCallInfo fcinfo)
warning: decoder_fuzz@0.0.0:       |              ~~~~~~~~~~~~~~~~~^~~~~~
warning: decoder_fuzz@0.0.0: csrc/jsonpath/pg_jsonpath_exec_env.c: In function 'jporcl_hash_numeric_extended':
warning: decoder_fuzz@0.0.0: csrc/jsonpath/pg_jsonpath_exec_env.c:270:40: warning: unused parameter 'fcinfo' [-Wunused-parameter]
warning: decoder_fuzz@0.0.0:   270 | hash_numeric_extended(FunctionCallInfo fcinfo)
warning: decoder_fuzz@0.0.0:       |                       ~~~~~~~~~~~~~~~~~^~~~~~
warning: decoder_fuzz@0.0.0: csrc/jsonpath/pg_jsonpath_exec_env.c: In function 'jporcl_hashchar':
warning: decoder_fuzz@0.0.0: csrc/jsonpath/pg_jsonpath_exec_env.c:276:27: warning: unused parameter 'fcinfo' [-Wunused-parameter]
warning: decoder_fuzz@0.0.0:   276 | hashchar(FunctionCallInfo fcinfo)
warning: decoder_fuzz@0.0.0:       |          ~~~~~~~~~~~~~~~~~^~~~~~
warning: decoder_fuzz@0.0.0: csrc/jsonpath/pg_jsonpath_exec_env.c: In function 'jporcl_hashcharextended':
warning: decoder_fuzz@0.0.0: csrc/jsonpath/pg_jsonpath_exec_env.c:282:35: warning: unused parameter 'fcinfo' [-Wunused-parameter]
warning: decoder_fuzz@0.0.0:   282 | hashcharextended(FunctionCallInfo fcinfo)
warning: decoder_fuzz@0.0.0:       |                  ~~~~~~~~~~~~~~~~~^~~~~~
warning: decoder_fuzz@0.0.0: csrc/jsonpath/pg_jsonpath_exec_env.c: In function 'list_delete_first':
warning: decoder_fuzz@0.0.0: csrc/jsonpath/pg_jsonpath_exec_env.c:288:25: warning: unused parameter 'list' [-Wunused-parameter]
warning: decoder_fuzz@0.0.0:   288 | list_delete_first(List *list)
warning: decoder_fuzz@0.0.0:       |                   ~~~~~~^~~~
warning: decoder_fuzz@0.0.0: csrc/jsonpath/pg_jsonpath_exec_env.c: In function 'jporcl_pg_strncoll':
warning: decoder_fuzz@0.0.0: csrc/jsonpath/pg_jsonpath_exec_env.c:299:25: warning: unused parameter 'arg1' [-Wunused-parameter]
warning: decoder_fuzz@0.0.0:   299 | pg_strncoll(const char *arg1, ssize_t len1, const char *arg2, ssize_t len2,
warning: decoder_fuzz@0.0.0:       |             ~~~~~~~~~~~~^~~~
warning: decoder_fuzz@0.0.0: csrc/jsonpath/pg_jsonpath_exec_env.c:299:39: warning: unused parameter 'len1' [-Wunused-parameter]
warning: decoder_fuzz@0.0.0:   299 | pg_strncoll(const char *arg1, ssize_t len1, const char *arg2, ssize_t len2,
warning: decoder_fuzz@0.0.0:       |                               ~~~~~~~~^~~~
warning: decoder_fuzz@0.0.0: csrc/jsonpath/pg_jsonpath_exec_env.c:299:57: warning: unused parameter 'arg2' [-Wunused-parameter]
warning: decoder_fuzz@0.0.0:   299 | pg_strncoll(const char *arg1, ssize_t len1, const char *arg2, ssize_t len2,
warning: decoder_fuzz@0.0.0:       |                                             ~~~~~~~~~~~~^~~~
warning: decoder_fuzz@0.0.0: csrc/jsonpath/pg_jsonpath_exec_env.c:299:71: warning: unused parameter 'len2' [-Wunused-parameter]
warning: decoder_fuzz@0.0.0:   299 | pg_strncoll(const char *arg1, ssize_t len1, const char *arg2, ssize_t len2,
warning: decoder_fuzz@0.0.0:       |                                                               ~~~~~~~~^~~~
warning: decoder_fuzz@0.0.0: csrc/jsonpath/pg_jsonpath_exec_env.c:300:37: warning: unused parameter 'locale' [-Wunused-parameter]
warning: decoder_fuzz@0.0.0:   300 |                         pg_locale_t locale)
warning: decoder_fuzz@0.0.0:       |                         ~~~~~~~~~~~~^~~~~~
warning: decoder_fuzz@0.0.0: csrc/jsonpath/pg_jsonpath_exec_env.c: In function 'jporcl_MemoryContextSwitchTo':
warning: decoder_fuzz@0.0.0: csrc/jsonpath/pg_jsonpath_exec_env.c:317:37: warning: unused parameter 'context' [-Wunused-parameter]
warning: decoder_fuzz@0.0.0:   317 | MemoryContextSwitchTo(MemoryContext context)
warning: decoder_fuzz@0.0.0:       |                       ~~~~~~~~~~~~~~^~~~~~~
warning: decoder_fuzz@0.0.0: csrc/jsonpath/pg_jsonpath_exec_env.c: In function 'jporcl_AllocSetContextCreate':
warning: decoder_fuzz@0.0.0: csrc/jsonpath/pg_jsonpath_exec_env.c:323:37: warning: unused parameter 'parent' [-Wunused-parameter]
warning: decoder_fuzz@0.0.0:   323 | AllocSetContextCreate(MemoryContext parent, const char *name, int flags)
warning: decoder_fuzz@0.0.0:       |                       ~~~~~~~~~~~~~~^~~~~~
warning: decoder_fuzz@0.0.0: csrc/jsonpath/pg_jsonpath_exec_env.c:323:57: warning: unused parameter 'name' [-Wunused-parameter]
warning: decoder_fuzz@0.0.0:   323 | AllocSetContextCreate(MemoryContext parent, const char *name, int flags)
warning: decoder_fuzz@0.0.0:       |                                             ~~~~~~~~~~~~^~~~
warning: decoder_fuzz@0.0.0: csrc/jsonpath/pg_jsonpath_exec_env.c:323:67: warning: unused parameter 'flags' [-Wunused-parameter]
warning: decoder_fuzz@0.0.0:   323 | AllocSetContextCreate(MemoryContext parent, const char *name, int flags)
warning: decoder_fuzz@0.0.0:       |                                                               ~~~~^~~~~
warning: decoder_fuzz@0.0.0: csrc/jsonpath/pg_jsonpath_exec_env.c: In function 'jporcl_MemoryContextResetOnly':
warning: decoder_fuzz@0.0.0: csrc/jsonpath/pg_jsonpath_exec_env.c:329:38: warning: unused parameter 'context' [-Wunused-parameter]
warning: decoder_fuzz@0.0.0:   329 | MemoryContextResetOnly(MemoryContext context)
warning: decoder_fuzz@0.0.0:       |                        ~~~~~~~~~~~~~~^~~~~~~
warning: decoder_fuzz@0.0.0: csrc/jsonpath/pg_jsonpath_exec_env.c: In function 'jporcl_MemoryContextDelete':
warning: decoder_fuzz@0.0.0: csrc/jsonpath/pg_jsonpath_exec_env.c:335:35: warning: unused parameter 'context' [-Wunused-parameter]
warning: decoder_fuzz@0.0.0:   335 | MemoryContextDelete(MemoryContext context)
warning: decoder_fuzz@0.0.0:       |                     ~~~~~~~~~~~~~~^~~~~~~
warning: decoder_fuzz@0.0.0: csrc/jsonpath/pg_jsonpath_exec_env.c: In function 'jporcl_MemoryContextSetIdentifier':
warning: decoder_fuzz@0.0.0: csrc/jsonpath/pg_jsonpath_exec_env.c:341:42: warning: unused parameter 'context' [-Wunused-parameter]
warning: decoder_fuzz@0.0.0:   341 | MemoryContextSetIdentifier(MemoryContext context, const char *id)
warning: decoder_fuzz@0.0.0:       |                            ~~~~~~~~~~~~~~^~~~~~~
warning: decoder_fuzz@0.0.0: csrc/jsonpath/pg_jsonpath_exec_env.c:341:63: warning: unused parameter 'id' [-Wunused-parameter]
warning: decoder_fuzz@0.0.0:   341 | MemoryContextSetIdentifier(MemoryContext context, const char *id)
warning: decoder_fuzz@0.0.0:       |                                                   ~~~~~~~~~~~~^~
warning: decoder_fuzz@0.0.0: csrc/jsonpath/pg_jsonpath_exec_env.c: In function 'jporcl_MemoryContextSetParent':
warning: decoder_fuzz@0.0.0: csrc/jsonpath/pg_jsonpath_exec_env.c:346:38: warning: unused parameter 'context' [-Wunused-parameter]
warning: decoder_fuzz@0.0.0:   346 | MemoryContextSetParent(MemoryContext context, MemoryContext new_parent)
warning: decoder_fuzz@0.0.0:       |                        ~~~~~~~~~~~~~~^~~~~~~
warning: decoder_fuzz@0.0.0: csrc/jsonpath/pg_jsonpath_exec_env.c:346:61: warning: unused parameter 'new_parent' [-Wunused-parameter]
warning: decoder_fuzz@0.0.0:   346 | MemoryContextSetParent(MemoryContext context, MemoryContext new_parent)
warning: decoder_fuzz@0.0.0:       |                                               ~~~~~~~~~~~~~~^~~~~~~~~~
warning: decoder_fuzz@0.0.0: csrc/jsonpath/pg_jsonpath_exec_env.c: In function 'jporcl_pg_server_to_any':
warning: decoder_fuzz@0.0.0: csrc/jsonpath/pg_jsonpath_exec_env.c:366:37: warning: unused parameter 'len' [-Wunused-parameter]
warning: decoder_fuzz@0.0.0:   366 | pg_server_to_any(const char *s, int len, int encoding)
warning: decoder_fuzz@0.0.0:       |                                 ~~~~^~~
warning: decoder_fuzz@0.0.0: csrc/jsonpath/pg_jsonpath_exec_env.c:366:46: warning: unused parameter 'encoding' [-Wunused-parameter]
warning: decoder_fuzz@0.0.0:   366 | pg_server_to_any(const char *s, int len, int encoding)
warning: decoder_fuzz@0.0.0:       |                                          ~~~~^~~~~~~~
warning: decoder_fuzz@0.0.0: csrc/jsonpath/regex/regexec.c: In function 'cfindloop':
warning: decoder_fuzz@0.0.0: csrc/jsonpath/regex/regexec.c:550:32: warning: unused parameter 'cnfa' [-Wunused-parameter]
warning: decoder_fuzz@0.0.0:   550 |                   struct cnfa *cnfa,
warning: decoder_fuzz@0.0.0:       |                   ~~~~~~~~~~~~~^~~~
warning: decoder_fuzz@0.0.0: csrc/jsonpath/regex/regexec.c:551:36: warning: unused parameter 'cm' [-Wunused-parameter]
warning: decoder_fuzz@0.0.0:   551 |                   struct colormap *cm,
warning: decoder_fuzz@0.0.0:       |                   ~~~~~~~~~~~~~~~~~^~
warning: decoder_fuzz@0.0.0: csrc/jsonpath/regex/regexec.c: In function 'cbrdissect':
warning: decoder_fuzz@0.0.0: csrc/jsonpath/regex/regexec.c:1056:21: warning: comparison of integer expressions of different signedness: 'size_t' {aka 'long unsigned int'} and 'int' [-Wsign-compare]
warning: decoder_fuzz@0.0.0:  1056 |         if (numreps < min || (numreps > max && max != DUPINF))
warning: decoder_fuzz@0.0.0:       |                     ^
warning: decoder_fuzz@0.0.0: csrc/jsonpath/regex/regexec.c:1056:39: warning: comparison of integer expressions of different signedness: 'size_t' {aka 'long unsigned int'} and 'int' [-Wsign-compare]
warning: decoder_fuzz@0.0.0:  1056 |         if (numreps < min || (numreps > max && max != DUPINF))
warning: decoder_fuzz@0.0.0:       |                                       ^
warning: decoder_fuzz@0.0.0: csrc/jsonpath/regex/regexec.c: In function 'citerdissect':
warning: decoder_fuzz@0.0.0: csrc/jsonpath/regex/regexec.c:1162:25: warning: comparison of integer expressions of different signedness: 'size_t' {aka 'long unsigned int'} and 'short int' [-Wsign-compare]
warning: decoder_fuzz@0.0.0:  1162 |         if (max_matches > t->max && t->max != DUPINF)
warning: decoder_fuzz@0.0.0:       |                         ^
warning: decoder_fuzz@0.0.0: csrc/jsonpath/regex/regexec.c:1164:25: warning: comparison of integer expressions of different signedness: 'size_t' {aka 'long unsigned int'} and 'int' [-Wsign-compare]
warning: decoder_fuzz@0.0.0:  1164 |         if (max_matches < min_matches)
warning: decoder_fuzz@0.0.0:       |                         ^
warning: decoder_fuzz@0.0.0: csrc/jsonpath/regex/regexec.c:1219:31: warning: comparison of integer expressions of different signedness: 'int' and 'size_t' {aka 'long unsigned int'} [-Wsign-compare]
warning: decoder_fuzz@0.0.0:  1219 |                         if (k >= max_matches)
warning: decoder_fuzz@0.0.0:       |                               ^~
warning: decoder_fuzz@0.0.0: csrc/jsonpath/regex/regexec.c: In function 'creviterdissect':
warning: decoder_fuzz@0.0.0: csrc/jsonpath/regex/regexec.c:1369:25: warning: comparison of integer expressions of different signedness: 'size_t' {aka 'long unsigned int'} and 'short int' [-Wsign-compare]
warning: decoder_fuzz@0.0.0:  1369 |         if (max_matches > t->max && t->max != DUPINF)
warning: decoder_fuzz@0.0.0:       |                         ^
warning: decoder_fuzz@0.0.0: csrc/jsonpath/regex/regexec.c:1371:25: warning: comparison of integer expressions of different signedness: 'size_t' {aka 'long unsigned int'} and 'int' [-Wsign-compare]
warning: decoder_fuzz@0.0.0:  1371 |         if (max_matches < min_matches)
warning: decoder_fuzz@0.0.0:       |                         ^
warning: decoder_fuzz@0.0.0: csrc/jsonpath/regex/regexec.c:1410:23: warning: comparison of integer expressions of different signedness: 'int' and 'size_t' {aka 'long unsigned int'} [-Wsign-compare]
warning: decoder_fuzz@0.0.0:  1410 |                 if (k >= max_matches)
warning: decoder_fuzz@0.0.0:       |                       ^~
warning: decoder_fuzz@0.0.0: csrc/jsonpath/regex/regexec.c:1437:31: warning: comparison of integer expressions of different signedness: 'int' and 'size_t' {aka 'long unsigned int'} [-Wsign-compare]
warning: decoder_fuzz@0.0.0:  1437 |                         if (k >= max_matches)
warning: decoder_fuzz@0.0.0:       |                               ^~
warning: decoder_fuzz@0.0.0: In file included from csrc/jsonpath/regex/regexec.c:1514:
warning: decoder_fuzz@0.0.0: csrc/jsonpath/regex/rege_dfa.c: In function 'longest':
warning: decoder_fuzz@0.0.0: csrc/jsonpath/regex/rege_dfa.c:80:26: warning: comparison of integer expressions of different signedness: 'size_t' {aka 'long unsigned int'} and 'int' [-Wsign-compare]
warning: decoder_fuzz@0.0.0:    80 |                 if (nchr < d->cnfa->minmatchall)
warning: decoder_fuzz@0.0.0:       |                          ^
warning: decoder_fuzz@0.0.0: csrc/jsonpath/regex/rege_dfa.c: In function 'shortest':
warning: decoder_fuzz@0.0.0: csrc/jsonpath/regex/rege_dfa.c:246:30: warning: comparison of integer expressions of different signedness: 'size_t' {aka 'long unsigned int'} and 'int' [-Wsign-compare]
warning: decoder_fuzz@0.0.0:   246 |                         nchr > d->cnfa->maxmatchall)
warning: decoder_fuzz@0.0.0:       |                              ^
warning: decoder_fuzz@0.0.0: csrc/jsonpath/regex/rege_dfa.c:250:26: warning: comparison of integer expressions of different signedness: 'size_t' {aka 'long unsigned int'} and 'int' [-Wsign-compare]
warning: decoder_fuzz@0.0.0:   250 |                 if (nchr < d->cnfa->minmatchall)
warning: decoder_fuzz@0.0.0:       |                          ^
warning: decoder_fuzz@0.0.0: csrc/jsonpath/regex/rege_dfa.c: In function 'matchuntil':
warning: decoder_fuzz@0.0.0: csrc/jsonpath/regex/rege_dfa.c:388:26: warning: comparison of integer expressions of different signedness: 'size_t' {aka 'long unsigned int'} and 'int' [-Wsign-compare]
warning: decoder_fuzz@0.0.0:   388 |                 if (nchr < d->cnfa->minmatchall)
warning: decoder_fuzz@0.0.0:       |                          ^
warning: decoder_fuzz@0.0.0: csrc/jsonpath/regex/rege_dfa.c: In function 'dfa_backref':
warning: decoder_fuzz@0.0.0: csrc/jsonpath/regex/rege_dfa.c:552:21: warning: comparison of integer expressions of different signedness: 'size_t' {aka 'long unsigned int'} and 'int' [-Wsign-compare]
warning: decoder_fuzz@0.0.0:   552 |         if (minreps < backmin)
warning: decoder_fuzz@0.0.0:       |                     ^
warning: decoder_fuzz@0.0.0: csrc/jsonpath/regex/rege_dfa.c:554:42: warning: comparison of integer expressions of different signedness: 'size_t' {aka 'long unsigned int'} and 'int' [-Wsign-compare]
warning: decoder_fuzz@0.0.0:   554 |         if (backmax != DUPINF && maxreps > backmax)
warning: decoder_fuzz@0.0.0:       |                                          ^
warning: decoder_fuzz@0.0.0: csrc/jsonpath/jsonb_util.c: In function 'JsonbHashScalarValueExtended':
warning: decoder_fuzz@0.0.0: csrc/jsonpath/jsonb_util.c:1407:15: warning: 'tmp' may be used uninitialized [-Wmaybe-uninitialized]
warning: decoder_fuzz@0.0.0:  1407 |         *hash ^= tmp;
warning: decoder_fuzz@0.0.0:       |               ^~
warning: decoder_fuzz@0.0.0: csrc/jsonpath/jsonb_util.c:1375:25: note: 'tmp' was declared here
warning: decoder_fuzz@0.0.0:  1375 |         uint64          tmp;
warning: decoder_fuzz@0.0.0:       |                         ^~~
warning: decoder_fuzz@0.0.0: In function 'pg_jsonpath_direct_call',
warning: decoder_fuzz@0.0.0:     inlined from 'compareDatetime' at csrc/jsonpath/jsonpath_exec.c:3877:9,
warning: decoder_fuzz@0.0.0:     inlined from 'compareItems' at csrc/jsonpath/jsonpath_exec.c:3385:11,
warning: decoder_fuzz@0.0.0:     inlined from 'executeComparison' at csrc/jsonpath/jsonpath_exec.c:3245:9,
warning: decoder_fuzz@0.0.0:     inlined from 'executePredicate' at csrc/jsonpath/jsonpath_exec.c:2067:23,
warning: decoder_fuzz@0.0.0:     inlined from 'executeBoolItem' at csrc/jsonpath/jsonpath_exec.c:1844:11:
warning: decoder_fuzz@0.0.0: csrc/jsonpath/include/fmgr.h:111:19: warning: 'cmpfunc' may be used uninitialized [-Wmaybe-uninitialized]
warning: decoder_fuzz@0.0.0:   111 |         result = (*func) (fcinfo);
warning: decoder_fuzz@0.0.0:       |                  ~^~~~~~~~~~~~~~~
warning: decoder_fuzz@0.0.0: csrc/jsonpath/jsonpath_exec.c: In function 'executeBoolItem':
warning: decoder_fuzz@0.0.0: csrc/jsonpath/jsonpath_exec.c:3725:25: note: 'cmpfunc' was declared here
warning: decoder_fuzz@0.0.0:  3725 |         PGFunction      cmpfunc;
warning: decoder_fuzz@0.0.0:       |                         ^~~~~~~
warning: decoder_fuzz@0.0.0: In function 'compareItems',
warning: decoder_fuzz@0.0.0:     inlined from 'executeComparison' at csrc/jsonpath/jsonpath_exec.c:3245:9,
warning: decoder_fuzz@0.0.0:     inlined from 'executePredicate' at csrc/jsonpath/jsonpath_exec.c:2067:23,
warning: decoder_fuzz@0.0.0:     inlined from 'executeBoolItem' at csrc/jsonpath/jsonpath_exec.c:1844:11:
warning: decoder_fuzz@0.0.0: csrc/jsonpath/jsonpath_exec.c:3418:29: warning: 'cmp' may be used uninitialized [-Wmaybe-uninitialized]
warning: decoder_fuzz@0.0.0:  3418 |                         res = (cmp > 0);
warning: decoder_fuzz@0.0.0:       |                         ~~~~^~~~~~~~~~~
warning: decoder_fuzz@0.0.0: csrc/jsonpath/jsonpath_exec.c: In function 'executeBoolItem':
warning: decoder_fuzz@0.0.0: csrc/jsonpath/jsonpath_exec.c:3342:33: note: 'cmp' was declared here
warning: decoder_fuzz@0.0.0:  3342 |         int                     cmp;
warning: decoder_fuzz@0.0.0:       |                                 ^~~
warning: decoder_fuzz@0.0.0: In file included from csrc/regexfam/include/regex/regguts.h:40,
warning: decoder_fuzz@0.0.0:                  from csrc/regexfam/regcomp.c:35:
warning: decoder_fuzz@0.0.0: csrc/regexfam/include/regex/regcustom.h:56:9: warning: "assert" redefined
warning: decoder_fuzz@0.0.0:    56 | #define assert(x)               Assert(x)
warning: decoder_fuzz@0.0.0:       |         ^~~~~~
warning: decoder_fuzz@0.0.0: In file included from csrc/regexfam/postgres.h:29,
warning: decoder_fuzz@0.0.0:                  from csrc/regexfam/include/regex/regcustom.h:39:
warning: decoder_fuzz@0.0.0: /usr/include/assert.h:118:11: note: this is the location of the previous definition
warning: decoder_fuzz@0.0.0:   118 | #  define assert(expr)                                                  \
warning: decoder_fuzz@0.0.0:       |           ^~~~~~
warning: decoder_fuzz@0.0.0: csrc/regexfam/regcomp.c: In function 'parseqatom':
warning: decoder_fuzz@0.0.0: csrc/regexfam/regcomp.c:1070:38: warning: comparison of integer expressions of different signedness: 'int' and 'size_t' {aka 'long unsigned int'} [-Wsign-compare]
warning: decoder_fuzz@0.0.0:  1070 |                         INSIST(subno < v->nsubs, REG_ESUBREG);
warning: decoder_fuzz@0.0.0:       |                                      ^
warning: decoder_fuzz@0.0.0: csrc/regexfam/regcomp.c:324:33: note: in definition of macro 'INSIST'
warning: decoder_fuzz@0.0.0:   324 | #define INSIST(c, e) do { if (!(c)) ERR(e); } while (0) /* error if c false */
warning: decoder_fuzz@0.0.0:       |                                 ^
warning: decoder_fuzz@0.0.0: csrc/regexfam/regc_color.c: In function 'freecolor':
warning: decoder_fuzz@0.0.0: csrc/regexfam/regc_color.c:283:41: warning: comparison of integer expressions of different signedness: 'color' {aka 'short int'} and 'size_t' {aka 'long unsigned int'} [-Wsign-compare]
warning: decoder_fuzz@0.0.0:   283 |                         assert(cm->free < cm->max);
warning: decoder_fuzz@0.0.0:       |                                         ^
warning: decoder_fuzz@0.0.0: csrc/regexfam/postgres.h:77:23: note: in definition of macro 'Assert'
warning: decoder_fuzz@0.0.0:    77 |                 if (!(condition)) \
warning: decoder_fuzz@0.0.0:       |                       ^~~~~~~~~
warning: decoder_fuzz@0.0.0: csrc/regexfam/regc_color.c:283:25: note: in expansion of macro 'assert'
warning: decoder_fuzz@0.0.0:   283 |                         assert(cm->free < cm->max);
warning: decoder_fuzz@0.0.0:       |                         ^~~~~~
warning: decoder_fuzz@0.0.0: csrc/regexfam/regc_color.c:295:52: warning: comparison of integer expressions of different signedness: 'color' {aka 'short int'} and 'size_t' {aka 'long unsigned int'} [-Wsign-compare]
warning: decoder_fuzz@0.0.0:   295 |                                         assert(nco < cm->max);
warning: decoder_fuzz@0.0.0:       |                                                    ^
warning: decoder_fuzz@0.0.0: csrc/regexfam/postgres.h:77:23: note: in definition of macro 'Assert'
warning: decoder_fuzz@0.0.0:    77 |                 if (!(condition)) \
warning: decoder_fuzz@0.0.0:       |                       ^~~~~~~~~
warning: decoder_fuzz@0.0.0: csrc/regexfam/regc_color.c:295:41: note: in expansion of macro 'assert'
warning: decoder_fuzz@0.0.0:   295 |                                         assert(nco < cm->max);
warning: decoder_fuzz@0.0.0:       |                                         ^~~~~~
warning: decoder_fuzz@0.0.0: In file included from csrc/regexfam/regcomp.c:2648:
warning: decoder_fuzz@0.0.0: csrc/regexfam/regc_nfa.c: In function 'dumpnfa':
warning: decoder_fuzz@0.0.0: csrc/regexfam/regc_nfa.c:3646:21: warning: unused parameter 'nfa' [-Wunused-parameter]
warning: decoder_fuzz@0.0.0:  3646 | dumpnfa(struct nfa *nfa,
warning: decoder_fuzz@0.0.0:       |         ~~~~~~~~~~~~^~~
warning: decoder_fuzz@0.0.0: csrc/regexfam/regc_nfa.c:3647:23: warning: unused parameter 'f' [-Wunused-parameter]
warning: decoder_fuzz@0.0.0:  3647 |                 FILE *f)
warning: decoder_fuzz@0.0.0:       |                 ~~~~~~^
warning: decoder_fuzz@0.0.0: In file included from csrc/regexfam/include/regex/regguts.h:40,
warning: decoder_fuzz@0.0.0:                  from csrc/regexfam/regexec.c:34:
warning: decoder_fuzz@0.0.0: csrc/regexfam/include/regex/regcustom.h:56:9: warning: "assert" redefined
warning: decoder_fuzz@0.0.0:    56 | #define assert(x)               Assert(x)
warning: decoder_fuzz@0.0.0:       |         ^~~~~~
warning: decoder_fuzz@0.0.0: In file included from csrc/regexfam/postgres.h:29,
warning: decoder_fuzz@0.0.0:                  from csrc/regexfam/include/regex/regcustom.h:39:
warning: decoder_fuzz@0.0.0: /usr/include/assert.h:118:11: note: this is the location of the previous definition
warning: decoder_fuzz@0.0.0:   118 | #  define assert(expr)                                                  \
warning: decoder_fuzz@0.0.0:       |           ^~~~~~
warning: decoder_fuzz@0.0.0: csrc/regexfam/regexec.c: In function 'cfindloop':
warning: decoder_fuzz@0.0.0: csrc/regexfam/regexec.c:550:32: warning: unused parameter 'cnfa' [-Wunused-parameter]
warning: decoder_fuzz@0.0.0:   550 |                   struct cnfa *cnfa,
warning: decoder_fuzz@0.0.0:       |                   ~~~~~~~~~~~~~^~~~
warning: decoder_fuzz@0.0.0: csrc/regexfam/regexec.c:551:36: warning: unused parameter 'cm' [-Wunused-parameter]
warning: decoder_fuzz@0.0.0:   551 |                   struct colormap *cm,
warning: decoder_fuzz@0.0.0:       |                   ~~~~~~~~~~~~~~~~~^~
warning: decoder_fuzz@0.0.0: csrc/regexfam/regexec.c: In function 'cbrdissect':
warning: decoder_fuzz@0.0.0: csrc/regexfam/regexec.c:1056:21: warning: comparison of integer expressions of different signedness: 'size_t' {aka 'long unsigned int'} and 'int' [-Wsign-compare]
warning: decoder_fuzz@0.0.0:  1056 |         if (numreps < min || (numreps > max && max != DUPINF))
warning: decoder_fuzz@0.0.0:       |                     ^
warning: decoder_fuzz@0.0.0: csrc/regexfam/regexec.c:1056:39: warning: comparison of integer expressions of different signedness: 'size_t' {aka 'long unsigned int'} and 'int' [-Wsign-compare]
warning: decoder_fuzz@0.0.0:  1056 |         if (numreps < min || (numreps > max && max != DUPINF))
warning: decoder_fuzz@0.0.0:       |                                       ^
warning: decoder_fuzz@0.0.0: csrc/regexfam/regexec.c: In function 'citerdissect':
warning: decoder_fuzz@0.0.0: csrc/regexfam/regexec.c:1162:25: warning: comparison of integer expressions of different signedness: 'size_t' {aka 'long unsigned int'} and 'short int' [-Wsign-compare]
warning: decoder_fuzz@0.0.0:  1162 |         if (max_matches > t->max && t->max != DUPINF)
warning: decoder_fuzz@0.0.0:       |                         ^
warning: decoder_fuzz@0.0.0: csrc/regexfam/regexec.c:1164:25: warning: comparison of integer expressions of different signedness: 'size_t' {aka 'long unsigned int'} and 'int' [-Wsign-compare]
warning: decoder_fuzz@0.0.0:  1164 |         if (max_matches < min_matches)
warning: decoder_fuzz@0.0.0:       |                         ^
warning: decoder_fuzz@0.0.0: csrc/regexfam/regexec.c:1219:31: warning: comparison of integer expressions of different signedness: 'int' and 'size_t' {aka 'long unsigned int'} [-Wsign-compare]
warning: decoder_fuzz@0.0.0:  1219 |                         if (k >= max_matches)
warning: decoder_fuzz@0.0.0:       |                               ^~
warning: decoder_fuzz@0.0.0: csrc/regexfam/regexec.c: In function 'creviterdissect':
warning: decoder_fuzz@0.0.0: csrc/regexfam/regexec.c:1369:25: warning: comparison of integer expressions of different signedness: 'size_t' {aka 'long unsigned int'} and 'short int' [-Wsign-compare]
warning: decoder_fuzz@0.0.0:  1369 |         if (max_matches > t->max && t->max != DUPINF)
warning: decoder_fuzz@0.0.0:       |                         ^
warning: decoder_fuzz@0.0.0: csrc/regexfam/regexec.c:1371:25: warning: comparison of integer expressions of different signedness: 'size_t' {aka 'long unsigned int'} and 'int' [-Wsign-compare]
warning: decoder_fuzz@0.0.0:  1371 |         if (max_matches < min_matches)
warning: decoder_fuzz@0.0.0:       |                         ^
warning: decoder_fuzz@0.0.0: csrc/regexfam/regexec.c:1410:23: warning: comparison of integer expressions of different signedness: 'int' and 'size_t' {aka 'long unsigned int'} [-Wsign-compare]
warning: decoder_fuzz@0.0.0:  1410 |                 if (k >= max_matches)
warning: decoder_fuzz@0.0.0:       |                       ^~
warning: decoder_fuzz@0.0.0: csrc/regexfam/regexec.c:1437:31: warning: comparison of integer expressions of different signedness: 'int' and 'size_t' {aka 'long unsigned int'} [-Wsign-compare]
warning: decoder_fuzz@0.0.0:  1437 |                         if (k >= max_matches)
warning: decoder_fuzz@0.0.0:       |                               ^~
warning: decoder_fuzz@0.0.0: In file included from csrc/regexfam/regexec.c:1514:
warning: decoder_fuzz@0.0.0: csrc/regexfam/rege_dfa.c: In function 'longest':
warning: decoder_fuzz@0.0.0: csrc/regexfam/rege_dfa.c:80:26: warning: comparison of integer expressions of different signedness: 'size_t' {aka 'long unsigned int'} and 'int' [-Wsign-compare]
warning: decoder_fuzz@0.0.0:    80 |                 if (nchr < d->cnfa->minmatchall)
warning: decoder_fuzz@0.0.0:       |                          ^
warning: decoder_fuzz@0.0.0: csrc/regexfam/rege_dfa.c: In function 'shortest':
warning: decoder_fuzz@0.0.0: csrc/regexfam/rege_dfa.c:246:30: warning: comparison of integer expressions of different signedness: 'size_t' {aka 'long unsigned int'} and 'int' [-Wsign-compare]
warning: decoder_fuzz@0.0.0:   246 |                         nchr > d->cnfa->maxmatchall)
warning: decoder_fuzz@0.0.0:       |                              ^
warning: decoder_fuzz@0.0.0: csrc/regexfam/rege_dfa.c:250:26: warning: comparison of integer expressions of different signedness: 'size_t' {aka 'long unsigned int'} and 'int' [-Wsign-compare]
warning: decoder_fuzz@0.0.0:   250 |                 if (nchr < d->cnfa->minmatchall)
warning: decoder_fuzz@0.0.0:       |                          ^
warning: decoder_fuzz@0.0.0: csrc/regexfam/rege_dfa.c: In function 'matchuntil':
warning: decoder_fuzz@0.0.0: csrc/regexfam/rege_dfa.c:388:26: warning: comparison of integer expressions of different signedness: 'size_t' {aka 'long unsigned int'} and 'int' [-Wsign-compare]
warning: decoder_fuzz@0.0.0:   388 |                 if (nchr < d->cnfa->minmatchall)
warning: decoder_fuzz@0.0.0:       |                          ^
warning: decoder_fuzz@0.0.0: csrc/regexfam/rege_dfa.c: In function 'dfa_backref':
warning: decoder_fuzz@0.0.0: csrc/regexfam/rege_dfa.c:552:21: warning: comparison of integer expressions of different signedness: 'size_t' {aka 'long unsigned int'} and 'int' [-Wsign-compare]
warning: decoder_fuzz@0.0.0:   552 |         if (minreps < backmin)
warning: decoder_fuzz@0.0.0:       |                     ^
warning: decoder_fuzz@0.0.0: csrc/regexfam/rege_dfa.c:554:42: warning: comparison of integer expressions of different signedness: 'size_t' {aka 'long unsigned int'} and 'int' [-Wsign-compare]
warning: decoder_fuzz@0.0.0:   554 |         if (backmax != DUPINF && maxreps > backmax)
warning: decoder_fuzz@0.0.0:       |                                          ^
warning: decoder_fuzz@0.0.0: In file included from csrc/regexfam/include/regex/regguts.h:40,
warning: decoder_fuzz@0.0.0:                  from csrc/regexfam/regerror.c:34:
warning: decoder_fuzz@0.0.0: csrc/regexfam/include/regex/regcustom.h:56:9: warning: "assert" redefined
warning: decoder_fuzz@0.0.0:    56 | #define assert(x)               Assert(x)
warning: decoder_fuzz@0.0.0:       |         ^~~~~~
warning: decoder_fuzz@0.0.0: In file included from csrc/regexfam/postgres.h:29,
warning: decoder_fuzz@0.0.0:                  from csrc/regexfam/include/regex/regcustom.h:39:
warning: decoder_fuzz@0.0.0: /usr/include/assert.h:118:11: note: this is the location of the previous definition
warning: decoder_fuzz@0.0.0:   118 | #  define assert(expr)                                                  \
warning: decoder_fuzz@0.0.0:       |           ^~~~~~
warning: decoder_fuzz@0.0.0: csrc/regexfam/regerror.c: In function 'pg_regerror':
warning: decoder_fuzz@0.0.0: csrc/regexfam/regerror.c:61:40: warning: unused parameter 'preg' [-Wunused-parameter]
warning: decoder_fuzz@0.0.0:    61 |                         const regex_t *preg,    /* associated regex_t (unused at present) */
warning: decoder_fuzz@0.0.0:       |                         ~~~~~~~~~~~~~~~^~~~
warning: decoder_fuzz@0.0.0: In file included from csrc/regexfam/include/regex/regguts.h:40,
warning: decoder_fuzz@0.0.0:                  from csrc/regexfam/regfree.c:40:
warning: decoder_fuzz@0.0.0: csrc/regexfam/include/regex/regcustom.h:56:9: warning: "assert" redefined
warning: decoder_fuzz@0.0.0:    56 | #define assert(x)               Assert(x)
warning: decoder_fuzz@0.0.0:       |         ^~~~~~
warning: decoder_fuzz@0.0.0: In file included from csrc/regexfam/postgres.h:29,
warning: decoder_fuzz@0.0.0:                  from csrc/regexfam/include/regex/regcustom.h:39:
warning: decoder_fuzz@0.0.0: /usr/include/assert.h:118:11: note: this is the location of the previous definition
warning: decoder_fuzz@0.0.0:   118 | #  define assert(expr)                                                  \
warning: decoder_fuzz@0.0.0:       |           ^~~~~~
warning: decoder_fuzz@0.0.0: In file included from csrc/regexfam/include/regex/regguts.h:40,
warning: decoder_fuzz@0.0.0:                  from csrc/regexfam/regprefix.c:16:
warning: decoder_fuzz@0.0.0: csrc/regexfam/include/regex/regcustom.h:56:9: warning: "assert" redefined
warning: decoder_fuzz@0.0.0:    56 | #define assert(x)               Assert(x)
warning: decoder_fuzz@0.0.0:       |         ^~~~~~
warning: decoder_fuzz@0.0.0: In file included from csrc/regexfam/postgres.h:29,
warning: decoder_fuzz@0.0.0:                  from csrc/regexfam/include/regex/regcustom.h:39:
warning: decoder_fuzz@0.0.0: /usr/include/assert.h:118:11: note: this is the location of the previous definition
warning: decoder_fuzz@0.0.0:   118 | #  define assert(expr)                                                  \
warning: decoder_fuzz@0.0.0:       |           ^~~~~~
warning: decoder_fuzz@0.0.0: csrc/regexfam/regprefix.c: In function 'pg_regprefix':
warning: decoder_fuzz@0.0.0: csrc/regexfam/regprefix.c:96:25: warning: comparison of integer expressions of different signedness: 'size_t' {aka 'long unsigned int'} and 'int' [-Wsign-compare]
warning: decoder_fuzz@0.0.0:    96 |         assert(*slength <= cnfa->nstates);
warning: decoder_fuzz@0.0.0:       |                         ^~
warning: decoder_fuzz@0.0.0: csrc/regexfam/postgres.h:77:23: note: in definition of macro 'Assert'
warning: decoder_fuzz@0.0.0:    77 |                 if (!(condition)) \
warning: decoder_fuzz@0.0.0:       |                       ^~~~~~~~~
warning: decoder_fuzz@0.0.0: csrc/regexfam/regprefix.c:96:9: note: in expansion of macro 'assert'
warning: decoder_fuzz@0.0.0:    96 |         assert(*slength <= cnfa->nstates);
warning: decoder_fuzz@0.0.0:       |         ^~~~~~
warning: decoder_fuzz@0.0.0: csrc/pg_regexp_io.c: In function 'similar_escape_internal':
warning: decoder_fuzz@0.0.0: csrc/pg_regexp_io.c:631:90: warning: right-hand operand of comma expression has no effect [-Wunused-value]
warning: decoder_fuzz@0.0.0:   631 |                                                 (errcode(ERRCODE_INVALID_ESCAPE_SEQUENCE),
warning: decoder_fuzz@0.0.0:       |                                                                                          ^
warning: decoder_fuzz@0.0.0: csrc/pg_regexp_io.c:143:22: note: in definition of macro 'ereport'
warning: decoder_fuzz@0.0.0:   143 |         do { (void) (rest); pg_regexp_ereport_fire(); } while (0)
warning: decoder_fuzz@0.0.0:       |                      ^~~~
warning: decoder_fuzz@0.0.0: csrc/pg_regexp_io.c: In function 'setup_regexp_matches':
warning: decoder_fuzz@0.0.0: csrc/pg_regexp_io.c:944:47: warning: comparison of integer expressions of different signedness: 'int' and 'long unsigned int' [-Wsign-compare]
warning: decoder_fuzz@0.0.0:   944 |                                 if (array_len > MaxAllocSize / sizeof(int))
warning: decoder_fuzz@0.0.0:       |                                               ^
warning: decoder_fuzz@0.0.0: csrc/pg_regexp_io.c: In function 'replace_text_regexp':
warning: decoder_fuzz@0.0.0: csrc/pg_regexp_io.c:1314:29: warning: comparison of integer expressions of different signedness: 'int' and 'size_t' {aka 'long unsigned int'} [-Wsign-compare]
warning: decoder_fuzz@0.0.0:  1314 |         while (search_start <= data_len)
warning: decoder_fuzz@0.0.0:       |                             ^~
warning: decoder_fuzz@0.0.0: csrc/pg_regexp_io.c:1413:22: warning: comparison of integer expressions of different signedness: 'int' and 'size_t' {aka 'long unsigned int'} [-Wsign-compare]
warning: decoder_fuzz@0.0.0:  1413 |         if (data_pos < data_len)
warning: decoder_fuzz@0.0.0:       |                      ^
warning: decoder_fuzz@0.0.0: csrc/pg_regexp_io.c: In function 'pg_diff_textregexreplace':
warning: decoder_fuzz@0.0.0: csrc/pg_regexp_io.c:1716:82: warning: right-hand operand of comma expression has no effect [-Wunused-value]
warning: decoder_fuzz@0.0.0:  1716 |                                         (errcode(ERRCODE_INVALID_PARAMETER_VALUE),
warning: decoder_fuzz@0.0.0:       |                                                                                  ^
warning: decoder_fuzz@0.0.0: csrc/pg_regexp_io.c:143:22: note: in definition of macro 'ereport'
warning: decoder_fuzz@0.0.0:   143 |         do { (void) (rest); pg_regexp_ereport_fire(); } while (0)
warning: decoder_fuzz@0.0.0:       |                      ^~~~
warning: decoder_fuzz@0.0.0: csrc/pg_regexp_io.c:1712:29: warning: unused variable 'end_p' [-Wunused-variable]
warning: decoder_fuzz@0.0.0:  1712 |                 const char *end_p = opt_p + VARSIZE_ANY_EXHDR(opt);
warning: decoder_fuzz@0.0.0:       |                             ^~~~~
warning: decoder_fuzz@0.0.0: csrc/pg_regexp_io.c: In function 'pg_diff_regexp_match':
warning: decoder_fuzz@0.0.0: csrc/pg_regexp_io.c:2133:82: warning: right-hand operand of comma expression has no effect [-Wunused-value]
warning: decoder_fuzz@0.0.0:  2133 |                                         (errcode(ERRCODE_INVALID_PARAMETER_VALUE),
warning: decoder_fuzz@0.0.0:       |                                                                                  ^
warning: decoder_fuzz@0.0.0: csrc/pg_regexp_io.c:143:22: note: in definition of macro 'ereport'
warning: decoder_fuzz@0.0.0:   143 |         do { (void) (rest); pg_regexp_ereport_fire(); } while (0)
warning: decoder_fuzz@0.0.0:       |                      ^~~~
warning: decoder_fuzz@0.0.0: csrc/pg_regexp_io.c: In function 'pg_diff_textregexreplace_extended':
warning: decoder_fuzz@0.0.0: csrc/pg_regexp_io.c:1745:33: warning: variable 'start' might be clobbered by 'longjmp' or 'vfork' [-Wclobbered]
warning: decoder_fuzz@0.0.0:  1745 |         int                     start = 1;
warning: decoder_fuzz@0.0.0:       |                                 ^~~~~
warning: decoder_fuzz@0.0.0: csrc/pg_regexp_io.c: In function 'pg_diff_regexp_count':
warning: decoder_fuzz@0.0.0: csrc/pg_regexp_io.c:1801:33: warning: variable 'start' might be clobbered by 'longjmp' or 'vfork' [-Wclobbered]
warning: decoder_fuzz@0.0.0:  1801 |         int                     start = 1;
warning: decoder_fuzz@0.0.0:       |                                 ^~~~~
warning: decoder_fuzz@0.0.0: csrc/pg_regexp_io.c: In function 'pg_diff_regexp_instr':
warning: decoder_fuzz@0.0.0: csrc/pg_regexp_io.c:1856:33: warning: variable 'start' might be clobbered by 'longjmp' or 'vfork' [-Wclobbered]
warning: decoder_fuzz@0.0.0:  1856 |         int                     start = 1;
warning: decoder_fuzz@0.0.0:       |                                 ^~~~~
warning: decoder_fuzz@0.0.0: csrc/pg_regexp_io.c:1857:33: warning: variable 'n' might be clobbered by 'longjmp' or 'vfork' [-Wclobbered]
warning: decoder_fuzz@0.0.0:  1857 |         int                     n = 1;
warning: decoder_fuzz@0.0.0:       |                                 ^
warning: decoder_fuzz@0.0.0: csrc/pg_regexp_io.c:1858:33: warning: variable 'endoption' might be clobbered by 'longjmp' or 'vfork' [-Wclobbered]
warning: decoder_fuzz@0.0.0:  1858 |         int                     endoption = 0;
warning: decoder_fuzz@0.0.0:       |                                 ^~~~~~~~~
warning: decoder_fuzz@0.0.0: csrc/pg_regexp_io.c:1860:33: warning: variable 'subexpr' might be clobbered by 'longjmp' or 'vfork' [-Wclobbered]
warning: decoder_fuzz@0.0.0:  1860 |         int                     subexpr = 0;
warning: decoder_fuzz@0.0.0:       |                                 ^~~~~~~
warning: decoder_fuzz@0.0.0: csrc/pg_regexp_io.c: In function 'pg_diff_regexp_substr':
warning: decoder_fuzz@0.0.0: csrc/pg_regexp_io.c:2002:33: warning: variable 'start' might be clobbered by 'longjmp' or 'vfork' [-Wclobbered]
warning: decoder_fuzz@0.0.0:  2002 |         int                     start = 1;
warning: decoder_fuzz@0.0.0:       |                                 ^~~~~
warning: decoder_fuzz@0.0.0: csrc/pg_regexp_io.c:2003:33: warning: variable 'n' might be clobbered by 'longjmp' or 'vfork' [-Wclobbered]
warning: decoder_fuzz@0.0.0:  2003 |         int                     n = 1;
warning: decoder_fuzz@0.0.0:       |                                 ^
warning: decoder_fuzz@0.0.0: csrc/pg_regexp_io.c:2005:33: warning: variable 'subexpr' might be clobbered by 'longjmp' or 'vfork' [-Wclobbered]
warning: decoder_fuzz@0.0.0:  2005 |         int                     subexpr = 0;
warning: decoder_fuzz@0.0.0:       |                                 ^~~~~~~
warning: decoder_fuzz@0.0.0: In file included from csrc/pg_timestamp_io.c:658:
warning: decoder_fuzz@0.0.0: csrc/pg_datetime_verbatim.inc: In function 'DecodeTimeCommon':
warning: decoder_fuzz@0.0.0: csrc/pg_datetime_verbatim.inc:2456:33: warning: unused parameter 'fmask' [-Wunused-parameter]
warning: decoder_fuzz@0.0.0:  2456 | DecodeTimeCommon(char *str, int fmask, int range,
warning: decoder_fuzz@0.0.0:       |                             ~~~~^~~~~
warning: decoder_fuzz@0.0.0: csrc/pg_datetime_verbatim.inc: In function 'DecodeNumberField':
warning: decoder_fuzz@0.0.0: csrc/pg_datetime_verbatim.inc:2748:40: warning: comparison of integer expressions of different signedness: 'size_t' {aka 'long unsigned int'} and 'int' [-Wsign-compare]
warning: decoder_fuzz@0.0.0:  2748 |         if (strspn(str, "0123456789.") != len)
warning: decoder_fuzz@0.0.0:       |                                        ^~
warning: decoder_fuzz@0.0.0: csrc/pg_datetime_verbatim.inc: In function 'tsdiff_impl_DateTimeParseError':
warning: decoder_fuzz@0.0.0: csrc/pg_datetime_verbatim.inc:3055:82: warning: right-hand operand of comma expression has no effect [-Wunused-value]
warning: decoder_fuzz@0.0.0:  3055 |                                         (errcode(ERRCODE_DATETIME_FIELD_OVERFLOW),
warning: decoder_fuzz@0.0.0:       |                                                                                  ^
warning: decoder_fuzz@0.0.0: csrc/pg_timestamp_io.c:219:25: note: in definition of macro 'errsave'
warning: decoder_fuzz@0.0.0:   219 |                 (void) (__VA_ARGS__); \
warning: decoder_fuzz@0.0.0:       |                         ^~~~~~~~~~~
warning: decoder_fuzz@0.0.0: csrc/pg_datetime_verbatim.inc:3080:76: warning: right-hand operand of comma expression has no effect [-Wunused-value]
warning: decoder_fuzz@0.0.0:  3080 |                                         (errcode(ERRCODE_CONFIG_FILE_ERROR),
warning: decoder_fuzz@0.0.0:       |                                                                            ^
warning: decoder_fuzz@0.0.0: csrc/pg_timestamp_io.c:219:25: note: in definition of macro 'errsave'
warning: decoder_fuzz@0.0.0:   219 |                 (void) (__VA_ARGS__); \
warning: decoder_fuzz@0.0.0:       |                         ^~~~~~~~~~~
warning: decoder_fuzz@0.0.0: csrc/pg_datetime_verbatim.inc:3040:51: warning: unused parameter 'extra' [-Wunused-parameter]
warning: decoder_fuzz@0.0.0:  3040 | DateTimeParseError(int dterr, DateTimeErrorExtra *extra,
warning: decoder_fuzz@0.0.0:       |                               ~~~~~~~~~~~~~~~~~~~~^~~~~
warning: decoder_fuzz@0.0.0: csrc/pg_datetime_verbatim.inc:3041:48: warning: unused parameter 'str' [-Wunused-parameter]
warning: decoder_fuzz@0.0.0:  3041 |                                    const char *str, const char *datatype,
warning: decoder_fuzz@0.0.0:       |                                    ~~~~~~~~~~~~^~~
warning: decoder_fuzz@0.0.0: csrc/pg_datetime_verbatim.inc:3041:65: warning: unused parameter 'datatype' [-Wunused-parameter]
warning: decoder_fuzz@0.0.0:  3041 |                                    const char *str, const char *datatype,
warning: decoder_fuzz@0.0.0:       |                                                     ~~~~~~~~~~~~^~~~~~~~
warning: decoder_fuzz@0.0.0: csrc/pg_datetime_verbatim.inc:3042:42: warning: unused parameter 'escontext' [-Wunused-parameter]
warning: decoder_fuzz@0.0.0:  3042 |                                    Node *escontext)
warning: decoder_fuzz@0.0.0:       |                                    ~~~~~~^~~~~~~~~
warning: decoder_fuzz@0.0.0: csrc/pg_datetime_verbatim.inc: In function 'tsdiff_impl_EncodeInterval':
warning: decoder_fuzz@0.0.0: csrc/pg_datetime_verbatim.inc:4744:53: warning: format '%ld' expects argument of type 'long int', but argument 7 has type 'long long int' [-Wformat=]
warning: decoder_fuzz@0.0.0:  4744 |                                         sprintf(cp, "%c%d-%d %c%" PRId64 " %c%" PRId64 ":%02d:",
warning: decoder_fuzz@0.0.0:       |                                                     ^~~~~~~~~~~~~
warning: decoder_fuzz@0.0.0: In file included from csrc/pg_timestamp_io.c:43:
warning: decoder_fuzz@0.0.0: /usr/include/inttypes.h:57:41: note: format string is defined here
warning: decoder_fuzz@0.0.0:    57 | # define PRId64         __PRI64_PREFIX "d"
warning: decoder_fuzz@0.0.0: csrc/pg_datetime_verbatim.inc:4744:53: warning: format '%ld' expects argument of type 'long int', but argument 9 has type 'long long int' [-Wformat=]
warning: decoder_fuzz@0.0.0:  4744 |                                         sprintf(cp, "%c%d-%d %c%" PRId64 " %c%" PRId64 ":%02d:",
warning: decoder_fuzz@0.0.0:       |                                                     ^~~~~~~~~~~~~
warning: decoder_fuzz@0.0.0: /usr/include/inttypes.h:57:41: note: format string is defined here
warning: decoder_fuzz@0.0.0:    57 | # define PRId64         __PRI64_PREFIX "d"
warning: decoder_fuzz@0.0.0: csrc/pg_datetime_verbatim.inc:4816:45: warning: format '%ld' expects argument of type 'long int', but argument 5 has type 'long long int' [-Wformat=]
warning: decoder_fuzz@0.0.0:  4816 |                                 sprintf(cp, "%s%s%02" PRId64 ":%02d:",
warning: decoder_fuzz@0.0.0:       |                                             ^~~~~~~~~
warning: decoder_fuzz@0.0.0: /usr/include/inttypes.h:57:41: note: format string is defined here
warning: decoder_fuzz@0.0.0:    57 | # define PRId64         __PRI64_PREFIX "d"
warning: decoder_fuzz@0.0.0: csrc/pg_datetime_verbatim.inc: In function 'tsdiff_impl_anytime_typmod_check':
warning: decoder_fuzz@0.0.0: csrc/pg_datetime_verbatim.inc:4891:27: warning: unused parameter 'istz' [-Wunused-parameter]
warning: decoder_fuzz@0.0.0:  4891 | anytime_typmod_check(bool istz, int32 typmod)
warning: decoder_fuzz@0.0.0:       |                           ^
warning: decoder_fuzz@0.0.0: In file included from csrc/pg_timestamp_io.c:1068:
warning: decoder_fuzz@0.0.0: csrc/pg_timestamp_verbatim.inc: In function 'tsdiff_impl_anytimestamp_typmod_check':
warning: decoder_fuzz@0.0.0: csrc/pg_timestamp_verbatim.inc:5:32: warning: unused parameter 'istz' [-Wunused-parameter]
warning: decoder_fuzz@0.0.0:     5 | anytimestamp_typmod_check(bool istz, int32 typmod)
warning: decoder_fuzz@0.0.0:       |                                ^
warning: decoder_fuzz@0.0.0: csrc/pg_timestamp_verbatim.inc: In function 'tsdiff_impl_AdjustTimestampForTypmod':
warning: decoder_fuzz@0.0.0: csrc/pg_timestamp_verbatim.inc:306:63: warning: unused parameter 'escontext' [-Wunused-parameter]
warning: decoder_fuzz@0.0.0:   306 | AdjustTimestampForTypmod(Timestamp *time, int32 typmod, Node *escontext)
warning: decoder_fuzz@0.0.0:       |                                                         ~~~~~~^~~~~~~~~
warning: decoder_fuzz@0.0.0: csrc/pg_timestamp_verbatim.inc: In function 'AdjustIntervalForTypmod':
warning: decoder_fuzz@0.0.0: csrc/pg_timestamp_verbatim.inc:545:55: warning: unused parameter 'escontext' [-Wunused-parameter]
warning: decoder_fuzz@0.0.0:   545 |                                                 Node *escontext)
warning: decoder_fuzz@0.0.0:       |                                                 ~~~~~~^~~~~~~~~
warning: decoder_fuzz@0.0.0: csrc/pg_timestamp_verbatim.inc: In function 'parse_sane_timezone':
warning: decoder_fuzz@0.0.0: csrc/pg_timestamp_verbatim.inc:956:74: warning: right-hand operand of comma expression has no effect [-Wunused-value]
warning: decoder_fuzz@0.0.0:   956 |                                 (errcode(ERRCODE_INVALID_PARAMETER_VALUE),
warning: decoder_fuzz@0.0.0:       |                                                                          ^
warning: decoder_fuzz@0.0.0: csrc/pg_timestamp_io.c:210:25: note: in definition of macro 'ereport'
warning: decoder_fuzz@0.0.0:   210 |                 (void) (__VA_ARGS__); \
warning: decoder_fuzz@0.0.0:       |                         ^~~~~~~~~~~
warning: decoder_fuzz@0.0.0: csrc/pg_timestamp_verbatim.inc: In function 'tsdiff_impl_interval_trunc':
warning: decoder_fuzz@0.0.0: csrc/pg_timestamp_verbatim.inc:3320:96: warning: right-hand operand of comma expression has no effect [-Wunused-value]
warning: decoder_fuzz@0.0.0:  3320 |                                                         (errcode(ERRCODE_FEATURE_NOT_SUPPORTED),
warning: decoder_fuzz@0.0.0:       |                                                                                                ^
warning: decoder_fuzz@0.0.0: csrc/pg_timestamp_io.c:210:25: note: in definition of macro 'ereport'
warning: decoder_fuzz@0.0.0:   210 |                 (void) (__VA_ARGS__); \
warning: decoder_fuzz@0.0.0:       |                         ^~~~~~~~~~~
warning: decoder_fuzz@0.0.0: csrc/pg_timestamp_verbatim.inc:3372:88: warning: right-hand operand of comma expression has no effect [-Wunused-value]
warning: decoder_fuzz@0.0.0:  3372 |                                                 (errcode(ERRCODE_FEATURE_NOT_SUPPORTED),
warning: decoder_fuzz@0.0.0:       |                                                                                        ^
warning: decoder_fuzz@0.0.0: csrc/pg_timestamp_io.c:210:25: note: in definition of macro 'ereport'
warning: decoder_fuzz@0.0.0:   210 |                 (void) (__VA_ARGS__); \
warning: decoder_fuzz@0.0.0:       |                         ^~~~~~~~~~~
warning: decoder_fuzz@0.0.0: csrc/pg_timestamp_verbatim.inc: In function 'NonFiniteTimestampTzPart':
warning: decoder_fuzz@0.0.0: csrc/pg_timestamp_verbatim.inc:3397:52: warning: unused parameter 'lowunits' [-Wunused-parameter]
warning: decoder_fuzz@0.0.0:  3397 | NonFiniteTimestampTzPart(int type, int unit, char *lowunits,
warning: decoder_fuzz@0.0.0:       |                                              ~~~~~~^~~~~~~~
warning: decoder_fuzz@0.0.0: csrc/pg_timestamp_verbatim.inc:3398:72: warning: unused parameter 'isTz' [-Wunused-parameter]
warning: decoder_fuzz@0.0.0:  3398 |                                                  bool isNegative, bool isTz)
warning: decoder_fuzz@0.0.0:       |                                                                        ^
warning: decoder_fuzz@0.0.0: csrc/pg_timestamp_verbatim.inc: In function 'NonFiniteIntervalPart':
warning: decoder_fuzz@0.0.0: csrc/pg_timestamp_verbatim.inc:4004:49: warning: unused parameter 'lowunits' [-Wunused-parameter]
warning: decoder_fuzz@0.0.0:  4004 | NonFiniteIntervalPart(int type, int unit, char *lowunits, bool isNegative)
warning: decoder_fuzz@0.0.0:       |                                           ~~~~~~^~~~~~~~
warning: decoder_fuzz@0.0.0: csrc/pg_timestamp_verbatim.inc: At top level:
warning: decoder_fuzz@0.0.0: csrc/pg_timestamp_verbatim.inc:909:1: warning: 'timestamptz2timestamp' defined but not used [-Wunused-function]
warning: decoder_fuzz@0.0.0:   909 | timestamptz2timestamp(TimestampTz timestamp)
warning: decoder_fuzz@0.0.0:       | ^~~~~~~~~~~~~~~~~~~~~
warning: decoder_fuzz@0.0.0: csrc/pg_timestamp_io.c:960:1: warning: 'text_to_cstring' defined but not used [-Wunused-function]
warning: decoder_fuzz@0.0.0:   960 | text_to_cstring(const text *t)
warning: decoder_fuzz@0.0.0:       | ^~~~~~~~~~~~~~~
warning: decoder_fuzz@0.0.0: In file included from csrc/pg_datetime_io_io.c:687:
warning: decoder_fuzz@0.0.0: csrc/pg_datetime_verbatim.inc: In function 'DecodeTimeCommon':
warning: decoder_fuzz@0.0.0: csrc/pg_datetime_verbatim.inc:2456:33: warning: unused parameter 'fmask' [-Wunused-parameter]
warning: decoder_fuzz@0.0.0:  2456 | DecodeTimeCommon(char *str, int fmask, int range,
warning: decoder_fuzz@0.0.0:       |                             ~~~~^~~~~
warning: decoder_fuzz@0.0.0: csrc/pg_datetime_verbatim.inc: In function 'DecodeNumberField':
warning: decoder_fuzz@0.0.0: csrc/pg_datetime_verbatim.inc:2748:40: warning: comparison of integer expressions of different signedness: 'size_t' {aka 'long unsigned int'} and 'int' [-Wsign-compare]
warning: decoder_fuzz@0.0.0:  2748 |         if (strspn(str, "0123456789.") != len)
warning: decoder_fuzz@0.0.0:       |                                        ^~
warning: decoder_fuzz@0.0.0: csrc/pg_datetime_verbatim.inc: In function 'DateTimeParseError':
warning: decoder_fuzz@0.0.0: csrc/pg_datetime_verbatim.inc:3055:82: warning: right-hand operand of comma expression has no effect [-Wunused-value]
warning: decoder_fuzz@0.0.0:  3055 |                                         (errcode(ERRCODE_DATETIME_FIELD_OVERFLOW),
warning: decoder_fuzz@0.0.0:       |                                                                                  ^
warning: decoder_fuzz@0.0.0: csrc/pg_datetime_io_io.c:287:25: note: in definition of macro 'errsave'
warning: decoder_fuzz@0.0.0:   287 |                 (void) (__VA_ARGS__); \
warning: decoder_fuzz@0.0.0:       |                         ^~~~~~~~~~~
warning: decoder_fuzz@0.0.0: csrc/pg_datetime_verbatim.inc:3080:76: warning: right-hand operand of comma expression has no effect [-Wunused-value]
warning: decoder_fuzz@0.0.0:  3080 |                                         (errcode(ERRCODE_CONFIG_FILE_ERROR),
warning: decoder_fuzz@0.0.0:       |                                                                            ^
warning: decoder_fuzz@0.0.0: csrc/pg_datetime_io_io.c:287:25: note: in definition of macro 'errsave'
warning: decoder_fuzz@0.0.0:   287 |                 (void) (__VA_ARGS__); \
warning: decoder_fuzz@0.0.0:       |                         ^~~~~~~~~~~
warning: decoder_fuzz@0.0.0: csrc/pg_datetime_verbatim.inc:3040:51: warning: unused parameter 'extra' [-Wunused-parameter]
warning: decoder_fuzz@0.0.0:  3040 | DateTimeParseError(int dterr, DateTimeErrorExtra *extra,
warning: decoder_fuzz@0.0.0:       |                               ~~~~~~~~~~~~~~~~~~~~^~~~~
warning: decoder_fuzz@0.0.0: csrc/pg_datetime_verbatim.inc:3041:48: warning: unused parameter 'str' [-Wunused-parameter]
warning: decoder_fuzz@0.0.0:  3041 |                                    const char *str, const char *datatype,
warning: decoder_fuzz@0.0.0:       |                                    ~~~~~~~~~~~~^~~
warning: decoder_fuzz@0.0.0: csrc/pg_datetime_verbatim.inc:3041:65: warning: unused parameter 'datatype' [-Wunused-parameter]
warning: decoder_fuzz@0.0.0:  3041 |                                    const char *str, const char *datatype,
warning: decoder_fuzz@0.0.0:       |                                                     ~~~~~~~~~~~~^~~~~~~~
warning: decoder_fuzz@0.0.0: csrc/pg_datetime_verbatim.inc:3042:42: warning: unused parameter 'escontext' [-Wunused-parameter]
warning: decoder_fuzz@0.0.0:  3042 |                                    Node *escontext)
warning: decoder_fuzz@0.0.0:       |                                    ~~~~~~^~~~~~~~~
warning: decoder_fuzz@0.0.0: csrc/pg_datetime_verbatim.inc: In function 'EncodeInterval':
warning: decoder_fuzz@0.0.0: csrc/pg_datetime_verbatim.inc:4744:53: warning: format '%ld' expects argument of type 'long int', but argument 7 has type 'long long int' [-Wformat=]
warning: decoder_fuzz@0.0.0:  4744 |                                         sprintf(cp, "%c%d-%d %c%" PRId64 " %c%" PRId64 ":%02d:",
warning: decoder_fuzz@0.0.0:       |                                                     ^~~~~~~~~~~~~
warning: decoder_fuzz@0.0.0: In file included from csrc/pg_datetime_io_io.c:110:
warning: decoder_fuzz@0.0.0: /usr/include/inttypes.h:57:41: note: format string is defined here
warning: decoder_fuzz@0.0.0:    57 | # define PRId64         __PRI64_PREFIX "d"
warning: decoder_fuzz@0.0.0: csrc/pg_datetime_verbatim.inc:4744:53: warning: format '%ld' expects argument of type 'long int', but argument 9 has type 'long long int' [-Wformat=]
warning: decoder_fuzz@0.0.0:  4744 |                                         sprintf(cp, "%c%d-%d %c%" PRId64 " %c%" PRId64 ":%02d:",
warning: decoder_fuzz@0.0.0:       |                                                     ^~~~~~~~~~~~~
warning: decoder_fuzz@0.0.0: /usr/include/inttypes.h:57:41: note: format string is defined here
warning: decoder_fuzz@0.0.0:    57 | # define PRId64         __PRI64_PREFIX "d"
warning: decoder_fuzz@0.0.0: csrc/pg_datetime_verbatim.inc:4816:45: warning: format '%ld' expects argument of type 'long int', but argument 5 has type 'long long int' [-Wformat=]
warning: decoder_fuzz@0.0.0:  4816 |                                 sprintf(cp, "%s%s%02" PRId64 ":%02d:",
warning: decoder_fuzz@0.0.0:       |                                             ^~~~~~~~~
warning: decoder_fuzz@0.0.0: /usr/include/inttypes.h:57:41: note: format string is defined here
warning: decoder_fuzz@0.0.0:    57 | # define PRId64         __PRI64_PREFIX "d"
warning: decoder_fuzz@0.0.0: csrc/pg_datetime_verbatim.inc: In function 'anytime_typmod_check':
warning: decoder_fuzz@0.0.0: csrc/pg_datetime_verbatim.inc:4891:27: warning: unused parameter 'istz' [-Wunused-parameter]
warning: decoder_fuzz@0.0.0:  4891 | anytime_typmod_check(bool istz, int32 typmod)
warning: decoder_fuzz@0.0.0:       |                           ^
warning: decoder_fuzz@0.0.0: csrc/pg_datetime_io_io.c: At top level:
warning: decoder_fuzz@0.0.0: csrc/pg_datetime_io_io.c:1303:29: warning: "/*" within comment [-Wcomment]
warning: decoder_fuzz@0.0.0:  1303 |  * Returns the dterr; *ftype/*offset/*have_tz are the compared planes (the
warning: decoder_fuzz@0.0.0: csrc/pg_datetime_io_io.c:1303:37: warning: "/*" within comment [-Wcomment]
warning: decoder_fuzz@0.0.0: In file included from csrc/pg_datetime_closeout.c:662:
warning: decoder_fuzz@0.0.0: csrc/pg_datetime_verbatim.inc: In function 'DecodeTimeCommon':
warning: decoder_fuzz@0.0.0: csrc/pg_datetime_verbatim.inc:2456:33: warning: unused parameter 'fmask' [-Wunused-parameter]
warning: decoder_fuzz@0.0.0:  2456 | DecodeTimeCommon(char *str, int fmask, int range,
warning: decoder_fuzz@0.0.0:       |                             ~~~~^~~~~
warning: decoder_fuzz@0.0.0: csrc/pg_datetime_verbatim.inc: In function 'DecodeNumberField':
warning: decoder_fuzz@0.0.0: csrc/pg_datetime_verbatim.inc:2748:40: warning: comparison of integer expressions of different signedness: 'size_t' {aka 'long unsigned int'} and 'int' [-Wsign-compare]
warning: decoder_fuzz@0.0.0:  2748 |         if (strspn(str, "0123456789.") != len)
warning: decoder_fuzz@0.0.0:       |                                        ^~
warning: decoder_fuzz@0.0.0: csrc/pg_datetime_verbatim.inc: In function 'dtclo_impl_DateTimeParseError':
warning: decoder_fuzz@0.0.0: csrc/pg_datetime_verbatim.inc:3055:82: warning: right-hand operand of comma expression has no effect [-Wunused-value]
warning: decoder_fuzz@0.0.0:  3055 |                                         (errcode(ERRCODE_DATETIME_FIELD_OVERFLOW),
warning: decoder_fuzz@0.0.0:       |                                                                                  ^
warning: decoder_fuzz@0.0.0: csrc/pg_datetime_closeout.c:223:25: note: in definition of macro 'errsave'
warning: decoder_fuzz@0.0.0:   223 |                 (void) (__VA_ARGS__); \
warning: decoder_fuzz@0.0.0:       |                         ^~~~~~~~~~~
warning: decoder_fuzz@0.0.0: csrc/pg_datetime_verbatim.inc:3080:76: warning: right-hand operand of comma expression has no effect [-Wunused-value]
warning: decoder_fuzz@0.0.0:  3080 |                                         (errcode(ERRCODE_CONFIG_FILE_ERROR),
warning: decoder_fuzz@0.0.0:       |                                                                            ^
warning: decoder_fuzz@0.0.0: csrc/pg_datetime_closeout.c:223:25: note: in definition of macro 'errsave'
warning: decoder_fuzz@0.0.0:   223 |                 (void) (__VA_ARGS__); \
warning: decoder_fuzz@0.0.0:       |                         ^~~~~~~~~~~
warning: decoder_fuzz@0.0.0: csrc/pg_datetime_verbatim.inc:3040:51: warning: unused parameter 'extra' [-Wunused-parameter]
warning: decoder_fuzz@0.0.0:  3040 | DateTimeParseError(int dterr, DateTimeErrorExtra *extra,
warning: decoder_fuzz@0.0.0:       |                               ~~~~~~~~~~~~~~~~~~~~^~~~~
warning: decoder_fuzz@0.0.0: csrc/pg_datetime_verbatim.inc:3041:48: warning: unused parameter 'str' [-Wunused-parameter]
warning: decoder_fuzz@0.0.0:  3041 |                                    const char *str, const char *datatype,
warning: decoder_fuzz@0.0.0:       |                                    ~~~~~~~~~~~~^~~
warning: decoder_fuzz@0.0.0: csrc/pg_datetime_verbatim.inc:3041:65: warning: unused parameter 'datatype' [-Wunused-parameter]
warning: decoder_fuzz@0.0.0:  3041 |                                    const char *str, const char *datatype,
warning: decoder_fuzz@0.0.0:       |                                                     ~~~~~~~~~~~~^~~~~~~~
warning: decoder_fuzz@0.0.0: csrc/pg_datetime_verbatim.inc:3042:42: warning: unused parameter 'escontext' [-Wunused-parameter]
warning: decoder_fuzz@0.0.0:  3042 |                                    Node *escontext)
warning: decoder_fuzz@0.0.0:       |                                    ~~~~~~^~~~~~~~~
warning: decoder_fuzz@0.0.0: csrc/pg_datetime_verbatim.inc: In function 'dtclo_impl_EncodeInterval':
warning: decoder_fuzz@0.0.0: csrc/pg_datetime_verbatim.inc:4744:53: warning: format '%ld' expects argument of type 'long int', but argument 7 has type 'long long int' [-Wformat=]
warning: decoder_fuzz@0.0.0:  4744 |                                         sprintf(cp, "%c%d-%d %c%" PRId64 " %c%" PRId64 ":%02d:",
warning: decoder_fuzz@0.0.0:       |                                                     ^~~~~~~~~~~~~
warning: decoder_fuzz@0.0.0: In file included from csrc/pg_datetime_closeout.c:47:
warning: decoder_fuzz@0.0.0: /usr/include/inttypes.h:57:41: note: format string is defined here
warning: decoder_fuzz@0.0.0:    57 | # define PRId64         __PRI64_PREFIX "d"
warning: decoder_fuzz@0.0.0: csrc/pg_datetime_verbatim.inc:4744:53: warning: format '%ld' expects argument of type 'long int', but argument 9 has type 'long long int' [-Wformat=]
warning: decoder_fuzz@0.0.0:  4744 |                                         sprintf(cp, "%c%d-%d %c%" PRId64 " %c%" PRId64 ":%02d:",
warning: decoder_fuzz@0.0.0:       |                                                     ^~~~~~~~~~~~~
warning: decoder_fuzz@0.0.0: /usr/include/inttypes.h:57:41: note: format string is defined here
warning: decoder_fuzz@0.0.0:    57 | # define PRId64         __PRI64_PREFIX "d"
warning: decoder_fuzz@0.0.0: csrc/pg_datetime_verbatim.inc:4816:45: warning: format '%ld' expects argument of type 'long int', but argument 5 has type 'long long int' [-Wformat=]
warning: decoder_fuzz@0.0.0:  4816 |                                 sprintf(cp, "%s%s%02" PRId64 ":%02d:",
warning: decoder_fuzz@0.0.0:       |                                             ^~~~~~~~~
warning: decoder_fuzz@0.0.0: /usr/include/inttypes.h:57:41: note: format string is defined here
warning: decoder_fuzz@0.0.0:    57 | # define PRId64         __PRI64_PREFIX "d"
warning: decoder_fuzz@0.0.0: csrc/pg_datetime_verbatim.inc: In function 'dtclo_impl_anytime_typmod_check':
warning: decoder_fuzz@0.0.0: csrc/pg_datetime_verbatim.inc:4891:27: warning: unused parameter 'istz' [-Wunused-parameter]
warning: decoder_fuzz@0.0.0:  4891 | anytime_typmod_check(bool istz, int32 typmod)
warning: decoder_fuzz@0.0.0:       |                           ^
warning: decoder_fuzz@0.0.0: csrc/pg_datetime_closeout.c: In function 'date_decrement':
warning: decoder_fuzz@0.0.0: csrc/pg_datetime_closeout.c:726:25: warning: unused parameter 'rel' [-Wunused-parameter]
warning: decoder_fuzz@0.0.0:   726 | date_decrement(Relation rel, Datum existing, bool *underflow)
warning: decoder_fuzz@0.0.0:       |                ~~~~~~~~~^~~
warning: decoder_fuzz@0.0.0: csrc/pg_datetime_closeout.c: In function 'date_increment':
warning: decoder_fuzz@0.0.0: csrc/pg_datetime_closeout.c:742:25: warning: unused parameter 'rel' [-Wunused-parameter]
warning: decoder_fuzz@0.0.0:   742 | date_increment(Relation rel, Datum existing, bool *overflow)
warning: decoder_fuzz@0.0.0:       |                ~~~~~~~~~^~~
warning: direct cast of function item into an integer
  --> /work/src/crates/backend/utils/fmgr/fmgr_core/src/lib.rs:46:54
   |
46 |     if flinfo.fn_addr as usize == builtin_not_ported as usize
   |                                                      ^^^^^^^^
   |
   = note: `#[warn(function_casts_as_integer)]` on by default
help: first cast to a pointer `as *const ()`
   |
46 |     if flinfo.fn_addr as usize == builtin_not_ported as *const () as usize
   |                                                      ++++++++++++

warning: direct cast of function item into an integer
   --> /work/src/crates/backend/utils/fmgr/fmgr_core/src/lib.rs:242:72
    |
242 |                 .is_some_and(|x| x.func as usize != builtin_not_ported as usize);
    |                                                                        ^^^^^^^^
    |
help: first cast to a pointer `as *const ()`
    |
242 |                 .is_some_and(|x| x.func as usize != builtin_not_ported as *const () as usize);
    |                                                                        ++++++++++++

warning: direct cast of function item into an integer
   --> /work/src/crates/backend/utils/fmgr/fmgr_core/src/lib.rs:274:58
    |
274 |         Some(b) if b.func as usize == builtin_not_ported as usize => {
    |                                                          ^^^^^^^^
    |
help: first cast to a pointer `as *const ()`
    |
274 |         Some(b) if b.func as usize == builtin_not_ported as *const () as usize => {
    |                                                          ++++++++++++

warning: direct cast of function item into an integer
   --> /work/src/crates/backend/utils/fmgr/fmgr_core/src/lib.rs:346:58
    |
346 |     let fbp = if fbp.func as usize == builtin_not_ported as usize {
    |                                                          ^^^^^^^^
    |
help: first cast to a pointer `as *const ()`
    |
346 |     let fbp = if fbp.func as usize == builtin_not_ported as *const () as usize {
    |                                                          ++++++++++++

warning: direct cast of function item into an integer
   --> /work/src/crates/backend/utils/fmgr/fmgr_core/src/lib.rs:483:70
    |
483 |                 Some(fbp) if fbp.func as usize == builtin_not_ported as usize => {
    |                                                                      ^^^^^^^^
    |
help: first cast to a pointer `as *const ()`
    |
483 |                 Some(fbp) if fbp.func as usize == builtin_not_ported as *const () as usize => {
    |                                                                      ++++++++++++

   Compiling commit_ts v0.0.0 (/work/src/crates/backend/access/transam/commit_ts)
   Compiling rmgrdesc v0.0.0 (/work/src/crates/backend/access/rmgrdesc)
   Compiling rmgr v0.0.0 (/work/src/crates/backend/access/transam/rmgr)
warning: unused macro definition: `unported_redo`
  --> /work/src/crates/backend/access/transam/rmgr/src/lib.rs:87:14
   |
87 | macro_rules! unported_redo {
   |              ^^^^^^^^^^^^^
   |
   = note: `#[warn(unused_macros)]` (part of `#[warn(unused)]`) on by default

warning: function `gin_mask` is never used
   --> /work/src/crates/backend/access/transam/rmgr/src/lib.rs:127:5
    |
127 |     gin_mask => "backend-access-gin-xlog";
    |     ^^^^^^^^
    |
    = note: `#[warn(dead_code)]` (part of `#[warn(unused)]`) on by default
    = note: this warning originates in the macro `unported_mask` (in Nightly builds, run with -Z macro-backtrace for more info)

   Compiling xlogreader v0.0.0 (/work/src/crates/backend/access/transam/xlogreader)
warning: `rmgr` (lib) generated 2 warnings
warning: value assigned to `ptr` is never read
    --> /work/src/crates/backend/access/transam/xlogreader/src/lib.rs:2017:13
     |
2017 |             ptr += len;
     |             ^^^^^^^^^^
...
2090 |         main_data = sink.put(payload_field!(main_data_len));
     |                              ----------------------------- in this macro invocation
     |
     = help: maybe it is overwritten before being read?
     = note: `#[warn(unused_assignments)]` (part of `#[warn(unused)]`) on by default
     = note: this warning originates in the macro `payload_field` (in Nightly builds, run with -Z macro-backtrace for more info)

warning: value assigned to `remaining` is never read
    --> /work/src/crates/backend/access/transam/xlogreader/src/lib.rs:2018:13
     |
2018 |             remaining -= len as u32;
     |             ^^^^^^^^^^^^^^^^^^^^^^^
...
2090 |         main_data = sink.put(payload_field!(main_data_len));
     |                              ----------------------------- in this macro invocation
     |
     = help: maybe it is overwritten before being read?
     = note: this warning originates in the macro `payload_field` (in Nightly builds, run with -Z macro-backtrace for more info)

warning: `fmgr_core` (lib) generated 5 warnings (run `cargo fix --lib -p fmgr_core` to apply 5 suggestions)
warning: unused import: `ERRCODE_FEATURE_NOT_SUPPORTED`
  --> core/src/pseudo_diff.rs:30:28
   |
30 | use types_error::{PgError, ERRCODE_FEATURE_NOT_SUPPORTED};
   |                            ^^^^^^^^^^^^^^^^^^^^^^^^^^^^^
   |
   = note: `#[warn(unused_imports)]` (part of `#[warn(unused)]`) on by default

warning: unused import: `PgError`
  --> core/src/enc_tables.rs:41:19
   |
41 | use types_error::{PgError, ERRCODE_FEATURE_NOT_SUPPORTED, ERRCODE_UNDEFINED_OBJECT};
   |                   ^^^^^^^

warning: unused import: `std::sync::Once`
  --> core/src/timestamp_diff.rs:30:5
   |
30 | use std::sync::Once;
   |     ^^^^^^^^^^^^^^^

warning: unnecessary parentheses around assigned value
   --> core/src/jsonpath_diff.rs:175:9
    |
175 |         (2048 - stack_depth::STACK_DEPTH_SLOP as i32 / 1024);
    |         ^                                                  ^
    |
    = note: `#[warn(unused_parens)]` (part of `#[warn(unused)]`) on by default
help: remove these parentheses
    |
175 -         (2048 - stack_depth::STACK_DEPTH_SLOP as i32 / 1024);
175 +         2048 - stack_depth::STACK_DEPTH_SLOP as i32 / 1024;
    |

warning: unused import: `Num`
  --> core/src/numericfam.rs:42:19
   |
42 | use adt_numeric::{Num, NumericImage};
   |                   ^^^

warning: unnecessary parentheses around closure body
    --> core/src/numericfam.rs:1202:22
     |
1202 |                 &|s| (s as u32),
     |                      ^        ^
     |
help: remove these parentheses
     |
1202 -                 &|s| (s as u32),
1202 +                 &|s| s as u32,
     |

warning: `xlogreader` (lib) generated 2 warnings
warning: unused variable: `f`
   --> core/src/datetime_io_diff.rs:306:5
    |
306 |     f: PGFunction,
    |     ^ help: if this is intentional, prefix it with an underscore: `_f`
    |
    = note: `#[warn(unused_variables)]` (part of `#[warn(unused)]`) on by default

warning: variable does not need to be mutable
   --> core/src/libfam_diff.rs:571:9
    |
571 |     let mut do_add = |rust: &mut IntegerSet, x: u64| -> bool {
    |         ----^^^^^^
    |         |
    |         help: remove this `mut`
    |
    = note: `#[warn(unused_mut)]` (part of `#[warn(unused)]`) on by default

warning: function `pg_diff_num_keywords` is never used
  --> core/src/tablesfam.rs:40:8
   |
40 |     fn pg_diff_num_keywords() -> c_int;
   |        ^^^^^^^^^^^^^^^^^^^^
   |
   = note: `#[warn(dead_code)]` (part of `#[warn(unused)]`) on by default

warning: function `pg_diff_max_kw_len` is never used
  --> core/src/tablesfam.rs:41:8
   |
41 |     fn pg_diff_max_kw_len() -> c_int;
   |        ^^^^^^^^^^^^^^^^^^

warning: constant `C_DECONSTRUCT_BUILTIN_OIDS` is never used
   --> core/src/arrayfuncs_diff.rs:636:7
    |
636 | const C_DECONSTRUCT_BUILTIN_OIDS: [Oid; 8] =
    |       ^^^^^^^^^^^^^^^^^^^^^^^^^^

warning: constant `C_CONSTRUCT_BUILTIN_OIDS` is never used
   --> core/src/arrayfuncs_diff.rs:641:7
    |
641 | const C_CONSTRUCT_BUILTIN_OIDS: [Oid; 12] = [
    |       ^^^^^^^^^^^^^^^^^^^^^^^^

warning: function `slice_bounds` is never used
    --> core/src/arrayfuncs_diff.rs:1049:4
     |
1049 | fn slice_bounds(
     |    ^^^^^^^^^^^^

warning: function `UtfToLocal` is never used
  --> core/src/mbconv_diff.rs:78:8
   |
78 |     fn UtfToLocal(
   |        ^^^^^^^^^^

warning: function `LocalToUtf` is never used
  --> core/src/mbconv_diff.rs:84:8
   |
84 |     fn LocalToUtf(
   |        ^^^^^^^^^^

warning: constant `PINNED_NOW_USECS` is never used
   --> core/src/timestamp_diff.rs:355:7
    |
355 | const PINNED_NOW_USECS: i64 = 9662 * 86_400_000_000 + 45_045_000_000 + 123_456;
    |       ^^^^^^^^^^^^^^^^

warning: `decoder_fuzz` (lib) generated 16 warnings (run `cargo fix --lib -p decoder_fuzz` to apply 8 suggestions)
   Compiling pgrust-fuzz v0.0.0 (/work/src/fuzz)
error: linking with `cc` failed: exit status: 1
  |
  = note:  "cc" "-Wl,--fix-cortex-a53-843419" "/work/src/fuzz/target/aarch64-unknown-linux-gnu/release/deps/rustc4WTFPm/symbols.o" "-Wl,-Bstatic" "-Wl,--whole-archive" "-Wl,<sysroot>/lib/rustlib/aarch64-unknown-linux-gnu/lib/librustc-nightly_rt.asan.a" "-Wl,--no-whole-archive" "<2 object files omitted>" "-Wl,--as-needed" "/work/src/fuzz/target/aarch64-unknown-linux-gnu/release/deps/{libdecoder_fuzz-ce05a889a5992ba2,libxlogstats-751e0da5e1d12ef5,libpg_rusage-20d5fb84d8ce7557,libcontrib_earthdistance-62171827053ec27a,libpg_class-4a6d74a6c018be9f,libadt_rowtypes-a4794d852ca6027f,libscram_common-e11945b252d3826e,libpg_hmac-4cf5c8b3660544ec,libpg_sha1-e4ca6845b132ea16,libpg_b64-4d5978aeedd9d3bb,libwait_error-20952b494fe498e5,libarchive-a18627a2a5d84afb,libpercentrepl-14ab69f0310df459,libadt_geo-6770d8d70fec2eca,libpairingheap-c8d2e4f2c7da0b75,libintegerset-e3da0542e1488698,libbloomfilter-e81e1605f0f67fc0,libbinaryheap-4dc7ef4b569319f9,libxlogreader-0774eb388464beff,librmgr-fad9988223b51953,liblogical_message-4eac03c06d1a2b7f,libgeneric_xlog-e29770827080434e,libbrin_xlog-bdf62fcd1cb87abc,libbrin_pageops-b4596e69677f7f87,libspgist_xlog-d9f4155fa0b1d70e,libsequence_xlog-05743c11ff92a433,libgist_xlog-3b3eece8531c3cee,libgin_xlog-36a8224f6febd836,libhash_xlog-dcf93c2afa663f9d,libbufmask-d06f2393833f248e,libnbtree_xlog-8cfa7438e78cf895,librmgrdesc-c4043fa165a7d526,libstorage_xlog-6ede242fb8cfb582,libheapam_xlog-9c35524373005f1e,libpruneheap_seams-47081c2a9ecbd3a0,libstandby-900217fb076bd0b3,libxloginsert-ea25e7b653828abf,libslot-60dbff37e2354a17,libwalsender_config-1719c72ed736c52a,libps_status-9e8889726683f83f,libfreespace-c3920503646f316e,libfreespace_seams-7f56535f44633dcd,libvisibilitymap-32a2e6569bc412e0,libcommit_ts-b0d58e618cb0dfff,libfmgr_core-345bb33faa105317,libconv-1dae4e1af62cf618,libtrigfuncs-c9e19c681e8fd12a,libtypes_trigger_call-35588c35d2ed97b8,libpseudorandomfuncs-67c698e5a90215b2,libsignalfuncs-f41bb49d497dd420,libwaitfuncs-70d504b29546b473,liblockfuncs-3a1fe98e0eeca55d,libpredicate-da6f72c0ac78ae26,libadt_mcxtfuncs-280bf97c42440099,libmcxt_stats-6a84a80cfcd3be07,libadt_amutils-a4cdc16282f73d8f,libindexam_seams-d8bb22ee1f6636ef,libadt_ascii-eccdac96bde76e14,libcryptohashfuncs-f2c90d9a9efbddd1,libpg_sha2-7e8cd0c77d2b2c05,libpg_md5-9db52add57f6c8c4,libcommands_async-fd7742ed07809705,libtransam_xlog-aa94f7f7c5323017,libinjection_point-c19b8749c9895034,librewriteheap_seams-d025aa8c57ea5068,libreorderbuffer_seams-9732aa01e7fde36a,libwalsummarizer_seams-6aeff26758f7186b,libxlogarchive_seams-7b0a832e106e8c60,libcontroldata_utils-523f399c49868f8d,libxlogbackup-8eba4de1aabd6e15,libtransam-c8c93940c9321f01,libsubtrans-d18560baacc801f7,libadt_windowfuncs-efe92700a9d2545d,libname-9e433ee477e7c01c,libforeigncmds_seams-ebb06d7c63af3998,libextension_seams-b0fd0f0a1d3a93c0,libsequence_seams-2c2a544d9093595c,libpgstatfuncs-b04b02f61f2e4a7b,libxlogprefetcher_seams-99fd18a890a886bd,libwalreceiverfuncs_seams-e0c5686b2051d7ef,libbackend_status-412528491437a786,libbe_secure_openssl-5908e0e39e09f225,libpqcomm-8a383ca6fde8c625,libbe_secure_seams-fe1b9b96b09e4466,libbe_secure_common-9429915839f943ff,libopenssl-fae5147777c6f4ce,libbitflags-7ebc804116e5816e,libopenssl_sys-ed0af80f67595b71,libforeign_types-b85e7f622934b2fe,libforeign_types_shared-38fd452ebcc86072,libadt_varchar-d8aa7255f06540a8,libadt_quote-621f7e32f97e7463,libadt_pseudotypes-2e18886c0b5dc799,libadt_multirangetypes-60ba15774a1dc699,libadt_rangetypes-7ebc71c4eb6f3b94,libadt_network-e3b47774bda3f958,libdict_snowball-9f295a918c174ab5,libto_tsany-e38e9d66985e2211,libtsearch_spell-e40d364dda594880,libtsearch_dict-546994c9fe9bcd00,libwparser_def-ba8276c53d5319e0,libts_parse-d880d934b65e18b5,libts_cache-ffc0bedfce3f6662,libadt_regproc-ae9bd46cc2b19582,libregproc_seams-a8fff65d50bd9de4,libadt_tsrank-839dd70ac7abf87a,libadt_tsquery_core-5eb6058771e99226,libts_locale-f060694c1bc9854a,libadt_tsvector_core-8c26b52d654d248c,libadt_uuid-82d4a732bd9d012b,libdbsize-c2af8ac5afbe9907,librelfilenumbermap_seams-f6debd771440e4cd,librelpath-9ec1189d3d86781f,libxid8funcs-6c1de2dea05a15d0,libsnapmgr-ff16b3f223ddc07a,libprocarray-8af40a7ac99f732e,libadt_xml-7885107d78b1e53c,libadt_pg_lsn-c572c8e8e8902a4b,libadt_mac8-e7a2c3dd72991dfb,libadt_mac-39025185d703e9b2,libhbafuncs-5eaccc04f08b367c,libhba-3672706d996ff1ab,libauth_seams-1916e803525ce1d1,libhba_seams-00104f5e69d7a5a9,libifaddr-93fd4f69f9aff974,libadt_like-5d51c68fd0f83f92,libadt_jsonpath_exec-fe866fc3ae5e88be,libadt_regexp-b3ec604bfa858e13,libadt_jsonb-ec6e3a47cb2377c2,libgin_vocab-f305ccf087b97584,libtidbitmap-7b706235bc1f465d,libadt_jsonpath-d180883822b503d7,libregex_core-3705cff49e009ba1,libadt_json-ec33ef0df434fa21,libstack_depth-27af14c65c988a30,libadt_int-63f2744e582633ba,libadt_formatting-36a3f90d9b0d447b,libformatting_seams-545f741a627533c8,libadt_oracle_compat-fa9e5433034081d8,libadt_enum-4f4fd6de48c45986,libadt_encode-6197461d2a6b5ba3,libadt_date-d2a38c8d333598be,libadt_timestamp-371a1f98486da2b8,libstrftime-e9fd6ab59fff8820,libadt_datetime-658322d92d783542,libadt_domains-266e7086030b7def,libadt_char-3b14674b283f677d,libadt_cash-1ebbefa4080cd447,libadt_int8-cd615ebe985a22a7,libpg_locale-d7da641d2eeb634b,libunicode_case-ad6d4d9d4a617d3f,libpg_database_seams-e5f2c863976f4ca0,libarray_userfuncs-717cfb4089e3c0cb,libtuplesort_seams-ba45215515fc6034,libadt_bool-aea0cb7f23dbd10d,libtypes_brin-39f37e8e095f8a7a,libxact-5e3b3c236913193c,libvarsup-8fe8ce9a59ffbef6,libclog-5501dbc57bd031fb,libsnapbuild_seams-6c013334b39a10fb,liblogical_seams-497aadc4a35ed3bc,libcatalog_index_seams-a3fe73568af909d6,libbackend_progress_seams-9b5e63ecd9d45bee,libwaitevent-38efbcd9ec05d92b,liblogical_worker_seams-26ef86b6cf2b281e,liblauncher_seams-dd70cf89f86049a0,libcombocid_seams-e5baae2a3e70cffe,libsmgr-1c643f8d331ecad2,libmd-ae94ff8f2cadd388,librelmapper-23fbac0823eee1c9,libbe_fsstubs_seams-278c31eb720a825c,libtablecmds_seams-05cf293c8b8f0360,libportalmem-e99086726944e256,libsnapmgr_portal_seams-ef55f7b844a574dd,libexecmain_seams-de33e8b483c40ec6,libtcop_dest-65585d3dd3aef587,libcmdtag-94ef0535e8219814,libtqueue-0039d12300b8ec7e,libshm_mq-14779e2cd93dae94,libbgworker_seams-3910a5a00219659e,libexplain_dr-16ea723154065e4b,libinstrument-dc30d2505cd4d2dc,libbufmgr-3bce7b013903a886,libcheckpointer_seams-cc028aeeec209894,liblmgr-9c7acf83790a8736,libsubtrans_seams-59265c536a80b2f3,libaio_core-de6c4e5a6097acd4,libinterrupt-38d3980f2c7fe6ab,libipc-82b590ecb4558ba3,libipc_portal_seams-911dd6c6ad3fc6d3,libdsm_core-c69b394d07ee266f,libshmem-6222aa5bc5682f2f,libcondition_variable-551023ba9708fa91,libsql_functions_seams-0cf76159c92a51e4,libmatview_seams-f805ecf75afb281c,libcopy_seams-03ce06d5d4c1a4e8,libcreateas_seams-f3afe654c8e93372,libtstore_receiver-93602af11dc46125,libprinttup-094cce499a4be644,libpquery_seams-4b59d06ab36c6530,libportalcmds_seams-abd0b60962f45e3f,libplancache_portal_seams-604c3d966e852885,libxact_portal_seams-b671cb3e61822c1a,libfuncapi-4acece017d555b7a,libvarlena-3e84fd725164268e,libunicode_category-dfec1a8d82487208,libregex_core_seams-a54144c22a29fa2b,libregexp_seams-9aaa77a6ed36cc52,libregexp_alt-3cc5f4aa2c5a3e39,libmemchr-c1c772b32af6edef,libpg_bitutils-9ce59e6b55523d7f,libdetoast-a6f928a7c6233408,libpglz-c8227b10ae339654,libtoast_internals_seams-6631d4db878060c3,libpg_locale_seams-221c9a85607b3109,libunicode_norm-7f6b4be9cad93f64,libregex-987d3ec8914d4d31,libtuplestore-201f1a6ed4993348,libtuplestore_hold_seams-bf2672819177a738,libexectuples-3aeddedafd87c47a,libheaptuple-5957a1ebe22bfbc7,libtimeout-9150c990922f4fbe,libtrigger_seams-d000aefe41a70698,libguc-48a902909ab71434,libpgtz-0d88a5c1e3790126,libpgstrcasecmp-2d5bb6be4fe7b86e,liblocaltime-341b4404e092079d,libpgtz_seams-f0e0dbef2bc28d8b,libscalar_seams-42fdf2d69617cad9,libsuperuser_seams-81500230d63c6a02,libguc_file-c2985d12cbf7e82a,libguc_file_seams-e8aca69bd1f9d253,libconffiles_seams-c29f80cc71679feb,libspi_seams-81d2b0765ffc914d,liblock-a998a0225ac98854,libps_status_seams-72f10f0dbd65b7d2,liblmgr_seams-1a79c35fb1cfbef7,libresowner-ef03c35853dd68ec,libpredicate_seams-c7b45f32a048a94b,libresowner_portal_seams-b82e655cb4ba409c,libdynahash-f4d66d07cdf307df,libsinval-c27d9ba00d3703d2,libprocsignal-da775a5ce88fdc3b,libmcxt_seams-81a2deab41c5eeec,libwalsender_seams-3d1a18e975900d34,librepl_gram-a2199896fa5c1d76,librepl_scanner-eb82b5c8e290a00d,libparser_small1-6d5c41648578a87b,libadt_varbit-763a5ac151cf7445,libadt_numeric-934f6409ec5bfd07,libadt_float-3fc7250784ec32e1,libryu-f5d470691987cf73,libarrayfuncs-4f297e6f89959646,libtypcache-49d856501846daec,libtupdesc-192425bf6f010279,libindexcmds_seams-736107446b539416,libpg_enum_seams-442ef6258f485f49,libclauses_seams-79cf714c66cc6c7e,libfuncapi_srf-d37264ad11afdbc0,libpg_string-d847d957c8f91f2f,libstring_seams-5bf94cd301ca945d,libarrayutils-deebecef087bc0f4,libhyperloglog-2e613e81959b08d4,libnodes_core-6e9be101c8406416,liboutfuncs-44085880e8f5950f,liblsyscache-4aaba22eb13eeef0,liblsyscache_seams-725e2abc6a5ce575,libadt_scalar-82ff5f39715b115f,libmultixact-540b68f415c3801a,libmultixact_seams-b3ddb6c44af60829,libvarsup_seams-87311dda0148a36d,libdbcommands_seams-434e0cf410b96bc9,libslru-7232ed979a5a7c69,libsync_seams-e93d603ac693d86f,libpmsignal-c18da958b011b4aa,libpostmaster_seams-07c407d593a879f3,libtableam_seams-ec4ad685255ee37b,libtableam_vocab-f18f98f2860f1c35,libsyncscan_seams-fe5009ec4f7e4c9c,libtypes_slot-47d2085a32e6bfe5,libaclchk_seams-27d67368cd9c948e,libnbt_compare-87ecd1b5da63f4cc,libtypes_array-59663e5e53b8f5a6,libhashfn-4e63fe68fa5afe70,libpqformat-0706a6d17b2f35cc,libmbutils-25b1d1e57b4ede11,libreadfuncs-177e69096729627c,libtypcache_seams-78ba46f77610d4d2,libformat_type-10e5741048cf319d,libfmgr_seams-239931a2818b2323,libnamespace_seams-96bd7c70de246340,libkeywords-34ced61acfdc144d,libtypes_pathnodes-9297280bafd6e205,libnumutils-ca2c3d8bf259fad5,libqueryenvironment-36e4d3398e76dbe0,libtable-01fc7cc073b08662,libpg_class_seams-875e28574d6b0e0a,librelation_seams-b11b65e15f07a1ac,libtable_seams-de6ef45fa55f4356,librel_vocab-63fc9d1c19b7f3f3,libtypes_portal-86bb9a98d7465ec7,libtypes_nodes-2f2bbbedad1cf1a9,libwchar-730a1542d2a25cb6,libasync_seams-d1ea295ad0bd5d23,libtransam_seams-7dee6d5eefec0d22,libcommit_ts_seams-f21f0f8bb6a0b10b,liborigin_seams-a38749a07854803a,libstandby_seams-4d5c953a20920d36,libpgstat-961e9ea18494918c,libtwophase_seams-eaa1f71f8814e47f,libbackend_status_seams-f99c8e03234bdf4f,libslot_seams-6345520f62c98045,libmiscinit-54913cefb00206f1,libparallel_seams-ac2422d06e762a71,liblmgr_proc-6427e01d2d4d7c83,libautovacuum_seams-d658e6ff182c7882,libcondition_variable_seams-60b88573d7a53578,libsyncrep_seams-96fc96dc400f977b,liblock_seams-c18acdb6bcb6fb3a,libprocarray_seams-e5f3ae21f17bc6ac,libdeadlock_seams-a8034ac2699bcf20,libpmsignal_seams-a3c507ea47fb019a,liblwlock-091eaa2e3cdc93b5,libpg_sema_seams-635ab6199de6e6ec,libs_lock_seams-16438b4b8492401d,libpg_path-c92df880776c9813,liblibpq_pqsignal-19ad7e7af1c51bd3,libwaiteventset-a0f92565c1edb9e2,libpg_strong_random-df947762305e2188,liblatch-d8dc3c9f3d20414e,liblatch_seams-3dd8223ef62184a9,libprocsignal_seams-b551fd43f5fb9a00,libtimeout_seams-36f356bffcbae419,libwaiter-09d2e72aa83cca3c,liblmgr_proc_seams-1fe0854c72155662,libwaiteventset_seams-bc71c2e48fe3b5dc,libdfmgr-5b090352f40c516f,libshmem_seams-c3e37b0bf5524c6f,libfd-a252e1e5cd29898d,libresowner_seams-0c50ed7840f3c470,libpg_prng-392233ba56640d55,libpg_prng_seams-0de28d315faa0a8f,libaio_seams-a3c915b6d537207d,libwaitevent_seams-7e8d383033cddb49,libstartup_seams-b46c4a1f175c1e23,libpostgres_seams-1decdad7b04e33c4,libtablespace_seams-dffe27efd6966ba0,libvfs-ba9fd942a0706a22,libtimestamp_seams-8769c807ffb94618,libcatalog_storage_seams-dc64e68904e6f424,libinval-2a1a65612ed0b158,libinval_seams-a7db27d27facfb6b,librelmapper_seams-fc51dad5dbab2603,libsnapmgr_seams-b70faaf37e2b959b,libtypes_snapshot-f2438f62cfdb79a3,libcatcache_seams-2f92ef384147e7a1,libsyscache_seams-78ee4897a744abce,libcatalog_seams-e2acb76348dfcdbb,libinit_small-ef9c9d5d0a8c1208,libacl_seams-455a314aaeef6264,libxloginsert_seams-4a53fc77922b6ab8,libmiscinit_seams-ebfccaf8d955ff7c,libxact_seams-bb7a3d21b9fbd7a8,librelcache_seams-bfde55c02fa103fd,libjit_deform-d6be0d5cc36b41ea,libsinval_seams-726454a92bb24147,libtypes_resowner-b3658bfb1f7f327e,libxlogutils-f7dafa0fa7313b44,libxlogutils_seams-dd19b98b2fd2b396,libtransam_xlog_seams-7923cdc95803fc69,libfile_seams-94a82198b78a9d10,libtimeline_seams-9ee706e8938ed0b1,libsmgr_seams-e7ad749d3c208d30,libbufmgr_seams-e90c3ff825b0ef04,libxlogrecovery_seams-58833d067b127951,librelpath_seams-0c7948656bedfb74,libtypes_rel-198a6bc911f74509,libtypes_trigger-652f6ec8b283857f,libtypes_spgist-dd8843e3cfcf7dbb,libtypes_gist-0d5656e7438d24f8,libtypes_hash-7fbfa1b3e4f9cd8a,libtypes_bloom-90a79f2f84c03984,libtypes_nbtree-22927cd5b49d8c23,libtypes_scan-aadac3807e92c588,libtypes_fmgr-15a7af6bcfb5f519,libdetoast_seams-4f6bee22a1fe0174,libstringinfo-35cbaa895806325a,libtypes_tuple-a164e1a3a6942b6a,libelog-a877d3bcca017d83,libelog_seams-de02b77aa7ab07b4,libipc_seams-0cd45eff973aae57,libdatum-93fccccde6062ccd,libpgstat_seams-51d4022d5a0e57bf,libpqcomm_seams-9447855a6462a334,libmbutils_seams-a44a97e05a05debf,libinit_small_seams-85b89ec42ccb0a13,libsyslogger_seams-247fe9e13499a016,libtypes_startup-cd72d5ac62129009,libip-b6d88b556d9321f8,liberror_small_seams-345efdbaeec0007b,libpg_clock-329c724a2ddec8c6,libguc_tables-80bf517a77541901,libguc_seams-0971877aede49ea8,libtypes_guc-8912cfad37108023,libtypes_dest-d059a76f8d8c888e,libcrc32c-2d9a8ec9141a4e21,libxlogreader_seams-43a3aaef614e0a03,libseam_core-d26e0106a351aeef,libtypes_storage-59bab4963f754337,liblibc-1fec702575a82097,libpgsync-85521be7427eb0dc,libtypes_core-775902aa556dcd95,libmcx-448fae4c30b4f797,librustc_hash-4ad32aff0bc0dc49,libhashbrown-8fcfb73f1f52e8b0,libahash-f2cdf3f4692f6bb7,libonce_cell-a18764d3e4456760,libcfg_if-c0fdd5568c081294,libzerocopy-1ef84384eef5fce3,libtypes_error-ee668767750e7dc2,liballocator_api2-4c63d7a9357381ac,liblibfuzzer_sys-dc1febb8836c0ba8,libarbitrary-0bc829a0c7302f2b}.rlib" "<sysroot>/lib/rustlib/aarch64-unknown-linux-gnu/lib/{libstd-*,libpanic_unwind-*,libobject-*,libmemchr-*,libaddr2line-*,libgimli-*,libcfg_if-*,librustc_demangle-*,libstd_detect-*,libhashbrown-*,librustc_std_workspace_alloc-*,libminiz_oxide-*,libadler2-*,libunwind-*,liblibc-*,librustc_std_workspace_core-*,liballoc-*,libcore-*,libcompiler_builtins-*}.rlib" "-Wl,-Bdynamic" "-lstdc++" "-labsl_log_internal_check_op" "-labsl_log_internal_conditions" "-labsl_log_internal_message" "-labsl_examine_stack" "-labsl_log_internal_format" "-labsl_log_internal_proto" "-labsl_log_internal_nullguard" "-labsl_log_internal_log_sink_set" "-labsl_log_internal_globals" "-labsl_log_globals" "-labsl_log_sink" "-labsl_log_entry" "-labsl_strerror" "-labsl_vlog_config_internal" "-labsl_log_internal_fnmatch" "-labsl_flags_internal" "-labsl_flags_marshalling" "-labsl_flags_reflection" "-labsl_flags_private_handle_accessor" "-labsl_flags_commandlineflag" "-labsl_flags_commandlineflag_internal" "-labsl_flags_config" "-labsl_flags_program_name" "-labsl_cord" "-labsl_cordz_info" "-labsl_cord_internal" "-labsl_cordz_functions" "-labsl_cordz_handle" "-labsl_crc_cord_state" "-labsl_crc32c" "-labsl_crc_internal" "-labsl_crc_cpu_detect" "-labsl_raw_hash_set" "-labsl_hashtablez_sampler" "-labsl_exponential_biased" "-labsl_hash" "-labsl_city" "-labsl_bad_variant_access" "-labsl_low_level_hash" "-labsl_bad_optional_access" "-labsl_str_format_internal" "-labsl_synchronization" "-labsl_graphcycles_internal" "-labsl_kernel_timeout_internal" "-labsl_stacktrace" "-labsl_symbolize" "-labsl_debugging_internal" "-labsl_demangle_internal" "-labsl_demangle_rust" "-labsl_decode_rust_punycode" "-labsl_utf8_for_code_point" "-labsl_malloc_internal" "-labsl_time" "-labsl_civil_time" "-labsl_strings" "-labsl_strings_internal" "-labsl_string_view" "-labsl_base" "-latomic" "-lrt" "-labsl_spinlock_wait" "-labsl_int128" "-labsl_throw_delegate" "-labsl_raw_logging_internal" "-labsl_log_severity" "-labsl_time_zone" "-lstdc++" "-lgcc_s" "-lutil" "-lrt" "-lpthread" "-lm" "-ldl" "-lc" "-L" "/work/src/fuzz/target/aarch64-unknown-linux-gnu/release/deps/rustc4WTFPm/raw-dylibs" "-Wl,--eh-frame-hdr" "-Wl,-z,noexecstack" "-L" "/work/src/fuzz/target/aarch64-unknown-linux-gnu/release/build/decoder_fuzz-3e9bd349d077e8ca/out" "-L" "/work/src/fuzz/target/aarch64-unknown-linux-gnu/release/build/regexp_alt-5bf1a1806dea73f8/out" "-L" "/work/src/fuzz/target/aarch64-unknown-linux-gnu/release/build/openssl-sys-ca7f2fb5c1c26b08/out/openssl-build/install/lib" "-L" "/work/src/fuzz/target/aarch64-unknown-linux-gnu/release/build/libfuzzer-sys-b25806bf68759c69/out" "-L" "/usr/lib/aarch64-linux-gnu" "-L" "<sysroot>/lib/rustlib/aarch64-unknown-linux-gnu/lib" "-o" "/work/src/fuzz/target/aarch64-unknown-linux-gnu/release/deps/numeric_io_diff-f50c391f68a20860" "-Wl,--gc-sections" "-pie" "-Wl,-z,relro,-z,now" "-Wl,-O1" "-nodefaultlibs"
  = note: some arguments are omitted. use `--verbose` to show all linker arguments
  = note: /usr/bin/ld: /work/src/fuzz/target/aarch64-unknown-linux-gnu/release/deps/libdecoder_fuzz-ce05a889a5992ba2.rlib(ef81103c4d9017e3-regcomp.o): in function `pg_reg_getcolor':
          /work/src/fuzz/core/csrc/regexfam/regc_color.c:121: multiple definition of `pg_reg_getcolor'; /work/src/fuzz/target/aarch64-unknown-linux-gnu/release/deps/libdecoder_fuzz-ce05a889a5992ba2.rlib(e5077b94270c8099-regcomp.o):/work/src/fuzz/core/csrc/jsonpath/regex/regc_color.c:121: first defined here
          /usr/bin/ld: /work/src/fuzz/target/aarch64-unknown-linux-gnu/release/deps/libdecoder_fuzz-ce05a889a5992ba2.rlib(ef81103c4d9017e3-regcomp.o): in function `pg_regcomp':
          /work/src/fuzz/core/csrc/regexfam/regcomp.c:394: multiple definition of `pg_regcomp'; /work/src/fuzz/target/aarch64-unknown-linux-gnu/release/deps/libdecoder_fuzz-ce05a889a5992ba2.rlib(e5077b94270c8099-regcomp.o):/work/src/fuzz/core/csrc/jsonpath/regex/regcomp.c:394: first defined here
          collect2: error: ld returned 1 exit status
          

error: could not compile `pgrust-fuzz` (bin "numeric_io_diff") due to 1 previous error
warning: build failed, waiting for other jobs to finish...
error: linking with `cc` failed: exit status: 1
  |
  = note:  "cc" "-Wl,--fix-cortex-a53-843419" "/work/src/fuzz/target/aarch64-unknown-linux-gnu/release/deps/rustciXlIk1/symbols.o" "-Wl,-Bstatic" "-Wl,--whole-archive" "-Wl,<sysroot>/lib/rustlib/aarch64-unknown-linux-gnu/lib/librustc-nightly_rt.asan.a" "-Wl,--no-whole-archive" "<2 object files omitted>" "-Wl,--as-needed" "/work/src/fuzz/target/aarch64-unknown-linux-gnu/release/deps/{libdecoder_fuzz-ce05a889a5992ba2,libxlogstats-751e0da5e1d12ef5,libpg_rusage-20d5fb84d8ce7557,libcontrib_earthdistance-62171827053ec27a,libpg_class-4a6d74a6c018be9f,libadt_rowtypes-a4794d852ca6027f,libscram_common-e11945b252d3826e,libpg_hmac-4cf5c8b3660544ec,libpg_sha1-e4ca6845b132ea16,libpg_b64-4d5978aeedd9d3bb,libwait_error-20952b494fe498e5,libarchive-a18627a2a5d84afb,libpercentrepl-14ab69f0310df459,libadt_geo-6770d8d70fec2eca,libpairingheap-c8d2e4f2c7da0b75,libintegerset-e3da0542e1488698,libbloomfilter-e81e1605f0f67fc0,libbinaryheap-4dc7ef4b569319f9,libxlogreader-0774eb388464beff,librmgr-fad9988223b51953,liblogical_message-4eac03c06d1a2b7f,libgeneric_xlog-e29770827080434e,libbrin_xlog-bdf62fcd1cb87abc,libbrin_pageops-b4596e69677f7f87,libspgist_xlog-d9f4155fa0b1d70e,libsequence_xlog-05743c11ff92a433,libgist_xlog-3b3eece8531c3cee,libgin_xlog-36a8224f6febd836,libhash_xlog-dcf93c2afa663f9d,libbufmask-d06f2393833f248e,libnbtree_xlog-8cfa7438e78cf895,librmgrdesc-c4043fa165a7d526,libstorage_xlog-6ede242fb8cfb582,libheapam_xlog-9c35524373005f1e,libpruneheap_seams-47081c2a9ecbd3a0,libstandby-900217fb076bd0b3,libxloginsert-ea25e7b653828abf,libslot-60dbff37e2354a17,libwalsender_config-1719c72ed736c52a,libps_status-9e8889726683f83f,libfreespace-c3920503646f316e,libfreespace_seams-7f56535f44633dcd,libvisibilitymap-32a2e6569bc412e0,libcommit_ts-b0d58e618cb0dfff,libfmgr_core-345bb33faa105317,libconv-1dae4e1af62cf618,libtrigfuncs-c9e19c681e8fd12a,libtypes_trigger_call-35588c35d2ed97b8,libpseudorandomfuncs-67c698e5a90215b2,libsignalfuncs-f41bb49d497dd420,libwaitfuncs-70d504b29546b473,liblockfuncs-3a1fe98e0eeca55d,libpredicate-da6f72c0ac78ae26,libadt_mcxtfuncs-280bf97c42440099,libmcxt_stats-6a84a80cfcd3be07,libadt_amutils-a4cdc16282f73d8f,libindexam_seams-d8bb22ee1f6636ef,libadt_ascii-eccdac96bde76e14,libcryptohashfuncs-f2c90d9a9efbddd1,libpg_sha2-7e8cd0c77d2b2c05,libpg_md5-9db52add57f6c8c4,libcommands_async-fd7742ed07809705,libtransam_xlog-aa94f7f7c5323017,libinjection_point-c19b8749c9895034,librewriteheap_seams-d025aa8c57ea5068,libreorderbuffer_seams-9732aa01e7fde36a,libwalsummarizer_seams-6aeff26758f7186b,libxlogarchive_seams-7b0a832e106e8c60,libcontroldata_utils-523f399c49868f8d,libxlogbackup-8eba4de1aabd6e15,libtransam-c8c93940c9321f01,libsubtrans-d18560baacc801f7,libadt_windowfuncs-efe92700a9d2545d,libname-9e433ee477e7c01c,libforeigncmds_seams-ebb06d7c63af3998,libextension_seams-b0fd0f0a1d3a93c0,libsequence_seams-2c2a544d9093595c,libpgstatfuncs-b04b02f61f2e4a7b,libxlogprefetcher_seams-99fd18a890a886bd,libwalreceiverfuncs_seams-e0c5686b2051d7ef,libbackend_status-412528491437a786,libbe_secure_openssl-5908e0e39e09f225,libpqcomm-8a383ca6fde8c625,libbe_secure_seams-fe1b9b96b09e4466,libbe_secure_common-9429915839f943ff,libopenssl-fae5147777c6f4ce,libbitflags-7ebc804116e5816e,libopenssl_sys-ed0af80f67595b71,libforeign_types-b85e7f622934b2fe,libforeign_types_shared-38fd452ebcc86072,libadt_varchar-d8aa7255f06540a8,libadt_quote-621f7e32f97e7463,libadt_pseudotypes-2e18886c0b5dc799,libadt_multirangetypes-60ba15774a1dc699,libadt_rangetypes-7ebc71c4eb6f3b94,libadt_network-e3b47774bda3f958,libdict_snowball-9f295a918c174ab5,libto_tsany-e38e9d66985e2211,libtsearch_spell-e40d364dda594880,libtsearch_dict-546994c9fe9bcd00,libwparser_def-ba8276c53d5319e0,libts_parse-d880d934b65e18b5,libts_cache-ffc0bedfce3f6662,libadt_regproc-ae9bd46cc2b19582,libregproc_seams-a8fff65d50bd9de4,libadt_tsrank-839dd70ac7abf87a,libadt_tsquery_core-5eb6058771e99226,libts_locale-f060694c1bc9854a,libadt_tsvector_core-8c26b52d654d248c,libadt_uuid-82d4a732bd9d012b,libdbsize-c2af8ac5afbe9907,librelfilenumbermap_seams-f6debd771440e4cd,librelpath-9ec1189d3d86781f,libxid8funcs-6c1de2dea05a15d0,libsnapmgr-ff16b3f223ddc07a,libprocarray-8af40a7ac99f732e,libadt_xml-7885107d78b1e53c,libadt_pg_lsn-c572c8e8e8902a4b,libadt_mac8-e7a2c3dd72991dfb,libadt_mac-39025185d703e9b2,libhbafuncs-5eaccc04f08b367c,libhba-3672706d996ff1ab,libauth_seams-1916e803525ce1d1,libhba_seams-00104f5e69d7a5a9,libifaddr-93fd4f69f9aff974,libadt_like-5d51c68fd0f83f92,libadt_jsonpath_exec-fe866fc3ae5e88be,libadt_regexp-b3ec604bfa858e13,libadt_jsonb-ec6e3a47cb2377c2,libgin_vocab-f305ccf087b97584,libtidbitmap-7b706235bc1f465d,libadt_jsonpath-d180883822b503d7,libregex_core-3705cff49e009ba1,libadt_json-ec33ef0df434fa21,libstack_depth-27af14c65c988a30,libadt_int-63f2744e582633ba,libadt_formatting-36a3f90d9b0d447b,libformatting_seams-545f741a627533c8,libadt_oracle_compat-fa9e5433034081d8,libadt_enum-4f4fd6de48c45986,libadt_encode-6197461d2a6b5ba3,libadt_date-d2a38c8d333598be,libadt_timestamp-371a1f98486da2b8,libstrftime-e9fd6ab59fff8820,libadt_datetime-658322d92d783542,libadt_domains-266e7086030b7def,libadt_char-3b14674b283f677d,libadt_cash-1ebbefa4080cd447,libadt_int8-cd615ebe985a22a7,libpg_locale-d7da641d2eeb634b,libunicode_case-ad6d4d9d4a617d3f,libpg_database_seams-e5f2c863976f4ca0,libarray_userfuncs-717cfb4089e3c0cb,libtuplesort_seams-ba45215515fc6034,libadt_bool-aea0cb7f23dbd10d,libtypes_brin-39f37e8e095f8a7a,libxact-5e3b3c236913193c,libvarsup-8fe8ce9a59ffbef6,libclog-5501dbc57bd031fb,libsnapbuild_seams-6c013334b39a10fb,liblogical_seams-497aadc4a35ed3bc,libcatalog_index_seams-a3fe73568af909d6,libbackend_progress_seams-9b5e63ecd9d45bee,libwaitevent-38efbcd9ec05d92b,liblogical_worker_seams-26ef86b6cf2b281e,liblauncher_seams-dd70cf89f86049a0,libcombocid_seams-e5baae2a3e70cffe,libsmgr-1c643f8d331ecad2,libmd-ae94ff8f2cadd388,librelmapper-23fbac0823eee1c9,libbe_fsstubs_seams-278c31eb720a825c,libtablecmds_seams-05cf293c8b8f0360,libportalmem-e99086726944e256,libsnapmgr_portal_seams-ef55f7b844a574dd,libexecmain_seams-de33e8b483c40ec6,libtcop_dest-65585d3dd3aef587,libcmdtag-94ef0535e8219814,libtqueue-0039d12300b8ec7e,libshm_mq-14779e2cd93dae94,libbgworker_seams-3910a5a00219659e,libexplain_dr-16ea723154065e4b,libinstrument-dc30d2505cd4d2dc,libbufmgr-3bce7b013903a886,libcheckpointer_seams-cc028aeeec209894,liblmgr-9c7acf83790a8736,libsubtrans_seams-59265c536a80b2f3,libaio_core-de6c4e5a6097acd4,libinterrupt-38d3980f2c7fe6ab,libipc-82b590ecb4558ba3,libipc_portal_seams-911dd6c6ad3fc6d3,libdsm_core-c69b394d07ee266f,libshmem-6222aa5bc5682f2f,libcondition_variable-551023ba9708fa91,libsql_functions_seams-0cf76159c92a51e4,libmatview_seams-f805ecf75afb281c,libcopy_seams-03ce06d5d4c1a4e8,libcreateas_seams-f3afe654c8e93372,libtstore_receiver-93602af11dc46125,libprinttup-094cce499a4be644,libpquery_seams-4b59d06ab36c6530,libportalcmds_seams-abd0b60962f45e3f,libplancache_portal_seams-604c3d966e852885,libxact_portal_seams-b671cb3e61822c1a,libfuncapi-4acece017d555b7a,libvarlena-3e84fd725164268e,libunicode_category-dfec1a8d82487208,libregex_core_seams-a54144c22a29fa2b,libregexp_seams-9aaa77a6ed36cc52,libregexp_alt-3cc5f4aa2c5a3e39,libmemchr-c1c772b32af6edef,libpg_bitutils-9ce59e6b55523d7f,libdetoast-a6f928a7c6233408,libpglz-c8227b10ae339654,libtoast_internals_seams-6631d4db878060c3,libpg_locale_seams-221c9a85607b3109,libunicode_norm-7f6b4be9cad93f64,libregex-987d3ec8914d4d31,libtuplestore-201f1a6ed4993348,libtuplestore_hold_seams-bf2672819177a738,libexectuples-3aeddedafd87c47a,libheaptuple-5957a1ebe22bfbc7,libtimeout-9150c990922f4fbe,libtrigger_seams-d000aefe41a70698,libguc-48a902909ab71434,libpgtz-0d88a5c1e3790126,libpgstrcasecmp-2d5bb6be4fe7b86e,liblocaltime-341b4404e092079d,libpgtz_seams-f0e0dbef2bc28d8b,libscalar_seams-42fdf2d69617cad9,libsuperuser_seams-81500230d63c6a02,libguc_file-c2985d12cbf7e82a,libguc_file_seams-e8aca69bd1f9d253,libconffiles_seams-c29f80cc71679feb,libspi_seams-81d2b0765ffc914d,liblock-a998a0225ac98854,libps_status_seams-72f10f0dbd65b7d2,liblmgr_seams-1a79c35fb1cfbef7,libresowner-ef03c35853dd68ec,libpredicate_seams-c7b45f32a048a94b,libresowner_portal_seams-b82e655cb4ba409c,libdynahash-f4d66d07cdf307df,libsinval-c27d9ba00d3703d2,libprocsignal-da775a5ce88fdc3b,libmcxt_seams-81a2deab41c5eeec,libwalsender_seams-3d1a18e975900d34,librepl_gram-a2199896fa5c1d76,librepl_scanner-eb82b5c8e290a00d,libparser_small1-6d5c41648578a87b,libadt_varbit-763a5ac151cf7445,libadt_numeric-934f6409ec5bfd07,libadt_float-3fc7250784ec32e1,libryu-f5d470691987cf73,libarrayfuncs-4f297e6f89959646,libtypcache-49d856501846daec,libtupdesc-192425bf6f010279,libindexcmds_seams-736107446b539416,libpg_enum_seams-442ef6258f485f49,libclauses_seams-79cf714c66cc6c7e,libfuncapi_srf-d37264ad11afdbc0,libpg_string-d847d957c8f91f2f,libstring_seams-5bf94cd301ca945d,libarrayutils-deebecef087bc0f4,libhyperloglog-2e613e81959b08d4,libnodes_core-6e9be101c8406416,liboutfuncs-44085880e8f5950f,liblsyscache-4aaba22eb13eeef0,liblsyscache_seams-725e2abc6a5ce575,libadt_scalar-82ff5f39715b115f,libmultixact-540b68f415c3801a,libmultixact_seams-b3ddb6c44af60829,libvarsup_seams-87311dda0148a36d,libdbcommands_seams-434e0cf410b96bc9,libslru-7232ed979a5a7c69,libsync_seams-e93d603ac693d86f,libpmsignal-c18da958b011b4aa,libpostmaster_seams-07c407d593a879f3,libtableam_seams-ec4ad685255ee37b,libtableam_vocab-f18f98f2860f1c35,libsyncscan_seams-fe5009ec4f7e4c9c,libtypes_slot-47d2085a32e6bfe5,libaclchk_seams-27d67368cd9c948e,libnbt_compare-87ecd1b5da63f4cc,libtypes_array-59663e5e53b8f5a6,libhashfn-4e63fe68fa5afe70,libpqformat-0706a6d17b2f35cc,libmbutils-25b1d1e57b4ede11,libreadfuncs-177e69096729627c,libtypcache_seams-78ba46f77610d4d2,libformat_type-10e5741048cf319d,libfmgr_seams-239931a2818b2323,libnamespace_seams-96bd7c70de246340,libkeywords-34ced61acfdc144d,libtypes_pathnodes-9297280bafd6e205,libnumutils-ca2c3d8bf259fad5,libqueryenvironment-36e4d3398e76dbe0,libtable-01fc7cc073b08662,libpg_class_seams-875e28574d6b0e0a,librelation_seams-b11b65e15f07a1ac,libtable_seams-de6ef45fa55f4356,librel_vocab-63fc9d1c19b7f3f3,libtypes_portal-86bb9a98d7465ec7,libtypes_nodes-2f2bbbedad1cf1a9,libwchar-730a1542d2a25cb6,libasync_seams-d1ea295ad0bd5d23,libtransam_seams-7dee6d5eefec0d22,libcommit_ts_seams-f21f0f8bb6a0b10b,liborigin_seams-a38749a07854803a,libstandby_seams-4d5c953a20920d36,libpgstat-961e9ea18494918c,libtwophase_seams-eaa1f71f8814e47f,libbackend_status_seams-f99c8e03234bdf4f,libslot_seams-6345520f62c98045,libmiscinit-54913cefb00206f1,libparallel_seams-ac2422d06e762a71,liblmgr_proc-6427e01d2d4d7c83,libautovacuum_seams-d658e6ff182c7882,libcondition_variable_seams-60b88573d7a53578,libsyncrep_seams-96fc96dc400f977b,liblock_seams-c18acdb6bcb6fb3a,libprocarray_seams-e5f3ae21f17bc6ac,libdeadlock_seams-a8034ac2699bcf20,libpmsignal_seams-a3c507ea47fb019a,liblwlock-091eaa2e3cdc93b5,libpg_sema_seams-635ab6199de6e6ec,libs_lock_seams-16438b4b8492401d,libpg_path-c92df880776c9813,liblibpq_pqsignal-19ad7e7af1c51bd3,libwaiteventset-a0f92565c1edb9e2,libpg_strong_random-df947762305e2188,liblatch-d8dc3c9f3d20414e,liblatch_seams-3dd8223ef62184a9,libprocsignal_seams-b551fd43f5fb9a00,libtimeout_seams-36f356bffcbae419,libwaiter-09d2e72aa83cca3c,liblmgr_proc_seams-1fe0854c72155662,libwaiteventset_seams-bc71c2e48fe3b5dc,libdfmgr-5b090352f40c516f,libshmem_seams-c3e37b0bf5524c6f,libfd-a252e1e5cd29898d,libresowner_seams-0c50ed7840f3c470,libpg_prng-392233ba56640d55,libpg_prng_seams-0de28d315faa0a8f,libaio_seams-a3c915b6d537207d,libwaitevent_seams-7e8d383033cddb49,libstartup_seams-b46c4a1f175c1e23,libpostgres_seams-1decdad7b04e33c4,libtablespace_seams-dffe27efd6966ba0,libvfs-ba9fd942a0706a22,libtimestamp_seams-8769c807ffb94618,libcatalog_storage_seams-dc64e68904e6f424,libinval-2a1a65612ed0b158,libinval_seams-a7db27d27facfb6b,librelmapper_seams-fc51dad5dbab2603,libsnapmgr_seams-b70faaf37e2b959b,libtypes_snapshot-f2438f62cfdb79a3,libcatcache_seams-2f92ef384147e7a1,libsyscache_seams-78ee4897a744abce,libcatalog_seams-e2acb76348dfcdbb,libinit_small-ef9c9d5d0a8c1208,libacl_seams-455a314aaeef6264,libxloginsert_seams-4a53fc77922b6ab8,libmiscinit_seams-ebfccaf8d955ff7c,libxact_seams-bb7a3d21b9fbd7a8,librelcache_seams-bfde55c02fa103fd,libjit_deform-d6be0d5cc36b41ea,libsinval_seams-726454a92bb24147,libtypes_resowner-b3658bfb1f7f327e,libxlogutils-f7dafa0fa7313b44,libxlogutils_seams-dd19b98b2fd2b396,libtransam_xlog_seams-7923cdc95803fc69,libfile_seams-94a82198b78a9d10,libtimeline_seams-9ee706e8938ed0b1,libsmgr_seams-e7ad749d3c208d30,libbufmgr_seams-e90c3ff825b0ef04,libxlogrecovery_seams-58833d067b127951,librelpath_seams-0c7948656bedfb74,libtypes_rel-198a6bc911f74509,libtypes_trigger-652f6ec8b283857f,libtypes_spgist-dd8843e3cfcf7dbb,libtypes_gist-0d5656e7438d24f8,libtypes_hash-7fbfa1b3e4f9cd8a,libtypes_bloom-90a79f2f84c03984,libtypes_nbtree-22927cd5b49d8c23,libtypes_scan-aadac3807e92c588,libtypes_fmgr-15a7af6bcfb5f519,libdetoast_seams-4f6bee22a1fe0174,libstringinfo-35cbaa895806325a,libtypes_tuple-a164e1a3a6942b6a,libelog-a877d3bcca017d83,libelog_seams-de02b77aa7ab07b4,libipc_seams-0cd45eff973aae57,libdatum-93fccccde6062ccd,libpgstat_seams-51d4022d5a0e57bf,libpqcomm_seams-9447855a6462a334,libmbutils_seams-a44a97e05a05debf,libinit_small_seams-85b89ec42ccb0a13,libsyslogger_seams-247fe9e13499a016,libtypes_startup-cd72d5ac62129009,libip-b6d88b556d9321f8,liberror_small_seams-345efdbaeec0007b,libpg_clock-329c724a2ddec8c6,libguc_tables-80bf517a77541901,libguc_seams-0971877aede49ea8,libtypes_guc-8912cfad37108023,libtypes_dest-d059a76f8d8c888e,libcrc32c-2d9a8ec9141a4e21,libxlogreader_seams-43a3aaef614e0a03,libseam_core-d26e0106a351aeef,libtypes_storage-59bab4963f754337,liblibc-1fec702575a82097,libpgsync-85521be7427eb0dc,libtypes_core-775902aa556dcd95,libmcx-448fae4c30b4f797,librustc_hash-4ad32aff0bc0dc49,libhashbrown-8fcfb73f1f52e8b0,libahash-f2cdf3f4692f6bb7,libonce_cell-a18764d3e4456760,libcfg_if-c0fdd5568c081294,libzerocopy-1ef84384eef5fce3,libtypes_error-ee668767750e7dc2,liballocator_api2-4c63d7a9357381ac,liblibfuzzer_sys-dc1febb8836c0ba8,libarbitrary-0bc829a0c7302f2b}.rlib" "<sysroot>/lib/rustlib/aarch64-unknown-linux-gnu/lib/{libstd-*,libpanic_unwind-*,libobject-*,libmemchr-*,libaddr2line-*,libgimli-*,libcfg_if-*,librustc_demangle-*,libstd_detect-*,libhashbrown-*,librustc_std_workspace_alloc-*,libminiz_oxide-*,libadler2-*,libunwind-*,liblibc-*,librustc_std_workspace_core-*,liballoc-*,libcore-*,libcompiler_builtins-*}.rlib" "-Wl,-Bdynamic" "-lstdc++" "-labsl_log_internal_check_op" "-labsl_log_internal_conditions" "-labsl_log_internal_message" "-labsl_examine_stack" "-labsl_log_internal_format" "-labsl_log_internal_proto" "-labsl_log_internal_nullguard" "-labsl_log_internal_log_sink_set" "-labsl_log_internal_globals" "-labsl_log_globals" "-labsl_log_sink" "-labsl_log_entry" "-labsl_strerror" "-labsl_vlog_config_internal" "-labsl_log_internal_fnmatch" "-labsl_flags_internal" "-labsl_flags_marshalling" "-labsl_flags_reflection" "-labsl_flags_private_handle_accessor" "-labsl_flags_commandlineflag" "-labsl_flags_commandlineflag_internal" "-labsl_flags_config" "-labsl_flags_program_name" "-labsl_cord" "-labsl_cordz_info" "-labsl_cord_internal" "-labsl_cordz_functions" "-labsl_cordz_handle" "-labsl_crc_cord_state" "-labsl_crc32c" "-labsl_crc_internal" "-labsl_crc_cpu_detect" "-labsl_raw_hash_set" "-labsl_hashtablez_sampler" "-labsl_exponential_biased" "-labsl_hash" "-labsl_city" "-labsl_bad_variant_access" "-labsl_low_level_hash" "-labsl_bad_optional_access" "-labsl_str_format_internal" "-labsl_synchronization" "-labsl_graphcycles_internal" "-labsl_kernel_timeout_internal" "-labsl_stacktrace" "-labsl_symbolize" "-labsl_debugging_internal" "-labsl_demangle_internal" "-labsl_demangle_rust" "-labsl_decode_rust_punycode" "-labsl_utf8_for_code_point" "-labsl_malloc_internal" "-labsl_time" "-labsl_civil_time" "-labsl_strings" "-labsl_strings_internal" "-labsl_string_view" "-labsl_base" "-latomic" "-lrt" "-labsl_spinlock_wait" "-labsl_int128" "-labsl_throw_delegate" "-labsl_raw_logging_internal" "-labsl_log_severity" "-labsl_time_zone" "-lstdc++" "-lgcc_s" "-lutil" "-lrt" "-lpthread" "-lm" "-ldl" "-lc" "-L" "/work/src/fuzz/target/aarch64-unknown-linux-gnu/release/deps/rustciXlIk1/raw-dylibs" "-Wl,--eh-frame-hdr" "-Wl,-z,noexecstack" "-L" "/work/src/fuzz/target/aarch64-unknown-linux-gnu/release/build/decoder_fuzz-3e9bd349d077e8ca/out" "-L" "/work/src/fuzz/target/aarch64-unknown-linux-gnu/release/build/regexp_alt-5bf1a1806dea73f8/out" "-L" "/work/src/fuzz/target/aarch64-unknown-linux-gnu/release/build/openssl-sys-ca7f2fb5c1c26b08/out/openssl-build/install/lib" "-L" "/work/src/fuzz/target/aarch64-unknown-linux-gnu/release/build/libfuzzer-sys-b25806bf68759c69/out" "-L" "/usr/lib/aarch64-linux-gnu" "-L" "<sysroot>/lib/rustlib/aarch64-unknown-linux-gnu/lib" "-o" "/work/src/fuzz/target/aarch64-unknown-linux-gnu/release/deps/tablesfam_diff-143ede0483ade047" "-Wl,--gc-sections" "-pie" "-Wl,-z,relro,-z,now" "-Wl,-O1" "-nodefaultlibs"
  = note: some arguments are omitted. use `--verbose` to show all linker arguments
  = note: /usr/bin/ld: /work/src/fuzz/target/aarch64-unknown-linux-gnu/release/deps/libdecoder_fuzz-ce05a889a5992ba2.rlib(ef81103c4d9017e3-regcomp.o): in function `pg_reg_getcolor':
          /work/src/fuzz/core/csrc/regexfam/regc_color.c:121: multiple definition of `pg_reg_getcolor'; /work/src/fuzz/target/aarch64-unknown-linux-gnu/release/deps/libdecoder_fuzz-ce05a889a5992ba2.rlib(e5077b94270c8099-regcomp.o):/work/src/fuzz/core/csrc/jsonpath/regex/regc_color.c:121: first defined here
          /usr/bin/ld: /work/src/fuzz/target/aarch64-unknown-linux-gnu/release/deps/libdecoder_fuzz-ce05a889a5992ba2.rlib(ef81103c4d9017e3-regcomp.o): in function `pg_regcomp':
          /work/src/fuzz/core/csrc/regexfam/regcomp.c:394: multiple definition of `pg_regcomp'; /work/src/fuzz/target/aarch64-unknown-linux-gnu/release/deps/libdecoder_fuzz-ce05a889a5992ba2.rlib(e5077b94270c8099-regcomp.o):/work/src/fuzz/core/csrc/jsonpath/regex/regcomp.c:394: first defined here
          collect2: error: ld returned 1 exit status
          

error: could not compile `pgrust-fuzz` (bin "tablesfam_diff") due to 1 previous error
error: linking with `cc` failed: exit status: 1
  |
  = note:  "cc" "-Wl,--fix-cortex-a53-843419" "/work/src/fuzz/target/aarch64-unknown-linux-gnu/release/deps/rustcPnddml/symbols.o" "-Wl,-Bstatic" "-Wl,--whole-archive" "-Wl,<sysroot>/lib/rustlib/aarch64-unknown-linux-gnu/lib/librustc-nightly_rt.asan.a" "-Wl,--no-whole-archive" "<2 object files omitted>" "-Wl,--as-needed" "/work/src/fuzz/target/aarch64-unknown-linux-gnu/release/deps/{libdecoder_fuzz-ce05a889a5992ba2,libxlogstats-751e0da5e1d12ef5,libpg_rusage-20d5fb84d8ce7557,libcontrib_earthdistance-62171827053ec27a,libpg_class-4a6d74a6c018be9f,libadt_rowtypes-a4794d852ca6027f,libscram_common-e11945b252d3826e,libpg_hmac-4cf5c8b3660544ec,libpg_sha1-e4ca6845b132ea16,libpg_b64-4d5978aeedd9d3bb,libwait_error-20952b494fe498e5,libarchive-a18627a2a5d84afb,libpercentrepl-14ab69f0310df459,libadt_geo-6770d8d70fec2eca,libpairingheap-c8d2e4f2c7da0b75,libintegerset-e3da0542e1488698,libbloomfilter-e81e1605f0f67fc0,libbinaryheap-4dc7ef4b569319f9,libxlogreader-0774eb388464beff,librmgr-fad9988223b51953,liblogical_message-4eac03c06d1a2b7f,libgeneric_xlog-e29770827080434e,libbrin_xlog-bdf62fcd1cb87abc,libbrin_pageops-b4596e69677f7f87,libspgist_xlog-d9f4155fa0b1d70e,libsequence_xlog-05743c11ff92a433,libgist_xlog-3b3eece8531c3cee,libgin_xlog-36a8224f6febd836,libhash_xlog-dcf93c2afa663f9d,libbufmask-d06f2393833f248e,libnbtree_xlog-8cfa7438e78cf895,librmgrdesc-c4043fa165a7d526,libstorage_xlog-6ede242fb8cfb582,libheapam_xlog-9c35524373005f1e,libpruneheap_seams-47081c2a9ecbd3a0,libstandby-900217fb076bd0b3,libxloginsert-ea25e7b653828abf,libslot-60dbff37e2354a17,libwalsender_config-1719c72ed736c52a,libps_status-9e8889726683f83f,libfreespace-c3920503646f316e,libfreespace_seams-7f56535f44633dcd,libvisibilitymap-32a2e6569bc412e0,libcommit_ts-b0d58e618cb0dfff,libfmgr_core-345bb33faa105317,libconv-1dae4e1af62cf618,libtrigfuncs-c9e19c681e8fd12a,libtypes_trigger_call-35588c35d2ed97b8,libpseudorandomfuncs-67c698e5a90215b2,libsignalfuncs-f41bb49d497dd420,libwaitfuncs-70d504b29546b473,liblockfuncs-3a1fe98e0eeca55d,libpredicate-da6f72c0ac78ae26,libadt_mcxtfuncs-280bf97c42440099,libmcxt_stats-6a84a80cfcd3be07,libadt_amutils-a4cdc16282f73d8f,libindexam_seams-d8bb22ee1f6636ef,libadt_ascii-eccdac96bde76e14,libcryptohashfuncs-f2c90d9a9efbddd1,libpg_sha2-7e8cd0c77d2b2c05,libpg_md5-9db52add57f6c8c4,libcommands_async-fd7742ed07809705,libtransam_xlog-aa94f7f7c5323017,libinjection_point-c19b8749c9895034,librewriteheap_seams-d025aa8c57ea5068,libreorderbuffer_seams-9732aa01e7fde36a,libwalsummarizer_seams-6aeff26758f7186b,libxlogarchive_seams-7b0a832e106e8c60,libcontroldata_utils-523f399c49868f8d,libxlogbackup-8eba4de1aabd6e15,libtransam-c8c93940c9321f01,libsubtrans-d18560baacc801f7,libadt_windowfuncs-efe92700a9d2545d,libname-9e433ee477e7c01c,libforeigncmds_seams-ebb06d7c63af3998,libextension_seams-b0fd0f0a1d3a93c0,libsequence_seams-2c2a544d9093595c,libpgstatfuncs-b04b02f61f2e4a7b,libxlogprefetcher_seams-99fd18a890a886bd,libwalreceiverfuncs_seams-e0c5686b2051d7ef,libbackend_status-412528491437a786,libbe_secure_openssl-5908e0e39e09f225,libpqcomm-8a383ca6fde8c625,libbe_secure_seams-fe1b9b96b09e4466,libbe_secure_common-9429915839f943ff,libopenssl-fae5147777c6f4ce,libbitflags-7ebc804116e5816e,libopenssl_sys-ed0af80f67595b71,libforeign_types-b85e7f622934b2fe,libforeign_types_shared-38fd452ebcc86072,libadt_varchar-d8aa7255f06540a8,libadt_quote-621f7e32f97e7463,libadt_pseudotypes-2e18886c0b5dc799,libadt_multirangetypes-60ba15774a1dc699,libadt_rangetypes-7ebc71c4eb6f3b94,libadt_network-e3b47774bda3f958,libdict_snowball-9f295a918c174ab5,libto_tsany-e38e9d66985e2211,libtsearch_spell-e40d364dda594880,libtsearch_dict-546994c9fe9bcd00,libwparser_def-ba8276c53d5319e0,libts_parse-d880d934b65e18b5,libts_cache-ffc0bedfce3f6662,libadt_regproc-ae9bd46cc2b19582,libregproc_seams-a8fff65d50bd9de4,libadt_tsrank-839dd70ac7abf87a,libadt_tsquery_core-5eb6058771e99226,libts_locale-f060694c1bc9854a,libadt_tsvector_core-8c26b52d654d248c,libadt_uuid-82d4a732bd9d012b,libdbsize-c2af8ac5afbe9907,librelfilenumbermap_seams-f6debd771440e4cd,librelpath-9ec1189d3d86781f,libxid8funcs-6c1de2dea05a15d0,libsnapmgr-ff16b3f223ddc07a,libprocarray-8af40a7ac99f732e,libadt_xml-7885107d78b1e53c,libadt_pg_lsn-c572c8e8e8902a4b,libadt_mac8-e7a2c3dd72991dfb,libadt_mac-39025185d703e9b2,libhbafuncs-5eaccc04f08b367c,libhba-3672706d996ff1ab,libauth_seams-1916e803525ce1d1,libhba_seams-00104f5e69d7a5a9,libifaddr-93fd4f69f9aff974,libadt_like-5d51c68fd0f83f92,libadt_jsonpath_exec-fe866fc3ae5e88be,libadt_regexp-b3ec604bfa858e13,libadt_jsonb-ec6e3a47cb2377c2,libgin_vocab-f305ccf087b97584,libtidbitmap-7b706235bc1f465d,libadt_jsonpath-d180883822b503d7,libregex_core-3705cff49e009ba1,libadt_json-ec33ef0df434fa21,libstack_depth-27af14c65c988a30,libadt_int-63f2744e582633ba,libadt_formatting-36a3f90d9b0d447b,libformatting_seams-545f741a627533c8,libadt_oracle_compat-fa9e5433034081d8,libadt_enum-4f4fd6de48c45986,libadt_encode-6197461d2a6b5ba3,libadt_date-d2a38c8d333598be,libadt_timestamp-371a1f98486da2b8,libstrftime-e9fd6ab59fff8820,libadt_datetime-658322d92d783542,libadt_domains-266e7086030b7def,libadt_char-3b14674b283f677d,libadt_cash-1ebbefa4080cd447,libadt_int8-cd615ebe985a22a7,libpg_locale-d7da641d2eeb634b,libunicode_case-ad6d4d9d4a617d3f,libpg_database_seams-e5f2c863976f4ca0,libarray_userfuncs-717cfb4089e3c0cb,libtuplesort_seams-ba45215515fc6034,libadt_bool-aea0cb7f23dbd10d,libtypes_brin-39f37e8e095f8a7a,libxact-5e3b3c236913193c,libvarsup-8fe8ce9a59ffbef6,libclog-5501dbc57bd031fb,libsnapbuild_seams-6c013334b39a10fb,liblogical_seams-497aadc4a35ed3bc,libcatalog_index_seams-a3fe73568af909d6,libbackend_progress_seams-9b5e63ecd9d45bee,libwaitevent-38efbcd9ec05d92b,liblogical_worker_seams-26ef86b6cf2b281e,liblauncher_seams-dd70cf89f86049a0,libcombocid_seams-e5baae2a3e70cffe,libsmgr-1c643f8d331ecad2,libmd-ae94ff8f2cadd388,librelmapper-23fbac0823eee1c9,libbe_fsstubs_seams-278c31eb720a825c,libtablecmds_seams-05cf293c8b8f0360,libportalmem-e99086726944e256,libsnapmgr_portal_seams-ef55f7b844a574dd,libexecmain_seams-de33e8b483c40ec6,libtcop_dest-65585d3dd3aef587,libcmdtag-94ef0535e8219814,libtqueue-0039d12300b8ec7e,libshm_mq-14779e2cd93dae94,libbgworker_seams-3910a5a00219659e,libexplain_dr-16ea723154065e4b,libinstrument-dc30d2505cd4d2dc,libbufmgr-3bce7b013903a886,libcheckpointer_seams-cc028aeeec209894,liblmgr-9c7acf83790a8736,libsubtrans_seams-59265c536a80b2f3,libaio_core-de6c4e5a6097acd4,libinterrupt-38d3980f2c7fe6ab,libipc-82b590ecb4558ba3,libipc_portal_seams-911dd6c6ad3fc6d3,libdsm_core-c69b394d07ee266f,libshmem-6222aa5bc5682f2f,libcondition_variable-551023ba9708fa91,libsql_functions_seams-0cf76159c92a51e4,libmatview_seams-f805ecf75afb281c,libcopy_seams-03ce06d5d4c1a4e8,libcreateas_seams-f3afe654c8e93372,libtstore_receiver-93602af11dc46125,libprinttup-094cce499a4be644,libpquery_seams-4b59d06ab36c6530,libportalcmds_seams-abd0b60962f45e3f,libplancache_portal_seams-604c3d966e852885,libxact_portal_seams-b671cb3e61822c1a,libfuncapi-4acece017d555b7a,libvarlena-3e84fd725164268e,libunicode_category-dfec1a8d82487208,libregex_core_seams-a54144c22a29fa2b,libregexp_seams-9aaa77a6ed36cc52,libregexp_alt-3cc5f4aa2c5a3e39,libmemchr-c1c772b32af6edef,libpg_bitutils-9ce59e6b55523d7f,libdetoast-a6f928a7c6233408,libpglz-c8227b10ae339654,libtoast_internals_seams-6631d4db878060c3,libpg_locale_seams-221c9a85607b3109,libunicode_norm-7f6b4be9cad93f64,libregex-987d3ec8914d4d31,libtuplestore-201f1a6ed4993348,libtuplestore_hold_seams-bf2672819177a738,libexectuples-3aeddedafd87c47a,libheaptuple-5957a1ebe22bfbc7,libtimeout-9150c990922f4fbe,libtrigger_seams-d000aefe41a70698,libguc-48a902909ab71434,libpgtz-0d88a5c1e3790126,libpgstrcasecmp-2d5bb6be4fe7b86e,liblocaltime-341b4404e092079d,libpgtz_seams-f0e0dbef2bc28d8b,libscalar_seams-42fdf2d69617cad9,libsuperuser_seams-81500230d63c6a02,libguc_file-c2985d12cbf7e82a,libguc_file_seams-e8aca69bd1f9d253,libconffiles_seams-c29f80cc71679feb,libspi_seams-81d2b0765ffc914d,liblock-a998a0225ac98854,libps_status_seams-72f10f0dbd65b7d2,liblmgr_seams-1a79c35fb1cfbef7,libresowner-ef03c35853dd68ec,libpredicate_seams-c7b45f32a048a94b,libresowner_portal_seams-b82e655cb4ba409c,libdynahash-f4d66d07cdf307df,libsinval-c27d9ba00d3703d2,libprocsignal-da775a5ce88fdc3b,libmcxt_seams-81a2deab41c5eeec,libwalsender_seams-3d1a18e975900d34,librepl_gram-a2199896fa5c1d76,librepl_scanner-eb82b5c8e290a00d,libparser_small1-6d5c41648578a87b,libadt_varbit-763a5ac151cf7445,libadt_numeric-934f6409ec5bfd07,libadt_float-3fc7250784ec32e1,libryu-f5d470691987cf73,libarrayfuncs-4f297e6f89959646,libtypcache-49d856501846daec,libtupdesc-192425bf6f010279,libindexcmds_seams-736107446b539416,libpg_enum_seams-442ef6258f485f49,libclauses_seams-79cf714c66cc6c7e,libfuncapi_srf-d37264ad11afdbc0,libpg_string-d847d957c8f91f2f,libstring_seams-5bf94cd301ca945d,libarrayutils-deebecef087bc0f4,libhyperloglog-2e613e81959b08d4,libnodes_core-6e9be101c8406416,liboutfuncs-44085880e8f5950f,liblsyscache-4aaba22eb13eeef0,liblsyscache_seams-725e2abc6a5ce575,libadt_scalar-82ff5f39715b115f,libmultixact-540b68f415c3801a,libmultixact_seams-b3ddb6c44af60829,libvarsup_seams-87311dda0148a36d,libdbcommands_seams-434e0cf410b96bc9,libslru-7232ed979a5a7c69,libsync_seams-e93d603ac693d86f,libpmsignal-c18da958b011b4aa,libpostmaster_seams-07c407d593a879f3,libtableam_seams-ec4ad685255ee37b,libtableam_vocab-f18f98f2860f1c35,libsyncscan_seams-fe5009ec4f7e4c9c,libtypes_slot-47d2085a32e6bfe5,libaclchk_seams-27d67368cd9c948e,libnbt_compare-87ecd1b5da63f4cc,libtypes_array-59663e5e53b8f5a6,libhashfn-4e63fe68fa5afe70,libpqformat-0706a6d17b2f35cc,libmbutils-25b1d1e57b4ede11,libreadfuncs-177e69096729627c,libtypcache_seams-78ba46f77610d4d2,libformat_type-10e5741048cf319d,libfmgr_seams-239931a2818b2323,libnamespace_seams-96bd7c70de246340,libkeywords-34ced61acfdc144d,libtypes_pathnodes-9297280bafd6e205,libnumutils-ca2c3d8bf259fad5,libqueryenvironment-36e4d3398e76dbe0,libtable-01fc7cc073b08662,libpg_class_seams-875e28574d6b0e0a,librelation_seams-b11b65e15f07a1ac,libtable_seams-de6ef45fa55f4356,librel_vocab-63fc9d1c19b7f3f3,libtypes_portal-86bb9a98d7465ec7,libtypes_nodes-2f2bbbedad1cf1a9,libwchar-730a1542d2a25cb6,libasync_seams-d1ea295ad0bd5d23,libtransam_seams-7dee6d5eefec0d22,libcommit_ts_seams-f21f0f8bb6a0b10b,liborigin_seams-a38749a07854803a,libstandby_seams-4d5c953a20920d36,libpgstat-961e9ea18494918c,libtwophase_seams-eaa1f71f8814e47f,libbackend_status_seams-f99c8e03234bdf4f,libslot_seams-6345520f62c98045,libmiscinit-54913cefb00206f1,libparallel_seams-ac2422d06e762a71,liblmgr_proc-6427e01d2d4d7c83,libautovacuum_seams-d658e6ff182c7882,libcondition_variable_seams-60b88573d7a53578,libsyncrep_seams-96fc96dc400f977b,liblock_seams-c18acdb6bcb6fb3a,libprocarray_seams-e5f3ae21f17bc6ac,libdeadlock_seams-a8034ac2699bcf20,libpmsignal_seams-a3c507ea47fb019a,liblwlock-091eaa2e3cdc93b5,libpg_sema_seams-635ab6199de6e6ec,libs_lock_seams-16438b4b8492401d,libpg_path-c92df880776c9813,liblibpq_pqsignal-19ad7e7af1c51bd3,libwaiteventset-a0f92565c1edb9e2,libpg_strong_random-df947762305e2188,liblatch-d8dc3c9f3d20414e,liblatch_seams-3dd8223ef62184a9,libprocsignal_seams-b551fd43f5fb9a00,libtimeout_seams-36f356bffcbae419,libwaiter-09d2e72aa83cca3c,liblmgr_proc_seams-1fe0854c72155662,libwaiteventset_seams-bc71c2e48fe3b5dc,libdfmgr-5b090352f40c516f,libshmem_seams-c3e37b0bf5524c6f,libfd-a252e1e5cd29898d,libresowner_seams-0c50ed7840f3c470,libpg_prng-392233ba56640d55,libpg_prng_seams-0de28d315faa0a8f,libaio_seams-a3c915b6d537207d,libwaitevent_seams-7e8d383033cddb49,libstartup_seams-b46c4a1f175c1e23,libpostgres_seams-1decdad7b04e33c4,libtablespace_seams-dffe27efd6966ba0,libvfs-ba9fd942a0706a22,libtimestamp_seams-8769c807ffb94618,libcatalog_storage_seams-dc64e68904e6f424,libinval-2a1a65612ed0b158,libinval_seams-a7db27d27facfb6b,librelmapper_seams-fc51dad5dbab2603,libsnapmgr_seams-b70faaf37e2b959b,libtypes_snapshot-f2438f62cfdb79a3,libcatcache_seams-2f92ef384147e7a1,libsyscache_seams-78ee4897a744abce,libcatalog_seams-e2acb76348dfcdbb,libinit_small-ef9c9d5d0a8c1208,libacl_seams-455a314aaeef6264,libxloginsert_seams-4a53fc77922b6ab8,libmiscinit_seams-ebfccaf8d955ff7c,libxact_seams-bb7a3d21b9fbd7a8,librelcache_seams-bfde55c02fa103fd,libjit_deform-d6be0d5cc36b41ea,libsinval_seams-726454a92bb24147,libtypes_resowner-b3658bfb1f7f327e,libxlogutils-f7dafa0fa7313b44,libxlogutils_seams-dd19b98b2fd2b396,libtransam_xlog_seams-7923cdc95803fc69,libfile_seams-94a82198b78a9d10,libtimeline_seams-9ee706e8938ed0b1,libsmgr_seams-e7ad749d3c208d30,libbufmgr_seams-e90c3ff825b0ef04,libxlogrecovery_seams-58833d067b127951,librelpath_seams-0c7948656bedfb74,libtypes_rel-198a6bc911f74509,libtypes_trigger-652f6ec8b283857f,libtypes_spgist-dd8843e3cfcf7dbb,libtypes_gist-0d5656e7438d24f8,libtypes_hash-7fbfa1b3e4f9cd8a,libtypes_bloom-90a79f2f84c03984,libtypes_nbtree-22927cd5b49d8c23,libtypes_scan-aadac3807e92c588,libtypes_fmgr-15a7af6bcfb5f519,libdetoast_seams-4f6bee22a1fe0174,libstringinfo-35cbaa895806325a,libtypes_tuple-a164e1a3a6942b6a,libelog-a877d3bcca017d83,libelog_seams-de02b77aa7ab07b4,libipc_seams-0cd45eff973aae57,libdatum-93fccccde6062ccd,libpgstat_seams-51d4022d5a0e57bf,libpqcomm_seams-9447855a6462a334,libmbutils_seams-a44a97e05a05debf,libinit_small_seams-85b89ec42ccb0a13,libsyslogger_seams-247fe9e13499a016,libtypes_startup-cd72d5ac62129009,libip-b6d88b556d9321f8,liberror_small_seams-345efdbaeec0007b,libpg_clock-329c724a2ddec8c6,libguc_tables-80bf517a77541901,libguc_seams-0971877aede49ea8,libtypes_guc-8912cfad37108023,libtypes_dest-d059a76f8d8c888e,libcrc32c-2d9a8ec9141a4e21,libxlogreader_seams-43a3aaef614e0a03,libseam_core-d26e0106a351aeef,libtypes_storage-59bab4963f754337,liblibc-1fec702575a82097,libpgsync-85521be7427eb0dc,libtypes_core-775902aa556dcd95,libmcx-448fae4c30b4f797,librustc_hash-4ad32aff0bc0dc49,libhashbrown-8fcfb73f1f52e8b0,libahash-f2cdf3f4692f6bb7,libonce_cell-a18764d3e4456760,libcfg_if-c0fdd5568c081294,libzerocopy-1ef84384eef5fce3,libtypes_error-ee668767750e7dc2,liballocator_api2-4c63d7a9357381ac,liblibfuzzer_sys-dc1febb8836c0ba8,libarbitrary-0bc829a0c7302f2b}.rlib" "<sysroot>/lib/rustlib/aarch64-unknown-linux-gnu/lib/{libstd-*,libpanic_unwind-*,libobject-*,libmemchr-*,libaddr2line-*,libgimli-*,libcfg_if-*,librustc_demangle-*,libstd_detect-*,libhashbrown-*,librustc_std_workspace_alloc-*,libminiz_oxide-*,libadler2-*,libunwind-*,liblibc-*,librustc_std_workspace_core-*,liballoc-*,libcore-*,libcompiler_builtins-*}.rlib" "-Wl,-Bdynamic" "-lstdc++" "-labsl_log_internal_check_op" "-labsl_log_internal_conditions" "-labsl_log_internal_message" "-labsl_examine_stack" "-labsl_log_internal_format" "-labsl_log_internal_proto" "-labsl_log_internal_nullguard" "-labsl_log_internal_log_sink_set" "-labsl_log_internal_globals" "-labsl_log_globals" "-labsl_log_sink" "-labsl_log_entry" "-labsl_strerror" "-labsl_vlog_config_internal" "-labsl_log_internal_fnmatch" "-labsl_flags_internal" "-labsl_flags_marshalling" "-labsl_flags_reflection" "-labsl_flags_private_handle_accessor" "-labsl_flags_commandlineflag" "-labsl_flags_commandlineflag_internal" "-labsl_flags_config" "-labsl_flags_program_name" "-labsl_cord" "-labsl_cordz_info" "-labsl_cord_internal" "-labsl_cordz_functions" "-labsl_cordz_handle" "-labsl_crc_cord_state" "-labsl_crc32c" "-labsl_crc_internal" "-labsl_crc_cpu_detect" "-labsl_raw_hash_set" "-labsl_hashtablez_sampler" "-labsl_exponential_biased" "-labsl_hash" "-labsl_city" "-labsl_bad_variant_access" "-labsl_low_level_hash" "-labsl_bad_optional_access" "-labsl_str_format_internal" "-labsl_synchronization" "-labsl_graphcycles_internal" "-labsl_kernel_timeout_internal" "-labsl_stacktrace" "-labsl_symbolize" "-labsl_debugging_internal" "-labsl_demangle_internal" "-labsl_demangle_rust" "-labsl_decode_rust_punycode" "-labsl_utf8_for_code_point" "-labsl_malloc_internal" "-labsl_time" "-labsl_civil_time" "-labsl_strings" "-labsl_strings_internal" "-labsl_string_view" "-labsl_base" "-latomic" "-lrt" "-labsl_spinlock_wait" "-labsl_int128" "-labsl_throw_delegate" "-labsl_raw_logging_internal" "-labsl_log_severity" "-labsl_time_zone" "-lstdc++" "-lgcc_s" "-lutil" "-lrt" "-lpthread" "-lm" "-ldl" "-lc" "-L" "/work/src/fuzz/target/aarch64-unknown-linux-gnu/release/deps/rustcPnddml/raw-dylibs" "-Wl,--eh-frame-hdr" "-Wl,-z,noexecstack" "-L" "/work/src/fuzz/target/aarch64-unknown-linux-gnu/release/build/decoder_fuzz-3e9bd349d077e8ca/out" "-L" "/work/src/fuzz/target/aarch64-unknown-linux-gnu/release/build/regexp_alt-5bf1a1806dea73f8/out" "-L" "/work/src/fuzz/target/aarch64-unknown-linux-gnu/release/build/openssl-sys-ca7f2fb5c1c26b08/out/openssl-build/install/lib" "-L" "/work/src/fuzz/target/aarch64-unknown-linux-gnu/release/build/libfuzzer-sys-b25806bf68759c69/out" "-L" "/usr/lib/aarch64-linux-gnu" "-L" "<sysroot>/lib/rustlib/aarch64-unknown-linux-gnu/lib" "-o" "/work/src/fuzz/target/aarch64-unknown-linux-gnu/release/deps/float_math_diff-304e6fdff8e4cc26" "-Wl,--gc-sections" "-pie" "-Wl,-z,relro,-z,now" "-Wl,-O1" "-nodefaultlibs"
  = note: some arguments are omitted. use `--verbose` to show all linker arguments
  = note: /usr/bin/ld: /work/src/fuzz/target/aarch64-unknown-linux-gnu/release/deps/libdecoder_fuzz-ce05a889a5992ba2.rlib(ef81103c4d9017e3-regcomp.o): in function `pg_reg_getcolor':
          /work/src/fuzz/core/csrc/regexfam/regc_color.c:121: multiple definition of `pg_reg_getcolor'; /work/src/fuzz/target/aarch64-unknown-linux-gnu/release/deps/libdecoder_fuzz-ce05a889a5992ba2.rlib(e5077b94270c8099-regcomp.o):/work/src/fuzz/core/csrc/jsonpath/regex/regc_color.c:121: first defined here
          /usr/bin/ld: /work/src/fuzz/target/aarch64-unknown-linux-gnu/release/deps/libdecoder_fuzz-ce05a889a5992ba2.rlib(ef81103c4d9017e3-regcomp.o): in function `pg_regcomp':
          /work/src/fuzz/core/csrc/regexfam/regcomp.c:394: multiple definition of `pg_regcomp'; /work/src/fuzz/target/aarch64-unknown-linux-gnu/release/deps/libdecoder_fuzz-ce05a889a5992ba2.rlib(e5077b94270c8099-regcomp.o):/work/src/fuzz/core/csrc/jsonpath/regex/regcomp.c:394: first defined here
          collect2: error: ld returned 1 exit status
          

error: could not compile `pgrust-fuzz` (bin "float_math_diff") due to 1 previous error
error: linking with `cc` failed: exit status: 1
  |
  = note:  "cc" "-Wl,--fix-cortex-a53-843419" "/work/src/fuzz/target/aarch64-unknown-linux-gnu/release/deps/rustcIp8LBj/symbols.o" "-Wl,-Bstatic" "-Wl,--whole-archive" "-Wl,<sysroot>/lib/rustlib/aarch64-unknown-linux-gnu/lib/librustc-nightly_rt.asan.a" "-Wl,--no-whole-archive" "<2 object files omitted>" "-Wl,--as-needed" "/work/src/fuzz/target/aarch64-unknown-linux-gnu/release/deps/{libdecoder_fuzz-ce05a889a5992ba2,libxlogstats-751e0da5e1d12ef5,libpg_rusage-20d5fb84d8ce7557,libcontrib_earthdistance-62171827053ec27a,libpg_class-4a6d74a6c018be9f,libadt_rowtypes-a4794d852ca6027f,libscram_common-e11945b252d3826e,libpg_hmac-4cf5c8b3660544ec,libpg_sha1-e4ca6845b132ea16,libpg_b64-4d5978aeedd9d3bb,libwait_error-20952b494fe498e5,libarchive-a18627a2a5d84afb,libpercentrepl-14ab69f0310df459,libadt_geo-6770d8d70fec2eca,libpairingheap-c8d2e4f2c7da0b75,libintegerset-e3da0542e1488698,libbloomfilter-e81e1605f0f67fc0,libbinaryheap-4dc7ef4b569319f9,libxlogreader-0774eb388464beff,librmgr-fad9988223b51953,liblogical_message-4eac03c06d1a2b7f,libgeneric_xlog-e29770827080434e,libbrin_xlog-bdf62fcd1cb87abc,libbrin_pageops-b4596e69677f7f87,libspgist_xlog-d9f4155fa0b1d70e,libsequence_xlog-05743c11ff92a433,libgist_xlog-3b3eece8531c3cee,libgin_xlog-36a8224f6febd836,libhash_xlog-dcf93c2afa663f9d,libbufmask-d06f2393833f248e,libnbtree_xlog-8cfa7438e78cf895,librmgrdesc-c4043fa165a7d526,libstorage_xlog-6ede242fb8cfb582,libheapam_xlog-9c35524373005f1e,libpruneheap_seams-47081c2a9ecbd3a0,libstandby-900217fb076bd0b3,libxloginsert-ea25e7b653828abf,libslot-60dbff37e2354a17,libwalsender_config-1719c72ed736c52a,libps_status-9e8889726683f83f,libfreespace-c3920503646f316e,libfreespace_seams-7f56535f44633dcd,libvisibilitymap-32a2e6569bc412e0,libcommit_ts-b0d58e618cb0dfff,libfmgr_core-345bb33faa105317,libconv-1dae4e1af62cf618,libtrigfuncs-c9e19c681e8fd12a,libtypes_trigger_call-35588c35d2ed97b8,libpseudorandomfuncs-67c698e5a90215b2,libsignalfuncs-f41bb49d497dd420,libwaitfuncs-70d504b29546b473,liblockfuncs-3a1fe98e0eeca55d,libpredicate-da6f72c0ac78ae26,libadt_mcxtfuncs-280bf97c42440099,libmcxt_stats-6a84a80cfcd3be07,libadt_amutils-a4cdc16282f73d8f,libindexam_seams-d8bb22ee1f6636ef,libadt_ascii-eccdac96bde76e14,libcryptohashfuncs-f2c90d9a9efbddd1,libpg_sha2-7e8cd0c77d2b2c05,libpg_md5-9db52add57f6c8c4,libcommands_async-fd7742ed07809705,libtransam_xlog-aa94f7f7c5323017,libinjection_point-c19b8749c9895034,librewriteheap_seams-d025aa8c57ea5068,libreorderbuffer_seams-9732aa01e7fde36a,libwalsummarizer_seams-6aeff26758f7186b,libxlogarchive_seams-7b0a832e106e8c60,libcontroldata_utils-523f399c49868f8d,libxlogbackup-8eba4de1aabd6e15,libtransam-c8c93940c9321f01,libsubtrans-d18560baacc801f7,libadt_windowfuncs-efe92700a9d2545d,libname-9e433ee477e7c01c,libforeigncmds_seams-ebb06d7c63af3998,libextension_seams-b0fd0f0a1d3a93c0,libsequence_seams-2c2a544d9093595c,libpgstatfuncs-b04b02f61f2e4a7b,libxlogprefetcher_seams-99fd18a890a886bd,libwalreceiverfuncs_seams-e0c5686b2051d7ef,libbackend_status-412528491437a786,libbe_secure_openssl-5908e0e39e09f225,libpqcomm-8a383ca6fde8c625,libbe_secure_seams-fe1b9b96b09e4466,libbe_secure_common-9429915839f943ff,libopenssl-fae5147777c6f4ce,libbitflags-7ebc804116e5816e,libopenssl_sys-ed0af80f67595b71,libforeign_types-b85e7f622934b2fe,libforeign_types_shared-38fd452ebcc86072,libadt_varchar-d8aa7255f06540a8,libadt_quote-621f7e32f97e7463,libadt_pseudotypes-2e18886c0b5dc799,libadt_multirangetypes-60ba15774a1dc699,libadt_rangetypes-7ebc71c4eb6f3b94,libadt_network-e3b47774bda3f958,libdict_snowball-9f295a918c174ab5,libto_tsany-e38e9d66985e2211,libtsearch_spell-e40d364dda594880,libtsearch_dict-546994c9fe9bcd00,libwparser_def-ba8276c53d5319e0,libts_parse-d880d934b65e18b5,libts_cache-ffc0bedfce3f6662,libadt_regproc-ae9bd46cc2b19582,libregproc_seams-a8fff65d50bd9de4,libadt_tsrank-839dd70ac7abf87a,libadt_tsquery_core-5eb6058771e99226,libts_locale-f060694c1bc9854a,libadt_tsvector_core-8c26b52d654d248c,libadt_uuid-82d4a732bd9d012b,libdbsize-c2af8ac5afbe9907,librelfilenumbermap_seams-f6debd771440e4cd,librelpath-9ec1189d3d86781f,libxid8funcs-6c1de2dea05a15d0,libsnapmgr-ff16b3f223ddc07a,libprocarray-8af40a7ac99f732e,libadt_xml-7885107d78b1e53c,libadt_pg_lsn-c572c8e8e8902a4b,libadt_mac8-e7a2c3dd72991dfb,libadt_mac-39025185d703e9b2,libhbafuncs-5eaccc04f08b367c,libhba-3672706d996ff1ab,libauth_seams-1916e803525ce1d1,libhba_seams-00104f5e69d7a5a9,libifaddr-93fd4f69f9aff974,libadt_like-5d51c68fd0f83f92,libadt_jsonpath_exec-fe866fc3ae5e88be,libadt_regexp-b3ec604bfa858e13,libadt_jsonb-ec6e3a47cb2377c2,libgin_vocab-f305ccf087b97584,libtidbitmap-7b706235bc1f465d,libadt_jsonpath-d180883822b503d7,libregex_core-3705cff49e009ba1,libadt_json-ec33ef0df434fa21,libstack_depth-27af14c65c988a30,libadt_int-63f2744e582633ba,libadt_formatting-36a3f90d9b0d447b,libformatting_seams-545f741a627533c8,libadt_oracle_compat-fa9e5433034081d8,libadt_enum-4f4fd6de48c45986,libadt_encode-6197461d2a6b5ba3,libadt_date-d2a38c8d333598be,libadt_timestamp-371a1f98486da2b8,libstrftime-e9fd6ab59fff8820,libadt_datetime-658322d92d783542,libadt_domains-266e7086030b7def,libadt_char-3b14674b283f677d,libadt_cash-1ebbefa4080cd447,libadt_int8-cd615ebe985a22a7,libpg_locale-d7da641d2eeb634b,libunicode_case-ad6d4d9d4a617d3f,libpg_database_seams-e5f2c863976f4ca0,libarray_userfuncs-717cfb4089e3c0cb,libtuplesort_seams-ba45215515fc6034,libadt_bool-aea0cb7f23dbd10d,libtypes_brin-39f37e8e095f8a7a,libxact-5e3b3c236913193c,libvarsup-8fe8ce9a59ffbef6,libclog-5501dbc57bd031fb,libsnapbuild_seams-6c013334b39a10fb,liblogical_seams-497aadc4a35ed3bc,libcatalog_index_seams-a3fe73568af909d6,libbackend_progress_seams-9b5e63ecd9d45bee,libwaitevent-38efbcd9ec05d92b,liblogical_worker_seams-26ef86b6cf2b281e,liblauncher_seams-dd70cf89f86049a0,libcombocid_seams-e5baae2a3e70cffe,libsmgr-1c643f8d331ecad2,libmd-ae94ff8f2cadd388,librelmapper-23fbac0823eee1c9,libbe_fsstubs_seams-278c31eb720a825c,libtablecmds_seams-05cf293c8b8f0360,libportalmem-e99086726944e256,libsnapmgr_portal_seams-ef55f7b844a574dd,libexecmain_seams-de33e8b483c40ec6,libtcop_dest-65585d3dd3aef587,libcmdtag-94ef0535e8219814,libtqueue-0039d12300b8ec7e,libshm_mq-14779e2cd93dae94,libbgworker_seams-3910a5a00219659e,libexplain_dr-16ea723154065e4b,libinstrument-dc30d2505cd4d2dc,libbufmgr-3bce7b013903a886,libcheckpointer_seams-cc028aeeec209894,liblmgr-9c7acf83790a8736,libsubtrans_seams-59265c536a80b2f3,libaio_core-de6c4e5a6097acd4,libinterrupt-38d3980f2c7fe6ab,libipc-82b590ecb4558ba3,libipc_portal_seams-911dd6c6ad3fc6d3,libdsm_core-c69b394d07ee266f,libshmem-6222aa5bc5682f2f,libcondition_variable-551023ba9708fa91,libsql_functions_seams-0cf76159c92a51e4,libmatview_seams-f805ecf75afb281c,libcopy_seams-03ce06d5d4c1a4e8,libcreateas_seams-f3afe654c8e93372,libtstore_receiver-93602af11dc46125,libprinttup-094cce499a4be644,libpquery_seams-4b59d06ab36c6530,libportalcmds_seams-abd0b60962f45e3f,libplancache_portal_seams-604c3d966e852885,libxact_portal_seams-b671cb3e61822c1a,libfuncapi-4acece017d555b7a,libvarlena-3e84fd725164268e,libunicode_category-dfec1a8d82487208,libregex_core_seams-a54144c22a29fa2b,libregexp_seams-9aaa77a6ed36cc52,libregexp_alt-3cc5f4aa2c5a3e39,libmemchr-c1c772b32af6edef,libpg_bitutils-9ce59e6b55523d7f,libdetoast-a6f928a7c6233408,libpglz-c8227b10ae339654,libtoast_internals_seams-6631d4db878060c3,libpg_locale_seams-221c9a85607b3109,libunicode_norm-7f6b4be9cad93f64,libregex-987d3ec8914d4d31,libtuplestore-201f1a6ed4993348,libtuplestore_hold_seams-bf2672819177a738,libexectuples-3aeddedafd87c47a,libheaptuple-5957a1ebe22bfbc7,libtimeout-9150c990922f4fbe,libtrigger_seams-d000aefe41a70698,libguc-48a902909ab71434,libpgtz-0d88a5c1e3790126,libpgstrcasecmp-2d5bb6be4fe7b86e,liblocaltime-341b4404e092079d,libpgtz_seams-f0e0dbef2bc28d8b,libscalar_seams-42fdf2d69617cad9,libsuperuser_seams-81500230d63c6a02,libguc_file-c2985d12cbf7e82a,libguc_file_seams-e8aca69bd1f9d253,libconffiles_seams-c29f80cc71679feb,libspi_seams-81d2b0765ffc914d,liblock-a998a0225ac98854,libps_status_seams-72f10f0dbd65b7d2,liblmgr_seams-1a79c35fb1cfbef7,libresowner-ef03c35853dd68ec,libpredicate_seams-c7b45f32a048a94b,libresowner_portal_seams-b82e655cb4ba409c,libdynahash-f4d66d07cdf307df,libsinval-c27d9ba00d3703d2,libprocsignal-da775a5ce88fdc3b,libmcxt_seams-81a2deab41c5eeec,libwalsender_seams-3d1a18e975900d34,librepl_gram-a2199896fa5c1d76,librepl_scanner-eb82b5c8e290a00d,libparser_small1-6d5c41648578a87b,libadt_varbit-763a5ac151cf7445,libadt_numeric-934f6409ec5bfd07,libadt_float-3fc7250784ec32e1,libryu-f5d470691987cf73,libarrayfuncs-4f297e6f89959646,libtypcache-49d856501846daec,libtupdesc-192425bf6f010279,libindexcmds_seams-736107446b539416,libpg_enum_seams-442ef6258f485f49,libclauses_seams-79cf714c66cc6c7e,libfuncapi_srf-d37264ad11afdbc0,libpg_string-d847d957c8f91f2f,libstring_seams-5bf94cd301ca945d,libarrayutils-deebecef087bc0f4,libhyperloglog-2e613e81959b08d4,libnodes_core-6e9be101c8406416,liboutfuncs-44085880e8f5950f,liblsyscache-4aaba22eb13eeef0,liblsyscache_seams-725e2abc6a5ce575,libadt_scalar-82ff5f39715b115f,libmultixact-540b68f415c3801a,libmultixact_seams-b3ddb6c44af60829,libvarsup_seams-87311dda0148a36d,libdbcommands_seams-434e0cf410b96bc9,libslru-7232ed979a5a7c69,libsync_seams-e93d603ac693d86f,libpmsignal-c18da958b011b4aa,libpostmaster_seams-07c407d593a879f3,libtableam_seams-ec4ad685255ee37b,libtableam_vocab-f18f98f2860f1c35,libsyncscan_seams-fe5009ec4f7e4c9c,libtypes_slot-47d2085a32e6bfe5,libaclchk_seams-27d67368cd9c948e,libnbt_compare-87ecd1b5da63f4cc,libtypes_array-59663e5e53b8f5a6,libhashfn-4e63fe68fa5afe70,libpqformat-0706a6d17b2f35cc,libmbutils-25b1d1e57b4ede11,libreadfuncs-177e69096729627c,libtypcache_seams-78ba46f77610d4d2,libformat_type-10e5741048cf319d,libfmgr_seams-239931a2818b2323,libnamespace_seams-96bd7c70de246340,libkeywords-34ced61acfdc144d,libtypes_pathnodes-9297280bafd6e205,libnumutils-ca2c3d8bf259fad5,libqueryenvironment-36e4d3398e76dbe0,libtable-01fc7cc073b08662,libpg_class_seams-875e28574d6b0e0a,librelation_seams-b11b65e15f07a1ac,libtable_seams-de6ef45fa55f4356,librel_vocab-63fc9d1c19b7f3f3,libtypes_portal-86bb9a98d7465ec7,libtypes_nodes-2f2bbbedad1cf1a9,libwchar-730a1542d2a25cb6,libasync_seams-d1ea295ad0bd5d23,libtransam_seams-7dee6d5eefec0d22,libcommit_ts_seams-f21f0f8bb6a0b10b,liborigin_seams-a38749a07854803a,libstandby_seams-4d5c953a20920d36,libpgstat-961e9ea18494918c,libtwophase_seams-eaa1f71f8814e47f,libbackend_status_seams-f99c8e03234bdf4f,libslot_seams-6345520f62c98045,libmiscinit-54913cefb00206f1,libparallel_seams-ac2422d06e762a71,liblmgr_proc-6427e01d2d4d7c83,libautovacuum_seams-d658e6ff182c7882,libcondition_variable_seams-60b88573d7a53578,libsyncrep_seams-96fc96dc400f977b,liblock_seams-c18acdb6bcb6fb3a,libprocarray_seams-e5f3ae21f17bc6ac,libdeadlock_seams-a8034ac2699bcf20,libpmsignal_seams-a3c507ea47fb019a,liblwlock-091eaa2e3cdc93b5,libpg_sema_seams-635ab6199de6e6ec,libs_lock_seams-16438b4b8492401d,libpg_path-c92df880776c9813,liblibpq_pqsignal-19ad7e7af1c51bd3,libwaiteventset-a0f92565c1edb9e2,libpg_strong_random-df947762305e2188,liblatch-d8dc3c9f3d20414e,liblatch_seams-3dd8223ef62184a9,libprocsignal_seams-b551fd43f5fb9a00,libtimeout_seams-36f356bffcbae419,libwaiter-09d2e72aa83cca3c,liblmgr_proc_seams-1fe0854c72155662,libwaiteventset_seams-bc71c2e48fe3b5dc,libdfmgr-5b090352f40c516f,libshmem_seams-c3e37b0bf5524c6f,libfd-a252e1e5cd29898d,libresowner_seams-0c50ed7840f3c470,libpg_prng-392233ba56640d55,libpg_prng_seams-0de28d315faa0a8f,libaio_seams-a3c915b6d537207d,libwaitevent_seams-7e8d383033cddb49,libstartup_seams-b46c4a1f175c1e23,libpostgres_seams-1decdad7b04e33c4,libtablespace_seams-dffe27efd6966ba0,libvfs-ba9fd942a0706a22,libtimestamp_seams-8769c807ffb94618,libcatalog_storage_seams-dc64e68904e6f424,libinval-2a1a65612ed0b158,libinval_seams-a7db27d27facfb6b,librelmapper_seams-fc51dad5dbab2603,libsnapmgr_seams-b70faaf37e2b959b,libtypes_snapshot-f2438f62cfdb79a3,libcatcache_seams-2f92ef384147e7a1,libsyscache_seams-78ee4897a744abce,libcatalog_seams-e2acb76348dfcdbb,libinit_small-ef9c9d5d0a8c1208,libacl_seams-455a314aaeef6264,libxloginsert_seams-4a53fc77922b6ab8,libmiscinit_seams-ebfccaf8d955ff7c,libxact_seams-bb7a3d21b9fbd7a8,librelcache_seams-bfde55c02fa103fd,libjit_deform-d6be0d5cc36b41ea,libsinval_seams-726454a92bb24147,libtypes_resowner-b3658bfb1f7f327e,libxlogutils-f7dafa0fa7313b44,libxlogutils_seams-dd19b98b2fd2b396,libtransam_xlog_seams-7923cdc95803fc69,libfile_seams-94a82198b78a9d10,libtimeline_seams-9ee706e8938ed0b1,libsmgr_seams-e7ad749d3c208d30,libbufmgr_seams-e90c3ff825b0ef04,libxlogrecovery_seams-58833d067b127951,librelpath_seams-0c7948656bedfb74,libtypes_rel-198a6bc911f74509,libtypes_trigger-652f6ec8b283857f,libtypes_spgist-dd8843e3cfcf7dbb,libtypes_gist-0d5656e7438d24f8,libtypes_hash-7fbfa1b3e4f9cd8a,libtypes_bloom-90a79f2f84c03984,libtypes_nbtree-22927cd5b49d8c23,libtypes_scan-aadac3807e92c588,libtypes_fmgr-15a7af6bcfb5f519,libdetoast_seams-4f6bee22a1fe0174,libstringinfo-35cbaa895806325a,libtypes_tuple-a164e1a3a6942b6a,libelog-a877d3bcca017d83,libelog_seams-de02b77aa7ab07b4,libipc_seams-0cd45eff973aae57,libdatum-93fccccde6062ccd,libpgstat_seams-51d4022d5a0e57bf,libpqcomm_seams-9447855a6462a334,libmbutils_seams-a44a97e05a05debf,libinit_small_seams-85b89ec42ccb0a13,libsyslogger_seams-247fe9e13499a016,libtypes_startup-cd72d5ac62129009,libip-b6d88b556d9321f8,liberror_small_seams-345efdbaeec0007b,libpg_clock-329c724a2ddec8c6,libguc_tables-80bf517a77541901,libguc_seams-0971877aede49ea8,libtypes_guc-8912cfad37108023,libtypes_dest-d059a76f8d8c888e,libcrc32c-2d9a8ec9141a4e21,libxlogreader_seams-43a3aaef614e0a03,libseam_core-d26e0106a351aeef,libtypes_storage-59bab4963f754337,liblibc-1fec702575a82097,libpgsync-85521be7427eb0dc,libtypes_core-775902aa556dcd95,libmcx-448fae4c30b4f797,librustc_hash-4ad32aff0bc0dc49,libhashbrown-8fcfb73f1f52e8b0,libahash-f2cdf3f4692f6bb7,libonce_cell-a18764d3e4456760,libcfg_if-c0fdd5568c081294,libzerocopy-1ef84384eef5fce3,libtypes_error-ee668767750e7dc2,liballocator_api2-4c63d7a9357381ac,liblibfuzzer_sys-dc1febb8836c0ba8,libarbitrary-0bc829a0c7302f2b}.rlib" "<sysroot>/lib/rustlib/aarch64-unknown-linux-gnu/lib/{libstd-*,libpanic_unwind-*,libobject-*,libmemchr-*,libaddr2line-*,libgimli-*,libcfg_if-*,librustc_demangle-*,libstd_detect-*,libhashbrown-*,librustc_std_workspace_alloc-*,libminiz_oxide-*,libadler2-*,libunwind-*,liblibc-*,librustc_std_workspace_core-*,liballoc-*,libcore-*,libcompiler_builtins-*}.rlib" "-Wl,-Bdynamic" "-lstdc++" "-labsl_log_internal_check_op" "-labsl_log_internal_conditions" "-labsl_log_internal_message" "-labsl_examine_stack" "-labsl_log_internal_format" "-labsl_log_internal_proto" "-labsl_log_internal_nullguard" "-labsl_log_internal_log_sink_set" "-labsl_log_internal_globals" "-labsl_log_globals" "-labsl_log_sink" "-labsl_log_entry" "-labsl_strerror" "-labsl_vlog_config_internal" "-labsl_log_internal_fnmatch" "-labsl_flags_internal" "-labsl_flags_marshalling" "-labsl_flags_reflection" "-labsl_flags_private_handle_accessor" "-labsl_flags_commandlineflag" "-labsl_flags_commandlineflag_internal" "-labsl_flags_config" "-labsl_flags_program_name" "-labsl_cord" "-labsl_cordz_info" "-labsl_cord_internal" "-labsl_cordz_functions" "-labsl_cordz_handle" "-labsl_crc_cord_state" "-labsl_crc32c" "-labsl_crc_internal" "-labsl_crc_cpu_detect" "-labsl_raw_hash_set" "-labsl_hashtablez_sampler" "-labsl_exponential_biased" "-labsl_hash" "-labsl_city" "-labsl_bad_variant_access" "-labsl_low_level_hash" "-labsl_bad_optional_access" "-labsl_str_format_internal" "-labsl_synchronization" "-labsl_graphcycles_internal" "-labsl_kernel_timeout_internal" "-labsl_stacktrace" "-labsl_symbolize" "-labsl_debugging_internal" "-labsl_demangle_internal" "-labsl_demangle_rust" "-labsl_decode_rust_punycode" "-labsl_utf8_for_code_point" "-labsl_malloc_internal" "-labsl_time" "-labsl_civil_time" "-labsl_strings" "-labsl_strings_internal" "-labsl_string_view" "-labsl_base" "-latomic" "-lrt" "-labsl_spinlock_wait" "-labsl_int128" "-labsl_throw_delegate" "-labsl_raw_logging_internal" "-labsl_log_severity" "-labsl_time_zone" "-lstdc++" "-lgcc_s" "-lutil" "-lrt" "-lpthread" "-lm" "-ldl" "-lc" "-L" "/work/src/fuzz/target/aarch64-unknown-linux-gnu/release/deps/rustcIp8LBj/raw-dylibs" "-Wl,--eh-frame-hdr" "-Wl,-z,noexecstack" "-L" "/work/src/fuzz/target/aarch64-unknown-linux-gnu/release/build/decoder_fuzz-3e9bd349d077e8ca/out" "-L" "/work/src/fuzz/target/aarch64-unknown-linux-gnu/release/build/regexp_alt-5bf1a1806dea73f8/out" "-L" "/work/src/fuzz/target/aarch64-unknown-linux-gnu/release/build/openssl-sys-ca7f2fb5c1c26b08/out/openssl-build/install/lib" "-L" "/work/src/fuzz/target/aarch64-unknown-linux-gnu/release/build/libfuzzer-sys-b25806bf68759c69/out" "-L" "/usr/lib/aarch64-linux-gnu" "-L" "<sysroot>/lib/rustlib/aarch64-unknown-linux-gnu/lib" "-o" "/work/src/fuzz/target/aarch64-unknown-linux-gnu/release/deps/float_out_diff-5a76917321b6d89a" "-Wl,--gc-sections" "-pie" "-Wl,-z,relro,-z,now" "-Wl,-O1" "-nodefaultlibs"
  = note: some arguments are omitted. use `--verbose` to show all linker arguments
  = note: /usr/bin/ld: /work/src/fuzz/target/aarch64-unknown-linux-gnu/release/deps/libdecoder_fuzz-ce05a889a5992ba2.rlib(ef81103c4d9017e3-regcomp.o): in function `pg_reg_getcolor':
          /work/src/fuzz/core/csrc/regexfam/regc_color.c:121: multiple definition of `pg_reg_getcolor'; /work/src/fuzz/target/aarch64-unknown-linux-gnu/release/deps/libdecoder_fuzz-ce05a889a5992ba2.rlib(e5077b94270c8099-regcomp.o):/work/src/fuzz/core/csrc/jsonpath/regex/regc_color.c:121: first defined here
          /usr/bin/ld: /work/src/fuzz/target/aarch64-unknown-linux-gnu/release/deps/libdecoder_fuzz-ce05a889a5992ba2.rlib(ef81103c4d9017e3-regcomp.o): in function `pg_regcomp':
          /work/src/fuzz/core/csrc/regexfam/regcomp.c:394: multiple definition of `pg_regcomp'; /work/src/fuzz/target/aarch64-unknown-linux-gnu/release/deps/libdecoder_fuzz-ce05a889a5992ba2.rlib(e5077b94270c8099-regcomp.o):/work/src/fuzz/core/csrc/jsonpath/regex/regcomp.c:394: first defined here
          collect2: error: ld returned 1 exit status
          

error: linking with `cc` failed: exit status: 1
  |
  = note:  "cc" "-Wl,--fix-cortex-a53-843419" "/work/src/fuzz/target/aarch64-unknown-linux-gnu/release/deps/rustcwOd0nJ/symbols.o" "-Wl,-Bstatic" "-Wl,--whole-archive" "-Wl,<sysroot>/lib/rustlib/aarch64-unknown-linux-gnu/lib/librustc-nightly_rt.asan.a" "-Wl,--no-whole-archive" "<2 object files omitted>" "-Wl,--as-needed" "/work/src/fuzz/target/aarch64-unknown-linux-gnu/release/deps/{libdecoder_fuzz-ce05a889a5992ba2,libxlogstats-751e0da5e1d12ef5,libpg_rusage-20d5fb84d8ce7557,libcontrib_earthdistance-62171827053ec27a,libpg_class-4a6d74a6c018be9f,libadt_rowtypes-a4794d852ca6027f,libscram_common-e11945b252d3826e,libpg_hmac-4cf5c8b3660544ec,libpg_sha1-e4ca6845b132ea16,libpg_b64-4d5978aeedd9d3bb,libwait_error-20952b494fe498e5,libarchive-a18627a2a5d84afb,libpercentrepl-14ab69f0310df459,libadt_geo-6770d8d70fec2eca,libpairingheap-c8d2e4f2c7da0b75,libintegerset-e3da0542e1488698,libbloomfilter-e81e1605f0f67fc0,libbinaryheap-4dc7ef4b569319f9,libxlogreader-0774eb388464beff,librmgr-fad9988223b51953,liblogical_message-4eac03c06d1a2b7f,libgeneric_xlog-e29770827080434e,libbrin_xlog-bdf62fcd1cb87abc,libbrin_pageops-b4596e69677f7f87,libspgist_xlog-d9f4155fa0b1d70e,libsequence_xlog-05743c11ff92a433,libgist_xlog-3b3eece8531c3cee,libgin_xlog-36a8224f6febd836,libhash_xlog-dcf93c2afa663f9d,libbufmask-d06f2393833f248e,libnbtree_xlog-8cfa7438e78cf895,librmgrdesc-c4043fa165a7d526,libstorage_xlog-6ede242fb8cfb582,libheapam_xlog-9c35524373005f1e,libpruneheap_seams-47081c2a9ecbd3a0,libstandby-900217fb076bd0b3,libxloginsert-ea25e7b653828abf,libslot-60dbff37e2354a17,libwalsender_config-1719c72ed736c52a,libps_status-9e8889726683f83f,libfreespace-c3920503646f316e,libfreespace_seams-7f56535f44633dcd,libvisibilitymap-32a2e6569bc412e0,libcommit_ts-b0d58e618cb0dfff,libfmgr_core-345bb33faa105317,libconv-1dae4e1af62cf618,libtrigfuncs-c9e19c681e8fd12a,libtypes_trigger_call-35588c35d2ed97b8,libpseudorandomfuncs-67c698e5a90215b2,libsignalfuncs-f41bb49d497dd420,libwaitfuncs-70d504b29546b473,liblockfuncs-3a1fe98e0eeca55d,libpredicate-da6f72c0ac78ae26,libadt_mcxtfuncs-280bf97c42440099,libmcxt_stats-6a84a80cfcd3be07,libadt_amutils-a4cdc16282f73d8f,libindexam_seams-d8bb22ee1f6636ef,libadt_ascii-eccdac96bde76e14,libcryptohashfuncs-f2c90d9a9efbddd1,libpg_sha2-7e8cd0c77d2b2c05,libpg_md5-9db52add57f6c8c4,libcommands_async-fd7742ed07809705,libtransam_xlog-aa94f7f7c5323017,libinjection_point-c19b8749c9895034,librewriteheap_seams-d025aa8c57ea5068,libreorderbuffer_seams-9732aa01e7fde36a,libwalsummarizer_seams-6aeff26758f7186b,libxlogarchive_seams-7b0a832e106e8c60,libcontroldata_utils-523f399c49868f8d,libxlogbackup-8eba4de1aabd6e15,libtransam-c8c93940c9321f01,libsubtrans-d18560baacc801f7,libadt_windowfuncs-efe92700a9d2545d,libname-9e433ee477e7c01c,libforeigncmds_seams-ebb06d7c63af3998,libextension_seams-b0fd0f0a1d3a93c0,libsequence_seams-2c2a544d9093595c,libpgstatfuncs-b04b02f61f2e4a7b,libxlogprefetcher_seams-99fd18a890a886bd,libwalreceiverfuncs_seams-e0c5686b2051d7ef,libbackend_status-412528491437a786,libbe_secure_openssl-5908e0e39e09f225,libpqcomm-8a383ca6fde8c625,libbe_secure_seams-fe1b9b96b09e4466,libbe_secure_common-9429915839f943ff,libopenssl-fae5147777c6f4ce,libbitflags-7ebc804116e5816e,libopenssl_sys-ed0af80f67595b71,libforeign_types-b85e7f622934b2fe,libforeign_types_shared-38fd452ebcc86072,libadt_varchar-d8aa7255f06540a8,libadt_quote-621f7e32f97e7463,libadt_pseudotypes-2e18886c0b5dc799,libadt_multirangetypes-60ba15774a1dc699,libadt_rangetypes-7ebc71c4eb6f3b94,libadt_network-e3b47774bda3f958,libdict_snowball-9f295a918c174ab5,libto_tsany-e38e9d66985e2211,libtsearch_spell-e40d364dda594880,libtsearch_dict-546994c9fe9bcd00,libwparser_def-ba8276c53d5319e0,libts_parse-d880d934b65e18b5,libts_cache-ffc0bedfce3f6662,libadt_regproc-ae9bd46cc2b19582,libregproc_seams-a8fff65d50bd9de4,libadt_tsrank-839dd70ac7abf87a,libadt_tsquery_core-5eb6058771e99226,libts_locale-f060694c1bc9854a,libadt_tsvector_core-8c26b52d654d248c,libadt_uuid-82d4a732bd9d012b,libdbsize-c2af8ac5afbe9907,librelfilenumbermap_seams-f6debd771440e4cd,librelpath-9ec1189d3d86781f,libxid8funcs-6c1de2dea05a15d0,libsnapmgr-ff16b3f223ddc07a,libprocarray-8af40a7ac99f732e,libadt_xml-7885107d78b1e53c,libadt_pg_lsn-c572c8e8e8902a4b,libadt_mac8-e7a2c3dd72991dfb,libadt_mac-39025185d703e9b2,libhbafuncs-5eaccc04f08b367c,libhba-3672706d996ff1ab,libauth_seams-1916e803525ce1d1,libhba_seams-00104f5e69d7a5a9,libifaddr-93fd4f69f9aff974,libadt_like-5d51c68fd0f83f92,libadt_jsonpath_exec-fe866fc3ae5e88be,libadt_regexp-b3ec604bfa858e13,libadt_jsonb-ec6e3a47cb2377c2,libgin_vocab-f305ccf087b97584,libtidbitmap-7b706235bc1f465d,libadt_jsonpath-d180883822b503d7,libregex_core-3705cff49e009ba1,libadt_json-ec33ef0df434fa21,libstack_depth-27af14c65c988a30,libadt_int-63f2744e582633ba,libadt_formatting-36a3f90d9b0d447b,libformatting_seams-545f741a627533c8,libadt_oracle_compat-fa9e5433034081d8,libadt_enum-4f4fd6de48c45986,libadt_encode-6197461d2a6b5ba3,libadt_date-d2a38c8d333598be,libadt_timestamp-371a1f98486da2b8,libstrftime-e9fd6ab59fff8820,libadt_datetime-658322d92d783542,libadt_domains-266e7086030b7def,libadt_char-3b14674b283f677d,libadt_cash-1ebbefa4080cd447,libadt_int8-cd615ebe985a22a7,libpg_locale-d7da641d2eeb634b,libunicode_case-ad6d4d9d4a617d3f,libpg_database_seams-e5f2c863976f4ca0,libarray_userfuncs-717cfb4089e3c0cb,libtuplesort_seams-ba45215515fc6034,libadt_bool-aea0cb7f23dbd10d,libtypes_brin-39f37e8e095f8a7a,libxact-5e3b3c236913193c,libvarsup-8fe8ce9a59ffbef6,libclog-5501dbc57bd031fb,libsnapbuild_seams-6c013334b39a10fb,liblogical_seams-497aadc4a35ed3bc,libcatalog_index_seams-a3fe73568af909d6,libbackend_progress_seams-9b5e63ecd9d45bee,libwaitevent-38efbcd9ec05d92b,liblogical_worker_seams-26ef86b6cf2b281e,liblauncher_seams-dd70cf89f86049a0,libcombocid_seams-e5baae2a3e70cffe,libsmgr-1c643f8d331ecad2,libmd-ae94ff8f2cadd388,librelmapper-23fbac0823eee1c9,libbe_fsstubs_seams-278c31eb720a825c,libtablecmds_seams-05cf293c8b8f0360,libportalmem-e99086726944e256,libsnapmgr_portal_seams-ef55f7b844a574dd,libexecmain_seams-de33e8b483c40ec6,libtcop_dest-65585d3dd3aef587,libcmdtag-94ef0535e8219814,libtqueue-0039d12300b8ec7e,libshm_mq-14779e2cd93dae94,libbgworker_seams-3910a5a00219659e,libexplain_dr-16ea723154065e4b,libinstrument-dc30d2505cd4d2dc,libbufmgr-3bce7b013903a886,libcheckpointer_seams-cc028aeeec209894,liblmgr-9c7acf83790a8736,libsubtrans_seams-59265c536a80b2f3,libaio_core-de6c4e5a6097acd4,libinterrupt-38d3980f2c7fe6ab,libipc-82b590ecb4558ba3,libipc_portal_seams-911dd6c6ad3fc6d3,libdsm_core-c69b394d07ee266f,libshmem-6222aa5bc5682f2f,libcondition_variable-551023ba9708fa91,libsql_functions_seams-0cf76159c92a51e4,libmatview_seams-f805ecf75afb281c,libcopy_seams-03ce06d5d4c1a4e8,libcreateas_seams-f3afe654c8e93372,libtstore_receiver-93602af11dc46125,libprinttup-094cce499a4be644,libpquery_seams-4b59d06ab36c6530,libportalcmds_seams-abd0b60962f45e3f,libplancache_portal_seams-604c3d966e852885,libxact_portal_seams-b671cb3e61822c1a,libfuncapi-4acece017d555b7a,libvarlena-3e84fd725164268e,libunicode_category-dfec1a8d82487208,libregex_core_seams-a54144c22a29fa2b,libregexp_seams-9aaa77a6ed36cc52,libregexp_alt-3cc5f4aa2c5a3e39,libmemchr-c1c772b32af6edef,libpg_bitutils-9ce59e6b55523d7f,libdetoast-a6f928a7c6233408,libpglz-c8227b10ae339654,libtoast_internals_seams-6631d4db878060c3,libpg_locale_seams-221c9a85607b3109,libunicode_norm-7f6b4be9cad93f64,libregex-987d3ec8914d4d31,libtuplestore-201f1a6ed4993348,libtuplestore_hold_seams-bf2672819177a738,libexectuples-3aeddedafd87c47a,libheaptuple-5957a1ebe22bfbc7,libtimeout-9150c990922f4fbe,libtrigger_seams-d000aefe41a70698,libguc-48a902909ab71434,libpgtz-0d88a5c1e3790126,libpgstrcasecmp-2d5bb6be4fe7b86e,liblocaltime-341b4404e092079d,libpgtz_seams-f0e0dbef2bc28d8b,libscalar_seams-42fdf2d69617cad9,libsuperuser_seams-81500230d63c6a02,libguc_file-c2985d12cbf7e82a,libguc_file_seams-e8aca69bd1f9d253,libconffiles_seams-c29f80cc71679feb,libspi_seams-81d2b0765ffc914d,liblock-a998a0225ac98854,libps_status_seams-72f10f0dbd65b7d2,liblmgr_seams-1a79c35fb1cfbef7,libresowner-ef03c35853dd68ec,libpredicate_seams-c7b45f32a048a94b,libresowner_portal_seams-b82e655cb4ba409c,libdynahash-f4d66d07cdf307df,libsinval-c27d9ba00d3703d2,libprocsignal-da775a5ce88fdc3b,libmcxt_seams-81a2deab41c5eeec,libwalsender_seams-3d1a18e975900d34,librepl_gram-a2199896fa5c1d76,librepl_scanner-eb82b5c8e290a00d,libparser_small1-6d5c41648578a87b,libadt_varbit-763a5ac151cf7445,libadt_numeric-934f6409ec5bfd07,libadt_float-3fc7250784ec32e1,libryu-f5d470691987cf73,libarrayfuncs-4f297e6f89959646,libtypcache-49d856501846daec,libtupdesc-192425bf6f010279,libindexcmds_seams-736107446b539416,libpg_enum_seams-442ef6258f485f49,libclauses_seams-79cf714c66cc6c7e,libfuncapi_srf-d37264ad11afdbc0,libpg_string-d847d957c8f91f2f,libstring_seams-5bf94cd301ca945d,libarrayutils-deebecef087bc0f4,libhyperloglog-2e613e81959b08d4,libnodes_core-6e9be101c8406416,liboutfuncs-44085880e8f5950f,liblsyscache-4aaba22eb13eeef0,liblsyscache_seams-725e2abc6a5ce575,libadt_scalar-82ff5f39715b115f,libmultixact-540b68f415c3801a,libmultixact_seams-b3ddb6c44af60829,libvarsup_seams-87311dda0148a36d,libdbcommands_seams-434e0cf410b96bc9,libslru-7232ed979a5a7c69,libsync_seams-e93d603ac693d86f,libpmsignal-c18da958b011b4aa,libpostmaster_seams-07c407d593a879f3,libtableam_seams-ec4ad685255ee37b,libtableam_vocab-f18f98f2860f1c35,libsyncscan_seams-fe5009ec4f7e4c9c,libtypes_slot-47d2085a32e6bfe5,libaclchk_seams-27d67368cd9c948e,libnbt_compare-87ecd1b5da63f4cc,libtypes_array-59663e5e53b8f5a6,libhashfn-4e63fe68fa5afe70,libpqformat-0706a6d17b2f35cc,libmbutils-25b1d1e57b4ede11,libreadfuncs-177e69096729627c,libtypcache_seams-78ba46f77610d4d2,libformat_type-10e5741048cf319d,libfmgr_seams-239931a2818b2323,libnamespace_seams-96bd7c70de246340,libkeywords-34ced61acfdc144d,libtypes_pathnodes-9297280bafd6e205,libnumutils-ca2c3d8bf259fad5,libqueryenvironment-36e4d3398e76dbe0,libtable-01fc7cc073b08662,libpg_class_seams-875e28574d6b0e0a,librelation_seams-b11b65e15f07a1ac,libtable_seams-de6ef45fa55f4356,librel_vocab-63fc9d1c19b7f3f3,libtypes_portal-86bb9a98d7465ec7,libtypes_nodes-2f2bbbedad1cf1a9,libwchar-730a1542d2a25cb6,libasync_seams-d1ea295ad0bd5d23,libtransam_seams-7dee6d5eefec0d22,libcommit_ts_seams-f21f0f8bb6a0b10b,liborigin_seams-a38749a07854803a,libstandby_seams-4d5c953a20920d36,libpgstat-961e9ea18494918c,libtwophase_seams-eaa1f71f8814e47f,libbackend_status_seams-f99c8e03234bdf4f,libslot_seams-6345520f62c98045,libmiscinit-54913cefb00206f1,libparallel_seams-ac2422d06e762a71,liblmgr_proc-6427e01d2d4d7c83,libautovacuum_seams-d658e6ff182c7882,libcondition_variable_seams-60b88573d7a53578,libsyncrep_seams-96fc96dc400f977b,liblock_seams-c18acdb6bcb6fb3a,libprocarray_seams-e5f3ae21f17bc6ac,libdeadlock_seams-a8034ac2699bcf20,libpmsignal_seams-a3c507ea47fb019a,liblwlock-091eaa2e3cdc93b5,libpg_sema_seams-635ab6199de6e6ec,libs_lock_seams-16438b4b8492401d,libpg_path-c92df880776c9813,liblibpq_pqsignal-19ad7e7af1c51bd3,libwaiteventset-a0f92565c1edb9e2,libpg_strong_random-df947762305e2188,liblatch-d8dc3c9f3d20414e,liblatch_seams-3dd8223ef62184a9,libprocsignal_seams-b551fd43f5fb9a00,libtimeout_seams-36f356bffcbae419,libwaiter-09d2e72aa83cca3c,liblmgr_proc_seams-1fe0854c72155662,libwaiteventset_seams-bc71c2e48fe3b5dc,libdfmgr-5b090352f40c516f,libshmem_seams-c3e37b0bf5524c6f,libfd-a252e1e5cd29898d,libresowner_seams-0c50ed7840f3c470,libpg_prng-392233ba56640d55,libpg_prng_seams-0de28d315faa0a8f,libaio_seams-a3c915b6d537207d,libwaitevent_seams-7e8d383033cddb49,libstartup_seams-b46c4a1f175c1e23,libpostgres_seams-1decdad7b04e33c4,libtablespace_seams-dffe27efd6966ba0,libvfs-ba9fd942a0706a22,libtimestamp_seams-8769c807ffb94618,libcatalog_storage_seams-dc64e68904e6f424,libinval-2a1a65612ed0b158,libinval_seams-a7db27d27facfb6b,librelmapper_seams-fc51dad5dbab2603,libsnapmgr_seams-b70faaf37e2b959b,libtypes_snapshot-f2438f62cfdb79a3,libcatcache_seams-2f92ef384147e7a1,libsyscache_seams-78ee4897a744abce,libcatalog_seams-e2acb76348dfcdbb,libinit_small-ef9c9d5d0a8c1208,libacl_seams-455a314aaeef6264,libxloginsert_seams-4a53fc77922b6ab8,libmiscinit_seams-ebfccaf8d955ff7c,libxact_seams-bb7a3d21b9fbd7a8,librelcache_seams-bfde55c02fa103fd,libjit_deform-d6be0d5cc36b41ea,libsinval_seams-726454a92bb24147,libtypes_resowner-b3658bfb1f7f327e,libxlogutils-f7dafa0fa7313b44,libxlogutils_seams-dd19b98b2fd2b396,libtransam_xlog_seams-7923cdc95803fc69,libfile_seams-94a82198b78a9d10,libtimeline_seams-9ee706e8938ed0b1,libsmgr_seams-e7ad749d3c208d30,libbufmgr_seams-e90c3ff825b0ef04,libxlogrecovery_seams-58833d067b127951,librelpath_seams-0c7948656bedfb74,libtypes_rel-198a6bc911f74509,libtypes_trigger-652f6ec8b283857f,libtypes_spgist-dd8843e3cfcf7dbb,libtypes_gist-0d5656e7438d24f8,libtypes_hash-7fbfa1b3e4f9cd8a,libtypes_bloom-90a79f2f84c03984,libtypes_nbtree-22927cd5b49d8c23,libtypes_scan-aadac3807e92c588,libtypes_fmgr-15a7af6bcfb5f519,libdetoast_seams-4f6bee22a1fe0174,libstringinfo-35cbaa895806325a,libtypes_tuple-a164e1a3a6942b6a,libelog-a877d3bcca017d83,libelog_seams-de02b77aa7ab07b4,libipc_seams-0cd45eff973aae57,libdatum-93fccccde6062ccd,libpgstat_seams-51d4022d5a0e57bf,libpqcomm_seams-9447855a6462a334,libmbutils_seams-a44a97e05a05debf,libinit_small_seams-85b89ec42ccb0a13,libsyslogger_seams-247fe9e13499a016,libtypes_startup-cd72d5ac62129009,libip-b6d88b556d9321f8,liberror_small_seams-345efdbaeec0007b,libpg_clock-329c724a2ddec8c6,libguc_tables-80bf517a77541901,libguc_seams-0971877aede49ea8,libtypes_guc-8912cfad37108023,libtypes_dest-d059a76f8d8c888e,libcrc32c-2d9a8ec9141a4e21,libxlogreader_seams-43a3aaef614e0a03,libseam_core-d26e0106a351aeef,libtypes_storage-59bab4963f754337,liblibc-1fec702575a82097,libpgsync-85521be7427eb0dc,libtypes_core-775902aa556dcd95,libmcx-448fae4c30b4f797,librustc_hash-4ad32aff0bc0dc49,libhashbrown-8fcfb73f1f52e8b0,libahash-f2cdf3f4692f6bb7,libonce_cell-a18764d3e4456760,libcfg_if-c0fdd5568c081294,libzerocopy-1ef84384eef5fce3,libtypes_error-ee668767750e7dc2,liballocator_api2-4c63d7a9357381ac,liblibfuzzer_sys-dc1febb8836c0ba8,libarbitrary-0bc829a0c7302f2b}.rlib" "<sysroot>/lib/rustlib/aarch64-unknown-linux-gnu/lib/{libstd-*,libpanic_unwind-*,libobject-*,libmemchr-*,libaddr2line-*,libgimli-*,libcfg_if-*,librustc_demangle-*,libstd_detect-*,libhashbrown-*,librustc_std_workspace_alloc-*,libminiz_oxide-*,libadler2-*,libunwind-*,liblibc-*,librustc_std_workspace_core-*,liballoc-*,libcore-*,libcompiler_builtins-*}.rlib" "-Wl,-Bdynamic" "-lstdc++" "-labsl_log_internal_check_op" "-labsl_log_internal_conditions" "-labsl_log_internal_message" "-labsl_examine_stack" "-labsl_log_internal_format" "-labsl_log_internal_proto" "-labsl_log_internal_nullguard" "-labsl_log_internal_log_sink_set" "-labsl_log_internal_globals" "-labsl_log_globals" "-labsl_log_sink" "-labsl_log_entry" "-labsl_strerror" "-labsl_vlog_config_internal" "-labsl_log_internal_fnmatch" "-labsl_flags_internal" "-labsl_flags_marshalling" "-labsl_flags_reflection" "-labsl_flags_private_handle_accessor" "-labsl_flags_commandlineflag" "-labsl_flags_commandlineflag_internal" "-labsl_flags_config" "-labsl_flags_program_name" "-labsl_cord" "-labsl_cordz_info" "-labsl_cord_internal" "-labsl_cordz_functions" "-labsl_cordz_handle" "-labsl_crc_cord_state" "-labsl_crc32c" "-labsl_crc_internal" "-labsl_crc_cpu_detect" "-labsl_raw_hash_set" "-labsl_hashtablez_sampler" "-labsl_exponential_biased" "-labsl_hash" "-labsl_city" "-labsl_bad_variant_access" "-labsl_low_level_hash" "-labsl_bad_optional_access" "-labsl_str_format_internal" "-labsl_synchronization" "-labsl_graphcycles_internal" "-labsl_kernel_timeout_internal" "-labsl_stacktrace" "-labsl_symbolize" "-labsl_debugging_internal" "-labsl_demangle_internal" "-labsl_demangle_rust" "-labsl_decode_rust_punycode" "-labsl_utf8_for_code_point" "-labsl_malloc_internal" "-labsl_time" "-labsl_civil_time" "-labsl_strings" "-labsl_strings_internal" "-labsl_string_view" "-labsl_base" "-latomic" "-lrt" "-labsl_spinlock_wait" "-labsl_int128" "-labsl_throw_delegate" "-labsl_raw_logging_internal" "-labsl_log_severity" "-labsl_time_zone" "-lstdc++" "-lgcc_s" "-lutil" "-lrt" "-lpthread" "-lm" "-ldl" "-lc" "-L" "/work/src/fuzz/target/aarch64-unknown-linux-gnu/release/deps/rustcwOd0nJ/raw-dylibs" "-Wl,--eh-frame-hdr" "-Wl,-z,noexecstack" "-L" "/work/src/fuzz/target/aarch64-unknown-linux-gnu/release/build/decoder_fuzz-3e9bd349d077e8ca/out" "-L" "/work/src/fuzz/target/aarch64-unknown-linux-gnu/release/build/regexp_alt-5bf1a1806dea73f8/out" "-L" "/work/src/fuzz/target/aarch64-unknown-linux-gnu/release/build/openssl-sys-ca7f2fb5c1c26b08/out/openssl-build/install/lib" "-L" "/work/src/fuzz/target/aarch64-unknown-linux-gnu/release/build/libfuzzer-sys-b25806bf68759c69/out" "-L" "/usr/lib/aarch64-linux-gnu" "-L" "<sysroot>/lib/rustlib/aarch64-unknown-linux-gnu/lib" "-o" "/work/src/fuzz/target/aarch64-unknown-linux-gnu/release/deps/datetime_convert_diff-897c85207f1d00ea" "-Wl,--gc-sections" "-pie" "-Wl,-z,relro,-z,now" "-Wl,-O1" "-nodefaultlibs"
  = note: some arguments are omitted. use `--verbose` to show all linker arguments
  = note: /usr/bin/ld: /work/src/fuzz/target/aarch64-unknown-linux-gnu/release/deps/libdecoder_fuzz-ce05a889a5992ba2.rlib(ef81103c4d9017e3-regcomp.o): in function `pg_reg_getcolor':
          /work/src/fuzz/core/csrc/regexfam/regc_color.c:121: multiple definition of `pg_reg_getcolor'; /work/src/fuzz/target/aarch64-unknown-linux-gnu/release/deps/libdecoder_fuzz-ce05a889a5992ba2.rlib(e5077b94270c8099-regcomp.o):/work/src/fuzz/core/csrc/jsonpath/regex/regc_color.c:121: first defined here
          /usr/bin/ld: /work/src/fuzz/target/aarch64-unknown-linux-gnu/release/deps/libdecoder_fuzz-ce05a889a5992ba2.rlib(ef81103c4d9017e3-regcomp.o): in function `pg_regcomp':
          /work/src/fuzz/core/csrc/regexfam/regcomp.c:394: multiple definition of `pg_regcomp'; /work/src/fuzz/target/aarch64-unknown-linux-gnu/release/deps/libdecoder_fuzz-ce05a889a5992ba2.rlib(e5077b94270c8099-regcomp.o):/work/src/fuzz/core/csrc/jsonpath/regex/regcomp.c:394: first defined here
          collect2: error: ld returned 1 exit status
          

error: could not compile `pgrust-fuzz` (bin "datetime_convert_diff") due to 1 previous error
error: could not compile `pgrust-fuzz` (bin "float_out_diff") due to 1 previous error
error: linking with `cc` failed: exit status: 1
  |
  = note:  "cc" "-Wl,--fix-cortex-a53-843419" "/work/src/fuzz/target/aarch64-unknown-linux-gnu/release/deps/rustcFwymE2/symbols.o" "-Wl,-Bstatic" "-Wl,--whole-archive" "-Wl,<sysroot>/lib/rustlib/aarch64-unknown-linux-gnu/lib/librustc-nightly_rt.asan.a" "-Wl,--no-whole-archive" "<2 object files omitted>" "-Wl,--as-needed" "/work/src/fuzz/target/aarch64-unknown-linux-gnu/release/deps/{libdecoder_fuzz-ce05a889a5992ba2,libxlogstats-751e0da5e1d12ef5,libpg_rusage-20d5fb84d8ce7557,libcontrib_earthdistance-62171827053ec27a,libpg_class-4a6d74a6c018be9f,libadt_rowtypes-a4794d852ca6027f,libscram_common-e11945b252d3826e,libpg_hmac-4cf5c8b3660544ec,libpg_sha1-e4ca6845b132ea16,libpg_b64-4d5978aeedd9d3bb,libwait_error-20952b494fe498e5,libarchive-a18627a2a5d84afb,libpercentrepl-14ab69f0310df459,libadt_geo-6770d8d70fec2eca,libpairingheap-c8d2e4f2c7da0b75,libintegerset-e3da0542e1488698,libbloomfilter-e81e1605f0f67fc0,libbinaryheap-4dc7ef4b569319f9,libxlogreader-0774eb388464beff,librmgr-fad9988223b51953,liblogical_message-4eac03c06d1a2b7f,libgeneric_xlog-e29770827080434e,libbrin_xlog-bdf62fcd1cb87abc,libbrin_pageops-b4596e69677f7f87,libspgist_xlog-d9f4155fa0b1d70e,libsequence_xlog-05743c11ff92a433,libgist_xlog-3b3eece8531c3cee,libgin_xlog-36a8224f6febd836,libhash_xlog-dcf93c2afa663f9d,libbufmask-d06f2393833f248e,libnbtree_xlog-8cfa7438e78cf895,librmgrdesc-c4043fa165a7d526,libstorage_xlog-6ede242fb8cfb582,libheapam_xlog-9c35524373005f1e,libpruneheap_seams-47081c2a9ecbd3a0,libstandby-900217fb076bd0b3,libxloginsert-ea25e7b653828abf,libslot-60dbff37e2354a17,libwalsender_config-1719c72ed736c52a,libps_status-9e8889726683f83f,libfreespace-c3920503646f316e,libfreespace_seams-7f56535f44633dcd,libvisibilitymap-32a2e6569bc412e0,libcommit_ts-b0d58e618cb0dfff,libfmgr_core-345bb33faa105317,libconv-1dae4e1af62cf618,libtrigfuncs-c9e19c681e8fd12a,libtypes_trigger_call-35588c35d2ed97b8,libpseudorandomfuncs-67c698e5a90215b2,libsignalfuncs-f41bb49d497dd420,libwaitfuncs-70d504b29546b473,liblockfuncs-3a1fe98e0eeca55d,libpredicate-da6f72c0ac78ae26,libadt_mcxtfuncs-280bf97c42440099,libmcxt_stats-6a84a80cfcd3be07,libadt_amutils-a4cdc16282f73d8f,libindexam_seams-d8bb22ee1f6636ef,libadt_ascii-eccdac96bde76e14,libcryptohashfuncs-f2c90d9a9efbddd1,libpg_sha2-7e8cd0c77d2b2c05,libpg_md5-9db52add57f6c8c4,libcommands_async-fd7742ed07809705,libtransam_xlog-aa94f7f7c5323017,libinjection_point-c19b8749c9895034,librewriteheap_seams-d025aa8c57ea5068,libreorderbuffer_seams-9732aa01e7fde36a,libwalsummarizer_seams-6aeff26758f7186b,libxlogarchive_seams-7b0a832e106e8c60,libcontroldata_utils-523f399c49868f8d,libxlogbackup-8eba4de1aabd6e15,libtransam-c8c93940c9321f01,libsubtrans-d18560baacc801f7,libadt_windowfuncs-efe92700a9d2545d,libname-9e433ee477e7c01c,libforeigncmds_seams-ebb06d7c63af3998,libextension_seams-b0fd0f0a1d3a93c0,libsequence_seams-2c2a544d9093595c,libpgstatfuncs-b04b02f61f2e4a7b,libxlogprefetcher_seams-99fd18a890a886bd,libwalreceiverfuncs_seams-e0c5686b2051d7ef,libbackend_status-412528491437a786,libbe_secure_openssl-5908e0e39e09f225,libpqcomm-8a383ca6fde8c625,libbe_secure_seams-fe1b9b96b09e4466,libbe_secure_common-9429915839f943ff,libopenssl-fae5147777c6f4ce,libbitflags-7ebc804116e5816e,libopenssl_sys-ed0af80f67595b71,libforeign_types-b85e7f622934b2fe,libforeign_types_shared-38fd452ebcc86072,libadt_varchar-d8aa7255f06540a8,libadt_quote-621f7e32f97e7463,libadt_pseudotypes-2e18886c0b5dc799,libadt_multirangetypes-60ba15774a1dc699,libadt_rangetypes-7ebc71c4eb6f3b94,libadt_network-e3b47774bda3f958,libdict_snowball-9f295a918c174ab5,libto_tsany-e38e9d66985e2211,libtsearch_spell-e40d364dda594880,libtsearch_dict-546994c9fe9bcd00,libwparser_def-ba8276c53d5319e0,libts_parse-d880d934b65e18b5,libts_cache-ffc0bedfce3f6662,libadt_regproc-ae9bd46cc2b19582,libregproc_seams-a8fff65d50bd9de4,libadt_tsrank-839dd70ac7abf87a,libadt_tsquery_core-5eb6058771e99226,libts_locale-f060694c1bc9854a,libadt_tsvector_core-8c26b52d654d248c,libadt_uuid-82d4a732bd9d012b,libdbsize-c2af8ac5afbe9907,librelfilenumbermap_seams-f6debd771440e4cd,librelpath-9ec1189d3d86781f,libxid8funcs-6c1de2dea05a15d0,libsnapmgr-ff16b3f223ddc07a,libprocarray-8af40a7ac99f732e,libadt_xml-7885107d78b1e53c,libadt_pg_lsn-c572c8e8e8902a4b,libadt_mac8-e7a2c3dd72991dfb,libadt_mac-39025185d703e9b2,libhbafuncs-5eaccc04f08b367c,libhba-3672706d996ff1ab,libauth_seams-1916e803525ce1d1,libhba_seams-00104f5e69d7a5a9,libifaddr-93fd4f69f9aff974,libadt_like-5d51c68fd0f83f92,libadt_jsonpath_exec-fe866fc3ae5e88be,libadt_regexp-b3ec604bfa858e13,libadt_jsonb-ec6e3a47cb2377c2,libgin_vocab-f305ccf087b97584,libtidbitmap-7b706235bc1f465d,libadt_jsonpath-d180883822b503d7,libregex_core-3705cff49e009ba1,libadt_json-ec33ef0df434fa21,libstack_depth-27af14c65c988a30,libadt_int-63f2744e582633ba,libadt_formatting-36a3f90d9b0d447b,libformatting_seams-545f741a627533c8,libadt_oracle_compat-fa9e5433034081d8,libadt_enum-4f4fd6de48c45986,libadt_encode-6197461d2a6b5ba3,libadt_date-d2a38c8d333598be,libadt_timestamp-371a1f98486da2b8,libstrftime-e9fd6ab59fff8820,libadt_datetime-658322d92d783542,libadt_domains-266e7086030b7def,libadt_char-3b14674b283f677d,libadt_cash-1ebbefa4080cd447,libadt_int8-cd615ebe985a22a7,libpg_locale-d7da641d2eeb634b,libunicode_case-ad6d4d9d4a617d3f,libpg_database_seams-e5f2c863976f4ca0,libarray_userfuncs-717cfb4089e3c0cb,libtuplesort_seams-ba45215515fc6034,libadt_bool-aea0cb7f23dbd10d,libtypes_brin-39f37e8e095f8a7a,libxact-5e3b3c236913193c,libvarsup-8fe8ce9a59ffbef6,libclog-5501dbc57bd031fb,libsnapbuild_seams-6c013334b39a10fb,liblogical_seams-497aadc4a35ed3bc,libcatalog_index_seams-a3fe73568af909d6,libbackend_progress_seams-9b5e63ecd9d45bee,libwaitevent-38efbcd9ec05d92b,liblogical_worker_seams-26ef86b6cf2b281e,liblauncher_seams-dd70cf89f86049a0,libcombocid_seams-e5baae2a3e70cffe,libsmgr-1c643f8d331ecad2,libmd-ae94ff8f2cadd388,librelmapper-23fbac0823eee1c9,libbe_fsstubs_seams-278c31eb720a825c,libtablecmds_seams-05cf293c8b8f0360,libportalmem-e99086726944e256,libsnapmgr_portal_seams-ef55f7b844a574dd,libexecmain_seams-de33e8b483c40ec6,libtcop_dest-65585d3dd3aef587,libcmdtag-94ef0535e8219814,libtqueue-0039d12300b8ec7e,libshm_mq-14779e2cd93dae94,libbgworker_seams-3910a5a00219659e,libexplain_dr-16ea723154065e4b,libinstrument-dc30d2505cd4d2dc,libbufmgr-3bce7b013903a886,libcheckpointer_seams-cc028aeeec209894,liblmgr-9c7acf83790a8736,libsubtrans_seams-59265c536a80b2f3,libaio_core-de6c4e5a6097acd4,libinterrupt-38d3980f2c7fe6ab,libipc-82b590ecb4558ba3,libipc_portal_seams-911dd6c6ad3fc6d3,libdsm_core-c69b394d07ee266f,libshmem-6222aa5bc5682f2f,libcondition_variable-551023ba9708fa91,libsql_functions_seams-0cf76159c92a51e4,libmatview_seams-f805ecf75afb281c,libcopy_seams-03ce06d5d4c1a4e8,libcreateas_seams-f3afe654c8e93372,libtstore_receiver-93602af11dc46125,libprinttup-094cce499a4be644,libpquery_seams-4b59d06ab36c6530,libportalcmds_seams-abd0b60962f45e3f,libplancache_portal_seams-604c3d966e852885,libxact_portal_seams-b671cb3e61822c1a,libfuncapi-4acece017d555b7a,libvarlena-3e84fd725164268e,libunicode_category-dfec1a8d82487208,libregex_core_seams-a54144c22a29fa2b,libregexp_seams-9aaa77a6ed36cc52,libregexp_alt-3cc5f4aa2c5a3e39,libmemchr-c1c772b32af6edef,libpg_bitutils-9ce59e6b55523d7f,libdetoast-a6f928a7c6233408,libpglz-c8227b10ae339654,libtoast_internals_seams-6631d4db878060c3,libpg_locale_seams-221c9a85607b3109,libunicode_norm-7f6b4be9cad93f64,libregex-987d3ec8914d4d31,libtuplestore-201f1a6ed4993348,libtuplestore_hold_seams-bf2672819177a738,libexectuples-3aeddedafd87c47a,libheaptuple-5957a1ebe22bfbc7,libtimeout-9150c990922f4fbe,libtrigger_seams-d000aefe41a70698,libguc-48a902909ab71434,libpgtz-0d88a5c1e3790126,libpgstrcasecmp-2d5bb6be4fe7b86e,liblocaltime-341b4404e092079d,libpgtz_seams-f0e0dbef2bc28d8b,libscalar_seams-42fdf2d69617cad9,libsuperuser_seams-81500230d63c6a02,libguc_file-c2985d12cbf7e82a,libguc_file_seams-e8aca69bd1f9d253,libconffiles_seams-c29f80cc71679feb,libspi_seams-81d2b0765ffc914d,liblock-a998a0225ac98854,libps_status_seams-72f10f0dbd65b7d2,liblmgr_seams-1a79c35fb1cfbef7,libresowner-ef03c35853dd68ec,libpredicate_seams-c7b45f32a048a94b,libresowner_portal_seams-b82e655cb4ba409c,libdynahash-f4d66d07cdf307df,libsinval-c27d9ba00d3703d2,libprocsignal-da775a5ce88fdc3b,libmcxt_seams-81a2deab41c5eeec,libwalsender_seams-3d1a18e975900d34,librepl_gram-a2199896fa5c1d76,librepl_scanner-eb82b5c8e290a00d,libparser_small1-6d5c41648578a87b,libadt_varbit-763a5ac151cf7445,libadt_numeric-934f6409ec5bfd07,libadt_float-3fc7250784ec32e1,libryu-f5d470691987cf73,libarrayfuncs-4f297e6f89959646,libtypcache-49d856501846daec,libtupdesc-192425bf6f010279,libindexcmds_seams-736107446b539416,libpg_enum_seams-442ef6258f485f49,libclauses_seams-79cf714c66cc6c7e,libfuncapi_srf-d37264ad11afdbc0,libpg_string-d847d957c8f91f2f,libstring_seams-5bf94cd301ca945d,libarrayutils-deebecef087bc0f4,libhyperloglog-2e613e81959b08d4,libnodes_core-6e9be101c8406416,liboutfuncs-44085880e8f5950f,liblsyscache-4aaba22eb13eeef0,liblsyscache_seams-725e2abc6a5ce575,libadt_scalar-82ff5f39715b115f,libmultixact-540b68f415c3801a,libmultixact_seams-b3ddb6c44af60829,libvarsup_seams-87311dda0148a36d,libdbcommands_seams-434e0cf410b96bc9,libslru-7232ed979a5a7c69,libsync_seams-e93d603ac693d86f,libpmsignal-c18da958b011b4aa,libpostmaster_seams-07c407d593a879f3,libtableam_seams-ec4ad685255ee37b,libtableam_vocab-f18f98f2860f1c35,libsyncscan_seams-fe5009ec4f7e4c9c,libtypes_slot-47d2085a32e6bfe5,libaclchk_seams-27d67368cd9c948e,libnbt_compare-87ecd1b5da63f4cc,libtypes_array-59663e5e53b8f5a6,libhashfn-4e63fe68fa5afe70,libpqformat-0706a6d17b2f35cc,libmbutils-25b1d1e57b4ede11,libreadfuncs-177e69096729627c,libtypcache_seams-78ba46f77610d4d2,libformat_type-10e5741048cf319d,libfmgr_seams-239931a2818b2323,libnamespace_seams-96bd7c70de246340,libkeywords-34ced61acfdc144d,libtypes_pathnodes-9297280bafd6e205,libnumutils-ca2c3d8bf259fad5,libqueryenvironment-36e4d3398e76dbe0,libtable-01fc7cc073b08662,libpg_class_seams-875e28574d6b0e0a,librelation_seams-b11b65e15f07a1ac,libtable_seams-de6ef45fa55f4356,librel_vocab-63fc9d1c19b7f3f3,libtypes_portal-86bb9a98d7465ec7,libtypes_nodes-2f2bbbedad1cf1a9,libwchar-730a1542d2a25cb6,libasync_seams-d1ea295ad0bd5d23,libtransam_seams-7dee6d5eefec0d22,libcommit_ts_seams-f21f0f8bb6a0b10b,liborigin_seams-a38749a07854803a,libstandby_seams-4d5c953a20920d36,libpgstat-961e9ea18494918c,libtwophase_seams-eaa1f71f8814e47f,libbackend_status_seams-f99c8e03234bdf4f,libslot_seams-6345520f62c98045,libmiscinit-54913cefb00206f1,libparallel_seams-ac2422d06e762a71,liblmgr_proc-6427e01d2d4d7c83,libautovacuum_seams-d658e6ff182c7882,libcondition_variable_seams-60b88573d7a53578,libsyncrep_seams-96fc96dc400f977b,liblock_seams-c18acdb6bcb6fb3a,libprocarray_seams-e5f3ae21f17bc6ac,libdeadlock_seams-a8034ac2699bcf20,libpmsignal_seams-a3c507ea47fb019a,liblwlock-091eaa2e3cdc93b5,libpg_sema_seams-635ab6199de6e6ec,libs_lock_seams-16438b4b8492401d,libpg_path-c92df880776c9813,liblibpq_pqsignal-19ad7e7af1c51bd3,libwaiteventset-a0f92565c1edb9e2,libpg_strong_random-df947762305e2188,liblatch-d8dc3c9f3d20414e,liblatch_seams-3dd8223ef62184a9,libprocsignal_seams-b551fd43f5fb9a00,libtimeout_seams-36f356bffcbae419,libwaiter-09d2e72aa83cca3c,liblmgr_proc_seams-1fe0854c72155662,libwaiteventset_seams-bc71c2e48fe3b5dc,libdfmgr-5b090352f40c516f,libshmem_seams-c3e37b0bf5524c6f,libfd-a252e1e5cd29898d,libresowner_seams-0c50ed7840f3c470,libpg_prng-392233ba56640d55,libpg_prng_seams-0de28d315faa0a8f,libaio_seams-a3c915b6d537207d,libwaitevent_seams-7e8d383033cddb49,libstartup_seams-b46c4a1f175c1e23,libpostgres_seams-1decdad7b04e33c4,libtablespace_seams-dffe27efd6966ba0,libvfs-ba9fd942a0706a22,libtimestamp_seams-8769c807ffb94618,libcatalog_storage_seams-dc64e68904e6f424,libinval-2a1a65612ed0b158,libinval_seams-a7db27d27facfb6b,librelmapper_seams-fc51dad5dbab2603,libsnapmgr_seams-b70faaf37e2b959b,libtypes_snapshot-f2438f62cfdb79a3,libcatcache_seams-2f92ef384147e7a1,libsyscache_seams-78ee4897a744abce,libcatalog_seams-e2acb76348dfcdbb,libinit_small-ef9c9d5d0a8c1208,libacl_seams-455a314aaeef6264,libxloginsert_seams-4a53fc77922b6ab8,libmiscinit_seams-ebfccaf8d955ff7c,libxact_seams-bb7a3d21b9fbd7a8,librelcache_seams-bfde55c02fa103fd,libjit_deform-d6be0d5cc36b41ea,libsinval_seams-726454a92bb24147,libtypes_resowner-b3658bfb1f7f327e,libxlogutils-f7dafa0fa7313b44,libxlogutils_seams-dd19b98b2fd2b396,libtransam_xlog_seams-7923cdc95803fc69,libfile_seams-94a82198b78a9d10,libtimeline_seams-9ee706e8938ed0b1,libsmgr_seams-e7ad749d3c208d30,libbufmgr_seams-e90c3ff825b0ef04,libxlogrecovery_seams-58833d067b127951,librelpath_seams-0c7948656bedfb74,libtypes_rel-198a6bc911f74509,libtypes_trigger-652f6ec8b283857f,libtypes_spgist-dd8843e3cfcf7dbb,libtypes_gist-0d5656e7438d24f8,libtypes_hash-7fbfa1b3e4f9cd8a,libtypes_bloom-90a79f2f84c03984,libtypes_nbtree-22927cd5b49d8c23,libtypes_scan-aadac3807e92c588,libtypes_fmgr-15a7af6bcfb5f519,libdetoast_seams-4f6bee22a1fe0174,libstringinfo-35cbaa895806325a,libtypes_tuple-a164e1a3a6942b6a,libelog-a877d3bcca017d83,libelog_seams-de02b77aa7ab07b4,libipc_seams-0cd45eff973aae57,libdatum-93fccccde6062ccd,libpgstat_seams-51d4022d5a0e57bf,libpqcomm_seams-9447855a6462a334,libmbutils_seams-a44a97e05a05debf,libinit_small_seams-85b89ec42ccb0a13,libsyslogger_seams-247fe9e13499a016,libtypes_startup-cd72d5ac62129009,libip-b6d88b556d9321f8,liberror_small_seams-345efdbaeec0007b,libpg_clock-329c724a2ddec8c6,libguc_tables-80bf517a77541901,libguc_seams-0971877aede49ea8,libtypes_guc-8912cfad37108023,libtypes_dest-d059a76f8d8c888e,libcrc32c-2d9a8ec9141a4e21,libxlogreader_seams-43a3aaef614e0a03,libseam_core-d26e0106a351aeef,libtypes_storage-59bab4963f754337,liblibc-1fec702575a82097,libpgsync-85521be7427eb0dc,libtypes_core-775902aa556dcd95,libmcx-448fae4c30b4f797,librustc_hash-4ad32aff0bc0dc49,libhashbrown-8fcfb73f1f52e8b0,libahash-f2cdf3f4692f6bb7,libonce_cell-a18764d3e4456760,libcfg_if-c0fdd5568c081294,libzerocopy-1ef84384eef5fce3,libtypes_error-ee668767750e7dc2,liballocator_api2-4c63d7a9357381ac,liblibfuzzer_sys-dc1febb8836c0ba8,libarbitrary-0bc829a0c7302f2b}.rlib" "<sysroot>/lib/rustlib/aarch64-unknown-linux-gnu/lib/{libstd-*,libpanic_unwind-*,libobject-*,libmemchr-*,libaddr2line-*,libgimli-*,libcfg_if-*,librustc_demangle-*,libstd_detect-*,libhashbrown-*,librustc_std_workspace_alloc-*,libminiz_oxide-*,libadler2-*,libunwind-*,liblibc-*,librustc_std_workspace_core-*,liballoc-*,libcore-*,libcompiler_builtins-*}.rlib" "-Wl,-Bdynamic" "-lstdc++" "-labsl_log_internal_check_op" "-labsl_log_internal_conditions" "-labsl_log_internal_message" "-labsl_examine_stack" "-labsl_log_internal_format" "-labsl_log_internal_proto" "-labsl_log_internal_nullguard" "-labsl_log_internal_log_sink_set" "-labsl_log_internal_globals" "-labsl_log_globals" "-labsl_log_sink" "-labsl_log_entry" "-labsl_strerror" "-labsl_vlog_config_internal" "-labsl_log_internal_fnmatch" "-labsl_flags_internal" "-labsl_flags_marshalling" "-labsl_flags_reflection" "-labsl_flags_private_handle_accessor" "-labsl_flags_commandlineflag" "-labsl_flags_commandlineflag_internal" "-labsl_flags_config" "-labsl_flags_program_name" "-labsl_cord" "-labsl_cordz_info" "-labsl_cord_internal" "-labsl_cordz_functions" "-labsl_cordz_handle" "-labsl_crc_cord_state" "-labsl_crc32c" "-labsl_crc_internal" "-labsl_crc_cpu_detect" "-labsl_raw_hash_set" "-labsl_hashtablez_sampler" "-labsl_exponential_biased" "-labsl_hash" "-labsl_city" "-labsl_bad_variant_access" "-labsl_low_level_hash" "-labsl_bad_optional_access" "-labsl_str_format_internal" "-labsl_synchronization" "-labsl_graphcycles_internal" "-labsl_kernel_timeout_internal" "-labsl_stacktrace" "-labsl_symbolize" "-labsl_debugging_internal" "-labsl_demangle_internal" "-labsl_demangle_rust" "-labsl_decode_rust_punycode" "-labsl_utf8_for_code_point" "-labsl_malloc_internal" "-labsl_time" "-labsl_civil_time" "-labsl_strings" "-labsl_strings_internal" "-labsl_string_view" "-labsl_base" "-latomic" "-lrt" "-labsl_spinlock_wait" "-labsl_int128" "-labsl_throw_delegate" "-labsl_raw_logging_internal" "-labsl_log_severity" "-labsl_time_zone" "-lstdc++" "-lgcc_s" "-lutil" "-lrt" "-lpthread" "-lm" "-ldl" "-lc" "-L" "/work/src/fuzz/target/aarch64-unknown-linux-gnu/release/deps/rustcFwymE2/raw-dylibs" "-Wl,--eh-frame-hdr" "-Wl,-z,noexecstack" "-L" "/work/src/fuzz/target/aarch64-unknown-linux-gnu/release/build/decoder_fuzz-3e9bd349d077e8ca/out" "-L" "/work/src/fuzz/target/aarch64-unknown-linux-gnu/release/build/regexp_alt-5bf1a1806dea73f8/out" "-L" "/work/src/fuzz/target/aarch64-unknown-linux-gnu/release/build/openssl-sys-ca7f2fb5c1c26b08/out/openssl-build/install/lib" "-L" "/work/src/fuzz/target/aarch64-unknown-linux-gnu/release/build/libfuzzer-sys-b25806bf68759c69/out" "-L" "/usr/lib/aarch64-linux-gnu" "-L" "<sysroot>/lib/rustlib/aarch64-unknown-linux-gnu/lib" "-o" "/work/src/fuzz/target/aarch64-unknown-linux-gnu/release/deps/geo_io_diff-f8c5611ec602b07b" "-Wl,--gc-sections" "-pie" "-Wl,-z,relro,-z,now" "-Wl,-O1" "-nodefaultlibs"
  = note: some arguments are omitted. use `--verbose` to show all linker arguments
  = note: /usr/bin/ld: /work/src/fuzz/target/aarch64-unknown-linux-gnu/release/deps/libdecoder_fuzz-ce05a889a5992ba2.rlib(ef81103c4d9017e3-regcomp.o): in function `pg_reg_getcolor':
          /work/src/fuzz/core/csrc/regexfam/regc_color.c:121: multiple definition of `pg_reg_getcolor'; /work/src/fuzz/target/aarch64-unknown-linux-gnu/release/deps/libdecoder_fuzz-ce05a889a5992ba2.rlib(e5077b94270c8099-regcomp.o):/work/src/fuzz/core/csrc/jsonpath/regex/regc_color.c:121: first defined here
          /usr/bin/ld: /work/src/fuzz/target/aarch64-unknown-linux-gnu/release/deps/libdecoder_fuzz-ce05a889a5992ba2.rlib(ef81103c4d9017e3-regcomp.o): in function `pg_regcomp':
          /work/src/fuzz/core/csrc/regexfam/regcomp.c:394: multiple definition of `pg_regcomp'; /work/src/fuzz/target/aarch64-unknown-linux-gnu/release/deps/libdecoder_fuzz-ce05a889a5992ba2.rlib(e5077b94270c8099-regcomp.o):/work/src/fuzz/core/csrc/jsonpath/regex/regcomp.c:394: first defined here
          collect2: error: ld returned 1 exit status
          

error: linking with `cc` failed: exit status: 1
  |
  = note:  "cc" "-Wl,--fix-cortex-a53-843419" "/work/src/fuzz/target/aarch64-unknown-linux-gnu/release/deps/rustcu7Tbbe/symbols.o" "-Wl,-Bstatic" "-Wl,--whole-archive" "-Wl,<sysroot>/lib/rustlib/aarch64-unknown-linux-gnu/lib/librustc-nightly_rt.asan.a" "-Wl,--no-whole-archive" "<2 object files omitted>" "-Wl,--as-needed" "/work/src/fuzz/target/aarch64-unknown-linux-gnu/release/deps/{libdecoder_fuzz-ce05a889a5992ba2,libxlogstats-751e0da5e1d12ef5,libpg_rusage-20d5fb84d8ce7557,libcontrib_earthdistance-62171827053ec27a,libpg_class-4a6d74a6c018be9f,libadt_rowtypes-a4794d852ca6027f,libscram_common-e11945b252d3826e,libpg_hmac-4cf5c8b3660544ec,libpg_sha1-e4ca6845b132ea16,libpg_b64-4d5978aeedd9d3bb,libwait_error-20952b494fe498e5,libarchive-a18627a2a5d84afb,libpercentrepl-14ab69f0310df459,libadt_geo-6770d8d70fec2eca,libpairingheap-c8d2e4f2c7da0b75,libintegerset-e3da0542e1488698,libbloomfilter-e81e1605f0f67fc0,libbinaryheap-4dc7ef4b569319f9,libxlogreader-0774eb388464beff,librmgr-fad9988223b51953,liblogical_message-4eac03c06d1a2b7f,libgeneric_xlog-e29770827080434e,libbrin_xlog-bdf62fcd1cb87abc,libbrin_pageops-b4596e69677f7f87,libspgist_xlog-d9f4155fa0b1d70e,libsequence_xlog-05743c11ff92a433,libgist_xlog-3b3eece8531c3cee,libgin_xlog-36a8224f6febd836,libhash_xlog-dcf93c2afa663f9d,libbufmask-d06f2393833f248e,libnbtree_xlog-8cfa7438e78cf895,librmgrdesc-c4043fa165a7d526,libstorage_xlog-6ede242fb8cfb582,libheapam_xlog-9c35524373005f1e,libpruneheap_seams-47081c2a9ecbd3a0,libstandby-900217fb076bd0b3,libxloginsert-ea25e7b653828abf,libslot-60dbff37e2354a17,libwalsender_config-1719c72ed736c52a,libps_status-9e8889726683f83f,libfreespace-c3920503646f316e,libfreespace_seams-7f56535f44633dcd,libvisibilitymap-32a2e6569bc412e0,libcommit_ts-b0d58e618cb0dfff,libfmgr_core-345bb33faa105317,libconv-1dae4e1af62cf618,libtrigfuncs-c9e19c681e8fd12a,libtypes_trigger_call-35588c35d2ed97b8,libpseudorandomfuncs-67c698e5a90215b2,libsignalfuncs-f41bb49d497dd420,libwaitfuncs-70d504b29546b473,liblockfuncs-3a1fe98e0eeca55d,libpredicate-da6f72c0ac78ae26,libadt_mcxtfuncs-280bf97c42440099,libmcxt_stats-6a84a80cfcd3be07,libadt_amutils-a4cdc16282f73d8f,libindexam_seams-d8bb22ee1f6636ef,libadt_ascii-eccdac96bde76e14,libcryptohashfuncs-f2c90d9a9efbddd1,libpg_sha2-7e8cd0c77d2b2c05,libpg_md5-9db52add57f6c8c4,libcommands_async-fd7742ed07809705,libtransam_xlog-aa94f7f7c5323017,libinjection_point-c19b8749c9895034,librewriteheap_seams-d025aa8c57ea5068,libreorderbuffer_seams-9732aa01e7fde36a,libwalsummarizer_seams-6aeff26758f7186b,libxlogarchive_seams-7b0a832e106e8c60,libcontroldata_utils-523f399c49868f8d,libxlogbackup-8eba4de1aabd6e15,libtransam-c8c93940c9321f01,libsubtrans-d18560baacc801f7,libadt_windowfuncs-efe92700a9d2545d,libname-9e433ee477e7c01c,libforeigncmds_seams-ebb06d7c63af3998,libextension_seams-b0fd0f0a1d3a93c0,libsequence_seams-2c2a544d9093595c,libpgstatfuncs-b04b02f61f2e4a7b,libxlogprefetcher_seams-99fd18a890a886bd,libwalreceiverfuncs_seams-e0c5686b2051d7ef,libbackend_status-412528491437a786,libbe_secure_openssl-5908e0e39e09f225,libpqcomm-8a383ca6fde8c625,libbe_secure_seams-fe1b9b96b09e4466,libbe_secure_common-9429915839f943ff,libopenssl-fae5147777c6f4ce,libbitflags-7ebc804116e5816e,libopenssl_sys-ed0af80f67595b71,libforeign_types-b85e7f622934b2fe,libforeign_types_shared-38fd452ebcc86072,libadt_varchar-d8aa7255f06540a8,libadt_quote-621f7e32f97e7463,libadt_pseudotypes-2e18886c0b5dc799,libadt_multirangetypes-60ba15774a1dc699,libadt_rangetypes-7ebc71c4eb6f3b94,libadt_network-e3b47774bda3f958,libdict_snowball-9f295a918c174ab5,libto_tsany-e38e9d66985e2211,libtsearch_spell-e40d364dda594880,libtsearch_dict-546994c9fe9bcd00,libwparser_def-ba8276c53d5319e0,libts_parse-d880d934b65e18b5,libts_cache-ffc0bedfce3f6662,libadt_regproc-ae9bd46cc2b19582,libregproc_seams-a8fff65d50bd9de4,libadt_tsrank-839dd70ac7abf87a,libadt_tsquery_core-5eb6058771e99226,libts_locale-f060694c1bc9854a,libadt_tsvector_core-8c26b52d654d248c,libadt_uuid-82d4a732bd9d012b,libdbsize-c2af8ac5afbe9907,librelfilenumbermap_seams-f6debd771440e4cd,librelpath-9ec1189d3d86781f,libxid8funcs-6c1de2dea05a15d0,libsnapmgr-ff16b3f223ddc07a,libprocarray-8af40a7ac99f732e,libadt_xml-7885107d78b1e53c,libadt_pg_lsn-c572c8e8e8902a4b,libadt_mac8-e7a2c3dd72991dfb,libadt_mac-39025185d703e9b2,libhbafuncs-5eaccc04f08b367c,libhba-3672706d996ff1ab,libauth_seams-1916e803525ce1d1,libhba_seams-00104f5e69d7a5a9,libifaddr-93fd4f69f9aff974,libadt_like-5d51c68fd0f83f92,libadt_jsonpath_exec-fe866fc3ae5e88be,libadt_regexp-b3ec604bfa858e13,libadt_jsonb-ec6e3a47cb2377c2,libgin_vocab-f305ccf087b97584,libtidbitmap-7b706235bc1f465d,libadt_jsonpath-d180883822b503d7,libregex_core-3705cff49e009ba1,libadt_json-ec33ef0df434fa21,libstack_depth-27af14c65c988a30,libadt_int-63f2744e582633ba,libadt_formatting-36a3f90d9b0d447b,libformatting_seams-545f741a627533c8,libadt_oracle_compat-fa9e5433034081d8,libadt_enum-4f4fd6de48c45986,libadt_encode-6197461d2a6b5ba3,libadt_date-d2a38c8d333598be,libadt_timestamp-371a1f98486da2b8,libstrftime-e9fd6ab59fff8820,libadt_datetime-658322d92d783542,libadt_domains-266e7086030b7def,libadt_char-3b14674b283f677d,libadt_cash-1ebbefa4080cd447,libadt_int8-cd615ebe985a22a7,libpg_locale-d7da641d2eeb634b,libunicode_case-ad6d4d9d4a617d3f,libpg_database_seams-e5f2c863976f4ca0,libarray_userfuncs-717cfb4089e3c0cb,libtuplesort_seams-ba45215515fc6034,libadt_bool-aea0cb7f23dbd10d,libtypes_brin-39f37e8e095f8a7a,libxact-5e3b3c236913193c,libvarsup-8fe8ce9a59ffbef6,libclog-5501dbc57bd031fb,libsnapbuild_seams-6c013334b39a10fb,liblogical_seams-497aadc4a35ed3bc,libcatalog_index_seams-a3fe73568af909d6,libbackend_progress_seams-9b5e63ecd9d45bee,libwaitevent-38efbcd9ec05d92b,liblogical_worker_seams-26ef86b6cf2b281e,liblauncher_seams-dd70cf89f86049a0,libcombocid_seams-e5baae2a3e70cffe,libsmgr-1c643f8d331ecad2,libmd-ae94ff8f2cadd388,librelmapper-23fbac0823eee1c9,libbe_fsstubs_seams-278c31eb720a825c,libtablecmds_seams-05cf293c8b8f0360,libportalmem-e99086726944e256,libsnapmgr_portal_seams-ef55f7b844a574dd,libexecmain_seams-de33e8b483c40ec6,libtcop_dest-65585d3dd3aef587,libcmdtag-94ef0535e8219814,libtqueue-0039d12300b8ec7e,libshm_mq-14779e2cd93dae94,libbgworker_seams-3910a5a00219659e,libexplain_dr-16ea723154065e4b,libinstrument-dc30d2505cd4d2dc,libbufmgr-3bce7b013903a886,libcheckpointer_seams-cc028aeeec209894,liblmgr-9c7acf83790a8736,libsubtrans_seams-59265c536a80b2f3,libaio_core-de6c4e5a6097acd4,libinterrupt-38d3980f2c7fe6ab,libipc-82b590ecb4558ba3,libipc_portal_seams-911dd6c6ad3fc6d3,libdsm_core-c69b394d07ee266f,libshmem-6222aa5bc5682f2f,libcondition_variable-551023ba9708fa91,libsql_functions_seams-0cf76159c92a51e4,libmatview_seams-f805ecf75afb281c,libcopy_seams-03ce06d5d4c1a4e8,libcreateas_seams-f3afe654c8e93372,libtstore_receiver-93602af11dc46125,libprinttup-094cce499a4be644,libpquery_seams-4b59d06ab36c6530,libportalcmds_seams-abd0b60962f45e3f,libplancache_portal_seams-604c3d966e852885,libxact_portal_seams-b671cb3e61822c1a,libfuncapi-4acece017d555b7a,libvarlena-3e84fd725164268e,libunicode_category-dfec1a8d82487208,libregex_core_seams-a54144c22a29fa2b,libregexp_seams-9aaa77a6ed36cc52,libregexp_alt-3cc5f4aa2c5a3e39,libmemchr-c1c772b32af6edef,libpg_bitutils-9ce59e6b55523d7f,libdetoast-a6f928a7c6233408,libpglz-c8227b10ae339654,libtoast_internals_seams-6631d4db878060c3,libpg_locale_seams-221c9a85607b3109,libunicode_norm-7f6b4be9cad93f64,libregex-987d3ec8914d4d31,libtuplestore-201f1a6ed4993348,libtuplestore_hold_seams-bf2672819177a738,libexectuples-3aeddedafd87c47a,libheaptuple-5957a1ebe22bfbc7,libtimeout-9150c990922f4fbe,libtrigger_seams-d000aefe41a70698,libguc-48a902909ab71434,libpgtz-0d88a5c1e3790126,libpgstrcasecmp-2d5bb6be4fe7b86e,liblocaltime-341b4404e092079d,libpgtz_seams-f0e0dbef2bc28d8b,libscalar_seams-42fdf2d69617cad9,libsuperuser_seams-81500230d63c6a02,libguc_file-c2985d12cbf7e82a,libguc_file_seams-e8aca69bd1f9d253,libconffiles_seams-c29f80cc71679feb,libspi_seams-81d2b0765ffc914d,liblock-a998a0225ac98854,libps_status_seams-72f10f0dbd65b7d2,liblmgr_seams-1a79c35fb1cfbef7,libresowner-ef03c35853dd68ec,libpredicate_seams-c7b45f32a048a94b,libresowner_portal_seams-b82e655cb4ba409c,libdynahash-f4d66d07cdf307df,libsinval-c27d9ba00d3703d2,libprocsignal-da775a5ce88fdc3b,libmcxt_seams-81a2deab41c5eeec,libwalsender_seams-3d1a18e975900d34,librepl_gram-a2199896fa5c1d76,librepl_scanner-eb82b5c8e290a00d,libparser_small1-6d5c41648578a87b,libadt_varbit-763a5ac151cf7445,libadt_numeric-934f6409ec5bfd07,libadt_float-3fc7250784ec32e1,libryu-f5d470691987cf73,libarrayfuncs-4f297e6f89959646,libtypcache-49d856501846daec,libtupdesc-192425bf6f010279,libindexcmds_seams-736107446b539416,libpg_enum_seams-442ef6258f485f49,libclauses_seams-79cf714c66cc6c7e,libfuncapi_srf-d37264ad11afdbc0,libpg_string-d847d957c8f91f2f,libstring_seams-5bf94cd301ca945d,libarrayutils-deebecef087bc0f4,libhyperloglog-2e613e81959b08d4,libnodes_core-6e9be101c8406416,liboutfuncs-44085880e8f5950f,liblsyscache-4aaba22eb13eeef0,liblsyscache_seams-725e2abc6a5ce575,libadt_scalar-82ff5f39715b115f,libmultixact-540b68f415c3801a,libmultixact_seams-b3ddb6c44af60829,libvarsup_seams-87311dda0148a36d,libdbcommands_seams-434e0cf410b96bc9,libslru-7232ed979a5a7c69,libsync_seams-e93d603ac693d86f,libpmsignal-c18da958b011b4aa,libpostmaster_seams-07c407d593a879f3,libtableam_seams-ec4ad685255ee37b,libtableam_vocab-f18f98f2860f1c35,libsyncscan_seams-fe5009ec4f7e4c9c,libtypes_slot-47d2085a32e6bfe5,libaclchk_seams-27d67368cd9c948e,libnbt_compare-87ecd1b5da63f4cc,libtypes_array-59663e5e53b8f5a6,libhashfn-4e63fe68fa5afe70,libpqformat-0706a6d17b2f35cc,libmbutils-25b1d1e57b4ede11,libreadfuncs-177e69096729627c,libtypcache_seams-78ba46f77610d4d2,libformat_type-10e5741048cf319d,libfmgr_seams-239931a2818b2323,libnamespace_seams-96bd7c70de246340,libkeywords-34ced61acfdc144d,libtypes_pathnodes-9297280bafd6e205,libnumutils-ca2c3d8bf259fad5,libqueryenvironment-36e4d3398e76dbe0,libtable-01fc7cc073b08662,libpg_class_seams-875e28574d6b0e0a,librelation_seams-b11b65e15f07a1ac,libtable_seams-de6ef45fa55f4356,librel_vocab-63fc9d1c19b7f3f3,libtypes_portal-86bb9a98d7465ec7,libtypes_nodes-2f2bbbedad1cf1a9,libwchar-730a1542d2a25cb6,libasync_seams-d1ea295ad0bd5d23,libtransam_seams-7dee6d5eefec0d22,libcommit_ts_seams-f21f0f8bb6a0b10b,liborigin_seams-a38749a07854803a,libstandby_seams-4d5c953a20920d36,libpgstat-961e9ea18494918c,libtwophase_seams-eaa1f71f8814e47f,libbackend_status_seams-f99c8e03234bdf4f,libslot_seams-6345520f62c98045,libmiscinit-54913cefb00206f1,libparallel_seams-ac2422d06e762a71,liblmgr_proc-6427e01d2d4d7c83,libautovacuum_seams-d658e6ff182c7882,libcondition_variable_seams-60b88573d7a53578,libsyncrep_seams-96fc96dc400f977b,liblock_seams-c18acdb6bcb6fb3a,libprocarray_seams-e5f3ae21f17bc6ac,libdeadlock_seams-a8034ac2699bcf20,libpmsignal_seams-a3c507ea47fb019a,liblwlock-091eaa2e3cdc93b5,libpg_sema_seams-635ab6199de6e6ec,libs_lock_seams-16438b4b8492401d,libpg_path-c92df880776c9813,liblibpq_pqsignal-19ad7e7af1c51bd3,libwaiteventset-a0f92565c1edb9e2,libpg_strong_random-df947762305e2188,liblatch-d8dc3c9f3d20414e,liblatch_seams-3dd8223ef62184a9,libprocsignal_seams-b551fd43f5fb9a00,libtimeout_seams-36f356bffcbae419,libwaiter-09d2e72aa83cca3c,liblmgr_proc_seams-1fe0854c72155662,libwaiteventset_seams-bc71c2e48fe3b5dc,libdfmgr-5b090352f40c516f,libshmem_seams-c3e37b0bf5524c6f,libfd-a252e1e5cd29898d,libresowner_seams-0c50ed7840f3c470,libpg_prng-392233ba56640d55,libpg_prng_seams-0de28d315faa0a8f,libaio_seams-a3c915b6d537207d,libwaitevent_seams-7e8d383033cddb49,libstartup_seams-b46c4a1f175c1e23,libpostgres_seams-1decdad7b04e33c4,libtablespace_seams-dffe27efd6966ba0,libvfs-ba9fd942a0706a22,libtimestamp_seams-8769c807ffb94618,libcatalog_storage_seams-dc64e68904e6f424,libinval-2a1a65612ed0b158,libinval_seams-a7db27d27facfb6b,librelmapper_seams-fc51dad5dbab2603,libsnapmgr_seams-b70faaf37e2b959b,libtypes_snapshot-f2438f62cfdb79a3,libcatcache_seams-2f92ef384147e7a1,libsyscache_seams-78ee4897a744abce,libcatalog_seams-e2acb76348dfcdbb,libinit_small-ef9c9d5d0a8c1208,libacl_seams-455a314aaeef6264,libxloginsert_seams-4a53fc77922b6ab8,libmiscinit_seams-ebfccaf8d955ff7c,libxact_seams-bb7a3d21b9fbd7a8,librelcache_seams-bfde55c02fa103fd,libjit_deform-d6be0d5cc36b41ea,libsinval_seams-726454a92bb24147,libtypes_resowner-b3658bfb1f7f327e,libxlogutils-f7dafa0fa7313b44,libxlogutils_seams-dd19b98b2fd2b396,libtransam_xlog_seams-7923cdc95803fc69,libfile_seams-94a82198b78a9d10,libtimeline_seams-9ee706e8938ed0b1,libsmgr_seams-e7ad749d3c208d30,libbufmgr_seams-e90c3ff825b0ef04,libxlogrecovery_seams-58833d067b127951,librelpath_seams-0c7948656bedfb74,libtypes_rel-198a6bc911f74509,libtypes_trigger-652f6ec8b283857f,libtypes_spgist-dd8843e3cfcf7dbb,libtypes_gist-0d5656e7438d24f8,libtypes_hash-7fbfa1b3e4f9cd8a,libtypes_bloom-90a79f2f84c03984,libtypes_nbtree-22927cd5b49d8c23,libtypes_scan-aadac3807e92c588,libtypes_fmgr-15a7af6bcfb5f519,libdetoast_seams-4f6bee22a1fe0174,libstringinfo-35cbaa895806325a,libtypes_tuple-a164e1a3a6942b6a,libelog-a877d3bcca017d83,libelog_seams-de02b77aa7ab07b4,libipc_seams-0cd45eff973aae57,libdatum-93fccccde6062ccd,libpgstat_seams-51d4022d5a0e57bf,libpqcomm_seams-9447855a6462a334,libmbutils_seams-a44a97e05a05debf,libinit_small_seams-85b89ec42ccb0a13,libsyslogger_seams-247fe9e13499a016,libtypes_startup-cd72d5ac62129009,libip-b6d88b556d9321f8,liberror_small_seams-345efdbaeec0007b,libpg_clock-329c724a2ddec8c6,libguc_tables-80bf517a77541901,libguc_seams-0971877aede49ea8,libtypes_guc-8912cfad37108023,libtypes_dest-d059a76f8d8c888e,libcrc32c-2d9a8ec9141a4e21,libxlogreader_seams-43a3aaef614e0a03,libseam_core-d26e0106a351aeef,libtypes_storage-59bab4963f754337,liblibc-1fec702575a82097,libpgsync-85521be7427eb0dc,libtypes_core-775902aa556dcd95,libmcx-448fae4c30b4f797,librustc_hash-4ad32aff0bc0dc49,libhashbrown-8fcfb73f1f52e8b0,libahash-f2cdf3f4692f6bb7,libonce_cell-a18764d3e4456760,libcfg_if-c0fdd5568c081294,libzerocopy-1ef84384eef5fce3,libtypes_error-ee668767750e7dc2,liballocator_api2-4c63d7a9357381ac,liblibfuzzer_sys-dc1febb8836c0ba8,libarbitrary-0bc829a0c7302f2b}.rlib" "<sysroot>/lib/rustlib/aarch64-unknown-linux-gnu/lib/{libstd-*,libpanic_unwind-*,libobject-*,libmemchr-*,libaddr2line-*,libgimli-*,libcfg_if-*,librustc_demangle-*,libstd_detect-*,libhashbrown-*,librustc_std_workspace_alloc-*,libminiz_oxide-*,libadler2-*,libunwind-*,liblibc-*,librustc_std_workspace_core-*,liballoc-*,libcore-*,libcompiler_builtins-*}.rlib" "-Wl,-Bdynamic" "-lstdc++" "-labsl_log_internal_check_op" "-labsl_log_internal_conditions" "-labsl_log_internal_message" "-labsl_examine_stack" "-labsl_log_internal_format" "-labsl_log_internal_proto" "-labsl_log_internal_nullguard" "-labsl_log_internal_log_sink_set" "-labsl_log_internal_globals" "-labsl_log_globals" "-labsl_log_sink" "-labsl_log_entry" "-labsl_strerror" "-labsl_vlog_config_internal" "-labsl_log_internal_fnmatch" "-labsl_flags_internal" "-labsl_flags_marshalling" "-labsl_flags_reflection" "-labsl_flags_private_handle_accessor" "-labsl_flags_commandlineflag" "-labsl_flags_commandlineflag_internal" "-labsl_flags_config" "-labsl_flags_program_name" "-labsl_cord" "-labsl_cordz_info" "-labsl_cord_internal" "-labsl_cordz_functions" "-labsl_cordz_handle" "-labsl_crc_cord_state" "-labsl_crc32c" "-labsl_crc_internal" "-labsl_crc_cpu_detect" "-labsl_raw_hash_set" "-labsl_hashtablez_sampler" "-labsl_exponential_biased" "-labsl_hash" "-labsl_city" "-labsl_bad_variant_access" "-labsl_low_level_hash" "-labsl_bad_optional_access" "-labsl_str_format_internal" "-labsl_synchronization" "-labsl_graphcycles_internal" "-labsl_kernel_timeout_internal" "-labsl_stacktrace" "-labsl_symbolize" "-labsl_debugging_internal" "-labsl_demangle_internal" "-labsl_demangle_rust" "-labsl_decode_rust_punycode" "-labsl_utf8_for_code_point" "-labsl_malloc_internal" "-labsl_time" "-labsl_civil_time" "-labsl_strings" "-labsl_strings_internal" "-labsl_string_view" "-labsl_base" "-latomic" "-lrt" "-labsl_spinlock_wait" "-labsl_int128" "-labsl_throw_delegate" "-labsl_raw_logging_internal" "-labsl_log_severity" "-labsl_time_zone" "-lstdc++" "-lgcc_s" "-lutil" "-lrt" "-lpthread" "-lm" "-ldl" "-lc" "-L" "/work/src/fuzz/target/aarch64-unknown-linux-gnu/release/deps/rustcu7Tbbe/raw-dylibs" "-Wl,--eh-frame-hdr" "-Wl,-z,noexecstack" "-L" "/work/src/fuzz/target/aarch64-unknown-linux-gnu/release/build/decoder_fuzz-3e9bd349d077e8ca/out" "-L" "/work/src/fuzz/target/aarch64-unknown-linux-gnu/release/build/regexp_alt-5bf1a1806dea73f8/out" "-L" "/work/src/fuzz/target/aarch64-unknown-linux-gnu/release/build/openssl-sys-ca7f2fb5c1c26b08/out/openssl-build/install/lib" "-L" "/work/src/fuzz/target/aarch64-unknown-linux-gnu/release/build/libfuzzer-sys-b25806bf68759c69/out" "-L" "/usr/lib/aarch64-linux-gnu" "-L" "<sysroot>/lib/rustlib/aarch64-unknown-linux-gnu/lib" "-o" "/work/src/fuzz/target/aarch64-unknown-linux-gnu/release/deps/jsonpath_diff-4add890c93721d1d" "-Wl,--gc-sections" "-pie" "-Wl,-z,relro,-z,now" "-Wl,-O1" "-nodefaultlibs"
  = note: some arguments are omitted. use `--verbose` to show all linker arguments
  = note: /usr/bin/ld: /work/src/fuzz/target/aarch64-unknown-linux-gnu/release/deps/libdecoder_fuzz-ce05a889a5992ba2.rlib(ef81103c4d9017e3-regcomp.o): in function `pg_reg_getcolor':
          /work/src/fuzz/core/csrc/regexfam/regc_color.c:121: multiple definition of `pg_reg_getcolor'; /work/src/fuzz/target/aarch64-unknown-linux-gnu/release/deps/libdecoder_fuzz-ce05a889a5992ba2.rlib(e5077b94270c8099-regcomp.o):/work/src/fuzz/core/csrc/jsonpath/regex/regc_color.c:121: first defined here
          /usr/bin/ld: /work/src/fuzz/target/aarch64-unknown-linux-gnu/release/deps/libdecoder_fuzz-ce05a889a5992ba2.rlib(ef81103c4d9017e3-regcomp.o): in function `pg_regcomp':
          /work/src/fuzz/core/csrc/regexfam/regcomp.c:394: multiple definition of `pg_regcomp'; /work/src/fuzz/target/aarch64-unknown-linux-gnu/release/deps/libdecoder_fuzz-ce05a889a5992ba2.rlib(e5077b94270c8099-regcomp.o):/work/src/fuzz/core/csrc/jsonpath/regex/regcomp.c:394: first defined here
          collect2: error: ld returned 1 exit status
          

error: linking with `cc` failed: exit status: 1
  |
  = note:  "cc" "-Wl,--fix-cortex-a53-843419" "/work/src/fuzz/target/aarch64-unknown-linux-gnu/release/deps/rustcAWT7WM/symbols.o" "-Wl,-Bstatic" "-Wl,--whole-archive" "-Wl,<sysroot>/lib/rustlib/aarch64-unknown-linux-gnu/lib/librustc-nightly_rt.asan.a" "-Wl,--no-whole-archive" "<2 object files omitted>" "-Wl,--as-needed" "/work/src/fuzz/target/aarch64-unknown-linux-gnu/release/deps/{libdecoder_fuzz-ce05a889a5992ba2,libxlogstats-751e0da5e1d12ef5,libpg_rusage-20d5fb84d8ce7557,libcontrib_earthdistance-62171827053ec27a,libpg_class-4a6d74a6c018be9f,libadt_rowtypes-a4794d852ca6027f,libscram_common-e11945b252d3826e,libpg_hmac-4cf5c8b3660544ec,libpg_sha1-e4ca6845b132ea16,libpg_b64-4d5978aeedd9d3bb,libwait_error-20952b494fe498e5,libarchive-a18627a2a5d84afb,libpercentrepl-14ab69f0310df459,libadt_geo-6770d8d70fec2eca,libpairingheap-c8d2e4f2c7da0b75,libintegerset-e3da0542e1488698,libbloomfilter-e81e1605f0f67fc0,libbinaryheap-4dc7ef4b569319f9,libxlogreader-0774eb388464beff,librmgr-fad9988223b51953,liblogical_message-4eac03c06d1a2b7f,libgeneric_xlog-e29770827080434e,libbrin_xlog-bdf62fcd1cb87abc,libbrin_pageops-b4596e69677f7f87,libspgist_xlog-d9f4155fa0b1d70e,libsequence_xlog-05743c11ff92a433,libgist_xlog-3b3eece8531c3cee,libgin_xlog-36a8224f6febd836,libhash_xlog-dcf93c2afa663f9d,libbufmask-d06f2393833f248e,libnbtree_xlog-8cfa7438e78cf895,librmgrdesc-c4043fa165a7d526,libstorage_xlog-6ede242fb8cfb582,libheapam_xlog-9c35524373005f1e,libpruneheap_seams-47081c2a9ecbd3a0,libstandby-900217fb076bd0b3,libxloginsert-ea25e7b653828abf,libslot-60dbff37e2354a17,libwalsender_config-1719c72ed736c52a,libps_status-9e8889726683f83f,libfreespace-c3920503646f316e,libfreespace_seams-7f56535f44633dcd,libvisibilitymap-32a2e6569bc412e0,libcommit_ts-b0d58e618cb0dfff,libfmgr_core-345bb33faa105317,libconv-1dae4e1af62cf618,libtrigfuncs-c9e19c681e8fd12a,libtypes_trigger_call-35588c35d2ed97b8,libpseudorandomfuncs-67c698e5a90215b2,libsignalfuncs-f41bb49d497dd420,libwaitfuncs-70d504b29546b473,liblockfuncs-3a1fe98e0eeca55d,libpredicate-da6f72c0ac78ae26,libadt_mcxtfuncs-280bf97c42440099,libmcxt_stats-6a84a80cfcd3be07,libadt_amutils-a4cdc16282f73d8f,libindexam_seams-d8bb22ee1f6636ef,libadt_ascii-eccdac96bde76e14,libcryptohashfuncs-f2c90d9a9efbddd1,libpg_sha2-7e8cd0c77d2b2c05,libpg_md5-9db52add57f6c8c4,libcommands_async-fd7742ed07809705,libtransam_xlog-aa94f7f7c5323017,libinjection_point-c19b8749c9895034,librewriteheap_seams-d025aa8c57ea5068,libreorderbuffer_seams-9732aa01e7fde36a,libwalsummarizer_seams-6aeff26758f7186b,libxlogarchive_seams-7b0a832e106e8c60,libcontroldata_utils-523f399c49868f8d,libxlogbackup-8eba4de1aabd6e15,libtransam-c8c93940c9321f01,libsubtrans-d18560baacc801f7,libadt_windowfuncs-efe92700a9d2545d,libname-9e433ee477e7c01c,libforeigncmds_seams-ebb06d7c63af3998,libextension_seams-b0fd0f0a1d3a93c0,libsequence_seams-2c2a544d9093595c,libpgstatfuncs-b04b02f61f2e4a7b,libxlogprefetcher_seams-99fd18a890a886bd,libwalreceiverfuncs_seams-e0c5686b2051d7ef,libbackend_status-412528491437a786,libbe_secure_openssl-5908e0e39e09f225,libpqcomm-8a383ca6fde8c625,libbe_secure_seams-fe1b9b96b09e4466,libbe_secure_common-9429915839f943ff,libopenssl-fae5147777c6f4ce,libbitflags-7ebc804116e5816e,libopenssl_sys-ed0af80f67595b71,libforeign_types-b85e7f622934b2fe,libforeign_types_shared-38fd452ebcc86072,libadt_varchar-d8aa7255f06540a8,libadt_quote-621f7e32f97e7463,libadt_pseudotypes-2e18886c0b5dc799,libadt_multirangetypes-60ba15774a1dc699,libadt_rangetypes-7ebc71c4eb6f3b94,libadt_network-e3b47774bda3f958,libdict_snowball-9f295a918c174ab5,libto_tsany-e38e9d66985e2211,libtsearch_spell-e40d364dda594880,libtsearch_dict-546994c9fe9bcd00,libwparser_def-ba8276c53d5319e0,libts_parse-d880d934b65e18b5,libts_cache-ffc0bedfce3f6662,libadt_regproc-ae9bd46cc2b19582,libregproc_seams-a8fff65d50bd9de4,libadt_tsrank-839dd70ac7abf87a,libadt_tsquery_core-5eb6058771e99226,libts_locale-f060694c1bc9854a,libadt_tsvector_core-8c26b52d654d248c,libadt_uuid-82d4a732bd9d012b,libdbsize-c2af8ac5afbe9907,librelfilenumbermap_seams-f6debd771440e4cd,librelpath-9ec1189d3d86781f,libxid8funcs-6c1de2dea05a15d0,libsnapmgr-ff16b3f223ddc07a,libprocarray-8af40a7ac99f732e,libadt_xml-7885107d78b1e53c,libadt_pg_lsn-c572c8e8e8902a4b,libadt_mac8-e7a2c3dd72991dfb,libadt_mac-39025185d703e9b2,libhbafuncs-5eaccc04f08b367c,libhba-3672706d996ff1ab,libauth_seams-1916e803525ce1d1,libhba_seams-00104f5e69d7a5a9,libifaddr-93fd4f69f9aff974,libadt_like-5d51c68fd0f83f92,libadt_jsonpath_exec-fe866fc3ae5e88be,libadt_regexp-b3ec604bfa858e13,libadt_jsonb-ec6e3a47cb2377c2,libgin_vocab-f305ccf087b97584,libtidbitmap-7b706235bc1f465d,libadt_jsonpath-d180883822b503d7,libregex_core-3705cff49e009ba1,libadt_json-ec33ef0df434fa21,libstack_depth-27af14c65c988a30,libadt_int-63f2744e582633ba,libadt_formatting-36a3f90d9b0d447b,libformatting_seams-545f741a627533c8,libadt_oracle_compat-fa9e5433034081d8,libadt_enum-4f4fd6de48c45986,libadt_encode-6197461d2a6b5ba3,libadt_date-d2a38c8d333598be,libadt_timestamp-371a1f98486da2b8,libstrftime-e9fd6ab59fff8820,libadt_datetime-658322d92d783542,libadt_domains-266e7086030b7def,libadt_char-3b14674b283f677d,libadt_cash-1ebbefa4080cd447,libadt_int8-cd615ebe985a22a7,libpg_locale-d7da641d2eeb634b,libunicode_case-ad6d4d9d4a617d3f,libpg_database_seams-e5f2c863976f4ca0,libarray_userfuncs-717cfb4089e3c0cb,libtuplesort_seams-ba45215515fc6034,libadt_bool-aea0cb7f23dbd10d,libtypes_brin-39f37e8e095f8a7a,libxact-5e3b3c236913193c,libvarsup-8fe8ce9a59ffbef6,libclog-5501dbc57bd031fb,libsnapbuild_seams-6c013334b39a10fb,liblogical_seams-497aadc4a35ed3bc,libcatalog_index_seams-a3fe73568af909d6,libbackend_progress_seams-9b5e63ecd9d45bee,libwaitevent-38efbcd9ec05d92b,liblogical_worker_seams-26ef86b6cf2b281e,liblauncher_seams-dd70cf89f86049a0,libcombocid_seams-e5baae2a3e70cffe,libsmgr-1c643f8d331ecad2,libmd-ae94ff8f2cadd388,librelmapper-23fbac0823eee1c9,libbe_fsstubs_seams-278c31eb720a825c,libtablecmds_seams-05cf293c8b8f0360,libportalmem-e99086726944e256,libsnapmgr_portal_seams-ef55f7b844a574dd,libexecmain_seams-de33e8b483c40ec6,libtcop_dest-65585d3dd3aef587,libcmdtag-94ef0535e8219814,libtqueue-0039d12300b8ec7e,libshm_mq-14779e2cd93dae94,libbgworker_seams-3910a5a00219659e,libexplain_dr-16ea723154065e4b,libinstrument-dc30d2505cd4d2dc,libbufmgr-3bce7b013903a886,libcheckpointer_seams-cc028aeeec209894,liblmgr-9c7acf83790a8736,libsubtrans_seams-59265c536a80b2f3,libaio_core-de6c4e5a6097acd4,libinterrupt-38d3980f2c7fe6ab,libipc-82b590ecb4558ba3,libipc_portal_seams-911dd6c6ad3fc6d3,libdsm_core-c69b394d07ee266f,libshmem-6222aa5bc5682f2f,libcondition_variable-551023ba9708fa91,libsql_functions_seams-0cf76159c92a51e4,libmatview_seams-f805ecf75afb281c,libcopy_seams-03ce06d5d4c1a4e8,libcreateas_seams-f3afe654c8e93372,libtstore_receiver-93602af11dc46125,libprinttup-094cce499a4be644,libpquery_seams-4b59d06ab36c6530,libportalcmds_seams-abd0b60962f45e3f,libplancache_portal_seams-604c3d966e852885,libxact_portal_seams-b671cb3e61822c1a,libfuncapi-4acece017d555b7a,libvarlena-3e84fd725164268e,libunicode_category-dfec1a8d82487208,libregex_core_seams-a54144c22a29fa2b,libregexp_seams-9aaa77a6ed36cc52,libregexp_alt-3cc5f4aa2c5a3e39,libmemchr-c1c772b32af6edef,libpg_bitutils-9ce59e6b55523d7f,libdetoast-a6f928a7c6233408,libpglz-c8227b10ae339654,libtoast_internals_seams-6631d4db878060c3,libpg_locale_seams-221c9a85607b3109,libunicode_norm-7f6b4be9cad93f64,libregex-987d3ec8914d4d31,libtuplestore-201f1a6ed4993348,libtuplestore_hold_seams-bf2672819177a738,libexectuples-3aeddedafd87c47a,libheaptuple-5957a1ebe22bfbc7,libtimeout-9150c990922f4fbe,libtrigger_seams-d000aefe41a70698,libguc-48a902909ab71434,libpgtz-0d88a5c1e3790126,libpgstrcasecmp-2d5bb6be4fe7b86e,liblocaltime-341b4404e092079d,libpgtz_seams-f0e0dbef2bc28d8b,libscalar_seams-42fdf2d69617cad9,libsuperuser_seams-81500230d63c6a02,libguc_file-c2985d12cbf7e82a,libguc_file_seams-e8aca69bd1f9d253,libconffiles_seams-c29f80cc71679feb,libspi_seams-81d2b0765ffc914d,liblock-a998a0225ac98854,libps_status_seams-72f10f0dbd65b7d2,liblmgr_seams-1a79c35fb1cfbef7,libresowner-ef03c35853dd68ec,libpredicate_seams-c7b45f32a048a94b,libresowner_portal_seams-b82e655cb4ba409c,libdynahash-f4d66d07cdf307df,libsinval-c27d9ba00d3703d2,libprocsignal-da775a5ce88fdc3b,libmcxt_seams-81a2deab41c5eeec,libwalsender_seams-3d1a18e975900d34,librepl_gram-a2199896fa5c1d76,librepl_scanner-eb82b5c8e290a00d,libparser_small1-6d5c41648578a87b,libadt_varbit-763a5ac151cf7445,libadt_numeric-934f6409ec5bfd07,libadt_float-3fc7250784ec32e1,libryu-f5d470691987cf73,libarrayfuncs-4f297e6f89959646,libtypcache-49d856501846daec,libtupdesc-192425bf6f010279,libindexcmds_seams-736107446b539416,libpg_enum_seams-442ef6258f485f49,libclauses_seams-79cf714c66cc6c7e,libfuncapi_srf-d37264ad11afdbc0,libpg_string-d847d957c8f91f2f,libstring_seams-5bf94cd301ca945d,libarrayutils-deebecef087bc0f4,libhyperloglog-2e613e81959b08d4,libnodes_core-6e9be101c8406416,liboutfuncs-44085880e8f5950f,liblsyscache-4aaba22eb13eeef0,liblsyscache_seams-725e2abc6a5ce575,libadt_scalar-82ff5f39715b115f,libmultixact-540b68f415c3801a,libmultixact_seams-b3ddb6c44af60829,libvarsup_seams-87311dda0148a36d,libdbcommands_seams-434e0cf410b96bc9,libslru-7232ed979a5a7c69,libsync_seams-e93d603ac693d86f,libpmsignal-c18da958b011b4aa,libpostmaster_seams-07c407d593a879f3,libtableam_seams-ec4ad685255ee37b,libtableam_vocab-f18f98f2860f1c35,libsyncscan_seams-fe5009ec4f7e4c9c,libtypes_slot-47d2085a32e6bfe5,libaclchk_seams-27d67368cd9c948e,libnbt_compare-87ecd1b5da63f4cc,libtypes_array-59663e5e53b8f5a6,libhashfn-4e63fe68fa5afe70,libpqformat-0706a6d17b2f35cc,libmbutils-25b1d1e57b4ede11,libreadfuncs-177e69096729627c,libtypcache_seams-78ba46f77610d4d2,libformat_type-10e5741048cf319d,libfmgr_seams-239931a2818b2323,libnamespace_seams-96bd7c70de246340,libkeywords-34ced61acfdc144d,libtypes_pathnodes-9297280bafd6e205,libnumutils-ca2c3d8bf259fad5,libqueryenvironment-36e4d3398e76dbe0,libtable-01fc7cc073b08662,libpg_class_seams-875e28574d6b0e0a,librelation_seams-b11b65e15f07a1ac,libtable_seams-de6ef45fa55f4356,librel_vocab-63fc9d1c19b7f3f3,libtypes_portal-86bb9a98d7465ec7,libtypes_nodes-2f2bbbedad1cf1a9,libwchar-730a1542d2a25cb6,libasync_seams-d1ea295ad0bd5d23,libtransam_seams-7dee6d5eefec0d22,libcommit_ts_seams-f21f0f8bb6a0b10b,liborigin_seams-a38749a07854803a,libstandby_seams-4d5c953a20920d36,libpgstat-961e9ea18494918c,libtwophase_seams-eaa1f71f8814e47f,libbackend_status_seams-f99c8e03234bdf4f,libslot_seams-6345520f62c98045,libmiscinit-54913cefb00206f1,libparallel_seams-ac2422d06e762a71,liblmgr_proc-6427e01d2d4d7c83,libautovacuum_seams-d658e6ff182c7882,libcondition_variable_seams-60b88573d7a53578,libsyncrep_seams-96fc96dc400f977b,liblock_seams-c18acdb6bcb6fb3a,libprocarray_seams-e5f3ae21f17bc6ac,libdeadlock_seams-a8034ac2699bcf20,libpmsignal_seams-a3c507ea47fb019a,liblwlock-091eaa2e3cdc93b5,libpg_sema_seams-635ab6199de6e6ec,libs_lock_seams-16438b4b8492401d,libpg_path-c92df880776c9813,liblibpq_pqsignal-19ad7e7af1c51bd3,libwaiteventset-a0f92565c1edb9e2,libpg_strong_random-df947762305e2188,liblatch-d8dc3c9f3d20414e,liblatch_seams-3dd8223ef62184a9,libprocsignal_seams-b551fd43f5fb9a00,libtimeout_seams-36f356bffcbae419,libwaiter-09d2e72aa83cca3c,liblmgr_proc_seams-1fe0854c72155662,libwaiteventset_seams-bc71c2e48fe3b5dc,libdfmgr-5b090352f40c516f,libshmem_seams-c3e37b0bf5524c6f,libfd-a252e1e5cd29898d,libresowner_seams-0c50ed7840f3c470,libpg_prng-392233ba56640d55,libpg_prng_seams-0de28d315faa0a8f,libaio_seams-a3c915b6d537207d,libwaitevent_seams-7e8d383033cddb49,libstartup_seams-b46c4a1f175c1e23,libpostgres_seams-1decdad7b04e33c4,libtablespace_seams-dffe27efd6966ba0,libvfs-ba9fd942a0706a22,libtimestamp_seams-8769c807ffb94618,libcatalog_storage_seams-dc64e68904e6f424,libinval-2a1a65612ed0b158,libinval_seams-a7db27d27facfb6b,librelmapper_seams-fc51dad5dbab2603,libsnapmgr_seams-b70faaf37e2b959b,libtypes_snapshot-f2438f62cfdb79a3,libcatcache_seams-2f92ef384147e7a1,libsyscache_seams-78ee4897a744abce,libcatalog_seams-e2acb76348dfcdbb,libinit_small-ef9c9d5d0a8c1208,libacl_seams-455a314aaeef6264,libxloginsert_seams-4a53fc77922b6ab8,libmiscinit_seams-ebfccaf8d955ff7c,libxact_seams-bb7a3d21b9fbd7a8,librelcache_seams-bfde55c02fa103fd,libjit_deform-d6be0d5cc36b41ea,libsinval_seams-726454a92bb24147,libtypes_resowner-b3658bfb1f7f327e,libxlogutils-f7dafa0fa7313b44,libxlogutils_seams-dd19b98b2fd2b396,libtransam_xlog_seams-7923cdc95803fc69,libfile_seams-94a82198b78a9d10,libtimeline_seams-9ee706e8938ed0b1,libsmgr_seams-e7ad749d3c208d30,libbufmgr_seams-e90c3ff825b0ef04,libxlogrecovery_seams-58833d067b127951,librelpath_seams-0c7948656bedfb74,libtypes_rel-198a6bc911f74509,libtypes_trigger-652f6ec8b283857f,libtypes_spgist-dd8843e3cfcf7dbb,libtypes_gist-0d5656e7438d24f8,libtypes_hash-7fbfa1b3e4f9cd8a,libtypes_bloom-90a79f2f84c03984,libtypes_nbtree-22927cd5b49d8c23,libtypes_scan-aadac3807e92c588,libtypes_fmgr-15a7af6bcfb5f519,libdetoast_seams-4f6bee22a1fe0174,libstringinfo-35cbaa895806325a,libtypes_tuple-a164e1a3a6942b6a,libelog-a877d3bcca017d83,libelog_seams-de02b77aa7ab07b4,libipc_seams-0cd45eff973aae57,libdatum-93fccccde6062ccd,libpgstat_seams-51d4022d5a0e57bf,libpqcomm_seams-9447855a6462a334,libmbutils_seams-a44a97e05a05debf,libinit_small_seams-85b89ec42ccb0a13,libsyslogger_seams-247fe9e13499a016,libtypes_startup-cd72d5ac62129009,libip-b6d88b556d9321f8,liberror_small_seams-345efdbaeec0007b,libpg_clock-329c724a2ddec8c6,libguc_tables-80bf517a77541901,libguc_seams-0971877aede49ea8,libtypes_guc-8912cfad37108023,libtypes_dest-d059a76f8d8c888e,libcrc32c-2d9a8ec9141a4e21,libxlogreader_seams-43a3aaef614e0a03,libseam_core-d26e0106a351aeef,libtypes_storage-59bab4963f754337,liblibc-1fec702575a82097,libpgsync-85521be7427eb0dc,libtypes_core-775902aa556dcd95,libmcx-448fae4c30b4f797,librustc_hash-4ad32aff0bc0dc49,libhashbrown-8fcfb73f1f52e8b0,libahash-f2cdf3f4692f6bb7,libonce_cell-a18764d3e4456760,libcfg_if-c0fdd5568c081294,libzerocopy-1ef84384eef5fce3,libtypes_error-ee668767750e7dc2,liballocator_api2-4c63d7a9357381ac,liblibfuzzer_sys-dc1febb8836c0ba8,libarbitrary-0bc829a0c7302f2b}.rlib" "<sysroot>/lib/rustlib/aarch64-unknown-linux-gnu/lib/{libstd-*,libpanic_unwind-*,libobject-*,libmemchr-*,libaddr2line-*,libgimli-*,libcfg_if-*,librustc_demangle-*,libstd_detect-*,libhashbrown-*,librustc_std_workspace_alloc-*,libminiz_oxide-*,libadler2-*,libunwind-*,liblibc-*,librustc_std_workspace_core-*,liballoc-*,libcore-*,libcompiler_builtins-*}.rlib" "-Wl,-Bdynamic" "-lstdc++" "-labsl_log_internal_check_op" "-labsl_log_internal_conditions" "-labsl_log_internal_message" "-labsl_examine_stack" "-labsl_log_internal_format" "-labsl_log_internal_proto" "-labsl_log_internal_nullguard" "-labsl_log_internal_log_sink_set" "-labsl_log_internal_globals" "-labsl_log_globals" "-labsl_log_sink" "-labsl_log_entry" "-labsl_strerror" "-labsl_vlog_config_internal" "-labsl_log_internal_fnmatch" "-labsl_flags_internal" "-labsl_flags_marshalling" "-labsl_flags_reflection" "-labsl_flags_private_handle_accessor" "-labsl_flags_commandlineflag" "-labsl_flags_commandlineflag_internal" "-labsl_flags_config" "-labsl_flags_program_name" "-labsl_cord" "-labsl_cordz_info" "-labsl_cord_internal" "-labsl_cordz_functions" "-labsl_cordz_handle" "-labsl_crc_cord_state" "-labsl_crc32c" "-labsl_crc_internal" "-labsl_crc_cpu_detect" "-labsl_raw_hash_set" "-labsl_hashtablez_sampler" "-labsl_exponential_biased" "-labsl_hash" "-labsl_city" "-labsl_bad_variant_access" "-labsl_low_level_hash" "-labsl_bad_optional_access" "-labsl_str_format_internal" "-labsl_synchronization" "-labsl_graphcycles_internal" "-labsl_kernel_timeout_internal" "-labsl_stacktrace" "-labsl_symbolize" "-labsl_debugging_internal" "-labsl_demangle_internal" "-labsl_demangle_rust" "-labsl_decode_rust_punycode" "-labsl_utf8_for_code_point" "-labsl_malloc_internal" "-labsl_time" "-labsl_civil_time" "-labsl_strings" "-labsl_strings_internal" "-labsl_string_view" "-labsl_base" "-latomic" "-lrt" "-labsl_spinlock_wait" "-labsl_int128" "-labsl_throw_delegate" "-labsl_raw_logging_internal" "-labsl_log_severity" "-labsl_time_zone" "-lstdc++" "-lgcc_s" "-lutil" "-lrt" "-lpthread" "-lm" "-ldl" "-lc" "-L" "/work/src/fuzz/target/aarch64-unknown-linux-gnu/release/deps/rustcAWT7WM/raw-dylibs" "-Wl,--eh-frame-hdr" "-Wl,-z,noexecstack" "-L" "/work/src/fuzz/target/aarch64-unknown-linux-gnu/release/build/decoder_fuzz-3e9bd349d077e8ca/out" "-L" "/work/src/fuzz/target/aarch64-unknown-linux-gnu/release/build/regexp_alt-5bf1a1806dea73f8/out" "-L" "/work/src/fuzz/target/aarch64-unknown-linux-gnu/release/build/openssl-sys-ca7f2fb5c1c26b08/out/openssl-build/install/lib" "-L" "/work/src/fuzz/target/aarch64-unknown-linux-gnu/release/build/libfuzzer-sys-b25806bf68759c69/out" "-L" "/usr/lib/aarch64-linux-gnu" "-L" "<sysroot>/lib/rustlib/aarch64-unknown-linux-gnu/lib" "-o" "/work/src/fuzz/target/aarch64-unknown-linux-gnu/release/deps/libfam_diff-f1058d98fc0c45e8" "-Wl,--gc-sections" "-pie" "-Wl,-z,relro,-z,now" "-Wl,-O1" "-nodefaultlibs"
  = note: some arguments are omitted. use `--verbose` to show all linker arguments
  = note: /usr/bin/ld: /work/src/fuzz/target/aarch64-unknown-linux-gnu/release/deps/libdecoder_fuzz-ce05a889a5992ba2.rlib(ef81103c4d9017e3-regcomp.o): in function `pg_reg_getcolor':
          /work/src/fuzz/core/csrc/regexfam/regc_color.c:121: multiple definition of `pg_reg_getcolor'; /work/src/fuzz/target/aarch64-unknown-linux-gnu/release/deps/libdecoder_fuzz-ce05a889a5992ba2.rlib(e5077b94270c8099-regcomp.o):/work/src/fuzz/core/csrc/jsonpath/regex/regc_color.c:121: first defined here
          /usr/bin/ld: /work/src/fuzz/target/aarch64-unknown-linux-gnu/release/deps/libdecoder_fuzz-ce05a889a5992ba2.rlib(ef81103c4d9017e3-regcomp.o): in function `pg_regcomp':
          /work/src/fuzz/core/csrc/regexfam/regcomp.c:394: multiple definition of `pg_regcomp'; /work/src/fuzz/target/aarch64-unknown-linux-gnu/release/deps/libdecoder_fuzz-ce05a889a5992ba2.rlib(e5077b94270c8099-regcomp.o):/work/src/fuzz/core/csrc/jsonpath/regex/regcomp.c:394: first defined here
          collect2: error: ld returned 1 exit status
          

error: linking with `cc` failed: exit status: 1
  |
  = note:  "cc" "-Wl,--fix-cortex-a53-843419" "/work/src/fuzz/target/aarch64-unknown-linux-gnu/release/deps/rustcEk6ZfQ/symbols.o" "-Wl,-Bstatic" "-Wl,--whole-archive" "-Wl,<sysroot>/lib/rustlib/aarch64-unknown-linux-gnu/lib/librustc-nightly_rt.asan.a" "-Wl,--no-whole-archive" "<2 object files omitted>" "-Wl,--as-needed" "/work/src/fuzz/target/aarch64-unknown-linux-gnu/release/deps/{libdecoder_fuzz-ce05a889a5992ba2,libxlogstats-751e0da5e1d12ef5,libpg_rusage-20d5fb84d8ce7557,libcontrib_earthdistance-62171827053ec27a,libpg_class-4a6d74a6c018be9f,libadt_rowtypes-a4794d852ca6027f,libscram_common-e11945b252d3826e,libpg_hmac-4cf5c8b3660544ec,libpg_sha1-e4ca6845b132ea16,libpg_b64-4d5978aeedd9d3bb,libwait_error-20952b494fe498e5,libarchive-a18627a2a5d84afb,libpercentrepl-14ab69f0310df459,libadt_geo-6770d8d70fec2eca,libpairingheap-c8d2e4f2c7da0b75,libintegerset-e3da0542e1488698,libbloomfilter-e81e1605f0f67fc0,libbinaryheap-4dc7ef4b569319f9,libxlogreader-0774eb388464beff,librmgr-fad9988223b51953,liblogical_message-4eac03c06d1a2b7f,libgeneric_xlog-e29770827080434e,libbrin_xlog-bdf62fcd1cb87abc,libbrin_pageops-b4596e69677f7f87,libspgist_xlog-d9f4155fa0b1d70e,libsequence_xlog-05743c11ff92a433,libgist_xlog-3b3eece8531c3cee,libgin_xlog-36a8224f6febd836,libhash_xlog-dcf93c2afa663f9d,libbufmask-d06f2393833f248e,libnbtree_xlog-8cfa7438e78cf895,librmgrdesc-c4043fa165a7d526,libstorage_xlog-6ede242fb8cfb582,libheapam_xlog-9c35524373005f1e,libpruneheap_seams-47081c2a9ecbd3a0,libstandby-900217fb076bd0b3,libxloginsert-ea25e7b653828abf,libslot-60dbff37e2354a17,libwalsender_config-1719c72ed736c52a,libps_status-9e8889726683f83f,libfreespace-c3920503646f316e,libfreespace_seams-7f56535f44633dcd,libvisibilitymap-32a2e6569bc412e0,libcommit_ts-b0d58e618cb0dfff,libfmgr_core-345bb33faa105317,libconv-1dae4e1af62cf618,libtrigfuncs-c9e19c681e8fd12a,libtypes_trigger_call-35588c35d2ed97b8,libpseudorandomfuncs-67c698e5a90215b2,libsignalfuncs-f41bb49d497dd420,libwaitfuncs-70d504b29546b473,liblockfuncs-3a1fe98e0eeca55d,libpredicate-da6f72c0ac78ae26,libadt_mcxtfuncs-280bf97c42440099,libmcxt_stats-6a84a80cfcd3be07,libadt_amutils-a4cdc16282f73d8f,libindexam_seams-d8bb22ee1f6636ef,libadt_ascii-eccdac96bde76e14,libcryptohashfuncs-f2c90d9a9efbddd1,libpg_sha2-7e8cd0c77d2b2c05,libpg_md5-9db52add57f6c8c4,libcommands_async-fd7742ed07809705,libtransam_xlog-aa94f7f7c5323017,libinjection_point-c19b8749c9895034,librewriteheap_seams-d025aa8c57ea5068,libreorderbuffer_seams-9732aa01e7fde36a,libwalsummarizer_seams-6aeff26758f7186b,libxlogarchive_seams-7b0a832e106e8c60,libcontroldata_utils-523f399c49868f8d,libxlogbackup-8eba4de1aabd6e15,libtransam-c8c93940c9321f01,libsubtrans-d18560baacc801f7,libadt_windowfuncs-efe92700a9d2545d,libname-9e433ee477e7c01c,libforeigncmds_seams-ebb06d7c63af3998,libextension_seams-b0fd0f0a1d3a93c0,libsequence_seams-2c2a544d9093595c,libpgstatfuncs-b04b02f61f2e4a7b,libxlogprefetcher_seams-99fd18a890a886bd,libwalreceiverfuncs_seams-e0c5686b2051d7ef,libbackend_status-412528491437a786,libbe_secure_openssl-5908e0e39e09f225,libpqcomm-8a383ca6fde8c625,libbe_secure_seams-fe1b9b96b09e4466,libbe_secure_common-9429915839f943ff,libopenssl-fae5147777c6f4ce,libbitflags-7ebc804116e5816e,libopenssl_sys-ed0af80f67595b71,libforeign_types-b85e7f622934b2fe,libforeign_types_shared-38fd452ebcc86072,libadt_varchar-d8aa7255f06540a8,libadt_quote-621f7e32f97e7463,libadt_pseudotypes-2e18886c0b5dc799,libadt_multirangetypes-60ba15774a1dc699,libadt_rangetypes-7ebc71c4eb6f3b94,libadt_network-e3b47774bda3f958,libdict_snowball-9f295a918c174ab5,libto_tsany-e38e9d66985e2211,libtsearch_spell-e40d364dda594880,libtsearch_dict-546994c9fe9bcd00,libwparser_def-ba8276c53d5319e0,libts_parse-d880d934b65e18b5,libts_cache-ffc0bedfce3f6662,libadt_regproc-ae9bd46cc2b19582,libregproc_seams-a8fff65d50bd9de4,libadt_tsrank-839dd70ac7abf87a,libadt_tsquery_core-5eb6058771e99226,libts_locale-f060694c1bc9854a,libadt_tsvector_core-8c26b52d654d248c,libadt_uuid-82d4a732bd9d012b,libdbsize-c2af8ac5afbe9907,librelfilenumbermap_seams-f6debd771440e4cd,librelpath-9ec1189d3d86781f,libxid8funcs-6c1de2dea05a15d0,libsnapmgr-ff16b3f223ddc07a,libprocarray-8af40a7ac99f732e,libadt_xml-7885107d78b1e53c,libadt_pg_lsn-c572c8e8e8902a4b,libadt_mac8-e7a2c3dd72991dfb,libadt_mac-39025185d703e9b2,libhbafuncs-5eaccc04f08b367c,libhba-3672706d996ff1ab,libauth_seams-1916e803525ce1d1,libhba_seams-00104f5e69d7a5a9,libifaddr-93fd4f69f9aff974,libadt_like-5d51c68fd0f83f92,libadt_jsonpath_exec-fe866fc3ae5e88be,libadt_regexp-b3ec604bfa858e13,libadt_jsonb-ec6e3a47cb2377c2,libgin_vocab-f305ccf087b97584,libtidbitmap-7b706235bc1f465d,libadt_jsonpath-d180883822b503d7,libregex_core-3705cff49e009ba1,libadt_json-ec33ef0df434fa21,libstack_depth-27af14c65c988a30,libadt_int-63f2744e582633ba,libadt_formatting-36a3f90d9b0d447b,libformatting_seams-545f741a627533c8,libadt_oracle_compat-fa9e5433034081d8,libadt_enum-4f4fd6de48c45986,libadt_encode-6197461d2a6b5ba3,libadt_date-d2a38c8d333598be,libadt_timestamp-371a1f98486da2b8,libstrftime-e9fd6ab59fff8820,libadt_datetime-658322d92d783542,libadt_domains-266e7086030b7def,libadt_char-3b14674b283f677d,libadt_cash-1ebbefa4080cd447,libadt_int8-cd615ebe985a22a7,libpg_locale-d7da641d2eeb634b,libunicode_case-ad6d4d9d4a617d3f,libpg_database_seams-e5f2c863976f4ca0,libarray_userfuncs-717cfb4089e3c0cb,libtuplesort_seams-ba45215515fc6034,libadt_bool-aea0cb7f23dbd10d,libtypes_brin-39f37e8e095f8a7a,libxact-5e3b3c236913193c,libvarsup-8fe8ce9a59ffbef6,libclog-5501dbc57bd031fb,libsnapbuild_seams-6c013334b39a10fb,liblogical_seams-497aadc4a35ed3bc,libcatalog_index_seams-a3fe73568af909d6,libbackend_progress_seams-9b5e63ecd9d45bee,libwaitevent-38efbcd9ec05d92b,liblogical_worker_seams-26ef86b6cf2b281e,liblauncher_seams-dd70cf89f86049a0,libcombocid_seams-e5baae2a3e70cffe,libsmgr-1c643f8d331ecad2,libmd-ae94ff8f2cadd388,librelmapper-23fbac0823eee1c9,libbe_fsstubs_seams-278c31eb720a825c,libtablecmds_seams-05cf293c8b8f0360,libportalmem-e99086726944e256,libsnapmgr_portal_seams-ef55f7b844a574dd,libexecmain_seams-de33e8b483c40ec6,libtcop_dest-65585d3dd3aef587,libcmdtag-94ef0535e8219814,libtqueue-0039d12300b8ec7e,libshm_mq-14779e2cd93dae94,libbgworker_seams-3910a5a00219659e,libexplain_dr-16ea723154065e4b,libinstrument-dc30d2505cd4d2dc,libbufmgr-3bce7b013903a886,libcheckpointer_seams-cc028aeeec209894,liblmgr-9c7acf83790a8736,libsubtrans_seams-59265c536a80b2f3,libaio_core-de6c4e5a6097acd4,libinterrupt-38d3980f2c7fe6ab,libipc-82b590ecb4558ba3,libipc_portal_seams-911dd6c6ad3fc6d3,libdsm_core-c69b394d07ee266f,libshmem-6222aa5bc5682f2f,libcondition_variable-551023ba9708fa91,libsql_functions_seams-0cf76159c92a51e4,libmatview_seams-f805ecf75afb281c,libcopy_seams-03ce06d5d4c1a4e8,libcreateas_seams-f3afe654c8e93372,libtstore_receiver-93602af11dc46125,libprinttup-094cce499a4be644,libpquery_seams-4b59d06ab36c6530,libportalcmds_seams-abd0b60962f45e3f,libplancache_portal_seams-604c3d966e852885,libxact_portal_seams-b671cb3e61822c1a,libfuncapi-4acece017d555b7a,libvarlena-3e84fd725164268e,libunicode_category-dfec1a8d82487208,libregex_core_seams-a54144c22a29fa2b,libregexp_seams-9aaa77a6ed36cc52,libregexp_alt-3cc5f4aa2c5a3e39,libmemchr-c1c772b32af6edef,libpg_bitutils-9ce59e6b55523d7f,libdetoast-a6f928a7c6233408,libpglz-c8227b10ae339654,libtoast_internals_seams-6631d4db878060c3,libpg_locale_seams-221c9a85607b3109,libunicode_norm-7f6b4be9cad93f64,libregex-987d3ec8914d4d31,libtuplestore-201f1a6ed4993348,libtuplestore_hold_seams-bf2672819177a738,libexectuples-3aeddedafd87c47a,libheaptuple-5957a1ebe22bfbc7,libtimeout-9150c990922f4fbe,libtrigger_seams-d000aefe41a70698,libguc-48a902909ab71434,libpgtz-0d88a5c1e3790126,libpgstrcasecmp-2d5bb6be4fe7b86e,liblocaltime-341b4404e092079d,libpgtz_seams-f0e0dbef2bc28d8b,libscalar_seams-42fdf2d69617cad9,libsuperuser_seams-81500230d63c6a02,libguc_file-c2985d12cbf7e82a,libguc_file_seams-e8aca69bd1f9d253,libconffiles_seams-c29f80cc71679feb,libspi_seams-81d2b0765ffc914d,liblock-a998a0225ac98854,libps_status_seams-72f10f0dbd65b7d2,liblmgr_seams-1a79c35fb1cfbef7,libresowner-ef03c35853dd68ec,libpredicate_seams-c7b45f32a048a94b,libresowner_portal_seams-b82e655cb4ba409c,libdynahash-f4d66d07cdf307df,libsinval-c27d9ba00d3703d2,libprocsignal-da775a5ce88fdc3b,libmcxt_seams-81a2deab41c5eeec,libwalsender_seams-3d1a18e975900d34,librepl_gram-a2199896fa5c1d76,librepl_scanner-eb82b5c8e290a00d,libparser_small1-6d5c41648578a87b,libadt_varbit-763a5ac151cf7445,libadt_numeric-934f6409ec5bfd07,libadt_float-3fc7250784ec32e1,libryu-f5d470691987cf73,libarrayfuncs-4f297e6f89959646,libtypcache-49d856501846daec,libtupdesc-192425bf6f010279,libindexcmds_seams-736107446b539416,libpg_enum_seams-442ef6258f485f49,libclauses_seams-79cf714c66cc6c7e,libfuncapi_srf-d37264ad11afdbc0,libpg_string-d847d957c8f91f2f,libstring_seams-5bf94cd301ca945d,libarrayutils-deebecef087bc0f4,libhyperloglog-2e613e81959b08d4,libnodes_core-6e9be101c8406416,liboutfuncs-44085880e8f5950f,liblsyscache-4aaba22eb13eeef0,liblsyscache_seams-725e2abc6a5ce575,libadt_scalar-82ff5f39715b115f,libmultixact-540b68f415c3801a,libmultixact_seams-b3ddb6c44af60829,libvarsup_seams-87311dda0148a36d,libdbcommands_seams-434e0cf410b96bc9,libslru-7232ed979a5a7c69,libsync_seams-e93d603ac693d86f,libpmsignal-c18da958b011b4aa,libpostmaster_seams-07c407d593a879f3,libtableam_seams-ec4ad685255ee37b,libtableam_vocab-f18f98f2860f1c35,libsyncscan_seams-fe5009ec4f7e4c9c,libtypes_slot-47d2085a32e6bfe5,libaclchk_seams-27d67368cd9c948e,libnbt_compare-87ecd1b5da63f4cc,libtypes_array-59663e5e53b8f5a6,libhashfn-4e63fe68fa5afe70,libpqformat-0706a6d17b2f35cc,libmbutils-25b1d1e57b4ede11,libreadfuncs-177e69096729627c,libtypcache_seams-78ba46f77610d4d2,libformat_type-10e5741048cf319d,libfmgr_seams-239931a2818b2323,libnamespace_seams-96bd7c70de246340,libkeywords-34ced61acfdc144d,libtypes_pathnodes-9297280bafd6e205,libnumutils-ca2c3d8bf259fad5,libqueryenvironment-36e4d3398e76dbe0,libtable-01fc7cc073b08662,libpg_class_seams-875e28574d6b0e0a,librelation_seams-b11b65e15f07a1ac,libtable_seams-de6ef45fa55f4356,librel_vocab-63fc9d1c19b7f3f3,libtypes_portal-86bb9a98d7465ec7,libtypes_nodes-2f2bbbedad1cf1a9,libwchar-730a1542d2a25cb6,libasync_seams-d1ea295ad0bd5d23,libtransam_seams-7dee6d5eefec0d22,libcommit_ts_seams-f21f0f8bb6a0b10b,liborigin_seams-a38749a07854803a,libstandby_seams-4d5c953a20920d36,libpgstat-961e9ea18494918c,libtwophase_seams-eaa1f71f8814e47f,libbackend_status_seams-f99c8e03234bdf4f,libslot_seams-6345520f62c98045,libmiscinit-54913cefb00206f1,libparallel_seams-ac2422d06e762a71,liblmgr_proc-6427e01d2d4d7c83,libautovacuum_seams-d658e6ff182c7882,libcondition_variable_seams-60b88573d7a53578,libsyncrep_seams-96fc96dc400f977b,liblock_seams-c18acdb6bcb6fb3a,libprocarray_seams-e5f3ae21f17bc6ac,libdeadlock_seams-a8034ac2699bcf20,libpmsignal_seams-a3c507ea47fb019a,liblwlock-091eaa2e3cdc93b5,libpg_sema_seams-635ab6199de6e6ec,libs_lock_seams-16438b4b8492401d,libpg_path-c92df880776c9813,liblibpq_pqsignal-19ad7e7af1c51bd3,libwaiteventset-a0f92565c1edb9e2,libpg_strong_random-df947762305e2188,liblatch-d8dc3c9f3d20414e,liblatch_seams-3dd8223ef62184a9,libprocsignal_seams-b551fd43f5fb9a00,libtimeout_seams-36f356bffcbae419,libwaiter-09d2e72aa83cca3c,liblmgr_proc_seams-1fe0854c72155662,libwaiteventset_seams-bc71c2e48fe3b5dc,libdfmgr-5b090352f40c516f,libshmem_seams-c3e37b0bf5524c6f,libfd-a252e1e5cd29898d,libresowner_seams-0c50ed7840f3c470,libpg_prng-392233ba56640d55,libpg_prng_seams-0de28d315faa0a8f,libaio_seams-a3c915b6d537207d,libwaitevent_seams-7e8d383033cddb49,libstartup_seams-b46c4a1f175c1e23,libpostgres_seams-1decdad7b04e33c4,libtablespace_seams-dffe27efd6966ba0,libvfs-ba9fd942a0706a22,libtimestamp_seams-8769c807ffb94618,libcatalog_storage_seams-dc64e68904e6f424,libinval-2a1a65612ed0b158,libinval_seams-a7db27d27facfb6b,librelmapper_seams-fc51dad5dbab2603,libsnapmgr_seams-b70faaf37e2b959b,libtypes_snapshot-f2438f62cfdb79a3,libcatcache_seams-2f92ef384147e7a1,libsyscache_seams-78ee4897a744abce,libcatalog_seams-e2acb76348dfcdbb,libinit_small-ef9c9d5d0a8c1208,libacl_seams-455a314aaeef6264,libxloginsert_seams-4a53fc77922b6ab8,libmiscinit_seams-ebfccaf8d955ff7c,libxact_seams-bb7a3d21b9fbd7a8,librelcache_seams-bfde55c02fa103fd,libjit_deform-d6be0d5cc36b41ea,libsinval_seams-726454a92bb24147,libtypes_resowner-b3658bfb1f7f327e,libxlogutils-f7dafa0fa7313b44,libxlogutils_seams-dd19b98b2fd2b396,libtransam_xlog_seams-7923cdc95803fc69,libfile_seams-94a82198b78a9d10,libtimeline_seams-9ee706e8938ed0b1,libsmgr_seams-e7ad749d3c208d30,libbufmgr_seams-e90c3ff825b0ef04,libxlogrecovery_seams-58833d067b127951,librelpath_seams-0c7948656bedfb74,libtypes_rel-198a6bc911f74509,libtypes_trigger-652f6ec8b283857f,libtypes_spgist-dd8843e3cfcf7dbb,libtypes_gist-0d5656e7438d24f8,libtypes_hash-7fbfa1b3e4f9cd8a,libtypes_bloom-90a79f2f84c03984,libtypes_nbtree-22927cd5b49d8c23,libtypes_scan-aadac3807e92c588,libtypes_fmgr-15a7af6bcfb5f519,libdetoast_seams-4f6bee22a1fe0174,libstringinfo-35cbaa895806325a,libtypes_tuple-a164e1a3a6942b6a,libelog-a877d3bcca017d83,libelog_seams-de02b77aa7ab07b4,libipc_seams-0cd45eff973aae57,libdatum-93fccccde6062ccd,libpgstat_seams-51d4022d5a0e57bf,libpqcomm_seams-9447855a6462a334,libmbutils_seams-a44a97e05a05debf,libinit_small_seams-85b89ec42ccb0a13,libsyslogger_seams-247fe9e13499a016,libtypes_startup-cd72d5ac62129009,libip-b6d88b556d9321f8,liberror_small_seams-345efdbaeec0007b,libpg_clock-329c724a2ddec8c6,libguc_tables-80bf517a77541901,libguc_seams-0971877aede49ea8,libtypes_guc-8912cfad37108023,libtypes_dest-d059a76f8d8c888e,libcrc32c-2d9a8ec9141a4e21,libxlogreader_seams-43a3aaef614e0a03,libseam_core-d26e0106a351aeef,libtypes_storage-59bab4963f754337,liblibc-1fec702575a82097,libpgsync-85521be7427eb0dc,libtypes_core-775902aa556dcd95,libmcx-448fae4c30b4f797,librustc_hash-4ad32aff0bc0dc49,libhashbrown-8fcfb73f1f52e8b0,libahash-f2cdf3f4692f6bb7,libonce_cell-a18764d3e4456760,libcfg_if-c0fdd5568c081294,libzerocopy-1ef84384eef5fce3,libtypes_error-ee668767750e7dc2,liballocator_api2-4c63d7a9357381ac,liblibfuzzer_sys-dc1febb8836c0ba8,libarbitrary-0bc829a0c7302f2b}.rlib" "<sysroot>/lib/rustlib/aarch64-unknown-linux-gnu/lib/{libstd-*,libpanic_unwind-*,libobject-*,libmemchr-*,libaddr2line-*,libgimli-*,libcfg_if-*,librustc_demangle-*,libstd_detect-*,libhashbrown-*,librustc_std_workspace_alloc-*,libminiz_oxide-*,libadler2-*,libunwind-*,liblibc-*,librustc_std_workspace_core-*,liballoc-*,libcore-*,libcompiler_builtins-*}.rlib" "-Wl,-Bdynamic" "-lstdc++" "-labsl_log_internal_check_op" "-labsl_log_internal_conditions" "-labsl_log_internal_message" "-labsl_examine_stack" "-labsl_log_internal_format" "-labsl_log_internal_proto" "-labsl_log_internal_nullguard" "-labsl_log_internal_log_sink_set" "-labsl_log_internal_globals" "-labsl_log_globals" "-labsl_log_sink" "-labsl_log_entry" "-labsl_strerror" "-labsl_vlog_config_internal" "-labsl_log_internal_fnmatch" "-labsl_flags_internal" "-labsl_flags_marshalling" "-labsl_flags_reflection" "-labsl_flags_private_handle_accessor" "-labsl_flags_commandlineflag" "-labsl_flags_commandlineflag_internal" "-labsl_flags_config" "-labsl_flags_program_name" "-labsl_cord" "-labsl_cordz_info" "-labsl_cord_internal" "-labsl_cordz_functions" "-labsl_cordz_handle" "-labsl_crc_cord_state" "-labsl_crc32c" "-labsl_crc_internal" "-labsl_crc_cpu_detect" "-labsl_raw_hash_set" "-labsl_hashtablez_sampler" "-labsl_exponential_biased" "-labsl_hash" "-labsl_city" "-labsl_bad_variant_access" "-labsl_low_level_hash" "-labsl_bad_optional_access" "-labsl_str_format_internal" "-labsl_synchronization" "-labsl_graphcycles_internal" "-labsl_kernel_timeout_internal" "-labsl_stacktrace" "-labsl_symbolize" "-labsl_debugging_internal" "-labsl_demangle_internal" "-labsl_demangle_rust" "-labsl_decode_rust_punycode" "-labsl_utf8_for_code_point" "-labsl_malloc_internal" "-labsl_time" "-labsl_civil_time" "-labsl_strings" "-labsl_strings_internal" "-labsl_string_view" "-labsl_base" "-latomic" "-lrt" "-labsl_spinlock_wait" "-labsl_int128" "-labsl_throw_delegate" "-labsl_raw_logging_internal" "-labsl_log_severity" "-labsl_time_zone" "-lstdc++" "-lgcc_s" "-lutil" "-lrt" "-lpthread" "-lm" "-ldl" "-lc" "-L" "/work/src/fuzz/target/aarch64-unknown-linux-gnu/release/deps/rustcEk6ZfQ/raw-dylibs" "-Wl,--eh-frame-hdr" "-Wl,-z,noexecstack" "-L" "/work/src/fuzz/target/aarch64-unknown-linux-gnu/release/build/decoder_fuzz-3e9bd349d077e8ca/out" "-L" "/work/src/fuzz/target/aarch64-unknown-linux-gnu/release/build/regexp_alt-5bf1a1806dea73f8/out" "-L" "/work/src/fuzz/target/aarch64-unknown-linux-gnu/release/build/openssl-sys-ca7f2fb5c1c26b08/out/openssl-build/install/lib" "-L" "/work/src/fuzz/target/aarch64-unknown-linux-gnu/release/build/libfuzzer-sys-b25806bf68759c69/out" "-L" "/usr/lib/aarch64-linux-gnu" "-L" "<sysroot>/lib/rustlib/aarch64-unknown-linux-gnu/lib" "-o" "/work/src/fuzz/target/aarch64-unknown-linux-gnu/release/deps/quote_diff-8c72bbf6c1203d91" "-Wl,--gc-sections" "-pie" "-Wl,-z,relro,-z,now" "-Wl,-O1" "-nodefaultlibs"
  = note: some arguments are omitted. use `--verbose` to show all linker arguments
  = note: /usr/bin/ld: /work/src/fuzz/target/aarch64-unknown-linux-gnu/release/deps/libdecoder_fuzz-ce05a889a5992ba2.rlib(ef81103c4d9017e3-regcomp.o): in function `pg_reg_getcolor':
          /work/src/fuzz/core/csrc/regexfam/regc_color.c:121: multiple definition of `pg_reg_getcolor'; /work/src/fuzz/target/aarch64-unknown-linux-gnu/release/deps/libdecoder_fuzz-ce05a889a5992ba2.rlib(e5077b94270c8099-regcomp.o):/work/src/fuzz/core/csrc/jsonpath/regex/regc_color.c:121: first defined here
          /usr/bin/ld: /work/src/fuzz/target/aarch64-unknown-linux-gnu/release/deps/libdecoder_fuzz-ce05a889a5992ba2.rlib(ef81103c4d9017e3-regcomp.o): in function `pg_regcomp':
          /work/src/fuzz/core/csrc/regexfam/regcomp.c:394: multiple definition of `pg_regcomp'; /work/src/fuzz/target/aarch64-unknown-linux-gnu/release/deps/libdecoder_fuzz-ce05a889a5992ba2.rlib(e5077b94270c8099-regcomp.o):/work/src/fuzz/core/csrc/jsonpath/regex/regcomp.c:394: first defined here
          collect2: error: ld returned 1 exit status
          

error: linking with `cc` failed: exit status: 1
  |
  = note:  "cc" "-Wl,--fix-cortex-a53-843419" "/work/src/fuzz/target/aarch64-unknown-linux-gnu/release/deps/rustcZHMBuG/symbols.o" "-Wl,-Bstatic" "-Wl,--whole-archive" "-Wl,<sysroot>/lib/rustlib/aarch64-unknown-linux-gnu/lib/librustc-nightly_rt.asan.a" "-Wl,--no-whole-archive" "<2 object files omitted>" "-Wl,--as-needed" "/work/src/fuzz/target/aarch64-unknown-linux-gnu/release/deps/{libdecoder_fuzz-ce05a889a5992ba2,libxlogstats-751e0da5e1d12ef5,libpg_rusage-20d5fb84d8ce7557,libcontrib_earthdistance-62171827053ec27a,libpg_class-4a6d74a6c018be9f,libadt_rowtypes-a4794d852ca6027f,libscram_common-e11945b252d3826e,libpg_hmac-4cf5c8b3660544ec,libpg_sha1-e4ca6845b132ea16,libpg_b64-4d5978aeedd9d3bb,libwait_error-20952b494fe498e5,libarchive-a18627a2a5d84afb,libpercentrepl-14ab69f0310df459,libadt_geo-6770d8d70fec2eca,libpairingheap-c8d2e4f2c7da0b75,libintegerset-e3da0542e1488698,libbloomfilter-e81e1605f0f67fc0,libbinaryheap-4dc7ef4b569319f9,libxlogreader-0774eb388464beff,librmgr-fad9988223b51953,liblogical_message-4eac03c06d1a2b7f,libgeneric_xlog-e29770827080434e,libbrin_xlog-bdf62fcd1cb87abc,libbrin_pageops-b4596e69677f7f87,libspgist_xlog-d9f4155fa0b1d70e,libsequence_xlog-05743c11ff92a433,libgist_xlog-3b3eece8531c3cee,libgin_xlog-36a8224f6febd836,libhash_xlog-dcf93c2afa663f9d,libbufmask-d06f2393833f248e,libnbtree_xlog-8cfa7438e78cf895,librmgrdesc-c4043fa165a7d526,libstorage_xlog-6ede242fb8cfb582,libheapam_xlog-9c35524373005f1e,libpruneheap_seams-47081c2a9ecbd3a0,libstandby-900217fb076bd0b3,libxloginsert-ea25e7b653828abf,libslot-60dbff37e2354a17,libwalsender_config-1719c72ed736c52a,libps_status-9e8889726683f83f,libfreespace-c3920503646f316e,libfreespace_seams-7f56535f44633dcd,libvisibilitymap-32a2e6569bc412e0,libcommit_ts-b0d58e618cb0dfff,libfmgr_core-345bb33faa105317,libconv-1dae4e1af62cf618,libtrigfuncs-c9e19c681e8fd12a,libtypes_trigger_call-35588c35d2ed97b8,libpseudorandomfuncs-67c698e5a90215b2,libsignalfuncs-f41bb49d497dd420,libwaitfuncs-70d504b29546b473,liblockfuncs-3a1fe98e0eeca55d,libpredicate-da6f72c0ac78ae26,libadt_mcxtfuncs-280bf97c42440099,libmcxt_stats-6a84a80cfcd3be07,libadt_amutils-a4cdc16282f73d8f,libindexam_seams-d8bb22ee1f6636ef,libadt_ascii-eccdac96bde76e14,libcryptohashfuncs-f2c90d9a9efbddd1,libpg_sha2-7e8cd0c77d2b2c05,libpg_md5-9db52add57f6c8c4,libcommands_async-fd7742ed07809705,libtransam_xlog-aa94f7f7c5323017,libinjection_point-c19b8749c9895034,librewriteheap_seams-d025aa8c57ea5068,libreorderbuffer_seams-9732aa01e7fde36a,libwalsummarizer_seams-6aeff26758f7186b,libxlogarchive_seams-7b0a832e106e8c60,libcontroldata_utils-523f399c49868f8d,libxlogbackup-8eba4de1aabd6e15,libtransam-c8c93940c9321f01,libsubtrans-d18560baacc801f7,libadt_windowfuncs-efe92700a9d2545d,libname-9e433ee477e7c01c,libforeigncmds_seams-ebb06d7c63af3998,libextension_seams-b0fd0f0a1d3a93c0,libsequence_seams-2c2a544d9093595c,libpgstatfuncs-b04b02f61f2e4a7b,libxlogprefetcher_seams-99fd18a890a886bd,libwalreceiverfuncs_seams-e0c5686b2051d7ef,libbackend_status-412528491437a786,libbe_secure_openssl-5908e0e39e09f225,libpqcomm-8a383ca6fde8c625,libbe_secure_seams-fe1b9b96b09e4466,libbe_secure_common-9429915839f943ff,libopenssl-fae5147777c6f4ce,libbitflags-7ebc804116e5816e,libopenssl_sys-ed0af80f67595b71,libforeign_types-b85e7f622934b2fe,libforeign_types_shared-38fd452ebcc86072,libadt_varchar-d8aa7255f06540a8,libadt_quote-621f7e32f97e7463,libadt_pseudotypes-2e18886c0b5dc799,libadt_multirangetypes-60ba15774a1dc699,libadt_rangetypes-7ebc71c4eb6f3b94,libadt_network-e3b47774bda3f958,libdict_snowball-9f295a918c174ab5,libto_tsany-e38e9d66985e2211,libtsearch_spell-e40d364dda594880,libtsearch_dict-546994c9fe9bcd00,libwparser_def-ba8276c53d5319e0,libts_parse-d880d934b65e18b5,libts_cache-ffc0bedfce3f6662,libadt_regproc-ae9bd46cc2b19582,libregproc_seams-a8fff65d50bd9de4,libadt_tsrank-839dd70ac7abf87a,libadt_tsquery_core-5eb6058771e99226,libts_locale-f060694c1bc9854a,libadt_tsvector_core-8c26b52d654d248c,libadt_uuid-82d4a732bd9d012b,libdbsize-c2af8ac5afbe9907,librelfilenumbermap_seams-f6debd771440e4cd,librelpath-9ec1189d3d86781f,libxid8funcs-6c1de2dea05a15d0,libsnapmgr-ff16b3f223ddc07a,libprocarray-8af40a7ac99f732e,libadt_xml-7885107d78b1e53c,libadt_pg_lsn-c572c8e8e8902a4b,libadt_mac8-e7a2c3dd72991dfb,libadt_mac-39025185d703e9b2,libhbafuncs-5eaccc04f08b367c,libhba-3672706d996ff1ab,libauth_seams-1916e803525ce1d1,libhba_seams-00104f5e69d7a5a9,libifaddr-93fd4f69f9aff974,libadt_like-5d51c68fd0f83f92,libadt_jsonpath_exec-fe866fc3ae5e88be,libadt_regexp-b3ec604bfa858e13,libadt_jsonb-ec6e3a47cb2377c2,libgin_vocab-f305ccf087b97584,libtidbitmap-7b706235bc1f465d,libadt_jsonpath-d180883822b503d7,libregex_core-3705cff49e009ba1,libadt_json-ec33ef0df434fa21,libstack_depth-27af14c65c988a30,libadt_int-63f2744e582633ba,libadt_formatting-36a3f90d9b0d447b,libformatting_seams-545f741a627533c8,libadt_oracle_compat-fa9e5433034081d8,libadt_enum-4f4fd6de48c45986,libadt_encode-6197461d2a6b5ba3,libadt_date-d2a38c8d333598be,libadt_timestamp-371a1f98486da2b8,libstrftime-e9fd6ab59fff8820,libadt_datetime-658322d92d783542,libadt_domains-266e7086030b7def,libadt_char-3b14674b283f677d,libadt_cash-1ebbefa4080cd447,libadt_int8-cd615ebe985a22a7,libpg_locale-d7da641d2eeb634b,libunicode_case-ad6d4d9d4a617d3f,libpg_database_seams-e5f2c863976f4ca0,libarray_userfuncs-717cfb4089e3c0cb,libtuplesort_seams-ba45215515fc6034,libadt_bool-aea0cb7f23dbd10d,libtypes_brin-39f37e8e095f8a7a,libxact-5e3b3c236913193c,libvarsup-8fe8ce9a59ffbef6,libclog-5501dbc57bd031fb,libsnapbuild_seams-6c013334b39a10fb,liblogical_seams-497aadc4a35ed3bc,libcatalog_index_seams-a3fe73568af909d6,libbackend_progress_seams-9b5e63ecd9d45bee,libwaitevent-38efbcd9ec05d92b,liblogical_worker_seams-26ef86b6cf2b281e,liblauncher_seams-dd70cf89f86049a0,libcombocid_seams-e5baae2a3e70cffe,libsmgr-1c643f8d331ecad2,libmd-ae94ff8f2cadd388,librelmapper-23fbac0823eee1c9,libbe_fsstubs_seams-278c31eb720a825c,libtablecmds_seams-05cf293c8b8f0360,libportalmem-e99086726944e256,libsnapmgr_portal_seams-ef55f7b844a574dd,libexecmain_seams-de33e8b483c40ec6,libtcop_dest-65585d3dd3aef587,libcmdtag-94ef0535e8219814,libtqueue-0039d12300b8ec7e,libshm_mq-14779e2cd93dae94,libbgworker_seams-3910a5a00219659e,libexplain_dr-16ea723154065e4b,libinstrument-dc30d2505cd4d2dc,libbufmgr-3bce7b013903a886,libcheckpointer_seams-cc028aeeec209894,liblmgr-9c7acf83790a8736,libsubtrans_seams-59265c536a80b2f3,libaio_core-de6c4e5a6097acd4,libinterrupt-38d3980f2c7fe6ab,libipc-82b590ecb4558ba3,libipc_portal_seams-911dd6c6ad3fc6d3,libdsm_core-c69b394d07ee266f,libshmem-6222aa5bc5682f2f,libcondition_variable-551023ba9708fa91,libsql_functions_seams-0cf76159c92a51e4,libmatview_seams-f805ecf75afb281c,libcopy_seams-03ce06d5d4c1a4e8,libcreateas_seams-f3afe654c8e93372,libtstore_receiver-93602af11dc46125,libprinttup-094cce499a4be644,libpquery_seams-4b59d06ab36c6530,libportalcmds_seams-abd0b60962f45e3f,libplancache_portal_seams-604c3d966e852885,libxact_portal_seams-b671cb3e61822c1a,libfuncapi-4acece017d555b7a,libvarlena-3e84fd725164268e,libunicode_category-dfec1a8d82487208,libregex_core_seams-a54144c22a29fa2b,libregexp_seams-9aaa77a6ed36cc52,libregexp_alt-3cc5f4aa2c5a3e39,libmemchr-c1c772b32af6edef,libpg_bitutils-9ce59e6b55523d7f,libdetoast-a6f928a7c6233408,libpglz-c8227b10ae339654,libtoast_internals_seams-6631d4db878060c3,libpg_locale_seams-221c9a85607b3109,libunicode_norm-7f6b4be9cad93f64,libregex-987d3ec8914d4d31,libtuplestore-201f1a6ed4993348,libtuplestore_hold_seams-bf2672819177a738,libexectuples-3aeddedafd87c47a,libheaptuple-5957a1ebe22bfbc7,libtimeout-9150c990922f4fbe,libtrigger_seams-d000aefe41a70698,libguc-48a902909ab71434,libpgtz-0d88a5c1e3790126,libpgstrcasecmp-2d5bb6be4fe7b86e,liblocaltime-341b4404e092079d,libpgtz_seams-f0e0dbef2bc28d8b,libscalar_seams-42fdf2d69617cad9,libsuperuser_seams-81500230d63c6a02,libguc_file-c2985d12cbf7e82a,libguc_file_seams-e8aca69bd1f9d253,libconffiles_seams-c29f80cc71679feb,libspi_seams-81d2b0765ffc914d,liblock-a998a0225ac98854,libps_status_seams-72f10f0dbd65b7d2,liblmgr_seams-1a79c35fb1cfbef7,libresowner-ef03c35853dd68ec,libpredicate_seams-c7b45f32a048a94b,libresowner_portal_seams-b82e655cb4ba409c,libdynahash-f4d66d07cdf307df,libsinval-c27d9ba00d3703d2,libprocsignal-da775a5ce88fdc3b,libmcxt_seams-81a2deab41c5eeec,libwalsender_seams-3d1a18e975900d34,librepl_gram-a2199896fa5c1d76,librepl_scanner-eb82b5c8e290a00d,libparser_small1-6d5c41648578a87b,libadt_varbit-763a5ac151cf7445,libadt_numeric-934f6409ec5bfd07,libadt_float-3fc7250784ec32e1,libryu-f5d470691987cf73,libarrayfuncs-4f297e6f89959646,libtypcache-49d856501846daec,libtupdesc-192425bf6f010279,libindexcmds_seams-736107446b539416,libpg_enum_seams-442ef6258f485f49,libclauses_seams-79cf714c66cc6c7e,libfuncapi_srf-d37264ad11afdbc0,libpg_string-d847d957c8f91f2f,libstring_seams-5bf94cd301ca945d,libarrayutils-deebecef087bc0f4,libhyperloglog-2e613e81959b08d4,libnodes_core-6e9be101c8406416,liboutfuncs-44085880e8f5950f,liblsyscache-4aaba22eb13eeef0,liblsyscache_seams-725e2abc6a5ce575,libadt_scalar-82ff5f39715b115f,libmultixact-540b68f415c3801a,libmultixact_seams-b3ddb6c44af60829,libvarsup_seams-87311dda0148a36d,libdbcommands_seams-434e0cf410b96bc9,libslru-7232ed979a5a7c69,libsync_seams-e93d603ac693d86f,libpmsignal-c18da958b011b4aa,libpostmaster_seams-07c407d593a879f3,libtableam_seams-ec4ad685255ee37b,libtableam_vocab-f18f98f2860f1c35,libsyncscan_seams-fe5009ec4f7e4c9c,libtypes_slot-47d2085a32e6bfe5,libaclchk_seams-27d67368cd9c948e,libnbt_compare-87ecd1b5da63f4cc,libtypes_array-59663e5e53b8f5a6,libhashfn-4e63fe68fa5afe70,libpqformat-0706a6d17b2f35cc,libmbutils-25b1d1e57b4ede11,libreadfuncs-177e69096729627c,libtypcache_seams-78ba46f77610d4d2,libformat_type-10e5741048cf319d,libfmgr_seams-239931a2818b2323,libnamespace_seams-96bd7c70de246340,libkeywords-34ced61acfdc144d,libtypes_pathnodes-9297280bafd6e205,libnumutils-ca2c3d8bf259fad5,libqueryenvironment-36e4d3398e76dbe0,libtable-01fc7cc073b08662,libpg_class_seams-875e28574d6b0e0a,librelation_seams-b11b65e15f07a1ac,libtable_seams-de6ef45fa55f4356,librel_vocab-63fc9d1c19b7f3f3,libtypes_portal-86bb9a98d7465ec7,libtypes_nodes-2f2bbbedad1cf1a9,libwchar-730a1542d2a25cb6,libasync_seams-d1ea295ad0bd5d23,libtransam_seams-7dee6d5eefec0d22,libcommit_ts_seams-f21f0f8bb6a0b10b,liborigin_seams-a38749a07854803a,libstandby_seams-4d5c953a20920d36,libpgstat-961e9ea18494918c,libtwophase_seams-eaa1f71f8814e47f,libbackend_status_seams-f99c8e03234bdf4f,libslot_seams-6345520f62c98045,libmiscinit-54913cefb00206f1,libparallel_seams-ac2422d06e762a71,liblmgr_proc-6427e01d2d4d7c83,libautovacuum_seams-d658e6ff182c7882,libcondition_variable_seams-60b88573d7a53578,libsyncrep_seams-96fc96dc400f977b,liblock_seams-c18acdb6bcb6fb3a,libprocarray_seams-e5f3ae21f17bc6ac,libdeadlock_seams-a8034ac2699bcf20,libpmsignal_seams-a3c507ea47fb019a,liblwlock-091eaa2e3cdc93b5,libpg_sema_seams-635ab6199de6e6ec,libs_lock_seams-16438b4b8492401d,libpg_path-c92df880776c9813,liblibpq_pqsignal-19ad7e7af1c51bd3,libwaiteventset-a0f92565c1edb9e2,libpg_strong_random-df947762305e2188,liblatch-d8dc3c9f3d20414e,liblatch_seams-3dd8223ef62184a9,libprocsignal_seams-b551fd43f5fb9a00,libtimeout_seams-36f356bffcbae419,libwaiter-09d2e72aa83cca3c,liblmgr_proc_seams-1fe0854c72155662,libwaiteventset_seams-bc71c2e48fe3b5dc,libdfmgr-5b090352f40c516f,libshmem_seams-c3e37b0bf5524c6f,libfd-a252e1e5cd29898d,libresowner_seams-0c50ed7840f3c470,libpg_prng-392233ba56640d55,libpg_prng_seams-0de28d315faa0a8f,libaio_seams-a3c915b6d537207d,libwaitevent_seams-7e8d383033cddb49,libstartup_seams-b46c4a1f175c1e23,libpostgres_seams-1decdad7b04e33c4,libtablespace_seams-dffe27efd6966ba0,libvfs-ba9fd942a0706a22,libtimestamp_seams-8769c807ffb94618,libcatalog_storage_seams-dc64e68904e6f424,libinval-2a1a65612ed0b158,libinval_seams-a7db27d27facfb6b,librelmapper_seams-fc51dad5dbab2603,libsnapmgr_seams-b70faaf37e2b959b,libtypes_snapshot-f2438f62cfdb79a3,libcatcache_seams-2f92ef384147e7a1,libsyscache_seams-78ee4897a744abce,libcatalog_seams-e2acb76348dfcdbb,libinit_small-ef9c9d5d0a8c1208,libacl_seams-455a314aaeef6264,libxloginsert_seams-4a53fc77922b6ab8,libmiscinit_seams-ebfccaf8d955ff7c,libxact_seams-bb7a3d21b9fbd7a8,librelcache_seams-bfde55c02fa103fd,libjit_deform-d6be0d5cc36b41ea,libsinval_seams-726454a92bb24147,libtypes_resowner-b3658bfb1f7f327e,libxlogutils-f7dafa0fa7313b44,libxlogutils_seams-dd19b98b2fd2b396,libtransam_xlog_seams-7923cdc95803fc69,libfile_seams-94a82198b78a9d10,libtimeline_seams-9ee706e8938ed0b1,libsmgr_seams-e7ad749d3c208d30,libbufmgr_seams-e90c3ff825b0ef04,libxlogrecovery_seams-58833d067b127951,librelpath_seams-0c7948656bedfb74,libtypes_rel-198a6bc911f74509,libtypes_trigger-652f6ec8b283857f,libtypes_spgist-dd8843e3cfcf7dbb,libtypes_gist-0d5656e7438d24f8,libtypes_hash-7fbfa1b3e4f9cd8a,libtypes_bloom-90a79f2f84c03984,libtypes_nbtree-22927cd5b49d8c23,libtypes_scan-aadac3807e92c588,libtypes_fmgr-15a7af6bcfb5f519,libdetoast_seams-4f6bee22a1fe0174,libstringinfo-35cbaa895806325a,libtypes_tuple-a164e1a3a6942b6a,libelog-a877d3bcca017d83,libelog_seams-de02b77aa7ab07b4,libipc_seams-0cd45eff973aae57,libdatum-93fccccde6062ccd,libpgstat_seams-51d4022d5a0e57bf,libpqcomm_seams-9447855a6462a334,libmbutils_seams-a44a97e05a05debf,libinit_small_seams-85b89ec42ccb0a13,libsyslogger_seams-247fe9e13499a016,libtypes_startup-cd72d5ac62129009,libip-b6d88b556d9321f8,liberror_small_seams-345efdbaeec0007b,libpg_clock-329c724a2ddec8c6,libguc_tables-80bf517a77541901,libguc_seams-0971877aede49ea8,libtypes_guc-8912cfad37108023,libtypes_dest-d059a76f8d8c888e,libcrc32c-2d9a8ec9141a4e21,libxlogreader_seams-43a3aaef614e0a03,libseam_core-d26e0106a351aeef,libtypes_storage-59bab4963f754337,liblibc-1fec702575a82097,libpgsync-85521be7427eb0dc,libtypes_core-775902aa556dcd95,libmcx-448fae4c30b4f797,librustc_hash-4ad32aff0bc0dc49,libhashbrown-8fcfb73f1f52e8b0,libahash-f2cdf3f4692f6bb7,libonce_cell-a18764d3e4456760,libcfg_if-c0fdd5568c081294,libzerocopy-1ef84384eef5fce3,libtypes_error-ee668767750e7dc2,liballocator_api2-4c63d7a9357381ac,liblibfuzzer_sys-dc1febb8836c0ba8,libarbitrary-0bc829a0c7302f2b}.rlib" "<sysroot>/lib/rustlib/aarch64-unknown-linux-gnu/lib/{libstd-*,libpanic_unwind-*,libobject-*,libmemchr-*,libaddr2line-*,libgimli-*,libcfg_if-*,librustc_demangle-*,libstd_detect-*,libhashbrown-*,librustc_std_workspace_alloc-*,libminiz_oxide-*,libadler2-*,libunwind-*,liblibc-*,librustc_std_workspace_core-*,liballoc-*,libcore-*,libcompiler_builtins-*}.rlib" "-Wl,-Bdynamic" "-lstdc++" "-labsl_log_internal_check_op" "-labsl_log_internal_conditions" "-labsl_log_internal_message" "-labsl_examine_stack" "-labsl_log_internal_format" "-labsl_log_internal_proto" "-labsl_log_internal_nullguard" "-labsl_log_internal_log_sink_set" "-labsl_log_internal_globals" "-labsl_log_globals" "-labsl_log_sink" "-labsl_log_entry" "-labsl_strerror" "-labsl_vlog_config_internal" "-labsl_log_internal_fnmatch" "-labsl_flags_internal" "-labsl_flags_marshalling" "-labsl_flags_reflection" "-labsl_flags_private_handle_accessor" "-labsl_flags_commandlineflag" "-labsl_flags_commandlineflag_internal" "-labsl_flags_config" "-labsl_flags_program_name" "-labsl_cord" "-labsl_cordz_info" "-labsl_cord_internal" "-labsl_cordz_functions" "-labsl_cordz_handle" "-labsl_crc_cord_state" "-labsl_crc32c" "-labsl_crc_internal" "-labsl_crc_cpu_detect" "-labsl_raw_hash_set" "-labsl_hashtablez_sampler" "-labsl_exponential_biased" "-labsl_hash" "-labsl_city" "-labsl_bad_variant_access" "-labsl_low_level_hash" "-labsl_bad_optional_access" "-labsl_str_format_internal" "-labsl_synchronization" "-labsl_graphcycles_internal" "-labsl_kernel_timeout_internal" "-labsl_stacktrace" "-labsl_symbolize" "-labsl_debugging_internal" "-labsl_demangle_internal" "-labsl_demangle_rust" "-labsl_decode_rust_punycode" "-labsl_utf8_for_code_point" "-labsl_malloc_internal" "-labsl_time" "-labsl_civil_time" "-labsl_strings" "-labsl_strings_internal" "-labsl_string_view" "-labsl_base" "-latomic" "-lrt" "-labsl_spinlock_wait" "-labsl_int128" "-labsl_throw_delegate" "-labsl_raw_logging_internal" "-labsl_log_severity" "-labsl_time_zone" "-lstdc++" "-lgcc_s" "-lutil" "-lrt" "-lpthread" "-lm" "-ldl" "-lc" "-L" "/work/src/fuzz/target/aarch64-unknown-linux-gnu/release/deps/rustcZHMBuG/raw-dylibs" "-Wl,--eh-frame-hdr" "-Wl,-z,noexecstack" "-L" "/work/src/fuzz/target/aarch64-unknown-linux-gnu/release/build/decoder_fuzz-3e9bd349d077e8ca/out" "-L" "/work/src/fuzz/target/aarch64-unknown-linux-gnu/release/build/regexp_alt-5bf1a1806dea73f8/out" "-L" "/work/src/fuzz/target/aarch64-unknown-linux-gnu/release/build/openssl-sys-ca7f2fb5c1c26b08/out/openssl-build/install/lib" "-L" "/work/src/fuzz/target/aarch64-unknown-linux-gnu/release/build/libfuzzer-sys-b25806bf68759c69/out" "-L" "/usr/lib/aarch64-linux-gnu" "-L" "<sysroot>/lib/rustlib/aarch64-unknown-linux-gnu/lib" "-o" "/work/src/fuzz/target/aarch64-unknown-linux-gnu/release/deps/bool_diff-a378976bca75cb66" "-Wl,--gc-sections" "-pie" "-Wl,-z,relro,-z,now" "-Wl,-O1" "-nodefaultlibs"
  = note: some arguments are omitted. use `--verbose` to show all linker arguments
  = note: /usr/bin/ld: /work/src/fuzz/target/aarch64-unknown-linux-gnu/release/deps/libdecoder_fuzz-ce05a889a5992ba2.rlib(ef81103c4d9017e3-regcomp.o): in function `pg_reg_getcolor':
          /work/src/fuzz/core/csrc/regexfam/regc_color.c:121: multiple definition of `pg_reg_getcolor'; /work/src/fuzz/target/aarch64-unknown-linux-gnu/release/deps/libdecoder_fuzz-ce05a889a5992ba2.rlib(e5077b94270c8099-regcomp.o):/work/src/fuzz/core/csrc/jsonpath/regex/regc_color.c:121: first defined here
          /usr/bin/ld: /work/src/fuzz/target/aarch64-unknown-linux-gnu/release/deps/libdecoder_fuzz-ce05a889a5992ba2.rlib(ef81103c4d9017e3-regcomp.o): in function `pg_regcomp':
          /work/src/fuzz/core/csrc/regexfam/regcomp.c:394: multiple definition of `pg_regcomp'; /work/src/fuzz/target/aarch64-unknown-linux-gnu/release/deps/libdecoder_fuzz-ce05a889a5992ba2.rlib(e5077b94270c8099-regcomp.o):/work/src/fuzz/core/csrc/jsonpath/regex/regcomp.c:394: first defined here
          collect2: error: ld returned 1 exit status
          

error: linking with `cc` failed: exit status: 1
  |
  = note:  "cc" "-Wl,--fix-cortex-a53-843419" "/work/src/fuzz/target/aarch64-unknown-linux-gnu/release/deps/rustcxXMNiP/symbols.o" "-Wl,-Bstatic" "-Wl,--whole-archive" "-Wl,<sysroot>/lib/rustlib/aarch64-unknown-linux-gnu/lib/librustc-nightly_rt.asan.a" "-Wl,--no-whole-archive" "<2 object files omitted>" "-Wl,--as-needed" "/work/src/fuzz/target/aarch64-unknown-linux-gnu/release/deps/{libdecoder_fuzz-ce05a889a5992ba2,libxlogstats-751e0da5e1d12ef5,libpg_rusage-20d5fb84d8ce7557,libcontrib_earthdistance-62171827053ec27a,libpg_class-4a6d74a6c018be9f,libadt_rowtypes-a4794d852ca6027f,libscram_common-e11945b252d3826e,libpg_hmac-4cf5c8b3660544ec,libpg_sha1-e4ca6845b132ea16,libpg_b64-4d5978aeedd9d3bb,libwait_error-20952b494fe498e5,libarchive-a18627a2a5d84afb,libpercentrepl-14ab69f0310df459,libadt_geo-6770d8d70fec2eca,libpairingheap-c8d2e4f2c7da0b75,libintegerset-e3da0542e1488698,libbloomfilter-e81e1605f0f67fc0,libbinaryheap-4dc7ef4b569319f9,libxlogreader-0774eb388464beff,librmgr-fad9988223b51953,liblogical_message-4eac03c06d1a2b7f,libgeneric_xlog-e29770827080434e,libbrin_xlog-bdf62fcd1cb87abc,libbrin_pageops-b4596e69677f7f87,libspgist_xlog-d9f4155fa0b1d70e,libsequence_xlog-05743c11ff92a433,libgist_xlog-3b3eece8531c3cee,libgin_xlog-36a8224f6febd836,libhash_xlog-dcf93c2afa663f9d,libbufmask-d06f2393833f248e,libnbtree_xlog-8cfa7438e78cf895,librmgrdesc-c4043fa165a7d526,libstorage_xlog-6ede242fb8cfb582,libheapam_xlog-9c35524373005f1e,libpruneheap_seams-47081c2a9ecbd3a0,libstandby-900217fb076bd0b3,libxloginsert-ea25e7b653828abf,libslot-60dbff37e2354a17,libwalsender_config-1719c72ed736c52a,libps_status-9e8889726683f83f,libfreespace-c3920503646f316e,libfreespace_seams-7f56535f44633dcd,libvisibilitymap-32a2e6569bc412e0,libcommit_ts-b0d58e618cb0dfff,libfmgr_core-345bb33faa105317,libconv-1dae4e1af62cf618,libtrigfuncs-c9e19c681e8fd12a,libtypes_trigger_call-35588c35d2ed97b8,libpseudorandomfuncs-67c698e5a90215b2,libsignalfuncs-f41bb49d497dd420,libwaitfuncs-70d504b29546b473,liblockfuncs-3a1fe98e0eeca55d,libpredicate-da6f72c0ac78ae26,libadt_mcxtfuncs-280bf97c42440099,libmcxt_stats-6a84a80cfcd3be07,libadt_amutils-a4cdc16282f73d8f,libindexam_seams-d8bb22ee1f6636ef,libadt_ascii-eccdac96bde76e14,libcryptohashfuncs-f2c90d9a9efbddd1,libpg_sha2-7e8cd0c77d2b2c05,libpg_md5-9db52add57f6c8c4,libcommands_async-fd7742ed07809705,libtransam_xlog-aa94f7f7c5323017,libinjection_point-c19b8749c9895034,librewriteheap_seams-d025aa8c57ea5068,libreorderbuffer_seams-9732aa01e7fde36a,libwalsummarizer_seams-6aeff26758f7186b,libxlogarchive_seams-7b0a832e106e8c60,libcontroldata_utils-523f399c49868f8d,libxlogbackup-8eba4de1aabd6e15,libtransam-c8c93940c9321f01,libsubtrans-d18560baacc801f7,libadt_windowfuncs-efe92700a9d2545d,libname-9e433ee477e7c01c,libforeigncmds_seams-ebb06d7c63af3998,libextension_seams-b0fd0f0a1d3a93c0,libsequence_seams-2c2a544d9093595c,libpgstatfuncs-b04b02f61f2e4a7b,libxlogprefetcher_seams-99fd18a890a886bd,libwalreceiverfuncs_seams-e0c5686b2051d7ef,libbackend_status-412528491437a786,libbe_secure_openssl-5908e0e39e09f225,libpqcomm-8a383ca6fde8c625,libbe_secure_seams-fe1b9b96b09e4466,libbe_secure_common-9429915839f943ff,libopenssl-fae5147777c6f4ce,libbitflags-7ebc804116e5816e,libopenssl_sys-ed0af80f67595b71,libforeign_types-b85e7f622934b2fe,libforeign_types_shared-38fd452ebcc86072,libadt_varchar-d8aa7255f06540a8,libadt_quote-621f7e32f97e7463,libadt_pseudotypes-2e18886c0b5dc799,libadt_multirangetypes-60ba15774a1dc699,libadt_rangetypes-7ebc71c4eb6f3b94,libadt_network-e3b47774bda3f958,libdict_snowball-9f295a918c174ab5,libto_tsany-e38e9d66985e2211,libtsearch_spell-e40d364dda594880,libtsearch_dict-546994c9fe9bcd00,libwparser_def-ba8276c53d5319e0,libts_parse-d880d934b65e18b5,libts_cache-ffc0bedfce3f6662,libadt_regproc-ae9bd46cc2b19582,libregproc_seams-a8fff65d50bd9de4,libadt_tsrank-839dd70ac7abf87a,libadt_tsquery_core-5eb6058771e99226,libts_locale-f060694c1bc9854a,libadt_tsvector_core-8c26b52d654d248c,libadt_uuid-82d4a732bd9d012b,libdbsize-c2af8ac5afbe9907,librelfilenumbermap_seams-f6debd771440e4cd,librelpath-9ec1189d3d86781f,libxid8funcs-6c1de2dea05a15d0,libsnapmgr-ff16b3f223ddc07a,libprocarray-8af40a7ac99f732e,libadt_xml-7885107d78b1e53c,libadt_pg_lsn-c572c8e8e8902a4b,libadt_mac8-e7a2c3dd72991dfb,libadt_mac-39025185d703e9b2,libhbafuncs-5eaccc04f08b367c,libhba-3672706d996ff1ab,libauth_seams-1916e803525ce1d1,libhba_seams-00104f5e69d7a5a9,libifaddr-93fd4f69f9aff974,libadt_like-5d51c68fd0f83f92,libadt_jsonpath_exec-fe866fc3ae5e88be,libadt_regexp-b3ec604bfa858e13,libadt_jsonb-ec6e3a47cb2377c2,libgin_vocab-f305ccf087b97584,libtidbitmap-7b706235bc1f465d,libadt_jsonpath-d180883822b503d7,libregex_core-3705cff49e009ba1,libadt_json-ec33ef0df434fa21,libstack_depth-27af14c65c988a30,libadt_int-63f2744e582633ba,libadt_formatting-36a3f90d9b0d447b,libformatting_seams-545f741a627533c8,libadt_oracle_compat-fa9e5433034081d8,libadt_enum-4f4fd6de48c45986,libadt_encode-6197461d2a6b5ba3,libadt_date-d2a38c8d333598be,libadt_timestamp-371a1f98486da2b8,libstrftime-e9fd6ab59fff8820,libadt_datetime-658322d92d783542,libadt_domains-266e7086030b7def,libadt_char-3b14674b283f677d,libadt_cash-1ebbefa4080cd447,libadt_int8-cd615ebe985a22a7,libpg_locale-d7da641d2eeb634b,libunicode_case-ad6d4d9d4a617d3f,libpg_database_seams-e5f2c863976f4ca0,libarray_userfuncs-717cfb4089e3c0cb,libtuplesort_seams-ba45215515fc6034,libadt_bool-aea0cb7f23dbd10d,libtypes_brin-39f37e8e095f8a7a,libxact-5e3b3c236913193c,libvarsup-8fe8ce9a59ffbef6,libclog-5501dbc57bd031fb,libsnapbuild_seams-6c013334b39a10fb,liblogical_seams-497aadc4a35ed3bc,libcatalog_index_seams-a3fe73568af909d6,libbackend_progress_seams-9b5e63ecd9d45bee,libwaitevent-38efbcd9ec05d92b,liblogical_worker_seams-26ef86b6cf2b281e,liblauncher_seams-dd70cf89f86049a0,libcombocid_seams-e5baae2a3e70cffe,libsmgr-1c643f8d331ecad2,libmd-ae94ff8f2cadd388,librelmapper-23fbac0823eee1c9,libbe_fsstubs_seams-278c31eb720a825c,libtablecmds_seams-05cf293c8b8f0360,libportalmem-e99086726944e256,libsnapmgr_portal_seams-ef55f7b844a574dd,libexecmain_seams-de33e8b483c40ec6,libtcop_dest-65585d3dd3aef587,libcmdtag-94ef0535e8219814,libtqueue-0039d12300b8ec7e,libshm_mq-14779e2cd93dae94,libbgworker_seams-3910a5a00219659e,libexplain_dr-16ea723154065e4b,libinstrument-dc30d2505cd4d2dc,libbufmgr-3bce7b013903a886,libcheckpointer_seams-cc028aeeec209894,liblmgr-9c7acf83790a8736,libsubtrans_seams-59265c536a80b2f3,libaio_core-de6c4e5a6097acd4,libinterrupt-38d3980f2c7fe6ab,libipc-82b590ecb4558ba3,libipc_portal_seams-911dd6c6ad3fc6d3,libdsm_core-c69b394d07ee266f,libshmem-6222aa5bc5682f2f,libcondition_variable-551023ba9708fa91,libsql_functions_seams-0cf76159c92a51e4,libmatview_seams-f805ecf75afb281c,libcopy_seams-03ce06d5d4c1a4e8,libcreateas_seams-f3afe654c8e93372,libtstore_receiver-93602af11dc46125,libprinttup-094cce499a4be644,libpquery_seams-4b59d06ab36c6530,libportalcmds_seams-abd0b60962f45e3f,libplancache_portal_seams-604c3d966e852885,libxact_portal_seams-b671cb3e61822c1a,libfuncapi-4acece017d555b7a,libvarlena-3e84fd725164268e,libunicode_category-dfec1a8d82487208,libregex_core_seams-a54144c22a29fa2b,libregexp_seams-9aaa77a6ed36cc52,libregexp_alt-3cc5f4aa2c5a3e39,libmemchr-c1c772b32af6edef,libpg_bitutils-9ce59e6b55523d7f,libdetoast-a6f928a7c6233408,libpglz-c8227b10ae339654,libtoast_internals_seams-6631d4db878060c3,libpg_locale_seams-221c9a85607b3109,libunicode_norm-7f6b4be9cad93f64,libregex-987d3ec8914d4d31,libtuplestore-201f1a6ed4993348,libtuplestore_hold_seams-bf2672819177a738,libexectuples-3aeddedafd87c47a,libheaptuple-5957a1ebe22bfbc7,libtimeout-9150c990922f4fbe,libtrigger_seams-d000aefe41a70698,libguc-48a902909ab71434,libpgtz-0d88a5c1e3790126,libpgstrcasecmp-2d5bb6be4fe7b86e,liblocaltime-341b4404e092079d,libpgtz_seams-f0e0dbef2bc28d8b,libscalar_seams-42fdf2d69617cad9,libsuperuser_seams-81500230d63c6a02,libguc_file-c2985d12cbf7e82a,libguc_file_seams-e8aca69bd1f9d253,libconffiles_seams-c29f80cc71679feb,libspi_seams-81d2b0765ffc914d,liblock-a998a0225ac98854,libps_status_seams-72f10f0dbd65b7d2,liblmgr_seams-1a79c35fb1cfbef7,libresowner-ef03c35853dd68ec,libpredicate_seams-c7b45f32a048a94b,libresowner_portal_seams-b82e655cb4ba409c,libdynahash-f4d66d07cdf307df,libsinval-c27d9ba00d3703d2,libprocsignal-da775a5ce88fdc3b,libmcxt_seams-81a2deab41c5eeec,libwalsender_seams-3d1a18e975900d34,librepl_gram-a2199896fa5c1d76,librepl_scanner-eb82b5c8e290a00d,libparser_small1-6d5c41648578a87b,libadt_varbit-763a5ac151cf7445,libadt_numeric-934f6409ec5bfd07,libadt_float-3fc7250784ec32e1,libryu-f5d470691987cf73,libarrayfuncs-4f297e6f89959646,libtypcache-49d856501846daec,libtupdesc-192425bf6f010279,libindexcmds_seams-736107446b539416,libpg_enum_seams-442ef6258f485f49,libclauses_seams-79cf714c66cc6c7e,libfuncapi_srf-d37264ad11afdbc0,libpg_string-d847d957c8f91f2f,libstring_seams-5bf94cd301ca945d,libarrayutils-deebecef087bc0f4,libhyperloglog-2e613e81959b08d4,libnodes_core-6e9be101c8406416,liboutfuncs-44085880e8f5950f,liblsyscache-4aaba22eb13eeef0,liblsyscache_seams-725e2abc6a5ce575,libadt_scalar-82ff5f39715b115f,libmultixact-540b68f415c3801a,libmultixact_seams-b3ddb6c44af60829,libvarsup_seams-87311dda0148a36d,libdbcommands_seams-434e0cf410b96bc9,libslru-7232ed979a5a7c69,libsync_seams-e93d603ac693d86f,libpmsignal-c18da958b011b4aa,libpostmaster_seams-07c407d593a879f3,libtableam_seams-ec4ad685255ee37b,libtableam_vocab-f18f98f2860f1c35,libsyncscan_seams-fe5009ec4f7e4c9c,libtypes_slot-47d2085a32e6bfe5,libaclchk_seams-27d67368cd9c948e,libnbt_compare-87ecd1b5da63f4cc,libtypes_array-59663e5e53b8f5a6,libhashfn-4e63fe68fa5afe70,libpqformat-0706a6d17b2f35cc,libmbutils-25b1d1e57b4ede11,libreadfuncs-177e69096729627c,libtypcache_seams-78ba46f77610d4d2,libformat_type-10e5741048cf319d,libfmgr_seams-239931a2818b2323,libnamespace_seams-96bd7c70de246340,libkeywords-34ced61acfdc144d,libtypes_pathnodes-9297280bafd6e205,libnumutils-ca2c3d8bf259fad5,libqueryenvironment-36e4d3398e76dbe0,libtable-01fc7cc073b08662,libpg_class_seams-875e28574d6b0e0a,librelation_seams-b11b65e15f07a1ac,libtable_seams-de6ef45fa55f4356,librel_vocab-63fc9d1c19b7f3f3,libtypes_portal-86bb9a98d7465ec7,libtypes_nodes-2f2bbbedad1cf1a9,libwchar-730a1542d2a25cb6,libasync_seams-d1ea295ad0bd5d23,libtransam_seams-7dee6d5eefec0d22,libcommit_ts_seams-f21f0f8bb6a0b10b,liborigin_seams-a38749a07854803a,libstandby_seams-4d5c953a20920d36,libpgstat-961e9ea18494918c,libtwophase_seams-eaa1f71f8814e47f,libbackend_status_seams-f99c8e03234bdf4f,libslot_seams-6345520f62c98045,libmiscinit-54913cefb00206f1,libparallel_seams-ac2422d06e762a71,liblmgr_proc-6427e01d2d4d7c83,libautovacuum_seams-d658e6ff182c7882,libcondition_variable_seams-60b88573d7a53578,libsyncrep_seams-96fc96dc400f977b,liblock_seams-c18acdb6bcb6fb3a,libprocarray_seams-e5f3ae21f17bc6ac,libdeadlock_seams-a8034ac2699bcf20,libpmsignal_seams-a3c507ea47fb019a,liblwlock-091eaa2e3cdc93b5,libpg_sema_seams-635ab6199de6e6ec,libs_lock_seams-16438b4b8492401d,libpg_path-c92df880776c9813,liblibpq_pqsignal-19ad7e7af1c51bd3,libwaiteventset-a0f92565c1edb9e2,libpg_strong_random-df947762305e2188,liblatch-d8dc3c9f3d20414e,liblatch_seams-3dd8223ef62184a9,libprocsignal_seams-b551fd43f5fb9a00,libtimeout_seams-36f356bffcbae419,libwaiter-09d2e72aa83cca3c,liblmgr_proc_seams-1fe0854c72155662,libwaiteventset_seams-bc71c2e48fe3b5dc,libdfmgr-5b090352f40c516f,libshmem_seams-c3e37b0bf5524c6f,libfd-a252e1e5cd29898d,libresowner_seams-0c50ed7840f3c470,libpg_prng-392233ba56640d55,libpg_prng_seams-0de28d315faa0a8f,libaio_seams-a3c915b6d537207d,libwaitevent_seams-7e8d383033cddb49,libstartup_seams-b46c4a1f175c1e23,libpostgres_seams-1decdad7b04e33c4,libtablespace_seams-dffe27efd6966ba0,libvfs-ba9fd942a0706a22,libtimestamp_seams-8769c807ffb94618,libcatalog_storage_seams-dc64e68904e6f424,libinval-2a1a65612ed0b158,libinval_seams-a7db27d27facfb6b,librelmapper_seams-fc51dad5dbab2603,libsnapmgr_seams-b70faaf37e2b959b,libtypes_snapshot-f2438f62cfdb79a3,libcatcache_seams-2f92ef384147e7a1,libsyscache_seams-78ee4897a744abce,libcatalog_seams-e2acb76348dfcdbb,libinit_small-ef9c9d5d0a8c1208,libacl_seams-455a314aaeef6264,libxloginsert_seams-4a53fc77922b6ab8,libmiscinit_seams-ebfccaf8d955ff7c,libxact_seams-bb7a3d21b9fbd7a8,librelcache_seams-bfde55c02fa103fd,libjit_deform-d6be0d5cc36b41ea,libsinval_seams-726454a92bb24147,libtypes_resowner-b3658bfb1f7f327e,libxlogutils-f7dafa0fa7313b44,libxlogutils_seams-dd19b98b2fd2b396,libtransam_xlog_seams-7923cdc95803fc69,libfile_seams-94a82198b78a9d10,libtimeline_seams-9ee706e8938ed0b1,libsmgr_seams-e7ad749d3c208d30,libbufmgr_seams-e90c3ff825b0ef04,libxlogrecovery_seams-58833d067b127951,librelpath_seams-0c7948656bedfb74,libtypes_rel-198a6bc911f74509,libtypes_trigger-652f6ec8b283857f,libtypes_spgist-dd8843e3cfcf7dbb,libtypes_gist-0d5656e7438d24f8,libtypes_hash-7fbfa1b3e4f9cd8a,libtypes_bloom-90a79f2f84c03984,libtypes_nbtree-22927cd5b49d8c23,libtypes_scan-aadac3807e92c588,libtypes_fmgr-15a7af6bcfb5f519,libdetoast_seams-4f6bee22a1fe0174,libstringinfo-35cbaa895806325a,libtypes_tuple-a164e1a3a6942b6a,libelog-a877d3bcca017d83,libelog_seams-de02b77aa7ab07b4,libipc_seams-0cd45eff973aae57,libdatum-93fccccde6062ccd,libpgstat_seams-51d4022d5a0e57bf,libpqcomm_seams-9447855a6462a334,libmbutils_seams-a44a97e05a05debf,libinit_small_seams-85b89ec42ccb0a13,libsyslogger_seams-247fe9e13499a016,libtypes_startup-cd72d5ac62129009,libip-b6d88b556d9321f8,liberror_small_seams-345efdbaeec0007b,libpg_clock-329c724a2ddec8c6,libguc_tables-80bf517a77541901,libguc_seams-0971877aede49ea8,libtypes_guc-8912cfad37108023,libtypes_dest-d059a76f8d8c888e,libcrc32c-2d9a8ec9141a4e21,libxlogreader_seams-43a3aaef614e0a03,libseam_core-d26e0106a351aeef,libtypes_storage-59bab4963f754337,liblibc-1fec702575a82097,libpgsync-85521be7427eb0dc,libtypes_core-775902aa556dcd95,libmcx-448fae4c30b4f797,librustc_hash-4ad32aff0bc0dc49,libhashbrown-8fcfb73f1f52e8b0,libahash-f2cdf3f4692f6bb7,libonce_cell-a18764d3e4456760,libcfg_if-c0fdd5568c081294,libzerocopy-1ef84384eef5fce3,libtypes_error-ee668767750e7dc2,liballocator_api2-4c63d7a9357381ac,liblibfuzzer_sys-dc1febb8836c0ba8,libarbitrary-0bc829a0c7302f2b}.rlib" "<sysroot>/lib/rustlib/aarch64-unknown-linux-gnu/lib/{libstd-*,libpanic_unwind-*,libobject-*,libmemchr-*,libaddr2line-*,libgimli-*,libcfg_if-*,librustc_demangle-*,libstd_detect-*,libhashbrown-*,librustc_std_workspace_alloc-*,libminiz_oxide-*,libadler2-*,libunwind-*,liblibc-*,librustc_std_workspace_core-*,liballoc-*,libcore-*,libcompiler_builtins-*}.rlib" "-Wl,-Bdynamic" "-lstdc++" "-labsl_log_internal_check_op" "-labsl_log_internal_conditions" "-labsl_log_internal_message" "-labsl_examine_stack" "-labsl_log_internal_format" "-labsl_log_internal_proto" "-labsl_log_internal_nullguard" "-labsl_log_internal_log_sink_set" "-labsl_log_internal_globals" "-labsl_log_globals" "-labsl_log_sink" "-labsl_log_entry" "-labsl_strerror" "-labsl_vlog_config_internal" "-labsl_log_internal_fnmatch" "-labsl_flags_internal" "-labsl_flags_marshalling" "-labsl_flags_reflection" "-labsl_flags_private_handle_accessor" "-labsl_flags_commandlineflag" "-labsl_flags_commandlineflag_internal" "-labsl_flags_config" "-labsl_flags_program_name" "-labsl_cord" "-labsl_cordz_info" "-labsl_cord_internal" "-labsl_cordz_functions" "-labsl_cordz_handle" "-labsl_crc_cord_state" "-labsl_crc32c" "-labsl_crc_internal" "-labsl_crc_cpu_detect" "-labsl_raw_hash_set" "-labsl_hashtablez_sampler" "-labsl_exponential_biased" "-labsl_hash" "-labsl_city" "-labsl_bad_variant_access" "-labsl_low_level_hash" "-labsl_bad_optional_access" "-labsl_str_format_internal" "-labsl_synchronization" "-labsl_graphcycles_internal" "-labsl_kernel_timeout_internal" "-labsl_stacktrace" "-labsl_symbolize" "-labsl_debugging_internal" "-labsl_demangle_internal" "-labsl_demangle_rust" "-labsl_decode_rust_punycode" "-labsl_utf8_for_code_point" "-labsl_malloc_internal" "-labsl_time" "-labsl_civil_time" "-labsl_strings" "-labsl_strings_internal" "-labsl_string_view" "-labsl_base" "-latomic" "-lrt" "-labsl_spinlock_wait" "-labsl_int128" "-labsl_throw_delegate" "-labsl_raw_logging_internal" "-labsl_log_severity" "-labsl_time_zone" "-lstdc++" "-lgcc_s" "-lutil" "-lrt" "-lpthread" "-lm" "-ldl" "-lc" "-L" "/work/src/fuzz/target/aarch64-unknown-linux-gnu/release/deps/rustcxXMNiP/raw-dylibs" "-Wl,--eh-frame-hdr" "-Wl,-z,noexecstack" "-L" "/work/src/fuzz/target/aarch64-unknown-linux-gnu/release/build/decoder_fuzz-3e9bd349d077e8ca/out" "-L" "/work/src/fuzz/target/aarch64-unknown-linux-gnu/release/build/regexp_alt-5bf1a1806dea73f8/out" "-L" "/work/src/fuzz/target/aarch64-unknown-linux-gnu/release/build/openssl-sys-ca7f2fb5c1c26b08/out/openssl-build/install/lib" "-L" "/work/src/fuzz/target/aarch64-unknown-linux-gnu/release/build/libfuzzer-sys-b25806bf68759c69/out" "-L" "/usr/lib/aarch64-linux-gnu" "-L" "<sysroot>/lib/rustlib/aarch64-unknown-linux-gnu/lib" "-o" "/work/src/fuzz/target/aarch64-unknown-linux-gnu/release/deps/multirangetypes_diff-2ef4c0418e61c91a" "-Wl,--gc-sections" "-pie" "-Wl,-z,relro,-z,now" "-Wl,-O1" "-nodefaultlibs"
  = note: some arguments are omitted. use `--verbose` to show all linker arguments
  = note: /usr/bin/ld: /work/src/fuzz/target/aarch64-unknown-linux-gnu/release/deps/libdecoder_fuzz-ce05a889a5992ba2.rlib(ef81103c4d9017e3-regcomp.o): in function `pg_reg_getcolor':
          /work/src/fuzz/core/csrc/regexfam/regc_color.c:121: multiple definition of `pg_reg_getcolor'; /work/src/fuzz/target/aarch64-unknown-linux-gnu/release/deps/libdecoder_fuzz-ce05a889a5992ba2.rlib(e5077b94270c8099-regcomp.o):/work/src/fuzz/core/csrc/jsonpath/regex/regc_color.c:121: first defined here
          /usr/bin/ld: /work/src/fuzz/target/aarch64-unknown-linux-gnu/release/deps/libdecoder_fuzz-ce05a889a5992ba2.rlib(ef81103c4d9017e3-regcomp.o): in function `pg_regcomp':
          /work/src/fuzz/core/csrc/regexfam/regcomp.c:394: multiple definition of `pg_regcomp'; /work/src/fuzz/target/aarch64-unknown-linux-gnu/release/deps/libdecoder_fuzz-ce05a889a5992ba2.rlib(e5077b94270c8099-regcomp.o):/work/src/fuzz/core/csrc/jsonpath/regex/regcomp.c:394: first defined here
          collect2: error: ld returned 1 exit status
          

error: could not compile `pgrust-fuzz` (bin "geo_io_diff") due to 1 previous error
error: could not compile `pgrust-fuzz` (bin "jsonpath_diff") due to 1 previous error
error: could not compile `pgrust-fuzz` (bin "libfam_diff") due to 1 previous error
error: could not compile `pgrust-fuzz` (bin "quote_diff") due to 1 previous error
error: could not compile `pgrust-fuzz` (bin "multirangetypes_diff") due to 1 previous error
error: could not compile `pgrust-fuzz` (bin "bool_diff") due to 1 previous error
error: linking with `cc` failed: exit status: 1
  |
  = note:  "cc" "-Wl,--fix-cortex-a53-843419" "/work/src/fuzz/target/aarch64-unknown-linux-gnu/release/deps/rustcooIuPx/symbols.o" "-Wl,-Bstatic" "-Wl,--whole-archive" "-Wl,<sysroot>/lib/rustlib/aarch64-unknown-linux-gnu/lib/librustc-nightly_rt.asan.a" "-Wl,--no-whole-archive" "<2 object files omitted>" "-Wl,--as-needed" "/work/src/fuzz/target/aarch64-unknown-linux-gnu/release/deps/{libdecoder_fuzz-ce05a889a5992ba2,libxlogstats-751e0da5e1d12ef5,libpg_rusage-20d5fb84d8ce7557,libcontrib_earthdistance-62171827053ec27a,libpg_class-4a6d74a6c018be9f,libadt_rowtypes-a4794d852ca6027f,libscram_common-e11945b252d3826e,libpg_hmac-4cf5c8b3660544ec,libpg_sha1-e4ca6845b132ea16,libpg_b64-4d5978aeedd9d3bb,libwait_error-20952b494fe498e5,libarchive-a18627a2a5d84afb,libpercentrepl-14ab69f0310df459,libadt_geo-6770d8d70fec2eca,libpairingheap-c8d2e4f2c7da0b75,libintegerset-e3da0542e1488698,libbloomfilter-e81e1605f0f67fc0,libbinaryheap-4dc7ef4b569319f9,libxlogreader-0774eb388464beff,librmgr-fad9988223b51953,liblogical_message-4eac03c06d1a2b7f,libgeneric_xlog-e29770827080434e,libbrin_xlog-bdf62fcd1cb87abc,libbrin_pageops-b4596e69677f7f87,libspgist_xlog-d9f4155fa0b1d70e,libsequence_xlog-05743c11ff92a433,libgist_xlog-3b3eece8531c3cee,libgin_xlog-36a8224f6febd836,libhash_xlog-dcf93c2afa663f9d,libbufmask-d06f2393833f248e,libnbtree_xlog-8cfa7438e78cf895,librmgrdesc-c4043fa165a7d526,libstorage_xlog-6ede242fb8cfb582,libheapam_xlog-9c35524373005f1e,libpruneheap_seams-47081c2a9ecbd3a0,libstandby-900217fb076bd0b3,libxloginsert-ea25e7b653828abf,libslot-60dbff37e2354a17,libwalsender_config-1719c72ed736c52a,libps_status-9e8889726683f83f,libfreespace-c3920503646f316e,libfreespace_seams-7f56535f44633dcd,libvisibilitymap-32a2e6569bc412e0,libcommit_ts-b0d58e618cb0dfff,libfmgr_core-345bb33faa105317,libconv-1dae4e1af62cf618,libtrigfuncs-c9e19c681e8fd12a,libtypes_trigger_call-35588c35d2ed97b8,libpseudorandomfuncs-67c698e5a90215b2,libsignalfuncs-f41bb49d497dd420,libwaitfuncs-70d504b29546b473,liblockfuncs-3a1fe98e0eeca55d,libpredicate-da6f72c0ac78ae26,libadt_mcxtfuncs-280bf97c42440099,libmcxt_stats-6a84a80cfcd3be07,libadt_amutils-a4cdc16282f73d8f,libindexam_seams-d8bb22ee1f6636ef,libadt_ascii-eccdac96bde76e14,libcryptohashfuncs-f2c90d9a9efbddd1,libpg_sha2-7e8cd0c77d2b2c05,libpg_md5-9db52add57f6c8c4,libcommands_async-fd7742ed07809705,libtransam_xlog-aa94f7f7c5323017,libinjection_point-c19b8749c9895034,librewriteheap_seams-d025aa8c57ea5068,libreorderbuffer_seams-9732aa01e7fde36a,libwalsummarizer_seams-6aeff26758f7186b,libxlogarchive_seams-7b0a832e106e8c60,libcontroldata_utils-523f399c49868f8d,libxlogbackup-8eba4de1aabd6e15,libtransam-c8c93940c9321f01,libsubtrans-d18560baacc801f7,libadt_windowfuncs-efe92700a9d2545d,libname-9e433ee477e7c01c,libforeigncmds_seams-ebb06d7c63af3998,libextension_seams-b0fd0f0a1d3a93c0,libsequence_seams-2c2a544d9093595c,libpgstatfuncs-b04b02f61f2e4a7b,libxlogprefetcher_seams-99fd18a890a886bd,libwalreceiverfuncs_seams-e0c5686b2051d7ef,libbackend_status-412528491437a786,libbe_secure_openssl-5908e0e39e09f225,libpqcomm-8a383ca6fde8c625,libbe_secure_seams-fe1b9b96b09e4466,libbe_secure_common-9429915839f943ff,libopenssl-fae5147777c6f4ce,libbitflags-7ebc804116e5816e,libopenssl_sys-ed0af80f67595b71,libforeign_types-b85e7f622934b2fe,libforeign_types_shared-38fd452ebcc86072,libadt_varchar-d8aa7255f06540a8,libadt_quote-621f7e32f97e7463,libadt_pseudotypes-2e18886c0b5dc799,libadt_multirangetypes-60ba15774a1dc699,libadt_rangetypes-7ebc71c4eb6f3b94,libadt_network-e3b47774bda3f958,libdict_snowball-9f295a918c174ab5,libto_tsany-e38e9d66985e2211,libtsearch_spell-e40d364dda594880,libtsearch_dict-546994c9fe9bcd00,libwparser_def-ba8276c53d5319e0,libts_parse-d880d934b65e18b5,libts_cache-ffc0bedfce3f6662,libadt_regproc-ae9bd46cc2b19582,libregproc_seams-a8fff65d50bd9de4,libadt_tsrank-839dd70ac7abf87a,libadt_tsquery_core-5eb6058771e99226,libts_locale-f060694c1bc9854a,libadt_tsvector_core-8c26b52d654d248c,libadt_uuid-82d4a732bd9d012b,libdbsize-c2af8ac5afbe9907,librelfilenumbermap_seams-f6debd771440e4cd,librelpath-9ec1189d3d86781f,libxid8funcs-6c1de2dea05a15d0,libsnapmgr-ff16b3f223ddc07a,libprocarray-8af40a7ac99f732e,libadt_xml-7885107d78b1e53c,libadt_pg_lsn-c572c8e8e8902a4b,libadt_mac8-e7a2c3dd72991dfb,libadt_mac-39025185d703e9b2,libhbafuncs-5eaccc04f08b367c,libhba-3672706d996ff1ab,libauth_seams-1916e803525ce1d1,libhba_seams-00104f5e69d7a5a9,libifaddr-93fd4f69f9aff974,libadt_like-5d51c68fd0f83f92,libadt_jsonpath_exec-fe866fc3ae5e88be,libadt_regexp-b3ec604bfa858e13,libadt_jsonb-ec6e3a47cb2377c2,libgin_vocab-f305ccf087b97584,libtidbitmap-7b706235bc1f465d,libadt_jsonpath-d180883822b503d7,libregex_core-3705cff49e009ba1,libadt_json-ec33ef0df434fa21,libstack_depth-27af14c65c988a30,libadt_int-63f2744e582633ba,libadt_formatting-36a3f90d9b0d447b,libformatting_seams-545f741a627533c8,libadt_oracle_compat-fa9e5433034081d8,libadt_enum-4f4fd6de48c45986,libadt_encode-6197461d2a6b5ba3,libadt_date-d2a38c8d333598be,libadt_timestamp-371a1f98486da2b8,libstrftime-e9fd6ab59fff8820,libadt_datetime-658322d92d783542,libadt_domains-266e7086030b7def,libadt_char-3b14674b283f677d,libadt_cash-1ebbefa4080cd447,libadt_int8-cd615ebe985a22a7,libpg_locale-d7da641d2eeb634b,libunicode_case-ad6d4d9d4a617d3f,libpg_database_seams-e5f2c863976f4ca0,libarray_userfuncs-717cfb4089e3c0cb,libtuplesort_seams-ba45215515fc6034,libadt_bool-aea0cb7f23dbd10d,libtypes_brin-39f37e8e095f8a7a,libxact-5e3b3c236913193c,libvarsup-8fe8ce9a59ffbef6,libclog-5501dbc57bd031fb,libsnapbuild_seams-6c013334b39a10fb,liblogical_seams-497aadc4a35ed3bc,libcatalog_index_seams-a3fe73568af909d6,libbackend_progress_seams-9b5e63ecd9d45bee,libwaitevent-38efbcd9ec05d92b,liblogical_worker_seams-26ef86b6cf2b281e,liblauncher_seams-dd70cf89f86049a0,libcombocid_seams-e5baae2a3e70cffe,libsmgr-1c643f8d331ecad2,libmd-ae94ff8f2cadd388,librelmapper-23fbac0823eee1c9,libbe_fsstubs_seams-278c31eb720a825c,libtablecmds_seams-05cf293c8b8f0360,libportalmem-e99086726944e256,libsnapmgr_portal_seams-ef55f7b844a574dd,libexecmain_seams-de33e8b483c40ec6,libtcop_dest-65585d3dd3aef587,libcmdtag-94ef0535e8219814,libtqueue-0039d12300b8ec7e,libshm_mq-14779e2cd93dae94,libbgworker_seams-3910a5a00219659e,libexplain_dr-16ea723154065e4b,libinstrument-dc30d2505cd4d2dc,libbufmgr-3bce7b013903a886,libcheckpointer_seams-cc028aeeec209894,liblmgr-9c7acf83790a8736,libsubtrans_seams-59265c536a80b2f3,libaio_core-de6c4e5a6097acd4,libinterrupt-38d3980f2c7fe6ab,libipc-82b590ecb4558ba3,libipc_portal_seams-911dd6c6ad3fc6d3,libdsm_core-c69b394d07ee266f,libshmem-6222aa5bc5682f2f,libcondition_variable-551023ba9708fa91,libsql_functions_seams-0cf76159c92a51e4,libmatview_seams-f805ecf75afb281c,libcopy_seams-03ce06d5d4c1a4e8,libcreateas_seams-f3afe654c8e93372,libtstore_receiver-93602af11dc46125,libprinttup-094cce499a4be644,libpquery_seams-4b59d06ab36c6530,libportalcmds_seams-abd0b60962f45e3f,libplancache_portal_seams-604c3d966e852885,libxact_portal_seams-b671cb3e61822c1a,libfuncapi-4acece017d555b7a,libvarlena-3e84fd725164268e,libunicode_category-dfec1a8d82487208,libregex_core_seams-a54144c22a29fa2b,libregexp_seams-9aaa77a6ed36cc52,libregexp_alt-3cc5f4aa2c5a3e39,libmemchr-c1c772b32af6edef,libpg_bitutils-9ce59e6b55523d7f,libdetoast-a6f928a7c6233408,libpglz-c8227b10ae339654,libtoast_internals_seams-6631d4db878060c3,libpg_locale_seams-221c9a85607b3109,libunicode_norm-7f6b4be9cad93f64,libregex-987d3ec8914d4d31,libtuplestore-201f1a6ed4993348,libtuplestore_hold_seams-bf2672819177a738,libexectuples-3aeddedafd87c47a,libheaptuple-5957a1ebe22bfbc7,libtimeout-9150c990922f4fbe,libtrigger_seams-d000aefe41a70698,libguc-48a902909ab71434,libpgtz-0d88a5c1e3790126,libpgstrcasecmp-2d5bb6be4fe7b86e,liblocaltime-341b4404e092079d,libpgtz_seams-f0e0dbef2bc28d8b,libscalar_seams-42fdf2d69617cad9,libsuperuser_seams-81500230d63c6a02,libguc_file-c2985d12cbf7e82a,libguc_file_seams-e8aca69bd1f9d253,libconffiles_seams-c29f80cc71679feb,libspi_seams-81d2b0765ffc914d,liblock-a998a0225ac98854,libps_status_seams-72f10f0dbd65b7d2,liblmgr_seams-1a79c35fb1cfbef7,libresowner-ef03c35853dd68ec,libpredicate_seams-c7b45f32a048a94b,libresowner_portal_seams-b82e655cb4ba409c,libdynahash-f4d66d07cdf307df,libsinval-c27d9ba00d3703d2,libprocsignal-da775a5ce88fdc3b,libmcxt_seams-81a2deab41c5eeec,libwalsender_seams-3d1a18e975900d34,librepl_gram-a2199896fa5c1d76,librepl_scanner-eb82b5c8e290a00d,libparser_small1-6d5c41648578a87b,libadt_varbit-763a5ac151cf7445,libadt_numeric-934f6409ec5bfd07,libadt_float-3fc7250784ec32e1,libryu-f5d470691987cf73,libarrayfuncs-4f297e6f89959646,libtypcache-49d856501846daec,libtupdesc-192425bf6f010279,libindexcmds_seams-736107446b539416,libpg_enum_seams-442ef6258f485f49,libclauses_seams-79cf714c66cc6c7e,libfuncapi_srf-d37264ad11afdbc0,libpg_string-d847d957c8f91f2f,libstring_seams-5bf94cd301ca945d,libarrayutils-deebecef087bc0f4,libhyperloglog-2e613e81959b08d4,libnodes_core-6e9be101c8406416,liboutfuncs-44085880e8f5950f,liblsyscache-4aaba22eb13eeef0,liblsyscache_seams-725e2abc6a5ce575,libadt_scalar-82ff5f39715b115f,libmultixact-540b68f415c3801a,libmultixact_seams-b3ddb6c44af60829,libvarsup_seams-87311dda0148a36d,libdbcommands_seams-434e0cf410b96bc9,libslru-7232ed979a5a7c69,libsync_seams-e93d603ac693d86f,libpmsignal-c18da958b011b4aa,libpostmaster_seams-07c407d593a879f3,libtableam_seams-ec4ad685255ee37b,libtableam_vocab-f18f98f2860f1c35,libsyncscan_seams-fe5009ec4f7e4c9c,libtypes_slot-47d2085a32e6bfe5,libaclchk_seams-27d67368cd9c948e,libnbt_compare-87ecd1b5da63f4cc,libtypes_array-59663e5e53b8f5a6,libhashfn-4e63fe68fa5afe70,libpqformat-0706a6d17b2f35cc,libmbutils-25b1d1e57b4ede11,libreadfuncs-177e69096729627c,libtypcache_seams-78ba46f77610d4d2,libformat_type-10e5741048cf319d,libfmgr_seams-239931a2818b2323,libnamespace_seams-96bd7c70de246340,libkeywords-34ced61acfdc144d,libtypes_pathnodes-9297280bafd6e205,libnumutils-ca2c3d8bf259fad5,libqueryenvironment-36e4d3398e76dbe0,libtable-01fc7cc073b08662,libpg_class_seams-875e28574d6b0e0a,librelation_seams-b11b65e15f07a1ac,libtable_seams-de6ef45fa55f4356,librel_vocab-63fc9d1c19b7f3f3,libtypes_portal-86bb9a98d7465ec7,libtypes_nodes-2f2bbbedad1cf1a9,libwchar-730a1542d2a25cb6,libasync_seams-d1ea295ad0bd5d23,libtransam_seams-7dee6d5eefec0d22,libcommit_ts_seams-f21f0f8bb6a0b10b,liborigin_seams-a38749a07854803a,libstandby_seams-4d5c953a20920d36,libpgstat-961e9ea18494918c,libtwophase_seams-eaa1f71f8814e47f,libbackend_status_seams-f99c8e03234bdf4f,libslot_seams-6345520f62c98045,libmiscinit-54913cefb00206f1,libparallel_seams-ac2422d06e762a71,liblmgr_proc-6427e01d2d4d7c83,libautovacuum_seams-d658e6ff182c7882,libcondition_variable_seams-60b88573d7a53578,libsyncrep_seams-96fc96dc400f977b,liblock_seams-c18acdb6bcb6fb3a,libprocarray_seams-e5f3ae21f17bc6ac,libdeadlock_seams-a8034ac2699bcf20,libpmsignal_seams-a3c507ea47fb019a,liblwlock-091eaa2e3cdc93b5,libpg_sema_seams-635ab6199de6e6ec,libs_lock_seams-16438b4b8492401d,libpg_path-c92df880776c9813,liblibpq_pqsignal-19ad7e7af1c51bd3,libwaiteventset-a0f92565c1edb9e2,libpg_strong_random-df947762305e2188,liblatch-d8dc3c9f3d20414e,liblatch_seams-3dd8223ef62184a9,libprocsignal_seams-b551fd43f5fb9a00,libtimeout_seams-36f356bffcbae419,libwaiter-09d2e72aa83cca3c,liblmgr_proc_seams-1fe0854c72155662,libwaiteventset_seams-bc71c2e48fe3b5dc,libdfmgr-5b090352f40c516f,libshmem_seams-c3e37b0bf5524c6f,libfd-a252e1e5cd29898d,libresowner_seams-0c50ed7840f3c470,libpg_prng-392233ba56640d55,libpg_prng_seams-0de28d315faa0a8f,libaio_seams-a3c915b6d537207d,libwaitevent_seams-7e8d383033cddb49,libstartup_seams-b46c4a1f175c1e23,libpostgres_seams-1decdad7b04e33c4,libtablespace_seams-dffe27efd6966ba0,libvfs-ba9fd942a0706a22,libtimestamp_seams-8769c807ffb94618,libcatalog_storage_seams-dc64e68904e6f424,libinval-2a1a65612ed0b158,libinval_seams-a7db27d27facfb6b,librelmapper_seams-fc51dad5dbab2603,libsnapmgr_seams-b70faaf37e2b959b,libtypes_snapshot-f2438f62cfdb79a3,libcatcache_seams-2f92ef384147e7a1,libsyscache_seams-78ee4897a744abce,libcatalog_seams-e2acb76348dfcdbb,libinit_small-ef9c9d5d0a8c1208,libacl_seams-455a314aaeef6264,libxloginsert_seams-4a53fc77922b6ab8,libmiscinit_seams-ebfccaf8d955ff7c,libxact_seams-bb7a3d21b9fbd7a8,librelcache_seams-bfde55c02fa103fd,libjit_deform-d6be0d5cc36b41ea,libsinval_seams-726454a92bb24147,libtypes_resowner-b3658bfb1f7f327e,libxlogutils-f7dafa0fa7313b44,libxlogutils_seams-dd19b98b2fd2b396,libtransam_xlog_seams-7923cdc95803fc69,libfile_seams-94a82198b78a9d10,libtimeline_seams-9ee706e8938ed0b1,libsmgr_seams-e7ad749d3c208d30,libbufmgr_seams-e90c3ff825b0ef04,libxlogrecovery_seams-58833d067b127951,librelpath_seams-0c7948656bedfb74,libtypes_rel-198a6bc911f74509,libtypes_trigger-652f6ec8b283857f,libtypes_spgist-dd8843e3cfcf7dbb,libtypes_gist-0d5656e7438d24f8,libtypes_hash-7fbfa1b3e4f9cd8a,libtypes_bloom-90a79f2f84c03984,libtypes_nbtree-22927cd5b49d8c23,libtypes_scan-aadac3807e92c588,libtypes_fmgr-15a7af6bcfb5f519,libdetoast_seams-4f6bee22a1fe0174,libstringinfo-35cbaa895806325a,libtypes_tuple-a164e1a3a6942b6a,libelog-a877d3bcca017d83,libelog_seams-de02b77aa7ab07b4,libipc_seams-0cd45eff973aae57,libdatum-93fccccde6062ccd,libpgstat_seams-51d4022d5a0e57bf,libpqcomm_seams-9447855a6462a334,libmbutils_seams-a44a97e05a05debf,libinit_small_seams-85b89ec42ccb0a13,libsyslogger_seams-247fe9e13499a016,libtypes_startup-cd72d5ac62129009,libip-b6d88b556d9321f8,liberror_small_seams-345efdbaeec0007b,libpg_clock-329c724a2ddec8c6,libguc_tables-80bf517a77541901,libguc_seams-0971877aede49ea8,libtypes_guc-8912cfad37108023,libtypes_dest-d059a76f8d8c888e,libcrc32c-2d9a8ec9141a4e21,libxlogreader_seams-43a3aaef614e0a03,libseam_core-d26e0106a351aeef,libtypes_storage-59bab4963f754337,liblibc-1fec702575a82097,libpgsync-85521be7427eb0dc,libtypes_core-775902aa556dcd95,libmcx-448fae4c30b4f797,librustc_hash-4ad32aff0bc0dc49,libhashbrown-8fcfb73f1f52e8b0,libahash-f2cdf3f4692f6bb7,libonce_cell-a18764d3e4456760,libcfg_if-c0fdd5568c081294,libzerocopy-1ef84384eef5fce3,libtypes_error-ee668767750e7dc2,liballocator_api2-4c63d7a9357381ac,liblibfuzzer_sys-dc1febb8836c0ba8,libarbitrary-0bc829a0c7302f2b}.rlib" "<sysroot>/lib/rustlib/aarch64-unknown-linux-gnu/lib/{libstd-*,libpanic_unwind-*,libobject-*,libmemchr-*,libaddr2line-*,libgimli-*,libcfg_if-*,librustc_demangle-*,libstd_detect-*,libhashbrown-*,librustc_std_workspace_alloc-*,libminiz_oxide-*,libadler2-*,libunwind-*,liblibc-*,librustc_std_workspace_core-*,liballoc-*,libcore-*,libcompiler_builtins-*}.rlib" "-Wl,-Bdynamic" "-lstdc++" "-labsl_log_internal_check_op" "-labsl_log_internal_conditions" "-labsl_log_internal_message" "-labsl_examine_stack" "-labsl_log_internal_format" "-labsl_log_internal_proto" "-labsl_log_internal_nullguard" "-labsl_log_internal_log_sink_set" "-labsl_log_internal_globals" "-labsl_log_globals" "-labsl_log_sink" "-labsl_log_entry" "-labsl_strerror" "-labsl_vlog_config_internal" "-labsl_log_internal_fnmatch" "-labsl_flags_internal" "-labsl_flags_marshalling" "-labsl_flags_reflection" "-labsl_flags_private_handle_accessor" "-labsl_flags_commandlineflag" "-labsl_flags_commandlineflag_internal" "-labsl_flags_config" "-labsl_flags_program_name" "-labsl_cord" "-labsl_cordz_info" "-labsl_cord_internal" "-labsl_cordz_functions" "-labsl_cordz_handle" "-labsl_crc_cord_state" "-labsl_crc32c" "-labsl_crc_internal" "-labsl_crc_cpu_detect" "-labsl_raw_hash_set" "-labsl_hashtablez_sampler" "-labsl_exponential_biased" "-labsl_hash" "-labsl_city" "-labsl_bad_variant_access" "-labsl_low_level_hash" "-labsl_bad_optional_access" "-labsl_str_format_internal" "-labsl_synchronization" "-labsl_graphcycles_internal" "-labsl_kernel_timeout_internal" "-labsl_stacktrace" "-labsl_symbolize" "-labsl_debugging_internal" "-labsl_demangle_internal" "-labsl_demangle_rust" "-labsl_decode_rust_punycode" "-labsl_utf8_for_code_point" "-labsl_malloc_internal" "-labsl_time" "-labsl_civil_time" "-labsl_strings" "-labsl_strings_internal" "-labsl_string_view" "-labsl_base" "-latomic" "-lrt" "-labsl_spinlock_wait" "-labsl_int128" "-labsl_throw_delegate" "-labsl_raw_logging_internal" "-labsl_log_severity" "-labsl_time_zone" "-lstdc++" "-lgcc_s" "-lutil" "-lrt" "-lpthread" "-lm" "-ldl" "-lc" "-L" "/work/src/fuzz/target/aarch64-unknown-linux-gnu/release/deps/rustcooIuPx/raw-dylibs" "-Wl,--eh-frame-hdr" "-Wl,-z,noexecstack" "-L" "/work/src/fuzz/target/aarch64-unknown-linux-gnu/release/build/decoder_fuzz-3e9bd349d077e8ca/out" "-L" "/work/src/fuzz/target/aarch64-unknown-linux-gnu/release/build/regexp_alt-5bf1a1806dea73f8/out" "-L" "/work/src/fuzz/target/aarch64-unknown-linux-gnu/release/build/openssl-sys-ca7f2fb5c1c26b08/out/openssl-build/install/lib" "-L" "/work/src/fuzz/target/aarch64-unknown-linux-gnu/release/build/libfuzzer-sys-b25806bf68759c69/out" "-L" "/usr/lib/aarch64-linux-gnu" "-L" "<sysroot>/lib/rustlib/aarch64-unknown-linux-gnu/lib" "-o" "/work/src/fuzz/target/aarch64-unknown-linux-gnu/release/deps/pg_prng_diff-d4684ad1db52ed9c" "-Wl,--gc-sections" "-pie" "-Wl,-z,relro,-z,now" "-Wl,-O1" "-nodefaultlibs"
  = note: some arguments are omitted. use `--verbose` to show all linker arguments
  = note: /usr/bin/ld: /work/src/fuzz/target/aarch64-unknown-linux-gnu/release/deps/libdecoder_fuzz-ce05a889a5992ba2.rlib(ef81103c4d9017e3-regcomp.o): in function `pg_reg_getcolor':
          /work/src/fuzz/core/csrc/regexfam/regc_color.c:121: multiple definition of `pg_reg_getcolor'; /work/src/fuzz/target/aarch64-unknown-linux-gnu/release/deps/libdecoder_fuzz-ce05a889a5992ba2.rlib(e5077b94270c8099-regcomp.o):/work/src/fuzz/core/csrc/jsonpath/regex/regc_color.c:121: first defined here
          /usr/bin/ld: /work/src/fuzz/target/aarch64-unknown-linux-gnu/release/deps/libdecoder_fuzz-ce05a889a5992ba2.rlib(ef81103c4d9017e3-regcomp.o): in function `pg_regcomp':
          /work/src/fuzz/core/csrc/regexfam/regcomp.c:394: multiple definition of `pg_regcomp'; /work/src/fuzz/target/aarch64-unknown-linux-gnu/release/deps/libdecoder_fuzz-ce05a889a5992ba2.rlib(e5077b94270c8099-regcomp.o):/work/src/fuzz/core/csrc/jsonpath/regex/regcomp.c:394: first defined here
          collect2: error: ld returned 1 exit status
          

error: linking with `cc` failed: exit status: 1
  |
  = note:  "cc" "-Wl,--fix-cortex-a53-843419" "/work/src/fuzz/target/aarch64-unknown-linux-gnu/release/deps/rustcQcIXtX/symbols.o" "-Wl,-Bstatic" "-Wl,--whole-archive" "-Wl,<sysroot>/lib/rustlib/aarch64-unknown-linux-gnu/lib/librustc-nightly_rt.asan.a" "-Wl,--no-whole-archive" "<2 object files omitted>" "-Wl,--as-needed" "/work/src/fuzz/target/aarch64-unknown-linux-gnu/release/deps/{libdecoder_fuzz-ce05a889a5992ba2,libxlogstats-751e0da5e1d12ef5,libpg_rusage-20d5fb84d8ce7557,libcontrib_earthdistance-62171827053ec27a,libpg_class-4a6d74a6c018be9f,libadt_rowtypes-a4794d852ca6027f,libscram_common-e11945b252d3826e,libpg_hmac-4cf5c8b3660544ec,libpg_sha1-e4ca6845b132ea16,libpg_b64-4d5978aeedd9d3bb,libwait_error-20952b494fe498e5,libarchive-a18627a2a5d84afb,libpercentrepl-14ab69f0310df459,libadt_geo-6770d8d70fec2eca,libpairingheap-c8d2e4f2c7da0b75,libintegerset-e3da0542e1488698,libbloomfilter-e81e1605f0f67fc0,libbinaryheap-4dc7ef4b569319f9,libxlogreader-0774eb388464beff,librmgr-fad9988223b51953,liblogical_message-4eac03c06d1a2b7f,libgeneric_xlog-e29770827080434e,libbrin_xlog-bdf62fcd1cb87abc,libbrin_pageops-b4596e69677f7f87,libspgist_xlog-d9f4155fa0b1d70e,libsequence_xlog-05743c11ff92a433,libgist_xlog-3b3eece8531c3cee,libgin_xlog-36a8224f6febd836,libhash_xlog-dcf93c2afa663f9d,libbufmask-d06f2393833f248e,libnbtree_xlog-8cfa7438e78cf895,librmgrdesc-c4043fa165a7d526,libstorage_xlog-6ede242fb8cfb582,libheapam_xlog-9c35524373005f1e,libpruneheap_seams-47081c2a9ecbd3a0,libstandby-900217fb076bd0b3,libxloginsert-ea25e7b653828abf,libslot-60dbff37e2354a17,libwalsender_config-1719c72ed736c52a,libps_status-9e8889726683f83f,libfreespace-c3920503646f316e,libfreespace_seams-7f56535f44633dcd,libvisibilitymap-32a2e6569bc412e0,libcommit_ts-b0d58e618cb0dfff,libfmgr_core-345bb33faa105317,libconv-1dae4e1af62cf618,libtrigfuncs-c9e19c681e8fd12a,libtypes_trigger_call-35588c35d2ed97b8,libpseudorandomfuncs-67c698e5a90215b2,libsignalfuncs-f41bb49d497dd420,libwaitfuncs-70d504b29546b473,liblockfuncs-3a1fe98e0eeca55d,libpredicate-da6f72c0ac78ae26,libadt_mcxtfuncs-280bf97c42440099,libmcxt_stats-6a84a80cfcd3be07,libadt_amutils-a4cdc16282f73d8f,libindexam_seams-d8bb22ee1f6636ef,libadt_ascii-eccdac96bde76e14,libcryptohashfuncs-f2c90d9a9efbddd1,libpg_sha2-7e8cd0c77d2b2c05,libpg_md5-9db52add57f6c8c4,libcommands_async-fd7742ed07809705,libtransam_xlog-aa94f7f7c5323017,libinjection_point-c19b8749c9895034,librewriteheap_seams-d025aa8c57ea5068,libreorderbuffer_seams-9732aa01e7fde36a,libwalsummarizer_seams-6aeff26758f7186b,libxlogarchive_seams-7b0a832e106e8c60,libcontroldata_utils-523f399c49868f8d,libxlogbackup-8eba4de1aabd6e15,libtransam-c8c93940c9321f01,libsubtrans-d18560baacc801f7,libadt_windowfuncs-efe92700a9d2545d,libname-9e433ee477e7c01c,libforeigncmds_seams-ebb06d7c63af3998,libextension_seams-b0fd0f0a1d3a93c0,libsequence_seams-2c2a544d9093595c,libpgstatfuncs-b04b02f61f2e4a7b,libxlogprefetcher_seams-99fd18a890a886bd,libwalreceiverfuncs_seams-e0c5686b2051d7ef,libbackend_status-412528491437a786,libbe_secure_openssl-5908e0e39e09f225,libpqcomm-8a383ca6fde8c625,libbe_secure_seams-fe1b9b96b09e4466,libbe_secure_common-9429915839f943ff,libopenssl-fae5147777c6f4ce,libbitflags-7ebc804116e5816e,libopenssl_sys-ed0af80f67595b71,libforeign_types-b85e7f622934b2fe,libforeign_types_shared-38fd452ebcc86072,libadt_varchar-d8aa7255f06540a8,libadt_quote-621f7e32f97e7463,libadt_pseudotypes-2e18886c0b5dc799,libadt_multirangetypes-60ba15774a1dc699,libadt_rangetypes-7ebc71c4eb6f3b94,libadt_network-e3b47774bda3f958,libdict_snowball-9f295a918c174ab5,libto_tsany-e38e9d66985e2211,libtsearch_spell-e40d364dda594880,libtsearch_dict-546994c9fe9bcd00,libwparser_def-ba8276c53d5319e0,libts_parse-d880d934b65e18b5,libts_cache-ffc0bedfce3f6662,libadt_regproc-ae9bd46cc2b19582,libregproc_seams-a8fff65d50bd9de4,libadt_tsrank-839dd70ac7abf87a,libadt_tsquery_core-5eb6058771e99226,libts_locale-f060694c1bc9854a,libadt_tsvector_core-8c26b52d654d248c,libadt_uuid-82d4a732bd9d012b,libdbsize-c2af8ac5afbe9907,librelfilenumbermap_seams-f6debd771440e4cd,librelpath-9ec1189d3d86781f,libxid8funcs-6c1de2dea05a15d0,libsnapmgr-ff16b3f223ddc07a,libprocarray-8af40a7ac99f732e,libadt_xml-7885107d78b1e53c,libadt_pg_lsn-c572c8e8e8902a4b,libadt_mac8-e7a2c3dd72991dfb,libadt_mac-39025185d703e9b2,libhbafuncs-5eaccc04f08b367c,libhba-3672706d996ff1ab,libauth_seams-1916e803525ce1d1,libhba_seams-00104f5e69d7a5a9,libifaddr-93fd4f69f9aff974,libadt_like-5d51c68fd0f83f92,libadt_jsonpath_exec-fe866fc3ae5e88be,libadt_regexp-b3ec604bfa858e13,libadt_jsonb-ec6e3a47cb2377c2,libgin_vocab-f305ccf087b97584,libtidbitmap-7b706235bc1f465d,libadt_jsonpath-d180883822b503d7,libregex_core-3705cff49e009ba1,libadt_json-ec33ef0df434fa21,libstack_depth-27af14c65c988a30,libadt_int-63f2744e582633ba,libadt_formatting-36a3f90d9b0d447b,libformatting_seams-545f741a627533c8,libadt_oracle_compat-fa9e5433034081d8,libadt_enum-4f4fd6de48c45986,libadt_encode-6197461d2a6b5ba3,libadt_date-d2a38c8d333598be,libadt_timestamp-371a1f98486da2b8,libstrftime-e9fd6ab59fff8820,libadt_datetime-658322d92d783542,libadt_domains-266e7086030b7def,libadt_char-3b14674b283f677d,libadt_cash-1ebbefa4080cd447,libadt_int8-cd615ebe985a22a7,libpg_locale-d7da641d2eeb634b,libunicode_case-ad6d4d9d4a617d3f,libpg_database_seams-e5f2c863976f4ca0,libarray_userfuncs-717cfb4089e3c0cb,libtuplesort_seams-ba45215515fc6034,libadt_bool-aea0cb7f23dbd10d,libtypes_brin-39f37e8e095f8a7a,libxact-5e3b3c236913193c,libvarsup-8fe8ce9a59ffbef6,libclog-5501dbc57bd031fb,libsnapbuild_seams-6c013334b39a10fb,liblogical_seams-497aadc4a35ed3bc,libcatalog_index_seams-a3fe73568af909d6,libbackend_progress_seams-9b5e63ecd9d45bee,libwaitevent-38efbcd9ec05d92b,liblogical_worker_seams-26ef86b6cf2b281e,liblauncher_seams-dd70cf89f86049a0,libcombocid_seams-e5baae2a3e70cffe,libsmgr-1c643f8d331ecad2,libmd-ae94ff8f2cadd388,librelmapper-23fbac0823eee1c9,libbe_fsstubs_seams-278c31eb720a825c,libtablecmds_seams-05cf293c8b8f0360,libportalmem-e99086726944e256,libsnapmgr_portal_seams-ef55f7b844a574dd,libexecmain_seams-de33e8b483c40ec6,libtcop_dest-65585d3dd3aef587,libcmdtag-94ef0535e8219814,libtqueue-0039d12300b8ec7e,libshm_mq-14779e2cd93dae94,libbgworker_seams-3910a5a00219659e,libexplain_dr-16ea723154065e4b,libinstrument-dc30d2505cd4d2dc,libbufmgr-3bce7b013903a886,libcheckpointer_seams-cc028aeeec209894,liblmgr-9c7acf83790a8736,libsubtrans_seams-59265c536a80b2f3,libaio_core-de6c4e5a6097acd4,libinterrupt-38d3980f2c7fe6ab,libipc-82b590ecb4558ba3,libipc_portal_seams-911dd6c6ad3fc6d3,libdsm_core-c69b394d07ee266f,libshmem-6222aa5bc5682f2f,libcondition_variable-551023ba9708fa91,libsql_functions_seams-0cf76159c92a51e4,libmatview_seams-f805ecf75afb281c,libcopy_seams-03ce06d5d4c1a4e8,libcreateas_seams-f3afe654c8e93372,libtstore_receiver-93602af11dc46125,libprinttup-094cce499a4be644,libpquery_seams-4b59d06ab36c6530,libportalcmds_seams-abd0b60962f45e3f,libplancache_portal_seams-604c3d966e852885,libxact_portal_seams-b671cb3e61822c1a,libfuncapi-4acece017d555b7a,libvarlena-3e84fd725164268e,libunicode_category-dfec1a8d82487208,libregex_core_seams-a54144c22a29fa2b,libregexp_seams-9aaa77a6ed36cc52,libregexp_alt-3cc5f4aa2c5a3e39,libmemchr-c1c772b32af6edef,libpg_bitutils-9ce59e6b55523d7f,libdetoast-a6f928a7c6233408,libpglz-c8227b10ae339654,libtoast_internals_seams-6631d4db878060c3,libpg_locale_seams-221c9a85607b3109,libunicode_norm-7f6b4be9cad93f64,libregex-987d3ec8914d4d31,libtuplestore-201f1a6ed4993348,libtuplestore_hold_seams-bf2672819177a738,libexectuples-3aeddedafd87c47a,libheaptuple-5957a1ebe22bfbc7,libtimeout-9150c990922f4fbe,libtrigger_seams-d000aefe41a70698,libguc-48a902909ab71434,libpgtz-0d88a5c1e3790126,libpgstrcasecmp-2d5bb6be4fe7b86e,liblocaltime-341b4404e092079d,libpgtz_seams-f0e0dbef2bc28d8b,libscalar_seams-42fdf2d69617cad9,libsuperuser_seams-81500230d63c6a02,libguc_file-c2985d12cbf7e82a,libguc_file_seams-e8aca69bd1f9d253,libconffiles_seams-c29f80cc71679feb,libspi_seams-81d2b0765ffc914d,liblock-a998a0225ac98854,libps_status_seams-72f10f0dbd65b7d2,liblmgr_seams-1a79c35fb1cfbef7,libresowner-ef03c35853dd68ec,libpredicate_seams-c7b45f32a048a94b,libresowner_portal_seams-b82e655cb4ba409c,libdynahash-f4d66d07cdf307df,libsinval-c27d9ba00d3703d2,libprocsignal-da775a5ce88fdc3b,libmcxt_seams-81a2deab41c5eeec,libwalsender_seams-3d1a18e975900d34,librepl_gram-a2199896fa5c1d76,librepl_scanner-eb82b5c8e290a00d,libparser_small1-6d5c41648578a87b,libadt_varbit-763a5ac151cf7445,libadt_numeric-934f6409ec5bfd07,libadt_float-3fc7250784ec32e1,libryu-f5d470691987cf73,libarrayfuncs-4f297e6f89959646,libtypcache-49d856501846daec,libtupdesc-192425bf6f010279,libindexcmds_seams-736107446b539416,libpg_enum_seams-442ef6258f485f49,libclauses_seams-79cf714c66cc6c7e,libfuncapi_srf-d37264ad11afdbc0,libpg_string-d847d957c8f91f2f,libstring_seams-5bf94cd301ca945d,libarrayutils-deebecef087bc0f4,libhyperloglog-2e613e81959b08d4,libnodes_core-6e9be101c8406416,liboutfuncs-44085880e8f5950f,liblsyscache-4aaba22eb13eeef0,liblsyscache_seams-725e2abc6a5ce575,libadt_scalar-82ff5f39715b115f,libmultixact-540b68f415c3801a,libmultixact_seams-b3ddb6c44af60829,libvarsup_seams-87311dda0148a36d,libdbcommands_seams-434e0cf410b96bc9,libslru-7232ed979a5a7c69,libsync_seams-e93d603ac693d86f,libpmsignal-c18da958b011b4aa,libpostmaster_seams-07c407d593a879f3,libtableam_seams-ec4ad685255ee37b,libtableam_vocab-f18f98f2860f1c35,libsyncscan_seams-fe5009ec4f7e4c9c,libtypes_slot-47d2085a32e6bfe5,libaclchk_seams-27d67368cd9c948e,libnbt_compare-87ecd1b5da63f4cc,libtypes_array-59663e5e53b8f5a6,libhashfn-4e63fe68fa5afe70,libpqformat-0706a6d17b2f35cc,libmbutils-25b1d1e57b4ede11,libreadfuncs-177e69096729627c,libtypcache_seams-78ba46f77610d4d2,libformat_type-10e5741048cf319d,libfmgr_seams-239931a2818b2323,libnamespace_seams-96bd7c70de246340,libkeywords-34ced61acfdc144d,libtypes_pathnodes-9297280bafd6e205,libnumutils-ca2c3d8bf259fad5,libqueryenvironment-36e4d3398e76dbe0,libtable-01fc7cc073b08662,libpg_class_seams-875e28574d6b0e0a,librelation_seams-b11b65e15f07a1ac,libtable_seams-de6ef45fa55f4356,librel_vocab-63fc9d1c19b7f3f3,libtypes_portal-86bb9a98d7465ec7,libtypes_nodes-2f2bbbedad1cf1a9,libwchar-730a1542d2a25cb6,libasync_seams-d1ea295ad0bd5d23,libtransam_seams-7dee6d5eefec0d22,libcommit_ts_seams-f21f0f8bb6a0b10b,liborigin_seams-a38749a07854803a,libstandby_seams-4d5c953a20920d36,libpgstat-961e9ea18494918c,libtwophase_seams-eaa1f71f8814e47f,libbackend_status_seams-f99c8e03234bdf4f,libslot_seams-6345520f62c98045,libmiscinit-54913cefb00206f1,libparallel_seams-ac2422d06e762a71,liblmgr_proc-6427e01d2d4d7c83,libautovacuum_seams-d658e6ff182c7882,libcondition_variable_seams-60b88573d7a53578,libsyncrep_seams-96fc96dc400f977b,liblock_seams-c18acdb6bcb6fb3a,libprocarray_seams-e5f3ae21f17bc6ac,libdeadlock_seams-a8034ac2699bcf20,libpmsignal_seams-a3c507ea47fb019a,liblwlock-091eaa2e3cdc93b5,libpg_sema_seams-635ab6199de6e6ec,libs_lock_seams-16438b4b8492401d,libpg_path-c92df880776c9813,liblibpq_pqsignal-19ad7e7af1c51bd3,libwaiteventset-a0f92565c1edb9e2,libpg_strong_random-df947762305e2188,liblatch-d8dc3c9f3d20414e,liblatch_seams-3dd8223ef62184a9,libprocsignal_seams-b551fd43f5fb9a00,libtimeout_seams-36f356bffcbae419,libwaiter-09d2e72aa83cca3c,liblmgr_proc_seams-1fe0854c72155662,libwaiteventset_seams-bc71c2e48fe3b5dc,libdfmgr-5b090352f40c516f,libshmem_seams-c3e37b0bf5524c6f,libfd-a252e1e5cd29898d,libresowner_seams-0c50ed7840f3c470,libpg_prng-392233ba56640d55,libpg_prng_seams-0de28d315faa0a8f,libaio_seams-a3c915b6d537207d,libwaitevent_seams-7e8d383033cddb49,libstartup_seams-b46c4a1f175c1e23,libpostgres_seams-1decdad7b04e33c4,libtablespace_seams-dffe27efd6966ba0,libvfs-ba9fd942a0706a22,libtimestamp_seams-8769c807ffb94618,libcatalog_storage_seams-dc64e68904e6f424,libinval-2a1a65612ed0b158,libinval_seams-a7db27d27facfb6b,librelmapper_seams-fc51dad5dbab2603,libsnapmgr_seams-b70faaf37e2b959b,libtypes_snapshot-f2438f62cfdb79a3,libcatcache_seams-2f92ef384147e7a1,libsyscache_seams-78ee4897a744abce,libcatalog_seams-e2acb76348dfcdbb,libinit_small-ef9c9d5d0a8c1208,libacl_seams-455a314aaeef6264,libxloginsert_seams-4a53fc77922b6ab8,libmiscinit_seams-ebfccaf8d955ff7c,libxact_seams-bb7a3d21b9fbd7a8,librelcache_seams-bfde55c02fa103fd,libjit_deform-d6be0d5cc36b41ea,libsinval_seams-726454a92bb24147,libtypes_resowner-b3658bfb1f7f327e,libxlogutils-f7dafa0fa7313b44,libxlogutils_seams-dd19b98b2fd2b396,libtransam_xlog_seams-7923cdc95803fc69,libfile_seams-94a82198b78a9d10,libtimeline_seams-9ee706e8938ed0b1,libsmgr_seams-e7ad749d3c208d30,libbufmgr_seams-e90c3ff825b0ef04,libxlogrecovery_seams-58833d067b127951,librelpath_seams-0c7948656bedfb74,libtypes_rel-198a6bc911f74509,libtypes_trigger-652f6ec8b283857f,libtypes_spgist-dd8843e3cfcf7dbb,libtypes_gist-0d5656e7438d24f8,libtypes_hash-7fbfa1b3e4f9cd8a,libtypes_bloom-90a79f2f84c03984,libtypes_nbtree-22927cd5b49d8c23,libtypes_scan-aadac3807e92c588,libtypes_fmgr-15a7af6bcfb5f519,libdetoast_seams-4f6bee22a1fe0174,libstringinfo-35cbaa895806325a,libtypes_tuple-a164e1a3a6942b6a,libelog-a877d3bcca017d83,libelog_seams-de02b77aa7ab07b4,libipc_seams-0cd45eff973aae57,libdatum-93fccccde6062ccd,libpgstat_seams-51d4022d5a0e57bf,libpqcomm_seams-9447855a6462a334,libmbutils_seams-a44a97e05a05debf,libinit_small_seams-85b89ec42ccb0a13,libsyslogger_seams-247fe9e13499a016,libtypes_startup-cd72d5ac62129009,libip-b6d88b556d9321f8,liberror_small_seams-345efdbaeec0007b,libpg_clock-329c724a2ddec8c6,libguc_tables-80bf517a77541901,libguc_seams-0971877aede49ea8,libtypes_guc-8912cfad37108023,libtypes_dest-d059a76f8d8c888e,libcrc32c-2d9a8ec9141a4e21,libxlogreader_seams-43a3aaef614e0a03,libseam_core-d26e0106a351aeef,libtypes_storage-59bab4963f754337,liblibc-1fec702575a82097,libpgsync-85521be7427eb0dc,libtypes_core-775902aa556dcd95,libmcx-448fae4c30b4f797,librustc_hash-4ad32aff0bc0dc49,libhashbrown-8fcfb73f1f52e8b0,libahash-f2cdf3f4692f6bb7,libonce_cell-a18764d3e4456760,libcfg_if-c0fdd5568c081294,libzerocopy-1ef84384eef5fce3,libtypes_error-ee668767750e7dc2,liballocator_api2-4c63d7a9357381ac,liblibfuzzer_sys-dc1febb8836c0ba8,libarbitrary-0bc829a0c7302f2b}.rlib" "<sysroot>/lib/rustlib/aarch64-unknown-linux-gnu/lib/{libstd-*,libpanic_unwind-*,libobject-*,libmemchr-*,libaddr2line-*,libgimli-*,libcfg_if-*,librustc_demangle-*,libstd_detect-*,libhashbrown-*,librustc_std_workspace_alloc-*,libminiz_oxide-*,libadler2-*,libunwind-*,liblibc-*,librustc_std_workspace_core-*,liballoc-*,libcore-*,libcompiler_builtins-*}.rlib" "-Wl,-Bdynamic" "-lstdc++" "-labsl_log_internal_check_op" "-labsl_log_internal_conditions" "-labsl_log_internal_message" "-labsl_examine_stack" "-labsl_log_internal_format" "-labsl_log_internal_proto" "-labsl_log_internal_nullguard" "-labsl_log_internal_log_sink_set" "-labsl_log_internal_globals" "-labsl_log_globals" "-labsl_log_sink" "-labsl_log_entry" "-labsl_strerror" "-labsl_vlog_config_internal" "-labsl_log_internal_fnmatch" "-labsl_flags_internal" "-labsl_flags_marshalling" "-labsl_flags_reflection" "-labsl_flags_private_handle_accessor" "-labsl_flags_commandlineflag" "-labsl_flags_commandlineflag_internal" "-labsl_flags_config" "-labsl_flags_program_name" "-labsl_cord" "-labsl_cordz_info" "-labsl_cord_internal" "-labsl_cordz_functions" "-labsl_cordz_handle" "-labsl_crc_cord_state" "-labsl_crc32c" "-labsl_crc_internal" "-labsl_crc_cpu_detect" "-labsl_raw_hash_set" "-labsl_hashtablez_sampler" "-labsl_exponential_biased" "-labsl_hash" "-labsl_city" "-labsl_bad_variant_access" "-labsl_low_level_hash" "-labsl_bad_optional_access" "-labsl_str_format_internal" "-labsl_synchronization" "-labsl_graphcycles_internal" "-labsl_kernel_timeout_internal" "-labsl_stacktrace" "-labsl_symbolize" "-labsl_debugging_internal" "-labsl_demangle_internal" "-labsl_demangle_rust" "-labsl_decode_rust_punycode" "-labsl_utf8_for_code_point" "-labsl_malloc_internal" "-labsl_time" "-labsl_civil_time" "-labsl_strings" "-labsl_strings_internal" "-labsl_string_view" "-labsl_base" "-latomic" "-lrt" "-labsl_spinlock_wait" "-labsl_int128" "-labsl_throw_delegate" "-labsl_raw_logging_internal" "-labsl_log_severity" "-labsl_time_zone" "-lstdc++" "-lgcc_s" "-lutil" "-lrt" "-lpthread" "-lm" "-ldl" "-lc" "-L" "/work/src/fuzz/target/aarch64-unknown-linux-gnu/release/deps/rustcQcIXtX/raw-dylibs" "-Wl,--eh-frame-hdr" "-Wl,-z,noexecstack" "-L" "/work/src/fuzz/target/aarch64-unknown-linux-gnu/release/build/decoder_fuzz-3e9bd349d077e8ca/out" "-L" "/work/src/fuzz/target/aarch64-unknown-linux-gnu/release/build/regexp_alt-5bf1a1806dea73f8/out" "-L" "/work/src/fuzz/target/aarch64-unknown-linux-gnu/release/build/openssl-sys-ca7f2fb5c1c26b08/out/openssl-build/install/lib" "-L" "/work/src/fuzz/target/aarch64-unknown-linux-gnu/release/build/libfuzzer-sys-b25806bf68759c69/out" "-L" "/usr/lib/aarch64-linux-gnu" "-L" "<sysroot>/lib/rustlib/aarch64-unknown-linux-gnu/lib" "-o" "/work/src/fuzz/target/aarch64-unknown-linux-gnu/release/deps/hashfn_diff-0d36fe027e567470" "-Wl,--gc-sections" "-pie" "-Wl,-z,relro,-z,now" "-Wl,-O1" "-nodefaultlibs"
  = note: some arguments are omitted. use `--verbose` to show all linker arguments
  = note: /usr/bin/ld: /work/src/fuzz/target/aarch64-unknown-linux-gnu/release/deps/libdecoder_fuzz-ce05a889a5992ba2.rlib(ef81103c4d9017e3-regcomp.o): in function `pg_reg_getcolor':
          /work/src/fuzz/core/csrc/regexfam/regc_color.c:121: multiple definition of `pg_reg_getcolor'; /work/src/fuzz/target/aarch64-unknown-linux-gnu/release/deps/libdecoder_fuzz-ce05a889a5992ba2.rlib(e5077b94270c8099-regcomp.o):/work/src/fuzz/core/csrc/jsonpath/regex/regc_color.c:121: first defined here
          /usr/bin/ld: /work/src/fuzz/target/aarch64-unknown-linux-gnu/release/deps/libdecoder_fuzz-ce05a889a5992ba2.rlib(ef81103c4d9017e3-regcomp.o): in function `pg_regcomp':
          /work/src/fuzz/core/csrc/regexfam/regcomp.c:394: multiple definition of `pg_regcomp'; /work/src/fuzz/target/aarch64-unknown-linux-gnu/release/deps/libdecoder_fuzz-ce05a889a5992ba2.rlib(e5077b94270c8099-regcomp.o):/work/src/fuzz/core/csrc/jsonpath/regex/regcomp.c:394: first defined here
          collect2: error: ld returned 1 exit status
          

error: could not compile `pgrust-fuzz` (bin "pg_prng_diff") due to 1 previous error
error: could not compile `pgrust-fuzz` (bin "hashfn_diff") due to 1 previous error
error: linking with `cc` failed: exit status: 1
  |
  = note:  "cc" "-Wl,--fix-cortex-a53-843419" "/work/src/fuzz/target/aarch64-unknown-linux-gnu/release/deps/rustc2PsyGG/symbols.o" "-Wl,-Bstatic" "-Wl,--whole-archive" "-Wl,<sysroot>/lib/rustlib/aarch64-unknown-linux-gnu/lib/librustc-nightly_rt.asan.a" "-Wl,--no-whole-archive" "<2 object files omitted>" "-Wl,--as-needed" "/work/src/fuzz/target/aarch64-unknown-linux-gnu/release/deps/{libdecoder_fuzz-ce05a889a5992ba2,libxlogstats-751e0da5e1d12ef5,libpg_rusage-20d5fb84d8ce7557,libcontrib_earthdistance-62171827053ec27a,libpg_class-4a6d74a6c018be9f,libadt_rowtypes-a4794d852ca6027f,libscram_common-e11945b252d3826e,libpg_hmac-4cf5c8b3660544ec,libpg_sha1-e4ca6845b132ea16,libpg_b64-4d5978aeedd9d3bb,libwait_error-20952b494fe498e5,libarchive-a18627a2a5d84afb,libpercentrepl-14ab69f0310df459,libadt_geo-6770d8d70fec2eca,libpairingheap-c8d2e4f2c7da0b75,libintegerset-e3da0542e1488698,libbloomfilter-e81e1605f0f67fc0,libbinaryheap-4dc7ef4b569319f9,libxlogreader-0774eb388464beff,librmgr-fad9988223b51953,liblogical_message-4eac03c06d1a2b7f,libgeneric_xlog-e29770827080434e,libbrin_xlog-bdf62fcd1cb87abc,libbrin_pageops-b4596e69677f7f87,libspgist_xlog-d9f4155fa0b1d70e,libsequence_xlog-05743c11ff92a433,libgist_xlog-3b3eece8531c3cee,libgin_xlog-36a8224f6febd836,libhash_xlog-dcf93c2afa663f9d,libbufmask-d06f2393833f248e,libnbtree_xlog-8cfa7438e78cf895,librmgrdesc-c4043fa165a7d526,libstorage_xlog-6ede242fb8cfb582,libheapam_xlog-9c35524373005f1e,libpruneheap_seams-47081c2a9ecbd3a0,libstandby-900217fb076bd0b3,libxloginsert-ea25e7b653828abf,libslot-60dbff37e2354a17,libwalsender_config-1719c72ed736c52a,libps_status-9e8889726683f83f,libfreespace-c3920503646f316e,libfreespace_seams-7f56535f44633dcd,libvisibilitymap-32a2e6569bc412e0,libcommit_ts-b0d58e618cb0dfff,libfmgr_core-345bb33faa105317,libconv-1dae4e1af62cf618,libtrigfuncs-c9e19c681e8fd12a,libtypes_trigger_call-35588c35d2ed97b8,libpseudorandomfuncs-67c698e5a90215b2,libsignalfuncs-f41bb49d497dd420,libwaitfuncs-70d504b29546b473,liblockfuncs-3a1fe98e0eeca55d,libpredicate-da6f72c0ac78ae26,libadt_mcxtfuncs-280bf97c42440099,libmcxt_stats-6a84a80cfcd3be07,libadt_amutils-a4cdc16282f73d8f,libindexam_seams-d8bb22ee1f6636ef,libadt_ascii-eccdac96bde76e14,libcryptohashfuncs-f2c90d9a9efbddd1,libpg_sha2-7e8cd0c77d2b2c05,libpg_md5-9db52add57f6c8c4,libcommands_async-fd7742ed07809705,libtransam_xlog-aa94f7f7c5323017,libinjection_point-c19b8749c9895034,librewriteheap_seams-d025aa8c57ea5068,libreorderbuffer_seams-9732aa01e7fde36a,libwalsummarizer_seams-6aeff26758f7186b,libxlogarchive_seams-7b0a832e106e8c60,libcontroldata_utils-523f399c49868f8d,libxlogbackup-8eba4de1aabd6e15,libtransam-c8c93940c9321f01,libsubtrans-d18560baacc801f7,libadt_windowfuncs-efe92700a9d2545d,libname-9e433ee477e7c01c,libforeigncmds_seams-ebb06d7c63af3998,libextension_seams-b0fd0f0a1d3a93c0,libsequence_seams-2c2a544d9093595c,libpgstatfuncs-b04b02f61f2e4a7b,libxlogprefetcher_seams-99fd18a890a886bd,libwalreceiverfuncs_seams-e0c5686b2051d7ef,libbackend_status-412528491437a786,libbe_secure_openssl-5908e0e39e09f225,libpqcomm-8a383ca6fde8c625,libbe_secure_seams-fe1b9b96b09e4466,libbe_secure_common-9429915839f943ff,libopenssl-fae5147777c6f4ce,libbitflags-7ebc804116e5816e,libopenssl_sys-ed0af80f67595b71,libforeign_types-b85e7f622934b2fe,libforeign_types_shared-38fd452ebcc86072,libadt_varchar-d8aa7255f06540a8,libadt_quote-621f7e32f97e7463,libadt_pseudotypes-2e18886c0b5dc799,libadt_multirangetypes-60ba15774a1dc699,libadt_rangetypes-7ebc71c4eb6f3b94,libadt_network-e3b47774bda3f958,libdict_snowball-9f295a918c174ab5,libto_tsany-e38e9d66985e2211,libtsearch_spell-e40d364dda594880,libtsearch_dict-546994c9fe9bcd00,libwparser_def-ba8276c53d5319e0,libts_parse-d880d934b65e18b5,libts_cache-ffc0bedfce3f6662,libadt_regproc-ae9bd46cc2b19582,libregproc_seams-a8fff65d50bd9de4,libadt_tsrank-839dd70ac7abf87a,libadt_tsquery_core-5eb6058771e99226,libts_locale-f060694c1bc9854a,libadt_tsvector_core-8c26b52d654d248c,libadt_uuid-82d4a732bd9d012b,libdbsize-c2af8ac5afbe9907,librelfilenumbermap_seams-f6debd771440e4cd,librelpath-9ec1189d3d86781f,libxid8funcs-6c1de2dea05a15d0,libsnapmgr-ff16b3f223ddc07a,libprocarray-8af40a7ac99f732e,libadt_xml-7885107d78b1e53c,libadt_pg_lsn-c572c8e8e8902a4b,libadt_mac8-e7a2c3dd72991dfb,libadt_mac-39025185d703e9b2,libhbafuncs-5eaccc04f08b367c,libhba-3672706d996ff1ab,libauth_seams-1916e803525ce1d1,libhba_seams-00104f5e69d7a5a9,libifaddr-93fd4f69f9aff974,libadt_like-5d51c68fd0f83f92,libadt_jsonpath_exec-fe866fc3ae5e88be,libadt_regexp-b3ec604bfa858e13,libadt_jsonb-ec6e3a47cb2377c2,libgin_vocab-f305ccf087b97584,libtidbitmap-7b706235bc1f465d,libadt_jsonpath-d180883822b503d7,libregex_core-3705cff49e009ba1,libadt_json-ec33ef0df434fa21,libstack_depth-27af14c65c988a30,libadt_int-63f2744e582633ba,libadt_formatting-36a3f90d9b0d447b,libformatting_seams-545f741a627533c8,libadt_oracle_compat-fa9e5433034081d8,libadt_enum-4f4fd6de48c45986,libadt_encode-6197461d2a6b5ba3,libadt_date-d2a38c8d333598be,libadt_timestamp-371a1f98486da2b8,libstrftime-e9fd6ab59fff8820,libadt_datetime-658322d92d783542,libadt_domains-266e7086030b7def,libadt_char-3b14674b283f677d,libadt_cash-1ebbefa4080cd447,libadt_int8-cd615ebe985a22a7,libpg_locale-d7da641d2eeb634b,libunicode_case-ad6d4d9d4a617d3f,libpg_database_seams-e5f2c863976f4ca0,libarray_userfuncs-717cfb4089e3c0cb,libtuplesort_seams-ba45215515fc6034,libadt_bool-aea0cb7f23dbd10d,libtypes_brin-39f37e8e095f8a7a,libxact-5e3b3c236913193c,libvarsup-8fe8ce9a59ffbef6,libclog-5501dbc57bd031fb,libsnapbuild_seams-6c013334b39a10fb,liblogical_seams-497aadc4a35ed3bc,libcatalog_index_seams-a3fe73568af909d6,libbackend_progress_seams-9b5e63ecd9d45bee,libwaitevent-38efbcd9ec05d92b,liblogical_worker_seams-26ef86b6cf2b281e,liblauncher_seams-dd70cf89f86049a0,libcombocid_seams-e5baae2a3e70cffe,libsmgr-1c643f8d331ecad2,libmd-ae94ff8f2cadd388,librelmapper-23fbac0823eee1c9,libbe_fsstubs_seams-278c31eb720a825c,libtablecmds_seams-05cf293c8b8f0360,libportalmem-e99086726944e256,libsnapmgr_portal_seams-ef55f7b844a574dd,libexecmain_seams-de33e8b483c40ec6,libtcop_dest-65585d3dd3aef587,libcmdtag-94ef0535e8219814,libtqueue-0039d12300b8ec7e,libshm_mq-14779e2cd93dae94,libbgworker_seams-3910a5a00219659e,libexplain_dr-16ea723154065e4b,libinstrument-dc30d2505cd4d2dc,libbufmgr-3bce7b013903a886,libcheckpointer_seams-cc028aeeec209894,liblmgr-9c7acf83790a8736,libsubtrans_seams-59265c536a80b2f3,libaio_core-de6c4e5a6097acd4,libinterrupt-38d3980f2c7fe6ab,libipc-82b590ecb4558ba3,libipc_portal_seams-911dd6c6ad3fc6d3,libdsm_core-c69b394d07ee266f,libshmem-6222aa5bc5682f2f,libcondition_variable-551023ba9708fa91,libsql_functions_seams-0cf76159c92a51e4,libmatview_seams-f805ecf75afb281c,libcopy_seams-03ce06d5d4c1a4e8,libcreateas_seams-f3afe654c8e93372,libtstore_receiver-93602af11dc46125,libprinttup-094cce499a4be644,libpquery_seams-4b59d06ab36c6530,libportalcmds_seams-abd0b60962f45e3f,libplancache_portal_seams-604c3d966e852885,libxact_portal_seams-b671cb3e61822c1a,libfuncapi-4acece017d555b7a,libvarlena-3e84fd725164268e,libunicode_category-dfec1a8d82487208,libregex_core_seams-a54144c22a29fa2b,libregexp_seams-9aaa77a6ed36cc52,libregexp_alt-3cc5f4aa2c5a3e39,libmemchr-c1c772b32af6edef,libpg_bitutils-9ce59e6b55523d7f,libdetoast-a6f928a7c6233408,libpglz-c8227b10ae339654,libtoast_internals_seams-6631d4db878060c3,libpg_locale_seams-221c9a85607b3109,libunicode_norm-7f6b4be9cad93f64,libregex-987d3ec8914d4d31,libtuplestore-201f1a6ed4993348,libtuplestore_hold_seams-bf2672819177a738,libexectuples-3aeddedafd87c47a,libheaptuple-5957a1ebe22bfbc7,libtimeout-9150c990922f4fbe,libtrigger_seams-d000aefe41a70698,libguc-48a902909ab71434,libpgtz-0d88a5c1e3790126,libpgstrcasecmp-2d5bb6be4fe7b86e,liblocaltime-341b4404e092079d,libpgtz_seams-f0e0dbef2bc28d8b,libscalar_seams-42fdf2d69617cad9,libsuperuser_seams-81500230d63c6a02,libguc_file-c2985d12cbf7e82a,libguc_file_seams-e8aca69bd1f9d253,libconffiles_seams-c29f80cc71679feb,libspi_seams-81d2b0765ffc914d,liblock-a998a0225ac98854,libps_status_seams-72f10f0dbd65b7d2,liblmgr_seams-1a79c35fb1cfbef7,libresowner-ef03c35853dd68ec,libpredicate_seams-c7b45f32a048a94b,libresowner_portal_seams-b82e655cb4ba409c,libdynahash-f4d66d07cdf307df,libsinval-c27d9ba00d3703d2,libprocsignal-da775a5ce88fdc3b,libmcxt_seams-81a2deab41c5eeec,libwalsender_seams-3d1a18e975900d34,librepl_gram-a2199896fa5c1d76,librepl_scanner-eb82b5c8e290a00d,libparser_small1-6d5c41648578a87b,libadt_varbit-763a5ac151cf7445,libadt_numeric-934f6409ec5bfd07,libadt_float-3fc7250784ec32e1,libryu-f5d470691987cf73,libarrayfuncs-4f297e6f89959646,libtypcache-49d856501846daec,libtupdesc-192425bf6f010279,libindexcmds_seams-736107446b539416,libpg_enum_seams-442ef6258f485f49,libclauses_seams-79cf714c66cc6c7e,libfuncapi_srf-d37264ad11afdbc0,libpg_string-d847d957c8f91f2f,libstring_seams-5bf94cd301ca945d,libarrayutils-deebecef087bc0f4,libhyperloglog-2e613e81959b08d4,libnodes_core-6e9be101c8406416,liboutfuncs-44085880e8f5950f,liblsyscache-4aaba22eb13eeef0,liblsyscache_seams-725e2abc6a5ce575,libadt_scalar-82ff5f39715b115f,libmultixact-540b68f415c3801a,libmultixact_seams-b3ddb6c44af60829,libvarsup_seams-87311dda0148a36d,libdbcommands_seams-434e0cf410b96bc9,libslru-7232ed979a5a7c69,libsync_seams-e93d603ac693d86f,libpmsignal-c18da958b011b4aa,libpostmaster_seams-07c407d593a879f3,libtableam_seams-ec4ad685255ee37b,libtableam_vocab-f18f98f2860f1c35,libsyncscan_seams-fe5009ec4f7e4c9c,libtypes_slot-47d2085a32e6bfe5,libaclchk_seams-27d67368cd9c948e,libnbt_compare-87ecd1b5da63f4cc,libtypes_array-59663e5e53b8f5a6,libhashfn-4e63fe68fa5afe70,libpqformat-0706a6d17b2f35cc,libmbutils-25b1d1e57b4ede11,libreadfuncs-177e69096729627c,libtypcache_seams-78ba46f77610d4d2,libformat_type-10e5741048cf319d,libfmgr_seams-239931a2818b2323,libnamespace_seams-96bd7c70de246340,libkeywords-34ced61acfdc144d,libtypes_pathnodes-9297280bafd6e205,libnumutils-ca2c3d8bf259fad5,libqueryenvironment-36e4d3398e76dbe0,libtable-01fc7cc073b08662,libpg_class_seams-875e28574d6b0e0a,librelation_seams-b11b65e15f07a1ac,libtable_seams-de6ef45fa55f4356,librel_vocab-63fc9d1c19b7f3f3,libtypes_portal-86bb9a98d7465ec7,libtypes_nodes-2f2bbbedad1cf1a9,libwchar-730a1542d2a25cb6,libasync_seams-d1ea295ad0bd5d23,libtransam_seams-7dee6d5eefec0d22,libcommit_ts_seams-f21f0f8bb6a0b10b,liborigin_seams-a38749a07854803a,libstandby_seams-4d5c953a20920d36,libpgstat-961e9ea18494918c,libtwophase_seams-eaa1f71f8814e47f,libbackend_status_seams-f99c8e03234bdf4f,libslot_seams-6345520f62c98045,libmiscinit-54913cefb00206f1,libparallel_seams-ac2422d06e762a71,liblmgr_proc-6427e01d2d4d7c83,libautovacuum_seams-d658e6ff182c7882,libcondition_variable_seams-60b88573d7a53578,libsyncrep_seams-96fc96dc400f977b,liblock_seams-c18acdb6bcb6fb3a,libprocarray_seams-e5f3ae21f17bc6ac,libdeadlock_seams-a8034ac2699bcf20,libpmsignal_seams-a3c507ea47fb019a,liblwlock-091eaa2e3cdc93b5,libpg_sema_seams-635ab6199de6e6ec,libs_lock_seams-16438b4b8492401d,libpg_path-c92df880776c9813,liblibpq_pqsignal-19ad7e7af1c51bd3,libwaiteventset-a0f92565c1edb9e2,libpg_strong_random-df947762305e2188,liblatch-d8dc3c9f3d20414e,liblatch_seams-3dd8223ef62184a9,libprocsignal_seams-b551fd43f5fb9a00,libtimeout_seams-36f356bffcbae419,libwaiter-09d2e72aa83cca3c,liblmgr_proc_seams-1fe0854c72155662,libwaiteventset_seams-bc71c2e48fe3b5dc,libdfmgr-5b090352f40c516f,libshmem_seams-c3e37b0bf5524c6f,libfd-a252e1e5cd29898d,libresowner_seams-0c50ed7840f3c470,libpg_prng-392233ba56640d55,libpg_prng_seams-0de28d315faa0a8f,libaio_seams-a3c915b6d537207d,libwaitevent_seams-7e8d383033cddb49,libstartup_seams-b46c4a1f175c1e23,libpostgres_seams-1decdad7b04e33c4,libtablespace_seams-dffe27efd6966ba0,libvfs-ba9fd942a0706a22,libtimestamp_seams-8769c807ffb94618,libcatalog_storage_seams-dc64e68904e6f424,libinval-2a1a65612ed0b158,libinval_seams-a7db27d27facfb6b,librelmapper_seams-fc51dad5dbab2603,libsnapmgr_seams-b70faaf37e2b959b,libtypes_snapshot-f2438f62cfdb79a3,libcatcache_seams-2f92ef384147e7a1,libsyscache_seams-78ee4897a744abce,libcatalog_seams-e2acb76348dfcdbb,libinit_small-ef9c9d5d0a8c1208,libacl_seams-455a314aaeef6264,libxloginsert_seams-4a53fc77922b6ab8,libmiscinit_seams-ebfccaf8d955ff7c,libxact_seams-bb7a3d21b9fbd7a8,librelcache_seams-bfde55c02fa103fd,libjit_deform-d6be0d5cc36b41ea,libsinval_seams-726454a92bb24147,libtypes_resowner-b3658bfb1f7f327e,libxlogutils-f7dafa0fa7313b44,libxlogutils_seams-dd19b98b2fd2b396,libtransam_xlog_seams-7923cdc95803fc69,libfile_seams-94a82198b78a9d10,libtimeline_seams-9ee706e8938ed0b1,libsmgr_seams-e7ad749d3c208d30,libbufmgr_seams-e90c3ff825b0ef04,libxlogrecovery_seams-58833d067b127951,librelpath_seams-0c7948656bedfb74,libtypes_rel-198a6bc911f74509,libtypes_trigger-652f6ec8b283857f,libtypes_spgist-dd8843e3cfcf7dbb,libtypes_gist-0d5656e7438d24f8,libtypes_hash-7fbfa1b3e4f9cd8a,libtypes_bloom-90a79f2f84c03984,libtypes_nbtree-22927cd5b49d8c23,libtypes_scan-aadac3807e92c588,libtypes_fmgr-15a7af6bcfb5f519,libdetoast_seams-4f6bee22a1fe0174,libstringinfo-35cbaa895806325a,libtypes_tuple-a164e1a3a6942b6a,libelog-a877d3bcca017d83,libelog_seams-de02b77aa7ab07b4,libipc_seams-0cd45eff973aae57,libdatum-93fccccde6062ccd,libpgstat_seams-51d4022d5a0e57bf,libpqcomm_seams-9447855a6462a334,libmbutils_seams-a44a97e05a05debf,libinit_small_seams-85b89ec42ccb0a13,libsyslogger_seams-247fe9e13499a016,libtypes_startup-cd72d5ac62129009,libip-b6d88b556d9321f8,liberror_small_seams-345efdbaeec0007b,libpg_clock-329c724a2ddec8c6,libguc_tables-80bf517a77541901,libguc_seams-0971877aede49ea8,libtypes_guc-8912cfad37108023,libtypes_dest-d059a76f8d8c888e,libcrc32c-2d9a8ec9141a4e21,libxlogreader_seams-43a3aaef614e0a03,libseam_core-d26e0106a351aeef,libtypes_storage-59bab4963f754337,liblibc-1fec702575a82097,libpgsync-85521be7427eb0dc,libtypes_core-775902aa556dcd95,libmcx-448fae4c30b4f797,librustc_hash-4ad32aff0bc0dc49,libhashbrown-8fcfb73f1f52e8b0,libahash-f2cdf3f4692f6bb7,libonce_cell-a18764d3e4456760,libcfg_if-c0fdd5568c081294,libzerocopy-1ef84384eef5fce3,libtypes_error-ee668767750e7dc2,liballocator_api2-4c63d7a9357381ac,liblibfuzzer_sys-dc1febb8836c0ba8,libarbitrary-0bc829a0c7302f2b}.rlib" "<sysroot>/lib/rustlib/aarch64-unknown-linux-gnu/lib/{libstd-*,libpanic_unwind-*,libobject-*,libmemchr-*,libaddr2line-*,libgimli-*,libcfg_if-*,librustc_demangle-*,libstd_detect-*,libhashbrown-*,librustc_std_workspace_alloc-*,libminiz_oxide-*,libadler2-*,libunwind-*,liblibc-*,librustc_std_workspace_core-*,liballoc-*,libcore-*,libcompiler_builtins-*}.rlib" "-Wl,-Bdynamic" "-lstdc++" "-labsl_log_internal_check_op" "-labsl_log_internal_conditions" "-labsl_log_internal_message" "-labsl_examine_stack" "-labsl_log_internal_format" "-labsl_log_internal_proto" "-labsl_log_internal_nullguard" "-labsl_log_internal_log_sink_set" "-labsl_log_internal_globals" "-labsl_log_globals" "-labsl_log_sink" "-labsl_log_entry" "-labsl_strerror" "-labsl_vlog_config_internal" "-labsl_log_internal_fnmatch" "-labsl_flags_internal" "-labsl_flags_marshalling" "-labsl_flags_reflection" "-labsl_flags_private_handle_accessor" "-labsl_flags_commandlineflag" "-labsl_flags_commandlineflag_internal" "-labsl_flags_config" "-labsl_flags_program_name" "-labsl_cord" "-labsl_cordz_info" "-labsl_cord_internal" "-labsl_cordz_functions" "-labsl_cordz_handle" "-labsl_crc_cord_state" "-labsl_crc32c" "-labsl_crc_internal" "-labsl_crc_cpu_detect" "-labsl_raw_hash_set" "-labsl_hashtablez_sampler" "-labsl_exponential_biased" "-labsl_hash" "-labsl_city" "-labsl_bad_variant_access" "-labsl_low_level_hash" "-labsl_bad_optional_access" "-labsl_str_format_internal" "-labsl_synchronization" "-labsl_graphcycles_internal" "-labsl_kernel_timeout_internal" "-labsl_stacktrace" "-labsl_symbolize" "-labsl_debugging_internal" "-labsl_demangle_internal" "-labsl_demangle_rust" "-labsl_decode_rust_punycode" "-labsl_utf8_for_code_point" "-labsl_malloc_internal" "-labsl_time" "-labsl_civil_time" "-labsl_strings" "-labsl_strings_internal" "-labsl_string_view" "-labsl_base" "-latomic" "-lrt" "-labsl_spinlock_wait" "-labsl_int128" "-labsl_throw_delegate" "-labsl_raw_logging_internal" "-labsl_log_severity" "-labsl_time_zone" "-lstdc++" "-lgcc_s" "-lutil" "-lrt" "-lpthread" "-lm" "-ldl" "-lc" "-L" "/work/src/fuzz/target/aarch64-unknown-linux-gnu/release/deps/rustc2PsyGG/raw-dylibs" "-Wl,--eh-frame-hdr" "-Wl,-z,noexecstack" "-L" "/work/src/fuzz/target/aarch64-unknown-linux-gnu/release/build/decoder_fuzz-3e9bd349d077e8ca/out" "-L" "/work/src/fuzz/target/aarch64-unknown-linux-gnu/release/build/regexp_alt-5bf1a1806dea73f8/out" "-L" "/work/src/fuzz/target/aarch64-unknown-linux-gnu/release/build/openssl-sys-ca7f2fb5c1c26b08/out/openssl-build/install/lib" "-L" "/work/src/fuzz/target/aarch64-unknown-linux-gnu/release/build/libfuzzer-sys-b25806bf68759c69/out" "-L" "/usr/lib/aarch64-linux-gnu" "-L" "<sysroot>/lib/rustlib/aarch64-unknown-linux-gnu/lib" "-o" "/work/src/fuzz/target/aarch64-unknown-linux-gnu/release/deps/char_diff-7f8154dc27e3864f" "-Wl,--gc-sections" "-pie" "-Wl,-z,relro,-z,now" "-Wl,-O1" "-nodefaultlibs"
  = note: some arguments are omitted. use `--verbose` to show all linker arguments
  = note: /usr/bin/ld: /work/src/fuzz/target/aarch64-unknown-linux-gnu/release/deps/libdecoder_fuzz-ce05a889a5992ba2.rlib(ef81103c4d9017e3-regcomp.o): in function `pg_reg_getcolor':
          /work/src/fuzz/core/csrc/regexfam/regc_color.c:121: multiple definition of `pg_reg_getcolor'; /work/src/fuzz/target/aarch64-unknown-linux-gnu/release/deps/libdecoder_fuzz-ce05a889a5992ba2.rlib(e5077b94270c8099-regcomp.o):/work/src/fuzz/core/csrc/jsonpath/regex/regc_color.c:121: first defined here
          /usr/bin/ld: /work/src/fuzz/target/aarch64-unknown-linux-gnu/release/deps/libdecoder_fuzz-ce05a889a5992ba2.rlib(ef81103c4d9017e3-regcomp.o): in function `pg_regcomp':
          /work/src/fuzz/core/csrc/regexfam/regcomp.c:394: multiple definition of `pg_regcomp'; /work/src/fuzz/target/aarch64-unknown-linux-gnu/release/deps/libdecoder_fuzz-ce05a889a5992ba2.rlib(e5077b94270c8099-regcomp.o):/work/src/fuzz/core/csrc/jsonpath/regex/regcomp.c:394: first defined here
          collect2: error: ld returned 1 exit status
          

error: could not compile `pgrust-fuzz` (bin "char_diff") due to 1 previous error
error: linking with `cc` failed: exit status: 1
  |
  = note:  "cc" "-Wl,--fix-cortex-a53-843419" "/work/src/fuzz/target/aarch64-unknown-linux-gnu/release/deps/rustctQKdXy/symbols.o" "-Wl,-Bstatic" "-Wl,--whole-archive" "-Wl,<sysroot>/lib/rustlib/aarch64-unknown-linux-gnu/lib/librustc-nightly_rt.asan.a" "-Wl,--no-whole-archive" "<2 object files omitted>" "-Wl,--as-needed" "/work/src/fuzz/target/aarch64-unknown-linux-gnu/release/deps/{libdecoder_fuzz-ce05a889a5992ba2,libxlogstats-751e0da5e1d12ef5,libpg_rusage-20d5fb84d8ce7557,libcontrib_earthdistance-62171827053ec27a,libpg_class-4a6d74a6c018be9f,libadt_rowtypes-a4794d852ca6027f,libscram_common-e11945b252d3826e,libpg_hmac-4cf5c8b3660544ec,libpg_sha1-e4ca6845b132ea16,libpg_b64-4d5978aeedd9d3bb,libwait_error-20952b494fe498e5,libarchive-a18627a2a5d84afb,libpercentrepl-14ab69f0310df459,libadt_geo-6770d8d70fec2eca,libpairingheap-c8d2e4f2c7da0b75,libintegerset-e3da0542e1488698,libbloomfilter-e81e1605f0f67fc0,libbinaryheap-4dc7ef4b569319f9,libxlogreader-0774eb388464beff,librmgr-fad9988223b51953,liblogical_message-4eac03c06d1a2b7f,libgeneric_xlog-e29770827080434e,libbrin_xlog-bdf62fcd1cb87abc,libbrin_pageops-b4596e69677f7f87,libspgist_xlog-d9f4155fa0b1d70e,libsequence_xlog-05743c11ff92a433,libgist_xlog-3b3eece8531c3cee,libgin_xlog-36a8224f6febd836,libhash_xlog-dcf93c2afa663f9d,libbufmask-d06f2393833f248e,libnbtree_xlog-8cfa7438e78cf895,librmgrdesc-c4043fa165a7d526,libstorage_xlog-6ede242fb8cfb582,libheapam_xlog-9c35524373005f1e,libpruneheap_seams-47081c2a9ecbd3a0,libstandby-900217fb076bd0b3,libxloginsert-ea25e7b653828abf,libslot-60dbff37e2354a17,libwalsender_config-1719c72ed736c52a,libps_status-9e8889726683f83f,libfreespace-c3920503646f316e,libfreespace_seams-7f56535f44633dcd,libvisibilitymap-32a2e6569bc412e0,libcommit_ts-b0d58e618cb0dfff,libfmgr_core-345bb33faa105317,libconv-1dae4e1af62cf618,libtrigfuncs-c9e19c681e8fd12a,libtypes_trigger_call-35588c35d2ed97b8,libpseudorandomfuncs-67c698e5a90215b2,libsignalfuncs-f41bb49d497dd420,libwaitfuncs-70d504b29546b473,liblockfuncs-3a1fe98e0eeca55d,libpredicate-da6f72c0ac78ae26,libadt_mcxtfuncs-280bf97c42440099,libmcxt_stats-6a84a80cfcd3be07,libadt_amutils-a4cdc16282f73d8f,libindexam_seams-d8bb22ee1f6636ef,libadt_ascii-eccdac96bde76e14,libcryptohashfuncs-f2c90d9a9efbddd1,libpg_sha2-7e8cd0c77d2b2c05,libpg_md5-9db52add57f6c8c4,libcommands_async-fd7742ed07809705,libtransam_xlog-aa94f7f7c5323017,libinjection_point-c19b8749c9895034,librewriteheap_seams-d025aa8c57ea5068,libreorderbuffer_seams-9732aa01e7fde36a,libwalsummarizer_seams-6aeff26758f7186b,libxlogarchive_seams-7b0a832e106e8c60,libcontroldata_utils-523f399c49868f8d,libxlogbackup-8eba4de1aabd6e15,libtransam-c8c93940c9321f01,libsubtrans-d18560baacc801f7,libadt_windowfuncs-efe92700a9d2545d,libname-9e433ee477e7c01c,libforeigncmds_seams-ebb06d7c63af3998,libextension_seams-b0fd0f0a1d3a93c0,libsequence_seams-2c2a544d9093595c,libpgstatfuncs-b04b02f61f2e4a7b,libxlogprefetcher_seams-99fd18a890a886bd,libwalreceiverfuncs_seams-e0c5686b2051d7ef,libbackend_status-412528491437a786,libbe_secure_openssl-5908e0e39e09f225,libpqcomm-8a383ca6fde8c625,libbe_secure_seams-fe1b9b96b09e4466,libbe_secure_common-9429915839f943ff,libopenssl-fae5147777c6f4ce,libbitflags-7ebc804116e5816e,libopenssl_sys-ed0af80f67595b71,libforeign_types-b85e7f622934b2fe,libforeign_types_shared-38fd452ebcc86072,libadt_varchar-d8aa7255f06540a8,libadt_quote-621f7e32f97e7463,libadt_pseudotypes-2e18886c0b5dc799,libadt_multirangetypes-60ba15774a1dc699,libadt_rangetypes-7ebc71c4eb6f3b94,libadt_network-e3b47774bda3f958,libdict_snowball-9f295a918c174ab5,libto_tsany-e38e9d66985e2211,libtsearch_spell-e40d364dda594880,libtsearch_dict-546994c9fe9bcd00,libwparser_def-ba8276c53d5319e0,libts_parse-d880d934b65e18b5,libts_cache-ffc0bedfce3f6662,libadt_regproc-ae9bd46cc2b19582,libregproc_seams-a8fff65d50bd9de4,libadt_tsrank-839dd70ac7abf87a,libadt_tsquery_core-5eb6058771e99226,libts_locale-f060694c1bc9854a,libadt_tsvector_core-8c26b52d654d248c,libadt_uuid-82d4a732bd9d012b,libdbsize-c2af8ac5afbe9907,librelfilenumbermap_seams-f6debd771440e4cd,librelpath-9ec1189d3d86781f,libxid8funcs-6c1de2dea05a15d0,libsnapmgr-ff16b3f223ddc07a,libprocarray-8af40a7ac99f732e,libadt_xml-7885107d78b1e53c,libadt_pg_lsn-c572c8e8e8902a4b,libadt_mac8-e7a2c3dd72991dfb,libadt_mac-39025185d703e9b2,libhbafuncs-5eaccc04f08b367c,libhba-3672706d996ff1ab,libauth_seams-1916e803525ce1d1,libhba_seams-00104f5e69d7a5a9,libifaddr-93fd4f69f9aff974,libadt_like-5d51c68fd0f83f92,libadt_jsonpath_exec-fe866fc3ae5e88be,libadt_regexp-b3ec604bfa858e13,libadt_jsonb-ec6e3a47cb2377c2,libgin_vocab-f305ccf087b97584,libtidbitmap-7b706235bc1f465d,libadt_jsonpath-d180883822b503d7,libregex_core-3705cff49e009ba1,libadt_json-ec33ef0df434fa21,libstack_depth-27af14c65c988a30,libadt_int-63f2744e582633ba,libadt_formatting-36a3f90d9b0d447b,libformatting_seams-545f741a627533c8,libadt_oracle_compat-fa9e5433034081d8,libadt_enum-4f4fd6de48c45986,libadt_encode-6197461d2a6b5ba3,libadt_date-d2a38c8d333598be,libadt_timestamp-371a1f98486da2b8,libstrftime-e9fd6ab59fff8820,libadt_datetime-658322d92d783542,libadt_domains-266e7086030b7def,libadt_char-3b14674b283f677d,libadt_cash-1ebbefa4080cd447,libadt_int8-cd615ebe985a22a7,libpg_locale-d7da641d2eeb634b,libunicode_case-ad6d4d9d4a617d3f,libpg_database_seams-e5f2c863976f4ca0,libarray_userfuncs-717cfb4089e3c0cb,libtuplesort_seams-ba45215515fc6034,libadt_bool-aea0cb7f23dbd10d,libtypes_brin-39f37e8e095f8a7a,libxact-5e3b3c236913193c,libvarsup-8fe8ce9a59ffbef6,libclog-5501dbc57bd031fb,libsnapbuild_seams-6c013334b39a10fb,liblogical_seams-497aadc4a35ed3bc,libcatalog_index_seams-a3fe73568af909d6,libbackend_progress_seams-9b5e63ecd9d45bee,libwaitevent-38efbcd9ec05d92b,liblogical_worker_seams-26ef86b6cf2b281e,liblauncher_seams-dd70cf89f86049a0,libcombocid_seams-e5baae2a3e70cffe,libsmgr-1c643f8d331ecad2,libmd-ae94ff8f2cadd388,librelmapper-23fbac0823eee1c9,libbe_fsstubs_seams-278c31eb720a825c,libtablecmds_seams-05cf293c8b8f0360,libportalmem-e99086726944e256,libsnapmgr_portal_seams-ef55f7b844a574dd,libexecmain_seams-de33e8b483c40ec6,libtcop_dest-65585d3dd3aef587,libcmdtag-94ef0535e8219814,libtqueue-0039d12300b8ec7e,libshm_mq-14779e2cd93dae94,libbgworker_seams-3910a5a00219659e,libexplain_dr-16ea723154065e4b,libinstrument-dc30d2505cd4d2dc,libbufmgr-3bce7b013903a886,libcheckpointer_seams-cc028aeeec209894,liblmgr-9c7acf83790a8736,libsubtrans_seams-59265c536a80b2f3,libaio_core-de6c4e5a6097acd4,libinterrupt-38d3980f2c7fe6ab,libipc-82b590ecb4558ba3,libipc_portal_seams-911dd6c6ad3fc6d3,libdsm_core-c69b394d07ee266f,libshmem-6222aa5bc5682f2f,libcondition_variable-551023ba9708fa91,libsql_functions_seams-0cf76159c92a51e4,libmatview_seams-f805ecf75afb281c,libcopy_seams-03ce06d5d4c1a4e8,libcreateas_seams-f3afe654c8e93372,libtstore_receiver-93602af11dc46125,libprinttup-094cce499a4be644,libpquery_seams-4b59d06ab36c6530,libportalcmds_seams-abd0b60962f45e3f,libplancache_portal_seams-604c3d966e852885,libxact_portal_seams-b671cb3e61822c1a,libfuncapi-4acece017d555b7a,libvarlena-3e84fd725164268e,libunicode_category-dfec1a8d82487208,libregex_core_seams-a54144c22a29fa2b,libregexp_seams-9aaa77a6ed36cc52,libregexp_alt-3cc5f4aa2c5a3e39,libmemchr-c1c772b32af6edef,libpg_bitutils-9ce59e6b55523d7f,libdetoast-a6f928a7c6233408,libpglz-c8227b10ae339654,libtoast_internals_seams-6631d4db878060c3,libpg_locale_seams-221c9a85607b3109,libunicode_norm-7f6b4be9cad93f64,libregex-987d3ec8914d4d31,libtuplestore-201f1a6ed4993348,libtuplestore_hold_seams-bf2672819177a738,libexectuples-3aeddedafd87c47a,libheaptuple-5957a1ebe22bfbc7,libtimeout-9150c990922f4fbe,libtrigger_seams-d000aefe41a70698,libguc-48a902909ab71434,libpgtz-0d88a5c1e3790126,libpgstrcasecmp-2d5bb6be4fe7b86e,liblocaltime-341b4404e092079d,libpgtz_seams-f0e0dbef2bc28d8b,libscalar_seams-42fdf2d69617cad9,libsuperuser_seams-81500230d63c6a02,libguc_file-c2985d12cbf7e82a,libguc_file_seams-e8aca69bd1f9d253,libconffiles_seams-c29f80cc71679feb,libspi_seams-81d2b0765ffc914d,liblock-a998a0225ac98854,libps_status_seams-72f10f0dbd65b7d2,liblmgr_seams-1a79c35fb1cfbef7,libresowner-ef03c35853dd68ec,libpredicate_seams-c7b45f32a048a94b,libresowner_portal_seams-b82e655cb4ba409c,libdynahash-f4d66d07cdf307df,libsinval-c27d9ba00d3703d2,libprocsignal-da775a5ce88fdc3b,libmcxt_seams-81a2deab41c5eeec,libwalsender_seams-3d1a18e975900d34,librepl_gram-a2199896fa5c1d76,librepl_scanner-eb82b5c8e290a00d,libparser_small1-6d5c41648578a87b,libadt_varbit-763a5ac151cf7445,libadt_numeric-934f6409ec5bfd07,libadt_float-3fc7250784ec32e1,libryu-f5d470691987cf73,libarrayfuncs-4f297e6f89959646,libtypcache-49d856501846daec,libtupdesc-192425bf6f010279,libindexcmds_seams-736107446b539416,libpg_enum_seams-442ef6258f485f49,libclauses_seams-79cf714c66cc6c7e,libfuncapi_srf-d37264ad11afdbc0,libpg_string-d847d957c8f91f2f,libstring_seams-5bf94cd301ca945d,libarrayutils-deebecef087bc0f4,libhyperloglog-2e613e81959b08d4,libnodes_core-6e9be101c8406416,liboutfuncs-44085880e8f5950f,liblsyscache-4aaba22eb13eeef0,liblsyscache_seams-725e2abc6a5ce575,libadt_scalar-82ff5f39715b115f,libmultixact-540b68f415c3801a,libmultixact_seams-b3ddb6c44af60829,libvarsup_seams-87311dda0148a36d,libdbcommands_seams-434e0cf410b96bc9,libslru-7232ed979a5a7c69,libsync_seams-e93d603ac693d86f,libpmsignal-c18da958b011b4aa,libpostmaster_seams-07c407d593a879f3,libtableam_seams-ec4ad685255ee37b,libtableam_vocab-f18f98f2860f1c35,libsyncscan_seams-fe5009ec4f7e4c9c,libtypes_slot-47d2085a32e6bfe5,libaclchk_seams-27d67368cd9c948e,libnbt_compare-87ecd1b5da63f4cc,libtypes_array-59663e5e53b8f5a6,libhashfn-4e63fe68fa5afe70,libpqformat-0706a6d17b2f35cc,libmbutils-25b1d1e57b4ede11,libreadfuncs-177e69096729627c,libtypcache_seams-78ba46f77610d4d2,libformat_type-10e5741048cf319d,libfmgr_seams-239931a2818b2323,libnamespace_seams-96bd7c70de246340,libkeywords-34ced61acfdc144d,libtypes_pathnodes-9297280bafd6e205,libnumutils-ca2c3d8bf259fad5,libqueryenvironment-36e4d3398e76dbe0,libtable-01fc7cc073b08662,libpg_class_seams-875e28574d6b0e0a,librelation_seams-b11b65e15f07a1ac,libtable_seams-de6ef45fa55f4356,librel_vocab-63fc9d1c19b7f3f3,libtypes_portal-86bb9a98d7465ec7,libtypes_nodes-2f2bbbedad1cf1a9,libwchar-730a1542d2a25cb6,libasync_seams-d1ea295ad0bd5d23,libtransam_seams-7dee6d5eefec0d22,libcommit_ts_seams-f21f0f8bb6a0b10b,liborigin_seams-a38749a07854803a,libstandby_seams-4d5c953a20920d36,libpgstat-961e9ea18494918c,libtwophase_seams-eaa1f71f8814e47f,libbackend_status_seams-f99c8e03234bdf4f,libslot_seams-6345520f62c98045,libmiscinit-54913cefb00206f1,libparallel_seams-ac2422d06e762a71,liblmgr_proc-6427e01d2d4d7c83,libautovacuum_seams-d658e6ff182c7882,libcondition_variable_seams-60b88573d7a53578,libsyncrep_seams-96fc96dc400f977b,liblock_seams-c18acdb6bcb6fb3a,libprocarray_seams-e5f3ae21f17bc6ac,libdeadlock_seams-a8034ac2699bcf20,libpmsignal_seams-a3c507ea47fb019a,liblwlock-091eaa2e3cdc93b5,libpg_sema_seams-635ab6199de6e6ec,libs_lock_seams-16438b4b8492401d,libpg_path-c92df880776c9813,liblibpq_pqsignal-19ad7e7af1c51bd3,libwaiteventset-a0f92565c1edb9e2,libpg_strong_random-df947762305e2188,liblatch-d8dc3c9f3d20414e,liblatch_seams-3dd8223ef62184a9,libprocsignal_seams-b551fd43f5fb9a00,libtimeout_seams-36f356bffcbae419,libwaiter-09d2e72aa83cca3c,liblmgr_proc_seams-1fe0854c72155662,libwaiteventset_seams-bc71c2e48fe3b5dc,libdfmgr-5b090352f40c516f,libshmem_seams-c3e37b0bf5524c6f,libfd-a252e1e5cd29898d,libresowner_seams-0c50ed7840f3c470,libpg_prng-392233ba56640d55,libpg_prng_seams-0de28d315faa0a8f,libaio_seams-a3c915b6d537207d,libwaitevent_seams-7e8d383033cddb49,libstartup_seams-b46c4a1f175c1e23,libpostgres_seams-1decdad7b04e33c4,libtablespace_seams-dffe27efd6966ba0,libvfs-ba9fd942a0706a22,libtimestamp_seams-8769c807ffb94618,libcatalog_storage_seams-dc64e68904e6f424,libinval-2a1a65612ed0b158,libinval_seams-a7db27d27facfb6b,librelmapper_seams-fc51dad5dbab2603,libsnapmgr_seams-b70faaf37e2b959b,libtypes_snapshot-f2438f62cfdb79a3,libcatcache_seams-2f92ef384147e7a1,libsyscache_seams-78ee4897a744abce,libcatalog_seams-e2acb76348dfcdbb,libinit_small-ef9c9d5d0a8c1208,libacl_seams-455a314aaeef6264,libxloginsert_seams-4a53fc77922b6ab8,libmiscinit_seams-ebfccaf8d955ff7c,libxact_seams-bb7a3d21b9fbd7a8,librelcache_seams-bfde55c02fa103fd,libjit_deform-d6be0d5cc36b41ea,libsinval_seams-726454a92bb24147,libtypes_resowner-b3658bfb1f7f327e,libxlogutils-f7dafa0fa7313b44,libxlogutils_seams-dd19b98b2fd2b396,libtransam_xlog_seams-7923cdc95803fc69,libfile_seams-94a82198b78a9d10,libtimeline_seams-9ee706e8938ed0b1,libsmgr_seams-e7ad749d3c208d30,libbufmgr_seams-e90c3ff825b0ef04,libxlogrecovery_seams-58833d067b127951,librelpath_seams-0c7948656bedfb74,libtypes_rel-198a6bc911f74509,libtypes_trigger-652f6ec8b283857f,libtypes_spgist-dd8843e3cfcf7dbb,libtypes_gist-0d5656e7438d24f8,libtypes_hash-7fbfa1b3e4f9cd8a,libtypes_bloom-90a79f2f84c03984,libtypes_nbtree-22927cd5b49d8c23,libtypes_scan-aadac3807e92c588,libtypes_fmgr-15a7af6bcfb5f519,libdetoast_seams-4f6bee22a1fe0174,libstringinfo-35cbaa895806325a,libtypes_tuple-a164e1a3a6942b6a,libelog-a877d3bcca017d83,libelog_seams-de02b77aa7ab07b4,libipc_seams-0cd45eff973aae57,libdatum-93fccccde6062ccd,libpgstat_seams-51d4022d5a0e57bf,libpqcomm_seams-9447855a6462a334,libmbutils_seams-a44a97e05a05debf,libinit_small_seams-85b89ec42ccb0a13,libsyslogger_seams-247fe9e13499a016,libtypes_startup-cd72d5ac62129009,libip-b6d88b556d9321f8,liberror_small_seams-345efdbaeec0007b,libpg_clock-329c724a2ddec8c6,libguc_tables-80bf517a77541901,libguc_seams-0971877aede49ea8,libtypes_guc-8912cfad37108023,libtypes_dest-d059a76f8d8c888e,libcrc32c-2d9a8ec9141a4e21,libxlogreader_seams-43a3aaef614e0a03,libseam_core-d26e0106a351aeef,libtypes_storage-59bab4963f754337,liblibc-1fec702575a82097,libpgsync-85521be7427eb0dc,libtypes_core-775902aa556dcd95,libmcx-448fae4c30b4f797,librustc_hash-4ad32aff0bc0dc49,libhashbrown-8fcfb73f1f52e8b0,libahash-f2cdf3f4692f6bb7,libonce_cell-a18764d3e4456760,libcfg_if-c0fdd5568c081294,libzerocopy-1ef84384eef5fce3,libtypes_error-ee668767750e7dc2,liballocator_api2-4c63d7a9357381ac,liblibfuzzer_sys-dc1febb8836c0ba8,libarbitrary-0bc829a0c7302f2b}.rlib" "<sysroot>/lib/rustlib/aarch64-unknown-linux-gnu/lib/{libstd-*,libpanic_unwind-*,libobject-*,libmemchr-*,libaddr2line-*,libgimli-*,libcfg_if-*,librustc_demangle-*,libstd_detect-*,libhashbrown-*,librustc_std_workspace_alloc-*,libminiz_oxide-*,libadler2-*,libunwind-*,liblibc-*,librustc_std_workspace_core-*,liballoc-*,libcore-*,libcompiler_builtins-*}.rlib" "-Wl,-Bdynamic" "-lstdc++" "-labsl_log_internal_check_op" "-labsl_log_internal_conditions" "-labsl_log_internal_message" "-labsl_examine_stack" "-labsl_log_internal_format" "-labsl_log_internal_proto" "-labsl_log_internal_nullguard" "-labsl_log_internal_log_sink_set" "-labsl_log_internal_globals" "-labsl_log_globals" "-labsl_log_sink" "-labsl_log_entry" "-labsl_strerror" "-labsl_vlog_config_internal" "-labsl_log_internal_fnmatch" "-labsl_flags_internal" "-labsl_flags_marshalling" "-labsl_flags_reflection" "-labsl_flags_private_handle_accessor" "-labsl_flags_commandlineflag" "-labsl_flags_commandlineflag_internal" "-labsl_flags_config" "-labsl_flags_program_name" "-labsl_cord" "-labsl_cordz_info" "-labsl_cord_internal" "-labsl_cordz_functions" "-labsl_cordz_handle" "-labsl_crc_cord_state" "-labsl_crc32c" "-labsl_crc_internal" "-labsl_crc_cpu_detect" "-labsl_raw_hash_set" "-labsl_hashtablez_sampler" "-labsl_exponential_biased" "-labsl_hash" "-labsl_city" "-labsl_bad_variant_access" "-labsl_low_level_hash" "-labsl_bad_optional_access" "-labsl_str_format_internal" "-labsl_synchronization" "-labsl_graphcycles_internal" "-labsl_kernel_timeout_internal" "-labsl_stacktrace" "-labsl_symbolize" "-labsl_debugging_internal" "-labsl_demangle_internal" "-labsl_demangle_rust" "-labsl_decode_rust_punycode" "-labsl_utf8_for_code_point" "-labsl_malloc_internal" "-labsl_time" "-labsl_civil_time" "-labsl_strings" "-labsl_strings_internal" "-labsl_string_view" "-labsl_base" "-latomic" "-lrt" "-labsl_spinlock_wait" "-labsl_int128" "-labsl_throw_delegate" "-labsl_raw_logging_internal" "-labsl_log_severity" "-labsl_time_zone" "-lstdc++" "-lgcc_s" "-lutil" "-lrt" "-lpthread" "-lm" "-ldl" "-lc" "-L" "/work/src/fuzz/target/aarch64-unknown-linux-gnu/release/deps/rustctQKdXy/raw-dylibs" "-Wl,--eh-frame-hdr" "-Wl,-z,noexecstack" "-L" "/work/src/fuzz/target/aarch64-unknown-linux-gnu/release/build/decoder_fuzz-3e9bd349d077e8ca/out" "-L" "/work/src/fuzz/target/aarch64-unknown-linux-gnu/release/build/regexp_alt-5bf1a1806dea73f8/out" "-L" "/work/src/fuzz/target/aarch64-unknown-linux-gnu/release/build/openssl-sys-ca7f2fb5c1c26b08/out/openssl-build/install/lib" "-L" "/work/src/fuzz/target/aarch64-unknown-linux-gnu/release/build/libfuzzer-sys-b25806bf68759c69/out" "-L" "/usr/lib/aarch64-linux-gnu" "-L" "<sysroot>/lib/rustlib/aarch64-unknown-linux-gnu/lib" "-o" "/work/src/fuzz/target/aarch64-unknown-linux-gnu/release/deps/datetime_io_diff-15e4607a218abb89" "-Wl,--gc-sections" "-pie" "-Wl,-z,relro,-z,now" "-Wl,-O1" "-nodefaultlibs"
  = note: some arguments are omitted. use `--verbose` to show all linker arguments
  = note: /usr/bin/ld: /work/src/fuzz/target/aarch64-unknown-linux-gnu/release/deps/libdecoder_fuzz-ce05a889a5992ba2.rlib(ef81103c4d9017e3-regcomp.o): in function `pg_reg_getcolor':
          /work/src/fuzz/core/csrc/regexfam/regc_color.c:121: multiple definition of `pg_reg_getcolor'; /work/src/fuzz/target/aarch64-unknown-linux-gnu/release/deps/libdecoder_fuzz-ce05a889a5992ba2.rlib(e5077b94270c8099-regcomp.o):/work/src/fuzz/core/csrc/jsonpath/regex/regc_color.c:121: first defined here
          /usr/bin/ld: /work/src/fuzz/target/aarch64-unknown-linux-gnu/release/deps/libdecoder_fuzz-ce05a889a5992ba2.rlib(ef81103c4d9017e3-regcomp.o): in function `pg_regcomp':
          /work/src/fuzz/core/csrc/regexfam/regcomp.c:394: multiple definition of `pg_regcomp'; /work/src/fuzz/target/aarch64-unknown-linux-gnu/release/deps/libdecoder_fuzz-ce05a889a5992ba2.rlib(e5077b94270c8099-regcomp.o):/work/src/fuzz/core/csrc/jsonpath/regex/regcomp.c:394: first defined here
          collect2: error: ld returned 1 exit status
          

error: could not compile `pgrust-fuzz` (bin "datetime_io_diff") due to 1 previous error
error: linking with `cc` failed: exit status: 1
  |
  = note:  "cc" "-Wl,--fix-cortex-a53-843419" "/work/src/fuzz/target/aarch64-unknown-linux-gnu/release/deps/rustc5HWVZT/symbols.o" "-Wl,-Bstatic" "-Wl,--whole-archive" "-Wl,<sysroot>/lib/rustlib/aarch64-unknown-linux-gnu/lib/librustc-nightly_rt.asan.a" "-Wl,--no-whole-archive" "<2 object files omitted>" "-Wl,--as-needed" "/work/src/fuzz/target/aarch64-unknown-linux-gnu/release/deps/{libdecoder_fuzz-ce05a889a5992ba2,libxlogstats-751e0da5e1d12ef5,libpg_rusage-20d5fb84d8ce7557,libcontrib_earthdistance-62171827053ec27a,libpg_class-4a6d74a6c018be9f,libadt_rowtypes-a4794d852ca6027f,libscram_common-e11945b252d3826e,libpg_hmac-4cf5c8b3660544ec,libpg_sha1-e4ca6845b132ea16,libpg_b64-4d5978aeedd9d3bb,libwait_error-20952b494fe498e5,libarchive-a18627a2a5d84afb,libpercentrepl-14ab69f0310df459,libadt_geo-6770d8d70fec2eca,libpairingheap-c8d2e4f2c7da0b75,libintegerset-e3da0542e1488698,libbloomfilter-e81e1605f0f67fc0,libbinaryheap-4dc7ef4b569319f9,libxlogreader-0774eb388464beff,librmgr-fad9988223b51953,liblogical_message-4eac03c06d1a2b7f,libgeneric_xlog-e29770827080434e,libbrin_xlog-bdf62fcd1cb87abc,libbrin_pageops-b4596e69677f7f87,libspgist_xlog-d9f4155fa0b1d70e,libsequence_xlog-05743c11ff92a433,libgist_xlog-3b3eece8531c3cee,libgin_xlog-36a8224f6febd836,libhash_xlog-dcf93c2afa663f9d,libbufmask-d06f2393833f248e,libnbtree_xlog-8cfa7438e78cf895,librmgrdesc-c4043fa165a7d526,libstorage_xlog-6ede242fb8cfb582,libheapam_xlog-9c35524373005f1e,libpruneheap_seams-47081c2a9ecbd3a0,libstandby-900217fb076bd0b3,libxloginsert-ea25e7b653828abf,libslot-60dbff37e2354a17,libwalsender_config-1719c72ed736c52a,libps_status-9e8889726683f83f,libfreespace-c3920503646f316e,libfreespace_seams-7f56535f44633dcd,libvisibilitymap-32a2e6569bc412e0,libcommit_ts-b0d58e618cb0dfff,libfmgr_core-345bb33faa105317,libconv-1dae4e1af62cf618,libtrigfuncs-c9e19c681e8fd12a,libtypes_trigger_call-35588c35d2ed97b8,libpseudorandomfuncs-67c698e5a90215b2,libsignalfuncs-f41bb49d497dd420,libwaitfuncs-70d504b29546b473,liblockfuncs-3a1fe98e0eeca55d,libpredicate-da6f72c0ac78ae26,libadt_mcxtfuncs-280bf97c42440099,libmcxt_stats-6a84a80cfcd3be07,libadt_amutils-a4cdc16282f73d8f,libindexam_seams-d8bb22ee1f6636ef,libadt_ascii-eccdac96bde76e14,libcryptohashfuncs-f2c90d9a9efbddd1,libpg_sha2-7e8cd0c77d2b2c05,libpg_md5-9db52add57f6c8c4,libcommands_async-fd7742ed07809705,libtransam_xlog-aa94f7f7c5323017,libinjection_point-c19b8749c9895034,librewriteheap_seams-d025aa8c57ea5068,libreorderbuffer_seams-9732aa01e7fde36a,libwalsummarizer_seams-6aeff26758f7186b,libxlogarchive_seams-7b0a832e106e8c60,libcontroldata_utils-523f399c49868f8d,libxlogbackup-8eba4de1aabd6e15,libtransam-c8c93940c9321f01,libsubtrans-d18560baacc801f7,libadt_windowfuncs-efe92700a9d2545d,libname-9e433ee477e7c01c,libforeigncmds_seams-ebb06d7c63af3998,libextension_seams-b0fd0f0a1d3a93c0,libsequence_seams-2c2a544d9093595c,libpgstatfuncs-b04b02f61f2e4a7b,libxlogprefetcher_seams-99fd18a890a886bd,libwalreceiverfuncs_seams-e0c5686b2051d7ef,libbackend_status-412528491437a786,libbe_secure_openssl-5908e0e39e09f225,libpqcomm-8a383ca6fde8c625,libbe_secure_seams-fe1b9b96b09e4466,libbe_secure_common-9429915839f943ff,libopenssl-fae5147777c6f4ce,libbitflags-7ebc804116e5816e,libopenssl_sys-ed0af80f67595b71,libforeign_types-b85e7f622934b2fe,libforeign_types_shared-38fd452ebcc86072,libadt_varchar-d8aa7255f06540a8,libadt_quote-621f7e32f97e7463,libadt_pseudotypes-2e18886c0b5dc799,libadt_multirangetypes-60ba15774a1dc699,libadt_rangetypes-7ebc71c4eb6f3b94,libadt_network-e3b47774bda3f958,libdict_snowball-9f295a918c174ab5,libto_tsany-e38e9d66985e2211,libtsearch_spell-e40d364dda594880,libtsearch_dict-546994c9fe9bcd00,libwparser_def-ba8276c53d5319e0,libts_parse-d880d934b65e18b5,libts_cache-ffc0bedfce3f6662,libadt_regproc-ae9bd46cc2b19582,libregproc_seams-a8fff65d50bd9de4,libadt_tsrank-839dd70ac7abf87a,libadt_tsquery_core-5eb6058771e99226,libts_locale-f060694c1bc9854a,libadt_tsvector_core-8c26b52d654d248c,libadt_uuid-82d4a732bd9d012b,libdbsize-c2af8ac5afbe9907,librelfilenumbermap_seams-f6debd771440e4cd,librelpath-9ec1189d3d86781f,libxid8funcs-6c1de2dea05a15d0,libsnapmgr-ff16b3f223ddc07a,libprocarray-8af40a7ac99f732e,libadt_xml-7885107d78b1e53c,libadt_pg_lsn-c572c8e8e8902a4b,libadt_mac8-e7a2c3dd72991dfb,libadt_mac-39025185d703e9b2,libhbafuncs-5eaccc04f08b367c,libhba-3672706d996ff1ab,libauth_seams-1916e803525ce1d1,libhba_seams-00104f5e69d7a5a9,libifaddr-93fd4f69f9aff974,libadt_like-5d51c68fd0f83f92,libadt_jsonpath_exec-fe866fc3ae5e88be,libadt_regexp-b3ec604bfa858e13,libadt_jsonb-ec6e3a47cb2377c2,libgin_vocab-f305ccf087b97584,libtidbitmap-7b706235bc1f465d,libadt_jsonpath-d180883822b503d7,libregex_core-3705cff49e009ba1,libadt_json-ec33ef0df434fa21,libstack_depth-27af14c65c988a30,libadt_int-63f2744e582633ba,libadt_formatting-36a3f90d9b0d447b,libformatting_seams-545f741a627533c8,libadt_oracle_compat-fa9e5433034081d8,libadt_enum-4f4fd6de48c45986,libadt_encode-6197461d2a6b5ba3,libadt_date-d2a38c8d333598be,libadt_timestamp-371a1f98486da2b8,libstrftime-e9fd6ab59fff8820,libadt_datetime-658322d92d783542,libadt_domains-266e7086030b7def,libadt_char-3b14674b283f677d,libadt_cash-1ebbefa4080cd447,libadt_int8-cd615ebe985a22a7,libpg_locale-d7da641d2eeb634b,libunicode_case-ad6d4d9d4a617d3f,libpg_database_seams-e5f2c863976f4ca0,libarray_userfuncs-717cfb4089e3c0cb,libtuplesort_seams-ba45215515fc6034,libadt_bool-aea0cb7f23dbd10d,libtypes_brin-39f37e8e095f8a7a,libxact-5e3b3c236913193c,libvarsup-8fe8ce9a59ffbef6,libclog-5501dbc57bd031fb,libsnapbuild_seams-6c013334b39a10fb,liblogical_seams-497aadc4a35ed3bc,libcatalog_index_seams-a3fe73568af909d6,libbackend_progress_seams-9b5e63ecd9d45bee,libwaitevent-38efbcd9ec05d92b,liblogical_worker_seams-26ef86b6cf2b281e,liblauncher_seams-dd70cf89f86049a0,libcombocid_seams-e5baae2a3e70cffe,libsmgr-1c643f8d331ecad2,libmd-ae94ff8f2cadd388,librelmapper-23fbac0823eee1c9,libbe_fsstubs_seams-278c31eb720a825c,libtablecmds_seams-05cf293c8b8f0360,libportalmem-e99086726944e256,libsnapmgr_portal_seams-ef55f7b844a574dd,libexecmain_seams-de33e8b483c40ec6,libtcop_dest-65585d3dd3aef587,libcmdtag-94ef0535e8219814,libtqueue-0039d12300b8ec7e,libshm_mq-14779e2cd93dae94,libbgworker_seams-3910a5a00219659e,libexplain_dr-16ea723154065e4b,libinstrument-dc30d2505cd4d2dc,libbufmgr-3bce7b013903a886,libcheckpointer_seams-cc028aeeec209894,liblmgr-9c7acf83790a8736,libsubtrans_seams-59265c536a80b2f3,libaio_core-de6c4e5a6097acd4,libinterrupt-38d3980f2c7fe6ab,libipc-82b590ecb4558ba3,libipc_portal_seams-911dd6c6ad3fc6d3,libdsm_core-c69b394d07ee266f,libshmem-6222aa5bc5682f2f,libcondition_variable-551023ba9708fa91,libsql_functions_seams-0cf76159c92a51e4,libmatview_seams-f805ecf75afb281c,libcopy_seams-03ce06d5d4c1a4e8,libcreateas_seams-f3afe654c8e93372,libtstore_receiver-93602af11dc46125,libprinttup-094cce499a4be644,libpquery_seams-4b59d06ab36c6530,libportalcmds_seams-abd0b60962f45e3f,libplancache_portal_seams-604c3d966e852885,libxact_portal_seams-b671cb3e61822c1a,libfuncapi-4acece017d555b7a,libvarlena-3e84fd725164268e,libunicode_category-dfec1a8d82487208,libregex_core_seams-a54144c22a29fa2b,libregexp_seams-9aaa77a6ed36cc52,libregexp_alt-3cc5f4aa2c5a3e39,libmemchr-c1c772b32af6edef,libpg_bitutils-9ce59e6b55523d7f,libdetoast-a6f928a7c6233408,libpglz-c8227b10ae339654,libtoast_internals_seams-6631d4db878060c3,libpg_locale_seams-221c9a85607b3109,libunicode_norm-7f6b4be9cad93f64,libregex-987d3ec8914d4d31,libtuplestore-201f1a6ed4993348,libtuplestore_hold_seams-bf2672819177a738,libexectuples-3aeddedafd87c47a,libheaptuple-5957a1ebe22bfbc7,libtimeout-9150c990922f4fbe,libtrigger_seams-d000aefe41a70698,libguc-48a902909ab71434,libpgtz-0d88a5c1e3790126,libpgstrcasecmp-2d5bb6be4fe7b86e,liblocaltime-341b4404e092079d,libpgtz_seams-f0e0dbef2bc28d8b,libscalar_seams-42fdf2d69617cad9,libsuperuser_seams-81500230d63c6a02,libguc_file-c2985d12cbf7e82a,libguc_file_seams-e8aca69bd1f9d253,libconffiles_seams-c29f80cc71679feb,libspi_seams-81d2b0765ffc914d,liblock-a998a0225ac98854,libps_status_seams-72f10f0dbd65b7d2,liblmgr_seams-1a79c35fb1cfbef7,libresowner-ef03c35853dd68ec,libpredicate_seams-c7b45f32a048a94b,libresowner_portal_seams-b82e655cb4ba409c,libdynahash-f4d66d07cdf307df,libsinval-c27d9ba00d3703d2,libprocsignal-da775a5ce88fdc3b,libmcxt_seams-81a2deab41c5eeec,libwalsender_seams-3d1a18e975900d34,librepl_gram-a2199896fa5c1d76,librepl_scanner-eb82b5c8e290a00d,libparser_small1-6d5c41648578a87b,libadt_varbit-763a5ac151cf7445,libadt_numeric-934f6409ec5bfd07,libadt_float-3fc7250784ec32e1,libryu-f5d470691987cf73,libarrayfuncs-4f297e6f89959646,libtypcache-49d856501846daec,libtupdesc-192425bf6f010279,libindexcmds_seams-736107446b539416,libpg_enum_seams-442ef6258f485f49,libclauses_seams-79cf714c66cc6c7e,libfuncapi_srf-d37264ad11afdbc0,libpg_string-d847d957c8f91f2f,libstring_seams-5bf94cd301ca945d,libarrayutils-deebecef087bc0f4,libhyperloglog-2e613e81959b08d4,libnodes_core-6e9be101c8406416,liboutfuncs-44085880e8f5950f,liblsyscache-4aaba22eb13eeef0,liblsyscache_seams-725e2abc6a5ce575,libadt_scalar-82ff5f39715b115f,libmultixact-540b68f415c3801a,libmultixact_seams-b3ddb6c44af60829,libvarsup_seams-87311dda0148a36d,libdbcommands_seams-434e0cf410b96bc9,libslru-7232ed979a5a7c69,libsync_seams-e93d603ac693d86f,libpmsignal-c18da958b011b4aa,libpostmaster_seams-07c407d593a879f3,libtableam_seams-ec4ad685255ee37b,libtableam_vocab-f18f98f2860f1c35,libsyncscan_seams-fe5009ec4f7e4c9c,libtypes_slot-47d2085a32e6bfe5,libaclchk_seams-27d67368cd9c948e,libnbt_compare-87ecd1b5da63f4cc,libtypes_array-59663e5e53b8f5a6,libhashfn-4e63fe68fa5afe70,libpqformat-0706a6d17b2f35cc,libmbutils-25b1d1e57b4ede11,libreadfuncs-177e69096729627c,libtypcache_seams-78ba46f77610d4d2,libformat_type-10e5741048cf319d,libfmgr_seams-239931a2818b2323,libnamespace_seams-96bd7c70de246340,libkeywords-34ced61acfdc144d,libtypes_pathnodes-9297280bafd6e205,libnumutils-ca2c3d8bf259fad5,libqueryenvironment-36e4d3398e76dbe0,libtable-01fc7cc073b08662,libpg_class_seams-875e28574d6b0e0a,librelation_seams-b11b65e15f07a1ac,libtable_seams-de6ef45fa55f4356,librel_vocab-63fc9d1c19b7f3f3,libtypes_portal-86bb9a98d7465ec7,libtypes_nodes-2f2bbbedad1cf1a9,libwchar-730a1542d2a25cb6,libasync_seams-d1ea295ad0bd5d23,libtransam_seams-7dee6d5eefec0d22,libcommit_ts_seams-f21f0f8bb6a0b10b,liborigin_seams-a38749a07854803a,libstandby_seams-4d5c953a20920d36,libpgstat-961e9ea18494918c,libtwophase_seams-eaa1f71f8814e47f,libbackend_status_seams-f99c8e03234bdf4f,libslot_seams-6345520f62c98045,libmiscinit-54913cefb00206f1,libparallel_seams-ac2422d06e762a71,liblmgr_proc-6427e01d2d4d7c83,libautovacuum_seams-d658e6ff182c7882,libcondition_variable_seams-60b88573d7a53578,libsyncrep_seams-96fc96dc400f977b,liblock_seams-c18acdb6bcb6fb3a,libprocarray_seams-e5f3ae21f17bc6ac,libdeadlock_seams-a8034ac2699bcf20,libpmsignal_seams-a3c507ea47fb019a,liblwlock-091eaa2e3cdc93b5,libpg_sema_seams-635ab6199de6e6ec,libs_lock_seams-16438b4b8492401d,libpg_path-c92df880776c9813,liblibpq_pqsignal-19ad7e7af1c51bd3,libwaiteventset-a0f92565c1edb9e2,libpg_strong_random-df947762305e2188,liblatch-d8dc3c9f3d20414e,liblatch_seams-3dd8223ef62184a9,libprocsignal_seams-b551fd43f5fb9a00,libtimeout_seams-36f356bffcbae419,libwaiter-09d2e72aa83cca3c,liblmgr_proc_seams-1fe0854c72155662,libwaiteventset_seams-bc71c2e48fe3b5dc,libdfmgr-5b090352f40c516f,libshmem_seams-c3e37b0bf5524c6f,libfd-a252e1e5cd29898d,libresowner_seams-0c50ed7840f3c470,libpg_prng-392233ba56640d55,libpg_prng_seams-0de28d315faa0a8f,libaio_seams-a3c915b6d537207d,libwaitevent_seams-7e8d383033cddb49,libstartup_seams-b46c4a1f175c1e23,libpostgres_seams-1decdad7b04e33c4,libtablespace_seams-dffe27efd6966ba0,libvfs-ba9fd942a0706a22,libtimestamp_seams-8769c807ffb94618,libcatalog_storage_seams-dc64e68904e6f424,libinval-2a1a65612ed0b158,libinval_seams-a7db27d27facfb6b,librelmapper_seams-fc51dad5dbab2603,libsnapmgr_seams-b70faaf37e2b959b,libtypes_snapshot-f2438f62cfdb79a3,libcatcache_seams-2f92ef384147e7a1,libsyscache_seams-78ee4897a744abce,libcatalog_seams-e2acb76348dfcdbb,libinit_small-ef9c9d5d0a8c1208,libacl_seams-455a314aaeef6264,libxloginsert_seams-4a53fc77922b6ab8,libmiscinit_seams-ebfccaf8d955ff7c,libxact_seams-bb7a3d21b9fbd7a8,librelcache_seams-bfde55c02fa103fd,libjit_deform-d6be0d5cc36b41ea,libsinval_seams-726454a92bb24147,libtypes_resowner-b3658bfb1f7f327e,libxlogutils-f7dafa0fa7313b44,libxlogutils_seams-dd19b98b2fd2b396,libtransam_xlog_seams-7923cdc95803fc69,libfile_seams-94a82198b78a9d10,libtimeline_seams-9ee706e8938ed0b1,libsmgr_seams-e7ad749d3c208d30,libbufmgr_seams-e90c3ff825b0ef04,libxlogrecovery_seams-58833d067b127951,librelpath_seams-0c7948656bedfb74,libtypes_rel-198a6bc911f74509,libtypes_trigger-652f6ec8b283857f,libtypes_spgist-dd8843e3cfcf7dbb,libtypes_gist-0d5656e7438d24f8,libtypes_hash-7fbfa1b3e4f9cd8a,libtypes_bloom-90a79f2f84c03984,libtypes_nbtree-22927cd5b49d8c23,libtypes_scan-aadac3807e92c588,libtypes_fmgr-15a7af6bcfb5f519,libdetoast_seams-4f6bee22a1fe0174,libstringinfo-35cbaa895806325a,libtypes_tuple-a164e1a3a6942b6a,libelog-a877d3bcca017d83,libelog_seams-de02b77aa7ab07b4,libipc_seams-0cd45eff973aae57,libdatum-93fccccde6062ccd,libpgstat_seams-51d4022d5a0e57bf,libpqcomm_seams-9447855a6462a334,libmbutils_seams-a44a97e05a05debf,libinit_small_seams-85b89ec42ccb0a13,libsyslogger_seams-247fe9e13499a016,libtypes_startup-cd72d5ac62129009,libip-b6d88b556d9321f8,liberror_small_seams-345efdbaeec0007b,libpg_clock-329c724a2ddec8c6,libguc_tables-80bf517a77541901,libguc_seams-0971877aede49ea8,libtypes_guc-8912cfad37108023,libtypes_dest-d059a76f8d8c888e,libcrc32c-2d9a8ec9141a4e21,libxlogreader_seams-43a3aaef614e0a03,libseam_core-d26e0106a351aeef,libtypes_storage-59bab4963f754337,liblibc-1fec702575a82097,libpgsync-85521be7427eb0dc,libtypes_core-775902aa556dcd95,libmcx-448fae4c30b4f797,librustc_hash-4ad32aff0bc0dc49,libhashbrown-8fcfb73f1f52e8b0,libahash-f2cdf3f4692f6bb7,libonce_cell-a18764d3e4456760,libcfg_if-c0fdd5568c081294,libzerocopy-1ef84384eef5fce3,libtypes_error-ee668767750e7dc2,liballocator_api2-4c63d7a9357381ac,liblibfuzzer_sys-dc1febb8836c0ba8,libarbitrary-0bc829a0c7302f2b}.rlib" "<sysroot>/lib/rustlib/aarch64-unknown-linux-gnu/lib/{libstd-*,libpanic_unwind-*,libobject-*,libmemchr-*,libaddr2line-*,libgimli-*,libcfg_if-*,librustc_demangle-*,libstd_detect-*,libhashbrown-*,librustc_std_workspace_alloc-*,libminiz_oxide-*,libadler2-*,libunwind-*,liblibc-*,librustc_std_workspace_core-*,liballoc-*,libcore-*,libcompiler_builtins-*}.rlib" "-Wl,-Bdynamic" "-lstdc++" "-labsl_log_internal_check_op" "-labsl_log_internal_conditions" "-labsl_log_internal_message" "-labsl_examine_stack" "-labsl_log_internal_format" "-labsl_log_internal_proto" "-labsl_log_internal_nullguard" "-labsl_log_internal_log_sink_set" "-labsl_log_internal_globals" "-labsl_log_globals" "-labsl_log_sink" "-labsl_log_entry" "-labsl_strerror" "-labsl_vlog_config_internal" "-labsl_log_internal_fnmatch" "-labsl_flags_internal" "-labsl_flags_marshalling" "-labsl_flags_reflection" "-labsl_flags_private_handle_accessor" "-labsl_flags_commandlineflag" "-labsl_flags_commandlineflag_internal" "-labsl_flags_config" "-labsl_flags_program_name" "-labsl_cord" "-labsl_cordz_info" "-labsl_cord_internal" "-labsl_cordz_functions" "-labsl_cordz_handle" "-labsl_crc_cord_state" "-labsl_crc32c" "-labsl_crc_internal" "-labsl_crc_cpu_detect" "-labsl_raw_hash_set" "-labsl_hashtablez_sampler" "-labsl_exponential_biased" "-labsl_hash" "-labsl_city" "-labsl_bad_variant_access" "-labsl_low_level_hash" "-labsl_bad_optional_access" "-labsl_str_format_internal" "-labsl_synchronization" "-labsl_graphcycles_internal" "-labsl_kernel_timeout_internal" "-labsl_stacktrace" "-labsl_symbolize" "-labsl_debugging_internal" "-labsl_demangle_internal" "-labsl_demangle_rust" "-labsl_decode_rust_punycode" "-labsl_utf8_for_code_point" "-labsl_malloc_internal" "-labsl_time" "-labsl_civil_time" "-labsl_strings" "-labsl_strings_internal" "-labsl_string_view" "-labsl_base" "-latomic" "-lrt" "-labsl_spinlock_wait" "-labsl_int128" "-labsl_throw_delegate" "-labsl_raw_logging_internal" "-labsl_log_severity" "-labsl_time_zone" "-lstdc++" "-lgcc_s" "-lutil" "-lrt" "-lpthread" "-lm" "-ldl" "-lc" "-L" "/work/src/fuzz/target/aarch64-unknown-linux-gnu/release/deps/rustc5HWVZT/raw-dylibs" "-Wl,--eh-frame-hdr" "-Wl,-z,noexecstack" "-L" "/work/src/fuzz/target/aarch64-unknown-linux-gnu/release/build/decoder_fuzz-3e9bd349d077e8ca/out" "-L" "/work/src/fuzz/target/aarch64-unknown-linux-gnu/release/build/regexp_alt-5bf1a1806dea73f8/out" "-L" "/work/src/fuzz/target/aarch64-unknown-linux-gnu/release/build/openssl-sys-ca7f2fb5c1c26b08/out/openssl-build/install/lib" "-L" "/work/src/fuzz/target/aarch64-unknown-linux-gnu/release/build/libfuzzer-sys-b25806bf68759c69/out" "-L" "/usr/lib/aarch64-linux-gnu" "-L" "<sysroot>/lib/rustlib/aarch64-unknown-linux-gnu/lib" "-o" "/work/src/fuzz/target/aarch64-unknown-linux-gnu/release/deps/uuid_diff-98d9617193d751db" "-Wl,--gc-sections" "-pie" "-Wl,-z,relro,-z,now" "-Wl,-O1" "-nodefaultlibs"
  = note: some arguments are omitted. use `--verbose` to show all linker arguments
  = note: /usr/bin/ld: /work/src/fuzz/target/aarch64-unknown-linux-gnu/release/deps/libdecoder_fuzz-ce05a889a5992ba2.rlib(ef81103c4d9017e3-regcomp.o): in function `pg_reg_getcolor':
          /work/src/fuzz/core/csrc/regexfam/regc_color.c:121: multiple definition of `pg_reg_getcolor'; /work/src/fuzz/target/aarch64-unknown-linux-gnu/release/deps/libdecoder_fuzz-ce05a889a5992ba2.rlib(e5077b94270c8099-regcomp.o):/work/src/fuzz/core/csrc/jsonpath/regex/regc_color.c:121: first defined here
          /usr/bin/ld: /work/src/fuzz/target/aarch64-unknown-linux-gnu/release/deps/libdecoder_fuzz-ce05a889a5992ba2.rlib(ef81103c4d9017e3-regcomp.o): in function `pg_regcomp':
          /work/src/fuzz/core/csrc/regexfam/regcomp.c:394: multiple definition of `pg_regcomp'; /work/src/fuzz/target/aarch64-unknown-linux-gnu/release/deps/libdecoder_fuzz-ce05a889a5992ba2.rlib(e5077b94270c8099-regcomp.o):/work/src/fuzz/core/csrc/jsonpath/regex/regcomp.c:394: first defined here
          collect2: error: ld returned 1 exit status
          

error: could not compile `pgrust-fuzz` (bin "uuid_diff") due to 1 previous error
Error: failed to build fuzz script: ASAN_OPTIONS="detect_stack_use_after_return=0:detect_odr_violation=0" RUSTFLAGS=" -Cpasses=sancov-module -Cllvm-args=-sanitizer-coverage-level=4 -Cllvm-args=-sanitizer-coverage-inline-8bit-counters -Cllvm-args=-sanitizer-coverage-pc-table -Cllvm-args=-sanitizer-coverage-trace-compares --cfg fuzzing -Cllvm-args=-simplifycfg-branch-fold-threshold=0 -Zsanitizer=address -Cllvm-args=-sanitizer-coverage-stack-depth -Cdebug-assertions -Ccodegen-units=1" "cargo" "build" "--manifest-path" "/work/src/fuzz/Cargo.toml" "--target" "aarch64-unknown-linux-gnu" "--release" "--config" "profile.release.debug=\"line-tables-only\"" "--bins"
