warning: variant `Malloc` is never constructed
  --> /work/src/crates/_support/mcx/src/lib.rs:64:5
   |
61 | enum Backend {
   |      ------- variant in this enum
...
64 |     Malloc,
   |     ^^^^^^
   |
   = note: `#[warn(dead_code)]` (part of `#[warn(unused)]`) on by default

warning: function `chunk_size` is never used
   --> /work/src/crates/_support/mcx/src/aset.rs:284:4
    |
284 | fn chunk_size(idx: usize) -> usize {
    |    ^^^^^^^^^^

warning: method `mem_allocated` is never used
   --> /work/src/crates/_support/mcx/src/aset.rs:340:19
    |
306 | impl AllocSet {
    | ------------- method in this implementation
...
340 |     pub(crate) fn mem_allocated(&self) -> usize {
    |                   ^^^^^^^^^^^^^

warning: `mcx` (lib) generated 3 warnings
warning: unused imports: `LOG_DESTINATION_CSVLOG` and `LOG_DESTINATION_JSONLOG`
  --> /work/src/crates/backend/utils/error/elog/src/config.rs:10:61
   |
10 |     ErrorLevel, PGErrorVerbosity, PgError, PgResult, ERROR, LOG_DESTINATION_CSVLOG,
   |                                                             ^^^^^^^^^^^^^^^^^^^^^^
11 |     LOG_DESTINATION_JSONLOG, LOG_DESTINATION_STDERR, LOG_DESTINATION_SYSLOG, NOTICE, WARNING,
   |     ^^^^^^^^^^^^^^^^^^^^^^^
   |
   = note: `#[warn(unused_imports)]` (part of `#[warn(unused)]`) on by default

warning: variant `ROW_MARK_EXCLUSIVE` should have an upper camel case name
   --> /work/src/crates/_support/types/nodes/src/plannodes.rs:897:5
    |
897 |     ROW_MARK_EXCLUSIVE = 0,
    |     ^^^^^^^^^^^^^^^^^^ help: convert the identifier to upper camel case: `RowMarkExclusive`
    |
    = note: `#[warn(non_camel_case_types)]` (part of `#[warn(nonstandard_style)]`) on by default

warning: variant `ROW_MARK_NOKEYEXCLUSIVE` should have an upper camel case name
   --> /work/src/crates/_support/types/nodes/src/plannodes.rs:898:5
    |
898 |     ROW_MARK_NOKEYEXCLUSIVE = 1,
    |     ^^^^^^^^^^^^^^^^^^^^^^^ help: convert the identifier to upper camel case: `RowMarkNokeyexclusive`

warning: variant `ROW_MARK_SHARE` should have an upper camel case name
   --> /work/src/crates/_support/types/nodes/src/plannodes.rs:899:5
    |
899 |     ROW_MARK_SHARE = 2,
    |     ^^^^^^^^^^^^^^ help: convert the identifier to upper camel case: `RowMarkShare`

warning: variant `ROW_MARK_KEYSHARE` should have an upper camel case name
   --> /work/src/crates/_support/types/nodes/src/plannodes.rs:900:5
    |
900 |     ROW_MARK_KEYSHARE = 3,
    |     ^^^^^^^^^^^^^^^^^ help: convert the identifier to upper camel case: `RowMarkKeyshare`

warning: variant `ROW_MARK_REFERENCE` should have an upper camel case name
   --> /work/src/crates/_support/types/nodes/src/plannodes.rs:901:5
    |
901 |     ROW_MARK_REFERENCE = 4,
    |     ^^^^^^^^^^^^^^^^^^ help: convert the identifier to upper camel case: `RowMarkReference`

warning: variant `ROW_MARK_COPY` should have an upper camel case name
   --> /work/src/crates/_support/types/nodes/src/plannodes.rs:902:5
    |
902 |     ROW_MARK_COPY = 5,
    |     ^^^^^^^^^^^^^ help: convert the identifier to upper camel case: `RowMarkCopy`

warning: `elog` (lib) generated 1 warning (run `cargo fix --lib -p elog` to apply 1 suggestion)
warning: `types_nodes` (lib) generated 6 warnings
warning: unused import: `OptNodeList`
  --> /work/src/crates/backend/nodes/readfuncs/src/lib.rs:12:53
   |
12 | use types_nodes::list::{IntList, NodeList, OidList, OptNodeList};
   |                                                     ^^^^^^^^^^^
   |
   = note: `#[warn(unused_imports)]` (part of `#[warn(unused)]`) on by default

warning: unused import: `CoerceViaIO`
  --> /work/src/crates/backend/nodes/readfuncs/src/lib.rs:22:19
   |
22 |     CoalesceExpr, CoerceViaIO, CoercionForm, Const, FieldSelect, FieldStore, FromExpr, FuncExpr,
   |                   ^^^^^^^^^^^

warning: unreachable pattern
   --> /work/src/crates/backend/nodes/outfuncs/src/lib.rs:522:9
    |
124 |         NodeTag::T_CaseExpr => {
    |         ------------------- matches all the relevant values
...
522 |         NodeTag::T_CaseExpr => {
    |         ^^^^^^^^^^^^^^^^^^^ no value can reach this
    |
    = note: `#[warn(unreachable_patterns)]` (part of `#[warn(unused)]`) on by default

warning: unreachable pattern
   --> /work/src/crates/backend/nodes/outfuncs/src/lib.rs:532:9
    |
134 |         NodeTag::T_CaseWhen => {
    |         ------------------- matches all the relevant values
...
532 |         NodeTag::T_CaseWhen => {
    |         ^^^^^^^^^^^^^^^^^^^ no value can reach this

warning: unreachable pattern
   --> /work/src/crates/backend/nodes/outfuncs/src/lib.rs:587:9
    |
150 |         NodeTag::T_WindowFunc => {
    |         --------------------- matches all the relevant values
...
587 |         NodeTag::T_WindowFunc => {
    |         ^^^^^^^^^^^^^^^^^^^^^ no value can reach this

warning: unreachable pattern
   --> /work/src/crates/backend/nodes/outfuncs/src/lib.rs:606:9
    |
194 |         NodeTag::T_SetOperationStmt => {
    |         --------------------------- matches all the relevant values
...
606 |         NodeTag::T_SetOperationStmt => {
    |         ^^^^^^^^^^^^^^^^^^^^^^^^^^^ no value can reach this

warning: unreachable pattern
   --> /work/src/crates/backend/nodes/outfuncs/src/lib.rs:727:9
    |
479 |         NodeTag::T_NotifyStmt => out_notify_stmt(
    |         --------------------- matches all the relevant values
...
727 |         NodeTag::T_NotifyStmt => {
    |         ^^^^^^^^^^^^^^^^^^^^^ no value can reach this

warning: `readfuncs` (lib) generated 2 warnings (run `cargo fix --lib -p readfuncs` to apply 2 suggestions)
warning: `outfuncs` (lib) generated 5 warnings
warning: variable does not need to be mutable
   --> /work/src/crates/_support/types/pathnodes/src/run.rs:381:13
    |
381 |         let mut add = |outer: &mut crate::Relids<'mcx>, id: i32| {
    |             ----^^^
    |             |
    |             help: remove this `mut`
    |
    = note: `#[warn(unused_mut)]` (part of `#[warn(unused)]`) on by default

warning: variable does not need to be mutable
   --> /work/src/crates/_support/types/pathnodes/src/run.rs:414:17
    |
414 |             let mut add = |outer: &mut crate::Relids<'mcx>, id: i32| {
    |                 ----^^^
    |                 |
    |                 help: remove this `mut`

warning: unused import: `SetFunctionReturnMode`
 --> /work/src/crates/backend/utils/fmgr/funcapi_srf/src/lib.rs:4:62
  |
4 | use fmgr::{ExprDoneCond, FmgrInfo, FunctionCallInfoBaseData, SetFunctionReturnMode};
  |                                                              ^^^^^^^^^^^^^^^^^^^^^
  |
  = note: `#[warn(unused_imports)]` (part of `#[warn(unused)]`) on by default

warning: function `init_MultiFuncCall` should have a snake case name
  --> /work/src/crates/backend/utils/fmgr/funcapi_srf/src/lib.rs:44:8
   |
44 | pub fn init_MultiFuncCall<'a>(
   |        ^^^^^^^^^^^^^^^^^^ help: convert the identifier to snake case: `init_multi_func_call`
   |
   = note: `#[warn(non_snake_case)]` (part of `#[warn(nonstandard_style)]`) on by default

warning: function `per_MultiFuncCall` should have a snake case name
  --> /work/src/crates/backend/utils/fmgr/funcapi_srf/src/lib.rs:64:8
   |
64 | pub fn per_MultiFuncCall(flinfo: &mut FmgrInfo) -> &mut FuncCallContext {
   |        ^^^^^^^^^^^^^^^^^ help: convert the identifier to snake case: `per_multi_func_call`

warning: function `end_MultiFuncCall` should have a snake case name
  --> /work/src/crates/backend/utils/fmgr/funcapi_srf/src/lib.rs:70:8
   |
70 | pub fn end_MultiFuncCall(flinfo: &mut FmgrInfo) {
   |        ^^^^^^^^^^^^^^^^^ help: convert the identifier to snake case: `end_multi_func_call`

warning: `types_pathnodes` (lib) generated 2 warnings (run `cargo fix --lib -p types_pathnodes` to apply 2 suggestions)
warning: `funcapi_srf` (lib) generated 4 warnings (run `cargo fix --lib -p funcapi_srf` to apply 1 suggestion)
warning: type `spgChooseIn` should have an upper camel case name
  --> /work/src/crates/_support/types/types_spgist/src/state.rs:92:12
   |
92 | pub struct spgChooseIn {
   |            ^^^^^^^^^^^ help: convert the identifier to upper camel case (notice the capitalization): `SpgChooseIn`
   |
   = note: `#[warn(non_camel_case_types)]` (part of `#[warn(nonstandard_style)]`) on by default

warning: type `spgChooseOut` should have an upper camel case name
   --> /work/src/crates/_support/types/types_spgist/src/state.rs:104:10
    |
104 | pub enum spgChooseOut {
    |          ^^^^^^^^^^^^ help: convert the identifier to upper camel case (notice the capitalization): `SpgChooseOut`

warning: type `spgPickSplitIn` should have an upper camel case name
   --> /work/src/crates/_support/types/types_spgist/src/state.rs:127:12
    |
127 | pub struct spgPickSplitIn {
    |            ^^^^^^^^^^^^^^ help: convert the identifier to upper camel case (notice the capitalization): `SpgPickSplitIn`

warning: type `spgPickSplitOut` should have an upper camel case name
   --> /work/src/crates/_support/types/types_spgist/src/state.rs:134:12
    |
134 | pub struct spgPickSplitOut {
    |            ^^^^^^^^^^^^^^^ help: convert the identifier to upper camel case (notice the capitalization): `SpgPickSplitOut`

warning: type `spgInnerConsistentIn` should have an upper camel case name
   --> /work/src/crates/_support/types/types_spgist/src/state.rs:157:12
    |
157 | pub struct spgInnerConsistentIn<'a> {
    |            ^^^^^^^^^^^^^^^^^^^^ help: convert the identifier to upper camel case (notice the capitalization): `SpgInnerConsistentIn`

warning: type `spgInnerConsistentOut` should have an upper camel case name
   --> /work/src/crates/_support/types/types_spgist/src/state.rs:175:12
    |
175 | pub struct spgInnerConsistentOut {
    |            ^^^^^^^^^^^^^^^^^^^^^ help: convert the identifier to upper camel case (notice the capitalization): `SpgInnerConsistentOut`

warning: type `spgLeafConsistentIn` should have an upper camel case name
   --> /work/src/crates/_support/types/types_spgist/src/state.rs:199:12
    |
199 | pub struct spgLeafConsistentIn {
    |            ^^^^^^^^^^^^^^^^^^^ help: convert the identifier to upper camel case (notice the capitalization): `SpgLeafConsistentIn`

warning: type `spgLeafConsistentOut` should have an upper camel case name
   --> /work/src/crates/_support/types/types_spgist/src/state.rs:212:12
    |
212 | pub struct spgLeafConsistentOut {
    |            ^^^^^^^^^^^^^^^^^^^^ help: convert the identifier to upper camel case (notice the capitalization): `SpgLeafConsistentOut`

warning: type `spgxlogState` should have an upper camel case name
  --> /work/src/crates/_support/types/types_spgist/src/xlog.rs:15:12
   |
15 | pub struct spgxlogState {
   |            ^^^^^^^^^^^^ help: convert the identifier to upper camel case (notice the capitalization): `SpgxlogState`

warning: type `spgxlogAddLeaf` should have an upper camel case name
  --> /work/src/crates/_support/types/types_spgist/src/xlog.rs:40:12
   |
40 | pub struct spgxlogAddLeaf {
   |            ^^^^^^^^^^^^^^ help: convert the identifier to upper camel case (notice the capitalization): `SpgxlogAddLeaf`

warning: type `spgxlogMoveLeafs` should have an upper camel case name
  --> /work/src/crates/_support/types/types_spgist/src/xlog.rs:76:12
   |
76 | pub struct spgxlogMoveLeafs {
   |            ^^^^^^^^^^^^^^^^ help: convert the identifier to upper camel case (notice the capitalization): `SpgxlogMoveLeafs`

warning: type `spgxlogAddNode` should have an upper camel case name
   --> /work/src/crates/_support/types/types_spgist/src/xlog.rs:115:12
    |
115 | pub struct spgxlogAddNode {
    |            ^^^^^^^^^^^^^^ help: convert the identifier to upper camel case (notice the capitalization): `SpgxlogAddNode`

warning: type `spgxlogSplitTuple` should have an upper camel case name
   --> /work/src/crates/_support/types/types_spgist/src/xlog.rs:154:12
    |
154 | pub struct spgxlogSplitTuple {
    |            ^^^^^^^^^^^^^^^^^ help: convert the identifier to upper camel case (notice the capitalization): `SpgxlogSplitTuple`

warning: type `spgxlogPickSplit` should have an upper camel case name
   --> /work/src/crates/_support/types/types_spgist/src/xlog.rs:184:12
    |
184 | pub struct spgxlogPickSplit {
    |            ^^^^^^^^^^^^^^^^ help: convert the identifier to upper camel case (notice the capitalization): `SpgxlogPickSplit`

warning: type `spgxlogVacuumLeaf` should have an upper camel case name
   --> /work/src/crates/_support/types/types_spgist/src/xlog.rs:238:12
    |
238 | pub struct spgxlogVacuumLeaf {
    |            ^^^^^^^^^^^^^^^^^ help: convert the identifier to upper camel case (notice the capitalization): `SpgxlogVacuumLeaf`

warning: type `spgxlogVacuumRoot` should have an upper camel case name
   --> /work/src/crates/_support/types/types_spgist/src/xlog.rs:271:12
    |
271 | pub struct spgxlogVacuumRoot {
    |            ^^^^^^^^^^^^^^^^^ help: convert the identifier to upper camel case (notice the capitalization): `SpgxlogVacuumRoot`

warning: type `spgxlogVacuumRedirect` should have an upper camel case name
   --> /work/src/crates/_support/types/types_spgist/src/xlog.rs:295:12
    |
295 | pub struct spgxlogVacuumRedirect {
    |            ^^^^^^^^^^^^^^^^^^^^^ help: convert the identifier to upper camel case (notice the capitalization): `SpgxlogVacuumRedirect`

warning: type `spgConfigIn` should have an upper camel case name
   --> /work/src/crates/_support/types/types_spgist/src/lib.rs:237:12
    |
237 | pub struct spgConfigIn {
    |            ^^^^^^^^^^^ help: convert the identifier to upper camel case (notice the capitalization): `SpgConfigIn`

warning: type `spgConfigOut` should have an upper camel case name
   --> /work/src/crates/_support/types/types_spgist/src/lib.rs:242:12
    |
242 | pub struct spgConfigOut {
    |            ^^^^^^^^^^^^ help: convert the identifier to upper camel case (notice the capitalization): `SpgConfigOut`

warning: `types_spgist` (lib) generated 19 warnings
warning: function `unported` is never used
   --> /work/src/crates/backend/utils/resowner/resowner/src/lib.rs:322:4
    |
322 | fn unported(what: &str) -> ! {
    |    ^^^^^^^^
    |
    = note: `#[warn(dead_code)]` (part of `#[warn(unused)]`) on by default

warning: function `tqueue_create_DR` should have a snake case name
   --> /work/src/crates/backend/executor/tqueue/src/lib.rs:152:8
    |
152 | pub fn tqueue_create_DR(queue: ShmMqHandle) -> DrTqueue {
    |        ^^^^^^^^^^^^^^^^ help: convert the identifier to snake case: `tqueue_create_dr`
    |
    = note: `#[warn(non_snake_case)]` (part of `#[warn(nonstandard_style)]`) on by default

warning: function `tqueue_create_DR_batched` should have a snake case name
   --> /work/src/crates/backend/executor/tqueue/src/lib.rs:164:8
    |
164 | pub fn tqueue_create_DR_batched(queue: ShmMqHandle, ledger: Arc<ChunkLedger>) -> DrTqueue {
    |        ^^^^^^^^^^^^^^^^^^^^^^^^ help: convert the identifier to snake case: `tqueue_create_dr_batched`

warning: `resowner` (lib) generated 1 warning
warning: `tqueue` (lib) generated 2 warnings
warning: unused import: `Write`
  --> /work/src/crates/backend/utils/activity/pgstat/src/file.rs:11:21
   |
11 | use std::io::{Read, Write};
   |                     ^^^^^
   |
   = note: `#[warn(unused_imports)]` (part of `#[warn(unused)]`) on by default

warning: unused import: `Read`
  --> /work/src/crates/backend/utils/activity/pgstat/src/file.rs:11:15
   |
11 | use std::io::{Read, Write};
   |               ^^^^

warning: `pgstat` (lib) generated 2 warnings (run `cargo fix --lib -p pgstat` to apply 1 suggestion)
warning: unreachable pattern
  --> /work/src/crates/backend/nodes/nodes_core/src/node_funcs.rs:47:9
   |
30 |         NodeTag::T_CollateExpr => expr_type(node.as_collate_expr().unwrap().arg),
   |         ---------------------- matches all the relevant values
...
47 |         NodeTag::T_CollateExpr => expr_type(node.as_collate_expr().unwrap().arg),
   |         ^^^^^^^^^^^^^^^^^^^^^^ no value can reach this
   |
   = note: `#[warn(unreachable_patterns)]` (part of `#[warn(unused)]`) on by default

warning: unreachable pattern
   --> /work/src/crates/backend/nodes/nodes_core/src/node_funcs.rs:194:9
    |
163 |         NodeTag::T_CollateExpr => expr_typmod(node.as_collate_expr().unwrap().arg),
    |         ---------------------- matches all the relevant values
...
194 |         NodeTag::T_CollateExpr => expr_typmod(node.as_collate_expr().unwrap().arg),
    |         ^^^^^^^^^^^^^^^^^^^^^^ no value can reach this

warning: unreachable pattern
   --> /work/src/crates/backend/nodes/nodes_core/src/node_funcs.rs:296:9
    |
279 |         NodeTag::T_CollateExpr => node.as_collate_expr().unwrap().collOid,
    |         ---------------------- matches all the relevant values
...
296 |         NodeTag::T_CollateExpr => node.as_collate_expr().unwrap().collOid,
    |         ^^^^^^^^^^^^^^^^^^^^^^ no value can reach this

warning: unreachable pattern
   --> /work/src/crates/backend/nodes/nodes_core/src/node_funcs.rs:476:9
    |
424 |         NodeTag::T_CollateExpr => expr_location(node.as_collate_expr().unwrap().arg),
    |         ---------------------- matches all the relevant values
...
476 |         NodeTag::T_CollateExpr => expr_location(node.as_collate_expr().unwrap().arg),
    |         ^^^^^^^^^^^^^^^^^^^^^^ no value can reach this

warning: `nodes_core` (lib) generated 4 warnings
warning: unused import: `MemoryContext`
  --> /work/src/crates/backend/utils/cache/typcache/src/lib.rs:19:16
   |
19 | use mcx::{Mcx, MemoryContext, PgHashMap, PgVec};
   |                ^^^^^^^^^^^^^
   |
   = note: `#[warn(unused_imports)]` (part of `#[warn(unused)]`) on by default

warning: function `relation_needs_wal` is never used
   --> /work/src/crates/backend/storage/freespace/freespace/src/lib.rs:557:4
    |
557 | fn relation_needs_wal(rel: &RelationData<'_>) -> bool {
    |    ^^^^^^^^^^^^^^^^^^
    |
    = note: `#[warn(dead_code)]` (part of `#[warn(unused)]`) on by default

warning: function `xlog_hint_bit_is_needed` is never used
   --> /work/src/crates/backend/storage/freespace/freespace/src/lib.rs:567:4
    |
567 | fn xlog_hint_bit_is_needed() -> bool {
    |    ^^^^^^^^^^^^^^^^^^^^^^^

warning: function `unported` is never used
   --> /work/src/crates/backend/storage/freespace/freespace/src/lib.rs:573:4
    |
573 | fn unported(unit: &'static str) -> ! {
    |    ^^^^^^^^

warning: `typcache` (lib) generated 1 warning (run `cargo fix --lib -p typcache` to apply 1 suggestion)
warning: `freespace` (lib) generated 3 warnings
warning: value assigned to `addedafter` is never read
   --> /work/src/crates/backend/utils/adt/arrayfuncs/src/element.rs:545:26
    |
545 |     let mut addedafter = 0i32;
    |                          ^^^^ this value is reassigned later and never used
...
578 |             addedafter = aa;
    |             --------------- `addedafter` is overwritten here before the previous value is read
    |
    = note: `#[warn(unused_assignments)]` (part of `#[warn(unused)]`) on by default

warning: unnecessary `unsafe` block
   --> /work/src/crates/backend/utils/adt/arrayfuncs/src/expanded.rs:144:55
    |
141 |     unsafe {
    |     ------ because it's nested under this `unsafe` block
...
144 |         parentcontext.register_reset_callback(move || unsafe { drop(Box::from_raw(p)) });
    |                                                       ^^^^^^ unnecessary `unsafe` block
    |
    = note: `#[warn(unused_unsafe)]` (part of `#[warn(unused)]`) on by default

warning: unnecessary `unsafe` block
   --> /work/src/crates/backend/utils/adt/arrayfuncs/src/expanded.rs:252:15
    |
252 |         cur + unsafe { varsize_any(value.as_usize() as *const u8) }
    |               ^^^^^^ unnecessary `unsafe` block

warning: unnecessary `unsafe` block
   --> /work/src/crates/backend/utils/adt/arrayfuncs/src/io.rs:559:15
    |
559 |         -1 => unsafe { varsize_any(p) },
    |               ^^^^^^ unnecessary `unsafe` block

warning: constant `HASH_RECORD_OID` is never used
   --> /work/src/crates/backend/utils/adt/arrayfuncs/src/builtins.rs:514:7
    |
514 | const HASH_RECORD_OID: Oid = 6192;
    |       ^^^^^^^^^^^^^^^
    |
    = note: `#[warn(dead_code)]` (part of `#[warn(unused)]`) on by default

warning: constant `HASH_RECORD_EXTENDED_OID` is never used
   --> /work/src/crates/backend/utils/adt/arrayfuncs/src/builtins.rs:515:7
    |
515 | const HASH_RECORD_EXTENDED_OID: Oid = 6193;
    |       ^^^^^^^^^^^^^^^^^^^^^^^^

warning: unexpected `cfg` condition name: `pgrust_sim`
  --> /work/src/crates/backend/access/gin/gin_xlog/src/lib.rs:26:7
   |
26 | #[cfg(pgrust_sim)]
   |       ^^^^^^^^^^
   |
   = help: expected names are: `docsrs`, `feature`, and `test` and 33 more
   = help: consider using a Cargo feature instead
   = help: or consider adding in `Cargo.toml` the `check-cfg` lint config for the lint:
            [lints.rust]
            unexpected_cfgs = { level = "warn", check-cfg = ['cfg(pgrust_sim)'] }
   = help: or consider adding `println!("cargo::rustc-check-cfg=cfg(pgrust_sim)");` to the top of the `build.rs`
   = note: see <https://doc.rust-lang.org/nightly/rustc/check-cfg/cargo-specifics.html> for more information about checking conditional configuration
   = note: `#[warn(unexpected_cfgs)]` on by default

warning: unexpected `cfg` condition name: `pgrust_sim`
   --> /work/src/crates/backend/access/gin/gin_xlog/src/lib.rs:590:11
    |
590 |     #[cfg(pgrust_sim)]
    |           ^^^^^^^^^^
    |
    = help: consider using a Cargo feature instead
    = help: or consider adding in `Cargo.toml` the `check-cfg` lint config for the lint:
             [lints.rust]
             unexpected_cfgs = { level = "warn", check-cfg = ['cfg(pgrust_sim)'] }
    = help: or consider adding `println!("cargo::rustc-check-cfg=cfg(pgrust_sim)");` to the top of the `build.rs`
    = note: see <https://doc.rust-lang.org/nightly/rustc/check-cfg/cargo-specifics.html> for more information about checking conditional configuration

warning: `arrayfuncs` (lib) generated 6 warnings
warning: `gin_xlog` (lib) generated 2 warnings
warning: field `0` is never read
  --> /work/src/crates/backend/utils/adt/numeric/src/sortsupport.rs:21:17
   |
21 | struct AlignBuf([u8; 128]);
   |        -------- ^^^^^^^^^
   |        |
   |        field in this struct
   |
   = help: consider removing this field
   = note: `#[warn(dead_code)]` (part of `#[warn(unused)]`) on by default

warning: `adt_numeric` (lib) generated 1 warning
warning: decoder_fuzz@0.0.0: csrc/pg_float_io.c:14:42: warning: "/*" within comment [-Wcomment]
warning: decoder_fuzz@0.0.0:    14 |  *     byte-for-byte copies of src/common/* at the same ref (compiled as
warning: decoder_fuzz@0.0.0: csrc/pg_float_io.c: In function 'float4in_internal':
warning: decoder_fuzz@0.0.0: csrc/pg_float_io.c:173:47: warning: unused parameter 'type_name' [-Wunused-parameter]
warning: decoder_fuzz@0.0.0:   173 |                                   const char *type_name, const char *orig_string,
warning: decoder_fuzz@0.0.0:       |                                   ~~~~~~~~~~~~^~~~~~~~~
warning: decoder_fuzz@0.0.0: csrc/pg_float_io.c:173:70: warning: unused parameter 'orig_string' [-Wunused-parameter]
warning: decoder_fuzz@0.0.0:   173 |                                   const char *type_name, const char *orig_string,
warning: decoder_fuzz@0.0.0:       |                                                          ~~~~~~~~~~~~^~~~~~~~~~~
warning: decoder_fuzz@0.0.0: csrc/pg_float_io.c:174:48: warning: unused parameter 'escontext' [-Wunused-parameter]
warning: decoder_fuzz@0.0.0:   174 |                                   struct Node *escontext)
warning: decoder_fuzz@0.0.0:       |                                   ~~~~~~~~~~~~~^~~~~~~~~
warning: decoder_fuzz@0.0.0: csrc/pg_float_io.c: In function 'float8in_internal':
warning: decoder_fuzz@0.0.0: csrc/pg_float_io.c:307:47: warning: unused parameter 'type_name' [-Wunused-parameter]
warning: decoder_fuzz@0.0.0:   307 |                                   const char *type_name, const char *orig_string,
warning: decoder_fuzz@0.0.0:       |                                   ~~~~~~~~~~~~^~~~~~~~~
warning: decoder_fuzz@0.0.0: csrc/pg_float_io.c:307:70: warning: unused parameter 'orig_string' [-Wunused-parameter]
warning: decoder_fuzz@0.0.0:   307 |                                   const char *type_name, const char *orig_string,
warning: decoder_fuzz@0.0.0:       |                                                          ~~~~~~~~~~~~^~~~~~~~~~~
warning: decoder_fuzz@0.0.0: csrc/pg_float_io.c:308:48: warning: unused parameter 'escontext' [-Wunused-parameter]
warning: decoder_fuzz@0.0.0:   308 |                                   struct Node *escontext)
warning: decoder_fuzz@0.0.0:       |                                   ~~~~~~~~~~~~~^~~~~~~~~
warning: decoder_fuzz@0.0.0: csrc/pg_float_io.c: At top level:
warning: decoder_fuzz@0.0.0: csrc/pg_float_io.c:533:9: warning: "Assert" redefined
warning: decoder_fuzz@0.0.0:   533 | #define Assert(condition) ((void) 0)
warning: decoder_fuzz@0.0.0:       |         ^~~~~~
warning: decoder_fuzz@0.0.0: In file included from csrc/pg_float_io.c:36:
warning: decoder_fuzz@0.0.0: csrc/shim/postgres.h:37:9: note: this is the location of the previous definition
warning: decoder_fuzz@0.0.0:    37 | #define Assert(x) ((void) 0)
warning: decoder_fuzz@0.0.0:       |         ^~~~~~
warning: decoder_fuzz@0.0.0: csrc/pg_float_agg_check.c: In function 'check_float8_array':
warning: decoder_fuzz@0.0.0: csrc/pg_float_agg_check.c:61:27: warning: operand of '?:' changes signedness from 'int32' {aka 'int'} to 'long unsigned int' due to unsignedness of other operand [-Wsign-compare]
warning: decoder_fuzz@0.0.0:    61 |         (ARR_HASNULL(a) ? (a)->dataoffset : ARR_OVERHEAD_NONULLS(ARR_NDIM(a)))
warning: decoder_fuzz@0.0.0:       |                           ^~~~~~~~~~~~~~~
warning: decoder_fuzz@0.0.0: csrc/pg_float_agg_check.c:62:43: note: in expansion of macro 'ARR_DATA_OFFSET'
warning: decoder_fuzz@0.0.0:    62 | #define ARR_DATA_PTR(a) (((char *) (a)) + ARR_DATA_OFFSET(a))
warning: decoder_fuzz@0.0.0:       |                                           ^~~~~~~~~~~~~~~
warning: decoder_fuzz@0.0.0: csrc/pg_float_agg_check.c:79:27: note: in expansion of macro 'ARR_DATA_PTR'
warning: decoder_fuzz@0.0.0:    79 |         return (float8 *) ARR_DATA_PTR(transarray);
warning: decoder_fuzz@0.0.0:       |                           ^~~~~~~~~~~~
warning: decoder_fuzz@0.0.0: csrc/pg_float_agg_check.c:67:55: warning: unused parameter 'caller' [-Wunused-parameter]
warning: decoder_fuzz@0.0.0:    67 | check_float8_array(ArrayType *transarray, const char *caller, int n)
warning: decoder_fuzz@0.0.0:       |                                           ~~~~~~~~~~~~^~~~~~
warning: decoder_fuzz@0.0.0: csrc/pg_geo_io.c:662:9: warning: "palloc" redefined
warning: decoder_fuzz@0.0.0:   662 | #define palloc(n) pg_geo_palloc_impl(n)
warning: decoder_fuzz@0.0.0:       |         ^~~~~~
warning: decoder_fuzz@0.0.0: In file included from csrc/pg_geo_io.c:30:
warning: decoder_fuzz@0.0.0: csrc/shim/postgres.h:34:9: note: this is the location of the previous definition
warning: decoder_fuzz@0.0.0:    34 | #define palloc(n) malloc(n)
warning: decoder_fuzz@0.0.0:       |         ^~~~~~
warning: decoder_fuzz@0.0.0: csrc/pg_strfam.c: In function 'pg_clean_ascii':
warning: decoder_fuzz@0.0.0: csrc/pg_strfam.c:221:37: warning: unused parameter 'alloc_flags' [-Wunused-parameter]
warning: decoder_fuzz@0.0.0:   221 | pg_clean_ascii(const char *str, int alloc_flags)
warning: decoder_fuzz@0.0.0:       |                                 ~~~~^~~~~~~~~~~
warning: decoder_fuzz@0.0.0: csrc/pg_strfam.c: In function 'replace_percent_placeholders':
warning: decoder_fuzz@0.0.0: csrc/pg_strfam.c:264:61: warning: unused parameter 'param_name' [-Wunused-parameter]
warning: decoder_fuzz@0.0.0:   264 | replace_percent_placeholders(const char *instr, const char *param_name, const char *letters,...)
warning: decoder_fuzz@0.0.0:       |                                                 ~~~~~~~~~~~~^~~~~~~~~~
warning: decoder_fuzz@0.0.0: csrc/pg_strfam.c: In function 'make_native_path':
warning: decoder_fuzz@0.0.0: csrc/pg_strfam.c:338:24: warning: unused parameter 'filename' [-Wunused-parameter]
warning: decoder_fuzz@0.0.0:   338 | make_native_path(char *filename)
warning: decoder_fuzz@0.0.0:       |                  ~~~~~~^~~~~~~~
warning: decoder_fuzz@0.0.0: csrc/pg_cash_io.c: In function 'pg_diff_cash_in':
warning: decoder_fuzz@0.0.0: csrc/pg_cash_io.c:271:44: warning: array subscript 1 is outside array bounds of 'char[1]' [-Warray-bounds=]
warning: decoder_fuzz@0.0.0:   271 |                 lconvert->mon_decimal_point[1] == '\0')
warning: decoder_fuzz@0.0.0:       |                 ~~~~~~~~~~~~~~~~~~~~~~~~~~~^~~
warning: decoder_fuzz@0.0.0: csrc/pg_cash_io.c:179:13: note: at offset 1 into object 'pg_cash_empty' of size 1
warning: decoder_fuzz@0.0.0:   179 | static char pg_cash_empty[1] = "";
warning: decoder_fuzz@0.0.0:       |             ^~~~~~~~~~~~~
warning: decoder_fuzz@0.0.0: csrc/pg_cash_io.c: In function 'pg_diff_cash_out':
warning: decoder_fuzz@0.0.0: csrc/pg_cash_io.c:459:44: warning: array subscript 1 is outside array bounds of 'char[1]' [-Warray-bounds=]
warning: decoder_fuzz@0.0.0:   459 |                 lconvert->mon_decimal_point[1] == '\0')
warning: decoder_fuzz@0.0.0:       |                 ~~~~~~~~~~~~~~~~~~~~~~~~~~~^~~
warning: decoder_fuzz@0.0.0: csrc/pg_cash_io.c:179:13: note: at offset 1 into object 'pg_cash_empty' of size 1
warning: decoder_fuzz@0.0.0:   179 | static char pg_cash_empty[1] = "";
warning: decoder_fuzz@0.0.0:       |             ^~~~~~~~~~~~~
warning: decoder_fuzz@0.0.0: csrc/pg_lsn_oracle.c: In function 'set_var_from_str':
warning: decoder_fuzz@0.0.0: csrc/pg_lsn_oracle.c:997:30: warning: unused parameter 'str' [-Wunused-parameter]
warning: decoder_fuzz@0.0.0:   997 | set_var_from_str(const char *str, const char *cp,
warning: decoder_fuzz@0.0.0:       |                  ~~~~~~~~~~~~^~~
warning: decoder_fuzz@0.0.0: csrc/pg_lsn_oracle.c:999:40: warning: unused parameter 'escontext' [-Wunused-parameter]
warning: decoder_fuzz@0.0.0:   999 |                                  Node *escontext)
warning: decoder_fuzz@0.0.0:       |                                  ~~~~~~^~~~~~~~~
warning: decoder_fuzz@0.0.0: csrc/pg_lsn_oracle.c: In function 'apply_typmod':
warning: decoder_fuzz@0.0.0: csrc/pg_lsn_oracle.c:1351:101: warning: right-hand operand of comma expression has no effect [-Wunused-value]
warning: decoder_fuzz@0.0.0:  1351 |                                                         (errcode(ERRCODE_NUMERIC_VALUE_OUT_OF_RANGE),
warning: decoder_fuzz@0.0.0:       |                                                                                                     ^
warning: decoder_fuzz@0.0.0: csrc/pg_lsn_oracle.c:125:53: note: in definition of macro 'ereturn'
warning: decoder_fuzz@0.0.0:   125 | #define ereturn(escontext, ret, stuff) do { (void) (stuff); return (ret); } while (0)
warning: decoder_fuzz@0.0.0:       |                                                     ^~~~~
warning: decoder_fuzz@0.0.0: csrc/pg_lsn_oracle.c:1302:51: warning: unused parameter 'escontext' [-Wunused-parameter]
warning: decoder_fuzz@0.0.0:  1302 | apply_typmod(NumericVar *var, int32 typmod, Node *escontext)
warning: decoder_fuzz@0.0.0:       |                                             ~~~~~~^~~~~~~~~
warning: decoder_fuzz@0.0.0: csrc/pg_lsn_oracle.c: In function 'apply_typmod_special':
warning: decoder_fuzz@0.0.0: csrc/pg_lsn_oracle.c:1393:69: warning: right-hand operand of comma expression has no effect [-Wunused-value]
warning: decoder_fuzz@0.0.0:  1393 |                         (errcode(ERRCODE_NUMERIC_VALUE_OUT_OF_RANGE),
warning: decoder_fuzz@0.0.0:       |                                                                     ^
warning: decoder_fuzz@0.0.0: csrc/pg_lsn_oracle.c:125:53: note: in definition of macro 'ereturn'
warning: decoder_fuzz@0.0.0:   125 | #define ereturn(escontext, ret, stuff) do { (void) (stuff); return (ret); } while (0)
warning: decoder_fuzz@0.0.0:       |                                                     ^~~~~
warning: decoder_fuzz@0.0.0: csrc/pg_lsn_oracle.c:1372:33: warning: variable 'scale' set but not used [-Wunused-but-set-variable]
warning: decoder_fuzz@0.0.0:  1372 |         int                     scale;
warning: decoder_fuzz@0.0.0:       |                                 ^~~~~
warning: decoder_fuzz@0.0.0: csrc/pg_lsn_oracle.c:1371:33: warning: variable 'precision' set but not used [-Wunused-but-set-variable]
warning: decoder_fuzz@0.0.0:  1371 |         int                     precision;
warning: decoder_fuzz@0.0.0:       |                                 ^~~~~~~~~
warning: decoder_fuzz@0.0.0: csrc/pg_lsn_oracle.c:1369:55: warning: unused parameter 'escontext' [-Wunused-parameter]
warning: decoder_fuzz@0.0.0:  1369 | apply_typmod_special(Numeric num, int32 typmod, Node *escontext)
warning: decoder_fuzz@0.0.0:       |                                                 ~~~~~~^~~~~~~~~
warning: decoder_fuzz@0.0.0: csrc/pg_enc_tables.c: In function 'ScanKeywordLookup':
warning: decoder_fuzz@0.0.0: csrc/pg_enc_tables.c:376:17: warning: comparison of integer expressions of different signedness: 'size_t' {aka 'long unsigned int'} and 'int' [-Wsign-compare]
warning: decoder_fuzz@0.0.0:   376 |         if (len > keywords->max_kw_len)
warning: decoder_fuzz@0.0.0:       |                 ^
warning: decoder_fuzz@0.0.0: csrc/hashenc/hmac.c: In function 'hashenc_impl_pg_hmac_init':
warning: decoder_fuzz@0.0.0: csrc/hashenc/hmac.c:158:17: warning: comparison of integer expressions of different signedness: 'size_t' {aka 'long unsigned int'} and 'int' [-Wsign-compare]
warning: decoder_fuzz@0.0.0:   158 |         if (len > block_size)
warning: decoder_fuzz@0.0.0:       |                 ^
warning: decoder_fuzz@0.0.0: csrc/hashenc/hmac.c:195:23: warning: comparison of integer expressions of different signedness: 'int' and 'size_t' {aka 'long unsigned int'} [-Wsign-compare]
warning: decoder_fuzz@0.0.0:   195 |         for (i = 0; i < len; i++)
warning: decoder_fuzz@0.0.0:       |                       ^
warning: decoder_fuzz@0.0.0: In file included from csrc/hashenc/pg_hashenc_ascii.c:24:
warning: decoder_fuzz@0.0.0: csrc/hashenc/shim/mb/pg_wchar.h: In function 'pg_encoding_to_char':
warning: decoder_fuzz@0.0.0: csrc/hashenc/shim/mb/pg_wchar.h:67:25: warning: unused parameter 'enc' [-Wunused-parameter]
warning: decoder_fuzz@0.0.0:    67 | pg_encoding_to_char(int enc)
warning: decoder_fuzz@0.0.0:       |                     ~~~~^~~
warning: decoder_fuzz@0.0.0: In file included from csrc/hashenc/pg_hashenc_glue.c:18:
warning: decoder_fuzz@0.0.0: csrc/hashenc/shim/mb/pg_wchar.h: In function 'pg_encoding_to_char':
warning: decoder_fuzz@0.0.0: csrc/hashenc/shim/mb/pg_wchar.h:67:25: warning: unused parameter 'enc' [-Wunused-parameter]
warning: decoder_fuzz@0.0.0:    67 | pg_encoding_to_char(int enc)
warning: decoder_fuzz@0.0.0:       |                     ~~~~^~~
warning: decoder_fuzz@0.0.0: csrc/cryptofam/hmac.c: In function 'cryptofam_pg_hmac_init':
warning: decoder_fuzz@0.0.0: csrc/cryptofam/hmac.c:158:17: warning: comparison of integer expressions of different signedness: 'size_t' {aka 'long unsigned int'} and 'int' [-Wsign-compare]
warning: decoder_fuzz@0.0.0:   158 |         if (len > block_size)
warning: decoder_fuzz@0.0.0:       |                 ^
warning: decoder_fuzz@0.0.0: csrc/cryptofam/hmac.c:195:23: warning: comparison of integer expressions of different signedness: 'int' and 'size_t' {aka 'long unsigned int'} [-Wsign-compare]
warning: decoder_fuzz@0.0.0:   195 |         for (i = 0; i < len; i++)
warning: decoder_fuzz@0.0.0:       |                       ^
warning: decoder_fuzz@0.0.0: csrc/tablesfam/kwlookup.c: In function 'tablesfam_ScanKeywordLookup':
warning: decoder_fuzz@0.0.0: csrc/tablesfam/kwlookup.c:50:17: warning: comparison of integer expressions of different signedness: 'size_t' {aka 'long unsigned int'} and 'int' [-Wsign-compare]
warning: decoder_fuzz@0.0.0:    50 |         if (len > keywords->max_kw_len)
warning: decoder_fuzz@0.0.0:       |                 ^
warning: unused import: `core::cmp::Ordering`
  --> /work/src/crates/backend/utils/adt/varlena/src/lib.rs:23:5
   |
23 | use core::cmp::Ordering;
   |     ^^^^^^^^^^^^^^^^^^^
   |
   = note: `#[warn(unused_imports)]` (part of `#[warn(unused)]`) on by default

warning: type `X509_NAME_ENTRY` should have an upper camel case name
 --> /work/src/crates/backend/libpq/be_secure_openssl/src/cffi.rs:8:10
  |
8 | pub enum X509_NAME_ENTRY {}
  |          ^^^^^^^^^^^^^^^ help: convert the identifier to upper camel case: `X509NameEntry`
  |
  = note: `#[warn(non_camel_case_types)]` (part of `#[warn(nonstandard_style)]`) on by default

warning: type `X509_EXTENSION` should have an upper camel case name
  --> /work/src/crates/backend/libpq/be_secure_openssl/src/cffi.rs:10:10
   |
10 | pub enum X509_EXTENSION {}
   |          ^^^^^^^^^^^^^^ help: convert the identifier to upper camel case: `X509Extension`

warning: `varlena` (lib) generated 1 warning (run `cargo fix --lib -p varlena` to apply 1 suggestion)
warning: `be_secure_openssl` (lib) generated 2 warnings
warning: variant `REPLICATION_KIND_PHYSICAL` should have an upper camel case name
  --> /work/src/crates/backend/replication/repl_gram/src/lib.rs:25:5
   |
25 |     REPLICATION_KIND_PHYSICAL,
   |     ^^^^^^^^^^^^^^^^^^^^^^^^^ help: convert the identifier to upper camel case: `ReplicationKindPhysical`
   |
   = note: `#[warn(non_camel_case_types)]` (part of `#[warn(nonstandard_style)]`) on by default

warning: variant `REPLICATION_KIND_LOGICAL` should have an upper camel case name
  --> /work/src/crates/backend/replication/repl_gram/src/lib.rs:26:5
   |
26 |     REPLICATION_KIND_LOGICAL,
   |     ^^^^^^^^^^^^^^^^^^^^^^^^ help: convert the identifier to upper camel case: `ReplicationKindLogical`

warning: constant in pattern `InvalidOid` should have an upper case name
   --> /work/src/crates/backend/utils/adt/regproc/src/lib.rs:305:13
    |
305 |             InvalidOid => return Ok((raw, Vec::new())),
    |             ^^^^^^^^^^ help: convert the identifier to upper case: `INVALID_OID`
    |
    = note: `#[warn(non_upper_case_globals)]` (part of `#[warn(nonstandard_style)]`) on by default

warning: variant `XMLOPTION_DOCUMENT` should have an upper camel case name
  --> /work/src/crates/backend/utils/adt/xml/src/lib.rs:51:5
   |
51 |     XMLOPTION_DOCUMENT = 0,
   |     ^^^^^^^^^^^^^^^^^^ help: convert the identifier to upper camel case: `XmloptionDocument`
   |
   = note: `#[warn(non_camel_case_types)]` (part of `#[warn(nonstandard_style)]`) on by default

warning: variant `XMLOPTION_CONTENT` should have an upper camel case name
  --> /work/src/crates/backend/utils/adt/xml/src/lib.rs:52:5
   |
52 |     XMLOPTION_CONTENT = 1,
   |     ^^^^^^^^^^^^^^^^^ help: convert the identifier to upper camel case: `XmloptionContent`

warning: variant `XMLBINARY_BASE64` should have an upper camel case name
  --> /work/src/crates/backend/utils/adt/xml/src/lib.rs:57:5
   |
57 |     XMLBINARY_BASE64 = 0,
   |     ^^^^^^^^^^^^^^^^ help: convert the identifier to upper camel case: `XmlbinaryBase64`

warning: variant `XMLBINARY_HEX` should have an upper camel case name
  --> /work/src/crates/backend/utils/adt/xml/src/lib.rs:58:5
   |
58 |     XMLBINARY_HEX = 1,
   |     ^^^^^^^^^^^^^ help: convert the identifier to upper camel case: `XmlbinaryHex`

warning: variant `XML_STANDALONE_YES` should have an upper camel case name
  --> /work/src/crates/backend/utils/adt/xml/src/lib.rs:63:5
   |
63 |     XML_STANDALONE_YES = 0,
   |     ^^^^^^^^^^^^^^^^^^ help: convert the identifier to upper camel case: `XmlStandaloneYes`

warning: variant `XML_STANDALONE_NO` should have an upper camel case name
  --> /work/src/crates/backend/utils/adt/xml/src/lib.rs:64:5
   |
64 |     XML_STANDALONE_NO = 1,
   |     ^^^^^^^^^^^^^^^^^ help: convert the identifier to upper camel case: `XmlStandaloneNo`

warning: variant `XML_STANDALONE_NO_VALUE` should have an upper camel case name
  --> /work/src/crates/backend/utils/adt/xml/src/lib.rs:65:5
   |
65 |     XML_STANDALONE_NO_VALUE = 2,
   |     ^^^^^^^^^^^^^^^^^^^^^^^ help: convert the identifier to upper camel case: `XmlStandaloneNoValue`

warning: variant `XML_STANDALONE_OMITTED` should have an upper camel case name
  --> /work/src/crates/backend/utils/adt/xml/src/lib.rs:66:5
   |
66 |     XML_STANDALONE_OMITTED = 3,
   |     ^^^^^^^^^^^^^^^^^^^^^^ help: convert the identifier to upper camel case: `XmlStandaloneOmitted`

warning: unnecessary `unsafe` block
   --> /work/src/crates/backend/utils/adt/xml/src/xmltable.rs:289:13
    |
285 |     unsafe {
    |     ------ because it's nested under this `unsafe` block
...
289 |             unsafe {
    |             ^^^^^^ unnecessary `unsafe` block
    |
    = note: `#[warn(unused_unsafe)]` (part of `#[warn(unused)]`) on by default

warning: unnecessary `unsafe` block
  --> /work/src/crates/backend/utils/adt/xml/src/xpath.rs:42:17
   |
23 |     unsafe {
   |     ------ because it's nested under this `unsafe` block
...
42 |                 unsafe {
   |                 ^^^^^^ unnecessary `unsafe` block

warning: unnecessary `unsafe` block
   --> /work/src/crates/backend/utils/adt/xml/src/xpath.rs:229:13
    |
196 |     unsafe {
    |     ------ because it's nested under this `unsafe` block
...
229 |             unsafe {
    |             ^^^^^^ unnecessary `unsafe` block

warning: field `has_ambuildphasename` is never read
  --> /work/src/crates/backend/utils/adt/adt_amutils/src/lib.rs:93:5
   |
80 | struct AmFlags {
   |        ------- field in this struct
...
93 |     has_ambuildphasename: bool,
   |     ^^^^^^^^^^^^^^^^^^^^
   |
   = note: `#[warn(dead_code)]` (part of `#[warn(unused)]`) on by default

warning: `repl_gram` (lib) generated 2 warnings
warning: `adt_regproc` (lib) generated 1 warning
warning: `adt_xml` (lib) generated 11 warnings
warning: `adt_amutils` (lib) generated 1 warning
warning: function `WaitEventCustomShmemSize` should have a snake case name
  --> /work/src/crates/backend/utils/activity/waitevent/src/custom.rs:92:8
   |
92 | pub fn WaitEventCustomShmemSize() -> usize {
   |        ^^^^^^^^^^^^^^^^^^^^^^^^ help: convert the identifier to snake case: `wait_event_custom_shmem_size`
   |
   = note: `#[warn(non_snake_case)]` (part of `#[warn(nonstandard_style)]`) on by default

warning: function `WaitEventCustomShmemInit` should have a snake case name
   --> /work/src/crates/backend/utils/activity/waitevent/src/custom.rs:100:8
    |
100 | pub fn WaitEventCustomShmemInit() -> PgResult<()> {
    |        ^^^^^^^^^^^^^^^^^^^^^^^^ help: convert the identifier to snake case: `wait_event_custom_shmem_init`

warning: function `WaitEventCustomShmemResetAfterCrash` should have a snake case name
   --> /work/src/crates/backend/utils/activity/waitevent/src/custom.rs:138:8
    |
138 | pub fn WaitEventCustomShmemResetAfterCrash() {
    |        ^^^^^^^^^^^^^^^^^^^^^^^^^^^^^^^^^^^ help: convert the identifier to snake case: `wait_event_custom_shmem_reset_after_crash`

warning: function `WaitEventExtensionNew` should have a snake case name
   --> /work/src/crates/backend/utils/activity/waitevent/src/custom.rs:150:8
    |
150 | pub fn WaitEventExtensionNew(wait_event_name: &str) -> PgResult<u32> {
    |        ^^^^^^^^^^^^^^^^^^^^^ help: convert the identifier to snake case: `wait_event_extension_new`

warning: function `WaitEventInjectionPointNew` should have a snake case name
   --> /work/src/crates/backend/utils/activity/waitevent/src/custom.rs:154:8
    |
154 | pub fn WaitEventInjectionPointNew(wait_event_name: &str) -> PgResult<u32> {
    |        ^^^^^^^^^^^^^^^^^^^^^^^^^^ help: convert the identifier to snake case: `wait_event_injection_point_new`

warning: function `WaitEventCustomNew` should have a snake case name
   --> /work/src/crates/backend/utils/activity/waitevent/src/custom.rs:173:8
    |
173 | pub fn WaitEventCustomNew(class_id: u32, wait_event_name: &str) -> PgResult<u32> {
    |        ^^^^^^^^^^^^^^^^^^ help: convert the identifier to snake case: `wait_event_custom_new`

warning: function `GetWaitEventCustomIdentifier` should have a snake case name
   --> /work/src/crates/backend/utils/activity/waitevent/src/custom.rs:246:8
    |
246 | pub fn GetWaitEventCustomIdentifier(wait_event_info: u32) -> &'static str {
    |        ^^^^^^^^^^^^^^^^^^^^^^^^^^^^ help: convert the identifier to snake case: `get_wait_event_custom_identifier`

warning: function `GetWaitEventCustomNames` should have a snake case name
   --> /work/src/crates/backend/utils/activity/waitevent/src/custom.rs:278:8
    |
278 | pub fn GetWaitEventCustomNames(class_id: u32) -> Vec<String> {
    |        ^^^^^^^^^^^^^^^^^^^^^^^ help: convert the identifier to snake case: `get_wait_event_custom_names`

warning: value assigned to `ss` is never read
   --> /work/src/crates/backend/regex/regex_core/src/regex_exec.rs:973:33
    |
973 |     let mut ss: Option<usize> = Some(css);
    |                                 ^^^^^^^^^ this value is reassigned later and never used
...
985 |                 ss = Some(ncss);
    |                 --------------- `ss` is overwritten here before the previous value is read
    |
    = note: `#[warn(unused_assignments)]` (part of `#[warn(unused)]`) on by default

warning: unused import: `Point`
 --> /work/src/crates/backend/utils/adt/geo/src/path.rs:2:25
  |
2 | use ::types_core::geo::{Point, BOX, PATH_HEADER_SIZE};
  |                         ^^^^^
  |
  = note: `#[warn(unused_imports)]` (part of `#[warn(unused)]`) on by default

warning: `waitevent` (lib) generated 8 warnings
warning: `regex_core` (lib) generated 1 warning
warning: `adt_geo` (lib) generated 1 warning (run `cargo fix --lib -p adt_geo` to apply 1 suggestion)
warning: unexpected `cfg` condition name: `loom`
  --> /work/src/crates/backend/utils/misc/injection_point/src/lib.rs:51:1
   |
51 | / pgsync::process_global! {
52 | |     static REGISTRY: Mutex<Vec<(String, Action)>> = Mutex::new(Vec::new());
53 | | }
   | |_^
   |
   = help: expected names are: `docsrs`, `feature`, and `test` and 33 more
   = note: using a cfg inside a macro will use the cfgs from the destination crate and not the ones from the defining crate
   = help: try referring to `$crate::__process_global_one` crate for guidance on how handle this unexpected cfg
   = note: see <https://doc.rust-lang.org/nightly/rustc/check-cfg/cargo-specifics.html> for more information about checking conditional configuration
   = note: `#[warn(unexpected_cfgs)]` on by default
   = note: this warning originates in the macro `$crate::__process_global_one` which comes from the expansion of the macro `pgsync::process_global` (in Nightly builds, run with -Z macro-backtrace for more info)

warning: unexpected `cfg` condition name: `loom`
  --> /work/src/crates/backend/utils/misc/injection_point/src/lib.rs:51:1
   |
51 | / pgsync::process_global! {
52 | |     static REGISTRY: Mutex<Vec<(String, Action)>> = Mutex::new(Vec::new());
53 | | }
   | |_^
   |
   = note: using a cfg inside a macro will use the cfgs from the destination crate and not the ones from the defining crate
   = help: try referring to `$crate::__process_global_one` crate for guidance on how handle this unexpected cfg
   = note: see <https://doc.rust-lang.org/nightly/rustc/check-cfg/cargo-specifics.html> for more information about checking conditional configuration
   = note: this warning originates in the macro `$crate::__process_global_one` which comes from the expansion of the macro `pgsync::process_global` (in Nightly builds, run with -Z macro-backtrace for more info)

warning: unexpected `cfg` condition name: `loom`
  --> /work/src/crates/backend/utils/misc/injection_point/src/lib.rs:65:1
   |
65 | / pgsync::process_global! {
66 | |     static WAIT_SLOTS: Mutex<[WaitSlot; INJ_MAX_WAIT]> =
67 | |         Mutex::new([const { WaitSlot { name: String::new(), wait_count: 0 } }; INJ_MAX_WAIT]);
68 | | }
   | |_^
   |
   = note: using a cfg inside a macro will use the cfgs from the destination crate and not the ones from the defining crate
   = help: try referring to `$crate::__process_global_one` crate for guidance on how handle this unexpected cfg
   = note: see <https://doc.rust-lang.org/nightly/rustc/check-cfg/cargo-specifics.html> for more information about checking conditional configuration
   = note: this warning originates in the macro `$crate::__process_global_one` which comes from the expansion of the macro `pgsync::process_global` (in Nightly builds, run with -Z macro-backtrace for more info)

warning: unused import: `MemoryContext`
 --> /work/src/crates/backend/utils/adt/regexp/src/lib.rs:6:68
  |
6 | use ::mcx::{slice_in, vec_append_bytes, vec_with_capacity_in, Mcx, MemoryContext, PgVec};
  |                                                                    ^^^^^^^^^^^^^
  |
  = note: `#[warn(unused_imports)]` (part of `#[warn(unused)]`) on by default

warning: unused import: `vec_with_capacity_in`
 --> /work/src/crates/backend/utils/adt/tsrank/src/rank_cd.rs:4:13
  |
4 | use ::mcx::{vec_with_capacity_in, Mcx, PgVec};
  |             ^^^^^^^^^^^^^^^^^^^^
  |
  = note: `#[warn(unused_imports)]` (part of `#[warn(unused)]`) on by default

warning: `injection_point` (lib) generated 8 warnings (5 duplicates)
warning: `adt_regexp` (lib) generated 1 warning (run `cargo fix --lib -p adt_regexp` to apply 1 suggestion)
warning: `adt_tsrank` (lib) generated 1 warning (run `cargo fix --lib -p adt_tsrank` to apply 1 suggestion)
warning: unused macro definition: `unported`
   --> /work/src/crates/backend/storage/buffer/bufmgr/src/lib.rs:277:14
    |
277 | macro_rules! unported {
    |              ^^^^^^^^
    |
    = note: `#[warn(unused_macros)]` (part of `#[warn(unused)]`) on by default

warning: method `io_wref_armed` is never used
  --> /work/src/crates/backend/storage/buffer/bufmgr/src/buf_hdr.rs:85:19
   |
33 | impl BufferDesc {
   | --------------- method in this implementation
...
85 |     pub(crate) fn io_wref_armed(&self) -> bool {
   |                   ^^^^^^^^^^^^^
   |
   = note: `#[warn(dead_code)]` (part of `#[warn(unused)]`) on by default

warning: function `buffer_pool_initialized` is never used
   --> /work/src/crates/backend/storage/buffer/bufmgr/src/buf_hdr.rs:155:8
    |
155 | pub fn buffer_pool_initialized() -> bool {
    |        ^^^^^^^^^^^^^^^^^^^^^^^

warning: unused import: `vec_with_capacity_in`
  --> /work/src/crates/backend/utils/cache/ts_cache/src/lib.rs:15:11
   |
15 | use mcx::{vec_with_capacity_in, Mcx, MemoryContext, PgHashMap, PgVec};
   |           ^^^^^^^^^^^^^^^^^^^^
   |
   = note: `#[warn(unused_imports)]` (part of `#[warn(unused)]`) on by default

warning: unnecessary `unsafe` block
  --> /work/src/crates/backend/snowball/dict_snowball/src/stemmers/stem_iso_8859_1_english.rs:33:30
   |
33 | static mut a_0: [among; 3] = unsafe {
   |                              ^^^^^^ unnecessary `unsafe` block
   |
   = note: `#[warn(unused_unsafe)]` (part of `#[warn(unused)]`) on by default

warning: unnecessary `unsafe` block
  --> /work/src/crates/backend/snowball/dict_snowball/src/stemmers/stem_iso_8859_1_english.rs:65:30
   |
65 | static mut a_1: [among; 3] = unsafe {
   |                              ^^^^^^ unnecessary `unsafe` block

warning: unnecessary `unsafe` block
   --> /work/src/crates/backend/snowball/dict_snowball/src/stemmers/stem_iso_8859_1_english.rs:109:30
    |
109 | static mut a_2: [among; 6] = unsafe {
    |                              ^^^^^^ unnecessary `unsafe` block

warning: unnecessary `unsafe` block
   --> /work/src/crates/backend/snowball/dict_snowball/src/stemmers/stem_iso_8859_1_english.rs:167:31
    |
167 | static mut a_3: [among; 13] = unsafe {
    |                               ^^^^^^ unnecessary `unsafe` block

warning: unnecessary `unsafe` block
   --> /work/src/crates/backend/snowball/dict_snowball/src/stemmers/stem_iso_8859_1_english.rs:293:30
    |
293 | static mut a_4: [among; 6] = unsafe {
    |                              ^^^^^^ unnecessary `unsafe` block

warning: unnecessary `unsafe` block
   --> /work/src/crates/backend/snowball/dict_snowball/src/stemmers/stem_iso_8859_1_english.rs:504:31
    |
504 | static mut a_5: [among; 24] = unsafe {
    |                               ^^^^^^ unnecessary `unsafe` block

warning: unnecessary `unsafe` block
   --> /work/src/crates/backend/snowball/dict_snowball/src/stemmers/stem_iso_8859_1_english.rs:738:30
    |
738 | static mut a_6: [among; 9] = unsafe {
    |                              ^^^^^^ unnecessary `unsafe` block

warning: unnecessary `unsafe` block
   --> /work/src/crates/backend/snowball/dict_snowball/src/stemmers/stem_iso_8859_1_english.rs:890:31
    |
890 | static mut a_7: [among; 18] = unsafe {
    |                               ^^^^^^ unnecessary `unsafe` block

warning: unnecessary `unsafe` block
    --> /work/src/crates/backend/snowball/dict_snowball/src/stemmers/stem_iso_8859_1_english.rs:1022:30
     |
1022 | static mut a_8: [among; 2] = unsafe {
     |                              ^^^^^^ unnecessary `unsafe` block

warning: unnecessary `unsafe` block
    --> /work/src/crates/backend/snowball/dict_snowball/src/stemmers/stem_iso_8859_1_english.rs:1109:30
     |
1109 | static mut a_9: [among; 8] = unsafe {
     |                              ^^^^^^ unnecessary `unsafe` block

warning: unnecessary `unsafe` block
    --> /work/src/crates/backend/snowball/dict_snowball/src/stemmers/stem_iso_8859_1_english.rs:1289:32
     |
1289 | static mut a_10: [among; 18] = unsafe {
     |                                ^^^^^^ unnecessary `unsafe` block

warning: variable does not need to be mutable
    --> /work/src/crates/backend/snowball/dict_snowball/src/stemmers/stem_iso_8859_1_english.rs:1594:21
     |
1594 | unsafe fn r_prelude(mut z: *mut SN_env) -> ::core::ffi::c_int {
     |                     ----^
     |                     |
     |                     help: remove this `mut`
     |
     = note: `#[warn(unused_mut)]` (part of `#[warn(unused)]`) on by default

warning: variable does not need to be mutable
    --> /work/src/crates/backend/snowball/dict_snowball/src/stemmers/stem_iso_8859_1_english.rs:1597:9
     |
1597 |     let mut c1: ::core::ffi::c_int = (*z).c;
     |         ----^^
     |         |
     |         help: remove this `mut`

warning: variable does not need to be mutable
    --> /work/src/crates/backend/snowball/dict_snowball/src/stemmers/stem_iso_8859_1_english.rs:1604:13
     |
1604 |         let mut ret: ::core::ffi::c_int = slice_del(z);
     |             ----^^^
     |             |
     |             help: remove this `mut`

warning: variable does not need to be mutable
    --> /work/src/crates/backend/snowball/dict_snowball/src/stemmers/stem_iso_8859_1_english.rs:1610:9
     |
1610 |     let mut c2: ::core::ffi::c_int = (*z).c;
     |         ----^^
     |         |
     |         help: remove this `mut`

warning: variable does not need to be mutable
    --> /work/src/crates/backend/snowball/dict_snowball/src/stemmers/stem_iso_8859_1_english.rs:1617:13
     |
1617 |         let mut ret_0: ::core::ffi::c_int = slice_from_s(
     |             ----^^^^^
     |             |
     |             help: remove this `mut`

warning: variable does not need to be mutable
    --> /work/src/crates/backend/snowball/dict_snowball/src/stemmers/stem_iso_8859_1_english.rs:1628:9
     |
1628 |     let mut c3: ::core::ffi::c_int = (*z).c;
     |         ----^^
     |         |
     |         help: remove this `mut`

warning: variable does not need to be mutable
    --> /work/src/crates/backend/snowball/dict_snowball/src/stemmers/stem_iso_8859_1_english.rs:1630:13
     |
1630 |         let mut c4: ::core::ffi::c_int = (*z).c;
     |             ----^^
     |             |
     |             help: remove this `mut`

warning: variable does not need to be mutable
    --> /work/src/crates/backend/snowball/dict_snowball/src/stemmers/stem_iso_8859_1_english.rs:1632:17
     |
1632 |             let mut c5: ::core::ffi::c_int = (*z).c;
     |                 ----^^
     |                 |
     |                 help: remove this `mut`

warning: variable does not need to be mutable
    --> /work/src/crates/backend/snowball/dict_snowball/src/stemmers/stem_iso_8859_1_english.rs:1666:21
     |
1666 |                 let mut ret_1: ::core::ffi::c_int = slice_from_s(
     |                     ----^^^^^
     |                     |
     |                     help: remove this `mut`

warning: variable does not need to be mutable
    --> /work/src/crates/backend/snowball/dict_snowball/src/stemmers/stem_iso_8859_1_english.rs:1682:26
     |
1682 | unsafe fn r_mark_regions(mut z: *mut SN_env) -> ::core::ffi::c_int {
     |                          ----^
     |                          |
     |                          help: remove this `mut`

warning: variable does not need to be mutable
    --> /work/src/crates/backend/snowball/dict_snowball/src/stemmers/stem_iso_8859_1_english.rs:1686:9
     |
1686 |     let mut c1: ::core::ffi::c_int = (*z).c;
     |         ----^^
     |         |
     |         help: remove this `mut`

warning: variable does not need to be mutable
    --> /work/src/crates/backend/snowball/dict_snowball/src/stemmers/stem_iso_8859_1_english.rs:1687:9
     |
1687 |     let mut c2: ::core::ffi::c_int = (*z).c;
     |         ----^^
     |         |
     |         help: remove this `mut`

warning: variable does not need to be mutable
    --> /work/src/crates/backend/snowball/dict_snowball/src/stemmers/stem_iso_8859_1_english.rs:1706:17
     |
1706 |             let mut ret: ::core::ffi::c_int = out_grouping(
     |                 ----^^^
     |                 |
     |                 help: remove this `mut`

warning: variable does not need to be mutable
    --> /work/src/crates/backend/snowball/dict_snowball/src/stemmers/stem_iso_8859_1_english.rs:1717:21
     |
1717 |                 let mut ret_0: ::core::ffi::c_int = in_grouping(
     |                     ----^^^^^
     |                     |
     |                     help: remove this `mut`

warning: variable does not need to be mutable
    --> /work/src/crates/backend/snowball/dict_snowball/src/stemmers/stem_iso_8859_1_english.rs:1737:17
     |
1737 |             let mut ret_1: ::core::ffi::c_int = out_grouping(
     |                 ----^^^^^
     |                 |
     |                 help: remove this `mut`

warning: variable does not need to be mutable
    --> /work/src/crates/backend/snowball/dict_snowball/src/stemmers/stem_iso_8859_1_english.rs:1746:21
     |
1746 |                 let mut ret_2: ::core::ffi::c_int = in_grouping(
     |                     ----^^^^^
     |                     |
     |                     help: remove this `mut`

warning: variable does not need to be mutable
    --> /work/src/crates/backend/snowball/dict_snowball/src/stemmers/stem_iso_8859_1_english.rs:1764:20
     |
1764 | unsafe fn r_shortv(mut z: *mut SN_env) -> ::core::ffi::c_int {
     |                    ----^
     |                    |
     |                    help: remove this `mut`

warning: variable does not need to be mutable
    --> /work/src/crates/backend/snowball/dict_snowball/src/stemmers/stem_iso_8859_1_english.rs:1765:9
     |
1765 |     let mut current_block: u64;
     |         ----^^^^^^^^^^^^^
     |         |
     |         help: remove this `mut`

warning: variable does not need to be mutable
    --> /work/src/crates/backend/snowball/dict_snowball/src/stemmers/stem_iso_8859_1_english.rs:1766:9
     |
1766 |     let mut m1: ::core::ffi::c_int = (*z).l - (*z).c;
     |         ----^^
     |         |
     |         help: remove this `mut`

warning: variable does not need to be mutable
    --> /work/src/crates/backend/snowball/dict_snowball/src/stemmers/stem_iso_8859_1_english.rs:1828:16
     |
1828 | unsafe fn r_R1(mut z: *mut SN_env) -> ::core::ffi::c_int {
     |                ----^
     |                |
     |                help: remove this `mut`

warning: variable does not need to be mutable
    --> /work/src/crates/backend/snowball/dict_snowball/src/stemmers/stem_iso_8859_1_english.rs:1832:16
     |
1832 | unsafe fn r_R2(mut z: *mut SN_env) -> ::core::ffi::c_int {
     |                ----^
     |                |
     |                help: remove this `mut`

warning: variable does not need to be mutable
    --> /work/src/crates/backend/snowball/dict_snowball/src/stemmers/stem_iso_8859_1_english.rs:1836:21
     |
1836 | unsafe fn r_Step_1a(mut z: *mut SN_env) -> ::core::ffi::c_int {
     |                     ----^
     |                     |
     |                     help: remove this `mut`

warning: variable does not need to be mutable
    --> /work/src/crates/backend/snowball/dict_snowball/src/stemmers/stem_iso_8859_1_english.rs:1838:9
     |
1838 |     let mut m1: ::core::ffi::c_int = (*z).l - (*z).c;
     |         ----^^
     |         |
     |         help: remove this `mut`

warning: variable does not need to be mutable
    --> /work/src/crates/backend/snowball/dict_snowball/src/stemmers/stem_iso_8859_1_english.rs:1853:13
     |
1853 |         let mut ret: ::core::ffi::c_int = slice_del(z);
     |             ----^^^
     |             |
     |             help: remove this `mut`

warning: variable does not need to be mutable
    --> /work/src/crates/backend/snowball/dict_snowball/src/stemmers/stem_iso_8859_1_english.rs:1874:17
     |
1874 |             let mut ret_0: ::core::ffi::c_int = slice_from_s(
     |                 ----^^^^^
     |                 |
     |                 help: remove this `mut`

warning: variable does not need to be mutable
    --> /work/src/crates/backend/snowball/dict_snowball/src/stemmers/stem_iso_8859_1_english.rs:1884:17
     |
1884 |             let mut m2: ::core::ffi::c_int = (*z).l - (*z).c;
     |                 ----^^
     |                 |
     |                 help: remove this `mut`

warning: variable does not need to be mutable
    --> /work/src/crates/backend/snowball/dict_snowball/src/stemmers/stem_iso_8859_1_english.rs:1888:21
     |
1888 |                 let mut ret_2: ::core::ffi::c_int = slice_from_s(
     |                     ----^^^^^
     |                     |
     |                     help: remove this `mut`

warning: variable does not need to be mutable
    --> /work/src/crates/backend/snowball/dict_snowball/src/stemmers/stem_iso_8859_1_english.rs:1897:21
     |
1897 |                 let mut ret_1: ::core::ffi::c_int = slice_from_s(
     |                     ----^^^^^
     |                     |
     |                     help: remove this `mut`

warning: variable does not need to be mutable
    --> /work/src/crates/backend/snowball/dict_snowball/src/stemmers/stem_iso_8859_1_english.rs:1912:17
     |
1912 |             let mut ret_3: ::core::ffi::c_int = out_grouping_b(
     |                 ----^^^^^
     |                 |
     |                 help: remove this `mut`

warning: variable does not need to be mutable
    --> /work/src/crates/backend/snowball/dict_snowball/src/stemmers/stem_iso_8859_1_english.rs:1923:17
     |
1923 |             let mut ret_4: ::core::ffi::c_int = slice_del(z);
     |                 ----^^^^^
     |                 |
     |                 help: remove this `mut`

warning: value assigned to `among_var` is never read
    --> /work/src/crates/backend/snowball/dict_snowball/src/stemmers/stem_iso_8859_1_english.rs:1837:45
     |
1837 |     let mut among_var: ::core::ffi::c_int = 0;
     |                                             ^ this value is reassigned later and never used
...
1867 |     among_var = find_among_b(z, &raw const a_2 as *const among, 6 as ::core::ffi::c_int);
     |     ------------------------------------------------------------------------------------ `among_var` is overwritten here before the previous value is read
     |
     = note: `#[warn(unused_assignments)]` (part of `#[warn(unused)]`) on by default

warning: variable does not need to be mutable
    --> /work/src/crates/backend/snowball/dict_snowball/src/stemmers/stem_iso_8859_1_english.rs:1932:21
     |
1932 | unsafe fn r_Step_1b(mut z: *mut SN_env) -> ::core::ffi::c_int {
     |                     ----^
     |                     |
     |                     help: remove this `mut`

warning: variable does not need to be mutable
    --> /work/src/crates/backend/snowball/dict_snowball/src/stemmers/stem_iso_8859_1_english.rs:1952:17
     |
1952 |             let mut ret: ::core::ffi::c_int = r_R1(z);
     |                 ----^^^
     |                 |
     |                 help: remove this `mut`

warning: variable does not need to be mutable
    --> /work/src/crates/backend/snowball/dict_snowball/src/stemmers/stem_iso_8859_1_english.rs:1956:17
     |
1956 |             let mut ret_0: ::core::ffi::c_int = slice_from_s(
     |                 ----^^^^^
     |                 |
     |                 help: remove this `mut`

warning: variable does not need to be mutable
    --> /work/src/crates/backend/snowball/dict_snowball/src/stemmers/stem_iso_8859_1_english.rs:1966:17
     |
1966 |             let mut m_test1: ::core::ffi::c_int = (*z).l - (*z).c;
     |                 ----^^^^^^^
     |                 |
     |                 help: remove this `mut`

warning: variable does not need to be mutable
    --> /work/src/crates/backend/snowball/dict_snowball/src/stemmers/stem_iso_8859_1_english.rs:1967:17
     |
1967 |             let mut ret_1: ::core::ffi::c_int = out_grouping_b(
     |                 ----^^^^^
     |                 |
     |                 help: remove this `mut`

warning: variable does not need to be mutable
    --> /work/src/crates/backend/snowball/dict_snowball/src/stemmers/stem_iso_8859_1_english.rs:1979:17
     |
1979 |             let mut ret_2: ::core::ffi::c_int = slice_del(z);
     |                 ----^^^^^
     |                 |
     |                 help: remove this `mut`

warning: variable does not need to be mutable
    --> /work/src/crates/backend/snowball/dict_snowball/src/stemmers/stem_iso_8859_1_english.rs:1985:17
     |
1985 |             let mut m_test2: ::core::ffi::c_int = (*z).l - (*z).c;
     |                 ----^^^^^^^
     |                 |
     |                 help: remove this `mut`

warning: variable does not need to be mutable
    --> /work/src/crates/backend/snowball/dict_snowball/src/stemmers/stem_iso_8859_1_english.rs:2005:25
     |
2005 |                     let mut ret_3: ::core::ffi::c_int = slice_from_s(
     |                         ----^^^^^
     |                         |
     |                         help: remove this `mut`

warning: variable does not need to be mutable
    --> /work/src/crates/backend/snowball/dict_snowball/src/stemmers/stem_iso_8859_1_english.rs:2016:25
     |
2016 |                     let mut m3: ::core::ffi::c_int = (*z).l - (*z).c;
     |                         ----^^
     |                         |
     |                         help: remove this `mut`

warning: variable does not need to be mutable
    --> /work/src/crates/backend/snowball/dict_snowball/src/stemmers/stem_iso_8859_1_english.rs:2035:25
     |
2035 |                     let mut m_test4: ::core::ffi::c_int = (*z).l - (*z).c;
     |                         ----^^^^^^^
     |                         |
     |                         help: remove this `mut`

warning: variable does not need to be mutable
    --> /work/src/crates/backend/snowball/dict_snowball/src/stemmers/stem_iso_8859_1_english.rs:2036:25
     |
2036 |                     let mut ret_4: ::core::ffi::c_int = r_shortv(z);
     |                         ----^^^^^
     |                         |
     |                         help: remove this `mut`

warning: variable does not need to be mutable
    --> /work/src/crates/backend/snowball/dict_snowball/src/stemmers/stem_iso_8859_1_english.rs:2041:25
     |
2041 |                     let mut ret_5: ::core::ffi::c_int = slice_from_s(
     |                         ----^^^^^
     |                         |
     |                         help: remove this `mut`

warning: variable does not need to be mutable
    --> /work/src/crates/backend/snowball/dict_snowball/src/stemmers/stem_iso_8859_1_english.rs:2060:17
     |
2060 |             let mut ret_6: ::core::ffi::c_int = slice_del(z);
     |                 ----^^^^^
     |                 |
     |                 help: remove this `mut`

warning: value assigned to `among_var` is never read
    --> /work/src/crates/backend/snowball/dict_snowball/src/stemmers/stem_iso_8859_1_english.rs:1933:45
     |
1933 |     let mut among_var: ::core::ffi::c_int = 0;
     |                                             ^ this value is reassigned later and never used
...
1945 |     among_var = find_among_b(z, &raw const a_4 as *const among, 6 as ::core::ffi::c_int);
     |     ------------------------------------------------------------------------------------ `among_var` is overwritten here before the previous value is read

warning: variable does not need to be mutable
    --> /work/src/crates/backend/snowball/dict_snowball/src/stemmers/stem_iso_8859_1_english.rs:2069:21
     |
2069 | unsafe fn r_Step_1c(mut z: *mut SN_env) -> ::core::ffi::c_int {
     |                     ----^
     |                     |
     |                     help: remove this `mut`

warning: variable does not need to be mutable
    --> /work/src/crates/backend/snowball/dict_snowball/src/stemmers/stem_iso_8859_1_english.rs:2071:9
     |
2071 |     let mut m1: ::core::ffi::c_int = (*z).l - (*z).c;
     |         ----^^
     |         |
     |         help: remove this `mut`

warning: variable does not need to be mutable
    --> /work/src/crates/backend/snowball/dict_snowball/src/stemmers/stem_iso_8859_1_english.rs:2099:13
     |
2099 |         let mut ret: ::core::ffi::c_int = slice_from_s(
     |             ----^^^
     |             |
     |             help: remove this `mut`

warning: variable does not need to be mutable
    --> /work/src/crates/backend/snowball/dict_snowball/src/stemmers/stem_iso_8859_1_english.rs:2112:20
     |
2112 | unsafe fn r_Step_2(mut z: *mut SN_env) -> ::core::ffi::c_int {
     |                    ----^
     |                    |
     |                    help: remove this `mut`

warning: variable does not need to be mutable
    --> /work/src/crates/backend/snowball/dict_snowball/src/stemmers/stem_iso_8859_1_english.rs:2134:9
     |
2134 |     let mut ret: ::core::ffi::c_int = r_R1(z);
     |         ----^^^
     |         |
     |         help: remove this `mut`

warning: variable does not need to be mutable
    --> /work/src/crates/backend/snowball/dict_snowball/src/stemmers/stem_iso_8859_1_english.rs:2140:17
     |
2140 |             let mut ret_0: ::core::ffi::c_int = slice_from_s(
     |                 ----^^^^^
     |                 |
     |                 help: remove this `mut`

warning: variable does not need to be mutable
    --> /work/src/crates/backend/snowball/dict_snowball/src/stemmers/stem_iso_8859_1_english.rs:2150:17
     |
2150 |             let mut ret_1: ::core::ffi::c_int = slice_from_s(
     |                 ----^^^^^
     |                 |
     |                 help: remove this `mut`

warning: variable does not need to be mutable
    --> /work/src/crates/backend/snowball/dict_snowball/src/stemmers/stem_iso_8859_1_english.rs:2160:17
     |
2160 |             let mut ret_2: ::core::ffi::c_int = slice_from_s(
     |                 ----^^^^^
     |                 |
     |                 help: remove this `mut`

warning: variable does not need to be mutable
    --> /work/src/crates/backend/snowball/dict_snowball/src/stemmers/stem_iso_8859_1_english.rs:2170:17
     |
2170 |             let mut ret_3: ::core::ffi::c_int = slice_from_s(
     |                 ----^^^^^
     |                 |
     |                 help: remove this `mut`

warning: variable does not need to be mutable
    --> /work/src/crates/backend/snowball/dict_snowball/src/stemmers/stem_iso_8859_1_english.rs:2180:17
     |
2180 |             let mut ret_4: ::core::ffi::c_int = slice_from_s(
     |                 ----^^^^^
     |                 |
     |                 help: remove this `mut`

warning: variable does not need to be mutable
    --> /work/src/crates/backend/snowball/dict_snowball/src/stemmers/stem_iso_8859_1_english.rs:2190:17
     |
2190 |             let mut ret_5: ::core::ffi::c_int = slice_from_s(
     |                 ----^^^^^
     |                 |
     |                 help: remove this `mut`

warning: variable does not need to be mutable
    --> /work/src/crates/backend/snowball/dict_snowball/src/stemmers/stem_iso_8859_1_english.rs:2200:17
     |
2200 |             let mut ret_6: ::core::ffi::c_int = slice_from_s(
     |                 ----^^^^^
     |                 |
     |                 help: remove this `mut`

warning: variable does not need to be mutable
    --> /work/src/crates/backend/snowball/dict_snowball/src/stemmers/stem_iso_8859_1_english.rs:2210:17
     |
2210 |             let mut ret_7: ::core::ffi::c_int = slice_from_s(
     |                 ----^^^^^
     |                 |
     |                 help: remove this `mut`

warning: variable does not need to be mutable
    --> /work/src/crates/backend/snowball/dict_snowball/src/stemmers/stem_iso_8859_1_english.rs:2220:17
     |
2220 |             let mut ret_8: ::core::ffi::c_int = slice_from_s(
     |                 ----^^^^^
     |                 |
     |                 help: remove this `mut`

warning: variable does not need to be mutable
    --> /work/src/crates/backend/snowball/dict_snowball/src/stemmers/stem_iso_8859_1_english.rs:2230:17
     |
2230 |             let mut ret_9: ::core::ffi::c_int = slice_from_s(
     |                 ----^^^^^
     |                 |
     |                 help: remove this `mut`

warning: variable does not need to be mutable
    --> /work/src/crates/backend/snowball/dict_snowball/src/stemmers/stem_iso_8859_1_english.rs:2240:17
     |
2240 |             let mut ret_10: ::core::ffi::c_int = slice_from_s(
     |                 ----^^^^^^
     |                 |
     |                 help: remove this `mut`

warning: variable does not need to be mutable
    --> /work/src/crates/backend/snowball/dict_snowball/src/stemmers/stem_iso_8859_1_english.rs:2250:17
     |
2250 |             let mut ret_11: ::core::ffi::c_int = slice_from_s(
     |                 ----^^^^^^
     |                 |
     |                 help: remove this `mut`

warning: variable does not need to be mutable
    --> /work/src/crates/backend/snowball/dict_snowball/src/stemmers/stem_iso_8859_1_english.rs:2267:17
     |
2267 |             let mut ret_12: ::core::ffi::c_int = slice_from_s(
     |                 ----^^^^^^
     |                 |
     |                 help: remove this `mut`

warning: variable does not need to be mutable
    --> /work/src/crates/backend/snowball/dict_snowball/src/stemmers/stem_iso_8859_1_english.rs:2277:17
     |
2277 |             let mut ret_13: ::core::ffi::c_int = slice_from_s(
     |                 ----^^^^^^
     |                 |
     |                 help: remove this `mut`

warning: variable does not need to be mutable
    --> /work/src/crates/backend/snowball/dict_snowball/src/stemmers/stem_iso_8859_1_english.rs:2297:17
     |
2297 |             let mut ret_14: ::core::ffi::c_int = slice_del(z);
     |                 ----^^^^^^
     |                 |
     |                 help: remove this `mut`

warning: value assigned to `among_var` is never read
    --> /work/src/crates/backend/snowball/dict_snowball/src/stemmers/stem_iso_8859_1_english.rs:2113:45
     |
2113 |       let mut among_var: ::core::ffi::c_int = 0;
     |                                               ^ this value is reassigned later and never used
...
2125 | /     among_var = find_among_b(
2126 | |         z,
2127 | |         &raw const a_5 as *const among,
2128 | |         24 as ::core::ffi::c_int,
2129 | |     );
     | |_____- `among_var` is overwritten here before the previous value is read

warning: variable does not need to be mutable
    --> /work/src/crates/backend/snowball/dict_snowball/src/stemmers/stem_iso_8859_1_english.rs:2306:20
     |
2306 | unsafe fn r_Step_3(mut z: *mut SN_env) -> ::core::ffi::c_int {
     |                    ----^
     |                    |
     |                    help: remove this `mut`

warning: variable does not need to be mutable
    --> /work/src/crates/backend/snowball/dict_snowball/src/stemmers/stem_iso_8859_1_english.rs:2324:9
     |
2324 |     let mut ret: ::core::ffi::c_int = r_R1(z);
     |         ----^^^
     |         |
     |         help: remove this `mut`

warning: variable does not need to be mutable
    --> /work/src/crates/backend/snowball/dict_snowball/src/stemmers/stem_iso_8859_1_english.rs:2330:17
     |
2330 |             let mut ret_0: ::core::ffi::c_int = slice_from_s(
     |                 ----^^^^^
     |                 |
     |                 help: remove this `mut`

warning: variable does not need to be mutable
    --> /work/src/crates/backend/snowball/dict_snowball/src/stemmers/stem_iso_8859_1_english.rs:2340:17
     |
2340 |             let mut ret_1: ::core::ffi::c_int = slice_from_s(
     |                 ----^^^^^
     |                 |
     |                 help: remove this `mut`

warning: variable does not need to be mutable
    --> /work/src/crates/backend/snowball/dict_snowball/src/stemmers/stem_iso_8859_1_english.rs:2350:17
     |
2350 |             let mut ret_2: ::core::ffi::c_int = slice_from_s(
     |                 ----^^^^^
     |                 |
     |                 help: remove this `mut`

warning: variable does not need to be mutable
    --> /work/src/crates/backend/snowball/dict_snowball/src/stemmers/stem_iso_8859_1_english.rs:2360:17
     |
2360 |             let mut ret_3: ::core::ffi::c_int = slice_from_s(
     |                 ----^^^^^
     |                 |
     |                 help: remove this `mut`

warning: variable does not need to be mutable
    --> /work/src/crates/backend/snowball/dict_snowball/src/stemmers/stem_iso_8859_1_english.rs:2370:17
     |
2370 |             let mut ret_4: ::core::ffi::c_int = slice_del(z);
     |                 ----^^^^^
     |                 |
     |                 help: remove this `mut`

warning: variable does not need to be mutable
    --> /work/src/crates/backend/snowball/dict_snowball/src/stemmers/stem_iso_8859_1_english.rs:2376:17
     |
2376 |             let mut ret_5: ::core::ffi::c_int = r_R2(z);
     |                 ----^^^^^
     |                 |
     |                 help: remove this `mut`

warning: variable does not need to be mutable
    --> /work/src/crates/backend/snowball/dict_snowball/src/stemmers/stem_iso_8859_1_english.rs:2380:17
     |
2380 |             let mut ret_6: ::core::ffi::c_int = slice_del(z);
     |                 ----^^^^^
     |                 |
     |                 help: remove this `mut`

warning: value assigned to `among_var` is never read
    --> /work/src/crates/backend/snowball/dict_snowball/src/stemmers/stem_iso_8859_1_english.rs:2307:45
     |
2307 |     let mut among_var: ::core::ffi::c_int = 0;
     |                                             ^ this value is reassigned later and never used
...
2319 |     among_var = find_among_b(z, &raw const a_6 as *const among, 9 as ::core::ffi::c_int);
     |     ------------------------------------------------------------------------------------ `among_var` is overwritten here before the previous value is read

warning: variable does not need to be mutable
    --> /work/src/crates/backend/snowball/dict_snowball/src/stemmers/stem_iso_8859_1_english.rs:2389:20
     |
2389 | unsafe fn r_Step_4(mut z: *mut SN_env) -> ::core::ffi::c_int {
     |                    ----^
     |                    |
     |                    help: remove this `mut`

warning: variable does not need to be mutable
    --> /work/src/crates/backend/snowball/dict_snowball/src/stemmers/stem_iso_8859_1_english.rs:2411:9
     |
2411 |     let mut ret: ::core::ffi::c_int = r_R2(z);
     |         ----^^^
     |         |
     |         help: remove this `mut`

warning: variable does not need to be mutable
    --> /work/src/crates/backend/snowball/dict_snowball/src/stemmers/stem_iso_8859_1_english.rs:2417:17
     |
2417 |             let mut ret_0: ::core::ffi::c_int = slice_del(z);
     |                 ----^^^^^
     |                 |
     |                 help: remove this `mut`

warning: variable does not need to be mutable
    --> /work/src/crates/backend/snowball/dict_snowball/src/stemmers/stem_iso_8859_1_english.rs:2423:17
     |
2423 |             let mut m1: ::core::ffi::c_int = (*z).l - (*z).c;
     |                 ----^^
     |                 |
     |                 help: remove this `mut`

warning: variable does not need to be mutable
    --> /work/src/crates/backend/snowball/dict_snowball/src/stemmers/stem_iso_8859_1_english.rs:2439:17
     |
2439 |             let mut ret_1: ::core::ffi::c_int = slice_del(z);
     |                 ----^^^^^
     |                 |
     |                 help: remove this `mut`

warning: value assigned to `among_var` is never read
    --> /work/src/crates/backend/snowball/dict_snowball/src/stemmers/stem_iso_8859_1_english.rs:2390:45
     |
2390 |       let mut among_var: ::core::ffi::c_int = 0;
     |                                               ^ this value is reassigned later and never used
...
2402 | /     among_var = find_among_b(
2403 | |         z,
2404 | |         &raw const a_7 as *const among,
2405 | |         18 as ::core::ffi::c_int,
2406 | |     );
     | |_____- `among_var` is overwritten here before the previous value is read

warning: variable does not need to be mutable
    --> /work/src/crates/backend/snowball/dict_snowball/src/stemmers/stem_iso_8859_1_english.rs:2448:20
     |
2448 | unsafe fn r_Step_5(mut z: *mut SN_env) -> ::core::ffi::c_int {
     |                    ----^
     |                    |
     |                    help: remove this `mut`

warning: variable does not need to be mutable
    --> /work/src/crates/backend/snowball/dict_snowball/src/stemmers/stem_iso_8859_1_english.rs:2466:17
     |
2466 |             let mut ret: ::core::ffi::c_int = r_R2(z);
     |                 ----^^^
     |                 |
     |                 help: remove this `mut`

warning: variable does not need to be mutable
    --> /work/src/crates/backend/snowball/dict_snowball/src/stemmers/stem_iso_8859_1_english.rs:2468:21
     |
2468 |                 let mut ret_0: ::core::ffi::c_int = r_R1(z);
     |                     ----^^^^^
     |                     |
     |                     help: remove this `mut`

warning: variable does not need to be mutable
    --> /work/src/crates/backend/snowball/dict_snowball/src/stemmers/stem_iso_8859_1_english.rs:2472:21
     |
2472 |                 let mut m1: ::core::ffi::c_int = (*z).l - (*z).c;
     |                     ----^^
     |                     |
     |                     help: remove this `mut`

warning: variable does not need to be mutable
    --> /work/src/crates/backend/snowball/dict_snowball/src/stemmers/stem_iso_8859_1_english.rs:2473:21
     |
2473 |                 let mut ret_1: ::core::ffi::c_int = r_shortv(z);
     |                     ----^^^^^
     |                     |
     |                     help: remove this `mut`

warning: variable does not need to be mutable
    --> /work/src/crates/backend/snowball/dict_snowball/src/stemmers/stem_iso_8859_1_english.rs:2485:17
     |
2485 |             let mut ret_2: ::core::ffi::c_int = slice_del(z);
     |                 ----^^^^^
     |                 |
     |                 help: remove this `mut`

warning: variable does not need to be mutable
    --> /work/src/crates/backend/snowball/dict_snowball/src/stemmers/stem_iso_8859_1_english.rs:2491:17
     |
2491 |             let mut ret_3: ::core::ffi::c_int = r_R2(z);
     |                 ----^^^^^
     |                 |
     |                 help: remove this `mut`

warning: variable does not need to be mutable
    --> /work/src/crates/backend/snowball/dict_snowball/src/stemmers/stem_iso_8859_1_english.rs:2502:17
     |
2502 |             let mut ret_4: ::core::ffi::c_int = slice_del(z);
     |                 ----^^^^^
     |                 |
     |                 help: remove this `mut`

warning: value assigned to `among_var` is never read
    --> /work/src/crates/backend/snowball/dict_snowball/src/stemmers/stem_iso_8859_1_english.rs:2449:45
     |
2449 |     let mut among_var: ::core::ffi::c_int = 0;
     |                                             ^ this value is reassigned later and never used
...
2459 |     among_var = find_among_b(z, &raw const a_8 as *const among, 2 as ::core::ffi::c_int);
     |     ------------------------------------------------------------------------------------ `among_var` is overwritten here before the previous value is read

warning: variable does not need to be mutable
    --> /work/src/crates/backend/snowball/dict_snowball/src/stemmers/stem_iso_8859_1_english.rs:2511:24
     |
2511 | unsafe fn r_exception2(mut z: *mut SN_env) -> ::core::ffi::c_int {
     |                        ----^
     |                        |
     |                        help: remove this `mut`

warning: variable does not need to be mutable
    --> /work/src/crates/backend/snowball/dict_snowball/src/stemmers/stem_iso_8859_1_english.rs:2530:24
     |
2530 | unsafe fn r_exception1(mut z: *mut SN_env) -> ::core::ffi::c_int {
     |                        ----^
     |                        |
     |                        help: remove this `mut`

warning: variable does not need to be mutable
    --> /work/src/crates/backend/snowball/dict_snowball/src/stemmers/stem_iso_8859_1_english.rs:2553:17
     |
2553 |             let mut ret: ::core::ffi::c_int = slice_from_s(
     |                 ----^^^
     |                 |
     |                 help: remove this `mut`

warning: variable does not need to be mutable
    --> /work/src/crates/backend/snowball/dict_snowball/src/stemmers/stem_iso_8859_1_english.rs:2563:17
     |
2563 |             let mut ret_0: ::core::ffi::c_int = slice_from_s(
     |                 ----^^^^^
     |                 |
     |                 help: remove this `mut`

warning: variable does not need to be mutable
    --> /work/src/crates/backend/snowball/dict_snowball/src/stemmers/stem_iso_8859_1_english.rs:2573:17
     |
2573 |             let mut ret_1: ::core::ffi::c_int = slice_from_s(
     |                 ----^^^^^
     |                 |
     |                 help: remove this `mut`

warning: variable does not need to be mutable
    --> /work/src/crates/backend/snowball/dict_snowball/src/stemmers/stem_iso_8859_1_english.rs:2583:17
     |
2583 |             let mut ret_2: ::core::ffi::c_int = slice_from_s(
     |                 ----^^^^^
     |                 |
     |                 help: remove this `mut`

warning: variable does not need to be mutable
    --> /work/src/crates/backend/snowball/dict_snowball/src/stemmers/stem_iso_8859_1_english.rs:2593:17
     |
2593 |             let mut ret_3: ::core::ffi::c_int = slice_from_s(
     |                 ----^^^^^
     |                 |
     |                 help: remove this `mut`

warning: variable does not need to be mutable
    --> /work/src/crates/backend/snowball/dict_snowball/src/stemmers/stem_iso_8859_1_english.rs:2603:17
     |
2603 |             let mut ret_4: ::core::ffi::c_int = slice_from_s(
     |                 ----^^^^^
     |                 |
     |                 help: remove this `mut`

warning: variable does not need to be mutable
    --> /work/src/crates/backend/snowball/dict_snowball/src/stemmers/stem_iso_8859_1_english.rs:2613:17
     |
2613 |             let mut ret_5: ::core::ffi::c_int = slice_from_s(
     |                 ----^^^^^
     |                 |
     |                 help: remove this `mut`

warning: variable does not need to be mutable
    --> /work/src/crates/backend/snowball/dict_snowball/src/stemmers/stem_iso_8859_1_english.rs:2623:17
     |
2623 |             let mut ret_6: ::core::ffi::c_int = slice_from_s(
     |                 ----^^^^^
     |                 |
     |                 help: remove this `mut`

warning: variable does not need to be mutable
    --> /work/src/crates/backend/snowball/dict_snowball/src/stemmers/stem_iso_8859_1_english.rs:2633:17
     |
2633 |             let mut ret_7: ::core::ffi::c_int = slice_from_s(
     |                 ----^^^^^
     |                 |
     |                 help: remove this `mut`

warning: variable does not need to be mutable
    --> /work/src/crates/backend/snowball/dict_snowball/src/stemmers/stem_iso_8859_1_english.rs:2643:17
     |
2643 |             let mut ret_8: ::core::ffi::c_int = slice_from_s(
     |                 ----^^^^^
     |                 |
     |                 help: remove this `mut`

warning: variable does not need to be mutable
    --> /work/src/crates/backend/snowball/dict_snowball/src/stemmers/stem_iso_8859_1_english.rs:2653:17
     |
2653 |             let mut ret_9: ::core::ffi::c_int = slice_from_s(
     |                 ----^^^^^
     |                 |
     |                 help: remove this `mut`

warning: value assigned to `among_var` is never read
    --> /work/src/crates/backend/snowball/dict_snowball/src/stemmers/stem_iso_8859_1_english.rs:2531:45
     |
2531 |     let mut among_var: ::core::ffi::c_int = 0;
     |                                             ^ this value is reassigned later and never used
...
2543 |     among_var = find_among(z, &raw const a_10 as *const among, 18 as ::core::ffi::c_int);
     |     ------------------------------------------------------------------------------------ `among_var` is overwritten here before the previous value is read

warning: variable does not need to be mutable
    --> /work/src/crates/backend/snowball/dict_snowball/src/stemmers/stem_iso_8859_1_english.rs:2666:22
     |
2666 | unsafe fn r_postlude(mut z: *mut SN_env) -> ::core::ffi::c_int {
     |                      ----^
     |                      |
     |                      help: remove this `mut`

warning: variable does not need to be mutable
    --> /work/src/crates/backend/snowball/dict_snowball/src/stemmers/stem_iso_8859_1_english.rs:2672:13
     |
2672 |         let mut c1: ::core::ffi::c_int = (*z).c;
     |             ----^^
     |             |
     |             help: remove this `mut`

warning: variable does not need to be mutable
    --> /work/src/crates/backend/snowball/dict_snowball/src/stemmers/stem_iso_8859_1_english.rs:2674:17
     |
2674 |             let mut c2: ::core::ffi::c_int = (*z).c;
     |                 ----^^
     |                 |
     |                 help: remove this `mut`

warning: variable does not need to be mutable
    --> /work/src/crates/backend/snowball/dict_snowball/src/stemmers/stem_iso_8859_1_english.rs:2695:21
     |
2695 |                 let mut ret: ::core::ffi::c_int = slice_from_s(
     |                     ----^^^
     |                     |
     |                     help: remove this `mut`

warning: variable does not need to be mutable
    --> /work/src/crates/backend/snowball/dict_snowball/src/stemmers/stem_iso_8859_1_english.rs:2713:5
     |
2713 |     mut z: *mut SN_env,
     |     ----^
     |     |
     |     help: remove this `mut`

warning: variable does not need to be mutable
    --> /work/src/crates/backend/snowball/dict_snowball/src/stemmers/stem_iso_8859_1_english.rs:2715:9
     |
2715 |     let mut c1: ::core::ffi::c_int = (*z).c;
     |         ----^^
     |         |
     |         help: remove this `mut`

warning: variable does not need to be mutable
    --> /work/src/crates/backend/snowball/dict_snowball/src/stemmers/stem_iso_8859_1_english.rs:2716:9
     |
2716 |     let mut ret: ::core::ffi::c_int = r_exception1(z);
     |         ----^^^
     |         |
     |         help: remove this `mut`

warning: variable does not need to be mutable
    --> /work/src/crates/backend/snowball/dict_snowball/src/stemmers/stem_iso_8859_1_english.rs:2719:13
     |
2719 |         let mut c2: ::core::ffi::c_int = (*z).c;
     |             ----^^
     |             |
     |             help: remove this `mut`

warning: variable does not need to be mutable
    --> /work/src/crates/backend/snowball/dict_snowball/src/stemmers/stem_iso_8859_1_english.rs:2725:17
     |
2725 |             let mut ret_0: ::core::ffi::c_int = r_prelude(z);
     |                 ----^^^^^
     |                 |
     |                 help: remove this `mut`

warning: variable does not need to be mutable
    --> /work/src/crates/backend/snowball/dict_snowball/src/stemmers/stem_iso_8859_1_english.rs:2729:17
     |
2729 |             let mut ret_1: ::core::ffi::c_int = r_mark_regions(z);
     |                 ----^^^^^
     |                 |
     |                 help: remove this `mut`

warning: variable does not need to be mutable
    --> /work/src/crates/backend/snowball/dict_snowball/src/stemmers/stem_iso_8859_1_english.rs:2735:17
     |
2735 |             let mut m3: ::core::ffi::c_int = (*z).l - (*z).c;
     |                 ----^^
     |                 |
     |                 help: remove this `mut`

warning: variable does not need to be mutable
    --> /work/src/crates/backend/snowball/dict_snowball/src/stemmers/stem_iso_8859_1_english.rs:2736:17
     |
2736 |             let mut ret_2: ::core::ffi::c_int = r_Step_1a(z);
     |                 ----^^^^^
     |                 |
     |                 help: remove this `mut`

warning: variable does not need to be mutable
    --> /work/src/crates/backend/snowball/dict_snowball/src/stemmers/stem_iso_8859_1_english.rs:2741:17
     |
2741 |             let mut m4: ::core::ffi::c_int = (*z).l - (*z).c;
     |                 ----^^
     |                 |
     |                 help: remove this `mut`

warning: variable does not need to be mutable
    --> /work/src/crates/backend/snowball/dict_snowball/src/stemmers/stem_iso_8859_1_english.rs:2742:17
     |
2742 |             let mut ret_3: ::core::ffi::c_int = r_exception2(z);
     |                 ----^^^^^
     |                 |
     |                 help: remove this `mut`

warning: variable does not need to be mutable
    --> /work/src/crates/backend/snowball/dict_snowball/src/stemmers/stem_iso_8859_1_english.rs:2745:21
     |
2745 |                 let mut m5: ::core::ffi::c_int = (*z).l - (*z).c;
     |                     ----^^
     |                     |
     |                     help: remove this `mut`

warning: variable does not need to be mutable
    --> /work/src/crates/backend/snowball/dict_snowball/src/stemmers/stem_iso_8859_1_english.rs:2746:21
     |
2746 |                 let mut ret_4: ::core::ffi::c_int = r_Step_1b(z);
     |                     ----^^^^^
     |                     |
     |                     help: remove this `mut`

warning: variable does not need to be mutable
    --> /work/src/crates/backend/snowball/dict_snowball/src/stemmers/stem_iso_8859_1_english.rs:2751:21
     |
2751 |                 let mut m6: ::core::ffi::c_int = (*z).l - (*z).c;
     |                     ----^^
     |                     |
     |                     help: remove this `mut`

warning: variable does not need to be mutable
    --> /work/src/crates/backend/snowball/dict_snowball/src/stemmers/stem_iso_8859_1_english.rs:2752:21
     |
2752 |                 let mut ret_5: ::core::ffi::c_int = r_Step_1c(z);
     |                     ----^^^^^
     |                     |
     |                     help: remove this `mut`

warning: variable does not need to be mutable
    --> /work/src/crates/backend/snowball/dict_snowball/src/stemmers/stem_iso_8859_1_english.rs:2757:21
     |
2757 |                 let mut m7: ::core::ffi::c_int = (*z).l - (*z).c;
     |                     ----^^
     |                     |
     |                     help: remove this `mut`

warning: variable does not need to be mutable
    --> /work/src/crates/backend/snowball/dict_snowball/src/stemmers/stem_iso_8859_1_english.rs:2758:21
     |
2758 |                 let mut ret_6: ::core::ffi::c_int = r_Step_2(z);
     |                     ----^^^^^
     |                     |
     |                     help: remove this `mut`

warning: variable does not need to be mutable
    --> /work/src/crates/backend/snowball/dict_snowball/src/stemmers/stem_iso_8859_1_english.rs:2763:21
     |
2763 |                 let mut m8: ::core::ffi::c_int = (*z).l - (*z).c;
     |                     ----^^
     |                     |
     |                     help: remove this `mut`

warning: variable does not need to be mutable
    --> /work/src/crates/backend/snowball/dict_snowball/src/stemmers/stem_iso_8859_1_english.rs:2764:21
     |
2764 |                 let mut ret_7: ::core::ffi::c_int = r_Step_3(z);
     |                     ----^^^^^
     |                     |
     |                     help: remove this `mut`

warning: variable does not need to be mutable
    --> /work/src/crates/backend/snowball/dict_snowball/src/stemmers/stem_iso_8859_1_english.rs:2769:21
     |
2769 |                 let mut m9: ::core::ffi::c_int = (*z).l - (*z).c;
     |                     ----^^
     |                     |
     |                     help: remove this `mut`

warning: variable does not need to be mutable
    --> /work/src/crates/backend/snowball/dict_snowball/src/stemmers/stem_iso_8859_1_english.rs:2770:21
     |
2770 |                 let mut ret_8: ::core::ffi::c_int = r_Step_4(z);
     |                     ----^^^^^
     |                     |
     |                     help: remove this `mut`

warning: variable does not need to be mutable
    --> /work/src/crates/backend/snowball/dict_snowball/src/stemmers/stem_iso_8859_1_english.rs:2775:21
     |
2775 |                 let mut m10: ::core::ffi::c_int = (*z).l - (*z).c;
     |                     ----^^^
     |                     |
     |                     help: remove this `mut`

warning: variable does not need to be mutable
    --> /work/src/crates/backend/snowball/dict_snowball/src/stemmers/stem_iso_8859_1_english.rs:2776:21
     |
2776 |                 let mut ret_9: ::core::ffi::c_int = r_Step_5(z);
     |                     ----^^^^^
     |                     |
     |                     help: remove this `mut`

warning: variable does not need to be mutable
    --> /work/src/crates/backend/snowball/dict_snowball/src/stemmers/stem_iso_8859_1_english.rs:2785:17
     |
2785 |             let mut c11: ::core::ffi::c_int = (*z).c;
     |                 ----^^^
     |                 |
     |                 help: remove this `mut`

warning: variable does not need to be mutable
    --> /work/src/crates/backend/snowball/dict_snowball/src/stemmers/stem_iso_8859_1_english.rs:2786:17
     |
2786 |             let mut ret_10: ::core::ffi::c_int = r_postlude(z);
     |                 ----^^^^^^
     |                 |
     |                 help: remove this `mut`

warning: variable does not need to be mutable
    --> /work/src/crates/backend/snowball/dict_snowball/src/stemmers/stem_iso_8859_1_english.rs:2800:44
     |
2800 | pub unsafe fn english_ISO_8859_1_close_env(mut z: *mut SN_env) {
     |                                            ----^
     |                                            |
     |                                            help: remove this `mut`

warning: unnecessary `unsafe` block
  --> /work/src/crates/backend/snowball/dict_snowball/src/stemmers/stem_utf8_english.rs:33:30
   |
33 | static mut a_0: [among; 3] = unsafe {
   |                              ^^^^^^ unnecessary `unsafe` block

warning: unnecessary `unsafe` block
  --> /work/src/crates/backend/snowball/dict_snowball/src/stemmers/stem_utf8_english.rs:65:30
   |
65 | static mut a_1: [among; 3] = unsafe {
   |                              ^^^^^^ unnecessary `unsafe` block

warning: unnecessary `unsafe` block
   --> /work/src/crates/backend/snowball/dict_snowball/src/stemmers/stem_utf8_english.rs:109:30
    |
109 | static mut a_2: [among; 6] = unsafe {
    |                              ^^^^^^ unnecessary `unsafe` block

warning: unnecessary `unsafe` block
   --> /work/src/crates/backend/snowball/dict_snowball/src/stemmers/stem_utf8_english.rs:167:31
    |
167 | static mut a_3: [among; 13] = unsafe {
    |                               ^^^^^^ unnecessary `unsafe` block

warning: unnecessary `unsafe` block
   --> /work/src/crates/backend/snowball/dict_snowball/src/stemmers/stem_utf8_english.rs:293:30
    |
293 | static mut a_4: [among; 6] = unsafe {
    |                              ^^^^^^ unnecessary `unsafe` block

warning: unnecessary `unsafe` block
   --> /work/src/crates/backend/snowball/dict_snowball/src/stemmers/stem_utf8_english.rs:504:31
    |
504 | static mut a_5: [among; 24] = unsafe {
    |                               ^^^^^^ unnecessary `unsafe` block

warning: unnecessary `unsafe` block
   --> /work/src/crates/backend/snowball/dict_snowball/src/stemmers/stem_utf8_english.rs:738:30
    |
738 | static mut a_6: [among; 9] = unsafe {
    |                              ^^^^^^ unnecessary `unsafe` block

warning: unnecessary `unsafe` block
   --> /work/src/crates/backend/snowball/dict_snowball/src/stemmers/stem_utf8_english.rs:890:31
    |
890 | static mut a_7: [among; 18] = unsafe {
    |                               ^^^^^^ unnecessary `unsafe` block

warning: unnecessary `unsafe` block
    --> /work/src/crates/backend/snowball/dict_snowball/src/stemmers/stem_utf8_english.rs:1022:30
     |
1022 | static mut a_8: [among; 2] = unsafe {
     |                              ^^^^^^ unnecessary `unsafe` block

warning: unnecessary `unsafe` block
    --> /work/src/crates/backend/snowball/dict_snowball/src/stemmers/stem_utf8_english.rs:1109:30
     |
1109 | static mut a_9: [among; 8] = unsafe {
     |                              ^^^^^^ unnecessary `unsafe` block

warning: unnecessary `unsafe` block
    --> /work/src/crates/backend/snowball/dict_snowball/src/stemmers/stem_utf8_english.rs:1289:32
     |
1289 | static mut a_10: [among; 18] = unsafe {
     |                                ^^^^^^ unnecessary `unsafe` block

warning: variable does not need to be mutable
    --> /work/src/crates/backend/snowball/dict_snowball/src/stemmers/stem_utf8_english.rs:1594:21
     |
1594 | unsafe fn r_prelude(mut z: *mut SN_env) -> ::core::ffi::c_int {
     |                     ----^
     |                     |
     |                     help: remove this `mut`

warning: variable does not need to be mutable
    --> /work/src/crates/backend/snowball/dict_snowball/src/stemmers/stem_utf8_english.rs:1597:9
     |
1597 |     let mut c1: ::core::ffi::c_int = (*z).c;
     |         ----^^
     |         |
     |         help: remove this `mut`

warning: variable does not need to be mutable
    --> /work/src/crates/backend/snowball/dict_snowball/src/stemmers/stem_utf8_english.rs:1604:13
     |
1604 |         let mut ret: ::core::ffi::c_int = slice_del(z);
     |             ----^^^
     |             |
     |             help: remove this `mut`

warning: variable does not need to be mutable
    --> /work/src/crates/backend/snowball/dict_snowball/src/stemmers/stem_utf8_english.rs:1610:9
     |
1610 |     let mut c2: ::core::ffi::c_int = (*z).c;
     |         ----^^
     |         |
     |         help: remove this `mut`

warning: variable does not need to be mutable
    --> /work/src/crates/backend/snowball/dict_snowball/src/stemmers/stem_utf8_english.rs:1617:13
     |
1617 |         let mut ret_0: ::core::ffi::c_int = slice_from_s(
     |             ----^^^^^
     |             |
     |             help: remove this `mut`

warning: variable does not need to be mutable
    --> /work/src/crates/backend/snowball/dict_snowball/src/stemmers/stem_utf8_english.rs:1628:9
     |
1628 |     let mut c3: ::core::ffi::c_int = (*z).c;
     |         ----^^
     |         |
     |         help: remove this `mut`

warning: variable does not need to be mutable
    --> /work/src/crates/backend/snowball/dict_snowball/src/stemmers/stem_utf8_english.rs:1630:13
     |
1630 |         let mut c4: ::core::ffi::c_int = (*z).c;
     |             ----^^
     |             |
     |             help: remove this `mut`

warning: variable does not need to be mutable
    --> /work/src/crates/backend/snowball/dict_snowball/src/stemmers/stem_utf8_english.rs:1632:17
     |
1632 |             let mut c5: ::core::ffi::c_int = (*z).c;
     |                 ----^^
     |                 |
     |                 help: remove this `mut`

warning: variable does not need to be mutable
    --> /work/src/crates/backend/snowball/dict_snowball/src/stemmers/stem_utf8_english.rs:1654:17
     |
1654 |             let mut ret_1: ::core::ffi::c_int = skip_utf8(
     |                 ----^^^^^
     |                 |
     |                 help: remove this `mut`

warning: variable does not need to be mutable
    --> /work/src/crates/backend/snowball/dict_snowball/src/stemmers/stem_utf8_english.rs:1672:21
     |
1672 |                 let mut ret_2: ::core::ffi::c_int = slice_from_s(
     |                     ----^^^^^
     |                     |
     |                     help: remove this `mut`

warning: variable does not need to be mutable
    --> /work/src/crates/backend/snowball/dict_snowball/src/stemmers/stem_utf8_english.rs:1688:26
     |
1688 | unsafe fn r_mark_regions(mut z: *mut SN_env) -> ::core::ffi::c_int {
     |                          ----^
     |                          |
     |                          help: remove this `mut`

warning: variable does not need to be mutable
    --> /work/src/crates/backend/snowball/dict_snowball/src/stemmers/stem_utf8_english.rs:1692:9
     |
1692 |     let mut c1: ::core::ffi::c_int = (*z).c;
     |         ----^^
     |         |
     |         help: remove this `mut`

warning: variable does not need to be mutable
    --> /work/src/crates/backend/snowball/dict_snowball/src/stemmers/stem_utf8_english.rs:1693:9
     |
1693 |     let mut c2: ::core::ffi::c_int = (*z).c;
     |         ----^^
     |         |
     |         help: remove this `mut`

warning: variable does not need to be mutable
    --> /work/src/crates/backend/snowball/dict_snowball/src/stemmers/stem_utf8_english.rs:1712:17
     |
1712 |             let mut ret: ::core::ffi::c_int = out_grouping_U(
     |                 ----^^^
     |                 |
     |                 help: remove this `mut`

warning: variable does not need to be mutable
    --> /work/src/crates/backend/snowball/dict_snowball/src/stemmers/stem_utf8_english.rs:1723:21
     |
1723 |                 let mut ret_0: ::core::ffi::c_int = in_grouping_U(
     |                     ----^^^^^
     |                     |
     |                     help: remove this `mut`

warning: variable does not need to be mutable
    --> /work/src/crates/backend/snowball/dict_snowball/src/stemmers/stem_utf8_english.rs:1743:17
     |
1743 |             let mut ret_1: ::core::ffi::c_int = out_grouping_U(
     |                 ----^^^^^
     |                 |
     |                 help: remove this `mut`

warning: variable does not need to be mutable
    --> /work/src/crates/backend/snowball/dict_snowball/src/stemmers/stem_utf8_english.rs:1752:21
     |
1752 |                 let mut ret_2: ::core::ffi::c_int = in_grouping_U(
     |                     ----^^^^^
     |                     |
     |                     help: remove this `mut`

warning: variable does not need to be mutable
    --> /work/src/crates/backend/snowball/dict_snowball/src/stemmers/stem_utf8_english.rs:1770:20
     |
1770 | unsafe fn r_shortv(mut z: *mut SN_env) -> ::core::ffi::c_int {
     |                    ----^
     |                    |
     |                    help: remove this `mut`

warning: variable does not need to be mutable
    --> /work/src/crates/backend/snowball/dict_snowball/src/stemmers/stem_utf8_english.rs:1771:9
     |
1771 |     let mut current_block: u64;
     |         ----^^^^^^^^^^^^^
     |         |
     |         help: remove this `mut`

warning: variable does not need to be mutable
    --> /work/src/crates/backend/snowball/dict_snowball/src/stemmers/stem_utf8_english.rs:1772:9
     |
1772 |     let mut m1: ::core::ffi::c_int = (*z).l - (*z).c;
     |         ----^^
     |         |
     |         help: remove this `mut`

warning: variable does not need to be mutable
    --> /work/src/crates/backend/snowball/dict_snowball/src/stemmers/stem_utf8_english.rs:1834:16
     |
1834 | unsafe fn r_R1(mut z: *mut SN_env) -> ::core::ffi::c_int {
     |                ----^
     |                |
     |                help: remove this `mut`

warning: variable does not need to be mutable
    --> /work/src/crates/backend/snowball/dict_snowball/src/stemmers/stem_utf8_english.rs:1838:16
     |
1838 | unsafe fn r_R2(mut z: *mut SN_env) -> ::core::ffi::c_int {
     |                ----^
     |                |
     |                help: remove this `mut`

warning: variable does not need to be mutable
    --> /work/src/crates/backend/snowball/dict_snowball/src/stemmers/stem_utf8_english.rs:1842:21
     |
1842 | unsafe fn r_Step_1a(mut z: *mut SN_env) -> ::core::ffi::c_int {
     |                     ----^
     |                     |
     |                     help: remove this `mut`

warning: variable does not need to be mutable
    --> /work/src/crates/backend/snowball/dict_snowball/src/stemmers/stem_utf8_english.rs:1844:9
     |
1844 |     let mut m1: ::core::ffi::c_int = (*z).l - (*z).c;
     |         ----^^
     |         |
     |         help: remove this `mut`

warning: variable does not need to be mutable
    --> /work/src/crates/backend/snowball/dict_snowball/src/stemmers/stem_utf8_english.rs:1859:13
     |
1859 |         let mut ret: ::core::ffi::c_int = slice_del(z);
     |             ----^^^
     |             |
     |             help: remove this `mut`

warning: variable does not need to be mutable
    --> /work/src/crates/backend/snowball/dict_snowball/src/stemmers/stem_utf8_english.rs:1880:17
     |
1880 |             let mut ret_0: ::core::ffi::c_int = slice_from_s(
     |                 ----^^^^^
     |                 |
     |                 help: remove this `mut`

warning: variable does not need to be mutable
    --> /work/src/crates/backend/snowball/dict_snowball/src/stemmers/stem_utf8_english.rs:1890:17
     |
1890 |             let mut m2: ::core::ffi::c_int = (*z).l - (*z).c;
     |                 ----^^
     |                 |
     |                 help: remove this `mut`

warning: variable does not need to be mutable
    --> /work/src/crates/backend/snowball/dict_snowball/src/stemmers/stem_utf8_english.rs:1891:17
     |
1891 |             let mut ret_1: ::core::ffi::c_int = skip_b_utf8(
     |                 ----^^^^^
     |                 |
     |                 help: remove this `mut`

warning: variable does not need to be mutable
    --> /work/src/crates/backend/snowball/dict_snowball/src/stemmers/stem_utf8_english.rs:1899:21
     |
1899 |                 let mut ret_3: ::core::ffi::c_int = slice_from_s(
     |                     ----^^^^^
     |                     |
     |                     help: remove this `mut`

warning: variable does not need to be mutable
    --> /work/src/crates/backend/snowball/dict_snowball/src/stemmers/stem_utf8_english.rs:1909:21
     |
1909 |                 let mut ret_2: ::core::ffi::c_int = slice_from_s(
     |                     ----^^^^^
     |                     |
     |                     help: remove this `mut`

warning: variable does not need to be mutable
    --> /work/src/crates/backend/snowball/dict_snowball/src/stemmers/stem_utf8_english.rs:1920:17
     |
1920 |             let mut ret_4: ::core::ffi::c_int = skip_b_utf8(
     |                 ----^^^^^
     |                 |
     |                 help: remove this `mut`

warning: variable does not need to be mutable
    --> /work/src/crates/backend/snowball/dict_snowball/src/stemmers/stem_utf8_english.rs:1930:17
     |
1930 |             let mut ret_5: ::core::ffi::c_int = out_grouping_b_U(
     |                 ----^^^^^
     |                 |
     |                 help: remove this `mut`

warning: variable does not need to be mutable
    --> /work/src/crates/backend/snowball/dict_snowball/src/stemmers/stem_utf8_english.rs:1941:17
     |
1941 |             let mut ret_6: ::core::ffi::c_int = slice_del(z);
     |                 ----^^^^^
     |                 |
     |                 help: remove this `mut`

warning: value assigned to `among_var` is never read
    --> /work/src/crates/backend/snowball/dict_snowball/src/stemmers/stem_utf8_english.rs:1843:45
     |
1843 |     let mut among_var: ::core::ffi::c_int = 0;
     |                                             ^ this value is reassigned later and never used
...
1873 |     among_var = find_among_b(z, &raw const a_2 as *const among, 6 as ::core::ffi::c_int);
     |     ------------------------------------------------------------------------------------ `among_var` is overwritten here before the previous value is read

warning: variable does not need to be mutable
    --> /work/src/crates/backend/snowball/dict_snowball/src/stemmers/stem_utf8_english.rs:1950:21
     |
1950 | unsafe fn r_Step_1b(mut z: *mut SN_env) -> ::core::ffi::c_int {
     |                     ----^
     |                     |
     |                     help: remove this `mut`

warning: variable does not need to be mutable
    --> /work/src/crates/backend/snowball/dict_snowball/src/stemmers/stem_utf8_english.rs:1970:17
     |
1970 |             let mut ret: ::core::ffi::c_int = r_R1(z);
     |                 ----^^^
     |                 |
     |                 help: remove this `mut`

warning: variable does not need to be mutable
    --> /work/src/crates/backend/snowball/dict_snowball/src/stemmers/stem_utf8_english.rs:1974:17
     |
1974 |             let mut ret_0: ::core::ffi::c_int = slice_from_s(
     |                 ----^^^^^
     |                 |
     |                 help: remove this `mut`

warning: variable does not need to be mutable
    --> /work/src/crates/backend/snowball/dict_snowball/src/stemmers/stem_utf8_english.rs:1984:17
     |
1984 |             let mut m_test1: ::core::ffi::c_int = (*z).l - (*z).c;
     |                 ----^^^^^^^
     |                 |
     |                 help: remove this `mut`

warning: variable does not need to be mutable
    --> /work/src/crates/backend/snowball/dict_snowball/src/stemmers/stem_utf8_english.rs:1985:17
     |
1985 |             let mut ret_1: ::core::ffi::c_int = out_grouping_b_U(
     |                 ----^^^^^
     |                 |
     |                 help: remove this `mut`

warning: variable does not need to be mutable
    --> /work/src/crates/backend/snowball/dict_snowball/src/stemmers/stem_utf8_english.rs:1997:17
     |
1997 |             let mut ret_2: ::core::ffi::c_int = slice_del(z);
     |                 ----^^^^^
     |                 |
     |                 help: remove this `mut`

warning: variable does not need to be mutable
    --> /work/src/crates/backend/snowball/dict_snowball/src/stemmers/stem_utf8_english.rs:2003:17
     |
2003 |             let mut m_test2: ::core::ffi::c_int = (*z).l - (*z).c;
     |                 ----^^^^^^^
     |                 |
     |                 help: remove this `mut`

warning: variable does not need to be mutable
    --> /work/src/crates/backend/snowball/dict_snowball/src/stemmers/stem_utf8_english.rs:2023:25
     |
2023 |                     let mut ret_3: ::core::ffi::c_int = slice_from_s(
     |                         ----^^^^^
     |                         |
     |                         help: remove this `mut`

warning: variable does not need to be mutable
    --> /work/src/crates/backend/snowball/dict_snowball/src/stemmers/stem_utf8_english.rs:2034:25
     |
2034 |                     let mut m3: ::core::ffi::c_int = (*z).l - (*z).c;
     |                         ----^^
     |                         |
     |                         help: remove this `mut`

warning: variable does not need to be mutable
    --> /work/src/crates/backend/snowball/dict_snowball/src/stemmers/stem_utf8_english.rs:2053:25
     |
2053 |                     let mut m_test4: ::core::ffi::c_int = (*z).l - (*z).c;
     |                         ----^^^^^^^
     |                         |
     |                         help: remove this `mut`

warning: variable does not need to be mutable
    --> /work/src/crates/backend/snowball/dict_snowball/src/stemmers/stem_utf8_english.rs:2054:25
     |
2054 |                     let mut ret_4: ::core::ffi::c_int = r_shortv(z);
     |                         ----^^^^^
     |                         |
     |                         help: remove this `mut`

warning: variable does not need to be mutable
    --> /work/src/crates/backend/snowball/dict_snowball/src/stemmers/stem_utf8_english.rs:2059:25
     |
2059 |                     let mut ret_5: ::core::ffi::c_int = slice_from_s(
     |                         ----^^^^^
     |                         |
     |                         help: remove this `mut`

warning: variable does not need to be mutable
    --> /work/src/crates/backend/snowball/dict_snowball/src/stemmers/stem_utf8_english.rs:2073:17
     |
2073 |             let mut ret_6: ::core::ffi::c_int = skip_b_utf8(
     |                 ----^^^^^
     |                 |
     |                 help: remove this `mut`

warning: variable does not need to be mutable
    --> /work/src/crates/backend/snowball/dict_snowball/src/stemmers/stem_utf8_english.rs:2084:17
     |
2084 |             let mut ret_7: ::core::ffi::c_int = slice_del(z);
     |                 ----^^^^^
     |                 |
     |                 help: remove this `mut`

warning: value assigned to `among_var` is never read
    --> /work/src/crates/backend/snowball/dict_snowball/src/stemmers/stem_utf8_english.rs:1951:45
     |
1951 |     let mut among_var: ::core::ffi::c_int = 0;
     |                                             ^ this value is reassigned later and never used
...
1963 |     among_var = find_among_b(z, &raw const a_4 as *const among, 6 as ::core::ffi::c_int);
     |     ------------------------------------------------------------------------------------ `among_var` is overwritten here before the previous value is read

warning: variable does not need to be mutable
    --> /work/src/crates/backend/snowball/dict_snowball/src/stemmers/stem_utf8_english.rs:2093:21
     |
2093 | unsafe fn r_Step_1c(mut z: *mut SN_env) -> ::core::ffi::c_int {
     |                     ----^
     |                     |
     |                     help: remove this `mut`

warning: variable does not need to be mutable
    --> /work/src/crates/backend/snowball/dict_snowball/src/stemmers/stem_utf8_english.rs:2095:9
     |
2095 |     let mut m1: ::core::ffi::c_int = (*z).l - (*z).c;
     |         ----^^
     |         |
     |         help: remove this `mut`

warning: variable does not need to be mutable
    --> /work/src/crates/backend/snowball/dict_snowball/src/stemmers/stem_utf8_english.rs:2123:13
     |
2123 |         let mut ret: ::core::ffi::c_int = slice_from_s(
     |             ----^^^
     |             |
     |             help: remove this `mut`

warning: variable does not need to be mutable
    --> /work/src/crates/backend/snowball/dict_snowball/src/stemmers/stem_utf8_english.rs:2136:20
     |
2136 | unsafe fn r_Step_2(mut z: *mut SN_env) -> ::core::ffi::c_int {
     |                    ----^
     |                    |
     |                    help: remove this `mut`

warning: variable does not need to be mutable
    --> /work/src/crates/backend/snowball/dict_snowball/src/stemmers/stem_utf8_english.rs:2158:9
     |
2158 |     let mut ret: ::core::ffi::c_int = r_R1(z);
     |         ----^^^
     |         |
     |         help: remove this `mut`

warning: variable does not need to be mutable
    --> /work/src/crates/backend/snowball/dict_snowball/src/stemmers/stem_utf8_english.rs:2164:17
     |
2164 |             let mut ret_0: ::core::ffi::c_int = slice_from_s(
     |                 ----^^^^^
     |                 |
     |                 help: remove this `mut`

warning: variable does not need to be mutable
    --> /work/src/crates/backend/snowball/dict_snowball/src/stemmers/stem_utf8_english.rs:2174:17
     |
2174 |             let mut ret_1: ::core::ffi::c_int = slice_from_s(
     |                 ----^^^^^
     |                 |
     |                 help: remove this `mut`

warning: variable does not need to be mutable
    --> /work/src/crates/backend/snowball/dict_snowball/src/stemmers/stem_utf8_english.rs:2184:17
     |
2184 |             let mut ret_2: ::core::ffi::c_int = slice_from_s(
     |                 ----^^^^^
     |                 |
     |                 help: remove this `mut`

warning: variable does not need to be mutable
    --> /work/src/crates/backend/snowball/dict_snowball/src/stemmers/stem_utf8_english.rs:2194:17
     |
2194 |             let mut ret_3: ::core::ffi::c_int = slice_from_s(
     |                 ----^^^^^
     |                 |
     |                 help: remove this `mut`

warning: variable does not need to be mutable
    --> /work/src/crates/backend/snowball/dict_snowball/src/stemmers/stem_utf8_english.rs:2204:17
     |
2204 |             let mut ret_4: ::core::ffi::c_int = slice_from_s(
     |                 ----^^^^^
     |                 |
     |                 help: remove this `mut`

warning: variable does not need to be mutable
    --> /work/src/crates/backend/snowball/dict_snowball/src/stemmers/stem_utf8_english.rs:2214:17
     |
2214 |             let mut ret_5: ::core::ffi::c_int = slice_from_s(
     |                 ----^^^^^
     |                 |
     |                 help: remove this `mut`

warning: variable does not need to be mutable
    --> /work/src/crates/backend/snowball/dict_snowball/src/stemmers/stem_utf8_english.rs:2224:17
     |
2224 |             let mut ret_6: ::core::ffi::c_int = slice_from_s(
     |                 ----^^^^^
     |                 |
     |                 help: remove this `mut`

warning: variable does not need to be mutable
    --> /work/src/crates/backend/snowball/dict_snowball/src/stemmers/stem_utf8_english.rs:2234:17
     |
2234 |             let mut ret_7: ::core::ffi::c_int = slice_from_s(
     |                 ----^^^^^
     |                 |
     |                 help: remove this `mut`

warning: variable does not need to be mutable
    --> /work/src/crates/backend/snowball/dict_snowball/src/stemmers/stem_utf8_english.rs:2244:17
     |
2244 |             let mut ret_8: ::core::ffi::c_int = slice_from_s(
     |                 ----^^^^^
     |                 |
     |                 help: remove this `mut`

warning: variable does not need to be mutable
    --> /work/src/crates/backend/snowball/dict_snowball/src/stemmers/stem_utf8_english.rs:2254:17
     |
2254 |             let mut ret_9: ::core::ffi::c_int = slice_from_s(
     |                 ----^^^^^
     |                 |
     |                 help: remove this `mut`

warning: variable does not need to be mutable
    --> /work/src/crates/backend/snowball/dict_snowball/src/stemmers/stem_utf8_english.rs:2264:17
     |
2264 |             let mut ret_10: ::core::ffi::c_int = slice_from_s(
     |                 ----^^^^^^
     |                 |
     |                 help: remove this `mut`

warning: variable does not need to be mutable
    --> /work/src/crates/backend/snowball/dict_snowball/src/stemmers/stem_utf8_english.rs:2274:17
     |
2274 |             let mut ret_11: ::core::ffi::c_int = slice_from_s(
     |                 ----^^^^^^
     |                 |
     |                 help: remove this `mut`

warning: variable does not need to be mutable
    --> /work/src/crates/backend/snowball/dict_snowball/src/stemmers/stem_utf8_english.rs:2291:17
     |
2291 |             let mut ret_12: ::core::ffi::c_int = slice_from_s(
     |                 ----^^^^^^
     |                 |
     |                 help: remove this `mut`

warning: variable does not need to be mutable
    --> /work/src/crates/backend/snowball/dict_snowball/src/stemmers/stem_utf8_english.rs:2301:17
     |
2301 |             let mut ret_13: ::core::ffi::c_int = slice_from_s(
     |                 ----^^^^^^
     |                 |
     |                 help: remove this `mut`

warning: variable does not need to be mutable
    --> /work/src/crates/backend/snowball/dict_snowball/src/stemmers/stem_utf8_english.rs:2321:17
     |
2321 |             let mut ret_14: ::core::ffi::c_int = slice_del(z);
     |                 ----^^^^^^
     |                 |
     |                 help: remove this `mut`

warning: value assigned to `among_var` is never read
    --> /work/src/crates/backend/snowball/dict_snowball/src/stemmers/stem_utf8_english.rs:2137:45
     |
2137 |       let mut among_var: ::core::ffi::c_int = 0;
     |                                               ^ this value is reassigned later and never used
...
2149 | /     among_var = find_among_b(
2150 | |         z,
2151 | |         &raw const a_5 as *const among,
2152 | |         24 as ::core::ffi::c_int,
2153 | |     );
     | |_____- `among_var` is overwritten here before the previous value is read

warning: variable does not need to be mutable
    --> /work/src/crates/backend/snowball/dict_snowball/src/stemmers/stem_utf8_english.rs:2330:20
     |
2330 | unsafe fn r_Step_3(mut z: *mut SN_env) -> ::core::ffi::c_int {
     |                    ----^
     |                    |
     |                    help: remove this `mut`

warning: variable does not need to be mutable
    --> /work/src/crates/backend/snowball/dict_snowball/src/stemmers/stem_utf8_english.rs:2348:9
     |
2348 |     let mut ret: ::core::ffi::c_int = r_R1(z);
     |         ----^^^
     |         |
     |         help: remove this `mut`

warning: variable does not need to be mutable
    --> /work/src/crates/backend/snowball/dict_snowball/src/stemmers/stem_utf8_english.rs:2354:17
     |
2354 |             let mut ret_0: ::core::ffi::c_int = slice_from_s(
     |                 ----^^^^^
     |                 |
     |                 help: remove this `mut`

warning: variable does not need to be mutable
    --> /work/src/crates/backend/snowball/dict_snowball/src/stemmers/stem_utf8_english.rs:2364:17
     |
2364 |             let mut ret_1: ::core::ffi::c_int = slice_from_s(
     |                 ----^^^^^
     |                 |
     |                 help: remove this `mut`

warning: variable does not need to be mutable
    --> /work/src/crates/backend/snowball/dict_snowball/src/stemmers/stem_utf8_english.rs:2374:17
     |
2374 |             let mut ret_2: ::core::ffi::c_int = slice_from_s(
     |                 ----^^^^^
     |                 |
     |                 help: remove this `mut`

warning: variable does not need to be mutable
    --> /work/src/crates/backend/snowball/dict_snowball/src/stemmers/stem_utf8_english.rs:2384:17
     |
2384 |             let mut ret_3: ::core::ffi::c_int = slice_from_s(
     |                 ----^^^^^
     |                 |
     |                 help: remove this `mut`

warning: variable does not need to be mutable
    --> /work/src/crates/backend/snowball/dict_snowball/src/stemmers/stem_utf8_english.rs:2394:17
     |
2394 |             let mut ret_4: ::core::ffi::c_int = slice_del(z);
     |                 ----^^^^^
     |                 |
     |                 help: remove this `mut`

warning: variable does not need to be mutable
    --> /work/src/crates/backend/snowball/dict_snowball/src/stemmers/stem_utf8_english.rs:2400:17
     |
2400 |             let mut ret_5: ::core::ffi::c_int = r_R2(z);
     |                 ----^^^^^
     |                 |
     |                 help: remove this `mut`

warning: variable does not need to be mutable
    --> /work/src/crates/backend/snowball/dict_snowball/src/stemmers/stem_utf8_english.rs:2404:17
     |
2404 |             let mut ret_6: ::core::ffi::c_int = slice_del(z);
     |                 ----^^^^^
     |                 |
     |                 help: remove this `mut`

warning: value assigned to `among_var` is never read
    --> /work/src/crates/backend/snowball/dict_snowball/src/stemmers/stem_utf8_english.rs:2331:45
     |
2331 |     let mut among_var: ::core::ffi::c_int = 0;
     |                                             ^ this value is reassigned later and never used
...
2343 |     among_var = find_among_b(z, &raw const a_6 as *const among, 9 as ::core::ffi::c_int);
     |     ------------------------------------------------------------------------------------ `among_var` is overwritten here before the previous value is read

warning: variable does not need to be mutable
    --> /work/src/crates/backend/snowball/dict_snowball/src/stemmers/stem_utf8_english.rs:2413:20
     |
2413 | unsafe fn r_Step_4(mut z: *mut SN_env) -> ::core::ffi::c_int {
     |                    ----^
     |                    |
     |                    help: remove this `mut`

warning: variable does not need to be mutable
    --> /work/src/crates/backend/snowball/dict_snowball/src/stemmers/stem_utf8_english.rs:2435:9
     |
2435 |     let mut ret: ::core::ffi::c_int = r_R2(z);
     |         ----^^^
     |         |
     |         help: remove this `mut`

warning: variable does not need to be mutable
    --> /work/src/crates/backend/snowball/dict_snowball/src/stemmers/stem_utf8_english.rs:2441:17
     |
2441 |             let mut ret_0: ::core::ffi::c_int = slice_del(z);
     |                 ----^^^^^
     |                 |
     |                 help: remove this `mut`

warning: variable does not need to be mutable
    --> /work/src/crates/backend/snowball/dict_snowball/src/stemmers/stem_utf8_english.rs:2447:17
     |
2447 |             let mut m1: ::core::ffi::c_int = (*z).l - (*z).c;
     |                 ----^^
     |                 |
     |                 help: remove this `mut`

warning: variable does not need to be mutable
    --> /work/src/crates/backend/snowball/dict_snowball/src/stemmers/stem_utf8_english.rs:2463:17
     |
2463 |             let mut ret_1: ::core::ffi::c_int = slice_del(z);
     |                 ----^^^^^
     |                 |
     |                 help: remove this `mut`

warning: value assigned to `among_var` is never read
    --> /work/src/crates/backend/snowball/dict_snowball/src/stemmers/stem_utf8_english.rs:2414:45
     |
2414 |       let mut among_var: ::core::ffi::c_int = 0;
     |                                               ^ this value is reassigned later and never used
...
2426 | /     among_var = find_among_b(
2427 | |         z,
2428 | |         &raw const a_7 as *const among,
2429 | |         18 as ::core::ffi::c_int,
2430 | |     );
     | |_____- `among_var` is overwritten here before the previous value is read

warning: variable does not need to be mutable
    --> /work/src/crates/backend/snowball/dict_snowball/src/stemmers/stem_utf8_english.rs:2472:20
     |
2472 | unsafe fn r_Step_5(mut z: *mut SN_env) -> ::core::ffi::c_int {
     |                    ----^
     |                    |
     |                    help: remove this `mut`

warning: variable does not need to be mutable
    --> /work/src/crates/backend/snowball/dict_snowball/src/stemmers/stem_utf8_english.rs:2490:17
     |
2490 |             let mut ret: ::core::ffi::c_int = r_R2(z);
     |                 ----^^^
     |                 |
     |                 help: remove this `mut`

warning: variable does not need to be mutable
    --> /work/src/crates/backend/snowball/dict_snowball/src/stemmers/stem_utf8_english.rs:2492:21
     |
2492 |                 let mut ret_0: ::core::ffi::c_int = r_R1(z);
     |                     ----^^^^^
     |                     |
     |                     help: remove this `mut`

warning: variable does not need to be mutable
    --> /work/src/crates/backend/snowball/dict_snowball/src/stemmers/stem_utf8_english.rs:2496:21
     |
2496 |                 let mut m1: ::core::ffi::c_int = (*z).l - (*z).c;
     |                     ----^^
     |                     |
     |                     help: remove this `mut`

warning: variable does not need to be mutable
    --> /work/src/crates/backend/snowball/dict_snowball/src/stemmers/stem_utf8_english.rs:2497:21
     |
2497 |                 let mut ret_1: ::core::ffi::c_int = r_shortv(z);
     |                     ----^^^^^
     |                     |
     |                     help: remove this `mut`

warning: variable does not need to be mutable
    --> /work/src/crates/backend/snowball/dict_snowball/src/stemmers/stem_utf8_english.rs:2509:17
     |
2509 |             let mut ret_2: ::core::ffi::c_int = slice_del(z);
     |                 ----^^^^^
     |                 |
     |                 help: remove this `mut`

warning: variable does not need to be mutable
    --> /work/src/crates/backend/snowball/dict_snowball/src/stemmers/stem_utf8_english.rs:2515:17
     |
2515 |             let mut ret_3: ::core::ffi::c_int = r_R2(z);
     |                 ----^^^^^
     |                 |
     |                 help: remove this `mut`

warning: variable does not need to be mutable
    --> /work/src/crates/backend/snowball/dict_snowball/src/stemmers/stem_utf8_english.rs:2526:17
     |
2526 |             let mut ret_4: ::core::ffi::c_int = slice_del(z);
     |                 ----^^^^^
     |                 |
     |                 help: remove this `mut`

warning: value assigned to `among_var` is never read
    --> /work/src/crates/backend/snowball/dict_snowball/src/stemmers/stem_utf8_english.rs:2473:45
     |
2473 |     let mut among_var: ::core::ffi::c_int = 0;
     |                                             ^ this value is reassigned later and never used
...
2483 |     among_var = find_among_b(z, &raw const a_8 as *const among, 2 as ::core::ffi::c_int);
     |     ------------------------------------------------------------------------------------ `among_var` is overwritten here before the previous value is read

warning: variable does not need to be mutable
    --> /work/src/crates/backend/snowball/dict_snowball/src/stemmers/stem_utf8_english.rs:2535:24
     |
2535 | unsafe fn r_exception2(mut z: *mut SN_env) -> ::core::ffi::c_int {
     |                        ----^
     |                        |
     |                        help: remove this `mut`

warning: variable does not need to be mutable
    --> /work/src/crates/backend/snowball/dict_snowball/src/stemmers/stem_utf8_english.rs:2554:24
     |
2554 | unsafe fn r_exception1(mut z: *mut SN_env) -> ::core::ffi::c_int {
     |                        ----^
     |                        |
     |                        help: remove this `mut`

warning: variable does not need to be mutable
    --> /work/src/crates/backend/snowball/dict_snowball/src/stemmers/stem_utf8_english.rs:2577:17
     |
2577 |             let mut ret: ::core::ffi::c_int = slice_from_s(
     |                 ----^^^
     |                 |
     |                 help: remove this `mut`

warning: variable does not need to be mutable
    --> /work/src/crates/backend/snowball/dict_snowball/src/stemmers/stem_utf8_english.rs:2587:17
     |
2587 |             let mut ret_0: ::core::ffi::c_int = slice_from_s(
     |                 ----^^^^^
     |                 |
     |                 help: remove this `mut`

warning: variable does not need to be mutable
    --> /work/src/crates/backend/snowball/dict_snowball/src/stemmers/stem_utf8_english.rs:2597:17
     |
2597 |             let mut ret_1: ::core::ffi::c_int = slice_from_s(
     |                 ----^^^^^
     |                 |
     |                 help: remove this `mut`

warning: variable does not need to be mutable
    --> /work/src/crates/backend/snowball/dict_snowball/src/stemmers/stem_utf8_english.rs:2607:17
     |
2607 |             let mut ret_2: ::core::ffi::c_int = slice_from_s(
     |                 ----^^^^^
     |                 |
     |                 help: remove this `mut`

warning: variable does not need to be mutable
    --> /work/src/crates/backend/snowball/dict_snowball/src/stemmers/stem_utf8_english.rs:2617:17
     |
2617 |             let mut ret_3: ::core::ffi::c_int = slice_from_s(
     |                 ----^^^^^
     |                 |
     |                 help: remove this `mut`

warning: variable does not need to be mutable
    --> /work/src/crates/backend/snowball/dict_snowball/src/stemmers/stem_utf8_english.rs:2627:17
     |
2627 |             let mut ret_4: ::core::ffi::c_int = slice_from_s(
     |                 ----^^^^^
     |                 |
     |                 help: remove this `mut`

warning: variable does not need to be mutable
    --> /work/src/crates/backend/snowball/dict_snowball/src/stemmers/stem_utf8_english.rs:2637:17
     |
2637 |             let mut ret_5: ::core::ffi::c_int = slice_from_s(
     |                 ----^^^^^
     |                 |
     |                 help: remove this `mut`

warning: variable does not need to be mutable
    --> /work/src/crates/backend/snowball/dict_snowball/src/stemmers/stem_utf8_english.rs:2647:17
     |
2647 |             let mut ret_6: ::core::ffi::c_int = slice_from_s(
     |                 ----^^^^^
     |                 |
     |                 help: remove this `mut`

warning: variable does not need to be mutable
    --> /work/src/crates/backend/snowball/dict_snowball/src/stemmers/stem_utf8_english.rs:2657:17
     |
2657 |             let mut ret_7: ::core::ffi::c_int = slice_from_s(
     |                 ----^^^^^
     |                 |
     |                 help: remove this `mut`

warning: variable does not need to be mutable
    --> /work/src/crates/backend/snowball/dict_snowball/src/stemmers/stem_utf8_english.rs:2667:17
     |
2667 |             let mut ret_8: ::core::ffi::c_int = slice_from_s(
     |                 ----^^^^^
     |                 |
     |                 help: remove this `mut`

warning: variable does not need to be mutable
    --> /work/src/crates/backend/snowball/dict_snowball/src/stemmers/stem_utf8_english.rs:2677:17
     |
2677 |             let mut ret_9: ::core::ffi::c_int = slice_from_s(
     |                 ----^^^^^
     |                 |
     |                 help: remove this `mut`

warning: value assigned to `among_var` is never read
    --> /work/src/crates/backend/snowball/dict_snowball/src/stemmers/stem_utf8_english.rs:2555:45
     |
2555 |     let mut among_var: ::core::ffi::c_int = 0;
     |                                             ^ this value is reassigned later and never used
...
2567 |     among_var = find_among(z, &raw const a_10 as *const among, 18 as ::core::ffi::c_int);
     |     ------------------------------------------------------------------------------------ `among_var` is overwritten here before the previous value is read

warning: variable does not need to be mutable
    --> /work/src/crates/backend/snowball/dict_snowball/src/stemmers/stem_utf8_english.rs:2690:22
     |
2690 | unsafe fn r_postlude(mut z: *mut SN_env) -> ::core::ffi::c_int {
     |                      ----^
     |                      |
     |                      help: remove this `mut`

warning: variable does not need to be mutable
    --> /work/src/crates/backend/snowball/dict_snowball/src/stemmers/stem_utf8_english.rs:2696:13
     |
2696 |         let mut c1: ::core::ffi::c_int = (*z).c;
     |             ----^^
     |             |
     |             help: remove this `mut`

warning: variable does not need to be mutable
    --> /work/src/crates/backend/snowball/dict_snowball/src/stemmers/stem_utf8_english.rs:2698:17
     |
2698 |             let mut c2: ::core::ffi::c_int = (*z).c;
     |                 ----^^
     |                 |
     |                 help: remove this `mut`

warning: variable does not need to be mutable
    --> /work/src/crates/backend/snowball/dict_snowball/src/stemmers/stem_utf8_english.rs:2704:21
     |
2704 |                 let mut ret: ::core::ffi::c_int = skip_utf8(
     |                     ----^^^
     |                     |
     |                     help: remove this `mut`

warning: variable does not need to be mutable
    --> /work/src/crates/backend/snowball/dict_snowball/src/stemmers/stem_utf8_english.rs:2725:21
     |
2725 |                 let mut ret_0: ::core::ffi::c_int = slice_from_s(
     |                     ----^^^^^
     |                     |
     |                     help: remove this `mut`

warning: variable does not need to be mutable
    --> /work/src/crates/backend/snowball/dict_snowball/src/stemmers/stem_utf8_english.rs:2742:34
     |
2742 | pub unsafe fn english_UTF_8_stem(mut z: *mut SN_env) -> ::core::ffi::c_int {
     |                                  ----^
     |                                  |
     |                                  help: remove this `mut`

warning: variable does not need to be mutable
    --> /work/src/crates/backend/snowball/dict_snowball/src/stemmers/stem_utf8_english.rs:2743:9
     |
2743 |     let mut c1: ::core::ffi::c_int = (*z).c;
     |         ----^^
     |         |
     |         help: remove this `mut`

warning: variable does not need to be mutable
    --> /work/src/crates/backend/snowball/dict_snowball/src/stemmers/stem_utf8_english.rs:2744:9
     |
2744 |     let mut ret: ::core::ffi::c_int = r_exception1(z);
     |         ----^^^
     |         |
     |         help: remove this `mut`

warning: variable does not need to be mutable
    --> /work/src/crates/backend/snowball/dict_snowball/src/stemmers/stem_utf8_english.rs:2747:13
     |
2747 |         let mut c2: ::core::ffi::c_int = (*z).c;
     |             ----^^
     |             |
     |             help: remove this `mut`

warning: variable does not need to be mutable
    --> /work/src/crates/backend/snowball/dict_snowball/src/stemmers/stem_utf8_english.rs:2748:13
     |
2748 |         let mut ret_0: ::core::ffi::c_int = skip_utf8(
     |             ----^^^^^
     |             |
     |             help: remove this `mut`

warning: variable does not need to be mutable
    --> /work/src/crates/backend/snowball/dict_snowball/src/stemmers/stem_utf8_english.rs:2759:17
     |
2759 |             let mut ret_1: ::core::ffi::c_int = r_prelude(z);
     |                 ----^^^^^
     |                 |
     |                 help: remove this `mut`

warning: variable does not need to be mutable
    --> /work/src/crates/backend/snowball/dict_snowball/src/stemmers/stem_utf8_english.rs:2763:17
     |
2763 |             let mut ret_2: ::core::ffi::c_int = r_mark_regions(z);
     |                 ----^^^^^
     |                 |
     |                 help: remove this `mut`

warning: variable does not need to be mutable
    --> /work/src/crates/backend/snowball/dict_snowball/src/stemmers/stem_utf8_english.rs:2769:17
     |
2769 |             let mut m3: ::core::ffi::c_int = (*z).l - (*z).c;
     |                 ----^^
     |                 |
     |                 help: remove this `mut`

warning: variable does not need to be mutable
    --> /work/src/crates/backend/snowball/dict_snowball/src/stemmers/stem_utf8_english.rs:2770:17
     |
2770 |             let mut ret_3: ::core::ffi::c_int = r_Step_1a(z);
     |                 ----^^^^^
     |                 |
     |                 help: remove this `mut`

warning: variable does not need to be mutable
    --> /work/src/crates/backend/snowball/dict_snowball/src/stemmers/stem_utf8_english.rs:2775:17
     |
2775 |             let mut m4: ::core::ffi::c_int = (*z).l - (*z).c;
     |                 ----^^
     |                 |
     |                 help: remove this `mut`

warning: variable does not need to be mutable
    --> /work/src/crates/backend/snowball/dict_snowball/src/stemmers/stem_utf8_english.rs:2776:17
     |
2776 |             let mut ret_4: ::core::ffi::c_int = r_exception2(z);
     |                 ----^^^^^
     |                 |
     |                 help: remove this `mut`

warning: variable does not need to be mutable
    --> /work/src/crates/backend/snowball/dict_snowball/src/stemmers/stem_utf8_english.rs:2779:21
     |
2779 |                 let mut m5: ::core::ffi::c_int = (*z).l - (*z).c;
     |                     ----^^
     |                     |
     |                     help: remove this `mut`

warning: variable does not need to be mutable
    --> /work/src/crates/backend/snowball/dict_snowball/src/stemmers/stem_utf8_english.rs:2780:21
     |
2780 |                 let mut ret_5: ::core::ffi::c_int = r_Step_1b(z);
     |                     ----^^^^^
     |                     |
     |                     help: remove this `mut`

warning: variable does not need to be mutable
    --> /work/src/crates/backend/snowball/dict_snowball/src/stemmers/stem_utf8_english.rs:2785:21
     |
2785 |                 let mut m6: ::core::ffi::c_int = (*z).l - (*z).c;
     |                     ----^^
     |                     |
     |                     help: remove this `mut`

warning: variable does not need to be mutable
    --> /work/src/crates/backend/snowball/dict_snowball/src/stemmers/stem_utf8_english.rs:2786:21
     |
2786 |                 let mut ret_6: ::core::ffi::c_int = r_Step_1c(z);
     |                     ----^^^^^
     |                     |
     |                     help: remove this `mut`

warning: variable does not need to be mutable
    --> /work/src/crates/backend/snowball/dict_snowball/src/stemmers/stem_utf8_english.rs:2791:21
     |
2791 |                 let mut m7: ::core::ffi::c_int = (*z).l - (*z).c;
     |                     ----^^
     |                     |
     |                     help: remove this `mut`

warning: variable does not need to be mutable
    --> /work/src/crates/backend/snowball/dict_snowball/src/stemmers/stem_utf8_english.rs:2792:21
     |
2792 |                 let mut ret_7: ::core::ffi::c_int = r_Step_2(z);
     |                     ----^^^^^
     |                     |
     |                     help: remove this `mut`

warning: variable does not need to be mutable
    --> /work/src/crates/backend/snowball/dict_snowball/src/stemmers/stem_utf8_english.rs:2797:21
     |
2797 |                 let mut m8: ::core::ffi::c_int = (*z).l - (*z).c;
     |                     ----^^
     |                     |
     |                     help: remove this `mut`

warning: variable does not need to be mutable
    --> /work/src/crates/backend/snowball/dict_snowball/src/stemmers/stem_utf8_english.rs:2798:21
     |
2798 |                 let mut ret_8: ::core::ffi::c_int = r_Step_3(z);
     |                     ----^^^^^
     |                     |
     |                     help: remove this `mut`

warning: variable does not need to be mutable
    --> /work/src/crates/backend/snowball/dict_snowball/src/stemmers/stem_utf8_english.rs:2803:21
     |
2803 |                 let mut m9: ::core::ffi::c_int = (*z).l - (*z).c;
     |                     ----^^
     |                     |
     |                     help: remove this `mut`

warning: variable does not need to be mutable
    --> /work/src/crates/backend/snowball/dict_snowball/src/stemmers/stem_utf8_english.rs:2804:21
     |
2804 |                 let mut ret_9: ::core::ffi::c_int = r_Step_4(z);
     |                     ----^^^^^
     |                     |
     |                     help: remove this `mut`

warning: variable does not need to be mutable
    --> /work/src/crates/backend/snowball/dict_snowball/src/stemmers/stem_utf8_english.rs:2809:21
     |
2809 |                 let mut m10: ::core::ffi::c_int = (*z).l - (*z).c;
     |                     ----^^^
     |                     |
     |                     help: remove this `mut`

warning: variable does not need to be mutable
    --> /work/src/crates/backend/snowball/dict_snowball/src/stemmers/stem_utf8_english.rs:2810:21
     |
2810 |                 let mut ret_10: ::core::ffi::c_int = r_Step_5(z);
     |                     ----^^^^^^
     |                     |
     |                     help: remove this `mut`

warning: variable does not need to be mutable
    --> /work/src/crates/backend/snowball/dict_snowball/src/stemmers/stem_utf8_english.rs:2819:17
     |
2819 |             let mut c11: ::core::ffi::c_int = (*z).c;
     |                 ----^^^
     |                 |
     |                 help: remove this `mut`

warning: variable does not need to be mutable
    --> /work/src/crates/backend/snowball/dict_snowball/src/stemmers/stem_utf8_english.rs:2820:17
     |
2820 |             let mut ret_11: ::core::ffi::c_int = r_postlude(z);
     |                 ----^^^^^^
     |                 |
     |                 help: remove this `mut`

warning: variable does not need to be mutable
    --> /work/src/crates/backend/snowball/dict_snowball/src/stemmers/stem_utf8_english.rs:2834:39
     |
2834 | pub unsafe fn english_UTF_8_close_env(mut z: *mut SN_env) {
     |                                       ----^
     |                                       |
     |                                       help: remove this `mut`

warning: `bufmgr` (lib) generated 3 warnings
warning: `ts_cache` (lib) generated 1 warning (run `cargo fix --lib -p ts_cache` to apply 1 suggestion)
warning: `dict_snowball` (lib) generated 296 warnings (run `cargo fix --lib -p dict_snowball` to apply 260 suggestions)
warning: unused import: `vec_with_capacity_in`
 --> /work/src/crates/backend/tsearch/dict/src/simple.rs:1:13
  |
1 | use ::mcx::{vec_with_capacity_in, Mcx, PgVec};
  |             ^^^^^^^^^^^^^^^^^^^^
  |
  = note: `#[warn(unused_imports)]` (part of `#[warn(unused)]`) on by default

warning: `tsearch_dict` (lib) generated 1 warning (run `cargo fix --lib -p tsearch_dict` to apply 1 suggestion)
warning: variable does not need to be mutable
   --> /work/src/crates/backend/access/brin/brin_pageops/src/lib.rs:148:9
    |
148 |     let mut newbuf: Buffer;
    |         ----^^^^^^
    |         |
    |         help: remove this `mut`
    |
    = note: `#[warn(unused_mut)]` (part of `#[warn(unused)]`) on by default

warning: `brin_pageops` (lib) generated 1 warning (run `cargo fix --lib -p brin_pageops` to apply 1 suggestion)
warning: unreachable pattern
  --> /work/src/crates/backend/tcop/dest/src/lib.rs:59:13
   |
59 |             other => other.unported("receiveSlot"),
   |             ^^^^^ no value can reach this
   |
note: multiple earlier patterns match some of the same values
  --> /work/src/crates/backend/tcop/dest/src/lib.rs:59:13
   |
43 |             DestReceiver::DoNothing => Ok(true),
   |             ----------------------- matches some of the same values
44 |             DestReceiver::DebugTup(dr) => dr.receive_slot(slot),
   |             -------------------------- matches some of the same values
45 |             DestReceiver::PrintTup(dr) => dr.receive_slot(slot),
   |             -------------------------- matches some of the same values
46 |             DestReceiver::PrintSimple(dr) => dr.receive_slot(slot),
   |             ----------------------------- matches some of the same values
...
59 |             other => other.unported("receiveSlot"),
   |             ^^^^^ ...and 8 other patterns collectively make this unreachable
   = note: `#[warn(unreachable_patterns)]` (part of `#[warn(unused)]`) on by default

warning: unreachable pattern
  --> /work/src/crates/backend/tcop/dest/src/lib.rs:84:13
   |
84 |             other => other.unported("rStartup"),
   |             ^^^^^ no value can reach this
   |
note: multiple earlier patterns match some of the same values
  --> /work/src/crates/backend/tcop/dest/src/lib.rs:84:13
   |
65 |             DestReceiver::DoNothing => Ok(()),
   |             ----------------------- matches some of the same values
66 |             DestReceiver::DebugTup(dr) => dr.startup(operation, typeinfo),
   |             -------------------------- matches some of the same values
67 |             DestReceiver::PrintTup(dr) => dr.startup(operation, typeinfo),
   |             -------------------------- matches some of the same values
68 |             DestReceiver::PrintSimple(dr) => dr.startup(operation, typeinfo),
   |             ----------------------------- matches some of the same values
...
84 |             other => other.unported("rStartup"),
   |             ^^^^^ ...and 8 other patterns collectively make this unreachable

warning: unexpected `cfg` condition name: `pgrust_sim`
  --> /work/src/crates/backend/access/brin/brin_xlog/src/lib.rs:24:7
   |
24 | #[cfg(pgrust_sim)]
   |       ^^^^^^^^^^
   |
   = help: expected names are: `docsrs`, `feature`, and `test` and 33 more
   = help: consider using a Cargo feature instead
   = help: or consider adding in `Cargo.toml` the `check-cfg` lint config for the lint:
            [lints.rust]
            unexpected_cfgs = { level = "warn", check-cfg = ['cfg(pgrust_sim)'] }
   = help: or consider adding `println!("cargo::rustc-check-cfg=cfg(pgrust_sim)");` to the top of the `build.rs`
   = note: see <https://doc.rust-lang.org/nightly/rustc/check-cfg/cargo-specifics.html> for more information about checking conditional configuration
   = note: `#[warn(unexpected_cfgs)]` on by default

warning: unexpected `cfg` condition name: `pgrust_sim`
   --> /work/src/crates/backend/access/brin/brin_xlog/src/lib.rs:165:11
    |
165 |     #[cfg(pgrust_sim)]
    |           ^^^^^^^^^^
    |
    = help: consider using a Cargo feature instead
    = help: or consider adding in `Cargo.toml` the `check-cfg` lint config for the lint:
             [lints.rust]
             unexpected_cfgs = { level = "warn", check-cfg = ['cfg(pgrust_sim)'] }
    = help: or consider adding `println!("cargo::rustc-check-cfg=cfg(pgrust_sim)");` to the top of the `build.rs`
    = note: see <https://doc.rust-lang.org/nightly/rustc/check-cfg/cargo-specifics.html> for more information about checking conditional configuration

warning: `tcop_dest` (lib) generated 2 warnings
warning: `brin_xlog` (lib) generated 2 warnings
warning: unused import: `::types_nodes::NodeTag`
   --> /work/src/crates/backend/utils/adt/rangetypes/src/builtins.rs:569:9
    |
569 |     use ::types_nodes::NodeTag;
    |         ^^^^^^^^^^^^^^^^^^^^^^
    |
    = note: `#[warn(unused_imports)]` (part of `#[warn(unused)]`) on by default

warning: constant `BTLessEqualStrategyNumber` should have an upper case name
   --> /work/src/crates/backend/utils/adt/rangetypes/src/builtins.rs:664:11
    |
664 |     const BTLessEqualStrategyNumber: i16 = 2;
    |           ^^^^^^^^^^^^^^^^^^^^^^^^^
    |
    = note: `#[warn(non_upper_case_globals)]` (part of `#[warn(nonstandard_style)]`) on by default
help: convert the identifier to upper case
    |
664 -     const BTLessEqualStrategyNumber: i16 = 2;
664 +     const BTLESS_EQUAL_STRATEGY_NUMBER: i16 = 2;
    |

warning: constant `BTGreaterEqualStrategyNumber` should have an upper case name
   --> /work/src/crates/backend/utils/adt/rangetypes/src/builtins.rs:665:11
    |
665 |     const BTGreaterEqualStrategyNumber: i16 = 4;
    |           ^^^^^^^^^^^^^^^^^^^^^^^^^^^^
    |
help: convert the identifier to upper case
    |
665 -     const BTGreaterEqualStrategyNumber: i16 = 4;
665 +     const BTGREATER_EQUAL_STRATEGY_NUMBER: i16 = 4;
    |

warning: `adt_rangetypes` (lib) generated 3 warnings (run `cargo fix --lib -p adt_rangetypes` to apply 3 suggestions)
warning: value assigned to `chld` is never read
   --> /work/src/crates/backend/utils/adt/jsonpath/src/path.rs:191:25
    |
191 |     let mut chld: i32 = 0;
    |                         ^ this value is reassigned later and never used
...
243 |                 None => chld = pos,
    |                         ---------- `chld` is overwritten here before the previous value is read
    |
    = note: `#[warn(unused_assignments)]` (part of `#[warn(unused)]`) on by default

warning: unused import: `multirange_types_do_not_match`
  --> /work/src/crates/backend/utils/adt/multirangetypes/src/builtins.rs:19:26
   |
19 |     multirange_type_oid, multirange_types_do_not_match, MultirangeInfo,
   |                          ^^^^^^^^^^^^^^^^^^^^^^^^^^^^^
   |
   = note: `#[warn(unused_imports)]` (part of `#[warn(unused)]`) on by default

warning: unused import: `ElemInfo`
  --> /work/src/crates/backend/utils/adt/multirangetypes/src/lib.rs:14:5
   |
14 |     ElemInfo, RangeBound, RangeInfo, RANGE_EMPTY, RANGE_LB_INC, RANGE_LB_INF, RANGE_UB_INC,
   |     ^^^^^^^^

warning: variable does not need to be mutable
   --> /work/src/crates/backend/utils/adt/multirangetypes/src/builtins.rs:439:13
    |
439 |         let mut accum = |d: Datum| -> PgResult<()> {
    |             ----^^^^^
    |             |
    |             help: remove this `mut`
    |
    = note: `#[warn(unused_mut)]` (part of `#[warn(unused)]`) on by default

warning: `adt_jsonpath` (lib) generated 1 warning
warning: `adt_multirangetypes` (lib) generated 3 warnings (run `cargo fix --lib -p adt_multirangetypes` to apply 3 suggestions)
warning: constant `JsonbContainsStrategyNumber` should have an upper case name
  --> /work/src/crates/backend/utils/adt/jsonb/src/gin.rs:15:11
   |
15 | pub const JsonbContainsStrategyNumber: u16 = 7;
   |           ^^^^^^^^^^^^^^^^^^^^^^^^^^^ help: convert the identifier to upper case: `JSONB_CONTAINS_STRATEGY_NUMBER`
   |
   = note: `#[warn(non_upper_case_globals)]` (part of `#[warn(nonstandard_style)]`) on by default

warning: constant `JsonbExistsStrategyNumber` should have an upper case name
  --> /work/src/crates/backend/utils/adt/jsonb/src/gin.rs:16:11
   |
16 | pub const JsonbExistsStrategyNumber: u16 = 9;
   |           ^^^^^^^^^^^^^^^^^^^^^^^^^ help: convert the identifier to upper case: `JSONB_EXISTS_STRATEGY_NUMBER`

warning: constant `JsonbExistsAnyStrategyNumber` should have an upper case name
  --> /work/src/crates/backend/utils/adt/jsonb/src/gin.rs:17:11
   |
17 | pub const JsonbExistsAnyStrategyNumber: u16 = 10;
   |           ^^^^^^^^^^^^^^^^^^^^^^^^^^^^ help: convert the identifier to upper case: `JSONB_EXISTS_ANY_STRATEGY_NUMBER`

warning: constant `JsonbExistsAllStrategyNumber` should have an upper case name
  --> /work/src/crates/backend/utils/adt/jsonb/src/gin.rs:18:11
   |
18 | pub const JsonbExistsAllStrategyNumber: u16 = 11;
   |           ^^^^^^^^^^^^^^^^^^^^^^^^^^^^ help: convert the identifier to upper case: `JSONB_EXISTS_ALL_STRATEGY_NUMBER`

warning: constant `JsonbJsonpathExistsStrategyNumber` should have an upper case name
  --> /work/src/crates/backend/utils/adt/jsonb/src/gin.rs:19:11
   |
19 | pub const JsonbJsonpathExistsStrategyNumber: u16 = 15;
   |           ^^^^^^^^^^^^^^^^^^^^^^^^^^^^^^^^^ help: convert the identifier to upper case: `JSONB_JSONPATH_EXISTS_STRATEGY_NUMBER`

warning: constant `JsonbJsonpathPredicateStrategyNumber` should have an upper case name
  --> /work/src/crates/backend/utils/adt/jsonb/src/gin.rs:20:11
   |
20 | pub const JsonbJsonpathPredicateStrategyNumber: u16 = 16;
   |           ^^^^^^^^^^^^^^^^^^^^^^^^^^^^^^^^^^^^ help: convert the identifier to upper case: `JSONB_JSONPATH_PREDICATE_STRATEGY_NUMBER`

warning: constant in pattern `JsonbContainsStrategyNumber` should have an upper case name
   --> /work/src/crates/backend/utils/adt/jsonb/src/gin.rs:598:9
    |
598 |         JsonbContainsStrategyNumber => {
    |         ^^^^^^^^^^^^^^^^^^^^^^^^^^^ help: convert the identifier to upper case: `JSONB_CONTAINS_STRATEGY_NUMBER`

warning: constant in pattern `JsonbExistsStrategyNumber` should have an upper case name
   --> /work/src/crates/backend/utils/adt/jsonb/src/gin.rs:605:9
    |
605 |         JsonbExistsStrategyNumber => {
    |         ^^^^^^^^^^^^^^^^^^^^^^^^^ help: convert the identifier to upper case: `JSONB_EXISTS_STRATEGY_NUMBER`

warning: constant in pattern `JsonbExistsAnyStrategyNumber` should have an upper case name
   --> /work/src/crates/backend/utils/adt/jsonb/src/gin.rs:610:9
    |
610 |         JsonbExistsAnyStrategyNumber => extract_text_array_keys(mcx, query_image)?,
    |         ^^^^^^^^^^^^^^^^^^^^^^^^^^^^ help: convert the identifier to upper case: `JSONB_EXISTS_ANY_STRATEGY_NUMBER`

warning: constant in pattern `JsonbExistsAllStrategyNumber` should have an upper case name
   --> /work/src/crates/backend/utils/adt/jsonb/src/gin.rs:611:9
    |
611 |         JsonbExistsAllStrategyNumber => {
    |         ^^^^^^^^^^^^^^^^^^^^^^^^^^^^ help: convert the identifier to upper case: `JSONB_EXISTS_ALL_STRATEGY_NUMBER`

warning: constant in pattern `JsonbJsonpathExistsStrategyNumber` should have an upper case name
   --> /work/src/crates/backend/utils/adt/jsonb/src/gin.rs:618:9
    |
618 |         JsonbJsonpathExistsStrategyNumber | JsonbJsonpathPredicateStrategyNumber => {
    |         ^^^^^^^^^^^^^^^^^^^^^^^^^^^^^^^^^ help: convert the identifier to upper case: `JSONB_JSONPATH_EXISTS_STRATEGY_NUMBER`

warning: constant in pattern `JsonbJsonpathPredicateStrategyNumber` should have an upper case name
   --> /work/src/crates/backend/utils/adt/jsonb/src/gin.rs:618:45
    |
618 |         JsonbJsonpathExistsStrategyNumber | JsonbJsonpathPredicateStrategyNumber => {
    |                                             ^^^^^^^^^^^^^^^^^^^^^^^^^^^^^^^^^^^^ help: convert the identifier to upper case: `JSONB_JSONPATH_PREDICATE_STRATEGY_NUMBER`

warning: constant in pattern `JsonbContainsStrategyNumber` should have an upper case name
   --> /work/src/crates/backend/utils/adt/jsonb/src/gin.rs:640:9
    |
640 |         JsonbContainsStrategyNumber => {
    |         ^^^^^^^^^^^^^^^^^^^^^^^^^^^ help: convert the identifier to upper case: `JSONB_CONTAINS_STRATEGY_NUMBER`

warning: constant in pattern `JsonbJsonpathExistsStrategyNumber` should have an upper case name
   --> /work/src/crates/backend/utils/adt/jsonb/src/gin.rs:647:9
    |
647 |         JsonbJsonpathExistsStrategyNumber | JsonbJsonpathPredicateStrategyNumber => {
    |         ^^^^^^^^^^^^^^^^^^^^^^^^^^^^^^^^^ help: convert the identifier to upper case: `JSONB_JSONPATH_EXISTS_STRATEGY_NUMBER`

warning: constant in pattern `JsonbJsonpathPredicateStrategyNumber` should have an upper case name
   --> /work/src/crates/backend/utils/adt/jsonb/src/gin.rs:647:45
    |
647 |         JsonbJsonpathExistsStrategyNumber | JsonbJsonpathPredicateStrategyNumber => {
    |                                             ^^^^^^^^^^^^^^^^^^^^^^^^^^^^^^^^^^^^ help: convert the identifier to upper case: `JSONB_JSONPATH_PREDICATE_STRATEGY_NUMBER`

warning: constant in pattern `JsonbContainsStrategyNumber` should have an upper case name
   --> /work/src/crates/backend/utils/adt/jsonb/src/gin.rs:669:9
    |
669 |         JsonbContainsStrategyNumber => {
    |         ^^^^^^^^^^^^^^^^^^^^^^^^^^^ help: convert the identifier to upper case: `JSONB_CONTAINS_STRATEGY_NUMBER`

warning: constant in pattern `JsonbExistsStrategyNumber` should have an upper case name
   --> /work/src/crates/backend/utils/adt/jsonb/src/gin.rs:673:9
    |
673 |         JsonbExistsStrategyNumber | JsonbExistsAnyStrategyNumber => {
    |         ^^^^^^^^^^^^^^^^^^^^^^^^^ help: convert the identifier to upper case: `JSONB_EXISTS_STRATEGY_NUMBER`

warning: constant in pattern `JsonbExistsAnyStrategyNumber` should have an upper case name
   --> /work/src/crates/backend/utils/adt/jsonb/src/gin.rs:673:37
    |
673 |         JsonbExistsStrategyNumber | JsonbExistsAnyStrategyNumber => {
    |                                     ^^^^^^^^^^^^^^^^^^^^^^^^^^^^ help: convert the identifier to upper case: `JSONB_EXISTS_ANY_STRATEGY_NUMBER`

warning: constant in pattern `JsonbExistsAllStrategyNumber` should have an upper case name
   --> /work/src/crates/backend/utils/adt/jsonb/src/gin.rs:677:9
    |
677 |         JsonbExistsAllStrategyNumber => {
    |         ^^^^^^^^^^^^^^^^^^^^^^^^^^^^ help: convert the identifier to upper case: `JSONB_EXISTS_ALL_STRATEGY_NUMBER`

warning: constant in pattern `JsonbJsonpathExistsStrategyNumber` should have an upper case name
   --> /work/src/crates/backend/utils/adt/jsonb/src/gin.rs:681:9
    |
681 |         JsonbJsonpathExistsStrategyNumber | JsonbJsonpathPredicateStrategyNumber => {
    |         ^^^^^^^^^^^^^^^^^^^^^^^^^^^^^^^^^ help: convert the identifier to upper case: `JSONB_JSONPATH_EXISTS_STRATEGY_NUMBER`

warning: constant in pattern `JsonbJsonpathPredicateStrategyNumber` should have an upper case name
   --> /work/src/crates/backend/utils/adt/jsonb/src/gin.rs:681:45
    |
681 |         JsonbJsonpathExistsStrategyNumber | JsonbJsonpathPredicateStrategyNumber => {
    |                                             ^^^^^^^^^^^^^^^^^^^^^^^^^^^^^^^^^^^^ help: convert the identifier to upper case: `JSONB_JSONPATH_PREDICATE_STRATEGY_NUMBER`

warning: constant in pattern `JsonbContainsStrategyNumber` should have an upper case name
   --> /work/src/crates/backend/utils/adt/jsonb/src/gin.rs:702:9
    |
702 |         JsonbContainsStrategyNumber | JsonbExistsAllStrategyNumber => {
    |         ^^^^^^^^^^^^^^^^^^^^^^^^^^^ help: convert the identifier to upper case: `JSONB_CONTAINS_STRATEGY_NUMBER`

warning: constant in pattern `JsonbExistsAllStrategyNumber` should have an upper case name
   --> /work/src/crates/backend/utils/adt/jsonb/src/gin.rs:702:39
    |
702 |         JsonbContainsStrategyNumber | JsonbExistsAllStrategyNumber => {
    |                                       ^^^^^^^^^^^^^^^^^^^^^^^^^^^^ help: convert the identifier to upper case: `JSONB_EXISTS_ALL_STRATEGY_NUMBER`

warning: constant in pattern `JsonbExistsStrategyNumber` should have an upper case name
   --> /work/src/crates/backend/utils/adt/jsonb/src/gin.rs:710:9
    |
710 |         JsonbExistsStrategyNumber | JsonbExistsAnyStrategyNumber => {
    |         ^^^^^^^^^^^^^^^^^^^^^^^^^ help: convert the identifier to upper case: `JSONB_EXISTS_STRATEGY_NUMBER`

warning: constant in pattern `JsonbExistsAnyStrategyNumber` should have an upper case name
   --> /work/src/crates/backend/utils/adt/jsonb/src/gin.rs:710:37
    |
710 |         JsonbExistsStrategyNumber | JsonbExistsAnyStrategyNumber => {
    |                                     ^^^^^^^^^^^^^^^^^^^^^^^^^^^^ help: convert the identifier to upper case: `JSONB_EXISTS_ANY_STRATEGY_NUMBER`

warning: constant in pattern `JsonbJsonpathExistsStrategyNumber` should have an upper case name
   --> /work/src/crates/backend/utils/adt/jsonb/src/gin.rs:718:9
    |
718 |         JsonbJsonpathExistsStrategyNumber | JsonbJsonpathPredicateStrategyNumber => {
    |         ^^^^^^^^^^^^^^^^^^^^^^^^^^^^^^^^^ help: convert the identifier to upper case: `JSONB_JSONPATH_EXISTS_STRATEGY_NUMBER`

warning: constant in pattern `JsonbJsonpathPredicateStrategyNumber` should have an upper case name
   --> /work/src/crates/backend/utils/adt/jsonb/src/gin.rs:718:45
    |
718 |         JsonbJsonpathExistsStrategyNumber | JsonbJsonpathPredicateStrategyNumber => {
    |                                             ^^^^^^^^^^^^^^^^^^^^^^^^^^^^^^^^^^^^ help: convert the identifier to upper case: `JSONB_JSONPATH_PREDICATE_STRATEGY_NUMBER`

warning: constant in pattern `JsonbContainsStrategyNumber` should have an upper case name
   --> /work/src/crates/backend/utils/adt/jsonb/src/gin.rs:744:9
    |
744 |         JsonbContainsStrategyNumber => {
    |         ^^^^^^^^^^^^^^^^^^^^^^^^^^^ help: convert the identifier to upper case: `JSONB_CONTAINS_STRATEGY_NUMBER`

warning: constant in pattern `JsonbJsonpathExistsStrategyNumber` should have an upper case name
   --> /work/src/crates/backend/utils/adt/jsonb/src/gin.rs:750:9
    |
750 |         JsonbJsonpathExistsStrategyNumber | JsonbJsonpathPredicateStrategyNumber => {
    |         ^^^^^^^^^^^^^^^^^^^^^^^^^^^^^^^^^ help: convert the identifier to upper case: `JSONB_JSONPATH_EXISTS_STRATEGY_NUMBER`

warning: constant in pattern `JsonbJsonpathPredicateStrategyNumber` should have an upper case name
   --> /work/src/crates/backend/utils/adt/jsonb/src/gin.rs:750:45
    |
750 |         JsonbJsonpathExistsStrategyNumber | JsonbJsonpathPredicateStrategyNumber => {
    |                                             ^^^^^^^^^^^^^^^^^^^^^^^^^^^^^^^^^^^^ help: convert the identifier to upper case: `JSONB_JSONPATH_PREDICATE_STRATEGY_NUMBER`

warning: constant in pattern `JsonbContainsStrategyNumber` should have an upper case name
   --> /work/src/crates/backend/utils/adt/jsonb/src/gin.rs:771:9
    |
771 |         JsonbContainsStrategyNumber => {
    |         ^^^^^^^^^^^^^^^^^^^^^^^^^^^ help: convert the identifier to upper case: `JSONB_CONTAINS_STRATEGY_NUMBER`

warning: constant in pattern `JsonbJsonpathExistsStrategyNumber` should have an upper case name
   --> /work/src/crates/backend/utils/adt/jsonb/src/gin.rs:779:9
    |
779 |         JsonbJsonpathExistsStrategyNumber | JsonbJsonpathPredicateStrategyNumber => {
    |         ^^^^^^^^^^^^^^^^^^^^^^^^^^^^^^^^^ help: convert the identifier to upper case: `JSONB_JSONPATH_EXISTS_STRATEGY_NUMBER`

warning: constant in pattern `JsonbJsonpathPredicateStrategyNumber` should have an upper case name
   --> /work/src/crates/backend/utils/adt/jsonb/src/gin.rs:779:45
    |
779 |         JsonbJsonpathExistsStrategyNumber | JsonbJsonpathPredicateStrategyNumber => {
    |                                             ^^^^^^^^^^^^^^^^^^^^^^^^^^^^^^^^^^^^ help: convert the identifier to upper case: `JSONB_JSONPATH_PREDICATE_STRATEGY_NUMBER`

warning: function `page_ref` is never used
  --> /work/src/crates/backend/access/hash/hash_xlog/src/lib.rs:48:11
   |
48 | unsafe fn page_ref<'p>(buffer: Buffer) -> PageRef<'p> {
   |           ^^^^^^^^
   |
   = note: `#[warn(dead_code)]` (part of `#[warn(unused)]`) on by default

warning: unexpected `cfg` condition name: `pgrust_sim`
  --> /work/src/crates/backend/access/nbtree/nbtree_xlog/src/lib.rs:37:7
   |
37 | #[cfg(pgrust_sim)]
   |       ^^^^^^^^^^
   |
   = help: expected names are: `docsrs`, `feature`, and `test` and 33 more
   = help: consider using a Cargo feature instead
   = help: or consider adding in `Cargo.toml` the `check-cfg` lint config for the lint:
            [lints.rust]
            unexpected_cfgs = { level = "warn", check-cfg = ['cfg(pgrust_sim)'] }
   = help: or consider adding `println!("cargo::rustc-check-cfg=cfg(pgrust_sim)");` to the top of the `build.rs`
   = note: see <https://doc.rust-lang.org/nightly/rustc/check-cfg/cargo-specifics.html> for more information about checking conditional configuration
   = note: `#[warn(unexpected_cfgs)]` on by default

warning: unexpected `cfg` condition name: `pgrust_sim`
   --> /work/src/crates/backend/access/nbtree/nbtree_xlog/src/lib.rs:830:15
    |
830 |         #[cfg(pgrust_sim)]
    |               ^^^^^^^^^^
    |
    = help: consider using a Cargo feature instead
    = help: or consider adding in `Cargo.toml` the `check-cfg` lint config for the lint:
             [lints.rust]
             unexpected_cfgs = { level = "warn", check-cfg = ['cfg(pgrust_sim)'] }
    = help: or consider adding `println!("cargo::rustc-check-cfg=cfg(pgrust_sim)");` to the top of the `build.rs`
    = note: see <https://doc.rust-lang.org/nightly/rustc/check-cfg/cargo-specifics.html> for more information about checking conditional configuration

warning: `adt_jsonb` (lib) generated 33 warnings
warning: `hash_xlog` (lib) generated 1 warning
warning: `nbtree_xlog` (lib) generated 2 warnings
warning: direct cast of function item into an integer
  --> /work/src/crates/backend/utils/fmgr/fmgr_core/src/lib.rs:46:54
   |
46 |     if flinfo.fn_addr as usize == builtin_not_ported as usize
   |                                                      ^^^^^^^^
   |
   = note: `#[warn(function_casts_as_integer)]` on by default
help: first cast to a pointer `as *const ()`
   |
46 |     if flinfo.fn_addr as usize == builtin_not_ported as *const () as usize
   |                                                      ++++++++++++

warning: direct cast of function item into an integer
   --> /work/src/crates/backend/utils/fmgr/fmgr_core/src/lib.rs:242:72
    |
242 |                 .is_some_and(|x| x.func as usize != builtin_not_ported as usize);
    |                                                                        ^^^^^^^^
    |
help: first cast to a pointer `as *const ()`
    |
242 |                 .is_some_and(|x| x.func as usize != builtin_not_ported as *const () as usize);
    |                                                                        ++++++++++++

warning: direct cast of function item into an integer
   --> /work/src/crates/backend/utils/fmgr/fmgr_core/src/lib.rs:274:58
    |
274 |         Some(b) if b.func as usize == builtin_not_ported as usize => {
    |                                                          ^^^^^^^^
    |
help: first cast to a pointer `as *const ()`
    |
274 |         Some(b) if b.func as usize == builtin_not_ported as *const () as usize => {
    |                                                          ++++++++++++

warning: direct cast of function item into an integer
   --> /work/src/crates/backend/utils/fmgr/fmgr_core/src/lib.rs:346:58
    |
346 |     let fbp = if fbp.func as usize == builtin_not_ported as usize {
    |                                                          ^^^^^^^^
    |
help: first cast to a pointer `as *const ()`
    |
346 |     let fbp = if fbp.func as usize == builtin_not_ported as *const () as usize {
    |                                                          ++++++++++++

warning: direct cast of function item into an integer
   --> /work/src/crates/backend/utils/fmgr/fmgr_core/src/lib.rs:483:70
    |
483 |                 Some(fbp) if fbp.func as usize == builtin_not_ported as usize => {
    |                                                                      ^^^^^^^^
    |
help: first cast to a pointer `as *const ()`
    |
483 |                 Some(fbp) if fbp.func as usize == builtin_not_ported as *const () as usize => {
    |                                                                      ++++++++++++

warning: `fmgr_core` (lib) generated 5 warnings (run `cargo fix --lib -p fmgr_core` to apply 5 suggestions)
warning: unused macro definition: `unported_redo`
  --> /work/src/crates/backend/access/transam/rmgr/src/lib.rs:87:14
   |
87 | macro_rules! unported_redo {
   |              ^^^^^^^^^^^^^
   |
   = note: `#[warn(unused_macros)]` (part of `#[warn(unused)]`) on by default

warning: function `gin_mask` is never used
   --> /work/src/crates/backend/access/transam/rmgr/src/lib.rs:127:5
    |
127 |     gin_mask => "backend-access-gin-xlog";
    |     ^^^^^^^^
    |
    = note: `#[warn(dead_code)]` (part of `#[warn(unused)]`) on by default
    = note: this warning originates in the macro `unported_mask` (in Nightly builds, run with -Z macro-backtrace for more info)

warning: `rmgr` (lib) generated 2 warnings
warning: value assigned to `ptr` is never read
    --> /work/src/crates/backend/access/transam/xlogreader/src/lib.rs:2017:13
     |
2017 |             ptr += len;
     |             ^^^^^^^^^^
...
2090 |         main_data = sink.put(payload_field!(main_data_len));
     |                              ----------------------------- in this macro invocation
     |
     = help: maybe it is overwritten before being read?
     = note: `#[warn(unused_assignments)]` (part of `#[warn(unused)]`) on by default
     = note: this warning originates in the macro `payload_field` (in Nightly builds, run with -Z macro-backtrace for more info)

warning: value assigned to `remaining` is never read
    --> /work/src/crates/backend/access/transam/xlogreader/src/lib.rs:2018:13
     |
2018 |             remaining -= len as u32;
     |             ^^^^^^^^^^^^^^^^^^^^^^^
...
2090 |         main_data = sink.put(payload_field!(main_data_len));
     |                              ----------------------------- in this macro invocation
     |
     = help: maybe it is overwritten before being read?
     = note: this warning originates in the macro `payload_field` (in Nightly builds, run with -Z macro-backtrace for more info)

warning: `xlogreader` (lib) generated 2 warnings
warning: unused import: `ERRCODE_FEATURE_NOT_SUPPORTED`
  --> core/src/pseudo_diff.rs:30:28
   |
30 | use types_error::{PgError, ERRCODE_FEATURE_NOT_SUPPORTED};
   |                            ^^^^^^^^^^^^^^^^^^^^^^^^^^^^^
   |
   = note: `#[warn(unused_imports)]` (part of `#[warn(unused)]`) on by default

warning: unused import: `PgError`
  --> core/src/enc_tables.rs:41:19
   |
41 | use types_error::{PgError, ERRCODE_FEATURE_NOT_SUPPORTED, ERRCODE_UNDEFINED_OBJECT};
   |                   ^^^^^^^

warning: function `pg_diff_num_keywords` is never used
  --> core/src/tablesfam.rs:40:8
   |
40 |     fn pg_diff_num_keywords() -> c_int;
   |        ^^^^^^^^^^^^^^^^^^^^
   |
   = note: `#[warn(dead_code)]` (part of `#[warn(unused)]`) on by default

warning: function `pg_diff_max_kw_len` is never used
  --> core/src/tablesfam.rs:41:8
   |
41 |     fn pg_diff_max_kw_len() -> c_int;
   |        ^^^^^^^^^^^^^^^^^^

warning: `decoder_fuzz` (lib) generated 4 warnings (run `cargo fix --lib -p decoder_fuzz` to apply 2 suggestions)
    Finished `release` profile [optimized + debuginfo] target(s) in 0.23s
warning: variant `Malloc` is never constructed
  --> /work/src/crates/_support/mcx/src/lib.rs:64:5
   |
61 | enum Backend {
   |      ------- variant in this enum
...
64 |     Malloc,
   |     ^^^^^^
   |
   = note: `#[warn(dead_code)]` (part of `#[warn(unused)]`) on by default

warning: function `chunk_size` is never used
   --> /work/src/crates/_support/mcx/src/aset.rs:284:4
    |
284 | fn chunk_size(idx: usize) -> usize {
    |    ^^^^^^^^^^

warning: method `mem_allocated` is never used
   --> /work/src/crates/_support/mcx/src/aset.rs:340:19
    |
306 | impl AllocSet {
    | ------------- method in this implementation
...
340 |     pub(crate) fn mem_allocated(&self) -> usize {
    |                   ^^^^^^^^^^^^^

warning: `mcx` (lib) generated 3 warnings
warning: unused imports: `LOG_DESTINATION_CSVLOG` and `LOG_DESTINATION_JSONLOG`
  --> /work/src/crates/backend/utils/error/elog/src/config.rs:10:61
   |
10 |     ErrorLevel, PGErrorVerbosity, PgError, PgResult, ERROR, LOG_DESTINATION_CSVLOG,
   |                                                             ^^^^^^^^^^^^^^^^^^^^^^
11 |     LOG_DESTINATION_JSONLOG, LOG_DESTINATION_STDERR, LOG_DESTINATION_SYSLOG, NOTICE, WARNING,
   |     ^^^^^^^^^^^^^^^^^^^^^^^
   |
   = note: `#[warn(unused_imports)]` (part of `#[warn(unused)]`) on by default

warning: variant `ROW_MARK_EXCLUSIVE` should have an upper camel case name
   --> /work/src/crates/_support/types/nodes/src/plannodes.rs:897:5
    |
897 |     ROW_MARK_EXCLUSIVE = 0,
    |     ^^^^^^^^^^^^^^^^^^ help: convert the identifier to upper camel case: `RowMarkExclusive`
    |
    = note: `#[warn(non_camel_case_types)]` (part of `#[warn(nonstandard_style)]`) on by default

warning: variant `ROW_MARK_NOKEYEXCLUSIVE` should have an upper camel case name
   --> /work/src/crates/_support/types/nodes/src/plannodes.rs:898:5
    |
898 |     ROW_MARK_NOKEYEXCLUSIVE = 1,
    |     ^^^^^^^^^^^^^^^^^^^^^^^ help: convert the identifier to upper camel case: `RowMarkNokeyexclusive`

warning: variant `ROW_MARK_SHARE` should have an upper camel case name
   --> /work/src/crates/_support/types/nodes/src/plannodes.rs:899:5
    |
899 |     ROW_MARK_SHARE = 2,
    |     ^^^^^^^^^^^^^^ help: convert the identifier to upper camel case: `RowMarkShare`

warning: variant `ROW_MARK_KEYSHARE` should have an upper camel case name
   --> /work/src/crates/_support/types/nodes/src/plannodes.rs:900:5
    |
900 |     ROW_MARK_KEYSHARE = 3,
    |     ^^^^^^^^^^^^^^^^^ help: convert the identifier to upper camel case: `RowMarkKeyshare`

warning: variant `ROW_MARK_REFERENCE` should have an upper camel case name
   --> /work/src/crates/_support/types/nodes/src/plannodes.rs:901:5
    |
901 |     ROW_MARK_REFERENCE = 4,
    |     ^^^^^^^^^^^^^^^^^^ help: convert the identifier to upper camel case: `RowMarkReference`

warning: variant `ROW_MARK_COPY` should have an upper camel case name
   --> /work/src/crates/_support/types/nodes/src/plannodes.rs:902:5
    |
902 |     ROW_MARK_COPY = 5,
    |     ^^^^^^^^^^^^^ help: convert the identifier to upper camel case: `RowMarkCopy`

warning: `elog` (lib) generated 1 warning (run `cargo fix --lib -p elog` to apply 1 suggestion)
warning: `types_nodes` (lib) generated 6 warnings
warning: unused import: `OptNodeList`
  --> /work/src/crates/backend/nodes/readfuncs/src/lib.rs:12:53
   |
12 | use types_nodes::list::{IntList, NodeList, OidList, OptNodeList};
   |                                                     ^^^^^^^^^^^
   |
   = note: `#[warn(unused_imports)]` (part of `#[warn(unused)]`) on by default

warning: unused import: `CoerceViaIO`
  --> /work/src/crates/backend/nodes/readfuncs/src/lib.rs:22:19
   |
22 |     CoalesceExpr, CoerceViaIO, CoercionForm, Const, FieldSelect, FieldStore, FromExpr, FuncExpr,
   |                   ^^^^^^^^^^^

warning: unreachable pattern
   --> /work/src/crates/backend/nodes/outfuncs/src/lib.rs:522:9
    |
124 |         NodeTag::T_CaseExpr => {
    |         ------------------- matches all the relevant values
...
522 |         NodeTag::T_CaseExpr => {
    |         ^^^^^^^^^^^^^^^^^^^ no value can reach this
    |
    = note: `#[warn(unreachable_patterns)]` (part of `#[warn(unused)]`) on by default

warning: unreachable pattern
   --> /work/src/crates/backend/nodes/outfuncs/src/lib.rs:532:9
    |
134 |         NodeTag::T_CaseWhen => {
    |         ------------------- matches all the relevant values
...
532 |         NodeTag::T_CaseWhen => {
    |         ^^^^^^^^^^^^^^^^^^^ no value can reach this

warning: unreachable pattern
   --> /work/src/crates/backend/nodes/outfuncs/src/lib.rs:587:9
    |
150 |         NodeTag::T_WindowFunc => {
    |         --------------------- matches all the relevant values
...
587 |         NodeTag::T_WindowFunc => {
    |         ^^^^^^^^^^^^^^^^^^^^^ no value can reach this

warning: unreachable pattern
   --> /work/src/crates/backend/nodes/outfuncs/src/lib.rs:606:9
    |
194 |         NodeTag::T_SetOperationStmt => {
    |         --------------------------- matches all the relevant values
...
606 |         NodeTag::T_SetOperationStmt => {
    |         ^^^^^^^^^^^^^^^^^^^^^^^^^^^ no value can reach this

warning: unreachable pattern
   --> /work/src/crates/backend/nodes/outfuncs/src/lib.rs:727:9
    |
479 |         NodeTag::T_NotifyStmt => out_notify_stmt(
    |         --------------------- matches all the relevant values
...
727 |         NodeTag::T_NotifyStmt => {
    |         ^^^^^^^^^^^^^^^^^^^^^ no value can reach this

warning: `readfuncs` (lib) generated 2 warnings (run `cargo fix --lib -p readfuncs` to apply 2 suggestions)
warning: `outfuncs` (lib) generated 5 warnings
warning: variable does not need to be mutable
   --> /work/src/crates/_support/types/pathnodes/src/run.rs:381:13
    |
381 |         let mut add = |outer: &mut crate::Relids<'mcx>, id: i32| {
    |             ----^^^
    |             |
    |             help: remove this `mut`
    |
    = note: `#[warn(unused_mut)]` (part of `#[warn(unused)]`) on by default

warning: variable does not need to be mutable
   --> /work/src/crates/_support/types/pathnodes/src/run.rs:414:17
    |
414 |             let mut add = |outer: &mut crate::Relids<'mcx>, id: i32| {
    |                 ----^^^
    |                 |
    |                 help: remove this `mut`

warning: unused import: `SetFunctionReturnMode`
 --> /work/src/crates/backend/utils/fmgr/funcapi_srf/src/lib.rs:4:62
  |
4 | use fmgr::{ExprDoneCond, FmgrInfo, FunctionCallInfoBaseData, SetFunctionReturnMode};
  |                                                              ^^^^^^^^^^^^^^^^^^^^^
  |
  = note: `#[warn(unused_imports)]` (part of `#[warn(unused)]`) on by default

warning: function `init_MultiFuncCall` should have a snake case name
  --> /work/src/crates/backend/utils/fmgr/funcapi_srf/src/lib.rs:44:8
   |
44 | pub fn init_MultiFuncCall<'a>(
   |        ^^^^^^^^^^^^^^^^^^ help: convert the identifier to snake case: `init_multi_func_call`
   |
   = note: `#[warn(non_snake_case)]` (part of `#[warn(nonstandard_style)]`) on by default

warning: function `per_MultiFuncCall` should have a snake case name
  --> /work/src/crates/backend/utils/fmgr/funcapi_srf/src/lib.rs:64:8
   |
64 | pub fn per_MultiFuncCall(flinfo: &mut FmgrInfo) -> &mut FuncCallContext {
   |        ^^^^^^^^^^^^^^^^^ help: convert the identifier to snake case: `per_multi_func_call`

warning: function `end_MultiFuncCall` should have a snake case name
  --> /work/src/crates/backend/utils/fmgr/funcapi_srf/src/lib.rs:70:8
   |
70 | pub fn end_MultiFuncCall(flinfo: &mut FmgrInfo) {
   |        ^^^^^^^^^^^^^^^^^ help: convert the identifier to snake case: `end_multi_func_call`

warning: `types_pathnodes` (lib) generated 2 warnings (run `cargo fix --lib -p types_pathnodes` to apply 2 suggestions)
warning: `funcapi_srf` (lib) generated 4 warnings (run `cargo fix --lib -p funcapi_srf` to apply 1 suggestion)
warning: type `spgChooseIn` should have an upper camel case name
  --> /work/src/crates/_support/types/types_spgist/src/state.rs:92:12
   |
92 | pub struct spgChooseIn {
   |            ^^^^^^^^^^^ help: convert the identifier to upper camel case (notice the capitalization): `SpgChooseIn`
   |
   = note: `#[warn(non_camel_case_types)]` (part of `#[warn(nonstandard_style)]`) on by default

warning: type `spgChooseOut` should have an upper camel case name
   --> /work/src/crates/_support/types/types_spgist/src/state.rs:104:10
    |
104 | pub enum spgChooseOut {
    |          ^^^^^^^^^^^^ help: convert the identifier to upper camel case (notice the capitalization): `SpgChooseOut`

warning: type `spgPickSplitIn` should have an upper camel case name
   --> /work/src/crates/_support/types/types_spgist/src/state.rs:127:12
    |
127 | pub struct spgPickSplitIn {
    |            ^^^^^^^^^^^^^^ help: convert the identifier to upper camel case (notice the capitalization): `SpgPickSplitIn`

warning: type `spgPickSplitOut` should have an upper camel case name
   --> /work/src/crates/_support/types/types_spgist/src/state.rs:134:12
    |
134 | pub struct spgPickSplitOut {
    |            ^^^^^^^^^^^^^^^ help: convert the identifier to upper camel case (notice the capitalization): `SpgPickSplitOut`

warning: type `spgInnerConsistentIn` should have an upper camel case name
   --> /work/src/crates/_support/types/types_spgist/src/state.rs:157:12
    |
157 | pub struct spgInnerConsistentIn<'a> {
    |            ^^^^^^^^^^^^^^^^^^^^ help: convert the identifier to upper camel case (notice the capitalization): `SpgInnerConsistentIn`

warning: type `spgInnerConsistentOut` should have an upper camel case name
   --> /work/src/crates/_support/types/types_spgist/src/state.rs:175:12
    |
175 | pub struct spgInnerConsistentOut {
    |            ^^^^^^^^^^^^^^^^^^^^^ help: convert the identifier to upper camel case (notice the capitalization): `SpgInnerConsistentOut`

warning: type `spgLeafConsistentIn` should have an upper camel case name
   --> /work/src/crates/_support/types/types_spgist/src/state.rs:199:12
    |
199 | pub struct spgLeafConsistentIn {
    |            ^^^^^^^^^^^^^^^^^^^ help: convert the identifier to upper camel case (notice the capitalization): `SpgLeafConsistentIn`

warning: type `spgLeafConsistentOut` should have an upper camel case name
   --> /work/src/crates/_support/types/types_spgist/src/state.rs:212:12
    |
212 | pub struct spgLeafConsistentOut {
    |            ^^^^^^^^^^^^^^^^^^^^ help: convert the identifier to upper camel case (notice the capitalization): `SpgLeafConsistentOut`

warning: type `spgxlogState` should have an upper camel case name
  --> /work/src/crates/_support/types/types_spgist/src/xlog.rs:15:12
   |
15 | pub struct spgxlogState {
   |            ^^^^^^^^^^^^ help: convert the identifier to upper camel case (notice the capitalization): `SpgxlogState`

warning: type `spgxlogAddLeaf` should have an upper camel case name
  --> /work/src/crates/_support/types/types_spgist/src/xlog.rs:40:12
   |
40 | pub struct spgxlogAddLeaf {
   |            ^^^^^^^^^^^^^^ help: convert the identifier to upper camel case (notice the capitalization): `SpgxlogAddLeaf`

warning: type `spgxlogMoveLeafs` should have an upper camel case name
  --> /work/src/crates/_support/types/types_spgist/src/xlog.rs:76:12
   |
76 | pub struct spgxlogMoveLeafs {
   |            ^^^^^^^^^^^^^^^^ help: convert the identifier to upper camel case (notice the capitalization): `SpgxlogMoveLeafs`

warning: type `spgxlogAddNode` should have an upper camel case name
   --> /work/src/crates/_support/types/types_spgist/src/xlog.rs:115:12
    |
115 | pub struct spgxlogAddNode {
    |            ^^^^^^^^^^^^^^ help: convert the identifier to upper camel case (notice the capitalization): `SpgxlogAddNode`

warning: type `spgxlogSplitTuple` should have an upper camel case name
   --> /work/src/crates/_support/types/types_spgist/src/xlog.rs:154:12
    |
154 | pub struct spgxlogSplitTuple {
    |            ^^^^^^^^^^^^^^^^^ help: convert the identifier to upper camel case (notice the capitalization): `SpgxlogSplitTuple`

warning: type `spgxlogPickSplit` should have an upper camel case name
   --> /work/src/crates/_support/types/types_spgist/src/xlog.rs:184:12
    |
184 | pub struct spgxlogPickSplit {
    |            ^^^^^^^^^^^^^^^^ help: convert the identifier to upper camel case (notice the capitalization): `SpgxlogPickSplit`

warning: type `spgxlogVacuumLeaf` should have an upper camel case name
   --> /work/src/crates/_support/types/types_spgist/src/xlog.rs:238:12
    |
238 | pub struct spgxlogVacuumLeaf {
    |            ^^^^^^^^^^^^^^^^^ help: convert the identifier to upper camel case (notice the capitalization): `SpgxlogVacuumLeaf`

warning: type `spgxlogVacuumRoot` should have an upper camel case name
   --> /work/src/crates/_support/types/types_spgist/src/xlog.rs:271:12
    |
271 | pub struct spgxlogVacuumRoot {
    |            ^^^^^^^^^^^^^^^^^ help: convert the identifier to upper camel case (notice the capitalization): `SpgxlogVacuumRoot`

warning: type `spgxlogVacuumRedirect` should have an upper camel case name
   --> /work/src/crates/_support/types/types_spgist/src/xlog.rs:295:12
    |
295 | pub struct spgxlogVacuumRedirect {
    |            ^^^^^^^^^^^^^^^^^^^^^ help: convert the identifier to upper camel case (notice the capitalization): `SpgxlogVacuumRedirect`

warning: type `spgConfigIn` should have an upper camel case name
   --> /work/src/crates/_support/types/types_spgist/src/lib.rs:237:12
    |
237 | pub struct spgConfigIn {
    |            ^^^^^^^^^^^ help: convert the identifier to upper camel case (notice the capitalization): `SpgConfigIn`

warning: type `spgConfigOut` should have an upper camel case name
   --> /work/src/crates/_support/types/types_spgist/src/lib.rs:242:12
    |
242 | pub struct spgConfigOut {
    |            ^^^^^^^^^^^^ help: convert the identifier to upper camel case (notice the capitalization): `SpgConfigOut`

warning: `types_spgist` (lib) generated 19 warnings
warning: function `unported` is never used
   --> /work/src/crates/backend/utils/resowner/resowner/src/lib.rs:322:4
    |
322 | fn unported(what: &str) -> ! {
    |    ^^^^^^^^
    |
    = note: `#[warn(dead_code)]` (part of `#[warn(unused)]`) on by default

warning: function `tqueue_create_DR` should have a snake case name
   --> /work/src/crates/backend/executor/tqueue/src/lib.rs:152:8
    |
152 | pub fn tqueue_create_DR(queue: ShmMqHandle) -> DrTqueue {
    |        ^^^^^^^^^^^^^^^^ help: convert the identifier to snake case: `tqueue_create_dr`
    |
    = note: `#[warn(non_snake_case)]` (part of `#[warn(nonstandard_style)]`) on by default

warning: function `tqueue_create_DR_batched` should have a snake case name
   --> /work/src/crates/backend/executor/tqueue/src/lib.rs:164:8
    |
164 | pub fn tqueue_create_DR_batched(queue: ShmMqHandle, ledger: Arc<ChunkLedger>) -> DrTqueue {
    |        ^^^^^^^^^^^^^^^^^^^^^^^^ help: convert the identifier to snake case: `tqueue_create_dr_batched`

warning: `resowner` (lib) generated 1 warning
warning: `tqueue` (lib) generated 2 warnings
warning: unused import: `Write`
  --> /work/src/crates/backend/utils/activity/pgstat/src/file.rs:11:21
   |
11 | use std::io::{Read, Write};
   |                     ^^^^^
   |
   = note: `#[warn(unused_imports)]` (part of `#[warn(unused)]`) on by default

warning: unused import: `Read`
  --> /work/src/crates/backend/utils/activity/pgstat/src/file.rs:11:15
   |
11 | use std::io::{Read, Write};
   |               ^^^^

warning: `pgstat` (lib) generated 2 warnings (run `cargo fix --lib -p pgstat` to apply 1 suggestion)
warning: unreachable pattern
  --> /work/src/crates/backend/nodes/nodes_core/src/node_funcs.rs:47:9
   |
30 |         NodeTag::T_CollateExpr => expr_type(node.as_collate_expr().unwrap().arg),
   |         ---------------------- matches all the relevant values
...
47 |         NodeTag::T_CollateExpr => expr_type(node.as_collate_expr().unwrap().arg),
   |         ^^^^^^^^^^^^^^^^^^^^^^ no value can reach this
   |
   = note: `#[warn(unreachable_patterns)]` (part of `#[warn(unused)]`) on by default

warning: unreachable pattern
   --> /work/src/crates/backend/nodes/nodes_core/src/node_funcs.rs:194:9
    |
163 |         NodeTag::T_CollateExpr => expr_typmod(node.as_collate_expr().unwrap().arg),
    |         ---------------------- matches all the relevant values
...
194 |         NodeTag::T_CollateExpr => expr_typmod(node.as_collate_expr().unwrap().arg),
    |         ^^^^^^^^^^^^^^^^^^^^^^ no value can reach this

warning: unreachable pattern
   --> /work/src/crates/backend/nodes/nodes_core/src/node_funcs.rs:296:9
    |
279 |         NodeTag::T_CollateExpr => node.as_collate_expr().unwrap().collOid,
    |         ---------------------- matches all the relevant values
...
296 |         NodeTag::T_CollateExpr => node.as_collate_expr().unwrap().collOid,
    |         ^^^^^^^^^^^^^^^^^^^^^^ no value can reach this

warning: unreachable pattern
   --> /work/src/crates/backend/nodes/nodes_core/src/node_funcs.rs:476:9
    |
424 |         NodeTag::T_CollateExpr => expr_location(node.as_collate_expr().unwrap().arg),
    |         ---------------------- matches all the relevant values
...
476 |         NodeTag::T_CollateExpr => expr_location(node.as_collate_expr().unwrap().arg),
    |         ^^^^^^^^^^^^^^^^^^^^^^ no value can reach this

warning: `nodes_core` (lib) generated 4 warnings
warning: unused import: `MemoryContext`
  --> /work/src/crates/backend/utils/cache/typcache/src/lib.rs:19:16
   |
19 | use mcx::{Mcx, MemoryContext, PgHashMap, PgVec};
   |                ^^^^^^^^^^^^^
   |
   = note: `#[warn(unused_imports)]` (part of `#[warn(unused)]`) on by default

warning: function `relation_needs_wal` is never used
   --> /work/src/crates/backend/storage/freespace/freespace/src/lib.rs:557:4
    |
557 | fn relation_needs_wal(rel: &RelationData<'_>) -> bool {
    |    ^^^^^^^^^^^^^^^^^^
    |
    = note: `#[warn(dead_code)]` (part of `#[warn(unused)]`) on by default

warning: function `xlog_hint_bit_is_needed` is never used
   --> /work/src/crates/backend/storage/freespace/freespace/src/lib.rs:567:4
    |
567 | fn xlog_hint_bit_is_needed() -> bool {
    |    ^^^^^^^^^^^^^^^^^^^^^^^

warning: function `unported` is never used
   --> /work/src/crates/backend/storage/freespace/freespace/src/lib.rs:573:4
    |
573 | fn unported(unit: &'static str) -> ! {
    |    ^^^^^^^^

warning: `typcache` (lib) generated 1 warning (run `cargo fix --lib -p typcache` to apply 1 suggestion)
warning: `freespace` (lib) generated 3 warnings
warning: value assigned to `addedafter` is never read
   --> /work/src/crates/backend/utils/adt/arrayfuncs/src/element.rs:545:26
    |
545 |     let mut addedafter = 0i32;
    |                          ^^^^ this value is reassigned later and never used
...
578 |             addedafter = aa;
    |             --------------- `addedafter` is overwritten here before the previous value is read
    |
    = note: `#[warn(unused_assignments)]` (part of `#[warn(unused)]`) on by default

warning: unnecessary `unsafe` block
   --> /work/src/crates/backend/utils/adt/arrayfuncs/src/expanded.rs:144:55
    |
141 |     unsafe {
    |     ------ because it's nested under this `unsafe` block
...
144 |         parentcontext.register_reset_callback(move || unsafe { drop(Box::from_raw(p)) });
    |                                                       ^^^^^^ unnecessary `unsafe` block
    |
    = note: `#[warn(unused_unsafe)]` (part of `#[warn(unused)]`) on by default

warning: unnecessary `unsafe` block
   --> /work/src/crates/backend/utils/adt/arrayfuncs/src/expanded.rs:252:15
    |
252 |         cur + unsafe { varsize_any(value.as_usize() as *const u8) }
    |               ^^^^^^ unnecessary `unsafe` block

warning: unnecessary `unsafe` block
   --> /work/src/crates/backend/utils/adt/arrayfuncs/src/io.rs:559:15
    |
559 |         -1 => unsafe { varsize_any(p) },
    |               ^^^^^^ unnecessary `unsafe` block

warning: constant `HASH_RECORD_OID` is never used
   --> /work/src/crates/backend/utils/adt/arrayfuncs/src/builtins.rs:514:7
    |
514 | const HASH_RECORD_OID: Oid = 6192;
    |       ^^^^^^^^^^^^^^^
    |
    = note: `#[warn(dead_code)]` (part of `#[warn(unused)]`) on by default

warning: constant `HASH_RECORD_EXTENDED_OID` is never used
   --> /work/src/crates/backend/utils/adt/arrayfuncs/src/builtins.rs:515:7
    |
515 | const HASH_RECORD_EXTENDED_OID: Oid = 6193;
    |       ^^^^^^^^^^^^^^^^^^^^^^^^

warning: unexpected `cfg` condition name: `pgrust_sim`
  --> /work/src/crates/backend/access/gin/gin_xlog/src/lib.rs:26:7
   |
26 | #[cfg(pgrust_sim)]
   |       ^^^^^^^^^^
   |
   = help: expected names are: `docsrs`, `feature`, and `test` and 33 more
   = help: consider using a Cargo feature instead
   = help: or consider adding in `Cargo.toml` the `check-cfg` lint config for the lint:
            [lints.rust]
            unexpected_cfgs = { level = "warn", check-cfg = ['cfg(pgrust_sim)'] }
   = help: or consider adding `println!("cargo::rustc-check-cfg=cfg(pgrust_sim)");` to the top of the `build.rs`
   = note: see <https://doc.rust-lang.org/nightly/rustc/check-cfg/cargo-specifics.html> for more information about checking conditional configuration
   = note: `#[warn(unexpected_cfgs)]` on by default

warning: unexpected `cfg` condition name: `pgrust_sim`
   --> /work/src/crates/backend/access/gin/gin_xlog/src/lib.rs:590:11
    |
590 |     #[cfg(pgrust_sim)]
    |           ^^^^^^^^^^
    |
    = help: consider using a Cargo feature instead
    = help: or consider adding in `Cargo.toml` the `check-cfg` lint config for the lint:
             [lints.rust]
             unexpected_cfgs = { level = "warn", check-cfg = ['cfg(pgrust_sim)'] }
    = help: or consider adding `println!("cargo::rustc-check-cfg=cfg(pgrust_sim)");` to the top of the `build.rs`
    = note: see <https://doc.rust-lang.org/nightly/rustc/check-cfg/cargo-specifics.html> for more information about checking conditional configuration

warning: `arrayfuncs` (lib) generated 6 warnings
warning: `gin_xlog` (lib) generated 2 warnings
warning: field `0` is never read
  --> /work/src/crates/backend/utils/adt/numeric/src/sortsupport.rs:21:17
   |
21 | struct AlignBuf([u8; 128]);
   |        -------- ^^^^^^^^^
   |        |
   |        field in this struct
   |
   = help: consider removing this field
   = note: `#[warn(dead_code)]` (part of `#[warn(unused)]`) on by default

warning: `adt_numeric` (lib) generated 1 warning
warning: decoder_fuzz@0.0.0: csrc/pg_float_io.c:14:42: warning: "/*" within comment [-Wcomment]
warning: decoder_fuzz@0.0.0:    14 |  *     byte-for-byte copies of src/common/* at the same ref (compiled as
warning: decoder_fuzz@0.0.0: csrc/pg_float_io.c: In function 'float4in_internal':
warning: decoder_fuzz@0.0.0: csrc/pg_float_io.c:173:47: warning: unused parameter 'type_name' [-Wunused-parameter]
warning: decoder_fuzz@0.0.0:   173 |                                   const char *type_name, const char *orig_string,
warning: decoder_fuzz@0.0.0:       |                                   ~~~~~~~~~~~~^~~~~~~~~
warning: decoder_fuzz@0.0.0: csrc/pg_float_io.c:173:70: warning: unused parameter 'orig_string' [-Wunused-parameter]
warning: decoder_fuzz@0.0.0:   173 |                                   const char *type_name, const char *orig_string,
warning: decoder_fuzz@0.0.0:       |                                                          ~~~~~~~~~~~~^~~~~~~~~~~
warning: decoder_fuzz@0.0.0: csrc/pg_float_io.c:174:48: warning: unused parameter 'escontext' [-Wunused-parameter]
warning: decoder_fuzz@0.0.0:   174 |                                   struct Node *escontext)
warning: decoder_fuzz@0.0.0:       |                                   ~~~~~~~~~~~~~^~~~~~~~~
warning: decoder_fuzz@0.0.0: csrc/pg_float_io.c: In function 'float8in_internal':
warning: decoder_fuzz@0.0.0: csrc/pg_float_io.c:307:47: warning: unused parameter 'type_name' [-Wunused-parameter]
warning: decoder_fuzz@0.0.0:   307 |                                   const char *type_name, const char *orig_string,
warning: decoder_fuzz@0.0.0:       |                                   ~~~~~~~~~~~~^~~~~~~~~
warning: decoder_fuzz@0.0.0: csrc/pg_float_io.c:307:70: warning: unused parameter 'orig_string' [-Wunused-parameter]
warning: decoder_fuzz@0.0.0:   307 |                                   const char *type_name, const char *orig_string,
warning: decoder_fuzz@0.0.0:       |                                                          ~~~~~~~~~~~~^~~~~~~~~~~
warning: decoder_fuzz@0.0.0: csrc/pg_float_io.c:308:48: warning: unused parameter 'escontext' [-Wunused-parameter]
warning: decoder_fuzz@0.0.0:   308 |                                   struct Node *escontext)
warning: decoder_fuzz@0.0.0:       |                                   ~~~~~~~~~~~~~^~~~~~~~~
warning: decoder_fuzz@0.0.0: csrc/pg_float_io.c: At top level:
warning: decoder_fuzz@0.0.0: csrc/pg_float_io.c:533:9: warning: "Assert" redefined
warning: decoder_fuzz@0.0.0:   533 | #define Assert(condition) ((void) 0)
warning: decoder_fuzz@0.0.0:       |         ^~~~~~
warning: decoder_fuzz@0.0.0: In file included from csrc/pg_float_io.c:36:
warning: decoder_fuzz@0.0.0: csrc/shim/postgres.h:37:9: note: this is the location of the previous definition
warning: decoder_fuzz@0.0.0:    37 | #define Assert(x) ((void) 0)
warning: decoder_fuzz@0.0.0:       |         ^~~~~~
warning: decoder_fuzz@0.0.0: csrc/pg_float_agg_check.c: In function 'check_float8_array':
warning: decoder_fuzz@0.0.0: csrc/pg_float_agg_check.c:61:27: warning: operand of '?:' changes signedness from 'int32' {aka 'int'} to 'long unsigned int' due to unsignedness of other operand [-Wsign-compare]
warning: decoder_fuzz@0.0.0:    61 |         (ARR_HASNULL(a) ? (a)->dataoffset : ARR_OVERHEAD_NONULLS(ARR_NDIM(a)))
warning: decoder_fuzz@0.0.0:       |                           ^~~~~~~~~~~~~~~
warning: decoder_fuzz@0.0.0: csrc/pg_float_agg_check.c:62:43: note: in expansion of macro 'ARR_DATA_OFFSET'
warning: decoder_fuzz@0.0.0:    62 | #define ARR_DATA_PTR(a) (((char *) (a)) + ARR_DATA_OFFSET(a))
warning: decoder_fuzz@0.0.0:       |                                           ^~~~~~~~~~~~~~~
warning: decoder_fuzz@0.0.0: csrc/pg_float_agg_check.c:79:27: note: in expansion of macro 'ARR_DATA_PTR'
warning: decoder_fuzz@0.0.0:    79 |         return (float8 *) ARR_DATA_PTR(transarray);
warning: decoder_fuzz@0.0.0:       |                           ^~~~~~~~~~~~
warning: decoder_fuzz@0.0.0: csrc/pg_float_agg_check.c:67:55: warning: unused parameter 'caller' [-Wunused-parameter]
warning: decoder_fuzz@0.0.0:    67 | check_float8_array(ArrayType *transarray, const char *caller, int n)
warning: decoder_fuzz@0.0.0:       |                                           ~~~~~~~~~~~~^~~~~~
warning: decoder_fuzz@0.0.0: csrc/pg_geo_io.c:662:9: warning: "palloc" redefined
warning: decoder_fuzz@0.0.0:   662 | #define palloc(n) pg_geo_palloc_impl(n)
warning: decoder_fuzz@0.0.0:       |         ^~~~~~
warning: decoder_fuzz@0.0.0: In file included from csrc/pg_geo_io.c:30:
warning: decoder_fuzz@0.0.0: csrc/shim/postgres.h:34:9: note: this is the location of the previous definition
warning: decoder_fuzz@0.0.0:    34 | #define palloc(n) malloc(n)
warning: decoder_fuzz@0.0.0:       |         ^~~~~~
warning: decoder_fuzz@0.0.0: csrc/pg_strfam.c: In function 'pg_clean_ascii':
warning: decoder_fuzz@0.0.0: csrc/pg_strfam.c:221:37: warning: unused parameter 'alloc_flags' [-Wunused-parameter]
warning: decoder_fuzz@0.0.0:   221 | pg_clean_ascii(const char *str, int alloc_flags)
warning: decoder_fuzz@0.0.0:       |                                 ~~~~^~~~~~~~~~~
warning: decoder_fuzz@0.0.0: csrc/pg_strfam.c: In function 'replace_percent_placeholders':
warning: decoder_fuzz@0.0.0: csrc/pg_strfam.c:264:61: warning: unused parameter 'param_name' [-Wunused-parameter]
warning: decoder_fuzz@0.0.0:   264 | replace_percent_placeholders(const char *instr, const char *param_name, const char *letters,...)
warning: decoder_fuzz@0.0.0:       |                                                 ~~~~~~~~~~~~^~~~~~~~~~
warning: decoder_fuzz@0.0.0: csrc/pg_strfam.c: In function 'make_native_path':
warning: decoder_fuzz@0.0.0: csrc/pg_strfam.c:338:24: warning: unused parameter 'filename' [-Wunused-parameter]
warning: decoder_fuzz@0.0.0:   338 | make_native_path(char *filename)
warning: decoder_fuzz@0.0.0:       |                  ~~~~~~^~~~~~~~
warning: decoder_fuzz@0.0.0: csrc/pg_cash_io.c: In function 'pg_diff_cash_in':
warning: decoder_fuzz@0.0.0: csrc/pg_cash_io.c:271:44: warning: array subscript 1 is outside array bounds of 'char[1]' [-Warray-bounds=]
warning: decoder_fuzz@0.0.0:   271 |                 lconvert->mon_decimal_point[1] == '\0')
warning: decoder_fuzz@0.0.0:       |                 ~~~~~~~~~~~~~~~~~~~~~~~~~~~^~~
warning: decoder_fuzz@0.0.0: csrc/pg_cash_io.c:179:13: note: at offset 1 into object 'pg_cash_empty' of size 1
warning: decoder_fuzz@0.0.0:   179 | static char pg_cash_empty[1] = "";
warning: decoder_fuzz@0.0.0:       |             ^~~~~~~~~~~~~
warning: decoder_fuzz@0.0.0: csrc/pg_cash_io.c: In function 'pg_diff_cash_out':
warning: decoder_fuzz@0.0.0: csrc/pg_cash_io.c:459:44: warning: array subscript 1 is outside array bounds of 'char[1]' [-Warray-bounds=]
warning: decoder_fuzz@0.0.0:   459 |                 lconvert->mon_decimal_point[1] == '\0')
warning: decoder_fuzz@0.0.0:       |                 ~~~~~~~~~~~~~~~~~~~~~~~~~~~^~~
warning: decoder_fuzz@0.0.0: csrc/pg_cash_io.c:179:13: note: at offset 1 into object 'pg_cash_empty' of size 1
warning: decoder_fuzz@0.0.0:   179 | static char pg_cash_empty[1] = "";
warning: decoder_fuzz@0.0.0:       |             ^~~~~~~~~~~~~
warning: decoder_fuzz@0.0.0: csrc/pg_lsn_oracle.c: In function 'set_var_from_str':
warning: decoder_fuzz@0.0.0: csrc/pg_lsn_oracle.c:997:30: warning: unused parameter 'str' [-Wunused-parameter]
warning: decoder_fuzz@0.0.0:   997 | set_var_from_str(const char *str, const char *cp,
warning: decoder_fuzz@0.0.0:       |                  ~~~~~~~~~~~~^~~
warning: decoder_fuzz@0.0.0: csrc/pg_lsn_oracle.c:999:40: warning: unused parameter 'escontext' [-Wunused-parameter]
warning: decoder_fuzz@0.0.0:   999 |                                  Node *escontext)
warning: decoder_fuzz@0.0.0:       |                                  ~~~~~~^~~~~~~~~
warning: decoder_fuzz@0.0.0: csrc/pg_lsn_oracle.c: In function 'apply_typmod':
warning: decoder_fuzz@0.0.0: csrc/pg_lsn_oracle.c:1351:101: warning: right-hand operand of comma expression has no effect [-Wunused-value]
warning: decoder_fuzz@0.0.0:  1351 |                                                         (errcode(ERRCODE_NUMERIC_VALUE_OUT_OF_RANGE),
warning: decoder_fuzz@0.0.0:       |                                                                                                     ^
warning: decoder_fuzz@0.0.0: csrc/pg_lsn_oracle.c:125:53: note: in definition of macro 'ereturn'
warning: decoder_fuzz@0.0.0:   125 | #define ereturn(escontext, ret, stuff) do { (void) (stuff); return (ret); } while (0)
warning: decoder_fuzz@0.0.0:       |                                                     ^~~~~
warning: decoder_fuzz@0.0.0: csrc/pg_lsn_oracle.c:1302:51: warning: unused parameter 'escontext' [-Wunused-parameter]
warning: decoder_fuzz@0.0.0:  1302 | apply_typmod(NumericVar *var, int32 typmod, Node *escontext)
warning: decoder_fuzz@0.0.0:       |                                             ~~~~~~^~~~~~~~~
warning: decoder_fuzz@0.0.0: csrc/pg_lsn_oracle.c: In function 'apply_typmod_special':
warning: decoder_fuzz@0.0.0: csrc/pg_lsn_oracle.c:1393:69: warning: right-hand operand of comma expression has no effect [-Wunused-value]
warning: decoder_fuzz@0.0.0:  1393 |                         (errcode(ERRCODE_NUMERIC_VALUE_OUT_OF_RANGE),
warning: decoder_fuzz@0.0.0:       |                                                                     ^
warning: decoder_fuzz@0.0.0: csrc/pg_lsn_oracle.c:125:53: note: in definition of macro 'ereturn'
warning: decoder_fuzz@0.0.0:   125 | #define ereturn(escontext, ret, stuff) do { (void) (stuff); return (ret); } while (0)
warning: decoder_fuzz@0.0.0:       |                                                     ^~~~~
warning: decoder_fuzz@0.0.0: csrc/pg_lsn_oracle.c:1372:33: warning: variable 'scale' set but not used [-Wunused-but-set-variable]
warning: decoder_fuzz@0.0.0:  1372 |         int                     scale;
warning: decoder_fuzz@0.0.0:       |                                 ^~~~~
warning: decoder_fuzz@0.0.0: csrc/pg_lsn_oracle.c:1371:33: warning: variable 'precision' set but not used [-Wunused-but-set-variable]
warning: decoder_fuzz@0.0.0:  1371 |         int                     precision;
warning: decoder_fuzz@0.0.0:       |                                 ^~~~~~~~~
warning: decoder_fuzz@0.0.0: csrc/pg_lsn_oracle.c:1369:55: warning: unused parameter 'escontext' [-Wunused-parameter]
warning: decoder_fuzz@0.0.0:  1369 | apply_typmod_special(Numeric num, int32 typmod, Node *escontext)
warning: decoder_fuzz@0.0.0:       |                                                 ~~~~~~^~~~~~~~~
warning: decoder_fuzz@0.0.0: csrc/pg_enc_tables.c: In function 'ScanKeywordLookup':
warning: decoder_fuzz@0.0.0: csrc/pg_enc_tables.c:376:17: warning: comparison of integer expressions of different signedness: 'size_t' {aka 'long unsigned int'} and 'int' [-Wsign-compare]
warning: decoder_fuzz@0.0.0:   376 |         if (len > keywords->max_kw_len)
warning: decoder_fuzz@0.0.0:       |                 ^
warning: decoder_fuzz@0.0.0: csrc/hashenc/hmac.c: In function 'hashenc_impl_pg_hmac_init':
warning: decoder_fuzz@0.0.0: csrc/hashenc/hmac.c:158:17: warning: comparison of integer expressions of different signedness: 'size_t' {aka 'long unsigned int'} and 'int' [-Wsign-compare]
warning: decoder_fuzz@0.0.0:   158 |         if (len > block_size)
warning: decoder_fuzz@0.0.0:       |                 ^
warning: decoder_fuzz@0.0.0: csrc/hashenc/hmac.c:195:23: warning: comparison of integer expressions of different signedness: 'int' and 'size_t' {aka 'long unsigned int'} [-Wsign-compare]
warning: decoder_fuzz@0.0.0:   195 |         for (i = 0; i < len; i++)
warning: decoder_fuzz@0.0.0:       |                       ^
warning: decoder_fuzz@0.0.0: In file included from csrc/hashenc/pg_hashenc_ascii.c:24:
warning: decoder_fuzz@0.0.0: csrc/hashenc/shim/mb/pg_wchar.h: In function 'pg_encoding_to_char':
warning: decoder_fuzz@0.0.0: csrc/hashenc/shim/mb/pg_wchar.h:67:25: warning: unused parameter 'enc' [-Wunused-parameter]
warning: decoder_fuzz@0.0.0:    67 | pg_encoding_to_char(int enc)
warning: decoder_fuzz@0.0.0:       |                     ~~~~^~~
warning: decoder_fuzz@0.0.0: In file included from csrc/hashenc/pg_hashenc_glue.c:18:
warning: decoder_fuzz@0.0.0: csrc/hashenc/shim/mb/pg_wchar.h: In function 'pg_encoding_to_char':
warning: decoder_fuzz@0.0.0: csrc/hashenc/shim/mb/pg_wchar.h:67:25: warning: unused parameter 'enc' [-Wunused-parameter]
warning: decoder_fuzz@0.0.0:    67 | pg_encoding_to_char(int enc)
warning: decoder_fuzz@0.0.0:       |                     ~~~~^~~
warning: decoder_fuzz@0.0.0: csrc/cryptofam/hmac.c: In function 'cryptofam_pg_hmac_init':
warning: decoder_fuzz@0.0.0: csrc/cryptofam/hmac.c:158:17: warning: comparison of integer expressions of different signedness: 'size_t' {aka 'long unsigned int'} and 'int' [-Wsign-compare]
warning: decoder_fuzz@0.0.0:   158 |         if (len > block_size)
warning: decoder_fuzz@0.0.0:       |                 ^
warning: decoder_fuzz@0.0.0: csrc/cryptofam/hmac.c:195:23: warning: comparison of integer expressions of different signedness: 'int' and 'size_t' {aka 'long unsigned int'} [-Wsign-compare]
warning: decoder_fuzz@0.0.0:   195 |         for (i = 0; i < len; i++)
warning: decoder_fuzz@0.0.0:       |                       ^
warning: decoder_fuzz@0.0.0: csrc/tablesfam/kwlookup.c: In function 'tablesfam_ScanKeywordLookup':
warning: decoder_fuzz@0.0.0: csrc/tablesfam/kwlookup.c:50:17: warning: comparison of integer expressions of different signedness: 'size_t' {aka 'long unsigned int'} and 'int' [-Wsign-compare]
warning: decoder_fuzz@0.0.0:    50 |         if (len > keywords->max_kw_len)
warning: decoder_fuzz@0.0.0:       |                 ^
warning: unused import: `core::cmp::Ordering`
  --> /work/src/crates/backend/utils/adt/varlena/src/lib.rs:23:5
   |
23 | use core::cmp::Ordering;
   |     ^^^^^^^^^^^^^^^^^^^
   |
   = note: `#[warn(unused_imports)]` (part of `#[warn(unused)]`) on by default

warning: type `X509_NAME_ENTRY` should have an upper camel case name
 --> /work/src/crates/backend/libpq/be_secure_openssl/src/cffi.rs:8:10
  |
8 | pub enum X509_NAME_ENTRY {}
  |          ^^^^^^^^^^^^^^^ help: convert the identifier to upper camel case: `X509NameEntry`
  |
  = note: `#[warn(non_camel_case_types)]` (part of `#[warn(nonstandard_style)]`) on by default

warning: type `X509_EXTENSION` should have an upper camel case name
  --> /work/src/crates/backend/libpq/be_secure_openssl/src/cffi.rs:10:10
   |
10 | pub enum X509_EXTENSION {}
   |          ^^^^^^^^^^^^^^ help: convert the identifier to upper camel case: `X509Extension`

warning: `varlena` (lib) generated 1 warning (run `cargo fix --lib -p varlena` to apply 1 suggestion)
warning: `be_secure_openssl` (lib) generated 2 warnings
warning: variant `REPLICATION_KIND_PHYSICAL` should have an upper camel case name
  --> /work/src/crates/backend/replication/repl_gram/src/lib.rs:25:5
   |
25 |     REPLICATION_KIND_PHYSICAL,
   |     ^^^^^^^^^^^^^^^^^^^^^^^^^ help: convert the identifier to upper camel case: `ReplicationKindPhysical`
   |
   = note: `#[warn(non_camel_case_types)]` (part of `#[warn(nonstandard_style)]`) on by default

warning: variant `REPLICATION_KIND_LOGICAL` should have an upper camel case name
  --> /work/src/crates/backend/replication/repl_gram/src/lib.rs:26:5
   |
26 |     REPLICATION_KIND_LOGICAL,
   |     ^^^^^^^^^^^^^^^^^^^^^^^^ help: convert the identifier to upper camel case: `ReplicationKindLogical`

warning: constant in pattern `InvalidOid` should have an upper case name
   --> /work/src/crates/backend/utils/adt/regproc/src/lib.rs:305:13
    |
305 |             InvalidOid => return Ok((raw, Vec::new())),
    |             ^^^^^^^^^^ help: convert the identifier to upper case: `INVALID_OID`
    |
    = note: `#[warn(non_upper_case_globals)]` (part of `#[warn(nonstandard_style)]`) on by default

warning: variant `XMLOPTION_DOCUMENT` should have an upper camel case name
  --> /work/src/crates/backend/utils/adt/xml/src/lib.rs:51:5
   |
51 |     XMLOPTION_DOCUMENT = 0,
   |     ^^^^^^^^^^^^^^^^^^ help: convert the identifier to upper camel case: `XmloptionDocument`
   |
   = note: `#[warn(non_camel_case_types)]` (part of `#[warn(nonstandard_style)]`) on by default

warning: variant `XMLOPTION_CONTENT` should have an upper camel case name
  --> /work/src/crates/backend/utils/adt/xml/src/lib.rs:52:5
   |
52 |     XMLOPTION_CONTENT = 1,
   |     ^^^^^^^^^^^^^^^^^ help: convert the identifier to upper camel case: `XmloptionContent`

warning: variant `XMLBINARY_BASE64` should have an upper camel case name
  --> /work/src/crates/backend/utils/adt/xml/src/lib.rs:57:5
   |
57 |     XMLBINARY_BASE64 = 0,
   |     ^^^^^^^^^^^^^^^^ help: convert the identifier to upper camel case: `XmlbinaryBase64`

warning: variant `XMLBINARY_HEX` should have an upper camel case name
  --> /work/src/crates/backend/utils/adt/xml/src/lib.rs:58:5
   |
58 |     XMLBINARY_HEX = 1,
   |     ^^^^^^^^^^^^^ help: convert the identifier to upper camel case: `XmlbinaryHex`

warning: variant `XML_STANDALONE_YES` should have an upper camel case name
  --> /work/src/crates/backend/utils/adt/xml/src/lib.rs:63:5
   |
63 |     XML_STANDALONE_YES = 0,
   |     ^^^^^^^^^^^^^^^^^^ help: convert the identifier to upper camel case: `XmlStandaloneYes`

warning: variant `XML_STANDALONE_NO` should have an upper camel case name
  --> /work/src/crates/backend/utils/adt/xml/src/lib.rs:64:5
   |
64 |     XML_STANDALONE_NO = 1,
   |     ^^^^^^^^^^^^^^^^^ help: convert the identifier to upper camel case: `XmlStandaloneNo`

warning: variant `XML_STANDALONE_NO_VALUE` should have an upper camel case name
  --> /work/src/crates/backend/utils/adt/xml/src/lib.rs:65:5
   |
65 |     XML_STANDALONE_NO_VALUE = 2,
   |     ^^^^^^^^^^^^^^^^^^^^^^^ help: convert the identifier to upper camel case: `XmlStandaloneNoValue`

warning: variant `XML_STANDALONE_OMITTED` should have an upper camel case name
  --> /work/src/crates/backend/utils/adt/xml/src/lib.rs:66:5
   |
66 |     XML_STANDALONE_OMITTED = 3,
   |     ^^^^^^^^^^^^^^^^^^^^^^ help: convert the identifier to upper camel case: `XmlStandaloneOmitted`

warning: unnecessary `unsafe` block
   --> /work/src/crates/backend/utils/adt/xml/src/xmltable.rs:289:13
    |
285 |     unsafe {
    |     ------ because it's nested under this `unsafe` block
...
289 |             unsafe {
    |             ^^^^^^ unnecessary `unsafe` block
    |
    = note: `#[warn(unused_unsafe)]` (part of `#[warn(unused)]`) on by default

warning: unnecessary `unsafe` block
  --> /work/src/crates/backend/utils/adt/xml/src/xpath.rs:42:17
   |
23 |     unsafe {
   |     ------ because it's nested under this `unsafe` block
...
42 |                 unsafe {
   |                 ^^^^^^ unnecessary `unsafe` block

warning: unnecessary `unsafe` block
   --> /work/src/crates/backend/utils/adt/xml/src/xpath.rs:229:13
    |
196 |     unsafe {
    |     ------ because it's nested under this `unsafe` block
...
229 |             unsafe {
    |             ^^^^^^ unnecessary `unsafe` block

warning: field `has_ambuildphasename` is never read
  --> /work/src/crates/backend/utils/adt/adt_amutils/src/lib.rs:93:5
   |
80 | struct AmFlags {
   |        ------- field in this struct
...
93 |     has_ambuildphasename: bool,
   |     ^^^^^^^^^^^^^^^^^^^^
   |
   = note: `#[warn(dead_code)]` (part of `#[warn(unused)]`) on by default

warning: `repl_gram` (lib) generated 2 warnings
warning: `adt_regproc` (lib) generated 1 warning
warning: `adt_xml` (lib) generated 11 warnings
warning: `adt_amutils` (lib) generated 1 warning
warning: function `WaitEventCustomShmemSize` should have a snake case name
  --> /work/src/crates/backend/utils/activity/waitevent/src/custom.rs:92:8
   |
92 | pub fn WaitEventCustomShmemSize() -> usize {
   |        ^^^^^^^^^^^^^^^^^^^^^^^^ help: convert the identifier to snake case: `wait_event_custom_shmem_size`
   |
   = note: `#[warn(non_snake_case)]` (part of `#[warn(nonstandard_style)]`) on by default

warning: function `WaitEventCustomShmemInit` should have a snake case name
   --> /work/src/crates/backend/utils/activity/waitevent/src/custom.rs:100:8
    |
100 | pub fn WaitEventCustomShmemInit() -> PgResult<()> {
    |        ^^^^^^^^^^^^^^^^^^^^^^^^ help: convert the identifier to snake case: `wait_event_custom_shmem_init`

warning: function `WaitEventCustomShmemResetAfterCrash` should have a snake case name
   --> /work/src/crates/backend/utils/activity/waitevent/src/custom.rs:138:8
    |
138 | pub fn WaitEventCustomShmemResetAfterCrash() {
    |        ^^^^^^^^^^^^^^^^^^^^^^^^^^^^^^^^^^^ help: convert the identifier to snake case: `wait_event_custom_shmem_reset_after_crash`

warning: function `WaitEventExtensionNew` should have a snake case name
   --> /work/src/crates/backend/utils/activity/waitevent/src/custom.rs:150:8
    |
150 | pub fn WaitEventExtensionNew(wait_event_name: &str) -> PgResult<u32> {
    |        ^^^^^^^^^^^^^^^^^^^^^ help: convert the identifier to snake case: `wait_event_extension_new`

warning: function `WaitEventInjectionPointNew` should have a snake case name
   --> /work/src/crates/backend/utils/activity/waitevent/src/custom.rs:154:8
    |
154 | pub fn WaitEventInjectionPointNew(wait_event_name: &str) -> PgResult<u32> {
    |        ^^^^^^^^^^^^^^^^^^^^^^^^^^ help: convert the identifier to snake case: `wait_event_injection_point_new`

warning: function `WaitEventCustomNew` should have a snake case name
   --> /work/src/crates/backend/utils/activity/waitevent/src/custom.rs:173:8
    |
173 | pub fn WaitEventCustomNew(class_id: u32, wait_event_name: &str) -> PgResult<u32> {
    |        ^^^^^^^^^^^^^^^^^^ help: convert the identifier to snake case: `wait_event_custom_new`

warning: function `GetWaitEventCustomIdentifier` should have a snake case name
   --> /work/src/crates/backend/utils/activity/waitevent/src/custom.rs:246:8
    |
246 | pub fn GetWaitEventCustomIdentifier(wait_event_info: u32) -> &'static str {
    |        ^^^^^^^^^^^^^^^^^^^^^^^^^^^^ help: convert the identifier to snake case: `get_wait_event_custom_identifier`

warning: function `GetWaitEventCustomNames` should have a snake case name
   --> /work/src/crates/backend/utils/activity/waitevent/src/custom.rs:278:8
    |
278 | pub fn GetWaitEventCustomNames(class_id: u32) -> Vec<String> {
    |        ^^^^^^^^^^^^^^^^^^^^^^^ help: convert the identifier to snake case: `get_wait_event_custom_names`

warning: value assigned to `ss` is never read
   --> /work/src/crates/backend/regex/regex_core/src/regex_exec.rs:973:33
    |
973 |     let mut ss: Option<usize> = Some(css);
    |                                 ^^^^^^^^^ this value is reassigned later and never used
...
985 |                 ss = Some(ncss);
    |                 --------------- `ss` is overwritten here before the previous value is read
    |
    = note: `#[warn(unused_assignments)]` (part of `#[warn(unused)]`) on by default

warning: unused import: `Point`
 --> /work/src/crates/backend/utils/adt/geo/src/path.rs:2:25
  |
2 | use ::types_core::geo::{Point, BOX, PATH_HEADER_SIZE};
  |                         ^^^^^
  |
  = note: `#[warn(unused_imports)]` (part of `#[warn(unused)]`) on by default

warning: `waitevent` (lib) generated 8 warnings
warning: `regex_core` (lib) generated 1 warning
warning: `adt_geo` (lib) generated 1 warning (run `cargo fix --lib -p adt_geo` to apply 1 suggestion)
warning: unexpected `cfg` condition name: `loom`
  --> /work/src/crates/backend/utils/misc/injection_point/src/lib.rs:51:1
   |
51 | / pgsync::process_global! {
52 | |     static REGISTRY: Mutex<Vec<(String, Action)>> = Mutex::new(Vec::new());
53 | | }
   | |_^
   |
   = help: expected names are: `docsrs`, `feature`, and `test` and 33 more
   = note: using a cfg inside a macro will use the cfgs from the destination crate and not the ones from the defining crate
   = help: try referring to `$crate::__process_global_one` crate for guidance on how handle this unexpected cfg
   = note: see <https://doc.rust-lang.org/nightly/rustc/check-cfg/cargo-specifics.html> for more information about checking conditional configuration
   = note: `#[warn(unexpected_cfgs)]` on by default
   = note: this warning originates in the macro `$crate::__process_global_one` which comes from the expansion of the macro `pgsync::process_global` (in Nightly builds, run with -Z macro-backtrace for more info)

warning: unexpected `cfg` condition name: `loom`
  --> /work/src/crates/backend/utils/misc/injection_point/src/lib.rs:51:1
   |
51 | / pgsync::process_global! {
52 | |     static REGISTRY: Mutex<Vec<(String, Action)>> = Mutex::new(Vec::new());
53 | | }
   | |_^
   |
   = note: using a cfg inside a macro will use the cfgs from the destination crate and not the ones from the defining crate
   = help: try referring to `$crate::__process_global_one` crate for guidance on how handle this unexpected cfg
   = note: see <https://doc.rust-lang.org/nightly/rustc/check-cfg/cargo-specifics.html> for more information about checking conditional configuration
   = note: this warning originates in the macro `$crate::__process_global_one` which comes from the expansion of the macro `pgsync::process_global` (in Nightly builds, run with -Z macro-backtrace for more info)

warning: unexpected `cfg` condition name: `loom`
  --> /work/src/crates/backend/utils/misc/injection_point/src/lib.rs:65:1
   |
65 | / pgsync::process_global! {
66 | |     static WAIT_SLOTS: Mutex<[WaitSlot; INJ_MAX_WAIT]> =
67 | |         Mutex::new([const { WaitSlot { name: String::new(), wait_count: 0 } }; INJ_MAX_WAIT]);
68 | | }
   | |_^
   |
   = note: using a cfg inside a macro will use the cfgs from the destination crate and not the ones from the defining crate
   = help: try referring to `$crate::__process_global_one` crate for guidance on how handle this unexpected cfg
   = note: see <https://doc.rust-lang.org/nightly/rustc/check-cfg/cargo-specifics.html> for more information about checking conditional configuration
   = note: this warning originates in the macro `$crate::__process_global_one` which comes from the expansion of the macro `pgsync::process_global` (in Nightly builds, run with -Z macro-backtrace for more info)

warning: unused import: `MemoryContext`
 --> /work/src/crates/backend/utils/adt/regexp/src/lib.rs:6:68
  |
6 | use ::mcx::{slice_in, vec_append_bytes, vec_with_capacity_in, Mcx, MemoryContext, PgVec};
  |                                                                    ^^^^^^^^^^^^^
  |
  = note: `#[warn(unused_imports)]` (part of `#[warn(unused)]`) on by default

warning: unused import: `vec_with_capacity_in`
 --> /work/src/crates/backend/utils/adt/tsrank/src/rank_cd.rs:4:13
  |
4 | use ::mcx::{vec_with_capacity_in, Mcx, PgVec};
  |             ^^^^^^^^^^^^^^^^^^^^
  |
  = note: `#[warn(unused_imports)]` (part of `#[warn(unused)]`) on by default

warning: `injection_point` (lib) generated 8 warnings (5 duplicates)
warning: `adt_regexp` (lib) generated 1 warning (run `cargo fix --lib -p adt_regexp` to apply 1 suggestion)
warning: `adt_tsrank` (lib) generated 1 warning (run `cargo fix --lib -p adt_tsrank` to apply 1 suggestion)
warning: unused macro definition: `unported`
   --> /work/src/crates/backend/storage/buffer/bufmgr/src/lib.rs:277:14
    |
277 | macro_rules! unported {
    |              ^^^^^^^^
    |
    = note: `#[warn(unused_macros)]` (part of `#[warn(unused)]`) on by default

warning: method `io_wref_armed` is never used
  --> /work/src/crates/backend/storage/buffer/bufmgr/src/buf_hdr.rs:85:19
   |
33 | impl BufferDesc {
   | --------------- method in this implementation
...
85 |     pub(crate) fn io_wref_armed(&self) -> bool {
   |                   ^^^^^^^^^^^^^
   |
   = note: `#[warn(dead_code)]` (part of `#[warn(unused)]`) on by default

warning: function `buffer_pool_initialized` is never used
   --> /work/src/crates/backend/storage/buffer/bufmgr/src/buf_hdr.rs:155:8
    |
155 | pub fn buffer_pool_initialized() -> bool {
    |        ^^^^^^^^^^^^^^^^^^^^^^^

warning: unused import: `vec_with_capacity_in`
  --> /work/src/crates/backend/utils/cache/ts_cache/src/lib.rs:15:11
   |
15 | use mcx::{vec_with_capacity_in, Mcx, MemoryContext, PgHashMap, PgVec};
   |           ^^^^^^^^^^^^^^^^^^^^
   |
   = note: `#[warn(unused_imports)]` (part of `#[warn(unused)]`) on by default

warning: unnecessary `unsafe` block
  --> /work/src/crates/backend/snowball/dict_snowball/src/stemmers/stem_iso_8859_1_english.rs:33:30
   |
33 | static mut a_0: [among; 3] = unsafe {
   |                              ^^^^^^ unnecessary `unsafe` block
   |
   = note: `#[warn(unused_unsafe)]` (part of `#[warn(unused)]`) on by default

warning: unnecessary `unsafe` block
  --> /work/src/crates/backend/snowball/dict_snowball/src/stemmers/stem_iso_8859_1_english.rs:65:30
   |
65 | static mut a_1: [among; 3] = unsafe {
   |                              ^^^^^^ unnecessary `unsafe` block

warning: unnecessary `unsafe` block
   --> /work/src/crates/backend/snowball/dict_snowball/src/stemmers/stem_iso_8859_1_english.rs:109:30
    |
109 | static mut a_2: [among; 6] = unsafe {
    |                              ^^^^^^ unnecessary `unsafe` block

warning: unnecessary `unsafe` block
   --> /work/src/crates/backend/snowball/dict_snowball/src/stemmers/stem_iso_8859_1_english.rs:167:31
    |
167 | static mut a_3: [among; 13] = unsafe {
    |                               ^^^^^^ unnecessary `unsafe` block

warning: unnecessary `unsafe` block
   --> /work/src/crates/backend/snowball/dict_snowball/src/stemmers/stem_iso_8859_1_english.rs:293:30
    |
293 | static mut a_4: [among; 6] = unsafe {
    |                              ^^^^^^ unnecessary `unsafe` block

warning: unnecessary `unsafe` block
   --> /work/src/crates/backend/snowball/dict_snowball/src/stemmers/stem_iso_8859_1_english.rs:504:31
    |
504 | static mut a_5: [among; 24] = unsafe {
    |                               ^^^^^^ unnecessary `unsafe` block

warning: unnecessary `unsafe` block
   --> /work/src/crates/backend/snowball/dict_snowball/src/stemmers/stem_iso_8859_1_english.rs:738:30
    |
738 | static mut a_6: [among; 9] = unsafe {
    |                              ^^^^^^ unnecessary `unsafe` block

warning: unnecessary `unsafe` block
   --> /work/src/crates/backend/snowball/dict_snowball/src/stemmers/stem_iso_8859_1_english.rs:890:31
    |
890 | static mut a_7: [among; 18] = unsafe {
    |                               ^^^^^^ unnecessary `unsafe` block

warning: unnecessary `unsafe` block
    --> /work/src/crates/backend/snowball/dict_snowball/src/stemmers/stem_iso_8859_1_english.rs:1022:30
     |
1022 | static mut a_8: [among; 2] = unsafe {
     |                              ^^^^^^ unnecessary `unsafe` block

warning: unnecessary `unsafe` block
    --> /work/src/crates/backend/snowball/dict_snowball/src/stemmers/stem_iso_8859_1_english.rs:1109:30
     |
1109 | static mut a_9: [among; 8] = unsafe {
     |                              ^^^^^^ unnecessary `unsafe` block

warning: unnecessary `unsafe` block
    --> /work/src/crates/backend/snowball/dict_snowball/src/stemmers/stem_iso_8859_1_english.rs:1289:32
     |
1289 | static mut a_10: [among; 18] = unsafe {
     |                                ^^^^^^ unnecessary `unsafe` block

warning: variable does not need to be mutable
    --> /work/src/crates/backend/snowball/dict_snowball/src/stemmers/stem_iso_8859_1_english.rs:1594:21
     |
1594 | unsafe fn r_prelude(mut z: *mut SN_env) -> ::core::ffi::c_int {
     |                     ----^
     |                     |
     |                     help: remove this `mut`
     |
     = note: `#[warn(unused_mut)]` (part of `#[warn(unused)]`) on by default

warning: variable does not need to be mutable
    --> /work/src/crates/backend/snowball/dict_snowball/src/stemmers/stem_iso_8859_1_english.rs:1597:9
     |
1597 |     let mut c1: ::core::ffi::c_int = (*z).c;
     |         ----^^
     |         |
     |         help: remove this `mut`

warning: variable does not need to be mutable
    --> /work/src/crates/backend/snowball/dict_snowball/src/stemmers/stem_iso_8859_1_english.rs:1604:13
     |
1604 |         let mut ret: ::core::ffi::c_int = slice_del(z);
     |             ----^^^
     |             |
     |             help: remove this `mut`

warning: variable does not need to be mutable
    --> /work/src/crates/backend/snowball/dict_snowball/src/stemmers/stem_iso_8859_1_english.rs:1610:9
     |
1610 |     let mut c2: ::core::ffi::c_int = (*z).c;
     |         ----^^
     |         |
     |         help: remove this `mut`

warning: variable does not need to be mutable
    --> /work/src/crates/backend/snowball/dict_snowball/src/stemmers/stem_iso_8859_1_english.rs:1617:13
     |
1617 |         let mut ret_0: ::core::ffi::c_int = slice_from_s(
     |             ----^^^^^
     |             |
     |             help: remove this `mut`

warning: variable does not need to be mutable
    --> /work/src/crates/backend/snowball/dict_snowball/src/stemmers/stem_iso_8859_1_english.rs:1628:9
     |
1628 |     let mut c3: ::core::ffi::c_int = (*z).c;
     |         ----^^
     |         |
     |         help: remove this `mut`

warning: variable does not need to be mutable
    --> /work/src/crates/backend/snowball/dict_snowball/src/stemmers/stem_iso_8859_1_english.rs:1630:13
     |
1630 |         let mut c4: ::core::ffi::c_int = (*z).c;
     |             ----^^
     |             |
     |             help: remove this `mut`

warning: variable does not need to be mutable
    --> /work/src/crates/backend/snowball/dict_snowball/src/stemmers/stem_iso_8859_1_english.rs:1632:17
     |
1632 |             let mut c5: ::core::ffi::c_int = (*z).c;
     |                 ----^^
     |                 |
     |                 help: remove this `mut`

warning: variable does not need to be mutable
    --> /work/src/crates/backend/snowball/dict_snowball/src/stemmers/stem_iso_8859_1_english.rs:1666:21
     |
1666 |                 let mut ret_1: ::core::ffi::c_int = slice_from_s(
     |                     ----^^^^^
     |                     |
     |                     help: remove this `mut`

warning: variable does not need to be mutable
    --> /work/src/crates/backend/snowball/dict_snowball/src/stemmers/stem_iso_8859_1_english.rs:1682:26
     |
1682 | unsafe fn r_mark_regions(mut z: *mut SN_env) -> ::core::ffi::c_int {
     |                          ----^
     |                          |
     |                          help: remove this `mut`

warning: variable does not need to be mutable
    --> /work/src/crates/backend/snowball/dict_snowball/src/stemmers/stem_iso_8859_1_english.rs:1686:9
     |
1686 |     let mut c1: ::core::ffi::c_int = (*z).c;
     |         ----^^
     |         |
     |         help: remove this `mut`

warning: variable does not need to be mutable
    --> /work/src/crates/backend/snowball/dict_snowball/src/stemmers/stem_iso_8859_1_english.rs:1687:9
     |
1687 |     let mut c2: ::core::ffi::c_int = (*z).c;
     |         ----^^
     |         |
     |         help: remove this `mut`

warning: variable does not need to be mutable
    --> /work/src/crates/backend/snowball/dict_snowball/src/stemmers/stem_iso_8859_1_english.rs:1706:17
     |
1706 |             let mut ret: ::core::ffi::c_int = out_grouping(
     |                 ----^^^
     |                 |
     |                 help: remove this `mut`

warning: variable does not need to be mutable
    --> /work/src/crates/backend/snowball/dict_snowball/src/stemmers/stem_iso_8859_1_english.rs:1717:21
     |
1717 |                 let mut ret_0: ::core::ffi::c_int = in_grouping(
     |                     ----^^^^^
     |                     |
     |                     help: remove this `mut`

warning: variable does not need to be mutable
    --> /work/src/crates/backend/snowball/dict_snowball/src/stemmers/stem_iso_8859_1_english.rs:1737:17
     |
1737 |             let mut ret_1: ::core::ffi::c_int = out_grouping(
     |                 ----^^^^^
     |                 |
     |                 help: remove this `mut`

warning: variable does not need to be mutable
    --> /work/src/crates/backend/snowball/dict_snowball/src/stemmers/stem_iso_8859_1_english.rs:1746:21
     |
1746 |                 let mut ret_2: ::core::ffi::c_int = in_grouping(
     |                     ----^^^^^
     |                     |
     |                     help: remove this `mut`

warning: variable does not need to be mutable
    --> /work/src/crates/backend/snowball/dict_snowball/src/stemmers/stem_iso_8859_1_english.rs:1764:20
     |
1764 | unsafe fn r_shortv(mut z: *mut SN_env) -> ::core::ffi::c_int {
     |                    ----^
     |                    |
     |                    help: remove this `mut`

warning: variable does not need to be mutable
    --> /work/src/crates/backend/snowball/dict_snowball/src/stemmers/stem_iso_8859_1_english.rs:1765:9
     |
1765 |     let mut current_block: u64;
     |         ----^^^^^^^^^^^^^
     |         |
     |         help: remove this `mut`

warning: variable does not need to be mutable
    --> /work/src/crates/backend/snowball/dict_snowball/src/stemmers/stem_iso_8859_1_english.rs:1766:9
     |
1766 |     let mut m1: ::core::ffi::c_int = (*z).l - (*z).c;
     |         ----^^
     |         |
     |         help: remove this `mut`

warning: variable does not need to be mutable
    --> /work/src/crates/backend/snowball/dict_snowball/src/stemmers/stem_iso_8859_1_english.rs:1828:16
     |
1828 | unsafe fn r_R1(mut z: *mut SN_env) -> ::core::ffi::c_int {
     |                ----^
     |                |
     |                help: remove this `mut`

warning: variable does not need to be mutable
    --> /work/src/crates/backend/snowball/dict_snowball/src/stemmers/stem_iso_8859_1_english.rs:1832:16
     |
1832 | unsafe fn r_R2(mut z: *mut SN_env) -> ::core::ffi::c_int {
     |                ----^
     |                |
     |                help: remove this `mut`

warning: variable does not need to be mutable
    --> /work/src/crates/backend/snowball/dict_snowball/src/stemmers/stem_iso_8859_1_english.rs:1836:21
     |
1836 | unsafe fn r_Step_1a(mut z: *mut SN_env) -> ::core::ffi::c_int {
     |                     ----^
     |                     |
     |                     help: remove this `mut`

warning: variable does not need to be mutable
    --> /work/src/crates/backend/snowball/dict_snowball/src/stemmers/stem_iso_8859_1_english.rs:1838:9
     |
1838 |     let mut m1: ::core::ffi::c_int = (*z).l - (*z).c;
     |         ----^^
     |         |
     |         help: remove this `mut`

warning: variable does not need to be mutable
    --> /work/src/crates/backend/snowball/dict_snowball/src/stemmers/stem_iso_8859_1_english.rs:1853:13
     |
1853 |         let mut ret: ::core::ffi::c_int = slice_del(z);
     |             ----^^^
     |             |
     |             help: remove this `mut`

warning: variable does not need to be mutable
    --> /work/src/crates/backend/snowball/dict_snowball/src/stemmers/stem_iso_8859_1_english.rs:1874:17
     |
1874 |             let mut ret_0: ::core::ffi::c_int = slice_from_s(
     |                 ----^^^^^
     |                 |
     |                 help: remove this `mut`

warning: variable does not need to be mutable
    --> /work/src/crates/backend/snowball/dict_snowball/src/stemmers/stem_iso_8859_1_english.rs:1884:17
     |
1884 |             let mut m2: ::core::ffi::c_int = (*z).l - (*z).c;
     |                 ----^^
     |                 |
     |                 help: remove this `mut`

warning: variable does not need to be mutable
    --> /work/src/crates/backend/snowball/dict_snowball/src/stemmers/stem_iso_8859_1_english.rs:1888:21
     |
1888 |                 let mut ret_2: ::core::ffi::c_int = slice_from_s(
     |                     ----^^^^^
     |                     |
     |                     help: remove this `mut`

warning: variable does not need to be mutable
    --> /work/src/crates/backend/snowball/dict_snowball/src/stemmers/stem_iso_8859_1_english.rs:1897:21
     |
1897 |                 let mut ret_1: ::core::ffi::c_int = slice_from_s(
     |                     ----^^^^^
     |                     |
     |                     help: remove this `mut`

warning: variable does not need to be mutable
    --> /work/src/crates/backend/snowball/dict_snowball/src/stemmers/stem_iso_8859_1_english.rs:1912:17
     |
1912 |             let mut ret_3: ::core::ffi::c_int = out_grouping_b(
     |                 ----^^^^^
     |                 |
     |                 help: remove this `mut`

warning: variable does not need to be mutable
    --> /work/src/crates/backend/snowball/dict_snowball/src/stemmers/stem_iso_8859_1_english.rs:1923:17
     |
1923 |             let mut ret_4: ::core::ffi::c_int = slice_del(z);
     |                 ----^^^^^
     |                 |
     |                 help: remove this `mut`

warning: value assigned to `among_var` is never read
    --> /work/src/crates/backend/snowball/dict_snowball/src/stemmers/stem_iso_8859_1_english.rs:1837:45
     |
1837 |     let mut among_var: ::core::ffi::c_int = 0;
     |                                             ^ this value is reassigned later and never used
...
1867 |     among_var = find_among_b(z, &raw const a_2 as *const among, 6 as ::core::ffi::c_int);
     |     ------------------------------------------------------------------------------------ `among_var` is overwritten here before the previous value is read
     |
     = note: `#[warn(unused_assignments)]` (part of `#[warn(unused)]`) on by default

warning: variable does not need to be mutable
    --> /work/src/crates/backend/snowball/dict_snowball/src/stemmers/stem_iso_8859_1_english.rs:1932:21
     |
1932 | unsafe fn r_Step_1b(mut z: *mut SN_env) -> ::core::ffi::c_int {
     |                     ----^
     |                     |
     |                     help: remove this `mut`

warning: variable does not need to be mutable
    --> /work/src/crates/backend/snowball/dict_snowball/src/stemmers/stem_iso_8859_1_english.rs:1952:17
     |
1952 |             let mut ret: ::core::ffi::c_int = r_R1(z);
     |                 ----^^^
     |                 |
     |                 help: remove this `mut`

warning: variable does not need to be mutable
    --> /work/src/crates/backend/snowball/dict_snowball/src/stemmers/stem_iso_8859_1_english.rs:1956:17
     |
1956 |             let mut ret_0: ::core::ffi::c_int = slice_from_s(
     |                 ----^^^^^
     |                 |
     |                 help: remove this `mut`

warning: variable does not need to be mutable
    --> /work/src/crates/backend/snowball/dict_snowball/src/stemmers/stem_iso_8859_1_english.rs:1966:17
     |
1966 |             let mut m_test1: ::core::ffi::c_int = (*z).l - (*z).c;
     |                 ----^^^^^^^
     |                 |
     |                 help: remove this `mut`

warning: variable does not need to be mutable
    --> /work/src/crates/backend/snowball/dict_snowball/src/stemmers/stem_iso_8859_1_english.rs:1967:17
     |
1967 |             let mut ret_1: ::core::ffi::c_int = out_grouping_b(
     |                 ----^^^^^
     |                 |
     |                 help: remove this `mut`

warning: variable does not need to be mutable
    --> /work/src/crates/backend/snowball/dict_snowball/src/stemmers/stem_iso_8859_1_english.rs:1979:17
     |
1979 |             let mut ret_2: ::core::ffi::c_int = slice_del(z);
     |                 ----^^^^^
     |                 |
     |                 help: remove this `mut`

warning: variable does not need to be mutable
    --> /work/src/crates/backend/snowball/dict_snowball/src/stemmers/stem_iso_8859_1_english.rs:1985:17
     |
1985 |             let mut m_test2: ::core::ffi::c_int = (*z).l - (*z).c;
     |                 ----^^^^^^^
     |                 |
     |                 help: remove this `mut`

warning: variable does not need to be mutable
    --> /work/src/crates/backend/snowball/dict_snowball/src/stemmers/stem_iso_8859_1_english.rs:2005:25
     |
2005 |                     let mut ret_3: ::core::ffi::c_int = slice_from_s(
     |                         ----^^^^^
     |                         |
     |                         help: remove this `mut`

warning: variable does not need to be mutable
    --> /work/src/crates/backend/snowball/dict_snowball/src/stemmers/stem_iso_8859_1_english.rs:2016:25
     |
2016 |                     let mut m3: ::core::ffi::c_int = (*z).l - (*z).c;
     |                         ----^^
     |                         |
     |                         help: remove this `mut`

warning: variable does not need to be mutable
    --> /work/src/crates/backend/snowball/dict_snowball/src/stemmers/stem_iso_8859_1_english.rs:2035:25
     |
2035 |                     let mut m_test4: ::core::ffi::c_int = (*z).l - (*z).c;
     |                         ----^^^^^^^
     |                         |
     |                         help: remove this `mut`

warning: variable does not need to be mutable
    --> /work/src/crates/backend/snowball/dict_snowball/src/stemmers/stem_iso_8859_1_english.rs:2036:25
     |
2036 |                     let mut ret_4: ::core::ffi::c_int = r_shortv(z);
     |                         ----^^^^^
     |                         |
     |                         help: remove this `mut`

warning: variable does not need to be mutable
    --> /work/src/crates/backend/snowball/dict_snowball/src/stemmers/stem_iso_8859_1_english.rs:2041:25
     |
2041 |                     let mut ret_5: ::core::ffi::c_int = slice_from_s(
     |                         ----^^^^^
     |                         |
     |                         help: remove this `mut`

warning: variable does not need to be mutable
    --> /work/src/crates/backend/snowball/dict_snowball/src/stemmers/stem_iso_8859_1_english.rs:2060:17
     |
2060 |             let mut ret_6: ::core::ffi::c_int = slice_del(z);
     |                 ----^^^^^
     |                 |
     |                 help: remove this `mut`

warning: value assigned to `among_var` is never read
    --> /work/src/crates/backend/snowball/dict_snowball/src/stemmers/stem_iso_8859_1_english.rs:1933:45
     |
1933 |     let mut among_var: ::core::ffi::c_int = 0;
     |                                             ^ this value is reassigned later and never used
...
1945 |     among_var = find_among_b(z, &raw const a_4 as *const among, 6 as ::core::ffi::c_int);
     |     ------------------------------------------------------------------------------------ `among_var` is overwritten here before the previous value is read

warning: variable does not need to be mutable
    --> /work/src/crates/backend/snowball/dict_snowball/src/stemmers/stem_iso_8859_1_english.rs:2069:21
     |
2069 | unsafe fn r_Step_1c(mut z: *mut SN_env) -> ::core::ffi::c_int {
     |                     ----^
     |                     |
     |                     help: remove this `mut`

warning: variable does not need to be mutable
    --> /work/src/crates/backend/snowball/dict_snowball/src/stemmers/stem_iso_8859_1_english.rs:2071:9
     |
2071 |     let mut m1: ::core::ffi::c_int = (*z).l - (*z).c;
     |         ----^^
     |         |
     |         help: remove this `mut`

warning: variable does not need to be mutable
    --> /work/src/crates/backend/snowball/dict_snowball/src/stemmers/stem_iso_8859_1_english.rs:2099:13
     |
2099 |         let mut ret: ::core::ffi::c_int = slice_from_s(
     |             ----^^^
     |             |
     |             help: remove this `mut`

warning: variable does not need to be mutable
    --> /work/src/crates/backend/snowball/dict_snowball/src/stemmers/stem_iso_8859_1_english.rs:2112:20
     |
2112 | unsafe fn r_Step_2(mut z: *mut SN_env) -> ::core::ffi::c_int {
     |                    ----^
     |                    |
     |                    help: remove this `mut`

warning: variable does not need to be mutable
    --> /work/src/crates/backend/snowball/dict_snowball/src/stemmers/stem_iso_8859_1_english.rs:2134:9
     |
2134 |     let mut ret: ::core::ffi::c_int = r_R1(z);
     |         ----^^^
     |         |
     |         help: remove this `mut`

warning: variable does not need to be mutable
    --> /work/src/crates/backend/snowball/dict_snowball/src/stemmers/stem_iso_8859_1_english.rs:2140:17
     |
2140 |             let mut ret_0: ::core::ffi::c_int = slice_from_s(
     |                 ----^^^^^
     |                 |
     |                 help: remove this `mut`

warning: variable does not need to be mutable
    --> /work/src/crates/backend/snowball/dict_snowball/src/stemmers/stem_iso_8859_1_english.rs:2150:17
     |
2150 |             let mut ret_1: ::core::ffi::c_int = slice_from_s(
     |                 ----^^^^^
     |                 |
     |                 help: remove this `mut`

warning: variable does not need to be mutable
    --> /work/src/crates/backend/snowball/dict_snowball/src/stemmers/stem_iso_8859_1_english.rs:2160:17
     |
2160 |             let mut ret_2: ::core::ffi::c_int = slice_from_s(
     |                 ----^^^^^
     |                 |
     |                 help: remove this `mut`

warning: variable does not need to be mutable
    --> /work/src/crates/backend/snowball/dict_snowball/src/stemmers/stem_iso_8859_1_english.rs:2170:17
     |
2170 |             let mut ret_3: ::core::ffi::c_int = slice_from_s(
     |                 ----^^^^^
     |                 |
     |                 help: remove this `mut`

warning: variable does not need to be mutable
    --> /work/src/crates/backend/snowball/dict_snowball/src/stemmers/stem_iso_8859_1_english.rs:2180:17
     |
2180 |             let mut ret_4: ::core::ffi::c_int = slice_from_s(
     |                 ----^^^^^
     |                 |
     |                 help: remove this `mut`

warning: variable does not need to be mutable
    --> /work/src/crates/backend/snowball/dict_snowball/src/stemmers/stem_iso_8859_1_english.rs:2190:17
     |
2190 |             let mut ret_5: ::core::ffi::c_int = slice_from_s(
     |                 ----^^^^^
     |                 |
     |                 help: remove this `mut`

warning: variable does not need to be mutable
    --> /work/src/crates/backend/snowball/dict_snowball/src/stemmers/stem_iso_8859_1_english.rs:2200:17
     |
2200 |             let mut ret_6: ::core::ffi::c_int = slice_from_s(
     |                 ----^^^^^
     |                 |
     |                 help: remove this `mut`

warning: variable does not need to be mutable
    --> /work/src/crates/backend/snowball/dict_snowball/src/stemmers/stem_iso_8859_1_english.rs:2210:17
     |
2210 |             let mut ret_7: ::core::ffi::c_int = slice_from_s(
     |                 ----^^^^^
     |                 |
     |                 help: remove this `mut`

warning: variable does not need to be mutable
    --> /work/src/crates/backend/snowball/dict_snowball/src/stemmers/stem_iso_8859_1_english.rs:2220:17
     |
2220 |             let mut ret_8: ::core::ffi::c_int = slice_from_s(
     |                 ----^^^^^
     |                 |
     |                 help: remove this `mut`

warning: variable does not need to be mutable
    --> /work/src/crates/backend/snowball/dict_snowball/src/stemmers/stem_iso_8859_1_english.rs:2230:17
     |
2230 |             let mut ret_9: ::core::ffi::c_int = slice_from_s(
     |                 ----^^^^^
     |                 |
     |                 help: remove this `mut`

warning: variable does not need to be mutable
    --> /work/src/crates/backend/snowball/dict_snowball/src/stemmers/stem_iso_8859_1_english.rs:2240:17
     |
2240 |             let mut ret_10: ::core::ffi::c_int = slice_from_s(
     |                 ----^^^^^^
     |                 |
     |                 help: remove this `mut`

warning: variable does not need to be mutable
    --> /work/src/crates/backend/snowball/dict_snowball/src/stemmers/stem_iso_8859_1_english.rs:2250:17
     |
2250 |             let mut ret_11: ::core::ffi::c_int = slice_from_s(
     |                 ----^^^^^^
     |                 |
     |                 help: remove this `mut`

warning: variable does not need to be mutable
    --> /work/src/crates/backend/snowball/dict_snowball/src/stemmers/stem_iso_8859_1_english.rs:2267:17
     |
2267 |             let mut ret_12: ::core::ffi::c_int = slice_from_s(
     |                 ----^^^^^^
     |                 |
     |                 help: remove this `mut`

warning: variable does not need to be mutable
    --> /work/src/crates/backend/snowball/dict_snowball/src/stemmers/stem_iso_8859_1_english.rs:2277:17
     |
2277 |             let mut ret_13: ::core::ffi::c_int = slice_from_s(
     |                 ----^^^^^^
     |                 |
     |                 help: remove this `mut`

warning: variable does not need to be mutable
    --> /work/src/crates/backend/snowball/dict_snowball/src/stemmers/stem_iso_8859_1_english.rs:2297:17
     |
2297 |             let mut ret_14: ::core::ffi::c_int = slice_del(z);
     |                 ----^^^^^^
     |                 |
     |                 help: remove this `mut`

warning: value assigned to `among_var` is never read
    --> /work/src/crates/backend/snowball/dict_snowball/src/stemmers/stem_iso_8859_1_english.rs:2113:45
     |
2113 |       let mut among_var: ::core::ffi::c_int = 0;
     |                                               ^ this value is reassigned later and never used
...
2125 | /     among_var = find_among_b(
2126 | |         z,
2127 | |         &raw const a_5 as *const among,
2128 | |         24 as ::core::ffi::c_int,
2129 | |     );
     | |_____- `among_var` is overwritten here before the previous value is read

warning: variable does not need to be mutable
    --> /work/src/crates/backend/snowball/dict_snowball/src/stemmers/stem_iso_8859_1_english.rs:2306:20
     |
2306 | unsafe fn r_Step_3(mut z: *mut SN_env) -> ::core::ffi::c_int {
     |                    ----^
     |                    |
     |                    help: remove this `mut`

warning: variable does not need to be mutable
    --> /work/src/crates/backend/snowball/dict_snowball/src/stemmers/stem_iso_8859_1_english.rs:2324:9
     |
2324 |     let mut ret: ::core::ffi::c_int = r_R1(z);
     |         ----^^^
     |         |
     |         help: remove this `mut`

warning: variable does not need to be mutable
    --> /work/src/crates/backend/snowball/dict_snowball/src/stemmers/stem_iso_8859_1_english.rs:2330:17
     |
2330 |             let mut ret_0: ::core::ffi::c_int = slice_from_s(
     |                 ----^^^^^
     |                 |
     |                 help: remove this `mut`

warning: variable does not need to be mutable
    --> /work/src/crates/backend/snowball/dict_snowball/src/stemmers/stem_iso_8859_1_english.rs:2340:17
     |
2340 |             let mut ret_1: ::core::ffi::c_int = slice_from_s(
     |                 ----^^^^^
     |                 |
     |                 help: remove this `mut`

warning: variable does not need to be mutable
    --> /work/src/crates/backend/snowball/dict_snowball/src/stemmers/stem_iso_8859_1_english.rs:2350:17
     |
2350 |             let mut ret_2: ::core::ffi::c_int = slice_from_s(
     |                 ----^^^^^
     |                 |
     |                 help: remove this `mut`

warning: variable does not need to be mutable
    --> /work/src/crates/backend/snowball/dict_snowball/src/stemmers/stem_iso_8859_1_english.rs:2360:17
     |
2360 |             let mut ret_3: ::core::ffi::c_int = slice_from_s(
     |                 ----^^^^^
     |                 |
     |                 help: remove this `mut`

warning: variable does not need to be mutable
    --> /work/src/crates/backend/snowball/dict_snowball/src/stemmers/stem_iso_8859_1_english.rs:2370:17
     |
2370 |             let mut ret_4: ::core::ffi::c_int = slice_del(z);
     |                 ----^^^^^
     |                 |
     |                 help: remove this `mut`

warning: variable does not need to be mutable
    --> /work/src/crates/backend/snowball/dict_snowball/src/stemmers/stem_iso_8859_1_english.rs:2376:17
     |
2376 |             let mut ret_5: ::core::ffi::c_int = r_R2(z);
     |                 ----^^^^^
     |                 |
     |                 help: remove this `mut`

warning: variable does not need to be mutable
    --> /work/src/crates/backend/snowball/dict_snowball/src/stemmers/stem_iso_8859_1_english.rs:2380:17
     |
2380 |             let mut ret_6: ::core::ffi::c_int = slice_del(z);
     |                 ----^^^^^
     |                 |
     |                 help: remove this `mut`

warning: value assigned to `among_var` is never read
    --> /work/src/crates/backend/snowball/dict_snowball/src/stemmers/stem_iso_8859_1_english.rs:2307:45
     |
2307 |     let mut among_var: ::core::ffi::c_int = 0;
     |                                             ^ this value is reassigned later and never used
...
2319 |     among_var = find_among_b(z, &raw const a_6 as *const among, 9 as ::core::ffi::c_int);
     |     ------------------------------------------------------------------------------------ `among_var` is overwritten here before the previous value is read

warning: variable does not need to be mutable
    --> /work/src/crates/backend/snowball/dict_snowball/src/stemmers/stem_iso_8859_1_english.rs:2389:20
     |
2389 | unsafe fn r_Step_4(mut z: *mut SN_env) -> ::core::ffi::c_int {
     |                    ----^
     |                    |
     |                    help: remove this `mut`

warning: variable does not need to be mutable
    --> /work/src/crates/backend/snowball/dict_snowball/src/stemmers/stem_iso_8859_1_english.rs:2411:9
     |
2411 |     let mut ret: ::core::ffi::c_int = r_R2(z);
     |         ----^^^
     |         |
     |         help: remove this `mut`

warning: variable does not need to be mutable
    --> /work/src/crates/backend/snowball/dict_snowball/src/stemmers/stem_iso_8859_1_english.rs:2417:17
     |
2417 |             let mut ret_0: ::core::ffi::c_int = slice_del(z);
     |                 ----^^^^^
     |                 |
     |                 help: remove this `mut`

warning: variable does not need to be mutable
    --> /work/src/crates/backend/snowball/dict_snowball/src/stemmers/stem_iso_8859_1_english.rs:2423:17
     |
2423 |             let mut m1: ::core::ffi::c_int = (*z).l - (*z).c;
     |                 ----^^
     |                 |
     |                 help: remove this `mut`

warning: variable does not need to be mutable
    --> /work/src/crates/backend/snowball/dict_snowball/src/stemmers/stem_iso_8859_1_english.rs:2439:17
     |
2439 |             let mut ret_1: ::core::ffi::c_int = slice_del(z);
     |                 ----^^^^^
     |                 |
     |                 help: remove this `mut`

warning: value assigned to `among_var` is never read
    --> /work/src/crates/backend/snowball/dict_snowball/src/stemmers/stem_iso_8859_1_english.rs:2390:45
     |
2390 |       let mut among_var: ::core::ffi::c_int = 0;
     |                                               ^ this value is reassigned later and never used
...
2402 | /     among_var = find_among_b(
2403 | |         z,
2404 | |         &raw const a_7 as *const among,
2405 | |         18 as ::core::ffi::c_int,
2406 | |     );
     | |_____- `among_var` is overwritten here before the previous value is read

warning: variable does not need to be mutable
    --> /work/src/crates/backend/snowball/dict_snowball/src/stemmers/stem_iso_8859_1_english.rs:2448:20
     |
2448 | unsafe fn r_Step_5(mut z: *mut SN_env) -> ::core::ffi::c_int {
     |                    ----^
     |                    |
     |                    help: remove this `mut`

warning: variable does not need to be mutable
    --> /work/src/crates/backend/snowball/dict_snowball/src/stemmers/stem_iso_8859_1_english.rs:2466:17
     |
2466 |             let mut ret: ::core::ffi::c_int = r_R2(z);
     |                 ----^^^
     |                 |
     |                 help: remove this `mut`

warning: variable does not need to be mutable
    --> /work/src/crates/backend/snowball/dict_snowball/src/stemmers/stem_iso_8859_1_english.rs:2468:21
     |
2468 |                 let mut ret_0: ::core::ffi::c_int = r_R1(z);
     |                     ----^^^^^
     |                     |
     |                     help: remove this `mut`

warning: variable does not need to be mutable
    --> /work/src/crates/backend/snowball/dict_snowball/src/stemmers/stem_iso_8859_1_english.rs:2472:21
     |
2472 |                 let mut m1: ::core::ffi::c_int = (*z).l - (*z).c;
     |                     ----^^
     |                     |
     |                     help: remove this `mut`

warning: variable does not need to be mutable
    --> /work/src/crates/backend/snowball/dict_snowball/src/stemmers/stem_iso_8859_1_english.rs:2473:21
     |
2473 |                 let mut ret_1: ::core::ffi::c_int = r_shortv(z);
     |                     ----^^^^^
     |                     |
     |                     help: remove this `mut`

warning: variable does not need to be mutable
    --> /work/src/crates/backend/snowball/dict_snowball/src/stemmers/stem_iso_8859_1_english.rs:2485:17
     |
2485 |             let mut ret_2: ::core::ffi::c_int = slice_del(z);
     |                 ----^^^^^
     |                 |
     |                 help: remove this `mut`

warning: variable does not need to be mutable
    --> /work/src/crates/backend/snowball/dict_snowball/src/stemmers/stem_iso_8859_1_english.rs:2491:17
     |
2491 |             let mut ret_3: ::core::ffi::c_int = r_R2(z);
     |                 ----^^^^^
     |                 |
     |                 help: remove this `mut`

warning: variable does not need to be mutable
    --> /work/src/crates/backend/snowball/dict_snowball/src/stemmers/stem_iso_8859_1_english.rs:2502:17
     |
2502 |             let mut ret_4: ::core::ffi::c_int = slice_del(z);
     |                 ----^^^^^
     |                 |
     |                 help: remove this `mut`

warning: value assigned to `among_var` is never read
    --> /work/src/crates/backend/snowball/dict_snowball/src/stemmers/stem_iso_8859_1_english.rs:2449:45
     |
2449 |     let mut among_var: ::core::ffi::c_int = 0;
     |                                             ^ this value is reassigned later and never used
...
2459 |     among_var = find_among_b(z, &raw const a_8 as *const among, 2 as ::core::ffi::c_int);
     |     ------------------------------------------------------------------------------------ `among_var` is overwritten here before the previous value is read

warning: variable does not need to be mutable
    --> /work/src/crates/backend/snowball/dict_snowball/src/stemmers/stem_iso_8859_1_english.rs:2511:24
     |
2511 | unsafe fn r_exception2(mut z: *mut SN_env) -> ::core::ffi::c_int {
     |                        ----^
     |                        |
     |                        help: remove this `mut`

warning: variable does not need to be mutable
    --> /work/src/crates/backend/snowball/dict_snowball/src/stemmers/stem_iso_8859_1_english.rs:2530:24
     |
2530 | unsafe fn r_exception1(mut z: *mut SN_env) -> ::core::ffi::c_int {
     |                        ----^
     |                        |
     |                        help: remove this `mut`

warning: variable does not need to be mutable
    --> /work/src/crates/backend/snowball/dict_snowball/src/stemmers/stem_iso_8859_1_english.rs:2553:17
     |
2553 |             let mut ret: ::core::ffi::c_int = slice_from_s(
     |                 ----^^^
     |                 |
     |                 help: remove this `mut`

warning: variable does not need to be mutable
    --> /work/src/crates/backend/snowball/dict_snowball/src/stemmers/stem_iso_8859_1_english.rs:2563:17
     |
2563 |             let mut ret_0: ::core::ffi::c_int = slice_from_s(
     |                 ----^^^^^
     |                 |
     |                 help: remove this `mut`

warning: variable does not need to be mutable
    --> /work/src/crates/backend/snowball/dict_snowball/src/stemmers/stem_iso_8859_1_english.rs:2573:17
     |
2573 |             let mut ret_1: ::core::ffi::c_int = slice_from_s(
     |                 ----^^^^^
     |                 |
     |                 help: remove this `mut`

warning: variable does not need to be mutable
    --> /work/src/crates/backend/snowball/dict_snowball/src/stemmers/stem_iso_8859_1_english.rs:2583:17
     |
2583 |             let mut ret_2: ::core::ffi::c_int = slice_from_s(
     |                 ----^^^^^
     |                 |
     |                 help: remove this `mut`

warning: variable does not need to be mutable
    --> /work/src/crates/backend/snowball/dict_snowball/src/stemmers/stem_iso_8859_1_english.rs:2593:17
     |
2593 |             let mut ret_3: ::core::ffi::c_int = slice_from_s(
     |                 ----^^^^^
     |                 |
     |                 help: remove this `mut`

warning: variable does not need to be mutable
    --> /work/src/crates/backend/snowball/dict_snowball/src/stemmers/stem_iso_8859_1_english.rs:2603:17
     |
2603 |             let mut ret_4: ::core::ffi::c_int = slice_from_s(
     |                 ----^^^^^
     |                 |
     |                 help: remove this `mut`

warning: variable does not need to be mutable
    --> /work/src/crates/backend/snowball/dict_snowball/src/stemmers/stem_iso_8859_1_english.rs:2613:17
     |
2613 |             let mut ret_5: ::core::ffi::c_int = slice_from_s(
     |                 ----^^^^^
     |                 |
     |                 help: remove this `mut`

warning: variable does not need to be mutable
    --> /work/src/crates/backend/snowball/dict_snowball/src/stemmers/stem_iso_8859_1_english.rs:2623:17
     |
2623 |             let mut ret_6: ::core::ffi::c_int = slice_from_s(
     |                 ----^^^^^
     |                 |
     |                 help: remove this `mut`

warning: variable does not need to be mutable
    --> /work/src/crates/backend/snowball/dict_snowball/src/stemmers/stem_iso_8859_1_english.rs:2633:17
     |
2633 |             let mut ret_7: ::core::ffi::c_int = slice_from_s(
     |                 ----^^^^^
     |                 |
     |                 help: remove this `mut`

warning: variable does not need to be mutable
    --> /work/src/crates/backend/snowball/dict_snowball/src/stemmers/stem_iso_8859_1_english.rs:2643:17
     |
2643 |             let mut ret_8: ::core::ffi::c_int = slice_from_s(
     |                 ----^^^^^
     |                 |
     |                 help: remove this `mut`

warning: variable does not need to be mutable
    --> /work/src/crates/backend/snowball/dict_snowball/src/stemmers/stem_iso_8859_1_english.rs:2653:17
     |
2653 |             let mut ret_9: ::core::ffi::c_int = slice_from_s(
     |                 ----^^^^^
     |                 |
     |                 help: remove this `mut`

warning: value assigned to `among_var` is never read
    --> /work/src/crates/backend/snowball/dict_snowball/src/stemmers/stem_iso_8859_1_english.rs:2531:45
     |
2531 |     let mut among_var: ::core::ffi::c_int = 0;
     |                                             ^ this value is reassigned later and never used
...
2543 |     among_var = find_among(z, &raw const a_10 as *const among, 18 as ::core::ffi::c_int);
     |     ------------------------------------------------------------------------------------ `among_var` is overwritten here before the previous value is read

warning: variable does not need to be mutable
    --> /work/src/crates/backend/snowball/dict_snowball/src/stemmers/stem_iso_8859_1_english.rs:2666:22
     |
2666 | unsafe fn r_postlude(mut z: *mut SN_env) -> ::core::ffi::c_int {
     |                      ----^
     |                      |
     |                      help: remove this `mut`

warning: variable does not need to be mutable
    --> /work/src/crates/backend/snowball/dict_snowball/src/stemmers/stem_iso_8859_1_english.rs:2672:13
     |
2672 |         let mut c1: ::core::ffi::c_int = (*z).c;
     |             ----^^
     |             |
     |             help: remove this `mut`

warning: variable does not need to be mutable
    --> /work/src/crates/backend/snowball/dict_snowball/src/stemmers/stem_iso_8859_1_english.rs:2674:17
     |
2674 |             let mut c2: ::core::ffi::c_int = (*z).c;
     |                 ----^^
     |                 |
     |                 help: remove this `mut`

warning: variable does not need to be mutable
    --> /work/src/crates/backend/snowball/dict_snowball/src/stemmers/stem_iso_8859_1_english.rs:2695:21
     |
2695 |                 let mut ret: ::core::ffi::c_int = slice_from_s(
     |                     ----^^^
     |                     |
     |                     help: remove this `mut`

warning: variable does not need to be mutable
    --> /work/src/crates/backend/snowball/dict_snowball/src/stemmers/stem_iso_8859_1_english.rs:2713:5
     |
2713 |     mut z: *mut SN_env,
     |     ----^
     |     |
     |     help: remove this `mut`

warning: variable does not need to be mutable
    --> /work/src/crates/backend/snowball/dict_snowball/src/stemmers/stem_iso_8859_1_english.rs:2715:9
     |
2715 |     let mut c1: ::core::ffi::c_int = (*z).c;
     |         ----^^
     |         |
     |         help: remove this `mut`

warning: variable does not need to be mutable
    --> /work/src/crates/backend/snowball/dict_snowball/src/stemmers/stem_iso_8859_1_english.rs:2716:9
     |
2716 |     let mut ret: ::core::ffi::c_int = r_exception1(z);
     |         ----^^^
     |         |
     |         help: remove this `mut`

warning: variable does not need to be mutable
    --> /work/src/crates/backend/snowball/dict_snowball/src/stemmers/stem_iso_8859_1_english.rs:2719:13
     |
2719 |         let mut c2: ::core::ffi::c_int = (*z).c;
     |             ----^^
     |             |
     |             help: remove this `mut`

warning: variable does not need to be mutable
    --> /work/src/crates/backend/snowball/dict_snowball/src/stemmers/stem_iso_8859_1_english.rs:2725:17
     |
2725 |             let mut ret_0: ::core::ffi::c_int = r_prelude(z);
     |                 ----^^^^^
     |                 |
     |                 help: remove this `mut`

warning: variable does not need to be mutable
    --> /work/src/crates/backend/snowball/dict_snowball/src/stemmers/stem_iso_8859_1_english.rs:2729:17
     |
2729 |             let mut ret_1: ::core::ffi::c_int = r_mark_regions(z);
     |                 ----^^^^^
     |                 |
     |                 help: remove this `mut`

warning: variable does not need to be mutable
    --> /work/src/crates/backend/snowball/dict_snowball/src/stemmers/stem_iso_8859_1_english.rs:2735:17
     |
2735 |             let mut m3: ::core::ffi::c_int = (*z).l - (*z).c;
     |                 ----^^
     |                 |
     |                 help: remove this `mut`

warning: variable does not need to be mutable
    --> /work/src/crates/backend/snowball/dict_snowball/src/stemmers/stem_iso_8859_1_english.rs:2736:17
     |
2736 |             let mut ret_2: ::core::ffi::c_int = r_Step_1a(z);
     |                 ----^^^^^
     |                 |
     |                 help: remove this `mut`

warning: variable does not need to be mutable
    --> /work/src/crates/backend/snowball/dict_snowball/src/stemmers/stem_iso_8859_1_english.rs:2741:17
     |
2741 |             let mut m4: ::core::ffi::c_int = (*z).l - (*z).c;
     |                 ----^^
     |                 |
     |                 help: remove this `mut`

warning: variable does not need to be mutable
    --> /work/src/crates/backend/snowball/dict_snowball/src/stemmers/stem_iso_8859_1_english.rs:2742:17
     |
2742 |             let mut ret_3: ::core::ffi::c_int = r_exception2(z);
     |                 ----^^^^^
     |                 |
     |                 help: remove this `mut`

warning: variable does not need to be mutable
    --> /work/src/crates/backend/snowball/dict_snowball/src/stemmers/stem_iso_8859_1_english.rs:2745:21
     |
2745 |                 let mut m5: ::core::ffi::c_int = (*z).l - (*z).c;
     |                     ----^^
     |                     |
     |                     help: remove this `mut`

warning: variable does not need to be mutable
    --> /work/src/crates/backend/snowball/dict_snowball/src/stemmers/stem_iso_8859_1_english.rs:2746:21
     |
2746 |                 let mut ret_4: ::core::ffi::c_int = r_Step_1b(z);
     |                     ----^^^^^
     |                     |
     |                     help: remove this `mut`

warning: variable does not need to be mutable
    --> /work/src/crates/backend/snowball/dict_snowball/src/stemmers/stem_iso_8859_1_english.rs:2751:21
     |
2751 |                 let mut m6: ::core::ffi::c_int = (*z).l - (*z).c;
     |                     ----^^
     |                     |
     |                     help: remove this `mut`

warning: variable does not need to be mutable
    --> /work/src/crates/backend/snowball/dict_snowball/src/stemmers/stem_iso_8859_1_english.rs:2752:21
     |
2752 |                 let mut ret_5: ::core::ffi::c_int = r_Step_1c(z);
     |                     ----^^^^^
     |                     |
     |                     help: remove this `mut`

warning: variable does not need to be mutable
    --> /work/src/crates/backend/snowball/dict_snowball/src/stemmers/stem_iso_8859_1_english.rs:2757:21
     |
2757 |                 let mut m7: ::core::ffi::c_int = (*z).l - (*z).c;
     |                     ----^^
     |                     |
     |                     help: remove this `mut`

warning: variable does not need to be mutable
    --> /work/src/crates/backend/snowball/dict_snowball/src/stemmers/stem_iso_8859_1_english.rs:2758:21
     |
2758 |                 let mut ret_6: ::core::ffi::c_int = r_Step_2(z);
     |                     ----^^^^^
     |                     |
     |                     help: remove this `mut`

warning: variable does not need to be mutable
    --> /work/src/crates/backend/snowball/dict_snowball/src/stemmers/stem_iso_8859_1_english.rs:2763:21
     |
2763 |                 let mut m8: ::core::ffi::c_int = (*z).l - (*z).c;
     |                     ----^^
     |                     |
     |                     help: remove this `mut`

warning: variable does not need to be mutable
    --> /work/src/crates/backend/snowball/dict_snowball/src/stemmers/stem_iso_8859_1_english.rs:2764:21
     |
2764 |                 let mut ret_7: ::core::ffi::c_int = r_Step_3(z);
     |                     ----^^^^^
     |                     |
     |                     help: remove this `mut`

warning: variable does not need to be mutable
    --> /work/src/crates/backend/snowball/dict_snowball/src/stemmers/stem_iso_8859_1_english.rs:2769:21
     |
2769 |                 let mut m9: ::core::ffi::c_int = (*z).l - (*z).c;
     |                     ----^^
     |                     |
     |                     help: remove this `mut`

warning: variable does not need to be mutable
    --> /work/src/crates/backend/snowball/dict_snowball/src/stemmers/stem_iso_8859_1_english.rs:2770:21
     |
2770 |                 let mut ret_8: ::core::ffi::c_int = r_Step_4(z);
     |                     ----^^^^^
     |                     |
     |                     help: remove this `mut`

warning: variable does not need to be mutable
    --> /work/src/crates/backend/snowball/dict_snowball/src/stemmers/stem_iso_8859_1_english.rs:2775:21
     |
2775 |                 let mut m10: ::core::ffi::c_int = (*z).l - (*z).c;
     |                     ----^^^
     |                     |
     |                     help: remove this `mut`

warning: variable does not need to be mutable
    --> /work/src/crates/backend/snowball/dict_snowball/src/stemmers/stem_iso_8859_1_english.rs:2776:21
     |
2776 |                 let mut ret_9: ::core::ffi::c_int = r_Step_5(z);
     |                     ----^^^^^
     |                     |
     |                     help: remove this `mut`

warning: variable does not need to be mutable
    --> /work/src/crates/backend/snowball/dict_snowball/src/stemmers/stem_iso_8859_1_english.rs:2785:17
     |
2785 |             let mut c11: ::core::ffi::c_int = (*z).c;
     |                 ----^^^
     |                 |
     |                 help: remove this `mut`

warning: variable does not need to be mutable
    --> /work/src/crates/backend/snowball/dict_snowball/src/stemmers/stem_iso_8859_1_english.rs:2786:17
     |
2786 |             let mut ret_10: ::core::ffi::c_int = r_postlude(z);
     |                 ----^^^^^^
     |                 |
     |                 help: remove this `mut`

warning: variable does not need to be mutable
    --> /work/src/crates/backend/snowball/dict_snowball/src/stemmers/stem_iso_8859_1_english.rs:2800:44
     |
2800 | pub unsafe fn english_ISO_8859_1_close_env(mut z: *mut SN_env) {
     |                                            ----^
     |                                            |
     |                                            help: remove this `mut`

warning: unnecessary `unsafe` block
  --> /work/src/crates/backend/snowball/dict_snowball/src/stemmers/stem_utf8_english.rs:33:30
   |
33 | static mut a_0: [among; 3] = unsafe {
   |                              ^^^^^^ unnecessary `unsafe` block

warning: unnecessary `unsafe` block
  --> /work/src/crates/backend/snowball/dict_snowball/src/stemmers/stem_utf8_english.rs:65:30
   |
65 | static mut a_1: [among; 3] = unsafe {
   |                              ^^^^^^ unnecessary `unsafe` block

warning: unnecessary `unsafe` block
   --> /work/src/crates/backend/snowball/dict_snowball/src/stemmers/stem_utf8_english.rs:109:30
    |
109 | static mut a_2: [among; 6] = unsafe {
    |                              ^^^^^^ unnecessary `unsafe` block

warning: unnecessary `unsafe` block
   --> /work/src/crates/backend/snowball/dict_snowball/src/stemmers/stem_utf8_english.rs:167:31
    |
167 | static mut a_3: [among; 13] = unsafe {
    |                               ^^^^^^ unnecessary `unsafe` block

warning: unnecessary `unsafe` block
   --> /work/src/crates/backend/snowball/dict_snowball/src/stemmers/stem_utf8_english.rs:293:30
    |
293 | static mut a_4: [among; 6] = unsafe {
    |                              ^^^^^^ unnecessary `unsafe` block

warning: unnecessary `unsafe` block
   --> /work/src/crates/backend/snowball/dict_snowball/src/stemmers/stem_utf8_english.rs:504:31
    |
504 | static mut a_5: [among; 24] = unsafe {
    |                               ^^^^^^ unnecessary `unsafe` block

warning: unnecessary `unsafe` block
   --> /work/src/crates/backend/snowball/dict_snowball/src/stemmers/stem_utf8_english.rs:738:30
    |
738 | static mut a_6: [among; 9] = unsafe {
    |                              ^^^^^^ unnecessary `unsafe` block

warning: unnecessary `unsafe` block
   --> /work/src/crates/backend/snowball/dict_snowball/src/stemmers/stem_utf8_english.rs:890:31
    |
890 | static mut a_7: [among; 18] = unsafe {
    |                               ^^^^^^ unnecessary `unsafe` block

warning: unnecessary `unsafe` block
    --> /work/src/crates/backend/snowball/dict_snowball/src/stemmers/stem_utf8_english.rs:1022:30
     |
1022 | static mut a_8: [among; 2] = unsafe {
     |                              ^^^^^^ unnecessary `unsafe` block

warning: unnecessary `unsafe` block
    --> /work/src/crates/backend/snowball/dict_snowball/src/stemmers/stem_utf8_english.rs:1109:30
     |
1109 | static mut a_9: [among; 8] = unsafe {
     |                              ^^^^^^ unnecessary `unsafe` block

warning: unnecessary `unsafe` block
    --> /work/src/crates/backend/snowball/dict_snowball/src/stemmers/stem_utf8_english.rs:1289:32
     |
1289 | static mut a_10: [among; 18] = unsafe {
     |                                ^^^^^^ unnecessary `unsafe` block

warning: variable does not need to be mutable
    --> /work/src/crates/backend/snowball/dict_snowball/src/stemmers/stem_utf8_english.rs:1594:21
     |
1594 | unsafe fn r_prelude(mut z: *mut SN_env) -> ::core::ffi::c_int {
     |                     ----^
     |                     |
     |                     help: remove this `mut`

warning: variable does not need to be mutable
    --> /work/src/crates/backend/snowball/dict_snowball/src/stemmers/stem_utf8_english.rs:1597:9
     |
1597 |     let mut c1: ::core::ffi::c_int = (*z).c;
     |         ----^^
     |         |
     |         help: remove this `mut`

warning: variable does not need to be mutable
    --> /work/src/crates/backend/snowball/dict_snowball/src/stemmers/stem_utf8_english.rs:1604:13
     |
1604 |         let mut ret: ::core::ffi::c_int = slice_del(z);
     |             ----^^^
     |             |
     |             help: remove this `mut`

warning: variable does not need to be mutable
    --> /work/src/crates/backend/snowball/dict_snowball/src/stemmers/stem_utf8_english.rs:1610:9
     |
1610 |     let mut c2: ::core::ffi::c_int = (*z).c;
     |         ----^^
     |         |
     |         help: remove this `mut`

warning: variable does not need to be mutable
    --> /work/src/crates/backend/snowball/dict_snowball/src/stemmers/stem_utf8_english.rs:1617:13
     |
1617 |         let mut ret_0: ::core::ffi::c_int = slice_from_s(
     |             ----^^^^^
     |             |
     |             help: remove this `mut`

warning: variable does not need to be mutable
    --> /work/src/crates/backend/snowball/dict_snowball/src/stemmers/stem_utf8_english.rs:1628:9
     |
1628 |     let mut c3: ::core::ffi::c_int = (*z).c;
     |         ----^^
     |         |
     |         help: remove this `mut`

warning: variable does not need to be mutable
    --> /work/src/crates/backend/snowball/dict_snowball/src/stemmers/stem_utf8_english.rs:1630:13
     |
1630 |         let mut c4: ::core::ffi::c_int = (*z).c;
     |             ----^^
     |             |
     |             help: remove this `mut`

warning: variable does not need to be mutable
    --> /work/src/crates/backend/snowball/dict_snowball/src/stemmers/stem_utf8_english.rs:1632:17
     |
1632 |             let mut c5: ::core::ffi::c_int = (*z).c;
     |                 ----^^
     |                 |
     |                 help: remove this `mut`

warning: variable does not need to be mutable
    --> /work/src/crates/backend/snowball/dict_snowball/src/stemmers/stem_utf8_english.rs:1654:17
     |
1654 |             let mut ret_1: ::core::ffi::c_int = skip_utf8(
     |                 ----^^^^^
     |                 |
     |                 help: remove this `mut`

warning: variable does not need to be mutable
    --> /work/src/crates/backend/snowball/dict_snowball/src/stemmers/stem_utf8_english.rs:1672:21
     |
1672 |                 let mut ret_2: ::core::ffi::c_int = slice_from_s(
     |                     ----^^^^^
     |                     |
     |                     help: remove this `mut`

warning: variable does not need to be mutable
    --> /work/src/crates/backend/snowball/dict_snowball/src/stemmers/stem_utf8_english.rs:1688:26
     |
1688 | unsafe fn r_mark_regions(mut z: *mut SN_env) -> ::core::ffi::c_int {
     |                          ----^
     |                          |
     |                          help: remove this `mut`

warning: variable does not need to be mutable
    --> /work/src/crates/backend/snowball/dict_snowball/src/stemmers/stem_utf8_english.rs:1692:9
     |
1692 |     let mut c1: ::core::ffi::c_int = (*z).c;
     |         ----^^
     |         |
     |         help: remove this `mut`

warning: variable does not need to be mutable
    --> /work/src/crates/backend/snowball/dict_snowball/src/stemmers/stem_utf8_english.rs:1693:9
     |
1693 |     let mut c2: ::core::ffi::c_int = (*z).c;
     |         ----^^
     |         |
     |         help: remove this `mut`

warning: variable does not need to be mutable
    --> /work/src/crates/backend/snowball/dict_snowball/src/stemmers/stem_utf8_english.rs:1712:17
     |
1712 |             let mut ret: ::core::ffi::c_int = out_grouping_U(
     |                 ----^^^
     |                 |
     |                 help: remove this `mut`

warning: variable does not need to be mutable
    --> /work/src/crates/backend/snowball/dict_snowball/src/stemmers/stem_utf8_english.rs:1723:21
     |
1723 |                 let mut ret_0: ::core::ffi::c_int = in_grouping_U(
     |                     ----^^^^^
     |                     |
     |                     help: remove this `mut`

warning: variable does not need to be mutable
    --> /work/src/crates/backend/snowball/dict_snowball/src/stemmers/stem_utf8_english.rs:1743:17
     |
1743 |             let mut ret_1: ::core::ffi::c_int = out_grouping_U(
     |                 ----^^^^^
     |                 |
     |                 help: remove this `mut`

warning: variable does not need to be mutable
    --> /work/src/crates/backend/snowball/dict_snowball/src/stemmers/stem_utf8_english.rs:1752:21
     |
1752 |                 let mut ret_2: ::core::ffi::c_int = in_grouping_U(
     |                     ----^^^^^
     |                     |
     |                     help: remove this `mut`

warning: variable does not need to be mutable
    --> /work/src/crates/backend/snowball/dict_snowball/src/stemmers/stem_utf8_english.rs:1770:20
     |
1770 | unsafe fn r_shortv(mut z: *mut SN_env) -> ::core::ffi::c_int {
     |                    ----^
     |                    |
     |                    help: remove this `mut`

warning: variable does not need to be mutable
    --> /work/src/crates/backend/snowball/dict_snowball/src/stemmers/stem_utf8_english.rs:1771:9
     |
1771 |     let mut current_block: u64;
     |         ----^^^^^^^^^^^^^
     |         |
     |         help: remove this `mut`

warning: variable does not need to be mutable
    --> /work/src/crates/backend/snowball/dict_snowball/src/stemmers/stem_utf8_english.rs:1772:9
     |
1772 |     let mut m1: ::core::ffi::c_int = (*z).l - (*z).c;
     |         ----^^
     |         |
     |         help: remove this `mut`

warning: variable does not need to be mutable
    --> /work/src/crates/backend/snowball/dict_snowball/src/stemmers/stem_utf8_english.rs:1834:16
     |
1834 | unsafe fn r_R1(mut z: *mut SN_env) -> ::core::ffi::c_int {
     |                ----^
     |                |
     |                help: remove this `mut`

warning: variable does not need to be mutable
    --> /work/src/crates/backend/snowball/dict_snowball/src/stemmers/stem_utf8_english.rs:1838:16
     |
1838 | unsafe fn r_R2(mut z: *mut SN_env) -> ::core::ffi::c_int {
     |                ----^
     |                |
     |                help: remove this `mut`

warning: variable does not need to be mutable
    --> /work/src/crates/backend/snowball/dict_snowball/src/stemmers/stem_utf8_english.rs:1842:21
     |
1842 | unsafe fn r_Step_1a(mut z: *mut SN_env) -> ::core::ffi::c_int {
     |                     ----^
     |                     |
     |                     help: remove this `mut`

warning: variable does not need to be mutable
    --> /work/src/crates/backend/snowball/dict_snowball/src/stemmers/stem_utf8_english.rs:1844:9
     |
1844 |     let mut m1: ::core::ffi::c_int = (*z).l - (*z).c;
     |         ----^^
     |         |
     |         help: remove this `mut`

warning: variable does not need to be mutable
    --> /work/src/crates/backend/snowball/dict_snowball/src/stemmers/stem_utf8_english.rs:1859:13
     |
1859 |         let mut ret: ::core::ffi::c_int = slice_del(z);
     |             ----^^^
     |             |
     |             help: remove this `mut`

warning: variable does not need to be mutable
    --> /work/src/crates/backend/snowball/dict_snowball/src/stemmers/stem_utf8_english.rs:1880:17
     |
1880 |             let mut ret_0: ::core::ffi::c_int = slice_from_s(
     |                 ----^^^^^
     |                 |
     |                 help: remove this `mut`

warning: variable does not need to be mutable
    --> /work/src/crates/backend/snowball/dict_snowball/src/stemmers/stem_utf8_english.rs:1890:17
     |
1890 |             let mut m2: ::core::ffi::c_int = (*z).l - (*z).c;
     |                 ----^^
     |                 |
     |                 help: remove this `mut`

warning: variable does not need to be mutable
    --> /work/src/crates/backend/snowball/dict_snowball/src/stemmers/stem_utf8_english.rs:1891:17
     |
1891 |             let mut ret_1: ::core::ffi::c_int = skip_b_utf8(
     |                 ----^^^^^
     |                 |
     |                 help: remove this `mut`

warning: variable does not need to be mutable
    --> /work/src/crates/backend/snowball/dict_snowball/src/stemmers/stem_utf8_english.rs:1899:21
     |
1899 |                 let mut ret_3: ::core::ffi::c_int = slice_from_s(
     |                     ----^^^^^
     |                     |
     |                     help: remove this `mut`

warning: variable does not need to be mutable
    --> /work/src/crates/backend/snowball/dict_snowball/src/stemmers/stem_utf8_english.rs:1909:21
     |
1909 |                 let mut ret_2: ::core::ffi::c_int = slice_from_s(
     |                     ----^^^^^
     |                     |
     |                     help: remove this `mut`

warning: variable does not need to be mutable
    --> /work/src/crates/backend/snowball/dict_snowball/src/stemmers/stem_utf8_english.rs:1920:17
     |
1920 |             let mut ret_4: ::core::ffi::c_int = skip_b_utf8(
     |                 ----^^^^^
     |                 |
     |                 help: remove this `mut`

warning: variable does not need to be mutable
    --> /work/src/crates/backend/snowball/dict_snowball/src/stemmers/stem_utf8_english.rs:1930:17
     |
1930 |             let mut ret_5: ::core::ffi::c_int = out_grouping_b_U(
     |                 ----^^^^^
     |                 |
     |                 help: remove this `mut`

warning: variable does not need to be mutable
    --> /work/src/crates/backend/snowball/dict_snowball/src/stemmers/stem_utf8_english.rs:1941:17
     |
1941 |             let mut ret_6: ::core::ffi::c_int = slice_del(z);
     |                 ----^^^^^
     |                 |
     |                 help: remove this `mut`

warning: value assigned to `among_var` is never read
    --> /work/src/crates/backend/snowball/dict_snowball/src/stemmers/stem_utf8_english.rs:1843:45
     |
1843 |     let mut among_var: ::core::ffi::c_int = 0;
     |                                             ^ this value is reassigned later and never used
...
1873 |     among_var = find_among_b(z, &raw const a_2 as *const among, 6 as ::core::ffi::c_int);
     |     ------------------------------------------------------------------------------------ `among_var` is overwritten here before the previous value is read

warning: variable does not need to be mutable
    --> /work/src/crates/backend/snowball/dict_snowball/src/stemmers/stem_utf8_english.rs:1950:21
     |
1950 | unsafe fn r_Step_1b(mut z: *mut SN_env) -> ::core::ffi::c_int {
     |                     ----^
     |                     |
     |                     help: remove this `mut`

warning: variable does not need to be mutable
    --> /work/src/crates/backend/snowball/dict_snowball/src/stemmers/stem_utf8_english.rs:1970:17
     |
1970 |             let mut ret: ::core::ffi::c_int = r_R1(z);
     |                 ----^^^
     |                 |
     |                 help: remove this `mut`

warning: variable does not need to be mutable
    --> /work/src/crates/backend/snowball/dict_snowball/src/stemmers/stem_utf8_english.rs:1974:17
     |
1974 |             let mut ret_0: ::core::ffi::c_int = slice_from_s(
     |                 ----^^^^^
     |                 |
     |                 help: remove this `mut`

warning: variable does not need to be mutable
    --> /work/src/crates/backend/snowball/dict_snowball/src/stemmers/stem_utf8_english.rs:1984:17
     |
1984 |             let mut m_test1: ::core::ffi::c_int = (*z).l - (*z).c;
     |                 ----^^^^^^^
     |                 |
     |                 help: remove this `mut`

warning: variable does not need to be mutable
    --> /work/src/crates/backend/snowball/dict_snowball/src/stemmers/stem_utf8_english.rs:1985:17
     |
1985 |             let mut ret_1: ::core::ffi::c_int = out_grouping_b_U(
     |                 ----^^^^^
     |                 |
     |                 help: remove this `mut`

warning: variable does not need to be mutable
    --> /work/src/crates/backend/snowball/dict_snowball/src/stemmers/stem_utf8_english.rs:1997:17
     |
1997 |             let mut ret_2: ::core::ffi::c_int = slice_del(z);
     |                 ----^^^^^
     |                 |
     |                 help: remove this `mut`

warning: variable does not need to be mutable
    --> /work/src/crates/backend/snowball/dict_snowball/src/stemmers/stem_utf8_english.rs:2003:17
     |
2003 |             let mut m_test2: ::core::ffi::c_int = (*z).l - (*z).c;
     |                 ----^^^^^^^
     |                 |
     |                 help: remove this `mut`

warning: variable does not need to be mutable
    --> /work/src/crates/backend/snowball/dict_snowball/src/stemmers/stem_utf8_english.rs:2023:25
     |
2023 |                     let mut ret_3: ::core::ffi::c_int = slice_from_s(
     |                         ----^^^^^
     |                         |
     |                         help: remove this `mut`

warning: variable does not need to be mutable
    --> /work/src/crates/backend/snowball/dict_snowball/src/stemmers/stem_utf8_english.rs:2034:25
     |
2034 |                     let mut m3: ::core::ffi::c_int = (*z).l - (*z).c;
     |                         ----^^
     |                         |
     |                         help: remove this `mut`

warning: variable does not need to be mutable
    --> /work/src/crates/backend/snowball/dict_snowball/src/stemmers/stem_utf8_english.rs:2053:25
     |
2053 |                     let mut m_test4: ::core::ffi::c_int = (*z).l - (*z).c;
     |                         ----^^^^^^^
     |                         |
     |                         help: remove this `mut`

warning: variable does not need to be mutable
    --> /work/src/crates/backend/snowball/dict_snowball/src/stemmers/stem_utf8_english.rs:2054:25
     |
2054 |                     let mut ret_4: ::core::ffi::c_int = r_shortv(z);
     |                         ----^^^^^
     |                         |
     |                         help: remove this `mut`

warning: variable does not need to be mutable
    --> /work/src/crates/backend/snowball/dict_snowball/src/stemmers/stem_utf8_english.rs:2059:25
     |
2059 |                     let mut ret_5: ::core::ffi::c_int = slice_from_s(
     |                         ----^^^^^
     |                         |
     |                         help: remove this `mut`

warning: variable does not need to be mutable
    --> /work/src/crates/backend/snowball/dict_snowball/src/stemmers/stem_utf8_english.rs:2073:17
     |
2073 |             let mut ret_6: ::core::ffi::c_int = skip_b_utf8(
     |                 ----^^^^^
     |                 |
     |                 help: remove this `mut`

warning: variable does not need to be mutable
    --> /work/src/crates/backend/snowball/dict_snowball/src/stemmers/stem_utf8_english.rs:2084:17
     |
2084 |             let mut ret_7: ::core::ffi::c_int = slice_del(z);
     |                 ----^^^^^
     |                 |
     |                 help: remove this `mut`

warning: value assigned to `among_var` is never read
    --> /work/src/crates/backend/snowball/dict_snowball/src/stemmers/stem_utf8_english.rs:1951:45
     |
1951 |     let mut among_var: ::core::ffi::c_int = 0;
     |                                             ^ this value is reassigned later and never used
...
1963 |     among_var = find_among_b(z, &raw const a_4 as *const among, 6 as ::core::ffi::c_int);
     |     ------------------------------------------------------------------------------------ `among_var` is overwritten here before the previous value is read

warning: variable does not need to be mutable
    --> /work/src/crates/backend/snowball/dict_snowball/src/stemmers/stem_utf8_english.rs:2093:21
     |
2093 | unsafe fn r_Step_1c(mut z: *mut SN_env) -> ::core::ffi::c_int {
     |                     ----^
     |                     |
     |                     help: remove this `mut`

warning: variable does not need to be mutable
    --> /work/src/crates/backend/snowball/dict_snowball/src/stemmers/stem_utf8_english.rs:2095:9
     |
2095 |     let mut m1: ::core::ffi::c_int = (*z).l - (*z).c;
     |         ----^^
     |         |
     |         help: remove this `mut`

warning: variable does not need to be mutable
    --> /work/src/crates/backend/snowball/dict_snowball/src/stemmers/stem_utf8_english.rs:2123:13
     |
2123 |         let mut ret: ::core::ffi::c_int = slice_from_s(
     |             ----^^^
     |             |
     |             help: remove this `mut`

warning: variable does not need to be mutable
    --> /work/src/crates/backend/snowball/dict_snowball/src/stemmers/stem_utf8_english.rs:2136:20
     |
2136 | unsafe fn r_Step_2(mut z: *mut SN_env) -> ::core::ffi::c_int {
     |                    ----^
     |                    |
     |                    help: remove this `mut`

warning: variable does not need to be mutable
    --> /work/src/crates/backend/snowball/dict_snowball/src/stemmers/stem_utf8_english.rs:2158:9
     |
2158 |     let mut ret: ::core::ffi::c_int = r_R1(z);
     |         ----^^^
     |         |
     |         help: remove this `mut`

warning: variable does not need to be mutable
    --> /work/src/crates/backend/snowball/dict_snowball/src/stemmers/stem_utf8_english.rs:2164:17
     |
2164 |             let mut ret_0: ::core::ffi::c_int = slice_from_s(
     |                 ----^^^^^
     |                 |
     |                 help: remove this `mut`

warning: variable does not need to be mutable
    --> /work/src/crates/backend/snowball/dict_snowball/src/stemmers/stem_utf8_english.rs:2174:17
     |
2174 |             let mut ret_1: ::core::ffi::c_int = slice_from_s(
     |                 ----^^^^^
     |                 |
     |                 help: remove this `mut`

warning: variable does not need to be mutable
    --> /work/src/crates/backend/snowball/dict_snowball/src/stemmers/stem_utf8_english.rs:2184:17
     |
2184 |             let mut ret_2: ::core::ffi::c_int = slice_from_s(
     |                 ----^^^^^
     |                 |
     |                 help: remove this `mut`

warning: variable does not need to be mutable
    --> /work/src/crates/backend/snowball/dict_snowball/src/stemmers/stem_utf8_english.rs:2194:17
     |
2194 |             let mut ret_3: ::core::ffi::c_int = slice_from_s(
     |                 ----^^^^^
     |                 |
     |                 help: remove this `mut`

warning: variable does not need to be mutable
    --> /work/src/crates/backend/snowball/dict_snowball/src/stemmers/stem_utf8_english.rs:2204:17
     |
2204 |             let mut ret_4: ::core::ffi::c_int = slice_from_s(
     |                 ----^^^^^
     |                 |
     |                 help: remove this `mut`

warning: variable does not need to be mutable
    --> /work/src/crates/backend/snowball/dict_snowball/src/stemmers/stem_utf8_english.rs:2214:17
     |
2214 |             let mut ret_5: ::core::ffi::c_int = slice_from_s(
     |                 ----^^^^^
     |                 |
     |                 help: remove this `mut`

warning: variable does not need to be mutable
    --> /work/src/crates/backend/snowball/dict_snowball/src/stemmers/stem_utf8_english.rs:2224:17
     |
2224 |             let mut ret_6: ::core::ffi::c_int = slice_from_s(
     |                 ----^^^^^
     |                 |
     |                 help: remove this `mut`

warning: variable does not need to be mutable
    --> /work/src/crates/backend/snowball/dict_snowball/src/stemmers/stem_utf8_english.rs:2234:17
     |
2234 |             let mut ret_7: ::core::ffi::c_int = slice_from_s(
     |                 ----^^^^^
     |                 |
     |                 help: remove this `mut`

warning: variable does not need to be mutable
    --> /work/src/crates/backend/snowball/dict_snowball/src/stemmers/stem_utf8_english.rs:2244:17
     |
2244 |             let mut ret_8: ::core::ffi::c_int = slice_from_s(
     |                 ----^^^^^
     |                 |
     |                 help: remove this `mut`

warning: variable does not need to be mutable
    --> /work/src/crates/backend/snowball/dict_snowball/src/stemmers/stem_utf8_english.rs:2254:17
     |
2254 |             let mut ret_9: ::core::ffi::c_int = slice_from_s(
     |                 ----^^^^^
     |                 |
     |                 help: remove this `mut`

warning: variable does not need to be mutable
    --> /work/src/crates/backend/snowball/dict_snowball/src/stemmers/stem_utf8_english.rs:2264:17
     |
2264 |             let mut ret_10: ::core::ffi::c_int = slice_from_s(
     |                 ----^^^^^^
     |                 |
     |                 help: remove this `mut`

warning: variable does not need to be mutable
    --> /work/src/crates/backend/snowball/dict_snowball/src/stemmers/stem_utf8_english.rs:2274:17
     |
2274 |             let mut ret_11: ::core::ffi::c_int = slice_from_s(
     |                 ----^^^^^^
     |                 |
     |                 help: remove this `mut`

warning: variable does not need to be mutable
    --> /work/src/crates/backend/snowball/dict_snowball/src/stemmers/stem_utf8_english.rs:2291:17
     |
2291 |             let mut ret_12: ::core::ffi::c_int = slice_from_s(
     |                 ----^^^^^^
     |                 |
     |                 help: remove this `mut`

warning: variable does not need to be mutable
    --> /work/src/crates/backend/snowball/dict_snowball/src/stemmers/stem_utf8_english.rs:2301:17
     |
2301 |             let mut ret_13: ::core::ffi::c_int = slice_from_s(
     |                 ----^^^^^^
     |                 |
     |                 help: remove this `mut`

warning: variable does not need to be mutable
    --> /work/src/crates/backend/snowball/dict_snowball/src/stemmers/stem_utf8_english.rs:2321:17
     |
2321 |             let mut ret_14: ::core::ffi::c_int = slice_del(z);
     |                 ----^^^^^^
     |                 |
     |                 help: remove this `mut`

warning: value assigned to `among_var` is never read
    --> /work/src/crates/backend/snowball/dict_snowball/src/stemmers/stem_utf8_english.rs:2137:45
     |
2137 |       let mut among_var: ::core::ffi::c_int = 0;
     |                                               ^ this value is reassigned later and never used
...
2149 | /     among_var = find_among_b(
2150 | |         z,
2151 | |         &raw const a_5 as *const among,
2152 | |         24 as ::core::ffi::c_int,
2153 | |     );
     | |_____- `among_var` is overwritten here before the previous value is read

warning: variable does not need to be mutable
    --> /work/src/crates/backend/snowball/dict_snowball/src/stemmers/stem_utf8_english.rs:2330:20
     |
2330 | unsafe fn r_Step_3(mut z: *mut SN_env) -> ::core::ffi::c_int {
     |                    ----^
     |                    |
     |                    help: remove this `mut`

warning: variable does not need to be mutable
    --> /work/src/crates/backend/snowball/dict_snowball/src/stemmers/stem_utf8_english.rs:2348:9
     |
2348 |     let mut ret: ::core::ffi::c_int = r_R1(z);
     |         ----^^^
     |         |
     |         help: remove this `mut`

warning: variable does not need to be mutable
    --> /work/src/crates/backend/snowball/dict_snowball/src/stemmers/stem_utf8_english.rs:2354:17
     |
2354 |             let mut ret_0: ::core::ffi::c_int = slice_from_s(
     |                 ----^^^^^
     |                 |
     |                 help: remove this `mut`

warning: variable does not need to be mutable
    --> /work/src/crates/backend/snowball/dict_snowball/src/stemmers/stem_utf8_english.rs:2364:17
     |
2364 |             let mut ret_1: ::core::ffi::c_int = slice_from_s(
     |                 ----^^^^^
     |                 |
     |                 help: remove this `mut`

warning: variable does not need to be mutable
    --> /work/src/crates/backend/snowball/dict_snowball/src/stemmers/stem_utf8_english.rs:2374:17
     |
2374 |             let mut ret_2: ::core::ffi::c_int = slice_from_s(
     |                 ----^^^^^
     |                 |
     |                 help: remove this `mut`

warning: variable does not need to be mutable
    --> /work/src/crates/backend/snowball/dict_snowball/src/stemmers/stem_utf8_english.rs:2384:17
     |
2384 |             let mut ret_3: ::core::ffi::c_int = slice_from_s(
     |                 ----^^^^^
     |                 |
     |                 help: remove this `mut`

warning: variable does not need to be mutable
    --> /work/src/crates/backend/snowball/dict_snowball/src/stemmers/stem_utf8_english.rs:2394:17
     |
2394 |             let mut ret_4: ::core::ffi::c_int = slice_del(z);
     |                 ----^^^^^
     |                 |
     |                 help: remove this `mut`

warning: variable does not need to be mutable
    --> /work/src/crates/backend/snowball/dict_snowball/src/stemmers/stem_utf8_english.rs:2400:17
     |
2400 |             let mut ret_5: ::core::ffi::c_int = r_R2(z);
     |                 ----^^^^^
     |                 |
     |                 help: remove this `mut`

warning: variable does not need to be mutable
    --> /work/src/crates/backend/snowball/dict_snowball/src/stemmers/stem_utf8_english.rs:2404:17
     |
2404 |             let mut ret_6: ::core::ffi::c_int = slice_del(z);
     |                 ----^^^^^
     |                 |
     |                 help: remove this `mut`

warning: value assigned to `among_var` is never read
    --> /work/src/crates/backend/snowball/dict_snowball/src/stemmers/stem_utf8_english.rs:2331:45
     |
2331 |     let mut among_var: ::core::ffi::c_int = 0;
     |                                             ^ this value is reassigned later and never used
...
2343 |     among_var = find_among_b(z, &raw const a_6 as *const among, 9 as ::core::ffi::c_int);
     |     ------------------------------------------------------------------------------------ `among_var` is overwritten here before the previous value is read

warning: variable does not need to be mutable
    --> /work/src/crates/backend/snowball/dict_snowball/src/stemmers/stem_utf8_english.rs:2413:20
     |
2413 | unsafe fn r_Step_4(mut z: *mut SN_env) -> ::core::ffi::c_int {
     |                    ----^
     |                    |
     |                    help: remove this `mut`

warning: variable does not need to be mutable
    --> /work/src/crates/backend/snowball/dict_snowball/src/stemmers/stem_utf8_english.rs:2435:9
     |
2435 |     let mut ret: ::core::ffi::c_int = r_R2(z);
     |         ----^^^
     |         |
     |         help: remove this `mut`

warning: variable does not need to be mutable
    --> /work/src/crates/backend/snowball/dict_snowball/src/stemmers/stem_utf8_english.rs:2441:17
     |
2441 |             let mut ret_0: ::core::ffi::c_int = slice_del(z);
     |                 ----^^^^^
     |                 |
     |                 help: remove this `mut`

warning: variable does not need to be mutable
    --> /work/src/crates/backend/snowball/dict_snowball/src/stemmers/stem_utf8_english.rs:2447:17
     |
2447 |             let mut m1: ::core::ffi::c_int = (*z).l - (*z).c;
     |                 ----^^
     |                 |
     |                 help: remove this `mut`

warning: variable does not need to be mutable
    --> /work/src/crates/backend/snowball/dict_snowball/src/stemmers/stem_utf8_english.rs:2463:17
     |
2463 |             let mut ret_1: ::core::ffi::c_int = slice_del(z);
     |                 ----^^^^^
     |                 |
     |                 help: remove this `mut`

warning: value assigned to `among_var` is never read
    --> /work/src/crates/backend/snowball/dict_snowball/src/stemmers/stem_utf8_english.rs:2414:45
     |
2414 |       let mut among_var: ::core::ffi::c_int = 0;
     |                                               ^ this value is reassigned later and never used
...
2426 | /     among_var = find_among_b(
2427 | |         z,
2428 | |         &raw const a_7 as *const among,
2429 | |         18 as ::core::ffi::c_int,
2430 | |     );
     | |_____- `among_var` is overwritten here before the previous value is read

warning: variable does not need to be mutable
    --> /work/src/crates/backend/snowball/dict_snowball/src/stemmers/stem_utf8_english.rs:2472:20
     |
2472 | unsafe fn r_Step_5(mut z: *mut SN_env) -> ::core::ffi::c_int {
     |                    ----^
     |                    |
     |                    help: remove this `mut`

warning: variable does not need to be mutable
    --> /work/src/crates/backend/snowball/dict_snowball/src/stemmers/stem_utf8_english.rs:2490:17
     |
2490 |             let mut ret: ::core::ffi::c_int = r_R2(z);
     |                 ----^^^
     |                 |
     |                 help: remove this `mut`

warning: variable does not need to be mutable
    --> /work/src/crates/backend/snowball/dict_snowball/src/stemmers/stem_utf8_english.rs:2492:21
     |
2492 |                 let mut ret_0: ::core::ffi::c_int = r_R1(z);
     |                     ----^^^^^
     |                     |
     |                     help: remove this `mut`

warning: variable does not need to be mutable
    --> /work/src/crates/backend/snowball/dict_snowball/src/stemmers/stem_utf8_english.rs:2496:21
     |
2496 |                 let mut m1: ::core::ffi::c_int = (*z).l - (*z).c;
     |                     ----^^
     |                     |
     |                     help: remove this `mut`

warning: variable does not need to be mutable
    --> /work/src/crates/backend/snowball/dict_snowball/src/stemmers/stem_utf8_english.rs:2497:21
     |
2497 |                 let mut ret_1: ::core::ffi::c_int = r_shortv(z);
     |                     ----^^^^^
     |                     |
     |                     help: remove this `mut`

warning: variable does not need to be mutable
    --> /work/src/crates/backend/snowball/dict_snowball/src/stemmers/stem_utf8_english.rs:2509:17
     |
2509 |             let mut ret_2: ::core::ffi::c_int = slice_del(z);
     |                 ----^^^^^
     |                 |
     |                 help: remove this `mut`

warning: variable does not need to be mutable
    --> /work/src/crates/backend/snowball/dict_snowball/src/stemmers/stem_utf8_english.rs:2515:17
     |
2515 |             let mut ret_3: ::core::ffi::c_int = r_R2(z);
     |                 ----^^^^^
     |                 |
     |                 help: remove this `mut`

warning: variable does not need to be mutable
    --> /work/src/crates/backend/snowball/dict_snowball/src/stemmers/stem_utf8_english.rs:2526:17
     |
2526 |             let mut ret_4: ::core::ffi::c_int = slice_del(z);
     |                 ----^^^^^
     |                 |
     |                 help: remove this `mut`

warning: value assigned to `among_var` is never read
    --> /work/src/crates/backend/snowball/dict_snowball/src/stemmers/stem_utf8_english.rs:2473:45
     |
2473 |     let mut among_var: ::core::ffi::c_int = 0;
     |                                             ^ this value is reassigned later and never used
...
2483 |     among_var = find_among_b(z, &raw const a_8 as *const among, 2 as ::core::ffi::c_int);
     |     ------------------------------------------------------------------------------------ `among_var` is overwritten here before the previous value is read

warning: variable does not need to be mutable
    --> /work/src/crates/backend/snowball/dict_snowball/src/stemmers/stem_utf8_english.rs:2535:24
     |
2535 | unsafe fn r_exception2(mut z: *mut SN_env) -> ::core::ffi::c_int {
     |                        ----^
     |                        |
     |                        help: remove this `mut`

warning: variable does not need to be mutable
    --> /work/src/crates/backend/snowball/dict_snowball/src/stemmers/stem_utf8_english.rs:2554:24
     |
2554 | unsafe fn r_exception1(mut z: *mut SN_env) -> ::core::ffi::c_int {
     |                        ----^
     |                        |
     |                        help: remove this `mut`

warning: variable does not need to be mutable
    --> /work/src/crates/backend/snowball/dict_snowball/src/stemmers/stem_utf8_english.rs:2577:17
     |
2577 |             let mut ret: ::core::ffi::c_int = slice_from_s(
     |                 ----^^^
     |                 |
     |                 help: remove this `mut`

warning: variable does not need to be mutable
    --> /work/src/crates/backend/snowball/dict_snowball/src/stemmers/stem_utf8_english.rs:2587:17
     |
2587 |             let mut ret_0: ::core::ffi::c_int = slice_from_s(
     |                 ----^^^^^
     |                 |
     |                 help: remove this `mut`

warning: variable does not need to be mutable
    --> /work/src/crates/backend/snowball/dict_snowball/src/stemmers/stem_utf8_english.rs:2597:17
     |
2597 |             let mut ret_1: ::core::ffi::c_int = slice_from_s(
     |                 ----^^^^^
     |                 |
     |                 help: remove this `mut`

warning: variable does not need to be mutable
    --> /work/src/crates/backend/snowball/dict_snowball/src/stemmers/stem_utf8_english.rs:2607:17
     |
2607 |             let mut ret_2: ::core::ffi::c_int = slice_from_s(
     |                 ----^^^^^
     |                 |
     |                 help: remove this `mut`

warning: variable does not need to be mutable
    --> /work/src/crates/backend/snowball/dict_snowball/src/stemmers/stem_utf8_english.rs:2617:17
     |
2617 |             let mut ret_3: ::core::ffi::c_int = slice_from_s(
     |                 ----^^^^^
     |                 |
     |                 help: remove this `mut`

warning: variable does not need to be mutable
    --> /work/src/crates/backend/snowball/dict_snowball/src/stemmers/stem_utf8_english.rs:2627:17
     |
2627 |             let mut ret_4: ::core::ffi::c_int = slice_from_s(
     |                 ----^^^^^
     |                 |
     |                 help: remove this `mut`

warning: variable does not need to be mutable
    --> /work/src/crates/backend/snowball/dict_snowball/src/stemmers/stem_utf8_english.rs:2637:17
     |
2637 |             let mut ret_5: ::core::ffi::c_int = slice_from_s(
     |                 ----^^^^^
     |                 |
     |                 help: remove this `mut`

warning: variable does not need to be mutable
    --> /work/src/crates/backend/snowball/dict_snowball/src/stemmers/stem_utf8_english.rs:2647:17
     |
2647 |             let mut ret_6: ::core::ffi::c_int = slice_from_s(
     |                 ----^^^^^
     |                 |
     |                 help: remove this `mut`

warning: variable does not need to be mutable
    --> /work/src/crates/backend/snowball/dict_snowball/src/stemmers/stem_utf8_english.rs:2657:17
     |
2657 |             let mut ret_7: ::core::ffi::c_int = slice_from_s(
     |                 ----^^^^^
     |                 |
     |                 help: remove this `mut`

warning: variable does not need to be mutable
    --> /work/src/crates/backend/snowball/dict_snowball/src/stemmers/stem_utf8_english.rs:2667:17
     |
2667 |             let mut ret_8: ::core::ffi::c_int = slice_from_s(
     |                 ----^^^^^
     |                 |
     |                 help: remove this `mut`

warning: variable does not need to be mutable
    --> /work/src/crates/backend/snowball/dict_snowball/src/stemmers/stem_utf8_english.rs:2677:17
     |
2677 |             let mut ret_9: ::core::ffi::c_int = slice_from_s(
     |                 ----^^^^^
     |                 |
     |                 help: remove this `mut`

warning: value assigned to `among_var` is never read
    --> /work/src/crates/backend/snowball/dict_snowball/src/stemmers/stem_utf8_english.rs:2555:45
     |
2555 |     let mut among_var: ::core::ffi::c_int = 0;
     |                                             ^ this value is reassigned later and never used
...
2567 |     among_var = find_among(z, &raw const a_10 as *const among, 18 as ::core::ffi::c_int);
     |     ------------------------------------------------------------------------------------ `among_var` is overwritten here before the previous value is read

warning: variable does not need to be mutable
    --> /work/src/crates/backend/snowball/dict_snowball/src/stemmers/stem_utf8_english.rs:2690:22
     |
2690 | unsafe fn r_postlude(mut z: *mut SN_env) -> ::core::ffi::c_int {
     |                      ----^
     |                      |
     |                      help: remove this `mut`

warning: variable does not need to be mutable
    --> /work/src/crates/backend/snowball/dict_snowball/src/stemmers/stem_utf8_english.rs:2696:13
     |
2696 |         let mut c1: ::core::ffi::c_int = (*z).c;
     |             ----^^
     |             |
     |             help: remove this `mut`

warning: variable does not need to be mutable
    --> /work/src/crates/backend/snowball/dict_snowball/src/stemmers/stem_utf8_english.rs:2698:17
     |
2698 |             let mut c2: ::core::ffi::c_int = (*z).c;
     |                 ----^^
     |                 |
     |                 help: remove this `mut`

warning: variable does not need to be mutable
    --> /work/src/crates/backend/snowball/dict_snowball/src/stemmers/stem_utf8_english.rs:2704:21
     |
2704 |                 let mut ret: ::core::ffi::c_int = skip_utf8(
     |                     ----^^^
     |                     |
     |                     help: remove this `mut`

warning: variable does not need to be mutable
    --> /work/src/crates/backend/snowball/dict_snowball/src/stemmers/stem_utf8_english.rs:2725:21
     |
2725 |                 let mut ret_0: ::core::ffi::c_int = slice_from_s(
     |                     ----^^^^^
     |                     |
     |                     help: remove this `mut`

warning: variable does not need to be mutable
    --> /work/src/crates/backend/snowball/dict_snowball/src/stemmers/stem_utf8_english.rs:2742:34
     |
2742 | pub unsafe fn english_UTF_8_stem(mut z: *mut SN_env) -> ::core::ffi::c_int {
     |                                  ----^
     |                                  |
     |                                  help: remove this `mut`

warning: variable does not need to be mutable
    --> /work/src/crates/backend/snowball/dict_snowball/src/stemmers/stem_utf8_english.rs:2743:9
     |
2743 |     let mut c1: ::core::ffi::c_int = (*z).c;
     |         ----^^
     |         |
     |         help: remove this `mut`

warning: variable does not need to be mutable
    --> /work/src/crates/backend/snowball/dict_snowball/src/stemmers/stem_utf8_english.rs:2744:9
     |
2744 |     let mut ret: ::core::ffi::c_int = r_exception1(z);
     |         ----^^^
     |         |
     |         help: remove this `mut`

warning: variable does not need to be mutable
    --> /work/src/crates/backend/snowball/dict_snowball/src/stemmers/stem_utf8_english.rs:2747:13
     |
2747 |         let mut c2: ::core::ffi::c_int = (*z).c;
     |             ----^^
     |             |
     |             help: remove this `mut`

warning: variable does not need to be mutable
    --> /work/src/crates/backend/snowball/dict_snowball/src/stemmers/stem_utf8_english.rs:2748:13
     |
2748 |         let mut ret_0: ::core::ffi::c_int = skip_utf8(
     |             ----^^^^^
     |             |
     |             help: remove this `mut`

warning: variable does not need to be mutable
    --> /work/src/crates/backend/snowball/dict_snowball/src/stemmers/stem_utf8_english.rs:2759:17
     |
2759 |             let mut ret_1: ::core::ffi::c_int = r_prelude(z);
     |                 ----^^^^^
     |                 |
     |                 help: remove this `mut`

warning: variable does not need to be mutable
    --> /work/src/crates/backend/snowball/dict_snowball/src/stemmers/stem_utf8_english.rs:2763:17
     |
2763 |             let mut ret_2: ::core::ffi::c_int = r_mark_regions(z);
     |                 ----^^^^^
     |                 |
     |                 help: remove this `mut`

warning: variable does not need to be mutable
    --> /work/src/crates/backend/snowball/dict_snowball/src/stemmers/stem_utf8_english.rs:2769:17
     |
2769 |             let mut m3: ::core::ffi::c_int = (*z).l - (*z).c;
     |                 ----^^
     |                 |
     |                 help: remove this `mut`

warning: variable does not need to be mutable
    --> /work/src/crates/backend/snowball/dict_snowball/src/stemmers/stem_utf8_english.rs:2770:17
     |
2770 |             let mut ret_3: ::core::ffi::c_int = r_Step_1a(z);
     |                 ----^^^^^
     |                 |
     |                 help: remove this `mut`

warning: variable does not need to be mutable
    --> /work/src/crates/backend/snowball/dict_snowball/src/stemmers/stem_utf8_english.rs:2775:17
     |
2775 |             let mut m4: ::core::ffi::c_int = (*z).l - (*z).c;
     |                 ----^^
     |                 |
     |                 help: remove this `mut`

warning: variable does not need to be mutable
    --> /work/src/crates/backend/snowball/dict_snowball/src/stemmers/stem_utf8_english.rs:2776:17
     |
2776 |             let mut ret_4: ::core::ffi::c_int = r_exception2(z);
     |                 ----^^^^^
     |                 |
     |                 help: remove this `mut`

warning: variable does not need to be mutable
    --> /work/src/crates/backend/snowball/dict_snowball/src/stemmers/stem_utf8_english.rs:2779:21
     |
2779 |                 let mut m5: ::core::ffi::c_int = (*z).l - (*z).c;
     |                     ----^^
     |                     |
     |                     help: remove this `mut`

warning: variable does not need to be mutable
    --> /work/src/crates/backend/snowball/dict_snowball/src/stemmers/stem_utf8_english.rs:2780:21
     |
2780 |                 let mut ret_5: ::core::ffi::c_int = r_Step_1b(z);
     |                     ----^^^^^
     |                     |
     |                     help: remove this `mut`

warning: variable does not need to be mutable
    --> /work/src/crates/backend/snowball/dict_snowball/src/stemmers/stem_utf8_english.rs:2785:21
     |
2785 |                 let mut m6: ::core::ffi::c_int = (*z).l - (*z).c;
     |                     ----^^
     |                     |
     |                     help: remove this `mut`

warning: variable does not need to be mutable
    --> /work/src/crates/backend/snowball/dict_snowball/src/stemmers/stem_utf8_english.rs:2786:21
     |
2786 |                 let mut ret_6: ::core::ffi::c_int = r_Step_1c(z);
     |                     ----^^^^^
     |                     |
     |                     help: remove this `mut`

warning: variable does not need to be mutable
    --> /work/src/crates/backend/snowball/dict_snowball/src/stemmers/stem_utf8_english.rs:2791:21
     |
2791 |                 let mut m7: ::core::ffi::c_int = (*z).l - (*z).c;
     |                     ----^^
     |                     |
     |                     help: remove this `mut`

warning: variable does not need to be mutable
    --> /work/src/crates/backend/snowball/dict_snowball/src/stemmers/stem_utf8_english.rs:2792:21
     |
2792 |                 let mut ret_7: ::core::ffi::c_int = r_Step_2(z);
     |                     ----^^^^^
     |                     |
     |                     help: remove this `mut`

warning: variable does not need to be mutable
    --> /work/src/crates/backend/snowball/dict_snowball/src/stemmers/stem_utf8_english.rs:2797:21
     |
2797 |                 let mut m8: ::core::ffi::c_int = (*z).l - (*z).c;
     |                     ----^^
     |                     |
     |                     help: remove this `mut`

warning: variable does not need to be mutable
    --> /work/src/crates/backend/snowball/dict_snowball/src/stemmers/stem_utf8_english.rs:2798:21
     |
2798 |                 let mut ret_8: ::core::ffi::c_int = r_Step_3(z);
     |                     ----^^^^^
     |                     |
     |                     help: remove this `mut`

warning: variable does not need to be mutable
    --> /work/src/crates/backend/snowball/dict_snowball/src/stemmers/stem_utf8_english.rs:2803:21
     |
2803 |                 let mut m9: ::core::ffi::c_int = (*z).l - (*z).c;
     |                     ----^^
     |                     |
     |                     help: remove this `mut`

warning: variable does not need to be mutable
    --> /work/src/crates/backend/snowball/dict_snowball/src/stemmers/stem_utf8_english.rs:2804:21
     |
2804 |                 let mut ret_9: ::core::ffi::c_int = r_Step_4(z);
     |                     ----^^^^^
     |                     |
     |                     help: remove this `mut`

warning: variable does not need to be mutable
    --> /work/src/crates/backend/snowball/dict_snowball/src/stemmers/stem_utf8_english.rs:2809:21
     |
2809 |                 let mut m10: ::core::ffi::c_int = (*z).l - (*z).c;
     |                     ----^^^
     |                     |
     |                     help: remove this `mut`

warning: variable does not need to be mutable
    --> /work/src/crates/backend/snowball/dict_snowball/src/stemmers/stem_utf8_english.rs:2810:21
     |
2810 |                 let mut ret_10: ::core::ffi::c_int = r_Step_5(z);
     |                     ----^^^^^^
     |                     |
     |                     help: remove this `mut`

warning: variable does not need to be mutable
    --> /work/src/crates/backend/snowball/dict_snowball/src/stemmers/stem_utf8_english.rs:2819:17
     |
2819 |             let mut c11: ::core::ffi::c_int = (*z).c;
     |                 ----^^^
     |                 |
     |                 help: remove this `mut`

warning: variable does not need to be mutable
    --> /work/src/crates/backend/snowball/dict_snowball/src/stemmers/stem_utf8_english.rs:2820:17
     |
2820 |             let mut ret_11: ::core::ffi::c_int = r_postlude(z);
     |                 ----^^^^^^
     |                 |
     |                 help: remove this `mut`

warning: variable does not need to be mutable
    --> /work/src/crates/backend/snowball/dict_snowball/src/stemmers/stem_utf8_english.rs:2834:39
     |
2834 | pub unsafe fn english_UTF_8_close_env(mut z: *mut SN_env) {
     |                                       ----^
     |                                       |
     |                                       help: remove this `mut`

warning: `bufmgr` (lib) generated 3 warnings
warning: `ts_cache` (lib) generated 1 warning (run `cargo fix --lib -p ts_cache` to apply 1 suggestion)
warning: `dict_snowball` (lib) generated 296 warnings (run `cargo fix --lib -p dict_snowball` to apply 260 suggestions)
warning: unused import: `vec_with_capacity_in`
 --> /work/src/crates/backend/tsearch/dict/src/simple.rs:1:13
  |
1 | use ::mcx::{vec_with_capacity_in, Mcx, PgVec};
  |             ^^^^^^^^^^^^^^^^^^^^
  |
  = note: `#[warn(unused_imports)]` (part of `#[warn(unused)]`) on by default

warning: `tsearch_dict` (lib) generated 1 warning (run `cargo fix --lib -p tsearch_dict` to apply 1 suggestion)
warning: variable does not need to be mutable
   --> /work/src/crates/backend/access/brin/brin_pageops/src/lib.rs:148:9
    |
148 |     let mut newbuf: Buffer;
    |         ----^^^^^^
    |         |
    |         help: remove this `mut`
    |
    = note: `#[warn(unused_mut)]` (part of `#[warn(unused)]`) on by default

warning: `brin_pageops` (lib) generated 1 warning (run `cargo fix --lib -p brin_pageops` to apply 1 suggestion)
warning: unreachable pattern
  --> /work/src/crates/backend/tcop/dest/src/lib.rs:59:13
   |
59 |             other => other.unported("receiveSlot"),
   |             ^^^^^ no value can reach this
   |
note: multiple earlier patterns match some of the same values
  --> /work/src/crates/backend/tcop/dest/src/lib.rs:59:13
   |
43 |             DestReceiver::DoNothing => Ok(true),
   |             ----------------------- matches some of the same values
44 |             DestReceiver::DebugTup(dr) => dr.receive_slot(slot),
   |             -------------------------- matches some of the same values
45 |             DestReceiver::PrintTup(dr) => dr.receive_slot(slot),
   |             -------------------------- matches some of the same values
46 |             DestReceiver::PrintSimple(dr) => dr.receive_slot(slot),
   |             ----------------------------- matches some of the same values
...
59 |             other => other.unported("receiveSlot"),
   |             ^^^^^ ...and 8 other patterns collectively make this unreachable
   = note: `#[warn(unreachable_patterns)]` (part of `#[warn(unused)]`) on by default

warning: unreachable pattern
  --> /work/src/crates/backend/tcop/dest/src/lib.rs:84:13
   |
84 |             other => other.unported("rStartup"),
   |             ^^^^^ no value can reach this
   |
note: multiple earlier patterns match some of the same values
  --> /work/src/crates/backend/tcop/dest/src/lib.rs:84:13
   |
65 |             DestReceiver::DoNothing => Ok(()),
   |             ----------------------- matches some of the same values
66 |             DestReceiver::DebugTup(dr) => dr.startup(operation, typeinfo),
   |             -------------------------- matches some of the same values
67 |             DestReceiver::PrintTup(dr) => dr.startup(operation, typeinfo),
   |             -------------------------- matches some of the same values
68 |             DestReceiver::PrintSimple(dr) => dr.startup(operation, typeinfo),
   |             ----------------------------- matches some of the same values
...
84 |             other => other.unported("rStartup"),
   |             ^^^^^ ...and 8 other patterns collectively make this unreachable

warning: unexpected `cfg` condition name: `pgrust_sim`
  --> /work/src/crates/backend/access/brin/brin_xlog/src/lib.rs:24:7
   |
24 | #[cfg(pgrust_sim)]
   |       ^^^^^^^^^^
   |
   = help: expected names are: `docsrs`, `feature`, and `test` and 33 more
   = help: consider using a Cargo feature instead
   = help: or consider adding in `Cargo.toml` the `check-cfg` lint config for the lint:
            [lints.rust]
            unexpected_cfgs = { level = "warn", check-cfg = ['cfg(pgrust_sim)'] }
   = help: or consider adding `println!("cargo::rustc-check-cfg=cfg(pgrust_sim)");` to the top of the `build.rs`
   = note: see <https://doc.rust-lang.org/nightly/rustc/check-cfg/cargo-specifics.html> for more information about checking conditional configuration
   = note: `#[warn(unexpected_cfgs)]` on by default

warning: unexpected `cfg` condition name: `pgrust_sim`
   --> /work/src/crates/backend/access/brin/brin_xlog/src/lib.rs:165:11
    |
165 |     #[cfg(pgrust_sim)]
    |           ^^^^^^^^^^
    |
    = help: consider using a Cargo feature instead
    = help: or consider adding in `Cargo.toml` the `check-cfg` lint config for the lint:
             [lints.rust]
             unexpected_cfgs = { level = "warn", check-cfg = ['cfg(pgrust_sim)'] }
    = help: or consider adding `println!("cargo::rustc-check-cfg=cfg(pgrust_sim)");` to the top of the `build.rs`
    = note: see <https://doc.rust-lang.org/nightly/rustc/check-cfg/cargo-specifics.html> for more information about checking conditional configuration

warning: `tcop_dest` (lib) generated 2 warnings
warning: `brin_xlog` (lib) generated 2 warnings
warning: unused import: `::types_nodes::NodeTag`
   --> /work/src/crates/backend/utils/adt/rangetypes/src/builtins.rs:569:9
    |
569 |     use ::types_nodes::NodeTag;
    |         ^^^^^^^^^^^^^^^^^^^^^^
    |
    = note: `#[warn(unused_imports)]` (part of `#[warn(unused)]`) on by default

warning: constant `BTLessEqualStrategyNumber` should have an upper case name
   --> /work/src/crates/backend/utils/adt/rangetypes/src/builtins.rs:664:11
    |
664 |     const BTLessEqualStrategyNumber: i16 = 2;
    |           ^^^^^^^^^^^^^^^^^^^^^^^^^
    |
    = note: `#[warn(non_upper_case_globals)]` (part of `#[warn(nonstandard_style)]`) on by default
help: convert the identifier to upper case
    |
664 -     const BTLessEqualStrategyNumber: i16 = 2;
664 +     const BTLESS_EQUAL_STRATEGY_NUMBER: i16 = 2;
    |

warning: constant `BTGreaterEqualStrategyNumber` should have an upper case name
   --> /work/src/crates/backend/utils/adt/rangetypes/src/builtins.rs:665:11
    |
665 |     const BTGreaterEqualStrategyNumber: i16 = 4;
    |           ^^^^^^^^^^^^^^^^^^^^^^^^^^^^
    |
help: convert the identifier to upper case
    |
665 -     const BTGreaterEqualStrategyNumber: i16 = 4;
665 +     const BTGREATER_EQUAL_STRATEGY_NUMBER: i16 = 4;
    |

warning: `adt_rangetypes` (lib) generated 3 warnings (run `cargo fix --lib -p adt_rangetypes` to apply 3 suggestions)
warning: value assigned to `chld` is never read
   --> /work/src/crates/backend/utils/adt/jsonpath/src/path.rs:191:25
    |
191 |     let mut chld: i32 = 0;
    |                         ^ this value is reassigned later and never used
...
243 |                 None => chld = pos,
    |                         ---------- `chld` is overwritten here before the previous value is read
    |
    = note: `#[warn(unused_assignments)]` (part of `#[warn(unused)]`) on by default

warning: unused import: `multirange_types_do_not_match`
  --> /work/src/crates/backend/utils/adt/multirangetypes/src/builtins.rs:19:26
   |
19 |     multirange_type_oid, multirange_types_do_not_match, MultirangeInfo,
   |                          ^^^^^^^^^^^^^^^^^^^^^^^^^^^^^
   |
   = note: `#[warn(unused_imports)]` (part of `#[warn(unused)]`) on by default

warning: unused import: `ElemInfo`
  --> /work/src/crates/backend/utils/adt/multirangetypes/src/lib.rs:14:5
   |
14 |     ElemInfo, RangeBound, RangeInfo, RANGE_EMPTY, RANGE_LB_INC, RANGE_LB_INF, RANGE_UB_INC,
   |     ^^^^^^^^

warning: variable does not need to be mutable
   --> /work/src/crates/backend/utils/adt/multirangetypes/src/builtins.rs:439:13
    |
439 |         let mut accum = |d: Datum| -> PgResult<()> {
    |             ----^^^^^
    |             |
    |             help: remove this `mut`
    |
    = note: `#[warn(unused_mut)]` (part of `#[warn(unused)]`) on by default

warning: `adt_jsonpath` (lib) generated 1 warning
warning: `adt_multirangetypes` (lib) generated 3 warnings (run `cargo fix --lib -p adt_multirangetypes` to apply 3 suggestions)
warning: constant `JsonbContainsStrategyNumber` should have an upper case name
  --> /work/src/crates/backend/utils/adt/jsonb/src/gin.rs:15:11
   |
15 | pub const JsonbContainsStrategyNumber: u16 = 7;
   |           ^^^^^^^^^^^^^^^^^^^^^^^^^^^ help: convert the identifier to upper case: `JSONB_CONTAINS_STRATEGY_NUMBER`
   |
   = note: `#[warn(non_upper_case_globals)]` (part of `#[warn(nonstandard_style)]`) on by default

warning: constant `JsonbExistsStrategyNumber` should have an upper case name
  --> /work/src/crates/backend/utils/adt/jsonb/src/gin.rs:16:11
   |
16 | pub const JsonbExistsStrategyNumber: u16 = 9;
   |           ^^^^^^^^^^^^^^^^^^^^^^^^^ help: convert the identifier to upper case: `JSONB_EXISTS_STRATEGY_NUMBER`

warning: constant `JsonbExistsAnyStrategyNumber` should have an upper case name
  --> /work/src/crates/backend/utils/adt/jsonb/src/gin.rs:17:11
   |
17 | pub const JsonbExistsAnyStrategyNumber: u16 = 10;
   |           ^^^^^^^^^^^^^^^^^^^^^^^^^^^^ help: convert the identifier to upper case: `JSONB_EXISTS_ANY_STRATEGY_NUMBER`

warning: constant `JsonbExistsAllStrategyNumber` should have an upper case name
  --> /work/src/crates/backend/utils/adt/jsonb/src/gin.rs:18:11
   |
18 | pub const JsonbExistsAllStrategyNumber: u16 = 11;
   |           ^^^^^^^^^^^^^^^^^^^^^^^^^^^^ help: convert the identifier to upper case: `JSONB_EXISTS_ALL_STRATEGY_NUMBER`

warning: constant `JsonbJsonpathExistsStrategyNumber` should have an upper case name
  --> /work/src/crates/backend/utils/adt/jsonb/src/gin.rs:19:11
   |
19 | pub const JsonbJsonpathExistsStrategyNumber: u16 = 15;
   |           ^^^^^^^^^^^^^^^^^^^^^^^^^^^^^^^^^ help: convert the identifier to upper case: `JSONB_JSONPATH_EXISTS_STRATEGY_NUMBER`

warning: constant `JsonbJsonpathPredicateStrategyNumber` should have an upper case name
  --> /work/src/crates/backend/utils/adt/jsonb/src/gin.rs:20:11
   |
20 | pub const JsonbJsonpathPredicateStrategyNumber: u16 = 16;
   |           ^^^^^^^^^^^^^^^^^^^^^^^^^^^^^^^^^^^^ help: convert the identifier to upper case: `JSONB_JSONPATH_PREDICATE_STRATEGY_NUMBER`

warning: constant in pattern `JsonbContainsStrategyNumber` should have an upper case name
   --> /work/src/crates/backend/utils/adt/jsonb/src/gin.rs:598:9
    |
598 |         JsonbContainsStrategyNumber => {
    |         ^^^^^^^^^^^^^^^^^^^^^^^^^^^ help: convert the identifier to upper case: `JSONB_CONTAINS_STRATEGY_NUMBER`

warning: constant in pattern `JsonbExistsStrategyNumber` should have an upper case name
   --> /work/src/crates/backend/utils/adt/jsonb/src/gin.rs:605:9
    |
605 |         JsonbExistsStrategyNumber => {
    |         ^^^^^^^^^^^^^^^^^^^^^^^^^ help: convert the identifier to upper case: `JSONB_EXISTS_STRATEGY_NUMBER`

warning: constant in pattern `JsonbExistsAnyStrategyNumber` should have an upper case name
   --> /work/src/crates/backend/utils/adt/jsonb/src/gin.rs:610:9
    |
610 |         JsonbExistsAnyStrategyNumber => extract_text_array_keys(mcx, query_image)?,
    |         ^^^^^^^^^^^^^^^^^^^^^^^^^^^^ help: convert the identifier to upper case: `JSONB_EXISTS_ANY_STRATEGY_NUMBER`

warning: constant in pattern `JsonbExistsAllStrategyNumber` should have an upper case name
   --> /work/src/crates/backend/utils/adt/jsonb/src/gin.rs:611:9
    |
611 |         JsonbExistsAllStrategyNumber => {
    |         ^^^^^^^^^^^^^^^^^^^^^^^^^^^^ help: convert the identifier to upper case: `JSONB_EXISTS_ALL_STRATEGY_NUMBER`

warning: constant in pattern `JsonbJsonpathExistsStrategyNumber` should have an upper case name
   --> /work/src/crates/backend/utils/adt/jsonb/src/gin.rs:618:9
    |
618 |         JsonbJsonpathExistsStrategyNumber | JsonbJsonpathPredicateStrategyNumber => {
    |         ^^^^^^^^^^^^^^^^^^^^^^^^^^^^^^^^^ help: convert the identifier to upper case: `JSONB_JSONPATH_EXISTS_STRATEGY_NUMBER`

warning: constant in pattern `JsonbJsonpathPredicateStrategyNumber` should have an upper case name
   --> /work/src/crates/backend/utils/adt/jsonb/src/gin.rs:618:45
    |
618 |         JsonbJsonpathExistsStrategyNumber | JsonbJsonpathPredicateStrategyNumber => {
    |                                             ^^^^^^^^^^^^^^^^^^^^^^^^^^^^^^^^^^^^ help: convert the identifier to upper case: `JSONB_JSONPATH_PREDICATE_STRATEGY_NUMBER`

warning: constant in pattern `JsonbContainsStrategyNumber` should have an upper case name
   --> /work/src/crates/backend/utils/adt/jsonb/src/gin.rs:640:9
    |
640 |         JsonbContainsStrategyNumber => {
    |         ^^^^^^^^^^^^^^^^^^^^^^^^^^^ help: convert the identifier to upper case: `JSONB_CONTAINS_STRATEGY_NUMBER`

warning: constant in pattern `JsonbJsonpathExistsStrategyNumber` should have an upper case name
   --> /work/src/crates/backend/utils/adt/jsonb/src/gin.rs:647:9
    |
647 |         JsonbJsonpathExistsStrategyNumber | JsonbJsonpathPredicateStrategyNumber => {
    |         ^^^^^^^^^^^^^^^^^^^^^^^^^^^^^^^^^ help: convert the identifier to upper case: `JSONB_JSONPATH_EXISTS_STRATEGY_NUMBER`

warning: constant in pattern `JsonbJsonpathPredicateStrategyNumber` should have an upper case name
   --> /work/src/crates/backend/utils/adt/jsonb/src/gin.rs:647:45
    |
647 |         JsonbJsonpathExistsStrategyNumber | JsonbJsonpathPredicateStrategyNumber => {
    |                                             ^^^^^^^^^^^^^^^^^^^^^^^^^^^^^^^^^^^^ help: convert the identifier to upper case: `JSONB_JSONPATH_PREDICATE_STRATEGY_NUMBER`

warning: constant in pattern `JsonbContainsStrategyNumber` should have an upper case name
   --> /work/src/crates/backend/utils/adt/jsonb/src/gin.rs:669:9
    |
669 |         JsonbContainsStrategyNumber => {
    |         ^^^^^^^^^^^^^^^^^^^^^^^^^^^ help: convert the identifier to upper case: `JSONB_CONTAINS_STRATEGY_NUMBER`

warning: constant in pattern `JsonbExistsStrategyNumber` should have an upper case name
   --> /work/src/crates/backend/utils/adt/jsonb/src/gin.rs:673:9
    |
673 |         JsonbExistsStrategyNumber | JsonbExistsAnyStrategyNumber => {
    |         ^^^^^^^^^^^^^^^^^^^^^^^^^ help: convert the identifier to upper case: `JSONB_EXISTS_STRATEGY_NUMBER`

warning: constant in pattern `JsonbExistsAnyStrategyNumber` should have an upper case name
   --> /work/src/crates/backend/utils/adt/jsonb/src/gin.rs:673:37
    |
673 |         JsonbExistsStrategyNumber | JsonbExistsAnyStrategyNumber => {
    |                                     ^^^^^^^^^^^^^^^^^^^^^^^^^^^^ help: convert the identifier to upper case: `JSONB_EXISTS_ANY_STRATEGY_NUMBER`

warning: constant in pattern `JsonbExistsAllStrategyNumber` should have an upper case name
   --> /work/src/crates/backend/utils/adt/jsonb/src/gin.rs:677:9
    |
677 |         JsonbExistsAllStrategyNumber => {
    |         ^^^^^^^^^^^^^^^^^^^^^^^^^^^^ help: convert the identifier to upper case: `JSONB_EXISTS_ALL_STRATEGY_NUMBER`

warning: constant in pattern `JsonbJsonpathExistsStrategyNumber` should have an upper case name
   --> /work/src/crates/backend/utils/adt/jsonb/src/gin.rs:681:9
    |
681 |         JsonbJsonpathExistsStrategyNumber | JsonbJsonpathPredicateStrategyNumber => {
    |         ^^^^^^^^^^^^^^^^^^^^^^^^^^^^^^^^^ help: convert the identifier to upper case: `JSONB_JSONPATH_EXISTS_STRATEGY_NUMBER`

warning: constant in pattern `JsonbJsonpathPredicateStrategyNumber` should have an upper case name
   --> /work/src/crates/backend/utils/adt/jsonb/src/gin.rs:681:45
    |
681 |         JsonbJsonpathExistsStrategyNumber | JsonbJsonpathPredicateStrategyNumber => {
    |                                             ^^^^^^^^^^^^^^^^^^^^^^^^^^^^^^^^^^^^ help: convert the identifier to upper case: `JSONB_JSONPATH_PREDICATE_STRATEGY_NUMBER`

warning: constant in pattern `JsonbContainsStrategyNumber` should have an upper case name
   --> /work/src/crates/backend/utils/adt/jsonb/src/gin.rs:702:9
    |
702 |         JsonbContainsStrategyNumber | JsonbExistsAllStrategyNumber => {
    |         ^^^^^^^^^^^^^^^^^^^^^^^^^^^ help: convert the identifier to upper case: `JSONB_CONTAINS_STRATEGY_NUMBER`

warning: constant in pattern `JsonbExistsAllStrategyNumber` should have an upper case name
   --> /work/src/crates/backend/utils/adt/jsonb/src/gin.rs:702:39
    |
702 |         JsonbContainsStrategyNumber | JsonbExistsAllStrategyNumber => {
    |                                       ^^^^^^^^^^^^^^^^^^^^^^^^^^^^ help: convert the identifier to upper case: `JSONB_EXISTS_ALL_STRATEGY_NUMBER`

warning: constant in pattern `JsonbExistsStrategyNumber` should have an upper case name
   --> /work/src/crates/backend/utils/adt/jsonb/src/gin.rs:710:9
    |
710 |         JsonbExistsStrategyNumber | JsonbExistsAnyStrategyNumber => {
    |         ^^^^^^^^^^^^^^^^^^^^^^^^^ help: convert the identifier to upper case: `JSONB_EXISTS_STRATEGY_NUMBER`

warning: constant in pattern `JsonbExistsAnyStrategyNumber` should have an upper case name
   --> /work/src/crates/backend/utils/adt/jsonb/src/gin.rs:710:37
    |
710 |         JsonbExistsStrategyNumber | JsonbExistsAnyStrategyNumber => {
    |                                     ^^^^^^^^^^^^^^^^^^^^^^^^^^^^ help: convert the identifier to upper case: `JSONB_EXISTS_ANY_STRATEGY_NUMBER`

warning: constant in pattern `JsonbJsonpathExistsStrategyNumber` should have an upper case name
   --> /work/src/crates/backend/utils/adt/jsonb/src/gin.rs:718:9
    |
718 |         JsonbJsonpathExistsStrategyNumber | JsonbJsonpathPredicateStrategyNumber => {
    |         ^^^^^^^^^^^^^^^^^^^^^^^^^^^^^^^^^ help: convert the identifier to upper case: `JSONB_JSONPATH_EXISTS_STRATEGY_NUMBER`

warning: constant in pattern `JsonbJsonpathPredicateStrategyNumber` should have an upper case name
   --> /work/src/crates/backend/utils/adt/jsonb/src/gin.rs:718:45
    |
718 |         JsonbJsonpathExistsStrategyNumber | JsonbJsonpathPredicateStrategyNumber => {
    |                                             ^^^^^^^^^^^^^^^^^^^^^^^^^^^^^^^^^^^^ help: convert the identifier to upper case: `JSONB_JSONPATH_PREDICATE_STRATEGY_NUMBER`

warning: constant in pattern `JsonbContainsStrategyNumber` should have an upper case name
   --> /work/src/crates/backend/utils/adt/jsonb/src/gin.rs:744:9
    |
744 |         JsonbContainsStrategyNumber => {
    |         ^^^^^^^^^^^^^^^^^^^^^^^^^^^ help: convert the identifier to upper case: `JSONB_CONTAINS_STRATEGY_NUMBER`

warning: constant in pattern `JsonbJsonpathExistsStrategyNumber` should have an upper case name
   --> /work/src/crates/backend/utils/adt/jsonb/src/gin.rs:750:9
    |
750 |         JsonbJsonpathExistsStrategyNumber | JsonbJsonpathPredicateStrategyNumber => {
    |         ^^^^^^^^^^^^^^^^^^^^^^^^^^^^^^^^^ help: convert the identifier to upper case: `JSONB_JSONPATH_EXISTS_STRATEGY_NUMBER`

warning: constant in pattern `JsonbJsonpathPredicateStrategyNumber` should have an upper case name
   --> /work/src/crates/backend/utils/adt/jsonb/src/gin.rs:750:45
    |
750 |         JsonbJsonpathExistsStrategyNumber | JsonbJsonpathPredicateStrategyNumber => {
    |                                             ^^^^^^^^^^^^^^^^^^^^^^^^^^^^^^^^^^^^ help: convert the identifier to upper case: `JSONB_JSONPATH_PREDICATE_STRATEGY_NUMBER`

warning: constant in pattern `JsonbContainsStrategyNumber` should have an upper case name
   --> /work/src/crates/backend/utils/adt/jsonb/src/gin.rs:771:9
    |
771 |         JsonbContainsStrategyNumber => {
    |         ^^^^^^^^^^^^^^^^^^^^^^^^^^^ help: convert the identifier to upper case: `JSONB_CONTAINS_STRATEGY_NUMBER`

warning: constant in pattern `JsonbJsonpathExistsStrategyNumber` should have an upper case name
   --> /work/src/crates/backend/utils/adt/jsonb/src/gin.rs:779:9
    |
779 |         JsonbJsonpathExistsStrategyNumber | JsonbJsonpathPredicateStrategyNumber => {
    |         ^^^^^^^^^^^^^^^^^^^^^^^^^^^^^^^^^ help: convert the identifier to upper case: `JSONB_JSONPATH_EXISTS_STRATEGY_NUMBER`

warning: constant in pattern `JsonbJsonpathPredicateStrategyNumber` should have an upper case name
   --> /work/src/crates/backend/utils/adt/jsonb/src/gin.rs:779:45
    |
779 |         JsonbJsonpathExistsStrategyNumber | JsonbJsonpathPredicateStrategyNumber => {
    |                                             ^^^^^^^^^^^^^^^^^^^^^^^^^^^^^^^^^^^^ help: convert the identifier to upper case: `JSONB_JSONPATH_PREDICATE_STRATEGY_NUMBER`

warning: unexpected `cfg` condition name: `pgrust_sim`
  --> /work/src/crates/backend/access/nbtree/nbtree_xlog/src/lib.rs:37:7
   |
37 | #[cfg(pgrust_sim)]
   |       ^^^^^^^^^^
   |
   = help: expected names are: `docsrs`, `feature`, and `test` and 33 more
   = help: consider using a Cargo feature instead
   = help: or consider adding in `Cargo.toml` the `check-cfg` lint config for the lint:
            [lints.rust]
            unexpected_cfgs = { level = "warn", check-cfg = ['cfg(pgrust_sim)'] }
   = help: or consider adding `println!("cargo::rustc-check-cfg=cfg(pgrust_sim)");` to the top of the `build.rs`
   = note: see <https://doc.rust-lang.org/nightly/rustc/check-cfg/cargo-specifics.html> for more information about checking conditional configuration
   = note: `#[warn(unexpected_cfgs)]` on by default

warning: unexpected `cfg` condition name: `pgrust_sim`
   --> /work/src/crates/backend/access/nbtree/nbtree_xlog/src/lib.rs:830:15
    |
830 |         #[cfg(pgrust_sim)]
    |               ^^^^^^^^^^
    |
    = help: consider using a Cargo feature instead
    = help: or consider adding in `Cargo.toml` the `check-cfg` lint config for the lint:
             [lints.rust]
             unexpected_cfgs = { level = "warn", check-cfg = ['cfg(pgrust_sim)'] }
    = help: or consider adding `println!("cargo::rustc-check-cfg=cfg(pgrust_sim)");` to the top of the `build.rs`
    = note: see <https://doc.rust-lang.org/nightly/rustc/check-cfg/cargo-specifics.html> for more information about checking conditional configuration

warning: function `page_ref` is never used
  --> /work/src/crates/backend/access/hash/hash_xlog/src/lib.rs:48:11
   |
48 | unsafe fn page_ref<'p>(buffer: Buffer) -> PageRef<'p> {
   |           ^^^^^^^^
   |
   = note: `#[warn(dead_code)]` (part of `#[warn(unused)]`) on by default

warning: `adt_jsonb` (lib) generated 33 warnings
warning: `nbtree_xlog` (lib) generated 2 warnings
warning: `hash_xlog` (lib) generated 1 warning
warning: direct cast of function item into an integer
  --> /work/src/crates/backend/utils/fmgr/fmgr_core/src/lib.rs:46:54
   |
46 |     if flinfo.fn_addr as usize == builtin_not_ported as usize
   |                                                      ^^^^^^^^
   |
   = note: `#[warn(function_casts_as_integer)]` on by default
help: first cast to a pointer `as *const ()`
   |
46 |     if flinfo.fn_addr as usize == builtin_not_ported as *const () as usize
   |                                                      ++++++++++++

warning: direct cast of function item into an integer
   --> /work/src/crates/backend/utils/fmgr/fmgr_core/src/lib.rs:242:72
    |
242 |                 .is_some_and(|x| x.func as usize != builtin_not_ported as usize);
    |                                                                        ^^^^^^^^
    |
help: first cast to a pointer `as *const ()`
    |
242 |                 .is_some_and(|x| x.func as usize != builtin_not_ported as *const () as usize);
    |                                                                        ++++++++++++

warning: direct cast of function item into an integer
   --> /work/src/crates/backend/utils/fmgr/fmgr_core/src/lib.rs:274:58
    |
274 |         Some(b) if b.func as usize == builtin_not_ported as usize => {
    |                                                          ^^^^^^^^
    |
help: first cast to a pointer `as *const ()`
    |
274 |         Some(b) if b.func as usize == builtin_not_ported as *const () as usize => {
    |                                                          ++++++++++++

warning: direct cast of function item into an integer
   --> /work/src/crates/backend/utils/fmgr/fmgr_core/src/lib.rs:346:58
    |
346 |     let fbp = if fbp.func as usize == builtin_not_ported as usize {
    |                                                          ^^^^^^^^
    |
help: first cast to a pointer `as *const ()`
    |
346 |     let fbp = if fbp.func as usize == builtin_not_ported as *const () as usize {
    |                                                          ++++++++++++

warning: direct cast of function item into an integer
   --> /work/src/crates/backend/utils/fmgr/fmgr_core/src/lib.rs:483:70
    |
483 |                 Some(fbp) if fbp.func as usize == builtin_not_ported as usize => {
    |                                                                      ^^^^^^^^
    |
help: first cast to a pointer `as *const ()`
    |
483 |                 Some(fbp) if fbp.func as usize == builtin_not_ported as *const () as usize => {
    |                                                                      ++++++++++++

warning: `fmgr_core` (lib) generated 5 warnings (run `cargo fix --lib -p fmgr_core` to apply 5 suggestions)
warning: unused macro definition: `unported_redo`
  --> /work/src/crates/backend/access/transam/rmgr/src/lib.rs:87:14
   |
87 | macro_rules! unported_redo {
   |              ^^^^^^^^^^^^^
   |
   = note: `#[warn(unused_macros)]` (part of `#[warn(unused)]`) on by default

warning: function `gin_mask` is never used
   --> /work/src/crates/backend/access/transam/rmgr/src/lib.rs:127:5
    |
127 |     gin_mask => "backend-access-gin-xlog";
    |     ^^^^^^^^
    |
    = note: `#[warn(dead_code)]` (part of `#[warn(unused)]`) on by default
    = note: this warning originates in the macro `unported_mask` (in Nightly builds, run with -Z macro-backtrace for more info)

warning: `rmgr` (lib) generated 2 warnings
warning: value assigned to `ptr` is never read
    --> /work/src/crates/backend/access/transam/xlogreader/src/lib.rs:2017:13
     |
2017 |             ptr += len;
     |             ^^^^^^^^^^
...
2090 |         main_data = sink.put(payload_field!(main_data_len));
     |                              ----------------------------- in this macro invocation
     |
     = help: maybe it is overwritten before being read?
     = note: `#[warn(unused_assignments)]` (part of `#[warn(unused)]`) on by default
     = note: this warning originates in the macro `payload_field` (in Nightly builds, run with -Z macro-backtrace for more info)

warning: value assigned to `remaining` is never read
    --> /work/src/crates/backend/access/transam/xlogreader/src/lib.rs:2018:13
     |
2018 |             remaining -= len as u32;
     |             ^^^^^^^^^^^^^^^^^^^^^^^
...
2090 |         main_data = sink.put(payload_field!(main_data_len));
     |                              ----------------------------- in this macro invocation
     |
     = help: maybe it is overwritten before being read?
     = note: this warning originates in the macro `payload_field` (in Nightly builds, run with -Z macro-backtrace for more info)

warning: `xlogreader` (lib) generated 2 warnings
warning: unused import: `ERRCODE_FEATURE_NOT_SUPPORTED`
  --> core/src/pseudo_diff.rs:30:28
   |
30 | use types_error::{PgError, ERRCODE_FEATURE_NOT_SUPPORTED};
   |                            ^^^^^^^^^^^^^^^^^^^^^^^^^^^^^
   |
   = note: `#[warn(unused_imports)]` (part of `#[warn(unused)]`) on by default

warning: unused import: `PgError`
  --> core/src/enc_tables.rs:41:19
   |
41 | use types_error::{PgError, ERRCODE_FEATURE_NOT_SUPPORTED, ERRCODE_UNDEFINED_OBJECT};
   |                   ^^^^^^^

warning: function `pg_diff_num_keywords` is never used
  --> core/src/tablesfam.rs:40:8
   |
40 |     fn pg_diff_num_keywords() -> c_int;
   |        ^^^^^^^^^^^^^^^^^^^^
   |
   = note: `#[warn(dead_code)]` (part of `#[warn(unused)]`) on by default

warning: function `pg_diff_max_kw_len` is never used
  --> core/src/tablesfam.rs:41:8
   |
41 |     fn pg_diff_max_kw_len() -> c_int;
   |        ^^^^^^^^^^^^^^^^^^

warning: `decoder_fuzz` (lib) generated 4 warnings (run `cargo fix --lib -p decoder_fuzz` to apply 2 suggestions)
    Finished `release` profile [optimized + debuginfo] target(s) in 0.23s
     Running `target/aarch64-unknown-linux-gnu/release/float_in_diff -artifact_prefix=/work/src/fuzz/artifacts/float_in_diff/ -print_final_stats=1 -runs=10000000 /work/src/fuzz/corpus/float_in_diff`
INFO: Running with entropic power schedule (0xFF, 100).
INFO: Seed: 1421108995
INFO: Loaded 1 modules   (411925 inline 8-bit counters): 411925 [0xaaaac776c6c0, 0xaaaac77d0fd5), 
INFO: Loaded 1 PC tables (411925 PCs): 411925 [0xaaaac77d0fd8,0xaaaac7e1a128), 
INFO:     1005 files found in /work/src/fuzz/corpus/float_in_diff
INFO: -max_len is not provided; libFuzzer will not generate inputs larger than 4096 bytes
INFO: seed corpus: files: 1005 min: 1b max: 1028b total: 51607b rss: 72Mb
#1006	INITED cov: 651 ft: 1108 corp: 530/12044b exec/s: 0 rss: 83Mb
#1689	NEW    cov: 651 ft: 1111 corp: 531/12093b lim: 1038 exec/s: 0 rss: 84Mb L: 49/1028 MS: 3 CrossOver-CrossOver-CopyPart-
#1715	NEW    cov: 651 ft: 1112 corp: 532/12100b lim: 1038 exec/s: 0 rss: 84Mb L: 7/1028 MS: 1 EraseBytes-
#2111	NEW    cov: 651 ft: 1113 corp: 533/12114b lim: 1038 exec/s: 0 rss: 85Mb L: 14/1028 MS: 1 EraseBytes-
#2157	NEW    cov: 651 ft: 1115 corp: 534/12127b lim: 1038 exec/s: 0 rss: 85Mb L: 13/1028 MS: 1 ChangeBinInt-
#2256	NEW    cov: 651 ft: 1116 corp: 535/12150b lim: 1038 exec/s: 0 rss: 85Mb L: 23/1028 MS: 4 CopyPart-ChangeASCIIInt-InsertByte-CrossOver-
#2650	NEW    cov: 651 ft: 1117 corp: 536/12195b lim: 1038 exec/s: 0 rss: 86Mb L: 45/1028 MS: 4 ChangeByte-ChangeBit-ChangeASCIIInt-EraseBytes-
#4482	NEW    cov: 651 ft: 1118 corp: 537/12203b lim: 1048 exec/s: 0 rss: 88Mb L: 8/1028 MS: 2 InsertByte-CrossOver-
#5844	REDUCE cov: 651 ft: 1118 corp: 537/12199b lim: 1058 exec/s: 0 rss: 89Mb L: 17/1028 MS: 2 ChangeBit-EraseBytes-
#8035	NEW    cov: 651 ft: 1119 corp: 538/12213b lim: 1078 exec/s: 0 rss: 91Mb L: 14/1028 MS: 1 CrossOver-
#8521	NEW    cov: 651 ft: 1120 corp: 539/12234b lim: 1078 exec/s: 0 rss: 92Mb L: 21/1028 MS: 1 CopyPart-
#8902	NEW    cov: 651 ft: 1121 corp: 540/12257b lim: 1078 exec/s: 0 rss: 92Mb L: 23/1028 MS: 1 CrossOver-
#9275	NEW    cov: 651 ft: 1122 corp: 541/12277b lim: 1078 exec/s: 0 rss: 93Mb L: 20/1028 MS: 3 ChangeByte-InsertByte-CrossOver-
#10556	NEW    cov: 651 ft: 1123 corp: 542/12323b lim: 1088 exec/s: 0 rss: 94Mb L: 46/1028 MS: 1 InsertByte-
#10987	REDUCE cov: 651 ft: 1123 corp: 542/12314b lim: 1088 exec/s: 0 rss: 94Mb L: 14/1028 MS: 1 EraseBytes-
#11971	NEW    cov: 651 ft: 1126 corp: 543/12325b lim: 1088 exec/s: 0 rss: 95Mb L: 11/1028 MS: 4 InsertByte-ShuffleBytes-ChangeByte-EraseBytes-
#13407	REDUCE cov: 651 ft: 1126 corp: 543/12318b lim: 1098 exec/s: 0 rss: 96Mb L: 10/1028 MS: 1 EraseBytes-
#13813	NEW    cov: 651 ft: 1127 corp: 544/12364b lim: 1098 exec/s: 0 rss: 97Mb L: 46/1028 MS: 1 InsertByte-
#13999	NEW    cov: 652 ft: 1131 corp: 545/12375b lim: 1098 exec/s: 0 rss: 97Mb L: 11/1028 MS: 1 CopyPart-
#14282	REDUCE cov: 652 ft: 1131 corp: 545/12352b lim: 1098 exec/s: 0 rss: 97Mb L: 23/1028 MS: 3 ChangeByte-CMP-EraseBytes- DE: "\001\000\000\000\000\000\000\000"-
#14525	REDUCE cov: 652 ft: 1131 corp: 545/12341b lim: 1098 exec/s: 0 rss: 97Mb L: 34/1028 MS: 3 ShuffleBytes-ChangeByte-EraseBytes-
#16071	NEW    cov: 652 ft: 1134 corp: 546/12350b lim: 1108 exec/s: 0 rss: 98Mb L: 9/1028 MS: 1 InsertByte-
#16813	NEW    cov: 652 ft: 1135 corp: 547/12367b lim: 1108 exec/s: 0 rss: 99Mb L: 17/1028 MS: 2 CrossOver-CopyPart-
#17104	NEW    cov: 652 ft: 1136 corp: 548/12384b lim: 1108 exec/s: 0 rss: 99Mb L: 17/1028 MS: 1 ChangeByte-
#18431	NEW    cov: 652 ft: 1137 corp: 549/12397b lim: 1118 exec/s: 0 rss: 100Mb L: 13/1028 MS: 2 InsertByte-EraseBytes-
#18917	REDUCE cov: 652 ft: 1137 corp: 549/12381b lim: 1118 exec/s: 0 rss: 101Mb L: 33/1028 MS: 1 EraseBytes-
#22563	NEW    cov: 653 ft: 1140 corp: 550/12394b lim: 1148 exec/s: 0 rss: 104Mb L: 13/1028 MS: 1 EraseBytes-
#23304	NEW    cov: 653 ft: 1142 corp: 551/12413b lim: 1148 exec/s: 0 rss: 104Mb L: 19/1028 MS: 1 CrossOver-
#24070	REDUCE cov: 653 ft: 1142 corp: 551/12404b lim: 1148 exec/s: 0 rss: 105Mb L: 37/1028 MS: 1 EraseBytes-
#24836	REDUCE cov: 653 ft: 1142 corp: 551/12403b lim: 1148 exec/s: 0 rss: 105Mb L: 137/1028 MS: 1 EraseBytes-
#24877	NEW    cov: 653 ft: 1143 corp: 552/12423b lim: 1148 exec/s: 0 rss: 105Mb L: 20/1028 MS: 1 InsertByte-
#25029	REDUCE cov: 653 ft: 1143 corp: 552/12420b lim: 1148 exec/s: 0 rss: 105Mb L: 10/1028 MS: 2 ChangeBit-EraseBytes-
#27910	NEW    cov: 653 ft: 1146 corp: 553/12444b lim: 1168 exec/s: 0 rss: 108Mb L: 24/1028 MS: 1 InsertRepeatedBytes-
#28571	NEW    cov: 653 ft: 1147 corp: 554/12452b lim: 1168 exec/s: 0 rss: 108Mb L: 8/1028 MS: 1 CopyPart-
#30448	NEW    cov: 653 ft: 1149 corp: 555/12468b lim: 1178 exec/s: 30448 rss: 110Mb L: 16/1028 MS: 2 EraseBytes-InsertRepeatedBytes-
#31129	REDUCE cov: 653 ft: 1149 corp: 555/12458b lim: 1178 exec/s: 31129 rss: 110Mb L: 27/1028 MS: 1 EraseBytes-
#31390	NEW    cov: 653 ft: 1152 corp: 556/12510b lim: 1178 exec/s: 31390 rss: 110Mb L: 52/1028 MS: 1 InsertRepeatedBytes-
#31967	NEW    cov: 653 ft: 1153 corp: 557/12529b lim: 1178 exec/s: 31967 rss: 111Mb L: 19/1028 MS: 2 ChangeBinInt-ShuffleBytes-
#32398	NEW    cov: 653 ft: 1154 corp: 558/12538b lim: 1178 exec/s: 32398 rss: 111Mb L: 9/1028 MS: 1 CrossOver-
#32505	NEW    cov: 653 ft: 1157 corp: 559/12591b lim: 1178 exec/s: 32505 rss: 111Mb L: 53/1028 MS: 2 InsertByte-InsertRepeatedBytes-
#32773	NEW    cov: 653 ft: 1158 corp: 560/12606b lim: 1178 exec/s: 32773 rss: 111Mb L: 15/1028 MS: 3 EraseBytes-ChangeBit-CopyPart-
#36107	NEW    cov: 653 ft: 1160 corp: 561/12627b lim: 1208 exec/s: 36107 rss: 115Mb L: 21/1028 MS: 2 InsertByte-ChangeByte-
#39439	REDUCE cov: 653 ft: 1160 corp: 561/12624b lim: 1238 exec/s: 39439 rss: 117Mb L: 20/1028 MS: 2 InsertByte-EraseBytes-
#40796	NEW    cov: 653 ft: 1163 corp: 562/12676b lim: 1248 exec/s: 40796 rss: 118Mb L: 52/1028 MS: 2 ChangeBinInt-ChangeBinInt-
#43057	REDUCE cov: 653 ft: 1163 corp: 562/12675b lim: 1268 exec/s: 43057 rss: 120Mb L: 23/1028 MS: 1 EraseBytes-
#44453	NEW    cov: 653 ft: 1164 corp: 563/12717b lim: 1278 exec/s: 44453 rss: 121Mb L: 42/1028 MS: 1 EraseBytes-
#46886	NEW    cov: 653 ft: 1167 corp: 564/12792b lim: 1298 exec/s: 46886 rss: 122Mb L: 75/1028 MS: 3 EraseBytes-ChangeByte-InsertRepeatedBytes-
#47177	REDUCE cov: 653 ft: 1167 corp: 564/12790b lim: 1298 exec/s: 47177 rss: 123Mb L: 7/1028 MS: 1 EraseBytes-
#49059	NEW    cov: 653 ft: 1169 corp: 565/12812b lim: 1308 exec/s: 49059 rss: 124Mb L: 22/1028 MS: 2 CrossOver-CopyPart-
#49225	REDUCE cov: 653 ft: 1169 corp: 565/12811b lim: 1308 exec/s: 49225 rss: 124Mb L: 19/1028 MS: 1 EraseBytes-
#49332	REDUCE cov: 653 ft: 1169 corp: 565/12809b lim: 1308 exec/s: 49332 rss: 124Mb L: 32/1028 MS: 2 ChangeByte-EraseBytes-
#53081	NEW    cov: 653 ft: 1171 corp: 566/12902b lim: 1338 exec/s: 53081 rss: 126Mb L: 93/1028 MS: 4 ChangeBit-CopyPart-ChangeBit-ChangeBinInt-
#53127	REDUCE cov: 653 ft: 1171 corp: 566/12895b lim: 1338 exec/s: 53127 rss: 127Mb L: 68/1028 MS: 1 EraseBytes-
#53573	REDUCE cov: 653 ft: 1171 corp: 566/12891b lim: 1338 exec/s: 53573 rss: 127Mb L: 19/1028 MS: 1 EraseBytes-
#55855	REDUCE cov: 653 ft: 1171 corp: 566/12889b lim: 1358 exec/s: 55855 rss: 128Mb L: 11/1028 MS: 2 ChangeBinInt-EraseBytes-
#56611	NEW    cov: 653 ft: 1174 corp: 567/12958b lim: 1358 exec/s: 56611 rss: 129Mb L: 69/1028 MS: 1 InsertRepeatedBytes-
#57527	NEW    cov: 654 ft: 1175 corp: 568/12963b lim: 1358 exec/s: 57527 rss: 130Mb L: 5/1028 MS: 1 EraseBytes-
#58718	REDUCE cov: 654 ft: 1175 corp: 568/12952b lim: 1368 exec/s: 58718 rss: 131Mb L: 41/1028 MS: 1 EraseBytes-
#58966	REDUCE cov: 654 ft: 1175 corp: 568/12950b lim: 1368 exec/s: 58966 rss: 131Mb L: 18/1028 MS: 3 ChangeBit-ChangeBit-EraseBytes-
#60762	REDUCE cov: 654 ft: 1175 corp: 568/12949b lim: 1378 exec/s: 60762 rss: 132Mb L: 17/1028 MS: 1 EraseBytes-
#61617	REDUCE cov: 654 ft: 1175 corp: 568/12948b lim: 1378 exec/s: 61617 rss: 132Mb L: 33/1028 MS: 5 InsertByte-CopyPart-CrossOver-EraseBytes-CopyPart-
#63138	REDUCE cov: 654 ft: 1175 corp: 568/12943b lim: 1388 exec/s: 31569 rss: 133Mb L: 8/1028 MS: 1 EraseBytes-
#63311	REDUCE cov: 654 ft: 1175 corp: 568/12937b lim: 1388 exec/s: 31655 rss: 134Mb L: 26/1028 MS: 3 ChangeASCIIInt-CopyPart-EraseBytes-
#63593	REDUCE cov: 654 ft: 1175 corp: 568/12931b lim: 1388 exec/s: 31796 rss: 134Mb L: 62/1028 MS: 2 CrossOver-EraseBytes-
#65536	pulse  cov: 654 ft: 1175 corp: 568/12931b lim: 1398 exec/s: 32768 rss: 135Mb
#66124	REDUCE cov: 654 ft: 1175 corp: 568/12922b lim: 1408 exec/s: 33062 rss: 135Mb L: 53/1028 MS: 1 EraseBytes-
#66580	REDUCE cov: 654 ft: 1175 corp: 568/12919b lim: 1408 exec/s: 33290 rss: 136Mb L: 17/1028 MS: 1 EraseBytes-
#66677	REDUCE cov: 654 ft: 1175 corp: 568/12917b lim: 1408 exec/s: 33338 rss: 137Mb L: 12/1028 MS: 1 EraseBytes-
#67803	NEW    cov: 655 ft: 1176 corp: 569/12923b lim: 1418 exec/s: 33901 rss: 138Mb L: 6/1028 MS: 1 EraseBytes-
#75404	REDUCE cov: 655 ft: 1176 corp: 569/12921b lim: 1488 exec/s: 37702 rss: 143Mb L: 25/1028 MS: 1 EraseBytes-
#75920	REDUCE cov: 655 ft: 1176 corp: 569/12913b lim: 1488 exec/s: 37960 rss: 143Mb L: 17/1028 MS: 1 EraseBytes-
#76661	REDUCE cov: 655 ft: 1176 corp: 569/12892b lim: 1488 exec/s: 38330 rss: 144Mb L: 72/1028 MS: 1 EraseBytes-
#77819	REDUCE cov: 655 ft: 1176 corp: 569/12891b lim: 1498 exec/s: 38909 rss: 145Mb L: 40/1028 MS: 3 ShuffleBytes-ChangeBinInt-EraseBytes-
#80690	NEW    cov: 655 ft: 1177 corp: 570/12919b lim: 1518 exec/s: 40345 rss: 146Mb L: 28/1028 MS: 1 CrossOver-
#81086	REDUCE cov: 655 ft: 1177 corp: 570/12913b lim: 1518 exec/s: 40543 rss: 147Mb L: 13/1028 MS: 1 EraseBytes-
#81608	REDUCE cov: 655 ft: 1177 corp: 570/12903b lim: 1518 exec/s: 40804 rss: 147Mb L: 59/1028 MS: 2 ChangeBit-EraseBytes-
#85544	REDUCE cov: 655 ft: 1177 corp: 570/12902b lim: 1548 exec/s: 42772 rss: 150Mb L: 52/1028 MS: 1 EraseBytes-
#87120	REDUCE cov: 655 ft: 1177 corp: 570/12900b lim: 1558 exec/s: 43560 rss: 151Mb L: 12/1028 MS: 1 EraseBytes-
#90611	REDUCE cov: 655 ft: 1177 corp: 570/12897b lim: 1588 exec/s: 45305 rss: 153Mb L: 18/1028 MS: 1 EraseBytes-
#91328	REDUCE cov: 655 ft: 1177 corp: 570/12875b lim: 1588 exec/s: 45664 rss: 154Mb L: 50/1028 MS: 2 ChangeByte-EraseBytes-
#91586	REDUCE cov: 655 ft: 1177 corp: 570/12864b lim: 1588 exec/s: 45793 rss: 154Mb L: 42/1028 MS: 3 CrossOver-ChangeBit-EraseBytes-
#95583	REDUCE cov: 655 ft: 1177 corp: 570/12842b lim: 1618 exec/s: 47791 rss: 157Mb L: 28/1028 MS: 2 InsertByte-EraseBytes-
#97539	REDUCE cov: 655 ft: 1177 corp: 570/12830b lim: 1628 exec/s: 32513 rss: 159Mb L: 16/1028 MS: 1 EraseBytes-
#109615	REDUCE cov: 655 ft: 1177 corp: 570/12829b lim: 1748 exec/s: 36538 rss: 168Mb L: 12/1028 MS: 1 EraseBytes-
#116579	NEW    cov: 655 ft: 1180 corp: 571/13036b lim: 1808 exec/s: 38859 rss: 173Mb L: 207/1028 MS: 4 EraseBytes-InsertRepeatedBytes-ShuffleBytes-CopyPart-
#118273	REDUCE cov: 655 ft: 1183 corp: 572/13206b lim: 1818 exec/s: 39424 rss: 174Mb L: 170/1028 MS: 4 InsertByte-CrossOver-ChangeASCIIInt-InsertRepeatedBytes-
#119389	REDUCE cov: 655 ft: 1183 corp: 572/13204b lim: 1828 exec/s: 39796 rss: 175Mb L: 19/1028 MS: 1 EraseBytes-
#121740	REDUCE cov: 655 ft: 1183 corp: 572/13203b lim: 1848 exec/s: 40580 rss: 177Mb L: 32/1028 MS: 1 EraseBytes-
#127457	REDUCE cov: 655 ft: 1183 corp: 572/13201b lim: 1898 exec/s: 42485 rss: 180Mb L: 26/1028 MS: 2 ChangeBinInt-EraseBytes-
#129204	REDUCE cov: 655 ft: 1183 corp: 572/13200b lim: 1908 exec/s: 43068 rss: 182Mb L: 11/1028 MS: 2 ChangeBinInt-EraseBytes-
#129563	REDUCE cov: 655 ft: 1183 corp: 572/13197b lim: 1908 exec/s: 32390 rss: 182Mb L: 14/1028 MS: 4 ChangeASCIIInt-ShuffleBytes-CrossOver-EraseBytes-
#130150	REDUCE cov: 655 ft: 1183 corp: 572/13158b lim: 1908 exec/s: 32537 rss: 182Mb L: 168/1028 MS: 2 ChangeBit-EraseBytes-
#130677	REDUCE cov: 655 ft: 1183 corp: 572/13153b lim: 1908 exec/s: 32669 rss: 183Mb L: 35/1028 MS: 2 CopyPart-EraseBytes-
#131072	pulse  cov: 655 ft: 1183 corp: 572/13153b lim: 1908 exec/s: 32768 rss: 183Mb
#132753	REDUCE cov: 655 ft: 1183 corp: 572/13152b lim: 1928 exec/s: 33188 rss: 184Mb L: 16/1028 MS: 1 EraseBytes-
#135417	REDUCE cov: 655 ft: 1183 corp: 572/13147b lim: 1948 exec/s: 33854 rss: 187Mb L: 11/1028 MS: 3 ChangeBit-ShuffleBytes-EraseBytes-
#139959	REDUCE cov: 655 ft: 1183 corp: 572/13139b lim: 1988 exec/s: 34989 rss: 190Mb L: 44/1028 MS: 2 ShuffleBytes-EraseBytes-
#142690	REDUCE cov: 655 ft: 1183 corp: 572/13129b lim: 2008 exec/s: 35672 rss: 191Mb L: 16/1028 MS: 1 EraseBytes-
#143997	REDUCE cov: 655 ft: 1183 corp: 572/13120b lim: 2018 exec/s: 35999 rss: 192Mb L: 10/1028 MS: 2 CopyPart-EraseBytes-
#144375	REDUCE cov: 655 ft: 1183 corp: 572/13117b lim: 2018 exec/s: 36093 rss: 193Mb L: 8/1028 MS: 3 ChangeByte-ChangeBit-EraseBytes-
#148726	REDUCE cov: 655 ft: 1183 corp: 572/13116b lim: 2059 exec/s: 37181 rss: 195Mb L: 43/1028 MS: 1 EraseBytes-
#150258	NEW    cov: 655 ft: 1186 corp: 573/13353b lim: 2070 exec/s: 37564 rss: 197Mb L: 237/1028 MS: 2 InsertRepeatedBytes-CopyPart-
#154162	REDUCE cov: 655 ft: 1186 corp: 573/13331b lim: 2103 exec/s: 38540 rss: 199Mb L: 215/1028 MS: 4 ShuffleBytes-ChangeASCIIInt-CopyPart-EraseBytes-
#158993	REDUCE cov: 655 ft: 1186 corp: 573/13319b lim: 2147 exec/s: 39748 rss: 203Mb L: 42/1028 MS: 1 EraseBytes-
#159014	REDUCE cov: 655 ft: 1186 corp: 573/13316b lim: 2147 exec/s: 39753 rss: 203Mb L: 10/1028 MS: 1 EraseBytes-
#160708	REDUCE cov: 655 ft: 1186 corp: 573/13305b lim: 2158 exec/s: 40177 rss: 204Mb L: 204/1028 MS: 4 ChangeByte-ChangeBinInt-ChangeBit-EraseBytes-
#164874	REDUCE cov: 655 ft: 1186 corp: 573/13304b lim: 2191 exec/s: 32974 rss: 207Mb L: 9/1028 MS: 1 EraseBytes-
#165210	REDUCE cov: 655 ft: 1186 corp: 573/13295b lim: 2191 exec/s: 33042 rss: 207Mb L: 26/1028 MS: 1 EraseBytes-
#169243	REDUCE cov: 655 ft: 1186 corp: 573/13294b lim: 2224 exec/s: 33848 rss: 211Mb L: 13/1028 MS: 1 EraseBytes-
#170559	REDUCE cov: 655 ft: 1186 corp: 573/13293b lim: 2235 exec/s: 34111 rss: 212Mb L: 18/1028 MS: 1 EraseBytes-
#174026	REDUCE cov: 655 ft: 1186 corp: 573/13292b lim: 2268 exec/s: 34805 rss: 215Mb L: 16/1028 MS: 2 ChangeByte-EraseBytes-
#174752	REDUCE cov: 655 ft: 1186 corp: 573/13249b lim: 2268 exec/s: 34950 rss: 215Mb L: 161/1028 MS: 1 EraseBytes-
#175998	REDUCE cov: 655 ft: 1186 corp: 573/13248b lim: 2279 exec/s: 35199 rss: 216Mb L: 8/1028 MS: 1 EraseBytes-
#176375	REDUCE cov: 655 ft: 1186 corp: 573/13247b lim: 2279 exec/s: 35275 rss: 216Mb L: 36/1028 MS: 2 ShuffleBytes-EraseBytes-
#180472	REDUCE cov: 655 ft: 1186 corp: 573/13246b lim: 2312 exec/s: 36094 rss: 219Mb L: 136/1028 MS: 2 ChangeBit-EraseBytes-
#180849	REDUCE cov: 655 ft: 1186 corp: 573/13243b lim: 2312 exec/s: 36169 rss: 220Mb L: 16/1028 MS: 2 ChangeBit-EraseBytes-
#181780	REDUCE cov: 655 ft: 1186 corp: 573/13242b lim: 2312 exec/s: 36356 rss: 220Mb L: 17/1028 MS: 1 EraseBytes-
#184506	REDUCE cov: 655 ft: 1186 corp: 573/13240b lim: 2334 exec/s: 36901 rss: 222Mb L: 8/1028 MS: 1 EraseBytes-
#194960	REDUCE cov: 655 ft: 1186 corp: 573/13239b lim: 2433 exec/s: 38992 rss: 229Mb L: 9/1028 MS: 4 ChangeBit-InsertByte-ChangeByte-EraseBytes-
#197976	REDUCE cov: 655 ft: 1186 corp: 573/13233b lim: 2455 exec/s: 32996 rss: 231Mb L: 46/1028 MS: 1 EraseBytes-
#211457	REDUCE cov: 655 ft: 1186 corp: 573/13218b lim: 2587 exec/s: 35242 rss: 241Mb L: 155/1028 MS: 1 EraseBytes-
#213573	NEW    cov: 656 ft: 1187 corp: 574/13224b lim: 2598 exec/s: 35595 rss: 243Mb L: 6/1028 MS: 1 ChangeByte-
#219609	REDUCE cov: 656 ft: 1187 corp: 574/13223b lim: 2653 exec/s: 36601 rss: 247Mb L: 25/1028 MS: 1 EraseBytes-
#228166	REDUCE cov: 656 ft: 1187 corp: 574/13222b lim: 2730 exec/s: 38027 rss: 253Mb L: 8/1028 MS: 2 ChangeASCIIInt-EraseBytes-
#230667	REDUCE cov: 656 ft: 1187 corp: 574/13221b lim: 2752 exec/s: 38444 rss: 255Mb L: 31/1028 MS: 1 EraseBytes-
#232748	REDUCE cov: 656 ft: 1187 corp: 574/13218b lim: 2763 exec/s: 33249 rss: 256Mb L: 28/1028 MS: 1 EraseBytes-
#235299	REDUCE cov: 656 ft: 1187 corp: 574/13217b lim: 2785 exec/s: 33614 rss: 258Mb L: 16/1028 MS: 1 EraseBytes-
#237006	REDUCE cov: 656 ft: 1188 corp: 575/13227b lim: 2796 exec/s: 33858 rss: 260Mb L: 10/1028 MS: 1 CopyPart-
#237442	NEW    cov: 656 ft: 1189 corp: 576/13237b lim: 2796 exec/s: 33920 rss: 260Mb L: 10/1028 MS: 1 CopyPart-
#240433	REDUCE cov: 656 ft: 1189 corp: 576/13235b lim: 2818 exec/s: 34347 rss: 263Mb L: 26/1028 MS: 1 EraseBytes-
#245569	REDUCE cov: 656 ft: 1189 corp: 576/13234b lim: 2862 exec/s: 35081 rss: 266Mb L: 7/1028 MS: 1 EraseBytes-
#246325	REDUCE cov: 656 ft: 1189 corp: 576/13220b lim: 2862 exec/s: 35189 rss: 266Mb L: 141/1028 MS: 1 EraseBytes-
#249526	REDUCE cov: 656 ft: 1189 corp: 576/13219b lim: 2884 exec/s: 35646 rss: 268Mb L: 6/1028 MS: 1 EraseBytes-
#252029	REDUCE cov: 656 ft: 1189 corp: 576/13218b lim: 2906 exec/s: 36004 rss: 270Mb L: 9/1028 MS: 3 ChangeASCIIInt-ChangeASCIIInt-EraseBytes-
#253396	REDUCE cov: 656 ft: 1189 corp: 576/13216b lim: 2917 exec/s: 36199 rss: 271Mb L: 16/1028 MS: 2 InsertByte-EraseBytes-
#262144	pulse  cov: 656 ft: 1189 corp: 576/13216b lim: 2994 exec/s: 37449 rss: 276Mb
#263347	REDUCE cov: 656 ft: 1189 corp: 576/13215b lim: 3016 exec/s: 37621 rss: 277Mb L: 134/1028 MS: 1 EraseBytes-
#270542	REDUCE cov: 656 ft: 1189 corp: 576/13212b lim: 3082 exec/s: 33817 rss: 283Mb L: 10/1028 MS: 3 CrossOver-ShuffleBytes-EraseBytes-
#281243	NEW    cov: 656 ft: 1190 corp: 577/13222b lim: 3181 exec/s: 35155 rss: 290Mb L: 10/1028 MS: 1 ChangeByte-
#281279	REDUCE cov: 656 ft: 1190 corp: 577/13219b lim: 3181 exec/s: 35159 rss: 290Mb L: 138/1028 MS: 1 EraseBytes-
#282630	REDUCE cov: 656 ft: 1190 corp: 577/13202b lim: 3192 exec/s: 35328 rss: 291Mb L: 144/1028 MS: 1 EraseBytes-
#297342	NEW    cov: 656 ft: 1191 corp: 578/13217b lim: 3335 exec/s: 33038 rss: 300Mb L: 15/1028 MS: 2 CopyPart-CopyPart-
#300373	REDUCE cov: 656 ft: 1191 corp: 578/13213b lim: 3357 exec/s: 33374 rss: 303Mb L: 9/1028 MS: 1 EraseBytes-
#305865	REDUCE cov: 656 ft: 1191 corp: 578/13185b lim: 3401 exec/s: 33985 rss: 307Mb L: 140/1028 MS: 1 EraseBytes-
#308911	REDUCE cov: 656 ft: 1191 corp: 578/13180b lim: 3423 exec/s: 34323 rss: 309Mb L: 10/1028 MS: 1 EraseBytes-
#310252	NEW    cov: 656 ft: 1192 corp: 579/13190b lim: 3434 exec/s: 34472 rss: 310Mb L: 10/1028 MS: 1 ChangeBinInt-
#324183	REDUCE cov: 656 ft: 1192 corp: 579/13184b lim: 3566 exec/s: 36020 rss: 320Mb L: 53/1028 MS: 1 EraseBytes-
#330174	REDUCE cov: 656 ft: 1192 corp: 579/13182b lim: 3621 exec/s: 36686 rss: 324Mb L: 138/1028 MS: 1 EraseBytes-
#331560	REDUCE cov: 656 ft: 1192 corp: 579/13180b lim: 3632 exec/s: 33156 rss: 325Mb L: 24/1028 MS: 1 EraseBytes-
#335501	REDUCE cov: 656 ft: 1192 corp: 579/13179b lim: 3665 exec/s: 33550 rss: 328Mb L: 9/1028 MS: 1 EraseBytes-
#341488	REDUCE cov: 656 ft: 1192 corp: 579/13178b lim: 3720 exec/s: 34148 rss: 332Mb L: 8/1028 MS: 2 CopyPart-EraseBytes-
#347615	REDUCE cov: 656 ft: 1192 corp: 579/13175b lim: 3775 exec/s: 34761 rss: 336Mb L: 40/1028 MS: 2 ChangeBit-EraseBytes-
#348256	REDUCE cov: 656 ft: 1192 corp: 579/13167b lim: 3775 exec/s: 34825 rss: 337Mb L: 34/1028 MS: 1 EraseBytes-
#349293	REDUCE cov: 656 ft: 1192 corp: 579/13163b lim: 3775 exec/s: 34929 rss: 337Mb L: 49/1028 MS: 2 ShuffleBytes-EraseBytes-
#351889	REDUCE cov: 656 ft: 1192 corp: 579/13161b lim: 3797 exec/s: 35188 rss: 339Mb L: 40/1028 MS: 1 EraseBytes-
#355260	REDUCE cov: 656 ft: 1192 corp: 579/13160b lim: 3830 exec/s: 35526 rss: 342Mb L: 9/1028 MS: 1 EraseBytes-
#360066	REDUCE cov: 656 ft: 1192 corp: 579/13157b lim: 3874 exec/s: 36006 rss: 345Mb L: 137/1028 MS: 1 EraseBytes-
#360152	REDUCE cov: 656 ft: 1192 corp: 579/13156b lim: 3874 exec/s: 36015 rss: 345Mb L: 9/1028 MS: 1 EraseBytes-
#362653	REDUCE cov: 656 ft: 1192 corp: 579/13155b lim: 3896 exec/s: 36265 rss: 347Mb L: 9/1028 MS: 1 EraseBytes-
#382899	REDUCE cov: 656 ft: 1192 corp: 579/13154b lim: 4094 exec/s: 34809 rss: 361Mb L: 24/1028 MS: 1 EraseBytes-
#384923	REDUCE cov: 656 ft: 1192 corp: 579/13147b lim: 4096 exec/s: 34993 rss: 363Mb L: 139/1028 MS: 4 CMP-EraseBytes-ShuffleBytes-InsertRepeatedBytes- DE: "\000\000\000\000"-
#412279	REDUCE cov: 656 ft: 1192 corp: 579/13146b lim: 4096 exec/s: 34356 rss: 382Mb L: 8/1028 MS: 1 EraseBytes-
#424593	REDUCE cov: 656 ft: 1192 corp: 579/13139b lim: 4096 exec/s: 35382 rss: 391Mb L: 42/1028 MS: 4 PersAutoDict-ChangeASCIIInt-CopyPart-EraseBytes- DE: "\001\000\000\000\000\000\000\000"-
#458560	REDUCE cov: 657 ft: 1193 corp: 580/13146b lim: 4096 exec/s: 35273 rss: 413Mb L: 7/1028 MS: 2 EraseBytes-InsertByte-
#470471	REDUCE cov: 657 ft: 1193 corp: 580/13144b lim: 4096 exec/s: 33605 rss: 422Mb L: 40/1028 MS: 1 EraseBytes-
#470582	NEW    cov: 658 ft: 1194 corp: 581/13151b lim: 4096 exec/s: 33613 rss: 422Mb L: 7/1028 MS: 1 ChangeBit-
#484655	REDUCE cov: 658 ft: 1197 corp: 582/13302b lim: 4096 exec/s: 34618 rss: 432Mb L: 151/1028 MS: 3 EraseBytes-EraseBytes-CrossOver-
#487045	REDUCE cov: 658 ft: 1197 corp: 582/13291b lim: 4096 exec/s: 34788 rss: 434Mb L: 140/1028 MS: 5 ChangeBit-ShuffleBytes-ChangeBit-ChangeASCIIInt-EraseBytes-
#487468	REDUCE cov: 658 ft: 1198 corp: 583/13317b lim: 4096 exec/s: 34819 rss: 434Mb L: 26/1028 MS: 3 CopyPart-CopyPart-ShuffleBytes-
#490415	REDUCE cov: 658 ft: 1198 corp: 583/13316b lim: 4096 exec/s: 35029 rss: 437Mb L: 16/1028 MS: 2 EraseBytes-InsertByte-
#493286	REDUCE cov: 658 ft: 1198 corp: 583/13313b lim: 4096 exec/s: 35234 rss: 439Mb L: 23/1028 MS: 1 EraseBytes-
#521507	REDUCE cov: 658 ft: 1198 corp: 583/13305b lim: 4096 exec/s: 34767 rss: 459Mb L: 26/1028 MS: 1 EraseBytes-
#524288	pulse  cov: 658 ft: 1198 corp: 583/13305b lim: 4096 exec/s: 34952 rss: 459Mb
#527735	REDUCE cov: 658 ft: 1198 corp: 583/13295b lim: 4096 exec/s: 35182 rss: 459Mb L: 13/1028 MS: 3 ChangeBit-CMP-EraseBytes- DE: "\201\000\000\000"-
#531291	REDUCE cov: 658 ft: 1198 corp: 583/13292b lim: 4096 exec/s: 35419 rss: 459Mb L: 137/1028 MS: 1 EraseBytes-
#563527	REDUCE cov: 658 ft: 1198 corp: 583/13291b lim: 4096 exec/s: 35220 rss: 462Mb L: 9/1028 MS: 1 EraseBytes-
#578313	REDUCE cov: 658 ft: 1198 corp: 583/13290b lim: 4096 exec/s: 34018 rss: 471Mb L: 25/1028 MS: 1 EraseBytes-
#598889	REDUCE cov: 658 ft: 1198 corp: 583/13289b lim: 4096 exec/s: 35228 rss: 471Mb L: 12/1028 MS: 1 EraseBytes-
#604210	REDUCE cov: 658 ft: 1198 corp: 583/13286b lim: 4096 exec/s: 33567 rss: 471Mb L: 9/1028 MS: 1 EraseBytes-
#642087	REDUCE cov: 658 ft: 1198 corp: 583/13285b lim: 4096 exec/s: 33794 rss: 474Mb L: 138/1028 MS: 2 ShuffleBytes-EraseBytes-
#653768	REDUCE cov: 658 ft: 1198 corp: 583/13284b lim: 4096 exec/s: 34408 rss: 474Mb L: 45/1028 MS: 1 EraseBytes-
#656444	REDUCE cov: 658 ft: 1198 corp: 583/13282b lim: 4096 exec/s: 34549 rss: 474Mb L: 38/1028 MS: 1 EraseBytes-
#657970	REDUCE cov: 658 ft: 1198 corp: 583/13280b lim: 4096 exec/s: 34630 rss: 474Mb L: 13/1028 MS: 1 EraseBytes-
#673596	REDUCE cov: 658 ft: 1199 corp: 584/13290b lim: 4096 exec/s: 33679 rss: 474Mb L: 10/1028 MS: 1 InsertByte-
#677939	REDUCE cov: 658 ft: 1200 corp: 585/13381b lim: 4096 exec/s: 33896 rss: 474Mb L: 91/1028 MS: 3 EraseBytes-ChangeASCIIInt-InsertRepeatedBytes-
#680777	REDUCE cov: 658 ft: 1200 corp: 585/13375b lim: 4096 exec/s: 34038 rss: 474Mb L: 85/1028 MS: 3 ChangeASCIIInt-CrossOver-EraseBytes-
#681344	REDUCE cov: 658 ft: 1201 corp: 586/13464b lim: 4096 exec/s: 34067 rss: 474Mb L: 89/1028 MS: 2 ChangeByte-CrossOver-
#684876	REDUCE cov: 658 ft: 1201 corp: 586/13446b lim: 4096 exec/s: 34243 rss: 474Mb L: 71/1028 MS: 2 ShuffleBytes-EraseBytes-
#686067	REDUCE cov: 658 ft: 1201 corp: 586/13417b lim: 4096 exec/s: 34303 rss: 474Mb L: 42/1028 MS: 1 EraseBytes-
#688518	REDUCE cov: 658 ft: 1201 corp: 586/13405b lim: 4096 exec/s: 34425 rss: 474Mb L: 73/1028 MS: 1 EraseBytes-
#690004	REDUCE cov: 658 ft: 1201 corp: 586/13397b lim: 4096 exec/s: 34500 rss: 474Mb L: 18/1028 MS: 1 EraseBytes-
#690465	REDUCE cov: 658 ft: 1202 corp: 587/13420b lim: 4096 exec/s: 34523 rss: 474Mb L: 23/1028 MS: 1 EraseBytes-
#691131	REDUCE cov: 658 ft: 1202 corp: 587/13418b lim: 4096 exec/s: 34556 rss: 474Mb L: 136/1028 MS: 1 EraseBytes-
#693847	REDUCE cov: 658 ft: 1202 corp: 587/13417b lim: 4096 exec/s: 34692 rss: 474Mb L: 41/1028 MS: 1 EraseBytes-
#695293	REDUCE cov: 658 ft: 1202 corp: 587/13416b lim: 4096 exec/s: 34764 rss: 475Mb L: 8/1028 MS: 1 EraseBytes-
#696049	REDUCE cov: 658 ft: 1202 corp: 587/13408b lim: 4096 exec/s: 34802 rss: 475Mb L: 65/1028 MS: 1 EraseBytes-
#696910	REDUCE cov: 658 ft: 1202 corp: 587/13401b lim: 4096 exec/s: 34845 rss: 475Mb L: 16/1028 MS: 1 EraseBytes-
#697721	REDUCE cov: 658 ft: 1202 corp: 587/13393b lim: 4096 exec/s: 34886 rss: 475Mb L: 33/1028 MS: 1 EraseBytes-
#699682	REDUCE cov: 658 ft: 1202 corp: 587/13386b lim: 4096 exec/s: 34984 rss: 475Mb L: 58/1028 MS: 1 EraseBytes-
#714333	REDUCE cov: 658 ft: 1202 corp: 587/13384b lim: 4096 exec/s: 34015 rss: 475Mb L: 43/1028 MS: 1 EraseBytes-
#721714	REDUCE cov: 658 ft: 1202 corp: 587/13383b lim: 4096 exec/s: 34367 rss: 475Mb L: 24/1028 MS: 1 EraseBytes-
#731070	REDUCE cov: 658 ft: 1203 corp: 588/13426b lim: 4096 exec/s: 34812 rss: 475Mb L: 43/1028 MS: 1 CrossOver-
#734471	REDUCE cov: 658 ft: 1203 corp: 588/13420b lim: 4096 exec/s: 34974 rss: 475Mb L: 37/1028 MS: 1 EraseBytes-
#740777	REDUCE cov: 658 ft: 1203 corp: 588/13404b lim: 4096 exec/s: 33671 rss: 475Mb L: 21/1028 MS: 1 EraseBytes-
#751304	REDUCE cov: 658 ft: 1203 corp: 588/13401b lim: 4096 exec/s: 34150 rss: 475Mb L: 30/1028 MS: 2 CopyPart-EraseBytes-
#755635	REDUCE cov: 658 ft: 1203 corp: 588/13400b lim: 4096 exec/s: 34347 rss: 475Mb L: 20/1028 MS: 1 EraseBytes-
#758236	REDUCE cov: 658 ft: 1203 corp: 588/13395b lim: 4096 exec/s: 34465 rss: 475Mb L: 25/1028 MS: 1 EraseBytes-
#768082	REDUCE cov: 658 ft: 1203 corp: 588/13394b lim: 4096 exec/s: 34912 rss: 475Mb L: 15/1028 MS: 1 EraseBytes-
#768933	REDUCE cov: 658 ft: 1203 corp: 588/13393b lim: 4096 exec/s: 34951 rss: 475Mb L: 22/1028 MS: 1 EraseBytes-
#768974	REDUCE cov: 658 ft: 1204 corp: 589/13409b lim: 4096 exec/s: 34953 rss: 475Mb L: 16/1028 MS: 1 CrossOver-
#779227	REDUCE cov: 658 ft: 1204 corp: 589/13402b lim: 4096 exec/s: 33879 rss: 475Mb L: 51/1028 MS: 3 CopyPart-ChangeBit-EraseBytes-
#780258	NEW    cov: 658 ft: 1205 corp: 590/13418b lim: 4096 exec/s: 33924 rss: 475Mb L: 16/1028 MS: 1 ChangeBit-
#781485	NEW    cov: 658 ft: 1206 corp: 591/13436b lim: 4096 exec/s: 33977 rss: 475Mb L: 18/1028 MS: 2 EraseBytes-CopyPart-
#784526	NEW    cov: 658 ft: 1207 corp: 592/13452b lim: 4096 exec/s: 34109 rss: 475Mb L: 16/1028 MS: 1 ShuffleBytes-
#792557	REDUCE cov: 658 ft: 1207 corp: 592/13451b lim: 4096 exec/s: 34459 rss: 475Mb L: 7/1028 MS: 1 EraseBytes-
#793798	REDUCE cov: 658 ft: 1207 corp: 592/13449b lim: 4096 exec/s: 34512 rss: 475Mb L: 14/1028 MS: 1 EraseBytes-
#801457	REDUCE cov: 658 ft: 1207 corp: 592/13448b lim: 4096 exec/s: 34845 rss: 475Mb L: 24/1028 MS: 4 CrossOver-ShuffleBytes-CMP-EraseBytes- DE: "\377\377\377\377\377\377\377\377"-
#805829	REDUCE cov: 658 ft: 1207 corp: 592/13443b lim: 4096 exec/s: 35036 rss: 475Mb L: 15/1028 MS: 2 ShuffleBytes-EraseBytes-
#809355	REDUCE cov: 658 ft: 1208 corp: 593/13457b lim: 4096 exec/s: 33723 rss: 475Mb L: 14/1028 MS: 1 ChangeByte-
#818226	NEW    cov: 658 ft: 1209 corp: 594/13471b lim: 4096 exec/s: 34092 rss: 475Mb L: 14/1028 MS: 1 CopyPart-
#828728	REDUCE cov: 658 ft: 1209 corp: 594/13469b lim: 4096 exec/s: 34530 rss: 475Mb L: 136/1028 MS: 2 CopyPart-EraseBytes-
#829119	REDUCE cov: 658 ft: 1209 corp: 594/13468b lim: 4096 exec/s: 34546 rss: 475Mb L: 15/1028 MS: 1 EraseBytes-
#831195	REDUCE cov: 658 ft: 1209 corp: 594/13464b lim: 4096 exec/s: 34633 rss: 475Mb L: 10/1028 MS: 1 EraseBytes-
#834851	REDUCE cov: 658 ft: 1209 corp: 594/13462b lim: 4096 exec/s: 34785 rss: 475Mb L: 49/1028 MS: 1 EraseBytes-
#840332	REDUCE cov: 658 ft: 1209 corp: 594/13461b lim: 4096 exec/s: 33613 rss: 475Mb L: 17/1028 MS: 1 EraseBytes-
#862890	REDUCE cov: 658 ft: 1210 corp: 595/13496b lim: 4096 exec/s: 34515 rss: 475Mb L: 35/1028 MS: 3 ChangeByte-EraseBytes-ChangeByte-
#864682	REDUCE cov: 658 ft: 1210 corp: 595/13488b lim: 4096 exec/s: 34587 rss: 475Mb L: 9/1028 MS: 2 ChangeBit-EraseBytes-
#867773	NEW    cov: 658 ft: 1211 corp: 596/13523b lim: 4096 exec/s: 34710 rss: 475Mb L: 35/1028 MS: 1 ChangeBit-
#868394	REDUCE cov: 658 ft: 1211 corp: 596/13517b lim: 4096 exec/s: 34735 rss: 475Mb L: 29/1028 MS: 1 EraseBytes-
#868440	REDUCE cov: 658 ft: 1211 corp: 596/13503b lim: 4096 exec/s: 34737 rss: 475Mb L: 21/1028 MS: 1 EraseBytes-
#869296	REDUCE cov: 658 ft: 1211 corp: 596/13500b lim: 4096 exec/s: 34771 rss: 475Mb L: 13/1028 MS: 1 EraseBytes-
#874752	REDUCE cov: 658 ft: 1211 corp: 596/13499b lim: 4096 exec/s: 33644 rss: 475Mb L: 20/1028 MS: 1 EraseBytes-
#878903	REDUCE cov: 658 ft: 1211 corp: 596/13495b lim: 4096 exec/s: 33803 rss: 475Mb L: 10/1028 MS: 1 EraseBytes-
#880156	REDUCE cov: 658 ft: 1211 corp: 596/13493b lim: 4096 exec/s: 33852 rss: 475Mb L: 18/1028 MS: 3 ShuffleBytes-ShuffleBytes-EraseBytes-
#884312	REDUCE cov: 658 ft: 1211 corp: 596/13492b lim: 4096 exec/s: 34012 rss: 475Mb L: 9/1028 MS: 1 EraseBytes-
#888248	REDUCE cov: 658 ft: 1211 corp: 596/13490b lim: 4096 exec/s: 34163 rss: 475Mb L: 41/1028 MS: 1 EraseBytes-
#897289	REDUCE cov: 658 ft: 1211 corp: 596/13489b lim: 4096 exec/s: 34511 rss: 475Mb L: 17/1028 MS: 1 EraseBytes-
#907285	REDUCE cov: 658 ft: 1211 corp: 596/13485b lim: 4096 exec/s: 34895 rss: 475Mb L: 45/1028 MS: 1 EraseBytes-
#907931	REDUCE cov: 658 ft: 1211 corp: 596/13484b lim: 4096 exec/s: 34920 rss: 475Mb L: 16/1028 MS: 1 EraseBytes-
#910543	REDUCE cov: 658 ft: 1211 corp: 596/13479b lim: 4096 exec/s: 33723 rss: 475Mb L: 13/1028 MS: 2 EraseBytes-ChangeBinInt-
#936646	REDUCE cov: 658 ft: 1211 corp: 596/13477b lim: 4096 exec/s: 34690 rss: 475Mb L: 11/1028 MS: 3 ChangeASCIIInt-InsertByte-EraseBytes-
#938422	REDUCE cov: 658 ft: 1211 corp: 596/13476b lim: 4096 exec/s: 34756 rss: 475Mb L: 8/1028 MS: 1 EraseBytes-
#946844	REDUCE cov: 658 ft: 1211 corp: 596/13475b lim: 4096 exec/s: 33815 rss: 475Mb L: 136/1028 MS: 2 CopyPart-EraseBytes-
#960755	REDUCE cov: 658 ft: 1211 corp: 596/13471b lim: 4096 exec/s: 34312 rss: 475Mb L: 11/1028 MS: 1 EraseBytes-
#999441	REDUCE cov: 658 ft: 1211 corp: 596/13470b lim: 4096 exec/s: 34463 rss: 475Mb L: 21/1028 MS: 1 EraseBytes-
#1019353	REDUCE cov: 658 ft: 1211 corp: 596/13468b lim: 4096 exec/s: 33978 rss: 475Mb L: 11/1028 MS: 2 PersAutoDict-EraseBytes- DE: "\377\377\377\377\377\377\377\377"-
#1029014	REDUCE cov: 658 ft: 1212 corp: 597/13513b lim: 4096 exec/s: 34300 rss: 475Mb L: 45/1028 MS: 1 ChangeByte-
#1048576	pulse  cov: 658 ft: 1212 corp: 597/13513b lim: 4096 exec/s: 33825 rss: 475Mb
#1057225	REDUCE cov: 658 ft: 1212 corp: 597/13512b lim: 4096 exec/s: 34104 rss: 475Mb L: 11/1028 MS: 1 EraseBytes-
#1079937	REDUCE cov: 658 ft: 1212 corp: 597/13510b lim: 4096 exec/s: 33748 rss: 475Mb L: 6/1028 MS: 2 InsertByte-EraseBytes-
#1100354	REDUCE cov: 658 ft: 1212 corp: 597/13508b lim: 4096 exec/s: 34386 rss: 475Mb L: 43/1028 MS: 2 InsertByte-EraseBytes-
#1130285	REDUCE cov: 658 ft: 1212 corp: 597/13507b lim: 4096 exec/s: 34251 rss: 475Mb L: 9/1028 MS: 1 EraseBytes-
#1160901	REDUCE cov: 658 ft: 1212 corp: 597/13506b lim: 4096 exec/s: 34144 rss: 475Mb L: 24/1028 MS: 1 EraseBytes-
#1162587	REDUCE cov: 658 ft: 1213 corp: 598/13598b lim: 4096 exec/s: 34193 rss: 475Mb L: 92/1028 MS: 1 InsertRepeatedBytes-
#1163750	REDUCE cov: 658 ft: 1213 corp: 598/13569b lim: 4096 exec/s: 34227 rss: 475Mb L: 63/1028 MS: 3 CrossOver-CopyPart-EraseBytes-
#1164941	REDUCE cov: 658 ft: 1213 corp: 598/13557b lim: 4096 exec/s: 34262 rss: 475Mb L: 51/1028 MS: 1 EraseBytes-
#1165087	REDUCE cov: 658 ft: 1214 corp: 599/13584b lim: 4096 exec/s: 34267 rss: 475Mb L: 27/1028 MS: 1 EraseBytes-
#1167218	REDUCE cov: 658 ft: 1214 corp: 599/13583b lim: 4096 exec/s: 34329 rss: 475Mb L: 14/1028 MS: 1 EraseBytes-
#1170579	REDUCE cov: 658 ft: 1214 corp: 599/13581b lim: 4096 exec/s: 34428 rss: 475Mb L: 11/1028 MS: 1 EraseBytes-
#1173770	REDUCE cov: 658 ft: 1214 corp: 599/13579b lim: 4096 exec/s: 34522 rss: 475Mb L: 25/1028 MS: 1 EraseBytes-
#1173868	REDUCE cov: 658 ft: 1214 corp: 599/13575b lim: 4096 exec/s: 34525 rss: 475Mb L: 47/1028 MS: 3 ShuffleBytes-EraseBytes-CopyPart-
#1175210	REDUCE cov: 658 ft: 1214 corp: 599/13570b lim: 4096 exec/s: 34565 rss: 475Mb L: 42/1028 MS: 2 InsertByte-EraseBytes-
#1180291	REDUCE cov: 658 ft: 1214 corp: 599/13569b lim: 4096 exec/s: 34714 rss: 475Mb L: 24/1028 MS: 1 EraseBytes-
#1185103	REDUCE cov: 658 ft: 1215 corp: 600/13593b lim: 4096 exec/s: 33860 rss: 475Mb L: 24/1028 MS: 2 CopyPart-ChangeBinInt-
#1197779	REDUCE cov: 658 ft: 1215 corp: 600/13592b lim: 4096 exec/s: 34222 rss: 475Mb L: 23/1028 MS: 1 EraseBytes-
#1211251	REDUCE cov: 658 ft: 1215 corp: 600/13591b lim: 4096 exec/s: 34607 rss: 475Mb L: 8/1028 MS: 2 InsertByte-EraseBytes-
#1212222	REDUCE cov: 658 ft: 1215 corp: 600/13589b lim: 4096 exec/s: 34634 rss: 475Mb L: 9/1028 MS: 1 EraseBytes-
#1215343	REDUCE cov: 658 ft: 1215 corp: 600/13586b lim: 4096 exec/s: 33759 rss: 475Mb L: 39/1028 MS: 1 EraseBytes-
#1247975	REDUCE cov: 658 ft: 1215 corp: 600/13585b lim: 4096 exec/s: 34665 rss: 475Mb L: 8/1028 MS: 2 CrossOver-EraseBytes-
#1249376	REDUCE cov: 658 ft: 1215 corp: 600/13584b lim: 4096 exec/s: 33766 rss: 475Mb L: 7/1028 MS: 1 EraseBytes-
#1251382	REDUCE cov: 658 ft: 1215 corp: 600/13583b lim: 4096 exec/s: 33821 rss: 475Mb L: 9/1028 MS: 1 EraseBytes-
#1268424	REDUCE cov: 658 ft: 1216 corp: 601/13622b lim: 4096 exec/s: 34281 rss: 475Mb L: 39/1028 MS: 2 ChangeByte-ChangeBit-
#1292430	REDUCE cov: 658 ft: 1216 corp: 601/13621b lim: 4096 exec/s: 34011 rss: 475Mb L: 38/1028 MS: 1 EraseBytes-
#1307336	REDUCE cov: 658 ft: 1216 corp: 601/13620b lim: 4096 exec/s: 34403 rss: 475Mb L: 40/1028 MS: 1 EraseBytes-
#1309132	REDUCE cov: 658 ft: 1216 corp: 601/13617b lim: 4096 exec/s: 34450 rss: 475Mb L: 42/1028 MS: 1 EraseBytes-
#1311583	REDUCE cov: 658 ft: 1216 corp: 601/13616b lim: 4096 exec/s: 34515 rss: 475Mb L: 40/1028 MS: 1 EraseBytes-
#1330859	REDUCE cov: 658 ft: 1216 corp: 601/13610b lim: 4096 exec/s: 34124 rss: 475Mb L: 137/1028 MS: 1 EraseBytes-
#1341176	REDUCE cov: 658 ft: 1216 corp: 601/13609b lim: 4096 exec/s: 34389 rss: 475Mb L: 33/1028 MS: 2 EraseBytes-CopyPart-
#1343172	REDUCE cov: 658 ft: 1216 corp: 601/13608b lim: 4096 exec/s: 34440 rss: 475Mb L: 8/1028 MS: 1 EraseBytes-
#1346114	REDUCE cov: 658 ft: 1216 corp: 601/13607b lim: 4096 exec/s: 34515 rss: 475Mb L: 22/1028 MS: 2 CopyPart-EraseBytes-
#1393971	REDUCE cov: 658 ft: 1216 corp: 601/13606b lim: 4096 exec/s: 33999 rss: 475Mb L: 42/1028 MS: 2 ShuffleBytes-EraseBytes-
#1415957	REDUCE cov: 658 ft: 1216 corp: 601/13605b lim: 4096 exec/s: 34535 rss: 475Mb L: 16/1028 MS: 1 EraseBytes-
#1431493	REDUCE cov: 658 ft: 1216 corp: 601/13604b lim: 4096 exec/s: 34083 rss: 475Mb L: 34/1028 MS: 1 EraseBytes-
#1464609	REDUCE cov: 658 ft: 1216 corp: 601/13603b lim: 4096 exec/s: 34060 rss: 475Mb L: 10/1028 MS: 1 EraseBytes-
#1506735	REDUCE cov: 658 ft: 1216 corp: 601/13602b lim: 4096 exec/s: 34243 rss: 475Mb L: 135/1028 MS: 1 EraseBytes-
#1508602	REDUCE cov: 658 ft: 1216 corp: 601/13601b lim: 4096 exec/s: 34286 rss: 475Mb L: 13/1028 MS: 2 InsertByte-EraseBytes-
#1511833	REDUCE cov: 658 ft: 1216 corp: 601/13598b lim: 4096 exec/s: 34359 rss: 475Mb L: 37/1028 MS: 1 EraseBytes-
#1547279	REDUCE cov: 658 ft: 1216 corp: 601/13597b lim: 4096 exec/s: 34383 rss: 475Mb L: 8/1028 MS: 1 EraseBytes-
#1568065	REDUCE cov: 658 ft: 1216 corp: 601/13594b lim: 4096 exec/s: 34088 rss: 475Mb L: 26/1028 MS: 1 EraseBytes-
#1781279	REDUCE cov: 658 ft: 1216 corp: 601/13593b lim: 4096 exec/s: 34255 rss: 475Mb L: 1027/1027 MS: 4 EraseBytes-ChangeBit-InsertByte-CrossOver-
#1795930	REDUCE cov: 658 ft: 1216 corp: 601/13592b lim: 4096 exec/s: 33885 rss: 475Mb L: 11/1027 MS: 1 EraseBytes-
#1877911	REDUCE cov: 658 ft: 1216 corp: 601/13587b lim: 4096 exec/s: 34143 rss: 475Mb L: 139/1027 MS: 1 EraseBytes-
#1917871	REDUCE cov: 658 ft: 1216 corp: 601/13586b lim: 4096 exec/s: 34247 rss: 475Mb L: 37/1027 MS: 5 ShuffleBytes-CopyPart-ChangeBit-EraseBytes-CopyPart-
#1926677	REDUCE cov: 658 ft: 1216 corp: 601/13585b lim: 4096 exec/s: 34404 rss: 475Mb L: 14/1027 MS: 1 EraseBytes-
#1932969	REDUCE cov: 658 ft: 1216 corp: 601/13583b lim: 4096 exec/s: 33911 rss: 475Mb L: 40/1027 MS: 2 ChangeBit-EraseBytes-
#1949061	REDUCE cov: 658 ft: 1216 corp: 601/13582b lim: 4096 exec/s: 34194 rss: 475Mb L: 10/1027 MS: 2 ChangeByte-EraseBytes-
#1999264	REDUCE cov: 658 ft: 1216 corp: 601/13581b lim: 4096 exec/s: 33885 rss: 475Mb L: 10/1027 MS: 3 ChangeBit-EraseBytes-CopyPart-
#2045645	REDUCE cov: 658 ft: 1216 corp: 601/13580b lim: 4096 exec/s: 34094 rss: 475Mb L: 8/1027 MS: 1 EraseBytes-
#2056746	REDUCE cov: 658 ft: 1216 corp: 601/13579b lim: 4096 exec/s: 34279 rss: 475Mb L: 10/1027 MS: 1 EraseBytes-
#2097152	pulse  cov: 658 ft: 1216 corp: 601/13579b lim: 4096 exec/s: 34379 rss: 475Mb
#2107972	REDUCE cov: 658 ft: 1216 corp: 601/13578b lim: 4096 exec/s: 33999 rss: 475Mb L: 23/1027 MS: 1 EraseBytes-
#2143093	REDUCE cov: 658 ft: 1216 corp: 601/13576b lim: 4096 exec/s: 34017 rss: 475Mb L: 24/1027 MS: 1 EraseBytes-
#2249754	REDUCE cov: 658 ft: 1216 corp: 601/13575b lim: 4096 exec/s: 34087 rss: 475Mb L: 10/1027 MS: 1 EraseBytes-
#2268740	REDUCE cov: 658 ft: 1216 corp: 601/13572b lim: 4096 exec/s: 33861 rss: 475Mb L: 37/1027 MS: 1 EraseBytes-
#2335213	REDUCE cov: 658 ft: 1216 corp: 601/13571b lim: 4096 exec/s: 34341 rss: 475Mb L: 23/1027 MS: 3 CopyPart-CopyPart-EraseBytes-
#2390005	REDUCE cov: 658 ft: 1216 corp: 601/13570b lim: 4096 exec/s: 34142 rss: 475Mb L: 17/1027 MS: 2 EraseBytes-CopyPart-
#2431336	REDUCE cov: 658 ft: 1216 corp: 601/13569b lim: 4096 exec/s: 34244 rss: 475Mb L: 17/1027 MS: 1 EraseBytes-
#2433564	REDUCE cov: 658 ft: 1216 corp: 601/13568b lim: 4096 exec/s: 34275 rss: 475Mb L: 65/1027 MS: 3 ChangeASCIIInt-EraseBytes-CopyPart-
#2584121	REDUCE cov: 658 ft: 1216 corp: 601/13567b lim: 4096 exec/s: 34001 rss: 475Mb L: 136/1027 MS: 2 EraseBytes-CopyPart-
#2609987	REDUCE cov: 658 ft: 1216 corp: 601/13566b lim: 4096 exec/s: 33895 rss: 475Mb L: 8/1027 MS: 1 EraseBytes-
#2615918	REDUCE cov: 658 ft: 1216 corp: 601/13565b lim: 4096 exec/s: 33972 rss: 475Mb L: 9/1027 MS: 1 EraseBytes-
#2631044	REDUCE cov: 658 ft: 1216 corp: 601/13564b lim: 4096 exec/s: 34169 rss: 475Mb L: 18/1027 MS: 1 EraseBytes-
#2826990	REDUCE cov: 658 ft: 1216 corp: 601/13563b lim: 4096 exec/s: 34060 rss: 475Mb L: 136/1027 MS: 1 EraseBytes-
#2927571	REDUCE cov: 658 ft: 1216 corp: 601/13562b lim: 4096 exec/s: 34041 rss: 475Mb L: 34/1027 MS: 1 EraseBytes-
#2956073	REDUCE cov: 658 ft: 1216 corp: 601/13561b lim: 4096 exec/s: 33977 rss: 475Mb L: 1026/1026 MS: 2 InsertRepeatedBytes-EraseBytes-
#3075344	REDUCE cov: 658 ft: 1216 corp: 601/13560b lim: 4096 exec/s: 34170 rss: 475Mb L: 22/1026 MS: 1 EraseBytes-
#3258626	REDUCE cov: 658 ft: 1216 corp: 601/13559b lim: 4096 exec/s: 33944 rss: 475Mb L: 41/1026 MS: 2 ShuffleBytes-EraseBytes-
#3288643	REDUCE cov: 658 ft: 1216 corp: 601/13558b lim: 4096 exec/s: 33903 rss: 475Mb L: 134/1026 MS: 2 EraseBytes-CopyPart-
#3308729	REDUCE cov: 658 ft: 1216 corp: 601/13557b lim: 4096 exec/s: 34110 rss: 475Mb L: 40/1026 MS: 1 EraseBytes-
#3344746	REDUCE cov: 658 ft: 1216 corp: 601/13556b lim: 4096 exec/s: 34130 rss: 475Mb L: 9/1026 MS: 2 ChangeASCIIInt-EraseBytes-
#3383093	REDUCE cov: 658 ft: 1216 corp: 601/13555b lim: 4096 exec/s: 34172 rss: 475Mb L: 138/1026 MS: 2 EraseBytes-CopyPart-
#3429430	REDUCE cov: 658 ft: 1216 corp: 601/13554b lim: 4096 exec/s: 33954 rss: 475Mb L: 23/1026 MS: 2 ChangeBit-EraseBytes-
#3588386	REDUCE cov: 658 ft: 1216 corp: 601/13552b lim: 4096 exec/s: 34175 rss: 475Mb L: 146/1026 MS: 1 EraseBytes-
#3643813	REDUCE cov: 658 ft: 1216 corp: 601/13551b lim: 4096 exec/s: 34054 rss: 475Mb L: 35/1026 MS: 2 ShuffleBytes-EraseBytes-
#3721544	REDUCE cov: 658 ft: 1216 corp: 601/13550b lim: 4096 exec/s: 34142 rss: 475Mb L: 21/1026 MS: 1 EraseBytes-
#3776386	REDUCE cov: 658 ft: 1216 corp: 601/13549b lim: 4096 exec/s: 34021 rss: 475Mb L: 22/1026 MS: 2 ShuffleBytes-EraseBytes-
#3779999	REDUCE cov: 658 ft: 1216 corp: 601/13548b lim: 4096 exec/s: 34054 rss: 475Mb L: 18/1026 MS: 3 ShuffleBytes-EraseBytes-CopyPart-
#3910391	REDUCE cov: 658 ft: 1216 corp: 601/13546b lim: 4096 exec/s: 34003 rss: 475Mb L: 38/1026 MS: 2 ChangeBit-EraseBytes-
#3964698	REDUCE cov: 658 ft: 1216 corp: 601/13545b lim: 4096 exec/s: 33886 rss: 475Mb L: 36/1026 MS: 2 ShuffleBytes-EraseBytes-
#3967639	REDUCE cov: 658 ft: 1216 corp: 601/13543b lim: 4096 exec/s: 33911 rss: 475Mb L: 136/1026 MS: 1 EraseBytes-
#3983548	REDUCE cov: 658 ft: 1216 corp: 601/13542b lim: 4096 exec/s: 34047 rss: 475Mb L: 136/1026 MS: 4 InsertByte-ChangeBit-CopyPart-EraseBytes-
#4074681	REDUCE cov: 658 ft: 1216 corp: 601/13541b lim: 4096 exec/s: 33955 rss: 475Mb L: 138/1026 MS: 3 CopyPart-CopyPart-EraseBytes-
#4139827	REDUCE cov: 658 ft: 1216 corp: 601/13540b lim: 4096 exec/s: 33933 rss: 475Mb L: 136/1026 MS: 1 EraseBytes-
#4194304	pulse  cov: 658 ft: 1216 corp: 601/13540b lim: 4096 exec/s: 34100 rss: 475Mb
#4214183	REDUCE cov: 658 ft: 1216 corp: 601/13537b lim: 4096 exec/s: 33985 rss: 475Mb L: 143/1026 MS: 1 EraseBytes-
#4252599	REDUCE cov: 658 ft: 1216 corp: 601/13536b lim: 4096 exec/s: 34020 rss: 475Mb L: 135/1026 MS: 1 EraseBytes-
#4269580	REDUCE cov: 658 ft: 1216 corp: 601/13535b lim: 4096 exec/s: 33885 rss: 475Mb L: 15/1026 MS: 1 EraseBytes-
#4293247	REDUCE cov: 658 ft: 1216 corp: 601/13534b lim: 4096 exec/s: 34073 rss: 475Mb L: 37/1026 MS: 2 EraseBytes-CopyPart-
#4344195	REDUCE cov: 658 ft: 1216 corp: 601/13532b lim: 4096 exec/s: 33939 rss: 475Mb L: 137/1026 MS: 3 CopyPart-ShuffleBytes-EraseBytes-
#4353632	REDUCE cov: 658 ft: 1216 corp: 601/13531b lim: 4096 exec/s: 34012 rss: 475Mb L: 14/1026 MS: 2 ShuffleBytes-EraseBytes-
#4608064	REDUCE cov: 658 ft: 1216 corp: 601/13530b lim: 4096 exec/s: 33882 rss: 475Mb L: 142/1026 MS: 2 CopyPart-EraseBytes-
#4848435	REDUCE cov: 658 ft: 1216 corp: 601/13529b lim: 4096 exec/s: 33905 rss: 475Mb L: 137/1026 MS: 1 EraseBytes-
#4950796	REDUCE cov: 658 ft: 1216 corp: 601/13528b lim: 4096 exec/s: 33909 rss: 475Mb L: 36/1026 MS: 1 EraseBytes-
#5036088	REDUCE cov: 658 ft: 1216 corp: 601/13527b lim: 4096 exec/s: 34027 rss: 475Mb L: 22/1026 MS: 2 ShuffleBytes-EraseBytes-
#5268299	REDUCE cov: 658 ft: 1217 corp: 602/13665b lim: 4096 exec/s: 33989 rss: 475Mb L: 138/1026 MS: 1 InsertRepeatedBytes-
#5302166	REDUCE cov: 658 ft: 1217 corp: 602/13664b lim: 4096 exec/s: 33988 rss: 475Mb L: 131/1026 MS: 2 EraseBytes-CopyPart-
#5365254	REDUCE cov: 658 ft: 1217 corp: 602/13662b lim: 4096 exec/s: 33957 rss: 475Mb L: 38/1026 MS: 3 CopyPart-CopyPart-EraseBytes-
#5428605	REDUCE cov: 658 ft: 1217 corp: 602/13660b lim: 4096 exec/s: 33928 rss: 475Mb L: 140/1026 MS: 1 EraseBytes-
#5522644	REDUCE cov: 658 ft: 1217 corp: 602/13657b lim: 4096 exec/s: 33881 rss: 475Mb L: 34/1026 MS: 4 ChangeASCIIInt-CopyPart-ShuffleBytes-EraseBytes-
#5857550	REDUCE cov: 658 ft: 1217 corp: 602/13656b lim: 4096 exec/s: 33858 rss: 481Mb L: 137/1026 MS: 1 EraseBytes-
#6090803	REDUCE cov: 658 ft: 1217 corp: 602/13655b lim: 4096 exec/s: 33837 rss: 493Mb L: 136/1026 MS: 3 CopyPart-CopyPart-EraseBytes-
#6331648	REDUCE cov: 658 ft: 1217 corp: 602/13654b lim: 4096 exec/s: 33859 rss: 493Mb L: 135/1026 MS: 4 CopyPart-ShuffleBytes-CopyPart-EraseBytes-
#6361644	REDUCE cov: 658 ft: 1217 corp: 602/13653b lim: 4096 exec/s: 33838 rss: 493Mb L: 134/1026 MS: 1 EraseBytes-
#6450012	REDUCE cov: 658 ft: 1217 corp: 602/13650b lim: 4096 exec/s: 33947 rss: 493Mb L: 134/1026 MS: 2 CopyPart-EraseBytes-
#6452038	REDUCE cov: 658 ft: 1217 corp: 602/13648b lim: 4096 exec/s: 33780 rss: 493Mb L: 132/1026 MS: 1 EraseBytes-
#6571135	REDUCE cov: 658 ft: 1217 corp: 602/13647b lim: 4096 exec/s: 33871 rss: 493Mb L: 37/1026 MS: 1 EraseBytes-
#6984448	REDUCE cov: 658 ft: 1217 corp: 602/13645b lim: 4096 exec/s: 33905 rss: 493Mb L: 132/1026 MS: 2 CopyPart-EraseBytes-
#7136672	REDUCE cov: 658 ft: 1217 corp: 602/13644b lim: 4096 exec/s: 33823 rss: 493Mb L: 131/1026 MS: 4 ShuffleBytes-ChangeBinInt-EraseBytes-CopyPart-
#7156540	REDUCE cov: 658 ft: 1217 corp: 602/13642b lim: 4096 exec/s: 33917 rss: 493Mb L: 130/1026 MS: 3 CopyPart-CopyPart-EraseBytes-
#7268911	REDUCE cov: 658 ft: 1217 corp: 602/13641b lim: 4096 exec/s: 33808 rss: 493Mb L: 129/1026 MS: 1 EraseBytes-
#7401033	REDUCE cov: 658 ft: 1217 corp: 602/13640b lim: 4096 exec/s: 33794 rss: 493Mb L: 131/1026 MS: 1 EraseBytes-
#7620177	REDUCE cov: 658 ft: 1217 corp: 602/13639b lim: 4096 exec/s: 33867 rss: 493Mb L: 135/1026 MS: 4 CopyPart-ShuffleBytes-CopyPart-EraseBytes-
#7631713	REDUCE cov: 658 ft: 1217 corp: 602/13638b lim: 4096 exec/s: 33918 rss: 493Mb L: 38/1026 MS: 1 EraseBytes-
#7807805	REDUCE cov: 658 ft: 1217 corp: 602/13636b lim: 4096 exec/s: 33800 rss: 493Mb L: 133/1026 MS: 2 ShuffleBytes-EraseBytes-
#7934713	REDUCE cov: 658 ft: 1217 corp: 602/13635b lim: 4096 exec/s: 33909 rss: 493Mb L: 130/1026 MS: 2 CopyPart-EraseBytes-
#8036914	REDUCE cov: 658 ft: 1217 corp: 602/13628b lim: 4096 exec/s: 33911 rss: 493Mb L: 137/1026 MS: 1 EraseBytes-
#8043432	REDUCE cov: 658 ft: 1217 corp: 602/13626b lim: 4096 exec/s: 33938 rss: 493Mb L: 129/1026 MS: 3 ShuffleBytes-CopyPart-EraseBytes-
#8182728	REDUCE cov: 658 ft: 1217 corp: 602/13625b lim: 4096 exec/s: 33812 rss: 493Mb L: 133/1026 MS: 1 EraseBytes-
#8304819	REDUCE cov: 658 ft: 1217 corp: 602/13624b lim: 4096 exec/s: 33897 rss: 493Mb L: 132/1026 MS: 1 EraseBytes-
#8388608	pulse  cov: 658 ft: 1217 corp: 602/13624b lim: 4096 exec/s: 33825 rss: 493Mb
#8451980	REDUCE cov: 658 ft: 1217 corp: 602/13623b lim: 4096 exec/s: 33807 rss: 493Mb L: 136/1026 MS: 1 EraseBytes-
#8603466	NEW    cov: 658 ft: 1218 corp: 603/13761b lim: 4096 exec/s: 33871 rss: 493Mb L: 138/1026 MS: 1 ChangeByte-
#8657407	REDUCE cov: 658 ft: 1218 corp: 603/13760b lim: 4096 exec/s: 33817 rss: 493Mb L: 133/1026 MS: 1 EraseBytes-
#9193140	REDUCE cov: 658 ft: 1218 corp: 603/13759b lim: 4096 exec/s: 33923 rss: 493Mb L: 20/1026 MS: 3 CrossOver-InsertByte-EraseBytes-
#9430948	REDUCE cov: 658 ft: 1219 corp: 604/13893b lim: 4096 exec/s: 33924 rss: 493Mb L: 134/1026 MS: 3 EraseBytes-ChangeBinInt-InsertRepeatedBytes-
#9749086	REDUCE cov: 658 ft: 1219 corp: 604/13892b lim: 4096 exec/s: 33850 rss: 493Mb L: 131/1026 MS: 3 CopyPart-CopyPart-EraseBytes-
#10000000	DONE   cov: 658 ft: 1219 corp: 604/13892b lim: 4096 exec/s: 33898 rss: 493Mb
###### Recommended dictionary. ######
"\001\000\000\000\000\000\000\000" # Uses: 241855
"\000\000\000\000" # Uses: 224689
"\201\000\000\000" # Uses: 218776
"\377\377\377\377\377\377\377\377" # Uses: 198465
###### End of recommended dictionary. ######
Done 10000000 runs in 295 second(s)
stat::number_of_executed_units: 10000000
stat::average_exec_per_sec:     33898
stat::new_units_added:          367
stat::slowest_unit_time_sec:    0
stat::peak_rss_mb:              493
