ledger_lineno	file	line	class	author	review	flags
556	crates/backend/utils/adt/pseudotypes/src/builtins.rs	97	platform-other	lane-0a	pending	
557	crates/backend/utils/adt/pseudotypes/src/builtins.rs	98	platform-other	lane-0a	pending	
558	crates/backend/utils/adt/pseudotypes/src/lib.rs	106	platform-other	lane-0a	pending	
559	crates/backend/utils/adt/pseudotypes/src/lib.rs	107	platform-other	lane-0a	pending	
560	crates/backend/utils/adt/pseudotypes/src/lib.rs	108	platform-other	lane-0a	pending	
561	crates/backend/utils/adt/pseudotypes/src/lib.rs	115	platform-other	lane-0a	pending	
562	crates/backend/utils/adt/pseudotypes/src/lib.rs	116	platform-other	lane-0a	pending	
563	crates/backend/utils/adt/pseudotypes/src/lib.rs	117	platform-other	lane-0a	pending	
564	crates/backend/utils/adt/pseudotypes/src/lib.rs	118	platform-other	lane-0a	pending	
565	crates/backend/utils/adt/pseudotypes/src/lib.rs	119	platform-other	lane-0a	pending	
566	crates/backend/utils/adt/pseudotypes/src/lib.rs	120	platform-other	lane-0a	pending	
567	crates/backend/utils/adt/pseudotypes/src/lib.rs	121	platform-other	lane-0a	pending	
568	crates/backend/utils/adt/pseudotypes/src/lib.rs	122	platform-other	lane-0a	pending	
569	crates/backend/utils/adt/pseudotypes/src/lib.rs	123	platform-other	lane-0a	pending	
584	crates/backend/utils/adt/json/src/jsonapi.rs	659	cross-crate-entry	p1-laneab	pending	
585	crates/backend/utils/adt/json/src/jsonapi.rs	660	cross-crate-entry	p1-laneab	pending	
614	crates/backend/utils/adt/json/src/lib.rs	75	cross-crate-entry	p1-laneab	pending	
615	crates/backend/utils/adt/json/src/lib.rs	76	cross-crate-entry	p1-laneab	pending	
616	crates/backend/utils/adt/json/src/lib.rs	77	cross-crate-entry	p1-laneab	pending	
617	crates/backend/utils/adt/json/src/lib.rs	78	cross-crate-entry	p1-laneab	pending	
618	crates/backend/utils/adt/json/src/lib.rs	79	cross-crate-entry	p1-laneab	pending	
619	crates/backend/utils/adt/json/src/lib.rs	80	cross-crate-entry	p1-laneab	pending	
620	crates/backend/utils/adt/json/src/lib.rs	81	cross-crate-entry	p1-laneab	pending	
621	crates/backend/utils/adt/json/src/lib.rs	82	cross-crate-entry	p1-laneab	pending	
622	crates/backend/utils/adt/json/src/lib.rs	84	cross-crate-entry	p1-laneab	pending	
633	crates/backend/utils/adt/json/src/builtins.rs	38	cross-crate-entry	p1-laneab	pending	
634	crates/backend/utils/adt/json/src/builtins.rs	40	cross-crate-entry	p1-laneab	pending	
635	crates/backend/utils/adt/json/src/builtins.rs	41	cross-crate-entry	p1-laneab	pending	
636	crates/backend/utils/adt/json/src/builtins.rs	42	cross-crate-entry	p1-laneab	pending	
836	crates/backend/utils/adt/json/src/tojson.rs	171	cross-crate-entry	p1-laneab	pending	
837	crates/backend/utils/adt/json/src/tojson.rs	172	cross-crate-entry	p1-laneab	pending	
838	crates/backend/utils/adt/json/src/tojson.rs	177	cross-crate-entry	p1-laneab	pending	
839	crates/backend/utils/adt/json/src/tojson.rs	178	cross-crate-entry	p1-laneab	pending	
840	crates/backend/utils/adt/json/src/tojson.rs	179	cross-crate-entry	p1-laneab	pending	
841	crates/backend/utils/adt/json/src/tojson.rs	180	cross-crate-entry	p1-laneab	pending	
842	crates/backend/utils/adt/json/src/tojson.rs	181	cross-crate-entry	p1-laneab	pending	
843	crates/backend/utils/adt/json/src/tojson.rs	182	cross-crate-entry	p1-laneab	pending	
844	crates/backend/utils/adt/json/src/tojson.rs	184	cross-crate-entry	p1-laneab	pending	
845	crates/backend/utils/adt/json/src/tojson.rs	186	cross-crate-entry	p1-laneab	pending	
846	crates/backend/utils/adt/json/src/tojson.rs	187	cross-crate-entry	p1-laneab	pending	
847	crates/backend/utils/adt/json/src/tojson.rs	188	cross-crate-entry	p1-laneab	pending	
848	crates/backend/utils/adt/json/src/tojson.rs	189	cross-crate-entry	p1-laneab	pending	
849	crates/backend/utils/adt/json/src/tojson.rs	190	cross-crate-entry	p1-laneab	pending	
850	crates/backend/utils/adt/json/src/tojson.rs	194	cross-crate-entry	p1-laneab	pending	
851	crates/backend/utils/adt/json/src/tojson.rs	195	cross-crate-entry	p1-laneab	pending	
852	crates/backend/utils/adt/json/src/tojson.rs	196	cross-crate-entry	p1-laneab	pending	
853	crates/backend/utils/adt/json/src/tojson.rs	197	cross-crate-entry	p1-laneab	pending	
854	crates/backend/utils/adt/json/src/tojson.rs	198	cross-crate-entry	p1-laneab	pending	
855	crates/backend/utils/adt/json/src/tojson.rs	199	cross-crate-entry	p1-laneab	pending	
856	crates/backend/utils/adt/json/src/tojson.rs	202	cross-crate-entry	p1-laneab	pending	
857	crates/backend/utils/adt/json/src/tojson.rs	203	cross-crate-entry	p1-laneab	pending	
858	crates/backend/utils/adt/json/src/tojson.rs	204	cross-crate-entry	p1-laneab	pending	
859	crates/backend/utils/adt/json/src/tojson.rs	206	cross-crate-entry	p1-laneab	pending	
860	crates/backend/utils/adt/json/src/tojson.rs	207	cross-crate-entry	p1-laneab	pending	
861	crates/backend/utils/adt/json/src/tojson.rs	208	cross-crate-entry	p1-laneab	pending	
862	crates/backend/utils/adt/json/src/tojson.rs	209	cross-crate-entry	p1-laneab	pending	
863	crates/backend/utils/adt/json/src/tojson.rs	210	cross-crate-entry	p1-laneab	pending	
864	crates/backend/utils/adt/json/src/tojson.rs	211	cross-crate-entry	p1-laneab	pending	
865	crates/backend/utils/adt/json/src/tojson.rs	213	cross-crate-entry	p1-laneab	pending	
866	crates/backend/utils/adt/json/src/tojson.rs	217	cross-crate-entry	p1-laneab	pending	
867	crates/backend/utils/adt/json/src/tojson.rs	218	cross-crate-entry	p1-laneab	pending	
868	crates/backend/utils/adt/json/src/tojson.rs	219	cross-crate-entry	p1-laneab	pending	
869	crates/backend/utils/adt/json/src/tojson.rs	221	cross-crate-entry	p1-laneab	pending	
870	crates/backend/utils/adt/json/src/tojson.rs	222	cross-crate-entry	p1-laneab	pending	
871	crates/backend/utils/adt/json/src/tojson.rs	223	cross-crate-entry	p1-laneab	pending	
872	crates/backend/utils/adt/json/src/tojson.rs	224	cross-crate-entry	p1-laneab	pending	
873	crates/backend/utils/adt/json/src/tojson.rs	225	cross-crate-entry	p1-laneab	pending	
874	crates/backend/utils/adt/json/src/tojson.rs	229	cross-crate-entry	p1-laneab	pending	
875	crates/backend/utils/adt/json/src/tojson.rs	230	cross-crate-entry	p1-laneab	pending	
876	crates/backend/utils/adt/json/src/tojson.rs	231	cross-crate-entry	p1-laneab	pending	
877	crates/backend/utils/adt/json/src/tojson.rs	232	cross-crate-entry	p1-laneab	pending	
878	crates/backend/utils/adt/json/src/tojson.rs	233	cross-crate-entry	p1-laneab	pending	
879	crates/backend/utils/adt/json/src/tojson.rs	235	cross-crate-entry	p1-laneab	pending	
880	crates/backend/utils/adt/json/src/tojson.rs	236	cross-crate-entry	p1-laneab	pending	
881	crates/backend/utils/adt/json/src/tojson.rs	238	cross-crate-entry	p1-laneab	pending	
882	crates/backend/utils/adt/json/src/tojson.rs	239	cross-crate-entry	p1-laneab	pending	
883	crates/backend/utils/adt/json/src/tojson.rs	240	cross-crate-entry	p1-laneab	pending	
884	crates/backend/utils/adt/json/src/tojson.rs	241	cross-crate-entry	p1-laneab	pending	
885	crates/backend/utils/adt/json/src/tojson.rs	242	cross-crate-entry	p1-laneab	pending	
886	crates/backend/utils/adt/json/src/tojson.rs	243	cross-crate-entry	p1-laneab	pending	
887	crates/backend/utils/adt/json/src/tojson.rs	244	cross-crate-entry	p1-laneab	pending	
888	crates/backend/utils/adt/json/src/tojson.rs	245	cross-crate-entry	p1-laneab	pending	
889	crates/backend/utils/adt/json/src/tojson.rs	246	cross-crate-entry	p1-laneab	pending	
890	crates/backend/utils/adt/json/src/tojson.rs	247	cross-crate-entry	p1-laneab	pending	
891	crates/backend/utils/adt/json/src/tojson.rs	249	cross-crate-entry	p1-laneab	pending	
892	crates/backend/utils/adt/json/src/tojson.rs	250	cross-crate-entry	p1-laneab	pending	
893	crates/backend/utils/adt/json/src/tojson.rs	251	cross-crate-entry	p1-laneab	pending	
894	crates/backend/utils/adt/json/src/tojson.rs	253	cross-crate-entry	p1-laneab	pending	
895	crates/backend/utils/adt/json/src/tojson.rs	254	cross-crate-entry	p1-laneab	pending	
896	crates/backend/utils/adt/json/src/tojson.rs	255	cross-crate-entry	p1-laneab	pending	
897	crates/backend/utils/adt/json/src/tojson.rs	256	cross-crate-entry	p1-laneab	pending	
898	crates/backend/utils/adt/json/src/tojson.rs	257	cross-crate-entry	p1-laneab	pending	
899	crates/backend/utils/adt/json/src/tojson.rs	258	cross-crate-entry	p1-laneab	pending	
900	crates/backend/utils/adt/json/src/tojson.rs	259	cross-crate-entry	p1-laneab	pending	
901	crates/backend/utils/adt/json/src/tojson.rs	260	cross-crate-entry	p1-laneab	pending	
902	crates/backend/utils/adt/json/src/tojson.rs	264	cross-crate-entry	p1-laneab	pending	
903	crates/backend/utils/adt/json/src/tojson.rs	266	cross-crate-entry	p1-laneab	pending	
904	crates/backend/utils/adt/json/src/tojson.rs	270	cross-crate-entry	p1-laneab	pending	
905	crates/backend/utils/adt/json/src/tojson.rs	271	cross-crate-entry	p1-laneab	pending	
906	crates/backend/utils/adt/json/src/tojson.rs	272	cross-crate-entry	p1-laneab	pending	
907	crates/backend/utils/adt/json/src/tojson.rs	273	cross-crate-entry	p1-laneab	pending	
908	crates/backend/utils/adt/json/src/tojson.rs	274	cross-crate-entry	p1-laneab	pending	
909	crates/backend/utils/adt/json/src/tojson.rs	275	cross-crate-entry	p1-laneab	pending	
910	crates/backend/utils/adt/json/src/tojson.rs	276	cross-crate-entry	p1-laneab	pending	
911	crates/backend/utils/adt/json/src/tojson.rs	277	cross-crate-entry	p1-laneab	pending	
912	crates/backend/utils/adt/json/src/tojson.rs	280	cross-crate-entry	p1-laneab	pending	
913	crates/backend/utils/adt/json/src/tojson.rs	281	cross-crate-entry	p1-laneab	pending	
914	crates/backend/utils/adt/json/src/tojson.rs	282	cross-crate-entry	p1-laneab	pending	
915	crates/backend/utils/adt/json/src/tojson.rs	283	cross-crate-entry	p1-laneab	pending	
916	crates/backend/utils/adt/json/src/tojson.rs	284	cross-crate-entry	p1-laneab	pending	
917	crates/backend/utils/adt/json/src/tojson.rs	285	cross-crate-entry	p1-laneab	pending	
918	crates/backend/utils/adt/json/src/tojson.rs	286	cross-crate-entry	p1-laneab	pending	
919	crates/backend/utils/adt/json/src/tojson.rs	287	cross-crate-entry	p1-laneab	pending	
920	crates/backend/utils/adt/json/src/tojson.rs	288	cross-crate-entry	p1-laneab	pending	
921	crates/backend/utils/adt/json/src/tojson.rs	289	cross-crate-entry	p1-laneab	pending	
2092	crates/backend/utils/adt/float/src/io.rs	559	instrument-unmappable	excreview-flagfix	pending	E4-measured
2093	crates/backend/utils/adt/float/src/io.rs	629	instrument-unmappable	excreview-flagfix	pending	
2094	crates/backend/utils/adt/float/src/io.rs	344	defensive-c-parity	excreview-flagfix	pending	E4-measured
4655	crates/common/wchar/src/lib.rs	1161	platform-other	p1-laneah	pending	
4656	crates/common/wchar/src/lib.rs	1165	platform-other	p1-laneah	pending	
4657	crates/common/wchar/src/lib.rs	1166	platform-other	p1-laneah	pending	
4658	crates/common/wchar/src/lib.rs	1167	platform-other	p1-laneah	pending	
4659	crates/common/wchar/src/lib.rs	1168	platform-other	p1-laneah	pending	
4660	crates/common/wchar/src/lib.rs	1169	platform-other	p1-laneah	pending	
4661	crates/common/wchar/src/lib.rs	1170	platform-other	p1-laneah	pending	
4662	crates/common/wchar/src/lib.rs	1176	platform-other	p1-laneah	pending	
4663	crates/common/wchar/src/lib.rs	1179	platform-other	p1-laneah	pending	
4664	crates/common/wchar/src/lib.rs	1180	platform-other	p1-laneah	pending	
4665	crates/common/wchar/src/lib.rs	1181	platform-other	p1-laneah	pending	
4666	crates/common/wchar/src/lib.rs	1182	platform-other	p1-laneah	pending	
4667	crates/common/wchar/src/lib.rs	1183	platform-other	p1-laneah	pending	
4668	crates/common/wchar/src/lib.rs	1184	platform-other	p1-laneah	pending	
4669	crates/common/wchar/src/lib.rs	1185	platform-other	p1-laneah	pending	
4670	crates/common/wchar/src/lib.rs	1186	platform-other	p1-laneah	pending	
4671	crates/common/wchar/src/lib.rs	1188	platform-other	p1-laneah	pending	
4939	crates/backend/utils/adt/jsonb/src/builtins.rs	53	cross-crate-entry	p1-lanev	pending	
4940	crates/backend/utils/adt/jsonb/src/builtins.rs	54	cross-crate-entry	p1-lanev	pending	
4941	crates/backend/utils/adt/jsonb/src/builtins.rs	55	cross-crate-entry	p1-lanev	pending	
4942	crates/backend/utils/adt/jsonb/src/builtins.rs	56	cross-crate-entry	p1-lanev	pending	
4943	crates/backend/utils/adt/jsonb/src/builtins.rs	57	cross-crate-entry	p1-lanev	pending	
4944	crates/backend/utils/adt/jsonb/src/builtins.rs	58	cross-crate-entry	p1-lanev	pending	
4945	crates/backend/utils/adt/jsonb/src/builtins.rs	59	cross-crate-entry	p1-lanev	pending	
4946	crates/backend/utils/adt/jsonb/src/builtins.rs	61	cross-crate-entry	p1-lanev	pending	
5114	crates/backend/utils/adt/jsonb/src/container.rs	66	cross-crate-entry	p1-lanev	pending	
5115	crates/backend/utils/adt/jsonb/src/container.rs	67	cross-crate-entry	p1-lanev	pending	
5116	crates/backend/utils/adt/jsonb/src/container.rs	68	cross-crate-entry	p1-lanev	pending	
5117	crates/backend/utils/adt/jsonb/src/container.rs	69	cross-crate-entry	p1-lanev	pending	
5118	crates/backend/utils/adt/jsonb/src/container.rs	71	cross-crate-entry	p1-lanev	pending	
5166	crates/backend/utils/adt/jsonb/src/iter.rs	183	cross-crate-entry	p1-lanev	pending	
5167	crates/backend/utils/adt/jsonb/src/iter.rs	184	cross-crate-entry	p1-lanev	pending	
5195	crates/backend/utils/adt/jsonb/src/mutate.rs	327	cross-crate-entry	p1-lanev	pending	
6175	crates/backend/utils/adt/adt_timestamp/src/lib.rs	1282	debug-only	p1-laney	pending	
6176	crates/backend/utils/adt/adt_timestamp/src/lib.rs	1283	debug-only	p1-laney	pending	
6177	crates/backend/utils/adt/adt_timestamp/src/lib.rs	1284	debug-only	p1-laney	pending	
6178	crates/backend/utils/adt/adt_timestamp/src/lib.rs	1285	debug-only	p1-laney	pending	
6179	crates/backend/utils/adt/adt_timestamp/src/lib.rs	1286	debug-only	p1-laney	pending	
6421	crates/backend/utils/adt/jsonpath/src/path.rs	434	platform-other	p1-laneaa	pending	
6465	crates/backend/utils/adt/jsonpath/src/path.rs	710	platform-other	p1-laneaa	pending	
7369	crates/backend/utils/adt/char/src/builtins.rs	18	proof-covered-unmeasured	lane-0a (banked by evidence-bank 2026-07-31)	pending	E4-measured
7370	crates/backend/utils/adt/char/src/builtins.rs	19	proof-covered-unmeasured	lane-0a (banked by evidence-bank 2026-07-31)	pending	E4-measured
7371	crates/backend/utils/adt/char/src/builtins.rs	20	proof-covered-unmeasured	lane-0a (banked by evidence-bank 2026-07-31)	pending	E4-measured
7372	crates/backend/utils/adt/char/src/builtins.rs	21	proof-covered-unmeasured	lane-0a (banked by evidence-bank 2026-07-31)	pending	E4-measured
7373	crates/backend/utils/adt/char/src/builtins.rs	22	proof-covered-unmeasured	lane-0a (banked by evidence-bank 2026-07-31)	pending	E4-measured
7374	crates/backend/utils/adt/char/src/builtins.rs	23	proof-covered-unmeasured	lane-0a (banked by evidence-bank 2026-07-31)	pending	E4-measured
7375	crates/backend/utils/adt/varlena/src/string_agg.rs	28	excluded-state	p1-lanes (banked by evidence-bank 2026-07-31)	pending	
7376	crates/backend/utils/adt/varlena/src/string_agg.rs	31	excluded-state	p1-lanes (banked by evidence-bank 2026-07-31)	pending	
7377	crates/backend/utils/adt/varlena/src/string_agg.rs	34	excluded-state	p1-lanes (banked by evidence-bank 2026-07-31)	pending	
7378	crates/backend/utils/adt/varlena/src/string_agg.rs	35	excluded-state	p1-lanes (banked by evidence-bank 2026-07-31)	pending	
7379	crates/backend/utils/adt/varlena/src/string_agg.rs	36	excluded-state	p1-lanes (banked by evidence-bank 2026-07-31)	pending	
7380	crates/backend/utils/adt/varlena/src/string_agg.rs	37	excluded-state	p1-lanes (banked by evidence-bank 2026-07-31)	pending	
7381	crates/backend/utils/adt/varlena/src/string_agg.rs	38	excluded-state	p1-lanes (banked by evidence-bank 2026-07-31)	pending	
7382	crates/backend/utils/adt/varlena/src/string_agg.rs	39	excluded-state	p1-lanes (banked by evidence-bank 2026-07-31)	pending	
7383	crates/backend/utils/adt/varlena/src/string_agg.rs	41	excluded-state	p1-lanes (banked by evidence-bank 2026-07-31)	pending	
7384	crates/backend/utils/adt/varlena/src/string_agg.rs	42	excluded-state	p1-lanes (banked by evidence-bank 2026-07-31)	pending	
7385	crates/backend/utils/adt/varlena/src/string_agg.rs	43	excluded-state	p1-lanes (banked by evidence-bank 2026-07-31)	pending	
7386	crates/backend/utils/adt/varlena/src/string_agg.rs	44	excluded-state	p1-lanes (banked by evidence-bank 2026-07-31)	pending	
7387	crates/backend/utils/adt/varlena/src/string_agg.rs	45	excluded-state	p1-lanes (banked by evidence-bank 2026-07-31)	pending	
7388	crates/backend/utils/adt/varlena/src/string_agg.rs	46	excluded-state	p1-lanes (banked by evidence-bank 2026-07-31)	pending	
7389	crates/backend/utils/adt/varlena/src/string_agg.rs	49	excluded-state	p1-lanes (banked by evidence-bank 2026-07-31)	pending	
7390	crates/backend/utils/adt/varlena/src/string_agg.rs	50	excluded-state	p1-lanes (banked by evidence-bank 2026-07-31)	pending	
7391	crates/backend/utils/adt/varlena/src/string_agg.rs	51	excluded-state	p1-lanes (banked by evidence-bank 2026-07-31)	pending	
7392	crates/backend/utils/adt/varlena/src/string_agg.rs	55	excluded-state	p1-lanes (banked by evidence-bank 2026-07-31)	pending	
7393	crates/backend/utils/adt/varlena/src/string_agg.rs	56	excluded-state	p1-lanes (banked by evidence-bank 2026-07-31)	pending	
7394	crates/backend/utils/adt/varlena/src/string_agg.rs	57	excluded-state	p1-lanes (banked by evidence-bank 2026-07-31)	pending	
7395	crates/backend/utils/adt/varlena/src/string_agg.rs	58	excluded-state	p1-lanes (banked by evidence-bank 2026-07-31)	pending	
7396	crates/backend/utils/adt/varlena/src/string_agg.rs	61	excluded-state	p1-lanes (banked by evidence-bank 2026-07-31)	pending	
7397	crates/backend/utils/adt/varlena/src/string_agg.rs	62	excluded-state	p1-lanes (banked by evidence-bank 2026-07-31)	pending	
7398	crates/backend/utils/adt/varlena/src/string_agg.rs	69	excluded-state	p1-lanes (banked by evidence-bank 2026-07-31)	pending	
7399	crates/backend/utils/adt/varlena/src/string_agg.rs	70	excluded-state	p1-lanes (banked by evidence-bank 2026-07-31)	pending	
7400	crates/backend/utils/adt/varlena/src/string_agg.rs	76	excluded-state	p1-lanes (banked by evidence-bank 2026-07-31)	pending	
7401	crates/backend/utils/adt/varlena/src/string_agg.rs	77	excluded-state	p1-lanes (banked by evidence-bank 2026-07-31)	pending	
7402	crates/backend/utils/adt/varlena/src/string_agg.rs	80	excluded-state	p1-lanes (banked by evidence-bank 2026-07-31)	pending	
7403	crates/backend/utils/adt/varlena/src/string_agg.rs	81	excluded-state	p1-lanes (banked by evidence-bank 2026-07-31)	pending	
7404	crates/backend/utils/adt/varlena/src/string_agg.rs	82	excluded-state	p1-lanes (banked by evidence-bank 2026-07-31)	pending	
7405	crates/backend/utils/adt/varlena/src/string_agg.rs	83	excluded-state	p1-lanes (banked by evidence-bank 2026-07-31)	pending	
7406	crates/backend/utils/adt/varlena/src/string_agg.rs	84	excluded-state	p1-lanes (banked by evidence-bank 2026-07-31)	pending	
7407	crates/backend/utils/adt/varlena/src/string_agg.rs	85	excluded-state	p1-lanes (banked by evidence-bank 2026-07-31)	pending	
7408	crates/backend/utils/adt/varlena/src/string_agg.rs	86	excluded-state	p1-lanes (banked by evidence-bank 2026-07-31)	pending	
7409	crates/backend/utils/adt/varlena/src/string_agg.rs	87	excluded-state	p1-lanes (banked by evidence-bank 2026-07-31)	pending	
7410	crates/backend/utils/adt/varlena/src/string_agg.rs	88	excluded-state	p1-lanes (banked by evidence-bank 2026-07-31)	pending	
7411	crates/backend/utils/adt/varlena/src/string_agg.rs	90	excluded-state	p1-lanes (banked by evidence-bank 2026-07-31)	pending	
7412	crates/backend/utils/adt/varlena/src/string_agg.rs	91	excluded-state	p1-lanes (banked by evidence-bank 2026-07-31)	pending	
7413	crates/backend/utils/adt/varlena/src/string_agg.rs	94	excluded-state	p1-lanes (banked by evidence-bank 2026-07-31)	pending	
7414	crates/backend/utils/adt/varlena/src/string_agg.rs	95	excluded-state	p1-lanes (banked by evidence-bank 2026-07-31)	pending	
7415	crates/backend/utils/adt/varlena/src/string_agg.rs	96	excluded-state	p1-lanes (banked by evidence-bank 2026-07-31)	pending	
7416	crates/backend/utils/adt/varlena/src/string_agg.rs	97	excluded-state	p1-lanes (banked by evidence-bank 2026-07-31)	pending	
7417	crates/backend/utils/adt/varlena/src/string_agg.rs	99	excluded-state	p1-lanes (banked by evidence-bank 2026-07-31)	pending	
7418	crates/backend/utils/adt/varlena/src/string_agg.rs	102	excluded-state	p1-lanes (banked by evidence-bank 2026-07-31)	pending	
7419	crates/backend/utils/adt/varlena/src/string_agg.rs	103	excluded-state	p1-lanes (banked by evidence-bank 2026-07-31)	pending	
7420	crates/backend/utils/adt/varlena/src/string_agg.rs	105	excluded-state	p1-lanes (banked by evidence-bank 2026-07-31)	pending	
7421	crates/backend/utils/adt/varlena/src/string_agg.rs	106	excluded-state	p1-lanes (banked by evidence-bank 2026-07-31)	pending	
7422	crates/backend/utils/adt/varlena/src/string_agg.rs	107	excluded-state	p1-lanes (banked by evidence-bank 2026-07-31)	pending	
7423	crates/backend/utils/adt/varlena/src/string_agg.rs	108	excluded-state	p1-lanes (banked by evidence-bank 2026-07-31)	pending	
7424	crates/backend/utils/adt/varlena/src/string_agg.rs	112	excluded-state	p1-lanes (banked by evidence-bank 2026-07-31)	pending	
7425	crates/backend/utils/adt/varlena/src/string_agg.rs	113	excluded-state	p1-lanes (banked by evidence-bank 2026-07-31)	pending	
7426	crates/backend/utils/adt/varlena/src/string_agg.rs	115	excluded-state	p1-lanes (banked by evidence-bank 2026-07-31)	pending	
7427	crates/backend/utils/adt/varlena/src/string_agg.rs	116	excluded-state	p1-lanes (banked by evidence-bank 2026-07-31)	pending	
7428	crates/backend/utils/adt/varlena/src/string_agg.rs	117	excluded-state	p1-lanes (banked by evidence-bank 2026-07-31)	pending	
7429	crates/backend/utils/adt/varlena/src/string_agg.rs	118	excluded-state	p1-lanes (banked by evidence-bank 2026-07-31)	pending	
7430	crates/backend/utils/adt/varlena/src/string_agg.rs	122	excluded-state	p1-lanes (banked by evidence-bank 2026-07-31)	pending	
7431	crates/backend/utils/adt/varlena/src/string_agg.rs	123	excluded-state	p1-lanes (banked by evidence-bank 2026-07-31)	pending	
7432	crates/backend/utils/adt/varlena/src/string_agg.rs	125	excluded-state	p1-lanes (banked by evidence-bank 2026-07-31)	pending	
7433	crates/backend/utils/adt/varlena/src/string_agg.rs	130	excluded-state	p1-lanes (banked by evidence-bank 2026-07-31)	pending	
7434	crates/backend/utils/adt/varlena/src/string_agg.rs	131	excluded-state	p1-lanes (banked by evidence-bank 2026-07-31)	pending	
7435	crates/backend/utils/adt/varlena/src/string_agg.rs	133	excluded-state	p1-lanes (banked by evidence-bank 2026-07-31)	pending	
7436	crates/backend/utils/adt/varlena/src/string_agg.rs	134	excluded-state	p1-lanes (banked by evidence-bank 2026-07-31)	pending	
7437	crates/backend/utils/adt/varlena/src/string_agg.rs	136	excluded-state	p1-lanes (banked by evidence-bank 2026-07-31)	pending	
7438	crates/backend/utils/adt/varlena/src/string_agg.rs	137	excluded-state	p1-lanes (banked by evidence-bank 2026-07-31)	pending	
7439	crates/backend/utils/adt/varlena/src/string_agg.rs	138	excluded-state	p1-lanes (banked by evidence-bank 2026-07-31)	pending	
7440	crates/backend/utils/adt/varlena/src/string_agg.rs	139	excluded-state	p1-lanes (banked by evidence-bank 2026-07-31)	pending	
7441	crates/backend/utils/adt/varlena/src/string_agg.rs	141	excluded-state	p1-lanes (banked by evidence-bank 2026-07-31)	pending	
7442	crates/backend/utils/adt/varlena/src/string_agg.rs	142	excluded-state	p1-lanes (banked by evidence-bank 2026-07-31)	pending	
7443	crates/backend/utils/adt/varlena/src/string_agg.rs	146	excluded-state	p1-lanes (banked by evidence-bank 2026-07-31)	pending	
7444	crates/backend/utils/adt/varlena/src/string_agg.rs	147	excluded-state	p1-lanes (banked by evidence-bank 2026-07-31)	pending	
7445	crates/backend/utils/adt/varlena/src/string_agg.rs	148	excluded-state	p1-lanes (banked by evidence-bank 2026-07-31)	pending	
7446	crates/backend/utils/adt/varlena/src/string_agg.rs	150	excluded-state	p1-lanes (banked by evidence-bank 2026-07-31)	pending	
7447	crates/backend/utils/adt/varlena/src/string_agg.rs	151	excluded-state	p1-lanes (banked by evidence-bank 2026-07-31)	pending	
7448	crates/backend/utils/adt/varlena/src/string_agg.rs	152	excluded-state	p1-lanes (banked by evidence-bank 2026-07-31)	pending	
7449	crates/backend/utils/adt/varlena/src/string_agg.rs	153	excluded-state	p1-lanes (banked by evidence-bank 2026-07-31)	pending	
7450	crates/backend/utils/adt/varlena/src/string_agg.rs	155	excluded-state	p1-lanes (banked by evidence-bank 2026-07-31)	pending	
7451	crates/backend/utils/adt/varlena/src/string_agg.rs	158	excluded-state	p1-lanes (banked by evidence-bank 2026-07-31)	pending	
7452	crates/backend/utils/adt/varlena/src/string_agg.rs	159	excluded-state	p1-lanes (banked by evidence-bank 2026-07-31)	pending	
7453	crates/backend/utils/adt/varlena/src/string_agg.rs	161	excluded-state	p1-lanes (banked by evidence-bank 2026-07-31)	pending	
7454	crates/backend/utils/adt/varlena/src/string_agg.rs	165	excluded-state	p1-lanes (banked by evidence-bank 2026-07-31)	pending	
7455	crates/backend/utils/adt/varlena/src/string_agg.rs	166	excluded-state	p1-lanes (banked by evidence-bank 2026-07-31)	pending	
7456	crates/backend/utils/adt/varlena/src/string_agg.rs	167	excluded-state	p1-lanes (banked by evidence-bank 2026-07-31)	pending	
7457	crates/backend/utils/adt/varlena/src/string_agg.rs	168	excluded-state	p1-lanes (banked by evidence-bank 2026-07-31)	pending	
7458	crates/backend/utils/adt/varlena/src/string_agg.rs	169	excluded-state	p1-lanes (banked by evidence-bank 2026-07-31)	pending	
7459	crates/backend/utils/adt/varlena/src/string_agg.rs	173	excluded-state	p1-lanes (banked by evidence-bank 2026-07-31)	pending	
7460	crates/backend/utils/adt/varlena/src/string_agg.rs	174	excluded-state	p1-lanes (banked by evidence-bank 2026-07-31)	pending	
7461	crates/backend/utils/adt/varlena/src/string_agg.rs	175	excluded-state	p1-lanes (banked by evidence-bank 2026-07-31)	pending	
7462	crates/backend/utils/adt/varlena/src/string_agg.rs	176	excluded-state	p1-lanes (banked by evidence-bank 2026-07-31)	pending	
7463	crates/backend/utils/adt/varlena/src/string_agg.rs	177	excluded-state	p1-lanes (banked by evidence-bank 2026-07-31)	pending	
7464	crates/backend/utils/adt/varlena/src/string_agg.rs	178	excluded-state	p1-lanes (banked by evidence-bank 2026-07-31)	pending	
7465	crates/backend/utils/adt/varlena/src/string_agg.rs	179	excluded-state	p1-lanes (banked by evidence-bank 2026-07-31)	pending	
7466	crates/backend/utils/adt/varlena/src/string_agg.rs	181	excluded-state	p1-lanes (banked by evidence-bank 2026-07-31)	pending	
7467	crates/backend/utils/adt/varlena/src/string_agg.rs	182	excluded-state	p1-lanes (banked by evidence-bank 2026-07-31)	pending	
7468	crates/backend/utils/adt/varlena/src/string_agg.rs	183	excluded-state	p1-lanes (banked by evidence-bank 2026-07-31)	pending	
7469	crates/backend/utils/adt/varlena/src/string_agg.rs	184	excluded-state	p1-lanes (banked by evidence-bank 2026-07-31)	pending	
7470	crates/backend/utils/adt/varlena/src/string_agg.rs	185	excluded-state	p1-lanes (banked by evidence-bank 2026-07-31)	pending	
7471	crates/backend/utils/adt/varlena/src/string_agg.rs	188	excluded-state	p1-lanes (banked by evidence-bank 2026-07-31)	pending	
7472	crates/backend/utils/adt/varlena/src/string_agg.rs	189	excluded-state	p1-lanes (banked by evidence-bank 2026-07-31)	pending	
7473	crates/backend/utils/adt/varlena/src/string_agg.rs	190	excluded-state	p1-lanes (banked by evidence-bank 2026-07-31)	pending	
7474	crates/backend/utils/adt/varlena/src/string_agg.rs	191	excluded-state	p1-lanes (banked by evidence-bank 2026-07-31)	pending	
7475	crates/backend/utils/adt/varlena/src/string_agg.rs	195	excluded-state	p1-lanes (banked by evidence-bank 2026-07-31)	pending	
7476	crates/backend/utils/adt/varlena/src/string_agg.rs	196	excluded-state	p1-lanes (banked by evidence-bank 2026-07-31)	pending	
7477	crates/backend/utils/adt/varlena/src/split_text.rs	11	excluded-state	p1-lanes (banked by evidence-bank 2026-07-31)	pending	
7478	crates/backend/utils/adt/varlena/src/split_text.rs	12	excluded-state	p1-lanes (banked by evidence-bank 2026-07-31)	pending	
7479	crates/backend/utils/adt/varlena/src/split_text.rs	13	excluded-state	p1-lanes (banked by evidence-bank 2026-07-31)	pending	
7480	crates/backend/utils/adt/varlena/src/split_text.rs	14	excluded-state	p1-lanes (banked by evidence-bank 2026-07-31)	pending	
7481	crates/backend/utils/adt/varlena/src/split_text.rs	15	excluded-state	p1-lanes (banked by evidence-bank 2026-07-31)	pending	
7482	crates/backend/utils/adt/varlena/src/split_text.rs	16	excluded-state	p1-lanes (banked by evidence-bank 2026-07-31)	pending	
7483	crates/backend/utils/adt/varlena/src/split_text.rs	17	excluded-state	p1-lanes (banked by evidence-bank 2026-07-31)	pending	
7484	crates/backend/utils/adt/varlena/src/split_text.rs	18	excluded-state	p1-lanes (banked by evidence-bank 2026-07-31)	pending	
7485	crates/backend/utils/adt/varlena/src/split_text.rs	19	excluded-state	p1-lanes (banked by evidence-bank 2026-07-31)	pending	
7486	crates/backend/utils/adt/varlena/src/split_text.rs	20	excluded-state	p1-lanes (banked by evidence-bank 2026-07-31)	pending	
7487	crates/backend/utils/adt/varlena/src/split_text.rs	21	excluded-state	p1-lanes (banked by evidence-bank 2026-07-31)	pending	
7488	crates/backend/utils/adt/varlena/src/split_text.rs	23	excluded-state	p1-lanes (banked by evidence-bank 2026-07-31)	pending	
7489	crates/backend/utils/adt/varlena/src/split_text.rs	24	excluded-state	p1-lanes (banked by evidence-bank 2026-07-31)	pending	
7490	crates/backend/utils/adt/varlena/src/split_text.rs	25	excluded-state	p1-lanes (banked by evidence-bank 2026-07-31)	pending	
7491	crates/backend/utils/adt/varlena/src/split_text.rs	26	excluded-state	p1-lanes (banked by evidence-bank 2026-07-31)	pending	
7492	crates/backend/utils/adt/varlena/src/split_text.rs	27	excluded-state	p1-lanes (banked by evidence-bank 2026-07-31)	pending	
7493	crates/backend/utils/adt/varlena/src/split_text.rs	29	excluded-state	p1-lanes (banked by evidence-bank 2026-07-31)	pending	
7494	crates/backend/utils/adt/varlena/src/split_text.rs	31	excluded-state	p1-lanes (banked by evidence-bank 2026-07-31)	pending	
7495	crates/backend/utils/adt/varlena/src/split_text.rs	41	excluded-state	p1-lanes (banked by evidence-bank 2026-07-31)	pending	
7496	crates/backend/utils/adt/varlena/src/split_text.rs	42	excluded-state	p1-lanes (banked by evidence-bank 2026-07-31)	pending	
7497	crates/backend/utils/adt/varlena/src/split_text.rs	43	excluded-state	p1-lanes (banked by evidence-bank 2026-07-31)	pending	
7498	crates/backend/utils/adt/varlena/src/split_text.rs	44	excluded-state	p1-lanes (banked by evidence-bank 2026-07-31)	pending	
7499	crates/backend/utils/adt/varlena/src/split_text.rs	47	excluded-state	p1-lanes (banked by evidence-bank 2026-07-31)	pending	
7500	crates/backend/utils/adt/varlena/src/split_text.rs	48	excluded-state	p1-lanes (banked by evidence-bank 2026-07-31)	pending	
7501	crates/backend/utils/adt/varlena/src/split_text.rs	50	excluded-state	p1-lanes (banked by evidence-bank 2026-07-31)	pending	
7502	crates/backend/utils/adt/varlena/src/split_text.rs	52	excluded-state	p1-lanes (banked by evidence-bank 2026-07-31)	pending	
7503	crates/backend/utils/adt/varlena/src/split_text.rs	54	excluded-state	p1-lanes (banked by evidence-bank 2026-07-31)	pending	
7504	crates/backend/utils/adt/varlena/src/split_text.rs	56	excluded-state	p1-lanes (banked by evidence-bank 2026-07-31)	pending	
7505	crates/backend/utils/adt/varlena/src/split_text.rs	58	excluded-state	p1-lanes (banked by evidence-bank 2026-07-31)	pending	
7506	crates/backend/utils/adt/varlena/src/split_text.rs	60	excluded-state	p1-lanes (banked by evidence-bank 2026-07-31)	pending	
7507	crates/backend/utils/adt/varlena/src/split_text.rs	61	excluded-state	p1-lanes (banked by evidence-bank 2026-07-31)	pending	
7508	crates/backend/utils/adt/varlena/src/split_text.rs	63	excluded-state	p1-lanes (banked by evidence-bank 2026-07-31)	pending	
7509	crates/backend/utils/adt/varlena/src/split_text.rs	64	excluded-state	p1-lanes (banked by evidence-bank 2026-07-31)	pending	
7510	crates/backend/utils/adt/varlena/src/split_text.rs	65	excluded-state	p1-lanes (banked by evidence-bank 2026-07-31)	pending	
7511	crates/backend/utils/adt/varlena/src/split_text.rs	66	excluded-state	p1-lanes (banked by evidence-bank 2026-07-31)	pending	
7512	crates/backend/utils/adt/varlena/src/split_text.rs	68	excluded-state	p1-lanes (banked by evidence-bank 2026-07-31)	pending	
7513	crates/backend/utils/adt/varlena/src/split_text.rs	69	excluded-state	p1-lanes (banked by evidence-bank 2026-07-31)	pending	
7514	crates/backend/utils/adt/varlena/src/split_text.rs	72	excluded-state	p1-lanes (banked by evidence-bank 2026-07-31)	pending	
7515	crates/backend/utils/adt/varlena/src/split_text.rs	74	excluded-state	p1-lanes (banked by evidence-bank 2026-07-31)	pending	
7516	crates/backend/utils/adt/varlena/src/split_text.rs	76	excluded-state	p1-lanes (banked by evidence-bank 2026-07-31)	pending	
7517	crates/backend/utils/adt/varlena/src/split_text.rs	77	excluded-state	p1-lanes (banked by evidence-bank 2026-07-31)	pending	
7518	crates/backend/utils/adt/varlena/src/split_text.rs	79	excluded-state	p1-lanes (banked by evidence-bank 2026-07-31)	pending	
7519	crates/backend/utils/adt/varlena/src/split_text.rs	80	excluded-state	p1-lanes (banked by evidence-bank 2026-07-31)	pending	
7520	crates/backend/utils/adt/varlena/src/split_text.rs	82	excluded-state	p1-lanes (banked by evidence-bank 2026-07-31)	pending	
7521	crates/backend/utils/adt/varlena/src/split_text.rs	83	excluded-state	p1-lanes (banked by evidence-bank 2026-07-31)	pending	
7522	crates/backend/utils/adt/varlena/src/split_text.rs	84	excluded-state	p1-lanes (banked by evidence-bank 2026-07-31)	pending	
7523	crates/backend/utils/adt/varlena/src/split_text.rs	86	excluded-state	p1-lanes (banked by evidence-bank 2026-07-31)	pending	
7524	crates/backend/utils/adt/varlena/src/split_text.rs	88	excluded-state	p1-lanes (banked by evidence-bank 2026-07-31)	pending	
7525	crates/backend/utils/adt/varlena/src/split_text.rs	89	excluded-state	p1-lanes (banked by evidence-bank 2026-07-31)	pending	
7526	crates/backend/utils/adt/varlena/src/split_text.rs	90	excluded-state	p1-lanes (banked by evidence-bank 2026-07-31)	pending	
7527	crates/backend/utils/adt/varlena/src/split_text.rs	92	excluded-state	p1-lanes (banked by evidence-bank 2026-07-31)	pending	
7528	crates/backend/utils/adt/varlena/src/split_text.rs	97	excluded-state	p1-lanes (banked by evidence-bank 2026-07-31)	pending	
7529	crates/backend/utils/adt/varlena/src/split_text.rs	98	excluded-state	p1-lanes (banked by evidence-bank 2026-07-31)	pending	
7530	crates/backend/utils/adt/varlena/src/split_text.rs	99	excluded-state	p1-lanes (banked by evidence-bank 2026-07-31)	pending	
7531	crates/backend/utils/adt/varlena/src/split_text.rs	100	excluded-state	p1-lanes (banked by evidence-bank 2026-07-31)	pending	
7532	crates/backend/utils/adt/varlena/src/split_text.rs	101	excluded-state	p1-lanes (banked by evidence-bank 2026-07-31)	pending	
7533	crates/backend/utils/adt/varlena/src/split_text.rs	105	excluded-state	p1-lanes (banked by evidence-bank 2026-07-31)	pending	
7534	crates/backend/utils/adt/varlena/src/split_text.rs	112	excluded-state	p1-lanes (banked by evidence-bank 2026-07-31)	pending	
7535	crates/backend/utils/adt/varlena/src/split_text.rs	113	excluded-state	p1-lanes (banked by evidence-bank 2026-07-31)	pending	
7536	crates/backend/utils/adt/varlena/src/split_text.rs	114	excluded-state	p1-lanes (banked by evidence-bank 2026-07-31)	pending	
7537	crates/backend/utils/adt/varlena/src/split_text.rs	115	excluded-state	p1-lanes (banked by evidence-bank 2026-07-31)	pending	
7538	crates/backend/utils/adt/varlena/src/split_text.rs	116	excluded-state	p1-lanes (banked by evidence-bank 2026-07-31)	pending	
7539	crates/backend/utils/adt/varlena/src/split_text.rs	117	excluded-state	p1-lanes (banked by evidence-bank 2026-07-31)	pending	
7540	crates/backend/utils/adt/varlena/src/split_text.rs	118	excluded-state	p1-lanes (banked by evidence-bank 2026-07-31)	pending	
7541	crates/backend/utils/adt/varlena/src/split_text.rs	120	excluded-state	p1-lanes (banked by evidence-bank 2026-07-31)	pending	
7542	crates/backend/utils/adt/varlena/src/split_text.rs	121	excluded-state	p1-lanes (banked by evidence-bank 2026-07-31)	pending	
7543	crates/backend/utils/adt/varlena/src/split_text.rs	122	excluded-state	p1-lanes (banked by evidence-bank 2026-07-31)	pending	
7544	crates/backend/utils/adt/varlena/src/split_text.rs	123	excluded-state	p1-lanes (banked by evidence-bank 2026-07-31)	pending	
7545	crates/backend/utils/adt/varlena/src/split_text.rs	124	excluded-state	p1-lanes (banked by evidence-bank 2026-07-31)	pending	
7546	crates/backend/utils/adt/varlena/src/split_text.rs	125	excluded-state	p1-lanes (banked by evidence-bank 2026-07-31)	pending	
7547	crates/backend/utils/adt/varlena/src/split_text.rs	126	excluded-state	p1-lanes (banked by evidence-bank 2026-07-31)	pending	
7548	crates/backend/utils/adt/varlena/src/split_text.rs	127	excluded-state	p1-lanes (banked by evidence-bank 2026-07-31)	pending	
7549	crates/backend/utils/adt/varlena/src/split_text.rs	128	excluded-state	p1-lanes (banked by evidence-bank 2026-07-31)	pending	
7550	crates/backend/utils/adt/varlena/src/split_text.rs	129	excluded-state	p1-lanes (banked by evidence-bank 2026-07-31)	pending	
7551	crates/backend/utils/adt/varlena/src/split_text.rs	131	excluded-state	p1-lanes (banked by evidence-bank 2026-07-31)	pending	
7552	crates/backend/utils/adt/varlena/src/split_text.rs	132	excluded-state	p1-lanes (banked by evidence-bank 2026-07-31)	pending	
7553	crates/backend/utils/adt/varlena/src/split_text.rs	133	excluded-state	p1-lanes (banked by evidence-bank 2026-07-31)	pending	
7554	crates/backend/utils/adt/varlena/src/split_text.rs	135	excluded-state	p1-lanes (banked by evidence-bank 2026-07-31)	pending	
7555	crates/backend/utils/adt/varlena/src/split_text.rs	140	excluded-state	p1-lanes (banked by evidence-bank 2026-07-31)	pending	
7556	crates/backend/utils/adt/varlena/src/split_text.rs	141	excluded-state	p1-lanes (banked by evidence-bank 2026-07-31)	pending	
7557	crates/backend/utils/adt/varlena/src/split_text.rs	142	excluded-state	p1-lanes (banked by evidence-bank 2026-07-31)	pending	
7558	crates/backend/utils/adt/varlena/src/split_text.rs	143	excluded-state	p1-lanes (banked by evidence-bank 2026-07-31)	pending	
7559	crates/backend/utils/adt/varlena/src/split_text.rs	145	excluded-state	p1-lanes (banked by evidence-bank 2026-07-31)	pending	
7560	crates/backend/utils/adt/varlena/src/split_text.rs	147	excluded-state	p1-lanes (banked by evidence-bank 2026-07-31)	pending	
7561	crates/backend/utils/adt/varlena/src/split_text.rs	148	excluded-state	p1-lanes (banked by evidence-bank 2026-07-31)	pending	
7562	crates/backend/utils/adt/varlena/src/split_text.rs	150	excluded-state	p1-lanes (banked by evidence-bank 2026-07-31)	pending	
7563	crates/backend/utils/adt/varlena/src/split_text.rs	152	excluded-state	p1-lanes (banked by evidence-bank 2026-07-31)	pending	
7564	crates/backend/utils/adt/varlena/src/split_text.rs	154	excluded-state	p1-lanes (banked by evidence-bank 2026-07-31)	pending	
7565	crates/backend/utils/adt/varlena/src/split_text.rs	156	excluded-state	p1-lanes (banked by evidence-bank 2026-07-31)	pending	
7566	crates/backend/utils/adt/varlena/src/split_text.rs	158	excluded-state	p1-lanes (banked by evidence-bank 2026-07-31)	pending	
7567	crates/backend/utils/adt/varlena/src/split_text.rs	160	excluded-state	p1-lanes (banked by evidence-bank 2026-07-31)	pending	
7568	crates/backend/utils/adt/varlena/src/split_text.rs	161	excluded-state	p1-lanes (banked by evidence-bank 2026-07-31)	pending	
7569	crates/backend/utils/adt/varlena/src/split_text.rs	163	excluded-state	p1-lanes (banked by evidence-bank 2026-07-31)	pending	
7570	crates/backend/utils/adt/varlena/src/split_text.rs	164	excluded-state	p1-lanes (banked by evidence-bank 2026-07-31)	pending	
7571	crates/backend/utils/adt/varlena/src/split_text.rs	166	excluded-state	p1-lanes (banked by evidence-bank 2026-07-31)	pending	
7572	crates/backend/utils/adt/varlena/src/split_text.rs	168	excluded-state	p1-lanes (banked by evidence-bank 2026-07-31)	pending	
7573	crates/backend/utils/adt/varlena/src/split_text.rs	170	excluded-state	p1-lanes (banked by evidence-bank 2026-07-31)	pending	
7574	crates/backend/utils/adt/varlena/src/split_text.rs	171	excluded-state	p1-lanes (banked by evidence-bank 2026-07-31)	pending	
7575	crates/backend/utils/adt/varlena/src/split_text.rs	172	excluded-state	p1-lanes (banked by evidence-bank 2026-07-31)	pending	
7576	crates/backend/utils/adt/varlena/src/split_text.rs	174	excluded-state	p1-lanes (banked by evidence-bank 2026-07-31)	pending	
7577	crates/backend/utils/adt/varlena/src/split_text.rs	175	excluded-state	p1-lanes (banked by evidence-bank 2026-07-31)	pending	
7578	crates/backend/utils/adt/varlena/src/split_text.rs	177	excluded-state	p1-lanes (banked by evidence-bank 2026-07-31)	pending	
7579	crates/backend/utils/adt/varlena/src/split_text.rs	178	excluded-state	p1-lanes (banked by evidence-bank 2026-07-31)	pending	
7580	crates/backend/utils/adt/varlena/src/split_text.rs	179	excluded-state	p1-lanes (banked by evidence-bank 2026-07-31)	pending	
7581	crates/backend/utils/adt/varlena/src/split_text.rs	181	excluded-state	p1-lanes (banked by evidence-bank 2026-07-31)	pending	
7582	crates/backend/utils/adt/varlena/src/split_text.rs	183	excluded-state	p1-lanes (banked by evidence-bank 2026-07-31)	pending	
7583	crates/backend/utils/adt/varlena/src/split_text.rs	184	excluded-state	p1-lanes (banked by evidence-bank 2026-07-31)	pending	
7584	crates/backend/utils/adt/varlena/src/split_text.rs	185	excluded-state	p1-lanes (banked by evidence-bank 2026-07-31)	pending	
7585	crates/backend/utils/adt/varlena/src/split_text.rs	186	excluded-state	p1-lanes (banked by evidence-bank 2026-07-31)	pending	
7586	crates/backend/utils/adt/varlena/src/split_text.rs	188	excluded-state	p1-lanes (banked by evidence-bank 2026-07-31)	pending	
7587	crates/backend/utils/adt/varlena/src/split_text.rs	189	excluded-state	p1-lanes (banked by evidence-bank 2026-07-31)	pending	
7588	crates/backend/utils/adt/varlena/src/split_text.rs	194	excluded-state	p1-lanes (banked by evidence-bank 2026-07-31)	pending	
7589	crates/backend/utils/adt/varlena/src/split_text.rs	195	excluded-state	p1-lanes (banked by evidence-bank 2026-07-31)	pending	
7590	crates/backend/utils/adt/varlena/src/split_text.rs	196	excluded-state	p1-lanes (banked by evidence-bank 2026-07-31)	pending	
7591	crates/backend/utils/adt/varlena/src/split_text.rs	197	excluded-state	p1-lanes (banked by evidence-bank 2026-07-31)	pending	
7592	crates/backend/utils/adt/varlena/src/split_text.rs	198	excluded-state	p1-lanes (banked by evidence-bank 2026-07-31)	pending	
7593	crates/backend/utils/adt/varlena/src/split_text.rs	199	excluded-state	p1-lanes (banked by evidence-bank 2026-07-31)	pending	
7594	crates/backend/utils/adt/varlena/src/split_text.rs	200	excluded-state	p1-lanes (banked by evidence-bank 2026-07-31)	pending	
7595	crates/backend/utils/adt/varlena/src/split_text.rs	201	excluded-state	p1-lanes (banked by evidence-bank 2026-07-31)	pending	
7596	crates/backend/utils/adt/varlena/src/split_text.rs	202	excluded-state	p1-lanes (banked by evidence-bank 2026-07-31)	pending	
7597	crates/backend/utils/adt/varlena/src/split_text.rs	203	excluded-state	p1-lanes (banked by evidence-bank 2026-07-31)	pending	
7598	crates/backend/utils/adt/varlena/src/split_text.rs	204	excluded-state	p1-lanes (banked by evidence-bank 2026-07-31)	pending	
7599	crates/backend/utils/adt/varlena/src/split_text.rs	205	excluded-state	p1-lanes (banked by evidence-bank 2026-07-31)	pending	
7600	crates/backend/utils/adt/varlena/src/split_text.rs	210	excluded-state	p1-lanes (banked by evidence-bank 2026-07-31)	pending	
7601	crates/backend/utils/adt/varlena/src/split_text.rs	211	excluded-state	p1-lanes (banked by evidence-bank 2026-07-31)	pending	
7602	crates/backend/utils/adt/varlena/src/split_text.rs	212	excluded-state	p1-lanes (banked by evidence-bank 2026-07-31)	pending	
7603	crates/backend/utils/adt/varlena/src/split_text.rs	214	excluded-state	p1-lanes (banked by evidence-bank 2026-07-31)	pending	
7604	crates/backend/utils/adt/varlena/src/replace_regexp.rs	7	excluded-state	p1-lanes (banked by evidence-bank 2026-07-31)	pending	
7605	crates/backend/utils/adt/varlena/src/replace_regexp.rs	8	excluded-state	p1-lanes (banked by evidence-bank 2026-07-31)	pending	
7606	crates/backend/utils/adt/varlena/src/replace_regexp.rs	9	excluded-state	p1-lanes (banked by evidence-bank 2026-07-31)	pending	
7607	crates/backend/utils/adt/varlena/src/replace_regexp.rs	11	excluded-state	p1-lanes (banked by evidence-bank 2026-07-31)	pending	
7608	crates/backend/utils/adt/varlena/src/replace_regexp.rs	12	excluded-state	p1-lanes (banked by evidence-bank 2026-07-31)	pending	
7609	crates/backend/utils/adt/varlena/src/replace_regexp.rs	13	excluded-state	p1-lanes (banked by evidence-bank 2026-07-31)	pending	
7610	crates/backend/utils/adt/varlena/src/replace_regexp.rs	14	excluded-state	p1-lanes (banked by evidence-bank 2026-07-31)	pending	
7611	crates/backend/utils/adt/varlena/src/replace_regexp.rs	15	excluded-state	p1-lanes (banked by evidence-bank 2026-07-31)	pending	
7612	crates/backend/utils/adt/varlena/src/replace_regexp.rs	17	excluded-state	p1-lanes (banked by evidence-bank 2026-07-31)	pending	
7613	crates/backend/utils/adt/varlena/src/replace_regexp.rs	22	excluded-state	p1-lanes (banked by evidence-bank 2026-07-31)	pending	
7614	crates/backend/utils/adt/varlena/src/replace_regexp.rs	23	excluded-state	p1-lanes (banked by evidence-bank 2026-07-31)	pending	
7615	crates/backend/utils/adt/varlena/src/replace_regexp.rs	24	excluded-state	p1-lanes (banked by evidence-bank 2026-07-31)	pending	
7616	crates/backend/utils/adt/varlena/src/replace_regexp.rs	25	excluded-state	p1-lanes (banked by evidence-bank 2026-07-31)	pending	
7617	crates/backend/utils/adt/varlena/src/replace_regexp.rs	26	excluded-state	p1-lanes (banked by evidence-bank 2026-07-31)	pending	
7618	crates/backend/utils/adt/varlena/src/replace_regexp.rs	27	excluded-state	p1-lanes (banked by evidence-bank 2026-07-31)	pending	
7619	crates/backend/utils/adt/varlena/src/replace_regexp.rs	28	excluded-state	p1-lanes (banked by evidence-bank 2026-07-31)	pending	
7620	crates/backend/utils/adt/varlena/src/replace_regexp.rs	29	excluded-state	p1-lanes (banked by evidence-bank 2026-07-31)	pending	
7621	crates/backend/utils/adt/varlena/src/replace_regexp.rs	31	excluded-state	p1-lanes (banked by evidence-bank 2026-07-31)	pending	
7622	crates/backend/utils/adt/varlena/src/replace_regexp.rs	32	excluded-state	p1-lanes (banked by evidence-bank 2026-07-31)	pending	
7623	crates/backend/utils/adt/varlena/src/replace_regexp.rs	33	excluded-state	p1-lanes (banked by evidence-bank 2026-07-31)	pending	
7624	crates/backend/utils/adt/varlena/src/replace_regexp.rs	34	excluded-state	p1-lanes (banked by evidence-bank 2026-07-31)	pending	
7625	crates/backend/utils/adt/varlena/src/replace_regexp.rs	35	excluded-state	p1-lanes (banked by evidence-bank 2026-07-31)	pending	
7626	crates/backend/utils/adt/varlena/src/replace_regexp.rs	37	excluded-state	p1-lanes (banked by evidence-bank 2026-07-31)	pending	
7627	crates/backend/utils/adt/varlena/src/replace_regexp.rs	38	excluded-state	p1-lanes (banked by evidence-bank 2026-07-31)	pending	
7628	crates/backend/utils/adt/varlena/src/replace_regexp.rs	41	excluded-state	p1-lanes (banked by evidence-bank 2026-07-31)	pending	
7629	crates/backend/utils/adt/varlena/src/replace_regexp.rs	44	excluded-state	p1-lanes (banked by evidence-bank 2026-07-31)	pending	
7630	crates/backend/utils/adt/varlena/src/replace_regexp.rs	45	excluded-state	p1-lanes (banked by evidence-bank 2026-07-31)	pending	
7631	crates/backend/utils/adt/varlena/src/replace_regexp.rs	46	excluded-state	p1-lanes (banked by evidence-bank 2026-07-31)	pending	
7632	crates/backend/utils/adt/varlena/src/replace_regexp.rs	47	excluded-state	p1-lanes (banked by evidence-bank 2026-07-31)	pending	
7633	crates/backend/utils/adt/varlena/src/replace_regexp.rs	48	excluded-state	p1-lanes (banked by evidence-bank 2026-07-31)	pending	
7634	crates/backend/utils/adt/varlena/src/replace_regexp.rs	49	excluded-state	p1-lanes (banked by evidence-bank 2026-07-31)	pending	
7635	crates/backend/utils/adt/varlena/src/replace_regexp.rs	50	excluded-state	p1-lanes (banked by evidence-bank 2026-07-31)	pending	
7636	crates/backend/utils/adt/varlena/src/replace_regexp.rs	51	excluded-state	p1-lanes (banked by evidence-bank 2026-07-31)	pending	
7637	crates/backend/utils/adt/varlena/src/replace_regexp.rs	52	excluded-state	p1-lanes (banked by evidence-bank 2026-07-31)	pending	
7638	crates/backend/utils/adt/varlena/src/replace_regexp.rs	53	excluded-state	p1-lanes (banked by evidence-bank 2026-07-31)	pending	
7639	crates/backend/utils/adt/varlena/src/replace_regexp.rs	55	excluded-state	p1-lanes (banked by evidence-bank 2026-07-31)	pending	
7640	crates/backend/utils/adt/varlena/src/replace_regexp.rs	56	excluded-state	p1-lanes (banked by evidence-bank 2026-07-31)	pending	
7641	crates/backend/utils/adt/varlena/src/replace_regexp.rs	57	excluded-state	p1-lanes (banked by evidence-bank 2026-07-31)	pending	
7642	crates/backend/utils/adt/varlena/src/replace_regexp.rs	58	excluded-state	p1-lanes (banked by evidence-bank 2026-07-31)	pending	
7643	crates/backend/utils/adt/varlena/src/replace_regexp.rs	59	excluded-state	p1-lanes (banked by evidence-bank 2026-07-31)	pending	
7644	crates/backend/utils/adt/varlena/src/replace_regexp.rs	61	excluded-state	p1-lanes (banked by evidence-bank 2026-07-31)	pending	
7645	crates/backend/utils/adt/varlena/src/replace_regexp.rs	62	excluded-state	p1-lanes (banked by evidence-bank 2026-07-31)	pending	
7646	crates/backend/utils/adt/varlena/src/replace_regexp.rs	64	excluded-state	p1-lanes (banked by evidence-bank 2026-07-31)	pending	
7647	crates/backend/utils/adt/varlena/src/replace_regexp.rs	65	excluded-state	p1-lanes (banked by evidence-bank 2026-07-31)	pending	
7648	crates/backend/utils/adt/varlena/src/replace_regexp.rs	67	excluded-state	p1-lanes (banked by evidence-bank 2026-07-31)	pending	
7649	crates/backend/utils/adt/varlena/src/replace_regexp.rs	68	excluded-state	p1-lanes (banked by evidence-bank 2026-07-31)	pending	
7650	crates/backend/utils/adt/varlena/src/replace_regexp.rs	69	excluded-state	p1-lanes (banked by evidence-bank 2026-07-31)	pending	
7651	crates/backend/utils/adt/varlena/src/replace_regexp.rs	70	excluded-state	p1-lanes (banked by evidence-bank 2026-07-31)	pending	
7652	crates/backend/utils/adt/varlena/src/replace_regexp.rs	73	excluded-state	p1-lanes (banked by evidence-bank 2026-07-31)	pending	
7653	crates/backend/utils/adt/varlena/src/replace_regexp.rs	74	excluded-state	p1-lanes (banked by evidence-bank 2026-07-31)	pending	
7654	crates/backend/utils/adt/varlena/src/replace_regexp.rs	75	excluded-state	p1-lanes (banked by evidence-bank 2026-07-31)	pending	
7655	crates/backend/utils/adt/varlena/src/replace_regexp.rs	76	excluded-state	p1-lanes (banked by evidence-bank 2026-07-31)	pending	
7656	crates/backend/utils/adt/varlena/src/replace_regexp.rs	77	excluded-state	p1-lanes (banked by evidence-bank 2026-07-31)	pending	
7657	crates/backend/utils/adt/varlena/src/replace_regexp.rs	78	excluded-state	p1-lanes (banked by evidence-bank 2026-07-31)	pending	
7658	crates/backend/utils/adt/varlena/src/replace_regexp.rs	79	excluded-state	p1-lanes (banked by evidence-bank 2026-07-31)	pending	
7659	crates/backend/utils/adt/varlena/src/replace_regexp.rs	80	excluded-state	p1-lanes (banked by evidence-bank 2026-07-31)	pending	
7660	crates/backend/utils/adt/varlena/src/replace_regexp.rs	81	excluded-state	p1-lanes (banked by evidence-bank 2026-07-31)	pending	
7661	crates/backend/utils/adt/varlena/src/replace_regexp.rs	82	excluded-state	p1-lanes (banked by evidence-bank 2026-07-31)	pending	
7662	crates/backend/utils/adt/varlena/src/replace_regexp.rs	83	excluded-state	p1-lanes (banked by evidence-bank 2026-07-31)	pending	
7663	crates/backend/utils/adt/varlena/src/replace_regexp.rs	84	excluded-state	p1-lanes (banked by evidence-bank 2026-07-31)	pending	
7664	crates/backend/utils/adt/varlena/src/replace_regexp.rs	85	excluded-state	p1-lanes (banked by evidence-bank 2026-07-31)	pending	
7665	crates/backend/utils/adt/varlena/src/replace_regexp.rs	86	excluded-state	p1-lanes (banked by evidence-bank 2026-07-31)	pending	
7666	crates/backend/utils/adt/varlena/src/replace_regexp.rs	87	excluded-state	p1-lanes (banked by evidence-bank 2026-07-31)	pending	
7667	crates/backend/utils/adt/varlena/src/replace_regexp.rs	88	excluded-state	p1-lanes (banked by evidence-bank 2026-07-31)	pending	
7668	crates/backend/utils/adt/varlena/src/replace_regexp.rs	90	excluded-state	p1-lanes (banked by evidence-bank 2026-07-31)	pending	
7669	crates/backend/utils/adt/varlena/src/replace_regexp.rs	91	excluded-state	p1-lanes (banked by evidence-bank 2026-07-31)	pending	
7670	crates/backend/utils/adt/varlena/src/replace_regexp.rs	94	excluded-state	p1-lanes (banked by evidence-bank 2026-07-31)	pending	
7671	crates/backend/utils/adt/varlena/src/replace_regexp.rs	95	excluded-state	p1-lanes (banked by evidence-bank 2026-07-31)	pending	
7672	crates/backend/utils/adt/varlena/src/replace_regexp.rs	96	excluded-state	p1-lanes (banked by evidence-bank 2026-07-31)	pending	
7673	crates/backend/utils/adt/varlena/src/replace_regexp.rs	97	excluded-state	p1-lanes (banked by evidence-bank 2026-07-31)	pending	
7674	crates/backend/utils/adt/varlena/src/replace_regexp.rs	98	excluded-state	p1-lanes (banked by evidence-bank 2026-07-31)	pending	
7675	crates/backend/utils/adt/varlena/src/replace_regexp.rs	99	excluded-state	p1-lanes (banked by evidence-bank 2026-07-31)	pending	
7676	crates/backend/utils/adt/varlena/src/replace_regexp.rs	100	excluded-state	p1-lanes (banked by evidence-bank 2026-07-31)	pending	
7677	crates/backend/utils/adt/varlena/src/replace_regexp.rs	103	excluded-state	p1-lanes (banked by evidence-bank 2026-07-31)	pending	
7678	crates/backend/utils/adt/varlena/src/replace_regexp.rs	108	excluded-state	p1-lanes (banked by evidence-bank 2026-07-31)	pending	
7679	crates/backend/utils/adt/varlena/src/replace_regexp.rs	109	excluded-state	p1-lanes (banked by evidence-bank 2026-07-31)	pending	
7680	crates/backend/utils/adt/varlena/src/replace_regexp.rs	110	excluded-state	p1-lanes (banked by evidence-bank 2026-07-31)	pending	
7681	crates/backend/utils/adt/varlena/src/replace_regexp.rs	116	excluded-state	p1-lanes (banked by evidence-bank 2026-07-31)	pending	
7682	crates/backend/utils/adt/varlena/src/replace_regexp.rs	117	excluded-state	p1-lanes (banked by evidence-bank 2026-07-31)	pending	
7683	crates/backend/utils/adt/varlena/src/replace_regexp.rs	118	excluded-state	p1-lanes (banked by evidence-bank 2026-07-31)	pending	
7684	crates/backend/utils/adt/varlena/src/replace_regexp.rs	119	excluded-state	p1-lanes (banked by evidence-bank 2026-07-31)	pending	
7685	crates/backend/utils/adt/varlena/src/replace_regexp.rs	120	excluded-state	p1-lanes (banked by evidence-bank 2026-07-31)	pending	
7686	crates/backend/utils/adt/varlena/src/replace_regexp.rs	121	excluded-state	p1-lanes (banked by evidence-bank 2026-07-31)	pending	
7687	crates/backend/utils/adt/varlena/src/replace_regexp.rs	122	excluded-state	p1-lanes (banked by evidence-bank 2026-07-31)	pending	
7688	crates/backend/utils/adt/varlena/src/replace_regexp.rs	123	excluded-state	p1-lanes (banked by evidence-bank 2026-07-31)	pending	
7689	crates/backend/utils/adt/varlena/src/replace_regexp.rs	124	excluded-state	p1-lanes (banked by evidence-bank 2026-07-31)	pending	
7690	crates/backend/utils/adt/varlena/src/replace_regexp.rs	125	excluded-state	p1-lanes (banked by evidence-bank 2026-07-31)	pending	
7691	crates/backend/utils/adt/varlena/src/replace_regexp.rs	130	excluded-state	p1-lanes (banked by evidence-bank 2026-07-31)	pending	
7692	crates/backend/utils/adt/varlena/src/replace_regexp.rs	131	excluded-state	p1-lanes (banked by evidence-bank 2026-07-31)	pending	
7693	crates/backend/utils/adt/varlena/src/replace_regexp.rs	132	excluded-state	p1-lanes (banked by evidence-bank 2026-07-31)	pending	
7694	crates/backend/utils/adt/varlena/src/replace_regexp.rs	133	excluded-state	p1-lanes (banked by evidence-bank 2026-07-31)	pending	
7695	crates/backend/utils/adt/varlena/src/replace_regexp.rs	134	excluded-state	p1-lanes (banked by evidence-bank 2026-07-31)	pending	
7696	crates/backend/utils/adt/varlena/src/replace_regexp.rs	135	excluded-state	p1-lanes (banked by evidence-bank 2026-07-31)	pending	
7697	crates/backend/utils/adt/varlena/src/replace_regexp.rs	136	excluded-state	p1-lanes (banked by evidence-bank 2026-07-31)	pending	
7698	crates/backend/utils/adt/varlena/src/replace_regexp.rs	137	excluded-state	p1-lanes (banked by evidence-bank 2026-07-31)	pending	
7699	crates/backend/utils/adt/varlena/src/replace_regexp.rs	138	excluded-state	p1-lanes (banked by evidence-bank 2026-07-31)	pending	
7700	crates/backend/utils/adt/varlena/src/replace_regexp.rs	143	excluded-state	p1-lanes (banked by evidence-bank 2026-07-31)	pending	
7701	crates/backend/utils/adt/varlena/src/replace_regexp.rs	144	excluded-state	p1-lanes (banked by evidence-bank 2026-07-31)	pending	
7702	crates/backend/utils/adt/varlena/src/replace_regexp.rs	146	excluded-state	p1-lanes (banked by evidence-bank 2026-07-31)	pending	
7703	crates/backend/utils/adt/varlena/src/replace_regexp.rs	147	excluded-state	p1-lanes (banked by evidence-bank 2026-07-31)	pending	
7704	crates/backend/utils/adt/varlena/src/replace_regexp.rs	149	excluded-state	p1-lanes (banked by evidence-bank 2026-07-31)	pending	
7705	crates/backend/utils/adt/varlena/src/replace_regexp.rs	150	excluded-state	p1-lanes (banked by evidence-bank 2026-07-31)	pending	
7706	crates/backend/utils/adt/varlena/src/replace_regexp.rs	152	excluded-state	p1-lanes (banked by evidence-bank 2026-07-31)	pending	
7707	crates/backend/utils/adt/varlena/src/replace_regexp.rs	153	excluded-state	p1-lanes (banked by evidence-bank 2026-07-31)	pending	
7708	crates/backend/utils/adt/varlena/src/replace_regexp.rs	154	excluded-state	p1-lanes (banked by evidence-bank 2026-07-31)	pending	
7709	crates/backend/utils/adt/varlena/src/replace_regexp.rs	155	excluded-state	p1-lanes (banked by evidence-bank 2026-07-31)	pending	
7710	crates/backend/utils/adt/varlena/src/replace_regexp.rs	158	excluded-state	p1-lanes (banked by evidence-bank 2026-07-31)	pending	
7711	crates/backend/utils/adt/varlena/src/replace_regexp.rs	160	excluded-state	p1-lanes (banked by evidence-bank 2026-07-31)	pending	
7712	crates/backend/utils/adt/varlena/src/replace_regexp.rs	161	excluded-state	p1-lanes (banked by evidence-bank 2026-07-31)	pending	
7713	crates/backend/utils/adt/varlena/src/replace_regexp.rs	163	excluded-state	p1-lanes (banked by evidence-bank 2026-07-31)	pending	
7714	crates/backend/utils/adt/varlena/src/replace_regexp.rs	164	excluded-state	p1-lanes (banked by evidence-bank 2026-07-31)	pending	
7715	crates/backend/utils/adt/varlena/src/replace_regexp.rs	166	excluded-state	p1-lanes (banked by evidence-bank 2026-07-31)	pending	
7716	crates/backend/utils/adt/varlena/src/replace_regexp.rs	167	excluded-state	p1-lanes (banked by evidence-bank 2026-07-31)	pending	
7717	crates/backend/utils/adt/varlena/src/replace_regexp.rs	168	excluded-state	p1-lanes (banked by evidence-bank 2026-07-31)	pending	
7718	crates/backend/utils/adt/varlena/src/replace_regexp.rs	169	excluded-state	p1-lanes (banked by evidence-bank 2026-07-31)	pending	
7719	crates/backend/utils/adt/varlena/src/replace_regexp.rs	172	excluded-state	p1-lanes (banked by evidence-bank 2026-07-31)	pending	
7720	crates/backend/utils/adt/varlena/src/replace_regexp.rs	173	excluded-state	p1-lanes (banked by evidence-bank 2026-07-31)	pending	
7721	crates/backend/utils/adt/varlena/src/replace_regexp.rs	174	excluded-state	p1-lanes (banked by evidence-bank 2026-07-31)	pending	
7722	crates/backend/utils/adt/varlena/src/replace_regexp.rs	175	excluded-state	p1-lanes (banked by evidence-bank 2026-07-31)	pending	
7723	crates/backend/utils/adt/varlena/src/replace_regexp.rs	176	excluded-state	p1-lanes (banked by evidence-bank 2026-07-31)	pending	
7724	crates/backend/utils/adt/varlena/src/replace_regexp.rs	178	excluded-state	p1-lanes (banked by evidence-bank 2026-07-31)	pending	
7725	crates/backend/utils/adt/varlena/src/replace_regexp.rs	181	excluded-state	p1-lanes (banked by evidence-bank 2026-07-31)	pending	
7726	crates/backend/utils/adt/varlena/src/replace_regexp.rs	182	excluded-state	p1-lanes (banked by evidence-bank 2026-07-31)	pending	
7727	crates/backend/utils/adt/varlena/src/replace_regexp.rs	183	excluded-state	p1-lanes (banked by evidence-bank 2026-07-31)	pending	
7728	crates/backend/utils/adt/varlena/src/replace_regexp.rs	184	excluded-state	p1-lanes (banked by evidence-bank 2026-07-31)	pending	
7729	crates/backend/utils/adt/varlena/src/replace_regexp.rs	185	excluded-state	p1-lanes (banked by evidence-bank 2026-07-31)	pending	
7730	crates/backend/utils/adt/varlena/src/replace_regexp.rs	186	excluded-state	p1-lanes (banked by evidence-bank 2026-07-31)	pending	
7731	crates/backend/utils/adt/varlena/src/replace_regexp.rs	189	excluded-state	p1-lanes (banked by evidence-bank 2026-07-31)	pending	
7732	crates/backend/utils/adt/varlena/src/replace_regexp.rs	190	excluded-state	p1-lanes (banked by evidence-bank 2026-07-31)	pending	
7733	crates/backend/utils/adt/varlena/src/replace_regexp.rs	192	excluded-state	p1-lanes (banked by evidence-bank 2026-07-31)	pending	
7734	crates/backend/utils/adt/varlena/src/replace_regexp.rs	195	excluded-state	p1-lanes (banked by evidence-bank 2026-07-31)	pending	
7735	crates/backend/utils/adt/varlena/src/replace_regexp.rs	196	excluded-state	p1-lanes (banked by evidence-bank 2026-07-31)	pending	
7736	crates/backend/utils/adt/varlena/src/replace_regexp.rs	197	excluded-state	p1-lanes (banked by evidence-bank 2026-07-31)	pending	
7737	crates/backend/utils/adt/varlena/src/replace_regexp.rs	199	excluded-state	p1-lanes (banked by evidence-bank 2026-07-31)	pending	
7738	crates/backend/utils/adt/varlena/src/replace_regexp.rs	200	excluded-state	p1-lanes (banked by evidence-bank 2026-07-31)	pending	
7739	crates/backend/utils/adt/varlena/src/replace_regexp.rs	203	excluded-state	p1-lanes (banked by evidence-bank 2026-07-31)	pending	
7740	crates/backend/utils/adt/varlena/src/replace_regexp.rs	204	excluded-state	p1-lanes (banked by evidence-bank 2026-07-31)	pending	
7741	crates/backend/utils/adt/varlena/src/replace_regexp.rs	205	excluded-state	p1-lanes (banked by evidence-bank 2026-07-31)	pending	
7742	crates/backend/utils/adt/varlena/src/replace_regexp.rs	209	excluded-state	p1-lanes (banked by evidence-bank 2026-07-31)	pending	
7743	crates/backend/utils/adt/varlena/src/replace_regexp.rs	210	excluded-state	p1-lanes (banked by evidence-bank 2026-07-31)	pending	
7744	crates/backend/utils/adt/varlena/src/replace_regexp.rs	213	excluded-state	p1-lanes (banked by evidence-bank 2026-07-31)	pending	
7745	crates/backend/utils/adt/varlena/src/concat_format.rs	33	excluded-state	p1-lanes (banked by evidence-bank 2026-07-31)	pending	
7746	crates/backend/utils/adt/varlena/src/concat_format.rs	34	excluded-state	p1-lanes (banked by evidence-bank 2026-07-31)	pending	
7747	crates/backend/utils/adt/varlena/src/concat_format.rs	35	excluded-state	p1-lanes (banked by evidence-bank 2026-07-31)	pending	
7748	crates/backend/utils/adt/varlena/src/concat_format.rs	36	excluded-state	p1-lanes (banked by evidence-bank 2026-07-31)	pending	
7749	crates/backend/utils/adt/varlena/src/concat_format.rs	37	excluded-state	p1-lanes (banked by evidence-bank 2026-07-31)	pending	
7750	crates/backend/utils/adt/varlena/src/concat_format.rs	44	excluded-state	p1-lanes (banked by evidence-bank 2026-07-31)	pending	
7751	crates/backend/utils/adt/varlena/src/concat_format.rs	45	excluded-state	p1-lanes (banked by evidence-bank 2026-07-31)	pending	
7752	crates/backend/utils/adt/varlena/src/concat_format.rs	46	excluded-state	p1-lanes (banked by evidence-bank 2026-07-31)	pending	
7753	crates/backend/utils/adt/varlena/src/concat_format.rs	53	excluded-state	p1-lanes (banked by evidence-bank 2026-07-31)	pending	
7754	crates/backend/utils/adt/varlena/src/concat_format.rs	54	excluded-state	p1-lanes (banked by evidence-bank 2026-07-31)	pending	
7755	crates/backend/utils/adt/varlena/src/concat_format.rs	55	excluded-state	p1-lanes (banked by evidence-bank 2026-07-31)	pending	
7756	crates/backend/utils/adt/varlena/src/concat_format.rs	56	excluded-state	p1-lanes (banked by evidence-bank 2026-07-31)	pending	
7757	crates/backend/utils/adt/varlena/src/concat_format.rs	63	excluded-state	p1-lanes (banked by evidence-bank 2026-07-31)	pending	
7758	crates/backend/utils/adt/varlena/src/concat_format.rs	64	excluded-state	p1-lanes (banked by evidence-bank 2026-07-31)	pending	
7759	crates/backend/utils/adt/varlena/src/concat_format.rs	65	excluded-state	p1-lanes (banked by evidence-bank 2026-07-31)	pending	
7760	crates/backend/utils/adt/varlena/src/concat_format.rs	66	excluded-state	p1-lanes (banked by evidence-bank 2026-07-31)	pending	
7761	crates/backend/utils/adt/varlena/src/concat_format.rs	73	excluded-state	p1-lanes (banked by evidence-bank 2026-07-31)	pending	
7762	crates/backend/utils/adt/varlena/src/concat_format.rs	74	excluded-state	p1-lanes (banked by evidence-bank 2026-07-31)	pending	
7763	crates/backend/utils/adt/varlena/src/concat_format.rs	75	excluded-state	p1-lanes (banked by evidence-bank 2026-07-31)	pending	
7764	crates/backend/utils/adt/varlena/src/concat_format.rs	76	excluded-state	p1-lanes (banked by evidence-bank 2026-07-31)	pending	
7765	crates/backend/utils/adt/varlena/src/concat_format.rs	83	excluded-state	p1-lanes (banked by evidence-bank 2026-07-31)	pending	
7766	crates/backend/utils/adt/varlena/src/concat_format.rs	84	excluded-state	p1-lanes (banked by evidence-bank 2026-07-31)	pending	
7767	crates/backend/utils/adt/varlena/src/concat_format.rs	85	excluded-state	p1-lanes (banked by evidence-bank 2026-07-31)	pending	
7768	crates/backend/utils/adt/varlena/src/concat_format.rs	86	excluded-state	p1-lanes (banked by evidence-bank 2026-07-31)	pending	
7769	crates/backend/utils/adt/varlena/src/concat_format.rs	87	excluded-state	p1-lanes (banked by evidence-bank 2026-07-31)	pending	
7770	crates/backend/utils/adt/varlena/src/concat_format.rs	89	excluded-state	p1-lanes (banked by evidence-bank 2026-07-31)	pending	
7771	crates/backend/utils/adt/varlena/src/concat_format.rs	90	excluded-state	p1-lanes (banked by evidence-bank 2026-07-31)	pending	
7772	crates/backend/utils/adt/varlena/src/concat_format.rs	91	excluded-state	p1-lanes (banked by evidence-bank 2026-07-31)	pending	
7773	crates/backend/utils/adt/varlena/src/concat_format.rs	92	excluded-state	p1-lanes (banked by evidence-bank 2026-07-31)	pending	
7774	crates/backend/utils/adt/varlena/src/concat_format.rs	93	excluded-state	p1-lanes (banked by evidence-bank 2026-07-31)	pending	
7775	crates/backend/utils/adt/varlena/src/concat_format.rs	95	excluded-state	p1-lanes (banked by evidence-bank 2026-07-31)	pending	
7776	crates/backend/utils/adt/varlena/src/concat_format.rs	97	excluded-state	p1-lanes (banked by evidence-bank 2026-07-31)	pending	
7777	crates/backend/utils/adt/varlena/src/concat_format.rs	98	excluded-state	p1-lanes (banked by evidence-bank 2026-07-31)	pending	
7778	crates/backend/utils/adt/varlena/src/concat_format.rs	99	excluded-state	p1-lanes (banked by evidence-bank 2026-07-31)	pending	
7779	crates/backend/utils/adt/varlena/src/concat_format.rs	100	excluded-state	p1-lanes (banked by evidence-bank 2026-07-31)	pending	
7780	crates/backend/utils/adt/varlena/src/concat_format.rs	107	excluded-state	p1-lanes (banked by evidence-bank 2026-07-31)	pending	
7781	crates/backend/utils/adt/varlena/src/concat_format.rs	108	excluded-state	p1-lanes (banked by evidence-bank 2026-07-31)	pending	
7782	crates/backend/utils/adt/varlena/src/concat_format.rs	109	excluded-state	p1-lanes (banked by evidence-bank 2026-07-31)	pending	
7783	crates/backend/utils/adt/varlena/src/concat_format.rs	110	excluded-state	p1-lanes (banked by evidence-bank 2026-07-31)	pending	
7784	crates/backend/utils/adt/varlena/src/concat_format.rs	117	excluded-state	p1-lanes (banked by evidence-bank 2026-07-31)	pending	
7785	crates/backend/utils/adt/varlena/src/concat_format.rs	118	excluded-state	p1-lanes (banked by evidence-bank 2026-07-31)	pending	
7786	crates/backend/utils/adt/varlena/src/concat_format.rs	121	excluded-state	p1-lanes (banked by evidence-bank 2026-07-31)	pending	
7787	crates/backend/utils/adt/varlena/src/concat_format.rs	122	excluded-state	p1-lanes (banked by evidence-bank 2026-07-31)	pending	
7788	crates/backend/utils/adt/varlena/src/concat_format.rs	125	excluded-state	p1-lanes (banked by evidence-bank 2026-07-31)	pending	
7789	crates/backend/utils/adt/varlena/src/concat_format.rs	128	excluded-state	p1-lanes (banked by evidence-bank 2026-07-31)	pending	
7790	crates/backend/utils/adt/varlena/src/concat_format.rs	129	excluded-state	p1-lanes (banked by evidence-bank 2026-07-31)	pending	
7791	crates/backend/utils/adt/varlena/src/concat_format.rs	130	excluded-state	p1-lanes (banked by evidence-bank 2026-07-31)	pending	
7792	crates/backend/utils/adt/varlena/src/concat_format.rs	131	excluded-state	p1-lanes (banked by evidence-bank 2026-07-31)	pending	
7793	crates/backend/utils/adt/varlena/src/concat_format.rs	132	excluded-state	p1-lanes (banked by evidence-bank 2026-07-31)	pending	
7794	crates/backend/utils/adt/varlena/src/concat_format.rs	134	excluded-state	p1-lanes (banked by evidence-bank 2026-07-31)	pending	
7795	crates/backend/utils/adt/varlena/src/concat_format.rs	135	excluded-state	p1-lanes (banked by evidence-bank 2026-07-31)	pending	
7796	crates/backend/utils/adt/varlena/src/concat_format.rs	136	excluded-state	p1-lanes (banked by evidence-bank 2026-07-31)	pending	
7797	crates/backend/utils/adt/varlena/src/concat_format.rs	138	excluded-state	p1-lanes (banked by evidence-bank 2026-07-31)	pending	
7798	crates/backend/utils/adt/varlena/src/concat_format.rs	141	excluded-state	p1-lanes (banked by evidence-bank 2026-07-31)	pending	
7799	crates/backend/utils/adt/varlena/src/concat_format.rs	142	excluded-state	p1-lanes (banked by evidence-bank 2026-07-31)	pending	
7800	crates/backend/utils/adt/varlena/src/concat_format.rs	143	excluded-state	p1-lanes (banked by evidence-bank 2026-07-31)	pending	
7801	crates/backend/utils/adt/varlena/src/concat_format.rs	144	excluded-state	p1-lanes (banked by evidence-bank 2026-07-31)	pending	
7802	crates/backend/utils/adt/varlena/src/concat_format.rs	145	excluded-state	p1-lanes (banked by evidence-bank 2026-07-31)	pending	
7803	crates/backend/utils/adt/varlena/src/concat_format.rs	146	excluded-state	p1-lanes (banked by evidence-bank 2026-07-31)	pending	
7804	crates/backend/utils/adt/varlena/src/concat_format.rs	147	excluded-state	p1-lanes (banked by evidence-bank 2026-07-31)	pending	
7805	crates/backend/utils/adt/varlena/src/concat_format.rs	149	excluded-state	p1-lanes (banked by evidence-bank 2026-07-31)	pending	
7806	crates/backend/utils/adt/varlena/src/concat_format.rs	150	excluded-state	p1-lanes (banked by evidence-bank 2026-07-31)	pending	
7807	crates/backend/utils/adt/varlena/src/concat_format.rs	151	excluded-state	p1-lanes (banked by evidence-bank 2026-07-31)	pending	
7808	crates/backend/utils/adt/varlena/src/concat_format.rs	152	excluded-state	p1-lanes (banked by evidence-bank 2026-07-31)	pending	
7809	crates/backend/utils/adt/varlena/src/concat_format.rs	153	excluded-state	p1-lanes (banked by evidence-bank 2026-07-31)	pending	
7810	crates/backend/utils/adt/varlena/src/concat_format.rs	155	excluded-state	p1-lanes (banked by evidence-bank 2026-07-31)	pending	
7811	crates/backend/utils/adt/varlena/src/concat_format.rs	160	excluded-state	p1-lanes (banked by evidence-bank 2026-07-31)	pending	
7812	crates/backend/utils/adt/varlena/src/concat_format.rs	161	excluded-state	p1-lanes (banked by evidence-bank 2026-07-31)	pending	
7813	crates/backend/utils/adt/varlena/src/concat_format.rs	162	excluded-state	p1-lanes (banked by evidence-bank 2026-07-31)	pending	
7814	crates/backend/utils/adt/varlena/src/concat_format.rs	163	excluded-state	p1-lanes (banked by evidence-bank 2026-07-31)	pending	
7815	crates/backend/utils/adt/varlena/src/concat_format.rs	164	excluded-state	p1-lanes (banked by evidence-bank 2026-07-31)	pending	
7816	crates/backend/utils/adt/varlena/src/concat_format.rs	165	excluded-state	p1-lanes (banked by evidence-bank 2026-07-31)	pending	
7817	crates/backend/utils/adt/varlena/src/concat_format.rs	166	excluded-state	p1-lanes (banked by evidence-bank 2026-07-31)	pending	
7818	crates/backend/utils/adt/varlena/src/concat_format.rs	167	excluded-state	p1-lanes (banked by evidence-bank 2026-07-31)	pending	
7819	crates/backend/utils/adt/varlena/src/concat_format.rs	168	excluded-state	p1-lanes (banked by evidence-bank 2026-07-31)	pending	
7820	crates/backend/utils/adt/varlena/src/concat_format.rs	169	excluded-state	p1-lanes (banked by evidence-bank 2026-07-31)	pending	
7821	crates/backend/utils/adt/varlena/src/concat_format.rs	170	excluded-state	p1-lanes (banked by evidence-bank 2026-07-31)	pending	
7822	crates/backend/utils/adt/varlena/src/concat_format.rs	171	excluded-state	p1-lanes (banked by evidence-bank 2026-07-31)	pending	
7823	crates/backend/utils/adt/varlena/src/concat_format.rs	172	excluded-state	p1-lanes (banked by evidence-bank 2026-07-31)	pending	
7824	crates/backend/utils/adt/varlena/src/concat_format.rs	173	excluded-state	p1-lanes (banked by evidence-bank 2026-07-31)	pending	
7825	crates/backend/utils/adt/varlena/src/concat_format.rs	174	excluded-state	p1-lanes (banked by evidence-bank 2026-07-31)	pending	
7826	crates/backend/utils/adt/varlena/src/concat_format.rs	175	excluded-state	p1-lanes (banked by evidence-bank 2026-07-31)	pending	
7827	crates/backend/utils/adt/varlena/src/concat_format.rs	176	excluded-state	p1-lanes (banked by evidence-bank 2026-07-31)	pending	
7828	crates/backend/utils/adt/varlena/src/concat_format.rs	177	excluded-state	p1-lanes (banked by evidence-bank 2026-07-31)	pending	
7829	crates/backend/utils/adt/varlena/src/concat_format.rs	178	excluded-state	p1-lanes (banked by evidence-bank 2026-07-31)	pending	
7830	crates/backend/utils/adt/varlena/src/concat_format.rs	179	excluded-state	p1-lanes (banked by evidence-bank 2026-07-31)	pending	
7831	crates/backend/utils/adt/varlena/src/concat_format.rs	180	excluded-state	p1-lanes (banked by evidence-bank 2026-07-31)	pending	
7832	crates/backend/utils/adt/varlena/src/concat_format.rs	182	excluded-state	p1-lanes (banked by evidence-bank 2026-07-31)	pending	
7833	crates/backend/utils/adt/varlena/src/concat_format.rs	183	excluded-state	p1-lanes (banked by evidence-bank 2026-07-31)	pending	
7834	crates/backend/utils/adt/varlena/src/concat_format.rs	185	excluded-state	p1-lanes (banked by evidence-bank 2026-07-31)	pending	
7835	crates/backend/utils/adt/varlena/src/concat_format.rs	187	excluded-state	p1-lanes (banked by evidence-bank 2026-07-31)	pending	
7836	crates/backend/utils/adt/varlena/src/concat_format.rs	188	excluded-state	p1-lanes (banked by evidence-bank 2026-07-31)	pending	
7837	crates/backend/utils/adt/varlena/src/concat_format.rs	190	excluded-state	p1-lanes (banked by evidence-bank 2026-07-31)	pending	
7838	crates/backend/utils/adt/varlena/src/concat_format.rs	195	excluded-state	p1-lanes (banked by evidence-bank 2026-07-31)	pending	
7839	crates/backend/utils/adt/varlena/src/concat_format.rs	196	excluded-state	p1-lanes (banked by evidence-bank 2026-07-31)	pending	
7840	crates/backend/utils/adt/varlena/src/concat_format.rs	197	excluded-state	p1-lanes (banked by evidence-bank 2026-07-31)	pending	
7841	crates/backend/utils/adt/varlena/src/concat_format.rs	198	excluded-state	p1-lanes (banked by evidence-bank 2026-07-31)	pending	
7842	crates/backend/utils/adt/varlena/src/concat_format.rs	199	excluded-state	p1-lanes (banked by evidence-bank 2026-07-31)	pending	
7843	crates/backend/utils/adt/varlena/src/concat_format.rs	200	excluded-state	p1-lanes (banked by evidence-bank 2026-07-31)	pending	
7844	crates/backend/utils/adt/varlena/src/concat_format.rs	201	excluded-state	p1-lanes (banked by evidence-bank 2026-07-31)	pending	
7845	crates/backend/utils/adt/varlena/src/concat_format.rs	203	excluded-state	p1-lanes (banked by evidence-bank 2026-07-31)	pending	
7846	crates/backend/utils/adt/varlena/src/concat_format.rs	204	excluded-state	p1-lanes (banked by evidence-bank 2026-07-31)	pending	
7847	crates/backend/utils/adt/varlena/src/concat_format.rs	205	excluded-state	p1-lanes (banked by evidence-bank 2026-07-31)	pending	
7848	crates/backend/utils/adt/varlena/src/concat_format.rs	206	excluded-state	p1-lanes (banked by evidence-bank 2026-07-31)	pending	
7849	crates/backend/utils/adt/varlena/src/concat_format.rs	208	excluded-state	p1-lanes (banked by evidence-bank 2026-07-31)	pending	
7850	crates/backend/utils/adt/varlena/src/concat_format.rs	209	excluded-state	p1-lanes (banked by evidence-bank 2026-07-31)	pending	
7851	crates/backend/utils/adt/varlena/src/concat_format.rs	210	excluded-state	p1-lanes (banked by evidence-bank 2026-07-31)	pending	
7852	crates/backend/utils/adt/varlena/src/concat_format.rs	213	excluded-state	p1-lanes (banked by evidence-bank 2026-07-31)	pending	
7853	crates/backend/utils/adt/varlena/src/concat_format.rs	214	excluded-state	p1-lanes (banked by evidence-bank 2026-07-31)	pending	
7854	crates/backend/utils/adt/varlena/src/concat_format.rs	215	excluded-state	p1-lanes (banked by evidence-bank 2026-07-31)	pending	
7855	crates/backend/utils/adt/varlena/src/concat_format.rs	216	excluded-state	p1-lanes (banked by evidence-bank 2026-07-31)	pending	
7856	crates/backend/utils/adt/varlena/src/concat_format.rs	217	excluded-state	p1-lanes (banked by evidence-bank 2026-07-31)	pending	
7857	crates/backend/utils/adt/varlena/src/concat_format.rs	218	excluded-state	p1-lanes (banked by evidence-bank 2026-07-31)	pending	
7858	crates/backend/utils/adt/varlena/src/concat_format.rs	220	excluded-state	p1-lanes (banked by evidence-bank 2026-07-31)	pending	
7859	crates/backend/utils/adt/varlena/src/concat_format.rs	221	excluded-state	p1-lanes (banked by evidence-bank 2026-07-31)	pending	
7860	crates/backend/utils/adt/varlena/src/concat_format.rs	223	excluded-state	p1-lanes (banked by evidence-bank 2026-07-31)	pending	
7861	crates/backend/utils/adt/varlena/src/concat_format.rs	225	excluded-state	p1-lanes (banked by evidence-bank 2026-07-31)	pending	
7862	crates/backend/utils/adt/varlena/src/concat_format.rs	227	excluded-state	p1-lanes (banked by evidence-bank 2026-07-31)	pending	
7863	crates/backend/utils/adt/varlena/src/concat_format.rs	228	excluded-state	p1-lanes (banked by evidence-bank 2026-07-31)	pending	
7864	crates/backend/utils/adt/varlena/src/concat_format.rs	229	excluded-state	p1-lanes (banked by evidence-bank 2026-07-31)	pending	
7865	crates/backend/utils/adt/varlena/src/concat_format.rs	230	excluded-state	p1-lanes (banked by evidence-bank 2026-07-31)	pending	
7866	crates/backend/utils/adt/varlena/src/concat_format.rs	231	excluded-state	p1-lanes (banked by evidence-bank 2026-07-31)	pending	
7867	crates/backend/utils/adt/varlena/src/concat_format.rs	232	excluded-state	p1-lanes (banked by evidence-bank 2026-07-31)	pending	
7868	crates/backend/utils/adt/varlena/src/concat_format.rs	234	excluded-state	p1-lanes (banked by evidence-bank 2026-07-31)	pending	
7869	crates/backend/utils/adt/varlena/src/concat_format.rs	235	excluded-state	p1-lanes (banked by evidence-bank 2026-07-31)	pending	
7870	crates/backend/utils/adt/varlena/src/concat_format.rs	237	excluded-state	p1-lanes (banked by evidence-bank 2026-07-31)	pending	
7871	crates/backend/utils/adt/varlena/src/concat_format.rs	239	excluded-state	p1-lanes (banked by evidence-bank 2026-07-31)	pending	
7872	crates/backend/utils/adt/varlena/src/concat_format.rs	240	excluded-state	p1-lanes (banked by evidence-bank 2026-07-31)	pending	
7873	crates/backend/utils/adt/varlena/src/concat_format.rs	242	excluded-state	p1-lanes (banked by evidence-bank 2026-07-31)	pending	
7874	crates/backend/utils/adt/varlena/src/concat_format.rs	245	excluded-state	p1-lanes (banked by evidence-bank 2026-07-31)	pending	
7875	crates/backend/utils/adt/varlena/src/concat_format.rs	246	excluded-state	p1-lanes (banked by evidence-bank 2026-07-31)	pending	
7876	crates/backend/utils/adt/varlena/src/concat_format.rs	247	excluded-state	p1-lanes (banked by evidence-bank 2026-07-31)	pending	
7877	crates/backend/utils/adt/varlena/src/concat_format.rs	248	excluded-state	p1-lanes (banked by evidence-bank 2026-07-31)	pending	
7878	crates/backend/utils/adt/varlena/src/concat_format.rs	249	excluded-state	p1-lanes (banked by evidence-bank 2026-07-31)	pending	
7879	crates/backend/utils/adt/varlena/src/concat_format.rs	253	excluded-state	p1-lanes (banked by evidence-bank 2026-07-31)	pending	
7880	crates/backend/utils/adt/varlena/src/concat_format.rs	254	excluded-state	p1-lanes (banked by evidence-bank 2026-07-31)	pending	
7881	crates/backend/utils/adt/varlena/src/concat_format.rs	255	excluded-state	p1-lanes (banked by evidence-bank 2026-07-31)	pending	
7882	crates/backend/utils/adt/varlena/src/concat_format.rs	256	excluded-state	p1-lanes (banked by evidence-bank 2026-07-31)	pending	
7883	crates/backend/utils/adt/varlena/src/concat_format.rs	258	excluded-state	p1-lanes (banked by evidence-bank 2026-07-31)	pending	
7884	crates/backend/utils/adt/varlena/src/concat_format.rs	260	excluded-state	p1-lanes (banked by evidence-bank 2026-07-31)	pending	
7885	crates/backend/utils/adt/varlena/src/concat_format.rs	261	excluded-state	p1-lanes (banked by evidence-bank 2026-07-31)	pending	
7886	crates/backend/utils/adt/varlena/src/concat_format.rs	263	excluded-state	p1-lanes (banked by evidence-bank 2026-07-31)	pending	
7887	crates/backend/utils/adt/varlena/src/concat_format.rs	264	excluded-state	p1-lanes (banked by evidence-bank 2026-07-31)	pending	
7888	crates/backend/utils/adt/varlena/src/concat_format.rs	265	excluded-state	p1-lanes (banked by evidence-bank 2026-07-31)	pending	
7889	crates/backend/utils/adt/varlena/src/concat_format.rs	277	excluded-state	p1-lanes (banked by evidence-bank 2026-07-31)	pending	
7890	crates/backend/utils/adt/varlena/src/concat_format.rs	278	excluded-state	p1-lanes (banked by evidence-bank 2026-07-31)	pending	
7891	crates/backend/utils/adt/varlena/src/concat_format.rs	281	excluded-state	p1-lanes (banked by evidence-bank 2026-07-31)	pending	
7892	crates/backend/utils/adt/varlena/src/concat_format.rs	282	excluded-state	p1-lanes (banked by evidence-bank 2026-07-31)	pending	
7893	crates/backend/utils/adt/varlena/src/concat_format.rs	283	excluded-state	p1-lanes (banked by evidence-bank 2026-07-31)	pending	
7894	crates/backend/utils/adt/varlena/src/concat_format.rs	284	excluded-state	p1-lanes (banked by evidence-bank 2026-07-31)	pending	
7895	crates/backend/utils/adt/varlena/src/concat_format.rs	286	excluded-state	p1-lanes (banked by evidence-bank 2026-07-31)	pending	
7896	crates/backend/utils/adt/varlena/src/concat_format.rs	290	excluded-state	p1-lanes (banked by evidence-bank 2026-07-31)	pending	
7897	crates/backend/utils/adt/varlena/src/concat_format.rs	291	excluded-state	p1-lanes (banked by evidence-bank 2026-07-31)	pending	
7898	crates/backend/utils/adt/varlena/src/concat_format.rs	292	excluded-state	p1-lanes (banked by evidence-bank 2026-07-31)	pending	
7899	crates/backend/utils/adt/varlena/src/concat_format.rs	293	excluded-state	p1-lanes (banked by evidence-bank 2026-07-31)	pending	
7900	crates/backend/utils/adt/varlena/src/concat_format.rs	294	excluded-state	p1-lanes (banked by evidence-bank 2026-07-31)	pending	
7901	crates/backend/utils/adt/varlena/src/concat_format.rs	295	excluded-state	p1-lanes (banked by evidence-bank 2026-07-31)	pending	
7902	crates/backend/utils/adt/varlena/src/concat_format.rs	296	excluded-state	p1-lanes (banked by evidence-bank 2026-07-31)	pending	
7903	crates/backend/utils/adt/varlena/src/concat_format.rs	297	excluded-state	p1-lanes (banked by evidence-bank 2026-07-31)	pending	
7904	crates/backend/utils/adt/varlena/src/concat_format.rs	298	excluded-state	p1-lanes (banked by evidence-bank 2026-07-31)	pending	
7905	crates/backend/utils/adt/varlena/src/concat_format.rs	300	excluded-state	p1-lanes (banked by evidence-bank 2026-07-31)	pending	
7906	crates/backend/utils/adt/varlena/src/concat_format.rs	301	excluded-state	p1-lanes (banked by evidence-bank 2026-07-31)	pending	
7907	crates/backend/utils/adt/varlena/src/concat_format.rs	303	excluded-state	p1-lanes (banked by evidence-bank 2026-07-31)	pending	
7908	crates/backend/utils/adt/varlena/src/concat_format.rs	307	excluded-state	p1-lanes (banked by evidence-bank 2026-07-31)	pending	
7909	crates/backend/utils/adt/varlena/src/concat_format.rs	308	excluded-state	p1-lanes (banked by evidence-bank 2026-07-31)	pending	
7910	crates/backend/utils/adt/varlena/src/concat_format.rs	309	excluded-state	p1-lanes (banked by evidence-bank 2026-07-31)	pending	
7911	crates/backend/utils/adt/varlena/src/concat_format.rs	311	excluded-state	p1-lanes (banked by evidence-bank 2026-07-31)	pending	
7912	crates/backend/utils/adt/varlena/src/concat_format.rs	312	excluded-state	p1-lanes (banked by evidence-bank 2026-07-31)	pending	
7913	crates/backend/utils/adt/varlena/src/concat_format.rs	313	excluded-state	p1-lanes (banked by evidence-bank 2026-07-31)	pending	
7914	crates/backend/utils/adt/varlena/src/concat_format.rs	314	excluded-state	p1-lanes (banked by evidence-bank 2026-07-31)	pending	
7915	crates/backend/utils/adt/varlena/src/concat_format.rs	315	excluded-state	p1-lanes (banked by evidence-bank 2026-07-31)	pending	
7916	crates/backend/utils/adt/varlena/src/concat_format.rs	316	excluded-state	p1-lanes (banked by evidence-bank 2026-07-31)	pending	
7917	crates/backend/utils/adt/varlena/src/concat_format.rs	318	excluded-state	p1-lanes (banked by evidence-bank 2026-07-31)	pending	
7918	crates/backend/utils/adt/varlena/src/concat_format.rs	319	excluded-state	p1-lanes (banked by evidence-bank 2026-07-31)	pending	
7919	crates/backend/utils/adt/varlena/src/concat_format.rs	320	excluded-state	p1-lanes (banked by evidence-bank 2026-07-31)	pending	
7920	crates/backend/utils/adt/varlena/src/concat_format.rs	322	excluded-state	p1-lanes (banked by evidence-bank 2026-07-31)	pending	
7921	crates/backend/utils/adt/varlena/src/concat_format.rs	325	excluded-state	p1-lanes (banked by evidence-bank 2026-07-31)	pending	
7922	crates/backend/utils/adt/varlena/src/concat_format.rs	326	excluded-state	p1-lanes (banked by evidence-bank 2026-07-31)	pending	
7923	crates/backend/utils/adt/varlena/src/concat_format.rs	327	excluded-state	p1-lanes (banked by evidence-bank 2026-07-31)	pending	
7924	crates/backend/utils/adt/varlena/src/concat_format.rs	330	excluded-state	p1-lanes (banked by evidence-bank 2026-07-31)	pending	
7925	crates/backend/utils/adt/varlena/src/concat_format.rs	331	excluded-state	p1-lanes (banked by evidence-bank 2026-07-31)	pending	
7926	crates/backend/utils/adt/varlena/src/concat_format.rs	332	excluded-state	p1-lanes (banked by evidence-bank 2026-07-31)	pending	
7927	crates/backend/utils/adt/varlena/src/concat_format.rs	333	excluded-state	p1-lanes (banked by evidence-bank 2026-07-31)	pending	
7928	crates/backend/utils/adt/varlena/src/concat_format.rs	334	excluded-state	p1-lanes (banked by evidence-bank 2026-07-31)	pending	
7929	crates/backend/utils/adt/varlena/src/concat_format.rs	335	excluded-state	p1-lanes (banked by evidence-bank 2026-07-31)	pending	
7930	crates/backend/utils/adt/varlena/src/concat_format.rs	336	excluded-state	p1-lanes (banked by evidence-bank 2026-07-31)	pending	
7931	crates/backend/utils/adt/varlena/src/concat_format.rs	338	excluded-state	p1-lanes (banked by evidence-bank 2026-07-31)	pending	
7932	crates/backend/utils/adt/varlena/src/concat_format.rs	339	excluded-state	p1-lanes (banked by evidence-bank 2026-07-31)	pending	
7933	crates/backend/utils/adt/varlena/src/concat_format.rs	340	excluded-state	p1-lanes (banked by evidence-bank 2026-07-31)	pending	
7934	crates/backend/utils/adt/varlena/src/concat_format.rs	342	excluded-state	p1-lanes (banked by evidence-bank 2026-07-31)	pending	
7935	crates/backend/utils/adt/varlena/src/concat_format.rs	344	excluded-state	p1-lanes (banked by evidence-bank 2026-07-31)	pending	
7936	crates/backend/utils/adt/varlena/src/concat_format.rs	347	excluded-state	p1-lanes (banked by evidence-bank 2026-07-31)	pending	
7937	crates/backend/utils/adt/varlena/src/concat_format.rs	348	excluded-state	p1-lanes (banked by evidence-bank 2026-07-31)	pending	
7938	crates/backend/utils/adt/varlena/src/concat_format.rs	349	excluded-state	p1-lanes (banked by evidence-bank 2026-07-31)	pending	
7939	crates/backend/utils/adt/varlena/src/concat_format.rs	350	excluded-state	p1-lanes (banked by evidence-bank 2026-07-31)	pending	
7940	crates/backend/utils/adt/varlena/src/concat_format.rs	353	excluded-state	p1-lanes (banked by evidence-bank 2026-07-31)	pending	
7941	crates/backend/utils/adt/varlena/src/concat_format.rs	358	excluded-state	p1-lanes (banked by evidence-bank 2026-07-31)	pending	
7942	crates/backend/utils/adt/varlena/src/concat_format.rs	359	excluded-state	p1-lanes (banked by evidence-bank 2026-07-31)	pending	
7943	crates/backend/utils/adt/varlena/src/concat_format.rs	360	excluded-state	p1-lanes (banked by evidence-bank 2026-07-31)	pending	
7944	crates/backend/utils/adt/varlena/src/concat_format.rs	362	excluded-state	p1-lanes (banked by evidence-bank 2026-07-31)	pending	
7945	crates/backend/utils/adt/varlena/src/concat_format.rs	363	excluded-state	p1-lanes (banked by evidence-bank 2026-07-31)	pending	
7946	crates/backend/utils/adt/varlena/src/concat_format.rs	364	excluded-state	p1-lanes (banked by evidence-bank 2026-07-31)	pending	
7947	crates/backend/utils/adt/varlena/src/concat_format.rs	365	excluded-state	p1-lanes (banked by evidence-bank 2026-07-31)	pending	
7948	crates/backend/utils/adt/varlena/src/concat_format.rs	367	excluded-state	p1-lanes (banked by evidence-bank 2026-07-31)	pending	
7949	crates/backend/utils/adt/varlena/src/concat_format.rs	369	excluded-state	p1-lanes (banked by evidence-bank 2026-07-31)	pending	
7950	crates/backend/utils/adt/varlena/src/concat_format.rs	373	excluded-state	p1-lanes (banked by evidence-bank 2026-07-31)	pending	
7951	crates/backend/utils/adt/varlena/src/concat_format.rs	374	excluded-state	p1-lanes (banked by evidence-bank 2026-07-31)	pending	
7952	crates/backend/utils/adt/varlena/src/concat_format.rs	375	excluded-state	p1-lanes (banked by evidence-bank 2026-07-31)	pending	
7953	crates/backend/utils/adt/varlena/src/concat_format.rs	377	excluded-state	p1-lanes (banked by evidence-bank 2026-07-31)	pending	
7954	crates/backend/utils/adt/varlena/src/concat_format.rs	378	excluded-state	p1-lanes (banked by evidence-bank 2026-07-31)	pending	
7955	crates/backend/utils/adt/varlena/src/concat_format.rs	379	excluded-state	p1-lanes (banked by evidence-bank 2026-07-31)	pending	
7956	crates/backend/utils/adt/varlena/src/concat_format.rs	380	excluded-state	p1-lanes (banked by evidence-bank 2026-07-31)	pending	
7957	crates/backend/utils/adt/varlena/src/concat_format.rs	381	excluded-state	p1-lanes (banked by evidence-bank 2026-07-31)	pending	
7958	crates/backend/utils/adt/varlena/src/concat_format.rs	383	excluded-state	p1-lanes (banked by evidence-bank 2026-07-31)	pending	
7959	crates/backend/utils/adt/varlena/src/concat_format.rs	384	excluded-state	p1-lanes (banked by evidence-bank 2026-07-31)	pending	
7960	crates/backend/utils/adt/varlena/src/concat_format.rs	385	excluded-state	p1-lanes (banked by evidence-bank 2026-07-31)	pending	
7961	crates/backend/utils/adt/varlena/src/concat_format.rs	387	excluded-state	p1-lanes (banked by evidence-bank 2026-07-31)	pending	
7962	crates/backend/utils/adt/varlena/src/concat_format.rs	388	excluded-state	p1-lanes (banked by evidence-bank 2026-07-31)	pending	
7963	crates/backend/utils/adt/varlena/src/concat_format.rs	389	excluded-state	p1-lanes (banked by evidence-bank 2026-07-31)	pending	
7964	crates/backend/utils/adt/varlena/src/concat_format.rs	390	excluded-state	p1-lanes (banked by evidence-bank 2026-07-31)	pending	
7965	crates/backend/utils/adt/varlena/src/concat_format.rs	391	excluded-state	p1-lanes (banked by evidence-bank 2026-07-31)	pending	
7966	crates/backend/utils/adt/varlena/src/concat_format.rs	392	excluded-state	p1-lanes (banked by evidence-bank 2026-07-31)	pending	
7967	crates/backend/utils/adt/varlena/src/concat_format.rs	395	excluded-state	p1-lanes (banked by evidence-bank 2026-07-31)	pending	
7968	crates/backend/utils/adt/varlena/src/concat_format.rs	396	excluded-state	p1-lanes (banked by evidence-bank 2026-07-31)	pending	
7969	crates/backend/utils/adt/varlena/src/concat_format.rs	398	excluded-state	p1-lanes (banked by evidence-bank 2026-07-31)	pending	
7970	crates/backend/utils/adt/varlena/src/concat_format.rs	400	excluded-state	p1-lanes (banked by evidence-bank 2026-07-31)	pending	
7971	crates/backend/utils/adt/varlena/src/concat_format.rs	405	excluded-state	p1-lanes (banked by evidence-bank 2026-07-31)	pending	
7972	crates/backend/utils/adt/varlena/src/concat_format.rs	406	excluded-state	p1-lanes (banked by evidence-bank 2026-07-31)	pending	
7973	crates/backend/utils/adt/varlena/src/concat_format.rs	407	excluded-state	p1-lanes (banked by evidence-bank 2026-07-31)	pending	
7974	crates/backend/utils/adt/varlena/src/concat_format.rs	408	excluded-state	p1-lanes (banked by evidence-bank 2026-07-31)	pending	
7975	crates/backend/utils/adt/varlena/src/concat_format.rs	409	excluded-state	p1-lanes (banked by evidence-bank 2026-07-31)	pending	
7976	crates/backend/utils/adt/varlena/src/concat_format.rs	410	excluded-state	p1-lanes (banked by evidence-bank 2026-07-31)	pending	
7977	crates/backend/utils/adt/varlena/src/concat_format.rs	411	excluded-state	p1-lanes (banked by evidence-bank 2026-07-31)	pending	
7978	crates/backend/utils/adt/varlena/src/concat_format.rs	412	excluded-state	p1-lanes (banked by evidence-bank 2026-07-31)	pending	
7979	crates/backend/utils/adt/varlena/src/concat_format.rs	413	excluded-state	p1-lanes (banked by evidence-bank 2026-07-31)	pending	
7980	crates/backend/utils/adt/varlena/src/concat_format.rs	414	excluded-state	p1-lanes (banked by evidence-bank 2026-07-31)	pending	
7981	crates/backend/utils/adt/varlena/src/concat_format.rs	415	excluded-state	p1-lanes (banked by evidence-bank 2026-07-31)	pending	
7982	crates/backend/utils/adt/varlena/src/concat_format.rs	416	excluded-state	p1-lanes (banked by evidence-bank 2026-07-31)	pending	
7983	crates/backend/utils/adt/varlena/src/concat_format.rs	417	excluded-state	p1-lanes (banked by evidence-bank 2026-07-31)	pending	
7984	crates/backend/utils/adt/varlena/src/concat_format.rs	418	excluded-state	p1-lanes (banked by evidence-bank 2026-07-31)	pending	
7985	crates/backend/utils/adt/varlena/src/concat_format.rs	419	excluded-state	p1-lanes (banked by evidence-bank 2026-07-31)	pending	
7986	crates/backend/utils/adt/varlena/src/concat_format.rs	422	excluded-state	p1-lanes (banked by evidence-bank 2026-07-31)	pending	
7987	crates/backend/utils/adt/varlena/src/concat_format.rs	423	excluded-state	p1-lanes (banked by evidence-bank 2026-07-31)	pending	
7988	crates/backend/utils/adt/varlena/src/concat_format.rs	425	excluded-state	p1-lanes (banked by evidence-bank 2026-07-31)	pending	
7989	crates/backend/utils/adt/varlena/src/concat_format.rs	426	excluded-state	p1-lanes (banked by evidence-bank 2026-07-31)	pending	
7990	crates/backend/utils/adt/varlena/src/concat_format.rs	427	excluded-state	p1-lanes (banked by evidence-bank 2026-07-31)	pending	
7991	crates/backend/utils/adt/varlena/src/concat_format.rs	428	excluded-state	p1-lanes (banked by evidence-bank 2026-07-31)	pending	
7992	crates/backend/utils/adt/varlena/src/concat_format.rs	431	excluded-state	p1-lanes (banked by evidence-bank 2026-07-31)	pending	
7993	crates/backend/utils/adt/varlena/src/concat_format.rs	432	excluded-state	p1-lanes (banked by evidence-bank 2026-07-31)	pending	
7994	crates/backend/utils/adt/varlena/src/concat_format.rs	433	excluded-state	p1-lanes (banked by evidence-bank 2026-07-31)	pending	
7995	crates/backend/utils/adt/varlena/src/concat_format.rs	435	excluded-state	p1-lanes (banked by evidence-bank 2026-07-31)	pending	
7996	crates/backend/utils/adt/varlena/src/concat_format.rs	448	excluded-state	p1-lanes (banked by evidence-bank 2026-07-31)	pending	
7997	crates/backend/utils/adt/varlena/src/concat_format.rs	449	excluded-state	p1-lanes (banked by evidence-bank 2026-07-31)	pending	
7998	crates/backend/utils/adt/varlena/src/concat_format.rs	451	excluded-state	p1-lanes (banked by evidence-bank 2026-07-31)	pending	
7999	crates/backend/utils/adt/varlena/src/concat_format.rs	454	excluded-state	p1-lanes (banked by evidence-bank 2026-07-31)	pending	
8000	crates/backend/utils/adt/varlena/src/concat_format.rs	455	excluded-state	p1-lanes (banked by evidence-bank 2026-07-31)	pending	
8001	crates/backend/utils/adt/varlena/src/concat_format.rs	456	excluded-state	p1-lanes (banked by evidence-bank 2026-07-31)	pending	
8002	crates/backend/utils/adt/varlena/src/concat_format.rs	458	excluded-state	p1-lanes (banked by evidence-bank 2026-07-31)	pending	
8003	crates/backend/utils/adt/varlena/src/concat_format.rs	465	excluded-state	p1-lanes (banked by evidence-bank 2026-07-31)	pending	
8004	crates/backend/utils/adt/varlena/src/concat_format.rs	466	excluded-state	p1-lanes (banked by evidence-bank 2026-07-31)	pending	
8005	crates/backend/utils/adt/varlena/src/concat_format.rs	467	excluded-state	p1-lanes (banked by evidence-bank 2026-07-31)	pending	
8006	crates/backend/utils/adt/varlena/src/concat_format.rs	468	excluded-state	p1-lanes (banked by evidence-bank 2026-07-31)	pending	
8007	crates/backend/utils/adt/varlena/src/concat_format.rs	470	excluded-state	p1-lanes (banked by evidence-bank 2026-07-31)	pending	
8008	crates/backend/utils/adt/varlena/src/concat_format.rs	472	excluded-state	p1-lanes (banked by evidence-bank 2026-07-31)	pending	
8009	crates/backend/utils/adt/varlena/src/concat_format.rs	473	excluded-state	p1-lanes (banked by evidence-bank 2026-07-31)	pending	
8010	crates/backend/utils/adt/varlena/src/concat_format.rs	474	excluded-state	p1-lanes (banked by evidence-bank 2026-07-31)	pending	
8011	crates/backend/utils/adt/varlena/src/concat_format.rs	475	excluded-state	p1-lanes (banked by evidence-bank 2026-07-31)	pending	
8012	crates/backend/utils/adt/varlena/src/concat_format.rs	477	excluded-state	p1-lanes (banked by evidence-bank 2026-07-31)	pending	
8013	crates/backend/utils/adt/varlena/src/concat_format.rs	478	excluded-state	p1-lanes (banked by evidence-bank 2026-07-31)	pending	
8014	crates/backend/utils/adt/varlena/src/concat_format.rs	479	excluded-state	p1-lanes (banked by evidence-bank 2026-07-31)	pending	
8015	crates/backend/utils/adt/varlena/src/concat_format.rs	480	excluded-state	p1-lanes (banked by evidence-bank 2026-07-31)	pending	
8016	crates/backend/utils/adt/varlena/src/concat_format.rs	481	excluded-state	p1-lanes (banked by evidence-bank 2026-07-31)	pending	
8017	crates/backend/utils/adt/varlena/src/concat_format.rs	482	excluded-state	p1-lanes (banked by evidence-bank 2026-07-31)	pending	
8018	crates/backend/utils/adt/varlena/src/concat_format.rs	483	excluded-state	p1-lanes (banked by evidence-bank 2026-07-31)	pending	
8019	crates/backend/utils/adt/varlena/src/concat_format.rs	484	excluded-state	p1-lanes (banked by evidence-bank 2026-07-31)	pending	
8020	crates/backend/utils/adt/varlena/src/concat_format.rs	485	excluded-state	p1-lanes (banked by evidence-bank 2026-07-31)	pending	
8021	crates/backend/utils/adt/varlena/src/concat_format.rs	486	excluded-state	p1-lanes (banked by evidence-bank 2026-07-31)	pending	
8022	crates/backend/utils/adt/varlena/src/concat_format.rs	487	excluded-state	p1-lanes (banked by evidence-bank 2026-07-31)	pending	
8023	crates/backend/utils/adt/varlena/src/concat_format.rs	488	excluded-state	p1-lanes (banked by evidence-bank 2026-07-31)	pending	
8024	crates/backend/utils/adt/varlena/src/concat_format.rs	489	excluded-state	p1-lanes (banked by evidence-bank 2026-07-31)	pending	
8025	crates/backend/utils/adt/varlena/src/concat_format.rs	490	excluded-state	p1-lanes (banked by evidence-bank 2026-07-31)	pending	
8026	crates/backend/utils/adt/varlena/src/concat_format.rs	491	excluded-state	p1-lanes (banked by evidence-bank 2026-07-31)	pending	
8027	crates/backend/utils/adt/varlena/src/concat_format.rs	492	excluded-state	p1-lanes (banked by evidence-bank 2026-07-31)	pending	
8028	crates/backend/utils/adt/varlena/src/concat_format.rs	496	excluded-state	p1-lanes (banked by evidence-bank 2026-07-31)	pending	
8029	crates/backend/utils/adt/varlena/src/concat_format.rs	500	excluded-state	p1-lanes (banked by evidence-bank 2026-07-31)	pending	
8030	crates/backend/utils/adt/varlena/src/concat_format.rs	501	excluded-state	p1-lanes (banked by evidence-bank 2026-07-31)	pending	
8031	crates/backend/utils/adt/varlena/src/concat_format.rs	502	excluded-state	p1-lanes (banked by evidence-bank 2026-07-31)	pending	
8032	crates/backend/utils/adt/varlena/src/concat_format.rs	504	excluded-state	p1-lanes (banked by evidence-bank 2026-07-31)	pending	
8033	crates/backend/utils/adt/varlena/src/concat_format.rs	505	excluded-state	p1-lanes (banked by evidence-bank 2026-07-31)	pending	
8034	crates/backend/utils/adt/varlena/src/concat_format.rs	506	excluded-state	p1-lanes (banked by evidence-bank 2026-07-31)	pending	
8035	crates/backend/utils/adt/varlena/src/concat_format.rs	507	excluded-state	p1-lanes (banked by evidence-bank 2026-07-31)	pending	
8036	crates/backend/utils/adt/varlena/src/concat_format.rs	508	excluded-state	p1-lanes (banked by evidence-bank 2026-07-31)	pending	
8037	crates/backend/utils/adt/varlena/src/concat_format.rs	509	excluded-state	p1-lanes (banked by evidence-bank 2026-07-31)	pending	
8038	crates/backend/utils/adt/varlena/src/concat_format.rs	511	excluded-state	p1-lanes (banked by evidence-bank 2026-07-31)	pending	
8039	crates/backend/utils/adt/varlena/src/concat_format.rs	512	excluded-state	p1-lanes (banked by evidence-bank 2026-07-31)	pending	
8040	crates/backend/utils/adt/varlena/src/concat_format.rs	513	excluded-state	p1-lanes (banked by evidence-bank 2026-07-31)	pending	
8041	crates/backend/utils/adt/varlena/src/concat_format.rs	514	excluded-state	p1-lanes (banked by evidence-bank 2026-07-31)	pending	
8042	crates/backend/utils/adt/varlena/src/concat_format.rs	515	excluded-state	p1-lanes (banked by evidence-bank 2026-07-31)	pending	
8043	crates/backend/utils/adt/varlena/src/concat_format.rs	516	excluded-state	p1-lanes (banked by evidence-bank 2026-07-31)	pending	
8044	crates/backend/utils/adt/varlena/src/concat_format.rs	518	excluded-state	p1-lanes (banked by evidence-bank 2026-07-31)	pending	
8045	crates/backend/utils/adt/varlena/src/concat_format.rs	519	excluded-state	p1-lanes (banked by evidence-bank 2026-07-31)	pending	
8046	crates/backend/utils/adt/varlena/src/concat_format.rs	520	excluded-state	p1-lanes (banked by evidence-bank 2026-07-31)	pending	
8047	crates/backend/utils/adt/varlena/src/concat_format.rs	521	excluded-state	p1-lanes (banked by evidence-bank 2026-07-31)	pending	
8048	crates/backend/utils/adt/varlena/src/concat_format.rs	522	excluded-state	p1-lanes (banked by evidence-bank 2026-07-31)	pending	
8049	crates/backend/utils/adt/varlena/src/concat_format.rs	525	excluded-state	p1-lanes (banked by evidence-bank 2026-07-31)	pending	
8050	crates/backend/utils/adt/varlena/src/concat_format.rs	526	excluded-state	p1-lanes (banked by evidence-bank 2026-07-31)	pending	
8051	crates/backend/utils/adt/varlena/src/concat_format.rs	528	excluded-state	p1-lanes (banked by evidence-bank 2026-07-31)	pending	
8052	crates/backend/utils/adt/varlena/src/concat_format.rs	529	excluded-state	p1-lanes (banked by evidence-bank 2026-07-31)	pending	
8053	crates/backend/utils/adt/varlena/src/concat_format.rs	532	excluded-state	p1-lanes (banked by evidence-bank 2026-07-31)	pending	
8054	crates/backend/utils/adt/varlena/src/concat_format.rs	533	excluded-state	p1-lanes (banked by evidence-bank 2026-07-31)	pending	
8055	crates/backend/utils/adt/varlena/src/concat_format.rs	534	excluded-state	p1-lanes (banked by evidence-bank 2026-07-31)	pending	
8056	crates/backend/utils/adt/varlena/src/concat_format.rs	535	excluded-state	p1-lanes (banked by evidence-bank 2026-07-31)	pending	
8057	crates/backend/utils/adt/varlena/src/concat_format.rs	537	excluded-state	p1-lanes (banked by evidence-bank 2026-07-31)	pending	
8058	crates/backend/utils/adt/varlena/src/concat_format.rs	538	excluded-state	p1-lanes (banked by evidence-bank 2026-07-31)	pending	
8059	crates/backend/utils/adt/varlena/src/concat_format.rs	540	excluded-state	p1-lanes (banked by evidence-bank 2026-07-31)	pending	
8060	crates/backend/utils/adt/varlena/src/concat_format.rs	541	excluded-state	p1-lanes (banked by evidence-bank 2026-07-31)	pending	
8061	crates/backend/utils/adt/varlena/src/concat_format.rs	542	excluded-state	p1-lanes (banked by evidence-bank 2026-07-31)	pending	
8062	crates/backend/utils/adt/varlena/src/concat_format.rs	543	excluded-state	p1-lanes (banked by evidence-bank 2026-07-31)	pending	
8063	crates/backend/utils/adt/varlena/src/concat_format.rs	544	excluded-state	p1-lanes (banked by evidence-bank 2026-07-31)	pending	
8064	crates/backend/utils/adt/varlena/src/concat_format.rs	545	excluded-state	p1-lanes (banked by evidence-bank 2026-07-31)	pending	
8065	crates/backend/utils/adt/varlena/src/concat_format.rs	546	excluded-state	p1-lanes (banked by evidence-bank 2026-07-31)	pending	
8066	crates/backend/utils/adt/varlena/src/concat_format.rs	547	excluded-state	p1-lanes (banked by evidence-bank 2026-07-31)	pending	
8067	crates/backend/utils/adt/varlena/src/concat_format.rs	549	excluded-state	p1-lanes (banked by evidence-bank 2026-07-31)	pending	
8068	crates/backend/utils/adt/varlena/src/concat_format.rs	550	excluded-state	p1-lanes (banked by evidence-bank 2026-07-31)	pending	
8069	crates/backend/utils/adt/varlena/src/concat_format.rs	551	excluded-state	p1-lanes (banked by evidence-bank 2026-07-31)	pending	
8070	crates/backend/utils/adt/varlena/src/concat_format.rs	552	excluded-state	p1-lanes (banked by evidence-bank 2026-07-31)	pending	
8071	crates/backend/utils/adt/varlena/src/concat_format.rs	554	excluded-state	p1-lanes (banked by evidence-bank 2026-07-31)	pending	
8072	crates/backend/utils/adt/varlena/src/concat_format.rs	555	excluded-state	p1-lanes (banked by evidence-bank 2026-07-31)	pending	
8073	crates/backend/utils/adt/varlena/src/concat_format.rs	556	excluded-state	p1-lanes (banked by evidence-bank 2026-07-31)	pending	
8074	crates/backend/utils/adt/varlena/src/concat_format.rs	557	excluded-state	p1-lanes (banked by evidence-bank 2026-07-31)	pending	
8075	crates/backend/utils/adt/varlena/src/concat_format.rs	561	excluded-state	p1-lanes (banked by evidence-bank 2026-07-31)	pending	
8076	crates/backend/utils/adt/varlena/src/concat_format.rs	562	excluded-state	p1-lanes (banked by evidence-bank 2026-07-31)	pending	
8077	crates/backend/utils/adt/varlena/src/concat_format.rs	564	excluded-state	p1-lanes (banked by evidence-bank 2026-07-31)	pending	
8078	crates/backend/utils/adt/varlena/src/concat_format.rs	565	excluded-state	p1-lanes (banked by evidence-bank 2026-07-31)	pending	
8079	crates/backend/utils/adt/varlena/src/concat_format.rs	567	excluded-state	p1-lanes (banked by evidence-bank 2026-07-31)	pending	
8080	crates/backend/utils/adt/varlena/src/concat_format.rs	568	excluded-state	p1-lanes (banked by evidence-bank 2026-07-31)	pending	
8081	crates/backend/utils/adt/varlena/src/concat_format.rs	570	excluded-state	p1-lanes (banked by evidence-bank 2026-07-31)	pending	
8082	crates/backend/utils/adt/varlena/src/concat_format.rs	571	excluded-state	p1-lanes (banked by evidence-bank 2026-07-31)	pending	
8083	crates/backend/utils/adt/varlena/src/concat_format.rs	572	excluded-state	p1-lanes (banked by evidence-bank 2026-07-31)	pending	
8084	crates/backend/utils/adt/varlena/src/concat_format.rs	573	excluded-state	p1-lanes (banked by evidence-bank 2026-07-31)	pending	
8085	crates/backend/utils/adt/varlena/src/concat_format.rs	576	excluded-state	p1-lanes (banked by evidence-bank 2026-07-31)	pending	
8086	crates/backend/utils/adt/varlena/src/concat_format.rs	577	excluded-state	p1-lanes (banked by evidence-bank 2026-07-31)	pending	
8087	crates/backend/utils/adt/varlena/src/concat_format.rs	578	excluded-state	p1-lanes (banked by evidence-bank 2026-07-31)	pending	
8088	crates/backend/utils/adt/varlena/src/concat_format.rs	579	excluded-state	p1-lanes (banked by evidence-bank 2026-07-31)	pending	
8089	crates/backend/utils/adt/varlena/src/concat_format.rs	580	excluded-state	p1-lanes (banked by evidence-bank 2026-07-31)	pending	
8090	crates/backend/utils/adt/varlena/src/concat_format.rs	581	excluded-state	p1-lanes (banked by evidence-bank 2026-07-31)	pending	
8091	crates/backend/utils/adt/varlena/src/concat_format.rs	582	excluded-state	p1-lanes (banked by evidence-bank 2026-07-31)	pending	
8092	crates/backend/utils/adt/varlena/src/concat_format.rs	583	excluded-state	p1-lanes (banked by evidence-bank 2026-07-31)	pending	
8093	crates/backend/utils/adt/varlena/src/concat_format.rs	584	excluded-state	p1-lanes (banked by evidence-bank 2026-07-31)	pending	
8094	crates/backend/utils/adt/varlena/src/concat_format.rs	585	excluded-state	p1-lanes (banked by evidence-bank 2026-07-31)	pending	
8095	crates/backend/utils/adt/varlena/src/concat_format.rs	586	excluded-state	p1-lanes (banked by evidence-bank 2026-07-31)	pending	
8096	crates/backend/utils/adt/varlena/src/concat_format.rs	589	excluded-state	p1-lanes (banked by evidence-bank 2026-07-31)	pending	
8097	crates/backend/utils/adt/varlena/src/abbrev.rs	16	excluded-state	p1-lanes (banked by evidence-bank 2026-07-31)	pending	
8098	crates/backend/utils/adt/varlena/src/abbrev.rs	17	excluded-state	p1-lanes (banked by evidence-bank 2026-07-31)	pending	
8099	crates/backend/utils/adt/varlena/src/abbrev.rs	21	excluded-state	p1-lanes (banked by evidence-bank 2026-07-31)	pending	
8100	crates/backend/utils/adt/varlena/src/abbrev.rs	22	excluded-state	p1-lanes (banked by evidence-bank 2026-07-31)	pending	
8101	crates/backend/utils/adt/varlena/src/abbrev.rs	23	excluded-state	p1-lanes (banked by evidence-bank 2026-07-31)	pending	
8102	crates/backend/utils/adt/varlena/src/abbrev.rs	24	excluded-state	p1-lanes (banked by evidence-bank 2026-07-31)	pending	
8103	crates/backend/utils/adt/varlena/src/abbrev.rs	25	excluded-state	p1-lanes (banked by evidence-bank 2026-07-31)	pending	
8104	crates/backend/utils/adt/varlena/src/abbrev.rs	26	excluded-state	p1-lanes (banked by evidence-bank 2026-07-31)	pending	
8105	crates/backend/utils/adt/varlena/src/abbrev.rs	32	excluded-state	p1-lanes (banked by evidence-bank 2026-07-31)	pending	
8106	crates/backend/utils/adt/varlena/src/abbrev.rs	33	excluded-state	p1-lanes (banked by evidence-bank 2026-07-31)	pending	
8107	crates/backend/utils/adt/varlena/src/abbrev.rs	34	excluded-state	p1-lanes (banked by evidence-bank 2026-07-31)	pending	
8108	crates/backend/utils/adt/varlena/src/abbrev.rs	36	excluded-state	p1-lanes (banked by evidence-bank 2026-07-31)	pending	
8109	crates/backend/utils/adt/varlena/src/abbrev.rs	42	excluded-state	p1-lanes (banked by evidence-bank 2026-07-31)	pending	
8110	crates/backend/utils/adt/varlena/src/abbrev.rs	43	excluded-state	p1-lanes (banked by evidence-bank 2026-07-31)	pending	
8111	crates/backend/utils/adt/varlena/src/abbrev.rs	44	excluded-state	p1-lanes (banked by evidence-bank 2026-07-31)	pending	
8112	crates/backend/utils/adt/varlena/src/abbrev.rs	45	excluded-state	p1-lanes (banked by evidence-bank 2026-07-31)	pending	
8113	crates/backend/utils/adt/varlena/src/abbrev.rs	46	excluded-state	p1-lanes (banked by evidence-bank 2026-07-31)	pending	
8114	crates/backend/utils/adt/varlena/src/abbrev.rs	48	excluded-state	p1-lanes (banked by evidence-bank 2026-07-31)	pending	
8115	crates/backend/utils/adt/varlena/src/abbrev.rs	50	excluded-state	p1-lanes (banked by evidence-bank 2026-07-31)	pending	
8116	crates/backend/utils/adt/varlena/src/abbrev.rs	51	excluded-state	p1-lanes (banked by evidence-bank 2026-07-31)	pending	
8117	crates/backend/utils/adt/varlena/src/abbrev.rs	56	excluded-state	p1-lanes (banked by evidence-bank 2026-07-31)	pending	
8118	crates/backend/utils/adt/varlena/src/abbrev.rs	57	excluded-state	p1-lanes (banked by evidence-bank 2026-07-31)	pending	
8119	crates/backend/utils/adt/varlena/src/abbrev.rs	59	excluded-state	p1-lanes (banked by evidence-bank 2026-07-31)	pending	
8120	crates/backend/utils/adt/varlena/src/abbrev.rs	60	excluded-state	p1-lanes (banked by evidence-bank 2026-07-31)	pending	
8121	crates/backend/utils/adt/varlena/src/abbrev.rs	61	excluded-state	p1-lanes (banked by evidence-bank 2026-07-31)	pending	
8122	crates/backend/utils/adt/varlena/src/abbrev.rs	63	excluded-state	p1-lanes (banked by evidence-bank 2026-07-31)	pending	
8123	crates/backend/utils/adt/varlena/src/abbrev.rs	66	excluded-state	p1-lanes (banked by evidence-bank 2026-07-31)	pending	
8124	crates/backend/utils/adt/varlena/src/abbrev.rs	77	excluded-state	p1-lanes (banked by evidence-bank 2026-07-31)	pending	
8125	crates/backend/utils/adt/varlena/src/abbrev.rs	78	excluded-state	p1-lanes (banked by evidence-bank 2026-07-31)	pending	
8126	crates/backend/utils/adt/varlena/src/abbrev.rs	80	excluded-state	p1-lanes (banked by evidence-bank 2026-07-31)	pending	
8127	crates/backend/utils/adt/varlena/src/abbrev.rs	81	excluded-state	p1-lanes (banked by evidence-bank 2026-07-31)	pending	
8128	crates/backend/utils/adt/varlena/src/abbrev.rs	82	excluded-state	p1-lanes (banked by evidence-bank 2026-07-31)	pending	
8129	crates/backend/utils/adt/varlena/src/abbrev.rs	83	excluded-state	p1-lanes (banked by evidence-bank 2026-07-31)	pending	
8130	crates/backend/utils/adt/varlena/src/abbrev.rs	84	excluded-state	p1-lanes (banked by evidence-bank 2026-07-31)	pending	
8131	crates/backend/utils/adt/varlena/src/abbrev.rs	85	excluded-state	p1-lanes (banked by evidence-bank 2026-07-31)	pending	
8132	crates/backend/utils/adt/varlena/src/abbrev.rs	87	excluded-state	p1-lanes (banked by evidence-bank 2026-07-31)	pending	
8133	crates/backend/utils/adt/varlena/src/abbrev.rs	94	excluded-state	p1-lanes (banked by evidence-bank 2026-07-31)	pending	
8134	crates/backend/utils/adt/varlena/src/abbrev.rs	95	excluded-state	p1-lanes (banked by evidence-bank 2026-07-31)	pending	
8135	crates/backend/utils/adt/varlena/src/abbrev.rs	96	excluded-state	p1-lanes (banked by evidence-bank 2026-07-31)	pending	
8136	crates/backend/utils/adt/varlena/src/abbrev.rs	98	excluded-state	p1-lanes (banked by evidence-bank 2026-07-31)	pending	
8137	crates/backend/utils/adt/varlena/src/abbrev.rs	99	excluded-state	p1-lanes (banked by evidence-bank 2026-07-31)	pending	
8138	crates/backend/utils/adt/varlena/src/abbrev.rs	101	excluded-state	p1-lanes (banked by evidence-bank 2026-07-31)	pending	
8139	crates/backend/utils/adt/varlena/src/abbrev.rs	102	excluded-state	p1-lanes (banked by evidence-bank 2026-07-31)	pending	
8140	crates/backend/utils/adt/varlena/src/abbrev.rs	103	excluded-state	p1-lanes (banked by evidence-bank 2026-07-31)	pending	
8141	crates/backend/utils/adt/varlena/src/abbrev.rs	105	excluded-state	p1-lanes (banked by evidence-bank 2026-07-31)	pending	
8142	crates/backend/utils/adt/varlena/src/abbrev.rs	107	excluded-state	p1-lanes (banked by evidence-bank 2026-07-31)	pending	
8143	crates/backend/utils/adt/varlena/src/abbrev.rs	111	excluded-state	p1-lanes (banked by evidence-bank 2026-07-31)	pending	
8144	crates/backend/utils/adt/varlena/src/abbrev.rs	112	excluded-state	p1-lanes (banked by evidence-bank 2026-07-31)	pending	
8145	crates/backend/utils/adt/varlena/src/abbrev.rs	113	excluded-state	p1-lanes (banked by evidence-bank 2026-07-31)	pending	
8146	crates/backend/utils/adt/varlena/src/abbrev.rs	115	excluded-state	p1-lanes (banked by evidence-bank 2026-07-31)	pending	
8147	crates/backend/utils/adt/varlena/src/abbrev.rs	116	excluded-state	p1-lanes (banked by evidence-bank 2026-07-31)	pending	
8148	crates/backend/utils/adt/varlena/src/abbrev.rs	118	excluded-state	p1-lanes (banked by evidence-bank 2026-07-31)	pending	
8149	crates/backend/utils/adt/varlena/src/abbrev.rs	119	excluded-state	p1-lanes (banked by evidence-bank 2026-07-31)	pending	
8150	crates/backend/utils/adt/varlena/src/abbrev.rs	120	excluded-state	p1-lanes (banked by evidence-bank 2026-07-31)	pending	
8151	crates/backend/utils/adt/varlena/src/abbrev.rs	122	excluded-state	p1-lanes (banked by evidence-bank 2026-07-31)	pending	
8152	crates/backend/utils/adt/varlena/src/abbrev.rs	124	excluded-state	p1-lanes (banked by evidence-bank 2026-07-31)	pending	
8153	crates/backend/utils/adt/varlena/src/builtins.rs	513	excluded-state	p1-lanes (banked by evidence-bank 2026-07-31)	pending	
8154	crates/backend/utils/adt/varlena/src/builtins.rs	514	excluded-state	p1-lanes (banked by evidence-bank 2026-07-31)	pending	
8155	crates/backend/utils/adt/varlena/src/builtins.rs	515	excluded-state	p1-lanes (banked by evidence-bank 2026-07-31)	pending	
8156	crates/backend/utils/adt/varlena/src/builtins.rs	516	excluded-state	p1-lanes (banked by evidence-bank 2026-07-31)	pending	
8157	crates/backend/utils/adt/varlena/src/builtins.rs	518	excluded-state	p1-lanes (banked by evidence-bank 2026-07-31)	pending	
8158	crates/backend/utils/adt/varlena/src/builtins.rs	521	excluded-state	p1-lanes (banked by evidence-bank 2026-07-31)	pending	
8159	crates/backend/utils/adt/varlena/src/builtins.rs	522	excluded-state	p1-lanes (banked by evidence-bank 2026-07-31)	pending	
8160	crates/backend/utils/adt/varlena/src/builtins.rs	525	excluded-state	p1-lanes (banked by evidence-bank 2026-07-31)	pending	
8161	crates/backend/utils/adt/varlena/src/builtins.rs	526	excluded-state	p1-lanes (banked by evidence-bank 2026-07-31)	pending	
8162	crates/backend/utils/adt/varlena/src/builtins.rs	527	excluded-state	p1-lanes (banked by evidence-bank 2026-07-31)	pending	
8163	crates/backend/utils/adt/varlena/src/builtins.rs	528	excluded-state	p1-lanes (banked by evidence-bank 2026-07-31)	pending	
8164	crates/backend/utils/adt/varlena/src/builtins.rs	529	excluded-state	p1-lanes (banked by evidence-bank 2026-07-31)	pending	
8165	crates/backend/utils/adt/varlena/src/builtins.rs	532	excluded-state	p1-lanes (banked by evidence-bank 2026-07-31)	pending	
8166	crates/backend/utils/adt/varlena/src/builtins.rs	533	excluded-state	p1-lanes (banked by evidence-bank 2026-07-31)	pending	
8167	crates/backend/utils/adt/varlena/src/builtins.rs	534	excluded-state	p1-lanes (banked by evidence-bank 2026-07-31)	pending	
8168	crates/backend/utils/adt/varlena/src/builtins.rs	535	excluded-state	p1-lanes (banked by evidence-bank 2026-07-31)	pending	
8169	crates/backend/utils/adt/varlena/src/builtins.rs	536	excluded-state	p1-lanes (banked by evidence-bank 2026-07-31)	pending	
8170	crates/backend/utils/adt/varlena/src/builtins.rs	537	excluded-state	p1-lanes (banked by evidence-bank 2026-07-31)	pending	
8171	crates/backend/utils/adt/varlena/src/builtins.rs	538	excluded-state	p1-lanes (banked by evidence-bank 2026-07-31)	pending	
8172	crates/backend/utils/adt/varlena/src/builtins.rs	542	excluded-state	p1-lanes (banked by evidence-bank 2026-07-31)	pending	
8173	crates/backend/utils/adt/varlena/src/builtins.rs	543	excluded-state	p1-lanes (banked by evidence-bank 2026-07-31)	pending	
8174	crates/backend/utils/adt/varlena/src/builtins.rs	546	excluded-state	p1-lanes (banked by evidence-bank 2026-07-31)	pending	
8175	crates/backend/utils/adt/varlena/src/builtins.rs	547	excluded-state	p1-lanes (banked by evidence-bank 2026-07-31)	pending	
8176	crates/backend/utils/adt/varlena/src/builtins.rs	548	excluded-state	p1-lanes (banked by evidence-bank 2026-07-31)	pending	
8177	crates/backend/utils/adt/varlena/src/builtins.rs	549	excluded-state	p1-lanes (banked by evidence-bank 2026-07-31)	pending	
8178	crates/backend/utils/adt/varlena/src/builtins.rs	550	excluded-state	p1-lanes (banked by evidence-bank 2026-07-31)	pending	
8179	crates/backend/utils/adt/varlena/src/builtins.rs	555	excluded-state	p1-lanes (banked by evidence-bank 2026-07-31)	pending	
8180	crates/backend/utils/adt/varlena/src/builtins.rs	556	excluded-state	p1-lanes (banked by evidence-bank 2026-07-31)	pending	
8181	crates/backend/utils/adt/varlena/src/builtins.rs	562	excluded-state	p1-lanes (banked by evidence-bank 2026-07-31)	pending	
8182	crates/backend/utils/adt/varlena/src/builtins.rs	568	excluded-state	p1-lanes (banked by evidence-bank 2026-07-31)	pending	
8183	crates/backend/utils/adt/varlena/src/builtins.rs	569	excluded-state	p1-lanes (banked by evidence-bank 2026-07-31)	pending	
8184	crates/backend/utils/adt/varlena/src/builtins.rs	570	excluded-state	p1-lanes (banked by evidence-bank 2026-07-31)	pending	
8185	crates/backend/utils/adt/varlena/src/builtins.rs	571	excluded-state	p1-lanes (banked by evidence-bank 2026-07-31)	pending	
8186	crates/backend/utils/adt/varlena/src/builtins.rs	572	excluded-state	p1-lanes (banked by evidence-bank 2026-07-31)	pending	
8187	crates/backend/utils/adt/varlena/src/builtins.rs	573	excluded-state	p1-lanes (banked by evidence-bank 2026-07-31)	pending	
8188	crates/backend/utils/adt/varlena/src/builtins.rs	574	excluded-state	p1-lanes (banked by evidence-bank 2026-07-31)	pending	
8189	crates/backend/utils/adt/varlena/src/builtins.rs	576	excluded-state	p1-lanes (banked by evidence-bank 2026-07-31)	pending	
8190	crates/backend/utils/adt/varlena/src/builtins.rs	579	excluded-state	p1-lanes (banked by evidence-bank 2026-07-31)	pending	
8191	crates/backend/utils/adt/varlena/src/builtins.rs	580	excluded-state	p1-lanes (banked by evidence-bank 2026-07-31)	pending	
8192	crates/backend/utils/adt/varlena/src/builtins.rs	581	excluded-state	p1-lanes (banked by evidence-bank 2026-07-31)	pending	
8193	crates/backend/utils/adt/varlena/src/builtins.rs	582	excluded-state	p1-lanes (banked by evidence-bank 2026-07-31)	pending	
8194	crates/backend/utils/adt/varlena/src/builtins.rs	585	excluded-state	p1-lanes (banked by evidence-bank 2026-07-31)	pending	
8195	crates/backend/utils/adt/varlena/src/builtins.rs	586	excluded-state	p1-lanes (banked by evidence-bank 2026-07-31)	pending	
8196	crates/backend/utils/adt/varlena/src/builtins.rs	587	excluded-state	p1-lanes (banked by evidence-bank 2026-07-31)	pending	
8197	crates/backend/utils/adt/varlena/src/builtins.rs	588	excluded-state	p1-lanes (banked by evidence-bank 2026-07-31)	pending	
8198	crates/backend/utils/adt/varlena/src/builtins.rs	589	excluded-state	p1-lanes (banked by evidence-bank 2026-07-31)	pending	
8199	crates/backend/utils/adt/varlena/src/builtins.rs	592	excluded-state	p1-lanes (banked by evidence-bank 2026-07-31)	pending	
8200	crates/backend/utils/adt/varlena/src/builtins.rs	593	excluded-state	p1-lanes (banked by evidence-bank 2026-07-31)	pending	
8201	crates/backend/utils/adt/varlena/src/builtins.rs	594	excluded-state	p1-lanes (banked by evidence-bank 2026-07-31)	pending	
8202	crates/backend/utils/adt/varlena/src/builtins.rs	595	excluded-state	p1-lanes (banked by evidence-bank 2026-07-31)	pending	
8203	crates/backend/utils/adt/varlena/src/builtins.rs	597	excluded-state	p1-lanes (banked by evidence-bank 2026-07-31)	pending	
8204	crates/backend/utils/adt/varlena/src/builtins.rs	600	excluded-state	p1-lanes (banked by evidence-bank 2026-07-31)	pending	
8205	crates/backend/utils/adt/varlena/src/builtins.rs	601	excluded-state	p1-lanes (banked by evidence-bank 2026-07-31)	pending	
8206	crates/backend/utils/adt/varlena/src/builtins.rs	603	excluded-state	p1-lanes (banked by evidence-bank 2026-07-31)	pending	
8207	crates/backend/utils/adt/varlena/src/builtins.rs	604	excluded-state	p1-lanes (banked by evidence-bank 2026-07-31)	pending	
8208	crates/backend/utils/adt/varlena/src/builtins.rs	664	excluded-state	p1-lanes (banked by evidence-bank 2026-07-31)	pending	
8209	crates/backend/utils/adt/varlena/src/builtins.rs	665	excluded-state	p1-lanes (banked by evidence-bank 2026-07-31)	pending	
8210	crates/backend/utils/adt/varlena/src/builtins.rs	666	excluded-state	p1-lanes (banked by evidence-bank 2026-07-31)	pending	
8211	crates/backend/utils/adt/varlena/src/builtins.rs	667	excluded-state	p1-lanes (banked by evidence-bank 2026-07-31)	pending	
8212	crates/backend/utils/adt/varlena/src/builtins.rs	668	excluded-state	p1-lanes (banked by evidence-bank 2026-07-31)	pending	
8213	crates/backend/utils/adt/varlena/src/builtins.rs	669	excluded-state	p1-lanes (banked by evidence-bank 2026-07-31)	pending	
8214	crates/backend/utils/adt/varlena/src/builtins.rs	670	excluded-state	p1-lanes (banked by evidence-bank 2026-07-31)	pending	
8215	crates/backend/utils/adt/varlena/src/builtins.rs	671	excluded-state	p1-lanes (banked by evidence-bank 2026-07-31)	pending	
8216	crates/backend/utils/adt/varlena/src/builtins.rs	674	excluded-state	p1-lanes (banked by evidence-bank 2026-07-31)	pending	
8217	crates/backend/utils/adt/varlena/src/builtins.rs	797	excluded-state	p1-lanes (banked by evidence-bank 2026-07-31)	pending	
8218	crates/backend/utils/adt/varlena/src/builtins.rs	798	excluded-state	p1-lanes (banked by evidence-bank 2026-07-31)	pending	
8219	crates/backend/utils/adt/varlena/src/builtins.rs	804	excluded-state	p1-lanes (banked by evidence-bank 2026-07-31)	pending	
8220	crates/backend/utils/adt/varlena/src/builtins.rs	805	excluded-state	p1-lanes (banked by evidence-bank 2026-07-31)	pending	
8221	crates/backend/utils/adt/varlena/src/builtins.rs	809	excluded-state	p1-lanes (banked by evidence-bank 2026-07-31)	pending	
8222	crates/backend/utils/adt/varlena/src/builtins.rs	810	excluded-state	p1-lanes (banked by evidence-bank 2026-07-31)	pending	
8223	crates/backend/utils/adt/varlena/src/builtins.rs	811	excluded-state	p1-lanes (banked by evidence-bank 2026-07-31)	pending	
8224	crates/backend/utils/adt/varlena/src/builtins.rs	812	excluded-state	p1-lanes (banked by evidence-bank 2026-07-31)	pending	
8225	crates/backend/utils/adt/varlena/src/builtins.rs	813	excluded-state	p1-lanes (banked by evidence-bank 2026-07-31)	pending	
8226	crates/backend/utils/adt/varlena/src/builtins.rs	814	excluded-state	p1-lanes (banked by evidence-bank 2026-07-31)	pending	
8227	crates/backend/utils/adt/varlena/src/builtins.rs	816	excluded-state	p1-lanes (banked by evidence-bank 2026-07-31)	pending	
8228	crates/backend/utils/adt/varlena/src/builtins.rs	818	excluded-state	p1-lanes (banked by evidence-bank 2026-07-31)	pending	
8229	crates/backend/utils/adt/varlena/src/builtins.rs	821	excluded-state	p1-lanes (banked by evidence-bank 2026-07-31)	pending	
8230	crates/backend/utils/adt/varlena/src/builtins.rs	822	excluded-state	p1-lanes (banked by evidence-bank 2026-07-31)	pending	
8231	crates/backend/utils/adt/varlena/src/builtins.rs	823	excluded-state	p1-lanes (banked by evidence-bank 2026-07-31)	pending	
8232	crates/backend/utils/adt/varlena/src/builtins.rs	824	excluded-state	p1-lanes (banked by evidence-bank 2026-07-31)	pending	
8233	crates/backend/utils/adt/varlena/src/builtins.rs	826	excluded-state	p1-lanes (banked by evidence-bank 2026-07-31)	pending	
8234	crates/backend/utils/adt/varlena/src/builtins.rs	827	excluded-state	p1-lanes (banked by evidence-bank 2026-07-31)	pending	
8235	crates/backend/utils/adt/varlena/src/builtins.rs	829	excluded-state	p1-lanes (banked by evidence-bank 2026-07-31)	pending	
8236	crates/backend/utils/adt/varlena/src/builtins.rs	831	excluded-state	p1-lanes (banked by evidence-bank 2026-07-31)	pending	
8237	crates/backend/utils/adt/varlena/src/builtins.rs	833	excluded-state	p1-lanes (banked by evidence-bank 2026-07-31)	pending	
8238	crates/backend/utils/adt/varlena/src/builtins.rs	836	excluded-state	p1-lanes (banked by evidence-bank 2026-07-31)	pending	
8239	crates/backend/utils/adt/varlena/src/builtins.rs	837	excluded-state	p1-lanes (banked by evidence-bank 2026-07-31)	pending	
8240	crates/backend/utils/adt/varlena/src/builtins.rs	838	excluded-state	p1-lanes (banked by evidence-bank 2026-07-31)	pending	
8241	crates/backend/utils/adt/varlena/src/builtins.rs	839	excluded-state	p1-lanes (banked by evidence-bank 2026-07-31)	pending	
8242	crates/backend/utils/adt/varlena/src/builtins.rs	840	excluded-state	p1-lanes (banked by evidence-bank 2026-07-31)	pending	
8243	crates/backend/utils/adt/varlena/src/builtins.rs	841	excluded-state	p1-lanes (banked by evidence-bank 2026-07-31)	pending	
8244	crates/backend/utils/adt/varlena/src/builtins.rs	842	excluded-state	p1-lanes (banked by evidence-bank 2026-07-31)	pending	
8245	crates/backend/utils/adt/varlena/src/builtins.rs	843	excluded-state	p1-lanes (banked by evidence-bank 2026-07-31)	pending	
8246	crates/backend/utils/adt/varlena/src/builtins.rs	846	excluded-state	p1-lanes (banked by evidence-bank 2026-07-31)	pending	
8247	crates/backend/utils/adt/varlena/src/builtins.rs	847	excluded-state	p1-lanes (banked by evidence-bank 2026-07-31)	pending	
8248	crates/backend/utils/adt/varlena/src/builtins.rs	848	excluded-state	p1-lanes (banked by evidence-bank 2026-07-31)	pending	
8249	crates/backend/utils/adt/varlena/src/builtins.rs	850	excluded-state	p1-lanes (banked by evidence-bank 2026-07-31)	pending	
8250	crates/backend/utils/adt/varlena/src/builtins.rs	851	excluded-state	p1-lanes (banked by evidence-bank 2026-07-31)	pending	
8251	crates/backend/utils/adt/varlena/src/builtins.rs	852	excluded-state	p1-lanes (banked by evidence-bank 2026-07-31)	pending	
8252	crates/backend/utils/adt/varlena/src/builtins.rs	853	excluded-state	p1-lanes (banked by evidence-bank 2026-07-31)	pending	
8253	crates/backend/utils/adt/varlena/src/builtins.rs	855	excluded-state	p1-lanes (banked by evidence-bank 2026-07-31)	pending	
8254	crates/backend/utils/adt/varlena/src/builtins.rs	856	excluded-state	p1-lanes (banked by evidence-bank 2026-07-31)	pending	
8255	crates/backend/utils/adt/varlena/src/builtins.rs	859	excluded-state	p1-lanes (banked by evidence-bank 2026-07-31)	pending	
8256	crates/backend/utils/adt/varlena/src/builtins.rs	860	excluded-state	p1-lanes (banked by evidence-bank 2026-07-31)	pending	
8257	crates/backend/utils/adt/varlena/src/builtins.rs	861	excluded-state	p1-lanes (banked by evidence-bank 2026-07-31)	pending	
8258	crates/backend/utils/adt/varlena/src/builtins.rs	862	excluded-state	p1-lanes (banked by evidence-bank 2026-07-31)	pending	
8259	crates/backend/utils/adt/varlena/src/builtins.rs	863	excluded-state	p1-lanes (banked by evidence-bank 2026-07-31)	pending	
8260	crates/backend/utils/adt/varlena/src/builtins.rs	864	excluded-state	p1-lanes (banked by evidence-bank 2026-07-31)	pending	
8261	crates/backend/utils/adt/varlena/src/builtins.rs	865	excluded-state	p1-lanes (banked by evidence-bank 2026-07-31)	pending	
8262	crates/backend/utils/adt/varlena/src/builtins.rs	866	excluded-state	p1-lanes (banked by evidence-bank 2026-07-31)	pending	
8263	crates/backend/utils/adt/varlena/src/builtins.rs	869	excluded-state	p1-lanes (banked by evidence-bank 2026-07-31)	pending	
8264	crates/backend/utils/adt/varlena/src/builtins.rs	870	excluded-state	p1-lanes (banked by evidence-bank 2026-07-31)	pending	
8265	crates/backend/utils/adt/varlena/src/builtins.rs	871	excluded-state	p1-lanes (banked by evidence-bank 2026-07-31)	pending	
8266	crates/backend/utils/adt/varlena/src/builtins.rs	873	excluded-state	p1-lanes (banked by evidence-bank 2026-07-31)	pending	
8267	crates/backend/utils/adt/varlena/src/builtins.rs	874	excluded-state	p1-lanes (banked by evidence-bank 2026-07-31)	pending	
8268	crates/backend/utils/adt/varlena/src/builtins.rs	877	excluded-state	p1-lanes (banked by evidence-bank 2026-07-31)	pending	
8269	crates/backend/utils/adt/varlena/src/builtins.rs	878	excluded-state	p1-lanes (banked by evidence-bank 2026-07-31)	pending	
8270	crates/backend/utils/adt/varlena/src/builtins.rs	879	excluded-state	p1-lanes (banked by evidence-bank 2026-07-31)	pending	
8271	crates/backend/utils/adt/varlena/src/builtins.rs	880	excluded-state	p1-lanes (banked by evidence-bank 2026-07-31)	pending	
8272	crates/backend/utils/adt/varlena/src/builtins.rs	881	excluded-state	p1-lanes (banked by evidence-bank 2026-07-31)	pending	
8273	crates/backend/utils/adt/varlena/src/builtins.rs	882	excluded-state	p1-lanes (banked by evidence-bank 2026-07-31)	pending	
8274	crates/backend/utils/adt/varlena/src/builtins.rs	883	excluded-state	p1-lanes (banked by evidence-bank 2026-07-31)	pending	
8275	crates/backend/utils/adt/varlena/src/builtins.rs	884	excluded-state	p1-lanes (banked by evidence-bank 2026-07-31)	pending	
8276	crates/backend/utils/adt/varlena/src/builtins.rs	888	excluded-state	p1-lanes (banked by evidence-bank 2026-07-31)	pending	
8277	crates/backend/utils/adt/varlena/src/builtins.rs	889	excluded-state	p1-lanes (banked by evidence-bank 2026-07-31)	pending	
8278	crates/backend/utils/adt/varlena/src/builtins.rs	890	excluded-state	p1-lanes (banked by evidence-bank 2026-07-31)	pending	
8279	crates/backend/utils/adt/varlena/src/builtins.rs	891	excluded-state	p1-lanes (banked by evidence-bank 2026-07-31)	pending	
8280	crates/backend/utils/adt/varlena/src/builtins.rs	892	excluded-state	p1-lanes (banked by evidence-bank 2026-07-31)	pending	
8281	crates/backend/utils/adt/varlena/src/builtins.rs	893	excluded-state	p1-lanes (banked by evidence-bank 2026-07-31)	pending	
8282	crates/backend/utils/adt/varlena/src/builtins.rs	894	excluded-state	p1-lanes (banked by evidence-bank 2026-07-31)	pending	
8283	crates/backend/utils/adt/varlena/src/builtins.rs	895	excluded-state	p1-lanes (banked by evidence-bank 2026-07-31)	pending	
8284	crates/backend/utils/adt/varlena/src/builtins.rs	899	excluded-state	p1-lanes (banked by evidence-bank 2026-07-31)	pending	
8285	crates/backend/utils/adt/varlena/src/builtins.rs	900	excluded-state	p1-lanes (banked by evidence-bank 2026-07-31)	pending	
8286	crates/backend/utils/adt/varlena/src/builtins.rs	901	excluded-state	p1-lanes (banked by evidence-bank 2026-07-31)	pending	
8287	crates/backend/utils/adt/varlena/src/builtins.rs	902	excluded-state	p1-lanes (banked by evidence-bank 2026-07-31)	pending	
8288	crates/backend/utils/adt/varlena/src/builtins.rs	903	excluded-state	p1-lanes (banked by evidence-bank 2026-07-31)	pending	
8289	crates/backend/utils/adt/varlena/src/builtins.rs	904	excluded-state	p1-lanes (banked by evidence-bank 2026-07-31)	pending	
8290	crates/backend/utils/adt/varlena/src/builtins.rs	905	excluded-state	p1-lanes (banked by evidence-bank 2026-07-31)	pending	
8291	crates/backend/utils/adt/varlena/src/builtins.rs	906	excluded-state	p1-lanes (banked by evidence-bank 2026-07-31)	pending	
8292	crates/backend/utils/adt/varlena/src/builtins.rs	912	excluded-state	p1-lanes (banked by evidence-bank 2026-07-31)	pending	
8293	crates/backend/utils/adt/varlena/src/lib.rs	160	locale-carve	p1-lanes (banked by evidence-bank 2026-07-31)	pending	
8294	crates/backend/utils/adt/varlena/src/lib.rs	161	locale-carve	p1-lanes (banked by evidence-bank 2026-07-31)	pending	
8295	crates/backend/utils/adt/varlena/src/lib.rs	162	locale-carve	p1-lanes (banked by evidence-bank 2026-07-31)	pending	
8296	crates/backend/utils/adt/varlena/src/lib.rs	164	locale-carve	p1-lanes (banked by evidence-bank 2026-07-31)	pending	
8297	crates/backend/utils/adt/varlena/src/lib.rs	902	excluded-state	p1-lanes (banked by evidence-bank 2026-07-31)	pending	E4-measured
8298	crates/backend/utils/adt/varlena/src/lib.rs	903	excluded-state	p1-lanes (banked by evidence-bank 2026-07-31)	pending	E4-measured
8299	crates/backend/utils/adt/varlena/src/lib.rs	906	excluded-state	p1-lanes (banked by evidence-bank 2026-07-31)	pending	E4-measured
8300	crates/backend/utils/adt/varlena/src/lib.rs	907	excluded-state	p1-lanes (banked by evidence-bank 2026-07-31)	pending	E4-measured
8301	crates/backend/utils/adt/varlena/src/lib.rs	910	excluded-state	p1-lanes (banked by evidence-bank 2026-07-31)	pending	
8302	crates/backend/utils/adt/varlena/src/lib.rs	911	excluded-state	p1-lanes (banked by evidence-bank 2026-07-31)	pending	
8303	crates/backend/utils/adt/varlena/src/lib.rs	912	excluded-state	p1-lanes (banked by evidence-bank 2026-07-31)	pending	
8304	crates/backend/utils/adt/varlena/src/lib.rs	913	excluded-state	p1-lanes (banked by evidence-bank 2026-07-31)	pending	
8305	crates/backend/utils/adt/varlena/src/lib.rs	915	excluded-state	p1-lanes (banked by evidence-bank 2026-07-31)	pending	
8306	crates/backend/utils/adt/varlena/src/lib.rs	673	locale-carve	p1-lanes (banked by evidence-bank 2026-07-31)	pending	
8307	crates/backend/utils/adt/varlena/src/lib.rs	674	locale-carve	p1-lanes (banked by evidence-bank 2026-07-31)	pending	
8308	crates/backend/utils/adt/varlena/src/lib.rs	675	locale-carve	p1-lanes (banked by evidence-bank 2026-07-31)	pending	
8309	crates/backend/utils/adt/varlena/src/lib.rs	676	locale-carve	p1-lanes (banked by evidence-bank 2026-07-31)	pending	
8310	crates/backend/utils/adt/varlena/src/lib.rs	677	locale-carve	p1-lanes (banked by evidence-bank 2026-07-31)	pending	
8311	crates/backend/utils/adt/varlena/src/lib.rs	678	locale-carve	p1-lanes (banked by evidence-bank 2026-07-31)	pending	
8312	crates/backend/utils/adt/varlena/src/lib.rs	679	locale-carve	p1-lanes (banked by evidence-bank 2026-07-31)	pending	
8313	crates/backend/utils/adt/varlena/src/lib.rs	680	locale-carve	p1-lanes (banked by evidence-bank 2026-07-31)	pending	
8314	crates/backend/utils/adt/varlena/src/lib.rs	681	locale-carve	p1-lanes (banked by evidence-bank 2026-07-31)	pending	
8315	crates/backend/utils/adt/varlena/src/lib.rs	683	locale-carve	p1-lanes (banked by evidence-bank 2026-07-31)	pending	
8316	crates/backend/utils/adt/varlena/src/lib.rs	684	locale-carve	p1-lanes (banked by evidence-bank 2026-07-31)	pending	
8317	crates/backend/utils/adt/varlena/src/lib.rs	685	locale-carve	p1-lanes (banked by evidence-bank 2026-07-31)	pending	
8318	crates/backend/utils/adt/varlena/src/lib.rs	686	locale-carve	p1-lanes (banked by evidence-bank 2026-07-31)	pending	
8319	crates/backend/utils/adt/varlena/src/lib.rs	688	locale-carve	p1-lanes (banked by evidence-bank 2026-07-31)	pending	
8320	crates/backend/utils/adt/varlena/src/lib.rs	689	locale-carve	p1-lanes (banked by evidence-bank 2026-07-31)	pending	
8321	crates/backend/utils/adt/varlena/src/lib.rs	691	locale-carve	p1-lanes (banked by evidence-bank 2026-07-31)	pending	
8322	crates/backend/utils/adt/varlena/src/lib.rs	692	locale-carve	p1-lanes (banked by evidence-bank 2026-07-31)	pending	
8323	crates/backend/utils/adt/varlena/src/lib.rs	693	locale-carve	p1-lanes (banked by evidence-bank 2026-07-31)	pending	
8324	crates/backend/utils/adt/varlena/src/lib.rs	694	locale-carve	p1-lanes (banked by evidence-bank 2026-07-31)	pending	
8325	crates/backend/utils/adt/varlena/src/lib.rs	695	locale-carve	p1-lanes (banked by evidence-bank 2026-07-31)	pending	
8326	crates/backend/utils/adt/varlena/src/lib.rs	696	locale-carve	p1-lanes (banked by evidence-bank 2026-07-31)	pending	
8327	crates/backend/utils/adt/varlena/src/lib.rs	699	locale-carve	p1-lanes (banked by evidence-bank 2026-07-31)	pending	
8328	crates/backend/utils/adt/varlena/src/lib.rs	700	locale-carve	p1-lanes (banked by evidence-bank 2026-07-31)	pending	
8329	crates/backend/utils/adt/varlena/src/lib.rs	703	locale-carve	p1-lanes (banked by evidence-bank 2026-07-31)	pending	
8330	crates/backend/utils/adt/varlena/src/lib.rs	704	locale-carve	p1-lanes (banked by evidence-bank 2026-07-31)	pending	
8331	crates/backend/utils/adt/varlena/src/lib.rs	706	locale-carve	p1-lanes (banked by evidence-bank 2026-07-31)	pending	
8332	crates/backend/utils/adt/varlena/src/lib.rs	708	locale-carve	p1-lanes (banked by evidence-bank 2026-07-31)	pending	
8333	crates/backend/utils/adt/varlena/src/lib.rs	209	locale-carve	p1-lanes (banked by evidence-bank 2026-07-31)	pending	
8334	crates/backend/utils/adt/varlena/src/lib.rs	210	locale-carve	p1-lanes (banked by evidence-bank 2026-07-31)	pending	
8335	crates/backend/utils/adt/varlena/src/lib.rs	211	locale-carve	p1-lanes (banked by evidence-bank 2026-07-31)	pending	
8336	crates/backend/utils/adt/varlena/src/lib.rs	213	locale-carve	p1-lanes (banked by evidence-bank 2026-07-31)	pending	
8337	crates/backend/utils/adt/varlena/src/builtins.rs	112	locale-carve	p1-lanes (banked by evidence-bank 2026-07-31)	pending	E4-measured
8338	crates/backend/utils/adt/varlena/src/builtins.rs	113	locale-carve	p1-lanes (banked by evidence-bank 2026-07-31)	pending	E4-measured
8339	crates/backend/utils/adt/varlena/src/builtins.rs	114	locale-carve	p1-lanes (banked by evidence-bank 2026-07-31)	pending	E4-measured
8340	crates/backend/utils/adt/varlena/src/builtins.rs	115	locale-carve	p1-lanes (banked by evidence-bank 2026-07-31)	pending	E4-measured
8341	crates/backend/utils/adt/varlena/src/builtins.rs	116	locale-carve	p1-lanes (banked by evidence-bank 2026-07-31)	pending	E4-measured
8342	crates/backend/utils/adt/varlena/src/builtins.rs	119	locale-carve	p1-lanes (banked by evidence-bank 2026-07-31)	pending	E4-measured
8343	crates/backend/utils/adt/varlena/src/builtins.rs	120	locale-carve	p1-lanes (banked by evidence-bank 2026-07-31)	pending	E4-measured
8344	crates/backend/utils/adt/varlena/src/builtins.rs	122	locale-carve	p1-lanes (banked by evidence-bank 2026-07-31)	pending	E4-measured
8345	crates/backend/utils/adt/varlena/src/builtins.rs	123	locale-carve	p1-lanes (banked by evidence-bank 2026-07-31)	pending	E4-measured
8346	crates/backend/utils/adt/varlena/src/builtins.rs	125	locale-carve	p1-lanes (banked by evidence-bank 2026-07-31)	pending	
8347	crates/backend/utils/adt/varlena/src/builtins.rs	18	unreachable-arm	p1-lanes (banked by evidence-bank 2026-07-31)	pending	
8348	crates/backend/utils/adt/varlena/src/builtins.rs	19	unreachable-arm	p1-lanes (banked by evidence-bank 2026-07-31)	pending	
8349	crates/backend/utils/adt/varlena/src/builtins.rs	64	locale-carve	p1-lanes (banked by evidence-bank 2026-07-31)	pending	
8350	crates/backend/utils/adt/varlena/src/builtins.rs	78	locale-carve	p1-lanes (banked by evidence-bank 2026-07-31)	pending	
8351	crates/backend/utils/adt/varlena/src/builtins.rs	183	instrument-unmappable	p1-lanes (banked by evidence-bank 2026-07-31)	pending	
8352	crates/backend/utils/adt/varlena/src/builtins.rs	195	instrument-unmappable	p1-lanes (banked by evidence-bank 2026-07-31)	pending	
8353	crates/backend/utils/adt/varlena/src/builtins.rs	277	defensive-c-parity	p1-lanes (banked by evidence-bank 2026-07-31)	pending	
8354	crates/backend/utils/adt/varlena/src/builtins.rs	319	unreachable-arm	p1-lanes (banked by evidence-bank 2026-07-31)	pending	
8355	crates/backend/utils/adt/varlena/src/builtins.rs	425	unreachable-arm	p1-lanes (banked by evidence-bank 2026-07-31)	pending	
8356	crates/backend/utils/adt/varlena/src/builtins.rs	682	encoding-carve	p1-lanes (banked by evidence-bank 2026-07-31)	pending	
8357	crates/backend/utils/adt/varlena/src/bytea.rs	18	instrument-unmappable	p1-lanes (banked by evidence-bank 2026-07-31)	pending	
8358	crates/backend/utils/adt/varlena/src/bytea.rs	19	instrument-unmappable	p1-lanes (banked by evidence-bank 2026-07-31)	pending	
8359	crates/backend/utils/adt/varlena/src/bytea.rs	20	instrument-unmappable	p1-lanes (banked by evidence-bank 2026-07-31)	pending	
8360	crates/backend/utils/adt/varlena/src/bytea.rs	21	const-eval-only	p1-lanes (banked by evidence-bank 2026-07-31)	pending	
8361	crates/backend/utils/adt/varlena/src/bytea.rs	22	const-eval-only	p1-lanes (banked by evidence-bank 2026-07-31)	pending	
8362	crates/backend/utils/adt/varlena/src/bytea.rs	23	const-eval-only	p1-lanes (banked by evidence-bank 2026-07-31)	pending	
8363	crates/backend/utils/adt/varlena/src/bytea.rs	24	const-eval-only	p1-lanes (banked by evidence-bank 2026-07-31)	pending	
8364	crates/backend/utils/adt/varlena/src/bytea.rs	26	instrument-unmappable	p1-lanes (banked by evidence-bank 2026-07-31)	pending	
8365	crates/backend/utils/adt/varlena/src/bytea.rs	31	instrument-unmappable	p1-lanes (banked by evidence-bank 2026-07-31)	pending	
8366	crates/backend/utils/adt/varlena/src/bytea.rs	32	const-eval-only	p1-lanes (banked by evidence-bank 2026-07-31)	pending	
8367	crates/backend/utils/adt/varlena/src/bytea.rs	33	const-eval-only	p1-lanes (banked by evidence-bank 2026-07-31)	pending	
8368	crates/backend/utils/adt/varlena/src/bytea.rs	34	const-eval-only	p1-lanes (banked by evidence-bank 2026-07-31)	pending	
8369	crates/backend/utils/adt/varlena/src/bytea.rs	35	const-eval-only	p1-lanes (banked by evidence-bank 2026-07-31)	pending	
8370	crates/backend/utils/adt/varlena/src/bytea.rs	36	const-eval-only	p1-lanes (banked by evidence-bank 2026-07-31)	pending	
8371	crates/backend/utils/adt/varlena/src/bytea.rs	37	const-eval-only	p1-lanes (banked by evidence-bank 2026-07-31)	pending	
8372	crates/backend/utils/adt/varlena/src/bytea.rs	38	const-eval-only	p1-lanes (banked by evidence-bank 2026-07-31)	pending	
8373	crates/backend/utils/adt/varlena/src/bytea.rs	39	const-eval-only	p1-lanes (banked by evidence-bank 2026-07-31)	pending	
8374	crates/backend/utils/adt/varlena/src/bytea.rs	41	const-eval-only	p1-lanes (banked by evidence-bank 2026-07-31)	pending	
8375	crates/backend/utils/adt/varlena/src/bytea.rs	43	instrument-unmappable	p1-lanes (banked by evidence-bank 2026-07-31)	pending	
8376	crates/backend/utils/adt/varlena/src/bytea.rs	244	defensive-c-parity	p1-lanes (banked by evidence-bank 2026-07-31)	pending	
8377	crates/backend/utils/adt/varlena/src/bytea.rs	245	defensive-c-parity	p1-lanes (banked by evidence-bank 2026-07-31)	pending	
8378	crates/backend/utils/adt/varlena/src/bytea.rs	246	defensive-c-parity	p1-lanes (banked by evidence-bank 2026-07-31)	pending	
8379	crates/backend/utils/adt/varlena/src/bytea.rs	247	defensive-c-parity	p1-lanes (banked by evidence-bank 2026-07-31)	pending	
8380	crates/backend/utils/adt/varlena/src/bytea.rs	264	defensive-c-parity	p1-lanes (banked by evidence-bank 2026-07-31)	pending	
8381	crates/backend/utils/adt/varlena/src/levenshtein.rs	90	defensive-c-parity	p1-lanes (banked by evidence-bank 2026-07-31)	pending	
8382	crates/backend/utils/adt/varlena/src/lib.rs	64	cross-crate-entry	p1-lanes (banked by evidence-bank 2026-07-31)	pending	
8383	crates/backend/utils/adt/varlena/src/lib.rs	65	cross-crate-entry	p1-lanes (banked by evidence-bank 2026-07-31)	pending	
8384	crates/backend/utils/adt/varlena/src/lib.rs	66	cross-crate-entry	p1-lanes (banked by evidence-bank 2026-07-31)	pending	
8385	crates/backend/utils/adt/varlena/src/lib.rs	67	cross-crate-entry	p1-lanes (banked by evidence-bank 2026-07-31)	pending	
8386	crates/backend/utils/adt/varlena/src/lib.rs	72	cross-crate-entry	p1-lanes (banked by evidence-bank 2026-07-31)	pending	
8387	crates/backend/utils/adt/varlena/src/lib.rs	73	cross-crate-entry	p1-lanes (banked by evidence-bank 2026-07-31)	pending	
8388	crates/backend/utils/adt/varlena/src/lib.rs	74	cross-crate-entry	p1-lanes (banked by evidence-bank 2026-07-31)	pending	
8389	crates/backend/utils/adt/varlena/src/lib.rs	75	cross-crate-entry	p1-lanes (banked by evidence-bank 2026-07-31)	pending	
8390	crates/backend/utils/adt/varlena/src/lib.rs	76	cross-crate-entry	p1-lanes (banked by evidence-bank 2026-07-31)	pending	
8391	crates/backend/utils/adt/varlena/src/lib.rs	77	cross-crate-entry	p1-lanes (banked by evidence-bank 2026-07-31)	pending	
8392	crates/backend/utils/adt/varlena/src/lib.rs	79	cross-crate-entry	p1-lanes (banked by evidence-bank 2026-07-31)	pending	
8393	crates/backend/utils/adt/varlena/src/lib.rs	80	cross-crate-entry	p1-lanes (banked by evidence-bank 2026-07-31)	pending	
8394	crates/backend/utils/adt/varlena/src/lib.rs	81	cross-crate-entry	p1-lanes (banked by evidence-bank 2026-07-31)	pending	
8395	crates/backend/utils/adt/varlena/src/lib.rs	83	cross-crate-entry	p1-lanes (banked by evidence-bank 2026-07-31)	pending	
8396	crates/backend/utils/adt/varlena/src/lib.rs	84	cross-crate-entry	p1-lanes (banked by evidence-bank 2026-07-31)	pending	
8397	crates/backend/utils/adt/varlena/src/lib.rs	85	cross-crate-entry	p1-lanes (banked by evidence-bank 2026-07-31)	pending	
8398	crates/backend/utils/adt/varlena/src/lib.rs	115	locale-carve	p1-lanes (banked by evidence-bank 2026-07-31)	pending	
8399	crates/backend/utils/adt/varlena/src/lib.rs	144	cross-crate-entry	p1-lanes (banked by evidence-bank 2026-07-31)	pending	
8400	crates/backend/utils/adt/varlena/src/lib.rs	145	cross-crate-entry	p1-lanes (banked by evidence-bank 2026-07-31)	pending	
8401	crates/backend/utils/adt/varlena/src/lib.rs	146	cross-crate-entry	p1-lanes (banked by evidence-bank 2026-07-31)	pending	
8402	crates/backend/utils/adt/varlena/src/lib.rs	147	cross-crate-entry	p1-lanes (banked by evidence-bank 2026-07-31)	pending	
8403	crates/backend/utils/adt/varlena/src/lib.rs	155	locale-carve	p1-lanes (banked by evidence-bank 2026-07-31)	pending	
8404	crates/backend/utils/adt/varlena/src/lib.rs	182	locale-carve	p1-lanes (banked by evidence-bank 2026-07-31)	pending	
8405	crates/backend/utils/adt/varlena/src/lib.rs	192	locale-carve	p1-lanes (banked by evidence-bank 2026-07-31)	pending	
8406	crates/backend/utils/adt/varlena/src/lib.rs	193	locale-carve	p1-lanes (banked by evidence-bank 2026-07-31)	pending	
8407	crates/backend/utils/adt/varlena/src/lib.rs	194	locale-carve	p1-lanes (banked by evidence-bank 2026-07-31)	pending	
8408	crates/backend/utils/adt/varlena/src/lib.rs	196	locale-carve	p1-lanes (banked by evidence-bank 2026-07-31)	pending	
8409	crates/backend/utils/adt/varlena/src/lib.rs	204	locale-carve	p1-lanes (banked by evidence-bank 2026-07-31)	pending	
8410	crates/backend/utils/adt/varlena/src/lib.rs	253	locale-carve	p1-lanes (banked by evidence-bank 2026-07-31)	pending	
8411	crates/backend/utils/adt/varlena/src/lib.rs	254	locale-carve	p1-lanes (banked by evidence-bank 2026-07-31)	pending	
8412	crates/backend/utils/adt/varlena/src/lib.rs	255	locale-carve	p1-lanes (banked by evidence-bank 2026-07-31)	pending	
8413	crates/backend/utils/adt/varlena/src/lib.rs	257	locale-carve	p1-lanes (banked by evidence-bank 2026-07-31)	pending	
8414	crates/backend/utils/adt/varlena/src/lib.rs	291	proof-covered-unmeasured	p1-lanes (banked by evidence-bank 2026-07-31)	pending	E4-measured
8415	crates/backend/utils/adt/varlena/src/lib.rs	305	encoding-carve	p1-lanes (banked by evidence-bank 2026-07-31)	pending	
8416	crates/backend/utils/adt/varlena/src/lib.rs	332	excluded-state	p1-lanes (banked by evidence-bank 2026-07-31)	pending	
8417	crates/backend/utils/adt/varlena/src/lib.rs	333	excluded-state	p1-lanes (banked by evidence-bank 2026-07-31)	pending	
8418	crates/backend/utils/adt/varlena/src/lib.rs	334	excluded-state	p1-lanes (banked by evidence-bank 2026-07-31)	pending	
8419	crates/backend/utils/adt/varlena/src/lib.rs	335	excluded-state	p1-lanes (banked by evidence-bank 2026-07-31)	pending	
8420	crates/backend/utils/adt/varlena/src/lib.rs	337	excluded-state	p1-lanes (banked by evidence-bank 2026-07-31)	pending	
8421	crates/backend/utils/adt/varlena/src/lib.rs	338	excluded-state	p1-lanes (banked by evidence-bank 2026-07-31)	pending	
8422	crates/backend/utils/adt/varlena/src/lib.rs	340	excluded-state	p1-lanes (banked by evidence-bank 2026-07-31)	pending	
8423	crates/backend/utils/adt/varlena/src/lib.rs	341	excluded-state	p1-lanes (banked by evidence-bank 2026-07-31)	pending	
8424	crates/backend/utils/adt/varlena/src/lib.rs	343	excluded-state	p1-lanes (banked by evidence-bank 2026-07-31)	pending	
8425	crates/backend/utils/adt/varlena/src/lib.rs	347	excluded-state	p1-lanes (banked by evidence-bank 2026-07-31)	pending	
8426	crates/backend/utils/adt/varlena/src/lib.rs	348	excluded-state	p1-lanes (banked by evidence-bank 2026-07-31)	pending	
8427	crates/backend/utils/adt/varlena/src/lib.rs	354	excluded-state	p1-lanes (banked by evidence-bank 2026-07-31)	pending	
8428	crates/backend/utils/adt/varlena/src/lib.rs	377	excluded-state	p1-lanes (banked by evidence-bank 2026-07-31)	pending	
8429	crates/backend/utils/adt/varlena/src/lib.rs	378	excluded-state	p1-lanes (banked by evidence-bank 2026-07-31)	pending	
8430	crates/backend/utils/adt/varlena/src/lib.rs	379	excluded-state	p1-lanes (banked by evidence-bank 2026-07-31)	pending	
8431	crates/backend/utils/adt/varlena/src/lib.rs	380	excluded-state	p1-lanes (banked by evidence-bank 2026-07-31)	pending	
8432	crates/backend/utils/adt/varlena/src/lib.rs	381	excluded-state	p1-lanes (banked by evidence-bank 2026-07-31)	pending	
8433	crates/backend/utils/adt/varlena/src/lib.rs	382	excluded-state	p1-lanes (banked by evidence-bank 2026-07-31)	pending	
8434	crates/backend/utils/adt/varlena/src/lib.rs	637	locale-carve	p1-lanes (banked by evidence-bank 2026-07-31)	pending	
8435	crates/backend/utils/adt/varlena/src/lib.rs	714	encoding-carve	p1-lanes (banked by evidence-bank 2026-07-31)	pending	
8436	crates/backend/utils/adt/varlena/src/lib.rs	721	encoding-carve	p1-lanes (banked by evidence-bank 2026-07-31)	pending	
8437	crates/backend/utils/adt/varlena/src/lib.rs	726	encoding-carve	p1-lanes (banked by evidence-bank 2026-07-31)	pending	
8438	crates/backend/utils/adt/varlena/src/lib.rs	727	encoding-carve	p1-lanes (banked by evidence-bank 2026-07-31)	pending	
8439	crates/backend/utils/adt/varlena/src/lib.rs	728	encoding-carve	p1-lanes (banked by evidence-bank 2026-07-31)	pending	
8440	crates/backend/utils/adt/varlena/src/lib.rs	729	encoding-carve	p1-lanes (banked by evidence-bank 2026-07-31)	pending	
8441	crates/backend/utils/adt/varlena/src/lib.rs	730	encoding-carve	p1-lanes (banked by evidence-bank 2026-07-31)	pending	
8442	crates/backend/utils/adt/varlena/src/lib.rs	731	encoding-carve	p1-lanes (banked by evidence-bank 2026-07-31)	pending	
8443	crates/backend/utils/adt/varlena/src/lib.rs	732	encoding-carve	p1-lanes (banked by evidence-bank 2026-07-31)	pending	
8444	crates/backend/utils/adt/varlena/src/lib.rs	746	cross-crate-entry	p1-lanes (banked by evidence-bank 2026-07-31)	pending	
8445	crates/backend/utils/adt/varlena/src/lib.rs	747	cross-crate-entry	p1-lanes (banked by evidence-bank 2026-07-31)	pending	
8446	crates/backend/utils/adt/varlena/src/unicode.rs	24	encoding-carve	p1-lanes (banked by evidence-bank 2026-07-31)	pending	
8447	crates/backend/utils/adt/varlena/src/unicode.rs	25	encoding-carve	p1-lanes (banked by evidence-bank 2026-07-31)	pending	
8448	crates/backend/utils/adt/varlena/src/unicode.rs	27	encoding-carve	p1-lanes (banked by evidence-bank 2026-07-31)	pending	
8449	crates/backend/utils/adt/varlena/src/unicode.rs	28	encoding-carve	p1-lanes (banked by evidence-bank 2026-07-31)	pending	
8450	crates/backend/utils/adt/varlena/src/unicode.rs	50	encoding-carve	p1-lanes (banked by evidence-bank 2026-07-31)	pending	
8451	crates/backend/utils/adt/varlena/src/unicode.rs	51	encoding-carve	p1-lanes (banked by evidence-bank 2026-07-31)	pending	
8452	crates/backend/utils/adt/varlena/src/unicode.rs	53	encoding-carve	p1-lanes (banked by evidence-bank 2026-07-31)	pending	
8453	crates/backend/utils/adt/multirangetypes/src/builtins.rs	41	excluded-state	p1-laneac (banked by evidence-bank 2026-07-31)	pending	
8454	crates/backend/utils/adt/multirangetypes/src/builtins.rs	43	excluded-state	p1-laneac (banked by evidence-bank 2026-07-31)	pending	
8455	crates/backend/utils/adt/multirangetypes/src/builtins.rs	44	excluded-state	p1-laneac (banked by evidence-bank 2026-07-31)	pending	
8456	crates/backend/utils/adt/multirangetypes/src/builtins.rs	45	excluded-state	p1-laneac (banked by evidence-bank 2026-07-31)	pending	
8457	crates/backend/utils/adt/multirangetypes/src/builtins.rs	46	excluded-state	p1-laneac (banked by evidence-bank 2026-07-31)	pending	
8458	crates/backend/utils/adt/multirangetypes/src/builtins.rs	48	excluded-state	p1-laneac (banked by evidence-bank 2026-07-31)	pending	
8459	crates/backend/utils/adt/multirangetypes/src/builtins.rs	49	excluded-state	p1-laneac (banked by evidence-bank 2026-07-31)	pending	
8460	crates/backend/utils/adt/multirangetypes/src/builtins.rs	50	excluded-state	p1-laneac (banked by evidence-bank 2026-07-31)	pending	
8461	crates/backend/utils/adt/multirangetypes/src/builtins.rs	53	excluded-state	p1-laneac (banked by evidence-bank 2026-07-31)	pending	
8462	crates/backend/utils/adt/multirangetypes/src/builtins.rs	57	excluded-state	p1-laneac (banked by evidence-bank 2026-07-31)	pending	
8463	crates/backend/utils/adt/multirangetypes/src/builtins.rs	77	instrument-unmappable	p1-laneac (banked by evidence-bank 2026-07-31)	pending	
8464	crates/backend/utils/adt/multirangetypes/src/builtins.rs	91	instrument-unmappable	p1-laneac (banked by evidence-bank 2026-07-31)	pending	
8465	crates/backend/utils/adt/multirangetypes/src/builtins.rs	105	instrument-unmappable	p1-laneac (banked by evidence-bank 2026-07-31)	pending	
8466	crates/backend/utils/adt/multirangetypes/src/builtins.rs	117	instrument-unmappable	p1-laneac (banked by evidence-bank 2026-07-31)	pending	
8467	crates/backend/utils/adt/multirangetypes/src/builtins.rs	155	excluded-state	p1-laneac (banked by evidence-bank 2026-07-31)	pending	
8468	crates/backend/utils/adt/multirangetypes/src/builtins.rs	216	instrument-unmappable	p1-laneac (banked by evidence-bank 2026-07-31)	pending	
8469	crates/backend/utils/adt/multirangetypes/src/builtins.rs	217	instrument-unmappable	p1-laneac (banked by evidence-bank 2026-07-31)	pending	
8470	crates/backend/utils/adt/multirangetypes/src/builtins.rs	301	excluded-state	p1-laneac (banked by evidence-bank 2026-07-31)	pending	
8471	crates/backend/utils/adt/multirangetypes/src/builtins.rs	302	excluded-state	p1-laneac (banked by evidence-bank 2026-07-31)	pending	
8472	crates/backend/utils/adt/multirangetypes/src/builtins.rs	305	excluded-state	p1-laneac (banked by evidence-bank 2026-07-31)	pending	
8473	crates/backend/utils/adt/multirangetypes/src/builtins.rs	306	excluded-state	p1-laneac (banked by evidence-bank 2026-07-31)	pending	
8474	crates/backend/utils/adt/multirangetypes/src/builtins.rs	307	excluded-state	p1-laneac (banked by evidence-bank 2026-07-31)	pending	
8475	crates/backend/utils/adt/multirangetypes/src/builtins.rs	308	excluded-state	p1-laneac (banked by evidence-bank 2026-07-31)	pending	
8476	crates/backend/utils/adt/multirangetypes/src/builtins.rs	310	excluded-state	p1-laneac (banked by evidence-bank 2026-07-31)	pending	
8477	crates/backend/utils/adt/multirangetypes/src/builtins.rs	311	excluded-state	p1-laneac (banked by evidence-bank 2026-07-31)	pending	
8478	crates/backend/utils/adt/multirangetypes/src/builtins.rs	313	excluded-state	p1-laneac (banked by evidence-bank 2026-07-31)	pending	
8479	crates/backend/utils/adt/multirangetypes/src/builtins.rs	314	excluded-state	p1-laneac (banked by evidence-bank 2026-07-31)	pending	
8480	crates/backend/utils/adt/multirangetypes/src/builtins.rs	315	excluded-state	p1-laneac (banked by evidence-bank 2026-07-31)	pending	
8481	crates/backend/utils/adt/multirangetypes/src/builtins.rs	316	excluded-state	p1-laneac (banked by evidence-bank 2026-07-31)	pending	
8482	crates/backend/utils/adt/multirangetypes/src/builtins.rs	317	excluded-state	p1-laneac (banked by evidence-bank 2026-07-31)	pending	
8483	crates/backend/utils/adt/multirangetypes/src/builtins.rs	320	excluded-state	p1-laneac (banked by evidence-bank 2026-07-31)	pending	
8484	crates/backend/utils/adt/multirangetypes/src/builtins.rs	321	excluded-state	p1-laneac (banked by evidence-bank 2026-07-31)	pending	
8485	crates/backend/utils/adt/multirangetypes/src/builtins.rs	322	excluded-state	p1-laneac (banked by evidence-bank 2026-07-31)	pending	
8486	crates/backend/utils/adt/multirangetypes/src/builtins.rs	323	excluded-state	p1-laneac (banked by evidence-bank 2026-07-31)	pending	
8487	crates/backend/utils/adt/multirangetypes/src/builtins.rs	324	excluded-state	p1-laneac (banked by evidence-bank 2026-07-31)	pending	
8488	crates/backend/utils/adt/multirangetypes/src/builtins.rs	325	excluded-state	p1-laneac (banked by evidence-bank 2026-07-31)	pending	
8489	crates/backend/utils/adt/multirangetypes/src/builtins.rs	326	excluded-state	p1-laneac (banked by evidence-bank 2026-07-31)	pending	
8490	crates/backend/utils/adt/multirangetypes/src/builtins.rs	327	excluded-state	p1-laneac (banked by evidence-bank 2026-07-31)	pending	
8491	crates/backend/utils/adt/multirangetypes/src/builtins.rs	328	excluded-state	p1-laneac (banked by evidence-bank 2026-07-31)	pending	
8492	crates/backend/utils/adt/multirangetypes/src/builtins.rs	333	excluded-state	p1-laneac (banked by evidence-bank 2026-07-31)	pending	
8493	crates/backend/utils/adt/multirangetypes/src/builtins.rs	334	excluded-state	p1-laneac (banked by evidence-bank 2026-07-31)	pending	
8494	crates/backend/utils/adt/multirangetypes/src/builtins.rs	335	excluded-state	p1-laneac (banked by evidence-bank 2026-07-31)	pending	
8495	crates/backend/utils/adt/multirangetypes/src/builtins.rs	336	excluded-state	p1-laneac (banked by evidence-bank 2026-07-31)	pending	
8496	crates/backend/utils/adt/multirangetypes/src/builtins.rs	337	excluded-state	p1-laneac (banked by evidence-bank 2026-07-31)	pending	
8497	crates/backend/utils/adt/multirangetypes/src/builtins.rs	338	excluded-state	p1-laneac (banked by evidence-bank 2026-07-31)	pending	
8498	crates/backend/utils/adt/multirangetypes/src/builtins.rs	339	excluded-state	p1-laneac (banked by evidence-bank 2026-07-31)	pending	
8499	crates/backend/utils/adt/multirangetypes/src/builtins.rs	340	excluded-state	p1-laneac (banked by evidence-bank 2026-07-31)	pending	
8500	crates/backend/utils/adt/multirangetypes/src/builtins.rs	341	excluded-state	p1-laneac (banked by evidence-bank 2026-07-31)	pending	
8501	crates/backend/utils/adt/multirangetypes/src/builtins.rs	342	excluded-state	p1-laneac (banked by evidence-bank 2026-07-31)	pending	
8502	crates/backend/utils/adt/multirangetypes/src/builtins.rs	343	excluded-state	p1-laneac (banked by evidence-bank 2026-07-31)	pending	
8503	crates/backend/utils/adt/multirangetypes/src/builtins.rs	346	excluded-state	p1-laneac (banked by evidence-bank 2026-07-31)	pending	
8504	crates/backend/utils/adt/multirangetypes/src/builtins.rs	347	excluded-state	p1-laneac (banked by evidence-bank 2026-07-31)	pending	
8505	crates/backend/utils/adt/multirangetypes/src/builtins.rs	349	excluded-state	p1-laneac (banked by evidence-bank 2026-07-31)	pending	
8506	crates/backend/utils/adt/multirangetypes/src/builtins.rs	353	excluded-state	p1-laneac (banked by evidence-bank 2026-07-31)	pending	
8507	crates/backend/utils/adt/multirangetypes/src/builtins.rs	355	excluded-state	p1-laneac (banked by evidence-bank 2026-07-31)	pending	
8508	crates/backend/utils/adt/multirangetypes/src/builtins.rs	356	excluded-state	p1-laneac (banked by evidence-bank 2026-07-31)	pending	
8509	crates/backend/utils/adt/multirangetypes/src/builtins.rs	358	excluded-state	p1-laneac (banked by evidence-bank 2026-07-31)	pending	
8510	crates/backend/utils/adt/multirangetypes/src/builtins.rs	359	excluded-state	p1-laneac (banked by evidence-bank 2026-07-31)	pending	
8511	crates/backend/utils/adt/multirangetypes/src/builtins.rs	360	excluded-state	p1-laneac (banked by evidence-bank 2026-07-31)	pending	
8512	crates/backend/utils/adt/multirangetypes/src/builtins.rs	361	excluded-state	p1-laneac (banked by evidence-bank 2026-07-31)	pending	
8513	crates/backend/utils/adt/multirangetypes/src/builtins.rs	363	excluded-state	p1-laneac (banked by evidence-bank 2026-07-31)	pending	
8514	crates/backend/utils/adt/multirangetypes/src/builtins.rs	364	excluded-state	p1-laneac (banked by evidence-bank 2026-07-31)	pending	
8515	crates/backend/utils/adt/multirangetypes/src/builtins.rs	367	excluded-state	p1-laneac (banked by evidence-bank 2026-07-31)	pending	
8516	crates/backend/utils/adt/multirangetypes/src/builtins.rs	368	excluded-state	p1-laneac (banked by evidence-bank 2026-07-31)	pending	
8517	crates/backend/utils/adt/multirangetypes/src/builtins.rs	369	excluded-state	p1-laneac (banked by evidence-bank 2026-07-31)	pending	
8518	crates/backend/utils/adt/multirangetypes/src/builtins.rs	370	excluded-state	p1-laneac (banked by evidence-bank 2026-07-31)	pending	
8519	crates/backend/utils/adt/multirangetypes/src/builtins.rs	373	excluded-state	p1-laneac (banked by evidence-bank 2026-07-31)	pending	
8520	crates/backend/utils/adt/multirangetypes/src/builtins.rs	376	excluded-state	p1-laneac (banked by evidence-bank 2026-07-31)	pending	
8521	crates/backend/utils/adt/multirangetypes/src/builtins.rs	378	excluded-state	p1-laneac (banked by evidence-bank 2026-07-31)	pending	
8522	crates/backend/utils/adt/multirangetypes/src/builtins.rs	379	excluded-state	p1-laneac (banked by evidence-bank 2026-07-31)	pending	
8523	crates/backend/utils/adt/multirangetypes/src/builtins.rs	381	excluded-state	p1-laneac (banked by evidence-bank 2026-07-31)	pending	
8524	crates/backend/utils/adt/multirangetypes/src/builtins.rs	382	excluded-state	p1-laneac (banked by evidence-bank 2026-07-31)	pending	
8525	crates/backend/utils/adt/multirangetypes/src/builtins.rs	384	excluded-state	p1-laneac (banked by evidence-bank 2026-07-31)	pending	
8526	crates/backend/utils/adt/multirangetypes/src/builtins.rs	386	excluded-state	p1-laneac (banked by evidence-bank 2026-07-31)	pending	
8527	crates/backend/utils/adt/multirangetypes/src/builtins.rs	387	excluded-state	p1-laneac (banked by evidence-bank 2026-07-31)	pending	
8528	crates/backend/utils/adt/multirangetypes/src/builtins.rs	388	excluded-state	p1-laneac (banked by evidence-bank 2026-07-31)	pending	
8529	crates/backend/utils/adt/multirangetypes/src/builtins.rs	390	excluded-state	p1-laneac (banked by evidence-bank 2026-07-31)	pending	
8530	crates/backend/utils/adt/multirangetypes/src/builtins.rs	393	excluded-state	p1-laneac (banked by evidence-bank 2026-07-31)	pending	
8531	crates/backend/utils/adt/multirangetypes/src/builtins.rs	394	excluded-state	p1-laneac (banked by evidence-bank 2026-07-31)	pending	
8532	crates/backend/utils/adt/multirangetypes/src/builtins.rs	395	excluded-state	p1-laneac (banked by evidence-bank 2026-07-31)	pending	
8533	crates/backend/utils/adt/multirangetypes/src/builtins.rs	396	excluded-state	p1-laneac (banked by evidence-bank 2026-07-31)	pending	
8534	crates/backend/utils/adt/multirangetypes/src/builtins.rs	397	excluded-state	p1-laneac (banked by evidence-bank 2026-07-31)	pending	
8535	crates/backend/utils/adt/multirangetypes/src/builtins.rs	398	excluded-state	p1-laneac (banked by evidence-bank 2026-07-31)	pending	
8536	crates/backend/utils/adt/multirangetypes/src/builtins.rs	399	excluded-state	p1-laneac (banked by evidence-bank 2026-07-31)	pending	
8537	crates/backend/utils/adt/multirangetypes/src/builtins.rs	400	excluded-state	p1-laneac (banked by evidence-bank 2026-07-31)	pending	
8538	crates/backend/utils/adt/multirangetypes/src/builtins.rs	404	excluded-state	p1-laneac (banked by evidence-bank 2026-07-31)	pending	
8539	crates/backend/utils/adt/multirangetypes/src/builtins.rs	405	excluded-state	p1-laneac (banked by evidence-bank 2026-07-31)	pending	
8540	crates/backend/utils/adt/multirangetypes/src/builtins.rs	407	excluded-state	p1-laneac (banked by evidence-bank 2026-07-31)	pending	
8541	crates/backend/utils/adt/multirangetypes/src/builtins.rs	408	excluded-state	p1-laneac (banked by evidence-bank 2026-07-31)	pending	
8542	crates/backend/utils/adt/multirangetypes/src/builtins.rs	410	excluded-state	p1-laneac (banked by evidence-bank 2026-07-31)	pending	
8543	crates/backend/utils/adt/multirangetypes/src/builtins.rs	412	excluded-state	p1-laneac (banked by evidence-bank 2026-07-31)	pending	
8544	crates/backend/utils/adt/multirangetypes/src/builtins.rs	414	excluded-state	p1-laneac (banked by evidence-bank 2026-07-31)	pending	
8545	crates/backend/utils/adt/multirangetypes/src/builtins.rs	416	excluded-state	p1-laneac (banked by evidence-bank 2026-07-31)	pending	
8546	crates/backend/utils/adt/multirangetypes/src/builtins.rs	417	excluded-state	p1-laneac (banked by evidence-bank 2026-07-31)	pending	
8547	crates/backend/utils/adt/multirangetypes/src/builtins.rs	420	excluded-state	p1-laneac (banked by evidence-bank 2026-07-31)	pending	
8548	crates/backend/utils/adt/multirangetypes/src/builtins.rs	421	excluded-state	p1-laneac (banked by evidence-bank 2026-07-31)	pending	
8549	crates/backend/utils/adt/multirangetypes/src/builtins.rs	422	excluded-state	p1-laneac (banked by evidence-bank 2026-07-31)	pending	
8550	crates/backend/utils/adt/multirangetypes/src/builtins.rs	423	excluded-state	p1-laneac (banked by evidence-bank 2026-07-31)	pending	
8551	crates/backend/utils/adt/multirangetypes/src/builtins.rs	425	excluded-state	p1-laneac (banked by evidence-bank 2026-07-31)	pending	
8552	crates/backend/utils/adt/multirangetypes/src/builtins.rs	426	excluded-state	p1-laneac (banked by evidence-bank 2026-07-31)	pending	
8553	crates/backend/utils/adt/multirangetypes/src/builtins.rs	428	excluded-state	p1-laneac (banked by evidence-bank 2026-07-31)	pending	
8554	crates/backend/utils/adt/multirangetypes/src/builtins.rs	429	excluded-state	p1-laneac (banked by evidence-bank 2026-07-31)	pending	
8555	crates/backend/utils/adt/multirangetypes/src/builtins.rs	430	excluded-state	p1-laneac (banked by evidence-bank 2026-07-31)	pending	
8556	crates/backend/utils/adt/multirangetypes/src/builtins.rs	431	excluded-state	p1-laneac (banked by evidence-bank 2026-07-31)	pending	
8557	crates/backend/utils/adt/multirangetypes/src/builtins.rs	433	excluded-state	p1-laneac (banked by evidence-bank 2026-07-31)	pending	
8558	crates/backend/utils/adt/multirangetypes/src/builtins.rs	434	excluded-state	p1-laneac (banked by evidence-bank 2026-07-31)	pending	
8559	crates/backend/utils/adt/multirangetypes/src/builtins.rs	435	excluded-state	p1-laneac (banked by evidence-bank 2026-07-31)	pending	
8560	crates/backend/utils/adt/multirangetypes/src/builtins.rs	436	excluded-state	p1-laneac (banked by evidence-bank 2026-07-31)	pending	
8561	crates/backend/utils/adt/multirangetypes/src/builtins.rs	437	excluded-state	p1-laneac (banked by evidence-bank 2026-07-31)	pending	
8562	crates/backend/utils/adt/multirangetypes/src/builtins.rs	438	excluded-state	p1-laneac (banked by evidence-bank 2026-07-31)	pending	
8563	crates/backend/utils/adt/multirangetypes/src/builtins.rs	439	excluded-state	p1-laneac (banked by evidence-bank 2026-07-31)	pending	
8564	crates/backend/utils/adt/multirangetypes/src/builtins.rs	442	excluded-state	p1-laneac (banked by evidence-bank 2026-07-31)	pending	
8565	crates/backend/utils/adt/multirangetypes/src/builtins.rs	443	excluded-state	p1-laneac (banked by evidence-bank 2026-07-31)	pending	
8566	crates/backend/utils/adt/multirangetypes/src/builtins.rs	444	excluded-state	p1-laneac (banked by evidence-bank 2026-07-31)	pending	
8567	crates/backend/utils/adt/multirangetypes/src/builtins.rs	445	excluded-state	p1-laneac (banked by evidence-bank 2026-07-31)	pending	
8568	crates/backend/utils/adt/multirangetypes/src/builtins.rs	447	excluded-state	p1-laneac (banked by evidence-bank 2026-07-31)	pending	
8569	crates/backend/utils/adt/multirangetypes/src/builtins.rs	449	excluded-state	p1-laneac (banked by evidence-bank 2026-07-31)	pending	
8570	crates/backend/utils/adt/multirangetypes/src/builtins.rs	451	excluded-state	p1-laneac (banked by evidence-bank 2026-07-31)	pending	
8571	crates/backend/utils/adt/multirangetypes/src/builtins.rs	452	excluded-state	p1-laneac (banked by evidence-bank 2026-07-31)	pending	
8572	crates/backend/utils/adt/multirangetypes/src/builtins.rs	454	excluded-state	p1-laneac (banked by evidence-bank 2026-07-31)	pending	
8573	crates/backend/utils/adt/multirangetypes/src/builtins.rs	455	excluded-state	p1-laneac (banked by evidence-bank 2026-07-31)	pending	
8574	crates/backend/utils/adt/multirangetypes/src/builtins.rs	456	excluded-state	p1-laneac (banked by evidence-bank 2026-07-31)	pending	
8575	crates/backend/utils/adt/multirangetypes/src/builtins.rs	460	excluded-state	p1-laneac (banked by evidence-bank 2026-07-31)	pending	
8576	crates/backend/utils/adt/multirangetypes/src/builtins.rs	511	excluded-state	p1-laneac (banked by evidence-bank 2026-07-31)	pending	
8577	crates/backend/utils/adt/multirangetypes/src/builtins.rs	541	instrument-unmappable	p1-laneac (banked by evidence-bank 2026-07-31)	pending	
8578	crates/backend/utils/adt/multirangetypes/src/builtins.rs	542	instrument-unmappable	p1-laneac (banked by evidence-bank 2026-07-31)	pending	
8579	crates/backend/utils/adt/multirangetypes/src/builtins.rs	543	instrument-unmappable	p1-laneac (banked by evidence-bank 2026-07-31)	pending	
8580	crates/backend/utils/adt/multirangetypes/src/builtins.rs	544	instrument-unmappable	p1-laneac (banked by evidence-bank 2026-07-31)	pending	
8581	crates/backend/utils/adt/multirangetypes/src/builtins.rs	584	instrument-unmappable	p1-laneac (banked by evidence-bank 2026-07-31)	pending	
8582	crates/backend/utils/adt/multirangetypes/src/builtins.rs	585	instrument-unmappable	p1-laneac (banked by evidence-bank 2026-07-31)	pending	
8583	crates/backend/utils/adt/multirangetypes/src/builtins.rs	586	instrument-unmappable	p1-laneac (banked by evidence-bank 2026-07-31)	pending	
8584	crates/backend/utils/adt/multirangetypes/src/builtins.rs	587	instrument-unmappable	p1-laneac (banked by evidence-bank 2026-07-31)	pending	
8585	crates/backend/utils/adt/multirangetypes/src/builtins.rs	588	instrument-unmappable	p1-laneac (banked by evidence-bank 2026-07-31)	pending	
8586	crates/backend/utils/adt/multirangetypes/src/builtins.rs	589	instrument-unmappable	p1-laneac (banked by evidence-bank 2026-07-31)	pending	
8587	crates/backend/utils/adt/multirangetypes/src/builtins.rs	590	instrument-unmappable	p1-laneac (banked by evidence-bank 2026-07-31)	pending	
8588	crates/backend/utils/adt/multirangetypes/src/builtins.rs	591	instrument-unmappable	p1-laneac (banked by evidence-bank 2026-07-31)	pending	
8589	crates/backend/utils/adt/multirangetypes/src/builtins.rs	592	instrument-unmappable	p1-laneac (banked by evidence-bank 2026-07-31)	pending	
8590	crates/backend/utils/adt/multirangetypes/src/builtins.rs	593	instrument-unmappable	p1-laneac (banked by evidence-bank 2026-07-31)	pending	
8591	crates/backend/utils/adt/multirangetypes/src/builtins.rs	594	instrument-unmappable	p1-laneac (banked by evidence-bank 2026-07-31)	pending	
8592	crates/backend/utils/adt/multirangetypes/src/builtins.rs	595	instrument-unmappable	p1-laneac (banked by evidence-bank 2026-07-31)	pending	
8593	crates/backend/utils/adt/multirangetypes/src/builtins.rs	648	instrument-unmappable	p1-laneac (banked by evidence-bank 2026-07-31)	pending	
8594	crates/backend/utils/adt/multirangetypes/src/builtins.rs	659	instrument-unmappable	p1-laneac (banked by evidence-bank 2026-07-31)	pending	
8595	crates/backend/utils/adt/multirangetypes/src/builtins.rs	660	instrument-unmappable	p1-laneac (banked by evidence-bank 2026-07-31)	pending	
8596	crates/backend/utils/adt/multirangetypes/src/builtins.rs	661	instrument-unmappable	p1-laneac (banked by evidence-bank 2026-07-31)	pending	
8597	crates/backend/utils/adt/multirangetypes/src/builtins.rs	662	instrument-unmappable	p1-laneac (banked by evidence-bank 2026-07-31)	pending	
8598	crates/backend/utils/adt/multirangetypes/src/builtins.rs	663	instrument-unmappable	p1-laneac (banked by evidence-bank 2026-07-31)	pending	
8599	crates/backend/utils/adt/multirangetypes/src/builtins.rs	664	instrument-unmappable	p1-laneac (banked by evidence-bank 2026-07-31)	pending	
8600	crates/backend/utils/adt/multirangetypes/src/builtins.rs	665	instrument-unmappable	p1-laneac (banked by evidence-bank 2026-07-31)	pending	
8601	crates/backend/utils/adt/multirangetypes/src/builtins.rs	789	instrument-unmappable	p1-laneac (banked by evidence-bank 2026-07-31)	pending	
8602	crates/backend/utils/adt/multirangetypes/src/builtins.rs	790	instrument-unmappable	p1-laneac (banked by evidence-bank 2026-07-31)	pending	
8603	crates/backend/utils/adt/multirangetypes/src/builtins.rs	791	instrument-unmappable	p1-laneac (banked by evidence-bank 2026-07-31)	pending	
8604	crates/backend/utils/adt/multirangetypes/src/builtins.rs	792	instrument-unmappable	p1-laneac (banked by evidence-bank 2026-07-31)	pending	
8605	crates/backend/utils/adt/multirangetypes/src/builtins.rs	818	excluded-state	p1-laneac (banked by evidence-bank 2026-07-31)	pending	
8606	crates/backend/utils/adt/multirangetypes/src/builtins.rs	819	excluded-state	p1-laneac (banked by evidence-bank 2026-07-31)	pending	
8607	crates/backend/utils/adt/multirangetypes/src/builtins.rs	820	excluded-state	p1-laneac (banked by evidence-bank 2026-07-31)	pending	
8608	crates/backend/utils/adt/multirangetypes/src/builtins.rs	823	excluded-state	p1-laneac (banked by evidence-bank 2026-07-31)	pending	
8609	crates/backend/utils/adt/multirangetypes/src/builtins.rs	824	excluded-state	p1-laneac (banked by evidence-bank 2026-07-31)	pending	
8610	crates/backend/utils/adt/multirangetypes/src/builtins.rs	825	excluded-state	p1-laneac (banked by evidence-bank 2026-07-31)	pending	
8611	crates/backend/utils/adt/multirangetypes/src/builtins.rs	826	excluded-state	p1-laneac (banked by evidence-bank 2026-07-31)	pending	
8612	crates/backend/utils/adt/multirangetypes/src/builtins.rs	827	excluded-state	p1-laneac (banked by evidence-bank 2026-07-31)	pending	
8613	crates/backend/utils/adt/multirangetypes/src/builtins.rs	829	excluded-state	p1-laneac (banked by evidence-bank 2026-07-31)	pending	
8614	crates/backend/utils/adt/multirangetypes/src/builtins.rs	830	excluded-state	p1-laneac (banked by evidence-bank 2026-07-31)	pending	
8615	crates/backend/utils/adt/multirangetypes/src/builtins.rs	832	excluded-state	p1-laneac (banked by evidence-bank 2026-07-31)	pending	
8616	crates/backend/utils/adt/multirangetypes/src/builtins.rs	833	excluded-state	p1-laneac (banked by evidence-bank 2026-07-31)	pending	
8617	crates/backend/utils/adt/multirangetypes/src/builtins.rs	834	excluded-state	p1-laneac (banked by evidence-bank 2026-07-31)	pending	
8618	crates/backend/utils/adt/multirangetypes/src/builtins.rs	835	excluded-state	p1-laneac (banked by evidence-bank 2026-07-31)	pending	
8619	crates/backend/utils/adt/multirangetypes/src/builtins.rs	836	excluded-state	p1-laneac (banked by evidence-bank 2026-07-31)	pending	
8620	crates/backend/utils/adt/multirangetypes/src/builtins.rs	837	excluded-state	p1-laneac (banked by evidence-bank 2026-07-31)	pending	
8621	crates/backend/utils/adt/multirangetypes/src/builtins.rs	838	excluded-state	p1-laneac (banked by evidence-bank 2026-07-31)	pending	
8622	crates/backend/utils/adt/multirangetypes/src/builtins.rs	839	excluded-state	p1-laneac (banked by evidence-bank 2026-07-31)	pending	
8623	crates/backend/utils/adt/multirangetypes/src/builtins.rs	840	excluded-state	p1-laneac (banked by evidence-bank 2026-07-31)	pending	
8624	crates/backend/utils/adt/multirangetypes/src/builtins.rs	841	excluded-state	p1-laneac (banked by evidence-bank 2026-07-31)	pending	
8625	crates/backend/utils/adt/multirangetypes/src/builtins.rs	842	excluded-state	p1-laneac (banked by evidence-bank 2026-07-31)	pending	
8626	crates/backend/utils/adt/multirangetypes/src/builtins.rs	843	excluded-state	p1-laneac (banked by evidence-bank 2026-07-31)	pending	
8627	crates/backend/utils/adt/multirangetypes/src/builtins.rs	845	excluded-state	p1-laneac (banked by evidence-bank 2026-07-31)	pending	
8628	crates/backend/utils/adt/multirangetypes/src/builtins.rs	847	excluded-state	p1-laneac (banked by evidence-bank 2026-07-31)	pending	
8629	crates/backend/utils/adt/multirangetypes/src/builtins.rs	869	const-eval-only	p1-laneac (banked by evidence-bank 2026-07-31)	pending	
8630	crates/backend/utils/adt/multirangetypes/src/builtins.rs	870	const-eval-only	p1-laneac (banked by evidence-bank 2026-07-31)	pending	
8631	crates/backend/utils/adt/multirangetypes/src/builtins.rs	871	const-eval-only	p1-laneac (banked by evidence-bank 2026-07-31)	pending	
8632	crates/backend/utils/adt/multirangetypes/src/builtins.rs	872	const-eval-only	p1-laneac (banked by evidence-bank 2026-07-31)	pending	
8633	crates/backend/utils/adt/multirangetypes/src/builtins.rs	873	const-eval-only	p1-laneac (banked by evidence-bank 2026-07-31)	pending	
8634	crates/backend/utils/adt/multirangetypes/src/builtins.rs	874	const-eval-only	p1-laneac (banked by evidence-bank 2026-07-31)	pending	
8635	crates/backend/utils/adt/multirangetypes/src/builtins.rs	875	const-eval-only	p1-laneac (banked by evidence-bank 2026-07-31)	pending	
8636	crates/backend/utils/adt/multirangetypes/src/builtins.rs	876	const-eval-only	p1-laneac (banked by evidence-bank 2026-07-31)	pending	
8637	crates/backend/utils/adt/multirangetypes/src/builtins.rs	877	const-eval-only	p1-laneac (banked by evidence-bank 2026-07-31)	pending	
8638	crates/backend/utils/adt/multirangetypes/src/builtins.rs	881	const-eval-only	p1-laneac (banked by evidence-bank 2026-07-31)	pending	
8639	crates/backend/utils/adt/multirangetypes/src/io.rs	26	excluded-state	p1-laneac (banked by evidence-bank 2026-07-31)	pending	
8640	crates/backend/utils/adt/multirangetypes/src/io.rs	27	excluded-state	p1-laneac (banked by evidence-bank 2026-07-31)	pending	
8641	crates/backend/utils/adt/multirangetypes/src/io.rs	28	excluded-state	p1-laneac (banked by evidence-bank 2026-07-31)	pending	
8642	crates/backend/utils/adt/multirangetypes/src/io.rs	29	excluded-state	p1-laneac (banked by evidence-bank 2026-07-31)	pending	
8643	crates/backend/utils/adt/multirangetypes/src/io.rs	30	excluded-state	p1-laneac (banked by evidence-bank 2026-07-31)	pending	
8644	crates/backend/utils/adt/multirangetypes/src/io.rs	31	excluded-state	p1-laneac (banked by evidence-bank 2026-07-31)	pending	
8645	crates/backend/utils/adt/multirangetypes/src/io.rs	32	excluded-state	p1-laneac (banked by evidence-bank 2026-07-31)	pending	
8646	crates/backend/utils/adt/multirangetypes/src/io.rs	33	excluded-state	p1-laneac (banked by evidence-bank 2026-07-31)	pending	
8647	crates/backend/utils/adt/multirangetypes/src/io.rs	44	excluded-state	p1-laneac (banked by evidence-bank 2026-07-31)	pending	
8648	crates/backend/utils/adt/multirangetypes/src/io.rs	47	excluded-state	p1-laneac (banked by evidence-bank 2026-07-31)	pending	
8649	crates/backend/utils/adt/multirangetypes/src/io.rs	48	excluded-state	p1-laneac (banked by evidence-bank 2026-07-31)	pending	
8650	crates/backend/utils/adt/multirangetypes/src/io.rs	49	excluded-state	p1-laneac (banked by evidence-bank 2026-07-31)	pending	
8651	crates/backend/utils/adt/multirangetypes/src/io.rs	50	excluded-state	p1-laneac (banked by evidence-bank 2026-07-31)	pending	
8652	crates/backend/utils/adt/multirangetypes/src/io.rs	52	excluded-state	p1-laneac (banked by evidence-bank 2026-07-31)	pending	
8653	crates/backend/utils/adt/multirangetypes/src/io.rs	53	excluded-state	p1-laneac (banked by evidence-bank 2026-07-31)	pending	
8654	crates/backend/utils/adt/multirangetypes/src/io.rs	66	instrument-unmappable	p1-laneac (banked by evidence-bank 2026-07-31)	pending	
8655	crates/backend/utils/adt/multirangetypes/src/io.rs	192	unreachable-arm	p1-laneac (banked by evidence-bank 2026-07-31)	pending	
8656	crates/backend/utils/adt/multirangetypes/src/io.rs	231	instrument-unmappable	p1-laneac (banked by evidence-bank 2026-07-31)	pending	
8657	crates/backend/utils/adt/multirangetypes/src/io.rs	234	instrument-unmappable	p1-laneac (banked by evidence-bank 2026-07-31)	pending	
8658	crates/backend/utils/adt/multirangetypes/src/io.rs	298	instrument-unmappable	p1-laneac (banked by evidence-bank 2026-07-31)	pending	
8659	crates/backend/utils/adt/multirangetypes/src/lib.rs	48	excluded-state	p1-laneac (banked by evidence-bank 2026-07-31)	pending	
8660	crates/backend/utils/adt/multirangetypes/src/lib.rs	49	excluded-state	p1-laneac (banked by evidence-bank 2026-07-31)	pending	
8661	crates/backend/utils/adt/multirangetypes/src/lib.rs	53	excluded-state	p1-laneac (banked by evidence-bank 2026-07-31)	pending	
8662	crates/backend/utils/adt/multirangetypes/src/lib.rs	54	excluded-state	p1-laneac (banked by evidence-bank 2026-07-31)	pending	
8663	crates/backend/utils/adt/multirangetypes/src/lib.rs	55	excluded-state	p1-laneac (banked by evidence-bank 2026-07-31)	pending	
8664	crates/backend/utils/adt/multirangetypes/src/lib.rs	56	excluded-state	p1-laneac (banked by evidence-bank 2026-07-31)	pending	
8665	crates/backend/utils/adt/multirangetypes/src/lib.rs	58	excluded-state	p1-laneac (banked by evidence-bank 2026-07-31)	pending	
8666	crates/backend/utils/adt/multirangetypes/src/lib.rs	59	excluded-state	p1-laneac (banked by evidence-bank 2026-07-31)	pending	
8667	crates/backend/utils/adt/multirangetypes/src/lib.rs	70	excluded-state	p1-laneac (banked by evidence-bank 2026-07-31)	pending	
8668	crates/backend/utils/adt/multirangetypes/src/lib.rs	73	excluded-state	p1-laneac (banked by evidence-bank 2026-07-31)	pending	
8669	crates/backend/utils/adt/multirangetypes/src/lib.rs	240	unreachable-arm	p1-laneac (banked by evidence-bank 2026-07-31)	pending	
8670	crates/backend/utils/adt/multirangetypes/src/lib.rs	246	unreachable-arm	p1-laneac (banked by evidence-bank 2026-07-31)	pending	
8671	crates/backend/utils/adt/multirangetypes/src/lib.rs	247	unreachable-arm	p1-laneac (banked by evidence-bank 2026-07-31)	pending	
8672	crates/backend/utils/adt/multirangetypes/src/lib.rs	252	unreachable-arm	p1-laneac (banked by evidence-bank 2026-07-31)	pending	
8673	crates/backend/utils/adt/multirangetypes/src/lib.rs	271	unreachable-arm	p1-laneac (banked by evidence-bank 2026-07-31)	pending	
8674	crates/backend/utils/adt/multirangetypes/src/lib.rs	272	unreachable-arm	p1-laneac (banked by evidence-bank 2026-07-31)	pending	
8675	crates/backend/utils/adt/multirangetypes/src/lib.rs	283	unreachable-arm	p1-laneac (banked by evidence-bank 2026-07-31)	pending	
8676	crates/backend/utils/adt/multirangetypes/src/lib.rs	284	unreachable-arm	p1-laneac (banked by evidence-bank 2026-07-31)	pending	
8677	crates/backend/utils/adt/multirangetypes/src/lib.rs	460	excluded-state	p1-laneac (banked by evidence-bank 2026-07-31)	pending	
8678	crates/backend/utils/adt/multirangetypes/src/lib.rs	461	excluded-state	p1-laneac (banked by evidence-bank 2026-07-31)	pending	
8679	crates/backend/utils/adt/multirangetypes/src/lib.rs	466	excluded-state	p1-laneac (banked by evidence-bank 2026-07-31)	pending	
8680	crates/backend/utils/adt/multirangetypes/src/lib.rs	736	excluded-state	p1-laneac (banked by evidence-bank 2026-07-31)	pending	
8681	crates/backend/utils/adt/multirangetypes/src/lib.rs	799	unreachable-arm	p1-laneac (banked by evidence-bank 2026-07-31)	pending	
8682	crates/backend/utils/adt/multirangetypes/src/lib.rs	887	instrument-unmappable	p1-laneac (banked by evidence-bank 2026-07-31)	pending	
8683	crates/backend/utils/adt/multirangetypes/src/lib.rs	898	instrument-unmappable	p1-laneac (banked by evidence-bank 2026-07-31)	pending	
8684	crates/backend/utils/adt/multirangetypes/src/lib.rs	934	instrument-unmappable	p1-laneac (banked by evidence-bank 2026-07-31)	pending	
8685	crates/backend/utils/adt/multirangetypes/src/lib.rs	946	instrument-unmappable	p1-laneac (banked by evidence-bank 2026-07-31)	pending	
8686	crates/backend/utils/adt/rangetypes/src/builtins.rs	65	excluded-state	p1-laneac (banked by evidence-bank 2026-07-31)	pending	
8687	crates/backend/utils/adt/rangetypes/src/builtins.rs	68	excluded-state	p1-laneac (banked by evidence-bank 2026-07-31)	pending	
8688	crates/backend/utils/adt/rangetypes/src/builtins.rs	69	excluded-state	p1-laneac (banked by evidence-bank 2026-07-31)	pending	
8689	crates/backend/utils/adt/rangetypes/src/builtins.rs	70	excluded-state	p1-laneac (banked by evidence-bank 2026-07-31)	pending	
8690	crates/backend/utils/adt/rangetypes/src/builtins.rs	71	excluded-state	p1-laneac (banked by evidence-bank 2026-07-31)	pending	
8691	crates/backend/utils/adt/rangetypes/src/builtins.rs	73	excluded-state	p1-laneac (banked by evidence-bank 2026-07-31)	pending	
8692	crates/backend/utils/adt/rangetypes/src/builtins.rs	74	excluded-state	p1-laneac (banked by evidence-bank 2026-07-31)	pending	
8693	crates/backend/utils/adt/rangetypes/src/builtins.rs	75	excluded-state	p1-laneac (banked by evidence-bank 2026-07-31)	pending	
8694	crates/backend/utils/adt/rangetypes/src/builtins.rs	78	excluded-state	p1-laneac (banked by evidence-bank 2026-07-31)	pending	
8695	crates/backend/utils/adt/rangetypes/src/builtins.rs	82	excluded-state	p1-laneac (banked by evidence-bank 2026-07-31)	pending	
8696	crates/backend/utils/adt/rangetypes/src/builtins.rs	102	instrument-unmappable	p1-laneac (banked by evidence-bank 2026-07-31)	pending	
8697	crates/backend/utils/adt/rangetypes/src/builtins.rs	116	instrument-unmappable	p1-laneac (banked by evidence-bank 2026-07-31)	pending	
8698	crates/backend/utils/adt/rangetypes/src/builtins.rs	130	instrument-unmappable	p1-laneac (banked by evidence-bank 2026-07-31)	pending	
8699	crates/backend/utils/adt/rangetypes/src/builtins.rs	142	instrument-unmappable	p1-laneac (banked by evidence-bank 2026-07-31)	pending	
8700	crates/backend/utils/adt/rangetypes/src/builtins.rs	157	instrument-unmappable	p1-laneac (banked by evidence-bank 2026-07-31)	pending	
8701	crates/backend/utils/adt/rangetypes/src/builtins.rs	158	instrument-unmappable	p1-laneac (banked by evidence-bank 2026-07-31)	pending	
8702	crates/backend/utils/adt/rangetypes/src/builtins.rs	163	instrument-unmappable	p1-laneac (banked by evidence-bank 2026-07-31)	pending	
8703	crates/backend/utils/adt/rangetypes/src/builtins.rs	164	instrument-unmappable	p1-laneac (banked by evidence-bank 2026-07-31)	pending	
8704	crates/backend/utils/adt/rangetypes/src/builtins.rs	198	instrument-unmappable	p1-laneac (banked by evidence-bank 2026-07-31)	pending	
8705	crates/backend/utils/adt/rangetypes/src/builtins.rs	204	instrument-unmappable	p1-laneac (banked by evidence-bank 2026-07-31)	pending	
8706	crates/backend/utils/adt/rangetypes/src/builtins.rs	252	excluded-state	p1-laneac (banked by evidence-bank 2026-07-31)	pending	
8707	crates/backend/utils/adt/rangetypes/src/builtins.rs	269	instrument-unmappable	p1-laneac (banked by evidence-bank 2026-07-31)	pending	
8708	crates/backend/utils/adt/rangetypes/src/builtins.rs	270	instrument-unmappable	p1-laneac (banked by evidence-bank 2026-07-31)	pending	
8709	crates/backend/utils/adt/rangetypes/src/builtins.rs	271	instrument-unmappable	p1-laneac (banked by evidence-bank 2026-07-31)	pending	
8710	crates/backend/utils/adt/rangetypes/src/builtins.rs	272	instrument-unmappable	p1-laneac (banked by evidence-bank 2026-07-31)	pending	
8711	crates/backend/utils/adt/rangetypes/src/builtins.rs	273	instrument-unmappable	p1-laneac (banked by evidence-bank 2026-07-31)	pending	
8712	crates/backend/utils/adt/rangetypes/src/builtins.rs	311	instrument-unmappable	p1-laneac (banked by evidence-bank 2026-07-31)	pending	
8713	crates/backend/utils/adt/rangetypes/src/builtins.rs	312	instrument-unmappable	p1-laneac (banked by evidence-bank 2026-07-31)	pending	
8714	crates/backend/utils/adt/rangetypes/src/builtins.rs	313	instrument-unmappable	p1-laneac (banked by evidence-bank 2026-07-31)	pending	
8715	crates/backend/utils/adt/rangetypes/src/builtins.rs	314	instrument-unmappable	p1-laneac (banked by evidence-bank 2026-07-31)	pending	
8716	crates/backend/utils/adt/rangetypes/src/builtins.rs	315	instrument-unmappable	p1-laneac (banked by evidence-bank 2026-07-31)	pending	
8717	crates/backend/utils/adt/rangetypes/src/builtins.rs	316	instrument-unmappable	p1-laneac (banked by evidence-bank 2026-07-31)	pending	
8718	crates/backend/utils/adt/rangetypes/src/builtins.rs	317	instrument-unmappable	p1-laneac (banked by evidence-bank 2026-07-31)	pending	
8719	crates/backend/utils/adt/rangetypes/src/builtins.rs	318	instrument-unmappable	p1-laneac (banked by evidence-bank 2026-07-31)	pending	
8720	crates/backend/utils/adt/rangetypes/src/builtins.rs	319	instrument-unmappable	p1-laneac (banked by evidence-bank 2026-07-31)	pending	
8721	crates/backend/utils/adt/rangetypes/src/builtins.rs	335	excluded-state	p1-laneac (banked by evidence-bank 2026-07-31)	pending	
8722	crates/backend/utils/adt/rangetypes/src/builtins.rs	373	excluded-state	p1-laneac (banked by evidence-bank 2026-07-31)	pending	
8723	crates/backend/utils/adt/rangetypes/src/builtins.rs	382	excluded-state	p1-laneac (banked by evidence-bank 2026-07-31)	pending	
8724	crates/backend/utils/adt/rangetypes/src/builtins.rs	383	excluded-state	p1-laneac (banked by evidence-bank 2026-07-31)	pending	
8725	crates/backend/utils/adt/rangetypes/src/builtins.rs	386	excluded-state	p1-laneac (banked by evidence-bank 2026-07-31)	pending	
8726	crates/backend/utils/adt/rangetypes/src/builtins.rs	387	excluded-state	p1-laneac (banked by evidence-bank 2026-07-31)	pending	
8727	crates/backend/utils/adt/rangetypes/src/builtins.rs	388	excluded-state	p1-laneac (banked by evidence-bank 2026-07-31)	pending	
8728	crates/backend/utils/adt/rangetypes/src/builtins.rs	389	excluded-state	p1-laneac (banked by evidence-bank 2026-07-31)	pending	
8729	crates/backend/utils/adt/rangetypes/src/builtins.rs	391	excluded-state	p1-laneac (banked by evidence-bank 2026-07-31)	pending	
8730	crates/backend/utils/adt/rangetypes/src/builtins.rs	392	excluded-state	p1-laneac (banked by evidence-bank 2026-07-31)	pending	
8731	crates/backend/utils/adt/rangetypes/src/builtins.rs	394	excluded-state	p1-laneac (banked by evidence-bank 2026-07-31)	pending	
8732	crates/backend/utils/adt/rangetypes/src/builtins.rs	395	excluded-state	p1-laneac (banked by evidence-bank 2026-07-31)	pending	
8733	crates/backend/utils/adt/rangetypes/src/builtins.rs	396	excluded-state	p1-laneac (banked by evidence-bank 2026-07-31)	pending	
8734	crates/backend/utils/adt/rangetypes/src/builtins.rs	397	excluded-state	p1-laneac (banked by evidence-bank 2026-07-31)	pending	
8735	crates/backend/utils/adt/rangetypes/src/builtins.rs	399	excluded-state	p1-laneac (banked by evidence-bank 2026-07-31)	pending	
8736	crates/backend/utils/adt/rangetypes/src/builtins.rs	400	excluded-state	p1-laneac (banked by evidence-bank 2026-07-31)	pending	
8737	crates/backend/utils/adt/rangetypes/src/builtins.rs	401	excluded-state	p1-laneac (banked by evidence-bank 2026-07-31)	pending	
8738	crates/backend/utils/adt/rangetypes/src/builtins.rs	402	excluded-state	p1-laneac (banked by evidence-bank 2026-07-31)	pending	
8739	crates/backend/utils/adt/rangetypes/src/builtins.rs	403	excluded-state	p1-laneac (banked by evidence-bank 2026-07-31)	pending	
8740	crates/backend/utils/adt/rangetypes/src/builtins.rs	404	excluded-state	p1-laneac (banked by evidence-bank 2026-07-31)	pending	
8741	crates/backend/utils/adt/rangetypes/src/builtins.rs	428	instrument-unmappable	p1-laneac (banked by evidence-bank 2026-07-31)	pending	
8742	crates/backend/utils/adt/rangetypes/src/builtins.rs	429	instrument-unmappable	p1-laneac (banked by evidence-bank 2026-07-31)	pending	
8743	crates/backend/utils/adt/rangetypes/src/builtins.rs	430	instrument-unmappable	p1-laneac (banked by evidence-bank 2026-07-31)	pending	
8744	crates/backend/utils/adt/rangetypes/src/builtins.rs	431	instrument-unmappable	p1-laneac (banked by evidence-bank 2026-07-31)	pending	
8745	crates/backend/utils/adt/rangetypes/src/builtins.rs	479	instrument-unmappable	p1-laneac (banked by evidence-bank 2026-07-31)	pending	
8746	crates/backend/utils/adt/rangetypes/src/builtins.rs	480	instrument-unmappable	p1-laneac (banked by evidence-bank 2026-07-31)	pending	
8747	crates/backend/utils/adt/rangetypes/src/builtins.rs	481	instrument-unmappable	p1-laneac (banked by evidence-bank 2026-07-31)	pending	
8748	crates/backend/utils/adt/rangetypes/src/builtins.rs	513	instrument-unmappable	p1-laneac (banked by evidence-bank 2026-07-31)	pending	
8749	crates/backend/utils/adt/rangetypes/src/builtins.rs	517	instrument-unmappable	p1-laneac (banked by evidence-bank 2026-07-31)	pending	
8750	crates/backend/utils/adt/rangetypes/src/builtins.rs	520	instrument-unmappable	p1-laneac (banked by evidence-bank 2026-07-31)	pending	
8751	crates/backend/utils/adt/rangetypes/src/builtins.rs	526	unreachable-arm	p1-laneac (banked by evidence-bank 2026-07-31)	pending	
8752	crates/backend/utils/adt/rangetypes/src/builtins.rs	527	unreachable-arm	p1-laneac (banked by evidence-bank 2026-07-31)	pending	
8753	crates/backend/utils/adt/rangetypes/src/builtins.rs	533	excluded-state	p1-laneac (banked by evidence-bank 2026-07-31)	pending	
8754	crates/backend/utils/adt/rangetypes/src/builtins.rs	535	excluded-state	p1-laneac (banked by evidence-bank 2026-07-31)	pending	
8755	crates/backend/utils/adt/rangetypes/src/builtins.rs	536	excluded-state	p1-laneac (banked by evidence-bank 2026-07-31)	pending	
8756	crates/backend/utils/adt/rangetypes/src/builtins.rs	538	excluded-state	p1-laneac (banked by evidence-bank 2026-07-31)	pending	
8757	crates/backend/utils/adt/rangetypes/src/builtins.rs	539	excluded-state	p1-laneac (banked by evidence-bank 2026-07-31)	pending	
8758	crates/backend/utils/adt/rangetypes/src/builtins.rs	542	excluded-state	p1-laneac (banked by evidence-bank 2026-07-31)	pending	
8759	crates/backend/utils/adt/rangetypes/src/builtins.rs	543	excluded-state	p1-laneac (banked by evidence-bank 2026-07-31)	pending	
8760	crates/backend/utils/adt/rangetypes/src/builtins.rs	544	excluded-state	p1-laneac (banked by evidence-bank 2026-07-31)	pending	
8761	crates/backend/utils/adt/rangetypes/src/builtins.rs	545	excluded-state	p1-laneac (banked by evidence-bank 2026-07-31)	pending	
8762	crates/backend/utils/adt/rangetypes/src/builtins.rs	546	excluded-state	p1-laneac (banked by evidence-bank 2026-07-31)	pending	
8763	crates/backend/utils/adt/rangetypes/src/builtins.rs	547	excluded-state	p1-laneac (banked by evidence-bank 2026-07-31)	pending	
8764	crates/backend/utils/adt/rangetypes/src/builtins.rs	548	excluded-state	p1-laneac (banked by evidence-bank 2026-07-31)	pending	
8765	crates/backend/utils/adt/rangetypes/src/builtins.rs	549	excluded-state	p1-laneac (banked by evidence-bank 2026-07-31)	pending	
8766	crates/backend/utils/adt/rangetypes/src/builtins.rs	550	excluded-state	p1-laneac (banked by evidence-bank 2026-07-31)	pending	
8767	crates/backend/utils/adt/rangetypes/src/builtins.rs	551	excluded-state	p1-laneac (banked by evidence-bank 2026-07-31)	pending	
8768	crates/backend/utils/adt/rangetypes/src/builtins.rs	552	excluded-state	p1-laneac (banked by evidence-bank 2026-07-31)	pending	
8769	crates/backend/utils/adt/rangetypes/src/builtins.rs	553	excluded-state	p1-laneac (banked by evidence-bank 2026-07-31)	pending	
8770	crates/backend/utils/adt/rangetypes/src/builtins.rs	554	excluded-state	p1-laneac (banked by evidence-bank 2026-07-31)	pending	
8771	crates/backend/utils/adt/rangetypes/src/builtins.rs	555	excluded-state	p1-laneac (banked by evidence-bank 2026-07-31)	pending	
8772	crates/backend/utils/adt/rangetypes/src/builtins.rs	558	excluded-state	p1-laneac (banked by evidence-bank 2026-07-31)	pending	
8773	crates/backend/utils/adt/rangetypes/src/builtins.rs	564	excluded-state	p1-laneac (banked by evidence-bank 2026-07-31)	pending	
8774	crates/backend/utils/adt/rangetypes/src/builtins.rs	565	excluded-state	p1-laneac (banked by evidence-bank 2026-07-31)	pending	
8775	crates/backend/utils/adt/rangetypes/src/builtins.rs	566	excluded-state	p1-laneac (banked by evidence-bank 2026-07-31)	pending	
8776	crates/backend/utils/adt/rangetypes/src/builtins.rs	567	excluded-state	p1-laneac (banked by evidence-bank 2026-07-31)	pending	
8777	crates/backend/utils/adt/rangetypes/src/builtins.rs	568	excluded-state	p1-laneac (banked by evidence-bank 2026-07-31)	pending	
8778	crates/backend/utils/adt/rangetypes/src/builtins.rs	573	excluded-state	p1-laneac (banked by evidence-bank 2026-07-31)	pending	
8779	crates/backend/utils/adt/rangetypes/src/builtins.rs	575	excluded-state	p1-laneac (banked by evidence-bank 2026-07-31)	pending	
8780	crates/backend/utils/adt/rangetypes/src/builtins.rs	577	excluded-state	p1-laneac (banked by evidence-bank 2026-07-31)	pending	
8781	crates/backend/utils/adt/rangetypes/src/builtins.rs	578	excluded-state	p1-laneac (banked by evidence-bank 2026-07-31)	pending	
8782	crates/backend/utils/adt/rangetypes/src/builtins.rs	579	excluded-state	p1-laneac (banked by evidence-bank 2026-07-31)	pending	
8783	crates/backend/utils/adt/rangetypes/src/builtins.rs	581	excluded-state	p1-laneac (banked by evidence-bank 2026-07-31)	pending	
8784	crates/backend/utils/adt/rangetypes/src/builtins.rs	584	excluded-state	p1-laneac (banked by evidence-bank 2026-07-31)	pending	
8785	crates/backend/utils/adt/rangetypes/src/builtins.rs	585	excluded-state	p1-laneac (banked by evidence-bank 2026-07-31)	pending	
8786	crates/backend/utils/adt/rangetypes/src/builtins.rs	586	excluded-state	p1-laneac (banked by evidence-bank 2026-07-31)	pending	
8787	crates/backend/utils/adt/rangetypes/src/builtins.rs	588	excluded-state	p1-laneac (banked by evidence-bank 2026-07-31)	pending	
8788	crates/backend/utils/adt/rangetypes/src/builtins.rs	589	excluded-state	p1-laneac (banked by evidence-bank 2026-07-31)	pending	
8789	crates/backend/utils/adt/rangetypes/src/builtins.rs	590	excluded-state	p1-laneac (banked by evidence-bank 2026-07-31)	pending	
8790	crates/backend/utils/adt/rangetypes/src/builtins.rs	591	excluded-state	p1-laneac (banked by evidence-bank 2026-07-31)	pending	
8791	crates/backend/utils/adt/rangetypes/src/builtins.rs	592	excluded-state	p1-laneac (banked by evidence-bank 2026-07-31)	pending	
8792	crates/backend/utils/adt/rangetypes/src/builtins.rs	594	excluded-state	p1-laneac (banked by evidence-bank 2026-07-31)	pending	
8793	crates/backend/utils/adt/rangetypes/src/builtins.rs	596	excluded-state	p1-laneac (banked by evidence-bank 2026-07-31)	pending	
8794	crates/backend/utils/adt/rangetypes/src/builtins.rs	598	excluded-state	p1-laneac (banked by evidence-bank 2026-07-31)	pending	
8795	crates/backend/utils/adt/rangetypes/src/builtins.rs	600	excluded-state	p1-laneac (banked by evidence-bank 2026-07-31)	pending	
8796	crates/backend/utils/adt/rangetypes/src/builtins.rs	602	excluded-state	p1-laneac (banked by evidence-bank 2026-07-31)	pending	
8797	crates/backend/utils/adt/rangetypes/src/builtins.rs	605	excluded-state	p1-laneac (banked by evidence-bank 2026-07-31)	pending	
8798	crates/backend/utils/adt/rangetypes/src/builtins.rs	608	excluded-state	p1-laneac (banked by evidence-bank 2026-07-31)	pending	
8799	crates/backend/utils/adt/rangetypes/src/builtins.rs	609	excluded-state	p1-laneac (banked by evidence-bank 2026-07-31)	pending	
8800	crates/backend/utils/adt/rangetypes/src/builtins.rs	613	excluded-state	p1-laneac (banked by evidence-bank 2026-07-31)	pending	
8801	crates/backend/utils/adt/rangetypes/src/builtins.rs	614	excluded-state	p1-laneac (banked by evidence-bank 2026-07-31)	pending	
8802	crates/backend/utils/adt/rangetypes/src/builtins.rs	615	excluded-state	p1-laneac (banked by evidence-bank 2026-07-31)	pending	
8803	crates/backend/utils/adt/rangetypes/src/builtins.rs	616	excluded-state	p1-laneac (banked by evidence-bank 2026-07-31)	pending	
8804	crates/backend/utils/adt/rangetypes/src/builtins.rs	617	excluded-state	p1-laneac (banked by evidence-bank 2026-07-31)	pending	
8805	crates/backend/utils/adt/rangetypes/src/builtins.rs	618	excluded-state	p1-laneac (banked by evidence-bank 2026-07-31)	pending	
8806	crates/backend/utils/adt/rangetypes/src/builtins.rs	619	excluded-state	p1-laneac (banked by evidence-bank 2026-07-31)	pending	
8807	crates/backend/utils/adt/rangetypes/src/builtins.rs	620	excluded-state	p1-laneac (banked by evidence-bank 2026-07-31)	pending	
8808	crates/backend/utils/adt/rangetypes/src/builtins.rs	621	excluded-state	p1-laneac (banked by evidence-bank 2026-07-31)	pending	
8809	crates/backend/utils/adt/rangetypes/src/builtins.rs	624	excluded-state	p1-laneac (banked by evidence-bank 2026-07-31)	pending	
8810	crates/backend/utils/adt/rangetypes/src/builtins.rs	627	excluded-state	p1-laneac (banked by evidence-bank 2026-07-31)	pending	
8811	crates/backend/utils/adt/rangetypes/src/builtins.rs	628	excluded-state	p1-laneac (banked by evidence-bank 2026-07-31)	pending	
8812	crates/backend/utils/adt/rangetypes/src/builtins.rs	629	excluded-state	p1-laneac (banked by evidence-bank 2026-07-31)	pending	
8813	crates/backend/utils/adt/rangetypes/src/builtins.rs	630	excluded-state	p1-laneac (banked by evidence-bank 2026-07-31)	pending	
8814	crates/backend/utils/adt/rangetypes/src/builtins.rs	634	excluded-state	p1-laneac (banked by evidence-bank 2026-07-31)	pending	
8815	crates/backend/utils/adt/rangetypes/src/builtins.rs	635	excluded-state	p1-laneac (banked by evidence-bank 2026-07-31)	pending	
8816	crates/backend/utils/adt/rangetypes/src/builtins.rs	636	excluded-state	p1-laneac (banked by evidence-bank 2026-07-31)	pending	
8817	crates/backend/utils/adt/rangetypes/src/builtins.rs	637	excluded-state	p1-laneac (banked by evidence-bank 2026-07-31)	pending	
8818	crates/backend/utils/adt/rangetypes/src/builtins.rs	638	excluded-state	p1-laneac (banked by evidence-bank 2026-07-31)	pending	
8819	crates/backend/utils/adt/rangetypes/src/builtins.rs	639	excluded-state	p1-laneac (banked by evidence-bank 2026-07-31)	pending	
8820	crates/backend/utils/adt/rangetypes/src/builtins.rs	640	excluded-state	p1-laneac (banked by evidence-bank 2026-07-31)	pending	
8821	crates/backend/utils/adt/rangetypes/src/builtins.rs	642	excluded-state	p1-laneac (banked by evidence-bank 2026-07-31)	pending	
8822	crates/backend/utils/adt/rangetypes/src/builtins.rs	643	excluded-state	p1-laneac (banked by evidence-bank 2026-07-31)	pending	
8823	crates/backend/utils/adt/rangetypes/src/builtins.rs	644	excluded-state	p1-laneac (banked by evidence-bank 2026-07-31)	pending	
8824	crates/backend/utils/adt/rangetypes/src/builtins.rs	645	excluded-state	p1-laneac (banked by evidence-bank 2026-07-31)	pending	
8825	crates/backend/utils/adt/rangetypes/src/builtins.rs	652	excluded-state	p1-laneac (banked by evidence-bank 2026-07-31)	pending	
8826	crates/backend/utils/adt/rangetypes/src/builtins.rs	653	excluded-state	p1-laneac (banked by evidence-bank 2026-07-31)	pending	
8827	crates/backend/utils/adt/rangetypes/src/builtins.rs	654	excluded-state	p1-laneac (banked by evidence-bank 2026-07-31)	pending	
8828	crates/backend/utils/adt/rangetypes/src/builtins.rs	655	excluded-state	p1-laneac (banked by evidence-bank 2026-07-31)	pending	
8829	crates/backend/utils/adt/rangetypes/src/builtins.rs	656	excluded-state	p1-laneac (banked by evidence-bank 2026-07-31)	pending	
8830	crates/backend/utils/adt/rangetypes/src/builtins.rs	657	excluded-state	p1-laneac (banked by evidence-bank 2026-07-31)	pending	
8831	crates/backend/utils/adt/rangetypes/src/builtins.rs	658	excluded-state	p1-laneac (banked by evidence-bank 2026-07-31)	pending	
8832	crates/backend/utils/adt/rangetypes/src/builtins.rs	659	excluded-state	p1-laneac (banked by evidence-bank 2026-07-31)	pending	
8833	crates/backend/utils/adt/rangetypes/src/builtins.rs	660	excluded-state	p1-laneac (banked by evidence-bank 2026-07-31)	pending	
8834	crates/backend/utils/adt/rangetypes/src/builtins.rs	661	excluded-state	p1-laneac (banked by evidence-bank 2026-07-31)	pending	
8835	crates/backend/utils/adt/rangetypes/src/builtins.rs	666	excluded-state	p1-laneac (banked by evidence-bank 2026-07-31)	pending	
8836	crates/backend/utils/adt/rangetypes/src/builtins.rs	667	excluded-state	p1-laneac (banked by evidence-bank 2026-07-31)	pending	
8837	crates/backend/utils/adt/rangetypes/src/builtins.rs	668	excluded-state	p1-laneac (banked by evidence-bank 2026-07-31)	pending	
8838	crates/backend/utils/adt/rangetypes/src/builtins.rs	669	excluded-state	p1-laneac (banked by evidence-bank 2026-07-31)	pending	
8839	crates/backend/utils/adt/rangetypes/src/builtins.rs	670	excluded-state	p1-laneac (banked by evidence-bank 2026-07-31)	pending	
8840	crates/backend/utils/adt/rangetypes/src/builtins.rs	672	excluded-state	p1-laneac (banked by evidence-bank 2026-07-31)	pending	
8841	crates/backend/utils/adt/rangetypes/src/builtins.rs	674	excluded-state	p1-laneac (banked by evidence-bank 2026-07-31)	pending	
8842	crates/backend/utils/adt/rangetypes/src/builtins.rs	675	excluded-state	p1-laneac (banked by evidence-bank 2026-07-31)	pending	
8843	crates/backend/utils/adt/rangetypes/src/builtins.rs	676	excluded-state	p1-laneac (banked by evidence-bank 2026-07-31)	pending	
8844	crates/backend/utils/adt/rangetypes/src/builtins.rs	678	excluded-state	p1-laneac (banked by evidence-bank 2026-07-31)	pending	
8845	crates/backend/utils/adt/rangetypes/src/builtins.rs	679	excluded-state	p1-laneac (banked by evidence-bank 2026-07-31)	pending	
8846	crates/backend/utils/adt/rangetypes/src/builtins.rs	680	excluded-state	p1-laneac (banked by evidence-bank 2026-07-31)	pending	
8847	crates/backend/utils/adt/rangetypes/src/builtins.rs	681	excluded-state	p1-laneac (banked by evidence-bank 2026-07-31)	pending	
8848	crates/backend/utils/adt/rangetypes/src/builtins.rs	682	excluded-state	p1-laneac (banked by evidence-bank 2026-07-31)	pending	
8849	crates/backend/utils/adt/rangetypes/src/builtins.rs	683	excluded-state	p1-laneac (banked by evidence-bank 2026-07-31)	pending	
8850	crates/backend/utils/adt/rangetypes/src/builtins.rs	684	excluded-state	p1-laneac (banked by evidence-bank 2026-07-31)	pending	
8851	crates/backend/utils/adt/rangetypes/src/builtins.rs	685	excluded-state	p1-laneac (banked by evidence-bank 2026-07-31)	pending	
8852	crates/backend/utils/adt/rangetypes/src/builtins.rs	686	excluded-state	p1-laneac (banked by evidence-bank 2026-07-31)	pending	
8853	crates/backend/utils/adt/rangetypes/src/builtins.rs	687	excluded-state	p1-laneac (banked by evidence-bank 2026-07-31)	pending	
8854	crates/backend/utils/adt/rangetypes/src/builtins.rs	688	excluded-state	p1-laneac (banked by evidence-bank 2026-07-31)	pending	
8855	crates/backend/utils/adt/rangetypes/src/builtins.rs	690	excluded-state	p1-laneac (banked by evidence-bank 2026-07-31)	pending	
8856	crates/backend/utils/adt/rangetypes/src/builtins.rs	691	excluded-state	p1-laneac (banked by evidence-bank 2026-07-31)	pending	
8857	crates/backend/utils/adt/rangetypes/src/builtins.rs	692	excluded-state	p1-laneac (banked by evidence-bank 2026-07-31)	pending	
8858	crates/backend/utils/adt/rangetypes/src/builtins.rs	693	excluded-state	p1-laneac (banked by evidence-bank 2026-07-31)	pending	
8859	crates/backend/utils/adt/rangetypes/src/builtins.rs	694	excluded-state	p1-laneac (banked by evidence-bank 2026-07-31)	pending	
8860	crates/backend/utils/adt/rangetypes/src/builtins.rs	695	excluded-state	p1-laneac (banked by evidence-bank 2026-07-31)	pending	
8861	crates/backend/utils/adt/rangetypes/src/builtins.rs	696	excluded-state	p1-laneac (banked by evidence-bank 2026-07-31)	pending	
8862	crates/backend/utils/adt/rangetypes/src/builtins.rs	697	excluded-state	p1-laneac (banked by evidence-bank 2026-07-31)	pending	
8863	crates/backend/utils/adt/rangetypes/src/builtins.rs	698	excluded-state	p1-laneac (banked by evidence-bank 2026-07-31)	pending	
8864	crates/backend/utils/adt/rangetypes/src/builtins.rs	699	excluded-state	p1-laneac (banked by evidence-bank 2026-07-31)	pending	
8865	crates/backend/utils/adt/rangetypes/src/builtins.rs	700	excluded-state	p1-laneac (banked by evidence-bank 2026-07-31)	pending	
8866	crates/backend/utils/adt/rangetypes/src/builtins.rs	701	excluded-state	p1-laneac (banked by evidence-bank 2026-07-31)	pending	
8867	crates/backend/utils/adt/rangetypes/src/builtins.rs	703	excluded-state	p1-laneac (banked by evidence-bank 2026-07-31)	pending	
8868	crates/backend/utils/adt/rangetypes/src/builtins.rs	707	excluded-state	p1-laneac (banked by evidence-bank 2026-07-31)	pending	
8869	crates/backend/utils/adt/rangetypes/src/builtins.rs	708	excluded-state	p1-laneac (banked by evidence-bank 2026-07-31)	pending	
8870	crates/backend/utils/adt/rangetypes/src/builtins.rs	709	excluded-state	p1-laneac (banked by evidence-bank 2026-07-31)	pending	
8871	crates/backend/utils/adt/rangetypes/src/builtins.rs	710	excluded-state	p1-laneac (banked by evidence-bank 2026-07-31)	pending	
8872	crates/backend/utils/adt/rangetypes/src/builtins.rs	711	excluded-state	p1-laneac (banked by evidence-bank 2026-07-31)	pending	
8873	crates/backend/utils/adt/rangetypes/src/builtins.rs	712	excluded-state	p1-laneac (banked by evidence-bank 2026-07-31)	pending	
8874	crates/backend/utils/adt/rangetypes/src/builtins.rs	713	excluded-state	p1-laneac (banked by evidence-bank 2026-07-31)	pending	
8875	crates/backend/utils/adt/rangetypes/src/builtins.rs	714	excluded-state	p1-laneac (banked by evidence-bank 2026-07-31)	pending	
8876	crates/backend/utils/adt/rangetypes/src/builtins.rs	715	excluded-state	p1-laneac (banked by evidence-bank 2026-07-31)	pending	
8877	crates/backend/utils/adt/rangetypes/src/builtins.rs	716	excluded-state	p1-laneac (banked by evidence-bank 2026-07-31)	pending	
8878	crates/backend/utils/adt/rangetypes/src/builtins.rs	717	excluded-state	p1-laneac (banked by evidence-bank 2026-07-31)	pending	
8879	crates/backend/utils/adt/rangetypes/src/builtins.rs	718	excluded-state	p1-laneac (banked by evidence-bank 2026-07-31)	pending	
8880	crates/backend/utils/adt/rangetypes/src/builtins.rs	723	excluded-state	p1-laneac (banked by evidence-bank 2026-07-31)	pending	
8881	crates/backend/utils/adt/rangetypes/src/builtins.rs	724	excluded-state	p1-laneac (banked by evidence-bank 2026-07-31)	pending	
8882	crates/backend/utils/adt/rangetypes/src/builtins.rs	725	excluded-state	p1-laneac (banked by evidence-bank 2026-07-31)	pending	
8883	crates/backend/utils/adt/rangetypes/src/builtins.rs	726	excluded-state	p1-laneac (banked by evidence-bank 2026-07-31)	pending	
8884	crates/backend/utils/adt/rangetypes/src/builtins.rs	727	excluded-state	p1-laneac (banked by evidence-bank 2026-07-31)	pending	
8885	crates/backend/utils/adt/rangetypes/src/builtins.rs	730	excluded-state	p1-laneac (banked by evidence-bank 2026-07-31)	pending	
8886	crates/backend/utils/adt/rangetypes/src/builtins.rs	731	excluded-state	p1-laneac (banked by evidence-bank 2026-07-31)	pending	
8887	crates/backend/utils/adt/rangetypes/src/builtins.rs	732	excluded-state	p1-laneac (banked by evidence-bank 2026-07-31)	pending	
8888	crates/backend/utils/adt/rangetypes/src/builtins.rs	733	excluded-state	p1-laneac (banked by evidence-bank 2026-07-31)	pending	
8889	crates/backend/utils/adt/rangetypes/src/builtins.rs	734	excluded-state	p1-laneac (banked by evidence-bank 2026-07-31)	pending	
8890	crates/backend/utils/adt/rangetypes/src/builtins.rs	737	const-eval-only	p1-laneac (banked by evidence-bank 2026-07-31)	pending	
8891	crates/backend/utils/adt/rangetypes/src/builtins.rs	738	const-eval-only	p1-laneac (banked by evidence-bank 2026-07-31)	pending	
8892	crates/backend/utils/adt/rangetypes/src/builtins.rs	742	const-eval-only	p1-laneac (banked by evidence-bank 2026-07-31)	pending	
8893	crates/backend/utils/adt/rangetypes/src/io.rs	31	excluded-state	p1-laneac (banked by evidence-bank 2026-07-31)	pending	
8894	crates/backend/utils/adt/rangetypes/src/io.rs	32	excluded-state	p1-laneac (banked by evidence-bank 2026-07-31)	pending	
8895	crates/backend/utils/adt/rangetypes/src/io.rs	33	excluded-state	p1-laneac (banked by evidence-bank 2026-07-31)	pending	
8896	crates/backend/utils/adt/rangetypes/src/io.rs	34	excluded-state	p1-laneac (banked by evidence-bank 2026-07-31)	pending	
8897	crates/backend/utils/adt/rangetypes/src/io.rs	35	excluded-state	p1-laneac (banked by evidence-bank 2026-07-31)	pending	
8898	crates/backend/utils/adt/rangetypes/src/io.rs	36	excluded-state	p1-laneac (banked by evidence-bank 2026-07-31)	pending	
8899	crates/backend/utils/adt/rangetypes/src/io.rs	37	excluded-state	p1-laneac (banked by evidence-bank 2026-07-31)	pending	
8900	crates/backend/utils/adt/rangetypes/src/io.rs	38	excluded-state	p1-laneac (banked by evidence-bank 2026-07-31)	pending	
8901	crates/backend/utils/adt/rangetypes/src/io.rs	49	excluded-state	p1-laneac (banked by evidence-bank 2026-07-31)	pending	
8902	crates/backend/utils/adt/rangetypes/src/io.rs	52	excluded-state	p1-laneac (banked by evidence-bank 2026-07-31)	pending	
8903	crates/backend/utils/adt/rangetypes/src/io.rs	53	excluded-state	p1-laneac (banked by evidence-bank 2026-07-31)	pending	
8904	crates/backend/utils/adt/rangetypes/src/io.rs	54	excluded-state	p1-laneac (banked by evidence-bank 2026-07-31)	pending	
8905	crates/backend/utils/adt/rangetypes/src/io.rs	55	excluded-state	p1-laneac (banked by evidence-bank 2026-07-31)	pending	
8906	crates/backend/utils/adt/rangetypes/src/io.rs	57	excluded-state	p1-laneac (banked by evidence-bank 2026-07-31)	pending	
8907	crates/backend/utils/adt/rangetypes/src/io.rs	58	excluded-state	p1-laneac (banked by evidence-bank 2026-07-31)	pending	
8908	crates/backend/utils/adt/rangetypes/src/io.rs	100	instrument-unmappable	p1-laneac (banked by evidence-bank 2026-07-31)	pending	
8909	crates/backend/utils/adt/rangetypes/src/io.rs	280	excluded-state	p1-laneac (banked by evidence-bank 2026-07-31)	pending	
8910	crates/backend/utils/adt/rangetypes/src/io.rs	284	excluded-state	p1-laneac (banked by evidence-bank 2026-07-31)	pending	
8911	crates/backend/utils/adt/rangetypes/src/io.rs	289	excluded-state	p1-laneac (banked by evidence-bank 2026-07-31)	pending	
8912	crates/backend/utils/adt/rangetypes/src/io.rs	384	instrument-unmappable	p1-laneac (banked by evidence-bank 2026-07-31)	pending	
8913	crates/backend/utils/adt/rangetypes/src/io.rs	387	instrument-unmappable	p1-laneac (banked by evidence-bank 2026-07-31)	pending	
8914	crates/backend/utils/adt/rangetypes/src/io.rs	416	excluded-state	p1-laneac (banked by evidence-bank 2026-07-31)	pending	
8915	crates/backend/utils/adt/rangetypes/src/io.rs	417	excluded-state	p1-laneac (banked by evidence-bank 2026-07-31)	pending	
8916	crates/backend/utils/adt/rangetypes/src/lib.rs	89	excluded-state	p1-laneac (banked by evidence-bank 2026-07-31)	pending	
8917	crates/backend/utils/adt/rangetypes/src/lib.rs	90	excluded-state	p1-laneac (banked by evidence-bank 2026-07-31)	pending	
8918	crates/backend/utils/adt/rangetypes/src/lib.rs	94	excluded-state	p1-laneac (banked by evidence-bank 2026-07-31)	pending	
8919	crates/backend/utils/adt/rangetypes/src/lib.rs	95	excluded-state	p1-laneac (banked by evidence-bank 2026-07-31)	pending	
8920	crates/backend/utils/adt/rangetypes/src/lib.rs	96	excluded-state	p1-laneac (banked by evidence-bank 2026-07-31)	pending	
8921	crates/backend/utils/adt/rangetypes/src/lib.rs	100	excluded-state	p1-laneac (banked by evidence-bank 2026-07-31)	pending	
8922	crates/backend/utils/adt/rangetypes/src/lib.rs	101	excluded-state	p1-laneac (banked by evidence-bank 2026-07-31)	pending	
8923	crates/backend/utils/adt/rangetypes/src/lib.rs	102	excluded-state	p1-laneac (banked by evidence-bank 2026-07-31)	pending	
8924	crates/backend/utils/adt/rangetypes/src/lib.rs	103	excluded-state	p1-laneac (banked by evidence-bank 2026-07-31)	pending	
8925	crates/backend/utils/adt/rangetypes/src/lib.rs	105	excluded-state	p1-laneac (banked by evidence-bank 2026-07-31)	pending	
8926	crates/backend/utils/adt/rangetypes/src/lib.rs	106	excluded-state	p1-laneac (banked by evidence-bank 2026-07-31)	pending	
8927	crates/backend/utils/adt/rangetypes/src/lib.rs	107	excluded-state	p1-laneac (banked by evidence-bank 2026-07-31)	pending	
8928	crates/backend/utils/adt/rangetypes/src/lib.rs	108	excluded-state	p1-laneac (banked by evidence-bank 2026-07-31)	pending	
8929	crates/backend/utils/adt/rangetypes/src/lib.rs	109	excluded-state	p1-laneac (banked by evidence-bank 2026-07-31)	pending	
8930	crates/backend/utils/adt/rangetypes/src/lib.rs	111	excluded-state	p1-laneac (banked by evidence-bank 2026-07-31)	pending	
8931	crates/backend/utils/adt/rangetypes/src/lib.rs	112	excluded-state	p1-laneac (banked by evidence-bank 2026-07-31)	pending	
8932	crates/backend/utils/adt/rangetypes/src/lib.rs	113	excluded-state	p1-laneac (banked by evidence-bank 2026-07-31)	pending	
8933	crates/backend/utils/adt/rangetypes/src/lib.rs	114	excluded-state	p1-laneac (banked by evidence-bank 2026-07-31)	pending	
8934	crates/backend/utils/adt/rangetypes/src/lib.rs	115	excluded-state	p1-laneac (banked by evidence-bank 2026-07-31)	pending	
8935	crates/backend/utils/adt/rangetypes/src/lib.rs	116	excluded-state	p1-laneac (banked by evidence-bank 2026-07-31)	pending	
8936	crates/backend/utils/adt/rangetypes/src/lib.rs	117	excluded-state	p1-laneac (banked by evidence-bank 2026-07-31)	pending	
8937	crates/backend/utils/adt/rangetypes/src/lib.rs	118	excluded-state	p1-laneac (banked by evidence-bank 2026-07-31)	pending	
8938	crates/backend/utils/adt/rangetypes/src/lib.rs	119	excluded-state	p1-laneac (banked by evidence-bank 2026-07-31)	pending	
8939	crates/backend/utils/adt/rangetypes/src/lib.rs	120	excluded-state	p1-laneac (banked by evidence-bank 2026-07-31)	pending	
8940	crates/backend/utils/adt/rangetypes/src/lib.rs	121	excluded-state	p1-laneac (banked by evidence-bank 2026-07-31)	pending	
8941	crates/backend/utils/adt/rangetypes/src/lib.rs	122	excluded-state	p1-laneac (banked by evidence-bank 2026-07-31)	pending	
8942	crates/backend/utils/adt/rangetypes/src/lib.rs	123	excluded-state	p1-laneac (banked by evidence-bank 2026-07-31)	pending	
8943	crates/backend/utils/adt/rangetypes/src/lib.rs	124	excluded-state	p1-laneac (banked by evidence-bank 2026-07-31)	pending	
8944	crates/backend/utils/adt/rangetypes/src/lib.rs	125	excluded-state	p1-laneac (banked by evidence-bank 2026-07-31)	pending	
8945	crates/backend/utils/adt/rangetypes/src/lib.rs	137	excluded-state	p1-laneac (banked by evidence-bank 2026-07-31)	pending	
8946	crates/backend/utils/adt/rangetypes/src/lib.rs	140	excluded-state	p1-laneac (banked by evidence-bank 2026-07-31)	pending	
8947	crates/backend/utils/adt/rangetypes/src/lib.rs	161	excluded-state	p1-laneac (banked by evidence-bank 2026-07-31)	pending	
8948	crates/backend/utils/adt/rangetypes/src/lib.rs	162	excluded-state	p1-laneac (banked by evidence-bank 2026-07-31)	pending	
8949	crates/backend/utils/adt/rangetypes/src/lib.rs	307	excluded-state	p1-laneac (banked by evidence-bank 2026-07-31)	pending	
8950	crates/backend/utils/adt/rangetypes/src/lib.rs	311	excluded-state	p1-laneac (banked by evidence-bank 2026-07-31)	pending	
8951	crates/backend/utils/adt/rangetypes/src/lib.rs	314	excluded-state	p1-laneac (banked by evidence-bank 2026-07-31)	pending	
8952	crates/backend/utils/adt/rangetypes/src/lib.rs	315	excluded-state	p1-laneac (banked by evidence-bank 2026-07-31)	pending	
8953	crates/backend/utils/adt/rangetypes/src/lib.rs	316	excluded-state	p1-laneac (banked by evidence-bank 2026-07-31)	pending	
8954	crates/backend/utils/adt/rangetypes/src/lib.rs	318	excluded-state	p1-laneac (banked by evidence-bank 2026-07-31)	pending	
8955	crates/backend/utils/adt/rangetypes/src/lib.rs	321	excluded-state	p1-laneac (banked by evidence-bank 2026-07-31)	pending	
8956	crates/backend/utils/adt/rangetypes/src/lib.rs	353	unreachable-arm	p1-laneac (banked by evidence-bank 2026-07-31)	pending	
8957	crates/backend/utils/adt/rangetypes/src/lib.rs	373	excluded-state	p1-laneac (banked by evidence-bank 2026-07-31)	pending	
8958	crates/backend/utils/adt/rangetypes/src/lib.rs	376	excluded-state	p1-laneac (banked by evidence-bank 2026-07-31)	pending	
8959	crates/backend/utils/adt/rangetypes/src/lib.rs	377	excluded-state	p1-laneac (banked by evidence-bank 2026-07-31)	pending	
8960	crates/backend/utils/adt/rangetypes/src/lib.rs	378	excluded-state	p1-laneac (banked by evidence-bank 2026-07-31)	pending	
8961	crates/backend/utils/adt/rangetypes/src/lib.rs	380	excluded-state	p1-laneac (banked by evidence-bank 2026-07-31)	pending	
8962	crates/backend/utils/adt/rangetypes/src/lib.rs	381	excluded-state	p1-laneac (banked by evidence-bank 2026-07-31)	pending	
8963	crates/backend/utils/adt/rangetypes/src/lib.rs	382	excluded-state	p1-laneac (banked by evidence-bank 2026-07-31)	pending	
8964	crates/backend/utils/adt/rangetypes/src/lib.rs	385	excluded-state	p1-laneac (banked by evidence-bank 2026-07-31)	pending	
8965	crates/backend/utils/adt/rangetypes/src/lib.rs	386	excluded-state	p1-laneac (banked by evidence-bank 2026-07-31)	pending	
8966	crates/backend/utils/adt/rangetypes/src/lib.rs	388	excluded-state	p1-laneac (banked by evidence-bank 2026-07-31)	pending	
8967	crates/backend/utils/adt/rangetypes/src/lib.rs	389	excluded-state	p1-laneac (banked by evidence-bank 2026-07-31)	pending	
8968	crates/backend/utils/adt/rangetypes/src/lib.rs	539	excluded-state	p1-laneac (banked by evidence-bank 2026-07-31)	pending	
8969	crates/backend/utils/adt/rangetypes/src/lib.rs	540	excluded-state	p1-laneac (banked by evidence-bank 2026-07-31)	pending	
8970	crates/backend/utils/adt/rangetypes/src/lib.rs	541	excluded-state	p1-laneac (banked by evidence-bank 2026-07-31)	pending	
8971	crates/backend/utils/adt/rangetypes/src/lib.rs	542	excluded-state	p1-laneac (banked by evidence-bank 2026-07-31)	pending	
8972	crates/backend/utils/adt/rangetypes/src/lib.rs	543	excluded-state	p1-laneac (banked by evidence-bank 2026-07-31)	pending	
8973	crates/backend/utils/adt/rangetypes/src/lib.rs	545	excluded-state	p1-laneac (banked by evidence-bank 2026-07-31)	pending	
8974	crates/backend/utils/adt/rangetypes/src/lib.rs	546	excluded-state	p1-laneac (banked by evidence-bank 2026-07-31)	pending	
8975	crates/backend/utils/adt/rangetypes/src/lib.rs	547	excluded-state	p1-laneac (banked by evidence-bank 2026-07-31)	pending	
8976	crates/backend/utils/adt/rangetypes/src/lib.rs	548	excluded-state	p1-laneac (banked by evidence-bank 2026-07-31)	pending	
8977	crates/backend/utils/adt/rangetypes/src/lib.rs	549	excluded-state	p1-laneac (banked by evidence-bank 2026-07-31)	pending	
8978	crates/backend/utils/adt/rangetypes/src/lib.rs	550	excluded-state	p1-laneac (banked by evidence-bank 2026-07-31)	pending	
8979	crates/backend/utils/adt/rangetypes/src/lib.rs	552	excluded-state	p1-laneac (banked by evidence-bank 2026-07-31)	pending	
8980	crates/backend/utils/adt/rangetypes/src/lib.rs	558	excluded-state	p1-laneac (banked by evidence-bank 2026-07-31)	pending	
8981	crates/backend/utils/adt/rangetypes/src/lib.rs	559	excluded-state	p1-laneac (banked by evidence-bank 2026-07-31)	pending	
8982	crates/backend/utils/adt/rangetypes/src/lib.rs	560	excluded-state	p1-laneac (banked by evidence-bank 2026-07-31)	pending	
8983	crates/backend/utils/adt/rangetypes/src/lib.rs	562	excluded-state	p1-laneac (banked by evidence-bank 2026-07-31)	pending	
8984	crates/backend/utils/adt/rangetypes/src/lib.rs	563	excluded-state	p1-laneac (banked by evidence-bank 2026-07-31)	pending	
8985	crates/backend/utils/adt/rangetypes/src/lib.rs	564	excluded-state	p1-laneac (banked by evidence-bank 2026-07-31)	pending	
8986	crates/backend/utils/adt/rangetypes/src/lib.rs	565	excluded-state	p1-laneac (banked by evidence-bank 2026-07-31)	pending	
8987	crates/backend/utils/adt/rangetypes/src/lib.rs	566	excluded-state	p1-laneac (banked by evidence-bank 2026-07-31)	pending	
8988	crates/backend/utils/adt/rangetypes/src/lib.rs	567	excluded-state	p1-laneac (banked by evidence-bank 2026-07-31)	pending	
8989	crates/backend/utils/adt/rangetypes/src/lib.rs	568	excluded-state	p1-laneac (banked by evidence-bank 2026-07-31)	pending	
8990	crates/backend/utils/adt/rangetypes/src/lib.rs	569	excluded-state	p1-laneac (banked by evidence-bank 2026-07-31)	pending	
8991	crates/backend/utils/adt/rangetypes/src/lib.rs	570	excluded-state	p1-laneac (banked by evidence-bank 2026-07-31)	pending	
8992	crates/backend/utils/adt/rangetypes/src/lib.rs	573	excluded-state	p1-laneac (banked by evidence-bank 2026-07-31)	pending	
8993	crates/backend/utils/adt/rangetypes/src/lib.rs	576	excluded-state	p1-laneac (banked by evidence-bank 2026-07-31)	pending	
8994	crates/backend/utils/adt/rangetypes/src/lib.rs	578	excluded-state	p1-laneac (banked by evidence-bank 2026-07-31)	pending	
8995	crates/backend/utils/adt/rangetypes/src/lib.rs	579	excluded-state	p1-laneac (banked by evidence-bank 2026-07-31)	pending	
8996	crates/backend/utils/adt/rangetypes/src/lib.rs	582	excluded-state	p1-laneac (banked by evidence-bank 2026-07-31)	pending	
8997	crates/backend/utils/adt/rangetypes/src/lib.rs	583	excluded-state	p1-laneac (banked by evidence-bank 2026-07-31)	pending	
8998	crates/backend/utils/adt/rangetypes/src/lib.rs	585	excluded-state	p1-laneac (banked by evidence-bank 2026-07-31)	pending	
8999	crates/backend/utils/adt/rangetypes/src/lib.rs	762	instrument-unmappable	p1-laneac (banked by evidence-bank 2026-07-31)	pending	
9000	crates/backend/utils/adt/rangetypes/src/ops.rs	17	instrument-unmappable	p1-laneac (banked by evidence-bank 2026-07-31)	pending	
9001	crates/backend/utils/adt/rangetypes/src/ops.rs	268	instrument-unmappable	p1-laneac (banked by evidence-bank 2026-07-31)	pending	
9002	crates/backend/utils/adt/rangetypes/src/ops.rs	278	instrument-unmappable	p1-laneac (banked by evidence-bank 2026-07-31)	pending	
9003	crates/backend/utils/adt/rangetypes/src/ops.rs	284	defensive-c-parity	p1-laneac (banked by evidence-bank 2026-07-31)	pending	
9004	crates/backend/utils/adt/rangetypes/src/ops.rs	334	unreachable-arm	p1-laneac (banked by evidence-bank 2026-07-31)	pending	
9005	crates/backend/utils/adt/rangetypes/src/ops.rs	415	excluded-state	p1-laneac (banked by evidence-bank 2026-07-31)	pending	
9006	crates/backend/utils/adt/rangetypes/src/ops.rs	416	excluded-state	p1-laneac (banked by evidence-bank 2026-07-31)	pending	
9007	crates/backend/utils/adt/rangetypes/src/ops.rs	417	excluded-state	p1-laneac (banked by evidence-bank 2026-07-31)	pending	
9008	crates/backend/utils/adt/rangetypes/src/ops.rs	418	excluded-state	p1-laneac (banked by evidence-bank 2026-07-31)	pending	
9009	crates/backend/utils/adt/rangetypes/src/ops.rs	419	excluded-state	p1-laneac (banked by evidence-bank 2026-07-31)	pending	
9010	crates/backend/utils/adt/rangetypes/src/ops.rs	420	excluded-state	p1-laneac (banked by evidence-bank 2026-07-31)	pending	
9011	crates/backend/utils/adt/rangetypes/src/ops.rs	421	excluded-state	p1-laneac (banked by evidence-bank 2026-07-31)	pending	
9012	crates/backend/utils/adt/rangetypes/src/ops.rs	427	excluded-state	p1-laneac (banked by evidence-bank 2026-07-31)	pending	
9013	crates/backend/utils/adt/rangetypes/src/ops.rs	428	excluded-state	p1-laneac (banked by evidence-bank 2026-07-31)	pending	
9014	crates/backend/utils/adt/rangetypes/src/ops.rs	429	excluded-state	p1-laneac (banked by evidence-bank 2026-07-31)	pending	
9015	crates/backend/utils/adt/rangetypes/src/ops.rs	430	excluded-state	p1-laneac (banked by evidence-bank 2026-07-31)	pending	
9016	crates/backend/utils/adt/rangetypes/src/ops.rs	432	excluded-state	p1-laneac (banked by evidence-bank 2026-07-31)	pending	
9017	crates/backend/utils/adt/rangetypes/src/ops.rs	439	excluded-state	p1-laneac (banked by evidence-bank 2026-07-31)	pending	
9018	crates/backend/utils/adt/rangetypes/src/ops.rs	440	excluded-state	p1-laneac (banked by evidence-bank 2026-07-31)	pending	
9019	crates/backend/utils/adt/rangetypes/src/ops.rs	441	excluded-state	p1-laneac (banked by evidence-bank 2026-07-31)	pending	
9020	crates/backend/utils/adt/rangetypes/src/ops.rs	442	excluded-state	p1-laneac (banked by evidence-bank 2026-07-31)	pending	
9021	crates/backend/utils/adt/rangetypes/src/ops.rs	444	excluded-state	p1-laneac (banked by evidence-bank 2026-07-31)	pending	
9022	crates/backend/utils/adt/multirangetypes/src/builtins.rs	186	unreachable-arm	p1-laneac (banked by evidence-bank 2026-07-31)	pending	
9023	crates/backend/utils/adt/multirangetypes/src/lib.rs	834	unreachable-arm	p1-laneac (banked by evidence-bank 2026-07-31)	pending	
9024	crates/backend/utils/adt/tsvector_core/src/builtins.rs	347	excluded-state	p1-laneae (banked by evidence-bank 2026-07-31)	pending	
9025	crates/backend/utils/adt/tsvector_core/src/builtins.rs	348	excluded-state	p1-laneae (banked by evidence-bank 2026-07-31)	pending	
9026	crates/backend/utils/adt/tsvector_core/src/builtins.rs	349	excluded-state	p1-laneae (banked by evidence-bank 2026-07-31)	pending	
9027	crates/backend/utils/adt/tsvector_core/src/builtins.rs	350	excluded-state	p1-laneae (banked by evidence-bank 2026-07-31)	pending	
9028	crates/backend/utils/adt/tsvector_core/src/builtins.rs	351	excluded-state	p1-laneae (banked by evidence-bank 2026-07-31)	pending	
9029	crates/backend/utils/adt/tsvector_core/src/builtins.rs	352	excluded-state	p1-laneae (banked by evidence-bank 2026-07-31)	pending	
9030	crates/backend/utils/adt/tsvector_core/src/builtins.rs	353	excluded-state	p1-laneae (banked by evidence-bank 2026-07-31)	pending	
9031	crates/backend/utils/adt/tsvector_core/src/builtins.rs	354	excluded-state	p1-laneae (banked by evidence-bank 2026-07-31)	pending	
9032	crates/backend/utils/adt/tsvector_core/src/builtins.rs	355	excluded-state	p1-laneae (banked by evidence-bank 2026-07-31)	pending	
9033	crates/backend/utils/adt/tsvector_core/src/builtins.rs	357	excluded-state	p1-laneae (banked by evidence-bank 2026-07-31)	pending	
9034	crates/backend/utils/adt/tsvector_core/src/builtins.rs	358	excluded-state	p1-laneae (banked by evidence-bank 2026-07-31)	pending	
9035	crates/backend/utils/adt/tsvector_core/src/builtins.rs	359	excluded-state	p1-laneae (banked by evidence-bank 2026-07-31)	pending	
9036	crates/backend/utils/adt/tsvector_core/src/builtins.rs	360	excluded-state	p1-laneae (banked by evidence-bank 2026-07-31)	pending	
9037	crates/backend/utils/adt/tsvector_core/src/builtins.rs	361	excluded-state	p1-laneae (banked by evidence-bank 2026-07-31)	pending	
9038	crates/backend/utils/adt/tsvector_core/src/builtins.rs	362	excluded-state	p1-laneae (banked by evidence-bank 2026-07-31)	pending	
9039	crates/backend/utils/adt/tsvector_core/src/builtins.rs	363	excluded-state	p1-laneae (banked by evidence-bank 2026-07-31)	pending	
9040	crates/backend/utils/adt/tsvector_core/src/builtins.rs	364	excluded-state	p1-laneae (banked by evidence-bank 2026-07-31)	pending	
9041	crates/backend/utils/adt/tsvector_core/src/builtins.rs	365	excluded-state	p1-laneae (banked by evidence-bank 2026-07-31)	pending	
9042	crates/backend/utils/adt/tsvector_core/src/builtins.rs	367	excluded-state	p1-laneae (banked by evidence-bank 2026-07-31)	pending	
9043	crates/backend/utils/adt/tsvector_core/src/builtins.rs	368	excluded-state	p1-laneae (banked by evidence-bank 2026-07-31)	pending	
9044	crates/backend/utils/adt/tsvector_core/src/builtins.rs	370	excluded-state	p1-laneae (banked by evidence-bank 2026-07-31)	pending	
9045	crates/backend/utils/adt/tsvector_core/src/builtins.rs	374	excluded-state	p1-laneae (banked by evidence-bank 2026-07-31)	pending	
9046	crates/backend/utils/adt/tsvector_core/src/builtins.rs	375	excluded-state	p1-laneae (banked by evidence-bank 2026-07-31)	pending	
9047	crates/backend/utils/adt/tsvector_core/src/builtins.rs	377	excluded-state	p1-laneae (banked by evidence-bank 2026-07-31)	pending	
9048	crates/backend/utils/adt/tsvector_core/src/builtins.rs	379	excluded-state	p1-laneae (banked by evidence-bank 2026-07-31)	pending	
9049	crates/backend/utils/adt/tsvector_core/src/builtins.rs	380	excluded-state	p1-laneae (banked by evidence-bank 2026-07-31)	pending	
9050	crates/backend/utils/adt/tsvector_core/src/builtins.rs	381	excluded-state	p1-laneae (banked by evidence-bank 2026-07-31)	pending	
9051	crates/backend/utils/adt/tsvector_core/src/builtins.rs	382	excluded-state	p1-laneae (banked by evidence-bank 2026-07-31)	pending	
9052	crates/backend/utils/adt/tsvector_core/src/builtins.rs	383	excluded-state	p1-laneae (banked by evidence-bank 2026-07-31)	pending	
9053	crates/backend/utils/adt/tsvector_core/src/builtins.rs	384	excluded-state	p1-laneae (banked by evidence-bank 2026-07-31)	pending	
9054	crates/backend/utils/adt/tsvector_core/src/builtins.rs	387	excluded-state	p1-laneae (banked by evidence-bank 2026-07-31)	pending	
9055	crates/backend/utils/adt/tsvector_core/src/builtins.rs	389	excluded-state	p1-laneae (banked by evidence-bank 2026-07-31)	pending	
9056	crates/backend/utils/adt/tsvector_core/src/builtins.rs	390	excluded-state	p1-laneae (banked by evidence-bank 2026-07-31)	pending	
9057	crates/backend/utils/adt/tsvector_core/src/builtins.rs	391	excluded-state	p1-laneae (banked by evidence-bank 2026-07-31)	pending	
9058	crates/backend/utils/adt/tsvector_core/src/builtins.rs	392	excluded-state	p1-laneae (banked by evidence-bank 2026-07-31)	pending	
9059	crates/backend/utils/adt/tsvector_core/src/builtins.rs	393	excluded-state	p1-laneae (banked by evidence-bank 2026-07-31)	pending	
9060	crates/backend/utils/adt/tsvector_core/src/builtins.rs	394	excluded-state	p1-laneae (banked by evidence-bank 2026-07-31)	pending	
9061	crates/backend/utils/adt/tsvector_core/src/builtins.rs	395	excluded-state	p1-laneae (banked by evidence-bank 2026-07-31)	pending	
9062	crates/backend/utils/adt/tsvector_core/src/builtins.rs	396	excluded-state	p1-laneae (banked by evidence-bank 2026-07-31)	pending	
9063	crates/backend/utils/adt/tsvector_core/src/builtins.rs	397	excluded-state	p1-laneae (banked by evidence-bank 2026-07-31)	pending	
9064	crates/backend/utils/adt/tsvector_core/src/builtins.rs	398	excluded-state	p1-laneae (banked by evidence-bank 2026-07-31)	pending	
9065	crates/backend/utils/adt/tsvector_core/src/builtins.rs	399	excluded-state	p1-laneae (banked by evidence-bank 2026-07-31)	pending	
9066	crates/backend/utils/adt/tsvector_core/src/builtins.rs	400	excluded-state	p1-laneae (banked by evidence-bank 2026-07-31)	pending	
9067	crates/backend/utils/adt/tsvector_core/src/builtins.rs	401	excluded-state	p1-laneae (banked by evidence-bank 2026-07-31)	pending	
9068	crates/backend/utils/adt/tsvector_core/src/builtins.rs	403	excluded-state	p1-laneae (banked by evidence-bank 2026-07-31)	pending	
9069	crates/backend/utils/adt/tsvector_core/src/builtins.rs	404	excluded-state	p1-laneae (banked by evidence-bank 2026-07-31)	pending	
9070	crates/backend/utils/adt/tsvector_core/src/builtins.rs	405	excluded-state	p1-laneae (banked by evidence-bank 2026-07-31)	pending	
9071	crates/backend/utils/adt/tsvector_core/src/builtins.rs	406	excluded-state	p1-laneae (banked by evidence-bank 2026-07-31)	pending	
9072	crates/backend/utils/adt/tsvector_core/src/builtins.rs	407	excluded-state	p1-laneae (banked by evidence-bank 2026-07-31)	pending	
9073	crates/backend/utils/adt/tsvector_core/src/builtins.rs	408	excluded-state	p1-laneae (banked by evidence-bank 2026-07-31)	pending	
9074	crates/backend/utils/adt/tsvector_core/src/builtins.rs	409	excluded-state	p1-laneae (banked by evidence-bank 2026-07-31)	pending	
9075	crates/backend/utils/adt/tsvector_core/src/builtins.rs	410	excluded-state	p1-laneae (banked by evidence-bank 2026-07-31)	pending	
9076	crates/backend/utils/adt/tsvector_core/src/builtins.rs	411	excluded-state	p1-laneae (banked by evidence-bank 2026-07-31)	pending	
9077	crates/backend/utils/adt/tsvector_core/src/builtins.rs	412	excluded-state	p1-laneae (banked by evidence-bank 2026-07-31)	pending	
9078	crates/backend/utils/adt/tsvector_core/src/builtins.rs	413	excluded-state	p1-laneae (banked by evidence-bank 2026-07-31)	pending	
9079	crates/backend/utils/adt/tsvector_core/src/builtins.rs	414	excluded-state	p1-laneae (banked by evidence-bank 2026-07-31)	pending	
9080	crates/backend/utils/adt/tsvector_core/src/builtins.rs	415	excluded-state	p1-laneae (banked by evidence-bank 2026-07-31)	pending	
9081	crates/backend/utils/adt/tsvector_core/src/builtins.rs	416	excluded-state	p1-laneae (banked by evidence-bank 2026-07-31)	pending	
9082	crates/backend/utils/adt/tsvector_core/src/builtins.rs	417	excluded-state	p1-laneae (banked by evidence-bank 2026-07-31)	pending	
9083	crates/backend/utils/adt/tsvector_core/src/builtins.rs	418	excluded-state	p1-laneae (banked by evidence-bank 2026-07-31)	pending	
9084	crates/backend/utils/adt/tsvector_core/src/builtins.rs	419	excluded-state	p1-laneae (banked by evidence-bank 2026-07-31)	pending	
9085	crates/backend/utils/adt/tsvector_core/src/builtins.rs	420	excluded-state	p1-laneae (banked by evidence-bank 2026-07-31)	pending	
9086	crates/backend/utils/adt/tsvector_core/src/builtins.rs	421	excluded-state	p1-laneae (banked by evidence-bank 2026-07-31)	pending	
9087	crates/backend/utils/adt/tsvector_core/src/builtins.rs	422	excluded-state	p1-laneae (banked by evidence-bank 2026-07-31)	pending	
9088	crates/backend/utils/adt/tsvector_core/src/builtins.rs	424	excluded-state	p1-laneae (banked by evidence-bank 2026-07-31)	pending	
9089	crates/backend/utils/adt/tsvector_core/src/builtins.rs	425	excluded-state	p1-laneae (banked by evidence-bank 2026-07-31)	pending	
9090	crates/backend/utils/adt/tsvector_core/src/builtins.rs	427	excluded-state	p1-laneae (banked by evidence-bank 2026-07-31)	pending	
9091	crates/backend/utils/adt/tsvector_core/src/execute.rs	120	defensive-c-parity	p1-laneae (banked by evidence-bank 2026-07-31)	pending	
9092	crates/backend/utils/adt/tsvector_core/src/execute.rs	275	defensive-c-parity	p1-laneae (banked by evidence-bank 2026-07-31)	pending	
9093	crates/backend/utils/adt/tsvector_core/src/execute.rs	125	excluded-state	p1-laneae (banked by evidence-bank 2026-07-31)	pending	
9094	crates/backend/utils/adt/tsvector_core/src/execute.rs	126	excluded-state	p1-laneae (banked by evidence-bank 2026-07-31)	pending	
9095	crates/backend/utils/adt/tsvector_core/src/execute.rs	279	excluded-state	p1-laneae (banked by evidence-bank 2026-07-31)	pending	
9096	crates/backend/utils/adt/tsvector_core/src/execute.rs	141	unreachable-arm	p1-laneae (banked by evidence-bank 2026-07-31)	pending	
9097	crates/backend/utils/adt/tsvector_core/src/execute.rs	157	instrument-unmappable	p1-laneae (banked by evidence-bank 2026-07-31)	pending	
9098	crates/backend/utils/adt/tsvector_core/src/execute.rs	217	instrument-unmappable	p1-laneae (banked by evidence-bank 2026-07-31)	pending	
9099	crates/backend/utils/adt/tsvector_core/src/execute.rs	170	instrument-unmappable	p1-laneae (banked by evidence-bank 2026-07-31)	pending	
9100	crates/backend/utils/adt/tsvector_core/src/execute.rs	261	defensive-c-parity	p1-laneae (banked by evidence-bank 2026-07-31)	pending	
9101	crates/backend/utils/adt/tsvector_core/src/execute.rs	322	defensive-c-parity	p1-laneae (banked by evidence-bank 2026-07-31)	pending	
9102	crates/backend/utils/adt/tsvector_core/src/execute.rs	284	excluded-state	p1-laneae (banked by evidence-bank 2026-07-31)	pending	
9103	crates/backend/utils/adt/tsvector_core/src/execute.rs	296	excluded-state	p1-laneae (banked by evidence-bank 2026-07-31)	pending	
9104	crates/backend/utils/adt/tsvector_core/src/execute.rs	308	excluded-state	p1-laneae (banked by evidence-bank 2026-07-31)	pending	
9105	crates/backend/utils/adt/tsvector_core/src/execute.rs	316	excluded-state	p1-laneae (banked by evidence-bank 2026-07-31)	pending	
9106	crates/backend/utils/adt/tsvector_core/src/execute.rs	336	excluded-state	p1-laneae (banked by evidence-bank 2026-07-31)	pending	
9107	crates/backend/utils/adt/tsvector_core/src/execute.rs	337	excluded-state	p1-laneae (banked by evidence-bank 2026-07-31)	pending	
9108	crates/backend/utils/adt/tsvector_core/src/execute.rs	338	excluded-state	p1-laneae (banked by evidence-bank 2026-07-31)	pending	
9109	crates/backend/utils/adt/tsvector_core/src/execute.rs	339	excluded-state	p1-laneae (banked by evidence-bank 2026-07-31)	pending	
9110	crates/backend/utils/adt/tsvector_core/src/execute.rs	340	excluded-state	p1-laneae (banked by evidence-bank 2026-07-31)	pending	
9111	crates/backend/utils/adt/tsvector_core/src/execute.rs	341	excluded-state	p1-laneae (banked by evidence-bank 2026-07-31)	pending	
9112	crates/backend/utils/adt/tsvector_core/src/execute.rs	342	excluded-state	p1-laneae (banked by evidence-bank 2026-07-31)	pending	
9113	crates/backend/utils/adt/tsvector_core/src/execute.rs	349	excluded-state	p1-laneae (banked by evidence-bank 2026-07-31)	pending	
9114	crates/backend/utils/adt/tsvector_core/src/execute.rs	350	excluded-state	p1-laneae (banked by evidence-bank 2026-07-31)	pending	
9115	crates/backend/utils/adt/tsvector_core/src/execute.rs	351	excluded-state	p1-laneae (banked by evidence-bank 2026-07-31)	pending	
9116	crates/backend/utils/adt/tsvector_core/src/execute.rs	352	excluded-state	p1-laneae (banked by evidence-bank 2026-07-31)	pending	
9117	crates/backend/utils/adt/tsvector_core/src/execute.rs	353	excluded-state	p1-laneae (banked by evidence-bank 2026-07-31)	pending	
9118	crates/backend/utils/adt/tsvector_core/src/execute.rs	354	excluded-state	p1-laneae (banked by evidence-bank 2026-07-31)	pending	
9119	crates/backend/utils/adt/tsvector_core/src/execute.rs	355	excluded-state	p1-laneae (banked by evidence-bank 2026-07-31)	pending	
9120	crates/backend/utils/adt/tsvector_core/src/execute.rs	356	excluded-state	p1-laneae (banked by evidence-bank 2026-07-31)	pending	
9121	crates/backend/utils/adt/tsvector_core/src/execute.rs	358	excluded-state	p1-laneae (banked by evidence-bank 2026-07-31)	pending	
9122	crates/backend/utils/adt/tsvector_core/src/execute.rs	362	excluded-state	p1-laneae (banked by evidence-bank 2026-07-31)	pending	
9123	crates/backend/utils/adt/tsvector_core/src/execute.rs	363	excluded-state	p1-laneae (banked by evidence-bank 2026-07-31)	pending	
9124	crates/backend/utils/adt/tsvector_core/src/execute.rs	364	excluded-state	p1-laneae (banked by evidence-bank 2026-07-31)	pending	
9125	crates/backend/utils/adt/tsvector_core/src/execute.rs	365	excluded-state	p1-laneae (banked by evidence-bank 2026-07-31)	pending	
9126	crates/backend/utils/adt/tsvector_core/src/execute.rs	366	excluded-state	p1-laneae (banked by evidence-bank 2026-07-31)	pending	
9127	crates/backend/utils/adt/tsvector_core/src/execute.rs	367	excluded-state	p1-laneae (banked by evidence-bank 2026-07-31)	pending	
9128	crates/backend/utils/adt/tsvector_core/src/execute.rs	368	excluded-state	p1-laneae (banked by evidence-bank 2026-07-31)	pending	
9129	crates/backend/utils/adt/tsvector_core/src/execute.rs	369	excluded-state	p1-laneae (banked by evidence-bank 2026-07-31)	pending	
9130	crates/backend/utils/adt/tsvector_core/src/execute.rs	370	excluded-state	p1-laneae (banked by evidence-bank 2026-07-31)	pending	
9131	crates/backend/utils/adt/tsvector_core/src/execute.rs	372	excluded-state	p1-laneae (banked by evidence-bank 2026-07-31)	pending	
9132	crates/backend/utils/adt/tsvector_core/src/execute.rs	373	excluded-state	p1-laneae (banked by evidence-bank 2026-07-31)	pending	
9133	crates/backend/utils/adt/tsvector_core/src/execute.rs	374	excluded-state	p1-laneae (banked by evidence-bank 2026-07-31)	pending	
9134	crates/backend/utils/adt/tsvector_core/src/execute.rs	375	excluded-state	p1-laneae (banked by evidence-bank 2026-07-31)	pending	
9135	crates/backend/utils/adt/tsvector_core/src/execute.rs	377	excluded-state	p1-laneae (banked by evidence-bank 2026-07-31)	pending	
9136	crates/backend/utils/adt/tsvector_core/src/execute.rs	379	excluded-state	p1-laneae (banked by evidence-bank 2026-07-31)	pending	
9137	crates/backend/utils/adt/tsvector_core/src/execute.rs	380	excluded-state	p1-laneae (banked by evidence-bank 2026-07-31)	pending	
9138	crates/backend/utils/adt/tsvector_core/src/execute.rs	382	excluded-state	p1-laneae (banked by evidence-bank 2026-07-31)	pending	
9139	crates/backend/utils/adt/tsvector_core/src/execute.rs	384	excluded-state	p1-laneae (banked by evidence-bank 2026-07-31)	pending	
9140	crates/backend/utils/adt/tsvector_core/src/execute.rs	387	excluded-state	p1-laneae (banked by evidence-bank 2026-07-31)	pending	
9141	crates/backend/utils/adt/tsvector_core/src/execute.rs	388	excluded-state	p1-laneae (banked by evidence-bank 2026-07-31)	pending	
9142	crates/backend/utils/adt/tsvector_core/src/execute.rs	389	excluded-state	p1-laneae (banked by evidence-bank 2026-07-31)	pending	
9143	crates/backend/utils/adt/tsvector_core/src/execute.rs	390	excluded-state	p1-laneae (banked by evidence-bank 2026-07-31)	pending	
9144	crates/backend/utils/adt/tsvector_core/src/execute.rs	391	excluded-state	p1-laneae (banked by evidence-bank 2026-07-31)	pending	
9145	crates/backend/utils/adt/tsvector_core/src/execute.rs	392	excluded-state	p1-laneae (banked by evidence-bank 2026-07-31)	pending	
9146	crates/backend/utils/adt/tsvector_core/src/execute.rs	393	excluded-state	p1-laneae (banked by evidence-bank 2026-07-31)	pending	
9147	crates/backend/utils/adt/tsvector_core/src/execute.rs	394	excluded-state	p1-laneae (banked by evidence-bank 2026-07-31)	pending	
9148	crates/backend/utils/adt/tsvector_core/src/execute.rs	395	excluded-state	p1-laneae (banked by evidence-bank 2026-07-31)	pending	
9149	crates/backend/utils/adt/tsvector_core/src/execute.rs	397	excluded-state	p1-laneae (banked by evidence-bank 2026-07-31)	pending	
9150	crates/backend/utils/adt/tsvector_core/src/execute.rs	398	excluded-state	p1-laneae (banked by evidence-bank 2026-07-31)	pending	
9151	crates/backend/utils/adt/tsvector_core/src/execute.rs	399	excluded-state	p1-laneae (banked by evidence-bank 2026-07-31)	pending	
9152	crates/backend/utils/adt/tsvector_core/src/execute.rs	401	excluded-state	p1-laneae (banked by evidence-bank 2026-07-31)	pending	
9153	crates/backend/utils/adt/tsvector_core/src/execute.rs	402	excluded-state	p1-laneae (banked by evidence-bank 2026-07-31)	pending	
9154	crates/backend/utils/adt/tsvector_core/src/execute.rs	403	excluded-state	p1-laneae (banked by evidence-bank 2026-07-31)	pending	
9155	crates/backend/utils/adt/tsvector_core/src/execute.rs	406	excluded-state	p1-laneae (banked by evidence-bank 2026-07-31)	pending	
9156	crates/backend/utils/adt/tsvector_core/src/execute.rs	407	excluded-state	p1-laneae (banked by evidence-bank 2026-07-31)	pending	
9157	crates/backend/utils/adt/tsvector_core/src/execute.rs	408	excluded-state	p1-laneae (banked by evidence-bank 2026-07-31)	pending	
9158	crates/backend/utils/adt/tsvector_core/src/execute.rs	409	excluded-state	p1-laneae (banked by evidence-bank 2026-07-31)	pending	
9159	crates/backend/utils/adt/tsvector_core/src/execute.rs	410	excluded-state	p1-laneae (banked by evidence-bank 2026-07-31)	pending	
9160	crates/backend/utils/adt/tsvector_core/src/execute.rs	411	excluded-state	p1-laneae (banked by evidence-bank 2026-07-31)	pending	
9161	crates/backend/utils/adt/tsvector_core/src/execute.rs	412	excluded-state	p1-laneae (banked by evidence-bank 2026-07-31)	pending	
9162	crates/backend/utils/adt/tsvector_core/src/execute.rs	417	excluded-state	p1-laneae (banked by evidence-bank 2026-07-31)	pending	
9163	crates/backend/utils/adt/tsvector_core/src/execute.rs	418	excluded-state	p1-laneae (banked by evidence-bank 2026-07-31)	pending	
9164	crates/backend/utils/adt/tsvector_core/src/execute.rs	419	excluded-state	p1-laneae (banked by evidence-bank 2026-07-31)	pending	
9165	crates/backend/utils/adt/tsvector_core/src/execute.rs	420	excluded-state	p1-laneae (banked by evidence-bank 2026-07-31)	pending	
9166	crates/backend/utils/adt/tsvector_core/src/execute.rs	422	excluded-state	p1-laneae (banked by evidence-bank 2026-07-31)	pending	
9167	crates/backend/utils/adt/tsvector_core/src/execute.rs	423	excluded-state	p1-laneae (banked by evidence-bank 2026-07-31)	pending	
9168	crates/backend/utils/adt/tsvector_core/src/execute.rs	424	excluded-state	p1-laneae (banked by evidence-bank 2026-07-31)	pending	
9169	crates/backend/utils/adt/tsvector_core/src/execute.rs	425	excluded-state	p1-laneae (banked by evidence-bank 2026-07-31)	pending	
9170	crates/backend/utils/adt/tsvector_core/src/execute.rs	426	excluded-state	p1-laneae (banked by evidence-bank 2026-07-31)	pending	
9171	crates/backend/utils/adt/tsvector_core/src/execute.rs	427	excluded-state	p1-laneae (banked by evidence-bank 2026-07-31)	pending	
9172	crates/backend/utils/adt/tsvector_core/src/execute.rs	428	excluded-state	p1-laneae (banked by evidence-bank 2026-07-31)	pending	
9173	crates/backend/utils/adt/tsvector_core/src/execute.rs	429	excluded-state	p1-laneae (banked by evidence-bank 2026-07-31)	pending	
9174	crates/backend/utils/adt/tsvector_core/src/execute.rs	430	excluded-state	p1-laneae (banked by evidence-bank 2026-07-31)	pending	
9175	crates/backend/utils/adt/tsvector_core/src/execute.rs	431	excluded-state	p1-laneae (banked by evidence-bank 2026-07-31)	pending	
9176	crates/backend/utils/adt/tsvector_core/src/execute.rs	433	excluded-state	p1-laneae (banked by evidence-bank 2026-07-31)	pending	
9177	crates/backend/utils/adt/tsvector_core/src/execute.rs	434	excluded-state	p1-laneae (banked by evidence-bank 2026-07-31)	pending	
9178	crates/backend/utils/adt/tsvector_core/src/execute.rs	438	excluded-state	p1-laneae (banked by evidence-bank 2026-07-31)	pending	
9179	crates/backend/utils/adt/tsvector_core/src/execute.rs	441	excluded-state	p1-laneae (banked by evidence-bank 2026-07-31)	pending	
9180	crates/backend/utils/adt/tsvector_core/src/execute.rs	442	excluded-state	p1-laneae (banked by evidence-bank 2026-07-31)	pending	
9181	crates/backend/utils/adt/tsvector_core/src/execute.rs	443	excluded-state	p1-laneae (banked by evidence-bank 2026-07-31)	pending	
9182	crates/backend/utils/adt/tsvector_core/src/execute.rs	445	excluded-state	p1-laneae (banked by evidence-bank 2026-07-31)	pending	
9183	crates/backend/utils/adt/tsvector_core/src/execute.rs	446	excluded-state	p1-laneae (banked by evidence-bank 2026-07-31)	pending	
9184	crates/backend/utils/adt/tsvector_core/src/execute.rs	448	excluded-state	p1-laneae (banked by evidence-bank 2026-07-31)	pending	
9185	crates/backend/utils/adt/tsvector_core/src/execute.rs	450	excluded-state	p1-laneae (banked by evidence-bank 2026-07-31)	pending	
9186	crates/backend/utils/adt/tsvector_core/src/execute.rs	452	excluded-state	p1-laneae (banked by evidence-bank 2026-07-31)	pending	
9187	crates/backend/utils/adt/tsvector_core/src/op.rs	206	instrument-unmappable	p1-laneae (banked by evidence-bank 2026-07-31)	pending	
9188	crates/backend/utils/adt/tsvector_core/src/op.rs	405	excluded-state	p1-laneae (banked by evidence-bank 2026-07-31)	pending	
9189	crates/backend/utils/adt/tsvector_core/src/op.rs	407	excluded-state	p1-laneae (banked by evidence-bank 2026-07-31)	pending	
9190	crates/backend/utils/adt/tsvector_core/src/op.rs	408	excluded-state	p1-laneae (banked by evidence-bank 2026-07-31)	pending	
9191	crates/backend/utils/adt/tsvector_core/src/op.rs	409	excluded-state	p1-laneae (banked by evidence-bank 2026-07-31)	pending	
9192	crates/backend/utils/adt/tsvector_core/src/op.rs	410	excluded-state	p1-laneae (banked by evidence-bank 2026-07-31)	pending	
9193	crates/backend/utils/adt/tsvector_core/src/op.rs	411	excluded-state	p1-laneae (banked by evidence-bank 2026-07-31)	pending	
9194	crates/backend/utils/adt/tsvector_core/src/op.rs	413	excluded-state	p1-laneae (banked by evidence-bank 2026-07-31)	pending	
9195	crates/backend/utils/adt/tsvector_core/src/op.rs	414	excluded-state	p1-laneae (banked by evidence-bank 2026-07-31)	pending	
9196	crates/backend/utils/adt/tsvector_core/src/op.rs	417	excluded-state	p1-laneae (banked by evidence-bank 2026-07-31)	pending	
9197	crates/backend/utils/adt/tsvector_core/src/op.rs	418	excluded-state	p1-laneae (banked by evidence-bank 2026-07-31)	pending	
9198	crates/backend/utils/adt/tsvector_core/src/op.rs	420	excluded-state	p1-laneae (banked by evidence-bank 2026-07-31)	pending	
9199	crates/backend/utils/adt/tsvector_core/src/io.rs	57	instrument-unmappable	p1-laneae (banked by evidence-bank 2026-07-31)	pending	
9200	crates/backend/utils/adt/tsvector_core/src/io.rs	114	defensive-c-parity	p1-laneae (banked by evidence-bank 2026-07-31)	pending	
9201	crates/backend/utils/adt/tsvector_core/src/layout.rs	139	unreachable-arm	p1-laneae (banked by evidence-bank 2026-07-31)	pending	
9202	crates/backend/utils/adt/tsvector_core/src/layout.rs	156	unreachable-arm	p1-laneae (banked by evidence-bank 2026-07-31)	pending	
9203	crates/backend/utils/adt/tsvector_core/src/layout.rs	174	instrument-unmappable	p1-laneae (banked by evidence-bank 2026-07-31)	pending	
9204	crates/backend/utils/adt/tsvector_core/src/parser.rs	20	excluded-state	p1-laneae (banked by evidence-bank 2026-07-31)	pending	E3-non-v2
9205	crates/backend/utils/adt/tsvector_core/src/parser.rs	21	excluded-state	p1-laneae (banked by evidence-bank 2026-07-31)	pending	E3-non-v2
9206	crates/backend/utils/adt/tsvector_core/src/parser.rs	71	excluded-state	p1-laneae (banked by evidence-bank 2026-07-31)	pending	E3-non-v2
9207	crates/backend/utils/adt/tsvector_core/src/parser.rs	72	excluded-state	p1-laneae (banked by evidence-bank 2026-07-31)	pending	E3-non-v2
9208	crates/backend/utils/adt/tsvector_core/src/parser.rs	92	defensive-c-parity	p1-laneae (banked by evidence-bank 2026-07-31)	pending	
9209	crates/backend/utils/adt/tsvector_core/src/parser.rs	110	instrument-unmappable	p1-laneae (banked by evidence-bank 2026-07-31)	pending	E3-non-v2
9210	crates/backend/utils/adt/tsvector_core/src/parser.rs	148	instrument-unmappable	p1-laneae (banked by evidence-bank 2026-07-31)	pending	E3-non-v2
9211	crates/backend/utils/adt/tsvector_core/src/parser.rs	244	instrument-unmappable	p1-laneae (banked by evidence-bank 2026-07-31)	pending	
9212	crates/backend/utils/adt/tsvector_core/src/parser.rs	136	excluded-state	p1-laneae (banked by evidence-bank 2026-07-31)	pending	
9213	crates/backend/utils/adt/tsvector_core/src/parser.rs	166	unreachable-arm	p1-laneae (banked by evidence-bank 2026-07-31)	pending	
9214	crates/backend/utils/adt/tsvector_core/src/parser.rs	171	unreachable-arm	p1-laneae (banked by evidence-bank 2026-07-31)	pending	
9215	crates/backend/utils/adt/tsvector_core/src/parser.rs	174	excluded-state	p1-laneae (banked by evidence-bank 2026-07-31)	pending	
9216	crates/backend/utils/adt/tsvector_core/src/parser.rs	201	excluded-state	p1-laneae (banked by evidence-bank 2026-07-31)	pending	
9217	crates/backend/utils/adt/tsvector_core/src/query.rs	15	excluded-state	p1-laneae (banked by evidence-bank 2026-07-31)	pending	
9218	crates/backend/utils/adt/tsvector_core/src/query.rs	16	excluded-state	p1-laneae (banked by evidence-bank 2026-07-31)	pending	
9219	crates/backend/utils/adt/tsvector_core/src/query.rs	67	excluded-state	p1-laneae (banked by evidence-bank 2026-07-31)	pending	
9220	crates/backend/utils/adt/tsvector_core/src/query.rs	68	defensive-c-parity	p1-laneae (banked by evidence-bank 2026-07-31)	pending	
9221	crates/backend/utils/adt/tsvector_core/src/query.rs	89	excluded-state	p1-laneae (banked by evidence-bank 2026-07-31)	pending	
9222	crates/backend/utils/adt/tsvector_core/src/builtins.rs	91	instrument-unmappable	p1-laneae (banked by evidence-bank 2026-07-31)	pending	
9223	crates/backend/utils/adt/tsvector_core/src/builtins.rs	244	instrument-unmappable	p1-laneae (banked by evidence-bank 2026-07-31)	pending	
9224	crates/backend/utils/adt/tsvector_core/src/builtins.rs	245	instrument-unmappable	p1-laneae (banked by evidence-bank 2026-07-31)	pending	
9225	crates/backend/utils/adt/tsvector_core/src/builtins.rs	246	instrument-unmappable	p1-laneae (banked by evidence-bank 2026-07-31)	pending	
9226	crates/backend/utils/adt/tsvector_core/src/builtins.rs	247	instrument-unmappable	p1-laneae (banked by evidence-bank 2026-07-31)	pending	
9227	crates/backend/utils/adt/tsvector_core/src/builtins.rs	248	instrument-unmappable	p1-laneae (banked by evidence-bank 2026-07-31)	pending	
9228	crates/backend/utils/adt/tsvector_core/src/builtins.rs	430	const-eval-only	p1-laneae (banked by evidence-bank 2026-07-31)	pending	
9229	crates/backend/utils/adt/tsvector_core/src/builtins.rs	431	const-eval-only	p1-laneae (banked by evidence-bank 2026-07-31)	pending	
9230	crates/backend/utils/adt/tsvector_core/src/builtins.rs	434	const-eval-only	p1-laneae (banked by evidence-bank 2026-07-31)	pending	
9231	crates/backend/utils/adt/tsvector_core/src/builtins.rs	435	const-eval-only	p1-laneae (banked by evidence-bank 2026-07-31)	pending	
9232	crates/backend/utils/adt/tsvector_core/src/builtins.rs	438	const-eval-only	p1-laneae (banked by evidence-bank 2026-07-31)	pending	
9233	crates/backend/utils/adt/tsrank/src/builtins.rs	134	const-eval-only	p1-laneae (banked by evidence-bank 2026-07-31)	pending	
9234	crates/backend/utils/adt/tsrank/src/builtins.rs	135	const-eval-only	p1-laneae (banked by evidence-bank 2026-07-31)	pending	
9235	crates/backend/utils/adt/tsrank/src/builtins.rs	138	const-eval-only	p1-laneae (banked by evidence-bank 2026-07-31)	pending	
9236	crates/backend/utils/adt/tsrank/src/rank.rs	108	instrument-unmappable	p1-laneae (banked by evidence-bank 2026-07-31)	pending	E3-non-v2
9237	crates/backend/utils/adt/tsrank/src/rank_cd.rs	116	instrument-unmappable	p1-laneae (banked by evidence-bank 2026-07-31)	pending	
9238	crates/backend/utils/adt/tsrank/src/rank_cd.rs	145	instrument-unmappable	p1-laneae (banked by evidence-bank 2026-07-31)	pending	
9239	crates/backend/utils/adt/tsrank/src/rank_cd.rs	165	defensive-c-parity	p1-laneae (banked by evidence-bank 2026-07-31)	pending	
9240	crates/backend/utils/adt/tsrank/src/rank_cd.rs	243	defensive-c-parity	p1-laneae (banked by evidence-bank 2026-07-31)	pending	
9241	crates/backend/utils/adt/tsrank/src/rank_cd.rs	244	defensive-c-parity	p1-laneae (banked by evidence-bank 2026-07-31)	pending	
9242	crates/backend/utils/adt/tsrank/src/rank_cd.rs	245	defensive-c-parity	p1-laneae (banked by evidence-bank 2026-07-31)	pending	
9243	crates/backend/utils/adt/tsvector_core/src/io.rs	70	instrument-unmappable	p1-laneae (banked by evidence-bank 2026-07-31)	pending	E3-non-v2
9244	crates/backend/utils/adt/like/src/lib.rs	55	locale-carve	p1-laneag (banked by evidence-bank 2026-07-31)	-	E5-token:-
9245	crates/backend/utils/adt/like/src/lib.rs	56	locale-carve	p1-laneag (banked by evidence-bank 2026-07-31)	-	E5-token:-
9246	crates/backend/utils/adt/like/src/lib.rs	57	locale-carve	p1-laneag (banked by evidence-bank 2026-07-31)	-	E5-token:-
9247	crates/backend/utils/adt/like/src/lib.rs	58	locale-carve	p1-laneag (banked by evidence-bank 2026-07-31)	-	E5-token:-
9248	crates/backend/utils/adt/like/src/lib.rs	352	locale-carve	p1-laneag (banked by evidence-bank 2026-07-31)	-	E5-token:-
9249	crates/backend/utils/adt/like/src/lib.rs	65	locale-carve	p1-laneag (banked by evidence-bank 2026-07-31)	-	E5-token:-
9250	crates/backend/utils/adt/like/src/lib.rs	66	locale-carve	p1-laneag (banked by evidence-bank 2026-07-31)	-	E5-token:-
9251	crates/backend/utils/adt/like/src/lib.rs	67	locale-carve	p1-laneag (banked by evidence-bank 2026-07-31)	-	E5-token:-
9252	crates/backend/utils/adt/like/src/lib.rs	68	locale-carve	p1-laneag (banked by evidence-bank 2026-07-31)	-	E5-token:-
9253	crates/backend/utils/adt/like/src/lib.rs	70	locale-carve	p1-laneag (banked by evidence-bank 2026-07-31)	-	E5-token:-
9254	crates/backend/utils/adt/like/src/lib.rs	315	locale-carve	p1-laneag (banked by evidence-bank 2026-07-31)	-	E5-token:-
9255	crates/backend/utils/adt/like/src/lib.rs	364	locale-carve	p1-laneag (banked by evidence-bank 2026-07-31)	-	E5-token:-
9256	crates/backend/utils/adt/like/src/lib.rs	372	locale-carve	p1-laneag (banked by evidence-bank 2026-07-31)	-	E5-token:-
9257	crates/backend/utils/adt/like/src/lib.rs	83	locale-carve	p1-laneag (banked by evidence-bank 2026-07-31)	-	E5-token:-
9258	crates/backend/utils/adt/like/src/lib.rs	84	locale-carve	p1-laneag (banked by evidence-bank 2026-07-31)	-	E5-token:-
9259	crates/backend/utils/adt/like/src/lib.rs	86	locale-carve	p1-laneag (banked by evidence-bank 2026-07-31)	-	E5-token:-
9260	crates/backend/utils/adt/like/src/lib.rs	207	locale-carve	p1-laneag (banked by evidence-bank 2026-07-31)	-	E5-token:-
9261	crates/backend/utils/adt/like/src/lib.rs	208	locale-carve	p1-laneag (banked by evidence-bank 2026-07-31)	-	E5-token:-
9262	crates/backend/utils/adt/like/src/lib.rs	209	locale-carve	p1-laneag (banked by evidence-bank 2026-07-31)	-	E5-token:-
9263	crates/backend/utils/adt/like/src/lib.rs	210	locale-carve	p1-laneag (banked by evidence-bank 2026-07-31)	-	E5-token:-
9264	crates/backend/utils/adt/like/src/lib.rs	211	locale-carve	p1-laneag (banked by evidence-bank 2026-07-31)	-	E5-token:-
9265	crates/backend/utils/adt/like/src/lib.rs	212	locale-carve	p1-laneag (banked by evidence-bank 2026-07-31)	-	E5-token:-
9266	crates/backend/utils/adt/like/src/lib.rs	213	locale-carve	p1-laneag (banked by evidence-bank 2026-07-31)	-	E5-token:-
9267	crates/backend/utils/adt/like/src/lib.rs	214	locale-carve	p1-laneag (banked by evidence-bank 2026-07-31)	-	E5-token:-
9268	crates/backend/utils/adt/like/src/lib.rs	216	locale-carve	p1-laneag (banked by evidence-bank 2026-07-31)	-	E5-token:-
9269	crates/backend/utils/adt/like/src/lib.rs	217	locale-carve	p1-laneag (banked by evidence-bank 2026-07-31)	-	E5-token:-
9270	crates/backend/utils/adt/like/src/lib.rs	219	locale-carve	p1-laneag (banked by evidence-bank 2026-07-31)	-	E5-token:-
9271	crates/backend/utils/adt/like/src/lib.rs	221	locale-carve	p1-laneag (banked by evidence-bank 2026-07-31)	-	E5-token:-
9272	crates/backend/utils/adt/like/src/lib.rs	222	locale-carve	p1-laneag (banked by evidence-bank 2026-07-31)	-	E5-token:-
9273	crates/backend/utils/adt/like/src/lib.rs	223	locale-carve	p1-laneag (banked by evidence-bank 2026-07-31)	-	E5-token:-
9274	crates/backend/utils/adt/like/src/lib.rs	224	locale-carve	p1-laneag (banked by evidence-bank 2026-07-31)	-	E5-token:-
9275	crates/backend/utils/adt/like/src/lib.rs	225	locale-carve	p1-laneag (banked by evidence-bank 2026-07-31)	-	E5-token:-
9276	crates/backend/utils/adt/like/src/lib.rs	226	locale-carve	p1-laneag (banked by evidence-bank 2026-07-31)	-	E5-token:-
9277	crates/backend/utils/adt/like/src/lib.rs	227	locale-carve	p1-laneag (banked by evidence-bank 2026-07-31)	-	E5-token:-
9278	crates/backend/utils/adt/like/src/lib.rs	229	locale-carve	p1-laneag (banked by evidence-bank 2026-07-31)	-	E5-token:-
9279	crates/backend/utils/adt/like/src/lib.rs	231	locale-carve	p1-laneag (banked by evidence-bank 2026-07-31)	-	E5-token:-
9280	crates/backend/utils/adt/like/src/lib.rs	232	locale-carve	p1-laneag (banked by evidence-bank 2026-07-31)	-	E5-token:-
9281	crates/backend/utils/adt/like/src/lib.rs	234	locale-carve	p1-laneag (banked by evidence-bank 2026-07-31)	-	E5-token:-
9282	crates/backend/utils/adt/like/src/lib.rs	236	locale-carve	p1-laneag (banked by evidence-bank 2026-07-31)	-	E5-token:-
9283	crates/backend/utils/adt/like/src/lib.rs	239	locale-carve	p1-laneag (banked by evidence-bank 2026-07-31)	-	E5-token:-
9284	crates/backend/utils/adt/like/src/lib.rs	240	locale-carve	p1-laneag (banked by evidence-bank 2026-07-31)	-	E5-token:-
9285	crates/backend/utils/adt/like/src/lib.rs	241	locale-carve	p1-laneag (banked by evidence-bank 2026-07-31)	-	E5-token:-
9286	crates/backend/utils/adt/like/src/lib.rs	243	locale-carve	p1-laneag (banked by evidence-bank 2026-07-31)	-	E5-token:-
9287	crates/backend/utils/adt/like/src/lib.rs	247	locale-carve	p1-laneag (banked by evidence-bank 2026-07-31)	-	E5-token:-
9288	crates/backend/utils/adt/like/src/lib.rs	249	locale-carve	p1-laneag (banked by evidence-bank 2026-07-31)	-	E5-token:-
9289	crates/backend/utils/adt/like/src/lib.rs	250	locale-carve	p1-laneag (banked by evidence-bank 2026-07-31)	-	E5-token:-
9290	crates/backend/utils/adt/like/src/lib.rs	251	locale-carve	p1-laneag (banked by evidence-bank 2026-07-31)	-	E5-token:-
9291	crates/backend/utils/adt/like/src/lib.rs	252	locale-carve	p1-laneag (banked by evidence-bank 2026-07-31)	-	E5-token:-
9292	crates/backend/utils/adt/like/src/lib.rs	253	locale-carve	p1-laneag (banked by evidence-bank 2026-07-31)	-	E5-token:-
9293	crates/backend/utils/adt/like/src/lib.rs	256	locale-carve	p1-laneag (banked by evidence-bank 2026-07-31)	-	E5-token:-
9294	crates/backend/utils/adt/like/src/lib.rs	257	locale-carve	p1-laneag (banked by evidence-bank 2026-07-31)	-	E5-token:-
9295	crates/backend/utils/adt/like/src/lib.rs	259	locale-carve	p1-laneag (banked by evidence-bank 2026-07-31)	-	E5-token:-
9296	crates/backend/utils/adt/like/src/lib.rs	359	locale-carve	p1-laneag (banked by evidence-bank 2026-07-31)	-	E5-token:-
9297	crates/backend/utils/adt/like/src/lib.rs	360	locale-carve	p1-laneag (banked by evidence-bank 2026-07-31)	-	E5-token:-
9298	crates/backend/utils/adt/like/src/lib.rs	361	locale-carve	p1-laneag (banked by evidence-bank 2026-07-31)	-	E5-token:-
9299	crates/backend/utils/adt/like/src/lib.rs	362	locale-carve	p1-laneag (banked by evidence-bank 2026-07-31)	-	E5-token:-
9300	crates/backend/utils/adt/like/src/lib.rs	487	defensive-c-parity	p1-laneag (banked by evidence-bank 2026-07-31)	-	E5-token:-
9301	crates/backend/utils/adt/like/src/builtins.rs	14	unreachable-arm	p1-laneag (banked by evidence-bank 2026-07-31)	-	E5-token:-
9302	crates/backend/utils/adt/like/src/builtins.rs	15	unreachable-arm	p1-laneag (banked by evidence-bank 2026-07-31)	-	E5-token:-
9303	crates/backend/utils/adt/like/src/builtins.rs	31	instrument-unmappable	p1-laneag (banked by evidence-bank 2026-07-31)	-	E5-token:-
9304	crates/backend/utils/adt/like/src/builtins.rs	32	instrument-unmappable	p1-laneag (banked by evidence-bank 2026-07-31)	-	E5-token:-
9305	crates/backend/utils/adt/like/src/builtins.rs	46	instrument-unmappable	p1-laneag (banked by evidence-bank 2026-07-31)	-	E5-token:-
9306	crates/backend/utils/adt/like/src/builtins.rs	47	instrument-unmappable	p1-laneag (banked by evidence-bank 2026-07-31)	-	E5-token:-
9307	crates/backend/utils/adt/like/src/builtins.rs	63	instrument-unmappable	p1-laneag (banked by evidence-bank 2026-07-31)	-	E5-token:-
9308	crates/backend/utils/adt/like/src/builtins.rs	64	instrument-unmappable	p1-laneag (banked by evidence-bank 2026-07-31)	-	E5-token:-
9309	crates/backend/utils/adt/like/src/builtins.rs	77	instrument-unmappable	p1-laneag (banked by evidence-bank 2026-07-31)	-	E5-token:-
9310	crates/backend/utils/adt/like/src/builtins.rs	80	instrument-unmappable	p1-laneag (banked by evidence-bank 2026-07-31)	-	E5-token:-
9311	crates/backend/utils/adt/like/src/builtins.rs	102	instrument-unmappable	p1-laneag (banked by evidence-bank 2026-07-31)	-	E5-token:-
9312	crates/backend/utils/adt/like/src/builtins.rs	103	instrument-unmappable	p1-laneag (banked by evidence-bank 2026-07-31)	-	E5-token:-
9313	crates/backend/utils/adt/like/src/builtins.rs	104	instrument-unmappable	p1-laneag (banked by evidence-bank 2026-07-31)	-	E5-token:-
9314	crates/backend/utils/adt/like/src/builtins.rs	105	instrument-unmappable	p1-laneag (banked by evidence-bank 2026-07-31)	-	E5-token:-
9315	crates/backend/utils/adt/like/src/builtins.rs	170	instrument-unmappable	p1-laneag (banked by evidence-bank 2026-07-31)	-	E5-token:-
9316	crates/backend/utils/adt/like/src/builtins.rs	171	instrument-unmappable	p1-laneag (banked by evidence-bank 2026-07-31)	-	E5-token:-
9317	crates/backend/utils/adt/like/src/builtins.rs	172	instrument-unmappable	p1-laneag (banked by evidence-bank 2026-07-31)	-	E5-token:-
9318	crates/backend/utils/adt/like/src/builtins.rs	173	instrument-unmappable	p1-laneag (banked by evidence-bank 2026-07-31)	-	E5-token:-
9319	crates/backend/utils/adt/like/src/builtins.rs	174	instrument-unmappable	p1-laneag (banked by evidence-bank 2026-07-31)	-	E5-token:-
9320	crates/backend/utils/adt/like/src/builtins.rs	158	unreachable-arm	p1-laneag (banked by evidence-bank 2026-07-31)	-	E5-token:-
9321	crates/backend/utils/adt/like/src/builtins.rs	159	unreachable-arm	p1-laneag (banked by evidence-bank 2026-07-31)	-	E5-token:-
9322	crates/backend/utils/adt/like/src/builtins.rs	160	unreachable-arm	p1-laneag (banked by evidence-bank 2026-07-31)	-	E5-token:-
9323	crates/backend/utils/adt/like/src/builtins.rs	161	unreachable-arm	p1-laneag (banked by evidence-bank 2026-07-31)	-	E5-token:-
9324	crates/backend/utils/adt/like/src/builtins.rs	177	const-eval-only	p1-laneag (banked by evidence-bank 2026-07-31)	-	E5-token:-
9325	crates/backend/utils/adt/like/src/builtins.rs	178	const-eval-only	p1-laneag (banked by evidence-bank 2026-07-31)	-	E5-token:-
9326	crates/backend/utils/adt/like/src/builtins.rs	179	const-eval-only	p1-laneag (banked by evidence-bank 2026-07-31)	-	E5-token:-
9327	crates/backend/utils/adt/like/src/builtins.rs	180	const-eval-only	p1-laneag (banked by evidence-bank 2026-07-31)	-	E5-token:-
9328	crates/backend/utils/adt/like/src/builtins.rs	181	const-eval-only	p1-laneag (banked by evidence-bank 2026-07-31)	-	E5-token:-
9329	crates/backend/utils/adt/like/src/builtins.rs	182	const-eval-only	p1-laneag (banked by evidence-bank 2026-07-31)	-	E5-token:-
9330	crates/backend/utils/adt/like/src/builtins.rs	183	const-eval-only	p1-laneag (banked by evidence-bank 2026-07-31)	-	E5-token:-
9331	crates/backend/utils/adt/like/src/builtins.rs	184	const-eval-only	p1-laneag (banked by evidence-bank 2026-07-31)	-	E5-token:-
9332	crates/backend/utils/adt/like/src/builtins.rs	190	const-eval-only	p1-laneag (banked by evidence-bank 2026-07-31)	-	E5-token:-
9333	crates/common/sha2/src/lib.rs	266	unreachable-arm	p1-laneo (banked by evidence-bank 2026-07-31)	pending	
9334	crates/common/pglz/src/lib.rs	28	unreachable-arm	p1-laneo (banked by evidence-bank 2026-07-31)	pending	
9335	crates/common/pglz/src/lib.rs	29	unreachable-arm	p1-laneo (banked by evidence-bank 2026-07-31)	pending	
9336	crates/common/pglz/src/lib.rs	30	unreachable-arm	p1-laneo (banked by evidence-bank 2026-07-31)	pending	
9337	crates/common/pglz/src/lib.rs	31	unreachable-arm	p1-laneo (banked by evidence-bank 2026-07-31)	pending	
9338	crates/common/pglz/src/lib.rs	32	unreachable-arm	p1-laneo (banked by evidence-bank 2026-07-31)	pending	
9339	crates/common/pglz/src/lib.rs	33	unreachable-arm	p1-laneo (banked by evidence-bank 2026-07-31)	pending	
9340	crates/common/pglz/src/lib.rs	34	unreachable-arm	p1-laneo (banked by evidence-bank 2026-07-31)	pending	
9341	crates/common/pglz/src/lib.rs	37	unreachable-arm	p1-laneo (banked by evidence-bank 2026-07-31)	pending	
9342	crates/common/pglz/src/lib.rs	38	unreachable-arm	p1-laneo (banked by evidence-bank 2026-07-31)	pending	
9343	crates/common/pglz/src/lib.rs	39	unreachable-arm	p1-laneo (banked by evidence-bank 2026-07-31)	pending	
9344	crates/common/pglz/src/lib.rs	40	unreachable-arm	p1-laneo (banked by evidence-bank 2026-07-31)	pending	
9345	crates/common/pglz/src/lib.rs	41	unreachable-arm	p1-laneo (banked by evidence-bank 2026-07-31)	pending	
9346	crates/common/pglz/src/lib.rs	42	unreachable-arm	p1-laneo (banked by evidence-bank 2026-07-31)	pending	
9347	crates/common/pglz/src/lib.rs	43	unreachable-arm	p1-laneo (banked by evidence-bank 2026-07-31)	pending	
9348	crates/common/pglz/src/lib.rs	216	defensive-c-parity	p1-laneo (banked by evidence-bank 2026-07-31)	pending	
9349	crates/common/pglz/src/lib.rs	322	unreachable-arm	p1-laneo (banked by evidence-bank 2026-07-31)	pending	
9350	crates/common/pglz/src/lib.rs	325	unreachable-arm	p1-laneo (banked by evidence-bank 2026-07-31)	pending	
9351	crates/backend/utils/adt/encode/src/lib.rs	73	unreachable-arm	p1-laneo (banked by evidence-bank 2026-07-31)	pending	
9352	crates/backend/utils/adt/encode/src/lib.rs	74	unreachable-arm	p1-laneo (banked by evidence-bank 2026-07-31)	pending	
9353	crates/backend/utils/adt/encode/src/lib.rs	75	unreachable-arm	p1-laneo (banked by evidence-bank 2026-07-31)	pending	
9354	crates/backend/utils/adt/encode/src/lib.rs	76	unreachable-arm	p1-laneo (banked by evidence-bank 2026-07-31)	pending	
9355	crates/backend/utils/adt/encode/src/lib.rs	86	unreachable-arm	p1-laneo (banked by evidence-bank 2026-07-31)	pending	
9356	crates/backend/utils/adt/encode/src/lib.rs	104	unreachable-arm	p1-laneo (banked by evidence-bank 2026-07-31)	pending	
9357	crates/backend/utils/adt/encode/src/lib.rs	93	defensive-c-parity	p1-laneo (banked by evidence-bank 2026-07-31)	pending	
9358	crates/backend/utils/adt/encode/src/lib.rs	110	defensive-c-parity	p1-laneo (banked by evidence-bank 2026-07-31)	pending	
9359	crates/backend/utils/adt/encode/src/lib.rs	152	unreachable-arm	p1-laneo (banked by evidence-bank 2026-07-31)	pending	
9360	crates/backend/utils/adt/encode/src/lib.rs	153	unreachable-arm	p1-laneo (banked by evidence-bank 2026-07-31)	pending	
9361	crates/backend/utils/adt/encode/src/lib.rs	154	unreachable-arm	p1-laneo (banked by evidence-bank 2026-07-31)	pending	
9362	crates/backend/utils/adt/encode/src/lib.rs	155	unreachable-arm	p1-laneo (banked by evidence-bank 2026-07-31)	pending	
9363	crates/backend/utils/adt/encode/src/lib.rs	156	unreachable-arm	p1-laneo (banked by evidence-bank 2026-07-31)	pending	
9364	crates/backend/utils/adt/encode/src/lib.rs	157	unreachable-arm	p1-laneo (banked by evidence-bank 2026-07-31)	pending	
9365	crates/backend/utils/adt/encode/src/lib.rs	159	unreachable-arm	p1-laneo (banked by evidence-bank 2026-07-31)	pending	
9366	crates/backend/utils/adt/encode/src/lib.rs	475	proof-covered-unmeasured	p1-laneo (banked by evidence-bank 2026-07-31)	pending	
9367	crates/backend/utils/adt/encode/src/builtins.rs	34	unreachable-arm	p1-laneo (banked by evidence-bank 2026-07-31)	pending	
9368	crates/backend/utils/adt/encode/src/builtins.rs	35	unreachable-arm	p1-laneo (banked by evidence-bank 2026-07-31)	pending	
9369	crates/backend/utils/adt/encode/src/builtins.rs	36	unreachable-arm	p1-laneo (banked by evidence-bank 2026-07-31)	pending	
9370	crates/backend/utils/adt/encode/src/builtins.rs	37	unreachable-arm	p1-laneo (banked by evidence-bank 2026-07-31)	pending	
9371	crates/backend/utils/adt/encode/src/builtins.rs	38	unreachable-arm	p1-laneo (banked by evidence-bank 2026-07-31)	pending	
9372	crates/backend/utils/adt/encode/src/builtins.rs	39	unreachable-arm	p1-laneo (banked by evidence-bank 2026-07-31)	pending	
9373	crates/backend/utils/adt/encode/src/builtins.rs	40	unreachable-arm	p1-laneo (banked by evidence-bank 2026-07-31)	pending	
9374	crates/backend/utils/adt/encode/src/builtins.rs	41	unreachable-arm	p1-laneo (banked by evidence-bank 2026-07-31)	pending	
9375	crates/common/hmac/src/lib.rs	23	auto:macro-decl-defn	p1-lanef (banked by evidence-bank 2026-07-31)	pending	
9376	crates/common/hmac/src/lib.rs	24	auto:macro-decl-defn	p1-lanef (banked by evidence-bank 2026-07-31)	pending	
9377	crates/common/hmac/src/lib.rs	25	auto:macro-decl-defn	p1-lanef (banked by evidence-bank 2026-07-31)	pending	
9378	crates/common/hmac/src/lib.rs	26	auto:macro-decl-defn	p1-lanef (banked by evidence-bank 2026-07-31)	pending	
9379	crates/common/hmac/src/lib.rs	27	auto:macro-decl-defn	p1-lanef (banked by evidence-bank 2026-07-31)	pending	
9380	crates/common/hmac/src/lib.rs	41	auto:macro-invocation-cont	p1-lanef (banked by evidence-bank 2026-07-31)	pending	
9381	crates/common/hmac/src/lib.rs	42	auto:macro-invocation-cont	p1-lanef (banked by evidence-bank 2026-07-31)	pending	
9382	crates/common/hmac/src/lib.rs	43	auto:macro-invocation-cont	p1-lanef (banked by evidence-bank 2026-07-31)	pending	
9383	crates/common/hmac/src/lib.rs	44	auto:macro-invocation-cont	p1-lanef (banked by evidence-bank 2026-07-31)	pending	
9384	crates/common/hmac/src/lib.rs	45	auto:macro-invocation-cont	p1-lanef (banked by evidence-bank 2026-07-31)	pending	
9385	crates/common/hmac/src/lib.rs	46	auto:macro-invocation-cont	p1-lanef (banked by evidence-bank 2026-07-31)	pending	
9386	crates/common/hmac/src/lib.rs	47	auto:macro-invocation-cont	p1-lanef (banked by evidence-bank 2026-07-31)	pending	
9387	crates/common/hmac/src/lib.rs	48	auto:macro-invocation-cont	p1-lanef (banked by evidence-bank 2026-07-31)	pending	
9388	crates/common/hmac/src/lib.rs	61	auto:let-decl-noann	p1-lanef (banked by evidence-bank 2026-07-31)	pending	
9389	crates/common/md5/src/lib.rs	9	auto:table-head	p1-lanef (banked by evidence-bank 2026-07-31)	pending	
9390	crates/common/md5/src/lib.rs	16	auto:table-head	p1-lanef (banked by evidence-bank 2026-07-31)	pending	
9391	crates/backend/utils/adt/cryptohashfuncs/src/lib.rs	68	auto:macro-decl-defn	p1-lanef (banked by evidence-bank 2026-07-31)	pending	
9392	crates/backend/utils/adt/cryptohashfuncs/src/lib.rs	69	auto:macro-decl-defn	p1-lanef (banked by evidence-bank 2026-07-31)	pending	
9393	crates/backend/utils/adt/cryptohashfuncs/src/lib.rs	72	auto:table-head	p1-lanef (banked by evidence-bank 2026-07-31)	pending	
9394	crates/common/scram_common/src/lib.rs	83	auto:fmt-cont	p1-lanef (banked by evidence-bank 2026-07-31)	pending	
9395	crates/common/keywords/src/lib.rs	6	auto:include-row	p1-lanef (banked by evidence-bank 2026-07-31)	pending	
9396	crates/common/keywords/src/lib.rs	30	auto:brace-table-head	p1-lanef (banked by evidence-bank 2026-07-31)	pending	
9397	crates/common/keywords/src/lib.rs	31	auto:brace-table-head	p1-lanef (banked by evidence-bank 2026-07-31)	pending	
9398	crates/common/keywords/src/lib.rs	32	auto:brace-table-head	p1-lanef (banked by evidence-bank 2026-07-31)	pending	
9399	crates/common/keywords/src/lib.rs	33	auto:brace-table-head	p1-lanef (banked by evidence-bank 2026-07-31)	pending	
9400	crates/common/keywords/src/lib.rs	34	auto:brace-table-head	p1-lanef (banked by evidence-bank 2026-07-31)	pending	
9401	crates/common/keywords/src/lib.rs	35	auto:brace-table-head	p1-lanef (banked by evidence-bank 2026-07-31)	pending	
9402	crates/common/keywords/src/lib.rs	38	auto:brace-table-head	p1-lanef (banked by evidence-bank 2026-07-31)	pending	
9403	crates/common/keywords/src/lib.rs	39	auto:brace-table-head	p1-lanef (banked by evidence-bank 2026-07-31)	pending	
9404	crates/common/keywords/src/lib.rs	40	auto:brace-table-head	p1-lanef (banked by evidence-bank 2026-07-31)	pending	
9405	crates/common/keywords/src/lib.rs	41	auto:brace-table-head	p1-lanef (banked by evidence-bank 2026-07-31)	pending	
9406	crates/backend/utils/adt/numutils/src/lib.rs	6	auto:table-cont-class	p1-laneaj (banked by evidence-bank 2026-07-31)	pending	
9407	crates/backend/utils/adt/numutils/src/lib.rs	7	auto:table-cont-class	p1-laneaj (banked by evidence-bank 2026-07-31)	pending	
9408	crates/backend/utils/adt/numutils/src/lib.rs	8	auto:table-cont-class	p1-laneaj (banked by evidence-bank 2026-07-31)	pending	
9409	crates/backend/utils/adt/numutils/src/lib.rs	9	auto:table-cont-class	p1-laneaj (banked by evidence-bank 2026-07-31)	pending	
9410	crates/backend/utils/adt/numutils/src/lib.rs	10	auto:table-cont-class	p1-laneaj (banked by evidence-bank 2026-07-31)	pending	
9411	crates/backend/utils/adt/numutils/src/lib.rs	11	auto:table-cont-class	p1-laneaj (banked by evidence-bank 2026-07-31)	pending	
9412	crates/backend/utils/adt/numutils/src/lib.rs	30	auto:fmt-cont	p1-laneaj (banked by evidence-bank 2026-07-31)	pending	
9413	crates/backend/utils/adt/numutils/src/lib.rs	40	auto:fmt-cont	p1-laneaj (banked by evidence-bank 2026-07-31)	pending	
9414	crates/backend/utils/adt/numutils/src/lib.rs	445	auto:fmt-cont	p1-laneaj (banked by evidence-bank 2026-07-31)	pending	
9415	crates/backend/utils/adt/numutils/src/lib.rs	453	auto:fmt-cont	p1-laneaj (banked by evidence-bank 2026-07-31)	pending	
9416	crates/backend/utils/adt/numutils/src/lib.rs	261	auto:macro-decl-defn	p1-laneaj (banked by evidence-bank 2026-07-31)	pending	
9417	crates/backend/utils/adt/numutils/src/lib.rs	262	auto:macro-decl-defn	p1-laneaj (banked by evidence-bank 2026-07-31)	pending	
9418	crates/backend/utils/adt/numutils/src/lib.rs	263	auto:macro-decl-defn	p1-laneaj (banked by evidence-bank 2026-07-31)	pending	
9419	crates/backend/utils/adt/numutils/src/lib.rs	267	auto:macro-decl-defn	p1-laneaj (banked by evidence-bank 2026-07-31)	pending	
9420	crates/backend/utils/adt/numutils/src/lib.rs	260	instrument-unmappable:macro-defn-body	p1-laneaj (banked by evidence-bank 2026-07-31)	pending	
9421	crates/backend/utils/adt/numutils/src/lib.rs	269	instrument-unmappable:macro-defn-body	p1-laneaj (banked by evidence-bank 2026-07-31)	pending	
9422	crates/backend/utils/adt/numutils/src/lib.rs	270	instrument-unmappable:macro-defn-body	p1-laneaj (banked by evidence-bank 2026-07-31)	pending	
9423	crates/backend/utils/adt/numutils/src/lib.rs	271	instrument-unmappable:macro-defn-body	p1-laneaj (banked by evidence-bank 2026-07-31)	pending	
9424	crates/backend/utils/adt/numutils/src/lib.rs	272	instrument-unmappable:macro-defn-body	p1-laneaj (banked by evidence-bank 2026-07-31)	pending	
9425	crates/backend/utils/adt/numutils/src/lib.rs	273	instrument-unmappable:macro-defn-body	p1-laneaj (banked by evidence-bank 2026-07-31)	pending	
9426	crates/backend/utils/adt/numutils/src/lib.rs	274	instrument-unmappable:macro-defn-body	p1-laneaj (banked by evidence-bank 2026-07-31)	pending	
9427	crates/backend/utils/adt/numutils/src/lib.rs	275	instrument-unmappable:macro-defn-body	p1-laneaj (banked by evidence-bank 2026-07-31)	pending	
9428	crates/backend/utils/adt/numutils/src/lib.rs	277	instrument-unmappable:macro-defn-body	p1-laneaj (banked by evidence-bank 2026-07-31)	pending	
9429	crates/backend/utils/adt/numutils/src/lib.rs	278	instrument-unmappable:macro-defn-body	p1-laneaj (banked by evidence-bank 2026-07-31)	pending	
9430	crates/backend/utils/adt/numutils/src/lib.rs	285	instrument-unmappable:macro-defn-body	p1-laneaj (banked by evidence-bank 2026-07-31)	pending	
9431	crates/backend/utils/adt/numutils/src/lib.rs	286	instrument-unmappable:macro-defn-body	p1-laneaj (banked by evidence-bank 2026-07-31)	pending	
9432	crates/backend/utils/adt/numutils/src/lib.rs	287	instrument-unmappable:macro-defn-body	p1-laneaj (banked by evidence-bank 2026-07-31)	pending	
9433	crates/backend/utils/adt/numutils/src/lib.rs	292	instrument-unmappable:macro-defn-body	p1-laneaj (banked by evidence-bank 2026-07-31)	pending	
9434	crates/backend/utils/adt/numutils/src/lib.rs	293	instrument-unmappable:macro-defn-body	p1-laneaj (banked by evidence-bank 2026-07-31)	pending	
9435	crates/backend/utils/adt/numutils/src/lib.rs	294	instrument-unmappable:macro-defn-body	p1-laneaj (banked by evidence-bank 2026-07-31)	pending	
9436	crates/backend/utils/adt/numutils/src/lib.rs	295	instrument-unmappable:macro-defn-body	p1-laneaj (banked by evidence-bank 2026-07-31)	pending	
9437	crates/backend/utils/adt/numutils/src/lib.rs	296	instrument-unmappable:macro-defn-body	p1-laneaj (banked by evidence-bank 2026-07-31)	pending	
9438	crates/backend/utils/adt/numutils/src/lib.rs	298	instrument-unmappable:macro-defn-body	p1-laneaj (banked by evidence-bank 2026-07-31)	pending	
9439	crates/backend/utils/adt/numutils/src/lib.rs	299	instrument-unmappable:macro-defn-body	p1-laneaj (banked by evidence-bank 2026-07-31)	pending	
9440	crates/backend/utils/adt/numutils/src/lib.rs	300	instrument-unmappable:macro-defn-body	p1-laneaj (banked by evidence-bank 2026-07-31)	pending	
9441	crates/backend/utils/adt/numutils/src/lib.rs	301	instrument-unmappable:macro-defn-body	p1-laneaj (banked by evidence-bank 2026-07-31)	pending	
9442	crates/backend/utils/adt/numutils/src/lib.rs	305	instrument-unmappable:macro-defn-body	p1-laneaj (banked by evidence-bank 2026-07-31)	pending	
9443	crates/backend/utils/adt/numutils/src/lib.rs	307	instrument-unmappable:macro-defn-body	p1-laneaj (banked by evidence-bank 2026-07-31)	pending	
9444	crates/backend/utils/adt/numutils/src/lib.rs	308	instrument-unmappable:macro-defn-body	p1-laneaj (banked by evidence-bank 2026-07-31)	pending	
9445	crates/backend/utils/adt/numutils/src/lib.rs	309	instrument-unmappable:macro-defn-body	p1-laneaj (banked by evidence-bank 2026-07-31)	pending	
9446	crates/backend/utils/adt/numutils/src/lib.rs	310	instrument-unmappable:macro-defn-body	p1-laneaj (banked by evidence-bank 2026-07-31)	pending	
9447	crates/backend/utils/adt/numutils/src/lib.rs	311	instrument-unmappable:macro-defn-body	p1-laneaj (banked by evidence-bank 2026-07-31)	pending	
9448	crates/backend/utils/adt/numutils/src/lib.rs	312	instrument-unmappable:macro-defn-body	p1-laneaj (banked by evidence-bank 2026-07-31)	pending	
9449	crates/backend/utils/adt/numutils/src/lib.rs	313	instrument-unmappable:macro-defn-body	p1-laneaj (banked by evidence-bank 2026-07-31)	pending	
9450	crates/backend/utils/adt/numutils/src/lib.rs	316	instrument-unmappable:macro-defn-body	p1-laneaj (banked by evidence-bank 2026-07-31)	pending	
9451	crates/backend/utils/adt/numutils/src/lib.rs	317	instrument-unmappable:macro-defn-body	p1-laneaj (banked by evidence-bank 2026-07-31)	pending	
9452	crates/backend/utils/adt/numutils/src/lib.rs	318	instrument-unmappable:macro-defn-body	p1-laneaj (banked by evidence-bank 2026-07-31)	pending	
9453	crates/backend/utils/adt/numutils/src/lib.rs	319	instrument-unmappable:macro-defn-body	p1-laneaj (banked by evidence-bank 2026-07-31)	pending	
9454	crates/backend/utils/adt/numutils/src/lib.rs	321	instrument-unmappable:macro-defn-body	p1-laneaj (banked by evidence-bank 2026-07-31)	pending	
9455	crates/backend/utils/adt/numutils/src/lib.rs	322	instrument-unmappable:macro-defn-body	p1-laneaj (banked by evidence-bank 2026-07-31)	pending	
9456	crates/backend/utils/adt/numutils/src/lib.rs	324	instrument-unmappable:macro-defn-body	p1-laneaj (banked by evidence-bank 2026-07-31)	pending	
9457	crates/backend/utils/adt/numutils/src/lib.rs	327	instrument-unmappable:macro-defn-body	p1-laneaj (banked by evidence-bank 2026-07-31)	pending	
9458	crates/backend/utils/adt/numutils/src/lib.rs	328	instrument-unmappable:macro-defn-body	p1-laneaj (banked by evidence-bank 2026-07-31)	pending	
9459	crates/backend/utils/adt/numutils/src/lib.rs	333	instrument-unmappable:macro-defn-body	p1-laneaj (banked by evidence-bank 2026-07-31)	pending	
9460	crates/backend/utils/adt/numutils/src/lib.rs	334	instrument-unmappable:macro-defn-body	p1-laneaj (banked by evidence-bank 2026-07-31)	pending	
9461	crates/backend/utils/adt/numutils/src/lib.rs	337	instrument-unmappable:macro-defn-body	p1-laneaj (banked by evidence-bank 2026-07-31)	pending	
9462	crates/backend/utils/adt/numutils/src/lib.rs	339	instrument-unmappable:macro-defn-body	p1-laneaj (banked by evidence-bank 2026-07-31)	pending	
9463	crates/backend/utils/adt/numutils/src/lib.rs	348	instrument-unmappable:macro-invocation-decl	p1-laneaj (banked by evidence-bank 2026-07-31)	pending	
9464	crates/backend/utils/adt/numutils/src/lib.rs	349	instrument-unmappable:macro-invocation-decl	p1-laneaj (banked by evidence-bank 2026-07-31)	pending	
9465	crates/backend/utils/adt/numutils/src/lib.rs	350	instrument-unmappable:macro-invocation-decl	p1-laneaj (banked by evidence-bank 2026-07-31)	pending	
9466	crates/backend/utils/adt/numutils/src/lib.rs	378	instrument-unmappable:match-arm-pattern	p1-laneaj (banked by evidence-bank 2026-07-31)	pending	
9467	crates/backend/utils/adt/numutils/src/lib.rs	480	auto:table-head	p1-laneaj (banked by evidence-bank 2026-07-31)	pending	E4-measured
9468	crates/backend/utils/adt/numutils/src/lib.rs	488	auto:table-head	p1-laneaj (banked by evidence-bank 2026-07-31)	pending	
9469	crates/backend/utils/adt/oracle_compat/src/builtins.rs	29	auto:macro-decl	p1-laneaj (banked by evidence-bank 2026-07-31)	pending	
9470	crates/backend/utils/adt/oracle_compat/src/builtins.rs	30	auto:macro-decl	p1-laneaj (banked by evidence-bank 2026-07-31)	pending	
9471	crates/backend/utils/adt/oracle_compat/src/builtins.rs	31	auto:macro-decl	p1-laneaj (banked by evidence-bank 2026-07-31)	pending	
9472	crates/backend/utils/adt/oracle_compat/src/builtins.rs	32	auto:macro-decl	p1-laneaj (banked by evidence-bank 2026-07-31)	pending	
9473	crates/backend/utils/adt/oracle_compat/src/builtins.rs	47	auto:macro-decl	p1-laneaj (banked by evidence-bank 2026-07-31)	pending	
9474	crates/backend/utils/adt/oracle_compat/src/builtins.rs	48	auto:macro-decl	p1-laneaj (banked by evidence-bank 2026-07-31)	pending	
9475	crates/backend/utils/adt/oracle_compat/src/builtins.rs	49	auto:macro-decl	p1-laneaj (banked by evidence-bank 2026-07-31)	pending	
9476	crates/backend/utils/adt/oracle_compat/src/builtins.rs	66	auto:macro-decl	p1-laneaj (banked by evidence-bank 2026-07-31)	pending	
9477	crates/backend/utils/adt/oracle_compat/src/builtins.rs	67	auto:macro-decl	p1-laneaj (banked by evidence-bank 2026-07-31)	pending	
9478	crates/backend/utils/adt/oracle_compat/src/builtins.rs	68	auto:macro-decl	p1-laneaj (banked by evidence-bank 2026-07-31)	pending	
9479	crates/backend/utils/adt/oracle_compat/src/builtins.rs	69	auto:macro-decl	p1-laneaj (banked by evidence-bank 2026-07-31)	pending	
9480	crates/backend/utils/adt/oracle_compat/src/builtins.rs	70	auto:macro-decl	p1-laneaj (banked by evidence-bank 2026-07-31)	pending	
9481	crates/backend/utils/adt/oracle_compat/src/builtins.rs	71	auto:macro-decl	p1-laneaj (banked by evidence-bank 2026-07-31)	pending	
9482	crates/backend/utils/adt/oracle_compat/src/builtins.rs	89	auto:macro-decl	p1-laneaj (banked by evidence-bank 2026-07-31)	pending	
9483	crates/backend/utils/adt/oracle_compat/src/builtins.rs	90	auto:macro-decl	p1-laneaj (banked by evidence-bank 2026-07-31)	pending	
9484	crates/backend/utils/adt/oracle_compat/src/builtins.rs	124	auto:macro-decl	p1-laneaj (banked by evidence-bank 2026-07-31)	pending	
9485	crates/backend/utils/adt/oracle_compat/src/builtins.rs	125	auto:macro-decl	p1-laneaj (banked by evidence-bank 2026-07-31)	pending	
9486	crates/backend/utils/adt/oracle_compat/src/builtins.rs	147	instrument-unmappable:const-eval	p1-laneaj (banked by evidence-bank 2026-07-31)	pending	
9487	crates/backend/utils/adt/oracle_compat/src/builtins.rs	148	instrument-unmappable:const-eval	p1-laneaj (banked by evidence-bank 2026-07-31)	pending	
9488	crates/backend/utils/adt/oracle_compat/src/builtins.rs	149	instrument-unmappable:const-eval	p1-laneaj (banked by evidence-bank 2026-07-31)	pending	
9489	crates/backend/utils/adt/oracle_compat/src/builtins.rs	150	instrument-unmappable:const-eval	p1-laneaj (banked by evidence-bank 2026-07-31)	pending	
9490	crates/backend/utils/adt/oracle_compat/src/builtins.rs	151	instrument-unmappable:const-eval	p1-laneaj (banked by evidence-bank 2026-07-31)	pending	
9491	crates/backend/utils/adt/oracle_compat/src/builtins.rs	152	instrument-unmappable:const-eval	p1-laneaj (banked by evidence-bank 2026-07-31)	pending	
9492	crates/backend/utils/adt/oracle_compat/src/builtins.rs	153	instrument-unmappable:const-eval	p1-laneaj (banked by evidence-bank 2026-07-31)	pending	
9493	crates/backend/utils/adt/oracle_compat/src/builtins.rs	154	instrument-unmappable:const-eval	p1-laneaj (banked by evidence-bank 2026-07-31)	pending	
9494	crates/backend/utils/adt/oracle_compat/src/builtins.rs	159	auto:table-head	p1-laneaj (banked by evidence-bank 2026-07-31)	pending	
9495	crates/backend/utils/adt/oracle_compat/src/casemap.rs	16	auto:fmt-cont	p1-laneaj (banked by evidence-bank 2026-07-31)	pending	
9496	crates/backend/utils/adt/oracle_compat/src/casemap.rs	38	carve-out:locale-provider	p1-laneaj (banked by evidence-bank 2026-07-31)	pending	
9497	crates/backend/utils/adt/oracle_compat/src/casemap.rs	39	carve-out:locale-provider	p1-laneaj (banked by evidence-bank 2026-07-31)	pending	
9498	crates/backend/utils/adt/oracle_compat/src/casemap.rs	40	carve-out:locale-provider	p1-laneaj (banked by evidence-bank 2026-07-31)	pending	
9499	crates/backend/utils/adt/oracle_compat/src/casemap.rs	41	carve-out:locale-provider	p1-laneaj (banked by evidence-bank 2026-07-31)	pending	
9500	crates/backend/utils/adt/oracle_compat/src/casemap.rs	42	carve-out:locale-provider	p1-laneaj (banked by evidence-bank 2026-07-31)	pending	
9501	crates/backend/utils/adt/oracle_compat/src/casemap.rs	43	carve-out:locale-provider	p1-laneaj (banked by evidence-bank 2026-07-31)	pending	
9502	crates/backend/utils/adt/oracle_compat/src/casemap.rs	44	carve-out:locale-provider	p1-laneaj (banked by evidence-bank 2026-07-31)	pending	
9503	crates/backend/utils/adt/oracle_compat/src/casemap.rs	45	carve-out:locale-provider	p1-laneaj (banked by evidence-bank 2026-07-31)	pending	
9504	crates/backend/utils/adt/oracle_compat/src/casemap.rs	46	carve-out:locale-provider	p1-laneaj (banked by evidence-bank 2026-07-31)	pending	
9505	crates/backend/utils/adt/oracle_compat/src/casemap.rs	47	carve-out:locale-provider	p1-laneaj (banked by evidence-bank 2026-07-31)	pending	
9506	crates/backend/utils/adt/oracle_compat/src/casemap.rs	48	carve-out:locale-provider	p1-laneaj (banked by evidence-bank 2026-07-31)	pending	
9507	crates/backend/utils/adt/oracle_compat/src/casemap.rs	49	carve-out:locale-provider	p1-laneaj (banked by evidence-bank 2026-07-31)	pending	
9508	crates/backend/utils/adt/oracle_compat/src/casemap.rs	50	carve-out:locale-provider	p1-laneaj (banked by evidence-bank 2026-07-31)	pending	
9509	crates/backend/utils/adt/oracle_compat/src/casemap.rs	51	carve-out:locale-provider	p1-laneaj (banked by evidence-bank 2026-07-31)	pending	
9510	crates/backend/utils/adt/oracle_compat/src/casemap.rs	52	carve-out:locale-provider	p1-laneaj (banked by evidence-bank 2026-07-31)	pending	
9511	crates/backend/utils/adt/oracle_compat/src/casemap.rs	54	carve-out:locale-provider	p1-laneaj (banked by evidence-bank 2026-07-31)	pending	
9512	crates/backend/utils/adt/oracle_compat/src/casemap.rs	55	carve-out:locale-provider	p1-laneaj (banked by evidence-bank 2026-07-31)	pending	
9513	crates/backend/utils/adt/oracle_compat/src/casemap.rs	120	carve-out:locale-provider	p1-laneaj (banked by evidence-bank 2026-07-31)	pending	
9514	crates/backend/utils/adt/oracle_compat/src/casemap.rs	129	carve-out:locale-provider	p1-laneaj (banked by evidence-bank 2026-07-31)	pending	
9515	crates/backend/utils/adt/oracle_compat/src/casemap.rs	138	carve-out:locale-provider	p1-laneaj (banked by evidence-bank 2026-07-31)	pending	
9516	crates/backend/utils/adt/oracle_compat/src/casemap.rs	154	carve-out:locale-provider	p1-laneaj (banked by evidence-bank 2026-07-31)	pending	
9517	crates/backend/utils/adt/oracle_compat/src/lib.rs	44	defensive-c-parity:environment	p1-laneaj (banked by evidence-bank 2026-07-31)	pending	
9518	crates/backend/utils/adt/oracle_compat/src/lib.rs	514	auto:fmt-cont	p1-laneaj (banked by evidence-bank 2026-07-31)	pending	
9519	crates/backend/utils/adt/oracle_compat/src/lib.rs	523	auto:fmt-cont	p1-laneaj (banked by evidence-bank 2026-07-31)	pending	
9520	crates/backend/utils/adt/arrayutils/src/lib.rs	84	instrument-unmapped-executed	p1-laneh (banked by evidence-bank 2026-07-31)	pending	
9521	crates/backend/utils/adt/arrayutils/src/lib.rs	123	instrument-unmapped-executed	p1-laneh (banked by evidence-bank 2026-07-31)	pending	
9522	crates/common/hashfn/src/lib.rs	4	platform-other	p1-laneh (banked by evidence-bank 2026-07-31)	pending	
9523	crates/common/pg_prng/src/lib.rs	134	phase1-carve	p1-laneh (banked by evidence-bank 2026-07-31)	pending	
9524	crates/common/pg_prng/src/lib.rs	135	phase1-carve	p1-laneh (banked by evidence-bank 2026-07-31)	pending	
9525	crates/common/pg_prng/src/lib.rs	136	phase1-carve	p1-laneh (banked by evidence-bank 2026-07-31)	pending	
9526	crates/common/pg_prng/src/lib.rs	137	phase1-carve	p1-laneh (banked by evidence-bank 2026-07-31)	pending	
9527	crates/common/pg_prng/src/lib.rs	138	phase1-carve	p1-laneh (banked by evidence-bank 2026-07-31)	pending	
9528	crates/common/pg_prng/src/lib.rs	139	phase1-carve	p1-laneh (banked by evidence-bank 2026-07-31)	pending	
9529	crates/common/pg_prng/src/lib.rs	143	phase1-carve	p1-laneh (banked by evidence-bank 2026-07-31)	pending	
9530	crates/common/pg_prng/src/lib.rs	144	phase1-carve	p1-laneh (banked by evidence-bank 2026-07-31)	pending	
9531	crates/backend/utils/adt/arrayutils/src/lib.rs	26	auto:fmt-cont	p1-laneh (auto) (banked by evidence-bank 2026-07-31)	pending	
9532	crates/backend/utils/adt/arrayutils/src/lib.rs	27	auto:fmt-cont	p1-laneh (auto) (banked by evidence-bank 2026-07-31)	pending	
9533	crates/backend/utils/adt/arrayutils/src/lib.rs	38	auto:fmt-cont	p1-laneh (auto) (banked by evidence-bank 2026-07-31)	pending	
9534	crates/backend/utils/adt/arrayutils/src/lib.rs	39	auto:fmt-cont	p1-laneh (auto) (banked by evidence-bank 2026-07-31)	pending	
9535	crates/backend/utils/adt/arrayutils/src/lib.rs	40	auto:fmt-cont	p1-laneh (auto) (banked by evidence-bank 2026-07-31)	pending	
9536	crates/backend/utils/adt/encode/src/builtins.rs	45	auto:table-head	p1-laneo (auto) (banked by evidence-bank 2026-07-31)	pending	
9537	crates/backend/utils/adt/encode/src/lib.rs	63	auto:fmt-cont	p1-laneo (auto) (banked by evidence-bank 2026-07-31)	pending	
9538	crates/backend/utils/adt/encode/src/lib.rs	93	auto:fmt-cont	p1-laneo (auto) (banked by evidence-bank 2026-07-31)	pending	
9539	crates/backend/utils/adt/encode/src/lib.rs	110	auto:fmt-cont	p1-laneo (auto) (banked by evidence-bank 2026-07-31)	pending	
9540	crates/backend/utils/adt/encode/src/lib.rs	289	auto:let-decl	p1-laneo (auto) (banked by evidence-bank 2026-07-31)	pending	
9541	crates/common/sha2/src/lib.rs	18	auto:table-head	p1-laneo (auto) (banked by evidence-bank 2026-07-31)	pending	
9542	crates/common/sha2/src/lib.rs	29	auto:table-head	p1-laneo (auto) (banked by evidence-bank 2026-07-31)	pending	
9543	crates/common/sha2/src/lib.rs	33	auto:table-head	p1-laneo (auto) (banked by evidence-bank 2026-07-31)	pending	
9544	crates/common/sha2/src/lib.rs	37	auto:table-head	p1-laneo (auto) (banked by evidence-bank 2026-07-31)	pending	
9545	crates/common/sha2/src/lib.rs	60	auto:table-head	p1-laneo (auto) (banked by evidence-bank 2026-07-31)	pending	
9546	crates/common/sha2/src/lib.rs	65	auto:table-head	p1-laneo (auto) (banked by evidence-bank 2026-07-31)	pending	
9547	crates/backend/utils/adt/int8/src/lib.rs	623	phase1-carve:srf	p1-laned (banked by evidence-bank 2026-07-31)	pending	
9548	crates/backend/utils/adt/int8/src/lib.rs	624	phase1-carve:srf	p1-laned (banked by evidence-bank 2026-07-31)	pending	
9549	crates/backend/utils/adt/int8/src/lib.rs	625	phase1-carve:srf	p1-laned (banked by evidence-bank 2026-07-31)	pending	
9550	crates/backend/utils/adt/int8/src/lib.rs	626	phase1-carve:srf	p1-laned (banked by evidence-bank 2026-07-31)	pending	
9551	crates/backend/utils/adt/int8/src/lib.rs	627	phase1-carve:srf	p1-laned (banked by evidence-bank 2026-07-31)	pending	
9552	crates/backend/utils/adt/int8/src/lib.rs	630	phase1-carve:srf	p1-laned (banked by evidence-bank 2026-07-31)	pending	
9553	crates/backend/utils/adt/int8/src/lib.rs	631	phase1-carve:srf	p1-laned (banked by evidence-bank 2026-07-31)	pending	
9554	crates/backend/utils/adt/int8/src/lib.rs	632	phase1-carve:srf	p1-laned (banked by evidence-bank 2026-07-31)	pending	
9555	crates/backend/utils/adt/int8/src/lib.rs	633	phase1-carve:srf	p1-laned (banked by evidence-bank 2026-07-31)	pending	
9556	crates/backend/utils/adt/int8/src/lib.rs	638	phase1-carve:srf	p1-laned (banked by evidence-bank 2026-07-31)	pending	
9557	crates/backend/utils/adt/int8/src/lib.rs	639	phase1-carve:srf	p1-laned (banked by evidence-bank 2026-07-31)	pending	
9558	crates/backend/utils/adt/int8/src/lib.rs	640	phase1-carve:srf	p1-laned (banked by evidence-bank 2026-07-31)	pending	
9559	crates/backend/utils/adt/int8/src/lib.rs	641	phase1-carve:srf	p1-laned (banked by evidence-bank 2026-07-31)	pending	
9560	crates/backend/utils/adt/int8/src/lib.rs	643	phase1-carve:srf	p1-laned (banked by evidence-bank 2026-07-31)	pending	
9561	crates/backend/utils/adt/int8/src/lib.rs	644	phase1-carve:srf	p1-laned (banked by evidence-bank 2026-07-31)	pending	
9562	crates/backend/utils/adt/int8/src/lib.rs	645	phase1-carve:srf	p1-laned (banked by evidence-bank 2026-07-31)	pending	
9563	crates/backend/utils/adt/int8/src/lib.rs	647	phase1-carve:srf	p1-laned (banked by evidence-bank 2026-07-31)	pending	
9564	crates/backend/utils/adt/int8/src/lib.rs	649	phase1-carve:srf	p1-laned (banked by evidence-bank 2026-07-31)	pending	
9565	crates/backend/utils/adt/int8/src/lib.rs	651	phase1-carve:srf	p1-laned (banked by evidence-bank 2026-07-31)	pending	
9566	crates/backend/utils/adt/int8/src/lib.rs	657	phase1-carve:srf	p1-laned (banked by evidence-bank 2026-07-31)	pending	
9567	crates/backend/utils/adt/int8/src/lib.rs	658	phase1-carve:srf	p1-laned (banked by evidence-bank 2026-07-31)	pending	
9568	crates/backend/utils/adt/int8/src/lib.rs	659	phase1-carve:srf	p1-laned (banked by evidence-bank 2026-07-31)	pending	
9569	crates/backend/utils/adt/int8/src/lib.rs	661	phase1-carve:srf	p1-laned (banked by evidence-bank 2026-07-31)	pending	
9570	crates/backend/utils/adt/int8/src/builtins.rs	266	phase1-carve:srf	p1-laned (banked by evidence-bank 2026-07-31)	pending	
9571	crates/backend/utils/adt/int8/src/builtins.rs	267	phase1-carve:srf	p1-laned (banked by evidence-bank 2026-07-31)	pending	
9572	crates/backend/utils/adt/int8/src/builtins.rs	268	phase1-carve:srf	p1-laned (banked by evidence-bank 2026-07-31)	pending	
9573	crates/backend/utils/adt/int8/src/builtins.rs	269	phase1-carve:srf	p1-laned (banked by evidence-bank 2026-07-31)	pending	
9574	crates/backend/utils/adt/int8/src/builtins.rs	270	phase1-carve:srf	p1-laned (banked by evidence-bank 2026-07-31)	pending	
9575	crates/backend/utils/adt/int8/src/builtins.rs	271	phase1-carve:srf	p1-laned (banked by evidence-bank 2026-07-31)	pending	
9576	crates/backend/utils/adt/int8/src/builtins.rs	272	phase1-carve:srf	p1-laned (banked by evidence-bank 2026-07-31)	pending	
9577	crates/backend/utils/adt/int8/src/builtins.rs	273	phase1-carve:srf	p1-laned (banked by evidence-bank 2026-07-31)	pending	
9578	crates/backend/utils/adt/int8/src/builtins.rs	274	phase1-carve:srf	p1-laned (banked by evidence-bank 2026-07-31)	pending	
9579	crates/backend/utils/adt/int8/src/builtins.rs	275	phase1-carve:srf	p1-laned (banked by evidence-bank 2026-07-31)	pending	
9580	crates/backend/utils/adt/int8/src/builtins.rs	276	phase1-carve:srf	p1-laned (banked by evidence-bank 2026-07-31)	pending	
9581	crates/backend/utils/adt/int8/src/builtins.rs	277	phase1-carve:srf	p1-laned (banked by evidence-bank 2026-07-31)	pending	
9582	crates/backend/utils/adt/int8/src/builtins.rs	279	phase1-carve:srf	p1-laned (banked by evidence-bank 2026-07-31)	pending	
9583	crates/backend/utils/adt/int8/src/builtins.rs	280	phase1-carve:srf	p1-laned (banked by evidence-bank 2026-07-31)	pending	
9584	crates/backend/utils/adt/int8/src/builtins.rs	281	phase1-carve:srf	p1-laned (banked by evidence-bank 2026-07-31)	pending	
9585	crates/backend/utils/adt/int8/src/builtins.rs	282	phase1-carve:srf	p1-laned (banked by evidence-bank 2026-07-31)	pending	
9586	crates/backend/utils/adt/int8/src/builtins.rs	283	phase1-carve:srf	p1-laned (banked by evidence-bank 2026-07-31)	pending	
9587	crates/backend/utils/adt/int8/src/builtins.rs	284	phase1-carve:srf	p1-laned (banked by evidence-bank 2026-07-31)	pending	
9588	crates/backend/utils/adt/int8/src/builtins.rs	285	phase1-carve:srf	p1-laned (banked by evidence-bank 2026-07-31)	pending	
9589	crates/backend/utils/adt/int8/src/builtins.rs	286	phase1-carve:srf	p1-laned (banked by evidence-bank 2026-07-31)	pending	
9590	crates/backend/utils/adt/int8/src/builtins.rs	287	phase1-carve:srf	p1-laned (banked by evidence-bank 2026-07-31)	pending	
9591	crates/backend/utils/adt/int8/src/builtins.rs	288	phase1-carve:srf	p1-laned (banked by evidence-bank 2026-07-31)	pending	
9592	crates/backend/utils/adt/int8/src/builtins.rs	295	phase1-carve:srf	p1-laned (banked by evidence-bank 2026-07-31)	pending	
9593	crates/backend/utils/adt/int8/src/builtins.rs	296	phase1-carve:srf	p1-laned (banked by evidence-bank 2026-07-31)	pending	
9594	crates/backend/utils/adt/int8/src/builtins.rs	297	phase1-carve:srf	p1-laned (banked by evidence-bank 2026-07-31)	pending	
9595	crates/backend/utils/adt/int8/src/builtins.rs	298	phase1-carve:srf	p1-laned (banked by evidence-bank 2026-07-31)	pending	
9596	crates/backend/utils/adt/int8/src/builtins.rs	299	phase1-carve:srf	p1-laned (banked by evidence-bank 2026-07-31)	pending	
9597	crates/backend/utils/adt/int8/src/builtins.rs	300	phase1-carve:srf	p1-laned (banked by evidence-bank 2026-07-31)	pending	
9598	crates/backend/utils/adt/int8/src/builtins.rs	303	phase1-carve:srf	p1-laned (banked by evidence-bank 2026-07-31)	pending	
9599	crates/backend/utils/adt/int8/src/builtins.rs	304	phase1-carve:srf	p1-laned (banked by evidence-bank 2026-07-31)	pending	
9600	crates/backend/utils/adt/int8/src/builtins.rs	306	phase1-carve:srf	p1-laned (banked by evidence-bank 2026-07-31)	pending	
9601	crates/backend/utils/adt/int8/src/builtins.rs	307	phase1-carve:srf	p1-laned (banked by evidence-bank 2026-07-31)	pending	
9602	crates/backend/utils/adt/int8/src/builtins.rs	308	phase1-carve:srf	p1-laned (banked by evidence-bank 2026-07-31)	pending	
9603	crates/backend/utils/adt/int8/src/builtins.rs	310	phase1-carve:srf	p1-laned (banked by evidence-bank 2026-07-31)	pending	
9604	crates/backend/utils/adt/int8/src/builtins.rs	311	phase1-carve:srf	p1-laned (banked by evidence-bank 2026-07-31)	pending	
9605	crates/backend/utils/adt/int8/src/builtins.rs	312	phase1-carve:srf	p1-laned (banked by evidence-bank 2026-07-31)	pending	
9606	crates/backend/utils/adt/int8/src/builtins.rs	313	phase1-carve:srf	p1-laned (banked by evidence-bank 2026-07-31)	pending	
9607	crates/backend/utils/adt/int8/src/builtins.rs	314	phase1-carve:srf	p1-laned (banked by evidence-bank 2026-07-31)	pending	
9608	crates/backend/utils/adt/int8/src/builtins.rs	315	phase1-carve:srf	p1-laned (banked by evidence-bank 2026-07-31)	pending	
9609	crates/backend/utils/adt/int8/src/builtins.rs	317	phase1-carve:srf	p1-laned (banked by evidence-bank 2026-07-31)	pending	
9610	crates/backend/utils/adt/int8/src/builtins.rs	318	phase1-carve:srf	p1-laned (banked by evidence-bank 2026-07-31)	pending	
9611	crates/backend/utils/adt/int8/src/builtins.rs	321	phase1-carve:srf	p1-laned (banked by evidence-bank 2026-07-31)	pending	
9612	crates/backend/utils/adt/int8/src/builtins.rs	323	phase1-carve:srf	p1-laned (banked by evidence-bank 2026-07-31)	pending	
9613	crates/backend/utils/adt/int8/src/builtins.rs	324	phase1-carve:srf	p1-laned (banked by evidence-bank 2026-07-31)	pending	
9614	crates/backend/utils/adt/int8/src/builtins.rs	326	phase1-carve:srf	p1-laned (banked by evidence-bank 2026-07-31)	pending	
9615	crates/backend/utils/adt/int8/src/builtins.rs	330	phase1-carve:srf	p1-laned (banked by evidence-bank 2026-07-31)	pending	
9616	crates/backend/utils/adt/int8/src/builtins.rs	331	phase1-carve:srf	p1-laned (banked by evidence-bank 2026-07-31)	pending	
9617	crates/backend/utils/adt/int8/src/builtins.rs	334	phase1-carve:srf	p1-laned (banked by evidence-bank 2026-07-31)	pending	
9618	crates/backend/utils/adt/int8/src/builtins.rs	335	phase1-carve:srf	p1-laned (banked by evidence-bank 2026-07-31)	pending	
9619	crates/backend/utils/adt/int8/src/builtins.rs	336	phase1-carve:srf	p1-laned (banked by evidence-bank 2026-07-31)	pending	
9620	crates/backend/utils/adt/int8/src/builtins.rs	337	phase1-carve:srf	p1-laned (banked by evidence-bank 2026-07-31)	pending	
9621	crates/backend/utils/adt/int8/src/builtins.rs	338	phase1-carve:srf	p1-laned (banked by evidence-bank 2026-07-31)	pending	
9622	crates/backend/utils/adt/int8/src/builtins.rs	339	phase1-carve:srf	p1-laned (banked by evidence-bank 2026-07-31)	pending	
9623	crates/backend/utils/adt/int8/src/builtins.rs	340	phase1-carve:srf	p1-laned (banked by evidence-bank 2026-07-31)	pending	
9624	crates/backend/utils/adt/int8/src/builtins.rs	341	phase1-carve:srf	p1-laned (banked by evidence-bank 2026-07-31)	pending	
9625	crates/backend/utils/adt/int8/src/builtins.rs	346	phase1-carve:srf	p1-laned (banked by evidence-bank 2026-07-31)	pending	
9626	crates/backend/utils/adt/int8/src/lib.rs	29	instrument-false-red:macro-decl	p1-laned (banked by evidence-bank 2026-07-31)	pending	
9627	crates/backend/utils/adt/int8/src/lib.rs	35	instrument-false-red:macro-decl	p1-laned (banked by evidence-bank 2026-07-31)	pending	
9628	crates/backend/utils/adt/int8/src/lib.rs	41	instrument-false-red:macro-decl	p1-laned (banked by evidence-bank 2026-07-31)	pending	
9629	crates/backend/utils/adt/int8/src/lib.rs	140	instrument-false-red:macro-decl	p1-laned (banked by evidence-bank 2026-07-31)	pending	
9630	crates/backend/utils/adt/int8/src/builtins.rs	144	instrument-false-red:inlined-fnda	p1-laned (banked by evidence-bank 2026-07-31)	pending	E4-measured
9631	crates/backend/utils/adt/int8/src/builtins.rs	145	instrument-false-red:inlined-fnda	p1-laned (banked by evidence-bank 2026-07-31)	pending	E4-measured
9632	crates/backend/utils/adt/int8/src/builtins.rs	441	const-table-machinery	p1-laned (banked by evidence-bank 2026-07-31)	pending	
9633	crates/backend/utils/adt/int8/src/builtins.rs	442	const-table-machinery	p1-laned (banked by evidence-bank 2026-07-31)	pending	
9634	crates/backend/utils/adt/int8/src/builtins.rs	448	const-table-machinery	p1-laned (banked by evidence-bank 2026-07-31)	pending	
9635	crates/backend/utils/adt/varbit/src/lib.rs	903	proof-covered-unmeasured	p1-laned (banked by evidence-bank 2026-07-31)	pending	
9636	crates/backend/utils/adt/varbit/src/lib.rs	904	proof-covered-unmeasured	p1-laned (banked by evidence-bank 2026-07-31)	pending	
9637	crates/backend/utils/adt/varbit/src/lib.rs	905	proof-covered-unmeasured	p1-laned (banked by evidence-bank 2026-07-31)	pending	
9638	crates/backend/utils/adt/varbit/src/lib.rs	906	proof-covered-unmeasured	p1-laned (banked by evidence-bank 2026-07-31)	pending	
9639	crates/backend/utils/adt/varbit/src/lib.rs	907	proof-covered-unmeasured	p1-laned (banked by evidence-bank 2026-07-31)	pending	
9640	crates/backend/utils/adt/varbit/src/lib.rs	908	proof-covered-unmeasured	p1-laned (banked by evidence-bank 2026-07-31)	pending	
9641	crates/backend/utils/adt/varbit/src/lib.rs	909	proof-covered-unmeasured	p1-laned (banked by evidence-bank 2026-07-31)	pending	
9642	crates/backend/utils/adt/varbit/src/lib.rs	910	proof-covered-unmeasured	p1-laned (banked by evidence-bank 2026-07-31)	pending	
9643	crates/backend/utils/adt/varbit/src/lib.rs	911	proof-covered-unmeasured	p1-laned (banked by evidence-bank 2026-07-31)	pending	
9644	crates/backend/utils/adt/varbit/src/lib.rs	913	proof-covered-unmeasured	p1-laned (banked by evidence-bank 2026-07-31)	pending	
9645	crates/backend/utils/adt/varbit/src/lib.rs	914	proof-covered-unmeasured	p1-laned (banked by evidence-bank 2026-07-31)	pending	
9646	crates/backend/utils/adt/varbit/src/lib.rs	915	proof-covered-unmeasured	p1-laned (banked by evidence-bank 2026-07-31)	pending	
9647	crates/backend/utils/adt/varbit/src/lib.rs	917	proof-covered-unmeasured	p1-laned (banked by evidence-bank 2026-07-31)	pending	
9648	crates/backend/utils/adt/varbit/src/lib.rs	918	proof-covered-unmeasured	p1-laned (banked by evidence-bank 2026-07-31)	pending	
9649	crates/backend/utils/adt/varbit/src/lib.rs	920	proof-covered-unmeasured	p1-laned (banked by evidence-bank 2026-07-31)	pending	
9650	crates/backend/utils/adt/varbit/src/lib.rs	921	proof-covered-unmeasured	p1-laned (banked by evidence-bank 2026-07-31)	pending	
9651	crates/backend/utils/adt/varbit/src/lib.rs	922	proof-covered-unmeasured	p1-laned (banked by evidence-bank 2026-07-31)	pending	
9652	crates/backend/utils/adt/varbit/src/lib.rs	923	proof-covered-unmeasured	p1-laned (banked by evidence-bank 2026-07-31)	pending	
9653	crates/backend/utils/adt/varbit/src/lib.rs	924	proof-covered-unmeasured	p1-laned (banked by evidence-bank 2026-07-31)	pending	
9654	crates/backend/utils/adt/varbit/src/lib.rs	927	proof-covered-unmeasured	p1-laned (banked by evidence-bank 2026-07-31)	pending	
9655	crates/backend/utils/adt/varbit/src/lib.rs	929	proof-covered-unmeasured	p1-laned (banked by evidence-bank 2026-07-31)	pending	
9656	crates/backend/utils/adt/varbit/src/lib.rs	930	proof-covered-unmeasured	p1-laned (banked by evidence-bank 2026-07-31)	pending	
9657	crates/backend/utils/adt/varbit/src/lib.rs	931	proof-covered-unmeasured	p1-laned (banked by evidence-bank 2026-07-31)	pending	
9658	crates/backend/utils/adt/varbit/src/lib.rs	932	proof-covered-unmeasured	p1-laned (banked by evidence-bank 2026-07-31)	pending	
9659	crates/backend/utils/adt/varbit/src/lib.rs	935	proof-covered-unmeasured	p1-laned (banked by evidence-bank 2026-07-31)	pending	
9660	crates/backend/utils/adt/varbit/src/lib.rs	936	proof-covered-unmeasured	p1-laned (banked by evidence-bank 2026-07-31)	pending	
9661	crates/backend/utils/adt/varbit/src/lib.rs	939	proof-covered-unmeasured	p1-laned (banked by evidence-bank 2026-07-31)	pending	
9662	crates/backend/utils/adt/varbit/src/lib.rs	940	proof-covered-unmeasured	p1-laned (banked by evidence-bank 2026-07-31)	pending	
9663	crates/backend/utils/adt/varbit/src/lib.rs	943	proof-covered-unmeasured	p1-laned (banked by evidence-bank 2026-07-31)	pending	
9664	crates/backend/utils/adt/varbit/src/lib.rs	945	proof-covered-unmeasured	p1-laned (banked by evidence-bank 2026-07-31)	pending	
9665	crates/backend/utils/adt/varbit/src/lib.rs	946	proof-covered-unmeasured	p1-laned (banked by evidence-bank 2026-07-31)	pending	
9666	crates/backend/utils/adt/varbit/src/lib.rs	947	proof-covered-unmeasured	p1-laned (banked by evidence-bank 2026-07-31)	pending	
9667	crates/backend/utils/adt/varbit/src/lib.rs	948	proof-covered-unmeasured	p1-laned (banked by evidence-bank 2026-07-31)	pending	
9668	crates/backend/utils/adt/varbit/src/lib.rs	949	proof-covered-unmeasured	p1-laned (banked by evidence-bank 2026-07-31)	pending	
9669	crates/backend/utils/adt/varbit/src/lib.rs	950	proof-covered-unmeasured	p1-laned (banked by evidence-bank 2026-07-31)	pending	
9670	crates/backend/utils/adt/varbit/src/lib.rs	951	proof-covered-unmeasured	p1-laned (banked by evidence-bank 2026-07-31)	pending	
9671	crates/backend/utils/adt/varbit/src/lib.rs	954	proof-covered-unmeasured	p1-laned (banked by evidence-bank 2026-07-31)	pending	
9672	crates/backend/utils/adt/varbit/src/lib.rs	955	proof-covered-unmeasured	p1-laned (banked by evidence-bank 2026-07-31)	pending	
9673	crates/backend/utils/adt/varbit/src/lib.rs	958	proof-covered-unmeasured	p1-laned (banked by evidence-bank 2026-07-31)	pending	
9674	crates/backend/utils/adt/varbit/src/lib.rs	959	proof-covered-unmeasured	p1-laned (banked by evidence-bank 2026-07-31)	pending	
9675	crates/backend/utils/adt/varbit/src/lib.rs	237	proof-covered-unmeasured	p1-laned (banked by evidence-bank 2026-07-31)	pending	
9676	crates/backend/utils/adt/varbit/src/lib.rs	240	proof-covered-unmeasured	p1-laned (banked by evidence-bank 2026-07-31)	pending	
9677	crates/backend/utils/adt/varbit/src/lib.rs	241	proof-covered-unmeasured	p1-laned (banked by evidence-bank 2026-07-31)	pending	
9678	crates/backend/utils/adt/varbit/src/lib.rs	245	proof-covered-unmeasured	p1-laned (banked by evidence-bank 2026-07-31)	pending	
9679	crates/backend/utils/adt/varbit/src/lib.rs	246	proof-covered-unmeasured	p1-laned (banked by evidence-bank 2026-07-31)	pending	
9680	crates/backend/utils/adt/varbit/src/lib.rs	247	proof-covered-unmeasured	p1-laned (banked by evidence-bank 2026-07-31)	pending	
9681	crates/backend/utils/adt/varbit/src/lib.rs	248	proof-covered-unmeasured	p1-laned (banked by evidence-bank 2026-07-31)	pending	
9682	crates/backend/utils/adt/varbit/src/lib.rs	249	proof-covered-unmeasured	p1-laned (banked by evidence-bank 2026-07-31)	pending	
9683	crates/backend/utils/adt/varbit/src/lib.rs	252	proof-covered-unmeasured	p1-laned (banked by evidence-bank 2026-07-31)	pending	
9684	crates/backend/utils/adt/varbit/src/lib.rs	253	proof-covered-unmeasured	p1-laned (banked by evidence-bank 2026-07-31)	pending	
9685	crates/backend/utils/adt/varbit/src/lib.rs	256	proof-covered-unmeasured	p1-laned (banked by evidence-bank 2026-07-31)	pending	
9686	crates/backend/utils/adt/varbit/src/lib.rs	257	proof-covered-unmeasured	p1-laned (banked by evidence-bank 2026-07-31)	pending	
9687	crates/backend/utils/adt/varbit/src/lib.rs	260	proof-covered-unmeasured	p1-laned (banked by evidence-bank 2026-07-31)	pending	
9688	crates/backend/utils/adt/varbit/src/lib.rs	261	proof-covered-unmeasured	p1-laned (banked by evidence-bank 2026-07-31)	pending	
9689	crates/backend/utils/adt/varbit/src/lib.rs	262	proof-covered-unmeasured	p1-laned (banked by evidence-bank 2026-07-31)	pending	
9690	crates/backend/utils/adt/varbit/src/lib.rs	263	proof-covered-unmeasured	p1-laned (banked by evidence-bank 2026-07-31)	pending	
9691	crates/backend/utils/adt/varbit/src/lib.rs	264	proof-covered-unmeasured	p1-laned (banked by evidence-bank 2026-07-31)	pending	
9692	crates/backend/utils/adt/varbit/src/lib.rs	265	proof-covered-unmeasured	p1-laned (banked by evidence-bank 2026-07-31)	pending	
9693	crates/backend/utils/adt/varbit/src/lib.rs	267	ledger-excluded-carve	p1-laned (banked by evidence-bank 2026-07-31)	pending	
9694	crates/backend/utils/adt/varbit/src/lib.rs	268	ledger-excluded-carve	p1-laned (banked by evidence-bank 2026-07-31)	pending	
9695	crates/backend/utils/adt/varbit/src/lib.rs	271	ledger-excluded-carve	p1-laned (banked by evidence-bank 2026-07-31)	pending	
9696	crates/backend/utils/adt/varbit/src/lib.rs	272	ledger-excluded-carve	p1-laned (banked by evidence-bank 2026-07-31)	pending	
9697	crates/backend/utils/adt/varbit/src/lib.rs	275	ledger-excluded-carve	p1-laned (banked by evidence-bank 2026-07-31)	pending	
9698	crates/backend/utils/adt/varbit/src/lib.rs	276	ledger-excluded-carve	p1-laned (banked by evidence-bank 2026-07-31)	pending	
9699	crates/backend/utils/adt/varbit/src/lib.rs	1034	ledger-excluded-carve	p1-laned (banked by evidence-bank 2026-07-31)	pending	
9700	crates/backend/utils/adt/varbit/src/lib.rs	1036	ledger-excluded-carve	p1-laned (banked by evidence-bank 2026-07-31)	pending	
9701	crates/backend/utils/adt/varbit/src/lib.rs	1037	ledger-excluded-carve	p1-laned (banked by evidence-bank 2026-07-31)	pending	
9702	crates/backend/utils/adt/varbit/src/lib.rs	1039	ledger-excluded-carve	p1-laned (banked by evidence-bank 2026-07-31)	pending	
9703	crates/backend/utils/adt/varbit/src/lib.rs	1040	ledger-excluded-carve	p1-laned (banked by evidence-bank 2026-07-31)	pending	
9704	crates/backend/utils/adt/varbit/src/lib.rs	1043	ledger-excluded-carve	p1-laned (banked by evidence-bank 2026-07-31)	pending	
9705	crates/backend/utils/adt/varbit/src/lib.rs	1044	ledger-excluded-carve	p1-laned (banked by evidence-bank 2026-07-31)	pending	
9706	crates/backend/utils/adt/varbit/src/lib.rs	1045	ledger-excluded-carve	p1-laned (banked by evidence-bank 2026-07-31)	pending	
9707	crates/backend/utils/adt/varbit/src/lib.rs	1046	ledger-excluded-carve	p1-laned (banked by evidence-bank 2026-07-31)	pending	
9708	crates/backend/utils/adt/varbit/src/lib.rs	1047	ledger-excluded-carve	p1-laned (banked by evidence-bank 2026-07-31)	pending	
9709	crates/backend/utils/adt/varbit/src/lib.rs	1048	ledger-excluded-carve	p1-laned (banked by evidence-bank 2026-07-31)	pending	
9710	crates/backend/utils/adt/varbit/src/lib.rs	1049	ledger-excluded-carve	p1-laned (banked by evidence-bank 2026-07-31)	pending	
9711	crates/backend/utils/adt/varbit/src/lib.rs	1050	ledger-excluded-carve	p1-laned (banked by evidence-bank 2026-07-31)	pending	
9712	crates/backend/utils/adt/varbit/src/lib.rs	1052	ledger-excluded-carve	p1-laned (banked by evidence-bank 2026-07-31)	pending	
9713	crates/backend/utils/adt/varbit/src/lib.rs	1053	ledger-excluded-carve	p1-laned (banked by evidence-bank 2026-07-31)	pending	
9714	crates/backend/utils/adt/varbit/src/lib.rs	1055	ledger-excluded-carve	p1-laned (banked by evidence-bank 2026-07-31)	pending	
9715	crates/backend/utils/adt/varbit/src/lib.rs	1056	ledger-excluded-carve	p1-laned (banked by evidence-bank 2026-07-31)	pending	
9716	crates/backend/utils/adt/varbit/src/lib.rs	1057	ledger-excluded-carve	p1-laned (banked by evidence-bank 2026-07-31)	pending	
9717	crates/backend/utils/adt/varbit/src/lib.rs	1058	ledger-excluded-carve	p1-laned (banked by evidence-bank 2026-07-31)	pending	
9718	crates/backend/utils/adt/varbit/src/lib.rs	1060	ledger-excluded-carve	p1-laned (banked by evidence-bank 2026-07-31)	pending	
9719	crates/backend/utils/adt/varbit/src/lib.rs	1061	ledger-excluded-carve	p1-laned (banked by evidence-bank 2026-07-31)	pending	
9720	crates/backend/utils/adt/varbit/src/lib.rs	1062	ledger-excluded-carve	p1-laned (banked by evidence-bank 2026-07-31)	pending	
9721	crates/backend/utils/adt/varbit/src/lib.rs	1063	ledger-excluded-carve	p1-laned (banked by evidence-bank 2026-07-31)	pending	
9722	crates/backend/utils/adt/varbit/src/lib.rs	1065	ledger-excluded-carve	p1-laned (banked by evidence-bank 2026-07-31)	pending	
9723	crates/backend/utils/adt/varbit/src/lib.rs	56	resource-bound-error-arm	p1-laned (banked by evidence-bank 2026-07-31)	pending	
9724	crates/backend/utils/adt/varbit/src/lib.rs	134	resource-bound-error-arm	p1-laned (banked by evidence-bank 2026-07-31)	pending	
9725	crates/backend/utils/adt/varbit/src/lib.rs	135	resource-bound-error-arm	p1-laned (banked by evidence-bank 2026-07-31)	pending	
9726	crates/backend/utils/adt/varbit/src/lib.rs	136	resource-bound-error-arm	p1-laned (banked by evidence-bank 2026-07-31)	pending	
9727	crates/backend/utils/adt/varbit/src/lib.rs	138	resource-bound-error-arm	p1-laned (banked by evidence-bank 2026-07-31)	pending	
9728	crates/backend/utils/adt/varbit/src/lib.rs	704	resource-bound-error-arm	p1-laned (banked by evidence-bank 2026-07-31)	pending	
9729	crates/backend/utils/adt/varbit/src/lib.rs	145	instrument-false-red	p1-laned (banked by evidence-bank 2026-07-31)	pending	
9730	crates/backend/utils/adt/varbit/src/lib.rs	487	proof-covered-unmeasured	p1-laned (banked by evidence-bank 2026-07-31)	pending	
9731	crates/backend/utils/adt/varbit/src/lib.rs	488	proof-covered-unmeasured	p1-laned (banked by evidence-bank 2026-07-31)	pending	
9732	crates/backend/utils/adt/varbit/src/lib.rs	489	proof-covered-unmeasured	p1-laned (banked by evidence-bank 2026-07-31)	pending	
9733	crates/backend/utils/adt/varbit/src/lib.rs	1195	const-table-machinery	p1-laned (banked by evidence-bank 2026-07-31)	pending	
9734	crates/backend/utils/adt/varbit/src/lib.rs	1196	const-table-machinery	p1-laned (banked by evidence-bank 2026-07-31)	pending	
9735	crates/backend/utils/adt/varbit/src/lib.rs	1199	const-table-machinery	p1-laned (banked by evidence-bank 2026-07-31)	pending	
9736	crates/common/saslprep/src/tables.rs	3	instrument-false-red:auto-table-head	p1-lanei (banked by evidence-bank 2026-07-31)	pending	
9737	crates/common/saslprep/src/tables.rs	12	instrument-false-red:auto-table-head	p1-lanei (banked by evidence-bank 2026-07-31)	pending	
9738	crates/common/saslprep/src/tables.rs	23	instrument-false-red:auto-table-head	p1-lanei (banked by evidence-bank 2026-07-31)	pending	
9739	crates/common/saslprep/src/tables.rs	62	instrument-false-red:auto-table-head	p1-lanei (banked by evidence-bank 2026-07-31)	pending	
9740	crates/common/saslprep/src/tables.rs	461	instrument-false-red:auto-table-head	p1-lanei (banked by evidence-bank 2026-07-31)	pending	
9741	crates/common/saslprep/src/tables.rs	498	instrument-false-red:auto-table-head	p1-lanei (banked by evidence-bank 2026-07-31)	pending	
9742	crates/common/unicode_norm/src/qc_tables.rs	4	instrument-false-red:auto-table-head	p1-lanei (banked by evidence-bank 2026-07-31)	pending	
9743	crates/common/unicode_norm/src/qc_tables.rs	1259	instrument-false-red:auto-table-head	p1-lanei (banked by evidence-bank 2026-07-31)	pending	
9744	crates/common/unicode_norm/src/qc_tables.rs	1471	instrument-false-red:auto-table-head	p1-lanei (banked by evidence-bank 2026-07-31)	pending	
9745	crates/common/unicode_norm/src/tables.rs	4	instrument-false-red:auto-table-head	p1-lanei (banked by evidence-bank 2026-07-31)	pending	
9746	crates/common/unicode_case/src/lib.rs	6	instrument-false-red:include-decl	p1-lanei (banked by evidence-bank 2026-07-31)	pending	
9747	crates/common/unicode_norm/src/lib.rs	55	const-table-machinery	p1-lanei (banked by evidence-bank 2026-07-31)	pending	
9748	crates/common/unicode_norm/src/lib.rs	56	const-table-machinery	p1-lanei (banked by evidence-bank 2026-07-31)	pending	
9749	crates/common/unicode_norm/src/lib.rs	57	const-table-machinery	p1-lanei (banked by evidence-bank 2026-07-31)	pending	
9750	crates/common/unicode_norm/src/lib.rs	58	const-table-machinery	p1-lanei (banked by evidence-bank 2026-07-31)	pending	
9751	crates/common/unicode_norm/src/lib.rs	59	const-table-machinery	p1-lanei (banked by evidence-bank 2026-07-31)	pending	
9752	crates/common/unicode_norm/src/lib.rs	62	const-table-machinery	p1-lanei (banked by evidence-bank 2026-07-31)	pending	
9753	crates/common/unicode_norm/src/lib.rs	63	const-table-machinery	p1-lanei (banked by evidence-bank 2026-07-31)	pending	
9754	crates/common/unicode_norm/src/lib.rs	64	const-table-machinery	p1-lanei (banked by evidence-bank 2026-07-31)	pending	
9755	crates/common/unicode_norm/src/lib.rs	65	const-table-machinery	p1-lanei (banked by evidence-bank 2026-07-31)	pending	
9756	crates/common/unicode_norm/src/lib.rs	66	const-table-machinery	p1-lanei (banked by evidence-bank 2026-07-31)	pending	
9757	crates/common/unicode_norm/src/lib.rs	390	debug-only+unreachable-arm	p1-lanei (banked by evidence-bank 2026-07-31)	pending	
9758	crates/common/unicode_norm/src/lib.rs	391	debug-only+unreachable-arm	p1-lanei (banked by evidence-bank 2026-07-31)	pending	
9759	crates/common/unicode_norm/src/tables.rs	41064	instrument-false-red:auto-table-head	p1-lanei (banked by evidence-bank 2026-07-31)	pending	
9760	crates/common/unicode_norm/src/qc_tables.rs	6570	instrument-false-red:auto-table-head	p1-lanei (banked by evidence-bank 2026-07-31)	pending	
9761	crates/backend/utils/adt/int/src/series.rs	18	phase1-carve:srf	p1-lanej (banked by evidence-bank 2026-07-31)	pending	
9762	crates/backend/utils/adt/int/src/series.rs	19	phase1-carve:srf	p1-lanej (banked by evidence-bank 2026-07-31)	pending	
9763	crates/backend/utils/adt/int/src/series.rs	20	phase1-carve:srf	p1-lanej (banked by evidence-bank 2026-07-31)	pending	
9764	crates/backend/utils/adt/int/src/series.rs	21	phase1-carve:srf	p1-lanej (banked by evidence-bank 2026-07-31)	pending	
9765	crates/backend/utils/adt/int/src/series.rs	26	phase1-carve:srf	p1-lanej (banked by evidence-bank 2026-07-31)	pending	
9766	crates/backend/utils/adt/int/src/series.rs	27	phase1-carve:srf	p1-lanej (banked by evidence-bank 2026-07-31)	pending	
9767	crates/backend/utils/adt/int/src/series.rs	28	phase1-carve:srf	p1-lanej (banked by evidence-bank 2026-07-31)	pending	
9768	crates/backend/utils/adt/int/src/series.rs	30	phase1-carve:srf	p1-lanej (banked by evidence-bank 2026-07-31)	pending	
9769	crates/backend/utils/adt/int/src/series.rs	31	phase1-carve:srf	p1-lanej (banked by evidence-bank 2026-07-31)	pending	
9770	crates/backend/utils/adt/int/src/series.rs	32	phase1-carve:srf	p1-lanej (banked by evidence-bank 2026-07-31)	pending	
9771	crates/backend/utils/adt/int/src/series.rs	33	phase1-carve:srf	p1-lanej (banked by evidence-bank 2026-07-31)	pending	
9772	crates/backend/utils/adt/int/src/series.rs	40	phase1-carve:srf	p1-lanej (banked by evidence-bank 2026-07-31)	pending	
9773	crates/backend/utils/adt/int/src/series.rs	41	phase1-carve:srf	p1-lanej (banked by evidence-bank 2026-07-31)	pending	
9774	crates/backend/utils/adt/int/src/series.rs	42	phase1-carve:srf	p1-lanej (banked by evidence-bank 2026-07-31)	pending	
9775	crates/backend/utils/adt/int/src/series.rs	43	phase1-carve:srf	p1-lanej (banked by evidence-bank 2026-07-31)	pending	
9776	crates/backend/utils/adt/int/src/series.rs	45	phase1-carve:srf	p1-lanej (banked by evidence-bank 2026-07-31)	pending	
9777	crates/backend/utils/adt/int/src/series.rs	46	phase1-carve:srf	p1-lanej (banked by evidence-bank 2026-07-31)	pending	
9778	crates/backend/utils/adt/int/src/series.rs	47	phase1-carve:srf	p1-lanej (banked by evidence-bank 2026-07-31)	pending	
9779	crates/backend/utils/adt/int/src/series.rs	49	phase1-carve:srf	p1-lanej (banked by evidence-bank 2026-07-31)	pending	
9780	crates/backend/utils/adt/int/src/series.rs	51	phase1-carve:srf	p1-lanej (banked by evidence-bank 2026-07-31)	pending	
9781	crates/backend/utils/adt/int/src/series.rs	53	phase1-carve:srf	p1-lanej (banked by evidence-bank 2026-07-31)	pending	
9782	crates/backend/utils/adt/int/src/series.rs	60	phase1-carve:srf	p1-lanej (banked by evidence-bank 2026-07-31)	pending	
9783	crates/backend/utils/adt/int/src/series.rs	61	phase1-carve:srf	p1-lanej (banked by evidence-bank 2026-07-31)	pending	
9784	crates/backend/utils/adt/int/src/series.rs	62	phase1-carve:srf	p1-lanej (banked by evidence-bank 2026-07-31)	pending	
9785	crates/backend/utils/adt/int/src/series.rs	64	phase1-carve:srf	p1-lanej (banked by evidence-bank 2026-07-31)	pending	
9786	crates/backend/utils/adt/int/src/builtins.rs	357	phase1-carve:srf	p1-lanej (banked by evidence-bank 2026-07-31)	pending	
9787	crates/backend/utils/adt/int/src/builtins.rs	358	phase1-carve:srf	p1-lanej (banked by evidence-bank 2026-07-31)	pending	
9788	crates/backend/utils/adt/int/src/builtins.rs	359	phase1-carve:srf	p1-lanej (banked by evidence-bank 2026-07-31)	pending	
9789	crates/backend/utils/adt/int/src/builtins.rs	360	phase1-carve:srf	p1-lanej (banked by evidence-bank 2026-07-31)	pending	
9790	crates/backend/utils/adt/int/src/builtins.rs	361	phase1-carve:srf	p1-lanej (banked by evidence-bank 2026-07-31)	pending	
9791	crates/backend/utils/adt/int/src/builtins.rs	362	phase1-carve:srf	p1-lanej (banked by evidence-bank 2026-07-31)	pending	
9792	crates/backend/utils/adt/int/src/builtins.rs	363	phase1-carve:srf	p1-lanej (banked by evidence-bank 2026-07-31)	pending	
9793	crates/backend/utils/adt/int/src/builtins.rs	364	phase1-carve:srf	p1-lanej (banked by evidence-bank 2026-07-31)	pending	
9794	crates/backend/utils/adt/int/src/builtins.rs	365	phase1-carve:srf	p1-lanej (banked by evidence-bank 2026-07-31)	pending	
9795	crates/backend/utils/adt/int/src/builtins.rs	366	phase1-carve:srf	p1-lanej (banked by evidence-bank 2026-07-31)	pending	
9796	crates/backend/utils/adt/int/src/builtins.rs	367	phase1-carve:srf	p1-lanej (banked by evidence-bank 2026-07-31)	pending	
9797	crates/backend/utils/adt/int/src/builtins.rs	368	phase1-carve:srf	p1-lanej (banked by evidence-bank 2026-07-31)	pending	
9798	crates/backend/utils/adt/int/src/builtins.rs	370	phase1-carve:srf	p1-lanej (banked by evidence-bank 2026-07-31)	pending	
9799	crates/backend/utils/adt/int/src/builtins.rs	371	phase1-carve:srf	p1-lanej (banked by evidence-bank 2026-07-31)	pending	
9800	crates/backend/utils/adt/int/src/builtins.rs	372	phase1-carve:srf	p1-lanej (banked by evidence-bank 2026-07-31)	pending	
9801	crates/backend/utils/adt/int/src/builtins.rs	373	phase1-carve:srf	p1-lanej (banked by evidence-bank 2026-07-31)	pending	
9802	crates/backend/utils/adt/int/src/builtins.rs	374	phase1-carve:srf	p1-lanej (banked by evidence-bank 2026-07-31)	pending	
9803	crates/backend/utils/adt/int/src/builtins.rs	375	phase1-carve:srf	p1-lanej (banked by evidence-bank 2026-07-31)	pending	
9804	crates/backend/utils/adt/int/src/builtins.rs	376	phase1-carve:srf	p1-lanej (banked by evidence-bank 2026-07-31)	pending	
9805	crates/backend/utils/adt/int/src/builtins.rs	377	phase1-carve:srf	p1-lanej (banked by evidence-bank 2026-07-31)	pending	
9806	crates/backend/utils/adt/int/src/builtins.rs	378	phase1-carve:srf	p1-lanej (banked by evidence-bank 2026-07-31)	pending	
9807	crates/backend/utils/adt/int/src/builtins.rs	379	phase1-carve:srf	p1-lanej (banked by evidence-bank 2026-07-31)	pending	
9808	crates/backend/utils/adt/int/src/builtins.rs	386	phase1-carve:srf	p1-lanej (banked by evidence-bank 2026-07-31)	pending	
9809	crates/backend/utils/adt/int/src/builtins.rs	387	phase1-carve:srf	p1-lanej (banked by evidence-bank 2026-07-31)	pending	
9810	crates/backend/utils/adt/int/src/builtins.rs	388	phase1-carve:srf	p1-lanej (banked by evidence-bank 2026-07-31)	pending	
9811	crates/backend/utils/adt/int/src/builtins.rs	389	phase1-carve:srf	p1-lanej (banked by evidence-bank 2026-07-31)	pending	
9812	crates/backend/utils/adt/int/src/builtins.rs	390	phase1-carve:srf	p1-lanej (banked by evidence-bank 2026-07-31)	pending	
9813	crates/backend/utils/adt/int/src/builtins.rs	391	phase1-carve:srf	p1-lanej (banked by evidence-bank 2026-07-31)	pending	
9814	crates/backend/utils/adt/int/src/builtins.rs	394	phase1-carve:srf	p1-lanej (banked by evidence-bank 2026-07-31)	pending	
9815	crates/backend/utils/adt/int/src/builtins.rs	395	phase1-carve:srf	p1-lanej (banked by evidence-bank 2026-07-31)	pending	
9816	crates/backend/utils/adt/int/src/builtins.rs	397	phase1-carve:srf	p1-lanej (banked by evidence-bank 2026-07-31)	pending	
9817	crates/backend/utils/adt/int/src/builtins.rs	398	phase1-carve:srf	p1-lanej (banked by evidence-bank 2026-07-31)	pending	
9818	crates/backend/utils/adt/int/src/builtins.rs	399	phase1-carve:srf	p1-lanej (banked by evidence-bank 2026-07-31)	pending	
9819	crates/backend/utils/adt/int/src/builtins.rs	401	phase1-carve:srf	p1-lanej (banked by evidence-bank 2026-07-31)	pending	
9820	crates/backend/utils/adt/int/src/builtins.rs	402	phase1-carve:srf	p1-lanej (banked by evidence-bank 2026-07-31)	pending	
9821	crates/backend/utils/adt/int/src/builtins.rs	403	phase1-carve:srf	p1-lanej (banked by evidence-bank 2026-07-31)	pending	
9822	crates/backend/utils/adt/int/src/builtins.rs	404	phase1-carve:srf	p1-lanej (banked by evidence-bank 2026-07-31)	pending	
9823	crates/backend/utils/adt/int/src/builtins.rs	405	phase1-carve:srf	p1-lanej (banked by evidence-bank 2026-07-31)	pending	
9824	crates/backend/utils/adt/int/src/builtins.rs	406	phase1-carve:srf	p1-lanej (banked by evidence-bank 2026-07-31)	pending	
9825	crates/backend/utils/adt/int/src/builtins.rs	408	phase1-carve:srf	p1-lanej (banked by evidence-bank 2026-07-31)	pending	
9826	crates/backend/utils/adt/int/src/builtins.rs	409	phase1-carve:srf	p1-lanej (banked by evidence-bank 2026-07-31)	pending	
9827	crates/backend/utils/adt/int/src/builtins.rs	412	phase1-carve:srf	p1-lanej (banked by evidence-bank 2026-07-31)	pending	
9828	crates/backend/utils/adt/int/src/builtins.rs	413	phase1-carve:srf	p1-lanej (banked by evidence-bank 2026-07-31)	pending	
9829	crates/backend/utils/adt/int/src/builtins.rs	414	phase1-carve:srf	p1-lanej (banked by evidence-bank 2026-07-31)	pending	
9830	crates/backend/utils/adt/int/src/builtins.rs	415	phase1-carve:srf	p1-lanej (banked by evidence-bank 2026-07-31)	pending	
9831	crates/backend/utils/adt/int/src/builtins.rs	418	phase1-carve:srf	p1-lanej (banked by evidence-bank 2026-07-31)	pending	
9832	crates/backend/utils/adt/int/src/builtins.rs	419	phase1-carve:srf	p1-lanej (banked by evidence-bank 2026-07-31)	pending	
9833	crates/backend/utils/adt/int/src/builtins.rs	421	phase1-carve:srf	p1-lanej (banked by evidence-bank 2026-07-31)	pending	
9834	crates/backend/utils/adt/int/src/lib.rs	32	instrument-false-red:macro-decl	p1-lanej (banked by evidence-bank 2026-07-31)	pending	
9835	crates/backend/utils/adt/int/src/lib.rs	38	instrument-false-red:macro-decl	p1-lanej (banked by evidence-bank 2026-07-31)	pending	
9836	crates/backend/utils/adt/int/src/lib.rs	44	instrument-false-red:macro-decl	p1-lanej (banked by evidence-bank 2026-07-31)	pending	
9837	crates/backend/utils/adt/int/src/lib.rs	53	instrument-false-red:macro-decl	p1-lanej (banked by evidence-bank 2026-07-31)	pending	
9838	crates/backend/utils/adt/int/src/lib.rs	54	instrument-false-red:macro-decl	p1-lanej (banked by evidence-bank 2026-07-31)	pending	E4-measured
9839	crates/backend/utils/adt/int/src/lib.rs	364	instrument-false-red:macro-decl	p1-lanej (banked by evidence-bank 2026-07-31)	pending	E4-measured
9840	crates/backend/utils/adt/int/src/lib.rs	372	instrument-false-red:macro-decl	p1-lanej (banked by evidence-bank 2026-07-31)	pending	E4-measured
9841	crates/backend/utils/adt/int/src/lib.rs	373	instrument-false-red:macro-decl	p1-lanej (banked by evidence-bank 2026-07-31)	pending	E4-measured
9842	crates/backend/utils/adt/int/src/lib.rs	374	instrument-false-red:macro-decl	p1-lanej (banked by evidence-bank 2026-07-31)	pending	E4-measured
9843	crates/backend/utils/adt/int/src/lib.rs	375	instrument-false-red:macro-decl	p1-lanej (banked by evidence-bank 2026-07-31)	pending	E4-measured
9844	crates/backend/utils/adt/int/src/lib.rs	376	instrument-false-red:macro-decl	p1-lanej (banked by evidence-bank 2026-07-31)	pending	E3-non-v2
9845	crates/backend/utils/adt/int/src/lib.rs	377	instrument-false-red:macro-decl	p1-lanej (banked by evidence-bank 2026-07-31)	pending	E3-non-v2
9846	crates/backend/utils/adt/int/src/lib.rs	378	instrument-false-red:macro-decl	p1-lanej (banked by evidence-bank 2026-07-31)	pending	E4-measured
9847	crates/backend/utils/adt/int/src/lib.rs	379	instrument-false-red:macro-decl	p1-lanej (banked by evidence-bank 2026-07-31)	pending	E4-measured
9848	crates/backend/utils/adt/int/src/lib.rs	380	instrument-false-red:macro-decl	p1-lanej (banked by evidence-bank 2026-07-31)	pending	E4-measured
9849	crates/backend/utils/adt/int/src/lib.rs	381	instrument-false-red:macro-decl	p1-lanej (banked by evidence-bank 2026-07-31)	pending	E4-measured
9850	crates/backend/utils/adt/int/src/lib.rs	382	instrument-false-red:macro-decl	p1-lanej (banked by evidence-bank 2026-07-31)	pending	E4-measured
9851	crates/backend/utils/adt/int/src/lib.rs	383	instrument-false-red:macro-decl	p1-lanej (banked by evidence-bank 2026-07-31)	pending	E4-measured
9852	crates/backend/utils/adt/int/src/builtins.rs	215	instrument-false-red:macro-decl	p1-lanej (banked by evidence-bank 2026-07-31)	pending	E4-measured
9853	crates/backend/utils/adt/int/src/builtins.rs	216	instrument-false-red:macro-decl	p1-lanej (banked by evidence-bank 2026-07-31)	pending	E4-measured
9854	crates/backend/utils/adt/int/src/builtins.rs	217	instrument-false-red:macro-decl	p1-lanej (banked by evidence-bank 2026-07-31)	pending	E4-measured
9855	crates/backend/utils/adt/int/src/builtins.rs	218	instrument-false-red:macro-decl	p1-lanej (banked by evidence-bank 2026-07-31)	pending	
9856	crates/backend/utils/adt/int/src/builtins.rs	219	instrument-false-red:macro-decl	p1-lanej (banked by evidence-bank 2026-07-31)	pending	
9857	crates/backend/utils/adt/int/src/builtins.rs	220	instrument-false-red:macro-decl	p1-lanej (banked by evidence-bank 2026-07-31)	pending	E4-measured
9858	crates/backend/utils/adt/int/src/builtins.rs	221	instrument-false-red:macro-decl	p1-lanej (banked by evidence-bank 2026-07-31)	pending	E4-measured
9859	crates/backend/utils/adt/int/src/builtins.rs	225	instrument-false-red:macro-decl	p1-lanej (banked by evidence-bank 2026-07-31)	pending	E4-measured
9860	crates/backend/utils/adt/int/src/builtins.rs	226	instrument-false-red:macro-decl	p1-lanej (banked by evidence-bank 2026-07-31)	pending	
9861	crates/backend/utils/adt/int/src/builtins.rs	227	instrument-false-red:macro-decl	p1-lanej (banked by evidence-bank 2026-07-31)	pending	E4-measured
9862	crates/backend/utils/adt/int/src/builtins.rs	228	instrument-false-red:macro-decl	p1-lanej (banked by evidence-bank 2026-07-31)	pending	
9863	crates/backend/utils/adt/int/src/builtins.rs	229	instrument-false-red:macro-decl	p1-lanej (banked by evidence-bank 2026-07-31)	pending	
9864	crates/backend/utils/adt/int/src/builtins.rs	230	instrument-false-red:macro-decl	p1-lanej (banked by evidence-bank 2026-07-31)	pending	
9865	crates/backend/utils/adt/int/src/builtins.rs	283	instrument-false-red:macro-decl	p1-lanej (banked by evidence-bank 2026-07-31)	pending	
9866	crates/backend/utils/adt/int/src/builtins.rs	284	instrument-false-red:macro-decl	p1-lanej (banked by evidence-bank 2026-07-31)	pending	
9867	crates/backend/utils/adt/int/src/builtins.rs	285	instrument-false-red:macro-decl	p1-lanej (banked by evidence-bank 2026-07-31)	pending	
9868	crates/backend/utils/adt/int/src/builtins.rs	286	instrument-false-red:macro-decl	p1-lanej (banked by evidence-bank 2026-07-31)	pending	
9869	crates/backend/utils/adt/int/src/builtins.rs	287	instrument-false-red:macro-decl	p1-lanej (banked by evidence-bank 2026-07-31)	pending	
9870	crates/backend/utils/adt/int/src/builtins.rs	288	instrument-false-red:macro-decl	p1-lanej (banked by evidence-bank 2026-07-31)	pending	
9871	crates/backend/utils/adt/int/src/builtins.rs	289	instrument-false-red:macro-decl	p1-lanej (banked by evidence-bank 2026-07-31)	pending	
9872	crates/backend/utils/adt/int/src/builtins.rs	290	instrument-false-red:macro-decl	p1-lanej (banked by evidence-bank 2026-07-31)	pending	
9873	crates/backend/utils/adt/int/src/builtins.rs	291	instrument-false-red:macro-decl	p1-lanej (banked by evidence-bank 2026-07-31)	pending	
9874	crates/backend/utils/adt/int/src/builtins.rs	292	instrument-false-red:macro-decl	p1-lanej (banked by evidence-bank 2026-07-31)	pending	
9875	crates/backend/utils/adt/int/src/builtins.rs	293	instrument-false-red:macro-decl	p1-lanej (banked by evidence-bank 2026-07-31)	pending	
9876	crates/backend/utils/adt/int/src/builtins.rs	294	instrument-false-red:macro-decl	p1-lanej (banked by evidence-bank 2026-07-31)	pending	
9877	crates/backend/utils/adt/int/src/builtins.rs	295	instrument-false-red:macro-decl	p1-lanej (banked by evidence-bank 2026-07-31)	pending	
9878	crates/backend/utils/adt/int/src/builtins.rs	296	instrument-false-red:macro-decl	p1-lanej (banked by evidence-bank 2026-07-31)	pending	
9879	crates/backend/utils/adt/int/src/builtins.rs	297	instrument-false-red:macro-decl	p1-lanej (banked by evidence-bank 2026-07-31)	pending	
9880	crates/backend/utils/adt/int/src/builtins.rs	298	instrument-false-red:macro-decl	p1-lanej (banked by evidence-bank 2026-07-31)	pending	
9881	crates/backend/utils/adt/int/src/builtins.rs	299	instrument-false-red:macro-decl	p1-lanej (banked by evidence-bank 2026-07-31)	pending	
9882	crates/backend/utils/adt/int/src/builtins.rs	300	instrument-false-red:macro-decl	p1-lanej (banked by evidence-bank 2026-07-31)	pending	
9883	crates/backend/utils/adt/int/src/builtins.rs	301	instrument-false-red:macro-decl	p1-lanej (banked by evidence-bank 2026-07-31)	pending	
9884	crates/backend/utils/adt/int/src/builtins.rs	302	instrument-false-red:macro-decl	p1-lanej (banked by evidence-bank 2026-07-31)	pending	
9885	crates/backend/utils/adt/int/src/builtins.rs	303	instrument-false-red:macro-decl	p1-lanej (banked by evidence-bank 2026-07-31)	pending	
9886	crates/backend/utils/adt/int/src/builtins.rs	304	instrument-false-red:macro-decl	p1-lanej (banked by evidence-bank 2026-07-31)	pending	
9887	crates/backend/utils/adt/int/src/builtins.rs	305	instrument-false-red:macro-decl	p1-lanej (banked by evidence-bank 2026-07-31)	pending	
9888	crates/backend/utils/adt/int/src/builtins.rs	306	instrument-false-red:macro-decl	p1-lanej (banked by evidence-bank 2026-07-31)	pending	
9889	crates/backend/utils/adt/int/src/builtins.rs	307	instrument-false-red:macro-decl	p1-lanej (banked by evidence-bank 2026-07-31)	pending	
9890	crates/backend/utils/adt/int/src/builtins.rs	308	instrument-false-red:macro-decl	p1-lanej (banked by evidence-bank 2026-07-31)	pending	
9891	crates/backend/utils/adt/int/src/builtins.rs	309	instrument-false-red:macro-decl	p1-lanej (banked by evidence-bank 2026-07-31)	pending	
9892	crates/backend/utils/adt/int/src/builtins.rs	310	instrument-false-red:macro-decl	p1-lanej (banked by evidence-bank 2026-07-31)	pending	
9893	crates/backend/utils/adt/int/src/builtins.rs	311	instrument-false-red:macro-decl	p1-lanej (banked by evidence-bank 2026-07-31)	pending	E4-measured
9894	crates/backend/utils/adt/int/src/builtins.rs	312	instrument-false-red:macro-decl	p1-lanej (banked by evidence-bank 2026-07-31)	pending	E4-measured
9895	crates/backend/utils/adt/int/src/builtins.rs	313	instrument-false-red:macro-decl	p1-lanej (banked by evidence-bank 2026-07-31)	pending	E4-measured
9896	crates/backend/utils/adt/int/src/builtins.rs	314	instrument-false-red:macro-decl	p1-lanej (banked by evidence-bank 2026-07-31)	pending	E4-measured
9897	crates/backend/utils/adt/int/src/builtins.rs	315	instrument-false-red:macro-decl	p1-lanej (banked by evidence-bank 2026-07-31)	pending	E4-measured
9898	crates/backend/utils/adt/int/src/builtins.rs	316	instrument-false-red:macro-decl	p1-lanej (banked by evidence-bank 2026-07-31)	pending	E4-measured
9899	crates/backend/utils/adt/int/src/builtins.rs	317	instrument-false-red:macro-decl	p1-lanej (banked by evidence-bank 2026-07-31)	pending	E4-measured
9900	crates/backend/utils/adt/int/src/builtins.rs	318	instrument-false-red:macro-decl	p1-lanej (banked by evidence-bank 2026-07-31)	pending	E4-measured
9901	crates/backend/utils/adt/int/src/builtins.rs	319	instrument-false-red:macro-decl	p1-lanej (banked by evidence-bank 2026-07-31)	pending	E4-measured
9902	crates/backend/utils/adt/int/src/builtins.rs	320	instrument-false-red:macro-decl	p1-lanej (banked by evidence-bank 2026-07-31)	pending	E4-measured
9903	crates/backend/utils/adt/int/src/builtins.rs	324	instrument-false-red:macro-decl	p1-lanej (banked by evidence-bank 2026-07-31)	pending	
9904	crates/backend/utils/adt/int/src/builtins.rs	325	instrument-false-red:macro-decl	p1-lanej (banked by evidence-bank 2026-07-31)	pending	
9905	crates/backend/utils/adt/int/src/builtins.rs	326	instrument-false-red:macro-decl	p1-lanej (banked by evidence-bank 2026-07-31)	pending	
9906	crates/backend/utils/adt/int/src/builtins.rs	327	instrument-false-red:macro-decl	p1-lanej (banked by evidence-bank 2026-07-31)	pending	
9907	crates/backend/utils/adt/int/src/builtins.rs	328	instrument-false-red:macro-decl	p1-lanej (banked by evidence-bank 2026-07-31)	pending	
9908	crates/backend/utils/adt/int/src/builtins.rs	329	instrument-false-red:macro-decl	p1-lanej (banked by evidence-bank 2026-07-31)	pending	
9909	crates/backend/utils/adt/int/src/builtins.rs	330	instrument-false-red:macro-decl	p1-lanej (banked by evidence-bank 2026-07-31)	pending	
9910	crates/backend/utils/adt/int/src/builtins.rs	331	instrument-false-red:macro-decl	p1-lanej (banked by evidence-bank 2026-07-31)	pending	
9911	crates/backend/utils/adt/int/src/builtins.rs	332	instrument-false-red:macro-decl	p1-lanej (banked by evidence-bank 2026-07-31)	pending	
9912	crates/backend/utils/adt/int/src/builtins.rs	333	instrument-false-red:macro-decl	p1-lanej (banked by evidence-bank 2026-07-31)	pending	
9913	crates/backend/utils/adt/int/src/builtins.rs	334	instrument-false-red:macro-decl	p1-lanej (banked by evidence-bank 2026-07-31)	pending	
9914	crates/backend/utils/adt/int/src/builtins.rs	335	instrument-false-red:macro-decl	p1-lanej (banked by evidence-bank 2026-07-31)	pending	
9915	crates/backend/utils/adt/int/src/builtins.rs	336	instrument-false-red:macro-decl	p1-lanej (banked by evidence-bank 2026-07-31)	pending	
9916	crates/backend/utils/adt/int/src/builtins.rs	337	instrument-false-red:macro-decl	p1-lanej (banked by evidence-bank 2026-07-31)	pending	
9917	crates/backend/utils/adt/int/src/builtins.rs	338	instrument-false-red:macro-decl	p1-lanej (banked by evidence-bank 2026-07-31)	pending	
9918	crates/backend/utils/adt/int/src/builtins.rs	339	instrument-false-red:macro-decl	p1-lanej (banked by evidence-bank 2026-07-31)	pending	
9919	crates/backend/utils/adt/int/src/builtins.rs	340	instrument-false-red:macro-decl	p1-lanej (banked by evidence-bank 2026-07-31)	pending	
9920	crates/backend/utils/adt/int/src/builtins.rs	341	instrument-false-red:macro-decl	p1-lanej (banked by evidence-bank 2026-07-31)	pending	
9921	crates/backend/utils/adt/int/src/builtins.rs	342	instrument-false-red:macro-decl	p1-lanej (banked by evidence-bank 2026-07-31)	pending	
9922	crates/backend/utils/adt/int/src/builtins.rs	343	instrument-false-red:macro-decl	p1-lanej (banked by evidence-bank 2026-07-31)	pending	
9923	crates/backend/utils/adt/int/src/builtins.rs	347	instrument-false-red:macro-decl	p1-lanej (banked by evidence-bank 2026-07-31)	pending	E4-measured
9924	crates/backend/utils/adt/int/src/builtins.rs	348	instrument-false-red:macro-decl	p1-lanej (banked by evidence-bank 2026-07-31)	pending	E4-measured
9925	crates/backend/utils/adt/int/src/builtins.rs	349	instrument-false-red:macro-decl	p1-lanej (banked by evidence-bank 2026-07-31)	pending	E4-measured
9926	crates/backend/utils/adt/int/src/builtins.rs	350	instrument-false-red:macro-decl	p1-lanej (banked by evidence-bank 2026-07-31)	pending	E4-measured
9927	crates/backend/utils/adt/int/src/builtins.rs	351	instrument-false-red:macro-decl	p1-lanej (banked by evidence-bank 2026-07-31)	pending	E4-measured
9928	crates/backend/utils/adt/int/src/builtins.rs	352	instrument-false-red:macro-decl	p1-lanej (banked by evidence-bank 2026-07-31)	pending	E4-measured
9929	crates/backend/utils/adt/int/src/builtins.rs	235	proof-covered-unmeasured	p1-lanej (banked by evidence-bank 2026-07-31)	pending	E4-measured
9930	crates/backend/utils/adt/int/src/builtins.rs	236	proof-covered-unmeasured	p1-lanej (banked by evidence-bank 2026-07-31)	pending	E4-measured
9931	crates/backend/utils/adt/int/src/builtins.rs	237	proof-covered-unmeasured	p1-lanej (banked by evidence-bank 2026-07-31)	pending	E4-measured
9932	crates/backend/utils/adt/int/src/builtins.rs	240	proof-covered-unmeasured	p1-lanej (banked by evidence-bank 2026-07-31)	pending	E4-measured
9933	crates/backend/utils/adt/int/src/builtins.rs	241	proof-covered-unmeasured	p1-lanej (banked by evidence-bank 2026-07-31)	pending	E4-measured
9934	crates/backend/utils/adt/int/src/builtins.rs	242	proof-covered-unmeasured	p1-lanej (banked by evidence-bank 2026-07-31)	pending	E4-measured
9935	crates/backend/utils/adt/int/src/builtins.rs	245	proof-covered-unmeasured	p1-lanej (banked by evidence-bank 2026-07-31)	pending	E4-measured
9936	crates/backend/utils/adt/int/src/builtins.rs	246	proof-covered-unmeasured	p1-lanej (banked by evidence-bank 2026-07-31)	pending	E4-measured
9937	crates/backend/utils/adt/int/src/builtins.rs	247	proof-covered-unmeasured	p1-lanej (banked by evidence-bank 2026-07-31)	pending	E4-measured
9938	crates/backend/utils/adt/int/src/builtins.rs	248	proof-covered-unmeasured	p1-lanej (banked by evidence-bank 2026-07-31)	pending	E4-measured
9939	crates/backend/utils/adt/int/src/builtins.rs	249	proof-covered-unmeasured	p1-lanej (banked by evidence-bank 2026-07-31)	pending	E4-measured
9940	crates/backend/utils/adt/int/src/builtins.rs	259	proof-covered-unmeasured	p1-lanej (banked by evidence-bank 2026-07-31)	pending	E4-measured
9941	crates/backend/utils/adt/int/src/builtins.rs	260	proof-covered-unmeasured	p1-lanej (banked by evidence-bank 2026-07-31)	pending	E4-measured
9942	crates/backend/utils/adt/int/src/builtins.rs	261	proof-covered-unmeasured	p1-lanej (banked by evidence-bank 2026-07-31)	pending	E4-measured
9943	crates/backend/utils/adt/int/src/builtins.rs	262	proof-covered-unmeasured	p1-lanej (banked by evidence-bank 2026-07-31)	pending	E4-measured
9944	crates/backend/utils/adt/int/src/builtins.rs	265	proof-covered-unmeasured	p1-lanej (banked by evidence-bank 2026-07-31)	pending	E4-measured
9945	crates/backend/utils/adt/int/src/builtins.rs	266	proof-covered-unmeasured	p1-lanej (banked by evidence-bank 2026-07-31)	pending	E4-measured
9946	crates/backend/utils/adt/int/src/builtins.rs	267	proof-covered-unmeasured	p1-lanej (banked by evidence-bank 2026-07-31)	pending	E4-measured
9947	crates/backend/utils/adt/int/src/builtins.rs	268	proof-covered-unmeasured	p1-lanej (banked by evidence-bank 2026-07-31)	pending	E4-measured
9948	crates/backend/utils/adt/int/src/builtins.rs	269	proof-covered-unmeasured	p1-lanej (banked by evidence-bank 2026-07-31)	pending	E4-measured
9949	crates/backend/utils/adt/int/src/builtins.rs	270	proof-covered-unmeasured	p1-lanej (banked by evidence-bank 2026-07-31)	pending	E4-measured
9950	crates/backend/utils/adt/int/src/builtins.rs	274	proof-covered-unmeasured	p1-lanej (banked by evidence-bank 2026-07-31)	pending	E4-measured
9951	crates/backend/utils/adt/int/src/builtins.rs	275	proof-covered-unmeasured	p1-lanej (banked by evidence-bank 2026-07-31)	pending	E4-measured
9952	crates/backend/utils/adt/int/src/builtins.rs	276	proof-covered-unmeasured	p1-lanej (banked by evidence-bank 2026-07-31)	pending	E4-measured
9953	crates/backend/utils/adt/int/src/builtins.rs	277	proof-covered-unmeasured	p1-lanej (banked by evidence-bank 2026-07-31)	pending	E4-measured
9954	crates/backend/utils/adt/int/src/builtins.rs	278	proof-covered-unmeasured	p1-lanej (banked by evidence-bank 2026-07-31)	pending	E4-measured
9955	crates/backend/utils/adt/int/src/lib.rs	145	exception:defensive-oom	p1-lanej (banked by evidence-bank 2026-07-31)	pending	E3-non-v2
9956	crates/backend/utils/adt/int/src/lib.rs	286	exception:defensive-oom	p1-lanej (banked by evidence-bank 2026-07-31)	pending	
9957	crates/backend/utils/adt/int/src/lib.rs	287	exception:defensive-oom	p1-lanej (banked by evidence-bank 2026-07-31)	pending	E3-non-v2
9958	crates/backend/utils/adt/int/src/lib.rs	308	exception:defensive-oom	p1-lanej (banked by evidence-bank 2026-07-31)	pending	
9959	crates/backend/utils/adt/int/src/lib.rs	253	instrument-false-red:fmt-cont	p1-lanej (banked by evidence-bank 2026-07-31)	pending	
9960	crates/backend/utils/adt/int/src/lib.rs	254	instrument-false-red:fmt-cont	p1-lanej (banked by evidence-bank 2026-07-31)	pending	E3-non-v2
9961	crates/backend/utils/adt/int/src/lib.rs	264	instrument-false-red:fmt-cont	p1-lanej (banked by evidence-bank 2026-07-31)	pending	
9962	crates/backend/utils/adt/int/src/lib.rs	266	instrument-false-red:fmt-cont	p1-lanej (banked by evidence-bank 2026-07-31)	pending	E3-non-v2
9963	crates/backend/utils/adt/int/src/lib.rs	276	instrument-false-red:fmt-cont	p1-lanej (banked by evidence-bank 2026-07-31)	pending	
9964	crates/backend/utils/adt/int/src/lib.rs	277	instrument-false-red:fmt-cont	p1-lanej (banked by evidence-bank 2026-07-31)	pending	E3-non-v2
9965	crates/backend/utils/adt/int/src/builtins.rs	425	const-table-machinery	p1-lanej (banked by evidence-bank 2026-07-31)	pending	
9966	crates/backend/utils/adt/int/src/builtins.rs	426	const-table-machinery	p1-lanej (banked by evidence-bank 2026-07-31)	pending	
9967	crates/backend/utils/adt/int/src/builtins.rs	429	const-table-machinery	p1-lanej (banked by evidence-bank 2026-07-31)	pending	
9968	crates/backend/utils/adt/int/src/builtins.rs	430	const-table-machinery	p1-lanej (banked by evidence-bank 2026-07-31)	pending	
9969	crates/backend/utils/adt/int/src/builtins.rs	431	const-table-machinery	p1-lanej (banked by evidence-bank 2026-07-31)	pending	
9970	crates/backend/utils/adt/int/src/builtins.rs	432	const-table-machinery	p1-lanej (banked by evidence-bank 2026-07-31)	pending	
9971	crates/backend/utils/adt/int/src/builtins.rs	433	const-table-machinery	p1-lanej (banked by evidence-bank 2026-07-31)	pending	
9972	crates/backend/utils/adt/int/src/builtins.rs	434	const-table-machinery	p1-lanej (banked by evidence-bank 2026-07-31)	pending	
9973	crates/backend/utils/adt/int/src/builtins.rs	435	const-table-machinery	p1-lanej (banked by evidence-bank 2026-07-31)	pending	
9974	crates/backend/utils/adt/int/src/builtins.rs	436	const-table-machinery	p1-lanej (banked by evidence-bank 2026-07-31)	pending	
9975	crates/backend/utils/adt/int/src/builtins.rs	547	const-table-machinery	p1-lanej (banked by evidence-bank 2026-07-31)	pending	
9976	crates/backend/utils/adt/int/src/builtins.rs	548	const-table-machinery	p1-lanej (banked by evidence-bank 2026-07-31)	pending	
9977	crates/backend/utils/adt/int/src/builtins.rs	443	const-table-machinery	p1-lanej (banked by evidence-bank 2026-07-31)	pending	
9978	crates/backend/utils/adt/int/src/builtins.rs	554	const-table-machinery	p1-lanej (banked by evidence-bank 2026-07-31)	pending	
9979	crates/backend/utils/adt/varchar/src/lib.rs	43	instrument-false-red:fmt-cont	p1-lanem (banked by evidence-bank 2026-07-31)	pending	E4-measured
9980	crates/backend/utils/adt/varchar/src/lib.rs	437	phase1-carve:locale	p1-lanem (banked by evidence-bank 2026-07-31)	pending	
9981	crates/backend/utils/adt/varchar/src/lib.rs	446	phase1-carve:locale	p1-lanem (banked by evidence-bank 2026-07-31)	pending	
9982	crates/backend/utils/adt/varchar/src/lib.rs	457	phase1-carve:locale	p1-lanem (banked by evidence-bank 2026-07-31)	pending	
9983	crates/backend/utils/adt/varchar/src/builtins.rs	15	defensive-c-parity	p1-lanem (banked by evidence-bank 2026-07-31)	pending	
9984	crates/backend/utils/adt/varchar/src/builtins.rs	16	defensive-c-parity	p1-lanem (banked by evidence-bank 2026-07-31)	pending	
9985	crates/backend/utils/adt/varchar/src/builtins.rs	43	defensive-c-parity	p1-lanem (banked by evidence-bank 2026-07-31)	pending	
9986	crates/backend/utils/adt/varchar/src/builtins.rs	65	defensive-c-parity	p1-lanem (banked by evidence-bank 2026-07-31)	pending	
9987	crates/backend/utils/adt/varchar/src/builtins.rs	225	instrument-false-red:macro-decl	p1-lanem (banked by evidence-bank 2026-07-31)	pending	
9988	crates/backend/utils/adt/varchar/src/builtins.rs	226	instrument-false-red:macro-decl	p1-lanem (banked by evidence-bank 2026-07-31)	pending	
9989	crates/backend/utils/adt/varchar/src/builtins.rs	227	instrument-false-red:macro-decl	p1-lanem (banked by evidence-bank 2026-07-31)	pending	
9990	crates/backend/utils/adt/varchar/src/builtins.rs	228	instrument-false-red:macro-decl	p1-lanem (banked by evidence-bank 2026-07-31)	pending	
9991	crates/backend/utils/adt/varchar/src/builtins.rs	229	instrument-false-red:macro-decl	p1-lanem (banked by evidence-bank 2026-07-31)	pending	
9992	crates/backend/utils/adt/varchar/src/builtins.rs	230	instrument-false-red:macro-decl	p1-lanem (banked by evidence-bank 2026-07-31)	pending	
9993	crates/backend/utils/adt/varchar/src/builtins.rs	231	instrument-false-red:macro-decl	p1-lanem (banked by evidence-bank 2026-07-31)	pending	
9994	crates/backend/utils/adt/varchar/src/builtins.rs	307	instrument-false-red:macro-decl	p1-lanem (banked by evidence-bank 2026-07-31)	pending	
9995	crates/backend/utils/adt/varchar/src/builtins.rs	308	instrument-false-red:macro-decl	p1-lanem (banked by evidence-bank 2026-07-31)	pending	
9996	crates/backend/utils/adt/varchar/src/builtins.rs	309	instrument-false-red:macro-decl	p1-lanem (banked by evidence-bank 2026-07-31)	pending	
9997	crates/backend/utils/adt/varchar/src/builtins.rs	310	instrument-false-red:macro-decl	p1-lanem (banked by evidence-bank 2026-07-31)	pending	
9998	crates/backend/utils/adt/varchar/src/builtins.rs	311	instrument-false-red:macro-decl	p1-lanem (banked by evidence-bank 2026-07-31)	pending	
9999	crates/backend/utils/adt/varchar/src/builtins.rs	244	instrument-false-red:expr-cont	p1-lanem (banked by evidence-bank 2026-07-31)	pending	
10000	crates/backend/utils/adt/varchar/src/builtins.rs	256	instrument-false-red:expr-cont	p1-lanem (banked by evidence-bank 2026-07-31)	pending	
10001	crates/backend/utils/adt/varchar/src/builtins.rs	316	phase1-carve:unported-stub	p1-lanem (banked by evidence-bank 2026-07-31)	pending	
10002	crates/backend/utils/adt/varchar/src/builtins.rs	317	phase1-carve:unported-stub	p1-lanem (banked by evidence-bank 2026-07-31)	pending	
10003	crates/backend/utils/adt/varchar/src/builtins.rs	362	phase1-carve:unported-stub	p1-lanem (banked by evidence-bank 2026-07-31)	pending	
10004	crates/backend/utils/adt/varchar/src/builtins.rs	363	phase1-carve:unported-stub	p1-lanem (banked by evidence-bank 2026-07-31)	pending	
10005	crates/backend/utils/adt/varchar/src/builtins.rs	324	phase1-carve:planner	p1-lanem (banked by evidence-bank 2026-07-31)	pending	
10006	crates/backend/utils/adt/varchar/src/builtins.rs	325	phase1-carve:planner	p1-lanem (banked by evidence-bank 2026-07-31)	pending	
10007	crates/backend/utils/adt/varchar/src/builtins.rs	326	phase1-carve:planner	p1-lanem (banked by evidence-bank 2026-07-31)	pending	
10008	crates/backend/utils/adt/varchar/src/builtins.rs	327	phase1-carve:planner	p1-lanem (banked by evidence-bank 2026-07-31)	pending	
10009	crates/backend/utils/adt/varchar/src/builtins.rs	329	phase1-carve:planner	p1-lanem (banked by evidence-bank 2026-07-31)	pending	
10010	crates/backend/utils/adt/varchar/src/builtins.rs	330	phase1-carve:planner	p1-lanem (banked by evidence-bank 2026-07-31)	pending	
10011	crates/backend/utils/adt/varchar/src/builtins.rs	332	phase1-carve:planner	p1-lanem (banked by evidence-bank 2026-07-31)	pending	
10012	crates/backend/utils/adt/varchar/src/builtins.rs	333	phase1-carve:planner	p1-lanem (banked by evidence-bank 2026-07-31)	pending	
10013	crates/backend/utils/adt/varchar/src/builtins.rs	336	phase1-carve:planner	p1-lanem (banked by evidence-bank 2026-07-31)	pending	
10014	crates/backend/utils/adt/varchar/src/builtins.rs	337	phase1-carve:planner	p1-lanem (banked by evidence-bank 2026-07-31)	pending	
10015	crates/backend/utils/adt/varchar/src/builtins.rs	338	phase1-carve:planner	p1-lanem (banked by evidence-bank 2026-07-31)	pending	
10016	crates/backend/utils/adt/varchar/src/builtins.rs	339	phase1-carve:planner	p1-lanem (banked by evidence-bank 2026-07-31)	pending	
10017	crates/backend/utils/adt/varchar/src/builtins.rs	340	phase1-carve:planner	p1-lanem (banked by evidence-bank 2026-07-31)	pending	
10018	crates/backend/utils/adt/varchar/src/builtins.rs	341	phase1-carve:planner	p1-lanem (banked by evidence-bank 2026-07-31)	pending	
10019	crates/backend/utils/adt/varchar/src/builtins.rs	342	phase1-carve:planner	p1-lanem (banked by evidence-bank 2026-07-31)	pending	
10020	crates/backend/utils/adt/varchar/src/builtins.rs	343	phase1-carve:planner	p1-lanem (banked by evidence-bank 2026-07-31)	pending	
10021	crates/backend/utils/adt/varchar/src/builtins.rs	345	phase1-carve:planner	p1-lanem (banked by evidence-bank 2026-07-31)	pending	
10022	crates/backend/utils/adt/varchar/src/builtins.rs	346	phase1-carve:planner	p1-lanem (banked by evidence-bank 2026-07-31)	pending	
10023	crates/backend/utils/adt/varchar/src/builtins.rs	348	phase1-carve:planner	p1-lanem (banked by evidence-bank 2026-07-31)	pending	
10024	crates/backend/utils/adt/varchar/src/builtins.rs	349	phase1-carve:planner	p1-lanem (banked by evidence-bank 2026-07-31)	pending	
10025	crates/backend/utils/adt/varchar/src/builtins.rs	350	phase1-carve:planner	p1-lanem (banked by evidence-bank 2026-07-31)	pending	
10026	crates/backend/utils/adt/varchar/src/builtins.rs	351	phase1-carve:planner	p1-lanem (banked by evidence-bank 2026-07-31)	pending	
10027	crates/backend/utils/adt/varchar/src/builtins.rs	352	phase1-carve:planner	p1-lanem (banked by evidence-bank 2026-07-31)	pending	
10028	crates/backend/utils/adt/varchar/src/builtins.rs	353	phase1-carve:planner	p1-lanem (banked by evidence-bank 2026-07-31)	pending	
10029	crates/backend/utils/adt/varchar/src/builtins.rs	354	phase1-carve:planner	p1-lanem (banked by evidence-bank 2026-07-31)	pending	
10030	crates/backend/utils/adt/varchar/src/builtins.rs	355	phase1-carve:planner	p1-lanem (banked by evidence-bank 2026-07-31)	pending	
10031	crates/backend/utils/adt/varchar/src/builtins.rs	356	phase1-carve:planner	p1-lanem (banked by evidence-bank 2026-07-31)	pending	
10032	crates/backend/utils/adt/varchar/src/builtins.rs	358	phase1-carve:planner	p1-lanem (banked by evidence-bank 2026-07-31)	pending	
10033	crates/backend/utils/adt/varchar/src/builtins.rs	366	const-table-machinery	p1-lanem (banked by evidence-bank 2026-07-31)	pending	
10034	crates/backend/utils/adt/varchar/src/builtins.rs	367	const-table-machinery	p1-lanem (banked by evidence-bank 2026-07-31)	pending	
10035	crates/backend/utils/adt/varchar/src/builtins.rs	368	const-table-machinery	p1-lanem (banked by evidence-bank 2026-07-31)	pending	
10036	crates/backend/utils/adt/varchar/src/builtins.rs	369	const-table-machinery	p1-lanem (banked by evidence-bank 2026-07-31)	pending	
10037	crates/backend/utils/adt/varchar/src/builtins.rs	370	const-table-machinery	p1-lanem (banked by evidence-bank 2026-07-31)	pending	
10038	crates/backend/utils/adt/varchar/src/builtins.rs	371	const-table-machinery	p1-lanem (banked by evidence-bank 2026-07-31)	pending	
10039	crates/backend/utils/adt/varchar/src/builtins.rs	372	const-table-machinery	p1-lanem (banked by evidence-bank 2026-07-31)	pending	
10040	crates/backend/utils/adt/varchar/src/builtins.rs	373	const-table-machinery	p1-lanem (banked by evidence-bank 2026-07-31)	pending	
10041	crates/backend/utils/adt/varchar/src/builtins.rs	379	const-table-machinery	p1-lanem (banked by evidence-bank 2026-07-31)	pending	
10042	crates/backend/utils/adt/adt_date/src/builtins.rs	99	proof-covered-unmeasured	lane-l	pending	
10043	crates/backend/utils/adt/adt_date/src/builtins.rs	100	proof-covered-unmeasured	lane-l	pending	
10044	crates/backend/utils/adt/adt_date/src/builtins.rs	101	proof-covered-unmeasured	lane-l	pending	
10045	crates/backend/utils/adt/adt_date/src/builtins.rs	102	proof-covered-unmeasured	lane-l	pending	
10046	crates/backend/utils/adt/adt_date/src/builtins.rs	112	proof-covered-unmeasured	lane-l	pending	
10047	crates/backend/utils/adt/adt_date/src/builtins.rs	113	proof-covered-unmeasured	lane-l	pending	
10048	crates/backend/utils/adt/adt_date/src/builtins.rs	114	proof-covered-unmeasured	lane-l	pending	
10049	crates/backend/utils/adt/adt_date/src/builtins.rs	115	proof-covered-unmeasured	lane-l	pending	
10050	crates/backend/utils/adt/adt_date/src/builtins.rs	129	proof-covered-unmeasured	lane-l	pending	
10051	crates/backend/utils/adt/adt_date/src/builtins.rs	130	proof-covered-unmeasured	lane-l	pending	
10052	crates/backend/utils/adt/adt_date/src/builtins.rs	131	proof-covered-unmeasured	lane-l	pending	
10053	crates/backend/utils/adt/adt_date/src/builtins.rs	132	proof-covered-unmeasured	lane-l	pending	
10054	crates/backend/utils/adt/adt_date/src/builtins.rs	155	proof-covered-unmeasured	lane-l	pending	E4-measured
10055	crates/backend/utils/adt/adt_date/src/builtins.rs	156	proof-covered-unmeasured	lane-l	pending	E4-measured
10056	crates/backend/utils/adt/adt_date/src/builtins.rs	157	instrument-unmappable	lane-l	pending	E4-measured
10057	crates/backend/utils/adt/adt_date/src/builtins.rs	158	proof-covered-unmeasured	lane-l	pending	E4-measured
10058	crates/backend/utils/adt/adt_date/src/builtins.rs	159	instrument-unmappable	lane-l	pending	E4-measured
10059	crates/backend/utils/adt/adt_date/src/builtins.rs	160	proof-covered-unmeasured	lane-l	pending	E4-measured
10060	crates/backend/utils/adt/adt_date/src/builtins.rs	170	proof-covered-unmeasured	lane-l	pending	
10061	crates/backend/utils/adt/adt_date/src/builtins.rs	171	proof-covered-unmeasured	lane-l	pending	
10062	crates/backend/utils/adt/adt_date/src/builtins.rs	174	proof-covered-unmeasured	lane-l	pending	E4-measured
10063	crates/backend/utils/adt/adt_date/src/builtins.rs	175	proof-covered-unmeasured	lane-l	pending	E4-measured
10064	crates/backend/utils/adt/adt_date/src/builtins.rs	176	proof-covered-unmeasured	lane-l	pending	E4-measured
10065	crates/backend/utils/adt/adt_date/src/builtins.rs	179	proof-covered-unmeasured	lane-l	pending	E4-measured
10066	crates/backend/utils/adt/adt_date/src/builtins.rs	180	proof-covered-unmeasured	lane-l	pending	E4-measured
10067	crates/backend/utils/adt/adt_date/src/builtins.rs	181	proof-covered-unmeasured	lane-l	pending	E4-measured
10068	crates/backend/utils/adt/adt_date/src/builtins.rs	184	proof-covered-unmeasured	lane-l	pending	
10069	crates/backend/utils/adt/adt_date/src/builtins.rs	185	proof-covered-unmeasured	lane-l	pending	
10070	crates/backend/utils/adt/adt_date/src/builtins.rs	196	proof-covered-unmeasured	lane-l	pending	
10071	crates/backend/utils/adt/adt_date/src/builtins.rs	197	proof-covered-unmeasured	lane-l	pending	
10072	crates/backend/utils/adt/adt_date/src/builtins.rs	200	proof-covered-unmeasured	lane-l	pending	
10073	crates/backend/utils/adt/adt_date/src/builtins.rs	201	proof-covered-unmeasured	lane-l	pending	
10074	crates/backend/utils/adt/adt_date/src/builtins.rs	202	proof-covered-unmeasured	lane-l	pending	
10075	crates/backend/utils/adt/adt_date/src/builtins.rs	203	proof-covered-unmeasured	lane-l	pending	
10076	crates/backend/utils/adt/adt_date/src/builtins.rs	204	proof-covered-unmeasured	lane-l	pending	
10077	crates/backend/utils/adt/adt_date/src/builtins.rs	207	proof-covered-unmeasured	lane-l	pending	
10078	crates/backend/utils/adt/adt_date/src/builtins.rs	208	proof-covered-unmeasured	lane-l	pending	
10079	crates/backend/utils/adt/adt_date/src/builtins.rs	223	proof-covered-unmeasured	lane-l	pending	
10080	crates/backend/utils/adt/adt_date/src/builtins.rs	224	proof-covered-unmeasured	lane-l	pending	
10081	crates/backend/utils/adt/adt_date/src/builtins.rs	225	proof-covered-unmeasured	lane-l	pending	
10082	crates/backend/utils/adt/adt_date/src/builtins.rs	226	proof-covered-unmeasured	lane-l	pending	
10083	crates/backend/utils/adt/adt_date/src/builtins.rs	227	proof-covered-unmeasured	lane-l	pending	
10084	crates/backend/utils/adt/adt_date/src/builtins.rs	230	proof-covered-unmeasured	lane-l	pending	
10085	crates/backend/utils/adt/adt_date/src/builtins.rs	231	proof-covered-unmeasured	lane-l	pending	
10086	crates/backend/utils/adt/adt_date/src/builtins.rs	232	proof-covered-unmeasured	lane-l	pending	
10087	crates/backend/utils/adt/adt_date/src/builtins.rs	233	proof-covered-unmeasured	lane-l	pending	
10088	crates/backend/utils/adt/adt_date/src/builtins.rs	234	proof-covered-unmeasured	lane-l	pending	
10089	crates/backend/utils/adt/adt_date/src/builtins.rs	235	proof-covered-unmeasured	lane-l	pending	
10090	crates/backend/utils/adt/adt_date/src/builtins.rs	259	proof-covered-unmeasured	lane-l	pending	E4-measured
10091	crates/backend/utils/adt/adt_date/src/builtins.rs	260	proof-covered-unmeasured	lane-l	pending	E4-measured
10092	crates/backend/utils/adt/adt_date/src/builtins.rs	261	instrument-unmappable	lane-l	pending	E4-measured
10093	crates/backend/utils/adt/adt_date/src/builtins.rs	262	instrument-unmappable	lane-l	pending	E4-measured
10094	crates/backend/utils/adt/adt_date/src/builtins.rs	263	proof-covered-unmeasured	lane-l	pending	E4-measured
10095	crates/backend/utils/adt/adt_date/src/builtins.rs	264	proof-covered-unmeasured	lane-l	pending	E4-measured
10096	crates/backend/utils/adt/adt_date/src/builtins.rs	265	instrument-unmappable	lane-l	pending	E4-measured
10097	crates/backend/utils/adt/adt_date/src/builtins.rs	266	proof-covered-unmeasured	lane-l	pending	E4-measured
10098	crates/backend/utils/adt/adt_date/src/builtins.rs	267	proof-covered-unmeasured	lane-l	pending	E4-measured
10099	crates/backend/utils/adt/adt_date/src/builtins.rs	268	instrument-unmappable	lane-l	pending	E4-measured
10100	crates/backend/utils/adt/adt_date/src/builtins.rs	269	instrument-unmappable	lane-l	pending	E4-measured
10101	crates/backend/utils/adt/adt_date/src/builtins.rs	270	proof-covered-unmeasured	lane-l	pending	E4-measured
10102	crates/backend/utils/adt/adt_date/src/builtins.rs	271	proof-covered-unmeasured	lane-l	pending	E4-measured
10103	crates/backend/utils/adt/adt_date/src/builtins.rs	272	instrument-unmappable	lane-l	pending	E4-measured
10104	crates/backend/utils/adt/adt_date/src/builtins.rs	273	proof-covered-unmeasured	lane-l	pending	E4-measured
10105	crates/backend/utils/adt/adt_date/src/builtins.rs	274	proof-covered-unmeasured	lane-l	pending	E4-measured
10106	crates/backend/utils/adt/adt_date/src/builtins.rs	275	instrument-unmappable	lane-l	pending	E4-measured
10107	crates/backend/utils/adt/adt_date/src/builtins.rs	276	instrument-unmappable	lane-l	pending	E4-measured
10108	crates/backend/utils/adt/adt_date/src/builtins.rs	277	proof-covered-unmeasured	lane-l	pending	E4-measured
10109	crates/backend/utils/adt/adt_date/src/builtins.rs	278	proof-covered-unmeasured	lane-l	pending	E4-measured
10110	crates/backend/utils/adt/adt_date/src/builtins.rs	279	instrument-unmappable	lane-l	pending	E4-measured
10111	crates/backend/utils/adt/adt_date/src/builtins.rs	280	proof-covered-unmeasured	lane-l	pending	E4-measured
10112	crates/backend/utils/adt/adt_date/src/builtins.rs	281	proof-covered-unmeasured	lane-l	pending	E4-measured
10113	crates/backend/utils/adt/adt_date/src/builtins.rs	282	instrument-unmappable	lane-l	pending	E4-measured
10114	crates/backend/utils/adt/adt_date/src/builtins.rs	283	instrument-unmappable	lane-l	pending	E4-measured
10115	crates/backend/utils/adt/adt_date/src/builtins.rs	284	proof-covered-unmeasured	lane-l	pending	E4-measured
10116	crates/backend/utils/adt/adt_date/src/builtins.rs	285	proof-covered-unmeasured	lane-l	pending	E4-measured
10117	crates/backend/utils/adt/adt_date/src/builtins.rs	286	instrument-unmappable	lane-l	pending	E4-measured
10118	crates/backend/utils/adt/adt_date/src/builtins.rs	328	proof-covered-unmeasured	lane-l	pending	E4-measured
10119	crates/backend/utils/adt/adt_date/src/builtins.rs	329	proof-covered-unmeasured	lane-l	pending	E4-measured
10120	crates/backend/utils/adt/adt_date/src/builtins.rs	330	instrument-unmappable	lane-l	pending	E4-measured
10121	crates/backend/utils/adt/adt_date/src/builtins.rs	331	proof-covered-unmeasured	lane-l	pending	E4-measured
10122	crates/backend/utils/adt/adt_date/src/builtins.rs	332	instrument-unmappable	lane-l	pending	E4-measured
10123	crates/backend/utils/adt/adt_date/src/builtins.rs	333	proof-covered-unmeasured	lane-l	pending	E4-measured
10124	crates/backend/utils/adt/adt_date/src/builtins.rs	343	proof-covered-unmeasured	lane-l	pending	
10125	crates/backend/utils/adt/adt_date/src/builtins.rs	344	proof-covered-unmeasured	lane-l	pending	
10126	crates/backend/utils/adt/adt_date/src/builtins.rs	345	proof-covered-unmeasured	lane-l	pending	
10127	crates/backend/utils/adt/adt_date/src/builtins.rs	348	proof-covered-unmeasured	lane-l	pending	
10128	crates/backend/utils/adt/adt_date/src/builtins.rs	349	proof-covered-unmeasured	lane-l	pending	
10129	crates/backend/utils/adt/adt_date/src/builtins.rs	350	proof-covered-unmeasured	lane-l	pending	
10130	crates/backend/utils/adt/adt_date/src/builtins.rs	351	proof-covered-unmeasured	lane-l	pending	
10131	crates/backend/utils/adt/adt_date/src/builtins.rs	352	proof-covered-unmeasured	lane-l	pending	
10132	crates/backend/utils/adt/adt_date/src/builtins.rs	353	proof-covered-unmeasured	lane-l	pending	
10133	crates/backend/utils/adt/adt_date/src/builtins.rs	354	proof-covered-unmeasured	lane-l	pending	
10134	crates/backend/utils/adt/adt_date/src/builtins.rs	358	proof-covered-unmeasured	lane-l	pending	E4-measured
10135	crates/backend/utils/adt/adt_date/src/builtins.rs	359	proof-covered-unmeasured	lane-l	pending	E4-measured
10136	crates/backend/utils/adt/adt_date/src/builtins.rs	360	proof-covered-unmeasured	lane-l	pending	E4-measured
10137	crates/backend/utils/adt/adt_date/src/builtins.rs	363	proof-covered-unmeasured	lane-l	pending	E4-measured
10138	crates/backend/utils/adt/adt_date/src/builtins.rs	364	proof-covered-unmeasured	lane-l	pending	E4-measured
10139	crates/backend/utils/adt/adt_date/src/builtins.rs	365	proof-covered-unmeasured	lane-l	pending	E4-measured
10140	crates/backend/utils/adt/adt_date/src/builtins.rs	368	proof-covered-unmeasured	lane-l	pending	
10141	crates/backend/utils/adt/adt_date/src/builtins.rs	369	proof-covered-unmeasured	lane-l	pending	
10142	crates/backend/utils/adt/adt_date/src/builtins.rs	386	proof-covered-unmeasured	lane-l	pending	
10143	crates/backend/utils/adt/adt_date/src/builtins.rs	387	proof-covered-unmeasured	lane-l	pending	
10144	crates/backend/utils/adt/adt_date/src/builtins.rs	412	proof-covered-unmeasured	lane-l	pending	E4-measured
10145	crates/backend/utils/adt/adt_date/src/builtins.rs	413	proof-covered-unmeasured	lane-l	pending	E4-measured
10146	crates/backend/utils/adt/adt_date/src/builtins.rs	414	instrument-unmappable	lane-l	pending	E4-measured
10147	crates/backend/utils/adt/adt_date/src/builtins.rs	415	proof-covered-unmeasured	lane-l	pending	E4-measured
10148	crates/backend/utils/adt/adt_date/src/builtins.rs	416	instrument-unmappable	lane-l	pending	E4-measured
10149	crates/backend/utils/adt/adt_date/src/builtins.rs	417	proof-covered-unmeasured	lane-l	pending	E4-measured
10150	crates/backend/utils/adt/adt_date/src/builtins.rs	426	proof-covered-unmeasured	lane-l	pending	
10151	crates/backend/utils/adt/adt_date/src/builtins.rs	427	proof-covered-unmeasured	lane-l	pending	
10152	crates/backend/utils/adt/adt_date/src/builtins.rs	429	proof-covered-unmeasured	lane-l	pending	
10153	crates/backend/utils/adt/adt_date/src/builtins.rs	430	proof-covered-unmeasured	lane-l	pending	
10154	crates/backend/utils/adt/adt_date/src/builtins.rs	431	proof-covered-unmeasured	lane-l	pending	
10155	crates/backend/utils/adt/adt_date/src/builtins.rs	434	proof-covered-unmeasured	lane-l	pending	
10156	crates/backend/utils/adt/adt_date/src/builtins.rs	435	proof-covered-unmeasured	lane-l	pending	
10157	crates/backend/utils/adt/adt_date/src/builtins.rs	436	proof-covered-unmeasured	lane-l	pending	
10158	crates/backend/utils/adt/adt_date/src/builtins.rs	437	proof-covered-unmeasured	lane-l	pending	
10159	crates/backend/utils/adt/adt_date/src/builtins.rs	438	proof-covered-unmeasured	lane-l	pending	
10160	crates/backend/utils/adt/adt_date/src/builtins.rs	439	proof-covered-unmeasured	lane-l	pending	
10161	crates/backend/utils/adt/adt_date/src/builtins.rs	440	proof-covered-unmeasured	lane-l	pending	
10162	crates/backend/utils/adt/adt_date/src/builtins.rs	441	proof-covered-unmeasured	lane-l	pending	
10163	crates/backend/utils/adt/adt_date/src/builtins.rs	442	proof-covered-unmeasured	lane-l	pending	
10164	crates/backend/utils/adt/adt_date/src/builtins.rs	445	proof-covered-unmeasured	lane-l	pending	E4-measured
10165	crates/backend/utils/adt/adt_date/src/builtins.rs	446	proof-covered-unmeasured	lane-l	pending	E4-measured
10166	crates/backend/utils/adt/adt_date/src/builtins.rs	447	proof-covered-unmeasured	lane-l	pending	E4-measured
10167	crates/backend/utils/adt/adt_date/src/builtins.rs	449	proof-covered-unmeasured	lane-l	pending	E4-measured
10168	crates/backend/utils/adt/adt_date/src/builtins.rs	450	proof-covered-unmeasured	lane-l	pending	E4-measured
10169	crates/backend/utils/adt/adt_date/src/builtins.rs	453	proof-covered-unmeasured	lane-l	pending	E4-measured
10170	crates/backend/utils/adt/adt_date/src/builtins.rs	454	proof-covered-unmeasured	lane-l	pending	E4-measured
10171	crates/backend/utils/adt/adt_date/src/builtins.rs	455	proof-covered-unmeasured	lane-l	pending	E4-measured
10172	crates/backend/utils/adt/adt_date/src/builtins.rs	456	proof-covered-unmeasured	lane-l	pending	E4-measured
10173	crates/backend/utils/adt/adt_date/src/builtins.rs	457	proof-covered-unmeasured	lane-l	pending	E4-measured
10174	crates/backend/utils/adt/adt_date/src/builtins.rs	460	proof-covered-unmeasured	lane-l	pending	
10175	crates/backend/utils/adt/adt_date/src/builtins.rs	461	proof-covered-unmeasured	lane-l	pending	
10176	crates/backend/utils/adt/adt_date/src/builtins.rs	464	proof-covered-unmeasured	lane-l	pending	
10177	crates/backend/utils/adt/adt_date/src/builtins.rs	465	proof-covered-unmeasured	lane-l	pending	
10178	crates/backend/utils/adt/adt_date/src/builtins.rs	466	proof-covered-unmeasured	lane-l	pending	
10179	crates/backend/utils/adt/adt_date/src/builtins.rs	528	proof-covered-unmeasured	lane-l	pending	
10180	crates/backend/utils/adt/adt_date/src/builtins.rs	529	proof-covered-unmeasured	lane-l	pending	
10181	crates/backend/utils/adt/adt_date/src/builtins.rs	530	proof-covered-unmeasured	lane-l	pending	
10182	crates/backend/utils/adt/adt_date/src/builtins.rs	531	proof-covered-unmeasured	lane-l	pending	
10183	crates/backend/utils/adt/adt_date/src/builtins.rs	545	proof-covered-unmeasured	lane-l	pending	
10184	crates/backend/utils/adt/adt_date/src/builtins.rs	546	proof-covered-unmeasured	lane-l	pending	
10185	crates/backend/utils/adt/adt_date/src/builtins.rs	547	instrument-unmappable	lane-l	pending	
10186	crates/backend/utils/adt/adt_date/src/builtins.rs	548	proof-covered-unmeasured	lane-l	pending	
10187	crates/backend/utils/adt/adt_date/src/builtins.rs	549	instrument-unmappable	lane-l	pending	
10188	crates/backend/utils/adt/adt_date/src/builtins.rs	550	proof-covered-unmeasured	lane-l	pending	
10189	crates/backend/utils/adt/adt_date/src/builtins.rs	560	proof-covered-unmeasured	lane-l	pending	
10190	crates/backend/utils/adt/adt_date/src/builtins.rs	561	proof-covered-unmeasured	lane-l	pending	
10191	crates/backend/utils/adt/adt_date/src/builtins.rs	562	proof-covered-unmeasured	lane-l	pending	
10192	crates/backend/utils/adt/adt_date/src/builtins.rs	565	proof-covered-unmeasured	lane-l	pending	
10193	crates/backend/utils/adt/adt_date/src/builtins.rs	566	proof-covered-unmeasured	lane-l	pending	
10194	crates/backend/utils/adt/adt_date/src/builtins.rs	567	proof-covered-unmeasured	lane-l	pending	
10195	crates/backend/utils/adt/adt_date/src/builtins.rs	568	proof-covered-unmeasured	lane-l	pending	
10196	crates/backend/utils/adt/adt_date/src/builtins.rs	569	proof-covered-unmeasured	lane-l	pending	
10197	crates/backend/utils/adt/adt_date/src/builtins.rs	570	proof-covered-unmeasured	lane-l	pending	
10198	crates/backend/utils/adt/adt_date/src/builtins.rs	571	proof-covered-unmeasured	lane-l	pending	
10199	crates/backend/utils/adt/adt_date/src/builtins.rs	572	proof-covered-unmeasured	lane-l	pending	
10200	crates/backend/utils/adt/adt_date/src/builtins.rs	573	proof-covered-unmeasured	lane-l	pending	
10201	crates/backend/utils/adt/adt_date/src/builtins.rs	576	proof-covered-unmeasured	lane-l	pending	E4-measured
10202	crates/backend/utils/adt/adt_date/src/builtins.rs	577	proof-covered-unmeasured	lane-l	pending	E4-measured
10203	crates/backend/utils/adt/adt_date/src/builtins.rs	578	proof-covered-unmeasured	lane-l	pending	E4-measured
10204	crates/backend/utils/adt/adt_date/src/builtins.rs	581	proof-covered-unmeasured	lane-l	pending	E4-measured
10205	crates/backend/utils/adt/adt_date/src/builtins.rs	582	proof-covered-unmeasured	lane-l	pending	E4-measured
10206	crates/backend/utils/adt/adt_date/src/builtins.rs	583	proof-covered-unmeasured	lane-l	pending	E4-measured
10207	crates/backend/utils/adt/adt_date/src/builtins.rs	586	proof-covered-unmeasured	lane-l	pending	E4-measured
10208	crates/backend/utils/adt/adt_date/src/builtins.rs	587	proof-covered-unmeasured	lane-l	pending	E4-measured
10209	crates/backend/utils/adt/adt_date/src/builtins.rs	588	proof-covered-unmeasured	lane-l	pending	E4-measured
10210	crates/backend/utils/adt/adt_date/src/builtins.rs	607	proof-covered-unmeasured	lane-l	pending	
10211	crates/backend/utils/adt/adt_date/src/builtins.rs	608	proof-covered-unmeasured	lane-l	pending	
10212	crates/backend/utils/adt/adt_date/src/builtins.rs	609	proof-covered-unmeasured	lane-l	pending	
10213	crates/backend/utils/adt/adt_date/src/builtins.rs	610	proof-covered-unmeasured	lane-l	pending	
10214	crates/backend/utils/adt/adt_date/src/builtins.rs	611	proof-covered-unmeasured	lane-l	pending	
10215	crates/backend/utils/adt/adt_date/src/builtins.rs	614	proof-covered-unmeasured	lane-l	pending	
10216	crates/backend/utils/adt/adt_date/src/builtins.rs	615	proof-covered-unmeasured	lane-l	pending	
10217	crates/backend/utils/adt/adt_date/src/builtins.rs	616	proof-covered-unmeasured	lane-l	pending	
10218	crates/backend/utils/adt/adt_date/src/builtins.rs	617	proof-covered-unmeasured	lane-l	pending	
10219	crates/backend/utils/adt/adt_date/src/builtins.rs	618	proof-covered-unmeasured	lane-l	pending	
10220	crates/backend/utils/adt/adt_date/src/builtins.rs	621	proof-covered-unmeasured	lane-l	pending	
10221	crates/backend/utils/adt/adt_date/src/builtins.rs	622	proof-covered-unmeasured	lane-l	pending	
10222	crates/backend/utils/adt/adt_date/src/builtins.rs	623	proof-covered-unmeasured	lane-l	pending	
10223	crates/backend/utils/adt/adt_date/src/builtins.rs	624	proof-covered-unmeasured	lane-l	pending	
10224	crates/backend/utils/adt/adt_date/src/builtins.rs	625	proof-covered-unmeasured	lane-l	pending	
10225	crates/backend/utils/adt/adt_date/src/builtins.rs	626	proof-covered-unmeasured	lane-l	pending	
10226	crates/backend/utils/adt/adt_date/src/builtins.rs	629	proof-covered-unmeasured	lane-l	pending	
10227	crates/backend/utils/adt/adt_date/src/builtins.rs	630	proof-covered-unmeasured	lane-l	pending	
10228	crates/backend/utils/adt/adt_date/src/builtins.rs	631	proof-covered-unmeasured	lane-l	pending	
10229	crates/backend/utils/adt/adt_date/src/builtins.rs	632	proof-covered-unmeasured	lane-l	pending	
10230	crates/backend/utils/adt/adt_date/src/builtins.rs	633	proof-covered-unmeasured	lane-l	pending	
10231	crates/backend/utils/adt/adt_date/src/builtins.rs	634	proof-covered-unmeasured	lane-l	pending	
10232	crates/backend/utils/adt/adt_date/src/builtins.rs	637	proof-covered-unmeasured	lane-l	pending	
10233	crates/backend/utils/adt/adt_date/src/builtins.rs	638	proof-covered-unmeasured	lane-l	pending	
10234	crates/backend/utils/adt/adt_date/src/builtins.rs	639	proof-covered-unmeasured	lane-l	pending	
10235	crates/backend/utils/adt/adt_date/src/builtins.rs	640	proof-covered-unmeasured	lane-l	pending	
10236	crates/backend/utils/adt/adt_date/src/builtins.rs	641	proof-covered-unmeasured	lane-l	pending	
10237	crates/backend/utils/adt/adt_date/src/builtins.rs	642	proof-covered-unmeasured	lane-l	pending	
10238	crates/backend/utils/adt/adt_date/src/builtins.rs	645	proof-covered-unmeasured	lane-l	pending	
10239	crates/backend/utils/adt/adt_date/src/builtins.rs	646	proof-covered-unmeasured	lane-l	pending	
10240	crates/backend/utils/adt/adt_date/src/builtins.rs	647	proof-covered-unmeasured	lane-l	pending	
10241	crates/backend/utils/adt/adt_date/src/builtins.rs	650	proof-covered-unmeasured	lane-l	pending	
10242	crates/backend/utils/adt/adt_date/src/builtins.rs	651	proof-covered-unmeasured	lane-l	pending	
10243	crates/backend/utils/adt/adt_date/src/builtins.rs	706	proof-covered-unmeasured	lane-l	pending	
10244	crates/backend/utils/adt/adt_date/src/builtins.rs	707	proof-covered-unmeasured	lane-l	pending	
10245	crates/backend/utils/adt/adt_date/src/builtins.rs	708	proof-covered-unmeasured	lane-l	pending	
10246	crates/backend/utils/adt/adt_date/src/builtins.rs	709	proof-covered-unmeasured	lane-l	pending	
10247	crates/backend/utils/adt/adt_date/src/builtins.rs	722	proof-covered-unmeasured	lane-l	pending	
10248	crates/backend/utils/adt/adt_date/src/builtins.rs	723	proof-covered-unmeasured	lane-l	pending	
10249	crates/backend/utils/adt/adt_date/src/builtins.rs	724	instrument-unmappable	lane-l	pending	
10250	crates/backend/utils/adt/adt_date/src/builtins.rs	725	proof-covered-unmeasured	lane-l	pending	
10251	crates/backend/utils/adt/adt_date/src/builtins.rs	726	instrument-unmappable	lane-l	pending	
10252	crates/backend/utils/adt/adt_date/src/builtins.rs	727	proof-covered-unmeasured	lane-l	pending	
10253	crates/backend/utils/adt/adt_date/src/builtins.rs	737	proof-covered-unmeasured	lane-l	pending	
10254	crates/backend/utils/adt/adt_date/src/builtins.rs	738	proof-covered-unmeasured	lane-l	pending	
10255	crates/backend/utils/adt/adt_date/src/builtins.rs	739	proof-covered-unmeasured	lane-l	pending	
10256	crates/backend/utils/adt/adt_date/src/builtins.rs	742	proof-covered-unmeasured	lane-l	pending	
10257	crates/backend/utils/adt/adt_date/src/builtins.rs	743	proof-covered-unmeasured	lane-l	pending	
10258	crates/backend/utils/adt/adt_date/src/builtins.rs	744	proof-covered-unmeasured	lane-l	pending	
10259	crates/backend/utils/adt/adt_date/src/builtins.rs	745	proof-covered-unmeasured	lane-l	pending	
10260	crates/backend/utils/adt/adt_date/src/builtins.rs	746	proof-covered-unmeasured	lane-l	pending	
10261	crates/backend/utils/adt/adt_date/src/builtins.rs	747	proof-covered-unmeasured	lane-l	pending	
10262	crates/backend/utils/adt/adt_date/src/builtins.rs	748	proof-covered-unmeasured	lane-l	pending	
10263	crates/backend/utils/adt/adt_date/src/builtins.rs	752	proof-covered-unmeasured	lane-l	pending	
10264	crates/backend/utils/adt/adt_date/src/builtins.rs	753	proof-covered-unmeasured	lane-l	pending	
10265	crates/backend/utils/adt/adt_date/src/builtins.rs	756	proof-covered-unmeasured	lane-l	pending	
10266	crates/backend/utils/adt/adt_date/src/builtins.rs	757	proof-covered-unmeasured	lane-l	pending	
10267	crates/backend/utils/adt/adt_date/src/builtins.rs	758	proof-covered-unmeasured	lane-l	pending	
10268	crates/backend/utils/adt/adt_date/src/builtins.rs	759	proof-covered-unmeasured	lane-l	pending	
10269	crates/backend/utils/adt/adt_date/src/builtins.rs	760	proof-covered-unmeasured	lane-l	pending	
10270	crates/backend/utils/adt/adt_date/src/builtins.rs	768	proof-covered-unmeasured	lane-l	pending	E4-measured
10271	crates/backend/utils/adt/adt_date/src/builtins.rs	769	proof-covered-unmeasured	lane-l	pending	E4-measured
10272	crates/backend/utils/adt/adt_date/src/builtins.rs	770	proof-covered-unmeasured	lane-l	pending	E4-measured
10273	crates/backend/utils/adt/adt_date/src/builtins.rs	771	proof-covered-unmeasured	lane-l	pending	E4-measured
10274	crates/backend/utils/adt/adt_date/src/builtins.rs	772	proof-covered-unmeasured	lane-l	pending	E4-measured
10275	crates/backend/utils/adt/adt_date/src/builtins.rs	773	proof-covered-unmeasured	lane-l	pending	E4-measured
10276	crates/backend/utils/adt/adt_date/src/builtins.rs	776	proof-covered-unmeasured	lane-l	pending	E4-measured
10277	crates/backend/utils/adt/adt_date/src/builtins.rs	777	proof-covered-unmeasured	lane-l	pending	E4-measured
10278	crates/backend/utils/adt/adt_date/src/builtins.rs	778	proof-covered-unmeasured	lane-l	pending	E4-measured
10279	crates/backend/utils/adt/adt_date/src/builtins.rs	779	proof-covered-unmeasured	lane-l	pending	E4-measured
10280	crates/backend/utils/adt/adt_date/src/builtins.rs	780	proof-covered-unmeasured	lane-l	pending	E4-measured
10281	crates/backend/utils/adt/adt_date/src/builtins.rs	781	proof-covered-unmeasured	lane-l	pending	E4-measured
10282	crates/backend/utils/adt/adt_date/src/builtins.rs	784	proof-covered-unmeasured	lane-l	pending	
10283	crates/backend/utils/adt/adt_date/src/builtins.rs	785	proof-covered-unmeasured	lane-l	pending	
10284	crates/backend/utils/adt/adt_date/src/builtins.rs	786	proof-covered-unmeasured	lane-l	pending	
10285	crates/backend/utils/adt/adt_date/src/builtins.rs	787	proof-covered-unmeasured	lane-l	pending	
10286	crates/backend/utils/adt/adt_date/src/builtins.rs	788	proof-covered-unmeasured	lane-l	pending	
10287	crates/backend/utils/adt/adt_date/src/builtins.rs	789	proof-covered-unmeasured	lane-l	pending	
10288	crates/backend/utils/adt/adt_date/src/builtins.rs	790	proof-covered-unmeasured	lane-l	pending	
10289	crates/backend/utils/adt/adt_date/src/builtins.rs	791	proof-covered-unmeasured	lane-l	pending	
10290	crates/backend/utils/adt/adt_date/src/builtins.rs	792	proof-covered-unmeasured	lane-l	pending	
10291	crates/backend/utils/adt/adt_date/src/builtins.rs	793	proof-covered-unmeasured	lane-l	pending	
10292	crates/backend/utils/adt/adt_date/src/builtins.rs	796	proof-covered-unmeasured	lane-l	pending	
10293	crates/backend/utils/adt/adt_date/src/builtins.rs	797	proof-covered-unmeasured	lane-l	pending	
10294	crates/backend/utils/adt/adt_date/src/builtins.rs	798	proof-covered-unmeasured	lane-l	pending	
10295	crates/backend/utils/adt/adt_date/src/builtins.rs	799	proof-covered-unmeasured	lane-l	pending	
10296	crates/backend/utils/adt/adt_date/src/builtins.rs	800	proof-covered-unmeasured	lane-l	pending	
10297	crates/backend/utils/adt/adt_date/src/builtins.rs	801	proof-covered-unmeasured	lane-l	pending	
10298	crates/backend/utils/adt/adt_date/src/builtins.rs	802	proof-covered-unmeasured	lane-l	pending	
10299	crates/backend/utils/adt/adt_date/src/builtins.rs	803	proof-covered-unmeasured	lane-l	pending	
10300	crates/backend/utils/adt/adt_date/src/builtins.rs	804	proof-covered-unmeasured	lane-l	pending	
10301	crates/backend/utils/adt/adt_date/src/builtins.rs	805	proof-covered-unmeasured	lane-l	pending	
10302	crates/backend/utils/adt/adt_date/src/builtins.rs	816	proof-covered-unmeasured	lane-l	pending	E4-measured
10303	crates/backend/utils/adt/adt_date/src/builtins.rs	817	proof-covered-unmeasured	lane-l	pending	E4-measured
10304	crates/backend/utils/adt/adt_date/src/builtins.rs	818	proof-covered-unmeasured	lane-l	pending	E4-measured
10305	crates/backend/utils/adt/adt_date/src/builtins.rs	821	proof-covered-unmeasured	lane-l	pending	E4-measured
10306	crates/backend/utils/adt/adt_date/src/builtins.rs	822	proof-covered-unmeasured	lane-l	pending	E4-measured
10307	crates/backend/utils/adt/adt_date/src/builtins.rs	823	proof-covered-unmeasured	lane-l	pending	E4-measured
10308	crates/backend/utils/adt/adt_date/src/builtins.rs	826	proof-covered-unmeasured	lane-l	pending	E4-measured
10309	crates/backend/utils/adt/adt_date/src/builtins.rs	827	proof-covered-unmeasured	lane-l	pending	E4-measured
10310	crates/backend/utils/adt/adt_date/src/builtins.rs	828	proof-covered-unmeasured	lane-l	pending	E4-measured
10311	crates/backend/utils/adt/adt_date/src/builtins.rs	831	proof-covered-unmeasured	lane-l	pending	E4-measured
10312	crates/backend/utils/adt/adt_date/src/builtins.rs	832	proof-covered-unmeasured	lane-l	pending	E4-measured
10313	crates/backend/utils/adt/adt_date/src/builtins.rs	833	proof-covered-unmeasured	lane-l	pending	E4-measured
10314	crates/backend/utils/adt/adt_date/src/builtins.rs	836	proof-covered-unmeasured	lane-l	pending	E4-measured
10315	crates/backend/utils/adt/adt_date/src/builtins.rs	837	proof-covered-unmeasured	lane-l	pending	E4-measured
10316	crates/backend/utils/adt/adt_date/src/builtins.rs	838	proof-covered-unmeasured	lane-l	pending	E4-measured
10317	crates/backend/utils/adt/adt_date/src/builtins.rs	839	proof-covered-unmeasured	lane-l	pending	E4-measured
10318	crates/backend/utils/adt/adt_date/src/builtins.rs	842	proof-covered-unmeasured	lane-l	pending	E4-measured
10319	crates/backend/utils/adt/adt_date/src/builtins.rs	843	proof-covered-unmeasured	lane-l	pending	E4-measured
10320	crates/backend/utils/adt/adt_date/src/builtins.rs	844	proof-covered-unmeasured	lane-l	pending	E4-measured
10321	crates/backend/utils/adt/adt_date/src/builtins.rs	845	proof-covered-unmeasured	lane-l	pending	E4-measured
10322	crates/backend/utils/adt/adt_date/src/builtins.rs	848	proof-covered-unmeasured	lane-l	pending	
10323	crates/backend/utils/adt/adt_date/src/builtins.rs	849	proof-covered-unmeasured	lane-l	pending	
10324	crates/backend/utils/adt/adt_date/src/builtins.rs	852	proof-covered-unmeasured	lane-l	pending	
10325	crates/backend/utils/adt/adt_date/src/builtins.rs	853	proof-covered-unmeasured	lane-l	pending	
10326	crates/backend/utils/adt/adt_date/src/builtins.rs	856	proof-covered-unmeasured	lane-l	pending	
10327	crates/backend/utils/adt/adt_date/src/builtins.rs	857	proof-covered-unmeasured	lane-l	pending	
10328	crates/backend/utils/adt/adt_date/src/builtins.rs	881	instrument-unmappable	lane-l	pending	
10329	crates/backend/utils/adt/adt_date/src/builtins.rs	882	proof-covered-unmeasured	lane-l	pending	
10330	crates/backend/utils/adt/adt_date/src/builtins.rs	883	proof-covered-unmeasured	lane-l	pending	
10331	crates/backend/utils/adt/adt_date/src/builtins.rs	884	instrument-unmappable	lane-l	pending	
10332	crates/backend/utils/adt/adt_date/src/builtins.rs	885	proof-covered-unmeasured	lane-l	pending	
10333	crates/backend/utils/adt/adt_date/src/builtins.rs	886	proof-covered-unmeasured	lane-l	pending	
10334	crates/backend/utils/adt/adt_date/src/builtins.rs	887	instrument-unmappable	lane-l	pending	
10335	crates/backend/utils/adt/adt_date/src/builtins.rs	888	instrument-unmappable	lane-l	pending	
10336	crates/backend/utils/adt/adt_date/src/builtins.rs	889	proof-covered-unmeasured	lane-l	pending	
10337	crates/backend/utils/adt/adt_date/src/builtins.rs	890	proof-covered-unmeasured	lane-l	pending	
10338	crates/backend/utils/adt/adt_date/src/builtins.rs	891	instrument-unmappable	lane-l	pending	
10339	crates/backend/utils/adt/adt_date/src/builtins.rs	892	proof-covered-unmeasured	lane-l	pending	
10340	crates/backend/utils/adt/adt_date/src/builtins.rs	893	proof-covered-unmeasured	lane-l	pending	
10341	crates/backend/utils/adt/adt_date/src/builtins.rs	894	instrument-unmappable	lane-l	pending	
10342	crates/backend/utils/adt/adt_date/src/builtins.rs	897	proof-covered-unmeasured	lane-l	pending	
10343	crates/backend/utils/adt/adt_date/src/builtins.rs	898	proof-covered-unmeasured	lane-l	pending	
10344	crates/backend/utils/adt/adt_date/src/builtins.rs	899	proof-covered-unmeasured	lane-l	pending	
10345	crates/backend/utils/adt/adt_date/src/builtins.rs	900	proof-covered-unmeasured	lane-l	pending	
10346	crates/backend/utils/adt/adt_date/src/builtins.rs	901	proof-covered-unmeasured	lane-l	pending	
10347	crates/backend/utils/adt/adt_date/src/builtins.rs	904	proof-covered-unmeasured	lane-l	pending	
10348	crates/backend/utils/adt/adt_date/src/builtins.rs	905	proof-covered-unmeasured	lane-l	pending	
10349	crates/backend/utils/adt/adt_date/src/builtins.rs	906	proof-covered-unmeasured	lane-l	pending	
10350	crates/backend/utils/adt/adt_date/src/builtins.rs	907	proof-covered-unmeasured	lane-l	pending	
10351	crates/backend/utils/adt/adt_date/src/builtins.rs	908	proof-covered-unmeasured	lane-l	pending	
10352	crates/backend/utils/adt/adt_date/src/builtins.rs	911	excluded-state	lane-l	pending	
10353	crates/backend/utils/adt/adt_date/src/builtins.rs	913	excluded-state	lane-l	pending	
10354	crates/backend/utils/adt/adt_date/src/builtins.rs	914	excluded-state	lane-l	pending	
10355	crates/backend/utils/adt/adt_date/src/builtins.rs	915	excluded-state	lane-l	pending	
10356	crates/backend/utils/adt/adt_date/src/builtins.rs	918	proof-covered-unmeasured	lane-l	pending	
10357	crates/backend/utils/adt/adt_date/src/builtins.rs	919	proof-covered-unmeasured	lane-l	pending	
10358	crates/backend/utils/adt/adt_date/src/builtins.rs	920	proof-covered-unmeasured	lane-l	pending	
10359	crates/backend/utils/adt/adt_date/src/builtins.rs	921	proof-covered-unmeasured	lane-l	pending	
10360	crates/backend/utils/adt/adt_date/src/builtins.rs	924	excluded-state	lane-l	pending	
10361	crates/backend/utils/adt/adt_date/src/builtins.rs	925	excluded-state	lane-l	pending	
10362	crates/backend/utils/adt/adt_date/src/builtins.rs	926	excluded-state	lane-l	pending	
10363	crates/backend/utils/adt/adt_date/src/builtins.rs	953	instrument-unmappable	lane-l	pending	
10364	crates/backend/utils/adt/adt_date/src/builtins.rs	954	instrument-unmappable	lane-l	pending	
10365	crates/backend/utils/adt/adt_date/src/builtins.rs	955	instrument-unmappable	lane-l	pending	
10366	crates/backend/utils/adt/adt_date/src/builtins.rs	956	instrument-unmappable	lane-l	pending	
10367	crates/backend/utils/adt/adt_date/src/builtins.rs	968	proof-covered-unmeasured	lane-l	pending	
10368	crates/backend/utils/adt/adt_date/src/builtins.rs	969	proof-covered-unmeasured	lane-l	pending	
10369	crates/backend/utils/adt/adt_date/src/builtins.rs	970	proof-covered-unmeasured	lane-l	pending	
10370	crates/backend/utils/adt/adt_date/src/builtins.rs	973	excluded-state	lane-l	pending	
10371	crates/backend/utils/adt/adt_date/src/builtins.rs	974	excluded-state	lane-l	pending	
10372	crates/backend/utils/adt/adt_date/src/builtins.rs	998	instrument-unmappable	lane-l	pending	
10373	crates/backend/utils/adt/adt_date/src/builtins.rs	1150	const-eval-only	lane-l	pending	
10374	crates/backend/utils/adt/adt_date/src/builtins.rs	1151	const-eval-only	lane-l	pending	
10375	crates/backend/utils/adt/adt_date/src/builtins.rs	1154	const-eval-only	lane-l	pending	
10376	crates/backend/utils/adt/adt_date/src/builtins.rs	1155	const-eval-only	lane-l	pending	
10377	crates/backend/utils/adt/adt_date/src/builtins.rs	1160	instrument-unmappable	lane-l	pending	
10378	crates/backend/utils/adt/adt_date/src/interval_corpus.rs	5	instrument-unmappable	lane-l	pending	
10379	crates/backend/utils/adt/adt_date/src/interval_corpus.rs	477	instrument-unmappable	lane-l	pending	
10380	crates/backend/utils/adt/adt_date/src/interval_corpus.rs	510	instrument-unmappable	lane-l	pending	
10381	crates/backend/utils/adt/adt_date/src/interval_corpus.rs	529	instrument-unmappable	lane-l	pending	
10382	crates/backend/utils/adt/adt_date/src/interval_corpus.rs	548	instrument-unmappable	lane-l	pending	
10383	crates/backend/utils/adt/adt_date/src/interval_corpus.rs	567	instrument-unmappable	lane-l	pending	
10384	crates/backend/utils/adt/adt_date/src/interval_corpus.rs	591	instrument-unmappable	lane-l	pending	
10385	crates/backend/utils/adt/adt_date/src/interval_corpus.rs	1440	instrument-unmappable	lane-l	pending	
10386	crates/backend/utils/adt/adt_date/src/interval_corpus.rs	1466	instrument-unmappable	lane-l	pending	
10387	crates/backend/utils/adt/adt_date/src/lib.rs	275	defensive-c-parity	lane-l	pending	
10388	crates/backend/utils/adt/adt_date/src/lib.rs	357	proof-covered-unmeasured	lane-l	pending	
10389	crates/backend/utils/adt/adt_date/src/lib.rs	358	proof-covered-unmeasured	lane-l	pending	
10390	crates/backend/utils/adt/adt_date/src/lib.rs	359	proof-covered-unmeasured	lane-l	pending	
10391	crates/backend/utils/adt/adt_date/src/lib.rs	360	proof-covered-unmeasured	lane-l	pending	
10392	crates/backend/utils/adt/adt_date/src/lib.rs	361	proof-covered-unmeasured	lane-l	pending	
10393	crates/backend/utils/adt/adt_date/src/lib.rs	364	proof-covered-unmeasured	lane-l	pending	E4-measured
10394	crates/backend/utils/adt/adt_date/src/lib.rs	466	proof-covered-unmeasured	lane-l	pending	
10395	crates/backend/utils/adt/adt_date/src/lib.rs	467	proof-covered-unmeasured	lane-l	pending	
10396	crates/backend/utils/adt/adt_date/src/lib.rs	468	proof-covered-unmeasured	lane-l	pending	
10397	crates/backend/utils/adt/adt_date/src/lib.rs	469	proof-covered-unmeasured	lane-l	pending	
10398	crates/backend/utils/adt/adt_date/src/lib.rs	471	proof-covered-unmeasured	lane-l	pending	E4-measured
10399	crates/backend/utils/adt/adt_date/src/lib.rs	472	proof-covered-unmeasured	lane-l	pending	
10400	crates/backend/utils/adt/adt_date/src/lib.rs	474	proof-covered-unmeasured	lane-l	pending	
10401	crates/backend/utils/adt/adt_date/src/lib.rs	484	proof-covered-unmeasured	lane-l	pending	
10402	crates/backend/utils/adt/adt_date/src/lib.rs	485	proof-covered-unmeasured	lane-l	pending	
10403	crates/backend/utils/adt/adt_date/src/lib.rs	486	proof-covered-unmeasured	lane-l	pending	
10404	crates/backend/utils/adt/adt_date/src/lib.rs	487	proof-covered-unmeasured	lane-l	pending	
10405	crates/backend/utils/adt/adt_date/src/lib.rs	488	proof-covered-unmeasured	lane-l	pending	
10406	crates/backend/utils/adt/adt_date/src/lib.rs	490	proof-covered-unmeasured	lane-l	pending	
10407	crates/backend/utils/adt/adt_date/src/lib.rs	527	proof-covered-unmeasured	lane-l	pending	
10408	crates/backend/utils/adt/adt_date/src/lib.rs	563	proof-covered-unmeasured	lane-l	pending	
10409	crates/backend/utils/adt/adt_date/src/lib.rs	564	proof-covered-unmeasured	lane-l	pending	
10410	crates/backend/utils/adt/adt_date/src/lib.rs	565	proof-covered-unmeasured	lane-l	pending	
10411	crates/backend/utils/adt/adt_date/src/lib.rs	566	proof-covered-unmeasured	lane-l	pending	
10412	crates/backend/utils/adt/adt_date/src/lib.rs	567	proof-covered-unmeasured	lane-l	pending	
10413	crates/backend/utils/adt/adt_date/src/lib.rs	568	proof-covered-unmeasured	lane-l	pending	
10414	crates/backend/utils/adt/adt_date/src/lib.rs	571	proof-covered-unmeasured	lane-l	pending	
10415	crates/backend/utils/adt/adt_date/src/lib.rs	574	proof-covered-unmeasured	lane-l	pending	
10416	crates/backend/utils/adt/adt_date/src/lib.rs	575	proof-covered-unmeasured	lane-l	pending	
10417	crates/backend/utils/adt/adt_date/src/lib.rs	576	proof-covered-unmeasured	lane-l	pending	
10418	crates/backend/utils/adt/adt_date/src/lib.rs	578	proof-covered-unmeasured	lane-l	pending	
10419	crates/backend/utils/adt/adt_date/src/lib.rs	579	proof-covered-unmeasured	lane-l	pending	
10420	crates/backend/utils/adt/adt_date/src/lib.rs	581	proof-covered-unmeasured	lane-l	pending	
10421	crates/backend/utils/adt/adt_date/src/lib.rs	582	proof-covered-unmeasured	lane-l	pending	
10422	crates/backend/utils/adt/adt_date/src/lib.rs	584	proof-covered-unmeasured	lane-l	pending	
10423	crates/backend/utils/adt/adt_date/src/lib.rs	585	proof-covered-unmeasured	lane-l	pending	
10424	crates/backend/utils/adt/adt_date/src/lib.rs	586	proof-covered-unmeasured	lane-l	pending	
10425	crates/backend/utils/adt/adt_date/src/lib.rs	588	proof-covered-unmeasured	lane-l	pending	
10426	crates/backend/utils/adt/adt_date/src/lib.rs	651	const-eval-only	lane-l	pending	
10427	crates/backend/utils/adt/adt_date/src/lib.rs	652	const-eval-only	lane-l	pending	
10428	crates/backend/utils/adt/adt_date/src/lib.rs	653	const-eval-only	lane-l	pending	
10429	crates/backend/utils/adt/adt_date/src/lib.rs	654	const-eval-only	lane-l	pending	
10430	crates/backend/utils/adt/adt_date/src/lib.rs	671	instrument-unmappable	lane-l	pending	
10431	crates/backend/utils/adt/adt_date/src/lib.rs	674	instrument-unmappable	lane-l	pending	
10432	crates/backend/utils/adt/adt_date/src/lib.rs	675	proof-covered-unmeasured	lane-l	pending	
10433	crates/backend/utils/adt/adt_date/src/lib.rs	676	instrument-unmappable	lane-l	pending	
10434	crates/backend/utils/adt/adt_date/src/lib.rs	677	proof-covered-unmeasured	lane-l	pending	
10435	crates/backend/utils/adt/adt_date/src/lib.rs	695	proof-covered-unmeasured	lane-l	pending	
10436	crates/backend/utils/adt/adt_date/src/lib.rs	696	proof-covered-unmeasured	lane-l	pending	E4-measured
10437	crates/backend/utils/adt/adt_date/src/lib.rs	697	proof-covered-unmeasured	lane-l	pending	E4-measured
10438	crates/backend/utils/adt/adt_date/src/lib.rs	698	proof-covered-unmeasured	lane-l	pending	E4-measured
10439	crates/backend/utils/adt/adt_date/src/lib.rs	783	proof-covered-unmeasured	lane-l	pending	E4-measured
10440	crates/backend/utils/adt/adt_date/src/lib.rs	784	proof-covered-unmeasured	lane-l	pending	
10441	crates/backend/utils/adt/adt_date/src/lib.rs	785	proof-covered-unmeasured	lane-l	pending	E4-measured
10442	crates/backend/utils/adt/adt_date/src/lib.rs	786	proof-covered-unmeasured	lane-l	pending	E4-measured
10443	crates/backend/utils/adt/adt_date/src/lib.rs	805	proof-covered-unmeasured	lane-l	pending	
10444	crates/backend/utils/adt/adt_date/src/lib.rs	808	proof-covered-unmeasured	lane-l	pending	
10445	crates/backend/utils/adt/adt_date/src/lib.rs	813	proof-covered-unmeasured	lane-l	pending	
10446	crates/backend/utils/adt/adt_date/src/lib.rs	814	proof-covered-unmeasured	lane-l	pending	
10447	crates/backend/utils/adt/adt_date/src/lib.rs	817	excluded-state	lane-l	pending	
10448	crates/backend/utils/adt/adt_date/src/lib.rs	818	excluded-state	lane-l	pending	
10449	crates/backend/utils/adt/adt_date/src/lib.rs	819	excluded-state	lane-l	pending	
10450	crates/backend/utils/adt/adt_date/src/lib.rs	820	excluded-state	lane-l	pending	
10451	crates/backend/utils/adt/adt_date/src/lib.rs	821	excluded-state	lane-l	pending	
10452	crates/backend/utils/adt/adt_date/src/lib.rs	822	excluded-state	lane-l	pending	
10453	crates/backend/utils/adt/adt_date/src/lib.rs	823	excluded-state	lane-l	pending	
10454	crates/backend/utils/adt/adt_date/src/lib.rs	824	excluded-state	lane-l	pending	
10455	crates/backend/utils/adt/adt_date/src/lib.rs	825	excluded-state	lane-l	pending	
10456	crates/backend/utils/adt/adt_date/src/lib.rs	850	excluded-state	lane-l	pending	
10457	crates/backend/utils/adt/adt_date/src/lib.rs	851	excluded-state	lane-l	pending	
10458	crates/backend/utils/adt/adt_date/src/lib.rs	852	excluded-state	lane-l	pending	
10459	crates/backend/utils/adt/adt_date/src/lib.rs	854	excluded-state	lane-l	pending	
10460	crates/backend/utils/adt/adt_date/src/lib.rs	855	excluded-state	lane-l	pending	
10461	crates/backend/utils/adt/adt_date/src/lib.rs	856	excluded-state	lane-l	pending	
10462	crates/backend/utils/adt/adt_date/src/lib.rs	857	excluded-state	lane-l	pending	
10463	crates/backend/utils/adt/adt_date/src/lib.rs	859	excluded-state	lane-l	pending	
10464	crates/backend/utils/adt/adt_date/src/lib.rs	860	excluded-state	lane-l	pending	
10465	crates/backend/utils/adt/adt_date/src/lib.rs	861	excluded-state	lane-l	pending	
10466	crates/backend/utils/adt/adt_date/src/lib.rs	865	excluded-state	lane-l	pending	
10467	crates/backend/utils/adt/adt_date/src/lib.rs	866	excluded-state	lane-l	pending	
10468	crates/backend/utils/adt/adt_date/src/lib.rs	867	excluded-state	lane-l	pending	
10469	crates/backend/utils/adt/adt_date/src/lib.rs	868	excluded-state	lane-l	pending	
10470	crates/backend/utils/adt/adt_date/src/lib.rs	869	excluded-state	lane-l	pending	
10471	crates/backend/utils/adt/adt_date/src/lib.rs	870	excluded-state	lane-l	pending	
10472	crates/backend/utils/adt/adt_date/src/lib.rs	871	excluded-state	lane-l	pending	
10473	crates/backend/utils/adt/adt_date/src/lib.rs	872	excluded-state	lane-l	pending	
10474	crates/backend/utils/adt/adt_date/src/lib.rs	873	excluded-state	lane-l	pending	
10475	crates/backend/utils/adt/adt_date/src/lib.rs	876	excluded-state	lane-l	pending	
10476	crates/backend/utils/adt/adt_date/src/lib.rs	877	excluded-state	lane-l	pending	
10477	crates/backend/utils/adt/adt_date/src/lib.rs	878	excluded-state	lane-l	pending	
10478	crates/backend/utils/adt/adt_date/src/lib.rs	879	excluded-state	lane-l	pending	
10479	crates/backend/utils/adt/adt_date/src/lib.rs	880	excluded-state	lane-l	pending	
10480	crates/backend/utils/adt/adt_date/src/lib.rs	881	excluded-state	lane-l	pending	
10481	crates/backend/utils/adt/adt_date/src/lib.rs	882	excluded-state	lane-l	pending	
10482	crates/backend/utils/adt/adt_date/src/lib.rs	883	excluded-state	lane-l	pending	
10483	crates/backend/utils/adt/adt_date/src/lib.rs	889	proof-covered-unmeasured	lane-l	pending	
10484	crates/backend/utils/adt/adt_date/src/lib.rs	890	proof-covered-unmeasured	lane-l	pending	
10485	crates/backend/utils/adt/adt_date/src/lib.rs	891	proof-covered-unmeasured	lane-l	pending	
10486	crates/backend/utils/adt/adt_date/src/lib.rs	892	proof-covered-unmeasured	lane-l	pending	
10487	crates/backend/utils/adt/adt_date/src/lib.rs	898	const-eval-only	lane-l	pending	
10488	crates/backend/utils/adt/adt_date/src/lib.rs	899	const-eval-only	lane-l	pending	
10489	crates/backend/utils/adt/adt_date/src/lib.rs	900	const-eval-only	lane-l	pending	
10490	crates/backend/utils/adt/adt_date/src/lib.rs	914	proof-covered-unmeasured	lane-l	pending	
10491	crates/backend/utils/adt/adt_date/src/lib.rs	915	proof-covered-unmeasured	lane-l	pending	
10492	crates/backend/utils/adt/adt_date/src/lib.rs	916	proof-covered-unmeasured	lane-l	pending	
10493	crates/backend/utils/adt/adt_date/src/lib.rs	917	proof-covered-unmeasured	lane-l	pending	
10494	crates/backend/utils/adt/adt_date/src/lib.rs	929	proof-covered-unmeasured	lane-l	pending	
10495	crates/backend/utils/adt/adt_date/src/lib.rs	930	proof-covered-unmeasured	lane-l	pending	
10496	crates/backend/utils/adt/adt_date/src/lib.rs	931	proof-covered-unmeasured	lane-l	pending	
10497	crates/backend/utils/adt/adt_date/src/lib.rs	932	proof-covered-unmeasured	lane-l	pending	
10498	crates/backend/utils/adt/adt_date/src/lib.rs	951	proof-covered-unmeasured	lane-l	pending	
10499	crates/backend/utils/adt/adt_date/src/lib.rs	952	proof-covered-unmeasured	lane-l	pending	
10500	crates/backend/utils/adt/adt_date/src/lib.rs	953	proof-covered-unmeasured	lane-l	pending	
10501	crates/backend/utils/adt/adt_date/src/lib.rs	954	proof-covered-unmeasured	lane-l	pending	E4-measured
10502	crates/backend/utils/adt/adt_date/src/lib.rs	955	proof-covered-unmeasured	lane-l	pending	E4-measured
10503	crates/backend/utils/adt/adt_date/src/lib.rs	965	proof-covered-unmeasured	lane-l	pending	
10504	crates/backend/utils/adt/adt_date/src/lib.rs	966	proof-covered-unmeasured	lane-l	pending	
10505	crates/backend/utils/adt/adt_date/src/lib.rs	969	proof-covered-unmeasured	lane-l	pending	
10506	crates/backend/utils/adt/adt_date/src/lib.rs	970	proof-covered-unmeasured	lane-l	pending	
10507	crates/backend/utils/adt/adt_date/src/lib.rs	973	proof-covered-unmeasured	lane-l	pending	
10508	crates/backend/utils/adt/adt_date/src/lib.rs	974	proof-covered-unmeasured	lane-l	pending	
10509	crates/backend/utils/adt/adt_date/src/lib.rs	992	proof-covered-unmeasured	lane-l	pending	E4-measured
10510	crates/backend/utils/adt/adt_date/src/lib.rs	993	proof-covered-unmeasured	lane-l	pending	E4-measured
10511	crates/backend/utils/adt/adt_date/src/lib.rs	1052	proof-covered-unmeasured	lane-l	pending	
10512	crates/backend/utils/adt/adt_date/src/lib.rs	1053	proof-covered-unmeasured	lane-l	pending	
10513	crates/backend/utils/adt/adt_date/src/lib.rs	1054	proof-covered-unmeasured	lane-l	pending	
10514	crates/backend/utils/adt/adt_date/src/lib.rs	1055	proof-covered-unmeasured	lane-l	pending	
10515	crates/backend/utils/adt/adt_date/src/lib.rs	1057	proof-covered-unmeasured	lane-l	pending	
10516	crates/backend/utils/adt/adt_date/src/lib.rs	1058	proof-covered-unmeasured	lane-l	pending	
10517	crates/backend/utils/adt/adt_date/src/lib.rs	1060	proof-covered-unmeasured	lane-l	pending	
10518	crates/backend/utils/adt/adt_date/src/lib.rs	1065	excluded-state	lane-l	pending	
10519	crates/backend/utils/adt/adt_date/src/lib.rs	1066	excluded-state	lane-l	pending	
10520	crates/backend/utils/adt/adt_date/src/lib.rs	1067	excluded-state	lane-l	pending	
10521	crates/backend/utils/adt/adt_date/src/lib.rs	1068	excluded-state	lane-l	pending	
10522	crates/backend/utils/adt/adt_date/src/lib.rs	1069	excluded-state	lane-l	pending	
10523	crates/backend/utils/adt/adt_date/src/lib.rs	1074	excluded-state	lane-l	pending	
10524	crates/backend/utils/adt/adt_date/src/lib.rs	1075	excluded-state	lane-l	pending	
10525	crates/backend/utils/adt/adt_date/src/lib.rs	1076	excluded-state	lane-l	pending	
10526	crates/backend/utils/adt/adt_date/src/lib.rs	1077	excluded-state	lane-l	pending	
10527	crates/backend/utils/adt/adt_date/src/lib.rs	1078	excluded-state	lane-l	pending	E3-non-v2
10528	crates/backend/utils/adt/adt_date/src/lib.rs	1079	excluded-state	lane-l	pending	
10529	crates/backend/utils/adt/adt_date/src/lib.rs	1080	excluded-state	lane-l	pending	
10530	crates/backend/utils/adt/adt_date/src/lib.rs	1081	excluded-state	lane-l	pending	
10531	crates/backend/utils/adt/adt_date/src/lib.rs	1083	excluded-state	lane-l	pending	E3-non-v2
10532	crates/backend/utils/adt/adt_date/src/lib.rs	1084	excluded-state	lane-l	pending	
10533	crates/backend/utils/adt/adt_date/src/lib.rs	1085	excluded-state	lane-l	pending	
10534	crates/backend/utils/adt/adt_date/src/lib.rs	1086	excluded-state	lane-l	pending	
10535	crates/backend/utils/adt/adt_date/src/lib.rs	1087	excluded-state	lane-l	pending	
10536	crates/backend/utils/adt/adt_date/src/lib.rs	1088	excluded-state	lane-l	pending	
10537	crates/backend/utils/adt/adt_date/src/lib.rs	1089	excluded-state	lane-l	pending	
10538	crates/backend/utils/adt/adt_date/src/lib.rs	1091	excluded-state	lane-l	pending	
10539	crates/backend/utils/adt/adt_date/src/lib.rs	1094	excluded-state	lane-l	pending	
10540	crates/backend/utils/adt/adt_date/src/lib.rs	1097	proof-covered-unmeasured	lane-l	pending	
10541	crates/backend/utils/adt/adt_date/src/lib.rs	1098	proof-covered-unmeasured	lane-l	pending	
10542	crates/backend/utils/adt/adt_date/src/lib.rs	1099	proof-covered-unmeasured	lane-l	pending	
10543	crates/backend/utils/adt/adt_date/src/lib.rs	1102	excluded-state	lane-l	pending	
10544	crates/backend/utils/adt/adt_date/src/lib.rs	1103	excluded-state	lane-l	pending	
10545	crates/backend/utils/adt/adt_date/src/lib.rs	1104	excluded-state	lane-l	pending	
10546	crates/backend/utils/adt/adt_date/src/lib.rs	1105	excluded-state	lane-l	pending	
10547	crates/backend/utils/adt/adt_date/src/lib.rs	1106	excluded-state	lane-l	pending	
10548	crates/backend/utils/adt/adt_date/src/lib.rs	1122	instrument-unmappable	lane-l	pending	
10549	crates/backend/utils/adt/adt_date/src/lib.rs	1134	instrument-unmappable	lane-l	pending	
10550	crates/backend/utils/adt/adt_datetime/src/calendar.rs	1	instrument-unmappable	lane-l	pending	
10551	crates/backend/utils/adt/adt_datetime/src/calendar.rs	6	instrument-unmappable	lane-l	pending	
10552	crates/backend/utils/adt/adt_datetime/src/calendar.rs	10	instrument-unmappable	lane-l	pending	
10553	crates/backend/utils/adt/adt_datetime/src/consts.rs	97	const-eval-only	lane-l	pending	
10554	crates/backend/utils/adt/adt_datetime/src/consts.rs	98	const-eval-only	lane-l	pending	
10555	crates/backend/utils/adt/adt_datetime/src/consts.rs	99	const-eval-only	lane-l	pending	
10556	crates/backend/utils/adt/adt_datetime/src/consts.rs	203	const-eval-only	lane-l	pending	
10557	crates/backend/utils/adt/adt_datetime/src/consts.rs	204	const-eval-only	lane-l	pending	
10558	crates/backend/utils/adt/adt_datetime/src/consts.rs	205	const-eval-only	lane-l	pending	
10559	crates/backend/utils/adt/adt_datetime/src/consts.rs	206	const-eval-only	lane-l	pending	
10560	crates/backend/utils/adt/adt_datetime/src/consts.rs	207	const-eval-only	lane-l	pending	
10561	crates/backend/utils/adt/adt_datetime/src/decode.rs	167	const-eval-only	lane-l	pending	
10562	crates/backend/utils/adt/adt_datetime/src/decode.rs	168	const-eval-only	lane-l	pending	
10563	crates/backend/utils/adt/adt_datetime/src/decode.rs	264	excluded-state	lane-l	pending	
10564	crates/backend/utils/adt/adt_datetime/src/decode.rs	310	excluded-state	lane-l	pending	
10565	crates/backend/utils/adt/adt_datetime/src/decode.rs	432	instrument-unmappable	lane-l	pending	
10566	crates/backend/utils/adt/adt_datetime/src/decode.rs	433	instrument-unmappable	lane-l	pending	
10567	crates/backend/utils/adt/adt_datetime/src/decode.rs	435	instrument-unmappable	lane-l	pending	
10568	crates/backend/utils/adt/adt_datetime/src/decode.rs	436	instrument-unmappable	lane-l	pending	
10569	crates/backend/utils/adt/adt_datetime/src/decode.rs	441	instrument-unmappable	lane-l	pending	
10570	crates/backend/utils/adt/adt_datetime/src/decode.rs	1142	defensive-c-parity	lane-l	pending	
10571	crates/backend/utils/adt/adt_datetime/src/decode.rs	1163	defensive-c-parity	lane-l	pending	
10572	crates/backend/utils/adt/adt_datetime/src/decode.rs	1237	defensive-c-parity	lane-l	pending	
10573	crates/backend/utils/adt/adt_datetime/src/decode.rs	1458	defensive-c-parity	lane-l	pending	
10574	crates/backend/utils/adt/adt_datetime/src/decode.rs	1464	excluded-state	lane-l	pending	
10575	crates/backend/utils/adt/adt_datetime/src/decode.rs	1465	excluded-state	lane-l	pending	
10576	crates/backend/utils/adt/adt_datetime/src/decode.rs	1466	defensive-c-parity	lane-l	pending	
10577	crates/backend/utils/adt/adt_datetime/src/decode.rs	1467	defensive-c-parity	lane-l	pending	
10578	crates/backend/utils/adt/adt_datetime/src/decode.rs	1469	excluded-state	lane-l	pending	
10579	crates/backend/utils/adt/adt_datetime/src/decode.rs	1475	defensive-c-parity	lane-l	pending	
10580	crates/backend/utils/adt/adt_datetime/src/decode.rs	1481	excluded-state	lane-l	pending	
10581	crates/backend/utils/adt/adt_datetime/src/decode.rs	1482	defensive-c-parity	lane-l	pending	
10582	crates/backend/utils/adt/adt_datetime/src/decode.rs	1483	defensive-c-parity	lane-l	pending	
10583	crates/backend/utils/adt/adt_datetime/src/decode.rs	1486	excluded-state	lane-l	pending	
10584	crates/backend/utils/adt/adt_datetime/src/decode.rs	1487	excluded-state	lane-l	pending	
10585	crates/backend/utils/adt/adt_datetime/src/decode.rs	1520	excluded-state	lane-l	pending	
10586	crates/backend/utils/adt/adt_datetime/src/decode.rs	1523	excluded-state	lane-l	pending	
10587	crates/backend/utils/adt/adt_datetime/src/decode.rs	1579	excluded-state	lane-l	pending	
10588	crates/backend/utils/adt/adt_datetime/src/decode.rs	1580	excluded-state	lane-l	pending	
10589	crates/backend/utils/adt/adt_datetime/src/decode.rs	1582	excluded-state	lane-l	pending	
10590	crates/backend/utils/adt/adt_datetime/src/decode.rs	1591	excluded-state	lane-l	pending	
10591	crates/backend/utils/adt/adt_datetime/src/decode.rs	1639	defensive-c-parity	lane-l	pending	
10592	crates/backend/utils/adt/adt_datetime/src/decode.rs	1709	defensive-c-parity	lane-l	pending	
10593	crates/backend/utils/adt/adt_datetime/src/decode.rs	1735	defensive-c-parity	lane-l	pending	
10594	crates/backend/utils/adt/adt_datetime/src/decode.rs	1883	defensive-c-parity	lane-l	pending	
10595	crates/backend/utils/adt/adt_datetime/src/decode.rs	1889	excluded-state	lane-l	pending	
10596	crates/backend/utils/adt/adt_datetime/src/decode.rs	1890	excluded-state	lane-l	pending	
10597	crates/backend/utils/adt/adt_datetime/src/decode.rs	1891	defensive-c-parity	lane-l	pending	
10598	crates/backend/utils/adt/adt_datetime/src/decode.rs	1892	defensive-c-parity	lane-l	pending	
10599	crates/backend/utils/adt/adt_datetime/src/decode.rs	1894	excluded-state	lane-l	pending	
10600	crates/backend/utils/adt/adt_datetime/src/decode.rs	1895	excluded-state	lane-l	pending	
10601	crates/backend/utils/adt/adt_datetime/src/decode.rs	1901	defensive-c-parity	lane-l	pending	
10602	crates/backend/utils/adt/adt_datetime/src/decode.rs	1908	excluded-state	lane-l	pending	
10603	crates/backend/utils/adt/adt_datetime/src/decode.rs	1909	defensive-c-parity	lane-l	pending	
10604	crates/backend/utils/adt/adt_datetime/src/decode.rs	1910	defensive-c-parity	lane-l	pending	
10605	crates/backend/utils/adt/adt_datetime/src/decode.rs	1912	excluded-state	lane-l	pending	
10606	crates/backend/utils/adt/adt_datetime/src/decode.rs	1913	excluded-state	lane-l	pending	
10607	crates/backend/utils/adt/adt_datetime/src/decode.rs	1914	excluded-state	lane-l	pending	
10608	crates/backend/utils/adt/adt_datetime/src/decode.rs	1931	excluded-state	lane-l	pending	
10609	crates/backend/utils/adt/adt_datetime/src/decode.rs	1934	excluded-state	lane-l	pending	
10610	crates/backend/utils/adt/adt_datetime/src/decode.rs	1995	excluded-state	lane-l	pending	
10611	crates/backend/utils/adt/adt_datetime/src/decode.rs	1996	excluded-state	lane-l	pending	
10612	crates/backend/utils/adt/adt_datetime/src/decode.rs	1997	excluded-state	lane-l	pending	
10613	crates/backend/utils/adt/adt_datetime/src/decode.rs	1999	excluded-state	lane-l	pending	
10614	crates/backend/utils/adt/adt_datetime/src/decode.rs	2000	excluded-state	lane-l	pending	
10615	crates/backend/utils/adt/adt_datetime/src/decode.rs	2001	excluded-state	lane-l	pending	E3-non-v2
10616	crates/backend/utils/adt/adt_datetime/src/decode.rs	2002	excluded-state	lane-l	pending	
10617	crates/backend/utils/adt/adt_datetime/src/decode.rs	2003	excluded-state	lane-l	pending	
10618	crates/backend/utils/adt/adt_datetime/src/decode.rs	2005	excluded-state	lane-l	pending	
10619	crates/backend/utils/adt/adt_datetime/src/decode.rs	2006	excluded-state	lane-l	pending	
10620	crates/backend/utils/adt/adt_datetime/src/decode.rs	2007	excluded-state	lane-l	pending	
10621	crates/backend/utils/adt/adt_datetime/src/decode.rs	2009	excluded-state	lane-l	pending	
10622	crates/backend/utils/adt/adt_datetime/src/decode.rs	2010	excluded-state	lane-l	pending	
10623	crates/backend/utils/adt/adt_datetime/src/decode.rs	2011	excluded-state	lane-l	pending	
10624	crates/backend/utils/adt/adt_datetime/src/decode.rs	2012	excluded-state	lane-l	pending	
10625	crates/backend/utils/adt/adt_datetime/src/decode.rs	2013	excluded-state	lane-l	pending	
10626	crates/backend/utils/adt/adt_datetime/src/decode.rs	2036	excluded-state	lane-l	pending	
10627	crates/backend/utils/adt/adt_datetime/src/decode.rs	2291	instrument-unmappable	lane-l	pending	
10628	crates/backend/utils/adt/adt_datetime/src/decode.rs	2991	proof-covered-unmeasured	lane-l	pending	
10629	crates/backend/utils/adt/adt_datetime/src/decode.rs	2994	proof-covered-unmeasured	lane-l	pending	
10630	crates/backend/utils/adt/adt_datetime/src/decode.rs	3000	proof-covered-unmeasured	lane-l	pending	
10631	crates/backend/utils/adt/adt_datetime/src/decode.rs	3001	proof-covered-unmeasured	lane-l	pending	
10632	crates/backend/utils/adt/adt_datetime/src/decode.rs	3002	proof-covered-unmeasured	lane-l	pending	
10633	crates/backend/utils/adt/adt_datetime/src/decode.rs	3003	proof-covered-unmeasured	lane-l	pending	
10634	crates/backend/utils/adt/adt_datetime/src/encode.rs	105	instrument-unmappable	lane-l	pending	
10635	crates/backend/utils/adt/adt_datetime/src/errors.rs	48	excluded-state	lane-l	pending	
10636	crates/backend/utils/adt/adt_datetime/src/errors.rs	49	excluded-state	lane-l	pending	
10637	crates/backend/utils/adt/adt_datetime/src/errors.rs	50	excluded-state	lane-l	pending	
10638	crates/backend/utils/adt/adt_datetime/src/errors.rs	51	excluded-state	lane-l	pending	
10639	crates/backend/utils/adt/adt_datetime/src/errors.rs	52	excluded-state	lane-l	pending	
10640	crates/backend/utils/adt/adt_datetime/src/errors.rs	53	instrument-unmappable	lane-l	pending	
10641	crates/backend/utils/adt/adt_datetime/src/tables.rs	5	const-eval-only	lane-l	pending	
10642	crates/backend/utils/adt/adt_datetime/src/tables.rs	6	const-eval-only	lane-l	pending	
10643	crates/backend/utils/adt/adt_datetime/src/tables.rs	7	const-eval-only	lane-l	pending	
10644	crates/backend/utils/adt/adt_datetime/src/tables.rs	8	const-eval-only	lane-l	pending	
10645	crates/backend/utils/adt/adt_datetime/src/tables.rs	9	const-eval-only	lane-l	pending	
10646	crates/backend/utils/adt/adt_datetime/src/tables.rs	10	const-eval-only	lane-l	pending	
10647	crates/backend/utils/adt/adt_datetime/src/tables.rs	12	const-eval-only	lane-l	pending	
10648	crates/backend/utils/adt/adt_datetime/src/tables.rs	15	instrument-unmappable	lane-l	pending	
10649	crates/backend/utils/adt/adt_datetime/src/tables.rs	90	instrument-unmappable	lane-l	pending	
10650	crates/backend/utils/adt/adt_datetime/src/tz.rs	24	excluded-state	lane-l	pending	
10651	crates/backend/utils/adt/adt_datetime/src/tz.rs	25	excluded-state	lane-l	pending	
10652	crates/backend/utils/adt/adt_datetime/src/tz.rs	28	excluded-state	lane-l	pending	
10653	crates/backend/utils/adt/adt_datetime/src/tz.rs	29	excluded-state	lane-l	pending	
10654	crates/backend/utils/adt/adt_datetime/src/tz.rs	57	excluded-state	lane-l	pending	
10655	crates/backend/utils/adt/adt_datetime/src/tz.rs	64	excluded-state	lane-l	pending	
10656	crates/backend/utils/adt/adt_datetime/src/tz.rs	69	excluded-state	lane-l	pending	
10657	crates/backend/utils/adt/adt_datetime/src/tz.rs	73	excluded-state	lane-l	pending	
10658	crates/backend/utils/adt/adt_datetime/src/tz.rs	74	excluded-state	lane-l	pending	
10659	crates/backend/utils/adt/adt_datetime/src/tz.rs	89	excluded-state	lane-l	pending	
10660	crates/backend/utils/adt/adt_datetime/src/tz.rs	95	excluded-state	lane-l	pending	
10661	crates/backend/utils/adt/adt_datetime/src/tz.rs	133	excluded-state	lane-l	pending	
10662	crates/backend/utils/adt/adt_datetime/src/tz.rs	134	excluded-state	lane-l	pending	
10663	crates/backend/utils/adt/adt_datetime/src/tz.rs	136	excluded-state	lane-l	pending	
10664	crates/backend/utils/adt/adt_datetime/src/tz.rs	137	excluded-state	lane-l	pending	
10665	crates/backend/utils/adt/adt_datetime/src/tz.rs	138	excluded-state	lane-l	pending	
10666	crates/backend/utils/adt/adt_datetime/src/tz.rs	140	excluded-state	lane-l	pending	
10667	crates/backend/utils/adt/adt_datetime/src/tz.rs	143	excluded-state	lane-l	pending	
10668	crates/backend/utils/adt/adt_datetime/src/tz.rs	285	excluded-state	lane-l	pending	
10669	crates/backend/utils/adt/adt_datetime/src/tz.rs	286	excluded-state	lane-l	pending	
10670	crates/backend/utils/adt/adt_datetime/src/tz.rs	287	excluded-state	lane-l	pending	
10671	crates/backend/utils/adt/adt_datetime/src/tz.rs	294	excluded-state	lane-l	pending	
10672	crates/backend/utils/adt/adt_datetime/src/tz.rs	295	excluded-state	lane-l	pending	
10673	crates/backend/utils/adt/adt_datetime/src/tz.rs	296	excluded-state	lane-l	pending	
10674	crates/backend/utils/adt/numeric/src/aggregates.rs	29	excluded-state	p1-laneu	pending	
10675	crates/backend/utils/adt/numeric/src/aggregates.rs	30	excluded-state	p1-laneu	pending	
10676	crates/backend/utils/adt/numeric/src/aggregates.rs	34	excluded-state	p1-laneu	pending	
10677	crates/backend/utils/adt/numeric/src/aggregates.rs	35	excluded-state	p1-laneu	pending	
10678	crates/backend/utils/adt/numeric/src/aggregates.rs	36	excluded-state	p1-laneu	pending	
10679	crates/backend/utils/adt/numeric/src/aggregates.rs	37	excluded-state	p1-laneu	pending	
10680	crates/backend/utils/adt/numeric/src/aggregates.rs	38	excluded-state	p1-laneu	pending	
10681	crates/backend/utils/adt/numeric/src/aggregates.rs	40	excluded-state	p1-laneu	pending	
10682	crates/backend/utils/adt/numeric/src/aggregates.rs	41	excluded-state	p1-laneu	pending	
10683	crates/backend/utils/adt/numeric/src/aggregates.rs	45	excluded-state	p1-laneu	pending	
10684	crates/backend/utils/adt/numeric/src/aggregates.rs	46	excluded-state	p1-laneu	pending	
10685	crates/backend/utils/adt/numeric/src/aggregates.rs	47	excluded-state	p1-laneu	pending	
10686	crates/backend/utils/adt/numeric/src/aggregates.rs	48	excluded-state	p1-laneu	pending	
10687	crates/backend/utils/adt/numeric/src/aggregates.rs	49	excluded-state	p1-laneu	pending	
10688	crates/backend/utils/adt/numeric/src/aggregates.rs	50	excluded-state	p1-laneu	pending	
10689	crates/backend/utils/adt/numeric/src/aggregates.rs	51	excluded-state	p1-laneu	pending	
10690	crates/backend/utils/adt/numeric/src/aggregates.rs	52	excluded-state	p1-laneu	pending	
10691	crates/backend/utils/adt/numeric/src/aggregates.rs	53	excluded-state	p1-laneu	pending	
10692	crates/backend/utils/adt/numeric/src/aggregates.rs	58	excluded-state	p1-laneu	pending	
10693	crates/backend/utils/adt/numeric/src/aggregates.rs	59	excluded-state	p1-laneu	pending	
10694	crates/backend/utils/adt/numeric/src/aggregates.rs	60	excluded-state	p1-laneu	pending	
10695	crates/backend/utils/adt/numeric/src/aggregates.rs	64	excluded-state	p1-laneu	pending	
10696	crates/backend/utils/adt/numeric/src/aggregates.rs	68	excluded-state	p1-laneu	pending	
10697	crates/backend/utils/adt/numeric/src/aggregates.rs	69	excluded-state	p1-laneu	pending	
10698	crates/backend/utils/adt/numeric/src/aggregates.rs	70	excluded-state	p1-laneu	pending	
10699	crates/backend/utils/adt/numeric/src/aggregates.rs	73	excluded-state	p1-laneu	pending	
10700	crates/backend/utils/adt/numeric/src/aggregates.rs	76	excluded-state	p1-laneu	pending	
10701	crates/backend/utils/adt/numeric/src/aggregates.rs	77	excluded-state	p1-laneu	pending	
10702	crates/backend/utils/adt/numeric/src/aggregates.rs	78	excluded-state	p1-laneu	pending	
10703	crates/backend/utils/adt/numeric/src/aggregates.rs	79	excluded-state	p1-laneu	pending	
10704	crates/backend/utils/adt/numeric/src/aggregates.rs	80	excluded-state	p1-laneu	pending	
10705	crates/backend/utils/adt/numeric/src/aggregates.rs	84	excluded-state	p1-laneu	pending	
10706	crates/backend/utils/adt/numeric/src/aggregates.rs	85	excluded-state	p1-laneu	pending	
10707	crates/backend/utils/adt/numeric/src/aggregates.rs	86	excluded-state	p1-laneu	pending	
10708	crates/backend/utils/adt/numeric/src/aggregates.rs	89	excluded-state	p1-laneu	pending	
10709	crates/backend/utils/adt/numeric/src/aggregates.rs	91	excluded-state	p1-laneu	pending	
10710	crates/backend/utils/adt/numeric/src/aggregates.rs	92	excluded-state	p1-laneu	pending	
10711	crates/backend/utils/adt/numeric/src/aggregates.rs	93	excluded-state	p1-laneu	pending	
10712	crates/backend/utils/adt/numeric/src/aggregates.rs	94	excluded-state	p1-laneu	pending	
10713	crates/backend/utils/adt/numeric/src/aggregates.rs	97	excluded-state	p1-laneu	pending	
10714	crates/backend/utils/adt/numeric/src/aggregates.rs	98	excluded-state	p1-laneu	pending	
10715	crates/backend/utils/adt/numeric/src/aggregates.rs	101	excluded-state	p1-laneu	pending	
10716	crates/backend/utils/adt/numeric/src/aggregates.rs	102	excluded-state	p1-laneu	pending	
10717	crates/backend/utils/adt/numeric/src/aggregates.rs	103	excluded-state	p1-laneu	pending	
10718	crates/backend/utils/adt/numeric/src/aggregates.rs	106	excluded-state	p1-laneu	pending	
10719	crates/backend/utils/adt/numeric/src/aggregates.rs	107	excluded-state	p1-laneu	pending	
10720	crates/backend/utils/adt/numeric/src/aggregates.rs	109	excluded-state	p1-laneu	pending	
10721	crates/backend/utils/adt/numeric/src/aggregates.rs	110	excluded-state	p1-laneu	pending	
10722	crates/backend/utils/adt/numeric/src/aggregates.rs	111	excluded-state	p1-laneu	pending	
10723	crates/backend/utils/adt/numeric/src/aggregates.rs	112	excluded-state	p1-laneu	pending	
10724	crates/backend/utils/adt/numeric/src/aggregates.rs	115	excluded-state	p1-laneu	pending	
10725	crates/backend/utils/adt/numeric/src/aggregates.rs	116	excluded-state	p1-laneu	pending	
10726	crates/backend/utils/adt/numeric/src/aggregates.rs	117	excluded-state	p1-laneu	pending	
10727	crates/backend/utils/adt/numeric/src/aggregates.rs	118	excluded-state	p1-laneu	pending	
10728	crates/backend/utils/adt/numeric/src/aggregates.rs	119	excluded-state	p1-laneu	pending	
10729	crates/backend/utils/adt/numeric/src/aggregates.rs	120	excluded-state	p1-laneu	pending	
10730	crates/backend/utils/adt/numeric/src/aggregates.rs	121	excluded-state	p1-laneu	pending	
10731	crates/backend/utils/adt/numeric/src/aggregates.rs	122	excluded-state	p1-laneu	pending	
10732	crates/backend/utils/adt/numeric/src/aggregates.rs	124	excluded-state	p1-laneu	pending	
10733	crates/backend/utils/adt/numeric/src/aggregates.rs	126	excluded-state	p1-laneu	pending	
10734	crates/backend/utils/adt/numeric/src/aggregates.rs	128	excluded-state	p1-laneu	pending	
10735	crates/backend/utils/adt/numeric/src/aggregates.rs	129	excluded-state	p1-laneu	pending	
10736	crates/backend/utils/adt/numeric/src/aggregates.rs	132	excluded-state	p1-laneu	pending	
10737	crates/backend/utils/adt/numeric/src/aggregates.rs	133	excluded-state	p1-laneu	pending	
10738	crates/backend/utils/adt/numeric/src/aggregates.rs	136	excluded-state	p1-laneu	pending	
10739	crates/backend/utils/adt/numeric/src/aggregates.rs	139	excluded-state	p1-laneu	pending	
10740	crates/backend/utils/adt/numeric/src/aggregates.rs	140	excluded-state	p1-laneu	pending	
10741	crates/backend/utils/adt/numeric/src/aggregates.rs	141	excluded-state	p1-laneu	pending	
10742	crates/backend/utils/adt/numeric/src/aggregates.rs	142	excluded-state	p1-laneu	pending	
10743	crates/backend/utils/adt/numeric/src/aggregates.rs	143	excluded-state	p1-laneu	pending	
10744	crates/backend/utils/adt/numeric/src/aggregates.rs	145	excluded-state	p1-laneu	pending	
10745	crates/backend/utils/adt/numeric/src/aggregates.rs	146	excluded-state	p1-laneu	pending	
10746	crates/backend/utils/adt/numeric/src/aggregates.rs	147	excluded-state	p1-laneu	pending	
10747	crates/backend/utils/adt/numeric/src/aggregates.rs	148	excluded-state	p1-laneu	pending	
10748	crates/backend/utils/adt/numeric/src/aggregates.rs	149	excluded-state	p1-laneu	pending	
10749	crates/backend/utils/adt/numeric/src/aggregates.rs	150	excluded-state	p1-laneu	pending	
10750	crates/backend/utils/adt/numeric/src/aggregates.rs	153	excluded-state	p1-laneu	pending	
10751	crates/backend/utils/adt/numeric/src/aggregates.rs	154	excluded-state	p1-laneu	pending	
10752	crates/backend/utils/adt/numeric/src/aggregates.rs	155	excluded-state	p1-laneu	pending	
10753	crates/backend/utils/adt/numeric/src/aggregates.rs	156	excluded-state	p1-laneu	pending	
10754	crates/backend/utils/adt/numeric/src/aggregates.rs	159	excluded-state	p1-laneu	pending	
10755	crates/backend/utils/adt/numeric/src/aggregates.rs	160	excluded-state	p1-laneu	pending	
10756	crates/backend/utils/adt/numeric/src/aggregates.rs	162	excluded-state	p1-laneu	pending	
10757	crates/backend/utils/adt/numeric/src/aggregates.rs	163	excluded-state	p1-laneu	pending	
10758	crates/backend/utils/adt/numeric/src/aggregates.rs	164	excluded-state	p1-laneu	pending	
10759	crates/backend/utils/adt/numeric/src/aggregates.rs	169	excluded-state	p1-laneu	pending	
10760	crates/backend/utils/adt/numeric/src/aggregates.rs	170	excluded-state	p1-laneu	pending	
10761	crates/backend/utils/adt/numeric/src/aggregates.rs	171	excluded-state	p1-laneu	pending	
10762	crates/backend/utils/adt/numeric/src/aggregates.rs	172	excluded-state	p1-laneu	pending	
10763	crates/backend/utils/adt/numeric/src/aggregates.rs	174	excluded-state	p1-laneu	pending	
10764	crates/backend/utils/adt/numeric/src/aggregates.rs	175	excluded-state	p1-laneu	pending	
10765	crates/backend/utils/adt/numeric/src/aggregates.rs	176	excluded-state	p1-laneu	pending	
10766	crates/backend/utils/adt/numeric/src/aggregates.rs	177	excluded-state	p1-laneu	pending	
10767	crates/backend/utils/adt/numeric/src/aggregates.rs	181	excluded-state	p1-laneu	pending	
10768	crates/backend/utils/adt/numeric/src/aggregates.rs	182	excluded-state	p1-laneu	pending	
10769	crates/backend/utils/adt/numeric/src/aggregates.rs	184	excluded-state	p1-laneu	pending	
10770	crates/backend/utils/adt/numeric/src/aggregates.rs	185	excluded-state	p1-laneu	pending	
10771	crates/backend/utils/adt/numeric/src/aggregates.rs	187	excluded-state	p1-laneu	pending	
10772	crates/backend/utils/adt/numeric/src/aggregates.rs	188	excluded-state	p1-laneu	pending	
10773	crates/backend/utils/adt/numeric/src/aggregates.rs	191	excluded-state	p1-laneu	pending	
10774	crates/backend/utils/adt/numeric/src/aggregates.rs	192	excluded-state	p1-laneu	pending	
10775	crates/backend/utils/adt/numeric/src/aggregates.rs	194	excluded-state	p1-laneu	pending	
10776	crates/backend/utils/adt/numeric/src/aggregates.rs	198	excluded-state	p1-laneu	pending	
10777	crates/backend/utils/adt/numeric/src/aggregates.rs	199	excluded-state	p1-laneu	pending	
10778	crates/backend/utils/adt/numeric/src/aggregates.rs	200	excluded-state	p1-laneu	pending	
10779	crates/backend/utils/adt/numeric/src/aggregates.rs	201	excluded-state	p1-laneu	pending	
10780	crates/backend/utils/adt/numeric/src/aggregates.rs	202	excluded-state	p1-laneu	pending	
10781	crates/backend/utils/adt/numeric/src/aggregates.rs	205	excluded-state	p1-laneu	pending	
10782	crates/backend/utils/adt/numeric/src/aggregates.rs	207	excluded-state	p1-laneu	pending	
10783	crates/backend/utils/adt/numeric/src/aggregates.rs	208	excluded-state	p1-laneu	pending	
10784	crates/backend/utils/adt/numeric/src/aggregates.rs	209	excluded-state	p1-laneu	pending	
10785	crates/backend/utils/adt/numeric/src/aggregates.rs	210	excluded-state	p1-laneu	pending	
10786	crates/backend/utils/adt/numeric/src/aggregates.rs	211	excluded-state	p1-laneu	pending	
10787	crates/backend/utils/adt/numeric/src/aggregates.rs	213	excluded-state	p1-laneu	pending	
10788	crates/backend/utils/adt/numeric/src/aggregates.rs	214	excluded-state	p1-laneu	pending	
10789	crates/backend/utils/adt/numeric/src/aggregates.rs	215	excluded-state	p1-laneu	pending	
10790	crates/backend/utils/adt/numeric/src/aggregates.rs	216	excluded-state	p1-laneu	pending	
10791	crates/backend/utils/adt/numeric/src/aggregates.rs	217	excluded-state	p1-laneu	pending	
10792	crates/backend/utils/adt/numeric/src/aggregates.rs	220	excluded-state	p1-laneu	pending	
10793	crates/backend/utils/adt/numeric/src/aggregates.rs	221	excluded-state	p1-laneu	pending	
10794	crates/backend/utils/adt/numeric/src/aggregates.rs	222	excluded-state	p1-laneu	pending	
10795	crates/backend/utils/adt/numeric/src/aggregates.rs	223	excluded-state	p1-laneu	pending	
10796	crates/backend/utils/adt/numeric/src/aggregates.rs	227	excluded-state	p1-laneu	pending	
10797	crates/backend/utils/adt/numeric/src/aggregates.rs	228	excluded-state	p1-laneu	pending	
10798	crates/backend/utils/adt/numeric/src/aggregates.rs	229	excluded-state	p1-laneu	pending	
10799	crates/backend/utils/adt/numeric/src/aggregates.rs	230	excluded-state	p1-laneu	pending	
10800	crates/backend/utils/adt/numeric/src/aggregates.rs	234	excluded-state	p1-laneu	pending	
10801	crates/backend/utils/adt/numeric/src/aggregates.rs	235	excluded-state	p1-laneu	pending	
10802	crates/backend/utils/adt/numeric/src/aggregates.rs	239	excluded-state	p1-laneu	pending	
10803	crates/backend/utils/adt/numeric/src/aggregates.rs	240	excluded-state	p1-laneu	pending	
10804	crates/backend/utils/adt/numeric/src/aggregates.rs	241	excluded-state	p1-laneu	pending	
10805	crates/backend/utils/adt/numeric/src/aggregates.rs	242	excluded-state	p1-laneu	pending	
10806	crates/backend/utils/adt/numeric/src/aggregates.rs	243	excluded-state	p1-laneu	pending	
10807	crates/backend/utils/adt/numeric/src/aggregates.rs	247	excluded-state	p1-laneu	pending	
10808	crates/backend/utils/adt/numeric/src/aggregates.rs	248	excluded-state	p1-laneu	pending	
10809	crates/backend/utils/adt/numeric/src/aggregates.rs	250	excluded-state	p1-laneu	pending	
10810	crates/backend/utils/adt/numeric/src/aggregates.rs	251	excluded-state	p1-laneu	pending	
10811	crates/backend/utils/adt/numeric/src/aggregates.rs	253	excluded-state	p1-laneu	pending	
10812	crates/backend/utils/adt/numeric/src/aggregates.rs	254	excluded-state	p1-laneu	pending	
10813	crates/backend/utils/adt/numeric/src/aggregates.rs	256	excluded-state	p1-laneu	pending	
10814	crates/backend/utils/adt/numeric/src/aggregates.rs	257	excluded-state	p1-laneu	pending	
10815	crates/backend/utils/adt/numeric/src/aggregates.rs	258	excluded-state	p1-laneu	pending	
10816	crates/backend/utils/adt/numeric/src/aggregates.rs	259	excluded-state	p1-laneu	pending	
10817	crates/backend/utils/adt/numeric/src/aggregates.rs	260	excluded-state	p1-laneu	pending	
10818	crates/backend/utils/adt/numeric/src/aggregates.rs	261	excluded-state	p1-laneu	pending	
10819	crates/backend/utils/adt/numeric/src/aggregates.rs	265	excluded-state	p1-laneu	pending	
10820	crates/backend/utils/adt/numeric/src/aggregates.rs	266	excluded-state	p1-laneu	pending	
10821	crates/backend/utils/adt/numeric/src/aggregates.rs	275	excluded-state	p1-laneu	pending	
10822	crates/backend/utils/adt/numeric/src/aggregates.rs	276	excluded-state	p1-laneu	pending	
10823	crates/backend/utils/adt/numeric/src/aggregates.rs	277	excluded-state	p1-laneu	pending	
10824	crates/backend/utils/adt/numeric/src/aggregates.rs	280	excluded-state	p1-laneu	pending	
10825	crates/backend/utils/adt/numeric/src/aggregates.rs	281	excluded-state	p1-laneu	pending	
10826	crates/backend/utils/adt/numeric/src/aggregates.rs	283	excluded-state	p1-laneu	pending	
10827	crates/backend/utils/adt/numeric/src/aggregates.rs	285	excluded-state	p1-laneu	pending	
10828	crates/backend/utils/adt/numeric/src/aggregates.rs	287	excluded-state	p1-laneu	pending	
10829	crates/backend/utils/adt/numeric/src/aggregates.rs	288	excluded-state	p1-laneu	pending	
10830	crates/backend/utils/adt/numeric/src/aggregates.rs	289	excluded-state	p1-laneu	pending	
10831	crates/backend/utils/adt/numeric/src/aggregates.rs	290	excluded-state	p1-laneu	pending	
10832	crates/backend/utils/adt/numeric/src/aggregates.rs	291	excluded-state	p1-laneu	pending	
10833	crates/backend/utils/adt/numeric/src/aggregates.rs	292	excluded-state	p1-laneu	pending	
10834	crates/backend/utils/adt/numeric/src/aggregates.rs	293	excluded-state	p1-laneu	pending	
10835	crates/backend/utils/adt/numeric/src/aggregates.rs	294	excluded-state	p1-laneu	pending	
10836	crates/backend/utils/adt/numeric/src/aggregates.rs	299	excluded-state	p1-laneu	pending	
10837	crates/backend/utils/adt/numeric/src/aggregates.rs	300	excluded-state	p1-laneu	pending	
10838	crates/backend/utils/adt/numeric/src/aggregates.rs	301	excluded-state	p1-laneu	pending	
10839	crates/backend/utils/adt/numeric/src/aggregates.rs	302	excluded-state	p1-laneu	pending	
10840	crates/backend/utils/adt/numeric/src/aggregates.rs	321	excluded-state	p1-laneu	pending	
10841	crates/backend/utils/adt/numeric/src/aggregates.rs	322	excluded-state	p1-laneu	pending	
10842	crates/backend/utils/adt/numeric/src/aggregates.rs	323	excluded-state	p1-laneu	pending	
10843	crates/backend/utils/adt/numeric/src/aggregates.rs	324	excluded-state	p1-laneu	pending	
10844	crates/backend/utils/adt/numeric/src/aggregates.rs	325	excluded-state	p1-laneu	pending	
10845	crates/backend/utils/adt/numeric/src/aggregates.rs	326	excluded-state	p1-laneu	pending	
10846	crates/backend/utils/adt/numeric/src/aggregates.rs	327	excluded-state	p1-laneu	pending	
10847	crates/backend/utils/adt/numeric/src/aggregates.rs	328	excluded-state	p1-laneu	pending	
10848	crates/backend/utils/adt/numeric/src/aggregates.rs	329	excluded-state	p1-laneu	pending	
10849	crates/backend/utils/adt/numeric/src/aggregates.rs	330	excluded-state	p1-laneu	pending	
10850	crates/backend/utils/adt/numeric/src/aggregates.rs	331	excluded-state	p1-laneu	pending	
10851	crates/backend/utils/adt/numeric/src/aggregates.rs	335	excluded-state	p1-laneu	pending	
10852	crates/backend/utils/adt/numeric/src/aggregates.rs	336	excluded-state	p1-laneu	pending	
10853	crates/backend/utils/adt/numeric/src/aggregates.rs	340	excluded-state	p1-laneu	pending	
10854	crates/backend/utils/adt/numeric/src/aggregates.rs	341	excluded-state	p1-laneu	pending	
10855	crates/backend/utils/adt/numeric/src/aggregates.rs	350	excluded-state	p1-laneu	pending	
10856	crates/backend/utils/adt/numeric/src/aggregates.rs	352	excluded-state	p1-laneu	pending	
10857	crates/backend/utils/adt/numeric/src/aggregates.rs	353	excluded-state	p1-laneu	pending	
10858	crates/backend/utils/adt/numeric/src/aggregates.rs	354	excluded-state	p1-laneu	pending	
10859	crates/backend/utils/adt/numeric/src/aggregates.rs	355	excluded-state	p1-laneu	pending	
10860	crates/backend/utils/adt/numeric/src/aggregates.rs	357	excluded-state	p1-laneu	pending	
10861	crates/backend/utils/adt/numeric/src/aggregates.rs	358	excluded-state	p1-laneu	pending	
10862	crates/backend/utils/adt/numeric/src/aggregates.rs	359	excluded-state	p1-laneu	pending	
10863	crates/backend/utils/adt/numeric/src/aggregates.rs	360	excluded-state	p1-laneu	pending	
10864	crates/backend/utils/adt/numeric/src/aggregates.rs	361	excluded-state	p1-laneu	pending	
10865	crates/backend/utils/adt/numeric/src/aggregates.rs	362	excluded-state	p1-laneu	pending	
10866	crates/backend/utils/adt/numeric/src/aggregates.rs	363	excluded-state	p1-laneu	pending	
10867	crates/backend/utils/adt/numeric/src/aggregates.rs	364	excluded-state	p1-laneu	pending	
10868	crates/backend/utils/adt/numeric/src/aggregates.rs	365	excluded-state	p1-laneu	pending	
10869	crates/backend/utils/adt/numeric/src/aggregates.rs	366	excluded-state	p1-laneu	pending	
10870	crates/backend/utils/adt/numeric/src/aggregates.rs	372	excluded-state	p1-laneu	pending	
10871	crates/backend/utils/adt/numeric/src/aggregates.rs	373	excluded-state	p1-laneu	pending	
10872	crates/backend/utils/adt/numeric/src/aggregates.rs	374	excluded-state	p1-laneu	pending	
10873	crates/backend/utils/adt/numeric/src/aggregates.rs	375	excluded-state	p1-laneu	pending	
10874	crates/backend/utils/adt/numeric/src/aggregates.rs	376	excluded-state	p1-laneu	pending	
10875	crates/backend/utils/adt/numeric/src/aggregates.rs	377	excluded-state	p1-laneu	pending	
10876	crates/backend/utils/adt/numeric/src/aggregates.rs	378	excluded-state	p1-laneu	pending	
10877	crates/backend/utils/adt/numeric/src/aggregates.rs	379	excluded-state	p1-laneu	pending	
10878	crates/backend/utils/adt/numeric/src/aggregates.rs	380	excluded-state	p1-laneu	pending	
10879	crates/backend/utils/adt/numeric/src/aggregates.rs	381	excluded-state	p1-laneu	pending	
10880	crates/backend/utils/adt/numeric/src/aggregates.rs	383	excluded-state	p1-laneu	pending	
10881	crates/backend/utils/adt/numeric/src/aggregates.rs	385	excluded-state	p1-laneu	pending	
10882	crates/backend/utils/adt/numeric/src/aggregates.rs	388	excluded-state	p1-laneu	pending	
10883	crates/backend/utils/adt/numeric/src/aggregates.rs	391	excluded-state	p1-laneu	pending	
10884	crates/backend/utils/adt/numeric/src/aggregates.rs	392	excluded-state	p1-laneu	pending	
10885	crates/backend/utils/adt/numeric/src/aggregates.rs	393	excluded-state	p1-laneu	pending	
10886	crates/backend/utils/adt/numeric/src/aggregates.rs	394	excluded-state	p1-laneu	pending	
10887	crates/backend/utils/adt/numeric/src/aggregates.rs	395	excluded-state	p1-laneu	pending	
10888	crates/backend/utils/adt/numeric/src/aggregates.rs	398	excluded-state	p1-laneu	pending	
10889	crates/backend/utils/adt/numeric/src/aggregates.rs	399	excluded-state	p1-laneu	pending	
10890	crates/backend/utils/adt/numeric/src/aggregates.rs	400	excluded-state	p1-laneu	pending	
10891	crates/backend/utils/adt/numeric/src/aggregates.rs	401	excluded-state	p1-laneu	pending	
10892	crates/backend/utils/adt/numeric/src/aggregates.rs	402	excluded-state	p1-laneu	pending	
10893	crates/backend/utils/adt/numeric/src/aggregates.rs	403	excluded-state	p1-laneu	pending	
10894	crates/backend/utils/adt/numeric/src/aggregates.rs	405	excluded-state	p1-laneu	pending	
10895	crates/backend/utils/adt/numeric/src/aggregates.rs	406	excluded-state	p1-laneu	pending	
10896	crates/backend/utils/adt/numeric/src/aggregates.rs	408	excluded-state	p1-laneu	pending	
10897	crates/backend/utils/adt/numeric/src/aggregates.rs	412	excluded-state	p1-laneu	pending	
10898	crates/backend/utils/adt/numeric/src/aggregates.rs	413	excluded-state	p1-laneu	pending	
10899	crates/backend/utils/adt/numeric/src/aggregates.rs	414	excluded-state	p1-laneu	pending	
10900	crates/backend/utils/adt/numeric/src/aggregates.rs	415	excluded-state	p1-laneu	pending	
10901	crates/backend/utils/adt/numeric/src/aggregates.rs	416	excluded-state	p1-laneu	pending	
10902	crates/backend/utils/adt/numeric/src/aggregates.rs	417	excluded-state	p1-laneu	pending	
10903	crates/backend/utils/adt/numeric/src/aggregates.rs	418	excluded-state	p1-laneu	pending	
10904	crates/backend/utils/adt/numeric/src/aggregates.rs	419	excluded-state	p1-laneu	pending	
10905	crates/backend/utils/adt/numeric/src/aggregates.rs	420	excluded-state	p1-laneu	pending	
10906	crates/backend/utils/adt/numeric/src/aggregates.rs	421	excluded-state	p1-laneu	pending	
10907	crates/backend/utils/adt/numeric/src/aggregates.rs	423	excluded-state	p1-laneu	pending	
10908	crates/backend/utils/adt/numeric/src/aggregates.rs	425	excluded-state	p1-laneu	pending	
10909	crates/backend/utils/adt/numeric/src/aggregates.rs	428	excluded-state	p1-laneu	pending	
10910	crates/backend/utils/adt/numeric/src/aggregates.rs	430	excluded-state	p1-laneu	pending	
10911	crates/backend/utils/adt/numeric/src/aggregates.rs	431	excluded-state	p1-laneu	pending	
10912	crates/backend/utils/adt/numeric/src/aggregates.rs	432	excluded-state	p1-laneu	pending	
10913	crates/backend/utils/adt/numeric/src/aggregates.rs	433	excluded-state	p1-laneu	pending	
10914	crates/backend/utils/adt/numeric/src/aggregates.rs	434	excluded-state	p1-laneu	pending	
10915	crates/backend/utils/adt/numeric/src/aggregates.rs	435	excluded-state	p1-laneu	pending	
10916	crates/backend/utils/adt/numeric/src/aggregates.rs	438	excluded-state	p1-laneu	pending	
10917	crates/backend/utils/adt/numeric/src/aggregates.rs	442	excluded-state	p1-laneu	pending	
10918	crates/backend/utils/adt/numeric/src/aggregates.rs	443	excluded-state	p1-laneu	pending	
10919	crates/backend/utils/adt/numeric/src/aggregates.rs	444	excluded-state	p1-laneu	pending	
10920	crates/backend/utils/adt/numeric/src/aggregates.rs	445	excluded-state	p1-laneu	pending	
10921	crates/backend/utils/adt/numeric/src/aggregates.rs	447	excluded-state	p1-laneu	pending	
10922	crates/backend/utils/adt/numeric/src/aggregates.rs	450	excluded-state	p1-laneu	pending	
10923	crates/backend/utils/adt/numeric/src/aggregates.rs	451	excluded-state	p1-laneu	pending	
10924	crates/backend/utils/adt/numeric/src/aggregates.rs	452	excluded-state	p1-laneu	pending	
10925	crates/backend/utils/adt/numeric/src/aggregates.rs	453	excluded-state	p1-laneu	pending	
10926	crates/backend/utils/adt/numeric/src/aggregates.rs	454	excluded-state	p1-laneu	pending	
10927	crates/backend/utils/adt/numeric/src/aggregates.rs	456	excluded-state	p1-laneu	pending	
10928	crates/backend/utils/adt/numeric/src/aggregates.rs	458	excluded-state	p1-laneu	pending	
10929	crates/backend/utils/adt/numeric/src/aggregates.rs	460	excluded-state	p1-laneu	pending	
10930	crates/backend/utils/adt/numeric/src/aggregates.rs	461	excluded-state	p1-laneu	pending	
10931	crates/backend/utils/adt/numeric/src/aggregates.rs	462	excluded-state	p1-laneu	pending	
10932	crates/backend/utils/adt/numeric/src/aggregates.rs	463	excluded-state	p1-laneu	pending	
10933	crates/backend/utils/adt/numeric/src/aggregates.rs	466	excluded-state	p1-laneu	pending	
10934	crates/backend/utils/adt/numeric/src/aggregates.rs	467	excluded-state	p1-laneu	pending	
10935	crates/backend/utils/adt/numeric/src/aggregates.rs	468	excluded-state	p1-laneu	pending	
10936	crates/backend/utils/adt/numeric/src/aggregates.rs	469	excluded-state	p1-laneu	pending	
10937	crates/backend/utils/adt/numeric/src/aggregates.rs	473	excluded-state	p1-laneu	pending	
10938	crates/backend/utils/adt/numeric/src/aggregates.rs	479	excluded-state	p1-laneu	pending	
10939	crates/backend/utils/adt/numeric/src/aggregates.rs	480	excluded-state	p1-laneu	pending	
10940	crates/backend/utils/adt/numeric/src/aggregates.rs	481	excluded-state	p1-laneu	pending	
10941	crates/backend/utils/adt/numeric/src/aggregates.rs	482	excluded-state	p1-laneu	pending	
10942	crates/backend/utils/adt/numeric/src/aggregates.rs	483	excluded-state	p1-laneu	pending	
10943	crates/backend/utils/adt/numeric/src/aggregates.rs	484	excluded-state	p1-laneu	pending	
10944	crates/backend/utils/adt/numeric/src/aggregates.rs	485	excluded-state	p1-laneu	pending	
10945	crates/backend/utils/adt/numeric/src/aggregates.rs	487	excluded-state	p1-laneu	pending	
10946	crates/backend/utils/adt/numeric/src/aggregates.rs	490	excluded-state	p1-laneu	pending	
10947	crates/backend/utils/adt/numeric/src/aggregates.rs	491	excluded-state	p1-laneu	pending	
10948	crates/backend/utils/adt/numeric/src/aggregates.rs	492	excluded-state	p1-laneu	pending	
10949	crates/backend/utils/adt/numeric/src/aggregates.rs	493	excluded-state	p1-laneu	pending	
10950	crates/backend/utils/adt/numeric/src/aggregates.rs	494	excluded-state	p1-laneu	pending	
10951	crates/backend/utils/adt/numeric/src/aggregates.rs	495	excluded-state	p1-laneu	pending	
10952	crates/backend/utils/adt/numeric/src/aggregates.rs	496	excluded-state	p1-laneu	pending	
10953	crates/backend/utils/adt/numeric/src/aggregates.rs	497	excluded-state	p1-laneu	pending	
10954	crates/backend/utils/adt/numeric/src/aggregates.rs	499	excluded-state	p1-laneu	pending	
10955	crates/backend/utils/adt/numeric/src/aggregates.rs	504	excluded-state	p1-laneu	pending	
10956	crates/backend/utils/adt/numeric/src/aggregates.rs	505	excluded-state	p1-laneu	pending	
10957	crates/backend/utils/adt/numeric/src/aggregates.rs	506	excluded-state	p1-laneu	pending	
10958	crates/backend/utils/adt/numeric/src/aggregates.rs	507	excluded-state	p1-laneu	pending	
10959	crates/backend/utils/adt/numeric/src/aggregates.rs	508	excluded-state	p1-laneu	pending	
10960	crates/backend/utils/adt/numeric/src/aggregates.rs	509	excluded-state	p1-laneu	pending	
10961	crates/backend/utils/adt/numeric/src/aggregates.rs	510	excluded-state	p1-laneu	pending	
10962	crates/backend/utils/adt/numeric/src/aggregates.rs	511	excluded-state	p1-laneu	pending	
10963	crates/backend/utils/adt/numeric/src/aggregates.rs	512	excluded-state	p1-laneu	pending	
10964	crates/backend/utils/adt/numeric/src/aggregates.rs	513	excluded-state	p1-laneu	pending	
10965	crates/backend/utils/adt/numeric/src/aggregates.rs	514	excluded-state	p1-laneu	pending	
10966	crates/backend/utils/adt/numeric/src/aggregates.rs	515	excluded-state	p1-laneu	pending	
10967	crates/backend/utils/adt/numeric/src/aggregates.rs	517	excluded-state	p1-laneu	pending	
10968	crates/backend/utils/adt/numeric/src/aggregates.rs	518	excluded-state	p1-laneu	pending	
10969	crates/backend/utils/adt/numeric/src/aggregates.rs	519	excluded-state	p1-laneu	pending	
10970	crates/backend/utils/adt/numeric/src/aggregates.rs	520	excluded-state	p1-laneu	pending	
10971	crates/backend/utils/adt/numeric/src/aggregates.rs	521	excluded-state	p1-laneu	pending	
10972	crates/backend/utils/adt/numeric/src/aggregates.rs	522	excluded-state	p1-laneu	pending	
10973	crates/backend/utils/adt/numeric/src/aggregates.rs	529	excluded-state	p1-laneu	pending	
10974	crates/backend/utils/adt/numeric/src/aggregates.rs	530	excluded-state	p1-laneu	pending	
10975	crates/backend/utils/adt/numeric/src/aggregates.rs	531	excluded-state	p1-laneu	pending	
10976	crates/backend/utils/adt/numeric/src/aggregates.rs	532	excluded-state	p1-laneu	pending	
10977	crates/backend/utils/adt/numeric/src/aggregates.rs	533	excluded-state	p1-laneu	pending	
10978	crates/backend/utils/adt/numeric/src/aggregates.rs	534	excluded-state	p1-laneu	pending	
10979	crates/backend/utils/adt/numeric/src/aggregates.rs	535	excluded-state	p1-laneu	pending	
10980	crates/backend/utils/adt/numeric/src/aggregates.rs	536	excluded-state	p1-laneu	pending	
10981	crates/backend/utils/adt/numeric/src/aggregates.rs	537	excluded-state	p1-laneu	pending	
10982	crates/backend/utils/adt/numeric/src/aggregates.rs	538	excluded-state	p1-laneu	pending	
10983	crates/backend/utils/adt/numeric/src/aggregates.rs	539	excluded-state	p1-laneu	pending	
10984	crates/backend/utils/adt/numeric/src/aggregates.rs	540	excluded-state	p1-laneu	pending	
10985	crates/backend/utils/adt/numeric/src/aggregates.rs	541	excluded-state	p1-laneu	pending	
10986	crates/backend/utils/adt/numeric/src/aggregates.rs	543	excluded-state	p1-laneu	pending	
10987	crates/backend/utils/adt/numeric/src/aggregates.rs	544	excluded-state	p1-laneu	pending	
10988	crates/backend/utils/adt/numeric/src/aggregates.rs	545	excluded-state	p1-laneu	pending	
10989	crates/backend/utils/adt/numeric/src/aggregates.rs	546	excluded-state	p1-laneu	pending	
10990	crates/backend/utils/adt/numeric/src/aggregates.rs	547	excluded-state	p1-laneu	pending	
10991	crates/backend/utils/adt/numeric/src/aggregates.rs	548	excluded-state	p1-laneu	pending	
10992	crates/backend/utils/adt/numeric/src/aggregates.rs	549	excluded-state	p1-laneu	pending	
10993	crates/backend/utils/adt/numeric/src/aggregates.rs	554	excluded-state	p1-laneu	pending	
10994	crates/backend/utils/adt/numeric/src/aggregates.rs	555	excluded-state	p1-laneu	pending	
10995	crates/backend/utils/adt/numeric/src/aggregates.rs	556	excluded-state	p1-laneu	pending	
10996	crates/backend/utils/adt/numeric/src/aggregates.rs	557	excluded-state	p1-laneu	pending	
10997	crates/backend/utils/adt/numeric/src/aggregates.rs	558	excluded-state	p1-laneu	pending	
10998	crates/backend/utils/adt/numeric/src/aggregates.rs	559	excluded-state	p1-laneu	pending	
10999	crates/backend/utils/adt/numeric/src/aggregates.rs	560	excluded-state	p1-laneu	pending	
11000	crates/backend/utils/adt/numeric/src/aggregates.rs	561	excluded-state	p1-laneu	pending	
11001	crates/backend/utils/adt/numeric/src/aggregates.rs	562	excluded-state	p1-laneu	pending	
11002	crates/backend/utils/adt/numeric/src/aggregates.rs	563	excluded-state	p1-laneu	pending	
11003	crates/backend/utils/adt/numeric/src/aggregates.rs	564	excluded-state	p1-laneu	pending	
11004	crates/backend/utils/adt/numeric/src/aggregates.rs	565	excluded-state	p1-laneu	pending	
11005	crates/backend/utils/adt/numeric/src/aggregates.rs	566	excluded-state	p1-laneu	pending	
11006	crates/backend/utils/adt/numeric/src/aggregates.rs	567	excluded-state	p1-laneu	pending	
11007	crates/backend/utils/adt/numeric/src/aggregates.rs	568	excluded-state	p1-laneu	pending	
11008	crates/backend/utils/adt/numeric/src/aggregates.rs	569	excluded-state	p1-laneu	pending	
11009	crates/backend/utils/adt/numeric/src/aggregates.rs	571	excluded-state	p1-laneu	pending	
11010	crates/backend/utils/adt/numeric/src/aggregates.rs	572	excluded-state	p1-laneu	pending	
11011	crates/backend/utils/adt/numeric/src/aggregates.rs	573	excluded-state	p1-laneu	pending	
11012	crates/backend/utils/adt/numeric/src/aggregates.rs	576	excluded-state	p1-laneu	pending	
11013	crates/backend/utils/adt/numeric/src/aggregates.rs	581	excluded-state	p1-laneu	pending	
11014	crates/backend/utils/adt/numeric/src/aggregates.rs	582	excluded-state	p1-laneu	pending	
11015	crates/backend/utils/adt/numeric/src/aggregates.rs	583	excluded-state	p1-laneu	pending	
11016	crates/backend/utils/adt/numeric/src/aggregates.rs	584	excluded-state	p1-laneu	pending	
11017	crates/backend/utils/adt/numeric/src/aggregates.rs	585	excluded-state	p1-laneu	pending	
11018	crates/backend/utils/adt/numeric/src/aggregates.rs	586	excluded-state	p1-laneu	pending	
11019	crates/backend/utils/adt/numeric/src/aggregates.rs	587	excluded-state	p1-laneu	pending	
11020	crates/backend/utils/adt/numeric/src/aggregates.rs	588	excluded-state	p1-laneu	pending	
11021	crates/backend/utils/adt/numeric/src/aggregates.rs	589	excluded-state	p1-laneu	pending	
11022	crates/backend/utils/adt/numeric/src/aggregates.rs	590	excluded-state	p1-laneu	pending	
11023	crates/backend/utils/adt/numeric/src/aggregates.rs	591	excluded-state	p1-laneu	pending	
11024	crates/backend/utils/adt/numeric/src/aggregates.rs	592	excluded-state	p1-laneu	pending	
11025	crates/backend/utils/adt/numeric/src/aggregates.rs	593	excluded-state	p1-laneu	pending	
11026	crates/backend/utils/adt/numeric/src/aggregates.rs	594	excluded-state	p1-laneu	pending	
11027	crates/backend/utils/adt/numeric/src/aggregates.rs	595	excluded-state	p1-laneu	pending	
11028	crates/backend/utils/adt/numeric/src/aggregates.rs	597	excluded-state	p1-laneu	pending	
11029	crates/backend/utils/adt/numeric/src/aggregates.rs	600	excluded-state	p1-laneu	pending	
11030	crates/backend/utils/adt/numeric/src/aggregates.rs	601	excluded-state	p1-laneu	pending	
11031	crates/backend/utils/adt/numeric/src/aggregates.rs	602	excluded-state	p1-laneu	pending	
11032	crates/backend/utils/adt/numeric/src/aggregates.rs	603	excluded-state	p1-laneu	pending	
11033	crates/backend/utils/adt/numeric/src/aggregates.rs	604	excluded-state	p1-laneu	pending	
11034	crates/backend/utils/adt/numeric/src/aggregates.rs	605	excluded-state	p1-laneu	pending	
11035	crates/backend/utils/adt/numeric/src/aggregates.rs	606	excluded-state	p1-laneu	pending	
11036	crates/backend/utils/adt/numeric/src/aggregates.rs	610	excluded-state	p1-laneu	pending	
11037	crates/backend/utils/adt/numeric/src/aggregates.rs	611	excluded-state	p1-laneu	pending	
11038	crates/backend/utils/adt/numeric/src/aggregates.rs	612	excluded-state	p1-laneu	pending	
11039	crates/backend/utils/adt/numeric/src/aggregates.rs	613	excluded-state	p1-laneu	pending	
11040	crates/backend/utils/adt/numeric/src/aggregates.rs	616	excluded-state	p1-laneu	pending	
11041	crates/backend/utils/adt/numeric/src/aggregates.rs	617	excluded-state	p1-laneu	pending	
11042	crates/backend/utils/adt/numeric/src/aggregates.rs	619	excluded-state	p1-laneu	pending	
11043	crates/backend/utils/adt/numeric/src/aggregates.rs	620	excluded-state	p1-laneu	pending	
11044	crates/backend/utils/adt/numeric/src/aggregates.rs	622	excluded-state	p1-laneu	pending	
11045	crates/backend/utils/adt/numeric/src/aggregates.rs	623	excluded-state	p1-laneu	pending	
11046	crates/backend/utils/adt/numeric/src/aggregates.rs	626	excluded-state	p1-laneu	pending	
11047	crates/backend/utils/adt/numeric/src/aggregates.rs	627	excluded-state	p1-laneu	pending	
11048	crates/backend/utils/adt/numeric/src/aggregates.rs	628	excluded-state	p1-laneu	pending	
11049	crates/backend/utils/adt/numeric/src/aggregates.rs	632	excluded-state	p1-laneu	pending	
11050	crates/backend/utils/adt/numeric/src/aggregates.rs	633	excluded-state	p1-laneu	pending	
11051	crates/backend/utils/adt/numeric/src/aggregates.rs	634	excluded-state	p1-laneu	pending	
11052	crates/backend/utils/adt/numeric/src/aggregates.rs	635	excluded-state	p1-laneu	pending	
11053	crates/backend/utils/adt/numeric/src/aggregates.rs	638	excluded-state	p1-laneu	pending	
11054	crates/backend/utils/adt/numeric/src/aggregates.rs	639	excluded-state	p1-laneu	pending	
11055	crates/backend/utils/adt/numeric/src/aggregates.rs	641	excluded-state	p1-laneu	pending	
11056	crates/backend/utils/adt/numeric/src/aggregates.rs	642	excluded-state	p1-laneu	pending	
11057	crates/backend/utils/adt/numeric/src/aggregates.rs	644	excluded-state	p1-laneu	pending	
11058	crates/backend/utils/adt/numeric/src/aggregates.rs	645	excluded-state	p1-laneu	pending	
11059	crates/backend/utils/adt/numeric/src/aggregates.rs	648	excluded-state	p1-laneu	pending	
11060	crates/backend/utils/adt/numeric/src/aggregates.rs	649	excluded-state	p1-laneu	pending	
11061	crates/backend/utils/adt/numeric/src/aggregates.rs	650	excluded-state	p1-laneu	pending	
11062	crates/backend/utils/adt/numeric/src/aggregates.rs	651	excluded-state	p1-laneu	pending	
11063	crates/backend/utils/adt/numeric/src/aggregates.rs	655	excluded-state	p1-laneu	pending	
11064	crates/backend/utils/adt/numeric/src/aggregates.rs	656	excluded-state	p1-laneu	pending	
11065	crates/backend/utils/adt/numeric/src/aggregates.rs	657	excluded-state	p1-laneu	pending	
11066	crates/backend/utils/adt/numeric/src/aggregates.rs	658	excluded-state	p1-laneu	pending	
11067	crates/backend/utils/adt/numeric/src/aggregates.rs	659	excluded-state	p1-laneu	pending	
11068	crates/backend/utils/adt/numeric/src/aggregates.rs	660	excluded-state	p1-laneu	pending	
11069	crates/backend/utils/adt/numeric/src/aggregates.rs	661	excluded-state	p1-laneu	pending	
11070	crates/backend/utils/adt/numeric/src/aggregates.rs	662	excluded-state	p1-laneu	pending	
11071	crates/backend/utils/adt/numeric/src/aggregates.rs	663	excluded-state	p1-laneu	pending	
11072	crates/backend/utils/adt/numeric/src/aggregates.rs	664	excluded-state	p1-laneu	pending	
11073	crates/backend/utils/adt/numeric/src/aggregates.rs	665	excluded-state	p1-laneu	pending	
11074	crates/backend/utils/adt/numeric/src/aggregates.rs	667	excluded-state	p1-laneu	pending	
11075	crates/backend/utils/adt/numeric/src/aggregates.rs	669	excluded-state	p1-laneu	pending	
11076	crates/backend/utils/adt/numeric/src/aggregates.rs	670	excluded-state	p1-laneu	pending	
11077	crates/backend/utils/adt/numeric/src/aggregates.rs	671	excluded-state	p1-laneu	pending	
11078	crates/backend/utils/adt/numeric/src/aggregates.rs	672	excluded-state	p1-laneu	pending	
11079	crates/backend/utils/adt/numeric/src/aggregates.rs	673	excluded-state	p1-laneu	pending	
11080	crates/backend/utils/adt/numeric/src/aggregates.rs	674	excluded-state	p1-laneu	pending	
11081	crates/backend/utils/adt/numeric/src/aggregates.rs	676	excluded-state	p1-laneu	pending	
11082	crates/backend/utils/adt/numeric/src/aggregates.rs	677	excluded-state	p1-laneu	pending	
11083	crates/backend/utils/adt/numeric/src/aggregates.rs	679	excluded-state	p1-laneu	pending	
11084	crates/backend/utils/adt/numeric/src/aggregates.rs	682	excluded-state	p1-laneu	pending	
11085	crates/backend/utils/adt/numeric/src/aggregates.rs	683	excluded-state	p1-laneu	pending	
11086	crates/backend/utils/adt/numeric/src/aggregates.rs	684	excluded-state	p1-laneu	pending	
11087	crates/backend/utils/adt/numeric/src/aggregates.rs	686	excluded-state	p1-laneu	pending	
11088	crates/backend/utils/adt/numeric/src/aggregates.rs	688	excluded-state	p1-laneu	pending	
11089	crates/backend/utils/adt/numeric/src/aggregates.rs	689	excluded-state	p1-laneu	pending	
11090	crates/backend/utils/adt/numeric/src/aggregates.rs	690	excluded-state	p1-laneu	pending	
11091	crates/backend/utils/adt/numeric/src/aggregates.rs	691	excluded-state	p1-laneu	pending	
11092	crates/backend/utils/adt/numeric/src/aggregates.rs	692	excluded-state	p1-laneu	pending	
11093	crates/backend/utils/adt/numeric/src/aggregates.rs	693	excluded-state	p1-laneu	pending	
11094	crates/backend/utils/adt/numeric/src/aggregates.rs	696	excluded-state	p1-laneu	pending	
11095	crates/backend/utils/adt/numeric/src/aggregates.rs	700	excluded-state	p1-laneu	pending	
11096	crates/backend/utils/adt/numeric/src/aggregates.rs	701	excluded-state	p1-laneu	pending	
11097	crates/backend/utils/adt/numeric/src/aggregates.rs	702	excluded-state	p1-laneu	pending	
11098	crates/backend/utils/adt/numeric/src/aggregates.rs	703	excluded-state	p1-laneu	pending	
11099	crates/backend/utils/adt/numeric/src/aggregates.rs	704	excluded-state	p1-laneu	pending	
11100	crates/backend/utils/adt/numeric/src/aggregates.rs	705	excluded-state	p1-laneu	pending	
11101	crates/backend/utils/adt/numeric/src/aggregates.rs	706	excluded-state	p1-laneu	pending	
11102	crates/backend/utils/adt/numeric/src/aggregates.rs	707	excluded-state	p1-laneu	pending	
11103	crates/backend/utils/adt/numeric/src/aggregates.rs	708	excluded-state	p1-laneu	pending	
11104	crates/backend/utils/adt/numeric/src/aggregates.rs	712	excluded-state	p1-laneu	pending	
11105	crates/backend/utils/adt/numeric/src/aggregates.rs	713	excluded-state	p1-laneu	pending	
11106	crates/backend/utils/adt/numeric/src/aggregates.rs	716	excluded-state	p1-laneu	pending	
11107	crates/backend/utils/adt/numeric/src/aggregates.rs	717	excluded-state	p1-laneu	pending	
11108	crates/backend/utils/adt/numeric/src/aggregates.rs	718	excluded-state	p1-laneu	pending	
11109	crates/backend/utils/adt/numeric/src/aggregates.rs	719	excluded-state	p1-laneu	pending	
11110	crates/backend/utils/adt/numeric/src/aggregates.rs	720	excluded-state	p1-laneu	pending	
11111	crates/backend/utils/adt/numeric/src/aggregates.rs	724	excluded-state	p1-laneu	pending	
11112	crates/backend/utils/adt/numeric/src/aggregates.rs	725	excluded-state	p1-laneu	pending	
11113	crates/backend/utils/adt/numeric/src/aggregates.rs	726	excluded-state	p1-laneu	pending	
11114	crates/backend/utils/adt/numeric/src/aggregates.rs	727	excluded-state	p1-laneu	pending	
11115	crates/backend/utils/adt/numeric/src/aggregates.rs	728	excluded-state	p1-laneu	pending	
11116	crates/backend/utils/adt/numeric/src/aggregates.rs	729	excluded-state	p1-laneu	pending	
11117	crates/backend/utils/adt/numeric/src/aggregates.rs	730	excluded-state	p1-laneu	pending	
11118	crates/backend/utils/adt/numeric/src/aggregates.rs	731	excluded-state	p1-laneu	pending	
11119	crates/backend/utils/adt/numeric/src/aggregates.rs	734	excluded-state	p1-laneu	pending	
11120	crates/backend/utils/adt/numeric/src/aggregates.rs	735	excluded-state	p1-laneu	pending	
11121	crates/backend/utils/adt/numeric/src/aggregates.rs	736	excluded-state	p1-laneu	pending	
11122	crates/backend/utils/adt/numeric/src/aggregates.rs	737	excluded-state	p1-laneu	pending	
11123	crates/backend/utils/adt/numeric/src/aggregates.rs	738	excluded-state	p1-laneu	pending	
11124	crates/backend/utils/adt/numeric/src/aggregates.rs	751	excluded-state	p1-laneu	pending	
11125	crates/backend/utils/adt/numeric/src/aggregates.rs	752	excluded-state	p1-laneu	pending	
11126	crates/backend/utils/adt/numeric/src/aggregates.rs	753	excluded-state	p1-laneu	pending	
11127	crates/backend/utils/adt/numeric/src/aggregates.rs	754	excluded-state	p1-laneu	pending	
11128	crates/backend/utils/adt/numeric/src/aggregates.rs	760	excluded-state	p1-laneu	pending	
11129	crates/backend/utils/adt/numeric/src/aggregates.rs	763	excluded-state	p1-laneu	pending	
11130	crates/backend/utils/adt/numeric/src/aggregates.rs	764	excluded-state	p1-laneu	pending	
11131	crates/backend/utils/adt/numeric/src/aggregates.rs	766	excluded-state	p1-laneu	pending	
11132	crates/backend/utils/adt/numeric/src/aggregates.rs	767	excluded-state	p1-laneu	pending	
11133	crates/backend/utils/adt/numeric/src/aggregates.rs	771	excluded-state	p1-laneu	pending	
11134	crates/backend/utils/adt/numeric/src/aggregates.rs	773	excluded-state	p1-laneu	pending	
11135	crates/backend/utils/adt/numeric/src/aggregates.rs	774	excluded-state	p1-laneu	pending	
11136	crates/backend/utils/adt/numeric/src/aggregates.rs	776	excluded-state	p1-laneu	pending	
11137	crates/backend/utils/adt/numeric/src/aggregates.rs	777	excluded-state	p1-laneu	pending	
11138	crates/backend/utils/adt/numeric/src/aggregates.rs	780	excluded-state	p1-laneu	pending	
11139	crates/backend/utils/adt/numeric/src/aggregates.rs	781	excluded-state	p1-laneu	pending	
11140	crates/backend/utils/adt/numeric/src/aggregates.rs	782	excluded-state	p1-laneu	pending	
11141	crates/backend/utils/adt/numeric/src/aggregates.rs	783	excluded-state	p1-laneu	pending	
11142	crates/backend/utils/adt/numeric/src/aggregates.rs	785	excluded-state	p1-laneu	pending	
11143	crates/backend/utils/adt/numeric/src/aggregates.rs	786	excluded-state	p1-laneu	pending	
11144	crates/backend/utils/adt/numeric/src/aggregates.rs	787	excluded-state	p1-laneu	pending	
11145	crates/backend/utils/adt/numeric/src/aggregates.rs	793	excluded-state	p1-laneu	pending	
11146	crates/backend/utils/adt/numeric/src/aggregates.rs	794	excluded-state	p1-laneu	pending	
11147	crates/backend/utils/adt/numeric/src/aggregates.rs	795	excluded-state	p1-laneu	pending	
11148	crates/backend/utils/adt/numeric/src/aggregates.rs	796	excluded-state	p1-laneu	pending	
11149	crates/backend/utils/adt/numeric/src/aggregates.rs	797	excluded-state	p1-laneu	pending	
11150	crates/backend/utils/adt/numeric/src/aggregates.rs	798	excluded-state	p1-laneu	pending	
11151	crates/backend/utils/adt/numeric/src/aggregates.rs	799	excluded-state	p1-laneu	pending	
11152	crates/backend/utils/adt/numeric/src/aggregates.rs	800	excluded-state	p1-laneu	pending	
11153	crates/backend/utils/adt/numeric/src/aggregates.rs	801	excluded-state	p1-laneu	pending	
11154	crates/backend/utils/adt/numeric/src/aggregates.rs	802	excluded-state	p1-laneu	pending	
11155	crates/backend/utils/adt/numeric/src/aggregates.rs	803	excluded-state	p1-laneu	pending	
11156	crates/backend/utils/adt/numeric/src/aggregates.rs	804	excluded-state	p1-laneu	pending	
11157	crates/backend/utils/adt/numeric/src/aggregates.rs	806	excluded-state	p1-laneu	pending	
11158	crates/backend/utils/adt/numeric/src/aggregates.rs	812	excluded-state	p1-laneu	pending	
11159	crates/backend/utils/adt/numeric/src/aggregates.rs	813	excluded-state	p1-laneu	pending	
11160	crates/backend/utils/adt/numeric/src/aggregates.rs	814	excluded-state	p1-laneu	pending	
11161	crates/backend/utils/adt/numeric/src/aggregates.rs	815	excluded-state	p1-laneu	pending	
11162	crates/backend/utils/adt/numeric/src/aggregates.rs	816	excluded-state	p1-laneu	pending	
11163	crates/backend/utils/adt/numeric/src/aggregates.rs	817	excluded-state	p1-laneu	pending	
11164	crates/backend/utils/adt/numeric/src/aggregates.rs	818	excluded-state	p1-laneu	pending	
11165	crates/backend/utils/adt/numeric/src/aggregates.rs	819	excluded-state	p1-laneu	pending	
11166	crates/backend/utils/adt/numeric/src/aggregates.rs	820	excluded-state	p1-laneu	pending	
11167	crates/backend/utils/adt/numeric/src/aggregates.rs	821	excluded-state	p1-laneu	pending	
11168	crates/backend/utils/adt/numeric/src/aggregates.rs	822	excluded-state	p1-laneu	pending	
11169	crates/backend/utils/adt/numeric/src/aggregates.rs	823	excluded-state	p1-laneu	pending	
11170	crates/backend/utils/adt/numeric/src/aggregates.rs	825	excluded-state	p1-laneu	pending	
11171	crates/backend/utils/adt/numeric/src/aggregates.rs	826	excluded-state	p1-laneu	pending	
11172	crates/backend/utils/adt/numeric/src/aggregates.rs	829	excluded-state	p1-laneu	pending	
11173	crates/backend/utils/adt/numeric/src/aggregates.rs	830	excluded-state	p1-laneu	pending	
11174	crates/backend/utils/adt/numeric/src/aggregates.rs	831	excluded-state	p1-laneu	pending	
11175	crates/backend/utils/adt/numeric/src/aggregates.rs	832	excluded-state	p1-laneu	pending	
11176	crates/backend/utils/adt/numeric/src/aggregates.rs	834	excluded-state	p1-laneu	pending	
11177	crates/backend/utils/adt/numeric/src/random.rs	10	excluded-state	p1-laneu	pending	
11178	crates/backend/utils/adt/numeric/src/random.rs	11	excluded-state	p1-laneu	pending	
11179	crates/backend/utils/adt/numeric/src/random.rs	14	excluded-state	p1-laneu	pending	
11180	crates/backend/utils/adt/numeric/src/random.rs	15	excluded-state	p1-laneu	pending	
11181	crates/backend/utils/adt/numeric/src/random.rs	16	excluded-state	p1-laneu	pending	
11182	crates/backend/utils/adt/numeric/src/random.rs	17	excluded-state	p1-laneu	pending	
11183	crates/backend/utils/adt/numeric/src/random.rs	18	excluded-state	p1-laneu	pending	
11184	crates/backend/utils/adt/numeric/src/random.rs	20	excluded-state	p1-laneu	pending	
11185	crates/backend/utils/adt/numeric/src/random.rs	22	excluded-state	p1-laneu	pending	
11186	crates/backend/utils/adt/numeric/src/random.rs	24	excluded-state	p1-laneu	pending	
11187	crates/backend/utils/adt/numeric/src/random.rs	25	excluded-state	p1-laneu	pending	
11188	crates/backend/utils/adt/numeric/src/random.rs	27	excluded-state	p1-laneu	pending	
11189	crates/backend/utils/adt/numeric/src/random.rs	29	excluded-state	p1-laneu	pending	
11190	crates/backend/utils/adt/numeric/src/random.rs	31	excluded-state	p1-laneu	pending	
11191	crates/backend/utils/adt/numeric/src/random.rs	34	excluded-state	p1-laneu	pending	
11192	crates/backend/utils/adt/numeric/src/random.rs	35	excluded-state	p1-laneu	pending	
11193	crates/backend/utils/adt/numeric/src/random.rs	36	excluded-state	p1-laneu	pending	
11194	crates/backend/utils/adt/numeric/src/random.rs	37	excluded-state	p1-laneu	pending	
11195	crates/backend/utils/adt/numeric/src/random.rs	38	excluded-state	p1-laneu	pending	
11196	crates/backend/utils/adt/numeric/src/random.rs	39	excluded-state	p1-laneu	pending	
11197	crates/backend/utils/adt/numeric/src/random.rs	40	excluded-state	p1-laneu	pending	
11198	crates/backend/utils/adt/numeric/src/random.rs	42	excluded-state	p1-laneu	pending	
11199	crates/backend/utils/adt/numeric/src/random.rs	43	excluded-state	p1-laneu	pending	
11200	crates/backend/utils/adt/numeric/src/random.rs	44	excluded-state	p1-laneu	pending	
11201	crates/backend/utils/adt/numeric/src/random.rs	47	excluded-state	p1-laneu	pending	
11202	crates/backend/utils/adt/numeric/src/random.rs	48	excluded-state	p1-laneu	pending	
11203	crates/backend/utils/adt/numeric/src/random.rs	49	excluded-state	p1-laneu	pending	
11204	crates/backend/utils/adt/numeric/src/random.rs	50	excluded-state	p1-laneu	pending	
11205	crates/backend/utils/adt/numeric/src/random.rs	51	excluded-state	p1-laneu	pending	
11206	crates/backend/utils/adt/numeric/src/random.rs	52	excluded-state	p1-laneu	pending	
11207	crates/backend/utils/adt/numeric/src/random.rs	53	excluded-state	p1-laneu	pending	
11208	crates/backend/utils/adt/numeric/src/random.rs	55	excluded-state	p1-laneu	pending	
11209	crates/backend/utils/adt/numeric/src/random.rs	56	excluded-state	p1-laneu	pending	
11210	crates/backend/utils/adt/numeric/src/random.rs	58	excluded-state	p1-laneu	pending	
11211	crates/backend/utils/adt/numeric/src/random.rs	59	excluded-state	p1-laneu	pending	
11212	crates/backend/utils/adt/numeric/src/random.rs	62	excluded-state	p1-laneu	pending	
11213	crates/backend/utils/adt/numeric/src/random.rs	63	excluded-state	p1-laneu	pending	
11214	crates/backend/utils/adt/numeric/src/random.rs	64	excluded-state	p1-laneu	pending	
11215	crates/backend/utils/adt/numeric/src/random.rs	65	excluded-state	p1-laneu	pending	
11216	crates/backend/utils/adt/numeric/src/random.rs	68	excluded-state	p1-laneu	pending	
11217	crates/backend/utils/adt/numeric/src/random.rs	70	excluded-state	p1-laneu	pending	
11218	crates/backend/utils/adt/numeric/src/random.rs	71	excluded-state	p1-laneu	pending	
11219	crates/backend/utils/adt/numeric/src/random.rs	72	excluded-state	p1-laneu	pending	
11220	crates/backend/utils/adt/numeric/src/random.rs	73	excluded-state	p1-laneu	pending	
11221	crates/backend/utils/adt/numeric/src/random.rs	78	excluded-state	p1-laneu	pending	
11222	crates/backend/utils/adt/numeric/src/random.rs	79	excluded-state	p1-laneu	pending	
11223	crates/backend/utils/adt/numeric/src/random.rs	80	excluded-state	p1-laneu	pending	
11224	crates/backend/utils/adt/numeric/src/random.rs	81	excluded-state	p1-laneu	pending	
11225	crates/backend/utils/adt/numeric/src/random.rs	82	excluded-state	p1-laneu	pending	
11226	crates/backend/utils/adt/numeric/src/random.rs	83	excluded-state	p1-laneu	pending	
11227	crates/backend/utils/adt/numeric/src/random.rs	84	excluded-state	p1-laneu	pending	
11228	crates/backend/utils/adt/numeric/src/random.rs	86	excluded-state	p1-laneu	pending	
11229	crates/backend/utils/adt/numeric/src/random.rs	90	excluded-state	p1-laneu	pending	
11230	crates/backend/utils/adt/numeric/src/random.rs	91	excluded-state	p1-laneu	pending	
11231	crates/backend/utils/adt/numeric/src/random.rs	92	excluded-state	p1-laneu	pending	
11232	crates/backend/utils/adt/numeric/src/random.rs	93	excluded-state	p1-laneu	pending	
11233	crates/backend/utils/adt/numeric/src/random.rs	94	excluded-state	p1-laneu	pending	
11234	crates/backend/utils/adt/numeric/src/random.rs	96	excluded-state	p1-laneu	pending	
11235	crates/backend/utils/adt/numeric/src/random.rs	97	excluded-state	p1-laneu	pending	
11236	crates/backend/utils/adt/numeric/src/random.rs	99	excluded-state	p1-laneu	pending	
11237	crates/backend/utils/adt/numeric/src/random.rs	102	excluded-state	p1-laneu	pending	
11238	crates/backend/utils/adt/numeric/src/random.rs	103	excluded-state	p1-laneu	pending	
11239	crates/backend/utils/adt/numeric/src/random.rs	104	excluded-state	p1-laneu	pending	
11240	crates/backend/utils/adt/numeric/src/random.rs	107	excluded-state	p1-laneu	pending	
11241	crates/backend/utils/adt/numeric/src/random.rs	108	excluded-state	p1-laneu	pending	
11242	crates/backend/utils/adt/numeric/src/random.rs	109	excluded-state	p1-laneu	pending	
11243	crates/backend/utils/adt/numeric/src/random.rs	112	excluded-state	p1-laneu	pending	
11244	crates/backend/utils/adt/numeric/src/random.rs	113	excluded-state	p1-laneu	pending	
11245	crates/backend/utils/adt/numeric/src/random.rs	114	excluded-state	p1-laneu	pending	
11246	crates/backend/utils/adt/numeric/src/random.rs	115	excluded-state	p1-laneu	pending	
11247	crates/backend/utils/adt/numeric/src/random.rs	116	excluded-state	p1-laneu	pending	
11248	crates/backend/utils/adt/numeric/src/random.rs	117	excluded-state	p1-laneu	pending	
11249	crates/backend/utils/adt/numeric/src/random.rs	118	excluded-state	p1-laneu	pending	
11250	crates/backend/utils/adt/numeric/src/random.rs	119	excluded-state	p1-laneu	pending	
11251	crates/backend/utils/adt/numeric/src/random.rs	120	excluded-state	p1-laneu	pending	
11252	crates/backend/utils/adt/numeric/src/random.rs	121	excluded-state	p1-laneu	pending	
11253	crates/backend/utils/adt/numeric/src/random.rs	122	excluded-state	p1-laneu	pending	
11254	crates/backend/utils/adt/numeric/src/random.rs	123	excluded-state	p1-laneu	pending	
11255	crates/backend/utils/adt/numeric/src/random.rs	126	excluded-state	p1-laneu	pending	
11256	crates/backend/utils/adt/numeric/src/random.rs	127	excluded-state	p1-laneu	pending	
11257	crates/backend/utils/adt/numeric/src/random.rs	128	excluded-state	p1-laneu	pending	
11258	crates/backend/utils/adt/numeric/src/random.rs	131	excluded-state	p1-laneu	pending	
11259	crates/backend/utils/adt/numeric/src/random.rs	132	excluded-state	p1-laneu	pending	
11260	crates/backend/utils/adt/numeric/src/random.rs	135	excluded-state	p1-laneu	pending	
11261	crates/backend/utils/adt/numeric/src/random.rs	137	excluded-state	p1-laneu	pending	
11262	crates/backend/utils/adt/numeric/src/random.rs	138	excluded-state	p1-laneu	pending	
11263	crates/backend/utils/adt/numeric/src/random.rs	142	excluded-state	p1-laneu	pending	
11264	crates/backend/utils/adt/numeric/src/random.rs	143	excluded-state	p1-laneu	pending	
11265	crates/backend/utils/adt/numeric/src/random.rs	144	excluded-state	p1-laneu	pending	
11266	crates/backend/utils/adt/numeric/src/random.rs	145	excluded-state	p1-laneu	pending	
11267	crates/backend/utils/adt/numeric/src/random.rs	147	excluded-state	p1-laneu	pending	
11268	crates/backend/utils/adt/numeric/src/random.rs	148	excluded-state	p1-laneu	pending	
11269	crates/backend/utils/adt/numeric/src/series.rs	7	excluded-state	p1-laneu	pending	
11270	crates/backend/utils/adt/numeric/src/series.rs	8	excluded-state	p1-laneu	pending	
11271	crates/backend/utils/adt/numeric/src/series.rs	11	excluded-state	p1-laneu	pending	
11272	crates/backend/utils/adt/numeric/src/series.rs	12	excluded-state	p1-laneu	pending	
11273	crates/backend/utils/adt/numeric/src/series.rs	13	excluded-state	p1-laneu	pending	
11274	crates/backend/utils/adt/numeric/src/series.rs	14	excluded-state	p1-laneu	pending	
11275	crates/backend/utils/adt/numeric/src/series.rs	16	excluded-state	p1-laneu	pending	
11276	crates/backend/utils/adt/numeric/src/series.rs	19	excluded-state	p1-laneu	pending	
11277	crates/backend/utils/adt/numeric/src/series.rs	29	excluded-state	p1-laneu	pending	
11278	crates/backend/utils/adt/numeric/src/series.rs	30	excluded-state	p1-laneu	pending	
11279	crates/backend/utils/adt/numeric/src/series.rs	31	excluded-state	p1-laneu	pending	
11280	crates/backend/utils/adt/numeric/src/series.rs	32	excluded-state	p1-laneu	pending	
11281	crates/backend/utils/adt/numeric/src/series.rs	34	excluded-state	p1-laneu	pending	
11282	crates/backend/utils/adt/numeric/src/series.rs	35	excluded-state	p1-laneu	pending	
11283	crates/backend/utils/adt/numeric/src/series.rs	36	excluded-state	p1-laneu	pending	
11284	crates/backend/utils/adt/numeric/src/series.rs	37	excluded-state	p1-laneu	pending	
11285	crates/backend/utils/adt/numeric/src/series.rs	39	excluded-state	p1-laneu	pending	
11286	crates/backend/utils/adt/numeric/src/series.rs	41	excluded-state	p1-laneu	pending	
11287	crates/backend/utils/adt/numeric/src/series.rs	43	excluded-state	p1-laneu	pending	
11288	crates/backend/utils/adt/numeric/src/series.rs	44	excluded-state	p1-laneu	pending	
11289	crates/backend/utils/adt/numeric/src/series.rs	45	excluded-state	p1-laneu	pending	
11290	crates/backend/utils/adt/numeric/src/series.rs	46	excluded-state	p1-laneu	pending	
11291	crates/backend/utils/adt/numeric/src/series.rs	50	excluded-state	p1-laneu	pending	
11292	crates/backend/utils/adt/numeric/src/series.rs	51	excluded-state	p1-laneu	pending	
11293	crates/backend/utils/adt/numeric/src/series.rs	52	excluded-state	p1-laneu	pending	
11294	crates/backend/utils/adt/numeric/src/series.rs	53	excluded-state	p1-laneu	pending	
11295	crates/backend/utils/adt/numeric/src/series.rs	54	excluded-state	p1-laneu	pending	
11296	crates/backend/utils/adt/numeric/src/series.rs	55	excluded-state	p1-laneu	pending	
11297	crates/backend/utils/adt/numeric/src/series.rs	57	excluded-state	p1-laneu	pending	
11298	crates/backend/utils/adt/numeric/src/series.rs	58	excluded-state	p1-laneu	pending	
11299	crates/backend/utils/adt/numeric/src/series.rs	59	excluded-state	p1-laneu	pending	
11300	crates/backend/utils/adt/numeric/src/series.rs	60	excluded-state	p1-laneu	pending	
11301	crates/backend/utils/adt/numeric/src/series.rs	61	excluded-state	p1-laneu	pending	
11302	crates/backend/utils/adt/numeric/src/series.rs	67	excluded-state	p1-laneu	pending	
11303	crates/backend/utils/adt/numeric/src/series.rs	68	excluded-state	p1-laneu	pending	
11304	crates/backend/utils/adt/numeric/src/series.rs	69	excluded-state	p1-laneu	pending	
11305	crates/backend/utils/adt/numeric/src/series.rs	70	excluded-state	p1-laneu	pending	
11306	crates/backend/utils/adt/numeric/src/series.rs	71	excluded-state	p1-laneu	pending	
11307	crates/backend/utils/adt/numeric/src/series.rs	72	excluded-state	p1-laneu	pending	
11308	crates/backend/utils/adt/numeric/src/series.rs	73	excluded-state	p1-laneu	pending	
11309	crates/backend/utils/adt/numeric/src/series.rs	75	excluded-state	p1-laneu	pending	
11310	crates/backend/utils/adt/numeric/src/series.rs	77	excluded-state	p1-laneu	pending	
11311	crates/backend/utils/adt/numeric/src/series.rs	78	excluded-state	p1-laneu	pending	
11312	crates/backend/utils/adt/numeric/src/series.rs	80	excluded-state	p1-laneu	pending	
11313	crates/backend/utils/adt/numeric/src/series.rs	82	excluded-state	p1-laneu	pending	
11314	crates/backend/utils/adt/numeric/src/series.rs	84	excluded-state	p1-laneu	pending	
11315	crates/backend/utils/adt/numeric/src/series.rs	85	excluded-state	p1-laneu	pending	
11316	crates/backend/utils/adt/numeric/src/series.rs	87	excluded-state	p1-laneu	pending	
11317	crates/backend/utils/adt/numeric/src/series.rs	88	excluded-state	p1-laneu	pending	
11318	crates/backend/utils/adt/numeric/src/series.rs	89	excluded-state	p1-laneu	pending	
11319	crates/backend/utils/adt/numeric/src/series.rs	90	excluded-state	p1-laneu	pending	
11320	crates/backend/utils/adt/numeric/src/series.rs	92	excluded-state	p1-laneu	pending	
11321	crates/backend/utils/adt/numeric/src/series.rs	93	excluded-state	p1-laneu	pending	
11322	crates/backend/utils/adt/numeric/src/series.rs	94	excluded-state	p1-laneu	pending	
11323	crates/backend/utils/adt/numeric/src/series.rs	95	excluded-state	p1-laneu	pending	
11324	crates/backend/utils/adt/numeric/src/series.rs	97	excluded-state	p1-laneu	pending	
11325	crates/backend/utils/adt/numeric/src/series.rs	99	excluded-state	p1-laneu	pending	
11326	crates/backend/utils/adt/numeric/src/sortsupport.rs	30	excluded-state	p1-laneu	pending	
11327	crates/backend/utils/adt/numeric/src/sortsupport.rs	31	excluded-state	p1-laneu	pending	
11328	crates/backend/utils/adt/numeric/src/sortsupport.rs	37	excluded-state	p1-laneu	pending	
11329	crates/backend/utils/adt/numeric/src/sortsupport.rs	38	excluded-state	p1-laneu	pending	
11330	crates/backend/utils/adt/numeric/src/sortsupport.rs	39	excluded-state	p1-laneu	pending	
11331	crates/backend/utils/adt/numeric/src/sortsupport.rs	58	excluded-state	p1-laneu	pending	
11332	crates/backend/utils/adt/numeric/src/sortsupport.rs	59	excluded-state	p1-laneu	pending	
11333	crates/backend/utils/adt/numeric/src/sortsupport.rs	60	excluded-state	p1-laneu	pending	
11334	crates/backend/utils/adt/numeric/src/sortsupport.rs	61	excluded-state	p1-laneu	pending	
11335	crates/backend/utils/adt/numeric/src/sortsupport.rs	62	excluded-state	p1-laneu	pending	
11336	crates/backend/utils/adt/numeric/src/sortsupport.rs	68	excluded-state	p1-laneu	pending	
11337	crates/backend/utils/adt/numeric/src/sortsupport.rs	69	excluded-state	p1-laneu	pending	
11338	crates/backend/utils/adt/numeric/src/sortsupport.rs	70	excluded-state	p1-laneu	pending	
11339	crates/backend/utils/adt/numeric/src/sortsupport.rs	71	excluded-state	p1-laneu	pending	
11340	crates/backend/utils/adt/numeric/src/sortsupport.rs	72	excluded-state	p1-laneu	pending	
11341	crates/backend/utils/adt/numeric/src/sortsupport.rs	73	excluded-state	p1-laneu	pending	
11342	crates/backend/utils/adt/numeric/src/sortsupport.rs	74	excluded-state	p1-laneu	pending	
11343	crates/backend/utils/adt/numeric/src/sortsupport.rs	75	excluded-state	p1-laneu	pending	
11344	crates/backend/utils/adt/numeric/src/sortsupport.rs	76	excluded-state	p1-laneu	pending	
11345	crates/backend/utils/adt/numeric/src/sortsupport.rs	78	excluded-state	p1-laneu	pending	
11346	crates/backend/utils/adt/numeric/src/sortsupport.rs	81	excluded-state	p1-laneu	pending	
11347	crates/backend/utils/adt/numeric/src/sortsupport.rs	83	excluded-state	p1-laneu	pending	
11348	crates/backend/utils/adt/numeric/src/sortsupport.rs	89	excluded-state	p1-laneu	pending	
11349	crates/backend/utils/adt/numeric/src/sortsupport.rs	90	excluded-state	p1-laneu	pending	
11350	crates/backend/utils/adt/numeric/src/sortsupport.rs	91	excluded-state	p1-laneu	pending	
11351	crates/backend/utils/adt/numeric/src/sortsupport.rs	94	excluded-state	p1-laneu	pending	
11352	crates/backend/utils/adt/numeric/src/sortsupport.rs	95	excluded-state	p1-laneu	pending	
11353	crates/backend/utils/adt/numeric/src/sortsupport.rs	96	excluded-state	p1-laneu	pending	
11354	crates/backend/utils/adt/numeric/src/sortsupport.rs	97	excluded-state	p1-laneu	pending	
11355	crates/backend/utils/adt/numeric/src/sortsupport.rs	99	excluded-state	p1-laneu	pending	
11356	crates/backend/utils/adt/numeric/src/sortsupport.rs	100	excluded-state	p1-laneu	pending	
11357	crates/backend/utils/adt/numeric/src/sortsupport.rs	101	excluded-state	p1-laneu	pending	
11358	crates/backend/utils/adt/numeric/src/sortsupport.rs	102	excluded-state	p1-laneu	pending	
11359	crates/backend/utils/adt/numeric/src/sortsupport.rs	104	excluded-state	p1-laneu	pending	
11360	crates/backend/utils/adt/numeric/src/sortsupport.rs	105	excluded-state	p1-laneu	pending	
11361	crates/backend/utils/adt/numeric/src/sortsupport.rs	107	excluded-state	p1-laneu	pending	
11362	crates/backend/utils/adt/numeric/src/sortsupport.rs	108	excluded-state	p1-laneu	pending	
11363	crates/backend/utils/adt/numeric/src/sortsupport.rs	110	excluded-state	p1-laneu	pending	
11364	crates/backend/utils/adt/numeric/src/sortsupport.rs	113	excluded-state	p1-laneu	pending	
11365	crates/backend/utils/adt/numeric/src/sortsupport.rs	114	excluded-state	p1-laneu	pending	
11366	crates/backend/utils/adt/numeric/src/sortsupport.rs	117	excluded-state	p1-laneu	pending	
11367	crates/backend/utils/adt/numeric/src/sortsupport.rs	118	excluded-state	p1-laneu	pending	
11368	crates/backend/utils/adt/numeric/src/sortsupport.rs	119	excluded-state	p1-laneu	pending	
11369	crates/backend/utils/adt/numeric/src/sortsupport.rs	122	excluded-state	p1-laneu	pending	
11370	crates/backend/utils/adt/numeric/src/sortsupport.rs	127	excluded-state	p1-laneu	pending	
11371	crates/backend/utils/adt/numeric/src/sortsupport.rs	128	excluded-state	p1-laneu	pending	
11372	crates/backend/utils/adt/numeric/src/sortsupport.rs	129	excluded-state	p1-laneu	pending	
11373	crates/backend/utils/adt/numeric/src/sortsupport.rs	131	excluded-state	p1-laneu	pending	
11374	crates/backend/utils/adt/numeric/src/sortsupport.rs	132	excluded-state	p1-laneu	pending	
11375	crates/backend/utils/adt/numeric/src/sortsupport.rs	133	excluded-state	p1-laneu	pending	
11376	crates/backend/utils/adt/numeric/src/sortsupport.rs	134	excluded-state	p1-laneu	pending	
11377	crates/backend/utils/adt/numeric/src/sortsupport.rs	136	excluded-state	p1-laneu	pending	
11378	crates/backend/utils/adt/numeric/src/sortsupport.rs	141	excluded-state	p1-laneu	pending	
11379	crates/backend/utils/adt/numeric/src/sortsupport.rs	142	excluded-state	p1-laneu	pending	
11380	crates/backend/utils/adt/numeric/src/builtins.rs	333	excluded-state	p1-laneu	pending	
11381	crates/backend/utils/adt/numeric/src/builtins.rs	334	excluded-state	p1-laneu	pending	
11382	crates/backend/utils/adt/numeric/src/builtins.rs	342	excluded-state	p1-laneu	pending	
11383	crates/backend/utils/adt/numeric/src/builtins.rs	343	excluded-state	p1-laneu	pending	
11384	crates/backend/utils/adt/numeric/src/builtins.rs	344	excluded-state	p1-laneu	pending	
11385	crates/backend/utils/adt/numeric/src/builtins.rs	345	excluded-state	p1-laneu	pending	
11386	crates/backend/utils/adt/numeric/src/builtins.rs	346	excluded-state	p1-laneu	pending	
11387	crates/backend/utils/adt/numeric/src/builtins.rs	347	excluded-state	p1-laneu	pending	
11388	crates/backend/utils/adt/numeric/src/builtins.rs	350	excluded-state	p1-laneu	pending	
11389	crates/backend/utils/adt/numeric/src/builtins.rs	351	excluded-state	p1-laneu	pending	
11390	crates/backend/utils/adt/numeric/src/builtins.rs	353	excluded-state	p1-laneu	pending	
11391	crates/backend/utils/adt/numeric/src/builtins.rs	354	excluded-state	p1-laneu	pending	
11392	crates/backend/utils/adt/numeric/src/builtins.rs	356	excluded-state	p1-laneu	pending	
11393	crates/backend/utils/adt/numeric/src/builtins.rs	357	excluded-state	p1-laneu	pending	
11394	crates/backend/utils/adt/numeric/src/builtins.rs	358	excluded-state	p1-laneu	pending	
11395	crates/backend/utils/adt/numeric/src/builtins.rs	359	excluded-state	p1-laneu	pending	
11396	crates/backend/utils/adt/numeric/src/builtins.rs	361	excluded-state	p1-laneu	pending	
11397	crates/backend/utils/adt/numeric/src/builtins.rs	362	excluded-state	p1-laneu	pending	
11398	crates/backend/utils/adt/numeric/src/builtins.rs	365	excluded-state	p1-laneu	pending	
11399	crates/backend/utils/adt/numeric/src/builtins.rs	367	excluded-state	p1-laneu	pending	
11400	crates/backend/utils/adt/numeric/src/builtins.rs	368	excluded-state	p1-laneu	pending	
11401	crates/backend/utils/adt/numeric/src/builtins.rs	369	excluded-state	p1-laneu	pending	
11402	crates/backend/utils/adt/numeric/src/builtins.rs	372	excluded-state	p1-laneu	pending	
11403	crates/backend/utils/adt/numeric/src/builtins.rs	374	excluded-state	p1-laneu	pending	
11404	crates/backend/utils/adt/numeric/src/builtins.rs	381	excluded-state	p1-laneu	pending	
11405	crates/backend/utils/adt/numeric/src/builtins.rs	382	excluded-state	p1-laneu	pending	
11406	crates/backend/utils/adt/numeric/src/builtins.rs	383	excluded-state	p1-laneu	pending	
11407	crates/backend/utils/adt/numeric/src/builtins.rs	384	excluded-state	p1-laneu	pending	
11408	crates/backend/utils/adt/numeric/src/builtins.rs	385	excluded-state	p1-laneu	pending	
11409	crates/backend/utils/adt/numeric/src/builtins.rs	388	excluded-state	p1-laneu	pending	
11410	crates/backend/utils/adt/numeric/src/builtins.rs	391	excluded-state	p1-laneu	pending	
11411	crates/backend/utils/adt/numeric/src/builtins.rs	403	excluded-state	p1-laneu	pending	
11412	crates/backend/utils/adt/numeric/src/builtins.rs	404	excluded-state	p1-laneu	pending	
11413	crates/backend/utils/adt/numeric/src/builtins.rs	410	excluded-state	p1-laneu	pending	
11414	crates/backend/utils/adt/numeric/src/builtins.rs	411	excluded-state	p1-laneu	pending	
11415	crates/backend/utils/adt/numeric/src/builtins.rs	412	excluded-state	p1-laneu	pending	
11416	crates/backend/utils/adt/numeric/src/builtins.rs	413	excluded-state	p1-laneu	pending	
11417	crates/backend/utils/adt/numeric/src/builtins.rs	414	excluded-state	p1-laneu	pending	
11418	crates/backend/utils/adt/numeric/src/builtins.rs	416	excluded-state	p1-laneu	pending	
11419	crates/backend/utils/adt/numeric/src/builtins.rs	417	excluded-state	p1-laneu	pending	
11420	crates/backend/utils/adt/numeric/src/builtins.rs	420	excluded-state	p1-laneu	pending	
11421	crates/backend/utils/adt/numeric/src/builtins.rs	422	excluded-state	p1-laneu	pending	
11422	crates/backend/utils/adt/numeric/src/builtins.rs	428	excluded-state	p1-laneu	pending	
11423	crates/backend/utils/adt/numeric/src/builtins.rs	429	excluded-state	p1-laneu	pending	
11424	crates/backend/utils/adt/numeric/src/builtins.rs	430	excluded-state	p1-laneu	pending	
11425	crates/backend/utils/adt/numeric/src/builtins.rs	435	excluded-state	p1-laneu	pending	
11426	crates/backend/utils/adt/numeric/src/builtins.rs	437	excluded-state	p1-laneu	pending	
11427	crates/backend/utils/adt/numeric/src/builtins.rs	438	excluded-state	p1-laneu	pending	
11428	crates/backend/utils/adt/numeric/src/builtins.rs	439	excluded-state	p1-laneu	pending	
11429	crates/backend/utils/adt/numeric/src/builtins.rs	441	excluded-state	p1-laneu	pending	
11430	crates/backend/utils/adt/numeric/src/builtins.rs	442	excluded-state	p1-laneu	pending	
11431	crates/backend/utils/adt/numeric/src/builtins.rs	443	excluded-state	p1-laneu	pending	
11432	crates/backend/utils/adt/numeric/src/builtins.rs	446	excluded-state	p1-laneu	pending	
11433	crates/backend/utils/adt/numeric/src/builtins.rs	447	excluded-state	p1-laneu	pending	
11434	crates/backend/utils/adt/numeric/src/builtins.rs	448	excluded-state	p1-laneu	pending	
11435	crates/backend/utils/adt/numeric/src/builtins.rs	450	excluded-state	p1-laneu	pending	
11436	crates/backend/utils/adt/numeric/src/builtins.rs	451	excluded-state	p1-laneu	pending	
11437	crates/backend/utils/adt/numeric/src/builtins.rs	454	excluded-state	p1-laneu	pending	
11438	crates/backend/utils/adt/numeric/src/builtins.rs	459	excluded-state	p1-laneu	pending	
11439	crates/backend/utils/adt/numeric/src/builtins.rs	461	excluded-state	p1-laneu	pending	
11440	crates/backend/utils/adt/numeric/src/builtins.rs	462	excluded-state	p1-laneu	pending	
11441	crates/backend/utils/adt/numeric/src/builtins.rs	463	excluded-state	p1-laneu	pending	
11442	crates/backend/utils/adt/numeric/src/builtins.rs	465	excluded-state	p1-laneu	pending	
11443	crates/backend/utils/adt/numeric/src/builtins.rs	466	excluded-state	p1-laneu	pending	
11444	crates/backend/utils/adt/numeric/src/builtins.rs	468	excluded-state	p1-laneu	pending	
11445	crates/backend/utils/adt/numeric/src/builtins.rs	469	excluded-state	p1-laneu	pending	
11446	crates/backend/utils/adt/numeric/src/builtins.rs	470	excluded-state	p1-laneu	pending	
11447	crates/backend/utils/adt/numeric/src/builtins.rs	471	excluded-state	p1-laneu	pending	
11448	crates/backend/utils/adt/numeric/src/builtins.rs	473	excluded-state	p1-laneu	pending	
11449	crates/backend/utils/adt/numeric/src/builtins.rs	474	excluded-state	p1-laneu	pending	
11450	crates/backend/utils/adt/numeric/src/builtins.rs	475	excluded-state	p1-laneu	pending	
11451	crates/backend/utils/adt/numeric/src/builtins.rs	478	excluded-state	p1-laneu	pending	
11452	crates/backend/utils/adt/numeric/src/builtins.rs	482	excluded-state	p1-laneu	pending	
11453	crates/backend/utils/adt/numeric/src/builtins.rs	484	excluded-state	p1-laneu	pending	
11454	crates/backend/utils/adt/numeric/src/builtins.rs	485	excluded-state	p1-laneu	pending	
11455	crates/backend/utils/adt/numeric/src/builtins.rs	486	excluded-state	p1-laneu	pending	
11456	crates/backend/utils/adt/numeric/src/builtins.rs	490	excluded-state	p1-laneu	pending	
11457	crates/backend/utils/adt/numeric/src/builtins.rs	491	excluded-state	p1-laneu	pending	
11458	crates/backend/utils/adt/numeric/src/builtins.rs	494	excluded-state	p1-laneu	pending	
11459	crates/backend/utils/adt/numeric/src/builtins.rs	497	excluded-state	p1-laneu	pending	
11460	crates/backend/utils/adt/numeric/src/builtins.rs	498	excluded-state	p1-laneu	pending	
11461	crates/backend/utils/adt/numeric/src/builtins.rs	501	excluded-state	p1-laneu	pending	
11462	crates/backend/utils/adt/numeric/src/builtins.rs	502	excluded-state	p1-laneu	pending	
11463	crates/backend/utils/adt/numeric/src/builtins.rs	503	excluded-state	p1-laneu	pending	
11464	crates/backend/utils/adt/numeric/src/builtins.rs	504	excluded-state	p1-laneu	pending	
11465	crates/backend/utils/adt/numeric/src/builtins.rs	505	excluded-state	p1-laneu	pending	
11466	crates/backend/utils/adt/numeric/src/builtins.rs	508	excluded-state	p1-laneu	pending	
11467	crates/backend/utils/adt/numeric/src/builtins.rs	510	excluded-state	p1-laneu	pending	
11468	crates/backend/utils/adt/numeric/src/builtins.rs	511	excluded-state	p1-laneu	pending	
11469	crates/backend/utils/adt/numeric/src/builtins.rs	512	excluded-state	p1-laneu	pending	
11470	crates/backend/utils/adt/numeric/src/builtins.rs	515	excluded-state	p1-laneu	pending	
11471	crates/backend/utils/adt/numeric/src/builtins.rs	518	excluded-state	p1-laneu	pending	
11472	crates/backend/utils/adt/numeric/src/builtins.rs	523	excluded-state	p1-laneu	pending	
11473	crates/backend/utils/adt/numeric/src/builtins.rs	525	excluded-state	p1-laneu	pending	
11474	crates/backend/utils/adt/numeric/src/builtins.rs	527	excluded-state	p1-laneu	pending	
11475	crates/backend/utils/adt/numeric/src/builtins.rs	528	excluded-state	p1-laneu	pending	
11476	crates/backend/utils/adt/numeric/src/builtins.rs	530	excluded-state	p1-laneu	pending	
11477	crates/backend/utils/adt/numeric/src/builtins.rs	531	excluded-state	p1-laneu	pending	
11478	crates/backend/utils/adt/numeric/src/builtins.rs	532	excluded-state	p1-laneu	pending	
11479	crates/backend/utils/adt/numeric/src/builtins.rs	534	excluded-state	p1-laneu	pending	
11480	crates/backend/utils/adt/numeric/src/builtins.rs	539	excluded-state	p1-laneu	pending	
11481	crates/backend/utils/adt/numeric/src/builtins.rs	540	excluded-state	p1-laneu	pending	
11482	crates/backend/utils/adt/numeric/src/builtins.rs	543	excluded-state	p1-laneu	pending	
11483	crates/backend/utils/adt/numeric/src/builtins.rs	544	excluded-state	p1-laneu	pending	
11484	crates/backend/utils/adt/numeric/src/builtins.rs	546	excluded-state	p1-laneu	pending	
11485	crates/backend/utils/adt/numeric/src/builtins.rs	549	excluded-state	p1-laneu	pending	
11486	crates/backend/utils/adt/numeric/src/builtins.rs	552	excluded-state	p1-laneu	pending	
11487	crates/backend/utils/adt/numeric/src/builtins.rs	553	excluded-state	p1-laneu	pending	
11488	crates/backend/utils/adt/numeric/src/builtins.rs	556	excluded-state	p1-laneu	pending	
11489	crates/backend/utils/adt/numeric/src/builtins.rs	557	excluded-state	p1-laneu	pending	
11490	crates/backend/utils/adt/numeric/src/builtins.rs	558	excluded-state	p1-laneu	pending	
11491	crates/backend/utils/adt/numeric/src/builtins.rs	559	excluded-state	p1-laneu	pending	
11492	crates/backend/utils/adt/numeric/src/builtins.rs	560	excluded-state	p1-laneu	pending	
11493	crates/backend/utils/adt/numeric/src/builtins.rs	564	excluded-state	p1-laneu	pending	
11494	crates/backend/utils/adt/numeric/src/builtins.rs	566	excluded-state	p1-laneu	pending	
11495	crates/backend/utils/adt/numeric/src/builtins.rs	568	excluded-state	p1-laneu	pending	
11496	crates/backend/utils/adt/numeric/src/builtins.rs	569	excluded-state	p1-laneu	pending	
11497	crates/backend/utils/adt/numeric/src/builtins.rs	571	excluded-state	p1-laneu	pending	
11498	crates/backend/utils/adt/numeric/src/builtins.rs	572	excluded-state	p1-laneu	pending	
11499	crates/backend/utils/adt/numeric/src/builtins.rs	573	excluded-state	p1-laneu	pending	
11500	crates/backend/utils/adt/numeric/src/builtins.rs	575	excluded-state	p1-laneu	pending	
11501	crates/backend/utils/adt/numeric/src/builtins.rs	578	excluded-state	p1-laneu	pending	
11502	crates/backend/utils/adt/numeric/src/builtins.rs	579	excluded-state	p1-laneu	pending	
11503	crates/backend/utils/adt/numeric/src/builtins.rs	582	excluded-state	p1-laneu	pending	
11504	crates/backend/utils/adt/numeric/src/builtins.rs	583	excluded-state	p1-laneu	pending	
11505	crates/backend/utils/adt/numeric/src/builtins.rs	584	excluded-state	p1-laneu	pending	
11506	crates/backend/utils/adt/numeric/src/builtins.rs	585	excluded-state	p1-laneu	pending	
11507	crates/backend/utils/adt/numeric/src/builtins.rs	586	excluded-state	p1-laneu	pending	
11508	crates/backend/utils/adt/numeric/src/builtins.rs	588	excluded-state	p1-laneu	pending	
11509	crates/backend/utils/adt/numeric/src/builtins.rs	590	excluded-state	p1-laneu	pending	
11510	crates/backend/utils/adt/numeric/src/builtins.rs	591	excluded-state	p1-laneu	pending	
11511	crates/backend/utils/adt/numeric/src/builtins.rs	592	excluded-state	p1-laneu	pending	
11512	crates/backend/utils/adt/numeric/src/builtins.rs	593	excluded-state	p1-laneu	pending	
11513	crates/backend/utils/adt/numeric/src/builtins.rs	597	excluded-state	p1-laneu	pending	
11514	crates/backend/utils/adt/numeric/src/builtins.rs	600	excluded-state	p1-laneu	pending	
11515	crates/backend/utils/adt/numeric/src/builtins.rs	601	excluded-state	p1-laneu	pending	
11516	crates/backend/utils/adt/numeric/src/builtins.rs	602	excluded-state	p1-laneu	pending	
11517	crates/backend/utils/adt/numeric/src/builtins.rs	603	excluded-state	p1-laneu	pending	
11518	crates/backend/utils/adt/numeric/src/builtins.rs	604	excluded-state	p1-laneu	pending	
11519	crates/backend/utils/adt/numeric/src/builtins.rs	607	excluded-state	p1-laneu	pending	
11520	crates/backend/utils/adt/numeric/src/builtins.rs	608	excluded-state	p1-laneu	pending	
11521	crates/backend/utils/adt/numeric/src/builtins.rs	612	excluded-state	p1-laneu	pending	
11522	crates/backend/utils/adt/numeric/src/builtins.rs	615	excluded-state	p1-laneu	pending	
11523	crates/backend/utils/adt/numeric/src/builtins.rs	616	excluded-state	p1-laneu	pending	
11524	crates/backend/utils/adt/numeric/src/builtins.rs	618	excluded-state	p1-laneu	pending	
11525	crates/backend/utils/adt/numeric/src/builtins.rs	621	excluded-state	p1-laneu	pending	
11526	crates/backend/utils/adt/numeric/src/builtins.rs	622	excluded-state	p1-laneu	pending	
11527	crates/backend/utils/adt/numeric/src/builtins.rs	623	excluded-state	p1-laneu	pending	
11528	crates/backend/utils/adt/numeric/src/builtins.rs	624	excluded-state	p1-laneu	pending	
11529	crates/backend/utils/adt/numeric/src/builtins.rs	627	excluded-state	p1-laneu	pending	
11530	crates/backend/utils/adt/numeric/src/builtins.rs	628	excluded-state	p1-laneu	pending	
11531	crates/backend/utils/adt/numeric/src/builtins.rs	631	excluded-state	p1-laneu	pending	
11532	crates/backend/utils/adt/numeric/src/builtins.rs	632	excluded-state	p1-laneu	pending	
11533	crates/backend/utils/adt/numeric/src/builtins.rs	633	excluded-state	p1-laneu	pending	
11534	crates/backend/utils/adt/numeric/src/builtins.rs	634	excluded-state	p1-laneu	pending	
11535	crates/backend/utils/adt/numeric/src/builtins.rs	635	excluded-state	p1-laneu	pending	
11536	crates/backend/utils/adt/numeric/src/builtins.rs	640	excluded-state	p1-laneu	pending	
11537	crates/backend/utils/adt/numeric/src/builtins.rs	642	excluded-state	p1-laneu	pending	
11538	crates/backend/utils/adt/numeric/src/builtins.rs	643	excluded-state	p1-laneu	pending	
11539	crates/backend/utils/adt/numeric/src/builtins.rs	644	excluded-state	p1-laneu	pending	
11540	crates/backend/utils/adt/numeric/src/builtins.rs	645	excluded-state	p1-laneu	pending	
11541	crates/backend/utils/adt/numeric/src/builtins.rs	646	excluded-state	p1-laneu	pending	
11542	crates/backend/utils/adt/numeric/src/builtins.rs	647	excluded-state	p1-laneu	pending	
11543	crates/backend/utils/adt/numeric/src/builtins.rs	653	excluded-state	p1-laneu	pending	
11544	crates/backend/utils/adt/numeric/src/builtins.rs	656	excluded-state	p1-laneu	pending	
11545	crates/backend/utils/adt/numeric/src/builtins.rs	657	excluded-state	p1-laneu	pending	
11546	crates/backend/utils/adt/numeric/src/builtins.rs	659	excluded-state	p1-laneu	pending	
11547	crates/backend/utils/adt/numeric/src/builtins.rs	660	excluded-state	p1-laneu	pending	
11548	crates/backend/utils/adt/numeric/src/builtins.rs	661	excluded-state	p1-laneu	pending	
11549	crates/backend/utils/adt/numeric/src/builtins.rs	662	excluded-state	p1-laneu	pending	
11550	crates/backend/utils/adt/numeric/src/builtins.rs	663	excluded-state	p1-laneu	pending	
11551	crates/backend/utils/adt/numeric/src/builtins.rs	664	excluded-state	p1-laneu	pending	
11552	crates/backend/utils/adt/numeric/src/builtins.rs	666	excluded-state	p1-laneu	pending	
11553	crates/backend/utils/adt/numeric/src/builtins.rs	667	excluded-state	p1-laneu	pending	
11554	crates/backend/utils/adt/numeric/src/builtins.rs	670	excluded-state	p1-laneu	pending	
11555	crates/backend/utils/adt/numeric/src/builtins.rs	671	excluded-state	p1-laneu	pending	
11556	crates/backend/utils/adt/numeric/src/builtins.rs	672	excluded-state	p1-laneu	pending	
11557	crates/backend/utils/adt/numeric/src/builtins.rs	673	excluded-state	p1-laneu	pending	
11558	crates/backend/utils/adt/numeric/src/builtins.rs	674	excluded-state	p1-laneu	pending	
11559	crates/backend/utils/adt/numeric/src/builtins.rs	677	excluded-state	p1-laneu	pending	
11560	crates/backend/utils/adt/numeric/src/builtins.rs	678	excluded-state	p1-laneu	pending	
11561	crates/backend/utils/adt/numeric/src/builtins.rs	679	excluded-state	p1-laneu	pending	
11562	crates/backend/utils/adt/numeric/src/builtins.rs	680	excluded-state	p1-laneu	pending	
11563	crates/backend/utils/adt/numeric/src/builtins.rs	681	excluded-state	p1-laneu	pending	
11564	crates/backend/utils/adt/numeric/src/builtins.rs	685	excluded-state	p1-laneu	pending	
11565	crates/backend/utils/adt/numeric/src/builtins.rs	688	excluded-state	p1-laneu	pending	
11566	crates/backend/utils/adt/numeric/src/builtins.rs	689	excluded-state	p1-laneu	pending	
11567	crates/backend/utils/adt/numeric/src/builtins.rs	691	excluded-state	p1-laneu	pending	
11568	crates/backend/utils/adt/numeric/src/builtins.rs	693	excluded-state	p1-laneu	pending	
11569	crates/backend/utils/adt/numeric/src/builtins.rs	694	excluded-state	p1-laneu	pending	
11570	crates/backend/utils/adt/numeric/src/builtins.rs	695	excluded-state	p1-laneu	pending	
11571	crates/backend/utils/adt/numeric/src/builtins.rs	696	excluded-state	p1-laneu	pending	
11572	crates/backend/utils/adt/numeric/src/builtins.rs	699	excluded-state	p1-laneu	pending	
11573	crates/backend/utils/adt/numeric/src/builtins.rs	700	excluded-state	p1-laneu	pending	
11574	crates/backend/utils/adt/numeric/src/builtins.rs	701	excluded-state	p1-laneu	pending	
11575	crates/backend/utils/adt/numeric/src/builtins.rs	702	excluded-state	p1-laneu	pending	
11576	crates/backend/utils/adt/numeric/src/builtins.rs	703	excluded-state	p1-laneu	pending	
11577	crates/backend/utils/adt/numeric/src/builtins.rs	706	excluded-state	p1-laneu	pending	
11578	crates/backend/utils/adt/numeric/src/builtins.rs	707	excluded-state	p1-laneu	pending	
11579	crates/backend/utils/adt/numeric/src/builtins.rs	708	excluded-state	p1-laneu	pending	
11580	crates/backend/utils/adt/numeric/src/builtins.rs	709	excluded-state	p1-laneu	pending	
11581	crates/backend/utils/adt/numeric/src/builtins.rs	710	excluded-state	p1-laneu	pending	
11582	crates/backend/utils/adt/numeric/src/builtins.rs	714	excluded-state	p1-laneu	pending	
11583	crates/backend/utils/adt/numeric/src/builtins.rs	717	excluded-state	p1-laneu	pending	
11584	crates/backend/utils/adt/numeric/src/builtins.rs	718	excluded-state	p1-laneu	pending	
11585	crates/backend/utils/adt/numeric/src/builtins.rs	720	excluded-state	p1-laneu	pending	
11586	crates/backend/utils/adt/numeric/src/builtins.rs	721	excluded-state	p1-laneu	pending	
11587	crates/backend/utils/adt/numeric/src/builtins.rs	722	excluded-state	p1-laneu	pending	
11588	crates/backend/utils/adt/numeric/src/builtins.rs	723	excluded-state	p1-laneu	pending	
11589	crates/backend/utils/adt/numeric/src/builtins.rs	724	excluded-state	p1-laneu	pending	
11590	crates/backend/utils/adt/numeric/src/builtins.rs	725	excluded-state	p1-laneu	pending	
11591	crates/backend/utils/adt/numeric/src/builtins.rs	727	excluded-state	p1-laneu	pending	
11592	crates/backend/utils/adt/numeric/src/builtins.rs	728	excluded-state	p1-laneu	pending	
11593	crates/backend/utils/adt/numeric/src/builtins.rs	731	excluded-state	p1-laneu	pending	
11594	crates/backend/utils/adt/numeric/src/builtins.rs	732	excluded-state	p1-laneu	pending	
11595	crates/backend/utils/adt/numeric/src/builtins.rs	733	excluded-state	p1-laneu	pending	
11596	crates/backend/utils/adt/numeric/src/builtins.rs	734	excluded-state	p1-laneu	pending	
11597	crates/backend/utils/adt/numeric/src/builtins.rs	735	excluded-state	p1-laneu	pending	
11598	crates/backend/utils/adt/numeric/src/builtins.rs	738	excluded-state	p1-laneu	pending	
11599	crates/backend/utils/adt/numeric/src/builtins.rs	739	excluded-state	p1-laneu	pending	
11600	crates/backend/utils/adt/numeric/src/builtins.rs	740	excluded-state	p1-laneu	pending	
11601	crates/backend/utils/adt/numeric/src/builtins.rs	741	excluded-state	p1-laneu	pending	
11602	crates/backend/utils/adt/numeric/src/builtins.rs	742	excluded-state	p1-laneu	pending	
11603	crates/backend/utils/adt/numeric/src/builtins.rs	747	excluded-state	p1-laneu	pending	
11604	crates/backend/utils/adt/numeric/src/builtins.rs	748	excluded-state	p1-laneu	pending	
11605	crates/backend/utils/adt/numeric/src/builtins.rs	751	excluded-state	p1-laneu	pending	
11606	crates/backend/utils/adt/numeric/src/builtins.rs	752	excluded-state	p1-laneu	pending	
11607	crates/backend/utils/adt/numeric/src/builtins.rs	753	excluded-state	p1-laneu	pending	
11608	crates/backend/utils/adt/numeric/src/builtins.rs	754	excluded-state	p1-laneu	pending	
11609	crates/backend/utils/adt/numeric/src/builtins.rs	756	excluded-state	p1-laneu	pending	
11610	crates/backend/utils/adt/numeric/src/builtins.rs	757	excluded-state	p1-laneu	pending	
11611	crates/backend/utils/adt/numeric/src/builtins.rs	773	excluded-state	p1-laneu	pending	
11612	crates/backend/utils/adt/numeric/src/builtins.rs	774	excluded-state	p1-laneu	pending	
11613	crates/backend/utils/adt/numeric/src/builtins.rs	777	excluded-state	p1-laneu	pending	
11614	crates/backend/utils/adt/numeric/src/builtins.rs	778	excluded-state	p1-laneu	pending	
11615	crates/backend/utils/adt/numeric/src/builtins.rs	780	excluded-state	p1-laneu	pending	
11616	crates/backend/utils/adt/numeric/src/builtins.rs	781	excluded-state	p1-laneu	pending	
11617	crates/backend/utils/adt/numeric/src/builtins.rs	782	excluded-state	p1-laneu	pending	
11618	crates/backend/utils/adt/numeric/src/builtins.rs	784	excluded-state	p1-laneu	pending	
11619	crates/backend/utils/adt/numeric/src/builtins.rs	785	excluded-state	p1-laneu	pending	
11620	crates/backend/utils/adt/numeric/src/builtins.rs	795	excluded-state	p1-laneu	pending	
11621	crates/backend/utils/adt/numeric/src/builtins.rs	796	excluded-state	p1-laneu	pending	
11622	crates/backend/utils/adt/numeric/src/builtins.rs	797	excluded-state	p1-laneu	pending	
11623	crates/backend/utils/adt/numeric/src/builtins.rs	798	excluded-state	p1-laneu	pending	
11624	crates/backend/utils/adt/numeric/src/builtins.rs	803	excluded-state	p1-laneu	pending	
11625	crates/backend/utils/adt/numeric/src/builtins.rs	804	excluded-state	p1-laneu	pending	
11626	crates/backend/utils/adt/numeric/src/builtins.rs	806	excluded-state	p1-laneu	pending	
11627	crates/backend/utils/adt/numeric/src/builtins.rs	807	excluded-state	p1-laneu	pending	
11628	crates/backend/utils/adt/numeric/src/builtins.rs	809	excluded-state	p1-laneu	pending	
11629	crates/backend/utils/adt/numeric/src/builtins.rs	810	excluded-state	p1-laneu	pending	
11630	crates/backend/utils/adt/numeric/src/builtins.rs	812	excluded-state	p1-laneu	pending	
11631	crates/backend/utils/adt/numeric/src/builtins.rs	813	excluded-state	p1-laneu	pending	
11632	crates/backend/utils/adt/numeric/src/builtins.rs	835	excluded-state	p1-laneu	pending	
11633	crates/backend/utils/adt/numeric/src/builtins.rs	836	excluded-state	p1-laneu	pending	
11634	crates/backend/utils/adt/numeric/src/builtins.rs	860	excluded-state	p1-laneu	pending	
11635	crates/backend/utils/adt/numeric/src/builtins.rs	861	excluded-state	p1-laneu	pending	
11636	crates/backend/utils/adt/numeric/src/builtins.rs	862	excluded-state	p1-laneu	pending	
11637	crates/backend/utils/adt/numeric/src/builtins.rs	863	excluded-state	p1-laneu	pending	
11638	crates/backend/utils/adt/numeric/src/builtins.rs	864	excluded-state	p1-laneu	pending	
11639	crates/backend/utils/adt/numeric/src/builtins.rs	865	excluded-state	p1-laneu	pending	
11640	crates/backend/utils/adt/numeric/src/builtins.rs	866	excluded-state	p1-laneu	pending	
11641	crates/backend/utils/adt/numeric/src/builtins.rs	867	excluded-state	p1-laneu	pending	
11642	crates/backend/utils/adt/numeric/src/builtins.rs	868	excluded-state	p1-laneu	pending	
11643	crates/backend/utils/adt/numeric/src/builtins.rs	869	excluded-state	p1-laneu	pending	
11644	crates/backend/utils/adt/numeric/src/builtins.rs	870	excluded-state	p1-laneu	pending	
11645	crates/backend/utils/adt/numeric/src/builtins.rs	871	excluded-state	p1-laneu	pending	
11646	crates/backend/utils/adt/numeric/src/builtins.rs	873	excluded-state	p1-laneu	pending	
11647	crates/backend/utils/adt/numeric/src/builtins.rs	888	excluded-state	p1-laneu	pending	
11648	crates/backend/utils/adt/numeric/src/builtins.rs	951	excluded-state	p1-laneu	pending	
11649	crates/backend/utils/adt/numeric/src/builtins.rs	953	excluded-state	p1-laneu	pending	
11650	crates/backend/utils/adt/numeric/src/builtins.rs	954	excluded-state	p1-laneu	pending	
11651	crates/backend/utils/adt/numeric/src/builtins.rs	959	excluded-state	p1-laneu	pending	
11652	crates/backend/utils/adt/numeric/src/builtins.rs	960	excluded-state	p1-laneu	pending	
11653	crates/backend/utils/adt/numeric/src/builtins.rs	962	excluded-state	p1-laneu	pending	
11654	crates/backend/utils/adt/numeric/src/builtins.rs	963	excluded-state	p1-laneu	pending	
11655	crates/backend/utils/adt/numeric/src/builtins.rs	964	excluded-state	p1-laneu	pending	
11656	crates/backend/utils/adt/numeric/src/builtins.rs	1046	excluded-state	p1-laneu	pending	
11657	crates/backend/utils/adt/numeric/src/builtins.rs	1048	excluded-state	p1-laneu	pending	
11658	crates/backend/utils/adt/numeric/src/builtins.rs	1049	excluded-state	p1-laneu	pending	
11659	crates/backend/utils/adt/numeric/src/builtins.rs	1051	excluded-state	p1-laneu	pending	
11660	crates/backend/utils/adt/numeric/src/builtins.rs	1052	excluded-state	p1-laneu	pending	
11661	crates/backend/utils/adt/numeric/src/builtins.rs	1055	excluded-state	p1-laneu	pending	
11662	crates/backend/utils/adt/numeric/src/builtins.rs	1056	excluded-state	p1-laneu	pending	
11663	crates/backend/utils/adt/numeric/src/builtins.rs	1057	excluded-state	p1-laneu	pending	
11664	crates/backend/utils/adt/numeric/src/builtins.rs	1058	excluded-state	p1-laneu	pending	
11665	crates/backend/utils/adt/numeric/src/builtins.rs	1059	excluded-state	p1-laneu	pending	
11666	crates/backend/utils/adt/numeric/src/builtins.rs	1060	excluded-state	p1-laneu	pending	
11667	crates/backend/utils/adt/numeric/src/builtins.rs	1061	excluded-state	p1-laneu	pending	
11668	crates/backend/utils/adt/numeric/src/builtins.rs	1062	excluded-state	p1-laneu	pending	
11669	crates/backend/utils/adt/numeric/src/builtins.rs	1064	excluded-state	p1-laneu	pending	
11670	crates/backend/utils/adt/numeric/src/builtins.rs	1065	excluded-state	p1-laneu	pending	
11671	crates/backend/utils/adt/numeric/src/builtins.rs	1067	excluded-state	p1-laneu	pending	
11672	crates/backend/utils/adt/numeric/src/builtins.rs	1068	excluded-state	p1-laneu	pending	
11673	crates/backend/utils/adt/numeric/src/builtins.rs	1069	excluded-state	p1-laneu	pending	
11674	crates/backend/utils/adt/numeric/src/builtins.rs	1070	excluded-state	p1-laneu	pending	
11675	crates/backend/utils/adt/numeric/src/builtins.rs	1071	excluded-state	p1-laneu	pending	
11676	crates/backend/utils/adt/numeric/src/builtins.rs	1072	excluded-state	p1-laneu	pending	
11677	crates/backend/utils/adt/numeric/src/builtins.rs	1073	excluded-state	p1-laneu	pending	
11678	crates/backend/utils/adt/numeric/src/builtins.rs	1074	excluded-state	p1-laneu	pending	
11679	crates/backend/utils/adt/numeric/src/builtins.rs	1075	excluded-state	p1-laneu	pending	
11680	crates/backend/utils/adt/numeric/src/builtins.rs	1076	excluded-state	p1-laneu	pending	
11681	crates/backend/utils/adt/numeric/src/builtins.rs	1077	excluded-state	p1-laneu	pending	
11682	crates/backend/utils/adt/numeric/src/builtins.rs	1079	excluded-state	p1-laneu	pending	
11683	crates/backend/utils/adt/numeric/src/builtins.rs	1080	excluded-state	p1-laneu	pending	
11684	crates/backend/utils/adt/numeric/src/builtins.rs	1081	excluded-state	p1-laneu	pending	
11685	crates/backend/utils/adt/numeric/src/builtins.rs	1083	excluded-state	p1-laneu	pending	
11686	crates/backend/utils/adt/numeric/src/builtins.rs	1118	excluded-state	p1-laneu	pending	
11687	crates/backend/utils/adt/numeric/src/builtins.rs	1119	excluded-state	p1-laneu	pending	
11688	crates/backend/utils/adt/numeric/src/builtins.rs	1120	excluded-state	p1-laneu	pending	
11689	crates/backend/utils/adt/numeric/src/builtins.rs	1121	excluded-state	p1-laneu	pending	
11690	crates/backend/utils/adt/numeric/src/builtins.rs	1122	excluded-state	p1-laneu	pending	
11691	crates/backend/utils/adt/numeric/src/builtins.rs	1123	excluded-state	p1-laneu	pending	
11692	crates/backend/utils/adt/numeric/src/builtins.rs	1125	excluded-state	p1-laneu	pending	
11693	crates/backend/utils/adt/numeric/src/builtins.rs	1126	excluded-state	p1-laneu	pending	
11694	crates/backend/utils/adt/numeric/src/builtins.rs	1128	excluded-state	p1-laneu	pending	
11695	crates/backend/utils/adt/numeric/src/builtins.rs	1130	excluded-state	p1-laneu	pending	
11696	crates/backend/utils/adt/numeric/src/builtins.rs	1132	excluded-state	p1-laneu	pending	
11697	crates/backend/utils/adt/numeric/src/builtins.rs	1133	excluded-state	p1-laneu	pending	
11698	crates/backend/utils/adt/numeric/src/builtins.rs	1134	excluded-state	p1-laneu	pending	
11699	crates/backend/utils/adt/numeric/src/builtins.rs	1136	excluded-state	p1-laneu	pending	
11700	crates/backend/utils/adt/numeric/src/builtins.rs	1137	excluded-state	p1-laneu	pending	
11701	crates/backend/utils/adt/numeric/src/builtins.rs	1138	excluded-state	p1-laneu	pending	
11702	crates/backend/utils/adt/numeric/src/builtins.rs	1139	excluded-state	p1-laneu	pending	
11703	crates/backend/utils/adt/numeric/src/builtins.rs	1140	excluded-state	p1-laneu	pending	
11704	crates/backend/utils/adt/numeric/src/builtins.rs	1141	excluded-state	p1-laneu	pending	
11705	crates/backend/utils/adt/numeric/src/builtins.rs	1142	excluded-state	p1-laneu	pending	
11706	crates/backend/utils/adt/numeric/src/builtins.rs	1143	excluded-state	p1-laneu	pending	
11707	crates/backend/utils/adt/numeric/src/builtins.rs	1145	excluded-state	p1-laneu	pending	
11708	crates/backend/utils/adt/numeric/src/builtins.rs	1146	excluded-state	p1-laneu	pending	
11709	crates/backend/utils/adt/numeric/src/builtins.rs	1148	excluded-state	p1-laneu	pending	
11710	crates/backend/utils/adt/numeric/src/builtins.rs	1154	excluded-state	p1-laneu	pending	
11711	crates/backend/utils/adt/numeric/src/builtins.rs	1155	excluded-state	p1-laneu	pending	
11712	crates/backend/utils/adt/numeric/src/builtins.rs	1158	excluded-state	p1-laneu	pending	
11713	crates/backend/utils/adt/numeric/src/builtins.rs	1159	excluded-state	p1-laneu	pending	
11714	crates/backend/utils/adt/numeric/src/builtins.rs	1160	excluded-state	p1-laneu	pending	
11715	crates/backend/utils/adt/numeric/src/builtins.rs	1161	excluded-state	p1-laneu	pending	
11716	crates/backend/utils/adt/numeric/src/builtins.rs	1162	excluded-state	p1-laneu	pending	
11717	crates/backend/utils/adt/numeric/src/builtins.rs	1163	excluded-state	p1-laneu	pending	
11718	crates/backend/utils/adt/numeric/src/builtins.rs	1164	excluded-state	p1-laneu	pending	
11719	crates/backend/utils/adt/numeric/src/builtins.rs	1165	excluded-state	p1-laneu	pending	
11720	crates/backend/utils/adt/numeric/src/builtins.rs	1166	excluded-state	p1-laneu	pending	
11721	crates/backend/utils/adt/numeric/src/builtins.rs	1167	excluded-state	p1-laneu	pending	
11722	crates/backend/utils/adt/numeric/src/builtins.rs	1168	excluded-state	p1-laneu	pending	
11723	crates/backend/utils/adt/numeric/src/builtins.rs	1169	excluded-state	p1-laneu	pending	
11724	crates/backend/utils/adt/numeric/src/builtins.rs	1171	excluded-state	p1-laneu	pending	
11725	crates/backend/utils/adt/numeric/src/builtins.rs	1172	excluded-state	p1-laneu	pending	
11726	crates/backend/utils/adt/numeric/src/builtins.rs	1180	excluded-state	p1-laneu	pending	
11727	crates/backend/utils/adt/numeric/src/builtins.rs	1181	excluded-state	p1-laneu	pending	
11728	crates/backend/utils/adt/numeric/src/builtins.rs	1182	excluded-state	p1-laneu	pending	
11729	crates/backend/utils/adt/numeric/src/builtins.rs	1183	excluded-state	p1-laneu	pending	
11730	crates/backend/utils/adt/numeric/src/builtins.rs	1184	excluded-state	p1-laneu	pending	
11731	crates/backend/utils/adt/numeric/src/builtins.rs	1185	excluded-state	p1-laneu	pending	
11732	crates/backend/utils/adt/numeric/src/builtins.rs	1188	excluded-state	p1-laneu	pending	
11733	crates/backend/utils/adt/numeric/src/builtins.rs	1189	excluded-state	p1-laneu	pending	
11734	crates/backend/utils/adt/numeric/src/builtins.rs	1191	excluded-state	p1-laneu	pending	
11735	crates/backend/utils/adt/numeric/src/builtins.rs	1192	excluded-state	p1-laneu	pending	
11736	crates/backend/utils/adt/numeric/src/builtins.rs	1193	excluded-state	p1-laneu	pending	
11737	crates/backend/utils/adt/numeric/src/builtins.rs	1195	excluded-state	p1-laneu	pending	
11738	crates/backend/utils/adt/numeric/src/builtins.rs	1196	excluded-state	p1-laneu	pending	
11739	crates/backend/utils/adt/numeric/src/builtins.rs	1197	excluded-state	p1-laneu	pending	
11740	crates/backend/utils/adt/numeric/src/builtins.rs	1198	excluded-state	p1-laneu	pending	
11741	crates/backend/utils/adt/numeric/src/builtins.rs	1199	excluded-state	p1-laneu	pending	
11742	crates/backend/utils/adt/numeric/src/builtins.rs	1200	excluded-state	p1-laneu	pending	
11743	crates/backend/utils/adt/numeric/src/builtins.rs	1201	excluded-state	p1-laneu	pending	
11744	crates/backend/utils/adt/numeric/src/builtins.rs	1203	excluded-state	p1-laneu	pending	
11745	crates/backend/utils/adt/numeric/src/builtins.rs	1204	excluded-state	p1-laneu	pending	
11746	crates/backend/utils/adt/numeric/src/builtins.rs	1208	excluded-state	p1-laneu	pending	
11747	crates/backend/utils/adt/numeric/src/builtins.rs	1210	excluded-state	p1-laneu	pending	
11748	crates/backend/utils/adt/numeric/src/builtins.rs	1211	excluded-state	p1-laneu	pending	
11749	crates/backend/utils/adt/numeric/src/builtins.rs	1214	excluded-state	p1-laneu	pending	
11750	crates/backend/utils/adt/numeric/src/builtins.rs	1216	excluded-state	p1-laneu	pending	
11751	crates/backend/utils/adt/numeric/src/builtins.rs	1218	excluded-state	p1-laneu	pending	
11752	crates/backend/utils/adt/numeric/src/builtins.rs	1220	excluded-state	p1-laneu	pending	
11753	crates/backend/utils/adt/numeric/src/builtins.rs	1222	excluded-state	p1-laneu	pending	
11754	crates/backend/utils/adt/numeric/src/builtins.rs	1223	excluded-state	p1-laneu	pending	
11755	crates/backend/utils/adt/numeric/src/builtins.rs	1225	excluded-state	p1-laneu	pending	
11756	crates/backend/utils/adt/numeric/src/builtins.rs	1229	excluded-state	p1-laneu	pending	
11757	crates/backend/utils/adt/numeric/src/builtins.rs	1230	excluded-state	p1-laneu	pending	
11758	crates/backend/utils/adt/numeric/src/builtins.rs	1233	excluded-state	p1-laneu	pending	
11759	crates/backend/utils/adt/numeric/src/builtins.rs	1234	excluded-state	p1-laneu	pending	
11760	crates/backend/utils/adt/numeric/src/lib.rs	232	unreachable-arm	p1-laneu	pending	
11761	crates/backend/utils/adt/numeric/src/lib.rs	259	unreachable-arm	p1-laneu	pending	
11762	crates/backend/utils/adt/numeric/src/lib.rs	260	unreachable-arm	p1-laneu	pending	
11763	crates/backend/utils/adt/numeric/src/lib.rs	76	const-eval-only	p1-laneu	pending	
11764	file	line	class	p1-laneu	auto	E5-token:auto;E6-badpath;E6-badline
11765	crates/backend/utils/adt/numeric/src/arith.rs	739	auto:let-decl	p1-laneu	auto	E5-token:auto
11766	crates/backend/utils/adt/numeric/src/builtins.rs	58	auto:macro-decl	p1-laneu	auto	E5-token:auto;E4-measured
11767	crates/backend/utils/adt/numeric/src/builtins.rs	59	auto:macro-decl	p1-laneu	auto	E5-token:auto;E4-measured
11768	crates/backend/utils/adt/numeric/src/builtins.rs	173	auto:macro-decl	p1-laneu	auto	E5-token:auto
11769	crates/backend/utils/adt/numeric/src/builtins.rs	174	auto:macro-decl	p1-laneu	auto	E5-token:auto
11770	crates/backend/utils/adt/numeric/src/builtins.rs	175	auto:macro-decl	p1-laneu	auto	E5-token:auto
11771	crates/backend/utils/adt/numeric/src/builtins.rs	176	auto:macro-decl	p1-laneu	auto	E5-token:auto
11772	crates/backend/utils/adt/numeric/src/builtins.rs	177	auto:macro-decl	p1-laneu	auto	E5-token:auto
11773	crates/backend/utils/adt/numeric/src/builtins.rs	178	auto:macro-decl	p1-laneu	auto	E5-token:auto
11774	crates/backend/utils/adt/numeric/src/builtins.rs	179	auto:macro-decl	p1-laneu	auto	E5-token:auto
11775	crates/backend/utils/adt/numeric/src/builtins.rs	180	auto:macro-decl	p1-laneu	auto	E5-token:auto
11776	crates/backend/utils/adt/numeric/src/builtins.rs	181	auto:macro-decl	p1-laneu	auto	E5-token:auto
11777	crates/backend/utils/adt/numeric/src/builtins.rs	182	auto:macro-decl	p1-laneu	auto	E5-token:auto
11778	crates/backend/utils/adt/numeric/src/builtins.rs	196	auto:macro-decl	p1-laneu	auto	E5-token:auto
11779	crates/backend/utils/adt/numeric/src/builtins.rs	197	auto:macro-decl	p1-laneu	auto	E5-token:auto
11780	crates/backend/utils/adt/numeric/src/builtins.rs	198	auto:macro-decl	p1-laneu	auto	E5-token:auto
11781	crates/backend/utils/adt/numeric/src/builtins.rs	199	auto:macro-decl	p1-laneu	auto	E5-token:auto
11782	crates/backend/utils/adt/numeric/src/builtins.rs	200	auto:macro-decl	p1-laneu	auto	E5-token:auto
11783	crates/backend/utils/adt/numeric/src/builtins.rs	201	auto:macro-decl	p1-laneu	auto	E5-token:auto
11784	crates/backend/utils/adt/numeric/src/builtins.rs	202	auto:macro-decl	p1-laneu	auto	E5-token:auto
11785	crates/backend/utils/adt/numeric/src/builtins.rs	217	auto:macro-decl	p1-laneu	auto	E5-token:auto
11786	crates/backend/utils/adt/numeric/src/builtins.rs	218	auto:macro-decl	p1-laneu	auto	E5-token:auto
11787	crates/backend/utils/adt/numeric/src/builtins.rs	219	auto:macro-decl	p1-laneu	auto	E5-token:auto
11788	crates/backend/utils/adt/numeric/src/builtins.rs	234	auto:macro-decl	p1-laneu	auto	E5-token:auto
11789	crates/backend/utils/adt/numeric/src/builtins.rs	235	auto:macro-decl	p1-laneu	auto	E5-token:auto
11790	crates/backend/utils/adt/numeric/src/builtins.rs	236	auto:macro-decl	p1-laneu	auto	E5-token:auto
11791	crates/backend/utils/adt/numeric/src/builtins.rs	335	auto:call-str-cont	p1-laneu	auto	E5-token:auto
11792	crates/backend/utils/adt/numeric/src/builtins.rs	397	auto:macro-decl	p1-laneu	auto	E5-token:auto
11793	crates/backend/utils/adt/numeric/src/builtins.rs	398	auto:macro-decl	p1-laneu	auto	E5-token:auto
11794	crates/backend/utils/adt/numeric/src/builtins.rs	765	auto:macro-decl	p1-laneu	auto	E5-token:auto
11795	crates/backend/utils/adt/numeric/src/builtins.rs	766	auto:macro-decl	p1-laneu	auto	E5-token:auto
11796	crates/backend/utils/adt/numeric/src/builtins.rs	793	auto:macro-decl	p1-laneu	auto	E5-token:auto
11797	crates/backend/utils/adt/numeric/src/builtins.rs	794	auto:macro-decl	p1-laneu	auto	E5-token:auto
11798	crates/backend/utils/adt/numeric/src/builtins.rs	821	auto:macro-decl	p1-laneu	auto	E5-token:auto
11799	crates/backend/utils/adt/numeric/src/builtins.rs	822	auto:macro-decl	p1-laneu	auto	E5-token:auto
11800	crates/backend/utils/adt/numeric/src/builtins.rs	823	auto:macro-decl	p1-laneu	auto	E5-token:auto
11801	crates/backend/utils/adt/numeric/src/builtins.rs	824	auto:macro-decl	p1-laneu	auto	E5-token:auto
11802	crates/backend/utils/adt/numeric/src/builtins.rs	918	auto:macro-decl	p1-laneu	auto	E5-token:auto
11803	crates/backend/utils/adt/numeric/src/builtins.rs	919	auto:macro-decl	p1-laneu	auto	E5-token:auto
11804	crates/backend/utils/adt/numeric/src/builtins.rs	945	auto:macro-decl	p1-laneu	auto	E5-token:auto
11805	crates/backend/utils/adt/numeric/src/builtins.rs	946	auto:macro-decl	p1-laneu	auto	E5-token:auto
11806	crates/backend/utils/adt/numeric/src/builtins.rs	1037	auto:macro-decl	p1-laneu	auto	E5-token:auto
11807	crates/backend/utils/adt/numeric/src/builtins.rs	1038	auto:macro-decl	p1-laneu	auto	E5-token:auto
11808	crates/backend/utils/adt/numeric/src/builtins.rs	1039	auto:macro-decl	p1-laneu	auto	E5-token:auto
11809	crates/backend/utils/adt/numeric/src/builtins.rs	1040	auto:macro-decl	p1-laneu	auto	E5-token:auto
11810	crates/backend/utils/adt/numeric/src/builtins.rs	1238	auto:table-head	p1-laneu	auto	E5-token:auto
11811	crates/backend/utils/adt/numeric/src/io.rs	56	auto:let-decl	p1-laneu	auto	E5-token:auto
11812	crates/backend/utils/adt/numeric/src/io.rs	486	auto:let-decl	p1-laneu	auto	E5-token:auto
11813	crates/backend/utils/adt/numeric/src/lib.rs	75	auto:brace-table-head	p1-laneu	auto	E5-token:auto
11814	crates/backend/utils/adt/numeric/src/math.rs	772	auto:let-decl	p1-laneu	auto	E5-token:auto
11815	crates/backend/utils/adt/numeric/src/ops.rs	34	auto:fmt-cont	p1-laneu	auto	E5-token:auto;E4-measured
11816	crates/backend/utils/adt/numeric/src/ops.rs	40	auto:fmt-cont	p1-laneu	auto	E5-token:auto;E4-measured
11817	crates/backend/utils/adt/numeric/src/ops.rs	49	auto:fmt-cont	p1-laneu	auto	E5-token:auto;E4-measured
11818	crates/backend/utils/adt/numeric/src/ops.rs	84	auto:fmt-cont	p1-laneu	auto	E5-token:auto
11819	crates/backend/utils/adt/numeric/src/ops.rs	96	auto:fmt-cont	p1-laneu	auto	E5-token:auto
11820	crates/backend/utils/adt/numeric/src/ops.rs	624	auto:fmt-cont	p1-laneu	auto	E5-token:auto
11821	crates/backend/utils/adt/numeric/src/ops.rs	965	auto:let-decl	p1-laneu	auto	E5-token:auto
11822	crates/backend/utils/adt/numeric/src/sortsupport.rs	32	auto:fmt-cont	p1-laneu	auto	E5-token:auto
11823	crates/backend/utils/adt/numeric/src/sortsupport.rs	92	auto:let-decl	p1-laneu	auto	E5-token:auto
11824	crates/backend/utils/adt/numeric/src/var.rs	156	auto:brace-table-head	p1-laneu	auto	E5-token:auto
11825	crates/backend/utils/adt/numeric/src/var.rs	157	auto:brace-table-head	p1-laneu	auto	E5-token:auto
11826	crates/backend/utils/adt/numeric/src/var.rs	158	auto:brace-table-head	p1-laneu	auto	E5-token:auto
11827	crates/backend/utils/adt/numeric/src/var.rs	159	auto:brace-table-head	p1-laneu	auto	E5-token:auto
11828	crates/backend/utils/adt/numeric/src/var.rs	160	auto:brace-table-head	p1-laneu	auto	E5-token:auto
11829	crates/backend/utils/adt/numeric/src/var.rs	161	auto:brace-table-head	p1-laneu	auto	E5-token:auto
11830	crates/backend/utils/adt/numeric/src/var.rs	164	auto:brace-table-head	p1-laneu	auto	E5-token:auto
11831	crates/backend/utils/adt/numeric/src/var.rs	165	auto:brace-table-head	p1-laneu	auto	E5-token:auto
11832	crates/backend/utils/adt/numeric/src/var.rs	166	auto:brace-table-head	p1-laneu	auto	E5-token:auto
11833	crates/backend/utils/adt/numeric/src/var.rs	167	auto:brace-table-head	p1-laneu	auto	E5-token:auto
11834	crates/backend/utils/adt/numeric/src/var.rs	168	auto:brace-table-head	p1-laneu	auto	E5-token:auto
11835	crates/backend/utils/adt/numeric/src/var.rs	169	auto:brace-table-head	p1-laneu	auto	E5-token:auto
11836	crates/backend/utils/adt/numeric/src/var.rs	172	auto:brace-table-head	p1-laneu	auto	E5-token:auto
11837	crates/backend/utils/adt/numeric/src/var.rs	173	auto:brace-table-head	p1-laneu	auto	E5-token:auto
11838	crates/backend/utils/adt/numeric/src/var.rs	174	auto:brace-table-head	p1-laneu	auto	E5-token:auto
11839	crates/backend/utils/adt/numeric/src/var.rs	175	auto:brace-table-head	p1-laneu	auto	E5-token:auto
11840	crates/backend/utils/adt/numeric/src/var.rs	176	auto:brace-table-head	p1-laneu	auto	E5-token:auto
11841	crates/backend/utils/adt/numeric/src/var.rs	177	auto:brace-table-head	p1-laneu	auto	E5-token:auto
11842	crates/backend/utils/adt/numeric/src/var.rs	180	auto:brace-table-head	p1-laneu	auto	E5-token:auto
11843	crates/backend/utils/adt/numeric/src/var.rs	181	auto:brace-table-head	p1-laneu	auto	E5-token:auto
11844	crates/backend/utils/adt/numeric/src/var.rs	182	auto:brace-table-head	p1-laneu	auto	E5-token:auto
11845	crates/backend/utils/adt/numeric/src/var.rs	183	auto:brace-table-head	p1-laneu	auto	E5-token:auto
11846	crates/backend/utils/adt/numeric/src/var.rs	184	auto:brace-table-head	p1-laneu	auto	E5-token:auto
11847	crates/backend/utils/adt/numeric/src/var.rs	185	auto:brace-table-head	p1-laneu	auto	E5-token:auto
11848	crates/backend/utils/adt/numeric/src/var.rs	189	auto:brace-table-head	p1-laneu	auto	E5-token:auto
11849	crates/backend/utils/adt/numeric/src/var.rs	190	auto:brace-table-head	p1-laneu	auto	E5-token:auto
11850	crates/backend/utils/adt/numeric/src/var.rs	191	auto:brace-table-head	p1-laneu	auto	E5-token:auto
11851	crates/backend/utils/adt/numeric/src/var.rs	192	auto:brace-table-head	p1-laneu	auto	E5-token:auto
11852	crates/backend/utils/adt/numeric/src/var.rs	193	auto:brace-table-head	p1-laneu	auto	E5-token:auto
11853	crates/backend/utils/adt/numeric/src/var.rs	194	auto:brace-table-head	p1-laneu	auto	E5-token:auto
11854	crates/backend/utils/adt/numeric/src/var.rs	197	auto:brace-table-head	p1-laneu	auto	E5-token:auto
11855	crates/backend/utils/adt/numeric/src/var.rs	198	auto:brace-table-head	p1-laneu	auto	E5-token:auto
11856	crates/backend/utils/adt/numeric/src/var.rs	199	auto:brace-table-head	p1-laneu	auto	E5-token:auto
11857	crates/backend/utils/adt/numeric/src/var.rs	200	auto:brace-table-head	p1-laneu	auto	E5-token:auto
11858	crates/backend/utils/adt/numeric/src/var.rs	201	auto:brace-table-head	p1-laneu	auto	E5-token:auto
11859	crates/backend/utils/adt/numeric/src/var.rs	202	auto:brace-table-head	p1-laneu	auto	E5-token:auto
11860	crates/backend/utils/adt/numeric/src/var.rs	305	auto:let-decl	p1-laneu	auto	E5-token:auto
11861	crates/backend/utils/adt/numeric/src/var.rs	556	auto:fmt-cont	p1-laneu	auto	E5-token:auto
11862	crates/backend/utils/adt/adt_date/src/builtins.rs	1115	planner-carve	lane-l2	pending	
11863	crates/backend/utils/adt/adt_date/src/builtins.rs	1117	planner-carve	lane-l2	pending	
11864	crates/backend/utils/adt/adt_date/src/builtins.rs	1118	planner-carve	lane-l2	pending	
11865	crates/backend/utils/adt/adt_date/src/builtins.rs	1120	planner-carve	lane-l2	pending	
11866	crates/backend/utils/adt/adt_date/src/builtins.rs	1121	planner-carve	lane-l2	pending	
11867	crates/backend/utils/adt/adt_date/src/builtins.rs	1124	planner-carve	lane-l2	pending	
11868	crates/backend/utils/adt/adt_date/src/builtins.rs	1125	planner-carve	lane-l2	pending	
11869	crates/backend/utils/adt/adt_date/src/builtins.rs	1126	planner-carve	lane-l2	pending	
11870	crates/backend/utils/adt/adt_date/src/builtins.rs	1127	planner-carve	lane-l2	pending	
11871	crates/backend/utils/adt/adt_date/src/builtins.rs	1128	planner-carve	lane-l2	pending	
11872	crates/backend/utils/adt/adt_date/src/builtins.rs	1129	planner-carve	lane-l2	pending	
11873	crates/backend/utils/adt/adt_date/src/builtins.rs	1130	planner-carve	lane-l2	pending	
11874	crates/backend/utils/adt/adt_date/src/builtins.rs	1131	planner-carve	lane-l2	pending	
11875	crates/backend/utils/adt/adt_date/src/builtins.rs	1133	planner-carve	lane-l2	pending	
11876	crates/backend/utils/adt/adt_date/src/builtins.rs	1134	planner-carve	lane-l2	pending	
11877	crates/backend/utils/adt/adt_date/src/builtins.rs	1136	planner-carve	lane-l2	pending	
11878	crates/backend/utils/adt/adt_date/src/builtins.rs	1137	planner-carve	lane-l2	pending	
11879	crates/backend/utils/adt/adt_date/src/builtins.rs	1138	planner-carve	lane-l2	pending	
11880	crates/backend/utils/adt/adt_date/src/builtins.rs	1139	planner-carve	lane-l2	pending	
11881	crates/backend/utils/adt/adt_date/src/builtins.rs	1140	planner-carve	lane-l2	pending	
11882	crates/backend/utils/adt/adt_date/src/builtins.rs	1141	planner-carve	lane-l2	pending	
11883	crates/backend/utils/adt/adt_date/src/builtins.rs	1143	planner-carve	lane-l2	pending	
11884	crates/backend/utils/adt/adt_date/src/builtins.rs	1144	planner-carve	lane-l2	pending	
11885	crates/backend/utils/adt/adt_date/src/builtins.rs	1145	planner-carve	lane-l2	pending	
11886	crates/backend/utils/adt/adt_date/src/builtins.rs	1147	planner-carve	lane-l2	pending	
11887	crates/backend/utils/adt/adt_date/src/builtins.rs	48	excluded-state	lane-l2	pending	
11888	crates/backend/utils/adt/adt_date/src/builtins.rs	49	excluded-state	lane-l2	pending	
11889	crates/backend/utils/adt/adt_datetime/src/decode.rs	350	unreachable-arm	lane-l2	pending	
11890	crates/backend/utils/adt/adt_datetime/src/decode.rs	661	unreachable-arm	lane-l2	pending	
11891	crates/backend/utils/adt/adt_datetime/src/decode.rs	677	unreachable-arm	lane-l2	pending	
11892	crates/backend/utils/adt/adt_datetime/src/decode.rs	701	unreachable-arm	lane-l2	pending	
11893	crates/backend/utils/adt/adt_datetime/src/decode.rs	875	unreachable-arm	lane-l2	pending	
11894	crates/backend/utils/adt/adt_datetime/src/decode.rs	876	unreachable-arm	lane-l2	pending	
11895	crates/backend/utils/adt/adt_datetime/src/decode.rs	877	unreachable-arm	lane-l2	pending	
11896	crates/backend/utils/adt/adt_datetime/src/decode.rs	878	unreachable-arm	lane-l2	pending	
11897	crates/backend/utils/adt/adt_datetime/src/decode.rs	880	unreachable-arm	lane-l2	pending	
11898	crates/backend/utils/adt/adt_datetime/src/decode.rs	884	unreachable-arm	lane-l2	pending	
11899	crates/backend/utils/adt/adt_datetime/src/decode.rs	887	unreachable-arm	lane-l2	pending	
11900	crates/backend/utils/adt/adt_datetime/src/decode.rs	972	unreachable-arm	lane-l2	pending	
11901	crates/backend/utils/adt/adt_datetime/src/decode.rs	1002	unreachable-arm	lane-l2	pending	
11902	crates/backend/utils/adt/adt_datetime/src/decode.rs	1258	unreachable-arm	lane-l2	pending	
11903	crates/backend/utils/adt/adt_datetime/src/decode.rs	1264	unreachable-arm	lane-l2	pending	
11904	crates/backend/utils/adt/adt_datetime/src/decode.rs	1275	unreachable-arm	lane-l2	pending	
11905	crates/backend/utils/adt/adt_datetime/src/decode.rs	1303	unreachable-arm	lane-l2	pending	
11906	crates/backend/utils/adt/adt_datetime/src/decode.rs	1377	unreachable-arm	lane-l2	pending	
11907	crates/backend/utils/adt/adt_datetime/src/decode.rs	1436	unreachable-arm	lane-l2	pending	
11908	crates/backend/utils/adt/adt_datetime/src/decode.rs	1526	unreachable-arm	lane-l2	pending	
11909	crates/backend/utils/adt/adt_datetime/src/decode.rs	1530	unreachable-arm	lane-l2	pending	
11910	crates/backend/utils/adt/adt_datetime/src/decode.rs	1729	unreachable-arm	lane-l2	pending	
11911	crates/backend/utils/adt/adt_datetime/src/decode.rs	1738	unreachable-arm	lane-l2	pending	
11912	crates/backend/utils/adt/adt_datetime/src/decode.rs	1748	unreachable-arm	lane-l2	pending	
11913	crates/backend/utils/adt/adt_datetime/src/decode.rs	1776	unreachable-arm	lane-l2	pending	
11914	crates/backend/utils/adt/adt_datetime/src/decode.rs	1851	unreachable-arm	lane-l2	pending	
11915	crates/backend/utils/adt/adt_datetime/src/decode.rs	1941	unreachable-arm	lane-l2	pending	
11916	crates/backend/utils/adt/adt_datetime/src/decode.rs	2026	unreachable-arm	lane-l2	pending	
11917	crates/backend/utils/adt/adt_datetime/src/decode.rs	2243	unreachable-arm	lane-l2	pending	
11918	crates/backend/utils/adt/adt_datetime/src/decode.rs	2248	unreachable-arm	lane-l2	pending	
11919	crates/backend/utils/adt/adt_datetime/src/decode.rs	2469	unreachable-arm	lane-l2	pending	
11920	crates/backend/utils/adt/adt_datetime/src/decode.rs	2931	unreachable-arm	lane-l2	pending	
11921	crates/backend/utils/adt/adt_datetime/src/decode.rs	1697	instrument-unmappable	lane-l2	pending	
11922	crates/backend/utils/adt/adt_datetime/src/decode.rs	1830	instrument-unmappable	lane-l2	pending	
11923	crates/backend/utils/adt/adt_datetime/src/decode.rs	2197	instrument-unmappable	lane-l2	pending	
11924	crates/backend/utils/adt/adt_datetime/src/decode.rs	2593	unreachable-arm	lane-l2	pending	
11925	crates/backend/utils/adt/adt_datetime/src/decode.rs	2648	unreachable-arm	lane-l2	pending	
11926	crates/backend/utils/adt/adt_datetime/src/decode.rs	2651	unreachable-arm	lane-l2	pending	
11927	crates/backend/utils/adt/adt_datetime/src/decode.rs	2708	unreachable-arm	lane-l2	pending	
11928	crates/backend/utils/adt/adt_datetime/src/decode.rs	2711	unreachable-arm	lane-l2	pending	
11929	crates/backend/utils/adt/adt_datetime/src/decode.rs	2714	unreachable-arm	lane-l2	pending	
11930	crates/backend/utils/adt/adt_datetime/src/decode.rs	2721	unreachable-arm	lane-l2	pending	
11931	crates/backend/utils/adt/adt_date/src/builtins.rs	251	instrument-unmappable	lane-l2	pending	
11932	crates/backend/utils/adt/adt_date/src/builtins.rs	254	instrument-unmappable	lane-l2	pending	
11933	crates/backend/utils/adt/adt_date/src/builtins.rs	873	instrument-unmappable	lane-l2	pending	
11934	crates/backend/utils/adt/adt_date/src/builtins.rs	876	instrument-unmappable	lane-l2	pending	
11935	crates/backend/utils/adt/adt_date/src/lib.rs	251	defensive-c-parity	lane-l2	pending	
11936	crates/backend/utils/adt/adt_date/src/lib.rs	252	defensive-c-parity	lane-l2	pending	
11937	crates/backend/utils/adt/adt_date/src/lib.rs	690	defensive-c-parity	lane-l2	pending	
11938	crates/backend/utils/adt/adt_date/src/lib.rs	1254	unreachable-arm	lane-l2	pending	
11939	crates/backend/utils/adt/adt_date/src/lib.rs	1255	unreachable-arm	lane-l2	pending	
11940	crates/backend/utils/adt/adt_date/src/lib.rs	1264	unreachable-arm	lane-l2	pending	
11941	crates/backend/utils/adt/adt_date/src/lib.rs	1265	unreachable-arm	lane-l2	pending	
11942	crates/backend/utils/adt/adt_date/src/lib.rs	1348	unreachable-arm	lane-l2	pending	
11943	crates/backend/utils/adt/adt_date/src/lib.rs	1158	instrument-unmappable	lane-l2	pending	
11944	crates/backend/utils/adt/adt_date/src/lib.rs	1161	instrument-unmappable	lane-l2	pending	
11945	crates/backend/utils/adt/adt_date/src/lib.rs	1347	instrument-unmappable	lane-l2	pending	
