file	sloc	kani	fuzz	regress	any
crates/_support/jit_deform/src/lib.rs	201	0	0	159	159
crates/_support/jit_deform/src/tests.rs	0	0	0	0	0
crates/_support/mcx/src/arena_safe.rs	25	0	0	4	4
crates/_support/mcx/src/aset.rs	242	6	0	160	164
crates/_support/mcx/src/bump.rs	158	16	0	152	152
crates/_support/mcx/src/generation.rs	228	0	0	0	0
crates/_support/mcx/src/lib.rs	903	118	0	489	508
crates/_support/mcx/src/owned.rs	95	0	0	70	70
crates/_support/mcx/src/slab.rs	183	0	0	158	158
crates/_support/mcx/src/string.rs	61	0	0	42	42
crates/_support/mcx/src/tests.rs	0	0	0	0	0
crates/_support/pgrust/pg_ffi_fgram/src/encoding.rs	8	0	0	0	0
crates/_support/pgrust/pg_ffi_fgram/src/keywords.rs	28	0	0	0	0
crates/_support/pgrust/pg_ffi_fgram/src/lib.rs	0	0	0	0	0
crates/_support/pgrust/pg_ffi_fgram/src/list.rs	59	0	0	0	0
crates/_support/pgrust/pg_ffi_fgram/src/nodes.rs	40	0	0	0	0
crates/_support/pgrust/pg_ffi_fgram/src/parse.rs	0	0	0	0	0
crates/_support/pgrust/trace/src/lib.rs	94	0	0	0	0
crates/_support/pgsync/src/global.rs	29	0	0	0	0
crates/_support/pgsync/src/lib.rs	160	0	0	59	59
crates/_support/pgsync/src/loom_world.rs	2	0	0	0	0
crates/_support/pgsync/src/mailbox.rs	163	0	0	47	47
crates/_support/pgsync/src/native.rs	0	0	0	0	0
crates/_support/pgsync/src/sim/config.rs	66	0	0	0	0
crates/_support/pgsync/src/sim/hooks.rs	43	0	0	0	0
crates/_support/pgsync/src/sim/mod.rs	4	0	0	0	0
crates/_support/pgsync/src/sim/sched.rs	583	0	0	0	0
crates/_support/pgsync/src/sim/schedlog.rs	49	0	0	0	0
crates/_support/pgsync/src/sim/spawn_door.rs	19	0	0	0	0
crates/_support/pgsync/src/sim/tests.rs	0	0	0	0	0
crates/_support/pgsync/src/sim/watchdog.rs	30	0	0	0	0
crates/_support/pgsync/src/sim_world.rs	500	0	0	0	0
crates/_support/seam_core/src/lib.rs	90	11	0	20	20
crates/_support/seams_init/src/lib.rs	388	0	0	363	363
crates/_support/test_boot/src/lib.rs	151	0	0	0	0
crates/_support/types/array/src/lib.rs	0	0	0	0	0
crates/_support/types/datum/src/array_build.rs	182	0	0	152	152
crates/_support/types/datum/src/datum.rs	71	60	0	70	70
crates/_support/types/datum/src/expandeddatum.rs	81	0	0	10	10
crates/_support/types/datum/src/lib.rs	0	0	0	0	0
crates/_support/types/datum/src/varlena.rs	48	11	0	30	30
crates/_support/types/fmgr/src/agg.rs	34	0	0	33	33
crates/_support/types/fmgr/src/callctx.rs	9	0	0	8	8
crates/_support/types/fmgr/src/fcinfo.rs	286	122	0	199	212
crates/_support/types/fmgr/src/getarg.rs	89	34	0	75	75
crates/_support/types/fmgr/src/lib.rs	0	0	0	0	0
crates/_support/types/fmgr/src/overlaps.rs	43	43	0	23	43
crates/_support/types/fmgr/src/result.rs	20	10	0	20	20
crates/_support/types/fmgr/src/rsinfo.rs	25	0	0	16	16
crates/_support/types/fmgr/src/soft.rs	97	0	0	56	56
crates/_support/types/fmgr/src/tests.rs	0	0	0	0	0
crates/_support/types/fmgr/src/wire.rs	34	0	0	23	23
crates/_support/types/gist/src/lib.rs	146	0	0	71	71
crates/_support/types/gist/src/pairingheap.rs	93	0	0	86	86
crates/_support/types/gist/src/state.rs	167	0	0	161	161
crates/_support/types/hash/src/hashpage.rs	118	0	0	76	76
crates/_support/types/hash/src/hsearch.rs	26	0	0	25	25
crates/_support/types/hash/src/lib.rs	0	0	0	0	0
crates/_support/types/locale/src/lib.rs	0	0	0	0	0
crates/_support/types/nodes/src/bitmapset.rs	330	0	0	193	193
crates/_support/types/nodes/src/bms_c_vectors.rs	2	0	0	0	0
crates/_support/types/nodes/src/equal.rs	797	0	0	394	394
crates/_support/types/nodes/src/fdw.rs	5	0	0	2	2
crates/_support/types/nodes/src/jointype.rs	8	0	0	3	3
crates/_support/types/nodes/src/lib.rs	2	0	0	0	0
crates/_support/types/nodes/src/list.rs	157	0	0	148	148
crates/_support/types/nodes/src/node_tree.rs	92	0	0	70	70
crates/_support/types/nodes/src/nodes_enums.rs	1	0	0	0	0
crates/_support/types/nodes/src/parsenodes.rs	225	0	0	220	220
crates/_support/types/nodes/src/plannodes.rs	459	0	0	299	299
crates/_support/types/nodes/src/primnodes.rs	342	0	0	296	296
crates/_support/types/nodes/src/rawnodes.rs	269	0	0	179	179
crates/_support/types/nodes/src/supportnodes.rs	59	0	0	53	53
crates/_support/types/nodes/src/tags.rs	5	0	0	0	0
crates/_support/types/nodes/src/tests.rs	0	0	0	0	0
crates/_support/types/pathnodes/src/lib.rs	859	0	0	455	455
crates/_support/types/pathnodes/src/optimizer_plan.rs	0	0	0	0	0
crates/_support/types/pathnodes/src/relids.rs	292	0	0	178	178
crates/_support/types/pathnodes/src/relids_differential_tests.rs	292	0	0	0	0
crates/_support/types/pathnodes/src/run.rs	285	0	0	255	255
crates/_support/types/portal/src/lib.rs	25	0	0	10	10
crates/_support/types/portal/src/params.rs	66	0	0	49	49
crates/_support/types/regex/src/lib.rs	0	0	0	0	0
crates/_support/types/regex/src/regex.rs	4	0	0	0	0
crates/_support/types/rel/src/fkey.rs	0	0	0	0	0
crates/_support/types/rel/src/lib.rs	0	0	0	0	0
crates/_support/types/rel/src/lock.rs	0	0	0	0	0
crates/_support/types/rel/src/pg_class.rs	11	0	0	10	10
crates/_support/types/rel/src/pg_index.rs	2	0	0	0	0
crates/_support/types/rel/src/reindex.rs	64	0	0	58	58
crates/_support/types/rel/src/rel.rs	77	0	0	52	52
crates/_support/types/rel/src/reloptions.rs	78	0	0	25	25
crates/_support/types/rel_vocab/src/lib.rs	0	0	0	0	0
crates/_support/types/snapshot/src/lib.rs	43	0	0	41	41
crates/_support/types/stringinfo/src/lib.rs	122	23	0	103	103
crates/_support/types/stringinfo/src/tests.rs	0	0	0	0	0
crates/_support/types/types_bloom/src/lib.rs	136	0	0	0	0
crates/_support/types/types_bloom/src/tests.rs	0	0	0	0	0
crates/_support/types/types_brin/src/lib.rs	143	10	0	115	117
crates/_support/types/types_core/src/catalog.rs	0	0	0	0	0
crates/_support/types/types_core/src/cmdtag.rs	0	0	0	0	0
crates/_support/types/types_core/src/fmgr.rs	24	0	0	4	4
crates/_support/types/types_core/src/geo.rs	84	38	8	84	84
crates/_support/types/types_core/src/init.rs	13	0	0	0	0
crates/_support/types/types_core/src/instrument.rs	50	0	0	42	42
crates/_support/types/types_core/src/keywords.rs	0	0	0	0	0
crates/_support/types/types_core/src/lib.rs	0	0	0	0	0
crates/_support/types/types_core/src/primitive.rs	18	2	0	14	14
crates/_support/types/types_core/src/xact.rs	61	6	0	47	48
crates/_support/types/types_dest/src/lib.rs	0	0	0	0	0
crates/_support/types/types_error/src/error.rs	22	0	0	20	20
crates/_support/types/types_error/src/lib.rs	0	0	0	0	0
crates/_support/types/types_error/src/pg_error.rs	270	27	51	190	190
crates/_support/types/types_guc/src/lib.rs	1	0	0	0	0
crates/_support/types/types_hnsw/src/lib.rs	41	0	0	0	0
crates/_support/types/types_nbtree/src/dedup.rs	128	0	0	123	123
crates/_support/types/types_nbtree/src/genam.rs	0	0	0	0	0
crates/_support/types/types_nbtree/src/lib.rs	0	0	0	0	0
crates/_support/types/types_nbtree/src/page.rs	61	0	0	40	40
crates/_support/types/types_nbtree/src/state.rs	52	0	0	50	50
crates/_support/types/types_nbtree/src/tests.rs	0	0	0	0	0
crates/_support/types/types_nbtree/src/vacuum.rs	0	0	0	0	0
crates/_support/types/types_nbtree/src/xlog.rs	0	0	0	0	0
crates/_support/types/types_resowner/src/lib.rs	13	0	0	6	6
crates/_support/types/types_scan/src/lib.rs	0	0	0	0	0
crates/_support/types/types_scan/src/scankey.rs	9	0	0	9	9
crates/_support/types/types_scan/src/sdir.rs	15	0	0	6	6
crates/_support/types/types_slot/src/lib.rs	86	0	0	46	46
crates/_support/types/types_spgist/src/lib.rs	210	0	0	200	200
crates/_support/types/types_spgist/src/state.rs	79	0	0	76	76
crates/_support/types/types_spgist/src/xlog.rs	143	0	0	69	69
crates/_support/types/types_startup/src/lib.rs	57	0	0	50	50
crates/_support/types/types_storage/src/aio.rs	0	0	0	0	0
crates/_support/types/types_storage/src/buf.rs	6	0	0	2	2
crates/_support/types/types_storage/src/bufpage.rs	627	0	0	580	580
crates/_support/types/types_storage/src/file.rs	3	0	0	0	0
crates/_support/types/types_storage/src/fileset.rs	0	0	0	0	0
crates/_support/types/types_storage/src/ilist.rs	11	0	0	7	7
crates/_support/types/types_storage/src/inval.rs	0	0	0	0	0
crates/_support/types/types_storage/src/large_object.rs	0	0	0	0	0
crates/_support/types/types_storage/src/latch.rs	54	0	0	38	38
crates/_support/types/types_storage/src/lib.rs	0	0	0	0	0
crates/_support/types/types_storage/src/lock.rs	116	0	0	91	91
crates/_support/types/types_storage/src/multixact.rs	2	0	0	2	2
crates/_support/types/types_storage/src/relfilelocator.rs	0	0	0	0	0
crates/_support/types/types_storage/src/sinval.rs	78	0	0	59	59
crates/_support/types/types_storage/src/smgr.rs	10	0	0	4	4
crates/_support/types/types_storage/src/storage.rs	193	0	0	137	137
crates/_support/types/types_storage/src/sync.rs	16	0	0	16	16
crates/_support/types/types_storage/src/waiteventset.rs	9	0	0	4	4
crates/_support/types/types_storage/src/writechunk.rs	22	0	0	10	10
crates/_support/types/types_trigger/src/lib.rs	29	0	0	10	10
crates/_support/types/types_trigger_call/src/lib.rs	43	0	0	39	39
crates/_support/types/types_tuple/src/getattr.rs	272	0	0	251	251
crates/_support/types/types_tuple/src/htup.rs	162	0	0	131	131
crates/_support/types/types_tuple/src/itemptr.rs	96	0	0	83	83
crates/_support/types/types_tuple/src/lib.rs	0	0	0	0	0
crates/_support/types/types_tuple/src/tupdesc.rs	43	15	0	41	41
crates/_support/types/types_tuple/src/tupmacs.rs	75	0	0	71	71
crates/_support/types/types_tuple/src/varatt.rs	55	19	0	42	47
crates/backend/access/brin/brin/src/lib.rs	501	0	0	365	365
crates/backend/access/brin/brin_bloom/src/builtins.rs	40	7	0	7	14
crates/backend/access/brin/brin_bloom/src/lib.rs	191	11	0	152	152
crates/backend/access/brin/brin_bloom/src/tests.rs	0	0	0	0	0
crates/backend/access/brin/brin_build/src/lib.rs	370	0	0	297	297
crates/backend/access/brin/brin_funcs/src/lib.rs	127	0	0	89	89
crates/backend/access/brin/brin_inclusion/src/lib.rs	227	11	0	164	164
crates/backend/access/brin/brin_minmax/src/lib.rs	138	0	0	104	104
crates/backend/access/brin/brin_minmax_multi/src/builtins.rs	219	62	0	131	139
crates/backend/access/brin/brin_minmax_multi/src/lib.rs	240	11	0	182	182
crates/backend/access/brin/brin_minmax_multi/src/qsort.rs	110	0	0	109	109
crates/backend/access/brin/brin_minmax_multi/src/ranges.rs	618	0	0	497	497
crates/backend/access/brin/brin_pageops/src/lib.rs	658	0	0	475	475
crates/backend/access/brin/brin_tuple/src/lib.rs	248	0	0	233	233
crates/backend/access/brin/brin_validate/src/lib.rs	151	0	0	64	64
crates/backend/access/brin/brin_xlog/src/lib.rs	154	0	0	0	0
crates/backend/access/common/bufmask/src/lib.rs	46	0	0	0	0
crates/backend/access/common/detoast/src/lib.rs	256	0	0	201	201
crates/backend/access/common/detoast/src/tests.rs	0	0	0	0	0
crates/backend/access/common/detoast_seams/src/lib.rs	15	0	0	0	0
crates/backend/access/common/heaptuple/src/fill.rs	110	0	0	105	105
crates/backend/access/common/heaptuple/src/form.rs	369	0	0	224	224
crates/backend/access/common/heaptuple/src/lib.rs	0	0	0	0	0
crates/backend/access/common/heaptuple/src/plan.rs	41	0	0	40	40
crates/backend/access/common/heaptuple/src/tuple.rs	90	0	0	81	81
crates/backend/access/common/printtup/src/debugtup.rs	62	0	0	0	0
crates/backend/access/common/printtup/src/lib.rs	192	0	0	164	164
crates/backend/access/common/printtup/src/printsimple.rs	58	0	0	0	0
crates/backend/access/common/printtup/src/tests.rs	0	0	0	0	0
crates/backend/access/common/relation/src/lib.rs	70	0	0	63	63
crates/backend/access/common/relation/src/tests.rs	0	0	0	0	0
crates/backend/access/common/relation_seams/src/lib.rs	25	0	0	0	0
crates/backend/access/common/reloptions/src/lib.rs	747	0	0	530	530
crates/backend/access/common/reloptions/src/local.rs	83	0	0	67	67
crates/backend/access/common/reloptions/src/tests.rs	0	0	0	0	0
crates/backend/access/common/syncscan/src/lib.rs	80	0	0	23	23
crates/backend/access/common/syncscan/src/tests.rs	0	0	0	0	0
crates/backend/access/common/syncscan_seams/src/lib.rs	10	0	0	0	0
crates/backend/access/common/tidstore/bench/rig/src/main.rs	79	0	0	0	0
crates/backend/access/common/tidstore/src/lib.rs	161	0	0	92	92
crates/backend/access/common/tidstore/src/tests.rs	0	0	0	0	0
crates/backend/access/common/toast_internals_seams/src/lib.rs	9	0	0	0	0
crates/backend/access/common/toastdesc/src/lib.rs	72	0	0	63	63
crates/backend/access/common/toastdesc/src/tests.rs	0	0	0	0	0
crates/backend/access/common/tupdesc/src/lib.rs	548	0	0	348	348
crates/backend/access/common/tupdesc/src/tests.rs	0	0	0	0	0
crates/backend/access/gin/gin/src/btree.rs	493	0	0	326	326
crates/backend/access/gin/gin/src/bulk.rs	180	0	0	165	165
crates/backend/access/gin/gin/src/datapage.rs	846	0	0	707	707
crates/backend/access/gin/gin/src/entrypage.rs	452	0	0	410	410
crates/backend/access/gin/gin/src/fast.rs	468	0	0	414	414
crates/backend/access/gin/gin/src/get.rs	852	0	0	688	688
crates/backend/access/gin/gin/src/insert.rs	308	0	0	276	276
crates/backend/access/gin/gin/src/lib.rs	93	0	0	76	76
crates/backend/access/gin/gin/src/logic.rs	49	0	0	44	44
crates/backend/access/gin/gin/src/opclass.rs	460	0	0	247	247
crates/backend/access/gin/gin/src/postinglist.rs	130	0	0	109	109
crates/backend/access/gin/gin/src/scan.rs	289	0	0	241	241
crates/backend/access/gin/gin/src/tests.rs	0	0	0	0	0
crates/backend/access/gin/gin/src/util.rs	312	0	0	246	246
crates/backend/access/gin/gin/src/vacuum.rs	443	0	0	393	393
crates/backend/access/gin/gin/src/wal.rs	77	0	0	67	67
crates/backend/access/gin/gin_btree_seams/src/lib.rs	23	0	0	0	0
crates/backend/access/gin/gin_funcs/src/lib.rs	49	0	0	23	23
crates/backend/access/gin/gin_hstore_seams/src/lib.rs	6	0	0	0	0
crates/backend/access/gin/gin_int4_seams/src/lib.rs	9	0	0	0	0
crates/backend/access/gin/gin_trgm_seams/src/lib.rs	22	0	0	0	0
crates/backend/access/gin/gin_validate/src/lib.rs	171	0	0	74	74
crates/backend/access/gin/gin_vocab/src/lib.rs	175	0	0	73	73
crates/backend/access/gin/gin_xlog/src/lib.rs	494	0	0	0	0
crates/backend/access/gin/ginbuild/src/lib.rs	113	0	0	89	89
crates/backend/access/gist/gist/src/get.rs	441	0	0	351	351
crates/backend/access/gist/gist/src/insert.rs	825	0	0	491	491
crates/backend/access/gist/gist/src/lib.rs	52	0	0	40	40
crates/backend/access/gist/gist/src/scan.rs	151	0	0	131	131
crates/backend/access/gist/gist/src/split.rs	362	0	0	194	194
crates/backend/access/gist/gist/src/state.rs	130	0	0	90	90
crates/backend/access/gist/gist/src/state_tests.rs	152	0	0	0	0
crates/backend/access/gist/gist/src/util.rs	471	0	0	417	417
crates/backend/access/gist/gist/src/vacuum.rs	243	0	0	137	137
crates/backend/access/gist/gist/src/wal.rs	145	0	0	67	67
crates/backend/access/gist/gist_validate/src/lib.rs	179	0	0	82	82
crates/backend/access/gist/gist_xlog/src/lib.rs	234	0	0	0	0
crates/backend/access/gist/gistbuild/src/buffered.rs	356	0	0	329	329
crates/backend/access/gist/gistbuild/src/buffers.rs	264	0	0	248	248
crates/backend/access/gist/gistbuild/src/lib.rs	325	0	0	300	300
crates/backend/access/gist/gistproc/src/lib.rs	532	0	0	442	442
crates/backend/access/gist/gistproc/src/qsort.rs	91	0	0	90	90
crates/backend/access/hash/hash/src/insert.rs	175	0	0	92	92
crates/backend/access/hash/hash/src/lib.rs	382	0	0	297	297
crates/backend/access/hash/hash/src/ovfl.rs	587	0	0	499	499
crates/backend/access/hash/hash/src/page.rs	695	0	0	543	543
crates/backend/access/hash/hash/src/search.rs	302	0	0	128	128
crates/backend/access/hash/hash/src/util.rs	181	0	0	79	79
crates/backend/access/hash/hash/src/wal.rs	69	0	0	59	59
crates/backend/access/hash/hash_validate/src/lib.rs	175	0	0	85	85
crates/backend/access/hash/hash_xlog/src/lib.rs	599	0	0	0	0
crates/backend/access/hash/hashsort/src/lib.rs	94	0	0	76	76
crates/backend/access/heap/heapam/src/bitmap.rs	152	0	0	140	140
crates/backend/access/heap/heapam/src/dml.rs	2260	0	0	1320	1320
crates/backend/access/heap/heapam/src/fetch.rs	221	0	0	161	161
crates/backend/access/heap/heapam/src/freeze.rs	423	0	0	165	165
crates/backend/access/heap/heapam/src/hio.rs	292	0	0	245	245
crates/backend/access/heap/heapam/src/index_delete.rs	226	0	0	208	208
crates/backend/access/heap/heapam/src/inplace.rs	148	0	0	100	100
crates/backend/access/heap/heapam/src/lib.rs	914	0	0	774	774
crates/backend/access/heap/heapam/src/sample.rs	129	0	0	124	124
crates/backend/access/heap/heapam/src/tests.rs	0	0	0	0	0
crates/backend/access/heap/heapam/src/wal.rs	25	0	0	25	25
crates/backend/access/heap/heapam_handler/src/lib.rs	342	0	0	244	244
crates/backend/access/heap/heapam_handler/src/tests.rs	0	0	0	0	0
crates/backend/access/heap/heapam_visibility/src/lib.rs	760	0	0	400	400
crates/backend/access/heap/heapam_visibility/src/tests.rs	0	0	0	0	0
crates/backend/access/heap/heapam_visibility_seams/src/lib.rs	45	0	0	0	0
crates/backend/access/heap/heapam_xlog/src/lib.rs	716	0	0	0	0
crates/backend/access/heap/heapam_xlog/src/tests.rs	0	0	0	0	0
crates/backend/access/heap/heaptoast/src/fetch.rs	180	0	0	138	138
crates/backend/access/heap/heaptoast/src/helper.rs	158	0	0	155	155
crates/backend/access/heap/heaptoast/src/internals.rs	262	0	0	213	213
crates/backend/access/heap/heaptoast/src/lib.rs	34	0	0	24	24
crates/backend/access/heap/heaptoast/src/tests.rs	0	0	0	0	0
crates/backend/access/heap/heaptoast/src/toast.rs	204	0	0	196	196
crates/backend/access/heap/heaptoast_seams/src/lib.rs	27	0	0	0	0
crates/backend/access/heap/pruneheap/src/lib.rs	749	0	0	688	688
crates/backend/access/heap/pruneheap/src/tests.rs	0	0	0	0	0
crates/backend/access/heap/pruneheap_seams/src/lib.rs	12	0	0	0	0
crates/backend/access/heap/rewriteheap/src/lib.rs	398	0	0	200	200
crates/backend/access/heap/rewriteheap_seams/src/lib.rs	2	0	0	0	0
crates/backend/access/heap/vacuumlazy/src/lib.rs	1370	0	0	805	805
crates/backend/access/heap/vacuumlazy/src/morsels.rs	910	0	0	587	587
crates/backend/access/heap/vacuumlazy/src/tests.rs	0	0	0	0	0
crates/backend/access/heap/visibilitymap/src/lib.rs	304	0	0	276	276
crates/backend/access/heap/visibilitymap/src/tests.rs	0	0	0	0	0
crates/backend/access/index/amapi/src/lib.rs	230	0	0	83	83
crates/backend/access/index/amapi/src/tests.rs	0	0	0	0	0
crates/backend/access/index/genam/src/lib.rs	404	0	0	309	309
crates/backend/access/index/genam/src/tests.rs	0	0	0	0	0
crates/backend/access/index/genam_seams/src/lib.rs	19	0	0	0	0
crates/backend/access/index/index_amvalidate/src/lib.rs	82	0	0	79	79
crates/backend/access/index/indexam/src/lib.rs	628	0	0	512	512
crates/backend/access/index/indexam/src/prefetch.rs	99	0	0	82	82
crates/backend/access/index/indexam/src/tests.rs	0	0	0	0	0
crates/backend/access/index/indexam_seams/src/lib.rs	31	0	0	0	0
crates/backend/access/index/relscan/src/lib.rs	267	0	0	164	164
crates/backend/access/index/relscan/src/parallel.rs	10	0	0	8	8
crates/backend/access/nbtree/compare/src/builtins.rs	38	17	0	17	20
crates/backend/access/nbtree/compare/src/lib.rs	75	61	0	47	68
crates/backend/access/nbtree/compare/src/tests.rs	0	0	0	0	0
crates/backend/access/nbtree/nbt_validate/src/lib.rs	184	0	0	100	100
crates/backend/access/nbtree/nbtree/src/dedup.rs	199	0	0	184	184
crates/backend/access/nbtree/nbtree/src/delete.rs	212	0	0	201	201
crates/backend/access/nbtree/nbtree/src/fcframe.rs	83	0	0	70	70
crates/backend/access/nbtree/nbtree/src/insert.rs	1432	0	0	1164	1164
crates/backend/access/nbtree/nbtree/src/itup.rs	291	0	0	278	278
crates/backend/access/nbtree/nbtree/src/lib.rs	188	0	0	120	120
crates/backend/access/nbtree/nbtree/src/page.rs	384	0	0	301	301
crates/backend/access/nbtree/nbtree/src/pagedel.rs	648	0	0	545	545
crates/backend/access/nbtree/nbtree/src/parallel.rs	154	0	0	115	115
crates/backend/access/nbtree/nbtree/src/preprocess.rs	992	0	0	872	872
crates/backend/access/nbtree/nbtree/src/search.rs	1030	0	0	905	905
crates/backend/access/nbtree/nbtree/src/splitloc.rs	314	0	0	282	282
crates/backend/access/nbtree/nbtree/src/tests.rs	0	0	0	0	0
crates/backend/access/nbtree/nbtree/src/utils.rs	1408	0	0	1199	1199
crates/backend/access/nbtree/nbtree/src/vacuum.rs	447	0	0	377	377
crates/backend/access/nbtree/nbtree/src/wal.rs	93	0	0	80	80
crates/backend/access/nbtree/nbtree_xlog/src/lib.rs	680	0	0	0	0
crates/backend/access/nbtree/nbtree_xlog/src/tests.rs	0	0	0	0	0
crates/backend/access/nbtree/nbtsort/src/lib.rs	396	0	0	366	366
crates/backend/access/nbtree/nbtsort/src/pool.rs	553	0	0	20	20
crates/backend/access/parquet_read/src/codec.rs	48	0	0	0	0
crates/backend/access/parquet_read/src/column.rs	420	0	0	0	0
crates/backend/access/parquet_read/src/lib.rs	165	0	0	0	0
crates/backend/access/parquet_read/src/meta.rs	385	0	0	0	0
crates/backend/access/parquet_read/src/page.rs	102	0	0	0	0
crates/backend/access/parquet_read/src/plain.rs	71	0	0	0	0
crates/backend/access/parquet_read/src/rle.rs	162	0	0	0	0
crates/backend/access/parquet_read/src/tests.rs	0	0	0	0	0
crates/backend/access/parquet_read/src/thrift.rs	128	0	0	0	0
crates/backend/access/pgrcolumnar/src/bloom.rs	19	0	0	0	0
crates/backend/access/pgrcolumnar/src/condcache.rs	106	0	0	0	0
crates/backend/access/pgrcolumnar/src/format.rs	105	0	0	0	0
crates/backend/access/pgrcolumnar/src/hll.rs	69	0	0	0	0
crates/backend/access/pgrcolumnar/src/lib.rs	42	0	0	0	0
crates/backend/access/pgrcolumnar/src/loadsort.rs	776	0	0	0	0
crates/backend/access/pgrcolumnar/src/lz4dec.rs	140	0	0	0	0
crates/backend/access/pgrcolumnar/src/part_cache.rs	115	0	0	0	0
crates/backend/access/pgrcolumnar/src/reader.rs	864	0	0	0	0
crates/backend/access/pgrcolumnar/src/scan.rs	1488	0	0	0	0
crates/backend/access/pgrcolumnar/src/segfile.rs	264	0	0	0	0
crates/backend/access/pgrcolumnar/src/sortkey.rs	17	0	0	0	0
crates/backend/access/pgrcolumnar/src/writer.rs	1405	0	0	0	0
crates/backend/access/rmgrdesc/src/brindesc.rs	49	0	0	0	0
crates/backend/access/rmgrdesc/src/clogdesc.rs	18	0	0	0	0
crates/backend/access/rmgrdesc/src/committsdesc.rs	18	0	0	0	0
crates/backend/access/rmgrdesc/src/dbasedesc.rs	30	0	0	0	0
crates/backend/access/rmgrdesc/src/genericdesc.rs	15	0	0	0	0
crates/backend/access/rmgrdesc/src/gindesc.rs	115	0	0	0	0
crates/backend/access/rmgrdesc/src/gistdesc.rs	45	0	0	0	0
crates/backend/access/rmgrdesc/src/hashdesc.rs	100	0	0	0	0
crates/backend/access/rmgrdesc/src/heapdesc.rs	230	0	0	0	0
crates/backend/access/rmgrdesc/src/lib.rs	87	0	0	0	0
crates/backend/access/rmgrdesc/src/logicalmsgdesc.rs	25	0	0	0	0
crates/backend/access/rmgrdesc/src/mxactdesc.rs	45	0	0	0	0
crates/backend/access/rmgrdesc/src/nbtdesc.rs	121	0	0	0	0
crates/backend/access/rmgrdesc/src/relmapdesc.rs	16	0	0	0	0
crates/backend/access/rmgrdesc/src/replorigindesc.rs	21	0	0	0	0
crates/backend/access/rmgrdesc/src/seqdesc.rs	16	0	0	0	0
crates/backend/access/rmgrdesc/src/smgrdesc.rs	27	0	0	0	0
crates/backend/access/rmgrdesc/src/spgdesc.rs	103	0	0	0	0
crates/backend/access/rmgrdesc/src/standbydesc.rs	101	0	0	0	0
crates/backend/access/rmgrdesc/src/tblspcdesc.rs	18	0	0	0	0
crates/backend/access/rmgrdesc/src/xactdesc.rs	213	0	0	0	0
crates/backend/access/rmgrdesc/src/xlogdesc.rs	199	0	0	0	0
crates/backend/access/session/src/lib.rs	175	0	0	30	30
crates/backend/access/session/src/tests.rs	0	0	0	0	0
crates/backend/access/session_seams/src/lib.rs	2	0	0	0	0
crates/backend/access/spgist/spgist/src/doinsert.rs	1268	0	0	1112	1112
crates/backend/access/spgist/spgist/src/lib.rs	28	0	0	25	25
crates/backend/access/spgist/spgist/src/scan.rs	697	0	0	613	613
crates/backend/access/spgist/spgist/src/utils.rs	634	0	0	545	545
crates/backend/access/spgist/spgist/src/vacuum.rs	427	0	0	363	363
crates/backend/access/spgist/spgist_box/src/lib.rs	324	0	0	310	310
crates/backend/access/spgist/spgist_box/src/tests.rs	0	0	0	0	0
crates/backend/access/spgist/spgist_build/src/lib.rs	66	0	0	63	63
crates/backend/access/spgist/spgist_kdtree/src/lib.rs	176	0	0	165	165
crates/backend/access/spgist/spgist_proc/src/lib.rs	32	0	0	31	31
crates/backend/access/spgist/spgist_quadtree/src/lib.rs	243	0	0	233	233
crates/backend/access/spgist/spgist_text/src/lib.rs	331	5	0	308	308
crates/backend/access/spgist/spgist_validate/src/lib.rs	227	0	0	98	98
crates/backend/access/spgist/spgist_xlog/src/lib.rs	491	0	0	0	0
crates/backend/access/table/table/src/lib.rs	52	0	0	50	50
crates/backend/access/table/table/src/tests.rs	0	0	0	0	0
crates/backend/access/table/table_seams/src/lib.rs	12	0	0	0	0
crates/backend/access/table/tableam/src/lib.rs	1704	0	0	1081	1081
crates/backend/access/table/tableam/src/tests.rs	0	0	0	0	0
crates/backend/access/table/tableam/src/write_buffer.rs	55	0	0	51	51
crates/backend/access/table/tableam_seams/src/lib.rs	16	0	0	0	0
crates/backend/access/table/tableam_vocab/src/block_run.rs	50	0	0	46	46
crates/backend/access/table/tableam_vocab/src/lib.rs	131	0	0	90	90
crates/backend/access/tablesample/tablesample/src/lib.rs	184	0	0	134	134
crates/backend/access/tablesample/tablesample/src/tests.rs	0	0	0	0	0
crates/backend/access/transam/clog/src/lib.rs	441	0	0	267	267
crates/backend/access/transam/clog/src/tests.rs	0	0	0	0	0
crates/backend/access/transam/commit_ts/src/fmgr_builtins.rs	51	0	0	2	2
crates/backend/access/transam/commit_ts/src/lib.rs	372	0	0	116	116
crates/backend/access/transam/commit_ts/src/tests.rs	0	0	0	0	0
crates/backend/access/transam/commit_ts_seams/src/lib.rs	22	0	0	0	0
crates/backend/access/transam/generic_xlog/src/lib.rs	241	0	0	0	0
crates/backend/access/transam/generic_xlog/src/tests.rs	0	0	0	0	0
crates/backend/access/transam/multixact/src/lib.rs	1330	4	0	659	659
crates/backend/access/transam/multixact/src/tests.rs	0	0	0	0	0
crates/backend/access/transam/multixact_seams/src/lib.rs	69	0	0	0	0
crates/backend/access/transam/parallel/src/lib.rs	860	0	0	594	594
crates/backend/access/transam/parallel/src/query_task_guard.rs	503	0	0	348	348
crates/backend/access/transam/parallel/src/standing.rs	527	0	0	299	299
crates/backend/access/transam/parallel/src/tests.rs	0	0	0	0	0
crates/backend/access/transam/parallel_seams/src/lib.rs	18	0	0	0	0
crates/backend/access/transam/rmgr/src/lib.rs	61	0	0	5	5
crates/backend/access/transam/slru/src/guard.rs	36	0	0	29	29
crates/backend/access/transam/slru/src/lib.rs	881	0	0	494	494
crates/backend/access/transam/slru/src/path.rs	28	0	0	22	22
crates/backend/access/transam/slru/src/shmem.rs	17	0	0	16	16
crates/backend/access/transam/subtrans/src/lib.rs	176	0	0	140	140
crates/backend/access/transam/subtrans/src/tests.rs	0	0	0	0	0
crates/backend/access/transam/subtrans_seams/src/lib.rs	17	0	0	0	0
crates/backend/access/transam/timeline/src/lib.rs	428	0	0	41	41
crates/backend/access/transam/timeline/src/tests.rs	0	0	0	0	0
crates/backend/access/transam/timeline_seams/src/lib.rs	28	0	0	0	0
crates/backend/access/transam/transam/src/lib.rs	78	0	0	51	51
crates/backend/access/transam/transam/src/tests.rs	0	0	0	0	0
crates/backend/access/transam/transam_seams/src/lib.rs	18	0	0	0	0
crates/backend/access/transam/transam_xlog/src/backup.rs	349	0	0	0	0
crates/backend/access/transam/transam_xlog/src/control_file.rs	153	0	0	48	48
crates/backend/access/transam/transam_xlog/src/ctl.rs	173	0	0	112	112
crates/backend/access/transam/transam_xlog/src/guc_vars.rs	52	0	0	24	24
crates/backend/access/transam/transam_xlog/src/insert.rs	446	0	0	355	355
crates/backend/access/transam/transam_xlog/src/lib.rs	244	0	0	198	198
crates/backend/access/transam/transam_xlog/src/redo.rs	183	0	0	0	0
crates/backend/access/transam/transam_xlog/src/removal.rs	183	0	0	109	109
crates/backend/access/transam/transam_xlog/src/startup.rs	952	0	0	443	443
crates/backend/access/transam/transam_xlog/src/tests.rs	0	0	0	0	0
crates/backend/access/transam/transam_xlog/src/write.rs	610	0	0	336	336
crates/backend/access/transam/transam_xlog_seams/src/lib.rs	57	0	0	0	0
crates/backend/access/transam/twophase/src/codec.rs	83	0	0	0	0
crates/backend/access/transam/twophase/src/core.rs	486	0	0	43	43
crates/backend/access/transam/twophase/src/files.rs	176	0	0	4	4
crates/backend/access/transam/twophase/src/finish.rs	236	0	0	9	9
crates/backend/access/transam/twophase/src/lib.rs	31	0	0	23	23
crates/backend/access/transam/twophase/src/recovery.rs	297	0	0	42	42
crates/backend/access/transam/twophase/src/srf.rs	46	0	0	33	33
crates/backend/access/transam/twophase/src/state.rs	92	0	0	29	29
crates/backend/access/transam/twophase/src/tests.rs	0	0	0	0	0
crates/backend/access/transam/twophase_config/src/lib.rs	6	0	0	6	6
crates/backend/access/transam/twophase_rmgr/src/lib.rs	4	0	0	0	0
crates/backend/access/transam/twophase_seams/src/lib.rs	53	0	0	0	0
crates/backend/access/transam/varsup/src/lib.rs	319	0	0	162	162
crates/backend/access/transam/varsup/src/tests.rs	0	0	0	0	0
crates/backend/access/transam/varsup_seams/src/lib.rs	10	0	0	0	0
crates/backend/access/transam/xact/src/engine.rs	1390	0	0	1042	1042
crates/backend/access/transam/xact/src/lib.rs	744	0	0	515	515
crates/backend/access/transam/xact/src/redo.rs	313	0	0	0	0
crates/backend/access/transam/xact/src/state.rs	160	0	0	89	89
crates/backend/access/transam/xact/src/tests.rs	0	0	0	0	0
crates/backend/access/transam/xact/src/wal.rs	257	0	0	187	187
crates/backend/access/transam/xact_portal_seams/src/lib.rs	2	0	0	0	0
crates/backend/access/transam/xact_seams/src/lib.rs	53	0	0	0	0
crates/backend/access/transam/xlogarchive/src/lib.rs	225	0	0	15	15
crates/backend/access/transam/xlogarchive/src/tests.rs	0	0	0	0	0
crates/backend/access/transam/xlogarchive_seams/src/lib.rs	32	0	0	0	0
crates/backend/access/transam/xlogbackup/src/lib.rs	86	0	0	0	0
crates/backend/access/transam/xlogbackup/src/tests.rs	0	0	0	0	0
crates/backend/access/transam/xloginsert/src/lib.rs	508	0	0	404	404
crates/backend/access/transam/xloginsert/src/tests.rs	0	0	0	0	0
crates/backend/access/transam/xloginsert_seams/src/lib.rs	31	0	0	0	0
crates/backend/access/transam/xlogprefetcher/src/lib.rs	405	0	0	208	208
crates/backend/access/transam/xlogprefetcher/src/tests.rs	0	0	0	0	0
crates/backend/access/transam/xlogprefetcher_seams/src/lib.rs	4	0	0	0	0
crates/backend/access/transam/xlogreader/src/lib.rs	1464	0	0	475	475
crates/backend/access/transam/xlogreader/src/tests.rs	0	0	0	0	0
crates/backend/access/transam/xlogreader_seams/src/lib.rs	87	0	0	20	20
crates/backend/access/transam/xlogrecovery/src/backup_label.rs	110	0	0	4	4
crates/backend/access/transam/xlogrecovery/src/lib.rs	1339	0	0	352	352
crates/backend/access/transam/xlogrecovery/src/targets.rs	489	0	0	57	57
crates/backend/access/transam/xlogrecovery/src/tests.rs	0	0	0	0	0
crates/backend/access/transam/xlogrecovery_seams/src/lib.rs	58	0	0	0	0
crates/backend/access/transam/xlogstats/src/lib.rs	39	0	0	0	0
crates/backend/access/transam/xlogutils/src/lib.rs	497	0	0	18	18
crates/backend/access/transam/xlogutils_seams/src/lib.rs	4	0	0	0	0
crates/backend/archive/shell_archive/src/lib.rs	44	0	0	0	0
crates/backend/archive/shell_archive/src/tests.rs	0	0	0	0	0
crates/backend/backup/backup_copy/src/lib.rs	143	0	0	0	0
crates/backend/backup/backup_copy/src/tests.rs	0	0	0	0	0
crates/backend/backup/backup_copy_seams/src/lib.rs	13	0	0	0	0
crates/backend/backup/basebackup/src/lib.rs	1045	0	0	10	10
crates/backend/backup/basebackup_target/src/lib.rs	104	0	0	0	0
crates/backend/backup/basebackup_target/src/server.rs	178	0	0	0	0
crates/backend/backup/basebackup_target/src/tests.rs	0	0	0	0	0
crates/backend/backup/manifest/src/checksum.rs	48	0	0	0	0
crates/backend/backup/manifest/src/lib.rs	228	0	0	0	0
crates/backend/backup/manifest/src/tests.rs	0	0	0	0	0
crates/backend/backup/sink/src/lib.rs	282	0	0	0	0
crates/backend/backup/sink/src/tests.rs	0	0	0	0	0
crates/backend/backup/sink_support/src/lib.rs	102	0	0	0	0
crates/backend/backup/sink_support/src/tests.rs	0	0	0	0	0
crates/backend/backup/throttle/src/lib.rs	81	0	0	0	0
crates/backend/backup/throttle/src/tests.rs	0	0	0	0	0
crates/backend/catalog/aclchk/src/defacl.rs	416	0	0	361	361
crates/backend/catalog/aclchk/src/grant.rs	1361	0	0	861	861
crates/backend/catalog/aclchk/src/lib.rs	787	42	0	509	512
crates/backend/catalog/aclchk/src/lo.rs	67	0	0	52	52
crates/backend/catalog/aclchk/src/tests.rs	0	0	0	0	0
crates/backend/catalog/aclchk_seams/src/lib.rs	100	0	0	0	0
crates/backend/catalog/catalog/src/lib.rs	101	0	0	46	46
crates/backend/catalog/catalog/src/oid.rs	50	0	0	48	48
crates/backend/catalog/catalog/src/tests.rs	0	0	0	0	0
crates/backend/catalog/catalog_dependency/src/description.rs	5	0	0	5	5
crates/backend/catalog/catalog_dependency/src/find_expr.rs	507	0	0	377	377
crates/backend/catalog/catalog_dependency/src/lib.rs	711	0	0	595	595
crates/backend/catalog/catalog_heap/src/create.rs	796	0	0	654	654
crates/backend/catalog/catalog_heap/src/drop.rs	271	0	0	226	226
crates/backend/catalog/catalog_heap/src/lib.rs	45	0	0	6	6
crates/backend/catalog/catalog_heap/src/partition.rs	175	0	0	165	165
crates/backend/catalog/catalog_heap/src/truncate.rs	128	0	0	120	120
crates/backend/catalog/catalog_index/src/concurrent.rs	517	0	0	484	484
crates/backend/catalog/catalog_index/src/drop.rs	94	0	0	86	86
crates/backend/catalog/catalog_index/src/lib.rs	976	0	0	873	873
crates/backend/catalog/catalog_index/src/reindex.rs	332	0	0	276	276
crates/backend/catalog/catalog_index_seams/src/lib.rs	9	0	0	0	0
crates/backend/catalog/catalog_indexing/src/lib.rs	104	0	0	96	96
crates/backend/catalog/catalog_namespace/src/builtins.rs	20	0	0	4	4
crates/backend/catalog/catalog_namespace/src/lib.rs	211	0	0	155	155
crates/backend/catalog/catalog_namespace/src/lookup.rs	725	0	0	619	619
crates/backend/catalog/catalog_namespace/src/path.rs	345	0	0	302	302
crates/backend/catalog/catalog_namespace/src/temp.rs	229	0	0	149	149
crates/backend/catalog/catalog_namespace/src/tests.rs	0	0	0	0	0
crates/backend/catalog/catalog_namespace/src/visibility.rs	146	0	0	120	120
crates/backend/catalog/catalog_seams/src/lib.rs	20	0	0	0	0
crates/backend/catalog/catalog_storage/src/lib.rs	283	0	0	210	210
crates/backend/catalog/catalog_storage/src/tests.rs	0	0	0	0	0
crates/backend/catalog/catalog_toasting/src/lib.rs	187	0	0	171	171
crates/backend/catalog/dependency_seams/src/lib.rs	19	0	0	0	0
crates/backend/catalog/namespace_seams/src/lib.rs	61	0	0	0	0
crates/backend/catalog/objectaddress/src/builtins.rs	399	0	0	345	345
crates/backend/catalog/objectaddress/src/description.rs	697	0	0	459	459
crates/backend/catalog/objectaddress/src/identity.rs	813	0	0	601	601
crates/backend/catalog/objectaddress/src/lib.rs	1133	0	0	799	799
crates/backend/catalog/objectaddress/src/properties.rs	68	0	0	24	24
crates/backend/catalog/objectaddress_seams/src/lib.rs	25	0	0	0	0
crates/backend/catalog/pg_aggregate/src/lib.rs	517	0	0	358	358
crates/backend/catalog/pg_attrdef/src/lib.rs	197	0	0	185	185
crates/backend/catalog/pg_cast/src/lib.rs	57	0	0	44	44
crates/backend/catalog/pg_class/src/lib.rs	19	0	0	15	15
crates/backend/catalog/pg_class_seams/src/lib.rs	2	0	0	0	0
crates/backend/catalog/pg_collation/src/lib.rs	98	0	0	70	70
crates/backend/catalog/pg_constraint/src/lib.rs	1242	0	0	1102	1102
crates/backend/catalog/pg_conversion/src/lib.rs	88	0	0	78	78
crates/backend/catalog/pg_database/src/lib.rs	141	0	0	134	134
crates/backend/catalog/pg_database/src/tests.rs	0	0	0	0	0
crates/backend/catalog/pg_database_seams/src/lib.rs	15	0	0	0	0
crates/backend/catalog/pg_db_role_setting/src/lib.rs	186	0	0	96	96
crates/backend/catalog/pg_db_role_setting_seams/src/lib.rs	8	0	0	0	0
crates/backend/catalog/pg_depend/src/lib.rs	859	0	0	662	662
crates/backend/catalog/pg_enum/src/lib.rs	333	0	0	301	301
crates/backend/catalog/pg_enum_seams/src/lib.rs	16	0	0	0	0
crates/backend/catalog/pg_inherits/src/lib.rs	301	0	0	260	260
crates/backend/catalog/pg_inherits_seams/src/lib.rs	2	0	0	0	0
crates/backend/catalog/pg_largeobject/src/lib.rs	134	0	0	112	112
crates/backend/catalog/pg_namespace/src/lib.rs	71	0	0	62	62
crates/backend/catalog/pg_operator/src/lib.rs	49	0	0	46	46
crates/backend/catalog/pg_parameter_acl/src/lib.rs	38	0	0	0	0
crates/backend/catalog/pg_proc/src/lib.rs	712	0	0	543	543
crates/backend/catalog/pg_publication/src/lib.rs	734	0	0	624	624
crates/backend/catalog/pg_range/src/lib.rs	64	0	0	59	59
crates/backend/catalog/pg_shdepend/src/lib.rs	845	0	0	547	547
crates/backend/catalog/pg_shdepend/src/tests.rs	0	0	0	0	0
crates/backend/catalog/pg_subscription/src/lib.rs	413	0	0	161	161
crates/backend/catalog/pg_type/src/lib.rs	481	0	0	407	407
crates/backend/catalog/storage_seams/src/lib.rs	29	0	0	0	0
crates/backend/catalog/storage_xlog/src/lib.rs	65	0	0	0	0
crates/backend/commands/aggregatecmds/src/lib.rs	280	0	0	224	224
crates/backend/commands/alter/src/lib.rs	501	0	0	351	351
crates/backend/commands/alter_seams/src/lib.rs	8	0	0	0	0
crates/backend/commands/amcmds/src/lib.rs	103	0	0	82	82
crates/backend/commands/analyze/src/array_typanalyze.rs	214	0	0	182	182
crates/backend/commands/analyze/src/lib.rs	1906	0	0	1233	1233
crates/backend/commands/analyze/src/qsort.rs	91	0	0	85	85
crates/backend/commands/analyze/src/range_typanalyze.rs	177	0	0	165	165
crates/backend/commands/analyze/src/sampling.rs	80	0	0	44	44
crates/backend/commands/analyze/src/ts_typanalyze.rs	106	0	0	95	95
crates/backend/commands/async_seams/src/lib.rs	16	0	0	0	0
crates/backend/commands/cluster/src/command.rs	446	0	0	379	379
crates/backend/commands/cluster/src/copy.rs	197	0	0	177	177
crates/backend/commands/cluster/src/lib.rs	427	0	0	382	382
crates/backend/commands/cluster_seams/src/lib.rs	7	0	0	0	0
crates/backend/commands/collationcmds/src/lib.rs	383	0	0	275	275
crates/backend/commands/commands_analyze_seams/src/lib.rs	9	0	0	0	0
crates/backend/commands/commands_async/src/builtins.rs	36	0	0	30	30
crates/backend/commands/commands_async/src/lib.rs	374	0	0	228	228
crates/backend/commands/commands_async/src/queue.rs	421	0	0	266	266
crates/backend/commands/commands_async/src/tests.rs	0	0	0	0	0
crates/backend/commands/commands_define/src/lib.rs	123	0	0	76	76
crates/backend/commands/comment/src/lib.rs	219	0	0	170	170
crates/backend/commands/constraint_cmd/src/lib.rs	81	0	0	66	66
crates/backend/commands/conversioncmds/src/lib.rs	95	0	0	49	49
crates/backend/commands/copy/src/from.rs	949	0	0	757	757
crates/backend/commands/copy/src/fromparquet.rs	370	0	0	0	0
crates/backend/commands/copy/src/fromparse.rs	923	0	0	623	623
crates/backend/commands/copy/src/lib.rs	765	0	0	577	577
crates/backend/commands/copy/src/memheadroom.rs	67	0	0	0	0
crates/backend/commands/copy/src/parallel.rs	1537	0	0	17	17
crates/backend/commands/copy/src/tests.rs	0	0	0	0	0
crates/backend/commands/copy/src/to.rs	461	0	0	377	377
crates/backend/commands/copy_seams/src/lib.rs	7	0	0	2	2
crates/backend/commands/createas/src/lib.rs	337	0	0	306	306
crates/backend/commands/createas_seams/src/lib.rs	30	0	0	10	10
crates/backend/commands/dbcommands/src/alterdb.rs	521	0	0	282	282
crates/backend/commands/dbcommands/src/builtins.rs	14	0	0	0	0
crates/backend/commands/dbcommands/src/createdb.rs	559	0	0	186	186
crates/backend/commands/dbcommands/src/dropdb.rs	167	0	0	120	120
crates/backend/commands/dbcommands/src/lib.rs	235	0	0	101	101
crates/backend/commands/dbcommands/src/walcopy.rs	186	0	0	143	143
crates/backend/commands/dbcommands_seams/src/lib.rs	10	0	0	0	0
crates/backend/commands/define/src/lib.rs	61	0	0	34	34
crates/backend/commands/discard/src/lib.rs	21	0	0	19	19
crates/backend/commands/dropcmds/src/lib.rs	290	0	0	220	220
crates/backend/commands/event_trigger/src/ddl.rs	456	0	0	293	293
crates/backend/commands/event_trigger/src/lib.rs	357	0	0	326	326
crates/backend/commands/event_trigger/src/sqldrop.rs	206	0	0	182	182
crates/backend/commands/event_trigger/src/srf.rs	219	0	0	129	129
crates/backend/commands/event_trigger_seams/src/lib.rs	17	0	0	0	0
crates/backend/commands/explain/src/format.rs	298	0	0	229	229
crates/backend/commands/explain/src/lib.rs	627	0	0	522	522
crates/backend/commands/explain/src/node.rs	2240	0	0	1824	1824
crates/backend/commands/explain/src/state.rs	172	0	0	75	75
crates/backend/commands/explain/src/tests.rs	0	0	0	0	0
crates/backend/commands/explain_dr/src/lib.rs	112	0	0	102	102
crates/backend/commands/explain_dr/src/tests.rs	0	0	0	0	0
crates/backend/commands/extension/src/alter.rs	362	0	0	0	0
crates/backend/commands/extension/src/contents.rs	124	0	0	0	0
crates/backend/commands/extension/src/control.rs	285	0	0	130	130
crates/backend/commands/extension/src/create.rs	318	0	0	0	0
crates/backend/commands/extension/src/funcs.rs	133	0	0	94	94
crates/backend/commands/extension/src/graph.rs	141	0	0	102	102
crates/backend/commands/extension/src/lib.rs	110	0	0	25	25
crates/backend/commands/extension/src/script.rs	402	0	0	0	0
crates/backend/commands/extension_seams/src/builtins.rs	15	0	0	7	7
crates/backend/commands/extension_seams/src/lib.rs	17	0	0	0	0
crates/backend/commands/foreigncmds/src/foreign.rs	231	0	0	130	130
crates/backend/commands/foreigncmds/src/lib.rs	823	0	0	663	663
crates/backend/commands/foreigncmds/src/options.rs	197	0	0	170	170
crates/backend/commands/foreigncmds_seams/src/lib.rs	37	0	0	12	12
crates/backend/commands/functioncmds/src/cast_transform.rs	330	0	0	197	197
crates/backend/commands/functioncmds/src/lib.rs	1278	0	0	978	978
crates/backend/commands/indexcmds/src/define.rs	1370	0	0	1100	1100
crates/backend/commands/indexcmds/src/lib.rs	98	0	0	81	81
crates/backend/commands/indexcmds/src/reindex.rs	727	0	0	567	567
crates/backend/commands/indexcmds/src/tests.rs	0	0	0	0	0
crates/backend/commands/indexcmds_seams/src/lib.rs	57	0	0	0	0
crates/backend/commands/lockcmds/src/lib.rs	142	0	0	118	118
crates/backend/commands/matview/src/lib.rs	471	0	0	380	380
crates/backend/commands/matview_seams/src/lib.rs	47	0	0	9	9
crates/backend/commands/opclasscmds/src/builtins.rs	4	0	0	3	3
crates/backend/commands/opclasscmds/src/lib.rs	895	0	0	702	702
crates/backend/commands/opclasscmds_seams/src/lib.rs	14	0	0	0	0
crates/backend/commands/operatorcmds/src/lib.rs	385	0	0	320	320
crates/backend/commands/policy/src/lib.rs	632	0	0	491	491
crates/backend/commands/policy_seams/src/lib.rs	9	0	0	0	0
crates/backend/commands/portalcmds/src/lib.rs	205	0	0	173	173
crates/backend/commands/portalcmds/src/tests.rs	0	0	0	0	0
crates/backend/commands/portalcmds_seams/src/lib.rs	8	0	0	0	0
crates/backend/commands/prepare/src/lib.rs	371	0	0	328	328
crates/backend/commands/prepare_seams/src/lib.rs	13	0	0	0	0
crates/backend/commands/proclang/src/lib.rs	111	0	0	62	62
crates/backend/commands/publicationcmds/src/lib.rs	1188	0	0	980	980
crates/backend/commands/publicationcmds_seams/src/lib.rs	6	0	0	0	0
crates/backend/commands/schemacmds/src/lib.rs	226	0	0	165	165
crates/backend/commands/seclabel/src/lib.rs	332	0	0	61	61
crates/backend/commands/sequence/src/builtins.rs	100	0	0	84	84
crates/backend/commands/sequence/src/lib.rs	951	0	0	850	850
crates/backend/commands/sequence_seams/src/builtins.rs	19	0	0	16	16
crates/backend/commands/sequence_seams/src/lib.rs	28	0	0	0	0
crates/backend/commands/sequence_xlog/src/lib.rs	36	0	0	13	13
crates/backend/commands/statscmds/src/lib.rs	560	0	0	466	466
crates/backend/commands/subscriptioncmds/src/connect.rs	259	0	0	7	7
crates/backend/commands/subscriptioncmds/src/conninfo.rs	93	0	0	65	65
crates/backend/commands/subscriptioncmds/src/lib.rs	960	0	0	645	645
crates/backend/commands/subscriptioncmds/src/origin.rs	14	0	0	13	13
crates/backend/commands/tablecmds/src/alter.rs	5597	0	0	4670	4670
crates/backend/commands/tablecmds/src/attach.rs	1524	0	0	1315	1315
crates/backend/commands/tablecmds/src/constraints.rs	772	0	0	706	706
crates/backend/commands/tablecmds/src/drop.rs	223	0	0	178	178
crates/backend/commands/tablecmds/src/fk.rs	2375	0	0	2058	2058
crates/backend/commands/tablecmds/src/inheritance.rs	1176	0	0	982	982
crates/backend/commands/tablecmds/src/lib.rs	741	0	0	623	623
crates/backend/commands/tablecmds/src/namespace.rs	213	0	0	174	174
crates/backend/commands/tablecmds/src/oncommit.rs	77	0	0	63	63
crates/backend/commands/tablecmds/src/owner.rs	257	0	0	166	166
crates/backend/commands/tablecmds/src/partition.rs	582	0	0	524	524
crates/backend/commands/tablecmds/src/rename.rs	443	0	0	369	369
crates/backend/commands/tablecmds/src/setrelopts.rs	114	0	0	88	88
crates/backend/commands/tablecmds/src/truncate.rs	270	0	0	210	210
crates/backend/commands/tablecmds_seams/src/lib.rs	32	0	0	0	0
crates/backend/commands/tablespace/src/lib.rs	865	0	0	457	457
crates/backend/commands/tablespace_seams/src/lib.rs	17	0	0	0	0
crates/backend/commands/trigger/src/catalog.rs	874	0	0	719	719
crates/backend/commands/trigger/src/ddl.rs	367	0	0	307	307
crates/backend/commands/trigger/src/exec.rs	359	0	0	278	278
crates/backend/commands/trigger/src/lib.rs	8	0	0	8	8
crates/backend/commands/trigger/src/queue.rs	928	0	0	859	859
crates/backend/commands/trigger/src/state.rs	148	0	0	126	126
crates/backend/commands/trigger_seams/src/lib.rs	14	0	0	0	0
crates/backend/commands/tsearchcmds/src/deflist.rs	183	0	0	111	111
crates/backend/commands/tsearchcmds/src/lib.rs	800	0	0	671	671
crates/backend/commands/tsearchcmds/src/tests.rs	0	0	0	0	0
crates/backend/commands/typecmds/src/alter.rs	1116	0	0	917	917
crates/backend/commands/typecmds/src/lib.rs	1108	0	0	910	910
crates/backend/commands/typecmds/src/range.rs	573	0	0	441	441
crates/backend/commands/typecmds_seams/src/lib.rs	22	0	0	0	0
crates/backend/commands/user/src/lib.rs	1318	0	0	1096	1096
crates/backend/commands/user/src/tests.rs	0	0	0	0	0
crates/backend/commands/vacuum/src/lib.rs	1041	0	0	802	802
crates/backend/commands/vacuum_morsels/src/lib.rs	161	0	0	138	138
crates/backend/commands/vacuum_morsels/src/tests.rs	0	0	0	0	0
crates/backend/commands/vacuum_seams/src/lib.rs	14	0	0	0	0
crates/backend/commands/vacuumparallel/src/lib.rs	978	0	0	766	766
crates/backend/commands/variable/src/lib.rs	575	0	0	408	408
crates/backend/commands/variable/src/tests.rs	0	0	0	0	0
crates/backend/commands/view/src/lib.rs	257	0	0	223	223
crates/backend/executor/execexpr/src/arrayops.rs	360	0	0	277	277
crates/backend/executor/execexpr/src/compile.rs	3894	0	0	3107	3107
crates/backend/executor/execexpr/src/domain.rs	117	0	0	117	117
crates/backend/executor/execexpr/src/hstoresubs.rs	16	0	0	0	0
crates/backend/executor/execexpr/src/interp.rs	3040	0	0	2393	2393
crates/backend/executor/execexpr/src/jit.rs	902	0	0	760	760
crates/backend/executor/execexpr/src/jsonbsubs.rs	35	0	0	35	35
crates/backend/executor/execexpr/src/lib.rs	39	0	0	39	39
crates/backend/executor/execexpr/src/steps.rs	827	0	0	461	461
crates/backend/executor/execexpr/src/tests.rs	0	0	0	0	0
crates/backend/executor/execexpr/src/xmlops.rs	252	0	0	221	221
crates/backend/executor/execgrouping/src/lib.rs	631	0	0	486	486
crates/backend/executor/execgrouping/src/tests.rs	0	0	0	0	0
crates/backend/executor/execindexing/src/build_scan.rs	227	0	0	192	192
crates/backend/executor/execindexing/src/lib.rs	777	0	0	698	698
crates/backend/executor/execindexing/src/tests.rs	0	0	0	0	0
crates/backend/executor/execindexing/src/validate_scan.rs	132	0	0	109	109
crates/backend/executor/execjunk/src/lib.rs	46	0	0	43	43
crates/backend/executor/execjunk/src/tests.rs	0	0	0	0	0
crates/backend/executor/execmain/src/epq.rs	171	0	0	12	12
crates/backend/executor/execmain/src/execami.rs	537	0	0	371	371
crates/backend/executor/execmain/src/execcurrent.rs	289	0	0	180	180
crates/backend/executor/execmain/src/execmain.rs	807	0	0	686	686
crates/backend/executor/execmain/src/execparallel.rs	565	0	0	473	473
crates/backend/executor/execmain/src/lanev2.rs	6777	0	0	3238	3238
crates/backend/executor/execmain/src/lanev2/agg_bitmap.rs	58	0	0	14	14
crates/backend/executor/execmain/src/lanev2/batch_source.rs	263	0	0	122	122
crates/backend/executor/execmain/src/lanev2/census.rs	256	0	0	11	11
crates/backend/executor/execmain/src/lanev2/coverage.rs	78	0	0	0	0
crates/backend/executor/execmain/src/lanev2/dml.rs	169	0	0	9	9
crates/backend/executor/execmain/src/lanev2/epq.rs	117	0	0	0	0
crates/backend/executor/execmain/src/lanev2/express.rs	60	0	0	14	14
crates/backend/executor/execmain/src/lanev2/exprkey.rs	1899	0	0	109	109
crates/backend/executor/execmain/src/lanev2/indexsource.rs	254	0	0	196	196
crates/backend/executor/execmain/src/lanev2/lane_mergejoin.rs	44	0	0	9	9
crates/backend/executor/execmain/src/lanev2/push.rs	710	0	0	423	423
crates/backend/executor/execmain/src/lanev2/router.rs	179	0	0	48	48
crates/backend/executor/execmain/src/lanev2/row_emit.rs	89	0	0	56	56
crates/backend/executor/execmain/src/lanev2/rowmode.rs	99	0	0	77	77
crates/backend/executor/execmain/src/lanev2/rowmode_tail.rs	151	0	0	132	132
crates/backend/executor/execmain/src/lanev2/runtime_agg.rs	2891	0	0	33	33
crates/backend/executor/execmain/src/lanev2/runtime_agg_sorted.rs	908	0	0	0	0
crates/backend/executor/execmain/src/lanev2/runtime_bitmap.rs	283	0	0	8	8
crates/backend/executor/execmain/src/lanev2/runtime_distinct.rs	1387	0	0	127	127
crates/backend/executor/execmain/src/lanev2/runtime_hashjoin.rs	2653	0	0	275	275
crates/backend/executor/execmain/src/lanev2/runtime_instr.rs	100	0	0	8	8
crates/backend/executor/execmain/src/lanev2/runtime_mergejoin.rs	608	0	0	99	99
crates/backend/executor/execmain/src/lanev2/runtime_nlindex.rs	554	0	0	39	39
crates/backend/executor/execmain/src/lanev2/runtime_partwise.rs	168	0	0	99	99
crates/backend/executor/execmain/src/lanev2/runtime_passthrough.rs	639	0	0	469	469
crates/backend/executor/execmain/src/lanev2/runtime_plaindistinct.rs	724	0	0	105	105
crates/backend/executor/execmain/src/lanev2/runtime_scan.rs	1336	0	0	633	633
crates/backend/executor/execmain/src/lanev2/runtime_sort.rs	1483	0	0	81	81
crates/backend/executor/execmain/src/lanev2/standing_channel.rs	194	0	0	137	137
crates/backend/executor/execmain/src/lanev2/stats.rs	484	0	0	23	23
crates/backend/executor/execmain/src/lanev2/stmt_task.rs	826	0	0	8	8
crates/backend/executor/execmain/src/lanev2/tail_source.rs	188	0	0	158	158
crates/backend/executor/execmain/src/lanev2/windows.rs	360	0	0	132	132
crates/backend/executor/execmain/src/lanev2/write_blockrun.rs	110	0	0	87	87
crates/backend/executor/execmain/src/lanev2/write_funnel.rs	84	0	0	18	18
crates/backend/executor/execmain/src/lib.rs	84	0	0	84	84
crates/backend/executor/execmain/src/nodegather.rs	293	0	0	233	233
crates/backend/executor/execmain/src/nodegathermerge.rs	387	0	0	376	376
crates/backend/executor/execmain/src/nodeprojectset.rs	321	0	0	281	281
crates/backend/executor/execmain/src/noderesult.rs	129	0	0	123	123
crates/backend/executor/execmain/src/nodesubplan.rs	1003	0	0	898	898
crates/backend/executor/execmain/src/procnode.rs	2376	0	0	1926	1926
crates/backend/executor/execmain/src/querydesc.rs	461	0	0	369	369
crates/backend/executor/execmain/src/slease.rs	198	0	0	12	12
crates/backend/executor/execmain/src/tests.rs	0	0	0	0	0
crates/backend/executor/execmain/src/typefromtl.rs	14	0	0	14	14
crates/backend/executor/execmain_seams/src/lib.rs	192	0	0	0	0
crates/backend/executor/execpartition/src/lib.rs	547	0	0	501	501
crates/backend/executor/execpartition/src/pruning.rs	417	0	0	404	404
crates/backend/executor/execreplication/src/lib.rs	170	0	0	163	163
crates/backend/executor/execreplication_seams/src/lib.rs	6	0	0	0	0
crates/backend/executor/execscan/src/lib.rs	496	0	0	315	315
crates/backend/executor/execscan/src/tests.rs	0	0	0	0	0
crates/backend/executor/exectuples/src/batch.rs	578	0	0	248	248
crates/backend/executor/exectuples/src/deform.rs	344	0	0	251	251
crates/backend/executor/exectuples/src/domain_work.rs	5	0	0	0	0
crates/backend/executor/exectuples/src/lib.rs	0	0	0	0	0
crates/backend/executor/exectuples/src/slots.rs	647	0	0	520	520
crates/backend/executor/exectuples/src/tests.rs	0	0	0	0	0
crates/backend/executor/exectuples_output/src/lib.rs	65	0	0	64	64
crates/backend/executor/exectuples_output/src/tests.rs	0	0	0	0	0
crates/backend/executor/executils/src/lib.rs	885	0	0	626	626
crates/backend/executor/executils/src/tests.rs	0	0	0	0	0
crates/backend/executor/hstore_subs_seams/src/lib.rs	9	0	0	0	0
crates/backend/executor/instrument/src/lib.rs	159	0	0	119	119
crates/backend/executor/instrument/src/tests.rs	0	0	0	0	0
crates/backend/executor/laneexec/src/dict.rs	484	0	0	0	0
crates/backend/executor/laneexec/src/dicteval.rs	309	0	0	0	0
crates/backend/executor/laneexec/src/interp.rs	426	0	0	0	0
crates/backend/executor/laneexec/src/lib.rs	47	0	0	0	0
crates/backend/executor/laneexec/src/shape.rs	0	0	0	0	0
crates/backend/executor/laneexec/src/translate.rs	542	0	0	0	0
crates/backend/executor/lanefold/src/lib.rs	1597	0	0	513	513
crates/backend/executor/lanefold/src/tests.rs	0	0	0	0	0
crates/backend/executor/lanereg/src/lib.rs	171	0	0	16	16
crates/backend/executor/lanereg/src/tests.rs	0	0	0	0	0
crates/backend/executor/lanestitch/src/emit.rs	315	0	0	0	0
crates/backend/executor/lanestitch/src/interp.rs	190	0	0	0	0
crates/backend/executor/lanestitch/src/lib.rs	177	0	0	3	3
crates/backend/executor/lanestitch/src/spec.rs	126	0	0	0	0
crates/backend/executor/lanestitch/src/stitch.rs	1280	0	0	0	0
crates/backend/executor/lanetable/src/lib.rs	1071	0	0	315	315
crates/backend/executor/lanetable/src/tests.rs	0	0	0	0	0
crates/backend/executor/nodeagg/src/codedgroup.rs	387	0	0	5	5
crates/backend/executor/nodeagg/src/compact.rs	1137	0	0	421	421
crates/backend/executor/nodeagg/src/distinctset.rs	391	0	0	151	151
crates/backend/executor/nodeagg/src/gsets.rs	1151	0	0	1110	1110
crates/backend/executor/nodeagg/src/hashgrouped.rs	1237	0	0	532	532
crates/backend/executor/nodeagg/src/lib.rs	3988	0	0	2811	2811
crates/backend/executor/nodeagg/src/merge.rs	1590	0	0	605	605
crates/backend/executor/nodeagg/src/pardistinct.rs	1560	0	0	6	6
crates/backend/executor/nodeagg/src/plainpd.rs	299	0	0	36	36
crates/backend/executor/nodeagg/src/runtime_partial.rs	655	0	0	184	184
crates/backend/executor/nodeagg/src/sink.rs	2520	0	0	36	36
crates/backend/executor/nodeagg/src/sortedsink.rs	142	0	0	2	2
crates/backend/executor/nodeagg/src/spankey.rs	65	0	0	7	7
crates/backend/executor/nodeagg/src/tests.rs	0	0	0	0	0
crates/backend/executor/nodeappend/src/lib.rs	200	0	0	185	185
crates/backend/executor/nodebitmapheapscan/src/lib.rs	313	0	0	245	245
crates/backend/executor/nodebitmapheapscan/src/tests.rs	0	0	0	0	0
crates/backend/executor/nodebitmapindexscan/src/lib.rs	187	0	0	103	103
crates/backend/executor/nodectescan/src/lib.rs	168	0	0	144	144
crates/backend/executor/nodeforeignscan/src/lib.rs	129	0	0	3	3
crates/backend/executor/nodefunctionscan/src/lib.rs	540	0	0	468	468
crates/backend/executor/nodefunctionscan/src/tests.rs	0	0	0	0	0
crates/backend/executor/nodegroup/src/lib.rs	134	0	0	122	122
crates/backend/executor/nodegroup/src/tests.rs	0	0	0	0	0
crates/backend/executor/nodehash/src/lib.rs	722	0	0	635	635
crates/backend/executor/nodehash/src/parallel.rs	782	0	0	754	754
crates/backend/executor/nodehash/src/tests.rs	0	0	0	0	0
crates/backend/executor/nodehashjoin/src/batch.rs	94	0	0	0	0
crates/backend/executor/nodehashjoin/src/lib.rs	1006	0	0	885	885
crates/backend/executor/nodehashjoin/src/parallel.rs	385	0	0	322	322
crates/backend/executor/nodehashjoin/src/shared_build.rs	523	0	0	0	0
crates/backend/executor/nodehashjoin/src/shared_exec.rs	280	0	0	4	4
crates/backend/executor/nodeincrementalsort/src/lib.rs	346	0	0	322	322
crates/backend/executor/nodeincrementalsort/src/tests.rs	0	0	0	0	0
crates/backend/executor/nodeindexonlyscan/src/lib.rs	493	0	0	405	405
crates/backend/executor/nodeindexonlyscan/src/tests.rs	0	0	0	0	0
crates/backend/executor/nodeindexscan/src/lib.rs	789	0	0	677	677
crates/backend/executor/nodeindexscan/src/tests.rs	0	0	0	0	0
crates/backend/executor/nodelimit/src/lib.rs	246	0	0	223	223
crates/backend/executor/nodelimit/src/tests.rs	0	0	0	0	0
crates/backend/executor/nodelockrows/src/lib.rs	235	0	0	176	176
crates/backend/executor/nodematerial/src/lib.rs	103	0	0	92	92
crates/backend/executor/nodememoize/src/lib.rs	626	0	0	546	546
crates/backend/executor/nodemergeappend/src/lib.rs	142	0	0	130	130
crates/backend/executor/nodemergejoin/src/lib.rs	568	0	0	478	478
crates/backend/executor/nodemergejoin/src/tests.rs	0	0	0	0	0
crates/backend/executor/nodemodifytable/src/lib.rs	5564	0	0	4505	4505
crates/backend/executor/nodenamedtuplestorescan/src/lib.rs	82	0	0	59	59
crates/backend/executor/nodenestloop/src/lib.rs	313	0	0	283	283
crates/backend/executor/noderecursiveunion/src/lib.rs	155	0	0	135	135
crates/backend/executor/nodesamplescan/src/lib.rs	187	0	0	163	163
crates/backend/executor/nodeseqscan/src/lib.rs	2226	0	0	859	859
crates/backend/executor/nodeseqscan/src/tests.rs	0	0	0	0	0
crates/backend/executor/nodesetop/src/lib.rs	326	0	0	291	291
crates/backend/executor/nodesetop/src/tests.rs	0	0	0	0	0
crates/backend/executor/nodesort/src/fullsort.rs	108	0	0	0	0
crates/backend/executor/nodesort/src/lib.rs	525	0	0	320	320
crates/backend/executor/nodesort/src/mjmerge.rs	96	0	0	0	0
crates/backend/executor/nodesort/src/sink.rs	94	0	0	0	0
crates/backend/executor/nodesort/src/tests.rs	0	0	0	0	0
crates/backend/executor/nodetablefuncscan/src/lib.rs	354	0	0	308	308
crates/backend/executor/nodetidrangescan/src/lib.rs	150	0	0	133	133
crates/backend/executor/nodetidscan/src/lib.rs	253	0	0	213	213
crates/backend/executor/nodeunique/src/lib.rs	103	0	0	97	97
crates/backend/executor/nodeunique/src/tests.rs	0	0	0	0	0
crates/backend/executor/nodevaluesscan/src/lib.rs	156	0	0	141	141
crates/backend/executor/nodevaluesscan/src/tests.rs	0	0	0	0	0
crates/backend/executor/nodewindowagg/src/lane.rs	420	0	0	213	213
crates/backend/executor/nodewindowagg/src/lib.rs	2363	0	0	2100	2100
crates/backend/executor/nodewindowagg/src/tests.rs	0	0	0	0	0
crates/backend/executor/nodeworktablescan/src/lib.rs	91	0	0	76	76
crates/backend/executor/runtime/src/blocking.rs	15	0	0	3	3
crates/backend/executor/runtime/src/caller.rs	88	0	0	48	48
crates/backend/executor/runtime/src/clock.rs	14	0	0	4	4
crates/backend/executor/runtime/src/funnel.rs	371	0	0	112	112
crates/backend/executor/runtime/src/io.rs	51	0	0	14	14
crates/backend/executor/runtime/src/ledger.rs	329	0	0	45	45
crates/backend/executor/runtime/src/lib.rs	491	0	0	264	264
crates/backend/executor/runtime/src/lifecycle.rs	445	0	0	158	158
crates/backend/executor/runtime/src/morsel.rs	103	0	0	63	63
crates/backend/executor/runtime/src/pool.rs	87	0	0	49	49
crates/backend/executor/runtime/src/rg.rs	155	0	0	90	90
crates/backend/executor/runtime/src/sched.rs	1195	0	0	702	702
crates/backend/executor/runtime/src/sink.rs	572	0	0	0	0
crates/backend/executor/runtime/src/sizing.rs	78	0	0	61	61
crates/backend/executor/runtime/src/stats.rs	50	0	0	4	4
crates/backend/executor/runtime/src/sync.rs	0	0	0	0	0
crates/backend/executor/runtime/src/taskset.rs	45	0	0	37	37
crates/backend/executor/runtime/src/tests.rs	0	0	0	0	0
crates/backend/executor/spi/src/access.rs	52	0	0	40	40
crates/backend/executor/spi/src/cursor.rs	188	0	0	163	163
crates/backend/executor/spi/src/execute.rs	391	0	0	284	284
crates/backend/executor/spi/src/lib.rs	254	0	0	183	183
crates/backend/executor/spi/src/plan.rs	273	0	0	215	215
crates/backend/executor/spi/src/tests.rs	0	0	0	0	0
crates/backend/executor/spi/src/tuptable.rs	78	0	0	69	69
crates/backend/executor/spi_seams/src/lib.rs	10	0	0	0	0
crates/backend/executor/spillset/src/lib.rs	130	0	0	0	0
crates/backend/executor/spillset/src/tests.rs	0	0	0	0	0
crates/backend/executor/sql_functions/src/cache.rs	457	0	0	404	404
crates/backend/executor/sql_functions/src/inline_fn.rs	223	0	0	193	193
crates/backend/executor/sql_functions/src/lib.rs	856	0	0	747	747
crates/backend/executor/sql_functions/src/retval.rs	309	0	0	272	272
crates/backend/executor/sql_functions/src/srf_inline.rs	267	0	0	213	213
crates/backend/executor/sql_functions_seams/src/lib.rs	5	0	0	0	0
crates/backend/executor/tqueue/src/lib.rs	217	0	0	147	147
crates/backend/executor/tqueue/src/tests.rs	0	0	0	0	0
crates/backend/executor/tstore_receiver/src/lib.rs	59	0	0	56	56
crates/backend/executor/tstore_receiver/src/tests.rs	0	0	0	0	0
crates/backend/lib/binaryheap/src/lib.rs	88	0	0	0	0
crates/backend/lib/bloomfilter/src/lib.rs	64	0	0	0	0
crates/backend/lib/bloomfilter/src/tests.rs	0	0	0	0	0
crates/backend/lib/dshash/bench/rig/src/main.rs	150	0	0	0	0
crates/backend/lib/dshash/src/lib.rs	296	0	0	0	0
crates/backend/lib/dshash/src/tests.rs	0	0	0	0	0
crates/backend/lib/hyperloglog/src/lib.rs	40	0	0	30	30
crates/backend/lib/integerset/src/lib.rs	284	0	0	0	0
crates/backend/lib/integerset/src/tests.rs	0	0	0	0	0
crates/backend/lib/pairingheap/src/lib.rs	123	0	0	85	85
crates/backend/lib/radixtree/src/lib.rs	878	0	0	460	460
crates/backend/lib/radixtree/src/tests.rs	0	0	0	0	0
crates/backend/libpq/auth/src/lib.rs	570	0	0	44	44
crates/backend/libpq/auth/src/tests.rs	0	0	0	0	0
crates/backend/libpq/auth_sasl/src/lib.rs	80	0	0	0	0
crates/backend/libpq/auth_scram/src/exchange.rs	431	0	0	0	0
crates/backend/libpq/auth_scram/src/lib.rs	155	0	0	98	98
crates/backend/libpq/auth_scram/src/tests.rs	0	0	0	0	0
crates/backend/libpq/auth_seams/src/lib.rs	6	0	0	0	0
crates/backend/libpq/be_fsstubs/src/fmgr_builtins.rs	114	0	0	93	93
crates/backend/libpq/be_fsstubs/src/lib.rs	360	0	0	269	269
crates/backend/libpq/be_fsstubs_seams/src/lib.rs	8	0	0	0	0
crates/backend/libpq/be_secure/src/lib.rs	126	0	0	52	52
crates/backend/libpq/be_secure/src/no_ssl_stub.rs	24	0	0	0	0
crates/backend/libpq/be_secure/src/tests.rs	0	0	0	0	0
crates/backend/libpq/be_secure_common/src/lib.rs	169	0	0	0	0
crates/backend/libpq/be_secure_common/src/tests.rs	0	0	0	0	0
crates/backend/libpq/be_secure_openssl/src/cffi.rs	128	0	0	0	0
crates/backend/libpq/be_secure_openssl/src/lib.rs	808	0	0	0	0
crates/backend/libpq/be_secure_seams/src/lib.rs	10	0	0	0	0
crates/backend/libpq/crypt/src/lib.rs	111	0	0	75	75
crates/backend/libpq/crypt/src/tests.rs	0	0	0	0	0
crates/backend/libpq/fdnb/src/lib.rs	124	0	0	0	0
crates/backend/libpq/hba/src/check.rs	237	0	0	66	66
crates/backend/libpq/hba/src/lib.rs	155	0	0	48	48
crates/backend/libpq/hba/src/parse_hba.rs	408	0	0	87	87
crates/backend/libpq/hba/src/parse_ident.rs	106	0	0	0	0
crates/backend/libpq/hba/src/tests.rs	0	0	0	0	0
crates/backend/libpq/hba/src/token.rs	135	0	0	61	61
crates/backend/libpq/hba/src/tokenize.rs	177	0	0	78	78
crates/backend/libpq/hba_seams/src/lib.rs	6	0	0	0	0
crates/backend/libpq/ifaddr/src/lib.rs	109	0	0	35	35
crates/backend/libpq/libpq_pqsignal/src/lib.rs	80	0	0	39	39
crates/backend/libpq/pqcomm/src/lib.rs	423	0	0	222	222
crates/backend/libpq/pqcomm/src/socket.rs	634	0	0	248	248
crates/backend/libpq/pqcomm/src/tests.rs	0	0	0	0	0
crates/backend/libpq/pqcomm_seams/src/lib.rs	24	0	0	0	0
crates/backend/libpq/pqcomm_simnet/src/imp.rs	431	0	0	0	0
crates/backend/libpq/pqcomm_simnet/src/lib.rs	0	0	0	0	0
crates/backend/libpq/pqcomm_simnet/src/tests.rs	0	0	0	0	0
crates/backend/libpq/pqcomm_stdio/src/lib.rs	66	0	0	0	0
crates/backend/libpq/pqformat/src/lib.rs	180	6	0	126	126
crates/backend/libpq/pqformat/src/tests.rs	0	0	0	0	0
crates/backend/main/main_main/src/bin/postgres.rs	151	0	0	29	29
crates/backend/main/main_main/src/lib.rs	156	0	0	39	39
crates/backend/nodes/copyfuncs/src/generated.rs	2954	0	0	1403	1403
crates/backend/nodes/copyfuncs/src/lib.rs	82	0	0	63	63
crates/backend/nodes/copyfuncs/src/tests.rs	0	0	0	0	0
crates/backend/nodes/nodes_core/src/lib.rs	1593	0	0	1143	1143
crates/backend/nodes/nodes_core/src/makefuncs.rs	78	0	0	48	48
crates/backend/nodes/nodes_core/src/node_funcs.rs	441	0	0	322	322
crates/backend/nodes/nodes_core/src/print.rs	252	0	0	0	0
crates/backend/nodes/nodes_core/src/tests.rs	0	0	0	0	0
crates/backend/nodes/outfuncs/src/lib.rs	1317	0	0	1144	1144
crates/backend/nodes/outfuncs/src/tests.rs	0	0	0	0	0
crates/backend/nodes/params/src/lib.rs	69	0	0	12	12
crates/backend/nodes/params/src/tests.rs	0	0	0	0	0
crates/backend/nodes/queryjumble/src/lib.rs	109	0	0	62	62
crates/backend/nodes/queryjumble/src/tests.rs	0	0	0	0	0
crates/backend/nodes/queryjumble/src/walker.rs	1617	0	0	212	212
crates/backend/nodes/readfuncs/src/lib.rs	1504	0	0	1387	1387
crates/backend/nodes/readfuncs/src/tests.rs	0	0	0	0	0
crates/backend/nodes/tidbitmap/src/lib.rs	490	0	0	370	370
crates/backend/nodes/tidbitmap/src/tests.rs	0	0	0	0	0
crates/backend/optimizer/path/allpaths/src/gucs.rs	9	0	0	7	7
crates/backend/optimizer/path/allpaths/src/lib.rs	50	0	0	36	36
crates/backend/optimizer/path/allpaths/src/tests.rs	0	0	0	0	0
crates/backend/optimizer/path/costsize/src/gucs.rs	156	0	0	88	88
crates/backend/optimizer/path/costsize/src/lib.rs	2961	0	0	2662	2662
crates/backend/optimizer/path/costsize/src/runtime_model.rs	128	0	0	31	31
crates/backend/optimizer/path/costsize/src/serial_model.rs	113	0	0	0	0
crates/backend/optimizer/path/equivclass/src/lib.rs	1558	0	0	1403	1403
crates/backend/optimizer/path/indxpath/src/lib.rs	2012	0	0	1848	1848
crates/backend/optimizer/plan/planner/src/allpaths.rs	1258	0	0	1113	1113
crates/backend/optimizer/plan/planner/src/analyzejoins.rs	1085	0	0	1021	1021
crates/backend/optimizer/plan/planner/src/array_selfuncs.rs	379	0	0	296	296
crates/backend/optimizer/plan/planner/src/clausesel.rs	383	0	0	358	358
crates/backend/optimizer/plan/planner/src/cluster.rs	69	0	0	62	62
crates/backend/optimizer/plan/planner/src/costsize.rs	0	0	0	0	0
crates/backend/optimizer/plan/planner/src/createplan.rs	3899	0	0	3565	3565
crates/backend/optimizer/plan/planner/src/cte.rs	285	0	0	268	268
crates/backend/optimizer/plan/planner/src/equivclass.rs	0	0	0	0	0
crates/backend/optimizer/plan/planner/src/extended_stats.rs	1018	0	0	939	939
crates/backend/optimizer/plan/planner/src/fdwplan.rs	9	0	0	2	2
crates/backend/optimizer/plan/planner/src/flatten_group.rs	326	0	0	156	156
crates/backend/optimizer/plan/planner/src/geqo/copy.rs	4	0	0	4	4
crates/backend/optimizer/plan/planner/src/geqo/cx.rs	35	0	0	0	0
crates/backend/optimizer/plan/planner/src/geqo/erx.rs	117	0	0	76	76
crates/backend/optimizer/plan/planner/src/geqo/eval.rs	85	0	0	79	79
crates/backend/optimizer/plan/planner/src/geqo/mod.rs	65	0	0	51	51
crates/backend/optimizer/plan/planner/src/geqo/mutation.rs	9	0	0	0	0
crates/backend/optimizer/plan/planner/src/geqo/ox1.rs	24	0	0	0	0
crates/backend/optimizer/plan/planner/src/geqo/ox2.rs	33	0	0	0	0
crates/backend/optimizer/plan/planner/src/geqo/pmx.rs	76	0	0	0	0
crates/backend/optimizer/plan/planner/src/geqo/pool.rs	75	0	0	56	56
crates/backend/optimizer/plan/planner/src/geqo/px.rs	24	0	0	0	0
crates/backend/optimizer/plan/planner/src/geqo/random.rs	6	0	0	6	6
crates/backend/optimizer/plan/planner/src/geqo/recombination.rs	10	0	0	8	8
crates/backend/optimizer/plan/planner/src/geqo/selection.rs	21	0	0	21	21
crates/backend/optimizer/plan/planner/src/geqo/tests.rs	0	0	0	0	0
crates/backend/optimizer/plan/planner/src/grouping.rs	2607	0	0	2376	2376
crates/backend/optimizer/plan/planner/src/groupingsets.rs	465	0	0	453	453
crates/backend/optimizer/plan/planner/src/indxpath.rs	0	0	0	0	0
crates/backend/optimizer/plan/planner/src/inherit.rs	1016	0	0	888	888
crates/backend/optimizer/plan/planner/src/initsplan.rs	1937	0	0	1842	1842
crates/backend/optimizer/plan/planner/src/intarray_selfuncs.rs	80	0	0	0	0
crates/backend/optimizer/plan/planner/src/joinpath.rs	1289	0	0	1203	1203
crates/backend/optimizer/plan/planner/src/joinrels.rs	1006	0	0	931	931
crates/backend/optimizer/plan/planner/src/lib.rs	276	0	0	246	246
crates/backend/optimizer/plan/planner/src/like_support.rs	502	0	0	429	429
crates/backend/optimizer/plan/planner/src/m5_partwise.rs	78	0	0	18	18
crates/backend/optimizer/plan/planner/src/m5_suppress.rs	3351	0	0	1014	1014
crates/backend/optimizer/plan/planner/src/multirangetypes_selfuncs.rs	263	0	0	171	171
crates/backend/optimizer/plan/planner/src/network_selfuncs.rs	288	0	0	29	29
crates/backend/optimizer/plan/planner/src/orclauses.rs	96	0	0	86	86
crates/backend/optimizer/plan/planner/src/paramassign.rs	420	0	0	379	379
crates/backend/optimizer/plan/planner/src/partprune.rs	1176	0	0	1104	1104
crates/backend/optimizer/plan/planner/src/pathkeys.rs	927	0	0	834	834
crates/backend/optimizer/plan/planner/src/pathnode.rs	0	0	0	0	0
crates/backend/optimizer/plan/planner/src/placeholder.rs	311	0	0	293	293
crates/backend/optimizer/plan/planner/src/planagg.rs	221	0	0	200	200
crates/backend/optimizer/plan/planner/src/plancat.rs	1094	0	0	874	874
crates/backend/optimizer/plan/planner/src/planmain.rs	76	0	0	74	74
crates/backend/optimizer/plan/planner/src/predtest.rs	591	0	0	483	483
crates/backend/optimizer/plan/planner/src/prep.rs	672	0	0	577	577
crates/backend/optimizer/plan/planner/src/prepagg.rs	440	0	0	373	373
crates/backend/optimizer/plan/planner/src/prepjointree.rs	2789	0	0	2418	2418
crates/backend/optimizer/plan/planner/src/prepqual.rs	130	0	0	87	87
crates/backend/optimizer/plan/planner/src/prepunion.rs	904	0	0	839	839
crates/backend/optimizer/plan/planner/src/pushdown.rs	599	0	0	530	530
crates/backend/optimizer/plan/planner/src/rangetypes_selfuncs.rs	445	0	0	378	378
crates/backend/optimizer/plan/planner/src/relnode.rs	506	0	0	432	432
crates/backend/optimizer/plan/planner/src/run.rs	0	0	0	0	0
crates/backend/optimizer/plan/planner/src/selfuncs.rs	3099	0	0	2576	2576
crates/backend/optimizer/plan/planner/src/setrefs.rs	3655	0	0	3100	3100
crates/backend/optimizer/plan/planner/src/srf.rs	226	0	0	222	222
crates/backend/optimizer/plan/planner/src/subquery.rs	565	0	0	523	523
crates/backend/optimizer/plan/planner/src/subselect.rs	1731	0	0	1544	1544
crates/backend/optimizer/plan/planner/src/syscache_memo.rs	0	0	0	0	0
crates/backend/optimizer/plan/planner/src/tests.rs	0	0	0	0	0
crates/backend/optimizer/plan/planner/src/tidpath.rs	240	0	0	229	229
crates/backend/optimizer/plan/planner/src/ts_selfuncs.rs	86	0	0	76	76
crates/backend/optimizer/plan/planner/src/window.rs	456	0	0	380	380
crates/backend/optimizer/plan/planner_seams/src/lib.rs	267	0	0	0	0
crates/backend/optimizer/util/clauses/src/classify.rs	904	0	0	645	645
crates/backend/optimizer/util/clauses/src/fold.rs	1494	0	0	1209	1209
crates/backend/optimizer/util/clauses/src/lib.rs	42	0	0	42	42
crates/backend/optimizer/util/clauses/src/srf_inline.rs	42	0	0	38	38
crates/backend/optimizer/util/clauses/src/tests.rs	0	0	0	0	0
crates/backend/optimizer/util/clauses/src/walker.rs	0	0	0	0	0
crates/backend/optimizer/util/clauses_seams/src/lib.rs	48	0	0	0	0
crates/backend/optimizer/util/pathnode/src/lib.rs	2687	0	0	2463	2463
crates/backend/optimizer/util/var_seams/src/lib.rs	2	0	0	0	0
crates/backend/optimizer/util/vars/src/lib.rs	3	0	0	3	3
crates/backend/optimizer/util/vars/src/tests.rs	0	0	0	0	0
crates/backend/optimizer/util/vars/src/var.rs	873	0	0	512	512
crates/backend/parser/analyze_seams/src/lib.rs	55	0	0	0	0
crates/backend/parser/coerce/src/lib.rs	1651	0	0	1292	1292
crates/backend/parser/coerce/src/tests.rs	0	0	0	0	0
crates/backend/parser/gram_core/src/actions.rs	7847	0	0	6605	6605
crates/backend/parser/gram_core/src/lib.rs	16	0	0	15	15
crates/backend/parser/gram_core/src/parse.rs	288	0	0	276	276
crates/backend/parser/gram_core/src/stack.rs	73	0	0	41	41
crates/backend/parser/gram_core/src/tables.rs	9	0	0	3	3
crates/backend/parser/gram_core/src/tests.rs	0	0	0	0	0
crates/backend/parser/gram_core/src/tests_dump.rs	0	0	0	0	0
crates/backend/parser/gram_core/src/yystype.rs	143	0	0	118	118
crates/backend/parser/parse_agg/src/lib.rs	1308	0	0	964	964
crates/backend/parser/parse_agg/src/tests.rs	0	0	0	0	0
crates/backend/parser/parse_clause/src/lib.rs	2650	0	0	1968	1968
crates/backend/parser/parse_clause/src/parse_jsontable.rs	373	0	0	353	353
crates/backend/parser/parse_clause/src/tests.rs	0	0	0	0	0
crates/backend/parser/parse_clause_seams/src/lib.rs	15	0	0	0	0
crates/backend/parser/parse_collate/src/lib.rs	687	0	0	542	542
crates/backend/parser/parse_collate/src/tests.rs	0	0	0	0	0
crates/backend/parser/parse_collate_seams/src/lib.rs	6	0	0	0	0
crates/backend/parser/parse_expr/src/json.rs	1346	0	0	1151	1151
crates/backend/parser/parse_expr/src/lib.rs	2498	0	0	1924	1924
crates/backend/parser/parse_expr/src/subscripts.rs	279	0	0	173	173
crates/backend/parser/parse_expr/src/tests.rs	0	0	0	0	0
crates/backend/parser/parse_func/src/lib.rs	1664	0	0	1236	1236
crates/backend/parser/parse_func/src/tests.rs	0	0	0	0	0
crates/backend/parser/parse_func_seams/src/lib.rs	28	0	0	0	0
crates/backend/parser/parse_oper/src/lib.rs	522	0	0	410	410
crates/backend/parser/parse_oper/src/tests.rs	0	0	0	0	0
crates/backend/parser/parse_relation/src/lib.rs	2212	0	0	1958	1958
crates/backend/parser/parse_relation/src/tests.rs	0	0	0	0	0
crates/backend/parser/parse_relation_seams/src/lib.rs	8	0	0	0	0
crates/backend/parser/parse_target/src/lib.rs	1342	0	0	977	977
crates/backend/parser/parse_target/src/tests.rs	0	0	0	0	0
crates/backend/parser/parse_utilcmd/src/lib.rs	2251	0	0	1820	1820
crates/backend/parser/parse_utilcmd/src/like.rs	740	0	0	607	607
crates/backend/parser/parse_utilcmd_seams/src/lib.rs	22	0	0	0	0
crates/backend/parser/parser_analyze/src/lib.rs	1964	0	0	1591	1591
crates/backend/parser/parser_analyze/src/parse_cte.rs	812	0	0	739	739
crates/backend/parser/parser_analyze/src/parse_merge.rs	231	0	0	219	219
crates/backend/parser/parser_analyze/src/rules.rs	190	0	0	134	134
crates/backend/parser/parser_analyze/src/set_op.rs	441	0	0	348	348
crates/backend/parser/parser_analyze/src/tests.rs	0	0	0	0	0
crates/backend/parser/parser_driver/src/lib.rs	18	0	0	14	14
crates/backend/parser/parser_driver/src/tests.rs	0	0	0	0	0
crates/backend/parser/parser_seams/src/lib.rs	6	0	0	0	0
crates/backend/parser/parser_small1/src/lib.rs	72	0	0	58	58
crates/backend/parser/parser_small1/src/parse_enr.rs	7	0	0	7	7
crates/backend/parser/parser_small1/src/parse_node.rs	145	0	0	128	128
crates/backend/parser/parser_small1/src/parse_param.rs	335	0	0	247	247
crates/backend/parser/parser_small1/src/tests.rs	0	0	0	0	0
crates/backend/parser/parser_small1/src/udeescape.rs	101	0	0	92	92
crates/backend/parser/scan_fgram/src/dfa.rs	32	0	0	27	27
crates/backend/parser/scan_fgram/src/lex.rs	427	0	0	305	305
crates/backend/parser/scan_fgram/src/lib.rs	139	0	0	120	120
crates/backend/parser/scan_fgram/src/tests.rs	0	0	0	0	0
crates/backend/partitioning/partbounds/src/lib.rs	589	0	0	520	520
crates/backend/partitioning/partbounds/src/merge.rs	871	0	0	803	803
crates/backend/partitioning/partbounds/src/merge_tests.rs	315	0	0	0	0
crates/backend/partitioning/partbounds/src/qual.rs	859	0	0	753	753
crates/backend/partitioning/partbounds/src/tests.rs	0	0	0	0	0
crates/backend/partitioning/partdesc/src/lib.rs	186	0	0	165	165
crates/backend/partitioning/partprune/src/lib.rs	369	0	0	353	353
crates/backend/partitioning/partprune/src/tests.rs	0	0	0	0	0
crates/backend/port/pg_sema/src/lib.rs	49	0	0	41	41
crates/backend/port/pg_sema_seams/src/lib.rs	8	0	0	0	0
crates/backend/port/sysv_shmem/src/lib.rs	58	0	0	2	2
crates/backend/port/sysv_shmem/src/tests.rs	0	0	0	0	0
crates/backend/postmaster/autovacuum/src/cost.rs	48	0	0	11	11
crates/backend/postmaster/autovacuum/src/launcher.rs	369	0	0	179	179
crates/backend/postmaster/autovacuum/src/lib.rs	73	0	0	41	41
crates/backend/postmaster/autovacuum/src/shmem.rs	64	0	0	31	31
crates/backend/postmaster/autovacuum/src/worker.rs	617	0	0	6	6
crates/backend/postmaster/autovacuum_seams/src/lib.rs	12	0	0	0	0
crates/backend/postmaster/auxjob/src/lib.rs	212	0	0	0	0
crates/backend/postmaster/auxjob/src/tests.rs	0	0	0	0	0
crates/backend/postmaster/auxprocess/src/lib.rs	20	0	0	7	7
crates/backend/postmaster/auxprocess/src/tests.rs	0	0	0	0	0
crates/backend/postmaster/bgjobs/src/lib.rs	208	0	0	6	6
crates/backend/postmaster/bgjobs/src/tests.rs	0	0	0	0	0
crates/backend/postmaster/bgworker/src/lib.rs	575	0	0	402	402
crates/backend/postmaster/bgworker/src/tests.rs	0	0	0	0	0
crates/backend/postmaster/bgworker_seams/src/lib.rs	4	0	0	0	0
crates/backend/postmaster/bgwriter/src/job.rs	91	0	0	0	0
crates/backend/postmaster/bgwriter/src/lib.rs	98	0	0	53	53
crates/backend/postmaster/bgwriter/src/tests.rs	0	0	0	0	0
crates/backend/postmaster/checkpointer/src/lib.rs	510	0	0	290	290
crates/backend/postmaster/checkpointer/src/tests.rs	0	0	0	0	0
crates/backend/postmaster/checkpointer_seams/src/lib.rs	6	0	0	0	0
crates/backend/postmaster/interrupt/src/lib.rs	29	0	0	19	19
crates/backend/postmaster/interrupt/src/tests.rs	0	0	0	0	0
crates/backend/postmaster/io_worker/src/lib.rs	27	0	0	0	0
crates/backend/postmaster/launch_backend/src/cpuaff.rs	123	0	0	11	11
crates/backend/postmaster/launch_backend/src/lib.rs	900	0	0	493	493
crates/backend/postmaster/launch_backend/src/tests.rs	0	0	0	0	0
crates/backend/postmaster/memwatchdog/src/lib.rs	164	0	0	58	58
crates/backend/postmaster/pgarch/src/lib.rs	342	0	0	12	12
crates/backend/postmaster/pgarch/src/tests.rs	0	0	0	0	0
crates/backend/postmaster/pmchild/src/lib.rs	176	0	0	147	147
crates/backend/postmaster/pmchild/src/tests.rs	0	0	0	0	0
crates/backend/postmaster/pmchild_seams/src/lib.rs	18	0	0	0	0
crates/backend/postmaster/postmaster/src/crash_signals.rs	63	0	0	9	9
crates/backend/postmaster/postmaster/src/lib.rs	475	0	0	212	212
crates/backend/postmaster/postmaster/src/main_entry.rs	402	0	0	217	217
crates/backend/postmaster/postmaster/src/serverloop.rs	355	0	0	173	173
crates/backend/postmaster/postmaster/src/statemachine.rs	353	0	0	155	155
crates/backend/postmaster/postmaster/src/tests.rs	0	0	0	0	0
crates/backend/postmaster/postmaster_seams/src/lib.rs	40	0	0	0	0
crates/backend/postmaster/startup/src/lib.rs	110	0	0	36	36
crates/backend/postmaster/startup/src/tests.rs	0	0	0	0	0
crates/backend/postmaster/startup_seams/src/lib.rs	16	0	0	0	0
crates/backend/postmaster/syslogger/src/lib.rs	550	0	0	38	38
crates/backend/postmaster/syslogger/src/tests.rs	0	0	0	0	0
crates/backend/postmaster/syslogger_seams/src/lib.rs	8	0	0	0	0
crates/backend/postmaster/walsummarizer/src/lib.rs	743	0	0	37	37
crates/backend/postmaster/walsummarizer/src/tests.rs	0	0	0	0	0
crates/backend/postmaster/walsummarizer_seams/src/lib.rs	8	0	0	0	0
crates/backend/postmaster/walwriter/src/job.rs	78	0	0	0	0
crates/backend/postmaster/walwriter/src/lib.rs	101	0	0	51	51
crates/backend/postmaster/walwriter/src/tests.rs	0	0	0	0	0
crates/backend/regex/regex_core/src/lib.rs	5	0	0	5	5
crates/backend/regex/regex_core/src/regex_compile.rs	1998	0	0	1375	1375
crates/backend/regex/regex_core/src/regex_consts.rs	4	0	0	4	4
crates/backend/regex/regex_core/src/regex_dfa_kernel.rs	197	0	0	164	164
crates/backend/regex/regex_core/src/regex_error.rs	18	0	0	8	8
crates/backend/regex/regex_core/src/regex_exec.rs	1435	0	0	1298	1298
crates/backend/regex/regex_core/src/regex_export_free_error.rs	156	0	0	53	53
crates/backend/regex/regex_core/src/regex_foundation.rs	430	0	0	239	239
crates/backend/regex/regex_core/src/regex_locale.rs	361	0	0	230	230
crates/backend/regex/regex_core/src/regex_nfa.rs	1890	0	0	1620	1620
crates/backend/regex/regex_core/src/regex_nfa/nfacolor.rs	112	0	0	109	109
crates/backend/regex/regex_core/src/regguts.rs	20	0	0	18	18
crates/backend/regex/regex_core_seams/src/lib.rs	20	0	0	0	0
crates/backend/replication/launcher/src/lib.rs	500	0	0	351	351
crates/backend/replication/launcher/src/tests.rs	0	0	0	0	0
crates/backend/replication/launcher_seams/src/lib.rs	8	0	0	0	0
crates/backend/replication/logical/logical/src/lib.rs	832	0	0	10	10
crates/backend/replication/logical/logical_decode/src/lib.rs	645	0	0	0	0
crates/backend/replication/logical/logical_message/src/lib.rs	34	0	0	0	0
crates/backend/replication/logical/logicalfuncs/src/lib.rs	250	0	0	0	0
crates/backend/replication/logical/proto/src/lib.rs	723	0	0	0	0
crates/backend/replication/logical/proto/src/tests.rs	0	0	0	0	0
crates/backend/replication/logical/relation/src/lib.rs	184	0	0	0	0
crates/backend/replication/logical/reorderbuffer/src/iter.rs	144	0	0	0	0
crates/backend/replication/logical/reorderbuffer/src/lib.rs	740	0	0	0	0
crates/backend/replication/logical/reorderbuffer/src/replay.rs	618	0	0	0	0
crates/backend/replication/logical/reorderbuffer/src/spill.rs	463	0	0	0	0
crates/backend/replication/logical/reorderbuffer/src/startup.rs	55	0	0	18	18
crates/backend/replication/logical/reorderbuffer/src/stream.rs	80	0	0	0	0
crates/backend/replication/logical/reorderbuffer/src/tests.rs	0	0	0	0	0
crates/backend/replication/logical/reorderbuffer/src/toast.rs	183	0	0	0	0
crates/backend/replication/logical/reorderbuffer/src/visibility.rs	121	0	0	0	0
crates/backend/replication/logical/reorderbuffer_seams/src/lib.rs	2	0	0	0	0
crates/backend/replication/logical/snapbuild/src/lib.rs	708	0	0	14	14
crates/backend/replication/logical/snapbuild/src/ondisk.rs	224	0	0	0	0
crates/backend/replication/logical/snapbuild/src/tests.rs	0	0	0	0	0
crates/backend/replication/logical/worker/src/apply.rs	687	0	0	0	0
crates/backend/replication/logical/worker/src/lib.rs	405	0	0	33	33
crates/backend/replication/logical/worker/src/stream_apply.rs	247	0	0	0	0
crates/backend/replication/logical/worker/src/tablesync.rs	440	0	0	0	0
crates/backend/replication/logical/worker/src/tests.rs	0	0	0	0	0
crates/backend/replication/logical_seams/src/lib.rs	2	0	0	0	0
crates/backend/replication/logical_worker_seams/src/lib.rs	4	0	0	0	0
crates/backend/replication/origin/src/funcs.rs	151	0	0	11	11
crates/backend/replication/origin/src/lib.rs	654	0	0	183	183
crates/backend/replication/origin/src/tests.rs	0	0	0	0	0
crates/backend/replication/origin_seams/src/lib.rs	24	0	0	0	0
crates/backend/replication/repl_gram/src/lib.rs	304	0	0	0	0
crates/backend/replication/repl_gram/src/tests.rs	0	0	0	0	0
crates/backend/replication/repl_scanner/src/lib.rs	185	0	0	0	0
crates/backend/replication/repl_scanner/src/tests.rs	0	0	0	0	0
crates/backend/replication/slot/src/lib.rs	1367	0	0	182	182
crates/backend/replication/slot/src/ondisk.rs	102	0	0	15	15
crates/backend/replication/slot/src/tests.rs	0	0	0	0	0
crates/backend/replication/slot_seams/src/lib.rs	25	0	0	0	0
crates/backend/replication/slotfuncs/src/builtins.rs	368	0	0	0	0
crates/backend/replication/slotfuncs/src/lib.rs	306	0	0	2	2
crates/backend/replication/slotfuncs/src/tests.rs	0	0	0	0	0
crates/backend/replication/slotsync/src/lib.rs	724	0	0	15	15
crates/backend/replication/snapbuild_seams/src/lib.rs	4	0	0	0	0
crates/backend/replication/syncrep/src/config.rs	109	0	0	0	0
crates/backend/replication/syncrep/src/lib.rs	418	0	0	68	68
crates/backend/replication/syncrep/src/tests.rs	0	0	0	0	0
crates/backend/replication/syncrep_seams/src/lib.rs	14	0	0	0	0
crates/backend/replication/walreceiver/src/client.rs	230	0	0	32	32
crates/backend/replication/walreceiver/src/lib.rs	581	0	0	2	2
crates/backend/replication/walreceiverfuncs/src/lib.rs	203	0	0	67	67
crates/backend/replication/walreceiverfuncs_seams/src/lib.rs	20	0	0	0	0
crates/backend/replication/walsender/src/lib.rs	694	0	0	57	57
crates/backend/replication/walsender/src/logical_stream.rs	269	0	0	0	0
crates/backend/replication/walsender/src/replies.rs	185	0	0	0	0
crates/backend/replication/walsender/src/streaming.rs	362	0	0	0	0
crates/backend/replication/walsender/src/wakeup.rs	6	0	0	6	6
crates/backend/replication/walsender_config/src/lib.rs	11	0	0	11	11
crates/backend/replication/walsender_seams/src/lib.rs	29	0	0	4	4
crates/backend/rewrite/rewrite_define/src/lib.rs	632	0	0	474	474
crates/backend/rewrite/rewrite_define_seams/src/lib.rs	9	0	0	0	0
crates/backend/rewrite/rewrite_handler/src/fire.rs	373	0	0	322	322
crates/backend/rewrite/rewrite_handler/src/lib.rs	2041	0	0	1786	1786
crates/backend/rewrite/rewrite_handler/src/tests.rs	0	0	0	0	0
crates/backend/rewrite/rewrite_handler_seams/src/lib.rs	12	0	0	0	0
crates/backend/rewrite/rewrite_manip/src/lib.rs	1058	0	0	909	909
crates/backend/rewrite/rewrite_manip/src/tests.rs	0	0	0	0	0
crates/backend/rewrite/rewrite_search_cycle/src/lib.rs	550	0	0	438	438
crates/backend/rewrite/rowsecurity/src/lib.rs	392	0	0	350	350
crates/backend/snowball/dict_snowball/src/api.rs	50	0	0	18	18
crates/backend/snowball/dict_snowball/src/builtins.rs	14	0	0	13	13
crates/backend/snowball/dict_snowball/src/dict.rs	87	0	0	55	55
crates/backend/snowball/dict_snowball/src/lib.rs	0	0	0	0	0
crates/backend/snowball/dict_snowball/src/mem.rs	29	0	0	19	19
crates/backend/snowball/dict_snowball/src/stemmers/stem_iso_8859_1_english.rs	2144	0	0	0	0
crates/backend/snowball/dict_snowball/src/stemmers/stem_utf8_english.rs	2172	0	0	568	568
crates/backend/snowball/dict_snowball/src/tests.rs	0	0	0	0	0
crates/backend/snowball/dict_snowball/src/types.rs	0	0	0	0	0
crates/backend/snowball/dict_snowball/src/utilities.rs	519	0	0	269	269
crates/backend/statistics/statistics/src/builtins.rs	143	0	0	95	95
crates/backend/statistics/statistics/src/dependencies.rs	157	0	0	126	126
crates/backend/statistics/statistics/src/expression.rs	150	0	0	125	125
crates/backend/statistics/statistics/src/lib.rs	333	0	0	304	304
crates/backend/statistics/statistics/src/mcv.rs	420	0	0	347	347
crates/backend/statistics/statistics/src/mvdistinct.rs	174	0	0	144	144
crates/backend/statistics/statistics/src/sortitem.rs	148	0	0	146	146
crates/backend/statistics/stats_import/src/attribute_stats.rs	582	0	0	493	493
crates/backend/statistics/stats_import/src/lib.rs	275	0	0	197	197
crates/backend/statistics/stats_import/src/relation_stats.rs	131	0	0	114	114
crates/backend/storage/aio/aio_core/src/callback.rs	99	0	0	73	73
crates/backend/storage/aio/aio_core/src/handle.rs	382	0	0	157	157
crates/backend/storage/aio/aio_core/src/init.rs	139	0	0	102	102
crates/backend/storage/aio/aio_core/src/io.rs	76	0	0	62	62
crates/backend/storage/aio/aio_core/src/lib.rs	131	0	0	105	105
crates/backend/storage/aio/aio_core/src/method_worker.rs	164	0	0	6	6
crates/backend/storage/aio/aio_core/src/target.rs	41	0	0	21	21
crates/backend/storage/aio/aio_core/src/tests.rs	0	0	0	0	0
crates/backend/storage/aio/aio_funcs/src/lib.rs	10	0	0	9	9
crates/backend/storage/aio/aio_seams/src/lib.rs	34	0	0	0	0
crates/backend/storage/aio/aio_uring/src/lib.rs	855	0	0	15	15
crates/backend/storage/buffer/bufmgr/src/aio_read.rs	275	0	0	83	83
crates/backend/storage/buffer/bufmgr/src/bgwriter_sync.rs	117	0	0	97	97
crates/backend/storage/buffer/bufmgr/src/buf_hdr.rs	158	0	0	103	103
crates/backend/storage/buffer/bufmgr/src/buf_table.rs	160	0	0	107	107
crates/backend/storage/buffer/bufmgr/src/counters.rs	47	0	0	38	38
crates/backend/storage/buffer/bufmgr/src/dbcopy.rs	70	0	0	67	67
crates/backend/storage/buffer/bufmgr/src/drop_buffers.rs	198	0	0	113	113
crates/backend/storage/buffer/bufmgr/src/evict.rs	76	0	0	0	0
crates/backend/storage/buffer/bufmgr/src/extend.rs	249	0	0	191	191
crates/backend/storage/buffer/bufmgr/src/freelist.rs	225	0	0	144	144
crates/backend/storage/buffer/bufmgr/src/gucs.rs	53	0	0	53	53
crates/backend/storage/buffer/bufmgr/src/lib.rs	275	0	0	192	192
crates/backend/storage/buffer/bufmgr/src/localbuf.rs	406	0	0	349	349
crates/backend/storage/buffer/bufmgr/src/ops.rs	161	0	0	119	119
crates/backend/storage/buffer/bufmgr/src/pin.rs	167	0	0	110	110
crates/backend/storage/buffer/bufmgr/src/privref.rs	138	0	0	111	111
crates/backend/storage/buffer/bufmgr/src/read.rs	757	0	0	488	488
crates/backend/storage/buffer/bufmgr/src/tests.rs	0	0	0	0	0
crates/backend/storage/buffer/bufmgr/src/uring.rs	72	0	0	7	7
crates/backend/storage/buffer/bufmgr/src/write.rs	355	0	0	258	258
crates/backend/storage/buffer/bufmgr_seams/src/lib.rs	182	0	0	4	4
crates/backend/storage/buffer/bufmgr_seams/src/pin.rs	41	0	0	39	39
crates/backend/storage/file/fd/src/buffile.rs	384	0	0	213	213
crates/backend/storage/file/fd/src/copydir.rs	193	0	0	75	75
crates/backend/storage/file/fd/src/desc.rs	312	0	0	139	139
crates/backend/storage/file/fd/src/fileset.rs	37	0	0	34	34
crates/backend/storage/file/fd/src/io.rs	420	0	0	242	242
crates/backend/storage/file/fd/src/lib.rs	41	0	0	40	40
crates/backend/storage/file/fd/src/reinit.rs	124	0	0	0	0
crates/backend/storage/file/fd/src/sync.rs	586	0	0	206	206
crates/backend/storage/file/fd/src/temp.rs	178	0	0	114	114
crates/backend/storage/file/fd/src/tests.rs	0	0	0	0	0
crates/backend/storage/file/fd/src/tests/crash_sweep.rs	0	0	0	0	0
crates/backend/storage/file/fd/src/vfd.rs	418	0	0	208	208
crates/backend/storage/file/file_seams/src/lib.rs	17	0	0	0	0
crates/backend/storage/file/vfs/src/lib.rs	107	0	0	49	49
crates/backend/storage/file/vfs/src/posix.rs	186	0	0	102	102
crates/backend/storage/file/vfs/src/sim.rs	1258	0	0	0	0
crates/backend/storage/file/vfs/src/sim_boot.rs	199	0	0	0	0
crates/backend/storage/file/vfs/src/tests.rs	0	0	0	0	0
crates/backend/storage/freespace/freespace/src/fsmpage.rs	109	0	0	99	99
crates/backend/storage/freespace/freespace/src/lib.rs	347	0	0	277	277
crates/backend/storage/freespace/freespace/src/tests.rs	0	0	0	0	0
crates/backend/storage/freespace/freespace_seams/src/lib.rs	24	0	0	0	0
crates/backend/storage/ipc/dsm_core/src/dsm.rs	535	0	0	96	96
crates/backend/storage/ipc/dsm_core/src/dsm_impl.rs	99	0	0	44	44
crates/backend/storage/ipc/dsm_core/src/lib.rs	8	0	0	8	8
crates/backend/storage/ipc/dsm_core/src/tests.rs	0	0	0	0	0
crates/backend/storage/ipc/dsm_registry/src/lib.rs	73	0	0	6	6
crates/backend/storage/ipc/dsm_registry/src/tests.rs	0	0	0	0	0
crates/backend/storage/ipc/ipc/src/lib.rs	208	0	0	104	104
crates/backend/storage/ipc/ipc/src/tests.rs	0	0	0	0	0
crates/backend/storage/ipc/ipc_portal_seams/src/lib.rs	2	0	0	0	0
crates/backend/storage/ipc/ipc_seams/src/lib.rs	13	0	0	0	0
crates/backend/storage/ipc/ipci/src/lib.rs	159	0	0	109	109
crates/backend/storage/ipc/ipci/src/tests.rs	0	0	0	0	0
crates/backend/storage/ipc/ipci_seams/src/lib.rs	6	0	0	0	0
crates/backend/storage/ipc/latch/src/lib.rs	215	0	0	130	130
crates/backend/storage/ipc/latch/src/tests.rs	0	0	0	0	0
crates/backend/storage/ipc/latch_seams/src/lib.rs	12	0	0	0	0
crates/backend/storage/ipc/pg_barrier/src/lib.rs	167	0	0	91	91
crates/backend/storage/ipc/pmsignal/src/lib.rs	105	0	0	60	60
crates/backend/storage/ipc/pmsignal/src/tests.rs	0	0	0	0	0
crates/backend/storage/ipc/pmsignal_seams/src/lib.rs	2	0	0	0	0
crates/backend/storage/ipc/procarray/src/known_assigned.rs	422	0	0	0	0
crates/backend/storage/ipc/procarray/src/lib.rs	1266	0	0	820	820
crates/backend/storage/ipc/procarray/src/running.rs	66	0	0	64	64
crates/backend/storage/ipc/procarray/src/tests.rs	0	0	0	0	0
crates/backend/storage/ipc/procarray_seams/src/lib.rs	73	0	0	0	0
crates/backend/storage/ipc/procsignal/src/lib.rs	566	0	0	343	343
crates/backend/storage/ipc/procsignal/src/tests.rs	0	0	0	0	0
crates/backend/storage/ipc/procsignal_seams/src/lib.rs	16	0	0	0	0
crates/backend/storage/ipc/shm_mq/src/lib.rs	420	0	0	288	288
crates/backend/storage/ipc/shm_mq/src/stall.rs	143	0	0	77	77
crates/backend/storage/ipc/shm_mq/src/tests.rs	0	0	0	0	0
crates/backend/storage/ipc/shmem/src/lib.rs	149	0	0	93	93
crates/backend/storage/ipc/shmem/src/tests.rs	0	0	0	0	0
crates/backend/storage/ipc/shmem_seams/src/lib.rs	14	0	0	0	0
crates/backend/storage/ipc/signalfuncs/src/lib.rs	110	0	0	40	40
crates/backend/storage/ipc/signalfuncs/src/tests.rs	0	0	0	0	0
crates/backend/storage/ipc/sinval/src/lib.rs	381	0	0	330	330
crates/backend/storage/ipc/sinval/src/tests.rs	0	0	0	0	0
crates/backend/storage/ipc/sinval_seams/src/lib.rs	9	0	0	0	0
crates/backend/storage/ipc/standby/src/lib.rs	176	0	0	91	91
crates/backend/storage/ipc/standby/src/recovery.rs	380	0	0	10	10
crates/backend/storage/ipc/standby/src/tests.rs	0	0	0	0	0
crates/backend/storage/ipc/standby_seams/src/lib.rs	55	0	0	0	0
crates/backend/storage/ipc/waiter/src/clock.rs	78	0	0	17	17
crates/backend/storage/ipc/waiter/src/io.rs	55	0	0	0	0
crates/backend/storage/ipc/waiter/src/lib.rs	358	0	0	202	202
crates/backend/storage/ipc/waiter/src/tests.rs	0	0	0	0	0
crates/backend/storage/ipc/waiteventset/src/epoll.rs	97	0	0	0	0
crates/backend/storage/ipc/waiteventset/src/kqueue.rs	132	0	0	113	113
crates/backend/storage/ipc/waiteventset/src/lib.rs	253	0	0	216	216
crates/backend/storage/ipc/waiteventset/src/tests.rs	0	0	0	0	0
crates/backend/storage/ipc/waiteventset/src/wasm_stub.rs	22	0	0	0	0
crates/backend/storage/ipc/waiteventset_seams/src/lib.rs	31	0	0	0	0
crates/backend/storage/large_object/src/lib.rs	437	0	0	373	373
crates/backend/storage/lmgr/condition_variable/src/lib.rs	215	0	0	157	157
crates/backend/storage/lmgr/condition_variable/src/tests.rs	0	0	0	0	0
crates/backend/storage/lmgr/condition_variable_seams/src/lib.rs	20	0	0	0	0
crates/backend/storage/lmgr/deadlock/src/lib.rs	418	0	0	169	169
crates/backend/storage/lmgr/deadlock/src/tests.rs	0	0	0	0	0
crates/backend/storage/lmgr/deadlock_seams/src/lib.rs	14	0	0	0	0
crates/backend/storage/lmgr/lmgr/src/lib.rs	344	0	0	197	197
crates/backend/storage/lmgr/lmgr/src/tests.rs	0	0	0	0	0
crates/backend/storage/lmgr/lmgr_proc/src/globals.rs	18	0	0	4	4
crates/backend/storage/lmgr/lmgr_proc/src/lib.rs	788	0	0	541	541
crates/backend/storage/lmgr/lmgr_proc/src/tests.rs	0	0	0	0	0
crates/backend/storage/lmgr/lmgr_proc_seams/src/lib.rs	18	0	0	0	0
crates/backend/storage/lmgr/lmgr_seams/src/lib.rs	24	0	0	0	0
crates/backend/storage/lmgr/lock/src/acquire.rs	506	0	0	351	351
crates/backend/storage/lmgr/lock/src/fastpath.rs	367	0	0	252	252
crates/backend/storage/lmgr/lock/src/lib.rs	78	0	0	56	56
crates/backend/storage/lmgr/lock/src/locallock.rs	198	0	0	163	163
crates/backend/storage/lmgr/lock/src/shared.rs	396	0	0	330	330
crates/backend/storage/lmgr/lock/src/status.rs	141	0	0	73	73
crates/backend/storage/lmgr/lock/src/tests.rs	0	0	0	0	0
crates/backend/storage/lmgr/lock/src/twophase.rs	212	0	0	0	0
crates/backend/storage/lmgr/lock/src/waitqueue.rs	435	0	0	190	190
crates/backend/storage/lmgr/lock_seams/src/lib.rs	39	0	0	0	0
crates/backend/storage/lmgr/lwlock/src/lib.rs	615	0	0	457	457
crates/backend/storage/lmgr/lwlock/src/tests.rs	0	0	0	0	0
crates/backend/storage/lmgr/predicate/src/engine.rs	2045	0	0	1065	1065
crates/backend/storage/lmgr/predicate/src/ilist.rs	33	0	0	28	28
crates/backend/storage/lmgr/predicate/src/internals.rs	87	0	0	63	63
crates/backend/storage/lmgr/predicate/src/lib.rs	142	0	0	139	139
crates/backend/storage/lmgr/predicate/src/serial.rs	68	0	0	45	45
crates/backend/storage/lmgr/predicate/src/tests.rs	0	0	0	0	0
crates/backend/storage/lmgr/predicate_seams/src/lib.rs	78	0	0	0	0
crates/backend/storage/lmgr/s_lock/src/lib.rs	35	0	0	31	31
crates/backend/storage/lmgr/s_lock/src/tests.rs	0	0	0	0	0
crates/backend/storage/lmgr/s_lock_seams/src/lib.rs	16	0	0	8	8
crates/backend/storage/smgr/bulkwrite/src/lib.rs	81	0	0	75	75
crates/backend/storage/smgr/md/src/lib.rs	1119	0	0	604	604
crates/backend/storage/smgr/md/src/nblocks_cache.rs	48	0	0	38	38
crates/backend/storage/smgr/smgr/src/lib.rs	568	0	0	409	409
crates/backend/storage/smgr/smgr_seams/src/lib.rs	116	0	0	0	0
crates/backend/storage/sync/sync/src/lib.rs	239	0	0	174	174
crates/backend/storage/sync/sync/src/tests.rs	0	0	0	0	0
crates/backend/storage/sync/sync_seams/src/lib.rs	16	0	0	0	0
crates/backend/tcop/backend_startup/src/globals.rs	29	0	0	19	19
crates/backend/tcop/backend_startup/src/lib.rs	521	0	0	207	207
crates/backend/tcop/backend_startup/src/tests.rs	0	0	0	0	0
crates/backend/tcop/cmdtag/src/lib.rs	60	0	0	50	50
crates/backend/tcop/cmdtag/src/tests.rs	0	0	0	0	0
crates/backend/tcop/dest/src/lib.rs	175	0	0	106	106
crates/backend/tcop/dest/src/tests.rs	0	0	0	0	0
crates/backend/tcop/fastpath/src/lib.rs	237	0	0	113	113
crates/backend/tcop/postgres/src/extended_query.rs	654	0	0	404	404
crates/backend/tcop/postgres/src/lib.rs	575	0	0	162	162
crates/backend/tcop/postgres/src/main_loop.rs	540	0	0	332	332
crates/backend/tcop/postgres/src/session_tests.rs	813	0	0	0	0
crates/backend/tcop/postgres/src/sim_net.rs	958	0	0	0	0
crates/backend/tcop/postgres/src/sim_sched_demo.rs	88	0	0	0	0
crates/backend/tcop/postgres/src/simple_query.rs	375	0	0	258	258
crates/backend/tcop/postgres/src/single_user.rs	76	0	0	0	0
crates/backend/tcop/postgres/src/stdio_wire.rs	59	0	0	0	0
crates/backend/tcop/postgres/src/stmt_trace.rs	45	0	0	15	15
crates/backend/tcop/postgres/src/switches.rs	145	0	0	40	40
crates/backend/tcop/postgres/src/tests.rs	0	0	0	0	0
crates/backend/tcop/postgres_seams/src/lib.rs	60	0	0	13	13
crates/backend/tcop/pquery/src/lib.rs	909	0	0	740	740
crates/backend/tcop/pquery/src/stmt_list.rs	58	0	0	43	43
crates/backend/tcop/pquery/src/tests.rs	0	0	0	0	0
crates/backend/tcop/pquery_seams/src/lib.rs	14	0	0	0	0
crates/backend/tcop/utility/src/classify.rs	148	0	0	28	28
crates/backend/tcop/utility/src/commandtag.rs	299	0	0	253	253
crates/backend/tcop/utility/src/consts.rs	3	0	0	0	0
crates/backend/tcop/utility/src/dispatch.rs	1563	0	0	1329	1329
crates/backend/tcop/utility/src/lib.rs	21	0	0	7	7
crates/backend/tcop/utility/src/loglevel.rs	146	0	0	0	0
crates/backend/tcop/utility/src/returns.rs	78	0	0	73	73
crates/backend/tcop/utility/src/tests.rs	0	0	0	0	0
crates/backend/tcop/utility_seams/src/lib.rs	24	0	0	0	0
crates/backend/test_regress/src/lib.rs	724	0	0	580	580
crates/backend/timezone/localtime/src/clock.rs	266	0	0	236	236
crates/backend/timezone/localtime/src/lib.rs	61	0	0	54	54
crates/backend/timezone/localtime/src/load.rs	469	0	0	377	377
crates/backend/timezone/localtime/src/tests.rs	0	0	0	0	0
crates/backend/timezone/pgtz/src/lib.rs	226	4	0	169	169
crates/backend/timezone/pgtz/src/tests.rs	0	0	0	0	0
crates/backend/timezone/pgtz_seams/src/lib.rs	6	0	0	0	0
crates/backend/timezone/strftime/src/lib.rs	221	0	0	0	0
crates/backend/timezone/strftime/src/tests.rs	0	0	0	0	0
crates/backend/tsearch/dict/src/lib.rs	82	0	0	72	72
crates/backend/tsearch/dict/src/simple.rs	33	0	0	18	18
crates/backend/tsearch/dict/src/synonym.rs	86	0	0	71	71
crates/backend/tsearch/dict/src/tests.rs	0	0	0	0	0
crates/backend/tsearch/dict/src/thesaurus.rs	481	0	0	410	410
crates/backend/tsearch/spell/src/build.rs	956	0	0	849	849
crates/backend/tsearch/spell/src/builtins.rs	18	0	0	15	15
crates/backend/tsearch/spell/src/dict_ispell.rs	59	0	0	48	48
crates/backend/tsearch/spell/src/lib.rs	160	0	0	139	139
crates/backend/tsearch/spell/src/normalize.rs	389	0	0	357	357
crates/backend/tsearch/spell/src/regis.rs	127	0	0	102	102
crates/backend/tsearch/spell/src/tests.rs	0	0	0	0	0
crates/backend/tsearch/to_tsany/src/builtins.rs	141	0	0	99	99
crates/backend/tsearch/to_tsany/src/cache_bind.rs	24	0	0	22	22
crates/backend/tsearch/to_tsany/src/env.rs	90	0	0	82	82
crates/backend/tsearch/to_tsany/src/json.rs	216	0	0	206	206
crates/backend/tsearch/to_tsany/src/lib.rs	0	0	0	0	0
crates/backend/tsearch/to_tsany/src/query.rs	54	0	0	54	54
crates/backend/tsearch/to_tsany/src/query_bind.rs	24	0	0	21	21
crates/backend/tsearch/to_tsany/src/tests.rs	0	0	0	0	0
crates/backend/tsearch/to_tsany/src/vector.rs	45	0	0	41	41
crates/backend/tsearch/ts_locale/src/dict_api.rs	18	0	0	16	16
crates/backend/tsearch/ts_locale/src/lib.rs	0	0	0	0	0
crates/backend/tsearch/ts_locale/src/public.rs	123	0	0	89	89
crates/backend/tsearch/ts_parse/src/headline.rs	134	0	0	114	114
crates/backend/tsearch/ts_parse/src/lib.rs	0	0	0	0	0
crates/backend/tsearch/ts_parse/src/parse.rs	165	0	0	136	136
crates/backend/tsearch/ts_parse/src/tests.rs	0	0	0	0	0
crates/backend/tsearch/wparser_def/src/builtins.rs	159	0	0	150	150
crates/backend/tsearch/wparser_def/src/headline.rs	433	0	0	409	409
crates/backend/tsearch/wparser_def/src/lib.rs	0	0	0	0	0
crates/backend/tsearch/wparser_def/src/parser.rs	361	0	0	291	291
crates/backend/tsearch/wparser_def/src/tables.rs	162	0	0	62	62
crates/backend/tsearch/wparser_def/src/tests.rs	0	0	0	0	0
crates/backend/utils/activity/backend_progress/src/lib.rs	48	0	0	42	42
crates/backend/utils/activity/backend_progress/src/progress.rs	0	0	0	0	0
crates/backend/utils/activity/backend_progress_seams/src/lib.rs	2	0	0	0	0
crates/backend/utils/activity/backend_status/src/lib.rs	479	0	0	367	367
crates/backend/utils/activity/backend_status/src/tests.rs	0	0	0	0	0
crates/backend/utils/activity/backend_status_seams/src/lib.rs	24	0	0	0	0
crates/backend/utils/activity/pgstat/src/archiver.rs	49	0	0	25	25
crates/backend/utils/activity/pgstat/src/backend.rs	86	0	0	73	73
crates/backend/utils/activity/pgstat/src/bgwriter.rs	42	0	0	35	35
crates/backend/utils/activity/pgstat/src/checkpointer.rs	63	0	0	46	46
crates/backend/utils/activity/pgstat/src/database.rs	141	0	0	91	91
crates/backend/utils/activity/pgstat/src/file.rs	165	0	0	95	95
crates/backend/utils/activity/pgstat/src/function.rs	57	0	0	47	47
crates/backend/utils/activity/pgstat/src/io.rs	251	0	0	159	159
crates/backend/utils/activity/pgstat/src/lib.rs	104	0	0	86	86
crates/backend/utils/activity/pgstat/src/pending.rs	156	0	0	139	139
crates/backend/utils/activity/pgstat/src/relation.rs	443	0	0	314	314
crates/backend/utils/activity/pgstat/src/replslot.rs	38	0	0	0	0
crates/backend/utils/activity/pgstat/src/shmem.rs	277	0	0	233	233
crates/backend/utils/activity/pgstat/src/slru.rs	95	0	0	74	74
crates/backend/utils/activity/pgstat/src/subscription.rs	27	0	0	13	13
crates/backend/utils/activity/pgstat/src/tests.rs	0	0	0	0	0
crates/backend/utils/activity/pgstat/src/wal.rs	60	0	0	50	50
crates/backend/utils/activity/pgstat/src/xact.rs	117	0	0	93	93
crates/backend/utils/activity/pgstat_seams/src/lib.rs	70	0	0	0	0
crates/backend/utils/activity/waitevent/src/custom.rs	159	0	0	46	46
crates/backend/utils/activity/waitevent/src/funcs.rs	32	0	0	22	22
crates/backend/utils/activity/waitevent/src/lib.rs	54	0	0	32	32
crates/backend/utils/activity/waitevent/src/tests.rs	0	0	0	0	0
crates/backend/utils/activity/waitevent_seams/src/lib.rs	8	0	0	0	0
crates/backend/utils/adt/acl/src/builtins.rs	862	75	0	456	468
crates/backend/utils/adt/acl/src/io.rs	194	0	0	137	137
crates/backend/utils/adt/acl/src/lib.rs	99	55	0	83	84
crates/backend/utils/adt/acl/src/membership.rs	193	4	0	160	160
crates/backend/utils/adt/acl/src/ops.rs	245	5	0	222	227
crates/backend/utils/adt/acl/src/tests.rs	0	0	0	0	0
crates/backend/utils/adt/acl/src/varlena.rs	67	27	0	41	41
crates/backend/utils/adt/acl_seams/src/lib.rs	10	0	0	0	0
crates/backend/utils/adt/adt_amutils/src/lib.rs	380	0	0	175	175
crates/backend/utils/adt/adt_amutils/src/tests.rs	0	0	0	0	0
crates/backend/utils/adt/adt_ascii/src/lib.rs	77	17	0	0	17
crates/backend/utils/adt/adt_ascii/src/tests.rs	0	0	0	0	0
crates/backend/utils/adt/adt_date/src/builtins.rs	703	170	0	430	498
crates/backend/utils/adt/adt_date/src/interval_corpus.rs	9	0	0	0	0
crates/backend/utils/adt/adt_date/src/lib.rs	778	176	0	639	663
crates/backend/utils/adt/adt_date/src/tests.rs	0	0	0	0	0
crates/backend/utils/adt/adt_datetime/src/calendar.rs	85	20	0	80	80
crates/backend/utils/adt/adt_datetime/src/consts.rs	24	11	0	16	16
crates/backend/utils/adt/adt_datetime/src/decode.rs	1812	0	0	1545	1545
crates/backend/utils/adt/adt_datetime/src/encode.rs	417	0	0	385	385
crates/backend/utils/adt/adt_datetime/src/errors.rs	54	0	0	39	39
crates/backend/utils/adt/adt_datetime/src/lib.rs	0	0	0	0	0
crates/backend/utils/adt/adt_datetime/src/settings.rs	12	0	0	10	10
crates/backend/utils/adt/adt_datetime/src/tables.rs	9	0	0	0	0
crates/backend/utils/adt/adt_datetime/src/tz.rs	156	2	0	145	145
crates/backend/utils/adt/adt_enum/src/builtins.rs	82	29	0	58	62
crates/backend/utils/adt/adt_enum/src/lib.rs	168	27	0	129	134
crates/backend/utils/adt/adt_misc/src/builtins.rs	826	4	0	321	321
crates/backend/utils/adt/adt_misc/src/catalog_fk.rs	1	0	0	0	0
crates/backend/utils/adt/adt_misc/src/introspect.rs	73	0	0	63	63
crates/backend/utils/adt/adt_misc/src/lib.rs	190	23	0	168	168
crates/backend/utils/adt/adt_misc/src/tests.rs	0	0	0	0	0
crates/backend/utils/adt/adt_timestamp/src/builtins.rs	869	170	0	612	623
crates/backend/utils/adt/adt_timestamp/src/interval.rs	1199	424	0	810	909
crates/backend/utils/adt/adt_timestamp/src/lib.rs	1070	225	0	819	856
crates/backend/utils/adt/adt_timestamp/src/tests.rs	0	0	0	0	0
crates/backend/utils/adt/array_userfuncs/src/builtins.rs	409	0	0	353	353
crates/backend/utils/adt/array_userfuncs/src/lib.rs	557	0	0	424	424
crates/backend/utils/adt/array_userfuncs/src/tests.rs	0	0	0	0	0
crates/backend/utils/adt/arrayfuncs/src/build.rs	347	0	0	251	251
crates/backend/utils/adt/arrayfuncs/src/builtins.rs	648	0	0	468	468
crates/backend/utils/adt/arrayfuncs/src/construct.rs	254	0	0	218	218
crates/backend/utils/adt/arrayfuncs/src/element.rs	775	0	0	706	706
crates/backend/utils/adt/arrayfuncs/src/expanded.rs	252	0	0	0	0
crates/backend/utils/adt/arrayfuncs/src/foundation.rs	117	14	0	99	99
crates/backend/utils/adt/arrayfuncs/src/io.rs	554	0	0	405	405
crates/backend/utils/adt/arrayfuncs/src/lib.rs	8	0	0	8	8
crates/backend/utils/adt/arrayfuncs/src/ops.rs	792	0	0	629	629
crates/backend/utils/adt/arrayfuncs/src/tests.rs	0	0	0	0	0
crates/backend/utils/adt/arrayutils/src/lib.rs	102	0	0	77	77
crates/backend/utils/adt/bool/src/builtins.rs	103	8	0	58	63
crates/backend/utils/adt/bool/src/lib.rs	101	72	0	87	95
crates/backend/utils/adt/bool/src/tests.rs	0	0	0	0	0
crates/backend/utils/adt/cash/src/builtins.rs	153	17	0	115	126
crates/backend/utils/adt/cash/src/lib.rs	382	36	0	275	278
crates/backend/utils/adt/cash/src/tests.rs	0	0	0	0	0
crates/backend/utils/adt/char/src/builtins.rs	53	9	0	23	29
crates/backend/utils/adt/char/src/lib.rs	54	44	0	38	48
crates/backend/utils/adt/char/src/tests.rs	0	0	0	0	0
crates/backend/utils/adt/cryptohashfuncs/src/lib.rs	35	0	0	32	32
crates/backend/utils/adt/dbsize/src/builtins.rs	370	0	0	128	128
crates/backend/utils/adt/dbsize/src/lib.rs	62	0	0	61	61
crates/backend/utils/adt/dbsize/src/tests.rs	0	0	0	0	0
crates/backend/utils/adt/domains/src/lib.rs	91	0	0	47	47
crates/backend/utils/adt/encode/src/builtins.rs	25	0	0	14	14
crates/backend/utils/adt/encode/src/lib.rs	290	10	0	221	222
crates/backend/utils/adt/encode/src/tests.rs	0	0	0	0	0
crates/backend/utils/adt/expandedrecord/src/lib.rs	672	0	0	0	0
crates/backend/utils/adt/expandedrecord/src/tests.rs	0	0	0	0	0
crates/backend/utils/adt/float/src/aggregates.rs	217	0	0	175	175
crates/backend/utils/adt/float/src/builtins.rs	300	102	0	163	218
crates/backend/utils/adt/float/src/funcs.rs	597	71	0	457	461
crates/backend/utils/adt/float/src/io.rs	456	0	322	257	407
crates/backend/utils/adt/float/src/lib.rs	231	164	44	165	197
crates/backend/utils/adt/float/src/tests.rs	0	0	0	0	0
crates/backend/utils/adt/format_type/src/builtins.rs	23	0	0	14	14
crates/backend/utils/adt/format_type/src/lib.rs	148	0	0	127	127
crates/backend/utils/adt/format_type/src/tests.rs	0	0	0	0	0
crates/backend/utils/adt/formatting/src/cache.rs	100	0	0	90	90
crates/backend/utils/adt/formatting/src/case.rs	75	0	0	55	55
crates/backend/utils/adt/formatting/src/dch.rs	525	0	0	355	355
crates/backend/utils/adt/formatting/src/dch_entry.rs	485	0	0	373	373
crates/backend/utils/adt/formatting/src/dch_fromchar.rs	538	0	0	442	442
crates/backend/utils/adt/formatting/src/fmgr_builtins.rs	78	0	0	68	68
crates/backend/utils/adt/formatting/src/fromchar.rs	276	0	0	214	214
crates/backend/utils/adt/formatting/src/isoweek.rs	0	0	0	0	0
crates/backend/utils/adt/formatting/src/lib.rs	2	0	0	2	2
crates/backend/utils/adt/formatting/src/num.rs	669	0	0	594	594
crates/backend/utils/adt/formatting/src/num_entry.rs	388	0	0	351	351
crates/backend/utils/adt/formatting/src/parse.rs	197	0	0	168	168
crates/backend/utils/adt/formatting/src/tables.rs	94	0	0	64	64
crates/backend/utils/adt/formatting_seams/src/lib.rs	6	0	0	0	0
crates/backend/utils/adt/genfile/src/builtins.rs	263	0	0	189	189
crates/backend/utils/adt/genfile/src/lib.rs	141	0	0	83	83
crates/backend/utils/adt/geo/src/boxes.rs	132	0	0	124	124
crates/backend/utils/adt/geo/src/builtins.rs	494	41	0	317	328
crates/backend/utils/adt/geo/src/circle.rs	116	20	0	110	111
crates/backend/utils/adt/geo/src/io.rs	556	0	14	420	420
crates/backend/utils/adt/geo/src/lib.rs	220	48	108	200	206
crates/backend/utils/adt/geo/src/line.rs	129	0	0	115	115
crates/backend/utils/adt/geo/src/lseg.rs	78	16	0	77	77
crates/backend/utils/adt/geo/src/path.rs	98	31	0	94	95
crates/backend/utils/adt/geo/src/point.rs	59	14	0	58	58
crates/backend/utils/adt/geo/src/poly.rs	155	32	0	150	150
crates/backend/utils/adt/geo/src/proximity.rs	309	0	11	302	302
crates/backend/utils/adt/geo/src/tests_full.rs	0	0	0	0	0
crates/backend/utils/adt/geo/src/ws_tests.rs	33	0	0	0	0
crates/backend/utils/adt/hbafuncs/src/lib.rs	219	0	0	136	136
crates/backend/utils/adt/hbafuncs/src/tests.rs	0	0	0	0	0
crates/backend/utils/adt/int/src/builtins.rs	264	67	0	161	184
crates/backend/utils/adt/int/src/lib.rs	450	127	0	368	402
crates/backend/utils/adt/int/src/series.rs	26	0	0	19	19
crates/backend/utils/adt/int/src/tests.rs	0	0	0	0	0
crates/backend/utils/adt/int8/src/builtins.rs	209	55	0	108	129
crates/backend/utils/adt/int8/src/lib.rs	325	120	0	292	315
crates/backend/utils/adt/int8/src/tests.rs	0	0	0	0	0
crates/backend/utils/adt/json/src/aggs.rs	196	0	0	176	176
crates/backend/utils/adt/json/src/builtins.rs	284	0	0	243	243
crates/backend/utils/adt/json/src/funcs.rs	158	0	0	148	148
crates/backend/utils/adt/json/src/getpath.rs	161	0	0	156	156
crates/backend/utils/adt/json/src/jsonapi.rs	671	0	0	606	606
crates/backend/utils/adt/json/src/lib.rs	66	0	0	50	50
crates/backend/utils/adt/json/src/srfs.rs	188	0	0	173	173
crates/backend/utils/adt/json/src/tests.rs	0	0	0	0	0
crates/backend/utils/adt/json/src/tojson.rs	469	0	0	426	426
crates/backend/utils/adt/jsonb/src/aggs.rs	222	0	0	193	193
crates/backend/utils/adt/jsonb/src/build.rs	326	0	0	287	287
crates/backend/utils/adt/jsonb/src/builtins.rs	649	22	0	539	542
crates/backend/utils/adt/jsonb/src/container.rs	105	49	0	98	98
crates/backend/utils/adt/jsonb/src/getfield.rs	135	31	0	103	111
crates/backend/utils/adt/jsonb/src/gin.rs	449	2	0	374	374
crates/backend/utils/adt/jsonb/src/io.rs	268	4	0	230	230
crates/backend/utils/adt/jsonb/src/iter.rs	121	0	0	114	114
crates/backend/utils/adt/jsonb/src/iterate.rs	181	0	0	166	166
crates/backend/utils/adt/jsonb/src/lib.rs	0	0	0	0	0
crates/backend/utils/adt/jsonb/src/mutate.rs	480	0	0	452	452
crates/backend/utils/adt/jsonb/src/ops.rs	260	0	0	218	218
crates/backend/utils/adt/jsonb/src/populate.rs	1225	0	0	1106	1106
crates/backend/utils/adt/jsonb/src/srfs.rs	169	0	0	156	156
crates/backend/utils/adt/jsonb/src/subs.rs	59	0	0	57	57
crates/backend/utils/adt/jsonb/src/tests.rs	0	0	0	0	0
crates/backend/utils/adt/jsonb/src/tojsonb.rs	372	0	0	329	329
crates/backend/utils/adt/jsonpath/src/builtins.rs	48	0	0	31	31
crates/backend/utils/adt/jsonpath/src/gram.rs	713	0	0	600	600
crates/backend/utils/adt/jsonpath/src/lib.rs	0	0	0	0	0
crates/backend/utils/adt/jsonpath/src/mutability.rs	115	0	0	65	65
crates/backend/utils/adt/jsonpath/src/path.rs	680	0	0	504	504
crates/backend/utils/adt/jsonpath/src/scan.rs	714	0	0	588	588
crates/backend/utils/adt/jsonpath/src/tests.rs	0	0	0	0	0
crates/backend/utils/adt/jsonpath/src/vectors.rs	2	0	0	0	0
crates/backend/utils/adt/jsonpath_exec/src/builtins.rs	174	0	0	157	157
crates/backend/utils/adt/jsonpath_exec/src/json_table.rs	151	0	0	139	139
crates/backend/utils/adt/jsonpath_exec/src/lib.rs	1920	0	0	1671	1671
crates/backend/utils/adt/jsonpath_exec/src/tests.rs	0	0	0	0	0
crates/backend/utils/adt/like/src/builtins.rs	87	0	0	55	55
crates/backend/utils/adt/like/src/lib.rs	281	0	0	219	219
crates/backend/utils/adt/like/src/tests.rs	0	0	0	0	0
crates/backend/utils/adt/lockfuncs/src/lib.rs	239	0	0	112	112
crates/backend/utils/adt/lockfuncs/src/tests.rs	0	0	0	0	0
crates/backend/utils/adt/mac/src/builtins.rs	67	0	0	39	39
crates/backend/utils/adt/mac/src/lib.rs	203	112	0	162	164
crates/backend/utils/adt/mac/src/tests.rs	0	0	0	0	0
crates/backend/utils/adt/mac8/src/builtins.rs	77	0	0	43	43
crates/backend/utils/adt/mac8/src/lib.rs	185	135	0	134	150
crates/backend/utils/adt/mac8/src/tests.rs	0	0	0	0	0
crates/backend/utils/adt/mcxtfuncs/src/lib.rs	101	0	0	80	80
crates/backend/utils/adt/multirangetypes/src/builtins.rs	594	0	0	490	490
crates/backend/utils/adt/multirangetypes/src/corpus_tests.rs	444	0	0	0	0
crates/backend/utils/adt/multirangetypes/src/io.rs	195	0	0	140	140
crates/backend/utils/adt/multirangetypes/src/lib.rs	657	0	0	632	632
crates/backend/utils/adt/multirangetypes/src/tests.rs	0	0	0	0	0
crates/backend/utils/adt/name/src/builtins.rs	120	0	0	78	78
crates/backend/utils/adt/name/src/lib.rs	156	41	0	99	100
crates/backend/utils/adt/name/src/tests.rs	0	0	0	0	0
crates/backend/utils/adt/network/src/abbrev.rs	45	0	0	38	38
crates/backend/utils/adt/network/src/builtins.rs	227	18	0	124	125
crates/backend/utils/adt/network/src/cidr_ntop.rs	151	0	0	129	129
crates/backend/utils/adt/network/src/lib.rs	440	201	0	373	377
crates/backend/utils/adt/network/src/ntop.rs	135	0	0	125	125
crates/backend/utils/adt/network/src/pton.rs	331	0	0	248	248
crates/backend/utils/adt/network/src/tests.rs	0	0	0	0	0
crates/backend/utils/adt/network_gist/src/lib.rs	295	109	0	122	187
crates/backend/utils/adt/network_gist/src/tests.rs	0	0	0	0	0
crates/backend/utils/adt/network_spgist/src/lib.rs	286	0	0	104	104
crates/backend/utils/adt/network_spgist/src/tests.rs	0	0	0	0	0
crates/backend/utils/adt/numeric/src/aggregates.rs	512	0	0	460	460
crates/backend/utils/adt/numeric/src/arith.rs	753	0	0	712	712
crates/backend/utils/adt/numeric/src/builtins.rs	649	29	0	524	528
crates/backend/utils/adt/numeric/src/fixed.rs	293	0	0	0	0
crates/backend/utils/adt/numeric/src/io.rs	352	0	0	293	293
crates/backend/utils/adt/numeric/src/keypack.rs	55	0	0	0	0
crates/backend/utils/adt/numeric/src/lib.rs	84	42	0	79	79
crates/backend/utils/adt/numeric/src/math.rs	884	0	0	836	836
crates/backend/utils/adt/numeric/src/ops.rs	709	102	0	622	630
crates/backend/utils/adt/numeric/src/random.rs	92	0	0	92	92
crates/backend/utils/adt/numeric/src/series.rs	60	0	0	60	60
crates/backend/utils/adt/numeric/src/sortsupport.rs	63	0	0	53	53
crates/backend/utils/adt/numeric/src/tests.rs	0	0	0	0	0
crates/backend/utils/adt/numeric/src/var.rs	437	132	0	384	384
crates/backend/utils/adt/numutils/src/lib.rs	406	38	0	337	338
crates/backend/utils/adt/oracle_compat/src/builtins.rs	76	0	0	49	49
crates/backend/utils/adt/oracle_compat/src/casemap.rs	87	0	0	74	74
crates/backend/utils/adt/oracle_compat/src/lib.rs	376	0	0	308	308
crates/backend/utils/adt/oracle_compat/src/tests.rs	0	0	0	0	0
crates/backend/utils/adt/orderedsetaggs/src/lib.rs	732	0	0	621	621
crates/backend/utils/adt/partitionfuncs/src/lib.rs	101	0	0	99	99
crates/backend/utils/adt/pg_locale/src/builtin_case.rs	25	0	0	25	25
crates/backend/utils/adt/pg_locale/src/chklocale.rs	48	0	0	5	5
crates/backend/utils/adt/pg_locale/src/icu.rs	466	0	0	351	351
crates/backend/utils/adt/pg_locale/src/icu_ffi.rs	227	0	0	80	80
crates/backend/utils/adt/pg_locale/src/lc.rs	0	0	0	0	0
crates/backend/utils/adt/pg_locale/src/lconv.rs	110	0	0	3	3
crates/backend/utils/adt/pg_locale/src/lib.rs	429	0	0	240	240
crates/backend/utils/adt/pg_locale/src/libc_locale.rs	285	0	0	24	24
crates/backend/utils/adt/pg_locale/src/locale_time.rs	69	0	0	55	55
crates/backend/utils/adt/pg_locale/src/setup.rs	201	0	0	156	156
crates/backend/utils/adt/pg_locale/src/tests.rs	0	0	0	0	0
crates/backend/utils/adt/pg_locale_seams/src/lib.rs	28	0	0	0	0
crates/backend/utils/adt/pg_lsn/src/builtins.rs	76	22	0	59	59
crates/backend/utils/adt/pg_lsn/src/lib.rs	82	26	0	75	76
crates/backend/utils/adt/pg_lsn/src/tests.rs	0	0	0	0	0
crates/backend/utils/adt/pg_upgrade_support/src/lib.rs	218	0	0	0	0
crates/backend/utils/adt/pgstatfuncs/src/activity.rs	268	0	0	142	142
crates/backend/utils/adt/pgstatfuncs/src/backend.rs	143	0	0	29	29
crates/backend/utils/adt/pgstatfuncs/src/lib.rs	341	0	0	142	142
crates/backend/utils/adt/pgstatfuncs/src/stats.rs	464	0	0	282	282
crates/backend/utils/adt/pseudorandomfuncs/src/builtins.rs	23	0	0	20	20
crates/backend/utils/adt/pseudorandomfuncs/src/lib.rs	72	0	0	45	45
crates/backend/utils/adt/pseudorandomfuncs/src/tests.rs	0	0	0	0	0
crates/backend/utils/adt/pseudotypes/src/builtins.rs	92	51	0	8	55
crates/backend/utils/adt/pseudotypes/src/lib.rs	104	78	0	13	78
crates/backend/utils/adt/pseudotypes/src/tests.rs	0	0	0	0	0
crates/backend/utils/adt/quote/src/builtins.rs	17	0	0	14	14
crates/backend/utils/adt/quote/src/lib.rs	54	0	0	47	47
crates/backend/utils/adt/quote/src/tests.rs	0	0	0	0	0
crates/backend/utils/adt/rangetypes/src/builtins.rs	467	0	0	344	344
crates/backend/utils/adt/rangetypes/src/io.rs	324	0	0	240	240
crates/backend/utils/adt/rangetypes/src/lib.rs	432	78	0	363	364
crates/backend/utils/adt/rangetypes/src/ops.rs	336	107	0	309	313
crates/backend/utils/adt/rangetypes/src/tests.rs	0	0	0	0	0
crates/backend/utils/adt/rangetypes_gist/src/lib.rs	728	0	0	635	635
crates/backend/utils/adt/rangetypes_gist/src/qsort.rs	110	0	0	107	107
crates/backend/utils/adt/rangetypes_gist/src/tests.rs	0	0	0	0	0
crates/backend/utils/adt/rangetypes_spgist/src/lib.rs	365	0	0	309	309
crates/backend/utils/adt/rangetypes_spgist/src/tests.rs	0	0	0	0	0
crates/backend/utils/adt/regexp/src/builtins.rs	456	0	0	422	422
crates/backend/utils/adt/regexp/src/lib.rs	373	0	0	329	329
crates/backend/utils/adt/regexp/src/matches.rs	360	0	0	337	337
crates/backend/utils/adt/regexp/src/tests.rs	0	0	0	0	0
crates/backend/utils/adt/regexp_alt/src/classify.rs	194	0	0	160	160
crates/backend/utils/adt/regexp_alt/src/lib.rs	316	0	0	216	216
crates/backend/utils/adt/regexp_alt/src/program.rs	296	0	0	187	187
crates/backend/utils/adt/regexp_alt/src/tests.rs	0	0	0	0	0
crates/backend/utils/adt/regexp_seams/src/lib.rs	23	0	0	0	0
crates/backend/utils/adt/regproc/src/builtins.rs	93	0	0	51	51
crates/backend/utils/adt/regproc/src/lib.rs	579	0	0	444	444
crates/backend/utils/adt/regproc/src/tests.rs	0	0	0	0	0
crates/backend/utils/adt/regproc_seams/src/lib.rs	6	0	0	0	0
crates/backend/utils/adt/ri_triggers/src/lib.rs	1343	0	0	1139	1139
crates/backend/utils/adt/ri_triggers/src/tests.rs	0	0	0	0	0
crates/backend/utils/adt/ri_triggers_seams/src/lib.rs	36	0	0	0	0
crates/backend/utils/adt/rowtypes/src/c_cases.rs	2	0	0	0	0
crates/backend/utils/adt/rowtypes/src/lib.rs	959	0	0	718	718
crates/backend/utils/adt/rowtypes/src/ws_tests.rs	187	0	0	0	0
crates/backend/utils/adt/ruleutils/src/builtins.rs	305	0	0	279	279
crates/backend/utils/adt/ruleutils/src/deparse.rs	2052	0	0	1764	1764
crates/backend/utils/adt/ruleutils/src/functiondef.rs	344	0	0	301	301
crates/backend/utils/adt/ruleutils/src/lib.rs	1015	0	0	860	860
crates/backend/utils/adt/ruleutils/src/plan.rs	297	0	0	272	272
crates/backend/utils/adt/ruleutils/src/query.rs	1759	0	0	1557	1557
crates/backend/utils/adt/ruleutils/src/ruledef.rs	118	0	0	104	104
crates/backend/utils/adt/ruleutils/src/tests.rs	0	0	0	0	0
crates/backend/utils/adt/ruleutils/src/triggerdef.rs	163	0	0	150	150
crates/backend/utils/adt/ruleutils/src/viewdef.rs	67	0	0	46	46
crates/backend/utils/adt/ruleutils_seams/src/lib.rs	16	0	0	0	0
crates/backend/utils/adt/scalar/src/builtins.rs	333	132	0	239	288
crates/backend/utils/adt/scalar/src/currtid.rs	178	0	0	113	113
crates/backend/utils/adt/scalar/src/datum_ops.rs	132	0	0	26	26
crates/backend/utils/adt/scalar/src/lib.rs	103	53	0	81	100
crates/backend/utils/adt/scalar/src/tests.rs	0	0	0	0	0
crates/backend/utils/adt/scalar_seams/src/lib.rs	2	0	0	0	0
crates/backend/utils/adt/skipsupport/src/lib.rs	55	0	0	32	32
crates/backend/utils/adt/timestamp_seams/src/lib.rs	8	0	0	0	0
crates/backend/utils/adt/trigfuncs/src/lib.rs	38	0	0	25	25
crates/backend/utils/adt/tsginidx/src/builtins.rs	16	0	0	0	0
crates/backend/utils/adt/tsginidx/src/lib.rs	104	0	0	97	97
crates/backend/utils/adt/tsginidx/src/tests.rs	0	0	0	0	0
crates/backend/utils/adt/tsgistidx/src/lib.rs	522	0	0	346	346
crates/backend/utils/adt/tsgistidx/src/tests.rs	0	0	0	0	0
crates/backend/utils/adt/tsquery_core/src/builtins.rs	123	0	0	90	90
crates/backend/utils/adt/tsquery_core/src/cleanup.rs	156	0	0	117	117
crates/backend/utils/adt/tsquery_core/src/io.rs	225	0	0	132	132
crates/backend/utils/adt/tsquery_core/src/lib.rs	0	0	0	0	0
crates/backend/utils/adt/tsquery_core/src/parse.rs	427	0	0	369	369
crates/backend/utils/adt/tsquery_core/src/tests.rs	0	0	0	0	0
crates/backend/utils/adt/tsquery_core/src/util.rs	172	0	0	157	157
crates/backend/utils/adt/tsquery_rewrite/src/lib.rs	205	0	0	183	183
crates/backend/utils/adt/tsrank/src/builtins.rs	86	0	0	10	10
crates/backend/utils/adt/tsrank/src/lib.rs	0	0	0	0	0
crates/backend/utils/adt/tsrank/src/rank.rs	167	0	0	144	144
crates/backend/utils/adt/tsrank/src/rank_cd.rs	192	0	0	177	177
crates/backend/utils/adt/tsrank/src/tests.rs	0	0	0	0	0
crates/backend/utils/adt/tsvector_core/src/builtins.rs	289	0	0	234	234
crates/backend/utils/adt/tsvector_core/src/execute.rs	296	0	0	277	277
crates/backend/utils/adt/tsvector_core/src/io.rs	197	0	0	106	106
crates/backend/utils/adt/tsvector_core/src/layout.rs	110	0	0	98	98
crates/backend/utils/adt/tsvector_core/src/lib.rs	0	0	0	0	0
crates/backend/utils/adt/tsvector_core/src/op.rs	303	0	0	260	260
crates/backend/utils/adt/tsvector_core/src/parser.rs	155	0	0	124	124
crates/backend/utils/adt/tsvector_core/src/query.rs	46	0	0	45	45
crates/backend/utils/adt/tsvector_core/src/tests.rs	0	0	0	0	0
crates/backend/utils/adt/tsvector_stat/src/lib.rs	160	0	0	137	137
crates/backend/utils/adt/tsvector_stat/src/tests.rs	0	0	0	0	0
crates/backend/utils/adt/tsvector_stat/src/trigger.rs	117	0	0	59	59
crates/backend/utils/adt/uuid/src/abbrev.rs	24	0	0	20	20
crates/backend/utils/adt/uuid/src/builtins.rs	75	0	0	57	57
crates/backend/utils/adt/uuid/src/lib.rs	167	91	0	153	153
crates/backend/utils/adt/uuid/src/tests.rs	0	0	0	0	0
crates/backend/utils/adt/varbit/src/lib.rs	756	181	0	633	655
crates/backend/utils/adt/varbit/src/tests.rs	0	0	0	0	0
crates/backend/utils/adt/varchar/src/builtins.rs	221	6	0	145	148
crates/backend/utils/adt/varchar/src/lib.rs	272	71	0	171	185
crates/backend/utils/adt/varchar/src/tests.rs	0	0	0	0	0
crates/backend/utils/adt/varlena/src/abbrev.rs	56	0	0	41	41
crates/backend/utils/adt/varlena/src/builtins.rs	539	36	0	429	437
crates/backend/utils/adt/varlena/src/bytea.rs	329	93	0	281	291
crates/backend/utils/adt/varlena/src/concat_format.rs	357	0	0	317	317
crates/backend/utils/adt/varlena/src/levenshtein.rs	148	0	0	120	120
crates/backend/utils/adt/varlena/src/lib.rs	671	57	0	573	574
crates/backend/utils/adt/varlena/src/replace_regexp.rs	141	0	0	130	130
crates/backend/utils/adt/varlena/src/split_text.rs	130	0	0	129	129
crates/backend/utils/adt/varlena/src/string_agg.rs	103	0	0	95	95
crates/backend/utils/adt/varlena/src/tests.rs	0	0	0	0	0
crates/backend/utils/adt/varlena/src/unicode.rs	71	0	0	64	64
crates/backend/utils/adt/waitfuncs/src/lib.rs	38	0	0	0	0
crates/backend/utils/adt/windowfuncs/src/lib.rs	78	0	0	65	65
crates/backend/utils/adt/xid8funcs/src/builtins.rs	100	14	0	75	75
crates/backend/utils/adt/xid8funcs/src/lib.rs	242	69	0	189	199
crates/backend/utils/adt/xid8funcs/src/tests.rs	0	0	0	0	0
crates/backend/utils/adt/xml/src/builtins.rs	119	0	0	91	91
crates/backend/utils/adt/xml/src/chvalid.rs	48	0	0	28	28
crates/backend/utils/adt/xml/src/errhandler.rs	150	0	0	125	125
crates/backend/utils/adt/xml/src/lib.rs	841	0	0	672	672
crates/backend/utils/adt/xml/src/libxml.rs	209	0	0	83	83
crates/backend/utils/adt/xml/src/tests.rs	0	0	0	0	0
crates/backend/utils/adt/xml/src/xmltable.rs	190	0	0	144	144
crates/backend/utils/adt/xml/src/xpath.rs	182	0	0	135	135
crates/backend/utils/adt/xmlmap/src/builtins.rs	101	0	0	83	83
crates/backend/utils/adt/xmlmap/src/lib.rs	741	0	0	569	569
crates/backend/utils/cache/attoptcache/src/lib.rs	12	0	0	11	11
crates/backend/utils/cache/attoptcache/src/tests.rs	0	0	0	0	0
crates/backend/utils/cache/cache_evtcache/src/lib.rs	100	0	0	95	95
crates/backend/utils/cache/cache_syscache/src/cacheinfo.rs	1	0	0	0	0
crates/backend/utils/cache/cache_syscache/src/lib.rs	235	19	0	207	210
crates/backend/utils/cache/cache_syscache/src/projections.rs	2011	0	0	1731	1731
crates/backend/utils/cache/cache_syscache/src/tests.rs	0	0	0	0	0
crates/backend/utils/cache/catcache/src/compute.rs	70	0	0	59	59
crates/backend/utils/cache/catcache/src/graph.rs	474	0	0	453	453
crates/backend/utils/cache/catcache/src/init.rs	60	0	0	53	53
crates/backend/utils/cache/catcache/src/inval.rs	45	0	0	45	45
crates/backend/utils/cache/catcache/src/lib.rs	88	0	0	68	68
crates/backend/utils/cache/catcache/src/list.rs	221	0	0	207	207
crates/backend/utils/cache/catcache/src/search.rs	268	0	0	262	262
crates/backend/utils/cache/catcache/src/testing.rs	77	0	0	0	0
crates/backend/utils/cache/catcache/src/tests.rs	0	0	0	0	0
crates/backend/utils/cache/catcache_seams/src/lib.rs	11	0	0	0	0
crates/backend/utils/cache/inval/src/bench_internals.rs	19	0	0	0	0
crates/backend/utils/cache/inval/src/eoxact.rs	250	0	0	199	199
crates/backend/utils/cache/inval/src/invalidate.rs	206	0	0	164	164
crates/backend/utils/cache/inval/src/lib.rs	40	0	0	39	39
crates/backend/utils/cache/inval/src/local.rs	88	0	0	70	70
crates/backend/utils/cache/inval/src/msgs.rs	116	0	0	101	101
crates/backend/utils/cache/inval/src/registration.rs	121	0	0	109	109
crates/backend/utils/cache/inval/src/tests.rs	0	0	0	0	0
crates/backend/utils/cache/inval_seams/src/lib.rs	2	0	0	0	0
crates/backend/utils/cache/lsyscache/src/amop.rs	284	0	0	198	198
crates/backend/utils/cache/lsyscache/src/attribute.rs	35	0	0	27	27
crates/backend/utils/cache/lsyscache/src/function.rs	57	0	0	39	39
crates/backend/utils/cache/lsyscache/src/lib.rs	8	0	0	6	6
crates/backend/utils/cache/lsyscache/src/misc.rs	161	0	0	121	121
crates/backend/utils/cache/lsyscache/src/operator.rs	60	0	0	45	45
crates/backend/utils/cache/lsyscache/src/relation.rs	67	0	0	48	48
crates/backend/utils/cache/lsyscache/src/run_memo.rs	218	0	0	187	187
crates/backend/utils/cache/lsyscache/src/scratch.rs	7	0	0	5	5
crates/backend/utils/cache/lsyscache/src/statistics.rs	35	0	0	6	6
crates/backend/utils/cache/lsyscache/src/tests.rs	0	0	0	0	0
crates/backend/utils/cache/lsyscache/src/typ.rs	211	0	0	160	160
crates/backend/utils/cache/lsyscache_seams/src/lib.rs	6	0	0	0	0
crates/backend/utils/cache/partcache/src/lib.rs	233	0	0	179	179
crates/backend/utils/cache/plancache/src/lib.rs	1054	0	0	976	976
crates/backend/utils/cache/plancache/src/tests.rs	0	0	0	0	0
crates/backend/utils/cache/plancache_portal_seams/src/lib.rs	10	0	0	0	0
crates/backend/utils/cache/relcache/src/build.rs	230	0	0	185	185
crates/backend/utils/cache/relcache/src/deform_jit.rs	10	0	0	10	10
crates/backend/utils/cache/relcache/src/fkeylist.rs	11	0	0	11	11
crates/backend/utils/cache/relcache/src/indexattr.rs	90	0	0	85	85
crates/backend/utils/cache/relcache/src/indexlist.rs	52	0	0	46	46
crates/backend/utils/cache/relcache/src/initfile.rs	793	0	0	546	546
crates/backend/utils/cache/relcache/src/invalidate.rs	382	0	0	339	339
crates/backend/utils/cache/relcache/src/lib.rs	74	0	0	73	73
crates/backend/utils/cache/relcache/src/local.rs	127	0	0	106	106
crates/backend/utils/cache/relcache/src/rowsecurity.rs	23	0	0	23	23
crates/backend/utils/cache/relcache/src/rules.rs	35	0	0	35	35
crates/backend/utils/cache/relcache/src/schemapg.rs	98	0	0	0	0
crates/backend/utils/cache/relcache/src/statextlist.rs	12	0	0	12	12
crates/backend/utils/cache/relcache/src/store.rs	67	0	0	47	47
crates/backend/utils/cache/relcache/src/tests.rs	0	0	0	0	0
crates/backend/utils/cache/relcache/src/trigdesc.rs	17	0	0	12	12
crates/backend/utils/cache/relcache_build/src/attrs.rs	353	0	0	320	320
crates/backend/utils/cache/relcache_build/src/domain.rs	32	0	0	29	29
crates/backend/utils/cache/relcache_build/src/index.rs	246	0	0	209	209
crates/backend/utils/cache/relcache_build/src/lib.rs	49	0	0	44	44
crates/backend/utils/cache/relcache_build/src/pg_class.rs	70	0	0	62	62
crates/backend/utils/cache/relcache_build/src/policies.rs	76	0	0	68	68
crates/backend/utils/cache/relcache_build/src/rules.rs	48	0	0	46	46
crates/backend/utils/cache/relcache_build/src/tests.rs	0	0	0	0	0
crates/backend/utils/cache/relcache_build/src/triggers.rs	169	0	0	161	161
crates/backend/utils/cache/relcache_build_seams/src/lib.rs	55	0	0	0	0
crates/backend/utils/cache/relcache_seams/src/lib.rs	57	0	0	0	0
crates/backend/utils/cache/relfilenumbermap/src/lib.rs	94	0	0	81	81
crates/backend/utils/cache/relfilenumbermap/src/tests.rs	0	0	0	0	0
crates/backend/utils/cache/relfilenumbermap_seams/src/lib.rs	5	0	0	0	0
crates/backend/utils/cache/relmapper/src/lib.rs	512	0	0	314	314
crates/backend/utils/cache/relmapper/src/tests.rs	0	0	0	0	0
crates/backend/utils/cache/relmapper_seams/src/lib.rs	22	0	0	0	0
crates/backend/utils/cache/syscache_seams/src/lib.rs	476	0	0	55	55
crates/backend/utils/cache/ts_cache/src/deflist.rs	112	0	0	75	75
crates/backend/utils/cache/ts_cache/src/lib.rs	374	0	0	291	291
crates/backend/utils/cache/ts_cache/src/tests.rs	0	0	0	0	0
crates/backend/utils/cache/typcache/src/domain.rs	88	0	0	86	86
crates/backend/utils/cache/typcache/src/enum_cmp.rs	93	0	0	69	69
crates/backend/utils/cache/typcache/src/invalidate.rs	81	0	0	74	74
crates/backend/utils/cache/typcache/src/lib.rs	695	0	0	562	562
crates/backend/utils/cache/typcache/src/tests.rs	0	0	0	0	0
crates/backend/utils/cache/typcache_seams/src/lib.rs	36	0	0	0	0
crates/backend/utils/error/elog/src/builder.rs	166	14	0	78	78
crates/backend/utils/error/elog/src/config.rs	202	0	0	110	110
crates/backend/utils/error/elog/src/errno.rs	28	0	0	13	13
crates/backend/utils/error/elog/src/lib.rs	66	0	0	61	61
crates/backend/utils/error/elog/src/policy.rs	22	2	0	19	19
crates/backend/utils/error/elog/src/report.rs	561	0	0	241	241
crates/backend/utils/error/elog/src/sink.rs	66	0	0	17	17
crates/backend/utils/error/elog/src/stack.rs	405	0	0	193	193
crates/backend/utils/error/elog/src/syslog.rs	96	0	0	14	14
crates/backend/utils/error/elog/src/tests.rs	0	0	0	0	0
crates/backend/utils/error/elog_seams/src/lib.rs	6	0	0	0	0
crates/backend/utils/error/error_small_seams/src/lib.rs	4	0	0	0	0
crates/backend/utils/fmgr/dfmgr/src/lib.rs	55	0	0	44	44
crates/backend/utils/fmgr/fmgr_core/src/canonical.rs	1	0	0	0	0
crates/backend/utils/fmgr/fmgr_core/src/lib.rs	366	0	0	243	243
crates/backend/utils/fmgr/fmgr_core/src/ported.rs	30	0	0	0	0
crates/backend/utils/fmgr/fmgr_core/src/tests.rs	0	0	0	0	0
crates/backend/utils/fmgr/fmgr_seams/src/lib.rs	10	0	0	0	0
crates/backend/utils/fmgr/funcapi/src/lib.rs	718	3	0	549	550
crates/backend/utils/fmgr/funcapi/src/srf_mat.rs	44	0	0	30	30
crates/backend/utils/fmgr/funcapi/src/tests.rs	0	0	0	0	0
crates/backend/utils/fmgr/funcapi_srf/src/lib.rs	59	0	0	40	40
crates/backend/utils/hash/dynahash/src/lib.rs	789	0	0	449	449
crates/backend/utils/hash/dynahash/src/tests.rs	0	0	0	0	0
crates/backend/utils/init/init_small/src/globals.rs	164	0	0	71	71
crates/backend/utils/init/init_small/src/lib.rs	33	0	0	3	3
crates/backend/utils/init/init_small/src/tests.rs	0	0	0	0	0
crates/backend/utils/init/init_small/src/usercontext.rs	32	0	0	0	0
crates/backend/utils/init/init_small/src/wretain.rs	60	0	0	54	54
crates/backend/utils/init/init_small_seams/src/lib.rs	2	0	0	0	0
crates/backend/utils/init/miscinit/src/datadir.rs	62	0	0	25	25
crates/backend/utils/init/miscinit/src/guard.rs	19	0	0	19	19
crates/backend/utils/init/miscinit/src/lib.rs	94	0	0	75	75
crates/backend/utils/init/miscinit/src/lockfile.rs	269	0	0	88	88
crates/backend/utils/init/miscinit/src/preload.rs	72	0	0	53	53
crates/backend/utils/init/miscinit/src/process.rs	160	0	0	88	88
crates/backend/utils/init/miscinit/src/tests.rs	0	0	0	0	0
crates/backend/utils/init/miscinit/src/userid.rs	191	0	0	144	144
crates/backend/utils/init/miscinit_seams/src/lib.rs	48	0	0	0	0
crates/backend/utils/init/postinit/src/lib.rs	687	0	0	381	381
crates/backend/utils/init/postinit/src/tests.rs	0	0	0	0	0
crates/backend/utils/mb/conv/src/cyrillic_and_mic.rs	76	0	0	39	39
crates/backend/utils/mb/conv/src/euc2004_sjis2004.rs	190	0	0	72	72
crates/backend/utils/mb/conv/src/euc_cn_and_mic.rs	74	0	0	38	38
crates/backend/utils/mb/conv/src/euc_jp_and_sjis.rs	366	0	0	124	124
crates/backend/utils/mb/conv/src/euc_kr_and_mic.rs	77	0	0	39	39
crates/backend/utils/mb/conv/src/euc_tw_and_big5.rs	245	0	0	110	110
crates/backend/utils/mb/conv/src/euc_tw_and_big5/big5.rs	78	0	0	47	47
crates/backend/utils/mb/conv/src/latin2_and_win1250.rs	86	0	0	62	62
crates/backend/utils/mb/conv/src/latin_and_mic.rs	25	0	0	16	16
crates/backend/utils/mb/conv/src/lib.rs	527	0	0	460	460
crates/backend/utils/mb/conv/src/maps/big5.rs	16	0	0	0	0
crates/backend/utils/mb/conv/src/maps/cyrillic.rs	32	0	0	0	0
crates/backend/utils/mb/conv/src/maps/euc2004.rs	18	0	0	0	0
crates/backend/utils/mb/conv/src/maps/euc_cn.rs	16	0	0	0	0
crates/backend/utils/mb/conv/src/maps/euc_jp.rs	16	0	0	0	0
crates/backend/utils/mb/conv/src/maps/euc_kr.rs	16	0	0	0	0
crates/backend/utils/mb/conv/src/maps/euc_tw.rs	16	0	0	0	0
crates/backend/utils/mb/conv/src/maps/gb18030.rs	16	0	0	0	0
crates/backend/utils/mb/conv/src/maps/gbk.rs	16	0	0	0	0
crates/backend/utils/mb/conv/src/maps/iso8859.rs	208	0	0	0	0
crates/backend/utils/mb/conv/src/maps/johab.rs	16	0	0	0	0
crates/backend/utils/mb/conv/src/maps/local_tables.rs	21	0	0	0	0
crates/backend/utils/mb/conv/src/maps/mod.rs	0	0	0	0	0
crates/backend/utils/mb/conv/src/maps/sjis.rs	16	0	0	0	0
crates/backend/utils/mb/conv/src/maps/sjis2004.rs	18	0	0	0	0
crates/backend/utils/mb/conv/src/maps/uhc.rs	16	0	0	0	0
crates/backend/utils/mb/conv/src/maps/win.rs	176	0	0	0	0
crates/backend/utils/mb/conv/src/tests.rs	0	0	0	0	0
crates/backend/utils/mb/conv/src/utf8_procs.rs	156	0	0	45	45
crates/backend/utils/mb/mbutils/src/builtins.rs	63	0	0	46	46
crates/backend/utils/mb/mbutils/src/lib.rs	698	71	0	450	470
crates/backend/utils/mb/mbutils/src/tests.rs	0	0	0	0	0
crates/backend/utils/mb/mbutils_seams/src/lib.rs	35	0	0	0	0
crates/backend/utils/misc/conffiles/src/lib.rs	107	0	0	20	20
crates/backend/utils/misc/conffiles/src/tests.rs	0	0	0	0	0
crates/backend/utils/misc/conffiles_seams/src/lib.rs	11	0	0	0	0
crates/backend/utils/misc/guc/src/array.rs	125	0	0	65	65
crates/backend/utils/misc/guc/src/autotune.rs	151	0	0	9	9
crates/backend/utils/misc/guc/src/cnum.rs	81	0	0	60	60
crates/backend/utils/misc/guc/src/enum_lookup.rs	30	0	0	30	30
crates/backend/utils/misc/guc/src/layers.rs	104	0	0	81	81
crates/backend/utils/misc/guc/src/lib.rs	216	0	0	171	171
crates/backend/utils/misc/guc/src/model.rs	39	0	0	38	38
crates/backend/utils/misc/guc/src/name.rs	38	0	0	24	24
crates/backend/utils/misc/guc/src/process_config.rs	257	0	0	119	119
crates/backend/utils/misc/guc/src/registry.rs	1255	0	0	983	983
crates/backend/utils/misc/guc/src/report.rs	62	0	0	54	54
crates/backend/utils/misc/guc/src/select.rs	65	0	0	34	34
crates/backend/utils/misc/guc/src/store.rs	311	0	0	220	220
crates/backend/utils/misc/guc/src/tests.rs	0	0	0	0	0
crates/backend/utils/misc/guc/src/units.rs	161	0	0	118	118
crates/backend/utils/misc/guc_file/src/lib.rs	376	0	0	173	173
crates/backend/utils/misc/guc_file/src/tests.rs	0	0	0	0	0
crates/backend/utils/misc/guc_file_seams/src/lib.rs	2	0	0	0	0
crates/backend/utils/misc/guc_funcs/src/alter_system.rs	229	0	0	0	0
crates/backend/utils/misc/guc_funcs/src/lib.rs	214	0	0	126	126
crates/backend/utils/misc/guc_funcs/src/settings.rs	219	0	0	192	192
crates/backend/utils/misc/guc_funcs/src/tests.rs	0	0	0	0	0
crates/backend/utils/misc/guc_seams/src/lib.rs	31	0	0	0	0
crates/backend/utils/misc/guc_tables/src/backing.rs	405	0	0	16	16
crates/backend/utils/misc/guc_tables/src/consts.rs	0	0	0	0	0
crates/backend/utils/misc/guc_tables/src/gather_fair.rs	9	0	0	8	8
crates/backend/utils/misc/guc_tables/src/hooks.rs	0	0	0	0	0
crates/backend/utils/misc/guc_tables/src/lane_pool.rs	40	0	0	27	27
crates/backend/utils/misc/guc_tables/src/lib.rs	424	0	0	419	419
crates/backend/utils/misc/guc_tables/src/option_sets.rs	0	0	0	0	0
crates/backend/utils/misc/guc_tables/src/parallel_engine.rs	24	0	0	11	11
crates/backend/utils/misc/guc_tables/src/runtime_pool.rs	106	0	0	80	80
crates/backend/utils/misc/guc_tables/src/session.rs	41	0	0	21	21
crates/backend/utils/misc/guc_tables/src/slots.rs	32	0	0	16	16
crates/backend/utils/misc/guc_tables/src/tables.rs	119	0	0	49	49
crates/backend/utils/misc/guc_tables/src/tests.rs	0	0	0	0	0
crates/backend/utils/misc/guc_tables/src/vars.rs	4	0	0	0	0
crates/backend/utils/misc/injection_point/src/lib.rs	76	0	0	6	6
crates/backend/utils/misc/pg_config/src/lib.rs	43	0	0	41	41
crates/backend/utils/misc/pg_controldata/src/lib.rs	107	0	0	103	103
crates/backend/utils/misc/pg_rusage/src/lib.rs	44	0	0	37	37
crates/backend/utils/misc/ps_status/src/lib.rs	107	0	0	85	85
crates/backend/utils/misc/ps_status/src/tests.rs	0	0	0	0	0
crates/backend/utils/misc/ps_status_seams/src/lib.rs	8	0	0	0	0
crates/backend/utils/misc/queryenvironment/src/hold.rs	48	0	0	45	45
crates/backend/utils/misc/queryenvironment/src/lib.rs	48	0	0	40	40
crates/backend/utils/misc/queryenvironment/src/tests.rs	0	0	0	0	0
crates/backend/utils/misc/rls/src/lib.rs	47	0	0	41	41
crates/backend/utils/misc/rls_seams/src/lib.rs	2	0	0	0	0
crates/backend/utils/misc/stack_depth/src/lib.rs	84	0	0	69	69
crates/backend/utils/misc/stack_depth/src/tests.rs	0	0	0	0	0
crates/backend/utils/misc/superuser/src/lib.rs	26	4	0	25	25
crates/backend/utils/misc/superuser/src/tests.rs	0	0	0	0	0
crates/backend/utils/misc/superuser_seams/src/lib.rs	4	0	0	0	0
crates/backend/utils/misc/timeout/src/lib.rs	361	0	0	258	258
crates/backend/utils/misc/timeout/src/tests.rs	0	0	0	0	0
crates/backend/utils/misc/timeout_seams/src/lib.rs	26	0	0	0	0
crates/backend/utils/misc/tzparser/src/lib.rs	211	0	0	137	137
crates/backend/utils/misc/tzparser/src/tests.rs	0	0	0	0	0
crates/backend/utils/mmgr/mcxt_seams/src/lib.rs	6	0	0	0	0
crates/backend/utils/mmgr/mcxt_stats/src/lib.rs	136	0	0	77	77
crates/backend/utils/mmgr/portalmem/src/funcs.rs	17	0	0	16	16
crates/backend/utils/mmgr/portalmem/src/lib.rs	783	0	0	621	621
crates/backend/utils/mmgr/portalmem/src/tests.rs	0	0	0	0	0
crates/backend/utils/resowner/resowner/src/lib.rs	611	0	0	466	466
crates/backend/utils/resowner/resowner/src/seams.rs	35	0	0	27	27
crates/backend/utils/resowner/resowner/src/tests.rs	0	0	0	0	0
crates/backend/utils/resowner/resowner_portal_seams/src/lib.rs	12	0	0	0	0
crates/backend/utils/resowner/resowner_seams/src/lib.rs	28	0	0	0	0
crates/backend/utils/sort/sharedtuplestore/src/lib.rs	235	0	0	202	202
crates/backend/utils/sort/sort_storage/src/lib.rs	313	0	0	266	266
crates/backend/utils/sort/sort_storage/src/tests.rs	0	0	0	0	0
crates/backend/utils/sort/tuplesort/src/abbrev.rs	57	0	0	53	53
crates/backend/utils/sort/tuplesort/src/lib.rs	1672	0	0	1328	1328
crates/backend/utils/sort/tuplesort/src/mgetattr.rs	78	0	0	50	50
crates/backend/utils/sort/tuplesort/src/qsort.rs	111	0	0	111	111
crates/backend/utils/sort/tuplesort/src/radix.rs	128	0	0	127	127
crates/backend/utils/sort/tuplesort/src/ssup.rs	343	0	0	255	255
crates/backend/utils/sort/tuplesort/src/tape.rs	545	0	0	455	455
crates/backend/utils/sort/tuplesort/src/tests.rs	0	0	0	0	0
crates/backend/utils/sort/tuplesort_seams/src/lib.rs	16	0	0	0	0
crates/backend/utils/sort/tuplestore/src/hold.rs	154	0	0	147	147
crates/backend/utils/sort/tuplestore/src/lib.rs	551	0	0	469	469
crates/backend/utils/sort/tuplestore/src/tests.rs	0	0	0	0	0
crates/backend/utils/sort/tuplestore_hold_seams/src/lib.rs	34	0	0	0	0
crates/backend/utils/time/combocid/src/lib.rs	66	0	0	63	63
crates/backend/utils/time/combocid/src/tests.rs	0	0	0	0	0
crates/backend/utils/time/combocid_seams/src/lib.rs	15	0	0	0	0
crates/backend/utils/time/snapmgr/src/lib.rs	771	0	0	476	476
crates/backend/utils/time/snapmgr/src/tests.rs	0	0	0	0	0
crates/backend/utils/time/snapmgr_portal_seams/src/lib.rs	8	0	0	0	0
crates/backend/utils/time/snapmgr_seams/src/lib.rs	36	0	0	0	0
crates/bin/psql/src/auth.rs	151	0	0	0	0
crates/bin/psql/src/commands.rs	244	0	0	0	0
crates/bin/psql/src/describe.rs	503	0	0	0	0
crates/bin/psql/src/errmsg.rs	99	0	0	0	0
crates/bin/psql/src/help.rs	6	0	0	0	0
crates/bin/psql/src/input.rs	179	0	0	0	0
crates/bin/psql/src/lexer.rs	227	0	0	0	0
crates/bin/psql/src/main.rs	349	0	0	0	0
crates/bin/psql/src/print.rs	217	0	0	0	0
crates/bin/psql/src/proto.rs	334	0	0	0	0
crates/bin/waldesc/src/main.rs	154	0	0	0	0
crates/common/archive/src/lib.rs	13	0	0	0	0
crates/common/base64/src/lib.rs	85	0	0	71	71
crates/common/blkreftable/src/lib.rs	382	0	0	0	0
crates/common/blkreftable/src/tests.rs	0	0	0	0	0
crates/common/controldata_utils/src/lib.rs	350	0	0	184	184
crates/common/hashfn/src/lib.rs	164	94	0	154	154
crates/common/hmac/src/lib.rs	48	0	0	34	34
crates/common/ip/src/lib.rs	199	0	0	150	150
crates/common/ip/src/sys.rs	36	0	0	0	0
crates/common/ip/src/tests.rs	0	0	0	0	0
crates/common/keywords/src/lib.rs	48	0	0	30	30
crates/common/keywords/src/tests.rs	0	0	0	0	0
crates/common/md5/src/lib.rs	82	0	0	80	80
crates/common/percentrepl/src/lib.rs	34	0	0	0	0
crates/common/pg_prng/src/lib.rs	75	0	0	63	63
crates/common/pg_prng/src/tests.rs	0	0	0	0	0
crates/common/pglz/src/lib.rs	231	0	0	196	196
crates/common/pglz/src/tests.rs	0	0	0	0	0
crates/common/relpath/src/lib.rs	45	0	0	41	41
crates/common/relpath_seams/src/lib.rs	17	0	0	0	0
crates/common/ryu/src/common.rs	29	0	21	21	21
crates/common/ryu/src/d2s.rs	373	0	345	345	345
crates/common/ryu/src/d2s_table.rs	2	0	0	0	0
crates/common/ryu/src/f2s.rs	284	0	258	260	260
crates/common/ryu/src/lib.rs	0	0	0	0	0
crates/common/saslprep/src/lib.rs	77	0	0	5	5
crates/common/saslprep/src/tables.rs	6	0	0	0	0
crates/common/saslprep/src/tests.rs	0	0	0	0	0
crates/common/scram_common/src/lib.rs	53	0	0	52	52
crates/common/scram_common/src/tests.rs	0	0	0	0	0
crates/common/sha1/src/lib.rs	77	0	0	0	0
crates/common/sha2/src/lib.rs	220	0	0	181	181
crates/common/sha2/src/tests.rs	0	0	0	0	0
crates/common/string/src/lib.rs	89	29	0	9	38
crates/common/string_seams/src/lib.rs	2	0	0	0	0
crates/common/stringhash/src/lib.rs	664	0	0	159	159
crates/common/unicode_case/src/lib.rs	137	0	0	130	130
crates/common/unicode_case/src/tests.rs	0	0	0	0	0
crates/common/unicode_category/src/lib.rs	91	0	0	61	61
crates/common/unicode_norm/src/lib.rs	214	0	0	168	168
crates/common/unicode_norm/src/qc_tables.rs	4	0	0	0	0
crates/common/unicode_norm/src/tables.rs	2	0	0	0	0
crates/common/wait_error/src/lib.rs	70	0	0	0	0
crates/common/wchar/src/lib.rs	908	202	0	679	765
crates/common/wchar/src/tables.rs	3	0	0	0	0
crates/contrib/amcheck/src/common.rs	74	0	0	0	0
crates/contrib/amcheck/src/gin.rs	457	0	0	0	0
crates/contrib/amcheck/src/heapam.rs	883	0	0	0	0
crates/contrib/amcheck/src/lib.rs	52	0	0	5	5
crates/contrib/amcheck/src/nbtree_check.rs	1339	0	0	0	0
crates/contrib/auto_explain/src/hooks.rs	115	0	0	0	0
crates/contrib/auto_explain/src/lib.rs	66	0	0	34	34
crates/contrib/bloom/src/insert.rs	82	0	0	0	0
crates/contrib/bloom/src/lib.rs	14	0	0	5	5
crates/contrib/bloom/src/scan.rs	92	0	0	0	0
crates/contrib/bloom/src/state.rs	125	0	0	0	0
crates/contrib/bloom/src/vacuum.rs	127	0	0	0	0
crates/contrib/bloom/src/validate.rs	98	0	0	0	0
crates/contrib/bloom_build/src/lib.rs	64	0	0	0	0
crates/contrib/btree_gin/src/lib.rs	226	0	0	9	9
crates/contrib/btree_gin/src/tests.rs	0	0	0	0	0
crates/contrib/btree_gist/src/lib.rs	959	0	0	5	5
crates/contrib/btree_gist/src/num.rs	109	0	0	0	0
crates/contrib/btree_gist/src/var.rs	247	0	0	0	0
crates/contrib/citext/src/builtins.rs	79	0	0	5	5
crates/contrib/citext/src/lib.rs	25	0	0	0	0
crates/contrib/cube/src/gist.rs	169	0	0	0	0
crates/contrib/cube/src/lib.rs	398	0	0	5	5
crates/contrib/cube/src/ops.rs	151	0	0	0	0
crates/contrib/cube/src/parse.rs	184	0	0	0	0
crates/contrib/cube/src/repr.rs	56	0	0	0	0
crates/contrib/dblink/src/catalog.rs	367	0	0	0	0
crates/contrib/dblink/src/fdw.rs	55	0	0	0	0
crates/contrib/dblink/src/lib.rs	428	0	0	5	5
crates/contrib/dblink/src/materialize.rs	151	0	0	0	0
crates/contrib/dblink/src/registry.rs	134	0	0	0	0
crates/contrib/earthdistance/src/lib.rs	30	0	0	5	5
crates/contrib/exec_hooks/src/lib.rs	36	0	0	0	0
crates/contrib/file_fdw/src/lib.rs	632	0	0	8	8
crates/contrib/fuzzystrmatch/src/daitch_mokotoff.rs	264	0	0	0	0
crates/contrib/fuzzystrmatch/src/dm_table.rs	80	0	0	0	0
crates/contrib/fuzzystrmatch/src/dmetaphone.rs	382	0	0	0	0
crates/contrib/fuzzystrmatch/src/lib.rs	279	0	0	5	5
crates/contrib/fuzzystrmatch/src/tests.rs	0	0	0	0	0
crates/contrib/hstore/src/gin.rs	59	0	0	0	0
crates/contrib/hstore/src/gist.rs	286	0	0	0	0
crates/contrib/hstore/src/jsonx.rs	87	0	0	0	0
crates/contrib/hstore/src/lib.rs	572	0	0	10	10
crates/contrib/hstore/src/parse.rs	117	0	0	0	0
crates/contrib/hstore/src/records.rs	159	0	0	0	0
crates/contrib/hstore/src/repr.rs	121	0	0	0	0
crates/contrib/hstore/src/srf.rs	43	0	0	0	0
crates/contrib/hstore/src/subs.rs	50	0	0	0	0
crates/contrib/injection_points/src/lib.rs	38	0	0	5	5
crates/contrib/intarray/src/boolquery.rs	263	0	0	0	0
crates/contrib/intarray/src/gist.rs	276	0	0	0	0
crates/contrib/intarray/src/gistbig.rs	242	0	0	0	0
crates/contrib/intarray/src/lib.rs	414	0	0	7	7
crates/contrib/intarray/src/tests.rs	0	0	0	0	0
crates/contrib/intarray/src/tool.rs	219	0	0	0	0
crates/contrib/isn/src/builtins.rs	86	0	0	5	5
crates/contrib/isn/src/lib.rs	438	0	0	0	0
crates/contrib/isn/src/tables.rs	10	0	0	0	0
crates/contrib/isn/src/tests.rs	0	0	0	0	0
crates/contrib/lo/src/lib.rs	60	0	0	5	5
crates/contrib/ltree/src/array.rs	54	0	0	0	0
crates/contrib/ltree/src/crc.rs	12	0	0	0	0
crates/contrib/ltree/src/gist.rs	608	0	0	0	0
crates/contrib/ltree/src/io.rs	632	0	0	0	0
crates/contrib/ltree/src/lib.rs	503	0	0	5	5
crates/contrib/ltree/src/op.rs	336	0	0	0	0
crates/contrib/ltree/src/repr.rs	133	0	0	0	0
crates/contrib/pageinspect/src/brinfuncs.rs	184	0	0	0	0
crates/contrib/pageinspect/src/btreefuncs.rs	365	0	0	0	0
crates/contrib/pageinspect/src/fsmfuncs.rs	19	0	0	0	0
crates/contrib/pageinspect/src/ginfuncs.rs	143	0	0	0	0
crates/contrib/pageinspect/src/gistfuncs.rs	203	0	0	0	0
crates/contrib/pageinspect/src/hashfuncs.rs	277	0	0	0	0
crates/contrib/pageinspect/src/heapfuncs.rs	285	0	0	0	0
crates/contrib/pageinspect/src/lib.rs	295	0	0	5	5
crates/contrib/pageinspect/src/rawpage.rs	162	0	0	0	0
crates/contrib/pg_buffercache/src/lib.rs	201	0	0	5	5
crates/contrib/pg_freespacemap/src/lib.rs	27	0	0	5	5
crates/contrib/pg_logicalinspect/src/lib.rs	108	0	0	5	5
crates/contrib/pg_overexplain/src/lib.rs	334	0	0	3	3
crates/contrib/pg_prewarm/src/lib.rs	143	0	0	5	5
crates/contrib/pg_stat_statements/src/hooks.rs	165	0	0	0	0
crates/contrib/pg_stat_statements/src/lib.rs	91	0	0	17	17
crates/contrib/pg_stat_statements/src/normalize.rs	80	0	0	0	0
crates/contrib/pg_stat_statements/src/srf.rs	184	0	0	0	0
crates/contrib/pg_stat_statements/src/store.rs	388	0	0	0	0
crates/contrib/pg_stat_statements/src/tests.rs	0	0	0	0	0
crates/contrib/pg_surgery/src/lib.rs	208	0	0	5	5
crates/contrib/pg_trgm/src/gist.rs	292	0	0	0	0
crates/contrib/pg_trgm/src/lib.rs	453	0	0	9	9
crates/contrib/pg_trgm/src/regexp.rs	396	0	0	0	0
crates/contrib/pg_trgm/src/trgm.rs	346	0	0	0	0
crates/contrib/pg_visibility/src/lib.rs	430	0	0	5	5
crates/contrib/pg_walinspect/src/lib.rs	426	0	0	5	5
crates/contrib/pgcrypto/src/cipher.rs	193	0	0	0	0
crates/contrib/pgcrypto/src/crypt.rs	111	0	0	0	0
crates/contrib/pgcrypto/src/crypt/bcrypt.rs	93	0	0	0	0
crates/contrib/pgcrypto/src/crypt/cryptdes.rs	347	0	0	0	0
crates/contrib/pgcrypto/src/crypt/desc.rs	12	0	0	0	0
crates/contrib/pgcrypto/src/crypt/shacrypt.rs	26	0	0	0	0
crates/contrib/pgcrypto/src/hashing.rs	38	0	0	0	0
crates/contrib/pgcrypto/src/lib.rs	243	0	0	5	5
crates/contrib/pgcrypto/src/pgp/armor.rs	212	0	0	0	0
crates/contrib/pgcrypto/src/pgp/cfb.rs	111	0	0	0	0
crates/contrib/pgcrypto/src/pgp/compress.rs	52	0	0	0	0
crates/contrib/pgcrypto/src/pgp/consts.rs	71	0	0	0	0
crates/contrib/pgcrypto/src/pgp/context.rs	106	0	0	0	0
crates/contrib/pgcrypto/src/pgp/decrypt.rs	191	0	0	0	0
crates/contrib/pgcrypto/src/pgp/encrypt.rs	121	0	0	0	0
crates/contrib/pgcrypto/src/pgp/keyid.rs	129	0	0	0	0
crates/contrib/pgcrypto/src/pgp/mod.rs	101	0	0	0	0
crates/contrib/pgcrypto/src/pgp/mpi.rs	95	0	0	0	0
crates/contrib/pgcrypto/src/pgp/packet.rs	90	0	0	0	0
crates/contrib/pgcrypto/src/pgp/pubdec.rs	66	0	0	0	0
crates/contrib/pgcrypto/src/pgp/pubenc.rs	57	0	0	0	0
crates/contrib/pgcrypto/src/pgp/pubkey.rs	183	0	0	0	0
crates/contrib/pgcrypto/src/pgp/s2k.rs	99	0	0	0	0
crates/contrib/pgoutput/src/lib.rs	986	0	0	5	5
crates/contrib/pgrowlocks/src/lib.rs	172	0	0	5	5
crates/contrib/pgstattuple/src/lib.rs	186	0	0	5	5
crates/contrib/pgstattuple/src/stat.rs	216	0	0	0	0
crates/contrib/pgstattuple/src/statapprox.rs	120	0	0	0	0
crates/contrib/pgstattuple/src/statindex.rs	313	0	0	0	0
crates/contrib/pgvector/src/funcs.rs	402	0	0	0	0
crates/contrib/pgvector/src/lib.rs	48	0	0	5	5
crates/contrib/pgvector/src/vec.rs	312	0	0	0	0
crates/contrib/pgvector_hnsw/src/insert.rs	598	0	0	0	0
crates/contrib/pgvector_hnsw/src/layout.rs	93	0	0	0	0
crates/contrib/pgvector_hnsw/src/lib.rs	15	0	0	13	13
crates/contrib/pgvector_hnsw/src/scan.rs	340	0	0	0	0
crates/contrib/pgvector_hnsw/src/utils.rs	726	0	0	0	0
crates/contrib/pgvector_hnsw/src/vacuum.rs	511	0	0	0	0
crates/contrib/pgvector_hnsw_build/src/lib.rs	691	0	0	0	0
crates/contrib/postgres_fdw/src/connection.rs	701	0	0	0	0
crates/contrib/postgres_fdw/src/deparse.rs	1216	0	0	0	0
crates/contrib/postgres_fdw/src/exec.rs	306	0	0	0	0
crates/contrib/postgres_fdw/src/lib.rs	5	0	0	2	2
crates/contrib/postgres_fdw/src/option.rs	178	0	0	0	0
crates/contrib/postgres_fdw/src/plan.rs	296	0	0	7	7
crates/contrib/postgres_fdw/src/relinfo.rs	63	0	0	0	0
crates/contrib/postgres_fdw/src/shippable.rs	45	0	0	0	0
crates/contrib/postgres_fdw/src/transmission.rs	19	0	0	0	0
crates/contrib/seg/src/gist.rs	95	0	0	0	0
crates/contrib/seg/src/lib.rs	109	0	0	5	5
crates/contrib/seg/src/ops.rs	106	0	0	0	0
crates/contrib/seg/src/out.rs	129	0	0	0	0
crates/contrib/seg/src/parse.rs	170	0	0	0	0
crates/contrib/seg/src/repr.rs	17	0	0	0	0
crates/contrib/sslinfo/src/lib.rs	146	0	0	5	5
crates/contrib/tablefunc/src/connectby.rs	275	0	0	0	0
crates/contrib/tablefunc/src/crosstab.rs	234	0	0	0	0
crates/contrib/tablefunc/src/lib.rs	13	0	0	5	5
crates/contrib/tablefunc/src/normal_rand.rs	48	0	0	0	0
crates/contrib/tablefunc/src/tupbuild.rs	46	0	0	0	0
crates/contrib/tcn/src/lib.rs	80	0	0	5	5
crates/contrib/test_decoding/src/lib.rs	604	0	0	5	5
crates/contrib/tsm_system_rows/src/lib.rs	99	0	0	5	5
crates/contrib/tsm_system_rows/src/tests.rs	0	0	0	0	0
crates/contrib/tsm_system_time/src/lib.rs	102	0	0	5	5
crates/contrib/tsm_system_time/src/tests.rs	0	0	0	0	0
crates/contrib/unaccent/src/lib.rs	248	0	0	5	5
crates/contrib/unaccent/src/tests.rs	0	0	0	0	0
crates/contrib/uuid_ossp/src/lib.rs	130	0	0	5	5
crates/interfaces/pgclient/src/auth.rs	147	0	0	0	0
crates/interfaces/pgclient/src/conninfo.rs	180	0	0	27	27
crates/interfaces/pgclient/src/lib.rs	843	0	0	18	18
crates/pl/plpgsql/src/ast.rs	218	0	0	59	59
crates/pl/plpgsql/src/comp.rs	353	0	0	283	283
crates/pl/plpgsql/src/errcodes.rs	1	0	0	0	0
crates/pl/plpgsql/src/exec.rs	3000	0	0	2376	2376
crates/pl/plpgsql/src/gram.rs	1990	0	0	1506	1506
crates/pl/plpgsql/src/handler.rs	1132	0	0	972	972
crates/pl/plpgsql/src/lib.rs	2	0	0	2	2
crates/pl/plpgsql/src/scanner.rs	233	0	0	209	209
crates/port/crc32c/src/armv8.rs	30	0	0	30	30
crates/port/crc32c/src/legacy.rs	22	0	0	10	10
crates/port/crc32c/src/lib.rs	22	0	0	4	4
crates/port/crc32c/src/sb8.rs	46	0	0	0	0
crates/port/crc32c/src/sse42.rs	18	0	0	0	0
crates/port/pg_bitutils/src/lib.rs	141	51	0	41	87
crates/port/pg_bitutils/src/tests.rs	0	0	0	0	0
crates/port/pg_clock/src/knob_parse.rs	18	0	0	0	0
crates/port/pg_clock/src/lib.rs	47	0	0	30	30
crates/port/pg_clock/src/posix.rs	10	0	0	8	8
crates/port/pg_clock/src/sim.rs	25	0	0	0	0
crates/port/pg_clock/src/tests.rs	0	0	0	0	0
crates/port/pg_path/src/lib.rs	262	0	0	162	162
crates/port/pg_path/src/tests.rs	0	0	0	0	0
crates/port/pg_prng_seams/src/lib.rs	2	0	0	0	0
crates/port/pg_strong_random/src/lib.rs	8	2	0	2	2
crates/port/pg_strong_random/src/os.rs	23	0	0	5	5
crates/port/pg_strong_random/src/sim.rs	28	0	0	0	0
crates/port/pgstrcasecmp/src/lib.rs	47	0	0	34	34
CRATE:crates/_support/jit_deform	201	0	0	159	159
CRATE:crates/_support/mcx	1895	140	0	1075	1098
CRATE:crates/_support/pgrust/pg_ffi_fgram	135	0	0	0	0
CRATE:crates/_support/pgrust/trace	94	0	0	0	0
CRATE:crates/_support/pgsync	1648	0	0	106	106
CRATE:crates/_support/seam_core	90	11	0	20	20
CRATE:crates/_support/seams_init	388	0	0	363	363
CRATE:crates/_support/test_boot	151	0	0	0	0
CRATE:crates/_support/types/array	0	0	0	0	0
CRATE:crates/_support/types/datum	382	71	0	262	262
CRATE:crates/_support/types/fmgr	637	209	0	453	486
CRATE:crates/_support/types/gist	406	0	0	318	318
CRATE:crates/_support/types/hash	144	0	0	101	101
CRATE:crates/_support/types/locale	0	0	0	0	0
CRATE:crates/_support/types/nodes	2753	0	0	1857	1857
CRATE:crates/_support/types/pathnodes	1728	0	0	888	888
CRATE:crates/_support/types/portal	91	0	0	59	59
CRATE:crates/_support/types/regex	4	0	0	0	0
CRATE:crates/_support/types/rel	232	0	0	145	145
CRATE:crates/_support/types/rel_vocab	0	0	0	0	0
CRATE:crates/_support/types/snapshot	43	0	0	41	41
CRATE:crates/_support/types/stringinfo	122	23	0	103	103
CRATE:crates/_support/types/types_bloom	136	0	0	0	0
CRATE:crates/_support/types/types_brin	143	10	0	115	117
CRATE:crates/_support/types/types_core	250	46	8	191	192
CRATE:crates/_support/types/types_dest	0	0	0	0	0
CRATE:crates/_support/types/types_error	292	27	51	210	210
CRATE:crates/_support/types/types_guc	1	0	0	0	0
CRATE:crates/_support/types/types_hnsw	41	0	0	0	0
CRATE:crates/_support/types/types_nbtree	241	0	0	213	213
CRATE:crates/_support/types/types_resowner	13	0	0	6	6
CRATE:crates/_support/types/types_scan	24	0	0	15	15
CRATE:crates/_support/types/types_slot	86	0	0	46	46
CRATE:crates/_support/types/types_spgist	432	0	0	345	345
CRATE:crates/_support/types/types_startup	57	0	0	50	50
CRATE:crates/_support/types/types_storage	1147	0	0	950	950
CRATE:crates/_support/types/types_trigger	29	0	0	10	10
CRATE:crates/_support/types/types_trigger_call	43	0	0	39	39
CRATE:crates/_support/types/types_tuple	703	34	0	619	624
CRATE:crates/backend/access/brin/brin	501	0	0	365	365
CRATE:crates/backend/access/brin/brin_bloom	231	18	0	159	166
CRATE:crates/backend/access/brin/brin_build	370	0	0	297	297
CRATE:crates/backend/access/brin/brin_funcs	127	0	0	89	89
CRATE:crates/backend/access/brin/brin_inclusion	227	11	0	164	164
CRATE:crates/backend/access/brin/brin_minmax	138	0	0	104	104
CRATE:crates/backend/access/brin/brin_minmax_multi	1187	73	0	919	927
CRATE:crates/backend/access/brin/brin_pageops	658	0	0	475	475
CRATE:crates/backend/access/brin/brin_tuple	248	0	0	233	233
CRATE:crates/backend/access/brin/brin_validate	151	0	0	64	64
CRATE:crates/backend/access/brin/brin_xlog	154	0	0	0	0
CRATE:crates/backend/access/common/bufmask	46	0	0	0	0
CRATE:crates/backend/access/common/detoast	256	0	0	201	201
CRATE:crates/backend/access/common/detoast_seams	15	0	0	0	0
CRATE:crates/backend/access/common/heaptuple	610	0	0	450	450
CRATE:crates/backend/access/common/printtup	312	0	0	164	164
CRATE:crates/backend/access/common/relation	70	0	0	63	63
CRATE:crates/backend/access/common/relation_seams	25	0	0	0	0
CRATE:crates/backend/access/common/reloptions	830	0	0	597	597
CRATE:crates/backend/access/common/syncscan	80	0	0	23	23
CRATE:crates/backend/access/common/syncscan_seams	10	0	0	0	0
CRATE:crates/backend/access/common/tidstore	240	0	0	92	92
CRATE:crates/backend/access/common/toast_internals_seams	9	0	0	0	0
CRATE:crates/backend/access/common/toastdesc	72	0	0	63	63
CRATE:crates/backend/access/common/tupdesc	548	0	0	348	348
CRATE:crates/backend/access/gin/gin	5452	0	0	4409	4409
CRATE:crates/backend/access/gin/gin_btree_seams	23	0	0	0	0
CRATE:crates/backend/access/gin/gin_funcs	49	0	0	23	23
CRATE:crates/backend/access/gin/gin_hstore_seams	6	0	0	0	0
CRATE:crates/backend/access/gin/gin_int4_seams	9	0	0	0	0
CRATE:crates/backend/access/gin/gin_trgm_seams	22	0	0	0	0
CRATE:crates/backend/access/gin/gin_validate	171	0	0	74	74
CRATE:crates/backend/access/gin/gin_vocab	175	0	0	73	73
CRATE:crates/backend/access/gin/gin_xlog	494	0	0	0	0
CRATE:crates/backend/access/gin/ginbuild	113	0	0	89	89
CRATE:crates/backend/access/gist/gist	2972	0	0	1918	1918
CRATE:crates/backend/access/gist/gist_validate	179	0	0	82	82
CRATE:crates/backend/access/gist/gist_xlog	234	0	0	0	0
CRATE:crates/backend/access/gist/gistbuild	945	0	0	877	877
CRATE:crates/backend/access/gist/gistproc	623	0	0	532	532
CRATE:crates/backend/access/hash/hash	2391	0	0	1697	1697
CRATE:crates/backend/access/hash/hash_validate	175	0	0	85	85
CRATE:crates/backend/access/hash/hash_xlog	599	0	0	0	0
CRATE:crates/backend/access/hash/hashsort	94	0	0	76	76
CRATE:crates/backend/access/heap/heapam	4790	0	0	3262	3262
CRATE:crates/backend/access/heap/heapam_handler	342	0	0	244	244
CRATE:crates/backend/access/heap/heapam_visibility	760	0	0	400	400
CRATE:crates/backend/access/heap/heapam_visibility_seams	45	0	0	0	0
CRATE:crates/backend/access/heap/heapam_xlog	716	0	0	0	0
CRATE:crates/backend/access/heap/heaptoast	838	0	0	726	726
CRATE:crates/backend/access/heap/heaptoast_seams	27	0	0	0	0
CRATE:crates/backend/access/heap/pruneheap	749	0	0	688	688
CRATE:crates/backend/access/heap/pruneheap_seams	12	0	0	0	0
CRATE:crates/backend/access/heap/rewriteheap	398	0	0	200	200
CRATE:crates/backend/access/heap/rewriteheap_seams	2	0	0	0	0
CRATE:crates/backend/access/heap/vacuumlazy	2280	0	0	1392	1392
CRATE:crates/backend/access/heap/visibilitymap	304	0	0	276	276
CRATE:crates/backend/access/index/amapi	230	0	0	83	83
CRATE:crates/backend/access/index/genam	404	0	0	309	309
CRATE:crates/backend/access/index/genam_seams	19	0	0	0	0
CRATE:crates/backend/access/index/index_amvalidate	82	0	0	79	79
CRATE:crates/backend/access/index/indexam	727	0	0	594	594
CRATE:crates/backend/access/index/indexam_seams	31	0	0	0	0
CRATE:crates/backend/access/index/relscan	277	0	0	172	172
CRATE:crates/backend/access/nbtree/compare	113	78	0	64	88
CRATE:crates/backend/access/nbtree/nbt_validate	184	0	0	100	100
CRATE:crates/backend/access/nbtree/nbtree	7875	0	0	6693	6693
CRATE:crates/backend/access/nbtree/nbtree_xlog	680	0	0	0	0
CRATE:crates/backend/access/nbtree/nbtsort	949	0	0	386	386
CRATE:crates/backend/access/parquet_read	1481	0	0	0	0
CRATE:crates/backend/access/pgrcolumnar	5410	0	0	0	0
CRATE:crates/backend/access/rmgrdesc	1612	0	0	0	0
CRATE:crates/backend/access/session	175	0	0	30	30
CRATE:crates/backend/access/session_seams	2	0	0	0	0
CRATE:crates/backend/access/spgist/spgist	3054	0	0	2658	2658
CRATE:crates/backend/access/spgist/spgist_box	324	0	0	310	310
CRATE:crates/backend/access/spgist/spgist_build	66	0	0	63	63
CRATE:crates/backend/access/spgist/spgist_kdtree	176	0	0	165	165
CRATE:crates/backend/access/spgist/spgist_proc	32	0	0	31	31
CRATE:crates/backend/access/spgist/spgist_quadtree	243	0	0	233	233
CRATE:crates/backend/access/spgist/spgist_text	331	5	0	308	308
CRATE:crates/backend/access/spgist/spgist_validate	227	0	0	98	98
CRATE:crates/backend/access/spgist/spgist_xlog	491	0	0	0	0
CRATE:crates/backend/access/table/table	52	0	0	50	50
CRATE:crates/backend/access/table/table_seams	12	0	0	0	0
CRATE:crates/backend/access/table/tableam	1759	0	0	1132	1132
CRATE:crates/backend/access/table/tableam_seams	16	0	0	0	0
CRATE:crates/backend/access/table/tableam_vocab	181	0	0	136	136
CRATE:crates/backend/access/tablesample/tablesample	184	0	0	134	134
CRATE:crates/backend/access/transam/clog	441	0	0	267	267
CRATE:crates/backend/access/transam/commit_ts	423	0	0	118	118
CRATE:crates/backend/access/transam/commit_ts_seams	22	0	0	0	0
CRATE:crates/backend/access/transam/generic_xlog	241	0	0	0	0
CRATE:crates/backend/access/transam/multixact	1330	4	0	659	659
CRATE:crates/backend/access/transam/multixact_seams	69	0	0	0	0
CRATE:crates/backend/access/transam/parallel	1890	0	0	1241	1241
CRATE:crates/backend/access/transam/parallel_seams	18	0	0	0	0
CRATE:crates/backend/access/transam/rmgr	61	0	0	5	5
CRATE:crates/backend/access/transam/slru	962	0	0	561	561
CRATE:crates/backend/access/transam/subtrans	176	0	0	140	140
CRATE:crates/backend/access/transam/subtrans_seams	17	0	0	0	0
CRATE:crates/backend/access/transam/timeline	428	0	0	41	41
CRATE:crates/backend/access/transam/timeline_seams	28	0	0	0	0
CRATE:crates/backend/access/transam/transam	78	0	0	51	51
CRATE:crates/backend/access/transam/transam_seams	18	0	0	0	0
CRATE:crates/backend/access/transam/transam_xlog	3345	0	0	1625	1625
CRATE:crates/backend/access/transam/transam_xlog_seams	57	0	0	0	0
CRATE:crates/backend/access/transam/twophase	1447	0	0	183	183
CRATE:crates/backend/access/transam/twophase_config	6	0	0	6	6
CRATE:crates/backend/access/transam/twophase_rmgr	4	0	0	0	0
CRATE:crates/backend/access/transam/twophase_seams	53	0	0	0	0
CRATE:crates/backend/access/transam/varsup	319	0	0	162	162
CRATE:crates/backend/access/transam/varsup_seams	10	0	0	0	0
CRATE:crates/backend/access/transam/xact	2864	0	0	1833	1833
CRATE:crates/backend/access/transam/xact_portal_seams	2	0	0	0	0
CRATE:crates/backend/access/transam/xact_seams	53	0	0	0	0
CRATE:crates/backend/access/transam/xlogarchive	225	0	0	15	15
CRATE:crates/backend/access/transam/xlogarchive_seams	32	0	0	0	0
CRATE:crates/backend/access/transam/xlogbackup	86	0	0	0	0
CRATE:crates/backend/access/transam/xloginsert	508	0	0	404	404
CRATE:crates/backend/access/transam/xloginsert_seams	31	0	0	0	0
CRATE:crates/backend/access/transam/xlogprefetcher	405	0	0	208	208
CRATE:crates/backend/access/transam/xlogprefetcher_seams	4	0	0	0	0
CRATE:crates/backend/access/transam/xlogreader	1464	0	0	475	475
CRATE:crates/backend/access/transam/xlogreader_seams	87	0	0	20	20
CRATE:crates/backend/access/transam/xlogrecovery	1938	0	0	413	413
CRATE:crates/backend/access/transam/xlogrecovery_seams	58	0	0	0	0
CRATE:crates/backend/access/transam/xlogstats	39	0	0	0	0
CRATE:crates/backend/access/transam/xlogutils	497	0	0	18	18
CRATE:crates/backend/access/transam/xlogutils_seams	4	0	0	0	0
CRATE:crates/backend/archive/shell_archive	44	0	0	0	0
CRATE:crates/backend/backup/backup_copy	143	0	0	0	0
CRATE:crates/backend/backup/backup_copy_seams	13	0	0	0	0
CRATE:crates/backend/backup/basebackup	1045	0	0	10	10
CRATE:crates/backend/backup/basebackup_target	282	0	0	0	0
CRATE:crates/backend/backup/manifest	276	0	0	0	0
CRATE:crates/backend/backup/sink	282	0	0	0	0
CRATE:crates/backend/backup/sink_support	102	0	0	0	0
CRATE:crates/backend/backup/throttle	81	0	0	0	0
CRATE:crates/backend/catalog/aclchk	2631	42	0	1783	1786
CRATE:crates/backend/catalog/aclchk_seams	100	0	0	0	0
CRATE:crates/backend/catalog/catalog	151	0	0	94	94
CRATE:crates/backend/catalog/catalog_dependency	1223	0	0	977	977
CRATE:crates/backend/catalog/catalog_heap	1415	0	0	1171	1171
CRATE:crates/backend/catalog/catalog_index	1919	0	0	1719	1719
CRATE:crates/backend/catalog/catalog_index_seams	9	0	0	0	0
CRATE:crates/backend/catalog/catalog_indexing	104	0	0	96	96
CRATE:crates/backend/catalog/catalog_namespace	1676	0	0	1349	1349
CRATE:crates/backend/catalog/catalog_seams	20	0	0	0	0
CRATE:crates/backend/catalog/catalog_storage	283	0	0	210	210
CRATE:crates/backend/catalog/catalog_toasting	187	0	0	171	171
CRATE:crates/backend/catalog/dependency_seams	19	0	0	0	0
CRATE:crates/backend/catalog/namespace_seams	61	0	0	0	0
CRATE:crates/backend/catalog/objectaddress	3110	0	0	2228	2228
CRATE:crates/backend/catalog/objectaddress_seams	25	0	0	0	0
CRATE:crates/backend/catalog/pg_aggregate	517	0	0	358	358
CRATE:crates/backend/catalog/pg_attrdef	197	0	0	185	185
CRATE:crates/backend/catalog/pg_cast	57	0	0	44	44
CRATE:crates/backend/catalog/pg_class	19	0	0	15	15
CRATE:crates/backend/catalog/pg_class_seams	2	0	0	0	0
CRATE:crates/backend/catalog/pg_collation	98	0	0	70	70
CRATE:crates/backend/catalog/pg_constraint	1242	0	0	1102	1102
CRATE:crates/backend/catalog/pg_conversion	88	0	0	78	78
CRATE:crates/backend/catalog/pg_database	141	0	0	134	134
CRATE:crates/backend/catalog/pg_database_seams	15	0	0	0	0
CRATE:crates/backend/catalog/pg_db_role_setting	186	0	0	96	96
CRATE:crates/backend/catalog/pg_db_role_setting_seams	8	0	0	0	0
CRATE:crates/backend/catalog/pg_depend	859	0	0	662	662
CRATE:crates/backend/catalog/pg_enum	333	0	0	301	301
CRATE:crates/backend/catalog/pg_enum_seams	16	0	0	0	0
CRATE:crates/backend/catalog/pg_inherits	301	0	0	260	260
CRATE:crates/backend/catalog/pg_inherits_seams	2	0	0	0	0
CRATE:crates/backend/catalog/pg_largeobject	134	0	0	112	112
CRATE:crates/backend/catalog/pg_namespace	71	0	0	62	62
CRATE:crates/backend/catalog/pg_operator	49	0	0	46	46
CRATE:crates/backend/catalog/pg_parameter_acl	38	0	0	0	0
CRATE:crates/backend/catalog/pg_proc	712	0	0	543	543
CRATE:crates/backend/catalog/pg_publication	734	0	0	624	624
CRATE:crates/backend/catalog/pg_range	64	0	0	59	59
CRATE:crates/backend/catalog/pg_shdepend	845	0	0	547	547
CRATE:crates/backend/catalog/pg_subscription	413	0	0	161	161
CRATE:crates/backend/catalog/pg_type	481	0	0	407	407
CRATE:crates/backend/catalog/storage_seams	29	0	0	0	0
CRATE:crates/backend/catalog/storage_xlog	65	0	0	0	0
CRATE:crates/backend/commands/aggregatecmds	280	0	0	224	224
CRATE:crates/backend/commands/alter	501	0	0	351	351
CRATE:crates/backend/commands/alter_seams	8	0	0	0	0
CRATE:crates/backend/commands/amcmds	103	0	0	82	82
CRATE:crates/backend/commands/analyze	2574	0	0	1804	1804
CRATE:crates/backend/commands/async_seams	16	0	0	0	0
CRATE:crates/backend/commands/cluster	1070	0	0	938	938
CRATE:crates/backend/commands/cluster_seams	7	0	0	0	0
CRATE:crates/backend/commands/collationcmds	383	0	0	275	275
CRATE:crates/backend/commands/commands_analyze_seams	9	0	0	0	0
CRATE:crates/backend/commands/commands_async	831	0	0	524	524
CRATE:crates/backend/commands/commands_define	123	0	0	76	76
CRATE:crates/backend/commands/comment	219	0	0	170	170
CRATE:crates/backend/commands/constraint_cmd	81	0	0	66	66
CRATE:crates/backend/commands/conversioncmds	95	0	0	49	49
CRATE:crates/backend/commands/copy	5072	0	0	2351	2351
CRATE:crates/backend/commands/copy_seams	7	0	0	2	2
CRATE:crates/backend/commands/createas	337	0	0	306	306
CRATE:crates/backend/commands/createas_seams	30	0	0	10	10
CRATE:crates/backend/commands/dbcommands	1682	0	0	832	832
CRATE:crates/backend/commands/dbcommands_seams	10	0	0	0	0
CRATE:crates/backend/commands/define	61	0	0	34	34
CRATE:crates/backend/commands/discard	21	0	0	19	19
CRATE:crates/backend/commands/dropcmds	290	0	0	220	220
CRATE:crates/backend/commands/event_trigger	1238	0	0	930	930
CRATE:crates/backend/commands/event_trigger_seams	17	0	0	0	0
CRATE:crates/backend/commands/explain	3337	0	0	2650	2650
CRATE:crates/backend/commands/explain_dr	112	0	0	102	102
CRATE:crates/backend/commands/extension	1875	0	0	351	351
CRATE:crates/backend/commands/extension_seams	32	0	0	7	7
CRATE:crates/backend/commands/foreigncmds	1251	0	0	963	963
CRATE:crates/backend/commands/foreigncmds_seams	37	0	0	12	12
CRATE:crates/backend/commands/functioncmds	1608	0	0	1175	1175
CRATE:crates/backend/commands/indexcmds	2195	0	0	1748	1748
CRATE:crates/backend/commands/indexcmds_seams	57	0	0	0	0
CRATE:crates/backend/commands/lockcmds	142	0	0	118	118
CRATE:crates/backend/commands/matview	471	0	0	380	380
CRATE:crates/backend/commands/matview_seams	47	0	0	9	9
CRATE:crates/backend/commands/opclasscmds	899	0	0	705	705
CRATE:crates/backend/commands/opclasscmds_seams	14	0	0	0	0
CRATE:crates/backend/commands/operatorcmds	385	0	0	320	320
CRATE:crates/backend/commands/policy	632	0	0	491	491
CRATE:crates/backend/commands/policy_seams	9	0	0	0	0
CRATE:crates/backend/commands/portalcmds	205	0	0	173	173
CRATE:crates/backend/commands/portalcmds_seams	8	0	0	0	0
CRATE:crates/backend/commands/prepare	371	0	0	328	328
CRATE:crates/backend/commands/prepare_seams	13	0	0	0	0
CRATE:crates/backend/commands/proclang	111	0	0	62	62
CRATE:crates/backend/commands/publicationcmds	1188	0	0	980	980
CRATE:crates/backend/commands/publicationcmds_seams	6	0	0	0	0
CRATE:crates/backend/commands/schemacmds	226	0	0	165	165
CRATE:crates/backend/commands/seclabel	332	0	0	61	61
CRATE:crates/backend/commands/sequence	1051	0	0	934	934
CRATE:crates/backend/commands/sequence_seams	47	0	0	16	16
CRATE:crates/backend/commands/sequence_xlog	36	0	0	13	13
CRATE:crates/backend/commands/statscmds	560	0	0	466	466
CRATE:crates/backend/commands/subscriptioncmds	1326	0	0	730	730
CRATE:crates/backend/commands/tablecmds	14364	0	0	12126	12126
CRATE:crates/backend/commands/tablecmds_seams	32	0	0	0	0
CRATE:crates/backend/commands/tablespace	865	0	0	457	457
CRATE:crates/backend/commands/tablespace_seams	17	0	0	0	0
CRATE:crates/backend/commands/trigger	2684	0	0	2297	2297
CRATE:crates/backend/commands/trigger_seams	14	0	0	0	0
CRATE:crates/backend/commands/tsearchcmds	983	0	0	782	782
CRATE:crates/backend/commands/typecmds	2797	0	0	2268	2268
CRATE:crates/backend/commands/typecmds_seams	22	0	0	0	0
CRATE:crates/backend/commands/user	1318	0	0	1096	1096
CRATE:crates/backend/commands/vacuum	1041	0	0	802	802
CRATE:crates/backend/commands/vacuum_morsels	161	0	0	138	138
CRATE:crates/backend/commands/vacuum_seams	14	0	0	0	0
CRATE:crates/backend/commands/vacuumparallel	978	0	0	766	766
CRATE:crates/backend/commands/variable	575	0	0	408	408
CRATE:crates/backend/commands/view	257	0	0	223	223
CRATE:crates/backend/executor/execexpr	9482	0	0	7410	7410
CRATE:crates/backend/executor/execgrouping	631	0	0	486	486
CRATE:crates/backend/executor/execindexing	1136	0	0	999	999
CRATE:crates/backend/executor/execjunk	46	0	0	43	43
CRATE:crates/backend/executor/execmain	34818	0	0	13035	13035
CRATE:crates/backend/executor/execmain_seams	192	0	0	0	0
CRATE:crates/backend/executor/execpartition	964	0	0	905	905
CRATE:crates/backend/executor/execreplication	170	0	0	163	163
CRATE:crates/backend/executor/execreplication_seams	6	0	0	0	0
CRATE:crates/backend/executor/execscan	496	0	0	315	315
CRATE:crates/backend/executor/exectuples	1574	0	0	1019	1019
CRATE:crates/backend/executor/exectuples_output	65	0	0	64	64
CRATE:crates/backend/executor/executils	885	0	0	626	626
CRATE:crates/backend/executor/hstore_subs_seams	9	0	0	0	0
CRATE:crates/backend/executor/instrument	159	0	0	119	119
CRATE:crates/backend/executor/laneexec	1808	0	0	0	0
CRATE:crates/backend/executor/lanefold	1597	0	0	513	513
CRATE:crates/backend/executor/lanereg	171	0	0	16	16
CRATE:crates/backend/executor/lanestitch	2088	0	0	3	3
CRATE:crates/backend/executor/lanetable	1071	0	0	315	315
CRATE:crates/backend/executor/nodeagg	15122	0	0	5906	5906
CRATE:crates/backend/executor/nodeappend	200	0	0	185	185
CRATE:crates/backend/executor/nodebitmapheapscan	313	0	0	245	245
CRATE:crates/backend/executor/nodebitmapindexscan	187	0	0	103	103
CRATE:crates/backend/executor/nodectescan	168	0	0	144	144
CRATE:crates/backend/executor/nodeforeignscan	129	0	0	3	3
CRATE:crates/backend/executor/nodefunctionscan	540	0	0	468	468
CRATE:crates/backend/executor/nodegroup	134	0	0	122	122
CRATE:crates/backend/executor/nodehash	1504	0	0	1389	1389
CRATE:crates/backend/executor/nodehashjoin	2288	0	0	1211	1211
CRATE:crates/backend/executor/nodeincrementalsort	346	0	0	322	322
CRATE:crates/backend/executor/nodeindexonlyscan	493	0	0	405	405
CRATE:crates/backend/executor/nodeindexscan	789	0	0	677	677
CRATE:crates/backend/executor/nodelimit	246	0	0	223	223
CRATE:crates/backend/executor/nodelockrows	235	0	0	176	176
CRATE:crates/backend/executor/nodematerial	103	0	0	92	92
CRATE:crates/backend/executor/nodememoize	626	0	0	546	546
CRATE:crates/backend/executor/nodemergeappend	142	0	0	130	130
CRATE:crates/backend/executor/nodemergejoin	568	0	0	478	478
CRATE:crates/backend/executor/nodemodifytable	5564	0	0	4505	4505
CRATE:crates/backend/executor/nodenamedtuplestorescan	82	0	0	59	59
CRATE:crates/backend/executor/nodenestloop	313	0	0	283	283
CRATE:crates/backend/executor/noderecursiveunion	155	0	0	135	135
CRATE:crates/backend/executor/nodesamplescan	187	0	0	163	163
CRATE:crates/backend/executor/nodeseqscan	2226	0	0	859	859
CRATE:crates/backend/executor/nodesetop	326	0	0	291	291
CRATE:crates/backend/executor/nodesort	823	0	0	320	320
CRATE:crates/backend/executor/nodetablefuncscan	354	0	0	308	308
CRATE:crates/backend/executor/nodetidrangescan	150	0	0	133	133
CRATE:crates/backend/executor/nodetidscan	253	0	0	213	213
CRATE:crates/backend/executor/nodeunique	103	0	0	97	97
CRATE:crates/backend/executor/nodevaluesscan	156	0	0	141	141
CRATE:crates/backend/executor/nodewindowagg	2783	0	0	2313	2313
CRATE:crates/backend/executor/nodeworktablescan	91	0	0	76	76
CRATE:crates/backend/executor/runtime	4089	0	0	1654	1654
CRATE:crates/backend/executor/spi	1236	0	0	954	954
CRATE:crates/backend/executor/spi_seams	10	0	0	0	0
CRATE:crates/backend/executor/spillset	130	0	0	0	0
CRATE:crates/backend/executor/sql_functions	2112	0	0	1829	1829
CRATE:crates/backend/executor/sql_functions_seams	5	0	0	0	0
CRATE:crates/backend/executor/tqueue	217	0	0	147	147
CRATE:crates/backend/executor/tstore_receiver	59	0	0	56	56
CRATE:crates/backend/lib/binaryheap	88	0	0	0	0
CRATE:crates/backend/lib/bloomfilter	64	0	0	0	0
CRATE:crates/backend/lib/dshash	446	0	0	0	0
CRATE:crates/backend/lib/hyperloglog	40	0	0	30	30
CRATE:crates/backend/lib/integerset	284	0	0	0	0
CRATE:crates/backend/lib/pairingheap	123	0	0	85	85
CRATE:crates/backend/lib/radixtree	878	0	0	460	460
CRATE:crates/backend/libpq/auth	570	0	0	44	44
CRATE:crates/backend/libpq/auth_sasl	80	0	0	0	0
CRATE:crates/backend/libpq/auth_scram	586	0	0	98	98
CRATE:crates/backend/libpq/auth_seams	6	0	0	0	0
CRATE:crates/backend/libpq/be_fsstubs	474	0	0	362	362
CRATE:crates/backend/libpq/be_fsstubs_seams	8	0	0	0	0
CRATE:crates/backend/libpq/be_secure	150	0	0	52	52
CRATE:crates/backend/libpq/be_secure_common	169	0	0	0	0
CRATE:crates/backend/libpq/be_secure_openssl	936	0	0	0	0
CRATE:crates/backend/libpq/be_secure_seams	10	0	0	0	0
CRATE:crates/backend/libpq/crypt	111	0	0	75	75
CRATE:crates/backend/libpq/fdnb	124	0	0	0	0
CRATE:crates/backend/libpq/hba	1218	0	0	340	340
CRATE:crates/backend/libpq/hba_seams	6	0	0	0	0
CRATE:crates/backend/libpq/ifaddr	109	0	0	35	35
CRATE:crates/backend/libpq/libpq_pqsignal	80	0	0	39	39
CRATE:crates/backend/libpq/pqcomm	1057	0	0	470	470
CRATE:crates/backend/libpq/pqcomm_seams	24	0	0	0	0
CRATE:crates/backend/libpq/pqcomm_simnet	431	0	0	0	0
CRATE:crates/backend/libpq/pqcomm_stdio	66	0	0	0	0
CRATE:crates/backend/libpq/pqformat	180	6	0	126	126
CRATE:crates/backend/main/main_main	307	0	0	68	68
CRATE:crates/backend/nodes/copyfuncs	3036	0	0	1466	1466
CRATE:crates/backend/nodes/nodes_core	2364	0	0	1513	1513
CRATE:crates/backend/nodes/outfuncs	1317	0	0	1144	1144
CRATE:crates/backend/nodes/params	69	0	0	12	12
CRATE:crates/backend/nodes/queryjumble	1726	0	0	274	274
CRATE:crates/backend/nodes/readfuncs	1504	0	0	1387	1387
CRATE:crates/backend/nodes/tidbitmap	490	0	0	370	370
CRATE:crates/backend/optimizer/path/allpaths	59	0	0	43	43
CRATE:crates/backend/optimizer/path/costsize	3358	0	0	2781	2781
CRATE:crates/backend/optimizer/path/equivclass	1558	0	0	1403	1403
CRATE:crates/backend/optimizer/path/indxpath	2012	0	0	1848	1848
CRATE:crates/backend/optimizer/plan/planner	43908	0	0	36292	36292
CRATE:crates/backend/optimizer/plan/planner_seams	267	0	0	0	0
CRATE:crates/backend/optimizer/util/clauses	2482	0	0	1934	1934
CRATE:crates/backend/optimizer/util/clauses_seams	48	0	0	0	0
CRATE:crates/backend/optimizer/util/pathnode	2687	0	0	2463	2463
CRATE:crates/backend/optimizer/util/var_seams	2	0	0	0	0
CRATE:crates/backend/optimizer/util/vars	876	0	0	515	515
CRATE:crates/backend/parser/analyze_seams	55	0	0	0	0
CRATE:crates/backend/parser/coerce	1651	0	0	1292	1292
CRATE:crates/backend/parser/gram_core	8376	0	0	7058	7058
CRATE:crates/backend/parser/parse_agg	1308	0	0	964	964
CRATE:crates/backend/parser/parse_clause	3023	0	0	2321	2321
CRATE:crates/backend/parser/parse_clause_seams	15	0	0	0	0
CRATE:crates/backend/parser/parse_collate	687	0	0	542	542
CRATE:crates/backend/parser/parse_collate_seams	6	0	0	0	0
CRATE:crates/backend/parser/parse_expr	4123	0	0	3248	3248
CRATE:crates/backend/parser/parse_func	1664	0	0	1236	1236
CRATE:crates/backend/parser/parse_func_seams	28	0	0	0	0
CRATE:crates/backend/parser/parse_oper	522	0	0	410	410
CRATE:crates/backend/parser/parse_relation	2212	0	0	1958	1958
CRATE:crates/backend/parser/parse_relation_seams	8	0	0	0	0
CRATE:crates/backend/parser/parse_target	1342	0	0	977	977
CRATE:crates/backend/parser/parse_utilcmd	2991	0	0	2427	2427
CRATE:crates/backend/parser/parse_utilcmd_seams	22	0	0	0	0
CRATE:crates/backend/parser/parser_analyze	3638	0	0	3031	3031
CRATE:crates/backend/parser/parser_driver	18	0	0	14	14
CRATE:crates/backend/parser/parser_seams	6	0	0	0	0
CRATE:crates/backend/parser/parser_small1	660	0	0	532	532
CRATE:crates/backend/parser/scan_fgram	598	0	0	452	452
CRATE:crates/backend/partitioning/partbounds	2634	0	0	2076	2076
CRATE:crates/backend/partitioning/partdesc	186	0	0	165	165
CRATE:crates/backend/partitioning/partprune	369	0	0	353	353
CRATE:crates/backend/port/pg_sema	49	0	0	41	41
CRATE:crates/backend/port/pg_sema_seams	8	0	0	0	0
CRATE:crates/backend/port/sysv_shmem	58	0	0	2	2
CRATE:crates/backend/postmaster/autovacuum	1171	0	0	268	268
CRATE:crates/backend/postmaster/autovacuum_seams	12	0	0	0	0
CRATE:crates/backend/postmaster/auxjob	212	0	0	0	0
CRATE:crates/backend/postmaster/auxprocess	20	0	0	7	7
CRATE:crates/backend/postmaster/bgjobs	208	0	0	6	6
CRATE:crates/backend/postmaster/bgworker	575	0	0	402	402
CRATE:crates/backend/postmaster/bgworker_seams	4	0	0	0	0
CRATE:crates/backend/postmaster/bgwriter	189	0	0	53	53
CRATE:crates/backend/postmaster/checkpointer	510	0	0	290	290
CRATE:crates/backend/postmaster/checkpointer_seams	6	0	0	0	0
CRATE:crates/backend/postmaster/interrupt	29	0	0	19	19
CRATE:crates/backend/postmaster/io_worker	27	0	0	0	0
CRATE:crates/backend/postmaster/launch_backend	1023	0	0	504	504
CRATE:crates/backend/postmaster/memwatchdog	164	0	0	58	58
CRATE:crates/backend/postmaster/pgarch	342	0	0	12	12
CRATE:crates/backend/postmaster/pmchild	176	0	0	147	147
CRATE:crates/backend/postmaster/pmchild_seams	18	0	0	0	0
CRATE:crates/backend/postmaster/postmaster	1648	0	0	766	766
CRATE:crates/backend/postmaster/postmaster_seams	40	0	0	0	0
CRATE:crates/backend/postmaster/startup	110	0	0	36	36
CRATE:crates/backend/postmaster/startup_seams	16	0	0	0	0
CRATE:crates/backend/postmaster/syslogger	550	0	0	38	38
CRATE:crates/backend/postmaster/syslogger_seams	8	0	0	0	0
CRATE:crates/backend/postmaster/walsummarizer	743	0	0	37	37
CRATE:crates/backend/postmaster/walsummarizer_seams	8	0	0	0	0
CRATE:crates/backend/postmaster/walwriter	179	0	0	51	51
CRATE:crates/backend/regex/regex_core	6626	0	0	5123	5123
CRATE:crates/backend/regex/regex_core_seams	20	0	0	0	0
CRATE:crates/backend/replication/launcher	500	0	0	351	351
CRATE:crates/backend/replication/launcher_seams	8	0	0	0	0
CRATE:crates/backend/replication/logical/logical	832	0	0	10	10
CRATE:crates/backend/replication/logical/logical_decode	645	0	0	0	0
CRATE:crates/backend/replication/logical/logical_message	34	0	0	0	0
CRATE:crates/backend/replication/logical/logicalfuncs	250	0	0	0	0
CRATE:crates/backend/replication/logical/proto	723	0	0	0	0
CRATE:crates/backend/replication/logical/relation	184	0	0	0	0
CRATE:crates/backend/replication/logical/reorderbuffer	2404	0	0	18	18
CRATE:crates/backend/replication/logical/reorderbuffer_seams	2	0	0	0	0
CRATE:crates/backend/replication/logical/snapbuild	932	0	0	14	14
CRATE:crates/backend/replication/logical/worker	1779	0	0	33	33
CRATE:crates/backend/replication/logical_seams	2	0	0	0	0
CRATE:crates/backend/replication/logical_worker_seams	4	0	0	0	0
CRATE:crates/backend/replication/origin	805	0	0	194	194
CRATE:crates/backend/replication/origin_seams	24	0	0	0	0
CRATE:crates/backend/replication/repl_gram	304	0	0	0	0
CRATE:crates/backend/replication/repl_scanner	185	0	0	0	0
CRATE:crates/backend/replication/slot	1469	0	0	197	197
CRATE:crates/backend/replication/slot_seams	25	0	0	0	0
CRATE:crates/backend/replication/slotfuncs	674	0	0	2	2
CRATE:crates/backend/replication/slotsync	724	0	0	15	15
CRATE:crates/backend/replication/snapbuild_seams	4	0	0	0	0
CRATE:crates/backend/replication/syncrep	527	0	0	68	68
CRATE:crates/backend/replication/syncrep_seams	14	0	0	0	0
CRATE:crates/backend/replication/walreceiver	811	0	0	34	34
CRATE:crates/backend/replication/walreceiverfuncs	203	0	0	67	67
CRATE:crates/backend/replication/walreceiverfuncs_seams	20	0	0	0	0
CRATE:crates/backend/replication/walsender	1516	0	0	63	63
CRATE:crates/backend/replication/walsender_config	11	0	0	11	11
CRATE:crates/backend/replication/walsender_seams	29	0	0	4	4
CRATE:crates/backend/rewrite/rewrite_define	632	0	0	474	474
CRATE:crates/backend/rewrite/rewrite_define_seams	9	0	0	0	0
CRATE:crates/backend/rewrite/rewrite_handler	2414	0	0	2108	2108
CRATE:crates/backend/rewrite/rewrite_handler_seams	12	0	0	0	0
CRATE:crates/backend/rewrite/rewrite_manip	1058	0	0	909	909
CRATE:crates/backend/rewrite/rewrite_search_cycle	550	0	0	438	438
CRATE:crates/backend/rewrite/rowsecurity	392	0	0	350	350
CRATE:crates/backend/snowball/dict_snowball	5015	0	0	942	942
CRATE:crates/backend/statistics/statistics	1525	0	0	1287	1287
CRATE:crates/backend/statistics/stats_import	988	0	0	804	804
CRATE:crates/backend/storage/aio/aio_core	1032	0	0	526	526
CRATE:crates/backend/storage/aio/aio_funcs	10	0	0	9	9
CRATE:crates/backend/storage/aio/aio_seams	34	0	0	0	0
CRATE:crates/backend/storage/aio/aio_uring	855	0	0	15	15
CRATE:crates/backend/storage/buffer/bufmgr	3959	0	0	2630	2630
CRATE:crates/backend/storage/buffer/bufmgr_seams	223	0	0	43	43
CRATE:crates/backend/storage/file/fd	2693	0	0	1271	1271
CRATE:crates/backend/storage/file/file_seams	17	0	0	0	0
CRATE:crates/backend/storage/file/vfs	1750	0	0	151	151
CRATE:crates/backend/storage/freespace/freespace	456	0	0	376	376
CRATE:crates/backend/storage/freespace/freespace_seams	24	0	0	0	0
CRATE:crates/backend/storage/ipc/dsm_core	642	0	0	148	148
CRATE:crates/backend/storage/ipc/dsm_registry	73	0	0	6	6
CRATE:crates/backend/storage/ipc/ipc	208	0	0	104	104
CRATE:crates/backend/storage/ipc/ipc_portal_seams	2	0	0	0	0
CRATE:crates/backend/storage/ipc/ipc_seams	13	0	0	0	0
CRATE:crates/backend/storage/ipc/ipci	159	0	0	109	109
CRATE:crates/backend/storage/ipc/ipci_seams	6	0	0	0	0
CRATE:crates/backend/storage/ipc/latch	215	0	0	130	130
CRATE:crates/backend/storage/ipc/latch_seams	12	0	0	0	0
CRATE:crates/backend/storage/ipc/pg_barrier	167	0	0	91	91
CRATE:crates/backend/storage/ipc/pmsignal	105	0	0	60	60
CRATE:crates/backend/storage/ipc/pmsignal_seams	2	0	0	0	0
CRATE:crates/backend/storage/ipc/procarray	1754	0	0	884	884
CRATE:crates/backend/storage/ipc/procarray_seams	73	0	0	0	0
CRATE:crates/backend/storage/ipc/procsignal	566	0	0	343	343
CRATE:crates/backend/storage/ipc/procsignal_seams	16	0	0	0	0
CRATE:crates/backend/storage/ipc/shm_mq	563	0	0	365	365
CRATE:crates/backend/storage/ipc/shmem	149	0	0	93	93
CRATE:crates/backend/storage/ipc/shmem_seams	14	0	0	0	0
CRATE:crates/backend/storage/ipc/signalfuncs	110	0	0	40	40
CRATE:crates/backend/storage/ipc/sinval	381	0	0	330	330
CRATE:crates/backend/storage/ipc/sinval_seams	9	0	0	0	0
CRATE:crates/backend/storage/ipc/standby	556	0	0	101	101
CRATE:crates/backend/storage/ipc/standby_seams	55	0	0	0	0
CRATE:crates/backend/storage/ipc/waiter	491	0	0	219	219
CRATE:crates/backend/storage/ipc/waiteventset	504	0	0	329	329
CRATE:crates/backend/storage/ipc/waiteventset_seams	31	0	0	0	0
CRATE:crates/backend/storage/large_object	437	0	0	373	373
CRATE:crates/backend/storage/lmgr/condition_variable	215	0	0	157	157
CRATE:crates/backend/storage/lmgr/condition_variable_seams	20	0	0	0	0
CRATE:crates/backend/storage/lmgr/deadlock	418	0	0	169	169
CRATE:crates/backend/storage/lmgr/deadlock_seams	14	0	0	0	0
CRATE:crates/backend/storage/lmgr/lmgr	344	0	0	197	197
CRATE:crates/backend/storage/lmgr/lmgr_proc	806	0	0	545	545
CRATE:crates/backend/storage/lmgr/lmgr_proc_seams	18	0	0	0	0
CRATE:crates/backend/storage/lmgr/lmgr_seams	24	0	0	0	0
CRATE:crates/backend/storage/lmgr/lock	2333	0	0	1415	1415
CRATE:crates/backend/storage/lmgr/lock_seams	39	0	0	0	0
CRATE:crates/backend/storage/lmgr/lwlock	615	0	0	457	457
CRATE:crates/backend/storage/lmgr/predicate	2375	0	0	1340	1340
CRATE:crates/backend/storage/lmgr/predicate_seams	78	0	0	0	0
CRATE:crates/backend/storage/lmgr/s_lock	35	0	0	31	31
CRATE:crates/backend/storage/lmgr/s_lock_seams	16	0	0	8	8
CRATE:crates/backend/storage/smgr/bulkwrite	81	0	0	75	75
CRATE:crates/backend/storage/smgr/md	1167	0	0	642	642
CRATE:crates/backend/storage/smgr/smgr	568	0	0	409	409
CRATE:crates/backend/storage/smgr/smgr_seams	116	0	0	0	0
CRATE:crates/backend/storage/sync/sync	239	0	0	174	174
CRATE:crates/backend/storage/sync/sync_seams	16	0	0	0	0
CRATE:crates/backend/tcop/backend_startup	550	0	0	226	226
CRATE:crates/backend/tcop/cmdtag	60	0	0	50	50
CRATE:crates/backend/tcop/dest	175	0	0	106	106
CRATE:crates/backend/tcop/fastpath	237	0	0	113	113
CRATE:crates/backend/tcop/postgres	4328	0	0	1211	1211
CRATE:crates/backend/tcop/postgres_seams	60	0	0	13	13
CRATE:crates/backend/tcop/pquery	967	0	0	783	783
CRATE:crates/backend/tcop/pquery_seams	14	0	0	0	0
CRATE:crates/backend/tcop/utility	2258	0	0	1690	1690
CRATE:crates/backend/tcop/utility_seams	24	0	0	0	0
CRATE:crates/backend/test_regress	724	0	0	580	580
CRATE:crates/backend/timezone/localtime	796	0	0	667	667
CRATE:crates/backend/timezone/pgtz	226	4	0	169	169
CRATE:crates/backend/timezone/pgtz_seams	6	0	0	0	0
CRATE:crates/backend/timezone/strftime	221	0	0	0	0
CRATE:crates/backend/tsearch/dict	682	0	0	571	571
CRATE:crates/backend/tsearch/spell	1709	0	0	1510	1510
CRATE:crates/backend/tsearch/to_tsany	594	0	0	525	525
CRATE:crates/backend/tsearch/ts_locale	141	0	0	105	105
CRATE:crates/backend/tsearch/ts_parse	299	0	0	250	250
CRATE:crates/backend/tsearch/wparser_def	1115	0	0	912	912
CRATE:crates/backend/utils/activity/backend_progress	48	0	0	42	42
CRATE:crates/backend/utils/activity/backend_progress_seams	2	0	0	0	0
CRATE:crates/backend/utils/activity/backend_status	479	0	0	367	367
CRATE:crates/backend/utils/activity/backend_status_seams	24	0	0	0	0
CRATE:crates/backend/utils/activity/pgstat	2171	0	0	1573	1573
CRATE:crates/backend/utils/activity/pgstat_seams	70	0	0	0	0
CRATE:crates/backend/utils/activity/waitevent	245	0	0	100	100
CRATE:crates/backend/utils/activity/waitevent_seams	8	0	0	0	0
CRATE:crates/backend/utils/adt/acl	1660	166	0	1099	1117
CRATE:crates/backend/utils/adt/acl_seams	10	0	0	0	0
CRATE:crates/backend/utils/adt/adt_amutils	380	0	0	175	175
CRATE:crates/backend/utils/adt/adt_ascii	77	17	0	0	17
CRATE:crates/backend/utils/adt/adt_date	1490	346	0	1069	1161
CRATE:crates/backend/utils/adt/adt_datetime	2569	33	0	2220	2220
CRATE:crates/backend/utils/adt/adt_enum	250	56	0	187	196
CRATE:crates/backend/utils/adt/adt_misc	1090	27	0	552	552
CRATE:crates/backend/utils/adt/adt_timestamp	3138	819	0	2241	2388
CRATE:crates/backend/utils/adt/array_userfuncs	966	0	0	777	777
CRATE:crates/backend/utils/adt/arrayfuncs	3747	14	0	2784	2784
CRATE:crates/backend/utils/adt/arrayutils	102	0	0	77	77
CRATE:crates/backend/utils/adt/bool	204	80	0	145	158
CRATE:crates/backend/utils/adt/cash	535	53	0	390	404
CRATE:crates/backend/utils/adt/char	107	53	0	61	77
CRATE:crates/backend/utils/adt/cryptohashfuncs	35	0	0	32	32
CRATE:crates/backend/utils/adt/dbsize	432	0	0	189	189
CRATE:crates/backend/utils/adt/domains	91	0	0	47	47
CRATE:crates/backend/utils/adt/encode	315	10	0	235	236
CRATE:crates/backend/utils/adt/expandedrecord	672	0	0	0	0
CRATE:crates/backend/utils/adt/float	1801	337	366	1217	1458
CRATE:crates/backend/utils/adt/format_type	171	0	0	141	141
CRATE:crates/backend/utils/adt/formatting	3427	0	0	2776	2776
CRATE:crates/backend/utils/adt/formatting_seams	6	0	0	0	0
CRATE:crates/backend/utils/adt/genfile	404	0	0	272	272
CRATE:crates/backend/utils/adt/geo	2379	202	133	1967	1986
CRATE:crates/backend/utils/adt/hbafuncs	219	0	0	136	136
CRATE:crates/backend/utils/adt/int	740	194	0	548	605
CRATE:crates/backend/utils/adt/int8	534	175	0	400	444
CRATE:crates/backend/utils/adt/json	2193	0	0	1978	1978
CRATE:crates/backend/utils/adt/jsonb	5021	108	0	4422	4433
CRATE:crates/backend/utils/adt/jsonpath	2272	0	0	1788	1788
CRATE:crates/backend/utils/adt/jsonpath_exec	2245	0	0	1967	1967
CRATE:crates/backend/utils/adt/like	368	0	0	274	274
CRATE:crates/backend/utils/adt/lockfuncs	239	0	0	112	112
CRATE:crates/backend/utils/adt/mac	270	112	0	201	203
CRATE:crates/backend/utils/adt/mac8	262	135	0	177	193
CRATE:crates/backend/utils/adt/mcxtfuncs	101	0	0	80	80
CRATE:crates/backend/utils/adt/multirangetypes	1890	0	0	1262	1262
CRATE:crates/backend/utils/adt/name	276	41	0	177	178
CRATE:crates/backend/utils/adt/network	1329	219	0	1037	1042
CRATE:crates/backend/utils/adt/network_gist	295	109	0	122	187
CRATE:crates/backend/utils/adt/network_spgist	286	0	0	104	104
CRATE:crates/backend/utils/adt/numeric	4943	305	0	4115	4127
CRATE:crates/backend/utils/adt/numutils	406	38	0	337	338
CRATE:crates/backend/utils/adt/oracle_compat	539	0	0	431	431
CRATE:crates/backend/utils/adt/orderedsetaggs	732	0	0	621	621
CRATE:crates/backend/utils/adt/partitionfuncs	101	0	0	99	99
CRATE:crates/backend/utils/adt/pg_locale	1860	0	0	939	939
CRATE:crates/backend/utils/adt/pg_locale_seams	28	0	0	0	0
CRATE:crates/backend/utils/adt/pg_lsn	158	48	0	134	135
CRATE:crates/backend/utils/adt/pg_upgrade_support	218	0	0	0	0
CRATE:crates/backend/utils/adt/pgstatfuncs	1216	0	0	595	595
CRATE:crates/backend/utils/adt/pseudorandomfuncs	95	0	0	65	65
CRATE:crates/backend/utils/adt/pseudotypes	196	129	0	21	133
CRATE:crates/backend/utils/adt/quote	71	0	0	61	61
CRATE:crates/backend/utils/adt/rangetypes	1559	185	0	1256	1261
CRATE:crates/backend/utils/adt/rangetypes_gist	838	0	0	742	742
CRATE:crates/backend/utils/adt/rangetypes_spgist	365	0	0	309	309
CRATE:crates/backend/utils/adt/regexp	1189	0	0	1088	1088
CRATE:crates/backend/utils/adt/regexp_alt	806	0	0	563	563
CRATE:crates/backend/utils/adt/regexp_seams	23	0	0	0	0
CRATE:crates/backend/utils/adt/regproc	672	0	0	495	495
CRATE:crates/backend/utils/adt/regproc_seams	6	0	0	0	0
CRATE:crates/backend/utils/adt/ri_triggers	1343	0	0	1139	1139
CRATE:crates/backend/utils/adt/ri_triggers_seams	36	0	0	0	0
CRATE:crates/backend/utils/adt/rowtypes	1148	0	0	718	718
CRATE:crates/backend/utils/adt/ruleutils	6120	0	0	5333	5333
CRATE:crates/backend/utils/adt/ruleutils_seams	16	0	0	0	0
CRATE:crates/backend/utils/adt/scalar	746	185	0	459	527
CRATE:crates/backend/utils/adt/scalar_seams	2	0	0	0	0
CRATE:crates/backend/utils/adt/skipsupport	55	0	0	32	32
CRATE:crates/backend/utils/adt/timestamp_seams	8	0	0	0	0
CRATE:crates/backend/utils/adt/trigfuncs	38	0	0	25	25
CRATE:crates/backend/utils/adt/tsginidx	120	0	0	97	97
CRATE:crates/backend/utils/adt/tsgistidx	522	0	0	346	346
CRATE:crates/backend/utils/adt/tsquery_core	1103	0	0	865	865
CRATE:crates/backend/utils/adt/tsquery_rewrite	205	0	0	183	183
CRATE:crates/backend/utils/adt/tsrank	445	0	0	331	331
CRATE:crates/backend/utils/adt/tsvector_core	1396	0	0	1144	1144
CRATE:crates/backend/utils/adt/tsvector_stat	277	0	0	196	196
CRATE:crates/backend/utils/adt/uuid	266	91	0	230	230
CRATE:crates/backend/utils/adt/varbit	756	181	0	633	655
CRATE:crates/backend/utils/adt/varchar	493	77	0	316	333
CRATE:crates/backend/utils/adt/varlena	2545	186	0	2179	2198
CRATE:crates/backend/utils/adt/waitfuncs	38	0	0	0	0
CRATE:crates/backend/utils/adt/windowfuncs	78	0	0	65	65
CRATE:crates/backend/utils/adt/xid8funcs	342	83	0	264	274
CRATE:crates/backend/utils/adt/xml	1739	0	0	1278	1278
CRATE:crates/backend/utils/adt/xmlmap	842	0	0	652	652
CRATE:crates/backend/utils/cache/attoptcache	12	0	0	11	11
CRATE:crates/backend/utils/cache/cache_evtcache	100	0	0	95	95
CRATE:crates/backend/utils/cache/cache_syscache	2247	19	0	1938	1941
CRATE:crates/backend/utils/cache/catcache	1303	0	0	1147	1147
CRATE:crates/backend/utils/cache/catcache_seams	11	0	0	0	0
CRATE:crates/backend/utils/cache/inval	840	0	0	682	682
CRATE:crates/backend/utils/cache/inval_seams	2	0	0	0	0
CRATE:crates/backend/utils/cache/lsyscache	1143	0	0	842	842
CRATE:crates/backend/utils/cache/lsyscache_seams	6	0	0	0	0
CRATE:crates/backend/utils/cache/partcache	233	0	0	179	179
CRATE:crates/backend/utils/cache/plancache	1054	0	0	976	976
CRATE:crates/backend/utils/cache/plancache_portal_seams	10	0	0	0	0
CRATE:crates/backend/utils/cache/relcache	2021	0	0	1530	1530
CRATE:crates/backend/utils/cache/relcache_build	1043	0	0	939	939
CRATE:crates/backend/utils/cache/relcache_build_seams	55	0	0	0	0
CRATE:crates/backend/utils/cache/relcache_seams	57	0	0	0	0
CRATE:crates/backend/utils/cache/relfilenumbermap	94	0	0	81	81
CRATE:crates/backend/utils/cache/relfilenumbermap_seams	5	0	0	0	0
CRATE:crates/backend/utils/cache/relmapper	512	0	0	314	314
CRATE:crates/backend/utils/cache/relmapper_seams	22	0	0	0	0
CRATE:crates/backend/utils/cache/syscache_seams	476	0	0	55	55
CRATE:crates/backend/utils/cache/ts_cache	486	0	0	366	366
CRATE:crates/backend/utils/cache/typcache	957	0	0	791	791
CRATE:crates/backend/utils/cache/typcache_seams	36	0	0	0	0
CRATE:crates/backend/utils/error/elog	1612	16	0	746	746
CRATE:crates/backend/utils/error/elog_seams	6	0	0	0	0
CRATE:crates/backend/utils/error/error_small_seams	4	0	0	0	0
CRATE:crates/backend/utils/fmgr/dfmgr	55	0	0	44	44
CRATE:crates/backend/utils/fmgr/fmgr_core	397	0	0	243	243
CRATE:crates/backend/utils/fmgr/fmgr_seams	10	0	0	0	0
CRATE:crates/backend/utils/fmgr/funcapi	762	3	0	579	580
CRATE:crates/backend/utils/fmgr/funcapi_srf	59	0	0	40	40
CRATE:crates/backend/utils/hash/dynahash	789	0	0	449	449
CRATE:crates/backend/utils/init/init_small	289	0	0	128	128
CRATE:crates/backend/utils/init/init_small_seams	2	0	0	0	0
CRATE:crates/backend/utils/init/miscinit	867	0	0	492	492
CRATE:crates/backend/utils/init/miscinit_seams	48	0	0	0	0
CRATE:crates/backend/utils/init/postinit	687	0	0	381	381
CRATE:crates/backend/utils/mb/conv	2533	0	0	1052	1052
CRATE:crates/backend/utils/mb/mbutils	761	71	0	496	516
CRATE:crates/backend/utils/mb/mbutils_seams	35	0	0	0	0
CRATE:crates/backend/utils/misc/conffiles	107	0	0	20	20
CRATE:crates/backend/utils/misc/conffiles_seams	11	0	0	0	0
CRATE:crates/backend/utils/misc/guc	2895	0	0	2006	2006
CRATE:crates/backend/utils/misc/guc_file	376	0	0	173	173
CRATE:crates/backend/utils/misc/guc_file_seams	2	0	0	0	0
CRATE:crates/backend/utils/misc/guc_funcs	662	0	0	318	318
CRATE:crates/backend/utils/misc/guc_seams	31	0	0	0	0
CRATE:crates/backend/utils/misc/guc_tables	1204	0	0	647	647
CRATE:crates/backend/utils/misc/injection_point	76	0	0	6	6
CRATE:crates/backend/utils/misc/pg_config	43	0	0	41	41
CRATE:crates/backend/utils/misc/pg_controldata	107	0	0	103	103
CRATE:crates/backend/utils/misc/pg_rusage	44	0	0	37	37
CRATE:crates/backend/utils/misc/ps_status	107	0	0	85	85
CRATE:crates/backend/utils/misc/ps_status_seams	8	0	0	0	0
CRATE:crates/backend/utils/misc/queryenvironment	96	0	0	85	85
CRATE:crates/backend/utils/misc/rls	47	0	0	41	41
CRATE:crates/backend/utils/misc/rls_seams	2	0	0	0	0
CRATE:crates/backend/utils/misc/stack_depth	84	0	0	69	69
CRATE:crates/backend/utils/misc/superuser	26	4	0	25	25
CRATE:crates/backend/utils/misc/superuser_seams	4	0	0	0	0
CRATE:crates/backend/utils/misc/timeout	361	0	0	258	258
CRATE:crates/backend/utils/misc/timeout_seams	26	0	0	0	0
CRATE:crates/backend/utils/misc/tzparser	211	0	0	137	137
CRATE:crates/backend/utils/mmgr/mcxt_seams	6	0	0	0	0
CRATE:crates/backend/utils/mmgr/mcxt_stats	136	0	0	77	77
CRATE:crates/backend/utils/mmgr/portalmem	800	0	0	637	637
CRATE:crates/backend/utils/resowner/resowner	646	0	0	493	493
CRATE:crates/backend/utils/resowner/resowner_portal_seams	12	0	0	0	0
CRATE:crates/backend/utils/resowner/resowner_seams	28	0	0	0	0
CRATE:crates/backend/utils/sort/sharedtuplestore	235	0	0	202	202
CRATE:crates/backend/utils/sort/sort_storage	313	0	0	266	266
CRATE:crates/backend/utils/sort/tuplesort	2934	0	0	2379	2379
CRATE:crates/backend/utils/sort/tuplesort_seams	16	0	0	0	0
CRATE:crates/backend/utils/sort/tuplestore	705	0	0	616	616
CRATE:crates/backend/utils/sort/tuplestore_hold_seams	34	0	0	0	0
CRATE:crates/backend/utils/time/combocid	66	0	0	63	63
CRATE:crates/backend/utils/time/combocid_seams	15	0	0	0	0
CRATE:crates/backend/utils/time/snapmgr	771	0	0	476	476
CRATE:crates/backend/utils/time/snapmgr_portal_seams	8	0	0	0	0
CRATE:crates/backend/utils/time/snapmgr_seams	36	0	0	0	0
CRATE:crates/bin/psql	2309	0	0	0	0
CRATE:crates/bin/waldesc	154	0	0	0	0
CRATE:crates/common/archive	13	0	0	0	0
CRATE:crates/common/base64	85	0	0	71	71
CRATE:crates/common/blkreftable	382	0	0	0	0
CRATE:crates/common/controldata_utils	350	0	0	184	184
CRATE:crates/common/hashfn	164	94	0	154	154
CRATE:crates/common/hmac	48	0	0	34	34
CRATE:crates/common/ip	235	0	0	150	150
CRATE:crates/common/keywords	48	0	0	30	30
CRATE:crates/common/md5	82	0	0	80	80
CRATE:crates/common/percentrepl	34	0	0	0	0
CRATE:crates/common/pg_prng	75	0	0	63	63
CRATE:crates/common/pglz	231	0	0	196	196
CRATE:crates/common/relpath	45	0	0	41	41
CRATE:crates/common/relpath_seams	17	0	0	0	0
CRATE:crates/common/ryu	688	0	624	626	626
CRATE:crates/common/saslprep	83	0	0	5	5
CRATE:crates/common/scram_common	53	0	0	52	52
CRATE:crates/common/sha1	77	0	0	0	0
CRATE:crates/common/sha2	220	0	0	181	181
CRATE:crates/common/string	89	29	0	9	38
CRATE:crates/common/string_seams	2	0	0	0	0
CRATE:crates/common/stringhash	664	0	0	159	159
CRATE:crates/common/unicode_case	137	0	0	130	130
CRATE:crates/common/unicode_category	91	0	0	61	61
CRATE:crates/common/unicode_norm	220	0	0	168	168
CRATE:crates/common/wait_error	70	0	0	0	0
CRATE:crates/common/wchar	911	202	0	679	765
CRATE:crates/contrib/amcheck	2805	0	0	5	5
CRATE:crates/contrib/auto_explain	181	0	0	34	34
CRATE:crates/contrib/bloom	538	0	0	5	5
CRATE:crates/contrib/bloom_build	64	0	0	0	0
CRATE:crates/contrib/btree_gin	226	0	0	9	9
CRATE:crates/contrib/btree_gist	1315	0	0	5	5
CRATE:crates/contrib/citext	104	0	0	5	5
CRATE:crates/contrib/cube	958	0	0	5	5
CRATE:crates/contrib/dblink	1135	0	0	5	5
CRATE:crates/contrib/earthdistance	30	0	0	5	5
CRATE:crates/contrib/exec_hooks	36	0	0	0	0
CRATE:crates/contrib/file_fdw	632	0	0	8	8
CRATE:crates/contrib/fuzzystrmatch	1005	0	0	5	5
CRATE:crates/contrib/hstore	1494	0	0	10	10
CRATE:crates/contrib/injection_points	38	0	0	5	5
CRATE:crates/contrib/intarray	1414	0	0	7	7
CRATE:crates/contrib/isn	534	0	0	5	5
CRATE:crates/contrib/lo	60	0	0	5	5
CRATE:crates/contrib/ltree	2278	0	0	5	5
CRATE:crates/contrib/pageinspect	1933	0	0	5	5
CRATE:crates/contrib/pg_buffercache	201	0	0	5	5
CRATE:crates/contrib/pg_freespacemap	27	0	0	5	5
CRATE:crates/contrib/pg_logicalinspect	108	0	0	5	5
CRATE:crates/contrib/pg_overexplain	334	0	0	3	3
CRATE:crates/contrib/pg_prewarm	143	0	0	5	5
CRATE:crates/contrib/pg_stat_statements	908	0	0	17	17
CRATE:crates/contrib/pg_surgery	208	0	0	5	5
CRATE:crates/contrib/pg_trgm	1487	0	0	9	9
CRATE:crates/contrib/pg_visibility	430	0	0	5	5
CRATE:crates/contrib/pg_walinspect	426	0	0	5	5
CRATE:crates/contrib/pgcrypto	2747	0	0	5	5
CRATE:crates/contrib/pgoutput	986	0	0	5	5
CRATE:crates/contrib/pgrowlocks	172	0	0	5	5
CRATE:crates/contrib/pgstattuple	835	0	0	5	5
CRATE:crates/contrib/pgvector	762	0	0	5	5
CRATE:crates/contrib/pgvector_hnsw	2283	0	0	13	13
CRATE:crates/contrib/pgvector_hnsw_build	691	0	0	0	0
CRATE:crates/contrib/postgres_fdw	2829	0	0	9	9
CRATE:crates/contrib/seg	626	0	0	5	5
CRATE:crates/contrib/sslinfo	146	0	0	5	5
CRATE:crates/contrib/tablefunc	616	0	0	5	5
CRATE:crates/contrib/tcn	80	0	0	5	5
CRATE:crates/contrib/test_decoding	604	0	0	5	5
CRATE:crates/contrib/tsm_system_rows	99	0	0	5	5
CRATE:crates/contrib/tsm_system_time	102	0	0	5	5
CRATE:crates/contrib/unaccent	248	0	0	5	5
CRATE:crates/contrib/uuid_ossp	130	0	0	5	5
CRATE:crates/interfaces/pgclient	1170	0	0	45	45
CRATE:crates/pl/plpgsql	6929	0	0	5407	5407
CRATE:crates/port/crc32c	138	0	0	44	44
CRATE:crates/port/pg_bitutils	141	51	0	41	87
CRATE:crates/port/pg_clock	100	0	0	38	38
CRATE:crates/port/pg_path	262	0	0	162	162
CRATE:crates/port/pg_prng_seams	2	0	0	0	0
CRATE:crates/port/pg_strong_random	59	2	0	7	7
CRATE:crates/port/pgstrcasecmp	47	0	0	34	34
TOTAL	649954	6117	1182	387432	388778
