
*** crates/backend/utils/adt/quote/src/lib.rs:32:5: replace quote_identifier -> PgResult<QuotedIdent<'a, 'mcx>> with PgResult::new()

*** mutation diff:
--- crates/backend/utils/adt/quote/src/lib.rs
+++ replace quote_identifier -> PgResult<QuotedIdent<'a, 'mcx>> with PgResult::new()
@@ -24,57 +24,17 @@
         }
     }
 }
 
 pub fn quote_identifier<'a, 'mcx>(
     mcx: Mcx<'mcx>,
     ident: &'a [u8],
 ) -> PgResult<QuotedIdent<'a, 'mcx>> {
-    let mut nquotes = 0usize;
-    let mut safe = matches!(ident.first(), Some(b'a'..=b'z' | b'_'));
-    for &ch in ident {
-        match ch {
-            b'a'..=b'z' | b'0'..=b'9' | b'_' => {}
-            b'"' => {
-                safe = false;
-                nquotes += 1;
-            }
-            _ => safe = false,
-        }
-    }
-
-    if guc_tables::vars::quote_all_identifiers.read() {
-        safe = false;
-    }
-
-    if safe {
-        let kwnum = ScanKeywordLookup(ident, &ScanKeywords);
-        if kwnum >= 0 && ScanKeywordCategories[kwnum as usize] != KeywordCategory::Unreserved {
-            safe = false;
-        }
-    }
-
-    if safe {
-        return Ok(QuotedIdent::Plain(ident));
-    }
-
-    let mut out = mcx::vec_with_capacity_in(mcx, ident.len() + nquotes + 2)?;
-    out.push(b'"');
-    let mut start = 0;
-    for (i, &ch) in ident.iter().enumerate() {
-        if ch == b'"' {
-            mcx::vec_append_bytes(&mut out, &ident[start..=i])?;
-            out.push(b'"');
-            start = i + 1;
-        }
-    }
-    mcx::vec_append_bytes(&mut out, &ident[start..])?;
-    out.push(b'"');
-    Ok(QuotedIdent::Quoted(out))
+    PgResult::new() /* ~ changed by cargo-mutants ~ */
 }
 
 pub fn quote_ident<'mcx>(mcx: Mcx<'mcx>, ident: &[u8]) -> PgResult<Varlena<'mcx>> {
     match quote_identifier(mcx, ident)? {
         QuotedIdent::Plain(s) => varlena::cstring_to_text(mcx, s),
         QuotedIdent::Quoted(v) => varlena::cstring_to_text(mcx, &v),
     }
 }


*** /usr/local/rustup/toolchains/1.96.0-aarch64-unknown-linux-gnu/bin/cargo test --no-run --verbose --package=adt_quote@0.1.0
    Blocking waiting for file lock on package cache
    Blocking waiting for file lock on package cache
    Blocking waiting for file lock on package cache
    Blocking waiting for file lock on package cache
   Compiling types_error v0.0.0 (/tmp/cargo-mutants-src-gTTC8i.tmp/crates/_support/types/types_error)
     Running `/usr/local/rustup/toolchains/1.96.0-aarch64-unknown-linux-gnu/bin/rustc --crate-name types_error --edition=2021 crates/_support/types/types_error/src/lib.rs --error-format=json --json=diagnostic-rendered-ansi,artifacts,future-incompat --crate-type lib --emit=dep-info,metadata,link -C embed-bitcode=no -C debuginfo=line-tables-only -C split-debuginfo=unpacked --check-cfg 'cfg(docsrs,test)' --check-cfg 'cfg(feature, values())' -C metadata=91cd164ac39a6fd6 -C extra-filename=-c16bdb10ad7f34c8 --out-dir /tmp/cargo-mutants-src-gTTC8i.tmp/target/debug/deps -L dependency=/tmp/cargo-mutants-src-gTTC8i.tmp/target/debug/deps`
   Compiling types_core v0.0.0 (/tmp/cargo-mutants-src-gTTC8i.tmp/crates/_support/types/types_core)
     Running `/usr/local/rustup/toolchains/1.96.0-aarch64-unknown-linux-gnu/bin/rustc --crate-name types_core --edition=2021 crates/_support/types/types_core/src/lib.rs --error-format=json --json=diagnostic-rendered-ansi,artifacts,future-incompat --crate-type lib --emit=dep-info,metadata,link -C embed-bitcode=no -C debuginfo=line-tables-only -C split-debuginfo=unpacked --check-cfg 'cfg(docsrs,test)' --check-cfg 'cfg(feature, values())' -C metadata=feb8557225aa4625 -C extra-filename=-0d9118de0dbccbea --out-dir /tmp/cargo-mutants-src-gTTC8i.tmp/target/debug/deps -L dependency=/tmp/cargo-mutants-src-gTTC8i.tmp/target/debug/deps`
   Compiling seam_core v0.1.0 (/tmp/cargo-mutants-src-gTTC8i.tmp/crates/_support/seam_core)
     Running `/usr/local/rustup/toolchains/1.96.0-aarch64-unknown-linux-gnu/bin/rustc --crate-name seam_core --edition=2021 crates/_support/seam_core/src/lib.rs --error-format=json --json=diagnostic-rendered-ansi,artifacts,future-incompat --crate-type lib --emit=dep-info,metadata,link -C embed-bitcode=no -C debuginfo=line-tables-only -C split-debuginfo=unpacked --check-cfg 'cfg(docsrs,test)' --check-cfg 'cfg(feature, values())' -C metadata=7372ed07c7dc9ba6 -C extra-filename=-922382ec553c8555 --out-dir /tmp/cargo-mutants-src-gTTC8i.tmp/target/debug/deps -L dependency=/tmp/cargo-mutants-src-gTTC8i.tmp/target/debug/deps`
   Compiling version_check v0.9.5
     Running `/usr/local/rustup/toolchains/1.96.0-aarch64-unknown-linux-gnu/bin/rustc --crate-name version_check --edition=2015 /usr/local/cargo/registry/src/index.crates.io-1949cf8c6b5b557f/version_check-0.9.5/src/lib.rs --error-format=json --json=diagnostic-rendered-ansi,artifacts,future-incompat --crate-type lib --emit=dep-info,metadata,link -C embed-bitcode=no --check-cfg 'cfg(docsrs,test)' --check-cfg 'cfg(feature, values())' -C metadata=e304f16660f6e01c -C extra-filename=-b90a8a67f4858aa7 --out-dir /tmp/cargo-mutants-src-gTTC8i.tmp/target/debug/deps -L dependency=/tmp/cargo-mutants-src-gTTC8i.tmp/target/debug/deps --cap-lints allow`
   Compiling zerocopy v0.8.53
   Compiling once_cell v1.21.4
     Running `/usr/local/rustup/toolchains/1.96.0-aarch64-unknown-linux-gnu/bin/rustc --crate-name build_script_build --edition=2021 /usr/local/cargo/registry/src/index.crates.io-1949cf8c6b5b557f/zerocopy-0.8.53/build.rs --error-format=json --json=diagnostic-rendered-ansi,artifacts,future-incompat --crate-type bin --emit=dep-info,link -C embed-bitcode=no --cfg 'feature="simd"' --check-cfg 'cfg(docsrs,test)' --check-cfg 'cfg(feature, values("__internal_use_only_features_that_work_on_stable", "alloc", "derive", "float-nightly", "simd", "simd-nightly", "std", "zerocopy-derive"))' -C metadata=dcdee316dc5453bc -C extra-filename=-61be821679811320 --out-dir /tmp/cargo-mutants-src-gTTC8i.tmp/target/debug/build/zerocopy-61be821679811320 -L dependency=/tmp/cargo-mutants-src-gTTC8i.tmp/target/debug/deps --cap-lints allow`
     Running `/usr/local/rustup/toolchains/1.96.0-aarch64-unknown-linux-gnu/bin/rustc --crate-name once_cell --edition=2021 /usr/local/cargo/registry/src/index.crates.io-1949cf8c6b5b557f/once_cell-1.21.4/src/lib.rs --error-format=json --json=diagnostic-rendered-ansi,artifacts,future-incompat --crate-type lib --emit=dep-info,metadata,link -C embed-bitcode=no -C debuginfo=line-tables-only -C split-debuginfo=unpacked --cfg 'feature="alloc"' --cfg 'feature="race"' --check-cfg 'cfg(docsrs,test)' --check-cfg 'cfg(feature, values("alloc", "atomic-polyfill", "critical-section", "default", "parking_lot", "portable-atomic", "race", "std", "unstable"))' -C metadata=e272d10b65d95593 -C extra-filename=-3d9995975f8e5ecf --out-dir /tmp/cargo-mutants-src-gTTC8i.tmp/target/debug/deps -L dependency=/tmp/cargo-mutants-src-gTTC8i.tmp/target/debug/deps --cap-lints allow`
   Compiling cfg-if v1.0.4
     Running `/usr/local/rustup/toolchains/1.96.0-aarch64-unknown-linux-gnu/bin/rustc --crate-name cfg_if --edition=2018 /usr/local/cargo/registry/src/index.crates.io-1949cf8c6b5b557f/cfg-if-1.0.4/src/lib.rs --error-format=json --json=diagnostic-rendered-ansi,artifacts,future-incompat --crate-type lib --emit=dep-info,metadata,link -C embed-bitcode=no -C debuginfo=line-tables-only -C split-debuginfo=unpacked --check-cfg 'cfg(docsrs,test)' --check-cfg 'cfg(feature, values("core", "rustc-dep-of-std"))' -C metadata=0912ff8422a51473 -C extra-filename=-5850cd878237d45b --out-dir /tmp/cargo-mutants-src-gTTC8i.tmp/target/debug/deps -L dependency=/tmp/cargo-mutants-src-gTTC8i.tmp/target/debug/deps --cap-lints allow`
   Compiling allocator-api2 v0.2.21
     Running `/usr/local/rustup/toolchains/1.96.0-aarch64-unknown-linux-gnu/bin/rustc --crate-name allocator_api2 --edition=2018 /usr/local/cargo/registry/src/index.crates.io-1949cf8c6b5b557f/allocator-api2-0.2.21/src/lib.rs --error-format=json --json=diagnostic-rendered-ansi,artifacts,future-incompat --crate-type lib --emit=dep-info,metadata,link -C embed-bitcode=no -C debuginfo=line-tables-only -C split-debuginfo=unpacked --warn=unexpected_cfgs --check-cfg 'cfg(no_global_oom_handling)' --cfg 'feature="alloc"' --check-cfg 'cfg(docsrs,test)' --check-cfg 'cfg(feature, values("alloc", "default", "fresh-rust", "nightly", "serde", "std"))' -C metadata=73b0b540f3b8437a -C extra-filename=-553efcaa65a6528d --out-dir /tmp/cargo-mutants-src-gTTC8i.tmp/target/debug/deps -L dependency=/tmp/cargo-mutants-src-gTTC8i.tmp/target/debug/deps --cap-lints allow`
   Compiling rustc-hash v2.1.3
     Running `/usr/local/rustup/toolchains/1.96.0-aarch64-unknown-linux-gnu/bin/rustc --crate-name rustc_hash --edition=2021 /usr/local/cargo/registry/src/index.crates.io-1949cf8c6b5b557f/rustc-hash-2.1.3/src/lib.rs --error-format=json --json=diagnostic-rendered-ansi,artifacts,future-incompat --crate-type lib --emit=dep-info,metadata,link -C embed-bitcode=no -C debuginfo=line-tables-only -C split-debuginfo=unpacked --check-cfg 'cfg(docsrs,test)' --check-cfg 'cfg(feature, values("default", "nightly", "rand", "std"))' -C metadata=d1a9283ee6cca9a9 -C extra-filename=-89828af7812af6e5 --out-dir /tmp/cargo-mutants-src-gTTC8i.tmp/target/debug/deps -L dependency=/tmp/cargo-mutants-src-gTTC8i.tmp/target/debug/deps --cap-lints allow`
   Compiling libc v0.2.186
     Running `/usr/local/rustup/toolchains/1.96.0-aarch64-unknown-linux-gnu/bin/rustc --crate-name build_script_build --edition=2021 /usr/local/cargo/registry/src/index.crates.io-1949cf8c6b5b557f/libc-0.2.186/build.rs --error-format=json --json=diagnostic-rendered-ansi,artifacts,future-incompat --crate-type bin --emit=dep-info,link -C embed-bitcode=no '--allow=clippy::used_underscore_binding' --allow=unused_qualifications '--warn=clippy::unnecessary_semicolon' '--allow=clippy::unnecessary_cast' '--allow=clippy::uninlined_format_args' '--warn=clippy::ptr_as_ptr' '--allow=clippy::non_minimal_cfg' '--allow=clippy::missing_safety_doc' '--warn=clippy::map_unwrap_or' '--warn=clippy::manual_assert' '--allow=clippy::identity_op' '--warn=clippy::explicit_iter_loop' '--allow=clippy::expl_impl_clone_on_copy' --cfg 'feature="default"' --cfg 'feature="std"' --check-cfg 'cfg(docsrs,test)' --check-cfg 'cfg(feature, values("align", "const-extern-fn", "default", "extra_traits", "rustc-dep-of-std", "rustc-std-workspace-core", "std", "use_std"))' -C metadata=7460a136b68225ba -C extra-filename=-108b29d7104a8d01 --out-dir /tmp/cargo-mutants-src-gTTC8i.tmp/target/debug/build/libc-108b29d7104a8d01 -L dependency=/tmp/cargo-mutants-src-gTTC8i.tmp/target/debug/deps --cap-lints allow`
   Compiling types_guc v0.0.0 (/tmp/cargo-mutants-src-gTTC8i.tmp/crates/_support/types/types_guc)
     Running `/usr/local/rustup/toolchains/1.96.0-aarch64-unknown-linux-gnu/bin/rustc --crate-name types_guc --edition=2021 crates/_support/types/types_guc/src/lib.rs --error-format=json --json=diagnostic-rendered-ansi,artifacts,future-incompat --crate-type lib --emit=dep-info,metadata,link -C embed-bitcode=no -C debuginfo=line-tables-only -C split-debuginfo=unpacked --check-cfg 'cfg(docsrs,test)' --check-cfg 'cfg(feature, values())' -C metadata=8b04268749cdbb3e -C extra-filename=-1708c8848b572c16 --out-dir /tmp/cargo-mutants-src-gTTC8i.tmp/target/debug/deps -L dependency=/tmp/cargo-mutants-src-gTTC8i.tmp/target/debug/deps`
   Compiling guc_seams v0.0.0 (/tmp/cargo-mutants-src-gTTC8i.tmp/crates/backend/utils/misc/guc_seams)
   Compiling ahash v0.8.12
     Running `/usr/local/rustup/toolchains/1.96.0-aarch64-unknown-linux-gnu/bin/rustc --crate-name guc_seams --edition=2021 crates/backend/utils/misc/guc_seams/src/lib.rs --error-format=json --json=diagnostic-rendered-ansi,artifacts,future-incompat --crate-type lib --emit=dep-info,metadata,link -C embed-bitcode=no -C debuginfo=line-tables-only -C split-debuginfo=unpacked --check-cfg 'cfg(docsrs,test)' --check-cfg 'cfg(feature, values())' -C metadata=d3469f694d8e3b31 -C extra-filename=-1dc5668919a4c219 --out-dir /tmp/cargo-mutants-src-gTTC8i.tmp/target/debug/deps -L dependency=/tmp/cargo-mutants-src-gTTC8i.tmp/target/debug/deps --extern seam_core=/tmp/cargo-mutants-src-gTTC8i.tmp/target/debug/deps/libseam_core-922382ec553c8555.rmeta --extern types_error=/tmp/cargo-mutants-src-gTTC8i.tmp/target/debug/deps/libtypes_error-c16bdb10ad7f34c8.rmeta --extern types_guc=/tmp/cargo-mutants-src-gTTC8i.tmp/target/debug/deps/libtypes_guc-1708c8848b572c16.rmeta`
     Running `/usr/local/rustup/toolchains/1.96.0-aarch64-unknown-linux-gnu/bin/rustc --crate-name build_script_build --edition=2018 /usr/local/cargo/registry/src/index.crates.io-1949cf8c6b5b557f/ahash-0.8.12/build.rs --error-format=json --json=diagnostic-rendered-ansi,artifacts,future-incompat --crate-type bin --emit=dep-info,link -C embed-bitcode=no --check-cfg 'cfg(docsrs,test)' --check-cfg 'cfg(feature, values("atomic-polyfill", "compile-time-rng", "const-random", "default", "getrandom", "nightly-arm-aes", "no-rng", "runtime-rng", "serde", "std"))' -C metadata=49dcb605c79319da -C extra-filename=-2325eff38ff4199e --out-dir /tmp/cargo-mutants-src-gTTC8i.tmp/target/debug/build/ahash-2325eff38ff4199e -L dependency=/tmp/cargo-mutants-src-gTTC8i.tmp/target/debug/deps --extern version_check=/tmp/cargo-mutants-src-gTTC8i.tmp/target/debug/deps/libversion_check-b90a8a67f4858aa7.rlib --cap-lints allow`
   Compiling rel_vocab v0.1.0 (/tmp/cargo-mutants-src-gTTC8i.tmp/crates/_support/types/rel_vocab)
     Running `/usr/local/rustup/toolchains/1.96.0-aarch64-unknown-linux-gnu/bin/rustc --crate-name rel_vocab --edition=2021 crates/_support/types/rel_vocab/src/lib.rs --error-format=json --json=diagnostic-rendered-ansi,artifacts,future-incompat --crate-type lib --emit=dep-info,metadata,link -C embed-bitcode=no -C debuginfo=line-tables-only -C split-debuginfo=unpacked --check-cfg 'cfg(docsrs,test)' --check-cfg 'cfg(feature, values())' -C metadata=10f4a67e505746f4 -C extra-filename=-cee0c40e2581ff58 --out-dir /tmp/cargo-mutants-src-gTTC8i.tmp/target/debug/deps -L dependency=/tmp/cargo-mutants-src-gTTC8i.tmp/target/debug/deps`
     Running `/tmp/cargo-mutants-src-gTTC8i.tmp/target/debug/build/zerocopy-61be821679811320/build-script-build`
   Compiling guc_tables v0.0.0 (/tmp/cargo-mutants-src-gTTC8i.tmp/crates/backend/utils/misc/guc_tables)
     Running `/usr/local/rustup/toolchains/1.96.0-aarch64-unknown-linux-gnu/bin/rustc --crate-name zerocopy --edition=2021 /usr/local/cargo/registry/src/index.crates.io-1949cf8c6b5b557f/zerocopy-0.8.53/src/lib.rs --error-format=json --json=diagnostic-rendered-ansi,artifacts,future-incompat --crate-type lib --emit=dep-info,metadata,link -C embed-bitcode=no -C debuginfo=line-tables-only -C split-debuginfo=unpacked --cfg 'feature="simd"' --check-cfg 'cfg(docsrs,test)' --check-cfg 'cfg(feature, values("__internal_use_only_features_that_work_on_stable", "alloc", "derive", "float-nightly", "simd", "simd-nightly", "std", "zerocopy-derive"))' -C metadata=f5a4e81ead9df33a -C extra-filename=-b82f396ce73d9203 --out-dir /tmp/cargo-mutants-src-gTTC8i.tmp/target/debug/deps -L dependency=/tmp/cargo-mutants-src-gTTC8i.tmp/target/debug/deps --cap-lints allow --check-cfg 'cfg(no_zerocopy_simd_x86_avx12_1_89_0)' --check-cfg 'cfg(rust, values("1.89.0"))' --check-cfg 'cfg(no_zerocopy_core_error_1_81_0)' --check-cfg 'cfg(rust, values("1.81.0"))' --check-cfg 'cfg(no_zerocopy_diagnostic_on_unimplemented_1_78_0)' --check-cfg 'cfg(rust, values("1.78.0"))' --check-cfg 'cfg(no_zerocopy_generic_bounds_in_const_fn_1_61_0)' --check-cfg 'cfg(rust, values("1.61.0"))' --check-cfg 'cfg(no_zerocopy_target_has_atomics_1_60_0)' --check-cfg 'cfg(rust, values("1.60.0"))' --check-cfg 'cfg(no_zerocopy_aarch64_simd_1_59_0)' --check-cfg 'cfg(rust, values("1.59.0"))' --check-cfg 'cfg(no_zerocopy_aarch64_simd_be_1_87_0)' --check-cfg 'cfg(rust, values("1.87.0"))' --check-cfg 'cfg(no_zerocopy_panic_in_const_and_vec_try_reserve_1_57_0)' --check-cfg 'cfg(rust, values("1.57.0"))' --check-cfg 'cfg(doc_cfg)' --check-cfg 'cfg(kani)' --check-cfg 'cfg(__ZEROCOPY_INTERNAL_USE_ONLY_NIGHTLY_FEATURES_IN_TESTS)' --check-cfg 'cfg(__ZEROCOPY_INTERNAL_USE_ONLY_DEV_MODE)' --check-cfg 'cfg(coverage_nightly)' --check-cfg 'cfg(zerocopy_inline_always)' --check-cfg 'cfg(zerocopy_unstable_ptr)' --check-cfg 'cfg(zerocopy_unstable_linux)' --check-cfg 'cfg(no_fp_fmt_parse)'`
   Compiling init_small_seams v0.0.0 (/tmp/cargo-mutants-src-gTTC8i.tmp/crates/backend/utils/init/init_small_seams)
     Running `/usr/local/rustup/toolchains/1.96.0-aarch64-unknown-linux-gnu/bin/rustc --crate-name init_small_seams --edition=2021 crates/backend/utils/init/init_small_seams/src/lib.rs --error-format=json --json=diagnostic-rendered-ansi,artifacts,future-incompat --crate-type lib --emit=dep-info,metadata,link -C embed-bitcode=no -C debuginfo=line-tables-only -C split-debuginfo=unpacked --check-cfg 'cfg(docsrs,test)' --check-cfg 'cfg(feature, values())' -C metadata=28e4980706f0c401 -C extra-filename=-f1d5b759dc2be48e --out-dir /tmp/cargo-mutants-src-gTTC8i.tmp/target/debug/deps -L dependency=/tmp/cargo-mutants-src-gTTC8i.tmp/target/debug/deps --extern seam_core=/tmp/cargo-mutants-src-gTTC8i.tmp/target/debug/deps/libseam_core-922382ec553c8555.rmeta`
     Running `/usr/local/rustup/toolchains/1.96.0-aarch64-unknown-linux-gnu/bin/rustc --crate-name guc_tables --edition=2021 crates/backend/utils/misc/guc_tables/src/lib.rs --error-format=json --json=diagnostic-rendered-ansi,artifacts,future-incompat --crate-type lib --emit=dep-info,metadata,link -C embed-bitcode=no -C debuginfo=line-tables-only -C split-debuginfo=unpacked --check-cfg 'cfg(docsrs,test)' --check-cfg 'cfg(feature, values())' -C metadata=4aea0227f9b81248 -C extra-filename=-93b6e4ddb0b91568 --out-dir /tmp/cargo-mutants-src-gTTC8i.tmp/target/debug/deps -L dependency=/tmp/cargo-mutants-src-gTTC8i.tmp/target/debug/deps --extern guc_seams=/tmp/cargo-mutants-src-gTTC8i.tmp/target/debug/deps/libguc_seams-1dc5668919a4c219.rmeta --extern types_error=/tmp/cargo-mutants-src-gTTC8i.tmp/target/debug/deps/libtypes_error-c16bdb10ad7f34c8.rmeta --extern types_guc=/tmp/cargo-mutants-src-gTTC8i.tmp/target/debug/deps/libtypes_guc-1708c8848b572c16.rmeta`
   Compiling wchar v0.1.0 (/tmp/cargo-mutants-src-gTTC8i.tmp/crates/common/wchar)
     Running `/usr/local/rustup/toolchains/1.96.0-aarch64-unknown-linux-gnu/bin/rustc --crate-name wchar --edition=2021 crates/common/wchar/src/lib.rs --error-format=json --json=diagnostic-rendered-ansi,artifacts,future-incompat --crate-type lib --emit=dep-info,metadata,link -C embed-bitcode=no -C debuginfo=line-tables-only -C split-debuginfo=unpacked --check-cfg 'cfg(docsrs,test)' --check-cfg 'cfg(feature, values())' -C metadata=4141646ee6216aa6 -C extra-filename=-da99c5603b4b462e --out-dir /tmp/cargo-mutants-src-gTTC8i.tmp/target/debug/deps -L dependency=/tmp/cargo-mutants-src-gTTC8i.tmp/target/debug/deps`
   Compiling xact_seams v0.0.0 (/tmp/cargo-mutants-src-gTTC8i.tmp/crates/backend/access/transam/xact_seams)
     Running `/usr/local/rustup/toolchains/1.96.0-aarch64-unknown-linux-gnu/bin/rustc --crate-name xact_seams --edition=2021 crates/backend/access/transam/xact_seams/src/lib.rs --error-format=json --json=diagnostic-rendered-ansi,artifacts,future-incompat --crate-type lib --emit=dep-info,metadata,link -C embed-bitcode=no -C debuginfo=line-tables-only -C split-debuginfo=unpacked --check-cfg 'cfg(docsrs,test)' --check-cfg 'cfg(feature, values())' -C metadata=f5f94d5e19ebefcc -C extra-filename=-061af81be05bb434 --out-dir /tmp/cargo-mutants-src-gTTC8i.tmp/target/debug/deps -L dependency=/tmp/cargo-mutants-src-gTTC8i.tmp/target/debug/deps --extern seam_core=/tmp/cargo-mutants-src-gTTC8i.tmp/target/debug/deps/libseam_core-922382ec553c8555.rmeta --extern types_core=/tmp/cargo-mutants-src-gTTC8i.tmp/target/debug/deps/libtypes_core-0d9118de0dbccbea.rmeta --extern types_error=/tmp/cargo-mutants-src-gTTC8i.tmp/target/debug/deps/libtypes_error-c16bdb10ad7f34c8.rmeta`
   Compiling acl_seams v0.0.0 (/tmp/cargo-mutants-src-gTTC8i.tmp/crates/backend/utils/adt/acl_seams)
     Running `/usr/local/rustup/toolchains/1.96.0-aarch64-unknown-linux-gnu/bin/rustc --crate-name acl_seams --edition=2021 crates/backend/utils/adt/acl_seams/src/lib.rs --error-format=json --json=diagnostic-rendered-ansi,artifacts,future-incompat --crate-type lib --emit=dep-info,metadata,link -C embed-bitcode=no -C debuginfo=line-tables-only -C split-debuginfo=unpacked --check-cfg 'cfg(docsrs,test)' --check-cfg 'cfg(feature, values())' -C metadata=9725b58f14cc4670 -C extra-filename=-081171078959f4ff --out-dir /tmp/cargo-mutants-src-gTTC8i.tmp/target/debug/deps -L dependency=/tmp/cargo-mutants-src-gTTC8i.tmp/target/debug/deps --extern seam_core=/tmp/cargo-mutants-src-gTTC8i.tmp/target/debug/deps/libseam_core-922382ec553c8555.rmeta --extern types_core=/tmp/cargo-mutants-src-gTTC8i.tmp/target/debug/deps/libtypes_core-0d9118de0dbccbea.rmeta --extern types_error=/tmp/cargo-mutants-src-gTTC8i.tmp/target/debug/deps/libtypes_error-c16bdb10ad7f34c8.rmeta`
     Running `/tmp/cargo-mutants-src-gTTC8i.tmp/target/debug/build/libc-108b29d7104a8d01/build-script-build`
   Compiling s_lock_seams v0.0.0 (/tmp/cargo-mutants-src-gTTC8i.tmp/crates/backend/storage/lmgr/s_lock_seams)
     Running `/tmp/cargo-mutants-src-gTTC8i.tmp/target/debug/build/ahash-2325eff38ff4199e/build-script-build`
   Compiling shmem_seams v0.0.0 (/tmp/cargo-mutants-src-gTTC8i.tmp/crates/backend/storage/ipc/shmem_seams)
     Running `/usr/local/rustup/toolchains/1.96.0-aarch64-unknown-linux-gnu/bin/rustc --crate-name shmem_seams --edition=2021 crates/backend/storage/ipc/shmem_seams/src/lib.rs --error-format=json --json=diagnostic-rendered-ansi,artifacts,future-incompat --crate-type lib --emit=dep-info,metadata,link -C embed-bitcode=no -C debuginfo=line-tables-only -C split-debuginfo=unpacked --check-cfg 'cfg(docsrs,test)' --check-cfg 'cfg(feature, values())' -C metadata=32cf3b056fbc4427 -C extra-filename=-ee6272412294f6a0 --out-dir /tmp/cargo-mutants-src-gTTC8i.tmp/target/debug/deps -L dependency=/tmp/cargo-mutants-src-gTTC8i.tmp/target/debug/deps --extern seam_core=/tmp/cargo-mutants-src-gTTC8i.tmp/target/debug/deps/libseam_core-922382ec553c8555.rmeta --extern types_error=/tmp/cargo-mutants-src-gTTC8i.tmp/target/debug/deps/libtypes_error-c16bdb10ad7f34c8.rmeta`
     Running `/usr/local/rustup/toolchains/1.96.0-aarch64-unknown-linux-gnu/bin/rustc --crate-name s_lock_seams --edition=2021 crates/backend/storage/lmgr/s_lock_seams/src/lib.rs --error-format=json --json=diagnostic-rendered-ansi,artifacts,future-incompat --crate-type lib --emit=dep-info,metadata,link -C embed-bitcode=no -C debuginfo=line-tables-only -C split-debuginfo=unpacked --check-cfg 'cfg(docsrs,test)' --check-cfg 'cfg(feature, values())' -C metadata=cea274531051f23d -C extra-filename=-2e62db2932387f12 --out-dir /tmp/cargo-mutants-src-gTTC8i.tmp/target/debug/deps -L dependency=/tmp/cargo-mutants-src-gTTC8i.tmp/target/debug/deps --extern seam_core=/tmp/cargo-mutants-src-gTTC8i.tmp/target/debug/deps/libseam_core-922382ec553c8555.rmeta`
   Compiling pgstat_seams v0.0.0 (/tmp/cargo-mutants-src-gTTC8i.tmp/crates/backend/utils/activity/pgstat_seams)
     Running `/usr/local/rustup/toolchains/1.96.0-aarch64-unknown-linux-gnu/bin/rustc --crate-name pgstat_seams --edition=2021 crates/backend/utils/activity/pgstat_seams/src/lib.rs --error-format=json --json=diagnostic-rendered-ansi,artifacts,future-incompat --crate-type lib --emit=dep-info,metadata,link -C embed-bitcode=no -C debuginfo=line-tables-only -C split-debuginfo=unpacked --check-cfg 'cfg(docsrs,test)' --check-cfg 'cfg(feature, values())' -C metadata=6db2d6d4f15148e5 -C extra-filename=-81140c4c3d47bf25 --out-dir /tmp/cargo-mutants-src-gTTC8i.tmp/target/debug/deps -L dependency=/tmp/cargo-mutants-src-gTTC8i.tmp/target/debug/deps --extern seam_core=/tmp/cargo-mutants-src-gTTC8i.tmp/target/debug/deps/libseam_core-922382ec553c8555.rmeta --extern types_core=/tmp/cargo-mutants-src-gTTC8i.tmp/target/debug/deps/libtypes_core-0d9118de0dbccbea.rmeta --extern types_error=/tmp/cargo-mutants-src-gTTC8i.tmp/target/debug/deps/libtypes_error-c16bdb10ad7f34c8.rmeta`
   Compiling waitevent_seams v0.0.0 (/tmp/cargo-mutants-src-gTTC8i.tmp/crates/backend/utils/activity/waitevent_seams)
     Running `/usr/local/rustup/toolchains/1.96.0-aarch64-unknown-linux-gnu/bin/rustc --crate-name waitevent_seams --edition=2021 crates/backend/utils/activity/waitevent_seams/src/lib.rs --error-format=json --json=diagnostic-rendered-ansi,artifacts,future-incompat --crate-type lib --emit=dep-info,metadata,link -C embed-bitcode=no -C debuginfo=line-tables-only -C split-debuginfo=unpacked --check-cfg 'cfg(docsrs,test)' --check-cfg 'cfg(feature, values())' -C metadata=4fceb67cab97f77d -C extra-filename=-c73370333d269195 --out-dir /tmp/cargo-mutants-src-gTTC8i.tmp/target/debug/deps -L dependency=/tmp/cargo-mutants-src-gTTC8i.tmp/target/debug/deps --extern seam_core=/tmp/cargo-mutants-src-gTTC8i.tmp/target/debug/deps/libseam_core-922382ec553c8555.rmeta`
     Running `/usr/local/rustup/toolchains/1.96.0-aarch64-unknown-linux-gnu/bin/rustc --crate-name libc --edition=2021 /usr/local/cargo/registry/src/index.crates.io-1949cf8c6b5b557f/libc-0.2.186/src/lib.rs --error-format=json --json=diagnostic-rendered-ansi,artifacts,future-incompat --crate-type lib --emit=dep-info,metadata,link -C embed-bitcode=no -C debuginfo=line-tables-only -C split-debuginfo=unpacked '--allow=clippy::used_underscore_binding' --allow=unused_qualifications '--warn=clippy::unnecessary_semicolon' '--allow=clippy::unnecessary_cast' '--allow=clippy::uninlined_format_args' '--warn=clippy::ptr_as_ptr' '--allow=clippy::non_minimal_cfg' '--allow=clippy::missing_safety_doc' '--warn=clippy::map_unwrap_or' '--warn=clippy::manual_assert' '--allow=clippy::identity_op' '--warn=clippy::explicit_iter_loop' '--allow=clippy::expl_impl_clone_on_copy' --cfg 'feature="default"' --cfg 'feature="std"' --check-cfg 'cfg(docsrs,test)' --check-cfg 'cfg(feature, values("align", "const-extern-fn", "default", "extra_traits", "rustc-dep-of-std", "rustc-std-workspace-core", "std", "use_std"))' -C metadata=58946b5b6b3af2fe -C extra-filename=-48f06ccd9be8c4ac --out-dir /tmp/cargo-mutants-src-gTTC8i.tmp/target/debug/deps -L dependency=/tmp/cargo-mutants-src-gTTC8i.tmp/target/debug/deps --cap-lints allow --cfg freebsd12 --check-cfg 'cfg(emscripten_old_stat_abi)' --check-cfg 'cfg(espidf_picolibc)' --check-cfg 'cfg(espidf_time32)' --check-cfg 'cfg(freebsd10)' --check-cfg 'cfg(freebsd11)' --check-cfg 'cfg(freebsd12)' --check-cfg 'cfg(freebsd13)' --check-cfg 'cfg(freebsd14)' --check-cfg 'cfg(freebsd15)' --check-cfg 'cfg(gnu_file_offset_bits64)' --check-cfg 'cfg(gnu_time_bits64)' --check-cfg 'cfg(libc_deny_warnings)' --check-cfg 'cfg(linux_time_bits64)' --check-cfg 'cfg(musl_v1_2_3)' --check-cfg 'cfg(musl32_time64)' --check-cfg 'cfg(musl_redir_time64)' --check-cfg 'cfg(vxworks_lt_25_09)' --check-cfg 'cfg(target_os,values("switch","aix","ohos","hurd","rtems","visionos","nuttx","cygwin","qurt"))' --check-cfg 'cfg(target_env,values("illumos","wasi","aix","ohos","nto71_iosock","nto80"))' --check-cfg 'cfg(target_arch,values("loongarch64","mips32r6","mips64r6","csky"))'`
   Compiling error_small_seams v0.0.0 (/tmp/cargo-mutants-src-gTTC8i.tmp/crates/backend/utils/error/error_small_seams)
     Running `/usr/local/rustup/toolchains/1.96.0-aarch64-unknown-linux-gnu/bin/rustc --crate-name error_small_seams --edition=2021 crates/backend/utils/error/error_small_seams/src/lib.rs --error-format=json --json=diagnostic-rendered-ansi,artifacts,future-incompat --crate-type lib --emit=dep-info,metadata,link -C embed-bitcode=no -C debuginfo=line-tables-only -C split-debuginfo=unpacked --check-cfg 'cfg(docsrs,test)' --check-cfg 'cfg(feature, values())' -C metadata=94dec6ff98d2b362 -C extra-filename=-2352e532470f4300 --out-dir /tmp/cargo-mutants-src-gTTC8i.tmp/target/debug/deps -L dependency=/tmp/cargo-mutants-src-gTTC8i.tmp/target/debug/deps --extern seam_core=/tmp/cargo-mutants-src-gTTC8i.tmp/target/debug/deps/libseam_core-922382ec553c8555.rmeta --extern types_error=/tmp/cargo-mutants-src-gTTC8i.tmp/target/debug/deps/libtypes_error-c16bdb10ad7f34c8.rmeta`
   Compiling elog_seams v0.0.0 (/tmp/cargo-mutants-src-gTTC8i.tmp/crates/backend/utils/error/elog_seams)
     Running `/usr/local/rustup/toolchains/1.96.0-aarch64-unknown-linux-gnu/bin/rustc --crate-name elog_seams --edition=2021 crates/backend/utils/error/elog_seams/src/lib.rs --error-format=json --json=diagnostic-rendered-ansi,artifacts,future-incompat --crate-type lib --emit=dep-info,metadata,link -C embed-bitcode=no -C debuginfo=line-tables-only -C split-debuginfo=unpacked --check-cfg 'cfg(docsrs,test)' --check-cfg 'cfg(feature, values())' -C metadata=f62ef77ac7480390 -C extra-filename=-6a04240b52900b4e --out-dir /tmp/cargo-mutants-src-gTTC8i.tmp/target/debug/deps -L dependency=/tmp/cargo-mutants-src-gTTC8i.tmp/target/debug/deps --extern seam_core=/tmp/cargo-mutants-src-gTTC8i.tmp/target/debug/deps/libseam_core-922382ec553c8555.rmeta --extern types_error=/tmp/cargo-mutants-src-gTTC8i.tmp/target/debug/deps/libtypes_error-c16bdb10ad7f34c8.rmeta`
   Compiling types_dest v0.0.0 (/tmp/cargo-mutants-src-gTTC8i.tmp/crates/_support/types/types_dest)
     Running `/usr/local/rustup/toolchains/1.96.0-aarch64-unknown-linux-gnu/bin/rustc --crate-name types_dest --edition=2021 crates/_support/types/types_dest/src/lib.rs --error-format=json --json=diagnostic-rendered-ansi,artifacts,future-incompat --crate-type lib --emit=dep-info,metadata,link -C embed-bitcode=no -C debuginfo=line-tables-only -C split-debuginfo=unpacked --check-cfg 'cfg(docsrs,test)' --check-cfg 'cfg(feature, values())' -C metadata=f7c8c756f5716785 -C extra-filename=-fe5d0413e6b04cbe --out-dir /tmp/cargo-mutants-src-gTTC8i.tmp/target/debug/deps -L dependency=/tmp/cargo-mutants-src-gTTC8i.tmp/target/debug/deps`
   Compiling keywords v0.1.0 (/tmp/cargo-mutants-src-gTTC8i.tmp/crates/common/keywords)
     Running `/usr/local/rustup/toolchains/1.96.0-aarch64-unknown-linux-gnu/bin/rustc --crate-name build_script_build --edition=2021 crates/common/keywords/build.rs --error-format=json --json=diagnostic-rendered-ansi,artifacts,future-incompat --crate-type bin --emit=dep-info,link -C embed-bitcode=no --check-cfg 'cfg(docsrs,test)' --check-cfg 'cfg(feature, values())' -C metadata=f7f2d412ce99351f -C extra-filename=-7a4e256d07c61dd3 --out-dir /tmp/cargo-mutants-src-gTTC8i.tmp/target/debug/build/keywords-7a4e256d07c61dd3 -L dependency=/tmp/cargo-mutants-src-gTTC8i.tmp/target/debug/deps`
   Compiling xloginsert_seams v0.0.0 (/tmp/cargo-mutants-src-gTTC8i.tmp/crates/backend/access/transam/xloginsert_seams)
     Running `/usr/local/rustup/toolchains/1.96.0-aarch64-unknown-linux-gnu/bin/rustc --crate-name xloginsert_seams --edition=2021 crates/backend/access/transam/xloginsert_seams/src/lib.rs --error-format=json --json=diagnostic-rendered-ansi,artifacts,future-incompat --crate-type lib --emit=dep-info,metadata,link -C embed-bitcode=no -C debuginfo=line-tables-only -C split-debuginfo=unpacked --check-cfg 'cfg(docsrs,test)' --check-cfg 'cfg(feature, values())' -C metadata=d11c909a0e970e48 -C extra-filename=-85f3ec117bacc9ca --out-dir /tmp/cargo-mutants-src-gTTC8i.tmp/target/debug/deps -L dependency=/tmp/cargo-mutants-src-gTTC8i.tmp/target/debug/deps --extern seam_core=/tmp/cargo-mutants-src-gTTC8i.tmp/target/debug/deps/libseam_core-922382ec553c8555.rmeta --extern types_core=/tmp/cargo-mutants-src-gTTC8i.tmp/target/debug/deps/libtypes_core-0d9118de0dbccbea.rmeta --extern types_error=/tmp/cargo-mutants-src-gTTC8i.tmp/target/debug/deps/libtypes_error-c16bdb10ad7f34c8.rmeta`
   Compiling pg_class_seams v0.0.0 (/tmp/cargo-mutants-src-gTTC8i.tmp/crates/backend/catalog/pg_class_seams)
     Running `/usr/local/rustup/toolchains/1.96.0-aarch64-unknown-linux-gnu/bin/rustc --crate-name pg_class_seams --edition=2021 crates/backend/catalog/pg_class_seams/src/lib.rs --error-format=json --json=diagnostic-rendered-ansi,artifacts,future-incompat --crate-type lib --emit=dep-info,metadata,link -C embed-bitcode=no -C debuginfo=line-tables-only -C split-debuginfo=unpacked --check-cfg 'cfg(docsrs,test)' --check-cfg 'cfg(feature, values())' -C metadata=2b4336e079d5266e -C extra-filename=-65a0c0529339b7a9 --out-dir /tmp/cargo-mutants-src-gTTC8i.tmp/target/debug/deps -L dependency=/tmp/cargo-mutants-src-gTTC8i.tmp/target/debug/deps --extern seam_core=/tmp/cargo-mutants-src-gTTC8i.tmp/target/debug/deps/libseam_core-922382ec553c8555.rmeta --extern types_error=/tmp/cargo-mutants-src-gTTC8i.tmp/target/debug/deps/libtypes_error-c16bdb10ad7f34c8.rmeta`
   Compiling file_seams v0.0.0 (/tmp/cargo-mutants-src-gTTC8i.tmp/crates/backend/storage/file/file_seams)
     Running `/usr/local/rustup/toolchains/1.96.0-aarch64-unknown-linux-gnu/bin/rustc --crate-name file_seams --edition=2021 crates/backend/storage/file/file_seams/src/lib.rs --error-format=json --json=diagnostic-rendered-ansi,artifacts,future-incompat --crate-type lib --emit=dep-info,metadata,link -C embed-bitcode=no -C debuginfo=line-tables-only -C split-debuginfo=unpacked --check-cfg 'cfg(docsrs,test)' --check-cfg 'cfg(feature, values())' -C metadata=ac50eb5fd6009280 -C extra-filename=-653fb2e027bfae98 --out-dir /tmp/cargo-mutants-src-gTTC8i.tmp/target/debug/deps -L dependency=/tmp/cargo-mutants-src-gTTC8i.tmp/target/debug/deps --extern seam_core=/tmp/cargo-mutants-src-gTTC8i.tmp/target/debug/deps/libseam_core-922382ec553c8555.rmeta --extern types_error=/tmp/cargo-mutants-src-gTTC8i.tmp/target/debug/deps/libtypes_error-c16bdb10ad7f34c8.rmeta`
   Compiling pmsignal_seams v0.0.0 (/tmp/cargo-mutants-src-gTTC8i.tmp/crates/backend/storage/ipc/pmsignal_seams)
     Running `/usr/local/rustup/toolchains/1.96.0-aarch64-unknown-linux-gnu/bin/rustc --crate-name pmsignal_seams --edition=2021 crates/backend/storage/ipc/pmsignal_seams/src/lib.rs --error-format=json --json=diagnostic-rendered-ansi,artifacts,future-incompat --crate-type lib --emit=dep-info,metadata,link -C embed-bitcode=no -C debuginfo=line-tables-only -C split-debuginfo=unpacked --check-cfg 'cfg(docsrs,test)' --check-cfg 'cfg(feature, values())' -C metadata=a62258c5def9387f -C extra-filename=-9481a09608ff5757 --out-dir /tmp/cargo-mutants-src-gTTC8i.tmp/target/debug/deps -L dependency=/tmp/cargo-mutants-src-gTTC8i.tmp/target/debug/deps --extern seam_core=/tmp/cargo-mutants-src-gTTC8i.tmp/target/debug/deps/libseam_core-922382ec553c8555.rmeta`
   Compiling postmaster_seams v0.0.0 (/tmp/cargo-mutants-src-gTTC8i.tmp/crates/backend/postmaster/postmaster_seams)
     Running `/usr/local/rustup/toolchains/1.96.0-aarch64-unknown-linux-gnu/bin/rustc --crate-name postmaster_seams --edition=2021 crates/backend/postmaster/postmaster_seams/src/lib.rs --error-format=json --json=diagnostic-rendered-ansi,artifacts,future-incompat --crate-type lib --emit=dep-info,metadata,link -C embed-bitcode=no -C debuginfo=line-tables-only -C split-debuginfo=unpacked --check-cfg 'cfg(docsrs,test)' --check-cfg 'cfg(feature, values())' -C metadata=79c6a62631d21a06 -C extra-filename=-6ff465a4ec3fe372 --out-dir /tmp/cargo-mutants-src-gTTC8i.tmp/target/debug/deps -L dependency=/tmp/cargo-mutants-src-gTTC8i.tmp/target/debug/deps --extern seam_core=/tmp/cargo-mutants-src-gTTC8i.tmp/target/debug/deps/libseam_core-922382ec553c8555.rmeta --extern types_core=/tmp/cargo-mutants-src-gTTC8i.tmp/target/debug/deps/libtypes_core-0d9118de0dbccbea.rmeta`
   Compiling xlogutils_seams v0.0.0 (/tmp/cargo-mutants-src-gTTC8i.tmp/crates/backend/access/transam/xlogutils_seams)
     Running `/usr/local/rustup/toolchains/1.96.0-aarch64-unknown-linux-gnu/bin/rustc --crate-name xlogutils_seams --edition=2021 crates/backend/access/transam/xlogutils_seams/src/lib.rs --error-format=json --json=diagnostic-rendered-ansi,artifacts,future-incompat --crate-type lib --emit=dep-info,metadata,link -C embed-bitcode=no -C debuginfo=line-tables-only -C split-debuginfo=unpacked --check-cfg 'cfg(docsrs,test)' --check-cfg 'cfg(feature, values())' -C metadata=175bab3b4e86ddb9 -C extra-filename=-e594fa6222a5ce97 --out-dir /tmp/cargo-mutants-src-gTTC8i.tmp/target/debug/deps -L dependency=/tmp/cargo-mutants-src-gTTC8i.tmp/target/debug/deps --extern seam_core=/tmp/cargo-mutants-src-gTTC8i.tmp/target/debug/deps/libseam_core-922382ec553c8555.rmeta`
   Compiling types_array v0.1.0 (/tmp/cargo-mutants-src-gTTC8i.tmp/crates/_support/types/array)
     Running `/usr/local/rustup/toolchains/1.96.0-aarch64-unknown-linux-gnu/bin/rustc --crate-name types_array --edition=2021 crates/_support/types/array/src/lib.rs --error-format=json --json=diagnostic-rendered-ansi,artifacts,future-incompat --crate-type lib --emit=dep-info,metadata,link -C embed-bitcode=no -C debuginfo=line-tables-only -C split-debuginfo=unpacked --check-cfg 'cfg(docsrs,test)' --check-cfg 'cfg(feature, values())' -C metadata=717527ba419f5d57 -C extra-filename=-30e359ef1718579f --out-dir /tmp/cargo-mutants-src-gTTC8i.tmp/target/debug/deps -L dependency=/tmp/cargo-mutants-src-gTTC8i.tmp/target/debug/deps --extern types_core=/tmp/cargo-mutants-src-gTTC8i.tmp/target/debug/deps/libtypes_core-0d9118de0dbccbea.rmeta`
   Compiling hashfn v0.1.0 (/tmp/cargo-mutants-src-gTTC8i.tmp/crates/common/hashfn)
     Running `/usr/local/rustup/toolchains/1.96.0-aarch64-unknown-linux-gnu/bin/rustc --crate-name hashfn --edition=2021 crates/common/hashfn/src/lib.rs --error-format=json --json=diagnostic-rendered-ansi,artifacts,future-incompat --crate-type lib --emit=dep-info,metadata,link -C embed-bitcode=no -C debuginfo=line-tables-only -C split-debuginfo=unpacked --check-cfg 'cfg(docsrs,test)' --check-cfg 'cfg(feature, values())' -C metadata=86c8e5474cf5eb76 -C extra-filename=-8ec06fb271902362 --out-dir /tmp/cargo-mutants-src-gTTC8i.tmp/target/debug/deps -L dependency=/tmp/cargo-mutants-src-gTTC8i.tmp/target/debug/deps`
   Compiling twophase_seams v0.0.0 (/tmp/cargo-mutants-src-gTTC8i.tmp/crates/backend/access/transam/twophase_seams)
   Compiling varsup_seams v0.0.0 (/tmp/cargo-mutants-src-gTTC8i.tmp/crates/backend/access/transam/varsup_seams)
     Running `/usr/local/rustup/toolchains/1.96.0-aarch64-unknown-linux-gnu/bin/rustc --crate-name varsup_seams --edition=2021 crates/backend/access/transam/varsup_seams/src/lib.rs --error-format=json --json=diagnostic-rendered-ansi,artifacts,future-incompat --crate-type lib --emit=dep-info,metadata,link -C embed-bitcode=no -C debuginfo=line-tables-only -C split-debuginfo=unpacked --check-cfg 'cfg(docsrs,test)' --check-cfg 'cfg(feature, values())' -C metadata=a592b62c3b3abaf2 -C extra-filename=-09aa8d09d9f64b7a --out-dir /tmp/cargo-mutants-src-gTTC8i.tmp/target/debug/deps -L dependency=/tmp/cargo-mutants-src-gTTC8i.tmp/target/debug/deps --extern seam_core=/tmp/cargo-mutants-src-gTTC8i.tmp/target/debug/deps/libseam_core-922382ec553c8555.rmeta --extern types_core=/tmp/cargo-mutants-src-gTTC8i.tmp/target/debug/deps/libtypes_core-0d9118de0dbccbea.rmeta --extern types_error=/tmp/cargo-mutants-src-gTTC8i.tmp/target/debug/deps/libtypes_error-c16bdb10ad7f34c8.rmeta`
     Running `/usr/local/rustup/toolchains/1.96.0-aarch64-unknown-linux-gnu/bin/rustc --crate-name twophase_seams --edition=2021 crates/backend/access/transam/twophase_seams/src/lib.rs --error-format=json --json=diagnostic-rendered-ansi,artifacts,future-incompat --crate-type lib --emit=dep-info,metadata,link -C embed-bitcode=no -C debuginfo=line-tables-only -C split-debuginfo=unpacked --check-cfg 'cfg(docsrs,test)' --check-cfg 'cfg(feature, values())' -C metadata=4dd6e1459cd7c5f3 -C extra-filename=-4a54991667fd1440 --out-dir /tmp/cargo-mutants-src-gTTC8i.tmp/target/debug/deps -L dependency=/tmp/cargo-mutants-src-gTTC8i.tmp/target/debug/deps --extern seam_core=/tmp/cargo-mutants-src-gTTC8i.tmp/target/debug/deps/libseam_core-922382ec553c8555.rmeta --extern types_core=/tmp/cargo-mutants-src-gTTC8i.tmp/target/debug/deps/libtypes_core-0d9118de0dbccbea.rmeta --extern types_error=/tmp/cargo-mutants-src-gTTC8i.tmp/target/debug/deps/libtypes_error-c16bdb10ad7f34c8.rmeta`
   Compiling transam_seams v0.0.0 (/tmp/cargo-mutants-src-gTTC8i.tmp/crates/backend/access/transam/transam_seams)
     Running `/usr/local/rustup/toolchains/1.96.0-aarch64-unknown-linux-gnu/bin/rustc --crate-name transam_seams --edition=2021 crates/backend/access/transam/transam_seams/src/lib.rs --error-format=json --json=diagnostic-rendered-ansi,artifacts,future-incompat --crate-type lib --emit=dep-info,metadata,link -C embed-bitcode=no -C debuginfo=line-tables-only -C split-debuginfo=unpacked --check-cfg 'cfg(docsrs,test)' --check-cfg 'cfg(feature, values())' -C metadata=4e616ee5f566fecf -C extra-filename=-7c4de977bdac60e1 --out-dir /tmp/cargo-mutants-src-gTTC8i.tmp/target/debug/deps -L dependency=/tmp/cargo-mutants-src-gTTC8i.tmp/target/debug/deps --extern seam_core=/tmp/cargo-mutants-src-gTTC8i.tmp/target/debug/deps/libseam_core-922382ec553c8555.rmeta --extern types_core=/tmp/cargo-mutants-src-gTTC8i.tmp/target/debug/deps/libtypes_core-0d9118de0dbccbea.rmeta --extern types_error=/tmp/cargo-mutants-src-gTTC8i.tmp/target/debug/deps/libtypes_error-c16bdb10ad7f34c8.rmeta`
   Compiling numutils v0.1.0 (/tmp/cargo-mutants-src-gTTC8i.tmp/crates/backend/utils/adt/numutils)
     Running `/usr/local/rustup/toolchains/1.96.0-aarch64-unknown-linux-gnu/bin/rustc --crate-name numutils --edition=2021 crates/backend/utils/adt/numutils/src/lib.rs --error-format=json --json=diagnostic-rendered-ansi,artifacts,future-incompat --crate-type lib --emit=dep-info,metadata,link -C embed-bitcode=no -C debuginfo=line-tables-only -C split-debuginfo=unpacked --check-cfg 'cfg(docsrs,test)' --check-cfg 'cfg(feature, values())' -C metadata=b34e118810b78780 -C extra-filename=-5598b11d335544bb --out-dir /tmp/cargo-mutants-src-gTTC8i.tmp/target/debug/deps -L dependency=/tmp/cargo-mutants-src-gTTC8i.tmp/target/debug/deps --extern types_error=/tmp/cargo-mutants-src-gTTC8i.tmp/target/debug/deps/libtypes_error-c16bdb10ad7f34c8.rmeta`
   Compiling lsyscache_seams v0.1.0 (/tmp/cargo-mutants-src-gTTC8i.tmp/crates/backend/utils/cache/lsyscache_seams)
     Running `/usr/local/rustup/toolchains/1.96.0-aarch64-unknown-linux-gnu/bin/rustc --crate-name lsyscache_seams --edition=2021 crates/backend/utils/cache/lsyscache_seams/src/lib.rs --error-format=json --json=diagnostic-rendered-ansi,artifacts,future-incompat --crate-type lib --emit=dep-info,metadata,link -C embed-bitcode=no -C debuginfo=line-tables-only -C split-debuginfo=unpacked --check-cfg 'cfg(docsrs,test)' --check-cfg 'cfg(feature, values())' -C metadata=8db70b61530e4417 -C extra-filename=-4a973b24efe5cb56 --out-dir /tmp/cargo-mutants-src-gTTC8i.tmp/target/debug/deps -L dependency=/tmp/cargo-mutants-src-gTTC8i.tmp/target/debug/deps --extern seam_core=/tmp/cargo-mutants-src-gTTC8i.tmp/target/debug/deps/libseam_core-922382ec553c8555.rmeta --extern types_core=/tmp/cargo-mutants-src-gTTC8i.tmp/target/debug/deps/libtypes_core-0d9118de0dbccbea.rmeta --extern types_error=/tmp/cargo-mutants-src-gTTC8i.tmp/target/debug/deps/libtypes_error-c16bdb10ad7f34c8.rmeta`
   Compiling inval_seams v0.0.0 (/tmp/cargo-mutants-src-gTTC8i.tmp/crates/backend/utils/cache/inval_seams)
     Running `/usr/local/rustup/toolchains/1.96.0-aarch64-unknown-linux-gnu/bin/rustc --crate-name inval_seams --edition=2021 crates/backend/utils/cache/inval_seams/src/lib.rs --error-format=json --json=diagnostic-rendered-ansi,artifacts,future-incompat --crate-type lib --emit=dep-info,metadata,link -C embed-bitcode=no -C debuginfo=line-tables-only -C split-debuginfo=unpacked --check-cfg 'cfg(docsrs,test)' --check-cfg 'cfg(feature, values())' -C metadata=82c13e0e04243869 -C extra-filename=-f7dc46e82cb5fa0c --out-dir /tmp/cargo-mutants-src-gTTC8i.tmp/target/debug/deps -L dependency=/tmp/cargo-mutants-src-gTTC8i.tmp/target/debug/deps --extern seam_core=/tmp/cargo-mutants-src-gTTC8i.tmp/target/debug/deps/libseam_core-922382ec553c8555.rmeta --extern types_error=/tmp/cargo-mutants-src-gTTC8i.tmp/target/debug/deps/libtypes_error-c16bdb10ad7f34c8.rmeta`
     Running `/tmp/cargo-mutants-src-gTTC8i.tmp/target/debug/build/keywords-7a4e256d07c61dd3/build-script-build`
     Running `/usr/local/rustup/toolchains/1.96.0-aarch64-unknown-linux-gnu/bin/rustc --crate-name keywords --edition=2021 crates/common/keywords/src/lib.rs --error-format=json --json=diagnostic-rendered-ansi,artifacts,future-incompat --crate-type lib --emit=dep-info,metadata,link -C embed-bitcode=no -C debuginfo=line-tables-only -C split-debuginfo=unpacked --check-cfg 'cfg(docsrs,test)' --check-cfg 'cfg(feature, values())' -C metadata=54196a79b9e29b75 -C extra-filename=-3eff9d0dfa642415 --out-dir /tmp/cargo-mutants-src-gTTC8i.tmp/target/debug/deps -L dependency=/tmp/cargo-mutants-src-gTTC8i.tmp/target/debug/deps`
   Compiling relmapper_seams v0.0.0 (/tmp/cargo-mutants-src-gTTC8i.tmp/crates/backend/utils/cache/relmapper_seams)
     Running `/usr/local/rustup/toolchains/1.96.0-aarch64-unknown-linux-gnu/bin/rustc --crate-name relmapper_seams --edition=2021 crates/backend/utils/cache/relmapper_seams/src/lib.rs --error-format=json --json=diagnostic-rendered-ansi,artifacts,future-incompat --crate-type lib --emit=dep-info,metadata,link -C embed-bitcode=no -C debuginfo=line-tables-only -C split-debuginfo=unpacked --check-cfg 'cfg(docsrs,test)' --check-cfg 'cfg(feature, values())' -C metadata=8d13d0badf1e4ec2 -C extra-filename=-b2b13430e83c935d --out-dir /tmp/cargo-mutants-src-gTTC8i.tmp/target/debug/deps -L dependency=/tmp/cargo-mutants-src-gTTC8i.tmp/target/debug/deps --extern seam_core=/tmp/cargo-mutants-src-gTTC8i.tmp/target/debug/deps/libseam_core-922382ec553c8555.rmeta --extern types_core=/tmp/cargo-mutants-src-gTTC8i.tmp/target/debug/deps/libtypes_core-0d9118de0dbccbea.rmeta --extern types_error=/tmp/cargo-mutants-src-gTTC8i.tmp/target/debug/deps/libtypes_error-c16bdb10ad7f34c8.rmeta`
   Compiling string_seams v0.0.0 (/tmp/cargo-mutants-src-gTTC8i.tmp/crates/common/string_seams)
     Running `/usr/local/rustup/toolchains/1.96.0-aarch64-unknown-linux-gnu/bin/rustc --crate-name string_seams --edition=2021 crates/common/string_seams/src/lib.rs --error-format=json --json=diagnostic-rendered-ansi,artifacts,future-incompat --crate-type lib --emit=dep-info,metadata,link -C embed-bitcode=no -C debuginfo=line-tables-only -C split-debuginfo=unpacked --check-cfg 'cfg(docsrs,test)' --check-cfg 'cfg(feature, values())' -C metadata=b21638421fe8c887 -C extra-filename=-bf36361631770f8d --out-dir /tmp/cargo-mutants-src-gTTC8i.tmp/target/debug/deps -L dependency=/tmp/cargo-mutants-src-gTTC8i.tmp/target/debug/deps --extern seam_core=/tmp/cargo-mutants-src-gTTC8i.tmp/target/debug/deps/libseam_core-922382ec553c8555.rmeta`
   Compiling arrayutils v0.1.0 (/tmp/cargo-mutants-src-gTTC8i.tmp/crates/backend/utils/adt/arrayutils)
     Running `/usr/local/rustup/toolchains/1.96.0-aarch64-unknown-linux-gnu/bin/rustc --crate-name arrayutils --edition=2021 crates/backend/utils/adt/arrayutils/src/lib.rs --error-format=json --json=diagnostic-rendered-ansi,artifacts,future-incompat --crate-type lib --emit=dep-info,metadata,link -C embed-bitcode=no -C debuginfo=line-tables-only -C split-debuginfo=unpacked --check-cfg 'cfg(docsrs,test)' --check-cfg 'cfg(feature, values())' -C metadata=68f8190461c7528e -C extra-filename=-ad9c05eaa0a154ff --out-dir /tmp/cargo-mutants-src-gTTC8i.tmp/target/debug/deps -L dependency=/tmp/cargo-mutants-src-gTTC8i.tmp/target/debug/deps --extern types_error=/tmp/cargo-mutants-src-gTTC8i.tmp/target/debug/deps/libtypes_error-c16bdb10ad7f34c8.rmeta`
   Compiling find-msvc-tools v0.1.9
   Compiling pg_string v0.0.0 (/tmp/cargo-mutants-src-gTTC8i.tmp/crates/common/string)
     Running `/usr/local/rustup/toolchains/1.96.0-aarch64-unknown-linux-gnu/bin/rustc --crate-name find_msvc_tools --edition=2018 /usr/local/cargo/registry/src/index.crates.io-1949cf8c6b5b557f/find-msvc-tools-0.1.9/src/lib.rs --error-format=json --json=diagnostic-rendered-ansi,artifacts,future-incompat --crate-type lib --emit=dep-info,metadata,link -C embed-bitcode=no --allow=unexpected_cfgs --check-cfg 'cfg(disable_clang_cl_tests)' --check-cfg 'cfg(docsrs,test)' --check-cfg 'cfg(feature, values())' -C metadata=4149ab12ee39e9a8 -C extra-filename=-8107e27bded07137 --out-dir /tmp/cargo-mutants-src-gTTC8i.tmp/target/debug/deps -L dependency=/tmp/cargo-mutants-src-gTTC8i.tmp/target/debug/deps --cap-lints allow`
     Running `/usr/local/rustup/toolchains/1.96.0-aarch64-unknown-linux-gnu/bin/rustc --crate-name pg_string --edition=2021 crates/common/string/src/lib.rs --error-format=json --json=diagnostic-rendered-ansi,artifacts,future-incompat --crate-type lib --emit=dep-info,metadata,link -C embed-bitcode=no -C debuginfo=line-tables-only -C split-debuginfo=unpacked --check-cfg 'cfg(docsrs,test)' --check-cfg 'cfg(feature, values())' -C metadata=b21580875ce0aeb2 -C extra-filename=-7f704ba2fb9e8971 --out-dir /tmp/cargo-mutants-src-gTTC8i.tmp/target/debug/deps -L dependency=/tmp/cargo-mutants-src-gTTC8i.tmp/target/debug/deps --extern string_seams=/tmp/cargo-mutants-src-gTTC8i.tmp/target/debug/deps/libstring_seams-bf36361631770f8d.rmeta`
   Compiling shlex v2.0.1
     Running `/usr/local/rustup/toolchains/1.96.0-aarch64-unknown-linux-gnu/bin/rustc --crate-name shlex --edition=2018 /usr/local/cargo/registry/src/index.crates.io-1949cf8c6b5b557f/shlex-2.0.1/src/lib.rs --error-format=json --json=diagnostic-rendered-ansi,artifacts,future-incompat --crate-type lib --emit=dep-info,metadata,link -C embed-bitcode=no --warn=unexpected_cfgs --check-cfg 'cfg(manual_codegen_check)' --cfg 'feature="default"' --cfg 'feature="std"' --check-cfg 'cfg(docsrs,test)' --check-cfg 'cfg(feature, values("default", "std"))' -C metadata=05e0d697997dcf81 -C extra-filename=-0592b6e624cce5e1 --out-dir /tmp/cargo-mutants-src-gTTC8i.tmp/target/debug/deps -L dependency=/tmp/cargo-mutants-src-gTTC8i.tmp/target/debug/deps --cap-lints allow`
   Compiling pg_prng_seams v0.0.0 (/tmp/cargo-mutants-src-gTTC8i.tmp/crates/port/pg_prng_seams)
     Running `/usr/local/rustup/toolchains/1.96.0-aarch64-unknown-linux-gnu/bin/rustc --crate-name pg_prng_seams --edition=2021 crates/port/pg_prng_seams/src/lib.rs --error-format=json --json=diagnostic-rendered-ansi,artifacts,future-incompat --crate-type lib --emit=dep-info,metadata,link -C embed-bitcode=no -C debuginfo=line-tables-only -C split-debuginfo=unpacked --check-cfg 'cfg(docsrs,test)' --check-cfg 'cfg(feature, values())' -C metadata=c3b357114a1ac487 -C extra-filename=-593fcf51da71393e --out-dir /tmp/cargo-mutants-src-gTTC8i.tmp/target/debug/deps -L dependency=/tmp/cargo-mutants-src-gTTC8i.tmp/target/debug/deps --extern seam_core=/tmp/cargo-mutants-src-gTTC8i.tmp/target/debug/deps/libseam_core-922382ec553c8555.rmeta --extern types_core=/tmp/cargo-mutants-src-gTTC8i.tmp/target/debug/deps/libtypes_core-0d9118de0dbccbea.rmeta --extern types_error=/tmp/cargo-mutants-src-gTTC8i.tmp/target/debug/deps/libtypes_error-c16bdb10ad7f34c8.rmeta`
   Compiling ryu v0.1.0 (/tmp/cargo-mutants-src-gTTC8i.tmp/crates/common/ryu)
     Running `/usr/local/rustup/toolchains/1.96.0-aarch64-unknown-linux-gnu/bin/rustc --crate-name ryu --edition=2021 crates/common/ryu/src/lib.rs --error-format=json --json=diagnostic-rendered-ansi,artifacts,future-incompat --crate-type lib --emit=dep-info,metadata,link -C embed-bitcode=no -C debuginfo=line-tables-only -C split-debuginfo=unpacked --check-cfg 'cfg(docsrs,test)' --check-cfg 'cfg(feature, values())' -C metadata=57ad28e4a4213985 -C extra-filename=-9a1f497611dea3da --out-dir /tmp/cargo-mutants-src-gTTC8i.tmp/target/debug/deps -L dependency=/tmp/cargo-mutants-src-gTTC8i.tmp/target/debug/deps`
   Compiling pg_clock v0.1.0 (/tmp/cargo-mutants-src-gTTC8i.tmp/crates/port/pg_clock)
     Running `/usr/local/rustup/toolchains/1.96.0-aarch64-unknown-linux-gnu/bin/rustc --crate-name pg_clock --edition=2021 crates/port/pg_clock/src/lib.rs --error-format=json --json=diagnostic-rendered-ansi,artifacts,future-incompat --crate-type lib --emit=dep-info,metadata,link -C embed-bitcode=no -C debuginfo=line-tables-only -C split-debuginfo=unpacked --warn=unexpected_cfgs --check-cfg 'cfg(pgrust_sim)' --check-cfg 'cfg(loom)' --check-cfg 'cfg(docsrs,test)' --check-cfg 'cfg(feature, values())' -C metadata=3e91868a358f72d7 -C extra-filename=-38e34889854596c7 --out-dir /tmp/cargo-mutants-src-gTTC8i.tmp/target/debug/deps -L dependency=/tmp/cargo-mutants-src-gTTC8i.tmp/target/debug/deps --extern libc=/tmp/cargo-mutants-src-gTTC8i.tmp/target/debug/deps/liblibc-48f06ccd9be8c4ac.rmeta`
   Compiling pg_strong_random v0.1.0 (/tmp/cargo-mutants-src-gTTC8i.tmp/crates/port/pg_strong_random)
     Running `/usr/local/rustup/toolchains/1.96.0-aarch64-unknown-linux-gnu/bin/rustc --crate-name pg_strong_random --edition=2021 crates/port/pg_strong_random/src/lib.rs --error-format=json --json=diagnostic-rendered-ansi,artifacts,future-incompat --crate-type lib --emit=dep-info,metadata,link -C embed-bitcode=no -C debuginfo=line-tables-only -C split-debuginfo=unpacked --warn=unexpected_cfgs --check-cfg 'cfg(pgrust_sim)' --check-cfg 'cfg(docsrs,test)' --check-cfg 'cfg(feature, values())' -C metadata=f432b3b063a05c55 -C extra-filename=-e04b3fcacebde51e --out-dir /tmp/cargo-mutants-src-gTTC8i.tmp/target/debug/deps -L dependency=/tmp/cargo-mutants-src-gTTC8i.tmp/target/debug/deps --extern libc=/tmp/cargo-mutants-src-gTTC8i.tmp/target/debug/deps/liblibc-48f06ccd9be8c4ac.rmeta`
   Compiling ip v0.0.0 (/tmp/cargo-mutants-src-gTTC8i.tmp/crates/common/ip)
   Compiling vfs v0.0.0 (/tmp/cargo-mutants-src-gTTC8i.tmp/crates/backend/storage/file/vfs)
     Running `/usr/local/rustup/toolchains/1.96.0-aarch64-unknown-linux-gnu/bin/rustc --crate-name ip --edition=2021 crates/common/ip/src/lib.rs --error-format=json --json=diagnostic-rendered-ansi,artifacts,future-incompat --crate-type lib --emit=dep-info,metadata,link -C embed-bitcode=no -C debuginfo=line-tables-only -C split-debuginfo=unpacked --check-cfg 'cfg(docsrs,test)' --check-cfg 'cfg(feature, values())' -C metadata=e3c198cc7027e4d3 -C extra-filename=-e4e19f713562d925 --out-dir /tmp/cargo-mutants-src-gTTC8i.tmp/target/debug/deps -L dependency=/tmp/cargo-mutants-src-gTTC8i.tmp/target/debug/deps --extern libc=/tmp/cargo-mutants-src-gTTC8i.tmp/target/debug/deps/liblibc-48f06ccd9be8c4ac.rmeta`
     Running `/usr/local/rustup/toolchains/1.96.0-aarch64-unknown-linux-gnu/bin/rustc --crate-name vfs --edition=2021 crates/backend/storage/file/vfs/src/lib.rs --error-format=json --json=diagnostic-rendered-ansi,artifacts,future-incompat --crate-type lib --emit=dep-info,metadata,link -C embed-bitcode=no -C debuginfo=line-tables-only -C split-debuginfo=unpacked --warn=unexpected_cfgs --check-cfg 'cfg(pgrust_sim)' --check-cfg 'cfg(docsrs,test)' --check-cfg 'cfg(feature, values())' -C metadata=cb8d9a2a5041d9e5 -C extra-filename=-e98a9d326f51d35a --out-dir /tmp/cargo-mutants-src-gTTC8i.tmp/target/debug/deps -L dependency=/tmp/cargo-mutants-src-gTTC8i.tmp/target/debug/deps --extern libc=/tmp/cargo-mutants-src-gTTC8i.tmp/target/debug/deps/liblibc-48f06ccd9be8c4ac.rmeta`
   Compiling cc v1.2.66
     Running `/usr/local/rustup/toolchains/1.96.0-aarch64-unknown-linux-gnu/bin/rustc --crate-name cc --edition=2018 /usr/local/cargo/registry/src/index.crates.io-1949cf8c6b5b557f/cc-1.2.66/src/lib.rs --error-format=json --json=diagnostic-rendered-ansi,artifacts,future-incompat --crate-type lib --emit=dep-info,metadata,link -C embed-bitcode=no --allow=unexpected_cfgs --check-cfg 'cfg(disable_clang_cl_tests)' --check-cfg 'cfg(docsrs,test)' --check-cfg 'cfg(feature, values("jobserver", "parallel"))' -C metadata=6f44085b04080459 -C extra-filename=-b9e1d151b77759f3 --out-dir /tmp/cargo-mutants-src-gTTC8i.tmp/target/debug/deps -L dependency=/tmp/cargo-mutants-src-gTTC8i.tmp/target/debug/deps --extern find_msvc_tools=/tmp/cargo-mutants-src-gTTC8i.tmp/target/debug/deps/libfind_msvc_tools-8107e27bded07137.rmeta --extern shlex=/tmp/cargo-mutants-src-gTTC8i.tmp/target/debug/deps/libshlex-0592b6e624cce5e1.rmeta --cap-lints allow`
   Compiling pkg-config v0.3.33
     Running `/usr/local/rustup/toolchains/1.96.0-aarch64-unknown-linux-gnu/bin/rustc --crate-name pkg_config --edition=2018 /usr/local/cargo/registry/src/index.crates.io-1949cf8c6b5b557f/pkg-config-0.3.33/src/lib.rs --error-format=json --json=diagnostic-rendered-ansi,artifacts,future-incompat --crate-type lib --emit=dep-info,metadata,link -C embed-bitcode=no --check-cfg 'cfg(docsrs,test)' --check-cfg 'cfg(feature, values())' -C metadata=a979b1759defa7cf -C extra-filename=-011f0ca498035181 --out-dir /tmp/cargo-mutants-src-gTTC8i.tmp/target/debug/deps -L dependency=/tmp/cargo-mutants-src-gTTC8i.tmp/target/debug/deps --cap-lints allow`
   Compiling pgsync v0.1.0 (/tmp/cargo-mutants-src-gTTC8i.tmp/crates/_support/pgsync)
     Running `/usr/local/rustup/toolchains/1.96.0-aarch64-unknown-linux-gnu/bin/rustc --crate-name pgsync --edition=2021 crates/_support/pgsync/src/lib.rs --error-format=json --json=diagnostic-rendered-ansi,artifacts,future-incompat --crate-type lib --emit=dep-info,metadata,link -C embed-bitcode=no -C debuginfo=line-tables-only -C split-debuginfo=unpacked --warn=unexpected_cfgs --check-cfg 'cfg(loom)' --check-cfg 'cfg(pgrust_sim)' --check-cfg 'cfg(docsrs,test)' --check-cfg 'cfg(feature, values())' -C metadata=474f7c925864b412 -C extra-filename=-a0f9f0b078dee507 --out-dir /tmp/cargo-mutants-src-gTTC8i.tmp/target/debug/deps -L dependency=/tmp/cargo-mutants-src-gTTC8i.tmp/target/debug/deps --extern pg_clock=/tmp/cargo-mutants-src-gTTC8i.tmp/target/debug/deps/libpg_clock-38e34889854596c7.rmeta --extern pg_strong_random=/tmp/cargo-mutants-src-gTTC8i.tmp/target/debug/deps/libpg_strong_random-e04b3fcacebde51e.rmeta`
   Compiling pg_prng v0.1.0 (/tmp/cargo-mutants-src-gTTC8i.tmp/crates/common/pg_prng)
     Running `/usr/local/rustup/toolchains/1.96.0-aarch64-unknown-linux-gnu/bin/rustc --crate-name pg_prng --edition=2021 crates/common/pg_prng/src/lib.rs --error-format=json --json=diagnostic-rendered-ansi,artifacts,future-incompat --crate-type lib --emit=dep-info,metadata,link -C embed-bitcode=no -C debuginfo=line-tables-only -C split-debuginfo=unpacked --check-cfg 'cfg(docsrs,test)' --check-cfg 'cfg(feature, values())' -C metadata=15c23d028bcd25a6 -C extra-filename=-a84ee6ac59941202 --out-dir /tmp/cargo-mutants-src-gTTC8i.tmp/target/debug/deps -L dependency=/tmp/cargo-mutants-src-gTTC8i.tmp/target/debug/deps --extern pg_prng_seams=/tmp/cargo-mutants-src-gTTC8i.tmp/target/debug/deps/libpg_prng_seams-593fcf51da71393e.rmeta`
   Compiling hyperloglog v0.1.0 (/tmp/cargo-mutants-src-gTTC8i.tmp/crates/backend/lib/hyperloglog)
   Compiling unicode_category v0.1.0 (/tmp/cargo-mutants-src-gTTC8i.tmp/crates/common/unicode_category)
     Running `/usr/local/rustup/toolchains/1.96.0-aarch64-unknown-linux-gnu/bin/rustc --crate-name build_script_build --edition=2021 crates/common/unicode_category/build.rs --error-format=json --json=diagnostic-rendered-ansi,artifacts,future-incompat --crate-type bin --emit=dep-info,link -C embed-bitcode=no --check-cfg 'cfg(docsrs,test)' --check-cfg 'cfg(feature, values())' -C metadata=2ee6729121147758 -C extra-filename=-cae71182e3ad5199 --out-dir /tmp/cargo-mutants-src-gTTC8i.tmp/target/debug/build/unicode_category-cae71182e3ad5199 -L dependency=/tmp/cargo-mutants-src-gTTC8i.tmp/target/debug/deps`
   Compiling postgres_seams v0.0.0 (/tmp/cargo-mutants-src-gTTC8i.tmp/crates/backend/tcop/postgres_seams)
     Running `/usr/local/rustup/toolchains/1.96.0-aarch64-unknown-linux-gnu/bin/rustc --crate-name postgres_seams --edition=2021 crates/backend/tcop/postgres_seams/src/lib.rs --error-format=json --json=diagnostic-rendered-ansi,artifacts,future-incompat --crate-type lib --emit=dep-info,metadata,link -C embed-bitcode=no -C debuginfo=line-tables-only -C split-debuginfo=unpacked --warn=unexpected_cfgs --check-cfg 'cfg(pgrust_sim)' --check-cfg 'cfg(docsrs,test)' --check-cfg 'cfg(feature, values())' -C metadata=2d2ef76369007521 -C extra-filename=-45e1a8825ae08cba --out-dir /tmp/cargo-mutants-src-gTTC8i.tmp/target/debug/deps -L dependency=/tmp/cargo-mutants-src-gTTC8i.tmp/target/debug/deps --extern seam_core=/tmp/cargo-mutants-src-gTTC8i.tmp/target/debug/deps/libseam_core-922382ec553c8555.rmeta --extern types_error=/tmp/cargo-mutants-src-gTTC8i.tmp/target/debug/deps/libtypes_error-c16bdb10ad7f34c8.rmeta`
     Running `/usr/local/rustup/toolchains/1.96.0-aarch64-unknown-linux-gnu/bin/rustc --crate-name hyperloglog --edition=2021 crates/backend/lib/hyperloglog/src/lib.rs --error-format=json --json=diagnostic-rendered-ansi,artifacts,future-incompat --crate-type lib --emit=dep-info,metadata,link -C embed-bitcode=no -C debuginfo=line-tables-only -C split-debuginfo=unpacked --check-cfg 'cfg(docsrs,test)' --check-cfg 'cfg(feature, values())' -C metadata=7bda0a8d2cc4a402 -C extra-filename=-1f3859dae7cea2a7 --out-dir /tmp/cargo-mutants-src-gTTC8i.tmp/target/debug/deps -L dependency=/tmp/cargo-mutants-src-gTTC8i.tmp/target/debug/deps`
   Compiling pglz v0.1.0 (/tmp/cargo-mutants-src-gTTC8i.tmp/crates/common/pglz)
   Compiling memchr v2.8.3
     Running `/usr/local/rustup/toolchains/1.96.0-aarch64-unknown-linux-gnu/bin/rustc --crate-name memchr --edition=2021 /usr/local/cargo/registry/src/index.crates.io-1949cf8c6b5b557f/memchr-2.8.3/src/lib.rs --error-format=json --json=diagnostic-rendered-ansi,artifacts,future-incompat --crate-type lib --emit=dep-info,metadata,link -C embed-bitcode=no -C debuginfo=line-tables-only -C split-debuginfo=unpacked --check-cfg 'cfg(docsrs,test)' --check-cfg 'cfg(feature, values("alloc", "core", "default", "libc", "logging", "rustc-dep-of-std", "std", "use_std"))' -C metadata=d78672a50e8ae85c -C extra-filename=-7d6aff88e8c65ad7 --out-dir /tmp/cargo-mutants-src-gTTC8i.tmp/target/debug/deps -L dependency=/tmp/cargo-mutants-src-gTTC8i.tmp/target/debug/deps --cap-lints allow`
     Running `/usr/local/rustup/toolchains/1.96.0-aarch64-unknown-linux-gnu/bin/rustc --crate-name pglz --edition=2021 crates/common/pglz/src/lib.rs --error-format=json --json=diagnostic-rendered-ansi,artifacts,future-incompat --crate-type lib --emit=dep-info,metadata,link -C embed-bitcode=no -C debuginfo=line-tables-only -C split-debuginfo=unpacked --check-cfg 'cfg(docsrs,test)' --check-cfg 'cfg(feature, values())' -C metadata=d2791812d4bfac4c -C extra-filename=-152cadb1190dd397 --out-dir /tmp/cargo-mutants-src-gTTC8i.tmp/target/debug/deps -L dependency=/tmp/cargo-mutants-src-gTTC8i.tmp/target/debug/deps`
   Compiling types_startup v0.0.0 (/tmp/cargo-mutants-src-gTTC8i.tmp/crates/_support/types/types_startup)
     Running `/usr/local/rustup/toolchains/1.96.0-aarch64-unknown-linux-gnu/bin/rustc --crate-name types_startup --edition=2021 crates/_support/types/types_startup/src/lib.rs --error-format=json --json=diagnostic-rendered-ansi,artifacts,future-incompat --crate-type lib --emit=dep-info,metadata,link -C embed-bitcode=no -C debuginfo=line-tables-only -C split-debuginfo=unpacked --check-cfg 'cfg(docsrs,test)' --check-cfg 'cfg(feature, values())' -C metadata=1f54214a32e644aa -C extra-filename=-42b815dfe8293062 --out-dir /tmp/cargo-mutants-src-gTTC8i.tmp/target/debug/deps -L dependency=/tmp/cargo-mutants-src-gTTC8i.tmp/target/debug/deps --extern ip=/tmp/cargo-mutants-src-gTTC8i.tmp/target/debug/deps/libip-e4e19f713562d925.rmeta --extern types_core=/tmp/cargo-mutants-src-gTTC8i.tmp/target/debug/deps/libtypes_core-0d9118de0dbccbea.rmeta`
   Compiling pg_bitutils v0.1.0 (/tmp/cargo-mutants-src-gTTC8i.tmp/crates/port/pg_bitutils)
     Running `/usr/local/rustup/toolchains/1.96.0-aarch64-unknown-linux-gnu/bin/rustc --crate-name pg_bitutils --edition=2021 crates/port/pg_bitutils/src/lib.rs --error-format=json --json=diagnostic-rendered-ansi,artifacts,future-incompat --crate-type lib --emit=dep-info,metadata,link -C embed-bitcode=no -C debuginfo=line-tables-only -C split-debuginfo=unpacked --check-cfg 'cfg(docsrs,test)' --check-cfg 'cfg(feature, values())' -C metadata=744a8d90cec0e4cc -C extra-filename=-35ffcc1752082a22 --out-dir /tmp/cargo-mutants-src-gTTC8i.tmp/target/debug/deps -L dependency=/tmp/cargo-mutants-src-gTTC8i.tmp/target/debug/deps`
   Compiling syslogger_seams v0.0.0 (/tmp/cargo-mutants-src-gTTC8i.tmp/crates/backend/postmaster/syslogger_seams)
     Running `/usr/local/rustup/toolchains/1.96.0-aarch64-unknown-linux-gnu/bin/rustc --crate-name syslogger_seams --edition=2021 crates/backend/postmaster/syslogger_seams/src/lib.rs --error-format=json --json=diagnostic-rendered-ansi,artifacts,future-incompat --crate-type lib --emit=dep-info,metadata,link -C embed-bitcode=no -C debuginfo=line-tables-only -C split-debuginfo=unpacked --check-cfg 'cfg(docsrs,test)' --check-cfg 'cfg(feature, values())' -C metadata=99d0d2ca4e66fcad -C extra-filename=-04c0b0eb1d9ecb8d --out-dir /tmp/cargo-mutants-src-gTTC8i.tmp/target/debug/deps -L dependency=/tmp/cargo-mutants-src-gTTC8i.tmp/target/debug/deps --extern seam_core=/tmp/cargo-mutants-src-gTTC8i.tmp/target/debug/deps/libseam_core-922382ec553c8555.rmeta --extern types_startup=/tmp/cargo-mutants-src-gTTC8i.tmp/target/debug/deps/libtypes_startup-42b815dfe8293062.rmeta`
     Running `/tmp/cargo-mutants-src-gTTC8i.tmp/target/debug/build/unicode_category-cae71182e3ad5199/build-script-build`
     Running `/usr/local/rustup/toolchains/1.96.0-aarch64-unknown-linux-gnu/bin/rustc --crate-name unicode_category --edition=2021 crates/common/unicode_category/src/lib.rs --error-format=json --json=diagnostic-rendered-ansi,artifacts,future-incompat --crate-type lib --emit=dep-info,metadata,link -C embed-bitcode=no -C debuginfo=line-tables-only -C split-debuginfo=unpacked --check-cfg 'cfg(docsrs,test)' --check-cfg 'cfg(feature, values())' -C metadata=f72e8ecf9fa4bc84 -C extra-filename=-5b8e41a1b3bc775d --out-dir /tmp/cargo-mutants-src-gTTC8i.tmp/target/debug/deps -L dependency=/tmp/cargo-mutants-src-gTTC8i.tmp/target/debug/deps`
   Compiling regexp_alt v0.1.0 (/tmp/cargo-mutants-src-gTTC8i.tmp/crates/backend/utils/adt/regexp_alt)
     Running `/usr/local/rustup/toolchains/1.96.0-aarch64-unknown-linux-gnu/bin/rustc --crate-name build_script_build --edition=2021 crates/backend/utils/adt/regexp_alt/build.rs --error-format=json --json=diagnostic-rendered-ansi,artifacts,future-incompat --crate-type bin --emit=dep-info,link -C embed-bitcode=no --check-cfg 'cfg(docsrs,test)' --check-cfg 'cfg(feature, values())' -C metadata=9512d39dd8e8b9d8 -C extra-filename=-532223f6b14298f5 --out-dir /tmp/cargo-mutants-src-gTTC8i.tmp/target/debug/build/regexp_alt-532223f6b14298f5 -L dependency=/tmp/cargo-mutants-src-gTTC8i.tmp/target/debug/deps --extern cc=/tmp/cargo-mutants-src-gTTC8i.tmp/target/debug/deps/libcc-b9e1d151b77759f3.rlib --extern pkg_config=/tmp/cargo-mutants-src-gTTC8i.tmp/target/debug/deps/libpkg_config-011f0ca498035181.rlib`
     Running `/tmp/cargo-mutants-src-gTTC8i.tmp/target/debug/build/regexp_alt-532223f6b14298f5/build-script-build`
     Running `/usr/local/rustup/toolchains/1.96.0-aarch64-unknown-linux-gnu/bin/rustc --crate-name ahash --edition=2018 /usr/local/cargo/registry/src/index.crates.io-1949cf8c6b5b557f/ahash-0.8.12/src/lib.rs --error-format=json --json=diagnostic-rendered-ansi,artifacts,future-incompat --crate-type lib --emit=dep-info,metadata,link -C embed-bitcode=no -C debuginfo=line-tables-only -C split-debuginfo=unpacked --check-cfg 'cfg(docsrs,test)' --check-cfg 'cfg(feature, values("atomic-polyfill", "compile-time-rng", "const-random", "default", "getrandom", "nightly-arm-aes", "no-rng", "runtime-rng", "serde", "std"))' -C metadata=e88042a9278fb14b -C extra-filename=-146148b5bda3fc59 --out-dir /tmp/cargo-mutants-src-gTTC8i.tmp/target/debug/deps -L dependency=/tmp/cargo-mutants-src-gTTC8i.tmp/target/debug/deps --extern cfg_if=/tmp/cargo-mutants-src-gTTC8i.tmp/target/debug/deps/libcfg_if-5850cd878237d45b.rmeta --extern once_cell=/tmp/cargo-mutants-src-gTTC8i.tmp/target/debug/deps/libonce_cell-3d9995975f8e5ecf.rmeta --extern zerocopy=/tmp/cargo-mutants-src-gTTC8i.tmp/target/debug/deps/libzerocopy-b82f396ce73d9203.rmeta --cap-lints allow --cfg folded_multiply --check-cfg 'cfg(specialize)' --check-cfg 'cfg(folded_multiply)'`
   Compiling hashbrown v0.14.5
     Running `/usr/local/rustup/toolchains/1.96.0-aarch64-unknown-linux-gnu/bin/rustc --crate-name hashbrown --edition=2021 /usr/local/cargo/registry/src/index.crates.io-1949cf8c6b5b557f/hashbrown-0.14.5/src/lib.rs --error-format=json --json=diagnostic-rendered-ansi,artifacts,future-incompat --crate-type lib --emit=dep-info,metadata,link -C embed-bitcode=no -C debuginfo=line-tables-only -C split-debuginfo=unpacked --cfg 'feature="ahash"' --cfg 'feature="allocator-api2"' --cfg 'feature="inline-more"' --check-cfg 'cfg(docsrs,test)' --check-cfg 'cfg(feature, values("ahash", "alloc", "allocator-api2", "compiler_builtins", "core", "default", "equivalent", "inline-more", "nightly", "raw", "rayon", "rkyv", "rustc-dep-of-std", "rustc-internal-api", "serde"))' -C metadata=031b0eb0281f47c2 -C extra-filename=-01402b2d7281d128 --out-dir /tmp/cargo-mutants-src-gTTC8i.tmp/target/debug/deps -L dependency=/tmp/cargo-mutants-src-gTTC8i.tmp/target/debug/deps --extern ahash=/tmp/cargo-mutants-src-gTTC8i.tmp/target/debug/deps/libahash-146148b5bda3fc59.rmeta --extern allocator_api2=/tmp/cargo-mutants-src-gTTC8i.tmp/target/debug/deps/liballocator_api2-553efcaa65a6528d.rmeta --cap-lints allow`
   Compiling mcx v0.0.0 (/tmp/cargo-mutants-src-gTTC8i.tmp/crates/_support/mcx)
     Running `/usr/local/rustup/toolchains/1.96.0-aarch64-unknown-linux-gnu/bin/rustc --crate-name mcx --edition=2021 crates/_support/mcx/src/lib.rs --error-format=json --json=diagnostic-rendered-ansi,artifacts,future-incompat --crate-type lib --emit=dep-info,metadata,link -C embed-bitcode=no -C debuginfo=line-tables-only -C split-debuginfo=unpacked --cfg 'feature="std"' --check-cfg 'cfg(docsrs,test)' --check-cfg 'cfg(feature, values("aset-guard", "aset-stats", "std"))' -C metadata=0bf7ae546a84205f -C extra-filename=-06f936cbcd9c1216 --out-dir /tmp/cargo-mutants-src-gTTC8i.tmp/target/debug/deps -L dependency=/tmp/cargo-mutants-src-gTTC8i.tmp/target/debug/deps --extern allocator_api2=/tmp/cargo-mutants-src-gTTC8i.tmp/target/debug/deps/liballocator_api2-553efcaa65a6528d.rmeta --extern hashbrown=/tmp/cargo-mutants-src-gTTC8i.tmp/target/debug/deps/libhashbrown-01402b2d7281d128.rmeta --extern rustc_hash=/tmp/cargo-mutants-src-gTTC8i.tmp/target/debug/deps/librustc_hash-89828af7812af6e5.rmeta --extern types_error=/tmp/cargo-mutants-src-gTTC8i.tmp/target/debug/deps/libtypes_error-c16bdb10ad7f34c8.rmeta`
warning: variant `Malloc` is never constructed
  --> crates/_support/mcx/src/lib.rs:64:5
   |
61 | enum Backend {
   |      ------- variant in this enum
...
64 |     Malloc,
   |     ^^^^^^
   |
   = note: `#[warn(dead_code)]` (part of `#[warn(unused)]`) on by default

warning: function `chunk_size` is never used
   --> crates/_support/mcx/src/aset.rs:284:4
    |
284 | fn chunk_size(idx: usize) -> usize {
    |    ^^^^^^^^^^

warning: method `mem_allocated` is never used
   --> crates/_support/mcx/src/aset.rs:340:19
    |
306 | impl AllocSet {
    | ------------- method in this implementation
...
340 |     pub(crate) fn mem_allocated(&self) -> usize {
    |                   ^^^^^^^^^^^^^

warning: `mcx` (lib) generated 3 warnings
   Compiling datum v0.0.0 (/tmp/cargo-mutants-src-gTTC8i.tmp/crates/_support/types/datum)
   Compiling types_storage v0.1.0 (/tmp/cargo-mutants-src-gTTC8i.tmp/crates/_support/types/types_storage)
     Running `/usr/local/rustup/toolchains/1.96.0-aarch64-unknown-linux-gnu/bin/rustc --crate-name types_storage --edition=2021 crates/_support/types/types_storage/src/lib.rs --error-format=json --json=diagnostic-rendered-ansi,artifacts,future-incompat --crate-type lib --emit=dep-info,metadata,link -C embed-bitcode=no -C debuginfo=line-tables-only -C split-debuginfo=unpacked --warn=unexpected_cfgs --check-cfg 'cfg(loom)' --check-cfg 'cfg(pgrust_sim)' --check-cfg 'cfg(docsrs,test)' --check-cfg 'cfg(feature, values())' -C metadata=5a17a57716c393ea -C extra-filename=-b31f4ad6d7fa1287 --out-dir /tmp/cargo-mutants-src-gTTC8i.tmp/target/debug/deps -L dependency=/tmp/cargo-mutants-src-gTTC8i.tmp/target/debug/deps --extern libc=/tmp/cargo-mutants-src-gTTC8i.tmp/target/debug/deps/liblibc-48f06ccd9be8c4ac.rmeta --extern mcx=/tmp/cargo-mutants-src-gTTC8i.tmp/target/debug/deps/libmcx-06f936cbcd9c1216.rmeta --extern pgsync=/tmp/cargo-mutants-src-gTTC8i.tmp/target/debug/deps/libpgsync-a0f9f0b078dee507.rmeta --extern types_core=/tmp/cargo-mutants-src-gTTC8i.tmp/target/debug/deps/libtypes_core-0d9118de0dbccbea.rmeta --extern types_error=/tmp/cargo-mutants-src-gTTC8i.tmp/target/debug/deps/libtypes_error-c16bdb10ad7f34c8.rmeta`
     Running `/usr/local/rustup/toolchains/1.96.0-aarch64-unknown-linux-gnu/bin/rustc --crate-name datum --edition=2021 crates/_support/types/datum/src/lib.rs --error-format=json --json=diagnostic-rendered-ansi,artifacts,future-incompat --crate-type lib --emit=dep-info,metadata,link -C embed-bitcode=no -C debuginfo=line-tables-only -C split-debuginfo=unpacked --check-cfg 'cfg(docsrs,test)' --check-cfg 'cfg(feature, values())' -C metadata=ae8f9eb0f843f830 -C extra-filename=-030f3169174aec16 --out-dir /tmp/cargo-mutants-src-gTTC8i.tmp/target/debug/deps -L dependency=/tmp/cargo-mutants-src-gTTC8i.tmp/target/debug/deps --extern mcx=/tmp/cargo-mutants-src-gTTC8i.tmp/target/debug/deps/libmcx-06f936cbcd9c1216.rmeta --extern types_core=/tmp/cargo-mutants-src-gTTC8i.tmp/target/debug/deps/libtypes_core-0d9118de0dbccbea.rmeta --extern types_error=/tmp/cargo-mutants-src-gTTC8i.tmp/target/debug/deps/libtypes_error-c16bdb10ad7f34c8.rmeta`
   Compiling stringinfo v0.1.0 (/tmp/cargo-mutants-src-gTTC8i.tmp/crates/_support/types/stringinfo)
     Running `/usr/local/rustup/toolchains/1.96.0-aarch64-unknown-linux-gnu/bin/rustc --crate-name stringinfo --edition=2021 crates/_support/types/stringinfo/src/lib.rs --error-format=json --json=diagnostic-rendered-ansi,artifacts,future-incompat --crate-type lib --emit=dep-info,metadata,link -C embed-bitcode=no -C debuginfo=line-tables-only -C split-debuginfo=unpacked --check-cfg 'cfg(docsrs,test)' --check-cfg 'cfg(feature, values())' -C metadata=500c3fb4a0956ca1 -C extra-filename=-be7d4c5424352065 --out-dir /tmp/cargo-mutants-src-gTTC8i.tmp/target/debug/deps -L dependency=/tmp/cargo-mutants-src-gTTC8i.tmp/target/debug/deps --extern mcx=/tmp/cargo-mutants-src-gTTC8i.tmp/target/debug/deps/libmcx-06f936cbcd9c1216.rmeta --extern types_error=/tmp/cargo-mutants-src-gTTC8i.tmp/target/debug/deps/libtypes_error-c16bdb10ad7f34c8.rmeta`
   Compiling types_tuple v0.1.0 (/tmp/cargo-mutants-src-gTTC8i.tmp/crates/_support/types/types_tuple)
     Running `/usr/local/rustup/toolchains/1.96.0-aarch64-unknown-linux-gnu/bin/rustc --crate-name types_tuple --edition=2021 crates/_support/types/types_tuple/src/lib.rs --error-format=json --json=diagnostic-rendered-ansi,artifacts,future-incompat --crate-type lib --emit=dep-info,metadata,link -C embed-bitcode=no -C debuginfo=line-tables-only -C split-debuginfo=unpacked --check-cfg 'cfg(docsrs,test)' --check-cfg 'cfg(feature, values())' -C metadata=4b127c1ffc6ac419 -C extra-filename=-de087002773c06fc --out-dir /tmp/cargo-mutants-src-gTTC8i.tmp/target/debug/deps -L dependency=/tmp/cargo-mutants-src-gTTC8i.tmp/target/debug/deps --extern datum=/tmp/cargo-mutants-src-gTTC8i.tmp/target/debug/deps/libdatum-030f3169174aec16.rmeta --extern mcx=/tmp/cargo-mutants-src-gTTC8i.tmp/target/debug/deps/libmcx-06f936cbcd9c1216.rmeta --extern types_core=/tmp/cargo-mutants-src-gTTC8i.tmp/target/debug/deps/libtypes_core-0d9118de0dbccbea.rmeta --extern types_error=/tmp/cargo-mutants-src-gTTC8i.tmp/target/debug/deps/libtypes_error-c16bdb10ad7f34c8.rmeta`
   Compiling types_trigger v0.1.0 (/tmp/cargo-mutants-src-gTTC8i.tmp/crates/_support/types/types_trigger)
     Running `/usr/local/rustup/toolchains/1.96.0-aarch64-unknown-linux-gnu/bin/rustc --crate-name types_trigger --edition=2021 crates/_support/types/types_trigger/src/lib.rs --error-format=json --json=diagnostic-rendered-ansi,artifacts,future-incompat --crate-type lib --emit=dep-info,metadata,link -C embed-bitcode=no -C debuginfo=line-tables-only -C split-debuginfo=unpacked --check-cfg 'cfg(docsrs,test)' --check-cfg 'cfg(feature, values())' -C metadata=e90f9f8f2b59ce9a -C extra-filename=-d2dd50d27725c0ba --out-dir /tmp/cargo-mutants-src-gTTC8i.tmp/target/debug/deps -L dependency=/tmp/cargo-mutants-src-gTTC8i.tmp/target/debug/deps --extern mcx=/tmp/cargo-mutants-src-gTTC8i.tmp/target/debug/deps/libmcx-06f936cbcd9c1216.rmeta --extern types_core=/tmp/cargo-mutants-src-gTTC8i.tmp/target/debug/deps/libtypes_core-0d9118de0dbccbea.rmeta`
   Compiling mbutils_seams v0.1.0 (/tmp/cargo-mutants-src-gTTC8i.tmp/crates/backend/utils/mb/mbutils_seams)
     Running `/usr/local/rustup/toolchains/1.96.0-aarch64-unknown-linux-gnu/bin/rustc --crate-name mbutils_seams --edition=2021 crates/backend/utils/mb/mbutils_seams/src/lib.rs --error-format=json --json=diagnostic-rendered-ansi,artifacts,future-incompat --crate-type lib --emit=dep-info,metadata,link -C embed-bitcode=no -C debuginfo=line-tables-only -C split-debuginfo=unpacked --check-cfg 'cfg(docsrs,test)' --check-cfg 'cfg(feature, values())' -C metadata=0868abd5f89e0f89 -C extra-filename=-4d8298d9d15f6c12 --out-dir /tmp/cargo-mutants-src-gTTC8i.tmp/target/debug/deps -L dependency=/tmp/cargo-mutants-src-gTTC8i.tmp/target/debug/deps --extern mcx=/tmp/cargo-mutants-src-gTTC8i.tmp/target/debug/deps/libmcx-06f936cbcd9c1216.rmeta --extern seam_core=/tmp/cargo-mutants-src-gTTC8i.tmp/target/debug/deps/libseam_core-922382ec553c8555.rmeta --extern types_core=/tmp/cargo-mutants-src-gTTC8i.tmp/target/debug/deps/libtypes_core-0d9118de0dbccbea.rmeta --extern types_error=/tmp/cargo-mutants-src-gTTC8i.tmp/target/debug/deps/libtypes_error-c16bdb10ad7f34c8.rmeta`
   Compiling detoast_seams v0.1.0 (/tmp/cargo-mutants-src-gTTC8i.tmp/crates/backend/access/common/detoast_seams)
     Running `/usr/local/rustup/toolchains/1.96.0-aarch64-unknown-linux-gnu/bin/rustc --crate-name detoast_seams --edition=2021 crates/backend/access/common/detoast_seams/src/lib.rs --error-format=json --json=diagnostic-rendered-ansi,artifacts,future-incompat --crate-type lib --emit=dep-info,metadata,link -C embed-bitcode=no -C debuginfo=line-tables-only -C split-debuginfo=unpacked --check-cfg 'cfg(docsrs,test)' --check-cfg 'cfg(feature, values())' -C metadata=d874070ab8397727 -C extra-filename=-79635f10c1436d82 --out-dir /tmp/cargo-mutants-src-gTTC8i.tmp/target/debug/deps -L dependency=/tmp/cargo-mutants-src-gTTC8i.tmp/target/debug/deps --extern datum=/tmp/cargo-mutants-src-gTTC8i.tmp/target/debug/deps/libdatum-030f3169174aec16.rmeta --extern mcx=/tmp/cargo-mutants-src-gTTC8i.tmp/target/debug/deps/libmcx-06f936cbcd9c1216.rmeta --extern seam_core=/tmp/cargo-mutants-src-gTTC8i.tmp/target/debug/deps/libseam_core-922382ec553c8555.rmeta --extern types_error=/tmp/cargo-mutants-src-gTTC8i.tmp/target/debug/deps/libtypes_error-c16bdb10ad7f34c8.rmeta --extern types_tuple=/tmp/cargo-mutants-src-gTTC8i.tmp/target/debug/deps/libtypes_tuple-de087002773c06fc.rmeta`
   Compiling types_hash v0.1.0 (/tmp/cargo-mutants-src-gTTC8i.tmp/crates/_support/types/hash)
     Running `/usr/local/rustup/toolchains/1.96.0-aarch64-unknown-linux-gnu/bin/rustc --crate-name types_hash --edition=2021 crates/_support/types/hash/src/lib.rs --error-format=json --json=diagnostic-rendered-ansi,artifacts,future-incompat --crate-type lib --emit=dep-info,metadata,link -C embed-bitcode=no -C debuginfo=line-tables-only -C split-debuginfo=unpacked --check-cfg 'cfg(docsrs,test)' --check-cfg 'cfg(feature, values())' -C metadata=49cee6781e219892 -C extra-filename=-9e74b4a5d69ae3ff --out-dir /tmp/cargo-mutants-src-gTTC8i.tmp/target/debug/deps -L dependency=/tmp/cargo-mutants-src-gTTC8i.tmp/target/debug/deps --extern mcx=/tmp/cargo-mutants-src-gTTC8i.tmp/target/debug/deps/libmcx-06f936cbcd9c1216.rmeta --extern types_core=/tmp/cargo-mutants-src-gTTC8i.tmp/target/debug/deps/libtypes_core-0d9118de0dbccbea.rmeta --extern types_error=/tmp/cargo-mutants-src-gTTC8i.tmp/target/debug/deps/libtypes_error-c16bdb10ad7f34c8.rmeta --extern types_tuple=/tmp/cargo-mutants-src-gTTC8i.tmp/target/debug/deps/libtypes_tuple-de087002773c06fc.rmeta`
   Compiling types_fmgr v0.1.0 (/tmp/cargo-mutants-src-gTTC8i.tmp/crates/_support/types/fmgr)
     Running `/usr/local/rustup/toolchains/1.96.0-aarch64-unknown-linux-gnu/bin/rustc --crate-name types_fmgr --edition=2021 crates/_support/types/fmgr/src/lib.rs --error-format=json --json=diagnostic-rendered-ansi,artifacts,future-incompat --crate-type lib --emit=dep-info,metadata,link -C embed-bitcode=no -C debuginfo=line-tables-only -C split-debuginfo=unpacked --check-cfg 'cfg(docsrs,test)' --check-cfg 'cfg(feature, values())' -C metadata=d5111a9b912dc043 -C extra-filename=-40ee05d74815766a --out-dir /tmp/cargo-mutants-src-gTTC8i.tmp/target/debug/deps -L dependency=/tmp/cargo-mutants-src-gTTC8i.tmp/target/debug/deps --extern datum=/tmp/cargo-mutants-src-gTTC8i.tmp/target/debug/deps/libdatum-030f3169174aec16.rmeta --extern detoast_seams=/tmp/cargo-mutants-src-gTTC8i.tmp/target/debug/deps/libdetoast_seams-79635f10c1436d82.rmeta --extern mcx=/tmp/cargo-mutants-src-gTTC8i.tmp/target/debug/deps/libmcx-06f936cbcd9c1216.rmeta --extern stringinfo=/tmp/cargo-mutants-src-gTTC8i.tmp/target/debug/deps/libstringinfo-be7d4c5424352065.rmeta --extern types_core=/tmp/cargo-mutants-src-gTTC8i.tmp/target/debug/deps/libtypes_core-0d9118de0dbccbea.rmeta --extern types_error=/tmp/cargo-mutants-src-gTTC8i.tmp/target/debug/deps/libtypes_error-c16bdb10ad7f34c8.rmeta --extern types_tuple=/tmp/cargo-mutants-src-gTTC8i.tmp/target/debug/deps/libtypes_tuple-de087002773c06fc.rmeta`
   Compiling types_nodes v0.1.0 (/tmp/cargo-mutants-src-gTTC8i.tmp/crates/_support/types/nodes)
     Running `/usr/local/rustup/toolchains/1.96.0-aarch64-unknown-linux-gnu/bin/rustc --crate-name types_nodes --edition=2021 crates/_support/types/nodes/src/lib.rs --error-format=json --json=diagnostic-rendered-ansi,artifacts,future-incompat --crate-type lib --emit=dep-info,metadata,link -C embed-bitcode=no -C debuginfo=line-tables-only -C split-debuginfo=unpacked --check-cfg 'cfg(docsrs,test)' --check-cfg 'cfg(feature, values())' -C metadata=b6455f4925c6bd61 -C extra-filename=-5d94b8204e43bceb --out-dir /tmp/cargo-mutants-src-gTTC8i.tmp/target/debug/deps -L dependency=/tmp/cargo-mutants-src-gTTC8i.tmp/target/debug/deps --extern datum=/tmp/cargo-mutants-src-gTTC8i.tmp/target/debug/deps/libdatum-030f3169174aec16.rmeta --extern mcx=/tmp/cargo-mutants-src-gTTC8i.tmp/target/debug/deps/libmcx-06f936cbcd9c1216.rmeta --extern types_core=/tmp/cargo-mutants-src-gTTC8i.tmp/target/debug/deps/libtypes_core-0d9118de0dbccbea.rmeta --extern types_error=/tmp/cargo-mutants-src-gTTC8i.tmp/target/debug/deps/libtypes_error-c16bdb10ad7f34c8.rmeta --extern types_storage=/tmp/cargo-mutants-src-gTTC8i.tmp/target/debug/deps/libtypes_storage-b31f4ad6d7fa1287.rmeta --extern types_tuple=/tmp/cargo-mutants-src-gTTC8i.tmp/target/debug/deps/libtypes_tuple-de087002773c06fc.rmeta`
   Compiling types_snapshot v0.1.0 (/tmp/cargo-mutants-src-gTTC8i.tmp/crates/_support/types/snapshot)
     Running `/usr/local/rustup/toolchains/1.96.0-aarch64-unknown-linux-gnu/bin/rustc --crate-name types_snapshot --edition=2021 crates/_support/types/snapshot/src/lib.rs --error-format=json --json=diagnostic-rendered-ansi,artifacts,future-incompat --crate-type lib --emit=dep-info,metadata,link -C embed-bitcode=no -C debuginfo=line-tables-only -C split-debuginfo=unpacked --check-cfg 'cfg(docsrs,test)' --check-cfg 'cfg(feature, values())' -C metadata=e6bcdb5e4a336a5f -C extra-filename=-49c60af03ab0591e --out-dir /tmp/cargo-mutants-src-gTTC8i.tmp/target/debug/deps -L dependency=/tmp/cargo-mutants-src-gTTC8i.tmp/target/debug/deps --extern mcx=/tmp/cargo-mutants-src-gTTC8i.tmp/target/debug/deps/libmcx-06f936cbcd9c1216.rmeta --extern types_core=/tmp/cargo-mutants-src-gTTC8i.tmp/target/debug/deps/libtypes_core-0d9118de0dbccbea.rmeta`
warning: variant `ROW_MARK_EXCLUSIVE` should have an upper camel case name
   --> crates/_support/types/nodes/src/plannodes.rs:897:5
    |
897 |     ROW_MARK_EXCLUSIVE = 0,
    |     ^^^^^^^^^^^^^^^^^^ help: convert the identifier to upper camel case: `RowMarkExclusive`
    |
    = note: `#[warn(non_camel_case_types)]` (part of `#[warn(nonstandard_style)]`) on by default

warning: variant `ROW_MARK_NOKEYEXCLUSIVE` should have an upper camel case name
   --> crates/_support/types/nodes/src/plannodes.rs:898:5
    |
898 |     ROW_MARK_NOKEYEXCLUSIVE = 1,
    |     ^^^^^^^^^^^^^^^^^^^^^^^ help: convert the identifier to upper camel case: `RowMarkNokeyexclusive`

warning: variant `ROW_MARK_SHARE` should have an upper camel case name
   --> crates/_support/types/nodes/src/plannodes.rs:899:5
    |
899 |     ROW_MARK_SHARE = 2,
    |     ^^^^^^^^^^^^^^ help: convert the identifier to upper camel case: `RowMarkShare`

warning: variant `ROW_MARK_KEYSHARE` should have an upper camel case name
   --> crates/_support/types/nodes/src/plannodes.rs:900:5
    |
900 |     ROW_MARK_KEYSHARE = 3,
    |     ^^^^^^^^^^^^^^^^^ help: convert the identifier to upper camel case: `RowMarkKeyshare`

warning: variant `ROW_MARK_REFERENCE` should have an upper camel case name
   --> crates/_support/types/nodes/src/plannodes.rs:901:5
    |
901 |     ROW_MARK_REFERENCE = 4,
    |     ^^^^^^^^^^^^^^^^^^ help: convert the identifier to upper camel case: `RowMarkReference`

warning: variant `ROW_MARK_COPY` should have an upper camel case name
   --> crates/_support/types/nodes/src/plannodes.rs:902:5
    |
902 |     ROW_MARK_COPY = 5,
    |     ^^^^^^^^^^^^^ help: convert the identifier to upper camel case: `RowMarkCopy`

   Compiling types_scan v0.1.0 (/tmp/cargo-mutants-src-gTTC8i.tmp/crates/_support/types/types_scan)
     Running `/usr/local/rustup/toolchains/1.96.0-aarch64-unknown-linux-gnu/bin/rustc --crate-name types_scan --edition=2021 crates/_support/types/types_scan/src/lib.rs --error-format=json --json=diagnostic-rendered-ansi,artifacts,future-incompat --crate-type lib --emit=dep-info,metadata,link -C embed-bitcode=no -C debuginfo=line-tables-only -C split-debuginfo=unpacked --check-cfg 'cfg(docsrs,test)' --check-cfg 'cfg(feature, values())' -C metadata=b4ae53da9c297ecf -C extra-filename=-5e390674aacffb12 --out-dir /tmp/cargo-mutants-src-gTTC8i.tmp/target/debug/deps -L dependency=/tmp/cargo-mutants-src-gTTC8i.tmp/target/debug/deps --extern datum=/tmp/cargo-mutants-src-gTTC8i.tmp/target/debug/deps/libdatum-030f3169174aec16.rmeta --extern types_core=/tmp/cargo-mutants-src-gTTC8i.tmp/target/debug/deps/libtypes_core-0d9118de0dbccbea.rmeta --extern types_fmgr=/tmp/cargo-mutants-src-gTTC8i.tmp/target/debug/deps/libtypes_fmgr-40ee05d74815766a.rmeta`
   Compiling types_gist v0.1.0 (/tmp/cargo-mutants-src-gTTC8i.tmp/crates/_support/types/gist)
     Running `/usr/local/rustup/toolchains/1.96.0-aarch64-unknown-linux-gnu/bin/rustc --crate-name types_gist --edition=2021 crates/_support/types/gist/src/lib.rs --error-format=json --json=diagnostic-rendered-ansi,artifacts,future-incompat --crate-type lib --emit=dep-info,metadata,link -C embed-bitcode=no -C debuginfo=line-tables-only -C split-debuginfo=unpacked --check-cfg 'cfg(docsrs,test)' --check-cfg 'cfg(feature, values())' -C metadata=43b7bda1f08b8ff5 -C extra-filename=-e134e791499b7eea --out-dir /tmp/cargo-mutants-src-gTTC8i.tmp/target/debug/deps -L dependency=/tmp/cargo-mutants-src-gTTC8i.tmp/target/debug/deps --extern datum=/tmp/cargo-mutants-src-gTTC8i.tmp/target/debug/deps/libdatum-030f3169174aec16.rmeta --extern mcx=/tmp/cargo-mutants-src-gTTC8i.tmp/target/debug/deps/libmcx-06f936cbcd9c1216.rmeta --extern types_core=/tmp/cargo-mutants-src-gTTC8i.tmp/target/debug/deps/libtypes_core-0d9118de0dbccbea.rmeta --extern types_error=/tmp/cargo-mutants-src-gTTC8i.tmp/target/debug/deps/libtypes_error-c16bdb10ad7f34c8.rmeta --extern types_fmgr=/tmp/cargo-mutants-src-gTTC8i.tmp/target/debug/deps/libtypes_fmgr-40ee05d74815766a.rmeta --extern types_storage=/tmp/cargo-mutants-src-gTTC8i.tmp/target/debug/deps/libtypes_storage-b31f4ad6d7fa1287.rmeta --extern types_tuple=/tmp/cargo-mutants-src-gTTC8i.tmp/target/debug/deps/libtypes_tuple-de087002773c06fc.rmeta`
   Compiling types_nbtree v0.1.0 (/tmp/cargo-mutants-src-gTTC8i.tmp/crates/_support/types/types_nbtree)
     Running `/usr/local/rustup/toolchains/1.96.0-aarch64-unknown-linux-gnu/bin/rustc --crate-name types_nbtree --edition=2021 crates/_support/types/types_nbtree/src/lib.rs --error-format=json --json=diagnostic-rendered-ansi,artifacts,future-incompat --crate-type lib --emit=dep-info,metadata,link -C embed-bitcode=no -C debuginfo=line-tables-only -C split-debuginfo=unpacked --check-cfg 'cfg(docsrs,test)' --check-cfg 'cfg(feature, values())' -C metadata=f3bac0a99eb9c28d -C extra-filename=-910ca261143b457a --out-dir /tmp/cargo-mutants-src-gTTC8i.tmp/target/debug/deps -L dependency=/tmp/cargo-mutants-src-gTTC8i.tmp/target/debug/deps --extern datum=/tmp/cargo-mutants-src-gTTC8i.tmp/target/debug/deps/libdatum-030f3169174aec16.rmeta --extern mcx=/tmp/cargo-mutants-src-gTTC8i.tmp/target/debug/deps/libmcx-06f936cbcd9c1216.rmeta --extern types_core=/tmp/cargo-mutants-src-gTTC8i.tmp/target/debug/deps/libtypes_core-0d9118de0dbccbea.rmeta --extern types_error=/tmp/cargo-mutants-src-gTTC8i.tmp/target/debug/deps/libtypes_error-c16bdb10ad7f34c8.rmeta --extern types_fmgr=/tmp/cargo-mutants-src-gTTC8i.tmp/target/debug/deps/libtypes_fmgr-40ee05d74815766a.rmeta --extern types_scan=/tmp/cargo-mutants-src-gTTC8i.tmp/target/debug/deps/libtypes_scan-5e390674aacffb12.rmeta --extern types_storage=/tmp/cargo-mutants-src-gTTC8i.tmp/target/debug/deps/libtypes_storage-b31f4ad6d7fa1287.rmeta --extern types_tuple=/tmp/cargo-mutants-src-gTTC8i.tmp/target/debug/deps/libtypes_tuple-de087002773c06fc.rmeta`
   Compiling types_spgist v0.1.0 (/tmp/cargo-mutants-src-gTTC8i.tmp/crates/_support/types/types_spgist)
     Running `/usr/local/rustup/toolchains/1.96.0-aarch64-unknown-linux-gnu/bin/rustc --crate-name types_spgist --edition=2021 crates/_support/types/types_spgist/src/lib.rs --error-format=json --json=diagnostic-rendered-ansi,artifacts,future-incompat --crate-type lib --emit=dep-info,metadata,link -C embed-bitcode=no -C debuginfo=line-tables-only -C split-debuginfo=unpacked --check-cfg 'cfg(docsrs,test)' --check-cfg 'cfg(feature, values())' -C metadata=a77d05eb0e3953cc -C extra-filename=-7fa106349daee15e --out-dir /tmp/cargo-mutants-src-gTTC8i.tmp/target/debug/deps -L dependency=/tmp/cargo-mutants-src-gTTC8i.tmp/target/debug/deps --extern datum=/tmp/cargo-mutants-src-gTTC8i.tmp/target/debug/deps/libdatum-030f3169174aec16.rmeta --extern mcx=/tmp/cargo-mutants-src-gTTC8i.tmp/target/debug/deps/libmcx-06f936cbcd9c1216.rmeta --extern types_core=/tmp/cargo-mutants-src-gTTC8i.tmp/target/debug/deps/libtypes_core-0d9118de0dbccbea.rmeta --extern types_error=/tmp/cargo-mutants-src-gTTC8i.tmp/target/debug/deps/libtypes_error-c16bdb10ad7f34c8.rmeta --extern types_fmgr=/tmp/cargo-mutants-src-gTTC8i.tmp/target/debug/deps/libtypes_fmgr-40ee05d74815766a.rmeta --extern types_gist=/tmp/cargo-mutants-src-gTTC8i.tmp/target/debug/deps/libtypes_gist-e134e791499b7eea.rmeta --extern types_scan=/tmp/cargo-mutants-src-gTTC8i.tmp/target/debug/deps/libtypes_scan-5e390674aacffb12.rmeta --extern types_storage=/tmp/cargo-mutants-src-gTTC8i.tmp/target/debug/deps/libtypes_storage-b31f4ad6d7fa1287.rmeta --extern types_tuple=/tmp/cargo-mutants-src-gTTC8i.tmp/target/debug/deps/libtypes_tuple-de087002773c06fc.rmeta`
warning: type `spgChooseIn` should have an upper camel case name
  --> crates/_support/types/types_spgist/src/state.rs:92:12
   |
92 | pub struct spgChooseIn {
   |            ^^^^^^^^^^^ help: convert the identifier to upper camel case (notice the capitalization): `SpgChooseIn`
   |
   = note: `#[warn(non_camel_case_types)]` (part of `#[warn(nonstandard_style)]`) on by default

warning: type `spgChooseOut` should have an upper camel case name
   --> crates/_support/types/types_spgist/src/state.rs:104:10
    |
104 | pub enum spgChooseOut {
    |          ^^^^^^^^^^^^ help: convert the identifier to upper camel case (notice the capitalization): `SpgChooseOut`

warning: type `spgPickSplitIn` should have an upper camel case name
   --> crates/_support/types/types_spgist/src/state.rs:127:12
    |
127 | pub struct spgPickSplitIn {
    |            ^^^^^^^^^^^^^^ help: convert the identifier to upper camel case (notice the capitalization): `SpgPickSplitIn`

warning: type `spgPickSplitOut` should have an upper camel case name
   --> crates/_support/types/types_spgist/src/state.rs:134:12
    |
134 | pub struct spgPickSplitOut {
    |            ^^^^^^^^^^^^^^^ help: convert the identifier to upper camel case (notice the capitalization): `SpgPickSplitOut`

warning: type `spgInnerConsistentIn` should have an upper camel case name
   --> crates/_support/types/types_spgist/src/state.rs:157:12
    |
157 | pub struct spgInnerConsistentIn<'a> {
    |            ^^^^^^^^^^^^^^^^^^^^ help: convert the identifier to upper camel case (notice the capitalization): `SpgInnerConsistentIn`

warning: type `spgInnerConsistentOut` should have an upper camel case name
   --> crates/_support/types/types_spgist/src/state.rs:175:12
    |
175 | pub struct spgInnerConsistentOut {
    |            ^^^^^^^^^^^^^^^^^^^^^ help: convert the identifier to upper camel case (notice the capitalization): `SpgInnerConsistentOut`

warning: type `spgLeafConsistentIn` should have an upper camel case name
   --> crates/_support/types/types_spgist/src/state.rs:199:12
    |
199 | pub struct spgLeafConsistentIn {
    |            ^^^^^^^^^^^^^^^^^^^ help: convert the identifier to upper camel case (notice the capitalization): `SpgLeafConsistentIn`

warning: type `spgLeafConsistentOut` should have an upper camel case name
   --> crates/_support/types/types_spgist/src/state.rs:212:12
    |
212 | pub struct spgLeafConsistentOut {
    |            ^^^^^^^^^^^^^^^^^^^^ help: convert the identifier to upper camel case (notice the capitalization): `SpgLeafConsistentOut`

warning: type `spgxlogState` should have an upper camel case name
  --> crates/_support/types/types_spgist/src/xlog.rs:15:12
   |
15 | pub struct spgxlogState {
   |            ^^^^^^^^^^^^ help: convert the identifier to upper camel case (notice the capitalization): `SpgxlogState`

warning: type `spgxlogAddLeaf` should have an upper camel case name
  --> crates/_support/types/types_spgist/src/xlog.rs:40:12
   |
40 | pub struct spgxlogAddLeaf {
   |            ^^^^^^^^^^^^^^ help: convert the identifier to upper camel case (notice the capitalization): `SpgxlogAddLeaf`

warning: type `spgxlogMoveLeafs` should have an upper camel case name
  --> crates/_support/types/types_spgist/src/xlog.rs:76:12
   |
76 | pub struct spgxlogMoveLeafs {
   |            ^^^^^^^^^^^^^^^^ help: convert the identifier to upper camel case (notice the capitalization): `SpgxlogMoveLeafs`

warning: type `spgxlogAddNode` should have an upper camel case name
   --> crates/_support/types/types_spgist/src/xlog.rs:115:12
    |
115 | pub struct spgxlogAddNode {
    |            ^^^^^^^^^^^^^^ help: convert the identifier to upper camel case (notice the capitalization): `SpgxlogAddNode`

warning: type `spgxlogSplitTuple` should have an upper camel case name
   --> crates/_support/types/types_spgist/src/xlog.rs:154:12
    |
154 | pub struct spgxlogSplitTuple {
    |            ^^^^^^^^^^^^^^^^^ help: convert the identifier to upper camel case (notice the capitalization): `SpgxlogSplitTuple`

warning: type `spgxlogPickSplit` should have an upper camel case name
   --> crates/_support/types/types_spgist/src/xlog.rs:184:12
    |
184 | pub struct spgxlogPickSplit {
    |            ^^^^^^^^^^^^^^^^ help: convert the identifier to upper camel case (notice the capitalization): `SpgxlogPickSplit`

warning: type `spgxlogVacuumLeaf` should have an upper camel case name
   --> crates/_support/types/types_spgist/src/xlog.rs:238:12
    |
238 | pub struct spgxlogVacuumLeaf {
    |            ^^^^^^^^^^^^^^^^^ help: convert the identifier to upper camel case (notice the capitalization): `SpgxlogVacuumLeaf`

warning: type `spgxlogVacuumRoot` should have an upper camel case name
   --> crates/_support/types/types_spgist/src/xlog.rs:271:12
    |
271 | pub struct spgxlogVacuumRoot {
    |            ^^^^^^^^^^^^^^^^^ help: convert the identifier to upper camel case (notice the capitalization): `SpgxlogVacuumRoot`

warning: type `spgxlogVacuumRedirect` should have an upper camel case name
   --> crates/_support/types/types_spgist/src/xlog.rs:295:12
    |
295 | pub struct spgxlogVacuumRedirect {
    |            ^^^^^^^^^^^^^^^^^^^^^ help: convert the identifier to upper camel case (notice the capitalization): `SpgxlogVacuumRedirect`

warning: type `spgConfigIn` should have an upper camel case name
   --> crates/_support/types/types_spgist/src/lib.rs:237:12
    |
237 | pub struct spgConfigIn {
    |            ^^^^^^^^^^^ help: convert the identifier to upper camel case (notice the capitalization): `SpgConfigIn`

warning: type `spgConfigOut` should have an upper camel case name
   --> crates/_support/types/types_spgist/src/lib.rs:242:12
    |
242 | pub struct spgConfigOut {
    |            ^^^^^^^^^^^^ help: convert the identifier to upper camel case (notice the capitalization): `SpgConfigOut`

   Compiling types_bloom v0.1.0 (/tmp/cargo-mutants-src-gTTC8i.tmp/crates/_support/types/types_bloom)
     Running `/usr/local/rustup/toolchains/1.96.0-aarch64-unknown-linux-gnu/bin/rustc --crate-name types_bloom --edition=2021 crates/_support/types/types_bloom/src/lib.rs --error-format=json --json=diagnostic-rendered-ansi,artifacts,future-incompat --crate-type lib --emit=dep-info,metadata,link -C embed-bitcode=no -C debuginfo=line-tables-only -C split-debuginfo=unpacked --check-cfg 'cfg(docsrs,test)' --check-cfg 'cfg(feature, values())' -C metadata=4b50993ac5498859 -C extra-filename=-defc044ad6bbe9ac --out-dir /tmp/cargo-mutants-src-gTTC8i.tmp/target/debug/deps -L dependency=/tmp/cargo-mutants-src-gTTC8i.tmp/target/debug/deps --extern types_core=/tmp/cargo-mutants-src-gTTC8i.tmp/target/debug/deps/libtypes_core-0d9118de0dbccbea.rmeta --extern types_fmgr=/tmp/cargo-mutants-src-gTTC8i.tmp/target/debug/deps/libtypes_fmgr-40ee05d74815766a.rmeta`
   Compiling fmgr_seams v0.1.0 (/tmp/cargo-mutants-src-gTTC8i.tmp/crates/backend/utils/fmgr/fmgr_seams)
     Running `/usr/local/rustup/toolchains/1.96.0-aarch64-unknown-linux-gnu/bin/rustc --crate-name fmgr_seams --edition=2021 crates/backend/utils/fmgr/fmgr_seams/src/lib.rs --error-format=json --json=diagnostic-rendered-ansi,artifacts,future-incompat --crate-type lib --emit=dep-info,metadata,link -C embed-bitcode=no -C debuginfo=line-tables-only -C split-debuginfo=unpacked --check-cfg 'cfg(docsrs,test)' --check-cfg 'cfg(feature, values())' -C metadata=f65ad853d4b6f07c -C extra-filename=-d221369bfed635f8 --out-dir /tmp/cargo-mutants-src-gTTC8i.tmp/target/debug/deps -L dependency=/tmp/cargo-mutants-src-gTTC8i.tmp/target/debug/deps --extern seam_core=/tmp/cargo-mutants-src-gTTC8i.tmp/target/debug/deps/libseam_core-922382ec553c8555.rmeta --extern types_core=/tmp/cargo-mutants-src-gTTC8i.tmp/target/debug/deps/libtypes_core-0d9118de0dbccbea.rmeta --extern types_error=/tmp/cargo-mutants-src-gTTC8i.tmp/target/debug/deps/libtypes_error-c16bdb10ad7f34c8.rmeta --extern types_fmgr=/tmp/cargo-mutants-src-gTTC8i.tmp/target/debug/deps/libtypes_fmgr-40ee05d74815766a.rmeta`
   Compiling types_rel v0.1.0 (/tmp/cargo-mutants-src-gTTC8i.tmp/crates/_support/types/rel)
     Running `/usr/local/rustup/toolchains/1.96.0-aarch64-unknown-linux-gnu/bin/rustc --crate-name types_rel --edition=2021 crates/_support/types/rel/src/lib.rs --error-format=json --json=diagnostic-rendered-ansi,artifacts,future-incompat --crate-type lib --emit=dep-info,metadata,link -C embed-bitcode=no -C debuginfo=line-tables-only -C split-debuginfo=unpacked --check-cfg 'cfg(docsrs,test)' --check-cfg 'cfg(feature, values())' -C metadata=7c8e8c857cda16ab -C extra-filename=-3e1c33dd7149d636 --out-dir /tmp/cargo-mutants-src-gTTC8i.tmp/target/debug/deps -L dependency=/tmp/cargo-mutants-src-gTTC8i.tmp/target/debug/deps --extern mcx=/tmp/cargo-mutants-src-gTTC8i.tmp/target/debug/deps/libmcx-06f936cbcd9c1216.rmeta --extern types_bloom=/tmp/cargo-mutants-src-gTTC8i.tmp/target/debug/deps/libtypes_bloom-defc044ad6bbe9ac.rmeta --extern types_core=/tmp/cargo-mutants-src-gTTC8i.tmp/target/debug/deps/libtypes_core-0d9118de0dbccbea.rmeta --extern types_error=/tmp/cargo-mutants-src-gTTC8i.tmp/target/debug/deps/libtypes_error-c16bdb10ad7f34c8.rmeta --extern types_fmgr=/tmp/cargo-mutants-src-gTTC8i.tmp/target/debug/deps/libtypes_fmgr-40ee05d74815766a.rmeta --extern types_hash=/tmp/cargo-mutants-src-gTTC8i.tmp/target/debug/deps/libtypes_hash-9e74b4a5d69ae3ff.rmeta --extern types_nbtree=/tmp/cargo-mutants-src-gTTC8i.tmp/target/debug/deps/libtypes_nbtree-910ca261143b457a.rmeta --extern types_spgist=/tmp/cargo-mutants-src-gTTC8i.tmp/target/debug/deps/libtypes_spgist-7fa106349daee15e.rmeta --extern types_storage=/tmp/cargo-mutants-src-gTTC8i.tmp/target/debug/deps/libtypes_storage-b31f4ad6d7fa1287.rmeta --extern types_trigger=/tmp/cargo-mutants-src-gTTC8i.tmp/target/debug/deps/libtypes_trigger-d2dd50d27725c0ba.rmeta --extern types_tuple=/tmp/cargo-mutants-src-gTTC8i.tmp/target/debug/deps/libtypes_tuple-de087002773c06fc.rmeta`
warning: `types_spgist` (lib) generated 19 warnings
   Compiling miscinit_seams v0.0.0 (/tmp/cargo-mutants-src-gTTC8i.tmp/crates/backend/utils/init/miscinit_seams)
     Running `/usr/local/rustup/toolchains/1.96.0-aarch64-unknown-linux-gnu/bin/rustc --crate-name miscinit_seams --edition=2021 crates/backend/utils/init/miscinit_seams/src/lib.rs --error-format=json --json=diagnostic-rendered-ansi,artifacts,future-incompat --crate-type lib --emit=dep-info,metadata,link -C embed-bitcode=no -C debuginfo=line-tables-only -C split-debuginfo=unpacked --check-cfg 'cfg(docsrs,test)' --check-cfg 'cfg(feature, values())' -C metadata=d244f277fbe7b5d0 -C extra-filename=-f4b7c761c58717ee --out-dir /tmp/cargo-mutants-src-gTTC8i.tmp/target/debug/deps -L dependency=/tmp/cargo-mutants-src-gTTC8i.tmp/target/debug/deps --extern mcx=/tmp/cargo-mutants-src-gTTC8i.tmp/target/debug/deps/libmcx-06f936cbcd9c1216.rmeta --extern seam_core=/tmp/cargo-mutants-src-gTTC8i.tmp/target/debug/deps/libseam_core-922382ec553c8555.rmeta --extern types_core=/tmp/cargo-mutants-src-gTTC8i.tmp/target/debug/deps/libtypes_core-0d9118de0dbccbea.rmeta --extern types_error=/tmp/cargo-mutants-src-gTTC8i.tmp/target/debug/deps/libtypes_error-c16bdb10ad7f34c8.rmeta`
   Compiling jit_deform v0.1.0 (/tmp/cargo-mutants-src-gTTC8i.tmp/crates/_support/jit_deform)
     Running `/usr/local/rustup/toolchains/1.96.0-aarch64-unknown-linux-gnu/bin/rustc --crate-name jit_deform --edition=2021 crates/_support/jit_deform/src/lib.rs --error-format=json --json=diagnostic-rendered-ansi,artifacts,future-incompat --crate-type lib --emit=dep-info,metadata,link -C embed-bitcode=no -C debuginfo=line-tables-only -C split-debuginfo=unpacked --check-cfg 'cfg(docsrs,test)' --check-cfg 'cfg(feature, values())' -C metadata=3ed4f9c56d462222 -C extra-filename=-46d5a453804e6e2e --out-dir /tmp/cargo-mutants-src-gTTC8i.tmp/target/debug/deps -L dependency=/tmp/cargo-mutants-src-gTTC8i.tmp/target/debug/deps --extern datum=/tmp/cargo-mutants-src-gTTC8i.tmp/target/debug/deps/libdatum-030f3169174aec16.rmeta --extern libc=/tmp/cargo-mutants-src-gTTC8i.tmp/target/debug/deps/liblibc-48f06ccd9be8c4ac.rmeta --extern mcx=/tmp/cargo-mutants-src-gTTC8i.tmp/target/debug/deps/libmcx-06f936cbcd9c1216.rmeta --extern types_tuple=/tmp/cargo-mutants-src-gTTC8i.tmp/target/debug/deps/libtypes_tuple-de087002773c06fc.rmeta`
   Compiling init_small v0.0.0 (/tmp/cargo-mutants-src-gTTC8i.tmp/crates/backend/utils/init/init_small)
     Running `/usr/local/rustup/toolchains/1.96.0-aarch64-unknown-linux-gnu/bin/rustc --crate-name init_small --edition=2021 crates/backend/utils/init/init_small/src/lib.rs --error-format=json --json=diagnostic-rendered-ansi,artifacts,future-incompat --crate-type lib --emit=dep-info,metadata,link -C embed-bitcode=no -C debuginfo=line-tables-only -C split-debuginfo=unpacked --warn=unexpected_cfgs --check-cfg 'cfg(pgrust_sim)' --check-cfg 'cfg(docsrs,test)' --check-cfg 'cfg(feature, values())' -C metadata=58d1c9403dbf8e20 -C extra-filename=-c84fb14dddbe6145 --out-dir /tmp/cargo-mutants-src-gTTC8i.tmp/target/debug/deps -L dependency=/tmp/cargo-mutants-src-gTTC8i.tmp/target/debug/deps --extern acl_seams=/tmp/cargo-mutants-src-gTTC8i.tmp/target/debug/deps/libacl_seams-081171078959f4ff.rmeta --extern guc_seams=/tmp/cargo-mutants-src-gTTC8i.tmp/target/debug/deps/libguc_seams-1dc5668919a4c219.rmeta --extern guc_tables=/tmp/cargo-mutants-src-gTTC8i.tmp/target/debug/deps/libguc_tables-93b6e4ddb0b91568.rmeta --extern init_small_seams=/tmp/cargo-mutants-src-gTTC8i.tmp/target/debug/deps/libinit_small_seams-f1d5b759dc2be48e.rmeta --extern mcx=/tmp/cargo-mutants-src-gTTC8i.tmp/target/debug/deps/libmcx-06f936cbcd9c1216.rmeta --extern miscinit_seams=/tmp/cargo-mutants-src-gTTC8i.tmp/target/debug/deps/libmiscinit_seams-f4b7c761c58717ee.rmeta --extern types_core=/tmp/cargo-mutants-src-gTTC8i.tmp/target/debug/deps/libtypes_core-0d9118de0dbccbea.rmeta --extern types_error=/tmp/cargo-mutants-src-gTTC8i.tmp/target/debug/deps/libtypes_error-c16bdb10ad7f34c8.rmeta --extern types_startup=/tmp/cargo-mutants-src-gTTC8i.tmp/target/debug/deps/libtypes_startup-42b815dfe8293062.rmeta --extern types_storage=/tmp/cargo-mutants-src-gTTC8i.tmp/target/debug/deps/libtypes_storage-b31f4ad6d7fa1287.rmeta`
   Compiling pqcomm_seams v0.0.0 (/tmp/cargo-mutants-src-gTTC8i.tmp/crates/backend/libpq/pqcomm_seams)
     Running `/usr/local/rustup/toolchains/1.96.0-aarch64-unknown-linux-gnu/bin/rustc --crate-name pqcomm_seams --edition=2021 crates/backend/libpq/pqcomm_seams/src/lib.rs --error-format=json --json=diagnostic-rendered-ansi,artifacts,future-incompat --crate-type lib --emit=dep-info,metadata,link -C embed-bitcode=no -C debuginfo=line-tables-only -C split-debuginfo=unpacked --check-cfg 'cfg(docsrs,test)' --check-cfg 'cfg(feature, values())' -C metadata=e80338ef4c1c503b -C extra-filename=-9e4aedfc5e4c1c09 --out-dir /tmp/cargo-mutants-src-gTTC8i.tmp/target/debug/deps -L dependency=/tmp/cargo-mutants-src-gTTC8i.tmp/target/debug/deps --extern seam_core=/tmp/cargo-mutants-src-gTTC8i.tmp/target/debug/deps/libseam_core-922382ec553c8555.rmeta --extern types_error=/tmp/cargo-mutants-src-gTTC8i.tmp/target/debug/deps/libtypes_error-c16bdb10ad7f34c8.rmeta --extern types_startup=/tmp/cargo-mutants-src-gTTC8i.tmp/target/debug/deps/libtypes_startup-42b815dfe8293062.rmeta --extern types_storage=/tmp/cargo-mutants-src-gTTC8i.tmp/target/debug/deps/libtypes_storage-b31f4ad6d7fa1287.rmeta`
   Compiling namespace_seams v0.0.0 (/tmp/cargo-mutants-src-gTTC8i.tmp/crates/backend/catalog/namespace_seams)
     Running `/usr/local/rustup/toolchains/1.96.0-aarch64-unknown-linux-gnu/bin/rustc --crate-name namespace_seams --edition=2021 crates/backend/catalog/namespace_seams/src/lib.rs --error-format=json --json=diagnostic-rendered-ansi,artifacts,future-incompat --crate-type lib --emit=dep-info,metadata,link -C embed-bitcode=no -C debuginfo=line-tables-only -C split-debuginfo=unpacked --check-cfg 'cfg(docsrs,test)' --check-cfg 'cfg(feature, values())' -C metadata=b7434f95a4795a0e -C extra-filename=-ae46f04ddea2ff24 --out-dir /tmp/cargo-mutants-src-gTTC8i.tmp/target/debug/deps -L dependency=/tmp/cargo-mutants-src-gTTC8i.tmp/target/debug/deps --extern mcx=/tmp/cargo-mutants-src-gTTC8i.tmp/target/debug/deps/libmcx-06f936cbcd9c1216.rmeta --extern rel_vocab=/tmp/cargo-mutants-src-gTTC8i.tmp/target/debug/deps/librel_vocab-cee0c40e2581ff58.rmeta --extern seam_core=/tmp/cargo-mutants-src-gTTC8i.tmp/target/debug/deps/libseam_core-922382ec553c8555.rmeta --extern types_core=/tmp/cargo-mutants-src-gTTC8i.tmp/target/debug/deps/libtypes_core-0d9118de0dbccbea.rmeta --extern types_error=/tmp/cargo-mutants-src-gTTC8i.tmp/target/debug/deps/libtypes_error-c16bdb10ad7f34c8.rmeta --extern types_rel=/tmp/cargo-mutants-src-gTTC8i.tmp/target/debug/deps/libtypes_rel-3e1c33dd7149d636.rmeta`
   Compiling xlogreader_seams v0.0.0 (/tmp/cargo-mutants-src-gTTC8i.tmp/crates/backend/access/transam/xlogreader_seams)
     Running `/usr/local/rustup/toolchains/1.96.0-aarch64-unknown-linux-gnu/bin/rustc --crate-name xlogreader_seams --edition=2021 crates/backend/access/transam/xlogreader_seams/src/lib.rs --error-format=json --json=diagnostic-rendered-ansi,artifacts,future-incompat --crate-type lib --emit=dep-info,metadata,link -C embed-bitcode=no -C debuginfo=line-tables-only -C split-debuginfo=unpacked --check-cfg 'cfg(docsrs,test)' --check-cfg 'cfg(feature, values())' -C metadata=11a124d12d564a80 -C extra-filename=-820ac3fce23b7a0e --out-dir /tmp/cargo-mutants-src-gTTC8i.tmp/target/debug/deps -L dependency=/tmp/cargo-mutants-src-gTTC8i.tmp/target/debug/deps --extern seam_core=/tmp/cargo-mutants-src-gTTC8i.tmp/target/debug/deps/libseam_core-922382ec553c8555.rmeta --extern types_core=/tmp/cargo-mutants-src-gTTC8i.tmp/target/debug/deps/libtypes_core-0d9118de0dbccbea.rmeta --extern types_error=/tmp/cargo-mutants-src-gTTC8i.tmp/target/debug/deps/libtypes_error-c16bdb10ad7f34c8.rmeta --extern types_storage=/tmp/cargo-mutants-src-gTTC8i.tmp/target/debug/deps/libtypes_storage-b31f4ad6d7fa1287.rmeta`
   Compiling ipc_seams v0.0.0 (/tmp/cargo-mutants-src-gTTC8i.tmp/crates/backend/storage/ipc/ipc_seams)
     Running `/usr/local/rustup/toolchains/1.96.0-aarch64-unknown-linux-gnu/bin/rustc --crate-name ipc_seams --edition=2021 crates/backend/storage/ipc/ipc_seams/src/lib.rs --error-format=json --json=diagnostic-rendered-ansi,artifacts,future-incompat --crate-type lib --emit=dep-info,metadata,link -C embed-bitcode=no -C debuginfo=line-tables-only -C split-debuginfo=unpacked --check-cfg 'cfg(docsrs,test)' --check-cfg 'cfg(feature, values())' -C metadata=73c65796c766918b -C extra-filename=-140872a880da4546 --out-dir /tmp/cargo-mutants-src-gTTC8i.tmp/target/debug/deps -L dependency=/tmp/cargo-mutants-src-gTTC8i.tmp/target/debug/deps --extern datum=/tmp/cargo-mutants-src-gTTC8i.tmp/target/debug/deps/libdatum-030f3169174aec16.rmeta --extern seam_core=/tmp/cargo-mutants-src-gTTC8i.tmp/target/debug/deps/libseam_core-922382ec553c8555.rmeta --extern types_error=/tmp/cargo-mutants-src-gTTC8i.tmp/target/debug/deps/libtypes_error-c16bdb10ad7f34c8.rmeta`
   Compiling transam_xlog_seams v0.0.0 (/tmp/cargo-mutants-src-gTTC8i.tmp/crates/backend/access/transam/transam_xlog_seams)
     Running `/usr/local/rustup/toolchains/1.96.0-aarch64-unknown-linux-gnu/bin/rustc --crate-name transam_xlog_seams --edition=2021 crates/backend/access/transam/transam_xlog_seams/src/lib.rs --error-format=json --json=diagnostic-rendered-ansi,artifacts,future-incompat --crate-type lib --emit=dep-info,metadata,link -C embed-bitcode=no -C debuginfo=line-tables-only -C split-debuginfo=unpacked --check-cfg 'cfg(docsrs,test)' --check-cfg 'cfg(feature, values())' -C metadata=69775c15349dbe47 -C extra-filename=-dec0aa07bd6fd1ae --out-dir /tmp/cargo-mutants-src-gTTC8i.tmp/target/debug/deps -L dependency=/tmp/cargo-mutants-src-gTTC8i.tmp/target/debug/deps --extern seam_core=/tmp/cargo-mutants-src-gTTC8i.tmp/target/debug/deps/libseam_core-922382ec553c8555.rmeta --extern types_core=/tmp/cargo-mutants-src-gTTC8i.tmp/target/debug/deps/libtypes_core-0d9118de0dbccbea.rmeta --extern types_error=/tmp/cargo-mutants-src-gTTC8i.tmp/target/debug/deps/libtypes_error-c16bdb10ad7f34c8.rmeta --extern xlogreader_seams=/tmp/cargo-mutants-src-gTTC8i.tmp/target/debug/deps/libxlogreader_seams-820ac3fce23b7a0e.rmeta`
warning: `types_nodes` (lib) generated 6 warnings
   Compiling mbutils v0.1.0 (/tmp/cargo-mutants-src-gTTC8i.tmp/crates/backend/utils/mb/mbutils)
     Running `/usr/local/rustup/toolchains/1.96.0-aarch64-unknown-linux-gnu/bin/rustc --crate-name mbutils --edition=2021 crates/backend/utils/mb/mbutils/src/lib.rs --error-format=json --json=diagnostic-rendered-ansi,artifacts,future-incompat --crate-type lib --emit=dep-info,metadata,link -C embed-bitcode=no -C debuginfo=line-tables-only -C split-debuginfo=unpacked --check-cfg 'cfg(docsrs,test)' --check-cfg 'cfg(feature, values())' -C metadata=6446d87d3c2e5554 -C extra-filename=-768611049dcadcb6 --out-dir /tmp/cargo-mutants-src-gTTC8i.tmp/target/debug/deps -L dependency=/tmp/cargo-mutants-src-gTTC8i.tmp/target/debug/deps --extern datum=/tmp/cargo-mutants-src-gTTC8i.tmp/target/debug/deps/libdatum-030f3169174aec16.rmeta --extern fmgr_seams=/tmp/cargo-mutants-src-gTTC8i.tmp/target/debug/deps/libfmgr_seams-d221369bfed635f8.rmeta --extern mbutils_seams=/tmp/cargo-mutants-src-gTTC8i.tmp/target/debug/deps/libmbutils_seams-4d8298d9d15f6c12.rmeta --extern mcx=/tmp/cargo-mutants-src-gTTC8i.tmp/target/debug/deps/libmcx-06f936cbcd9c1216.rmeta --extern namespace_seams=/tmp/cargo-mutants-src-gTTC8i.tmp/target/debug/deps/libnamespace_seams-ae46f04ddea2ff24.rmeta --extern types_core=/tmp/cargo-mutants-src-gTTC8i.tmp/target/debug/deps/libtypes_core-0d9118de0dbccbea.rmeta --extern types_error=/tmp/cargo-mutants-src-gTTC8i.tmp/target/debug/deps/libtypes_error-c16bdb10ad7f34c8.rmeta --extern types_fmgr=/tmp/cargo-mutants-src-gTTC8i.tmp/target/debug/deps/libtypes_fmgr-40ee05d74815766a.rmeta --extern wchar=/tmp/cargo-mutants-src-gTTC8i.tmp/target/debug/deps/libwchar-da99c5603b4b462e.rmeta --extern xact_seams=/tmp/cargo-mutants-src-gTTC8i.tmp/target/debug/deps/libxact_seams-061af81be05bb434.rmeta`
   Compiling syscache_seams v0.0.0 (/tmp/cargo-mutants-src-gTTC8i.tmp/crates/backend/utils/cache/syscache_seams)
   Compiling lmgr_proc_seams v0.0.0 (/tmp/cargo-mutants-src-gTTC8i.tmp/crates/backend/storage/lmgr/lmgr_proc_seams)
     Running `/usr/local/rustup/toolchains/1.96.0-aarch64-unknown-linux-gnu/bin/rustc --crate-name syscache_seams --edition=2021 crates/backend/utils/cache/syscache_seams/src/lib.rs --error-format=json --json=diagnostic-rendered-ansi,artifacts,future-incompat --crate-type lib --emit=dep-info,metadata,link -C embed-bitcode=no -C debuginfo=line-tables-only -C split-debuginfo=unpacked --check-cfg 'cfg(docsrs,test)' --check-cfg 'cfg(feature, values())' -C metadata=1588a333e722b4fc -C extra-filename=-004e298564e4dc84 --out-dir /tmp/cargo-mutants-src-gTTC8i.tmp/target/debug/deps -L dependency=/tmp/cargo-mutants-src-gTTC8i.tmp/target/debug/deps --extern datum=/tmp/cargo-mutants-src-gTTC8i.tmp/target/debug/deps/libdatum-030f3169174aec16.rmeta --extern mcx=/tmp/cargo-mutants-src-gTTC8i.tmp/target/debug/deps/libmcx-06f936cbcd9c1216.rmeta --extern seam_core=/tmp/cargo-mutants-src-gTTC8i.tmp/target/debug/deps/libseam_core-922382ec553c8555.rmeta --extern types_core=/tmp/cargo-mutants-src-gTTC8i.tmp/target/debug/deps/libtypes_core-0d9118de0dbccbea.rmeta --extern types_error=/tmp/cargo-mutants-src-gTTC8i.tmp/target/debug/deps/libtypes_error-c16bdb10ad7f34c8.rmeta --extern types_storage=/tmp/cargo-mutants-src-gTTC8i.tmp/target/debug/deps/libtypes_storage-b31f4ad6d7fa1287.rmeta --extern types_tuple=/tmp/cargo-mutants-src-gTTC8i.tmp/target/debug/deps/libtypes_tuple-de087002773c06fc.rmeta`
     Running `/usr/local/rustup/toolchains/1.96.0-aarch64-unknown-linux-gnu/bin/rustc --crate-name lmgr_proc_seams --edition=2021 crates/backend/storage/lmgr/lmgr_proc_seams/src/lib.rs --error-format=json --json=diagnostic-rendered-ansi,artifacts,future-incompat --crate-type lib --emit=dep-info,metadata,link -C embed-bitcode=no -C debuginfo=line-tables-only -C split-debuginfo=unpacked --check-cfg 'cfg(docsrs,test)' --check-cfg 'cfg(feature, values())' -C metadata=31f6a52ac6d787fc -C extra-filename=-57623a7baf68897c --out-dir /tmp/cargo-mutants-src-gTTC8i.tmp/target/debug/deps -L dependency=/tmp/cargo-mutants-src-gTTC8i.tmp/target/debug/deps --extern seam_core=/tmp/cargo-mutants-src-gTTC8i.tmp/target/debug/deps/libseam_core-922382ec553c8555.rmeta --extern types_core=/tmp/cargo-mutants-src-gTTC8i.tmp/target/debug/deps/libtypes_core-0d9118de0dbccbea.rmeta --extern types_storage=/tmp/cargo-mutants-src-gTTC8i.tmp/target/debug/deps/libtypes_storage-b31f4ad6d7fa1287.rmeta`
   Compiling elog v0.0.0 (/tmp/cargo-mutants-src-gTTC8i.tmp/crates/backend/utils/error/elog)
   Compiling types_slot v0.1.0 (/tmp/cargo-mutants-src-gTTC8i.tmp/crates/_support/types/types_slot)
     Running `/usr/local/rustup/toolchains/1.96.0-aarch64-unknown-linux-gnu/bin/rustc --crate-name types_slot --edition=2021 crates/_support/types/types_slot/src/lib.rs --error-format=json --json=diagnostic-rendered-ansi,artifacts,future-incompat --crate-type lib --emit=dep-info,metadata,link -C embed-bitcode=no -C debuginfo=line-tables-only -C split-debuginfo=unpacked --check-cfg 'cfg(docsrs,test)' --check-cfg 'cfg(feature, values())' -C metadata=0b506de7d39bc321 -C extra-filename=-f1f8229a36df81be --out-dir /tmp/cargo-mutants-src-gTTC8i.tmp/target/debug/deps -L dependency=/tmp/cargo-mutants-src-gTTC8i.tmp/target/debug/deps --extern datum=/tmp/cargo-mutants-src-gTTC8i.tmp/target/debug/deps/libdatum-030f3169174aec16.rmeta --extern jit_deform=/tmp/cargo-mutants-src-gTTC8i.tmp/target/debug/deps/libjit_deform-46d5a453804e6e2e.rmeta --extern mcx=/tmp/cargo-mutants-src-gTTC8i.tmp/target/debug/deps/libmcx-06f936cbcd9c1216.rmeta --extern types_core=/tmp/cargo-mutants-src-gTTC8i.tmp/target/debug/deps/libtypes_core-0d9118de0dbccbea.rmeta --extern types_tuple=/tmp/cargo-mutants-src-gTTC8i.tmp/target/debug/deps/libtypes_tuple-de087002773c06fc.rmeta`
     Running `/usr/local/rustup/toolchains/1.96.0-aarch64-unknown-linux-gnu/bin/rustc --crate-name elog --edition=2021 crates/backend/utils/error/elog/src/lib.rs --error-format=json --json=diagnostic-rendered-ansi,artifacts,future-incompat --crate-type lib --emit=dep-info,metadata,link -C embed-bitcode=no -C debuginfo=line-tables-only -C split-debuginfo=unpacked --warn=unexpected_cfgs --check-cfg 'cfg(pgrust_sim)' --check-cfg 'cfg(docsrs,test)' --check-cfg 'cfg(feature, values())' -C metadata=e20beaba5fd7f8a5 -C extra-filename=-659de80f8ecc9699 --out-dir /tmp/cargo-mutants-src-gTTC8i.tmp/target/debug/deps -L dependency=/tmp/cargo-mutants-src-gTTC8i.tmp/target/debug/deps --extern elog_seams=/tmp/cargo-mutants-src-gTTC8i.tmp/target/debug/deps/libelog_seams-6a04240b52900b4e.rmeta --extern error_small_seams=/tmp/cargo-mutants-src-gTTC8i.tmp/target/debug/deps/liberror_small_seams-2352e532470f4300.rmeta --extern guc_tables=/tmp/cargo-mutants-src-gTTC8i.tmp/target/debug/deps/libguc_tables-93b6e4ddb0b91568.rmeta --extern init_small_seams=/tmp/cargo-mutants-src-gTTC8i.tmp/target/debug/deps/libinit_small_seams-f1d5b759dc2be48e.rmeta --extern ipc_seams=/tmp/cargo-mutants-src-gTTC8i.tmp/target/debug/deps/libipc_seams-140872a880da4546.rmeta --extern libc=/tmp/cargo-mutants-src-gTTC8i.tmp/target/debug/deps/liblibc-48f06ccd9be8c4ac.rmeta --extern mbutils_seams=/tmp/cargo-mutants-src-gTTC8i.tmp/target/debug/deps/libmbutils_seams-4d8298d9d15f6c12.rmeta --extern mcx=/tmp/cargo-mutants-src-gTTC8i.tmp/target/debug/deps/libmcx-06f936cbcd9c1216.rmeta --extern pg_clock=/tmp/cargo-mutants-src-gTTC8i.tmp/target/debug/deps/libpg_clock-38e34889854596c7.rmeta --extern pgstat_seams=/tmp/cargo-mutants-src-gTTC8i.tmp/target/debug/deps/libpgstat_seams-81140c4c3d47bf25.rmeta --extern pqcomm_seams=/tmp/cargo-mutants-src-gTTC8i.tmp/target/debug/deps/libpqcomm_seams-9e4aedfc5e4c1c09.rmeta --extern syslogger_seams=/tmp/cargo-mutants-src-gTTC8i.tmp/target/debug/deps/libsyslogger_seams-04c0b0eb1d9ecb8d.rmeta --extern types_core=/tmp/cargo-mutants-src-gTTC8i.tmp/target/debug/deps/libtypes_core-0d9118de0dbccbea.rmeta --extern types_dest=/tmp/cargo-mutants-src-gTTC8i.tmp/target/debug/deps/libtypes_dest-fe5d0413e6b04cbe.rmeta --extern types_error=/tmp/cargo-mutants-src-gTTC8i.tmp/target/debug/deps/libtypes_error-c16bdb10ad7f34c8.rmeta`
   Compiling lwlock v0.0.0 (/tmp/cargo-mutants-src-gTTC8i.tmp/crates/backend/storage/lmgr/lwlock)
   Compiling relation_seams v0.0.0 (/tmp/cargo-mutants-src-gTTC8i.tmp/crates/backend/access/common/relation_seams)
     Running `/usr/local/rustup/toolchains/1.96.0-aarch64-unknown-linux-gnu/bin/rustc --crate-name relation_seams --edition=2021 crates/backend/access/common/relation_seams/src/lib.rs --error-format=json --json=diagnostic-rendered-ansi,artifacts,future-incompat --crate-type lib --emit=dep-info,metadata,link -C embed-bitcode=no -C debuginfo=line-tables-only -C split-debuginfo=unpacked --check-cfg 'cfg(docsrs,test)' --check-cfg 'cfg(feature, values())' -C metadata=bddc4f577fdf486c -C extra-filename=-cc4f095ac3983557 --out-dir /tmp/cargo-mutants-src-gTTC8i.tmp/target/debug/deps -L dependency=/tmp/cargo-mutants-src-gTTC8i.tmp/target/debug/deps --extern mcx=/tmp/cargo-mutants-src-gTTC8i.tmp/target/debug/deps/libmcx-06f936cbcd9c1216.rmeta --extern rel_vocab=/tmp/cargo-mutants-src-gTTC8i.tmp/target/debug/deps/librel_vocab-cee0c40e2581ff58.rmeta --extern seam_core=/tmp/cargo-mutants-src-gTTC8i.tmp/target/debug/deps/libseam_core-922382ec553c8555.rmeta --extern types_core=/tmp/cargo-mutants-src-gTTC8i.tmp/target/debug/deps/libtypes_core-0d9118de0dbccbea.rmeta --extern types_error=/tmp/cargo-mutants-src-gTTC8i.tmp/target/debug/deps/libtypes_error-c16bdb10ad7f34c8.rmeta --extern types_rel=/tmp/cargo-mutants-src-gTTC8i.tmp/target/debug/deps/libtypes_rel-3e1c33dd7149d636.rmeta`
warning: unused imports: `LOG_DESTINATION_CSVLOG` and `LOG_DESTINATION_JSONLOG`
  --> crates/backend/utils/error/elog/src/config.rs:10:61
   |
10 |     ErrorLevel, PGErrorVerbosity, PgError, PgResult, ERROR, LOG_DESTINATION_CSVLOG,
   |                                                             ^^^^^^^^^^^^^^^^^^^^^^
11 |     LOG_DESTINATION_JSONLOG, LOG_DESTINATION_STDERR, LOG_DESTINATION_SYSLOG, NOTICE, WARNING,
   |     ^^^^^^^^^^^^^^^^^^^^^^^
   |
   = note: `#[warn(unused_imports)]` (part of `#[warn(unused)]`) on by default

     Running `/usr/local/rustup/toolchains/1.96.0-aarch64-unknown-linux-gnu/bin/rustc --crate-name lwlock --edition=2021 crates/backend/storage/lmgr/lwlock/src/lib.rs --error-format=json --json=diagnostic-rendered-ansi,artifacts,future-incompat --crate-type lib --emit=dep-info,metadata,link -C embed-bitcode=no -C debuginfo=line-tables-only -C split-debuginfo=unpacked --check-cfg 'cfg(docsrs,test)' --check-cfg 'cfg(feature, values())' -C metadata=6aa8d0b135d4ff88 -C extra-filename=-af51d3a8908c13e1 --out-dir /tmp/cargo-mutants-src-gTTC8i.tmp/target/debug/deps -L dependency=/tmp/cargo-mutants-src-gTTC8i.tmp/target/debug/deps --extern init_small=/tmp/cargo-mutants-src-gTTC8i.tmp/target/debug/deps/libinit_small-c84fb14dddbe6145.rmeta --extern lmgr_proc_seams=/tmp/cargo-mutants-src-gTTC8i.tmp/target/debug/deps/liblmgr_proc_seams-57623a7baf68897c.rmeta --extern s_lock_seams=/tmp/cargo-mutants-src-gTTC8i.tmp/target/debug/deps/libs_lock_seams-2e62db2932387f12.rmeta --extern shmem_seams=/tmp/cargo-mutants-src-gTTC8i.tmp/target/debug/deps/libshmem_seams-ee6272412294f6a0.rmeta --extern types_core=/tmp/cargo-mutants-src-gTTC8i.tmp/target/debug/deps/libtypes_core-0d9118de0dbccbea.rmeta --extern types_error=/tmp/cargo-mutants-src-gTTC8i.tmp/target/debug/deps/libtypes_error-c16bdb10ad7f34c8.rmeta --extern waitevent_seams=/tmp/cargo-mutants-src-gTTC8i.tmp/target/debug/deps/libwaitevent_seams-c73370333d269195.rmeta`
   Compiling syncscan_seams v0.0.0 (/tmp/cargo-mutants-src-gTTC8i.tmp/crates/backend/access/common/syncscan_seams)
     Running `/usr/local/rustup/toolchains/1.96.0-aarch64-unknown-linux-gnu/bin/rustc --crate-name syncscan_seams --edition=2021 crates/backend/access/common/syncscan_seams/src/lib.rs --error-format=json --json=diagnostic-rendered-ansi,artifacts,future-incompat --crate-type lib --emit=dep-info,metadata,link -C embed-bitcode=no -C debuginfo=line-tables-only -C split-debuginfo=unpacked --check-cfg 'cfg(docsrs,test)' --check-cfg 'cfg(feature, values())' -C metadata=49ebf46399ffeb00 -C extra-filename=-23afce00ee33624e --out-dir /tmp/cargo-mutants-src-gTTC8i.tmp/target/debug/deps -L dependency=/tmp/cargo-mutants-src-gTTC8i.tmp/target/debug/deps --extern seam_core=/tmp/cargo-mutants-src-gTTC8i.tmp/target/debug/deps/libseam_core-922382ec553c8555.rmeta --extern types_core=/tmp/cargo-mutants-src-gTTC8i.tmp/target/debug/deps/libtypes_core-0d9118de0dbccbea.rmeta --extern types_error=/tmp/cargo-mutants-src-gTTC8i.tmp/target/debug/deps/libtypes_error-c16bdb10ad7f34c8.rmeta --extern types_rel=/tmp/cargo-mutants-src-gTTC8i.tmp/target/debug/deps/libtypes_rel-3e1c33dd7149d636.rmeta`
   Compiling table_seams v0.0.0 (/tmp/cargo-mutants-src-gTTC8i.tmp/crates/backend/access/table/table_seams)
     Running `/usr/local/rustup/toolchains/1.96.0-aarch64-unknown-linux-gnu/bin/rustc --crate-name table_seams --edition=2021 crates/backend/access/table/table_seams/src/lib.rs --error-format=json --json=diagnostic-rendered-ansi,artifacts,future-incompat --crate-type lib --emit=dep-info,metadata,link -C embed-bitcode=no -C debuginfo=line-tables-only -C split-debuginfo=unpacked --check-cfg 'cfg(docsrs,test)' --check-cfg 'cfg(feature, values())' -C metadata=fe886ca3d510eeb8 -C extra-filename=-b32c306602ef49d6 --out-dir /tmp/cargo-mutants-src-gTTC8i.tmp/target/debug/deps -L dependency=/tmp/cargo-mutants-src-gTTC8i.tmp/target/debug/deps --extern mcx=/tmp/cargo-mutants-src-gTTC8i.tmp/target/debug/deps/libmcx-06f936cbcd9c1216.rmeta --extern seam_core=/tmp/cargo-mutants-src-gTTC8i.tmp/target/debug/deps/libseam_core-922382ec553c8555.rmeta --extern types_core=/tmp/cargo-mutants-src-gTTC8i.tmp/target/debug/deps/libtypes_core-0d9118de0dbccbea.rmeta --extern types_error=/tmp/cargo-mutants-src-gTTC8i.tmp/target/debug/deps/libtypes_error-c16bdb10ad7f34c8.rmeta --extern types_rel=/tmp/cargo-mutants-src-gTTC8i.tmp/target/debug/deps/libtypes_rel-3e1c33dd7149d636.rmeta`
   Compiling bufmgr_seams v0.0.0 (/tmp/cargo-mutants-src-gTTC8i.tmp/crates/backend/storage/buffer/bufmgr_seams)
     Running `/usr/local/rustup/toolchains/1.96.0-aarch64-unknown-linux-gnu/bin/rustc --crate-name bufmgr_seams --edition=2021 crates/backend/storage/buffer/bufmgr_seams/src/lib.rs --error-format=json --json=diagnostic-rendered-ansi,artifacts,future-incompat --crate-type lib --emit=dep-info,metadata,link -C embed-bitcode=no -C debuginfo=line-tables-only -C split-debuginfo=unpacked --check-cfg 'cfg(docsrs,test)' --check-cfg 'cfg(feature, values())' -C metadata=477366678fc180b7 -C extra-filename=-15ea4c60f38bcd86 --out-dir /tmp/cargo-mutants-src-gTTC8i.tmp/target/debug/deps -L dependency=/tmp/cargo-mutants-src-gTTC8i.tmp/target/debug/deps --extern seam_core=/tmp/cargo-mutants-src-gTTC8i.tmp/target/debug/deps/libseam_core-922382ec553c8555.rmeta --extern types_core=/tmp/cargo-mutants-src-gTTC8i.tmp/target/debug/deps/libtypes_core-0d9118de0dbccbea.rmeta --extern types_error=/tmp/cargo-mutants-src-gTTC8i.tmp/target/debug/deps/libtypes_error-c16bdb10ad7f34c8.rmeta --extern types_rel=/tmp/cargo-mutants-src-gTTC8i.tmp/target/debug/deps/libtypes_rel-3e1c33dd7149d636.rmeta --extern types_storage=/tmp/cargo-mutants-src-gTTC8i.tmp/target/debug/deps/libtypes_storage-b31f4ad6d7fa1287.rmeta`
   Compiling sync_seams v0.0.0 (/tmp/cargo-mutants-src-gTTC8i.tmp/crates/backend/storage/sync/sync_seams)
     Running `/usr/local/rustup/toolchains/1.96.0-aarch64-unknown-linux-gnu/bin/rustc --crate-name sync_seams --edition=2021 crates/backend/storage/sync/sync_seams/src/lib.rs --error-format=json --json=diagnostic-rendered-ansi,artifacts,future-incompat --crate-type lib --emit=dep-info,metadata,link -C embed-bitcode=no -C debuginfo=line-tables-only -C split-debuginfo=unpacked --check-cfg 'cfg(docsrs,test)' --check-cfg 'cfg(feature, values())' -C metadata=fd0a3f22d4f2e498 -C extra-filename=-7ba0c1f5b7e5021e --out-dir /tmp/cargo-mutants-src-gTTC8i.tmp/target/debug/deps -L dependency=/tmp/cargo-mutants-src-gTTC8i.tmp/target/debug/deps --extern seam_core=/tmp/cargo-mutants-src-gTTC8i.tmp/target/debug/deps/libseam_core-922382ec553c8555.rmeta --extern types_error=/tmp/cargo-mutants-src-gTTC8i.tmp/target/debug/deps/libtypes_error-c16bdb10ad7f34c8.rmeta --extern types_storage=/tmp/cargo-mutants-src-gTTC8i.tmp/target/debug/deps/libtypes_storage-b31f4ad6d7fa1287.rmeta`
   Compiling waiteventset_seams v0.0.0 (/tmp/cargo-mutants-src-gTTC8i.tmp/crates/backend/storage/ipc/waiteventset_seams)
     Running `/usr/local/rustup/toolchains/1.96.0-aarch64-unknown-linux-gnu/bin/rustc --crate-name waiteventset_seams --edition=2021 crates/backend/storage/ipc/waiteventset_seams/src/lib.rs --error-format=json --json=diagnostic-rendered-ansi,artifacts,future-incompat --crate-type lib --emit=dep-info,metadata,link -C embed-bitcode=no -C debuginfo=line-tables-only -C split-debuginfo=unpacked --check-cfg 'cfg(docsrs,test)' --check-cfg 'cfg(feature, values())' -C metadata=914c54814210e271 -C extra-filename=-e6611ae78fec0bd0 --out-dir /tmp/cargo-mutants-src-gTTC8i.tmp/target/debug/deps -L dependency=/tmp/cargo-mutants-src-gTTC8i.tmp/target/debug/deps --extern seam_core=/tmp/cargo-mutants-src-gTTC8i.tmp/target/debug/deps/libseam_core-922382ec553c8555.rmeta --extern types_core=/tmp/cargo-mutants-src-gTTC8i.tmp/target/debug/deps/libtypes_core-0d9118de0dbccbea.rmeta --extern types_error=/tmp/cargo-mutants-src-gTTC8i.tmp/target/debug/deps/libtypes_error-c16bdb10ad7f34c8.rmeta --extern types_storage=/tmp/cargo-mutants-src-gTTC8i.tmp/target/debug/deps/libtypes_storage-b31f4ad6d7fa1287.rmeta`
   Compiling types_resowner v0.1.0 (/tmp/cargo-mutants-src-gTTC8i.tmp/crates/_support/types/types_resowner)
     Running `/usr/local/rustup/toolchains/1.96.0-aarch64-unknown-linux-gnu/bin/rustc --crate-name types_resowner --edition=2021 crates/_support/types/types_resowner/src/lib.rs --error-format=json --json=diagnostic-rendered-ansi,artifacts,future-incompat --crate-type lib --emit=dep-info,metadata,link -C embed-bitcode=no -C debuginfo=line-tables-only -C split-debuginfo=unpacked --check-cfg 'cfg(docsrs,test)' --check-cfg 'cfg(feature, values())' -C metadata=ebe43af1eccc210c -C extra-filename=-8fade73153045335 --out-dir /tmp/cargo-mutants-src-gTTC8i.tmp/target/debug/deps -L dependency=/tmp/cargo-mutants-src-gTTC8i.tmp/target/debug/deps --extern datum=/tmp/cargo-mutants-src-gTTC8i.tmp/target/debug/deps/libdatum-030f3169174aec16.rmeta --extern mcx=/tmp/cargo-mutants-src-gTTC8i.tmp/target/debug/deps/libmcx-06f936cbcd9c1216.rmeta --extern types_error=/tmp/cargo-mutants-src-gTTC8i.tmp/target/debug/deps/libtypes_error-c16bdb10ad7f34c8.rmeta`
   Compiling tableam_vocab v0.1.0 (/tmp/cargo-mutants-src-gTTC8i.tmp/crates/backend/access/table/tableam_vocab)
     Running `/usr/local/rustup/toolchains/1.96.0-aarch64-unknown-linux-gnu/bin/rustc --crate-name tableam_vocab --edition=2021 crates/backend/access/table/tableam_vocab/src/lib.rs --error-format=json --json=diagnostic-rendered-ansi,artifacts,future-incompat --crate-type lib --emit=dep-info,metadata,link -C embed-bitcode=no -C debuginfo=line-tables-only -C split-debuginfo=unpacked --check-cfg 'cfg(docsrs,test)' --check-cfg 'cfg(feature, values())' -C metadata=c26fee4a3013ce0e -C extra-filename=-55b5cca124d0fae1 --out-dir /tmp/cargo-mutants-src-gTTC8i.tmp/target/debug/deps -L dependency=/tmp/cargo-mutants-src-gTTC8i.tmp/target/debug/deps --extern bufmgr_seams=/tmp/cargo-mutants-src-gTTC8i.tmp/target/debug/deps/libbufmgr_seams-15ea4c60f38bcd86.rmeta --extern mcx=/tmp/cargo-mutants-src-gTTC8i.tmp/target/debug/deps/libmcx-06f936cbcd9c1216.rmeta --extern s_lock_seams=/tmp/cargo-mutants-src-gTTC8i.tmp/target/debug/deps/libs_lock_seams-2e62db2932387f12.rmeta --extern syncscan_seams=/tmp/cargo-mutants-src-gTTC8i.tmp/target/debug/deps/libsyncscan_seams-23afce00ee33624e.rmeta --extern types_core=/tmp/cargo-mutants-src-gTTC8i.tmp/target/debug/deps/libtypes_core-0d9118de0dbccbea.rmeta --extern types_error=/tmp/cargo-mutants-src-gTTC8i.tmp/target/debug/deps/libtypes_error-c16bdb10ad7f34c8.rmeta --extern types_rel=/tmp/cargo-mutants-src-gTTC8i.tmp/target/debug/deps/libtypes_rel-3e1c33dd7149d636.rmeta --extern types_scan=/tmp/cargo-mutants-src-gTTC8i.tmp/target/debug/deps/libtypes_scan-5e390674aacffb12.rmeta --extern types_slot=/tmp/cargo-mutants-src-gTTC8i.tmp/target/debug/deps/libtypes_slot-f1f8229a36df81be.rmeta --extern types_snapshot=/tmp/cargo-mutants-src-gTTC8i.tmp/target/debug/deps/libtypes_snapshot-49c60af03ab0591e.rmeta --extern types_storage=/tmp/cargo-mutants-src-gTTC8i.tmp/target/debug/deps/libtypes_storage-b31f4ad6d7fa1287.rmeta --extern types_tuple=/tmp/cargo-mutants-src-gTTC8i.tmp/target/debug/deps/libtypes_tuple-de087002773c06fc.rmeta`
   Compiling types_portal v0.1.0 (/tmp/cargo-mutants-src-gTTC8i.tmp/crates/_support/types/portal)
     Running `/usr/local/rustup/toolchains/1.96.0-aarch64-unknown-linux-gnu/bin/rustc --crate-name types_portal --edition=2021 crates/_support/types/portal/src/lib.rs --error-format=json --json=diagnostic-rendered-ansi,artifacts,future-incompat --crate-type lib --emit=dep-info,metadata,link -C embed-bitcode=no -C debuginfo=line-tables-only -C split-debuginfo=unpacked --check-cfg 'cfg(docsrs,test)' --check-cfg 'cfg(feature, values())' -C metadata=5a27d7e1edba2e81 -C extra-filename=-febbba31628aae6c --out-dir /tmp/cargo-mutants-src-gTTC8i.tmp/target/debug/deps -L dependency=/tmp/cargo-mutants-src-gTTC8i.tmp/target/debug/deps --extern datum=/tmp/cargo-mutants-src-gTTC8i.tmp/target/debug/deps/libdatum-030f3169174aec16.rmeta --extern mcx=/tmp/cargo-mutants-src-gTTC8i.tmp/target/debug/deps/libmcx-06f936cbcd9c1216.rmeta --extern types_core=/tmp/cargo-mutants-src-gTTC8i.tmp/target/debug/deps/libtypes_core-0d9118de0dbccbea.rmeta --extern types_nodes=/tmp/cargo-mutants-src-gTTC8i.tmp/target/debug/deps/libtypes_nodes-5d94b8204e43bceb.rmeta --extern types_resowner=/tmp/cargo-mutants-src-gTTC8i.tmp/target/debug/deps/libtypes_resowner-8fade73153045335.rmeta --extern types_snapshot=/tmp/cargo-mutants-src-gTTC8i.tmp/target/debug/deps/libtypes_snapshot-49c60af03ab0591e.rmeta --extern types_tuple=/tmp/cargo-mutants-src-gTTC8i.tmp/target/debug/deps/libtypes_tuple-de087002773c06fc.rmeta`
   Compiling slru v0.0.0 (/tmp/cargo-mutants-src-gTTC8i.tmp/crates/backend/access/transam/slru)
     Running `/usr/local/rustup/toolchains/1.96.0-aarch64-unknown-linux-gnu/bin/rustc --crate-name slru --edition=2021 crates/backend/access/transam/slru/src/lib.rs --error-format=json --json=diagnostic-rendered-ansi,artifacts,future-incompat --crate-type lib --emit=dep-info,metadata,link -C embed-bitcode=no -C debuginfo=line-tables-only -C split-debuginfo=unpacked --check-cfg 'cfg(docsrs,test)' --check-cfg 'cfg(feature, values())' -C metadata=b4d862619d6ab139 -C extra-filename=-67eafd35ba7fce2d --out-dir /tmp/cargo-mutants-src-gTTC8i.tmp/target/debug/deps -L dependency=/tmp/cargo-mutants-src-gTTC8i.tmp/target/debug/deps --extern elog=/tmp/cargo-mutants-src-gTTC8i.tmp/target/debug/deps/libelog-659de80f8ecc9699.rmeta --extern file_seams=/tmp/cargo-mutants-src-gTTC8i.tmp/target/debug/deps/libfile_seams-653fb2e027bfae98.rmeta --extern init_small=/tmp/cargo-mutants-src-gTTC8i.tmp/target/debug/deps/libinit_small-c84fb14dddbe6145.rmeta --extern libc=/tmp/cargo-mutants-src-gTTC8i.tmp/target/debug/deps/liblibc-48f06ccd9be8c4ac.rmeta --extern lmgr_proc_seams=/tmp/cargo-mutants-src-gTTC8i.tmp/target/debug/deps/liblmgr_proc_seams-57623a7baf68897c.rmeta --extern lwlock=/tmp/cargo-mutants-src-gTTC8i.tmp/target/debug/deps/liblwlock-af51d3a8908c13e1.rmeta --extern pgstat_seams=/tmp/cargo-mutants-src-gTTC8i.tmp/target/debug/deps/libpgstat_seams-81140c4c3d47bf25.rmeta --extern shmem_seams=/tmp/cargo-mutants-src-gTTC8i.tmp/target/debug/deps/libshmem_seams-ee6272412294f6a0.rmeta --extern sync_seams=/tmp/cargo-mutants-src-gTTC8i.tmp/target/debug/deps/libsync_seams-7ba0c1f5b7e5021e.rmeta --extern transam_xlog_seams=/tmp/cargo-mutants-src-gTTC8i.tmp/target/debug/deps/libtransam_xlog_seams-dec0aa07bd6fd1ae.rmeta --extern types_core=/tmp/cargo-mutants-src-gTTC8i.tmp/target/debug/deps/libtypes_core-0d9118de0dbccbea.rmeta --extern types_error=/tmp/cargo-mutants-src-gTTC8i.tmp/target/debug/deps/libtypes_error-c16bdb10ad7f34c8.rmeta --extern types_storage=/tmp/cargo-mutants-src-gTTC8i.tmp/target/debug/deps/libtypes_storage-b31f4ad6d7fa1287.rmeta --extern vfs=/tmp/cargo-mutants-src-gTTC8i.tmp/target/debug/deps/libvfs-e98a9d326f51d35a.rmeta --extern waitevent_seams=/tmp/cargo-mutants-src-gTTC8i.tmp/target/debug/deps/libwaitevent_seams-c73370333d269195.rmeta --extern xlogutils_seams=/tmp/cargo-mutants-src-gTTC8i.tmp/target/debug/deps/libxlogutils_seams-e594fa6222a5ce97.rmeta`
   Compiling pmsignal v0.0.0 (/tmp/cargo-mutants-src-gTTC8i.tmp/crates/backend/storage/ipc/pmsignal)
     Running `/usr/local/rustup/toolchains/1.96.0-aarch64-unknown-linux-gnu/bin/rustc --crate-name pmsignal --edition=2021 crates/backend/storage/ipc/pmsignal/src/lib.rs --error-format=json --json=diagnostic-rendered-ansi,artifacts,future-incompat --crate-type lib --emit=dep-info,metadata,link -C embed-bitcode=no -C debuginfo=line-tables-only -C split-debuginfo=unpacked --check-cfg 'cfg(docsrs,test)' --check-cfg 'cfg(feature, values())' -C metadata=8a238907fd557646 -C extra-filename=-a990526f22782781 --out-dir /tmp/cargo-mutants-src-gTTC8i.tmp/target/debug/deps -L dependency=/tmp/cargo-mutants-src-gTTC8i.tmp/target/debug/deps --extern init_small=/tmp/cargo-mutants-src-gTTC8i.tmp/target/debug/deps/libinit_small-c84fb14dddbe6145.rmeta --extern ipc_seams=/tmp/cargo-mutants-src-gTTC8i.tmp/target/debug/deps/libipc_seams-140872a880da4546.rmeta --extern pmsignal_seams=/tmp/cargo-mutants-src-gTTC8i.tmp/target/debug/deps/libpmsignal_seams-9481a09608ff5757.rmeta --extern postmaster_seams=/tmp/cargo-mutants-src-gTTC8i.tmp/target/debug/deps/libpostmaster_seams-6ff465a4ec3fe372.rmeta --extern shmem_seams=/tmp/cargo-mutants-src-gTTC8i.tmp/target/debug/deps/libshmem_seams-ee6272412294f6a0.rmeta --extern types_error=/tmp/cargo-mutants-src-gTTC8i.tmp/target/debug/deps/libtypes_error-c16bdb10ad7f34c8.rmeta --extern waiteventset_seams=/tmp/cargo-mutants-src-gTTC8i.tmp/target/debug/deps/libwaiteventset_seams-e6611ae78fec0bd0.rmeta`
   Compiling table v0.1.0 (/tmp/cargo-mutants-src-gTTC8i.tmp/crates/backend/access/table/table)
     Running `/usr/local/rustup/toolchains/1.96.0-aarch64-unknown-linux-gnu/bin/rustc --crate-name table --edition=2021 crates/backend/access/table/table/src/lib.rs --error-format=json --json=diagnostic-rendered-ansi,artifacts,future-incompat --crate-type lib --emit=dep-info,metadata,link -C embed-bitcode=no -C debuginfo=line-tables-only -C split-debuginfo=unpacked --check-cfg 'cfg(docsrs,test)' --check-cfg 'cfg(feature, values())' -C metadata=9d963a318f6af0f8 -C extra-filename=-0eabd6b95d269610 --out-dir /tmp/cargo-mutants-src-gTTC8i.tmp/target/debug/deps -L dependency=/tmp/cargo-mutants-src-gTTC8i.tmp/target/debug/deps --extern mcx=/tmp/cargo-mutants-src-gTTC8i.tmp/target/debug/deps/libmcx-06f936cbcd9c1216.rmeta --extern pg_class_seams=/tmp/cargo-mutants-src-gTTC8i.tmp/target/debug/deps/libpg_class_seams-65a0c0529339b7a9.rmeta --extern rel_vocab=/tmp/cargo-mutants-src-gTTC8i.tmp/target/debug/deps/librel_vocab-cee0c40e2581ff58.rmeta --extern relation_seams=/tmp/cargo-mutants-src-gTTC8i.tmp/target/debug/deps/librelation_seams-cc4f095ac3983557.rmeta --extern table_seams=/tmp/cargo-mutants-src-gTTC8i.tmp/target/debug/deps/libtable_seams-b32c306602ef49d6.rmeta --extern types_core=/tmp/cargo-mutants-src-gTTC8i.tmp/target/debug/deps/libtypes_core-0d9118de0dbccbea.rmeta --extern types_error=/tmp/cargo-mutants-src-gTTC8i.tmp/target/debug/deps/libtypes_error-c16bdb10ad7f34c8.rmeta --extern types_rel=/tmp/cargo-mutants-src-gTTC8i.tmp/target/debug/deps/libtypes_rel-3e1c33dd7149d636.rmeta`
   Compiling pqformat v0.1.0 (/tmp/cargo-mutants-src-gTTC8i.tmp/crates/backend/libpq/pqformat)
     Running `/usr/local/rustup/toolchains/1.96.0-aarch64-unknown-linux-gnu/bin/rustc --crate-name pqformat --edition=2021 crates/backend/libpq/pqformat/src/lib.rs --error-format=json --json=diagnostic-rendered-ansi,artifacts,future-incompat --crate-type lib --emit=dep-info,metadata,link -C embed-bitcode=no -C debuginfo=line-tables-only -C split-debuginfo=unpacked --check-cfg 'cfg(docsrs,test)' --check-cfg 'cfg(feature, values())' -C metadata=a116f0a9d585cc8d -C extra-filename=-b077afed4b93c0f1 --out-dir /tmp/cargo-mutants-src-gTTC8i.tmp/target/debug/deps -L dependency=/tmp/cargo-mutants-src-gTTC8i.tmp/target/debug/deps --extern datum=/tmp/cargo-mutants-src-gTTC8i.tmp/target/debug/deps/libdatum-030f3169174aec16.rmeta --extern mbutils=/tmp/cargo-mutants-src-gTTC8i.tmp/target/debug/deps/libmbutils-768611049dcadcb6.rmeta --extern mbutils_seams=/tmp/cargo-mutants-src-gTTC8i.tmp/target/debug/deps/libmbutils_seams-4d8298d9d15f6c12.rmeta --extern mcx=/tmp/cargo-mutants-src-gTTC8i.tmp/target/debug/deps/libmcx-06f936cbcd9c1216.rmeta --extern pqcomm_seams=/tmp/cargo-mutants-src-gTTC8i.tmp/target/debug/deps/libpqcomm_seams-9e4aedfc5e4c1c09.rmeta --extern stringinfo=/tmp/cargo-mutants-src-gTTC8i.tmp/target/debug/deps/libstringinfo-be7d4c5424352065.rmeta --extern types_error=/tmp/cargo-mutants-src-gTTC8i.tmp/target/debug/deps/libtypes_error-c16bdb10ad7f34c8.rmeta`
   Compiling dbcommands_seams v0.0.0 (/tmp/cargo-mutants-src-gTTC8i.tmp/crates/backend/commands/dbcommands_seams)
     Running `/usr/local/rustup/toolchains/1.96.0-aarch64-unknown-linux-gnu/bin/rustc --crate-name dbcommands_seams --edition=2021 crates/backend/commands/dbcommands_seams/src/lib.rs --error-format=json --json=diagnostic-rendered-ansi,artifacts,future-incompat --crate-type lib --emit=dep-info,metadata,link -C embed-bitcode=no -C debuginfo=line-tables-only -C split-debuginfo=unpacked --check-cfg 'cfg(docsrs,test)' --check-cfg 'cfg(feature, values())' -C metadata=dae20f918651776b -C extra-filename=-427d37cca4109ae3 --out-dir /tmp/cargo-mutants-src-gTTC8i.tmp/target/debug/deps -L dependency=/tmp/cargo-mutants-src-gTTC8i.tmp/target/debug/deps --extern mcx=/tmp/cargo-mutants-src-gTTC8i.tmp/target/debug/deps/libmcx-06f936cbcd9c1216.rmeta --extern seam_core=/tmp/cargo-mutants-src-gTTC8i.tmp/target/debug/deps/libseam_core-922382ec553c8555.rmeta --extern types_core=/tmp/cargo-mutants-src-gTTC8i.tmp/target/debug/deps/libtypes_core-0d9118de0dbccbea.rmeta --extern types_error=/tmp/cargo-mutants-src-gTTC8i.tmp/target/debug/deps/libtypes_error-c16bdb10ad7f34c8.rmeta --extern xlogreader_seams=/tmp/cargo-mutants-src-gTTC8i.tmp/target/debug/deps/libxlogreader_seams-820ac3fce23b7a0e.rmeta`
   Compiling relcache_seams v0.0.0 (/tmp/cargo-mutants-src-gTTC8i.tmp/crates/backend/utils/cache/relcache_seams)
     Running `/usr/local/rustup/toolchains/1.96.0-aarch64-unknown-linux-gnu/bin/rustc --crate-name relcache_seams --edition=2021 crates/backend/utils/cache/relcache_seams/src/lib.rs --error-format=json --json=diagnostic-rendered-ansi,artifacts,future-incompat --crate-type lib --emit=dep-info,metadata,link -C embed-bitcode=no -C debuginfo=line-tables-only -C split-debuginfo=unpacked --check-cfg 'cfg(docsrs,test)' --check-cfg 'cfg(feature, values())' -C metadata=e73768c63efbb61a -C extra-filename=-0bf4d1a782932af2 --out-dir /tmp/cargo-mutants-src-gTTC8i.tmp/target/debug/deps -L dependency=/tmp/cargo-mutants-src-gTTC8i.tmp/target/debug/deps --extern jit_deform=/tmp/cargo-mutants-src-gTTC8i.tmp/target/debug/deps/libjit_deform-46d5a453804e6e2e.rmeta --extern mcx=/tmp/cargo-mutants-src-gTTC8i.tmp/target/debug/deps/libmcx-06f936cbcd9c1216.rmeta --extern seam_core=/tmp/cargo-mutants-src-gTTC8i.tmp/target/debug/deps/libseam_core-922382ec553c8555.rmeta --extern types_core=/tmp/cargo-mutants-src-gTTC8i.tmp/target/debug/deps/libtypes_core-0d9118de0dbccbea.rmeta --extern types_error=/tmp/cargo-mutants-src-gTTC8i.tmp/target/debug/deps/libtypes_error-c16bdb10ad7f34c8.rmeta --extern types_rel=/tmp/cargo-mutants-src-gTTC8i.tmp/target/debug/deps/libtypes_rel-3e1c33dd7149d636.rmeta --extern types_trigger=/tmp/cargo-mutants-src-gTTC8i.tmp/target/debug/deps/libtypes_trigger-d2dd50d27725c0ba.rmeta`
   Compiling procarray_seams v0.0.0 (/tmp/cargo-mutants-src-gTTC8i.tmp/crates/backend/storage/ipc/procarray_seams)
     Running `/usr/local/rustup/toolchains/1.96.0-aarch64-unknown-linux-gnu/bin/rustc --crate-name procarray_seams --edition=2021 crates/backend/storage/ipc/procarray_seams/src/lib.rs --error-format=json --json=diagnostic-rendered-ansi,artifacts,future-incompat --crate-type lib --emit=dep-info,metadata,link -C embed-bitcode=no -C debuginfo=line-tables-only -C split-debuginfo=unpacked --check-cfg 'cfg(docsrs,test)' --check-cfg 'cfg(feature, values())' -C metadata=62d69de8776638c2 -C extra-filename=-f8ea8deb8798ee26 --out-dir /tmp/cargo-mutants-src-gTTC8i.tmp/target/debug/deps -L dependency=/tmp/cargo-mutants-src-gTTC8i.tmp/target/debug/deps --extern seam_core=/tmp/cargo-mutants-src-gTTC8i.tmp/target/debug/deps/libseam_core-922382ec553c8555.rmeta --extern types_core=/tmp/cargo-mutants-src-gTTC8i.tmp/target/debug/deps/libtypes_core-0d9118de0dbccbea.rmeta --extern types_error=/tmp/cargo-mutants-src-gTTC8i.tmp/target/debug/deps/libtypes_error-c16bdb10ad7f34c8.rmeta --extern types_rel=/tmp/cargo-mutants-src-gTTC8i.tmp/target/debug/deps/libtypes_rel-3e1c33dd7149d636.rmeta --extern types_storage=/tmp/cargo-mutants-src-gTTC8i.tmp/target/debug/deps/libtypes_storage-b31f4ad6d7fa1287.rmeta`
   Compiling snapmgr_seams v0.0.0 (/tmp/cargo-mutants-src-gTTC8i.tmp/crates/backend/utils/time/snapmgr_seams)
     Running `/usr/local/rustup/toolchains/1.96.0-aarch64-unknown-linux-gnu/bin/rustc --crate-name snapmgr_seams --edition=2021 crates/backend/utils/time/snapmgr_seams/src/lib.rs --error-format=json --json=diagnostic-rendered-ansi,artifacts,future-incompat --crate-type lib --emit=dep-info,metadata,link -C embed-bitcode=no -C debuginfo=line-tables-only -C split-debuginfo=unpacked --check-cfg 'cfg(docsrs,test)' --check-cfg 'cfg(feature, values())' -C metadata=bad4f8d450ac8ed2 -C extra-filename=-dfd08f4b814cd6a2 --out-dir /tmp/cargo-mutants-src-gTTC8i.tmp/target/debug/deps -L dependency=/tmp/cargo-mutants-src-gTTC8i.tmp/target/debug/deps --extern seam_core=/tmp/cargo-mutants-src-gTTC8i.tmp/target/debug/deps/libseam_core-922382ec553c8555.rmeta --extern types_core=/tmp/cargo-mutants-src-gTTC8i.tmp/target/debug/deps/libtypes_core-0d9118de0dbccbea.rmeta --extern types_error=/tmp/cargo-mutants-src-gTTC8i.tmp/target/debug/deps/libtypes_error-c16bdb10ad7f34c8.rmeta --extern types_snapshot=/tmp/cargo-mutants-src-gTTC8i.tmp/target/debug/deps/libtypes_snapshot-49c60af03ab0591e.rmeta`
   Compiling multixact_seams v0.0.0 (/tmp/cargo-mutants-src-gTTC8i.tmp/crates/backend/access/transam/multixact_seams)
   Compiling tableam_seams v0.0.0 (/tmp/cargo-mutants-src-gTTC8i.tmp/crates/backend/access/table/tableam_seams)
     Running `/usr/local/rustup/toolchains/1.96.0-aarch64-unknown-linux-gnu/bin/rustc --crate-name multixact_seams --edition=2021 crates/backend/access/transam/multixact_seams/src/lib.rs --error-format=json --json=diagnostic-rendered-ansi,artifacts,future-incompat --crate-type lib --emit=dep-info,metadata,link -C embed-bitcode=no -C debuginfo=line-tables-only -C split-debuginfo=unpacked --check-cfg 'cfg(docsrs,test)' --check-cfg 'cfg(feature, values())' -C metadata=6c7ba9ad11f65395 -C extra-filename=-353f3ffed694666c --out-dir /tmp/cargo-mutants-src-gTTC8i.tmp/target/debug/deps -L dependency=/tmp/cargo-mutants-src-gTTC8i.tmp/target/debug/deps --extern seam_core=/tmp/cargo-mutants-src-gTTC8i.tmp/target/debug/deps/libseam_core-922382ec553c8555.rmeta --extern types_core=/tmp/cargo-mutants-src-gTTC8i.tmp/target/debug/deps/libtypes_core-0d9118de0dbccbea.rmeta --extern types_error=/tmp/cargo-mutants-src-gTTC8i.tmp/target/debug/deps/libtypes_error-c16bdb10ad7f34c8.rmeta --extern types_storage=/tmp/cargo-mutants-src-gTTC8i.tmp/target/debug/deps/libtypes_storage-b31f4ad6d7fa1287.rmeta`
     Running `/usr/local/rustup/toolchains/1.96.0-aarch64-unknown-linux-gnu/bin/rustc --crate-name tableam_seams --edition=2021 crates/backend/access/table/tableam_seams/src/lib.rs --error-format=json --json=diagnostic-rendered-ansi,artifacts,future-incompat --crate-type lib --emit=dep-info,metadata,link -C embed-bitcode=no -C debuginfo=line-tables-only -C split-debuginfo=unpacked --check-cfg 'cfg(docsrs,test)' --check-cfg 'cfg(feature, values())' -C metadata=70161548e4b2bf5e -C extra-filename=-3439b0fdc763850d --out-dir /tmp/cargo-mutants-src-gTTC8i.tmp/target/debug/deps -L dependency=/tmp/cargo-mutants-src-gTTC8i.tmp/target/debug/deps --extern mcx=/tmp/cargo-mutants-src-gTTC8i.tmp/target/debug/deps/libmcx-06f936cbcd9c1216.rmeta --extern seam_core=/tmp/cargo-mutants-src-gTTC8i.tmp/target/debug/deps/libseam_core-922382ec553c8555.rmeta --extern tableam_vocab=/tmp/cargo-mutants-src-gTTC8i.tmp/target/debug/deps/libtableam_vocab-55b5cca124d0fae1.rmeta --extern types_core=/tmp/cargo-mutants-src-gTTC8i.tmp/target/debug/deps/libtypes_core-0d9118de0dbccbea.rmeta --extern types_error=/tmp/cargo-mutants-src-gTTC8i.tmp/target/debug/deps/libtypes_error-c16bdb10ad7f34c8.rmeta --extern types_rel=/tmp/cargo-mutants-src-gTTC8i.tmp/target/debug/deps/libtypes_rel-3e1c33dd7149d636.rmeta --extern types_snapshot=/tmp/cargo-mutants-src-gTTC8i.tmp/target/debug/deps/libtypes_snapshot-49c60af03ab0591e.rmeta --extern types_storage=/tmp/cargo-mutants-src-gTTC8i.tmp/target/debug/deps/libtypes_storage-b31f4ad6d7fa1287.rmeta --extern types_tuple=/tmp/cargo-mutants-src-gTTC8i.tmp/target/debug/deps/libtypes_tuple-de087002773c06fc.rmeta`
   Compiling format_type v0.1.0 (/tmp/cargo-mutants-src-gTTC8i.tmp/crates/backend/utils/adt/format_type)
     Running `/usr/local/rustup/toolchains/1.96.0-aarch64-unknown-linux-gnu/bin/rustc --crate-name format_type --edition=2021 crates/backend/utils/adt/format_type/src/lib.rs --error-format=json --json=diagnostic-rendered-ansi,artifacts,future-incompat --crate-type lib --emit=dep-info,metadata,link -C embed-bitcode=no -C debuginfo=line-tables-only -C split-debuginfo=unpacked --check-cfg 'cfg(docsrs,test)' --check-cfg 'cfg(feature, values())' -C metadata=d6e4f02e6ea03606 -C extra-filename=-5883e72ded5f8f75 --out-dir /tmp/cargo-mutants-src-gTTC8i.tmp/target/debug/deps -L dependency=/tmp/cargo-mutants-src-gTTC8i.tmp/target/debug/deps --extern datum=/tmp/cargo-mutants-src-gTTC8i.tmp/target/debug/deps/libdatum-030f3169174aec16.rmeta --extern fmgr_seams=/tmp/cargo-mutants-src-gTTC8i.tmp/target/debug/deps/libfmgr_seams-d221369bfed635f8.rmeta --extern keywords=/tmp/cargo-mutants-src-gTTC8i.tmp/target/debug/deps/libkeywords-3eff9d0dfa642415.rmeta --extern mbutils_seams=/tmp/cargo-mutants-src-gTTC8i.tmp/target/debug/deps/libmbutils_seams-4d8298d9d15f6c12.rmeta --extern mcx=/tmp/cargo-mutants-src-gTTC8i.tmp/target/debug/deps/libmcx-06f936cbcd9c1216.rmeta --extern namespace_seams=/tmp/cargo-mutants-src-gTTC8i.tmp/target/debug/deps/libnamespace_seams-ae46f04ddea2ff24.rmeta --extern syscache_seams=/tmp/cargo-mutants-src-gTTC8i.tmp/target/debug/deps/libsyscache_seams-004e298564e4dc84.rmeta --extern types_core=/tmp/cargo-mutants-src-gTTC8i.tmp/target/debug/deps/libtypes_core-0d9118de0dbccbea.rmeta --extern types_error=/tmp/cargo-mutants-src-gTTC8i.tmp/target/debug/deps/libtypes_error-c16bdb10ad7f34c8.rmeta --extern types_fmgr=/tmp/cargo-mutants-src-gTTC8i.tmp/target/debug/deps/libtypes_fmgr-40ee05d74815766a.rmeta --extern wchar=/tmp/cargo-mutants-src-gTTC8i.tmp/target/debug/deps/libwchar-da99c5603b4b462e.rmeta`
   Compiling readfuncs v0.1.0 (/tmp/cargo-mutants-src-gTTC8i.tmp/crates/backend/nodes/readfuncs)
     Running `/usr/local/rustup/toolchains/1.96.0-aarch64-unknown-linux-gnu/bin/rustc --crate-name readfuncs --edition=2021 crates/backend/nodes/readfuncs/src/lib.rs --error-format=json --json=diagnostic-rendered-ansi,artifacts,future-incompat --crate-type lib --emit=dep-info,metadata,link -C embed-bitcode=no -C debuginfo=line-tables-only -C split-debuginfo=unpacked --check-cfg 'cfg(docsrs,test)' --check-cfg 'cfg(feature, values())' -C metadata=66a0ce6193c4df54 -C extra-filename=-9611863003114cec --out-dir /tmp/cargo-mutants-src-gTTC8i.tmp/target/debug/deps -L dependency=/tmp/cargo-mutants-src-gTTC8i.tmp/target/debug/deps --extern datum=/tmp/cargo-mutants-src-gTTC8i.tmp/target/debug/deps/libdatum-030f3169174aec16.rmeta --extern mcx=/tmp/cargo-mutants-src-gTTC8i.tmp/target/debug/deps/libmcx-06f936cbcd9c1216.rmeta --extern types_core=/tmp/cargo-mutants-src-gTTC8i.tmp/target/debug/deps/libtypes_core-0d9118de0dbccbea.rmeta --extern types_error=/tmp/cargo-mutants-src-gTTC8i.tmp/target/debug/deps/libtypes_error-c16bdb10ad7f34c8.rmeta --extern types_nodes=/tmp/cargo-mutants-src-gTTC8i.tmp/target/debug/deps/libtypes_nodes-5d94b8204e43bceb.rmeta`
   Compiling nbt_compare v0.1.0 (/tmp/cargo-mutants-src-gTTC8i.tmp/crates/backend/access/nbtree/compare)
   Compiling aclchk_seams v0.0.0 (/tmp/cargo-mutants-src-gTTC8i.tmp/crates/backend/catalog/aclchk_seams)
     Running `/usr/local/rustup/toolchains/1.96.0-aarch64-unknown-linux-gnu/bin/rustc --crate-name nbt_compare --edition=2021 crates/backend/access/nbtree/compare/src/lib.rs --error-format=json --json=diagnostic-rendered-ansi,artifacts,future-incompat --crate-type lib --emit=dep-info,metadata,link -C embed-bitcode=no -C debuginfo=line-tables-only -C split-debuginfo=unpacked --check-cfg 'cfg(docsrs,test)' --check-cfg 'cfg(feature, values())' -C metadata=7b139dcbe9210dda -C extra-filename=-31ea4becd2103eca --out-dir /tmp/cargo-mutants-src-gTTC8i.tmp/target/debug/deps -L dependency=/tmp/cargo-mutants-src-gTTC8i.tmp/target/debug/deps --extern datum=/tmp/cargo-mutants-src-gTTC8i.tmp/target/debug/deps/libdatum-030f3169174aec16.rmeta --extern array=/tmp/cargo-mutants-src-gTTC8i.tmp/target/debug/deps/libtypes_array-30e359ef1718579f.rmeta --extern types_core=/tmp/cargo-mutants-src-gTTC8i.tmp/target/debug/deps/libtypes_core-0d9118de0dbccbea.rmeta --extern types_error=/tmp/cargo-mutants-src-gTTC8i.tmp/target/debug/deps/libtypes_error-c16bdb10ad7f34c8.rmeta --extern types_fmgr=/tmp/cargo-mutants-src-gTTC8i.tmp/target/debug/deps/libtypes_fmgr-40ee05d74815766a.rmeta`
     Running `/usr/local/rustup/toolchains/1.96.0-aarch64-unknown-linux-gnu/bin/rustc --crate-name aclchk_seams --edition=2021 crates/backend/catalog/aclchk_seams/src/lib.rs --error-format=json --json=diagnostic-rendered-ansi,artifacts,future-incompat --crate-type lib --emit=dep-info,metadata,link -C embed-bitcode=no -C debuginfo=line-tables-only -C split-debuginfo=unpacked --check-cfg 'cfg(docsrs,test)' --check-cfg 'cfg(feature, values())' -C metadata=8c729e8cf9f19f75 -C extra-filename=-95d323df7f003fe4 --out-dir /tmp/cargo-mutants-src-gTTC8i.tmp/target/debug/deps -L dependency=/tmp/cargo-mutants-src-gTTC8i.tmp/target/debug/deps --extern mcx=/tmp/cargo-mutants-src-gTTC8i.tmp/target/debug/deps/libmcx-06f936cbcd9c1216.rmeta --extern seam_core=/tmp/cargo-mutants-src-gTTC8i.tmp/target/debug/deps/libseam_core-922382ec553c8555.rmeta --extern types_core=/tmp/cargo-mutants-src-gTTC8i.tmp/target/debug/deps/libtypes_core-0d9118de0dbccbea.rmeta --extern types_error=/tmp/cargo-mutants-src-gTTC8i.tmp/target/debug/deps/libtypes_error-c16bdb10ad7f34c8.rmeta`
   Compiling types_pathnodes v0.1.0 (/tmp/cargo-mutants-src-gTTC8i.tmp/crates/_support/types/pathnodes)
     Running `/usr/local/rustup/toolchains/1.96.0-aarch64-unknown-linux-gnu/bin/rustc --crate-name types_pathnodes --edition=2021 crates/_support/types/pathnodes/src/lib.rs --error-format=json --json=diagnostic-rendered-ansi,artifacts,future-incompat --crate-type lib --emit=dep-info,metadata,link -C embed-bitcode=no -C debuginfo=line-tables-only -C split-debuginfo=unpacked --check-cfg 'cfg(docsrs,test)' --check-cfg 'cfg(feature, values("boxed_relids"))' -C metadata=5da0d27ad3d1554e -C extra-filename=-8184e48ba26ffabb --out-dir /tmp/cargo-mutants-src-gTTC8i.tmp/target/debug/deps -L dependency=/tmp/cargo-mutants-src-gTTC8i.tmp/target/debug/deps --extern datum=/tmp/cargo-mutants-src-gTTC8i.tmp/target/debug/deps/libdatum-030f3169174aec16.rmeta --extern mcx=/tmp/cargo-mutants-src-gTTC8i.tmp/target/debug/deps/libmcx-06f936cbcd9c1216.rmeta --extern types_core=/tmp/cargo-mutants-src-gTTC8i.tmp/target/debug/deps/libtypes_core-0d9118de0dbccbea.rmeta --extern types_error=/tmp/cargo-mutants-src-gTTC8i.tmp/target/debug/deps/libtypes_error-c16bdb10ad7f34c8.rmeta --extern types_hash=/tmp/cargo-mutants-src-gTTC8i.tmp/target/debug/deps/libtypes_hash-9e74b4a5d69ae3ff.rmeta --extern types_nodes=/tmp/cargo-mutants-src-gTTC8i.tmp/target/debug/deps/libtypes_nodes-5d94b8204e43bceb.rmeta --extern types_portal=/tmp/cargo-mutants-src-gTTC8i.tmp/target/debug/deps/libtypes_portal-febbba31628aae6c.rmeta`
   Compiling catalog_seams v0.0.0 (/tmp/cargo-mutants-src-gTTC8i.tmp/crates/backend/catalog/catalog_seams)
   Compiling typcache_seams v0.0.0 (/tmp/cargo-mutants-src-gTTC8i.tmp/crates/backend/utils/cache/typcache_seams)
     Running `/usr/local/rustup/toolchains/1.96.0-aarch64-unknown-linux-gnu/bin/rustc --crate-name catalog_seams --edition=2021 crates/backend/catalog/catalog_seams/src/lib.rs --error-format=json --json=diagnostic-rendered-ansi,artifacts,future-incompat --crate-type lib --emit=dep-info,metadata,link -C embed-bitcode=no -C debuginfo=line-tables-only -C split-debuginfo=unpacked --check-cfg 'cfg(docsrs,test)' --check-cfg 'cfg(feature, values())' -C metadata=b9c1687c3ed1f6f0 -C extra-filename=-8bfcb7c4b83e54d7 --out-dir /tmp/cargo-mutants-src-gTTC8i.tmp/target/debug/deps -L dependency=/tmp/cargo-mutants-src-gTTC8i.tmp/target/debug/deps --extern mcx=/tmp/cargo-mutants-src-gTTC8i.tmp/target/debug/deps/libmcx-06f936cbcd9c1216.rmeta --extern seam_core=/tmp/cargo-mutants-src-gTTC8i.tmp/target/debug/deps/libseam_core-922382ec553c8555.rmeta --extern types_core=/tmp/cargo-mutants-src-gTTC8i.tmp/target/debug/deps/libtypes_core-0d9118de0dbccbea.rmeta --extern types_error=/tmp/cargo-mutants-src-gTTC8i.tmp/target/debug/deps/libtypes_error-c16bdb10ad7f34c8.rmeta --extern types_rel=/tmp/cargo-mutants-src-gTTC8i.tmp/target/debug/deps/libtypes_rel-3e1c33dd7149d636.rmeta`
     Running `/usr/local/rustup/toolchains/1.96.0-aarch64-unknown-linux-gnu/bin/rustc --crate-name typcache_seams --edition=2021 crates/backend/utils/cache/typcache_seams/src/lib.rs --error-format=json --json=diagnostic-rendered-ansi,artifacts,future-incompat --crate-type lib --emit=dep-info,metadata,link -C embed-bitcode=no -C debuginfo=line-tables-only -C split-debuginfo=unpacked --check-cfg 'cfg(docsrs,test)' --check-cfg 'cfg(feature, values())' -C metadata=bf9c19991343bf8e -C extra-filename=-7f064b3df04b979a --out-dir /tmp/cargo-mutants-src-gTTC8i.tmp/target/debug/deps -L dependency=/tmp/cargo-mutants-src-gTTC8i.tmp/target/debug/deps --extern datum=/tmp/cargo-mutants-src-gTTC8i.tmp/target/debug/deps/libdatum-030f3169174aec16.rmeta --extern mcx=/tmp/cargo-mutants-src-gTTC8i.tmp/target/debug/deps/libmcx-06f936cbcd9c1216.rmeta --extern seam_core=/tmp/cargo-mutants-src-gTTC8i.tmp/target/debug/deps/libseam_core-922382ec553c8555.rmeta --extern types_core=/tmp/cargo-mutants-src-gTTC8i.tmp/target/debug/deps/libtypes_core-0d9118de0dbccbea.rmeta --extern types_error=/tmp/cargo-mutants-src-gTTC8i.tmp/target/debug/deps/libtypes_error-c16bdb10ad7f34c8.rmeta --extern types_tuple=/tmp/cargo-mutants-src-gTTC8i.tmp/target/debug/deps/libtypes_tuple-de087002773c06fc.rmeta`
   Compiling smgr_seams v0.0.0 (/tmp/cargo-mutants-src-gTTC8i.tmp/crates/backend/storage/smgr/smgr_seams)
     Running `/usr/local/rustup/toolchains/1.96.0-aarch64-unknown-linux-gnu/bin/rustc --crate-name smgr_seams --edition=2021 crates/backend/storage/smgr/smgr_seams/src/lib.rs --error-format=json --json=diagnostic-rendered-ansi,artifacts,future-incompat --crate-type lib --emit=dep-info,metadata,link -C embed-bitcode=no -C debuginfo=line-tables-only -C split-debuginfo=unpacked --check-cfg 'cfg(docsrs,test)' --check-cfg 'cfg(feature, values())' -C metadata=6fb3285a869d43c7 -C extra-filename=-c07d41dae00c603f --out-dir /tmp/cargo-mutants-src-gTTC8i.tmp/target/debug/deps -L dependency=/tmp/cargo-mutants-src-gTTC8i.tmp/target/debug/deps --extern seam_core=/tmp/cargo-mutants-src-gTTC8i.tmp/target/debug/deps/libseam_core-922382ec553c8555.rmeta --extern types_core=/tmp/cargo-mutants-src-gTTC8i.tmp/target/debug/deps/libtypes_core-0d9118de0dbccbea.rmeta --extern types_error=/tmp/cargo-mutants-src-gTTC8i.tmp/target/debug/deps/libtypes_error-c16bdb10ad7f34c8.rmeta --extern types_rel=/tmp/cargo-mutants-src-gTTC8i.tmp/target/debug/deps/libtypes_rel-3e1c33dd7149d636.rmeta --extern types_storage=/tmp/cargo-mutants-src-gTTC8i.tmp/target/debug/deps/libtypes_storage-b31f4ad6d7fa1287.rmeta`
warning: unused import: `OptNodeList`
  --> crates/backend/nodes/readfuncs/src/lib.rs:12:53
   |
12 | use types_nodes::list::{IntList, NodeList, OidList, OptNodeList};
   |                                                     ^^^^^^^^^^^
   |
   = note: `#[warn(unused_imports)]` (part of `#[warn(unused)]`) on by default

warning: unused import: `CoerceViaIO`
  --> crates/backend/nodes/readfuncs/src/lib.rs:22:19
   |
22 |     CoalesceExpr, CoerceViaIO, CoercionForm, Const, FieldSelect, FieldStore, FromExpr, FuncExpr,
   |                   ^^^^^^^^^^^

   Compiling multixact v0.0.0 (/tmp/cargo-mutants-src-gTTC8i.tmp/crates/backend/access/transam/multixact)
warning: `elog` (lib) generated 1 warning (run `cargo fix --lib -p elog` to apply 1 suggestion)
   Compiling catcache_seams v0.0.0 (/tmp/cargo-mutants-src-gTTC8i.tmp/crates/backend/utils/cache/catcache_seams)
     Running `/usr/local/rustup/toolchains/1.96.0-aarch64-unknown-linux-gnu/bin/rustc --crate-name multixact --edition=2021 crates/backend/access/transam/multixact/src/lib.rs --error-format=json --json=diagnostic-rendered-ansi,artifacts,future-incompat --crate-type lib --emit=dep-info,metadata,link -C embed-bitcode=no -C debuginfo=line-tables-only -C split-debuginfo=unpacked --check-cfg 'cfg(docsrs,test)' --check-cfg 'cfg(feature, values())' -C metadata=dbd0a16a5ccc8d9d -C extra-filename=-f9327401ae63756a --out-dir /tmp/cargo-mutants-src-gTTC8i.tmp/target/debug/deps -L dependency=/tmp/cargo-mutants-src-gTTC8i.tmp/target/debug/deps --extern dbcommands_seams=/tmp/cargo-mutants-src-gTTC8i.tmp/target/debug/deps/libdbcommands_seams-427d37cca4109ae3.rmeta --extern elog=/tmp/cargo-mutants-src-gTTC8i.tmp/target/debug/deps/libelog-659de80f8ecc9699.rmeta --extern guc_seams=/tmp/cargo-mutants-src-gTTC8i.tmp/target/debug/deps/libguc_seams-1dc5668919a4c219.rmeta --extern guc_tables=/tmp/cargo-mutants-src-gTTC8i.tmp/target/debug/deps/libguc_tables-93b6e4ddb0b91568.rmeta --extern init_small=/tmp/cargo-mutants-src-gTTC8i.tmp/target/debug/deps/libinit_small-c84fb14dddbe6145.rmeta --extern lwlock=/tmp/cargo-mutants-src-gTTC8i.tmp/target/debug/deps/liblwlock-af51d3a8908c13e1.rmeta --extern mcx=/tmp/cargo-mutants-src-gTTC8i.tmp/target/debug/deps/libmcx-06f936cbcd9c1216.rmeta --extern multixact_seams=/tmp/cargo-mutants-src-gTTC8i.tmp/target/debug/deps/libmultixact_seams-353f3ffed694666c.rmeta --extern pmsignal=/tmp/cargo-mutants-src-gTTC8i.tmp/target/debug/deps/libpmsignal-a990526f22782781.rmeta --extern procarray_seams=/tmp/cargo-mutants-src-gTTC8i.tmp/target/debug/deps/libprocarray_seams-f8ea8deb8798ee26.rmeta --extern slru=/tmp/cargo-mutants-src-gTTC8i.tmp/target/debug/deps/libslru-67eafd35ba7fce2d.rmeta --extern transam_seams=/tmp/cargo-mutants-src-gTTC8i.tmp/target/debug/deps/libtransam_seams-7c4de977bdac60e1.rmeta --extern transam_xlog_seams=/tmp/cargo-mutants-src-gTTC8i.tmp/target/debug/deps/libtransam_xlog_seams-dec0aa07bd6fd1ae.rmeta --extern twophase_seams=/tmp/cargo-mutants-src-gTTC8i.tmp/target/debug/deps/libtwophase_seams-4a54991667fd1440.rmeta --extern types_core=/tmp/cargo-mutants-src-gTTC8i.tmp/target/debug/deps/libtypes_core-0d9118de0dbccbea.rmeta --extern types_error=/tmp/cargo-mutants-src-gTTC8i.tmp/target/debug/deps/libtypes_error-c16bdb10ad7f34c8.rmeta --extern types_guc=/tmp/cargo-mutants-src-gTTC8i.tmp/target/debug/deps/libtypes_guc-1708c8848b572c16.rmeta --extern types_storage=/tmp/cargo-mutants-src-gTTC8i.tmp/target/debug/deps/libtypes_storage-b31f4ad6d7fa1287.rmeta --extern varsup_seams=/tmp/cargo-mutants-src-gTTC8i.tmp/target/debug/deps/libvarsup_seams-09aa8d09d9f64b7a.rmeta --extern xact_seams=/tmp/cargo-mutants-src-gTTC8i.tmp/target/debug/deps/libxact_seams-061af81be05bb434.rmeta --extern xloginsert_seams=/tmp/cargo-mutants-src-gTTC8i.tmp/target/debug/deps/libxloginsert_seams-85f3ec117bacc9ca.rmeta --extern xlogreader_seams=/tmp/cargo-mutants-src-gTTC8i.tmp/target/debug/deps/libxlogreader_seams-820ac3fce23b7a0e.rmeta --extern xlogutils_seams=/tmp/cargo-mutants-src-gTTC8i.tmp/target/debug/deps/libxlogutils_seams-e594fa6222a5ce97.rmeta`
   Compiling outfuncs v0.1.0 (/tmp/cargo-mutants-src-gTTC8i.tmp/crates/backend/nodes/outfuncs)
     Running `/usr/local/rustup/toolchains/1.96.0-aarch64-unknown-linux-gnu/bin/rustc --crate-name outfuncs --edition=2021 crates/backend/nodes/outfuncs/src/lib.rs --error-format=json --json=diagnostic-rendered-ansi,artifacts,future-incompat --crate-type lib --emit=dep-info,metadata,link -C embed-bitcode=no -C debuginfo=line-tables-only -C split-debuginfo=unpacked --check-cfg 'cfg(docsrs,test)' --check-cfg 'cfg(feature, values())' -C metadata=241a2ae6862d9831 -C extra-filename=-0047a10b26578673 --out-dir /tmp/cargo-mutants-src-gTTC8i.tmp/target/debug/deps -L dependency=/tmp/cargo-mutants-src-gTTC8i.tmp/target/debug/deps --extern datum=/tmp/cargo-mutants-src-gTTC8i.tmp/target/debug/deps/libdatum-030f3169174aec16.rmeta --extern mcx=/tmp/cargo-mutants-src-gTTC8i.tmp/target/debug/deps/libmcx-06f936cbcd9c1216.rmeta --extern types_core=/tmp/cargo-mutants-src-gTTC8i.tmp/target/debug/deps/libtypes_core-0d9118de0dbccbea.rmeta --extern types_error=/tmp/cargo-mutants-src-gTTC8i.tmp/target/debug/deps/libtypes_error-c16bdb10ad7f34c8.rmeta --extern types_nodes=/tmp/cargo-mutants-src-gTTC8i.tmp/target/debug/deps/libtypes_nodes-5d94b8204e43bceb.rmeta`
     Running `/usr/local/rustup/toolchains/1.96.0-aarch64-unknown-linux-gnu/bin/rustc --crate-name catcache_seams --edition=2021 crates/backend/utils/cache/catcache_seams/src/lib.rs --error-format=json --json=diagnostic-rendered-ansi,artifacts,future-incompat --crate-type lib --emit=dep-info,metadata,link -C embed-bitcode=no -C debuginfo=line-tables-only -C split-debuginfo=unpacked --check-cfg 'cfg(docsrs,test)' --check-cfg 'cfg(feature, values())' -C metadata=d2ad2dec9b4fd994 -C extra-filename=-a72d43ba3cbbd679 --out-dir /tmp/cargo-mutants-src-gTTC8i.tmp/target/debug/deps -L dependency=/tmp/cargo-mutants-src-gTTC8i.tmp/target/debug/deps --extern mcx=/tmp/cargo-mutants-src-gTTC8i.tmp/target/debug/deps/libmcx-06f936cbcd9c1216.rmeta --extern seam_core=/tmp/cargo-mutants-src-gTTC8i.tmp/target/debug/deps/libseam_core-922382ec553c8555.rmeta --extern types_core=/tmp/cargo-mutants-src-gTTC8i.tmp/target/debug/deps/libtypes_core-0d9118de0dbccbea.rmeta --extern types_error=/tmp/cargo-mutants-src-gTTC8i.tmp/target/debug/deps/libtypes_error-c16bdb10ad7f34c8.rmeta --extern types_rel=/tmp/cargo-mutants-src-gTTC8i.tmp/target/debug/deps/libtypes_rel-3e1c33dd7149d636.rmeta --extern types_storage=/tmp/cargo-mutants-src-gTTC8i.tmp/target/debug/deps/libtypes_storage-b31f4ad6d7fa1287.rmeta --extern types_tuple=/tmp/cargo-mutants-src-gTTC8i.tmp/target/debug/deps/libtypes_tuple-de087002773c06fc.rmeta`
   Compiling sinval_seams v0.0.0 (/tmp/cargo-mutants-src-gTTC8i.tmp/crates/backend/storage/ipc/sinval_seams)
     Running `/usr/local/rustup/toolchains/1.96.0-aarch64-unknown-linux-gnu/bin/rustc --crate-name sinval_seams --edition=2021 crates/backend/storage/ipc/sinval_seams/src/lib.rs --error-format=json --json=diagnostic-rendered-ansi,artifacts,future-incompat --crate-type lib --emit=dep-info,metadata,link -C embed-bitcode=no -C debuginfo=line-tables-only -C split-debuginfo=unpacked --check-cfg 'cfg(docsrs,test)' --check-cfg 'cfg(feature, values())' -C metadata=b577190a3e1007a1 -C extra-filename=-12ef32afced1e093 --out-dir /tmp/cargo-mutants-src-gTTC8i.tmp/target/debug/deps -L dependency=/tmp/cargo-mutants-src-gTTC8i.tmp/target/debug/deps --extern seam_core=/tmp/cargo-mutants-src-gTTC8i.tmp/target/debug/deps/libseam_core-922382ec553c8555.rmeta --extern types_core=/tmp/cargo-mutants-src-gTTC8i.tmp/target/debug/deps/libtypes_core-0d9118de0dbccbea.rmeta --extern types_error=/tmp/cargo-mutants-src-gTTC8i.tmp/target/debug/deps/libtypes_error-c16bdb10ad7f34c8.rmeta --extern types_storage=/tmp/cargo-mutants-src-gTTC8i.tmp/target/debug/deps/libtypes_storage-b31f4ad6d7fa1287.rmeta`
   Compiling relpath_seams v0.0.0 (/tmp/cargo-mutants-src-gTTC8i.tmp/crates/common/relpath_seams)
     Running `/usr/local/rustup/toolchains/1.96.0-aarch64-unknown-linux-gnu/bin/rustc --crate-name relpath_seams --edition=2021 crates/common/relpath_seams/src/lib.rs --error-format=json --json=diagnostic-rendered-ansi,artifacts,future-incompat --crate-type lib --emit=dep-info,metadata,link -C embed-bitcode=no -C debuginfo=line-tables-only -C split-debuginfo=unpacked --check-cfg 'cfg(docsrs,test)' --check-cfg 'cfg(feature, values())' -C metadata=a5daa94585391421 -C extra-filename=-6d572a5246871f58 --out-dir /tmp/cargo-mutants-src-gTTC8i.tmp/target/debug/deps -L dependency=/tmp/cargo-mutants-src-gTTC8i.tmp/target/debug/deps --extern mcx=/tmp/cargo-mutants-src-gTTC8i.tmp/target/debug/deps/libmcx-06f936cbcd9c1216.rmeta --extern seam_core=/tmp/cargo-mutants-src-gTTC8i.tmp/target/debug/deps/libseam_core-922382ec553c8555.rmeta --extern types_core=/tmp/cargo-mutants-src-gTTC8i.tmp/target/debug/deps/libtypes_core-0d9118de0dbccbea.rmeta --extern types_error=/tmp/cargo-mutants-src-gTTC8i.tmp/target/debug/deps/libtypes_error-c16bdb10ad7f34c8.rmeta --extern types_storage=/tmp/cargo-mutants-src-gTTC8i.tmp/target/debug/deps/libtypes_storage-b31f4ad6d7fa1287.rmeta`
   Compiling tupdesc v0.1.0 (/tmp/cargo-mutants-src-gTTC8i.tmp/crates/backend/access/common/tupdesc)
     Running `/usr/local/rustup/toolchains/1.96.0-aarch64-unknown-linux-gnu/bin/rustc --crate-name tupdesc --edition=2021 crates/backend/access/common/tupdesc/src/lib.rs --error-format=json --json=diagnostic-rendered-ansi,artifacts,future-incompat --crate-type lib --emit=dep-info,metadata,link -C embed-bitcode=no -C debuginfo=line-tables-only -C split-debuginfo=unpacked --check-cfg 'cfg(docsrs,test)' --check-cfg 'cfg(feature, values())' -C metadata=b82eac9c6051cbdd -C extra-filename=-26533fa158065df2 --out-dir /tmp/cargo-mutants-src-gTTC8i.tmp/target/debug/deps -L dependency=/tmp/cargo-mutants-src-gTTC8i.tmp/target/debug/deps --extern catalog_seams=/tmp/cargo-mutants-src-gTTC8i.tmp/target/debug/deps/libcatalog_seams-8bfcb7c4b83e54d7.rmeta --extern datum=/tmp/cargo-mutants-src-gTTC8i.tmp/target/debug/deps/libdatum-030f3169174aec16.rmeta --extern format_type=/tmp/cargo-mutants-src-gTTC8i.tmp/target/debug/deps/libformat_type-5883e72ded5f8f75.rmeta --extern hashfn=/tmp/cargo-mutants-src-gTTC8i.tmp/target/debug/deps/libhashfn-8ec06fb271902362.rmeta --extern mcx=/tmp/cargo-mutants-src-gTTC8i.tmp/target/debug/deps/libmcx-06f936cbcd9c1216.rmeta --extern syscache_seams=/tmp/cargo-mutants-src-gTTC8i.tmp/target/debug/deps/libsyscache_seams-004e298564e4dc84.rmeta --extern types_core=/tmp/cargo-mutants-src-gTTC8i.tmp/target/debug/deps/libtypes_core-0d9118de0dbccbea.rmeta --extern types_error=/tmp/cargo-mutants-src-gTTC8i.tmp/target/debug/deps/libtypes_error-c16bdb10ad7f34c8.rmeta --extern types_tuple=/tmp/cargo-mutants-src-gTTC8i.tmp/target/debug/deps/libtypes_tuple-de087002773c06fc.rmeta`
   Compiling indexcmds_seams v0.1.0 (/tmp/cargo-mutants-src-gTTC8i.tmp/crates/backend/commands/indexcmds_seams)
   Compiling clauses_seams v0.1.0 (/tmp/cargo-mutants-src-gTTC8i.tmp/crates/backend/optimizer/util/clauses_seams)
     Running `/usr/local/rustup/toolchains/1.96.0-aarch64-unknown-linux-gnu/bin/rustc --crate-name indexcmds_seams --edition=2021 crates/backend/commands/indexcmds_seams/src/lib.rs --error-format=json --json=diagnostic-rendered-ansi,artifacts,future-incompat --crate-type lib --emit=dep-info,metadata,link -C embed-bitcode=no -C debuginfo=line-tables-only -C split-debuginfo=unpacked --check-cfg 'cfg(docsrs,test)' --check-cfg 'cfg(feature, values())' -C metadata=ddaf5104a1efadc6 -C extra-filename=-517f4c1d94f4b97a --out-dir /tmp/cargo-mutants-src-gTTC8i.tmp/target/debug/deps -L dependency=/tmp/cargo-mutants-src-gTTC8i.tmp/target/debug/deps --extern mcx=/tmp/cargo-mutants-src-gTTC8i.tmp/target/debug/deps/libmcx-06f936cbcd9c1216.rmeta --extern seam_core=/tmp/cargo-mutants-src-gTTC8i.tmp/target/debug/deps/libseam_core-922382ec553c8555.rmeta --extern types_core=/tmp/cargo-mutants-src-gTTC8i.tmp/target/debug/deps/libtypes_core-0d9118de0dbccbea.rmeta --extern types_error=/tmp/cargo-mutants-src-gTTC8i.tmp/target/debug/deps/libtypes_error-c16bdb10ad7f34c8.rmeta --extern types_nodes=/tmp/cargo-mutants-src-gTTC8i.tmp/target/debug/deps/libtypes_nodes-5d94b8204e43bceb.rmeta --extern types_rel=/tmp/cargo-mutants-src-gTTC8i.tmp/target/debug/deps/libtypes_rel-3e1c33dd7149d636.rmeta`
   Compiling pg_enum_seams v0.0.0 (/tmp/cargo-mutants-src-gTTC8i.tmp/crates/backend/catalog/pg_enum_seams)
     Running `/usr/local/rustup/toolchains/1.96.0-aarch64-unknown-linux-gnu/bin/rustc --crate-name pg_enum_seams --edition=2021 crates/backend/catalog/pg_enum_seams/src/lib.rs --error-format=json --json=diagnostic-rendered-ansi,artifacts,future-incompat --crate-type lib --emit=dep-info,metadata,link -C embed-bitcode=no -C debuginfo=line-tables-only -C split-debuginfo=unpacked --check-cfg 'cfg(docsrs,test)' --check-cfg 'cfg(feature, values())' -C metadata=68ed4a1dce34dbb0 -C extra-filename=-8758c84dc687b5d4 --out-dir /tmp/cargo-mutants-src-gTTC8i.tmp/target/debug/deps -L dependency=/tmp/cargo-mutants-src-gTTC8i.tmp/target/debug/deps --extern mcx=/tmp/cargo-mutants-src-gTTC8i.tmp/target/debug/deps/libmcx-06f936cbcd9c1216.rmeta --extern seam_core=/tmp/cargo-mutants-src-gTTC8i.tmp/target/debug/deps/libseam_core-922382ec553c8555.rmeta --extern types_core=/tmp/cargo-mutants-src-gTTC8i.tmp/target/debug/deps/libtypes_core-0d9118de0dbccbea.rmeta --extern types_error=/tmp/cargo-mutants-src-gTTC8i.tmp/target/debug/deps/libtypes_error-c16bdb10ad7f34c8.rmeta --extern types_tuple=/tmp/cargo-mutants-src-gTTC8i.tmp/target/debug/deps/libtypes_tuple-de087002773c06fc.rmeta`
     Running `/usr/local/rustup/toolchains/1.96.0-aarch64-unknown-linux-gnu/bin/rustc --crate-name clauses_seams --edition=2021 crates/backend/optimizer/util/clauses_seams/src/lib.rs --error-format=json --json=diagnostic-rendered-ansi,artifacts,future-incompat --crate-type lib --emit=dep-info,metadata,link -C embed-bitcode=no -C debuginfo=line-tables-only -C split-debuginfo=unpacked --check-cfg 'cfg(docsrs,test)' --check-cfg 'cfg(feature, values())' -C metadata=2ff9144145f2515e -C extra-filename=-717024b04d197d7e --out-dir /tmp/cargo-mutants-src-gTTC8i.tmp/target/debug/deps -L dependency=/tmp/cargo-mutants-src-gTTC8i.tmp/target/debug/deps --extern mcx=/tmp/cargo-mutants-src-gTTC8i.tmp/target/debug/deps/libmcx-06f936cbcd9c1216.rmeta --extern seam_core=/tmp/cargo-mutants-src-gTTC8i.tmp/target/debug/deps/libseam_core-922382ec553c8555.rmeta --extern types_core=/tmp/cargo-mutants-src-gTTC8i.tmp/target/debug/deps/libtypes_core-0d9118de0dbccbea.rmeta --extern types_error=/tmp/cargo-mutants-src-gTTC8i.tmp/target/debug/deps/libtypes_error-c16bdb10ad7f34c8.rmeta --extern types_nodes=/tmp/cargo-mutants-src-gTTC8i.tmp/target/debug/deps/libtypes_nodes-5d94b8204e43bceb.rmeta`
   Compiling funcapi_srf v0.1.0 (/tmp/cargo-mutants-src-gTTC8i.tmp/crates/backend/utils/fmgr/funcapi_srf)
     Running `/usr/local/rustup/toolchains/1.96.0-aarch64-unknown-linux-gnu/bin/rustc --crate-name funcapi_srf --edition=2021 crates/backend/utils/fmgr/funcapi_srf/src/lib.rs --error-format=json --json=diagnostic-rendered-ansi,artifacts,future-incompat --crate-type lib --emit=dep-info,metadata,link -C embed-bitcode=no -C debuginfo=line-tables-only -C split-debuginfo=unpacked --check-cfg 'cfg(docsrs,test)' --check-cfg 'cfg(feature, values())' -C metadata=d4886b4ddfbb6d6b -C extra-filename=-67f1875acc6fd6fe --out-dir /tmp/cargo-mutants-src-gTTC8i.tmp/target/debug/deps -L dependency=/tmp/cargo-mutants-src-gTTC8i.tmp/target/debug/deps --extern datum=/tmp/cargo-mutants-src-gTTC8i.tmp/target/debug/deps/libdatum-030f3169174aec16.rmeta --extern types_error=/tmp/cargo-mutants-src-gTTC8i.tmp/target/debug/deps/libtypes_error-c16bdb10ad7f34c8.rmeta --extern fmgr=/tmp/cargo-mutants-src-gTTC8i.tmp/target/debug/deps/libtypes_fmgr-40ee05d74815766a.rmeta --extern nodes=/tmp/cargo-mutants-src-gTTC8i.tmp/target/debug/deps/libtypes_nodes-5d94b8204e43bceb.rmeta`
   Compiling inval v0.1.0 (/tmp/cargo-mutants-src-gTTC8i.tmp/crates/backend/utils/cache/inval)
   Compiling regex v0.0.0 (/tmp/cargo-mutants-src-gTTC8i.tmp/crates/_support/types/regex)
   Compiling adt_float v0.1.0 (/tmp/cargo-mutants-src-gTTC8i.tmp/crates/backend/utils/adt/float)
     Running `/usr/local/rustup/toolchains/1.96.0-aarch64-unknown-linux-gnu/bin/rustc --crate-name adt_float --edition=2021 crates/backend/utils/adt/float/src/lib.rs --error-format=json --json=diagnostic-rendered-ansi,artifacts,future-incompat --crate-type lib --emit=dep-info,metadata,link -C embed-bitcode=no -C debuginfo=line-tables-only -C split-debuginfo=unpacked --check-cfg 'cfg(docsrs,test)' --check-cfg 'cfg(feature, values())' -C metadata=822c370f2131abf1 -C extra-filename=-c1b46f8ab3d08bef --out-dir /tmp/cargo-mutants-src-gTTC8i.tmp/target/debug/deps -L dependency=/tmp/cargo-mutants-src-gTTC8i.tmp/target/debug/deps --extern datum=/tmp/cargo-mutants-src-gTTC8i.tmp/target/debug/deps/libdatum-030f3169174aec16.rmeta --extern detoast_seams=/tmp/cargo-mutants-src-gTTC8i.tmp/target/debug/deps/libdetoast_seams-79635f10c1436d82.rmeta --extern guc_tables=/tmp/cargo-mutants-src-gTTC8i.tmp/target/debug/deps/libguc_tables-93b6e4ddb0b91568.rmeta --extern hashfn=/tmp/cargo-mutants-src-gTTC8i.tmp/target/debug/deps/libhashfn-8ec06fb271902362.rmeta --extern pqformat=/tmp/cargo-mutants-src-gTTC8i.tmp/target/debug/deps/libpqformat-b077afed4b93c0f1.rmeta --extern ryu=/tmp/cargo-mutants-src-gTTC8i.tmp/target/debug/deps/libryu-9a1f497611dea3da.rmeta --extern stringinfo=/tmp/cargo-mutants-src-gTTC8i.tmp/target/debug/deps/libstringinfo-be7d4c5424352065.rmeta --extern types_array=/tmp/cargo-mutants-src-gTTC8i.tmp/target/debug/deps/libtypes_array-30e359ef1718579f.rmeta --extern types_core=/tmp/cargo-mutants-src-gTTC8i.tmp/target/debug/deps/libtypes_core-0d9118de0dbccbea.rmeta --extern types_error=/tmp/cargo-mutants-src-gTTC8i.tmp/target/debug/deps/libtypes_error-c16bdb10ad7f34c8.rmeta --extern types_fmgr=/tmp/cargo-mutants-src-gTTC8i.tmp/target/debug/deps/libtypes_fmgr-40ee05d74815766a.rmeta --extern types_tuple=/tmp/cargo-mutants-src-gTTC8i.tmp/target/debug/deps/libtypes_tuple-de087002773c06fc.rmeta`
     Running `/usr/local/rustup/toolchains/1.96.0-aarch64-unknown-linux-gnu/bin/rustc --crate-name inval --edition=2021 crates/backend/utils/cache/inval/src/lib.rs --error-format=json --json=diagnostic-rendered-ansi,artifacts,future-incompat --crate-type lib --emit=dep-info,metadata,link -C embed-bitcode=no -C debuginfo=line-tables-only -C split-debuginfo=unpacked --check-cfg 'cfg(docsrs,test)' --check-cfg 'cfg(feature, values("bench-internals"))' -C metadata=73dbe1bfacb9e0f6 -C extra-filename=-2a5932d592f69a65 --out-dir /tmp/cargo-mutants-src-gTTC8i.tmp/target/debug/deps -L dependency=/tmp/cargo-mutants-src-gTTC8i.tmp/target/debug/deps --extern catalog_seams=/tmp/cargo-mutants-src-gTTC8i.tmp/target/debug/deps/libcatalog_seams-8bfcb7c4b83e54d7.rmeta --extern catcache_seams=/tmp/cargo-mutants-src-gTTC8i.tmp/target/debug/deps/libcatcache_seams-a72d43ba3cbbd679.rmeta --extern datum=/tmp/cargo-mutants-src-gTTC8i.tmp/target/debug/deps/libdatum-030f3169174aec16.rmeta --extern guc_tables=/tmp/cargo-mutants-src-gTTC8i.tmp/target/debug/deps/libguc_tables-93b6e4ddb0b91568.rmeta --extern init_small=/tmp/cargo-mutants-src-gTTC8i.tmp/target/debug/deps/libinit_small-c84fb14dddbe6145.rmeta --extern inval_seams=/tmp/cargo-mutants-src-gTTC8i.tmp/target/debug/deps/libinval_seams-f7dc46e82cb5fa0c.rmeta --extern mcx=/tmp/cargo-mutants-src-gTTC8i.tmp/target/debug/deps/libmcx-06f936cbcd9c1216.rmeta --extern miscinit_seams=/tmp/cargo-mutants-src-gTTC8i.tmp/target/debug/deps/libmiscinit_seams-f4b7c761c58717ee.rmeta --extern relcache_seams=/tmp/cargo-mutants-src-gTTC8i.tmp/target/debug/deps/librelcache_seams-0bf4d1a782932af2.rmeta --extern relmapper_seams=/tmp/cargo-mutants-src-gTTC8i.tmp/target/debug/deps/librelmapper_seams-b2b13430e83c935d.rmeta --extern relpath_seams=/tmp/cargo-mutants-src-gTTC8i.tmp/target/debug/deps/librelpath_seams-6d572a5246871f58.rmeta --extern sinval_seams=/tmp/cargo-mutants-src-gTTC8i.tmp/target/debug/deps/libsinval_seams-12ef32afced1e093.rmeta --extern smgr_seams=/tmp/cargo-mutants-src-gTTC8i.tmp/target/debug/deps/libsmgr_seams-c07d41dae00c603f.rmeta --extern snapmgr_seams=/tmp/cargo-mutants-src-gTTC8i.tmp/target/debug/deps/libsnapmgr_seams-dfd08f4b814cd6a2.rmeta --extern syscache_seams=/tmp/cargo-mutants-src-gTTC8i.tmp/target/debug/deps/libsyscache_seams-004e298564e4dc84.rmeta --extern transam_xlog_seams=/tmp/cargo-mutants-src-gTTC8i.tmp/target/debug/deps/libtransam_xlog_seams-dec0aa07bd6fd1ae.rmeta --extern types_core=/tmp/cargo-mutants-src-gTTC8i.tmp/target/debug/deps/libtypes_core-0d9118de0dbccbea.rmeta --extern types_error=/tmp/cargo-mutants-src-gTTC8i.tmp/target/debug/deps/libtypes_error-c16bdb10ad7f34c8.rmeta --extern types_rel=/tmp/cargo-mutants-src-gTTC8i.tmp/target/debug/deps/libtypes_rel-3e1c33dd7149d636.rmeta --extern types_storage=/tmp/cargo-mutants-src-gTTC8i.tmp/target/debug/deps/libtypes_storage-b31f4ad6d7fa1287.rmeta --extern types_tuple=/tmp/cargo-mutants-src-gTTC8i.tmp/target/debug/deps/libtypes_tuple-de087002773c06fc.rmeta --extern xact_seams=/tmp/cargo-mutants-src-gTTC8i.tmp/target/debug/deps/libxact_seams-061af81be05bb434.rmeta --extern xloginsert_seams=/tmp/cargo-mutants-src-gTTC8i.tmp/target/debug/deps/libxloginsert_seams-85f3ec117bacc9ca.rmeta`
   Compiling queryenvironment v0.1.0 (/tmp/cargo-mutants-src-gTTC8i.tmp/crates/backend/utils/misc/queryenvironment)
     Running `/usr/local/rustup/toolchains/1.96.0-aarch64-unknown-linux-gnu/bin/rustc --crate-name regex --edition=2021 crates/_support/types/regex/src/lib.rs --error-format=json --json=diagnostic-rendered-ansi,artifacts,future-incompat --crate-type lib --emit=dep-info,metadata,link -C embed-bitcode=no -C debuginfo=line-tables-only -C split-debuginfo=unpacked --check-cfg 'cfg(docsrs,test)' --check-cfg 'cfg(feature, values())' -C metadata=bfea80531cf2211b -C extra-filename=-bda9fffe95f55ce0 --out-dir /tmp/cargo-mutants-src-gTTC8i.tmp/target/debug/deps -L dependency=/tmp/cargo-mutants-src-gTTC8i.tmp/target/debug/deps --extern mcx=/tmp/cargo-mutants-src-gTTC8i.tmp/target/debug/deps/libmcx-06f936cbcd9c1216.rmeta --extern types_core=/tmp/cargo-mutants-src-gTTC8i.tmp/target/debug/deps/libtypes_core-0d9118de0dbccbea.rmeta`
   Compiling toast_internals_seams v0.1.0 (/tmp/cargo-mutants-src-gTTC8i.tmp/crates/backend/access/common/toast_internals_seams)
     Running `/usr/local/rustup/toolchains/1.96.0-aarch64-unknown-linux-gnu/bin/rustc --crate-name queryenvironment --edition=2021 crates/backend/utils/misc/queryenvironment/src/lib.rs --error-format=json --json=diagnostic-rendered-ansi,artifacts,future-incompat --crate-type lib --emit=dep-info,metadata,link -C embed-bitcode=no -C debuginfo=line-tables-only -C split-debuginfo=unpacked --check-cfg 'cfg(docsrs,test)' --check-cfg 'cfg(feature, values())' -C metadata=ca6eafde821432c9 -C extra-filename=-8b26b16fb014d8b4 --out-dir /tmp/cargo-mutants-src-gTTC8i.tmp/target/debug/deps -L dependency=/tmp/cargo-mutants-src-gTTC8i.tmp/target/debug/deps --extern mcx=/tmp/cargo-mutants-src-gTTC8i.tmp/target/debug/deps/libmcx-06f936cbcd9c1216.rmeta --extern table=/tmp/cargo-mutants-src-gTTC8i.tmp/target/debug/deps/libtable-0eabd6b95d269610.rmeta --extern types_core=/tmp/cargo-mutants-src-gTTC8i.tmp/target/debug/deps/libtypes_core-0d9118de0dbccbea.rmeta --extern types_error=/tmp/cargo-mutants-src-gTTC8i.tmp/target/debug/deps/libtypes_error-c16bdb10ad7f34c8.rmeta --extern types_portal=/tmp/cargo-mutants-src-gTTC8i.tmp/target/debug/deps/libtypes_portal-febbba31628aae6c.rmeta --extern types_rel=/tmp/cargo-mutants-src-gTTC8i.tmp/target/debug/deps/libtypes_rel-3e1c33dd7149d636.rmeta --extern types_tuple=/tmp/cargo-mutants-src-gTTC8i.tmp/target/debug/deps/libtypes_tuple-de087002773c06fc.rmeta`
     Running `/usr/local/rustup/toolchains/1.96.0-aarch64-unknown-linux-gnu/bin/rustc --crate-name toast_internals_seams --edition=2021 crates/backend/access/common/toast_internals_seams/src/lib.rs --error-format=json --json=diagnostic-rendered-ansi,artifacts,future-incompat --crate-type lib --emit=dep-info,metadata,link -C embed-bitcode=no -C debuginfo=line-tables-only -C split-debuginfo=unpacked --check-cfg 'cfg(docsrs,test)' --check-cfg 'cfg(feature, values())' -C metadata=119600248c12116e -C extra-filename=-5e3bad2646b6c8f9 --out-dir /tmp/cargo-mutants-src-gTTC8i.tmp/target/debug/deps -L dependency=/tmp/cargo-mutants-src-gTTC8i.tmp/target/debug/deps --extern mcx=/tmp/cargo-mutants-src-gTTC8i.tmp/target/debug/deps/libmcx-06f936cbcd9c1216.rmeta --extern seam_core=/tmp/cargo-mutants-src-gTTC8i.tmp/target/debug/deps/libseam_core-922382ec553c8555.rmeta --extern types_error=/tmp/cargo-mutants-src-gTTC8i.tmp/target/debug/deps/libtypes_error-c16bdb10ad7f34c8.rmeta`
warning: unused import: `SetFunctionReturnMode`
 --> crates/backend/utils/fmgr/funcapi_srf/src/lib.rs:4:62
  |
4 | use fmgr::{ExprDoneCond, FmgrInfo, FunctionCallInfoBaseData, SetFunctionReturnMode};
  |                                                              ^^^^^^^^^^^^^^^^^^^^^
  |
  = note: `#[warn(unused_imports)]` (part of `#[warn(unused)]`) on by default

   Compiling pg_locale_seams v0.1.0 (/tmp/cargo-mutants-src-gTTC8i.tmp/crates/backend/utils/adt/pg_locale_seams)
warning: function `init_MultiFuncCall` should have a snake case name
  --> crates/backend/utils/fmgr/funcapi_srf/src/lib.rs:44:8
   |
44 | pub fn init_MultiFuncCall<'a>(
   |        ^^^^^^^^^^^^^^^^^^ help: convert the identifier to snake case: `init_multi_func_call`
   |
   = note: `#[warn(non_snake_case)]` (part of `#[warn(nonstandard_style)]`) on by default

warning: function `per_MultiFuncCall` should have a snake case name
  --> crates/backend/utils/fmgr/funcapi_srf/src/lib.rs:64:8
   |
64 | pub fn per_MultiFuncCall(flinfo: &mut FmgrInfo) -> &mut FuncCallContext {
   |        ^^^^^^^^^^^^^^^^^ help: convert the identifier to snake case: `per_multi_func_call`

warning: function `end_MultiFuncCall` should have a snake case name
  --> crates/backend/utils/fmgr/funcapi_srf/src/lib.rs:70:8
   |
70 | pub fn end_MultiFuncCall(flinfo: &mut FmgrInfo) {
   |        ^^^^^^^^^^^^^^^^^ help: convert the identifier to snake case: `end_multi_func_call`

     Running `/usr/local/rustup/toolchains/1.96.0-aarch64-unknown-linux-gnu/bin/rustc --crate-name pg_locale_seams --edition=2021 crates/backend/utils/adt/pg_locale_seams/src/lib.rs --error-format=json --json=diagnostic-rendered-ansi,artifacts,future-incompat --crate-type lib --emit=dep-info,metadata,link -C embed-bitcode=no -C debuginfo=line-tables-only -C split-debuginfo=unpacked --check-cfg 'cfg(docsrs,test)' --check-cfg 'cfg(feature, values())' -C metadata=12b14f60f31ca85c -C extra-filename=-dc2f404b281207c1 --out-dir /tmp/cargo-mutants-src-gTTC8i.tmp/target/debug/deps -L dependency=/tmp/cargo-mutants-src-gTTC8i.tmp/target/debug/deps --extern mcx=/tmp/cargo-mutants-src-gTTC8i.tmp/target/debug/deps/libmcx-06f936cbcd9c1216.rmeta --extern seam_core=/tmp/cargo-mutants-src-gTTC8i.tmp/target/debug/deps/libseam_core-922382ec553c8555.rmeta --extern types_core=/tmp/cargo-mutants-src-gTTC8i.tmp/target/debug/deps/libtypes_core-0d9118de0dbccbea.rmeta --extern types_error=/tmp/cargo-mutants-src-gTTC8i.tmp/target/debug/deps/libtypes_error-c16bdb10ad7f34c8.rmeta`
   Compiling regexp_seams v0.0.0 (/tmp/cargo-mutants-src-gTTC8i.tmp/crates/backend/utils/adt/regexp_seams)
   Compiling regex_core_seams v0.0.0 (/tmp/cargo-mutants-src-gTTC8i.tmp/crates/backend/regex/regex_core_seams)
     Running `/usr/local/rustup/toolchains/1.96.0-aarch64-unknown-linux-gnu/bin/rustc --crate-name regexp_seams --edition=2021 crates/backend/utils/adt/regexp_seams/src/lib.rs --error-format=json --json=diagnostic-rendered-ansi,artifacts,future-incompat --crate-type lib --emit=dep-info,metadata,link -C embed-bitcode=no -C debuginfo=line-tables-only -C split-debuginfo=unpacked --check-cfg 'cfg(docsrs,test)' --check-cfg 'cfg(feature, values())' -C metadata=f8a60522c9c92d3c -C extra-filename=-17156565e4c0dbff --out-dir /tmp/cargo-mutants-src-gTTC8i.tmp/target/debug/deps -L dependency=/tmp/cargo-mutants-src-gTTC8i.tmp/target/debug/deps --extern mcx=/tmp/cargo-mutants-src-gTTC8i.tmp/target/debug/deps/libmcx-06f936cbcd9c1216.rmeta --extern regex=/tmp/cargo-mutants-src-gTTC8i.tmp/target/debug/deps/libregex-bda9fffe95f55ce0.rmeta --extern seam_core=/tmp/cargo-mutants-src-gTTC8i.tmp/target/debug/deps/libseam_core-922382ec553c8555.rmeta --extern types_core=/tmp/cargo-mutants-src-gTTC8i.tmp/target/debug/deps/libtypes_core-0d9118de0dbccbea.rmeta --extern types_error=/tmp/cargo-mutants-src-gTTC8i.tmp/target/debug/deps/libtypes_error-c16bdb10ad7f34c8.rmeta`
warning: unreachable pattern
   --> crates/backend/nodes/outfuncs/src/lib.rs:522:9
    |
124 |         NodeTag::T_CaseExpr => {
    |         ------------------- matches all the relevant values
...
522 |         NodeTag::T_CaseExpr => {
    |         ^^^^^^^^^^^^^^^^^^^ no value can reach this
    |
    = note: `#[warn(unreachable_patterns)]` (part of `#[warn(unused)]`) on by default

warning: unreachable pattern
   --> crates/backend/nodes/outfuncs/src/lib.rs:532:9
    |
134 |         NodeTag::T_CaseWhen => {
    |         ------------------- matches all the relevant values
...
532 |         NodeTag::T_CaseWhen => {
    |         ^^^^^^^^^^^^^^^^^^^ no value can reach this

warning: unreachable pattern
   --> crates/backend/nodes/outfuncs/src/lib.rs:587:9
    |
150 |         NodeTag::T_WindowFunc => {
    |         --------------------- matches all the relevant values
...
587 |         NodeTag::T_WindowFunc => {
    |         ^^^^^^^^^^^^^^^^^^^^^ no value can reach this

warning: unreachable pattern
   --> crates/backend/nodes/outfuncs/src/lib.rs:606:9
    |
194 |         NodeTag::T_SetOperationStmt => {
    |         --------------------------- matches all the relevant values
...
606 |         NodeTag::T_SetOperationStmt => {
    |         ^^^^^^^^^^^^^^^^^^^^^^^^^^^ no value can reach this

warning: unreachable pattern
   --> crates/backend/nodes/outfuncs/src/lib.rs:727:9
    |
479 |         NodeTag::T_NotifyStmt => out_notify_stmt(
    |         --------------------- matches all the relevant values
...
727 |         NodeTag::T_NotifyStmt => {
    |         ^^^^^^^^^^^^^^^^^^^^^ no value can reach this

     Running `/usr/local/rustup/toolchains/1.96.0-aarch64-unknown-linux-gnu/bin/rustc --crate-name regex_core_seams --edition=2021 crates/backend/regex/regex_core_seams/src/lib.rs --error-format=json --json=diagnostic-rendered-ansi,artifacts,future-incompat --crate-type lib --emit=dep-info,metadata,link -C embed-bitcode=no -C debuginfo=line-tables-only -C split-debuginfo=unpacked --check-cfg 'cfg(docsrs,test)' --check-cfg 'cfg(feature, values())' -C metadata=5ffb67e4719cb00a -C extra-filename=-4f4eea723cd2b4f2 --out-dir /tmp/cargo-mutants-src-gTTC8i.tmp/target/debug/deps -L dependency=/tmp/cargo-mutants-src-gTTC8i.tmp/target/debug/deps --extern mcx=/tmp/cargo-mutants-src-gTTC8i.tmp/target/debug/deps/libmcx-06f936cbcd9c1216.rmeta --extern regex=/tmp/cargo-mutants-src-gTTC8i.tmp/target/debug/deps/libregex-bda9fffe95f55ce0.rmeta --extern seam_core=/tmp/cargo-mutants-src-gTTC8i.tmp/target/debug/deps/libseam_core-922382ec553c8555.rmeta --extern types_core=/tmp/cargo-mutants-src-gTTC8i.tmp/target/debug/deps/libtypes_core-0d9118de0dbccbea.rmeta --extern types_error=/tmp/cargo-mutants-src-gTTC8i.tmp/target/debug/deps/libtypes_error-c16bdb10ad7f34c8.rmeta`
warning: `funcapi_srf` (lib) generated 4 warnings (run `cargo fix --lib -p funcapi_srf` to apply 1 suggestion)
   Compiling detoast v0.1.0 (/tmp/cargo-mutants-src-gTTC8i.tmp/crates/backend/access/common/detoast)
     Running `/usr/local/rustup/toolchains/1.96.0-aarch64-unknown-linux-gnu/bin/rustc --crate-name detoast --edition=2021 crates/backend/access/common/detoast/src/lib.rs --error-format=json --json=diagnostic-rendered-ansi,artifacts,future-incompat --crate-type lib --emit=dep-info,metadata,link -C embed-bitcode=no -C debuginfo=line-tables-only -C split-debuginfo=unpacked --check-cfg 'cfg(docsrs,test)' --check-cfg 'cfg(feature, values())' -C metadata=1a827657e7640dc4 -C extra-filename=-5e293205d8467e37 --out-dir /tmp/cargo-mutants-src-gTTC8i.tmp/target/debug/deps -L dependency=/tmp/cargo-mutants-src-gTTC8i.tmp/target/debug/deps --extern datum=/tmp/cargo-mutants-src-gTTC8i.tmp/target/debug/deps/libdatum-030f3169174aec16.rmeta --extern detoast_seams=/tmp/cargo-mutants-src-gTTC8i.tmp/target/debug/deps/libdetoast_seams-79635f10c1436d82.rmeta --extern mcx=/tmp/cargo-mutants-src-gTTC8i.tmp/target/debug/deps/libmcx-06f936cbcd9c1216.rmeta --extern pglz=/tmp/cargo-mutants-src-gTTC8i.tmp/target/debug/deps/libpglz-152cadb1190dd397.rmeta --extern toast_internals_seams=/tmp/cargo-mutants-src-gTTC8i.tmp/target/debug/deps/libtoast_internals_seams-5e3bad2646b6c8f9.rmeta --extern types_error=/tmp/cargo-mutants-src-gTTC8i.tmp/target/debug/deps/libtypes_error-c16bdb10ad7f34c8.rmeta --extern types_tuple=/tmp/cargo-mutants-src-gTTC8i.tmp/target/debug/deps/libtypes_tuple-de087002773c06fc.rmeta`
   Compiling unicode_norm v0.1.0 (/tmp/cargo-mutants-src-gTTC8i.tmp/crates/common/unicode_norm)
     Running `/usr/local/rustup/toolchains/1.96.0-aarch64-unknown-linux-gnu/bin/rustc --crate-name unicode_norm --edition=2021 crates/common/unicode_norm/src/lib.rs --error-format=json --json=diagnostic-rendered-ansi,artifacts,future-incompat --crate-type lib --emit=dep-info,metadata,link -C embed-bitcode=no -C debuginfo=line-tables-only -C split-debuginfo=unpacked --check-cfg 'cfg(docsrs,test)' --check-cfg 'cfg(feature, values())' -C metadata=50d95e1c20a5fa5e -C extra-filename=-b5384484d575c539 --out-dir /tmp/cargo-mutants-src-gTTC8i.tmp/target/debug/deps -L dependency=/tmp/cargo-mutants-src-gTTC8i.tmp/target/debug/deps --extern mcx=/tmp/cargo-mutants-src-gTTC8i.tmp/target/debug/deps/libmcx-06f936cbcd9c1216.rmeta --extern types_error=/tmp/cargo-mutants-src-gTTC8i.tmp/target/debug/deps/libtypes_error-c16bdb10ad7f34c8.rmeta --extern wchar=/tmp/cargo-mutants-src-gTTC8i.tmp/target/debug/deps/libwchar-da99c5603b4b462e.rmeta`
   Compiling adt_scalar v0.1.0 (/tmp/cargo-mutants-src-gTTC8i.tmp/crates/backend/utils/adt/scalar)
warning: variable does not need to be mutable
   --> crates/_support/types/pathnodes/src/run.rs:381:13
    |
381 |         let mut add = |outer: &mut crate::Relids<'mcx>, id: i32| {
    |             ----^^^
    |             |
    |             help: remove this `mut`
    |
    = note: `#[warn(unused_mut)]` (part of `#[warn(unused)]`) on by default

warning: variable does not need to be mutable
   --> crates/_support/types/pathnodes/src/run.rs:414:17
    |
414 |             let mut add = |outer: &mut crate::Relids<'mcx>, id: i32| {
    |                 ----^^^
    |                 |
    |                 help: remove this `mut`

     Running `/usr/local/rustup/toolchains/1.96.0-aarch64-unknown-linux-gnu/bin/rustc --crate-name adt_scalar --edition=2021 crates/backend/utils/adt/scalar/src/lib.rs --error-format=json --json=diagnostic-rendered-ansi,artifacts,future-incompat --crate-type lib --emit=dep-info,metadata,link -C embed-bitcode=no -C debuginfo=line-tables-only -C split-debuginfo=unpacked --check-cfg 'cfg(docsrs,test)' --check-cfg 'cfg(feature, values())' -C metadata=3938f0a7bb96c440 -C extra-filename=-82e4cd5ea0765569 --out-dir /tmp/cargo-mutants-src-gTTC8i.tmp/target/debug/deps -L dependency=/tmp/cargo-mutants-src-gTTC8i.tmp/target/debug/deps --extern aclchk_seams=/tmp/cargo-mutants-src-gTTC8i.tmp/target/debug/deps/libaclchk_seams-95d323df7f003fe4.rmeta --extern datum=/tmp/cargo-mutants-src-gTTC8i.tmp/target/debug/deps/libdatum-030f3169174aec16.rmeta --extern hashfn=/tmp/cargo-mutants-src-gTTC8i.tmp/target/debug/deps/libhashfn-8ec06fb271902362.rmeta --extern mcx=/tmp/cargo-mutants-src-gTTC8i.tmp/target/debug/deps/libmcx-06f936cbcd9c1216.rmeta --extern miscinit_seams=/tmp/cargo-mutants-src-gTTC8i.tmp/target/debug/deps/libmiscinit_seams-f4b7c761c58717ee.rmeta --extern multixact=/tmp/cargo-mutants-src-gTTC8i.tmp/target/debug/deps/libmultixact-f9327401ae63756a.rmeta --extern namespace_seams=/tmp/cargo-mutants-src-gTTC8i.tmp/target/debug/deps/libnamespace_seams-ae46f04ddea2ff24.rmeta --extern nbt_compare=/tmp/cargo-mutants-src-gTTC8i.tmp/target/debug/deps/libnbt_compare-31ea4becd2103eca.rmeta --extern numutils=/tmp/cargo-mutants-src-gTTC8i.tmp/target/debug/deps/libnumutils-5598b11d335544bb.rmeta --extern pqformat=/tmp/cargo-mutants-src-gTTC8i.tmp/target/debug/deps/libpqformat-b077afed4b93c0f1.rmeta --extern readfuncs=/tmp/cargo-mutants-src-gTTC8i.tmp/target/debug/deps/libreadfuncs-9611863003114cec.rmeta --extern rel_vocab=/tmp/cargo-mutants-src-gTTC8i.tmp/target/debug/deps/librel_vocab-cee0c40e2581ff58.rmeta --extern relcache_seams=/tmp/cargo-mutants-src-gTTC8i.tmp/target/debug/deps/librelcache_seams-0bf4d1a782932af2.rmeta --extern snapmgr_seams=/tmp/cargo-mutants-src-gTTC8i.tmp/target/debug/deps/libsnapmgr_seams-dfd08f4b814cd6a2.rmeta --extern stringinfo=/tmp/cargo-mutants-src-gTTC8i.tmp/target/debug/deps/libstringinfo-be7d4c5424352065.rmeta --extern syscache_seams=/tmp/cargo-mutants-src-gTTC8i.tmp/target/debug/deps/libsyscache_seams-004e298564e4dc84.rmeta --extern table=/tmp/cargo-mutants-src-gTTC8i.tmp/target/debug/deps/libtable-0eabd6b95d269610.rmeta --extern tableam_seams=/tmp/cargo-mutants-src-gTTC8i.tmp/target/debug/deps/libtableam_seams-3439b0fdc763850d.rmeta --extern array=/tmp/cargo-mutants-src-gTTC8i.tmp/target/debug/deps/libtypes_array-30e359ef1718579f.rmeta --extern types_core=/tmp/cargo-mutants-src-gTTC8i.tmp/target/debug/deps/libtypes_core-0d9118de0dbccbea.rmeta --extern types_error=/tmp/cargo-mutants-src-gTTC8i.tmp/target/debug/deps/libtypes_error-c16bdb10ad7f34c8.rmeta --extern types_fmgr=/tmp/cargo-mutants-src-gTTC8i.tmp/target/debug/deps/libtypes_fmgr-40ee05d74815766a.rmeta --extern types_nodes=/tmp/cargo-mutants-src-gTTC8i.tmp/target/debug/deps/libtypes_nodes-5d94b8204e43bceb.rmeta --extern types_rel=/tmp/cargo-mutants-src-gTTC8i.tmp/target/debug/deps/libtypes_rel-3e1c33dd7149d636.rmeta --extern types_tuple=/tmp/cargo-mutants-src-gTTC8i.tmp/target/debug/deps/libtypes_tuple-de087002773c06fc.rmeta --extern xact_seams=/tmp/cargo-mutants-src-gTTC8i.tmp/target/debug/deps/libxact_seams-061af81be05bb434.rmeta`
warning: `outfuncs` (lib) generated 5 warnings
warning: `readfuncs` (lib) generated 2 warnings (run `cargo fix --lib -p readfuncs` to apply 2 suggestions)
   Compiling lsyscache v0.1.0 (/tmp/cargo-mutants-src-gTTC8i.tmp/crates/backend/utils/cache/lsyscache)
     Running `/usr/local/rustup/toolchains/1.96.0-aarch64-unknown-linux-gnu/bin/rustc --crate-name lsyscache --edition=2021 crates/backend/utils/cache/lsyscache/src/lib.rs --error-format=json --json=diagnostic-rendered-ansi,artifacts,future-incompat --crate-type lib --emit=dep-info,metadata,link -C embed-bitcode=no -C debuginfo=line-tables-only -C split-debuginfo=unpacked --check-cfg 'cfg(docsrs,test)' --check-cfg 'cfg(feature, values())' -C metadata=caf12f1ec85648ac -C extra-filename=-3e803685226c2c92 --out-dir /tmp/cargo-mutants-src-gTTC8i.tmp/target/debug/deps -L dependency=/tmp/cargo-mutants-src-gTTC8i.tmp/target/debug/deps --extern aclchk_seams=/tmp/cargo-mutants-src-gTTC8i.tmp/target/debug/deps/libaclchk_seams-95d323df7f003fe4.rmeta --extern adt_scalar=/tmp/cargo-mutants-src-gTTC8i.tmp/target/debug/deps/libadt_scalar-82e4cd5ea0765569.rmeta --extern datum=/tmp/cargo-mutants-src-gTTC8i.tmp/target/debug/deps/libdatum-030f3169174aec16.rmeta --extern fmgr_seams=/tmp/cargo-mutants-src-gTTC8i.tmp/target/debug/deps/libfmgr_seams-d221369bfed635f8.rmeta --extern format_type=/tmp/cargo-mutants-src-gTTC8i.tmp/target/debug/deps/libformat_type-5883e72ded5f8f75.rmeta --extern init_small=/tmp/cargo-mutants-src-gTTC8i.tmp/target/debug/deps/libinit_small-c84fb14dddbe6145.rmeta --extern lsyscache_seams=/tmp/cargo-mutants-src-gTTC8i.tmp/target/debug/deps/liblsyscache_seams-4a973b24efe5cb56.rmeta --extern mcx=/tmp/cargo-mutants-src-gTTC8i.tmp/target/debug/deps/libmcx-06f936cbcd9c1216.rmeta --extern miscinit_seams=/tmp/cargo-mutants-src-gTTC8i.tmp/target/debug/deps/libmiscinit_seams-f4b7c761c58717ee.rmeta --extern namespace_seams=/tmp/cargo-mutants-src-gTTC8i.tmp/target/debug/deps/libnamespace_seams-ae46f04ddea2ff24.rmeta --extern readfuncs=/tmp/cargo-mutants-src-gTTC8i.tmp/target/debug/deps/libreadfuncs-9611863003114cec.rmeta --extern syscache_seams=/tmp/cargo-mutants-src-gTTC8i.tmp/target/debug/deps/libsyscache_seams-004e298564e4dc84.rmeta --extern typcache_seams=/tmp/cargo-mutants-src-gTTC8i.tmp/target/debug/deps/libtypcache_seams-7f064b3df04b979a.rmeta --extern types_core=/tmp/cargo-mutants-src-gTTC8i.tmp/target/debug/deps/libtypes_core-0d9118de0dbccbea.rmeta --extern types_error=/tmp/cargo-mutants-src-gTTC8i.tmp/target/debug/deps/libtypes_error-c16bdb10ad7f34c8.rmeta --extern types_fmgr=/tmp/cargo-mutants-src-gTTC8i.tmp/target/debug/deps/libtypes_fmgr-40ee05d74815766a.rmeta --extern types_nodes=/tmp/cargo-mutants-src-gTTC8i.tmp/target/debug/deps/libtypes_nodes-5d94b8204e43bceb.rmeta --extern types_pathnodes=/tmp/cargo-mutants-src-gTTC8i.tmp/target/debug/deps/libtypes_pathnodes-8184e48ba26ffabb.rmeta --extern types_tuple=/tmp/cargo-mutants-src-gTTC8i.tmp/target/debug/deps/libtypes_tuple-de087002773c06fc.rmeta`
warning: `types_pathnodes` (lib) generated 2 warnings (run `cargo fix --lib -p types_pathnodes` to apply 2 suggestions)
   Compiling nodes_core v0.1.0 (/tmp/cargo-mutants-src-gTTC8i.tmp/crates/backend/nodes/nodes_core)
     Running `/usr/local/rustup/toolchains/1.96.0-aarch64-unknown-linux-gnu/bin/rustc --crate-name nodes_core --edition=2021 crates/backend/nodes/nodes_core/src/lib.rs --error-format=json --json=diagnostic-rendered-ansi,artifacts,future-incompat --crate-type lib --emit=dep-info,metadata,link -C embed-bitcode=no -C debuginfo=line-tables-only -C split-debuginfo=unpacked --check-cfg 'cfg(docsrs,test)' --check-cfg 'cfg(feature, values())' -C metadata=ff24b82f965c110e -C extra-filename=-e7a17db7d0d88b7f --out-dir /tmp/cargo-mutants-src-gTTC8i.tmp/target/debug/deps -L dependency=/tmp/cargo-mutants-src-gTTC8i.tmp/target/debug/deps --extern datum=/tmp/cargo-mutants-src-gTTC8i.tmp/target/debug/deps/libdatum-030f3169174aec16.rmeta --extern elog=/tmp/cargo-mutants-src-gTTC8i.tmp/target/debug/deps/libelog-659de80f8ecc9699.rmeta --extern fmgr_seams=/tmp/cargo-mutants-src-gTTC8i.tmp/target/debug/deps/libfmgr_seams-d221369bfed635f8.rmeta --extern lsyscache=/tmp/cargo-mutants-src-gTTC8i.tmp/target/debug/deps/liblsyscache-3e803685226c2c92.rmeta --extern mcx=/tmp/cargo-mutants-src-gTTC8i.tmp/target/debug/deps/libmcx-06f936cbcd9c1216.rmeta --extern outfuncs=/tmp/cargo-mutants-src-gTTC8i.tmp/target/debug/deps/liboutfuncs-0047a10b26578673.rmeta --extern types_core=/tmp/cargo-mutants-src-gTTC8i.tmp/target/debug/deps/libtypes_core-0d9118de0dbccbea.rmeta --extern types_error=/tmp/cargo-mutants-src-gTTC8i.tmp/target/debug/deps/libtypes_error-c16bdb10ad7f34c8.rmeta --extern types_fmgr=/tmp/cargo-mutants-src-gTTC8i.tmp/target/debug/deps/libtypes_fmgr-40ee05d74815766a.rmeta --extern types_nodes=/tmp/cargo-mutants-src-gTTC8i.tmp/target/debug/deps/libtypes_nodes-5d94b8204e43bceb.rmeta`
warning: unreachable pattern
  --> crates/backend/nodes/nodes_core/src/node_funcs.rs:47:9
   |
30 |         NodeTag::T_CollateExpr => expr_type(node.as_collate_expr().unwrap().arg),
   |         ---------------------- matches all the relevant values
...
47 |         NodeTag::T_CollateExpr => expr_type(node.as_collate_expr().unwrap().arg),
   |         ^^^^^^^^^^^^^^^^^^^^^^ no value can reach this
   |
   = note: `#[warn(unreachable_patterns)]` (part of `#[warn(unused)]`) on by default

warning: unreachable pattern
   --> crates/backend/nodes/nodes_core/src/node_funcs.rs:194:9
    |
163 |         NodeTag::T_CollateExpr => expr_typmod(node.as_collate_expr().unwrap().arg),
    |         ---------------------- matches all the relevant values
...
194 |         NodeTag::T_CollateExpr => expr_typmod(node.as_collate_expr().unwrap().arg),
    |         ^^^^^^^^^^^^^^^^^^^^^^ no value can reach this

warning: unreachable pattern
   --> crates/backend/nodes/nodes_core/src/node_funcs.rs:296:9
    |
279 |         NodeTag::T_CollateExpr => node.as_collate_expr().unwrap().collOid,
    |         ---------------------- matches all the relevant values
...
296 |         NodeTag::T_CollateExpr => node.as_collate_expr().unwrap().collOid,
    |         ^^^^^^^^^^^^^^^^^^^^^^ no value can reach this

warning: unreachable pattern
   --> crates/backend/nodes/nodes_core/src/node_funcs.rs:476:9
    |
424 |         NodeTag::T_CollateExpr => expr_location(node.as_collate_expr().unwrap().arg),
    |         ---------------------- matches all the relevant values
...
476 |         NodeTag::T_CollateExpr => expr_location(node.as_collate_expr().unwrap().arg),
    |         ^^^^^^^^^^^^^^^^^^^^^^ no value can reach this

   Compiling typcache v0.1.0 (/tmp/cargo-mutants-src-gTTC8i.tmp/crates/backend/utils/cache/typcache)
     Running `/usr/local/rustup/toolchains/1.96.0-aarch64-unknown-linux-gnu/bin/rustc --crate-name typcache --edition=2021 crates/backend/utils/cache/typcache/src/lib.rs --error-format=json --json=diagnostic-rendered-ansi,artifacts,future-incompat --crate-type lib --emit=dep-info,metadata,link -C embed-bitcode=no -C debuginfo=line-tables-only -C split-debuginfo=unpacked --check-cfg 'cfg(docsrs,test)' --check-cfg 'cfg(feature, values("proof-support"))' -C metadata=388e102d5c22cf37 -C extra-filename=-622fa55f3e10d5fc --out-dir /tmp/cargo-mutants-src-gTTC8i.tmp/target/debug/deps -L dependency=/tmp/cargo-mutants-src-gTTC8i.tmp/target/debug/deps --extern clauses_seams=/tmp/cargo-mutants-src-gTTC8i.tmp/target/debug/deps/libclauses_seams-717024b04d197d7e.rmeta --extern datum=/tmp/cargo-mutants-src-gTTC8i.tmp/target/debug/deps/libdatum-030f3169174aec16.rmeta --extern fmgr_seams=/tmp/cargo-mutants-src-gTTC8i.tmp/target/debug/deps/libfmgr_seams-d221369bfed635f8.rmeta --extern format_type=/tmp/cargo-mutants-src-gTTC8i.tmp/target/debug/deps/libformat_type-5883e72ded5f8f75.rmeta --extern indexcmds_seams=/tmp/cargo-mutants-src-gTTC8i.tmp/target/debug/deps/libindexcmds_seams-517f4c1d94f4b97a.rmeta --extern inval=/tmp/cargo-mutants-src-gTTC8i.tmp/target/debug/deps/libinval-2a5932d592f69a65.rmeta --extern lsyscache=/tmp/cargo-mutants-src-gTTC8i.tmp/target/debug/deps/liblsyscache-3e803685226c2c92.rmeta --extern mcx=/tmp/cargo-mutants-src-gTTC8i.tmp/target/debug/deps/libmcx-06f936cbcd9c1216.rmeta --extern nodes_core=/tmp/cargo-mutants-src-gTTC8i.tmp/target/debug/deps/libnodes_core-e7a17db7d0d88b7f.rmeta --extern pg_enum_seams=/tmp/cargo-mutants-src-gTTC8i.tmp/target/debug/deps/libpg_enum_seams-8758c84dc687b5d4.rmeta --extern readfuncs=/tmp/cargo-mutants-src-gTTC8i.tmp/target/debug/deps/libreadfuncs-9611863003114cec.rmeta --extern relation_seams=/tmp/cargo-mutants-src-gTTC8i.tmp/target/debug/deps/librelation_seams-cc4f095ac3983557.rmeta --extern syscache_seams=/tmp/cargo-mutants-src-gTTC8i.tmp/target/debug/deps/libsyscache_seams-004e298564e4dc84.rmeta --extern tupdesc=/tmp/cargo-mutants-src-gTTC8i.tmp/target/debug/deps/libtupdesc-26533fa158065df2.rmeta --extern typcache_seams=/tmp/cargo-mutants-src-gTTC8i.tmp/target/debug/deps/libtypcache_seams-7f064b3df04b979a.rmeta --extern types_core=/tmp/cargo-mutants-src-gTTC8i.tmp/target/debug/deps/libtypes_core-0d9118de0dbccbea.rmeta --extern types_error=/tmp/cargo-mutants-src-gTTC8i.tmp/target/debug/deps/libtypes_error-c16bdb10ad7f34c8.rmeta --extern types_fmgr=/tmp/cargo-mutants-src-gTTC8i.tmp/target/debug/deps/libtypes_fmgr-40ee05d74815766a.rmeta --extern types_nodes=/tmp/cargo-mutants-src-gTTC8i.tmp/target/debug/deps/libtypes_nodes-5d94b8204e43bceb.rmeta --extern types_rel=/tmp/cargo-mutants-src-gTTC8i.tmp/target/debug/deps/libtypes_rel-3e1c33dd7149d636.rmeta --extern types_tuple=/tmp/cargo-mutants-src-gTTC8i.tmp/target/debug/deps/libtypes_tuple-de087002773c06fc.rmeta`
warning: unused import: `MemoryContext`
  --> crates/backend/utils/cache/typcache/src/lib.rs:19:16
   |
19 | use mcx::{Mcx, MemoryContext, PgHashMap, PgVec};
   |                ^^^^^^^^^^^^^
   |
   = note: `#[warn(unused_imports)]` (part of `#[warn(unused)]`) on by default

warning: `nodes_core` (lib) generated 4 warnings
   Compiling arrayfuncs v0.1.0 (/tmp/cargo-mutants-src-gTTC8i.tmp/crates/backend/utils/adt/arrayfuncs)
     Running `/usr/local/rustup/toolchains/1.96.0-aarch64-unknown-linux-gnu/bin/rustc --crate-name arrayfuncs --edition=2021 crates/backend/utils/adt/arrayfuncs/src/lib.rs --error-format=json --json=diagnostic-rendered-ansi,artifacts,future-incompat --crate-type lib --emit=dep-info,metadata,link -C embed-bitcode=no -C debuginfo=line-tables-only -C split-debuginfo=unpacked --check-cfg 'cfg(docsrs,test)' --check-cfg 'cfg(feature, values())' -C metadata=3d81c4056a098d2f -C extra-filename=-97c3108f2626aec0 --out-dir /tmp/cargo-mutants-src-gTTC8i.tmp/target/debug/deps -L dependency=/tmp/cargo-mutants-src-gTTC8i.tmp/target/debug/deps --extern arrayutils=/tmp/cargo-mutants-src-gTTC8i.tmp/target/debug/deps/libarrayutils-ad9c05eaa0a154ff.rmeta --extern datum=/tmp/cargo-mutants-src-gTTC8i.tmp/target/debug/deps/libdatum-030f3169174aec16.rmeta --extern detoast_seams=/tmp/cargo-mutants-src-gTTC8i.tmp/target/debug/deps/libdetoast_seams-79635f10c1436d82.rmeta --extern fmgr_seams=/tmp/cargo-mutants-src-gTTC8i.tmp/target/debug/deps/libfmgr_seams-d221369bfed635f8.rmeta --extern format_type=/tmp/cargo-mutants-src-gTTC8i.tmp/target/debug/deps/libformat_type-5883e72ded5f8f75.rmeta --extern funcapi_srf=/tmp/cargo-mutants-src-gTTC8i.tmp/target/debug/deps/libfuncapi_srf-67f1875acc6fd6fe.rmeta --extern guc_tables=/tmp/cargo-mutants-src-gTTC8i.tmp/target/debug/deps/libguc_tables-93b6e4ddb0b91568.rmeta --extern hashfn=/tmp/cargo-mutants-src-gTTC8i.tmp/target/debug/deps/libhashfn-8ec06fb271902362.rmeta --extern lsyscache=/tmp/cargo-mutants-src-gTTC8i.tmp/target/debug/deps/liblsyscache-3e803685226c2c92.rmeta --extern mcx=/tmp/cargo-mutants-src-gTTC8i.tmp/target/debug/deps/libmcx-06f936cbcd9c1216.rmeta --extern numutils=/tmp/cargo-mutants-src-gTTC8i.tmp/target/debug/deps/libnumutils-5598b11d335544bb.rmeta --extern pg_string=/tmp/cargo-mutants-src-gTTC8i.tmp/target/debug/deps/libpg_string-7f704ba2fb9e8971.rmeta --extern pqformat=/tmp/cargo-mutants-src-gTTC8i.tmp/target/debug/deps/libpqformat-b077afed4b93c0f1.rmeta --extern stringinfo=/tmp/cargo-mutants-src-gTTC8i.tmp/target/debug/deps/libstringinfo-be7d4c5424352065.rmeta --extern typcache=/tmp/cargo-mutants-src-gTTC8i.tmp/target/debug/deps/libtypcache-622fa55f3e10d5fc.rmeta --extern types_core=/tmp/cargo-mutants-src-gTTC8i.tmp/target/debug/deps/libtypes_core-0d9118de0dbccbea.rmeta --extern types_error=/tmp/cargo-mutants-src-gTTC8i.tmp/target/debug/deps/libtypes_error-c16bdb10ad7f34c8.rmeta --extern types_fmgr=/tmp/cargo-mutants-src-gTTC8i.tmp/target/debug/deps/libtypes_fmgr-40ee05d74815766a.rmeta --extern types_nodes=/tmp/cargo-mutants-src-gTTC8i.tmp/target/debug/deps/libtypes_nodes-5d94b8204e43bceb.rmeta`
warning: `typcache` (lib) generated 1 warning (run `cargo fix --lib -p typcache` to apply 1 suggestion)
warning: value assigned to `addedafter` is never read
   --> crates/backend/utils/adt/arrayfuncs/src/element.rs:545:26
    |
545 |     let mut addedafter = 0i32;
    |                          ^^^^ this value is reassigned later and never used
...
578 |             addedafter = aa;
    |             --------------- `addedafter` is overwritten here before the previous value is read
    |
    = note: `#[warn(unused_assignments)]` (part of `#[warn(unused)]`) on by default

warning: unnecessary `unsafe` block
   --> crates/backend/utils/adt/arrayfuncs/src/expanded.rs:144:55
    |
141 |     unsafe {
    |     ------ because it's nested under this `unsafe` block
...
144 |         parentcontext.register_reset_callback(move || unsafe { drop(Box::from_raw(p)) });
    |                                                       ^^^^^^ unnecessary `unsafe` block
    |
    = note: `#[warn(unused_unsafe)]` (part of `#[warn(unused)]`) on by default

warning: unnecessary `unsafe` block
   --> crates/backend/utils/adt/arrayfuncs/src/expanded.rs:252:15
    |
252 |         cur + unsafe { varsize_any(value.as_usize() as *const u8) }
    |               ^^^^^^ unnecessary `unsafe` block

warning: unnecessary `unsafe` block
   --> crates/backend/utils/adt/arrayfuncs/src/io.rs:559:15
    |
559 |         -1 => unsafe { varsize_any(p) },
    |               ^^^^^^ unnecessary `unsafe` block

warning: constant `HASH_RECORD_OID` is never used
   --> crates/backend/utils/adt/arrayfuncs/src/builtins.rs:514:7
    |
514 | const HASH_RECORD_OID: Oid = 6192;
    |       ^^^^^^^^^^^^^^^
    |
    = note: `#[warn(dead_code)]` (part of `#[warn(unused)]`) on by default

warning: constant `HASH_RECORD_EXTENDED_OID` is never used
   --> crates/backend/utils/adt/arrayfuncs/src/builtins.rs:515:7
    |
515 | const HASH_RECORD_EXTENDED_OID: Oid = 6193;
    |       ^^^^^^^^^^^^^^^^^^^^^^^^

   Compiling adt_numeric v0.1.0 (/tmp/cargo-mutants-src-gTTC8i.tmp/crates/backend/utils/adt/numeric)
   Compiling adt_varbit v0.1.0 (/tmp/cargo-mutants-src-gTTC8i.tmp/crates/backend/utils/adt/varbit)
     Running `/usr/local/rustup/toolchains/1.96.0-aarch64-unknown-linux-gnu/bin/rustc --crate-name adt_numeric --edition=2021 crates/backend/utils/adt/numeric/src/lib.rs --error-format=json --json=diagnostic-rendered-ansi,artifacts,future-incompat --crate-type lib --emit=dep-info,metadata,link -C embed-bitcode=no -C debuginfo=line-tables-only -C split-debuginfo=unpacked --check-cfg 'cfg(docsrs,test)' --check-cfg 'cfg(feature, values())' -C metadata=2831b0b87aa3c486 -C extra-filename=-b0a1a33714e6896b --out-dir /tmp/cargo-mutants-src-gTTC8i.tmp/target/debug/deps -L dependency=/tmp/cargo-mutants-src-gTTC8i.tmp/target/debug/deps --extern adt_float=/tmp/cargo-mutants-src-gTTC8i.tmp/target/debug/deps/libadt_float-c1b46f8ab3d08bef.rmeta --extern arrayfuncs=/tmp/cargo-mutants-src-gTTC8i.tmp/target/debug/deps/libarrayfuncs-97c3108f2626aec0.rmeta --extern datum=/tmp/cargo-mutants-src-gTTC8i.tmp/target/debug/deps/libdatum-030f3169174aec16.rmeta --extern funcapi_srf=/tmp/cargo-mutants-src-gTTC8i.tmp/target/debug/deps/libfuncapi_srf-67f1875acc6fd6fe.rmeta --extern hashfn=/tmp/cargo-mutants-src-gTTC8i.tmp/target/debug/deps/libhashfn-8ec06fb271902362.rmeta --extern hyperloglog=/tmp/cargo-mutants-src-gTTC8i.tmp/target/debug/deps/libhyperloglog-1f3859dae7cea2a7.rmeta --extern init_small=/tmp/cargo-mutants-src-gTTC8i.tmp/target/debug/deps/libinit_small-c84fb14dddbe6145.rmeta --extern mcx=/tmp/cargo-mutants-src-gTTC8i.tmp/target/debug/deps/libmcx-06f936cbcd9c1216.rmeta --extern nodes_core=/tmp/cargo-mutants-src-gTTC8i.tmp/target/debug/deps/libnodes_core-e7a17db7d0d88b7f.rmeta --extern pg_prng=/tmp/cargo-mutants-src-gTTC8i.tmp/target/debug/deps/libpg_prng-a84ee6ac59941202.rmeta --extern pqformat=/tmp/cargo-mutants-src-gTTC8i.tmp/target/debug/deps/libpqformat-b077afed4b93c0f1.rmeta --extern stringinfo=/tmp/cargo-mutants-src-gTTC8i.tmp/target/debug/deps/libstringinfo-be7d4c5424352065.rmeta --extern types_core=/tmp/cargo-mutants-src-gTTC8i.tmp/target/debug/deps/libtypes_core-0d9118de0dbccbea.rmeta --extern types_error=/tmp/cargo-mutants-src-gTTC8i.tmp/target/debug/deps/libtypes_error-c16bdb10ad7f34c8.rmeta --extern types_fmgr=/tmp/cargo-mutants-src-gTTC8i.tmp/target/debug/deps/libtypes_fmgr-40ee05d74815766a.rmeta --extern types_nodes=/tmp/cargo-mutants-src-gTTC8i.tmp/target/debug/deps/libtypes_nodes-5d94b8204e43bceb.rmeta --extern types_tuple=/tmp/cargo-mutants-src-gTTC8i.tmp/target/debug/deps/libtypes_tuple-de087002773c06fc.rmeta`
     Running `/usr/local/rustup/toolchains/1.96.0-aarch64-unknown-linux-gnu/bin/rustc --crate-name adt_varbit --edition=2021 crates/backend/utils/adt/varbit/src/lib.rs --error-format=json --json=diagnostic-rendered-ansi,artifacts,future-incompat --crate-type lib --emit=dep-info,metadata,link -C embed-bitcode=no -C debuginfo=line-tables-only -C split-debuginfo=unpacked --check-cfg 'cfg(docsrs,test)' --check-cfg 'cfg(feature, values())' -C metadata=1f0e0c51b044a8ff -C extra-filename=-d208d3531f884247 --out-dir /tmp/cargo-mutants-src-gTTC8i.tmp/target/debug/deps -L dependency=/tmp/cargo-mutants-src-gTTC8i.tmp/target/debug/deps --extern arrayfuncs=/tmp/cargo-mutants-src-gTTC8i.tmp/target/debug/deps/libarrayfuncs-97c3108f2626aec0.rmeta --extern datum=/tmp/cargo-mutants-src-gTTC8i.tmp/target/debug/deps/libdatum-030f3169174aec16.rmeta --extern mcx=/tmp/cargo-mutants-src-gTTC8i.tmp/target/debug/deps/libmcx-06f936cbcd9c1216.rmeta --extern nodes_core=/tmp/cargo-mutants-src-gTTC8i.tmp/target/debug/deps/libnodes_core-e7a17db7d0d88b7f.rmeta --extern pqformat=/tmp/cargo-mutants-src-gTTC8i.tmp/target/debug/deps/libpqformat-b077afed4b93c0f1.rmeta --extern stringinfo=/tmp/cargo-mutants-src-gTTC8i.tmp/target/debug/deps/libstringinfo-be7d4c5424352065.rmeta --extern types_core=/tmp/cargo-mutants-src-gTTC8i.tmp/target/debug/deps/libtypes_core-0d9118de0dbccbea.rmeta --extern types_error=/tmp/cargo-mutants-src-gTTC8i.tmp/target/debug/deps/libtypes_error-c16bdb10ad7f34c8.rmeta --extern types_fmgr=/tmp/cargo-mutants-src-gTTC8i.tmp/target/debug/deps/libtypes_fmgr-40ee05d74815766a.rmeta --extern types_nodes=/tmp/cargo-mutants-src-gTTC8i.tmp/target/debug/deps/libtypes_nodes-5d94b8204e43bceb.rmeta --extern types_tuple=/tmp/cargo-mutants-src-gTTC8i.tmp/target/debug/deps/libtypes_tuple-de087002773c06fc.rmeta`
warning: `arrayfuncs` (lib) generated 6 warnings
warning: field `0` is never read
  --> crates/backend/utils/adt/numeric/src/sortsupport.rs:21:17
   |
21 | struct AlignBuf([u8; 128]);
   |        -------- ^^^^^^^^^
   |        |
   |        field in this struct
   |
   = help: consider removing this field
   = note: `#[warn(dead_code)]` (part of `#[warn(unused)]`) on by default

   Compiling parser_small1 v0.0.0 (/tmp/cargo-mutants-src-gTTC8i.tmp/crates/backend/parser/parser_small1)
     Running `/usr/local/rustup/toolchains/1.96.0-aarch64-unknown-linux-gnu/bin/rustc --crate-name parser_small1 --edition=2021 crates/backend/parser/parser_small1/src/lib.rs --error-format=json --json=diagnostic-rendered-ansi,artifacts,future-incompat --crate-type lib --emit=dep-info,metadata,link -C embed-bitcode=no -C debuginfo=line-tables-only -C split-debuginfo=unpacked --check-cfg 'cfg(docsrs,test)' --check-cfg 'cfg(feature, values())' -C metadata=b00704ef4f11856e -C extra-filename=-e55dc6e04d737de1 --out-dir /tmp/cargo-mutants-src-gTTC8i.tmp/target/debug/deps -L dependency=/tmp/cargo-mutants-src-gTTC8i.tmp/target/debug/deps --extern adt_numeric=/tmp/cargo-mutants-src-gTTC8i.tmp/target/debug/deps/libadt_numeric-b0a1a33714e6896b.rmeta --extern adt_varbit=/tmp/cargo-mutants-src-gTTC8i.tmp/target/debug/deps/libadt_varbit-d208d3531f884247.rmeta --extern datum=/tmp/cargo-mutants-src-gTTC8i.tmp/target/debug/deps/libdatum-030f3169174aec16.rmeta --extern elog=/tmp/cargo-mutants-src-gTTC8i.tmp/target/debug/deps/libelog-659de80f8ecc9699.rmeta --extern format_type=/tmp/cargo-mutants-src-gTTC8i.tmp/target/debug/deps/libformat_type-5883e72ded5f8f75.rmeta --extern libc=/tmp/cargo-mutants-src-gTTC8i.tmp/target/debug/deps/liblibc-48f06ccd9be8c4ac.rmeta --extern lsyscache=/tmp/cargo-mutants-src-gTTC8i.tmp/target/debug/deps/liblsyscache-3e803685226c2c92.rmeta --extern mbutils=/tmp/cargo-mutants-src-gTTC8i.tmp/target/debug/deps/libmbutils-768611049dcadcb6.rmeta --extern mcx=/tmp/cargo-mutants-src-gTTC8i.tmp/target/debug/deps/libmcx-06f936cbcd9c1216.rmeta --extern nodes_core=/tmp/cargo-mutants-src-gTTC8i.tmp/target/debug/deps/libnodes_core-e7a17db7d0d88b7f.rmeta --extern numutils=/tmp/cargo-mutants-src-gTTC8i.tmp/target/debug/deps/libnumutils-5598b11d335544bb.rmeta --extern queryenvironment=/tmp/cargo-mutants-src-gTTC8i.tmp/target/debug/deps/libqueryenvironment-8b26b16fb014d8b4.rmeta --extern table=/tmp/cargo-mutants-src-gTTC8i.tmp/target/debug/deps/libtable-0eabd6b95d269610.rmeta --extern types_core=/tmp/cargo-mutants-src-gTTC8i.tmp/target/debug/deps/libtypes_core-0d9118de0dbccbea.rmeta --extern types_error=/tmp/cargo-mutants-src-gTTC8i.tmp/target/debug/deps/libtypes_error-c16bdb10ad7f34c8.rmeta --extern types_nodes=/tmp/cargo-mutants-src-gTTC8i.tmp/target/debug/deps/libtypes_nodes-5d94b8204e43bceb.rmeta --extern types_rel=/tmp/cargo-mutants-src-gTTC8i.tmp/target/debug/deps/libtypes_rel-3e1c33dd7149d636.rmeta --extern types_tuple=/tmp/cargo-mutants-src-gTTC8i.tmp/target/debug/deps/libtypes_tuple-de087002773c06fc.rmeta --extern wchar=/tmp/cargo-mutants-src-gTTC8i.tmp/target/debug/deps/libwchar-da99c5603b4b462e.rmeta`
warning: `adt_numeric` (lib) generated 1 warning
     Running `/usr/local/rustup/toolchains/1.96.0-aarch64-unknown-linux-gnu/bin/rustc --crate-name regexp_alt --edition=2021 crates/backend/utils/adt/regexp_alt/src/lib.rs --error-format=json --json=diagnostic-rendered-ansi,artifacts,future-incompat --crate-type lib --emit=dep-info,metadata,link -C embed-bitcode=no -C debuginfo=line-tables-only -C split-debuginfo=unpacked --check-cfg 'cfg(docsrs,test)' --check-cfg 'cfg(feature, values())' -C metadata=1912779db1870128 -C extra-filename=-2fadb34610dfde98 --out-dir /tmp/cargo-mutants-src-gTTC8i.tmp/target/debug/deps -L dependency=/tmp/cargo-mutants-src-gTTC8i.tmp/target/debug/deps --extern guc_tables=/tmp/cargo-mutants-src-gTTC8i.tmp/target/debug/deps/libguc_tables-93b6e4ddb0b91568.rmeta --extern mbutils=/tmp/cargo-mutants-src-gTTC8i.tmp/target/debug/deps/libmbutils-768611049dcadcb6.rmeta --extern mcx=/tmp/cargo-mutants-src-gTTC8i.tmp/target/debug/deps/libmcx-06f936cbcd9c1216.rmeta --extern memchr=/tmp/cargo-mutants-src-gTTC8i.tmp/target/debug/deps/libmemchr-7d6aff88e8c65ad7.rmeta --extern postgres_seams=/tmp/cargo-mutants-src-gTTC8i.tmp/target/debug/deps/libpostgres_seams-45e1a8825ae08cba.rmeta --extern regex_spencer=/tmp/cargo-mutants-src-gTTC8i.tmp/target/debug/deps/libregex-bda9fffe95f55ce0.rmeta --extern types_error=/tmp/cargo-mutants-src-gTTC8i.tmp/target/debug/deps/libtypes_error-c16bdb10ad7f34c8.rmeta --extern wchar=/tmp/cargo-mutants-src-gTTC8i.tmp/target/debug/deps/libwchar-da99c5603b4b462e.rmeta -L native=/tmp/cargo-mutants-src-gTTC8i.tmp/target/debug/build/regexp_alt-aef8a84303e59076/out -L native=/usr/lib/aarch64-linux-gnu -L native=/usr/lib/aarch64-linux-gnu -l static=pgr_re2_shim -l stdc++ -l static=re2 -l absl_log_internal_check_op -l absl_log_severity -l absl_log_severity -l absl_log_severity -l absl_log_severity -l absl_log_severity -l absl_log_severity -l absl_log_severity -l absl_log_severity -l absl_log_severity -l absl_log_severity -l absl_log_severity -l absl_log_severity -l absl_log_severity -l absl_log_severity -l absl_log_severity -l absl_log_severity -l absl_log_severity -l absl_log_severity -l absl_log_severity -l absl_log_severity -l absl_log_severity -l absl_log_severity -l absl_log_severity -l absl_log_severity -l absl_log_severity -l absl_log_severity -l absl_log_severity -l absl_log_severity -l absl_log_severity -l absl_log_severity -l absl_log_severity -l absl_log_severity -l absl_log_severity -l absl_log_severity -l absl_log_severity -l absl_log_severity -l absl_log_severity -l absl_log_severity -l absl_log_severity -l absl_log_severity -l absl_log_severity -l absl_log_severity -l absl_log_internal_conditions -l absl_log_severity -l absl_log_severity -l absl_log_severity -l absl_log_severity -l absl_log_severity -l absl_log_severity -l absl_log_severity -l absl_log_severity -l absl_log_severity -l absl_log_severity -l absl_log_severity -l absl_log_severity -l absl_log_severity -l absl_log_severity -l absl_log_internal_message -l absl_examine_stack -l absl_log_internal_format -l absl_log_severity -l absl_log_severity -l absl_log_internal_proto -l absl_log_severity -l absl_log_severity -l absl_log_severity -l absl_log_severity -l absl_log_internal_nullguard -l absl_log_severity -l absl_log_severity -l absl_log_severity -l absl_log_severity -l absl_log_internal_log_sink_set -l absl_log_internal_globals -l absl_log_severity -l absl_log_globals -l absl_log_severity -l absl_log_severity -l absl_log_sink -l absl_log_entry -l absl_log_severity -l absl_strerror -l absl_vlog_config_internal -l absl_log_internal_fnmatch -l absl_flags_internal -l absl_flags_marshalling -l absl_log_severity -l absl_flags_reflection -l absl_flags_private_handle_accessor -l absl_flags_commandlineflag -l absl_flags_commandlineflag_internal -l absl_flags_config -l absl_flags_program_name -l absl_raw_logging_internal -l absl_raw_logging_internal -l absl_cord -l absl_cordz_info -l absl_cord_internal -l absl_cordz_functions -l absl_cordz_handle -l absl_crc_cord_state -l absl_crc32c -l absl_crc_internal -l absl_crc_cpu_detect -l absl_raw_hash_set -l absl_hashtablez_sampler -l absl_exponential_biased -l absl_hash -l absl_city -l absl_bad_variant_access -l absl_low_level_hash -l absl_throw_delegate -l absl_bad_optional_access -l absl_str_format_internal -l absl_synchronization -l absl_graphcycles_internal -l absl_kernel_timeout_internal -l absl_stacktrace -l absl_symbolize -l absl_debugging_internal -l absl_demangle_internal -l absl_demangle_rust -l absl_decode_rust_punycode -l absl_utf8_for_code_point -l absl_malloc_internal -l absl_time -l absl_civil_time -l absl_strings -l absl_strings_internal -l absl_string_view -l absl_base -l atomic -l rt -l absl_spinlock_wait -l absl_int128 -l absl_throw_delegate -l absl_raw_logging_internal -l absl_log_severity -l absl_time_zone --cfg have_re2 --check-cfg 'cfg(have_re2)'`
   Compiling varlena v0.1.0 (/tmp/cargo-mutants-src-gTTC8i.tmp/crates/backend/utils/adt/varlena)
     Running `/usr/local/rustup/toolchains/1.96.0-aarch64-unknown-linux-gnu/bin/rustc --crate-name varlena --edition=2021 crates/backend/utils/adt/varlena/src/lib.rs --error-format=json --json=diagnostic-rendered-ansi,artifacts,future-incompat --crate-type lib --emit=dep-info,metadata,link -C embed-bitcode=no -C debuginfo=line-tables-only -C split-debuginfo=unpacked --check-cfg 'cfg(docsrs,test)' --check-cfg 'cfg(feature, values())' -C metadata=c4f1b87ff1ce407c -C extra-filename=-897eb79a45810003 --out-dir /tmp/cargo-mutants-src-gTTC8i.tmp/target/debug/deps -L dependency=/tmp/cargo-mutants-src-gTTC8i.tmp/target/debug/deps --extern arrayfuncs=/tmp/cargo-mutants-src-gTTC8i.tmp/target/debug/deps/libarrayfuncs-97c3108f2626aec0.rmeta --extern datum=/tmp/cargo-mutants-src-gTTC8i.tmp/target/debug/deps/libdatum-030f3169174aec16.rmeta --extern detoast=/tmp/cargo-mutants-src-gTTC8i.tmp/target/debug/deps/libdetoast-5e293205d8467e37.rmeta --extern detoast_seams=/tmp/cargo-mutants-src-gTTC8i.tmp/target/debug/deps/libdetoast_seams-79635f10c1436d82.rmeta --extern fmgr_seams=/tmp/cargo-mutants-src-gTTC8i.tmp/target/debug/deps/libfmgr_seams-d221369bfed635f8.rmeta --extern format_type=/tmp/cargo-mutants-src-gTTC8i.tmp/target/debug/deps/libformat_type-5883e72ded5f8f75.rmeta --extern funcapi_srf=/tmp/cargo-mutants-src-gTTC8i.tmp/target/debug/deps/libfuncapi_srf-67f1875acc6fd6fe.rmeta --extern guc_tables=/tmp/cargo-mutants-src-gTTC8i.tmp/target/debug/deps/libguc_tables-93b6e4ddb0b91568.rmeta --extern hashfn=/tmp/cargo-mutants-src-gTTC8i.tmp/target/debug/deps/libhashfn-8ec06fb271902362.rmeta --extern hyperloglog=/tmp/cargo-mutants-src-gTTC8i.tmp/target/debug/deps/libhyperloglog-1f3859dae7cea2a7.rmeta --extern lsyscache=/tmp/cargo-mutants-src-gTTC8i.tmp/target/debug/deps/liblsyscache-3e803685226c2c92.rmeta --extern mbutils=/tmp/cargo-mutants-src-gTTC8i.tmp/target/debug/deps/libmbutils-768611049dcadcb6.rmeta --extern mbutils_seams=/tmp/cargo-mutants-src-gTTC8i.tmp/target/debug/deps/libmbutils_seams-4d8298d9d15f6c12.rmeta --extern mcx=/tmp/cargo-mutants-src-gTTC8i.tmp/target/debug/deps/libmcx-06f936cbcd9c1216.rmeta --extern numutils=/tmp/cargo-mutants-src-gTTC8i.tmp/target/debug/deps/libnumutils-5598b11d335544bb.rmeta --extern parser_small1=/tmp/cargo-mutants-src-gTTC8i.tmp/target/debug/deps/libparser_small1-e55dc6e04d737de1.rmeta --extern pg_bitutils=/tmp/cargo-mutants-src-gTTC8i.tmp/target/debug/deps/libpg_bitutils-35ffcc1752082a22.rmeta --extern pg_locale_seams=/tmp/cargo-mutants-src-gTTC8i.tmp/target/debug/deps/libpg_locale_seams-dc2f404b281207c1.rmeta --extern postgres_seams=/tmp/cargo-mutants-src-gTTC8i.tmp/target/debug/deps/libpostgres_seams-45e1a8825ae08cba.rmeta --extern pqformat=/tmp/cargo-mutants-src-gTTC8i.tmp/target/debug/deps/libpqformat-b077afed4b93c0f1.rmeta --extern regex=/tmp/cargo-mutants-src-gTTC8i.tmp/target/debug/deps/libregex-bda9fffe95f55ce0.rmeta --extern regex_core_seams=/tmp/cargo-mutants-src-gTTC8i.tmp/target/debug/deps/libregex_core_seams-4f4eea723cd2b4f2.rmeta --extern regexp_alt=/tmp/cargo-mutants-src-gTTC8i.tmp/target/debug/deps/libregexp_alt-2fadb34610dfde98.rmeta --extern regexp_seams=/tmp/cargo-mutants-src-gTTC8i.tmp/target/debug/deps/libregexp_seams-17156565e4c0dbff.rmeta --extern stringinfo=/tmp/cargo-mutants-src-gTTC8i.tmp/target/debug/deps/libstringinfo-be7d4c5424352065.rmeta --extern types_core=/tmp/cargo-mutants-src-gTTC8i.tmp/target/debug/deps/libtypes_core-0d9118de0dbccbea.rmeta --extern types_error=/tmp/cargo-mutants-src-gTTC8i.tmp/target/debug/deps/libtypes_error-c16bdb10ad7f34c8.rmeta --extern types_fmgr=/tmp/cargo-mutants-src-gTTC8i.tmp/target/debug/deps/libtypes_fmgr-40ee05d74815766a.rmeta --extern types_tuple=/tmp/cargo-mutants-src-gTTC8i.tmp/target/debug/deps/libtypes_tuple-de087002773c06fc.rmeta --extern unicode_category=/tmp/cargo-mutants-src-gTTC8i.tmp/target/debug/deps/libunicode_category-5b8e41a1b3bc775d.rmeta --extern unicode_norm=/tmp/cargo-mutants-src-gTTC8i.tmp/target/debug/deps/libunicode_norm-b5384484d575c539.rmeta --extern wchar=/tmp/cargo-mutants-src-gTTC8i.tmp/target/debug/deps/libwchar-da99c5603b4b462e.rmeta -L native=/tmp/cargo-mutants-src-gTTC8i.tmp/target/debug/build/regexp_alt-aef8a84303e59076/out -L native=/usr/lib/aarch64-linux-gnu -L native=/usr/lib/aarch64-linux-gnu`
warning: unused import: `core::cmp::Ordering`
  --> crates/backend/utils/adt/varlena/src/lib.rs:23:5
   |
23 | use core::cmp::Ordering;
   |     ^^^^^^^^^^^^^^^^^^^
   |
   = note: `#[warn(unused_imports)]` (part of `#[warn(unused)]`) on by default

   Compiling adt_quote v0.1.0 (/tmp/cargo-mutants-src-gTTC8i.tmp/crates/backend/utils/adt/quote)
     Running `/usr/local/rustup/toolchains/1.96.0-aarch64-unknown-linux-gnu/bin/rustc --crate-name adt_quote --edition=2021 crates/backend/utils/adt/quote/src/lib.rs --error-format=json --json=diagnostic-rendered-ansi,artifacts,future-incompat --crate-type lib --emit=dep-info,metadata,link -C embed-bitcode=no -C debuginfo=line-tables-only -C split-debuginfo=unpacked --check-cfg 'cfg(docsrs,test)' --check-cfg 'cfg(feature, values())' -C metadata=d3ac5a4c65259803 -C extra-filename=-135383fae5f57411 --out-dir /tmp/cargo-mutants-src-gTTC8i.tmp/target/debug/deps -L dependency=/tmp/cargo-mutants-src-gTTC8i.tmp/target/debug/deps --extern datum=/tmp/cargo-mutants-src-gTTC8i.tmp/target/debug/deps/libdatum-030f3169174aec16.rmeta --extern guc_tables=/tmp/cargo-mutants-src-gTTC8i.tmp/target/debug/deps/libguc_tables-93b6e4ddb0b91568.rmeta --extern keywords=/tmp/cargo-mutants-src-gTTC8i.tmp/target/debug/deps/libkeywords-3eff9d0dfa642415.rmeta --extern mcx=/tmp/cargo-mutants-src-gTTC8i.tmp/target/debug/deps/libmcx-06f936cbcd9c1216.rmeta --extern types_core=/tmp/cargo-mutants-src-gTTC8i.tmp/target/debug/deps/libtypes_core-0d9118de0dbccbea.rmeta --extern types_error=/tmp/cargo-mutants-src-gTTC8i.tmp/target/debug/deps/libtypes_error-c16bdb10ad7f34c8.rmeta --extern types_fmgr=/tmp/cargo-mutants-src-gTTC8i.tmp/target/debug/deps/libtypes_fmgr-40ee05d74815766a.rmeta --extern varlena=/tmp/cargo-mutants-src-gTTC8i.tmp/target/debug/deps/libvarlena-897eb79a45810003.rmeta -L native=/tmp/cargo-mutants-src-gTTC8i.tmp/target/debug/build/regexp_alt-aef8a84303e59076/out -L native=/usr/lib/aarch64-linux-gnu -L native=/usr/lib/aarch64-linux-gnu`
warning: unused imports: `KeywordCategory`, `ScanKeywordCategories`, `ScanKeywordLookup`, and `ScanKeywords`
  --> crates/backend/utils/adt/quote/src/lib.rs:10:18
   |
10 | use ::keywords::{KeywordCategory, ScanKeywordCategories, ScanKeywordLookup, ScanKeywords};
   |                  ^^^^^^^^^^^^^^^  ^^^^^^^^^^^^^^^^^^^^^  ^^^^^^^^^^^^^^^^^  ^^^^^^^^^^^^
   |
   = note: `#[warn(unused_imports)]` (part of `#[warn(unused)]`) on by default

error[E0599]: no variant, associated function, or constant named `new` found for enum `Result<T, E>` in the current scope
  --> crates/backend/utils/adt/quote/src/lib.rs:32:15
   |
32 |     PgResult::new() /* ~ changed by cargo-mutants ~ */
   |               ^^^ variant, associated function, or constant not found in `Result<_, Box<PgError>>`
   |
help: there is a method `ne` with a similar name, but with different arguments
  --> /rustc/ac68faa20c58cbccd01ee7208bf3b6e93a7d7f96/library/core/src/cmp.rs:263:4

For more information about this error, try `rustc --explain E0599`.
warning: `adt_quote` (lib) generated 1 warning
error: could not compile `adt_quote` (lib) due to 1 previous error; 1 warning emitted

Caused by:
  process didn't exit successfully: `/usr/local/rustup/toolchains/1.96.0-aarch64-unknown-linux-gnu/bin/rustc --crate-name adt_quote --edition=2021 crates/backend/utils/adt/quote/src/lib.rs --error-format=json --json=diagnostic-rendered-ansi,artifacts,future-incompat --crate-type lib --emit=dep-info,metadata,link -C embed-bitcode=no -C debuginfo=line-tables-only -C split-debuginfo=unpacked --check-cfg 'cfg(docsrs,test)' --check-cfg 'cfg(feature, values())' -C metadata=d3ac5a4c65259803 -C extra-filename=-135383fae5f57411 --out-dir /tmp/cargo-mutants-src-gTTC8i.tmp/target/debug/deps -L dependency=/tmp/cargo-mutants-src-gTTC8i.tmp/target/debug/deps --extern datum=/tmp/cargo-mutants-src-gTTC8i.tmp/target/debug/deps/libdatum-030f3169174aec16.rmeta --extern guc_tables=/tmp/cargo-mutants-src-gTTC8i.tmp/target/debug/deps/libguc_tables-93b6e4ddb0b91568.rmeta --extern keywords=/tmp/cargo-mutants-src-gTTC8i.tmp/target/debug/deps/libkeywords-3eff9d0dfa642415.rmeta --extern mcx=/tmp/cargo-mutants-src-gTTC8i.tmp/target/debug/deps/libmcx-06f936cbcd9c1216.rmeta --extern types_core=/tmp/cargo-mutants-src-gTTC8i.tmp/target/debug/deps/libtypes_core-0d9118de0dbccbea.rmeta --extern types_error=/tmp/cargo-mutants-src-gTTC8i.tmp/target/debug/deps/libtypes_error-c16bdb10ad7f34c8.rmeta --extern types_fmgr=/tmp/cargo-mutants-src-gTTC8i.tmp/target/debug/deps/libtypes_fmgr-40ee05d74815766a.rmeta --extern varlena=/tmp/cargo-mutants-src-gTTC8i.tmp/target/debug/deps/libvarlena-897eb79a45810003.rmeta -L native=/tmp/cargo-mutants-src-gTTC8i.tmp/target/debug/build/regexp_alt-aef8a84303e59076/out -L native=/usr/lib/aarch64-linux-gnu -L native=/usr/lib/aarch64-linux-gnu` (exit status: 1)
warning: build failed, waiting for other jobs to finish...
warning: `varlena` (lib) generated 1 warning (run `cargo fix --lib -p varlena` to apply 1 suggestion)

*** result: Failure(101)
