datetime-b	rem::eq_f8tstz_value_screen	fleet-solved family registration (expected=unmeasured in SUITE.tsv, dark-harness sweep); no local coverage leg — COVERAGE.md known distortion 7 rule (b)
aclcheck	proofs::cover_aclitemin_regimes	fleet-solved family registration (expected=unmeasured in SUITE.tsv, dark-harness sweep); no local coverage leg — COVERAGE.md known distortion 7 rule (b)
aclcheck	proofs::cover_table_id_id_regimes	fleet-solved family registration (expected=unmeasured in SUITE.tsv, dark-harness sweep); no local coverage leg — COVERAGE.md known distortion 7 rule (b)
aclcheck	proofs::eq_aclitemout_named	fleet-solved family registration (expected=unmeasured in SUITE.tsv, dark-harness sweep); no local coverage leg — COVERAGE.md known distortion 7 rule (b)
aclcheck	proofs::eq_has_database_privilege_id	fleet-solved family registration (expected=unmeasured in SUITE.tsv, dark-harness sweep); no local coverage leg — COVERAGE.md known distortion 7 rule (b)
aclcheck	proofs::eq_has_database_privilege_id_id	fleet-solved family registration (expected=unmeasured in SUITE.tsv, dark-harness sweep); no local coverage leg — COVERAGE.md known distortion 7 rule (b)
aclcheck	proofs::eq_has_database_privilege_id_name	fleet-solved family registration (expected=unmeasured in SUITE.tsv, dark-harness sweep); no local coverage leg — COVERAGE.md known distortion 7 rule (b)
aclcheck	proofs::eq_has_database_privilege_name	fleet-solved family registration (expected=unmeasured in SUITE.tsv, dark-harness sweep); no local coverage leg — COVERAGE.md known distortion 7 rule (b)
aclcheck	proofs::eq_has_database_privilege_name_id	fleet-solved family registration (expected=unmeasured in SUITE.tsv, dark-harness sweep); no local coverage leg — COVERAGE.md known distortion 7 rule (b)
aclcheck	proofs::eq_has_database_privilege_name_name	fleet-solved family registration (expected=unmeasured in SUITE.tsv, dark-harness sweep); no local coverage leg — COVERAGE.md known distortion 7 rule (b)
aclcheck	proofs::eq_has_function_privilege_id	fleet-solved family registration (expected=unmeasured in SUITE.tsv, dark-harness sweep); no local coverage leg — COVERAGE.md known distortion 7 rule (b)
aclcheck	proofs::eq_has_function_privilege_id_id	fleet-solved family registration (expected=unmeasured in SUITE.tsv, dark-harness sweep); no local coverage leg — COVERAGE.md known distortion 7 rule (b)
aclcheck	proofs::eq_has_function_privilege_name_id	fleet-solved family registration (expected=unmeasured in SUITE.tsv, dark-harness sweep); no local coverage leg — COVERAGE.md known distortion 7 rule (b)
aclcheck	proofs::eq_has_language_privilege_id	fleet-solved family registration (expected=unmeasured in SUITE.tsv, dark-harness sweep); no local coverage leg — COVERAGE.md known distortion 7 rule (b)
aclcheck	proofs::eq_has_language_privilege_id_id	fleet-solved family registration (expected=unmeasured in SUITE.tsv, dark-harness sweep); no local coverage leg — COVERAGE.md known distortion 7 rule (b)
aclcheck	proofs::eq_has_language_privilege_id_name	fleet-solved family registration (expected=unmeasured in SUITE.tsv, dark-harness sweep); no local coverage leg — COVERAGE.md known distortion 7 rule (b)
aclcheck	proofs::eq_has_language_privilege_name	fleet-solved family registration (expected=unmeasured in SUITE.tsv, dark-harness sweep); no local coverage leg — COVERAGE.md known distortion 7 rule (b)
aclcheck	proofs::eq_has_language_privilege_name_id	fleet-solved family registration (expected=unmeasured in SUITE.tsv, dark-harness sweep); no local coverage leg — COVERAGE.md known distortion 7 rule (b)
aclcheck	proofs::eq_has_language_privilege_name_name	fleet-solved family registration (expected=unmeasured in SUITE.tsv, dark-harness sweep); no local coverage leg — COVERAGE.md known distortion 7 rule (b)
aclcheck	proofs::eq_has_schema_privilege_id	fleet-solved family registration (expected=unmeasured in SUITE.tsv, dark-harness sweep); no local coverage leg — COVERAGE.md known distortion 7 rule (b)
aclcheck	proofs::eq_has_schema_privilege_id_id	fleet-solved family registration (expected=unmeasured in SUITE.tsv, dark-harness sweep); no local coverage leg — COVERAGE.md known distortion 7 rule (b)
aclcheck	proofs::eq_has_schema_privilege_id_name	fleet-solved family registration (expected=unmeasured in SUITE.tsv, dark-harness sweep); no local coverage leg — COVERAGE.md known distortion 7 rule (b)
aclcheck	proofs::eq_has_schema_privilege_name	fleet-solved family registration (expected=unmeasured in SUITE.tsv, dark-harness sweep); no local coverage leg — COVERAGE.md known distortion 7 rule (b)
aclcheck	proofs::eq_has_schema_privilege_name_id	fleet-solved family registration (expected=unmeasured in SUITE.tsv, dark-harness sweep); no local coverage leg — COVERAGE.md known distortion 7 rule (b)
aclcheck	proofs::eq_has_schema_privilege_name_name	fleet-solved family registration (expected=unmeasured in SUITE.tsv, dark-harness sweep); no local coverage leg — COVERAGE.md known distortion 7 rule (b)
aclcheck	proofs::eq_has_sequence_privilege_id	fleet-solved family registration (expected=unmeasured in SUITE.tsv, dark-harness sweep); no local coverage leg — COVERAGE.md known distortion 7 rule (b)
aclcheck	proofs::eq_has_sequence_privilege_id_id	fleet-solved family registration (expected=unmeasured in SUITE.tsv, dark-harness sweep); no local coverage leg — COVERAGE.md known distortion 7 rule (b)
aclcheck	proofs::eq_has_sequence_privilege_id_name	fleet-solved family registration (expected=unmeasured in SUITE.tsv, dark-harness sweep); no local coverage leg — COVERAGE.md known distortion 7 rule (b)
aclcheck	proofs::eq_has_sequence_privilege_name	fleet-solved family registration (expected=unmeasured in SUITE.tsv, dark-harness sweep); no local coverage leg — COVERAGE.md known distortion 7 rule (b)
aclcheck	proofs::eq_has_sequence_privilege_name_id	fleet-solved family registration (expected=unmeasured in SUITE.tsv, dark-harness sweep); no local coverage leg — COVERAGE.md known distortion 7 rule (b)
aclcheck	proofs::eq_has_sequence_privilege_name_name	fleet-solved family registration (expected=unmeasured in SUITE.tsv, dark-harness sweep); no local coverage leg — COVERAGE.md known distortion 7 rule (b)
aclcheck	proofs::eq_has_table_privilege_id	fleet-solved family registration (expected=unmeasured in SUITE.tsv, dark-harness sweep); no local coverage leg — COVERAGE.md known distortion 7 rule (b)
aclcheck	proofs::eq_has_table_privilege_id_name	fleet-solved family registration (expected=unmeasured in SUITE.tsv, dark-harness sweep); no local coverage leg — COVERAGE.md known distortion 7 rule (b)
aclcheck	proofs::eq_has_table_privilege_name	fleet-solved family registration (expected=unmeasured in SUITE.tsv, dark-harness sweep); no local coverage leg — COVERAGE.md known distortion 7 rule (b)
aclcheck	proofs::eq_has_table_privilege_name_name	fleet-solved family registration (expected=unmeasured in SUITE.tsv, dark-harness sweep); no local coverage leg — COVERAGE.md known distortion 7 rule (b)
aclcheck	proofs::probe_system_class_temp_toast	fleet-solved family registration (expected=unmeasured in SUITE.tsv, dark-harness sweep); no local coverage leg — COVERAGE.md known distortion 7 rule (b)
aclcheck	proofs::spot_aclitemin_literals	fleet-solved family registration (expected=unmeasured in SUITE.tsv, dark-harness sweep); no local coverage leg — COVERAGE.md known distortion 7 rule (b)
aclcheck	proofs::spot_aclitemout_numeric	fleet-solved family registration (expected=unmeasured in SUITE.tsv, dark-harness sweep); no local coverage leg — COVERAGE.md known distortion 7 rule (b)
aclcheck	proofs::spot_database_temporary	fleet-solved family registration (expected=unmeasured in SUITE.tsv, dark-harness sweep); no local coverage leg — COVERAGE.md known distortion 7 rule (b)
aclcheck	proofs::spot_schema_usage_wgo	fleet-solved family registration (expected=unmeasured in SUITE.tsv, dark-harness sweep); no local coverage leg — COVERAGE.md known distortion 7 rule (b)
aclcheck	proofs::spot_table_list	fleet-solved family registration (expected=unmeasured in SUITE.tsv, dark-harness sweep); no local coverage leg — COVERAGE.md known distortion 7 rule (b)
aclcheck	proofs::spot_table_references	fleet-solved family registration (expected=unmeasured in SUITE.tsv, dark-harness sweep); no local coverage leg — COVERAGE.md known distortion 7 rule (b)
aclcheck	proofs::spot_table_select_wgo	fleet-solved family registration (expected=unmeasured in SUITE.tsv, dark-harness sweep); no local coverage leg — COVERAGE.md known distortion 7 rule (b)
brin-minmax	proofs::eq_uuid_add_value_nulls	fleet-solved family registration (expected=unmeasured in SUITE.tsv, dark-harness sweep); no local coverage leg — COVERAGE.md known distortion 7 rule (b)
cash	proofs::control_cash_out_lconv_skew	fleet-solved family registration (expected=unmeasured in SUITE.tsv, dark-harness sweep); no local coverage leg — COVERAGE.md known distortion 7 rule (b)
cash	proofs::control_int8_cash_lconv_skew	fleet-solved family registration (expected=unmeasured in SUITE.tsv, dark-harness sweep); no local coverage leg — COVERAGE.md known distortion 7 rule (b)
cash	proofs::eq_cash_div_cash_by_zero	fleet-solved family registration (expected=unmeasured in SUITE.tsv, dark-harness sweep); no local coverage leg — COVERAGE.md known distortion 7 rule (b)
cash	proofs::eq_cash_div_cash_grid	fleet-solved family registration (expected=unmeasured in SUITE.tsv, dark-harness sweep); no local coverage leg — COVERAGE.md known distortion 7 rule (b)
cash	proofs::eq_cash_div_cash_pow2	fleet-solved family registration (expected=unmeasured in SUITE.tsv, dark-harness sweep); no local coverage leg — COVERAGE.md known distortion 7 rule (b)
cash	proofs::eq_cash_div_flt4_grid	fleet-solved family registration (expected=unmeasured in SUITE.tsv, dark-harness sweep); no local coverage leg — COVERAGE.md known distortion 7 rule (b)
cash	proofs::eq_cash_div_flt8_grid	fleet-solved family registration (expected=unmeasured in SUITE.tsv, dark-harness sweep); no local coverage leg — COVERAGE.md known distortion 7 rule (b)
cash	proofs::eq_cash_div_int2_band16	fleet-solved family registration (expected=unmeasured in SUITE.tsv, dark-harness sweep); no local coverage leg — COVERAGE.md known distortion 7 rule (b)
cash	proofs::eq_cash_div_int4_band16	fleet-solved family registration (expected=unmeasured in SUITE.tsv, dark-harness sweep); no local coverage leg — COVERAGE.md known distortion 7 rule (b)
cash	proofs::eq_cash_div_int8_band16	fleet-solved family registration (expected=unmeasured in SUITE.tsv, dark-harness sweep); no local coverage leg — COVERAGE.md known distortion 7 rule (b)
cash	proofs::eq_cash_div_int8_by_neg1	fleet-solved family registration (expected=unmeasured in SUITE.tsv, dark-harness sweep); no local coverage leg — COVERAGE.md known distortion 7 rule (b)
cash	proofs::eq_cash_div_int8_by_zero	fleet-solved family registration (expected=unmeasured in SUITE.tsv, dark-harness sweep); no local coverage leg — COVERAGE.md known distortion 7 rule (b)
cash	proofs::eq_cash_in_len0	fleet-solved family registration (expected=unmeasured in SUITE.tsv, dark-harness sweep); no local coverage leg — COVERAGE.md known distortion 7 rule (b)
cash	proofs::eq_cash_in_len1	fleet-solved family registration (expected=unmeasured in SUITE.tsv, dark-harness sweep); no local coverage leg — COVERAGE.md known distortion 7 rule (b)
cash	proofs::eq_cash_in_len2	fleet-solved family registration (expected=unmeasured in SUITE.tsv, dark-harness sweep); no local coverage leg — COVERAGE.md known distortion 7 rule (b)
cash	proofs::eq_cash_in_len2_fd0	fleet-solved family registration (expected=unmeasured in SUITE.tsv, dark-harness sweep); no local coverage leg — COVERAGE.md known distortion 7 rule (b)
cash	proofs::eq_cash_in_len2_fd1	fleet-solved family registration (expected=unmeasured in SUITE.tsv, dark-harness sweep); no local coverage leg — COVERAGE.md known distortion 7 rule (b)
cash	proofs::eq_cash_in_len2_fd10	fleet-solved family registration (expected=unmeasured in SUITE.tsv, dark-harness sweep); no local coverage leg — COVERAGE.md known distortion 7 rule (b)
cash	proofs::eq_cash_in_len2_fd5	fleet-solved family registration (expected=unmeasured in SUITE.tsv, dark-harness sweep); no local coverage leg — COVERAGE.md known distortion 7 rule (b)
cash	proofs::eq_cash_in_len2_fdbig	fleet-solved family registration (expected=unmeasured in SUITE.tsv, dark-harness sweep); no local coverage leg — COVERAGE.md known distortion 7 rule (b)
cash	proofs::eq_cash_in_len2_fdneg	fleet-solved family registration (expected=unmeasured in SUITE.tsv, dark-harness sweep); no local coverage leg — COVERAGE.md known distortion 7 rule (b)
cash	proofs::eq_cash_in_len3	fleet-solved family registration (expected=unmeasured in SUITE.tsv, dark-harness sweep); no local coverage leg — COVERAGE.md known distortion 7 rule (b)
cash	proofs::eq_cash_in_len4	fleet-solved family registration (expected=unmeasured in SUITE.tsv, dark-harness sweep); no local coverage leg — COVERAGE.md known distortion 7 rule (b)
cash	proofs::eq_cash_in_len5	fleet-solved family registration (expected=unmeasured in SUITE.tsv, dark-harness sweep); no local coverage leg — COVERAGE.md known distortion 7 rule (b)
cash	proofs::eq_cash_in_len6	fleet-solved family registration (expected=unmeasured in SUITE.tsv, dark-harness sweep); no local coverage leg — COVERAGE.md known distortion 7 rule (b)
cash	proofs::eq_cash_mul_flt4_grid	fleet-solved family registration (expected=unmeasured in SUITE.tsv, dark-harness sweep); no local coverage leg — COVERAGE.md known distortion 7 rule (b)
cash	proofs::eq_cash_mul_flt8_c_zero	fleet-solved family registration (expected=unmeasured in SUITE.tsv, dark-harness sweep); no local coverage leg — COVERAGE.md known distortion 7 rule (b)
cash	proofs::eq_cash_mul_flt8_f_zero	fleet-solved family registration (expected=unmeasured in SUITE.tsv, dark-harness sweep); no local coverage leg — COVERAGE.md known distortion 7 rule (b)
cash	proofs::eq_cash_mul_flt8_grid	fleet-solved family registration (expected=unmeasured in SUITE.tsv, dark-harness sweep); no local coverage leg — COVERAGE.md known distortion 7 rule (b)
cash	proofs::eq_cash_mul_int2	fleet-solved family registration (expected=unmeasured in SUITE.tsv, dark-harness sweep); no local coverage leg — COVERAGE.md known distortion 7 rule (b)
cash	proofs::eq_cash_mul_int4	fleet-solved family registration (expected=unmeasured in SUITE.tsv, dark-harness sweep); no local coverage leg — COVERAGE.md known distortion 7 rule (b)
cash	proofs::eq_cash_mul_int8	fleet-solved family registration (expected=unmeasured in SUITE.tsv, dark-harness sweep); no local coverage leg — COVERAGE.md known distortion 7 rule (b)
cash	proofs::eq_cash_out_band1e5_len	fleet-solved family registration (expected=unmeasured in SUITE.tsv, dark-harness sweep); no local coverage leg — COVERAGE.md known distortion 7 rule (b)
cash	proofs::eq_cash_out_fd0	fleet-solved family registration (expected=unmeasured in SUITE.tsv, dark-harness sweep); no local coverage leg — COVERAGE.md known distortion 7 rule (b)
cash	proofs::eq_cash_out_fd1	fleet-solved family registration (expected=unmeasured in SUITE.tsv, dark-harness sweep); no local coverage leg — COVERAGE.md known distortion 7 rule (b)
cash	proofs::eq_cash_out_fd10	fleet-solved family registration (expected=unmeasured in SUITE.tsv, dark-harness sweep); no local coverage leg — COVERAGE.md known distortion 7 rule (b)
cash	proofs::eq_cash_out_fd5	fleet-solved family registration (expected=unmeasured in SUITE.tsv, dark-harness sweep); no local coverage leg — COVERAGE.md known distortion 7 rule (b)
cash	proofs::eq_cash_out_fdbig	fleet-solved family registration (expected=unmeasured in SUITE.tsv, dark-harness sweep); no local coverage leg — COVERAGE.md known distortion 7 rule (b)
cash	proofs::eq_cash_out_fdneg	fleet-solved family registration (expected=unmeasured in SUITE.tsv, dark-harness sweep); no local coverage leg — COVERAGE.md known distortion 7 rule (b)
cash	proofs::eq_cash_out_group1	fleet-solved family registration (expected=unmeasured in SUITE.tsv, dark-harness sweep); no local coverage leg — COVERAGE.md known distortion 7 rule (b)
cash	proofs::eq_cash_out_group6	fleet-solved family registration (expected=unmeasured in SUITE.tsv, dark-harness sweep); no local coverage leg — COVERAGE.md known distortion 7 rule (b)
cash	proofs::eq_cash_out_neg_p0	fleet-solved family registration (expected=unmeasured in SUITE.tsv, dark-harness sweep); no local coverage leg — COVERAGE.md known distortion 7 rule (b)
cash	proofs::eq_cash_out_neg_p1	fleet-solved family registration (expected=unmeasured in SUITE.tsv, dark-harness sweep); no local coverage leg — COVERAGE.md known distortion 7 rule (b)
cash	proofs::eq_cash_out_neg_p2	fleet-solved family registration (expected=unmeasured in SUITE.tsv, dark-harness sweep); no local coverage leg — COVERAGE.md known distortion 7 rule (b)
cash	proofs::eq_cash_out_neg_p3	fleet-solved family registration (expected=unmeasured in SUITE.tsv, dark-harness sweep); no local coverage leg — COVERAGE.md known distortion 7 rule (b)
cash	proofs::eq_cash_out_neg_p4	fleet-solved family registration (expected=unmeasured in SUITE.tsv, dark-harness sweep); no local coverage leg — COVERAGE.md known distortion 7 rule (b)
cash	proofs::eq_cash_out_neg_pdef	fleet-solved family registration (expected=unmeasured in SUITE.tsv, dark-harness sweep); no local coverage leg — COVERAGE.md known distortion 7 rule (b)
cash	proofs::eq_cash_out_pos_p0	fleet-solved family registration (expected=unmeasured in SUITE.tsv, dark-harness sweep); no local coverage leg — COVERAGE.md known distortion 7 rule (b)
cash	proofs::eq_cash_out_pos_p2	fleet-solved family registration (expected=unmeasured in SUITE.tsv, dark-harness sweep); no local coverage leg — COVERAGE.md known distortion 7 rule (b)
cash	proofs::eq_cash_out_pos_p4	fleet-solved family registration (expected=unmeasured in SUITE.tsv, dark-harness sweep); no local coverage leg — COVERAGE.md known distortion 7 rule (b)
cash	proofs::eq_cash_out_spot_max	fleet-solved family registration (expected=unmeasured in SUITE.tsv, dark-harness sweep); no local coverage leg — COVERAGE.md known distortion 7 rule (b)
cash	proofs::eq_cash_out_spot_min	fleet-solved family registration (expected=unmeasured in SUITE.tsv, dark-harness sweep); no local coverage leg — COVERAGE.md known distortion 7 rule (b)
cash	proofs::eq_cash_out_spot_neg1	fleet-solved family registration (expected=unmeasured in SUITE.tsv, dark-harness sweep); no local coverage leg — COVERAGE.md known distortion 7 rule (b)
cash	proofs::eq_cash_out_spot_zero	fleet-solved family registration (expected=unmeasured in SUITE.tsv, dark-harness sweep); no local coverage leg — COVERAGE.md known distortion 7 rule (b)
cash	proofs::eq_cash_recv	fleet-solved family registration (expected=unmeasured in SUITE.tsv, dark-harness sweep); no local coverage leg — COVERAGE.md known distortion 7 rule (b)
cash	proofs::eq_cash_recv_short	fleet-solved family registration (expected=unmeasured in SUITE.tsv, dark-harness sweep); no local coverage leg — COVERAGE.md known distortion 7 rule (b)
cash	proofs::eq_cash_send	fleet-solved family registration (expected=unmeasured in SUITE.tsv, dark-harness sweep); no local coverage leg — COVERAGE.md known distortion 7 rule (b)
cash	proofs::eq_cash_words_spot_groups	fleet-solved family registration (expected=unmeasured in SUITE.tsv, dark-harness sweep); no local coverage leg — COVERAGE.md known distortion 7 rule (b)
cash	proofs::eq_cash_words_spot_max	fleet-solved family registration (expected=unmeasured in SUITE.tsv, dark-harness sweep); no local coverage leg — COVERAGE.md known distortion 7 rule (b)
cash	proofs::eq_cash_words_spot_min	fleet-solved family registration (expected=unmeasured in SUITE.tsv, dark-harness sweep); no local coverage leg — COVERAGE.md known distortion 7 rule (b)
cash	proofs::eq_cash_words_spot_neg	fleet-solved family registration (expected=unmeasured in SUITE.tsv, dark-harness sweep); no local coverage leg — COVERAGE.md known distortion 7 rule (b)
cash	proofs::eq_cash_words_spot_one_cent	fleet-solved family registration (expected=unmeasured in SUITE.tsv, dark-harness sweep); no local coverage leg — COVERAGE.md known distortion 7 rule (b)
cash	proofs::eq_cash_words_spot_one_dollar	fleet-solved family registration (expected=unmeasured in SUITE.tsv, dark-harness sweep); no local coverage leg — COVERAGE.md known distortion 7 rule (b)
cash	proofs::eq_cash_words_spot_teens	fleet-solved family registration (expected=unmeasured in SUITE.tsv, dark-harness sweep); no local coverage leg — COVERAGE.md known distortion 7 rule (b)
cash	proofs::eq_cash_words_spot_zero	fleet-solved family registration (expected=unmeasured in SUITE.tsv, dark-harness sweep); no local coverage leg — COVERAGE.md known distortion 7 rule (b)
cash	proofs::eq_flt4_mul_cash_grid	fleet-solved family registration (expected=unmeasured in SUITE.tsv, dark-harness sweep); no local coverage leg — COVERAGE.md known distortion 7 rule (b)
cash	proofs::eq_flt8_mul_cash_grid	fleet-solved family registration (expected=unmeasured in SUITE.tsv, dark-harness sweep); no local coverage leg — COVERAGE.md known distortion 7 rule (b)
cash	proofs::eq_int2_mul_cash	fleet-solved family registration (expected=unmeasured in SUITE.tsv, dark-harness sweep); no local coverage leg — COVERAGE.md known distortion 7 rule (b)
cash	proofs::eq_int4_cash_fd0	fleet-solved family registration (expected=unmeasured in SUITE.tsv, dark-harness sweep); no local coverage leg — COVERAGE.md known distortion 7 rule (b)
cash	proofs::eq_int4_cash_fd1	fleet-solved family registration (expected=unmeasured in SUITE.tsv, dark-harness sweep); no local coverage leg — COVERAGE.md known distortion 7 rule (b)
cash	proofs::eq_int4_cash_fd10	fleet-solved family registration (expected=unmeasured in SUITE.tsv, dark-harness sweep); no local coverage leg — COVERAGE.md known distortion 7 rule (b)
cash	proofs::eq_int4_cash_fd2	fleet-solved family registration (expected=unmeasured in SUITE.tsv, dark-harness sweep); no local coverage leg — COVERAGE.md known distortion 7 rule (b)
cash	proofs::eq_int4_cash_fd3	fleet-solved family registration (expected=unmeasured in SUITE.tsv, dark-harness sweep); no local coverage leg — COVERAGE.md known distortion 7 rule (b)
cash	proofs::eq_int4_cash_fd4	fleet-solved family registration (expected=unmeasured in SUITE.tsv, dark-harness sweep); no local coverage leg — COVERAGE.md known distortion 7 rule (b)
cash	proofs::eq_int4_cash_fd5	fleet-solved family registration (expected=unmeasured in SUITE.tsv, dark-harness sweep); no local coverage leg — COVERAGE.md known distortion 7 rule (b)
cash	proofs::eq_int4_cash_fd6	fleet-solved family registration (expected=unmeasured in SUITE.tsv, dark-harness sweep); no local coverage leg — COVERAGE.md known distortion 7 rule (b)
cash	proofs::eq_int4_cash_fd7	fleet-solved family registration (expected=unmeasured in SUITE.tsv, dark-harness sweep); no local coverage leg — COVERAGE.md known distortion 7 rule (b)
cash	proofs::eq_int4_cash_fd8	fleet-solved family registration (expected=unmeasured in SUITE.tsv, dark-harness sweep); no local coverage leg — COVERAGE.md known distortion 7 rule (b)
cash	proofs::eq_int4_cash_fd9	fleet-solved family registration (expected=unmeasured in SUITE.tsv, dark-harness sweep); no local coverage leg — COVERAGE.md known distortion 7 rule (b)
cash	proofs::eq_int4_cash_fdbig	fleet-solved family registration (expected=unmeasured in SUITE.tsv, dark-harness sweep); no local coverage leg — COVERAGE.md known distortion 7 rule (b)
cash	proofs::eq_int4_cash_fdneg	fleet-solved family registration (expected=unmeasured in SUITE.tsv, dark-harness sweep); no local coverage leg — COVERAGE.md known distortion 7 rule (b)
cash	proofs::eq_int4_mul_cash	fleet-solved family registration (expected=unmeasured in SUITE.tsv, dark-harness sweep); no local coverage leg — COVERAGE.md known distortion 7 rule (b)
cash	proofs::eq_int8_cash_fd0	fleet-solved family registration (expected=unmeasured in SUITE.tsv, dark-harness sweep); no local coverage leg — COVERAGE.md known distortion 7 rule (b)
cash	proofs::eq_int8_cash_fd1	fleet-solved family registration (expected=unmeasured in SUITE.tsv, dark-harness sweep); no local coverage leg — COVERAGE.md known distortion 7 rule (b)
cash	proofs::eq_int8_cash_fd10	fleet-solved family registration (expected=unmeasured in SUITE.tsv, dark-harness sweep); no local coverage leg — COVERAGE.md known distortion 7 rule (b)
cash	proofs::eq_int8_cash_fd2	fleet-solved family registration (expected=unmeasured in SUITE.tsv, dark-harness sweep); no local coverage leg — COVERAGE.md known distortion 7 rule (b)
cash	proofs::eq_int8_cash_fd3	fleet-solved family registration (expected=unmeasured in SUITE.tsv, dark-harness sweep); no local coverage leg — COVERAGE.md known distortion 7 rule (b)
cash	proofs::eq_int8_cash_fd4	fleet-solved family registration (expected=unmeasured in SUITE.tsv, dark-harness sweep); no local coverage leg — COVERAGE.md known distortion 7 rule (b)
cash	proofs::eq_int8_cash_fd5	fleet-solved family registration (expected=unmeasured in SUITE.tsv, dark-harness sweep); no local coverage leg — COVERAGE.md known distortion 7 rule (b)
cash	proofs::eq_int8_cash_fd6	fleet-solved family registration (expected=unmeasured in SUITE.tsv, dark-harness sweep); no local coverage leg — COVERAGE.md known distortion 7 rule (b)
cash	proofs::eq_int8_cash_fd7	fleet-solved family registration (expected=unmeasured in SUITE.tsv, dark-harness sweep); no local coverage leg — COVERAGE.md known distortion 7 rule (b)
cash	proofs::eq_int8_cash_fd8	fleet-solved family registration (expected=unmeasured in SUITE.tsv, dark-harness sweep); no local coverage leg — COVERAGE.md known distortion 7 rule (b)
cash	proofs::eq_int8_cash_fd9	fleet-solved family registration (expected=unmeasured in SUITE.tsv, dark-harness sweep); no local coverage leg — COVERAGE.md known distortion 7 rule (b)
cash	proofs::eq_int8_cash_fdbig	fleet-solved family registration (expected=unmeasured in SUITE.tsv, dark-harness sweep); no local coverage leg — COVERAGE.md known distortion 7 rule (b)
cash	proofs::eq_int8_cash_fdneg	fleet-solved family registration (expected=unmeasured in SUITE.tsv, dark-harness sweep); no local coverage leg — COVERAGE.md known distortion 7 rule (b)
cash	proofs::eq_int8_mul_cash	fleet-solved family registration (expected=unmeasured in SUITE.tsv, dark-harness sweep); no local coverage leg — COVERAGE.md known distortion 7 rule (b)
cash	proofs::int_cash_fd_cells_cover	fleet-solved family registration (expected=unmeasured in SUITE.tsv, dark-harness sweep); no local coverage leg — COVERAGE.md known distortion 7 rule (b)
cash	proofs::rust_panics_cash_div_min_by_neg1	fleet-solved family registration (expected=unmeasured in SUITE.tsv, dark-harness sweep); no local coverage leg — COVERAGE.md known distortion 7 rule (b)
datetime-b	proofs::control_interval_avg_serialize_swap	fleet-solved family registration (expected=unmeasured in SUITE.tsv, dark-harness sweep); no local coverage leg — COVERAGE.md known distortion 7 rule (b)
datetime-b	proofs::control_make_date_day_skew	fleet-solved family registration (expected=unmeasured in SUITE.tsv, dark-harness sweep); no local coverage leg — COVERAGE.md known distortion 7 rule (b)
datetime-b	proofs::control_time_scale_typmod_skew	fleet-solved family registration (expected=unmeasured in SUITE.tsv, dark-harness sweep); no local coverage leg — COVERAGE.md known distortion 7 rule (b)
datetime-b	proofs::cover_make_date_year_bands	fleet-solved family registration (expected=unmeasured in SUITE.tsv, dark-harness sweep); no local coverage leg — COVERAGE.md known distortion 7 rule (b)
datetime-b	proofs::eq_interval_avg_accum_inv_core	fleet-solved family registration (expected=unmeasured in SUITE.tsv, dark-harness sweep); no local coverage leg — COVERAGE.md known distortion 7 rule (b)
datetime-b	proofs::eq_interval_avg_combine_core	fleet-solved family registration (expected=unmeasured in SUITE.tsv, dark-harness sweep); no local coverage leg — COVERAGE.md known distortion 7 rule (b)
datetime-b	proofs::eq_interval_avg_deserialize_fc	fleet-solved family registration (expected=unmeasured in SUITE.tsv, dark-harness sweep); no local coverage leg — COVERAGE.md known distortion 7 rule (b)
datetime-b	proofs::eq_interval_avg_serialize_fc	fleet-solved family registration (expected=unmeasured in SUITE.tsv, dark-harness sweep); no local coverage leg — COVERAGE.md known distortion 7 rule (b)
datetime-b	proofs::eq_interval_sum_fc	fleet-solved family registration (expected=unmeasured in SUITE.tsv, dark-harness sweep); no local coverage leg — COVERAGE.md known distortion 7 rule (b)
datetime-b	proofs::eq_make_date_ad_band	fleet-solved family registration (expected=unmeasured in SUITE.tsv, dark-harness sweep); no local coverage leg — COVERAGE.md known distortion 7 rule (b)
datetime-b	proofs::eq_make_date_bc_band	fleet-solved family registration (expected=unmeasured in SUITE.tsv, dark-harness sweep); no local coverage leg — COVERAGE.md known distortion 7 rule (b)
datetime-b	proofs::eq_make_date_full	fleet-solved family registration (expected=unmeasured in SUITE.tsv, dark-harness sweep); no local coverage leg — COVERAGE.md known distortion 7 rule (b)
datetime-b	proofs::eq_make_time_secgrid	fleet-solved family registration (expected=unmeasured in SUITE.tsv, dark-harness sweep); no local coverage leg — COVERAGE.md known distortion 7 rule (b)
datetime-b	proofs::eq_make_timestamp_ad_band	fleet-solved family registration (expected=unmeasured in SUITE.tsv, dark-harness sweep); no local coverage leg — COVERAGE.md known distortion 7 rule (b)
datetime-b	proofs::eq_make_timestamp_bc_band	fleet-solved family registration (expected=unmeasured in SUITE.tsv, dark-harness sweep); no local coverage leg — COVERAGE.md known distortion 7 rule (b)
datetime-b	proofs::eq_time_scale_p6	fleet-solved family registration (expected=unmeasured in SUITE.tsv, dark-harness sweep); no local coverage leg — COVERAGE.md known distortion 7 rule (b)
datetime-b	proofs::eq_time_scale_typmod_neg	fleet-solved family registration (expected=unmeasured in SUITE.tsv, dark-harness sweep); no local coverage leg — COVERAGE.md known distortion 7 rule (b)
datetime-b	proofs::eq_time_scale_typmod_over	fleet-solved family registration (expected=unmeasured in SUITE.tsv, dark-harness sweep); no local coverage leg — COVERAGE.md known distortion 7 rule (b)
datetime-b	proofs::eq_timetz_part_tz	fleet-solved family registration (expected=unmeasured in SUITE.tsv, dark-harness sweep); no local coverage leg — COVERAGE.md known distortion 7 rule (b)
datetime-b	proofs::eq_timetz_part_tz_hour	fleet-solved family registration (expected=unmeasured in SUITE.tsv, dark-harness sweep); no local coverage leg — COVERAGE.md known distortion 7 rule (b)
datetime-b	proofs::eq_timetz_part_tz_minute	fleet-solved family registration (expected=unmeasured in SUITE.tsv, dark-harness sweep); no local coverage leg — COVERAGE.md known distortion 7 rule (b)
datetime-b	proofs::eq_timetz_scale_typmod_neg	fleet-solved family registration (expected=unmeasured in SUITE.tsv, dark-harness sweep); no local coverage leg — COVERAGE.md known distortion 7 rule (b)
datetime-b	proofs::spot_make_date	fleet-solved family registration (expected=unmeasured in SUITE.tsv, dark-harness sweep); no local coverage leg — COVERAGE.md known distortion 7 rule (b)
datetime-b	proofs::spot_make_timestamp	fleet-solved family registration (expected=unmeasured in SUITE.tsv, dark-harness sweep); no local coverage leg — COVERAGE.md known distortion 7 rule (b)
datetime-b	proofs::spot_time_scale	fleet-solved family registration (expected=unmeasured in SUITE.tsv, dark-harness sweep); no local coverage leg — COVERAGE.md known distortion 7 rule (b)
datetime-b	proofs::spot_timetz_part_tz_time_nonzero	fleet-solved family registration (expected=unmeasured in SUITE.tsv, dark-harness sweep); no local coverage leg — COVERAGE.md known distortion 7 rule (b)
datetime-b	proofs::spot_timetz_scale	fleet-solved family registration (expected=unmeasured in SUITE.tsv, dark-harness sweep); no local coverage leg — COVERAGE.md known distortion 7 rule (b)
datetime-b	proofs::witness_interval_avg_deserialize_trailing	fleet-solved family registration (expected=unmeasured in SUITE.tsv, dark-harness sweep); no local coverage leg — COVERAGE.md known distortion 7 rule (b)
datetime-b	rem::control_date_send_skew	fleet-solved family registration (expected=unmeasured in SUITE.tsv, dark-harness sweep); no local coverage leg — COVERAGE.md known distortion 7 rule (b)
datetime-b	rem::control_overlaps_time_swap_skew	fleet-solved family registration (expected=unmeasured in SUITE.tsv, dark-harness sweep); no local coverage leg — COVERAGE.md known distortion 7 rule (b)
datetime-b	rem::eq_date_finite	fleet-solved family registration (expected=unmeasured in SUITE.tsv, dark-harness sweep); no local coverage leg — COVERAGE.md known distortion 7 rule (b)
datetime-b	rem::eq_date_mi	fleet-solved family registration (expected=unmeasured in SUITE.tsv, dark-harness sweep); no local coverage leg — COVERAGE.md known distortion 7 rule (b)
datetime-b	rem::eq_date_recv	fleet-solved family registration (expected=unmeasured in SUITE.tsv, dark-harness sweep); no local coverage leg — COVERAGE.md known distortion 7 rule (b)
datetime-b	rem::eq_date_send	fleet-solved family registration (expected=unmeasured in SUITE.tsv, dark-harness sweep); no local coverage leg — COVERAGE.md known distortion 7 rule (b)
datetime-b	rem::eq_date_timestamp	fleet-solved family registration (expected=unmeasured in SUITE.tsv, dark-harness sweep); no local coverage leg — COVERAGE.md known distortion 7 rule (b)
datetime-b	rem::eq_datetime_timestamp	fleet-solved family registration (expected=unmeasured in SUITE.tsv, dark-harness sweep); no local coverage leg — COVERAGE.md known distortion 7 rule (b)
datetime-b	rem::eq_datetimetz_timestamptz	fleet-solved family registration (expected=unmeasured in SUITE.tsv, dark-harness sweep); no local coverage leg — COVERAGE.md known distortion 7 rule (b)
datetime-b	rem::eq_hashdate	fleet-solved family registration (expected=unmeasured in SUITE.tsv, dark-harness sweep); no local coverage leg — COVERAGE.md known distortion 7 rule (b)
datetime-b	rem::eq_hashdate_extended	fleet-solved family registration (expected=unmeasured in SUITE.tsv, dark-harness sweep); no local coverage leg — COVERAGE.md known distortion 7 rule (b)
datetime-b	rem::eq_in_range_date_interval_m0d0	fleet-solved family registration (expected=unmeasured in SUITE.tsv, dark-harness sweep); no local coverage leg — COVERAGE.md known distortion 7 rule (b)
datetime-b	rem::eq_in_range_date_interval_noend	fleet-solved family registration (expected=unmeasured in SUITE.tsv, dark-harness sweep); no local coverage leg — COVERAGE.md known distortion 7 rule (b)
datetime-b	rem::eq_in_range_time_interval	fleet-solved family registration (expected=unmeasured in SUITE.tsv, dark-harness sweep); no local coverage leg — COVERAGE.md known distortion 7 rule (b)
datetime-b	rem::eq_in_range_timetz_interval	fleet-solved family registration (expected=unmeasured in SUITE.tsv, dark-harness sweep); no local coverage leg — COVERAGE.md known distortion 7 rule (b)
datetime-b	rem::eq_interval_finite	fleet-solved family registration (expected=unmeasured in SUITE.tsv, dark-harness sweep); no local coverage leg — COVERAGE.md known distortion 7 rule (b)
datetime-b	rem::eq_interval_hash_band	fleet-solved family registration (expected=unmeasured in SUITE.tsv, dark-harness sweep); no local coverage leg — COVERAGE.md known distortion 7 rule (b)
datetime-b	rem::eq_interval_hash_ext_m0d0	fleet-solved family registration (expected=unmeasured in SUITE.tsv, dark-harness sweep); no local coverage leg — COVERAGE.md known distortion 7 rule (b)
datetime-b	rem::eq_interval_hash_m0d0	fleet-solved family registration (expected=unmeasured in SUITE.tsv, dark-harness sweep); no local coverage leg — COVERAGE.md known distortion 7 rule (b)
datetime-b	rem::eq_interval_recv_typmod_neg	fleet-solved family registration (expected=unmeasured in SUITE.tsv, dark-harness sweep); no local coverage leg — COVERAGE.md known distortion 7 rule (b)
datetime-b	rem::eq_interval_scale_typmod_neg	fleet-solved family registration (expected=unmeasured in SUITE.tsv, dark-harness sweep); no local coverage leg — COVERAGE.md known distortion 7 rule (b)
datetime-b	rem::eq_interval_send	fleet-solved family registration (expected=unmeasured in SUITE.tsv, dark-harness sweep); no local coverage leg — COVERAGE.md known distortion 7 rule (b)
datetime-b	rem::eq_interval_time_err_plane	fleet-solved family registration (expected=unmeasured in SUITE.tsv, dark-harness sweep); no local coverage leg — COVERAGE.md known distortion 7 rule (b)
datetime-b	rem::eq_interval_time_screen	fleet-solved family registration (expected=unmeasured in SUITE.tsv, dark-harness sweep); no local coverage leg — COVERAGE.md known distortion 7 rule (b)
datetime-b	rem::eq_overlaps_time	fleet-solved family registration (expected=unmeasured in SUITE.tsv, dark-harness sweep); no local coverage leg — COVERAGE.md known distortion 7 rule (b)
datetime-b	rem::eq_overlaps_timetz	fleet-solved family registration (expected=unmeasured in SUITE.tsv, dark-harness sweep); no local coverage leg — COVERAGE.md known distortion 7 rule (b)
datetime-b	rem::eq_time_hash	fleet-solved family registration (expected=unmeasured in SUITE.tsv, dark-harness sweep); no local coverage leg — COVERAGE.md known distortion 7 rule (b)
datetime-b	rem::eq_time_hash_extended	fleet-solved family registration (expected=unmeasured in SUITE.tsv, dark-harness sweep); no local coverage leg — COVERAGE.md known distortion 7 rule (b)
datetime-b	rem::eq_time_interval	fleet-solved family registration (expected=unmeasured in SUITE.tsv, dark-harness sweep); no local coverage leg — COVERAGE.md known distortion 7 rule (b)
datetime-b	rem::eq_time_mi_time	fleet-solved family registration (expected=unmeasured in SUITE.tsv, dark-harness sweep); no local coverage leg — COVERAGE.md known distortion 7 rule (b)
datetime-b	rem::eq_time_recv_typmod_neg	fleet-solved family registration (expected=unmeasured in SUITE.tsv, dark-harness sweep); no local coverage leg — COVERAGE.md known distortion 7 rule (b)
datetime-b	rem::eq_time_send	fleet-solved family registration (expected=unmeasured in SUITE.tsv, dark-harness sweep); no local coverage leg — COVERAGE.md known distortion 7 rule (b)
datetime-b	rem::eq_timetypmodin_check	fleet-solved family registration (expected=unmeasured in SUITE.tsv, dark-harness sweep); no local coverage leg — COVERAGE.md known distortion 7 rule (b)
datetime-b	rem::eq_timetypmodout_d1	fleet-solved family registration (expected=unmeasured in SUITE.tsv, dark-harness sweep); no local coverage leg — COVERAGE.md known distortion 7 rule (b)
datetime-b	rem::eq_timetypmodout_d2	fleet-solved family registration (expected=unmeasured in SUITE.tsv, dark-harness sweep); no local coverage leg — COVERAGE.md known distortion 7 rule (b)
datetime-b	rem::eq_timetypmodout_d3	fleet-solved family registration (expected=unmeasured in SUITE.tsv, dark-harness sweep); no local coverage leg — COVERAGE.md known distortion 7 rule (b)
datetime-b	rem::eq_timetypmodout_neg	fleet-solved family registration (expected=unmeasured in SUITE.tsv, dark-harness sweep); no local coverage leg — COVERAGE.md known distortion 7 rule (b)
datetime-b	rem::eq_timetz_hash	fleet-solved family registration (expected=unmeasured in SUITE.tsv, dark-harness sweep); no local coverage leg — COVERAGE.md known distortion 7 rule (b)
datetime-b	rem::eq_timetz_hash_extended	fleet-solved family registration (expected=unmeasured in SUITE.tsv, dark-harness sweep); no local coverage leg — COVERAGE.md known distortion 7 rule (b)
datetime-b	rem::eq_timetz_izone_cells	fleet-solved family registration (expected=unmeasured in SUITE.tsv, dark-harness sweep); no local coverage leg — COVERAGE.md known distortion 7 rule (b)
datetime-b	rem::eq_timetz_izone_err_planes	fleet-solved family registration (expected=unmeasured in SUITE.tsv, dark-harness sweep); no local coverage leg — COVERAGE.md known distortion 7 rule (b)
datetime-b	rem::eq_timetz_recv_typmod_neg	fleet-solved family registration (expected=unmeasured in SUITE.tsv, dark-harness sweep); no local coverage leg — COVERAGE.md known distortion 7 rule (b)
datetime-b	rem::eq_timetz_send	fleet-solved family registration (expected=unmeasured in SUITE.tsv, dark-harness sweep); no local coverage leg — COVERAGE.md known distortion 7 rule (b)
datetime-b	rem::eq_timetz_time	fleet-solved family registration (expected=unmeasured in SUITE.tsv, dark-harness sweep); no local coverage leg — COVERAGE.md known distortion 7 rule (b)
datetime-b	rem::eq_timetztypmodin_check	fleet-solved family registration (expected=unmeasured in SUITE.tsv, dark-harness sweep); no local coverage leg — COVERAGE.md known distortion 7 rule (b)
datetime-b	rem::eq_timetztypmodout_d1	fleet-solved family registration (expected=unmeasured in SUITE.tsv, dark-harness sweep); no local coverage leg — COVERAGE.md known distortion 7 rule (b)
datetime-b	rem::eq_timetztypmodout_neg	fleet-solved family registration (expected=unmeasured in SUITE.tsv, dark-harness sweep); no local coverage leg — COVERAGE.md known distortion 7 rule (b)
datetime-b	rem::spot_interval_scale	fleet-solved family registration (expected=unmeasured in SUITE.tsv, dark-harness sweep); no local coverage leg — COVERAGE.md known distortion 7 rule (b)
datetime-b	rem::spot_interval_time	fleet-solved family registration (expected=unmeasured in SUITE.tsv, dark-harness sweep); no local coverage leg — COVERAGE.md known distortion 7 rule (b)
datetime-b	rem::spot_typmodout	fleet-solved family registration (expected=unmeasured in SUITE.tsv, dark-harness sweep); no local coverage leg — COVERAGE.md known distortion 7 rule (b)
datetime-cmp	arith_proofs::eq_interval_justify_hours	fleet-solved family registration (expected=unmeasured in SUITE.tsv, dark-harness sweep); no local coverage leg — COVERAGE.md known distortion 7 rule (b)
datetime-cmp	arith_proofs::eq_interval_justify_interval	fleet-solved family registration (expected=unmeasured in SUITE.tsv, dark-harness sweep); no local coverage leg — COVERAGE.md known distortion 7 rule (b)
datetime-cmp	arith_proofs::eq_time_mi_interval	fleet-solved family registration (expected=unmeasured in SUITE.tsv, dark-harness sweep); no local coverage leg — COVERAGE.md known distortion 7 rule (b)
datetime-cmp	arith_proofs::eq_time_pl_interval	fleet-solved family registration (expected=unmeasured in SUITE.tsv, dark-harness sweep); no local coverage leg — COVERAGE.md known distortion 7 rule (b)
datetime-cmp	arith_proofs::eq_timestamp_mi	fleet-solved family registration (expected=unmeasured in SUITE.tsv, dark-harness sweep); no local coverage leg — COVERAGE.md known distortion 7 rule (b)
datetime-cmp	arith_proofs::eq_timetz_mi_interval	fleet-solved family registration (expected=unmeasured in SUITE.tsv, dark-harness sweep); no local coverage leg — COVERAGE.md known distortion 7 rule (b)
datetime-cmp	arith_proofs::eq_timetz_pl_interval	fleet-solved family registration (expected=unmeasured in SUITE.tsv, dark-harness sweep); no local coverage leg — COVERAGE.md known distortion 7 rule (b)
float-agg	proofs::control_var_samp_vs_c_var_pop	fleet-solved family registration (expected=unmeasured in SUITE.tsv, dark-harness sweep); no local coverage leg — COVERAGE.md known distortion 7 rule (b)
float-agg	proofs::eq_check_float8_array_t3	fleet-solved family registration (expected=unmeasured in SUITE.tsv, dark-harness sweep); no local coverage leg — COVERAGE.md known distortion 7 rule (b)
float-agg	proofs::eq_check_float8_array_t6	fleet-solved family registration (expected=unmeasured in SUITE.tsv, dark-harness sweep); no local coverage leg — COVERAGE.md known distortion 7 rule (b)
float-agg	proofs::eq_finals_nullity_t3	fleet-solved family registration (expected=unmeasured in SUITE.tsv, dark-harness sweep); no local coverage leg — COVERAGE.md known distortion 7 rule (b)
float-agg	proofs::eq_finals_nullity_t6	fleet-solved family registration (expected=unmeasured in SUITE.tsv, dark-harness sweep); no local coverage leg — COVERAGE.md known distortion 7 rule (b)
float-agg	proofs::eq_regr_r2_horizontal	fleet-solved family registration (expected=unmeasured in SUITE.tsv, dark-harness sweep); no local coverage leg — COVERAGE.md known distortion 7 rule (b)
float-agg	proofs::eq_regr_sxx	fleet-solved family registration (expected=unmeasured in SUITE.tsv, dark-harness sweep); no local coverage leg — COVERAGE.md known distortion 7 rule (b)
float-agg	proofs::eq_regr_sxy	fleet-solved family registration (expected=unmeasured in SUITE.tsv, dark-harness sweep); no local coverage leg — COVERAGE.md known distortion 7 rule (b)
float-agg	proofs::eq_regr_syy	fleet-solved family registration (expected=unmeasured in SUITE.tsv, dark-harness sweep); no local coverage leg — COVERAGE.md known distortion 7 rule (b)
float-agg	proofs::grid_avg	fleet-solved family registration (expected=unmeasured in SUITE.tsv, dark-harness sweep); no local coverage leg — COVERAGE.md known distortion 7 rule (b)
float-agg	proofs::grid_corr	fleet-solved family registration (expected=unmeasured in SUITE.tsv, dark-harness sweep); no local coverage leg — COVERAGE.md known distortion 7 rule (b)
float-agg	proofs::grid_covar_pop	fleet-solved family registration (expected=unmeasured in SUITE.tsv, dark-harness sweep); no local coverage leg — COVERAGE.md known distortion 7 rule (b)
float-agg	proofs::grid_covar_samp	fleet-solved family registration (expected=unmeasured in SUITE.tsv, dark-harness sweep); no local coverage leg — COVERAGE.md known distortion 7 rule (b)
float-agg	proofs::grid_regr_avgx	fleet-solved family registration (expected=unmeasured in SUITE.tsv, dark-harness sweep); no local coverage leg — COVERAGE.md known distortion 7 rule (b)
float-agg	proofs::grid_regr_avgy	fleet-solved family registration (expected=unmeasured in SUITE.tsv, dark-harness sweep); no local coverage leg — COVERAGE.md known distortion 7 rule (b)
float-agg	proofs::grid_regr_intercept	fleet-solved family registration (expected=unmeasured in SUITE.tsv, dark-harness sweep); no local coverage leg — COVERAGE.md known distortion 7 rule (b)
float-agg	proofs::grid_regr_r2	fleet-solved family registration (expected=unmeasured in SUITE.tsv, dark-harness sweep); no local coverage leg — COVERAGE.md known distortion 7 rule (b)
float-agg	proofs::grid_regr_slope	fleet-solved family registration (expected=unmeasured in SUITE.tsv, dark-harness sweep); no local coverage leg — COVERAGE.md known distortion 7 rule (b)
float-agg	proofs::grid_stddev_pop	fleet-solved family registration (expected=unmeasured in SUITE.tsv, dark-harness sweep); no local coverage leg — COVERAGE.md known distortion 7 rule (b)
float-agg	proofs::grid_stddev_samp	fleet-solved family registration (expected=unmeasured in SUITE.tsv, dark-harness sweep); no local coverage leg — COVERAGE.md known distortion 7 rule (b)
float-agg	proofs::grid_var_pop	fleet-solved family registration (expected=unmeasured in SUITE.tsv, dark-harness sweep); no local coverage leg — COVERAGE.md known distortion 7 rule (b)
float-agg	proofs::grid_var_samp	fleet-solved family registration (expected=unmeasured in SUITE.tsv, dark-harness sweep); no local coverage leg — COVERAGE.md known distortion 7 rule (b)
float-agg	proofs::plane_float4_accum_first	fleet-solved family registration (expected=unmeasured in SUITE.tsv, dark-harness sweep); no local coverage leg — COVERAGE.md known distortion 7 rule (b)
float-agg	proofs::plane_float8_accum_first	fleet-solved family registration (expected=unmeasured in SUITE.tsv, dark-harness sweep); no local coverage leg — COVERAGE.md known distortion 7 rule (b)
float-agg	proofs::plane_float8_combine_n1zero	fleet-solved family registration (expected=unmeasured in SUITE.tsv, dark-harness sweep); no local coverage leg — COVERAGE.md known distortion 7 rule (b)
float-agg	proofs::plane_float8_combine_n2zero	fleet-solved family registration (expected=unmeasured in SUITE.tsv, dark-harness sweep); no local coverage leg — COVERAGE.md known distortion 7 rule (b)
float-agg	proofs::plane_regr_accum_first	fleet-solved family registration (expected=unmeasured in SUITE.tsv, dark-harness sweep); no local coverage leg — COVERAGE.md known distortion 7 rule (b)
float-agg	proofs::plane_regr_combine_n1zero	fleet-solved family registration (expected=unmeasured in SUITE.tsv, dark-harness sweep); no local coverage leg — COVERAGE.md known distortion 7 rule (b)
float-agg	proofs::plane_regr_combine_n2zero	fleet-solved family registration (expected=unmeasured in SUITE.tsv, dark-harness sweep); no local coverage leg — COVERAGE.md known distortion 7 rule (b)
float-agg	proofs::probe_det_sqrt_model_determinism	fleet-solved family registration (expected=unmeasured in SUITE.tsv, dark-harness sweep); no local coverage leg — COVERAGE.md known distortion 7 rule (b)
float-agg	proofs::probe_sqrt_self_determinism	fleet-solved family registration (expected=unmeasured in SUITE.tsv, dark-harness sweep); no local coverage leg — COVERAGE.md known distortion 7 rule (b)
float-arith	proofs::control_dtrunc_vs_c_round	fleet-solved family registration (expected=unmeasured in SUITE.tsv, dark-harness sweep); no local coverage leg — COVERAGE.md known distortion 7 rule (b)
float-arith	proofs::control_float8send_vs_c_float4send	fleet-solved family registration (expected=unmeasured in SUITE.tsv, dark-harness sweep); no local coverage leg — COVERAGE.md known distortion 7 rule (b)
float-arith	proofs::control_in_range_f8_vs_noreject	fleet-solved family registration (expected=unmeasured in SUITE.tsv, dark-harness sweep); no local coverage leg — COVERAGE.md known distortion 7 rule (b)
float-arith	proofs::dsqrt_bisect_grid	fleet-solved family registration (expected=unmeasured in SUITE.tsv, dark-harness sweep); no local coverage leg — COVERAGE.md known distortion 7 rule (b)
float-arith	proofs::eq_dceil	fleet-solved family registration (expected=unmeasured in SUITE.tsv, dark-harness sweep); no local coverage leg — COVERAGE.md known distortion 7 rule (b)
float-arith	proofs::eq_dfloor	fleet-solved family registration (expected=unmeasured in SUITE.tsv, dark-harness sweep); no local coverage leg — COVERAGE.md known distortion 7 rule (b)
float-arith	proofs::eq_dround	fleet-solved family registration (expected=unmeasured in SUITE.tsv, dark-harness sweep); no local coverage leg — COVERAGE.md known distortion 7 rule (b)
float-arith	proofs::eq_dsign	fleet-solved family registration (expected=unmeasured in SUITE.tsv, dark-harness sweep); no local coverage leg — COVERAGE.md known distortion 7 rule (b)
float-arith	proofs::eq_dsqrt	fleet-solved family registration (expected=unmeasured in SUITE.tsv, dark-harness sweep); no local coverage leg — COVERAGE.md known distortion 7 rule (b)
float-arith	proofs::eq_dtrunc	fleet-solved family registration (expected=unmeasured in SUITE.tsv, dark-harness sweep); no local coverage leg — COVERAGE.md known distortion 7 rule (b)
float-arith	proofs::eq_float4send	fleet-solved family registration (expected=unmeasured in SUITE.tsv, dark-harness sweep); no local coverage leg — COVERAGE.md known distortion 7 rule (b)
float-arith	proofs::eq_float8send	fleet-solved family registration (expected=unmeasured in SUITE.tsv, dark-harness sweep); no local coverage leg — COVERAGE.md known distortion 7 rule (b)
float-arith	proofs::eq_in_range_float4_float8	fleet-solved family registration (expected=unmeasured in SUITE.tsv, dark-harness sweep); no local coverage leg — COVERAGE.md known distortion 7 rule (b)
float-arith	proofs::eq_in_range_float8_float8	fleet-solved family registration (expected=unmeasured in SUITE.tsv, dark-harness sweep); no local coverage leg — COVERAGE.md known distortion 7 rule (b)
float-arith	proofs::eq_width_bucket_reject	fleet-solved family registration (expected=unmeasured in SUITE.tsv, dark-harness sweep); no local coverage leg — COVERAGE.md known distortion 7 rule (b)
float-arith	proofs::grid_width_bucket_float8	fleet-solved family registration (expected=unmeasured in SUITE.tsv, dark-harness sweep); no local coverage leg — COVERAGE.md known distortion 7 rule (b)
float-arith	proofs::spots_dsqrt	fleet-solved family registration (expected=unmeasured in SUITE.tsv, dark-harness sweep); no local coverage leg — COVERAGE.md known distortion 7 rule (b)
geo-cmp	ext2::proofs_ext2::control_box_add_vs_c_box_sub	fleet-solved family registration (expected=unmeasured in SUITE.tsv, dark-harness sweep); no local coverage leg — COVERAGE.md known distortion 7 rule (b)
geo-cmp	ext2::proofs_ext2::eq_box_add_img	fleet-solved family registration (expected=unmeasured in SUITE.tsv, dark-harness sweep); no local coverage leg — COVERAGE.md known distortion 7 rule (b)
geo-cmp	ext2::proofs_ext2::eq_box_circle_grid	fleet-solved family registration (expected=unmeasured in SUITE.tsv, dark-harness sweep); no local coverage leg — COVERAGE.md known distortion 7 rule (b)
geo-cmp	ext2::proofs_ext2::eq_box_circle_hslice	fleet-solved family registration (expected=unmeasured in SUITE.tsv, dark-harness sweep); no local coverage leg — COVERAGE.md known distortion 7 rule (b)
geo-cmp	ext2::proofs_ext2::eq_box_diagonal_img	fleet-solved family registration (expected=unmeasured in SUITE.tsv, dark-harness sweep); no local coverage leg — COVERAGE.md known distortion 7 rule (b)
geo-cmp	ext2::proofs_ext2::eq_box_distance_grid	fleet-solved family registration (expected=unmeasured in SUITE.tsv, dark-harness sweep); no local coverage leg — COVERAGE.md known distortion 7 rule (b)
geo-cmp	ext2::proofs_ext2::eq_box_distance_hslice	fleet-solved family registration (expected=unmeasured in SUITE.tsv, dark-harness sweep); no local coverage leg — COVERAGE.md known distortion 7 rule (b)
geo-cmp	ext2::proofs_ext2::eq_box_div_p2c0	fleet-solved family registration (expected=unmeasured in SUITE.tsv, dark-harness sweep); no local coverage leg — COVERAGE.md known distortion 7 rule (b)
geo-cmp	ext2::proofs_ext2::eq_box_div_p2c1	fleet-solved family registration (expected=unmeasured in SUITE.tsv, dark-harness sweep); no local coverage leg — COVERAGE.md known distortion 7 rule (b)
geo-cmp	ext2::proofs_ext2::eq_box_div_p2c2	fleet-solved family registration (expected=unmeasured in SUITE.tsv, dark-harness sweep); no local coverage leg — COVERAGE.md known distortion 7 rule (b)
geo-cmp	ext2::proofs_ext2::eq_box_div_p2c3	fleet-solved family registration (expected=unmeasured in SUITE.tsv, dark-harness sweep); no local coverage leg — COVERAGE.md known distortion 7 rule (b)
geo-cmp	ext2::proofs_ext2::eq_box_div_p2c4	fleet-solved family registration (expected=unmeasured in SUITE.tsv, dark-harness sweep); no local coverage leg — COVERAGE.md known distortion 7 rule (b)
geo-cmp	ext2::proofs_ext2::eq_box_div_p2c5	fleet-solved family registration (expected=unmeasured in SUITE.tsv, dark-harness sweep); no local coverage leg — COVERAGE.md known distortion 7 rule (b)
geo-cmp	ext2::proofs_ext2::eq_box_div_p2c6	fleet-solved family registration (expected=unmeasured in SUITE.tsv, dark-harness sweep); no local coverage leg — COVERAGE.md known distortion 7 rule (b)
geo-cmp	ext2::proofs_ext2::eq_box_div_p2c7	fleet-solved family registration (expected=unmeasured in SUITE.tsv, dark-harness sweep); no local coverage leg — COVERAGE.md known distortion 7 rule (b)
geo-cmp	ext2::proofs_ext2::eq_box_div_pow2plane	fleet-solved family registration (expected=unmeasured in SUITE.tsv, dark-harness sweep); no local coverage leg — COVERAGE.md known distortion 7 rule (b)
geo-cmp	ext2::proofs_ext2::eq_box_intersect_img	fleet-solved family registration (expected=unmeasured in SUITE.tsv, dark-harness sweep); no local coverage leg — COVERAGE.md known distortion 7 rule (b)
geo-cmp	ext2::proofs_ext2::eq_box_mul_p2c0	fleet-solved family registration (expected=unmeasured in SUITE.tsv, dark-harness sweep); no local coverage leg — COVERAGE.md known distortion 7 rule (b)
geo-cmp	ext2::proofs_ext2::eq_box_mul_p2c1	fleet-solved family registration (expected=unmeasured in SUITE.tsv, dark-harness sweep); no local coverage leg — COVERAGE.md known distortion 7 rule (b)
geo-cmp	ext2::proofs_ext2::eq_box_mul_p2c2	fleet-solved family registration (expected=unmeasured in SUITE.tsv, dark-harness sweep); no local coverage leg — COVERAGE.md known distortion 7 rule (b)
geo-cmp	ext2::proofs_ext2::eq_box_mul_p2c3	fleet-solved family registration (expected=unmeasured in SUITE.tsv, dark-harness sweep); no local coverage leg — COVERAGE.md known distortion 7 rule (b)
geo-cmp	ext2::proofs_ext2::eq_box_mul_p2c4	fleet-solved family registration (expected=unmeasured in SUITE.tsv, dark-harness sweep); no local coverage leg — COVERAGE.md known distortion 7 rule (b)
geo-cmp	ext2::proofs_ext2::eq_box_mul_p2c5	fleet-solved family registration (expected=unmeasured in SUITE.tsv, dark-harness sweep); no local coverage leg — COVERAGE.md known distortion 7 rule (b)
geo-cmp	ext2::proofs_ext2::eq_box_mul_p2c6	fleet-solved family registration (expected=unmeasured in SUITE.tsv, dark-harness sweep); no local coverage leg — COVERAGE.md known distortion 7 rule (b)
geo-cmp	ext2::proofs_ext2::eq_box_mul_p2c7	fleet-solved family registration (expected=unmeasured in SUITE.tsv, dark-harness sweep); no local coverage leg — COVERAGE.md known distortion 7 rule (b)
geo-cmp	ext2::proofs_ext2::eq_box_mul_pow2plane	fleet-solved family registration (expected=unmeasured in SUITE.tsv, dark-harness sweep); no local coverage leg — COVERAGE.md known distortion 7 rule (b)
geo-cmp	ext2::proofs_ext2::eq_box_sub_img	fleet-solved family registration (expected=unmeasured in SUITE.tsv, dark-harness sweep); no local coverage leg — COVERAGE.md known distortion 7 rule (b)
geo-cmp	ext2::proofs_ext2::eq_boxes_bound_box_img	fleet-solved family registration (expected=unmeasured in SUITE.tsv, dark-harness sweep); no local coverage leg — COVERAGE.md known distortion 7 rule (b)
geo-cmp	ext2::proofs_ext2::eq_construct_point_img	fleet-solved family registration (expected=unmeasured in SUITE.tsv, dark-harness sweep); no local coverage leg — COVERAGE.md known distortion 7 rule (b)
geo-cmp	ext2::proofs_ext2::eq_cr_circle_img	fleet-solved family registration (expected=unmeasured in SUITE.tsv, dark-harness sweep); no local coverage leg — COVERAGE.md known distortion 7 rule (b)
geo-cmp	ext2::proofs_ext2::eq_inter_sb_cell0	fleet-solved family registration (expected=unmeasured in SUITE.tsv, dark-harness sweep); no local coverage leg — COVERAGE.md known distortion 7 rule (b)
geo-cmp	ext2::proofs_ext2::eq_inter_sb_cell1	fleet-solved family registration (expected=unmeasured in SUITE.tsv, dark-harness sweep); no local coverage leg — COVERAGE.md known distortion 7 rule (b)
geo-cmp	ext2::proofs_ext2::eq_inter_sb_cell2	fleet-solved family registration (expected=unmeasured in SUITE.tsv, dark-harness sweep); no local coverage leg — COVERAGE.md known distortion 7 rule (b)
geo-cmp	ext2::proofs_ext2::eq_inter_sb_cell3	fleet-solved family registration (expected=unmeasured in SUITE.tsv, dark-harness sweep); no local coverage leg — COVERAGE.md known distortion 7 rule (b)
geo-cmp	ext2::proofs_ext2::eq_inter_sb_cell4	fleet-solved family registration (expected=unmeasured in SUITE.tsv, dark-harness sweep); no local coverage leg — COVERAGE.md known distortion 7 rule (b)
geo-cmp	ext2::proofs_ext2::eq_inter_sb_cell5	fleet-solved family registration (expected=unmeasured in SUITE.tsv, dark-harness sweep); no local coverage leg — COVERAGE.md known distortion 7 rule (b)
geo-cmp	ext2::proofs_ext2::eq_inter_sb_cell6	fleet-solved family registration (expected=unmeasured in SUITE.tsv, dark-harness sweep); no local coverage leg — COVERAGE.md known distortion 7 rule (b)
geo-cmp	ext2::proofs_ext2::eq_inter_sb_cell7	fleet-solved family registration (expected=unmeasured in SUITE.tsv, dark-harness sweep); no local coverage leg — COVERAGE.md known distortion 7 rule (b)
geo-cmp	ext2::proofs_ext2::eq_inter_sb_cell8	fleet-solved family registration (expected=unmeasured in SUITE.tsv, dark-harness sweep); no local coverage leg — COVERAGE.md known distortion 7 rule (b)
geo-cmp	ext2::proofs_ext2::eq_inter_sb_grid	fleet-solved family registration (expected=unmeasured in SUITE.tsv, dark-harness sweep); no local coverage leg — COVERAGE.md known distortion 7 rule (b)
geo-cmp	ext2::proofs_ext2::eq_line_construct_pp_grid	fleet-solved family registration (expected=unmeasured in SUITE.tsv, dark-harness sweep); no local coverage leg — COVERAGE.md known distortion 7 rule (b)
geo-cmp	ext2::proofs_ext2::eq_line_eq_grid	fleet-solved family registration (expected=unmeasured in SUITE.tsv, dark-harness sweep); no local coverage leg — COVERAGE.md known distortion 7 rule (b)
geo-cmp	ext2::proofs_ext2::eq_line_eq_nan_plane	fleet-solved family registration (expected=unmeasured in SUITE.tsv, dark-harness sweep); no local coverage leg — COVERAGE.md known distortion 7 rule (b)
geo-cmp	ext2::proofs_ext2::eq_line_horizontal	fleet-solved family registration (expected=unmeasured in SUITE.tsv, dark-harness sweep); no local coverage leg — COVERAGE.md known distortion 7 rule (b)
geo-cmp	ext2::proofs_ext2::eq_line_perp_arm1	fleet-solved family registration (expected=unmeasured in SUITE.tsv, dark-harness sweep); no local coverage leg — COVERAGE.md known distortion 7 rule (b)
geo-cmp	ext2::proofs_ext2::eq_line_perp_arm2	fleet-solved family registration (expected=unmeasured in SUITE.tsv, dark-harness sweep); no local coverage leg — COVERAGE.md known distortion 7 rule (b)
geo-cmp	ext2::proofs_ext2::eq_line_perp_arm3	fleet-solved family registration (expected=unmeasured in SUITE.tsv, dark-harness sweep); no local coverage leg — COVERAGE.md known distortion 7 rule (b)
geo-cmp	ext2::proofs_ext2::eq_line_perp_arm4	fleet-solved family registration (expected=unmeasured in SUITE.tsv, dark-harness sweep); no local coverage leg — COVERAGE.md known distortion 7 rule (b)
geo-cmp	ext2::proofs_ext2::eq_line_perp_grid	fleet-solved family registration (expected=unmeasured in SUITE.tsv, dark-harness sweep); no local coverage leg — COVERAGE.md known distortion 7 rule (b)
geo-cmp	ext2::proofs_ext2::eq_line_vertical	fleet-solved family registration (expected=unmeasured in SUITE.tsv, dark-harness sweep); no local coverage leg — COVERAGE.md known distortion 7 rule (b)
geo-cmp	ext2::proofs_ext2::eq_on_pl_dplane	fleet-solved family registration (expected=unmeasured in SUITE.tsv, dark-harness sweep); no local coverage leg — COVERAGE.md known distortion 7 rule (b)
geo-cmp	ext2::proofs_ext2::eq_on_pl_hplane	fleet-solved family registration (expected=unmeasured in SUITE.tsv, dark-harness sweep); no local coverage leg — COVERAGE.md known distortion 7 rule (b)
geo-cmp	ext2::proofs_ext2::eq_on_pl_vplane	fleet-solved family registration (expected=unmeasured in SUITE.tsv, dark-harness sweep); no local coverage leg — COVERAGE.md known distortion 7 rule (b)
geo-cmp	ext2::proofs_ext2::eq_on_ps_grid	fleet-solved family registration (expected=unmeasured in SUITE.tsv, dark-harness sweep); no local coverage leg — COVERAGE.md known distortion 7 rule (b)
geo-cmp	ext2::proofs_ext2::eq_on_sb	fleet-solved family registration (expected=unmeasured in SUITE.tsv, dark-harness sweep); no local coverage leg — COVERAGE.md known distortion 7 rule (b)
geo-cmp	ext2::proofs_ext2::eq_on_sl_dplane	fleet-solved family registration (expected=unmeasured in SUITE.tsv, dark-harness sweep); no local coverage leg — COVERAGE.md known distortion 7 rule (b)
geo-cmp	ext2::proofs_ext2::eq_on_sl_hplane	fleet-solved family registration (expected=unmeasured in SUITE.tsv, dark-harness sweep); no local coverage leg — COVERAGE.md known distortion 7 rule (b)
geo-cmp	ext2::proofs_ext2::eq_on_sl_vplane	fleet-solved family registration (expected=unmeasured in SUITE.tsv, dark-harness sweep); no local coverage leg — COVERAGE.md known distortion 7 rule (b)
geo-cmp	ext2::proofs_ext2::eq_point_box_img	fleet-solved family registration (expected=unmeasured in SUITE.tsv, dark-harness sweep); no local coverage leg — COVERAGE.md known distortion 7 rule (b)
geo-cmp	ext2::proofs_ext2::eq_point_div_grid	fleet-solved family registration (expected=unmeasured in SUITE.tsv, dark-harness sweep); no local coverage leg — COVERAGE.md known distortion 7 rule (b)
geo-cmp	ext2::proofs_ext2::eq_point_div_pow2plane	fleet-solved family registration (expected=unmeasured in SUITE.tsv, dark-harness sweep); no local coverage leg — COVERAGE.md known distortion 7 rule (b)
geo-cmp	ext2::proofs_ext2::eq_point_mul_grid	fleet-solved family registration (expected=unmeasured in SUITE.tsv, dark-harness sweep); no local coverage leg — COVERAGE.md known distortion 7 rule (b)
geo-cmp	ext2::proofs_ext2::eq_point_mul_pow2plane	fleet-solved family registration (expected=unmeasured in SUITE.tsv, dark-harness sweep); no local coverage leg — COVERAGE.md known distortion 7 rule (b)
geo-cmp	ext2::proofs_ext2::eq_points_box_img	fleet-solved family registration (expected=unmeasured in SUITE.tsv, dark-harness sweep); no local coverage leg — COVERAGE.md known distortion 7 rule (b)
geo-cmp	ext2::proofs_ext2::probe_inter_sb_full	fleet-solved family registration (expected=unmeasured in SUITE.tsv, dark-harness sweep); no local coverage leg — COVERAGE.md known distortion 7 rule (b)
geo-cmp	ext2::proofs_ext2::probe_line_construct_pp_vshared	fleet-solved family registration (expected=unmeasured in SUITE.tsv, dark-harness sweep); no local coverage leg — COVERAGE.md known distortion 7 rule (b)
geo-cmp	ext3::proofs_ext3::eq_poly_same_n2	fleet-solved family registration (expected=unmeasured in SUITE.tsv, dark-harness sweep); no local coverage leg — COVERAGE.md known distortion 7 rule (b)
geo-cmp	ext3::proofs_ext3::eq_poly_same_n3	fleet-solved family registration (expected=unmeasured in SUITE.tsv, dark-harness sweep); no local coverage leg — COVERAGE.md known distortion 7 rule (b)
geo-cmp	ext::proofs_ext::eq_circle_contained_hslice	fleet-solved family registration (expected=unmeasured in SUITE.tsv, dark-harness sweep); no local coverage leg — COVERAGE.md known distortion 7 rule (b)
geo-cmp	ext::proofs_ext::eq_circle_distance_hslice	fleet-solved family registration (expected=unmeasured in SUITE.tsv, dark-harness sweep); no local coverage leg — COVERAGE.md known distortion 7 rule (b)
geo-cmp	ext::proofs_ext::eq_lseg_ge_hslice	fleet-solved family registration (expected=unmeasured in SUITE.tsv, dark-harness sweep); no local coverage leg — COVERAGE.md known distortion 7 rule (b)
geo-cmp	ext::proofs_ext::eq_lseg_gt_hslice	fleet-solved family registration (expected=unmeasured in SUITE.tsv, dark-harness sweep); no local coverage leg — COVERAGE.md known distortion 7 rule (b)
geo-cmp	ext::proofs_ext::eq_lseg_le_hslice	fleet-solved family registration (expected=unmeasured in SUITE.tsv, dark-harness sweep); no local coverage leg — COVERAGE.md known distortion 7 rule (b)
geo-cmp	ext::proofs_ext::eq_lseg_lt_hslice	fleet-solved family registration (expected=unmeasured in SUITE.tsv, dark-harness sweep); no local coverage leg — COVERAGE.md known distortion 7 rule (b)
geo-cmp	ext::proofs_ext::eq_lseg_parallel_arms	fleet-solved family registration (expected=unmeasured in SUITE.tsv, dark-harness sweep); no local coverage leg — COVERAGE.md known distortion 7 rule (b)
geo-cmp	ext::proofs_ext::eq_lseg_perp_arms	fleet-solved family registration (expected=unmeasured in SUITE.tsv, dark-harness sweep); no local coverage leg — COVERAGE.md known distortion 7 rule (b)
geo-cmp	proofs::control_point_left_vs_ieee	fleet-solved family registration (expected=unmeasured in SUITE.tsv, dark-harness sweep); no local coverage leg — COVERAGE.md known distortion 7 rule (b)
geo-cmp	proofs::eq_box_above	fleet-solved family registration (expected=unmeasured in SUITE.tsv, dark-harness sweep); no local coverage leg — COVERAGE.md known distortion 7 rule (b)
geo-cmp	proofs::eq_box_above_eq	fleet-solved family registration (expected=unmeasured in SUITE.tsv, dark-harness sweep); no local coverage leg — COVERAGE.md known distortion 7 rule (b)
geo-cmp	proofs::eq_box_area_grid	fleet-solved family registration (expected=unmeasured in SUITE.tsv, dark-harness sweep); no local coverage leg — COVERAGE.md known distortion 7 rule (b)
geo-cmp	proofs::eq_box_area_zero_plane	fleet-solved family registration (expected=unmeasured in SUITE.tsv, dark-harness sweep); no local coverage leg — COVERAGE.md known distortion 7 rule (b)
geo-cmp	proofs::eq_box_below	fleet-solved family registration (expected=unmeasured in SUITE.tsv, dark-harness sweep); no local coverage leg — COVERAGE.md known distortion 7 rule (b)
geo-cmp	proofs::eq_box_below_eq	fleet-solved family registration (expected=unmeasured in SUITE.tsv, dark-harness sweep); no local coverage leg — COVERAGE.md known distortion 7 rule (b)
geo-cmp	proofs::eq_box_cn_spots	fleet-solved family registration (expected=unmeasured in SUITE.tsv, dark-harness sweep); no local coverage leg — COVERAGE.md known distortion 7 rule (b)
geo-cmp	proofs::eq_box_contain	fleet-solved family registration (expected=unmeasured in SUITE.tsv, dark-harness sweep); no local coverage leg — COVERAGE.md known distortion 7 rule (b)
geo-cmp	proofs::eq_box_contain_pt	fleet-solved family registration (expected=unmeasured in SUITE.tsv, dark-harness sweep); no local coverage leg — COVERAGE.md known distortion 7 rule (b)
geo-cmp	proofs::eq_box_contained	fleet-solved family registration (expected=unmeasured in SUITE.tsv, dark-harness sweep); no local coverage leg — COVERAGE.md known distortion 7 rule (b)
geo-cmp	proofs::eq_box_eq_grid	fleet-solved family registration (expected=unmeasured in SUITE.tsv, dark-harness sweep); no local coverage leg — COVERAGE.md known distortion 7 rule (b)
geo-cmp	proofs::eq_box_eq_zero_plane	fleet-solved family registration (expected=unmeasured in SUITE.tsv, dark-harness sweep); no local coverage leg — COVERAGE.md known distortion 7 rule (b)
geo-cmp	proofs::eq_box_ge_grid	fleet-solved family registration (expected=unmeasured in SUITE.tsv, dark-harness sweep); no local coverage leg — COVERAGE.md known distortion 7 rule (b)
geo-cmp	proofs::eq_box_ge_zero_plane	fleet-solved family registration (expected=unmeasured in SUITE.tsv, dark-harness sweep); no local coverage leg — COVERAGE.md known distortion 7 rule (b)
geo-cmp	proofs::eq_box_gt_grid	fleet-solved family registration (expected=unmeasured in SUITE.tsv, dark-harness sweep); no local coverage leg — COVERAGE.md known distortion 7 rule (b)
geo-cmp	proofs::eq_box_gt_zero_plane	fleet-solved family registration (expected=unmeasured in SUITE.tsv, dark-harness sweep); no local coverage leg — COVERAGE.md known distortion 7 rule (b)
geo-cmp	proofs::eq_box_height	fleet-solved family registration (expected=unmeasured in SUITE.tsv, dark-harness sweep); no local coverage leg — COVERAGE.md known distortion 7 rule (b)
geo-cmp	proofs::eq_box_le_grid	fleet-solved family registration (expected=unmeasured in SUITE.tsv, dark-harness sweep); no local coverage leg — COVERAGE.md known distortion 7 rule (b)
geo-cmp	proofs::eq_box_le_zero_plane	fleet-solved family registration (expected=unmeasured in SUITE.tsv, dark-harness sweep); no local coverage leg — COVERAGE.md known distortion 7 rule (b)
geo-cmp	proofs::eq_box_left	fleet-solved family registration (expected=unmeasured in SUITE.tsv, dark-harness sweep); no local coverage leg — COVERAGE.md known distortion 7 rule (b)
geo-cmp	proofs::eq_box_lt_grid	fleet-solved family registration (expected=unmeasured in SUITE.tsv, dark-harness sweep); no local coverage leg — COVERAGE.md known distortion 7 rule (b)
geo-cmp	proofs::eq_box_lt_zero_plane	fleet-solved family registration (expected=unmeasured in SUITE.tsv, dark-harness sweep); no local coverage leg — COVERAGE.md known distortion 7 rule (b)
geo-cmp	proofs::eq_box_overabove	fleet-solved family registration (expected=unmeasured in SUITE.tsv, dark-harness sweep); no local coverage leg — COVERAGE.md known distortion 7 rule (b)
geo-cmp	proofs::eq_box_overbelow	fleet-solved family registration (expected=unmeasured in SUITE.tsv, dark-harness sweep); no local coverage leg — COVERAGE.md known distortion 7 rule (b)
geo-cmp	proofs::eq_box_overlap	fleet-solved family registration (expected=unmeasured in SUITE.tsv, dark-harness sweep); no local coverage leg — COVERAGE.md known distortion 7 rule (b)
geo-cmp	proofs::eq_box_overleft	fleet-solved family registration (expected=unmeasured in SUITE.tsv, dark-harness sweep); no local coverage leg — COVERAGE.md known distortion 7 rule (b)
geo-cmp	proofs::eq_box_overright	fleet-solved family registration (expected=unmeasured in SUITE.tsv, dark-harness sweep); no local coverage leg — COVERAGE.md known distortion 7 rule (b)
geo-cmp	proofs::eq_box_right	fleet-solved family registration (expected=unmeasured in SUITE.tsv, dark-harness sweep); no local coverage leg — COVERAGE.md known distortion 7 rule (b)
geo-cmp	proofs::eq_box_same	fleet-solved family registration (expected=unmeasured in SUITE.tsv, dark-harness sweep); no local coverage leg — COVERAGE.md known distortion 7 rule (b)
geo-cmp	proofs::eq_box_width	fleet-solved family registration (expected=unmeasured in SUITE.tsv, dark-harness sweep); no local coverage leg — COVERAGE.md known distortion 7 rule (b)
geo-cmp	proofs::eq_point_above	fleet-solved family registration (expected=unmeasured in SUITE.tsv, dark-harness sweep); no local coverage leg — COVERAGE.md known distortion 7 rule (b)
geo-cmp	proofs::eq_point_below	fleet-solved family registration (expected=unmeasured in SUITE.tsv, dark-harness sweep); no local coverage leg — COVERAGE.md known distortion 7 rule (b)
geo-cmp	proofs::eq_point_eq	fleet-solved family registration (expected=unmeasured in SUITE.tsv, dark-harness sweep); no local coverage leg — COVERAGE.md known distortion 7 rule (b)
geo-cmp	proofs::eq_point_horiz	fleet-solved family registration (expected=unmeasured in SUITE.tsv, dark-harness sweep); no local coverage leg — COVERAGE.md known distortion 7 rule (b)
geo-cmp	proofs::eq_point_left	fleet-solved family registration (expected=unmeasured in SUITE.tsv, dark-harness sweep); no local coverage leg — COVERAGE.md known distortion 7 rule (b)
geo-cmp	proofs::eq_point_ne	fleet-solved family registration (expected=unmeasured in SUITE.tsv, dark-harness sweep); no local coverage leg — COVERAGE.md known distortion 7 rule (b)
geo-cmp	proofs::eq_point_right	fleet-solved family registration (expected=unmeasured in SUITE.tsv, dark-harness sweep); no local coverage leg — COVERAGE.md known distortion 7 rule (b)
geo-cmp	proofs::eq_point_vert	fleet-solved family registration (expected=unmeasured in SUITE.tsv, dark-harness sweep); no local coverage leg — COVERAGE.md known distortion 7 rule (b)
geo-cmp	proofs::probe_box_area_full	fleet-solved family registration (expected=unmeasured in SUITE.tsv, dark-harness sweep); no local coverage leg — COVERAGE.md known distortion 7 rule (b)
geo-cmp	proofs::probe_box_cn_full	fleet-solved family registration (expected=unmeasured in SUITE.tsv, dark-harness sweep); no local coverage leg — COVERAGE.md known distortion 7 rule (b)
geo-cmp	proofs::probe_box_lt_full	fleet-solved family registration (expected=unmeasured in SUITE.tsv, dark-harness sweep); no local coverage leg — COVERAGE.md known distortion 7 rule (b)
gist-geo	proofs::control_gist_box_consistent_leaf_vs_internal	fleet-solved family registration (expected=unmeasured in SUITE.tsv, dark-harness sweep); no local coverage leg — COVERAGE.md known distortion 7 rule (b)
gist-geo	proofs::eq_gist_box_consistent_internal	fleet-solved family registration (expected=unmeasured in SUITE.tsv, dark-harness sweep); no local coverage leg — COVERAGE.md known distortion 7 rule (b)
gist-geo	proofs::eq_gist_box_consistent_leaf	fleet-solved family registration (expected=unmeasured in SUITE.tsv, dark-harness sweep); no local coverage leg — COVERAGE.md known distortion 7 rule (b)
gist-geo	proofs::eq_gist_box_consistent_nulls	fleet-solved family registration (expected=unmeasured in SUITE.tsv, dark-harness sweep); no local coverage leg — COVERAGE.md known distortion 7 rule (b)
gist-geo	proofs::eq_gist_box_distance_strips	fleet-solved family registration (expected=unmeasured in SUITE.tsv, dark-harness sweep); no local coverage leg — COVERAGE.md known distortion 7 rule (b)
gist-geo	proofs::eq_gist_box_penalty_degenerate_y	fleet-solved family registration (expected=unmeasured in SUITE.tsv, dark-harness sweep); no local coverage leg — COVERAGE.md known distortion 7 rule (b)
gist-geo	proofs::eq_gist_box_same_nonnan	fleet-solved family registration (expected=unmeasured in SUITE.tsv, dark-harness sweep); no local coverage leg — COVERAGE.md known distortion 7 rule (b)
gist-geo	proofs::eq_gist_box_same_nulls	fleet-solved family registration (expected=unmeasured in SUITE.tsv, dark-harness sweep); no local coverage leg — COVERAGE.md known distortion 7 rule (b)
gist-geo	proofs::eq_gist_box_union_n2	fleet-solved family registration (expected=unmeasured in SUITE.tsv, dark-harness sweep); no local coverage leg — COVERAGE.md known distortion 7 rule (b)
gist-geo	proofs::eq_gist_box_union_n3	fleet-solved family registration (expected=unmeasured in SUITE.tsv, dark-harness sweep); no local coverage leg — COVERAGE.md known distortion 7 rule (b)
gist-geo	proofs::eq_gist_circle_compress_leaf	fleet-solved family registration (expected=unmeasured in SUITE.tsv, dark-harness sweep); no local coverage leg — COVERAGE.md known distortion 7 rule (b)
gist-geo	proofs::eq_gist_circle_compress_noop	fleet-solved family registration (expected=unmeasured in SUITE.tsv, dark-harness sweep); no local coverage leg — COVERAGE.md known distortion 7 rule (b)
gist-geo	proofs::eq_gist_circle_consistent	fleet-solved family registration (expected=unmeasured in SUITE.tsv, dark-harness sweep); no local coverage leg — COVERAGE.md known distortion 7 rule (b)
gist-geo	proofs::eq_gist_circle_distance_strips	fleet-solved family registration (expected=unmeasured in SUITE.tsv, dark-harness sweep); no local coverage leg — COVERAGE.md known distortion 7 rule (b)
gist-geo	proofs::eq_gist_point_compress_leaf	fleet-solved family registration (expected=unmeasured in SUITE.tsv, dark-harness sweep); no local coverage leg — COVERAGE.md known distortion 7 rule (b)
gist-geo	proofs::eq_gist_point_compress_noop	fleet-solved family registration (expected=unmeasured in SUITE.tsv, dark-harness sweep); no local coverage leg — COVERAGE.md known distortion 7 rule (b)
gist-geo	proofs::eq_gist_point_consistent_badgroup	fleet-solved family registration (expected=unmeasured in SUITE.tsv, dark-harness sweep); no local coverage leg — COVERAGE.md known distortion 7 rule (b)
gist-geo	proofs::eq_gist_point_consistent_group0	fleet-solved family registration (expected=unmeasured in SUITE.tsv, dark-harness sweep); no local coverage leg — COVERAGE.md known distortion 7 rule (b)
gist-geo	proofs::eq_gist_point_consistent_group1	fleet-solved family registration (expected=unmeasured in SUITE.tsv, dark-harness sweep); no local coverage leg — COVERAGE.md known distortion 7 rule (b)
gist-geo	proofs::eq_gist_point_distance_badstrategy	fleet-solved family registration (expected=unmeasured in SUITE.tsv, dark-harness sweep); no local coverage leg — COVERAGE.md known distortion 7 rule (b)
gist-geo	proofs::eq_gist_point_distance_inbox	fleet-solved family registration (expected=unmeasured in SUITE.tsv, dark-harness sweep); no local coverage leg — COVERAGE.md known distortion 7 rule (b)
gist-geo	proofs::eq_gist_point_distance_leaf_axis	fleet-solved family registration (expected=unmeasured in SUITE.tsv, dark-harness sweep); no local coverage leg — COVERAGE.md known distortion 7 rule (b)
gist-geo	proofs::eq_gist_point_distance_xstrip	fleet-solved family registration (expected=unmeasured in SUITE.tsv, dark-harness sweep); no local coverage leg — COVERAGE.md known distortion 7 rule (b)
gist-geo	proofs::eq_gist_point_distance_ystrip	fleet-solved family registration (expected=unmeasured in SUITE.tsv, dark-harness sweep); no local coverage leg — COVERAGE.md known distortion 7 rule (b)
gist-geo	proofs::eq_gist_point_fetch	fleet-solved family registration (expected=unmeasured in SUITE.tsv, dark-harness sweep); no local coverage leg — COVERAGE.md known distortion 7 rule (b)
gist-geo	proofs::eq_gist_poly_compress_leaf	fleet-solved family registration (expected=unmeasured in SUITE.tsv, dark-harness sweep); no local coverage leg — COVERAGE.md known distortion 7 rule (b)
gist-geo	proofs::eq_gist_poly_compress_noop	fleet-solved family registration (expected=unmeasured in SUITE.tsv, dark-harness sweep); no local coverage leg — COVERAGE.md known distortion 7 rule (b)
gist-geo	proofs::eq_gist_poly_consistent	fleet-solved family registration (expected=unmeasured in SUITE.tsv, dark-harness sweep); no local coverage leg — COVERAGE.md known distortion 7 rule (b)
gist-geo	proofs::eq_gist_poly_distance_strips	fleet-solved family registration (expected=unmeasured in SUITE.tsv, dark-harness sweep); no local coverage leg — COVERAGE.md known distortion 7 rule (b)
gist-geo	proofs::eq_gist_translate_cmptype_common	fleet-solved family registration (expected=unmeasured in SUITE.tsv, dark-harness sweep); no local coverage leg — COVERAGE.md known distortion 7 rule (b)
gist-geo	proofs::grid_gist_box_distance_vertex	fleet-solved family registration (expected=unmeasured in SUITE.tsv, dark-harness sweep); no local coverage leg — COVERAGE.md known distortion 7 rule (b)
gist-geo	proofs::grid_gist_box_penalty	fleet-solved family registration (expected=unmeasured in SUITE.tsv, dark-harness sweep); no local coverage leg — COVERAGE.md known distortion 7 rule (b)
gist-geo	proofs::grid_gist_point_distance_vertex	fleet-solved family registration (expected=unmeasured in SUITE.tsv, dark-harness sweep); no local coverage leg — COVERAGE.md known distortion 7 rule (b)
gist-geo	proofs::probe_gist_box_penalty_full	fleet-solved family registration (expected=unmeasured in SUITE.tsv, dark-harness sweep); no local coverage leg — COVERAGE.md known distortion 7 rule (b)
gist-geo	proofs::probe_gist_box_same_nan_plane	fleet-solved family registration (expected=unmeasured in SUITE.tsv, dark-harness sweep); no local coverage leg — COVERAGE.md known distortion 7 rule (b)
int-arith	proofs::cover_recv_both_arms	fleet-solved family registration (expected=unmeasured in SUITE.tsv, dark-harness sweep); no local coverage leg — COVERAGE.md known distortion 7 rule (b)
int-cmp	proofs::eq_btboolcmp	fleet-solved family registration (expected=unmeasured in SUITE.tsv, dark-harness sweep); no local coverage leg — COVERAGE.md known distortion 7 rule (b)
int-cmp	proofs::eq_btequalimage	fleet-solved family registration (expected=unmeasured in SUITE.tsv, dark-harness sweep); no local coverage leg — COVERAGE.md known distortion 7 rule (b)
int-cmp	proofs::eq_btint24cmp	fleet-solved family registration (expected=unmeasured in SUITE.tsv, dark-harness sweep); no local coverage leg — COVERAGE.md known distortion 7 rule (b)
int-cmp	proofs::eq_btint28cmp	fleet-solved family registration (expected=unmeasured in SUITE.tsv, dark-harness sweep); no local coverage leg — COVERAGE.md known distortion 7 rule (b)
int-cmp	proofs::eq_btint42cmp	fleet-solved family registration (expected=unmeasured in SUITE.tsv, dark-harness sweep); no local coverage leg — COVERAGE.md known distortion 7 rule (b)
int-cmp	proofs::eq_btint48cmp	fleet-solved family registration (expected=unmeasured in SUITE.tsv, dark-harness sweep); no local coverage leg — COVERAGE.md known distortion 7 rule (b)
int-cmp	proofs::eq_btint82cmp	fleet-solved family registration (expected=unmeasured in SUITE.tsv, dark-harness sweep); no local coverage leg — COVERAGE.md known distortion 7 rule (b)
int-cmp	proofs::eq_btint84cmp	fleet-solved family registration (expected=unmeasured in SUITE.tsv, dark-harness sweep); no local coverage leg — COVERAGE.md known distortion 7 rule (b)
int-cmp	proofs::neg_control_btboolcmp_argswap	fleet-solved family registration (expected=unmeasured in SUITE.tsv, dark-harness sweep); no local coverage leg — COVERAGE.md known distortion 7 rule (b)
json-escape	census_len1_plain	fleet-solved family registration (expected=unmeasured in SUITE.tsv, dark-harness sweep); no local coverage leg — COVERAGE.md known distortion 7 rule (b)
json-escape	census_len1_twochar	fleet-solved family registration (expected=unmeasured in SUITE.tsv, dark-harness sweep); no local coverage leg — COVERAGE.md known distortion 7 rule (b)
json-escape	census_len1_u04x	fleet-solved family registration (expected=unmeasured in SUITE.tsv, dark-harness sweep); no local coverage leg — COVERAGE.md known distortion 7 rule (b)
jsonb-gin	proofs::control_extract_hash_seam_skew	fleet-solved family registration (expected=unmeasured in SUITE.tsv, dark-harness sweep); no local coverage leg — COVERAGE.md known distortion 7 rule (b)
jsonb-gin	proofs::control_ginarray_null_skew	fleet-solved family registration (expected=unmeasured in SUITE.tsv, dark-harness sweep); no local coverage leg — COVERAGE.md known distortion 7 rule (b)
jsonb-gin	proofs::control_jsp_wrong_entry	fleet-solved family registration (expected=unmeasured in SUITE.tsv, dark-harness sweep); no local coverage leg — COVERAGE.md known distortion 7 rule (b)
jsonb-gin	proofs::cover_jsp_shapes_len4	fleet-solved family registration (expected=unmeasured in SUITE.tsv, dark-harness sweep); no local coverage leg — COVERAGE.md known distortion 7 rule (b)
jsonb-gin	proofs::eq_consistent_jsonb_contains	fleet-solved family registration (expected=unmeasured in SUITE.tsv, dark-harness sweep); no local coverage leg — COVERAGE.md known distortion 7 rule (b)
jsonb-gin	proofs::eq_consistent_jsonb_exists	fleet-solved family registration (expected=unmeasured in SUITE.tsv, dark-harness sweep); no local coverage leg — COVERAGE.md known distortion 7 rule (b)
jsonb-gin	proofs::eq_consistent_jsonb_exists_all	fleet-solved family registration (expected=unmeasured in SUITE.tsv, dark-harness sweep); no local coverage leg — COVERAGE.md known distortion 7 rule (b)
jsonb-gin	proofs::eq_consistent_jsonb_exists_any	fleet-solved family registration (expected=unmeasured in SUITE.tsv, dark-harness sweep); no local coverage leg — COVERAGE.md known distortion 7 rule (b)
jsonb-gin	proofs::eq_consistent_jsonb_path_contains	fleet-solved family registration (expected=unmeasured in SUITE.tsv, dark-harness sweep); no local coverage leg — COVERAGE.md known distortion 7 rule (b)
jsonb-gin	proofs::eq_extract_jsonb_arr_n0	fleet-solved family registration (expected=unmeasured in SUITE.tsv, dark-harness sweep); no local coverage leg — COVERAGE.md known distortion 7 rule (b)
jsonb-gin	proofs::eq_extract_jsonb_arr_n1	fleet-solved family registration (expected=unmeasured in SUITE.tsv, dark-harness sweep); no local coverage leg — COVERAGE.md known distortion 7 rule (b)
jsonb-gin	proofs::eq_extract_jsonb_arr_n2	fleet-solved family registration (expected=unmeasured in SUITE.tsv, dark-harness sweep); no local coverage leg — COVERAGE.md known distortion 7 rule (b)
jsonb-gin	proofs::eq_extract_jsonb_arr_n3	fleet-solved family registration (expected=unmeasured in SUITE.tsv, dark-harness sweep); no local coverage leg — COVERAGE.md known distortion 7 rule (b)
jsonb-gin	proofs::eq_extract_jsonb_obj_n1	fleet-solved family registration (expected=unmeasured in SUITE.tsv, dark-harness sweep); no local coverage leg — COVERAGE.md known distortion 7 rule (b)
jsonb-gin	proofs::eq_extract_jsonb_path_arr_n1	fleet-solved family registration (expected=unmeasured in SUITE.tsv, dark-harness sweep); no local coverage leg — COVERAGE.md known distortion 7 rule (b)
jsonb-gin	proofs::eq_extract_jsonb_path_arr_n2	fleet-solved family registration (expected=unmeasured in SUITE.tsv, dark-harness sweep); no local coverage leg — COVERAGE.md known distortion 7 rule (b)
jsonb-gin	proofs::eq_extract_jsonb_path_arr_n3	fleet-solved family registration (expected=unmeasured in SUITE.tsv, dark-harness sweep); no local coverage leg — COVERAGE.md known distortion 7 rule (b)
jsonb-gin	proofs::eq_extract_jsonb_path_str_n1	fleet-solved family registration (expected=unmeasured in SUITE.tsv, dark-harness sweep); no local coverage leg — COVERAGE.md known distortion 7 rule (b)
jsonb-gin	proofs::eq_ginarray_consistent_contained	fleet-solved family registration (expected=unmeasured in SUITE.tsv, dark-harness sweep); no local coverage leg — COVERAGE.md known distortion 7 rule (b)
jsonb-gin	proofs::eq_ginarray_consistent_contains	fleet-solved family registration (expected=unmeasured in SUITE.tsv, dark-harness sweep); no local coverage leg — COVERAGE.md known distortion 7 rule (b)
jsonb-gin	proofs::eq_ginarray_consistent_equal	fleet-solved family registration (expected=unmeasured in SUITE.tsv, dark-harness sweep); no local coverage leg — COVERAGE.md known distortion 7 rule (b)
jsonb-gin	proofs::eq_ginarray_consistent_overlap	fleet-solved family registration (expected=unmeasured in SUITE.tsv, dark-harness sweep); no local coverage leg — COVERAGE.md known distortion 7 rule (b)
jsonb-gin	proofs::eq_ginarray_tri_contained	fleet-solved family registration (expected=unmeasured in SUITE.tsv, dark-harness sweep); no local coverage leg — COVERAGE.md known distortion 7 rule (b)
jsonb-gin	proofs::eq_ginarray_tri_contains	fleet-solved family registration (expected=unmeasured in SUITE.tsv, dark-harness sweep); no local coverage leg — COVERAGE.md known distortion 7 rule (b)
jsonb-gin	proofs::eq_ginarray_tri_equal	fleet-solved family registration (expected=unmeasured in SUITE.tsv, dark-harness sweep); no local coverage leg — COVERAGE.md known distortion 7 rule (b)
jsonb-gin	proofs::eq_ginarray_tri_overlap	fleet-solved family registration (expected=unmeasured in SUITE.tsv, dark-harness sweep); no local coverage leg — COVERAGE.md known distortion 7 rule (b)
jsonb-gin	proofs::eq_jsp_bin_and2	fleet-solved family registration (expected=unmeasured in SUITE.tsv, dark-harness sweep); no local coverage leg — COVERAGE.md known distortion 7 rule (b)
jsonb-gin	proofs::eq_jsp_bin_and3	fleet-solved family registration (expected=unmeasured in SUITE.tsv, dark-harness sweep); no local coverage leg — COVERAGE.md known distortion 7 rule (b)
jsonb-gin	proofs::eq_jsp_bin_and_or	fleet-solved family registration (expected=unmeasured in SUITE.tsv, dark-harness sweep); no local coverage leg — COVERAGE.md known distortion 7 rule (b)
jsonb-gin	proofs::eq_jsp_bin_entry	fleet-solved family registration (expected=unmeasured in SUITE.tsv, dark-harness sweep); no local coverage leg — COVERAGE.md known distortion 7 rule (b)
jsonb-gin	proofs::eq_jsp_bin_or2	fleet-solved family registration (expected=unmeasured in SUITE.tsv, dark-harness sweep); no local coverage leg — COVERAGE.md known distortion 7 rule (b)
jsonb-gin	proofs::eq_jsp_bin_or_and	fleet-solved family registration (expected=unmeasured in SUITE.tsv, dark-harness sweep); no local coverage leg — COVERAGE.md known distortion 7 rule (b)
jsonb-gin	proofs::eq_jsp_bin_pred_and2	fleet-solved family registration (expected=unmeasured in SUITE.tsv, dark-harness sweep); no local coverage leg — COVERAGE.md known distortion 7 rule (b)
jsonb-gin	proofs::eq_jsp_nokeys	fleet-solved family registration (expected=unmeasured in SUITE.tsv, dark-harness sweep); no local coverage leg — COVERAGE.md known distortion 7 rule (b)
jsonb-gin	proofs::eq_jsp_path_bin_and_or	fleet-solved family registration (expected=unmeasured in SUITE.tsv, dark-harness sweep); no local coverage leg — COVERAGE.md known distortion 7 rule (b)
jsonb-gin	proofs::eq_jsp_path_nokeys	fleet-solved family registration (expected=unmeasured in SUITE.tsv, dark-harness sweep); no local coverage leg — COVERAGE.md known distortion 7 rule (b)
jsonb-gin	proofs::eq_jsp_path_tri_or_and	fleet-solved family registration (expected=unmeasured in SUITE.tsv, dark-harness sweep); no local coverage leg — COVERAGE.md known distortion 7 rule (b)
jsonb-gin	proofs::eq_jsp_tri_and2	fleet-solved family registration (expected=unmeasured in SUITE.tsv, dark-harness sweep); no local coverage leg — COVERAGE.md known distortion 7 rule (b)
jsonb-gin	proofs::eq_jsp_tri_and3	fleet-solved family registration (expected=unmeasured in SUITE.tsv, dark-harness sweep); no local coverage leg — COVERAGE.md known distortion 7 rule (b)
jsonb-gin	proofs::eq_jsp_tri_and_or	fleet-solved family registration (expected=unmeasured in SUITE.tsv, dark-harness sweep); no local coverage leg — COVERAGE.md known distortion 7 rule (b)
jsonb-gin	proofs::eq_jsp_tri_entry	fleet-solved family registration (expected=unmeasured in SUITE.tsv, dark-harness sweep); no local coverage leg — COVERAGE.md known distortion 7 rule (b)
jsonb-gin	proofs::eq_jsp_tri_or2	fleet-solved family registration (expected=unmeasured in SUITE.tsv, dark-harness sweep); no local coverage leg — COVERAGE.md known distortion 7 rule (b)
jsonb-gin	proofs::eq_jsp_tri_or_and	fleet-solved family registration (expected=unmeasured in SUITE.tsv, dark-harness sweep); no local coverage leg — COVERAGE.md known distortion 7 rule (b)
jsonb-gin	proofs::eq_jsp_tri_pred_or2	fleet-solved family registration (expected=unmeasured in SUITE.tsv, dark-harness sweep); no local coverage leg — COVERAGE.md known distortion 7 rule (b)
jsonb-gin	proofs::eq_strategy_constants	fleet-solved family registration (expected=unmeasured in SUITE.tsv, dark-harness sweep); no local coverage leg — COVERAGE.md known distortion 7 rule (b)
jsonb-gin	proofs::eq_triconsistent_jsonb_contains	fleet-solved family registration (expected=unmeasured in SUITE.tsv, dark-harness sweep); no local coverage leg — COVERAGE.md known distortion 7 rule (b)
jsonb-gin	proofs::eq_triconsistent_jsonb_exists	fleet-solved family registration (expected=unmeasured in SUITE.tsv, dark-harness sweep); no local coverage leg — COVERAGE.md known distortion 7 rule (b)
jsonb-gin	proofs::eq_triconsistent_jsonb_exists_all	fleet-solved family registration (expected=unmeasured in SUITE.tsv, dark-harness sweep); no local coverage leg — COVERAGE.md known distortion 7 rule (b)
jsonb-gin	proofs::eq_triconsistent_jsonb_exists_any	fleet-solved family registration (expected=unmeasured in SUITE.tsv, dark-harness sweep); no local coverage leg — COVERAGE.md known distortion 7 rule (b)
jsonb-gin	proofs::eq_triconsistent_jsonb_path_contains	fleet-solved family registration (expected=unmeasured in SUITE.tsv, dark-harness sweep); no local coverage leg — COVERAGE.md known distortion 7 rule (b)
network	arith_proofs::eq_inetmi_int8_v4	fleet-solved family registration (expected=unmeasured in SUITE.tsv, dark-harness sweep); no local coverage leg — COVERAGE.md known distortion 7 rule (b)
network	arith_proofs::eq_inetmi_int8_v6	fleet-solved family registration (expected=unmeasured in SUITE.tsv, dark-harness sweep); no local coverage leg — COVERAGE.md known distortion 7 rule (b)
network	arith_proofs::eq_inetpl_v4	fleet-solved family registration (expected=unmeasured in SUITE.tsv, dark-harness sweep); no local coverage leg — COVERAGE.md known distortion 7 rule (b)
network	arith_proofs::eq_inetpl_v6	fleet-solved family registration (expected=unmeasured in SUITE.tsv, dark-harness sweep); no local coverage leg — COVERAGE.md known distortion 7 rule (b)
network	ntop_spot_proofs::control_ntop_host_vs_show	fleet-solved family registration (expected=unmeasured in SUITE.tsv, dark-harness sweep); no local coverage leg — COVERAGE.md known distortion 7 rule (b)
network	ntop_spot_proofs::spot_cidr_abbrev_v4_partial	fleet-solved family registration (expected=unmeasured in SUITE.tsv, dark-harness sweep); no local coverage leg — COVERAGE.md known distortion 7 rule (b)
network	ntop_spot_proofs::spot_cidr_abbrev_v4_zero	fleet-solved family registration (expected=unmeasured in SUITE.tsv, dark-harness sweep); no local coverage leg — COVERAGE.md known distortion 7 rule (b)
network	ntop_spot_proofs::spot_cidr_abbrev_v6_v4mapped	fleet-solved family registration (expected=unmeasured in SUITE.tsv, dark-harness sweep); no local coverage leg — COVERAGE.md known distortion 7 rule (b)
network	ntop_spot_proofs::spot_cidr_abbrev_v6_words	fleet-solved family registration (expected=unmeasured in SUITE.tsv, dark-harness sweep); no local coverage leg — COVERAGE.md known distortion 7 rule (b)
network	ntop_spot_proofs::spot_cidr_abbrev_v6_zero	fleet-solved family registration (expected=unmeasured in SUITE.tsv, dark-harness sweep); no local coverage leg — COVERAGE.md known distortion 7 rule (b)
network	ntop_spot_proofs::spot_cidr_out_v4_full	fleet-solved family registration (expected=unmeasured in SUITE.tsv, dark-harness sweep); no local coverage leg — COVERAGE.md known distortion 7 rule (b)
network	ntop_spot_proofs::spot_cidr_out_v4_mask	fleet-solved family registration (expected=unmeasured in SUITE.tsv, dark-harness sweep); no local coverage leg — COVERAGE.md known distortion 7 rule (b)
network	ntop_spot_proofs::spot_cidr_out_v6_mask	fleet-solved family registration (expected=unmeasured in SUITE.tsv, dark-harness sweep); no local coverage leg — COVERAGE.md known distortion 7 rule (b)
network	ntop_spot_proofs::spot_inet_abbrev_v4	fleet-solved family registration (expected=unmeasured in SUITE.tsv, dark-harness sweep); no local coverage leg — COVERAGE.md known distortion 7 rule (b)
network	ntop_spot_proofs::spot_inet_abbrev_v6	fleet-solved family registration (expected=unmeasured in SUITE.tsv, dark-harness sweep); no local coverage leg — COVERAGE.md known distortion 7 rule (b)
network	ntop_spot_proofs::spot_inet_out_v4_full	fleet-solved family registration (expected=unmeasured in SUITE.tsv, dark-harness sweep); no local coverage leg — COVERAGE.md known distortion 7 rule (b)
network	ntop_spot_proofs::spot_inet_out_v4_mask	fleet-solved family registration (expected=unmeasured in SUITE.tsv, dark-harness sweep); no local coverage leg — COVERAGE.md known distortion 7 rule (b)
network	ntop_spot_proofs::spot_inet_out_v6_compress	fleet-solved family registration (expected=unmeasured in SUITE.tsv, dark-harness sweep); no local coverage leg — COVERAGE.md known distortion 7 rule (b)
network	ntop_spot_proofs::spot_inet_out_v6_v4mapped	fleet-solved family registration (expected=unmeasured in SUITE.tsv, dark-harness sweep); no local coverage leg — COVERAGE.md known distortion 7 rule (b)
network	ntop_spot_proofs::spot_network_host_v4	fleet-solved family registration (expected=unmeasured in SUITE.tsv, dark-harness sweep); no local coverage leg — COVERAGE.md known distortion 7 rule (b)
network	ntop_spot_proofs::spot_network_host_v6	fleet-solved family registration (expected=unmeasured in SUITE.tsv, dark-harness sweep); no local coverage leg — COVERAGE.md known distortion 7 rule (b)
network	ntop_spot_proofs::spot_network_show_v4	fleet-solved family registration (expected=unmeasured in SUITE.tsv, dark-harness sweep); no local coverage leg — COVERAGE.md known distortion 7 rule (b)
network	ntop_spot_proofs::spot_network_show_v6	fleet-solved family registration (expected=unmeasured in SUITE.tsv, dark-harness sweep); no local coverage leg — COVERAGE.md known distortion 7 rule (b)
numeric-arith	proofs::eq_add_var_nd4	fleet-solved family registration (expected=unmeasured in SUITE.tsv, dark-harness sweep); no local coverage leg — COVERAGE.md known distortion 7 rule (b)
numeric-arith	proofs::eq_mul_var_nd2	fleet-solved family registration (expected=unmeasured in SUITE.tsv, dark-harness sweep); no local coverage leg — COVERAGE.md known distortion 7 rule (b)
numeric-arith	proofs::eq_mul_var_nd3	fleet-solved family registration (expected=unmeasured in SUITE.tsv, dark-harness sweep); no local coverage leg — COVERAGE.md known distortion 7 rule (b)
numeric-arith	proofs::eq_mul_var_nd4	fleet-solved family registration (expected=unmeasured in SUITE.tsv, dark-harness sweep); no local coverage leg — COVERAGE.md known distortion 7 rule (b)
numeric-arith	proofs::eq_sub_var_nd4	fleet-solved family registration (expected=unmeasured in SUITE.tsv, dark-harness sweep); no local coverage leg — COVERAGE.md known distortion 7 rule (b)
numeric-probe	proofs::cover_numeric_min_scale_regimes	fleet-solved family registration (expected=unmeasured in SUITE.tsv, dark-harness sweep); no local coverage leg — COVERAGE.md known distortion 7 rule (b)
numeric-probe	proofs::cover_numeric_trim_scale_regimes	fleet-solved family registration (expected=unmeasured in SUITE.tsv, dark-harness sweep); no local coverage leg — COVERAGE.md known distortion 7 rule (b)
numeric-probe	proofs::ctl_numeric_min_scale_weight_skew	fleet-solved family registration (expected=unmeasured in SUITE.tsv, dark-harness sweep); no local coverage leg — COVERAGE.md known distortion 7 rule (b)
numeric-probe	proofs::eq_in_range_base_nan	fleet-solved family registration (expected=unmeasured in SUITE.tsv, dark-harness sweep); no local coverage leg — COVERAGE.md known distortion 7 rule (b)
numeric-probe	proofs::eq_in_range_base_ninf	fleet-solved family registration (expected=unmeasured in SUITE.tsv, dark-harness sweep); no local coverage leg — COVERAGE.md known distortion 7 rule (b)
numeric-probe	proofs::eq_in_range_base_pinf	fleet-solved family registration (expected=unmeasured in SUITE.tsv, dark-harness sweep); no local coverage leg — COVERAGE.md known distortion 7 rule (b)
numeric-probe	proofs::eq_in_range_err_neg_long	fleet-solved family registration (expected=unmeasured in SUITE.tsv, dark-harness sweep); no local coverage leg — COVERAGE.md known distortion 7 rule (b)
numeric-probe	proofs::eq_in_range_err_neg_short	fleet-solved family registration (expected=unmeasured in SUITE.tsv, dark-harness sweep); no local coverage leg — COVERAGE.md known distortion 7 rule (b)
numeric-probe	proofs::eq_in_range_err_ninf	fleet-solved family registration (expected=unmeasured in SUITE.tsv, dark-harness sweep); no local coverage leg — COVERAGE.md known distortion 7 rule (b)
numeric-probe	proofs::eq_in_range_off_pinf	fleet-solved family registration (expected=unmeasured in SUITE.tsv, dark-harness sweep); no local coverage leg — COVERAGE.md known distortion 7 rule (b)
numeric-probe	proofs::eq_in_range_spot_borrow	fleet-solved family registration (expected=unmeasured in SUITE.tsv, dark-harness sweep); no local coverage leg — COVERAGE.md known distortion 7 rule (b)
numeric-probe	proofs::eq_in_range_spot_cancel	fleet-solved family registration (expected=unmeasured in SUITE.tsv, dark-harness sweep); no local coverage leg — COVERAGE.md known distortion 7 rule (b)
numeric-probe	proofs::eq_in_range_spot_carry	fleet-solved family registration (expected=unmeasured in SUITE.tsv, dark-harness sweep); no local coverage leg — COVERAGE.md known distortion 7 rule (b)
numeric-probe	proofs::eq_in_range_spot_neg_base	fleet-solved family registration (expected=unmeasured in SUITE.tsv, dark-harness sweep); no local coverage leg — COVERAGE.md known distortion 7 rule (b)
numeric-probe	proofs::eq_in_range_spot_zero_off_sub	fleet-solved family registration (expected=unmeasured in SUITE.tsv, dark-harness sweep); no local coverage leg — COVERAGE.md known distortion 7 rule (b)
numeric-probe	proofs::eq_in_range_val_ninf	fleet-solved family registration (expected=unmeasured in SUITE.tsv, dark-harness sweep); no local coverage leg — COVERAGE.md known distortion 7 rule (b)
numeric-probe	proofs::eq_in_range_val_pinf	fleet-solved family registration (expected=unmeasured in SUITE.tsv, dark-harness sweep); no local coverage leg — COVERAGE.md known distortion 7 rule (b)
numeric-probe	proofs::eq_int8_numeric_nd4	fleet-solved family registration (expected=unmeasured in SUITE.tsv, dark-harness sweep); no local coverage leg — COVERAGE.md known distortion 7 rule (b)
numeric-probe	proofs::eq_int8_numeric_nd5	fleet-solved family registration (expected=unmeasured in SUITE.tsv, dark-harness sweep); no local coverage leg — COVERAGE.md known distortion 7 rule (b)
numeric-probe	proofs::eq_numeric_min_scale_nd4	fleet-solved family registration (expected=unmeasured in SUITE.tsv, dark-harness sweep); no local coverage leg — COVERAGE.md known distortion 7 rule (b)
numeric-probe	proofs::eq_numeric_send_snd2	fleet-solved family registration (expected=unmeasured in SUITE.tsv, dark-harness sweep); no local coverage leg — COVERAGE.md known distortion 7 rule (b)
numeric-probe	proofs::eq_numeric_send_snd3	fleet-solved family registration (expected=unmeasured in SUITE.tsv, dark-harness sweep); no local coverage leg — COVERAGE.md known distortion 7 rule (b)
numeric-probe	proofs::eq_numeric_send_snd4	fleet-solved family registration (expected=unmeasured in SUITE.tsv, dark-harness sweep); no local coverage leg — COVERAGE.md known distortion 7 rule (b)
numeric-probe	proofs::eq_numeric_trim_scale_nd4	fleet-solved family registration (expected=unmeasured in SUITE.tsv, dark-harness sweep); no local coverage leg — COVERAGE.md known distortion 7 rule (b)
oracle-compat	proofs::control_dobyteatrim_short_set	fleet-solved family registration (expected=unmeasured in SUITE.tsv, dark-harness sweep); no local coverage leg — COVERAGE.md known distortion 7 rule (b)
oracle-compat	proofs::cover_oracle_regimes	fleet-solved family registration (expected=unmeasured in SUITE.tsv, dark-harness sweep); no local coverage leg — COVERAGE.md known distortion 7 rule (b)
oracle-compat	proofs::eq_anychar_typmodout_band	fleet-solved family registration (expected=unmeasured in SUITE.tsv, dark-harness sweep); no local coverage leg — COVERAGE.md known distortion 7 rule (b)
oracle-compat	proofs::eq_dobyteatrim_window	fleet-solved family registration (expected=unmeasured in SUITE.tsv, dark-harness sweep); no local coverage leg — COVERAGE.md known distortion 7 rule (b)
oracle-compat	proofs::eq_dotrim1_window	fleet-solved family registration (expected=unmeasured in SUITE.tsv, dark-harness sweep); no local coverage leg — COVERAGE.md known distortion 7 rule (b)
oracle-compat	proofs::eq_dotrim_window_latin1	fleet-solved family registration (expected=unmeasured in SUITE.tsv, dark-harness sweep); no local coverage leg — COVERAGE.md known distortion 7 rule (b)
oracle-compat	proofs::eq_dotrim_window_utf8	fleet-solved family registration (expected=unmeasured in SUITE.tsv, dark-harness sweep); no local coverage leg — COVERAGE.md known distortion 7 rule (b)
oracle-compat	proofs::eq_lpad_err_plane	fleet-solved family registration (expected=unmeasured in SUITE.tsv, dark-harness sweep); no local coverage leg — COVERAGE.md known distortion 7 rule (b)
oracle-compat	proofs::eq_lpad_latin1	fleet-solved family registration (expected=unmeasured in SUITE.tsv, dark-harness sweep); no local coverage leg — COVERAGE.md known distortion 7 rule (b)
oracle-compat	proofs::eq_name_bpchar	fleet-solved family registration (expected=unmeasured in SUITE.tsv, dark-harness sweep); no local coverage leg — COVERAGE.md known distortion 7 rule (b)
oracle-compat	proofs::eq_repeat_err_plane	fleet-solved family registration (expected=unmeasured in SUITE.tsv, dark-harness sweep); no local coverage leg — COVERAGE.md known distortion 7 rule (b)
oracle-compat	proofs::eq_repeat_small	fleet-solved family registration (expected=unmeasured in SUITE.tsv, dark-harness sweep); no local coverage leg — COVERAGE.md known distortion 7 rule (b)
oracle-compat	proofs::eq_rpad_err_plane	fleet-solved family registration (expected=unmeasured in SUITE.tsv, dark-harness sweep); no local coverage leg — COVERAGE.md known distortion 7 rule (b)
oracle-compat	proofs::eq_rpad_latin1	fleet-solved family registration (expected=unmeasured in SUITE.tsv, dark-harness sweep); no local coverage leg — COVERAGE.md known distortion 7 rule (b)
oracle-compat	proofs::eq_text_reverse_latin1	fleet-solved family registration (expected=unmeasured in SUITE.tsv, dark-harness sweep); no local coverage leg — COVERAGE.md known distortion 7 rule (b)
oracle-compat	proofs::spot_anychar_typmodout_wide	fleet-solved family registration (expected=unmeasured in SUITE.tsv, dark-harness sweep); no local coverage leg — COVERAGE.md known distortion 7 rule (b)
oracle-compat	proofs::spot_fc_btrim_utf8	fleet-solved family registration (expected=unmeasured in SUITE.tsv, dark-harness sweep); no local coverage leg — COVERAGE.md known distortion 7 rule (b)
oracle-compat	proofs::spot_fc_byteatrims	fleet-solved family registration (expected=unmeasured in SUITE.tsv, dark-harness sweep); no local coverage leg — COVERAGE.md known distortion 7 rule (b)
oracle-compat	proofs::spot_fc_trims1	fleet-solved family registration (expected=unmeasured in SUITE.tsv, dark-harness sweep); no local coverage leg — COVERAGE.md known distortion 7 rule (b)
oracle-compat	proofs::spot_fc_trims_text	fleet-solved family registration (expected=unmeasured in SUITE.tsv, dark-harness sweep); no local coverage leg — COVERAGE.md known distortion 7 rule (b)
oracle-compat	proofs::spot_pads_utf8	fleet-solved family registration (expected=unmeasured in SUITE.tsv, dark-harness sweep); no local coverage leg — COVERAGE.md known distortion 7 rule (b)
oracle-compat	proofs::spot_text_reverse_utf8	fleet-solved family registration (expected=unmeasured in SUITE.tsv, dark-harness sweep); no local coverage leg — COVERAGE.md known distortion 7 rule (b)
oracle-compat	proofs::spot_translate_latin1	fleet-solved family registration (expected=unmeasured in SUITE.tsv, dark-harness sweep); no local coverage leg — COVERAGE.md known distortion 7 rule (b)
oracle-compat	proofs::spot_translate_utf8	fleet-solved family registration (expected=unmeasured in SUITE.tsv, dark-harness sweep); no local coverage leg — COVERAGE.md known distortion 7 rule (b)
pg_lsn	wave5::eq_pg_lsn_recv_core_d0	fleet-solved family registration (expected=unmeasured in SUITE.tsv, dark-harness sweep); no local coverage leg — COVERAGE.md known distortion 7 rule (b)
pg_lsn	wave5::eq_pg_lsn_recv_core_d1	fleet-solved family registration (expected=unmeasured in SUITE.tsv, dark-harness sweep); no local coverage leg — COVERAGE.md known distortion 7 rule (b)
pg_lsn	wave5::eq_pg_lsn_recv_core_d10	fleet-solved family registration (expected=unmeasured in SUITE.tsv, dark-harness sweep); no local coverage leg — COVERAGE.md known distortion 7 rule (b)
pg_lsn	wave5::eq_pg_lsn_recv_core_d11	fleet-solved family registration (expected=unmeasured in SUITE.tsv, dark-harness sweep); no local coverage leg — COVERAGE.md known distortion 7 rule (b)
pg_lsn	wave5::eq_pg_lsn_recv_core_d12	fleet-solved family registration (expected=unmeasured in SUITE.tsv, dark-harness sweep); no local coverage leg — COVERAGE.md known distortion 7 rule (b)
pg_lsn	wave5::eq_pg_lsn_recv_core_d2	fleet-solved family registration (expected=unmeasured in SUITE.tsv, dark-harness sweep); no local coverage leg — COVERAGE.md known distortion 7 rule (b)
pg_lsn	wave5::eq_pg_lsn_recv_core_d3	fleet-solved family registration (expected=unmeasured in SUITE.tsv, dark-harness sweep); no local coverage leg — COVERAGE.md known distortion 7 rule (b)
pg_lsn	wave5::eq_pg_lsn_recv_core_d4	fleet-solved family registration (expected=unmeasured in SUITE.tsv, dark-harness sweep); no local coverage leg — COVERAGE.md known distortion 7 rule (b)
pg_lsn	wave5::eq_pg_lsn_recv_core_d5	fleet-solved family registration (expected=unmeasured in SUITE.tsv, dark-harness sweep); no local coverage leg — COVERAGE.md known distortion 7 rule (b)
pg_lsn	wave5::eq_pg_lsn_recv_core_d6	fleet-solved family registration (expected=unmeasured in SUITE.tsv, dark-harness sweep); no local coverage leg — COVERAGE.md known distortion 7 rule (b)
pg_lsn	wave5::eq_pg_lsn_recv_core_d7	fleet-solved family registration (expected=unmeasured in SUITE.tsv, dark-harness sweep); no local coverage leg — COVERAGE.md known distortion 7 rule (b)
pg_lsn	wave5::eq_pg_lsn_recv_core_d8	fleet-solved family registration (expected=unmeasured in SUITE.tsv, dark-harness sweep); no local coverage leg — COVERAGE.md known distortion 7 rule (b)
pg_lsn	wave5::eq_pg_lsn_recv_core_d9	fleet-solved family registration (expected=unmeasured in SUITE.tsv, dark-harness sweep); no local coverage leg — COVERAGE.md known distortion 7 rule (b)
scalar-misc	wave5::eq_oidrecv_core_len3	fleet-solved family registration (expected=unmeasured in SUITE.tsv, dark-harness sweep); no local coverage leg — COVERAGE.md known distortion 7 rule (b)
scalar-misc	wave5::eq_oidrecv_core_len8	fleet-solved family registration (expected=unmeasured in SUITE.tsv, dark-harness sweep); no local coverage leg — COVERAGE.md known distortion 7 rule (b)
strings-scalar	proofs::control_btvarstrequalimage_det_skew	fleet-solved family registration (expected=unmeasured in SUITE.tsv, dark-harness sweep); no local coverage leg — COVERAGE.md known distortion 7 rule (b)
strings-scalar	proofs::control_byteain_len_skew	fleet-solved family registration (expected=unmeasured in SUITE.tsv, dark-harness sweep); no local coverage leg — COVERAGE.md known distortion 7 rule (b)
strings-scalar	proofs::control_toast_typlen_skew	fleet-solved family registration (expected=unmeasured in SUITE.tsv, dark-harness sweep); no local coverage leg — COVERAGE.md known distortion 7 rule (b)
strings-scalar	proofs::cover_byteain_regimes	fleet-solved family registration (expected=unmeasured in SUITE.tsv, dark-harness sweep); no local coverage leg — COVERAGE.md known distortion 7 rule (b)
strings-scalar	proofs::cover_toast_regimes	fleet-solved family registration (expected=unmeasured in SUITE.tsv, dark-harness sweep); no local coverage leg — COVERAGE.md known distortion 7 rule (b)
strings-scalar	proofs::eq_btvarstrequalimage	fleet-solved family registration (expected=unmeasured in SUITE.tsv, dark-harness sweep); no local coverage leg — COVERAGE.md known distortion 7 rule (b)
strings-scalar	proofs::eq_byteain_escape_content_len4	fleet-solved family registration (expected=unmeasured in SUITE.tsv, dark-harness sweep); no local coverage leg — COVERAGE.md known distortion 7 rule (b)
strings-scalar	proofs::eq_byteain_escape_verdict	fleet-solved family registration (expected=unmeasured in SUITE.tsv, dark-harness sweep); no local coverage leg — COVERAGE.md known distortion 7 rule (b)
strings-scalar	proofs::eq_pg_column_compression_nonvarlena	fleet-solved family registration (expected=unmeasured in SUITE.tsv, dark-harness sweep); no local coverage leg — COVERAGE.md known distortion 7 rule (b)
strings-scalar	proofs::eq_pg_column_compression_varlena	fleet-solved family registration (expected=unmeasured in SUITE.tsv, dark-harness sweep); no local coverage leg — COVERAGE.md known distortion 7 rule (b)
strings-scalar	proofs::eq_pg_column_size_cstring	fleet-solved family registration (expected=unmeasured in SUITE.tsv, dark-harness sweep); no local coverage leg — COVERAGE.md known distortion 7 rule (b)
strings-scalar	proofs::eq_pg_column_size_fixed	fleet-solved family registration (expected=unmeasured in SUITE.tsv, dark-harness sweep); no local coverage leg — COVERAGE.md known distortion 7 rule (b)
strings-scalar	proofs::eq_pg_column_size_varlena	fleet-solved family registration (expected=unmeasured in SUITE.tsv, dark-harness sweep); no local coverage leg — COVERAGE.md known distortion 7 rule (b)
strings-scalar	proofs::eq_pg_column_toast_chunk_id	fleet-solved family registration (expected=unmeasured in SUITE.tsv, dark-harness sweep); no local coverage leg — COVERAGE.md known distortion 7 rule (b)
text-slice	wave8::control_bytea_int4_short	fleet-solved family registration (expected=unmeasured in SUITE.tsv, dark-harness sweep); no local coverage leg — COVERAGE.md known distortion 7 rule (b)
text-slice	wave8::control_bytea_reverse_short	fleet-solved family registration (expected=unmeasured in SUITE.tsv, dark-harness sweep); no local coverage leg — COVERAGE.md known distortion 7 rule (b)
text-slice	wave8::cover_bytea_int_err_arms	fleet-solved family registration (expected=unmeasured in SUITE.tsv, dark-harness sweep); no local coverage leg — COVERAGE.md known distortion 7 rule (b)
text-slice	wave8::cover_byteaoverlay_regimes	fleet-solved family registration (expected=unmeasured in SUITE.tsv, dark-harness sweep); no local coverage leg — COVERAGE.md known distortion 7 rule (b)
text-slice	wave8::eq_bytea_bit_count	fleet-solved family registration (expected=unmeasured in SUITE.tsv, dark-harness sweep); no local coverage leg — COVERAGE.md known distortion 7 rule (b)
text-slice	wave8::eq_bytea_int2	fleet-solved family registration (expected=unmeasured in SUITE.tsv, dark-harness sweep); no local coverage leg — COVERAGE.md known distortion 7 rule (b)
text-slice	wave8::eq_bytea_int4	fleet-solved family registration (expected=unmeasured in SUITE.tsv, dark-harness sweep); no local coverage leg — COVERAGE.md known distortion 7 rule (b)
text-slice	wave8::eq_bytea_int8	fleet-solved family registration (expected=unmeasured in SUITE.tsv, dark-harness sweep); no local coverage leg — COVERAGE.md known distortion 7 rule (b)
text-slice	wave8::eq_bytea_larger	fleet-solved family registration (expected=unmeasured in SUITE.tsv, dark-harness sweep); no local coverage leg — COVERAGE.md known distortion 7 rule (b)
text-slice	wave8::eq_bytea_reverse	fleet-solved family registration (expected=unmeasured in SUITE.tsv, dark-harness sweep); no local coverage leg — COVERAGE.md known distortion 7 rule (b)
text-slice	wave8::eq_bytea_smaller	fleet-solved family registration (expected=unmeasured in SUITE.tsv, dark-harness sweep); no local coverage leg — COVERAGE.md known distortion 7 rule (b)
text-slice	wave8::eq_byteaoverlay	fleet-solved family registration (expected=unmeasured in SUITE.tsv, dark-harness sweep); no local coverage leg — COVERAGE.md known distortion 7 rule (b)
text-slice	wave8::eq_byteaoverlay_no_len	fleet-solved family registration (expected=unmeasured in SUITE.tsv, dark-harness sweep); no local coverage leg — COVERAGE.md known distortion 7 rule (b)
text-slice	wave8::eq_byteasend	fleet-solved family registration (expected=unmeasured in SUITE.tsv, dark-harness sweep); no local coverage leg — COVERAGE.md known distortion 7 rule (b)
text-slice	wave8::eq_hashvarlena	fleet-solved family registration (expected=unmeasured in SUITE.tsv, dark-harness sweep); no local coverage leg — COVERAGE.md known distortion 7 rule (b)
text-slice	wave8::eq_hashvarlena_extended	fleet-solved family registration (expected=unmeasured in SUITE.tsv, dark-harness sweep); no local coverage leg — COVERAGE.md known distortion 7 rule (b)
text-slice	wave8::eq_int2_bytea	fleet-solved family registration (expected=unmeasured in SUITE.tsv, dark-harness sweep); no local coverage leg — COVERAGE.md known distortion 7 rule (b)
text-slice	wave8::eq_int4_bytea	fleet-solved family registration (expected=unmeasured in SUITE.tsv, dark-harness sweep); no local coverage leg — COVERAGE.md known distortion 7 rule (b)
text-slice	wave8::eq_int8_bytea	fleet-solved family registration (expected=unmeasured in SUITE.tsv, dark-harness sweep); no local coverage leg — COVERAGE.md known distortion 7 rule (b)
text-slice	wave8::eq_textout	fleet-solved family registration (expected=unmeasured in SUITE.tsv, dark-harness sweep); no local coverage leg — COVERAGE.md known distortion 7 rule (b)
text-slice	wave8::eq_textsend	fleet-solved family registration (expected=unmeasured in SUITE.tsv, dark-harness sweep); no local coverage leg — COVERAGE.md known distortion 7 rule (b)
text-slice	wave8::eq_to_bin32	fleet-solved family registration (expected=unmeasured in SUITE.tsv, dark-harness sweep); no local coverage leg — COVERAGE.md known distortion 7 rule (b)
text-slice	wave8::eq_to_bin64	fleet-solved family registration (expected=unmeasured in SUITE.tsv, dark-harness sweep); no local coverage leg — COVERAGE.md known distortion 7 rule (b)
text-slice	wave8::eq_to_hex32	fleet-solved family registration (expected=unmeasured in SUITE.tsv, dark-harness sweep); no local coverage leg — COVERAGE.md known distortion 7 rule (b)
text-slice	wave8::eq_to_hex64	fleet-solved family registration (expected=unmeasured in SUITE.tsv, dark-harness sweep); no local coverage leg — COVERAGE.md known distortion 7 rule (b)
text-slice	wave8::eq_to_oct32	fleet-solved family registration (expected=unmeasured in SUITE.tsv, dark-harness sweep); no local coverage leg — COVERAGE.md known distortion 7 rule (b)
text-slice	wave8::eq_to_oct64	fleet-solved family registration (expected=unmeasured in SUITE.tsv, dark-harness sweep); no local coverage leg — COVERAGE.md known distortion 7 rule (b)
text-slice	wave8::spot_textin	fleet-solved family registration (expected=unmeasured in SUITE.tsv, dark-harness sweep); no local coverage leg — COVERAGE.md known distortion 7 rule (b)
text-slice	wave8::spot_to_bin32	fleet-solved family registration (expected=unmeasured in SUITE.tsv, dark-harness sweep); no local coverage leg — COVERAGE.md known distortion 7 rule (b)
text-slice	wave8::spot_to_bin64	fleet-solved family registration (expected=unmeasured in SUITE.tsv, dark-harness sweep); no local coverage leg — COVERAGE.md known distortion 7 rule (b)
text-slice	wave8::spot_to_hex32	fleet-solved family registration (expected=unmeasured in SUITE.tsv, dark-harness sweep); no local coverage leg — COVERAGE.md known distortion 7 rule (b)
text-slice	wave8::spot_to_hex64	fleet-solved family registration (expected=unmeasured in SUITE.tsv, dark-harness sweep); no local coverage leg — COVERAGE.md known distortion 7 rule (b)
text-slice	wave8::spot_to_oct32	fleet-solved family registration (expected=unmeasured in SUITE.tsv, dark-harness sweep); no local coverage leg — COVERAGE.md known distortion 7 rule (b)
text-slice	wave8::spot_to_oct64	fleet-solved family registration (expected=unmeasured in SUITE.tsv, dark-harness sweep); no local coverage leg — COVERAGE.md known distortion 7 rule (b)
text-slice	wave8::spot_unknownin	fleet-solved family registration (expected=unmeasured in SUITE.tsv, dark-harness sweep); no local coverage leg — COVERAGE.md known distortion 7 rule (b)
text-slice	wave8::spot_unknownout	fleet-solved family registration (expected=unmeasured in SUITE.tsv, dark-harness sweep); no local coverage leg — COVERAGE.md known distortion 7 rule (b)
text-slice	wave8::spot_unknownsend	fleet-solved family registration (expected=unmeasured in SUITE.tsv, dark-harness sweep); no local coverage leg — COVERAGE.md known distortion 7 rule (b)
uuid	wave5::eq_uuid_recv_core_d0	fleet-solved family registration (expected=unmeasured in SUITE.tsv, dark-harness sweep); no local coverage leg — COVERAGE.md known distortion 7 rule (b)
uuid	wave5::eq_uuid_recv_core_d1	fleet-solved family registration (expected=unmeasured in SUITE.tsv, dark-harness sweep); no local coverage leg — COVERAGE.md known distortion 7 rule (b)
uuid	wave5::eq_uuid_recv_core_d10	fleet-solved family registration (expected=unmeasured in SUITE.tsv, dark-harness sweep); no local coverage leg — COVERAGE.md known distortion 7 rule (b)
uuid	wave5::eq_uuid_recv_core_d11	fleet-solved family registration (expected=unmeasured in SUITE.tsv, dark-harness sweep); no local coverage leg — COVERAGE.md known distortion 7 rule (b)
uuid	wave5::eq_uuid_recv_core_d12	fleet-solved family registration (expected=unmeasured in SUITE.tsv, dark-harness sweep); no local coverage leg — COVERAGE.md known distortion 7 rule (b)
uuid	wave5::eq_uuid_recv_core_d13	fleet-solved family registration (expected=unmeasured in SUITE.tsv, dark-harness sweep); no local coverage leg — COVERAGE.md known distortion 7 rule (b)
uuid	wave5::eq_uuid_recv_core_d14	fleet-solved family registration (expected=unmeasured in SUITE.tsv, dark-harness sweep); no local coverage leg — COVERAGE.md known distortion 7 rule (b)
uuid	wave5::eq_uuid_recv_core_d15	fleet-solved family registration (expected=unmeasured in SUITE.tsv, dark-harness sweep); no local coverage leg — COVERAGE.md known distortion 7 rule (b)
uuid	wave5::eq_uuid_recv_core_d16	fleet-solved family registration (expected=unmeasured in SUITE.tsv, dark-harness sweep); no local coverage leg — COVERAGE.md known distortion 7 rule (b)
uuid	wave5::eq_uuid_recv_core_d17	fleet-solved family registration (expected=unmeasured in SUITE.tsv, dark-harness sweep); no local coverage leg — COVERAGE.md known distortion 7 rule (b)
uuid	wave5::eq_uuid_recv_core_d18	fleet-solved family registration (expected=unmeasured in SUITE.tsv, dark-harness sweep); no local coverage leg — COVERAGE.md known distortion 7 rule (b)
uuid	wave5::eq_uuid_recv_core_d19	fleet-solved family registration (expected=unmeasured in SUITE.tsv, dark-harness sweep); no local coverage leg — COVERAGE.md known distortion 7 rule (b)
uuid	wave5::eq_uuid_recv_core_d2	fleet-solved family registration (expected=unmeasured in SUITE.tsv, dark-harness sweep); no local coverage leg — COVERAGE.md known distortion 7 rule (b)
uuid	wave5::eq_uuid_recv_core_d20	fleet-solved family registration (expected=unmeasured in SUITE.tsv, dark-harness sweep); no local coverage leg — COVERAGE.md known distortion 7 rule (b)
uuid	wave5::eq_uuid_recv_core_d3	fleet-solved family registration (expected=unmeasured in SUITE.tsv, dark-harness sweep); no local coverage leg — COVERAGE.md known distortion 7 rule (b)
uuid	wave5::eq_uuid_recv_core_d4	fleet-solved family registration (expected=unmeasured in SUITE.tsv, dark-harness sweep); no local coverage leg — COVERAGE.md known distortion 7 rule (b)
uuid	wave5::eq_uuid_recv_core_d5	fleet-solved family registration (expected=unmeasured in SUITE.tsv, dark-harness sweep); no local coverage leg — COVERAGE.md known distortion 7 rule (b)
uuid	wave5::eq_uuid_recv_core_d6	fleet-solved family registration (expected=unmeasured in SUITE.tsv, dark-harness sweep); no local coverage leg — COVERAGE.md known distortion 7 rule (b)
uuid	wave5::eq_uuid_recv_core_d7	fleet-solved family registration (expected=unmeasured in SUITE.tsv, dark-harness sweep); no local coverage leg — COVERAGE.md known distortion 7 rule (b)
uuid	wave5::eq_uuid_recv_core_d8	fleet-solved family registration (expected=unmeasured in SUITE.tsv, dark-harness sweep); no local coverage leg — COVERAGE.md known distortion 7 rule (b)
uuid	wave5::eq_uuid_recv_core_d9	fleet-solved family registration (expected=unmeasured in SUITE.tsv, dark-harness sweep); no local coverage leg — COVERAGE.md known distortion 7 rule (b)
uuid	wave5::eq_uuid_recv_core_ok16_0	fleet-solved family registration (expected=unmeasured in SUITE.tsv, dark-harness sweep); no local coverage leg — COVERAGE.md known distortion 7 rule (b)
uuid	wave5::eq_uuid_recv_core_ok17_0	fleet-solved family registration (expected=unmeasured in SUITE.tsv, dark-harness sweep); no local coverage leg — COVERAGE.md known distortion 7 rule (b)
uuid	wave5::eq_uuid_recv_core_ok17_1	fleet-solved family registration (expected=unmeasured in SUITE.tsv, dark-harness sweep); no local coverage leg — COVERAGE.md known distortion 7 rule (b)
uuid	wave5::eq_uuid_recv_core_ok18_0	fleet-solved family registration (expected=unmeasured in SUITE.tsv, dark-harness sweep); no local coverage leg — COVERAGE.md known distortion 7 rule (b)
uuid	wave5::eq_uuid_recv_core_ok18_1	fleet-solved family registration (expected=unmeasured in SUITE.tsv, dark-harness sweep); no local coverage leg — COVERAGE.md known distortion 7 rule (b)
uuid	wave5::eq_uuid_recv_core_ok18_2	fleet-solved family registration (expected=unmeasured in SUITE.tsv, dark-harness sweep); no local coverage leg — COVERAGE.md known distortion 7 rule (b)
uuid	wave5::eq_uuid_recv_core_ok19_0	fleet-solved family registration (expected=unmeasured in SUITE.tsv, dark-harness sweep); no local coverage leg — COVERAGE.md known distortion 7 rule (b)
uuid	wave5::eq_uuid_recv_core_ok19_1	fleet-solved family registration (expected=unmeasured in SUITE.tsv, dark-harness sweep); no local coverage leg — COVERAGE.md known distortion 7 rule (b)
uuid	wave5::eq_uuid_recv_core_ok19_2	fleet-solved family registration (expected=unmeasured in SUITE.tsv, dark-harness sweep); no local coverage leg — COVERAGE.md known distortion 7 rule (b)
uuid	wave5::eq_uuid_recv_core_ok19_3	fleet-solved family registration (expected=unmeasured in SUITE.tsv, dark-harness sweep); no local coverage leg — COVERAGE.md known distortion 7 rule (b)
uuid	wave5::eq_uuid_recv_core_ok20_0	fleet-solved family registration (expected=unmeasured in SUITE.tsv, dark-harness sweep); no local coverage leg — COVERAGE.md known distortion 7 rule (b)
uuid	wave5::eq_uuid_recv_core_ok20_1	fleet-solved family registration (expected=unmeasured in SUITE.tsv, dark-harness sweep); no local coverage leg — COVERAGE.md known distortion 7 rule (b)
uuid	wave5::eq_uuid_recv_core_ok20_2	fleet-solved family registration (expected=unmeasured in SUITE.tsv, dark-harness sweep); no local coverage leg — COVERAGE.md known distortion 7 rule (b)
uuid	wave5::eq_uuid_recv_core_ok20_3	fleet-solved family registration (expected=unmeasured in SUITE.tsv, dark-harness sweep); no local coverage leg — COVERAGE.md known distortion 7 rule (b)
uuid	wave5::eq_uuid_recv_core_ok20_4	fleet-solved family registration (expected=unmeasured in SUITE.tsv, dark-harness sweep); no local coverage leg — COVERAGE.md known distortion 7 rule (b)
vector-io	proofs::control_ovin_shifted_input	fleet-solved family registration (expected=unmeasured in SUITE.tsv, dark-harness sweep); no local coverage leg — COVERAGE.md known distortion 7 rule (b)
vector-io	proofs::control_ovout_value_skew	fleet-solved family registration (expected=unmeasured in SUITE.tsv, dark-harness sweep); no local coverage leg — COVERAGE.md known distortion 7 rule (b)
vector-io	proofs::cover_ovin_both_arms	fleet-solved family registration (expected=unmeasured in SUITE.tsv, dark-harness sweep); no local coverage leg — COVERAGE.md known distortion 7 rule (b)
vector-io	proofs::eq_i2vin_len0	fleet-solved family registration (expected=unmeasured in SUITE.tsv, dark-harness sweep); no local coverage leg — COVERAGE.md known distortion 7 rule (b)
vector-io	proofs::eq_i2vin_len1	fleet-solved family registration (expected=unmeasured in SUITE.tsv, dark-harness sweep); no local coverage leg — COVERAGE.md known distortion 7 rule (b)
vector-io	proofs::eq_i2vin_len2	fleet-solved family registration (expected=unmeasured in SUITE.tsv, dark-harness sweep); no local coverage leg — COVERAGE.md known distortion 7 rule (b)
vector-io	proofs::eq_i2vin_len3	fleet-solved family registration (expected=unmeasured in SUITE.tsv, dark-harness sweep); no local coverage leg — COVERAGE.md known distortion 7 rule (b)
vector-io	proofs::eq_i2vin_len4	fleet-solved family registration (expected=unmeasured in SUITE.tsv, dark-harness sweep); no local coverage leg — COVERAGE.md known distortion 7 rule (b)
vector-io	proofs::eq_i2vin_len5	fleet-solved family registration (expected=unmeasured in SUITE.tsv, dark-harness sweep); no local coverage leg — COVERAGE.md known distortion 7 rule (b)
vector-io	proofs::eq_i2vin_spots	fleet-solved family registration (expected=unmeasured in SUITE.tsv, dark-harness sweep); no local coverage leg — COVERAGE.md known distortion 7 rule (b)
vector-io	proofs::eq_i2vout_n0	fleet-solved family registration (expected=unmeasured in SUITE.tsv, dark-harness sweep); no local coverage leg — COVERAGE.md known distortion 7 rule (b)
vector-io	proofs::eq_i2vout_n1	fleet-solved family registration (expected=unmeasured in SUITE.tsv, dark-harness sweep); no local coverage leg — COVERAGE.md known distortion 7 rule (b)
vector-io	proofs::eq_i2vout_n2	fleet-solved family registration (expected=unmeasured in SUITE.tsv, dark-harness sweep); no local coverage leg — COVERAGE.md known distortion 7 rule (b)
vector-io	proofs::eq_i2vout_n2_band100	fleet-solved family registration (expected=unmeasured in SUITE.tsv, dark-harness sweep); no local coverage leg — COVERAGE.md known distortion 7 rule (b)
vector-io	proofs::eq_i2vout_spot_bounds	fleet-solved family registration (expected=unmeasured in SUITE.tsv, dark-harness sweep); no local coverage leg — COVERAGE.md known distortion 7 rule (b)
vector-io	proofs::eq_i2vout_spot_mixed	fleet-solved family registration (expected=unmeasured in SUITE.tsv, dark-harness sweep); no local coverage leg — COVERAGE.md known distortion 7 rule (b)
vector-io	proofs::eq_ovin_len0	fleet-solved family registration (expected=unmeasured in SUITE.tsv, dark-harness sweep); no local coverage leg — COVERAGE.md known distortion 7 rule (b)
vector-io	proofs::eq_ovin_len1	fleet-solved family registration (expected=unmeasured in SUITE.tsv, dark-harness sweep); no local coverage leg — COVERAGE.md known distortion 7 rule (b)
vector-io	proofs::eq_ovin_len2	fleet-solved family registration (expected=unmeasured in SUITE.tsv, dark-harness sweep); no local coverage leg — COVERAGE.md known distortion 7 rule (b)
vector-io	proofs::eq_ovin_len3	fleet-solved family registration (expected=unmeasured in SUITE.tsv, dark-harness sweep); no local coverage leg — COVERAGE.md known distortion 7 rule (b)
vector-io	proofs::eq_ovin_len4	fleet-solved family registration (expected=unmeasured in SUITE.tsv, dark-harness sweep); no local coverage leg — COVERAGE.md known distortion 7 rule (b)
vector-io	proofs::eq_ovin_len5	fleet-solved family registration (expected=unmeasured in SUITE.tsv, dark-harness sweep); no local coverage leg — COVERAGE.md known distortion 7 rule (b)
vector-io	proofs::eq_ovin_spots	fleet-solved family registration (expected=unmeasured in SUITE.tsv, dark-harness sweep); no local coverage leg — COVERAGE.md known distortion 7 rule (b)
vector-io	proofs::eq_ovout_n0	fleet-solved family registration (expected=unmeasured in SUITE.tsv, dark-harness sweep); no local coverage leg — COVERAGE.md known distortion 7 rule (b)
vector-io	proofs::eq_ovout_n1	fleet-solved family registration (expected=unmeasured in SUITE.tsv, dark-harness sweep); no local coverage leg — COVERAGE.md known distortion 7 rule (b)
vector-io	proofs::eq_ovout_n2	fleet-solved family registration (expected=unmeasured in SUITE.tsv, dark-harness sweep); no local coverage leg — COVERAGE.md known distortion 7 rule (b)
vector-io	proofs::eq_ovout_spots	fleet-solved family registration (expected=unmeasured in SUITE.tsv, dark-harness sweep); no local coverage leg — COVERAGE.md known distortion 7 rule (b)
xid8snap	proofs::spot_parse_bad_tail	fleet-solved family registration (expected=unmeasured in SUITE.tsv, dark-harness sweep); no local coverage leg — COVERAGE.md known distortion 7 rule (b)
xid8snap	proofs::spot_parse_dedup	fleet-solved family registration (expected=unmeasured in SUITE.tsv, dark-harness sweep); no local coverage leg — COVERAGE.md known distortion 7 rule (b)
xid8snap	proofs::spot_parse_empty	fleet-solved family registration (expected=unmeasured in SUITE.tsv, dark-harness sweep); no local coverage leg — COVERAGE.md known distortion 7 rule (b)
xid8snap	proofs::spot_parse_garbage	fleet-solved family registration (expected=unmeasured in SUITE.tsv, dark-harness sweep); no local coverage leg — COVERAGE.md known distortion 7 rule (b)
xid8snap	proofs::spot_parse_inner_space	fleet-solved family registration (expected=unmeasured in SUITE.tsv, dark-harness sweep); no local coverage leg — COVERAGE.md known distortion 7 rule (b)
xid8snap	proofs::spot_parse_missing_colon	fleet-solved family registration (expected=unmeasured in SUITE.tsv, dark-harness sweep); no local coverage leg — COVERAGE.md known distortion 7 rule (b)
xid8snap	proofs::spot_parse_neg_sign	fleet-solved family registration (expected=unmeasured in SUITE.tsv, dark-harness sweep); no local coverage leg — COVERAGE.md known distortion 7 rule (b)
xid8snap	proofs::spot_parse_one_xip	fleet-solved family registration (expected=unmeasured in SUITE.tsv, dark-harness sweep); no local coverage leg — COVERAGE.md known distortion 7 rule (b)
xid8snap	proofs::spot_parse_overflow_sat	fleet-solved family registration (expected=unmeasured in SUITE.tsv, dark-harness sweep); no local coverage leg — COVERAGE.md known distortion 7 rule (b)
xid8snap	proofs::spot_parse_trailing_comma	fleet-solved family registration (expected=unmeasured in SUITE.tsv, dark-harness sweep); no local coverage leg — COVERAGE.md known distortion 7 rule (b)
xid8snap	proofs::spot_parse_two_xips	fleet-solved family registration (expected=unmeasured in SUITE.tsv, dark-harness sweep); no local coverage leg — COVERAGE.md known distortion 7 rule (b)
xid8snap	proofs::spot_parse_u64_max	fleet-solved family registration (expected=unmeasured in SUITE.tsv, dark-harness sweep); no local coverage leg — COVERAGE.md known distortion 7 rule (b)
xid8snap	proofs::spot_parse_unordered	fleet-solved family registration (expected=unmeasured in SUITE.tsv, dark-harness sweep); no local coverage leg — COVERAGE.md known distortion 7 rule (b)
xid8snap	proofs::spot_parse_xip_at_xmax	fleet-solved family registration (expected=unmeasured in SUITE.tsv, dark-harness sweep); no local coverage leg — COVERAGE.md known distortion 7 rule (b)
xid8snap	proofs::spot_parse_xip_below_xmin	fleet-solved family registration (expected=unmeasured in SUITE.tsv, dark-harness sweep); no local coverage leg — COVERAGE.md known distortion 7 rule (b)
xid8snap	proofs::spot_parse_xmax_lt_xmin	fleet-solved family registration (expected=unmeasured in SUITE.tsv, dark-harness sweep); no local coverage leg — COVERAGE.md known distortion 7 rule (b)
xid8snap	proofs::spot_parse_zero_xmax	fleet-solved family registration (expected=unmeasured in SUITE.tsv, dark-harness sweep); no local coverage leg — COVERAGE.md known distortion 7 rule (b)
xid8snap	proofs::spot_parse_zero_xmin	fleet-solved family registration (expected=unmeasured in SUITE.tsv, dark-harness sweep); no local coverage leg — COVERAGE.md known distortion 7 rule (b)
jsonb-probe	proofs::eq_path_arr_bigsub	fleet-solved family registration (expected=unmeasured in SUITE.tsv, dark-harness sweep); no local coverage leg — COVERAGE.md known distortion 7 rule (b)
jsonb-probe	proofs::eq_path_nested_len2	fleet-solved family registration (expected=unmeasured in SUITE.tsv, dark-harness sweep); no local coverage leg — COVERAGE.md known distortion 7 rule (b)
jsonb-probe	proofs::eq_jsonb_int8_w4n5	fleet-solved family registration (expected=unmeasured in SUITE.tsv, dark-harness sweep); no local coverage leg — COVERAGE.md known distortion 7 rule (b)
jsonb-probe	proofs::eq_jsonb_int8_special	fleet-solved family registration (expected=unmeasured in SUITE.tsv, dark-harness sweep); no local coverage leg — COVERAGE.md known distortion 7 rule (b)
jsonb-probe	proofs::eq_jsonb_int4_special	fleet-solved family registration (expected=unmeasured in SUITE.tsv, dark-harness sweep); no local coverage leg — COVERAGE.md known distortion 7 rule (b)
jsonb-probe	proofs::eq_jsonb_int2_special	fleet-solved family registration (expected=unmeasured in SUITE.tsv, dark-harness sweep); no local coverage leg — COVERAGE.md known distortion 7 rule (b)
jsonb-probe	proofs::eq_jsonb_float8_special	fleet-solved family registration (expected=unmeasured in SUITE.tsv, dark-harness sweep); no local coverage leg — COVERAGE.md known distortion 7 rule (b)
jsonb-probe	proofs::eq_jsonb_float4_special	fleet-solved family registration (expected=unmeasured in SUITE.tsv, dark-harness sweep); no local coverage leg — COVERAGE.md known distortion 7 rule (b)
jsonb-probe	proofs::eq_build_array_noargs	fleet-solved family registration (expected=unmeasured in SUITE.tsv, dark-harness sweep); no local coverage leg — COVERAGE.md known distortion 7 rule (b)
jsonb-probe	proofs::eq_build_object_noargs	fleet-solved family registration (expected=unmeasured in SUITE.tsv, dark-harness sweep); no local coverage leg — COVERAGE.md known distortion 7 rule (b)
datetime-cmp	native_diff_dividers	not a Kani harness: native differential binary (SUITE flags = cargo run --bin native_diff_dividers, expected=missing, tested(differential) tier) — no kaniraw possible; its 14.0M-check differential is a separate assurance axis
