Kani Rust Verifier 0.67.0 (cargo plugin)
warning: variant `Malloc` is never constructed
  --> /Users/malisper/dev/pgrust-fast/.wt-covfix/crates/_support/mcx/src/lib.rs:64:5
   |
61 | enum Backend {
   |      ------- variant in this enum
...
64 |     Malloc,
   |     ^^^^^^
   |
   = note: `#[warn(dead_code)]` (part of `#[warn(unused)]`) on by default

warning: function `chunk_size` is never used
   --> /Users/malisper/dev/pgrust-fast/.wt-covfix/crates/_support/mcx/src/aset.rs:284:4
    |
284 | fn chunk_size(idx: usize) -> usize {
    |    ^^^^^^^^^^

warning: method `mem_allocated` is never used
   --> /Users/malisper/dev/pgrust-fast/.wt-covfix/crates/_support/mcx/src/aset.rs:340:19
    |
306 | impl AllocSet {
    | ------------- method in this implementation
...
340 |     pub(crate) fn mem_allocated(&self) -> usize {
    |                   ^^^^^^^^^^^^^

warning: variant `ROW_MARK_EXCLUSIVE` should have an upper camel case name
   --> /Users/malisper/dev/pgrust-fast/.wt-covfix/crates/_support/types/nodes/src/plannodes.rs:897:5
    |
897 |     ROW_MARK_EXCLUSIVE = 0,
    |     ^^^^^^^^^^^^^^^^^^ help: convert the identifier to upper camel case: `RowMarkExclusive`
    |
    = note: `#[warn(non_camel_case_types)]` (part of `#[warn(nonstandard_style)]`) on by default

warning: variant `ROW_MARK_NOKEYEXCLUSIVE` should have an upper camel case name
   --> /Users/malisper/dev/pgrust-fast/.wt-covfix/crates/_support/types/nodes/src/plannodes.rs:898:5
    |
898 |     ROW_MARK_NOKEYEXCLUSIVE = 1,
    |     ^^^^^^^^^^^^^^^^^^^^^^^ help: convert the identifier to upper camel case: `RowMarkNokeyexclusive`

warning: variant `ROW_MARK_SHARE` should have an upper camel case name
   --> /Users/malisper/dev/pgrust-fast/.wt-covfix/crates/_support/types/nodes/src/plannodes.rs:899:5
    |
899 |     ROW_MARK_SHARE = 2,
    |     ^^^^^^^^^^^^^^ help: convert the identifier to upper camel case: `RowMarkShare`

warning: variant `ROW_MARK_KEYSHARE` should have an upper camel case name
   --> /Users/malisper/dev/pgrust-fast/.wt-covfix/crates/_support/types/nodes/src/plannodes.rs:900:5
    |
900 |     ROW_MARK_KEYSHARE = 3,
    |     ^^^^^^^^^^^^^^^^^ help: convert the identifier to upper camel case: `RowMarkKeyshare`

warning: variant `ROW_MARK_REFERENCE` should have an upper camel case name
   --> /Users/malisper/dev/pgrust-fast/.wt-covfix/crates/_support/types/nodes/src/plannodes.rs:901:5
    |
901 |     ROW_MARK_REFERENCE = 4,
    |     ^^^^^^^^^^^^^^^^^^ help: convert the identifier to upper camel case: `RowMarkReference`

warning: variant `ROW_MARK_COPY` should have an upper camel case name
   --> /Users/malisper/dev/pgrust-fast/.wt-covfix/crates/_support/types/nodes/src/plannodes.rs:902:5
    |
902 |     ROW_MARK_COPY = 5,
    |     ^^^^^^^^^^^^^ help: convert the identifier to upper camel case: `RowMarkCopy`

warning: unused imports: `LOG_DESTINATION_CSVLOG` and `LOG_DESTINATION_JSONLOG`
  --> /Users/malisper/dev/pgrust-fast/.wt-covfix/crates/backend/utils/error/elog/src/config.rs:10:61
   |
10 |     ErrorLevel, PGErrorVerbosity, PgError, PgResult, ERROR, LOG_DESTINATION_CSVLOG,
   |                                                             ^^^^^^^^^^^^^^^^^^^^^^
11 |     LOG_DESTINATION_JSONLOG, LOG_DESTINATION_STDERR, LOG_DESTINATION_SYSLOG, NOTICE, WARNING,
   |     ^^^^^^^^^^^^^^^^^^^^^^^
   |
   = note: `#[warn(unused_imports)]` (part of `#[warn(unused)]`) on by default

warning: unused import: `OptNodeList`
  --> /Users/malisper/dev/pgrust-fast/.wt-covfix/crates/backend/nodes/readfuncs/src/lib.rs:12:53
   |
12 | use types_nodes::list::{IntList, NodeList, OidList, OptNodeList};
   |                                                     ^^^^^^^^^^^
   |
   = note: `#[warn(unused_imports)]` (part of `#[warn(unused)]`) on by default

warning: unused import: `CoerceViaIO`
  --> /Users/malisper/dev/pgrust-fast/.wt-covfix/crates/backend/nodes/readfuncs/src/lib.rs:22:19
   |
22 |     CoalesceExpr, CoerceViaIO, CoercionForm, Const, FieldSelect, FieldStore, FromExpr, FuncExpr,
   |                   ^^^^^^^^^^^

warning: unreachable pattern
   --> /Users/malisper/dev/pgrust-fast/.wt-covfix/crates/backend/nodes/outfuncs/src/lib.rs:522:9
    |
124 |         NodeTag::T_CaseExpr => {
    |         ------------------- matches all the relevant values
...
522 |         NodeTag::T_CaseExpr => {
    |         ^^^^^^^^^^^^^^^^^^^ no value can reach this
    |
    = note: `#[warn(unreachable_patterns)]` (part of `#[warn(unused)]`) on by default

warning: unreachable pattern
   --> /Users/malisper/dev/pgrust-fast/.wt-covfix/crates/backend/nodes/outfuncs/src/lib.rs:532:9
    |
134 |         NodeTag::T_CaseWhen => {
    |         ------------------- matches all the relevant values
...
532 |         NodeTag::T_CaseWhen => {
    |         ^^^^^^^^^^^^^^^^^^^ no value can reach this

warning: unreachable pattern
   --> /Users/malisper/dev/pgrust-fast/.wt-covfix/crates/backend/nodes/outfuncs/src/lib.rs:587:9
    |
150 |         NodeTag::T_WindowFunc => {
    |         --------------------- matches all the relevant values
...
587 |         NodeTag::T_WindowFunc => {
    |         ^^^^^^^^^^^^^^^^^^^^^ no value can reach this

warning: unreachable pattern
   --> /Users/malisper/dev/pgrust-fast/.wt-covfix/crates/backend/nodes/outfuncs/src/lib.rs:606:9
    |
194 |         NodeTag::T_SetOperationStmt => {
    |         --------------------------- matches all the relevant values
...
606 |         NodeTag::T_SetOperationStmt => {
    |         ^^^^^^^^^^^^^^^^^^^^^^^^^^^ no value can reach this

warning: unreachable pattern
   --> /Users/malisper/dev/pgrust-fast/.wt-covfix/crates/backend/nodes/outfuncs/src/lib.rs:727:9
    |
479 |         NodeTag::T_NotifyStmt => out_notify_stmt(
    |         --------------------- matches all the relevant values
...
727 |         NodeTag::T_NotifyStmt => {
    |         ^^^^^^^^^^^^^^^^^^^^^ no value can reach this

warning: variable does not need to be mutable
   --> /Users/malisper/dev/pgrust-fast/.wt-covfix/crates/_support/types/pathnodes/src/run.rs:381:13
    |
381 |         let mut add = |outer: &mut crate::Relids<'mcx>, id: i32| {
    |             ----^^^
    |             |
    |             help: remove this `mut`
    |
    = note: `#[warn(unused_mut)]` (part of `#[warn(unused)]`) on by default

warning: variable does not need to be mutable
   --> /Users/malisper/dev/pgrust-fast/.wt-covfix/crates/_support/types/pathnodes/src/run.rs:414:17
    |
414 |             let mut add = |outer: &mut crate::Relids<'mcx>, id: i32| {
    |                 ----^^^
    |                 |
    |                 help: remove this `mut`

warning: unused import: `SetFunctionReturnMode`
 --> /Users/malisper/dev/pgrust-fast/.wt-covfix/crates/backend/utils/fmgr/funcapi_srf/src/lib.rs:4:62
  |
4 | use fmgr::{ExprDoneCond, FmgrInfo, FunctionCallInfoBaseData, SetFunctionReturnMode};
  |                                                              ^^^^^^^^^^^^^^^^^^^^^
  |
  = note: `#[warn(unused_imports)]` (part of `#[warn(unused)]`) on by default

warning: function `init_MultiFuncCall` should have a snake case name
  --> /Users/malisper/dev/pgrust-fast/.wt-covfix/crates/backend/utils/fmgr/funcapi_srf/src/lib.rs:44:8
   |
44 | pub fn init_MultiFuncCall<'a>(
   |        ^^^^^^^^^^^^^^^^^^ help: convert the identifier to snake case: `init_multi_func_call`
   |
   = note: `#[warn(non_snake_case)]` (part of `#[warn(nonstandard_style)]`) on by default

warning: function `per_MultiFuncCall` should have a snake case name
  --> /Users/malisper/dev/pgrust-fast/.wt-covfix/crates/backend/utils/fmgr/funcapi_srf/src/lib.rs:64:8
   |
64 | pub fn per_MultiFuncCall(flinfo: &mut FmgrInfo) -> &mut FuncCallContext {
   |        ^^^^^^^^^^^^^^^^^ help: convert the identifier to snake case: `per_multi_func_call`

warning: function `end_MultiFuncCall` should have a snake case name
  --> /Users/malisper/dev/pgrust-fast/.wt-covfix/crates/backend/utils/fmgr/funcapi_srf/src/lib.rs:70:8
   |
70 | pub fn end_MultiFuncCall(flinfo: &mut FmgrInfo) {
   |        ^^^^^^^^^^^^^^^^^ help: convert the identifier to snake case: `end_multi_func_call`

warning: type `spgChooseIn` should have an upper camel case name
  --> /Users/malisper/dev/pgrust-fast/.wt-covfix/crates/_support/types/types_spgist/src/state.rs:92:12
   |
92 | pub struct spgChooseIn {
   |            ^^^^^^^^^^^ help: convert the identifier to upper camel case (notice the capitalization): `SpgChooseIn`
   |
   = note: `#[warn(non_camel_case_types)]` (part of `#[warn(nonstandard_style)]`) on by default

warning: type `spgChooseOut` should have an upper camel case name
   --> /Users/malisper/dev/pgrust-fast/.wt-covfix/crates/_support/types/types_spgist/src/state.rs:104:10
    |
104 | pub enum spgChooseOut {
    |          ^^^^^^^^^^^^ help: convert the identifier to upper camel case (notice the capitalization): `SpgChooseOut`

warning: type `spgPickSplitIn` should have an upper camel case name
   --> /Users/malisper/dev/pgrust-fast/.wt-covfix/crates/_support/types/types_spgist/src/state.rs:127:12
    |
127 | pub struct spgPickSplitIn {
    |            ^^^^^^^^^^^^^^ help: convert the identifier to upper camel case (notice the capitalization): `SpgPickSplitIn`

warning: type `spgPickSplitOut` should have an upper camel case name
   --> /Users/malisper/dev/pgrust-fast/.wt-covfix/crates/_support/types/types_spgist/src/state.rs:134:12
    |
134 | pub struct spgPickSplitOut {
    |            ^^^^^^^^^^^^^^^ help: convert the identifier to upper camel case (notice the capitalization): `SpgPickSplitOut`

warning: type `spgInnerConsistentIn` should have an upper camel case name
   --> /Users/malisper/dev/pgrust-fast/.wt-covfix/crates/_support/types/types_spgist/src/state.rs:157:12
    |
157 | pub struct spgInnerConsistentIn<'a> {
    |            ^^^^^^^^^^^^^^^^^^^^ help: convert the identifier to upper camel case (notice the capitalization): `SpgInnerConsistentIn`

warning: type `spgInnerConsistentOut` should have an upper camel case name
   --> /Users/malisper/dev/pgrust-fast/.wt-covfix/crates/_support/types/types_spgist/src/state.rs:175:12
    |
175 | pub struct spgInnerConsistentOut {
    |            ^^^^^^^^^^^^^^^^^^^^^ help: convert the identifier to upper camel case (notice the capitalization): `SpgInnerConsistentOut`

warning: type `spgLeafConsistentIn` should have an upper camel case name
   --> /Users/malisper/dev/pgrust-fast/.wt-covfix/crates/_support/types/types_spgist/src/state.rs:199:12
    |
199 | pub struct spgLeafConsistentIn {
    |            ^^^^^^^^^^^^^^^^^^^ help: convert the identifier to upper camel case (notice the capitalization): `SpgLeafConsistentIn`

warning: type `spgLeafConsistentOut` should have an upper camel case name
   --> /Users/malisper/dev/pgrust-fast/.wt-covfix/crates/_support/types/types_spgist/src/state.rs:212:12
    |
212 | pub struct spgLeafConsistentOut {
    |            ^^^^^^^^^^^^^^^^^^^^ help: convert the identifier to upper camel case (notice the capitalization): `SpgLeafConsistentOut`

warning: type `spgxlogState` should have an upper camel case name
  --> /Users/malisper/dev/pgrust-fast/.wt-covfix/crates/_support/types/types_spgist/src/xlog.rs:15:12
   |
15 | pub struct spgxlogState {
   |            ^^^^^^^^^^^^ help: convert the identifier to upper camel case (notice the capitalization): `SpgxlogState`

warning: type `spgxlogAddLeaf` should have an upper camel case name
  --> /Users/malisper/dev/pgrust-fast/.wt-covfix/crates/_support/types/types_spgist/src/xlog.rs:40:12
   |
40 | pub struct spgxlogAddLeaf {
   |            ^^^^^^^^^^^^^^ help: convert the identifier to upper camel case (notice the capitalization): `SpgxlogAddLeaf`

warning: type `spgxlogMoveLeafs` should have an upper camel case name
  --> /Users/malisper/dev/pgrust-fast/.wt-covfix/crates/_support/types/types_spgist/src/xlog.rs:76:12
   |
76 | pub struct spgxlogMoveLeafs {
   |            ^^^^^^^^^^^^^^^^ help: convert the identifier to upper camel case (notice the capitalization): `SpgxlogMoveLeafs`

warning: type `spgxlogAddNode` should have an upper camel case name
   --> /Users/malisper/dev/pgrust-fast/.wt-covfix/crates/_support/types/types_spgist/src/xlog.rs:115:12
    |
115 | pub struct spgxlogAddNode {
    |            ^^^^^^^^^^^^^^ help: convert the identifier to upper camel case (notice the capitalization): `SpgxlogAddNode`

warning: type `spgxlogSplitTuple` should have an upper camel case name
   --> /Users/malisper/dev/pgrust-fast/.wt-covfix/crates/_support/types/types_spgist/src/xlog.rs:154:12
    |
154 | pub struct spgxlogSplitTuple {
    |            ^^^^^^^^^^^^^^^^^ help: convert the identifier to upper camel case (notice the capitalization): `SpgxlogSplitTuple`

warning: type `spgxlogPickSplit` should have an upper camel case name
   --> /Users/malisper/dev/pgrust-fast/.wt-covfix/crates/_support/types/types_spgist/src/xlog.rs:184:12
    |
184 | pub struct spgxlogPickSplit {
    |            ^^^^^^^^^^^^^^^^ help: convert the identifier to upper camel case (notice the capitalization): `SpgxlogPickSplit`

warning: type `spgxlogVacuumLeaf` should have an upper camel case name
   --> /Users/malisper/dev/pgrust-fast/.wt-covfix/crates/_support/types/types_spgist/src/xlog.rs:238:12
    |
238 | pub struct spgxlogVacuumLeaf {
    |            ^^^^^^^^^^^^^^^^^ help: convert the identifier to upper camel case (notice the capitalization): `SpgxlogVacuumLeaf`

warning: type `spgxlogVacuumRoot` should have an upper camel case name
   --> /Users/malisper/dev/pgrust-fast/.wt-covfix/crates/_support/types/types_spgist/src/xlog.rs:271:12
    |
271 | pub struct spgxlogVacuumRoot {
    |            ^^^^^^^^^^^^^^^^^ help: convert the identifier to upper camel case (notice the capitalization): `SpgxlogVacuumRoot`

warning: type `spgxlogVacuumRedirect` should have an upper camel case name
   --> /Users/malisper/dev/pgrust-fast/.wt-covfix/crates/_support/types/types_spgist/src/xlog.rs:295:12
    |
295 | pub struct spgxlogVacuumRedirect {
    |            ^^^^^^^^^^^^^^^^^^^^^ help: convert the identifier to upper camel case (notice the capitalization): `SpgxlogVacuumRedirect`

warning: type `spgConfigIn` should have an upper camel case name
   --> /Users/malisper/dev/pgrust-fast/.wt-covfix/crates/_support/types/types_spgist/src/lib.rs:237:12
    |
237 | pub struct spgConfigIn {
    |            ^^^^^^^^^^^ help: convert the identifier to upper camel case (notice the capitalization): `SpgConfigIn`

warning: type `spgConfigOut` should have an upper camel case name
   --> /Users/malisper/dev/pgrust-fast/.wt-covfix/crates/_support/types/types_spgist/src/lib.rs:242:12
    |
242 | pub struct spgConfigOut {
    |            ^^^^^^^^^^^^ help: convert the identifier to upper camel case (notice the capitalization): `SpgConfigOut`

warning: unreachable pattern
  --> /Users/malisper/dev/pgrust-fast/.wt-covfix/crates/backend/nodes/nodes_core/src/node_funcs.rs:47:9
   |
30 |         NodeTag::T_CollateExpr => expr_type(node.as_collate_expr().unwrap().arg),
   |         ---------------------- matches all the relevant values
...
47 |         NodeTag::T_CollateExpr => expr_type(node.as_collate_expr().unwrap().arg),
   |         ^^^^^^^^^^^^^^^^^^^^^^ no value can reach this
   |
   = note: `#[warn(unreachable_patterns)]` (part of `#[warn(unused)]`) on by default

warning: unreachable pattern
   --> /Users/malisper/dev/pgrust-fast/.wt-covfix/crates/backend/nodes/nodes_core/src/node_funcs.rs:194:9
    |
163 |         NodeTag::T_CollateExpr => expr_typmod(node.as_collate_expr().unwrap().arg),
    |         ---------------------- matches all the relevant values
...
194 |         NodeTag::T_CollateExpr => expr_typmod(node.as_collate_expr().unwrap().arg),
    |         ^^^^^^^^^^^^^^^^^^^^^^ no value can reach this

warning: unreachable pattern
   --> /Users/malisper/dev/pgrust-fast/.wt-covfix/crates/backend/nodes/nodes_core/src/node_funcs.rs:296:9
    |
279 |         NodeTag::T_CollateExpr => node.as_collate_expr().unwrap().collOid,
    |         ---------------------- matches all the relevant values
...
296 |         NodeTag::T_CollateExpr => node.as_collate_expr().unwrap().collOid,
    |         ^^^^^^^^^^^^^^^^^^^^^^ no value can reach this

warning: unreachable pattern
   --> /Users/malisper/dev/pgrust-fast/.wt-covfix/crates/backend/nodes/nodes_core/src/node_funcs.rs:476:9
    |
424 |         NodeTag::T_CollateExpr => expr_location(node.as_collate_expr().unwrap().arg),
    |         ---------------------- matches all the relevant values
...
476 |         NodeTag::T_CollateExpr => expr_location(node.as_collate_expr().unwrap().arg),
    |         ^^^^^^^^^^^^^^^^^^^^^^ no value can reach this

warning: unused import: `MemoryContext`
  --> /Users/malisper/dev/pgrust-fast/.wt-covfix/crates/backend/utils/cache/typcache/src/lib.rs:19:16
   |
19 | use mcx::{Mcx, MemoryContext, PgHashMap, PgVec};
   |                ^^^^^^^^^^^^^
   |
   = note: `#[warn(unused_imports)]` (part of `#[warn(unused)]`) on by default

warning: value assigned to `addedafter` is never read
   --> /Users/malisper/dev/pgrust-fast/.wt-covfix/crates/backend/utils/adt/arrayfuncs/src/element.rs:545:26
    |
545 |     let mut addedafter = 0i32;
    |                          ^^^^
    |
    = help: maybe it is overwritten before being read?
    = note: `#[warn(unused_assignments)]` (part of `#[warn(unused)]`) on by default

warning: unnecessary `unsafe` block
   --> /Users/malisper/dev/pgrust-fast/.wt-covfix/crates/backend/utils/adt/arrayfuncs/src/expanded.rs:144:55
    |
141 |     unsafe {
    |     ------ because it's nested under this `unsafe` block
...
144 |         parentcontext.register_reset_callback(move || unsafe { drop(Box::from_raw(p)) });
    |                                                       ^^^^^^ unnecessary `unsafe` block
    |
    = note: `#[warn(unused_unsafe)]` (part of `#[warn(unused)]`) on by default

warning: unnecessary `unsafe` block
   --> /Users/malisper/dev/pgrust-fast/.wt-covfix/crates/backend/utils/adt/arrayfuncs/src/expanded.rs:252:15
    |
252 |         cur + unsafe { varsize_any(value.as_usize() as *const u8) }
    |               ^^^^^^ unnecessary `unsafe` block

warning: unnecessary `unsafe` block
   --> /Users/malisper/dev/pgrust-fast/.wt-covfix/crates/backend/utils/adt/arrayfuncs/src/io.rs:557:15
    |
557 |         -1 => unsafe { varsize_any(p) },
    |               ^^^^^^ unnecessary `unsafe` block

warning: constant `HASH_RECORD_OID` is never used
   --> /Users/malisper/dev/pgrust-fast/.wt-covfix/crates/backend/utils/adt/arrayfuncs/src/builtins.rs:522:7
    |
522 | const HASH_RECORD_OID: Oid = 6192;
    |       ^^^^^^^^^^^^^^^
    |
    = note: `#[warn(dead_code)]` (part of `#[warn(unused)]`) on by default

warning: constant `HASH_RECORD_EXTENDED_OID` is never used
   --> /Users/malisper/dev/pgrust-fast/.wt-covfix/crates/backend/utils/adt/arrayfuncs/src/builtins.rs:523:7
    |
523 | const HASH_RECORD_EXTENDED_OID: Oid = 6193;
    |       ^^^^^^^^^^^^^^^^^^^^^^^^

warning: field `0` is never read
  --> /Users/malisper/dev/pgrust-fast/.wt-covfix/crates/backend/utils/adt/numeric/src/sortsupport.rs:21:17
   |
21 | struct AlignBuf([u8; 128]);
   |        -------- ^^^^^^^^^
   |        |
   |        field in this struct
   |
   = help: consider removing this field
   = note: `#[warn(dead_code)]` (part of `#[warn(unused)]`) on by default

warning: unused import: `core::cmp::Ordering`
  --> /Users/malisper/dev/pgrust-fast/.wt-covfix/crates/backend/utils/adt/varlena/src/lib.rs:23:5
   |
23 | use core::cmp::Ordering;
   |     ^^^^^^^^^^^^^^^^^^^
   |
   = note: `#[warn(unused_imports)]` (part of `#[warn(unused)]`) on by default

warning: unused import: `proof_support::stubs`
  --> src/lib.rs:74:9
   |
74 |     use proof_support::stubs;
   |         ^^^^^^^^^^^^^^^^^^^^
   |
   = note: `#[warn(unused_imports)]` (part of `#[warn(unused)]`) on by default

warning: Found the following unsupported constructs:
             - caller_location (1)
             - foreign function (1)
         
         Verification will fail if one or more of these constructs is reachable.
         See https://model-checking.github.io/kani/rust-feature-support.html for more details.

    Finished `dev` profile [unoptimized + debuginfo] target(s) in 0.10s
Checking harness wave5::eq_hashtid...
CBMC 6.8.0 (cbmc-6.8.0)
CBMC version 6.8.0 (cbmc-6.8.0) 64-bit arm64 macos
Reading GOTO program from file /Users/malisper/dev/pgrust-fast/.wt-covfix/proofs/hash-rows/target/kani/aarch64-apple-darwin/debug/deps/proof_hash_rows-8847ea1392fe1bbd__RNvNtCs3If61BwhuWl_15proof_hash_rows5wave510eq_hashtid.out
Generating GOTO Program
Adding CPROVER library (arm64)
Removal of function pointers and virtual functions
Generic Property Instrumentation
Running with 16 object bits, 48 offset bits (user-specified)
Starting Bounded Model Checking
Unwinding loop _RINvNtCslAoKX0kwzBk_13proof_support6fcinfo3fciKj1_ECs3If61BwhuWl_15proof_hash_rows.0 iteration 1 file /Users/malisper/dev/pgrust-fast/.wt-covfix/proofs/support/src/lib.rs line 244 column 9 function proof_support::fci::<1> thread 0
Runtime Symex: 0.124917s
size of program expression: 6875 steps
slicing removed 4240 assignments
Generated 381 VCC(s), 79 remaining after simplification
Runtime Postprocess Equation: 0.00119575s
Passing problem to propositional reduction
converting SSA
Runtime Convert SSA: 0.00591704s
Running propositional reduction
Post-processing
Runtime Post-process: 5.459e-06s
Solving with External SAT solver
Writing temporary CNF
Invoking SAT solver
Solver returned code: 10
result:SATISFIABLE
Runtime Solver: 0.0180769s
Runtime decision procedure: 0.0241408s
Running propositional reduction
Solving with External SAT solver
Writing temporary CNF
Invoking SAT solver
Solver returned code: 20
result:UNSATISFIABLE
Runtime Solver: 1.77954s
Runtime decision procedure: 1.77958s

RESULTS:
Check 1: core::slice::index::slice_index_fail::do_panic::runtime.assertion.1
	 - Status: SUCCESS
	 - Description: "This is a placeholder message; Kani doesn't support message formatted at runtime"
	 - Location: ../../../../../../runner/.rustup/toolchains/nightly-2025-11-21-aarch64-apple-darwin/lib/rustlib/src/rust/library/core/src/slice/index.rs:40:9 in function core::slice::index::slice_index_fail::do_panic::runtime

Check 2: std::result::Result::<&[u8; 4], std::array::TryFromSliceError>::copied.unreachable.1
	 - Status: SUCCESS
	 - Description: "unreachable code"
	 - Location: ../../../../../../runner/.rustup/toolchains/nightly-2025-11-21-aarch64-apple-darwin/lib/rustlib/src/rust/library/core/src/result.rs:1717:15 in function std::result::Result::<&[u8; 4], std::array::TryFromSliceError>::copied

Check 3: core::slice::index::slice_index_fail::do_panic::runtime.assertion.2
	 - Status: SUCCESS
	 - Description: "This is a placeholder message; Kani doesn't support message formatted at runtime"
	 - Location: ../../../../../../runner/.rustup/toolchains/nightly-2025-11-21-aarch64-apple-darwin/lib/rustlib/src/rust/library/core/src/slice/index.rs:58:9 in function core::slice::index::slice_index_fail::do_panic::runtime

Check 4: kani::rustc_intrinsics::offset::<datum::NullableDatum, *const datum::NullableDatum, usize>.safety_check.1
	 - Status: SUCCESS
	 - Description: "Offset in bytes overflows isize"
	 - Location: ../../../../../../runner/work/kani/kani/library/kani/src/lib.rs:57:1 in function kani::rustc_intrinsics::offset::<datum::NullableDatum, *const datum::NullableDatum, usize>

Check 5: kani::rustc_intrinsics::offset::<datum::NullableDatum, *const datum::NullableDatum, usize>.safety_check.2
	 - Status: SUCCESS
	 - Description: "Offset result and original pointer must point to the same allocation"
	 - Location: ../../../../../../runner/work/kani/kani/library/kani/src/lib.rs:57:1 in function kani::rustc_intrinsics::offset::<datum::NullableDatum, *const datum::NullableDatum, usize>

Check 6: core::slice::<impl [u8]>::as_array::<4>.safety_check.1
	 - Status: SUCCESS
	 - Description: "misaligned pointer to reference cast: address must be a multiple of its type's alignment"
	 - Location: ../../../../../../runner/.rustup/toolchains/nightly-2025-11-21-aarch64-apple-darwin/lib/rustlib/src/rust/library/core/src/slice/mod.rs:854:31 in function core::slice::<impl [u8]>::as_array::<4>

Check 7: core::slice::<impl [u8]>::as_array::<4>.safety_check.2
	 - Status: SUCCESS
	 - Description: "dereference failure: pointer invalid"
	 - Location: ../../../../../../runner/.rustup/toolchains/nightly-2025-11-21-aarch64-apple-darwin/lib/rustlib/src/rust/library/core/src/slice/mod.rs:854:31 in function core::slice::<impl [u8]>::as_array::<4>

Check 8: __rust_dealloc.assertion.1
	 - Status: SUCCESS
	 - Description: "Alignment is power of two"
	 - Location: ../../../../../.kani/kani-0.67.0/library/kani/kani_lib.c:83 in function __rust_dealloc

Check 9: __rust_dealloc.assertion.2
	 - Status: SUCCESS
	 - Description: "rust_dealloc must be called on an object whose allocated size matches its layout"
	 - Location: ../../../../../.kani/kani-0.67.0/library/kani/kani_lib.c:85 in function __rust_dealloc

Check 10: std::option::Option::<usize>::map::<datum::Datum, {closure@std::array::iter::iter_inner::PolymorphicIter<[std::mem::MaybeUninit<datum::Datum>]>::next::{closure#0}}>.unreachable.1
	 - Status: SUCCESS
	 - Description: "unreachable code"
	 - Location: ../../../../../../runner/.rustup/toolchains/nightly-2025-11-21-aarch64-apple-darwin/lib/rustlib/src/rust/library/core/src/option.rs:1164:15 in function std::option::Option::<usize>::map::<datum::Datum, {closure@std::array::iter::iter_inner::PolymorphicIter<[std::mem::MaybeUninit<datum::Datum>]>::next::{closure#0}}>

Check 11: std::fmt::Arguments::<'_>::from_str.assertion.1
	 - Status: UNREACHABLE
	 - Description: "attempt to shift left with overflow"
	 - Location: ../../../../../../runner/.rustup/toolchains/nightly-2025-11-21-aarch64-apple-darwin/lib/rustlib/src/rust/library/core/src/fmt/mod.rs:820:38 in function std::fmt::Arguments::<'_>::from_str

Check 12: alloc::raw_vec::RawVecInner::deallocate.unreachable.1
	 - Status: SUCCESS
	 - Description: "unreachable code"
	 - Location: ../../../../../../runner/.rustup/toolchains/nightly-2025-11-21-aarch64-apple-darwin/lib/rustlib/src/rust/library/alloc/src/raw_vec/mod.rs:830:5 in function alloc::raw_vec::RawVecInner::deallocate

Check 13: std::ops::index_range::IndexRange::len.arithmetic_overflow.1
	 - Status: SUCCESS
	 - Description: "attempt to compute `unchecked_sub` which would overflow"
	 - Location: ../../../../../../runner/.rustup/toolchains/nightly-2025-11-21-aarch64-apple-darwin/lib/rustlib/src/rust/library/core/src/ops/index_range.rs:52:18 in function std::ops::index_range::IndexRange::len

Check 14: <std::ops::Range<usize> as std::slice::SliceIndex<[u8]>>::index.unreachable.1
	 - Status: SUCCESS
	 - Description: "unreachable code"
	 - Location: ../../../../../../runner/.rustup/toolchains/nightly-2025-11-21-aarch64-apple-darwin/lib/rustlib/src/rust/library/core/src/slice/index.rs:435:5 in function <std::ops::Range<usize> as std::slice::SliceIndex<[u8]>>::index

Check 15: <std::ops::Range<usize> as std::slice::SliceIndex<[u8]>>::index.safety_check.1
	 - Status: SUCCESS
	 - Description: "misaligned pointer to reference cast: address must be a multiple of its type's alignment"
	 - Location: ../../../../../../runner/.rustup/toolchains/nightly-2025-11-21-aarch64-apple-darwin/lib/rustlib/src/rust/library/core/src/slice/index.rs:441:22 in function <std::ops::Range<usize> as std::slice::SliceIndex<[u8]>>::index

Check 16: <std::ops::Range<usize> as std::slice::SliceIndex<[u8]>>::index.safety_check.2
	 - Status: SUCCESS
	 - Description: "dereference failure: pointer invalid"
	 - Location: ../../../../../../runner/.rustup/toolchains/nightly-2025-11-21-aarch64-apple-darwin/lib/rustlib/src/rust/library/core/src/slice/index.rs:441:22 in function <std::ops::Range<usize> as std::slice::SliceIndex<[u8]>>::index

Check 17: kani::mem::cbmc::same_allocation.unsupported_construct.1
	 - Status: SUCCESS
	 - Description: "Kani does not support reasoning about pointer to unallocated memory"
	 - Location: ../../../../../../runner/work/kani/kani/library/kani/src/lib.rs:57:1 in function kani::mem::cbmc::same_allocation

Check 18: core::slice::index::slice_index_fail::do_panic::runtime.assertion.3
	 - Status: SUCCESS
	 - Description: "This is a placeholder message; Kani doesn't support message formatted at runtime"
	 - Location: ../../../../../../runner/.rustup/toolchains/nightly-2025-11-21-aarch64-apple-darwin/lib/rustlib/src/rust/library/core/src/slice/index.rs:49:9 in function core::slice::index::slice_index_fail::do_panic::runtime

Check 19: core::ub_checks::is_valid_allocation_size.assertion.1
	 - Status: UNREACHABLE
	 - Description: "attempt to divide by zero"
	 - Location: ../../../../../../runner/.rustup/toolchains/nightly-2025-11-21-aarch64-apple-darwin/lib/rustlib/src/rust/library/core/src/ub_checks.rs:149:54 in function core::ub_checks::is_valid_allocation_size

Check 20: core::ub_checks::is_valid_allocation_size.arithmetic_overflow.1
	 - Status: SUCCESS
	 - Description: "attempt to divide by zero"
	 - Location: ../../../../../../runner/.rustup/toolchains/nightly-2025-11-21-aarch64-apple-darwin/lib/rustlib/src/rust/library/core/src/ub_checks.rs:149:54 in function core::ub_checks::is_valid_allocation_size

Check 21: std::ptr::drop_in_place::<std::boxed::Box<types_error::PgError>>.safety_check.1
	 - Status: SUCCESS
	 - Description: "misaligned pointer to reference cast: address must be a multiple of its type's alignment"
	 - Location: ../../../../../../runner/.rustup/toolchains/nightly-2025-11-21-aarch64-apple-darwin/lib/rustlib/src/rust/library/core/src/ptr/mod.rs:805:1 in function std::ptr::drop_in_place::<std::boxed::Box<types_error::PgError>>

Check 22: std::ptr::drop_in_place::<std::boxed::Box<types_error::PgError>>.safety_check.2
	 - Status: SUCCESS
	 - Description: "dereference failure: pointer invalid"
	 - Location: ../../../../../../runner/.rustup/toolchains/nightly-2025-11-21-aarch64-apple-darwin/lib/rustlib/src/rust/library/core/src/ptr/mod.rs:805:1 in function std::ptr::drop_in_place::<std::boxed::Box<types_error::PgError>>

Check 23: core::slice::<impl [std::mem::MaybeUninit<datum::Datum>]>::get_unchecked_mut::<std::ops::index_range::IndexRange>.safety_check.1
	 - Status: SUCCESS
	 - Description: "misaligned pointer to reference cast: address must be a multiple of its type's alignment"
	 - Location: ../../../../../../runner/.rustup/toolchains/nightly-2025-11-21-aarch64-apple-darwin/lib/rustlib/src/rust/library/core/src/slice/mod.rs:690:18 in function core::slice::<impl [std::mem::MaybeUninit<datum::Datum>]>::get_unchecked_mut::<std::ops::index_range::IndexRange>

Check 24: core::slice::<impl [std::mem::MaybeUninit<datum::Datum>]>::get_unchecked_mut::<std::ops::index_range::IndexRange>.safety_check.2
	 - Status: SUCCESS
	 - Description: "dereference failure: pointer invalid"
	 - Location: ../../../../../../runner/.rustup/toolchains/nightly-2025-11-21-aarch64-apple-darwin/lib/rustlib/src/rust/library/core/src/slice/mod.rs:690:18 in function core::slice::<impl [std::mem::MaybeUninit<datum::Datum>]>::get_unchecked_mut::<std::ops::index_range::IndexRange>

Check 25: <std::option::Option<&mut datum::NullableDatum> as std::ops::Try>::branch.unreachable.1
	 - Status: SUCCESS
	 - Description: "unreachable code"
	 - Location: ../../../../../../runner/.rustup/toolchains/nightly-2025-11-21-aarch64-apple-darwin/lib/rustlib/src/rust/library/core/src/option.rs:2666:15 in function <std::option::Option<&mut datum::NullableDatum> as std::ops::Try>::branch

Check 26: <std::ops::RangeFrom<usize> as std::slice::SliceIndex<[u8]>>::index.arithmetic_overflow.1
	 - Status: SUCCESS
	 - Description: "attempt to compute `unchecked_sub` which would overflow"
	 - Location: ../../../../../../runner/.rustup/toolchains/nightly-2025-11-21-aarch64-apple-darwin/lib/rustlib/src/rust/library/core/src/slice/index.rs:573:27 in function <std::ops::RangeFrom<usize> as std::slice::SliceIndex<[u8]>>::index

Check 27: <std::ops::RangeFrom<usize> as std::slice::SliceIndex<[u8]>>::index.safety_check.1
	 - Status: SUCCESS
	 - Description: "misaligned pointer to reference cast: address must be a multiple of its type's alignment"
	 - Location: ../../../../../../runner/.rustup/toolchains/nightly-2025-11-21-aarch64-apple-darwin/lib/rustlib/src/rust/library/core/src/slice/index.rs:574:13 in function <std::ops::RangeFrom<usize> as std::slice::SliceIndex<[u8]>>::index

Check 28: <std::ops::RangeFrom<usize> as std::slice::SliceIndex<[u8]>>::index.safety_check.2
	 - Status: SUCCESS
	 - Description: "dereference failure: pointer invalid"
	 - Location: ../../../../../../runner/.rustup/toolchains/nightly-2025-11-21-aarch64-apple-darwin/lib/rustlib/src/rust/library/core/src/slice/index.rs:574:13 in function <std::ops::RangeFrom<usize> as std::slice::SliceIndex<[u8]>>::index

Check 29: kani::rustc_intrinsics::offset::<std::mem::MaybeUninit<datum::Datum>, *mut std::mem::MaybeUninit<datum::Datum>, usize>.safety_check.1
	 - Status: SUCCESS
	 - Description: "Offset in bytes overflows isize"
	 - Location: ../../../../../../runner/work/kani/kani/library/kani/src/lib.rs:57:1 in function kani::rustc_intrinsics::offset::<std::mem::MaybeUninit<datum::Datum>, *mut std::mem::MaybeUninit<datum::Datum>, usize>

Check 30: kani::rustc_intrinsics::offset::<std::mem::MaybeUninit<datum::Datum>, *mut std::mem::MaybeUninit<datum::Datum>, usize>.safety_check.2
	 - Status: SUCCESS
	 - Description: "Offset result and original pointer must point to the same allocation"
	 - Location: ../../../../../../runner/work/kani/kani/library/kani/src/lib.rs:57:1 in function kani::rustc_intrinsics::offset::<std::mem::MaybeUninit<datum::Datum>, *mut std::mem::MaybeUninit<datum::Datum>, usize>

Check 31: hashfn::init.assertion.1
	 - Status: SUCCESS
	 - Description: "assertion failed: len <= i32::MAX as usize"
	 - Location: ../../crates/common/hashfn/src/lib.rs:11:5 in function hashfn::init

Check 32: kani::rustc_intrinsics::size_of_val_raw::<types_error::PgError>.unreachable.1
	 - Status: SUCCESS
	 - Description: "unreachable code"
	 - Location: ../../../../../../runner/work/kani/kani/library/kani_core/src/models.rs:23:13 in function kani::rustc_intrinsics::size_of_val_raw::<types_error::PgError>

Check 33: kani::rustc_intrinsics::size_of_val_raw::<types_error::PgError>.safety_check.1
	 - Status: SUCCESS
	 - Description: "failed to compute `size_of_val`"
	 - Location: ../../../../../../runner/work/kani/kani/library/kani/src/lib.rs:57:1 in function kani::rustc_intrinsics::size_of_val_raw::<types_error::PgError>

Check 34: kani::rustc_intrinsics::size_of_val_raw::<types_error::PgError>.assertion.1
	 - Status: SUCCESS
	 - Description: "cannot compute `size_of_val` for extern types"
	 - Location: ../../../../../../runner/work/kani/kani/library/kani/src/lib.rs:57:1 in function kani::rustc_intrinsics::size_of_val_raw::<types_error::PgError>

Check 35: std::intrinsics::rotate_left::<u32>.assertion.1
	 - Status: SUCCESS
	 - Description: "attempt to multiply with overflow"
	 - Location: ../../../../../../runner/.rustup/toolchains/nightly-2025-11-21-aarch64-apple-darwin/lib/rustlib/src/rust/library/core/src/intrinsics/mod.rs:2022:49 in function std::intrinsics::rotate_left::<u32>

Check 36: std::intrinsics::rotate_left::<u32>.assertion.2
	 - Status: SUCCESS
	 - Description: "attempt to calculate the remainder with a divisor of zero"
	 - Location: ../../../../../../runner/.rustup/toolchains/nightly-2025-11-21-aarch64-apple-darwin/lib/rustlib/src/rust/library/core/src/intrinsics/mod.rs:2022:41 in function std::intrinsics::rotate_left::<u32>

Check 37: std::intrinsics::rotate_left::<u32>.arithmetic_overflow.1
	 - Status: SUCCESS
	 - Description: "attempt to calculate the remainder with a divisor of zero"
	 - Location: ../../../../../../runner/.rustup/toolchains/nightly-2025-11-21-aarch64-apple-darwin/lib/rustlib/src/rust/library/core/src/intrinsics/mod.rs:2022:41 in function std::intrinsics::rotate_left::<u32>

Check 38: <usize as kani::rustc_intrinsics::ToISize>::to_isize.unreachable.1
	 - Status: SUCCESS
	 - Description: "unreachable code"
	 - Location: ../../../../../../runner/work/kani/kani/library/kani_core/src/models.rs:176:17 in function <usize as kani::rustc_intrinsics::ToISize>::to_isize

Check 39: <usize as kani::rustc_intrinsics::ToISize>::to_isize.safety_check.1
	 - Status: SUCCESS
	 - Description: "Offset value overflows isize"
	 - Location: ../../../../../../runner/work/kani/kani/library/kani/src/lib.rs:57:1 in function <usize as kani::rustc_intrinsics::ToISize>::to_isize

Check 40: <usize as kani::rustc_intrinsics::ToISize>::to_isize.assertion.1
	 - Status: SUCCESS
	 - Description: "internal error: entered unreachable code"
	 - Location: ../../../../../../runner/work/kani/kani/library/kani/src/lib.rs:57:1 in function <usize as kani::rustc_intrinsics::ToISize>::to_isize

Check 41: std::result::unwrap_failed.assertion.1
	 - Status: SUCCESS
	 - Description: "This is a placeholder message; Kani doesn't support message formatted at runtime"
	 - Location: ../../../../../../runner/.rustup/toolchains/nightly-2025-11-21-aarch64-apple-darwin/lib/rustlib/src/rust/library/core/src/result.rs:1867:5 in function std::result::unwrap_failed

Check 42: kani::rustc_intrinsics::align_of_val_raw::<types_error::PgError>.unreachable.1
	 - Status: SUCCESS
	 - Description: "unreachable code"
	 - Location: ../../../../../../runner/work/kani/kani/library/kani_core/src/models.rs:43:13 in function kani::rustc_intrinsics::align_of_val_raw::<types_error::PgError>

Check 43: kani::rustc_intrinsics::align_of_val_raw::<types_error::PgError>.safety_check.1
	 - Status: SUCCESS
	 - Description: "failed to compute `align_of_val`"
	 - Location: ../../../../../../runner/work/kani/kani/library/kani/src/lib.rs:57:1 in function kani::rustc_intrinsics::align_of_val_raw::<types_error::PgError>

Check 44: kani::rustc_intrinsics::align_of_val_raw::<types_error::PgError>.assertion.1
	 - Status: SUCCESS
	 - Description: "cannot compute `align_of_val` for extern types"
	 - Location: ../../../../../../runner/work/kani/kani/library/kani/src/lib.rs:57:1 in function kani::rustc_intrinsics::align_of_val_raw::<types_error::PgError>

Check 45: hashfn::bytes3.assertion.1
	 - Status: UNREACHABLE
	 - Description: "attempt to add with overflow"
	 - Location: ../../crates/common/hashfn/src/lib.rs:65:18 in function hashfn::bytes3

Check 46: hashfn::bytes3.assertion.2
	 - Status: UNREACHABLE
	 - Description: "attempt to add with overflow"
	 - Location: ../../crates/common/hashfn/src/lib.rs:66:26 in function hashfn::bytes3

Check 47: hashfn::bytes3.assertion.3
	 - Status: UNREACHABLE
	 - Description: "index out of bounds: the length is less than or equal to the given index"
	 - Location: ../../crates/common/hashfn/src/lib.rs:66:24 in function hashfn::bytes3

Check 48: hashfn::bytes3.assertion.4
	 - Status: UNREACHABLE
	 - Description: "attempt to shift left with overflow"
	 - Location: ../../crates/common/hashfn/src/lib.rs:66:14 in function hashfn::bytes3

Check 49: hashfn::bytes3.assertion.5
	 - Status: UNREACHABLE
	 - Description: "attempt to add with overflow"
	 - Location: ../../crates/common/hashfn/src/lib.rs:68:18 in function hashfn::bytes3

Check 50: hashfn::bytes3.assertion.6
	 - Status: UNREACHABLE
	 - Description: "attempt to add with overflow"
	 - Location: ../../crates/common/hashfn/src/lib.rs:69:26 in function hashfn::bytes3

Check 51: hashfn::bytes3.assertion.7
	 - Status: UNREACHABLE
	 - Description: "index out of bounds: the length is less than or equal to the given index"
	 - Location: ../../crates/common/hashfn/src/lib.rs:69:24 in function hashfn::bytes3

Check 52: hashfn::bytes3.assertion.8
	 - Status: UNREACHABLE
	 - Description: "attempt to shift left with overflow"
	 - Location: ../../crates/common/hashfn/src/lib.rs:69:14 in function hashfn::bytes3

Check 53: hashfn::bytes3.assertion.9
	 - Status: UNREACHABLE
	 - Description: "index out of bounds: the length is less than or equal to the given index"
	 - Location: ../../crates/common/hashfn/src/lib.rs:72:24 in function hashfn::bytes3

Check 54: core::num::<impl usize>::checked_sub.arithmetic_overflow.1
	 - Status: SUCCESS
	 - Description: "attempt to compute `unchecked_sub` which would overflow"
	 - Location: ../../../../../../runner/.rustup/toolchains/nightly-2025-11-21-aarch64-apple-darwin/lib/rustlib/src/rust/library/core/src/num/uint_macros.rs:812:31 in function core::num::<impl usize>::checked_sub

Check 55: std::slice::from_raw_parts::<'_, u8>.safety_check.1
	 - Status: SUCCESS
	 - Description: "misaligned pointer to reference cast: address must be a multiple of its type's alignment"
	 - Location: ../../../../../../runner/.rustup/toolchains/nightly-2025-11-21-aarch64-apple-darwin/lib/rustlib/src/rust/library/core/src/slice/raw.rs:139:9 in function std::slice::from_raw_parts::<'_, u8>

Check 56: std::slice::from_raw_parts::<'_, u8>.safety_check.2
	 - Status: SUCCESS
	 - Description: "dereference failure: pointer invalid"
	 - Location: ../../../../../../runner/.rustup/toolchains/nightly-2025-11-21-aarch64-apple-darwin/lib/rustlib/src/rust/library/core/src/slice/raw.rs:139:9 in function std::slice::from_raw_parts::<'_, u8>

Check 57: std::alloc::Layout::is_size_align_valid.unreachable.1
	 - Status: SUCCESS
	 - Description: "unreachable code"
	 - Location: ../../../../../../runner/.rustup/toolchains/nightly-2025-11-21-aarch64-apple-darwin/lib/rustlib/src/rust/library/core/src/alloc/layout.rs:68:5 in function std::alloc::Layout::is_size_align_valid

Check 58: core::panicking::panic_nounwind_fmt::runtime.unsupported_construct.1
	 - Status: SUCCESS
	 - Description: "call to foreign "Rust" function `_RNvCs1hStedNDpZ2_7___rustc17rust_begin_unwind` is not currently supported by Kani. Please post your example at https://github.com/model-checking/kani/issues/new/choose"
	 - Location: ../../../../../../runner/.rustup/toolchains/nightly-2025-11-21-aarch64-apple-darwin/lib/rustlib/src/rust/library/core/src/panicking.rs:110:17 in function core::panicking::panic_nounwind_fmt::runtime

Check 59: types_fmgr::FunctionCallInfoBaseData::arg.assertion.1
	 - Status: SUCCESS
	 - Description: "index out of bounds: the length is less than or equal to the given index"
	 - Location: ../../crates/_support/types/fmgr/src/fcinfo.rs:443:9 in function types_fmgr::FunctionCallInfoBaseData::arg

Check 60: std::panic::Location::<'_>::caller.unsupported_construct.1
	 - Status: SUCCESS
	 - Description: "caller_location is not currently supported by Kani. Please post your example at https://github.com/model-checking/kani/issues/374"
	 - Location: ../../../../../../runner/.rustup/toolchains/nightly-2025-11-21-aarch64-apple-darwin/lib/rustlib/src/rust/library/core/src/panic/location.rs:147:9 in function std::panic::Location::<'_>::caller

Check 61: kani::rustc_intrinsics::offset::<datum::NullableDatum, *mut datum::NullableDatum, usize>.safety_check.1
	 - Status: SUCCESS
	 - Description: "Offset in bytes overflows isize"
	 - Location: ../../../../../../runner/work/kani/kani/library/kani/src/lib.rs:57:1 in function kani::rustc_intrinsics::offset::<datum::NullableDatum, *mut datum::NullableDatum, usize>

Check 62: kani::rustc_intrinsics::offset::<datum::NullableDatum, *mut datum::NullableDatum, usize>.safety_check.2
	 - Status: SUCCESS
	 - Description: "Offset result and original pointer must point to the same allocation"
	 - Location: ../../../../../../runner/work/kani/kani/library/kani/src/lib.rs:57:1 in function kani::rustc_intrinsics::offset::<datum::NullableDatum, *mut datum::NullableDatum, usize>

Check 63: std::result::Result::<[u8; 4], std::array::TryFromSliceError>::unwrap.unreachable.1
	 - Status: SUCCESS
	 - Description: "unreachable code"
	 - Location: ../../../../../../runner/.rustup/toolchains/nightly-2025-11-21-aarch64-apple-darwin/lib/rustlib/src/rust/library/core/src/result.rs:1231:15 in function std::result::Result::<[u8; 4], std::array::TryFromSliceError>::unwrap

Check 64: <std::iter::Zip<std::slice::IterMut<'_, datum::NullableDatum>, std::array::IntoIter<datum::Datum, 1>> as std::iter::adapters::zip::ZipImpl<std::slice::IterMut<'_, datum::NullableDatum>, std::array::IntoIter<datum::Datum, 1>>>::next.unreachable.1
	 - Status: SUCCESS
	 - Description: "unreachable code"
	 - Location: src/lib.rs:0:0 in function <std::iter::Zip<std::slice::IterMut<'_, datum::NullableDatum>, std::array::IntoIter<datum::Datum, 1>> as std::iter::adapters::zip::ZipImpl<std::slice::IterMut<'_, datum::NullableDatum>, std::array::IntoIter<datum::Datum, 1>>>::next

Check 65: core::slice::index::slice_index_fail::do_panic::runtime.assertion.4
	 - Status: SUCCESS
	 - Description: "This is a placeholder message; Kani doesn't support message formatted at runtime"
	 - Location: ../../../../../../runner/.rustup/toolchains/nightly-2025-11-21-aarch64-apple-darwin/lib/rustlib/src/rust/library/core/src/slice/index.rs:68:5 in function core::slice::index::slice_index_fail::do_panic::runtime

Check 66: std::ptr::drop_in_place::<alloc::raw_vec::RawVec<u8>>.safety_check.1
	 - Status: SUCCESS
	 - Description: "misaligned pointer to reference cast: address must be a multiple of its type's alignment"
	 - Location: ../../../../../../runner/.rustup/toolchains/nightly-2025-11-21-aarch64-apple-darwin/lib/rustlib/src/rust/library/core/src/ptr/mod.rs:805:1 in function std::ptr::drop_in_place::<alloc::raw_vec::RawVec<u8>>

Check 67: std::ptr::drop_in_place::<alloc::raw_vec::RawVec<u8>>.safety_check.2
	 - Status: SUCCESS
	 - Description: "dereference failure: pointer invalid"
	 - Location: ../../../../../../runner/.rustup/toolchains/nightly-2025-11-21-aarch64-apple-darwin/lib/rustlib/src/rust/library/core/src/ptr/mod.rs:805:1 in function std::ptr::drop_in_place::<alloc::raw_vec::RawVec<u8>>

Check 68: core::num::<impl usize>::unchecked_sub.arithmetic_overflow.1
	 - Status: SUCCESS
	 - Description: "attempt to compute `unchecked_sub` which would overflow"
	 - Location: ../../../../../../runner/.rustup/toolchains/nightly-2025-11-21-aarch64-apple-darwin/lib/rustlib/src/rust/library/core/src/num/uint_macros.rs:908:17 in function core::num::<impl usize>::unchecked_sub

Check 69: hashfn::hash_core.assertion.1
	 - Status: UNREACHABLE
	 - Description: "index out of bounds: the length is less than or equal to the given index"
	 - Location: ../../crates/common/hashfn/src/lib.rs:138:27 in function hashfn::hash_core

Check 70: hashfn::hash_core.assertion.2
	 - Status: UNREACHABLE
	 - Description: "attempt to shift left with overflow"
	 - Location: ../../crates/common/hashfn/src/lib.rs:138:17 in function hashfn::hash_core

Check 71: hashfn::hash_core.assertion.3
	 - Status: UNREACHABLE
	 - Description: "index out of bounds: the length is less than or equal to the given index"
	 - Location: ../../crates/common/hashfn/src/lib.rs:138:50 in function hashfn::hash_core

Check 72: hashfn::hash_core.assertion.4
	 - Status: UNREACHABLE
	 - Description: "attempt to shift left with overflow"
	 - Location: ../../crates/common/hashfn/src/lib.rs:138:40 in function hashfn::hash_core

Check 73: hashfn::hash_core.assertion.5
	 - Status: UNREACHABLE
	 - Description: "index out of bounds: the length is less than or equal to the given index"
	 - Location: ../../crates/common/hashfn/src/lib.rs:138:74 in function hashfn::hash_core

Check 74: hashfn::hash_core.assertion.6
	 - Status: UNREACHABLE
	 - Description: "attempt to shift left with overflow"
	 - Location: ../../crates/common/hashfn/src/lib.rs:138:64 in function hashfn::hash_core

Check 75: hashfn::hash_core.assertion.7
	 - Status: UNREACHABLE
	 - Description: "index out of bounds: the length is less than or equal to the given index"
	 - Location: ../../crates/common/hashfn/src/lib.rs:132:42 in function hashfn::hash_core

Check 76: hashfn::hash_core.assertion.8
	 - Status: UNREACHABLE
	 - Description: "attempt to shift left with overflow"
	 - Location: ../../crates/common/hashfn/src/lib.rs:132:32 in function hashfn::hash_core

Check 77: hashfn::hash_core.assertion.9
	 - Status: UNREACHABLE
	 - Description: "index out of bounds: the length is less than or equal to the given index"
	 - Location: ../../crates/common/hashfn/src/lib.rs:132:65 in function hashfn::hash_core

Check 78: hashfn::hash_core.assertion.10
	 - Status: UNREACHABLE
	 - Description: "attempt to shift left with overflow"
	 - Location: ../../crates/common/hashfn/src/lib.rs:132:55 in function hashfn::hash_core

Check 79: hashfn::hash_core.assertion.11
	 - Status: UNREACHABLE
	 - Description: "index out of bounds: the length is less than or equal to the given index"
	 - Location: ../../crates/common/hashfn/src/lib.rs:127:42 in function hashfn::hash_core

Check 80: hashfn::hash_core.assertion.12
	 - Status: UNREACHABLE
	 - Description: "attempt to shift left with overflow"
	 - Location: ../../crates/common/hashfn/src/lib.rs:127:32 in function hashfn::hash_core

Check 81: hashfn::hash_core.assertion.13
	 - Status: UNREACHABLE
	 - Description: "index out of bounds: the length is less than or equal to the given index"
	 - Location: ../../crates/common/hashfn/src/lib.rs:117:42 in function hashfn::hash_core

Check 82: hashfn::hash_core.assertion.14
	 - Status: UNREACHABLE
	 - Description: "index out of bounds: the length is less than or equal to the given index"
	 - Location: ../../crates/common/hashfn/src/lib.rs:117:60 in function hashfn::hash_core

Check 83: hashfn::hash_core.assertion.15
	 - Status: UNREACHABLE
	 - Description: "attempt to shift left with overflow"
	 - Location: ../../crates/common/hashfn/src/lib.rs:117:50 in function hashfn::hash_core

Check 84: hashfn::hash_core.assertion.16
	 - Status: UNREACHABLE
	 - Description: "index out of bounds: the length is less than or equal to the given index"
	 - Location: ../../crates/common/hashfn/src/lib.rs:117:83 in function hashfn::hash_core

Check 85: hashfn::hash_core.assertion.17
	 - Status: UNREACHABLE
	 - Description: "attempt to shift left with overflow"
	 - Location: ../../crates/common/hashfn/src/lib.rs:117:73 in function hashfn::hash_core

Check 86: hashfn::hash_core.assertion.18
	 - Status: SUCCESS
	 - Description: "index out of bounds: the length is less than or equal to the given index"
	 - Location: ../../crates/common/hashfn/src/lib.rs:113:42 in function hashfn::hash_core

Check 87: hashfn::hash_core.assertion.19
	 - Status: SUCCESS
	 - Description: "index out of bounds: the length is less than or equal to the given index"
	 - Location: ../../crates/common/hashfn/src/lib.rs:113:60 in function hashfn::hash_core

Check 88: hashfn::hash_core.assertion.20
	 - Status: SUCCESS
	 - Description: "attempt to shift left with overflow"
	 - Location: ../../crates/common/hashfn/src/lib.rs:113:50 in function hashfn::hash_core

Check 89: hashfn::hash_core.assertion.21
	 - Status: UNREACHABLE
	 - Description: "index out of bounds: the length is less than or equal to the given index"
	 - Location: ../../crates/common/hashfn/src/lib.rs:109:42 in function hashfn::hash_core

Check 90: hashfn::hash_core.assertion.22
	 - Status: UNREACHABLE
	 - Description: "index out of bounds: the length is less than or equal to the given index"
	 - Location: ../../crates/common/hashfn/src/lib.rs:104:42 in function hashfn::hash_core

Check 91: hashfn::hash_core.assertion.23
	 - Status: UNREACHABLE
	 - Description: "index out of bounds: the length is less than or equal to the given index"
	 - Location: ../../crates/common/hashfn/src/lib.rs:104:60 in function hashfn::hash_core

Check 92: hashfn::hash_core.assertion.24
	 - Status: UNREACHABLE
	 - Description: "attempt to shift left with overflow"
	 - Location: ../../crates/common/hashfn/src/lib.rs:104:50 in function hashfn::hash_core

Check 93: hashfn::hash_core.assertion.25
	 - Status: UNREACHABLE
	 - Description: "index out of bounds: the length is less than or equal to the given index"
	 - Location: ../../crates/common/hashfn/src/lib.rs:104:83 in function hashfn::hash_core

Check 94: hashfn::hash_core.assertion.26
	 - Status: UNREACHABLE
	 - Description: "attempt to shift left with overflow"
	 - Location: ../../crates/common/hashfn/src/lib.rs:104:73 in function hashfn::hash_core

Check 95: hashfn::hash_core.assertion.27
	 - Status: UNREACHABLE
	 - Description: "index out of bounds: the length is less than or equal to the given index"
	 - Location: ../../crates/common/hashfn/src/lib.rs:102:43 in function hashfn::hash_core

Check 96: hashfn::hash_core.assertion.28
	 - Status: UNREACHABLE
	 - Description: "index out of bounds: the length is less than or equal to the given index"
	 - Location: ../../crates/common/hashfn/src/lib.rs:102:61 in function hashfn::hash_core

Check 97: hashfn::hash_core.assertion.29
	 - Status: UNREACHABLE
	 - Description: "attempt to shift left with overflow"
	 - Location: ../../crates/common/hashfn/src/lib.rs:102:51 in function hashfn::hash_core

Check 98: hashfn::hash_core.assertion.30
	 - Status: UNREACHABLE
	 - Description: "index out of bounds: the length is less than or equal to the given index"
	 - Location: ../../crates/common/hashfn/src/lib.rs:101:43 in function hashfn::hash_core

Check 99: std::ptr::NonNull::<datum::NullableDatum>::as_mut::<'_>.safety_check.1
	 - Status: SUCCESS
	 - Description: "misaligned pointer to reference cast: address must be a multiple of its type's alignment"
	 - Location: ../../../../../../runner/.rustup/toolchains/nightly-2025-11-21-aarch64-apple-darwin/lib/rustlib/src/rust/library/core/src/ptr/non_null.rs:482:18 in function std::ptr::NonNull::<datum::NullableDatum>::as_mut::<'_>

Check 100: std::ptr::NonNull::<datum::NullableDatum>::as_mut::<'_>.safety_check.2
	 - Status: SUCCESS
	 - Description: "dereference failure: pointer invalid"
	 - Location: ../../../../../../runner/.rustup/toolchains/nightly-2025-11-21-aarch64-apple-darwin/lib/rustlib/src/rust/library/core/src/ptr/non_null.rs:482:18 in function std::ptr::NonNull::<datum::NullableDatum>::as_mut::<'_>

Check 101: std::alloc::Layout::max_size_for_align.assertion.1
	 - Status: UNREACHABLE
	 - Description: "attempt to add with overflow"
	 - Location: ../../../../../../runner/.rustup/toolchains/nightly-2025-11-21-aarch64-apple-darwin/lib/rustlib/src/rust/library/core/src/alloc/layout.rs:95:32 in function std::alloc::Layout::max_size_for_align

Check 102: std::alloc::Layout::max_size_for_align.arithmetic_overflow.1
	 - Status: SUCCESS
	 - Description: "attempt to compute `unchecked_sub` which would overflow"
	 - Location: ../../../../../../runner/.rustup/toolchains/nightly-2025-11-21-aarch64-apple-darwin/lib/rustlib/src/rust/library/core/src/alloc/layout.rs:95:18 in function std::alloc::Layout::max_size_for_align

Check 103: wave5::tid_img.assertion.1
	 - Status: SUCCESS
	 - Description: "index out of bounds: the length is less than or equal to the given index"
	 - Location: src/lib.rs:808:10 in function wave5::tid_img

Check 104: wave5::tid_img.assertion.2
	 - Status: SUCCESS
	 - Description: "index out of bounds: the length is less than or equal to the given index"
	 - Location: src/lib.rs:808:16 in function wave5::tid_img

Check 105: wave5::tid_img.assertion.3
	 - Status: SUCCESS
	 - Description: "index out of bounds: the length is less than or equal to the given index"
	 - Location: src/lib.rs:808:22 in function wave5::tid_img

Check 106: wave5::tid_img.assertion.4
	 - Status: SUCCESS
	 - Description: "index out of bounds: the length is less than or equal to the given index"
	 - Location: src/lib.rs:808:28 in function wave5::tid_img

Check 107: wave5::tid_img.assertion.5
	 - Status: SUCCESS
	 - Description: "index out of bounds: the length is less than or equal to the given index"
	 - Location: src/lib.rs:808:34 in function wave5::tid_img

Check 108: wave5::tid_img.assertion.6
	 - Status: SUCCESS
	 - Description: "index out of bounds: the length is less than or equal to the given index"
	 - Location: src/lib.rs:808:40 in function wave5::tid_img

Check 109: core::num::<impl usize>::unchecked_mul.arithmetic_overflow.1
	 - Status: SUCCESS
	 - Description: "attempt to compute `unchecked_mul` which would overflow"
	 - Location: ../../../../../../runner/.rustup/toolchains/nightly-2025-11-21-aarch64-apple-darwin/lib/rustlib/src/rust/library/core/src/num/uint_macros.rs:1117:17 in function core::num::<impl usize>::unchecked_mul

Check 110: <std::option::Option<datum::Datum> as std::ops::Try>::branch.unreachable.1
	 - Status: SUCCESS
	 - Description: "unreachable code"
	 - Location: ../../../../../../runner/.rustup/toolchains/nightly-2025-11-21-aarch64-apple-darwin/lib/rustlib/src/rust/library/core/src/option.rs:2666:15 in function <std::option::Option<datum::Datum> as std::ops::Try>::branch

Check 111: std::ptr::const_ptr::<impl *const ()>::is_aligned_to.assertion.1
	 - Status: UNREACHABLE
	 - Description: "attempt to subtract with overflow"
	 - Location: ../../../../../../runner/.rustup/toolchains/nightly-2025-11-21-aarch64-apple-darwin/lib/rustlib/src/rust/library/core/src/ptr/const_ptr.rs:1377:23 in function std::ptr::const_ptr::<impl *const ()>::is_aligned_to

Check 112: std::ptr::const_ptr::<impl *const ()>::is_aligned_to.assertion.2
	 - Status: SUCCESS
	 - Description: "This is a placeholder message; Kani doesn't support message formatted at runtime"
	 - Location: ../../../../../../runner/.rustup/toolchains/nightly-2025-11-21-aarch64-apple-darwin/lib/rustlib/src/rust/library/core/src/ptr/const_ptr.rs:1374:13 in function std::ptr::const_ptr::<impl *const ()>::is_aligned_to

Check 113: <u32 as std::intrinsics::fallback::DisjointBitOr>::disjoint_bitor.assume.1
	 - Status: SUCCESS
	 - Description: "Rust intrinsic assumption failed"
	 - Location: ../../../../../../runner/.rustup/toolchains/nightly-2025-11-21-aarch64-apple-darwin/lib/rustlib/src/rust/library/core/src/intrinsics/fallback.rs:138:26 in function <u32 as std::intrinsics::fallback::DisjointBitOr>::disjoint_bitor

Check 114: proof_support::call_ok::<1, std::boxed::Box<types_error::PgError>>.unreachable.1
	 - Status: SUCCESS
	 - Description: "unreachable code"
	 - Location: ../support/src/lib.rs:262:15 in function proof_support::call_ok::<1, std::boxed::Box<types_error::PgError>>

Check 115: proof_support::call_ok::<1, std::boxed::Box<types_error::PgError>>.assertion.1
	 - Status: SUCCESS
	 - Description: "infallible fc wrapper errored"
	 - Location: ../support/src/lib.rs:264:23 in function proof_support::call_ok::<1, std::boxed::Box<types_error::PgError>>

Check 116: hashfn::word.assertion.1
	 - Status: SUCCESS
	 - Description: "attempt to add with overflow"
	 - Location: ../../crates/common/hashfn/src/lib.rs:59:31 in function hashfn::word

Check 117: core::num::<impl usize>::unchecked_add.arithmetic_overflow.1
	 - Status: SUCCESS
	 - Description: "attempt to compute `unchecked_add` which would overflow"
	 - Location: ../../../../../../runner/.rustup/toolchains/nightly-2025-11-21-aarch64-apple-darwin/lib/rustlib/src/rust/library/core/src/num/uint_macros.rs:729:17 in function core::num::<impl usize>::unchecked_add

Check 118: std::ptr::drop_in_place::<std::array::iter::iter_inner::PolymorphicIter<[std::mem::MaybeUninit<datum::Datum>; 1]>>.safety_check.1
	 - Status: SUCCESS
	 - Description: "misaligned pointer to reference cast: address must be a multiple of its type's alignment"
	 - Location: ../../../../../../runner/.rustup/toolchains/nightly-2025-11-21-aarch64-apple-darwin/lib/rustlib/src/rust/library/core/src/ptr/mod.rs:805:1 in function std::ptr::drop_in_place::<std::array::iter::iter_inner::PolymorphicIter<[std::mem::MaybeUninit<datum::Datum>; 1]>>

Check 119: std::ptr::drop_in_place::<std::array::iter::iter_inner::PolymorphicIter<[std::mem::MaybeUninit<datum::Datum>; 1]>>.safety_check.2
	 - Status: SUCCESS
	 - Description: "dereference failure: pointer invalid"
	 - Location: ../../../../../../runner/.rustup/toolchains/nightly-2025-11-21-aarch64-apple-darwin/lib/rustlib/src/rust/library/core/src/ptr/mod.rs:805:1 in function std::ptr::drop_in_place::<std::array::iter::iter_inner::PolymorphicIter<[std::mem::MaybeUninit<datum::Datum>; 1]>>

Check 120: <usize as std::slice::SliceIndex<[std::mem::MaybeUninit<datum::Datum>]>>::get_unchecked.assume.1
	 - Status: SUCCESS
	 - Description: "Rust intrinsic assumption failed"
	 - Location: ../../../../../../runner/.rustup/toolchains/nightly-2025-11-21-aarch64-apple-darwin/lib/rustlib/src/rust/library/core/src/slice/index.rs:252:13 in function <usize as std::slice::SliceIndex<[std::mem::MaybeUninit<datum::Datum>]>>::get_unchecked

Check 121: proof_support::fcinfo::call::<1, alloc::boxed::Box<types_error::pg_error::PgError>>.missing_definition.1
	 - Status: SUCCESS
	 - Description: "assertion"
	 - Location: Unknown file in function proof_support::fcinfo::call::<1, alloc::boxed::Box<types_error::pg_error::PgError>>

Check 122: core::slice::<impl [std::mem::MaybeUninit<datum::Datum>]>::get_unchecked::<usize>.safety_check.1
	 - Status: SUCCESS
	 - Description: "misaligned pointer to reference cast: address must be a multiple of its type's alignment"
	 - Location: ../../../../../../runner/.rustup/toolchains/nightly-2025-11-21-aarch64-apple-darwin/lib/rustlib/src/rust/library/core/src/slice/mod.rs:645:18 in function core::slice::<impl [std::mem::MaybeUninit<datum::Datum>]>::get_unchecked::<usize>

Check 123: core::slice::<impl [std::mem::MaybeUninit<datum::Datum>]>::get_unchecked::<usize>.safety_check.2
	 - Status: SUCCESS
	 - Description: "dereference failure: pointer invalid"
	 - Location: ../../../../../../runner/.rustup/toolchains/nightly-2025-11-21-aarch64-apple-darwin/lib/rustlib/src/rust/library/core/src/slice/mod.rs:645:18 in function core::slice::<impl [std::mem::MaybeUninit<datum::Datum>]>::get_unchecked::<usize>

Check 124: proof_support::fci::<1>.unreachable.1
	 - Status: SUCCESS
	 - Description: "unreachable code"
	 - Location: ../support/src/lib.rs:244:26 in function proof_support::fci::<1>

Check 125: <u32 as std::intrinsics::fallback::FunnelShift>::unchecked_funnel_shl.assume.1
	 - Status: SUCCESS
	 - Description: "Rust intrinsic assumption failed"
	 - Location: ../../../../../../runner/.rustup/toolchains/nightly-2025-11-21-aarch64-apple-darwin/lib/rustlib/src/rust/library/core/src/intrinsics/fallback.rs:170:26 in function <u32 as std::intrinsics::fallback::FunnelShift>::unchecked_funnel_shl

Check 126: <u32 as std::intrinsics::fallback::FunnelShift>::unchecked_funnel_shl.arithmetic_overflow.1
	 - Status: SUCCESS
	 - Description: "attempt to shift by excessive shift distance"
	 - Location: ../../../../../../runner/.rustup/toolchains/nightly-2025-11-21-aarch64-apple-darwin/lib/rustlib/src/rust/library/core/src/intrinsics/fallback.rs:183:29 in function <u32 as std::intrinsics::fallback::FunnelShift>::unchecked_funnel_shl

Check 127: <u32 as std::intrinsics::fallback::FunnelShift>::unchecked_funnel_shl.assertion.1
	 - Status: SUCCESS
	 - Description: "attempt to subtract with overflow"
	 - Location: ../../../../../../runner/.rustup/toolchains/nightly-2025-11-21-aarch64-apple-darwin/lib/rustlib/src/rust/library/core/src/intrinsics/fallback.rs:184:55 in function <u32 as std::intrinsics::fallback::FunnelShift>::unchecked_funnel_shl

Check 128: <u32 as std::intrinsics::fallback::FunnelShift>::unchecked_funnel_shl.arithmetic_overflow.2
	 - Status: SUCCESS
	 - Description: "attempt to shift by excessive shift distance"
	 - Location: ../../../../../../runner/.rustup/toolchains/nightly-2025-11-21-aarch64-apple-darwin/lib/rustlib/src/rust/library/core/src/intrinsics/fallback.rs:184:29 in function <u32 as std::intrinsics::fallback::FunnelShift>::unchecked_funnel_shl

Check 129: std::ptr::drop_in_place::<std::array::IntoIter<datum::Datum, 1>>.safety_check.1
	 - Status: SUCCESS
	 - Description: "misaligned pointer to reference cast: address must be a multiple of its type's alignment"
	 - Location: ../../../../../../runner/.rustup/toolchains/nightly-2025-11-21-aarch64-apple-darwin/lib/rustlib/src/rust/library/core/src/ptr/mod.rs:805:1 in function std::ptr::drop_in_place::<std::array::IntoIter<datum::Datum, 1>>

Check 130: std::ptr::drop_in_place::<std::array::IntoIter<datum::Datum, 1>>.safety_check.2
	 - Status: SUCCESS
	 - Description: "dereference failure: pointer invalid"
	 - Location: ../../../../../../runner/.rustup/toolchains/nightly-2025-11-21-aarch64-apple-darwin/lib/rustlib/src/rust/library/core/src/ptr/mod.rs:805:1 in function std::ptr::drop_in_place::<std::array::IntoIter<datum::Datum, 1>>

Check 131: wave5::eq_hashtid.assertion.1
	 - Status: SUCCESS
	 - Description: "assertion failed: r.as_u32() == c"
	 - Location: src/lib.rs:817:9 in function wave5::eq_hashtid

Check 132: std::ptr::drop_in_place::<std::vec::Vec<u8>>.safety_check.1
	 - Status: SUCCESS
	 - Description: "misaligned pointer to reference cast: address must be a multiple of its type's alignment"
	 - Location: ../../../../../../runner/.rustup/toolchains/nightly-2025-11-21-aarch64-apple-darwin/lib/rustlib/src/rust/library/core/src/ptr/mod.rs:805:1 in function std::ptr::drop_in_place::<std::vec::Vec<u8>>

Check 133: std::ptr::drop_in_place::<std::vec::Vec<u8>>.safety_check.2
	 - Status: SUCCESS
	 - Description: "dereference failure: pointer invalid"
	 - Location: ../../../../../../runner/.rustup/toolchains/nightly-2025-11-21-aarch64-apple-darwin/lib/rustlib/src/rust/library/core/src/ptr/mod.rs:805:1 in function std::ptr::drop_in_place::<std::vec::Vec<u8>>

Check 134: kani::rustc_intrinsics::offset::<u8, *const u8, usize>.safety_check.1
	 - Status: SUCCESS
	 - Description: "Offset in bytes overflows isize"
	 - Location: ../../../../../../runner/work/kani/kani/library/kani/src/lib.rs:57:1 in function kani::rustc_intrinsics::offset::<u8, *const u8, usize>

Check 135: kani::rustc_intrinsics::offset::<u8, *const u8, usize>.safety_check.2
	 - Status: SUCCESS
	 - Description: "Offset result and original pointer must point to the same allocation"
	 - Location: ../../../../../../runner/work/kani/kani/library/kani/src/lib.rs:57:1 in function kani::rustc_intrinsics::offset::<u8, *const u8, usize>

Check 136: std::option::Option::<&[u8; 4]>::ok_or::<std::array::TryFromSliceError>.unreachable.1
	 - Status: SUCCESS
	 - Description: "unreachable code"
	 - Location: ../../../../../../runner/.rustup/toolchains/nightly-2025-11-21-aarch64-apple-darwin/lib/rustlib/src/rust/library/core/src/option.rs:1338:15 in function std::option::Option::<&[u8; 4]>::ok_or::<std::array::TryFromSliceError>

Check 137: std::option::Option::<&[u8; 4]>::ok_or::<std::array::TryFromSliceError>.pointer_dereference.1
	 - Status: SUCCESS
	 - Description: "dereference failure: dead object"
	 - Location: ../../../../../../runner/.rustup/toolchains/nightly-2025-11-21-aarch64-apple-darwin/lib/rustlib/src/rust/library/core/src/option.rs:1338:15 in function std::option::Option::<&[u8; 4]>::ok_or::<std::array::TryFromSliceError>

Check 138: std::option::Option::<&[u8; 4]>::ok_or::<std::array::TryFromSliceError>.pointer_dereference.2
	 - Status: SUCCESS
	 - Description: "dereference failure: dead object"
	 - Location: ../../../../../../runner/.rustup/toolchains/nightly-2025-11-21-aarch64-apple-darwin/lib/rustlib/src/rust/library/core/src/option.rs:1340:21 in function std::option::Option::<&[u8; 4]>::ok_or::<std::array::TryFromSliceError>

Check 139: __rust_dealloc.precondition_instance.1
	 - Status: SUCCESS
	 - Description: "free argument must be NULL or valid pointer"
	 - Location: ../../../../../.kani/kani-0.67.0/library/kani/kani_lib.c:87 in function __rust_dealloc

Check 140: __rust_dealloc.precondition_instance.2
	 - Status: SUCCESS
	 - Description: "free argument must be dynamic object"
	 - Location: ../../../../../.kani/kani-0.67.0/library/kani/kani_lib.c:87 in function __rust_dealloc

Check 141: __rust_dealloc.precondition_instance.3
	 - Status: SUCCESS
	 - Description: "free argument has offset zero"
	 - Location: ../../../../../.kani/kani-0.67.0/library/kani/kani_lib.c:87 in function __rust_dealloc

Check 142: __rust_dealloc.precondition_instance.4
	 - Status: SUCCESS
	 - Description: "double free"
	 - Location: ../../../../../.kani/kani-0.67.0/library/kani/kani_lib.c:87 in function __rust_dealloc

Check 143: __rust_dealloc.precondition_instance.5
	 - Status: SUCCESS
	 - Description: "free called for new[] object"
	 - Location: ../../../../../.kani/kani-0.67.0/library/kani/kani_lib.c:87 in function __rust_dealloc

Check 144: __rust_dealloc.precondition_instance.6
	 - Status: SUCCESS
	 - Description: "free called for stack-allocated object"
	 - Location: ../../../../../.kani/kani-0.67.0/library/kani/kani_lib.c:87 in function __rust_dealloc

Check 145: proof_support::fci::<1>.pointer_dereference.1
	 - Status: SUCCESS
	 - Description: "dereference failure: dead object"
	 - Location: ../support/src/lib.rs:244:26 in function proof_support::fci::<1>

Check 146: proof_support::fci::<1>.pointer_dereference.2
	 - Status: SUCCESS
	 - Description: "dereference failure: pointer NULL"
	 - Location: ../support/src/lib.rs:245:13 in function proof_support::fci::<1>

Check 147: proof_support::fci::<1>.pointer_dereference.3
	 - Status: SUCCESS
	 - Description: "dereference failure: pointer invalid"
	 - Location: ../support/src/lib.rs:245:13 in function proof_support::fci::<1>

Check 148: proof_support::fci::<1>.pointer_dereference.4
	 - Status: SUCCESS
	 - Description: "dereference failure: deallocated dynamic object"
	 - Location: ../support/src/lib.rs:245:13 in function proof_support::fci::<1>

Check 149: proof_support::fci::<1>.pointer_dereference.5
	 - Status: SUCCESS
	 - Description: "dereference failure: dead object"
	 - Location: ../support/src/lib.rs:245:13 in function proof_support::fci::<1>

Check 150: proof_support::fci::<1>.pointer_dereference.6
	 - Status: SUCCESS
	 - Description: "dereference failure: pointer outside object bounds"
	 - Location: ../support/src/lib.rs:245:13 in function proof_support::fci::<1>

Check 151: proof_support::fci::<1>.pointer_dereference.7
	 - Status: SUCCESS
	 - Description: "dereference failure: invalid integer address"
	 - Location: ../support/src/lib.rs:245:13 in function proof_support::fci::<1>

Check 152: proof_support::call::<1, std::boxed::Box<types_error::PgError>>.pointer_dereference.1
	 - Status: SUCCESS
	 - Description: "dereference failure: dead object"
	 - Location: ../support/src/lib.rs:255:12 in function proof_support::call::<1, std::boxed::Box<types_error::PgError>>

Check 153: pointer_dereference.1
	 - Status: SUCCESS
	 - Description: "dereference failure: pointer NULL"

Check 154: pointer_dereference.2
	 - Status: SUCCESS
	 - Description: "dereference failure: pointer invalid"

Check 155: pointer_dereference.3
	 - Status: SUCCESS
	 - Description: "dereference failure: deallocated dynamic object"

Check 156: pointer_dereference.4
	 - Status: SUCCESS
	 - Description: "dereference failure: dead object"

Check 157: pointer_dereference.5
	 - Status: SUCCESS
	 - Description: "dereference failure: pointer outside object bounds"

Check 158: pointer_dereference.6
	 - Status: SUCCESS
	 - Description: "dereference failure: invalid integer address"

Check 159: types_fmgr::FunctionCallInfoBaseData::<[datum::NullableDatum; 1]>::new.pointer_dereference.1
	 - Status: SUCCESS
	 - Description: "dereference failure: dead object"
	 - Location: ../../crates/_support/types/fmgr/src/fcinfo.rs:228:22 in function types_fmgr::FunctionCallInfoBaseData::<[datum::NullableDatum; 1]>::new

Check 160: types_fmgr::FunctionCallInfoBaseData::<[datum::NullableDatum; 1]>::new.pointer_dereference.2
	 - Status: SUCCESS
	 - Description: "dereference failure: dead object"
	 - Location: ../../crates/_support/types/fmgr/src/fcinfo.rs:229:25 in function types_fmgr::FunctionCallInfoBaseData::<[datum::NullableDatum; 1]>::new

Check 161: types_fmgr::FunctionCallInfoBaseData::<[datum::NullableDatum; 1]>::new.pointer_dereference.3
	 - Status: SUCCESS
	 - Description: "dereference failure: dead object"
	 - Location: ../../crates/_support/types/fmgr/src/fcinfo.rs:230:25 in function types_fmgr::FunctionCallInfoBaseData::<[datum::NullableDatum; 1]>::new

Check 162: <std::option::Option<(&mut datum::NullableDatum, datum::Datum)> as std::ops::FromResidual<std::option::Option<std::convert::Infallible>>>::from_residual.pointer_dereference.1
	 - Status: SUCCESS
	 - Description: "dereference failure: dead object"
	 - Location: ../../../../../../runner/.rustup/toolchains/nightly-2025-11-21-aarch64-apple-darwin/lib/rustlib/src/rust/library/core/src/option.rs:2681:21 in function <std::option::Option<(&mut datum::NullableDatum, datum::Datum)> as std::ops::FromResidual<std::option::Option<std::convert::Infallible>>>::from_residual

Check 163: pg_hash_bytes.pointer_dereference.1
	 - Status: SUCCESS
	 - Description: "dereference failure: pointer NULL"
	 - Location: c/pg_hash_rows.c:203 in function pg_hash_bytes

Check 164: pg_hash_bytes.pointer_dereference.2
	 - Status: SUCCESS
	 - Description: "dereference failure: pointer invalid"
	 - Location: c/pg_hash_rows.c:203 in function pg_hash_bytes

Check 165: pg_hash_bytes.pointer_dereference.3
	 - Status: SUCCESS
	 - Description: "dereference failure: deallocated dynamic object"
	 - Location: c/pg_hash_rows.c:203 in function pg_hash_bytes

Check 166: pg_hash_bytes.pointer_dereference.4
	 - Status: SUCCESS
	 - Description: "dereference failure: dead object"
	 - Location: c/pg_hash_rows.c:203 in function pg_hash_bytes

Check 167: pg_hash_bytes.pointer_dereference.5
	 - Status: SUCCESS
	 - Description: "dereference failure: pointer outside object bounds"
	 - Location: c/pg_hash_rows.c:203 in function pg_hash_bytes

Check 168: pg_hash_bytes.pointer_dereference.6
	 - Status: SUCCESS
	 - Description: "dereference failure: invalid integer address"
	 - Location: c/pg_hash_rows.c:203 in function pg_hash_bytes

Check 169: pg_hash_bytes.pointer_dereference.7
	 - Status: SUCCESS
	 - Description: "dereference failure: pointer NULL"
	 - Location: c/pg_hash_rows.c:204 in function pg_hash_bytes

Check 170: pg_hash_bytes.pointer_dereference.8
	 - Status: SUCCESS
	 - Description: "dereference failure: pointer invalid"
	 - Location: c/pg_hash_rows.c:204 in function pg_hash_bytes

Check 171: pg_hash_bytes.pointer_dereference.9
	 - Status: SUCCESS
	 - Description: "dereference failure: deallocated dynamic object"
	 - Location: c/pg_hash_rows.c:204 in function pg_hash_bytes

Check 172: pg_hash_bytes.pointer_dereference.10
	 - Status: SUCCESS
	 - Description: "dereference failure: dead object"
	 - Location: c/pg_hash_rows.c:204 in function pg_hash_bytes

Check 173: pg_hash_bytes.pointer_dereference.11
	 - Status: SUCCESS
	 - Description: "dereference failure: pointer outside object bounds"
	 - Location: c/pg_hash_rows.c:204 in function pg_hash_bytes

Check 174: pg_hash_bytes.pointer_dereference.12
	 - Status: SUCCESS
	 - Description: "dereference failure: invalid integer address"
	 - Location: c/pg_hash_rows.c:204 in function pg_hash_bytes

Check 175: pg_hash_bytes.pointer_dereference.13
	 - Status: SUCCESS
	 - Description: "dereference failure: pointer NULL"
	 - Location: c/pg_hash_rows.c:205 in function pg_hash_bytes

Check 176: pg_hash_bytes.pointer_dereference.14
	 - Status: SUCCESS
	 - Description: "dereference failure: pointer invalid"
	 - Location: c/pg_hash_rows.c:205 in function pg_hash_bytes

Check 177: pg_hash_bytes.pointer_dereference.15
	 - Status: SUCCESS
	 - Description: "dereference failure: deallocated dynamic object"
	 - Location: c/pg_hash_rows.c:205 in function pg_hash_bytes

Check 178: pg_hash_bytes.pointer_dereference.16
	 - Status: SUCCESS
	 - Description: "dereference failure: dead object"
	 - Location: c/pg_hash_rows.c:205 in function pg_hash_bytes

Check 179: pg_hash_bytes.pointer_dereference.17
	 - Status: SUCCESS
	 - Description: "dereference failure: pointer outside object bounds"
	 - Location: c/pg_hash_rows.c:205 in function pg_hash_bytes

Check 180: pg_hash_bytes.pointer_dereference.18
	 - Status: SUCCESS
	 - Description: "dereference failure: invalid integer address"
	 - Location: c/pg_hash_rows.c:205 in function pg_hash_bytes

Check 181: pg_hash_bytes.pointer_dereference.19
	 - Status: SUCCESS
	 - Description: "dereference failure: pointer NULL"
	 - Location: c/pg_hash_rows.c:256 in function pg_hash_bytes

Check 182: pg_hash_bytes.pointer_dereference.20
	 - Status: SUCCESS
	 - Description: "dereference failure: pointer invalid"
	 - Location: c/pg_hash_rows.c:256 in function pg_hash_bytes

Check 183: pg_hash_bytes.pointer_dereference.21
	 - Status: SUCCESS
	 - Description: "dereference failure: deallocated dynamic object"
	 - Location: c/pg_hash_rows.c:256 in function pg_hash_bytes

Check 184: pg_hash_bytes.pointer_dereference.22
	 - Status: SUCCESS
	 - Description: "dereference failure: dead object"
	 - Location: c/pg_hash_rows.c:256 in function pg_hash_bytes

Check 185: pg_hash_bytes.pointer_dereference.23
	 - Status: SUCCESS
	 - Description: "dereference failure: pointer outside object bounds"
	 - Location: c/pg_hash_rows.c:256 in function pg_hash_bytes

Check 186: pg_hash_bytes.pointer_dereference.24
	 - Status: SUCCESS
	 - Description: "dereference failure: invalid integer address"
	 - Location: c/pg_hash_rows.c:256 in function pg_hash_bytes

Check 187: pg_hash_bytes.pointer_dereference.25
	 - Status: SUCCESS
	 - Description: "dereference failure: pointer NULL"
	 - Location: c/pg_hash_rows.c:259 in function pg_hash_bytes

Check 188: pg_hash_bytes.pointer_dereference.26
	 - Status: SUCCESS
	 - Description: "dereference failure: pointer invalid"
	 - Location: c/pg_hash_rows.c:259 in function pg_hash_bytes

Check 189: pg_hash_bytes.pointer_dereference.27
	 - Status: SUCCESS
	 - Description: "dereference failure: deallocated dynamic object"
	 - Location: c/pg_hash_rows.c:259 in function pg_hash_bytes

Check 190: pg_hash_bytes.pointer_dereference.28
	 - Status: SUCCESS
	 - Description: "dereference failure: dead object"
	 - Location: c/pg_hash_rows.c:259 in function pg_hash_bytes

Check 191: pg_hash_bytes.pointer_dereference.29
	 - Status: SUCCESS
	 - Description: "dereference failure: pointer outside object bounds"
	 - Location: c/pg_hash_rows.c:259 in function pg_hash_bytes

Check 192: pg_hash_bytes.pointer_dereference.30
	 - Status: SUCCESS
	 - Description: "dereference failure: invalid integer address"
	 - Location: c/pg_hash_rows.c:259 in function pg_hash_bytes

Check 193: pg_hash_bytes.pointer_dereference.31
	 - Status: SUCCESS
	 - Description: "dereference failure: pointer NULL"
	 - Location: c/pg_hash_rows.c:262 in function pg_hash_bytes

Check 194: pg_hash_bytes.pointer_dereference.32
	 - Status: SUCCESS
	 - Description: "dereference failure: pointer invalid"
	 - Location: c/pg_hash_rows.c:262 in function pg_hash_bytes

Check 195: pg_hash_bytes.pointer_dereference.33
	 - Status: SUCCESS
	 - Description: "dereference failure: deallocated dynamic object"
	 - Location: c/pg_hash_rows.c:262 in function pg_hash_bytes

Check 196: pg_hash_bytes.pointer_dereference.34
	 - Status: SUCCESS
	 - Description: "dereference failure: dead object"
	 - Location: c/pg_hash_rows.c:262 in function pg_hash_bytes

Check 197: pg_hash_bytes.pointer_dereference.35
	 - Status: SUCCESS
	 - Description: "dereference failure: pointer outside object bounds"
	 - Location: c/pg_hash_rows.c:262 in function pg_hash_bytes

Check 198: pg_hash_bytes.pointer_dereference.36
	 - Status: SUCCESS
	 - Description: "dereference failure: invalid integer address"
	 - Location: c/pg_hash_rows.c:262 in function pg_hash_bytes

Check 199: pg_hash_bytes.pointer_dereference.37
	 - Status: SUCCESS
	 - Description: "dereference failure: pointer NULL"
	 - Location: c/pg_hash_rows.c:266 in function pg_hash_bytes

Check 200: pg_hash_bytes.pointer_dereference.38
	 - Status: SUCCESS
	 - Description: "dereference failure: pointer invalid"
	 - Location: c/pg_hash_rows.c:266 in function pg_hash_bytes

Check 201: pg_hash_bytes.pointer_dereference.39
	 - Status: SUCCESS
	 - Description: "dereference failure: deallocated dynamic object"
	 - Location: c/pg_hash_rows.c:266 in function pg_hash_bytes

Check 202: pg_hash_bytes.pointer_dereference.40
	 - Status: SUCCESS
	 - Description: "dereference failure: dead object"
	 - Location: c/pg_hash_rows.c:266 in function pg_hash_bytes

Check 203: pg_hash_bytes.pointer_dereference.41
	 - Status: SUCCESS
	 - Description: "dereference failure: pointer outside object bounds"
	 - Location: c/pg_hash_rows.c:266 in function pg_hash_bytes

Check 204: pg_hash_bytes.pointer_dereference.42
	 - Status: SUCCESS
	 - Description: "dereference failure: invalid integer address"
	 - Location: c/pg_hash_rows.c:266 in function pg_hash_bytes

Check 205: pg_hash_bytes.pointer_dereference.43
	 - Status: SUCCESS
	 - Description: "dereference failure: pointer NULL"
	 - Location: c/pg_hash_rows.c:267 in function pg_hash_bytes

Check 206: pg_hash_bytes.pointer_dereference.44
	 - Status: SUCCESS
	 - Description: "dereference failure: pointer invalid"
	 - Location: c/pg_hash_rows.c:267 in function pg_hash_bytes

Check 207: pg_hash_bytes.pointer_dereference.45
	 - Status: SUCCESS
	 - Description: "dereference failure: deallocated dynamic object"
	 - Location: c/pg_hash_rows.c:267 in function pg_hash_bytes

Check 208: pg_hash_bytes.pointer_dereference.46
	 - Status: SUCCESS
	 - Description: "dereference failure: dead object"
	 - Location: c/pg_hash_rows.c:267 in function pg_hash_bytes

Check 209: pg_hash_bytes.pointer_dereference.47
	 - Status: SUCCESS
	 - Description: "dereference failure: pointer outside object bounds"
	 - Location: c/pg_hash_rows.c:267 in function pg_hash_bytes

Check 210: pg_hash_bytes.pointer_dereference.48
	 - Status: SUCCESS
	 - Description: "dereference failure: invalid integer address"
	 - Location: c/pg_hash_rows.c:267 in function pg_hash_bytes

Check 211: pg_hash_bytes.pointer_dereference.49
	 - Status: SUCCESS
	 - Description: "dereference failure: pointer NULL"
	 - Location: c/pg_hash_rows.c:270 in function pg_hash_bytes

Check 212: pg_hash_bytes.pointer_dereference.50
	 - Status: SUCCESS
	 - Description: "dereference failure: pointer invalid"
	 - Location: c/pg_hash_rows.c:270 in function pg_hash_bytes

Check 213: pg_hash_bytes.pointer_dereference.51
	 - Status: SUCCESS
	 - Description: "dereference failure: deallocated dynamic object"
	 - Location: c/pg_hash_rows.c:270 in function pg_hash_bytes

Check 214: pg_hash_bytes.pointer_dereference.52
	 - Status: SUCCESS
	 - Description: "dereference failure: dead object"
	 - Location: c/pg_hash_rows.c:270 in function pg_hash_bytes

Check 215: pg_hash_bytes.pointer_dereference.53
	 - Status: SUCCESS
	 - Description: "dereference failure: pointer outside object bounds"
	 - Location: c/pg_hash_rows.c:270 in function pg_hash_bytes

Check 216: pg_hash_bytes.pointer_dereference.54
	 - Status: SUCCESS
	 - Description: "dereference failure: invalid integer address"
	 - Location: c/pg_hash_rows.c:270 in function pg_hash_bytes

Check 217: pg_hash_bytes.pointer_dereference.55
	 - Status: SUCCESS
	 - Description: "dereference failure: pointer NULL"
	 - Location: c/pg_hash_rows.c:273 in function pg_hash_bytes

Check 218: pg_hash_bytes.pointer_dereference.56
	 - Status: SUCCESS
	 - Description: "dereference failure: pointer invalid"
	 - Location: c/pg_hash_rows.c:273 in function pg_hash_bytes

Check 219: pg_hash_bytes.pointer_dereference.57
	 - Status: SUCCESS
	 - Description: "dereference failure: deallocated dynamic object"
	 - Location: c/pg_hash_rows.c:273 in function pg_hash_bytes

Check 220: pg_hash_bytes.pointer_dereference.58
	 - Status: SUCCESS
	 - Description: "dereference failure: dead object"
	 - Location: c/pg_hash_rows.c:273 in function pg_hash_bytes

Check 221: pg_hash_bytes.pointer_dereference.59
	 - Status: SUCCESS
	 - Description: "dereference failure: pointer outside object bounds"
	 - Location: c/pg_hash_rows.c:273 in function pg_hash_bytes

Check 222: pg_hash_bytes.pointer_dereference.60
	 - Status: SUCCESS
	 - Description: "dereference failure: invalid integer address"
	 - Location: c/pg_hash_rows.c:273 in function pg_hash_bytes

Check 223: pg_hash_bytes.pointer_dereference.61
	 - Status: SUCCESS
	 - Description: "dereference failure: pointer NULL"
	 - Location: c/pg_hash_rows.c:276 in function pg_hash_bytes

Check 224: pg_hash_bytes.pointer_dereference.62
	 - Status: SUCCESS
	 - Description: "dereference failure: pointer invalid"
	 - Location: c/pg_hash_rows.c:276 in function pg_hash_bytes

Check 225: pg_hash_bytes.pointer_dereference.63
	 - Status: SUCCESS
	 - Description: "dereference failure: deallocated dynamic object"
	 - Location: c/pg_hash_rows.c:276 in function pg_hash_bytes

Check 226: pg_hash_bytes.pointer_dereference.64
	 - Status: SUCCESS
	 - Description: "dereference failure: dead object"
	 - Location: c/pg_hash_rows.c:276 in function pg_hash_bytes

Check 227: pg_hash_bytes.pointer_dereference.65
	 - Status: SUCCESS
	 - Description: "dereference failure: pointer outside object bounds"
	 - Location: c/pg_hash_rows.c:276 in function pg_hash_bytes

Check 228: pg_hash_bytes.pointer_dereference.66
	 - Status: SUCCESS
	 - Description: "dereference failure: invalid integer address"
	 - Location: c/pg_hash_rows.c:276 in function pg_hash_bytes

Check 229: pg_hash_bytes.pointer_dereference.67
	 - Status: SUCCESS
	 - Description: "dereference failure: pointer NULL"
	 - Location: c/pg_hash_rows.c:279 in function pg_hash_bytes

Check 230: pg_hash_bytes.pointer_dereference.68
	 - Status: SUCCESS
	 - Description: "dereference failure: pointer invalid"
	 - Location: c/pg_hash_rows.c:279 in function pg_hash_bytes

Check 231: pg_hash_bytes.pointer_dereference.69
	 - Status: SUCCESS
	 - Description: "dereference failure: deallocated dynamic object"
	 - Location: c/pg_hash_rows.c:279 in function pg_hash_bytes

Check 232: pg_hash_bytes.pointer_dereference.70
	 - Status: SUCCESS
	 - Description: "dereference failure: dead object"
	 - Location: c/pg_hash_rows.c:279 in function pg_hash_bytes

Check 233: pg_hash_bytes.pointer_dereference.71
	 - Status: SUCCESS
	 - Description: "dereference failure: pointer outside object bounds"
	 - Location: c/pg_hash_rows.c:279 in function pg_hash_bytes

Check 234: pg_hash_bytes.pointer_dereference.72
	 - Status: SUCCESS
	 - Description: "dereference failure: invalid integer address"
	 - Location: c/pg_hash_rows.c:279 in function pg_hash_bytes

Check 235: pg_hash_bytes.pointer_dereference.73
	 - Status: SUCCESS
	 - Description: "dereference failure: pointer NULL"
	 - Location: c/pg_hash_rows.c:282 in function pg_hash_bytes

Check 236: pg_hash_bytes.pointer_dereference.74
	 - Status: SUCCESS
	 - Description: "dereference failure: pointer invalid"
	 - Location: c/pg_hash_rows.c:282 in function pg_hash_bytes

Check 237: pg_hash_bytes.pointer_dereference.75
	 - Status: SUCCESS
	 - Description: "dereference failure: deallocated dynamic object"
	 - Location: c/pg_hash_rows.c:282 in function pg_hash_bytes

Check 238: pg_hash_bytes.pointer_dereference.76
	 - Status: SUCCESS
	 - Description: "dereference failure: dead object"
	 - Location: c/pg_hash_rows.c:282 in function pg_hash_bytes

Check 239: pg_hash_bytes.pointer_dereference.77
	 - Status: SUCCESS
	 - Description: "dereference failure: pointer outside object bounds"
	 - Location: c/pg_hash_rows.c:282 in function pg_hash_bytes

Check 240: pg_hash_bytes.pointer_dereference.78
	 - Status: SUCCESS
	 - Description: "dereference failure: invalid integer address"
	 - Location: c/pg_hash_rows.c:282 in function pg_hash_bytes

Check 241: pg_hash_bytes.pointer_dereference.79
	 - Status: SUCCESS
	 - Description: "dereference failure: pointer NULL"
	 - Location: c/pg_hash_rows.c:285 in function pg_hash_bytes

Check 242: pg_hash_bytes.pointer_dereference.80
	 - Status: SUCCESS
	 - Description: "dereference failure: pointer invalid"
	 - Location: c/pg_hash_rows.c:285 in function pg_hash_bytes

Check 243: pg_hash_bytes.pointer_dereference.81
	 - Status: SUCCESS
	 - Description: "dereference failure: deallocated dynamic object"
	 - Location: c/pg_hash_rows.c:285 in function pg_hash_bytes

Check 244: pg_hash_bytes.pointer_dereference.82
	 - Status: SUCCESS
	 - Description: "dereference failure: dead object"
	 - Location: c/pg_hash_rows.c:285 in function pg_hash_bytes

Check 245: pg_hash_bytes.pointer_dereference.83
	 - Status: SUCCESS
	 - Description: "dereference failure: pointer outside object bounds"
	 - Location: c/pg_hash_rows.c:285 in function pg_hash_bytes

Check 246: pg_hash_bytes.pointer_dereference.84
	 - Status: SUCCESS
	 - Description: "dereference failure: invalid integer address"
	 - Location: c/pg_hash_rows.c:285 in function pg_hash_bytes

Check 247: pg_hash_bytes.pointer_dereference.85
	 - Status: SUCCESS
	 - Description: "dereference failure: pointer NULL"
	 - Location: c/pg_hash_rows.c:288 in function pg_hash_bytes

Check 248: pg_hash_bytes.pointer_dereference.86
	 - Status: SUCCESS
	 - Description: "dereference failure: pointer invalid"
	 - Location: c/pg_hash_rows.c:288 in function pg_hash_bytes

Check 249: pg_hash_bytes.pointer_dereference.87
	 - Status: SUCCESS
	 - Description: "dereference failure: deallocated dynamic object"
	 - Location: c/pg_hash_rows.c:288 in function pg_hash_bytes

Check 250: pg_hash_bytes.pointer_dereference.88
	 - Status: SUCCESS
	 - Description: "dereference failure: dead object"
	 - Location: c/pg_hash_rows.c:288 in function pg_hash_bytes

Check 251: pg_hash_bytes.pointer_dereference.89
	 - Status: SUCCESS
	 - Description: "dereference failure: pointer outside object bounds"
	 - Location: c/pg_hash_rows.c:288 in function pg_hash_bytes

Check 252: pg_hash_bytes.pointer_dereference.90
	 - Status: SUCCESS
	 - Description: "dereference failure: invalid integer address"
	 - Location: c/pg_hash_rows.c:288 in function pg_hash_bytes

Check 253: pg_hash_bytes.pointer_dereference.91
	 - Status: SUCCESS
	 - Description: "dereference failure: pointer NULL"
	 - Location: c/pg_hash_rows.c:305 in function pg_hash_bytes

Check 254: pg_hash_bytes.pointer_dereference.92
	 - Status: SUCCESS
	 - Description: "dereference failure: pointer invalid"
	 - Location: c/pg_hash_rows.c:305 in function pg_hash_bytes

Check 255: pg_hash_bytes.pointer_dereference.93
	 - Status: SUCCESS
	 - Description: "dereference failure: deallocated dynamic object"
	 - Location: c/pg_hash_rows.c:305 in function pg_hash_bytes

Check 256: pg_hash_bytes.pointer_dereference.94
	 - Status: SUCCESS
	 - Description: "dereference failure: dead object"
	 - Location: c/pg_hash_rows.c:305 in function pg_hash_bytes

Check 257: pg_hash_bytes.pointer_dereference.95
	 - Status: SUCCESS
	 - Description: "dereference failure: pointer outside object bounds"
	 - Location: c/pg_hash_rows.c:305 in function pg_hash_bytes

Check 258: pg_hash_bytes.pointer_dereference.96
	 - Status: SUCCESS
	 - Description: "dereference failure: invalid integer address"
	 - Location: c/pg_hash_rows.c:305 in function pg_hash_bytes

Check 259: pg_hash_bytes.pointer_dereference.97
	 - Status: SUCCESS
	 - Description: "dereference failure: pointer NULL"
	 - Location: c/pg_hash_rows.c:305 in function pg_hash_bytes

Check 260: pg_hash_bytes.pointer_dereference.98
	 - Status: SUCCESS
	 - Description: "dereference failure: pointer invalid"
	 - Location: c/pg_hash_rows.c:305 in function pg_hash_bytes

Check 261: pg_hash_bytes.pointer_dereference.99
	 - Status: SUCCESS
	 - Description: "dereference failure: deallocated dynamic object"
	 - Location: c/pg_hash_rows.c:305 in function pg_hash_bytes

Check 262: pg_hash_bytes.pointer_dereference.100
	 - Status: SUCCESS
	 - Description: "dereference failure: dead object"
	 - Location: c/pg_hash_rows.c:305 in function pg_hash_bytes

Check 263: pg_hash_bytes.pointer_dereference.101
	 - Status: SUCCESS
	 - Description: "dereference failure: pointer outside object bounds"
	 - Location: c/pg_hash_rows.c:305 in function pg_hash_bytes

Check 264: pg_hash_bytes.pointer_dereference.102
	 - Status: SUCCESS
	 - Description: "dereference failure: invalid integer address"
	 - Location: c/pg_hash_rows.c:305 in function pg_hash_bytes

Check 265: pg_hash_bytes.pointer_dereference.103
	 - Status: SUCCESS
	 - Description: "dereference failure: pointer NULL"
	 - Location: c/pg_hash_rows.c:305 in function pg_hash_bytes

Check 266: pg_hash_bytes.pointer_dereference.104
	 - Status: SUCCESS
	 - Description: "dereference failure: pointer invalid"
	 - Location: c/pg_hash_rows.c:305 in function pg_hash_bytes

Check 267: pg_hash_bytes.pointer_dereference.105
	 - Status: SUCCESS
	 - Description: "dereference failure: deallocated dynamic object"
	 - Location: c/pg_hash_rows.c:305 in function pg_hash_bytes

Check 268: pg_hash_bytes.pointer_dereference.106
	 - Status: SUCCESS
	 - Description: "dereference failure: dead object"
	 - Location: c/pg_hash_rows.c:305 in function pg_hash_bytes

Check 269: pg_hash_bytes.pointer_dereference.107
	 - Status: SUCCESS
	 - Description: "dereference failure: pointer outside object bounds"
	 - Location: c/pg_hash_rows.c:305 in function pg_hash_bytes

Check 270: pg_hash_bytes.pointer_dereference.108
	 - Status: SUCCESS
	 - Description: "dereference failure: invalid integer address"
	 - Location: c/pg_hash_rows.c:305 in function pg_hash_bytes

Check 271: pg_hash_bytes.pointer_dereference.109
	 - Status: SUCCESS
	 - Description: "dereference failure: pointer NULL"
	 - Location: c/pg_hash_rows.c:305 in function pg_hash_bytes

Check 272: pg_hash_bytes.pointer_dereference.110
	 - Status: SUCCESS
	 - Description: "dereference failure: pointer invalid"
	 - Location: c/pg_hash_rows.c:305 in function pg_hash_bytes

Check 273: pg_hash_bytes.pointer_dereference.111
	 - Status: SUCCESS
	 - Description: "dereference failure: deallocated dynamic object"
	 - Location: c/pg_hash_rows.c:305 in function pg_hash_bytes

Check 274: pg_hash_bytes.pointer_dereference.112
	 - Status: SUCCESS
	 - Description: "dereference failure: dead object"
	 - Location: c/pg_hash_rows.c:305 in function pg_hash_bytes

Check 275: pg_hash_bytes.pointer_dereference.113
	 - Status: SUCCESS
	 - Description: "dereference failure: pointer outside object bounds"
	 - Location: c/pg_hash_rows.c:305 in function pg_hash_bytes

Check 276: pg_hash_bytes.pointer_dereference.114
	 - Status: SUCCESS
	 - Description: "dereference failure: invalid integer address"
	 - Location: c/pg_hash_rows.c:305 in function pg_hash_bytes

Check 277: pg_hash_bytes.pointer_dereference.115
	 - Status: SUCCESS
	 - Description: "dereference failure: pointer NULL"
	 - Location: c/pg_hash_rows.c:306 in function pg_hash_bytes

Check 278: pg_hash_bytes.pointer_dereference.116
	 - Status: SUCCESS
	 - Description: "dereference failure: pointer invalid"
	 - Location: c/pg_hash_rows.c:306 in function pg_hash_bytes

Check 279: pg_hash_bytes.pointer_dereference.117
	 - Status: SUCCESS
	 - Description: "dereference failure: deallocated dynamic object"
	 - Location: c/pg_hash_rows.c:306 in function pg_hash_bytes

Check 280: pg_hash_bytes.pointer_dereference.118
	 - Status: SUCCESS
	 - Description: "dereference failure: dead object"
	 - Location: c/pg_hash_rows.c:306 in function pg_hash_bytes

Check 281: pg_hash_bytes.pointer_dereference.119
	 - Status: SUCCESS
	 - Description: "dereference failure: pointer outside object bounds"
	 - Location: c/pg_hash_rows.c:306 in function pg_hash_bytes

Check 282: pg_hash_bytes.pointer_dereference.120
	 - Status: SUCCESS
	 - Description: "dereference failure: invalid integer address"
	 - Location: c/pg_hash_rows.c:306 in function pg_hash_bytes

Check 283: pg_hash_bytes.pointer_dereference.121
	 - Status: SUCCESS
	 - Description: "dereference failure: pointer NULL"
	 - Location: c/pg_hash_rows.c:306 in function pg_hash_bytes

Check 284: pg_hash_bytes.pointer_dereference.122
	 - Status: SUCCESS
	 - Description: "dereference failure: pointer invalid"
	 - Location: c/pg_hash_rows.c:306 in function pg_hash_bytes

Check 285: pg_hash_bytes.pointer_dereference.123
	 - Status: SUCCESS
	 - Description: "dereference failure: deallocated dynamic object"
	 - Location: c/pg_hash_rows.c:306 in function pg_hash_bytes

Check 286: pg_hash_bytes.pointer_dereference.124
	 - Status: SUCCESS
	 - Description: "dereference failure: dead object"
	 - Location: c/pg_hash_rows.c:306 in function pg_hash_bytes

Check 287: pg_hash_bytes.pointer_dereference.125
	 - Status: SUCCESS
	 - Description: "dereference failure: pointer outside object bounds"
	 - Location: c/pg_hash_rows.c:306 in function pg_hash_bytes

Check 288: pg_hash_bytes.pointer_dereference.126
	 - Status: SUCCESS
	 - Description: "dereference failure: invalid integer address"
	 - Location: c/pg_hash_rows.c:306 in function pg_hash_bytes

Check 289: pg_hash_bytes.pointer_dereference.127
	 - Status: SUCCESS
	 - Description: "dereference failure: pointer NULL"
	 - Location: c/pg_hash_rows.c:306 in function pg_hash_bytes

Check 290: pg_hash_bytes.pointer_dereference.128
	 - Status: SUCCESS
	 - Description: "dereference failure: pointer invalid"
	 - Location: c/pg_hash_rows.c:306 in function pg_hash_bytes

Check 291: pg_hash_bytes.pointer_dereference.129
	 - Status: SUCCESS
	 - Description: "dereference failure: deallocated dynamic object"
	 - Location: c/pg_hash_rows.c:306 in function pg_hash_bytes

Check 292: pg_hash_bytes.pointer_dereference.130
	 - Status: SUCCESS
	 - Description: "dereference failure: dead object"
	 - Location: c/pg_hash_rows.c:306 in function pg_hash_bytes

Check 293: pg_hash_bytes.pointer_dereference.131
	 - Status: SUCCESS
	 - Description: "dereference failure: pointer outside object bounds"
	 - Location: c/pg_hash_rows.c:306 in function pg_hash_bytes

Check 294: pg_hash_bytes.pointer_dereference.132
	 - Status: SUCCESS
	 - Description: "dereference failure: invalid integer address"
	 - Location: c/pg_hash_rows.c:306 in function pg_hash_bytes

Check 295: pg_hash_bytes.pointer_dereference.133
	 - Status: SUCCESS
	 - Description: "dereference failure: pointer NULL"
	 - Location: c/pg_hash_rows.c:306 in function pg_hash_bytes

Check 296: pg_hash_bytes.pointer_dereference.134
	 - Status: SUCCESS
	 - Description: "dereference failure: pointer invalid"
	 - Location: c/pg_hash_rows.c:306 in function pg_hash_bytes

Check 297: pg_hash_bytes.pointer_dereference.135
	 - Status: SUCCESS
	 - Description: "dereference failure: deallocated dynamic object"
	 - Location: c/pg_hash_rows.c:306 in function pg_hash_bytes

Check 298: pg_hash_bytes.pointer_dereference.136
	 - Status: SUCCESS
	 - Description: "dereference failure: dead object"
	 - Location: c/pg_hash_rows.c:306 in function pg_hash_bytes

Check 299: pg_hash_bytes.pointer_dereference.137
	 - Status: SUCCESS
	 - Description: "dereference failure: pointer outside object bounds"
	 - Location: c/pg_hash_rows.c:306 in function pg_hash_bytes

Check 300: pg_hash_bytes.pointer_dereference.138
	 - Status: SUCCESS
	 - Description: "dereference failure: invalid integer address"
	 - Location: c/pg_hash_rows.c:306 in function pg_hash_bytes

Check 301: pg_hash_bytes.pointer_dereference.139
	 - Status: SUCCESS
	 - Description: "dereference failure: pointer NULL"
	 - Location: c/pg_hash_rows.c:307 in function pg_hash_bytes

Check 302: pg_hash_bytes.pointer_dereference.140
	 - Status: SUCCESS
	 - Description: "dereference failure: pointer invalid"
	 - Location: c/pg_hash_rows.c:307 in function pg_hash_bytes

Check 303: pg_hash_bytes.pointer_dereference.141
	 - Status: SUCCESS
	 - Description: "dereference failure: deallocated dynamic object"
	 - Location: c/pg_hash_rows.c:307 in function pg_hash_bytes

Check 304: pg_hash_bytes.pointer_dereference.142
	 - Status: SUCCESS
	 - Description: "dereference failure: dead object"
	 - Location: c/pg_hash_rows.c:307 in function pg_hash_bytes

Check 305: pg_hash_bytes.pointer_dereference.143
	 - Status: SUCCESS
	 - Description: "dereference failure: pointer outside object bounds"
	 - Location: c/pg_hash_rows.c:307 in function pg_hash_bytes

Check 306: pg_hash_bytes.pointer_dereference.144
	 - Status: SUCCESS
	 - Description: "dereference failure: invalid integer address"
	 - Location: c/pg_hash_rows.c:307 in function pg_hash_bytes

Check 307: pg_hash_bytes.pointer_dereference.145
	 - Status: SUCCESS
	 - Description: "dereference failure: pointer NULL"
	 - Location: c/pg_hash_rows.c:307 in function pg_hash_bytes

Check 308: pg_hash_bytes.pointer_dereference.146
	 - Status: SUCCESS
	 - Description: "dereference failure: pointer invalid"
	 - Location: c/pg_hash_rows.c:307 in function pg_hash_bytes

Check 309: pg_hash_bytes.pointer_dereference.147
	 - Status: SUCCESS
	 - Description: "dereference failure: deallocated dynamic object"
	 - Location: c/pg_hash_rows.c:307 in function pg_hash_bytes

Check 310: pg_hash_bytes.pointer_dereference.148
	 - Status: SUCCESS
	 - Description: "dereference failure: dead object"
	 - Location: c/pg_hash_rows.c:307 in function pg_hash_bytes

Check 311: pg_hash_bytes.pointer_dereference.149
	 - Status: SUCCESS
	 - Description: "dereference failure: pointer outside object bounds"
	 - Location: c/pg_hash_rows.c:307 in function pg_hash_bytes

Check 312: pg_hash_bytes.pointer_dereference.150
	 - Status: SUCCESS
	 - Description: "dereference failure: invalid integer address"
	 - Location: c/pg_hash_rows.c:307 in function pg_hash_bytes

Check 313: pg_hash_bytes.pointer_dereference.151
	 - Status: SUCCESS
	 - Description: "dereference failure: pointer NULL"
	 - Location: c/pg_hash_rows.c:307 in function pg_hash_bytes

Check 314: pg_hash_bytes.pointer_dereference.152
	 - Status: SUCCESS
	 - Description: "dereference failure: pointer invalid"
	 - Location: c/pg_hash_rows.c:307 in function pg_hash_bytes

Check 315: pg_hash_bytes.pointer_dereference.153
	 - Status: SUCCESS
	 - Description: "dereference failure: deallocated dynamic object"
	 - Location: c/pg_hash_rows.c:307 in function pg_hash_bytes

Check 316: pg_hash_bytes.pointer_dereference.154
	 - Status: SUCCESS
	 - Description: "dereference failure: dead object"
	 - Location: c/pg_hash_rows.c:307 in function pg_hash_bytes

Check 317: pg_hash_bytes.pointer_dereference.155
	 - Status: SUCCESS
	 - Description: "dereference failure: pointer outside object bounds"
	 - Location: c/pg_hash_rows.c:307 in function pg_hash_bytes

Check 318: pg_hash_bytes.pointer_dereference.156
	 - Status: SUCCESS
	 - Description: "dereference failure: invalid integer address"
	 - Location: c/pg_hash_rows.c:307 in function pg_hash_bytes

Check 319: pg_hash_bytes.pointer_dereference.157
	 - Status: SUCCESS
	 - Description: "dereference failure: pointer NULL"
	 - Location: c/pg_hash_rows.c:307 in function pg_hash_bytes

Check 320: pg_hash_bytes.pointer_dereference.158
	 - Status: SUCCESS
	 - Description: "dereference failure: pointer invalid"
	 - Location: c/pg_hash_rows.c:307 in function pg_hash_bytes

Check 321: pg_hash_bytes.pointer_dereference.159
	 - Status: SUCCESS
	 - Description: "dereference failure: deallocated dynamic object"
	 - Location: c/pg_hash_rows.c:307 in function pg_hash_bytes

Check 322: pg_hash_bytes.pointer_dereference.160
	 - Status: SUCCESS
	 - Description: "dereference failure: dead object"
	 - Location: c/pg_hash_rows.c:307 in function pg_hash_bytes

Check 323: pg_hash_bytes.pointer_dereference.161
	 - Status: SUCCESS
	 - Description: "dereference failure: pointer outside object bounds"
	 - Location: c/pg_hash_rows.c:307 in function pg_hash_bytes

Check 324: pg_hash_bytes.pointer_dereference.162
	 - Status: SUCCESS
	 - Description: "dereference failure: invalid integer address"
	 - Location: c/pg_hash_rows.c:307 in function pg_hash_bytes

Check 325: pg_hash_bytes.pointer_dereference.163
	 - Status: SUCCESS
	 - Description: "dereference failure: pointer NULL"
	 - Location: c/pg_hash_rows.c:357 in function pg_hash_bytes

Check 326: pg_hash_bytes.pointer_dereference.164
	 - Status: SUCCESS
	 - Description: "dereference failure: pointer invalid"
	 - Location: c/pg_hash_rows.c:357 in function pg_hash_bytes

Check 327: pg_hash_bytes.pointer_dereference.165
	 - Status: SUCCESS
	 - Description: "dereference failure: deallocated dynamic object"
	 - Location: c/pg_hash_rows.c:357 in function pg_hash_bytes

Check 328: pg_hash_bytes.pointer_dereference.166
	 - Status: SUCCESS
	 - Description: "dereference failure: dead object"
	 - Location: c/pg_hash_rows.c:357 in function pg_hash_bytes

Check 329: pg_hash_bytes.pointer_dereference.167
	 - Status: SUCCESS
	 - Description: "dereference failure: pointer outside object bounds"
	 - Location: c/pg_hash_rows.c:357 in function pg_hash_bytes

Check 330: pg_hash_bytes.pointer_dereference.168
	 - Status: SUCCESS
	 - Description: "dereference failure: invalid integer address"
	 - Location: c/pg_hash_rows.c:357 in function pg_hash_bytes

Check 331: pg_hash_bytes.pointer_dereference.169
	 - Status: SUCCESS
	 - Description: "dereference failure: pointer NULL"
	 - Location: c/pg_hash_rows.c:360 in function pg_hash_bytes

Check 332: pg_hash_bytes.pointer_dereference.170
	 - Status: SUCCESS
	 - Description: "dereference failure: pointer invalid"
	 - Location: c/pg_hash_rows.c:360 in function pg_hash_bytes

Check 333: pg_hash_bytes.pointer_dereference.171
	 - Status: SUCCESS
	 - Description: "dereference failure: deallocated dynamic object"
	 - Location: c/pg_hash_rows.c:360 in function pg_hash_bytes

Check 334: pg_hash_bytes.pointer_dereference.172
	 - Status: SUCCESS
	 - Description: "dereference failure: dead object"
	 - Location: c/pg_hash_rows.c:360 in function pg_hash_bytes

Check 335: pg_hash_bytes.pointer_dereference.173
	 - Status: SUCCESS
	 - Description: "dereference failure: pointer outside object bounds"
	 - Location: c/pg_hash_rows.c:360 in function pg_hash_bytes

Check 336: pg_hash_bytes.pointer_dereference.174
	 - Status: SUCCESS
	 - Description: "dereference failure: invalid integer address"
	 - Location: c/pg_hash_rows.c:360 in function pg_hash_bytes

Check 337: pg_hash_bytes.pointer_dereference.175
	 - Status: SUCCESS
	 - Description: "dereference failure: pointer NULL"
	 - Location: c/pg_hash_rows.c:363 in function pg_hash_bytes

Check 338: pg_hash_bytes.pointer_dereference.176
	 - Status: SUCCESS
	 - Description: "dereference failure: pointer invalid"
	 - Location: c/pg_hash_rows.c:363 in function pg_hash_bytes

Check 339: pg_hash_bytes.pointer_dereference.177
	 - Status: SUCCESS
	 - Description: "dereference failure: deallocated dynamic object"
	 - Location: c/pg_hash_rows.c:363 in function pg_hash_bytes

Check 340: pg_hash_bytes.pointer_dereference.178
	 - Status: SUCCESS
	 - Description: "dereference failure: dead object"
	 - Location: c/pg_hash_rows.c:363 in function pg_hash_bytes

Check 341: pg_hash_bytes.pointer_dereference.179
	 - Status: SUCCESS
	 - Description: "dereference failure: pointer outside object bounds"
	 - Location: c/pg_hash_rows.c:363 in function pg_hash_bytes

Check 342: pg_hash_bytes.pointer_dereference.180
	 - Status: SUCCESS
	 - Description: "dereference failure: invalid integer address"
	 - Location: c/pg_hash_rows.c:363 in function pg_hash_bytes

Check 343: pg_hash_bytes.pointer_dereference.181
	 - Status: SUCCESS
	 - Description: "dereference failure: pointer NULL"
	 - Location: c/pg_hash_rows.c:367 in function pg_hash_bytes

Check 344: pg_hash_bytes.pointer_dereference.182
	 - Status: SUCCESS
	 - Description: "dereference failure: pointer invalid"
	 - Location: c/pg_hash_rows.c:367 in function pg_hash_bytes

Check 345: pg_hash_bytes.pointer_dereference.183
	 - Status: SUCCESS
	 - Description: "dereference failure: deallocated dynamic object"
	 - Location: c/pg_hash_rows.c:367 in function pg_hash_bytes

Check 346: pg_hash_bytes.pointer_dereference.184
	 - Status: SUCCESS
	 - Description: "dereference failure: dead object"
	 - Location: c/pg_hash_rows.c:367 in function pg_hash_bytes

Check 347: pg_hash_bytes.pointer_dereference.185
	 - Status: SUCCESS
	 - Description: "dereference failure: pointer outside object bounds"
	 - Location: c/pg_hash_rows.c:367 in function pg_hash_bytes

Check 348: pg_hash_bytes.pointer_dereference.186
	 - Status: SUCCESS
	 - Description: "dereference failure: invalid integer address"
	 - Location: c/pg_hash_rows.c:367 in function pg_hash_bytes

Check 349: pg_hash_bytes.pointer_dereference.187
	 - Status: SUCCESS
	 - Description: "dereference failure: pointer NULL"
	 - Location: c/pg_hash_rows.c:370 in function pg_hash_bytes

Check 350: pg_hash_bytes.pointer_dereference.188
	 - Status: SUCCESS
	 - Description: "dereference failure: pointer invalid"
	 - Location: c/pg_hash_rows.c:370 in function pg_hash_bytes

Check 351: pg_hash_bytes.pointer_dereference.189
	 - Status: SUCCESS
	 - Description: "dereference failure: deallocated dynamic object"
	 - Location: c/pg_hash_rows.c:370 in function pg_hash_bytes

Check 352: pg_hash_bytes.pointer_dereference.190
	 - Status: SUCCESS
	 - Description: "dereference failure: dead object"
	 - Location: c/pg_hash_rows.c:370 in function pg_hash_bytes

Check 353: pg_hash_bytes.pointer_dereference.191
	 - Status: SUCCESS
	 - Description: "dereference failure: pointer outside object bounds"
	 - Location: c/pg_hash_rows.c:370 in function pg_hash_bytes

Check 354: pg_hash_bytes.pointer_dereference.192
	 - Status: SUCCESS
	 - Description: "dereference failure: invalid integer address"
	 - Location: c/pg_hash_rows.c:370 in function pg_hash_bytes

Check 355: pg_hash_bytes.pointer_dereference.193
	 - Status: SUCCESS
	 - Description: "dereference failure: pointer NULL"
	 - Location: c/pg_hash_rows.c:373 in function pg_hash_bytes

Check 356: pg_hash_bytes.pointer_dereference.194
	 - Status: SUCCESS
	 - Description: "dereference failure: pointer invalid"
	 - Location: c/pg_hash_rows.c:373 in function pg_hash_bytes

Check 357: pg_hash_bytes.pointer_dereference.195
	 - Status: SUCCESS
	 - Description: "dereference failure: deallocated dynamic object"
	 - Location: c/pg_hash_rows.c:373 in function pg_hash_bytes

Check 358: pg_hash_bytes.pointer_dereference.196
	 - Status: SUCCESS
	 - Description: "dereference failure: dead object"
	 - Location: c/pg_hash_rows.c:373 in function pg_hash_bytes

Check 359: pg_hash_bytes.pointer_dereference.197
	 - Status: SUCCESS
	 - Description: "dereference failure: pointer outside object bounds"
	 - Location: c/pg_hash_rows.c:373 in function pg_hash_bytes

Check 360: pg_hash_bytes.pointer_dereference.198
	 - Status: SUCCESS
	 - Description: "dereference failure: invalid integer address"
	 - Location: c/pg_hash_rows.c:373 in function pg_hash_bytes

Check 361: pg_hash_bytes.pointer_dereference.199
	 - Status: SUCCESS
	 - Description: "dereference failure: pointer NULL"
	 - Location: c/pg_hash_rows.c:376 in function pg_hash_bytes

Check 362: pg_hash_bytes.pointer_dereference.200
	 - Status: SUCCESS
	 - Description: "dereference failure: pointer invalid"
	 - Location: c/pg_hash_rows.c:376 in function pg_hash_bytes

Check 363: pg_hash_bytes.pointer_dereference.201
	 - Status: SUCCESS
	 - Description: "dereference failure: deallocated dynamic object"
	 - Location: c/pg_hash_rows.c:376 in function pg_hash_bytes

Check 364: pg_hash_bytes.pointer_dereference.202
	 - Status: SUCCESS
	 - Description: "dereference failure: dead object"
	 - Location: c/pg_hash_rows.c:376 in function pg_hash_bytes

Check 365: pg_hash_bytes.pointer_dereference.203
	 - Status: SUCCESS
	 - Description: "dereference failure: pointer outside object bounds"
	 - Location: c/pg_hash_rows.c:376 in function pg_hash_bytes

Check 366: pg_hash_bytes.pointer_dereference.204
	 - Status: SUCCESS
	 - Description: "dereference failure: invalid integer address"
	 - Location: c/pg_hash_rows.c:376 in function pg_hash_bytes

Check 367: pg_hash_bytes.pointer_dereference.205
	 - Status: SUCCESS
	 - Description: "dereference failure: pointer NULL"
	 - Location: c/pg_hash_rows.c:379 in function pg_hash_bytes

Check 368: pg_hash_bytes.pointer_dereference.206
	 - Status: SUCCESS
	 - Description: "dereference failure: pointer invalid"
	 - Location: c/pg_hash_rows.c:379 in function pg_hash_bytes

Check 369: pg_hash_bytes.pointer_dereference.207
	 - Status: SUCCESS
	 - Description: "dereference failure: deallocated dynamic object"
	 - Location: c/pg_hash_rows.c:379 in function pg_hash_bytes

Check 370: pg_hash_bytes.pointer_dereference.208
	 - Status: SUCCESS
	 - Description: "dereference failure: dead object"
	 - Location: c/pg_hash_rows.c:379 in function pg_hash_bytes

Check 371: pg_hash_bytes.pointer_dereference.209
	 - Status: SUCCESS
	 - Description: "dereference failure: pointer outside object bounds"
	 - Location: c/pg_hash_rows.c:379 in function pg_hash_bytes

Check 372: pg_hash_bytes.pointer_dereference.210
	 - Status: SUCCESS
	 - Description: "dereference failure: invalid integer address"
	 - Location: c/pg_hash_rows.c:379 in function pg_hash_bytes

Check 373: pg_hash_bytes.pointer_dereference.211
	 - Status: SUCCESS
	 - Description: "dereference failure: pointer NULL"
	 - Location: c/pg_hash_rows.c:382 in function pg_hash_bytes

Check 374: pg_hash_bytes.pointer_dereference.212
	 - Status: SUCCESS
	 - Description: "dereference failure: pointer invalid"
	 - Location: c/pg_hash_rows.c:382 in function pg_hash_bytes

Check 375: pg_hash_bytes.pointer_dereference.213
	 - Status: SUCCESS
	 - Description: "dereference failure: deallocated dynamic object"
	 - Location: c/pg_hash_rows.c:382 in function pg_hash_bytes

Check 376: pg_hash_bytes.pointer_dereference.214
	 - Status: SUCCESS
	 - Description: "dereference failure: dead object"
	 - Location: c/pg_hash_rows.c:382 in function pg_hash_bytes

Check 377: pg_hash_bytes.pointer_dereference.215
	 - Status: SUCCESS
	 - Description: "dereference failure: pointer outside object bounds"
	 - Location: c/pg_hash_rows.c:382 in function pg_hash_bytes

Check 378: pg_hash_bytes.pointer_dereference.216
	 - Status: SUCCESS
	 - Description: "dereference failure: invalid integer address"
	 - Location: c/pg_hash_rows.c:382 in function pg_hash_bytes

Check 379: pg_hash_bytes.pointer_dereference.217
	 - Status: SUCCESS
	 - Description: "dereference failure: pointer NULL"
	 - Location: c/pg_hash_rows.c:385 in function pg_hash_bytes

Check 380: pg_hash_bytes.pointer_dereference.218
	 - Status: SUCCESS
	 - Description: "dereference failure: pointer invalid"
	 - Location: c/pg_hash_rows.c:385 in function pg_hash_bytes

Check 381: pg_hash_bytes.pointer_dereference.219
	 - Status: SUCCESS
	 - Description: "dereference failure: deallocated dynamic object"
	 - Location: c/pg_hash_rows.c:385 in function pg_hash_bytes

Check 382: pg_hash_bytes.pointer_dereference.220
	 - Status: SUCCESS
	 - Description: "dereference failure: dead object"
	 - Location: c/pg_hash_rows.c:385 in function pg_hash_bytes

Check 383: pg_hash_bytes.pointer_dereference.221
	 - Status: SUCCESS
	 - Description: "dereference failure: pointer outside object bounds"
	 - Location: c/pg_hash_rows.c:385 in function pg_hash_bytes

Check 384: pg_hash_bytes.pointer_dereference.222
	 - Status: SUCCESS
	 - Description: "dereference failure: invalid integer address"
	 - Location: c/pg_hash_rows.c:385 in function pg_hash_bytes

Check 385: pg_hash_bytes.pointer_dereference.223
	 - Status: SUCCESS
	 - Description: "dereference failure: pointer NULL"
	 - Location: c/pg_hash_rows.c:388 in function pg_hash_bytes

Check 386: pg_hash_bytes.pointer_dereference.224
	 - Status: SUCCESS
	 - Description: "dereference failure: pointer invalid"
	 - Location: c/pg_hash_rows.c:388 in function pg_hash_bytes

Check 387: pg_hash_bytes.pointer_dereference.225
	 - Status: SUCCESS
	 - Description: "dereference failure: deallocated dynamic object"
	 - Location: c/pg_hash_rows.c:388 in function pg_hash_bytes

Check 388: pg_hash_bytes.pointer_dereference.226
	 - Status: SUCCESS
	 - Description: "dereference failure: dead object"
	 - Location: c/pg_hash_rows.c:388 in function pg_hash_bytes

Check 389: pg_hash_bytes.pointer_dereference.227
	 - Status: SUCCESS
	 - Description: "dereference failure: pointer outside object bounds"
	 - Location: c/pg_hash_rows.c:388 in function pg_hash_bytes

Check 390: pg_hash_bytes.pointer_dereference.228
	 - Status: SUCCESS
	 - Description: "dereference failure: invalid integer address"
	 - Location: c/pg_hash_rows.c:388 in function pg_hash_bytes

Check 391: <std::vec::Vec<u8> as std::ops::Drop>::drop.pointer_dereference.1
	 - Status: SUCCESS
	 - Description: "dereference failure: pointer NULL"
	 - Location: ../../../../../../runner/.rustup/toolchains/nightly-2025-11-21-aarch64-apple-darwin/lib/rustlib/src/rust/library/alloc/src/vec/mod.rs:4076:81 in function <std::vec::Vec<u8> as std::ops::Drop>::drop

Check 392: <std::vec::Vec<u8> as std::ops::Drop>::drop.pointer_dereference.2
	 - Status: SUCCESS
	 - Description: "dereference failure: pointer invalid"
	 - Location: ../../../../../../runner/.rustup/toolchains/nightly-2025-11-21-aarch64-apple-darwin/lib/rustlib/src/rust/library/alloc/src/vec/mod.rs:4076:81 in function <std::vec::Vec<u8> as std::ops::Drop>::drop

Check 393: <std::vec::Vec<u8> as std::ops::Drop>::drop.pointer_dereference.3
	 - Status: SUCCESS
	 - Description: "dereference failure: deallocated dynamic object"
	 - Location: ../../../../../../runner/.rustup/toolchains/nightly-2025-11-21-aarch64-apple-darwin/lib/rustlib/src/rust/library/alloc/src/vec/mod.rs:4076:81 in function <std::vec::Vec<u8> as std::ops::Drop>::drop

Check 394: <std::vec::Vec<u8> as std::ops::Drop>::drop.pointer_dereference.4
	 - Status: SUCCESS
	 - Description: "dereference failure: dead object"
	 - Location: ../../../../../../runner/.rustup/toolchains/nightly-2025-11-21-aarch64-apple-darwin/lib/rustlib/src/rust/library/alloc/src/vec/mod.rs:4076:81 in function <std::vec::Vec<u8> as std::ops::Drop>::drop

Check 395: <std::vec::Vec<u8> as std::ops::Drop>::drop.pointer_dereference.5
	 - Status: SUCCESS
	 - Description: "dereference failure: pointer outside object bounds"
	 - Location: ../../../../../../runner/.rustup/toolchains/nightly-2025-11-21-aarch64-apple-darwin/lib/rustlib/src/rust/library/alloc/src/vec/mod.rs:4076:81 in function <std::vec::Vec<u8> as std::ops::Drop>::drop

Check 396: <std::vec::Vec<u8> as std::ops::Drop>::drop.pointer_dereference.6
	 - Status: SUCCESS
	 - Description: "dereference failure: invalid integer address"
	 - Location: ../../../../../../runner/.rustup/toolchains/nightly-2025-11-21-aarch64-apple-darwin/lib/rustlib/src/rust/library/alloc/src/vec/mod.rs:4076:81 in function <std::vec::Vec<u8> as std::ops::Drop>::drop

Check 397: std::ptr::drop_in_place::<std::option::Option<types_error::ErrorLocation>>.pointer_dereference.1
	 - Status: SUCCESS
	 - Description: "dereference failure: pointer NULL"
	 - Location: ../../../../../../runner/.rustup/toolchains/nightly-2025-11-21-aarch64-apple-darwin/lib/rustlib/src/rust/library/core/src/ptr/mod.rs:805:1 in function std::ptr::drop_in_place::<std::option::Option<types_error::ErrorLocation>>

Check 398: std::ptr::drop_in_place::<std::option::Option<types_error::ErrorLocation>>.pointer_dereference.2
	 - Status: SUCCESS
	 - Description: "dereference failure: pointer invalid"
	 - Location: ../../../../../../runner/.rustup/toolchains/nightly-2025-11-21-aarch64-apple-darwin/lib/rustlib/src/rust/library/core/src/ptr/mod.rs:805:1 in function std::ptr::drop_in_place::<std::option::Option<types_error::ErrorLocation>>

Check 399: std::ptr::drop_in_place::<std::option::Option<types_error::ErrorLocation>>.pointer_dereference.3
	 - Status: SUCCESS
	 - Description: "dereference failure: deallocated dynamic object"
	 - Location: ../../../../../../runner/.rustup/toolchains/nightly-2025-11-21-aarch64-apple-darwin/lib/rustlib/src/rust/library/core/src/ptr/mod.rs:805:1 in function std::ptr::drop_in_place::<std::option::Option<types_error::ErrorLocation>>

Check 400: std::ptr::drop_in_place::<std::option::Option<types_error::ErrorLocation>>.pointer_dereference.4
	 - Status: SUCCESS
	 - Description: "dereference failure: dead object"
	 - Location: ../../../../../../runner/.rustup/toolchains/nightly-2025-11-21-aarch64-apple-darwin/lib/rustlib/src/rust/library/core/src/ptr/mod.rs:805:1 in function std::ptr::drop_in_place::<std::option::Option<types_error::ErrorLocation>>

Check 401: std::ptr::drop_in_place::<std::option::Option<types_error::ErrorLocation>>.pointer_dereference.5
	 - Status: SUCCESS
	 - Description: "dereference failure: pointer outside object bounds"
	 - Location: ../../../../../../runner/.rustup/toolchains/nightly-2025-11-21-aarch64-apple-darwin/lib/rustlib/src/rust/library/core/src/ptr/mod.rs:805:1 in function std::ptr::drop_in_place::<std::option::Option<types_error::ErrorLocation>>

Check 402: std::ptr::drop_in_place::<std::option::Option<types_error::ErrorLocation>>.pointer_dereference.6
	 - Status: SUCCESS
	 - Description: "dereference failure: invalid integer address"
	 - Location: ../../../../../../runner/.rustup/toolchains/nightly-2025-11-21-aarch64-apple-darwin/lib/rustlib/src/rust/library/core/src/ptr/mod.rs:805:1 in function std::ptr::drop_in_place::<std::option::Option<types_error::ErrorLocation>>

Check 403: std::ptr::Alignment::new.pointer_dereference.1
	 - Status: SUCCESS
	 - Description: "dereference failure: dead object"
	 - Location: ../../../../../../runner/.rustup/toolchains/nightly-2025-11-21-aarch64-apple-darwin/lib/rustlib/src/rust/library/core/src/ptr/alignment.rs:64:13 in function std::ptr::Alignment::new

Check 404: <&mut std::ops::index_range::IndexRange as std::iter::ExactSizeIterator>::len.pointer_dereference.1
	 - Status: SUCCESS
	 - Description: "dereference failure: pointer NULL"
	 - Location: ../../../../../../runner/.rustup/toolchains/nightly-2025-11-21-aarch64-apple-darwin/lib/rustlib/src/rust/library/core/src/iter/traits/exact_size.rs:156:9 in function <&mut std::ops::index_range::IndexRange as std::iter::ExactSizeIterator>::len

Check 405: <&mut std::ops::index_range::IndexRange as std::iter::ExactSizeIterator>::len.pointer_dereference.2
	 - Status: SUCCESS
	 - Description: "dereference failure: pointer invalid"
	 - Location: ../../../../../../runner/.rustup/toolchains/nightly-2025-11-21-aarch64-apple-darwin/lib/rustlib/src/rust/library/core/src/iter/traits/exact_size.rs:156:9 in function <&mut std::ops::index_range::IndexRange as std::iter::ExactSizeIterator>::len

Check 406: <&mut std::ops::index_range::IndexRange as std::iter::ExactSizeIterator>::len.pointer_dereference.3
	 - Status: SUCCESS
	 - Description: "dereference failure: deallocated dynamic object"
	 - Location: ../../../../../../runner/.rustup/toolchains/nightly-2025-11-21-aarch64-apple-darwin/lib/rustlib/src/rust/library/core/src/iter/traits/exact_size.rs:156:9 in function <&mut std::ops::index_range::IndexRange as std::iter::ExactSizeIterator>::len

Check 407: <&mut std::ops::index_range::IndexRange as std::iter::ExactSizeIterator>::len.pointer_dereference.4
	 - Status: SUCCESS
	 - Description: "dereference failure: dead object"
	 - Location: ../../../../../../runner/.rustup/toolchains/nightly-2025-11-21-aarch64-apple-darwin/lib/rustlib/src/rust/library/core/src/iter/traits/exact_size.rs:156:9 in function <&mut std::ops::index_range::IndexRange as std::iter::ExactSizeIterator>::len

Check 408: <&mut std::ops::index_range::IndexRange as std::iter::ExactSizeIterator>::len.pointer_dereference.5
	 - Status: SUCCESS
	 - Description: "dereference failure: pointer outside object bounds"
	 - Location: ../../../../../../runner/.rustup/toolchains/nightly-2025-11-21-aarch64-apple-darwin/lib/rustlib/src/rust/library/core/src/iter/traits/exact_size.rs:156:9 in function <&mut std::ops::index_range::IndexRange as std::iter::ExactSizeIterator>::len

Check 409: <&mut std::ops::index_range::IndexRange as std::iter::ExactSizeIterator>::len.pointer_dereference.6
	 - Status: SUCCESS
	 - Description: "dereference failure: invalid integer address"
	 - Location: ../../../../../../runner/.rustup/toolchains/nightly-2025-11-21-aarch64-apple-darwin/lib/rustlib/src/rust/library/core/src/iter/traits/exact_size.rs:156:9 in function <&mut std::ops::index_range::IndexRange as std::iter::ExactSizeIterator>::len

Check 410: std::ops::index_range::IndexRange::end.pointer_dereference.1
	 - Status: SUCCESS
	 - Description: "dereference failure: pointer NULL"
	 - Location: ../../../../../../runner/.rustup/toolchains/nightly-2025-11-21-aarch64-apple-darwin/lib/rustlib/src/rust/library/core/src/ops/index_range.rs:45:9 in function std::ops::index_range::IndexRange::end

Check 411: std::ops::index_range::IndexRange::end.pointer_dereference.2
	 - Status: SUCCESS
	 - Description: "dereference failure: pointer invalid"
	 - Location: ../../../../../../runner/.rustup/toolchains/nightly-2025-11-21-aarch64-apple-darwin/lib/rustlib/src/rust/library/core/src/ops/index_range.rs:45:9 in function std::ops::index_range::IndexRange::end

Check 412: std::ops::index_range::IndexRange::end.pointer_dereference.3
	 - Status: SUCCESS
	 - Description: "dereference failure: deallocated dynamic object"
	 - Location: ../../../../../../runner/.rustup/toolchains/nightly-2025-11-21-aarch64-apple-darwin/lib/rustlib/src/rust/library/core/src/ops/index_range.rs:45:9 in function std::ops::index_range::IndexRange::end

Check 413: std::ops::index_range::IndexRange::end.pointer_dereference.4
	 - Status: SUCCESS
	 - Description: "dereference failure: dead object"
	 - Location: ../../../../../../runner/.rustup/toolchains/nightly-2025-11-21-aarch64-apple-darwin/lib/rustlib/src/rust/library/core/src/ops/index_range.rs:45:9 in function std::ops::index_range::IndexRange::end

Check 414: std::ops::index_range::IndexRange::end.pointer_dereference.5
	 - Status: SUCCESS
	 - Description: "dereference failure: pointer outside object bounds"
	 - Location: ../../../../../../runner/.rustup/toolchains/nightly-2025-11-21-aarch64-apple-darwin/lib/rustlib/src/rust/library/core/src/ops/index_range.rs:45:9 in function std::ops::index_range::IndexRange::end

Check 415: std::ops::index_range::IndexRange::end.pointer_dereference.6
	 - Status: SUCCESS
	 - Description: "dereference failure: invalid integer address"
	 - Location: ../../../../../../runner/.rustup/toolchains/nightly-2025-11-21-aarch64-apple-darwin/lib/rustlib/src/rust/library/core/src/ops/index_range.rs:45:9 in function std::ops::index_range::IndexRange::end

Check 416: alloc::raw_vec::RawVecInner::non_null::<u8>.pointer_dereference.1
	 - Status: SUCCESS
	 - Description: "dereference failure: pointer NULL"
	 - Location: ../../../../../../runner/.rustup/toolchains/nightly-2025-11-21-aarch64-apple-darwin/lib/rustlib/src/rust/library/alloc/src/raw_vec/mod.rs:504:9 in function alloc::raw_vec::RawVecInner::non_null::<u8>

Check 417: alloc::raw_vec::RawVecInner::non_null::<u8>.pointer_dereference.2
	 - Status: SUCCESS
	 - Description: "dereference failure: pointer invalid"
	 - Location: ../../../../../../runner/.rustup/toolchains/nightly-2025-11-21-aarch64-apple-darwin/lib/rustlib/src/rust/library/alloc/src/raw_vec/mod.rs:504:9 in function alloc::raw_vec::RawVecInner::non_null::<u8>

Check 418: alloc::raw_vec::RawVecInner::non_null::<u8>.pointer_dereference.3
	 - Status: SUCCESS
	 - Description: "dereference failure: deallocated dynamic object"
	 - Location: ../../../../../../runner/.rustup/toolchains/nightly-2025-11-21-aarch64-apple-darwin/lib/rustlib/src/rust/library/alloc/src/raw_vec/mod.rs:504:9 in function alloc::raw_vec::RawVecInner::non_null::<u8>

Check 419: alloc::raw_vec::RawVecInner::non_null::<u8>.pointer_dereference.4
	 - Status: SUCCESS
	 - Description: "dereference failure: dead object"
	 - Location: ../../../../../../runner/.rustup/toolchains/nightly-2025-11-21-aarch64-apple-darwin/lib/rustlib/src/rust/library/alloc/src/raw_vec/mod.rs:504:9 in function alloc::raw_vec::RawVecInner::non_null::<u8>

Check 420: alloc::raw_vec::RawVecInner::non_null::<u8>.pointer_dereference.5
	 - Status: SUCCESS
	 - Description: "dereference failure: pointer outside object bounds"
	 - Location: ../../../../../../runner/.rustup/toolchains/nightly-2025-11-21-aarch64-apple-darwin/lib/rustlib/src/rust/library/alloc/src/raw_vec/mod.rs:504:9 in function alloc::raw_vec::RawVecInner::non_null::<u8>

Check 421: alloc::raw_vec::RawVecInner::non_null::<u8>.pointer_dereference.6
	 - Status: SUCCESS
	 - Description: "dereference failure: invalid integer address"
	 - Location: ../../../../../../runner/.rustup/toolchains/nightly-2025-11-21-aarch64-apple-darwin/lib/rustlib/src/rust/library/alloc/src/raw_vec/mod.rs:504:9 in function alloc::raw_vec::RawVecInner::non_null::<u8>

Check 422: hashfn::hash_core.pointer_dereference.1
	 - Status: SUCCESS
	 - Description: "dereference failure: pointer NULL"
	 - Location: ../../crates/common/hashfn/src/lib.rs:138:27 in function hashfn::hash_core

Check 423: hashfn::hash_core.pointer_dereference.2
	 - Status: SUCCESS
	 - Description: "dereference failure: pointer invalid"
	 - Location: ../../crates/common/hashfn/src/lib.rs:138:27 in function hashfn::hash_core

Check 424: hashfn::hash_core.pointer_dereference.3
	 - Status: SUCCESS
	 - Description: "dereference failure: deallocated dynamic object"
	 - Location: ../../crates/common/hashfn/src/lib.rs:138:27 in function hashfn::hash_core

Check 425: hashfn::hash_core.pointer_dereference.4
	 - Status: SUCCESS
	 - Description: "dereference failure: dead object"
	 - Location: ../../crates/common/hashfn/src/lib.rs:138:27 in function hashfn::hash_core

Check 426: hashfn::hash_core.pointer_dereference.5
	 - Status: SUCCESS
	 - Description: "dereference failure: pointer outside object bounds"
	 - Location: ../../crates/common/hashfn/src/lib.rs:138:27 in function hashfn::hash_core

Check 427: hashfn::hash_core.pointer_dereference.6
	 - Status: SUCCESS
	 - Description: "dereference failure: invalid integer address"
	 - Location: ../../crates/common/hashfn/src/lib.rs:138:27 in function hashfn::hash_core

Check 428: hashfn::hash_core.pointer_dereference.7
	 - Status: SUCCESS
	 - Description: "dereference failure: pointer NULL"
	 - Location: ../../crates/common/hashfn/src/lib.rs:138:50 in function hashfn::hash_core

Check 429: hashfn::hash_core.pointer_dereference.8
	 - Status: SUCCESS
	 - Description: "dereference failure: pointer invalid"
	 - Location: ../../crates/common/hashfn/src/lib.rs:138:50 in function hashfn::hash_core

Check 430: hashfn::hash_core.pointer_dereference.9
	 - Status: SUCCESS
	 - Description: "dereference failure: deallocated dynamic object"
	 - Location: ../../crates/common/hashfn/src/lib.rs:138:50 in function hashfn::hash_core

Check 431: hashfn::hash_core.pointer_dereference.10
	 - Status: SUCCESS
	 - Description: "dereference failure: dead object"
	 - Location: ../../crates/common/hashfn/src/lib.rs:138:50 in function hashfn::hash_core

Check 432: hashfn::hash_core.pointer_dereference.11
	 - Status: SUCCESS
	 - Description: "dereference failure: pointer outside object bounds"
	 - Location: ../../crates/common/hashfn/src/lib.rs:138:50 in function hashfn::hash_core

Check 433: hashfn::hash_core.pointer_dereference.12
	 - Status: SUCCESS
	 - Description: "dereference failure: invalid integer address"
	 - Location: ../../crates/common/hashfn/src/lib.rs:138:50 in function hashfn::hash_core

Check 434: hashfn::hash_core.pointer_dereference.13
	 - Status: SUCCESS
	 - Description: "dereference failure: pointer NULL"
	 - Location: ../../crates/common/hashfn/src/lib.rs:138:74 in function hashfn::hash_core

Check 435: hashfn::hash_core.pointer_dereference.14
	 - Status: SUCCESS
	 - Description: "dereference failure: pointer invalid"
	 - Location: ../../crates/common/hashfn/src/lib.rs:138:74 in function hashfn::hash_core

Check 436: hashfn::hash_core.pointer_dereference.15
	 - Status: SUCCESS
	 - Description: "dereference failure: deallocated dynamic object"
	 - Location: ../../crates/common/hashfn/src/lib.rs:138:74 in function hashfn::hash_core

Check 437: hashfn::hash_core.pointer_dereference.16
	 - Status: SUCCESS
	 - Description: "dereference failure: dead object"
	 - Location: ../../crates/common/hashfn/src/lib.rs:138:74 in function hashfn::hash_core

Check 438: hashfn::hash_core.pointer_dereference.17
	 - Status: SUCCESS
	 - Description: "dereference failure: pointer outside object bounds"
	 - Location: ../../crates/common/hashfn/src/lib.rs:138:74 in function hashfn::hash_core

Check 439: hashfn::hash_core.pointer_dereference.18
	 - Status: SUCCESS
	 - Description: "dereference failure: invalid integer address"
	 - Location: ../../crates/common/hashfn/src/lib.rs:138:74 in function hashfn::hash_core

Check 440: hashfn::hash_core.pointer_dereference.19
	 - Status: SUCCESS
	 - Description: "dereference failure: pointer NULL"
	 - Location: ../../crates/common/hashfn/src/lib.rs:132:42 in function hashfn::hash_core

Check 441: hashfn::hash_core.pointer_dereference.20
	 - Status: SUCCESS
	 - Description: "dereference failure: pointer invalid"
	 - Location: ../../crates/common/hashfn/src/lib.rs:132:42 in function hashfn::hash_core

Check 442: hashfn::hash_core.pointer_dereference.21
	 - Status: SUCCESS
	 - Description: "dereference failure: deallocated dynamic object"
	 - Location: ../../crates/common/hashfn/src/lib.rs:132:42 in function hashfn::hash_core

Check 443: hashfn::hash_core.pointer_dereference.22
	 - Status: SUCCESS
	 - Description: "dereference failure: dead object"
	 - Location: ../../crates/common/hashfn/src/lib.rs:132:42 in function hashfn::hash_core

Check 444: hashfn::hash_core.pointer_dereference.23
	 - Status: SUCCESS
	 - Description: "dereference failure: pointer outside object bounds"
	 - Location: ../../crates/common/hashfn/src/lib.rs:132:42 in function hashfn::hash_core

Check 445: hashfn::hash_core.pointer_dereference.24
	 - Status: SUCCESS
	 - Description: "dereference failure: invalid integer address"
	 - Location: ../../crates/common/hashfn/src/lib.rs:132:42 in function hashfn::hash_core

Check 446: hashfn::hash_core.pointer_dereference.25
	 - Status: SUCCESS
	 - Description: "dereference failure: pointer NULL"
	 - Location: ../../crates/common/hashfn/src/lib.rs:132:65 in function hashfn::hash_core

Check 447: hashfn::hash_core.pointer_dereference.26
	 - Status: SUCCESS
	 - Description: "dereference failure: pointer invalid"
	 - Location: ../../crates/common/hashfn/src/lib.rs:132:65 in function hashfn::hash_core

Check 448: hashfn::hash_core.pointer_dereference.27
	 - Status: SUCCESS
	 - Description: "dereference failure: deallocated dynamic object"
	 - Location: ../../crates/common/hashfn/src/lib.rs:132:65 in function hashfn::hash_core

Check 449: hashfn::hash_core.pointer_dereference.28
	 - Status: SUCCESS
	 - Description: "dereference failure: dead object"
	 - Location: ../../crates/common/hashfn/src/lib.rs:132:65 in function hashfn::hash_core

Check 450: hashfn::hash_core.pointer_dereference.29
	 - Status: SUCCESS
	 - Description: "dereference failure: pointer outside object bounds"
	 - Location: ../../crates/common/hashfn/src/lib.rs:132:65 in function hashfn::hash_core

Check 451: hashfn::hash_core.pointer_dereference.30
	 - Status: SUCCESS
	 - Description: "dereference failure: invalid integer address"
	 - Location: ../../crates/common/hashfn/src/lib.rs:132:65 in function hashfn::hash_core

Check 452: hashfn::hash_core.pointer_dereference.31
	 - Status: SUCCESS
	 - Description: "dereference failure: pointer NULL"
	 - Location: ../../crates/common/hashfn/src/lib.rs:127:42 in function hashfn::hash_core

Check 453: hashfn::hash_core.pointer_dereference.32
	 - Status: SUCCESS
	 - Description: "dereference failure: pointer invalid"
	 - Location: ../../crates/common/hashfn/src/lib.rs:127:42 in function hashfn::hash_core

Check 454: hashfn::hash_core.pointer_dereference.33
	 - Status: SUCCESS
	 - Description: "dereference failure: deallocated dynamic object"
	 - Location: ../../crates/common/hashfn/src/lib.rs:127:42 in function hashfn::hash_core

Check 455: hashfn::hash_core.pointer_dereference.34
	 - Status: SUCCESS
	 - Description: "dereference failure: dead object"
	 - Location: ../../crates/common/hashfn/src/lib.rs:127:42 in function hashfn::hash_core

Check 456: hashfn::hash_core.pointer_dereference.35
	 - Status: SUCCESS
	 - Description: "dereference failure: pointer outside object bounds"
	 - Location: ../../crates/common/hashfn/src/lib.rs:127:42 in function hashfn::hash_core

Check 457: hashfn::hash_core.pointer_dereference.36
	 - Status: SUCCESS
	 - Description: "dereference failure: invalid integer address"
	 - Location: ../../crates/common/hashfn/src/lib.rs:127:42 in function hashfn::hash_core

Check 458: hashfn::hash_core.pointer_dereference.37
	 - Status: SUCCESS
	 - Description: "dereference failure: pointer NULL"
	 - Location: ../../crates/common/hashfn/src/lib.rs:117:42 in function hashfn::hash_core

Check 459: hashfn::hash_core.pointer_dereference.38
	 - Status: SUCCESS
	 - Description: "dereference failure: pointer invalid"
	 - Location: ../../crates/common/hashfn/src/lib.rs:117:42 in function hashfn::hash_core

Check 460: hashfn::hash_core.pointer_dereference.39
	 - Status: SUCCESS
	 - Description: "dereference failure: deallocated dynamic object"
	 - Location: ../../crates/common/hashfn/src/lib.rs:117:42 in function hashfn::hash_core

Check 461: hashfn::hash_core.pointer_dereference.40
	 - Status: SUCCESS
	 - Description: "dereference failure: dead object"
	 - Location: ../../crates/common/hashfn/src/lib.rs:117:42 in function hashfn::hash_core

Check 462: hashfn::hash_core.pointer_dereference.41
	 - Status: SUCCESS
	 - Description: "dereference failure: pointer outside object bounds"
	 - Location: ../../crates/common/hashfn/src/lib.rs:117:42 in function hashfn::hash_core

Check 463: hashfn::hash_core.pointer_dereference.42
	 - Status: SUCCESS
	 - Description: "dereference failure: invalid integer address"
	 - Location: ../../crates/common/hashfn/src/lib.rs:117:42 in function hashfn::hash_core

Check 464: hashfn::hash_core.pointer_dereference.43
	 - Status: SUCCESS
	 - Description: "dereference failure: pointer NULL"
	 - Location: ../../crates/common/hashfn/src/lib.rs:117:60 in function hashfn::hash_core

Check 465: hashfn::hash_core.pointer_dereference.44
	 - Status: SUCCESS
	 - Description: "dereference failure: pointer invalid"
	 - Location: ../../crates/common/hashfn/src/lib.rs:117:60 in function hashfn::hash_core

Check 466: hashfn::hash_core.pointer_dereference.45
	 - Status: SUCCESS
	 - Description: "dereference failure: deallocated dynamic object"
	 - Location: ../../crates/common/hashfn/src/lib.rs:117:60 in function hashfn::hash_core

Check 467: hashfn::hash_core.pointer_dereference.46
	 - Status: SUCCESS
	 - Description: "dereference failure: dead object"
	 - Location: ../../crates/common/hashfn/src/lib.rs:117:60 in function hashfn::hash_core

Check 468: hashfn::hash_core.pointer_dereference.47
	 - Status: SUCCESS
	 - Description: "dereference failure: pointer outside object bounds"
	 - Location: ../../crates/common/hashfn/src/lib.rs:117:60 in function hashfn::hash_core

Check 469: hashfn::hash_core.pointer_dereference.48
	 - Status: SUCCESS
	 - Description: "dereference failure: invalid integer address"
	 - Location: ../../crates/common/hashfn/src/lib.rs:117:60 in function hashfn::hash_core

Check 470: hashfn::hash_core.pointer_dereference.49
	 - Status: SUCCESS
	 - Description: "dereference failure: pointer NULL"
	 - Location: ../../crates/common/hashfn/src/lib.rs:117:83 in function hashfn::hash_core

Check 471: hashfn::hash_core.pointer_dereference.50
	 - Status: SUCCESS
	 - Description: "dereference failure: pointer invalid"
	 - Location: ../../crates/common/hashfn/src/lib.rs:117:83 in function hashfn::hash_core

Check 472: hashfn::hash_core.pointer_dereference.51
	 - Status: SUCCESS
	 - Description: "dereference failure: deallocated dynamic object"
	 - Location: ../../crates/common/hashfn/src/lib.rs:117:83 in function hashfn::hash_core

Check 473: hashfn::hash_core.pointer_dereference.52
	 - Status: SUCCESS
	 - Description: "dereference failure: dead object"
	 - Location: ../../crates/common/hashfn/src/lib.rs:117:83 in function hashfn::hash_core

Check 474: hashfn::hash_core.pointer_dereference.53
	 - Status: SUCCESS
	 - Description: "dereference failure: pointer outside object bounds"
	 - Location: ../../crates/common/hashfn/src/lib.rs:117:83 in function hashfn::hash_core

Check 475: hashfn::hash_core.pointer_dereference.54
	 - Status: SUCCESS
	 - Description: "dereference failure: invalid integer address"
	 - Location: ../../crates/common/hashfn/src/lib.rs:117:83 in function hashfn::hash_core

Check 476: hashfn::hash_core.pointer_dereference.55
	 - Status: SUCCESS
	 - Description: "dereference failure: pointer NULL"
	 - Location: ../../crates/common/hashfn/src/lib.rs:113:42 in function hashfn::hash_core

Check 477: hashfn::hash_core.pointer_dereference.56
	 - Status: SUCCESS
	 - Description: "dereference failure: pointer invalid"
	 - Location: ../../crates/common/hashfn/src/lib.rs:113:42 in function hashfn::hash_core

Check 478: hashfn::hash_core.pointer_dereference.57
	 - Status: SUCCESS
	 - Description: "dereference failure: deallocated dynamic object"
	 - Location: ../../crates/common/hashfn/src/lib.rs:113:42 in function hashfn::hash_core

Check 479: hashfn::hash_core.pointer_dereference.58
	 - Status: SUCCESS
	 - Description: "dereference failure: dead object"
	 - Location: ../../crates/common/hashfn/src/lib.rs:113:42 in function hashfn::hash_core

Check 480: hashfn::hash_core.pointer_dereference.59
	 - Status: SUCCESS
	 - Description: "dereference failure: pointer outside object bounds"
	 - Location: ../../crates/common/hashfn/src/lib.rs:113:42 in function hashfn::hash_core

Check 481: hashfn::hash_core.pointer_dereference.60
	 - Status: SUCCESS
	 - Description: "dereference failure: invalid integer address"
	 - Location: ../../crates/common/hashfn/src/lib.rs:113:42 in function hashfn::hash_core

Check 482: hashfn::hash_core.pointer_dereference.61
	 - Status: SUCCESS
	 - Description: "dereference failure: pointer NULL"
	 - Location: ../../crates/common/hashfn/src/lib.rs:113:60 in function hashfn::hash_core

Check 483: hashfn::hash_core.pointer_dereference.62
	 - Status: SUCCESS
	 - Description: "dereference failure: pointer invalid"
	 - Location: ../../crates/common/hashfn/src/lib.rs:113:60 in function hashfn::hash_core

Check 484: hashfn::hash_core.pointer_dereference.63
	 - Status: SUCCESS
	 - Description: "dereference failure: deallocated dynamic object"
	 - Location: ../../crates/common/hashfn/src/lib.rs:113:60 in function hashfn::hash_core

Check 485: hashfn::hash_core.pointer_dereference.64
	 - Status: SUCCESS
	 - Description: "dereference failure: dead object"
	 - Location: ../../crates/common/hashfn/src/lib.rs:113:60 in function hashfn::hash_core

Check 486: hashfn::hash_core.pointer_dereference.65
	 - Status: SUCCESS
	 - Description: "dereference failure: pointer outside object bounds"
	 - Location: ../../crates/common/hashfn/src/lib.rs:113:60 in function hashfn::hash_core

Check 487: hashfn::hash_core.pointer_dereference.66
	 - Status: SUCCESS
	 - Description: "dereference failure: invalid integer address"
	 - Location: ../../crates/common/hashfn/src/lib.rs:113:60 in function hashfn::hash_core

Check 488: hashfn::hash_core.pointer_dereference.67
	 - Status: SUCCESS
	 - Description: "dereference failure: pointer NULL"
	 - Location: ../../crates/common/hashfn/src/lib.rs:109:42 in function hashfn::hash_core

Check 489: hashfn::hash_core.pointer_dereference.68
	 - Status: SUCCESS
	 - Description: "dereference failure: pointer invalid"
	 - Location: ../../crates/common/hashfn/src/lib.rs:109:42 in function hashfn::hash_core

Check 490: hashfn::hash_core.pointer_dereference.69
	 - Status: SUCCESS
	 - Description: "dereference failure: deallocated dynamic object"
	 - Location: ../../crates/common/hashfn/src/lib.rs:109:42 in function hashfn::hash_core

Check 491: hashfn::hash_core.pointer_dereference.70
	 - Status: SUCCESS
	 - Description: "dereference failure: dead object"
	 - Location: ../../crates/common/hashfn/src/lib.rs:109:42 in function hashfn::hash_core

Check 492: hashfn::hash_core.pointer_dereference.71
	 - Status: SUCCESS
	 - Description: "dereference failure: pointer outside object bounds"
	 - Location: ../../crates/common/hashfn/src/lib.rs:109:42 in function hashfn::hash_core

Check 493: hashfn::hash_core.pointer_dereference.72
	 - Status: SUCCESS
	 - Description: "dereference failure: invalid integer address"
	 - Location: ../../crates/common/hashfn/src/lib.rs:109:42 in function hashfn::hash_core

Check 494: hashfn::hash_core.pointer_dereference.73
	 - Status: SUCCESS
	 - Description: "dereference failure: pointer NULL"
	 - Location: ../../crates/common/hashfn/src/lib.rs:104:42 in function hashfn::hash_core

Check 495: hashfn::hash_core.pointer_dereference.74
	 - Status: SUCCESS
	 - Description: "dereference failure: pointer invalid"
	 - Location: ../../crates/common/hashfn/src/lib.rs:104:42 in function hashfn::hash_core

Check 496: hashfn::hash_core.pointer_dereference.75
	 - Status: SUCCESS
	 - Description: "dereference failure: deallocated dynamic object"
	 - Location: ../../crates/common/hashfn/src/lib.rs:104:42 in function hashfn::hash_core

Check 497: hashfn::hash_core.pointer_dereference.76
	 - Status: SUCCESS
	 - Description: "dereference failure: dead object"
	 - Location: ../../crates/common/hashfn/src/lib.rs:104:42 in function hashfn::hash_core

Check 498: hashfn::hash_core.pointer_dereference.77
	 - Status: SUCCESS
	 - Description: "dereference failure: pointer outside object bounds"
	 - Location: ../../crates/common/hashfn/src/lib.rs:104:42 in function hashfn::hash_core

Check 499: hashfn::hash_core.pointer_dereference.78
	 - Status: SUCCESS
	 - Description: "dereference failure: invalid integer address"
	 - Location: ../../crates/common/hashfn/src/lib.rs:104:42 in function hashfn::hash_core

Check 500: hashfn::hash_core.pointer_dereference.79
	 - Status: SUCCESS
	 - Description: "dereference failure: pointer NULL"
	 - Location: ../../crates/common/hashfn/src/lib.rs:104:60 in function hashfn::hash_core

Check 501: hashfn::hash_core.pointer_dereference.80
	 - Status: SUCCESS
	 - Description: "dereference failure: pointer invalid"
	 - Location: ../../crates/common/hashfn/src/lib.rs:104:60 in function hashfn::hash_core

Check 502: hashfn::hash_core.pointer_dereference.81
	 - Status: SUCCESS
	 - Description: "dereference failure: deallocated dynamic object"
	 - Location: ../../crates/common/hashfn/src/lib.rs:104:60 in function hashfn::hash_core

Check 503: hashfn::hash_core.pointer_dereference.82
	 - Status: SUCCESS
	 - Description: "dereference failure: dead object"
	 - Location: ../../crates/common/hashfn/src/lib.rs:104:60 in function hashfn::hash_core

Check 504: hashfn::hash_core.pointer_dereference.83
	 - Status: SUCCESS
	 - Description: "dereference failure: pointer outside object bounds"
	 - Location: ../../crates/common/hashfn/src/lib.rs:104:60 in function hashfn::hash_core

Check 505: hashfn::hash_core.pointer_dereference.84
	 - Status: SUCCESS
	 - Description: "dereference failure: invalid integer address"
	 - Location: ../../crates/common/hashfn/src/lib.rs:104:60 in function hashfn::hash_core

Check 506: hashfn::hash_core.pointer_dereference.85
	 - Status: SUCCESS
	 - Description: "dereference failure: pointer NULL"
	 - Location: ../../crates/common/hashfn/src/lib.rs:104:83 in function hashfn::hash_core

Check 507: hashfn::hash_core.pointer_dereference.86
	 - Status: SUCCESS
	 - Description: "dereference failure: pointer invalid"
	 - Location: ../../crates/common/hashfn/src/lib.rs:104:83 in function hashfn::hash_core

Check 508: hashfn::hash_core.pointer_dereference.87
	 - Status: SUCCESS
	 - Description: "dereference failure: deallocated dynamic object"
	 - Location: ../../crates/common/hashfn/src/lib.rs:104:83 in function hashfn::hash_core

Check 509: hashfn::hash_core.pointer_dereference.88
	 - Status: SUCCESS
	 - Description: "dereference failure: dead object"
	 - Location: ../../crates/common/hashfn/src/lib.rs:104:83 in function hashfn::hash_core

Check 510: hashfn::hash_core.pointer_dereference.89
	 - Status: SUCCESS
	 - Description: "dereference failure: pointer outside object bounds"
	 - Location: ../../crates/common/hashfn/src/lib.rs:104:83 in function hashfn::hash_core

Check 511: hashfn::hash_core.pointer_dereference.90
	 - Status: SUCCESS
	 - Description: "dereference failure: invalid integer address"
	 - Location: ../../crates/common/hashfn/src/lib.rs:104:83 in function hashfn::hash_core

Check 512: hashfn::hash_core.pointer_dereference.91
	 - Status: SUCCESS
	 - Description: "dereference failure: pointer NULL"
	 - Location: ../../crates/common/hashfn/src/lib.rs:102:43 in function hashfn::hash_core

Check 513: hashfn::hash_core.pointer_dereference.92
	 - Status: SUCCESS
	 - Description: "dereference failure: pointer invalid"
	 - Location: ../../crates/common/hashfn/src/lib.rs:102:43 in function hashfn::hash_core

Check 514: hashfn::hash_core.pointer_dereference.93
	 - Status: SUCCESS
	 - Description: "dereference failure: deallocated dynamic object"
	 - Location: ../../crates/common/hashfn/src/lib.rs:102:43 in function hashfn::hash_core

Check 515: hashfn::hash_core.pointer_dereference.94
	 - Status: SUCCESS
	 - Description: "dereference failure: dead object"
	 - Location: ../../crates/common/hashfn/src/lib.rs:102:43 in function hashfn::hash_core

Check 516: hashfn::hash_core.pointer_dereference.95
	 - Status: SUCCESS
	 - Description: "dereference failure: pointer outside object bounds"
	 - Location: ../../crates/common/hashfn/src/lib.rs:102:43 in function hashfn::hash_core

Check 517: hashfn::hash_core.pointer_dereference.96
	 - Status: SUCCESS
	 - Description: "dereference failure: invalid integer address"
	 - Location: ../../crates/common/hashfn/src/lib.rs:102:43 in function hashfn::hash_core

Check 518: hashfn::hash_core.pointer_dereference.97
	 - Status: SUCCESS
	 - Description: "dereference failure: pointer NULL"
	 - Location: ../../crates/common/hashfn/src/lib.rs:102:61 in function hashfn::hash_core

Check 519: hashfn::hash_core.pointer_dereference.98
	 - Status: SUCCESS
	 - Description: "dereference failure: pointer invalid"
	 - Location: ../../crates/common/hashfn/src/lib.rs:102:61 in function hashfn::hash_core

Check 520: hashfn::hash_core.pointer_dereference.99
	 - Status: SUCCESS
	 - Description: "dereference failure: deallocated dynamic object"
	 - Location: ../../crates/common/hashfn/src/lib.rs:102:61 in function hashfn::hash_core

Check 521: hashfn::hash_core.pointer_dereference.100
	 - Status: SUCCESS
	 - Description: "dereference failure: dead object"
	 - Location: ../../crates/common/hashfn/src/lib.rs:102:61 in function hashfn::hash_core

Check 522: hashfn::hash_core.pointer_dereference.101
	 - Status: SUCCESS
	 - Description: "dereference failure: pointer outside object bounds"
	 - Location: ../../crates/common/hashfn/src/lib.rs:102:61 in function hashfn::hash_core

Check 523: hashfn::hash_core.pointer_dereference.102
	 - Status: SUCCESS
	 - Description: "dereference failure: invalid integer address"
	 - Location: ../../crates/common/hashfn/src/lib.rs:102:61 in function hashfn::hash_core

Check 524: hashfn::hash_core.pointer_dereference.103
	 - Status: SUCCESS
	 - Description: "dereference failure: pointer NULL"
	 - Location: ../../crates/common/hashfn/src/lib.rs:101:43 in function hashfn::hash_core

Check 525: hashfn::hash_core.pointer_dereference.104
	 - Status: SUCCESS
	 - Description: "dereference failure: pointer invalid"
	 - Location: ../../crates/common/hashfn/src/lib.rs:101:43 in function hashfn::hash_core

Check 526: hashfn::hash_core.pointer_dereference.105
	 - Status: SUCCESS
	 - Description: "dereference failure: deallocated dynamic object"
	 - Location: ../../crates/common/hashfn/src/lib.rs:101:43 in function hashfn::hash_core

Check 527: hashfn::hash_core.pointer_dereference.106
	 - Status: SUCCESS
	 - Description: "dereference failure: dead object"
	 - Location: ../../crates/common/hashfn/src/lib.rs:101:43 in function hashfn::hash_core

Check 528: hashfn::hash_core.pointer_dereference.107
	 - Status: SUCCESS
	 - Description: "dereference failure: pointer outside object bounds"
	 - Location: ../../crates/common/hashfn/src/lib.rs:101:43 in function hashfn::hash_core

Check 529: hashfn::hash_core.pointer_dereference.108
	 - Status: SUCCESS
	 - Description: "dereference failure: invalid integer address"
	 - Location: ../../crates/common/hashfn/src/lib.rs:101:43 in function hashfn::hash_core

Check 530: std::alloc::Layout::align.pointer_dereference.1
	 - Status: SUCCESS
	 - Description: "dereference failure: pointer NULL"
	 - Location: ../../../../../../runner/.rustup/toolchains/nightly-2025-11-21-aarch64-apple-darwin/lib/rustlib/src/rust/library/core/src/alloc/layout.rs:152:9 in function std::alloc::Layout::align

Check 531: std::alloc::Layout::align.pointer_dereference.2
	 - Status: SUCCESS
	 - Description: "dereference failure: pointer invalid"
	 - Location: ../../../../../../runner/.rustup/toolchains/nightly-2025-11-21-aarch64-apple-darwin/lib/rustlib/src/rust/library/core/src/alloc/layout.rs:152:9 in function std::alloc::Layout::align

Check 532: std::alloc::Layout::align.pointer_dereference.3
	 - Status: SUCCESS
	 - Description: "dereference failure: deallocated dynamic object"
	 - Location: ../../../../../../runner/.rustup/toolchains/nightly-2025-11-21-aarch64-apple-darwin/lib/rustlib/src/rust/library/core/src/alloc/layout.rs:152:9 in function std::alloc::Layout::align

Check 533: std::alloc::Layout::align.pointer_dereference.4
	 - Status: SUCCESS
	 - Description: "dereference failure: dead object"
	 - Location: ../../../../../../runner/.rustup/toolchains/nightly-2025-11-21-aarch64-apple-darwin/lib/rustlib/src/rust/library/core/src/alloc/layout.rs:152:9 in function std::alloc::Layout::align

Check 534: std::alloc::Layout::align.pointer_dereference.5
	 - Status: SUCCESS
	 - Description: "dereference failure: pointer outside object bounds"
	 - Location: ../../../../../../runner/.rustup/toolchains/nightly-2025-11-21-aarch64-apple-darwin/lib/rustlib/src/rust/library/core/src/alloc/layout.rs:152:9 in function std::alloc::Layout::align

Check 535: std::alloc::Layout::align.pointer_dereference.6
	 - Status: SUCCESS
	 - Description: "dereference failure: invalid integer address"
	 - Location: ../../../../../../runner/.rustup/toolchains/nightly-2025-11-21-aarch64-apple-darwin/lib/rustlib/src/rust/library/core/src/alloc/layout.rs:152:9 in function std::alloc::Layout::align

Check 536: std::ops::index_range::IndexRange::start.pointer_dereference.1
	 - Status: SUCCESS
	 - Description: "dereference failure: pointer NULL"
	 - Location: ../../../../../../runner/.rustup/toolchains/nightly-2025-11-21-aarch64-apple-darwin/lib/rustlib/src/rust/library/core/src/ops/index_range.rs:40:9 in function std::ops::index_range::IndexRange::start

Check 537: std::ops::index_range::IndexRange::start.pointer_dereference.2
	 - Status: SUCCESS
	 - Description: "dereference failure: pointer invalid"
	 - Location: ../../../../../../runner/.rustup/toolchains/nightly-2025-11-21-aarch64-apple-darwin/lib/rustlib/src/rust/library/core/src/ops/index_range.rs:40:9 in function std::ops::index_range::IndexRange::start

Check 538: std::ops::index_range::IndexRange::start.pointer_dereference.3
	 - Status: SUCCESS
	 - Description: "dereference failure: deallocated dynamic object"
	 - Location: ../../../../../../runner/.rustup/toolchains/nightly-2025-11-21-aarch64-apple-darwin/lib/rustlib/src/rust/library/core/src/ops/index_range.rs:40:9 in function std::ops::index_range::IndexRange::start

Check 539: std::ops::index_range::IndexRange::start.pointer_dereference.4
	 - Status: SUCCESS
	 - Description: "dereference failure: dead object"
	 - Location: ../../../../../../runner/.rustup/toolchains/nightly-2025-11-21-aarch64-apple-darwin/lib/rustlib/src/rust/library/core/src/ops/index_range.rs:40:9 in function std::ops::index_range::IndexRange::start

Check 540: std::ops::index_range::IndexRange::start.pointer_dereference.5
	 - Status: SUCCESS
	 - Description: "dereference failure: pointer outside object bounds"
	 - Location: ../../../../../../runner/.rustup/toolchains/nightly-2025-11-21-aarch64-apple-darwin/lib/rustlib/src/rust/library/core/src/ops/index_range.rs:40:9 in function std::ops::index_range::IndexRange::start

Check 541: std::ops::index_range::IndexRange::start.pointer_dereference.6
	 - Status: SUCCESS
	 - Description: "dereference failure: invalid integer address"
	 - Location: ../../../../../../runner/.rustup/toolchains/nightly-2025-11-21-aarch64-apple-darwin/lib/rustlib/src/rust/library/core/src/ops/index_range.rs:40:9 in function std::ops::index_range::IndexRange::start

Check 542: <std::slice::IterMut<'_, datum::NullableDatum> as std::iter::Iterator>::next.pointer_dereference.1
	 - Status: SUCCESS
	 - Description: "dereference failure: pointer NULL"
	 - Location: ../../../../../../runner/.rustup/toolchains/nightly-2025-11-21-aarch64-apple-darwin/lib/rustlib/src/rust/library/core/src/slice/iter/macros.rs:160:27 in function <std::slice::IterMut<'_, datum::NullableDatum> as std::iter::Iterator>::next

Check 543: <std::slice::IterMut<'_, datum::NullableDatum> as std::iter::Iterator>::next.pointer_dereference.2
	 - Status: SUCCESS
	 - Description: "dereference failure: pointer invalid"
	 - Location: ../../../../../../runner/.rustup/toolchains/nightly-2025-11-21-aarch64-apple-darwin/lib/rustlib/src/rust/library/core/src/slice/iter/macros.rs:160:27 in function <std::slice::IterMut<'_, datum::NullableDatum> as std::iter::Iterator>::next

Check 544: <std::slice::IterMut<'_, datum::NullableDatum> as std::iter::Iterator>::next.pointer_dereference.3
	 - Status: SUCCESS
	 - Description: "dereference failure: deallocated dynamic object"
	 - Location: ../../../../../../runner/.rustup/toolchains/nightly-2025-11-21-aarch64-apple-darwin/lib/rustlib/src/rust/library/core/src/slice/iter/macros.rs:160:27 in function <std::slice::IterMut<'_, datum::NullableDatum> as std::iter::Iterator>::next

Check 545: <std::slice::IterMut<'_, datum::NullableDatum> as std::iter::Iterator>::next.pointer_dereference.4
	 - Status: SUCCESS
	 - Description: "dereference failure: dead object"
	 - Location: ../../../../../../runner/.rustup/toolchains/nightly-2025-11-21-aarch64-apple-darwin/lib/rustlib/src/rust/library/core/src/slice/iter/macros.rs:160:27 in function <std::slice::IterMut<'_, datum::NullableDatum> as std::iter::Iterator>::next

Check 546: <std::slice::IterMut<'_, datum::NullableDatum> as std::iter::Iterator>::next.pointer_dereference.5
	 - Status: SUCCESS
	 - Description: "dereference failure: pointer outside object bounds"
	 - Location: ../../../../../../runner/.rustup/toolchains/nightly-2025-11-21-aarch64-apple-darwin/lib/rustlib/src/rust/library/core/src/slice/iter/macros.rs:160:27 in function <std::slice::IterMut<'_, datum::NullableDatum> as std::iter::Iterator>::next

Check 547: <std::slice::IterMut<'_, datum::NullableDatum> as std::iter::Iterator>::next.pointer_dereference.6
	 - Status: SUCCESS
	 - Description: "dereference failure: invalid integer address"
	 - Location: ../../../../../../runner/.rustup/toolchains/nightly-2025-11-21-aarch64-apple-darwin/lib/rustlib/src/rust/library/core/src/slice/iter/macros.rs:160:27 in function <std::slice::IterMut<'_, datum::NullableDatum> as std::iter::Iterator>::next

Check 548: <std::slice::IterMut<'_, datum::NullableDatum> as std::iter::Iterator>::next.pointer_dereference.7
	 - Status: SUCCESS
	 - Description: "dereference failure: pointer NULL"
	 - Location: ../../../../../../runner/.rustup/toolchains/nightly-2025-11-21-aarch64-apple-darwin/lib/rustlib/src/rust/library/core/src/slice/iter/macros.rs:161:34 in function <std::slice::IterMut<'_, datum::NullableDatum> as std::iter::Iterator>::next

Check 549: <std::slice::IterMut<'_, datum::NullableDatum> as std::iter::Iterator>::next.pointer_dereference.8
	 - Status: SUCCESS
	 - Description: "dereference failure: pointer invalid"
	 - Location: ../../../../../../runner/.rustup/toolchains/nightly-2025-11-21-aarch64-apple-darwin/lib/rustlib/src/rust/library/core/src/slice/iter/macros.rs:161:34 in function <std::slice::IterMut<'_, datum::NullableDatum> as std::iter::Iterator>::next

Check 550: <std::slice::IterMut<'_, datum::NullableDatum> as std::iter::Iterator>::next.pointer_dereference.9
	 - Status: SUCCESS
	 - Description: "dereference failure: deallocated dynamic object"
	 - Location: ../../../../../../runner/.rustup/toolchains/nightly-2025-11-21-aarch64-apple-darwin/lib/rustlib/src/rust/library/core/src/slice/iter/macros.rs:161:34 in function <std::slice::IterMut<'_, datum::NullableDatum> as std::iter::Iterator>::next

Check 551: <std::slice::IterMut<'_, datum::NullableDatum> as std::iter::Iterator>::next.pointer_dereference.10
	 - Status: SUCCESS
	 - Description: "dereference failure: dead object"
	 - Location: ../../../../../../runner/.rustup/toolchains/nightly-2025-11-21-aarch64-apple-darwin/lib/rustlib/src/rust/library/core/src/slice/iter/macros.rs:161:34 in function <std::slice::IterMut<'_, datum::NullableDatum> as std::iter::Iterator>::next

Check 552: <std::slice::IterMut<'_, datum::NullableDatum> as std::iter::Iterator>::next.pointer_dereference.11
	 - Status: SUCCESS
	 - Description: "dereference failure: pointer outside object bounds"
	 - Location: ../../../../../../runner/.rustup/toolchains/nightly-2025-11-21-aarch64-apple-darwin/lib/rustlib/src/rust/library/core/src/slice/iter/macros.rs:161:34 in function <std::slice::IterMut<'_, datum::NullableDatum> as std::iter::Iterator>::next

Check 553: <std::slice::IterMut<'_, datum::NullableDatum> as std::iter::Iterator>::next.pointer_dereference.12
	 - Status: SUCCESS
	 - Description: "dereference failure: invalid integer address"
	 - Location: ../../../../../../runner/.rustup/toolchains/nightly-2025-11-21-aarch64-apple-darwin/lib/rustlib/src/rust/library/core/src/slice/iter/macros.rs:161:34 in function <std::slice::IterMut<'_, datum::NullableDatum> as std::iter::Iterator>::next

Check 554: <std::slice::IterMut<'_, datum::NullableDatum> as std::iter::Iterator>::next.pointer_dereference.13
	 - Status: SUCCESS
	 - Description: "dereference failure: pointer NULL"
	 - Location: ../../../../../../runner/.rustup/toolchains/nightly-2025-11-21-aarch64-apple-darwin/lib/rustlib/src/rust/library/core/src/slice/iter/macros.rs:174:25 in function <std::slice::IterMut<'_, datum::NullableDatum> as std::iter::Iterator>::next

Check 555: <std::slice::IterMut<'_, datum::NullableDatum> as std::iter::Iterator>::next.pointer_dereference.14
	 - Status: SUCCESS
	 - Description: "dereference failure: pointer invalid"
	 - Location: ../../../../../../runner/.rustup/toolchains/nightly-2025-11-21-aarch64-apple-darwin/lib/rustlib/src/rust/library/core/src/slice/iter/macros.rs:174:25 in function <std::slice::IterMut<'_, datum::NullableDatum> as std::iter::Iterator>::next

Check 556: <std::slice::IterMut<'_, datum::NullableDatum> as std::iter::Iterator>::next.pointer_dereference.15
	 - Status: SUCCESS
	 - Description: "dereference failure: deallocated dynamic object"
	 - Location: ../../../../../../runner/.rustup/toolchains/nightly-2025-11-21-aarch64-apple-darwin/lib/rustlib/src/rust/library/core/src/slice/iter/macros.rs:174:25 in function <std::slice::IterMut<'_, datum::NullableDatum> as std::iter::Iterator>::next

Check 557: <std::slice::IterMut<'_, datum::NullableDatum> as std::iter::Iterator>::next.pointer_dereference.16
	 - Status: SUCCESS
	 - Description: "dereference failure: dead object"
	 - Location: ../../../../../../runner/.rustup/toolchains/nightly-2025-11-21-aarch64-apple-darwin/lib/rustlib/src/rust/library/core/src/slice/iter/macros.rs:174:25 in function <std::slice::IterMut<'_, datum::NullableDatum> as std::iter::Iterator>::next

Check 558: <std::slice::IterMut<'_, datum::NullableDatum> as std::iter::Iterator>::next.pointer_dereference.17
	 - Status: SUCCESS
	 - Description: "dereference failure: pointer outside object bounds"
	 - Location: ../../../../../../runner/.rustup/toolchains/nightly-2025-11-21-aarch64-apple-darwin/lib/rustlib/src/rust/library/core/src/slice/iter/macros.rs:174:25 in function <std::slice::IterMut<'_, datum::NullableDatum> as std::iter::Iterator>::next

Check 559: <std::slice::IterMut<'_, datum::NullableDatum> as std::iter::Iterator>::next.pointer_dereference.18
	 - Status: SUCCESS
	 - Description: "dereference failure: invalid integer address"
	 - Location: ../../../../../../runner/.rustup/toolchains/nightly-2025-11-21-aarch64-apple-darwin/lib/rustlib/src/rust/library/core/src/slice/iter/macros.rs:174:25 in function <std::slice::IterMut<'_, datum::NullableDatum> as std::iter::Iterator>::next

Check 560: <std::slice::IterMut<'_, datum::NullableDatum> as std::iter::Iterator>::next.pointer_dereference.19
	 - Status: SUCCESS
	 - Description: "dereference failure: dead object"
	 - Location: ../../../../../../runner/.rustup/toolchains/nightly-2025-11-21-aarch64-apple-darwin/lib/rustlib/src/rust/library/core/src/slice/iter/macros.rs:168:36 in function <std::slice::IterMut<'_, datum::NullableDatum> as std::iter::Iterator>::next

Check 561: <std::slice::IterMut<'_, datum::NullableDatum> as std::iter::Iterator>::next.pointer_dereference.20
	 - Status: SUCCESS
	 - Description: "dereference failure: dead object"
	 - Location: ../../../../../../runner/.rustup/toolchains/nightly-2025-11-21-aarch64-apple-darwin/lib/rustlib/src/rust/library/core/src/slice/iter/macros.rs:180:36 in function <std::slice::IterMut<'_, datum::NullableDatum> as std::iter::Iterator>::next

Check 562: <std::slice::IterMut<'_, datum::NullableDatum> as std::iter::Iterator>::next.pointer_dereference.21
	 - Status: SUCCESS
	 - Description: "dereference failure: pointer NULL"
	 - Location: ../../../../../../runner/.rustup/toolchains/nightly-2025-11-21-aarch64-apple-darwin/lib/rustlib/src/rust/library/core/src/slice/iter/macros.rs:184:25 in function <std::slice::IterMut<'_, datum::NullableDatum> as std::iter::Iterator>::next

Check 563: <std::slice::IterMut<'_, datum::NullableDatum> as std::iter::Iterator>::next.pointer_dereference.22
	 - Status: SUCCESS
	 - Description: "dereference failure: pointer invalid"
	 - Location: ../../../../../../runner/.rustup/toolchains/nightly-2025-11-21-aarch64-apple-darwin/lib/rustlib/src/rust/library/core/src/slice/iter/macros.rs:184:25 in function <std::slice::IterMut<'_, datum::NullableDatum> as std::iter::Iterator>::next

Check 564: <std::slice::IterMut<'_, datum::NullableDatum> as std::iter::Iterator>::next.pointer_dereference.23
	 - Status: SUCCESS
	 - Description: "dereference failure: deallocated dynamic object"
	 - Location: ../../../../../../runner/.rustup/toolchains/nightly-2025-11-21-aarch64-apple-darwin/lib/rustlib/src/rust/library/core/src/slice/iter/macros.rs:184:25 in function <std::slice::IterMut<'_, datum::NullableDatum> as std::iter::Iterator>::next

Check 565: <std::slice::IterMut<'_, datum::NullableDatum> as std::iter::Iterator>::next.pointer_dereference.24
	 - Status: SUCCESS
	 - Description: "dereference failure: dead object"
	 - Location: ../../../../../../runner/.rustup/toolchains/nightly-2025-11-21-aarch64-apple-darwin/lib/rustlib/src/rust/library/core/src/slice/iter/macros.rs:184:25 in function <std::slice::IterMut<'_, datum::NullableDatum> as std::iter::Iterator>::next

Check 566: <std::slice::IterMut<'_, datum::NullableDatum> as std::iter::Iterator>::next.pointer_dereference.25
	 - Status: SUCCESS
	 - Description: "dereference failure: pointer outside object bounds"
	 - Location: ../../../../../../runner/.rustup/toolchains/nightly-2025-11-21-aarch64-apple-darwin/lib/rustlib/src/rust/library/core/src/slice/iter/macros.rs:184:25 in function <std::slice::IterMut<'_, datum::NullableDatum> as std::iter::Iterator>::next

Check 567: <std::slice::IterMut<'_, datum::NullableDatum> as std::iter::Iterator>::next.pointer_dereference.26
	 - Status: SUCCESS
	 - Description: "dereference failure: invalid integer address"
	 - Location: ../../../../../../runner/.rustup/toolchains/nightly-2025-11-21-aarch64-apple-darwin/lib/rustlib/src/rust/library/core/src/slice/iter/macros.rs:184:25 in function <std::slice::IterMut<'_, datum::NullableDatum> as std::iter::Iterator>::next

Check 568: std::alloc::Layout::is_size_align_valid.pointer_dereference.1
	 - Status: SUCCESS
	 - Description: "dereference failure: dead object"
	 - Location: ../../../../../../runner/.rustup/toolchains/nightly-2025-11-21-aarch64-apple-darwin/lib/rustlib/src/rust/library/core/src/alloc/layout.rs:69:27 in function std::alloc::Layout::is_size_align_valid

Check 569: wave5::tid_img.array_bounds.1
	 - Status: SUCCESS
	 - Description: "index out of bounds: the length is less than or equal to the given index"
	 - Location: src/lib.rs:808:10 in function wave5::tid_img

Check 570: wave5::tid_img.array_bounds.2
	 - Status: SUCCESS
	 - Description: "index out of bounds: the length is less than or equal to the given index"
	 - Location: src/lib.rs:808:16 in function wave5::tid_img

Check 571: wave5::tid_img.array_bounds.3
	 - Status: SUCCESS
	 - Description: "index out of bounds: the length is less than or equal to the given index"
	 - Location: src/lib.rs:808:22 in function wave5::tid_img

Check 572: wave5::tid_img.array_bounds.4
	 - Status: SUCCESS
	 - Description: "index out of bounds: the length is less than or equal to the given index"
	 - Location: src/lib.rs:808:28 in function wave5::tid_img

Check 573: wave5::tid_img.array_bounds.5
	 - Status: SUCCESS
	 - Description: "index out of bounds: the length is less than or equal to the given index"
	 - Location: src/lib.rs:808:34 in function wave5::tid_img

Check 574: wave5::tid_img.array_bounds.6
	 - Status: SUCCESS
	 - Description: "index out of bounds: the length is less than or equal to the given index"
	 - Location: src/lib.rs:808:40 in function wave5::tid_img

Check 575: std::ptr::read::<datum::Datum>.pointer_dereference.1
	 - Status: SUCCESS
	 - Description: "dereference failure: pointer NULL"
	 - Location: ../../../../../../runner/.rustup/toolchains/nightly-2025-11-21-aarch64-apple-darwin/lib/rustlib/src/rust/library/core/src/ptr/mod.rs:1708:9 in function std::ptr::read::<datum::Datum>

Check 576: std::ptr::read::<datum::Datum>.pointer_dereference.2
	 - Status: SUCCESS
	 - Description: "dereference failure: pointer invalid"
	 - Location: ../../../../../../runner/.rustup/toolchains/nightly-2025-11-21-aarch64-apple-darwin/lib/rustlib/src/rust/library/core/src/ptr/mod.rs:1708:9 in function std::ptr::read::<datum::Datum>

Check 577: std::ptr::read::<datum::Datum>.pointer_dereference.3
	 - Status: SUCCESS
	 - Description: "dereference failure: deallocated dynamic object"
	 - Location: ../../../../../../runner/.rustup/toolchains/nightly-2025-11-21-aarch64-apple-darwin/lib/rustlib/src/rust/library/core/src/ptr/mod.rs:1708:9 in function std::ptr::read::<datum::Datum>

Check 578: std::ptr::read::<datum::Datum>.pointer_dereference.4
	 - Status: SUCCESS
	 - Description: "dereference failure: dead object"
	 - Location: ../../../../../../runner/.rustup/toolchains/nightly-2025-11-21-aarch64-apple-darwin/lib/rustlib/src/rust/library/core/src/ptr/mod.rs:1708:9 in function std::ptr::read::<datum::Datum>

Check 579: std::ptr::read::<datum::Datum>.pointer_dereference.5
	 - Status: SUCCESS
	 - Description: "dereference failure: pointer outside object bounds"
	 - Location: ../../../../../../runner/.rustup/toolchains/nightly-2025-11-21-aarch64-apple-darwin/lib/rustlib/src/rust/library/core/src/ptr/mod.rs:1708:9 in function std::ptr::read::<datum::Datum>

Check 580: std::ptr::read::<datum::Datum>.pointer_dereference.6
	 - Status: SUCCESS
	 - Description: "dereference failure: invalid integer address"
	 - Location: ../../../../../../runner/.rustup/toolchains/nightly-2025-11-21-aarch64-apple-darwin/lib/rustlib/src/rust/library/core/src/ptr/mod.rs:1708:9 in function std::ptr::read::<datum::Datum>

Check 581: <std::option::Option<&mut datum::NullableDatum> as std::ops::Try>::branch.pointer_dereference.1
	 - Status: SUCCESS
	 - Description: "dereference failure: dead object"
	 - Location: ../../../../../../runner/.rustup/toolchains/nightly-2025-11-21-aarch64-apple-darwin/lib/rustlib/src/rust/library/core/src/option.rs:2666:15 in function <std::option::Option<&mut datum::NullableDatum> as std::ops::Try>::branch

Check 582: <std::option::Option<&mut datum::NullableDatum> as std::ops::Try>::branch.pointer_dereference.2
	 - Status: SUCCESS
	 - Description: "dereference failure: dead object"
	 - Location: ../../../../../../runner/.rustup/toolchains/nightly-2025-11-21-aarch64-apple-darwin/lib/rustlib/src/rust/library/core/src/option.rs:2668:21 in function <std::option::Option<&mut datum::NullableDatum> as std::ops::Try>::branch

Check 583: std::ptr::drop_in_place::<std::boxed::Box<types_error::PgError>>.pointer_dereference.1
	 - Status: SUCCESS
	 - Description: "dereference failure: pointer NULL"
	 - Location: ../../../../../../runner/.rustup/toolchains/nightly-2025-11-21-aarch64-apple-darwin/lib/rustlib/src/rust/library/core/src/ptr/mod.rs:805:1 in function std::ptr::drop_in_place::<std::boxed::Box<types_error::PgError>>

Check 584: std::ptr::drop_in_place::<std::boxed::Box<types_error::PgError>>.pointer_dereference.2
	 - Status: SUCCESS
	 - Description: "dereference failure: pointer invalid"
	 - Location: ../../../../../../runner/.rustup/toolchains/nightly-2025-11-21-aarch64-apple-darwin/lib/rustlib/src/rust/library/core/src/ptr/mod.rs:805:1 in function std::ptr::drop_in_place::<std::boxed::Box<types_error::PgError>>

Check 585: std::ptr::drop_in_place::<std::boxed::Box<types_error::PgError>>.pointer_dereference.3
	 - Status: SUCCESS
	 - Description: "dereference failure: deallocated dynamic object"
	 - Location: ../../../../../../runner/.rustup/toolchains/nightly-2025-11-21-aarch64-apple-darwin/lib/rustlib/src/rust/library/core/src/ptr/mod.rs:805:1 in function std::ptr::drop_in_place::<std::boxed::Box<types_error::PgError>>

Check 586: std::ptr::drop_in_place::<std::boxed::Box<types_error::PgError>>.pointer_dereference.4
	 - Status: SUCCESS
	 - Description: "dereference failure: dead object"
	 - Location: ../../../../../../runner/.rustup/toolchains/nightly-2025-11-21-aarch64-apple-darwin/lib/rustlib/src/rust/library/core/src/ptr/mod.rs:805:1 in function std::ptr::drop_in_place::<std::boxed::Box<types_error::PgError>>

Check 587: std::ptr::drop_in_place::<std::boxed::Box<types_error::PgError>>.pointer_dereference.5
	 - Status: SUCCESS
	 - Description: "dereference failure: pointer outside object bounds"
	 - Location: ../../../../../../runner/.rustup/toolchains/nightly-2025-11-21-aarch64-apple-darwin/lib/rustlib/src/rust/library/core/src/ptr/mod.rs:805:1 in function std::ptr::drop_in_place::<std::boxed::Box<types_error::PgError>>

Check 588: std::ptr::drop_in_place::<std::boxed::Box<types_error::PgError>>.pointer_dereference.6
	 - Status: SUCCESS
	 - Description: "dereference failure: invalid integer address"
	 - Location: ../../../../../../runner/.rustup/toolchains/nightly-2025-11-21-aarch64-apple-darwin/lib/rustlib/src/rust/library/core/src/ptr/mod.rs:805:1 in function std::ptr::drop_in_place::<std::boxed::Box<types_error::PgError>>

Check 589: alloc::raw_vec::RawVecInner::current_memory.pointer_dereference.1
	 - Status: SUCCESS
	 - Description: "dereference failure: pointer NULL"
	 - Location: ../../../../../../runner/.rustup/toolchains/nightly-2025-11-21-aarch64-apple-darwin/lib/rustlib/src/rust/library/alloc/src/raw_vec/mod.rs:523:39 in function alloc::raw_vec::RawVecInner::current_memory

Check 590: alloc::raw_vec::RawVecInner::current_memory.pointer_dereference.2
	 - Status: SUCCESS
	 - Description: "dereference failure: pointer invalid"
	 - Location: ../../../../../../runner/.rustup/toolchains/nightly-2025-11-21-aarch64-apple-darwin/lib/rustlib/src/rust/library/alloc/src/raw_vec/mod.rs:523:39 in function alloc::raw_vec::RawVecInner::current_memory

Check 591: alloc::raw_vec::RawVecInner::current_memory.pointer_dereference.3
	 - Status: SUCCESS
	 - Description: "dereference failure: deallocated dynamic object"
	 - Location: ../../../../../../runner/.rustup/toolchains/nightly-2025-11-21-aarch64-apple-darwin/lib/rustlib/src/rust/library/alloc/src/raw_vec/mod.rs:523:39 in function alloc::raw_vec::RawVecInner::current_memory

Check 592: alloc::raw_vec::RawVecInner::current_memory.pointer_dereference.4
	 - Status: SUCCESS
	 - Description: "dereference failure: dead object"
	 - Location: ../../../../../../runner/.rustup/toolchains/nightly-2025-11-21-aarch64-apple-darwin/lib/rustlib/src/rust/library/alloc/src/raw_vec/mod.rs:523:39 in function alloc::raw_vec::RawVecInner::current_memory

Check 593: alloc::raw_vec::RawVecInner::current_memory.pointer_dereference.5
	 - Status: SUCCESS
	 - Description: "dereference failure: pointer outside object bounds"
	 - Location: ../../../../../../runner/.rustup/toolchains/nightly-2025-11-21-aarch64-apple-darwin/lib/rustlib/src/rust/library/alloc/src/raw_vec/mod.rs:523:39 in function alloc::raw_vec::RawVecInner::current_memory

Check 594: alloc::raw_vec::RawVecInner::current_memory.pointer_dereference.6
	 - Status: SUCCESS
	 - Description: "dereference failure: invalid integer address"
	 - Location: ../../../../../../runner/.rustup/toolchains/nightly-2025-11-21-aarch64-apple-darwin/lib/rustlib/src/rust/library/alloc/src/raw_vec/mod.rs:523:39 in function alloc::raw_vec::RawVecInner::current_memory

Check 595: alloc::raw_vec::RawVecInner::current_memory.pointer_dereference.7
	 - Status: SUCCESS
	 - Description: "dereference failure: pointer NULL"
	 - Location: ../../../../../../runner/.rustup/toolchains/nightly-2025-11-21-aarch64-apple-darwin/lib/rustlib/src/rust/library/alloc/src/raw_vec/mod.rs:531:67 in function alloc::raw_vec::RawVecInner::current_memory

Check 596: alloc::raw_vec::RawVecInner::current_memory.pointer_dereference.8
	 - Status: SUCCESS
	 - Description: "dereference failure: pointer invalid"
	 - Location: ../../../../../../runner/.rustup/toolchains/nightly-2025-11-21-aarch64-apple-darwin/lib/rustlib/src/rust/library/alloc/src/raw_vec/mod.rs:531:67 in function alloc::raw_vec::RawVecInner::current_memory

Check 597: alloc::raw_vec::RawVecInner::current_memory.pointer_dereference.9
	 - Status: SUCCESS
	 - Description: "dereference failure: deallocated dynamic object"
	 - Location: ../../../../../../runner/.rustup/toolchains/nightly-2025-11-21-aarch64-apple-darwin/lib/rustlib/src/rust/library/alloc/src/raw_vec/mod.rs:531:67 in function alloc::raw_vec::RawVecInner::current_memory

Check 598: alloc::raw_vec::RawVecInner::current_memory.pointer_dereference.10
	 - Status: SUCCESS
	 - Description: "dereference failure: dead object"
	 - Location: ../../../../../../runner/.rustup/toolchains/nightly-2025-11-21-aarch64-apple-darwin/lib/rustlib/src/rust/library/alloc/src/raw_vec/mod.rs:531:67 in function alloc::raw_vec::RawVecInner::current_memory

Check 599: alloc::raw_vec::RawVecInner::current_memory.pointer_dereference.11
	 - Status: SUCCESS
	 - Description: "dereference failure: pointer outside object bounds"
	 - Location: ../../../../../../runner/.rustup/toolchains/nightly-2025-11-21-aarch64-apple-darwin/lib/rustlib/src/rust/library/alloc/src/raw_vec/mod.rs:531:67 in function alloc::raw_vec::RawVecInner::current_memory

Check 600: alloc::raw_vec::RawVecInner::current_memory.pointer_dereference.12
	 - Status: SUCCESS
	 - Description: "dereference failure: invalid integer address"
	 - Location: ../../../../../../runner/.rustup/toolchains/nightly-2025-11-21-aarch64-apple-darwin/lib/rustlib/src/rust/library/alloc/src/raw_vec/mod.rs:531:67 in function alloc::raw_vec::RawVecInner::current_memory

Check 601: alloc::raw_vec::RawVecInner::current_memory.pointer_dereference.13
	 - Status: SUCCESS
	 - Description: "dereference failure: pointer NULL"
	 - Location: ../../../../../../runner/.rustup/toolchains/nightly-2025-11-21-aarch64-apple-darwin/lib/rustlib/src/rust/library/alloc/src/raw_vec/mod.rs:533:23 in function alloc::raw_vec::RawVecInner::current_memory

Check 602: alloc::raw_vec::RawVecInner::current_memory.pointer_dereference.14
	 - Status: SUCCESS
	 - Description: "dereference failure: pointer invalid"
	 - Location: ../../../../../../runner/.rustup/toolchains/nightly-2025-11-21-aarch64-apple-darwin/lib/rustlib/src/rust/library/alloc/src/raw_vec/mod.rs:533:23 in function alloc::raw_vec::RawVecInner::current_memory

Check 603: alloc::raw_vec::RawVecInner::current_memory.pointer_dereference.15
	 - Status: SUCCESS
	 - Description: "dereference failure: deallocated dynamic object"
	 - Location: ../../../../../../runner/.rustup/toolchains/nightly-2025-11-21-aarch64-apple-darwin/lib/rustlib/src/rust/library/alloc/src/raw_vec/mod.rs:533:23 in function alloc::raw_vec::RawVecInner::current_memory

Check 604: alloc::raw_vec::RawVecInner::current_memory.pointer_dereference.16
	 - Status: SUCCESS
	 - Description: "dereference failure: dead object"
	 - Location: ../../../../../../runner/.rustup/toolchains/nightly-2025-11-21-aarch64-apple-darwin/lib/rustlib/src/rust/library/alloc/src/raw_vec/mod.rs:533:23 in function alloc::raw_vec::RawVecInner::current_memory

Check 605: alloc::raw_vec::RawVecInner::current_memory.pointer_dereference.17
	 - Status: SUCCESS
	 - Description: "dereference failure: pointer outside object bounds"
	 - Location: ../../../../../../runner/.rustup/toolchains/nightly-2025-11-21-aarch64-apple-darwin/lib/rustlib/src/rust/library/alloc/src/raw_vec/mod.rs:533:23 in function alloc::raw_vec::RawVecInner::current_memory

Check 606: alloc::raw_vec::RawVecInner::current_memory.pointer_dereference.18
	 - Status: SUCCESS
	 - Description: "dereference failure: invalid integer address"
	 - Location: ../../../../../../runner/.rustup/toolchains/nightly-2025-11-21-aarch64-apple-darwin/lib/rustlib/src/rust/library/alloc/src/raw_vec/mod.rs:533:23 in function alloc::raw_vec::RawVecInner::current_memory

Check 607: alloc::raw_vec::RawVecInner::current_memory.pointer_dereference.19
	 - Status: SUCCESS
	 - Description: "dereference failure: dead object"
	 - Location: ../../../../../../runner/.rustup/toolchains/nightly-2025-11-21-aarch64-apple-darwin/lib/rustlib/src/rust/library/alloc/src/raw_vec/mod.rs:524:13 in function alloc::raw_vec::RawVecInner::current_memory

Check 608: <std::iter::Zip<std::slice::IterMut<'_, datum::NullableDatum>, std::array::IntoIter<datum::Datum, 1>> as std::iter::adapters::zip::ZipImpl<std::slice::IterMut<'_, datum::NullableDatum>, std::array::IntoIter<datum::Datum, 1>>>::next.pointer_dereference.1
	 - Status: SUCCESS
	 - Description: "dereference failure: dead object"
	 - Location: ../../../../../../runner/.rustup/toolchains/nightly-2025-11-21-aarch64-apple-darwin/lib/rustlib/src/rust/library/core/src/iter/adapters/zip.rs:165:21 in function <std::iter::Zip<std::slice::IterMut<'_, datum::NullableDatum>, std::array::IntoIter<datum::Datum, 1>> as std::iter::adapters::zip::ZipImpl<std::slice::IterMut<'_, datum::NullableDatum>, std::array::IntoIter<datum::Datum, 1>>>::next

Check 609: <std::ptr::NonNull<datum::NullableDatum> as std::cmp::PartialEq>::eq.pointer_dereference.1
	 - Status: SUCCESS
	 - Description: "dereference failure: pointer NULL"
	 - Location: ../../../../../../runner/.rustup/toolchains/nightly-2025-11-21-aarch64-apple-darwin/lib/rustlib/src/rust/library/core/src/ptr/non_null.rs:1692:9 in function <std::ptr::NonNull<datum::NullableDatum> as std::cmp::PartialEq>::eq

Check 610: <std::ptr::NonNull<datum::NullableDatum> as std::cmp::PartialEq>::eq.pointer_dereference.2
	 - Status: SUCCESS
	 - Description: "dereference failure: pointer invalid"
	 - Location: ../../../../../../runner/.rustup/toolchains/nightly-2025-11-21-aarch64-apple-darwin/lib/rustlib/src/rust/library/core/src/ptr/non_null.rs:1692:9 in function <std::ptr::NonNull<datum::NullableDatum> as std::cmp::PartialEq>::eq

Check 611: <std::ptr::NonNull<datum::NullableDatum> as std::cmp::PartialEq>::eq.pointer_dereference.3
	 - Status: SUCCESS
	 - Description: "dereference failure: deallocated dynamic object"
	 - Location: ../../../../../../runner/.rustup/toolchains/nightly-2025-11-21-aarch64-apple-darwin/lib/rustlib/src/rust/library/core/src/ptr/non_null.rs:1692:9 in function <std::ptr::NonNull<datum::NullableDatum> as std::cmp::PartialEq>::eq

Check 612: <std::ptr::NonNull<datum::NullableDatum> as std::cmp::PartialEq>::eq.pointer_dereference.4
	 - Status: SUCCESS
	 - Description: "dereference failure: dead object"
	 - Location: ../../../../../../runner/.rustup/toolchains/nightly-2025-11-21-aarch64-apple-darwin/lib/rustlib/src/rust/library/core/src/ptr/non_null.rs:1692:9 in function <std::ptr::NonNull<datum::NullableDatum> as std::cmp::PartialEq>::eq

Check 613: <std::ptr::NonNull<datum::NullableDatum> as std::cmp::PartialEq>::eq.pointer_dereference.5
	 - Status: SUCCESS
	 - Description: "dereference failure: pointer outside object bounds"
	 - Location: ../../../../../../runner/.rustup/toolchains/nightly-2025-11-21-aarch64-apple-darwin/lib/rustlib/src/rust/library/core/src/ptr/non_null.rs:1692:9 in function <std::ptr::NonNull<datum::NullableDatum> as std::cmp::PartialEq>::eq

Check 614: <std::ptr::NonNull<datum::NullableDatum> as std::cmp::PartialEq>::eq.pointer_dereference.6
	 - Status: SUCCESS
	 - Description: "dereference failure: invalid integer address"
	 - Location: ../../../../../../runner/.rustup/toolchains/nightly-2025-11-21-aarch64-apple-darwin/lib/rustlib/src/rust/library/core/src/ptr/non_null.rs:1692:9 in function <std::ptr::NonNull<datum::NullableDatum> as std::cmp::PartialEq>::eq

Check 615: <std::ptr::NonNull<datum::NullableDatum> as std::cmp::PartialEq>::eq.pointer_dereference.7
	 - Status: SUCCESS
	 - Description: "dereference failure: pointer NULL"
	 - Location: ../../../../../../runner/.rustup/toolchains/nightly-2025-11-21-aarch64-apple-darwin/lib/rustlib/src/rust/library/core/src/ptr/non_null.rs:1692:26 in function <std::ptr::NonNull<datum::NullableDatum> as std::cmp::PartialEq>::eq

Check 616: <std::ptr::NonNull<datum::NullableDatum> as std::cmp::PartialEq>::eq.pointer_dereference.8
	 - Status: SUCCESS
	 - Description: "dereference failure: pointer invalid"
	 - Location: ../../../../../../runner/.rustup/toolchains/nightly-2025-11-21-aarch64-apple-darwin/lib/rustlib/src/rust/library/core/src/ptr/non_null.rs:1692:26 in function <std::ptr::NonNull<datum::NullableDatum> as std::cmp::PartialEq>::eq

Check 617: <std::ptr::NonNull<datum::NullableDatum> as std::cmp::PartialEq>::eq.pointer_dereference.9
	 - Status: SUCCESS
	 - Description: "dereference failure: deallocated dynamic object"
	 - Location: ../../../../../../runner/.rustup/toolchains/nightly-2025-11-21-aarch64-apple-darwin/lib/rustlib/src/rust/library/core/src/ptr/non_null.rs:1692:26 in function <std::ptr::NonNull<datum::NullableDatum> as std::cmp::PartialEq>::eq

Check 618: <std::ptr::NonNull<datum::NullableDatum> as std::cmp::PartialEq>::eq.pointer_dereference.10
	 - Status: SUCCESS
	 - Description: "dereference failure: dead object"
	 - Location: ../../../../../../runner/.rustup/toolchains/nightly-2025-11-21-aarch64-apple-darwin/lib/rustlib/src/rust/library/core/src/ptr/non_null.rs:1692:26 in function <std::ptr::NonNull<datum::NullableDatum> as std::cmp::PartialEq>::eq

Check 619: <std::ptr::NonNull<datum::NullableDatum> as std::cmp::PartialEq>::eq.pointer_dereference.11
	 - Status: SUCCESS
	 - Description: "dereference failure: pointer outside object bounds"
	 - Location: ../../../../../../runner/.rustup/toolchains/nightly-2025-11-21-aarch64-apple-darwin/lib/rustlib/src/rust/library/core/src/ptr/non_null.rs:1692:26 in function <std::ptr::NonNull<datum::NullableDatum> as std::cmp::PartialEq>::eq

Check 620: <std::ptr::NonNull<datum::NullableDatum> as std::cmp::PartialEq>::eq.pointer_dereference.12
	 - Status: SUCCESS
	 - Description: "dereference failure: invalid integer address"
	 - Location: ../../../../../../runner/.rustup/toolchains/nightly-2025-11-21-aarch64-apple-darwin/lib/rustlib/src/rust/library/core/src/ptr/non_null.rs:1692:26 in function <std::ptr::NonNull<datum::NullableDatum> as std::cmp::PartialEq>::eq

Check 621: std::ptr::drop_in_place::<std::result::Result<datum::Datum, std::boxed::Box<types_error::PgError>>>.pointer_dereference.1
	 - Status: SUCCESS
	 - Description: "dereference failure: pointer NULL"
	 - Location: ../../../../../../runner/.rustup/toolchains/nightly-2025-11-21-aarch64-apple-darwin/lib/rustlib/src/rust/library/core/src/ptr/mod.rs:805:1 in function std::ptr::drop_in_place::<std::result::Result<datum::Datum, std::boxed::Box<types_error::PgError>>>

Check 622: std::ptr::drop_in_place::<std::result::Result<datum::Datum, std::boxed::Box<types_error::PgError>>>.pointer_dereference.2
	 - Status: SUCCESS
	 - Description: "dereference failure: pointer invalid"
	 - Location: ../../../../../../runner/.rustup/toolchains/nightly-2025-11-21-aarch64-apple-darwin/lib/rustlib/src/rust/library/core/src/ptr/mod.rs:805:1 in function std::ptr::drop_in_place::<std::result::Result<datum::Datum, std::boxed::Box<types_error::PgError>>>

Check 623: std::ptr::drop_in_place::<std::result::Result<datum::Datum, std::boxed::Box<types_error::PgError>>>.pointer_dereference.3
	 - Status: SUCCESS
	 - Description: "dereference failure: deallocated dynamic object"
	 - Location: ../../../../../../runner/.rustup/toolchains/nightly-2025-11-21-aarch64-apple-darwin/lib/rustlib/src/rust/library/core/src/ptr/mod.rs:805:1 in function std::ptr::drop_in_place::<std::result::Result<datum::Datum, std::boxed::Box<types_error::PgError>>>

Check 624: std::ptr::drop_in_place::<std::result::Result<datum::Datum, std::boxed::Box<types_error::PgError>>>.pointer_dereference.4
	 - Status: SUCCESS
	 - Description: "dereference failure: dead object"
	 - Location: ../../../../../../runner/.rustup/toolchains/nightly-2025-11-21-aarch64-apple-darwin/lib/rustlib/src/rust/library/core/src/ptr/mod.rs:805:1 in function std::ptr::drop_in_place::<std::result::Result<datum::Datum, std::boxed::Box<types_error::PgError>>>

Check 625: std::ptr::drop_in_place::<std::result::Result<datum::Datum, std::boxed::Box<types_error::PgError>>>.pointer_dereference.5
	 - Status: SUCCESS
	 - Description: "dereference failure: pointer outside object bounds"
	 - Location: ../../../../../../runner/.rustup/toolchains/nightly-2025-11-21-aarch64-apple-darwin/lib/rustlib/src/rust/library/core/src/ptr/mod.rs:805:1 in function std::ptr::drop_in_place::<std::result::Result<datum::Datum, std::boxed::Box<types_error::PgError>>>

Check 626: std::ptr::drop_in_place::<std::result::Result<datum::Datum, std::boxed::Box<types_error::PgError>>>.pointer_dereference.6
	 - Status: SUCCESS
	 - Description: "dereference failure: invalid integer address"
	 - Location: ../../../../../../runner/.rustup/toolchains/nightly-2025-11-21-aarch64-apple-darwin/lib/rustlib/src/rust/library/core/src/ptr/mod.rs:805:1 in function std::ptr::drop_in_place::<std::result::Result<datum::Datum, std::boxed::Box<types_error::PgError>>>

Check 627: std::intrinsics::rotate_left::<u32>.division-by-zero.1
	 - Status: SUCCESS
	 - Description: "division by zero"
	 - Location: ../../../../../../runner/.rustup/toolchains/nightly-2025-11-21-aarch64-apple-darwin/lib/rustlib/src/rust/library/core/src/intrinsics/mod.rs:2022:41 in function std::intrinsics::rotate_left::<u32>

Check 628: std::ops::index_range::IndexRange::len.pointer_dereference.1
	 - Status: SUCCESS
	 - Description: "dereference failure: pointer NULL"
	 - Location: ../../../../../../runner/.rustup/toolchains/nightly-2025-11-21-aarch64-apple-darwin/lib/rustlib/src/rust/library/core/src/ops/index_range.rs:52:51 in function std::ops::index_range::IndexRange::len

Check 629: std::ops::index_range::IndexRange::len.pointer_dereference.2
	 - Status: SUCCESS
	 - Description: "dereference failure: pointer invalid"
	 - Location: ../../../../../../runner/.rustup/toolchains/nightly-2025-11-21-aarch64-apple-darwin/lib/rustlib/src/rust/library/core/src/ops/index_range.rs:52:51 in function std::ops::index_range::IndexRange::len

Check 630: std::ops::index_range::IndexRange::len.pointer_dereference.3
	 - Status: SUCCESS
	 - Description: "dereference failure: deallocated dynamic object"
	 - Location: ../../../../../../runner/.rustup/toolchains/nightly-2025-11-21-aarch64-apple-darwin/lib/rustlib/src/rust/library/core/src/ops/index_range.rs:52:51 in function std::ops::index_range::IndexRange::len

Check 631: std::ops::index_range::IndexRange::len.pointer_dereference.4
	 - Status: SUCCESS
	 - Description: "dereference failure: dead object"
	 - Location: ../../../../../../runner/.rustup/toolchains/nightly-2025-11-21-aarch64-apple-darwin/lib/rustlib/src/rust/library/core/src/ops/index_range.rs:52:51 in function std::ops::index_range::IndexRange::len

Check 632: std::ops::index_range::IndexRange::len.pointer_dereference.5
	 - Status: SUCCESS
	 - Description: "dereference failure: pointer outside object bounds"
	 - Location: ../../../../../../runner/.rustup/toolchains/nightly-2025-11-21-aarch64-apple-darwin/lib/rustlib/src/rust/library/core/src/ops/index_range.rs:52:51 in function std::ops::index_range::IndexRange::len

Check 633: std::ops::index_range::IndexRange::len.pointer_dereference.6
	 - Status: SUCCESS
	 - Description: "dereference failure: invalid integer address"
	 - Location: ../../../../../../runner/.rustup/toolchains/nightly-2025-11-21-aarch64-apple-darwin/lib/rustlib/src/rust/library/core/src/ops/index_range.rs:52:51 in function std::ops::index_range::IndexRange::len

Check 634: std::ops::index_range::IndexRange::len.pointer_dereference.7
	 - Status: SUCCESS
	 - Description: "dereference failure: pointer NULL"
	 - Location: ../../../../../../runner/.rustup/toolchains/nightly-2025-11-21-aarch64-apple-darwin/lib/rustlib/src/rust/library/core/src/ops/index_range.rs:52:61 in function std::ops::index_range::IndexRange::len

Check 635: std::ops::index_range::IndexRange::len.pointer_dereference.8
	 - Status: SUCCESS
	 - Description: "dereference failure: pointer invalid"
	 - Location: ../../../../../../runner/.rustup/toolchains/nightly-2025-11-21-aarch64-apple-darwin/lib/rustlib/src/rust/library/core/src/ops/index_range.rs:52:61 in function std::ops::index_range::IndexRange::len

Check 636: std::ops::index_range::IndexRange::len.pointer_dereference.9
	 - Status: SUCCESS
	 - Description: "dereference failure: deallocated dynamic object"
	 - Location: ../../../../../../runner/.rustup/toolchains/nightly-2025-11-21-aarch64-apple-darwin/lib/rustlib/src/rust/library/core/src/ops/index_range.rs:52:61 in function std::ops::index_range::IndexRange::len

Check 637: std::ops::index_range::IndexRange::len.pointer_dereference.10
	 - Status: SUCCESS
	 - Description: "dereference failure: dead object"
	 - Location: ../../../../../../runner/.rustup/toolchains/nightly-2025-11-21-aarch64-apple-darwin/lib/rustlib/src/rust/library/core/src/ops/index_range.rs:52:61 in function std::ops::index_range::IndexRange::len

Check 638: std::ops::index_range::IndexRange::len.pointer_dereference.11
	 - Status: SUCCESS
	 - Description: "dereference failure: pointer outside object bounds"
	 - Location: ../../../../../../runner/.rustup/toolchains/nightly-2025-11-21-aarch64-apple-darwin/lib/rustlib/src/rust/library/core/src/ops/index_range.rs:52:61 in function std::ops::index_range::IndexRange::len

Check 639: std::ops::index_range::IndexRange::len.pointer_dereference.12
	 - Status: SUCCESS
	 - Description: "dereference failure: invalid integer address"
	 - Location: ../../../../../../runner/.rustup/toolchains/nightly-2025-11-21-aarch64-apple-darwin/lib/rustlib/src/rust/library/core/src/ops/index_range.rs:52:61 in function std::ops::index_range::IndexRange::len

Check 640: alloc::raw_vec::RawVecInner::deallocate.pointer_dereference.1
	 - Status: SUCCESS
	 - Description: "dereference failure: dead object"
	 - Location: ../../../../../../runner/.rustup/toolchains/nightly-2025-11-21-aarch64-apple-darwin/lib/rustlib/src/rust/library/alloc/src/raw_vec/mod.rs:832:38 in function alloc::raw_vec::RawVecInner::deallocate

Check 641: <std::ops::index_range::IndexRange as std::clone::Clone>::clone.pointer_dereference.1
	 - Status: SUCCESS
	 - Description: "dereference failure: pointer NULL"
	 - Location: ../../../../../../runner/.rustup/toolchains/nightly-2025-11-21-aarch64-apple-darwin/lib/rustlib/src/rust/library/core/src/ops/index_range.rs:15:5 in function <std::ops::index_range::IndexRange as std::clone::Clone>::clone

Check 642: <std::ops::index_range::IndexRange as std::clone::Clone>::clone.pointer_dereference.2
	 - Status: SUCCESS
	 - Description: "dereference failure: pointer invalid"
	 - Location: ../../../../../../runner/.rustup/toolchains/nightly-2025-11-21-aarch64-apple-darwin/lib/rustlib/src/rust/library/core/src/ops/index_range.rs:15:5 in function <std::ops::index_range::IndexRange as std::clone::Clone>::clone

Check 643: <std::ops::index_range::IndexRange as std::clone::Clone>::clone.pointer_dereference.3
	 - Status: SUCCESS
	 - Description: "dereference failure: deallocated dynamic object"
	 - Location: ../../../../../../runner/.rustup/toolchains/nightly-2025-11-21-aarch64-apple-darwin/lib/rustlib/src/rust/library/core/src/ops/index_range.rs:15:5 in function <std::ops::index_range::IndexRange as std::clone::Clone>::clone

Check 644: <std::ops::index_range::IndexRange as std::clone::Clone>::clone.pointer_dereference.4
	 - Status: SUCCESS
	 - Description: "dereference failure: dead object"
	 - Location: ../../../../../../runner/.rustup/toolchains/nightly-2025-11-21-aarch64-apple-darwin/lib/rustlib/src/rust/library/core/src/ops/index_range.rs:15:5 in function <std::ops::index_range::IndexRange as std::clone::Clone>::clone

Check 645: <std::ops::index_range::IndexRange as std::clone::Clone>::clone.pointer_dereference.5
	 - Status: SUCCESS
	 - Description: "dereference failure: pointer outside object bounds"
	 - Location: ../../../../../../runner/.rustup/toolchains/nightly-2025-11-21-aarch64-apple-darwin/lib/rustlib/src/rust/library/core/src/ops/index_range.rs:15:5 in function <std::ops::index_range::IndexRange as std::clone::Clone>::clone

Check 646: <std::ops::index_range::IndexRange as std::clone::Clone>::clone.pointer_dereference.6
	 - Status: SUCCESS
	 - Description: "dereference failure: invalid integer address"
	 - Location: ../../../../../../runner/.rustup/toolchains/nightly-2025-11-21-aarch64-apple-darwin/lib/rustlib/src/rust/library/core/src/ops/index_range.rs:15:5 in function <std::ops::index_range::IndexRange as std::clone::Clone>::clone

Check 647: <std::ops::index_range::IndexRange as std::clone::Clone>::clone.pointer_dereference.7
	 - Status: SUCCESS
	 - Description: "dereference failure: pointer NULL"
	 - Location: ../../../../../../runner/.rustup/toolchains/nightly-2025-11-21-aarch64-apple-darwin/lib/rustlib/src/rust/library/core/src/ops/index_range.rs:16:5 in function <std::ops::index_range::IndexRange as std::clone::Clone>::clone

Check 648: <std::ops::index_range::IndexRange as std::clone::Clone>::clone.pointer_dereference.8
	 - Status: SUCCESS
	 - Description: "dereference failure: pointer invalid"
	 - Location: ../../../../../../runner/.rustup/toolchains/nightly-2025-11-21-aarch64-apple-darwin/lib/rustlib/src/rust/library/core/src/ops/index_range.rs:16:5 in function <std::ops::index_range::IndexRange as std::clone::Clone>::clone

Check 649: <std::ops::index_range::IndexRange as std::clone::Clone>::clone.pointer_dereference.9
	 - Status: SUCCESS
	 - Description: "dereference failure: deallocated dynamic object"
	 - Location: ../../../../../../runner/.rustup/toolchains/nightly-2025-11-21-aarch64-apple-darwin/lib/rustlib/src/rust/library/core/src/ops/index_range.rs:16:5 in function <std::ops::index_range::IndexRange as std::clone::Clone>::clone

Check 650: <std::ops::index_range::IndexRange as std::clone::Clone>::clone.pointer_dereference.10
	 - Status: SUCCESS
	 - Description: "dereference failure: dead object"
	 - Location: ../../../../../../runner/.rustup/toolchains/nightly-2025-11-21-aarch64-apple-darwin/lib/rustlib/src/rust/library/core/src/ops/index_range.rs:16:5 in function <std::ops::index_range::IndexRange as std::clone::Clone>::clone

Check 651: <std::ops::index_range::IndexRange as std::clone::Clone>::clone.pointer_dereference.11
	 - Status: SUCCESS
	 - Description: "dereference failure: pointer outside object bounds"
	 - Location: ../../../../../../runner/.rustup/toolchains/nightly-2025-11-21-aarch64-apple-darwin/lib/rustlib/src/rust/library/core/src/ops/index_range.rs:16:5 in function <std::ops::index_range::IndexRange as std::clone::Clone>::clone

Check 652: <std::ops::index_range::IndexRange as std::clone::Clone>::clone.pointer_dereference.12
	 - Status: SUCCESS
	 - Description: "dereference failure: invalid integer address"
	 - Location: ../../../../../../runner/.rustup/toolchains/nightly-2025-11-21-aarch64-apple-darwin/lib/rustlib/src/rust/library/core/src/ops/index_range.rs:16:5 in function <std::ops::index_range::IndexRange as std::clone::Clone>::clone

Check 653: <std::boxed::Box<types_error::PgError> as std::ops::Drop>::drop.pointer_dereference.1
	 - Status: SUCCESS
	 - Description: "dereference failure: pointer NULL"
	 - Location: ../../../../../../runner/.rustup/toolchains/nightly-2025-11-21-aarch64-apple-darwin/lib/rustlib/src/rust/library/alloc/src/boxed.rs:1761:19 in function <std::boxed::Box<types_error::PgError> as std::ops::Drop>::drop

Check 654: <std::boxed::Box<types_error::PgError> as std::ops::Drop>::drop.pointer_dereference.2
	 - Status: SUCCESS
	 - Description: "dereference failure: pointer invalid"
	 - Location: ../../../../../../runner/.rustup/toolchains/nightly-2025-11-21-aarch64-apple-darwin/lib/rustlib/src/rust/library/alloc/src/boxed.rs:1761:19 in function <std::boxed::Box<types_error::PgError> as std::ops::Drop>::drop

Check 655: <std::boxed::Box<types_error::PgError> as std::ops::Drop>::drop.pointer_dereference.3
	 - Status: SUCCESS
	 - Description: "dereference failure: deallocated dynamic object"
	 - Location: ../../../../../../runner/.rustup/toolchains/nightly-2025-11-21-aarch64-apple-darwin/lib/rustlib/src/rust/library/alloc/src/boxed.rs:1761:19 in function <std::boxed::Box<types_error::PgError> as std::ops::Drop>::drop

Check 656: <std::boxed::Box<types_error::PgError> as std::ops::Drop>::drop.pointer_dereference.4
	 - Status: SUCCESS
	 - Description: "dereference failure: dead object"
	 - Location: ../../../../../../runner/.rustup/toolchains/nightly-2025-11-21-aarch64-apple-darwin/lib/rustlib/src/rust/library/alloc/src/boxed.rs:1761:19 in function <std::boxed::Box<types_error::PgError> as std::ops::Drop>::drop

Check 657: <std::boxed::Box<types_error::PgError> as std::ops::Drop>::drop.pointer_dereference.5
	 - Status: SUCCESS
	 - Description: "dereference failure: pointer outside object bounds"
	 - Location: ../../../../../../runner/.rustup/toolchains/nightly-2025-11-21-aarch64-apple-darwin/lib/rustlib/src/rust/library/alloc/src/boxed.rs:1761:19 in function <std::boxed::Box<types_error::PgError> as std::ops::Drop>::drop

Check 658: <std::boxed::Box<types_error::PgError> as std::ops::Drop>::drop.pointer_dereference.6
	 - Status: SUCCESS
	 - Description: "dereference failure: invalid integer address"
	 - Location: ../../../../../../runner/.rustup/toolchains/nightly-2025-11-21-aarch64-apple-darwin/lib/rustlib/src/rust/library/alloc/src/boxed.rs:1761:19 in function <std::boxed::Box<types_error::PgError> as std::ops::Drop>::drop

Check 659: core::ub_checks::is_valid_allocation_size.division-by-zero.1
	 - Status: SUCCESS
	 - Description: "division by zero"
	 - Location: ../../../../../../runner/.rustup/toolchains/nightly-2025-11-21-aarch64-apple-darwin/lib/rustlib/src/rust/library/core/src/ub_checks.rs:149:54 in function core::ub_checks::is_valid_allocation_size

Check 660: std::result::Result::<&[u8; 4], std::array::TryFromSliceError>::copied.pointer_dereference.1
	 - Status: SUCCESS
	 - Description: "dereference failure: dead object"
	 - Location: ../../../../../../runner/.rustup/toolchains/nightly-2025-11-21-aarch64-apple-darwin/lib/rustlib/src/rust/library/core/src/result.rs:1717:15 in function std::result::Result::<&[u8; 4], std::array::TryFromSliceError>::copied

Check 661: std::result::Result::<&[u8; 4], std::array::TryFromSliceError>::copied.pointer_dereference.2
	 - Status: SUCCESS
	 - Description: "dereference failure: pointer NULL"
	 - Location: ../../../../../../runner/.rustup/toolchains/nightly-2025-11-21-aarch64-apple-darwin/lib/rustlib/src/rust/library/core/src/result.rs:1718:17 in function std::result::Result::<&[u8; 4], std::array::TryFromSliceError>::copied

Check 662: std::result::Result::<&[u8; 4], std::array::TryFromSliceError>::copied.pointer_dereference.3
	 - Status: SUCCESS
	 - Description: "dereference failure: pointer invalid"
	 - Location: ../../../../../../runner/.rustup/toolchains/nightly-2025-11-21-aarch64-apple-darwin/lib/rustlib/src/rust/library/core/src/result.rs:1718:17 in function std::result::Result::<&[u8; 4], std::array::TryFromSliceError>::copied

Check 663: std::result::Result::<&[u8; 4], std::array::TryFromSliceError>::copied.pointer_dereference.4
	 - Status: SUCCESS
	 - Description: "dereference failure: deallocated dynamic object"
	 - Location: ../../../../../../runner/.rustup/toolchains/nightly-2025-11-21-aarch64-apple-darwin/lib/rustlib/src/rust/library/core/src/result.rs:1718:17 in function std::result::Result::<&[u8; 4], std::array::TryFromSliceError>::copied

Check 664: std::result::Result::<&[u8; 4], std::array::TryFromSliceError>::copied.pointer_dereference.5
	 - Status: SUCCESS
	 - Description: "dereference failure: dead object"
	 - Location: ../../../../../../runner/.rustup/toolchains/nightly-2025-11-21-aarch64-apple-darwin/lib/rustlib/src/rust/library/core/src/result.rs:1718:17 in function std::result::Result::<&[u8; 4], std::array::TryFromSliceError>::copied

Check 665: std::result::Result::<&[u8; 4], std::array::TryFromSliceError>::copied.pointer_dereference.6
	 - Status: SUCCESS
	 - Description: "dereference failure: pointer outside object bounds"
	 - Location: ../../../../../../runner/.rustup/toolchains/nightly-2025-11-21-aarch64-apple-darwin/lib/rustlib/src/rust/library/core/src/result.rs:1718:17 in function std::result::Result::<&[u8; 4], std::array::TryFromSliceError>::copied

Check 666: std::result::Result::<&[u8; 4], std::array::TryFromSliceError>::copied.pointer_dereference.7
	 - Status: SUCCESS
	 - Description: "dereference failure: invalid integer address"
	 - Location: ../../../../../../runner/.rustup/toolchains/nightly-2025-11-21-aarch64-apple-darwin/lib/rustlib/src/rust/library/core/src/result.rs:1718:17 in function std::result::Result::<&[u8; 4], std::array::TryFromSliceError>::copied

Check 667: types_fmgr::FunctionCallInfoBaseData::arg.pointer_dereference.1
	 - Status: SUCCESS
	 - Description: "dereference failure: pointer NULL"
	 - Location: ../../crates/_support/types/fmgr/src/fcinfo.rs:443:9 in function types_fmgr::FunctionCallInfoBaseData::arg

Check 668: types_fmgr::FunctionCallInfoBaseData::arg.pointer_dereference.2
	 - Status: SUCCESS
	 - Description: "dereference failure: pointer invalid"
	 - Location: ../../crates/_support/types/fmgr/src/fcinfo.rs:443:9 in function types_fmgr::FunctionCallInfoBaseData::arg

Check 669: types_fmgr::FunctionCallInfoBaseData::arg.pointer_dereference.3
	 - Status: SUCCESS
	 - Description: "dereference failure: deallocated dynamic object"
	 - Location: ../../crates/_support/types/fmgr/src/fcinfo.rs:443:9 in function types_fmgr::FunctionCallInfoBaseData::arg

Check 670: types_fmgr::FunctionCallInfoBaseData::arg.pointer_dereference.4
	 - Status: SUCCESS
	 - Description: "dereference failure: dead object"
	 - Location: ../../crates/_support/types/fmgr/src/fcinfo.rs:443:9 in function types_fmgr::FunctionCallInfoBaseData::arg

Check 671: types_fmgr::FunctionCallInfoBaseData::arg.pointer_dereference.5
	 - Status: SUCCESS
	 - Description: "dereference failure: pointer outside object bounds"
	 - Location: ../../crates/_support/types/fmgr/src/fcinfo.rs:443:9 in function types_fmgr::FunctionCallInfoBaseData::arg

Check 672: types_fmgr::FunctionCallInfoBaseData::arg.pointer_dereference.6
	 - Status: SUCCESS
	 - Description: "dereference failure: invalid integer address"
	 - Location: ../../crates/_support/types/fmgr/src/fcinfo.rs:443:9 in function types_fmgr::FunctionCallInfoBaseData::arg

Check 673: types_fmgr::FunctionCallInfoBaseData::arg.array_bounds.1
	 - Status: SUCCESS
	 - Description: "index out of bounds: the length is less than or equal to the given index"
	 - Location: ../../crates/_support/types/fmgr/src/fcinfo.rs:443:9 in function types_fmgr::FunctionCallInfoBaseData::arg

Check 674: std::ops::index_range::IndexRange::next_unchecked.pointer_dereference.1
	 - Status: SUCCESS
	 - Description: "dereference failure: pointer NULL"
	 - Location: ../../../../../../runner/.rustup/toolchains/nightly-2025-11-21-aarch64-apple-darwin/lib/rustlib/src/rust/library/core/src/ops/index_range.rs:61:21 in function std::ops::index_range::IndexRange::next_unchecked

Check 675: std::ops::index_range::IndexRange::next_unchecked.pointer_dereference.2
	 - Status: SUCCESS
	 - Description: "dereference failure: pointer invalid"
	 - Location: ../../../../../../runner/.rustup/toolchains/nightly-2025-11-21-aarch64-apple-darwin/lib/rustlib/src/rust/library/core/src/ops/index_range.rs:61:21 in function std::ops::index_range::IndexRange::next_unchecked

Check 676: std::ops::index_range::IndexRange::next_unchecked.pointer_dereference.3
	 - Status: SUCCESS
	 - Description: "dereference failure: deallocated dynamic object"
	 - Location: ../../../../../../runner/.rustup/toolchains/nightly-2025-11-21-aarch64-apple-darwin/lib/rustlib/src/rust/library/core/src/ops/index_range.rs:61:21 in function std::ops::index_range::IndexRange::next_unchecked

Check 677: std::ops::index_range::IndexRange::next_unchecked.pointer_dereference.4
	 - Status: SUCCESS
	 - Description: "dereference failure: dead object"
	 - Location: ../../../../../../runner/.rustup/toolchains/nightly-2025-11-21-aarch64-apple-darwin/lib/rustlib/src/rust/library/core/src/ops/index_range.rs:61:21 in function std::ops::index_range::IndexRange::next_unchecked

Check 678: std::ops::index_range::IndexRange::next_unchecked.pointer_dereference.5
	 - Status: SUCCESS
	 - Description: "dereference failure: pointer outside object bounds"
	 - Location: ../../../../../../runner/.rustup/toolchains/nightly-2025-11-21-aarch64-apple-darwin/lib/rustlib/src/rust/library/core/src/ops/index_range.rs:61:21 in function std::ops::index_range::IndexRange::next_unchecked

Check 679: std::ops::index_range::IndexRange::next_unchecked.pointer_dereference.6
	 - Status: SUCCESS
	 - Description: "dereference failure: invalid integer address"
	 - Location: ../../../../../../runner/.rustup/toolchains/nightly-2025-11-21-aarch64-apple-darwin/lib/rustlib/src/rust/library/core/src/ops/index_range.rs:61:21 in function std::ops::index_range::IndexRange::next_unchecked

Check 680: std::ops::index_range::IndexRange::next_unchecked.pointer_dereference.7
	 - Status: SUCCESS
	 - Description: "dereference failure: pointer NULL"
	 - Location: ../../../../../../runner/.rustup/toolchains/nightly-2025-11-21-aarch64-apple-darwin/lib/rustlib/src/rust/library/core/src/ops/index_range.rs:63:9 in function std::ops::index_range::IndexRange::next_unchecked

Check 681: std::ops::index_range::IndexRange::next_unchecked.pointer_dereference.8
	 - Status: SUCCESS
	 - Description: "dereference failure: pointer invalid"
	 - Location: ../../../../../../runner/.rustup/toolchains/nightly-2025-11-21-aarch64-apple-darwin/lib/rustlib/src/rust/library/core/src/ops/index_range.rs:63:9 in function std::ops::index_range::IndexRange::next_unchecked

Check 682: std::ops::index_range::IndexRange::next_unchecked.pointer_dereference.9
	 - Status: SUCCESS
	 - Description: "dereference failure: deallocated dynamic object"
	 - Location: ../../../../../../runner/.rustup/toolchains/nightly-2025-11-21-aarch64-apple-darwin/lib/rustlib/src/rust/library/core/src/ops/index_range.rs:63:9 in function std::ops::index_range::IndexRange::next_unchecked

Check 683: std::ops::index_range::IndexRange::next_unchecked.pointer_dereference.10
	 - Status: SUCCESS
	 - Description: "dereference failure: dead object"
	 - Location: ../../../../../../runner/.rustup/toolchains/nightly-2025-11-21-aarch64-apple-darwin/lib/rustlib/src/rust/library/core/src/ops/index_range.rs:63:9 in function std::ops::index_range::IndexRange::next_unchecked

Check 684: std::ops::index_range::IndexRange::next_unchecked.pointer_dereference.11
	 - Status: SUCCESS
	 - Description: "dereference failure: pointer outside object bounds"
	 - Location: ../../../../../../runner/.rustup/toolchains/nightly-2025-11-21-aarch64-apple-darwin/lib/rustlib/src/rust/library/core/src/ops/index_range.rs:63:9 in function std::ops::index_range::IndexRange::next_unchecked

Check 685: std::ops::index_range::IndexRange::next_unchecked.pointer_dereference.12
	 - Status: SUCCESS
	 - Description: "dereference failure: invalid integer address"
	 - Location: ../../../../../../runner/.rustup/toolchains/nightly-2025-11-21-aarch64-apple-darwin/lib/rustlib/src/rust/library/core/src/ops/index_range.rs:63:9 in function std::ops::index_range::IndexRange::next_unchecked

Check 686: std::alloc::Layout::size.pointer_dereference.1
	 - Status: SUCCESS
	 - Description: "dereference failure: pointer NULL"
	 - Location: ../../../../../../runner/.rustup/toolchains/nightly-2025-11-21-aarch64-apple-darwin/lib/rustlib/src/rust/library/core/src/alloc/layout.rs:140:9 in function std::alloc::Layout::size

Check 687: std::alloc::Layout::size.pointer_dereference.2
	 - Status: SUCCESS
	 - Description: "dereference failure: pointer invalid"
	 - Location: ../../../../../../runner/.rustup/toolchains/nightly-2025-11-21-aarch64-apple-darwin/lib/rustlib/src/rust/library/core/src/alloc/layout.rs:140:9 in function std::alloc::Layout::size

Check 688: std::alloc::Layout::size.pointer_dereference.3
	 - Status: SUCCESS
	 - Description: "dereference failure: deallocated dynamic object"
	 - Location: ../../../../../../runner/.rustup/toolchains/nightly-2025-11-21-aarch64-apple-darwin/lib/rustlib/src/rust/library/core/src/alloc/layout.rs:140:9 in function std::alloc::Layout::size

Check 689: std::alloc::Layout::size.pointer_dereference.4
	 - Status: SUCCESS
	 - Description: "dereference failure: dead object"
	 - Location: ../../../../../../runner/.rustup/toolchains/nightly-2025-11-21-aarch64-apple-darwin/lib/rustlib/src/rust/library/core/src/alloc/layout.rs:140:9 in function std::alloc::Layout::size

Check 690: std::alloc::Layout::size.pointer_dereference.5
	 - Status: SUCCESS
	 - Description: "dereference failure: pointer outside object bounds"
	 - Location: ../../../../../../runner/.rustup/toolchains/nightly-2025-11-21-aarch64-apple-darwin/lib/rustlib/src/rust/library/core/src/alloc/layout.rs:140:9 in function std::alloc::Layout::size

Check 691: std::alloc::Layout::size.pointer_dereference.6
	 - Status: SUCCESS
	 - Description: "dereference failure: invalid integer address"
	 - Location: ../../../../../../runner/.rustup/toolchains/nightly-2025-11-21-aarch64-apple-darwin/lib/rustlib/src/rust/library/core/src/alloc/layout.rs:140:9 in function std::alloc::Layout::size

Check 692: core::slice::<impl [u8]>::as_array::<4>.pointer_dereference.1
	 - Status: SUCCESS
	 - Description: "dereference failure: dead object"
	 - Location: ../../../../../../runner/.rustup/toolchains/nightly-2025-11-21-aarch64-apple-darwin/lib/rustlib/src/rust/library/core/src/slice/mod.rs:857:13 in function core::slice::<impl [u8]>::as_array::<4>

Check 693: hashfn::bytes3.pointer_dereference.1
	 - Status: SUCCESS
	 - Description: "dereference failure: pointer NULL"
	 - Location: ../../crates/common/hashfn/src/lib.rs:66:24 in function hashfn::bytes3

Check 694: hashfn::bytes3.pointer_dereference.2
	 - Status: SUCCESS
	 - Description: "dereference failure: pointer invalid"
	 - Location: ../../crates/common/hashfn/src/lib.rs:66:24 in function hashfn::bytes3

Check 695: hashfn::bytes3.pointer_dereference.3
	 - Status: SUCCESS
	 - Description: "dereference failure: deallocated dynamic object"
	 - Location: ../../crates/common/hashfn/src/lib.rs:66:24 in function hashfn::bytes3

Check 696: hashfn::bytes3.pointer_dereference.4
	 - Status: SUCCESS
	 - Description: "dereference failure: dead object"
	 - Location: ../../crates/common/hashfn/src/lib.rs:66:24 in function hashfn::bytes3

Check 697: hashfn::bytes3.pointer_dereference.5
	 - Status: SUCCESS
	 - Description: "dereference failure: pointer outside object bounds"
	 - Location: ../../crates/common/hashfn/src/lib.rs:66:24 in function hashfn::bytes3

Check 698: hashfn::bytes3.pointer_dereference.6
	 - Status: SUCCESS
	 - Description: "dereference failure: invalid integer address"
	 - Location: ../../crates/common/hashfn/src/lib.rs:66:24 in function hashfn::bytes3

Check 699: hashfn::bytes3.pointer_dereference.7
	 - Status: SUCCESS
	 - Description: "dereference failure: pointer NULL"
	 - Location: ../../crates/common/hashfn/src/lib.rs:69:24 in function hashfn::bytes3

Check 700: hashfn::bytes3.pointer_dereference.8
	 - Status: SUCCESS
	 - Description: "dereference failure: pointer invalid"
	 - Location: ../../crates/common/hashfn/src/lib.rs:69:24 in function hashfn::bytes3

Check 701: hashfn::bytes3.pointer_dereference.9
	 - Status: SUCCESS
	 - Description: "dereference failure: deallocated dynamic object"
	 - Location: ../../crates/common/hashfn/src/lib.rs:69:24 in function hashfn::bytes3

Check 702: hashfn::bytes3.pointer_dereference.10
	 - Status: SUCCESS
	 - Description: "dereference failure: dead object"
	 - Location: ../../crates/common/hashfn/src/lib.rs:69:24 in function hashfn::bytes3

Check 703: hashfn::bytes3.pointer_dereference.11
	 - Status: SUCCESS
	 - Description: "dereference failure: pointer outside object bounds"
	 - Location: ../../crates/common/hashfn/src/lib.rs:69:24 in function hashfn::bytes3

Check 704: hashfn::bytes3.pointer_dereference.12
	 - Status: SUCCESS
	 - Description: "dereference failure: invalid integer address"
	 - Location: ../../crates/common/hashfn/src/lib.rs:69:24 in function hashfn::bytes3

Check 705: hashfn::bytes3.pointer_dereference.13
	 - Status: SUCCESS
	 - Description: "dereference failure: pointer NULL"
	 - Location: ../../crates/common/hashfn/src/lib.rs:72:24 in function hashfn::bytes3

Check 706: hashfn::bytes3.pointer_dereference.14
	 - Status: SUCCESS
	 - Description: "dereference failure: pointer invalid"
	 - Location: ../../crates/common/hashfn/src/lib.rs:72:24 in function hashfn::bytes3

Check 707: hashfn::bytes3.pointer_dereference.15
	 - Status: SUCCESS
	 - Description: "dereference failure: deallocated dynamic object"
	 - Location: ../../crates/common/hashfn/src/lib.rs:72:24 in function hashfn::bytes3

Check 708: hashfn::bytes3.pointer_dereference.16
	 - Status: SUCCESS
	 - Description: "dereference failure: dead object"
	 - Location: ../../crates/common/hashfn/src/lib.rs:72:24 in function hashfn::bytes3

Check 709: hashfn::bytes3.pointer_dereference.17
	 - Status: SUCCESS
	 - Description: "dereference failure: pointer outside object bounds"
	 - Location: ../../crates/common/hashfn/src/lib.rs:72:24 in function hashfn::bytes3

Check 710: hashfn::bytes3.pointer_dereference.18
	 - Status: SUCCESS
	 - Description: "dereference failure: invalid integer address"
	 - Location: ../../crates/common/hashfn/src/lib.rs:72:24 in function hashfn::bytes3

Check 711: std::ptr::NonNull::<datum::NullableDatum>::as_mut::<'_>.pointer_dereference.1
	 - Status: SUCCESS
	 - Description: "dereference failure: pointer NULL"
	 - Location: ../../../../../../runner/.rustup/toolchains/nightly-2025-11-21-aarch64-apple-darwin/lib/rustlib/src/rust/library/core/src/ptr/non_null.rs:482:24 in function std::ptr::NonNull::<datum::NullableDatum>::as_mut::<'_>

Check 712: std::ptr::NonNull::<datum::NullableDatum>::as_mut::<'_>.pointer_dereference.2
	 - Status: SUCCESS
	 - Description: "dereference failure: pointer invalid"
	 - Location: ../../../../../../runner/.rustup/toolchains/nightly-2025-11-21-aarch64-apple-darwin/lib/rustlib/src/rust/library/core/src/ptr/non_null.rs:482:24 in function std::ptr::NonNull::<datum::NullableDatum>::as_mut::<'_>

Check 713: std::ptr::NonNull::<datum::NullableDatum>::as_mut::<'_>.pointer_dereference.3
	 - Status: SUCCESS
	 - Description: "dereference failure: deallocated dynamic object"
	 - Location: ../../../../../../runner/.rustup/toolchains/nightly-2025-11-21-aarch64-apple-darwin/lib/rustlib/src/rust/library/core/src/ptr/non_null.rs:482:24 in function std::ptr::NonNull::<datum::NullableDatum>::as_mut::<'_>

Check 714: std::ptr::NonNull::<datum::NullableDatum>::as_mut::<'_>.pointer_dereference.4
	 - Status: SUCCESS
	 - Description: "dereference failure: dead object"
	 - Location: ../../../../../../runner/.rustup/toolchains/nightly-2025-11-21-aarch64-apple-darwin/lib/rustlib/src/rust/library/core/src/ptr/non_null.rs:482:24 in function std::ptr::NonNull::<datum::NullableDatum>::as_mut::<'_>

Check 715: std::ptr::NonNull::<datum::NullableDatum>::as_mut::<'_>.pointer_dereference.5
	 - Status: SUCCESS
	 - Description: "dereference failure: pointer outside object bounds"
	 - Location: ../../../../../../runner/.rustup/toolchains/nightly-2025-11-21-aarch64-apple-darwin/lib/rustlib/src/rust/library/core/src/ptr/non_null.rs:482:24 in function std::ptr::NonNull::<datum::NullableDatum>::as_mut::<'_>

Check 716: std::ptr::NonNull::<datum::NullableDatum>::as_mut::<'_>.pointer_dereference.6
	 - Status: SUCCESS
	 - Description: "dereference failure: invalid integer address"
	 - Location: ../../../../../../runner/.rustup/toolchains/nightly-2025-11-21-aarch64-apple-darwin/lib/rustlib/src/rust/library/core/src/ptr/non_null.rs:482:24 in function std::ptr::NonNull::<datum::NullableDatum>::as_mut::<'_>

Check 717: std::ptr::drop_in_place::<std::option::Option<std::vec::Vec<u8>>>.pointer_dereference.1
	 - Status: SUCCESS
	 - Description: "dereference failure: pointer NULL"
	 - Location: ../../../../../../runner/.rustup/toolchains/nightly-2025-11-21-aarch64-apple-darwin/lib/rustlib/src/rust/library/core/src/ptr/mod.rs:805:1 in function std::ptr::drop_in_place::<std::option::Option<std::vec::Vec<u8>>>

Check 718: std::ptr::drop_in_place::<std::option::Option<std::vec::Vec<u8>>>.pointer_dereference.2
	 - Status: SUCCESS
	 - Description: "dereference failure: pointer invalid"
	 - Location: ../../../../../../runner/.rustup/toolchains/nightly-2025-11-21-aarch64-apple-darwin/lib/rustlib/src/rust/library/core/src/ptr/mod.rs:805:1 in function std::ptr::drop_in_place::<std::option::Option<std::vec::Vec<u8>>>

Check 719: std::ptr::drop_in_place::<std::option::Option<std::vec::Vec<u8>>>.pointer_dereference.3
	 - Status: SUCCESS
	 - Description: "dereference failure: deallocated dynamic object"
	 - Location: ../../../../../../runner/.rustup/toolchains/nightly-2025-11-21-aarch64-apple-darwin/lib/rustlib/src/rust/library/core/src/ptr/mod.rs:805:1 in function std::ptr::drop_in_place::<std::option::Option<std::vec::Vec<u8>>>

Check 720: std::ptr::drop_in_place::<std::option::Option<std::vec::Vec<u8>>>.pointer_dereference.4
	 - Status: SUCCESS
	 - Description: "dereference failure: dead object"
	 - Location: ../../../../../../runner/.rustup/toolchains/nightly-2025-11-21-aarch64-apple-darwin/lib/rustlib/src/rust/library/core/src/ptr/mod.rs:805:1 in function std::ptr::drop_in_place::<std::option::Option<std::vec::Vec<u8>>>

Check 721: std::ptr::drop_in_place::<std::option::Option<std::vec::Vec<u8>>>.pointer_dereference.5
	 - Status: SUCCESS
	 - Description: "dereference failure: pointer outside object bounds"
	 - Location: ../../../../../../runner/.rustup/toolchains/nightly-2025-11-21-aarch64-apple-darwin/lib/rustlib/src/rust/library/core/src/ptr/mod.rs:805:1 in function std::ptr::drop_in_place::<std::option::Option<std::vec::Vec<u8>>>

Check 722: std::ptr::drop_in_place::<std::option::Option<std::vec::Vec<u8>>>.pointer_dereference.6
	 - Status: SUCCESS
	 - Description: "dereference failure: invalid integer address"
	 - Location: ../../../../../../runner/.rustup/toolchains/nightly-2025-11-21-aarch64-apple-darwin/lib/rustlib/src/rust/library/core/src/ptr/mod.rs:805:1 in function std::ptr::drop_in_place::<std::option::Option<std::vec::Vec<u8>>>

Check 723: std::ptr::drop_in_place::<std::option::Option<std::string::String>>.pointer_dereference.1
	 - Status: SUCCESS
	 - Description: "dereference failure: pointer NULL"
	 - Location: ../../../../../../runner/.rustup/toolchains/nightly-2025-11-21-aarch64-apple-darwin/lib/rustlib/src/rust/library/core/src/ptr/mod.rs:805:1 in function std::ptr::drop_in_place::<std::option::Option<std::string::String>>

Check 724: std::ptr::drop_in_place::<std::option::Option<std::string::String>>.pointer_dereference.2
	 - Status: SUCCESS
	 - Description: "dereference failure: pointer invalid"
	 - Location: ../../../../../../runner/.rustup/toolchains/nightly-2025-11-21-aarch64-apple-darwin/lib/rustlib/src/rust/library/core/src/ptr/mod.rs:805:1 in function std::ptr::drop_in_place::<std::option::Option<std::string::String>>

Check 725: std::ptr::drop_in_place::<std::option::Option<std::string::String>>.pointer_dereference.3
	 - Status: SUCCESS
	 - Description: "dereference failure: deallocated dynamic object"
	 - Location: ../../../../../../runner/.rustup/toolchains/nightly-2025-11-21-aarch64-apple-darwin/lib/rustlib/src/rust/library/core/src/ptr/mod.rs:805:1 in function std::ptr::drop_in_place::<std::option::Option<std::string::String>>

Check 726: std::ptr::drop_in_place::<std::option::Option<std::string::String>>.pointer_dereference.4
	 - Status: SUCCESS
	 - Description: "dereference failure: dead object"
	 - Location: ../../../../../../runner/.rustup/toolchains/nightly-2025-11-21-aarch64-apple-darwin/lib/rustlib/src/rust/library/core/src/ptr/mod.rs:805:1 in function std::ptr::drop_in_place::<std::option::Option<std::string::String>>

Check 727: std::ptr::drop_in_place::<std::option::Option<std::string::String>>.pointer_dereference.5
	 - Status: SUCCESS
	 - Description: "dereference failure: pointer outside object bounds"
	 - Location: ../../../../../../runner/.rustup/toolchains/nightly-2025-11-21-aarch64-apple-darwin/lib/rustlib/src/rust/library/core/src/ptr/mod.rs:805:1 in function std::ptr::drop_in_place::<std::option::Option<std::string::String>>

Check 728: std::ptr::drop_in_place::<std::option::Option<std::string::String>>.pointer_dereference.6
	 - Status: SUCCESS
	 - Description: "dereference failure: invalid integer address"
	 - Location: ../../../../../../runner/.rustup/toolchains/nightly-2025-11-21-aarch64-apple-darwin/lib/rustlib/src/rust/library/core/src/ptr/mod.rs:805:1 in function std::ptr::drop_in_place::<std::option::Option<std::string::String>>


SUMMARY:
 ** 0 of 728 failed (40 unreachable)

VERIFICATION:- SUCCESSFUL

Source-based code coverage results:

/Users/malisper/dev/pgrust-fast/.wt-covfix/crates/_support/types/datum/src/datum.rs (datum::Datum::as_u32)
 * 70:5 - 72:6 COVERED

/Users/malisper/dev/pgrust-fast/.wt-covfix/crates/_support/types/datum/src/datum.rs (datum::Datum::as_usize)
 * 36:5 - 38:6 COVERED

/Users/malisper/dev/pgrust-fast/.wt-covfix/crates/_support/types/datum/src/datum.rs (datum::Datum::from_u32)
 * 66:5 - 68:6 COVERED

/Users/malisper/dev/pgrust-fast/.wt-covfix/crates/_support/types/datum/src/datum.rs (datum::Datum::from_usize)
 * 32:5 - 34:6 COVERED

/Users/malisper/dev/pgrust-fast/.wt-covfix/crates/_support/types/datum/src/datum.rs (datum::Datum::null)
 * 28:5 - 30:6 COVERED

/Users/malisper/dev/pgrust-fast/.wt-covfix/crates/_support/types/datum/src/datum.rs (datum::NullableDatum::null)
 * 169:5 - 174:6 COVERED

/Users/malisper/dev/pgrust-fast/.wt-covfix/crates/_support/types/datum/src/datum.rs (datum::NullableDatum::value)
 * 162:5 - 167:6 COVERED

/Users/malisper/dev/pgrust-fast/.wt-covfix/crates/_support/types/fmgr/src/fcinfo.rs (types_fmgr::FunctionCallInfoBaseData::<[datum::NullableDatum; 1]>::new)
 * 226:5 - 236:6 COVERED

/Users/malisper/dev/pgrust-fast/.wt-covfix/crates/_support/types/fmgr/src/fcinfo.rs (types_fmgr::FunctionCallInfoBaseData::arg)
 * 442:5 - 444:6 COVERED

/Users/malisper/dev/pgrust-fast/.wt-covfix/crates/_support/types/fmgr/src/getarg.rs (types_fmgr::getarg::<impl types_fmgr::FunctionCallInfoBaseData>::arg_fixed)
 * 232:5 - 234:6 COVERED

/Users/malisper/dev/pgrust-fast/.wt-covfix/crates/_support/types/fmgr/src/getarg.rs (types_fmgr::getarg::<impl types_fmgr::FunctionCallInfoBaseData>::arg_ptr)
 * 180:5 - 182:6 COVERED

/Users/malisper/dev/pgrust-fast/.wt-covfix/crates/backend/utils/adt/scalar/src/builtins.rs (adt_scalar::builtins::fc_hashtid)
 * 404:1 - 409:2 COVERED

/Users/malisper/dev/pgrust-fast/.wt-covfix/crates/common/hashfn/src/lib.rs (hashfn::bytes3)
 * 63:1 - 65:25 UNCOVERED
 * 65:26 - 67:6 UNCOVERED
 * 67:5 - 67:6 UNCOVERED
 * 68:8 - 68:25 UNCOVERED
 * 68:26 - 70:6 UNCOVERED
 * 70:5 - 70:6 UNCOVERED
 * 71:8 - 71:21 UNCOVERED
 * 71:22 - 73:6 UNCOVERED
 * 73:5 - 73:6 UNCOVERED
 * 74:5 - 75:2 UNCOVERED

/Users/malisper/dev/pgrust-fast/.wt-covfix/crates/common/hashfn/src/lib.rs (hashfn::final_mix)
 * 39:1 - 55:2 COVERED

/Users/malisper/dev/pgrust-fast/.wt-covfix/crates/common/hashfn/src/lib.rs (hashfn::hash_bytes)
 * 146:1 - 149:2 COVERED

/Users/malisper/dev/pgrust-fast/.wt-covfix/crates/common/hashfn/src/lib.rs (hashfn::hash_core)
 * 80:1 - 83:20 COVERED
 * 84:12 - 84:24 UNCOVERED
 * 84:25 - 86:10 UNCOVERED
 * 86:16 - 88:10 UNCOVERED
 * 89:17 - 90:22 UNCOVERED
 * 91:5 - 91:6 COVERED
 * 92:11 - 92:24 COVERED
 * 92:25 - 98:6 UNCOVERED
 * 99:11 - 99:18 COVERED
 * 100:14 - 100:16 UNCOVERED
 * 101:14 - 101:49 UNCOVERED
 * 102:14 - 102:72 UNCOVERED
 * 104:13 - 104:95 UNCOVERED
 * 106:14 - 106:44 UNCOVERED
 * 107:14 - 110:10 UNCOVERED
 * 111:14 - 114:10 COVERED
 * 115:14 - 118:10 UNCOVERED
 * 119:14 - 122:10 UNCOVERED
 * 124:14 - 128:10 UNCOVERED
 * 129:15 - 133:10 UNCOVERED
 * 134:14 - 140:10 UNCOVERED
 * 142:13 - 143:11 COVERED
 * 144:1 - 144:2 COVERED

/Users/malisper/dev/pgrust-fast/.wt-covfix/crates/common/hashfn/src/lib.rs (hashfn::init)
 * 10:1 - 11:18 COVERED
 * 11:19 - 11:43 COVERED
 * 12:13 - 13:2 COVERED

/Users/malisper/dev/pgrust-fast/.wt-covfix/crates/common/hashfn/src/lib.rs (hashfn::mix)
 * 16:1 - 36:2 UNCOVERED

/Users/malisper/dev/pgrust-fast/.wt-covfix/crates/common/hashfn/src/lib.rs (hashfn::word)
 * 58:1 - 60:2 COVERED

/Users/malisper/dev/pgrust-fast/.wt-covfix/proofs/support/src/lib.rs (<*const u8 as proof_support::ProofArg>::to_datum)
 * 224:9 - 226:10 COVERED

/Users/malisper/dev/pgrust-fast/.wt-covfix/proofs/support/src/lib.rs (proof_support::call1_ok::<*const u8, std::boxed::Box<types_error::PgError>>)
 * 273:5 - 275:6 COVERED

/Users/malisper/dev/pgrust-fast/.wt-covfix/proofs/support/src/lib.rs (proof_support::call::<1, std::boxed::Box<types_error::PgError>>)
 * 253:5 - 256:6 COVERED

/Users/malisper/dev/pgrust-fast/.wt-covfix/proofs/support/src/lib.rs (proof_support::call_ok::<1, std::boxed::Box<types_error::PgError>>)
 * 261:5 - 262:29 COVERED
 * 263:16 - 266:6 COVERED
 * 264:23 - 264:29 UNCOVERED

/Users/malisper/dev/pgrust-fast/.wt-covfix/proofs/support/src/lib.rs (proof_support::fci::<1>)
 * 242:5 - 244:52 COVERED
 * 244:14 - 246:10 COVERED
 * 247:9 - 248:6 COVERED

src/lib.rs (wave5::eq_hashtid)
 * 812:5 - 818:6 COVERED

src/lib.rs (wave5::tid_img)
 * 806:5 - 809:6 COVERED

Verification Time: 2.6661422s

[info] Coverage results saved to /Users/malisper/dev/pgrust-fast/.wt-covfix/proofs/hash-rows/target/kani/aarch64-apple-darwin/kanicov_2026-07-30_23-49
Manual Harness Summary:
Complete - 1 successfully verified harnesses, 0 failures, 1 total.
