Kani Rust Verifier 0.67.0 (cargo plugin)
warning: variant `Malloc` is never constructed
  --> /Users/malisper/dev/pgrust-fast/.wt-covfix/crates/_support/mcx/src/lib.rs:64:5
   |
61 | enum Backend {
   |      ------- variant in this enum
...
64 |     Malloc,
   |     ^^^^^^
   |
   = note: `#[warn(dead_code)]` (part of `#[warn(unused)]`) on by default

warning: function `chunk_size` is never used
   --> /Users/malisper/dev/pgrust-fast/.wt-covfix/crates/_support/mcx/src/aset.rs:284:4
    |
284 | fn chunk_size(idx: usize) -> usize {
    |    ^^^^^^^^^^

warning: method `mem_allocated` is never used
   --> /Users/malisper/dev/pgrust-fast/.wt-covfix/crates/_support/mcx/src/aset.rs:340:19
    |
306 | impl AllocSet {
    | ------------- method in this implementation
...
340 |     pub(crate) fn mem_allocated(&self) -> usize {
    |                   ^^^^^^^^^^^^^

warning: variant `ROW_MARK_EXCLUSIVE` should have an upper camel case name
   --> /Users/malisper/dev/pgrust-fast/.wt-covfix/crates/_support/types/nodes/src/plannodes.rs:897:5
    |
897 |     ROW_MARK_EXCLUSIVE = 0,
    |     ^^^^^^^^^^^^^^^^^^ help: convert the identifier to upper camel case: `RowMarkExclusive`
    |
    = note: `#[warn(non_camel_case_types)]` (part of `#[warn(nonstandard_style)]`) on by default

warning: variant `ROW_MARK_NOKEYEXCLUSIVE` should have an upper camel case name
   --> /Users/malisper/dev/pgrust-fast/.wt-covfix/crates/_support/types/nodes/src/plannodes.rs:898:5
    |
898 |     ROW_MARK_NOKEYEXCLUSIVE = 1,
    |     ^^^^^^^^^^^^^^^^^^^^^^^ help: convert the identifier to upper camel case: `RowMarkNokeyexclusive`

warning: variant `ROW_MARK_SHARE` should have an upper camel case name
   --> /Users/malisper/dev/pgrust-fast/.wt-covfix/crates/_support/types/nodes/src/plannodes.rs:899:5
    |
899 |     ROW_MARK_SHARE = 2,
    |     ^^^^^^^^^^^^^^ help: convert the identifier to upper camel case: `RowMarkShare`

warning: variant `ROW_MARK_KEYSHARE` should have an upper camel case name
   --> /Users/malisper/dev/pgrust-fast/.wt-covfix/crates/_support/types/nodes/src/plannodes.rs:900:5
    |
900 |     ROW_MARK_KEYSHARE = 3,
    |     ^^^^^^^^^^^^^^^^^ help: convert the identifier to upper camel case: `RowMarkKeyshare`

warning: variant `ROW_MARK_REFERENCE` should have an upper camel case name
   --> /Users/malisper/dev/pgrust-fast/.wt-covfix/crates/_support/types/nodes/src/plannodes.rs:901:5
    |
901 |     ROW_MARK_REFERENCE = 4,
    |     ^^^^^^^^^^^^^^^^^^ help: convert the identifier to upper camel case: `RowMarkReference`

warning: variant `ROW_MARK_COPY` should have an upper camel case name
   --> /Users/malisper/dev/pgrust-fast/.wt-covfix/crates/_support/types/nodes/src/plannodes.rs:902:5
    |
902 |     ROW_MARK_COPY = 5,
    |     ^^^^^^^^^^^^^ help: convert the identifier to upper camel case: `RowMarkCopy`

warning: unused imports: `LOG_DESTINATION_CSVLOG` and `LOG_DESTINATION_JSONLOG`
  --> /Users/malisper/dev/pgrust-fast/.wt-covfix/crates/backend/utils/error/elog/src/config.rs:10:61
   |
10 |     ErrorLevel, PGErrorVerbosity, PgError, PgResult, ERROR, LOG_DESTINATION_CSVLOG,
   |                                                             ^^^^^^^^^^^^^^^^^^^^^^
11 |     LOG_DESTINATION_JSONLOG, LOG_DESTINATION_STDERR, LOG_DESTINATION_SYSLOG, NOTICE, WARNING,
   |     ^^^^^^^^^^^^^^^^^^^^^^^
   |
   = note: `#[warn(unused_imports)]` (part of `#[warn(unused)]`) on by default

warning: unused import: `OptNodeList`
  --> /Users/malisper/dev/pgrust-fast/.wt-covfix/crates/backend/nodes/readfuncs/src/lib.rs:12:53
   |
12 | use types_nodes::list::{IntList, NodeList, OidList, OptNodeList};
   |                                                     ^^^^^^^^^^^
   |
   = note: `#[warn(unused_imports)]` (part of `#[warn(unused)]`) on by default

warning: unused import: `CoerceViaIO`
  --> /Users/malisper/dev/pgrust-fast/.wt-covfix/crates/backend/nodes/readfuncs/src/lib.rs:22:19
   |
22 |     CoalesceExpr, CoerceViaIO, CoercionForm, Const, FieldSelect, FieldStore, FromExpr, FuncExpr,
   |                   ^^^^^^^^^^^

warning: unreachable pattern
   --> /Users/malisper/dev/pgrust-fast/.wt-covfix/crates/backend/nodes/outfuncs/src/lib.rs:522:9
    |
124 |         NodeTag::T_CaseExpr => {
    |         ------------------- matches all the relevant values
...
522 |         NodeTag::T_CaseExpr => {
    |         ^^^^^^^^^^^^^^^^^^^ no value can reach this
    |
    = note: `#[warn(unreachable_patterns)]` (part of `#[warn(unused)]`) on by default

warning: unreachable pattern
   --> /Users/malisper/dev/pgrust-fast/.wt-covfix/crates/backend/nodes/outfuncs/src/lib.rs:532:9
    |
134 |         NodeTag::T_CaseWhen => {
    |         ------------------- matches all the relevant values
...
532 |         NodeTag::T_CaseWhen => {
    |         ^^^^^^^^^^^^^^^^^^^ no value can reach this

warning: unreachable pattern
   --> /Users/malisper/dev/pgrust-fast/.wt-covfix/crates/backend/nodes/outfuncs/src/lib.rs:587:9
    |
150 |         NodeTag::T_WindowFunc => {
    |         --------------------- matches all the relevant values
...
587 |         NodeTag::T_WindowFunc => {
    |         ^^^^^^^^^^^^^^^^^^^^^ no value can reach this

warning: unreachable pattern
   --> /Users/malisper/dev/pgrust-fast/.wt-covfix/crates/backend/nodes/outfuncs/src/lib.rs:606:9
    |
194 |         NodeTag::T_SetOperationStmt => {
    |         --------------------------- matches all the relevant values
...
606 |         NodeTag::T_SetOperationStmt => {
    |         ^^^^^^^^^^^^^^^^^^^^^^^^^^^ no value can reach this

warning: unreachable pattern
   --> /Users/malisper/dev/pgrust-fast/.wt-covfix/crates/backend/nodes/outfuncs/src/lib.rs:727:9
    |
479 |         NodeTag::T_NotifyStmt => out_notify_stmt(
    |         --------------------- matches all the relevant values
...
727 |         NodeTag::T_NotifyStmt => {
    |         ^^^^^^^^^^^^^^^^^^^^^ no value can reach this

warning: variable does not need to be mutable
   --> /Users/malisper/dev/pgrust-fast/.wt-covfix/crates/_support/types/pathnodes/src/run.rs:381:13
    |
381 |         let mut add = |outer: &mut crate::Relids<'mcx>, id: i32| {
    |             ----^^^
    |             |
    |             help: remove this `mut`
    |
    = note: `#[warn(unused_mut)]` (part of `#[warn(unused)]`) on by default

warning: variable does not need to be mutable
   --> /Users/malisper/dev/pgrust-fast/.wt-covfix/crates/_support/types/pathnodes/src/run.rs:414:17
    |
414 |             let mut add = |outer: &mut crate::Relids<'mcx>, id: i32| {
    |                 ----^^^
    |                 |
    |                 help: remove this `mut`

warning: unused import: `SetFunctionReturnMode`
 --> /Users/malisper/dev/pgrust-fast/.wt-covfix/crates/backend/utils/fmgr/funcapi_srf/src/lib.rs:4:62
  |
4 | use fmgr::{ExprDoneCond, FmgrInfo, FunctionCallInfoBaseData, SetFunctionReturnMode};
  |                                                              ^^^^^^^^^^^^^^^^^^^^^
  |
  = note: `#[warn(unused_imports)]` (part of `#[warn(unused)]`) on by default

warning: function `init_MultiFuncCall` should have a snake case name
  --> /Users/malisper/dev/pgrust-fast/.wt-covfix/crates/backend/utils/fmgr/funcapi_srf/src/lib.rs:44:8
   |
44 | pub fn init_MultiFuncCall<'a>(
   |        ^^^^^^^^^^^^^^^^^^ help: convert the identifier to snake case: `init_multi_func_call`
   |
   = note: `#[warn(non_snake_case)]` (part of `#[warn(nonstandard_style)]`) on by default

warning: function `per_MultiFuncCall` should have a snake case name
  --> /Users/malisper/dev/pgrust-fast/.wt-covfix/crates/backend/utils/fmgr/funcapi_srf/src/lib.rs:64:8
   |
64 | pub fn per_MultiFuncCall(flinfo: &mut FmgrInfo) -> &mut FuncCallContext {
   |        ^^^^^^^^^^^^^^^^^ help: convert the identifier to snake case: `per_multi_func_call`

warning: function `end_MultiFuncCall` should have a snake case name
  --> /Users/malisper/dev/pgrust-fast/.wt-covfix/crates/backend/utils/fmgr/funcapi_srf/src/lib.rs:70:8
   |
70 | pub fn end_MultiFuncCall(flinfo: &mut FmgrInfo) {
   |        ^^^^^^^^^^^^^^^^^ help: convert the identifier to snake case: `end_multi_func_call`

warning: type `spgChooseIn` should have an upper camel case name
  --> /Users/malisper/dev/pgrust-fast/.wt-covfix/crates/_support/types/types_spgist/src/state.rs:92:12
   |
92 | pub struct spgChooseIn {
   |            ^^^^^^^^^^^ help: convert the identifier to upper camel case (notice the capitalization): `SpgChooseIn`
   |
   = note: `#[warn(non_camel_case_types)]` (part of `#[warn(nonstandard_style)]`) on by default

warning: type `spgChooseOut` should have an upper camel case name
   --> /Users/malisper/dev/pgrust-fast/.wt-covfix/crates/_support/types/types_spgist/src/state.rs:104:10
    |
104 | pub enum spgChooseOut {
    |          ^^^^^^^^^^^^ help: convert the identifier to upper camel case (notice the capitalization): `SpgChooseOut`

warning: type `spgPickSplitIn` should have an upper camel case name
   --> /Users/malisper/dev/pgrust-fast/.wt-covfix/crates/_support/types/types_spgist/src/state.rs:127:12
    |
127 | pub struct spgPickSplitIn {
    |            ^^^^^^^^^^^^^^ help: convert the identifier to upper camel case (notice the capitalization): `SpgPickSplitIn`

warning: type `spgPickSplitOut` should have an upper camel case name
   --> /Users/malisper/dev/pgrust-fast/.wt-covfix/crates/_support/types/types_spgist/src/state.rs:134:12
    |
134 | pub struct spgPickSplitOut {
    |            ^^^^^^^^^^^^^^^ help: convert the identifier to upper camel case (notice the capitalization): `SpgPickSplitOut`

warning: type `spgInnerConsistentIn` should have an upper camel case name
   --> /Users/malisper/dev/pgrust-fast/.wt-covfix/crates/_support/types/types_spgist/src/state.rs:157:12
    |
157 | pub struct spgInnerConsistentIn<'a> {
    |            ^^^^^^^^^^^^^^^^^^^^ help: convert the identifier to upper camel case (notice the capitalization): `SpgInnerConsistentIn`

warning: type `spgInnerConsistentOut` should have an upper camel case name
   --> /Users/malisper/dev/pgrust-fast/.wt-covfix/crates/_support/types/types_spgist/src/state.rs:175:12
    |
175 | pub struct spgInnerConsistentOut {
    |            ^^^^^^^^^^^^^^^^^^^^^ help: convert the identifier to upper camel case (notice the capitalization): `SpgInnerConsistentOut`

warning: type `spgLeafConsistentIn` should have an upper camel case name
   --> /Users/malisper/dev/pgrust-fast/.wt-covfix/crates/_support/types/types_spgist/src/state.rs:199:12
    |
199 | pub struct spgLeafConsistentIn {
    |            ^^^^^^^^^^^^^^^^^^^ help: convert the identifier to upper camel case (notice the capitalization): `SpgLeafConsistentIn`

warning: type `spgLeafConsistentOut` should have an upper camel case name
   --> /Users/malisper/dev/pgrust-fast/.wt-covfix/crates/_support/types/types_spgist/src/state.rs:212:12
    |
212 | pub struct spgLeafConsistentOut {
    |            ^^^^^^^^^^^^^^^^^^^^ help: convert the identifier to upper camel case (notice the capitalization): `SpgLeafConsistentOut`

warning: type `spgxlogState` should have an upper camel case name
  --> /Users/malisper/dev/pgrust-fast/.wt-covfix/crates/_support/types/types_spgist/src/xlog.rs:15:12
   |
15 | pub struct spgxlogState {
   |            ^^^^^^^^^^^^ help: convert the identifier to upper camel case (notice the capitalization): `SpgxlogState`

warning: type `spgxlogAddLeaf` should have an upper camel case name
  --> /Users/malisper/dev/pgrust-fast/.wt-covfix/crates/_support/types/types_spgist/src/xlog.rs:40:12
   |
40 | pub struct spgxlogAddLeaf {
   |            ^^^^^^^^^^^^^^ help: convert the identifier to upper camel case (notice the capitalization): `SpgxlogAddLeaf`

warning: type `spgxlogMoveLeafs` should have an upper camel case name
  --> /Users/malisper/dev/pgrust-fast/.wt-covfix/crates/_support/types/types_spgist/src/xlog.rs:76:12
   |
76 | pub struct spgxlogMoveLeafs {
   |            ^^^^^^^^^^^^^^^^ help: convert the identifier to upper camel case (notice the capitalization): `SpgxlogMoveLeafs`

warning: type `spgxlogAddNode` should have an upper camel case name
   --> /Users/malisper/dev/pgrust-fast/.wt-covfix/crates/_support/types/types_spgist/src/xlog.rs:115:12
    |
115 | pub struct spgxlogAddNode {
    |            ^^^^^^^^^^^^^^ help: convert the identifier to upper camel case (notice the capitalization): `SpgxlogAddNode`

warning: type `spgxlogSplitTuple` should have an upper camel case name
   --> /Users/malisper/dev/pgrust-fast/.wt-covfix/crates/_support/types/types_spgist/src/xlog.rs:154:12
    |
154 | pub struct spgxlogSplitTuple {
    |            ^^^^^^^^^^^^^^^^^ help: convert the identifier to upper camel case (notice the capitalization): `SpgxlogSplitTuple`

warning: type `spgxlogPickSplit` should have an upper camel case name
   --> /Users/malisper/dev/pgrust-fast/.wt-covfix/crates/_support/types/types_spgist/src/xlog.rs:184:12
    |
184 | pub struct spgxlogPickSplit {
    |            ^^^^^^^^^^^^^^^^ help: convert the identifier to upper camel case (notice the capitalization): `SpgxlogPickSplit`

warning: type `spgxlogVacuumLeaf` should have an upper camel case name
   --> /Users/malisper/dev/pgrust-fast/.wt-covfix/crates/_support/types/types_spgist/src/xlog.rs:238:12
    |
238 | pub struct spgxlogVacuumLeaf {
    |            ^^^^^^^^^^^^^^^^^ help: convert the identifier to upper camel case (notice the capitalization): `SpgxlogVacuumLeaf`

warning: type `spgxlogVacuumRoot` should have an upper camel case name
   --> /Users/malisper/dev/pgrust-fast/.wt-covfix/crates/_support/types/types_spgist/src/xlog.rs:271:12
    |
271 | pub struct spgxlogVacuumRoot {
    |            ^^^^^^^^^^^^^^^^^ help: convert the identifier to upper camel case (notice the capitalization): `SpgxlogVacuumRoot`

warning: type `spgxlogVacuumRedirect` should have an upper camel case name
   --> /Users/malisper/dev/pgrust-fast/.wt-covfix/crates/_support/types/types_spgist/src/xlog.rs:295:12
    |
295 | pub struct spgxlogVacuumRedirect {
    |            ^^^^^^^^^^^^^^^^^^^^^ help: convert the identifier to upper camel case (notice the capitalization): `SpgxlogVacuumRedirect`

warning: type `spgConfigIn` should have an upper camel case name
   --> /Users/malisper/dev/pgrust-fast/.wt-covfix/crates/_support/types/types_spgist/src/lib.rs:237:12
    |
237 | pub struct spgConfigIn {
    |            ^^^^^^^^^^^ help: convert the identifier to upper camel case (notice the capitalization): `SpgConfigIn`

warning: type `spgConfigOut` should have an upper camel case name
   --> /Users/malisper/dev/pgrust-fast/.wt-covfix/crates/_support/types/types_spgist/src/lib.rs:242:12
    |
242 | pub struct spgConfigOut {
    |            ^^^^^^^^^^^^ help: convert the identifier to upper camel case (notice the capitalization): `SpgConfigOut`

warning: unreachable pattern
  --> /Users/malisper/dev/pgrust-fast/.wt-covfix/crates/backend/nodes/nodes_core/src/node_funcs.rs:47:9
   |
30 |         NodeTag::T_CollateExpr => expr_type(node.as_collate_expr().unwrap().arg),
   |         ---------------------- matches all the relevant values
...
47 |         NodeTag::T_CollateExpr => expr_type(node.as_collate_expr().unwrap().arg),
   |         ^^^^^^^^^^^^^^^^^^^^^^ no value can reach this
   |
   = note: `#[warn(unreachable_patterns)]` (part of `#[warn(unused)]`) on by default

warning: unreachable pattern
   --> /Users/malisper/dev/pgrust-fast/.wt-covfix/crates/backend/nodes/nodes_core/src/node_funcs.rs:194:9
    |
163 |         NodeTag::T_CollateExpr => expr_typmod(node.as_collate_expr().unwrap().arg),
    |         ---------------------- matches all the relevant values
...
194 |         NodeTag::T_CollateExpr => expr_typmod(node.as_collate_expr().unwrap().arg),
    |         ^^^^^^^^^^^^^^^^^^^^^^ no value can reach this

warning: unreachable pattern
   --> /Users/malisper/dev/pgrust-fast/.wt-covfix/crates/backend/nodes/nodes_core/src/node_funcs.rs:296:9
    |
279 |         NodeTag::T_CollateExpr => node.as_collate_expr().unwrap().collOid,
    |         ---------------------- matches all the relevant values
...
296 |         NodeTag::T_CollateExpr => node.as_collate_expr().unwrap().collOid,
    |         ^^^^^^^^^^^^^^^^^^^^^^ no value can reach this

warning: unreachable pattern
   --> /Users/malisper/dev/pgrust-fast/.wt-covfix/crates/backend/nodes/nodes_core/src/node_funcs.rs:476:9
    |
424 |         NodeTag::T_CollateExpr => expr_location(node.as_collate_expr().unwrap().arg),
    |         ---------------------- matches all the relevant values
...
476 |         NodeTag::T_CollateExpr => expr_location(node.as_collate_expr().unwrap().arg),
    |         ^^^^^^^^^^^^^^^^^^^^^^ no value can reach this

warning: unused import: `MemoryContext`
  --> /Users/malisper/dev/pgrust-fast/.wt-covfix/crates/backend/utils/cache/typcache/src/lib.rs:19:16
   |
19 | use mcx::{Mcx, MemoryContext, PgHashMap, PgVec};
   |                ^^^^^^^^^^^^^
   |
   = note: `#[warn(unused_imports)]` (part of `#[warn(unused)]`) on by default

warning: value assigned to `addedafter` is never read
   --> /Users/malisper/dev/pgrust-fast/.wt-covfix/crates/backend/utils/adt/arrayfuncs/src/element.rs:545:26
    |
545 |     let mut addedafter = 0i32;
    |                          ^^^^
    |
    = help: maybe it is overwritten before being read?
    = note: `#[warn(unused_assignments)]` (part of `#[warn(unused)]`) on by default

warning: unnecessary `unsafe` block
   --> /Users/malisper/dev/pgrust-fast/.wt-covfix/crates/backend/utils/adt/arrayfuncs/src/expanded.rs:144:55
    |
141 |     unsafe {
    |     ------ because it's nested under this `unsafe` block
...
144 |         parentcontext.register_reset_callback(move || unsafe { drop(Box::from_raw(p)) });
    |                                                       ^^^^^^ unnecessary `unsafe` block
    |
    = note: `#[warn(unused_unsafe)]` (part of `#[warn(unused)]`) on by default

warning: unnecessary `unsafe` block
   --> /Users/malisper/dev/pgrust-fast/.wt-covfix/crates/backend/utils/adt/arrayfuncs/src/expanded.rs:252:15
    |
252 |         cur + unsafe { varsize_any(value.as_usize() as *const u8) }
    |               ^^^^^^ unnecessary `unsafe` block

warning: unnecessary `unsafe` block
   --> /Users/malisper/dev/pgrust-fast/.wt-covfix/crates/backend/utils/adt/arrayfuncs/src/io.rs:557:15
    |
557 |         -1 => unsafe { varsize_any(p) },
    |               ^^^^^^ unnecessary `unsafe` block

warning: constant `HASH_RECORD_OID` is never used
   --> /Users/malisper/dev/pgrust-fast/.wt-covfix/crates/backend/utils/adt/arrayfuncs/src/builtins.rs:522:7
    |
522 | const HASH_RECORD_OID: Oid = 6192;
    |       ^^^^^^^^^^^^^^^
    |
    = note: `#[warn(dead_code)]` (part of `#[warn(unused)]`) on by default

warning: constant `HASH_RECORD_EXTENDED_OID` is never used
   --> /Users/malisper/dev/pgrust-fast/.wt-covfix/crates/backend/utils/adt/arrayfuncs/src/builtins.rs:523:7
    |
523 | const HASH_RECORD_EXTENDED_OID: Oid = 6193;
    |       ^^^^^^^^^^^^^^^^^^^^^^^^

warning: field `0` is never read
  --> /Users/malisper/dev/pgrust-fast/.wt-covfix/crates/backend/utils/adt/numeric/src/sortsupport.rs:21:17
   |
21 | struct AlignBuf([u8; 128]);
   |        -------- ^^^^^^^^^
   |        |
   |        field in this struct
   |
   = help: consider removing this field
   = note: `#[warn(dead_code)]` (part of `#[warn(unused)]`) on by default

warning: unused import: `core::cmp::Ordering`
  --> /Users/malisper/dev/pgrust-fast/.wt-covfix/crates/backend/utils/adt/varlena/src/lib.rs:23:5
   |
23 | use core::cmp::Ordering;
   |     ^^^^^^^^^^^^^^^^^^^
   |
   = note: `#[warn(unused_imports)]` (part of `#[warn(unused)]`) on by default

warning: Found the following unsupported constructs:
             - caller_location (1)
             - foreign function (1)
         
         Verification will fail if one or more of these constructs is reachable.
         See https://model-checking.github.io/kani/rust-feature-support.html for more details.

    Finished `dev` profile [unoptimized + debuginfo] target(s) in 0.09s
Checking harness proofs::eq_i8tof...
CBMC 6.8.0 (cbmc-6.8.0)
CBMC version 6.8.0 (cbmc-6.8.0) 64-bit arm64 macos
Reading GOTO program from file /Users/malisper/dev/pgrust-fast/.wt-covfix/proofs/casts/target/kani/aarch64-apple-darwin/debug/deps/proof_casts-e2429e3c6c0384e8__RNvNtCs8MXHASSxzPh_11proof_casts6proofs8eq_i8tof.out
Generating GOTO Program
Adding CPROVER library (arm64)
Removal of function pointers and virtual functions
Generic Property Instrumentation
Running with 16 object bits, 48 offset bits (user-specified)
Starting Bounded Model Checking
Unwinding loop _RINvNtCslAoKX0kwzBk_13proof_support6fcinfo3fciKj1_ECs8MXHASSxzPh_11proof_casts.0 iteration 1 file /Users/malisper/dev/pgrust-fast/.wt-covfix/proofs/support/src/lib.rs line 244 column 9 function proof_support::fci::<1> thread 0
Runtime Symex: 0.0683145s
size of program expression: 4529 steps
slicing removed 2789 assignments
Generated 178 VCC(s), 30 remaining after simplification
Runtime Postprocess Equation: 0.000606542s
Passing problem to propositional reduction
converting SSA
Runtime Convert SSA: 0.00350688s
Running propositional reduction
Post-processing
Runtime Post-process: 4.458e-06s
Solving with External SAT solver
Writing temporary CNF
Invoking SAT solver
Solver returned code: 10
result:SATISFIABLE
Runtime Solver: 0.0156335s
Runtime decision procedure: 0.019254s
Running propositional reduction
Solving with External SAT solver
Writing temporary CNF
Invoking SAT solver
Solver returned code: 20
result:UNSATISFIABLE
Runtime Solver: 0.0161682s
Runtime decision procedure: 0.0162058s

RESULTS:
Check 1: types_fmgr::fcinfo::arity_panic.assertion.1
	 - Status: SUCCESS
	 - Description: "This is a placeholder message; Kani doesn't support message formatted at runtime"
	 - Location: ../../crates/_support/types/fmgr/src/fcinfo.rs:503:5 in function types_fmgr::fcinfo::arity_panic

Check 2: __rust_dealloc.assertion.1
	 - Status: SUCCESS
	 - Description: "Alignment is power of two"
	 - Location: ../../../../../.kani/kani-0.67.0/library/kani/kani_lib.c:83 in function __rust_dealloc

Check 3: __rust_dealloc.assertion.2
	 - Status: SUCCESS
	 - Description: "rust_dealloc must be called on an object whose allocated size matches its layout"
	 - Location: ../../../../../.kani/kani-0.67.0/library/kani/kani_lib.c:85 in function __rust_dealloc

Check 4: <usize as kani::rustc_intrinsics::ToISize>::to_isize.unreachable.1
	 - Status: SUCCESS
	 - Description: "unreachable code"
	 - Location: ../../../../../../runner/work/kani/kani/library/kani_core/src/models.rs:176:17 in function <usize as kani::rustc_intrinsics::ToISize>::to_isize

Check 5: <usize as kani::rustc_intrinsics::ToISize>::to_isize.safety_check.1
	 - Status: SUCCESS
	 - Description: "Offset value overflows isize"
	 - Location: ../../../../../../runner/work/kani/kani/library/kani/src/lib.rs:57:1 in function <usize as kani::rustc_intrinsics::ToISize>::to_isize

Check 6: <usize as kani::rustc_intrinsics::ToISize>::to_isize.assertion.1
	 - Status: SUCCESS
	 - Description: "internal error: entered unreachable code"
	 - Location: ../../../../../../runner/work/kani/kani/library/kani/src/lib.rs:57:1 in function <usize as kani::rustc_intrinsics::ToISize>::to_isize

Check 7: std::option::Option::<usize>::map::<datum::Datum, {closure@std::array::iter::iter_inner::PolymorphicIter<[std::mem::MaybeUninit<datum::Datum>]>::next::{closure#0}}>.unreachable.1
	 - Status: SUCCESS
	 - Description: "unreachable code"
	 - Location: ../../../../../../runner/.rustup/toolchains/nightly-2025-11-21-aarch64-apple-darwin/lib/rustlib/src/rust/library/core/src/option.rs:1164:15 in function std::option::Option::<usize>::map::<datum::Datum, {closure@std::array::iter::iter_inner::PolymorphicIter<[std::mem::MaybeUninit<datum::Datum>]>::next::{closure#0}}>

Check 8: core::panicking::panic_nounwind_fmt::runtime.unsupported_construct.1
	 - Status: SUCCESS
	 - Description: "call to foreign "Rust" function `_RNvCs1hStedNDpZ2_7___rustc17rust_begin_unwind` is not currently supported by Kani. Please post your example at https://github.com/model-checking/kani/issues/new/choose"
	 - Location: ../../../../../../runner/.rustup/toolchains/nightly-2025-11-21-aarch64-apple-darwin/lib/rustlib/src/rust/library/core/src/panicking.rs:110:17 in function core::panicking::panic_nounwind_fmt::runtime

Check 9: std::ops::index_range::IndexRange::len.arithmetic_overflow.1
	 - Status: SUCCESS
	 - Description: "attempt to compute `unchecked_sub` which would overflow"
	 - Location: ../../../../../../runner/.rustup/toolchains/nightly-2025-11-21-aarch64-apple-darwin/lib/rustlib/src/rust/library/core/src/ops/index_range.rs:52:18 in function std::ops::index_range::IndexRange::len

Check 10: std::ptr::drop_in_place::<std::vec::Vec<u8>>.safety_check.1
	 - Status: SUCCESS
	 - Description: "misaligned pointer to reference cast: address must be a multiple of its type's alignment"
	 - Location: ../../../../../../runner/.rustup/toolchains/nightly-2025-11-21-aarch64-apple-darwin/lib/rustlib/src/rust/library/core/src/ptr/mod.rs:805:1 in function std::ptr::drop_in_place::<std::vec::Vec<u8>>

Check 11: std::ptr::drop_in_place::<std::vec::Vec<u8>>.safety_check.2
	 - Status: SUCCESS
	 - Description: "dereference failure: pointer invalid"
	 - Location: ../../../../../../runner/.rustup/toolchains/nightly-2025-11-21-aarch64-apple-darwin/lib/rustlib/src/rust/library/core/src/ptr/mod.rs:805:1 in function std::ptr::drop_in_place::<std::vec::Vec<u8>>

Check 12: std::ptr::drop_in_place::<std::array::iter::iter_inner::PolymorphicIter<[std::mem::MaybeUninit<datum::Datum>; 1]>>.safety_check.1
	 - Status: SUCCESS
	 - Description: "misaligned pointer to reference cast: address must be a multiple of its type's alignment"
	 - Location: ../../../../../../runner/.rustup/toolchains/nightly-2025-11-21-aarch64-apple-darwin/lib/rustlib/src/rust/library/core/src/ptr/mod.rs:805:1 in function std::ptr::drop_in_place::<std::array::iter::iter_inner::PolymorphicIter<[std::mem::MaybeUninit<datum::Datum>; 1]>>

Check 13: std::ptr::drop_in_place::<std::array::iter::iter_inner::PolymorphicIter<[std::mem::MaybeUninit<datum::Datum>; 1]>>.safety_check.2
	 - Status: SUCCESS
	 - Description: "dereference failure: pointer invalid"
	 - Location: ../../../../../../runner/.rustup/toolchains/nightly-2025-11-21-aarch64-apple-darwin/lib/rustlib/src/rust/library/core/src/ptr/mod.rs:805:1 in function std::ptr::drop_in_place::<std::array::iter::iter_inner::PolymorphicIter<[std::mem::MaybeUninit<datum::Datum>; 1]>>

Check 14: proofs::eq_i8tof.assertion.1
	 - Status: SUCCESS
	 - Description: "assertion failed: r.as_f32 ().to_bits() == c.to_bits()"
	 - Location: src/lib.rs:124:5 in function proofs::eq_i8tof

Check 15: kani::rustc_intrinsics::offset::<datum::NullableDatum, *mut datum::NullableDatum, usize>.safety_check.1
	 - Status: SUCCESS
	 - Description: "Offset in bytes overflows isize"
	 - Location: ../../../../../../runner/work/kani/kani/library/kani/src/lib.rs:57:1 in function kani::rustc_intrinsics::offset::<datum::NullableDatum, *mut datum::NullableDatum, usize>

Check 16: kani::rustc_intrinsics::offset::<datum::NullableDatum, *mut datum::NullableDatum, usize>.safety_check.2
	 - Status: SUCCESS
	 - Description: "Offset result and original pointer must point to the same allocation"
	 - Location: ../../../../../../runner/work/kani/kani/library/kani/src/lib.rs:57:1 in function kani::rustc_intrinsics::offset::<datum::NullableDatum, *mut datum::NullableDatum, usize>

Check 17: core::slice::<impl [std::mem::MaybeUninit<datum::Datum>]>::get_unchecked::<usize>.safety_check.1
	 - Status: SUCCESS
	 - Description: "misaligned pointer to reference cast: address must be a multiple of its type's alignment"
	 - Location: ../../../../../../runner/.rustup/toolchains/nightly-2025-11-21-aarch64-apple-darwin/lib/rustlib/src/rust/library/core/src/slice/mod.rs:645:18 in function core::slice::<impl [std::mem::MaybeUninit<datum::Datum>]>::get_unchecked::<usize>

Check 18: core::slice::<impl [std::mem::MaybeUninit<datum::Datum>]>::get_unchecked::<usize>.safety_check.2
	 - Status: SUCCESS
	 - Description: "dereference failure: pointer invalid"
	 - Location: ../../../../../../runner/.rustup/toolchains/nightly-2025-11-21-aarch64-apple-darwin/lib/rustlib/src/rust/library/core/src/slice/mod.rs:645:18 in function core::slice::<impl [std::mem::MaybeUninit<datum::Datum>]>::get_unchecked::<usize>

Check 19: kani::rustc_intrinsics::offset::<std::mem::MaybeUninit<datum::Datum>, *mut std::mem::MaybeUninit<datum::Datum>, usize>.safety_check.1
	 - Status: SUCCESS
	 - Description: "Offset in bytes overflows isize"
	 - Location: ../../../../../../runner/work/kani/kani/library/kani/src/lib.rs:57:1 in function kani::rustc_intrinsics::offset::<std::mem::MaybeUninit<datum::Datum>, *mut std::mem::MaybeUninit<datum::Datum>, usize>

Check 20: kani::rustc_intrinsics::offset::<std::mem::MaybeUninit<datum::Datum>, *mut std::mem::MaybeUninit<datum::Datum>, usize>.safety_check.2
	 - Status: SUCCESS
	 - Description: "Offset result and original pointer must point to the same allocation"
	 - Location: ../../../../../../runner/work/kani/kani/library/kani/src/lib.rs:57:1 in function kani::rustc_intrinsics::offset::<std::mem::MaybeUninit<datum::Datum>, *mut std::mem::MaybeUninit<datum::Datum>, usize>

Check 21: std::alloc::Layout::max_size_for_align.assertion.1
	 - Status: UNREACHABLE
	 - Description: "attempt to add with overflow"
	 - Location: ../../../../../../runner/.rustup/toolchains/nightly-2025-11-21-aarch64-apple-darwin/lib/rustlib/src/rust/library/core/src/alloc/layout.rs:95:32 in function std::alloc::Layout::max_size_for_align

Check 22: std::alloc::Layout::max_size_for_align.arithmetic_overflow.1
	 - Status: SUCCESS
	 - Description: "attempt to compute `unchecked_sub` which would overflow"
	 - Location: ../../../../../../runner/.rustup/toolchains/nightly-2025-11-21-aarch64-apple-darwin/lib/rustlib/src/rust/library/core/src/alloc/layout.rs:95:18 in function std::alloc::Layout::max_size_for_align

Check 23: <std::option::Option<&mut datum::NullableDatum> as std::ops::Try>::branch.unreachable.1
	 - Status: SUCCESS
	 - Description: "unreachable code"
	 - Location: ../../../../../../runner/.rustup/toolchains/nightly-2025-11-21-aarch64-apple-darwin/lib/rustlib/src/rust/library/core/src/option.rs:2666:15 in function <std::option::Option<&mut datum::NullableDatum> as std::ops::Try>::branch

Check 24: alloc::raw_vec::RawVecInner::deallocate.unreachable.1
	 - Status: SUCCESS
	 - Description: "unreachable code"
	 - Location: ../../../../../../runner/.rustup/toolchains/nightly-2025-11-21-aarch64-apple-darwin/lib/rustlib/src/rust/library/alloc/src/raw_vec/mod.rs:830:5 in function alloc::raw_vec::RawVecInner::deallocate

Check 25: std::ptr::drop_in_place::<std::boxed::Box<types_error::PgError>>.safety_check.1
	 - Status: SUCCESS
	 - Description: "misaligned pointer to reference cast: address must be a multiple of its type's alignment"
	 - Location: ../../../../../../runner/.rustup/toolchains/nightly-2025-11-21-aarch64-apple-darwin/lib/rustlib/src/rust/library/core/src/ptr/mod.rs:805:1 in function std::ptr::drop_in_place::<std::boxed::Box<types_error::PgError>>

Check 26: std::ptr::drop_in_place::<std::boxed::Box<types_error::PgError>>.safety_check.2
	 - Status: SUCCESS
	 - Description: "dereference failure: pointer invalid"
	 - Location: ../../../../../../runner/.rustup/toolchains/nightly-2025-11-21-aarch64-apple-darwin/lib/rustlib/src/rust/library/core/src/ptr/mod.rs:805:1 in function std::ptr::drop_in_place::<std::boxed::Box<types_error::PgError>>

Check 27: core::num::<impl usize>::unchecked_add.arithmetic_overflow.1
	 - Status: SUCCESS
	 - Description: "attempt to compute `unchecked_add` which would overflow"
	 - Location: ../../../../../../runner/.rustup/toolchains/nightly-2025-11-21-aarch64-apple-darwin/lib/rustlib/src/rust/library/core/src/num/uint_macros.rs:729:17 in function core::num::<impl usize>::unchecked_add

Check 28: core::slice::<impl [std::mem::MaybeUninit<datum::Datum>]>::get_unchecked_mut::<std::ops::index_range::IndexRange>.safety_check.1
	 - Status: SUCCESS
	 - Description: "misaligned pointer to reference cast: address must be a multiple of its type's alignment"
	 - Location: ../../../../../../runner/.rustup/toolchains/nightly-2025-11-21-aarch64-apple-darwin/lib/rustlib/src/rust/library/core/src/slice/mod.rs:690:18 in function core::slice::<impl [std::mem::MaybeUninit<datum::Datum>]>::get_unchecked_mut::<std::ops::index_range::IndexRange>

Check 29: core::slice::<impl [std::mem::MaybeUninit<datum::Datum>]>::get_unchecked_mut::<std::ops::index_range::IndexRange>.safety_check.2
	 - Status: SUCCESS
	 - Description: "dereference failure: pointer invalid"
	 - Location: ../../../../../../runner/.rustup/toolchains/nightly-2025-11-21-aarch64-apple-darwin/lib/rustlib/src/rust/library/core/src/slice/mod.rs:690:18 in function core::slice::<impl [std::mem::MaybeUninit<datum::Datum>]>::get_unchecked_mut::<std::ops::index_range::IndexRange>

Check 30: proof_support::call_ok::<1, std::boxed::Box<types_error::PgError>>.unreachable.1
	 - Status: SUCCESS
	 - Description: "unreachable code"
	 - Location: ../support/src/lib.rs:262:15 in function proof_support::call_ok::<1, std::boxed::Box<types_error::PgError>>

Check 31: proof_support::call_ok::<1, std::boxed::Box<types_error::PgError>>.assertion.1
	 - Status: SUCCESS
	 - Description: "infallible fc wrapper errored"
	 - Location: ../support/src/lib.rs:264:23 in function proof_support::call_ok::<1, std::boxed::Box<types_error::PgError>>

Check 32: std::fmt::Arguments::<'_>::from_str.assertion.1
	 - Status: UNREACHABLE
	 - Description: "attempt to shift left with overflow"
	 - Location: ../../../../../../runner/.rustup/toolchains/nightly-2025-11-21-aarch64-apple-darwin/lib/rustlib/src/rust/library/core/src/fmt/mod.rs:820:38 in function std::fmt::Arguments::<'_>::from_str

Check 33: kani::rustc_intrinsics::offset::<datum::NullableDatum, *const datum::NullableDatum, usize>.safety_check.1
	 - Status: SUCCESS
	 - Description: "Offset in bytes overflows isize"
	 - Location: ../../../../../../runner/work/kani/kani/library/kani/src/lib.rs:57:1 in function kani::rustc_intrinsics::offset::<datum::NullableDatum, *const datum::NullableDatum, usize>

Check 34: kani::rustc_intrinsics::offset::<datum::NullableDatum, *const datum::NullableDatum, usize>.safety_check.2
	 - Status: SUCCESS
	 - Description: "Offset result and original pointer must point to the same allocation"
	 - Location: ../../../../../../runner/work/kani/kani/library/kani/src/lib.rs:57:1 in function kani::rustc_intrinsics::offset::<datum::NullableDatum, *const datum::NullableDatum, usize>

Check 35: std::ptr::NonNull::<datum::NullableDatum>::as_mut::<'_>.safety_check.1
	 - Status: SUCCESS
	 - Description: "misaligned pointer to reference cast: address must be a multiple of its type's alignment"
	 - Location: ../../../../../../runner/.rustup/toolchains/nightly-2025-11-21-aarch64-apple-darwin/lib/rustlib/src/rust/library/core/src/ptr/non_null.rs:482:18 in function std::ptr::NonNull::<datum::NullableDatum>::as_mut::<'_>

Check 36: std::ptr::NonNull::<datum::NullableDatum>::as_mut::<'_>.safety_check.2
	 - Status: SUCCESS
	 - Description: "dereference failure: pointer invalid"
	 - Location: ../../../../../../runner/.rustup/toolchains/nightly-2025-11-21-aarch64-apple-darwin/lib/rustlib/src/rust/library/core/src/ptr/non_null.rs:482:18 in function std::ptr::NonNull::<datum::NullableDatum>::as_mut::<'_>

Check 37: std::alloc::Layout::is_size_align_valid.unreachable.1
	 - Status: SUCCESS
	 - Description: "unreachable code"
	 - Location: ../../../../../../runner/.rustup/toolchains/nightly-2025-11-21-aarch64-apple-darwin/lib/rustlib/src/rust/library/core/src/alloc/layout.rs:68:5 in function std::alloc::Layout::is_size_align_valid

Check 38: std::ptr::drop_in_place::<std::array::IntoIter<datum::Datum, 1>>.safety_check.1
	 - Status: SUCCESS
	 - Description: "misaligned pointer to reference cast: address must be a multiple of its type's alignment"
	 - Location: ../../../../../../runner/.rustup/toolchains/nightly-2025-11-21-aarch64-apple-darwin/lib/rustlib/src/rust/library/core/src/ptr/mod.rs:805:1 in function std::ptr::drop_in_place::<std::array::IntoIter<datum::Datum, 1>>

Check 39: std::ptr::drop_in_place::<std::array::IntoIter<datum::Datum, 1>>.safety_check.2
	 - Status: SUCCESS
	 - Description: "dereference failure: pointer invalid"
	 - Location: ../../../../../../runner/.rustup/toolchains/nightly-2025-11-21-aarch64-apple-darwin/lib/rustlib/src/rust/library/core/src/ptr/mod.rs:805:1 in function std::ptr::drop_in_place::<std::array::IntoIter<datum::Datum, 1>>

Check 40: core::num::<impl usize>::unchecked_sub.arithmetic_overflow.1
	 - Status: SUCCESS
	 - Description: "attempt to compute `unchecked_sub` which would overflow"
	 - Location: ../../../../../../runner/.rustup/toolchains/nightly-2025-11-21-aarch64-apple-darwin/lib/rustlib/src/rust/library/core/src/num/uint_macros.rs:908:17 in function core::num::<impl usize>::unchecked_sub

Check 41: core::num::<impl usize>::unchecked_mul.arithmetic_overflow.1
	 - Status: SUCCESS
	 - Description: "attempt to compute `unchecked_mul` which would overflow"
	 - Location: ../../../../../../runner/.rustup/toolchains/nightly-2025-11-21-aarch64-apple-darwin/lib/rustlib/src/rust/library/core/src/num/uint_macros.rs:1117:17 in function core::num::<impl usize>::unchecked_mul

Check 42: <usize as std::slice::SliceIndex<[std::mem::MaybeUninit<datum::Datum>]>>::get_unchecked.assume.1
	 - Status: SUCCESS
	 - Description: "Rust intrinsic assumption failed"
	 - Location: ../../../../../../runner/.rustup/toolchains/nightly-2025-11-21-aarch64-apple-darwin/lib/rustlib/src/rust/library/core/src/slice/index.rs:252:13 in function <usize as std::slice::SliceIndex<[std::mem::MaybeUninit<datum::Datum>]>>::get_unchecked

Check 43: <std::option::Option<datum::Datum> as std::ops::Try>::branch.unreachable.1
	 - Status: SUCCESS
	 - Description: "unreachable code"
	 - Location: ../../../../../../runner/.rustup/toolchains/nightly-2025-11-21-aarch64-apple-darwin/lib/rustlib/src/rust/library/core/src/option.rs:2666:15 in function <std::option::Option<datum::Datum> as std::ops::Try>::branch

Check 44: proof_support::fcinfo::call::<1, alloc::boxed::Box<types_error::pg_error::PgError>>.missing_definition.1
	 - Status: SUCCESS
	 - Description: "assertion"
	 - Location: Unknown file in function proof_support::fcinfo::call::<1, alloc::boxed::Box<types_error::pg_error::PgError>>

Check 45: std::ptr::drop_in_place::<alloc::raw_vec::RawVec<u8>>.safety_check.1
	 - Status: SUCCESS
	 - Description: "misaligned pointer to reference cast: address must be a multiple of its type's alignment"
	 - Location: ../../../../../../runner/.rustup/toolchains/nightly-2025-11-21-aarch64-apple-darwin/lib/rustlib/src/rust/library/core/src/ptr/mod.rs:805:1 in function std::ptr::drop_in_place::<alloc::raw_vec::RawVec<u8>>

Check 46: std::ptr::drop_in_place::<alloc::raw_vec::RawVec<u8>>.safety_check.2
	 - Status: SUCCESS
	 - Description: "dereference failure: pointer invalid"
	 - Location: ../../../../../../runner/.rustup/toolchains/nightly-2025-11-21-aarch64-apple-darwin/lib/rustlib/src/rust/library/core/src/ptr/mod.rs:805:1 in function std::ptr::drop_in_place::<alloc::raw_vec::RawVec<u8>>

Check 47: proof_support::fci::<1>.unreachable.1
	 - Status: SUCCESS
	 - Description: "unreachable code"
	 - Location: ../support/src/lib.rs:244:26 in function proof_support::fci::<1>

Check 48: std::panic::Location::<'_>::caller.unsupported_construct.1
	 - Status: SUCCESS
	 - Description: "caller_location is not currently supported by Kani. Please post your example at https://github.com/model-checking/kani/issues/374"
	 - Location: ../../../../../../runner/.rustup/toolchains/nightly-2025-11-21-aarch64-apple-darwin/lib/rustlib/src/rust/library/core/src/panic/location.rs:147:9 in function std::panic::Location::<'_>::caller

Check 49: kani::mem::cbmc::same_allocation.unsupported_construct.1
	 - Status: SUCCESS
	 - Description: "Kani does not support reasoning about pointer to unallocated memory"
	 - Location: ../../../../../../runner/work/kani/kani/library/kani/src/lib.rs:57:1 in function kani::mem::cbmc::same_allocation

Check 50: <std::iter::Zip<std::slice::IterMut<'_, datum::NullableDatum>, std::array::IntoIter<datum::Datum, 1>> as std::iter::adapters::zip::ZipImpl<std::slice::IterMut<'_, datum::NullableDatum>, std::array::IntoIter<datum::Datum, 1>>>::next.unreachable.1
	 - Status: SUCCESS
	 - Description: "unreachable code"
	 - Location: src/lib.rs:0:0 in function <std::iter::Zip<std::slice::IterMut<'_, datum::NullableDatum>, std::array::IntoIter<datum::Datum, 1>> as std::iter::adapters::zip::ZipImpl<std::slice::IterMut<'_, datum::NullableDatum>, std::array::IntoIter<datum::Datum, 1>>>::next

Check 51: types_fmgr::fcinfo::FunctionCallInfoBaseData::args_n::<1>.safety_check.1
	 - Status: SUCCESS
	 - Description: "misaligned pointer dereference: address must be a multiple of its type's alignment"
	 - Location: ../../crates/_support/types/fmgr/src/fcinfo.rs:453:18 in function types_fmgr::fcinfo::FunctionCallInfoBaseData::args_n::<1>

Check 52: types_fmgr::fcinfo::FunctionCallInfoBaseData::args_n::<1>.safety_check.2
	 - Status: SUCCESS
	 - Description: "null pointer dereference occurred"
	 - Location: ../../crates/_support/types/fmgr/src/fcinfo.rs:453:18 in function types_fmgr::fcinfo::FunctionCallInfoBaseData::args_n::<1>

Check 53: types_fmgr::fcinfo::FunctionCallInfoBaseData::args_n::<1>.safety_check.3
	 - Status: SUCCESS
	 - Description: "misaligned pointer to reference cast: address must be a multiple of its type's alignment"
	 - Location: ../../crates/_support/types/fmgr/src/fcinfo.rs:453:18 in function types_fmgr::fcinfo::FunctionCallInfoBaseData::args_n::<1>

Check 54: types_fmgr::fcinfo::FunctionCallInfoBaseData::args_n::<1>.safety_check.4
	 - Status: SUCCESS
	 - Description: "dereference failure: pointer invalid"
	 - Location: ../../crates/_support/types/fmgr/src/fcinfo.rs:453:18 in function types_fmgr::fcinfo::FunctionCallInfoBaseData::args_n::<1>

Check 55: kani::rustc_intrinsics::align_of_val_raw::<types_error::PgError>.unreachable.1
	 - Status: SUCCESS
	 - Description: "unreachable code"
	 - Location: ../../../../../../runner/work/kani/kani/library/kani_core/src/models.rs:43:13 in function kani::rustc_intrinsics::align_of_val_raw::<types_error::PgError>

Check 56: kani::rustc_intrinsics::align_of_val_raw::<types_error::PgError>.safety_check.1
	 - Status: SUCCESS
	 - Description: "failed to compute `align_of_val`"
	 - Location: ../../../../../../runner/work/kani/kani/library/kani/src/lib.rs:57:1 in function kani::rustc_intrinsics::align_of_val_raw::<types_error::PgError>

Check 57: kani::rustc_intrinsics::align_of_val_raw::<types_error::PgError>.assertion.1
	 - Status: SUCCESS
	 - Description: "cannot compute `align_of_val` for extern types"
	 - Location: ../../../../../../runner/work/kani/kani/library/kani/src/lib.rs:57:1 in function kani::rustc_intrinsics::align_of_val_raw::<types_error::PgError>

Check 58: kani::rustc_intrinsics::size_of_val_raw::<types_error::PgError>.unreachable.1
	 - Status: SUCCESS
	 - Description: "unreachable code"
	 - Location: ../../../../../../runner/work/kani/kani/library/kani_core/src/models.rs:23:13 in function kani::rustc_intrinsics::size_of_val_raw::<types_error::PgError>

Check 59: kani::rustc_intrinsics::size_of_val_raw::<types_error::PgError>.safety_check.1
	 - Status: SUCCESS
	 - Description: "failed to compute `size_of_val`"
	 - Location: ../../../../../../runner/work/kani/kani/library/kani/src/lib.rs:57:1 in function kani::rustc_intrinsics::size_of_val_raw::<types_error::PgError>

Check 60: kani::rustc_intrinsics::size_of_val_raw::<types_error::PgError>.assertion.1
	 - Status: SUCCESS
	 - Description: "cannot compute `size_of_val` for extern types"
	 - Location: ../../../../../../runner/work/kani/kani/library/kani/src/lib.rs:57:1 in function kani::rustc_intrinsics::size_of_val_raw::<types_error::PgError>

Check 61: types_fmgr::fcinfo::FunctionCallInfoBaseData::<[datum::NullableDatum; 1]>::new.pointer_dereference.1
	 - Status: SUCCESS
	 - Description: "dereference failure: dead object"
	 - Location: ../../crates/_support/types/fmgr/src/fcinfo.rs:228:22 in function types_fmgr::fcinfo::FunctionCallInfoBaseData::<[datum::NullableDatum; 1]>::new

Check 62: types_fmgr::fcinfo::FunctionCallInfoBaseData::<[datum::NullableDatum; 1]>::new.pointer_dereference.2
	 - Status: SUCCESS
	 - Description: "dereference failure: dead object"
	 - Location: ../../crates/_support/types/fmgr/src/fcinfo.rs:229:25 in function types_fmgr::fcinfo::FunctionCallInfoBaseData::<[datum::NullableDatum; 1]>::new

Check 63: types_fmgr::fcinfo::FunctionCallInfoBaseData::<[datum::NullableDatum; 1]>::new.pointer_dereference.3
	 - Status: SUCCESS
	 - Description: "dereference failure: dead object"
	 - Location: ../../crates/_support/types/fmgr/src/fcinfo.rs:230:25 in function types_fmgr::fcinfo::FunctionCallInfoBaseData::<[datum::NullableDatum; 1]>::new

Check 64: <std::slice::IterMut<'_, datum::NullableDatum> as std::iter::Iterator>::next.pointer_dereference.1
	 - Status: SUCCESS
	 - Description: "dereference failure: pointer NULL"
	 - Location: ../../../../../../runner/.rustup/toolchains/nightly-2025-11-21-aarch64-apple-darwin/lib/rustlib/src/rust/library/core/src/slice/iter/macros.rs:160:27 in function <std::slice::IterMut<'_, datum::NullableDatum> as std::iter::Iterator>::next

Check 65: <std::slice::IterMut<'_, datum::NullableDatum> as std::iter::Iterator>::next.pointer_dereference.2
	 - Status: SUCCESS
	 - Description: "dereference failure: pointer invalid"
	 - Location: ../../../../../../runner/.rustup/toolchains/nightly-2025-11-21-aarch64-apple-darwin/lib/rustlib/src/rust/library/core/src/slice/iter/macros.rs:160:27 in function <std::slice::IterMut<'_, datum::NullableDatum> as std::iter::Iterator>::next

Check 66: <std::slice::IterMut<'_, datum::NullableDatum> as std::iter::Iterator>::next.pointer_dereference.3
	 - Status: SUCCESS
	 - Description: "dereference failure: deallocated dynamic object"
	 - Location: ../../../../../../runner/.rustup/toolchains/nightly-2025-11-21-aarch64-apple-darwin/lib/rustlib/src/rust/library/core/src/slice/iter/macros.rs:160:27 in function <std::slice::IterMut<'_, datum::NullableDatum> as std::iter::Iterator>::next

Check 67: <std::slice::IterMut<'_, datum::NullableDatum> as std::iter::Iterator>::next.pointer_dereference.4
	 - Status: SUCCESS
	 - Description: "dereference failure: dead object"
	 - Location: ../../../../../../runner/.rustup/toolchains/nightly-2025-11-21-aarch64-apple-darwin/lib/rustlib/src/rust/library/core/src/slice/iter/macros.rs:160:27 in function <std::slice::IterMut<'_, datum::NullableDatum> as std::iter::Iterator>::next

Check 68: <std::slice::IterMut<'_, datum::NullableDatum> as std::iter::Iterator>::next.pointer_dereference.5
	 - Status: SUCCESS
	 - Description: "dereference failure: pointer outside object bounds"
	 - Location: ../../../../../../runner/.rustup/toolchains/nightly-2025-11-21-aarch64-apple-darwin/lib/rustlib/src/rust/library/core/src/slice/iter/macros.rs:160:27 in function <std::slice::IterMut<'_, datum::NullableDatum> as std::iter::Iterator>::next

Check 69: <std::slice::IterMut<'_, datum::NullableDatum> as std::iter::Iterator>::next.pointer_dereference.6
	 - Status: SUCCESS
	 - Description: "dereference failure: invalid integer address"
	 - Location: ../../../../../../runner/.rustup/toolchains/nightly-2025-11-21-aarch64-apple-darwin/lib/rustlib/src/rust/library/core/src/slice/iter/macros.rs:160:27 in function <std::slice::IterMut<'_, datum::NullableDatum> as std::iter::Iterator>::next

Check 70: <std::slice::IterMut<'_, datum::NullableDatum> as std::iter::Iterator>::next.pointer_dereference.7
	 - Status: SUCCESS
	 - Description: "dereference failure: pointer NULL"
	 - Location: ../../../../../../runner/.rustup/toolchains/nightly-2025-11-21-aarch64-apple-darwin/lib/rustlib/src/rust/library/core/src/slice/iter/macros.rs:161:34 in function <std::slice::IterMut<'_, datum::NullableDatum> as std::iter::Iterator>::next

Check 71: <std::slice::IterMut<'_, datum::NullableDatum> as std::iter::Iterator>::next.pointer_dereference.8
	 - Status: SUCCESS
	 - Description: "dereference failure: pointer invalid"
	 - Location: ../../../../../../runner/.rustup/toolchains/nightly-2025-11-21-aarch64-apple-darwin/lib/rustlib/src/rust/library/core/src/slice/iter/macros.rs:161:34 in function <std::slice::IterMut<'_, datum::NullableDatum> as std::iter::Iterator>::next

Check 72: <std::slice::IterMut<'_, datum::NullableDatum> as std::iter::Iterator>::next.pointer_dereference.9
	 - Status: SUCCESS
	 - Description: "dereference failure: deallocated dynamic object"
	 - Location: ../../../../../../runner/.rustup/toolchains/nightly-2025-11-21-aarch64-apple-darwin/lib/rustlib/src/rust/library/core/src/slice/iter/macros.rs:161:34 in function <std::slice::IterMut<'_, datum::NullableDatum> as std::iter::Iterator>::next

Check 73: <std::slice::IterMut<'_, datum::NullableDatum> as std::iter::Iterator>::next.pointer_dereference.10
	 - Status: SUCCESS
	 - Description: "dereference failure: dead object"
	 - Location: ../../../../../../runner/.rustup/toolchains/nightly-2025-11-21-aarch64-apple-darwin/lib/rustlib/src/rust/library/core/src/slice/iter/macros.rs:161:34 in function <std::slice::IterMut<'_, datum::NullableDatum> as std::iter::Iterator>::next

Check 74: <std::slice::IterMut<'_, datum::NullableDatum> as std::iter::Iterator>::next.pointer_dereference.11
	 - Status: SUCCESS
	 - Description: "dereference failure: pointer outside object bounds"
	 - Location: ../../../../../../runner/.rustup/toolchains/nightly-2025-11-21-aarch64-apple-darwin/lib/rustlib/src/rust/library/core/src/slice/iter/macros.rs:161:34 in function <std::slice::IterMut<'_, datum::NullableDatum> as std::iter::Iterator>::next

Check 75: <std::slice::IterMut<'_, datum::NullableDatum> as std::iter::Iterator>::next.pointer_dereference.12
	 - Status: SUCCESS
	 - Description: "dereference failure: invalid integer address"
	 - Location: ../../../../../../runner/.rustup/toolchains/nightly-2025-11-21-aarch64-apple-darwin/lib/rustlib/src/rust/library/core/src/slice/iter/macros.rs:161:34 in function <std::slice::IterMut<'_, datum::NullableDatum> as std::iter::Iterator>::next

Check 76: <std::slice::IterMut<'_, datum::NullableDatum> as std::iter::Iterator>::next.pointer_dereference.13
	 - Status: SUCCESS
	 - Description: "dereference failure: pointer NULL"
	 - Location: ../../../../../../runner/.rustup/toolchains/nightly-2025-11-21-aarch64-apple-darwin/lib/rustlib/src/rust/library/core/src/slice/iter/macros.rs:174:25 in function <std::slice::IterMut<'_, datum::NullableDatum> as std::iter::Iterator>::next

Check 77: <std::slice::IterMut<'_, datum::NullableDatum> as std::iter::Iterator>::next.pointer_dereference.14
	 - Status: SUCCESS
	 - Description: "dereference failure: pointer invalid"
	 - Location: ../../../../../../runner/.rustup/toolchains/nightly-2025-11-21-aarch64-apple-darwin/lib/rustlib/src/rust/library/core/src/slice/iter/macros.rs:174:25 in function <std::slice::IterMut<'_, datum::NullableDatum> as std::iter::Iterator>::next

Check 78: <std::slice::IterMut<'_, datum::NullableDatum> as std::iter::Iterator>::next.pointer_dereference.15
	 - Status: SUCCESS
	 - Description: "dereference failure: deallocated dynamic object"
	 - Location: ../../../../../../runner/.rustup/toolchains/nightly-2025-11-21-aarch64-apple-darwin/lib/rustlib/src/rust/library/core/src/slice/iter/macros.rs:174:25 in function <std::slice::IterMut<'_, datum::NullableDatum> as std::iter::Iterator>::next

Check 79: <std::slice::IterMut<'_, datum::NullableDatum> as std::iter::Iterator>::next.pointer_dereference.16
	 - Status: SUCCESS
	 - Description: "dereference failure: dead object"
	 - Location: ../../../../../../runner/.rustup/toolchains/nightly-2025-11-21-aarch64-apple-darwin/lib/rustlib/src/rust/library/core/src/slice/iter/macros.rs:174:25 in function <std::slice::IterMut<'_, datum::NullableDatum> as std::iter::Iterator>::next

Check 80: <std::slice::IterMut<'_, datum::NullableDatum> as std::iter::Iterator>::next.pointer_dereference.17
	 - Status: SUCCESS
	 - Description: "dereference failure: pointer outside object bounds"
	 - Location: ../../../../../../runner/.rustup/toolchains/nightly-2025-11-21-aarch64-apple-darwin/lib/rustlib/src/rust/library/core/src/slice/iter/macros.rs:174:25 in function <std::slice::IterMut<'_, datum::NullableDatum> as std::iter::Iterator>::next

Check 81: <std::slice::IterMut<'_, datum::NullableDatum> as std::iter::Iterator>::next.pointer_dereference.18
	 - Status: SUCCESS
	 - Description: "dereference failure: invalid integer address"
	 - Location: ../../../../../../runner/.rustup/toolchains/nightly-2025-11-21-aarch64-apple-darwin/lib/rustlib/src/rust/library/core/src/slice/iter/macros.rs:174:25 in function <std::slice::IterMut<'_, datum::NullableDatum> as std::iter::Iterator>::next

Check 82: <std::slice::IterMut<'_, datum::NullableDatum> as std::iter::Iterator>::next.pointer_dereference.19
	 - Status: SUCCESS
	 - Description: "dereference failure: dead object"
	 - Location: ../../../../../../runner/.rustup/toolchains/nightly-2025-11-21-aarch64-apple-darwin/lib/rustlib/src/rust/library/core/src/slice/iter/macros.rs:168:36 in function <std::slice::IterMut<'_, datum::NullableDatum> as std::iter::Iterator>::next

Check 83: <std::slice::IterMut<'_, datum::NullableDatum> as std::iter::Iterator>::next.pointer_dereference.20
	 - Status: SUCCESS
	 - Description: "dereference failure: dead object"
	 - Location: ../../../../../../runner/.rustup/toolchains/nightly-2025-11-21-aarch64-apple-darwin/lib/rustlib/src/rust/library/core/src/slice/iter/macros.rs:180:36 in function <std::slice::IterMut<'_, datum::NullableDatum> as std::iter::Iterator>::next

Check 84: <std::slice::IterMut<'_, datum::NullableDatum> as std::iter::Iterator>::next.pointer_dereference.21
	 - Status: SUCCESS
	 - Description: "dereference failure: pointer NULL"
	 - Location: ../../../../../../runner/.rustup/toolchains/nightly-2025-11-21-aarch64-apple-darwin/lib/rustlib/src/rust/library/core/src/slice/iter/macros.rs:184:25 in function <std::slice::IterMut<'_, datum::NullableDatum> as std::iter::Iterator>::next

Check 85: <std::slice::IterMut<'_, datum::NullableDatum> as std::iter::Iterator>::next.pointer_dereference.22
	 - Status: SUCCESS
	 - Description: "dereference failure: pointer invalid"
	 - Location: ../../../../../../runner/.rustup/toolchains/nightly-2025-11-21-aarch64-apple-darwin/lib/rustlib/src/rust/library/core/src/slice/iter/macros.rs:184:25 in function <std::slice::IterMut<'_, datum::NullableDatum> as std::iter::Iterator>::next

Check 86: <std::slice::IterMut<'_, datum::NullableDatum> as std::iter::Iterator>::next.pointer_dereference.23
	 - Status: SUCCESS
	 - Description: "dereference failure: deallocated dynamic object"
	 - Location: ../../../../../../runner/.rustup/toolchains/nightly-2025-11-21-aarch64-apple-darwin/lib/rustlib/src/rust/library/core/src/slice/iter/macros.rs:184:25 in function <std::slice::IterMut<'_, datum::NullableDatum> as std::iter::Iterator>::next

Check 87: <std::slice::IterMut<'_, datum::NullableDatum> as std::iter::Iterator>::next.pointer_dereference.24
	 - Status: SUCCESS
	 - Description: "dereference failure: dead object"
	 - Location: ../../../../../../runner/.rustup/toolchains/nightly-2025-11-21-aarch64-apple-darwin/lib/rustlib/src/rust/library/core/src/slice/iter/macros.rs:184:25 in function <std::slice::IterMut<'_, datum::NullableDatum> as std::iter::Iterator>::next

Check 88: <std::slice::IterMut<'_, datum::NullableDatum> as std::iter::Iterator>::next.pointer_dereference.25
	 - Status: SUCCESS
	 - Description: "dereference failure: pointer outside object bounds"
	 - Location: ../../../../../../runner/.rustup/toolchains/nightly-2025-11-21-aarch64-apple-darwin/lib/rustlib/src/rust/library/core/src/slice/iter/macros.rs:184:25 in function <std::slice::IterMut<'_, datum::NullableDatum> as std::iter::Iterator>::next

Check 89: <std::slice::IterMut<'_, datum::NullableDatum> as std::iter::Iterator>::next.pointer_dereference.26
	 - Status: SUCCESS
	 - Description: "dereference failure: invalid integer address"
	 - Location: ../../../../../../runner/.rustup/toolchains/nightly-2025-11-21-aarch64-apple-darwin/lib/rustlib/src/rust/library/core/src/slice/iter/macros.rs:184:25 in function <std::slice::IterMut<'_, datum::NullableDatum> as std::iter::Iterator>::next

Check 90: <std::iter::Zip<std::slice::IterMut<'_, datum::NullableDatum>, std::array::IntoIter<datum::Datum, 1>> as std::iter::adapters::zip::ZipImpl<std::slice::IterMut<'_, datum::NullableDatum>, std::array::IntoIter<datum::Datum, 1>>>::next.pointer_dereference.1
	 - Status: SUCCESS
	 - Description: "dereference failure: dead object"
	 - Location: ../../../../../../runner/.rustup/toolchains/nightly-2025-11-21-aarch64-apple-darwin/lib/rustlib/src/rust/library/core/src/iter/adapters/zip.rs:165:21 in function <std::iter::Zip<std::slice::IterMut<'_, datum::NullableDatum>, std::array::IntoIter<datum::Datum, 1>> as std::iter::adapters::zip::ZipImpl<std::slice::IterMut<'_, datum::NullableDatum>, std::array::IntoIter<datum::Datum, 1>>>::next

Check 91: std::ptr::drop_in_place::<std::option::Option<std::string::String>>.pointer_dereference.1
	 - Status: SUCCESS
	 - Description: "dereference failure: pointer NULL"
	 - Location: ../../../../../../runner/.rustup/toolchains/nightly-2025-11-21-aarch64-apple-darwin/lib/rustlib/src/rust/library/core/src/ptr/mod.rs:805:1 in function std::ptr::drop_in_place::<std::option::Option<std::string::String>>

Check 92: std::ptr::drop_in_place::<std::option::Option<std::string::String>>.pointer_dereference.2
	 - Status: SUCCESS
	 - Description: "dereference failure: pointer invalid"
	 - Location: ../../../../../../runner/.rustup/toolchains/nightly-2025-11-21-aarch64-apple-darwin/lib/rustlib/src/rust/library/core/src/ptr/mod.rs:805:1 in function std::ptr::drop_in_place::<std::option::Option<std::string::String>>

Check 93: std::ptr::drop_in_place::<std::option::Option<std::string::String>>.pointer_dereference.3
	 - Status: SUCCESS
	 - Description: "dereference failure: deallocated dynamic object"
	 - Location: ../../../../../../runner/.rustup/toolchains/nightly-2025-11-21-aarch64-apple-darwin/lib/rustlib/src/rust/library/core/src/ptr/mod.rs:805:1 in function std::ptr::drop_in_place::<std::option::Option<std::string::String>>

Check 94: std::ptr::drop_in_place::<std::option::Option<std::string::String>>.pointer_dereference.4
	 - Status: SUCCESS
	 - Description: "dereference failure: dead object"
	 - Location: ../../../../../../runner/.rustup/toolchains/nightly-2025-11-21-aarch64-apple-darwin/lib/rustlib/src/rust/library/core/src/ptr/mod.rs:805:1 in function std::ptr::drop_in_place::<std::option::Option<std::string::String>>

Check 95: std::ptr::drop_in_place::<std::option::Option<std::string::String>>.pointer_dereference.5
	 - Status: SUCCESS
	 - Description: "dereference failure: pointer outside object bounds"
	 - Location: ../../../../../../runner/.rustup/toolchains/nightly-2025-11-21-aarch64-apple-darwin/lib/rustlib/src/rust/library/core/src/ptr/mod.rs:805:1 in function std::ptr::drop_in_place::<std::option::Option<std::string::String>>

Check 96: std::ptr::drop_in_place::<std::option::Option<std::string::String>>.pointer_dereference.6
	 - Status: SUCCESS
	 - Description: "dereference failure: invalid integer address"
	 - Location: ../../../../../../runner/.rustup/toolchains/nightly-2025-11-21-aarch64-apple-darwin/lib/rustlib/src/rust/library/core/src/ptr/mod.rs:805:1 in function std::ptr::drop_in_place::<std::option::Option<std::string::String>>

Check 97: __rust_dealloc.precondition_instance.1
	 - Status: SUCCESS
	 - Description: "free argument must be NULL or valid pointer"
	 - Location: ../../../../../.kani/kani-0.67.0/library/kani/kani_lib.c:87 in function __rust_dealloc

Check 98: __rust_dealloc.precondition_instance.2
	 - Status: SUCCESS
	 - Description: "free argument must be dynamic object"
	 - Location: ../../../../../.kani/kani-0.67.0/library/kani/kani_lib.c:87 in function __rust_dealloc

Check 99: __rust_dealloc.precondition_instance.3
	 - Status: SUCCESS
	 - Description: "free argument has offset zero"
	 - Location: ../../../../../.kani/kani-0.67.0/library/kani/kani_lib.c:87 in function __rust_dealloc

Check 100: __rust_dealloc.precondition_instance.4
	 - Status: SUCCESS
	 - Description: "double free"
	 - Location: ../../../../../.kani/kani-0.67.0/library/kani/kani_lib.c:87 in function __rust_dealloc

Check 101: __rust_dealloc.precondition_instance.5
	 - Status: SUCCESS
	 - Description: "free called for new[] object"
	 - Location: ../../../../../.kani/kani-0.67.0/library/kani/kani_lib.c:87 in function __rust_dealloc

Check 102: __rust_dealloc.precondition_instance.6
	 - Status: SUCCESS
	 - Description: "free called for stack-allocated object"
	 - Location: ../../../../../.kani/kani-0.67.0/library/kani/kani_lib.c:87 in function __rust_dealloc

Check 103: std::alloc::Layout::align.pointer_dereference.1
	 - Status: SUCCESS
	 - Description: "dereference failure: pointer NULL"
	 - Location: ../../../../../../runner/.rustup/toolchains/nightly-2025-11-21-aarch64-apple-darwin/lib/rustlib/src/rust/library/core/src/alloc/layout.rs:152:9 in function std::alloc::Layout::align

Check 104: std::alloc::Layout::align.pointer_dereference.2
	 - Status: SUCCESS
	 - Description: "dereference failure: pointer invalid"
	 - Location: ../../../../../../runner/.rustup/toolchains/nightly-2025-11-21-aarch64-apple-darwin/lib/rustlib/src/rust/library/core/src/alloc/layout.rs:152:9 in function std::alloc::Layout::align

Check 105: std::alloc::Layout::align.pointer_dereference.3
	 - Status: SUCCESS
	 - Description: "dereference failure: deallocated dynamic object"
	 - Location: ../../../../../../runner/.rustup/toolchains/nightly-2025-11-21-aarch64-apple-darwin/lib/rustlib/src/rust/library/core/src/alloc/layout.rs:152:9 in function std::alloc::Layout::align

Check 106: std::alloc::Layout::align.pointer_dereference.4
	 - Status: SUCCESS
	 - Description: "dereference failure: dead object"
	 - Location: ../../../../../../runner/.rustup/toolchains/nightly-2025-11-21-aarch64-apple-darwin/lib/rustlib/src/rust/library/core/src/alloc/layout.rs:152:9 in function std::alloc::Layout::align

Check 107: std::alloc::Layout::align.pointer_dereference.5
	 - Status: SUCCESS
	 - Description: "dereference failure: pointer outside object bounds"
	 - Location: ../../../../../../runner/.rustup/toolchains/nightly-2025-11-21-aarch64-apple-darwin/lib/rustlib/src/rust/library/core/src/alloc/layout.rs:152:9 in function std::alloc::Layout::align

Check 108: std::alloc::Layout::align.pointer_dereference.6
	 - Status: SUCCESS
	 - Description: "dereference failure: invalid integer address"
	 - Location: ../../../../../../runner/.rustup/toolchains/nightly-2025-11-21-aarch64-apple-darwin/lib/rustlib/src/rust/library/core/src/alloc/layout.rs:152:9 in function std::alloc::Layout::align

Check 109: proof_support::call::<1, std::boxed::Box<types_error::PgError>>.pointer_dereference.1
	 - Status: SUCCESS
	 - Description: "dereference failure: dead object"
	 - Location: ../support/src/lib.rs:255:12 in function proof_support::call::<1, std::boxed::Box<types_error::PgError>>

Check 110: pointer_dereference.1
	 - Status: SUCCESS
	 - Description: "dereference failure: pointer NULL"

Check 111: pointer_dereference.2
	 - Status: SUCCESS
	 - Description: "dereference failure: pointer invalid"

Check 112: pointer_dereference.3
	 - Status: SUCCESS
	 - Description: "dereference failure: deallocated dynamic object"

Check 113: pointer_dereference.4
	 - Status: SUCCESS
	 - Description: "dereference failure: dead object"

Check 114: pointer_dereference.5
	 - Status: SUCCESS
	 - Description: "dereference failure: pointer outside object bounds"

Check 115: pointer_dereference.6
	 - Status: SUCCESS
	 - Description: "dereference failure: invalid integer address"

Check 116: std::ops::index_range::IndexRange::end.pointer_dereference.1
	 - Status: SUCCESS
	 - Description: "dereference failure: pointer NULL"
	 - Location: ../../../../../../runner/.rustup/toolchains/nightly-2025-11-21-aarch64-apple-darwin/lib/rustlib/src/rust/library/core/src/ops/index_range.rs:45:9 in function std::ops::index_range::IndexRange::end

Check 117: std::ops::index_range::IndexRange::end.pointer_dereference.2
	 - Status: SUCCESS
	 - Description: "dereference failure: pointer invalid"
	 - Location: ../../../../../../runner/.rustup/toolchains/nightly-2025-11-21-aarch64-apple-darwin/lib/rustlib/src/rust/library/core/src/ops/index_range.rs:45:9 in function std::ops::index_range::IndexRange::end

Check 118: std::ops::index_range::IndexRange::end.pointer_dereference.3
	 - Status: SUCCESS
	 - Description: "dereference failure: deallocated dynamic object"
	 - Location: ../../../../../../runner/.rustup/toolchains/nightly-2025-11-21-aarch64-apple-darwin/lib/rustlib/src/rust/library/core/src/ops/index_range.rs:45:9 in function std::ops::index_range::IndexRange::end

Check 119: std::ops::index_range::IndexRange::end.pointer_dereference.4
	 - Status: SUCCESS
	 - Description: "dereference failure: dead object"
	 - Location: ../../../../../../runner/.rustup/toolchains/nightly-2025-11-21-aarch64-apple-darwin/lib/rustlib/src/rust/library/core/src/ops/index_range.rs:45:9 in function std::ops::index_range::IndexRange::end

Check 120: std::ops::index_range::IndexRange::end.pointer_dereference.5
	 - Status: SUCCESS
	 - Description: "dereference failure: pointer outside object bounds"
	 - Location: ../../../../../../runner/.rustup/toolchains/nightly-2025-11-21-aarch64-apple-darwin/lib/rustlib/src/rust/library/core/src/ops/index_range.rs:45:9 in function std::ops::index_range::IndexRange::end

Check 121: std::ops::index_range::IndexRange::end.pointer_dereference.6
	 - Status: SUCCESS
	 - Description: "dereference failure: invalid integer address"
	 - Location: ../../../../../../runner/.rustup/toolchains/nightly-2025-11-21-aarch64-apple-darwin/lib/rustlib/src/rust/library/core/src/ops/index_range.rs:45:9 in function std::ops::index_range::IndexRange::end

Check 122: std::alloc::Layout::is_size_align_valid.pointer_dereference.1
	 - Status: SUCCESS
	 - Description: "dereference failure: dead object"
	 - Location: ../../../../../../runner/.rustup/toolchains/nightly-2025-11-21-aarch64-apple-darwin/lib/rustlib/src/rust/library/core/src/alloc/layout.rs:69:27 in function std::alloc::Layout::is_size_align_valid

Check 123: std::ops::index_range::IndexRange::next_unchecked.pointer_dereference.1
	 - Status: SUCCESS
	 - Description: "dereference failure: pointer NULL"
	 - Location: ../../../../../../runner/.rustup/toolchains/nightly-2025-11-21-aarch64-apple-darwin/lib/rustlib/src/rust/library/core/src/ops/index_range.rs:61:21 in function std::ops::index_range::IndexRange::next_unchecked

Check 124: std::ops::index_range::IndexRange::next_unchecked.pointer_dereference.2
	 - Status: SUCCESS
	 - Description: "dereference failure: pointer invalid"
	 - Location: ../../../../../../runner/.rustup/toolchains/nightly-2025-11-21-aarch64-apple-darwin/lib/rustlib/src/rust/library/core/src/ops/index_range.rs:61:21 in function std::ops::index_range::IndexRange::next_unchecked

Check 125: std::ops::index_range::IndexRange::next_unchecked.pointer_dereference.3
	 - Status: SUCCESS
	 - Description: "dereference failure: deallocated dynamic object"
	 - Location: ../../../../../../runner/.rustup/toolchains/nightly-2025-11-21-aarch64-apple-darwin/lib/rustlib/src/rust/library/core/src/ops/index_range.rs:61:21 in function std::ops::index_range::IndexRange::next_unchecked

Check 126: std::ops::index_range::IndexRange::next_unchecked.pointer_dereference.4
	 - Status: SUCCESS
	 - Description: "dereference failure: dead object"
	 - Location: ../../../../../../runner/.rustup/toolchains/nightly-2025-11-21-aarch64-apple-darwin/lib/rustlib/src/rust/library/core/src/ops/index_range.rs:61:21 in function std::ops::index_range::IndexRange::next_unchecked

Check 127: std::ops::index_range::IndexRange::next_unchecked.pointer_dereference.5
	 - Status: SUCCESS
	 - Description: "dereference failure: pointer outside object bounds"
	 - Location: ../../../../../../runner/.rustup/toolchains/nightly-2025-11-21-aarch64-apple-darwin/lib/rustlib/src/rust/library/core/src/ops/index_range.rs:61:21 in function std::ops::index_range::IndexRange::next_unchecked

Check 128: std::ops::index_range::IndexRange::next_unchecked.pointer_dereference.6
	 - Status: SUCCESS
	 - Description: "dereference failure: invalid integer address"
	 - Location: ../../../../../../runner/.rustup/toolchains/nightly-2025-11-21-aarch64-apple-darwin/lib/rustlib/src/rust/library/core/src/ops/index_range.rs:61:21 in function std::ops::index_range::IndexRange::next_unchecked

Check 129: std::ops::index_range::IndexRange::next_unchecked.pointer_dereference.7
	 - Status: SUCCESS
	 - Description: "dereference failure: pointer NULL"
	 - Location: ../../../../../../runner/.rustup/toolchains/nightly-2025-11-21-aarch64-apple-darwin/lib/rustlib/src/rust/library/core/src/ops/index_range.rs:63:9 in function std::ops::index_range::IndexRange::next_unchecked

Check 130: std::ops::index_range::IndexRange::next_unchecked.pointer_dereference.8
	 - Status: SUCCESS
	 - Description: "dereference failure: pointer invalid"
	 - Location: ../../../../../../runner/.rustup/toolchains/nightly-2025-11-21-aarch64-apple-darwin/lib/rustlib/src/rust/library/core/src/ops/index_range.rs:63:9 in function std::ops::index_range::IndexRange::next_unchecked

Check 131: std::ops::index_range::IndexRange::next_unchecked.pointer_dereference.9
	 - Status: SUCCESS
	 - Description: "dereference failure: deallocated dynamic object"
	 - Location: ../../../../../../runner/.rustup/toolchains/nightly-2025-11-21-aarch64-apple-darwin/lib/rustlib/src/rust/library/core/src/ops/index_range.rs:63:9 in function std::ops::index_range::IndexRange::next_unchecked

Check 132: std::ops::index_range::IndexRange::next_unchecked.pointer_dereference.10
	 - Status: SUCCESS
	 - Description: "dereference failure: dead object"
	 - Location: ../../../../../../runner/.rustup/toolchains/nightly-2025-11-21-aarch64-apple-darwin/lib/rustlib/src/rust/library/core/src/ops/index_range.rs:63:9 in function std::ops::index_range::IndexRange::next_unchecked

Check 133: std::ops::index_range::IndexRange::next_unchecked.pointer_dereference.11
	 - Status: SUCCESS
	 - Description: "dereference failure: pointer outside object bounds"
	 - Location: ../../../../../../runner/.rustup/toolchains/nightly-2025-11-21-aarch64-apple-darwin/lib/rustlib/src/rust/library/core/src/ops/index_range.rs:63:9 in function std::ops::index_range::IndexRange::next_unchecked

Check 134: std::ops::index_range::IndexRange::next_unchecked.pointer_dereference.12
	 - Status: SUCCESS
	 - Description: "dereference failure: invalid integer address"
	 - Location: ../../../../../../runner/.rustup/toolchains/nightly-2025-11-21-aarch64-apple-darwin/lib/rustlib/src/rust/library/core/src/ops/index_range.rs:63:9 in function std::ops::index_range::IndexRange::next_unchecked

Check 135: <std::boxed::Box<types_error::PgError> as std::ops::Drop>::drop.pointer_dereference.1
	 - Status: SUCCESS
	 - Description: "dereference failure: pointer NULL"
	 - Location: ../../../../../../runner/.rustup/toolchains/nightly-2025-11-21-aarch64-apple-darwin/lib/rustlib/src/rust/library/alloc/src/boxed.rs:1761:19 in function <std::boxed::Box<types_error::PgError> as std::ops::Drop>::drop

Check 136: <std::boxed::Box<types_error::PgError> as std::ops::Drop>::drop.pointer_dereference.2
	 - Status: SUCCESS
	 - Description: "dereference failure: pointer invalid"
	 - Location: ../../../../../../runner/.rustup/toolchains/nightly-2025-11-21-aarch64-apple-darwin/lib/rustlib/src/rust/library/alloc/src/boxed.rs:1761:19 in function <std::boxed::Box<types_error::PgError> as std::ops::Drop>::drop

Check 137: <std::boxed::Box<types_error::PgError> as std::ops::Drop>::drop.pointer_dereference.3
	 - Status: SUCCESS
	 - Description: "dereference failure: deallocated dynamic object"
	 - Location: ../../../../../../runner/.rustup/toolchains/nightly-2025-11-21-aarch64-apple-darwin/lib/rustlib/src/rust/library/alloc/src/boxed.rs:1761:19 in function <std::boxed::Box<types_error::PgError> as std::ops::Drop>::drop

Check 138: <std::boxed::Box<types_error::PgError> as std::ops::Drop>::drop.pointer_dereference.4
	 - Status: SUCCESS
	 - Description: "dereference failure: dead object"
	 - Location: ../../../../../../runner/.rustup/toolchains/nightly-2025-11-21-aarch64-apple-darwin/lib/rustlib/src/rust/library/alloc/src/boxed.rs:1761:19 in function <std::boxed::Box<types_error::PgError> as std::ops::Drop>::drop

Check 139: <std::boxed::Box<types_error::PgError> as std::ops::Drop>::drop.pointer_dereference.5
	 - Status: SUCCESS
	 - Description: "dereference failure: pointer outside object bounds"
	 - Location: ../../../../../../runner/.rustup/toolchains/nightly-2025-11-21-aarch64-apple-darwin/lib/rustlib/src/rust/library/alloc/src/boxed.rs:1761:19 in function <std::boxed::Box<types_error::PgError> as std::ops::Drop>::drop

Check 140: <std::boxed::Box<types_error::PgError> as std::ops::Drop>::drop.pointer_dereference.6
	 - Status: SUCCESS
	 - Description: "dereference failure: invalid integer address"
	 - Location: ../../../../../../runner/.rustup/toolchains/nightly-2025-11-21-aarch64-apple-darwin/lib/rustlib/src/rust/library/alloc/src/boxed.rs:1761:19 in function <std::boxed::Box<types_error::PgError> as std::ops::Drop>::drop

Check 141: std::ptr::read::<datum::Datum>.pointer_dereference.1
	 - Status: SUCCESS
	 - Description: "dereference failure: pointer NULL"
	 - Location: ../../../../../../runner/.rustup/toolchains/nightly-2025-11-21-aarch64-apple-darwin/lib/rustlib/src/rust/library/core/src/ptr/mod.rs:1708:9 in function std::ptr::read::<datum::Datum>

Check 142: std::ptr::read::<datum::Datum>.pointer_dereference.2
	 - Status: SUCCESS
	 - Description: "dereference failure: pointer invalid"
	 - Location: ../../../../../../runner/.rustup/toolchains/nightly-2025-11-21-aarch64-apple-darwin/lib/rustlib/src/rust/library/core/src/ptr/mod.rs:1708:9 in function std::ptr::read::<datum::Datum>

Check 143: std::ptr::read::<datum::Datum>.pointer_dereference.3
	 - Status: SUCCESS
	 - Description: "dereference failure: deallocated dynamic object"
	 - Location: ../../../../../../runner/.rustup/toolchains/nightly-2025-11-21-aarch64-apple-darwin/lib/rustlib/src/rust/library/core/src/ptr/mod.rs:1708:9 in function std::ptr::read::<datum::Datum>

Check 144: std::ptr::read::<datum::Datum>.pointer_dereference.4
	 - Status: SUCCESS
	 - Description: "dereference failure: dead object"
	 - Location: ../../../../../../runner/.rustup/toolchains/nightly-2025-11-21-aarch64-apple-darwin/lib/rustlib/src/rust/library/core/src/ptr/mod.rs:1708:9 in function std::ptr::read::<datum::Datum>

Check 145: std::ptr::read::<datum::Datum>.pointer_dereference.5
	 - Status: SUCCESS
	 - Description: "dereference failure: pointer outside object bounds"
	 - Location: ../../../../../../runner/.rustup/toolchains/nightly-2025-11-21-aarch64-apple-darwin/lib/rustlib/src/rust/library/core/src/ptr/mod.rs:1708:9 in function std::ptr::read::<datum::Datum>

Check 146: std::ptr::read::<datum::Datum>.pointer_dereference.6
	 - Status: SUCCESS
	 - Description: "dereference failure: invalid integer address"
	 - Location: ../../../../../../runner/.rustup/toolchains/nightly-2025-11-21-aarch64-apple-darwin/lib/rustlib/src/rust/library/core/src/ptr/mod.rs:1708:9 in function std::ptr::read::<datum::Datum>

Check 147: adt_int8::builtins::fc_i8tof.pointer_dereference.1
	 - Status: SUCCESS
	 - Description: "dereference failure: pointer NULL"
	 - Location: ../../crates/backend/utils/adt/int8/src/builtins.rs:64:42 in function adt_int8::builtins::fc_i8tof

Check 148: adt_int8::builtins::fc_i8tof.pointer_dereference.2
	 - Status: SUCCESS
	 - Description: "dereference failure: pointer invalid"
	 - Location: ../../crates/backend/utils/adt/int8/src/builtins.rs:64:42 in function adt_int8::builtins::fc_i8tof

Check 149: adt_int8::builtins::fc_i8tof.pointer_dereference.3
	 - Status: SUCCESS
	 - Description: "dereference failure: deallocated dynamic object"
	 - Location: ../../crates/backend/utils/adt/int8/src/builtins.rs:64:42 in function adt_int8::builtins::fc_i8tof

Check 150: adt_int8::builtins::fc_i8tof.pointer_dereference.4
	 - Status: SUCCESS
	 - Description: "dereference failure: dead object"
	 - Location: ../../crates/backend/utils/adt/int8/src/builtins.rs:64:42 in function adt_int8::builtins::fc_i8tof

Check 151: adt_int8::builtins::fc_i8tof.pointer_dereference.5
	 - Status: SUCCESS
	 - Description: "dereference failure: pointer outside object bounds"
	 - Location: ../../crates/backend/utils/adt/int8/src/builtins.rs:64:42 in function adt_int8::builtins::fc_i8tof

Check 152: adt_int8::builtins::fc_i8tof.pointer_dereference.6
	 - Status: SUCCESS
	 - Description: "dereference failure: invalid integer address"
	 - Location: ../../crates/backend/utils/adt/int8/src/builtins.rs:64:42 in function adt_int8::builtins::fc_i8tof

Check 153: std::ptr::drop_in_place::<std::boxed::Box<types_error::PgError>>.pointer_dereference.1
	 - Status: SUCCESS
	 - Description: "dereference failure: pointer NULL"
	 - Location: ../../../../../../runner/.rustup/toolchains/nightly-2025-11-21-aarch64-apple-darwin/lib/rustlib/src/rust/library/core/src/ptr/mod.rs:805:1 in function std::ptr::drop_in_place::<std::boxed::Box<types_error::PgError>>

Check 154: std::ptr::drop_in_place::<std::boxed::Box<types_error::PgError>>.pointer_dereference.2
	 - Status: SUCCESS
	 - Description: "dereference failure: pointer invalid"
	 - Location: ../../../../../../runner/.rustup/toolchains/nightly-2025-11-21-aarch64-apple-darwin/lib/rustlib/src/rust/library/core/src/ptr/mod.rs:805:1 in function std::ptr::drop_in_place::<std::boxed::Box<types_error::PgError>>

Check 155: std::ptr::drop_in_place::<std::boxed::Box<types_error::PgError>>.pointer_dereference.3
	 - Status: SUCCESS
	 - Description: "dereference failure: deallocated dynamic object"
	 - Location: ../../../../../../runner/.rustup/toolchains/nightly-2025-11-21-aarch64-apple-darwin/lib/rustlib/src/rust/library/core/src/ptr/mod.rs:805:1 in function std::ptr::drop_in_place::<std::boxed::Box<types_error::PgError>>

Check 156: std::ptr::drop_in_place::<std::boxed::Box<types_error::PgError>>.pointer_dereference.4
	 - Status: SUCCESS
	 - Description: "dereference failure: dead object"
	 - Location: ../../../../../../runner/.rustup/toolchains/nightly-2025-11-21-aarch64-apple-darwin/lib/rustlib/src/rust/library/core/src/ptr/mod.rs:805:1 in function std::ptr::drop_in_place::<std::boxed::Box<types_error::PgError>>

Check 157: std::ptr::drop_in_place::<std::boxed::Box<types_error::PgError>>.pointer_dereference.5
	 - Status: SUCCESS
	 - Description: "dereference failure: pointer outside object bounds"
	 - Location: ../../../../../../runner/.rustup/toolchains/nightly-2025-11-21-aarch64-apple-darwin/lib/rustlib/src/rust/library/core/src/ptr/mod.rs:805:1 in function std::ptr::drop_in_place::<std::boxed::Box<types_error::PgError>>

Check 158: std::ptr::drop_in_place::<std::boxed::Box<types_error::PgError>>.pointer_dereference.6
	 - Status: SUCCESS
	 - Description: "dereference failure: invalid integer address"
	 - Location: ../../../../../../runner/.rustup/toolchains/nightly-2025-11-21-aarch64-apple-darwin/lib/rustlib/src/rust/library/core/src/ptr/mod.rs:805:1 in function std::ptr::drop_in_place::<std::boxed::Box<types_error::PgError>>

Check 159: alloc::raw_vec::RawVecInner::deallocate.pointer_dereference.1
	 - Status: SUCCESS
	 - Description: "dereference failure: dead object"
	 - Location: ../../../../../../runner/.rustup/toolchains/nightly-2025-11-21-aarch64-apple-darwin/lib/rustlib/src/rust/library/alloc/src/raw_vec/mod.rs:832:38 in function alloc::raw_vec::RawVecInner::deallocate

Check 160: std::ptr::drop_in_place::<std::option::Option<std::vec::Vec<u8>>>.pointer_dereference.1
	 - Status: SUCCESS
	 - Description: "dereference failure: pointer NULL"
	 - Location: ../../../../../../runner/.rustup/toolchains/nightly-2025-11-21-aarch64-apple-darwin/lib/rustlib/src/rust/library/core/src/ptr/mod.rs:805:1 in function std::ptr::drop_in_place::<std::option::Option<std::vec::Vec<u8>>>

Check 161: std::ptr::drop_in_place::<std::option::Option<std::vec::Vec<u8>>>.pointer_dereference.2
	 - Status: SUCCESS
	 - Description: "dereference failure: pointer invalid"
	 - Location: ../../../../../../runner/.rustup/toolchains/nightly-2025-11-21-aarch64-apple-darwin/lib/rustlib/src/rust/library/core/src/ptr/mod.rs:805:1 in function std::ptr::drop_in_place::<std::option::Option<std::vec::Vec<u8>>>

Check 162: std::ptr::drop_in_place::<std::option::Option<std::vec::Vec<u8>>>.pointer_dereference.3
	 - Status: SUCCESS
	 - Description: "dereference failure: deallocated dynamic object"
	 - Location: ../../../../../../runner/.rustup/toolchains/nightly-2025-11-21-aarch64-apple-darwin/lib/rustlib/src/rust/library/core/src/ptr/mod.rs:805:1 in function std::ptr::drop_in_place::<std::option::Option<std::vec::Vec<u8>>>

Check 163: std::ptr::drop_in_place::<std::option::Option<std::vec::Vec<u8>>>.pointer_dereference.4
	 - Status: SUCCESS
	 - Description: "dereference failure: dead object"
	 - Location: ../../../../../../runner/.rustup/toolchains/nightly-2025-11-21-aarch64-apple-darwin/lib/rustlib/src/rust/library/core/src/ptr/mod.rs:805:1 in function std::ptr::drop_in_place::<std::option::Option<std::vec::Vec<u8>>>

Check 164: std::ptr::drop_in_place::<std::option::Option<std::vec::Vec<u8>>>.pointer_dereference.5
	 - Status: SUCCESS
	 - Description: "dereference failure: pointer outside object bounds"
	 - Location: ../../../../../../runner/.rustup/toolchains/nightly-2025-11-21-aarch64-apple-darwin/lib/rustlib/src/rust/library/core/src/ptr/mod.rs:805:1 in function std::ptr::drop_in_place::<std::option::Option<std::vec::Vec<u8>>>

Check 165: std::ptr::drop_in_place::<std::option::Option<std::vec::Vec<u8>>>.pointer_dereference.6
	 - Status: SUCCESS
	 - Description: "dereference failure: invalid integer address"
	 - Location: ../../../../../../runner/.rustup/toolchains/nightly-2025-11-21-aarch64-apple-darwin/lib/rustlib/src/rust/library/core/src/ptr/mod.rs:805:1 in function std::ptr::drop_in_place::<std::option::Option<std::vec::Vec<u8>>>

Check 166: std::ptr::drop_in_place::<std::option::Option<types_error::ErrorLocation>>.pointer_dereference.1
	 - Status: SUCCESS
	 - Description: "dereference failure: pointer NULL"
	 - Location: ../../../../../../runner/.rustup/toolchains/nightly-2025-11-21-aarch64-apple-darwin/lib/rustlib/src/rust/library/core/src/ptr/mod.rs:805:1 in function std::ptr::drop_in_place::<std::option::Option<types_error::ErrorLocation>>

Check 167: std::ptr::drop_in_place::<std::option::Option<types_error::ErrorLocation>>.pointer_dereference.2
	 - Status: SUCCESS
	 - Description: "dereference failure: pointer invalid"
	 - Location: ../../../../../../runner/.rustup/toolchains/nightly-2025-11-21-aarch64-apple-darwin/lib/rustlib/src/rust/library/core/src/ptr/mod.rs:805:1 in function std::ptr::drop_in_place::<std::option::Option<types_error::ErrorLocation>>

Check 168: std::ptr::drop_in_place::<std::option::Option<types_error::ErrorLocation>>.pointer_dereference.3
	 - Status: SUCCESS
	 - Description: "dereference failure: deallocated dynamic object"
	 - Location: ../../../../../../runner/.rustup/toolchains/nightly-2025-11-21-aarch64-apple-darwin/lib/rustlib/src/rust/library/core/src/ptr/mod.rs:805:1 in function std::ptr::drop_in_place::<std::option::Option<types_error::ErrorLocation>>

Check 169: std::ptr::drop_in_place::<std::option::Option<types_error::ErrorLocation>>.pointer_dereference.4
	 - Status: SUCCESS
	 - Description: "dereference failure: dead object"
	 - Location: ../../../../../../runner/.rustup/toolchains/nightly-2025-11-21-aarch64-apple-darwin/lib/rustlib/src/rust/library/core/src/ptr/mod.rs:805:1 in function std::ptr::drop_in_place::<std::option::Option<types_error::ErrorLocation>>

Check 170: std::ptr::drop_in_place::<std::option::Option<types_error::ErrorLocation>>.pointer_dereference.5
	 - Status: SUCCESS
	 - Description: "dereference failure: pointer outside object bounds"
	 - Location: ../../../../../../runner/.rustup/toolchains/nightly-2025-11-21-aarch64-apple-darwin/lib/rustlib/src/rust/library/core/src/ptr/mod.rs:805:1 in function std::ptr::drop_in_place::<std::option::Option<types_error::ErrorLocation>>

Check 171: std::ptr::drop_in_place::<std::option::Option<types_error::ErrorLocation>>.pointer_dereference.6
	 - Status: SUCCESS
	 - Description: "dereference failure: invalid integer address"
	 - Location: ../../../../../../runner/.rustup/toolchains/nightly-2025-11-21-aarch64-apple-darwin/lib/rustlib/src/rust/library/core/src/ptr/mod.rs:805:1 in function std::ptr::drop_in_place::<std::option::Option<types_error::ErrorLocation>>

Check 172: <std::option::Option<(&mut datum::NullableDatum, datum::Datum)> as std::ops::FromResidual<std::option::Option<std::convert::Infallible>>>::from_residual.pointer_dereference.1
	 - Status: SUCCESS
	 - Description: "dereference failure: dead object"
	 - Location: ../../../../../../runner/.rustup/toolchains/nightly-2025-11-21-aarch64-apple-darwin/lib/rustlib/src/rust/library/core/src/option.rs:2681:21 in function <std::option::Option<(&mut datum::NullableDatum, datum::Datum)> as std::ops::FromResidual<std::option::Option<std::convert::Infallible>>>::from_residual

Check 173: <&mut std::ops::index_range::IndexRange as std::iter::ExactSizeIterator>::len.pointer_dereference.1
	 - Status: SUCCESS
	 - Description: "dereference failure: pointer NULL"
	 - Location: ../../../../../../runner/.rustup/toolchains/nightly-2025-11-21-aarch64-apple-darwin/lib/rustlib/src/rust/library/core/src/iter/traits/exact_size.rs:156:9 in function <&mut std::ops::index_range::IndexRange as std::iter::ExactSizeIterator>::len

Check 174: <&mut std::ops::index_range::IndexRange as std::iter::ExactSizeIterator>::len.pointer_dereference.2
	 - Status: SUCCESS
	 - Description: "dereference failure: pointer invalid"
	 - Location: ../../../../../../runner/.rustup/toolchains/nightly-2025-11-21-aarch64-apple-darwin/lib/rustlib/src/rust/library/core/src/iter/traits/exact_size.rs:156:9 in function <&mut std::ops::index_range::IndexRange as std::iter::ExactSizeIterator>::len

Check 175: <&mut std::ops::index_range::IndexRange as std::iter::ExactSizeIterator>::len.pointer_dereference.3
	 - Status: SUCCESS
	 - Description: "dereference failure: deallocated dynamic object"
	 - Location: ../../../../../../runner/.rustup/toolchains/nightly-2025-11-21-aarch64-apple-darwin/lib/rustlib/src/rust/library/core/src/iter/traits/exact_size.rs:156:9 in function <&mut std::ops::index_range::IndexRange as std::iter::ExactSizeIterator>::len

Check 176: <&mut std::ops::index_range::IndexRange as std::iter::ExactSizeIterator>::len.pointer_dereference.4
	 - Status: SUCCESS
	 - Description: "dereference failure: dead object"
	 - Location: ../../../../../../runner/.rustup/toolchains/nightly-2025-11-21-aarch64-apple-darwin/lib/rustlib/src/rust/library/core/src/iter/traits/exact_size.rs:156:9 in function <&mut std::ops::index_range::IndexRange as std::iter::ExactSizeIterator>::len

Check 177: <&mut std::ops::index_range::IndexRange as std::iter::ExactSizeIterator>::len.pointer_dereference.5
	 - Status: SUCCESS
	 - Description: "dereference failure: pointer outside object bounds"
	 - Location: ../../../../../../runner/.rustup/toolchains/nightly-2025-11-21-aarch64-apple-darwin/lib/rustlib/src/rust/library/core/src/iter/traits/exact_size.rs:156:9 in function <&mut std::ops::index_range::IndexRange as std::iter::ExactSizeIterator>::len

Check 178: <&mut std::ops::index_range::IndexRange as std::iter::ExactSizeIterator>::len.pointer_dereference.6
	 - Status: SUCCESS
	 - Description: "dereference failure: invalid integer address"
	 - Location: ../../../../../../runner/.rustup/toolchains/nightly-2025-11-21-aarch64-apple-darwin/lib/rustlib/src/rust/library/core/src/iter/traits/exact_size.rs:156:9 in function <&mut std::ops::index_range::IndexRange as std::iter::ExactSizeIterator>::len

Check 179: <std::vec::Vec<u8> as std::ops::Drop>::drop.pointer_dereference.1
	 - Status: SUCCESS
	 - Description: "dereference failure: pointer NULL"
	 - Location: ../../../../../../runner/.rustup/toolchains/nightly-2025-11-21-aarch64-apple-darwin/lib/rustlib/src/rust/library/alloc/src/vec/mod.rs:4076:81 in function <std::vec::Vec<u8> as std::ops::Drop>::drop

Check 180: <std::vec::Vec<u8> as std::ops::Drop>::drop.pointer_dereference.2
	 - Status: SUCCESS
	 - Description: "dereference failure: pointer invalid"
	 - Location: ../../../../../../runner/.rustup/toolchains/nightly-2025-11-21-aarch64-apple-darwin/lib/rustlib/src/rust/library/alloc/src/vec/mod.rs:4076:81 in function <std::vec::Vec<u8> as std::ops::Drop>::drop

Check 181: <std::vec::Vec<u8> as std::ops::Drop>::drop.pointer_dereference.3
	 - Status: SUCCESS
	 - Description: "dereference failure: deallocated dynamic object"
	 - Location: ../../../../../../runner/.rustup/toolchains/nightly-2025-11-21-aarch64-apple-darwin/lib/rustlib/src/rust/library/alloc/src/vec/mod.rs:4076:81 in function <std::vec::Vec<u8> as std::ops::Drop>::drop

Check 182: <std::vec::Vec<u8> as std::ops::Drop>::drop.pointer_dereference.4
	 - Status: SUCCESS
	 - Description: "dereference failure: dead object"
	 - Location: ../../../../../../runner/.rustup/toolchains/nightly-2025-11-21-aarch64-apple-darwin/lib/rustlib/src/rust/library/alloc/src/vec/mod.rs:4076:81 in function <std::vec::Vec<u8> as std::ops::Drop>::drop

Check 183: <std::vec::Vec<u8> as std::ops::Drop>::drop.pointer_dereference.5
	 - Status: SUCCESS
	 - Description: "dereference failure: pointer outside object bounds"
	 - Location: ../../../../../../runner/.rustup/toolchains/nightly-2025-11-21-aarch64-apple-darwin/lib/rustlib/src/rust/library/alloc/src/vec/mod.rs:4076:81 in function <std::vec::Vec<u8> as std::ops::Drop>::drop

Check 184: <std::vec::Vec<u8> as std::ops::Drop>::drop.pointer_dereference.6
	 - Status: SUCCESS
	 - Description: "dereference failure: invalid integer address"
	 - Location: ../../../../../../runner/.rustup/toolchains/nightly-2025-11-21-aarch64-apple-darwin/lib/rustlib/src/rust/library/alloc/src/vec/mod.rs:4076:81 in function <std::vec::Vec<u8> as std::ops::Drop>::drop

Check 185: proof_support::fci::<1>.pointer_dereference.1
	 - Status: SUCCESS
	 - Description: "dereference failure: dead object"
	 - Location: ../support/src/lib.rs:244:26 in function proof_support::fci::<1>

Check 186: proof_support::fci::<1>.pointer_dereference.2
	 - Status: SUCCESS
	 - Description: "dereference failure: pointer NULL"
	 - Location: ../support/src/lib.rs:245:13 in function proof_support::fci::<1>

Check 187: proof_support::fci::<1>.pointer_dereference.3
	 - Status: SUCCESS
	 - Description: "dereference failure: pointer invalid"
	 - Location: ../support/src/lib.rs:245:13 in function proof_support::fci::<1>

Check 188: proof_support::fci::<1>.pointer_dereference.4
	 - Status: SUCCESS
	 - Description: "dereference failure: deallocated dynamic object"
	 - Location: ../support/src/lib.rs:245:13 in function proof_support::fci::<1>

Check 189: proof_support::fci::<1>.pointer_dereference.5
	 - Status: SUCCESS
	 - Description: "dereference failure: dead object"
	 - Location: ../support/src/lib.rs:245:13 in function proof_support::fci::<1>

Check 190: proof_support::fci::<1>.pointer_dereference.6
	 - Status: SUCCESS
	 - Description: "dereference failure: pointer outside object bounds"
	 - Location: ../support/src/lib.rs:245:13 in function proof_support::fci::<1>

Check 191: proof_support::fci::<1>.pointer_dereference.7
	 - Status: SUCCESS
	 - Description: "dereference failure: invalid integer address"
	 - Location: ../support/src/lib.rs:245:13 in function proof_support::fci::<1>

Check 192: std::ptr::drop_in_place::<std::result::Result<datum::Datum, std::boxed::Box<types_error::PgError>>>.pointer_dereference.1
	 - Status: SUCCESS
	 - Description: "dereference failure: pointer NULL"
	 - Location: ../../../../../../runner/.rustup/toolchains/nightly-2025-11-21-aarch64-apple-darwin/lib/rustlib/src/rust/library/core/src/ptr/mod.rs:805:1 in function std::ptr::drop_in_place::<std::result::Result<datum::Datum, std::boxed::Box<types_error::PgError>>>

Check 193: std::ptr::drop_in_place::<std::result::Result<datum::Datum, std::boxed::Box<types_error::PgError>>>.pointer_dereference.2
	 - Status: SUCCESS
	 - Description: "dereference failure: pointer invalid"
	 - Location: ../../../../../../runner/.rustup/toolchains/nightly-2025-11-21-aarch64-apple-darwin/lib/rustlib/src/rust/library/core/src/ptr/mod.rs:805:1 in function std::ptr::drop_in_place::<std::result::Result<datum::Datum, std::boxed::Box<types_error::PgError>>>

Check 194: std::ptr::drop_in_place::<std::result::Result<datum::Datum, std::boxed::Box<types_error::PgError>>>.pointer_dereference.3
	 - Status: SUCCESS
	 - Description: "dereference failure: deallocated dynamic object"
	 - Location: ../../../../../../runner/.rustup/toolchains/nightly-2025-11-21-aarch64-apple-darwin/lib/rustlib/src/rust/library/core/src/ptr/mod.rs:805:1 in function std::ptr::drop_in_place::<std::result::Result<datum::Datum, std::boxed::Box<types_error::PgError>>>

Check 195: std::ptr::drop_in_place::<std::result::Result<datum::Datum, std::boxed::Box<types_error::PgError>>>.pointer_dereference.4
	 - Status: SUCCESS
	 - Description: "dereference failure: dead object"
	 - Location: ../../../../../../runner/.rustup/toolchains/nightly-2025-11-21-aarch64-apple-darwin/lib/rustlib/src/rust/library/core/src/ptr/mod.rs:805:1 in function std::ptr::drop_in_place::<std::result::Result<datum::Datum, std::boxed::Box<types_error::PgError>>>

Check 196: std::ptr::drop_in_place::<std::result::Result<datum::Datum, std::boxed::Box<types_error::PgError>>>.pointer_dereference.5
	 - Status: SUCCESS
	 - Description: "dereference failure: pointer outside object bounds"
	 - Location: ../../../../../../runner/.rustup/toolchains/nightly-2025-11-21-aarch64-apple-darwin/lib/rustlib/src/rust/library/core/src/ptr/mod.rs:805:1 in function std::ptr::drop_in_place::<std::result::Result<datum::Datum, std::boxed::Box<types_error::PgError>>>

Check 197: std::ptr::drop_in_place::<std::result::Result<datum::Datum, std::boxed::Box<types_error::PgError>>>.pointer_dereference.6
	 - Status: SUCCESS
	 - Description: "dereference failure: invalid integer address"
	 - Location: ../../../../../../runner/.rustup/toolchains/nightly-2025-11-21-aarch64-apple-darwin/lib/rustlib/src/rust/library/core/src/ptr/mod.rs:805:1 in function std::ptr::drop_in_place::<std::result::Result<datum::Datum, std::boxed::Box<types_error::PgError>>>

Check 198: std::ptr::Alignment::new.pointer_dereference.1
	 - Status: SUCCESS
	 - Description: "dereference failure: dead object"
	 - Location: ../../../../../../runner/.rustup/toolchains/nightly-2025-11-21-aarch64-apple-darwin/lib/rustlib/src/rust/library/core/src/ptr/alignment.rs:64:13 in function std::ptr::Alignment::new

Check 199: std::ops::index_range::IndexRange::len.pointer_dereference.1
	 - Status: SUCCESS
	 - Description: "dereference failure: pointer NULL"
	 - Location: ../../../../../../runner/.rustup/toolchains/nightly-2025-11-21-aarch64-apple-darwin/lib/rustlib/src/rust/library/core/src/ops/index_range.rs:52:51 in function std::ops::index_range::IndexRange::len

Check 200: std::ops::index_range::IndexRange::len.pointer_dereference.2
	 - Status: SUCCESS
	 - Description: "dereference failure: pointer invalid"
	 - Location: ../../../../../../runner/.rustup/toolchains/nightly-2025-11-21-aarch64-apple-darwin/lib/rustlib/src/rust/library/core/src/ops/index_range.rs:52:51 in function std::ops::index_range::IndexRange::len

Check 201: std::ops::index_range::IndexRange::len.pointer_dereference.3
	 - Status: SUCCESS
	 - Description: "dereference failure: deallocated dynamic object"
	 - Location: ../../../../../../runner/.rustup/toolchains/nightly-2025-11-21-aarch64-apple-darwin/lib/rustlib/src/rust/library/core/src/ops/index_range.rs:52:51 in function std::ops::index_range::IndexRange::len

Check 202: std::ops::index_range::IndexRange::len.pointer_dereference.4
	 - Status: SUCCESS
	 - Description: "dereference failure: dead object"
	 - Location: ../../../../../../runner/.rustup/toolchains/nightly-2025-11-21-aarch64-apple-darwin/lib/rustlib/src/rust/library/core/src/ops/index_range.rs:52:51 in function std::ops::index_range::IndexRange::len

Check 203: std::ops::index_range::IndexRange::len.pointer_dereference.5
	 - Status: SUCCESS
	 - Description: "dereference failure: pointer outside object bounds"
	 - Location: ../../../../../../runner/.rustup/toolchains/nightly-2025-11-21-aarch64-apple-darwin/lib/rustlib/src/rust/library/core/src/ops/index_range.rs:52:51 in function std::ops::index_range::IndexRange::len

Check 204: std::ops::index_range::IndexRange::len.pointer_dereference.6
	 - Status: SUCCESS
	 - Description: "dereference failure: invalid integer address"
	 - Location: ../../../../../../runner/.rustup/toolchains/nightly-2025-11-21-aarch64-apple-darwin/lib/rustlib/src/rust/library/core/src/ops/index_range.rs:52:51 in function std::ops::index_range::IndexRange::len

Check 205: std::ops::index_range::IndexRange::len.pointer_dereference.7
	 - Status: SUCCESS
	 - Description: "dereference failure: pointer NULL"
	 - Location: ../../../../../../runner/.rustup/toolchains/nightly-2025-11-21-aarch64-apple-darwin/lib/rustlib/src/rust/library/core/src/ops/index_range.rs:52:61 in function std::ops::index_range::IndexRange::len

Check 206: std::ops::index_range::IndexRange::len.pointer_dereference.8
	 - Status: SUCCESS
	 - Description: "dereference failure: pointer invalid"
	 - Location: ../../../../../../runner/.rustup/toolchains/nightly-2025-11-21-aarch64-apple-darwin/lib/rustlib/src/rust/library/core/src/ops/index_range.rs:52:61 in function std::ops::index_range::IndexRange::len

Check 207: std::ops::index_range::IndexRange::len.pointer_dereference.9
	 - Status: SUCCESS
	 - Description: "dereference failure: deallocated dynamic object"
	 - Location: ../../../../../../runner/.rustup/toolchains/nightly-2025-11-21-aarch64-apple-darwin/lib/rustlib/src/rust/library/core/src/ops/index_range.rs:52:61 in function std::ops::index_range::IndexRange::len

Check 208: std::ops::index_range::IndexRange::len.pointer_dereference.10
	 - Status: SUCCESS
	 - Description: "dereference failure: dead object"
	 - Location: ../../../../../../runner/.rustup/toolchains/nightly-2025-11-21-aarch64-apple-darwin/lib/rustlib/src/rust/library/core/src/ops/index_range.rs:52:61 in function std::ops::index_range::IndexRange::len

Check 209: std::ops::index_range::IndexRange::len.pointer_dereference.11
	 - Status: SUCCESS
	 - Description: "dereference failure: pointer outside object bounds"
	 - Location: ../../../../../../runner/.rustup/toolchains/nightly-2025-11-21-aarch64-apple-darwin/lib/rustlib/src/rust/library/core/src/ops/index_range.rs:52:61 in function std::ops::index_range::IndexRange::len

Check 210: std::ops::index_range::IndexRange::len.pointer_dereference.12
	 - Status: SUCCESS
	 - Description: "dereference failure: invalid integer address"
	 - Location: ../../../../../../runner/.rustup/toolchains/nightly-2025-11-21-aarch64-apple-darwin/lib/rustlib/src/rust/library/core/src/ops/index_range.rs:52:61 in function std::ops::index_range::IndexRange::len

Check 211: <std::option::Option<&mut datum::NullableDatum> as std::ops::Try>::branch.pointer_dereference.1
	 - Status: SUCCESS
	 - Description: "dereference failure: dead object"
	 - Location: ../../../../../../runner/.rustup/toolchains/nightly-2025-11-21-aarch64-apple-darwin/lib/rustlib/src/rust/library/core/src/option.rs:2666:15 in function <std::option::Option<&mut datum::NullableDatum> as std::ops::Try>::branch

Check 212: <std::option::Option<&mut datum::NullableDatum> as std::ops::Try>::branch.pointer_dereference.2
	 - Status: SUCCESS
	 - Description: "dereference failure: dead object"
	 - Location: ../../../../../../runner/.rustup/toolchains/nightly-2025-11-21-aarch64-apple-darwin/lib/rustlib/src/rust/library/core/src/option.rs:2668:21 in function <std::option::Option<&mut datum::NullableDatum> as std::ops::Try>::branch

Check 213: <std::ptr::NonNull<datum::NullableDatum> as std::cmp::PartialEq>::eq.pointer_dereference.1
	 - Status: SUCCESS
	 - Description: "dereference failure: pointer NULL"
	 - Location: ../../../../../../runner/.rustup/toolchains/nightly-2025-11-21-aarch64-apple-darwin/lib/rustlib/src/rust/library/core/src/ptr/non_null.rs:1692:9 in function <std::ptr::NonNull<datum::NullableDatum> as std::cmp::PartialEq>::eq

Check 214: <std::ptr::NonNull<datum::NullableDatum> as std::cmp::PartialEq>::eq.pointer_dereference.2
	 - Status: SUCCESS
	 - Description: "dereference failure: pointer invalid"
	 - Location: ../../../../../../runner/.rustup/toolchains/nightly-2025-11-21-aarch64-apple-darwin/lib/rustlib/src/rust/library/core/src/ptr/non_null.rs:1692:9 in function <std::ptr::NonNull<datum::NullableDatum> as std::cmp::PartialEq>::eq

Check 215: <std::ptr::NonNull<datum::NullableDatum> as std::cmp::PartialEq>::eq.pointer_dereference.3
	 - Status: SUCCESS
	 - Description: "dereference failure: deallocated dynamic object"
	 - Location: ../../../../../../runner/.rustup/toolchains/nightly-2025-11-21-aarch64-apple-darwin/lib/rustlib/src/rust/library/core/src/ptr/non_null.rs:1692:9 in function <std::ptr::NonNull<datum::NullableDatum> as std::cmp::PartialEq>::eq

Check 216: <std::ptr::NonNull<datum::NullableDatum> as std::cmp::PartialEq>::eq.pointer_dereference.4
	 - Status: SUCCESS
	 - Description: "dereference failure: dead object"
	 - Location: ../../../../../../runner/.rustup/toolchains/nightly-2025-11-21-aarch64-apple-darwin/lib/rustlib/src/rust/library/core/src/ptr/non_null.rs:1692:9 in function <std::ptr::NonNull<datum::NullableDatum> as std::cmp::PartialEq>::eq

Check 217: <std::ptr::NonNull<datum::NullableDatum> as std::cmp::PartialEq>::eq.pointer_dereference.5
	 - Status: SUCCESS
	 - Description: "dereference failure: pointer outside object bounds"
	 - Location: ../../../../../../runner/.rustup/toolchains/nightly-2025-11-21-aarch64-apple-darwin/lib/rustlib/src/rust/library/core/src/ptr/non_null.rs:1692:9 in function <std::ptr::NonNull<datum::NullableDatum> as std::cmp::PartialEq>::eq

Check 218: <std::ptr::NonNull<datum::NullableDatum> as std::cmp::PartialEq>::eq.pointer_dereference.6
	 - Status: SUCCESS
	 - Description: "dereference failure: invalid integer address"
	 - Location: ../../../../../../runner/.rustup/toolchains/nightly-2025-11-21-aarch64-apple-darwin/lib/rustlib/src/rust/library/core/src/ptr/non_null.rs:1692:9 in function <std::ptr::NonNull<datum::NullableDatum> as std::cmp::PartialEq>::eq

Check 219: <std::ptr::NonNull<datum::NullableDatum> as std::cmp::PartialEq>::eq.pointer_dereference.7
	 - Status: SUCCESS
	 - Description: "dereference failure: pointer NULL"
	 - Location: ../../../../../../runner/.rustup/toolchains/nightly-2025-11-21-aarch64-apple-darwin/lib/rustlib/src/rust/library/core/src/ptr/non_null.rs:1692:26 in function <std::ptr::NonNull<datum::NullableDatum> as std::cmp::PartialEq>::eq

Check 220: <std::ptr::NonNull<datum::NullableDatum> as std::cmp::PartialEq>::eq.pointer_dereference.8
	 - Status: SUCCESS
	 - Description: "dereference failure: pointer invalid"
	 - Location: ../../../../../../runner/.rustup/toolchains/nightly-2025-11-21-aarch64-apple-darwin/lib/rustlib/src/rust/library/core/src/ptr/non_null.rs:1692:26 in function <std::ptr::NonNull<datum::NullableDatum> as std::cmp::PartialEq>::eq

Check 221: <std::ptr::NonNull<datum::NullableDatum> as std::cmp::PartialEq>::eq.pointer_dereference.9
	 - Status: SUCCESS
	 - Description: "dereference failure: deallocated dynamic object"
	 - Location: ../../../../../../runner/.rustup/toolchains/nightly-2025-11-21-aarch64-apple-darwin/lib/rustlib/src/rust/library/core/src/ptr/non_null.rs:1692:26 in function <std::ptr::NonNull<datum::NullableDatum> as std::cmp::PartialEq>::eq

Check 222: <std::ptr::NonNull<datum::NullableDatum> as std::cmp::PartialEq>::eq.pointer_dereference.10
	 - Status: SUCCESS
	 - Description: "dereference failure: dead object"
	 - Location: ../../../../../../runner/.rustup/toolchains/nightly-2025-11-21-aarch64-apple-darwin/lib/rustlib/src/rust/library/core/src/ptr/non_null.rs:1692:26 in function <std::ptr::NonNull<datum::NullableDatum> as std::cmp::PartialEq>::eq

Check 223: <std::ptr::NonNull<datum::NullableDatum> as std::cmp::PartialEq>::eq.pointer_dereference.11
	 - Status: SUCCESS
	 - Description: "dereference failure: pointer outside object bounds"
	 - Location: ../../../../../../runner/.rustup/toolchains/nightly-2025-11-21-aarch64-apple-darwin/lib/rustlib/src/rust/library/core/src/ptr/non_null.rs:1692:26 in function <std::ptr::NonNull<datum::NullableDatum> as std::cmp::PartialEq>::eq

Check 224: <std::ptr::NonNull<datum::NullableDatum> as std::cmp::PartialEq>::eq.pointer_dereference.12
	 - Status: SUCCESS
	 - Description: "dereference failure: invalid integer address"
	 - Location: ../../../../../../runner/.rustup/toolchains/nightly-2025-11-21-aarch64-apple-darwin/lib/rustlib/src/rust/library/core/src/ptr/non_null.rs:1692:26 in function <std::ptr::NonNull<datum::NullableDatum> as std::cmp::PartialEq>::eq

Check 225: std::alloc::Layout::size.pointer_dereference.1
	 - Status: SUCCESS
	 - Description: "dereference failure: pointer NULL"
	 - Location: ../../../../../../runner/.rustup/toolchains/nightly-2025-11-21-aarch64-apple-darwin/lib/rustlib/src/rust/library/core/src/alloc/layout.rs:140:9 in function std::alloc::Layout::size

Check 226: std::alloc::Layout::size.pointer_dereference.2
	 - Status: SUCCESS
	 - Description: "dereference failure: pointer invalid"
	 - Location: ../../../../../../runner/.rustup/toolchains/nightly-2025-11-21-aarch64-apple-darwin/lib/rustlib/src/rust/library/core/src/alloc/layout.rs:140:9 in function std::alloc::Layout::size

Check 227: std::alloc::Layout::size.pointer_dereference.3
	 - Status: SUCCESS
	 - Description: "dereference failure: deallocated dynamic object"
	 - Location: ../../../../../../runner/.rustup/toolchains/nightly-2025-11-21-aarch64-apple-darwin/lib/rustlib/src/rust/library/core/src/alloc/layout.rs:140:9 in function std::alloc::Layout::size

Check 228: std::alloc::Layout::size.pointer_dereference.4
	 - Status: SUCCESS
	 - Description: "dereference failure: dead object"
	 - Location: ../../../../../../runner/.rustup/toolchains/nightly-2025-11-21-aarch64-apple-darwin/lib/rustlib/src/rust/library/core/src/alloc/layout.rs:140:9 in function std::alloc::Layout::size

Check 229: std::alloc::Layout::size.pointer_dereference.5
	 - Status: SUCCESS
	 - Description: "dereference failure: pointer outside object bounds"
	 - Location: ../../../../../../runner/.rustup/toolchains/nightly-2025-11-21-aarch64-apple-darwin/lib/rustlib/src/rust/library/core/src/alloc/layout.rs:140:9 in function std::alloc::Layout::size

Check 230: std::alloc::Layout::size.pointer_dereference.6
	 - Status: SUCCESS
	 - Description: "dereference failure: invalid integer address"
	 - Location: ../../../../../../runner/.rustup/toolchains/nightly-2025-11-21-aarch64-apple-darwin/lib/rustlib/src/rust/library/core/src/alloc/layout.rs:140:9 in function std::alloc::Layout::size

Check 231: std::ptr::NonNull::<datum::NullableDatum>::as_mut::<'_>.pointer_dereference.1
	 - Status: SUCCESS
	 - Description: "dereference failure: pointer NULL"
	 - Location: ../../../../../../runner/.rustup/toolchains/nightly-2025-11-21-aarch64-apple-darwin/lib/rustlib/src/rust/library/core/src/ptr/non_null.rs:482:24 in function std::ptr::NonNull::<datum::NullableDatum>::as_mut::<'_>

Check 232: std::ptr::NonNull::<datum::NullableDatum>::as_mut::<'_>.pointer_dereference.2
	 - Status: SUCCESS
	 - Description: "dereference failure: pointer invalid"
	 - Location: ../../../../../../runner/.rustup/toolchains/nightly-2025-11-21-aarch64-apple-darwin/lib/rustlib/src/rust/library/core/src/ptr/non_null.rs:482:24 in function std::ptr::NonNull::<datum::NullableDatum>::as_mut::<'_>

Check 233: std::ptr::NonNull::<datum::NullableDatum>::as_mut::<'_>.pointer_dereference.3
	 - Status: SUCCESS
	 - Description: "dereference failure: deallocated dynamic object"
	 - Location: ../../../../../../runner/.rustup/toolchains/nightly-2025-11-21-aarch64-apple-darwin/lib/rustlib/src/rust/library/core/src/ptr/non_null.rs:482:24 in function std::ptr::NonNull::<datum::NullableDatum>::as_mut::<'_>

Check 234: std::ptr::NonNull::<datum::NullableDatum>::as_mut::<'_>.pointer_dereference.4
	 - Status: SUCCESS
	 - Description: "dereference failure: dead object"
	 - Location: ../../../../../../runner/.rustup/toolchains/nightly-2025-11-21-aarch64-apple-darwin/lib/rustlib/src/rust/library/core/src/ptr/non_null.rs:482:24 in function std::ptr::NonNull::<datum::NullableDatum>::as_mut::<'_>

Check 235: std::ptr::NonNull::<datum::NullableDatum>::as_mut::<'_>.pointer_dereference.5
	 - Status: SUCCESS
	 - Description: "dereference failure: pointer outside object bounds"
	 - Location: ../../../../../../runner/.rustup/toolchains/nightly-2025-11-21-aarch64-apple-darwin/lib/rustlib/src/rust/library/core/src/ptr/non_null.rs:482:24 in function std::ptr::NonNull::<datum::NullableDatum>::as_mut::<'_>

Check 236: std::ptr::NonNull::<datum::NullableDatum>::as_mut::<'_>.pointer_dereference.6
	 - Status: SUCCESS
	 - Description: "dereference failure: invalid integer address"
	 - Location: ../../../../../../runner/.rustup/toolchains/nightly-2025-11-21-aarch64-apple-darwin/lib/rustlib/src/rust/library/core/src/ptr/non_null.rs:482:24 in function std::ptr::NonNull::<datum::NullableDatum>::as_mut::<'_>

Check 237: <std::ops::index_range::IndexRange as std::clone::Clone>::clone.pointer_dereference.1
	 - Status: SUCCESS
	 - Description: "dereference failure: pointer NULL"
	 - Location: ../../../../../../runner/.rustup/toolchains/nightly-2025-11-21-aarch64-apple-darwin/lib/rustlib/src/rust/library/core/src/ops/index_range.rs:15:5 in function <std::ops::index_range::IndexRange as std::clone::Clone>::clone

Check 238: <std::ops::index_range::IndexRange as std::clone::Clone>::clone.pointer_dereference.2
	 - Status: SUCCESS
	 - Description: "dereference failure: pointer invalid"
	 - Location: ../../../../../../runner/.rustup/toolchains/nightly-2025-11-21-aarch64-apple-darwin/lib/rustlib/src/rust/library/core/src/ops/index_range.rs:15:5 in function <std::ops::index_range::IndexRange as std::clone::Clone>::clone

Check 239: <std::ops::index_range::IndexRange as std::clone::Clone>::clone.pointer_dereference.3
	 - Status: SUCCESS
	 - Description: "dereference failure: deallocated dynamic object"
	 - Location: ../../../../../../runner/.rustup/toolchains/nightly-2025-11-21-aarch64-apple-darwin/lib/rustlib/src/rust/library/core/src/ops/index_range.rs:15:5 in function <std::ops::index_range::IndexRange as std::clone::Clone>::clone

Check 240: <std::ops::index_range::IndexRange as std::clone::Clone>::clone.pointer_dereference.4
	 - Status: SUCCESS
	 - Description: "dereference failure: dead object"
	 - Location: ../../../../../../runner/.rustup/toolchains/nightly-2025-11-21-aarch64-apple-darwin/lib/rustlib/src/rust/library/core/src/ops/index_range.rs:15:5 in function <std::ops::index_range::IndexRange as std::clone::Clone>::clone

Check 241: <std::ops::index_range::IndexRange as std::clone::Clone>::clone.pointer_dereference.5
	 - Status: SUCCESS
	 - Description: "dereference failure: pointer outside object bounds"
	 - Location: ../../../../../../runner/.rustup/toolchains/nightly-2025-11-21-aarch64-apple-darwin/lib/rustlib/src/rust/library/core/src/ops/index_range.rs:15:5 in function <std::ops::index_range::IndexRange as std::clone::Clone>::clone

Check 242: <std::ops::index_range::IndexRange as std::clone::Clone>::clone.pointer_dereference.6
	 - Status: SUCCESS
	 - Description: "dereference failure: invalid integer address"
	 - Location: ../../../../../../runner/.rustup/toolchains/nightly-2025-11-21-aarch64-apple-darwin/lib/rustlib/src/rust/library/core/src/ops/index_range.rs:15:5 in function <std::ops::index_range::IndexRange as std::clone::Clone>::clone

Check 243: <std::ops::index_range::IndexRange as std::clone::Clone>::clone.pointer_dereference.7
	 - Status: SUCCESS
	 - Description: "dereference failure: pointer NULL"
	 - Location: ../../../../../../runner/.rustup/toolchains/nightly-2025-11-21-aarch64-apple-darwin/lib/rustlib/src/rust/library/core/src/ops/index_range.rs:16:5 in function <std::ops::index_range::IndexRange as std::clone::Clone>::clone

Check 244: <std::ops::index_range::IndexRange as std::clone::Clone>::clone.pointer_dereference.8
	 - Status: SUCCESS
	 - Description: "dereference failure: pointer invalid"
	 - Location: ../../../../../../runner/.rustup/toolchains/nightly-2025-11-21-aarch64-apple-darwin/lib/rustlib/src/rust/library/core/src/ops/index_range.rs:16:5 in function <std::ops::index_range::IndexRange as std::clone::Clone>::clone

Check 245: <std::ops::index_range::IndexRange as std::clone::Clone>::clone.pointer_dereference.9
	 - Status: SUCCESS
	 - Description: "dereference failure: deallocated dynamic object"
	 - Location: ../../../../../../runner/.rustup/toolchains/nightly-2025-11-21-aarch64-apple-darwin/lib/rustlib/src/rust/library/core/src/ops/index_range.rs:16:5 in function <std::ops::index_range::IndexRange as std::clone::Clone>::clone

Check 246: <std::ops::index_range::IndexRange as std::clone::Clone>::clone.pointer_dereference.10
	 - Status: SUCCESS
	 - Description: "dereference failure: dead object"
	 - Location: ../../../../../../runner/.rustup/toolchains/nightly-2025-11-21-aarch64-apple-darwin/lib/rustlib/src/rust/library/core/src/ops/index_range.rs:16:5 in function <std::ops::index_range::IndexRange as std::clone::Clone>::clone

Check 247: <std::ops::index_range::IndexRange as std::clone::Clone>::clone.pointer_dereference.11
	 - Status: SUCCESS
	 - Description: "dereference failure: pointer outside object bounds"
	 - Location: ../../../../../../runner/.rustup/toolchains/nightly-2025-11-21-aarch64-apple-darwin/lib/rustlib/src/rust/library/core/src/ops/index_range.rs:16:5 in function <std::ops::index_range::IndexRange as std::clone::Clone>::clone

Check 248: <std::ops::index_range::IndexRange as std::clone::Clone>::clone.pointer_dereference.12
	 - Status: SUCCESS
	 - Description: "dereference failure: invalid integer address"
	 - Location: ../../../../../../runner/.rustup/toolchains/nightly-2025-11-21-aarch64-apple-darwin/lib/rustlib/src/rust/library/core/src/ops/index_range.rs:16:5 in function <std::ops::index_range::IndexRange as std::clone::Clone>::clone

Check 249: alloc::raw_vec::RawVecInner::non_null::<u8>.pointer_dereference.1
	 - Status: SUCCESS
	 - Description: "dereference failure: pointer NULL"
	 - Location: ../../../../../../runner/.rustup/toolchains/nightly-2025-11-21-aarch64-apple-darwin/lib/rustlib/src/rust/library/alloc/src/raw_vec/mod.rs:504:9 in function alloc::raw_vec::RawVecInner::non_null::<u8>

Check 250: alloc::raw_vec::RawVecInner::non_null::<u8>.pointer_dereference.2
	 - Status: SUCCESS
	 - Description: "dereference failure: pointer invalid"
	 - Location: ../../../../../../runner/.rustup/toolchains/nightly-2025-11-21-aarch64-apple-darwin/lib/rustlib/src/rust/library/alloc/src/raw_vec/mod.rs:504:9 in function alloc::raw_vec::RawVecInner::non_null::<u8>

Check 251: alloc::raw_vec::RawVecInner::non_null::<u8>.pointer_dereference.3
	 - Status: SUCCESS
	 - Description: "dereference failure: deallocated dynamic object"
	 - Location: ../../../../../../runner/.rustup/toolchains/nightly-2025-11-21-aarch64-apple-darwin/lib/rustlib/src/rust/library/alloc/src/raw_vec/mod.rs:504:9 in function alloc::raw_vec::RawVecInner::non_null::<u8>

Check 252: alloc::raw_vec::RawVecInner::non_null::<u8>.pointer_dereference.4
	 - Status: SUCCESS
	 - Description: "dereference failure: dead object"
	 - Location: ../../../../../../runner/.rustup/toolchains/nightly-2025-11-21-aarch64-apple-darwin/lib/rustlib/src/rust/library/alloc/src/raw_vec/mod.rs:504:9 in function alloc::raw_vec::RawVecInner::non_null::<u8>

Check 253: alloc::raw_vec::RawVecInner::non_null::<u8>.pointer_dereference.5
	 - Status: SUCCESS
	 - Description: "dereference failure: pointer outside object bounds"
	 - Location: ../../../../../../runner/.rustup/toolchains/nightly-2025-11-21-aarch64-apple-darwin/lib/rustlib/src/rust/library/alloc/src/raw_vec/mod.rs:504:9 in function alloc::raw_vec::RawVecInner::non_null::<u8>

Check 254: alloc::raw_vec::RawVecInner::non_null::<u8>.pointer_dereference.6
	 - Status: SUCCESS
	 - Description: "dereference failure: invalid integer address"
	 - Location: ../../../../../../runner/.rustup/toolchains/nightly-2025-11-21-aarch64-apple-darwin/lib/rustlib/src/rust/library/alloc/src/raw_vec/mod.rs:504:9 in function alloc::raw_vec::RawVecInner::non_null::<u8>

Check 255: std::ops::index_range::IndexRange::start.pointer_dereference.1
	 - Status: SUCCESS
	 - Description: "dereference failure: pointer NULL"
	 - Location: ../../../../../../runner/.rustup/toolchains/nightly-2025-11-21-aarch64-apple-darwin/lib/rustlib/src/rust/library/core/src/ops/index_range.rs:40:9 in function std::ops::index_range::IndexRange::start

Check 256: std::ops::index_range::IndexRange::start.pointer_dereference.2
	 - Status: SUCCESS
	 - Description: "dereference failure: pointer invalid"
	 - Location: ../../../../../../runner/.rustup/toolchains/nightly-2025-11-21-aarch64-apple-darwin/lib/rustlib/src/rust/library/core/src/ops/index_range.rs:40:9 in function std::ops::index_range::IndexRange::start

Check 257: std::ops::index_range::IndexRange::start.pointer_dereference.3
	 - Status: SUCCESS
	 - Description: "dereference failure: deallocated dynamic object"
	 - Location: ../../../../../../runner/.rustup/toolchains/nightly-2025-11-21-aarch64-apple-darwin/lib/rustlib/src/rust/library/core/src/ops/index_range.rs:40:9 in function std::ops::index_range::IndexRange::start

Check 258: std::ops::index_range::IndexRange::start.pointer_dereference.4
	 - Status: SUCCESS
	 - Description: "dereference failure: dead object"
	 - Location: ../../../../../../runner/.rustup/toolchains/nightly-2025-11-21-aarch64-apple-darwin/lib/rustlib/src/rust/library/core/src/ops/index_range.rs:40:9 in function std::ops::index_range::IndexRange::start

Check 259: std::ops::index_range::IndexRange::start.pointer_dereference.5
	 - Status: SUCCESS
	 - Description: "dereference failure: pointer outside object bounds"
	 - Location: ../../../../../../runner/.rustup/toolchains/nightly-2025-11-21-aarch64-apple-darwin/lib/rustlib/src/rust/library/core/src/ops/index_range.rs:40:9 in function std::ops::index_range::IndexRange::start

Check 260: std::ops::index_range::IndexRange::start.pointer_dereference.6
	 - Status: SUCCESS
	 - Description: "dereference failure: invalid integer address"
	 - Location: ../../../../../../runner/.rustup/toolchains/nightly-2025-11-21-aarch64-apple-darwin/lib/rustlib/src/rust/library/core/src/ops/index_range.rs:40:9 in function std::ops::index_range::IndexRange::start

Check 261: alloc::raw_vec::RawVecInner::current_memory.pointer_dereference.1
	 - Status: SUCCESS
	 - Description: "dereference failure: pointer NULL"
	 - Location: ../../../../../../runner/.rustup/toolchains/nightly-2025-11-21-aarch64-apple-darwin/lib/rustlib/src/rust/library/alloc/src/raw_vec/mod.rs:523:39 in function alloc::raw_vec::RawVecInner::current_memory

Check 262: alloc::raw_vec::RawVecInner::current_memory.pointer_dereference.2
	 - Status: SUCCESS
	 - Description: "dereference failure: pointer invalid"
	 - Location: ../../../../../../runner/.rustup/toolchains/nightly-2025-11-21-aarch64-apple-darwin/lib/rustlib/src/rust/library/alloc/src/raw_vec/mod.rs:523:39 in function alloc::raw_vec::RawVecInner::current_memory

Check 263: alloc::raw_vec::RawVecInner::current_memory.pointer_dereference.3
	 - Status: SUCCESS
	 - Description: "dereference failure: deallocated dynamic object"
	 - Location: ../../../../../../runner/.rustup/toolchains/nightly-2025-11-21-aarch64-apple-darwin/lib/rustlib/src/rust/library/alloc/src/raw_vec/mod.rs:523:39 in function alloc::raw_vec::RawVecInner::current_memory

Check 264: alloc::raw_vec::RawVecInner::current_memory.pointer_dereference.4
	 - Status: SUCCESS
	 - Description: "dereference failure: dead object"
	 - Location: ../../../../../../runner/.rustup/toolchains/nightly-2025-11-21-aarch64-apple-darwin/lib/rustlib/src/rust/library/alloc/src/raw_vec/mod.rs:523:39 in function alloc::raw_vec::RawVecInner::current_memory

Check 265: alloc::raw_vec::RawVecInner::current_memory.pointer_dereference.5
	 - Status: SUCCESS
	 - Description: "dereference failure: pointer outside object bounds"
	 - Location: ../../../../../../runner/.rustup/toolchains/nightly-2025-11-21-aarch64-apple-darwin/lib/rustlib/src/rust/library/alloc/src/raw_vec/mod.rs:523:39 in function alloc::raw_vec::RawVecInner::current_memory

Check 266: alloc::raw_vec::RawVecInner::current_memory.pointer_dereference.6
	 - Status: SUCCESS
	 - Description: "dereference failure: invalid integer address"
	 - Location: ../../../../../../runner/.rustup/toolchains/nightly-2025-11-21-aarch64-apple-darwin/lib/rustlib/src/rust/library/alloc/src/raw_vec/mod.rs:523:39 in function alloc::raw_vec::RawVecInner::current_memory

Check 267: alloc::raw_vec::RawVecInner::current_memory.pointer_dereference.7
	 - Status: SUCCESS
	 - Description: "dereference failure: pointer NULL"
	 - Location: ../../../../../../runner/.rustup/toolchains/nightly-2025-11-21-aarch64-apple-darwin/lib/rustlib/src/rust/library/alloc/src/raw_vec/mod.rs:531:67 in function alloc::raw_vec::RawVecInner::current_memory

Check 268: alloc::raw_vec::RawVecInner::current_memory.pointer_dereference.8
	 - Status: SUCCESS
	 - Description: "dereference failure: pointer invalid"
	 - Location: ../../../../../../runner/.rustup/toolchains/nightly-2025-11-21-aarch64-apple-darwin/lib/rustlib/src/rust/library/alloc/src/raw_vec/mod.rs:531:67 in function alloc::raw_vec::RawVecInner::current_memory

Check 269: alloc::raw_vec::RawVecInner::current_memory.pointer_dereference.9
	 - Status: SUCCESS
	 - Description: "dereference failure: deallocated dynamic object"
	 - Location: ../../../../../../runner/.rustup/toolchains/nightly-2025-11-21-aarch64-apple-darwin/lib/rustlib/src/rust/library/alloc/src/raw_vec/mod.rs:531:67 in function alloc::raw_vec::RawVecInner::current_memory

Check 270: alloc::raw_vec::RawVecInner::current_memory.pointer_dereference.10
	 - Status: SUCCESS
	 - Description: "dereference failure: dead object"
	 - Location: ../../../../../../runner/.rustup/toolchains/nightly-2025-11-21-aarch64-apple-darwin/lib/rustlib/src/rust/library/alloc/src/raw_vec/mod.rs:531:67 in function alloc::raw_vec::RawVecInner::current_memory

Check 271: alloc::raw_vec::RawVecInner::current_memory.pointer_dereference.11
	 - Status: SUCCESS
	 - Description: "dereference failure: pointer outside object bounds"
	 - Location: ../../../../../../runner/.rustup/toolchains/nightly-2025-11-21-aarch64-apple-darwin/lib/rustlib/src/rust/library/alloc/src/raw_vec/mod.rs:531:67 in function alloc::raw_vec::RawVecInner::current_memory

Check 272: alloc::raw_vec::RawVecInner::current_memory.pointer_dereference.12
	 - Status: SUCCESS
	 - Description: "dereference failure: invalid integer address"
	 - Location: ../../../../../../runner/.rustup/toolchains/nightly-2025-11-21-aarch64-apple-darwin/lib/rustlib/src/rust/library/alloc/src/raw_vec/mod.rs:531:67 in function alloc::raw_vec::RawVecInner::current_memory

Check 273: alloc::raw_vec::RawVecInner::current_memory.pointer_dereference.13
	 - Status: SUCCESS
	 - Description: "dereference failure: pointer NULL"
	 - Location: ../../../../../../runner/.rustup/toolchains/nightly-2025-11-21-aarch64-apple-darwin/lib/rustlib/src/rust/library/alloc/src/raw_vec/mod.rs:533:23 in function alloc::raw_vec::RawVecInner::current_memory

Check 274: alloc::raw_vec::RawVecInner::current_memory.pointer_dereference.14
	 - Status: SUCCESS
	 - Description: "dereference failure: pointer invalid"
	 - Location: ../../../../../../runner/.rustup/toolchains/nightly-2025-11-21-aarch64-apple-darwin/lib/rustlib/src/rust/library/alloc/src/raw_vec/mod.rs:533:23 in function alloc::raw_vec::RawVecInner::current_memory

Check 275: alloc::raw_vec::RawVecInner::current_memory.pointer_dereference.15
	 - Status: SUCCESS
	 - Description: "dereference failure: deallocated dynamic object"
	 - Location: ../../../../../../runner/.rustup/toolchains/nightly-2025-11-21-aarch64-apple-darwin/lib/rustlib/src/rust/library/alloc/src/raw_vec/mod.rs:533:23 in function alloc::raw_vec::RawVecInner::current_memory

Check 276: alloc::raw_vec::RawVecInner::current_memory.pointer_dereference.16
	 - Status: SUCCESS
	 - Description: "dereference failure: dead object"
	 - Location: ../../../../../../runner/.rustup/toolchains/nightly-2025-11-21-aarch64-apple-darwin/lib/rustlib/src/rust/library/alloc/src/raw_vec/mod.rs:533:23 in function alloc::raw_vec::RawVecInner::current_memory

Check 277: alloc::raw_vec::RawVecInner::current_memory.pointer_dereference.17
	 - Status: SUCCESS
	 - Description: "dereference failure: pointer outside object bounds"
	 - Location: ../../../../../../runner/.rustup/toolchains/nightly-2025-11-21-aarch64-apple-darwin/lib/rustlib/src/rust/library/alloc/src/raw_vec/mod.rs:533:23 in function alloc::raw_vec::RawVecInner::current_memory

Check 278: alloc::raw_vec::RawVecInner::current_memory.pointer_dereference.18
	 - Status: SUCCESS
	 - Description: "dereference failure: invalid integer address"
	 - Location: ../../../../../../runner/.rustup/toolchains/nightly-2025-11-21-aarch64-apple-darwin/lib/rustlib/src/rust/library/alloc/src/raw_vec/mod.rs:533:23 in function alloc::raw_vec::RawVecInner::current_memory

Check 279: alloc::raw_vec::RawVecInner::current_memory.pointer_dereference.19
	 - Status: SUCCESS
	 - Description: "dereference failure: dead object"
	 - Location: ../../../../../../runner/.rustup/toolchains/nightly-2025-11-21-aarch64-apple-darwin/lib/rustlib/src/rust/library/alloc/src/raw_vec/mod.rs:524:13 in function alloc::raw_vec::RawVecInner::current_memory


SUMMARY:
 ** 0 of 279 failed (2 unreachable)

VERIFICATION:- SUCCESSFUL

Source-based code coverage results:

/Users/malisper/dev/pgrust-fast/.wt-covfix/crates/_support/types/datum/src/datum.rs (datum::Datum::as_f32)
 * 134:5 - 136:6 COVERED

/Users/malisper/dev/pgrust-fast/.wt-covfix/crates/_support/types/datum/src/datum.rs (datum::Datum::as_i64)
 * 118:5 - 120:6 COVERED

/Users/malisper/dev/pgrust-fast/.wt-covfix/crates/_support/types/datum/src/datum.rs (datum::Datum::from_f32)
 * 130:5 - 132:6 COVERED

/Users/malisper/dev/pgrust-fast/.wt-covfix/crates/_support/types/datum/src/datum.rs (datum::Datum::from_i64)
 * 114:5 - 116:6 COVERED

/Users/malisper/dev/pgrust-fast/.wt-covfix/crates/_support/types/datum/src/datum.rs (datum::Datum::null)
 * 28:5 - 30:6 COVERED

/Users/malisper/dev/pgrust-fast/.wt-covfix/crates/_support/types/datum/src/datum.rs (datum::NullableDatum::null)
 * 169:5 - 174:6 COVERED

/Users/malisper/dev/pgrust-fast/.wt-covfix/crates/_support/types/datum/src/datum.rs (datum::NullableDatum::value)
 * 162:5 - 167:6 COVERED

/Users/malisper/dev/pgrust-fast/.wt-covfix/crates/_support/types/fmgr/src/fcinfo.rs (types_fmgr::fcinfo::FunctionCallInfoBaseData::<[datum::NullableDatum; 1]>::new)
 * 226:5 - 236:6 COVERED

/Users/malisper/dev/pgrust-fast/.wt-covfix/crates/_support/types/fmgr/src/fcinfo.rs (types_fmgr::fcinfo::FunctionCallInfoBaseData::args_n::<1>)
 * 448:5 - 449:31 COVERED
 * 450:13 - 450:41 UNCOVERED
 * 451:9 - 454:6 COVERED

/Users/malisper/dev/pgrust-fast/.wt-covfix/crates/_support/types/fmgr/src/fcinfo.rs (types_fmgr::fcinfo::arity_panic)
 * 502:1 - 503:11 UNCOVERED

/Users/malisper/dev/pgrust-fast/.wt-covfix/crates/backend/utils/adt/int8/src/builtins.rs (adt_int8::builtins::fc_i8tof)
 * 62:9 - 65:10 COVERED

/Users/malisper/dev/pgrust-fast/.wt-covfix/crates/backend/utils/adt/int8/src/lib.rs (adt_int8::i8tof)
 * 587:1 - 589:2 COVERED

/Users/malisper/dev/pgrust-fast/.wt-covfix/proofs/support/src/lib.rs (<datum::Datum as proof_support::ProofArg>::to_datum)
 * 236:9 - 238:10 COVERED

/Users/malisper/dev/pgrust-fast/.wt-covfix/proofs/support/src/lib.rs (proof_support::call1_ok::<datum::Datum, std::boxed::Box<types_error::PgError>>)
 * 273:5 - 275:6 COVERED

/Users/malisper/dev/pgrust-fast/.wt-covfix/proofs/support/src/lib.rs (proof_support::call::<1, std::boxed::Box<types_error::PgError>>)
 * 253:5 - 256:6 COVERED

/Users/malisper/dev/pgrust-fast/.wt-covfix/proofs/support/src/lib.rs (proof_support::call_ok::<1, std::boxed::Box<types_error::PgError>>)
 * 261:5 - 262:29 COVERED
 * 263:16 - 266:6 COVERED
 * 264:23 - 264:29 UNCOVERED

/Users/malisper/dev/pgrust-fast/.wt-covfix/proofs/support/src/lib.rs (proof_support::fci::<1>)
 * 242:5 - 244:52 COVERED
 * 244:14 - 246:10 COVERED
 * 247:9 - 248:6 COVERED

src/lib.rs (proofs::eq_i8tof)
 * 115:13 - 120:14 COVERED

Verification Time: 0.37254742s

[info] Coverage results saved to /Users/malisper/dev/pgrust-fast/.wt-covfix/proofs/casts/target/kani/aarch64-apple-darwin/kanicov_2026-07-30_23-28
Manual Harness Summary:
Complete - 1 successfully verified harnesses, 0 failures, 1 total.
