Kani Rust Verifier 0.67.0 (cargo plugin)
warning: variant `Malloc` is never constructed
  --> /Users/malisper/dev/pgrust-fast/.wt-covfix/crates/_support/mcx/src/lib.rs:64:5
   |
61 | enum Backend {
   |      ------- variant in this enum
...
64 |     Malloc,
   |     ^^^^^^
   |
   = note: `#[warn(dead_code)]` (part of `#[warn(unused)]`) on by default

warning: function `chunk_size` is never used
   --> /Users/malisper/dev/pgrust-fast/.wt-covfix/crates/_support/mcx/src/aset.rs:284:4
    |
284 | fn chunk_size(idx: usize) -> usize {
    |    ^^^^^^^^^^

warning: method `mem_allocated` is never used
   --> /Users/malisper/dev/pgrust-fast/.wt-covfix/crates/_support/mcx/src/aset.rs:340:19
    |
306 | impl AllocSet {
    | ------------- method in this implementation
...
340 |     pub(crate) fn mem_allocated(&self) -> usize {
    |                   ^^^^^^^^^^^^^

warning: variant `ROW_MARK_EXCLUSIVE` should have an upper camel case name
   --> /Users/malisper/dev/pgrust-fast/.wt-covfix/crates/_support/types/nodes/src/plannodes.rs:897:5
    |
897 |     ROW_MARK_EXCLUSIVE = 0,
    |     ^^^^^^^^^^^^^^^^^^ help: convert the identifier to upper camel case: `RowMarkExclusive`
    |
    = note: `#[warn(non_camel_case_types)]` (part of `#[warn(nonstandard_style)]`) on by default

warning: variant `ROW_MARK_NOKEYEXCLUSIVE` should have an upper camel case name
   --> /Users/malisper/dev/pgrust-fast/.wt-covfix/crates/_support/types/nodes/src/plannodes.rs:898:5
    |
898 |     ROW_MARK_NOKEYEXCLUSIVE = 1,
    |     ^^^^^^^^^^^^^^^^^^^^^^^ help: convert the identifier to upper camel case: `RowMarkNokeyexclusive`

warning: variant `ROW_MARK_SHARE` should have an upper camel case name
   --> /Users/malisper/dev/pgrust-fast/.wt-covfix/crates/_support/types/nodes/src/plannodes.rs:899:5
    |
899 |     ROW_MARK_SHARE = 2,
    |     ^^^^^^^^^^^^^^ help: convert the identifier to upper camel case: `RowMarkShare`

warning: variant `ROW_MARK_KEYSHARE` should have an upper camel case name
   --> /Users/malisper/dev/pgrust-fast/.wt-covfix/crates/_support/types/nodes/src/plannodes.rs:900:5
    |
900 |     ROW_MARK_KEYSHARE = 3,
    |     ^^^^^^^^^^^^^^^^^ help: convert the identifier to upper camel case: `RowMarkKeyshare`

warning: variant `ROW_MARK_REFERENCE` should have an upper camel case name
   --> /Users/malisper/dev/pgrust-fast/.wt-covfix/crates/_support/types/nodes/src/plannodes.rs:901:5
    |
901 |     ROW_MARK_REFERENCE = 4,
    |     ^^^^^^^^^^^^^^^^^^ help: convert the identifier to upper camel case: `RowMarkReference`

warning: variant `ROW_MARK_COPY` should have an upper camel case name
   --> /Users/malisper/dev/pgrust-fast/.wt-covfix/crates/_support/types/nodes/src/plannodes.rs:902:5
    |
902 |     ROW_MARK_COPY = 5,
    |     ^^^^^^^^^^^^^ help: convert the identifier to upper camel case: `RowMarkCopy`

warning: unused imports: `LOG_DESTINATION_CSVLOG` and `LOG_DESTINATION_JSONLOG`
  --> /Users/malisper/dev/pgrust-fast/.wt-covfix/crates/backend/utils/error/elog/src/config.rs:10:61
   |
10 |     ErrorLevel, PGErrorVerbosity, PgError, PgResult, ERROR, LOG_DESTINATION_CSVLOG,
   |                                                             ^^^^^^^^^^^^^^^^^^^^^^
11 |     LOG_DESTINATION_JSONLOG, LOG_DESTINATION_STDERR, LOG_DESTINATION_SYSLOG, NOTICE, WARNING,
   |     ^^^^^^^^^^^^^^^^^^^^^^^
   |
   = note: `#[warn(unused_imports)]` (part of `#[warn(unused)]`) on by default

warning: unused import: `OptNodeList`
  --> /Users/malisper/dev/pgrust-fast/.wt-covfix/crates/backend/nodes/readfuncs/src/lib.rs:12:53
   |
12 | use types_nodes::list::{IntList, NodeList, OidList, OptNodeList};
   |                                                     ^^^^^^^^^^^
   |
   = note: `#[warn(unused_imports)]` (part of `#[warn(unused)]`) on by default

warning: unused import: `CoerceViaIO`
  --> /Users/malisper/dev/pgrust-fast/.wt-covfix/crates/backend/nodes/readfuncs/src/lib.rs:22:19
   |
22 |     CoalesceExpr, CoerceViaIO, CoercionForm, Const, FieldSelect, FieldStore, FromExpr, FuncExpr,
   |                   ^^^^^^^^^^^

warning: unreachable pattern
   --> /Users/malisper/dev/pgrust-fast/.wt-covfix/crates/backend/nodes/outfuncs/src/lib.rs:522:9
    |
124 |         NodeTag::T_CaseExpr => {
    |         ------------------- matches all the relevant values
...
522 |         NodeTag::T_CaseExpr => {
    |         ^^^^^^^^^^^^^^^^^^^ no value can reach this
    |
    = note: `#[warn(unreachable_patterns)]` (part of `#[warn(unused)]`) on by default

warning: unreachable pattern
   --> /Users/malisper/dev/pgrust-fast/.wt-covfix/crates/backend/nodes/outfuncs/src/lib.rs:532:9
    |
134 |         NodeTag::T_CaseWhen => {
    |         ------------------- matches all the relevant values
...
532 |         NodeTag::T_CaseWhen => {
    |         ^^^^^^^^^^^^^^^^^^^ no value can reach this

warning: unreachable pattern
   --> /Users/malisper/dev/pgrust-fast/.wt-covfix/crates/backend/nodes/outfuncs/src/lib.rs:587:9
    |
150 |         NodeTag::T_WindowFunc => {
    |         --------------------- matches all the relevant values
...
587 |         NodeTag::T_WindowFunc => {
    |         ^^^^^^^^^^^^^^^^^^^^^ no value can reach this

warning: unreachable pattern
   --> /Users/malisper/dev/pgrust-fast/.wt-covfix/crates/backend/nodes/outfuncs/src/lib.rs:606:9
    |
194 |         NodeTag::T_SetOperationStmt => {
    |         --------------------------- matches all the relevant values
...
606 |         NodeTag::T_SetOperationStmt => {
    |         ^^^^^^^^^^^^^^^^^^^^^^^^^^^ no value can reach this

warning: unreachable pattern
   --> /Users/malisper/dev/pgrust-fast/.wt-covfix/crates/backend/nodes/outfuncs/src/lib.rs:727:9
    |
479 |         NodeTag::T_NotifyStmt => out_notify_stmt(
    |         --------------------- matches all the relevant values
...
727 |         NodeTag::T_NotifyStmt => {
    |         ^^^^^^^^^^^^^^^^^^^^^ no value can reach this

warning: variable does not need to be mutable
   --> /Users/malisper/dev/pgrust-fast/.wt-covfix/crates/_support/types/pathnodes/src/run.rs:381:13
    |
381 |         let mut add = |outer: &mut crate::Relids<'mcx>, id: i32| {
    |             ----^^^
    |             |
    |             help: remove this `mut`
    |
    = note: `#[warn(unused_mut)]` (part of `#[warn(unused)]`) on by default

warning: variable does not need to be mutable
   --> /Users/malisper/dev/pgrust-fast/.wt-covfix/crates/_support/types/pathnodes/src/run.rs:414:17
    |
414 |             let mut add = |outer: &mut crate::Relids<'mcx>, id: i32| {
    |                 ----^^^
    |                 |
    |                 help: remove this `mut`

warning: unused import: `SetFunctionReturnMode`
 --> /Users/malisper/dev/pgrust-fast/.wt-covfix/crates/backend/utils/fmgr/funcapi_srf/src/lib.rs:4:62
  |
4 | use fmgr::{ExprDoneCond, FmgrInfo, FunctionCallInfoBaseData, SetFunctionReturnMode};
  |                                                              ^^^^^^^^^^^^^^^^^^^^^
  |
  = note: `#[warn(unused_imports)]` (part of `#[warn(unused)]`) on by default

warning: function `init_MultiFuncCall` should have a snake case name
  --> /Users/malisper/dev/pgrust-fast/.wt-covfix/crates/backend/utils/fmgr/funcapi_srf/src/lib.rs:44:8
   |
44 | pub fn init_MultiFuncCall<'a>(
   |        ^^^^^^^^^^^^^^^^^^ help: convert the identifier to snake case: `init_multi_func_call`
   |
   = note: `#[warn(non_snake_case)]` (part of `#[warn(nonstandard_style)]`) on by default

warning: function `per_MultiFuncCall` should have a snake case name
  --> /Users/malisper/dev/pgrust-fast/.wt-covfix/crates/backend/utils/fmgr/funcapi_srf/src/lib.rs:64:8
   |
64 | pub fn per_MultiFuncCall(flinfo: &mut FmgrInfo) -> &mut FuncCallContext {
   |        ^^^^^^^^^^^^^^^^^ help: convert the identifier to snake case: `per_multi_func_call`

warning: function `end_MultiFuncCall` should have a snake case name
  --> /Users/malisper/dev/pgrust-fast/.wt-covfix/crates/backend/utils/fmgr/funcapi_srf/src/lib.rs:70:8
   |
70 | pub fn end_MultiFuncCall(flinfo: &mut FmgrInfo) {
   |        ^^^^^^^^^^^^^^^^^ help: convert the identifier to snake case: `end_multi_func_call`

warning: type `spgChooseIn` should have an upper camel case name
  --> /Users/malisper/dev/pgrust-fast/.wt-covfix/crates/_support/types/types_spgist/src/state.rs:92:12
   |
92 | pub struct spgChooseIn {
   |            ^^^^^^^^^^^ help: convert the identifier to upper camel case (notice the capitalization): `SpgChooseIn`
   |
   = note: `#[warn(non_camel_case_types)]` (part of `#[warn(nonstandard_style)]`) on by default

warning: type `spgChooseOut` should have an upper camel case name
   --> /Users/malisper/dev/pgrust-fast/.wt-covfix/crates/_support/types/types_spgist/src/state.rs:104:10
    |
104 | pub enum spgChooseOut {
    |          ^^^^^^^^^^^^ help: convert the identifier to upper camel case (notice the capitalization): `SpgChooseOut`

warning: type `spgPickSplitIn` should have an upper camel case name
   --> /Users/malisper/dev/pgrust-fast/.wt-covfix/crates/_support/types/types_spgist/src/state.rs:127:12
    |
127 | pub struct spgPickSplitIn {
    |            ^^^^^^^^^^^^^^ help: convert the identifier to upper camel case (notice the capitalization): `SpgPickSplitIn`

warning: type `spgPickSplitOut` should have an upper camel case name
   --> /Users/malisper/dev/pgrust-fast/.wt-covfix/crates/_support/types/types_spgist/src/state.rs:134:12
    |
134 | pub struct spgPickSplitOut {
    |            ^^^^^^^^^^^^^^^ help: convert the identifier to upper camel case (notice the capitalization): `SpgPickSplitOut`

warning: type `spgInnerConsistentIn` should have an upper camel case name
   --> /Users/malisper/dev/pgrust-fast/.wt-covfix/crates/_support/types/types_spgist/src/state.rs:157:12
    |
157 | pub struct spgInnerConsistentIn<'a> {
    |            ^^^^^^^^^^^^^^^^^^^^ help: convert the identifier to upper camel case (notice the capitalization): `SpgInnerConsistentIn`

warning: type `spgInnerConsistentOut` should have an upper camel case name
   --> /Users/malisper/dev/pgrust-fast/.wt-covfix/crates/_support/types/types_spgist/src/state.rs:175:12
    |
175 | pub struct spgInnerConsistentOut {
    |            ^^^^^^^^^^^^^^^^^^^^^ help: convert the identifier to upper camel case (notice the capitalization): `SpgInnerConsistentOut`

warning: type `spgLeafConsistentIn` should have an upper camel case name
   --> /Users/malisper/dev/pgrust-fast/.wt-covfix/crates/_support/types/types_spgist/src/state.rs:199:12
    |
199 | pub struct spgLeafConsistentIn {
    |            ^^^^^^^^^^^^^^^^^^^ help: convert the identifier to upper camel case (notice the capitalization): `SpgLeafConsistentIn`

warning: type `spgLeafConsistentOut` should have an upper camel case name
   --> /Users/malisper/dev/pgrust-fast/.wt-covfix/crates/_support/types/types_spgist/src/state.rs:212:12
    |
212 | pub struct spgLeafConsistentOut {
    |            ^^^^^^^^^^^^^^^^^^^^ help: convert the identifier to upper camel case (notice the capitalization): `SpgLeafConsistentOut`

warning: type `spgxlogState` should have an upper camel case name
  --> /Users/malisper/dev/pgrust-fast/.wt-covfix/crates/_support/types/types_spgist/src/xlog.rs:15:12
   |
15 | pub struct spgxlogState {
   |            ^^^^^^^^^^^^ help: convert the identifier to upper camel case (notice the capitalization): `SpgxlogState`

warning: type `spgxlogAddLeaf` should have an upper camel case name
  --> /Users/malisper/dev/pgrust-fast/.wt-covfix/crates/_support/types/types_spgist/src/xlog.rs:40:12
   |
40 | pub struct spgxlogAddLeaf {
   |            ^^^^^^^^^^^^^^ help: convert the identifier to upper camel case (notice the capitalization): `SpgxlogAddLeaf`

warning: type `spgxlogMoveLeafs` should have an upper camel case name
  --> /Users/malisper/dev/pgrust-fast/.wt-covfix/crates/_support/types/types_spgist/src/xlog.rs:76:12
   |
76 | pub struct spgxlogMoveLeafs {
   |            ^^^^^^^^^^^^^^^^ help: convert the identifier to upper camel case (notice the capitalization): `SpgxlogMoveLeafs`

warning: type `spgxlogAddNode` should have an upper camel case name
   --> /Users/malisper/dev/pgrust-fast/.wt-covfix/crates/_support/types/types_spgist/src/xlog.rs:115:12
    |
115 | pub struct spgxlogAddNode {
    |            ^^^^^^^^^^^^^^ help: convert the identifier to upper camel case (notice the capitalization): `SpgxlogAddNode`

warning: type `spgxlogSplitTuple` should have an upper camel case name
   --> /Users/malisper/dev/pgrust-fast/.wt-covfix/crates/_support/types/types_spgist/src/xlog.rs:154:12
    |
154 | pub struct spgxlogSplitTuple {
    |            ^^^^^^^^^^^^^^^^^ help: convert the identifier to upper camel case (notice the capitalization): `SpgxlogSplitTuple`

warning: type `spgxlogPickSplit` should have an upper camel case name
   --> /Users/malisper/dev/pgrust-fast/.wt-covfix/crates/_support/types/types_spgist/src/xlog.rs:184:12
    |
184 | pub struct spgxlogPickSplit {
    |            ^^^^^^^^^^^^^^^^ help: convert the identifier to upper camel case (notice the capitalization): `SpgxlogPickSplit`

warning: type `spgxlogVacuumLeaf` should have an upper camel case name
   --> /Users/malisper/dev/pgrust-fast/.wt-covfix/crates/_support/types/types_spgist/src/xlog.rs:238:12
    |
238 | pub struct spgxlogVacuumLeaf {
    |            ^^^^^^^^^^^^^^^^^ help: convert the identifier to upper camel case (notice the capitalization): `SpgxlogVacuumLeaf`

warning: type `spgxlogVacuumRoot` should have an upper camel case name
   --> /Users/malisper/dev/pgrust-fast/.wt-covfix/crates/_support/types/types_spgist/src/xlog.rs:271:12
    |
271 | pub struct spgxlogVacuumRoot {
    |            ^^^^^^^^^^^^^^^^^ help: convert the identifier to upper camel case (notice the capitalization): `SpgxlogVacuumRoot`

warning: type `spgxlogVacuumRedirect` should have an upper camel case name
   --> /Users/malisper/dev/pgrust-fast/.wt-covfix/crates/_support/types/types_spgist/src/xlog.rs:295:12
    |
295 | pub struct spgxlogVacuumRedirect {
    |            ^^^^^^^^^^^^^^^^^^^^^ help: convert the identifier to upper camel case (notice the capitalization): `SpgxlogVacuumRedirect`

warning: type `spgConfigIn` should have an upper camel case name
   --> /Users/malisper/dev/pgrust-fast/.wt-covfix/crates/_support/types/types_spgist/src/lib.rs:237:12
    |
237 | pub struct spgConfigIn {
    |            ^^^^^^^^^^^ help: convert the identifier to upper camel case (notice the capitalization): `SpgConfigIn`

warning: type `spgConfigOut` should have an upper camel case name
   --> /Users/malisper/dev/pgrust-fast/.wt-covfix/crates/_support/types/types_spgist/src/lib.rs:242:12
    |
242 | pub struct spgConfigOut {
    |            ^^^^^^^^^^^^ help: convert the identifier to upper camel case (notice the capitalization): `SpgConfigOut`

warning: unreachable pattern
  --> /Users/malisper/dev/pgrust-fast/.wt-covfix/crates/backend/nodes/nodes_core/src/node_funcs.rs:47:9
   |
30 |         NodeTag::T_CollateExpr => expr_type(node.as_collate_expr().unwrap().arg),
   |         ---------------------- matches all the relevant values
...
47 |         NodeTag::T_CollateExpr => expr_type(node.as_collate_expr().unwrap().arg),
   |         ^^^^^^^^^^^^^^^^^^^^^^ no value can reach this
   |
   = note: `#[warn(unreachable_patterns)]` (part of `#[warn(unused)]`) on by default

warning: unreachable pattern
   --> /Users/malisper/dev/pgrust-fast/.wt-covfix/crates/backend/nodes/nodes_core/src/node_funcs.rs:194:9
    |
163 |         NodeTag::T_CollateExpr => expr_typmod(node.as_collate_expr().unwrap().arg),
    |         ---------------------- matches all the relevant values
...
194 |         NodeTag::T_CollateExpr => expr_typmod(node.as_collate_expr().unwrap().arg),
    |         ^^^^^^^^^^^^^^^^^^^^^^ no value can reach this

warning: unreachable pattern
   --> /Users/malisper/dev/pgrust-fast/.wt-covfix/crates/backend/nodes/nodes_core/src/node_funcs.rs:296:9
    |
279 |         NodeTag::T_CollateExpr => node.as_collate_expr().unwrap().collOid,
    |         ---------------------- matches all the relevant values
...
296 |         NodeTag::T_CollateExpr => node.as_collate_expr().unwrap().collOid,
    |         ^^^^^^^^^^^^^^^^^^^^^^ no value can reach this

warning: unreachable pattern
   --> /Users/malisper/dev/pgrust-fast/.wt-covfix/crates/backend/nodes/nodes_core/src/node_funcs.rs:476:9
    |
424 |         NodeTag::T_CollateExpr => expr_location(node.as_collate_expr().unwrap().arg),
    |         ---------------------- matches all the relevant values
...
476 |         NodeTag::T_CollateExpr => expr_location(node.as_collate_expr().unwrap().arg),
    |         ^^^^^^^^^^^^^^^^^^^^^^ no value can reach this

warning: unused import: `MemoryContext`
  --> /Users/malisper/dev/pgrust-fast/.wt-covfix/crates/backend/utils/cache/typcache/src/lib.rs:19:16
   |
19 | use mcx::{Mcx, MemoryContext, PgHashMap, PgVec};
   |                ^^^^^^^^^^^^^
   |
   = note: `#[warn(unused_imports)]` (part of `#[warn(unused)]`) on by default

warning: value assigned to `addedafter` is never read
   --> /Users/malisper/dev/pgrust-fast/.wt-covfix/crates/backend/utils/adt/arrayfuncs/src/element.rs:545:26
    |
545 |     let mut addedafter = 0i32;
    |                          ^^^^
    |
    = help: maybe it is overwritten before being read?
    = note: `#[warn(unused_assignments)]` (part of `#[warn(unused)]`) on by default

warning: unnecessary `unsafe` block
   --> /Users/malisper/dev/pgrust-fast/.wt-covfix/crates/backend/utils/adt/arrayfuncs/src/expanded.rs:144:55
    |
141 |     unsafe {
    |     ------ because it's nested under this `unsafe` block
...
144 |         parentcontext.register_reset_callback(move || unsafe { drop(Box::from_raw(p)) });
    |                                                       ^^^^^^ unnecessary `unsafe` block
    |
    = note: `#[warn(unused_unsafe)]` (part of `#[warn(unused)]`) on by default

warning: unnecessary `unsafe` block
   --> /Users/malisper/dev/pgrust-fast/.wt-covfix/crates/backend/utils/adt/arrayfuncs/src/expanded.rs:252:15
    |
252 |         cur + unsafe { varsize_any(value.as_usize() as *const u8) }
    |               ^^^^^^ unnecessary `unsafe` block

warning: unnecessary `unsafe` block
   --> /Users/malisper/dev/pgrust-fast/.wt-covfix/crates/backend/utils/adt/arrayfuncs/src/io.rs:557:15
    |
557 |         -1 => unsafe { varsize_any(p) },
    |               ^^^^^^ unnecessary `unsafe` block

warning: constant `HASH_RECORD_OID` is never used
   --> /Users/malisper/dev/pgrust-fast/.wt-covfix/crates/backend/utils/adt/arrayfuncs/src/builtins.rs:522:7
    |
522 | const HASH_RECORD_OID: Oid = 6192;
    |       ^^^^^^^^^^^^^^^
    |
    = note: `#[warn(dead_code)]` (part of `#[warn(unused)]`) on by default

warning: constant `HASH_RECORD_EXTENDED_OID` is never used
   --> /Users/malisper/dev/pgrust-fast/.wt-covfix/crates/backend/utils/adt/arrayfuncs/src/builtins.rs:523:7
    |
523 | const HASH_RECORD_EXTENDED_OID: Oid = 6193;
    |       ^^^^^^^^^^^^^^^^^^^^^^^^

warning: field `0` is never read
  --> /Users/malisper/dev/pgrust-fast/.wt-covfix/crates/backend/utils/adt/numeric/src/sortsupport.rs:21:17
   |
21 | struct AlignBuf([u8; 128]);
   |        -------- ^^^^^^^^^
   |        |
   |        field in this struct
   |
   = help: consider removing this field
   = note: `#[warn(dead_code)]` (part of `#[warn(unused)]`) on by default

warning: unused import: `Point`
 --> /Users/malisper/dev/pgrust-fast/.wt-covfix/crates/backend/utils/adt/geo/src/path.rs:2:25
  |
2 | use ::types_core::geo::{Point, BOX, PATH_HEADER_SIZE};
  |                         ^^^^^
  |
  = note: `#[warn(unused_imports)]` (part of `#[warn(unused)]`) on by default

warning: unused import: `stubs`
  --> src/ext.rs:46:39
   |
46 |     use proof_support::{call1, call2, stubs};
   |                                       ^^^^^
   |
   = note: `#[warn(unused_imports)]` (part of `#[warn(unused)]`) on by default

warning: unused imports: `mcx_stubs` and `stubs`
  --> src/ext2.rs:50:39
   |
50 |     use proof_support::{call1, call2, mcx_stubs, stubs, FcFn};
   |                                       ^^^^^^^^^  ^^^^^

warning: unused imports: `mcx_stubs` and `stubs`
  --> src/ext3.rs:40:25
   |
40 |     use proof_support::{mcx_stubs, stubs, FcFn};
   |                         ^^^^^^^^^  ^^^^^

warning: unused imports: `mcx_stubs` and `stubs`
  --> src/ext4.rs:30:25
   |
30 |     use proof_support::{mcx_stubs, stubs};
   |                         ^^^^^^^^^  ^^^^^

warning: unused imports: `mcx_stubs` and `stubs`
  --> src/ext5.rs:34:25
   |
34 |     use proof_support::{mcx_stubs, stubs, FcFn};
   |                         ^^^^^^^^^  ^^^^^

warning: unused import: `stubs`
  --> src/lib.rs:64:39
   |
64 |     use proof_support::{call1, call2, stubs};
   |                                       ^^^^^

warning: constant `POLY_BUF` is never used
  --> src/ext5.rs:58:11
   |
58 |     const POLY_BUF: usize = 4 + 36 + 16 * CAP;
   |           ^^^^^^^^
   |
   = note: `#[warn(dead_code)]` (part of `#[warn(unused)]`) on by default

warning: function `poly_img` is never used
  --> src/ext5.rs:76:8
   |
76 |     fn poly_img(npts: i32, bb: [f64; 4], pts: &[(f64, f64)]) -> [u8; POLY_BUF] {
   |        ^^^^^^^^

warning: function `call2n` is never used
  --> src/ext5.rs:96:8
   |
96 |     fn call2n(fc: FcFn<Box<PgError>>, a: *const u8, b: *const u8) -> (Result<Datum, Box<PgError>>, bool) {
   |        ^^^^^^

warning: Found the following unsupported constructs:
             - caller_location (1)
             - foreign function (2)
         
         Verification will fail if one or more of these constructs is reachable.
         See https://model-checking.github.io/kani/rust-feature-support.html for more details.

    Finished `dev` profile [unoptimized + debuginfo] target(s) in 0.23s
Checking harness ext5::proofs_ext5::eq_poly_overlap_bboxfail...
CBMC 6.8.0 (cbmc-6.8.0)
CBMC version 6.8.0 (cbmc-6.8.0) 64-bit arm64 macos
Reading GOTO program from file /Users/malisper/dev/pgrust-fast/.wt-covfix/proofs/geo-cmp/target/kani/aarch64-apple-darwin/debug/deps/proof_geo_cmp-3dea81324dc6a75c__RNvNtNtCs4aLvt2ZhjUt_13proof_geo_cmp4ext511proofs_ext524eq_poly_overlap_bboxfail.out
Generating GOTO Program
Adding CPROVER library (arm64)
Removal of function pointers and virtual functions
Generic Property Instrumentation
Running with 16 object bits, 48 offset bits (user-specified)
Starting Bounded Model Checking
Unwinding loop _RINvXs2E_NtNtCs2fBbJ0VEDWe_4core5slice4iterINtB7_4IterAhj8_ENtNtNtNtBb_4iter6traits8iterator8Iterator4foldjNCINvNtNtB12_8adapters3map8map_foldRBQ_jjNCNvXs0_NtCs6L0xoU5iSXA_5alloc5sliceSBQ_INtB2u_6ConcathE6concat0NCINvXsK_NtB10_5accumjNtB3x_3Sum3sumINtB1M_3MapBF_B2m_EE0E0ECs4aLvt2ZhjUt_13proof_geo_cmp.0 iteration 1 file /Users/runner/.rustup/toolchains/nightly-2025-11-21-aarch64-apple-darwin/lib/rustlib/src/rust/library/core/src/slice/iter/macros.rs line 252 column 17 function <std::slice::Iter<'_, [u8; 8]> as std::iter::Iterator>::fold::<usize, {closure@std::iter::adapters::map::map_fold<&[u8; 8], usize, usize, {closure@<[[u8; 8]] as std::slice::Concat<u8>>::concat::{closure#0}}, {closure@<usize as std::iter::Sum>::sum<std::iter::Map<std::slice::Iter<'_, [u8; 8]>, {closure@<[[u8; 8]] as std::slice::Concat<u8>>::concat::{closure#0}}>>::{closure#0}}>::{closure#0}}> thread 0
Unwinding loop _RNvXs0_NtCs6L0xoU5iSXA_5alloc5sliceSAhj8_INtB5_6ConcathE6concatCs4aLvt2ZhjUt_13proof_geo_cmp.0 iteration 1 file /Users/runner/.rustup/toolchains/nightly-2025-11-21-aarch64-apple-darwin/lib/rustlib/src/rust/library/alloc/src/slice.rs line 730 column 9 function <[[u8; 8]] as std::slice::Concat<u8>>::concat thread 0
Unwinding loop _RNvXs0_NtCs6L0xoU5iSXA_5alloc5sliceSAhj8_INtB5_6ConcathE6concatCs4aLvt2ZhjUt_13proof_geo_cmp.0 iteration 2 file /Users/runner/.rustup/toolchains/nightly-2025-11-21-aarch64-apple-darwin/lib/rustlib/src/rust/library/alloc/src/slice.rs line 730 column 9 function <[[u8; 8]] as std::slice::Concat<u8>>::concat thread 0
Unwinding loop _RINvXs2E_NtNtCs2fBbJ0VEDWe_4core5slice4iterINtB7_4IterAhj8_ENtNtNtNtBb_4iter6traits8iterator8Iterator4foldjNCINvNtNtB12_8adapters3map8map_foldRBQ_jjNCNvXs0_NtCs6L0xoU5iSXA_5alloc5sliceSBQ_INtB2u_6ConcathE6concat0NCINvXsK_NtB10_5accumjNtB3x_3Sum3sumINtB1M_3MapBF_B2m_EE0E0ECs4aLvt2ZhjUt_13proof_geo_cmp.0 iteration 1 file /Users/runner/.rustup/toolchains/nightly-2025-11-21-aarch64-apple-darwin/lib/rustlib/src/rust/library/core/src/slice/iter/macros.rs line 252 column 17 function <std::slice::Iter<'_, [u8; 8]> as std::iter::Iterator>::fold::<usize, {closure@std::iter::adapters::map::map_fold<&[u8; 8], usize, usize, {closure@<[[u8; 8]] as std::slice::Concat<u8>>::concat::{closure#0}}, {closure@<usize as std::iter::Sum>::sum<std::iter::Map<std::slice::Iter<'_, [u8; 8]>, {closure@<[[u8; 8]] as std::slice::Concat<u8>>::concat::{closure#0}}>>::{closure#0}}>::{closure#0}}> thread 0
Unwinding loop _RNvXs0_NtCs6L0xoU5iSXA_5alloc5sliceSAhj8_INtB5_6ConcathE6concatCs4aLvt2ZhjUt_13proof_geo_cmp.0 iteration 1 file /Users/runner/.rustup/toolchains/nightly-2025-11-21-aarch64-apple-darwin/lib/rustlib/src/rust/library/alloc/src/slice.rs line 730 column 9 function <[[u8; 8]] as std::slice::Concat<u8>>::concat thread 0
Unwinding loop _RNvXs0_NtCs6L0xoU5iSXA_5alloc5sliceSAhj8_INtB5_6ConcathE6concatCs4aLvt2ZhjUt_13proof_geo_cmp.0 iteration 2 file /Users/runner/.rustup/toolchains/nightly-2025-11-21-aarch64-apple-darwin/lib/rustlib/src/rust/library/alloc/src/slice.rs line 730 column 9 function <[[u8; 8]] as std::slice::Concat<u8>>::concat thread 0
Unwinding loop pg_poly_stage.0 iteration 1 file c/pg_geo_cmp.c line 2361 function pg_poly_stage thread 0
Unwinding loop pg_poly_stage.0 iteration 1 file c/pg_geo_cmp.c line 2361 function pg_poly_stage thread 0
Runtime Symex: 0.460846s
size of program expression: 19073 steps
slicing removed 13538 assignments
Generated 1451 VCC(s), 96 remaining after simplification
Runtime Postprocess Equation: 0.00378721s
Passing problem to propositional reduction
converting SSA
Runtime Convert SSA: 0.0173817s
Running propositional reduction
Post-processing
Runtime Post-process: 5.375e-06s
Solving with External SAT solver
Writing temporary CNF
Invoking SAT solver
Solver returned code: 10
result:SATISFIABLE
Runtime Solver: 0.0499795s
Runtime decision procedure: 0.067675s
Running propositional reduction
Solving with External SAT solver
Writing temporary CNF
Invoking SAT solver
Solver returned code: 20
result:UNSATISFIABLE
Runtime Solver: 0.0356004s
Runtime decision procedure: 0.0356861s

RESULTS:
Check 1: std::option::Option::<usize>::ok_or::<std::collections::TryReserveErrorKind>.unreachable.1
	 - Status: SUCCESS
	 - Description: "unreachable code"
	 - Location: ../../../../../../runner/.rustup/toolchains/nightly-2025-11-21-aarch64-apple-darwin/lib/rustlib/src/rust/library/core/src/option.rs:1338:15 in function std::option::Option::<usize>::ok_or::<std::collections::TryReserveErrorKind>

Check 2: std::hint::assert_unchecked.assume.1
	 - Status: SUCCESS
	 - Description: "Rust intrinsic assumption failed"
	 - Location: ../../../../../../runner/.rustup/toolchains/nightly-2025-11-21-aarch64-apple-darwin/lib/rustlib/src/rust/library/core/src/hint.rs:210:9 in function std::hint::assert_unchecked

Check 3: alloc::raw_vec::RawVecInner::finish_grow.unreachable.1
	 - Status: SUCCESS
	 - Description: "unreachable code"
	 - Location: ../../../../../../runner/.rustup/toolchains/nightly-2025-11-21-aarch64-apple-darwin/lib/rustlib/src/rust/library/alloc/src/raw_vec/mod.rs:745:26 in function alloc::raw_vec::RawVecInner::finish_grow

Check 4: std::ptr::swap_nonoverlapping_bytes::swap_nonoverlapping_chunks::<8>.unreachable.1
	 - Status: SUCCESS
	 - Description: "unreachable code"
	 - Location: ../../../../../../runner/.rustup/toolchains/nightly-2025-11-21-aarch64-apple-darwin/lib/rustlib/src/rust/library/core/src/ptr/mod.rs:1446:18 in function std::ptr::swap_nonoverlapping_bytes::swap_nonoverlapping_chunks::<8>

Check 5: std::ptr::swap_nonoverlapping_bytes::swap_nonoverlapping_chunks::<8>.safety_check.1
	 - Status: SUCCESS
	 - Description: "misaligned pointer to reference cast: address must be a multiple of its type's alignment"
	 - Location: ../../../../../../runner/.rustup/toolchains/nightly-2025-11-21-aarch64-apple-darwin/lib/rustlib/src/rust/library/core/src/ptr/mod.rs:1448:33 in function std::ptr::swap_nonoverlapping_bytes::swap_nonoverlapping_chunks::<8>

Check 6: std::ptr::swap_nonoverlapping_bytes::swap_nonoverlapping_chunks::<8>.safety_check.2
	 - Status: SUCCESS
	 - Description: "dereference failure: pointer invalid"
	 - Location: ../../../../../../runner/.rustup/toolchains/nightly-2025-11-21-aarch64-apple-darwin/lib/rustlib/src/rust/library/core/src/ptr/mod.rs:1448:33 in function std::ptr::swap_nonoverlapping_bytes::swap_nonoverlapping_chunks::<8>

Check 7: std::ptr::swap_nonoverlapping_bytes::swap_nonoverlapping_chunks::<8>.safety_check.3
	 - Status: SUCCESS
	 - Description: "misaligned pointer to reference cast: address must be a multiple of its type's alignment"
	 - Location: ../../../../../../runner/.rustup/toolchains/nightly-2025-11-21-aarch64-apple-darwin/lib/rustlib/src/rust/library/core/src/ptr/mod.rs:1448:49 in function std::ptr::swap_nonoverlapping_bytes::swap_nonoverlapping_chunks::<8>

Check 8: std::ptr::swap_nonoverlapping_bytes::swap_nonoverlapping_chunks::<8>.safety_check.4
	 - Status: SUCCESS
	 - Description: "dereference failure: pointer invalid"
	 - Location: ../../../../../../runner/.rustup/toolchains/nightly-2025-11-21-aarch64-apple-darwin/lib/rustlib/src/rust/library/core/src/ptr/mod.rs:1448:49 in function std::ptr::swap_nonoverlapping_bytes::swap_nonoverlapping_chunks::<8>

Check 9: std::panic::Location::<'_>::caller.unsupported_construct.1
	 - Status: SUCCESS
	 - Description: "caller_location is not currently supported by Kani. Please post your example at https://github.com/model-checking/kani/issues/374"
	 - Location: ../../../../../../runner/.rustup/toolchains/nightly-2025-11-21-aarch64-apple-darwin/lib/rustlib/src/rust/library/core/src/panic/location.rs:147:9 in function std::panic::Location::<'_>::caller

Check 10: <std::result::Result<f64, std::boxed::Box<types_error::PgError>> as std::ops::Try>::branch.unreachable.1
	 - Status: SUCCESS
	 - Description: "unreachable code"
	 - Location: ../../../../../../runner/.rustup/toolchains/nightly-2025-11-21-aarch64-apple-darwin/lib/rustlib/src/rust/library/core/src/result.rs:2173:15 in function <std::result::Result<f64, std::boxed::Box<types_error::PgError>> as std::ops::Try>::branch

Check 11: <std::result::Result<bool, std::boxed::Box<types_error::PgError>> as std::ops::Try>::branch.unreachable.1
	 - Status: SUCCESS
	 - Description: "unreachable code"
	 - Location: ../../../../../../runner/.rustup/toolchains/nightly-2025-11-21-aarch64-apple-darwin/lib/rustlib/src/rust/library/core/src/result.rs:2173:15 in function <std::result::Result<bool, std::boxed::Box<types_error::PgError>> as std::ops::Try>::branch

Check 12: __rust_alloc_zeroed.assertion.1
	 - Status: SUCCESS
	 - Description: "__rust_alloc_zeroed must be called with a size greater than 0"
	 - Location: ../../../../../.kani/kani-0.67.0/library/kani/kani_lib.c:62 in function __rust_alloc_zeroed

Check 13: __rust_alloc_zeroed.assertion.2
	 - Status: SUCCESS
	 - Description: "Alignment is power of two"
	 - Location: ../../../../../.kani/kani-0.67.0/library/kani/kani_lib.c:65 in function __rust_alloc_zeroed

Check 14: __rust_realloc.assertion.1
	 - Status: SUCCESS
	 - Description: "rust_realloc must be called with a non-null pointer"
	 - Location: ../../../../../.kani/kani-0.67.0/library/kani/kani_lib.c:102 in function __rust_realloc

Check 15: __rust_realloc.assertion.2
	 - Status: SUCCESS
	 - Description: "rust_realloc must be called with a size greater than 0"
	 - Location: ../../../../../.kani/kani-0.67.0/library/kani/kani_lib.c:105 in function __rust_realloc

Check 16: __rust_realloc.assertion.3
	 - Status: SUCCESS
	 - Description: "Alignment is power of two"
	 - Location: ../../../../../.kani/kani-0.67.0/library/kani/kani_lib.c:109 in function __rust_realloc

Check 17: std::result::Result::<std::ptr::NonNull<[u8]>, std::alloc::AllocError>::map_err::<std::collections::TryReserveError, {closure@alloc::raw_vec::RawVecInner::finish_grow::{closure#0}}>.unreachable.1
	 - Status: SUCCESS
	 - Description: "unreachable code"
	 - Location: ../../../../../../runner/.rustup/toolchains/nightly-2025-11-21-aarch64-apple-darwin/lib/rustlib/src/rust/library/core/src/result.rs:966:15 in function std::result::Result::<std::ptr::NonNull<[u8]>, std::alloc::AllocError>::map_err::<std::collections::TryReserveError, {closure@alloc::raw_vec::RawVecInner::finish_grow::{closure#0}}>

Check 18: <std::collections::TryReserveErrorKind as std::clone::Clone>::clone.unreachable.1
	 - Status: SUCCESS
	 - Description: "unreachable code"
	 - Location: ../../../../../../runner/.rustup/toolchains/nightly-2025-11-21-aarch64-apple-darwin/lib/rustlib/src/rust/library/alloc/src/collections/mod.rs:93:10 in function <std::collections::TryReserveErrorKind as std::clone::Clone>::clone

Check 19: <std::result::Result<i32, std::boxed::Box<types_error::PgError>> as std::ops::Try>::branch.unreachable.1
	 - Status: SUCCESS
	 - Description: "unreachable code"
	 - Location: ../../../../../../runner/.rustup/toolchains/nightly-2025-11-21-aarch64-apple-darwin/lib/rustlib/src/rust/library/core/src/result.rs:2173:15 in function <std::result::Result<i32, std::boxed::Box<types_error::PgError>> as std::ops::Try>::branch

Check 20: <usize as std::iter::Sum>::sum::<std::iter::Map<std::slice::Iter<'_, [u8; 8]>, {closure@<[[u8; 8]] as std::slice::Concat<u8>>::concat::{closure#0}}>>::{closure#0}.assertion.1
	 - Status: SUCCESS
	 - Description: "attempt to add with overflow"
	 - Location: ../../../../../../runner/.rustup/toolchains/nightly-2025-11-21-aarch64-apple-darwin/lib/rustlib/src/rust/library/core/src/iter/traits/accum.rs:53:28 in function <usize as std::iter::Sum>::sum::<std::iter::Map<std::slice::Iter<'_, [u8; 8]>, {closure@<[[u8; 8]] as std::slice::Concat<u8>>::concat::{closure#0}}>>::{closure#0}

Check 21: core::num::<impl usize>::unchecked_mul.arithmetic_overflow.1
	 - Status: SUCCESS
	 - Description: "attempt to compute `unchecked_mul` which would overflow"
	 - Location: ../../../../../../runner/.rustup/toolchains/nightly-2025-11-21-aarch64-apple-darwin/lib/rustlib/src/rust/library/core/src/num/uint_macros.rs:1117:17 in function core::num::<impl usize>::unchecked_mul

Check 22: std::ptr::write_bytes::<u8>.safety_check.1
	 - Status: SUCCESS
	 - Description: "`dst` must be properly aligned"
	 - Location: ../../../../../../runner/.rustup/toolchains/nightly-2025-11-21-aarch64-apple-darwin/lib/rustlib/src/rust/library/core/src/ptr/mod.rs:709:9 in function std::ptr::write_bytes::<u8>

Check 23: std::ptr::write_bytes::<u8>.arithmetic_overflow.1
	 - Status: SUCCESS
	 - Description: "write_bytes: attempt to compute number in bytes which would overflow"
	 - Location: ../../../../../../runner/.rustup/toolchains/nightly-2025-11-21-aarch64-apple-darwin/lib/rustlib/src/rust/library/core/src/ptr/mod.rs:709:9 in function std::ptr::write_bytes::<u8>

Check 24: alloc::raw_vec::RawVecInner::grow_amortized.assertion.1
	 - Status: UNREACHABLE
	 - Description: "attempt to multiply with overflow"
	 - Location: ../../../../../../runner/.rustup/toolchains/nightly-2025-11-21-aarch64-apple-darwin/lib/rustlib/src/rust/library/alloc/src/raw_vec/mod.rs:692:28 in function alloc::raw_vec::RawVecInner::grow_amortized

Check 25: alloc::raw_vec::RawVecInner::grow_amortized.unreachable.1
	 - Status: SUCCESS
	 - Description: "unreachable code"
	 - Location: src/lib.rs:0:0 in function alloc::raw_vec::RawVecInner::grow_amortized

Check 26: std::alloc::Layout::size_rounded_up_to_custom_align.arithmetic_overflow.1
	 - Status: SUCCESS
	 - Description: "attempt to compute `unchecked_sub` which would overflow"
	 - Location: ../../../../../../runner/.rustup/toolchains/nightly-2025-11-21-aarch64-apple-darwin/lib/rustlib/src/rust/library/core/src/alloc/layout.rs:304:28 in function std::alloc::Layout::size_rounded_up_to_custom_align

Check 27: std::alloc::Layout::size_rounded_up_to_custom_align.arithmetic_overflow.2
	 - Status: SUCCESS
	 - Description: "attempt to compute `unchecked_add` which would overflow"
	 - Location: ../../../../../../runner/.rustup/toolchains/nightly-2025-11-21-aarch64-apple-darwin/lib/rustlib/src/rust/library/core/src/alloc/layout.rs:305:13 in function std::alloc::Layout::size_rounded_up_to_custom_align

Check 28: malloc.assertion.1
	 - Status: SUCCESS
	 - Description: "max allocation size exceeded"
	 - Location: <builtin-library-malloc>:31 in function malloc

Check 29: malloc.assertion.2
	 - Status: SUCCESS
	 - Description: "max allocation may fail"
	 - Location: <builtin-library-malloc>:36 in function malloc

Check 30: adt_geo::lseg::lseg_interpt_line.assertion.1
	 - Status: UNREACHABLE
	 - Description: "index out of bounds: the length is less than or equal to the given index"
	 - Location: ../../crates/backend/utils/adt/geo/src/lseg.rs:124:31 in function adt_geo::lseg::lseg_interpt_line

Check 31: adt_geo::lseg::lseg_interpt_line.unreachable.1
	 - Status: SUCCESS
	 - Description: "unreachable code"
	 - Location: src/lib.rs:0:0 in function adt_geo::lseg::lseg_interpt_line

Check 32: adt_geo::lseg::lseg_interpt_line.assertion.2
	 - Status: UNREACHABLE
	 - Description: "index out of bounds: the length is less than or equal to the given index"
	 - Location: ../../crates/backend/utils/adt/geo/src/lseg.rs:135:28 in function adt_geo::lseg::lseg_interpt_line

Check 33: adt_geo::lseg::lseg_interpt_line.assertion.3
	 - Status: UNREACHABLE
	 - Description: "index out of bounds: the length is less than or equal to the given index"
	 - Location: ../../crates/backend/utils/adt/geo/src/lseg.rs:136:21 in function adt_geo::lseg::lseg_interpt_line

Check 34: adt_geo::lseg::lseg_interpt_line.assertion.4
	 - Status: UNREACHABLE
	 - Description: "index out of bounds: the length is less than or equal to the given index"
	 - Location: ../../crates/backend/utils/adt/geo/src/lseg.rs:137:35 in function adt_geo::lseg::lseg_interpt_line

Check 35: adt_geo::lseg::lseg_interpt_line.assertion.5
	 - Status: UNREACHABLE
	 - Description: "index out of bounds: the length is less than or equal to the given index"
	 - Location: ../../crates/backend/utils/adt/geo/src/lseg.rs:138:21 in function adt_geo::lseg::lseg_interpt_line

Check 36: kani::rustc_intrinsics::size_of_val_raw::<[f64]>.unreachable.1
	 - Status: SUCCESS
	 - Description: "unreachable code"
	 - Location: ../../../../../../runner/work/kani/kani/library/kani_core/src/models.rs:23:13 in function kani::rustc_intrinsics::size_of_val_raw::<[f64]>

Check 37: kani::rustc_intrinsics::size_of_val_raw::<[f64]>.safety_check.1
	 - Status: SUCCESS
	 - Description: "failed to compute `size_of_val`"
	 - Location: ../../../../../../runner/work/kani/kani/library/kani/src/lib.rs:57:1 in function kani::rustc_intrinsics::size_of_val_raw::<[f64]>

Check 38: kani::rustc_intrinsics::size_of_val_raw::<[f64]>.assertion.1
	 - Status: SUCCESS
	 - Description: "cannot compute `size_of_val` for extern types"
	 - Location: ../../../../../../runner/work/kani/kani/library/kani/src/lib.rs:57:1 in function kani::rustc_intrinsics::size_of_val_raw::<[f64]>

Check 39: adt_geo::line::line_construct.unreachable.1
	 - Status: SUCCESS
	 - Description: "unreachable code"
	 - Location: src/lib.rs:0:0 in function adt_geo::line::line_construct

Check 40: std::alloc::Layout::repeat.unreachable.1
	 - Status: SUCCESS
	 - Description: "unreachable code"
	 - Location: ../../../../../../runner/.rustup/toolchains/nightly-2025-11-21-aarch64-apple-darwin/lib/rustlib/src/rust/library/core/src/alloc/layout.rs:359:5 in function std::alloc::Layout::repeat

Check 41: adt_geo::lseg::lseg_sl.assertion.1
	 - Status: UNREACHABLE
	 - Description: "index out of bounds: the length is less than or equal to the given index"
	 - Location: ../../crates/backend/utils/adt/geo/src/lseg.rs:21:15 in function adt_geo::lseg::lseg_sl

Check 42: adt_geo::lseg::lseg_sl.assertion.2
	 - Status: UNREACHABLE
	 - Description: "index out of bounds: the length is less than or equal to the given index"
	 - Location: ../../crates/backend/utils/adt/geo/src/lseg.rs:21:27 in function adt_geo::lseg::lseg_sl

Check 43: std::ptr::const_ptr::<impl *const [u8; 8]>::offset_from_unsigned.assertion.1
	 - Status: SUCCESS
	 - Description: "assertion failed: 0 < pointee_size && pointee_size <= isize::MAX as usize"
	 - Location: ../../../../../../runner/.rustup/toolchains/nightly-2025-11-21-aarch64-apple-darwin/lib/rustlib/src/rust/library/core/src/ptr/const_ptr.rs:727:9 in function std::ptr::const_ptr::<impl *const [u8; 8]>::offset_from_unsigned

Check 44: feraiseexcept.assertion.1
	 - Status: SUCCESS
	 - Description: "floating-point exception"
	 - Location: <builtin-library-feraiseexcept>:5 in function feraiseexcept

Check 45: __rust_alloc.assertion.1
	 - Status: SUCCESS
	 - Description: "__rust_alloc must be called with a size greater than 0"
	 - Location: ../../../../../.kani/kani-0.67.0/library/kani/kani_lib.c:43 in function __rust_alloc

Check 46: __rust_alloc.assertion.2
	 - Status: SUCCESS
	 - Description: "Alignment is power of two"
	 - Location: ../../../../../.kani/kani-0.67.0/library/kani/kani_lib.c:46 in function __rust_alloc

Check 47: calloc.assertion.1
	 - Status: SUCCESS
	 - Description: "max allocation size exceeded"
	 - Location: <builtin-library-calloc>:31 in function calloc

Check 48: calloc.assertion.2
	 - Status: SUCCESS
	 - Description: "max allocation may fail"
	 - Location: <builtin-library-calloc>:36 in function calloc

Check 49: adt_geo::PolyRef::<'_>::from_parts.assertion.1
	 - Status: SUCCESS
	 - Description: "attempt to multiply with overflow"
	 - Location: ../../crates/backend/utils/adt/geo/src/lib.rs:281:36 in function adt_geo::PolyRef::<'_>::from_parts

Check 50: adt_geo::PolyRef::<'_>::from_parts.assertion.2
	 - Status: SUCCESS
	 - Description: "assertion failed: pts.len() >= npts * POINT_SIZE"
	 - Location: ../../crates/backend/utils/adt/geo/src/lib.rs:281:9 in function adt_geo::PolyRef::<'_>::from_parts

Check 51: std::ptr::drop_in_place::<alloc::raw_vec::RawVec<u8>>.safety_check.1
	 - Status: SUCCESS
	 - Description: "misaligned pointer to reference cast: address must be a multiple of its type's alignment"
	 - Location: ../../../../../../runner/.rustup/toolchains/nightly-2025-11-21-aarch64-apple-darwin/lib/rustlib/src/rust/library/core/src/ptr/mod.rs:805:1 in function std::ptr::drop_in_place::<alloc::raw_vec::RawVec<u8>>

Check 52: std::ptr::drop_in_place::<alloc::raw_vec::RawVec<u8>>.safety_check.2
	 - Status: SUCCESS
	 - Description: "dereference failure: pointer invalid"
	 - Location: ../../../../../../runner/.rustup/toolchains/nightly-2025-11-21-aarch64-apple-darwin/lib/rustlib/src/rust/library/core/src/ptr/mod.rs:805:1 in function std::ptr::drop_in_place::<alloc::raw_vec::RawVec<u8>>

Check 53: std::vec::Vec::<u8>::append_elements.assertion.1
	 - Status: SUCCESS
	 - Description: "attempt to add with overflow"
	 - Location: ../../../../../../runner/.rustup/toolchains/nightly-2025-11-21-aarch64-apple-darwin/lib/rustlib/src/rust/library/alloc/src/vec/mod.rs:2743:9 in function std::vec::Vec::<u8>::append_elements

Check 54: alloc::raw_vec::capacity_overflow.assertion.1
	 - Status: SUCCESS
	 - Description: "This is a placeholder message; Kani doesn't support message formatted at runtime"
	 - Location: ../../../../../../runner/.rustup/toolchains/nightly-2025-11-21-aarch64-apple-darwin/lib/rustlib/src/rust/library/alloc/src/raw_vec/mod.rs:28:5 in function alloc::raw_vec::capacity_overflow

Check 55: adt_geo::line::line_interpt_line.unreachable.1
	 - Status: SUCCESS
	 - Description: "unreachable code"
	 - Location: src/lib.rs:0:0 in function adt_geo::line::line_interpt_line

Check 56: <[[u8; 8]] as std::slice::Concat<u8>>::concat.unreachable.1
	 - Status: SUCCESS
	 - Description: "unreachable code"
	 - Location: ../../../../../../runner/.rustup/toolchains/nightly-2025-11-21-aarch64-apple-darwin/lib/rustlib/src/rust/library/alloc/src/slice.rs:730:18 in function <[[u8; 8]] as std::slice::Concat<u8>>::concat

Check 57: adt_geo::poly::poly_overlap_internal.assertion.1
	 - Status: SUCCESS
	 - Description: "assertion failed: a.n() != 0 && b.n() != 0"
	 - Location: ../../crates/backend/utils/adt/geo/src/poly.rs:51:5 in function adt_geo::poly::poly_overlap_internal

Check 58: adt_geo::poly::poly_overlap_internal.assertion.2
	 - Status: UNREACHABLE
	 - Description: "attempt to subtract with overflow"
	 - Location: ../../crates/backend/utils/adt/geo/src/poly.rs:60:18 in function adt_geo::poly::poly_overlap_internal

Check 59: adt_geo::poly::poly_overlap_internal.assertion.3
	 - Status: UNREACHABLE
	 - Description: "index out of bounds: the length is less than or equal to the given index"
	 - Location: ../../crates/backend/utils/adt/geo/src/poly.rs:64:9 in function adt_geo::poly::poly_overlap_internal

Check 60: adt_geo::poly::poly_overlap_internal.assertion.4
	 - Status: UNREACHABLE
	 - Description: "attempt to subtract with overflow"
	 - Location: ../../crates/backend/utils/adt/geo/src/poly.rs:67:22 in function adt_geo::poly::poly_overlap_internal

Check 61: adt_geo::poly::poly_overlap_internal.assertion.5
	 - Status: UNREACHABLE
	 - Description: "index out of bounds: the length is less than or equal to the given index"
	 - Location: ../../crates/backend/utils/adt/geo/src/poly.rs:70:13 in function adt_geo::poly::poly_overlap_internal

Check 62: adt_geo::poly::poly_overlap_internal.assertion.6
	 - Status: UNREACHABLE
	 - Description: "index out of bounds: the length is less than or equal to the given index"
	 - Location: ../../crates/backend/utils/adt/geo/src/poly.rs:74:23 in function adt_geo::poly::poly_overlap_internal

Check 63: adt_geo::poly::poly_overlap_internal.assertion.7
	 - Status: UNREACHABLE
	 - Description: "index out of bounds: the length is less than or equal to the given index"
	 - Location: ../../crates/backend/utils/adt/geo/src/poly.rs:74:13 in function adt_geo::poly::poly_overlap_internal

Check 64: adt_geo::poly::poly_overlap_internal.assertion.8
	 - Status: UNREACHABLE
	 - Description: "index out of bounds: the length is less than or equal to the given index"
	 - Location: ../../crates/backend/utils/adt/geo/src/poly.rs:76:19 in function adt_geo::poly::poly_overlap_internal

Check 65: adt_geo::poly::poly_overlap_internal.assertion.9
	 - Status: UNREACHABLE
	 - Description: "index out of bounds: the length is less than or equal to the given index"
	 - Location: ../../crates/backend/utils/adt/geo/src/poly.rs:76:9 in function adt_geo::poly::poly_overlap_internal

Check 66: adt_geo::poly::poly_overlap_internal.unreachable.1
	 - Status: SUCCESS
	 - Description: "unreachable code"
	 - Location: src/lib.rs:0:0 in function adt_geo::poly::poly_overlap_internal

Check 67: kani::mem::cbmc::same_allocation.unsupported_construct.1
	 - Status: SUCCESS
	 - Description: "Kani does not support reasoning about pointer to unallocated memory"
	 - Location: ../../../../../../runner/work/kani/kani/library/kani/src/lib.rs:57:1 in function kani::mem::cbmc::same_allocation

Check 68: __rust_dealloc.assertion.1
	 - Status: SUCCESS
	 - Description: "Alignment is power of two"
	 - Location: ../../../../../.kani/kani-0.67.0/library/kani/kani_lib.c:83 in function __rust_dealloc

Check 69: __rust_dealloc.assertion.2
	 - Status: SUCCESS
	 - Description: "rust_dealloc must be called on an object whose allocated size matches its layout"
	 - Location: ../../../../../.kani/kani-0.67.0/library/kani/kani_lib.c:85 in function __rust_dealloc

Check 70: std::option::Option::<std::ptr::NonNull<u8>>::ok_or::<std::alloc::AllocError>.unreachable.1
	 - Status: SUCCESS
	 - Description: "unreachable code"
	 - Location: ../../../../../../runner/.rustup/toolchains/nightly-2025-11-21-aarch64-apple-darwin/lib/rustlib/src/rust/library/core/src/option.rs:1338:15 in function std::option::Option::<std::ptr::NonNull<u8>>::ok_or::<std::alloc::AllocError>

Check 71: std::ptr::copy_nonoverlapping::<u8>.safety_check.1
	 - Status: SUCCESS
	 - Description: "`src` must be properly aligned"
	 - Location: ../../../../../../runner/.rustup/toolchains/nightly-2025-11-21-aarch64-apple-darwin/lib/rustlib/src/rust/library/core/src/ptr/mod.rs:547:14 in function std::ptr::copy_nonoverlapping::<u8>

Check 72: std::ptr::copy_nonoverlapping::<u8>.safety_check.2
	 - Status: SUCCESS
	 - Description: "`dst` must be properly aligned"
	 - Location: ../../../../../../runner/.rustup/toolchains/nightly-2025-11-21-aarch64-apple-darwin/lib/rustlib/src/rust/library/core/src/ptr/mod.rs:547:14 in function std::ptr::copy_nonoverlapping::<u8>

Check 73: std::ptr::copy_nonoverlapping::<u8>.arithmetic_overflow.1
	 - Status: SUCCESS
	 - Description: "copy_nonoverlapping: attempt to compute number in bytes which would overflow"
	 - Location: ../../../../../../runner/.rustup/toolchains/nightly-2025-11-21-aarch64-apple-darwin/lib/rustlib/src/rust/library/core/src/ptr/mod.rs:547:14 in function std::ptr::copy_nonoverlapping::<u8>

Check 74: adt_geo::lseg_crossing.assertion.1
	 - Status: UNREACHABLE
	 - Description: "attempt to multiply with overflow"
	 - Location: ../../crates/backend/utils/adt/geo/src/lib.rs:392:27 in function adt_geo::lseg_crossing

Check 75: adt_geo::lseg_crossing.unreachable.1
	 - Status: SUCCESS
	 - Description: "unreachable code"
	 - Location: src/lib.rs:0:0 in function adt_geo::lseg_crossing

Check 76: adt_geo::lseg_crossing.assertion.2
	 - Status: UNREACHABLE
	 - Description: "attempt to multiply with overflow"
	 - Location: ../../crates/backend/utils/adt/geo/src/lib.rs:408:16 in function adt_geo::lseg_crossing

Check 77: kani::rustc_intrinsics::offset::<u8, *const u8, usize>.safety_check.1
	 - Status: SUCCESS
	 - Description: "Offset in bytes overflows isize"
	 - Location: ../../../../../../runner/work/kani/kani/library/kani/src/lib.rs:57:1 in function kani::rustc_intrinsics::offset::<u8, *const u8, usize>

Check 78: kani::rustc_intrinsics::offset::<u8, *const u8, usize>.safety_check.2
	 - Status: SUCCESS
	 - Description: "Offset result and original pointer must point to the same allocation"
	 - Location: ../../../../../../runner/work/kani/kani/library/kani/src/lib.rs:57:1 in function kani::rustc_intrinsics::offset::<u8, *const u8, usize>

Check 79: core::slice::index::slice_index_fail::do_panic::runtime.assertion.1
	 - Status: SUCCESS
	 - Description: "This is a placeholder message; Kani doesn't support message formatted at runtime"
	 - Location: ../../../../../../runner/.rustup/toolchains/nightly-2025-11-21-aarch64-apple-darwin/lib/rustlib/src/rust/library/core/src/slice/index.rs:40:9 in function core::slice::index::slice_index_fail::do_panic::runtime

Check 80: alloc::raw_vec::RawVecInner::deallocate.unreachable.1
	 - Status: SUCCESS
	 - Description: "unreachable code"
	 - Location: ../../../../../../runner/.rustup/toolchains/nightly-2025-11-21-aarch64-apple-darwin/lib/rustlib/src/rust/library/alloc/src/raw_vec/mod.rs:830:5 in function alloc::raw_vec::RawVecInner::deallocate

Check 81: <std::result::Result<std::alloc::Layout, std::collections::TryReserveError> as std::ops::Try>::branch.unreachable.1
	 - Status: SUCCESS
	 - Description: "unreachable code"
	 - Location: ../../../../../../runner/.rustup/toolchains/nightly-2025-11-21-aarch64-apple-darwin/lib/rustlib/src/rust/library/core/src/result.rs:2173:15 in function <std::result::Result<std::alloc::Layout, std::collections::TryReserveError> as std::ops::Try>::branch

Check 82: <std::slice::Iter<'_, [u8; 8]> as std::iter::Iterator>::fold::<usize, {closure@std::iter::adapters::map::map_fold<&[u8; 8], usize, usize, {closure@<[[u8; 8]] as std::slice::Concat<u8>>::concat::{closure#0}}, {closure@<usize as std::iter::Sum>::sum<std::iter::Map<std::slice::Iter<'_, [u8; 8]>, {closure@<[[u8; 8]] as std::slice::Concat<u8>>::concat::{closure#0}}>>::{closure#0}}>::{closure#0}}>.safety_check.1
	 - Status: SUCCESS
	 - Description: "misaligned pointer to reference cast: address must be a multiple of its type's alignment"
	 - Location: ../../../../../../runner/.rustup/toolchains/nightly-2025-11-21-aarch64-apple-darwin/lib/rustlib/src/rust/library/core/src/slice/iter/macros.rs:255:43 in function <std::slice::Iter<'_, [u8; 8]> as std::iter::Iterator>::fold::<usize, {closure@std::iter::adapters::map::map_fold<&[u8; 8], usize, usize, {closure@<[[u8; 8]] as std::slice::Concat<u8>>::concat::{closure#0}}, {closure@<usize as std::iter::Sum>::sum<std::iter::Map<std::slice::Iter<'_, [u8; 8]>, {closure@<[[u8; 8]] as std::slice::Concat<u8>>::concat::{closure#0}}>>::{closure#0}}>::{closure#0}}>

Check 83: <std::slice::Iter<'_, [u8; 8]> as std::iter::Iterator>::fold::<usize, {closure@std::iter::adapters::map::map_fold<&[u8; 8], usize, usize, {closure@<[[u8; 8]] as std::slice::Concat<u8>>::concat::{closure#0}}, {closure@<usize as std::iter::Sum>::sum<std::iter::Map<std::slice::Iter<'_, [u8; 8]>, {closure@<[[u8; 8]] as std::slice::Concat<u8>>::concat::{closure#0}}>>::{closure#0}}>::{closure#0}}>.safety_check.2
	 - Status: SUCCESS
	 - Description: "dereference failure: pointer invalid"
	 - Location: ../../../../../../runner/.rustup/toolchains/nightly-2025-11-21-aarch64-apple-darwin/lib/rustlib/src/rust/library/core/src/slice/iter/macros.rs:255:43 in function <std::slice::Iter<'_, [u8; 8]> as std::iter::Iterator>::fold::<usize, {closure@std::iter::adapters::map::map_fold<&[u8; 8], usize, usize, {closure@<[[u8; 8]] as std::slice::Concat<u8>>::concat::{closure#0}}, {closure@<usize as std::iter::Sum>::sum<std::iter::Map<std::slice::Iter<'_, [u8; 8]>, {closure@<[[u8; 8]] as std::slice::Concat<u8>>::concat::{closure#0}}>>::{closure#0}}>::{closure#0}}>

Check 84: kani::rustc_intrinsics::offset::<std::mem::MaybeUninit<[u8; 8]>, *mut std::mem::MaybeUninit<[u8; 8]>, usize>.safety_check.1
	 - Status: SUCCESS
	 - Description: "Offset in bytes overflows isize"
	 - Location: ../../../../../../runner/work/kani/kani/library/kani/src/lib.rs:57:1 in function kani::rustc_intrinsics::offset::<std::mem::MaybeUninit<[u8; 8]>, *mut std::mem::MaybeUninit<[u8; 8]>, usize>

Check 85: kani::rustc_intrinsics::offset::<std::mem::MaybeUninit<[u8; 8]>, *mut std::mem::MaybeUninit<[u8; 8]>, usize>.safety_check.2
	 - Status: SUCCESS
	 - Description: "Offset result and original pointer must point to the same allocation"
	 - Location: ../../../../../../runner/work/kani/kani/library/kani/src/lib.rs:57:1 in function kani::rustc_intrinsics::offset::<std::mem::MaybeUninit<[u8; 8]>, *mut std::mem::MaybeUninit<[u8; 8]>, usize>

Check 86: std::fmt::Arguments::<'_>::from_str.assertion.1
	 - Status: UNREACHABLE
	 - Description: "attempt to shift left with overflow"
	 - Location: ../../../../../../runner/.rustup/toolchains/nightly-2025-11-21-aarch64-apple-darwin/lib/rustlib/src/rust/library/core/src/fmt/mod.rs:820:38 in function std::fmt::Arguments::<'_>::from_str

Check 87: std::vec::Vec::<u8>::len.assume.1
	 - Status: SUCCESS
	 - Description: "Rust intrinsic assumption failed"
	 - Location: ../../../../../../runner/.rustup/toolchains/nightly-2025-11-21-aarch64-apple-darwin/lib/rustlib/src/rust/library/alloc/src/vec/mod.rs:2859:18 in function std::vec::Vec::<u8>::len

Check 88: core::panicking::panic_nounwind_fmt::runtime.unsupported_construct.1
	 - Status: SUCCESS
	 - Description: "call to foreign "Rust" function `_RNvCs1hStedNDpZ2_7___rustc17rust_begin_unwind` is not currently supported by Kani. Please post your example at https://github.com/model-checking/kani/issues/new/choose"
	 - Location: ../../../../../../runner/.rustup/toolchains/nightly-2025-11-21-aarch64-apple-darwin/lib/rustlib/src/rust/library/core/src/panicking.rs:110:17 in function core::panicking::panic_nounwind_fmt::runtime

Check 89: alloc::raw_vec::RawVecInner::with_capacity_in.unreachable.1
	 - Status: SUCCESS
	 - Description: "unreachable code"
	 - Location: ../../../../../../runner/.rustup/toolchains/nightly-2025-11-21-aarch64-apple-darwin/lib/rustlib/src/rust/library/alloc/src/raw_vec/mod.rs:419:15 in function alloc::raw_vec::RawVecInner::with_capacity_in

Check 90: std::ptr::const_ptr::<impl *const u8>::offset_from_unsigned.assertion.1
	 - Status: SUCCESS
	 - Description: "assertion failed: 0 < pointee_size && pointee_size <= isize::MAX as usize"
	 - Location: ../../../../../../runner/.rustup/toolchains/nightly-2025-11-21-aarch64-apple-darwin/lib/rustlib/src/rust/library/core/src/ptr/const_ptr.rs:727:9 in function std::ptr::const_ptr::<impl *const u8>::offset_from_unsigned

Check 91: std::ptr::drop_in_place::<std::boxed::Box<types_error::PgError>>.safety_check.1
	 - Status: SUCCESS
	 - Description: "misaligned pointer to reference cast: address must be a multiple of its type's alignment"
	 - Location: ../../../../../../runner/.rustup/toolchains/nightly-2025-11-21-aarch64-apple-darwin/lib/rustlib/src/rust/library/core/src/ptr/mod.rs:805:1 in function std::ptr::drop_in_place::<std::boxed::Box<types_error::PgError>>

Check 92: std::ptr::drop_in_place::<std::boxed::Box<types_error::PgError>>.safety_check.2
	 - Status: SUCCESS
	 - Description: "dereference failure: pointer invalid"
	 - Location: ../../../../../../runner/.rustup/toolchains/nightly-2025-11-21-aarch64-apple-darwin/lib/rustlib/src/rust/library/core/src/ptr/mod.rs:805:1 in function std::ptr::drop_in_place::<std::boxed::Box<types_error::PgError>>

Check 93: alloc::raw_vec::RawVecInner::try_allocate_in.unreachable.1
	 - Status: SUCCESS
	 - Description: "unreachable code"
	 - Location: src/lib.rs:0:0 in function alloc::raw_vec::RawVecInner::try_allocate_in

Check 94: kani::rustc_intrinsics::offset::<[u8; 8], *const [u8; 8], usize>.safety_check.1
	 - Status: SUCCESS
	 - Description: "Offset in bytes overflows isize"
	 - Location: ../../../../../../runner/work/kani/kani/library/kani/src/lib.rs:57:1 in function kani::rustc_intrinsics::offset::<[u8; 8], *const [u8; 8], usize>

Check 95: kani::rustc_intrinsics::offset::<[u8; 8], *const [u8; 8], usize>.safety_check.2
	 - Status: SUCCESS
	 - Description: "Offset result and original pointer must point to the same allocation"
	 - Location: ../../../../../../runner/work/kani/kani/library/kani/src/lib.rs:57:1 in function kani::rustc_intrinsics::offset::<[u8; 8], *const [u8; 8], usize>

Check 96: kani::rustc_intrinsics::offset::<[u8; 8], *mut [u8; 8], usize>.safety_check.1
	 - Status: SUCCESS
	 - Description: "Offset in bytes overflows isize"
	 - Location: ../../../../../../runner/work/kani/kani/library/kani/src/lib.rs:57:1 in function kani::rustc_intrinsics::offset::<[u8; 8], *mut [u8; 8], usize>

Check 97: kani::rustc_intrinsics::offset::<[u8; 8], *mut [u8; 8], usize>.safety_check.2
	 - Status: SUCCESS
	 - Description: "Offset result and original pointer must point to the same allocation"
	 - Location: ../../../../../../runner/work/kani/kani/library/kani/src/lib.rs:57:1 in function kani::rustc_intrinsics::offset::<[u8; 8], *mut [u8; 8], usize>

Check 98: core::slice::index::slice_index_fail::do_panic::runtime.assertion.2
	 - Status: SUCCESS
	 - Description: "This is a placeholder message; Kani doesn't support message formatted at runtime"
	 - Location: ../../../../../../runner/.rustup/toolchains/nightly-2025-11-21-aarch64-apple-darwin/lib/rustlib/src/rust/library/core/src/slice/index.rs:49:9 in function core::slice::index::slice_index_fail::do_panic::runtime

Check 99: std::ptr::NonNull::<[u8; 8]>::as_ref::<'_>.safety_check.1
	 - Status: SUCCESS
	 - Description: "misaligned pointer to reference cast: address must be a multiple of its type's alignment"
	 - Location: ../../../../../../runner/.rustup/toolchains/nightly-2025-11-21-aarch64-apple-darwin/lib/rustlib/src/rust/library/core/src/ptr/non_null.rs:445:18 in function std::ptr::NonNull::<[u8; 8]>::as_ref::<'_>

Check 100: std::ptr::NonNull::<[u8; 8]>::as_ref::<'_>.safety_check.2
	 - Status: SUCCESS
	 - Description: "dereference failure: pointer invalid"
	 - Location: ../../../../../../runner/.rustup/toolchains/nightly-2025-11-21-aarch64-apple-darwin/lib/rustlib/src/rust/library/core/src/ptr/non_null.rs:445:18 in function std::ptr::NonNull::<[u8; 8]>::as_ref::<'_>

Check 101: std::alloc::Layout::is_size_align_valid.unreachable.1
	 - Status: SUCCESS
	 - Description: "unreachable code"
	 - Location: ../../../../../../runner/.rustup/toolchains/nightly-2025-11-21-aarch64-apple-darwin/lib/rustlib/src/rust/library/core/src/alloc/layout.rs:68:5 in function std::alloc::Layout::is_size_align_valid

Check 102: <std::result::Result<std::ptr::NonNull<[u8]>, std::alloc::AllocError> as std::ops::Try>::branch.unreachable.1
	 - Status: SUCCESS
	 - Description: "unreachable code"
	 - Location: ../../../../../../runner/.rustup/toolchains/nightly-2025-11-21-aarch64-apple-darwin/lib/rustlib/src/rust/library/core/src/result.rs:2173:15 in function <std::result::Result<std::ptr::NonNull<[u8]>, std::alloc::AllocError> as std::ops::Try>::branch

Check 103: kani::rustc_intrinsics::align_of_val_raw::<types_error::PgError>.unreachable.1
	 - Status: SUCCESS
	 - Description: "unreachable code"
	 - Location: ../../../../../../runner/work/kani/kani/library/kani_core/src/models.rs:43:13 in function kani::rustc_intrinsics::align_of_val_raw::<types_error::PgError>

Check 104: kani::rustc_intrinsics::align_of_val_raw::<types_error::PgError>.safety_check.1
	 - Status: SUCCESS
	 - Description: "failed to compute `align_of_val`"
	 - Location: ../../../../../../runner/work/kani/kani/library/kani/src/lib.rs:57:1 in function kani::rustc_intrinsics::align_of_val_raw::<types_error::PgError>

Check 105: kani::rustc_intrinsics::align_of_val_raw::<types_error::PgError>.assertion.1
	 - Status: SUCCESS
	 - Description: "cannot compute `align_of_val` for extern types"
	 - Location: ../../../../../../runner/work/kani/kani/library/kani/src/lib.rs:57:1 in function kani::rustc_intrinsics::align_of_val_raw::<types_error::PgError>

Check 106: <adt_geo::PolyRef<'_> as adt_geo::Pts>::pt.assertion.1
	 - Status: UNREACHABLE
	 - Description: "attempt to multiply with overflow"
	 - Location: ../../crates/backend/utils/adt/geo/src/lib.rs:293:43 in function <adt_geo::PolyRef<'_> as adt_geo::Pts>::pt

Check 107: <adt_geo::PolyRef<'_> as adt_geo::Pts>::pt.assertion.2
	 - Status: UNREACHABLE
	 - Description: "attempt to multiply with overflow"
	 - Location: ../../crates/backend/utils/adt/geo/src/lib.rs:293:59 in function <adt_geo::PolyRef<'_> as adt_geo::Pts>::pt

Check 108: <adt_geo::PolyRef<'_> as adt_geo::Pts>::pt.assertion.3
	 - Status: UNREACHABLE
	 - Description: "attempt to add with overflow"
	 - Location: ../../crates/backend/utils/adt/geo/src/lib.rs:293:59 in function <adt_geo::PolyRef<'_> as adt_geo::Pts>::pt

Check 109: core::ub_checks::maybe_is_nonoverlapping::runtime.unreachable.1
	 - Status: SUCCESS
	 - Description: "unreachable code"
	 - Location: ../../../../../../runner/.rustup/toolchains/nightly-2025-11-21-aarch64-apple-darwin/lib/rustlib/src/rust/library/core/src/intrinsics/mod.rs:2437:9 in function core::ub_checks::maybe_is_nonoverlapping::runtime

Check 110: <std::result::Result<usize, std::collections::TryReserveErrorKind> as std::ops::Try>::branch.unreachable.1
	 - Status: SUCCESS
	 - Description: "unreachable code"
	 - Location: ../../../../../../runner/.rustup/toolchains/nightly-2025-11-21-aarch64-apple-darwin/lib/rustlib/src/rust/library/core/src/result.rs:2173:15 in function <std::result::Result<usize, std::collections::TryReserveErrorKind> as std::ops::Try>::branch

Check 111: kani::rustc_intrinsics::size_of_val_raw::<types_error::PgError>.unreachable.1
	 - Status: SUCCESS
	 - Description: "unreachable code"
	 - Location: ../../../../../../runner/work/kani/kani/library/kani_core/src/models.rs:23:13 in function kani::rustc_intrinsics::size_of_val_raw::<types_error::PgError>

Check 112: kani::rustc_intrinsics::size_of_val_raw::<types_error::PgError>.safety_check.1
	 - Status: SUCCESS
	 - Description: "failed to compute `size_of_val`"
	 - Location: ../../../../../../runner/work/kani/kani/library/kani/src/lib.rs:57:1 in function kani::rustc_intrinsics::size_of_val_raw::<types_error::PgError>

Check 113: kani::rustc_intrinsics::size_of_val_raw::<types_error::PgError>.assertion.1
	 - Status: SUCCESS
	 - Description: "cannot compute `size_of_val` for extern types"
	 - Location: ../../../../../../runner/work/kani/kani/library/kani/src/lib.rs:57:1 in function kani::rustc_intrinsics::size_of_val_raw::<types_error::PgError>

Check 114: std::ptr::swap_nonoverlapping_bytes::swap_nonoverlapping_short.safety_check.1
	 - Status: SUCCESS
	 - Description: "misaligned pointer to reference cast: address must be a multiple of its type's alignment"
	 - Location: ../../../../../../runner/.rustup/toolchains/nightly-2025-11-21-aarch64-apple-darwin/lib/rustlib/src/rust/library/core/src/ptr/mod.rs:1469:47 in function std::ptr::swap_nonoverlapping_bytes::swap_nonoverlapping_short

Check 115: std::ptr::swap_nonoverlapping_bytes::swap_nonoverlapping_short.safety_check.2
	 - Status: SUCCESS
	 - Description: "dereference failure: pointer invalid"
	 - Location: ../../../../../../runner/.rustup/toolchains/nightly-2025-11-21-aarch64-apple-darwin/lib/rustlib/src/rust/library/core/src/ptr/mod.rs:1469:47 in function std::ptr::swap_nonoverlapping_bytes::swap_nonoverlapping_short

Check 116: std::ptr::swap_nonoverlapping_bytes::swap_nonoverlapping_short.safety_check.3
	 - Status: SUCCESS
	 - Description: "misaligned pointer to reference cast: address must be a multiple of its type's alignment"
	 - Location: ../../../../../../runner/.rustup/toolchains/nightly-2025-11-21-aarch64-apple-darwin/lib/rustlib/src/rust/library/core/src/ptr/mod.rs:1469:69 in function std::ptr::swap_nonoverlapping_bytes::swap_nonoverlapping_short

Check 117: std::ptr::swap_nonoverlapping_bytes::swap_nonoverlapping_short.safety_check.4
	 - Status: SUCCESS
	 - Description: "dereference failure: pointer invalid"
	 - Location: ../../../../../../runner/.rustup/toolchains/nightly-2025-11-21-aarch64-apple-darwin/lib/rustlib/src/rust/library/core/src/ptr/mod.rs:1469:69 in function std::ptr::swap_nonoverlapping_bytes::swap_nonoverlapping_short

Check 118: std::ptr::swap_nonoverlapping_bytes::swap_nonoverlapping_short.safety_check.5
	 - Status: SUCCESS
	 - Description: "misaligned pointer to reference cast: address must be a multiple of its type's alignment"
	 - Location: ../../../../../../runner/.rustup/toolchains/nightly-2025-11-21-aarch64-apple-darwin/lib/rustlib/src/rust/library/core/src/ptr/mod.rs:1469:47 in function std::ptr::swap_nonoverlapping_bytes::swap_nonoverlapping_short

Check 119: std::ptr::swap_nonoverlapping_bytes::swap_nonoverlapping_short.safety_check.6
	 - Status: SUCCESS
	 - Description: "dereference failure: pointer invalid"
	 - Location: ../../../../../../runner/.rustup/toolchains/nightly-2025-11-21-aarch64-apple-darwin/lib/rustlib/src/rust/library/core/src/ptr/mod.rs:1469:47 in function std::ptr::swap_nonoverlapping_bytes::swap_nonoverlapping_short

Check 120: std::ptr::swap_nonoverlapping_bytes::swap_nonoverlapping_short.safety_check.7
	 - Status: SUCCESS
	 - Description: "misaligned pointer to reference cast: address must be a multiple of its type's alignment"
	 - Location: ../../../../../../runner/.rustup/toolchains/nightly-2025-11-21-aarch64-apple-darwin/lib/rustlib/src/rust/library/core/src/ptr/mod.rs:1469:69 in function std::ptr::swap_nonoverlapping_bytes::swap_nonoverlapping_short

Check 121: std::ptr::swap_nonoverlapping_bytes::swap_nonoverlapping_short.safety_check.8
	 - Status: SUCCESS
	 - Description: "dereference failure: pointer invalid"
	 - Location: ../../../../../../runner/.rustup/toolchains/nightly-2025-11-21-aarch64-apple-darwin/lib/rustlib/src/rust/library/core/src/ptr/mod.rs:1469:69 in function std::ptr::swap_nonoverlapping_bytes::swap_nonoverlapping_short

Check 122: std::ptr::swap_nonoverlapping_bytes::swap_nonoverlapping_short.safety_check.9
	 - Status: SUCCESS
	 - Description: "misaligned pointer to reference cast: address must be a multiple of its type's alignment"
	 - Location: ../../../../../../runner/.rustup/toolchains/nightly-2025-11-21-aarch64-apple-darwin/lib/rustlib/src/rust/library/core/src/ptr/mod.rs:1469:47 in function std::ptr::swap_nonoverlapping_bytes::swap_nonoverlapping_short

Check 123: std::ptr::swap_nonoverlapping_bytes::swap_nonoverlapping_short.safety_check.10
	 - Status: SUCCESS
	 - Description: "dereference failure: pointer invalid"
	 - Location: ../../../../../../runner/.rustup/toolchains/nightly-2025-11-21-aarch64-apple-darwin/lib/rustlib/src/rust/library/core/src/ptr/mod.rs:1469:47 in function std::ptr::swap_nonoverlapping_bytes::swap_nonoverlapping_short

Check 124: std::ptr::swap_nonoverlapping_bytes::swap_nonoverlapping_short.safety_check.11
	 - Status: SUCCESS
	 - Description: "misaligned pointer to reference cast: address must be a multiple of its type's alignment"
	 - Location: ../../../../../../runner/.rustup/toolchains/nightly-2025-11-21-aarch64-apple-darwin/lib/rustlib/src/rust/library/core/src/ptr/mod.rs:1469:69 in function std::ptr::swap_nonoverlapping_bytes::swap_nonoverlapping_short

Check 125: std::ptr::swap_nonoverlapping_bytes::swap_nonoverlapping_short.safety_check.12
	 - Status: SUCCESS
	 - Description: "dereference failure: pointer invalid"
	 - Location: ../../../../../../runner/.rustup/toolchains/nightly-2025-11-21-aarch64-apple-darwin/lib/rustlib/src/rust/library/core/src/ptr/mod.rs:1469:69 in function std::ptr::swap_nonoverlapping_bytes::swap_nonoverlapping_short

Check 126: core::slice::index::slice_index_fail::do_panic::runtime.assertion.3
	 - Status: SUCCESS
	 - Description: "This is a placeholder message; Kani doesn't support message formatted at runtime"
	 - Location: ../../../../../../runner/.rustup/toolchains/nightly-2025-11-21-aarch64-apple-darwin/lib/rustlib/src/rust/library/core/src/slice/index.rs:58:9 in function core::slice::index::slice_index_fail::do_panic::runtime

Check 127: kani::rustc_intrinsics::ptr_offset_from::<u8>.assertion.1
	 - Status: SUCCESS
	 - Description: "Cannot compute offset of a ZST"
	 - Location: ../../../../../../runner/work/kani/kani/library/kani/src/lib.rs:57:1 in function kani::rustc_intrinsics::ptr_offset_from::<u8>

Check 128: kani::rustc_intrinsics::ptr_offset_from::<u8>.safety_check.1
	 - Status: SUCCESS
	 - Description: "Offset result and original pointer should point to the same allocation"
	 - Location: ../../../../../../runner/work/kani/kani/library/kani/src/lib.rs:57:1 in function kani::rustc_intrinsics::ptr_offset_from::<u8>

Check 129: kani::rustc_intrinsics::ptr_offset_from::<u8>.assertion.2
	 - Status: SUCCESS
	 - Description: "attempt to calculate the remainder with a divisor of zero"
	 - Location: ../../../../../../runner/work/kani/kani/library/kani_core/src/models.rs:93:25 in function kani::rustc_intrinsics::ptr_offset_from::<u8>

Check 130: kani::rustc_intrinsics::ptr_offset_from::<u8>.assertion.3
	 - Status: SUCCESS
	 - Description: "attempt to calculate the remainder with overflow"
	 - Location: ../../../../../../runner/work/kani/kani/library/kani_core/src/models.rs:93:25 in function kani::rustc_intrinsics::ptr_offset_from::<u8>

Check 131: kani::rustc_intrinsics::ptr_offset_from::<u8>.arithmetic_overflow.1
	 - Status: SUCCESS
	 - Description: "attempt to calculate the remainder with overflow"
	 - Location: ../../../../../../runner/work/kani/kani/library/kani_core/src/models.rs:93:25 in function kani::rustc_intrinsics::ptr_offset_from::<u8>

Check 132: kani::rustc_intrinsics::ptr_offset_from::<u8>.arithmetic_overflow.2
	 - Status: SUCCESS
	 - Description: "attempt to calculate the remainder with a divisor of zero"
	 - Location: ../../../../../../runner/work/kani/kani/library/kani_core/src/models.rs:93:25 in function kani::rustc_intrinsics::ptr_offset_from::<u8>

Check 133: kani::rustc_intrinsics::ptr_offset_from::<u8>.safety_check.2
	 - Status: SUCCESS
	 - Description: "Expected the distance between the pointers, in bytes, to be a
                        multiple of the size of `T`"
	 - Location: ../../../../../../runner/work/kani/kani/library/kani/src/lib.rs:57:1 in function kani::rustc_intrinsics::ptr_offset_from::<u8>

Check 134: kani::rustc_intrinsics::ptr_offset_from::<u8>.assertion.4
	 - Status: SUCCESS
	 - Description: "attempt to divide by zero"
	 - Location: ../../../../../../runner/work/kani/kani/library/kani_core/src/models.rs:97:21 in function kani::rustc_intrinsics::ptr_offset_from::<u8>

Check 135: kani::rustc_intrinsics::ptr_offset_from::<u8>.assertion.5
	 - Status: SUCCESS
	 - Description: "attempt to divide with overflow"
	 - Location: ../../../../../../runner/work/kani/kani/library/kani_core/src/models.rs:97:21 in function kani::rustc_intrinsics::ptr_offset_from::<u8>

Check 136: kani::rustc_intrinsics::ptr_offset_from::<u8>.arithmetic_overflow.3
	 - Status: SUCCESS
	 - Description: "attempt to divide with overflow"
	 - Location: ../../../../../../runner/work/kani/kani/library/kani_core/src/models.rs:97:21 in function kani::rustc_intrinsics::ptr_offset_from::<u8>

Check 137: kani::rustc_intrinsics::ptr_offset_from::<u8>.arithmetic_overflow.4
	 - Status: SUCCESS
	 - Description: "attempt to divide by zero"
	 - Location: ../../../../../../runner/work/kani/kani/library/kani_core/src/models.rs:97:21 in function kani::rustc_intrinsics::ptr_offset_from::<u8>

Check 138: alloc::raw_vec::RawVecInner::<A>::reserve::do_reserve_and_handle::<std::alloc::Global>.unreachable.1
	 - Status: SUCCESS
	 - Description: "unreachable code"
	 - Location: ../../../../../../runner/.rustup/toolchains/nightly-2025-11-21-aarch64-apple-darwin/lib/rustlib/src/rust/library/alloc/src/raw_vec/mod.rs:550:9 in function alloc::raw_vec::RawVecInner::<A>::reserve::do_reserve_and_handle::<std::alloc::Global>

Check 139: std::ptr::drop_in_place::<std::vec::Vec<u8>>.safety_check.1
	 - Status: SUCCESS
	 - Description: "misaligned pointer to reference cast: address must be a multiple of its type's alignment"
	 - Location: ../../../../../../runner/.rustup/toolchains/nightly-2025-11-21-aarch64-apple-darwin/lib/rustlib/src/rust/library/core/src/ptr/mod.rs:805:1 in function std::ptr::drop_in_place::<std::vec::Vec<u8>>

Check 140: std::ptr::drop_in_place::<std::vec::Vec<u8>>.safety_check.2
	 - Status: SUCCESS
	 - Description: "dereference failure: pointer invalid"
	 - Location: ../../../../../../runner/.rustup/toolchains/nightly-2025-11-21-aarch64-apple-darwin/lib/rustlib/src/rust/library/core/src/ptr/mod.rs:805:1 in function std::ptr::drop_in_place::<std::vec::Vec<u8>>

Check 141: kani::rustc_intrinsics::ptr_offset_from_unsigned::<u8>.safety_check.1
	 - Status: SUCCESS
	 - Description: "Expected non-negative distance between pointers"
	 - Location: ../../../../../../runner/work/kani/kani/library/kani/src/lib.rs:57:1 in function kani::rustc_intrinsics::ptr_offset_from_unsigned::<u8>

Check 142: core::ub_checks::is_valid_allocation_size.assertion.1
	 - Status: UNREACHABLE
	 - Description: "attempt to divide by zero"
	 - Location: ../../../../../../runner/.rustup/toolchains/nightly-2025-11-21-aarch64-apple-darwin/lib/rustlib/src/rust/library/core/src/ub_checks.rs:149:54 in function core::ub_checks::is_valid_allocation_size

Check 143: core::ub_checks::is_valid_allocation_size.arithmetic_overflow.1
	 - Status: SUCCESS
	 - Description: "attempt to divide by zero"
	 - Location: ../../../../../../runner/.rustup/toolchains/nightly-2025-11-21-aarch64-apple-darwin/lib/rustlib/src/rust/library/core/src/ub_checks.rs:149:54 in function core::ub_checks::is_valid_allocation_size

Check 144: <std::ops::Range<usize> as std::slice::SliceIndex<[u8]>>::index.unreachable.1
	 - Status: SUCCESS
	 - Description: "unreachable code"
	 - Location: ../../../../../../runner/.rustup/toolchains/nightly-2025-11-21-aarch64-apple-darwin/lib/rustlib/src/rust/library/core/src/slice/index.rs:435:5 in function <std::ops::Range<usize> as std::slice::SliceIndex<[u8]>>::index

Check 145: <std::ops::Range<usize> as std::slice::SliceIndex<[u8]>>::index.safety_check.1
	 - Status: SUCCESS
	 - Description: "misaligned pointer to reference cast: address must be a multiple of its type's alignment"
	 - Location: ../../../../../../runner/.rustup/toolchains/nightly-2025-11-21-aarch64-apple-darwin/lib/rustlib/src/rust/library/core/src/slice/index.rs:441:22 in function <std::ops::Range<usize> as std::slice::SliceIndex<[u8]>>::index

Check 146: <std::ops::Range<usize> as std::slice::SliceIndex<[u8]>>::index.safety_check.2
	 - Status: SUCCESS
	 - Description: "dereference failure: pointer invalid"
	 - Location: ../../../../../../runner/.rustup/toolchains/nightly-2025-11-21-aarch64-apple-darwin/lib/rustlib/src/rust/library/core/src/slice/index.rs:441:22 in function <std::ops::Range<usize> as std::slice::SliceIndex<[u8]>>::index

Check 147: <std::result::Result<std::ptr::NonNull<u8>, std::alloc::AllocError> as std::ops::Try>::branch.unreachable.1
	 - Status: SUCCESS
	 - Description: "unreachable code"
	 - Location: ../../../../../../runner/.rustup/toolchains/nightly-2025-11-21-aarch64-apple-darwin/lib/rustlib/src/rust/library/core/src/result.rs:2173:15 in function <std::result::Result<std::ptr::NonNull<u8>, std::alloc::AllocError> as std::ops::Try>::branch

Check 148: adt_geo::lseg::lseg_contain_point.assertion.1
	 - Status: UNREACHABLE
	 - Description: "index out of bounds: the length is less than or equal to the given index"
	 - Location: ../../crates/backend/utils/adt/geo/src/lseg.rs:149:23 in function adt_geo::lseg::lseg_contain_point

Check 149: adt_geo::lseg::lseg_contain_point.assertion.2
	 - Status: UNREACHABLE
	 - Description: "index out of bounds: the length is less than or equal to the given index"
	 - Location: ../../crates/backend/utils/adt/geo/src/lseg.rs:149:51 in function adt_geo::lseg::lseg_contain_point

Check 150: adt_geo::lseg::lseg_contain_point.assertion.3
	 - Status: UNREACHABLE
	 - Description: "index out of bounds: the length is less than or equal to the given index"
	 - Location: ../../crates/backend/utils/adt/geo/src/lseg.rs:150:19 in function adt_geo::lseg::lseg_contain_point

Check 151: adt_geo::lseg::lseg_contain_point.assertion.4
	 - Status: UNREACHABLE
	 - Description: "index out of bounds: the length is less than or equal to the given index"
	 - Location: ../../crates/backend/utils/adt/geo/src/lseg.rs:150:31 in function adt_geo::lseg::lseg_contain_point

Check 152: adt_geo::lseg::lseg_contain_point.unreachable.1
	 - Status: SUCCESS
	 - Description: "unreachable code"
	 - Location: src/lib.rs:0:0 in function adt_geo::lseg::lseg_contain_point

Check 153: adt_float::bits8.unreachable.1
	 - Status: SUCCESS
	 - Description: "unreachable code"
	 - Location: ../../crates/backend/utils/adt/float/src/lib.rs:224:11 in function adt_float::bits8

Check 154: std::result::Result::<std::alloc::Layout, std::alloc::LayoutError>::map_err::<std::collections::TryReserveError, {closure@alloc::raw_vec::layout_array::{closure#1}}>.unreachable.1
	 - Status: SUCCESS
	 - Description: "unreachable code"
	 - Location: ../../../../../../runner/.rustup/toolchains/nightly-2025-11-21-aarch64-apple-darwin/lib/rustlib/src/rust/library/core/src/result.rs:966:15 in function std::result::Result::<std::alloc::Layout, std::alloc::LayoutError>::map_err::<std::collections::TryReserveError, {closure@alloc::raw_vec::layout_array::{closure#1}}>

Check 155: std::ptr::swap_nonoverlapping_bytes.assertion.1
	 - Status: UNREACHABLE
	 - Description: "attempt to divide by zero"
	 - Location: ../../../../../../runner/.rustup/toolchains/nightly-2025-11-21-aarch64-apple-darwin/lib/rustlib/src/rust/library/core/src/ptr/mod.rs:1481:18 in function std::ptr::swap_nonoverlapping_bytes

Check 156: std::ptr::swap_nonoverlapping_bytes.arithmetic_overflow.1
	 - Status: SUCCESS
	 - Description: "attempt to divide by zero"
	 - Location: ../../../../../../runner/.rustup/toolchains/nightly-2025-11-21-aarch64-apple-darwin/lib/rustlib/src/rust/library/core/src/ptr/mod.rs:1481:18 in function std::ptr::swap_nonoverlapping_bytes

Check 157: std::ptr::swap_nonoverlapping_bytes.assertion.2
	 - Status: UNREACHABLE
	 - Description: "attempt to calculate the remainder with a divisor of zero"
	 - Location: ../../../../../../runner/.rustup/toolchains/nightly-2025-11-21-aarch64-apple-darwin/lib/rustlib/src/rust/library/core/src/ptr/mod.rs:1482:16 in function std::ptr::swap_nonoverlapping_bytes

Check 158: std::ptr::swap_nonoverlapping_bytes.arithmetic_overflow.2
	 - Status: SUCCESS
	 - Description: "attempt to calculate the remainder with a divisor of zero"
	 - Location: ../../../../../../runner/.rustup/toolchains/nightly-2025-11-21-aarch64-apple-darwin/lib/rustlib/src/rust/library/core/src/ptr/mod.rs:1482:16 in function std::ptr::swap_nonoverlapping_bytes

Check 159: std::ptr::swap_nonoverlapping_bytes.unreachable.1
	 - Status: SUCCESS
	 - Description: "unreachable code"
	 - Location: ../../../../../../runner/.rustup/toolchains/nightly-2025-11-21-aarch64-apple-darwin/lib/rustlib/src/rust/library/core/src/ptr/mod.rs:1438:1 in function std::ptr::swap_nonoverlapping_bytes

Check 160: std::ptr::swap_nonoverlapping_bytes.assertion.3
	 - Status: UNREACHABLE
	 - Description: "attempt to multiply with overflow"
	 - Location: ../../../../../../runner/.rustup/toolchains/nightly-2025-11-21-aarch64-apple-darwin/lib/rustlib/src/rust/library/core/src/ptr/mod.rs:1490:21 in function std::ptr::swap_nonoverlapping_bytes

Check 161: core::slice::index::slice_index_fail::do_panic::runtime.assertion.4
	 - Status: SUCCESS
	 - Description: "This is a placeholder message; Kani doesn't support message formatted at runtime"
	 - Location: ../../../../../../runner/.rustup/toolchains/nightly-2025-11-21-aarch64-apple-darwin/lib/rustlib/src/rust/library/core/src/slice/index.rs:68:5 in function core::slice::index::slice_index_fail::do_panic::runtime

Check 162: std::alloc::Layout::max_size_for_align.assertion.1
	 - Status: SUCCESS
	 - Description: "attempt to add with overflow"
	 - Location: ../../../../../../runner/.rustup/toolchains/nightly-2025-11-21-aarch64-apple-darwin/lib/rustlib/src/rust/library/core/src/alloc/layout.rs:95:32 in function std::alloc::Layout::max_size_for_align

Check 163: std::alloc::Layout::max_size_for_align.arithmetic_overflow.1
	 - Status: SUCCESS
	 - Description: "attempt to compute `unchecked_sub` which would overflow"
	 - Location: ../../../../../../runner/.rustup/toolchains/nightly-2025-11-21-aarch64-apple-darwin/lib/rustlib/src/rust/library/core/src/alloc/layout.rs:95:18 in function std::alloc::Layout::max_size_for_align

Check 164: core::num::<impl usize>::unchecked_sub.arithmetic_overflow.1
	 - Status: SUCCESS
	 - Description: "attempt to compute `unchecked_sub` which would overflow"
	 - Location: ../../../../../../runner/.rustup/toolchains/nightly-2025-11-21-aarch64-apple-darwin/lib/rustlib/src/rust/library/core/src/num/uint_macros.rs:908:17 in function core::num::<impl usize>::unchecked_sub

Check 165: adt_geo::point_dt.unreachable.1
	 - Status: SUCCESS
	 - Description: "unreachable code"
	 - Location: src/lib.rs:0:0 in function adt_geo::point_dt

Check 166: kani::rustc_intrinsics::offset::<u8, *mut u8, usize>.safety_check.1
	 - Status: SUCCESS
	 - Description: "Offset in bytes overflows isize"
	 - Location: ../../../../../../runner/work/kani/kani/library/kani/src/lib.rs:57:1 in function kani::rustc_intrinsics::offset::<u8, *mut u8, usize>

Check 167: kani::rustc_intrinsics::offset::<u8, *mut u8, usize>.safety_check.2
	 - Status: SUCCESS
	 - Description: "Offset result and original pointer must point to the same allocation"
	 - Location: ../../../../../../runner/work/kani/kani/library/kani/src/lib.rs:57:1 in function kani::rustc_intrinsics::offset::<u8, *mut u8, usize>

Check 168: std::alloc::Global::alloc_impl.unreachable.1
	 - Status: SUCCESS
	 - Description: "unreachable code"
	 - Location: ../../../../../../runner/.rustup/toolchains/nightly-2025-11-21-aarch64-apple-darwin/lib/rustlib/src/rust/library/alloc/src/alloc.rs:191:27 in function std::alloc::Global::alloc_impl

Check 169: adt_geo::lseg::lseg_interpt_lseg.assertion.1
	 - Status: UNREACHABLE
	 - Description: "index out of bounds: the length is less than or equal to the given index"
	 - Location: ../../crates/backend/utils/adt/geo/src/lseg.rs:98:31 in function adt_geo::lseg::lseg_interpt_lseg

Check 170: adt_geo::lseg::lseg_interpt_lseg.unreachable.1
	 - Status: SUCCESS
	 - Description: "unreachable code"
	 - Location: src/lib.rs:0:0 in function adt_geo::lseg::lseg_interpt_lseg

Check 171: core::num::<impl usize>::unchecked_add.arithmetic_overflow.1
	 - Status: SUCCESS
	 - Description: "attempt to compute `unchecked_add` which would overflow"
	 - Location: ../../../../../../runner/.rustup/toolchains/nightly-2025-11-21-aarch64-apple-darwin/lib/rustlib/src/rust/library/core/src/num/uint_macros.rs:729:17 in function core::num::<impl usize>::unchecked_add

Check 172: std::alloc::Layout::repeat_packed.unreachable.1
	 - Status: SUCCESS
	 - Description: "unreachable code"
	 - Location: ../../../../../../runner/.rustup/toolchains/nightly-2025-11-21-aarch64-apple-darwin/lib/rustlib/src/rust/library/core/src/alloc/layout.rs:447:5 in function std::alloc::Layout::repeat_packed

Check 173: <std::result::Result<types_core::LINE, std::boxed::Box<types_error::PgError>> as std::ops::Try>::branch.unreachable.1
	 - Status: SUCCESS
	 - Description: "unreachable code"
	 - Location: ../../../../../../runner/.rustup/toolchains/nightly-2025-11-21-aarch64-apple-darwin/lib/rustlib/src/rust/library/core/src/result.rs:2173:15 in function <std::result::Result<types_core::LINE, std::boxed::Box<types_error::PgError>> as std::ops::Try>::branch

Check 174: ext5::proofs_ext5::eq_poly_overlap_bboxfail.assertion.1
	 - Status: SUCCESS
	 - Description: "index out of bounds: the length is less than or equal to the given index"
	 - Location: src/ext5.rs:208:17 in function ext5::proofs_ext5::eq_poly_overlap_bboxfail

Check 175: ext5::proofs_ext5::eq_poly_overlap_bboxfail.assertion.2
	 - Status: SUCCESS
	 - Description: "index out of bounds: the length is less than or equal to the given index"
	 - Location: src/ext5.rs:209:17 in function ext5::proofs_ext5::eq_poly_overlap_bboxfail

Check 176: ext5::proofs_ext5::eq_poly_overlap_bboxfail.assertion.3
	 - Status: SUCCESS
	 - Description: "index out of bounds: the length is less than or equal to the given index"
	 - Location: src/ext5.rs:220:59 in function ext5::proofs_ext5::eq_poly_overlap_bboxfail

Check 177: ext5::proofs_ext5::eq_poly_overlap_bboxfail.assertion.4
	 - Status: SUCCESS
	 - Description: "index out of bounds: the length is less than or equal to the given index"
	 - Location: src/ext5.rs:220:70 in function ext5::proofs_ext5::eq_poly_overlap_bboxfail

Check 178: ext5::proofs_ext5::eq_poly_overlap_bboxfail.assertion.5
	 - Status: SUCCESS
	 - Description: "index out of bounds: the length is less than or equal to the given index"
	 - Location: src/ext5.rs:221:58 in function ext5::proofs_ext5::eq_poly_overlap_bboxfail

Check 179: ext5::proofs_ext5::eq_poly_overlap_bboxfail.assertion.6
	 - Status: SUCCESS
	 - Description: "index out of bounds: the length is less than or equal to the given index"
	 - Location: src/ext5.rs:221:69 in function ext5::proofs_ext5::eq_poly_overlap_bboxfail

Check 180: ext5::proofs_ext5::eq_poly_overlap_bboxfail.assertion.7
	 - Status: SUCCESS
	 - Description: "index out of bounds: the length is less than or equal to the given index"
	 - Location: src/ext5.rs:228:59 in function ext5::proofs_ext5::eq_poly_overlap_bboxfail

Check 181: ext5::proofs_ext5::eq_poly_overlap_bboxfail.assertion.8
	 - Status: SUCCESS
	 - Description: "index out of bounds: the length is less than or equal to the given index"
	 - Location: src/ext5.rs:228:70 in function ext5::proofs_ext5::eq_poly_overlap_bboxfail

Check 182: ext5::proofs_ext5::eq_poly_overlap_bboxfail.assertion.9
	 - Status: SUCCESS
	 - Description: "index out of bounds: the length is less than or equal to the given index"
	 - Location: src/ext5.rs:229:58 in function ext5::proofs_ext5::eq_poly_overlap_bboxfail

Check 183: ext5::proofs_ext5::eq_poly_overlap_bboxfail.assertion.10
	 - Status: SUCCESS
	 - Description: "index out of bounds: the length is less than or equal to the given index"
	 - Location: src/ext5.rs:229:69 in function ext5::proofs_ext5::eq_poly_overlap_bboxfail

Check 184: ext5::proofs_ext5::eq_poly_overlap_bboxfail.assertion.11
	 - Status: SUCCESS
	 - Description: "assertion failed: cerr == 0"
	 - Location: src/ext5.rs:251:5 in function ext5::proofs_ext5::eq_poly_overlap_bboxfail

Check 185: ext5::proofs_ext5::eq_poly_overlap_bboxfail.unreachable.1
	 - Status: SUCCESS
	 - Description: "unreachable code"
	 - Location: src/ext5.rs:242:23 in function ext5::proofs_ext5::eq_poly_overlap_bboxfail

Check 186: ext5::proofs_ext5::eq_poly_overlap_bboxfail.assertion.12
	 - Status: SUCCESS
	 - Description: "plane harness reached an error arm"
	 - Location: src/ext5.rs:251:5 in function ext5::proofs_ext5::eq_poly_overlap_bboxfail

Check 187: ext5::proofs_ext5::eq_poly_overlap_bboxfail.assertion.13
	 - Status: SUCCESS
	 - Description: "assertion failed: v as c_int == cres"
	 - Location: src/ext5.rs:251:5 in function ext5::proofs_ext5::eq_poly_overlap_bboxfail

Check 188: ext5::proofs_ext5::eq_poly_overlap_bboxfail.assertion.14
	 - Status: SUCCESS
	 - Description: "assertion failed: cres == 0"
	 - Location: src/ext5.rs:251:5 in function ext5::proofs_ext5::eq_poly_overlap_bboxfail

Check 189: std::option::Option::<std::cmp::Ordering>::is_some_and::<fn(std::cmp::Ordering) -> bool {std::cmp::Ordering::is_ge}>.unreachable.1
	 - Status: SUCCESS
	 - Description: "unreachable code"
	 - Location: ../../../../../../runner/.rustup/toolchains/nightly-2025-11-21-aarch64-apple-darwin/lib/rustlib/src/rust/library/core/src/option.rs:662:15 in function std::option::Option::<std::cmp::Ordering>::is_some_and::<fn(std::cmp::Ordering) -> bool {std::cmp::Ordering::is_ge}>

Check 190: core::num::<impl usize>::checked_sub.arithmetic_overflow.1
	 - Status: SUCCESS
	 - Description: "attempt to compute `unchecked_sub` which would overflow"
	 - Location: ../../../../../../runner/.rustup/toolchains/nightly-2025-11-21-aarch64-apple-darwin/lib/rustlib/src/rust/library/core/src/num/uint_macros.rs:812:31 in function core::num::<impl usize>::checked_sub

Check 191: core::num::<impl usize>::abs_diff.assertion.1
	 - Status: UNREACHABLE
	 - Description: "attempt to subtract with overflow"
	 - Location: ../../../../../../runner/.rustup/toolchains/nightly-2025-11-21-aarch64-apple-darwin/lib/rustlib/src/rust/library/core/src/num/uint_macros.rs:2852:21 in function core::num::<impl usize>::abs_diff

Check 192: core::num::<impl usize>::abs_diff.assertion.2
	 - Status: UNREACHABLE
	 - Description: "attempt to subtract with overflow"
	 - Location: ../../../../../../runner/.rustup/toolchains/nightly-2025-11-21-aarch64-apple-darwin/lib/rustlib/src/rust/library/core/src/num/uint_macros.rs:2854:21 in function core::num::<impl usize>::abs_diff

Check 193: kani::rustc_intrinsics::ptr_offset_from_unsigned::<[u8; 8]>.safety_check.1
	 - Status: SUCCESS
	 - Description: "Expected non-negative distance between pointers"
	 - Location: ../../../../../../runner/work/kani/kani/library/kani/src/lib.rs:57:1 in function kani::rustc_intrinsics::ptr_offset_from_unsigned::<[u8; 8]>

Check 194: <std::result::Result<std::ptr::NonNull<[u8]>, std::collections::TryReserveError> as std::ops::Try>::branch.unreachable.1
	 - Status: SUCCESS
	 - Description: "unreachable code"
	 - Location: ../../../../../../runner/.rustup/toolchains/nightly-2025-11-21-aarch64-apple-darwin/lib/rustlib/src/rust/library/core/src/result.rs:2173:15 in function <std::result::Result<std::ptr::NonNull<[u8]>, std::collections::TryReserveError> as std::ops::Try>::branch

Check 195: std::slice::from_raw_parts::<'_, u8>.safety_check.1
	 - Status: SUCCESS
	 - Description: "misaligned pointer to reference cast: address must be a multiple of its type's alignment"
	 - Location: ../../../../../../runner/.rustup/toolchains/nightly-2025-11-21-aarch64-apple-darwin/lib/rustlib/src/rust/library/core/src/slice/raw.rs:139:9 in function std::slice::from_raw_parts::<'_, u8>

Check 196: std::slice::from_raw_parts::<'_, u8>.safety_check.2
	 - Status: SUCCESS
	 - Description: "dereference failure: pointer invalid"
	 - Location: ../../../../../../runner/.rustup/toolchains/nightly-2025-11-21-aarch64-apple-darwin/lib/rustlib/src/rust/library/core/src/slice/raw.rs:139:9 in function std::slice::from_raw_parts::<'_, u8>

Check 197: std::ptr::const_ptr::<impl *const ()>::is_aligned_to.assertion.1
	 - Status: UNREACHABLE
	 - Description: "attempt to subtract with overflow"
	 - Location: ../../../../../../runner/.rustup/toolchains/nightly-2025-11-21-aarch64-apple-darwin/lib/rustlib/src/rust/library/core/src/ptr/const_ptr.rs:1377:23 in function std::ptr::const_ptr::<impl *const ()>::is_aligned_to

Check 198: std::ptr::const_ptr::<impl *const ()>::is_aligned_to.assertion.2
	 - Status: SUCCESS
	 - Description: "This is a placeholder message; Kani doesn't support message formatted at runtime"
	 - Location: ../../../../../../runner/.rustup/toolchains/nightly-2025-11-21-aarch64-apple-darwin/lib/rustlib/src/rust/library/core/src/ptr/const_ptr.rs:1374:13 in function std::ptr::const_ptr::<impl *const ()>::is_aligned_to

Check 199: <usize as kani::rustc_intrinsics::ToISize>::to_isize.unreachable.1
	 - Status: SUCCESS
	 - Description: "unreachable code"
	 - Location: ../../../../../../runner/work/kani/kani/library/kani_core/src/models.rs:176:17 in function <usize as kani::rustc_intrinsics::ToISize>::to_isize

Check 200: <usize as kani::rustc_intrinsics::ToISize>::to_isize.safety_check.1
	 - Status: SUCCESS
	 - Description: "Offset value overflows isize"
	 - Location: ../../../../../../runner/work/kani/kani/library/kani/src/lib.rs:57:1 in function <usize as kani::rustc_intrinsics::ToISize>::to_isize

Check 201: <usize as kani::rustc_intrinsics::ToISize>::to_isize.assertion.1
	 - Status: SUCCESS
	 - Description: "internal error: entered unreachable code"
	 - Location: ../../../../../../runner/work/kani/kani/library/kani/src/lib.rs:57:1 in function <usize as kani::rustc_intrinsics::ToISize>::to_isize

Check 202: kani::rustc_intrinsics::ptr_offset_from::<[u8; 8]>.assertion.1
	 - Status: SUCCESS
	 - Description: "Cannot compute offset of a ZST"
	 - Location: ../../../../../../runner/work/kani/kani/library/kani/src/lib.rs:57:1 in function kani::rustc_intrinsics::ptr_offset_from::<[u8; 8]>

Check 203: kani::rustc_intrinsics::ptr_offset_from::<[u8; 8]>.safety_check.1
	 - Status: SUCCESS
	 - Description: "Offset result and original pointer should point to the same allocation"
	 - Location: ../../../../../../runner/work/kani/kani/library/kani/src/lib.rs:57:1 in function kani::rustc_intrinsics::ptr_offset_from::<[u8; 8]>

Check 204: kani::rustc_intrinsics::ptr_offset_from::<[u8; 8]>.assertion.2
	 - Status: SUCCESS
	 - Description: "attempt to calculate the remainder with a divisor of zero"
	 - Location: ../../../../../../runner/work/kani/kani/library/kani_core/src/models.rs:93:25 in function kani::rustc_intrinsics::ptr_offset_from::<[u8; 8]>

Check 205: kani::rustc_intrinsics::ptr_offset_from::<[u8; 8]>.assertion.3
	 - Status: SUCCESS
	 - Description: "attempt to calculate the remainder with overflow"
	 - Location: ../../../../../../runner/work/kani/kani/library/kani_core/src/models.rs:93:25 in function kani::rustc_intrinsics::ptr_offset_from::<[u8; 8]>

Check 206: kani::rustc_intrinsics::ptr_offset_from::<[u8; 8]>.arithmetic_overflow.1
	 - Status: SUCCESS
	 - Description: "attempt to calculate the remainder with overflow"
	 - Location: ../../../../../../runner/work/kani/kani/library/kani_core/src/models.rs:93:25 in function kani::rustc_intrinsics::ptr_offset_from::<[u8; 8]>

Check 207: kani::rustc_intrinsics::ptr_offset_from::<[u8; 8]>.arithmetic_overflow.2
	 - Status: SUCCESS
	 - Description: "attempt to calculate the remainder with a divisor of zero"
	 - Location: ../../../../../../runner/work/kani/kani/library/kani_core/src/models.rs:93:25 in function kani::rustc_intrinsics::ptr_offset_from::<[u8; 8]>

Check 208: kani::rustc_intrinsics::ptr_offset_from::<[u8; 8]>.safety_check.2
	 - Status: SUCCESS
	 - Description: "Expected the distance between the pointers, in bytes, to be a
                        multiple of the size of `T`"
	 - Location: ../../../../../../runner/work/kani/kani/library/kani/src/lib.rs:57:1 in function kani::rustc_intrinsics::ptr_offset_from::<[u8; 8]>

Check 209: kani::rustc_intrinsics::ptr_offset_from::<[u8; 8]>.assertion.4
	 - Status: SUCCESS
	 - Description: "attempt to divide by zero"
	 - Location: ../../../../../../runner/work/kani/kani/library/kani_core/src/models.rs:97:21 in function kani::rustc_intrinsics::ptr_offset_from::<[u8; 8]>

Check 210: kani::rustc_intrinsics::ptr_offset_from::<[u8; 8]>.assertion.5
	 - Status: SUCCESS
	 - Description: "attempt to divide with overflow"
	 - Location: ../../../../../../runner/work/kani/kani/library/kani_core/src/models.rs:97:21 in function kani::rustc_intrinsics::ptr_offset_from::<[u8; 8]>

Check 211: kani::rustc_intrinsics::ptr_offset_from::<[u8; 8]>.arithmetic_overflow.3
	 - Status: SUCCESS
	 - Description: "attempt to divide with overflow"
	 - Location: ../../../../../../runner/work/kani/kani/library/kani_core/src/models.rs:97:21 in function kani::rustc_intrinsics::ptr_offset_from::<[u8; 8]>

Check 212: kani::rustc_intrinsics::ptr_offset_from::<[u8; 8]>.arithmetic_overflow.4
	 - Status: SUCCESS
	 - Description: "attempt to divide by zero"
	 - Location: ../../../../../../runner/work/kani/kani/library/kani_core/src/models.rs:97:21 in function kani::rustc_intrinsics::ptr_offset_from::<[u8; 8]>

Check 213: adt_geo::point_inside::<adt_geo::PolyRef<'_>>.assertion.1
	 - Status: UNREACHABLE
	 - Description: "assertion failed: plist.n() != 0"
	 - Location: ../../crates/backend/utils/adt/geo/src/lib.rs:326:5 in function adt_geo::point_inside::<adt_geo::PolyRef<'_>>

Check 214: adt_geo::point_inside::<adt_geo::PolyRef<'_>>.assertion.2
	 - Status: UNREACHABLE
	 - Description: "attempt to add with overflow"
	 - Location: ../../crates/backend/utils/adt/geo/src/lib.rs:345:9 in function adt_geo::point_inside::<adt_geo::PolyRef<'_>>

Check 215: adt_geo::point_inside::<adt_geo::PolyRef<'_>>.unreachable.1
	 - Status: SUCCESS
	 - Description: "unreachable code"
	 - Location: src/lib.rs:0:0 in function adt_geo::point_inside::<adt_geo::PolyRef<'_>>

Check 216: adt_geo::point_inside::<adt_geo::PolyRef<'_>>.assertion.3
	 - Status: UNREACHABLE
	 - Description: "attempt to add with overflow"
	 - Location: ../../crates/backend/utils/adt/geo/src/lib.rs:355:5 in function adt_geo::point_inside::<adt_geo::PolyRef<'_>>

Check 217: alloc::raw_vec::handle_error.unreachable.1
	 - Status: SUCCESS
	 - Description: "unreachable code"
	 - Location: ../../../../../../runner/.rustup/toolchains/nightly-2025-11-21-aarch64-apple-darwin/lib/rustlib/src/rust/library/alloc/src/raw_vec/mod.rs:845:11 in function alloc::raw_vec::handle_error

Check 218: std::alloc::handle_alloc_error::rt_error.unsupported_construct.1
	 - Status: SUCCESS
	 - Description: "call to foreign "Rust" function `_RNvCs1hStedNDpZ2_7___rustc26___rust_alloc_error_handler` is not currently supported by Kani. Please post your example at https://github.com/model-checking/kani/issues/new/choose"
	 - Location: ../../../../../../runner/.rustup/toolchains/nightly-2025-11-21-aarch64-apple-darwin/lib/rustlib/src/rust/library/alloc/src/alloc.rs:366:5 in function std::alloc::handle_alloc_error::rt_error

Check 219: adt_geo::point::point_sl.unreachable.1
	 - Status: SUCCESS
	 - Description: "unreachable code"
	 - Location: src/lib.rs:0:0 in function adt_geo::point::point_sl

Check 220: std::ptr::swap_nonoverlapping::runtime::<f64>.unreachable.1
	 - Status: SUCCESS
	 - Description: "unreachable code"
	 - Location: ../../../../../../runner/.rustup/toolchains/nightly-2025-11-21-aarch64-apple-darwin/lib/rustlib/src/rust/library/core/src/intrinsics/mod.rs:2437:9 in function std::ptr::swap_nonoverlapping::runtime::<f64>

Check 221: core::slice::copy_from_slice_impl::len_mismatch_fail::do_panic::runtime.assertion.1
	 - Status: SUCCESS
	 - Description: "This is a placeholder message; Kani doesn't support message formatted at runtime"
	 - Location: ../../../../../../runner/.rustup/toolchains/nightly-2025-11-21-aarch64-apple-darwin/lib/rustlib/src/rust/library/core/src/slice/mod.rs:5117:9 in function core::slice::copy_from_slice_impl::len_mismatch_fail::do_panic::runtime

Check 222: core::num::<impl usize>::checked_add.arithmetic_overflow.1
	 - Status: SUCCESS
	 - Description: "attempt to compute `unchecked_add` which would overflow"
	 - Location: ../../../../../../runner/.rustup/toolchains/nightly-2025-11-21-aarch64-apple-darwin/lib/rustlib/src/rust/library/core/src/num/uint_macros.rs:658:31 in function core::num::<impl usize>::checked_add

Check 223: std::result::Result::<(std::alloc::Layout, usize), std::alloc::LayoutError>::map::<std::alloc::Layout, {closure@alloc::raw_vec::layout_array::{closure#0}}>.unreachable.1
	 - Status: SUCCESS
	 - Description: "unreachable code"
	 - Location: ../../../../../../runner/.rustup/toolchains/nightly-2025-11-21-aarch64-apple-darwin/lib/rustlib/src/rust/library/core/src/result.rs:835:15 in function std::result::Result::<(std::alloc::Layout, usize), std::alloc::LayoutError>::map::<std::alloc::Layout, {closure@alloc::raw_vec::layout_array::{closure#0}}>

Check 224: std::alloc::Global::grow_impl.assertion.1
	 - Status: UNREACHABLE
	 - Description: "attempt to subtract with overflow"
	 - Location: ../../../../../../runner/.rustup/toolchains/nightly-2025-11-21-aarch64-apple-darwin/lib/rustlib/src/rust/library/alloc/src/alloc.rs:226:58 in function std::alloc::Global::grow_impl

Check 225: std::alloc::Global::grow_impl.unreachable.1
	 - Status: SUCCESS
	 - Description: "unreachable code"
	 - Location: src/lib.rs:0:0 in function std::alloc::Global::grow_impl

Check 226: point_eq_point.pointer_dereference.1
	 - Status: SUCCESS
	 - Description: "dereference failure: pointer NULL"
	 - Location: c/pg_geo_cmp.c:239 in function point_eq_point

Check 227: point_eq_point.pointer_dereference.2
	 - Status: SUCCESS
	 - Description: "dereference failure: pointer invalid"
	 - Location: c/pg_geo_cmp.c:239 in function point_eq_point

Check 228: point_eq_point.pointer_dereference.3
	 - Status: SUCCESS
	 - Description: "dereference failure: deallocated dynamic object"
	 - Location: c/pg_geo_cmp.c:239 in function point_eq_point

Check 229: point_eq_point.pointer_dereference.4
	 - Status: SUCCESS
	 - Description: "dereference failure: dead object"
	 - Location: c/pg_geo_cmp.c:239 in function point_eq_point

Check 230: point_eq_point.pointer_dereference.5
	 - Status: SUCCESS
	 - Description: "dereference failure: pointer outside object bounds"
	 - Location: c/pg_geo_cmp.c:239 in function point_eq_point

Check 231: point_eq_point.pointer_dereference.6
	 - Status: SUCCESS
	 - Description: "dereference failure: invalid integer address"
	 - Location: c/pg_geo_cmp.c:239 in function point_eq_point

Check 232: point_eq_point.pointer_dereference.7
	 - Status: SUCCESS
	 - Description: "dereference failure: pointer NULL"
	 - Location: c/pg_geo_cmp.c:239 in function point_eq_point

Check 233: point_eq_point.pointer_dereference.8
	 - Status: SUCCESS
	 - Description: "dereference failure: pointer invalid"
	 - Location: c/pg_geo_cmp.c:239 in function point_eq_point

Check 234: point_eq_point.pointer_dereference.9
	 - Status: SUCCESS
	 - Description: "dereference failure: deallocated dynamic object"
	 - Location: c/pg_geo_cmp.c:239 in function point_eq_point

Check 235: point_eq_point.pointer_dereference.10
	 - Status: SUCCESS
	 - Description: "dereference failure: dead object"
	 - Location: c/pg_geo_cmp.c:239 in function point_eq_point

Check 236: point_eq_point.pointer_dereference.11
	 - Status: SUCCESS
	 - Description: "dereference failure: pointer outside object bounds"
	 - Location: c/pg_geo_cmp.c:239 in function point_eq_point

Check 237: point_eq_point.pointer_dereference.12
	 - Status: SUCCESS
	 - Description: "dereference failure: invalid integer address"
	 - Location: c/pg_geo_cmp.c:239 in function point_eq_point

Check 238: point_eq_point.pointer_dereference.13
	 - Status: SUCCESS
	 - Description: "dereference failure: pointer NULL"
	 - Location: c/pg_geo_cmp.c:239 in function point_eq_point

Check 239: point_eq_point.pointer_dereference.14
	 - Status: SUCCESS
	 - Description: "dereference failure: pointer invalid"
	 - Location: c/pg_geo_cmp.c:239 in function point_eq_point

Check 240: point_eq_point.pointer_dereference.15
	 - Status: SUCCESS
	 - Description: "dereference failure: deallocated dynamic object"
	 - Location: c/pg_geo_cmp.c:239 in function point_eq_point

Check 241: point_eq_point.pointer_dereference.16
	 - Status: SUCCESS
	 - Description: "dereference failure: dead object"
	 - Location: c/pg_geo_cmp.c:239 in function point_eq_point

Check 242: point_eq_point.pointer_dereference.17
	 - Status: SUCCESS
	 - Description: "dereference failure: pointer outside object bounds"
	 - Location: c/pg_geo_cmp.c:239 in function point_eq_point

Check 243: point_eq_point.pointer_dereference.18
	 - Status: SUCCESS
	 - Description: "dereference failure: invalid integer address"
	 - Location: c/pg_geo_cmp.c:239 in function point_eq_point

Check 244: point_eq_point.pointer_dereference.19
	 - Status: SUCCESS
	 - Description: "dereference failure: pointer NULL"
	 - Location: c/pg_geo_cmp.c:239 in function point_eq_point

Check 245: point_eq_point.pointer_dereference.20
	 - Status: SUCCESS
	 - Description: "dereference failure: pointer invalid"
	 - Location: c/pg_geo_cmp.c:239 in function point_eq_point

Check 246: point_eq_point.pointer_dereference.21
	 - Status: SUCCESS
	 - Description: "dereference failure: deallocated dynamic object"
	 - Location: c/pg_geo_cmp.c:239 in function point_eq_point

Check 247: point_eq_point.pointer_dereference.22
	 - Status: SUCCESS
	 - Description: "dereference failure: dead object"
	 - Location: c/pg_geo_cmp.c:239 in function point_eq_point

Check 248: point_eq_point.pointer_dereference.23
	 - Status: SUCCESS
	 - Description: "dereference failure: pointer outside object bounds"
	 - Location: c/pg_geo_cmp.c:239 in function point_eq_point

Check 249: point_eq_point.pointer_dereference.24
	 - Status: SUCCESS
	 - Description: "dereference failure: invalid integer address"
	 - Location: c/pg_geo_cmp.c:239 in function point_eq_point

Check 250: point_eq_point.pointer_dereference.25
	 - Status: SUCCESS
	 - Description: "dereference failure: pointer NULL"
	 - Location: c/pg_geo_cmp.c:239 in function point_eq_point

Check 251: point_eq_point.pointer_dereference.26
	 - Status: SUCCESS
	 - Description: "dereference failure: pointer invalid"
	 - Location: c/pg_geo_cmp.c:239 in function point_eq_point

Check 252: point_eq_point.pointer_dereference.27
	 - Status: SUCCESS
	 - Description: "dereference failure: deallocated dynamic object"
	 - Location: c/pg_geo_cmp.c:239 in function point_eq_point

Check 253: point_eq_point.pointer_dereference.28
	 - Status: SUCCESS
	 - Description: "dereference failure: dead object"
	 - Location: c/pg_geo_cmp.c:239 in function point_eq_point

Check 254: point_eq_point.pointer_dereference.29
	 - Status: SUCCESS
	 - Description: "dereference failure: pointer outside object bounds"
	 - Location: c/pg_geo_cmp.c:239 in function point_eq_point

Check 255: point_eq_point.pointer_dereference.30
	 - Status: SUCCESS
	 - Description: "dereference failure: invalid integer address"
	 - Location: c/pg_geo_cmp.c:239 in function point_eq_point

Check 256: point_eq_point.pointer_dereference.31
	 - Status: SUCCESS
	 - Description: "dereference failure: pointer NULL"
	 - Location: c/pg_geo_cmp.c:239 in function point_eq_point

Check 257: point_eq_point.pointer_dereference.32
	 - Status: SUCCESS
	 - Description: "dereference failure: pointer invalid"
	 - Location: c/pg_geo_cmp.c:239 in function point_eq_point

Check 258: point_eq_point.pointer_dereference.33
	 - Status: SUCCESS
	 - Description: "dereference failure: deallocated dynamic object"
	 - Location: c/pg_geo_cmp.c:239 in function point_eq_point

Check 259: point_eq_point.pointer_dereference.34
	 - Status: SUCCESS
	 - Description: "dereference failure: dead object"
	 - Location: c/pg_geo_cmp.c:239 in function point_eq_point

Check 260: point_eq_point.pointer_dereference.35
	 - Status: SUCCESS
	 - Description: "dereference failure: pointer outside object bounds"
	 - Location: c/pg_geo_cmp.c:239 in function point_eq_point

Check 261: point_eq_point.pointer_dereference.36
	 - Status: SUCCESS
	 - Description: "dereference failure: invalid integer address"
	 - Location: c/pg_geo_cmp.c:239 in function point_eq_point

Check 262: point_eq_point.pointer_dereference.37
	 - Status: SUCCESS
	 - Description: "dereference failure: pointer NULL"
	 - Location: c/pg_geo_cmp.c:239 in function point_eq_point

Check 263: point_eq_point.pointer_dereference.38
	 - Status: SUCCESS
	 - Description: "dereference failure: pointer invalid"
	 - Location: c/pg_geo_cmp.c:239 in function point_eq_point

Check 264: point_eq_point.pointer_dereference.39
	 - Status: SUCCESS
	 - Description: "dereference failure: deallocated dynamic object"
	 - Location: c/pg_geo_cmp.c:239 in function point_eq_point

Check 265: point_eq_point.pointer_dereference.40
	 - Status: SUCCESS
	 - Description: "dereference failure: dead object"
	 - Location: c/pg_geo_cmp.c:239 in function point_eq_point

Check 266: point_eq_point.pointer_dereference.41
	 - Status: SUCCESS
	 - Description: "dereference failure: pointer outside object bounds"
	 - Location: c/pg_geo_cmp.c:239 in function point_eq_point

Check 267: point_eq_point.pointer_dereference.42
	 - Status: SUCCESS
	 - Description: "dereference failure: invalid integer address"
	 - Location: c/pg_geo_cmp.c:239 in function point_eq_point

Check 268: point_eq_point.pointer_dereference.43
	 - Status: SUCCESS
	 - Description: "dereference failure: pointer NULL"
	 - Location: c/pg_geo_cmp.c:239 in function point_eq_point

Check 269: point_eq_point.pointer_dereference.44
	 - Status: SUCCESS
	 - Description: "dereference failure: pointer invalid"
	 - Location: c/pg_geo_cmp.c:239 in function point_eq_point

Check 270: point_eq_point.pointer_dereference.45
	 - Status: SUCCESS
	 - Description: "dereference failure: deallocated dynamic object"
	 - Location: c/pg_geo_cmp.c:239 in function point_eq_point

Check 271: point_eq_point.pointer_dereference.46
	 - Status: SUCCESS
	 - Description: "dereference failure: dead object"
	 - Location: c/pg_geo_cmp.c:239 in function point_eq_point

Check 272: point_eq_point.pointer_dereference.47
	 - Status: SUCCESS
	 - Description: "dereference failure: pointer outside object bounds"
	 - Location: c/pg_geo_cmp.c:239 in function point_eq_point

Check 273: point_eq_point.pointer_dereference.48
	 - Status: SUCCESS
	 - Description: "dereference failure: invalid integer address"
	 - Location: c/pg_geo_cmp.c:239 in function point_eq_point

Check 274: point_eq_point.pointer_dereference.49
	 - Status: SUCCESS
	 - Description: "dereference failure: pointer NULL"
	 - Location: c/pg_geo_cmp.c:239 in function point_eq_point

Check 275: point_eq_point.pointer_dereference.50
	 - Status: SUCCESS
	 - Description: "dereference failure: pointer invalid"
	 - Location: c/pg_geo_cmp.c:239 in function point_eq_point

Check 276: point_eq_point.pointer_dereference.51
	 - Status: SUCCESS
	 - Description: "dereference failure: deallocated dynamic object"
	 - Location: c/pg_geo_cmp.c:239 in function point_eq_point

Check 277: point_eq_point.pointer_dereference.52
	 - Status: SUCCESS
	 - Description: "dereference failure: dead object"
	 - Location: c/pg_geo_cmp.c:239 in function point_eq_point

Check 278: point_eq_point.pointer_dereference.53
	 - Status: SUCCESS
	 - Description: "dereference failure: pointer outside object bounds"
	 - Location: c/pg_geo_cmp.c:239 in function point_eq_point

Check 279: point_eq_point.pointer_dereference.54
	 - Status: SUCCESS
	 - Description: "dereference failure: invalid integer address"
	 - Location: c/pg_geo_cmp.c:239 in function point_eq_point

Check 280: point_eq_point.pointer_dereference.55
	 - Status: SUCCESS
	 - Description: "dereference failure: pointer NULL"
	 - Location: c/pg_geo_cmp.c:239 in function point_eq_point

Check 281: point_eq_point.pointer_dereference.56
	 - Status: SUCCESS
	 - Description: "dereference failure: pointer invalid"
	 - Location: c/pg_geo_cmp.c:239 in function point_eq_point

Check 282: point_eq_point.pointer_dereference.57
	 - Status: SUCCESS
	 - Description: "dereference failure: deallocated dynamic object"
	 - Location: c/pg_geo_cmp.c:239 in function point_eq_point

Check 283: point_eq_point.pointer_dereference.58
	 - Status: SUCCESS
	 - Description: "dereference failure: dead object"
	 - Location: c/pg_geo_cmp.c:239 in function point_eq_point

Check 284: point_eq_point.pointer_dereference.59
	 - Status: SUCCESS
	 - Description: "dereference failure: pointer outside object bounds"
	 - Location: c/pg_geo_cmp.c:239 in function point_eq_point

Check 285: point_eq_point.pointer_dereference.60
	 - Status: SUCCESS
	 - Description: "dereference failure: invalid integer address"
	 - Location: c/pg_geo_cmp.c:239 in function point_eq_point

Check 286: point_eq_point.pointer_dereference.61
	 - Status: SUCCESS
	 - Description: "dereference failure: pointer NULL"
	 - Location: c/pg_geo_cmp.c:239 in function point_eq_point

Check 287: point_eq_point.pointer_dereference.62
	 - Status: SUCCESS
	 - Description: "dereference failure: pointer invalid"
	 - Location: c/pg_geo_cmp.c:239 in function point_eq_point

Check 288: point_eq_point.pointer_dereference.63
	 - Status: SUCCESS
	 - Description: "dereference failure: deallocated dynamic object"
	 - Location: c/pg_geo_cmp.c:239 in function point_eq_point

Check 289: point_eq_point.pointer_dereference.64
	 - Status: SUCCESS
	 - Description: "dereference failure: dead object"
	 - Location: c/pg_geo_cmp.c:239 in function point_eq_point

Check 290: point_eq_point.pointer_dereference.65
	 - Status: SUCCESS
	 - Description: "dereference failure: pointer outside object bounds"
	 - Location: c/pg_geo_cmp.c:239 in function point_eq_point

Check 291: point_eq_point.pointer_dereference.66
	 - Status: SUCCESS
	 - Description: "dereference failure: invalid integer address"
	 - Location: c/pg_geo_cmp.c:239 in function point_eq_point

Check 292: point_eq_point.pointer_dereference.67
	 - Status: SUCCESS
	 - Description: "dereference failure: pointer NULL"
	 - Location: c/pg_geo_cmp.c:239 in function point_eq_point

Check 293: point_eq_point.pointer_dereference.68
	 - Status: SUCCESS
	 - Description: "dereference failure: pointer invalid"
	 - Location: c/pg_geo_cmp.c:239 in function point_eq_point

Check 294: point_eq_point.pointer_dereference.69
	 - Status: SUCCESS
	 - Description: "dereference failure: deallocated dynamic object"
	 - Location: c/pg_geo_cmp.c:239 in function point_eq_point

Check 295: point_eq_point.pointer_dereference.70
	 - Status: SUCCESS
	 - Description: "dereference failure: dead object"
	 - Location: c/pg_geo_cmp.c:239 in function point_eq_point

Check 296: point_eq_point.pointer_dereference.71
	 - Status: SUCCESS
	 - Description: "dereference failure: pointer outside object bounds"
	 - Location: c/pg_geo_cmp.c:239 in function point_eq_point

Check 297: point_eq_point.pointer_dereference.72
	 - Status: SUCCESS
	 - Description: "dereference failure: invalid integer address"
	 - Location: c/pg_geo_cmp.c:239 in function point_eq_point

Check 298: point_eq_point.pointer_dereference.73
	 - Status: SUCCESS
	 - Description: "dereference failure: pointer NULL"
	 - Location: c/pg_geo_cmp.c:241 in function point_eq_point

Check 299: point_eq_point.pointer_dereference.74
	 - Status: SUCCESS
	 - Description: "dereference failure: pointer invalid"
	 - Location: c/pg_geo_cmp.c:241 in function point_eq_point

Check 300: point_eq_point.pointer_dereference.75
	 - Status: SUCCESS
	 - Description: "dereference failure: deallocated dynamic object"
	 - Location: c/pg_geo_cmp.c:241 in function point_eq_point

Check 301: point_eq_point.pointer_dereference.76
	 - Status: SUCCESS
	 - Description: "dereference failure: dead object"
	 - Location: c/pg_geo_cmp.c:241 in function point_eq_point

Check 302: point_eq_point.pointer_dereference.77
	 - Status: SUCCESS
	 - Description: "dereference failure: pointer outside object bounds"
	 - Location: c/pg_geo_cmp.c:241 in function point_eq_point

Check 303: point_eq_point.pointer_dereference.78
	 - Status: SUCCESS
	 - Description: "dereference failure: invalid integer address"
	 - Location: c/pg_geo_cmp.c:241 in function point_eq_point

Check 304: point_eq_point.pointer_dereference.79
	 - Status: SUCCESS
	 - Description: "dereference failure: pointer NULL"
	 - Location: c/pg_geo_cmp.c:241 in function point_eq_point

Check 305: point_eq_point.pointer_dereference.80
	 - Status: SUCCESS
	 - Description: "dereference failure: pointer invalid"
	 - Location: c/pg_geo_cmp.c:241 in function point_eq_point

Check 306: point_eq_point.pointer_dereference.81
	 - Status: SUCCESS
	 - Description: "dereference failure: deallocated dynamic object"
	 - Location: c/pg_geo_cmp.c:241 in function point_eq_point

Check 307: point_eq_point.pointer_dereference.82
	 - Status: SUCCESS
	 - Description: "dereference failure: dead object"
	 - Location: c/pg_geo_cmp.c:241 in function point_eq_point

Check 308: point_eq_point.pointer_dereference.83
	 - Status: SUCCESS
	 - Description: "dereference failure: pointer outside object bounds"
	 - Location: c/pg_geo_cmp.c:241 in function point_eq_point

Check 309: point_eq_point.pointer_dereference.84
	 - Status: SUCCESS
	 - Description: "dereference failure: invalid integer address"
	 - Location: c/pg_geo_cmp.c:241 in function point_eq_point

Check 310: point_eq_point.pointer_dereference.85
	 - Status: SUCCESS
	 - Description: "dereference failure: pointer NULL"
	 - Location: c/pg_geo_cmp.c:241 in function point_eq_point

Check 311: point_eq_point.pointer_dereference.86
	 - Status: SUCCESS
	 - Description: "dereference failure: pointer invalid"
	 - Location: c/pg_geo_cmp.c:241 in function point_eq_point

Check 312: point_eq_point.pointer_dereference.87
	 - Status: SUCCESS
	 - Description: "dereference failure: deallocated dynamic object"
	 - Location: c/pg_geo_cmp.c:241 in function point_eq_point

Check 313: point_eq_point.pointer_dereference.88
	 - Status: SUCCESS
	 - Description: "dereference failure: dead object"
	 - Location: c/pg_geo_cmp.c:241 in function point_eq_point

Check 314: point_eq_point.pointer_dereference.89
	 - Status: SUCCESS
	 - Description: "dereference failure: pointer outside object bounds"
	 - Location: c/pg_geo_cmp.c:241 in function point_eq_point

Check 315: point_eq_point.pointer_dereference.90
	 - Status: SUCCESS
	 - Description: "dereference failure: invalid integer address"
	 - Location: c/pg_geo_cmp.c:241 in function point_eq_point

Check 316: point_eq_point.pointer_dereference.91
	 - Status: SUCCESS
	 - Description: "dereference failure: pointer NULL"
	 - Location: c/pg_geo_cmp.c:241 in function point_eq_point

Check 317: point_eq_point.pointer_dereference.92
	 - Status: SUCCESS
	 - Description: "dereference failure: pointer invalid"
	 - Location: c/pg_geo_cmp.c:241 in function point_eq_point

Check 318: point_eq_point.pointer_dereference.93
	 - Status: SUCCESS
	 - Description: "dereference failure: deallocated dynamic object"
	 - Location: c/pg_geo_cmp.c:241 in function point_eq_point

Check 319: point_eq_point.pointer_dereference.94
	 - Status: SUCCESS
	 - Description: "dereference failure: dead object"
	 - Location: c/pg_geo_cmp.c:241 in function point_eq_point

Check 320: point_eq_point.pointer_dereference.95
	 - Status: SUCCESS
	 - Description: "dereference failure: pointer outside object bounds"
	 - Location: c/pg_geo_cmp.c:241 in function point_eq_point

Check 321: point_eq_point.pointer_dereference.96
	 - Status: SUCCESS
	 - Description: "dereference failure: invalid integer address"
	 - Location: c/pg_geo_cmp.c:241 in function point_eq_point

Check 322: point_eq_point.pointer_dereference.97
	 - Status: SUCCESS
	 - Description: "dereference failure: pointer NULL"
	 - Location: c/pg_geo_cmp.c:243 in function point_eq_point

Check 323: point_eq_point.pointer_dereference.98
	 - Status: SUCCESS
	 - Description: "dereference failure: pointer invalid"
	 - Location: c/pg_geo_cmp.c:243 in function point_eq_point

Check 324: point_eq_point.pointer_dereference.99
	 - Status: SUCCESS
	 - Description: "dereference failure: deallocated dynamic object"
	 - Location: c/pg_geo_cmp.c:243 in function point_eq_point

Check 325: point_eq_point.pointer_dereference.100
	 - Status: SUCCESS
	 - Description: "dereference failure: dead object"
	 - Location: c/pg_geo_cmp.c:243 in function point_eq_point

Check 326: point_eq_point.pointer_dereference.101
	 - Status: SUCCESS
	 - Description: "dereference failure: pointer outside object bounds"
	 - Location: c/pg_geo_cmp.c:243 in function point_eq_point

Check 327: point_eq_point.pointer_dereference.102
	 - Status: SUCCESS
	 - Description: "dereference failure: invalid integer address"
	 - Location: c/pg_geo_cmp.c:243 in function point_eq_point

Check 328: point_eq_point.pointer_dereference.103
	 - Status: SUCCESS
	 - Description: "dereference failure: pointer NULL"
	 - Location: c/pg_geo_cmp.c:243 in function point_eq_point

Check 329: point_eq_point.pointer_dereference.104
	 - Status: SUCCESS
	 - Description: "dereference failure: pointer invalid"
	 - Location: c/pg_geo_cmp.c:243 in function point_eq_point

Check 330: point_eq_point.pointer_dereference.105
	 - Status: SUCCESS
	 - Description: "dereference failure: deallocated dynamic object"
	 - Location: c/pg_geo_cmp.c:243 in function point_eq_point

Check 331: point_eq_point.pointer_dereference.106
	 - Status: SUCCESS
	 - Description: "dereference failure: dead object"
	 - Location: c/pg_geo_cmp.c:243 in function point_eq_point

Check 332: point_eq_point.pointer_dereference.107
	 - Status: SUCCESS
	 - Description: "dereference failure: pointer outside object bounds"
	 - Location: c/pg_geo_cmp.c:243 in function point_eq_point

Check 333: point_eq_point.pointer_dereference.108
	 - Status: SUCCESS
	 - Description: "dereference failure: invalid integer address"
	 - Location: c/pg_geo_cmp.c:243 in function point_eq_point

Check 334: point_eq_point.pointer_dereference.109
	 - Status: SUCCESS
	 - Description: "dereference failure: pointer NULL"
	 - Location: c/pg_geo_cmp.c:243 in function point_eq_point

Check 335: point_eq_point.pointer_dereference.110
	 - Status: SUCCESS
	 - Description: "dereference failure: pointer invalid"
	 - Location: c/pg_geo_cmp.c:243 in function point_eq_point

Check 336: point_eq_point.pointer_dereference.111
	 - Status: SUCCESS
	 - Description: "dereference failure: deallocated dynamic object"
	 - Location: c/pg_geo_cmp.c:243 in function point_eq_point

Check 337: point_eq_point.pointer_dereference.112
	 - Status: SUCCESS
	 - Description: "dereference failure: dead object"
	 - Location: c/pg_geo_cmp.c:243 in function point_eq_point

Check 338: point_eq_point.pointer_dereference.113
	 - Status: SUCCESS
	 - Description: "dereference failure: pointer outside object bounds"
	 - Location: c/pg_geo_cmp.c:243 in function point_eq_point

Check 339: point_eq_point.pointer_dereference.114
	 - Status: SUCCESS
	 - Description: "dereference failure: invalid integer address"
	 - Location: c/pg_geo_cmp.c:243 in function point_eq_point

Check 340: point_eq_point.pointer_dereference.115
	 - Status: SUCCESS
	 - Description: "dereference failure: pointer NULL"
	 - Location: c/pg_geo_cmp.c:243 in function point_eq_point

Check 341: point_eq_point.pointer_dereference.116
	 - Status: SUCCESS
	 - Description: "dereference failure: pointer invalid"
	 - Location: c/pg_geo_cmp.c:243 in function point_eq_point

Check 342: point_eq_point.pointer_dereference.117
	 - Status: SUCCESS
	 - Description: "dereference failure: deallocated dynamic object"
	 - Location: c/pg_geo_cmp.c:243 in function point_eq_point

Check 343: point_eq_point.pointer_dereference.118
	 - Status: SUCCESS
	 - Description: "dereference failure: dead object"
	 - Location: c/pg_geo_cmp.c:243 in function point_eq_point

Check 344: point_eq_point.pointer_dereference.119
	 - Status: SUCCESS
	 - Description: "dereference failure: pointer outside object bounds"
	 - Location: c/pg_geo_cmp.c:243 in function point_eq_point

Check 345: point_eq_point.pointer_dereference.120
	 - Status: SUCCESS
	 - Description: "dereference failure: invalid integer address"
	 - Location: c/pg_geo_cmp.c:243 in function point_eq_point

Check 346: alloc::raw_vec::RawVecInner::set_ptr_and_cap.pointer_dereference.1
	 - Status: SUCCESS
	 - Description: "dereference failure: pointer NULL"
	 - Location: ../../../../../../runner/.rustup/toolchains/nightly-2025-11-21-aarch64-apple-darwin/lib/rustlib/src/rust/library/alloc/src/raw_vec/mod.rs:663:9 in function alloc::raw_vec::RawVecInner::set_ptr_and_cap

Check 347: alloc::raw_vec::RawVecInner::set_ptr_and_cap.pointer_dereference.2
	 - Status: SUCCESS
	 - Description: "dereference failure: pointer invalid"
	 - Location: ../../../../../../runner/.rustup/toolchains/nightly-2025-11-21-aarch64-apple-darwin/lib/rustlib/src/rust/library/alloc/src/raw_vec/mod.rs:663:9 in function alloc::raw_vec::RawVecInner::set_ptr_and_cap

Check 348: alloc::raw_vec::RawVecInner::set_ptr_and_cap.pointer_dereference.3
	 - Status: SUCCESS
	 - Description: "dereference failure: deallocated dynamic object"
	 - Location: ../../../../../../runner/.rustup/toolchains/nightly-2025-11-21-aarch64-apple-darwin/lib/rustlib/src/rust/library/alloc/src/raw_vec/mod.rs:663:9 in function alloc::raw_vec::RawVecInner::set_ptr_and_cap

Check 349: alloc::raw_vec::RawVecInner::set_ptr_and_cap.pointer_dereference.4
	 - Status: SUCCESS
	 - Description: "dereference failure: dead object"
	 - Location: ../../../../../../runner/.rustup/toolchains/nightly-2025-11-21-aarch64-apple-darwin/lib/rustlib/src/rust/library/alloc/src/raw_vec/mod.rs:663:9 in function alloc::raw_vec::RawVecInner::set_ptr_and_cap

Check 350: alloc::raw_vec::RawVecInner::set_ptr_and_cap.pointer_dereference.5
	 - Status: SUCCESS
	 - Description: "dereference failure: pointer outside object bounds"
	 - Location: ../../../../../../runner/.rustup/toolchains/nightly-2025-11-21-aarch64-apple-darwin/lib/rustlib/src/rust/library/alloc/src/raw_vec/mod.rs:663:9 in function alloc::raw_vec::RawVecInner::set_ptr_and_cap

Check 351: alloc::raw_vec::RawVecInner::set_ptr_and_cap.pointer_dereference.6
	 - Status: SUCCESS
	 - Description: "dereference failure: invalid integer address"
	 - Location: ../../../../../../runner/.rustup/toolchains/nightly-2025-11-21-aarch64-apple-darwin/lib/rustlib/src/rust/library/alloc/src/raw_vec/mod.rs:663:9 in function alloc::raw_vec::RawVecInner::set_ptr_and_cap

Check 352: alloc::raw_vec::RawVecInner::set_ptr_and_cap.pointer_dereference.7
	 - Status: SUCCESS
	 - Description: "dereference failure: pointer NULL"
	 - Location: ../../../../../../runner/.rustup/toolchains/nightly-2025-11-21-aarch64-apple-darwin/lib/rustlib/src/rust/library/alloc/src/raw_vec/mod.rs:664:9 in function alloc::raw_vec::RawVecInner::set_ptr_and_cap

Check 353: alloc::raw_vec::RawVecInner::set_ptr_and_cap.pointer_dereference.8
	 - Status: SUCCESS
	 - Description: "dereference failure: pointer invalid"
	 - Location: ../../../../../../runner/.rustup/toolchains/nightly-2025-11-21-aarch64-apple-darwin/lib/rustlib/src/rust/library/alloc/src/raw_vec/mod.rs:664:9 in function alloc::raw_vec::RawVecInner::set_ptr_and_cap

Check 354: alloc::raw_vec::RawVecInner::set_ptr_and_cap.pointer_dereference.9
	 - Status: SUCCESS
	 - Description: "dereference failure: deallocated dynamic object"
	 - Location: ../../../../../../runner/.rustup/toolchains/nightly-2025-11-21-aarch64-apple-darwin/lib/rustlib/src/rust/library/alloc/src/raw_vec/mod.rs:664:9 in function alloc::raw_vec::RawVecInner::set_ptr_and_cap

Check 355: alloc::raw_vec::RawVecInner::set_ptr_and_cap.pointer_dereference.10
	 - Status: SUCCESS
	 - Description: "dereference failure: dead object"
	 - Location: ../../../../../../runner/.rustup/toolchains/nightly-2025-11-21-aarch64-apple-darwin/lib/rustlib/src/rust/library/alloc/src/raw_vec/mod.rs:664:9 in function alloc::raw_vec::RawVecInner::set_ptr_and_cap

Check 356: alloc::raw_vec::RawVecInner::set_ptr_and_cap.pointer_dereference.11
	 - Status: SUCCESS
	 - Description: "dereference failure: pointer outside object bounds"
	 - Location: ../../../../../../runner/.rustup/toolchains/nightly-2025-11-21-aarch64-apple-darwin/lib/rustlib/src/rust/library/alloc/src/raw_vec/mod.rs:664:9 in function alloc::raw_vec::RawVecInner::set_ptr_and_cap

Check 357: alloc::raw_vec::RawVecInner::set_ptr_and_cap.pointer_dereference.12
	 - Status: SUCCESS
	 - Description: "dereference failure: invalid integer address"
	 - Location: ../../../../../../runner/.rustup/toolchains/nightly-2025-11-21-aarch64-apple-darwin/lib/rustlib/src/rust/library/alloc/src/raw_vec/mod.rs:664:9 in function alloc::raw_vec::RawVecInner::set_ptr_and_cap

Check 358: box_ov.pointer_dereference.1
	 - Status: SUCCESS
	 - Description: "dereference failure: pointer NULL"
	 - Location: c/pg_geo_cmp.c:249 in function box_ov

Check 359: box_ov.pointer_dereference.2
	 - Status: SUCCESS
	 - Description: "dereference failure: pointer invalid"
	 - Location: c/pg_geo_cmp.c:249 in function box_ov

Check 360: box_ov.pointer_dereference.3
	 - Status: SUCCESS
	 - Description: "dereference failure: deallocated dynamic object"
	 - Location: c/pg_geo_cmp.c:249 in function box_ov

Check 361: box_ov.pointer_dereference.4
	 - Status: SUCCESS
	 - Description: "dereference failure: dead object"
	 - Location: c/pg_geo_cmp.c:249 in function box_ov

Check 362: box_ov.pointer_dereference.5
	 - Status: SUCCESS
	 - Description: "dereference failure: pointer outside object bounds"
	 - Location: c/pg_geo_cmp.c:249 in function box_ov

Check 363: box_ov.pointer_dereference.6
	 - Status: SUCCESS
	 - Description: "dereference failure: invalid integer address"
	 - Location: c/pg_geo_cmp.c:249 in function box_ov

Check 364: box_ov.pointer_dereference.7
	 - Status: SUCCESS
	 - Description: "dereference failure: pointer NULL"
	 - Location: c/pg_geo_cmp.c:249 in function box_ov

Check 365: box_ov.pointer_dereference.8
	 - Status: SUCCESS
	 - Description: "dereference failure: pointer invalid"
	 - Location: c/pg_geo_cmp.c:249 in function box_ov

Check 366: box_ov.pointer_dereference.9
	 - Status: SUCCESS
	 - Description: "dereference failure: deallocated dynamic object"
	 - Location: c/pg_geo_cmp.c:249 in function box_ov

Check 367: box_ov.pointer_dereference.10
	 - Status: SUCCESS
	 - Description: "dereference failure: dead object"
	 - Location: c/pg_geo_cmp.c:249 in function box_ov

Check 368: box_ov.pointer_dereference.11
	 - Status: SUCCESS
	 - Description: "dereference failure: pointer outside object bounds"
	 - Location: c/pg_geo_cmp.c:249 in function box_ov

Check 369: box_ov.pointer_dereference.12
	 - Status: SUCCESS
	 - Description: "dereference failure: invalid integer address"
	 - Location: c/pg_geo_cmp.c:249 in function box_ov

Check 370: box_ov.pointer_dereference.13
	 - Status: SUCCESS
	 - Description: "dereference failure: pointer NULL"
	 - Location: c/pg_geo_cmp.c:250 in function box_ov

Check 371: box_ov.pointer_dereference.14
	 - Status: SUCCESS
	 - Description: "dereference failure: pointer invalid"
	 - Location: c/pg_geo_cmp.c:250 in function box_ov

Check 372: box_ov.pointer_dereference.15
	 - Status: SUCCESS
	 - Description: "dereference failure: deallocated dynamic object"
	 - Location: c/pg_geo_cmp.c:250 in function box_ov

Check 373: box_ov.pointer_dereference.16
	 - Status: SUCCESS
	 - Description: "dereference failure: dead object"
	 - Location: c/pg_geo_cmp.c:250 in function box_ov

Check 374: box_ov.pointer_dereference.17
	 - Status: SUCCESS
	 - Description: "dereference failure: pointer outside object bounds"
	 - Location: c/pg_geo_cmp.c:250 in function box_ov

Check 375: box_ov.pointer_dereference.18
	 - Status: SUCCESS
	 - Description: "dereference failure: invalid integer address"
	 - Location: c/pg_geo_cmp.c:250 in function box_ov

Check 376: box_ov.pointer_dereference.19
	 - Status: SUCCESS
	 - Description: "dereference failure: pointer NULL"
	 - Location: c/pg_geo_cmp.c:250 in function box_ov

Check 377: box_ov.pointer_dereference.20
	 - Status: SUCCESS
	 - Description: "dereference failure: pointer invalid"
	 - Location: c/pg_geo_cmp.c:250 in function box_ov

Check 378: box_ov.pointer_dereference.21
	 - Status: SUCCESS
	 - Description: "dereference failure: deallocated dynamic object"
	 - Location: c/pg_geo_cmp.c:250 in function box_ov

Check 379: box_ov.pointer_dereference.22
	 - Status: SUCCESS
	 - Description: "dereference failure: dead object"
	 - Location: c/pg_geo_cmp.c:250 in function box_ov

Check 380: box_ov.pointer_dereference.23
	 - Status: SUCCESS
	 - Description: "dereference failure: pointer outside object bounds"
	 - Location: c/pg_geo_cmp.c:250 in function box_ov

Check 381: box_ov.pointer_dereference.24
	 - Status: SUCCESS
	 - Description: "dereference failure: invalid integer address"
	 - Location: c/pg_geo_cmp.c:250 in function box_ov

Check 382: box_ov.pointer_dereference.25
	 - Status: SUCCESS
	 - Description: "dereference failure: pointer NULL"
	 - Location: c/pg_geo_cmp.c:251 in function box_ov

Check 383: box_ov.pointer_dereference.26
	 - Status: SUCCESS
	 - Description: "dereference failure: pointer invalid"
	 - Location: c/pg_geo_cmp.c:251 in function box_ov

Check 384: box_ov.pointer_dereference.27
	 - Status: SUCCESS
	 - Description: "dereference failure: deallocated dynamic object"
	 - Location: c/pg_geo_cmp.c:251 in function box_ov

Check 385: box_ov.pointer_dereference.28
	 - Status: SUCCESS
	 - Description: "dereference failure: dead object"
	 - Location: c/pg_geo_cmp.c:251 in function box_ov

Check 386: box_ov.pointer_dereference.29
	 - Status: SUCCESS
	 - Description: "dereference failure: pointer outside object bounds"
	 - Location: c/pg_geo_cmp.c:251 in function box_ov

Check 387: box_ov.pointer_dereference.30
	 - Status: SUCCESS
	 - Description: "dereference failure: invalid integer address"
	 - Location: c/pg_geo_cmp.c:251 in function box_ov

Check 388: box_ov.pointer_dereference.31
	 - Status: SUCCESS
	 - Description: "dereference failure: pointer NULL"
	 - Location: c/pg_geo_cmp.c:251 in function box_ov

Check 389: box_ov.pointer_dereference.32
	 - Status: SUCCESS
	 - Description: "dereference failure: pointer invalid"
	 - Location: c/pg_geo_cmp.c:251 in function box_ov

Check 390: box_ov.pointer_dereference.33
	 - Status: SUCCESS
	 - Description: "dereference failure: deallocated dynamic object"
	 - Location: c/pg_geo_cmp.c:251 in function box_ov

Check 391: box_ov.pointer_dereference.34
	 - Status: SUCCESS
	 - Description: "dereference failure: dead object"
	 - Location: c/pg_geo_cmp.c:251 in function box_ov

Check 392: box_ov.pointer_dereference.35
	 - Status: SUCCESS
	 - Description: "dereference failure: pointer outside object bounds"
	 - Location: c/pg_geo_cmp.c:251 in function box_ov

Check 393: box_ov.pointer_dereference.36
	 - Status: SUCCESS
	 - Description: "dereference failure: invalid integer address"
	 - Location: c/pg_geo_cmp.c:251 in function box_ov

Check 394: box_ov.pointer_dereference.37
	 - Status: SUCCESS
	 - Description: "dereference failure: pointer NULL"
	 - Location: c/pg_geo_cmp.c:252 in function box_ov

Check 395: box_ov.pointer_dereference.38
	 - Status: SUCCESS
	 - Description: "dereference failure: pointer invalid"
	 - Location: c/pg_geo_cmp.c:252 in function box_ov

Check 396: box_ov.pointer_dereference.39
	 - Status: SUCCESS
	 - Description: "dereference failure: deallocated dynamic object"
	 - Location: c/pg_geo_cmp.c:252 in function box_ov

Check 397: box_ov.pointer_dereference.40
	 - Status: SUCCESS
	 - Description: "dereference failure: dead object"
	 - Location: c/pg_geo_cmp.c:252 in function box_ov

Check 398: box_ov.pointer_dereference.41
	 - Status: SUCCESS
	 - Description: "dereference failure: pointer outside object bounds"
	 - Location: c/pg_geo_cmp.c:252 in function box_ov

Check 399: box_ov.pointer_dereference.42
	 - Status: SUCCESS
	 - Description: "dereference failure: invalid integer address"
	 - Location: c/pg_geo_cmp.c:252 in function box_ov

Check 400: box_ov.pointer_dereference.43
	 - Status: SUCCESS
	 - Description: "dereference failure: pointer NULL"
	 - Location: c/pg_geo_cmp.c:252 in function box_ov

Check 401: box_ov.pointer_dereference.44
	 - Status: SUCCESS
	 - Description: "dereference failure: pointer invalid"
	 - Location: c/pg_geo_cmp.c:252 in function box_ov

Check 402: box_ov.pointer_dereference.45
	 - Status: SUCCESS
	 - Description: "dereference failure: deallocated dynamic object"
	 - Location: c/pg_geo_cmp.c:252 in function box_ov

Check 403: box_ov.pointer_dereference.46
	 - Status: SUCCESS
	 - Description: "dereference failure: dead object"
	 - Location: c/pg_geo_cmp.c:252 in function box_ov

Check 404: box_ov.pointer_dereference.47
	 - Status: SUCCESS
	 - Description: "dereference failure: pointer outside object bounds"
	 - Location: c/pg_geo_cmp.c:252 in function box_ov

Check 405: box_ov.pointer_dereference.48
	 - Status: SUCCESS
	 - Description: "dereference failure: invalid integer address"
	 - Location: c/pg_geo_cmp.c:252 in function box_ov

Check 406: std::alloc::Global::grow_impl.pointer_dereference.1
	 - Status: SUCCESS
	 - Description: "dereference failure: dead object"
	 - Location: ../../../../../../runner/.rustup/toolchains/nightly-2025-11-21-aarch64-apple-darwin/lib/rustlib/src/rust/library/alloc/src/alloc.rs:224:27 in function std::alloc::Global::grow_impl

Check 407: std::alloc::Global::grow_impl.pointer_dereference.2
	 - Status: SUCCESS
	 - Description: "dereference failure: dead object"
	 - Location: ../../../../../../runner/.rustup/toolchains/nightly-2025-11-21-aarch64-apple-darwin/lib/rustlib/src/rust/library/alloc/src/alloc.rs:237:31 in function std::alloc::Global::grow_impl

Check 408: point_sl.pointer_dereference.1
	 - Status: SUCCESS
	 - Description: "dereference failure: pointer NULL"
	 - Location: c/pg_geo_cmp.c:763 in function point_sl

Check 409: point_sl.pointer_dereference.2
	 - Status: SUCCESS
	 - Description: "dereference failure: pointer invalid"
	 - Location: c/pg_geo_cmp.c:763 in function point_sl

Check 410: point_sl.pointer_dereference.3
	 - Status: SUCCESS
	 - Description: "dereference failure: deallocated dynamic object"
	 - Location: c/pg_geo_cmp.c:763 in function point_sl

Check 411: point_sl.pointer_dereference.4
	 - Status: SUCCESS
	 - Description: "dereference failure: dead object"
	 - Location: c/pg_geo_cmp.c:763 in function point_sl

Check 412: point_sl.pointer_dereference.5
	 - Status: SUCCESS
	 - Description: "dereference failure: pointer outside object bounds"
	 - Location: c/pg_geo_cmp.c:763 in function point_sl

Check 413: point_sl.pointer_dereference.6
	 - Status: SUCCESS
	 - Description: "dereference failure: invalid integer address"
	 - Location: c/pg_geo_cmp.c:763 in function point_sl

Check 414: point_sl.pointer_dereference.7
	 - Status: SUCCESS
	 - Description: "dereference failure: pointer NULL"
	 - Location: c/pg_geo_cmp.c:763 in function point_sl

Check 415: point_sl.pointer_dereference.8
	 - Status: SUCCESS
	 - Description: "dereference failure: pointer invalid"
	 - Location: c/pg_geo_cmp.c:763 in function point_sl

Check 416: point_sl.pointer_dereference.9
	 - Status: SUCCESS
	 - Description: "dereference failure: deallocated dynamic object"
	 - Location: c/pg_geo_cmp.c:763 in function point_sl

Check 417: point_sl.pointer_dereference.10
	 - Status: SUCCESS
	 - Description: "dereference failure: dead object"
	 - Location: c/pg_geo_cmp.c:763 in function point_sl

Check 418: point_sl.pointer_dereference.11
	 - Status: SUCCESS
	 - Description: "dereference failure: pointer outside object bounds"
	 - Location: c/pg_geo_cmp.c:763 in function point_sl

Check 419: point_sl.pointer_dereference.12
	 - Status: SUCCESS
	 - Description: "dereference failure: invalid integer address"
	 - Location: c/pg_geo_cmp.c:763 in function point_sl

Check 420: point_sl.pointer_dereference.13
	 - Status: SUCCESS
	 - Description: "dereference failure: pointer NULL"
	 - Location: c/pg_geo_cmp.c:765 in function point_sl

Check 421: point_sl.pointer_dereference.14
	 - Status: SUCCESS
	 - Description: "dereference failure: pointer invalid"
	 - Location: c/pg_geo_cmp.c:765 in function point_sl

Check 422: point_sl.pointer_dereference.15
	 - Status: SUCCESS
	 - Description: "dereference failure: deallocated dynamic object"
	 - Location: c/pg_geo_cmp.c:765 in function point_sl

Check 423: point_sl.pointer_dereference.16
	 - Status: SUCCESS
	 - Description: "dereference failure: dead object"
	 - Location: c/pg_geo_cmp.c:765 in function point_sl

Check 424: point_sl.pointer_dereference.17
	 - Status: SUCCESS
	 - Description: "dereference failure: pointer outside object bounds"
	 - Location: c/pg_geo_cmp.c:765 in function point_sl

Check 425: point_sl.pointer_dereference.18
	 - Status: SUCCESS
	 - Description: "dereference failure: invalid integer address"
	 - Location: c/pg_geo_cmp.c:765 in function point_sl

Check 426: point_sl.pointer_dereference.19
	 - Status: SUCCESS
	 - Description: "dereference failure: pointer NULL"
	 - Location: c/pg_geo_cmp.c:765 in function point_sl

Check 427: point_sl.pointer_dereference.20
	 - Status: SUCCESS
	 - Description: "dereference failure: pointer invalid"
	 - Location: c/pg_geo_cmp.c:765 in function point_sl

Check 428: point_sl.pointer_dereference.21
	 - Status: SUCCESS
	 - Description: "dereference failure: deallocated dynamic object"
	 - Location: c/pg_geo_cmp.c:765 in function point_sl

Check 429: point_sl.pointer_dereference.22
	 - Status: SUCCESS
	 - Description: "dereference failure: dead object"
	 - Location: c/pg_geo_cmp.c:765 in function point_sl

Check 430: point_sl.pointer_dereference.23
	 - Status: SUCCESS
	 - Description: "dereference failure: pointer outside object bounds"
	 - Location: c/pg_geo_cmp.c:765 in function point_sl

Check 431: point_sl.pointer_dereference.24
	 - Status: SUCCESS
	 - Description: "dereference failure: invalid integer address"
	 - Location: c/pg_geo_cmp.c:765 in function point_sl

Check 432: point_sl.pointer_dereference.25
	 - Status: SUCCESS
	 - Description: "dereference failure: pointer NULL"
	 - Location: c/pg_geo_cmp.c:767 in function point_sl

Check 433: point_sl.pointer_dereference.26
	 - Status: SUCCESS
	 - Description: "dereference failure: pointer invalid"
	 - Location: c/pg_geo_cmp.c:767 in function point_sl

Check 434: point_sl.pointer_dereference.27
	 - Status: SUCCESS
	 - Description: "dereference failure: deallocated dynamic object"
	 - Location: c/pg_geo_cmp.c:767 in function point_sl

Check 435: point_sl.pointer_dereference.28
	 - Status: SUCCESS
	 - Description: "dereference failure: dead object"
	 - Location: c/pg_geo_cmp.c:767 in function point_sl

Check 436: point_sl.pointer_dereference.29
	 - Status: SUCCESS
	 - Description: "dereference failure: pointer outside object bounds"
	 - Location: c/pg_geo_cmp.c:767 in function point_sl

Check 437: point_sl.pointer_dereference.30
	 - Status: SUCCESS
	 - Description: "dereference failure: invalid integer address"
	 - Location: c/pg_geo_cmp.c:767 in function point_sl

Check 438: point_sl.pointer_dereference.31
	 - Status: SUCCESS
	 - Description: "dereference failure: pointer NULL"
	 - Location: c/pg_geo_cmp.c:767 in function point_sl

Check 439: point_sl.pointer_dereference.32
	 - Status: SUCCESS
	 - Description: "dereference failure: pointer invalid"
	 - Location: c/pg_geo_cmp.c:767 in function point_sl

Check 440: point_sl.pointer_dereference.33
	 - Status: SUCCESS
	 - Description: "dereference failure: deallocated dynamic object"
	 - Location: c/pg_geo_cmp.c:767 in function point_sl

Check 441: point_sl.pointer_dereference.34
	 - Status: SUCCESS
	 - Description: "dereference failure: dead object"
	 - Location: c/pg_geo_cmp.c:767 in function point_sl

Check 442: point_sl.pointer_dereference.35
	 - Status: SUCCESS
	 - Description: "dereference failure: pointer outside object bounds"
	 - Location: c/pg_geo_cmp.c:767 in function point_sl

Check 443: point_sl.pointer_dereference.36
	 - Status: SUCCESS
	 - Description: "dereference failure: invalid integer address"
	 - Location: c/pg_geo_cmp.c:767 in function point_sl

Check 444: point_sl.pointer_dereference.37
	 - Status: SUCCESS
	 - Description: "dereference failure: pointer NULL"
	 - Location: c/pg_geo_cmp.c:767 in function point_sl

Check 445: point_sl.pointer_dereference.38
	 - Status: SUCCESS
	 - Description: "dereference failure: pointer invalid"
	 - Location: c/pg_geo_cmp.c:767 in function point_sl

Check 446: point_sl.pointer_dereference.39
	 - Status: SUCCESS
	 - Description: "dereference failure: deallocated dynamic object"
	 - Location: c/pg_geo_cmp.c:767 in function point_sl

Check 447: point_sl.pointer_dereference.40
	 - Status: SUCCESS
	 - Description: "dereference failure: dead object"
	 - Location: c/pg_geo_cmp.c:767 in function point_sl

Check 448: point_sl.pointer_dereference.41
	 - Status: SUCCESS
	 - Description: "dereference failure: pointer outside object bounds"
	 - Location: c/pg_geo_cmp.c:767 in function point_sl

Check 449: point_sl.pointer_dereference.42
	 - Status: SUCCESS
	 - Description: "dereference failure: invalid integer address"
	 - Location: c/pg_geo_cmp.c:767 in function point_sl

Check 450: point_sl.pointer_dereference.43
	 - Status: SUCCESS
	 - Description: "dereference failure: pointer NULL"
	 - Location: c/pg_geo_cmp.c:767 in function point_sl

Check 451: point_sl.pointer_dereference.44
	 - Status: SUCCESS
	 - Description: "dereference failure: pointer invalid"
	 - Location: c/pg_geo_cmp.c:767 in function point_sl

Check 452: point_sl.pointer_dereference.45
	 - Status: SUCCESS
	 - Description: "dereference failure: deallocated dynamic object"
	 - Location: c/pg_geo_cmp.c:767 in function point_sl

Check 453: point_sl.pointer_dereference.46
	 - Status: SUCCESS
	 - Description: "dereference failure: dead object"
	 - Location: c/pg_geo_cmp.c:767 in function point_sl

Check 454: point_sl.pointer_dereference.47
	 - Status: SUCCESS
	 - Description: "dereference failure: pointer outside object bounds"
	 - Location: c/pg_geo_cmp.c:767 in function point_sl

Check 455: point_sl.pointer_dereference.48
	 - Status: SUCCESS
	 - Description: "dereference failure: invalid integer address"
	 - Location: c/pg_geo_cmp.c:767 in function point_sl

Check 456: std::result::Result::<(std::alloc::Layout, usize), std::alloc::LayoutError>::map::<std::alloc::Layout, {closure@alloc::raw_vec::layout_array::{closure#0}}>.pointer_dereference.1
	 - Status: SUCCESS
	 - Description: "dereference failure: dead object"
	 - Location: ../../../../../../runner/.rustup/toolchains/nightly-2025-11-21-aarch64-apple-darwin/lib/rustlib/src/rust/library/core/src/result.rs:835:15 in function std::result::Result::<(std::alloc::Layout, usize), std::alloc::LayoutError>::map::<std::alloc::Layout, {closure@alloc::raw_vec::layout_array::{closure#0}}>

Check 457: std::result::Result::<(std::alloc::Layout, usize), std::alloc::LayoutError>::map::<std::alloc::Layout, {closure@alloc::raw_vec::layout_array::{closure#0}}>.pointer_dereference.2
	 - Status: SUCCESS
	 - Description: "dereference failure: dead object"
	 - Location: ../../../../../../runner/.rustup/toolchains/nightly-2025-11-21-aarch64-apple-darwin/lib/rustlib/src/rust/library/core/src/result.rs:837:23 in function std::result::Result::<(std::alloc::Layout, usize), std::alloc::LayoutError>::map::<std::alloc::Layout, {closure@alloc::raw_vec::layout_array::{closure#0}}>

Check 458: line_interpt_line.pointer_dereference.1
	 - Status: SUCCESS
	 - Description: "dereference failure: pointer NULL"
	 - Location: c/pg_geo_cmp.c:1626 in function line_interpt_line

Check 459: line_interpt_line.pointer_dereference.2
	 - Status: SUCCESS
	 - Description: "dereference failure: pointer invalid"
	 - Location: c/pg_geo_cmp.c:1626 in function line_interpt_line

Check 460: line_interpt_line.pointer_dereference.3
	 - Status: SUCCESS
	 - Description: "dereference failure: deallocated dynamic object"
	 - Location: c/pg_geo_cmp.c:1626 in function line_interpt_line

Check 461: line_interpt_line.pointer_dereference.4
	 - Status: SUCCESS
	 - Description: "dereference failure: dead object"
	 - Location: c/pg_geo_cmp.c:1626 in function line_interpt_line

Check 462: line_interpt_line.pointer_dereference.5
	 - Status: SUCCESS
	 - Description: "dereference failure: pointer outside object bounds"
	 - Location: c/pg_geo_cmp.c:1626 in function line_interpt_line

Check 463: line_interpt_line.pointer_dereference.6
	 - Status: SUCCESS
	 - Description: "dereference failure: invalid integer address"
	 - Location: c/pg_geo_cmp.c:1626 in function line_interpt_line

Check 464: line_interpt_line.pointer_dereference.7
	 - Status: SUCCESS
	 - Description: "dereference failure: pointer NULL"
	 - Location: c/pg_geo_cmp.c:1628 in function line_interpt_line

Check 465: line_interpt_line.pointer_dereference.8
	 - Status: SUCCESS
	 - Description: "dereference failure: pointer invalid"
	 - Location: c/pg_geo_cmp.c:1628 in function line_interpt_line

Check 466: line_interpt_line.pointer_dereference.9
	 - Status: SUCCESS
	 - Description: "dereference failure: deallocated dynamic object"
	 - Location: c/pg_geo_cmp.c:1628 in function line_interpt_line

Check 467: line_interpt_line.pointer_dereference.10
	 - Status: SUCCESS
	 - Description: "dereference failure: dead object"
	 - Location: c/pg_geo_cmp.c:1628 in function line_interpt_line

Check 468: line_interpt_line.pointer_dereference.11
	 - Status: SUCCESS
	 - Description: "dereference failure: pointer outside object bounds"
	 - Location: c/pg_geo_cmp.c:1628 in function line_interpt_line

Check 469: line_interpt_line.pointer_dereference.12
	 - Status: SUCCESS
	 - Description: "dereference failure: invalid integer address"
	 - Location: c/pg_geo_cmp.c:1628 in function line_interpt_line

Check 470: line_interpt_line.pointer_dereference.13
	 - Status: SUCCESS
	 - Description: "dereference failure: pointer NULL"
	 - Location: c/pg_geo_cmp.c:1628 in function line_interpt_line

Check 471: line_interpt_line.pointer_dereference.14
	 - Status: SUCCESS
	 - Description: "dereference failure: pointer invalid"
	 - Location: c/pg_geo_cmp.c:1628 in function line_interpt_line

Check 472: line_interpt_line.pointer_dereference.15
	 - Status: SUCCESS
	 - Description: "dereference failure: deallocated dynamic object"
	 - Location: c/pg_geo_cmp.c:1628 in function line_interpt_line

Check 473: line_interpt_line.pointer_dereference.16
	 - Status: SUCCESS
	 - Description: "dereference failure: dead object"
	 - Location: c/pg_geo_cmp.c:1628 in function line_interpt_line

Check 474: line_interpt_line.pointer_dereference.17
	 - Status: SUCCESS
	 - Description: "dereference failure: pointer outside object bounds"
	 - Location: c/pg_geo_cmp.c:1628 in function line_interpt_line

Check 475: line_interpt_line.pointer_dereference.18
	 - Status: SUCCESS
	 - Description: "dereference failure: invalid integer address"
	 - Location: c/pg_geo_cmp.c:1628 in function line_interpt_line

Check 476: line_interpt_line.pointer_dereference.19
	 - Status: SUCCESS
	 - Description: "dereference failure: pointer NULL"
	 - Location: c/pg_geo_cmp.c:1628 in function line_interpt_line

Check 477: line_interpt_line.pointer_dereference.20
	 - Status: SUCCESS
	 - Description: "dereference failure: pointer invalid"
	 - Location: c/pg_geo_cmp.c:1628 in function line_interpt_line

Check 478: line_interpt_line.pointer_dereference.21
	 - Status: SUCCESS
	 - Description: "dereference failure: deallocated dynamic object"
	 - Location: c/pg_geo_cmp.c:1628 in function line_interpt_line

Check 479: line_interpt_line.pointer_dereference.22
	 - Status: SUCCESS
	 - Description: "dereference failure: dead object"
	 - Location: c/pg_geo_cmp.c:1628 in function line_interpt_line

Check 480: line_interpt_line.pointer_dereference.23
	 - Status: SUCCESS
	 - Description: "dereference failure: pointer outside object bounds"
	 - Location: c/pg_geo_cmp.c:1628 in function line_interpt_line

Check 481: line_interpt_line.pointer_dereference.24
	 - Status: SUCCESS
	 - Description: "dereference failure: invalid integer address"
	 - Location: c/pg_geo_cmp.c:1628 in function line_interpt_line

Check 482: line_interpt_line.pointer_dereference.25
	 - Status: SUCCESS
	 - Description: "dereference failure: pointer NULL"
	 - Location: c/pg_geo_cmp.c:1628 in function line_interpt_line

Check 483: line_interpt_line.pointer_dereference.26
	 - Status: SUCCESS
	 - Description: "dereference failure: pointer invalid"
	 - Location: c/pg_geo_cmp.c:1628 in function line_interpt_line

Check 484: line_interpt_line.pointer_dereference.27
	 - Status: SUCCESS
	 - Description: "dereference failure: deallocated dynamic object"
	 - Location: c/pg_geo_cmp.c:1628 in function line_interpt_line

Check 485: line_interpt_line.pointer_dereference.28
	 - Status: SUCCESS
	 - Description: "dereference failure: dead object"
	 - Location: c/pg_geo_cmp.c:1628 in function line_interpt_line

Check 486: line_interpt_line.pointer_dereference.29
	 - Status: SUCCESS
	 - Description: "dereference failure: pointer outside object bounds"
	 - Location: c/pg_geo_cmp.c:1628 in function line_interpt_line

Check 487: line_interpt_line.pointer_dereference.30
	 - Status: SUCCESS
	 - Description: "dereference failure: invalid integer address"
	 - Location: c/pg_geo_cmp.c:1628 in function line_interpt_line

Check 488: line_interpt_line.pointer_dereference.31
	 - Status: SUCCESS
	 - Description: "dereference failure: pointer NULL"
	 - Location: c/pg_geo_cmp.c:1631 in function line_interpt_line

Check 489: line_interpt_line.pointer_dereference.32
	 - Status: SUCCESS
	 - Description: "dereference failure: pointer invalid"
	 - Location: c/pg_geo_cmp.c:1631 in function line_interpt_line

Check 490: line_interpt_line.pointer_dereference.33
	 - Status: SUCCESS
	 - Description: "dereference failure: deallocated dynamic object"
	 - Location: c/pg_geo_cmp.c:1631 in function line_interpt_line

Check 491: line_interpt_line.pointer_dereference.34
	 - Status: SUCCESS
	 - Description: "dereference failure: dead object"
	 - Location: c/pg_geo_cmp.c:1631 in function line_interpt_line

Check 492: line_interpt_line.pointer_dereference.35
	 - Status: SUCCESS
	 - Description: "dereference failure: pointer outside object bounds"
	 - Location: c/pg_geo_cmp.c:1631 in function line_interpt_line

Check 493: line_interpt_line.pointer_dereference.36
	 - Status: SUCCESS
	 - Description: "dereference failure: invalid integer address"
	 - Location: c/pg_geo_cmp.c:1631 in function line_interpt_line

Check 494: line_interpt_line.pointer_dereference.37
	 - Status: SUCCESS
	 - Description: "dereference failure: pointer NULL"
	 - Location: c/pg_geo_cmp.c:1631 in function line_interpt_line

Check 495: line_interpt_line.pointer_dereference.38
	 - Status: SUCCESS
	 - Description: "dereference failure: pointer invalid"
	 - Location: c/pg_geo_cmp.c:1631 in function line_interpt_line

Check 496: line_interpt_line.pointer_dereference.39
	 - Status: SUCCESS
	 - Description: "dereference failure: deallocated dynamic object"
	 - Location: c/pg_geo_cmp.c:1631 in function line_interpt_line

Check 497: line_interpt_line.pointer_dereference.40
	 - Status: SUCCESS
	 - Description: "dereference failure: dead object"
	 - Location: c/pg_geo_cmp.c:1631 in function line_interpt_line

Check 498: line_interpt_line.pointer_dereference.41
	 - Status: SUCCESS
	 - Description: "dereference failure: pointer outside object bounds"
	 - Location: c/pg_geo_cmp.c:1631 in function line_interpt_line

Check 499: line_interpt_line.pointer_dereference.42
	 - Status: SUCCESS
	 - Description: "dereference failure: invalid integer address"
	 - Location: c/pg_geo_cmp.c:1631 in function line_interpt_line

Check 500: line_interpt_line.pointer_dereference.43
	 - Status: SUCCESS
	 - Description: "dereference failure: pointer NULL"
	 - Location: c/pg_geo_cmp.c:1632 in function line_interpt_line

Check 501: line_interpt_line.pointer_dereference.44
	 - Status: SUCCESS
	 - Description: "dereference failure: pointer invalid"
	 - Location: c/pg_geo_cmp.c:1632 in function line_interpt_line

Check 502: line_interpt_line.pointer_dereference.45
	 - Status: SUCCESS
	 - Description: "dereference failure: deallocated dynamic object"
	 - Location: c/pg_geo_cmp.c:1632 in function line_interpt_line

Check 503: line_interpt_line.pointer_dereference.46
	 - Status: SUCCESS
	 - Description: "dereference failure: dead object"
	 - Location: c/pg_geo_cmp.c:1632 in function line_interpt_line

Check 504: line_interpt_line.pointer_dereference.47
	 - Status: SUCCESS
	 - Description: "dereference failure: pointer outside object bounds"
	 - Location: c/pg_geo_cmp.c:1632 in function line_interpt_line

Check 505: line_interpt_line.pointer_dereference.48
	 - Status: SUCCESS
	 - Description: "dereference failure: invalid integer address"
	 - Location: c/pg_geo_cmp.c:1632 in function line_interpt_line

Check 506: line_interpt_line.pointer_dereference.49
	 - Status: SUCCESS
	 - Description: "dereference failure: pointer NULL"
	 - Location: c/pg_geo_cmp.c:1632 in function line_interpt_line

Check 507: line_interpt_line.pointer_dereference.50
	 - Status: SUCCESS
	 - Description: "dereference failure: pointer invalid"
	 - Location: c/pg_geo_cmp.c:1632 in function line_interpt_line

Check 508: line_interpt_line.pointer_dereference.51
	 - Status: SUCCESS
	 - Description: "dereference failure: deallocated dynamic object"
	 - Location: c/pg_geo_cmp.c:1632 in function line_interpt_line

Check 509: line_interpt_line.pointer_dereference.52
	 - Status: SUCCESS
	 - Description: "dereference failure: dead object"
	 - Location: c/pg_geo_cmp.c:1632 in function line_interpt_line

Check 510: line_interpt_line.pointer_dereference.53
	 - Status: SUCCESS
	 - Description: "dereference failure: pointer outside object bounds"
	 - Location: c/pg_geo_cmp.c:1632 in function line_interpt_line

Check 511: line_interpt_line.pointer_dereference.54
	 - Status: SUCCESS
	 - Description: "dereference failure: invalid integer address"
	 - Location: c/pg_geo_cmp.c:1632 in function line_interpt_line

Check 512: line_interpt_line.pointer_dereference.55
	 - Status: SUCCESS
	 - Description: "dereference failure: pointer NULL"
	 - Location: c/pg_geo_cmp.c:1633 in function line_interpt_line

Check 513: line_interpt_line.pointer_dereference.56
	 - Status: SUCCESS
	 - Description: "dereference failure: pointer invalid"
	 - Location: c/pg_geo_cmp.c:1633 in function line_interpt_line

Check 514: line_interpt_line.pointer_dereference.57
	 - Status: SUCCESS
	 - Description: "dereference failure: deallocated dynamic object"
	 - Location: c/pg_geo_cmp.c:1633 in function line_interpt_line

Check 515: line_interpt_line.pointer_dereference.58
	 - Status: SUCCESS
	 - Description: "dereference failure: dead object"
	 - Location: c/pg_geo_cmp.c:1633 in function line_interpt_line

Check 516: line_interpt_line.pointer_dereference.59
	 - Status: SUCCESS
	 - Description: "dereference failure: pointer outside object bounds"
	 - Location: c/pg_geo_cmp.c:1633 in function line_interpt_line

Check 517: line_interpt_line.pointer_dereference.60
	 - Status: SUCCESS
	 - Description: "dereference failure: invalid integer address"
	 - Location: c/pg_geo_cmp.c:1633 in function line_interpt_line

Check 518: line_interpt_line.pointer_dereference.61
	 - Status: SUCCESS
	 - Description: "dereference failure: pointer NULL"
	 - Location: c/pg_geo_cmp.c:1633 in function line_interpt_line

Check 519: line_interpt_line.pointer_dereference.62
	 - Status: SUCCESS
	 - Description: "dereference failure: pointer invalid"
	 - Location: c/pg_geo_cmp.c:1633 in function line_interpt_line

Check 520: line_interpt_line.pointer_dereference.63
	 - Status: SUCCESS
	 - Description: "dereference failure: deallocated dynamic object"
	 - Location: c/pg_geo_cmp.c:1633 in function line_interpt_line

Check 521: line_interpt_line.pointer_dereference.64
	 - Status: SUCCESS
	 - Description: "dereference failure: dead object"
	 - Location: c/pg_geo_cmp.c:1633 in function line_interpt_line

Check 522: line_interpt_line.pointer_dereference.65
	 - Status: SUCCESS
	 - Description: "dereference failure: pointer outside object bounds"
	 - Location: c/pg_geo_cmp.c:1633 in function line_interpt_line

Check 523: line_interpt_line.pointer_dereference.66
	 - Status: SUCCESS
	 - Description: "dereference failure: invalid integer address"
	 - Location: c/pg_geo_cmp.c:1633 in function line_interpt_line

Check 524: line_interpt_line.pointer_dereference.67
	 - Status: SUCCESS
	 - Description: "dereference failure: pointer NULL"
	 - Location: c/pg_geo_cmp.c:1634 in function line_interpt_line

Check 525: line_interpt_line.pointer_dereference.68
	 - Status: SUCCESS
	 - Description: "dereference failure: pointer invalid"
	 - Location: c/pg_geo_cmp.c:1634 in function line_interpt_line

Check 526: line_interpt_line.pointer_dereference.69
	 - Status: SUCCESS
	 - Description: "dereference failure: deallocated dynamic object"
	 - Location: c/pg_geo_cmp.c:1634 in function line_interpt_line

Check 527: line_interpt_line.pointer_dereference.70
	 - Status: SUCCESS
	 - Description: "dereference failure: dead object"
	 - Location: c/pg_geo_cmp.c:1634 in function line_interpt_line

Check 528: line_interpt_line.pointer_dereference.71
	 - Status: SUCCESS
	 - Description: "dereference failure: pointer outside object bounds"
	 - Location: c/pg_geo_cmp.c:1634 in function line_interpt_line

Check 529: line_interpt_line.pointer_dereference.72
	 - Status: SUCCESS
	 - Description: "dereference failure: invalid integer address"
	 - Location: c/pg_geo_cmp.c:1634 in function line_interpt_line

Check 530: line_interpt_line.pointer_dereference.73
	 - Status: SUCCESS
	 - Description: "dereference failure: pointer NULL"
	 - Location: c/pg_geo_cmp.c:1634 in function line_interpt_line

Check 531: line_interpt_line.pointer_dereference.74
	 - Status: SUCCESS
	 - Description: "dereference failure: pointer invalid"
	 - Location: c/pg_geo_cmp.c:1634 in function line_interpt_line

Check 532: line_interpt_line.pointer_dereference.75
	 - Status: SUCCESS
	 - Description: "dereference failure: deallocated dynamic object"
	 - Location: c/pg_geo_cmp.c:1634 in function line_interpt_line

Check 533: line_interpt_line.pointer_dereference.76
	 - Status: SUCCESS
	 - Description: "dereference failure: dead object"
	 - Location: c/pg_geo_cmp.c:1634 in function line_interpt_line

Check 534: line_interpt_line.pointer_dereference.77
	 - Status: SUCCESS
	 - Description: "dereference failure: pointer outside object bounds"
	 - Location: c/pg_geo_cmp.c:1634 in function line_interpt_line

Check 535: line_interpt_line.pointer_dereference.78
	 - Status: SUCCESS
	 - Description: "dereference failure: invalid integer address"
	 - Location: c/pg_geo_cmp.c:1634 in function line_interpt_line

Check 536: line_interpt_line.pointer_dereference.79
	 - Status: SUCCESS
	 - Description: "dereference failure: pointer NULL"
	 - Location: c/pg_geo_cmp.c:1635 in function line_interpt_line

Check 537: line_interpt_line.pointer_dereference.80
	 - Status: SUCCESS
	 - Description: "dereference failure: pointer invalid"
	 - Location: c/pg_geo_cmp.c:1635 in function line_interpt_line

Check 538: line_interpt_line.pointer_dereference.81
	 - Status: SUCCESS
	 - Description: "dereference failure: deallocated dynamic object"
	 - Location: c/pg_geo_cmp.c:1635 in function line_interpt_line

Check 539: line_interpt_line.pointer_dereference.82
	 - Status: SUCCESS
	 - Description: "dereference failure: dead object"
	 - Location: c/pg_geo_cmp.c:1635 in function line_interpt_line

Check 540: line_interpt_line.pointer_dereference.83
	 - Status: SUCCESS
	 - Description: "dereference failure: pointer outside object bounds"
	 - Location: c/pg_geo_cmp.c:1635 in function line_interpt_line

Check 541: line_interpt_line.pointer_dereference.84
	 - Status: SUCCESS
	 - Description: "dereference failure: invalid integer address"
	 - Location: c/pg_geo_cmp.c:1635 in function line_interpt_line

Check 542: line_interpt_line.pointer_dereference.85
	 - Status: SUCCESS
	 - Description: "dereference failure: pointer NULL"
	 - Location: c/pg_geo_cmp.c:1635 in function line_interpt_line

Check 543: line_interpt_line.pointer_dereference.86
	 - Status: SUCCESS
	 - Description: "dereference failure: pointer invalid"
	 - Location: c/pg_geo_cmp.c:1635 in function line_interpt_line

Check 544: line_interpt_line.pointer_dereference.87
	 - Status: SUCCESS
	 - Description: "dereference failure: deallocated dynamic object"
	 - Location: c/pg_geo_cmp.c:1635 in function line_interpt_line

Check 545: line_interpt_line.pointer_dereference.88
	 - Status: SUCCESS
	 - Description: "dereference failure: dead object"
	 - Location: c/pg_geo_cmp.c:1635 in function line_interpt_line

Check 546: line_interpt_line.pointer_dereference.89
	 - Status: SUCCESS
	 - Description: "dereference failure: pointer outside object bounds"
	 - Location: c/pg_geo_cmp.c:1635 in function line_interpt_line

Check 547: line_interpt_line.pointer_dereference.90
	 - Status: SUCCESS
	 - Description: "dereference failure: invalid integer address"
	 - Location: c/pg_geo_cmp.c:1635 in function line_interpt_line

Check 548: line_interpt_line.pointer_dereference.91
	 - Status: SUCCESS
	 - Description: "dereference failure: pointer NULL"
	 - Location: c/pg_geo_cmp.c:1635 in function line_interpt_line

Check 549: line_interpt_line.pointer_dereference.92
	 - Status: SUCCESS
	 - Description: "dereference failure: pointer invalid"
	 - Location: c/pg_geo_cmp.c:1635 in function line_interpt_line

Check 550: line_interpt_line.pointer_dereference.93
	 - Status: SUCCESS
	 - Description: "dereference failure: deallocated dynamic object"
	 - Location: c/pg_geo_cmp.c:1635 in function line_interpt_line

Check 551: line_interpt_line.pointer_dereference.94
	 - Status: SUCCESS
	 - Description: "dereference failure: dead object"
	 - Location: c/pg_geo_cmp.c:1635 in function line_interpt_line

Check 552: line_interpt_line.pointer_dereference.95
	 - Status: SUCCESS
	 - Description: "dereference failure: pointer outside object bounds"
	 - Location: c/pg_geo_cmp.c:1635 in function line_interpt_line

Check 553: line_interpt_line.pointer_dereference.96
	 - Status: SUCCESS
	 - Description: "dereference failure: invalid integer address"
	 - Location: c/pg_geo_cmp.c:1635 in function line_interpt_line

Check 554: line_interpt_line.pointer_dereference.97
	 - Status: SUCCESS
	 - Description: "dereference failure: pointer NULL"
	 - Location: c/pg_geo_cmp.c:1637 in function line_interpt_line

Check 555: line_interpt_line.pointer_dereference.98
	 - Status: SUCCESS
	 - Description: "dereference failure: pointer invalid"
	 - Location: c/pg_geo_cmp.c:1637 in function line_interpt_line

Check 556: line_interpt_line.pointer_dereference.99
	 - Status: SUCCESS
	 - Description: "dereference failure: deallocated dynamic object"
	 - Location: c/pg_geo_cmp.c:1637 in function line_interpt_line

Check 557: line_interpt_line.pointer_dereference.100
	 - Status: SUCCESS
	 - Description: "dereference failure: dead object"
	 - Location: c/pg_geo_cmp.c:1637 in function line_interpt_line

Check 558: line_interpt_line.pointer_dereference.101
	 - Status: SUCCESS
	 - Description: "dereference failure: pointer outside object bounds"
	 - Location: c/pg_geo_cmp.c:1637 in function line_interpt_line

Check 559: line_interpt_line.pointer_dereference.102
	 - Status: SUCCESS
	 - Description: "dereference failure: invalid integer address"
	 - Location: c/pg_geo_cmp.c:1637 in function line_interpt_line

Check 560: line_interpt_line.pointer_dereference.103
	 - Status: SUCCESS
	 - Description: "dereference failure: pointer NULL"
	 - Location: c/pg_geo_cmp.c:1639 in function line_interpt_line

Check 561: line_interpt_line.pointer_dereference.104
	 - Status: SUCCESS
	 - Description: "dereference failure: pointer invalid"
	 - Location: c/pg_geo_cmp.c:1639 in function line_interpt_line

Check 562: line_interpt_line.pointer_dereference.105
	 - Status: SUCCESS
	 - Description: "dereference failure: deallocated dynamic object"
	 - Location: c/pg_geo_cmp.c:1639 in function line_interpt_line

Check 563: line_interpt_line.pointer_dereference.106
	 - Status: SUCCESS
	 - Description: "dereference failure: dead object"
	 - Location: c/pg_geo_cmp.c:1639 in function line_interpt_line

Check 564: line_interpt_line.pointer_dereference.107
	 - Status: SUCCESS
	 - Description: "dereference failure: pointer outside object bounds"
	 - Location: c/pg_geo_cmp.c:1639 in function line_interpt_line

Check 565: line_interpt_line.pointer_dereference.108
	 - Status: SUCCESS
	 - Description: "dereference failure: invalid integer address"
	 - Location: c/pg_geo_cmp.c:1639 in function line_interpt_line

Check 566: line_interpt_line.pointer_dereference.109
	 - Status: SUCCESS
	 - Description: "dereference failure: pointer NULL"
	 - Location: c/pg_geo_cmp.c:1639 in function line_interpt_line

Check 567: line_interpt_line.pointer_dereference.110
	 - Status: SUCCESS
	 - Description: "dereference failure: pointer invalid"
	 - Location: c/pg_geo_cmp.c:1639 in function line_interpt_line

Check 568: line_interpt_line.pointer_dereference.111
	 - Status: SUCCESS
	 - Description: "dereference failure: deallocated dynamic object"
	 - Location: c/pg_geo_cmp.c:1639 in function line_interpt_line

Check 569: line_interpt_line.pointer_dereference.112
	 - Status: SUCCESS
	 - Description: "dereference failure: dead object"
	 - Location: c/pg_geo_cmp.c:1639 in function line_interpt_line

Check 570: line_interpt_line.pointer_dereference.113
	 - Status: SUCCESS
	 - Description: "dereference failure: pointer outside object bounds"
	 - Location: c/pg_geo_cmp.c:1639 in function line_interpt_line

Check 571: line_interpt_line.pointer_dereference.114
	 - Status: SUCCESS
	 - Description: "dereference failure: invalid integer address"
	 - Location: c/pg_geo_cmp.c:1639 in function line_interpt_line

Check 572: line_interpt_line.pointer_dereference.115
	 - Status: SUCCESS
	 - Description: "dereference failure: pointer NULL"
	 - Location: c/pg_geo_cmp.c:1639 in function line_interpt_line

Check 573: line_interpt_line.pointer_dereference.116
	 - Status: SUCCESS
	 - Description: "dereference failure: pointer invalid"
	 - Location: c/pg_geo_cmp.c:1639 in function line_interpt_line

Check 574: line_interpt_line.pointer_dereference.117
	 - Status: SUCCESS
	 - Description: "dereference failure: deallocated dynamic object"
	 - Location: c/pg_geo_cmp.c:1639 in function line_interpt_line

Check 575: line_interpt_line.pointer_dereference.118
	 - Status: SUCCESS
	 - Description: "dereference failure: dead object"
	 - Location: c/pg_geo_cmp.c:1639 in function line_interpt_line

Check 576: line_interpt_line.pointer_dereference.119
	 - Status: SUCCESS
	 - Description: "dereference failure: pointer outside object bounds"
	 - Location: c/pg_geo_cmp.c:1639 in function line_interpt_line

Check 577: line_interpt_line.pointer_dereference.120
	 - Status: SUCCESS
	 - Description: "dereference failure: invalid integer address"
	 - Location: c/pg_geo_cmp.c:1639 in function line_interpt_line

Check 578: line_interpt_line.pointer_dereference.121
	 - Status: SUCCESS
	 - Description: "dereference failure: pointer NULL"
	 - Location: c/pg_geo_cmp.c:1639 in function line_interpt_line

Check 579: line_interpt_line.pointer_dereference.122
	 - Status: SUCCESS
	 - Description: "dereference failure: pointer invalid"
	 - Location: c/pg_geo_cmp.c:1639 in function line_interpt_line

Check 580: line_interpt_line.pointer_dereference.123
	 - Status: SUCCESS
	 - Description: "dereference failure: deallocated dynamic object"
	 - Location: c/pg_geo_cmp.c:1639 in function line_interpt_line

Check 581: line_interpt_line.pointer_dereference.124
	 - Status: SUCCESS
	 - Description: "dereference failure: dead object"
	 - Location: c/pg_geo_cmp.c:1639 in function line_interpt_line

Check 582: line_interpt_line.pointer_dereference.125
	 - Status: SUCCESS
	 - Description: "dereference failure: pointer outside object bounds"
	 - Location: c/pg_geo_cmp.c:1639 in function line_interpt_line

Check 583: line_interpt_line.pointer_dereference.126
	 - Status: SUCCESS
	 - Description: "dereference failure: invalid integer address"
	 - Location: c/pg_geo_cmp.c:1639 in function line_interpt_line

Check 584: line_interpt_line.pointer_dereference.127
	 - Status: SUCCESS
	 - Description: "dereference failure: pointer NULL"
	 - Location: c/pg_geo_cmp.c:1642 in function line_interpt_line

Check 585: line_interpt_line.pointer_dereference.128
	 - Status: SUCCESS
	 - Description: "dereference failure: pointer invalid"
	 - Location: c/pg_geo_cmp.c:1642 in function line_interpt_line

Check 586: line_interpt_line.pointer_dereference.129
	 - Status: SUCCESS
	 - Description: "dereference failure: deallocated dynamic object"
	 - Location: c/pg_geo_cmp.c:1642 in function line_interpt_line

Check 587: line_interpt_line.pointer_dereference.130
	 - Status: SUCCESS
	 - Description: "dereference failure: dead object"
	 - Location: c/pg_geo_cmp.c:1642 in function line_interpt_line

Check 588: line_interpt_line.pointer_dereference.131
	 - Status: SUCCESS
	 - Description: "dereference failure: pointer outside object bounds"
	 - Location: c/pg_geo_cmp.c:1642 in function line_interpt_line

Check 589: line_interpt_line.pointer_dereference.132
	 - Status: SUCCESS
	 - Description: "dereference failure: invalid integer address"
	 - Location: c/pg_geo_cmp.c:1642 in function line_interpt_line

Check 590: line_interpt_line.pointer_dereference.133
	 - Status: SUCCESS
	 - Description: "dereference failure: pointer NULL"
	 - Location: c/pg_geo_cmp.c:1642 in function line_interpt_line

Check 591: line_interpt_line.pointer_dereference.134
	 - Status: SUCCESS
	 - Description: "dereference failure: pointer invalid"
	 - Location: c/pg_geo_cmp.c:1642 in function line_interpt_line

Check 592: line_interpt_line.pointer_dereference.135
	 - Status: SUCCESS
	 - Description: "dereference failure: deallocated dynamic object"
	 - Location: c/pg_geo_cmp.c:1642 in function line_interpt_line

Check 593: line_interpt_line.pointer_dereference.136
	 - Status: SUCCESS
	 - Description: "dereference failure: dead object"
	 - Location: c/pg_geo_cmp.c:1642 in function line_interpt_line

Check 594: line_interpt_line.pointer_dereference.137
	 - Status: SUCCESS
	 - Description: "dereference failure: pointer outside object bounds"
	 - Location: c/pg_geo_cmp.c:1642 in function line_interpt_line

Check 595: line_interpt_line.pointer_dereference.138
	 - Status: SUCCESS
	 - Description: "dereference failure: invalid integer address"
	 - Location: c/pg_geo_cmp.c:1642 in function line_interpt_line

Check 596: line_interpt_line.pointer_dereference.139
	 - Status: SUCCESS
	 - Description: "dereference failure: pointer NULL"
	 - Location: c/pg_geo_cmp.c:1643 in function line_interpt_line

Check 597: line_interpt_line.pointer_dereference.140
	 - Status: SUCCESS
	 - Description: "dereference failure: pointer invalid"
	 - Location: c/pg_geo_cmp.c:1643 in function line_interpt_line

Check 598: line_interpt_line.pointer_dereference.141
	 - Status: SUCCESS
	 - Description: "dereference failure: deallocated dynamic object"
	 - Location: c/pg_geo_cmp.c:1643 in function line_interpt_line

Check 599: line_interpt_line.pointer_dereference.142
	 - Status: SUCCESS
	 - Description: "dereference failure: dead object"
	 - Location: c/pg_geo_cmp.c:1643 in function line_interpt_line

Check 600: line_interpt_line.pointer_dereference.143
	 - Status: SUCCESS
	 - Description: "dereference failure: pointer outside object bounds"
	 - Location: c/pg_geo_cmp.c:1643 in function line_interpt_line

Check 601: line_interpt_line.pointer_dereference.144
	 - Status: SUCCESS
	 - Description: "dereference failure: invalid integer address"
	 - Location: c/pg_geo_cmp.c:1643 in function line_interpt_line

Check 602: line_interpt_line.pointer_dereference.145
	 - Status: SUCCESS
	 - Description: "dereference failure: pointer NULL"
	 - Location: c/pg_geo_cmp.c:1643 in function line_interpt_line

Check 603: line_interpt_line.pointer_dereference.146
	 - Status: SUCCESS
	 - Description: "dereference failure: pointer invalid"
	 - Location: c/pg_geo_cmp.c:1643 in function line_interpt_line

Check 604: line_interpt_line.pointer_dereference.147
	 - Status: SUCCESS
	 - Description: "dereference failure: deallocated dynamic object"
	 - Location: c/pg_geo_cmp.c:1643 in function line_interpt_line

Check 605: line_interpt_line.pointer_dereference.148
	 - Status: SUCCESS
	 - Description: "dereference failure: dead object"
	 - Location: c/pg_geo_cmp.c:1643 in function line_interpt_line

Check 606: line_interpt_line.pointer_dereference.149
	 - Status: SUCCESS
	 - Description: "dereference failure: pointer outside object bounds"
	 - Location: c/pg_geo_cmp.c:1643 in function line_interpt_line

Check 607: line_interpt_line.pointer_dereference.150
	 - Status: SUCCESS
	 - Description: "dereference failure: invalid integer address"
	 - Location: c/pg_geo_cmp.c:1643 in function line_interpt_line

Check 608: line_interpt_line.pointer_dereference.151
	 - Status: SUCCESS
	 - Description: "dereference failure: pointer NULL"
	 - Location: c/pg_geo_cmp.c:1644 in function line_interpt_line

Check 609: line_interpt_line.pointer_dereference.152
	 - Status: SUCCESS
	 - Description: "dereference failure: pointer invalid"
	 - Location: c/pg_geo_cmp.c:1644 in function line_interpt_line

Check 610: line_interpt_line.pointer_dereference.153
	 - Status: SUCCESS
	 - Description: "dereference failure: deallocated dynamic object"
	 - Location: c/pg_geo_cmp.c:1644 in function line_interpt_line

Check 611: line_interpt_line.pointer_dereference.154
	 - Status: SUCCESS
	 - Description: "dereference failure: dead object"
	 - Location: c/pg_geo_cmp.c:1644 in function line_interpt_line

Check 612: line_interpt_line.pointer_dereference.155
	 - Status: SUCCESS
	 - Description: "dereference failure: pointer outside object bounds"
	 - Location: c/pg_geo_cmp.c:1644 in function line_interpt_line

Check 613: line_interpt_line.pointer_dereference.156
	 - Status: SUCCESS
	 - Description: "dereference failure: invalid integer address"
	 - Location: c/pg_geo_cmp.c:1644 in function line_interpt_line

Check 614: line_interpt_line.pointer_dereference.157
	 - Status: SUCCESS
	 - Description: "dereference failure: pointer NULL"
	 - Location: c/pg_geo_cmp.c:1644 in function line_interpt_line

Check 615: line_interpt_line.pointer_dereference.158
	 - Status: SUCCESS
	 - Description: "dereference failure: pointer invalid"
	 - Location: c/pg_geo_cmp.c:1644 in function line_interpt_line

Check 616: line_interpt_line.pointer_dereference.159
	 - Status: SUCCESS
	 - Description: "dereference failure: deallocated dynamic object"
	 - Location: c/pg_geo_cmp.c:1644 in function line_interpt_line

Check 617: line_interpt_line.pointer_dereference.160
	 - Status: SUCCESS
	 - Description: "dereference failure: dead object"
	 - Location: c/pg_geo_cmp.c:1644 in function line_interpt_line

Check 618: line_interpt_line.pointer_dereference.161
	 - Status: SUCCESS
	 - Description: "dereference failure: pointer outside object bounds"
	 - Location: c/pg_geo_cmp.c:1644 in function line_interpt_line

Check 619: line_interpt_line.pointer_dereference.162
	 - Status: SUCCESS
	 - Description: "dereference failure: invalid integer address"
	 - Location: c/pg_geo_cmp.c:1644 in function line_interpt_line

Check 620: line_interpt_line.pointer_dereference.163
	 - Status: SUCCESS
	 - Description: "dereference failure: pointer NULL"
	 - Location: c/pg_geo_cmp.c:1645 in function line_interpt_line

Check 621: line_interpt_line.pointer_dereference.164
	 - Status: SUCCESS
	 - Description: "dereference failure: pointer invalid"
	 - Location: c/pg_geo_cmp.c:1645 in function line_interpt_line

Check 622: line_interpt_line.pointer_dereference.165
	 - Status: SUCCESS
	 - Description: "dereference failure: deallocated dynamic object"
	 - Location: c/pg_geo_cmp.c:1645 in function line_interpt_line

Check 623: line_interpt_line.pointer_dereference.166
	 - Status: SUCCESS
	 - Description: "dereference failure: dead object"
	 - Location: c/pg_geo_cmp.c:1645 in function line_interpt_line

Check 624: line_interpt_line.pointer_dereference.167
	 - Status: SUCCESS
	 - Description: "dereference failure: pointer outside object bounds"
	 - Location: c/pg_geo_cmp.c:1645 in function line_interpt_line

Check 625: line_interpt_line.pointer_dereference.168
	 - Status: SUCCESS
	 - Description: "dereference failure: invalid integer address"
	 - Location: c/pg_geo_cmp.c:1645 in function line_interpt_line

Check 626: line_interpt_line.pointer_dereference.169
	 - Status: SUCCESS
	 - Description: "dereference failure: pointer NULL"
	 - Location: c/pg_geo_cmp.c:1645 in function line_interpt_line

Check 627: line_interpt_line.pointer_dereference.170
	 - Status: SUCCESS
	 - Description: "dereference failure: pointer invalid"
	 - Location: c/pg_geo_cmp.c:1645 in function line_interpt_line

Check 628: line_interpt_line.pointer_dereference.171
	 - Status: SUCCESS
	 - Description: "dereference failure: deallocated dynamic object"
	 - Location: c/pg_geo_cmp.c:1645 in function line_interpt_line

Check 629: line_interpt_line.pointer_dereference.172
	 - Status: SUCCESS
	 - Description: "dereference failure: dead object"
	 - Location: c/pg_geo_cmp.c:1645 in function line_interpt_line

Check 630: line_interpt_line.pointer_dereference.173
	 - Status: SUCCESS
	 - Description: "dereference failure: pointer outside object bounds"
	 - Location: c/pg_geo_cmp.c:1645 in function line_interpt_line

Check 631: line_interpt_line.pointer_dereference.174
	 - Status: SUCCESS
	 - Description: "dereference failure: invalid integer address"
	 - Location: c/pg_geo_cmp.c:1645 in function line_interpt_line

Check 632: line_interpt_line.pointer_dereference.175
	 - Status: SUCCESS
	 - Description: "dereference failure: pointer NULL"
	 - Location: c/pg_geo_cmp.c:1646 in function line_interpt_line

Check 633: line_interpt_line.pointer_dereference.176
	 - Status: SUCCESS
	 - Description: "dereference failure: pointer invalid"
	 - Location: c/pg_geo_cmp.c:1646 in function line_interpt_line

Check 634: line_interpt_line.pointer_dereference.177
	 - Status: SUCCESS
	 - Description: "dereference failure: deallocated dynamic object"
	 - Location: c/pg_geo_cmp.c:1646 in function line_interpt_line

Check 635: line_interpt_line.pointer_dereference.178
	 - Status: SUCCESS
	 - Description: "dereference failure: dead object"
	 - Location: c/pg_geo_cmp.c:1646 in function line_interpt_line

Check 636: line_interpt_line.pointer_dereference.179
	 - Status: SUCCESS
	 - Description: "dereference failure: pointer outside object bounds"
	 - Location: c/pg_geo_cmp.c:1646 in function line_interpt_line

Check 637: line_interpt_line.pointer_dereference.180
	 - Status: SUCCESS
	 - Description: "dereference failure: invalid integer address"
	 - Location: c/pg_geo_cmp.c:1646 in function line_interpt_line

Check 638: line_interpt_line.pointer_dereference.181
	 - Status: SUCCESS
	 - Description: "dereference failure: pointer NULL"
	 - Location: c/pg_geo_cmp.c:1646 in function line_interpt_line

Check 639: line_interpt_line.pointer_dereference.182
	 - Status: SUCCESS
	 - Description: "dereference failure: pointer invalid"
	 - Location: c/pg_geo_cmp.c:1646 in function line_interpt_line

Check 640: line_interpt_line.pointer_dereference.183
	 - Status: SUCCESS
	 - Description: "dereference failure: deallocated dynamic object"
	 - Location: c/pg_geo_cmp.c:1646 in function line_interpt_line

Check 641: line_interpt_line.pointer_dereference.184
	 - Status: SUCCESS
	 - Description: "dereference failure: dead object"
	 - Location: c/pg_geo_cmp.c:1646 in function line_interpt_line

Check 642: line_interpt_line.pointer_dereference.185
	 - Status: SUCCESS
	 - Description: "dereference failure: pointer outside object bounds"
	 - Location: c/pg_geo_cmp.c:1646 in function line_interpt_line

Check 643: line_interpt_line.pointer_dereference.186
	 - Status: SUCCESS
	 - Description: "dereference failure: invalid integer address"
	 - Location: c/pg_geo_cmp.c:1646 in function line_interpt_line

Check 644: line_interpt_line.pointer_dereference.187
	 - Status: SUCCESS
	 - Description: "dereference failure: pointer NULL"
	 - Location: c/pg_geo_cmp.c:1646 in function line_interpt_line

Check 645: line_interpt_line.pointer_dereference.188
	 - Status: SUCCESS
	 - Description: "dereference failure: pointer invalid"
	 - Location: c/pg_geo_cmp.c:1646 in function line_interpt_line

Check 646: line_interpt_line.pointer_dereference.189
	 - Status: SUCCESS
	 - Description: "dereference failure: deallocated dynamic object"
	 - Location: c/pg_geo_cmp.c:1646 in function line_interpt_line

Check 647: line_interpt_line.pointer_dereference.190
	 - Status: SUCCESS
	 - Description: "dereference failure: dead object"
	 - Location: c/pg_geo_cmp.c:1646 in function line_interpt_line

Check 648: line_interpt_line.pointer_dereference.191
	 - Status: SUCCESS
	 - Description: "dereference failure: pointer outside object bounds"
	 - Location: c/pg_geo_cmp.c:1646 in function line_interpt_line

Check 649: line_interpt_line.pointer_dereference.192
	 - Status: SUCCESS
	 - Description: "dereference failure: invalid integer address"
	 - Location: c/pg_geo_cmp.c:1646 in function line_interpt_line

Check 650: point_dt.pointer_dereference.1
	 - Status: SUCCESS
	 - Description: "dereference failure: pointer NULL"
	 - Location: c/pg_geo_cmp.c:752 in function point_dt

Check 651: point_dt.pointer_dereference.2
	 - Status: SUCCESS
	 - Description: "dereference failure: pointer invalid"
	 - Location: c/pg_geo_cmp.c:752 in function point_dt

Check 652: point_dt.pointer_dereference.3
	 - Status: SUCCESS
	 - Description: "dereference failure: deallocated dynamic object"
	 - Location: c/pg_geo_cmp.c:752 in function point_dt

Check 653: point_dt.pointer_dereference.4
	 - Status: SUCCESS
	 - Description: "dereference failure: dead object"
	 - Location: c/pg_geo_cmp.c:752 in function point_dt

Check 654: point_dt.pointer_dereference.5
	 - Status: SUCCESS
	 - Description: "dereference failure: pointer outside object bounds"
	 - Location: c/pg_geo_cmp.c:752 in function point_dt

Check 655: point_dt.pointer_dereference.6
	 - Status: SUCCESS
	 - Description: "dereference failure: invalid integer address"
	 - Location: c/pg_geo_cmp.c:752 in function point_dt

Check 656: point_dt.pointer_dereference.7
	 - Status: SUCCESS
	 - Description: "dereference failure: pointer NULL"
	 - Location: c/pg_geo_cmp.c:752 in function point_dt

Check 657: point_dt.pointer_dereference.8
	 - Status: SUCCESS
	 - Description: "dereference failure: pointer invalid"
	 - Location: c/pg_geo_cmp.c:752 in function point_dt

Check 658: point_dt.pointer_dereference.9
	 - Status: SUCCESS
	 - Description: "dereference failure: deallocated dynamic object"
	 - Location: c/pg_geo_cmp.c:752 in function point_dt

Check 659: point_dt.pointer_dereference.10
	 - Status: SUCCESS
	 - Description: "dereference failure: dead object"
	 - Location: c/pg_geo_cmp.c:752 in function point_dt

Check 660: point_dt.pointer_dereference.11
	 - Status: SUCCESS
	 - Description: "dereference failure: pointer outside object bounds"
	 - Location: c/pg_geo_cmp.c:752 in function point_dt

Check 661: point_dt.pointer_dereference.12
	 - Status: SUCCESS
	 - Description: "dereference failure: invalid integer address"
	 - Location: c/pg_geo_cmp.c:752 in function point_dt

Check 662: point_dt.pointer_dereference.13
	 - Status: SUCCESS
	 - Description: "dereference failure: pointer NULL"
	 - Location: c/pg_geo_cmp.c:752 in function point_dt

Check 663: point_dt.pointer_dereference.14
	 - Status: SUCCESS
	 - Description: "dereference failure: pointer invalid"
	 - Location: c/pg_geo_cmp.c:752 in function point_dt

Check 664: point_dt.pointer_dereference.15
	 - Status: SUCCESS
	 - Description: "dereference failure: deallocated dynamic object"
	 - Location: c/pg_geo_cmp.c:752 in function point_dt

Check 665: point_dt.pointer_dereference.16
	 - Status: SUCCESS
	 - Description: "dereference failure: dead object"
	 - Location: c/pg_geo_cmp.c:752 in function point_dt

Check 666: point_dt.pointer_dereference.17
	 - Status: SUCCESS
	 - Description: "dereference failure: pointer outside object bounds"
	 - Location: c/pg_geo_cmp.c:752 in function point_dt

Check 667: point_dt.pointer_dereference.18
	 - Status: SUCCESS
	 - Description: "dereference failure: invalid integer address"
	 - Location: c/pg_geo_cmp.c:752 in function point_dt

Check 668: point_dt.pointer_dereference.19
	 - Status: SUCCESS
	 - Description: "dereference failure: pointer NULL"
	 - Location: c/pg_geo_cmp.c:752 in function point_dt

Check 669: point_dt.pointer_dereference.20
	 - Status: SUCCESS
	 - Description: "dereference failure: pointer invalid"
	 - Location: c/pg_geo_cmp.c:752 in function point_dt

Check 670: point_dt.pointer_dereference.21
	 - Status: SUCCESS
	 - Description: "dereference failure: deallocated dynamic object"
	 - Location: c/pg_geo_cmp.c:752 in function point_dt

Check 671: point_dt.pointer_dereference.22
	 - Status: SUCCESS
	 - Description: "dereference failure: dead object"
	 - Location: c/pg_geo_cmp.c:752 in function point_dt

Check 672: point_dt.pointer_dereference.23
	 - Status: SUCCESS
	 - Description: "dereference failure: pointer outside object bounds"
	 - Location: c/pg_geo_cmp.c:752 in function point_dt

Check 673: point_dt.pointer_dereference.24
	 - Status: SUCCESS
	 - Description: "dereference failure: invalid integer address"
	 - Location: c/pg_geo_cmp.c:752 in function point_dt

Check 674: <std::ptr::NonNull<[u8; 8]> as std::cmp::PartialEq>::eq.pointer_dereference.1
	 - Status: SUCCESS
	 - Description: "dereference failure: pointer NULL"
	 - Location: ../../../../../../runner/.rustup/toolchains/nightly-2025-11-21-aarch64-apple-darwin/lib/rustlib/src/rust/library/core/src/ptr/non_null.rs:1692:9 in function <std::ptr::NonNull<[u8; 8]> as std::cmp::PartialEq>::eq

Check 675: <std::ptr::NonNull<[u8; 8]> as std::cmp::PartialEq>::eq.pointer_dereference.2
	 - Status: SUCCESS
	 - Description: "dereference failure: pointer invalid"
	 - Location: ../../../../../../runner/.rustup/toolchains/nightly-2025-11-21-aarch64-apple-darwin/lib/rustlib/src/rust/library/core/src/ptr/non_null.rs:1692:9 in function <std::ptr::NonNull<[u8; 8]> as std::cmp::PartialEq>::eq

Check 676: <std::ptr::NonNull<[u8; 8]> as std::cmp::PartialEq>::eq.pointer_dereference.3
	 - Status: SUCCESS
	 - Description: "dereference failure: deallocated dynamic object"
	 - Location: ../../../../../../runner/.rustup/toolchains/nightly-2025-11-21-aarch64-apple-darwin/lib/rustlib/src/rust/library/core/src/ptr/non_null.rs:1692:9 in function <std::ptr::NonNull<[u8; 8]> as std::cmp::PartialEq>::eq

Check 677: <std::ptr::NonNull<[u8; 8]> as std::cmp::PartialEq>::eq.pointer_dereference.4
	 - Status: SUCCESS
	 - Description: "dereference failure: dead object"
	 - Location: ../../../../../../runner/.rustup/toolchains/nightly-2025-11-21-aarch64-apple-darwin/lib/rustlib/src/rust/library/core/src/ptr/non_null.rs:1692:9 in function <std::ptr::NonNull<[u8; 8]> as std::cmp::PartialEq>::eq

Check 678: <std::ptr::NonNull<[u8; 8]> as std::cmp::PartialEq>::eq.pointer_dereference.5
	 - Status: SUCCESS
	 - Description: "dereference failure: pointer outside object bounds"
	 - Location: ../../../../../../runner/.rustup/toolchains/nightly-2025-11-21-aarch64-apple-darwin/lib/rustlib/src/rust/library/core/src/ptr/non_null.rs:1692:9 in function <std::ptr::NonNull<[u8; 8]> as std::cmp::PartialEq>::eq

Check 679: <std::ptr::NonNull<[u8; 8]> as std::cmp::PartialEq>::eq.pointer_dereference.6
	 - Status: SUCCESS
	 - Description: "dereference failure: invalid integer address"
	 - Location: ../../../../../../runner/.rustup/toolchains/nightly-2025-11-21-aarch64-apple-darwin/lib/rustlib/src/rust/library/core/src/ptr/non_null.rs:1692:9 in function <std::ptr::NonNull<[u8; 8]> as std::cmp::PartialEq>::eq

Check 680: <std::ptr::NonNull<[u8; 8]> as std::cmp::PartialEq>::eq.pointer_dereference.7
	 - Status: SUCCESS
	 - Description: "dereference failure: pointer NULL"
	 - Location: ../../../../../../runner/.rustup/toolchains/nightly-2025-11-21-aarch64-apple-darwin/lib/rustlib/src/rust/library/core/src/ptr/non_null.rs:1692:26 in function <std::ptr::NonNull<[u8; 8]> as std::cmp::PartialEq>::eq

Check 681: <std::ptr::NonNull<[u8; 8]> as std::cmp::PartialEq>::eq.pointer_dereference.8
	 - Status: SUCCESS
	 - Description: "dereference failure: pointer invalid"
	 - Location: ../../../../../../runner/.rustup/toolchains/nightly-2025-11-21-aarch64-apple-darwin/lib/rustlib/src/rust/library/core/src/ptr/non_null.rs:1692:26 in function <std::ptr::NonNull<[u8; 8]> as std::cmp::PartialEq>::eq

Check 682: <std::ptr::NonNull<[u8; 8]> as std::cmp::PartialEq>::eq.pointer_dereference.9
	 - Status: SUCCESS
	 - Description: "dereference failure: deallocated dynamic object"
	 - Location: ../../../../../../runner/.rustup/toolchains/nightly-2025-11-21-aarch64-apple-darwin/lib/rustlib/src/rust/library/core/src/ptr/non_null.rs:1692:26 in function <std::ptr::NonNull<[u8; 8]> as std::cmp::PartialEq>::eq

Check 683: <std::ptr::NonNull<[u8; 8]> as std::cmp::PartialEq>::eq.pointer_dereference.10
	 - Status: SUCCESS
	 - Description: "dereference failure: dead object"
	 - Location: ../../../../../../runner/.rustup/toolchains/nightly-2025-11-21-aarch64-apple-darwin/lib/rustlib/src/rust/library/core/src/ptr/non_null.rs:1692:26 in function <std::ptr::NonNull<[u8; 8]> as std::cmp::PartialEq>::eq

Check 684: <std::ptr::NonNull<[u8; 8]> as std::cmp::PartialEq>::eq.pointer_dereference.11
	 - Status: SUCCESS
	 - Description: "dereference failure: pointer outside object bounds"
	 - Location: ../../../../../../runner/.rustup/toolchains/nightly-2025-11-21-aarch64-apple-darwin/lib/rustlib/src/rust/library/core/src/ptr/non_null.rs:1692:26 in function <std::ptr::NonNull<[u8; 8]> as std::cmp::PartialEq>::eq

Check 685: <std::ptr::NonNull<[u8; 8]> as std::cmp::PartialEq>::eq.pointer_dereference.12
	 - Status: SUCCESS
	 - Description: "dereference failure: invalid integer address"
	 - Location: ../../../../../../runner/.rustup/toolchains/nightly-2025-11-21-aarch64-apple-darwin/lib/rustlib/src/rust/library/core/src/ptr/non_null.rs:1692:26 in function <std::ptr::NonNull<[u8; 8]> as std::cmp::PartialEq>::eq

Check 686: adt_geo::point_inside::<adt_geo::PolyRef<'_>>.pointer_dereference.1
	 - Status: SUCCESS
	 - Description: "dereference failure: pointer NULL"
	 - Location: ../../crates/backend/utils/adt/geo/src/lib.rs:329:30 in function adt_geo::point_inside::<adt_geo::PolyRef<'_>>

Check 687: adt_geo::point_inside::<adt_geo::PolyRef<'_>>.pointer_dereference.2
	 - Status: SUCCESS
	 - Description: "dereference failure: pointer invalid"
	 - Location: ../../crates/backend/utils/adt/geo/src/lib.rs:329:30 in function adt_geo::point_inside::<adt_geo::PolyRef<'_>>

Check 688: adt_geo::point_inside::<adt_geo::PolyRef<'_>>.pointer_dereference.3
	 - Status: SUCCESS
	 - Description: "dereference failure: deallocated dynamic object"
	 - Location: ../../crates/backend/utils/adt/geo/src/lib.rs:329:30 in function adt_geo::point_inside::<adt_geo::PolyRef<'_>>

Check 689: adt_geo::point_inside::<adt_geo::PolyRef<'_>>.pointer_dereference.4
	 - Status: SUCCESS
	 - Description: "dereference failure: dead object"
	 - Location: ../../crates/backend/utils/adt/geo/src/lib.rs:329:30 in function adt_geo::point_inside::<adt_geo::PolyRef<'_>>

Check 690: adt_geo::point_inside::<adt_geo::PolyRef<'_>>.pointer_dereference.5
	 - Status: SUCCESS
	 - Description: "dereference failure: pointer outside object bounds"
	 - Location: ../../crates/backend/utils/adt/geo/src/lib.rs:329:30 in function adt_geo::point_inside::<adt_geo::PolyRef<'_>>

Check 691: adt_geo::point_inside::<adt_geo::PolyRef<'_>>.pointer_dereference.6
	 - Status: SUCCESS
	 - Description: "dereference failure: invalid integer address"
	 - Location: ../../crates/backend/utils/adt/geo/src/lib.rs:329:30 in function adt_geo::point_inside::<adt_geo::PolyRef<'_>>

Check 692: adt_geo::point_inside::<adt_geo::PolyRef<'_>>.pointer_dereference.7
	 - Status: SUCCESS
	 - Description: "dereference failure: pointer NULL"
	 - Location: ../../crates/backend/utils/adt/geo/src/lib.rs:330:30 in function adt_geo::point_inside::<adt_geo::PolyRef<'_>>

Check 693: adt_geo::point_inside::<adt_geo::PolyRef<'_>>.pointer_dereference.8
	 - Status: SUCCESS
	 - Description: "dereference failure: pointer invalid"
	 - Location: ../../crates/backend/utils/adt/geo/src/lib.rs:330:30 in function adt_geo::point_inside::<adt_geo::PolyRef<'_>>

Check 694: adt_geo::point_inside::<adt_geo::PolyRef<'_>>.pointer_dereference.9
	 - Status: SUCCESS
	 - Description: "dereference failure: deallocated dynamic object"
	 - Location: ../../crates/backend/utils/adt/geo/src/lib.rs:330:30 in function adt_geo::point_inside::<adt_geo::PolyRef<'_>>

Check 695: adt_geo::point_inside::<adt_geo::PolyRef<'_>>.pointer_dereference.10
	 - Status: SUCCESS
	 - Description: "dereference failure: dead object"
	 - Location: ../../crates/backend/utils/adt/geo/src/lib.rs:330:30 in function adt_geo::point_inside::<adt_geo::PolyRef<'_>>

Check 696: adt_geo::point_inside::<adt_geo::PolyRef<'_>>.pointer_dereference.11
	 - Status: SUCCESS
	 - Description: "dereference failure: pointer outside object bounds"
	 - Location: ../../crates/backend/utils/adt/geo/src/lib.rs:330:30 in function adt_geo::point_inside::<adt_geo::PolyRef<'_>>

Check 697: adt_geo::point_inside::<adt_geo::PolyRef<'_>>.pointer_dereference.12
	 - Status: SUCCESS
	 - Description: "dereference failure: invalid integer address"
	 - Location: ../../crates/backend/utils/adt/geo/src/lib.rs:330:30 in function adt_geo::point_inside::<adt_geo::PolyRef<'_>>

Check 698: adt_geo::point_inside::<adt_geo::PolyRef<'_>>.pointer_dereference.13
	 - Status: SUCCESS
	 - Description: "dereference failure: pointer NULL"
	 - Location: ../../crates/backend/utils/adt/geo/src/lib.rs:338:33 in function adt_geo::point_inside::<adt_geo::PolyRef<'_>>

Check 699: adt_geo::point_inside::<adt_geo::PolyRef<'_>>.pointer_dereference.14
	 - Status: SUCCESS
	 - Description: "dereference failure: pointer invalid"
	 - Location: ../../crates/backend/utils/adt/geo/src/lib.rs:338:33 in function adt_geo::point_inside::<adt_geo::PolyRef<'_>>

Check 700: adt_geo::point_inside::<adt_geo::PolyRef<'_>>.pointer_dereference.15
	 - Status: SUCCESS
	 - Description: "dereference failure: deallocated dynamic object"
	 - Location: ../../crates/backend/utils/adt/geo/src/lib.rs:338:33 in function adt_geo::point_inside::<adt_geo::PolyRef<'_>>

Check 701: adt_geo::point_inside::<adt_geo::PolyRef<'_>>.pointer_dereference.16
	 - Status: SUCCESS
	 - Description: "dereference failure: dead object"
	 - Location: ../../crates/backend/utils/adt/geo/src/lib.rs:338:33 in function adt_geo::point_inside::<adt_geo::PolyRef<'_>>

Check 702: adt_geo::point_inside::<adt_geo::PolyRef<'_>>.pointer_dereference.17
	 - Status: SUCCESS
	 - Description: "dereference failure: pointer outside object bounds"
	 - Location: ../../crates/backend/utils/adt/geo/src/lib.rs:338:33 in function adt_geo::point_inside::<adt_geo::PolyRef<'_>>

Check 703: adt_geo::point_inside::<adt_geo::PolyRef<'_>>.pointer_dereference.18
	 - Status: SUCCESS
	 - Description: "dereference failure: invalid integer address"
	 - Location: ../../crates/backend/utils/adt/geo/src/lib.rs:338:33 in function adt_geo::point_inside::<adt_geo::PolyRef<'_>>

Check 704: adt_geo::point_inside::<adt_geo::PolyRef<'_>>.pointer_dereference.19
	 - Status: SUCCESS
	 - Description: "dereference failure: pointer NULL"
	 - Location: ../../crates/backend/utils/adt/geo/src/lib.rs:339:33 in function adt_geo::point_inside::<adt_geo::PolyRef<'_>>

Check 705: adt_geo::point_inside::<adt_geo::PolyRef<'_>>.pointer_dereference.20
	 - Status: SUCCESS
	 - Description: "dereference failure: pointer invalid"
	 - Location: ../../crates/backend/utils/adt/geo/src/lib.rs:339:33 in function adt_geo::point_inside::<adt_geo::PolyRef<'_>>

Check 706: adt_geo::point_inside::<adt_geo::PolyRef<'_>>.pointer_dereference.21
	 - Status: SUCCESS
	 - Description: "dereference failure: deallocated dynamic object"
	 - Location: ../../crates/backend/utils/adt/geo/src/lib.rs:339:33 in function adt_geo::point_inside::<adt_geo::PolyRef<'_>>

Check 707: adt_geo::point_inside::<adt_geo::PolyRef<'_>>.pointer_dereference.22
	 - Status: SUCCESS
	 - Description: "dereference failure: dead object"
	 - Location: ../../crates/backend/utils/adt/geo/src/lib.rs:339:33 in function adt_geo::point_inside::<adt_geo::PolyRef<'_>>

Check 708: adt_geo::point_inside::<adt_geo::PolyRef<'_>>.pointer_dereference.23
	 - Status: SUCCESS
	 - Description: "dereference failure: pointer outside object bounds"
	 - Location: ../../crates/backend/utils/adt/geo/src/lib.rs:339:33 in function adt_geo::point_inside::<adt_geo::PolyRef<'_>>

Check 709: adt_geo::point_inside::<adt_geo::PolyRef<'_>>.pointer_dereference.24
	 - Status: SUCCESS
	 - Description: "dereference failure: invalid integer address"
	 - Location: ../../crates/backend/utils/adt/geo/src/lib.rs:339:33 in function adt_geo::point_inside::<adt_geo::PolyRef<'_>>

Check 710: memcpy.pointer.1
	 - Status: SUCCESS
	 - Description: "same object violation in (const char *)(const void *)ptr >= (const char *)(void *)result + (signed long int)bytes_to_copy"
	 - Location: <builtin-library-memcpy>:33 in function memcpy

Check 711: memcpy.pointer.2
	 - Status: SUCCESS
	 - Description: "same object violation in (const char *)(void *)result >= (const char *)(const void *)ptr + (signed long int)bytes_to_copy"
	 - Location: <builtin-library-memcpy>:34 in function memcpy

Check 712: __rust_realloc.precondition_instance.1
	 - Status: SUCCESS
	 - Description: "memcpy src/dst overlap"
	 - Location: ../../../../../.kani/kani-0.67.0/library/kani/kani_lib.c:114 in function __rust_realloc

Check 713: __rust_realloc.precondition_instance.2
	 - Status: SUCCESS
	 - Description: "memcpy source region readable"
	 - Location: ../../../../../.kani/kani-0.67.0/library/kani/kani_lib.c:114 in function __rust_realloc

Check 714: __rust_realloc.precondition_instance.3
	 - Status: SUCCESS
	 - Description: "memcpy destination region writeable"
	 - Location: ../../../../../.kani/kani-0.67.0/library/kani/kani_lib.c:114 in function __rust_realloc

Check 715: __rust_realloc.precondition_instance.4
	 - Status: SUCCESS
	 - Description: "free argument must be NULL or valid pointer"
	 - Location: ../../../../../.kani/kani-0.67.0/library/kani/kani_lib.c:115 in function __rust_realloc

Check 716: __rust_realloc.precondition_instance.5
	 - Status: SUCCESS
	 - Description: "free argument must be dynamic object"
	 - Location: ../../../../../.kani/kani-0.67.0/library/kani/kani_lib.c:115 in function __rust_realloc

Check 717: __rust_realloc.precondition_instance.6
	 - Status: SUCCESS
	 - Description: "free argument has offset zero"
	 - Location: ../../../../../.kani/kani-0.67.0/library/kani/kani_lib.c:115 in function __rust_realloc

Check 718: __rust_realloc.precondition_instance.7
	 - Status: SUCCESS
	 - Description: "double free"
	 - Location: ../../../../../.kani/kani-0.67.0/library/kani/kani_lib.c:115 in function __rust_realloc

Check 719: __rust_realloc.precondition_instance.8
	 - Status: SUCCESS
	 - Description: "free called for new[] object"
	 - Location: ../../../../../.kani/kani-0.67.0/library/kani/kani_lib.c:115 in function __rust_realloc

Check 720: __rust_realloc.precondition_instance.9
	 - Status: SUCCESS
	 - Description: "free called for stack-allocated object"
	 - Location: ../../../../../.kani/kani-0.67.0/library/kani/kani_lib.c:115 in function __rust_realloc

Check 721: std::ptr::swap_chunk::<1>.pointer_dereference.1
	 - Status: SUCCESS
	 - Description: "dereference failure: pointer NULL"
	 - Location: ../../../../../../runner/.rustup/toolchains/nightly-2025-11-21-aarch64-apple-darwin/lib/rustlib/src/rust/library/core/src/ptr/mod.rs:1431:13 in function std::ptr::swap_chunk::<1>

Check 722: std::ptr::swap_chunk::<1>.pointer_dereference.2
	 - Status: SUCCESS
	 - Description: "dereference failure: pointer invalid"
	 - Location: ../../../../../../runner/.rustup/toolchains/nightly-2025-11-21-aarch64-apple-darwin/lib/rustlib/src/rust/library/core/src/ptr/mod.rs:1431:13 in function std::ptr::swap_chunk::<1>

Check 723: std::ptr::swap_chunk::<1>.pointer_dereference.3
	 - Status: SUCCESS
	 - Description: "dereference failure: deallocated dynamic object"
	 - Location: ../../../../../../runner/.rustup/toolchains/nightly-2025-11-21-aarch64-apple-darwin/lib/rustlib/src/rust/library/core/src/ptr/mod.rs:1431:13 in function std::ptr::swap_chunk::<1>

Check 724: std::ptr::swap_chunk::<1>.pointer_dereference.4
	 - Status: SUCCESS
	 - Description: "dereference failure: dead object"
	 - Location: ../../../../../../runner/.rustup/toolchains/nightly-2025-11-21-aarch64-apple-darwin/lib/rustlib/src/rust/library/core/src/ptr/mod.rs:1431:13 in function std::ptr::swap_chunk::<1>

Check 725: std::ptr::swap_chunk::<1>.pointer_dereference.5
	 - Status: SUCCESS
	 - Description: "dereference failure: pointer outside object bounds"
	 - Location: ../../../../../../runner/.rustup/toolchains/nightly-2025-11-21-aarch64-apple-darwin/lib/rustlib/src/rust/library/core/src/ptr/mod.rs:1431:13 in function std::ptr::swap_chunk::<1>

Check 726: std::ptr::swap_chunk::<1>.pointer_dereference.6
	 - Status: SUCCESS
	 - Description: "dereference failure: invalid integer address"
	 - Location: ../../../../../../runner/.rustup/toolchains/nightly-2025-11-21-aarch64-apple-darwin/lib/rustlib/src/rust/library/core/src/ptr/mod.rs:1431:13 in function std::ptr::swap_chunk::<1>

Check 727: std::ptr::swap_chunk::<1>.pointer_dereference.7
	 - Status: SUCCESS
	 - Description: "dereference failure: pointer NULL"
	 - Location: ../../../../../../runner/.rustup/toolchains/nightly-2025-11-21-aarch64-apple-darwin/lib/rustlib/src/rust/library/core/src/ptr/mod.rs:1432:13 in function std::ptr::swap_chunk::<1>

Check 728: std::ptr::swap_chunk::<1>.pointer_dereference.8
	 - Status: SUCCESS
	 - Description: "dereference failure: pointer invalid"
	 - Location: ../../../../../../runner/.rustup/toolchains/nightly-2025-11-21-aarch64-apple-darwin/lib/rustlib/src/rust/library/core/src/ptr/mod.rs:1432:13 in function std::ptr::swap_chunk::<1>

Check 729: std::ptr::swap_chunk::<1>.pointer_dereference.9
	 - Status: SUCCESS
	 - Description: "dereference failure: deallocated dynamic object"
	 - Location: ../../../../../../runner/.rustup/toolchains/nightly-2025-11-21-aarch64-apple-darwin/lib/rustlib/src/rust/library/core/src/ptr/mod.rs:1432:13 in function std::ptr::swap_chunk::<1>

Check 730: std::ptr::swap_chunk::<1>.pointer_dereference.10
	 - Status: SUCCESS
	 - Description: "dereference failure: dead object"
	 - Location: ../../../../../../runner/.rustup/toolchains/nightly-2025-11-21-aarch64-apple-darwin/lib/rustlib/src/rust/library/core/src/ptr/mod.rs:1432:13 in function std::ptr::swap_chunk::<1>

Check 731: std::ptr::swap_chunk::<1>.pointer_dereference.11
	 - Status: SUCCESS
	 - Description: "dereference failure: pointer outside object bounds"
	 - Location: ../../../../../../runner/.rustup/toolchains/nightly-2025-11-21-aarch64-apple-darwin/lib/rustlib/src/rust/library/core/src/ptr/mod.rs:1432:13 in function std::ptr::swap_chunk::<1>

Check 732: std::ptr::swap_chunk::<1>.pointer_dereference.12
	 - Status: SUCCESS
	 - Description: "dereference failure: invalid integer address"
	 - Location: ../../../../../../runner/.rustup/toolchains/nightly-2025-11-21-aarch64-apple-darwin/lib/rustlib/src/rust/library/core/src/ptr/mod.rs:1432:13 in function std::ptr::swap_chunk::<1>

Check 733: std::ptr::swap_chunk::<1>.pointer_dereference.13
	 - Status: SUCCESS
	 - Description: "dereference failure: pointer NULL"
	 - Location: ../../../../../../runner/.rustup/toolchains/nightly-2025-11-21-aarch64-apple-darwin/lib/rustlib/src/rust/library/core/src/ptr/mod.rs:1434:5 in function std::ptr::swap_chunk::<1>

Check 734: std::ptr::swap_chunk::<1>.pointer_dereference.14
	 - Status: SUCCESS
	 - Description: "dereference failure: pointer invalid"
	 - Location: ../../../../../../runner/.rustup/toolchains/nightly-2025-11-21-aarch64-apple-darwin/lib/rustlib/src/rust/library/core/src/ptr/mod.rs:1434:5 in function std::ptr::swap_chunk::<1>

Check 735: std::ptr::swap_chunk::<1>.pointer_dereference.15
	 - Status: SUCCESS
	 - Description: "dereference failure: deallocated dynamic object"
	 - Location: ../../../../../../runner/.rustup/toolchains/nightly-2025-11-21-aarch64-apple-darwin/lib/rustlib/src/rust/library/core/src/ptr/mod.rs:1434:5 in function std::ptr::swap_chunk::<1>

Check 736: std::ptr::swap_chunk::<1>.pointer_dereference.16
	 - Status: SUCCESS
	 - Description: "dereference failure: dead object"
	 - Location: ../../../../../../runner/.rustup/toolchains/nightly-2025-11-21-aarch64-apple-darwin/lib/rustlib/src/rust/library/core/src/ptr/mod.rs:1434:5 in function std::ptr::swap_chunk::<1>

Check 737: std::ptr::swap_chunk::<1>.pointer_dereference.17
	 - Status: SUCCESS
	 - Description: "dereference failure: pointer outside object bounds"
	 - Location: ../../../../../../runner/.rustup/toolchains/nightly-2025-11-21-aarch64-apple-darwin/lib/rustlib/src/rust/library/core/src/ptr/mod.rs:1434:5 in function std::ptr::swap_chunk::<1>

Check 738: std::ptr::swap_chunk::<1>.pointer_dereference.18
	 - Status: SUCCESS
	 - Description: "dereference failure: invalid integer address"
	 - Location: ../../../../../../runner/.rustup/toolchains/nightly-2025-11-21-aarch64-apple-darwin/lib/rustlib/src/rust/library/core/src/ptr/mod.rs:1434:5 in function std::ptr::swap_chunk::<1>

Check 739: __rust_dealloc.precondition_instance.1
	 - Status: SUCCESS
	 - Description: "free argument must be NULL or valid pointer"
	 - Location: ../../../../../.kani/kani-0.67.0/library/kani/kani_lib.c:87 in function __rust_dealloc

Check 740: __rust_dealloc.precondition_instance.2
	 - Status: SUCCESS
	 - Description: "free argument must be dynamic object"
	 - Location: ../../../../../.kani/kani-0.67.0/library/kani/kani_lib.c:87 in function __rust_dealloc

Check 741: __rust_dealloc.precondition_instance.3
	 - Status: SUCCESS
	 - Description: "free argument has offset zero"
	 - Location: ../../../../../.kani/kani-0.67.0/library/kani/kani_lib.c:87 in function __rust_dealloc

Check 742: __rust_dealloc.precondition_instance.4
	 - Status: SUCCESS
	 - Description: "double free"
	 - Location: ../../../../../.kani/kani-0.67.0/library/kani/kani_lib.c:87 in function __rust_dealloc

Check 743: __rust_dealloc.precondition_instance.5
	 - Status: SUCCESS
	 - Description: "free called for new[] object"
	 - Location: ../../../../../.kani/kani-0.67.0/library/kani/kani_lib.c:87 in function __rust_dealloc

Check 744: __rust_dealloc.precondition_instance.6
	 - Status: SUCCESS
	 - Description: "free called for stack-allocated object"
	 - Location: ../../../../../.kani/kani-0.67.0/library/kani/kani_lib.c:87 in function __rust_dealloc

Check 745: <std::vec::Vec<u8> as std::ops::Drop>::drop.pointer_dereference.1
	 - Status: SUCCESS
	 - Description: "dereference failure: pointer NULL"
	 - Location: ../../../../../../runner/.rustup/toolchains/nightly-2025-11-21-aarch64-apple-darwin/lib/rustlib/src/rust/library/alloc/src/vec/mod.rs:4076:81 in function <std::vec::Vec<u8> as std::ops::Drop>::drop

Check 746: <std::vec::Vec<u8> as std::ops::Drop>::drop.pointer_dereference.2
	 - Status: SUCCESS
	 - Description: "dereference failure: pointer invalid"
	 - Location: ../../../../../../runner/.rustup/toolchains/nightly-2025-11-21-aarch64-apple-darwin/lib/rustlib/src/rust/library/alloc/src/vec/mod.rs:4076:81 in function <std::vec::Vec<u8> as std::ops::Drop>::drop

Check 747: <std::vec::Vec<u8> as std::ops::Drop>::drop.pointer_dereference.3
	 - Status: SUCCESS
	 - Description: "dereference failure: deallocated dynamic object"
	 - Location: ../../../../../../runner/.rustup/toolchains/nightly-2025-11-21-aarch64-apple-darwin/lib/rustlib/src/rust/library/alloc/src/vec/mod.rs:4076:81 in function <std::vec::Vec<u8> as std::ops::Drop>::drop

Check 748: <std::vec::Vec<u8> as std::ops::Drop>::drop.pointer_dereference.4
	 - Status: SUCCESS
	 - Description: "dereference failure: dead object"
	 - Location: ../../../../../../runner/.rustup/toolchains/nightly-2025-11-21-aarch64-apple-darwin/lib/rustlib/src/rust/library/alloc/src/vec/mod.rs:4076:81 in function <std::vec::Vec<u8> as std::ops::Drop>::drop

Check 749: <std::vec::Vec<u8> as std::ops::Drop>::drop.pointer_dereference.5
	 - Status: SUCCESS
	 - Description: "dereference failure: pointer outside object bounds"
	 - Location: ../../../../../../runner/.rustup/toolchains/nightly-2025-11-21-aarch64-apple-darwin/lib/rustlib/src/rust/library/alloc/src/vec/mod.rs:4076:81 in function <std::vec::Vec<u8> as std::ops::Drop>::drop

Check 750: <std::vec::Vec<u8> as std::ops::Drop>::drop.pointer_dereference.6
	 - Status: SUCCESS
	 - Description: "dereference failure: invalid integer address"
	 - Location: ../../../../../../runner/.rustup/toolchains/nightly-2025-11-21-aarch64-apple-darwin/lib/rustlib/src/rust/library/alloc/src/vec/mod.rs:4076:81 in function <std::vec::Vec<u8> as std::ops::Drop>::drop

Check 751: lseg_interpt_lseg.pointer_dereference.1
	 - Status: SUCCESS
	 - Description: "dereference failure: pointer NULL"
	 - Location: c/pg_geo_cmp.c:1731 in function lseg_interpt_lseg

Check 752: lseg_interpt_lseg.pointer_dereference.2
	 - Status: SUCCESS
	 - Description: "dereference failure: pointer invalid"
	 - Location: c/pg_geo_cmp.c:1731 in function lseg_interpt_lseg

Check 753: lseg_interpt_lseg.pointer_dereference.3
	 - Status: SUCCESS
	 - Description: "dereference failure: deallocated dynamic object"
	 - Location: c/pg_geo_cmp.c:1731 in function lseg_interpt_lseg

Check 754: lseg_interpt_lseg.pointer_dereference.4
	 - Status: SUCCESS
	 - Description: "dereference failure: dead object"
	 - Location: c/pg_geo_cmp.c:1731 in function lseg_interpt_lseg

Check 755: lseg_interpt_lseg.pointer_dereference.5
	 - Status: SUCCESS
	 - Description: "dereference failure: pointer outside object bounds"
	 - Location: c/pg_geo_cmp.c:1731 in function lseg_interpt_lseg

Check 756: lseg_interpt_lseg.pointer_dereference.6
	 - Status: SUCCESS
	 - Description: "dereference failure: invalid integer address"
	 - Location: c/pg_geo_cmp.c:1731 in function lseg_interpt_lseg

Check 757: lseg_interpt_line.pointer_dereference.1
	 - Status: SUCCESS
	 - Description: "dereference failure: pointer NULL"
	 - Location: c/pg_geo_cmp.c:1696 in function lseg_interpt_line

Check 758: lseg_interpt_line.pointer_dereference.2
	 - Status: SUCCESS
	 - Description: "dereference failure: pointer invalid"
	 - Location: c/pg_geo_cmp.c:1696 in function lseg_interpt_line

Check 759: lseg_interpt_line.pointer_dereference.3
	 - Status: SUCCESS
	 - Description: "dereference failure: deallocated dynamic object"
	 - Location: c/pg_geo_cmp.c:1696 in function lseg_interpt_line

Check 760: lseg_interpt_line.pointer_dereference.4
	 - Status: SUCCESS
	 - Description: "dereference failure: dead object"
	 - Location: c/pg_geo_cmp.c:1696 in function lseg_interpt_line

Check 761: lseg_interpt_line.pointer_dereference.5
	 - Status: SUCCESS
	 - Description: "dereference failure: pointer outside object bounds"
	 - Location: c/pg_geo_cmp.c:1696 in function lseg_interpt_line

Check 762: lseg_interpt_line.pointer_dereference.6
	 - Status: SUCCESS
	 - Description: "dereference failure: invalid integer address"
	 - Location: c/pg_geo_cmp.c:1696 in function lseg_interpt_line

Check 763: lseg_interpt_line.pointer_dereference.7
	 - Status: SUCCESS
	 - Description: "dereference failure: pointer NULL"
	 - Location: c/pg_geo_cmp.c:1696 in function lseg_interpt_line

Check 764: lseg_interpt_line.pointer_dereference.8
	 - Status: SUCCESS
	 - Description: "dereference failure: pointer invalid"
	 - Location: c/pg_geo_cmp.c:1696 in function lseg_interpt_line

Check 765: lseg_interpt_line.pointer_dereference.9
	 - Status: SUCCESS
	 - Description: "dereference failure: deallocated dynamic object"
	 - Location: c/pg_geo_cmp.c:1696 in function lseg_interpt_line

Check 766: lseg_interpt_line.pointer_dereference.10
	 - Status: SUCCESS
	 - Description: "dereference failure: dead object"
	 - Location: c/pg_geo_cmp.c:1696 in function lseg_interpt_line

Check 767: lseg_interpt_line.pointer_dereference.11
	 - Status: SUCCESS
	 - Description: "dereference failure: pointer outside object bounds"
	 - Location: c/pg_geo_cmp.c:1696 in function lseg_interpt_line

Check 768: lseg_interpt_line.pointer_dereference.12
	 - Status: SUCCESS
	 - Description: "dereference failure: invalid integer address"
	 - Location: c/pg_geo_cmp.c:1696 in function lseg_interpt_line

Check 769: lseg_interpt_line.array_bounds.1
	 - Status: SUCCESS
	 - Description: "index out of bounds: the length is less than or equal to the given index"
	 - Location: c/pg_geo_cmp.c:1696 in function lseg_interpt_line

Check 770: lseg_interpt_line.pointer_dereference.13
	 - Status: SUCCESS
	 - Description: "dereference failure: pointer NULL"
	 - Location: c/pg_geo_cmp.c:1698 in function lseg_interpt_line

Check 771: lseg_interpt_line.pointer_dereference.14
	 - Status: SUCCESS
	 - Description: "dereference failure: pointer invalid"
	 - Location: c/pg_geo_cmp.c:1698 in function lseg_interpt_line

Check 772: lseg_interpt_line.pointer_dereference.15
	 - Status: SUCCESS
	 - Description: "dereference failure: deallocated dynamic object"
	 - Location: c/pg_geo_cmp.c:1698 in function lseg_interpt_line

Check 773: lseg_interpt_line.pointer_dereference.16
	 - Status: SUCCESS
	 - Description: "dereference failure: dead object"
	 - Location: c/pg_geo_cmp.c:1698 in function lseg_interpt_line

Check 774: lseg_interpt_line.pointer_dereference.17
	 - Status: SUCCESS
	 - Description: "dereference failure: pointer outside object bounds"
	 - Location: c/pg_geo_cmp.c:1698 in function lseg_interpt_line

Check 775: lseg_interpt_line.pointer_dereference.18
	 - Status: SUCCESS
	 - Description: "dereference failure: invalid integer address"
	 - Location: c/pg_geo_cmp.c:1698 in function lseg_interpt_line

Check 776: lseg_interpt_line.pointer_dereference.19
	 - Status: SUCCESS
	 - Description: "dereference failure: pointer NULL"
	 - Location: c/pg_geo_cmp.c:1698 in function lseg_interpt_line

Check 777: lseg_interpt_line.pointer_dereference.20
	 - Status: SUCCESS
	 - Description: "dereference failure: pointer invalid"
	 - Location: c/pg_geo_cmp.c:1698 in function lseg_interpt_line

Check 778: lseg_interpt_line.pointer_dereference.21
	 - Status: SUCCESS
	 - Description: "dereference failure: deallocated dynamic object"
	 - Location: c/pg_geo_cmp.c:1698 in function lseg_interpt_line

Check 779: lseg_interpt_line.pointer_dereference.22
	 - Status: SUCCESS
	 - Description: "dereference failure: dead object"
	 - Location: c/pg_geo_cmp.c:1698 in function lseg_interpt_line

Check 780: lseg_interpt_line.pointer_dereference.23
	 - Status: SUCCESS
	 - Description: "dereference failure: pointer outside object bounds"
	 - Location: c/pg_geo_cmp.c:1698 in function lseg_interpt_line

Check 781: lseg_interpt_line.pointer_dereference.24
	 - Status: SUCCESS
	 - Description: "dereference failure: invalid integer address"
	 - Location: c/pg_geo_cmp.c:1698 in function lseg_interpt_line

Check 782: lseg_interpt_line.array_bounds.2
	 - Status: SUCCESS
	 - Description: "index out of bounds: the length is less than or equal to the given index"
	 - Location: c/pg_geo_cmp.c:1698 in function lseg_interpt_line

Check 783: lseg_interpt_line.pointer_dereference.25
	 - Status: SUCCESS
	 - Description: "dereference failure: pointer NULL"
	 - Location: c/pg_geo_cmp.c:1700 in function lseg_interpt_line

Check 784: lseg_interpt_line.pointer_dereference.26
	 - Status: SUCCESS
	 - Description: "dereference failure: pointer invalid"
	 - Location: c/pg_geo_cmp.c:1700 in function lseg_interpt_line

Check 785: lseg_interpt_line.pointer_dereference.27
	 - Status: SUCCESS
	 - Description: "dereference failure: deallocated dynamic object"
	 - Location: c/pg_geo_cmp.c:1700 in function lseg_interpt_line

Check 786: lseg_interpt_line.pointer_dereference.28
	 - Status: SUCCESS
	 - Description: "dereference failure: dead object"
	 - Location: c/pg_geo_cmp.c:1700 in function lseg_interpt_line

Check 787: lseg_interpt_line.pointer_dereference.29
	 - Status: SUCCESS
	 - Description: "dereference failure: pointer outside object bounds"
	 - Location: c/pg_geo_cmp.c:1700 in function lseg_interpt_line

Check 788: lseg_interpt_line.pointer_dereference.30
	 - Status: SUCCESS
	 - Description: "dereference failure: invalid integer address"
	 - Location: c/pg_geo_cmp.c:1700 in function lseg_interpt_line

Check 789: std::option::Option::<std::cmp::Ordering>::is_some_and::<fn(std::cmp::Ordering) -> bool {std::cmp::Ordering::is_ge}>.pointer_dereference.1
	 - Status: SUCCESS
	 - Description: "dereference failure: dead object"
	 - Location: ../../../../../../runner/.rustup/toolchains/nightly-2025-11-21-aarch64-apple-darwin/lib/rustlib/src/rust/library/core/src/option.rs:662:15 in function std::option::Option::<std::cmp::Ordering>::is_some_and::<fn(std::cmp::Ordering) -> bool {std::cmp::Ordering::is_ge}>

Check 790: std::vec::Vec::<u8>::reserve.pointer_dereference.1
	 - Status: SUCCESS
	 - Description: "dereference failure: pointer NULL"
	 - Location: ../../../../../../runner/.rustup/toolchains/nightly-2025-11-21-aarch64-apple-darwin/lib/rustlib/src/rust/library/alloc/src/vec/mod.rs:1298:26 in function std::vec::Vec::<u8>::reserve

Check 791: std::vec::Vec::<u8>::reserve.pointer_dereference.2
	 - Status: SUCCESS
	 - Description: "dereference failure: pointer invalid"
	 - Location: ../../../../../../runner/.rustup/toolchains/nightly-2025-11-21-aarch64-apple-darwin/lib/rustlib/src/rust/library/alloc/src/vec/mod.rs:1298:26 in function std::vec::Vec::<u8>::reserve

Check 792: std::vec::Vec::<u8>::reserve.pointer_dereference.3
	 - Status: SUCCESS
	 - Description: "dereference failure: deallocated dynamic object"
	 - Location: ../../../../../../runner/.rustup/toolchains/nightly-2025-11-21-aarch64-apple-darwin/lib/rustlib/src/rust/library/alloc/src/vec/mod.rs:1298:26 in function std::vec::Vec::<u8>::reserve

Check 793: std::vec::Vec::<u8>::reserve.pointer_dereference.4
	 - Status: SUCCESS
	 - Description: "dereference failure: dead object"
	 - Location: ../../../../../../runner/.rustup/toolchains/nightly-2025-11-21-aarch64-apple-darwin/lib/rustlib/src/rust/library/alloc/src/vec/mod.rs:1298:26 in function std::vec::Vec::<u8>::reserve

Check 794: std::vec::Vec::<u8>::reserve.pointer_dereference.5
	 - Status: SUCCESS
	 - Description: "dereference failure: pointer outside object bounds"
	 - Location: ../../../../../../runner/.rustup/toolchains/nightly-2025-11-21-aarch64-apple-darwin/lib/rustlib/src/rust/library/alloc/src/vec/mod.rs:1298:26 in function std::vec::Vec::<u8>::reserve

Check 795: std::vec::Vec::<u8>::reserve.pointer_dereference.6
	 - Status: SUCCESS
	 - Description: "dereference failure: invalid integer address"
	 - Location: ../../../../../../runner/.rustup/toolchains/nightly-2025-11-21-aarch64-apple-darwin/lib/rustlib/src/rust/library/alloc/src/vec/mod.rs:1298:26 in function std::vec::Vec::<u8>::reserve

Check 796: adt_geo::lseg::lseg_interpt_lseg.pointer_dereference.1
	 - Status: SUCCESS
	 - Description: "dereference failure: dead object"
	 - Location: ../../crates/backend/utils/adt/geo/src/lseg.rs:108:25 in function adt_geo::lseg::lseg_interpt_lseg

Check 797: adt_geo::lseg::lseg_interpt_lseg.pointer_dereference.2
	 - Status: SUCCESS
	 - Description: "dereference failure: pointer NULL"
	 - Location: ../../crates/backend/utils/adt/geo/src/lseg.rs:109:9 in function adt_geo::lseg::lseg_interpt_lseg

Check 798: adt_geo::lseg::lseg_interpt_lseg.pointer_dereference.3
	 - Status: SUCCESS
	 - Description: "dereference failure: pointer invalid"
	 - Location: ../../crates/backend/utils/adt/geo/src/lseg.rs:109:9 in function adt_geo::lseg::lseg_interpt_lseg

Check 799: adt_geo::lseg::lseg_interpt_lseg.pointer_dereference.4
	 - Status: SUCCESS
	 - Description: "dereference failure: deallocated dynamic object"
	 - Location: ../../crates/backend/utils/adt/geo/src/lseg.rs:109:9 in function adt_geo::lseg::lseg_interpt_lseg

Check 800: adt_geo::lseg::lseg_interpt_lseg.pointer_dereference.5
	 - Status: SUCCESS
	 - Description: "dereference failure: dead object"
	 - Location: ../../crates/backend/utils/adt/geo/src/lseg.rs:109:9 in function adt_geo::lseg::lseg_interpt_lseg

Check 801: adt_geo::lseg::lseg_interpt_lseg.pointer_dereference.6
	 - Status: SUCCESS
	 - Description: "dereference failure: pointer outside object bounds"
	 - Location: ../../crates/backend/utils/adt/geo/src/lseg.rs:109:9 in function adt_geo::lseg::lseg_interpt_lseg

Check 802: adt_geo::lseg::lseg_interpt_lseg.pointer_dereference.7
	 - Status: SUCCESS
	 - Description: "dereference failure: invalid integer address"
	 - Location: ../../crates/backend/utils/adt/geo/src/lseg.rs:109:9 in function adt_geo::lseg::lseg_interpt_lseg

Check 803: std::alloc::Global::alloc_impl.pointer_dereference.1
	 - Status: SUCCESS
	 - Description: "dereference failure: dead object"
	 - Location: ../../../../../../runner/.rustup/toolchains/nightly-2025-11-21-aarch64-apple-darwin/lib/rustlib/src/rust/library/alloc/src/alloc.rs:191:27 in function std::alloc::Global::alloc_impl

Check 804: alloc::raw_vec::handle_error.pointer_dereference.1
	 - Status: SUCCESS
	 - Description: "dereference failure: dead object"
	 - Location: ../../../../../../runner/.rustup/toolchains/nightly-2025-11-21-aarch64-apple-darwin/lib/rustlib/src/rust/library/alloc/src/raw_vec/mod.rs:845:11 in function alloc::raw_vec::handle_error

Check 805: pg_poly_overlap_internal.pointer_dereference.1
	 - Status: SUCCESS
	 - Description: "dereference failure: pointer NULL"
	 - Location: c/pg_geo_cmp.c:3421 in function pg_poly_overlap_internal

Check 806: pg_poly_overlap_internal.pointer_dereference.2
	 - Status: SUCCESS
	 - Description: "dereference failure: pointer invalid"
	 - Location: c/pg_geo_cmp.c:3421 in function pg_poly_overlap_internal

Check 807: pg_poly_overlap_internal.pointer_dereference.3
	 - Status: SUCCESS
	 - Description: "dereference failure: deallocated dynamic object"
	 - Location: c/pg_geo_cmp.c:3421 in function pg_poly_overlap_internal

Check 808: pg_poly_overlap_internal.pointer_dereference.4
	 - Status: SUCCESS
	 - Description: "dereference failure: dead object"
	 - Location: c/pg_geo_cmp.c:3421 in function pg_poly_overlap_internal

Check 809: pg_poly_overlap_internal.pointer_dereference.5
	 - Status: SUCCESS
	 - Description: "dereference failure: pointer outside object bounds"
	 - Location: c/pg_geo_cmp.c:3421 in function pg_poly_overlap_internal

Check 810: pg_poly_overlap_internal.pointer_dereference.6
	 - Status: SUCCESS
	 - Description: "dereference failure: invalid integer address"
	 - Location: c/pg_geo_cmp.c:3421 in function pg_poly_overlap_internal

Check 811: pg_poly_overlap_internal.pointer_dereference.7
	 - Status: SUCCESS
	 - Description: "dereference failure: pointer NULL"
	 - Location: c/pg_geo_cmp.c:3421 in function pg_poly_overlap_internal

Check 812: pg_poly_overlap_internal.pointer_dereference.8
	 - Status: SUCCESS
	 - Description: "dereference failure: pointer invalid"
	 - Location: c/pg_geo_cmp.c:3421 in function pg_poly_overlap_internal

Check 813: pg_poly_overlap_internal.pointer_dereference.9
	 - Status: SUCCESS
	 - Description: "dereference failure: deallocated dynamic object"
	 - Location: c/pg_geo_cmp.c:3421 in function pg_poly_overlap_internal

Check 814: pg_poly_overlap_internal.pointer_dereference.10
	 - Status: SUCCESS
	 - Description: "dereference failure: dead object"
	 - Location: c/pg_geo_cmp.c:3421 in function pg_poly_overlap_internal

Check 815: pg_poly_overlap_internal.pointer_dereference.11
	 - Status: SUCCESS
	 - Description: "dereference failure: pointer outside object bounds"
	 - Location: c/pg_geo_cmp.c:3421 in function pg_poly_overlap_internal

Check 816: pg_poly_overlap_internal.pointer_dereference.12
	 - Status: SUCCESS
	 - Description: "dereference failure: invalid integer address"
	 - Location: c/pg_geo_cmp.c:3421 in function pg_poly_overlap_internal

Check 817: pg_poly_overlap_internal.array_bounds.1
	 - Status: SUCCESS
	 - Description: "index out of bounds: the length is less than or equal to the given index"
	 - Location: c/pg_geo_cmp.c:3421 in function pg_poly_overlap_internal

Check 818: pg_poly_overlap_internal.pointer_dereference.13
	 - Status: SUCCESS
	 - Description: "dereference failure: pointer NULL"
	 - Location: c/pg_geo_cmp.c:3424 in function pg_poly_overlap_internal

Check 819: pg_poly_overlap_internal.pointer_dereference.14
	 - Status: SUCCESS
	 - Description: "dereference failure: pointer invalid"
	 - Location: c/pg_geo_cmp.c:3424 in function pg_poly_overlap_internal

Check 820: pg_poly_overlap_internal.pointer_dereference.15
	 - Status: SUCCESS
	 - Description: "dereference failure: deallocated dynamic object"
	 - Location: c/pg_geo_cmp.c:3424 in function pg_poly_overlap_internal

Check 821: pg_poly_overlap_internal.pointer_dereference.16
	 - Status: SUCCESS
	 - Description: "dereference failure: dead object"
	 - Location: c/pg_geo_cmp.c:3424 in function pg_poly_overlap_internal

Check 822: pg_poly_overlap_internal.pointer_dereference.17
	 - Status: SUCCESS
	 - Description: "dereference failure: pointer outside object bounds"
	 - Location: c/pg_geo_cmp.c:3424 in function pg_poly_overlap_internal

Check 823: pg_poly_overlap_internal.pointer_dereference.18
	 - Status: SUCCESS
	 - Description: "dereference failure: invalid integer address"
	 - Location: c/pg_geo_cmp.c:3424 in function pg_poly_overlap_internal

Check 824: pg_poly_overlap_internal.pointer_dereference.19
	 - Status: SUCCESS
	 - Description: "dereference failure: pointer NULL"
	 - Location: c/pg_geo_cmp.c:3427 in function pg_poly_overlap_internal

Check 825: pg_poly_overlap_internal.pointer_dereference.20
	 - Status: SUCCESS
	 - Description: "dereference failure: pointer invalid"
	 - Location: c/pg_geo_cmp.c:3427 in function pg_poly_overlap_internal

Check 826: pg_poly_overlap_internal.pointer_dereference.21
	 - Status: SUCCESS
	 - Description: "dereference failure: deallocated dynamic object"
	 - Location: c/pg_geo_cmp.c:3427 in function pg_poly_overlap_internal

Check 827: pg_poly_overlap_internal.pointer_dereference.22
	 - Status: SUCCESS
	 - Description: "dereference failure: dead object"
	 - Location: c/pg_geo_cmp.c:3427 in function pg_poly_overlap_internal

Check 828: pg_poly_overlap_internal.pointer_dereference.23
	 - Status: SUCCESS
	 - Description: "dereference failure: pointer outside object bounds"
	 - Location: c/pg_geo_cmp.c:3427 in function pg_poly_overlap_internal

Check 829: pg_poly_overlap_internal.pointer_dereference.24
	 - Status: SUCCESS
	 - Description: "dereference failure: invalid integer address"
	 - Location: c/pg_geo_cmp.c:3427 in function pg_poly_overlap_internal

Check 830: pg_poly_overlap_internal.array_bounds.2
	 - Status: SUCCESS
	 - Description: "index out of bounds: the length is less than or equal to the given index"
	 - Location: c/pg_geo_cmp.c:3427 in function pg_poly_overlap_internal

Check 831: pg_poly_overlap_internal.pointer_dereference.25
	 - Status: SUCCESS
	 - Description: "dereference failure: pointer NULL"
	 - Location: c/pg_geo_cmp.c:3430 in function pg_poly_overlap_internal

Check 832: pg_poly_overlap_internal.pointer_dereference.26
	 - Status: SUCCESS
	 - Description: "dereference failure: pointer invalid"
	 - Location: c/pg_geo_cmp.c:3430 in function pg_poly_overlap_internal

Check 833: pg_poly_overlap_internal.pointer_dereference.27
	 - Status: SUCCESS
	 - Description: "dereference failure: deallocated dynamic object"
	 - Location: c/pg_geo_cmp.c:3430 in function pg_poly_overlap_internal

Check 834: pg_poly_overlap_internal.pointer_dereference.28
	 - Status: SUCCESS
	 - Description: "dereference failure: dead object"
	 - Location: c/pg_geo_cmp.c:3430 in function pg_poly_overlap_internal

Check 835: pg_poly_overlap_internal.pointer_dereference.29
	 - Status: SUCCESS
	 - Description: "dereference failure: pointer outside object bounds"
	 - Location: c/pg_geo_cmp.c:3430 in function pg_poly_overlap_internal

Check 836: pg_poly_overlap_internal.pointer_dereference.30
	 - Status: SUCCESS
	 - Description: "dereference failure: invalid integer address"
	 - Location: c/pg_geo_cmp.c:3430 in function pg_poly_overlap_internal

Check 837: pg_poly_overlap_internal.pointer_dereference.31
	 - Status: SUCCESS
	 - Description: "dereference failure: pointer NULL"
	 - Location: c/pg_geo_cmp.c:3430 in function pg_poly_overlap_internal

Check 838: pg_poly_overlap_internal.pointer_dereference.32
	 - Status: SUCCESS
	 - Description: "dereference failure: pointer invalid"
	 - Location: c/pg_geo_cmp.c:3430 in function pg_poly_overlap_internal

Check 839: pg_poly_overlap_internal.pointer_dereference.33
	 - Status: SUCCESS
	 - Description: "dereference failure: deallocated dynamic object"
	 - Location: c/pg_geo_cmp.c:3430 in function pg_poly_overlap_internal

Check 840: pg_poly_overlap_internal.pointer_dereference.34
	 - Status: SUCCESS
	 - Description: "dereference failure: dead object"
	 - Location: c/pg_geo_cmp.c:3430 in function pg_poly_overlap_internal

Check 841: pg_poly_overlap_internal.pointer_dereference.35
	 - Status: SUCCESS
	 - Description: "dereference failure: pointer outside object bounds"
	 - Location: c/pg_geo_cmp.c:3430 in function pg_poly_overlap_internal

Check 842: pg_poly_overlap_internal.pointer_dereference.36
	 - Status: SUCCESS
	 - Description: "dereference failure: invalid integer address"
	 - Location: c/pg_geo_cmp.c:3430 in function pg_poly_overlap_internal

Check 843: pg_poly_overlap_internal.array_bounds.3
	 - Status: SUCCESS
	 - Description: "index out of bounds: the length is less than or equal to the given index"
	 - Location: c/pg_geo_cmp.c:3430 in function pg_poly_overlap_internal

Check 844: pg_poly_overlap_internal.pointer_dereference.37
	 - Status: SUCCESS
	 - Description: "dereference failure: pointer NULL"
	 - Location: c/pg_geo_cmp.c:3432 in function pg_poly_overlap_internal

Check 845: pg_poly_overlap_internal.pointer_dereference.38
	 - Status: SUCCESS
	 - Description: "dereference failure: pointer invalid"
	 - Location: c/pg_geo_cmp.c:3432 in function pg_poly_overlap_internal

Check 846: pg_poly_overlap_internal.pointer_dereference.39
	 - Status: SUCCESS
	 - Description: "dereference failure: deallocated dynamic object"
	 - Location: c/pg_geo_cmp.c:3432 in function pg_poly_overlap_internal

Check 847: pg_poly_overlap_internal.pointer_dereference.40
	 - Status: SUCCESS
	 - Description: "dereference failure: dead object"
	 - Location: c/pg_geo_cmp.c:3432 in function pg_poly_overlap_internal

Check 848: pg_poly_overlap_internal.pointer_dereference.41
	 - Status: SUCCESS
	 - Description: "dereference failure: pointer outside object bounds"
	 - Location: c/pg_geo_cmp.c:3432 in function pg_poly_overlap_internal

Check 849: pg_poly_overlap_internal.pointer_dereference.42
	 - Status: SUCCESS
	 - Description: "dereference failure: invalid integer address"
	 - Location: c/pg_geo_cmp.c:3432 in function pg_poly_overlap_internal

Check 850: pg_poly_overlap_internal.pointer_dereference.43
	 - Status: SUCCESS
	 - Description: "dereference failure: pointer NULL"
	 - Location: c/pg_geo_cmp.c:3434 in function pg_poly_overlap_internal

Check 851: pg_poly_overlap_internal.pointer_dereference.44
	 - Status: SUCCESS
	 - Description: "dereference failure: pointer invalid"
	 - Location: c/pg_geo_cmp.c:3434 in function pg_poly_overlap_internal

Check 852: pg_poly_overlap_internal.pointer_dereference.45
	 - Status: SUCCESS
	 - Description: "dereference failure: deallocated dynamic object"
	 - Location: c/pg_geo_cmp.c:3434 in function pg_poly_overlap_internal

Check 853: pg_poly_overlap_internal.pointer_dereference.46
	 - Status: SUCCESS
	 - Description: "dereference failure: dead object"
	 - Location: c/pg_geo_cmp.c:3434 in function pg_poly_overlap_internal

Check 854: pg_poly_overlap_internal.pointer_dereference.47
	 - Status: SUCCESS
	 - Description: "dereference failure: pointer outside object bounds"
	 - Location: c/pg_geo_cmp.c:3434 in function pg_poly_overlap_internal

Check 855: pg_poly_overlap_internal.pointer_dereference.48
	 - Status: SUCCESS
	 - Description: "dereference failure: invalid integer address"
	 - Location: c/pg_geo_cmp.c:3434 in function pg_poly_overlap_internal

Check 856: pg_poly_overlap_internal.array_bounds.4
	 - Status: SUCCESS
	 - Description: "index out of bounds: the length is less than or equal to the given index"
	 - Location: c/pg_geo_cmp.c:3434 in function pg_poly_overlap_internal

Check 857: pg_poly_overlap_internal.pointer_dereference.49
	 - Status: SUCCESS
	 - Description: "dereference failure: pointer NULL"
	 - Location: c/pg_geo_cmp.c:3447 in function pg_poly_overlap_internal

Check 858: pg_poly_overlap_internal.pointer_dereference.50
	 - Status: SUCCESS
	 - Description: "dereference failure: pointer invalid"
	 - Location: c/pg_geo_cmp.c:3447 in function pg_poly_overlap_internal

Check 859: pg_poly_overlap_internal.pointer_dereference.51
	 - Status: SUCCESS
	 - Description: "dereference failure: deallocated dynamic object"
	 - Location: c/pg_geo_cmp.c:3447 in function pg_poly_overlap_internal

Check 860: pg_poly_overlap_internal.pointer_dereference.52
	 - Status: SUCCESS
	 - Description: "dereference failure: dead object"
	 - Location: c/pg_geo_cmp.c:3447 in function pg_poly_overlap_internal

Check 861: pg_poly_overlap_internal.pointer_dereference.53
	 - Status: SUCCESS
	 - Description: "dereference failure: pointer outside object bounds"
	 - Location: c/pg_geo_cmp.c:3447 in function pg_poly_overlap_internal

Check 862: pg_poly_overlap_internal.pointer_dereference.54
	 - Status: SUCCESS
	 - Description: "dereference failure: invalid integer address"
	 - Location: c/pg_geo_cmp.c:3447 in function pg_poly_overlap_internal

Check 863: pg_poly_overlap_internal.pointer_dereference.55
	 - Status: SUCCESS
	 - Description: "dereference failure: pointer NULL"
	 - Location: c/pg_geo_cmp.c:3448 in function pg_poly_overlap_internal

Check 864: pg_poly_overlap_internal.pointer_dereference.56
	 - Status: SUCCESS
	 - Description: "dereference failure: pointer invalid"
	 - Location: c/pg_geo_cmp.c:3448 in function pg_poly_overlap_internal

Check 865: pg_poly_overlap_internal.pointer_dereference.57
	 - Status: SUCCESS
	 - Description: "dereference failure: deallocated dynamic object"
	 - Location: c/pg_geo_cmp.c:3448 in function pg_poly_overlap_internal

Check 866: pg_poly_overlap_internal.pointer_dereference.58
	 - Status: SUCCESS
	 - Description: "dereference failure: dead object"
	 - Location: c/pg_geo_cmp.c:3448 in function pg_poly_overlap_internal

Check 867: pg_poly_overlap_internal.pointer_dereference.59
	 - Status: SUCCESS
	 - Description: "dereference failure: pointer outside object bounds"
	 - Location: c/pg_geo_cmp.c:3448 in function pg_poly_overlap_internal

Check 868: pg_poly_overlap_internal.pointer_dereference.60
	 - Status: SUCCESS
	 - Description: "dereference failure: invalid integer address"
	 - Location: c/pg_geo_cmp.c:3448 in function pg_poly_overlap_internal

Check 869: line_construct.pointer_dereference.1
	 - Status: SUCCESS
	 - Description: "dereference failure: pointer NULL"
	 - Location: c/pg_geo_cmp.c:1548 in function line_construct

Check 870: line_construct.pointer_dereference.2
	 - Status: SUCCESS
	 - Description: "dereference failure: pointer invalid"
	 - Location: c/pg_geo_cmp.c:1548 in function line_construct

Check 871: line_construct.pointer_dereference.3
	 - Status: SUCCESS
	 - Description: "dereference failure: deallocated dynamic object"
	 - Location: c/pg_geo_cmp.c:1548 in function line_construct

Check 872: line_construct.pointer_dereference.4
	 - Status: SUCCESS
	 - Description: "dereference failure: dead object"
	 - Location: c/pg_geo_cmp.c:1548 in function line_construct

Check 873: line_construct.pointer_dereference.5
	 - Status: SUCCESS
	 - Description: "dereference failure: pointer outside object bounds"
	 - Location: c/pg_geo_cmp.c:1548 in function line_construct

Check 874: line_construct.pointer_dereference.6
	 - Status: SUCCESS
	 - Description: "dereference failure: invalid integer address"
	 - Location: c/pg_geo_cmp.c:1548 in function line_construct

Check 875: line_construct.pointer_dereference.7
	 - Status: SUCCESS
	 - Description: "dereference failure: pointer NULL"
	 - Location: c/pg_geo_cmp.c:1549 in function line_construct

Check 876: line_construct.pointer_dereference.8
	 - Status: SUCCESS
	 - Description: "dereference failure: pointer invalid"
	 - Location: c/pg_geo_cmp.c:1549 in function line_construct

Check 877: line_construct.pointer_dereference.9
	 - Status: SUCCESS
	 - Description: "dereference failure: deallocated dynamic object"
	 - Location: c/pg_geo_cmp.c:1549 in function line_construct

Check 878: line_construct.pointer_dereference.10
	 - Status: SUCCESS
	 - Description: "dereference failure: dead object"
	 - Location: c/pg_geo_cmp.c:1549 in function line_construct

Check 879: line_construct.pointer_dereference.11
	 - Status: SUCCESS
	 - Description: "dereference failure: pointer outside object bounds"
	 - Location: c/pg_geo_cmp.c:1549 in function line_construct

Check 880: line_construct.pointer_dereference.12
	 - Status: SUCCESS
	 - Description: "dereference failure: invalid integer address"
	 - Location: c/pg_geo_cmp.c:1549 in function line_construct

Check 881: line_construct.pointer_dereference.13
	 - Status: SUCCESS
	 - Description: "dereference failure: pointer NULL"
	 - Location: c/pg_geo_cmp.c:1550 in function line_construct

Check 882: line_construct.pointer_dereference.14
	 - Status: SUCCESS
	 - Description: "dereference failure: pointer invalid"
	 - Location: c/pg_geo_cmp.c:1550 in function line_construct

Check 883: line_construct.pointer_dereference.15
	 - Status: SUCCESS
	 - Description: "dereference failure: deallocated dynamic object"
	 - Location: c/pg_geo_cmp.c:1550 in function line_construct

Check 884: line_construct.pointer_dereference.16
	 - Status: SUCCESS
	 - Description: "dereference failure: dead object"
	 - Location: c/pg_geo_cmp.c:1550 in function line_construct

Check 885: line_construct.pointer_dereference.17
	 - Status: SUCCESS
	 - Description: "dereference failure: pointer outside object bounds"
	 - Location: c/pg_geo_cmp.c:1550 in function line_construct

Check 886: line_construct.pointer_dereference.18
	 - Status: SUCCESS
	 - Description: "dereference failure: invalid integer address"
	 - Location: c/pg_geo_cmp.c:1550 in function line_construct

Check 887: line_construct.pointer_dereference.19
	 - Status: SUCCESS
	 - Description: "dereference failure: pointer NULL"
	 - Location: c/pg_geo_cmp.c:1550 in function line_construct

Check 888: line_construct.pointer_dereference.20
	 - Status: SUCCESS
	 - Description: "dereference failure: pointer invalid"
	 - Location: c/pg_geo_cmp.c:1550 in function line_construct

Check 889: line_construct.pointer_dereference.21
	 - Status: SUCCESS
	 - Description: "dereference failure: deallocated dynamic object"
	 - Location: c/pg_geo_cmp.c:1550 in function line_construct

Check 890: line_construct.pointer_dereference.22
	 - Status: SUCCESS
	 - Description: "dereference failure: dead object"
	 - Location: c/pg_geo_cmp.c:1550 in function line_construct

Check 891: line_construct.pointer_dereference.23
	 - Status: SUCCESS
	 - Description: "dereference failure: pointer outside object bounds"
	 - Location: c/pg_geo_cmp.c:1550 in function line_construct

Check 892: line_construct.pointer_dereference.24
	 - Status: SUCCESS
	 - Description: "dereference failure: invalid integer address"
	 - Location: c/pg_geo_cmp.c:1550 in function line_construct

Check 893: line_construct.pointer_dereference.25
	 - Status: SUCCESS
	 - Description: "dereference failure: pointer NULL"
	 - Location: c/pg_geo_cmp.c:1555 in function line_construct

Check 894: line_construct.pointer_dereference.26
	 - Status: SUCCESS
	 - Description: "dereference failure: pointer invalid"
	 - Location: c/pg_geo_cmp.c:1555 in function line_construct

Check 895: line_construct.pointer_dereference.27
	 - Status: SUCCESS
	 - Description: "dereference failure: deallocated dynamic object"
	 - Location: c/pg_geo_cmp.c:1555 in function line_construct

Check 896: line_construct.pointer_dereference.28
	 - Status: SUCCESS
	 - Description: "dereference failure: dead object"
	 - Location: c/pg_geo_cmp.c:1555 in function line_construct

Check 897: line_construct.pointer_dereference.29
	 - Status: SUCCESS
	 - Description: "dereference failure: pointer outside object bounds"
	 - Location: c/pg_geo_cmp.c:1555 in function line_construct

Check 898: line_construct.pointer_dereference.30
	 - Status: SUCCESS
	 - Description: "dereference failure: invalid integer address"
	 - Location: c/pg_geo_cmp.c:1555 in function line_construct

Check 899: line_construct.pointer_dereference.31
	 - Status: SUCCESS
	 - Description: "dereference failure: pointer NULL"
	 - Location: c/pg_geo_cmp.c:1556 in function line_construct

Check 900: line_construct.pointer_dereference.32
	 - Status: SUCCESS
	 - Description: "dereference failure: pointer invalid"
	 - Location: c/pg_geo_cmp.c:1556 in function line_construct

Check 901: line_construct.pointer_dereference.33
	 - Status: SUCCESS
	 - Description: "dereference failure: deallocated dynamic object"
	 - Location: c/pg_geo_cmp.c:1556 in function line_construct

Check 902: line_construct.pointer_dereference.34
	 - Status: SUCCESS
	 - Description: "dereference failure: dead object"
	 - Location: c/pg_geo_cmp.c:1556 in function line_construct

Check 903: line_construct.pointer_dereference.35
	 - Status: SUCCESS
	 - Description: "dereference failure: pointer outside object bounds"
	 - Location: c/pg_geo_cmp.c:1556 in function line_construct

Check 904: line_construct.pointer_dereference.36
	 - Status: SUCCESS
	 - Description: "dereference failure: invalid integer address"
	 - Location: c/pg_geo_cmp.c:1556 in function line_construct

Check 905: line_construct.pointer_dereference.37
	 - Status: SUCCESS
	 - Description: "dereference failure: pointer NULL"
	 - Location: c/pg_geo_cmp.c:1557 in function line_construct

Check 906: line_construct.pointer_dereference.38
	 - Status: SUCCESS
	 - Description: "dereference failure: pointer invalid"
	 - Location: c/pg_geo_cmp.c:1557 in function line_construct

Check 907: line_construct.pointer_dereference.39
	 - Status: SUCCESS
	 - Description: "dereference failure: deallocated dynamic object"
	 - Location: c/pg_geo_cmp.c:1557 in function line_construct

Check 908: line_construct.pointer_dereference.40
	 - Status: SUCCESS
	 - Description: "dereference failure: dead object"
	 - Location: c/pg_geo_cmp.c:1557 in function line_construct

Check 909: line_construct.pointer_dereference.41
	 - Status: SUCCESS
	 - Description: "dereference failure: pointer outside object bounds"
	 - Location: c/pg_geo_cmp.c:1557 in function line_construct

Check 910: line_construct.pointer_dereference.42
	 - Status: SUCCESS
	 - Description: "dereference failure: invalid integer address"
	 - Location: c/pg_geo_cmp.c:1557 in function line_construct

Check 911: line_construct.pointer_dereference.43
	 - Status: SUCCESS
	 - Description: "dereference failure: pointer NULL"
	 - Location: c/pg_geo_cmp.c:1557 in function line_construct

Check 912: line_construct.pointer_dereference.44
	 - Status: SUCCESS
	 - Description: "dereference failure: pointer invalid"
	 - Location: c/pg_geo_cmp.c:1557 in function line_construct

Check 913: line_construct.pointer_dereference.45
	 - Status: SUCCESS
	 - Description: "dereference failure: deallocated dynamic object"
	 - Location: c/pg_geo_cmp.c:1557 in function line_construct

Check 914: line_construct.pointer_dereference.46
	 - Status: SUCCESS
	 - Description: "dereference failure: dead object"
	 - Location: c/pg_geo_cmp.c:1557 in function line_construct

Check 915: line_construct.pointer_dereference.47
	 - Status: SUCCESS
	 - Description: "dereference failure: pointer outside object bounds"
	 - Location: c/pg_geo_cmp.c:1557 in function line_construct

Check 916: line_construct.pointer_dereference.48
	 - Status: SUCCESS
	 - Description: "dereference failure: invalid integer address"
	 - Location: c/pg_geo_cmp.c:1557 in function line_construct

Check 917: line_construct.pointer_dereference.49
	 - Status: SUCCESS
	 - Description: "dereference failure: pointer NULL"
	 - Location: c/pg_geo_cmp.c:1562 in function line_construct

Check 918: line_construct.pointer_dereference.50
	 - Status: SUCCESS
	 - Description: "dereference failure: pointer invalid"
	 - Location: c/pg_geo_cmp.c:1562 in function line_construct

Check 919: line_construct.pointer_dereference.51
	 - Status: SUCCESS
	 - Description: "dereference failure: deallocated dynamic object"
	 - Location: c/pg_geo_cmp.c:1562 in function line_construct

Check 920: line_construct.pointer_dereference.52
	 - Status: SUCCESS
	 - Description: "dereference failure: dead object"
	 - Location: c/pg_geo_cmp.c:1562 in function line_construct

Check 921: line_construct.pointer_dereference.53
	 - Status: SUCCESS
	 - Description: "dereference failure: pointer outside object bounds"
	 - Location: c/pg_geo_cmp.c:1562 in function line_construct

Check 922: line_construct.pointer_dereference.54
	 - Status: SUCCESS
	 - Description: "dereference failure: invalid integer address"
	 - Location: c/pg_geo_cmp.c:1562 in function line_construct

Check 923: line_construct.pointer_dereference.55
	 - Status: SUCCESS
	 - Description: "dereference failure: pointer NULL"
	 - Location: c/pg_geo_cmp.c:1563 in function line_construct

Check 924: line_construct.pointer_dereference.56
	 - Status: SUCCESS
	 - Description: "dereference failure: pointer invalid"
	 - Location: c/pg_geo_cmp.c:1563 in function line_construct

Check 925: line_construct.pointer_dereference.57
	 - Status: SUCCESS
	 - Description: "dereference failure: deallocated dynamic object"
	 - Location: c/pg_geo_cmp.c:1563 in function line_construct

Check 926: line_construct.pointer_dereference.58
	 - Status: SUCCESS
	 - Description: "dereference failure: dead object"
	 - Location: c/pg_geo_cmp.c:1563 in function line_construct

Check 927: line_construct.pointer_dereference.59
	 - Status: SUCCESS
	 - Description: "dereference failure: pointer outside object bounds"
	 - Location: c/pg_geo_cmp.c:1563 in function line_construct

Check 928: line_construct.pointer_dereference.60
	 - Status: SUCCESS
	 - Description: "dereference failure: invalid integer address"
	 - Location: c/pg_geo_cmp.c:1563 in function line_construct

Check 929: line_construct.pointer_dereference.61
	 - Status: SUCCESS
	 - Description: "dereference failure: pointer NULL"
	 - Location: c/pg_geo_cmp.c:1564 in function line_construct

Check 930: line_construct.pointer_dereference.62
	 - Status: SUCCESS
	 - Description: "dereference failure: pointer invalid"
	 - Location: c/pg_geo_cmp.c:1564 in function line_construct

Check 931: line_construct.pointer_dereference.63
	 - Status: SUCCESS
	 - Description: "dereference failure: deallocated dynamic object"
	 - Location: c/pg_geo_cmp.c:1564 in function line_construct

Check 932: line_construct.pointer_dereference.64
	 - Status: SUCCESS
	 - Description: "dereference failure: dead object"
	 - Location: c/pg_geo_cmp.c:1564 in function line_construct

Check 933: line_construct.pointer_dereference.65
	 - Status: SUCCESS
	 - Description: "dereference failure: pointer outside object bounds"
	 - Location: c/pg_geo_cmp.c:1564 in function line_construct

Check 934: line_construct.pointer_dereference.66
	 - Status: SUCCESS
	 - Description: "dereference failure: invalid integer address"
	 - Location: c/pg_geo_cmp.c:1564 in function line_construct

Check 935: line_construct.pointer_dereference.67
	 - Status: SUCCESS
	 - Description: "dereference failure: pointer NULL"
	 - Location: c/pg_geo_cmp.c:1564 in function line_construct

Check 936: line_construct.pointer_dereference.68
	 - Status: SUCCESS
	 - Description: "dereference failure: pointer invalid"
	 - Location: c/pg_geo_cmp.c:1564 in function line_construct

Check 937: line_construct.pointer_dereference.69
	 - Status: SUCCESS
	 - Description: "dereference failure: deallocated dynamic object"
	 - Location: c/pg_geo_cmp.c:1564 in function line_construct

Check 938: line_construct.pointer_dereference.70
	 - Status: SUCCESS
	 - Description: "dereference failure: dead object"
	 - Location: c/pg_geo_cmp.c:1564 in function line_construct

Check 939: line_construct.pointer_dereference.71
	 - Status: SUCCESS
	 - Description: "dereference failure: pointer outside object bounds"
	 - Location: c/pg_geo_cmp.c:1564 in function line_construct

Check 940: line_construct.pointer_dereference.72
	 - Status: SUCCESS
	 - Description: "dereference failure: invalid integer address"
	 - Location: c/pg_geo_cmp.c:1564 in function line_construct

Check 941: line_construct.pointer_dereference.73
	 - Status: SUCCESS
	 - Description: "dereference failure: pointer NULL"
	 - Location: c/pg_geo_cmp.c:1564 in function line_construct

Check 942: line_construct.pointer_dereference.74
	 - Status: SUCCESS
	 - Description: "dereference failure: pointer invalid"
	 - Location: c/pg_geo_cmp.c:1564 in function line_construct

Check 943: line_construct.pointer_dereference.75
	 - Status: SUCCESS
	 - Description: "dereference failure: deallocated dynamic object"
	 - Location: c/pg_geo_cmp.c:1564 in function line_construct

Check 944: line_construct.pointer_dereference.76
	 - Status: SUCCESS
	 - Description: "dereference failure: dead object"
	 - Location: c/pg_geo_cmp.c:1564 in function line_construct

Check 945: line_construct.pointer_dereference.77
	 - Status: SUCCESS
	 - Description: "dereference failure: pointer outside object bounds"
	 - Location: c/pg_geo_cmp.c:1564 in function line_construct

Check 946: line_construct.pointer_dereference.78
	 - Status: SUCCESS
	 - Description: "dereference failure: invalid integer address"
	 - Location: c/pg_geo_cmp.c:1564 in function line_construct

Check 947: line_construct.pointer_dereference.79
	 - Status: SUCCESS
	 - Description: "dereference failure: pointer NULL"
	 - Location: c/pg_geo_cmp.c:1566 in function line_construct

Check 948: line_construct.pointer_dereference.80
	 - Status: SUCCESS
	 - Description: "dereference failure: pointer invalid"
	 - Location: c/pg_geo_cmp.c:1566 in function line_construct

Check 949: line_construct.pointer_dereference.81
	 - Status: SUCCESS
	 - Description: "dereference failure: deallocated dynamic object"
	 - Location: c/pg_geo_cmp.c:1566 in function line_construct

Check 950: line_construct.pointer_dereference.82
	 - Status: SUCCESS
	 - Description: "dereference failure: dead object"
	 - Location: c/pg_geo_cmp.c:1566 in function line_construct

Check 951: line_construct.pointer_dereference.83
	 - Status: SUCCESS
	 - Description: "dereference failure: pointer outside object bounds"
	 - Location: c/pg_geo_cmp.c:1566 in function line_construct

Check 952: line_construct.pointer_dereference.84
	 - Status: SUCCESS
	 - Description: "dereference failure: invalid integer address"
	 - Location: c/pg_geo_cmp.c:1566 in function line_construct

Check 953: std::ptr::swap_nonoverlapping_bytes.pointer_dereference.1
	 - Status: SUCCESS
	 - Description: "dereference failure: dead object"
	 - Location: ../../../../../../runner/.rustup/toolchains/nightly-2025-11-21-aarch64-apple-darwin/lib/rustlib/src/rust/library/core/src/ptr/mod.rs:1483:27 in function std::ptr::swap_nonoverlapping_bytes

Check 954: std::ptr::swap_nonoverlapping_bytes.pointer_dereference.2
	 - Status: SUCCESS
	 - Description: "dereference failure: dead object"
	 - Location: ../../../../../../runner/.rustup/toolchains/nightly-2025-11-21-aarch64-apple-darwin/lib/rustlib/src/rust/library/core/src/ptr/mod.rs:1488:25 in function std::ptr::swap_nonoverlapping_bytes

Check 955: pg_poly_stage.pointer_dereference.1
	 - Status: SUCCESS
	 - Description: "dereference failure: pointer NULL"
	 - Location: c/pg_geo_cmp.c:2356 in function pg_poly_stage

Check 956: pg_poly_stage.pointer_dereference.2
	 - Status: SUCCESS
	 - Description: "dereference failure: pointer invalid"
	 - Location: c/pg_geo_cmp.c:2356 in function pg_poly_stage

Check 957: pg_poly_stage.pointer_dereference.3
	 - Status: SUCCESS
	 - Description: "dereference failure: deallocated dynamic object"
	 - Location: c/pg_geo_cmp.c:2356 in function pg_poly_stage

Check 958: pg_poly_stage.pointer_dereference.4
	 - Status: SUCCESS
	 - Description: "dereference failure: dead object"
	 - Location: c/pg_geo_cmp.c:2356 in function pg_poly_stage

Check 959: pg_poly_stage.pointer_dereference.5
	 - Status: SUCCESS
	 - Description: "dereference failure: pointer outside object bounds"
	 - Location: c/pg_geo_cmp.c:2356 in function pg_poly_stage

Check 960: pg_poly_stage.pointer_dereference.6
	 - Status: SUCCESS
	 - Description: "dereference failure: invalid integer address"
	 - Location: c/pg_geo_cmp.c:2356 in function pg_poly_stage

Check 961: pg_poly_stage.pointer_dereference.7
	 - Status: SUCCESS
	 - Description: "dereference failure: pointer NULL"
	 - Location: c/pg_geo_cmp.c:2357 in function pg_poly_stage

Check 962: pg_poly_stage.pointer_dereference.8
	 - Status: SUCCESS
	 - Description: "dereference failure: pointer invalid"
	 - Location: c/pg_geo_cmp.c:2357 in function pg_poly_stage

Check 963: pg_poly_stage.pointer_dereference.9
	 - Status: SUCCESS
	 - Description: "dereference failure: deallocated dynamic object"
	 - Location: c/pg_geo_cmp.c:2357 in function pg_poly_stage

Check 964: pg_poly_stage.pointer_dereference.10
	 - Status: SUCCESS
	 - Description: "dereference failure: dead object"
	 - Location: c/pg_geo_cmp.c:2357 in function pg_poly_stage

Check 965: pg_poly_stage.pointer_dereference.11
	 - Status: SUCCESS
	 - Description: "dereference failure: pointer outside object bounds"
	 - Location: c/pg_geo_cmp.c:2357 in function pg_poly_stage

Check 966: pg_poly_stage.pointer_dereference.12
	 - Status: SUCCESS
	 - Description: "dereference failure: invalid integer address"
	 - Location: c/pg_geo_cmp.c:2357 in function pg_poly_stage

Check 967: pg_poly_stage.pointer_dereference.13
	 - Status: SUCCESS
	 - Description: "dereference failure: pointer NULL"
	 - Location: c/pg_geo_cmp.c:2358 in function pg_poly_stage

Check 968: pg_poly_stage.pointer_dereference.14
	 - Status: SUCCESS
	 - Description: "dereference failure: pointer invalid"
	 - Location: c/pg_geo_cmp.c:2358 in function pg_poly_stage

Check 969: pg_poly_stage.pointer_dereference.15
	 - Status: SUCCESS
	 - Description: "dereference failure: deallocated dynamic object"
	 - Location: c/pg_geo_cmp.c:2358 in function pg_poly_stage

Check 970: pg_poly_stage.pointer_dereference.16
	 - Status: SUCCESS
	 - Description: "dereference failure: dead object"
	 - Location: c/pg_geo_cmp.c:2358 in function pg_poly_stage

Check 971: pg_poly_stage.pointer_dereference.17
	 - Status: SUCCESS
	 - Description: "dereference failure: pointer outside object bounds"
	 - Location: c/pg_geo_cmp.c:2358 in function pg_poly_stage

Check 972: pg_poly_stage.pointer_dereference.18
	 - Status: SUCCESS
	 - Description: "dereference failure: invalid integer address"
	 - Location: c/pg_geo_cmp.c:2358 in function pg_poly_stage

Check 973: pg_poly_stage.pointer_dereference.19
	 - Status: SUCCESS
	 - Description: "dereference failure: pointer NULL"
	 - Location: c/pg_geo_cmp.c:2359 in function pg_poly_stage

Check 974: pg_poly_stage.pointer_dereference.20
	 - Status: SUCCESS
	 - Description: "dereference failure: pointer invalid"
	 - Location: c/pg_geo_cmp.c:2359 in function pg_poly_stage

Check 975: pg_poly_stage.pointer_dereference.21
	 - Status: SUCCESS
	 - Description: "dereference failure: deallocated dynamic object"
	 - Location: c/pg_geo_cmp.c:2359 in function pg_poly_stage

Check 976: pg_poly_stage.pointer_dereference.22
	 - Status: SUCCESS
	 - Description: "dereference failure: dead object"
	 - Location: c/pg_geo_cmp.c:2359 in function pg_poly_stage

Check 977: pg_poly_stage.pointer_dereference.23
	 - Status: SUCCESS
	 - Description: "dereference failure: pointer outside object bounds"
	 - Location: c/pg_geo_cmp.c:2359 in function pg_poly_stage

Check 978: pg_poly_stage.pointer_dereference.24
	 - Status: SUCCESS
	 - Description: "dereference failure: invalid integer address"
	 - Location: c/pg_geo_cmp.c:2359 in function pg_poly_stage

Check 979: pg_poly_stage.pointer_dereference.25
	 - Status: SUCCESS
	 - Description: "dereference failure: pointer NULL"
	 - Location: c/pg_geo_cmp.c:2360 in function pg_poly_stage

Check 980: pg_poly_stage.pointer_dereference.26
	 - Status: SUCCESS
	 - Description: "dereference failure: pointer invalid"
	 - Location: c/pg_geo_cmp.c:2360 in function pg_poly_stage

Check 981: pg_poly_stage.pointer_dereference.27
	 - Status: SUCCESS
	 - Description: "dereference failure: deallocated dynamic object"
	 - Location: c/pg_geo_cmp.c:2360 in function pg_poly_stage

Check 982: pg_poly_stage.pointer_dereference.28
	 - Status: SUCCESS
	 - Description: "dereference failure: dead object"
	 - Location: c/pg_geo_cmp.c:2360 in function pg_poly_stage

Check 983: pg_poly_stage.pointer_dereference.29
	 - Status: SUCCESS
	 - Description: "dereference failure: pointer outside object bounds"
	 - Location: c/pg_geo_cmp.c:2360 in function pg_poly_stage

Check 984: pg_poly_stage.pointer_dereference.30
	 - Status: SUCCESS
	 - Description: "dereference failure: invalid integer address"
	 - Location: c/pg_geo_cmp.c:2360 in function pg_poly_stage

Check 985: pg_poly_stage.pointer_dereference.31
	 - Status: SUCCESS
	 - Description: "dereference failure: pointer NULL"
	 - Location: c/pg_geo_cmp.c:2363 in function pg_poly_stage

Check 986: pg_poly_stage.pointer_dereference.32
	 - Status: SUCCESS
	 - Description: "dereference failure: pointer invalid"
	 - Location: c/pg_geo_cmp.c:2363 in function pg_poly_stage

Check 987: pg_poly_stage.pointer_dereference.33
	 - Status: SUCCESS
	 - Description: "dereference failure: deallocated dynamic object"
	 - Location: c/pg_geo_cmp.c:2363 in function pg_poly_stage

Check 988: pg_poly_stage.pointer_dereference.34
	 - Status: SUCCESS
	 - Description: "dereference failure: dead object"
	 - Location: c/pg_geo_cmp.c:2363 in function pg_poly_stage

Check 989: pg_poly_stage.pointer_dereference.35
	 - Status: SUCCESS
	 - Description: "dereference failure: pointer outside object bounds"
	 - Location: c/pg_geo_cmp.c:2363 in function pg_poly_stage

Check 990: pg_poly_stage.pointer_dereference.36
	 - Status: SUCCESS
	 - Description: "dereference failure: invalid integer address"
	 - Location: c/pg_geo_cmp.c:2363 in function pg_poly_stage

Check 991: pg_poly_stage.array_bounds.1
	 - Status: SUCCESS
	 - Description: "index out of bounds: the length is less than or equal to the given index"
	 - Location: c/pg_geo_cmp.c:2363 in function pg_poly_stage

Check 992: pg_poly_stage.pointer_dereference.37
	 - Status: SUCCESS
	 - Description: "dereference failure: pointer NULL"
	 - Location: c/pg_geo_cmp.c:2363 in function pg_poly_stage

Check 993: pg_poly_stage.pointer_dereference.38
	 - Status: SUCCESS
	 - Description: "dereference failure: pointer invalid"
	 - Location: c/pg_geo_cmp.c:2363 in function pg_poly_stage

Check 994: pg_poly_stage.pointer_dereference.39
	 - Status: SUCCESS
	 - Description: "dereference failure: deallocated dynamic object"
	 - Location: c/pg_geo_cmp.c:2363 in function pg_poly_stage

Check 995: pg_poly_stage.pointer_dereference.40
	 - Status: SUCCESS
	 - Description: "dereference failure: dead object"
	 - Location: c/pg_geo_cmp.c:2363 in function pg_poly_stage

Check 996: pg_poly_stage.pointer_dereference.41
	 - Status: SUCCESS
	 - Description: "dereference failure: pointer outside object bounds"
	 - Location: c/pg_geo_cmp.c:2363 in function pg_poly_stage

Check 997: pg_poly_stage.pointer_dereference.42
	 - Status: SUCCESS
	 - Description: "dereference failure: invalid integer address"
	 - Location: c/pg_geo_cmp.c:2363 in function pg_poly_stage

Check 998: pg_poly_stage.pointer_dereference.43
	 - Status: SUCCESS
	 - Description: "dereference failure: pointer NULL"
	 - Location: c/pg_geo_cmp.c:2364 in function pg_poly_stage

Check 999: pg_poly_stage.pointer_dereference.44
	 - Status: SUCCESS
	 - Description: "dereference failure: pointer invalid"
	 - Location: c/pg_geo_cmp.c:2364 in function pg_poly_stage

Check 1000: pg_poly_stage.pointer_dereference.45
	 - Status: SUCCESS
	 - Description: "dereference failure: deallocated dynamic object"
	 - Location: c/pg_geo_cmp.c:2364 in function pg_poly_stage

Check 1001: pg_poly_stage.pointer_dereference.46
	 - Status: SUCCESS
	 - Description: "dereference failure: dead object"
	 - Location: c/pg_geo_cmp.c:2364 in function pg_poly_stage

Check 1002: pg_poly_stage.pointer_dereference.47
	 - Status: SUCCESS
	 - Description: "dereference failure: pointer outside object bounds"
	 - Location: c/pg_geo_cmp.c:2364 in function pg_poly_stage

Check 1003: pg_poly_stage.pointer_dereference.48
	 - Status: SUCCESS
	 - Description: "dereference failure: invalid integer address"
	 - Location: c/pg_geo_cmp.c:2364 in function pg_poly_stage

Check 1004: pg_poly_stage.array_bounds.2
	 - Status: SUCCESS
	 - Description: "index out of bounds: the length is less than or equal to the given index"
	 - Location: c/pg_geo_cmp.c:2364 in function pg_poly_stage

Check 1005: pg_poly_stage.pointer_dereference.49
	 - Status: SUCCESS
	 - Description: "dereference failure: pointer NULL"
	 - Location: c/pg_geo_cmp.c:2364 in function pg_poly_stage

Check 1006: pg_poly_stage.pointer_dereference.50
	 - Status: SUCCESS
	 - Description: "dereference failure: pointer invalid"
	 - Location: c/pg_geo_cmp.c:2364 in function pg_poly_stage

Check 1007: pg_poly_stage.pointer_dereference.51
	 - Status: SUCCESS
	 - Description: "dereference failure: deallocated dynamic object"
	 - Location: c/pg_geo_cmp.c:2364 in function pg_poly_stage

Check 1008: pg_poly_stage.pointer_dereference.52
	 - Status: SUCCESS
	 - Description: "dereference failure: dead object"
	 - Location: c/pg_geo_cmp.c:2364 in function pg_poly_stage

Check 1009: pg_poly_stage.pointer_dereference.53
	 - Status: SUCCESS
	 - Description: "dereference failure: pointer outside object bounds"
	 - Location: c/pg_geo_cmp.c:2364 in function pg_poly_stage

Check 1010: pg_poly_stage.pointer_dereference.54
	 - Status: SUCCESS
	 - Description: "dereference failure: invalid integer address"
	 - Location: c/pg_geo_cmp.c:2364 in function pg_poly_stage

Check 1011: calloc.pointer_dereference.1
	 - Status: SUCCESS
	 - Description: "dereference failure: dead object"
	 - Location: <builtin-library-calloc>:14 in function calloc

Check 1012: pg_poly_overlap_w.pointer_dereference.1
	 - Status: SUCCESS
	 - Description: "dereference failure: pointer NULL"
	 - Location: c/pg_geo_cmp.c:3462 in function pg_poly_overlap_w

Check 1013: pg_poly_overlap_w.pointer_dereference.2
	 - Status: SUCCESS
	 - Description: "dereference failure: pointer invalid"
	 - Location: c/pg_geo_cmp.c:3462 in function pg_poly_overlap_w

Check 1014: pg_poly_overlap_w.pointer_dereference.3
	 - Status: SUCCESS
	 - Description: "dereference failure: deallocated dynamic object"
	 - Location: c/pg_geo_cmp.c:3462 in function pg_poly_overlap_w

Check 1015: pg_poly_overlap_w.pointer_dereference.4
	 - Status: SUCCESS
	 - Description: "dereference failure: dead object"
	 - Location: c/pg_geo_cmp.c:3462 in function pg_poly_overlap_w

Check 1016: pg_poly_overlap_w.pointer_dereference.5
	 - Status: SUCCESS
	 - Description: "dereference failure: pointer outside object bounds"
	 - Location: c/pg_geo_cmp.c:3462 in function pg_poly_overlap_w

Check 1017: pg_poly_overlap_w.pointer_dereference.6
	 - Status: SUCCESS
	 - Description: "dereference failure: invalid integer address"
	 - Location: c/pg_geo_cmp.c:3462 in function pg_poly_overlap_w

Check 1018: pg_poly_overlap_w.pointer_dereference.7
	 - Status: SUCCESS
	 - Description: "dereference failure: pointer NULL"
	 - Location: c/pg_geo_cmp.c:3462 in function pg_poly_overlap_w

Check 1019: pg_poly_overlap_w.pointer_dereference.8
	 - Status: SUCCESS
	 - Description: "dereference failure: pointer invalid"
	 - Location: c/pg_geo_cmp.c:3462 in function pg_poly_overlap_w

Check 1020: pg_poly_overlap_w.pointer_dereference.9
	 - Status: SUCCESS
	 - Description: "dereference failure: deallocated dynamic object"
	 - Location: c/pg_geo_cmp.c:3462 in function pg_poly_overlap_w

Check 1021: pg_poly_overlap_w.pointer_dereference.10
	 - Status: SUCCESS
	 - Description: "dereference failure: dead object"
	 - Location: c/pg_geo_cmp.c:3462 in function pg_poly_overlap_w

Check 1022: pg_poly_overlap_w.pointer_dereference.11
	 - Status: SUCCESS
	 - Description: "dereference failure: pointer outside object bounds"
	 - Location: c/pg_geo_cmp.c:3462 in function pg_poly_overlap_w

Check 1023: pg_poly_overlap_w.pointer_dereference.12
	 - Status: SUCCESS
	 - Description: "dereference failure: invalid integer address"
	 - Location: c/pg_geo_cmp.c:3462 in function pg_poly_overlap_w

Check 1024: pg_poly_overlap_w.pointer_dereference.13
	 - Status: SUCCESS
	 - Description: "dereference failure: pointer NULL"
	 - Location: c/pg_geo_cmp.c:3462 in function pg_poly_overlap_w

Check 1025: pg_poly_overlap_w.pointer_dereference.14
	 - Status: SUCCESS
	 - Description: "dereference failure: pointer invalid"
	 - Location: c/pg_geo_cmp.c:3462 in function pg_poly_overlap_w

Check 1026: pg_poly_overlap_w.pointer_dereference.15
	 - Status: SUCCESS
	 - Description: "dereference failure: deallocated dynamic object"
	 - Location: c/pg_geo_cmp.c:3462 in function pg_poly_overlap_w

Check 1027: pg_poly_overlap_w.pointer_dereference.16
	 - Status: SUCCESS
	 - Description: "dereference failure: dead object"
	 - Location: c/pg_geo_cmp.c:3462 in function pg_poly_overlap_w

Check 1028: pg_poly_overlap_w.pointer_dereference.17
	 - Status: SUCCESS
	 - Description: "dereference failure: pointer outside object bounds"
	 - Location: c/pg_geo_cmp.c:3462 in function pg_poly_overlap_w

Check 1029: pg_poly_overlap_w.pointer_dereference.18
	 - Status: SUCCESS
	 - Description: "dereference failure: invalid integer address"
	 - Location: c/pg_geo_cmp.c:3462 in function pg_poly_overlap_w

Check 1030: pg_poly_overlap_w.pointer_dereference.19
	 - Status: SUCCESS
	 - Description: "dereference failure: pointer NULL"
	 - Location: c/pg_geo_cmp.c:3462 in function pg_poly_overlap_w

Check 1031: pg_poly_overlap_w.pointer_dereference.20
	 - Status: SUCCESS
	 - Description: "dereference failure: pointer invalid"
	 - Location: c/pg_geo_cmp.c:3462 in function pg_poly_overlap_w

Check 1032: pg_poly_overlap_w.pointer_dereference.21
	 - Status: SUCCESS
	 - Description: "dereference failure: deallocated dynamic object"
	 - Location: c/pg_geo_cmp.c:3462 in function pg_poly_overlap_w

Check 1033: pg_poly_overlap_w.pointer_dereference.22
	 - Status: SUCCESS
	 - Description: "dereference failure: dead object"
	 - Location: c/pg_geo_cmp.c:3462 in function pg_poly_overlap_w

Check 1034: pg_poly_overlap_w.pointer_dereference.23
	 - Status: SUCCESS
	 - Description: "dereference failure: pointer outside object bounds"
	 - Location: c/pg_geo_cmp.c:3462 in function pg_poly_overlap_w

Check 1035: pg_poly_overlap_w.pointer_dereference.24
	 - Status: SUCCESS
	 - Description: "dereference failure: invalid integer address"
	 - Location: c/pg_geo_cmp.c:3462 in function pg_poly_overlap_w

Check 1036: pg_poly_overlap_w.pointer_dereference.25
	 - Status: SUCCESS
	 - Description: "dereference failure: pointer NULL"
	 - Location: c/pg_geo_cmp.c:3463 in function pg_poly_overlap_w

Check 1037: pg_poly_overlap_w.pointer_dereference.26
	 - Status: SUCCESS
	 - Description: "dereference failure: pointer invalid"
	 - Location: c/pg_geo_cmp.c:3463 in function pg_poly_overlap_w

Check 1038: pg_poly_overlap_w.pointer_dereference.27
	 - Status: SUCCESS
	 - Description: "dereference failure: deallocated dynamic object"
	 - Location: c/pg_geo_cmp.c:3463 in function pg_poly_overlap_w

Check 1039: pg_poly_overlap_w.pointer_dereference.28
	 - Status: SUCCESS
	 - Description: "dereference failure: dead object"
	 - Location: c/pg_geo_cmp.c:3463 in function pg_poly_overlap_w

Check 1040: pg_poly_overlap_w.pointer_dereference.29
	 - Status: SUCCESS
	 - Description: "dereference failure: pointer outside object bounds"
	 - Location: c/pg_geo_cmp.c:3463 in function pg_poly_overlap_w

Check 1041: pg_poly_overlap_w.pointer_dereference.30
	 - Status: SUCCESS
	 - Description: "dereference failure: invalid integer address"
	 - Location: c/pg_geo_cmp.c:3463 in function pg_poly_overlap_w

Check 1042: pg_poly_overlap_w.pointer_dereference.31
	 - Status: SUCCESS
	 - Description: "dereference failure: pointer NULL"
	 - Location: c/pg_geo_cmp.c:3463 in function pg_poly_overlap_w

Check 1043: pg_poly_overlap_w.pointer_dereference.32
	 - Status: SUCCESS
	 - Description: "dereference failure: pointer invalid"
	 - Location: c/pg_geo_cmp.c:3463 in function pg_poly_overlap_w

Check 1044: pg_poly_overlap_w.pointer_dereference.33
	 - Status: SUCCESS
	 - Description: "dereference failure: deallocated dynamic object"
	 - Location: c/pg_geo_cmp.c:3463 in function pg_poly_overlap_w

Check 1045: pg_poly_overlap_w.pointer_dereference.34
	 - Status: SUCCESS
	 - Description: "dereference failure: dead object"
	 - Location: c/pg_geo_cmp.c:3463 in function pg_poly_overlap_w

Check 1046: pg_poly_overlap_w.pointer_dereference.35
	 - Status: SUCCESS
	 - Description: "dereference failure: pointer outside object bounds"
	 - Location: c/pg_geo_cmp.c:3463 in function pg_poly_overlap_w

Check 1047: pg_poly_overlap_w.pointer_dereference.36
	 - Status: SUCCESS
	 - Description: "dereference failure: invalid integer address"
	 - Location: c/pg_geo_cmp.c:3463 in function pg_poly_overlap_w

Check 1048: pg_poly_overlap_w.pointer_dereference.37
	 - Status: SUCCESS
	 - Description: "dereference failure: pointer NULL"
	 - Location: c/pg_geo_cmp.c:3463 in function pg_poly_overlap_w

Check 1049: pg_poly_overlap_w.pointer_dereference.38
	 - Status: SUCCESS
	 - Description: "dereference failure: pointer invalid"
	 - Location: c/pg_geo_cmp.c:3463 in function pg_poly_overlap_w

Check 1050: pg_poly_overlap_w.pointer_dereference.39
	 - Status: SUCCESS
	 - Description: "dereference failure: deallocated dynamic object"
	 - Location: c/pg_geo_cmp.c:3463 in function pg_poly_overlap_w

Check 1051: pg_poly_overlap_w.pointer_dereference.40
	 - Status: SUCCESS
	 - Description: "dereference failure: dead object"
	 - Location: c/pg_geo_cmp.c:3463 in function pg_poly_overlap_w

Check 1052: pg_poly_overlap_w.pointer_dereference.41
	 - Status: SUCCESS
	 - Description: "dereference failure: pointer outside object bounds"
	 - Location: c/pg_geo_cmp.c:3463 in function pg_poly_overlap_w

Check 1053: pg_poly_overlap_w.pointer_dereference.42
	 - Status: SUCCESS
	 - Description: "dereference failure: invalid integer address"
	 - Location: c/pg_geo_cmp.c:3463 in function pg_poly_overlap_w

Check 1054: pg_poly_overlap_w.pointer_dereference.43
	 - Status: SUCCESS
	 - Description: "dereference failure: pointer NULL"
	 - Location: c/pg_geo_cmp.c:3463 in function pg_poly_overlap_w

Check 1055: pg_poly_overlap_w.pointer_dereference.44
	 - Status: SUCCESS
	 - Description: "dereference failure: pointer invalid"
	 - Location: c/pg_geo_cmp.c:3463 in function pg_poly_overlap_w

Check 1056: pg_poly_overlap_w.pointer_dereference.45
	 - Status: SUCCESS
	 - Description: "dereference failure: deallocated dynamic object"
	 - Location: c/pg_geo_cmp.c:3463 in function pg_poly_overlap_w

Check 1057: pg_poly_overlap_w.pointer_dereference.46
	 - Status: SUCCESS
	 - Description: "dereference failure: dead object"
	 - Location: c/pg_geo_cmp.c:3463 in function pg_poly_overlap_w

Check 1058: pg_poly_overlap_w.pointer_dereference.47
	 - Status: SUCCESS
	 - Description: "dereference failure: pointer outside object bounds"
	 - Location: c/pg_geo_cmp.c:3463 in function pg_poly_overlap_w

Check 1059: pg_poly_overlap_w.pointer_dereference.48
	 - Status: SUCCESS
	 - Description: "dereference failure: invalid integer address"
	 - Location: c/pg_geo_cmp.c:3463 in function pg_poly_overlap_w

Check 1060: pg_poly_overlap_w.pointer_dereference.49
	 - Status: SUCCESS
	 - Description: "dereference failure: pointer NULL"
	 - Location: c/pg_geo_cmp.c:3466 in function pg_poly_overlap_w

Check 1061: pg_poly_overlap_w.pointer_dereference.50
	 - Status: SUCCESS
	 - Description: "dereference failure: pointer invalid"
	 - Location: c/pg_geo_cmp.c:3466 in function pg_poly_overlap_w

Check 1062: pg_poly_overlap_w.pointer_dereference.51
	 - Status: SUCCESS
	 - Description: "dereference failure: deallocated dynamic object"
	 - Location: c/pg_geo_cmp.c:3466 in function pg_poly_overlap_w

Check 1063: pg_poly_overlap_w.pointer_dereference.52
	 - Status: SUCCESS
	 - Description: "dereference failure: dead object"
	 - Location: c/pg_geo_cmp.c:3466 in function pg_poly_overlap_w

Check 1064: pg_poly_overlap_w.pointer_dereference.53
	 - Status: SUCCESS
	 - Description: "dereference failure: pointer outside object bounds"
	 - Location: c/pg_geo_cmp.c:3466 in function pg_poly_overlap_w

Check 1065: pg_poly_overlap_w.pointer_dereference.54
	 - Status: SUCCESS
	 - Description: "dereference failure: invalid integer address"
	 - Location: c/pg_geo_cmp.c:3466 in function pg_poly_overlap_w

Check 1066: alloc::raw_vec::layout_array::{closure#1}.pointer_dereference.1
	 - Status: SUCCESS
	 - Description: "dereference failure: dead object"
	 - Location: ../../../../../../runner/.rustup/toolchains/nightly-2025-11-21-aarch64-apple-darwin/lib/rustlib/src/rust/library/alloc/src/raw_vec/mod.rs:853:70 in function alloc::raw_vec::layout_array::{closure#1}

Check 1067: proof_support::stub_pg_error_new::<&str>.pointer_dereference.1
	 - Status: SUCCESS
	 - Description: "dereference failure: dead object"
	 - Location: ../support/src/lib.rs:73:26 in function proof_support::stub_pg_error_new::<&str>

Check 1068: proof_support::stub_pg_error_new::<&str>.pointer_dereference.2
	 - Status: SUCCESS
	 - Description: "dereference failure: dead object"
	 - Location: ../support/src/lib.rs:74:21 in function proof_support::stub_pg_error_new::<&str>

Check 1069: proof_support::stub_pg_error_new::<&str>.pointer_dereference.3
	 - Status: SUCCESS
	 - Description: "dereference failure: dead object"
	 - Location: ../support/src/lib.rs:75:25 in function proof_support::stub_pg_error_new::<&str>

Check 1070: proof_support::stub_pg_error_new::<&str>.pointer_dereference.4
	 - Status: SUCCESS
	 - Description: "dereference failure: dead object"
	 - Location: ../support/src/lib.rs:76:19 in function proof_support::stub_pg_error_new::<&str>

Check 1071: proof_support::stub_pg_error_new::<&str>.pointer_dereference.5
	 - Status: SUCCESS
	 - Description: "dereference failure: dead object"
	 - Location: ../support/src/lib.rs:77:22 in function proof_support::stub_pg_error_new::<&str>

Check 1072: proof_support::stub_pg_error_new::<&str>.pointer_dereference.6
	 - Status: SUCCESS
	 - Description: "dereference failure: dead object"
	 - Location: ../support/src/lib.rs:78:24 in function proof_support::stub_pg_error_new::<&str>

Check 1073: proof_support::stub_pg_error_new::<&str>.pointer_dereference.7
	 - Status: SUCCESS
	 - Description: "dereference failure: dead object"
	 - Location: ../support/src/lib.rs:79:25 in function proof_support::stub_pg_error_new::<&str>

Check 1074: proof_support::stub_pg_error_new::<&str>.pointer_dereference.8
	 - Status: SUCCESS
	 - Description: "dereference failure: dead object"
	 - Location: ../support/src/lib.rs:80:21 in function proof_support::stub_pg_error_new::<&str>

Check 1075: proof_support::stub_pg_error_new::<&str>.pointer_dereference.9
	 - Status: SUCCESS
	 - Description: "dereference failure: dead object"
	 - Location: ../support/src/lib.rs:81:29 in function proof_support::stub_pg_error_new::<&str>

Check 1076: proof_support::stub_pg_error_new::<&str>.pointer_dereference.10
	 - Status: SUCCESS
	 - Description: "dereference failure: dead object"
	 - Location: ../support/src/lib.rs:84:23 in function proof_support::stub_pg_error_new::<&str>

Check 1077: proof_support::stub_pg_error_new::<&str>.pointer_dereference.11
	 - Status: SUCCESS
	 - Description: "dereference failure: dead object"
	 - Location: ../support/src/lib.rs:88:29 in function proof_support::stub_pg_error_new::<&str>

Check 1078: proof_support::stub_pg_error_new::<&str>.pointer_dereference.12
	 - Status: SUCCESS
	 - Description: "dereference failure: dead object"
	 - Location: ../support/src/lib.rs:89:26 in function proof_support::stub_pg_error_new::<&str>

Check 1079: proof_support::stub_pg_error_new::<&str>.pointer_dereference.13
	 - Status: SUCCESS
	 - Description: "dereference failure: dead object"
	 - Location: ../support/src/lib.rs:90:25 in function proof_support::stub_pg_error_new::<&str>

Check 1080: proof_support::stub_pg_error_new::<&str>.pointer_dereference.14
	 - Status: SUCCESS
	 - Description: "dereference failure: dead object"
	 - Location: ../support/src/lib.rs:91:26 in function proof_support::stub_pg_error_new::<&str>

Check 1081: proof_support::stub_pg_error_new::<&str>.pointer_dereference.15
	 - Status: SUCCESS
	 - Description: "dereference failure: dead object"
	 - Location: ../support/src/lib.rs:92:28 in function proof_support::stub_pg_error_new::<&str>

Check 1082: proof_support::stub_pg_error_new::<&str>.pointer_dereference.16
	 - Status: SUCCESS
	 - Description: "dereference failure: dead object"
	 - Location: ../support/src/lib.rs:93:30 in function proof_support::stub_pg_error_new::<&str>

Check 1083: std::ptr::Alignment::new.pointer_dereference.1
	 - Status: SUCCESS
	 - Description: "dereference failure: dead object"
	 - Location: ../../../../../../runner/.rustup/toolchains/nightly-2025-11-21-aarch64-apple-darwin/lib/rustlib/src/rust/library/core/src/ptr/alignment.rs:64:13 in function std::ptr::Alignment::new

Check 1084: alloc::raw_vec::RawVecInner::<A>::reserve::do_reserve_and_handle::<std::alloc::Global>.pointer_dereference.1
	 - Status: SUCCESS
	 - Description: "dereference failure: dead object"
	 - Location: ../../../../../../runner/.rustup/toolchains/nightly-2025-11-21-aarch64-apple-darwin/lib/rustlib/src/rust/library/alloc/src/raw_vec/mod.rs:557:31 in function alloc::raw_vec::RawVecInner::<A>::reserve::do_reserve_and_handle::<std::alloc::Global>

Check 1085: <adt_geo::PolyRef<'_> as adt_geo::Pts>::pt.pointer_dereference.1
	 - Status: SUCCESS
	 - Description: "dereference failure: pointer NULL"
	 - Location: ../../crates/backend/utils/adt/geo/src/lib.rs:293:34 in function <adt_geo::PolyRef<'_> as adt_geo::Pts>::pt

Check 1086: <adt_geo::PolyRef<'_> as adt_geo::Pts>::pt.pointer_dereference.2
	 - Status: SUCCESS
	 - Description: "dereference failure: pointer invalid"
	 - Location: ../../crates/backend/utils/adt/geo/src/lib.rs:293:34 in function <adt_geo::PolyRef<'_> as adt_geo::Pts>::pt

Check 1087: <adt_geo::PolyRef<'_> as adt_geo::Pts>::pt.pointer_dereference.3
	 - Status: SUCCESS
	 - Description: "dereference failure: deallocated dynamic object"
	 - Location: ../../crates/backend/utils/adt/geo/src/lib.rs:293:34 in function <adt_geo::PolyRef<'_> as adt_geo::Pts>::pt

Check 1088: <adt_geo::PolyRef<'_> as adt_geo::Pts>::pt.pointer_dereference.4
	 - Status: SUCCESS
	 - Description: "dereference failure: dead object"
	 - Location: ../../crates/backend/utils/adt/geo/src/lib.rs:293:34 in function <adt_geo::PolyRef<'_> as adt_geo::Pts>::pt

Check 1089: <adt_geo::PolyRef<'_> as adt_geo::Pts>::pt.pointer_dereference.5
	 - Status: SUCCESS
	 - Description: "dereference failure: pointer outside object bounds"
	 - Location: ../../crates/backend/utils/adt/geo/src/lib.rs:293:34 in function <adt_geo::PolyRef<'_> as adt_geo::Pts>::pt

Check 1090: <adt_geo::PolyRef<'_> as adt_geo::Pts>::pt.pointer_dereference.6
	 - Status: SUCCESS
	 - Description: "dereference failure: invalid integer address"
	 - Location: ../../crates/backend/utils/adt/geo/src/lib.rs:293:34 in function <adt_geo::PolyRef<'_> as adt_geo::Pts>::pt

Check 1091: <std::result::Result<std::ptr::NonNull<[u8]>, std::alloc::AllocError> as std::ops::Try>::branch.pointer_dereference.1
	 - Status: SUCCESS
	 - Description: "dereference failure: dead object"
	 - Location: ../../../../../../runner/.rustup/toolchains/nightly-2025-11-21-aarch64-apple-darwin/lib/rustlib/src/rust/library/core/src/result.rs:2173:15 in function <std::result::Result<std::ptr::NonNull<[u8]>, std::alloc::AllocError> as std::ops::Try>::branch

Check 1092: <std::result::Result<std::ptr::NonNull<[u8]>, std::alloc::AllocError> as std::ops::Try>::branch.pointer_dereference.2
	 - Status: SUCCESS
	 - Description: "dereference failure: dead object"
	 - Location: ../../../../../../runner/.rustup/toolchains/nightly-2025-11-21-aarch64-apple-darwin/lib/rustlib/src/rust/library/core/src/result.rs:2175:23 in function <std::result::Result<std::ptr::NonNull<[u8]>, std::alloc::AllocError> as std::ops::Try>::branch

Check 1093: std::alloc::Layout::is_size_align_valid.pointer_dereference.1
	 - Status: SUCCESS
	 - Description: "dereference failure: dead object"
	 - Location: ../../../../../../runner/.rustup/toolchains/nightly-2025-11-21-aarch64-apple-darwin/lib/rustlib/src/rust/library/core/src/alloc/layout.rs:69:27 in function std::alloc::Layout::is_size_align_valid

Check 1094: std::ptr::swap_chunk::<4>.pointer_dereference.1
	 - Status: SUCCESS
	 - Description: "dereference failure: pointer NULL"
	 - Location: ../../../../../../runner/.rustup/toolchains/nightly-2025-11-21-aarch64-apple-darwin/lib/rustlib/src/rust/library/core/src/ptr/mod.rs:1431:13 in function std::ptr::swap_chunk::<4>

Check 1095: std::ptr::swap_chunk::<4>.pointer_dereference.2
	 - Status: SUCCESS
	 - Description: "dereference failure: pointer invalid"
	 - Location: ../../../../../../runner/.rustup/toolchains/nightly-2025-11-21-aarch64-apple-darwin/lib/rustlib/src/rust/library/core/src/ptr/mod.rs:1431:13 in function std::ptr::swap_chunk::<4>

Check 1096: std::ptr::swap_chunk::<4>.pointer_dereference.3
	 - Status: SUCCESS
	 - Description: "dereference failure: deallocated dynamic object"
	 - Location: ../../../../../../runner/.rustup/toolchains/nightly-2025-11-21-aarch64-apple-darwin/lib/rustlib/src/rust/library/core/src/ptr/mod.rs:1431:13 in function std::ptr::swap_chunk::<4>

Check 1097: std::ptr::swap_chunk::<4>.pointer_dereference.4
	 - Status: SUCCESS
	 - Description: "dereference failure: dead object"
	 - Location: ../../../../../../runner/.rustup/toolchains/nightly-2025-11-21-aarch64-apple-darwin/lib/rustlib/src/rust/library/core/src/ptr/mod.rs:1431:13 in function std::ptr::swap_chunk::<4>

Check 1098: std::ptr::swap_chunk::<4>.pointer_dereference.5
	 - Status: SUCCESS
	 - Description: "dereference failure: pointer outside object bounds"
	 - Location: ../../../../../../runner/.rustup/toolchains/nightly-2025-11-21-aarch64-apple-darwin/lib/rustlib/src/rust/library/core/src/ptr/mod.rs:1431:13 in function std::ptr::swap_chunk::<4>

Check 1099: std::ptr::swap_chunk::<4>.pointer_dereference.6
	 - Status: SUCCESS
	 - Description: "dereference failure: invalid integer address"
	 - Location: ../../../../../../runner/.rustup/toolchains/nightly-2025-11-21-aarch64-apple-darwin/lib/rustlib/src/rust/library/core/src/ptr/mod.rs:1431:13 in function std::ptr::swap_chunk::<4>

Check 1100: std::ptr::swap_chunk::<4>.pointer_dereference.7
	 - Status: SUCCESS
	 - Description: "dereference failure: pointer NULL"
	 - Location: ../../../../../../runner/.rustup/toolchains/nightly-2025-11-21-aarch64-apple-darwin/lib/rustlib/src/rust/library/core/src/ptr/mod.rs:1432:13 in function std::ptr::swap_chunk::<4>

Check 1101: std::ptr::swap_chunk::<4>.pointer_dereference.8
	 - Status: SUCCESS
	 - Description: "dereference failure: pointer invalid"
	 - Location: ../../../../../../runner/.rustup/toolchains/nightly-2025-11-21-aarch64-apple-darwin/lib/rustlib/src/rust/library/core/src/ptr/mod.rs:1432:13 in function std::ptr::swap_chunk::<4>

Check 1102: std::ptr::swap_chunk::<4>.pointer_dereference.9
	 - Status: SUCCESS
	 - Description: "dereference failure: deallocated dynamic object"
	 - Location: ../../../../../../runner/.rustup/toolchains/nightly-2025-11-21-aarch64-apple-darwin/lib/rustlib/src/rust/library/core/src/ptr/mod.rs:1432:13 in function std::ptr::swap_chunk::<4>

Check 1103: std::ptr::swap_chunk::<4>.pointer_dereference.10
	 - Status: SUCCESS
	 - Description: "dereference failure: dead object"
	 - Location: ../../../../../../runner/.rustup/toolchains/nightly-2025-11-21-aarch64-apple-darwin/lib/rustlib/src/rust/library/core/src/ptr/mod.rs:1432:13 in function std::ptr::swap_chunk::<4>

Check 1104: std::ptr::swap_chunk::<4>.pointer_dereference.11
	 - Status: SUCCESS
	 - Description: "dereference failure: pointer outside object bounds"
	 - Location: ../../../../../../runner/.rustup/toolchains/nightly-2025-11-21-aarch64-apple-darwin/lib/rustlib/src/rust/library/core/src/ptr/mod.rs:1432:13 in function std::ptr::swap_chunk::<4>

Check 1105: std::ptr::swap_chunk::<4>.pointer_dereference.12
	 - Status: SUCCESS
	 - Description: "dereference failure: invalid integer address"
	 - Location: ../../../../../../runner/.rustup/toolchains/nightly-2025-11-21-aarch64-apple-darwin/lib/rustlib/src/rust/library/core/src/ptr/mod.rs:1432:13 in function std::ptr::swap_chunk::<4>

Check 1106: std::ptr::swap_chunk::<4>.pointer_dereference.13
	 - Status: SUCCESS
	 - Description: "dereference failure: pointer NULL"
	 - Location: ../../../../../../runner/.rustup/toolchains/nightly-2025-11-21-aarch64-apple-darwin/lib/rustlib/src/rust/library/core/src/ptr/mod.rs:1434:5 in function std::ptr::swap_chunk::<4>

Check 1107: std::ptr::swap_chunk::<4>.pointer_dereference.14
	 - Status: SUCCESS
	 - Description: "dereference failure: pointer invalid"
	 - Location: ../../../../../../runner/.rustup/toolchains/nightly-2025-11-21-aarch64-apple-darwin/lib/rustlib/src/rust/library/core/src/ptr/mod.rs:1434:5 in function std::ptr::swap_chunk::<4>

Check 1108: std::ptr::swap_chunk::<4>.pointer_dereference.15
	 - Status: SUCCESS
	 - Description: "dereference failure: deallocated dynamic object"
	 - Location: ../../../../../../runner/.rustup/toolchains/nightly-2025-11-21-aarch64-apple-darwin/lib/rustlib/src/rust/library/core/src/ptr/mod.rs:1434:5 in function std::ptr::swap_chunk::<4>

Check 1109: std::ptr::swap_chunk::<4>.pointer_dereference.16
	 - Status: SUCCESS
	 - Description: "dereference failure: dead object"
	 - Location: ../../../../../../runner/.rustup/toolchains/nightly-2025-11-21-aarch64-apple-darwin/lib/rustlib/src/rust/library/core/src/ptr/mod.rs:1434:5 in function std::ptr::swap_chunk::<4>

Check 1110: std::ptr::swap_chunk::<4>.pointer_dereference.17
	 - Status: SUCCESS
	 - Description: "dereference failure: pointer outside object bounds"
	 - Location: ../../../../../../runner/.rustup/toolchains/nightly-2025-11-21-aarch64-apple-darwin/lib/rustlib/src/rust/library/core/src/ptr/mod.rs:1434:5 in function std::ptr::swap_chunk::<4>

Check 1111: std::ptr::swap_chunk::<4>.pointer_dereference.18
	 - Status: SUCCESS
	 - Description: "dereference failure: invalid integer address"
	 - Location: ../../../../../../runner/.rustup/toolchains/nightly-2025-11-21-aarch64-apple-darwin/lib/rustlib/src/rust/library/core/src/ptr/mod.rs:1434:5 in function std::ptr::swap_chunk::<4>

Check 1112: <std::slice::Iter<'_, [u8; 8]> as std::iter::Iterator>::next.pointer_dereference.1
	 - Status: SUCCESS
	 - Description: "dereference failure: pointer NULL"
	 - Location: ../../../../../../runner/.rustup/toolchains/nightly-2025-11-21-aarch64-apple-darwin/lib/rustlib/src/rust/library/core/src/slice/iter/macros.rs:160:27 in function <std::slice::Iter<'_, [u8; 8]> as std::iter::Iterator>::next

Check 1113: <std::slice::Iter<'_, [u8; 8]> as std::iter::Iterator>::next.pointer_dereference.2
	 - Status: SUCCESS
	 - Description: "dereference failure: pointer invalid"
	 - Location: ../../../../../../runner/.rustup/toolchains/nightly-2025-11-21-aarch64-apple-darwin/lib/rustlib/src/rust/library/core/src/slice/iter/macros.rs:160:27 in function <std::slice::Iter<'_, [u8; 8]> as std::iter::Iterator>::next

Check 1114: <std::slice::Iter<'_, [u8; 8]> as std::iter::Iterator>::next.pointer_dereference.3
	 - Status: SUCCESS
	 - Description: "dereference failure: deallocated dynamic object"
	 - Location: ../../../../../../runner/.rustup/toolchains/nightly-2025-11-21-aarch64-apple-darwin/lib/rustlib/src/rust/library/core/src/slice/iter/macros.rs:160:27 in function <std::slice::Iter<'_, [u8; 8]> as std::iter::Iterator>::next

Check 1115: <std::slice::Iter<'_, [u8; 8]> as std::iter::Iterator>::next.pointer_dereference.4
	 - Status: SUCCESS
	 - Description: "dereference failure: dead object"
	 - Location: ../../../../../../runner/.rustup/toolchains/nightly-2025-11-21-aarch64-apple-darwin/lib/rustlib/src/rust/library/core/src/slice/iter/macros.rs:160:27 in function <std::slice::Iter<'_, [u8; 8]> as std::iter::Iterator>::next

Check 1116: <std::slice::Iter<'_, [u8; 8]> as std::iter::Iterator>::next.pointer_dereference.5
	 - Status: SUCCESS
	 - Description: "dereference failure: pointer outside object bounds"
	 - Location: ../../../../../../runner/.rustup/toolchains/nightly-2025-11-21-aarch64-apple-darwin/lib/rustlib/src/rust/library/core/src/slice/iter/macros.rs:160:27 in function <std::slice::Iter<'_, [u8; 8]> as std::iter::Iterator>::next

Check 1117: <std::slice::Iter<'_, [u8; 8]> as std::iter::Iterator>::next.pointer_dereference.6
	 - Status: SUCCESS
	 - Description: "dereference failure: invalid integer address"
	 - Location: ../../../../../../runner/.rustup/toolchains/nightly-2025-11-21-aarch64-apple-darwin/lib/rustlib/src/rust/library/core/src/slice/iter/macros.rs:160:27 in function <std::slice::Iter<'_, [u8; 8]> as std::iter::Iterator>::next

Check 1118: <std::slice::Iter<'_, [u8; 8]> as std::iter::Iterator>::next.pointer_dereference.7
	 - Status: SUCCESS
	 - Description: "dereference failure: pointer NULL"
	 - Location: ../../../../../../runner/.rustup/toolchains/nightly-2025-11-21-aarch64-apple-darwin/lib/rustlib/src/rust/library/core/src/slice/iter/macros.rs:161:34 in function <std::slice::Iter<'_, [u8; 8]> as std::iter::Iterator>::next

Check 1119: <std::slice::Iter<'_, [u8; 8]> as std::iter::Iterator>::next.pointer_dereference.8
	 - Status: SUCCESS
	 - Description: "dereference failure: pointer invalid"
	 - Location: ../../../../../../runner/.rustup/toolchains/nightly-2025-11-21-aarch64-apple-darwin/lib/rustlib/src/rust/library/core/src/slice/iter/macros.rs:161:34 in function <std::slice::Iter<'_, [u8; 8]> as std::iter::Iterator>::next

Check 1120: <std::slice::Iter<'_, [u8; 8]> as std::iter::Iterator>::next.pointer_dereference.9
	 - Status: SUCCESS
	 - Description: "dereference failure: deallocated dynamic object"
	 - Location: ../../../../../../runner/.rustup/toolchains/nightly-2025-11-21-aarch64-apple-darwin/lib/rustlib/src/rust/library/core/src/slice/iter/macros.rs:161:34 in function <std::slice::Iter<'_, [u8; 8]> as std::iter::Iterator>::next

Check 1121: <std::slice::Iter<'_, [u8; 8]> as std::iter::Iterator>::next.pointer_dereference.10
	 - Status: SUCCESS
	 - Description: "dereference failure: dead object"
	 - Location: ../../../../../../runner/.rustup/toolchains/nightly-2025-11-21-aarch64-apple-darwin/lib/rustlib/src/rust/library/core/src/slice/iter/macros.rs:161:34 in function <std::slice::Iter<'_, [u8; 8]> as std::iter::Iterator>::next

Check 1122: <std::slice::Iter<'_, [u8; 8]> as std::iter::Iterator>::next.pointer_dereference.11
	 - Status: SUCCESS
	 - Description: "dereference failure: pointer outside object bounds"
	 - Location: ../../../../../../runner/.rustup/toolchains/nightly-2025-11-21-aarch64-apple-darwin/lib/rustlib/src/rust/library/core/src/slice/iter/macros.rs:161:34 in function <std::slice::Iter<'_, [u8; 8]> as std::iter::Iterator>::next

Check 1123: <std::slice::Iter<'_, [u8; 8]> as std::iter::Iterator>::next.pointer_dereference.12
	 - Status: SUCCESS
	 - Description: "dereference failure: invalid integer address"
	 - Location: ../../../../../../runner/.rustup/toolchains/nightly-2025-11-21-aarch64-apple-darwin/lib/rustlib/src/rust/library/core/src/slice/iter/macros.rs:161:34 in function <std::slice::Iter<'_, [u8; 8]> as std::iter::Iterator>::next

Check 1124: <std::slice::Iter<'_, [u8; 8]> as std::iter::Iterator>::next.pointer_dereference.13
	 - Status: SUCCESS
	 - Description: "dereference failure: pointer NULL"
	 - Location: ../../../../../../runner/.rustup/toolchains/nightly-2025-11-21-aarch64-apple-darwin/lib/rustlib/src/rust/library/core/src/slice/iter/macros.rs:174:25 in function <std::slice::Iter<'_, [u8; 8]> as std::iter::Iterator>::next

Check 1125: <std::slice::Iter<'_, [u8; 8]> as std::iter::Iterator>::next.pointer_dereference.14
	 - Status: SUCCESS
	 - Description: "dereference failure: pointer invalid"
	 - Location: ../../../../../../runner/.rustup/toolchains/nightly-2025-11-21-aarch64-apple-darwin/lib/rustlib/src/rust/library/core/src/slice/iter/macros.rs:174:25 in function <std::slice::Iter<'_, [u8; 8]> as std::iter::Iterator>::next

Check 1126: <std::slice::Iter<'_, [u8; 8]> as std::iter::Iterator>::next.pointer_dereference.15
	 - Status: SUCCESS
	 - Description: "dereference failure: deallocated dynamic object"
	 - Location: ../../../../../../runner/.rustup/toolchains/nightly-2025-11-21-aarch64-apple-darwin/lib/rustlib/src/rust/library/core/src/slice/iter/macros.rs:174:25 in function <std::slice::Iter<'_, [u8; 8]> as std::iter::Iterator>::next

Check 1127: <std::slice::Iter<'_, [u8; 8]> as std::iter::Iterator>::next.pointer_dereference.16
	 - Status: SUCCESS
	 - Description: "dereference failure: dead object"
	 - Location: ../../../../../../runner/.rustup/toolchains/nightly-2025-11-21-aarch64-apple-darwin/lib/rustlib/src/rust/library/core/src/slice/iter/macros.rs:174:25 in function <std::slice::Iter<'_, [u8; 8]> as std::iter::Iterator>::next

Check 1128: <std::slice::Iter<'_, [u8; 8]> as std::iter::Iterator>::next.pointer_dereference.17
	 - Status: SUCCESS
	 - Description: "dereference failure: pointer outside object bounds"
	 - Location: ../../../../../../runner/.rustup/toolchains/nightly-2025-11-21-aarch64-apple-darwin/lib/rustlib/src/rust/library/core/src/slice/iter/macros.rs:174:25 in function <std::slice::Iter<'_, [u8; 8]> as std::iter::Iterator>::next

Check 1129: <std::slice::Iter<'_, [u8; 8]> as std::iter::Iterator>::next.pointer_dereference.18
	 - Status: SUCCESS
	 - Description: "dereference failure: invalid integer address"
	 - Location: ../../../../../../runner/.rustup/toolchains/nightly-2025-11-21-aarch64-apple-darwin/lib/rustlib/src/rust/library/core/src/slice/iter/macros.rs:174:25 in function <std::slice::Iter<'_, [u8; 8]> as std::iter::Iterator>::next

Check 1130: <std::slice::Iter<'_, [u8; 8]> as std::iter::Iterator>::next.pointer_dereference.19
	 - Status: SUCCESS
	 - Description: "dereference failure: dead object"
	 - Location: ../../../../../../runner/.rustup/toolchains/nightly-2025-11-21-aarch64-apple-darwin/lib/rustlib/src/rust/library/core/src/slice/iter/macros.rs:168:36 in function <std::slice::Iter<'_, [u8; 8]> as std::iter::Iterator>::next

Check 1131: <std::slice::Iter<'_, [u8; 8]> as std::iter::Iterator>::next.pointer_dereference.20
	 - Status: SUCCESS
	 - Description: "dereference failure: dead object"
	 - Location: ../../../../../../runner/.rustup/toolchains/nightly-2025-11-21-aarch64-apple-darwin/lib/rustlib/src/rust/library/core/src/slice/iter/macros.rs:180:36 in function <std::slice::Iter<'_, [u8; 8]> as std::iter::Iterator>::next

Check 1132: <std::slice::Iter<'_, [u8; 8]> as std::iter::Iterator>::next.pointer_dereference.21
	 - Status: SUCCESS
	 - Description: "dereference failure: pointer NULL"
	 - Location: ../../../../../../runner/.rustup/toolchains/nightly-2025-11-21-aarch64-apple-darwin/lib/rustlib/src/rust/library/core/src/slice/iter/macros.rs:184:25 in function <std::slice::Iter<'_, [u8; 8]> as std::iter::Iterator>::next

Check 1133: <std::slice::Iter<'_, [u8; 8]> as std::iter::Iterator>::next.pointer_dereference.22
	 - Status: SUCCESS
	 - Description: "dereference failure: pointer invalid"
	 - Location: ../../../../../../runner/.rustup/toolchains/nightly-2025-11-21-aarch64-apple-darwin/lib/rustlib/src/rust/library/core/src/slice/iter/macros.rs:184:25 in function <std::slice::Iter<'_, [u8; 8]> as std::iter::Iterator>::next

Check 1134: <std::slice::Iter<'_, [u8; 8]> as std::iter::Iterator>::next.pointer_dereference.23
	 - Status: SUCCESS
	 - Description: "dereference failure: deallocated dynamic object"
	 - Location: ../../../../../../runner/.rustup/toolchains/nightly-2025-11-21-aarch64-apple-darwin/lib/rustlib/src/rust/library/core/src/slice/iter/macros.rs:184:25 in function <std::slice::Iter<'_, [u8; 8]> as std::iter::Iterator>::next

Check 1135: <std::slice::Iter<'_, [u8; 8]> as std::iter::Iterator>::next.pointer_dereference.24
	 - Status: SUCCESS
	 - Description: "dereference failure: dead object"
	 - Location: ../../../../../../runner/.rustup/toolchains/nightly-2025-11-21-aarch64-apple-darwin/lib/rustlib/src/rust/library/core/src/slice/iter/macros.rs:184:25 in function <std::slice::Iter<'_, [u8; 8]> as std::iter::Iterator>::next

Check 1136: <std::slice::Iter<'_, [u8; 8]> as std::iter::Iterator>::next.pointer_dereference.25
	 - Status: SUCCESS
	 - Description: "dereference failure: pointer outside object bounds"
	 - Location: ../../../../../../runner/.rustup/toolchains/nightly-2025-11-21-aarch64-apple-darwin/lib/rustlib/src/rust/library/core/src/slice/iter/macros.rs:184:25 in function <std::slice::Iter<'_, [u8; 8]> as std::iter::Iterator>::next

Check 1137: <std::slice::Iter<'_, [u8; 8]> as std::iter::Iterator>::next.pointer_dereference.26
	 - Status: SUCCESS
	 - Description: "dereference failure: invalid integer address"
	 - Location: ../../../../../../runner/.rustup/toolchains/nightly-2025-11-21-aarch64-apple-darwin/lib/rustlib/src/rust/library/core/src/slice/iter/macros.rs:184:25 in function <std::slice::Iter<'_, [u8; 8]> as std::iter::Iterator>::next

Check 1138: std::ptr::drop_in_place::<std::option::Option<types_error::ErrorLocation>>.pointer_dereference.1
	 - Status: SUCCESS
	 - Description: "dereference failure: pointer NULL"
	 - Location: ../../../../../../runner/.rustup/toolchains/nightly-2025-11-21-aarch64-apple-darwin/lib/rustlib/src/rust/library/core/src/ptr/mod.rs:805:1 in function std::ptr::drop_in_place::<std::option::Option<types_error::ErrorLocation>>

Check 1139: std::ptr::drop_in_place::<std::option::Option<types_error::ErrorLocation>>.pointer_dereference.2
	 - Status: SUCCESS
	 - Description: "dereference failure: pointer invalid"
	 - Location: ../../../../../../runner/.rustup/toolchains/nightly-2025-11-21-aarch64-apple-darwin/lib/rustlib/src/rust/library/core/src/ptr/mod.rs:805:1 in function std::ptr::drop_in_place::<std::option::Option<types_error::ErrorLocation>>

Check 1140: std::ptr::drop_in_place::<std::option::Option<types_error::ErrorLocation>>.pointer_dereference.3
	 - Status: SUCCESS
	 - Description: "dereference failure: deallocated dynamic object"
	 - Location: ../../../../../../runner/.rustup/toolchains/nightly-2025-11-21-aarch64-apple-darwin/lib/rustlib/src/rust/library/core/src/ptr/mod.rs:805:1 in function std::ptr::drop_in_place::<std::option::Option<types_error::ErrorLocation>>

Check 1141: std::ptr::drop_in_place::<std::option::Option<types_error::ErrorLocation>>.pointer_dereference.4
	 - Status: SUCCESS
	 - Description: "dereference failure: dead object"
	 - Location: ../../../../../../runner/.rustup/toolchains/nightly-2025-11-21-aarch64-apple-darwin/lib/rustlib/src/rust/library/core/src/ptr/mod.rs:805:1 in function std::ptr::drop_in_place::<std::option::Option<types_error::ErrorLocation>>

Check 1142: std::ptr::drop_in_place::<std::option::Option<types_error::ErrorLocation>>.pointer_dereference.5
	 - Status: SUCCESS
	 - Description: "dereference failure: pointer outside object bounds"
	 - Location: ../../../../../../runner/.rustup/toolchains/nightly-2025-11-21-aarch64-apple-darwin/lib/rustlib/src/rust/library/core/src/ptr/mod.rs:805:1 in function std::ptr::drop_in_place::<std::option::Option<types_error::ErrorLocation>>

Check 1143: std::ptr::drop_in_place::<std::option::Option<types_error::ErrorLocation>>.pointer_dereference.6
	 - Status: SUCCESS
	 - Description: "dereference failure: invalid integer address"
	 - Location: ../../../../../../runner/.rustup/toolchains/nightly-2025-11-21-aarch64-apple-darwin/lib/rustlib/src/rust/library/core/src/ptr/mod.rs:805:1 in function std::ptr::drop_in_place::<std::option::Option<types_error::ErrorLocation>>

Check 1144: alloc::raw_vec::RawVecInner::try_allocate_in.pointer_dereference.1
	 - Status: SUCCESS
	 - Description: "dereference failure: dead object"
	 - Location: ../../../../../../runner/.rustup/toolchains/nightly-2025-11-21-aarch64-apple-darwin/lib/rustlib/src/rust/library/alloc/src/raw_vec/mod.rs:459:34 in function alloc::raw_vec::RawVecInner::try_allocate_in

Check 1145: alloc::raw_vec::RawVecInner::try_allocate_in.pointer_dereference.2
	 - Status: SUCCESS
	 - Description: "dereference failure: dead object"
	 - Location: ../../../../../../runner/.rustup/toolchains/nightly-2025-11-21-aarch64-apple-darwin/lib/rustlib/src/rust/library/alloc/src/raw_vec/mod.rs:472:25 in function alloc::raw_vec::RawVecInner::try_allocate_in

Check 1146: adt_geo::point_eq_point.pointer_dereference.1
	 - Status: SUCCESS
	 - Description: "dereference failure: pointer NULL"
	 - Location: ../../crates/backend/utils/adt/geo/src/lib.rs:60:8 in function adt_geo::point_eq_point

Check 1147: adt_geo::point_eq_point.pointer_dereference.2
	 - Status: SUCCESS
	 - Description: "dereference failure: pointer invalid"
	 - Location: ../../crates/backend/utils/adt/geo/src/lib.rs:60:8 in function adt_geo::point_eq_point

Check 1148: adt_geo::point_eq_point.pointer_dereference.3
	 - Status: SUCCESS
	 - Description: "dereference failure: deallocated dynamic object"
	 - Location: ../../crates/backend/utils/adt/geo/src/lib.rs:60:8 in function adt_geo::point_eq_point

Check 1149: adt_geo::point_eq_point.pointer_dereference.4
	 - Status: SUCCESS
	 - Description: "dereference failure: dead object"
	 - Location: ../../crates/backend/utils/adt/geo/src/lib.rs:60:8 in function adt_geo::point_eq_point

Check 1150: adt_geo::point_eq_point.pointer_dereference.5
	 - Status: SUCCESS
	 - Description: "dereference failure: pointer outside object bounds"
	 - Location: ../../crates/backend/utils/adt/geo/src/lib.rs:60:8 in function adt_geo::point_eq_point

Check 1151: adt_geo::point_eq_point.pointer_dereference.6
	 - Status: SUCCESS
	 - Description: "dereference failure: invalid integer address"
	 - Location: ../../crates/backend/utils/adt/geo/src/lib.rs:60:8 in function adt_geo::point_eq_point

Check 1152: adt_geo::point_eq_point.pointer_dereference.7
	 - Status: SUCCESS
	 - Description: "dereference failure: pointer NULL"
	 - Location: ../../crates/backend/utils/adt/geo/src/lib.rs:60:26 in function adt_geo::point_eq_point

Check 1153: adt_geo::point_eq_point.pointer_dereference.8
	 - Status: SUCCESS
	 - Description: "dereference failure: pointer invalid"
	 - Location: ../../crates/backend/utils/adt/geo/src/lib.rs:60:26 in function adt_geo::point_eq_point

Check 1154: adt_geo::point_eq_point.pointer_dereference.9
	 - Status: SUCCESS
	 - Description: "dereference failure: deallocated dynamic object"
	 - Location: ../../crates/backend/utils/adt/geo/src/lib.rs:60:26 in function adt_geo::point_eq_point

Check 1155: adt_geo::point_eq_point.pointer_dereference.10
	 - Status: SUCCESS
	 - Description: "dereference failure: dead object"
	 - Location: ../../crates/backend/utils/adt/geo/src/lib.rs:60:26 in function adt_geo::point_eq_point

Check 1156: adt_geo::point_eq_point.pointer_dereference.11
	 - Status: SUCCESS
	 - Description: "dereference failure: pointer outside object bounds"
	 - Location: ../../crates/backend/utils/adt/geo/src/lib.rs:60:26 in function adt_geo::point_eq_point

Check 1157: adt_geo::point_eq_point.pointer_dereference.12
	 - Status: SUCCESS
	 - Description: "dereference failure: invalid integer address"
	 - Location: ../../crates/backend/utils/adt/geo/src/lib.rs:60:26 in function adt_geo::point_eq_point

Check 1158: adt_geo::point_eq_point.pointer_dereference.13
	 - Status: SUCCESS
	 - Description: "dereference failure: pointer NULL"
	 - Location: ../../crates/backend/utils/adt/geo/src/lib.rs:60:44 in function adt_geo::point_eq_point

Check 1159: adt_geo::point_eq_point.pointer_dereference.14
	 - Status: SUCCESS
	 - Description: "dereference failure: pointer invalid"
	 - Location: ../../crates/backend/utils/adt/geo/src/lib.rs:60:44 in function adt_geo::point_eq_point

Check 1160: adt_geo::point_eq_point.pointer_dereference.15
	 - Status: SUCCESS
	 - Description: "dereference failure: deallocated dynamic object"
	 - Location: ../../crates/backend/utils/adt/geo/src/lib.rs:60:44 in function adt_geo::point_eq_point

Check 1161: adt_geo::point_eq_point.pointer_dereference.16
	 - Status: SUCCESS
	 - Description: "dereference failure: dead object"
	 - Location: ../../crates/backend/utils/adt/geo/src/lib.rs:60:44 in function adt_geo::point_eq_point

Check 1162: adt_geo::point_eq_point.pointer_dereference.17
	 - Status: SUCCESS
	 - Description: "dereference failure: pointer outside object bounds"
	 - Location: ../../crates/backend/utils/adt/geo/src/lib.rs:60:44 in function adt_geo::point_eq_point

Check 1163: adt_geo::point_eq_point.pointer_dereference.18
	 - Status: SUCCESS
	 - Description: "dereference failure: invalid integer address"
	 - Location: ../../crates/backend/utils/adt/geo/src/lib.rs:60:44 in function adt_geo::point_eq_point

Check 1164: adt_geo::point_eq_point.pointer_dereference.19
	 - Status: SUCCESS
	 - Description: "dereference failure: pointer NULL"
	 - Location: ../../crates/backend/utils/adt/geo/src/lib.rs:60:62 in function adt_geo::point_eq_point

Check 1165: adt_geo::point_eq_point.pointer_dereference.20
	 - Status: SUCCESS
	 - Description: "dereference failure: pointer invalid"
	 - Location: ../../crates/backend/utils/adt/geo/src/lib.rs:60:62 in function adt_geo::point_eq_point

Check 1166: adt_geo::point_eq_point.pointer_dereference.21
	 - Status: SUCCESS
	 - Description: "dereference failure: deallocated dynamic object"
	 - Location: ../../crates/backend/utils/adt/geo/src/lib.rs:60:62 in function adt_geo::point_eq_point

Check 1167: adt_geo::point_eq_point.pointer_dereference.22
	 - Status: SUCCESS
	 - Description: "dereference failure: dead object"
	 - Location: ../../crates/backend/utils/adt/geo/src/lib.rs:60:62 in function adt_geo::point_eq_point

Check 1168: adt_geo::point_eq_point.pointer_dereference.23
	 - Status: SUCCESS
	 - Description: "dereference failure: pointer outside object bounds"
	 - Location: ../../crates/backend/utils/adt/geo/src/lib.rs:60:62 in function adt_geo::point_eq_point

Check 1169: adt_geo::point_eq_point.pointer_dereference.24
	 - Status: SUCCESS
	 - Description: "dereference failure: invalid integer address"
	 - Location: ../../crates/backend/utils/adt/geo/src/lib.rs:60:62 in function adt_geo::point_eq_point

Check 1170: adt_geo::point_eq_point.pointer_dereference.25
	 - Status: SUCCESS
	 - Description: "dereference failure: pointer NULL"
	 - Location: ../../crates/backend/utils/adt/geo/src/lib.rs:61:39 in function adt_geo::point_eq_point

Check 1171: adt_geo::point_eq_point.pointer_dereference.26
	 - Status: SUCCESS
	 - Description: "dereference failure: pointer invalid"
	 - Location: ../../crates/backend/utils/adt/geo/src/lib.rs:61:39 in function adt_geo::point_eq_point

Check 1172: adt_geo::point_eq_point.pointer_dereference.27
	 - Status: SUCCESS
	 - Description: "dereference failure: deallocated dynamic object"
	 - Location: ../../crates/backend/utils/adt/geo/src/lib.rs:61:39 in function adt_geo::point_eq_point

Check 1173: adt_geo::point_eq_point.pointer_dereference.28
	 - Status: SUCCESS
	 - Description: "dereference failure: dead object"
	 - Location: ../../crates/backend/utils/adt/geo/src/lib.rs:61:39 in function adt_geo::point_eq_point

Check 1174: adt_geo::point_eq_point.pointer_dereference.29
	 - Status: SUCCESS
	 - Description: "dereference failure: pointer outside object bounds"
	 - Location: ../../crates/backend/utils/adt/geo/src/lib.rs:61:39 in function adt_geo::point_eq_point

Check 1175: adt_geo::point_eq_point.pointer_dereference.30
	 - Status: SUCCESS
	 - Description: "dereference failure: invalid integer address"
	 - Location: ../../crates/backend/utils/adt/geo/src/lib.rs:61:39 in function adt_geo::point_eq_point

Check 1176: adt_geo::point_eq_point.pointer_dereference.31
	 - Status: SUCCESS
	 - Description: "dereference failure: pointer NULL"
	 - Location: ../../crates/backend/utils/adt/geo/src/lib.rs:61:46 in function adt_geo::point_eq_point

Check 1177: adt_geo::point_eq_point.pointer_dereference.32
	 - Status: SUCCESS
	 - Description: "dereference failure: pointer invalid"
	 - Location: ../../crates/backend/utils/adt/geo/src/lib.rs:61:46 in function adt_geo::point_eq_point

Check 1178: adt_geo::point_eq_point.pointer_dereference.33
	 - Status: SUCCESS
	 - Description: "dereference failure: deallocated dynamic object"
	 - Location: ../../crates/backend/utils/adt/geo/src/lib.rs:61:46 in function adt_geo::point_eq_point

Check 1179: adt_geo::point_eq_point.pointer_dereference.34
	 - Status: SUCCESS
	 - Description: "dereference failure: dead object"
	 - Location: ../../crates/backend/utils/adt/geo/src/lib.rs:61:46 in function adt_geo::point_eq_point

Check 1180: adt_geo::point_eq_point.pointer_dereference.35
	 - Status: SUCCESS
	 - Description: "dereference failure: pointer outside object bounds"
	 - Location: ../../crates/backend/utils/adt/geo/src/lib.rs:61:46 in function adt_geo::point_eq_point

Check 1181: adt_geo::point_eq_point.pointer_dereference.36
	 - Status: SUCCESS
	 - Description: "dereference failure: invalid integer address"
	 - Location: ../../crates/backend/utils/adt/geo/src/lib.rs:61:46 in function adt_geo::point_eq_point

Check 1182: adt_geo::point_eq_point.pointer_dereference.37
	 - Status: SUCCESS
	 - Description: "dereference failure: pointer NULL"
	 - Location: ../../crates/backend/utils/adt/geo/src/lib.rs:61:79 in function adt_geo::point_eq_point

Check 1183: adt_geo::point_eq_point.pointer_dereference.38
	 - Status: SUCCESS
	 - Description: "dereference failure: pointer invalid"
	 - Location: ../../crates/backend/utils/adt/geo/src/lib.rs:61:79 in function adt_geo::point_eq_point

Check 1184: adt_geo::point_eq_point.pointer_dereference.39
	 - Status: SUCCESS
	 - Description: "dereference failure: deallocated dynamic object"
	 - Location: ../../crates/backend/utils/adt/geo/src/lib.rs:61:79 in function adt_geo::point_eq_point

Check 1185: adt_geo::point_eq_point.pointer_dereference.40
	 - Status: SUCCESS
	 - Description: "dereference failure: dead object"
	 - Location: ../../crates/backend/utils/adt/geo/src/lib.rs:61:79 in function adt_geo::point_eq_point

Check 1186: adt_geo::point_eq_point.pointer_dereference.41
	 - Status: SUCCESS
	 - Description: "dereference failure: pointer outside object bounds"
	 - Location: ../../crates/backend/utils/adt/geo/src/lib.rs:61:79 in function adt_geo::point_eq_point

Check 1187: adt_geo::point_eq_point.pointer_dereference.42
	 - Status: SUCCESS
	 - Description: "dereference failure: invalid integer address"
	 - Location: ../../crates/backend/utils/adt/geo/src/lib.rs:61:79 in function adt_geo::point_eq_point

Check 1188: adt_geo::point_eq_point.pointer_dereference.43
	 - Status: SUCCESS
	 - Description: "dereference failure: pointer NULL"
	 - Location: ../../crates/backend/utils/adt/geo/src/lib.rs:61:86 in function adt_geo::point_eq_point

Check 1189: adt_geo::point_eq_point.pointer_dereference.44
	 - Status: SUCCESS
	 - Description: "dereference failure: pointer invalid"
	 - Location: ../../crates/backend/utils/adt/geo/src/lib.rs:61:86 in function adt_geo::point_eq_point

Check 1190: adt_geo::point_eq_point.pointer_dereference.45
	 - Status: SUCCESS
	 - Description: "dereference failure: deallocated dynamic object"
	 - Location: ../../crates/backend/utils/adt/geo/src/lib.rs:61:86 in function adt_geo::point_eq_point

Check 1191: adt_geo::point_eq_point.pointer_dereference.46
	 - Status: SUCCESS
	 - Description: "dereference failure: dead object"
	 - Location: ../../crates/backend/utils/adt/geo/src/lib.rs:61:86 in function adt_geo::point_eq_point

Check 1192: adt_geo::point_eq_point.pointer_dereference.47
	 - Status: SUCCESS
	 - Description: "dereference failure: pointer outside object bounds"
	 - Location: ../../crates/backend/utils/adt/geo/src/lib.rs:61:86 in function adt_geo::point_eq_point

Check 1193: adt_geo::point_eq_point.pointer_dereference.48
	 - Status: SUCCESS
	 - Description: "dereference failure: invalid integer address"
	 - Location: ../../crates/backend/utils/adt/geo/src/lib.rs:61:86 in function adt_geo::point_eq_point

Check 1194: adt_geo::point_eq_point.pointer_dereference.49
	 - Status: SUCCESS
	 - Description: "dereference failure: pointer NULL"
	 - Location: ../../crates/backend/utils/adt/geo/src/lib.rs:63:10 in function adt_geo::point_eq_point

Check 1195: adt_geo::point_eq_point.pointer_dereference.50
	 - Status: SUCCESS
	 - Description: "dereference failure: pointer invalid"
	 - Location: ../../crates/backend/utils/adt/geo/src/lib.rs:63:10 in function adt_geo::point_eq_point

Check 1196: adt_geo::point_eq_point.pointer_dereference.51
	 - Status: SUCCESS
	 - Description: "dereference failure: deallocated dynamic object"
	 - Location: ../../crates/backend/utils/adt/geo/src/lib.rs:63:10 in function adt_geo::point_eq_point

Check 1197: adt_geo::point_eq_point.pointer_dereference.52
	 - Status: SUCCESS
	 - Description: "dereference failure: dead object"
	 - Location: ../../crates/backend/utils/adt/geo/src/lib.rs:63:10 in function adt_geo::point_eq_point

Check 1198: adt_geo::point_eq_point.pointer_dereference.53
	 - Status: SUCCESS
	 - Description: "dereference failure: pointer outside object bounds"
	 - Location: ../../crates/backend/utils/adt/geo/src/lib.rs:63:10 in function adt_geo::point_eq_point

Check 1199: adt_geo::point_eq_point.pointer_dereference.54
	 - Status: SUCCESS
	 - Description: "dereference failure: invalid integer address"
	 - Location: ../../crates/backend/utils/adt/geo/src/lib.rs:63:10 in function adt_geo::point_eq_point

Check 1200: adt_geo::point_eq_point.pointer_dereference.55
	 - Status: SUCCESS
	 - Description: "dereference failure: pointer NULL"
	 - Location: ../../crates/backend/utils/adt/geo/src/lib.rs:63:17 in function adt_geo::point_eq_point

Check 1201: adt_geo::point_eq_point.pointer_dereference.56
	 - Status: SUCCESS
	 - Description: "dereference failure: pointer invalid"
	 - Location: ../../crates/backend/utils/adt/geo/src/lib.rs:63:17 in function adt_geo::point_eq_point

Check 1202: adt_geo::point_eq_point.pointer_dereference.57
	 - Status: SUCCESS
	 - Description: "dereference failure: deallocated dynamic object"
	 - Location: ../../crates/backend/utils/adt/geo/src/lib.rs:63:17 in function adt_geo::point_eq_point

Check 1203: adt_geo::point_eq_point.pointer_dereference.58
	 - Status: SUCCESS
	 - Description: "dereference failure: dead object"
	 - Location: ../../crates/backend/utils/adt/geo/src/lib.rs:63:17 in function adt_geo::point_eq_point

Check 1204: adt_geo::point_eq_point.pointer_dereference.59
	 - Status: SUCCESS
	 - Description: "dereference failure: pointer outside object bounds"
	 - Location: ../../crates/backend/utils/adt/geo/src/lib.rs:63:17 in function adt_geo::point_eq_point

Check 1205: adt_geo::point_eq_point.pointer_dereference.60
	 - Status: SUCCESS
	 - Description: "dereference failure: invalid integer address"
	 - Location: ../../crates/backend/utils/adt/geo/src/lib.rs:63:17 in function adt_geo::point_eq_point

Check 1206: adt_geo::point_eq_point.pointer_dereference.61
	 - Status: SUCCESS
	 - Description: "dereference failure: pointer NULL"
	 - Location: ../../crates/backend/utils/adt/geo/src/lib.rs:63:32 in function adt_geo::point_eq_point

Check 1207: adt_geo::point_eq_point.pointer_dereference.62
	 - Status: SUCCESS
	 - Description: "dereference failure: pointer invalid"
	 - Location: ../../crates/backend/utils/adt/geo/src/lib.rs:63:32 in function adt_geo::point_eq_point

Check 1208: adt_geo::point_eq_point.pointer_dereference.63
	 - Status: SUCCESS
	 - Description: "dereference failure: deallocated dynamic object"
	 - Location: ../../crates/backend/utils/adt/geo/src/lib.rs:63:32 in function adt_geo::point_eq_point

Check 1209: adt_geo::point_eq_point.pointer_dereference.64
	 - Status: SUCCESS
	 - Description: "dereference failure: dead object"
	 - Location: ../../crates/backend/utils/adt/geo/src/lib.rs:63:32 in function adt_geo::point_eq_point

Check 1210: adt_geo::point_eq_point.pointer_dereference.65
	 - Status: SUCCESS
	 - Description: "dereference failure: pointer outside object bounds"
	 - Location: ../../crates/backend/utils/adt/geo/src/lib.rs:63:32 in function adt_geo::point_eq_point

Check 1211: adt_geo::point_eq_point.pointer_dereference.66
	 - Status: SUCCESS
	 - Description: "dereference failure: invalid integer address"
	 - Location: ../../crates/backend/utils/adt/geo/src/lib.rs:63:32 in function adt_geo::point_eq_point

Check 1212: adt_geo::point_eq_point.pointer_dereference.67
	 - Status: SUCCESS
	 - Description: "dereference failure: pointer NULL"
	 - Location: ../../crates/backend/utils/adt/geo/src/lib.rs:63:39 in function adt_geo::point_eq_point

Check 1213: adt_geo::point_eq_point.pointer_dereference.68
	 - Status: SUCCESS
	 - Description: "dereference failure: pointer invalid"
	 - Location: ../../crates/backend/utils/adt/geo/src/lib.rs:63:39 in function adt_geo::point_eq_point

Check 1214: adt_geo::point_eq_point.pointer_dereference.69
	 - Status: SUCCESS
	 - Description: "dereference failure: deallocated dynamic object"
	 - Location: ../../crates/backend/utils/adt/geo/src/lib.rs:63:39 in function adt_geo::point_eq_point

Check 1215: adt_geo::point_eq_point.pointer_dereference.70
	 - Status: SUCCESS
	 - Description: "dereference failure: dead object"
	 - Location: ../../crates/backend/utils/adt/geo/src/lib.rs:63:39 in function adt_geo::point_eq_point

Check 1216: adt_geo::point_eq_point.pointer_dereference.71
	 - Status: SUCCESS
	 - Description: "dereference failure: pointer outside object bounds"
	 - Location: ../../crates/backend/utils/adt/geo/src/lib.rs:63:39 in function adt_geo::point_eq_point

Check 1217: adt_geo::point_eq_point.pointer_dereference.72
	 - Status: SUCCESS
	 - Description: "dereference failure: invalid integer address"
	 - Location: ../../crates/backend/utils/adt/geo/src/lib.rs:63:39 in function adt_geo::point_eq_point

Check 1218: std::vec::Vec::<u8>::len.pointer_dereference.1
	 - Status: SUCCESS
	 - Description: "dereference failure: pointer NULL"
	 - Location: ../../../../../../runner/.rustup/toolchains/nightly-2025-11-21-aarch64-apple-darwin/lib/rustlib/src/rust/library/alloc/src/vec/mod.rs:2854:19 in function std::vec::Vec::<u8>::len

Check 1219: std::vec::Vec::<u8>::len.pointer_dereference.2
	 - Status: SUCCESS
	 - Description: "dereference failure: pointer invalid"
	 - Location: ../../../../../../runner/.rustup/toolchains/nightly-2025-11-21-aarch64-apple-darwin/lib/rustlib/src/rust/library/alloc/src/vec/mod.rs:2854:19 in function std::vec::Vec::<u8>::len

Check 1220: std::vec::Vec::<u8>::len.pointer_dereference.3
	 - Status: SUCCESS
	 - Description: "dereference failure: deallocated dynamic object"
	 - Location: ../../../../../../runner/.rustup/toolchains/nightly-2025-11-21-aarch64-apple-darwin/lib/rustlib/src/rust/library/alloc/src/vec/mod.rs:2854:19 in function std::vec::Vec::<u8>::len

Check 1221: std::vec::Vec::<u8>::len.pointer_dereference.4
	 - Status: SUCCESS
	 - Description: "dereference failure: dead object"
	 - Location: ../../../../../../runner/.rustup/toolchains/nightly-2025-11-21-aarch64-apple-darwin/lib/rustlib/src/rust/library/alloc/src/vec/mod.rs:2854:19 in function std::vec::Vec::<u8>::len

Check 1222: std::vec::Vec::<u8>::len.pointer_dereference.5
	 - Status: SUCCESS
	 - Description: "dereference failure: pointer outside object bounds"
	 - Location: ../../../../../../runner/.rustup/toolchains/nightly-2025-11-21-aarch64-apple-darwin/lib/rustlib/src/rust/library/alloc/src/vec/mod.rs:2854:19 in function std::vec::Vec::<u8>::len

Check 1223: std::vec::Vec::<u8>::len.pointer_dereference.6
	 - Status: SUCCESS
	 - Description: "dereference failure: invalid integer address"
	 - Location: ../../../../../../runner/.rustup/toolchains/nightly-2025-11-21-aarch64-apple-darwin/lib/rustlib/src/rust/library/alloc/src/vec/mod.rs:2854:19 in function std::vec::Vec::<u8>::len

Check 1224: std::ptr::swap_chunk::<8>.pointer_dereference.1
	 - Status: SUCCESS
	 - Description: "dereference failure: pointer NULL"
	 - Location: ../../../../../../runner/.rustup/toolchains/nightly-2025-11-21-aarch64-apple-darwin/lib/rustlib/src/rust/library/core/src/ptr/mod.rs:1431:13 in function std::ptr::swap_chunk::<8>

Check 1225: std::ptr::swap_chunk::<8>.pointer_dereference.2
	 - Status: SUCCESS
	 - Description: "dereference failure: pointer invalid"
	 - Location: ../../../../../../runner/.rustup/toolchains/nightly-2025-11-21-aarch64-apple-darwin/lib/rustlib/src/rust/library/core/src/ptr/mod.rs:1431:13 in function std::ptr::swap_chunk::<8>

Check 1226: std::ptr::swap_chunk::<8>.pointer_dereference.3
	 - Status: SUCCESS
	 - Description: "dereference failure: deallocated dynamic object"
	 - Location: ../../../../../../runner/.rustup/toolchains/nightly-2025-11-21-aarch64-apple-darwin/lib/rustlib/src/rust/library/core/src/ptr/mod.rs:1431:13 in function std::ptr::swap_chunk::<8>

Check 1227: std::ptr::swap_chunk::<8>.pointer_dereference.4
	 - Status: SUCCESS
	 - Description: "dereference failure: dead object"
	 - Location: ../../../../../../runner/.rustup/toolchains/nightly-2025-11-21-aarch64-apple-darwin/lib/rustlib/src/rust/library/core/src/ptr/mod.rs:1431:13 in function std::ptr::swap_chunk::<8>

Check 1228: std::ptr::swap_chunk::<8>.pointer_dereference.5
	 - Status: SUCCESS
	 - Description: "dereference failure: pointer outside object bounds"
	 - Location: ../../../../../../runner/.rustup/toolchains/nightly-2025-11-21-aarch64-apple-darwin/lib/rustlib/src/rust/library/core/src/ptr/mod.rs:1431:13 in function std::ptr::swap_chunk::<8>

Check 1229: std::ptr::swap_chunk::<8>.pointer_dereference.6
	 - Status: SUCCESS
	 - Description: "dereference failure: invalid integer address"
	 - Location: ../../../../../../runner/.rustup/toolchains/nightly-2025-11-21-aarch64-apple-darwin/lib/rustlib/src/rust/library/core/src/ptr/mod.rs:1431:13 in function std::ptr::swap_chunk::<8>

Check 1230: std::ptr::swap_chunk::<8>.pointer_dereference.7
	 - Status: SUCCESS
	 - Description: "dereference failure: pointer NULL"
	 - Location: ../../../../../../runner/.rustup/toolchains/nightly-2025-11-21-aarch64-apple-darwin/lib/rustlib/src/rust/library/core/src/ptr/mod.rs:1432:13 in function std::ptr::swap_chunk::<8>

Check 1231: std::ptr::swap_chunk::<8>.pointer_dereference.8
	 - Status: SUCCESS
	 - Description: "dereference failure: pointer invalid"
	 - Location: ../../../../../../runner/.rustup/toolchains/nightly-2025-11-21-aarch64-apple-darwin/lib/rustlib/src/rust/library/core/src/ptr/mod.rs:1432:13 in function std::ptr::swap_chunk::<8>

Check 1232: std::ptr::swap_chunk::<8>.pointer_dereference.9
	 - Status: SUCCESS
	 - Description: "dereference failure: deallocated dynamic object"
	 - Location: ../../../../../../runner/.rustup/toolchains/nightly-2025-11-21-aarch64-apple-darwin/lib/rustlib/src/rust/library/core/src/ptr/mod.rs:1432:13 in function std::ptr::swap_chunk::<8>

Check 1233: std::ptr::swap_chunk::<8>.pointer_dereference.10
	 - Status: SUCCESS
	 - Description: "dereference failure: dead object"
	 - Location: ../../../../../../runner/.rustup/toolchains/nightly-2025-11-21-aarch64-apple-darwin/lib/rustlib/src/rust/library/core/src/ptr/mod.rs:1432:13 in function std::ptr::swap_chunk::<8>

Check 1234: std::ptr::swap_chunk::<8>.pointer_dereference.11
	 - Status: SUCCESS
	 - Description: "dereference failure: pointer outside object bounds"
	 - Location: ../../../../../../runner/.rustup/toolchains/nightly-2025-11-21-aarch64-apple-darwin/lib/rustlib/src/rust/library/core/src/ptr/mod.rs:1432:13 in function std::ptr::swap_chunk::<8>

Check 1235: std::ptr::swap_chunk::<8>.pointer_dereference.12
	 - Status: SUCCESS
	 - Description: "dereference failure: invalid integer address"
	 - Location: ../../../../../../runner/.rustup/toolchains/nightly-2025-11-21-aarch64-apple-darwin/lib/rustlib/src/rust/library/core/src/ptr/mod.rs:1432:13 in function std::ptr::swap_chunk::<8>

Check 1236: std::ptr::swap_chunk::<8>.pointer_dereference.13
	 - Status: SUCCESS
	 - Description: "dereference failure: pointer NULL"
	 - Location: ../../../../../../runner/.rustup/toolchains/nightly-2025-11-21-aarch64-apple-darwin/lib/rustlib/src/rust/library/core/src/ptr/mod.rs:1434:5 in function std::ptr::swap_chunk::<8>

Check 1237: std::ptr::swap_chunk::<8>.pointer_dereference.14
	 - Status: SUCCESS
	 - Description: "dereference failure: pointer invalid"
	 - Location: ../../../../../../runner/.rustup/toolchains/nightly-2025-11-21-aarch64-apple-darwin/lib/rustlib/src/rust/library/core/src/ptr/mod.rs:1434:5 in function std::ptr::swap_chunk::<8>

Check 1238: std::ptr::swap_chunk::<8>.pointer_dereference.15
	 - Status: SUCCESS
	 - Description: "dereference failure: deallocated dynamic object"
	 - Location: ../../../../../../runner/.rustup/toolchains/nightly-2025-11-21-aarch64-apple-darwin/lib/rustlib/src/rust/library/core/src/ptr/mod.rs:1434:5 in function std::ptr::swap_chunk::<8>

Check 1239: std::ptr::swap_chunk::<8>.pointer_dereference.16
	 - Status: SUCCESS
	 - Description: "dereference failure: dead object"
	 - Location: ../../../../../../runner/.rustup/toolchains/nightly-2025-11-21-aarch64-apple-darwin/lib/rustlib/src/rust/library/core/src/ptr/mod.rs:1434:5 in function std::ptr::swap_chunk::<8>

Check 1240: std::ptr::swap_chunk::<8>.pointer_dereference.17
	 - Status: SUCCESS
	 - Description: "dereference failure: pointer outside object bounds"
	 - Location: ../../../../../../runner/.rustup/toolchains/nightly-2025-11-21-aarch64-apple-darwin/lib/rustlib/src/rust/library/core/src/ptr/mod.rs:1434:5 in function std::ptr::swap_chunk::<8>

Check 1241: std::ptr::swap_chunk::<8>.pointer_dereference.18
	 - Status: SUCCESS
	 - Description: "dereference failure: invalid integer address"
	 - Location: ../../../../../../runner/.rustup/toolchains/nightly-2025-11-21-aarch64-apple-darwin/lib/rustlib/src/rust/library/core/src/ptr/mod.rs:1434:5 in function std::ptr::swap_chunk::<8>

Check 1242: std::ptr::const_ptr::<impl *const T>::offset_from_unsigned::runtime_ptr_ge::runtime.pointer.1
	 - Status: SUCCESS
	 - Description: "same object violation in this >= origin"
	 - Location: ../../../../../../runner/.rustup/toolchains/nightly-2025-11-21-aarch64-apple-darwin/lib/rustlib/src/rust/library/core/src/ptr/const_ptr.rs:712:21 in function std::ptr::const_ptr::<impl *const T>::offset_from_unsigned::runtime_ptr_ge::runtime

Check 1243: adt_geo::poly::poly_overlap_internal.array_bounds.1
	 - Status: SUCCESS
	 - Description: "index out of bounds: the length is less than or equal to the given index"
	 - Location: ../../crates/backend/utils/adt/geo/src/poly.rs:64:9 in function adt_geo::poly::poly_overlap_internal

Check 1244: adt_geo::poly::poly_overlap_internal.array_bounds.2
	 - Status: SUCCESS
	 - Description: "index out of bounds: the length is less than or equal to the given index"
	 - Location: ../../crates/backend/utils/adt/geo/src/poly.rs:70:13 in function adt_geo::poly::poly_overlap_internal

Check 1245: adt_geo::poly::poly_overlap_internal.pointer_dereference.1
	 - Status: SUCCESS
	 - Description: "dereference failure: dead object"
	 - Location: ../../crates/backend/utils/adt/geo/src/poly.rs:71:34 in function adt_geo::poly::poly_overlap_internal

Check 1246: adt_geo::poly::poly_overlap_internal.array_bounds.3
	 - Status: SUCCESS
	 - Description: "index out of bounds: the length is less than or equal to the given index"
	 - Location: ../../crates/backend/utils/adt/geo/src/poly.rs:74:23 in function adt_geo::poly::poly_overlap_internal

Check 1247: adt_geo::poly::poly_overlap_internal.array_bounds.4
	 - Status: SUCCESS
	 - Description: "index out of bounds: the length is less than or equal to the given index"
	 - Location: ../../crates/backend/utils/adt/geo/src/poly.rs:74:13 in function adt_geo::poly::poly_overlap_internal

Check 1248: adt_geo::poly::poly_overlap_internal.array_bounds.5
	 - Status: SUCCESS
	 - Description: "index out of bounds: the length is less than or equal to the given index"
	 - Location: ../../crates/backend/utils/adt/geo/src/poly.rs:76:19 in function adt_geo::poly::poly_overlap_internal

Check 1249: adt_geo::poly::poly_overlap_internal.array_bounds.6
	 - Status: SUCCESS
	 - Description: "index out of bounds: the length is less than or equal to the given index"
	 - Location: ../../crates/backend/utils/adt/geo/src/poly.rs:76:9 in function adt_geo::poly::poly_overlap_internal

Check 1250: <std::ops::Range<usize> as std::iter::range::RangeIteratorImpl>::spec_next.pointer_dereference.1
	 - Status: SUCCESS
	 - Description: "dereference failure: pointer NULL"
	 - Location: ../../../../../../runner/.rustup/toolchains/nightly-2025-11-21-aarch64-apple-darwin/lib/rustlib/src/rust/library/core/src/iter/range.rs:766:23 in function <std::ops::Range<usize> as std::iter::range::RangeIteratorImpl>::spec_next

Check 1251: <std::ops::Range<usize> as std::iter::range::RangeIteratorImpl>::spec_next.pointer_dereference.2
	 - Status: SUCCESS
	 - Description: "dereference failure: pointer invalid"
	 - Location: ../../../../../../runner/.rustup/toolchains/nightly-2025-11-21-aarch64-apple-darwin/lib/rustlib/src/rust/library/core/src/iter/range.rs:766:23 in function <std::ops::Range<usize> as std::iter::range::RangeIteratorImpl>::spec_next

Check 1252: <std::ops::Range<usize> as std::iter::range::RangeIteratorImpl>::spec_next.pointer_dereference.3
	 - Status: SUCCESS
	 - Description: "dereference failure: deallocated dynamic object"
	 - Location: ../../../../../../runner/.rustup/toolchains/nightly-2025-11-21-aarch64-apple-darwin/lib/rustlib/src/rust/library/core/src/iter/range.rs:766:23 in function <std::ops::Range<usize> as std::iter::range::RangeIteratorImpl>::spec_next

Check 1253: <std::ops::Range<usize> as std::iter::range::RangeIteratorImpl>::spec_next.pointer_dereference.4
	 - Status: SUCCESS
	 - Description: "dereference failure: dead object"
	 - Location: ../../../../../../runner/.rustup/toolchains/nightly-2025-11-21-aarch64-apple-darwin/lib/rustlib/src/rust/library/core/src/iter/range.rs:766:23 in function <std::ops::Range<usize> as std::iter::range::RangeIteratorImpl>::spec_next

Check 1254: <std::ops::Range<usize> as std::iter::range::RangeIteratorImpl>::spec_next.pointer_dereference.5
	 - Status: SUCCESS
	 - Description: "dereference failure: pointer outside object bounds"
	 - Location: ../../../../../../runner/.rustup/toolchains/nightly-2025-11-21-aarch64-apple-darwin/lib/rustlib/src/rust/library/core/src/iter/range.rs:766:23 in function <std::ops::Range<usize> as std::iter::range::RangeIteratorImpl>::spec_next

Check 1255: <std::ops::Range<usize> as std::iter::range::RangeIteratorImpl>::spec_next.pointer_dereference.6
	 - Status: SUCCESS
	 - Description: "dereference failure: invalid integer address"
	 - Location: ../../../../../../runner/.rustup/toolchains/nightly-2025-11-21-aarch64-apple-darwin/lib/rustlib/src/rust/library/core/src/iter/range.rs:766:23 in function <std::ops::Range<usize> as std::iter::range::RangeIteratorImpl>::spec_next

Check 1256: <std::ops::Range<usize> as std::iter::range::RangeIteratorImpl>::spec_next.pointer_dereference.7
	 - Status: SUCCESS
	 - Description: "dereference failure: pointer NULL"
	 - Location: ../../../../../../runner/.rustup/toolchains/nightly-2025-11-21-aarch64-apple-darwin/lib/rustlib/src/rust/library/core/src/iter/range.rs:768:13 in function <std::ops::Range<usize> as std::iter::range::RangeIteratorImpl>::spec_next

Check 1257: <std::ops::Range<usize> as std::iter::range::RangeIteratorImpl>::spec_next.pointer_dereference.8
	 - Status: SUCCESS
	 - Description: "dereference failure: pointer invalid"
	 - Location: ../../../../../../runner/.rustup/toolchains/nightly-2025-11-21-aarch64-apple-darwin/lib/rustlib/src/rust/library/core/src/iter/range.rs:768:13 in function <std::ops::Range<usize> as std::iter::range::RangeIteratorImpl>::spec_next

Check 1258: <std::ops::Range<usize> as std::iter::range::RangeIteratorImpl>::spec_next.pointer_dereference.9
	 - Status: SUCCESS
	 - Description: "dereference failure: deallocated dynamic object"
	 - Location: ../../../../../../runner/.rustup/toolchains/nightly-2025-11-21-aarch64-apple-darwin/lib/rustlib/src/rust/library/core/src/iter/range.rs:768:13 in function <std::ops::Range<usize> as std::iter::range::RangeIteratorImpl>::spec_next

Check 1259: <std::ops::Range<usize> as std::iter::range::RangeIteratorImpl>::spec_next.pointer_dereference.10
	 - Status: SUCCESS
	 - Description: "dereference failure: dead object"
	 - Location: ../../../../../../runner/.rustup/toolchains/nightly-2025-11-21-aarch64-apple-darwin/lib/rustlib/src/rust/library/core/src/iter/range.rs:768:13 in function <std::ops::Range<usize> as std::iter::range::RangeIteratorImpl>::spec_next

Check 1260: <std::ops::Range<usize> as std::iter::range::RangeIteratorImpl>::spec_next.pointer_dereference.11
	 - Status: SUCCESS
	 - Description: "dereference failure: pointer outside object bounds"
	 - Location: ../../../../../../runner/.rustup/toolchains/nightly-2025-11-21-aarch64-apple-darwin/lib/rustlib/src/rust/library/core/src/iter/range.rs:768:13 in function <std::ops::Range<usize> as std::iter::range::RangeIteratorImpl>::spec_next

Check 1261: <std::ops::Range<usize> as std::iter::range::RangeIteratorImpl>::spec_next.pointer_dereference.12
	 - Status: SUCCESS
	 - Description: "dereference failure: invalid integer address"
	 - Location: ../../../../../../runner/.rustup/toolchains/nightly-2025-11-21-aarch64-apple-darwin/lib/rustlib/src/rust/library/core/src/iter/range.rs:768:13 in function <std::ops::Range<usize> as std::iter::range::RangeIteratorImpl>::spec_next

Check 1262: std::vec::Vec::<u8>::as_slice.pointer_dereference.1
	 - Status: SUCCESS
	 - Description: "dereference failure: pointer NULL"
	 - Location: ../../../../../../runner/.rustup/toolchains/nightly-2025-11-21-aarch64-apple-darwin/lib/rustlib/src/rust/library/alloc/src/vec/mod.rs:1597:55 in function std::vec::Vec::<u8>::as_slice

Check 1263: std::vec::Vec::<u8>::as_slice.pointer_dereference.2
	 - Status: SUCCESS
	 - Description: "dereference failure: pointer invalid"
	 - Location: ../../../../../../runner/.rustup/toolchains/nightly-2025-11-21-aarch64-apple-darwin/lib/rustlib/src/rust/library/alloc/src/vec/mod.rs:1597:55 in function std::vec::Vec::<u8>::as_slice

Check 1264: std::vec::Vec::<u8>::as_slice.pointer_dereference.3
	 - Status: SUCCESS
	 - Description: "dereference failure: deallocated dynamic object"
	 - Location: ../../../../../../runner/.rustup/toolchains/nightly-2025-11-21-aarch64-apple-darwin/lib/rustlib/src/rust/library/alloc/src/vec/mod.rs:1597:55 in function std::vec::Vec::<u8>::as_slice

Check 1265: std::vec::Vec::<u8>::as_slice.pointer_dereference.4
	 - Status: SUCCESS
	 - Description: "dereference failure: dead object"
	 - Location: ../../../../../../runner/.rustup/toolchains/nightly-2025-11-21-aarch64-apple-darwin/lib/rustlib/src/rust/library/alloc/src/vec/mod.rs:1597:55 in function std::vec::Vec::<u8>::as_slice

Check 1266: std::vec::Vec::<u8>::as_slice.pointer_dereference.5
	 - Status: SUCCESS
	 - Description: "dereference failure: pointer outside object bounds"
	 - Location: ../../../../../../runner/.rustup/toolchains/nightly-2025-11-21-aarch64-apple-darwin/lib/rustlib/src/rust/library/alloc/src/vec/mod.rs:1597:55 in function std::vec::Vec::<u8>::as_slice

Check 1267: std::vec::Vec::<u8>::as_slice.pointer_dereference.6
	 - Status: SUCCESS
	 - Description: "dereference failure: invalid integer address"
	 - Location: ../../../../../../runner/.rustup/toolchains/nightly-2025-11-21-aarch64-apple-darwin/lib/rustlib/src/rust/library/alloc/src/vec/mod.rs:1597:55 in function std::vec::Vec::<u8>::as_slice

Check 1268: std::ptr::swap_chunk::<2>.pointer_dereference.1
	 - Status: SUCCESS
	 - Description: "dereference failure: pointer NULL"
	 - Location: ../../../../../../runner/.rustup/toolchains/nightly-2025-11-21-aarch64-apple-darwin/lib/rustlib/src/rust/library/core/src/ptr/mod.rs:1431:13 in function std::ptr::swap_chunk::<2>

Check 1269: std::ptr::swap_chunk::<2>.pointer_dereference.2
	 - Status: SUCCESS
	 - Description: "dereference failure: pointer invalid"
	 - Location: ../../../../../../runner/.rustup/toolchains/nightly-2025-11-21-aarch64-apple-darwin/lib/rustlib/src/rust/library/core/src/ptr/mod.rs:1431:13 in function std::ptr::swap_chunk::<2>

Check 1270: std::ptr::swap_chunk::<2>.pointer_dereference.3
	 - Status: SUCCESS
	 - Description: "dereference failure: deallocated dynamic object"
	 - Location: ../../../../../../runner/.rustup/toolchains/nightly-2025-11-21-aarch64-apple-darwin/lib/rustlib/src/rust/library/core/src/ptr/mod.rs:1431:13 in function std::ptr::swap_chunk::<2>

Check 1271: std::ptr::swap_chunk::<2>.pointer_dereference.4
	 - Status: SUCCESS
	 - Description: "dereference failure: dead object"
	 - Location: ../../../../../../runner/.rustup/toolchains/nightly-2025-11-21-aarch64-apple-darwin/lib/rustlib/src/rust/library/core/src/ptr/mod.rs:1431:13 in function std::ptr::swap_chunk::<2>

Check 1272: std::ptr::swap_chunk::<2>.pointer_dereference.5
	 - Status: SUCCESS
	 - Description: "dereference failure: pointer outside object bounds"
	 - Location: ../../../../../../runner/.rustup/toolchains/nightly-2025-11-21-aarch64-apple-darwin/lib/rustlib/src/rust/library/core/src/ptr/mod.rs:1431:13 in function std::ptr::swap_chunk::<2>

Check 1273: std::ptr::swap_chunk::<2>.pointer_dereference.6
	 - Status: SUCCESS
	 - Description: "dereference failure: invalid integer address"
	 - Location: ../../../../../../runner/.rustup/toolchains/nightly-2025-11-21-aarch64-apple-darwin/lib/rustlib/src/rust/library/core/src/ptr/mod.rs:1431:13 in function std::ptr::swap_chunk::<2>

Check 1274: std::ptr::swap_chunk::<2>.pointer_dereference.7
	 - Status: SUCCESS
	 - Description: "dereference failure: pointer NULL"
	 - Location: ../../../../../../runner/.rustup/toolchains/nightly-2025-11-21-aarch64-apple-darwin/lib/rustlib/src/rust/library/core/src/ptr/mod.rs:1432:13 in function std::ptr::swap_chunk::<2>

Check 1275: std::ptr::swap_chunk::<2>.pointer_dereference.8
	 - Status: SUCCESS
	 - Description: "dereference failure: pointer invalid"
	 - Location: ../../../../../../runner/.rustup/toolchains/nightly-2025-11-21-aarch64-apple-darwin/lib/rustlib/src/rust/library/core/src/ptr/mod.rs:1432:13 in function std::ptr::swap_chunk::<2>

Check 1276: std::ptr::swap_chunk::<2>.pointer_dereference.9
	 - Status: SUCCESS
	 - Description: "dereference failure: deallocated dynamic object"
	 - Location: ../../../../../../runner/.rustup/toolchains/nightly-2025-11-21-aarch64-apple-darwin/lib/rustlib/src/rust/library/core/src/ptr/mod.rs:1432:13 in function std::ptr::swap_chunk::<2>

Check 1277: std::ptr::swap_chunk::<2>.pointer_dereference.10
	 - Status: SUCCESS
	 - Description: "dereference failure: dead object"
	 - Location: ../../../../../../runner/.rustup/toolchains/nightly-2025-11-21-aarch64-apple-darwin/lib/rustlib/src/rust/library/core/src/ptr/mod.rs:1432:13 in function std::ptr::swap_chunk::<2>

Check 1278: std::ptr::swap_chunk::<2>.pointer_dereference.11
	 - Status: SUCCESS
	 - Description: "dereference failure: pointer outside object bounds"
	 - Location: ../../../../../../runner/.rustup/toolchains/nightly-2025-11-21-aarch64-apple-darwin/lib/rustlib/src/rust/library/core/src/ptr/mod.rs:1432:13 in function std::ptr::swap_chunk::<2>

Check 1279: std::ptr::swap_chunk::<2>.pointer_dereference.12
	 - Status: SUCCESS
	 - Description: "dereference failure: invalid integer address"
	 - Location: ../../../../../../runner/.rustup/toolchains/nightly-2025-11-21-aarch64-apple-darwin/lib/rustlib/src/rust/library/core/src/ptr/mod.rs:1432:13 in function std::ptr::swap_chunk::<2>

Check 1280: std::ptr::swap_chunk::<2>.pointer_dereference.13
	 - Status: SUCCESS
	 - Description: "dereference failure: pointer NULL"
	 - Location: ../../../../../../runner/.rustup/toolchains/nightly-2025-11-21-aarch64-apple-darwin/lib/rustlib/src/rust/library/core/src/ptr/mod.rs:1434:5 in function std::ptr::swap_chunk::<2>

Check 1281: std::ptr::swap_chunk::<2>.pointer_dereference.14
	 - Status: SUCCESS
	 - Description: "dereference failure: pointer invalid"
	 - Location: ../../../../../../runner/.rustup/toolchains/nightly-2025-11-21-aarch64-apple-darwin/lib/rustlib/src/rust/library/core/src/ptr/mod.rs:1434:5 in function std::ptr::swap_chunk::<2>

Check 1282: std::ptr::swap_chunk::<2>.pointer_dereference.15
	 - Status: SUCCESS
	 - Description: "dereference failure: deallocated dynamic object"
	 - Location: ../../../../../../runner/.rustup/toolchains/nightly-2025-11-21-aarch64-apple-darwin/lib/rustlib/src/rust/library/core/src/ptr/mod.rs:1434:5 in function std::ptr::swap_chunk::<2>

Check 1283: std::ptr::swap_chunk::<2>.pointer_dereference.16
	 - Status: SUCCESS
	 - Description: "dereference failure: dead object"
	 - Location: ../../../../../../runner/.rustup/toolchains/nightly-2025-11-21-aarch64-apple-darwin/lib/rustlib/src/rust/library/core/src/ptr/mod.rs:1434:5 in function std::ptr::swap_chunk::<2>

Check 1284: std::ptr::swap_chunk::<2>.pointer_dereference.17
	 - Status: SUCCESS
	 - Description: "dereference failure: pointer outside object bounds"
	 - Location: ../../../../../../runner/.rustup/toolchains/nightly-2025-11-21-aarch64-apple-darwin/lib/rustlib/src/rust/library/core/src/ptr/mod.rs:1434:5 in function std::ptr::swap_chunk::<2>

Check 1285: std::ptr::swap_chunk::<2>.pointer_dereference.18
	 - Status: SUCCESS
	 - Description: "dereference failure: invalid integer address"
	 - Location: ../../../../../../runner/.rustup/toolchains/nightly-2025-11-21-aarch64-apple-darwin/lib/rustlib/src/rust/library/core/src/ptr/mod.rs:1434:5 in function std::ptr::swap_chunk::<2>

Check 1286: point_construct.pointer_dereference.1
	 - Status: SUCCESS
	 - Description: "dereference failure: pointer NULL"
	 - Location: c/pg_geo_cmp.c:788 in function point_construct

Check 1287: point_construct.pointer_dereference.2
	 - Status: SUCCESS
	 - Description: "dereference failure: pointer invalid"
	 - Location: c/pg_geo_cmp.c:788 in function point_construct

Check 1288: point_construct.pointer_dereference.3
	 - Status: SUCCESS
	 - Description: "dereference failure: deallocated dynamic object"
	 - Location: c/pg_geo_cmp.c:788 in function point_construct

Check 1289: point_construct.pointer_dereference.4
	 - Status: SUCCESS
	 - Description: "dereference failure: dead object"
	 - Location: c/pg_geo_cmp.c:788 in function point_construct

Check 1290: point_construct.pointer_dereference.5
	 - Status: SUCCESS
	 - Description: "dereference failure: pointer outside object bounds"
	 - Location: c/pg_geo_cmp.c:788 in function point_construct

Check 1291: point_construct.pointer_dereference.6
	 - Status: SUCCESS
	 - Description: "dereference failure: invalid integer address"
	 - Location: c/pg_geo_cmp.c:788 in function point_construct

Check 1292: point_construct.pointer_dereference.7
	 - Status: SUCCESS
	 - Description: "dereference failure: pointer NULL"
	 - Location: c/pg_geo_cmp.c:789 in function point_construct

Check 1293: point_construct.pointer_dereference.8
	 - Status: SUCCESS
	 - Description: "dereference failure: pointer invalid"
	 - Location: c/pg_geo_cmp.c:789 in function point_construct

Check 1294: point_construct.pointer_dereference.9
	 - Status: SUCCESS
	 - Description: "dereference failure: deallocated dynamic object"
	 - Location: c/pg_geo_cmp.c:789 in function point_construct

Check 1295: point_construct.pointer_dereference.10
	 - Status: SUCCESS
	 - Description: "dereference failure: dead object"
	 - Location: c/pg_geo_cmp.c:789 in function point_construct

Check 1296: point_construct.pointer_dereference.11
	 - Status: SUCCESS
	 - Description: "dereference failure: pointer outside object bounds"
	 - Location: c/pg_geo_cmp.c:789 in function point_construct

Check 1297: point_construct.pointer_dereference.12
	 - Status: SUCCESS
	 - Description: "dereference failure: invalid integer address"
	 - Location: c/pg_geo_cmp.c:789 in function point_construct

Check 1298: pointer_dereference.1
	 - Status: SUCCESS
	 - Description: "dereference failure: pointer NULL"

Check 1299: pointer_dereference.2
	 - Status: SUCCESS
	 - Description: "dereference failure: pointer invalid"

Check 1300: pointer_dereference.3
	 - Status: SUCCESS
	 - Description: "dereference failure: deallocated dynamic object"

Check 1301: pointer_dereference.4
	 - Status: SUCCESS
	 - Description: "dereference failure: dead object"

Check 1302: pointer_dereference.5
	 - Status: SUCCESS
	 - Description: "dereference failure: pointer outside object bounds"

Check 1303: pointer_dereference.6
	 - Status: SUCCESS
	 - Description: "dereference failure: invalid integer address"

Check 1304: std::vec::Vec::<u8>::append_elements.pointer_dereference.1
	 - Status: SUCCESS
	 - Description: "dereference failure: pointer NULL"
	 - Location: ../../../../../../runner/.rustup/toolchains/nightly-2025-11-21-aarch64-apple-darwin/lib/rustlib/src/rust/library/alloc/src/vec/mod.rs:2743:9 in function std::vec::Vec::<u8>::append_elements

Check 1305: std::vec::Vec::<u8>::append_elements.pointer_dereference.2
	 - Status: SUCCESS
	 - Description: "dereference failure: pointer invalid"
	 - Location: ../../../../../../runner/.rustup/toolchains/nightly-2025-11-21-aarch64-apple-darwin/lib/rustlib/src/rust/library/alloc/src/vec/mod.rs:2743:9 in function std::vec::Vec::<u8>::append_elements

Check 1306: std::vec::Vec::<u8>::append_elements.pointer_dereference.3
	 - Status: SUCCESS
	 - Description: "dereference failure: deallocated dynamic object"
	 - Location: ../../../../../../runner/.rustup/toolchains/nightly-2025-11-21-aarch64-apple-darwin/lib/rustlib/src/rust/library/alloc/src/vec/mod.rs:2743:9 in function std::vec::Vec::<u8>::append_elements

Check 1307: std::vec::Vec::<u8>::append_elements.pointer_dereference.4
	 - Status: SUCCESS
	 - Description: "dereference failure: dead object"
	 - Location: ../../../../../../runner/.rustup/toolchains/nightly-2025-11-21-aarch64-apple-darwin/lib/rustlib/src/rust/library/alloc/src/vec/mod.rs:2743:9 in function std::vec::Vec::<u8>::append_elements

Check 1308: std::vec::Vec::<u8>::append_elements.pointer_dereference.5
	 - Status: SUCCESS
	 - Description: "dereference failure: pointer outside object bounds"
	 - Location: ../../../../../../runner/.rustup/toolchains/nightly-2025-11-21-aarch64-apple-darwin/lib/rustlib/src/rust/library/alloc/src/vec/mod.rs:2743:9 in function std::vec::Vec::<u8>::append_elements

Check 1309: std::vec::Vec::<u8>::append_elements.pointer_dereference.6
	 - Status: SUCCESS
	 - Description: "dereference failure: invalid integer address"
	 - Location: ../../../../../../runner/.rustup/toolchains/nightly-2025-11-21-aarch64-apple-darwin/lib/rustlib/src/rust/library/alloc/src/vec/mod.rs:2743:9 in function std::vec::Vec::<u8>::append_elements

Check 1310: std::alloc::Layout::pad_to_align.pointer_dereference.1
	 - Status: SUCCESS
	 - Description: "dereference failure: pointer NULL"
	 - Location: ../../../../../../runner/.rustup/toolchains/nightly-2025-11-21-aarch64-apple-darwin/lib/rustlib/src/rust/library/core/src/alloc/layout.rs:324:61 in function std::alloc::Layout::pad_to_align

Check 1311: std::alloc::Layout::pad_to_align.pointer_dereference.2
	 - Status: SUCCESS
	 - Description: "dereference failure: pointer invalid"
	 - Location: ../../../../../../runner/.rustup/toolchains/nightly-2025-11-21-aarch64-apple-darwin/lib/rustlib/src/rust/library/core/src/alloc/layout.rs:324:61 in function std::alloc::Layout::pad_to_align

Check 1312: std::alloc::Layout::pad_to_align.pointer_dereference.3
	 - Status: SUCCESS
	 - Description: "dereference failure: deallocated dynamic object"
	 - Location: ../../../../../../runner/.rustup/toolchains/nightly-2025-11-21-aarch64-apple-darwin/lib/rustlib/src/rust/library/core/src/alloc/layout.rs:324:61 in function std::alloc::Layout::pad_to_align

Check 1313: std::alloc::Layout::pad_to_align.pointer_dereference.4
	 - Status: SUCCESS
	 - Description: "dereference failure: dead object"
	 - Location: ../../../../../../runner/.rustup/toolchains/nightly-2025-11-21-aarch64-apple-darwin/lib/rustlib/src/rust/library/core/src/alloc/layout.rs:324:61 in function std::alloc::Layout::pad_to_align

Check 1314: std::alloc::Layout::pad_to_align.pointer_dereference.5
	 - Status: SUCCESS
	 - Description: "dereference failure: pointer outside object bounds"
	 - Location: ../../../../../../runner/.rustup/toolchains/nightly-2025-11-21-aarch64-apple-darwin/lib/rustlib/src/rust/library/core/src/alloc/layout.rs:324:61 in function std::alloc::Layout::pad_to_align

Check 1315: std::alloc::Layout::pad_to_align.pointer_dereference.6
	 - Status: SUCCESS
	 - Description: "dereference failure: invalid integer address"
	 - Location: ../../../../../../runner/.rustup/toolchains/nightly-2025-11-21-aarch64-apple-darwin/lib/rustlib/src/rust/library/core/src/alloc/layout.rs:324:61 in function std::alloc::Layout::pad_to_align

Check 1316: std::ptr::drop_in_place::<std::option::Option<std::vec::Vec<u8>>>.pointer_dereference.1
	 - Status: SUCCESS
	 - Description: "dereference failure: pointer NULL"
	 - Location: ../../../../../../runner/.rustup/toolchains/nightly-2025-11-21-aarch64-apple-darwin/lib/rustlib/src/rust/library/core/src/ptr/mod.rs:805:1 in function std::ptr::drop_in_place::<std::option::Option<std::vec::Vec<u8>>>

Check 1317: std::ptr::drop_in_place::<std::option::Option<std::vec::Vec<u8>>>.pointer_dereference.2
	 - Status: SUCCESS
	 - Description: "dereference failure: pointer invalid"
	 - Location: ../../../../../../runner/.rustup/toolchains/nightly-2025-11-21-aarch64-apple-darwin/lib/rustlib/src/rust/library/core/src/ptr/mod.rs:805:1 in function std::ptr::drop_in_place::<std::option::Option<std::vec::Vec<u8>>>

Check 1318: std::ptr::drop_in_place::<std::option::Option<std::vec::Vec<u8>>>.pointer_dereference.3
	 - Status: SUCCESS
	 - Description: "dereference failure: deallocated dynamic object"
	 - Location: ../../../../../../runner/.rustup/toolchains/nightly-2025-11-21-aarch64-apple-darwin/lib/rustlib/src/rust/library/core/src/ptr/mod.rs:805:1 in function std::ptr::drop_in_place::<std::option::Option<std::vec::Vec<u8>>>

Check 1319: std::ptr::drop_in_place::<std::option::Option<std::vec::Vec<u8>>>.pointer_dereference.4
	 - Status: SUCCESS
	 - Description: "dereference failure: dead object"
	 - Location: ../../../../../../runner/.rustup/toolchains/nightly-2025-11-21-aarch64-apple-darwin/lib/rustlib/src/rust/library/core/src/ptr/mod.rs:805:1 in function std::ptr::drop_in_place::<std::option::Option<std::vec::Vec<u8>>>

Check 1320: std::ptr::drop_in_place::<std::option::Option<std::vec::Vec<u8>>>.pointer_dereference.5
	 - Status: SUCCESS
	 - Description: "dereference failure: pointer outside object bounds"
	 - Location: ../../../../../../runner/.rustup/toolchains/nightly-2025-11-21-aarch64-apple-darwin/lib/rustlib/src/rust/library/core/src/ptr/mod.rs:805:1 in function std::ptr::drop_in_place::<std::option::Option<std::vec::Vec<u8>>>

Check 1321: std::ptr::drop_in_place::<std::option::Option<std::vec::Vec<u8>>>.pointer_dereference.6
	 - Status: SUCCESS
	 - Description: "dereference failure: invalid integer address"
	 - Location: ../../../../../../runner/.rustup/toolchains/nightly-2025-11-21-aarch64-apple-darwin/lib/rustlib/src/rust/library/core/src/ptr/mod.rs:805:1 in function std::ptr::drop_in_place::<std::option::Option<std::vec::Vec<u8>>>

Check 1322: std::ptr::NonNull::<[u8; 8]>::as_ref::<'_>.pointer_dereference.1
	 - Status: SUCCESS
	 - Description: "dereference failure: pointer NULL"
	 - Location: ../../../../../../runner/.rustup/toolchains/nightly-2025-11-21-aarch64-apple-darwin/lib/rustlib/src/rust/library/core/src/ptr/non_null.rs:445:20 in function std::ptr::NonNull::<[u8; 8]>::as_ref::<'_>

Check 1323: std::ptr::NonNull::<[u8; 8]>::as_ref::<'_>.pointer_dereference.2
	 - Status: SUCCESS
	 - Description: "dereference failure: pointer invalid"
	 - Location: ../../../../../../runner/.rustup/toolchains/nightly-2025-11-21-aarch64-apple-darwin/lib/rustlib/src/rust/library/core/src/ptr/non_null.rs:445:20 in function std::ptr::NonNull::<[u8; 8]>::as_ref::<'_>

Check 1324: std::ptr::NonNull::<[u8; 8]>::as_ref::<'_>.pointer_dereference.3
	 - Status: SUCCESS
	 - Description: "dereference failure: deallocated dynamic object"
	 - Location: ../../../../../../runner/.rustup/toolchains/nightly-2025-11-21-aarch64-apple-darwin/lib/rustlib/src/rust/library/core/src/ptr/non_null.rs:445:20 in function std::ptr::NonNull::<[u8; 8]>::as_ref::<'_>

Check 1325: std::ptr::NonNull::<[u8; 8]>::as_ref::<'_>.pointer_dereference.4
	 - Status: SUCCESS
	 - Description: "dereference failure: dead object"
	 - Location: ../../../../../../runner/.rustup/toolchains/nightly-2025-11-21-aarch64-apple-darwin/lib/rustlib/src/rust/library/core/src/ptr/non_null.rs:445:20 in function std::ptr::NonNull::<[u8; 8]>::as_ref::<'_>

Check 1326: std::ptr::NonNull::<[u8; 8]>::as_ref::<'_>.pointer_dereference.5
	 - Status: SUCCESS
	 - Description: "dereference failure: pointer outside object bounds"
	 - Location: ../../../../../../runner/.rustup/toolchains/nightly-2025-11-21-aarch64-apple-darwin/lib/rustlib/src/rust/library/core/src/ptr/non_null.rs:445:20 in function std::ptr::NonNull::<[u8; 8]>::as_ref::<'_>

Check 1327: std::ptr::NonNull::<[u8; 8]>::as_ref::<'_>.pointer_dereference.6
	 - Status: SUCCESS
	 - Description: "dereference failure: invalid integer address"
	 - Location: ../../../../../../runner/.rustup/toolchains/nightly-2025-11-21-aarch64-apple-darwin/lib/rustlib/src/rust/library/core/src/ptr/non_null.rs:445:20 in function std::ptr::NonNull::<[u8; 8]>::as_ref::<'_>

Check 1328: std::alloc::Layout::repeat.pointer_dereference.1
	 - Status: SUCCESS
	 - Description: "dereference failure: dead object"
	 - Location: ../../../../../../runner/.rustup/toolchains/nightly-2025-11-21-aarch64-apple-darwin/lib/rustlib/src/rust/library/core/src/alloc/layout.rs:361:31 in function std::alloc::Layout::repeat

Check 1329: std::alloc::Layout::repeat.pointer_dereference.2
	 - Status: SUCCESS
	 - Description: "dereference failure: dead object"
	 - Location: ../../../../../../runner/.rustup/toolchains/nightly-2025-11-21-aarch64-apple-darwin/lib/rustlib/src/rust/library/core/src/alloc/layout.rs:364:13 in function std::alloc::Layout::repeat

Check 1330: std::ptr::swap_nonoverlapping::runtime::<f64>.pointer_dereference.1
	 - Status: SUCCESS
	 - Description: "dereference failure: dead object"
	 - Location: ../../../../../../runner/.rustup/toolchains/nightly-2025-11-21-aarch64-apple-darwin/lib/rustlib/src/rust/library/core/src/ptr/mod.rs:1392:34 in function std::ptr::swap_nonoverlapping::runtime::<f64>

Check 1331: std::alloc::Layout::size.pointer_dereference.1
	 - Status: SUCCESS
	 - Description: "dereference failure: pointer NULL"
	 - Location: ../../../../../../runner/.rustup/toolchains/nightly-2025-11-21-aarch64-apple-darwin/lib/rustlib/src/rust/library/core/src/alloc/layout.rs:140:9 in function std::alloc::Layout::size

Check 1332: std::alloc::Layout::size.pointer_dereference.2
	 - Status: SUCCESS
	 - Description: "dereference failure: pointer invalid"
	 - Location: ../../../../../../runner/.rustup/toolchains/nightly-2025-11-21-aarch64-apple-darwin/lib/rustlib/src/rust/library/core/src/alloc/layout.rs:140:9 in function std::alloc::Layout::size

Check 1333: std::alloc::Layout::size.pointer_dereference.3
	 - Status: SUCCESS
	 - Description: "dereference failure: deallocated dynamic object"
	 - Location: ../../../../../../runner/.rustup/toolchains/nightly-2025-11-21-aarch64-apple-darwin/lib/rustlib/src/rust/library/core/src/alloc/layout.rs:140:9 in function std::alloc::Layout::size

Check 1334: std::alloc::Layout::size.pointer_dereference.4
	 - Status: SUCCESS
	 - Description: "dereference failure: dead object"
	 - Location: ../../../../../../runner/.rustup/toolchains/nightly-2025-11-21-aarch64-apple-darwin/lib/rustlib/src/rust/library/core/src/alloc/layout.rs:140:9 in function std::alloc::Layout::size

Check 1335: std::alloc::Layout::size.pointer_dereference.5
	 - Status: SUCCESS
	 - Description: "dereference failure: pointer outside object bounds"
	 - Location: ../../../../../../runner/.rustup/toolchains/nightly-2025-11-21-aarch64-apple-darwin/lib/rustlib/src/rust/library/core/src/alloc/layout.rs:140:9 in function std::alloc::Layout::size

Check 1336: std::alloc::Layout::size.pointer_dereference.6
	 - Status: SUCCESS
	 - Description: "dereference failure: invalid integer address"
	 - Location: ../../../../../../runner/.rustup/toolchains/nightly-2025-11-21-aarch64-apple-darwin/lib/rustlib/src/rust/library/core/src/alloc/layout.rs:140:9 in function std::alloc::Layout::size

Check 1337: std::ptr::write_bytes::<u8>.precondition_instance.1
	 - Status: SUCCESS
	 - Description: "memset destination region writeable"
	 - Location: ../../../../../../runner/.rustup/toolchains/nightly-2025-11-21-aarch64-apple-darwin/lib/rustlib/src/rust/library/core/src/ptr/mod.rs:709:9 in function std::ptr::write_bytes::<u8>

Check 1338: std::result::Result::<std::ptr::NonNull<[u8]>, std::alloc::AllocError>::map_err::<std::collections::TryReserveError, {closure@alloc::raw_vec::RawVecInner::finish_grow::{closure#0}}>.pointer_dereference.1
	 - Status: SUCCESS
	 - Description: "dereference failure: dead object"
	 - Location: ../../../../../../runner/.rustup/toolchains/nightly-2025-11-21-aarch64-apple-darwin/lib/rustlib/src/rust/library/core/src/result.rs:966:15 in function std::result::Result::<std::ptr::NonNull<[u8]>, std::alloc::AllocError>::map_err::<std::collections::TryReserveError, {closure@alloc::raw_vec::RawVecInner::finish_grow::{closure#0}}>

Check 1339: <std::result::Result<usize, std::collections::TryReserveErrorKind> as std::ops::Try>::branch.pointer_dereference.1
	 - Status: SUCCESS
	 - Description: "dereference failure: dead object"
	 - Location: ../../../../../../runner/.rustup/toolchains/nightly-2025-11-21-aarch64-apple-darwin/lib/rustlib/src/rust/library/core/src/result.rs:2173:15 in function <std::result::Result<usize, std::collections::TryReserveErrorKind> as std::ops::Try>::branch

Check 1340: <std::result::Result<usize, std::collections::TryReserveErrorKind> as std::ops::Try>::branch.pointer_dereference.2
	 - Status: SUCCESS
	 - Description: "dereference failure: dead object"
	 - Location: ../../../../../../runner/.rustup/toolchains/nightly-2025-11-21-aarch64-apple-darwin/lib/rustlib/src/rust/library/core/src/result.rs:2174:22 in function <std::result::Result<usize, std::collections::TryReserveErrorKind> as std::ops::Try>::branch

Check 1341: alloc::raw_vec::RawVecInner::deallocate.pointer_dereference.1
	 - Status: SUCCESS
	 - Description: "dereference failure: dead object"
	 - Location: ../../../../../../runner/.rustup/toolchains/nightly-2025-11-21-aarch64-apple-darwin/lib/rustlib/src/rust/library/alloc/src/raw_vec/mod.rs:832:38 in function alloc::raw_vec::RawVecInner::deallocate

Check 1342: <std::boxed::Box<types_error::PgError> as std::ops::Drop>::drop.pointer_dereference.1
	 - Status: SUCCESS
	 - Description: "dereference failure: pointer NULL"
	 - Location: ../../../../../../runner/.rustup/toolchains/nightly-2025-11-21-aarch64-apple-darwin/lib/rustlib/src/rust/library/alloc/src/boxed.rs:1761:19 in function <std::boxed::Box<types_error::PgError> as std::ops::Drop>::drop

Check 1343: <std::boxed::Box<types_error::PgError> as std::ops::Drop>::drop.pointer_dereference.2
	 - Status: SUCCESS
	 - Description: "dereference failure: pointer invalid"
	 - Location: ../../../../../../runner/.rustup/toolchains/nightly-2025-11-21-aarch64-apple-darwin/lib/rustlib/src/rust/library/alloc/src/boxed.rs:1761:19 in function <std::boxed::Box<types_error::PgError> as std::ops::Drop>::drop

Check 1344: <std::boxed::Box<types_error::PgError> as std::ops::Drop>::drop.pointer_dereference.3
	 - Status: SUCCESS
	 - Description: "dereference failure: deallocated dynamic object"
	 - Location: ../../../../../../runner/.rustup/toolchains/nightly-2025-11-21-aarch64-apple-darwin/lib/rustlib/src/rust/library/alloc/src/boxed.rs:1761:19 in function <std::boxed::Box<types_error::PgError> as std::ops::Drop>::drop

Check 1345: <std::boxed::Box<types_error::PgError> as std::ops::Drop>::drop.pointer_dereference.4
	 - Status: SUCCESS
	 - Description: "dereference failure: dead object"
	 - Location: ../../../../../../runner/.rustup/toolchains/nightly-2025-11-21-aarch64-apple-darwin/lib/rustlib/src/rust/library/alloc/src/boxed.rs:1761:19 in function <std::boxed::Box<types_error::PgError> as std::ops::Drop>::drop

Check 1346: <std::boxed::Box<types_error::PgError> as std::ops::Drop>::drop.pointer_dereference.5
	 - Status: SUCCESS
	 - Description: "dereference failure: pointer outside object bounds"
	 - Location: ../../../../../../runner/.rustup/toolchains/nightly-2025-11-21-aarch64-apple-darwin/lib/rustlib/src/rust/library/alloc/src/boxed.rs:1761:19 in function <std::boxed::Box<types_error::PgError> as std::ops::Drop>::drop

Check 1347: <std::boxed::Box<types_error::PgError> as std::ops::Drop>::drop.pointer_dereference.6
	 - Status: SUCCESS
	 - Description: "dereference failure: invalid integer address"
	 - Location: ../../../../../../runner/.rustup/toolchains/nightly-2025-11-21-aarch64-apple-darwin/lib/rustlib/src/rust/library/alloc/src/boxed.rs:1761:19 in function <std::boxed::Box<types_error::PgError> as std::ops::Drop>::drop

Check 1348: adt_geo::box_ov.pointer_dereference.1
	 - Status: SUCCESS
	 - Description: "dereference failure: pointer NULL"
	 - Location: ../../crates/backend/utils/adt/geo/src/lib.rs:67:10 in function adt_geo::box_ov

Check 1349: adt_geo::box_ov.pointer_dereference.2
	 - Status: SUCCESS
	 - Description: "dereference failure: pointer invalid"
	 - Location: ../../crates/backend/utils/adt/geo/src/lib.rs:67:10 in function adt_geo::box_ov

Check 1350: adt_geo::box_ov.pointer_dereference.3
	 - Status: SUCCESS
	 - Description: "dereference failure: deallocated dynamic object"
	 - Location: ../../crates/backend/utils/adt/geo/src/lib.rs:67:10 in function adt_geo::box_ov

Check 1351: adt_geo::box_ov.pointer_dereference.4
	 - Status: SUCCESS
	 - Description: "dereference failure: dead object"
	 - Location: ../../crates/backend/utils/adt/geo/src/lib.rs:67:10 in function adt_geo::box_ov

Check 1352: adt_geo::box_ov.pointer_dereference.5
	 - Status: SUCCESS
	 - Description: "dereference failure: pointer outside object bounds"
	 - Location: ../../crates/backend/utils/adt/geo/src/lib.rs:67:10 in function adt_geo::box_ov

Check 1353: adt_geo::box_ov.pointer_dereference.6
	 - Status: SUCCESS
	 - Description: "dereference failure: invalid integer address"
	 - Location: ../../crates/backend/utils/adt/geo/src/lib.rs:67:10 in function adt_geo::box_ov

Check 1354: adt_geo::box_ov.pointer_dereference.7
	 - Status: SUCCESS
	 - Description: "dereference failure: pointer NULL"
	 - Location: ../../crates/backend/utils/adt/geo/src/lib.rs:67:22 in function adt_geo::box_ov

Check 1355: adt_geo::box_ov.pointer_dereference.8
	 - Status: SUCCESS
	 - Description: "dereference failure: pointer invalid"
	 - Location: ../../crates/backend/utils/adt/geo/src/lib.rs:67:22 in function adt_geo::box_ov

Check 1356: adt_geo::box_ov.pointer_dereference.9
	 - Status: SUCCESS
	 - Description: "dereference failure: deallocated dynamic object"
	 - Location: ../../crates/backend/utils/adt/geo/src/lib.rs:67:22 in function adt_geo::box_ov

Check 1357: adt_geo::box_ov.pointer_dereference.10
	 - Status: SUCCESS
	 - Description: "dereference failure: dead object"
	 - Location: ../../crates/backend/utils/adt/geo/src/lib.rs:67:22 in function adt_geo::box_ov

Check 1358: adt_geo::box_ov.pointer_dereference.11
	 - Status: SUCCESS
	 - Description: "dereference failure: pointer outside object bounds"
	 - Location: ../../crates/backend/utils/adt/geo/src/lib.rs:67:22 in function adt_geo::box_ov

Check 1359: adt_geo::box_ov.pointer_dereference.12
	 - Status: SUCCESS
	 - Description: "dereference failure: invalid integer address"
	 - Location: ../../crates/backend/utils/adt/geo/src/lib.rs:67:22 in function adt_geo::box_ov

Check 1360: adt_geo::box_ov.pointer_dereference.13
	 - Status: SUCCESS
	 - Description: "dereference failure: pointer NULL"
	 - Location: ../../crates/backend/utils/adt/geo/src/lib.rs:68:17 in function adt_geo::box_ov

Check 1361: adt_geo::box_ov.pointer_dereference.14
	 - Status: SUCCESS
	 - Description: "dereference failure: pointer invalid"
	 - Location: ../../crates/backend/utils/adt/geo/src/lib.rs:68:17 in function adt_geo::box_ov

Check 1362: adt_geo::box_ov.pointer_dereference.15
	 - Status: SUCCESS
	 - Description: "dereference failure: deallocated dynamic object"
	 - Location: ../../crates/backend/utils/adt/geo/src/lib.rs:68:17 in function adt_geo::box_ov

Check 1363: adt_geo::box_ov.pointer_dereference.16
	 - Status: SUCCESS
	 - Description: "dereference failure: dead object"
	 - Location: ../../crates/backend/utils/adt/geo/src/lib.rs:68:17 in function adt_geo::box_ov

Check 1364: adt_geo::box_ov.pointer_dereference.17
	 - Status: SUCCESS
	 - Description: "dereference failure: pointer outside object bounds"
	 - Location: ../../crates/backend/utils/adt/geo/src/lib.rs:68:17 in function adt_geo::box_ov

Check 1365: adt_geo::box_ov.pointer_dereference.18
	 - Status: SUCCESS
	 - Description: "dereference failure: invalid integer address"
	 - Location: ../../crates/backend/utils/adt/geo/src/lib.rs:68:17 in function adt_geo::box_ov

Check 1366: adt_geo::box_ov.pointer_dereference.19
	 - Status: SUCCESS
	 - Description: "dereference failure: pointer NULL"
	 - Location: ../../crates/backend/utils/adt/geo/src/lib.rs:68:29 in function adt_geo::box_ov

Check 1367: adt_geo::box_ov.pointer_dereference.20
	 - Status: SUCCESS
	 - Description: "dereference failure: pointer invalid"
	 - Location: ../../crates/backend/utils/adt/geo/src/lib.rs:68:29 in function adt_geo::box_ov

Check 1368: adt_geo::box_ov.pointer_dereference.21
	 - Status: SUCCESS
	 - Description: "dereference failure: deallocated dynamic object"
	 - Location: ../../crates/backend/utils/adt/geo/src/lib.rs:68:29 in function adt_geo::box_ov

Check 1369: adt_geo::box_ov.pointer_dereference.22
	 - Status: SUCCESS
	 - Description: "dereference failure: dead object"
	 - Location: ../../crates/backend/utils/adt/geo/src/lib.rs:68:29 in function adt_geo::box_ov

Check 1370: adt_geo::box_ov.pointer_dereference.23
	 - Status: SUCCESS
	 - Description: "dereference failure: pointer outside object bounds"
	 - Location: ../../crates/backend/utils/adt/geo/src/lib.rs:68:29 in function adt_geo::box_ov

Check 1371: adt_geo::box_ov.pointer_dereference.24
	 - Status: SUCCESS
	 - Description: "dereference failure: invalid integer address"
	 - Location: ../../crates/backend/utils/adt/geo/src/lib.rs:68:29 in function adt_geo::box_ov

Check 1372: adt_geo::box_ov.pointer_dereference.25
	 - Status: SUCCESS
	 - Description: "dereference failure: pointer NULL"
	 - Location: ../../crates/backend/utils/adt/geo/src/lib.rs:69:17 in function adt_geo::box_ov

Check 1373: adt_geo::box_ov.pointer_dereference.26
	 - Status: SUCCESS
	 - Description: "dereference failure: pointer invalid"
	 - Location: ../../crates/backend/utils/adt/geo/src/lib.rs:69:17 in function adt_geo::box_ov

Check 1374: adt_geo::box_ov.pointer_dereference.27
	 - Status: SUCCESS
	 - Description: "dereference failure: deallocated dynamic object"
	 - Location: ../../crates/backend/utils/adt/geo/src/lib.rs:69:17 in function adt_geo::box_ov

Check 1375: adt_geo::box_ov.pointer_dereference.28
	 - Status: SUCCESS
	 - Description: "dereference failure: dead object"
	 - Location: ../../crates/backend/utils/adt/geo/src/lib.rs:69:17 in function adt_geo::box_ov

Check 1376: adt_geo::box_ov.pointer_dereference.29
	 - Status: SUCCESS
	 - Description: "dereference failure: pointer outside object bounds"
	 - Location: ../../crates/backend/utils/adt/geo/src/lib.rs:69:17 in function adt_geo::box_ov

Check 1377: adt_geo::box_ov.pointer_dereference.30
	 - Status: SUCCESS
	 - Description: "dereference failure: invalid integer address"
	 - Location: ../../crates/backend/utils/adt/geo/src/lib.rs:69:17 in function adt_geo::box_ov

Check 1378: adt_geo::box_ov.pointer_dereference.31
	 - Status: SUCCESS
	 - Description: "dereference failure: pointer NULL"
	 - Location: ../../crates/backend/utils/adt/geo/src/lib.rs:69:29 in function adt_geo::box_ov

Check 1379: adt_geo::box_ov.pointer_dereference.32
	 - Status: SUCCESS
	 - Description: "dereference failure: pointer invalid"
	 - Location: ../../crates/backend/utils/adt/geo/src/lib.rs:69:29 in function adt_geo::box_ov

Check 1380: adt_geo::box_ov.pointer_dereference.33
	 - Status: SUCCESS
	 - Description: "dereference failure: deallocated dynamic object"
	 - Location: ../../crates/backend/utils/adt/geo/src/lib.rs:69:29 in function adt_geo::box_ov

Check 1381: adt_geo::box_ov.pointer_dereference.34
	 - Status: SUCCESS
	 - Description: "dereference failure: dead object"
	 - Location: ../../crates/backend/utils/adt/geo/src/lib.rs:69:29 in function adt_geo::box_ov

Check 1382: adt_geo::box_ov.pointer_dereference.35
	 - Status: SUCCESS
	 - Description: "dereference failure: pointer outside object bounds"
	 - Location: ../../crates/backend/utils/adt/geo/src/lib.rs:69:29 in function adt_geo::box_ov

Check 1383: adt_geo::box_ov.pointer_dereference.36
	 - Status: SUCCESS
	 - Description: "dereference failure: invalid integer address"
	 - Location: ../../crates/backend/utils/adt/geo/src/lib.rs:69:29 in function adt_geo::box_ov

Check 1384: adt_geo::box_ov.pointer_dereference.37
	 - Status: SUCCESS
	 - Description: "dereference failure: pointer NULL"
	 - Location: ../../crates/backend/utils/adt/geo/src/lib.rs:70:17 in function adt_geo::box_ov

Check 1385: adt_geo::box_ov.pointer_dereference.38
	 - Status: SUCCESS
	 - Description: "dereference failure: pointer invalid"
	 - Location: ../../crates/backend/utils/adt/geo/src/lib.rs:70:17 in function adt_geo::box_ov

Check 1386: adt_geo::box_ov.pointer_dereference.39
	 - Status: SUCCESS
	 - Description: "dereference failure: deallocated dynamic object"
	 - Location: ../../crates/backend/utils/adt/geo/src/lib.rs:70:17 in function adt_geo::box_ov

Check 1387: adt_geo::box_ov.pointer_dereference.40
	 - Status: SUCCESS
	 - Description: "dereference failure: dead object"
	 - Location: ../../crates/backend/utils/adt/geo/src/lib.rs:70:17 in function adt_geo::box_ov

Check 1388: adt_geo::box_ov.pointer_dereference.41
	 - Status: SUCCESS
	 - Description: "dereference failure: pointer outside object bounds"
	 - Location: ../../crates/backend/utils/adt/geo/src/lib.rs:70:17 in function adt_geo::box_ov

Check 1389: adt_geo::box_ov.pointer_dereference.42
	 - Status: SUCCESS
	 - Description: "dereference failure: invalid integer address"
	 - Location: ../../crates/backend/utils/adt/geo/src/lib.rs:70:17 in function adt_geo::box_ov

Check 1390: adt_geo::box_ov.pointer_dereference.43
	 - Status: SUCCESS
	 - Description: "dereference failure: pointer NULL"
	 - Location: ../../crates/backend/utils/adt/geo/src/lib.rs:70:29 in function adt_geo::box_ov

Check 1391: adt_geo::box_ov.pointer_dereference.44
	 - Status: SUCCESS
	 - Description: "dereference failure: pointer invalid"
	 - Location: ../../crates/backend/utils/adt/geo/src/lib.rs:70:29 in function adt_geo::box_ov

Check 1392: adt_geo::box_ov.pointer_dereference.45
	 - Status: SUCCESS
	 - Description: "dereference failure: deallocated dynamic object"
	 - Location: ../../crates/backend/utils/adt/geo/src/lib.rs:70:29 in function adt_geo::box_ov

Check 1393: adt_geo::box_ov.pointer_dereference.46
	 - Status: SUCCESS
	 - Description: "dereference failure: dead object"
	 - Location: ../../crates/backend/utils/adt/geo/src/lib.rs:70:29 in function adt_geo::box_ov

Check 1394: adt_geo::box_ov.pointer_dereference.47
	 - Status: SUCCESS
	 - Description: "dereference failure: pointer outside object bounds"
	 - Location: ../../crates/backend/utils/adt/geo/src/lib.rs:70:29 in function adt_geo::box_ov

Check 1395: adt_geo::box_ov.pointer_dereference.48
	 - Status: SUCCESS
	 - Description: "dereference failure: invalid integer address"
	 - Location: ../../crates/backend/utils/adt/geo/src/lib.rs:70:29 in function adt_geo::box_ov

Check 1396: std::alloc::Layout::align.pointer_dereference.1
	 - Status: SUCCESS
	 - Description: "dereference failure: pointer NULL"
	 - Location: ../../../../../../runner/.rustup/toolchains/nightly-2025-11-21-aarch64-apple-darwin/lib/rustlib/src/rust/library/core/src/alloc/layout.rs:152:9 in function std::alloc::Layout::align

Check 1397: std::alloc::Layout::align.pointer_dereference.2
	 - Status: SUCCESS
	 - Description: "dereference failure: pointer invalid"
	 - Location: ../../../../../../runner/.rustup/toolchains/nightly-2025-11-21-aarch64-apple-darwin/lib/rustlib/src/rust/library/core/src/alloc/layout.rs:152:9 in function std::alloc::Layout::align

Check 1398: std::alloc::Layout::align.pointer_dereference.3
	 - Status: SUCCESS
	 - Description: "dereference failure: deallocated dynamic object"
	 - Location: ../../../../../../runner/.rustup/toolchains/nightly-2025-11-21-aarch64-apple-darwin/lib/rustlib/src/rust/library/core/src/alloc/layout.rs:152:9 in function std::alloc::Layout::align

Check 1399: std::alloc::Layout::align.pointer_dereference.4
	 - Status: SUCCESS
	 - Description: "dereference failure: dead object"
	 - Location: ../../../../../../runner/.rustup/toolchains/nightly-2025-11-21-aarch64-apple-darwin/lib/rustlib/src/rust/library/core/src/alloc/layout.rs:152:9 in function std::alloc::Layout::align

Check 1400: std::alloc::Layout::align.pointer_dereference.5
	 - Status: SUCCESS
	 - Description: "dereference failure: pointer outside object bounds"
	 - Location: ../../../../../../runner/.rustup/toolchains/nightly-2025-11-21-aarch64-apple-darwin/lib/rustlib/src/rust/library/core/src/alloc/layout.rs:152:9 in function std::alloc::Layout::align

Check 1401: std::alloc::Layout::align.pointer_dereference.6
	 - Status: SUCCESS
	 - Description: "dereference failure: invalid integer address"
	 - Location: ../../../../../../runner/.rustup/toolchains/nightly-2025-11-21-aarch64-apple-darwin/lib/rustlib/src/rust/library/core/src/alloc/layout.rs:152:9 in function std::alloc::Layout::align

Check 1402: std::cmp::impls::<impl std::cmp::PartialOrd for i32>::partial_cmp.pointer_dereference.1
	 - Status: SUCCESS
	 - Description: "dereference failure: pointer NULL"
	 - Location: ../../../../../../runner/.rustup/toolchains/nightly-2025-11-21-aarch64-apple-darwin/lib/rustlib/src/rust/library/core/src/cmp.rs:1987:63 in function std::cmp::impls::<impl std::cmp::PartialOrd for i32>::partial_cmp

Check 1403: std::cmp::impls::<impl std::cmp::PartialOrd for i32>::partial_cmp.pointer_dereference.2
	 - Status: SUCCESS
	 - Description: "dereference failure: pointer invalid"
	 - Location: ../../../../../../runner/.rustup/toolchains/nightly-2025-11-21-aarch64-apple-darwin/lib/rustlib/src/rust/library/core/src/cmp.rs:1987:63 in function std::cmp::impls::<impl std::cmp::PartialOrd for i32>::partial_cmp

Check 1404: std::cmp::impls::<impl std::cmp::PartialOrd for i32>::partial_cmp.pointer_dereference.3
	 - Status: SUCCESS
	 - Description: "dereference failure: deallocated dynamic object"
	 - Location: ../../../../../../runner/.rustup/toolchains/nightly-2025-11-21-aarch64-apple-darwin/lib/rustlib/src/rust/library/core/src/cmp.rs:1987:63 in function std::cmp::impls::<impl std::cmp::PartialOrd for i32>::partial_cmp

Check 1405: std::cmp::impls::<impl std::cmp::PartialOrd for i32>::partial_cmp.pointer_dereference.4
	 - Status: SUCCESS
	 - Description: "dereference failure: dead object"
	 - Location: ../../../../../../runner/.rustup/toolchains/nightly-2025-11-21-aarch64-apple-darwin/lib/rustlib/src/rust/library/core/src/cmp.rs:1987:63 in function std::cmp::impls::<impl std::cmp::PartialOrd for i32>::partial_cmp

Check 1406: std::cmp::impls::<impl std::cmp::PartialOrd for i32>::partial_cmp.pointer_dereference.5
	 - Status: SUCCESS
	 - Description: "dereference failure: pointer outside object bounds"
	 - Location: ../../../../../../runner/.rustup/toolchains/nightly-2025-11-21-aarch64-apple-darwin/lib/rustlib/src/rust/library/core/src/cmp.rs:1987:63 in function std::cmp::impls::<impl std::cmp::PartialOrd for i32>::partial_cmp

Check 1407: std::cmp::impls::<impl std::cmp::PartialOrd for i32>::partial_cmp.pointer_dereference.6
	 - Status: SUCCESS
	 - Description: "dereference failure: invalid integer address"
	 - Location: ../../../../../../runner/.rustup/toolchains/nightly-2025-11-21-aarch64-apple-darwin/lib/rustlib/src/rust/library/core/src/cmp.rs:1987:63 in function std::cmp::impls::<impl std::cmp::PartialOrd for i32>::partial_cmp

Check 1408: std::cmp::impls::<impl std::cmp::PartialOrd for i32>::partial_cmp.pointer_dereference.7
	 - Status: SUCCESS
	 - Description: "dereference failure: pointer NULL"
	 - Location: ../../../../../../runner/.rustup/toolchains/nightly-2025-11-21-aarch64-apple-darwin/lib/rustlib/src/rust/library/core/src/cmp.rs:1987:70 in function std::cmp::impls::<impl std::cmp::PartialOrd for i32>::partial_cmp

Check 1409: std::cmp::impls::<impl std::cmp::PartialOrd for i32>::partial_cmp.pointer_dereference.8
	 - Status: SUCCESS
	 - Description: "dereference failure: pointer invalid"
	 - Location: ../../../../../../runner/.rustup/toolchains/nightly-2025-11-21-aarch64-apple-darwin/lib/rustlib/src/rust/library/core/src/cmp.rs:1987:70 in function std::cmp::impls::<impl std::cmp::PartialOrd for i32>::partial_cmp

Check 1410: std::cmp::impls::<impl std::cmp::PartialOrd for i32>::partial_cmp.pointer_dereference.9
	 - Status: SUCCESS
	 - Description: "dereference failure: deallocated dynamic object"
	 - Location: ../../../../../../runner/.rustup/toolchains/nightly-2025-11-21-aarch64-apple-darwin/lib/rustlib/src/rust/library/core/src/cmp.rs:1987:70 in function std::cmp::impls::<impl std::cmp::PartialOrd for i32>::partial_cmp

Check 1411: std::cmp::impls::<impl std::cmp::PartialOrd for i32>::partial_cmp.pointer_dereference.10
	 - Status: SUCCESS
	 - Description: "dereference failure: dead object"
	 - Location: ../../../../../../runner/.rustup/toolchains/nightly-2025-11-21-aarch64-apple-darwin/lib/rustlib/src/rust/library/core/src/cmp.rs:1987:70 in function std::cmp::impls::<impl std::cmp::PartialOrd for i32>::partial_cmp

Check 1412: std::cmp::impls::<impl std::cmp::PartialOrd for i32>::partial_cmp.pointer_dereference.11
	 - Status: SUCCESS
	 - Description: "dereference failure: pointer outside object bounds"
	 - Location: ../../../../../../runner/.rustup/toolchains/nightly-2025-11-21-aarch64-apple-darwin/lib/rustlib/src/rust/library/core/src/cmp.rs:1987:70 in function std::cmp::impls::<impl std::cmp::PartialOrd for i32>::partial_cmp

Check 1413: std::cmp::impls::<impl std::cmp::PartialOrd for i32>::partial_cmp.pointer_dereference.12
	 - Status: SUCCESS
	 - Description: "dereference failure: invalid integer address"
	 - Location: ../../../../../../runner/.rustup/toolchains/nightly-2025-11-21-aarch64-apple-darwin/lib/rustlib/src/rust/library/core/src/cmp.rs:1987:70 in function std::cmp::impls::<impl std::cmp::PartialOrd for i32>::partial_cmp

Check 1414: alloc::raw_vec::RawVecInner::capacity.pointer_dereference.1
	 - Status: SUCCESS
	 - Description: "dereference failure: pointer NULL"
	 - Location: ../../../../../../runner/.rustup/toolchains/nightly-2025-11-21-aarch64-apple-darwin/lib/rustlib/src/rust/library/alloc/src/raw_vec/mod.rs:509:49 in function alloc::raw_vec::RawVecInner::capacity

Check 1415: alloc::raw_vec::RawVecInner::capacity.pointer_dereference.2
	 - Status: SUCCESS
	 - Description: "dereference failure: pointer invalid"
	 - Location: ../../../../../../runner/.rustup/toolchains/nightly-2025-11-21-aarch64-apple-darwin/lib/rustlib/src/rust/library/alloc/src/raw_vec/mod.rs:509:49 in function alloc::raw_vec::RawVecInner::capacity

Check 1416: alloc::raw_vec::RawVecInner::capacity.pointer_dereference.3
	 - Status: SUCCESS
	 - Description: "dereference failure: deallocated dynamic object"
	 - Location: ../../../../../../runner/.rustup/toolchains/nightly-2025-11-21-aarch64-apple-darwin/lib/rustlib/src/rust/library/alloc/src/raw_vec/mod.rs:509:49 in function alloc::raw_vec::RawVecInner::capacity

Check 1417: alloc::raw_vec::RawVecInner::capacity.pointer_dereference.4
	 - Status: SUCCESS
	 - Description: "dereference failure: dead object"
	 - Location: ../../../../../../runner/.rustup/toolchains/nightly-2025-11-21-aarch64-apple-darwin/lib/rustlib/src/rust/library/alloc/src/raw_vec/mod.rs:509:49 in function alloc::raw_vec::RawVecInner::capacity

Check 1418: alloc::raw_vec::RawVecInner::capacity.pointer_dereference.5
	 - Status: SUCCESS
	 - Description: "dereference failure: pointer outside object bounds"
	 - Location: ../../../../../../runner/.rustup/toolchains/nightly-2025-11-21-aarch64-apple-darwin/lib/rustlib/src/rust/library/alloc/src/raw_vec/mod.rs:509:49 in function alloc::raw_vec::RawVecInner::capacity

Check 1419: alloc::raw_vec::RawVecInner::capacity.pointer_dereference.6
	 - Status: SUCCESS
	 - Description: "dereference failure: invalid integer address"
	 - Location: ../../../../../../runner/.rustup/toolchains/nightly-2025-11-21-aarch64-apple-darwin/lib/rustlib/src/rust/library/alloc/src/raw_vec/mod.rs:509:49 in function alloc::raw_vec::RawVecInner::capacity

Check 1420: std::boxed::Box::<types_error::PgError>::new.pointer_dereference.1
	 - Status: SUCCESS
	 - Description: "dereference failure: pointer NULL"
	 - Location: ../../../../../../runner/.rustup/toolchains/nightly-2025-11-21-aarch64-apple-darwin/lib/rustlib/src/rust/library/alloc/src/boxed.rs:266:24 in function std::boxed::Box::<types_error::PgError>::new

Check 1421: std::boxed::Box::<types_error::PgError>::new.pointer_dereference.2
	 - Status: SUCCESS
	 - Description: "dereference failure: pointer invalid"
	 - Location: ../../../../../../runner/.rustup/toolchains/nightly-2025-11-21-aarch64-apple-darwin/lib/rustlib/src/rust/library/alloc/src/boxed.rs:266:24 in function std::boxed::Box::<types_error::PgError>::new

Check 1422: std::boxed::Box::<types_error::PgError>::new.pointer_dereference.3
	 - Status: SUCCESS
	 - Description: "dereference failure: deallocated dynamic object"
	 - Location: ../../../../../../runner/.rustup/toolchains/nightly-2025-11-21-aarch64-apple-darwin/lib/rustlib/src/rust/library/alloc/src/boxed.rs:266:24 in function std::boxed::Box::<types_error::PgError>::new

Check 1423: std::boxed::Box::<types_error::PgError>::new.pointer_dereference.4
	 - Status: SUCCESS
	 - Description: "dereference failure: dead object"
	 - Location: ../../../../../../runner/.rustup/toolchains/nightly-2025-11-21-aarch64-apple-darwin/lib/rustlib/src/rust/library/alloc/src/boxed.rs:266:24 in function std::boxed::Box::<types_error::PgError>::new

Check 1424: std::boxed::Box::<types_error::PgError>::new.pointer_dereference.5
	 - Status: SUCCESS
	 - Description: "dereference failure: pointer outside object bounds"
	 - Location: ../../../../../../runner/.rustup/toolchains/nightly-2025-11-21-aarch64-apple-darwin/lib/rustlib/src/rust/library/alloc/src/boxed.rs:266:24 in function std::boxed::Box::<types_error::PgError>::new

Check 1425: std::boxed::Box::<types_error::PgError>::new.pointer_dereference.6
	 - Status: SUCCESS
	 - Description: "dereference failure: invalid integer address"
	 - Location: ../../../../../../runner/.rustup/toolchains/nightly-2025-11-21-aarch64-apple-darwin/lib/rustlib/src/rust/library/alloc/src/boxed.rs:266:24 in function std::boxed::Box::<types_error::PgError>::new

Check 1426: std::option::Option::<std::ptr::NonNull<u8>>::ok_or::<std::alloc::AllocError>.pointer_dereference.1
	 - Status: SUCCESS
	 - Description: "dereference failure: dead object"
	 - Location: ../../../../../../runner/.rustup/toolchains/nightly-2025-11-21-aarch64-apple-darwin/lib/rustlib/src/rust/library/core/src/option.rs:1338:15 in function std::option::Option::<std::ptr::NonNull<u8>>::ok_or::<std::alloc::AllocError>

Check 1427: std::option::Option::<std::ptr::NonNull<u8>>::ok_or::<std::alloc::AllocError>.pointer_dereference.2
	 - Status: SUCCESS
	 - Description: "dereference failure: dead object"
	 - Location: ../../../../../../runner/.rustup/toolchains/nightly-2025-11-21-aarch64-apple-darwin/lib/rustlib/src/rust/library/core/src/option.rs:1340:21 in function std::option::Option::<std::ptr::NonNull<u8>>::ok_or::<std::alloc::AllocError>

Check 1428: adt_geo::lseg::lseg_interpt_line.pointer_dereference.1
	 - Status: SUCCESS
	 - Description: "dereference failure: dead object"
	 - Location: ../../crates/backend/utils/adt/geo/src/lseg.rs:133:25 in function adt_geo::lseg::lseg_interpt_line

Check 1429: adt_geo::lseg::lseg_interpt_line.pointer_dereference.2
	 - Status: SUCCESS
	 - Description: "dereference failure: pointer NULL"
	 - Location: ../../crates/backend/utils/adt/geo/src/lseg.rs:136:21 in function adt_geo::lseg::lseg_interpt_line

Check 1430: adt_geo::lseg::lseg_interpt_line.pointer_dereference.3
	 - Status: SUCCESS
	 - Description: "dereference failure: pointer invalid"
	 - Location: ../../crates/backend/utils/adt/geo/src/lseg.rs:136:21 in function adt_geo::lseg::lseg_interpt_line

Check 1431: adt_geo::lseg::lseg_interpt_line.pointer_dereference.4
	 - Status: SUCCESS
	 - Description: "dereference failure: deallocated dynamic object"
	 - Location: ../../crates/backend/utils/adt/geo/src/lseg.rs:136:21 in function adt_geo::lseg::lseg_interpt_line

Check 1432: adt_geo::lseg::lseg_interpt_line.pointer_dereference.5
	 - Status: SUCCESS
	 - Description: "dereference failure: dead object"
	 - Location: ../../crates/backend/utils/adt/geo/src/lseg.rs:136:21 in function adt_geo::lseg::lseg_interpt_line

Check 1433: adt_geo::lseg::lseg_interpt_line.pointer_dereference.6
	 - Status: SUCCESS
	 - Description: "dereference failure: pointer outside object bounds"
	 - Location: ../../crates/backend/utils/adt/geo/src/lseg.rs:136:21 in function adt_geo::lseg::lseg_interpt_line

Check 1434: adt_geo::lseg::lseg_interpt_line.pointer_dereference.7
	 - Status: SUCCESS
	 - Description: "dereference failure: invalid integer address"
	 - Location: ../../crates/backend/utils/adt/geo/src/lseg.rs:136:21 in function adt_geo::lseg::lseg_interpt_line

Check 1435: adt_geo::lseg::lseg_interpt_line.array_bounds.1
	 - Status: SUCCESS
	 - Description: "index out of bounds: the length is less than or equal to the given index"
	 - Location: ../../crates/backend/utils/adt/geo/src/lseg.rs:136:21 in function adt_geo::lseg::lseg_interpt_line

Check 1436: adt_geo::lseg::lseg_interpt_line.pointer_dereference.8
	 - Status: SUCCESS
	 - Description: "dereference failure: pointer NULL"
	 - Location: ../../crates/backend/utils/adt/geo/src/lseg.rs:136:13 in function adt_geo::lseg::lseg_interpt_line

Check 1437: adt_geo::lseg::lseg_interpt_line.pointer_dereference.9
	 - Status: SUCCESS
	 - Description: "dereference failure: pointer invalid"
	 - Location: ../../crates/backend/utils/adt/geo/src/lseg.rs:136:13 in function adt_geo::lseg::lseg_interpt_line

Check 1438: adt_geo::lseg::lseg_interpt_line.pointer_dereference.10
	 - Status: SUCCESS
	 - Description: "dereference failure: deallocated dynamic object"
	 - Location: ../../crates/backend/utils/adt/geo/src/lseg.rs:136:13 in function adt_geo::lseg::lseg_interpt_line

Check 1439: adt_geo::lseg::lseg_interpt_line.pointer_dereference.11
	 - Status: SUCCESS
	 - Description: "dereference failure: dead object"
	 - Location: ../../crates/backend/utils/adt/geo/src/lseg.rs:136:13 in function adt_geo::lseg::lseg_interpt_line

Check 1440: adt_geo::lseg::lseg_interpt_line.pointer_dereference.12
	 - Status: SUCCESS
	 - Description: "dereference failure: pointer outside object bounds"
	 - Location: ../../crates/backend/utils/adt/geo/src/lseg.rs:136:13 in function adt_geo::lseg::lseg_interpt_line

Check 1441: adt_geo::lseg::lseg_interpt_line.pointer_dereference.13
	 - Status: SUCCESS
	 - Description: "dereference failure: invalid integer address"
	 - Location: ../../crates/backend/utils/adt/geo/src/lseg.rs:136:13 in function adt_geo::lseg::lseg_interpt_line

Check 1442: adt_geo::lseg::lseg_interpt_line.pointer_dereference.14
	 - Status: SUCCESS
	 - Description: "dereference failure: pointer NULL"
	 - Location: ../../crates/backend/utils/adt/geo/src/lseg.rs:138:21 in function adt_geo::lseg::lseg_interpt_line

Check 1443: adt_geo::lseg::lseg_interpt_line.pointer_dereference.15
	 - Status: SUCCESS
	 - Description: "dereference failure: pointer invalid"
	 - Location: ../../crates/backend/utils/adt/geo/src/lseg.rs:138:21 in function adt_geo::lseg::lseg_interpt_line

Check 1444: adt_geo::lseg::lseg_interpt_line.pointer_dereference.16
	 - Status: SUCCESS
	 - Description: "dereference failure: deallocated dynamic object"
	 - Location: ../../crates/backend/utils/adt/geo/src/lseg.rs:138:21 in function adt_geo::lseg::lseg_interpt_line

Check 1445: adt_geo::lseg::lseg_interpt_line.pointer_dereference.17
	 - Status: SUCCESS
	 - Description: "dereference failure: dead object"
	 - Location: ../../crates/backend/utils/adt/geo/src/lseg.rs:138:21 in function adt_geo::lseg::lseg_interpt_line

Check 1446: adt_geo::lseg::lseg_interpt_line.pointer_dereference.18
	 - Status: SUCCESS
	 - Description: "dereference failure: pointer outside object bounds"
	 - Location: ../../crates/backend/utils/adt/geo/src/lseg.rs:138:21 in function adt_geo::lseg::lseg_interpt_line

Check 1447: adt_geo::lseg::lseg_interpt_line.pointer_dereference.19
	 - Status: SUCCESS
	 - Description: "dereference failure: invalid integer address"
	 - Location: ../../crates/backend/utils/adt/geo/src/lseg.rs:138:21 in function adt_geo::lseg::lseg_interpt_line

Check 1448: adt_geo::lseg::lseg_interpt_line.array_bounds.2
	 - Status: SUCCESS
	 - Description: "index out of bounds: the length is less than or equal to the given index"
	 - Location: ../../crates/backend/utils/adt/geo/src/lseg.rs:138:21 in function adt_geo::lseg::lseg_interpt_line

Check 1449: adt_geo::lseg::lseg_interpt_line.pointer_dereference.20
	 - Status: SUCCESS
	 - Description: "dereference failure: pointer NULL"
	 - Location: ../../crates/backend/utils/adt/geo/src/lseg.rs:138:13 in function adt_geo::lseg::lseg_interpt_line

Check 1450: adt_geo::lseg::lseg_interpt_line.pointer_dereference.21
	 - Status: SUCCESS
	 - Description: "dereference failure: pointer invalid"
	 - Location: ../../crates/backend/utils/adt/geo/src/lseg.rs:138:13 in function adt_geo::lseg::lseg_interpt_line

Check 1451: adt_geo::lseg::lseg_interpt_line.pointer_dereference.22
	 - Status: SUCCESS
	 - Description: "dereference failure: deallocated dynamic object"
	 - Location: ../../crates/backend/utils/adt/geo/src/lseg.rs:138:13 in function adt_geo::lseg::lseg_interpt_line

Check 1452: adt_geo::lseg::lseg_interpt_line.pointer_dereference.23
	 - Status: SUCCESS
	 - Description: "dereference failure: dead object"
	 - Location: ../../crates/backend/utils/adt/geo/src/lseg.rs:138:13 in function adt_geo::lseg::lseg_interpt_line

Check 1453: adt_geo::lseg::lseg_interpt_line.pointer_dereference.24
	 - Status: SUCCESS
	 - Description: "dereference failure: pointer outside object bounds"
	 - Location: ../../crates/backend/utils/adt/geo/src/lseg.rs:138:13 in function adt_geo::lseg::lseg_interpt_line

Check 1454: adt_geo::lseg::lseg_interpt_line.pointer_dereference.25
	 - Status: SUCCESS
	 - Description: "dereference failure: invalid integer address"
	 - Location: ../../crates/backend/utils/adt/geo/src/lseg.rs:138:13 in function adt_geo::lseg::lseg_interpt_line

Check 1455: adt_geo::lseg::lseg_interpt_line.pointer_dereference.26
	 - Status: SUCCESS
	 - Description: "dereference failure: pointer NULL"
	 - Location: ../../crates/backend/utils/adt/geo/src/lseg.rs:140:13 in function adt_geo::lseg::lseg_interpt_line

Check 1456: adt_geo::lseg::lseg_interpt_line.pointer_dereference.27
	 - Status: SUCCESS
	 - Description: "dereference failure: pointer invalid"
	 - Location: ../../crates/backend/utils/adt/geo/src/lseg.rs:140:13 in function adt_geo::lseg::lseg_interpt_line

Check 1457: adt_geo::lseg::lseg_interpt_line.pointer_dereference.28
	 - Status: SUCCESS
	 - Description: "dereference failure: deallocated dynamic object"
	 - Location: ../../crates/backend/utils/adt/geo/src/lseg.rs:140:13 in function adt_geo::lseg::lseg_interpt_line

Check 1458: adt_geo::lseg::lseg_interpt_line.pointer_dereference.29
	 - Status: SUCCESS
	 - Description: "dereference failure: dead object"
	 - Location: ../../crates/backend/utils/adt/geo/src/lseg.rs:140:13 in function adt_geo::lseg::lseg_interpt_line

Check 1459: adt_geo::lseg::lseg_interpt_line.pointer_dereference.30
	 - Status: SUCCESS
	 - Description: "dereference failure: pointer outside object bounds"
	 - Location: ../../crates/backend/utils/adt/geo/src/lseg.rs:140:13 in function adt_geo::lseg::lseg_interpt_line

Check 1460: adt_geo::lseg::lseg_interpt_line.pointer_dereference.31
	 - Status: SUCCESS
	 - Description: "dereference failure: invalid integer address"
	 - Location: ../../crates/backend/utils/adt/geo/src/lseg.rs:140:13 in function adt_geo::lseg::lseg_interpt_line

Check 1461: adt_geo::point_dt.pointer_dereference.1
	 - Status: SUCCESS
	 - Description: "dereference failure: pointer NULL"
	 - Location: ../../crates/backend/utils/adt/geo/src/lib.rs:123:24 in function adt_geo::point_dt

Check 1462: adt_geo::point_dt.pointer_dereference.2
	 - Status: SUCCESS
	 - Description: "dereference failure: pointer invalid"
	 - Location: ../../crates/backend/utils/adt/geo/src/lib.rs:123:24 in function adt_geo::point_dt

Check 1463: adt_geo::point_dt.pointer_dereference.3
	 - Status: SUCCESS
	 - Description: "dereference failure: deallocated dynamic object"
	 - Location: ../../crates/backend/utils/adt/geo/src/lib.rs:123:24 in function adt_geo::point_dt

Check 1464: adt_geo::point_dt.pointer_dereference.4
	 - Status: SUCCESS
	 - Description: "dereference failure: dead object"
	 - Location: ../../crates/backend/utils/adt/geo/src/lib.rs:123:24 in function adt_geo::point_dt

Check 1465: adt_geo::point_dt.pointer_dereference.5
	 - Status: SUCCESS
	 - Description: "dereference failure: pointer outside object bounds"
	 - Location: ../../crates/backend/utils/adt/geo/src/lib.rs:123:24 in function adt_geo::point_dt

Check 1466: adt_geo::point_dt.pointer_dereference.6
	 - Status: SUCCESS
	 - Description: "dereference failure: invalid integer address"
	 - Location: ../../crates/backend/utils/adt/geo/src/lib.rs:123:24 in function adt_geo::point_dt

Check 1467: adt_geo::point_dt.pointer_dereference.7
	 - Status: SUCCESS
	 - Description: "dereference failure: pointer NULL"
	 - Location: ../../crates/backend/utils/adt/geo/src/lib.rs:123:31 in function adt_geo::point_dt

Check 1468: adt_geo::point_dt.pointer_dereference.8
	 - Status: SUCCESS
	 - Description: "dereference failure: pointer invalid"
	 - Location: ../../crates/backend/utils/adt/geo/src/lib.rs:123:31 in function adt_geo::point_dt

Check 1469: adt_geo::point_dt.pointer_dereference.9
	 - Status: SUCCESS
	 - Description: "dereference failure: deallocated dynamic object"
	 - Location: ../../crates/backend/utils/adt/geo/src/lib.rs:123:31 in function adt_geo::point_dt

Check 1470: adt_geo::point_dt.pointer_dereference.10
	 - Status: SUCCESS
	 - Description: "dereference failure: dead object"
	 - Location: ../../crates/backend/utils/adt/geo/src/lib.rs:123:31 in function adt_geo::point_dt

Check 1471: adt_geo::point_dt.pointer_dereference.11
	 - Status: SUCCESS
	 - Description: "dereference failure: pointer outside object bounds"
	 - Location: ../../crates/backend/utils/adt/geo/src/lib.rs:123:31 in function adt_geo::point_dt

Check 1472: adt_geo::point_dt.pointer_dereference.12
	 - Status: SUCCESS
	 - Description: "dereference failure: invalid integer address"
	 - Location: ../../crates/backend/utils/adt/geo/src/lib.rs:123:31 in function adt_geo::point_dt

Check 1473: adt_geo::point_dt.pointer_dereference.13
	 - Status: SUCCESS
	 - Description: "dereference failure: pointer NULL"
	 - Location: ../../crates/backend/utils/adt/geo/src/lib.rs:123:50 in function adt_geo::point_dt

Check 1474: adt_geo::point_dt.pointer_dereference.14
	 - Status: SUCCESS
	 - Description: "dereference failure: pointer invalid"
	 - Location: ../../crates/backend/utils/adt/geo/src/lib.rs:123:50 in function adt_geo::point_dt

Check 1475: adt_geo::point_dt.pointer_dereference.15
	 - Status: SUCCESS
	 - Description: "dereference failure: deallocated dynamic object"
	 - Location: ../../crates/backend/utils/adt/geo/src/lib.rs:123:50 in function adt_geo::point_dt

Check 1476: adt_geo::point_dt.pointer_dereference.16
	 - Status: SUCCESS
	 - Description: "dereference failure: dead object"
	 - Location: ../../crates/backend/utils/adt/geo/src/lib.rs:123:50 in function adt_geo::point_dt

Check 1477: adt_geo::point_dt.pointer_dereference.17
	 - Status: SUCCESS
	 - Description: "dereference failure: pointer outside object bounds"
	 - Location: ../../crates/backend/utils/adt/geo/src/lib.rs:123:50 in function adt_geo::point_dt

Check 1478: adt_geo::point_dt.pointer_dereference.18
	 - Status: SUCCESS
	 - Description: "dereference failure: invalid integer address"
	 - Location: ../../crates/backend/utils/adt/geo/src/lib.rs:123:50 in function adt_geo::point_dt

Check 1479: adt_geo::point_dt.pointer_dereference.19
	 - Status: SUCCESS
	 - Description: "dereference failure: pointer NULL"
	 - Location: ../../crates/backend/utils/adt/geo/src/lib.rs:123:57 in function adt_geo::point_dt

Check 1480: adt_geo::point_dt.pointer_dereference.20
	 - Status: SUCCESS
	 - Description: "dereference failure: pointer invalid"
	 - Location: ../../crates/backend/utils/adt/geo/src/lib.rs:123:57 in function adt_geo::point_dt

Check 1481: adt_geo::point_dt.pointer_dereference.21
	 - Status: SUCCESS
	 - Description: "dereference failure: deallocated dynamic object"
	 - Location: ../../crates/backend/utils/adt/geo/src/lib.rs:123:57 in function adt_geo::point_dt

Check 1482: adt_geo::point_dt.pointer_dereference.22
	 - Status: SUCCESS
	 - Description: "dereference failure: dead object"
	 - Location: ../../crates/backend/utils/adt/geo/src/lib.rs:123:57 in function adt_geo::point_dt

Check 1483: adt_geo::point_dt.pointer_dereference.23
	 - Status: SUCCESS
	 - Description: "dereference failure: pointer outside object bounds"
	 - Location: ../../crates/backend/utils/adt/geo/src/lib.rs:123:57 in function adt_geo::point_dt

Check 1484: adt_geo::point_dt.pointer_dereference.24
	 - Status: SUCCESS
	 - Description: "dereference failure: invalid integer address"
	 - Location: ../../crates/backend/utils/adt/geo/src/lib.rs:123:57 in function adt_geo::point_dt

Check 1485: std::alloc::Layout::size_rounded_up_to_custom_align.pointer_dereference.1
	 - Status: SUCCESS
	 - Description: "dereference failure: pointer NULL"
	 - Location: ../../../../../../runner/.rustup/toolchains/nightly-2025-11-21-aarch64-apple-darwin/lib/rustlib/src/rust/library/core/src/alloc/layout.rs:305:27 in function std::alloc::Layout::size_rounded_up_to_custom_align

Check 1486: std::alloc::Layout::size_rounded_up_to_custom_align.pointer_dereference.2
	 - Status: SUCCESS
	 - Description: "dereference failure: pointer invalid"
	 - Location: ../../../../../../runner/.rustup/toolchains/nightly-2025-11-21-aarch64-apple-darwin/lib/rustlib/src/rust/library/core/src/alloc/layout.rs:305:27 in function std::alloc::Layout::size_rounded_up_to_custom_align

Check 1487: std::alloc::Layout::size_rounded_up_to_custom_align.pointer_dereference.3
	 - Status: SUCCESS
	 - Description: "dereference failure: deallocated dynamic object"
	 - Location: ../../../../../../runner/.rustup/toolchains/nightly-2025-11-21-aarch64-apple-darwin/lib/rustlib/src/rust/library/core/src/alloc/layout.rs:305:27 in function std::alloc::Layout::size_rounded_up_to_custom_align

Check 1488: std::alloc::Layout::size_rounded_up_to_custom_align.pointer_dereference.4
	 - Status: SUCCESS
	 - Description: "dereference failure: dead object"
	 - Location: ../../../../../../runner/.rustup/toolchains/nightly-2025-11-21-aarch64-apple-darwin/lib/rustlib/src/rust/library/core/src/alloc/layout.rs:305:27 in function std::alloc::Layout::size_rounded_up_to_custom_align

Check 1489: std::alloc::Layout::size_rounded_up_to_custom_align.pointer_dereference.5
	 - Status: SUCCESS
	 - Description: "dereference failure: pointer outside object bounds"
	 - Location: ../../../../../../runner/.rustup/toolchains/nightly-2025-11-21-aarch64-apple-darwin/lib/rustlib/src/rust/library/core/src/alloc/layout.rs:305:27 in function std::alloc::Layout::size_rounded_up_to_custom_align

Check 1490: std::alloc::Layout::size_rounded_up_to_custom_align.pointer_dereference.6
	 - Status: SUCCESS
	 - Description: "dereference failure: invalid integer address"
	 - Location: ../../../../../../runner/.rustup/toolchains/nightly-2025-11-21-aarch64-apple-darwin/lib/rustlib/src/rust/library/core/src/alloc/layout.rs:305:27 in function std::alloc::Layout::size_rounded_up_to_custom_align

Check 1491: std::result::Result::<std::alloc::Layout, std::alloc::LayoutError>::map_err::<std::collections::TryReserveError, {closure@alloc::raw_vec::layout_array::{closure#1}}>.pointer_dereference.1
	 - Status: SUCCESS
	 - Description: "dereference failure: dead object"
	 - Location: ../../../../../../runner/.rustup/toolchains/nightly-2025-11-21-aarch64-apple-darwin/lib/rustlib/src/rust/library/core/src/result.rs:966:15 in function std::result::Result::<std::alloc::Layout, std::alloc::LayoutError>::map_err::<std::collections::TryReserveError, {closure@alloc::raw_vec::layout_array::{closure#1}}>

Check 1492: alloc::raw_vec::RawVecInner::grow_amortized.pointer_dereference.1
	 - Status: SUCCESS
	 - Description: "dereference failure: dead object"
	 - Location: ../../../../../../runner/.rustup/toolchains/nightly-2025-11-21-aarch64-apple-darwin/lib/rustlib/src/rust/library/alloc/src/raw_vec/mod.rs:688:62 in function alloc::raw_vec::RawVecInner::grow_amortized

Check 1493: alloc::raw_vec::RawVecInner::grow_amortized.pointer_dereference.2
	 - Status: SUCCESS
	 - Description: "dereference failure: dead object"
	 - Location: ../../../../../../runner/.rustup/toolchains/nightly-2025-11-21-aarch64-apple-darwin/lib/rustlib/src/rust/library/alloc/src/raw_vec/mod.rs:688:28 in function alloc::raw_vec::RawVecInner::grow_amortized

Check 1494: alloc::raw_vec::RawVecInner::grow_amortized.pointer_dereference.3
	 - Status: SUCCESS
	 - Description: "dereference failure: pointer NULL"
	 - Location: ../../../../../../runner/.rustup/toolchains/nightly-2025-11-21-aarch64-apple-darwin/lib/rustlib/src/rust/library/alloc/src/raw_vec/mod.rs:692:28 in function alloc::raw_vec::RawVecInner::grow_amortized

Check 1495: alloc::raw_vec::RawVecInner::grow_amortized.pointer_dereference.4
	 - Status: SUCCESS
	 - Description: "dereference failure: pointer invalid"
	 - Location: ../../../../../../runner/.rustup/toolchains/nightly-2025-11-21-aarch64-apple-darwin/lib/rustlib/src/rust/library/alloc/src/raw_vec/mod.rs:692:28 in function alloc::raw_vec::RawVecInner::grow_amortized

Check 1496: alloc::raw_vec::RawVecInner::grow_amortized.pointer_dereference.5
	 - Status: SUCCESS
	 - Description: "dereference failure: deallocated dynamic object"
	 - Location: ../../../../../../runner/.rustup/toolchains/nightly-2025-11-21-aarch64-apple-darwin/lib/rustlib/src/rust/library/alloc/src/raw_vec/mod.rs:692:28 in function alloc::raw_vec::RawVecInner::grow_amortized

Check 1497: alloc::raw_vec::RawVecInner::grow_amortized.pointer_dereference.6
	 - Status: SUCCESS
	 - Description: "dereference failure: dead object"
	 - Location: ../../../../../../runner/.rustup/toolchains/nightly-2025-11-21-aarch64-apple-darwin/lib/rustlib/src/rust/library/alloc/src/raw_vec/mod.rs:692:28 in function alloc::raw_vec::RawVecInner::grow_amortized

Check 1498: alloc::raw_vec::RawVecInner::grow_amortized.pointer_dereference.7
	 - Status: SUCCESS
	 - Description: "dereference failure: pointer outside object bounds"
	 - Location: ../../../../../../runner/.rustup/toolchains/nightly-2025-11-21-aarch64-apple-darwin/lib/rustlib/src/rust/library/alloc/src/raw_vec/mod.rs:692:28 in function alloc::raw_vec::RawVecInner::grow_amortized

Check 1499: alloc::raw_vec::RawVecInner::grow_amortized.pointer_dereference.8
	 - Status: SUCCESS
	 - Description: "dereference failure: invalid integer address"
	 - Location: ../../../../../../runner/.rustup/toolchains/nightly-2025-11-21-aarch64-apple-darwin/lib/rustlib/src/rust/library/alloc/src/raw_vec/mod.rs:692:28 in function alloc::raw_vec::RawVecInner::grow_amortized

Check 1500: alloc::raw_vec::RawVecInner::grow_amortized.pointer_dereference.9
	 - Status: SUCCESS
	 - Description: "dereference failure: dead object"
	 - Location: ../../../../../../runner/.rustup/toolchains/nightly-2025-11-21-aarch64-apple-darwin/lib/rustlib/src/rust/library/alloc/src/raw_vec/mod.rs:702:9 in function alloc::raw_vec::RawVecInner::grow_amortized

Check 1501: alloc::raw_vec::RawVecInner::grow_amortized.pointer_dereference.10
	 - Status: SUCCESS
	 - Description: "dereference failure: dead object"
	 - Location: ../../../../../../runner/.rustup/toolchains/nightly-2025-11-21-aarch64-apple-darwin/lib/rustlib/src/rust/library/alloc/src/raw_vec/mod.rs:684:24 in function alloc::raw_vec::RawVecInner::grow_amortized

Check 1502: <std::result::Result<std::ptr::NonNull<u8>, std::alloc::AllocError> as std::ops::Try>::branch.pointer_dereference.1
	 - Status: SUCCESS
	 - Description: "dereference failure: dead object"
	 - Location: ../../../../../../runner/.rustup/toolchains/nightly-2025-11-21-aarch64-apple-darwin/lib/rustlib/src/rust/library/core/src/result.rs:2173:15 in function <std::result::Result<std::ptr::NonNull<u8>, std::alloc::AllocError> as std::ops::Try>::branch

Check 1503: <std::result::Result<std::ptr::NonNull<u8>, std::alloc::AllocError> as std::ops::Try>::branch.pointer_dereference.2
	 - Status: SUCCESS
	 - Description: "dereference failure: dead object"
	 - Location: ../../../../../../runner/.rustup/toolchains/nightly-2025-11-21-aarch64-apple-darwin/lib/rustlib/src/rust/library/core/src/result.rs:2175:23 in function <std::result::Result<std::ptr::NonNull<u8>, std::alloc::AllocError> as std::ops::Try>::branch

Check 1504: std::ptr::drop_in_place::<std::result::Result<bool, std::boxed::Box<types_error::PgError>>>.pointer_dereference.1
	 - Status: SUCCESS
	 - Description: "dereference failure: pointer NULL"
	 - Location: ../../../../../../runner/.rustup/toolchains/nightly-2025-11-21-aarch64-apple-darwin/lib/rustlib/src/rust/library/core/src/ptr/mod.rs:805:1 in function std::ptr::drop_in_place::<std::result::Result<bool, std::boxed::Box<types_error::PgError>>>

Check 1505: std::ptr::drop_in_place::<std::result::Result<bool, std::boxed::Box<types_error::PgError>>>.pointer_dereference.2
	 - Status: SUCCESS
	 - Description: "dereference failure: pointer invalid"
	 - Location: ../../../../../../runner/.rustup/toolchains/nightly-2025-11-21-aarch64-apple-darwin/lib/rustlib/src/rust/library/core/src/ptr/mod.rs:805:1 in function std::ptr::drop_in_place::<std::result::Result<bool, std::boxed::Box<types_error::PgError>>>

Check 1506: std::ptr::drop_in_place::<std::result::Result<bool, std::boxed::Box<types_error::PgError>>>.pointer_dereference.3
	 - Status: SUCCESS
	 - Description: "dereference failure: deallocated dynamic object"
	 - Location: ../../../../../../runner/.rustup/toolchains/nightly-2025-11-21-aarch64-apple-darwin/lib/rustlib/src/rust/library/core/src/ptr/mod.rs:805:1 in function std::ptr::drop_in_place::<std::result::Result<bool, std::boxed::Box<types_error::PgError>>>

Check 1507: std::ptr::drop_in_place::<std::result::Result<bool, std::boxed::Box<types_error::PgError>>>.pointer_dereference.4
	 - Status: SUCCESS
	 - Description: "dereference failure: dead object"
	 - Location: ../../../../../../runner/.rustup/toolchains/nightly-2025-11-21-aarch64-apple-darwin/lib/rustlib/src/rust/library/core/src/ptr/mod.rs:805:1 in function std::ptr::drop_in_place::<std::result::Result<bool, std::boxed::Box<types_error::PgError>>>

Check 1508: std::ptr::drop_in_place::<std::result::Result<bool, std::boxed::Box<types_error::PgError>>>.pointer_dereference.5
	 - Status: SUCCESS
	 - Description: "dereference failure: pointer outside object bounds"
	 - Location: ../../../../../../runner/.rustup/toolchains/nightly-2025-11-21-aarch64-apple-darwin/lib/rustlib/src/rust/library/core/src/ptr/mod.rs:805:1 in function std::ptr::drop_in_place::<std::result::Result<bool, std::boxed::Box<types_error::PgError>>>

Check 1509: std::ptr::drop_in_place::<std::result::Result<bool, std::boxed::Box<types_error::PgError>>>.pointer_dereference.6
	 - Status: SUCCESS
	 - Description: "dereference failure: invalid integer address"
	 - Location: ../../../../../../runner/.rustup/toolchains/nightly-2025-11-21-aarch64-apple-darwin/lib/rustlib/src/rust/library/core/src/ptr/mod.rs:805:1 in function std::ptr::drop_in_place::<std::result::Result<bool, std::boxed::Box<types_error::PgError>>>

Check 1510: std::ptr::drop_in_place::<std::boxed::Box<types_error::PgError>>.pointer_dereference.1
	 - Status: SUCCESS
	 - Description: "dereference failure: pointer NULL"
	 - Location: ../../../../../../runner/.rustup/toolchains/nightly-2025-11-21-aarch64-apple-darwin/lib/rustlib/src/rust/library/core/src/ptr/mod.rs:805:1 in function std::ptr::drop_in_place::<std::boxed::Box<types_error::PgError>>

Check 1511: std::ptr::drop_in_place::<std::boxed::Box<types_error::PgError>>.pointer_dereference.2
	 - Status: SUCCESS
	 - Description: "dereference failure: pointer invalid"
	 - Location: ../../../../../../runner/.rustup/toolchains/nightly-2025-11-21-aarch64-apple-darwin/lib/rustlib/src/rust/library/core/src/ptr/mod.rs:805:1 in function std::ptr::drop_in_place::<std::boxed::Box<types_error::PgError>>

Check 1512: std::ptr::drop_in_place::<std::boxed::Box<types_error::PgError>>.pointer_dereference.3
	 - Status: SUCCESS
	 - Description: "dereference failure: deallocated dynamic object"
	 - Location: ../../../../../../runner/.rustup/toolchains/nightly-2025-11-21-aarch64-apple-darwin/lib/rustlib/src/rust/library/core/src/ptr/mod.rs:805:1 in function std::ptr::drop_in_place::<std::boxed::Box<types_error::PgError>>

Check 1513: std::ptr::drop_in_place::<std::boxed::Box<types_error::PgError>>.pointer_dereference.4
	 - Status: SUCCESS
	 - Description: "dereference failure: dead object"
	 - Location: ../../../../../../runner/.rustup/toolchains/nightly-2025-11-21-aarch64-apple-darwin/lib/rustlib/src/rust/library/core/src/ptr/mod.rs:805:1 in function std::ptr::drop_in_place::<std::boxed::Box<types_error::PgError>>

Check 1514: std::ptr::drop_in_place::<std::boxed::Box<types_error::PgError>>.pointer_dereference.5
	 - Status: SUCCESS
	 - Description: "dereference failure: pointer outside object bounds"
	 - Location: ../../../../../../runner/.rustup/toolchains/nightly-2025-11-21-aarch64-apple-darwin/lib/rustlib/src/rust/library/core/src/ptr/mod.rs:805:1 in function std::ptr::drop_in_place::<std::boxed::Box<types_error::PgError>>

Check 1515: std::ptr::drop_in_place::<std::boxed::Box<types_error::PgError>>.pointer_dereference.6
	 - Status: SUCCESS
	 - Description: "dereference failure: invalid integer address"
	 - Location: ../../../../../../runner/.rustup/toolchains/nightly-2025-11-21-aarch64-apple-darwin/lib/rustlib/src/rust/library/core/src/ptr/mod.rs:805:1 in function std::ptr::drop_in_place::<std::boxed::Box<types_error::PgError>>

Check 1516: std::alloc::Layout::dangling.pointer_dereference.1
	 - Status: SUCCESS
	 - Description: "dereference failure: pointer NULL"
	 - Location: ../../../../../../runner/.rustup/toolchains/nightly-2025-11-21-aarch64-apple-darwin/lib/rustlib/src/rust/library/core/src/alloc/layout.rs:223:37 in function std::alloc::Layout::dangling

Check 1517: std::alloc::Layout::dangling.pointer_dereference.2
	 - Status: SUCCESS
	 - Description: "dereference failure: pointer invalid"
	 - Location: ../../../../../../runner/.rustup/toolchains/nightly-2025-11-21-aarch64-apple-darwin/lib/rustlib/src/rust/library/core/src/alloc/layout.rs:223:37 in function std::alloc::Layout::dangling

Check 1518: std::alloc::Layout::dangling.pointer_dereference.3
	 - Status: SUCCESS
	 - Description: "dereference failure: deallocated dynamic object"
	 - Location: ../../../../../../runner/.rustup/toolchains/nightly-2025-11-21-aarch64-apple-darwin/lib/rustlib/src/rust/library/core/src/alloc/layout.rs:223:37 in function std::alloc::Layout::dangling

Check 1519: std::alloc::Layout::dangling.pointer_dereference.4
	 - Status: SUCCESS
	 - Description: "dereference failure: dead object"
	 - Location: ../../../../../../runner/.rustup/toolchains/nightly-2025-11-21-aarch64-apple-darwin/lib/rustlib/src/rust/library/core/src/alloc/layout.rs:223:37 in function std::alloc::Layout::dangling

Check 1520: std::alloc::Layout::dangling.pointer_dereference.5
	 - Status: SUCCESS
	 - Description: "dereference failure: pointer outside object bounds"
	 - Location: ../../../../../../runner/.rustup/toolchains/nightly-2025-11-21-aarch64-apple-darwin/lib/rustlib/src/rust/library/core/src/alloc/layout.rs:223:37 in function std::alloc::Layout::dangling

Check 1521: std::alloc::Layout::dangling.pointer_dereference.6
	 - Status: SUCCESS
	 - Description: "dereference failure: invalid integer address"
	 - Location: ../../../../../../runner/.rustup/toolchains/nightly-2025-11-21-aarch64-apple-darwin/lib/rustlib/src/rust/library/core/src/alloc/layout.rs:223:37 in function std::alloc::Layout::dangling

Check 1522: adt_geo::point::point_sl.pointer_dereference.1
	 - Status: SUCCESS
	 - Description: "dereference failure: pointer NULL"
	 - Location: ../../crates/backend/utils/adt/geo/src/point.rs:70:13 in function adt_geo::point::point_sl

Check 1523: adt_geo::point::point_sl.pointer_dereference.2
	 - Status: SUCCESS
	 - Description: "dereference failure: pointer invalid"
	 - Location: ../../crates/backend/utils/adt/geo/src/point.rs:70:13 in function adt_geo::point::point_sl

Check 1524: adt_geo::point::point_sl.pointer_dereference.3
	 - Status: SUCCESS
	 - Description: "dereference failure: deallocated dynamic object"
	 - Location: ../../crates/backend/utils/adt/geo/src/point.rs:70:13 in function adt_geo::point::point_sl

Check 1525: adt_geo::point::point_sl.pointer_dereference.4
	 - Status: SUCCESS
	 - Description: "dereference failure: dead object"
	 - Location: ../../crates/backend/utils/adt/geo/src/point.rs:70:13 in function adt_geo::point::point_sl

Check 1526: adt_geo::point::point_sl.pointer_dereference.5
	 - Status: SUCCESS
	 - Description: "dereference failure: pointer outside object bounds"
	 - Location: ../../crates/backend/utils/adt/geo/src/point.rs:70:13 in function adt_geo::point::point_sl

Check 1527: adt_geo::point::point_sl.pointer_dereference.6
	 - Status: SUCCESS
	 - Description: "dereference failure: invalid integer address"
	 - Location: ../../crates/backend/utils/adt/geo/src/point.rs:70:13 in function adt_geo::point::point_sl

Check 1528: adt_geo::point::point_sl.pointer_dereference.7
	 - Status: SUCCESS
	 - Description: "dereference failure: pointer NULL"
	 - Location: ../../crates/backend/utils/adt/geo/src/point.rs:70:20 in function adt_geo::point::point_sl

Check 1529: adt_geo::point::point_sl.pointer_dereference.8
	 - Status: SUCCESS
	 - Description: "dereference failure: pointer invalid"
	 - Location: ../../crates/backend/utils/adt/geo/src/point.rs:70:20 in function adt_geo::point::point_sl

Check 1530: adt_geo::point::point_sl.pointer_dereference.9
	 - Status: SUCCESS
	 - Description: "dereference failure: deallocated dynamic object"
	 - Location: ../../crates/backend/utils/adt/geo/src/point.rs:70:20 in function adt_geo::point::point_sl

Check 1531: adt_geo::point::point_sl.pointer_dereference.10
	 - Status: SUCCESS
	 - Description: "dereference failure: dead object"
	 - Location: ../../crates/backend/utils/adt/geo/src/point.rs:70:20 in function adt_geo::point::point_sl

Check 1532: adt_geo::point::point_sl.pointer_dereference.11
	 - Status: SUCCESS
	 - Description: "dereference failure: pointer outside object bounds"
	 - Location: ../../crates/backend/utils/adt/geo/src/point.rs:70:20 in function adt_geo::point::point_sl

Check 1533: adt_geo::point::point_sl.pointer_dereference.12
	 - Status: SUCCESS
	 - Description: "dereference failure: invalid integer address"
	 - Location: ../../crates/backend/utils/adt/geo/src/point.rs:70:20 in function adt_geo::point::point_sl

Check 1534: adt_geo::point::point_sl.pointer_dereference.13
	 - Status: SUCCESS
	 - Description: "dereference failure: pointer NULL"
	 - Location: ../../crates/backend/utils/adt/geo/src/point.rs:73:13 in function adt_geo::point::point_sl

Check 1535: adt_geo::point::point_sl.pointer_dereference.14
	 - Status: SUCCESS
	 - Description: "dereference failure: pointer invalid"
	 - Location: ../../crates/backend/utils/adt/geo/src/point.rs:73:13 in function adt_geo::point::point_sl

Check 1536: adt_geo::point::point_sl.pointer_dereference.15
	 - Status: SUCCESS
	 - Description: "dereference failure: deallocated dynamic object"
	 - Location: ../../crates/backend/utils/adt/geo/src/point.rs:73:13 in function adt_geo::point::point_sl

Check 1537: adt_geo::point::point_sl.pointer_dereference.16
	 - Status: SUCCESS
	 - Description: "dereference failure: dead object"
	 - Location: ../../crates/backend/utils/adt/geo/src/point.rs:73:13 in function adt_geo::point::point_sl

Check 1538: adt_geo::point::point_sl.pointer_dereference.17
	 - Status: SUCCESS
	 - Description: "dereference failure: pointer outside object bounds"
	 - Location: ../../crates/backend/utils/adt/geo/src/point.rs:73:13 in function adt_geo::point::point_sl

Check 1539: adt_geo::point::point_sl.pointer_dereference.18
	 - Status: SUCCESS
	 - Description: "dereference failure: invalid integer address"
	 - Location: ../../crates/backend/utils/adt/geo/src/point.rs:73:13 in function adt_geo::point::point_sl

Check 1540: adt_geo::point::point_sl.pointer_dereference.19
	 - Status: SUCCESS
	 - Description: "dereference failure: pointer NULL"
	 - Location: ../../crates/backend/utils/adt/geo/src/point.rs:73:20 in function adt_geo::point::point_sl

Check 1541: adt_geo::point::point_sl.pointer_dereference.20
	 - Status: SUCCESS
	 - Description: "dereference failure: pointer invalid"
	 - Location: ../../crates/backend/utils/adt/geo/src/point.rs:73:20 in function adt_geo::point::point_sl

Check 1542: adt_geo::point::point_sl.pointer_dereference.21
	 - Status: SUCCESS
	 - Description: "dereference failure: deallocated dynamic object"
	 - Location: ../../crates/backend/utils/adt/geo/src/point.rs:73:20 in function adt_geo::point::point_sl

Check 1543: adt_geo::point::point_sl.pointer_dereference.22
	 - Status: SUCCESS
	 - Description: "dereference failure: dead object"
	 - Location: ../../crates/backend/utils/adt/geo/src/point.rs:73:20 in function adt_geo::point::point_sl

Check 1544: adt_geo::point::point_sl.pointer_dereference.23
	 - Status: SUCCESS
	 - Description: "dereference failure: pointer outside object bounds"
	 - Location: ../../crates/backend/utils/adt/geo/src/point.rs:73:20 in function adt_geo::point::point_sl

Check 1545: adt_geo::point::point_sl.pointer_dereference.24
	 - Status: SUCCESS
	 - Description: "dereference failure: invalid integer address"
	 - Location: ../../crates/backend/utils/adt/geo/src/point.rs:73:20 in function adt_geo::point::point_sl

Check 1546: adt_geo::point::point_sl.pointer_dereference.25
	 - Status: SUCCESS
	 - Description: "dereference failure: pointer NULL"
	 - Location: ../../crates/backend/utils/adt/geo/src/point.rs:76:26 in function adt_geo::point::point_sl

Check 1547: adt_geo::point::point_sl.pointer_dereference.26
	 - Status: SUCCESS
	 - Description: "dereference failure: pointer invalid"
	 - Location: ../../crates/backend/utils/adt/geo/src/point.rs:76:26 in function adt_geo::point::point_sl

Check 1548: adt_geo::point::point_sl.pointer_dereference.27
	 - Status: SUCCESS
	 - Description: "dereference failure: deallocated dynamic object"
	 - Location: ../../crates/backend/utils/adt/geo/src/point.rs:76:26 in function adt_geo::point::point_sl

Check 1549: adt_geo::point::point_sl.pointer_dereference.28
	 - Status: SUCCESS
	 - Description: "dereference failure: dead object"
	 - Location: ../../crates/backend/utils/adt/geo/src/point.rs:76:26 in function adt_geo::point::point_sl

Check 1550: adt_geo::point::point_sl.pointer_dereference.29
	 - Status: SUCCESS
	 - Description: "dereference failure: pointer outside object bounds"
	 - Location: ../../crates/backend/utils/adt/geo/src/point.rs:76:26 in function adt_geo::point::point_sl

Check 1551: adt_geo::point::point_sl.pointer_dereference.30
	 - Status: SUCCESS
	 - Description: "dereference failure: invalid integer address"
	 - Location: ../../crates/backend/utils/adt/geo/src/point.rs:76:26 in function adt_geo::point::point_sl

Check 1552: adt_geo::point::point_sl.pointer_dereference.31
	 - Status: SUCCESS
	 - Description: "dereference failure: pointer NULL"
	 - Location: ../../crates/backend/utils/adt/geo/src/point.rs:76:33 in function adt_geo::point::point_sl

Check 1553: adt_geo::point::point_sl.pointer_dereference.32
	 - Status: SUCCESS
	 - Description: "dereference failure: pointer invalid"
	 - Location: ../../crates/backend/utils/adt/geo/src/point.rs:76:33 in function adt_geo::point::point_sl

Check 1554: adt_geo::point::point_sl.pointer_dereference.33
	 - Status: SUCCESS
	 - Description: "dereference failure: deallocated dynamic object"
	 - Location: ../../crates/backend/utils/adt/geo/src/point.rs:76:33 in function adt_geo::point::point_sl

Check 1555: adt_geo::point::point_sl.pointer_dereference.34
	 - Status: SUCCESS
	 - Description: "dereference failure: dead object"
	 - Location: ../../crates/backend/utils/adt/geo/src/point.rs:76:33 in function adt_geo::point::point_sl

Check 1556: adt_geo::point::point_sl.pointer_dereference.35
	 - Status: SUCCESS
	 - Description: "dereference failure: pointer outside object bounds"
	 - Location: ../../crates/backend/utils/adt/geo/src/point.rs:76:33 in function adt_geo::point::point_sl

Check 1557: adt_geo::point::point_sl.pointer_dereference.36
	 - Status: SUCCESS
	 - Description: "dereference failure: invalid integer address"
	 - Location: ../../crates/backend/utils/adt/geo/src/point.rs:76:33 in function adt_geo::point::point_sl

Check 1558: adt_geo::point::point_sl.pointer_dereference.37
	 - Status: SUCCESS
	 - Description: "dereference failure: pointer NULL"
	 - Location: ../../crates/backend/utils/adt/geo/src/point.rs:76:52 in function adt_geo::point::point_sl

Check 1559: adt_geo::point::point_sl.pointer_dereference.38
	 - Status: SUCCESS
	 - Description: "dereference failure: pointer invalid"
	 - Location: ../../crates/backend/utils/adt/geo/src/point.rs:76:52 in function adt_geo::point::point_sl

Check 1560: adt_geo::point::point_sl.pointer_dereference.39
	 - Status: SUCCESS
	 - Description: "dereference failure: deallocated dynamic object"
	 - Location: ../../crates/backend/utils/adt/geo/src/point.rs:76:52 in function adt_geo::point::point_sl

Check 1561: adt_geo::point::point_sl.pointer_dereference.40
	 - Status: SUCCESS
	 - Description: "dereference failure: dead object"
	 - Location: ../../crates/backend/utils/adt/geo/src/point.rs:76:52 in function adt_geo::point::point_sl

Check 1562: adt_geo::point::point_sl.pointer_dereference.41
	 - Status: SUCCESS
	 - Description: "dereference failure: pointer outside object bounds"
	 - Location: ../../crates/backend/utils/adt/geo/src/point.rs:76:52 in function adt_geo::point::point_sl

Check 1563: adt_geo::point::point_sl.pointer_dereference.42
	 - Status: SUCCESS
	 - Description: "dereference failure: invalid integer address"
	 - Location: ../../crates/backend/utils/adt/geo/src/point.rs:76:52 in function adt_geo::point::point_sl

Check 1564: adt_geo::point::point_sl.pointer_dereference.43
	 - Status: SUCCESS
	 - Description: "dereference failure: pointer NULL"
	 - Location: ../../crates/backend/utils/adt/geo/src/point.rs:76:59 in function adt_geo::point::point_sl

Check 1565: adt_geo::point::point_sl.pointer_dereference.44
	 - Status: SUCCESS
	 - Description: "dereference failure: pointer invalid"
	 - Location: ../../crates/backend/utils/adt/geo/src/point.rs:76:59 in function adt_geo::point::point_sl

Check 1566: adt_geo::point::point_sl.pointer_dereference.45
	 - Status: SUCCESS
	 - Description: "dereference failure: deallocated dynamic object"
	 - Location: ../../crates/backend/utils/adt/geo/src/point.rs:76:59 in function adt_geo::point::point_sl

Check 1567: adt_geo::point::point_sl.pointer_dereference.46
	 - Status: SUCCESS
	 - Description: "dereference failure: dead object"
	 - Location: ../../crates/backend/utils/adt/geo/src/point.rs:76:59 in function adt_geo::point::point_sl

Check 1568: adt_geo::point::point_sl.pointer_dereference.47
	 - Status: SUCCESS
	 - Description: "dereference failure: pointer outside object bounds"
	 - Location: ../../crates/backend/utils/adt/geo/src/point.rs:76:59 in function adt_geo::point::point_sl

Check 1569: adt_geo::point::point_sl.pointer_dereference.48
	 - Status: SUCCESS
	 - Description: "dereference failure: invalid integer address"
	 - Location: ../../crates/backend/utils/adt/geo/src/point.rs:76:59 in function adt_geo::point::point_sl

Check 1570: adt_geo::line::line_interpt_line.pointer_dereference.1
	 - Status: SUCCESS
	 - Description: "dereference failure: pointer NULL"
	 - Location: ../../crates/backend/utils/adt/geo/src/line.rs:154:16 in function adt_geo::line::line_interpt_line

Check 1571: adt_geo::line::line_interpt_line.pointer_dereference.2
	 - Status: SUCCESS
	 - Description: "dereference failure: pointer invalid"
	 - Location: ../../crates/backend/utils/adt/geo/src/line.rs:154:16 in function adt_geo::line::line_interpt_line

Check 1572: adt_geo::line::line_interpt_line.pointer_dereference.3
	 - Status: SUCCESS
	 - Description: "dereference failure: deallocated dynamic object"
	 - Location: ../../crates/backend/utils/adt/geo/src/line.rs:154:16 in function adt_geo::line::line_interpt_line

Check 1573: adt_geo::line::line_interpt_line.pointer_dereference.4
	 - Status: SUCCESS
	 - Description: "dereference failure: dead object"
	 - Location: ../../crates/backend/utils/adt/geo/src/line.rs:154:16 in function adt_geo::line::line_interpt_line

Check 1574: adt_geo::line::line_interpt_line.pointer_dereference.5
	 - Status: SUCCESS
	 - Description: "dereference failure: pointer outside object bounds"
	 - Location: ../../crates/backend/utils/adt/geo/src/line.rs:154:16 in function adt_geo::line::line_interpt_line

Check 1575: adt_geo::line::line_interpt_line.pointer_dereference.6
	 - Status: SUCCESS
	 - Description: "dereference failure: invalid integer address"
	 - Location: ../../crates/backend/utils/adt/geo/src/line.rs:154:16 in function adt_geo::line::line_interpt_line

Check 1576: adt_geo::line::line_interpt_line.pointer_dereference.7
	 - Status: SUCCESS
	 - Description: "dereference failure: pointer NULL"
	 - Location: ../../crates/backend/utils/adt/geo/src/line.rs:164:23 in function adt_geo::line::line_interpt_line

Check 1577: adt_geo::line::line_interpt_line.pointer_dereference.8
	 - Status: SUCCESS
	 - Description: "dereference failure: pointer invalid"
	 - Location: ../../crates/backend/utils/adt/geo/src/line.rs:164:23 in function adt_geo::line::line_interpt_line

Check 1578: adt_geo::line::line_interpt_line.pointer_dereference.9
	 - Status: SUCCESS
	 - Description: "dereference failure: deallocated dynamic object"
	 - Location: ../../crates/backend/utils/adt/geo/src/line.rs:164:23 in function adt_geo::line::line_interpt_line

Check 1579: adt_geo::line::line_interpt_line.pointer_dereference.10
	 - Status: SUCCESS
	 - Description: "dereference failure: dead object"
	 - Location: ../../crates/backend/utils/adt/geo/src/line.rs:164:23 in function adt_geo::line::line_interpt_line

Check 1580: adt_geo::line::line_interpt_line.pointer_dereference.11
	 - Status: SUCCESS
	 - Description: "dereference failure: pointer outside object bounds"
	 - Location: ../../crates/backend/utils/adt/geo/src/line.rs:164:23 in function adt_geo::line::line_interpt_line

Check 1581: adt_geo::line::line_interpt_line.pointer_dereference.12
	 - Status: SUCCESS
	 - Description: "dereference failure: invalid integer address"
	 - Location: ../../crates/backend/utils/adt/geo/src/line.rs:164:23 in function adt_geo::line::line_interpt_line

Check 1582: adt_geo::line::line_interpt_line.pointer_dereference.13
	 - Status: SUCCESS
	 - Description: "dereference failure: pointer NULL"
	 - Location: ../../crates/backend/utils/adt/geo/src/line.rs:165:17 in function adt_geo::line::line_interpt_line

Check 1583: adt_geo::line::line_interpt_line.pointer_dereference.14
	 - Status: SUCCESS
	 - Description: "dereference failure: pointer invalid"
	 - Location: ../../crates/backend/utils/adt/geo/src/line.rs:165:17 in function adt_geo::line::line_interpt_line

Check 1584: adt_geo::line::line_interpt_line.pointer_dereference.15
	 - Status: SUCCESS
	 - Description: "dereference failure: deallocated dynamic object"
	 - Location: ../../crates/backend/utils/adt/geo/src/line.rs:165:17 in function adt_geo::line::line_interpt_line

Check 1585: adt_geo::line::line_interpt_line.pointer_dereference.16
	 - Status: SUCCESS
	 - Description: "dereference failure: dead object"
	 - Location: ../../crates/backend/utils/adt/geo/src/line.rs:165:17 in function adt_geo::line::line_interpt_line

Check 1586: adt_geo::line::line_interpt_line.pointer_dereference.17
	 - Status: SUCCESS
	 - Description: "dereference failure: pointer outside object bounds"
	 - Location: ../../crates/backend/utils/adt/geo/src/line.rs:165:17 in function adt_geo::line::line_interpt_line

Check 1587: adt_geo::line::line_interpt_line.pointer_dereference.18
	 - Status: SUCCESS
	 - Description: "dereference failure: invalid integer address"
	 - Location: ../../crates/backend/utils/adt/geo/src/line.rs:165:17 in function adt_geo::line::line_interpt_line

Check 1588: adt_geo::line::line_interpt_line.pointer_dereference.19
	 - Status: SUCCESS
	 - Description: "dereference failure: pointer NULL"
	 - Location: ../../crates/backend/utils/adt/geo/src/line.rs:165:34 in function adt_geo::line::line_interpt_line

Check 1589: adt_geo::line::line_interpt_line.pointer_dereference.20
	 - Status: SUCCESS
	 - Description: "dereference failure: pointer invalid"
	 - Location: ../../crates/backend/utils/adt/geo/src/line.rs:165:34 in function adt_geo::line::line_interpt_line

Check 1590: adt_geo::line::line_interpt_line.pointer_dereference.21
	 - Status: SUCCESS
	 - Description: "dereference failure: deallocated dynamic object"
	 - Location: ../../crates/backend/utils/adt/geo/src/line.rs:165:34 in function adt_geo::line::line_interpt_line

Check 1591: adt_geo::line::line_interpt_line.pointer_dereference.22
	 - Status: SUCCESS
	 - Description: "dereference failure: dead object"
	 - Location: ../../crates/backend/utils/adt/geo/src/line.rs:165:34 in function adt_geo::line::line_interpt_line

Check 1592: adt_geo::line::line_interpt_line.pointer_dereference.23
	 - Status: SUCCESS
	 - Description: "dereference failure: pointer outside object bounds"
	 - Location: ../../crates/backend/utils/adt/geo/src/line.rs:165:34 in function adt_geo::line::line_interpt_line

Check 1593: adt_geo::line::line_interpt_line.pointer_dereference.24
	 - Status: SUCCESS
	 - Description: "dereference failure: invalid integer address"
	 - Location: ../../crates/backend/utils/adt/geo/src/line.rs:165:34 in function adt_geo::line::line_interpt_line

Check 1594: adt_geo::line::line_interpt_line.pointer_dereference.25
	 - Status: SUCCESS
	 - Description: "dereference failure: pointer NULL"
	 - Location: ../../crates/backend/utils/adt/geo/src/line.rs:165:51 in function adt_geo::line::line_interpt_line

Check 1595: adt_geo::line::line_interpt_line.pointer_dereference.26
	 - Status: SUCCESS
	 - Description: "dereference failure: pointer invalid"
	 - Location: ../../crates/backend/utils/adt/geo/src/line.rs:165:51 in function adt_geo::line::line_interpt_line

Check 1596: adt_geo::line::line_interpt_line.pointer_dereference.27
	 - Status: SUCCESS
	 - Description: "dereference failure: deallocated dynamic object"
	 - Location: ../../crates/backend/utils/adt/geo/src/line.rs:165:51 in function adt_geo::line::line_interpt_line

Check 1597: adt_geo::line::line_interpt_line.pointer_dereference.28
	 - Status: SUCCESS
	 - Description: "dereference failure: dead object"
	 - Location: ../../crates/backend/utils/adt/geo/src/line.rs:165:51 in function adt_geo::line::line_interpt_line

Check 1598: adt_geo::line::line_interpt_line.pointer_dereference.29
	 - Status: SUCCESS
	 - Description: "dereference failure: pointer outside object bounds"
	 - Location: ../../crates/backend/utils/adt/geo/src/line.rs:165:51 in function adt_geo::line::line_interpt_line

Check 1599: adt_geo::line::line_interpt_line.pointer_dereference.30
	 - Status: SUCCESS
	 - Description: "dereference failure: invalid integer address"
	 - Location: ../../crates/backend/utils/adt/geo/src/line.rs:165:51 in function adt_geo::line::line_interpt_line

Check 1600: adt_geo::line::line_interpt_line.pointer_dereference.31
	 - Status: SUCCESS
	 - Description: "dereference failure: pointer NULL"
	 - Location: ../../crates/backend/utils/adt/geo/src/line.rs:165:57 in function adt_geo::line::line_interpt_line

Check 1601: adt_geo::line::line_interpt_line.pointer_dereference.32
	 - Status: SUCCESS
	 - Description: "dereference failure: pointer invalid"
	 - Location: ../../crates/backend/utils/adt/geo/src/line.rs:165:57 in function adt_geo::line::line_interpt_line

Check 1602: adt_geo::line::line_interpt_line.pointer_dereference.33
	 - Status: SUCCESS
	 - Description: "dereference failure: deallocated dynamic object"
	 - Location: ../../crates/backend/utils/adt/geo/src/line.rs:165:57 in function adt_geo::line::line_interpt_line

Check 1603: adt_geo::line::line_interpt_line.pointer_dereference.34
	 - Status: SUCCESS
	 - Description: "dereference failure: dead object"
	 - Location: ../../crates/backend/utils/adt/geo/src/line.rs:165:57 in function adt_geo::line::line_interpt_line

Check 1604: adt_geo::line::line_interpt_line.pointer_dereference.35
	 - Status: SUCCESS
	 - Description: "dereference failure: pointer outside object bounds"
	 - Location: ../../crates/backend/utils/adt/geo/src/line.rs:165:57 in function adt_geo::line::line_interpt_line

Check 1605: adt_geo::line::line_interpt_line.pointer_dereference.36
	 - Status: SUCCESS
	 - Description: "dereference failure: invalid integer address"
	 - Location: ../../crates/backend/utils/adt/geo/src/line.rs:165:57 in function adt_geo::line::line_interpt_line

Check 1606: adt_geo::line::line_interpt_line.pointer_dereference.37
	 - Status: SUCCESS
	 - Description: "dereference failure: pointer NULL"
	 - Location: ../../crates/backend/utils/adt/geo/src/line.rs:170:34 in function adt_geo::line::line_interpt_line

Check 1607: adt_geo::line::line_interpt_line.pointer_dereference.38
	 - Status: SUCCESS
	 - Description: "dereference failure: pointer invalid"
	 - Location: ../../crates/backend/utils/adt/geo/src/line.rs:170:34 in function adt_geo::line::line_interpt_line

Check 1608: adt_geo::line::line_interpt_line.pointer_dereference.39
	 - Status: SUCCESS
	 - Description: "dereference failure: deallocated dynamic object"
	 - Location: ../../crates/backend/utils/adt/geo/src/line.rs:170:34 in function adt_geo::line::line_interpt_line

Check 1609: adt_geo::line::line_interpt_line.pointer_dereference.40
	 - Status: SUCCESS
	 - Description: "dereference failure: dead object"
	 - Location: ../../crates/backend/utils/adt/geo/src/line.rs:170:34 in function adt_geo::line::line_interpt_line

Check 1610: adt_geo::line::line_interpt_line.pointer_dereference.41
	 - Status: SUCCESS
	 - Description: "dereference failure: pointer outside object bounds"
	 - Location: ../../crates/backend/utils/adt/geo/src/line.rs:170:34 in function adt_geo::line::line_interpt_line

Check 1611: adt_geo::line::line_interpt_line.pointer_dereference.42
	 - Status: SUCCESS
	 - Description: "dereference failure: invalid integer address"
	 - Location: ../../crates/backend/utils/adt/geo/src/line.rs:170:34 in function adt_geo::line::line_interpt_line

Check 1612: adt_geo::line::line_interpt_line.pointer_dereference.43
	 - Status: SUCCESS
	 - Description: "dereference failure: pointer NULL"
	 - Location: ../../crates/backend/utils/adt/geo/src/line.rs:170:40 in function adt_geo::line::line_interpt_line

Check 1613: adt_geo::line::line_interpt_line.pointer_dereference.44
	 - Status: SUCCESS
	 - Description: "dereference failure: pointer invalid"
	 - Location: ../../crates/backend/utils/adt/geo/src/line.rs:170:40 in function adt_geo::line::line_interpt_line

Check 1614: adt_geo::line::line_interpt_line.pointer_dereference.45
	 - Status: SUCCESS
	 - Description: "dereference failure: deallocated dynamic object"
	 - Location: ../../crates/backend/utils/adt/geo/src/line.rs:170:40 in function adt_geo::line::line_interpt_line

Check 1615: adt_geo::line::line_interpt_line.pointer_dereference.46
	 - Status: SUCCESS
	 - Description: "dereference failure: dead object"
	 - Location: ../../crates/backend/utils/adt/geo/src/line.rs:170:40 in function adt_geo::line::line_interpt_line

Check 1616: adt_geo::line::line_interpt_line.pointer_dereference.47
	 - Status: SUCCESS
	 - Description: "dereference failure: pointer outside object bounds"
	 - Location: ../../crates/backend/utils/adt/geo/src/line.rs:170:40 in function adt_geo::line::line_interpt_line

Check 1617: adt_geo::line::line_interpt_line.pointer_dereference.48
	 - Status: SUCCESS
	 - Description: "dereference failure: invalid integer address"
	 - Location: ../../crates/backend/utils/adt/geo/src/line.rs:170:40 in function adt_geo::line::line_interpt_line

Check 1618: adt_geo::line::line_interpt_line.pointer_dereference.49
	 - Status: SUCCESS
	 - Description: "dereference failure: pointer NULL"
	 - Location: ../../crates/backend/utils/adt/geo/src/line.rs:170:59 in function adt_geo::line::line_interpt_line

Check 1619: adt_geo::line::line_interpt_line.pointer_dereference.50
	 - Status: SUCCESS
	 - Description: "dereference failure: pointer invalid"
	 - Location: ../../crates/backend/utils/adt/geo/src/line.rs:170:59 in function adt_geo::line::line_interpt_line

Check 1620: adt_geo::line::line_interpt_line.pointer_dereference.51
	 - Status: SUCCESS
	 - Description: "dereference failure: deallocated dynamic object"
	 - Location: ../../crates/backend/utils/adt/geo/src/line.rs:170:59 in function adt_geo::line::line_interpt_line

Check 1621: adt_geo::line::line_interpt_line.pointer_dereference.52
	 - Status: SUCCESS
	 - Description: "dereference failure: dead object"
	 - Location: ../../crates/backend/utils/adt/geo/src/line.rs:170:59 in function adt_geo::line::line_interpt_line

Check 1622: adt_geo::line::line_interpt_line.pointer_dereference.53
	 - Status: SUCCESS
	 - Description: "dereference failure: pointer outside object bounds"
	 - Location: ../../crates/backend/utils/adt/geo/src/line.rs:170:59 in function adt_geo::line::line_interpt_line

Check 1623: adt_geo::line::line_interpt_line.pointer_dereference.54
	 - Status: SUCCESS
	 - Description: "dereference failure: invalid integer address"
	 - Location: ../../crates/backend/utils/adt/geo/src/line.rs:170:59 in function adt_geo::line::line_interpt_line

Check 1624: adt_geo::line::line_interpt_line.pointer_dereference.55
	 - Status: SUCCESS
	 - Description: "dereference failure: pointer NULL"
	 - Location: ../../crates/backend/utils/adt/geo/src/line.rs:170:65 in function adt_geo::line::line_interpt_line

Check 1625: adt_geo::line::line_interpt_line.pointer_dereference.56
	 - Status: SUCCESS
	 - Description: "dereference failure: pointer invalid"
	 - Location: ../../crates/backend/utils/adt/geo/src/line.rs:170:65 in function adt_geo::line::line_interpt_line

Check 1626: adt_geo::line::line_interpt_line.pointer_dereference.57
	 - Status: SUCCESS
	 - Description: "dereference failure: deallocated dynamic object"
	 - Location: ../../crates/backend/utils/adt/geo/src/line.rs:170:65 in function adt_geo::line::line_interpt_line

Check 1627: adt_geo::line::line_interpt_line.pointer_dereference.58
	 - Status: SUCCESS
	 - Description: "dereference failure: dead object"
	 - Location: ../../crates/backend/utils/adt/geo/src/line.rs:170:65 in function adt_geo::line::line_interpt_line

Check 1628: adt_geo::line::line_interpt_line.pointer_dereference.59
	 - Status: SUCCESS
	 - Description: "dereference failure: pointer outside object bounds"
	 - Location: ../../crates/backend/utils/adt/geo/src/line.rs:170:65 in function adt_geo::line::line_interpt_line

Check 1629: adt_geo::line::line_interpt_line.pointer_dereference.60
	 - Status: SUCCESS
	 - Description: "dereference failure: invalid integer address"
	 - Location: ../../crates/backend/utils/adt/geo/src/line.rs:170:65 in function adt_geo::line::line_interpt_line

Check 1630: adt_geo::line::line_interpt_line.pointer_dereference.61
	 - Status: SUCCESS
	 - Description: "dereference failure: pointer NULL"
	 - Location: ../../crates/backend/utils/adt/geo/src/line.rs:171:34 in function adt_geo::line::line_interpt_line

Check 1631: adt_geo::line::line_interpt_line.pointer_dereference.62
	 - Status: SUCCESS
	 - Description: "dereference failure: pointer invalid"
	 - Location: ../../crates/backend/utils/adt/geo/src/line.rs:171:34 in function adt_geo::line::line_interpt_line

Check 1632: adt_geo::line::line_interpt_line.pointer_dereference.63
	 - Status: SUCCESS
	 - Description: "dereference failure: deallocated dynamic object"
	 - Location: ../../crates/backend/utils/adt/geo/src/line.rs:171:34 in function adt_geo::line::line_interpt_line

Check 1633: adt_geo::line::line_interpt_line.pointer_dereference.64
	 - Status: SUCCESS
	 - Description: "dereference failure: dead object"
	 - Location: ../../crates/backend/utils/adt/geo/src/line.rs:171:34 in function adt_geo::line::line_interpt_line

Check 1634: adt_geo::line::line_interpt_line.pointer_dereference.65
	 - Status: SUCCESS
	 - Description: "dereference failure: pointer outside object bounds"
	 - Location: ../../crates/backend/utils/adt/geo/src/line.rs:171:34 in function adt_geo::line::line_interpt_line

Check 1635: adt_geo::line::line_interpt_line.pointer_dereference.66
	 - Status: SUCCESS
	 - Description: "dereference failure: invalid integer address"
	 - Location: ../../crates/backend/utils/adt/geo/src/line.rs:171:34 in function adt_geo::line::line_interpt_line

Check 1636: adt_geo::line::line_interpt_line.pointer_dereference.67
	 - Status: SUCCESS
	 - Description: "dereference failure: pointer NULL"
	 - Location: ../../crates/backend/utils/adt/geo/src/line.rs:171:40 in function adt_geo::line::line_interpt_line

Check 1637: adt_geo::line::line_interpt_line.pointer_dereference.68
	 - Status: SUCCESS
	 - Description: "dereference failure: pointer invalid"
	 - Location: ../../crates/backend/utils/adt/geo/src/line.rs:171:40 in function adt_geo::line::line_interpt_line

Check 1638: adt_geo::line::line_interpt_line.pointer_dereference.69
	 - Status: SUCCESS
	 - Description: "dereference failure: deallocated dynamic object"
	 - Location: ../../crates/backend/utils/adt/geo/src/line.rs:171:40 in function adt_geo::line::line_interpt_line

Check 1639: adt_geo::line::line_interpt_line.pointer_dereference.70
	 - Status: SUCCESS
	 - Description: "dereference failure: dead object"
	 - Location: ../../crates/backend/utils/adt/geo/src/line.rs:171:40 in function adt_geo::line::line_interpt_line

Check 1640: adt_geo::line::line_interpt_line.pointer_dereference.71
	 - Status: SUCCESS
	 - Description: "dereference failure: pointer outside object bounds"
	 - Location: ../../crates/backend/utils/adt/geo/src/line.rs:171:40 in function adt_geo::line::line_interpt_line

Check 1641: adt_geo::line::line_interpt_line.pointer_dereference.72
	 - Status: SUCCESS
	 - Description: "dereference failure: invalid integer address"
	 - Location: ../../crates/backend/utils/adt/geo/src/line.rs:171:40 in function adt_geo::line::line_interpt_line

Check 1642: adt_geo::line::line_interpt_line.pointer_dereference.73
	 - Status: SUCCESS
	 - Description: "dereference failure: pointer NULL"
	 - Location: ../../crates/backend/utils/adt/geo/src/line.rs:171:59 in function adt_geo::line::line_interpt_line

Check 1643: adt_geo::line::line_interpt_line.pointer_dereference.74
	 - Status: SUCCESS
	 - Description: "dereference failure: pointer invalid"
	 - Location: ../../crates/backend/utils/adt/geo/src/line.rs:171:59 in function adt_geo::line::line_interpt_line

Check 1644: adt_geo::line::line_interpt_line.pointer_dereference.75
	 - Status: SUCCESS
	 - Description: "dereference failure: deallocated dynamic object"
	 - Location: ../../crates/backend/utils/adt/geo/src/line.rs:171:59 in function adt_geo::line::line_interpt_line

Check 1645: adt_geo::line::line_interpt_line.pointer_dereference.76
	 - Status: SUCCESS
	 - Description: "dereference failure: dead object"
	 - Location: ../../crates/backend/utils/adt/geo/src/line.rs:171:59 in function adt_geo::line::line_interpt_line

Check 1646: adt_geo::line::line_interpt_line.pointer_dereference.77
	 - Status: SUCCESS
	 - Description: "dereference failure: pointer outside object bounds"
	 - Location: ../../crates/backend/utils/adt/geo/src/line.rs:171:59 in function adt_geo::line::line_interpt_line

Check 1647: adt_geo::line::line_interpt_line.pointer_dereference.78
	 - Status: SUCCESS
	 - Description: "dereference failure: invalid integer address"
	 - Location: ../../crates/backend/utils/adt/geo/src/line.rs:171:59 in function adt_geo::line::line_interpt_line

Check 1648: adt_geo::line::line_interpt_line.pointer_dereference.79
	 - Status: SUCCESS
	 - Description: "dereference failure: pointer NULL"
	 - Location: ../../crates/backend/utils/adt/geo/src/line.rs:171:65 in function adt_geo::line::line_interpt_line

Check 1649: adt_geo::line::line_interpt_line.pointer_dereference.80
	 - Status: SUCCESS
	 - Description: "dereference failure: pointer invalid"
	 - Location: ../../crates/backend/utils/adt/geo/src/line.rs:171:65 in function adt_geo::line::line_interpt_line

Check 1650: adt_geo::line::line_interpt_line.pointer_dereference.81
	 - Status: SUCCESS
	 - Description: "dereference failure: deallocated dynamic object"
	 - Location: ../../crates/backend/utils/adt/geo/src/line.rs:171:65 in function adt_geo::line::line_interpt_line

Check 1651: adt_geo::line::line_interpt_line.pointer_dereference.82
	 - Status: SUCCESS
	 - Description: "dereference failure: dead object"
	 - Location: ../../crates/backend/utils/adt/geo/src/line.rs:171:65 in function adt_geo::line::line_interpt_line

Check 1652: adt_geo::line::line_interpt_line.pointer_dereference.83
	 - Status: SUCCESS
	 - Description: "dereference failure: pointer outside object bounds"
	 - Location: ../../crates/backend/utils/adt/geo/src/line.rs:171:65 in function adt_geo::line::line_interpt_line

Check 1653: adt_geo::line::line_interpt_line.pointer_dereference.84
	 - Status: SUCCESS
	 - Description: "dereference failure: invalid integer address"
	 - Location: ../../crates/backend/utils/adt/geo/src/line.rs:171:65 in function adt_geo::line::line_interpt_line

Check 1654: adt_geo::line::line_interpt_line.pointer_dereference.85
	 - Status: SUCCESS
	 - Description: "dereference failure: pointer NULL"
	 - Location: ../../crates/backend/utils/adt/geo/src/line.rs:173:46 in function adt_geo::line::line_interpt_line

Check 1655: adt_geo::line::line_interpt_line.pointer_dereference.86
	 - Status: SUCCESS
	 - Description: "dereference failure: pointer invalid"
	 - Location: ../../crates/backend/utils/adt/geo/src/line.rs:173:46 in function adt_geo::line::line_interpt_line

Check 1656: adt_geo::line::line_interpt_line.pointer_dereference.87
	 - Status: SUCCESS
	 - Description: "dereference failure: deallocated dynamic object"
	 - Location: ../../crates/backend/utils/adt/geo/src/line.rs:173:46 in function adt_geo::line::line_interpt_line

Check 1657: adt_geo::line::line_interpt_line.pointer_dereference.88
	 - Status: SUCCESS
	 - Description: "dereference failure: dead object"
	 - Location: ../../crates/backend/utils/adt/geo/src/line.rs:173:46 in function adt_geo::line::line_interpt_line

Check 1658: adt_geo::line::line_interpt_line.pointer_dereference.89
	 - Status: SUCCESS
	 - Description: "dereference failure: pointer outside object bounds"
	 - Location: ../../crates/backend/utils/adt/geo/src/line.rs:173:46 in function adt_geo::line::line_interpt_line

Check 1659: adt_geo::line::line_interpt_line.pointer_dereference.90
	 - Status: SUCCESS
	 - Description: "dereference failure: invalid integer address"
	 - Location: ../../crates/backend/utils/adt/geo/src/line.rs:173:46 in function adt_geo::line::line_interpt_line

Check 1660: adt_geo::line::line_interpt_line.pointer_dereference.91
	 - Status: SUCCESS
	 - Description: "dereference failure: pointer NULL"
	 - Location: ../../crates/backend/utils/adt/geo/src/line.rs:173:57 in function adt_geo::line::line_interpt_line

Check 1661: adt_geo::line::line_interpt_line.pointer_dereference.92
	 - Status: SUCCESS
	 - Description: "dereference failure: pointer invalid"
	 - Location: ../../crates/backend/utils/adt/geo/src/line.rs:173:57 in function adt_geo::line::line_interpt_line

Check 1662: adt_geo::line::line_interpt_line.pointer_dereference.93
	 - Status: SUCCESS
	 - Description: "dereference failure: deallocated dynamic object"
	 - Location: ../../crates/backend/utils/adt/geo/src/line.rs:173:57 in function adt_geo::line::line_interpt_line

Check 1663: adt_geo::line::line_interpt_line.pointer_dereference.94
	 - Status: SUCCESS
	 - Description: "dereference failure: dead object"
	 - Location: ../../crates/backend/utils/adt/geo/src/line.rs:173:57 in function adt_geo::line::line_interpt_line

Check 1664: adt_geo::line::line_interpt_line.pointer_dereference.95
	 - Status: SUCCESS
	 - Description: "dereference failure: pointer outside object bounds"
	 - Location: ../../crates/backend/utils/adt/geo/src/line.rs:173:57 in function adt_geo::line::line_interpt_line

Check 1665: adt_geo::line::line_interpt_line.pointer_dereference.96
	 - Status: SUCCESS
	 - Description: "dereference failure: invalid integer address"
	 - Location: ../../crates/backend/utils/adt/geo/src/line.rs:173:57 in function adt_geo::line::line_interpt_line

Check 1666: adt_geo::line::line_interpt_line.pointer_dereference.97
	 - Status: SUCCESS
	 - Description: "dereference failure: pointer NULL"
	 - Location: ../../crates/backend/utils/adt/geo/src/line.rs:173:65 in function adt_geo::line::line_interpt_line

Check 1667: adt_geo::line::line_interpt_line.pointer_dereference.98
	 - Status: SUCCESS
	 - Description: "dereference failure: pointer invalid"
	 - Location: ../../crates/backend/utils/adt/geo/src/line.rs:173:65 in function adt_geo::line::line_interpt_line

Check 1668: adt_geo::line::line_interpt_line.pointer_dereference.99
	 - Status: SUCCESS
	 - Description: "dereference failure: deallocated dynamic object"
	 - Location: ../../crates/backend/utils/adt/geo/src/line.rs:173:65 in function adt_geo::line::line_interpt_line

Check 1669: adt_geo::line::line_interpt_line.pointer_dereference.100
	 - Status: SUCCESS
	 - Description: "dereference failure: dead object"
	 - Location: ../../crates/backend/utils/adt/geo/src/line.rs:173:65 in function adt_geo::line::line_interpt_line

Check 1670: adt_geo::line::line_interpt_line.pointer_dereference.101
	 - Status: SUCCESS
	 - Description: "dereference failure: pointer outside object bounds"
	 - Location: ../../crates/backend/utils/adt/geo/src/line.rs:173:65 in function adt_geo::line::line_interpt_line

Check 1671: adt_geo::line::line_interpt_line.pointer_dereference.102
	 - Status: SUCCESS
	 - Description: "dereference failure: invalid integer address"
	 - Location: ../../crates/backend/utils/adt/geo/src/line.rs:173:65 in function adt_geo::line::line_interpt_line

Check 1672: adt_geo::line::line_interpt_line.pointer_dereference.103
	 - Status: SUCCESS
	 - Description: "dereference failure: pointer NULL"
	 - Location: ../../crates/backend/utils/adt/geo/src/line.rs:155:17 in function adt_geo::line::line_interpt_line

Check 1673: adt_geo::line::line_interpt_line.pointer_dereference.104
	 - Status: SUCCESS
	 - Description: "dereference failure: pointer invalid"
	 - Location: ../../crates/backend/utils/adt/geo/src/line.rs:155:17 in function adt_geo::line::line_interpt_line

Check 1674: adt_geo::line::line_interpt_line.pointer_dereference.105
	 - Status: SUCCESS
	 - Description: "dereference failure: deallocated dynamic object"
	 - Location: ../../crates/backend/utils/adt/geo/src/line.rs:155:17 in function adt_geo::line::line_interpt_line

Check 1675: adt_geo::line::line_interpt_line.pointer_dereference.106
	 - Status: SUCCESS
	 - Description: "dereference failure: dead object"
	 - Location: ../../crates/backend/utils/adt/geo/src/line.rs:155:17 in function adt_geo::line::line_interpt_line

Check 1676: adt_geo::line::line_interpt_line.pointer_dereference.107
	 - Status: SUCCESS
	 - Description: "dereference failure: pointer outside object bounds"
	 - Location: ../../crates/backend/utils/adt/geo/src/line.rs:155:17 in function adt_geo::line::line_interpt_line

Check 1677: adt_geo::line::line_interpt_line.pointer_dereference.108
	 - Status: SUCCESS
	 - Description: "dereference failure: invalid integer address"
	 - Location: ../../crates/backend/utils/adt/geo/src/line.rs:155:17 in function adt_geo::line::line_interpt_line

Check 1678: adt_geo::line::line_interpt_line.pointer_dereference.109
	 - Status: SUCCESS
	 - Description: "dereference failure: pointer NULL"
	 - Location: ../../crates/backend/utils/adt/geo/src/line.rs:155:34 in function adt_geo::line::line_interpt_line

Check 1679: adt_geo::line::line_interpt_line.pointer_dereference.110
	 - Status: SUCCESS
	 - Description: "dereference failure: pointer invalid"
	 - Location: ../../crates/backend/utils/adt/geo/src/line.rs:155:34 in function adt_geo::line::line_interpt_line

Check 1680: adt_geo::line::line_interpt_line.pointer_dereference.111
	 - Status: SUCCESS
	 - Description: "dereference failure: deallocated dynamic object"
	 - Location: ../../crates/backend/utils/adt/geo/src/line.rs:155:34 in function adt_geo::line::line_interpt_line

Check 1681: adt_geo::line::line_interpt_line.pointer_dereference.112
	 - Status: SUCCESS
	 - Description: "dereference failure: dead object"
	 - Location: ../../crates/backend/utils/adt/geo/src/line.rs:155:34 in function adt_geo::line::line_interpt_line

Check 1682: adt_geo::line::line_interpt_line.pointer_dereference.113
	 - Status: SUCCESS
	 - Description: "dereference failure: pointer outside object bounds"
	 - Location: ../../crates/backend/utils/adt/geo/src/line.rs:155:34 in function adt_geo::line::line_interpt_line

Check 1683: adt_geo::line::line_interpt_line.pointer_dereference.114
	 - Status: SUCCESS
	 - Description: "dereference failure: invalid integer address"
	 - Location: ../../crates/backend/utils/adt/geo/src/line.rs:155:34 in function adt_geo::line::line_interpt_line

Check 1684: adt_geo::line::line_interpt_line.pointer_dereference.115
	 - Status: SUCCESS
	 - Description: "dereference failure: pointer NULL"
	 - Location: ../../crates/backend/utils/adt/geo/src/line.rs:155:51 in function adt_geo::line::line_interpt_line

Check 1685: adt_geo::line::line_interpt_line.pointer_dereference.116
	 - Status: SUCCESS
	 - Description: "dereference failure: pointer invalid"
	 - Location: ../../crates/backend/utils/adt/geo/src/line.rs:155:51 in function adt_geo::line::line_interpt_line

Check 1686: adt_geo::line::line_interpt_line.pointer_dereference.117
	 - Status: SUCCESS
	 - Description: "dereference failure: deallocated dynamic object"
	 - Location: ../../crates/backend/utils/adt/geo/src/line.rs:155:51 in function adt_geo::line::line_interpt_line

Check 1687: adt_geo::line::line_interpt_line.pointer_dereference.118
	 - Status: SUCCESS
	 - Description: "dereference failure: dead object"
	 - Location: ../../crates/backend/utils/adt/geo/src/line.rs:155:51 in function adt_geo::line::line_interpt_line

Check 1688: adt_geo::line::line_interpt_line.pointer_dereference.119
	 - Status: SUCCESS
	 - Description: "dereference failure: pointer outside object bounds"
	 - Location: ../../crates/backend/utils/adt/geo/src/line.rs:155:51 in function adt_geo::line::line_interpt_line

Check 1689: adt_geo::line::line_interpt_line.pointer_dereference.120
	 - Status: SUCCESS
	 - Description: "dereference failure: invalid integer address"
	 - Location: ../../crates/backend/utils/adt/geo/src/line.rs:155:51 in function adt_geo::line::line_interpt_line

Check 1690: adt_geo::line::line_interpt_line.pointer_dereference.121
	 - Status: SUCCESS
	 - Description: "dereference failure: pointer NULL"
	 - Location: ../../crates/backend/utils/adt/geo/src/line.rs:155:57 in function adt_geo::line::line_interpt_line

Check 1691: adt_geo::line::line_interpt_line.pointer_dereference.122
	 - Status: SUCCESS
	 - Description: "dereference failure: pointer invalid"
	 - Location: ../../crates/backend/utils/adt/geo/src/line.rs:155:57 in function adt_geo::line::line_interpt_line

Check 1692: adt_geo::line::line_interpt_line.pointer_dereference.123
	 - Status: SUCCESS
	 - Description: "dereference failure: deallocated dynamic object"
	 - Location: ../../crates/backend/utils/adt/geo/src/line.rs:155:57 in function adt_geo::line::line_interpt_line

Check 1693: adt_geo::line::line_interpt_line.pointer_dereference.124
	 - Status: SUCCESS
	 - Description: "dereference failure: dead object"
	 - Location: ../../crates/backend/utils/adt/geo/src/line.rs:155:57 in function adt_geo::line::line_interpt_line

Check 1694: adt_geo::line::line_interpt_line.pointer_dereference.125
	 - Status: SUCCESS
	 - Description: "dereference failure: pointer outside object bounds"
	 - Location: ../../crates/backend/utils/adt/geo/src/line.rs:155:57 in function adt_geo::line::line_interpt_line

Check 1695: adt_geo::line::line_interpt_line.pointer_dereference.126
	 - Status: SUCCESS
	 - Description: "dereference failure: invalid integer address"
	 - Location: ../../crates/backend/utils/adt/geo/src/line.rs:155:57 in function adt_geo::line::line_interpt_line

Check 1696: adt_geo::line::line_interpt_line.pointer_dereference.127
	 - Status: SUCCESS
	 - Description: "dereference failure: pointer NULL"
	 - Location: ../../crates/backend/utils/adt/geo/src/line.rs:160:34 in function adt_geo::line::line_interpt_line

Check 1697: adt_geo::line::line_interpt_line.pointer_dereference.128
	 - Status: SUCCESS
	 - Description: "dereference failure: pointer invalid"
	 - Location: ../../crates/backend/utils/adt/geo/src/line.rs:160:34 in function adt_geo::line::line_interpt_line

Check 1698: adt_geo::line::line_interpt_line.pointer_dereference.129
	 - Status: SUCCESS
	 - Description: "dereference failure: deallocated dynamic object"
	 - Location: ../../crates/backend/utils/adt/geo/src/line.rs:160:34 in function adt_geo::line::line_interpt_line

Check 1699: adt_geo::line::line_interpt_line.pointer_dereference.130
	 - Status: SUCCESS
	 - Description: "dereference failure: dead object"
	 - Location: ../../crates/backend/utils/adt/geo/src/line.rs:160:34 in function adt_geo::line::line_interpt_line

Check 1700: adt_geo::line::line_interpt_line.pointer_dereference.131
	 - Status: SUCCESS
	 - Description: "dereference failure: pointer outside object bounds"
	 - Location: ../../crates/backend/utils/adt/geo/src/line.rs:160:34 in function adt_geo::line::line_interpt_line

Check 1701: adt_geo::line::line_interpt_line.pointer_dereference.132
	 - Status: SUCCESS
	 - Description: "dereference failure: invalid integer address"
	 - Location: ../../crates/backend/utils/adt/geo/src/line.rs:160:34 in function adt_geo::line::line_interpt_line

Check 1702: adt_geo::line::line_interpt_line.pointer_dereference.133
	 - Status: SUCCESS
	 - Description: "dereference failure: pointer NULL"
	 - Location: ../../crates/backend/utils/adt/geo/src/line.rs:160:40 in function adt_geo::line::line_interpt_line

Check 1703: adt_geo::line::line_interpt_line.pointer_dereference.134
	 - Status: SUCCESS
	 - Description: "dereference failure: pointer invalid"
	 - Location: ../../crates/backend/utils/adt/geo/src/line.rs:160:40 in function adt_geo::line::line_interpt_line

Check 1704: adt_geo::line::line_interpt_line.pointer_dereference.135
	 - Status: SUCCESS
	 - Description: "dereference failure: deallocated dynamic object"
	 - Location: ../../crates/backend/utils/adt/geo/src/line.rs:160:40 in function adt_geo::line::line_interpt_line

Check 1705: adt_geo::line::line_interpt_line.pointer_dereference.136
	 - Status: SUCCESS
	 - Description: "dereference failure: dead object"
	 - Location: ../../crates/backend/utils/adt/geo/src/line.rs:160:40 in function adt_geo::line::line_interpt_line

Check 1706: adt_geo::line::line_interpt_line.pointer_dereference.137
	 - Status: SUCCESS
	 - Description: "dereference failure: pointer outside object bounds"
	 - Location: ../../crates/backend/utils/adt/geo/src/line.rs:160:40 in function adt_geo::line::line_interpt_line

Check 1707: adt_geo::line::line_interpt_line.pointer_dereference.138
	 - Status: SUCCESS
	 - Description: "dereference failure: invalid integer address"
	 - Location: ../../crates/backend/utils/adt/geo/src/line.rs:160:40 in function adt_geo::line::line_interpt_line

Check 1708: adt_geo::line::line_interpt_line.pointer_dereference.139
	 - Status: SUCCESS
	 - Description: "dereference failure: pointer NULL"
	 - Location: ../../crates/backend/utils/adt/geo/src/line.rs:160:59 in function adt_geo::line::line_interpt_line

Check 1709: adt_geo::line::line_interpt_line.pointer_dereference.140
	 - Status: SUCCESS
	 - Description: "dereference failure: pointer invalid"
	 - Location: ../../crates/backend/utils/adt/geo/src/line.rs:160:59 in function adt_geo::line::line_interpt_line

Check 1710: adt_geo::line::line_interpt_line.pointer_dereference.141
	 - Status: SUCCESS
	 - Description: "dereference failure: deallocated dynamic object"
	 - Location: ../../crates/backend/utils/adt/geo/src/line.rs:160:59 in function adt_geo::line::line_interpt_line

Check 1711: adt_geo::line::line_interpt_line.pointer_dereference.142
	 - Status: SUCCESS
	 - Description: "dereference failure: dead object"
	 - Location: ../../crates/backend/utils/adt/geo/src/line.rs:160:59 in function adt_geo::line::line_interpt_line

Check 1712: adt_geo::line::line_interpt_line.pointer_dereference.143
	 - Status: SUCCESS
	 - Description: "dereference failure: pointer outside object bounds"
	 - Location: ../../crates/backend/utils/adt/geo/src/line.rs:160:59 in function adt_geo::line::line_interpt_line

Check 1713: adt_geo::line::line_interpt_line.pointer_dereference.144
	 - Status: SUCCESS
	 - Description: "dereference failure: invalid integer address"
	 - Location: ../../crates/backend/utils/adt/geo/src/line.rs:160:59 in function adt_geo::line::line_interpt_line

Check 1714: adt_geo::line::line_interpt_line.pointer_dereference.145
	 - Status: SUCCESS
	 - Description: "dereference failure: pointer NULL"
	 - Location: ../../crates/backend/utils/adt/geo/src/line.rs:160:65 in function adt_geo::line::line_interpt_line

Check 1715: adt_geo::line::line_interpt_line.pointer_dereference.146
	 - Status: SUCCESS
	 - Description: "dereference failure: pointer invalid"
	 - Location: ../../crates/backend/utils/adt/geo/src/line.rs:160:65 in function adt_geo::line::line_interpt_line

Check 1716: adt_geo::line::line_interpt_line.pointer_dereference.147
	 - Status: SUCCESS
	 - Description: "dereference failure: deallocated dynamic object"
	 - Location: ../../crates/backend/utils/adt/geo/src/line.rs:160:65 in function adt_geo::line::line_interpt_line

Check 1717: adt_geo::line::line_interpt_line.pointer_dereference.148
	 - Status: SUCCESS
	 - Description: "dereference failure: dead object"
	 - Location: ../../crates/backend/utils/adt/geo/src/line.rs:160:65 in function adt_geo::line::line_interpt_line

Check 1718: adt_geo::line::line_interpt_line.pointer_dereference.149
	 - Status: SUCCESS
	 - Description: "dereference failure: pointer outside object bounds"
	 - Location: ../../crates/backend/utils/adt/geo/src/line.rs:160:65 in function adt_geo::line::line_interpt_line

Check 1719: adt_geo::line::line_interpt_line.pointer_dereference.150
	 - Status: SUCCESS
	 - Description: "dereference failure: invalid integer address"
	 - Location: ../../crates/backend/utils/adt/geo/src/line.rs:160:65 in function adt_geo::line::line_interpt_line

Check 1720: adt_geo::line::line_interpt_line.pointer_dereference.151
	 - Status: SUCCESS
	 - Description: "dereference failure: pointer NULL"
	 - Location: ../../crates/backend/utils/adt/geo/src/line.rs:161:34 in function adt_geo::line::line_interpt_line

Check 1721: adt_geo::line::line_interpt_line.pointer_dereference.152
	 - Status: SUCCESS
	 - Description: "dereference failure: pointer invalid"
	 - Location: ../../crates/backend/utils/adt/geo/src/line.rs:161:34 in function adt_geo::line::line_interpt_line

Check 1722: adt_geo::line::line_interpt_line.pointer_dereference.153
	 - Status: SUCCESS
	 - Description: "dereference failure: deallocated dynamic object"
	 - Location: ../../crates/backend/utils/adt/geo/src/line.rs:161:34 in function adt_geo::line::line_interpt_line

Check 1723: adt_geo::line::line_interpt_line.pointer_dereference.154
	 - Status: SUCCESS
	 - Description: "dereference failure: dead object"
	 - Location: ../../crates/backend/utils/adt/geo/src/line.rs:161:34 in function adt_geo::line::line_interpt_line

Check 1724: adt_geo::line::line_interpt_line.pointer_dereference.155
	 - Status: SUCCESS
	 - Description: "dereference failure: pointer outside object bounds"
	 - Location: ../../crates/backend/utils/adt/geo/src/line.rs:161:34 in function adt_geo::line::line_interpt_line

Check 1725: adt_geo::line::line_interpt_line.pointer_dereference.156
	 - Status: SUCCESS
	 - Description: "dereference failure: invalid integer address"
	 - Location: ../../crates/backend/utils/adt/geo/src/line.rs:161:34 in function adt_geo::line::line_interpt_line

Check 1726: adt_geo::line::line_interpt_line.pointer_dereference.157
	 - Status: SUCCESS
	 - Description: "dereference failure: pointer NULL"
	 - Location: ../../crates/backend/utils/adt/geo/src/line.rs:161:40 in function adt_geo::line::line_interpt_line

Check 1727: adt_geo::line::line_interpt_line.pointer_dereference.158
	 - Status: SUCCESS
	 - Description: "dereference failure: pointer invalid"
	 - Location: ../../crates/backend/utils/adt/geo/src/line.rs:161:40 in function adt_geo::line::line_interpt_line

Check 1728: adt_geo::line::line_interpt_line.pointer_dereference.159
	 - Status: SUCCESS
	 - Description: "dereference failure: deallocated dynamic object"
	 - Location: ../../crates/backend/utils/adt/geo/src/line.rs:161:40 in function adt_geo::line::line_interpt_line

Check 1729: adt_geo::line::line_interpt_line.pointer_dereference.160
	 - Status: SUCCESS
	 - Description: "dereference failure: dead object"
	 - Location: ../../crates/backend/utils/adt/geo/src/line.rs:161:40 in function adt_geo::line::line_interpt_line

Check 1730: adt_geo::line::line_interpt_line.pointer_dereference.161
	 - Status: SUCCESS
	 - Description: "dereference failure: pointer outside object bounds"
	 - Location: ../../crates/backend/utils/adt/geo/src/line.rs:161:40 in function adt_geo::line::line_interpt_line

Check 1731: adt_geo::line::line_interpt_line.pointer_dereference.162
	 - Status: SUCCESS
	 - Description: "dereference failure: invalid integer address"
	 - Location: ../../crates/backend/utils/adt/geo/src/line.rs:161:40 in function adt_geo::line::line_interpt_line

Check 1732: adt_geo::line::line_interpt_line.pointer_dereference.163
	 - Status: SUCCESS
	 - Description: "dereference failure: pointer NULL"
	 - Location: ../../crates/backend/utils/adt/geo/src/line.rs:161:59 in function adt_geo::line::line_interpt_line

Check 1733: adt_geo::line::line_interpt_line.pointer_dereference.164
	 - Status: SUCCESS
	 - Description: "dereference failure: pointer invalid"
	 - Location: ../../crates/backend/utils/adt/geo/src/line.rs:161:59 in function adt_geo::line::line_interpt_line

Check 1734: adt_geo::line::line_interpt_line.pointer_dereference.165
	 - Status: SUCCESS
	 - Description: "dereference failure: deallocated dynamic object"
	 - Location: ../../crates/backend/utils/adt/geo/src/line.rs:161:59 in function adt_geo::line::line_interpt_line

Check 1735: adt_geo::line::line_interpt_line.pointer_dereference.166
	 - Status: SUCCESS
	 - Description: "dereference failure: dead object"
	 - Location: ../../crates/backend/utils/adt/geo/src/line.rs:161:59 in function adt_geo::line::line_interpt_line

Check 1736: adt_geo::line::line_interpt_line.pointer_dereference.167
	 - Status: SUCCESS
	 - Description: "dereference failure: pointer outside object bounds"
	 - Location: ../../crates/backend/utils/adt/geo/src/line.rs:161:59 in function adt_geo::line::line_interpt_line

Check 1737: adt_geo::line::line_interpt_line.pointer_dereference.168
	 - Status: SUCCESS
	 - Description: "dereference failure: invalid integer address"
	 - Location: ../../crates/backend/utils/adt/geo/src/line.rs:161:59 in function adt_geo::line::line_interpt_line

Check 1738: adt_geo::line::line_interpt_line.pointer_dereference.169
	 - Status: SUCCESS
	 - Description: "dereference failure: pointer NULL"
	 - Location: ../../crates/backend/utils/adt/geo/src/line.rs:161:65 in function adt_geo::line::line_interpt_line

Check 1739: adt_geo::line::line_interpt_line.pointer_dereference.170
	 - Status: SUCCESS
	 - Description: "dereference failure: pointer invalid"
	 - Location: ../../crates/backend/utils/adt/geo/src/line.rs:161:65 in function adt_geo::line::line_interpt_line

Check 1740: adt_geo::line::line_interpt_line.pointer_dereference.171
	 - Status: SUCCESS
	 - Description: "dereference failure: deallocated dynamic object"
	 - Location: ../../crates/backend/utils/adt/geo/src/line.rs:161:65 in function adt_geo::line::line_interpt_line

Check 1741: adt_geo::line::line_interpt_line.pointer_dereference.172
	 - Status: SUCCESS
	 - Description: "dereference failure: dead object"
	 - Location: ../../crates/backend/utils/adt/geo/src/line.rs:161:65 in function adt_geo::line::line_interpt_line

Check 1742: adt_geo::line::line_interpt_line.pointer_dereference.173
	 - Status: SUCCESS
	 - Description: "dereference failure: pointer outside object bounds"
	 - Location: ../../crates/backend/utils/adt/geo/src/line.rs:161:65 in function adt_geo::line::line_interpt_line

Check 1743: adt_geo::line::line_interpt_line.pointer_dereference.174
	 - Status: SUCCESS
	 - Description: "dereference failure: invalid integer address"
	 - Location: ../../crates/backend/utils/adt/geo/src/line.rs:161:65 in function adt_geo::line::line_interpt_line

Check 1744: adt_geo::line::line_interpt_line.pointer_dereference.175
	 - Status: SUCCESS
	 - Description: "dereference failure: pointer NULL"
	 - Location: ../../crates/backend/utils/adt/geo/src/line.rs:163:46 in function adt_geo::line::line_interpt_line

Check 1745: adt_geo::line::line_interpt_line.pointer_dereference.176
	 - Status: SUCCESS
	 - Description: "dereference failure: pointer invalid"
	 - Location: ../../crates/backend/utils/adt/geo/src/line.rs:163:46 in function adt_geo::line::line_interpt_line

Check 1746: adt_geo::line::line_interpt_line.pointer_dereference.177
	 - Status: SUCCESS
	 - Description: "dereference failure: deallocated dynamic object"
	 - Location: ../../crates/backend/utils/adt/geo/src/line.rs:163:46 in function adt_geo::line::line_interpt_line

Check 1747: adt_geo::line::line_interpt_line.pointer_dereference.178
	 - Status: SUCCESS
	 - Description: "dereference failure: dead object"
	 - Location: ../../crates/backend/utils/adt/geo/src/line.rs:163:46 in function adt_geo::line::line_interpt_line

Check 1748: adt_geo::line::line_interpt_line.pointer_dereference.179
	 - Status: SUCCESS
	 - Description: "dereference failure: pointer outside object bounds"
	 - Location: ../../crates/backend/utils/adt/geo/src/line.rs:163:46 in function adt_geo::line::line_interpt_line

Check 1749: adt_geo::line::line_interpt_line.pointer_dereference.180
	 - Status: SUCCESS
	 - Description: "dereference failure: invalid integer address"
	 - Location: ../../crates/backend/utils/adt/geo/src/line.rs:163:46 in function adt_geo::line::line_interpt_line

Check 1750: adt_geo::line::line_interpt_line.pointer_dereference.181
	 - Status: SUCCESS
	 - Description: "dereference failure: pointer NULL"
	 - Location: ../../crates/backend/utils/adt/geo/src/line.rs:163:57 in function adt_geo::line::line_interpt_line

Check 1751: adt_geo::line::line_interpt_line.pointer_dereference.182
	 - Status: SUCCESS
	 - Description: "dereference failure: pointer invalid"
	 - Location: ../../crates/backend/utils/adt/geo/src/line.rs:163:57 in function adt_geo::line::line_interpt_line

Check 1752: adt_geo::line::line_interpt_line.pointer_dereference.183
	 - Status: SUCCESS
	 - Description: "dereference failure: deallocated dynamic object"
	 - Location: ../../crates/backend/utils/adt/geo/src/line.rs:163:57 in function adt_geo::line::line_interpt_line

Check 1753: adt_geo::line::line_interpt_line.pointer_dereference.184
	 - Status: SUCCESS
	 - Description: "dereference failure: dead object"
	 - Location: ../../crates/backend/utils/adt/geo/src/line.rs:163:57 in function adt_geo::line::line_interpt_line

Check 1754: adt_geo::line::line_interpt_line.pointer_dereference.185
	 - Status: SUCCESS
	 - Description: "dereference failure: pointer outside object bounds"
	 - Location: ../../crates/backend/utils/adt/geo/src/line.rs:163:57 in function adt_geo::line::line_interpt_line

Check 1755: adt_geo::line::line_interpt_line.pointer_dereference.186
	 - Status: SUCCESS
	 - Description: "dereference failure: invalid integer address"
	 - Location: ../../crates/backend/utils/adt/geo/src/line.rs:163:57 in function adt_geo::line::line_interpt_line

Check 1756: adt_geo::line::line_interpt_line.pointer_dereference.187
	 - Status: SUCCESS
	 - Description: "dereference failure: pointer NULL"
	 - Location: ../../crates/backend/utils/adt/geo/src/line.rs:163:65 in function adt_geo::line::line_interpt_line

Check 1757: adt_geo::line::line_interpt_line.pointer_dereference.188
	 - Status: SUCCESS
	 - Description: "dereference failure: pointer invalid"
	 - Location: ../../crates/backend/utils/adt/geo/src/line.rs:163:65 in function adt_geo::line::line_interpt_line

Check 1758: adt_geo::line::line_interpt_line.pointer_dereference.189
	 - Status: SUCCESS
	 - Description: "dereference failure: deallocated dynamic object"
	 - Location: ../../crates/backend/utils/adt/geo/src/line.rs:163:65 in function adt_geo::line::line_interpt_line

Check 1759: adt_geo::line::line_interpt_line.pointer_dereference.190
	 - Status: SUCCESS
	 - Description: "dereference failure: dead object"
	 - Location: ../../crates/backend/utils/adt/geo/src/line.rs:163:65 in function adt_geo::line::line_interpt_line

Check 1760: adt_geo::line::line_interpt_line.pointer_dereference.191
	 - Status: SUCCESS
	 - Description: "dereference failure: pointer outside object bounds"
	 - Location: ../../crates/backend/utils/adt/geo/src/line.rs:163:65 in function adt_geo::line::line_interpt_line

Check 1761: adt_geo::line::line_interpt_line.pointer_dereference.192
	 - Status: SUCCESS
	 - Description: "dereference failure: invalid integer address"
	 - Location: ../../crates/backend/utils/adt/geo/src/line.rs:163:65 in function adt_geo::line::line_interpt_line

Check 1762: adt_geo::line::line_interpt_line.pointer_dereference.193
	 - Status: SUCCESS
	 - Description: "dereference failure: dead object"
	 - Location: ../../crates/backend/utils/adt/geo/src/line.rs:182:25 in function adt_geo::line::line_interpt_line

Check 1763: adt_geo::line::line_interpt_line.pointer_dereference.194
	 - Status: SUCCESS
	 - Description: "dereference failure: pointer NULL"
	 - Location: ../../crates/backend/utils/adt/geo/src/line.rs:183:9 in function adt_geo::line::line_interpt_line

Check 1764: adt_geo::line::line_interpt_line.pointer_dereference.195
	 - Status: SUCCESS
	 - Description: "dereference failure: pointer invalid"
	 - Location: ../../crates/backend/utils/adt/geo/src/line.rs:183:9 in function adt_geo::line::line_interpt_line

Check 1765: adt_geo::line::line_interpt_line.pointer_dereference.196
	 - Status: SUCCESS
	 - Description: "dereference failure: deallocated dynamic object"
	 - Location: ../../crates/backend/utils/adt/geo/src/line.rs:183:9 in function adt_geo::line::line_interpt_line

Check 1766: adt_geo::line::line_interpt_line.pointer_dereference.197
	 - Status: SUCCESS
	 - Description: "dereference failure: dead object"
	 - Location: ../../crates/backend/utils/adt/geo/src/line.rs:183:9 in function adt_geo::line::line_interpt_line

Check 1767: adt_geo::line::line_interpt_line.pointer_dereference.198
	 - Status: SUCCESS
	 - Description: "dereference failure: pointer outside object bounds"
	 - Location: ../../crates/backend/utils/adt/geo/src/line.rs:183:9 in function adt_geo::line::line_interpt_line

Check 1768: adt_geo::line::line_interpt_line.pointer_dereference.199
	 - Status: SUCCESS
	 - Description: "dereference failure: invalid integer address"
	 - Location: ../../crates/backend/utils/adt/geo/src/line.rs:183:9 in function adt_geo::line::line_interpt_line

Check 1769: <std::alloc::Layout as std::clone::Clone>::clone.pointer_dereference.1
	 - Status: SUCCESS
	 - Description: "dereference failure: pointer NULL"
	 - Location: ../../../../../../runner/.rustup/toolchains/nightly-2025-11-21-aarch64-apple-darwin/lib/rustlib/src/rust/library/core/src/alloc/layout.rs:28:16 in function <std::alloc::Layout as std::clone::Clone>::clone

Check 1770: <std::alloc::Layout as std::clone::Clone>::clone.pointer_dereference.2
	 - Status: SUCCESS
	 - Description: "dereference failure: pointer invalid"
	 - Location: ../../../../../../runner/.rustup/toolchains/nightly-2025-11-21-aarch64-apple-darwin/lib/rustlib/src/rust/library/core/src/alloc/layout.rs:28:16 in function <std::alloc::Layout as std::clone::Clone>::clone

Check 1771: <std::alloc::Layout as std::clone::Clone>::clone.pointer_dereference.3
	 - Status: SUCCESS
	 - Description: "dereference failure: deallocated dynamic object"
	 - Location: ../../../../../../runner/.rustup/toolchains/nightly-2025-11-21-aarch64-apple-darwin/lib/rustlib/src/rust/library/core/src/alloc/layout.rs:28:16 in function <std::alloc::Layout as std::clone::Clone>::clone

Check 1772: <std::alloc::Layout as std::clone::Clone>::clone.pointer_dereference.4
	 - Status: SUCCESS
	 - Description: "dereference failure: dead object"
	 - Location: ../../../../../../runner/.rustup/toolchains/nightly-2025-11-21-aarch64-apple-darwin/lib/rustlib/src/rust/library/core/src/alloc/layout.rs:28:16 in function <std::alloc::Layout as std::clone::Clone>::clone

Check 1773: <std::alloc::Layout as std::clone::Clone>::clone.pointer_dereference.5
	 - Status: SUCCESS
	 - Description: "dereference failure: pointer outside object bounds"
	 - Location: ../../../../../../runner/.rustup/toolchains/nightly-2025-11-21-aarch64-apple-darwin/lib/rustlib/src/rust/library/core/src/alloc/layout.rs:28:16 in function <std::alloc::Layout as std::clone::Clone>::clone

Check 1774: <std::alloc::Layout as std::clone::Clone>::clone.pointer_dereference.6
	 - Status: SUCCESS
	 - Description: "dereference failure: invalid integer address"
	 - Location: ../../../../../../runner/.rustup/toolchains/nightly-2025-11-21-aarch64-apple-darwin/lib/rustlib/src/rust/library/core/src/alloc/layout.rs:28:16 in function <std::alloc::Layout as std::clone::Clone>::clone

Check 1775: std::cmp::impls::<impl std::cmp::PartialOrd for usize>::lt.pointer_dereference.1
	 - Status: SUCCESS
	 - Description: "dereference failure: pointer NULL"
	 - Location: ../../../../../../runner/.rustup/toolchains/nightly-2025-11-21-aarch64-apple-darwin/lib/rustlib/src/rust/library/core/src/cmp.rs:1903:50 in function std::cmp::impls::<impl std::cmp::PartialOrd for usize>::lt

Check 1776: std::cmp::impls::<impl std::cmp::PartialOrd for usize>::lt.pointer_dereference.2
	 - Status: SUCCESS
	 - Description: "dereference failure: pointer invalid"
	 - Location: ../../../../../../runner/.rustup/toolchains/nightly-2025-11-21-aarch64-apple-darwin/lib/rustlib/src/rust/library/core/src/cmp.rs:1903:50 in function std::cmp::impls::<impl std::cmp::PartialOrd for usize>::lt

Check 1777: std::cmp::impls::<impl std::cmp::PartialOrd for usize>::lt.pointer_dereference.3
	 - Status: SUCCESS
	 - Description: "dereference failure: deallocated dynamic object"
	 - Location: ../../../../../../runner/.rustup/toolchains/nightly-2025-11-21-aarch64-apple-darwin/lib/rustlib/src/rust/library/core/src/cmp.rs:1903:50 in function std::cmp::impls::<impl std::cmp::PartialOrd for usize>::lt

Check 1778: std::cmp::impls::<impl std::cmp::PartialOrd for usize>::lt.pointer_dereference.4
	 - Status: SUCCESS
	 - Description: "dereference failure: dead object"
	 - Location: ../../../../../../runner/.rustup/toolchains/nightly-2025-11-21-aarch64-apple-darwin/lib/rustlib/src/rust/library/core/src/cmp.rs:1903:50 in function std::cmp::impls::<impl std::cmp::PartialOrd for usize>::lt

Check 1779: std::cmp::impls::<impl std::cmp::PartialOrd for usize>::lt.pointer_dereference.5
	 - Status: SUCCESS
	 - Description: "dereference failure: pointer outside object bounds"
	 - Location: ../../../../../../runner/.rustup/toolchains/nightly-2025-11-21-aarch64-apple-darwin/lib/rustlib/src/rust/library/core/src/cmp.rs:1903:50 in function std::cmp::impls::<impl std::cmp::PartialOrd for usize>::lt

Check 1780: std::cmp::impls::<impl std::cmp::PartialOrd for usize>::lt.pointer_dereference.6
	 - Status: SUCCESS
	 - Description: "dereference failure: invalid integer address"
	 - Location: ../../../../../../runner/.rustup/toolchains/nightly-2025-11-21-aarch64-apple-darwin/lib/rustlib/src/rust/library/core/src/cmp.rs:1903:50 in function std::cmp::impls::<impl std::cmp::PartialOrd for usize>::lt

Check 1781: std::cmp::impls::<impl std::cmp::PartialOrd for usize>::lt.pointer_dereference.7
	 - Status: SUCCESS
	 - Description: "dereference failure: pointer NULL"
	 - Location: ../../../../../../runner/.rustup/toolchains/nightly-2025-11-21-aarch64-apple-darwin/lib/rustlib/src/rust/library/core/src/cmp.rs:1903:59 in function std::cmp::impls::<impl std::cmp::PartialOrd for usize>::lt

Check 1782: std::cmp::impls::<impl std::cmp::PartialOrd for usize>::lt.pointer_dereference.8
	 - Status: SUCCESS
	 - Description: "dereference failure: pointer invalid"
	 - Location: ../../../../../../runner/.rustup/toolchains/nightly-2025-11-21-aarch64-apple-darwin/lib/rustlib/src/rust/library/core/src/cmp.rs:1903:59 in function std::cmp::impls::<impl std::cmp::PartialOrd for usize>::lt

Check 1783: std::cmp::impls::<impl std::cmp::PartialOrd for usize>::lt.pointer_dereference.9
	 - Status: SUCCESS
	 - Description: "dereference failure: deallocated dynamic object"
	 - Location: ../../../../../../runner/.rustup/toolchains/nightly-2025-11-21-aarch64-apple-darwin/lib/rustlib/src/rust/library/core/src/cmp.rs:1903:59 in function std::cmp::impls::<impl std::cmp::PartialOrd for usize>::lt

Check 1784: std::cmp::impls::<impl std::cmp::PartialOrd for usize>::lt.pointer_dereference.10
	 - Status: SUCCESS
	 - Description: "dereference failure: dead object"
	 - Location: ../../../../../../runner/.rustup/toolchains/nightly-2025-11-21-aarch64-apple-darwin/lib/rustlib/src/rust/library/core/src/cmp.rs:1903:59 in function std::cmp::impls::<impl std::cmp::PartialOrd for usize>::lt

Check 1785: std::cmp::impls::<impl std::cmp::PartialOrd for usize>::lt.pointer_dereference.11
	 - Status: SUCCESS
	 - Description: "dereference failure: pointer outside object bounds"
	 - Location: ../../../../../../runner/.rustup/toolchains/nightly-2025-11-21-aarch64-apple-darwin/lib/rustlib/src/rust/library/core/src/cmp.rs:1903:59 in function std::cmp::impls::<impl std::cmp::PartialOrd for usize>::lt

Check 1786: std::cmp::impls::<impl std::cmp::PartialOrd for usize>::lt.pointer_dereference.12
	 - Status: SUCCESS
	 - Description: "dereference failure: invalid integer address"
	 - Location: ../../../../../../runner/.rustup/toolchains/nightly-2025-11-21-aarch64-apple-darwin/lib/rustlib/src/rust/library/core/src/cmp.rs:1903:59 in function std::cmp::impls::<impl std::cmp::PartialOrd for usize>::lt

Check 1787: <std::collections::TryReserveErrorKind as std::clone::Clone>::clone.pointer_dereference.1
	 - Status: SUCCESS
	 - Description: "dereference failure: pointer NULL"
	 - Location: ../../../../../../runner/.rustup/toolchains/nightly-2025-11-21-aarch64-apple-darwin/lib/rustlib/src/rust/library/alloc/src/collections/mod.rs:93:10 in function <std::collections::TryReserveErrorKind as std::clone::Clone>::clone

Check 1788: <std::collections::TryReserveErrorKind as std::clone::Clone>::clone.pointer_dereference.2
	 - Status: SUCCESS
	 - Description: "dereference failure: pointer invalid"
	 - Location: ../../../../../../runner/.rustup/toolchains/nightly-2025-11-21-aarch64-apple-darwin/lib/rustlib/src/rust/library/alloc/src/collections/mod.rs:93:10 in function <std::collections::TryReserveErrorKind as std::clone::Clone>::clone

Check 1789: <std::collections::TryReserveErrorKind as std::clone::Clone>::clone.pointer_dereference.3
	 - Status: SUCCESS
	 - Description: "dereference failure: deallocated dynamic object"
	 - Location: ../../../../../../runner/.rustup/toolchains/nightly-2025-11-21-aarch64-apple-darwin/lib/rustlib/src/rust/library/alloc/src/collections/mod.rs:93:10 in function <std::collections::TryReserveErrorKind as std::clone::Clone>::clone

Check 1790: <std::collections::TryReserveErrorKind as std::clone::Clone>::clone.pointer_dereference.4
	 - Status: SUCCESS
	 - Description: "dereference failure: dead object"
	 - Location: ../../../../../../runner/.rustup/toolchains/nightly-2025-11-21-aarch64-apple-darwin/lib/rustlib/src/rust/library/alloc/src/collections/mod.rs:93:10 in function <std::collections::TryReserveErrorKind as std::clone::Clone>::clone

Check 1791: <std::collections::TryReserveErrorKind as std::clone::Clone>::clone.pointer_dereference.5
	 - Status: SUCCESS
	 - Description: "dereference failure: pointer outside object bounds"
	 - Location: ../../../../../../runner/.rustup/toolchains/nightly-2025-11-21-aarch64-apple-darwin/lib/rustlib/src/rust/library/alloc/src/collections/mod.rs:93:10 in function <std::collections::TryReserveErrorKind as std::clone::Clone>::clone

Check 1792: <std::collections::TryReserveErrorKind as std::clone::Clone>::clone.pointer_dereference.6
	 - Status: SUCCESS
	 - Description: "dereference failure: invalid integer address"
	 - Location: ../../../../../../runner/.rustup/toolchains/nightly-2025-11-21-aarch64-apple-darwin/lib/rustlib/src/rust/library/alloc/src/collections/mod.rs:93:10 in function <std::collections::TryReserveErrorKind as std::clone::Clone>::clone

Check 1793: <std::collections::TryReserveErrorKind as std::clone::Clone>::clone.pointer_dereference.7
	 - Status: SUCCESS
	 - Description: "dereference failure: dead object"
	 - Location: ../../../../../../runner/.rustup/toolchains/nightly-2025-11-21-aarch64-apple-darwin/lib/rustlib/src/rust/library/alloc/src/collections/mod.rs:93:10 in function <std::collections::TryReserveErrorKind as std::clone::Clone>::clone

Check 1794: alloc::raw_vec::RawVecInner::finish_grow.pointer_dereference.1
	 - Status: SUCCESS
	 - Description: "dereference failure: dead object"
	 - Location: ../../../../../../runner/.rustup/toolchains/nightly-2025-11-21-aarch64-apple-darwin/lib/rustlib/src/rust/library/alloc/src/raw_vec/mod.rs:747:55 in function alloc::raw_vec::RawVecInner::finish_grow

Check 1795: std::alloc::Layout::alignment.pointer_dereference.1
	 - Status: SUCCESS
	 - Description: "dereference failure: pointer NULL"
	 - Location: ../../../../../../runner/.rustup/toolchains/nightly-2025-11-21-aarch64-apple-darwin/lib/rustlib/src/rust/library/core/src/alloc/layout.rs:515:9 in function std::alloc::Layout::alignment

Check 1796: std::alloc::Layout::alignment.pointer_dereference.2
	 - Status: SUCCESS
	 - Description: "dereference failure: pointer invalid"
	 - Location: ../../../../../../runner/.rustup/toolchains/nightly-2025-11-21-aarch64-apple-darwin/lib/rustlib/src/rust/library/core/src/alloc/layout.rs:515:9 in function std::alloc::Layout::alignment

Check 1797: std::alloc::Layout::alignment.pointer_dereference.3
	 - Status: SUCCESS
	 - Description: "dereference failure: deallocated dynamic object"
	 - Location: ../../../../../../runner/.rustup/toolchains/nightly-2025-11-21-aarch64-apple-darwin/lib/rustlib/src/rust/library/core/src/alloc/layout.rs:515:9 in function std::alloc::Layout::alignment

Check 1798: std::alloc::Layout::alignment.pointer_dereference.4
	 - Status: SUCCESS
	 - Description: "dereference failure: dead object"
	 - Location: ../../../../../../runner/.rustup/toolchains/nightly-2025-11-21-aarch64-apple-darwin/lib/rustlib/src/rust/library/core/src/alloc/layout.rs:515:9 in function std::alloc::Layout::alignment

Check 1799: std::alloc::Layout::alignment.pointer_dereference.5
	 - Status: SUCCESS
	 - Description: "dereference failure: pointer outside object bounds"
	 - Location: ../../../../../../runner/.rustup/toolchains/nightly-2025-11-21-aarch64-apple-darwin/lib/rustlib/src/rust/library/core/src/alloc/layout.rs:515:9 in function std::alloc::Layout::alignment

Check 1800: std::alloc::Layout::alignment.pointer_dereference.6
	 - Status: SUCCESS
	 - Description: "dereference failure: invalid integer address"
	 - Location: ../../../../../../runner/.rustup/toolchains/nightly-2025-11-21-aarch64-apple-darwin/lib/rustlib/src/rust/library/core/src/alloc/layout.rs:515:9 in function std::alloc::Layout::alignment

Check 1801: alloc::raw_vec::RawVecInner::non_null::<u8>.pointer_dereference.1
	 - Status: SUCCESS
	 - Description: "dereference failure: pointer NULL"
	 - Location: ../../../../../../runner/.rustup/toolchains/nightly-2025-11-21-aarch64-apple-darwin/lib/rustlib/src/rust/library/alloc/src/raw_vec/mod.rs:504:9 in function alloc::raw_vec::RawVecInner::non_null::<u8>

Check 1802: alloc::raw_vec::RawVecInner::non_null::<u8>.pointer_dereference.2
	 - Status: SUCCESS
	 - Description: "dereference failure: pointer invalid"
	 - Location: ../../../../../../runner/.rustup/toolchains/nightly-2025-11-21-aarch64-apple-darwin/lib/rustlib/src/rust/library/alloc/src/raw_vec/mod.rs:504:9 in function alloc::raw_vec::RawVecInner::non_null::<u8>

Check 1803: alloc::raw_vec::RawVecInner::non_null::<u8>.pointer_dereference.3
	 - Status: SUCCESS
	 - Description: "dereference failure: deallocated dynamic object"
	 - Location: ../../../../../../runner/.rustup/toolchains/nightly-2025-11-21-aarch64-apple-darwin/lib/rustlib/src/rust/library/alloc/src/raw_vec/mod.rs:504:9 in function alloc::raw_vec::RawVecInner::non_null::<u8>

Check 1804: alloc::raw_vec::RawVecInner::non_null::<u8>.pointer_dereference.4
	 - Status: SUCCESS
	 - Description: "dereference failure: dead object"
	 - Location: ../../../../../../runner/.rustup/toolchains/nightly-2025-11-21-aarch64-apple-darwin/lib/rustlib/src/rust/library/alloc/src/raw_vec/mod.rs:504:9 in function alloc::raw_vec::RawVecInner::non_null::<u8>

Check 1805: alloc::raw_vec::RawVecInner::non_null::<u8>.pointer_dereference.5
	 - Status: SUCCESS
	 - Description: "dereference failure: pointer outside object bounds"
	 - Location: ../../../../../../runner/.rustup/toolchains/nightly-2025-11-21-aarch64-apple-darwin/lib/rustlib/src/rust/library/alloc/src/raw_vec/mod.rs:504:9 in function alloc::raw_vec::RawVecInner::non_null::<u8>

Check 1806: alloc::raw_vec::RawVecInner::non_null::<u8>.pointer_dereference.6
	 - Status: SUCCESS
	 - Description: "dereference failure: invalid integer address"
	 - Location: ../../../../../../runner/.rustup/toolchains/nightly-2025-11-21-aarch64-apple-darwin/lib/rustlib/src/rust/library/alloc/src/raw_vec/mod.rs:504:9 in function alloc::raw_vec::RawVecInner::non_null::<u8>

Check 1807: std::slice::Iter::<'_, u8>::make_slice.pointer_dereference.1
	 - Status: SUCCESS
	 - Description: "dereference failure: pointer NULL"
	 - Location: ../../../../../../runner/.rustup/toolchains/nightly-2025-11-21-aarch64-apple-darwin/lib/rustlib/src/rust/library/core/src/slice/iter/macros.rs:92:41 in function std::slice::Iter::<'_, u8>::make_slice

Check 1808: std::slice::Iter::<'_, u8>::make_slice.pointer_dereference.2
	 - Status: SUCCESS
	 - Description: "dereference failure: pointer invalid"
	 - Location: ../../../../../../runner/.rustup/toolchains/nightly-2025-11-21-aarch64-apple-darwin/lib/rustlib/src/rust/library/core/src/slice/iter/macros.rs:92:41 in function std::slice::Iter::<'_, u8>::make_slice

Check 1809: std::slice::Iter::<'_, u8>::make_slice.pointer_dereference.3
	 - Status: SUCCESS
	 - Description: "dereference failure: deallocated dynamic object"
	 - Location: ../../../../../../runner/.rustup/toolchains/nightly-2025-11-21-aarch64-apple-darwin/lib/rustlib/src/rust/library/core/src/slice/iter/macros.rs:92:41 in function std::slice::Iter::<'_, u8>::make_slice

Check 1810: std::slice::Iter::<'_, u8>::make_slice.pointer_dereference.4
	 - Status: SUCCESS
	 - Description: "dereference failure: dead object"
	 - Location: ../../../../../../runner/.rustup/toolchains/nightly-2025-11-21-aarch64-apple-darwin/lib/rustlib/src/rust/library/core/src/slice/iter/macros.rs:92:41 in function std::slice::Iter::<'_, u8>::make_slice

Check 1811: std::slice::Iter::<'_, u8>::make_slice.pointer_dereference.5
	 - Status: SUCCESS
	 - Description: "dereference failure: pointer outside object bounds"
	 - Location: ../../../../../../runner/.rustup/toolchains/nightly-2025-11-21-aarch64-apple-darwin/lib/rustlib/src/rust/library/core/src/slice/iter/macros.rs:92:41 in function std::slice::Iter::<'_, u8>::make_slice

Check 1812: std::slice::Iter::<'_, u8>::make_slice.pointer_dereference.6
	 - Status: SUCCESS
	 - Description: "dereference failure: invalid integer address"
	 - Location: ../../../../../../runner/.rustup/toolchains/nightly-2025-11-21-aarch64-apple-darwin/lib/rustlib/src/rust/library/core/src/slice/iter/macros.rs:92:41 in function std::slice::Iter::<'_, u8>::make_slice

Check 1813: std::slice::Iter::<'_, u8>::make_slice.pointer_dereference.7
	 - Status: SUCCESS
	 - Description: "dereference failure: pointer NULL"
	 - Location: ../../../../../../runner/.rustup/toolchains/nightly-2025-11-21-aarch64-apple-darwin/lib/rustlib/src/rust/library/core/src/slice/iter/macros.rs:29:24 in function std::slice::Iter::<'_, u8>::make_slice

Check 1814: std::slice::Iter::<'_, u8>::make_slice.pointer_dereference.8
	 - Status: SUCCESS
	 - Description: "dereference failure: pointer invalid"
	 - Location: ../../../../../../runner/.rustup/toolchains/nightly-2025-11-21-aarch64-apple-darwin/lib/rustlib/src/rust/library/core/src/slice/iter/macros.rs:29:24 in function std::slice::Iter::<'_, u8>::make_slice

Check 1815: std::slice::Iter::<'_, u8>::make_slice.pointer_dereference.9
	 - Status: SUCCESS
	 - Description: "dereference failure: deallocated dynamic object"
	 - Location: ../../../../../../runner/.rustup/toolchains/nightly-2025-11-21-aarch64-apple-darwin/lib/rustlib/src/rust/library/core/src/slice/iter/macros.rs:29:24 in function std::slice::Iter::<'_, u8>::make_slice

Check 1816: std::slice::Iter::<'_, u8>::make_slice.pointer_dereference.10
	 - Status: SUCCESS
	 - Description: "dereference failure: dead object"
	 - Location: ../../../../../../runner/.rustup/toolchains/nightly-2025-11-21-aarch64-apple-darwin/lib/rustlib/src/rust/library/core/src/slice/iter/macros.rs:29:24 in function std::slice::Iter::<'_, u8>::make_slice

Check 1817: std::slice::Iter::<'_, u8>::make_slice.pointer_dereference.11
	 - Status: SUCCESS
	 - Description: "dereference failure: pointer outside object bounds"
	 - Location: ../../../../../../runner/.rustup/toolchains/nightly-2025-11-21-aarch64-apple-darwin/lib/rustlib/src/rust/library/core/src/slice/iter/macros.rs:29:24 in function std::slice::Iter::<'_, u8>::make_slice

Check 1818: std::slice::Iter::<'_, u8>::make_slice.pointer_dereference.12
	 - Status: SUCCESS
	 - Description: "dereference failure: invalid integer address"
	 - Location: ../../../../../../runner/.rustup/toolchains/nightly-2025-11-21-aarch64-apple-darwin/lib/rustlib/src/rust/library/core/src/slice/iter/macros.rs:29:24 in function std::slice::Iter::<'_, u8>::make_slice

Check 1819: std::slice::Iter::<'_, u8>::make_slice.pointer_dereference.13
	 - Status: SUCCESS
	 - Description: "dereference failure: pointer NULL"
	 - Location: ../../../../../../runner/.rustup/toolchains/nightly-2025-11-21-aarch64-apple-darwin/lib/rustlib/src/rust/library/core/src/slice/iter/macros.rs:33:72 in function std::slice::Iter::<'_, u8>::make_slice

Check 1820: std::slice::Iter::<'_, u8>::make_slice.pointer_dereference.14
	 - Status: SUCCESS
	 - Description: "dereference failure: pointer invalid"
	 - Location: ../../../../../../runner/.rustup/toolchains/nightly-2025-11-21-aarch64-apple-darwin/lib/rustlib/src/rust/library/core/src/slice/iter/macros.rs:33:72 in function std::slice::Iter::<'_, u8>::make_slice

Check 1821: std::slice::Iter::<'_, u8>::make_slice.pointer_dereference.15
	 - Status: SUCCESS
	 - Description: "dereference failure: deallocated dynamic object"
	 - Location: ../../../../../../runner/.rustup/toolchains/nightly-2025-11-21-aarch64-apple-darwin/lib/rustlib/src/rust/library/core/src/slice/iter/macros.rs:33:72 in function std::slice::Iter::<'_, u8>::make_slice

Check 1822: std::slice::Iter::<'_, u8>::make_slice.pointer_dereference.16
	 - Status: SUCCESS
	 - Description: "dereference failure: dead object"
	 - Location: ../../../../../../runner/.rustup/toolchains/nightly-2025-11-21-aarch64-apple-darwin/lib/rustlib/src/rust/library/core/src/slice/iter/macros.rs:33:72 in function std::slice::Iter::<'_, u8>::make_slice

Check 1823: std::slice::Iter::<'_, u8>::make_slice.pointer_dereference.17
	 - Status: SUCCESS
	 - Description: "dereference failure: pointer outside object bounds"
	 - Location: ../../../../../../runner/.rustup/toolchains/nightly-2025-11-21-aarch64-apple-darwin/lib/rustlib/src/rust/library/core/src/slice/iter/macros.rs:33:72 in function std::slice::Iter::<'_, u8>::make_slice

Check 1824: std::slice::Iter::<'_, u8>::make_slice.pointer_dereference.18
	 - Status: SUCCESS
	 - Description: "dereference failure: invalid integer address"
	 - Location: ../../../../../../runner/.rustup/toolchains/nightly-2025-11-21-aarch64-apple-darwin/lib/rustlib/src/rust/library/core/src/slice/iter/macros.rs:33:72 in function std::slice::Iter::<'_, u8>::make_slice

Check 1825: std::slice::Iter::<'_, u8>::make_slice.pointer_dereference.19
	 - Status: SUCCESS
	 - Description: "dereference failure: pointer NULL"
	 - Location: ../../../../../../runner/.rustup/toolchains/nightly-2025-11-21-aarch64-apple-darwin/lib/rustlib/src/rust/library/core/src/slice/iter/macros.rs:57:51 in function std::slice::Iter::<'_, u8>::make_slice

Check 1826: std::slice::Iter::<'_, u8>::make_slice.pointer_dereference.20
	 - Status: SUCCESS
	 - Description: "dereference failure: pointer invalid"
	 - Location: ../../../../../../runner/.rustup/toolchains/nightly-2025-11-21-aarch64-apple-darwin/lib/rustlib/src/rust/library/core/src/slice/iter/macros.rs:57:51 in function std::slice::Iter::<'_, u8>::make_slice

Check 1827: std::slice::Iter::<'_, u8>::make_slice.pointer_dereference.21
	 - Status: SUCCESS
	 - Description: "dereference failure: deallocated dynamic object"
	 - Location: ../../../../../../runner/.rustup/toolchains/nightly-2025-11-21-aarch64-apple-darwin/lib/rustlib/src/rust/library/core/src/slice/iter/macros.rs:57:51 in function std::slice::Iter::<'_, u8>::make_slice

Check 1828: std::slice::Iter::<'_, u8>::make_slice.pointer_dereference.22
	 - Status: SUCCESS
	 - Description: "dereference failure: dead object"
	 - Location: ../../../../../../runner/.rustup/toolchains/nightly-2025-11-21-aarch64-apple-darwin/lib/rustlib/src/rust/library/core/src/slice/iter/macros.rs:57:51 in function std::slice::Iter::<'_, u8>::make_slice

Check 1829: std::slice::Iter::<'_, u8>::make_slice.pointer_dereference.23
	 - Status: SUCCESS
	 - Description: "dereference failure: pointer outside object bounds"
	 - Location: ../../../../../../runner/.rustup/toolchains/nightly-2025-11-21-aarch64-apple-darwin/lib/rustlib/src/rust/library/core/src/slice/iter/macros.rs:57:51 in function std::slice::Iter::<'_, u8>::make_slice

Check 1830: std::slice::Iter::<'_, u8>::make_slice.pointer_dereference.24
	 - Status: SUCCESS
	 - Description: "dereference failure: invalid integer address"
	 - Location: ../../../../../../runner/.rustup/toolchains/nightly-2025-11-21-aarch64-apple-darwin/lib/rustlib/src/rust/library/core/src/slice/iter/macros.rs:57:51 in function std::slice::Iter::<'_, u8>::make_slice

Check 1831: alloc::raw_vec::RawVecInner::finish_grow::{closure#0}.pointer_dereference.1
	 - Status: SUCCESS
	 - Description: "dereference failure: pointer NULL"
	 - Location: ../../../../../../runner/.rustup/toolchains/nightly-2025-11-21-aarch64-apple-darwin/lib/rustlib/src/rust/library/alloc/src/raw_vec/mod.rs:758:49 in function alloc::raw_vec::RawVecInner::finish_grow::{closure#0}

Check 1832: alloc::raw_vec::RawVecInner::finish_grow::{closure#0}.pointer_dereference.2
	 - Status: SUCCESS
	 - Description: "dereference failure: pointer invalid"
	 - Location: ../../../../../../runner/.rustup/toolchains/nightly-2025-11-21-aarch64-apple-darwin/lib/rustlib/src/rust/library/alloc/src/raw_vec/mod.rs:758:49 in function alloc::raw_vec::RawVecInner::finish_grow::{closure#0}

Check 1833: alloc::raw_vec::RawVecInner::finish_grow::{closure#0}.pointer_dereference.3
	 - Status: SUCCESS
	 - Description: "dereference failure: deallocated dynamic object"
	 - Location: ../../../../../../runner/.rustup/toolchains/nightly-2025-11-21-aarch64-apple-darwin/lib/rustlib/src/rust/library/alloc/src/raw_vec/mod.rs:758:49 in function alloc::raw_vec::RawVecInner::finish_grow::{closure#0}

Check 1834: alloc::raw_vec::RawVecInner::finish_grow::{closure#0}.pointer_dereference.4
	 - Status: SUCCESS
	 - Description: "dereference failure: dead object"
	 - Location: ../../../../../../runner/.rustup/toolchains/nightly-2025-11-21-aarch64-apple-darwin/lib/rustlib/src/rust/library/alloc/src/raw_vec/mod.rs:758:49 in function alloc::raw_vec::RawVecInner::finish_grow::{closure#0}

Check 1835: alloc::raw_vec::RawVecInner::finish_grow::{closure#0}.pointer_dereference.5
	 - Status: SUCCESS
	 - Description: "dereference failure: pointer outside object bounds"
	 - Location: ../../../../../../runner/.rustup/toolchains/nightly-2025-11-21-aarch64-apple-darwin/lib/rustlib/src/rust/library/alloc/src/raw_vec/mod.rs:758:49 in function alloc::raw_vec::RawVecInner::finish_grow::{closure#0}

Check 1836: alloc::raw_vec::RawVecInner::finish_grow::{closure#0}.pointer_dereference.6
	 - Status: SUCCESS
	 - Description: "dereference failure: invalid integer address"
	 - Location: ../../../../../../runner/.rustup/toolchains/nightly-2025-11-21-aarch64-apple-darwin/lib/rustlib/src/rust/library/alloc/src/raw_vec/mod.rs:758:49 in function alloc::raw_vec::RawVecInner::finish_grow::{closure#0}

Check 1837: ext5::proofs_ext5::eq_poly_overlap_bboxfail.array_bounds.1
	 - Status: SUCCESS
	 - Description: "index out of bounds: the length is less than or equal to the given index"
	 - Location: src/ext5.rs:208:17 in function ext5::proofs_ext5::eq_poly_overlap_bboxfail

Check 1838: ext5::proofs_ext5::eq_poly_overlap_bboxfail.array_bounds.2
	 - Status: SUCCESS
	 - Description: "index out of bounds: the length is less than or equal to the given index"
	 - Location: src/ext5.rs:209:17 in function ext5::proofs_ext5::eq_poly_overlap_bboxfail

Check 1839: ext5::proofs_ext5::eq_poly_overlap_bboxfail.array_bounds.3
	 - Status: SUCCESS
	 - Description: "index out of bounds: the length is less than or equal to the given index"
	 - Location: src/ext5.rs:220:59 in function ext5::proofs_ext5::eq_poly_overlap_bboxfail

Check 1840: ext5::proofs_ext5::eq_poly_overlap_bboxfail.array_bounds.4
	 - Status: SUCCESS
	 - Description: "index out of bounds: the length is less than or equal to the given index"
	 - Location: src/ext5.rs:220:70 in function ext5::proofs_ext5::eq_poly_overlap_bboxfail

Check 1841: ext5::proofs_ext5::eq_poly_overlap_bboxfail.array_bounds.5
	 - Status: SUCCESS
	 - Description: "index out of bounds: the length is less than or equal to the given index"
	 - Location: src/ext5.rs:221:58 in function ext5::proofs_ext5::eq_poly_overlap_bboxfail

Check 1842: ext5::proofs_ext5::eq_poly_overlap_bboxfail.array_bounds.6
	 - Status: SUCCESS
	 - Description: "index out of bounds: the length is less than or equal to the given index"
	 - Location: src/ext5.rs:221:69 in function ext5::proofs_ext5::eq_poly_overlap_bboxfail

Check 1843: ext5::proofs_ext5::eq_poly_overlap_bboxfail.array_bounds.7
	 - Status: SUCCESS
	 - Description: "index out of bounds: the length is less than or equal to the given index"
	 - Location: src/ext5.rs:228:59 in function ext5::proofs_ext5::eq_poly_overlap_bboxfail

Check 1844: ext5::proofs_ext5::eq_poly_overlap_bboxfail.array_bounds.8
	 - Status: SUCCESS
	 - Description: "index out of bounds: the length is less than or equal to the given index"
	 - Location: src/ext5.rs:228:70 in function ext5::proofs_ext5::eq_poly_overlap_bboxfail

Check 1845: ext5::proofs_ext5::eq_poly_overlap_bboxfail.array_bounds.9
	 - Status: SUCCESS
	 - Description: "index out of bounds: the length is less than or equal to the given index"
	 - Location: src/ext5.rs:229:58 in function ext5::proofs_ext5::eq_poly_overlap_bboxfail

Check 1846: ext5::proofs_ext5::eq_poly_overlap_bboxfail.array_bounds.10
	 - Status: SUCCESS
	 - Description: "index out of bounds: the length is less than or equal to the given index"
	 - Location: src/ext5.rs:229:69 in function ext5::proofs_ext5::eq_poly_overlap_bboxfail

Check 1847: std::alloc::Layout::repeat_packed.pointer_dereference.1
	 - Status: SUCCESS
	 - Description: "dereference failure: pointer NULL"
	 - Location: ../../../../../../runner/.rustup/toolchains/nightly-2025-11-21-aarch64-apple-darwin/lib/rustlib/src/rust/library/core/src/alloc/layout.rs:448:29 in function std::alloc::Layout::repeat_packed

Check 1848: std::alloc::Layout::repeat_packed.pointer_dereference.2
	 - Status: SUCCESS
	 - Description: "dereference failure: pointer invalid"
	 - Location: ../../../../../../runner/.rustup/toolchains/nightly-2025-11-21-aarch64-apple-darwin/lib/rustlib/src/rust/library/core/src/alloc/layout.rs:448:29 in function std::alloc::Layout::repeat_packed

Check 1849: std::alloc::Layout::repeat_packed.pointer_dereference.3
	 - Status: SUCCESS
	 - Description: "dereference failure: deallocated dynamic object"
	 - Location: ../../../../../../runner/.rustup/toolchains/nightly-2025-11-21-aarch64-apple-darwin/lib/rustlib/src/rust/library/core/src/alloc/layout.rs:448:29 in function std::alloc::Layout::repeat_packed

Check 1850: std::alloc::Layout::repeat_packed.pointer_dereference.4
	 - Status: SUCCESS
	 - Description: "dereference failure: dead object"
	 - Location: ../../../../../../runner/.rustup/toolchains/nightly-2025-11-21-aarch64-apple-darwin/lib/rustlib/src/rust/library/core/src/alloc/layout.rs:448:29 in function std::alloc::Layout::repeat_packed

Check 1851: std::alloc::Layout::repeat_packed.pointer_dereference.5
	 - Status: SUCCESS
	 - Description: "dereference failure: pointer outside object bounds"
	 - Location: ../../../../../../runner/.rustup/toolchains/nightly-2025-11-21-aarch64-apple-darwin/lib/rustlib/src/rust/library/core/src/alloc/layout.rs:448:29 in function std::alloc::Layout::repeat_packed

Check 1852: std::alloc::Layout::repeat_packed.pointer_dereference.6
	 - Status: SUCCESS
	 - Description: "dereference failure: invalid integer address"
	 - Location: ../../../../../../runner/.rustup/toolchains/nightly-2025-11-21-aarch64-apple-darwin/lib/rustlib/src/rust/library/core/src/alloc/layout.rs:448:29 in function std::alloc::Layout::repeat_packed

Check 1853: std::alloc::Layout::repeat_packed.pointer_dereference.7
	 - Status: SUCCESS
	 - Description: "dereference failure: dead object"
	 - Location: ../../../../../../runner/.rustup/toolchains/nightly-2025-11-21-aarch64-apple-darwin/lib/rustlib/src/rust/library/core/src/alloc/layout.rs:452:13 in function std::alloc::Layout::repeat_packed

Check 1854: std::alloc::Layout::repeat_packed.pointer_dereference.8
	 - Status: SUCCESS
	 - Description: "dereference failure: pointer NULL"
	 - Location: ../../../../../../runner/.rustup/toolchains/nightly-2025-11-21-aarch64-apple-darwin/lib/rustlib/src/rust/library/core/src/alloc/layout.rs:450:47 in function std::alloc::Layout::repeat_packed

Check 1855: std::alloc::Layout::repeat_packed.pointer_dereference.9
	 - Status: SUCCESS
	 - Description: "dereference failure: pointer invalid"
	 - Location: ../../../../../../runner/.rustup/toolchains/nightly-2025-11-21-aarch64-apple-darwin/lib/rustlib/src/rust/library/core/src/alloc/layout.rs:450:47 in function std::alloc::Layout::repeat_packed

Check 1856: std::alloc::Layout::repeat_packed.pointer_dereference.10
	 - Status: SUCCESS
	 - Description: "dereference failure: deallocated dynamic object"
	 - Location: ../../../../../../runner/.rustup/toolchains/nightly-2025-11-21-aarch64-apple-darwin/lib/rustlib/src/rust/library/core/src/alloc/layout.rs:450:47 in function std::alloc::Layout::repeat_packed

Check 1857: std::alloc::Layout::repeat_packed.pointer_dereference.11
	 - Status: SUCCESS
	 - Description: "dereference failure: dead object"
	 - Location: ../../../../../../runner/.rustup/toolchains/nightly-2025-11-21-aarch64-apple-darwin/lib/rustlib/src/rust/library/core/src/alloc/layout.rs:450:47 in function std::alloc::Layout::repeat_packed

Check 1858: std::alloc::Layout::repeat_packed.pointer_dereference.12
	 - Status: SUCCESS
	 - Description: "dereference failure: pointer outside object bounds"
	 - Location: ../../../../../../runner/.rustup/toolchains/nightly-2025-11-21-aarch64-apple-darwin/lib/rustlib/src/rust/library/core/src/alloc/layout.rs:450:47 in function std::alloc::Layout::repeat_packed

Check 1859: std::alloc::Layout::repeat_packed.pointer_dereference.13
	 - Status: SUCCESS
	 - Description: "dereference failure: invalid integer address"
	 - Location: ../../../../../../runner/.rustup/toolchains/nightly-2025-11-21-aarch64-apple-darwin/lib/rustlib/src/rust/library/core/src/alloc/layout.rs:450:47 in function std::alloc::Layout::repeat_packed

Check 1860: adt_geo::line::line_construct.pointer_dereference.1
	 - Status: SUCCESS
	 - Description: "dereference failure: pointer NULL"
	 - Location: ../../crates/backend/utils/adt/geo/src/line.rs:13:20 in function adt_geo::line::line_construct

Check 1861: adt_geo::line::line_construct.pointer_dereference.2
	 - Status: SUCCESS
	 - Description: "dereference failure: pointer invalid"
	 - Location: ../../crates/backend/utils/adt/geo/src/line.rs:13:20 in function adt_geo::line::line_construct

Check 1862: adt_geo::line::line_construct.pointer_dereference.3
	 - Status: SUCCESS
	 - Description: "dereference failure: deallocated dynamic object"
	 - Location: ../../crates/backend/utils/adt/geo/src/line.rs:13:20 in function adt_geo::line::line_construct

Check 1863: adt_geo::line::line_construct.pointer_dereference.4
	 - Status: SUCCESS
	 - Description: "dereference failure: dead object"
	 - Location: ../../crates/backend/utils/adt/geo/src/line.rs:13:20 in function adt_geo::line::line_construct

Check 1864: adt_geo::line::line_construct.pointer_dereference.5
	 - Status: SUCCESS
	 - Description: "dereference failure: pointer outside object bounds"
	 - Location: ../../crates/backend/utils/adt/geo/src/line.rs:13:20 in function adt_geo::line::line_construct

Check 1865: adt_geo::line::line_construct.pointer_dereference.6
	 - Status: SUCCESS
	 - Description: "dereference failure: invalid integer address"
	 - Location: ../../crates/backend/utils/adt/geo/src/line.rs:13:20 in function adt_geo::line::line_construct

Check 1866: adt_geo::line::line_construct.pointer_dereference.7
	 - Status: SUCCESS
	 - Description: "dereference failure: pointer NULL"
	 - Location: ../../crates/backend/utils/adt/geo/src/line.rs:17:20 in function adt_geo::line::line_construct

Check 1867: adt_geo::line::line_construct.pointer_dereference.8
	 - Status: SUCCESS
	 - Description: "dereference failure: pointer invalid"
	 - Location: ../../crates/backend/utils/adt/geo/src/line.rs:17:20 in function adt_geo::line::line_construct

Check 1868: adt_geo::line::line_construct.pointer_dereference.9
	 - Status: SUCCESS
	 - Description: "dereference failure: deallocated dynamic object"
	 - Location: ../../crates/backend/utils/adt/geo/src/line.rs:17:20 in function adt_geo::line::line_construct

Check 1869: adt_geo::line::line_construct.pointer_dereference.10
	 - Status: SUCCESS
	 - Description: "dereference failure: dead object"
	 - Location: ../../crates/backend/utils/adt/geo/src/line.rs:17:20 in function adt_geo::line::line_construct

Check 1870: adt_geo::line::line_construct.pointer_dereference.11
	 - Status: SUCCESS
	 - Description: "dereference failure: pointer outside object bounds"
	 - Location: ../../crates/backend/utils/adt/geo/src/line.rs:17:20 in function adt_geo::line::line_construct

Check 1871: adt_geo::line::line_construct.pointer_dereference.12
	 - Status: SUCCESS
	 - Description: "dereference failure: invalid integer address"
	 - Location: ../../crates/backend/utils/adt/geo/src/line.rs:17:20 in function adt_geo::line::line_construct

Check 1872: adt_geo::line::line_construct.pointer_dereference.13
	 - Status: SUCCESS
	 - Description: "dereference failure: pointer NULL"
	 - Location: ../../crates/backend/utils/adt/geo/src/line.rs:21:30 in function adt_geo::line::line_construct

Check 1873: adt_geo::line::line_construct.pointer_dereference.14
	 - Status: SUCCESS
	 - Description: "dereference failure: pointer invalid"
	 - Location: ../../crates/backend/utils/adt/geo/src/line.rs:21:30 in function adt_geo::line::line_construct

Check 1874: adt_geo::line::line_construct.pointer_dereference.15
	 - Status: SUCCESS
	 - Description: "dereference failure: deallocated dynamic object"
	 - Location: ../../crates/backend/utils/adt/geo/src/line.rs:21:30 in function adt_geo::line::line_construct

Check 1875: adt_geo::line::line_construct.pointer_dereference.16
	 - Status: SUCCESS
	 - Description: "dereference failure: dead object"
	 - Location: ../../crates/backend/utils/adt/geo/src/line.rs:21:30 in function adt_geo::line::line_construct

Check 1876: adt_geo::line::line_construct.pointer_dereference.17
	 - Status: SUCCESS
	 - Description: "dereference failure: pointer outside object bounds"
	 - Location: ../../crates/backend/utils/adt/geo/src/line.rs:21:30 in function adt_geo::line::line_construct

Check 1877: adt_geo::line::line_construct.pointer_dereference.18
	 - Status: SUCCESS
	 - Description: "dereference failure: invalid integer address"
	 - Location: ../../crates/backend/utils/adt/geo/src/line.rs:21:30 in function adt_geo::line::line_construct

Check 1878: adt_geo::line::line_construct.pointer_dereference.19
	 - Status: SUCCESS
	 - Description: "dereference failure: pointer NULL"
	 - Location: ../../crates/backend/utils/adt/geo/src/line.rs:21:50 in function adt_geo::line::line_construct

Check 1879: adt_geo::line::line_construct.pointer_dereference.20
	 - Status: SUCCESS
	 - Description: "dereference failure: pointer invalid"
	 - Location: ../../crates/backend/utils/adt/geo/src/line.rs:21:50 in function adt_geo::line::line_construct

Check 1880: adt_geo::line::line_construct.pointer_dereference.21
	 - Status: SUCCESS
	 - Description: "dereference failure: deallocated dynamic object"
	 - Location: ../../crates/backend/utils/adt/geo/src/line.rs:21:50 in function adt_geo::line::line_construct

Check 1881: adt_geo::line::line_construct.pointer_dereference.22
	 - Status: SUCCESS
	 - Description: "dereference failure: dead object"
	 - Location: ../../crates/backend/utils/adt/geo/src/line.rs:21:50 in function adt_geo::line::line_construct

Check 1882: adt_geo::line::line_construct.pointer_dereference.23
	 - Status: SUCCESS
	 - Description: "dereference failure: pointer outside object bounds"
	 - Location: ../../crates/backend/utils/adt/geo/src/line.rs:21:50 in function adt_geo::line::line_construct

Check 1883: adt_geo::line::line_construct.pointer_dereference.24
	 - Status: SUCCESS
	 - Description: "dereference failure: invalid integer address"
	 - Location: ../../crates/backend/utils/adt/geo/src/line.rs:21:50 in function adt_geo::line::line_construct

Check 1884: <std::result::Result<std::ptr::NonNull<[u8]>, std::alloc::AllocError> as std::ops::FromResidual<std::result::Result<std::convert::Infallible, std::alloc::AllocError>>>::from_residual.pointer_dereference.1
	 - Status: SUCCESS
	 - Description: "dereference failure: dead object"
	 - Location: ../../../../../../runner/.rustup/toolchains/nightly-2025-11-21-aarch64-apple-darwin/lib/rustlib/src/rust/library/core/src/result.rs:2189:23 in function <std::result::Result<std::ptr::NonNull<[u8]>, std::alloc::AllocError> as std::ops::FromResidual<std::result::Result<std::convert::Infallible, std::alloc::AllocError>>>::from_residual

Check 1885: <[[u8; 8]] as std::slice::Concat<u8>>::concat.pointer_dereference.1
	 - Status: SUCCESS
	 - Description: "dereference failure: dead object"
	 - Location: ../../../../../../runner/.rustup/toolchains/nightly-2025-11-21-aarch64-apple-darwin/lib/rustlib/src/rust/library/alloc/src/slice.rs:730:18 in function <[[u8; 8]] as std::slice::Concat<u8>>::concat

Check 1886: std::ptr::drop_in_place::<std::option::Option<std::string::String>>.pointer_dereference.1
	 - Status: SUCCESS
	 - Description: "dereference failure: pointer NULL"
	 - Location: ../../../../../../runner/.rustup/toolchains/nightly-2025-11-21-aarch64-apple-darwin/lib/rustlib/src/rust/library/core/src/ptr/mod.rs:805:1 in function std::ptr::drop_in_place::<std::option::Option<std::string::String>>

Check 1887: std::ptr::drop_in_place::<std::option::Option<std::string::String>>.pointer_dereference.2
	 - Status: SUCCESS
	 - Description: "dereference failure: pointer invalid"
	 - Location: ../../../../../../runner/.rustup/toolchains/nightly-2025-11-21-aarch64-apple-darwin/lib/rustlib/src/rust/library/core/src/ptr/mod.rs:805:1 in function std::ptr::drop_in_place::<std::option::Option<std::string::String>>

Check 1888: std::ptr::drop_in_place::<std::option::Option<std::string::String>>.pointer_dereference.3
	 - Status: SUCCESS
	 - Description: "dereference failure: deallocated dynamic object"
	 - Location: ../../../../../../runner/.rustup/toolchains/nightly-2025-11-21-aarch64-apple-darwin/lib/rustlib/src/rust/library/core/src/ptr/mod.rs:805:1 in function std::ptr::drop_in_place::<std::option::Option<std::string::String>>

Check 1889: std::ptr::drop_in_place::<std::option::Option<std::string::String>>.pointer_dereference.4
	 - Status: SUCCESS
	 - Description: "dereference failure: dead object"
	 - Location: ../../../../../../runner/.rustup/toolchains/nightly-2025-11-21-aarch64-apple-darwin/lib/rustlib/src/rust/library/core/src/ptr/mod.rs:805:1 in function std::ptr::drop_in_place::<std::option::Option<std::string::String>>

Check 1890: std::ptr::drop_in_place::<std::option::Option<std::string::String>>.pointer_dereference.5
	 - Status: SUCCESS
	 - Description: "dereference failure: pointer outside object bounds"
	 - Location: ../../../../../../runner/.rustup/toolchains/nightly-2025-11-21-aarch64-apple-darwin/lib/rustlib/src/rust/library/core/src/ptr/mod.rs:805:1 in function std::ptr::drop_in_place::<std::option::Option<std::string::String>>

Check 1891: std::ptr::drop_in_place::<std::option::Option<std::string::String>>.pointer_dereference.6
	 - Status: SUCCESS
	 - Description: "dereference failure: invalid integer address"
	 - Location: ../../../../../../runner/.rustup/toolchains/nightly-2025-11-21-aarch64-apple-darwin/lib/rustlib/src/rust/library/core/src/ptr/mod.rs:805:1 in function std::ptr::drop_in_place::<std::option::Option<std::string::String>>

Check 1892: alloc::raw_vec::RawVecInner::current_memory.pointer_dereference.1
	 - Status: SUCCESS
	 - Description: "dereference failure: pointer NULL"
	 - Location: ../../../../../../runner/.rustup/toolchains/nightly-2025-11-21-aarch64-apple-darwin/lib/rustlib/src/rust/library/alloc/src/raw_vec/mod.rs:523:39 in function alloc::raw_vec::RawVecInner::current_memory

Check 1893: alloc::raw_vec::RawVecInner::current_memory.pointer_dereference.2
	 - Status: SUCCESS
	 - Description: "dereference failure: pointer invalid"
	 - Location: ../../../../../../runner/.rustup/toolchains/nightly-2025-11-21-aarch64-apple-darwin/lib/rustlib/src/rust/library/alloc/src/raw_vec/mod.rs:523:39 in function alloc::raw_vec::RawVecInner::current_memory

Check 1894: alloc::raw_vec::RawVecInner::current_memory.pointer_dereference.3
	 - Status: SUCCESS
	 - Description: "dereference failure: deallocated dynamic object"
	 - Location: ../../../../../../runner/.rustup/toolchains/nightly-2025-11-21-aarch64-apple-darwin/lib/rustlib/src/rust/library/alloc/src/raw_vec/mod.rs:523:39 in function alloc::raw_vec::RawVecInner::current_memory

Check 1895: alloc::raw_vec::RawVecInner::current_memory.pointer_dereference.4
	 - Status: SUCCESS
	 - Description: "dereference failure: dead object"
	 - Location: ../../../../../../runner/.rustup/toolchains/nightly-2025-11-21-aarch64-apple-darwin/lib/rustlib/src/rust/library/alloc/src/raw_vec/mod.rs:523:39 in function alloc::raw_vec::RawVecInner::current_memory

Check 1896: alloc::raw_vec::RawVecInner::current_memory.pointer_dereference.5
	 - Status: SUCCESS
	 - Description: "dereference failure: pointer outside object bounds"
	 - Location: ../../../../../../runner/.rustup/toolchains/nightly-2025-11-21-aarch64-apple-darwin/lib/rustlib/src/rust/library/alloc/src/raw_vec/mod.rs:523:39 in function alloc::raw_vec::RawVecInner::current_memory

Check 1897: alloc::raw_vec::RawVecInner::current_memory.pointer_dereference.6
	 - Status: SUCCESS
	 - Description: "dereference failure: invalid integer address"
	 - Location: ../../../../../../runner/.rustup/toolchains/nightly-2025-11-21-aarch64-apple-darwin/lib/rustlib/src/rust/library/alloc/src/raw_vec/mod.rs:523:39 in function alloc::raw_vec::RawVecInner::current_memory

Check 1898: alloc::raw_vec::RawVecInner::current_memory.pointer_dereference.7
	 - Status: SUCCESS
	 - Description: "dereference failure: pointer NULL"
	 - Location: ../../../../../../runner/.rustup/toolchains/nightly-2025-11-21-aarch64-apple-darwin/lib/rustlib/src/rust/library/alloc/src/raw_vec/mod.rs:531:67 in function alloc::raw_vec::RawVecInner::current_memory

Check 1899: alloc::raw_vec::RawVecInner::current_memory.pointer_dereference.8
	 - Status: SUCCESS
	 - Description: "dereference failure: pointer invalid"
	 - Location: ../../../../../../runner/.rustup/toolchains/nightly-2025-11-21-aarch64-apple-darwin/lib/rustlib/src/rust/library/alloc/src/raw_vec/mod.rs:531:67 in function alloc::raw_vec::RawVecInner::current_memory

Check 1900: alloc::raw_vec::RawVecInner::current_memory.pointer_dereference.9
	 - Status: SUCCESS
	 - Description: "dereference failure: deallocated dynamic object"
	 - Location: ../../../../../../runner/.rustup/toolchains/nightly-2025-11-21-aarch64-apple-darwin/lib/rustlib/src/rust/library/alloc/src/raw_vec/mod.rs:531:67 in function alloc::raw_vec::RawVecInner::current_memory

Check 1901: alloc::raw_vec::RawVecInner::current_memory.pointer_dereference.10
	 - Status: SUCCESS
	 - Description: "dereference failure: dead object"
	 - Location: ../../../../../../runner/.rustup/toolchains/nightly-2025-11-21-aarch64-apple-darwin/lib/rustlib/src/rust/library/alloc/src/raw_vec/mod.rs:531:67 in function alloc::raw_vec::RawVecInner::current_memory

Check 1902: alloc::raw_vec::RawVecInner::current_memory.pointer_dereference.11
	 - Status: SUCCESS
	 - Description: "dereference failure: pointer outside object bounds"
	 - Location: ../../../../../../runner/.rustup/toolchains/nightly-2025-11-21-aarch64-apple-darwin/lib/rustlib/src/rust/library/alloc/src/raw_vec/mod.rs:531:67 in function alloc::raw_vec::RawVecInner::current_memory

Check 1903: alloc::raw_vec::RawVecInner::current_memory.pointer_dereference.12
	 - Status: SUCCESS
	 - Description: "dereference failure: invalid integer address"
	 - Location: ../../../../../../runner/.rustup/toolchains/nightly-2025-11-21-aarch64-apple-darwin/lib/rustlib/src/rust/library/alloc/src/raw_vec/mod.rs:531:67 in function alloc::raw_vec::RawVecInner::current_memory

Check 1904: alloc::raw_vec::RawVecInner::current_memory.pointer_dereference.13
	 - Status: SUCCESS
	 - Description: "dereference failure: pointer NULL"
	 - Location: ../../../../../../runner/.rustup/toolchains/nightly-2025-11-21-aarch64-apple-darwin/lib/rustlib/src/rust/library/alloc/src/raw_vec/mod.rs:533:23 in function alloc::raw_vec::RawVecInner::current_memory

Check 1905: alloc::raw_vec::RawVecInner::current_memory.pointer_dereference.14
	 - Status: SUCCESS
	 - Description: "dereference failure: pointer invalid"
	 - Location: ../../../../../../runner/.rustup/toolchains/nightly-2025-11-21-aarch64-apple-darwin/lib/rustlib/src/rust/library/alloc/src/raw_vec/mod.rs:533:23 in function alloc::raw_vec::RawVecInner::current_memory

Check 1906: alloc::raw_vec::RawVecInner::current_memory.pointer_dereference.15
	 - Status: SUCCESS
	 - Description: "dereference failure: deallocated dynamic object"
	 - Location: ../../../../../../runner/.rustup/toolchains/nightly-2025-11-21-aarch64-apple-darwin/lib/rustlib/src/rust/library/alloc/src/raw_vec/mod.rs:533:23 in function alloc::raw_vec::RawVecInner::current_memory

Check 1907: alloc::raw_vec::RawVecInner::current_memory.pointer_dereference.16
	 - Status: SUCCESS
	 - Description: "dereference failure: dead object"
	 - Location: ../../../../../../runner/.rustup/toolchains/nightly-2025-11-21-aarch64-apple-darwin/lib/rustlib/src/rust/library/alloc/src/raw_vec/mod.rs:533:23 in function alloc::raw_vec::RawVecInner::current_memory

Check 1908: alloc::raw_vec::RawVecInner::current_memory.pointer_dereference.17
	 - Status: SUCCESS
	 - Description: "dereference failure: pointer outside object bounds"
	 - Location: ../../../../../../runner/.rustup/toolchains/nightly-2025-11-21-aarch64-apple-darwin/lib/rustlib/src/rust/library/alloc/src/raw_vec/mod.rs:533:23 in function alloc::raw_vec::RawVecInner::current_memory

Check 1909: alloc::raw_vec::RawVecInner::current_memory.pointer_dereference.18
	 - Status: SUCCESS
	 - Description: "dereference failure: invalid integer address"
	 - Location: ../../../../../../runner/.rustup/toolchains/nightly-2025-11-21-aarch64-apple-darwin/lib/rustlib/src/rust/library/alloc/src/raw_vec/mod.rs:533:23 in function alloc::raw_vec::RawVecInner::current_memory

Check 1910: alloc::raw_vec::RawVecInner::current_memory.pointer_dereference.19
	 - Status: SUCCESS
	 - Description: "dereference failure: dead object"
	 - Location: ../../../../../../runner/.rustup/toolchains/nightly-2025-11-21-aarch64-apple-darwin/lib/rustlib/src/rust/library/alloc/src/raw_vec/mod.rs:524:13 in function alloc::raw_vec::RawVecInner::current_memory

Check 1911: std::ptr::NonNull::<u8>::new.pointer_dereference.1
	 - Status: SUCCESS
	 - Description: "dereference failure: dead object"
	 - Location: ../../../../../../runner/.rustup/toolchains/nightly-2025-11-21-aarch64-apple-darwin/lib/rustlib/src/rust/library/core/src/ptr/non_null.rs:275:13 in function std::ptr::NonNull::<u8>::new

Check 1912: std::alloc::Layout::from_size_alignment.pointer_dereference.1
	 - Status: SUCCESS
	 - Description: "dereference failure: dead object"
	 - Location: ../../../../../../runner/.rustup/toolchains/nightly-2025-11-21-aarch64-apple-darwin/lib/rustlib/src/rust/library/core/src/alloc/layout.rs:102:20 in function std::alloc::Layout::from_size_alignment

Check 1913: memcpy.pointer.3
	 - Status: SUCCESS
	 - Description: "same object violation in (const char *)(void *)src >= (const char *)(void *)dst + (signed long int)(count * sizeof(unsigned char) /*1*/ )"
	 - Location: <builtin-library-memcpy>:33 in function memcpy

Check 1914: memcpy.pointer.4
	 - Status: SUCCESS
	 - Description: "same object violation in (const char *)(void *)dst >= (const char *)(void *)src + (signed long int)(count * sizeof(unsigned char) /*1*/ )"
	 - Location: <builtin-library-memcpy>:34 in function memcpy

Check 1915: std::ptr::copy_nonoverlapping::<u8>.precondition_instance.1
	 - Status: SUCCESS
	 - Description: "memcpy src/dst overlap"
	 - Location: ../../../../../../runner/.rustup/toolchains/nightly-2025-11-21-aarch64-apple-darwin/lib/rustlib/src/rust/library/core/src/ptr/mod.rs:547:14 in function std::ptr::copy_nonoverlapping::<u8>

Check 1916: std::ptr::copy_nonoverlapping::<u8>.precondition_instance.2
	 - Status: SUCCESS
	 - Description: "memcpy source region readable"
	 - Location: ../../../../../../runner/.rustup/toolchains/nightly-2025-11-21-aarch64-apple-darwin/lib/rustlib/src/rust/library/core/src/ptr/mod.rs:547:14 in function std::ptr::copy_nonoverlapping::<u8>

Check 1917: std::ptr::copy_nonoverlapping::<u8>.precondition_instance.3
	 - Status: SUCCESS
	 - Description: "memcpy destination region writeable"
	 - Location: ../../../../../../runner/.rustup/toolchains/nightly-2025-11-21-aarch64-apple-darwin/lib/rustlib/src/rust/library/core/src/ptr/mod.rs:547:14 in function std::ptr::copy_nonoverlapping::<u8>

Check 1918: std::cmp::Ordering::as_raw.pointer_dereference.1
	 - Status: SUCCESS
	 - Description: "dereference failure: dead object"
	 - Location: ../../../../../../runner/.rustup/toolchains/nightly-2025-11-21-aarch64-apple-darwin/lib/rustlib/src/rust/library/core/src/cmp.rs:408:9 in function std::cmp::Ordering::as_raw

Check 1919: std::cmp::Ordering::as_raw.pointer_dereference.2
	 - Status: SUCCESS
	 - Description: "dereference failure: pointer outside object bounds"
	 - Location: ../../../../../../runner/.rustup/toolchains/nightly-2025-11-21-aarch64-apple-darwin/lib/rustlib/src/rust/library/core/src/cmp.rs:408:9 in function std::cmp::Ordering::as_raw

Check 1920: <adt_geo::PolyRef<'_> as adt_geo::Pts>::n.pointer_dereference.1
	 - Status: SUCCESS
	 - Description: "dereference failure: pointer NULL"
	 - Location: ../../crates/backend/utils/adt/geo/src/lib.rs:289:9 in function <adt_geo::PolyRef<'_> as adt_geo::Pts>::n

Check 1921: <adt_geo::PolyRef<'_> as adt_geo::Pts>::n.pointer_dereference.2
	 - Status: SUCCESS
	 - Description: "dereference failure: pointer invalid"
	 - Location: ../../crates/backend/utils/adt/geo/src/lib.rs:289:9 in function <adt_geo::PolyRef<'_> as adt_geo::Pts>::n

Check 1922: <adt_geo::PolyRef<'_> as adt_geo::Pts>::n.pointer_dereference.3
	 - Status: SUCCESS
	 - Description: "dereference failure: deallocated dynamic object"
	 - Location: ../../crates/backend/utils/adt/geo/src/lib.rs:289:9 in function <adt_geo::PolyRef<'_> as adt_geo::Pts>::n

Check 1923: <adt_geo::PolyRef<'_> as adt_geo::Pts>::n.pointer_dereference.4
	 - Status: SUCCESS
	 - Description: "dereference failure: dead object"
	 - Location: ../../crates/backend/utils/adt/geo/src/lib.rs:289:9 in function <adt_geo::PolyRef<'_> as adt_geo::Pts>::n

Check 1924: <adt_geo::PolyRef<'_> as adt_geo::Pts>::n.pointer_dereference.5
	 - Status: SUCCESS
	 - Description: "dereference failure: pointer outside object bounds"
	 - Location: ../../crates/backend/utils/adt/geo/src/lib.rs:289:9 in function <adt_geo::PolyRef<'_> as adt_geo::Pts>::n

Check 1925: <adt_geo::PolyRef<'_> as adt_geo::Pts>::n.pointer_dereference.6
	 - Status: SUCCESS
	 - Description: "dereference failure: invalid integer address"
	 - Location: ../../crates/backend/utils/adt/geo/src/lib.rs:289:9 in function <adt_geo::PolyRef<'_> as adt_geo::Pts>::n

Check 1926: std::option::Option::<usize>::ok_or::<std::collections::TryReserveErrorKind>.pointer_dereference.1
	 - Status: SUCCESS
	 - Description: "dereference failure: dead object"
	 - Location: ../../../../../../runner/.rustup/toolchains/nightly-2025-11-21-aarch64-apple-darwin/lib/rustlib/src/rust/library/core/src/option.rs:1339:24 in function std::option::Option::<usize>::ok_or::<std::collections::TryReserveErrorKind>


SUMMARY:
 ** 0 of 1926 failed (38 unreachable)

VERIFICATION:- SUCCESSFUL

Source-based code coverage results:

/Users/malisper/dev/pgrust-fast/.wt-covfix/crates/_support/types/types_core/src/geo.rs (types_core::Point::from_datum_bytes)
 * 10:5 - 19:6 UNCOVERED

/Users/malisper/dev/pgrust-fast/.wt-covfix/crates/_support/types/types_error/src/pg_error.rs (types_error::PgError::error::<&str>)
 * 150:5 - 152:6 UNCOVERED

/Users/malisper/dev/pgrust-fast/.wt-covfix/crates/_support/types/types_error/src/pg_error.rs (types_error::PgError::with_sqlstate)
 * 273:5 - 276:6 UNCOVERED

/Users/malisper/dev/pgrust-fast/.wt-covfix/crates/_support/types/types_error/src/pg_error.rs (types_error::default_sqlstate_for_level)
 * 18:1 - 19:22 UNCOVERED
 * 20:9 - 20:31 UNCOVERED
 * 21:15 - 21:31 UNCOVERED
 * 22:9 - 22:24 UNCOVERED
 * 24:9 - 24:38 UNCOVERED
 * 26:1 - 26:2 UNCOVERED

/Users/malisper/dev/pgrust-fast/.wt-covfix/crates/backend/utils/adt/float/src/lib.rs (adt_float::bits8)
 * 223:1 - 224:12 UNCOVERED
 * 225:12 - 225:39 UNCOVERED
 * 226:13 - 226:25 UNCOVERED
 * 228:1 - 228:2 UNCOVERED

/Users/malisper/dev/pgrust-fast/.wt-covfix/crates/backend/utils/adt/float/src/lib.rs (adt_float::f8_div_inf_cold)
 * 183:1 - 184:27 UNCOVERED
 * 185:16 - 185:50 UNCOVERED
 * 186:5 - 187:25 UNCOVERED
 * 188:1 - 188:2 UNCOVERED

/Users/malisper/dev/pgrust-fast/.wt-covfix/crates/backend/utils/adt/float/src/lib.rs (adt_float::f8_div_zero_cold)
 * 201:1 - 202:19 UNCOVERED
 * 202:23 - 202:42 UNCOVERED
 * 203:16 - 203:51 UNCOVERED
 * 204:5 - 205:25 UNCOVERED
 * 206:1 - 206:2 UNCOVERED

/Users/malisper/dev/pgrust-fast/.wt-covfix/crates/backend/utils/adt/float/src/lib.rs (adt_float::f8_inf_cold)
 * 147:1 - 148:27 UNCOVERED
 * 148:31 - 148:50 UNCOVERED
 * 149:16 - 149:50 UNCOVERED
 * 150:5 - 151:25 UNCOVERED
 * 152:1 - 152:2 UNCOVERED

/Users/malisper/dev/pgrust-fast/.wt-covfix/crates/backend/utils/adt/float/src/lib.rs (adt_float::f8_mul_zero_cold)
 * 165:1 - 166:19 UNCOVERED
 * 166:23 - 166:34 UNCOVERED
 * 167:16 - 167:51 UNCOVERED
 * 168:5 - 169:25 UNCOVERED
 * 170:1 - 170:2 UNCOVERED

/Users/malisper/dev/pgrust-fast/.wt-covfix/crates/backend/utils/adt/float/src/lib.rs (adt_float::float8_div)
 * 306:1 - 307:19 UNCOVERED
 * 307:23 - 307:37 UNCOVERED
 * 308:16 - 308:40 UNCOVERED
 * 309:5 - 311:26 UNCOVERED
 * 312:16 - 312:50 UNCOVERED
 * 313:5 - 314:21 UNCOVERED
 * 315:16 - 315:57 UNCOVERED
 * 316:5 - 317:15 UNCOVERED
 * 318:1 - 318:2 UNCOVERED

/Users/malisper/dev/pgrust-fast/.wt-covfix/crates/backend/utils/adt/float/src/lib.rs (adt_float::float8_eq)
 * 328:1 - 330:17 UNCOVERED
 * 330:22 - 330:33 UNCOVERED
 * 330:39 - 330:50 UNCOVERED
 * 331:1 - 331:2 UNCOVERED

/Users/malisper/dev/pgrust-fast/.wt-covfix/crates/backend/utils/adt/float/src/lib.rs (adt_float::float8_mi)
 * 258:1 - 260:26 UNCOVERED
 * 261:16 - 261:52 UNCOVERED
 * 262:5 - 263:15 UNCOVERED
 * 264:1 - 264:2 UNCOVERED

/Users/malisper/dev/pgrust-fast/.wt-covfix/crates/backend/utils/adt/float/src/lib.rs (adt_float::float8_mul)
 * 279:1 - 281:26 UNCOVERED
 * 282:16 - 282:52 UNCOVERED
 * 283:5 - 284:21 UNCOVERED
 * 285:16 - 285:57 UNCOVERED
 * 286:5 - 287:15 UNCOVERED
 * 288:1 - 288:2 UNCOVERED

/Users/malisper/dev/pgrust-fast/.wt-covfix/crates/backend/utils/adt/float/src/lib.rs (adt_float::float8_pl)
 * 240:1 - 242:26 UNCOVERED
 * 243:16 - 243:52 UNCOVERED
 * 244:5 - 245:15 UNCOVERED
 * 246:1 - 246:2 UNCOVERED

/Users/malisper/dev/pgrust-fast/.wt-covfix/crates/backend/utils/adt/float/src/lib.rs (adt_float::float_overflow_error)
 * 71:1 - 73:2 UNCOVERED

/Users/malisper/dev/pgrust-fast/.wt-covfix/crates/backend/utils/adt/float/src/lib.rs (adt_float::float_underflow_error)
 * 77:1 - 80:2 UNCOVERED

/Users/malisper/dev/pgrust-fast/.wt-covfix/crates/backend/utils/adt/float/src/lib.rs (adt_float::float_zero_divide_error)
 * 84:1 - 86:2 UNCOVERED

/Users/malisper/dev/pgrust-fast/.wt-covfix/crates/backend/utils/adt/float/src/lib.rs (adt_float::get_float8_infinity)
 * 55:1 - 57:2 UNCOVERED

/Users/malisper/dev/pgrust-fast/.wt-covfix/crates/backend/utils/adt/float/src/lib.rs (adt_float::zero_divide_boxed)
 * 210:1 - 212:2 UNCOVERED

/Users/malisper/dev/pgrust-fast/.wt-covfix/crates/backend/utils/adt/geo/src/lib.rs (<adt_geo::PolyRef<'_> as adt_geo::Pts>::n)
 * 288:5 - 290:6 COVERED

/Users/malisper/dev/pgrust-fast/.wt-covfix/crates/backend/utils/adt/geo/src/lib.rs (<adt_geo::PolyRef<'_> as adt_geo::Pts>::pt)
 * 292:5 - 294:6 UNCOVERED

/Users/malisper/dev/pgrust-fast/.wt-covfix/crates/backend/utils/adt/geo/src/lib.rs (adt_geo::FPeq)
 * 33:1 - 34:11 UNCOVERED
 * 34:15 - 34:39 UNCOVERED
 * 35:1 - 35:2 UNCOVERED

/Users/malisper/dev/pgrust-fast/.wt-covfix/crates/backend/utils/adt/geo/src/lib.rs (adt_geo::FPge)
 * 54:1 - 56:2 UNCOVERED

/Users/malisper/dev/pgrust-fast/.wt-covfix/crates/backend/utils/adt/geo/src/lib.rs (adt_geo::FPgt)
 * 50:1 - 52:2 UNCOVERED

/Users/malisper/dev/pgrust-fast/.wt-covfix/crates/backend/utils/adt/geo/src/lib.rs (adt_geo::FPle)
 * 46:1 - 48:2 COVERED

/Users/malisper/dev/pgrust-fast/.wt-covfix/crates/backend/utils/adt/geo/src/lib.rs (adt_geo::FPlt)
 * 42:1 - 44:2 UNCOVERED

/Users/malisper/dev/pgrust-fast/.wt-covfix/crates/backend/utils/adt/geo/src/lib.rs (adt_geo::FPzero)
 * 29:1 - 31:2 UNCOVERED

/Users/malisper/dev/pgrust-fast/.wt-covfix/crates/backend/utils/adt/geo/src/lib.rs (adt_geo::PolyRef::<'_>::from_parts)
 * 280:5 - 281:22 COVERED
 * 281:23 - 281:53 COVERED
 * 282:9 - 283:6 COVERED

/Users/malisper/dev/pgrust-fast/.wt-covfix/crates/backend/utils/adt/geo/src/lib.rs (adt_geo::box_ov)
 * 66:1 - 67:33 COVERED
 * 68:12 - 68:40 COVERED
 * 69:12 - 69:40 UNCOVERED
 * 70:12 - 70:40 UNCOVERED
 * 71:1 - 71:2 COVERED

/Users/malisper/dev/pgrust-fast/.wt-covfix/crates/backend/utils/adt/geo/src/lib.rs (adt_geo::lseg_crossing)
 * 360:1 - 361:16 UNCOVERED
 * 362:12 - 362:20 UNCOVERED
 * 363:13 - 363:33 UNCOVERED
 * 364:19 - 364:25 UNCOVERED
 * 365:16 - 365:29 UNCOVERED
 * 366:30 - 366:41 UNCOVERED
 * 367:21 - 367:22 UNCOVERED
 * 369:21 - 369:37 UNCOVERED
 * 371:13 - 372:30 UNCOVERED
 * 372:39 - 372:40 UNCOVERED
 * 372:50 - 372:52 UNCOVERED
 * 374:16 - 374:29 UNCOVERED
 * 375:30 - 375:41 UNCOVERED
 * 376:21 - 376:22 UNCOVERED
 * 378:21 - 378:37 UNCOVERED
 * 380:13 - 381:18 UNCOVERED
 * 384:13 - 386:25 UNCOVERED
 * 384:25 - 384:31 UNCOVERED
 * 384:40 - 384:41 UNCOVERED
 * 384:51 - 384:53 UNCOVERED
 * 387:19 - 387:30 UNCOVERED
 * 387:39 - 387:40 UNCOVERED
 * 387:50 - 387:56 UNCOVERED
 * 388:20 - 388:30 UNCOVERED
 * 388:34 - 388:45 UNCOVERED
 * 388:57 - 388:67 UNCOVERED
 * 388:71 - 388:82 UNCOVERED
 * 389:13 - 389:18 UNCOVERED
 * 391:16 - 391:22 UNCOVERED
 * 391:32 - 391:43 UNCOVERED
 * 392:24 - 392:38 UNCOVERED
 * 393:13 - 394:22 UNCOVERED
 * 394:32 - 394:43 UNCOVERED
 * 395:24 - 395:29 UNCOVERED
 * 396:13 - 399:47 UNCOVERED
 * 398:17 - 402:24 UNCOVERED
 * 398:21 - 398:30 UNCOVERED
 * 399:17 - 399:52 UNCOVERED
 * 399:48 - 399:49 UNCOVERED
 * 399:53 - 399:54 UNCOVERED
 * 400:17 - 400:52 UNCOVERED
 * 400:28 - 400:47 UNCOVERED
 * 400:48 - 400:49 UNCOVERED
 * 400:53 - 400:54 UNCOVERED
 * 401:14 - 401:15 UNCOVERED
 * 403:24 - 403:44 UNCOVERED
 * 404:13 - 405:27 UNCOVERED
 * 405:31 - 405:37 UNCOVERED
 * 405:49 - 405:59 UNCOVERED
 * 405:63 - 405:69 UNCOVERED
 * 406:24 - 406:29 UNCOVERED
 * 407:13 - 408:27 UNCOVERED
 * 411:1 - 411:2 UNCOVERED

/Users/malisper/dev/pgrust-fast/.wt-covfix/crates/backend/utils/adt/geo/src/lib.rs (adt_geo::pg_hypot)
 * 86:1 - 87:21 UNCOVERED
 * 87:27 - 87:40 UNCOVERED
 * 88:16 - 88:33 UNCOVERED
 * 89:5 - 90:16 UNCOVERED
 * 90:22 - 90:30 UNCOVERED
 * 91:16 - 91:28 UNCOVERED
 * 92:5 - 94:13 UNCOVERED
 * 94:14 - 96:6 UNCOVERED
 * 96:5 - 96:6 UNCOVERED
 * 97:8 - 97:16 UNCOVERED
 * 98:16 - 98:21 UNCOVERED
 * 99:5 - 112:26 UNCOVERED
 * 113:16 - 113:66 UNCOVERED
 * 114:5 - 115:21 UNCOVERED
 * 116:16 - 116:67 UNCOVERED
 * 117:5 - 118:15 UNCOVERED
 * 119:1 - 119:2 UNCOVERED

/Users/malisper/dev/pgrust-fast/.wt-covfix/crates/backend/utils/adt/geo/src/lib.rs (adt_geo::point_dt)
 * 122:1 - 123:36 UNCOVERED
 * 123:5 - 123:13 UNCOVERED
 * 123:37 - 123:38 UNCOVERED
 * 123:40 - 123:62 UNCOVERED
 * 123:63 - 123:64 UNCOVERED
 * 124:1 - 124:2 UNCOVERED

/Users/malisper/dev/pgrust-fast/.wt-covfix/crates/backend/utils/adt/geo/src/lib.rs (adt_geo::point_eq_point)
 * 59:1 - 60:20 UNCOVERED
 * 60:26 - 60:38 UNCOVERED
 * 60:44 - 60:56 UNCOVERED
 * 60:62 - 60:74 UNCOVERED
 * 61:16 - 61:51 UNCOVERED
 * 61:56 - 61:91 UNCOVERED
 * 62:5 - 63:22 UNCOVERED
 * 63:27 - 63:44 UNCOVERED
 * 64:1 - 64:2 UNCOVERED

/Users/malisper/dev/pgrust-fast/.wt-covfix/crates/backend/utils/adt/geo/src/lib.rs (adt_geo::point_inside::<adt_geo::PolyRef<'_>>)
 * 325:1 - 326:18 UNCOVERED
 * 326:19 - 326:33 UNCOVERED
 * 328:9 - 329:33 UNCOVERED
 * 329:9 - 330:33 UNCOVERED
 * 329:34 - 329:35 UNCOVERED
 * 330:9 - 336:26 UNCOVERED
 * 330:34 - 330:35 UNCOVERED
 * 336:9 - 338:36 UNCOVERED
 * 338:13 - 339:36 UNCOVERED
 * 338:37 - 338:38 UNCOVERED
 * 339:13 - 341:55 UNCOVERED
 * 339:37 - 339:38 UNCOVERED
 * 341:13 - 342:37 UNCOVERED
 * 341:56 - 341:57 UNCOVERED
 * 343:20 - 343:25 UNCOVERED
 * 344:9 - 348:19 UNCOVERED
 * 351:9 - 352:33 UNCOVERED
 * 351:17 - 351:53 UNCOVERED
 * 351:54 - 351:55 UNCOVERED
 * 353:16 - 353:21 UNCOVERED
 * 354:5 - 357:27 UNCOVERED
 * 357:30 - 357:31 UNCOVERED
 * 357:41 - 357:42 UNCOVERED
 * 358:1 - 358:2 UNCOVERED

/Users/malisper/dev/pgrust-fast/.wt-covfix/crates/backend/utils/adt/geo/src/line.rs (adt_geo::line::line_construct)
 * 8:1 - 10:21 UNCOVERED
 * 10:24 - 14:6 UNCOVERED
 * 14:15 - 14:23 UNCOVERED
 * 14:24 - 18:6 UNCOVERED
 * 19:9 - 21:54 UNCOVERED
 * 21:20 - 21:29 UNCOVERED
 * 21:55 - 21:56 UNCOVERED
 * 21:57 - 21:58 UNCOVERED
 * 23:12 - 23:27 UNCOVERED
 * 23:28 - 25:10 UNCOVERED
 * 25:9 - 25:10 UNCOVERED
 * 27:5 - 27:15 UNCOVERED
 * 28:1 - 28:2 UNCOVERED

/Users/malisper/dev/pgrust-fast/.wt-covfix/crates/backend/utils/adt/geo/src/line.rs (adt_geo::line::line_interpt_line)
 * 150:1 - 154:21 UNCOVERED
 * 155:12 - 155:16 UNCOVERED
 * 155:17 - 155:61 UNCOVERED
 * 155:23 - 155:33 UNCOVERED
 * 155:62 - 155:63 UNCOVERED
 * 155:64 - 155:65 UNCOVERED
 * 156:20 - 156:29 UNCOVERED
 * 157:9 - 160:44 UNCOVERED
 * 159:13 - 159:23 UNCOVERED
 * 160:13 - 160:22 UNCOVERED
 * 160:45 - 160:46 UNCOVERED
 * 160:48 - 160:69 UNCOVERED
 * 160:70 - 160:71 UNCOVERED
 * 160:72 - 160:73 UNCOVERED
 * 161:13 - 161:22 UNCOVERED
 * 161:23 - 161:44 UNCOVERED
 * 161:45 - 161:46 UNCOVERED
 * 161:48 - 161:69 UNCOVERED
 * 161:70 - 161:71 UNCOVERED
 * 161:72 - 161:73 UNCOVERED
 * 162:10 - 162:11 UNCOVERED
 * 163:13 - 163:69 UNCOVERED
 * 163:25 - 163:61 UNCOVERED
 * 163:35 - 163:53 UNCOVERED
 * 163:54 - 163:55 UNCOVERED
 * 163:62 - 163:63 UNCOVERED
 * 163:70 - 163:71 UNCOVERED
 * 164:15 - 164:28 UNCOVERED
 * 165:12 - 165:16 UNCOVERED
 * 165:17 - 165:61 UNCOVERED
 * 165:23 - 165:33 UNCOVERED
 * 165:62 - 165:63 UNCOVERED
 * 165:64 - 165:65 UNCOVERED
 * 166:20 - 166:29 UNCOVERED
 * 167:9 - 170:44 UNCOVERED
 * 169:13 - 169:23 UNCOVERED
 * 170:13 - 170:22 UNCOVERED
 * 170:45 - 170:46 UNCOVERED
 * 170:48 - 170:69 UNCOVERED
 * 170:70 - 170:71 UNCOVERED
 * 170:72 - 170:73 UNCOVERED
 * 171:13 - 171:22 UNCOVERED
 * 171:23 - 171:44 UNCOVERED
 * 171:45 - 171:46 UNCOVERED
 * 171:48 - 171:69 UNCOVERED
 * 171:70 - 171:71 UNCOVERED
 * 171:72 - 171:73 UNCOVERED
 * 172:10 - 172:11 UNCOVERED
 * 173:13 - 173:69 UNCOVERED
 * 173:25 - 173:61 UNCOVERED
 * 173:35 - 173:53 UNCOVERED
 * 173:54 - 173:55 UNCOVERED
 * 173:62 - 173:63 UNCOVERED
 * 173:70 - 173:71 UNCOVERED
 * 175:16 - 175:25 UNCOVERED
 * 179:9 - 180:24 UNCOVERED
 * 179:16 - 179:24 UNCOVERED
 * 179:27 - 179:30 UNCOVERED
 * 179:40 - 179:41 UNCOVERED
 * 180:9 - 182:31 UNCOVERED
 * 180:27 - 180:30 UNCOVERED
 * 180:40 - 180:41 UNCOVERED
 * 182:17 - 184:6 UNCOVERED
 * 184:5 - 184:6 UNCOVERED
 * 186:5 - 186:13 UNCOVERED
 * 187:1 - 187:2 UNCOVERED

/Users/malisper/dev/pgrust-fast/.wt-covfix/crates/backend/utils/adt/geo/src/lseg.rs (adt_geo::lseg::lseg_contain_point)
 * 147:1 - 149:32 UNCOVERED
 * 148:8 - 148:12 UNCOVERED
 * 149:33 - 149:34 UNCOVERED
 * 149:37 - 149:60 UNCOVERED
 * 149:61 - 149:62 UNCOVERED
 * 150:9 - 150:40 UNCOVERED
 * 150:41 - 150:42 UNCOVERED
 * 152:1 - 152:2 UNCOVERED

/Users/malisper/dev/pgrust-fast/.wt-covfix/crates/backend/utils/adt/geo/src/lseg.rs (adt_geo::lseg::lseg_interpt_line)
 * 123:1 - 124:54 UNCOVERED
 * 124:9 - 126:57 UNCOVERED
 * 124:15 - 124:29 UNCOVERED
 * 124:55 - 124:56 UNCOVERED
 * 124:57 - 124:58 UNCOVERED
 * 126:58 - 126:59 UNCOVERED
 * 127:16 - 127:25 UNCOVERED
 * 128:5 - 130:42 UNCOVERED
 * 130:43 - 130:44 UNCOVERED
 * 131:16 - 131:25 UNCOVERED
 * 132:5 - 133:31 UNCOVERED
 * 133:17 - 135:47 UNCOVERED
 * 135:49 - 137:10 UNCOVERED
 * 137:19 - 137:54 UNCOVERED
 * 137:56 - 139:10 UNCOVERED
 * 139:16 - 141:10 UNCOVERED
 * 142:5 - 142:6 UNCOVERED
 * 144:5 - 144:13 UNCOVERED
 * 145:1 - 145:2 UNCOVERED

/Users/malisper/dev/pgrust-fast/.wt-covfix/crates/backend/utils/adt/geo/src/lseg.rs (adt_geo::lseg::lseg_interpt_lseg)
 * 97:1 - 98:50 UNCOVERED
 * 98:9 - 100:55 UNCOVERED
 * 98:15 - 98:29 UNCOVERED
 * 98:51 - 98:52 UNCOVERED
 * 98:53 - 98:54 UNCOVERED
 * 100:56 - 100:57 UNCOVERED
 * 101:16 - 101:25 UNCOVERED
 * 102:5 - 104:40 UNCOVERED
 * 104:41 - 104:42 UNCOVERED
 * 105:16 - 105:25 UNCOVERED
 * 106:5 - 108:31 UNCOVERED
 * 108:17 - 110:6 UNCOVERED
 * 110:5 - 110:6 UNCOVERED
 * 112:5 - 112:13 UNCOVERED
 * 113:1 - 113:2 UNCOVERED

/Users/malisper/dev/pgrust-fast/.wt-covfix/crates/backend/utils/adt/geo/src/lseg.rs (adt_geo::lseg::lseg_sl)
 * 20:1 - 22:2 UNCOVERED

/Users/malisper/dev/pgrust-fast/.wt-covfix/crates/backend/utils/adt/geo/src/point.rs (adt_geo::point::point_construct)
 * 8:1 - 10:2 UNCOVERED

/Users/malisper/dev/pgrust-fast/.wt-covfix/crates/backend/utils/adt/geo/src/point.rs (adt_geo::point::point_sl)
 * 69:1 - 70:25 UNCOVERED
 * 71:16 - 71:41 UNCOVERED
 * 72:5 - 73:25 UNCOVERED
 * 74:16 - 74:23 UNCOVERED
 * 75:5 - 76:38 UNCOVERED
 * 76:5 - 76:15 UNCOVERED
 * 76:39 - 76:40 UNCOVERED
 * 76:42 - 76:64 UNCOVERED
 * 76:65 - 76:66 UNCOVERED
 * 77:1 - 77:2 UNCOVERED

/Users/malisper/dev/pgrust-fast/.wt-covfix/crates/backend/utils/adt/geo/src/poly.rs (adt_geo::poly::poly_overlap)
 * 82:1 - 84:2 COVERED

/Users/malisper/dev/pgrust-fast/.wt-covfix/crates/backend/utils/adt/geo/src/poly.rs (adt_geo::poly::poly_overlap_internal)
 * 50:1 - 51:18 COVERED
 * 51:19 - 51:29 COVERED
 * 51:33 - 51:43 COVERED
 * 53:8 - 53:41 COVERED
 * 54:16 - 54:25 COVERED
 * 55:5 - 63:20 UNCOVERED
 * 63:9 - 69:24 UNCOVERED
 * 69:13 - 71:48 UNCOVERED
 * 71:49 - 71:50 UNCOVERED
 * 72:24 - 72:32 UNCOVERED
 * 73:13 - 74:30 UNCOVERED
 * 76:9 - 76:26 UNCOVERED
 * 79:8 - 79:32 UNCOVERED
 * 79:33 - 79:34 UNCOVERED
 * 79:43 - 79:67 UNCOVERED
 * 79:68 - 79:69 UNCOVERED
 * 80:1 - 80:2 COVERED

/Users/malisper/dev/pgrust-fast/.wt-covfix/proofs/support/src/lib.rs (proof_support::stub_pg_error_new::<&str>)
 * 68:5 - 96:6 UNCOVERED

src/ext5.rs (ext5::proofs_ext5::any_f64)
 * 51:5 - 53:6 COVERED

src/ext5.rs (ext5::proofs_ext5::eq_poly_overlap_bboxfail)
 * 204:13 - 242:24 COVERED
 * 243:24 - 247:14 COVERED
 * 244:31 - 244:37 UNCOVERED

Verification Time: 3.1268525s

[info] Coverage results saved to /Users/malisper/dev/pgrust-fast/.wt-covfix/proofs/geo-cmp/target/kani/aarch64-apple-darwin/kanicov_2026-07-31_00-24
Manual Harness Summary:
Complete - 1 successfully verified harnesses, 0 failures, 1 total.
