family	harness	flags	expected	tier	time_s	notes
ascii-case	ascii_tolower_equiv	-Z c-ffi --c-lib csrc/case_shim.c	green	unmeasured	?	recipe INFERRED (no run-all.sh); quickwins batch 0.01-7.7s (TRIAGE)
ascii-case	ascii_toupper_equiv	-Z c-ffi --c-lib csrc/case_shim.c	green	unmeasured	?	recipe INFERRED; full 2^8 domain
bitutils	eq_popcount32	-Z c-ffi --c-lib c_bitutils.c	green	per-commit	1	~1s each per TRIAGE
bitutils	eq_popcount64	-Z c-ffi --c-lib c_bitutils.c	green	per-commit	1	
bitutils	eq_leftmost_one_pos32	-Z c-ffi --c-lib c_bitutils.c	green	per-commit	1	unwind(12); assume x!=0
bitutils	eq_leftmost_one_pos64	-Z c-ffi --c-lib c_bitutils.c	green	per-commit	1	unwind(12)
bitutils	eq_rightmost_one_pos32	-Z c-ffi --c-lib c_bitutils.c	green	per-commit	1	unwind(12)
bitutils	eq_rightmost_one_pos64	-Z c-ffi --c-lib c_bitutils.c	green	per-commit	1	unwind(12)
bitutils	eq_nextpower2_32	-Z c-ffi --c-lib c_bitutils.c	green	per-commit	1	unwind(12)
bitutils	eq_nextpower2_64	-Z c-ffi --c-lib c_bitutils.c	green	per-commit	1	unwind(12)
bitutils	eq_prevpower2_32	-Z c-ffi --c-lib c_bitutils.c	green	per-commit	1	unwind(12)
bitutils	eq_prevpower2_64	-Z c-ffi --c-lib c_bitutils.c	green	per-commit	1	unwind(12)
bitutils	eq_ceil_log2_32	-Z c-ffi --c-lib c_bitutils.c	green	per-commit	1	unwind(12); full domain
bitutils	eq_ceil_log2_64	-Z c-ffi --c-lib c_bitutils.c	green	per-commit	1	unwind(12)
bitutils	eq_rotate_right32	-Z c-ffi --c-lib c_bitutils.c	green	per-commit	1	n fenced 1..=31 (C UB outside)
bitutils	eq_rotate_left32	-Z c-ffi --c-lib c_bitutils.c	green	per-commit	1	n fenced 1..=31
bitutils	eq_popcount_buf_small	-Z c-ffi --c-lib c_bitutils.c	green	per-commit	3	unwind(40); len<=7 scalar path
bitutils	eq_popcount_masked_buf_small	-Z c-ffi --c-lib c_bitutils.c	green	per-commit	3	unwind(40)
bitutils	eq_popcount_buf_full	-Z c-ffi --c-lib c_bitutils.c	wall-recorded	calibration	?	FAILS unsupported_construct: NEON (Kani 0.67 aarch64) toolchain limit, not divergence
bitutils	eq_popcount_masked_buf_full	-Z c-ffi --c-lib c_bitutils.c	wall-recorded	calibration	?	same NEON toolchain block
bool	eq_boolout	-Z c-ffi --c-lib c/pg_bool.c --solver kissat	green	per-commit	1	ledger <1s
bool	eq_booleq	-Z c-ffi --c-lib c/pg_bool.c --solver kissat	green	per-commit	1	
bool	eq_boolne	-Z c-ffi --c-lib c/pg_bool.c --solver kissat	green	per-commit	1	
bool	eq_boollt	-Z c-ffi --c-lib c/pg_bool.c --solver kissat	green	per-commit	1	
bool	eq_boolgt	-Z c-ffi --c-lib c/pg_bool.c --solver kissat	green	per-commit	1	
bool	eq_boolle	-Z c-ffi --c-lib c/pg_bool.c --solver kissat	green	per-commit	1	
bool	eq_boolge	-Z c-ffi --c-lib c/pg_bool.c --solver kissat	green	per-commit	1	
bool	eq_parse_bool_with_len_l0	-Z c-ffi --c-lib c/pg_bool.c --solver kissat	green	per-commit	0.3	unwind(12)
bool	eq_parse_bool_with_len_l1	-Z c-ffi --c-lib c/pg_bool.c --solver kissat	green	per-commit	0.3	
bool	eq_parse_bool_with_len_l2	-Z c-ffi --c-lib c/pg_bool.c --solver kissat	green	per-commit	0.3	
bool	eq_parse_bool_with_len_l3	-Z c-ffi --c-lib c/pg_bool.c --solver kissat	green	per-commit	0.3	
bool	eq_parse_bool_with_len_l4	-Z c-ffi --c-lib c/pg_bool.c --solver kissat	green	per-commit	0.3	
bool	eq_parse_bool_with_len_l5	-Z c-ffi --c-lib c/pg_bool.c --solver kissat	green	per-commit	0.3	
bool	eq_parse_bool_with_len_l6	-Z c-ffi --c-lib c/pg_bool.c --solver kissat	green	per-commit	0.3	
bool	cover_parse_bool_with_len_split	-Z c-ffi --c-lib c/pg_bool.c --solver kissat	green	unmeasured	?	union-coverage harness for the l0-l6 case-split
bool	eq_bool_accum	-Z c-ffi --c-lib c/pg_bool.c --solver kissat	green	per-commit	0.11	added to run-all.sh 2026-07-28
bool	eq_bool_accum_inv	-Z c-ffi -Z stubbing --c-lib c/pg_bool.c --solver kissat	green	per-commit	0.42	needs -Z stubbing; added to run-all.sh 2026-07-28
bool	eq_bool_alltrue	-Z c-ffi --c-lib c/pg_bool.c --solver kissat	green	per-commit	0.05	added to run-all.sh 2026-07-28
bool	eq_bool_anytrue	-Z c-ffi --c-lib c/pg_bool.c --solver kissat	green	per-commit	0.04	added to run-all.sh 2026-07-28
bool	eq_int4_bool	-Z c-ffi --c-lib c/pg_bool.c --solver kissat	green	per-commit	0.02	added to run-all.sh 2026-07-28
bool	eq_bool_int4	-Z c-ffi --c-lib c/pg_bool.c --solver kissat	green	per-commit	0.02	added to run-all.sh 2026-07-28
bool	control_negative_boollt_vs_c_boolle	-Z c-ffi --c-lib c/pg_bool.c	must-fail	defect-witness	?	DEFAULT solver (run-all.sh reconciled 2026-07-28)
bool-parse	parse_bool_equiv	-Z c-ffi --c-lib csrc/bool_shim.c	green	per-commit	7.7	recipe INFERRED; run.log 7.67s; unwind(12) len<=8
brin-bloom	proofs::eq_summary_in	-Z c-ffi -Z stubbing --c-lib c/pg_brin_bloom.c --exact	green	per-commit	0.46	ledger 4596 error-class-only 0A000; DEFAULT solver; w2-brin 2026-07-30
brin-bloom	proofs::eq_summary_recv	-Z c-ffi -Z stubbing --c-lib c/pg_brin_bloom.c --exact	green	per-commit	1.0	ledger 4598 error-class-only 0A000; DEFAULT solver
brin-bloom	proofs::eq_summary_send_l0	-Z c-ffi -Z stubbing --c-lib c/pg_brin_bloom.c --exact	green	calibration	102.4	ledger 4599 byteasend-delegation identity cell len 0; DEFAULT solver; mcx-stubs
brin-bloom	proofs::eq_summary_send_l8	-Z c-ffi -Z stubbing --c-lib c/pg_brin_bloom.c --exact	green	calibration	113.9	ledger 4599 identity cell len 8, symbolic content
brin-bloom	proofs::control_summary_send_lastbyte	-Z c-ffi -Z stubbing --c-lib c/pg_brin_bloom.c --exact	must-fail	defect-witness	150.9	bloom-family rig witness; fails on exactly out[i]==cimg[i] (verified 2026-07-30); DEFAULT solver
brin-minmax	proofs::eq_opcinfo	-Z c-ffi -Z stubbing --c-lib c/pg_brin_minmax.c --exact	green	unmeasured	?	doc+run-all.sh reconciled: default solver everywhere (2026-07-28)
brin-minmax	proofs::eq_int4_add_value	-Z c-ffi -Z stubbing --c-lib c/pg_brin_minmax.c --exact	green	unmeasured	?	seam_stubs!; unwind(20)
brin-minmax	proofs::eq_date_add_value	-Z c-ffi -Z stubbing --c-lib c/pg_brin_minmax.c --exact	green	unmeasured	?	
brin-minmax	proofs::eq_uuid_add_value	-Z c-ffi -Z stubbing --c-lib c/pg_brin_minmax.c --exact	green	unmeasured	?	byref datumCopy path
brin-minmax	proofs::eq_int4_consistent_lt	-Z c-ffi -Z stubbing --c-lib c/pg_brin_minmax.c --exact	green	unmeasured	?	
brin-minmax	proofs::eq_int4_consistent_le	-Z c-ffi -Z stubbing --c-lib c/pg_brin_minmax.c --exact	green	unmeasured	?	
brin-minmax	proofs::eq_int4_consistent_eq	-Z c-ffi -Z stubbing --c-lib c/pg_brin_minmax.c --exact	green	unmeasured	?	
brin-minmax	proofs::eq_int4_consistent_ge	-Z c-ffi -Z stubbing --c-lib c/pg_brin_minmax.c --exact	green	unmeasured	?	
brin-minmax	proofs::eq_int4_consistent_gt	-Z c-ffi -Z stubbing --c-lib c/pg_brin_minmax.c --exact	green	unmeasured	?	
brin-minmax	proofs::eq_date_consistent_lt	-Z c-ffi -Z stubbing --c-lib c/pg_brin_minmax.c --exact	green	unmeasured	?	
brin-minmax	proofs::eq_date_consistent_le	-Z c-ffi -Z stubbing --c-lib c/pg_brin_minmax.c --exact	green	unmeasured	?	
brin-minmax	proofs::eq_date_consistent_eq	-Z c-ffi -Z stubbing --c-lib c/pg_brin_minmax.c --exact	green	unmeasured	?	
brin-minmax	proofs::eq_date_consistent_ge	-Z c-ffi -Z stubbing --c-lib c/pg_brin_minmax.c --exact	green	unmeasured	?	
brin-minmax	proofs::eq_date_consistent_gt	-Z c-ffi -Z stubbing --c-lib c/pg_brin_minmax.c --exact	green	unmeasured	?	
brin-minmax	proofs::eq_uuid_consistent_lt	-Z c-ffi -Z stubbing --c-lib c/pg_brin_minmax.c --exact	green	unmeasured	?	
brin-minmax	proofs::eq_uuid_consistent_le	-Z c-ffi -Z stubbing --c-lib c/pg_brin_minmax.c --exact	green	unmeasured	?	
brin-minmax	proofs::eq_uuid_consistent_eq	-Z c-ffi -Z stubbing --c-lib c/pg_brin_minmax.c --exact	green	unmeasured	?	
brin-minmax	proofs::eq_uuid_consistent_ge	-Z c-ffi -Z stubbing --c-lib c/pg_brin_minmax.c --exact	green	unmeasured	?	
brin-minmax	proofs::eq_uuid_consistent_gt	-Z c-ffi -Z stubbing --c-lib c/pg_brin_minmax.c --exact	green	unmeasured	?	
brin-minmax	proofs::eq_int4_union	-Z c-ffi -Z stubbing --c-lib c/pg_brin_minmax.c --exact	green	unmeasured	?	
brin-minmax	proofs::eq_date_union	-Z c-ffi -Z stubbing --c-lib c/pg_brin_minmax.c --exact	green	unmeasured	?	
brin-minmax	proofs::eq_uuid_union	-Z c-ffi -Z stubbing --c-lib c/pg_brin_minmax.c --exact	green	unmeasured	?	
brin-minmax	proofs::control_seam_skew	-Z c-ffi -Z stubbing --c-lib c/pg_brin_minmax.c --exact	must-fail	defect-witness	?	DEFAULT solver mandatory
brin-minmax	proofs::probe_fmgr_invoke	-Z c-ffi -Z stubbing --c-lib c/pg_brin_minmax.c --exact	missing	unmeasured	?	rig probe, not ledger row; not in run-all.sh; name repaired: no such harness in cargo kani list (pattern-name superseded or not landed)
brin-minmax	proofs::probe_bdesc_consistent_concrete	-Z c-ffi -Z stubbing --c-lib c/pg_brin_minmax.c --exact	missing	unmeasured	?	probe; name repaired: no such harness in cargo kani list (pattern-name superseded or not landed)
brin-minmax	proofs::probe_cache_roundtrip	-Z c-ffi -Z stubbing --c-lib c/pg_brin_minmax.c --exact	missing	unmeasured	?	probe; name repaired: no such harness in cargo kani list (pattern-name superseded or not landed)
brin-minmax	proofs::probe_bdesc_attr	-Z c-ffi -Z stubbing --c-lib c/pg_brin_minmax.c --exact	missing	unmeasured	?	probe; name repaired: no such harness in cargo kani list (pattern-name superseded or not landed)
brin-minmax	proofs::probe_bdesc_cache	-Z c-ffi -Z stubbing --c-lib c/pg_brin_minmax.c --exact	missing	unmeasured	?	probe; name repaired: no such harness in cargo kani list (pattern-name superseded or not landed)
brin-minmax	proofs::probe_lsyscache_stub_attach	-Z c-ffi -Z stubbing --c-lib c/pg_brin_minmax.c --exact	missing	unmeasured	?	probe; name repaired: no such harness in cargo kani list (pattern-name superseded or not landed)
brin-minmax	proofs::probe_c_side_only	-Z c-ffi -Z stubbing --c-lib c/pg_brin_minmax.c --exact	missing	unmeasured	?	probe; name repaired: no such harness in cargo kani list (pattern-name superseded or not landed)
brin-minmax	proofs::probe_replicated_no_try	-Z c-ffi -Z stubbing --c-lib c/pg_brin_minmax.c --exact	missing	unmeasured	?	probe; name repaired: no such harness in cargo kani list (pattern-name superseded or not landed)
brin-minmax	proofs::probe_replicated_noformat	-Z c-ffi -Z stubbing --c-lib c/pg_brin_minmax.c --exact	missing	unmeasured	?	probe; name repaired: no such harness in cargo kani list (pattern-name superseded or not landed)
brin-minmax	proofs::probe_replicated_noearly	-Z c-ffi -Z stubbing --c-lib c/pg_brin_minmax.c --exact	missing	unmeasured	?	probe; name repaired: no such harness in cargo kani list (pattern-name superseded or not landed)
brin-minmax	proofs::probe_replicated_procinfo	-Z c-ffi -Z stubbing --c-lib c/pg_brin_minmax.c --exact	missing	unmeasured	?	probe; name repaired: no such harness in cargo kani list (pattern-name superseded or not landed)
brin-minmax	proofs::probe_const_none_repeat	-Z c-ffi -Z stubbing --c-lib c/pg_brin_minmax.c --exact	missing	unmeasured	?	probe; name repaired: no such harness in cargo kani list (pattern-name superseded or not landed)
brin-minmax	proofs::probe_const_none_in_vec	-Z c-ffi -Z stubbing --c-lib c/pg_brin_minmax.c --exact	missing	unmeasured	?	probe; name repaired: no such harness in cargo kani list (pattern-name superseded or not landed)
brin-minmax	proofs::probe_const_none_in_vec_push	-Z c-ffi -Z stubbing --c-lib c/pg_brin_minmax.c --exact	missing	unmeasured	?	probe; name repaired: no such harness in cargo kani list (pattern-name superseded or not landed)
brin-minmax	proofs::probe_const_none_local_opaque	-Z c-ffi -Z stubbing --c-lib c/pg_brin_minmax.c --exact	missing	unmeasured	?	probe; name repaired: no such harness in cargo kani list (pattern-name superseded or not landed)
brin-minmax	proofs::cal_int4_add_value_engaged	-Z c-ffi -Z stubbing --c-lib c/pg_brin_minmax.c --exact	missing	unmeasured	?	calibration harness; name repaired: no such harness in cargo kani list (pattern-name superseded or not landed)
brin-minmax	dist_proofs::eq_dist_int2	-Z c-ffi -Z stubbing --c-lib c/pg_brin_multi_dist.c --no-overflow-checks --solver kissat --exact	green	per-commit	0.83	ledger 4621 full-i16; w2-brin 2026-07-30
brin-minmax	dist_proofs::eq_dist_int4	-Z c-ffi -Z stubbing --c-lib c/pg_brin_multi_dist.c --no-overflow-checks --solver kissat --exact	green	per-commit	1.79	ledger 4622 full-i32
brin-minmax	dist_proofs::eq_dist_int8	-Z c-ffi -Z stubbing --c-lib c/pg_brin_multi_dist.c --no-overflow-checks --solver kissat --exact	green	per-commit	3.88	ledger 4623 full-i64 (per-side f64 widen)
brin-minmax	dist_proofs::eq_dist_date	-Z c-ffi -Z stubbing --c-lib c/pg_brin_multi_dist.c --no-overflow-checks --solver kissat --exact	green	per-commit	2.11	ledger 4629 full-i32
brin-minmax	dist_proofs::eq_dist_timestamp	-Z c-ffi -Z stubbing --c-lib c/pg_brin_multi_dist.c --no-overflow-checks --solver kissat --exact	green	per-commit	3.76	ledger 4637 full-i64
brin-minmax	dist_proofs::eq_dist_pg_lsn	-Z c-ffi -Z stubbing --c-lib c/pg_brin_multi_dist.c --no-overflow-checks --solver kissat --exact	green	per-commit	0.41	ledger 4633 full-u64 wrapping_sub
brin-minmax	dist_proofs::eq_dist_float4	-Z c-ffi -Z stubbing --c-lib c/pg_brin_multi_dist.c --no-overflow-checks --solver kissat --exact	green	per-commit	2.79	ledger 4624 NaN lattice + a1<=a2 plane
brin-minmax	dist_proofs::eq_dist_float8	-Z c-ffi -Z stubbing --c-lib c/pg_brin_multi_dist.c --no-overflow-checks --solver kissat --exact	green	release-gate	12.2	ledger 4625 NaN lattice + a1<=a2 plane
brin-minmax	dist_proofs::eq_dist_tid	-Z c-ffi -Z stubbing --c-lib c/pg_brin_multi_dist.c --no-overflow-checks --solver kissat --exact	green	per-commit	7.84	ledger 4627 u32-wrap claim + MaxHeapTuplesPerPage wiring assert
brin-minmax	dist_proofs::eq_dist_time	-Z c-ffi -Z stubbing --c-lib c/pg_brin_multi_dist.c --no-overflow-checks --solver kissat --exact	green	per-commit	0.38	ledger 4630 contract [0,USECS_PER_DAY]; wrap plane = native_dist_wrap (CI-decode 2026-07-30)
brin-minmax	dist_proofs::eq_dist_timetz	-Z c-ffi -Z stubbing --c-lib c/pg_brin_multi_dist.c --no-overflow-checks --solver kissat --exact	green	per-commit	3.37	ledger 4632 contract times x |zone|<=86400; zone-wrap plane = staged divergence candidate (probe below)
brin-minmax	dist_proofs::probe_dist_timetz_zone_wrap	-Z c-ffi -Z stubbing --c-lib c/pg_brin_multi_dist.c --no-overflow-checks --exact	must-fail	defect-witness	0.63	EXPECTED-FAIL divergence witness (C int32-subtracts zones before widening); DEFAULT solver; a PASS = plane closed, re-examine (CI-decode 2026-07-30)
brin-minmax	dist_proofs::eq_dist_macaddr	-Z c-ffi -Z stubbing --c-lib c/pg_brin_multi_dist.c --no-overflow-checks --solver kissat --exact	green	calibration	111.5	ledger 4634 full 6-byte lex-fenced pairs; kissat (w2-brin 2026-07-30, load~11)
brin-minmax	dist_proofs::eq_dist_macaddr8	-Z c-ffi -Z stubbing --c-lib c/pg_brin_multi_dist.c --no-overflow-checks --solver kissat --exact	wall-recorded	calibration	?	wall(timeout-450s BOTH solvers, load 13-27) w2-brin 2026-07-30; live for CI cluster retry tier; native_dist_chains 4.0M 0 diffs
brin-minmax	dist_proofs::eq_dist_uuid	-Z c-ffi -Z stubbing --c-lib c/pg_brin_multi_dist.c --no-overflow-checks --solver kissat --exact	wall-recorded	calibration	?	wall(timeout-450s BOTH solvers, load 13-47) w2-brin 2026-07-30; live for CI cluster retry tier; native_dist_chains 4.0M 0 diffs
brin-minmax	dist_proofs::eq_dist_inet_mismatch	-Z c-ffi -Z stubbing --c-lib c/pg_brin_multi_dist.c --no-overflow-checks --solver kissat --exact	green	per-commit	1.02	ledger 4636 family-mismatch constant-1.0 arm
brin-minmax	dist_proofs::eq_dist_inet_v4	-Z c-ffi -Z stubbing --c-lib c/pg_brin_multi_dist.c --no-overflow-checks --solver kissat --exact	green	calibration	39.4	ledger 4636 full 4-byte + bits, masked-prefix fence
brin-minmax	dist_proofs::eq_dist_inet_v6	-Z c-ffi -Z stubbing --c-lib c/pg_brin_multi_dist.c --no-overflow-checks --solver kissat --exact	wall-recorded	calibration	?	wall(timeout-450s BOTH solvers) w2-brin 2026-07-30; live for CI cluster retry tier; native_dist_chains 2.0M 0 diffs
brin-minmax	dist_proofs::eq_summary_in	-Z c-ffi -Z stubbing --c-lib c/pg_brin_multi_dist.c --no-overflow-checks --exact	green	per-commit	0.49	ledger 4638 error-class-only 0A000; DEFAULT solver
brin-minmax	dist_proofs::eq_summary_recv	-Z c-ffi -Z stubbing --c-lib c/pg_brin_multi_dist.c --no-overflow-checks --exact	green	per-commit	1.82	ledger 4640 error-class-only 0A000; DEFAULT solver
brin-minmax	dist_proofs::control_dist_int4_swapped	-Z c-ffi -Z stubbing --c-lib c/pg_brin_multi_dist.c --no-overflow-checks --exact	must-fail	defect-witness	0.22	distance-lane rig witness; fails on exactly the to_bits parity assert (verified 2026-07-30); DEFAULT solver
brin-minmax	send_proofs::eq_summary_send_l0	-Z c-ffi -Z stubbing --c-lib c/pg_brin_multi_send.c --exact	green	calibration	126.5	ledger 4641 byteasend-delegation identity cell len 0; DEFAULT solver; mcx-stubs; w2-brin 2026-07-30
brin-minmax	send_proofs::eq_summary_send_l8	-Z c-ffi -Z stubbing --c-lib c/pg_brin_multi_send.c --exact	green	calibration	134.9	ledger 4641 identity cell len 8, symbolic content
brin-minmax	send_proofs::control_summary_send_lastbyte	-Z c-ffi -Z stubbing --c-lib c/pg_brin_multi_send.c --exact	must-fail	defect-witness	96.3	send-lane rig witness; fails on exactly out[i]==cimg[i] (verified 2026-07-30); DEFAULT solver
brin-minmax	native_dist_chains	cargo run --release --bin native_dist_chains	green	unmeasured	?	native differential: macaddr8/uuid/macaddr/inet v4+v6, 14M checks 0 diffs (1.5s); backs the wall-recorded rows above; tested(differential) grade
bytea-cmp	eq_byteaeq	-Z c-ffi --c-lib c/pg_bytea_cmp.c --solver kissat	green	per-commit	2.4	ledger 0.2-2.4s; unwind(10)
bytea-cmp	eq_byteane	-Z c-ffi --c-lib c/pg_bytea_cmp.c --solver kissat	green	per-commit	2.4	0.2-2.4s
bytea-cmp	eq_bytealt	-Z c-ffi --c-lib c/pg_bytea_cmp.c --solver kissat	green	per-commit	2.4	0.2-2.4s
bytea-cmp	eq_byteale	-Z c-ffi --c-lib c/pg_bytea_cmp.c --solver kissat	green	per-commit	2.4	0.2-2.4s
bytea-cmp	eq_byteagt	-Z c-ffi --c-lib c/pg_bytea_cmp.c --solver kissat	green	per-commit	2.4	0.2-2.4s
bytea-cmp	eq_byteage	-Z c-ffi --c-lib c/pg_bytea_cmp.c --solver kissat	green	per-commit	2.4	0.2-2.4s
bytea-cmp	eq_byteacmp	-Z c-ffi --c-lib c/pg_bytea_cmp.c --solver kissat	green	per-commit	2.4	exact int32 value incl memcmp magnitude
bytea-cmp	eq_bytea_larger	-Z c-ffi --c-lib c/pg_bytea_cmp.c --solver kissat	green	per-commit	2.9	RAN 2026-07-30 lane pick-a: proved 2.9s (ledger 6393)
bytea-cmp	eq_bytea_smaller	-Z c-ffi --c-lib c/pg_bytea_cmp.c --solver kissat	green	per-commit	3.2	RAN 2026-07-30 lane pick-a: proved 3.2s (ledger 6394)
bytea-cmp	control_byteacmp_short_c_len	-Z c-ffi --c-lib c/pg_bytea_cmp.c	must-fail	defect-witness	?	DEFAULT solver mandatory
bytea-varbit	eq_esc_enc_len	-Z c-ffi -Z stubbing --c-lib c/pg_bytea_varbit.c --solver kissat	green	per-commit	1	sub-second class
bytea-varbit	eq_esc_encode	-Z c-ffi -Z stubbing --c-lib c/pg_bytea_varbit.c	green	release-gate	29	DEFAULT solver (29s default / 44s kissat); unwind(35)
bytea-varbit	eq_esc_dec_len	-Z c-ffi -Z stubbing --c-lib c/pg_bytea_varbit.c	green	release-gate	30	DEFAULT solver, 20-37s band; stubbed PgError::new
bytea-varbit	eq_esc_decode	-Z c-ffi -Z stubbing --c-lib c/pg_bytea_varbit.c	green	release-gate	30	DEFAULT solver, 20-37s band
bytea-varbit	eq_byteaout_hex	-Z c-ffi -Z stubbing --c-lib c/pg_bytea_varbit.c	green	release-gate	23	DEFAULT solver; ledger 23s; unwind(20)
bytea-varbit	eq_bit_cmp	-Z c-ffi -Z stubbing --c-lib c/pg_bytea_varbit.c --solver kissat	green	per-commit	1	SIGN equality only (ratified)
bytea-varbit	eq_pad_last	-Z c-ffi -Z stubbing --c-lib c/pg_bytea_varbit.c --solver kissat	green	per-commit	1	valid-varbit fence
bytea-varbit	control_esc_enc_len_off_by_one	-Z c-ffi -Z stubbing --c-lib c/pg_bytea_varbit.c	must-fail	defect-witness	0.6	DEFAULT solver; verified failing 0.6s 2026-07-28
cash	eq_cash_eq	-Z c-ffi --c-lib c/pg_cash.c --solver kissat	green	per-commit	0.15	eq_op2!
cash	eq_cash_ne	-Z c-ffi --c-lib c/pg_cash.c --solver kissat	green	per-commit	0.15	eq_op2!
cash	eq_cash_lt	-Z c-ffi --c-lib c/pg_cash.c --solver kissat	green	per-commit	0.15	eq_op2!
cash	eq_cash_le	-Z c-ffi --c-lib c/pg_cash.c --solver kissat	green	per-commit	0.15	eq_op2!
cash	eq_cash_gt	-Z c-ffi --c-lib c/pg_cash.c --solver kissat	green	per-commit	0.15	eq_op2!
cash	eq_cash_ge	-Z c-ffi --c-lib c/pg_cash.c --solver kissat	green	per-commit	0.15	eq_op2!
cash	eq_cash_cmp	-Z c-ffi --c-lib c/pg_cash.c --solver kissat	green	per-commit	0.15	eq_op2!
cash	eq_cashlarger	-Z c-ffi --c-lib c/pg_cash.c --solver kissat	green	per-commit	0.17	eq_op2!
cash	eq_cashsmaller	-Z c-ffi --c-lib c/pg_cash.c --solver kissat	green	per-commit	0.17	eq_op2!
cash	eq_cash_pl	-Z c-ffi -Z stubbing --c-lib c/pg_cash.c --solver kissat	green	per-commit	2.5	fallible_op!; needs -Z stubbing
cash	eq_cash_mi	-Z c-ffi -Z stubbing --c-lib c/pg_cash.c --solver kissat	green	per-commit	2.5	fallible_op!
cash	control_cash_lt_vs_c_le	-Z c-ffi --c-lib c/pg_cash.c	must-fail	defect-witness	?	DEFAULT solver mandatory
casts	eq_i2toi4	-Z c-ffi --c-lib c/pg_casts.c --solver kissat	green	per-commit	6.7	infallible_int!; family band 0.2-6.7s
casts	eq_int48	-Z c-ffi --c-lib c/pg_casts.c --solver kissat	green	per-commit	6.7	infallible_int!
casts	eq_int28	-Z c-ffi --c-lib c/pg_casts.c --solver kissat	green	per-commit	6.7	infallible_int!
casts	eq_int4_bool	-Z c-ffi --c-lib c/pg_casts.c --solver kissat	green	per-commit	6.7	infallible_int!
casts	eq_bool_int4	-Z c-ffi --c-lib c/pg_casts.c --solver kissat	green	per-commit	6.7	hand-written
casts	eq_ftod	-Z c-ffi --c-lib c/pg_casts.c --solver kissat	green	per-commit	0.3	infallible_float!
casts	eq_i4tod	-Z c-ffi --c-lib c/pg_casts.c --solver kissat	green	per-commit	0.3	
casts	eq_i2tod	-Z c-ffi --c-lib c/pg_casts.c --solver kissat	green	per-commit	0.3	
casts	eq_i4tof	-Z c-ffi --c-lib c/pg_casts.c --solver kissat	green	per-commit	0.3	
casts	eq_i2tof	-Z c-ffi --c-lib c/pg_casts.c --solver kissat	green	per-commit	0.3	
casts	eq_i8tod	-Z c-ffi --c-lib c/pg_casts.c --solver kissat	green	per-commit	0.3	
casts	eq_i8tof	-Z c-ffi --c-lib c/pg_casts.c --solver kissat	green	per-commit	0.3	i64->f32 double rounding in-theorem
casts	eq_int84	-Z c-ffi -Z stubbing --c-lib c/pg_casts.c --solver kissat	green	per-commit	6.7	fallible_int!; stubbed PgError::error
casts	eq_int82	-Z c-ffi -Z stubbing --c-lib c/pg_casts.c --solver kissat	green	per-commit	6.7	fallible_int!
casts	eq_i4toi2	-Z c-ffi -Z stubbing --c-lib c/pg_casts.c --solver kissat	green	per-commit	6.7	fallible_int!
casts	eq_dtoi4	-Z c-ffi -Z stubbing --c-lib c/pg_casts.c --solver kissat	green	per-commit	6.7	fallible_float_to_int!; 3.9-6.7s
casts	eq_dtoi2	-Z c-ffi -Z stubbing --c-lib c/pg_casts.c --solver kissat	green	per-commit	6.7	3.9-6.7s band
casts	eq_ftoi4	-Z c-ffi -Z stubbing --c-lib c/pg_casts.c --solver kissat	green	per-commit	6.7	3.9-6.7s band
casts	eq_ftoi2	-Z c-ffi -Z stubbing --c-lib c/pg_casts.c --solver kissat	green	per-commit	6.7	3.9-6.7s band
casts	eq_dtoi8	-Z c-ffi -Z stubbing --c-lib c/pg_casts.c --solver kissat	green	per-commit	6.7	3.9-6.7s band
casts	eq_ftoi8	-Z c-ffi -Z stubbing --c-lib c/pg_casts.c --solver kissat	green	per-commit	6.7	3.9-6.7s band
casts	eq_dtof	-Z c-ffi -Z stubbing --c-lib c/pg_casts.c --solver kissat	green	per-commit	6.7	hand-written; 3 cover! arms
casts	control_dtoi4_trunc_vs_rint	-Z c-ffi -Z stubbing --c-lib c/pg_casts.c	must-fail	defect-witness	?	DEFAULT solver mandatory; deliberate trunc variant
char	proofs::charout_equiv_and_roundtrip	-Z c-ffi -Z stubbing --c-lib csrc/char_shim.c --solver kissat --exact	green	per-commit	0.61	8-bit datum-value parity claim (shim widening platform-split, CI-adjudicated); re-verified 2026-07-30
char	proofs::charin_equiv	-Z c-ffi -Z stubbing --c-lib csrc/char_shim.c --solver kissat --exact	green	per-commit	0.97	8-bit datum-value parity claim; re-verified 2026-07-30
char	eq_chartoi4	-Z c-ffi --c-lib csrc/char_shim.c --solver kissat	green	per-commit	0.02	ledger
char	proofs::eq_i4tochar	-Z c-ffi -Z stubbing --c-lib csrc/char_shim.c --solver kissat --exact	green	per-commit	0.63	stubs PgError::error; 8-bit datum-value parity claim; re-verified 2026-07-30
char	proofs::eq_text_char	-Z c-ffi -Z stubbing --c-lib csrc/char_shim.c --solver kissat --exact	green	per-commit	0.42	unwind(10); 8-bit datum-value parity claim; re-verified 2026-07-30
char	eq_char_text_value_core	-Z c-ffi --c-lib csrc/char_shim.c --solver kissat	green	unmeasured	?	value core full-i8 proved; no time recorded
char	eq_char_text	-Z c-ffi -Z stubbing --c-lib csrc/char_shim.c --solver kissat	wall-recorded	calibration	?	NOT A STANDING GATE; walls >180s both solvers; mcx stub set
datetime-cmp	proofs::eq_date_eq	-Z c-ffi -Z stubbing --c-lib c/pg_datetime_cmp.c --solver kissat --exact	green	per-commit	0.07	ledger; name repaired
datetime-cmp	proofs::eq_date_ne	-Z c-ffi -Z stubbing --c-lib c/pg_datetime_cmp.c --solver kissat --exact	green	per-commit	0.07	ledger; name repaired
datetime-cmp	proofs::eq_date_lt	-Z c-ffi -Z stubbing --c-lib c/pg_datetime_cmp.c --solver kissat --exact	green	per-commit	0.07	ledger; name repaired
datetime-cmp	proofs::eq_date_le	-Z c-ffi -Z stubbing --c-lib c/pg_datetime_cmp.c --solver kissat --exact	green	per-commit	0.07	ledger; name repaired
datetime-cmp	proofs::eq_date_gt	-Z c-ffi -Z stubbing --c-lib c/pg_datetime_cmp.c --solver kissat --exact	green	per-commit	0.07	ledger; name repaired
datetime-cmp	proofs::eq_date_ge	-Z c-ffi -Z stubbing --c-lib c/pg_datetime_cmp.c --solver kissat --exact	green	per-commit	0.07	ledger; name repaired
datetime-cmp	proofs::eq_date_cmp	-Z c-ffi -Z stubbing --c-lib c/pg_datetime_cmp.c --solver kissat --exact	green	per-commit	0.07	ledger; name repaired
datetime-cmp	proofs::eq_time_eq	-Z c-ffi -Z stubbing --c-lib c/pg_datetime_cmp.c --solver kissat --exact	green	per-commit	0.08	ledger; name repaired
datetime-cmp	proofs::eq_time_ne	-Z c-ffi -Z stubbing --c-lib c/pg_datetime_cmp.c --solver kissat --exact	green	per-commit	0.08	ledger; name repaired
datetime-cmp	proofs::eq_time_lt	-Z c-ffi -Z stubbing --c-lib c/pg_datetime_cmp.c --solver kissat --exact	green	per-commit	0.08	ledger; name repaired
datetime-cmp	proofs::eq_time_le	-Z c-ffi -Z stubbing --c-lib c/pg_datetime_cmp.c --solver kissat --exact	green	per-commit	0.08	ledger; name repaired
datetime-cmp	proofs::eq_time_gt	-Z c-ffi -Z stubbing --c-lib c/pg_datetime_cmp.c --solver kissat --exact	green	per-commit	0.08	ledger; name repaired
datetime-cmp	proofs::eq_time_ge	-Z c-ffi -Z stubbing --c-lib c/pg_datetime_cmp.c --solver kissat --exact	green	per-commit	0.08	ledger; name repaired
datetime-cmp	proofs::eq_time_cmp	-Z c-ffi -Z stubbing --c-lib c/pg_datetime_cmp.c --solver kissat --exact	green	per-commit	0.08	ledger; name repaired
datetime-cmp	proofs::eq_timestamp_eq	-Z c-ffi -Z stubbing --c-lib c/pg_datetime_cmp.c --solver kissat --exact	green	per-commit	0.1	shared registration discharges tstz oids; name repaired
datetime-cmp	proofs::eq_timestamp_ne	-Z c-ffi -Z stubbing --c-lib c/pg_datetime_cmp.c --solver kissat --exact	green	per-commit	0.1	shared registration discharges tstz oids; name repaired
datetime-cmp	proofs::eq_timestamp_lt	-Z c-ffi -Z stubbing --c-lib c/pg_datetime_cmp.c --solver kissat --exact	green	per-commit	0.1	shared registration discharges tstz oids; name repaired
datetime-cmp	proofs::eq_timestamp_le	-Z c-ffi -Z stubbing --c-lib c/pg_datetime_cmp.c --solver kissat --exact	green	per-commit	0.1	shared registration discharges tstz oids; name repaired
datetime-cmp	proofs::eq_timestamp_gt	-Z c-ffi -Z stubbing --c-lib c/pg_datetime_cmp.c --solver kissat --exact	green	per-commit	0.1	shared registration discharges tstz oids; name repaired
datetime-cmp	proofs::eq_timestamp_ge	-Z c-ffi -Z stubbing --c-lib c/pg_datetime_cmp.c --solver kissat --exact	green	per-commit	0.1	shared registration discharges tstz oids; name repaired
datetime-cmp	proofs::eq_timestamp_cmp	-Z c-ffi -Z stubbing --c-lib c/pg_datetime_cmp.c --solver kissat --exact	green	per-commit	0.1	shared registration discharges tstz oids; name repaired
datetime-cmp	proofs::eq_timetz_eq	-Z c-ffi -Z stubbing --c-lib c/pg_datetime_cmp.c --solver kissat --exact	green	per-commit	5.7	1.5-5.7s; tz_fence assume; name repaired
datetime-cmp	proofs::eq_timetz_ne	-Z c-ffi -Z stubbing --c-lib c/pg_datetime_cmp.c --solver kissat --exact	green	per-commit	5.7	1.5-5.7s; tz_fence assume; name repaired
datetime-cmp	proofs::eq_timetz_lt	-Z c-ffi -Z stubbing --c-lib c/pg_datetime_cmp.c --solver kissat --exact	green	per-commit	5.7	1.5-5.7s; tz_fence assume; name repaired
datetime-cmp	proofs::eq_timetz_le	-Z c-ffi -Z stubbing --c-lib c/pg_datetime_cmp.c --solver kissat --exact	green	per-commit	5.7	1.5-5.7s; tz_fence assume; name repaired
datetime-cmp	proofs::eq_timetz_gt	-Z c-ffi -Z stubbing --c-lib c/pg_datetime_cmp.c --solver kissat --exact	green	per-commit	5.7	1.5-5.7s; tz_fence assume; name repaired
datetime-cmp	proofs::eq_timetz_ge	-Z c-ffi -Z stubbing --c-lib c/pg_datetime_cmp.c --solver kissat --exact	green	per-commit	5.7	1.5-5.7s; tz_fence assume; name repaired
datetime-cmp	proofs::eq_timetz_cmp	-Z c-ffi -Z stubbing --c-lib c/pg_datetime_cmp.c --solver kissat --exact	green	per-commit	5.7	1.5-5.7s; tz_fence assume; name repaired
datetime-cmp	proofs::eq_timetz_cmp_contract	-Z c-ffi -Z stubbing --c-lib c/pg_datetime_cmp.c --solver kissat --exact	green	per-commit	5.7	contract-domain proof; name repaired
datetime-cmp	proofs::eq_date_larger	-Z c-ffi -Z stubbing --c-lib c/pg_datetime_cmp.c --solver kissat --exact	green	per-commit	0.07	name repaired
datetime-cmp	proofs::eq_date_smaller	-Z c-ffi -Z stubbing --c-lib c/pg_datetime_cmp.c --solver kissat --exact	green	per-commit	0.07	name repaired
datetime-cmp	proofs::eq_time_larger	-Z c-ffi -Z stubbing --c-lib c/pg_datetime_cmp.c --solver kissat --exact	green	per-commit	0.07	name repaired
datetime-cmp	proofs::eq_time_smaller	-Z c-ffi -Z stubbing --c-lib c/pg_datetime_cmp.c --solver kissat --exact	green	per-commit	0.07	name repaired
datetime-cmp	proofs::eq_timestamp_larger	-Z c-ffi -Z stubbing --c-lib c/pg_datetime_cmp.c --solver kissat --exact	green	per-commit	0.08	name repaired
datetime-cmp	proofs::eq_timestamp_smaller	-Z c-ffi -Z stubbing --c-lib c/pg_datetime_cmp.c --solver kissat --exact	green	per-commit	0.08	name repaired
datetime-cmp	proofs::eq_timetz_larger	-Z c-ffi -Z stubbing --c-lib c/pg_datetime_cmp.c --solver kissat --exact	green	per-commit	2.8	winning-input-datum identity; name repaired
datetime-cmp	proofs::eq_timetz_smaller	-Z c-ffi -Z stubbing --c-lib c/pg_datetime_cmp.c --solver kissat --exact	green	per-commit	2.8	name repaired
datetime-cmp	proofs::eq_date_eq_timestamp	-Z c-ffi -Z stubbing --c-lib c/pg_datetime_cmp.c --solver kissat --exact	green	per-commit	4.5	1-4.5s; date_ts_fence; name repaired
datetime-cmp	proofs::eq_timestamp_eq_date	-Z c-ffi -Z stubbing --c-lib c/pg_datetime_cmp.c --solver kissat --exact	green	per-commit	4.5	1-4.5s; name repaired
datetime-cmp	proofs::eq_date_eq_timestamptz	-Z c-ffi -Z stubbing --c-lib c/pg_datetime_cmp.c --solver kissat --exact	green	per-commit	5.6	1-5.6s; tz-seam stubs; name repaired
datetime-cmp	proofs::eq_timestamptz_eq_date	-Z c-ffi -Z stubbing --c-lib c/pg_datetime_cmp.c --solver kissat --exact	green	per-commit	5.6	1-5.6s; name repaired
datetime-cmp	proofs::eq_timestamp_eq_timestamptz	-Z c-ffi -Z stubbing --c-lib c/pg_datetime_cmp.c --solver kissat --exact	green	per-commit	2.1	1.3-2.1s; name repaired
datetime-cmp	proofs::eq_timestamptz_eq_timestamp	-Z c-ffi -Z stubbing --c-lib c/pg_datetime_cmp.c --solver kissat --exact	green	per-commit	2.1	1.3-2.1s; name repaired
datetime-cmp	proofs::eq_date_ne_timestamp	-Z c-ffi -Z stubbing --c-lib c/pg_datetime_cmp.c --solver kissat --exact	green	per-commit	4.5	1-4.5s; date_ts_fence; name repaired
datetime-cmp	proofs::eq_timestamp_ne_date	-Z c-ffi -Z stubbing --c-lib c/pg_datetime_cmp.c --solver kissat --exact	green	per-commit	4.5	1-4.5s; name repaired
datetime-cmp	proofs::eq_date_ne_timestamptz	-Z c-ffi -Z stubbing --c-lib c/pg_datetime_cmp.c --solver kissat --exact	green	per-commit	5.6	1-5.6s; tz-seam stubs; name repaired
datetime-cmp	proofs::eq_timestamptz_ne_date	-Z c-ffi -Z stubbing --c-lib c/pg_datetime_cmp.c --solver kissat --exact	green	per-commit	5.6	1-5.6s; name repaired
datetime-cmp	proofs::eq_timestamp_ne_timestamptz	-Z c-ffi -Z stubbing --c-lib c/pg_datetime_cmp.c --solver kissat --exact	green	per-commit	2.1	1.3-2.1s; name repaired
datetime-cmp	proofs::eq_timestamptz_ne_timestamp	-Z c-ffi -Z stubbing --c-lib c/pg_datetime_cmp.c --solver kissat --exact	green	per-commit	2.1	1.3-2.1s; name repaired
datetime-cmp	proofs::eq_date_lt_timestamp	-Z c-ffi -Z stubbing --c-lib c/pg_datetime_cmp.c --solver kissat --exact	green	per-commit	4.5	1-4.5s; date_ts_fence; name repaired
datetime-cmp	proofs::eq_timestamp_lt_date	-Z c-ffi -Z stubbing --c-lib c/pg_datetime_cmp.c --solver kissat --exact	green	per-commit	4.5	1-4.5s; name repaired
datetime-cmp	proofs::eq_date_lt_timestamptz	-Z c-ffi -Z stubbing --c-lib c/pg_datetime_cmp.c --solver kissat --exact	green	per-commit	5.6	1-5.6s; tz-seam stubs; name repaired
datetime-cmp	proofs::eq_timestamptz_lt_date	-Z c-ffi -Z stubbing --c-lib c/pg_datetime_cmp.c --solver kissat --exact	green	per-commit	5.6	1-5.6s; name repaired
datetime-cmp	proofs::eq_timestamp_lt_timestamptz	-Z c-ffi -Z stubbing --c-lib c/pg_datetime_cmp.c --solver kissat --exact	green	per-commit	2.1	1.3-2.1s; name repaired
datetime-cmp	proofs::eq_timestamptz_lt_timestamp	-Z c-ffi -Z stubbing --c-lib c/pg_datetime_cmp.c --solver kissat --exact	green	per-commit	2.1	1.3-2.1s; name repaired
datetime-cmp	proofs::eq_date_gt_timestamp	-Z c-ffi -Z stubbing --c-lib c/pg_datetime_cmp.c --solver kissat --exact	green	per-commit	4.5	1-4.5s; date_ts_fence; name repaired
datetime-cmp	proofs::eq_timestamp_gt_date	-Z c-ffi -Z stubbing --c-lib c/pg_datetime_cmp.c --solver kissat --exact	green	per-commit	4.5	1-4.5s; name repaired
datetime-cmp	proofs::eq_date_gt_timestamptz	-Z c-ffi -Z stubbing --c-lib c/pg_datetime_cmp.c --solver kissat --exact	green	per-commit	5.6	1-5.6s; tz-seam stubs; name repaired
datetime-cmp	proofs::eq_timestamptz_gt_date	-Z c-ffi -Z stubbing --c-lib c/pg_datetime_cmp.c --solver kissat --exact	green	per-commit	5.6	1-5.6s; name repaired
datetime-cmp	proofs::eq_timestamp_gt_timestamptz	-Z c-ffi -Z stubbing --c-lib c/pg_datetime_cmp.c --solver kissat --exact	green	per-commit	2.1	1.3-2.1s; name repaired
datetime-cmp	proofs::eq_timestamptz_gt_timestamp	-Z c-ffi -Z stubbing --c-lib c/pg_datetime_cmp.c --solver kissat --exact	green	per-commit	2.1	1.3-2.1s; name repaired
datetime-cmp	proofs::eq_date_le_timestamp	-Z c-ffi -Z stubbing --c-lib c/pg_datetime_cmp.c --solver kissat --exact	green	per-commit	4.5	1-4.5s; date_ts_fence; name repaired
datetime-cmp	proofs::eq_timestamp_le_date	-Z c-ffi -Z stubbing --c-lib c/pg_datetime_cmp.c --solver kissat --exact	green	per-commit	4.5	1-4.5s; name repaired
datetime-cmp	proofs::eq_date_le_timestamptz	-Z c-ffi -Z stubbing --c-lib c/pg_datetime_cmp.c --solver kissat --exact	green	per-commit	5.6	1-5.6s; tz-seam stubs; name repaired
datetime-cmp	proofs::eq_timestamptz_le_date	-Z c-ffi -Z stubbing --c-lib c/pg_datetime_cmp.c --solver kissat --exact	green	per-commit	5.6	1-5.6s; name repaired
datetime-cmp	proofs::eq_timestamp_le_timestamptz	-Z c-ffi -Z stubbing --c-lib c/pg_datetime_cmp.c --solver kissat --exact	green	per-commit	2.1	1.3-2.1s; name repaired
datetime-cmp	proofs::eq_timestamptz_le_timestamp	-Z c-ffi -Z stubbing --c-lib c/pg_datetime_cmp.c --solver kissat --exact	green	per-commit	2.1	1.3-2.1s; name repaired
datetime-cmp	proofs::eq_date_ge_timestamp	-Z c-ffi -Z stubbing --c-lib c/pg_datetime_cmp.c --solver kissat --exact	green	per-commit	4.5	1-4.5s; date_ts_fence; name repaired
datetime-cmp	proofs::eq_timestamp_ge_date	-Z c-ffi -Z stubbing --c-lib c/pg_datetime_cmp.c --solver kissat --exact	green	per-commit	4.5	1-4.5s; name repaired
datetime-cmp	proofs::eq_date_ge_timestamptz	-Z c-ffi -Z stubbing --c-lib c/pg_datetime_cmp.c --solver kissat --exact	green	per-commit	5.6	1-5.6s; tz-seam stubs; name repaired
datetime-cmp	proofs::eq_timestamptz_ge_date	-Z c-ffi -Z stubbing --c-lib c/pg_datetime_cmp.c --solver kissat --exact	green	per-commit	5.6	1-5.6s; name repaired
datetime-cmp	proofs::eq_timestamp_ge_timestamptz	-Z c-ffi -Z stubbing --c-lib c/pg_datetime_cmp.c --solver kissat --exact	green	per-commit	2.1	1.3-2.1s; name repaired
datetime-cmp	proofs::eq_timestamptz_ge_timestamp	-Z c-ffi -Z stubbing --c-lib c/pg_datetime_cmp.c --solver kissat --exact	green	per-commit	2.1	1.3-2.1s; name repaired
datetime-cmp	proofs::eq_date_cmp_timestamp	-Z c-ffi -Z stubbing --c-lib c/pg_datetime_cmp.c --solver kissat --exact	green	per-commit	4.5	1-4.5s; date_ts_fence; name repaired
datetime-cmp	proofs::eq_timestamp_cmp_date	-Z c-ffi -Z stubbing --c-lib c/pg_datetime_cmp.c --solver kissat --exact	green	per-commit	4.5	1-4.5s; name repaired
datetime-cmp	proofs::eq_date_cmp_timestamptz	-Z c-ffi -Z stubbing --c-lib c/pg_datetime_cmp.c --solver kissat --exact	green	per-commit	5.6	1-5.6s; tz-seam stubs; name repaired
datetime-cmp	proofs::eq_timestamptz_cmp_date	-Z c-ffi -Z stubbing --c-lib c/pg_datetime_cmp.c --solver kissat --exact	green	per-commit	5.6	1-5.6s; name repaired
datetime-cmp	proofs::eq_timestamp_cmp_timestamptz	-Z c-ffi -Z stubbing --c-lib c/pg_datetime_cmp.c --solver kissat --exact	green	per-commit	2.1	1.3-2.1s; name repaired
datetime-cmp	proofs::eq_timestamptz_cmp_timestamp	-Z c-ffi -Z stubbing --c-lib c/pg_datetime_cmp.c --solver kissat --exact	green	per-commit	2.1	1.3-2.1s; name repaired
datetime-cmp	proofs::control_date_lt_vs_c_le	-Z c-ffi -Z stubbing --c-lib c/pg_datetime_cmp.c --exact	must-fail	defect-witness	?	DEFAULT solver; name repaired
datetime-cmp	proofs::control_ts_tstz_model_skew	-Z c-ffi -Z stubbing --c-lib c/pg_datetime_cmp.c --exact	must-fail	defect-witness	?	seam-model load-bearing witness; name repaired
datetime-cmp	proofs::control_tz_model_skew	-Z c-ffi -Z stubbing --c-lib c/pg_datetime_cmp.c --exact	must-fail	defect-witness	?	seam-model load-bearing witness; name repaired
float-arith	eq_float4abs	-Z c-ffi -Z stubbing --c-lib c/pg_float_arith.c --solver kissat --no-overflow-checks	green	per-commit	0.15	--no-overflow-checks mandatory
float-arith	eq_float4um	-Z c-ffi -Z stubbing --c-lib c/pg_float_arith.c --solver kissat --no-overflow-checks	green	per-commit	0.15	--no-overflow-checks mandatory
float-arith	eq_float4up	-Z c-ffi -Z stubbing --c-lib c/pg_float_arith.c --solver kissat --no-overflow-checks	green	per-commit	0.15	--no-overflow-checks mandatory
float-arith	eq_float8abs	-Z c-ffi -Z stubbing --c-lib c/pg_float_arith.c --solver kissat --no-overflow-checks	green	per-commit	0.15	--no-overflow-checks mandatory
float-arith	eq_float8um	-Z c-ffi -Z stubbing --c-lib c/pg_float_arith.c --solver kissat --no-overflow-checks	green	per-commit	0.15	--no-overflow-checks mandatory
float-arith	eq_float8up	-Z c-ffi -Z stubbing --c-lib c/pg_float_arith.c --solver kissat --no-overflow-checks	green	per-commit	0.15	--no-overflow-checks mandatory
float-arith	eq_dpi	-Z c-ffi -Z stubbing --c-lib c/pg_float_arith.c --solver kissat --no-overflow-checks	green	per-commit	0.15	--no-overflow-checks mandatory
float-arith	eq_float4pl	-Z c-ffi -Z stubbing --c-lib c/pg_float_arith.c --solver kissat --no-overflow-checks	green	per-commit	7	6-7s; cover! both arms
float-arith	eq_float4mi	-Z c-ffi -Z stubbing --c-lib c/pg_float_arith.c --solver kissat --no-overflow-checks	green	per-commit	7	6-7s
float-arith	eq_float4mul	-Z c-ffi -Z stubbing --c-lib c/pg_float_arith.c --solver kissat --no-overflow-checks	green	release-gate	14	13-14s
float-arith	eq_float4div	-Z c-ffi -Z stubbing --c-lib c/pg_float_arith.c --solver kissat --no-overflow-checks	wall-recorded	calibration	?	SKIP: >30s both solvers
float-arith	eq_float8pl	-Z c-ffi -Z stubbing --c-lib c/pg_float_arith.c --solver kissat --no-overflow-checks	green	release-gate	20	12-20s
float-arith	eq_float8mi	-Z c-ffi -Z stubbing --c-lib c/pg_float_arith.c --solver kissat --no-overflow-checks	green	release-gate	20	12-20s
float-arith	eq_float48pl	-Z c-ffi -Z stubbing --c-lib c/pg_float_arith.c --solver kissat --no-overflow-checks	green	release-gate	20	12-20s
float-arith	eq_float48mi	-Z c-ffi -Z stubbing --c-lib c/pg_float_arith.c --solver kissat --no-overflow-checks	green	release-gate	20	12-20s
float-arith	eq_float84pl	-Z c-ffi -Z stubbing --c-lib c/pg_float_arith.c --solver kissat --no-overflow-checks	green	release-gate	20	12-20s
float-arith	eq_float84mi	-Z c-ffi -Z stubbing --c-lib c/pg_float_arith.c --solver kissat --no-overflow-checks	green	release-gate	20	12-20s
float-arith	eq_float8mul	-Z c-ffi -Z stubbing --c-lib c/pg_float_arith.c --solver kissat --no-overflow-checks	wall-recorded	calibration	?	SKIP: >30s; ledger wall
float-arith	eq_float8div	-Z c-ffi -Z stubbing --c-lib c/pg_float_arith.c --solver kissat --no-overflow-checks	wall-recorded	calibration	?	SKIP: >30s; ledger wall
float-arith	eq_float48mul	-Z c-ffi -Z stubbing --c-lib c/pg_float_arith.c --solver kissat --no-overflow-checks	wall-recorded	calibration	?	SKIP: >30s; ledger wall
float-arith	eq_float48div	-Z c-ffi -Z stubbing --c-lib c/pg_float_arith.c --solver kissat --no-overflow-checks	wall-recorded	calibration	?	SKIP: >30s; ledger wall
float-arith	eq_float84mul	-Z c-ffi -Z stubbing --c-lib c/pg_float_arith.c --solver kissat --no-overflow-checks	wall-recorded	calibration	?	SKIP: >30s; ledger wall
float-arith	eq_float84div	-Z c-ffi -Z stubbing --c-lib c/pg_float_arith.c --solver kissat --no-overflow-checks	wall-recorded	calibration	?	SKIP: >30s; ledger wall
float-arith	eq_degrees	-Z c-ffi -Z stubbing --c-lib c/pg_float_arith.c --solver kissat --no-overflow-checks	wall-recorded	calibration	?	SKIP: >30s; ledger wall
float-arith	eq_radians	-Z c-ffi -Z stubbing --c-lib c/pg_float_arith.c --solver kissat --no-overflow-checks	wall-recorded	calibration	?	SKIP: >30s; ledger wall
float-arith	spots_float4mul	-Z c-ffi -Z stubbing --c-lib c/pg_float_arith.c --solver kissat --no-overflow-checks	green	release-gate	22	10-22s special grid
float-arith	spots_float4div	-Z c-ffi -Z stubbing --c-lib c/pg_float_arith.c --solver kissat --no-overflow-checks	green	release-gate	22	10-22s special grid
float-arith	spots_float8mul	-Z c-ffi -Z stubbing --c-lib c/pg_float_arith.c --solver kissat --no-overflow-checks	green	release-gate	22	10-22s special grid
float-arith	spots_float48mul	-Z c-ffi -Z stubbing --c-lib c/pg_float_arith.c --solver kissat --no-overflow-checks	green	release-gate	22	10-22s special grid
float-arith	spots_float84mul	-Z c-ffi -Z stubbing --c-lib c/pg_float_arith.c --solver kissat --no-overflow-checks	green	release-gate	22	10-22s special grid
float-arith	half_float4mul	-Z c-ffi -Z stubbing --c-lib c/pg_float_arith.c --solver kissat --no-overflow-checks	green	release-gate	21	half-symbolic
float-arith	half_float8mul	-Z c-ffi -Z stubbing --c-lib c/pg_float_arith.c --solver kissat --no-overflow-checks	wall-recorded	calibration	?	SKIP: >30s
float-arith	half_float4div	-Z c-ffi -Z stubbing --c-lib c/pg_float_arith.c --solver kissat --no-overflow-checks	wall-recorded	calibration	?	SKIP: >30s
float-arith	half_float8div	-Z c-ffi -Z stubbing --c-lib c/pg_float_arith.c --solver kissat --no-overflow-checks	wall-recorded	calibration	?	SKIP: >30s
float-arith	eq_float4div_zero	-Z c-ffi -Z stubbing --c-lib c/pg_float_arith.c --solver kissat --no-overflow-checks	green	per-commit	5	1.4-5s; zero-fenced
float-arith	eq_float8div_zero	-Z c-ffi -Z stubbing --c-lib c/pg_float_arith.c --solver kissat --no-overflow-checks	green	per-commit	5	1.4-5s; zero-fenced
float-arith	eq_float48div_zero	-Z c-ffi -Z stubbing --c-lib c/pg_float_arith.c --solver kissat --no-overflow-checks	green	per-commit	5	1.4-5s; zero-fenced
float-arith	eq_float84div_zero	-Z c-ffi -Z stubbing --c-lib c/pg_float_arith.c --solver kissat --no-overflow-checks	green	per-commit	5	1.4-5s; zero-fenced
float-arith	kani_defect_witness_f64	-Z c-ffi -Z stubbing --c-lib c/pg_float_arith.c --no-overflow-checks	must-fail	defect-witness	?	Kani 0.67 defect witness; PASS => defect fixed, promote f8-div grids
float-arith	kani_defect_control_f32	-Z c-ffi -Z stubbing --c-lib c/pg_float_arith.c --no-overflow-checks	green	unmeasured	?	f32 twin of the defect witness; must PASS
float-arith	control_float4um_vs_c_abs	-Z c-ffi -Z stubbing --c-lib c/pg_float_arith.c --no-overflow-checks	must-fail	defect-witness	?	DEFAULT solver
float-arith	control_float4pl_vs_ieee	-Z c-ffi -Z stubbing --c-lib c/pg_float_arith.c --no-overflow-checks	must-fail	defect-witness	?	witnesses error-arm exploration
float-cmp	eq_float4eq	-Z c-ffi --c-lib c/pg_float_cmp.c --solver kissat	green	per-commit	0.19	0.12-0.19s
float-cmp	eq_float4ne	-Z c-ffi --c-lib c/pg_float_cmp.c --solver kissat	green	per-commit	0.19	0.12-0.19s
float-cmp	eq_float4lt	-Z c-ffi --c-lib c/pg_float_cmp.c --solver kissat	green	per-commit	0.19	0.12-0.19s
float-cmp	eq_float4le	-Z c-ffi --c-lib c/pg_float_cmp.c --solver kissat	green	per-commit	0.19	0.12-0.19s
float-cmp	eq_float4gt	-Z c-ffi --c-lib c/pg_float_cmp.c --solver kissat	green	per-commit	0.19	0.12-0.19s
float-cmp	eq_float4ge	-Z c-ffi --c-lib c/pg_float_cmp.c --solver kissat	green	per-commit	0.19	0.12-0.19s
float-cmp	eq_float8eq	-Z c-ffi --c-lib c/pg_float_cmp.c --solver kissat	green	per-commit	0.19	0.12-0.19s
float-cmp	eq_float8ne	-Z c-ffi --c-lib c/pg_float_cmp.c --solver kissat	green	per-commit	0.19	0.12-0.19s
float-cmp	eq_float8lt	-Z c-ffi --c-lib c/pg_float_cmp.c --solver kissat	green	per-commit	0.19	0.12-0.19s
float-cmp	eq_float8le	-Z c-ffi --c-lib c/pg_float_cmp.c --solver kissat	green	per-commit	0.19	0.12-0.19s
float-cmp	eq_float8gt	-Z c-ffi --c-lib c/pg_float_cmp.c --solver kissat	green	per-commit	0.19	0.12-0.19s
float-cmp	eq_float8ge	-Z c-ffi --c-lib c/pg_float_cmp.c --solver kissat	green	per-commit	0.19	0.12-0.19s
float-cmp	eq_float48eq	-Z c-ffi --c-lib c/pg_float_cmp.c --solver kissat	green	per-commit	0.19	0.12-0.19s
float-cmp	eq_float48ne	-Z c-ffi --c-lib c/pg_float_cmp.c --solver kissat	green	per-commit	0.19	0.12-0.19s
float-cmp	eq_float48lt	-Z c-ffi --c-lib c/pg_float_cmp.c --solver kissat	green	per-commit	0.19	0.12-0.19s
float-cmp	eq_float48le	-Z c-ffi --c-lib c/pg_float_cmp.c --solver kissat	green	per-commit	0.19	0.12-0.19s
float-cmp	eq_float48gt	-Z c-ffi --c-lib c/pg_float_cmp.c --solver kissat	green	per-commit	0.19	0.12-0.19s
float-cmp	eq_float48ge	-Z c-ffi --c-lib c/pg_float_cmp.c --solver kissat	green	per-commit	0.19	0.12-0.19s
float-cmp	eq_float84eq	-Z c-ffi --c-lib c/pg_float_cmp.c --solver kissat	green	per-commit	0.19	0.12-0.19s
float-cmp	eq_float84ne	-Z c-ffi --c-lib c/pg_float_cmp.c --solver kissat	green	per-commit	0.19	0.12-0.19s
float-cmp	eq_float84lt	-Z c-ffi --c-lib c/pg_float_cmp.c --solver kissat	green	per-commit	0.19	0.12-0.19s
float-cmp	eq_float84le	-Z c-ffi --c-lib c/pg_float_cmp.c --solver kissat	green	per-commit	0.19	0.12-0.19s
float-cmp	eq_float84gt	-Z c-ffi --c-lib c/pg_float_cmp.c --solver kissat	green	per-commit	0.19	0.12-0.19s
float-cmp	eq_float84ge	-Z c-ffi --c-lib c/pg_float_cmp.c --solver kissat	green	per-commit	0.19	0.12-0.19s
float-cmp	eq_btfloat4cmp	-Z c-ffi --c-lib c/pg_float_cmp.c --solver kissat	green	per-commit	0.18	NaN-sorts-last machine-checked
float-cmp	eq_btfloat8cmp	-Z c-ffi --c-lib c/pg_float_cmp.c --solver kissat	green	per-commit	0.18	NaN-sorts-last machine-checked
float-cmp	eq_btfloat48cmp	-Z c-ffi --c-lib c/pg_float_cmp.c --solver kissat	green	per-commit	0.25	
float-cmp	eq_btfloat84cmp	-Z c-ffi --c-lib c/pg_float_cmp.c --solver kissat	green	per-commit	0.25	
float-cmp	eq_float4larger	-Z c-ffi --c-lib c/pg_float_cmp.c --solver kissat	green	per-commit	0.15	bit-exact to_bits
float-cmp	eq_float4smaller	-Z c-ffi --c-lib c/pg_float_cmp.c --solver kissat	green	per-commit	0.15	bit-exact to_bits
float-cmp	eq_float8larger	-Z c-ffi --c-lib c/pg_float_cmp.c --solver kissat	green	per-commit	0.15	bit-exact to_bits
float-cmp	eq_float8smaller	-Z c-ffi --c-lib c/pg_float_cmp.c --solver kissat	green	per-commit	0.15	bit-exact to_bits
float-cmp	control_float4eq_vs_ieee	-Z c-ffi --c-lib c/pg_float_cmp.c	must-fail	defect-witness	?	DEFAULT solver; NaN counterexample expected
hash	hash_bytes_len0	-Z c-ffi --c-lib pg_hashfn.c	green	per-commit	5	0.2-5s; solver unspecified in crate (pre-kissat discipline)
hash	hash_bytes_len4	-Z c-ffi --c-lib pg_hashfn.c	green	per-commit	5	0.2-5s; solver unspecified in crate (pre-kissat discipline)
hash	hash_bytes_len8	-Z c-ffi --c-lib pg_hashfn.c	green	per-commit	5	0.2-5s; solver unspecified in crate (pre-kissat discipline)
hash	hash_bytes_len12	-Z c-ffi --c-lib pg_hashfn.c	green	per-commit	5	0.2-5s; solver unspecified in crate (pre-kissat discipline)
hash	hash_bytes_len16	-Z c-ffi --c-lib pg_hashfn.c	green	per-commit	5	0.2-5s; solver unspecified in crate (pre-kissat discipline)
hash	hash_bytes_len24	-Z c-ffi --c-lib pg_hashfn.c	green	per-commit	5	0.2-5s; solver unspecified in crate (pre-kissat discipline)
hash	hash_bytes_len13_unaligned	-Z c-ffi --c-lib pg_hashfn.c	green	per-commit	5	0.2-5s; solver unspecified in crate (pre-kissat discipline)
hash	hash_bytes_extended_len8_seeded	-Z c-ffi --c-lib pg_hashfn.c	green	per-commit	5	0.2-5s; solver unspecified in crate (pre-kissat discipline)
hash	hash_bytes_uint32_all	-Z c-ffi --c-lib pg_hashfn.c	green	per-commit	5	0.2-5s; solver unspecified in crate (pre-kissat discipline)
hash	hash_bytes_uint32_extended_all	-Z c-ffi --c-lib pg_hashfn.c	green	per-commit	5	0.2-5s; solver unspecified in crate (pre-kissat discipline)
hash	hash_bytes_symlen16	-Z c-ffi --c-lib pg_hashfn.c	green	calibration	109	symbolic len<=16; over-budget green kept
hash	hash_bytes_symlen32	-Z c-ffi --c-lib pg_hashfn.c	green	calibration	262	symbolic len<=32
hash	hash_bytes_symlen48	-Z c-ffi --c-lib pg_hashfn.c	wall-recorded	calibration	?	WALLS >600s; stretch
hash	control_expected_divergence	-Z c-ffi --c-lib pg_hashfn.c	must-fail	defect-witness	?	length-mismatch control; DEFAULT solver
hash	hash_bytes_extended_symlen16	-Z c-ffi --c-lib pg_hashfn.c --solver kissat	green	calibration	216	sym len<=16 x full-u64 seed; extended rows 772/6414 wrapper reduction; lane pick-a 2026-07-30
hash-rows	proofs::eq_hashchar	-Z c-ffi -Z stubbing --c-lib c/pg_hash_rows.c --solver kissat --exact	green	per-commit	0.2	fenced v>=0 portable plane (char-signedness platform split); re-verified 2026-07-30
hash-rows	proofs::eq_hashint2	-Z c-ffi -Z stubbing --c-lib c/pg_hash_rows.c --solver kissat --exact	green	per-commit	5.3	0.2-5.3s under ~6-way load
hash-rows	proofs::eq_hashint4	-Z c-ffi -Z stubbing --c-lib c/pg_hash_rows.c --solver kissat --exact	green	per-commit	5.3	0.2-5.3s under ~6-way load
hash-rows	proofs::eq_hashint8	-Z c-ffi -Z stubbing --c-lib c/pg_hash_rows.c --solver kissat --exact	green	per-commit	5.3	0.2-5.3s under ~6-way load
hash-rows	proofs::eq_hashoid	-Z c-ffi -Z stubbing --c-lib c/pg_hash_rows.c --solver kissat --exact	green	per-commit	5.3	0.2-5.3s under ~6-way load
hash-rows	proofs::eq_hashenum	-Z c-ffi -Z stubbing --c-lib c/pg_hash_rows.c --solver kissat --exact	green	per-commit	5.3	0.2-5.3s under ~6-way load
hash-rows	proofs::eq_hashbool	-Z c-ffi -Z stubbing --c-lib c/pg_hash_rows.c --solver kissat --exact	green	per-commit	5.3	0.2-5.3s under ~6-way load
hash-rows	proofs::eq_hashcharextended	-Z c-ffi -Z stubbing --c-lib c/pg_hash_rows.c --solver kissat --exact	green	per-commit	9.8	fenced v>=0 portable plane; re-verified 2026-07-30
hash-rows	proofs::model_hashchar_unsigned_full	-Z c-ffi -Z stubbing --c-lib c/pg_hash_rows.c --solver kissat --exact	green	per-commit	0.23	pins v0.2 shipped zero-extend arm over full i8 (CI-decode 2026-07-30; re-pointed from old-lineage signed pin)
hash-rows	proofs::model_hashcharextended_unsigned_full	-Z c-ffi -Z stubbing --c-lib c/pg_hash_rows.c --solver kissat --exact	green	per-commit	2.5	pins zero-extend arm, full symbolic seed (CI-decode 2026-07-30)
hash-rows	proofs::eq_hashint2extended	-Z c-ffi -Z stubbing --c-lib c/pg_hash_rows.c --solver kissat --exact	green	per-commit	5.3	0.2-5.3s under ~6-way load
hash-rows	proofs::eq_hashint4extended	-Z c-ffi -Z stubbing --c-lib c/pg_hash_rows.c --solver kissat --exact	green	per-commit	5.3	0.2-5.3s under ~6-way load
hash-rows	proofs::eq_hashint8extended	-Z c-ffi -Z stubbing --c-lib c/pg_hash_rows.c --solver kissat --exact	green	per-commit	5.3	0.2-5.3s under ~6-way load
hash-rows	proofs::eq_hashoidextended	-Z c-ffi -Z stubbing --c-lib c/pg_hash_rows.c --solver kissat --exact	green	per-commit	5.3	0.2-5.3s under ~6-way load
hash-rows	proofs::eq_hashenumextended	-Z c-ffi -Z stubbing --c-lib c/pg_hash_rows.c --solver kissat --exact	green	per-commit	5.3	0.2-5.3s under ~6-way load
hash-rows	proofs::eq_hashboolextended	-Z c-ffi -Z stubbing --c-lib c/pg_hash_rows.c --solver kissat --exact	green	per-commit	5.3	0.2-5.3s under ~6-way load
hash-rows	proofs::eq_hashfloat4	-Z c-ffi -Z stubbing --c-lib c/pg_hash_rows.c --solver kissat --exact	green	per-commit	5.3	1-5.3s
hash-rows	proofs::eq_hashfloat8	-Z c-ffi -Z stubbing --c-lib c/pg_hash_rows.c --solver kissat --exact	green	per-commit	5.3	1-5.3s
hash-rows	proofs::eq_hashfloat4extended	-Z c-ffi -Z stubbing --c-lib c/pg_hash_rows.c --solver kissat --exact	green	per-commit	5.3	1-5.3s
hash-rows	proofs::eq_hashfloat8extended	-Z c-ffi -Z stubbing --c-lib c/pg_hash_rows.c --solver kissat --exact	green	per-commit	5.3	1-5.3s
hash-rows	proofs::consistency_hashfloat4_widens	-Z c-ffi -Z stubbing --c-lib c/pg_hash_rows.c --solver kissat --exact	green	unmeasured	?	Rust-only cross-type theorem
hash-rows	proofs::eq_hashmacaddr	-Z c-ffi -Z stubbing --c-lib c/pg_hash_rows.c --solver kissat --exact	green	release-gate	13	1-13s
hash-rows	proofs::eq_hashmacaddrextended	-Z c-ffi -Z stubbing --c-lib c/pg_hash_rows.c --solver kissat --exact	green	release-gate	13	1-13s
hash-rows	proofs::eq_hashmacaddr8	-Z c-ffi -Z stubbing --c-lib c/pg_hash_rows.c --solver kissat --exact	green	release-gate	13	1-13s
hash-rows	proofs::eq_hashmacaddr8extended	-Z c-ffi -Z stubbing --c-lib c/pg_hash_rows.c --solver kissat --exact	green	release-gate	13	1-13s
hash-rows	proofs::eq_hashname_l0	-Z c-ffi -Z stubbing --c-lib c/pg_hash_rows.c --solver kissat --exact	green	unmeasured	?	
hash-rows	proofs::eq_hashnameextended_l0	-Z c-ffi -Z stubbing --c-lib c/pg_hash_rows.c --solver kissat --exact	green	unmeasured	?	
hash-rows	proofs::eq_hashname_l1	-Z c-ffi -Z stubbing --c-lib c/pg_hash_rows.c --solver kissat --exact	green	unmeasured	?	
hash-rows	proofs::eq_hashnameextended_l1	-Z c-ffi -Z stubbing --c-lib c/pg_hash_rows.c --solver kissat --exact	green	unmeasured	?	
hash-rows	proofs::eq_hashname_l2	-Z c-ffi -Z stubbing --c-lib c/pg_hash_rows.c --solver kissat --exact	green	unmeasured	?	
hash-rows	proofs::eq_hashnameextended_l2	-Z c-ffi -Z stubbing --c-lib c/pg_hash_rows.c --solver kissat --exact	green	unmeasured	?	
hash-rows	proofs::eq_hashname_l3	-Z c-ffi -Z stubbing --c-lib c/pg_hash_rows.c --solver kissat --exact	green	unmeasured	?	
hash-rows	proofs::eq_hashnameextended_l3	-Z c-ffi -Z stubbing --c-lib c/pg_hash_rows.c --solver kissat --exact	green	unmeasured	?	
hash-rows	proofs::eq_hashname_l4	-Z c-ffi -Z stubbing --c-lib c/pg_hash_rows.c --solver kissat --exact	green	unmeasured	?	
hash-rows	proofs::eq_hashnameextended_l4	-Z c-ffi -Z stubbing --c-lib c/pg_hash_rows.c --solver kissat --exact	green	unmeasured	?	
hash-rows	proofs::eq_hashname_l5	-Z c-ffi -Z stubbing --c-lib c/pg_hash_rows.c --solver kissat --exact	green	unmeasured	?	
hash-rows	proofs::eq_hashnameextended_l5	-Z c-ffi -Z stubbing --c-lib c/pg_hash_rows.c --solver kissat --exact	green	unmeasured	?	
hash-rows	proofs::eq_hashname_l6	-Z c-ffi -Z stubbing --c-lib c/pg_hash_rows.c --solver kissat --exact	green	unmeasured	?	
hash-rows	proofs::eq_hashnameextended_l6	-Z c-ffi -Z stubbing --c-lib c/pg_hash_rows.c --solver kissat --exact	green	unmeasured	?	
hash-rows	proofs::eq_hashname_l7	-Z c-ffi -Z stubbing --c-lib c/pg_hash_rows.c --solver kissat --exact	green	unmeasured	?	
hash-rows	proofs::eq_hashnameextended_l7	-Z c-ffi -Z stubbing --c-lib c/pg_hash_rows.c --solver kissat --exact	green	unmeasured	?	
hash-rows	proofs::eq_hashname_l8	-Z c-ffi -Z stubbing --c-lib c/pg_hash_rows.c --solver kissat --exact	green	unmeasured	?	
hash-rows	proofs::eq_hashnameextended_l8	-Z c-ffi -Z stubbing --c-lib c/pg_hash_rows.c --solver kissat --exact	green	unmeasured	?	
hash-rows	proofs::eq_hashname_l16	-Z c-ffi -Z stubbing --c-lib c/pg_hash_rows.c --solver kissat --exact	green	unmeasured	?	
hash-rows	proofs::eq_hashnameextended_l16	-Z c-ffi -Z stubbing --c-lib c/pg_hash_rows.c --solver kissat --exact	green	unmeasured	?	
hash-rows	proofs::cover_name_split	-Z c-ffi -Z stubbing --c-lib c/pg_hash_rows.c --solver kissat --exact	green	unmeasured	?	coverage lemma
hash-rows	proofs::eq_hashtext_l0	-Z c-ffi -Z stubbing --c-lib c/pg_hash_rows.c --solver kissat --exact	green	unmeasured	?	
hash-rows	proofs::eq_hashtextextended_l0	-Z c-ffi -Z stubbing --c-lib c/pg_hash_rows.c --solver kissat --exact	green	unmeasured	?	
hash-rows	proofs::eq_hashtext_l1	-Z c-ffi -Z stubbing --c-lib c/pg_hash_rows.c --solver kissat --exact	green	unmeasured	?	
hash-rows	proofs::eq_hashtextextended_l1	-Z c-ffi -Z stubbing --c-lib c/pg_hash_rows.c --solver kissat --exact	green	unmeasured	?	
hash-rows	proofs::eq_hashtext_l2	-Z c-ffi -Z stubbing --c-lib c/pg_hash_rows.c --solver kissat --exact	green	unmeasured	?	
hash-rows	proofs::eq_hashtextextended_l2	-Z c-ffi -Z stubbing --c-lib c/pg_hash_rows.c --solver kissat --exact	green	unmeasured	?	
hash-rows	proofs::eq_hashtext_l3	-Z c-ffi -Z stubbing --c-lib c/pg_hash_rows.c --solver kissat --exact	green	unmeasured	?	
hash-rows	proofs::eq_hashtextextended_l3	-Z c-ffi -Z stubbing --c-lib c/pg_hash_rows.c --solver kissat --exact	green	unmeasured	?	
hash-rows	proofs::eq_hashtext_l4	-Z c-ffi -Z stubbing --c-lib c/pg_hash_rows.c --solver kissat --exact	green	unmeasured	?	
hash-rows	proofs::eq_hashtextextended_l4	-Z c-ffi -Z stubbing --c-lib c/pg_hash_rows.c --solver kissat --exact	green	unmeasured	?	
hash-rows	proofs::eq_hashtext_l5	-Z c-ffi -Z stubbing --c-lib c/pg_hash_rows.c --solver kissat --exact	green	unmeasured	?	
hash-rows	proofs::eq_hashtextextended_l5	-Z c-ffi -Z stubbing --c-lib c/pg_hash_rows.c --solver kissat --exact	green	unmeasured	?	
hash-rows	proofs::eq_hashtext_l13	-Z c-ffi -Z stubbing --c-lib c/pg_hash_rows.c --solver kissat --exact	green	unmeasured	?	
hash-rows	proofs::eq_hashtextextended_l13	-Z c-ffi -Z stubbing --c-lib c/pg_hash_rows.c --solver kissat --exact	green	unmeasured	?	
hash-rows	proofs::eq_hashtext_l6	-Z c-ffi -Z stubbing --c-lib c/pg_hash_rows.c --solver kissat --exact	green	release-gate	12	over-budget green >10s
hash-rows	proofs::eq_hashtextextended_l6	-Z c-ffi -Z stubbing --c-lib c/pg_hash_rows.c --solver kissat --exact	green	release-gate	12	over-budget green >10s
hash-rows	proofs::eq_hashtext_l7	-Z c-ffi -Z stubbing --c-lib c/pg_hash_rows.c --solver kissat --exact	green	release-gate	12	over-budget green >10s
hash-rows	proofs::eq_hashtextextended_l7	-Z c-ffi -Z stubbing --c-lib c/pg_hash_rows.c --solver kissat --exact	green	release-gate	12	over-budget green >10s
hash-rows	proofs::eq_hashtext_l8	-Z c-ffi -Z stubbing --c-lib c/pg_hash_rows.c --solver kissat --exact	green	release-gate	12	over-budget green >10s
hash-rows	proofs::eq_hashtextextended_l8	-Z c-ffi -Z stubbing --c-lib c/pg_hash_rows.c --solver kissat --exact	green	release-gate	12	over-budget green >10s
hash-rows	proofs::eq_hashbpchar_l0	-Z c-ffi -Z stubbing --c-lib c/pg_hash_rows.c --solver kissat --exact	green	unmeasured	?	symbolic trim
hash-rows	proofs::eq_hashbpcharextended_l0	-Z c-ffi -Z stubbing --c-lib c/pg_hash_rows.c --solver kissat --exact	green	unmeasured	?	
hash-rows	proofs::eq_hashbpchar_l1	-Z c-ffi -Z stubbing --c-lib c/pg_hash_rows.c --solver kissat --exact	green	unmeasured	?	symbolic trim
hash-rows	proofs::eq_hashbpcharextended_l1	-Z c-ffi -Z stubbing --c-lib c/pg_hash_rows.c --solver kissat --exact	green	unmeasured	?	
hash-rows	proofs::eq_hashbpchar_l2	-Z c-ffi -Z stubbing --c-lib c/pg_hash_rows.c --solver kissat --exact	green	unmeasured	?	symbolic trim
hash-rows	proofs::eq_hashbpcharextended_l2	-Z c-ffi -Z stubbing --c-lib c/pg_hash_rows.c --solver kissat --exact	green	unmeasured	?	
hash-rows	proofs::eq_hashbpchar_l3	-Z c-ffi -Z stubbing --c-lib c/pg_hash_rows.c --solver kissat --exact	green	unmeasured	?	symbolic trim
hash-rows	proofs::eq_hashbpcharextended_l3	-Z c-ffi -Z stubbing --c-lib c/pg_hash_rows.c --solver kissat --exact	green	unmeasured	?	
hash-rows	proofs::eq_hashbpchar_l4	-Z c-ffi -Z stubbing --c-lib c/pg_hash_rows.c --solver kissat --exact	green	unmeasured	?	symbolic trim
hash-rows	proofs::eq_hashbpcharextended_l4	-Z c-ffi -Z stubbing --c-lib c/pg_hash_rows.c --solver kissat --exact	green	unmeasured	?	
hash-rows	proofs::bp_spot_l8_k0	-Z c-ffi -Z stubbing --c-lib c/pg_hash_rows.c --solver kissat --exact	green	unmeasured	?	concrete-trim spot
hash-rows	proofs::bp_spotx_l8_k0	-Z c-ffi -Z stubbing --c-lib c/pg_hash_rows.c --solver kissat --exact	green	unmeasured	?	concrete-trim spot
hash-rows	proofs::bp_spot_l8_k3	-Z c-ffi -Z stubbing --c-lib c/pg_hash_rows.c --solver kissat --exact	green	unmeasured	?	concrete-trim spot
hash-rows	proofs::bp_spotx_l8_k3	-Z c-ffi -Z stubbing --c-lib c/pg_hash_rows.c --solver kissat --exact	green	unmeasured	?	concrete-trim spot
hash-rows	proofs::bp_spot_l8_k8	-Z c-ffi -Z stubbing --c-lib c/pg_hash_rows.c --solver kissat --exact	green	unmeasured	?	concrete-trim spot
hash-rows	proofs::bp_spotx_l8_k8	-Z c-ffi -Z stubbing --c-lib c/pg_hash_rows.c --solver kissat --exact	green	unmeasured	?	concrete-trim spot
hash-rows	proofs::bp_spot_l13_k13	-Z c-ffi -Z stubbing --c-lib c/pg_hash_rows.c --solver kissat --exact	green	unmeasured	?	concrete-trim spot
hash-rows	proofs::bp_spotx_l13_k13	-Z c-ffi -Z stubbing --c-lib c/pg_hash_rows.c --solver kissat --exact	green	unmeasured	?	concrete-trim spot
hash-rows	proofs::bp_spot_l13_k5	-Z c-ffi -Z stubbing --c-lib c/pg_hash_rows.c --solver kissat --exact	green	unmeasured	?	concrete-trim spot
hash-rows	proofs::bp_spotx_l13_k5	-Z c-ffi -Z stubbing --c-lib c/pg_hash_rows.c --solver kissat --exact	green	unmeasured	?	concrete-trim spot
hash-rows	proofs::cover_text_split	-Z c-ffi -Z stubbing --c-lib c/pg_hash_rows.c --solver kissat --exact	green	unmeasured	?	coverage lemma
hash-rows	proofs::err_hashtext_collid0	-Z c-ffi -Z stubbing --c-lib c/pg_hash_rows.c --solver kissat --exact	green	unmeasured	?	42P22 sqlstate parity
hash-rows	proofs::err_hashbpchar_collid0	-Z c-ffi -Z stubbing --c-lib c/pg_hash_rows.c --solver kissat --exact	green	unmeasured	?	
hash-rows	proofs::eq_hashoidvector_d0	-Z c-ffi -Z stubbing --c-lib c/pg_hash_rows.c --solver kissat --exact	green	unmeasured	?	
hash-rows	proofs::eq_hashoidvectorextended_d0	-Z c-ffi -Z stubbing --c-lib c/pg_hash_rows.c --solver kissat --exact	green	unmeasured	?	
hash-rows	proofs::eq_hashoidvector_d1	-Z c-ffi -Z stubbing --c-lib c/pg_hash_rows.c --solver kissat --exact	green	unmeasured	?	
hash-rows	proofs::eq_hashoidvectorextended_d1	-Z c-ffi -Z stubbing --c-lib c/pg_hash_rows.c --solver kissat --exact	green	unmeasured	?	
hash-rows	proofs::eq_hashoidvector_d2	-Z c-ffi -Z stubbing --c-lib c/pg_hash_rows.c --solver kissat --exact	green	unmeasured	?	
hash-rows	proofs::eq_hashoidvectorextended_d2	-Z c-ffi -Z stubbing --c-lib c/pg_hash_rows.c --solver kissat --exact	green	unmeasured	?	
hash-rows	proofs::eq_hashoidvector_d3	-Z c-ffi -Z stubbing --c-lib c/pg_hash_rows.c --solver kissat --exact	green	unmeasured	?	
hash-rows	proofs::eq_hashoidvectorextended_d3	-Z c-ffi -Z stubbing --c-lib c/pg_hash_rows.c --solver kissat --exact	green	unmeasured	?	
hash-rows	proofs::eq_hashoidvector_d4	-Z c-ffi -Z stubbing --c-lib c/pg_hash_rows.c --solver kissat --exact	green	unmeasured	?	
hash-rows	proofs::eq_hashoidvectorextended_d4	-Z c-ffi -Z stubbing --c-lib c/pg_hash_rows.c --solver kissat --exact	green	unmeasured	?	
hash-rows	proofs::cover_ov_split	-Z c-ffi -Z stubbing --c-lib c/pg_hash_rows.c --solver kissat --exact	green	unmeasured	?	coverage lemma
hash-rows	proofs::control_int8_fold_skew	-Z c-ffi -Z stubbing --c-lib c/pg_hash_rows.c --exact	must-fail	defect-witness	?	DEFAULT solver
hash-rows	proofs::control_text_short_c_len	-Z c-ffi -Z stubbing --c-lib c/pg_hash_rows.c --exact	must-fail	defect-witness	?	DEFAULT solver
hex	hex_encode_equiv	-Z c-ffi -Z stubbing --c-lib csrc/hex_shim.c --solver kissat	green	release-gate	89.5	documented release-gate tier (>30s); measured under heavy load
hex	hex_decode_equiv	-Z c-ffi -Z stubbing --c-lib csrc/hex_shim.c --solver kissat	wall-recorded	calibration	?	post-symex SAT wall both solvers; re-time on quiet box
hex	hex_decode_equiv_len2	-Z c-ffi -Z stubbing --c-lib csrc/hex_shim.c --solver kissat	wall-recorded	calibration	?	same; >900s under load
hex	control_hex_encode_mismatch_must_fail	-Z c-ffi -Z stubbing --c-lib csrc/hex_shim.c	must-fail	defect-witness	102	FAILED as required 102s DEFAULT solver
int-arith	proofs::eq_int2up	-Z c-ffi -Z stubbing --c-lib c/pg_int_arith.c --solver kissat --exact	green	unmeasured	?	ledger in-progress, no recorded time; name repaired
int-arith	proofs::eq_int4up	-Z c-ffi -Z stubbing --c-lib c/pg_int_arith.c --solver kissat --exact	green	unmeasured	?	ledger in-progress, no recorded time; name repaired
int-arith	proofs::eq_int8up	-Z c-ffi -Z stubbing --c-lib c/pg_int_arith.c --solver kissat --exact	green	unmeasured	?	ledger in-progress, no recorded time; name repaired
int-arith	proofs::eq_int2larger	-Z c-ffi -Z stubbing --c-lib c/pg_int_arith.c --solver kissat --exact	green	unmeasured	?	ledger in-progress, no recorded time; name repaired
int-arith	proofs::eq_int2smaller	-Z c-ffi -Z stubbing --c-lib c/pg_int_arith.c --solver kissat --exact	green	unmeasured	?	ledger in-progress, no recorded time; name repaired
int-arith	proofs::eq_int4larger	-Z c-ffi -Z stubbing --c-lib c/pg_int_arith.c --solver kissat --exact	green	unmeasured	?	ledger in-progress, no recorded time; name repaired
int-arith	proofs::eq_int4smaller	-Z c-ffi -Z stubbing --c-lib c/pg_int_arith.c --solver kissat --exact	green	unmeasured	?	ledger in-progress, no recorded time; name repaired
int-arith	proofs::eq_int8larger	-Z c-ffi -Z stubbing --c-lib c/pg_int_arith.c --solver kissat --exact	green	unmeasured	?	ledger in-progress, no recorded time; name repaired
int-arith	proofs::eq_int8smaller	-Z c-ffi -Z stubbing --c-lib c/pg_int_arith.c --solver kissat --exact	green	unmeasured	?	ledger in-progress, no recorded time; name repaired
int-arith	proofs::eq_int2um	-Z c-ffi -Z stubbing --c-lib c/pg_int_arith.c --solver kissat --exact	green	unmeasured	?	ledger in-progress, no recorded time; name repaired
int-arith	proofs::eq_int4um	-Z c-ffi -Z stubbing --c-lib c/pg_int_arith.c --solver kissat --exact	green	unmeasured	?	ledger in-progress, no recorded time; name repaired
int-arith	proofs::eq_int8um	-Z c-ffi -Z stubbing --c-lib c/pg_int_arith.c --solver kissat --exact	green	unmeasured	?	ledger in-progress, no recorded time; name repaired
int-arith	proofs::eq_int2abs	-Z c-ffi -Z stubbing --c-lib c/pg_int_arith.c --solver kissat --exact	green	unmeasured	?	ledger in-progress, no recorded time; name repaired
int-arith	proofs::eq_int4abs	-Z c-ffi -Z stubbing --c-lib c/pg_int_arith.c --solver kissat --exact	green	unmeasured	?	ledger in-progress, no recorded time; name repaired
int-arith	proofs::eq_int8abs	-Z c-ffi -Z stubbing --c-lib c/pg_int_arith.c --solver kissat --exact	green	unmeasured	?	ledger in-progress, no recorded time; name repaired
int-arith	proofs::eq_int2pl	-Z c-ffi -Z stubbing --c-lib c/pg_int_arith.c --solver kissat --exact	green	unmeasured	?	fast-class adder circuit; name repaired
int-arith	proofs::eq_int2mi	-Z c-ffi -Z stubbing --c-lib c/pg_int_arith.c --solver kissat --exact	green	unmeasured	?	fast-class adder circuit; name repaired
int-arith	proofs::eq_int4pl	-Z c-ffi -Z stubbing --c-lib c/pg_int_arith.c --solver kissat --exact	green	unmeasured	?	fast-class adder circuit; name repaired
int-arith	proofs::eq_int4mi	-Z c-ffi -Z stubbing --c-lib c/pg_int_arith.c --solver kissat --exact	green	unmeasured	?	fast-class adder circuit; name repaired
int-arith	proofs::eq_int24pl	-Z c-ffi -Z stubbing --c-lib c/pg_int_arith.c --solver kissat --exact	green	unmeasured	?	fast-class adder circuit; name repaired
int-arith	proofs::eq_int24mi	-Z c-ffi -Z stubbing --c-lib c/pg_int_arith.c --solver kissat --exact	green	unmeasured	?	fast-class adder circuit; name repaired
int-arith	proofs::eq_int42pl	-Z c-ffi -Z stubbing --c-lib c/pg_int_arith.c --solver kissat --exact	green	unmeasured	?	fast-class adder circuit; name repaired
int-arith	proofs::eq_int42mi	-Z c-ffi -Z stubbing --c-lib c/pg_int_arith.c --solver kissat --exact	green	unmeasured	?	fast-class adder circuit; name repaired
int-arith	proofs::eq_int8pl	-Z c-ffi -Z stubbing --c-lib c/pg_int_arith.c --solver kissat --exact	green	unmeasured	?	fast-class adder circuit; name repaired
int-arith	proofs::eq_int8mi	-Z c-ffi -Z stubbing --c-lib c/pg_int_arith.c --solver kissat --exact	green	unmeasured	?	fast-class adder circuit; name repaired
int-arith	proofs::eq_int84pl	-Z c-ffi -Z stubbing --c-lib c/pg_int_arith.c --solver kissat --exact	green	unmeasured	?	fast-class adder circuit; name repaired
int-arith	proofs::eq_int84mi	-Z c-ffi -Z stubbing --c-lib c/pg_int_arith.c --solver kissat --exact	green	unmeasured	?	fast-class adder circuit; name repaired
int-arith	proofs::eq_int48pl	-Z c-ffi -Z stubbing --c-lib c/pg_int_arith.c --solver kissat --exact	green	unmeasured	?	fast-class adder circuit; name repaired
int-arith	proofs::eq_int48mi	-Z c-ffi -Z stubbing --c-lib c/pg_int_arith.c --solver kissat --exact	green	unmeasured	?	fast-class adder circuit; name repaired
int-arith	proofs::eq_int82pl	-Z c-ffi -Z stubbing --c-lib c/pg_int_arith.c --solver kissat --exact	green	unmeasured	?	fast-class adder circuit; name repaired
int-arith	proofs::eq_int82mi	-Z c-ffi -Z stubbing --c-lib c/pg_int_arith.c --solver kissat --exact	green	unmeasured	?	fast-class adder circuit; name repaired
int-arith	proofs::eq_int28pl	-Z c-ffi -Z stubbing --c-lib c/pg_int_arith.c --solver kissat --exact	green	unmeasured	?	fast-class adder circuit; name repaired
int-arith	proofs::eq_int28mi	-Z c-ffi -Z stubbing --c-lib c/pg_int_arith.c --solver kissat --exact	green	unmeasured	?	fast-class adder circuit; name repaired
int-arith	proofs::eq_int2mul	-Z c-ffi -Z stubbing --c-lib c/pg_int_arith.c --solver kissat --exact	green	unmeasured	?	WATCH-LIST mul circuit, probe; name repaired
int-arith	proofs::eq_int4mul	-Z c-ffi -Z stubbing --c-lib c/pg_int_arith.c --solver kissat --exact	green	unmeasured	?	WATCH-LIST mul circuit, probe; name repaired
int-arith	proofs::eq_int24mul	-Z c-ffi -Z stubbing --c-lib c/pg_int_arith.c --solver kissat --exact	green	unmeasured	?	WATCH-LIST mul circuit, probe; name repaired
int-arith	proofs::eq_int42mul	-Z c-ffi -Z stubbing --c-lib c/pg_int_arith.c --solver kissat --exact	green	unmeasured	?	WATCH-LIST mul circuit, probe; name repaired
int-arith	proofs::eq_int8mul	-Z c-ffi -Z stubbing --c-lib c/pg_int_arith.c --solver kissat --exact	green	unmeasured	?	WATCH-LIST mul circuit, probe; name repaired
int-arith	proofs::eq_int84mul	-Z c-ffi -Z stubbing --c-lib c/pg_int_arith.c --solver kissat --exact	green	unmeasured	?	WATCH-LIST mul circuit, probe; name repaired
int-arith	proofs::eq_int48mul	-Z c-ffi -Z stubbing --c-lib c/pg_int_arith.c --solver kissat --exact	green	unmeasured	?	WATCH-LIST mul circuit, probe; name repaired
int-arith	proofs::eq_int82mul	-Z c-ffi -Z stubbing --c-lib c/pg_int_arith.c --solver kissat --exact	green	unmeasured	?	WATCH-LIST mul circuit, probe; name repaired
int-arith	proofs::eq_int28mul	-Z c-ffi -Z stubbing --c-lib c/pg_int_arith.c --solver kissat --exact	green	unmeasured	?	WATCH-LIST mul circuit, probe; name repaired
int-arith	proofs::eq_int2div	-Z c-ffi -Z stubbing --c-lib c/pg_int_arith.c --solver kissat --exact	green	unmeasured	?	known-hard symbolic divisor; may wall; name repaired
int-arith	proofs::eq_int4div	-Z c-ffi -Z stubbing --c-lib c/pg_int_arith.c --solver kissat --exact	green	unmeasured	?	known-hard symbolic divisor; may wall; name repaired
int-arith	proofs::eq_int24div	-Z c-ffi -Z stubbing --c-lib c/pg_int_arith.c --solver kissat --exact	green	unmeasured	?	known-hard symbolic divisor; may wall; name repaired
int-arith	proofs::eq_int42div	-Z c-ffi -Z stubbing --c-lib c/pg_int_arith.c --solver kissat --exact	green	unmeasured	?	known-hard symbolic divisor; may wall; name repaired
int-arith	proofs::eq_int8div	-Z c-ffi -Z stubbing --c-lib c/pg_int_arith.c --solver kissat --exact	green	unmeasured	?	known-hard symbolic divisor; may wall; name repaired
int-arith	proofs::eq_int84div	-Z c-ffi -Z stubbing --c-lib c/pg_int_arith.c --solver kissat --exact	green	unmeasured	?	known-hard symbolic divisor; may wall; name repaired
int-arith	proofs::eq_int48div	-Z c-ffi -Z stubbing --c-lib c/pg_int_arith.c --solver kissat --exact	green	unmeasured	?	known-hard symbolic divisor; may wall; name repaired
int-arith	proofs::eq_int82div	-Z c-ffi -Z stubbing --c-lib c/pg_int_arith.c --solver kissat --exact	green	unmeasured	?	known-hard symbolic divisor; may wall; name repaired
int-arith	proofs::eq_int28div	-Z c-ffi -Z stubbing --c-lib c/pg_int_arith.c --solver kissat --exact	green	unmeasured	?	known-hard symbolic divisor; may wall; name repaired
int-arith	proofs::eq_int2mod	-Z c-ffi -Z stubbing --c-lib c/pg_int_arith.c --solver kissat --exact	green	unmeasured	?	known-hard symbolic divisor; may wall; name repaired
int-arith	proofs::eq_int4mod	-Z c-ffi -Z stubbing --c-lib c/pg_int_arith.c --solver kissat --exact	green	unmeasured	?	known-hard symbolic divisor; may wall; name repaired
int-arith	proofs::eq_int8mod	-Z c-ffi -Z stubbing --c-lib c/pg_int_arith.c --solver kissat --exact	green	unmeasured	?	known-hard symbolic divisor; may wall; name repaired
int-arith	spot_int2div_b0	-Z c-ffi -Z stubbing --c-lib c/pg_int_arith.c --solver kissat --exact	missing	unmeasured	?	concrete divisor spot; name repaired: no such harness in cargo kani list (pattern-name superseded or not landed)
int-arith	spot_int2div_bneg1	-Z c-ffi -Z stubbing --c-lib c/pg_int_arith.c --solver kissat --exact	missing	unmeasured	?	concrete divisor spot; name repaired: no such harness in cargo kani list (pattern-name superseded or not landed)
int-arith	spot_int2div_b1	-Z c-ffi -Z stubbing --c-lib c/pg_int_arith.c --solver kissat --exact	missing	unmeasured	?	concrete divisor spot; name repaired: no such harness in cargo kani list (pattern-name superseded or not landed)
int-arith	proofs::spot_int4div_b0	-Z c-ffi -Z stubbing --c-lib c/pg_int_arith.c --solver kissat --exact	green	unmeasured	?	concrete divisor spot; name repaired
int-arith	proofs::spot_int4div_bneg1	-Z c-ffi -Z stubbing --c-lib c/pg_int_arith.c --solver kissat --exact	green	unmeasured	?	concrete divisor spot; name repaired
int-arith	proofs::spot_int4div_b1	-Z c-ffi -Z stubbing --c-lib c/pg_int_arith.c --solver kissat --exact	green	unmeasured	?	concrete divisor spot; name repaired
int-arith	spot_int24div_b0	-Z c-ffi -Z stubbing --c-lib c/pg_int_arith.c --solver kissat --exact	missing	unmeasured	?	concrete divisor spot; name repaired: no such harness in cargo kani list (pattern-name superseded or not landed)
int-arith	spot_int24div_bneg1	-Z c-ffi -Z stubbing --c-lib c/pg_int_arith.c --solver kissat --exact	missing	unmeasured	?	concrete divisor spot; name repaired: no such harness in cargo kani list (pattern-name superseded or not landed)
int-arith	spot_int24div_b1	-Z c-ffi -Z stubbing --c-lib c/pg_int_arith.c --solver kissat --exact	missing	unmeasured	?	concrete divisor spot; name repaired: no such harness in cargo kani list (pattern-name superseded or not landed)
int-arith	proofs::spot_int42div_b0	-Z c-ffi -Z stubbing --c-lib c/pg_int_arith.c --solver kissat --exact	green	unmeasured	?	concrete divisor spot; name repaired
int-arith	proofs::spot_int42div_bneg1	-Z c-ffi -Z stubbing --c-lib c/pg_int_arith.c --solver kissat --exact	green	unmeasured	?	concrete divisor spot; name repaired
int-arith	proofs::spot_int42div_b1	-Z c-ffi -Z stubbing --c-lib c/pg_int_arith.c --solver kissat --exact	green	unmeasured	?	concrete divisor spot; name repaired
int-arith	proofs::spot_int8div_b0	-Z c-ffi -Z stubbing --c-lib c/pg_int_arith.c --solver kissat --exact	green	unmeasured	?	concrete divisor spot; name repaired
int-arith	proofs::spot_int8div_bneg1	-Z c-ffi -Z stubbing --c-lib c/pg_int_arith.c --solver kissat --exact	green	unmeasured	?	concrete divisor spot; name repaired
int-arith	proofs::spot_int8div_b1	-Z c-ffi -Z stubbing --c-lib c/pg_int_arith.c --solver kissat --exact	green	unmeasured	?	concrete divisor spot; name repaired
int-arith	proofs::spot_int84div_b0	-Z c-ffi -Z stubbing --c-lib c/pg_int_arith.c --solver kissat --exact	green	unmeasured	?	concrete divisor spot; name repaired
int-arith	proofs::spot_int84div_bneg1	-Z c-ffi -Z stubbing --c-lib c/pg_int_arith.c --solver kissat --exact	green	unmeasured	?	concrete divisor spot; name repaired
int-arith	proofs::spot_int84div_b1	-Z c-ffi -Z stubbing --c-lib c/pg_int_arith.c --solver kissat --exact	green	unmeasured	?	concrete divisor spot; name repaired
int-arith	proofs::spot_int48div_b0	-Z c-ffi -Z stubbing --c-lib c/pg_int_arith.c --solver kissat --exact	green	unmeasured	?	concrete divisor spot; name repaired
int-arith	proofs::spot_int48div_bneg1	-Z c-ffi -Z stubbing --c-lib c/pg_int_arith.c --solver kissat --exact	green	unmeasured	?	concrete divisor spot; name repaired
int-arith	proofs::spot_int48div_b1	-Z c-ffi -Z stubbing --c-lib c/pg_int_arith.c --solver kissat --exact	green	unmeasured	?	concrete divisor spot; name repaired
int-arith	proofs::spot_int82div_b0	-Z c-ffi -Z stubbing --c-lib c/pg_int_arith.c --solver kissat --exact	green	unmeasured	?	concrete divisor spot; name repaired
int-arith	proofs::spot_int82div_bneg1	-Z c-ffi -Z stubbing --c-lib c/pg_int_arith.c --solver kissat --exact	green	unmeasured	?	concrete divisor spot; name repaired
int-arith	proofs::spot_int82div_b1	-Z c-ffi -Z stubbing --c-lib c/pg_int_arith.c --solver kissat --exact	green	unmeasured	?	concrete divisor spot; name repaired
int-arith	proofs::spot_int28div_b0	-Z c-ffi -Z stubbing --c-lib c/pg_int_arith.c --solver kissat --exact	green	unmeasured	?	concrete divisor spot; name repaired
int-arith	proofs::spot_int28div_bneg1	-Z c-ffi -Z stubbing --c-lib c/pg_int_arith.c --solver kissat --exact	green	unmeasured	?	concrete divisor spot; name repaired
int-arith	proofs::spot_int28div_b1	-Z c-ffi -Z stubbing --c-lib c/pg_int_arith.c --solver kissat --exact	green	unmeasured	?	concrete divisor spot; name repaired
int-arith	proofs::spot_int2mod_b0	-Z c-ffi -Z stubbing --c-lib c/pg_int_arith.c --solver kissat --exact	green	unmeasured	?	concrete divisor spot; name repaired
int-arith	proofs::spot_int2mod_bneg1	-Z c-ffi -Z stubbing --c-lib c/pg_int_arith.c --solver kissat --exact	green	unmeasured	?	concrete divisor spot; name repaired
int-arith	proofs::spot_int2mod_b1	-Z c-ffi -Z stubbing --c-lib c/pg_int_arith.c --solver kissat --exact	green	unmeasured	?	concrete divisor spot; name repaired
int-arith	proofs::spot_int4mod_b0	-Z c-ffi -Z stubbing --c-lib c/pg_int_arith.c --solver kissat --exact	green	unmeasured	?	concrete divisor spot; name repaired
int-arith	proofs::spot_int4mod_bneg1	-Z c-ffi -Z stubbing --c-lib c/pg_int_arith.c --solver kissat --exact	green	unmeasured	?	concrete divisor spot; name repaired
int-arith	proofs::spot_int4mod_b1	-Z c-ffi -Z stubbing --c-lib c/pg_int_arith.c --solver kissat --exact	green	unmeasured	?	concrete divisor spot; name repaired
int-arith	proofs::spot_int8mod_b0	-Z c-ffi -Z stubbing --c-lib c/pg_int_arith.c --solver kissat --exact	green	unmeasured	?	concrete divisor spot; name repaired
int-arith	proofs::spot_int8mod_bneg1	-Z c-ffi -Z stubbing --c-lib c/pg_int_arith.c --solver kissat --exact	green	unmeasured	?	concrete divisor spot; name repaired
int-arith	proofs::spot_int8mod_b1	-Z c-ffi -Z stubbing --c-lib c/pg_int_arith.c --solver kissat --exact	green	unmeasured	?	concrete divisor spot; name repaired
int-arith	proofs::control_int4larger_vs_c_smaller	-Z c-ffi -Z stubbing --c-lib c/pg_int_arith.c --exact	must-fail	defect-witness	?	DEFAULT solver; name repaired
int-cmp	proofs::eq_int2eq	-Z c-ffi --c-lib c/pg_intcmp.c --exact --solver kissat	green	per-commit	0.03	results.txt 0.015-0.032s
int-cmp	proofs::eq_int2ne	-Z c-ffi --c-lib c/pg_intcmp.c --exact --solver kissat	green	per-commit	0.03	results.txt 0.015-0.032s
int-cmp	proofs::eq_int2lt	-Z c-ffi --c-lib c/pg_intcmp.c --exact --solver kissat	green	per-commit	0.03	results.txt 0.015-0.032s
int-cmp	proofs::eq_int2le	-Z c-ffi --c-lib c/pg_intcmp.c --exact --solver kissat	green	per-commit	0.03	results.txt 0.015-0.032s
int-cmp	proofs::eq_int2gt	-Z c-ffi --c-lib c/pg_intcmp.c --exact --solver kissat	green	per-commit	0.03	results.txt 0.015-0.032s
int-cmp	proofs::eq_int2ge	-Z c-ffi --c-lib c/pg_intcmp.c --exact --solver kissat	green	per-commit	0.03	results.txt 0.015-0.032s
int-cmp	proofs::eq_int4eq	-Z c-ffi --c-lib c/pg_intcmp.c --exact --solver kissat	green	per-commit	0.03	results.txt 0.015-0.032s
int-cmp	proofs::eq_int4ne	-Z c-ffi --c-lib c/pg_intcmp.c --exact --solver kissat	green	per-commit	0.03	results.txt 0.015-0.032s
int-cmp	proofs::eq_int4lt	-Z c-ffi --c-lib c/pg_intcmp.c --exact --solver kissat	green	per-commit	0.03	results.txt 0.015-0.032s
int-cmp	proofs::eq_int4le	-Z c-ffi --c-lib c/pg_intcmp.c --exact --solver kissat	green	per-commit	0.03	results.txt 0.015-0.032s
int-cmp	proofs::eq_int4gt	-Z c-ffi --c-lib c/pg_intcmp.c --exact --solver kissat	green	per-commit	0.03	results.txt 0.015-0.032s
int-cmp	proofs::eq_int4ge	-Z c-ffi --c-lib c/pg_intcmp.c --exact --solver kissat	green	per-commit	0.03	results.txt 0.015-0.032s
int-cmp	proofs::eq_int24eq	-Z c-ffi --c-lib c/pg_intcmp.c --exact --solver kissat	green	per-commit	0.03	results.txt 0.015-0.032s
int-cmp	proofs::eq_int24ne	-Z c-ffi --c-lib c/pg_intcmp.c --exact --solver kissat	green	per-commit	0.03	results.txt 0.015-0.032s
int-cmp	proofs::eq_int24lt	-Z c-ffi --c-lib c/pg_intcmp.c --exact --solver kissat	green	per-commit	0.03	results.txt 0.015-0.032s
int-cmp	proofs::eq_int24le	-Z c-ffi --c-lib c/pg_intcmp.c --exact --solver kissat	green	per-commit	0.03	results.txt 0.015-0.032s
int-cmp	proofs::eq_int24gt	-Z c-ffi --c-lib c/pg_intcmp.c --exact --solver kissat	green	per-commit	0.03	results.txt 0.015-0.032s
int-cmp	proofs::eq_int24ge	-Z c-ffi --c-lib c/pg_intcmp.c --exact --solver kissat	green	per-commit	0.03	results.txt 0.015-0.032s
int-cmp	proofs::eq_int42eq	-Z c-ffi --c-lib c/pg_intcmp.c --exact --solver kissat	green	per-commit	0.03	results.txt 0.015-0.032s
int-cmp	proofs::eq_int42ne	-Z c-ffi --c-lib c/pg_intcmp.c --exact --solver kissat	green	per-commit	0.03	results.txt 0.015-0.032s
int-cmp	proofs::eq_int42lt	-Z c-ffi --c-lib c/pg_intcmp.c --exact --solver kissat	green	per-commit	0.03	results.txt 0.015-0.032s
int-cmp	proofs::eq_int42le	-Z c-ffi --c-lib c/pg_intcmp.c --exact --solver kissat	green	per-commit	0.03	results.txt 0.015-0.032s
int-cmp	proofs::eq_int42gt	-Z c-ffi --c-lib c/pg_intcmp.c --exact --solver kissat	green	per-commit	0.03	results.txt 0.015-0.032s
int-cmp	proofs::eq_int42ge	-Z c-ffi --c-lib c/pg_intcmp.c --exact --solver kissat	green	per-commit	0.03	results.txt 0.015-0.032s
int-cmp	proofs::eq_int8eq	-Z c-ffi --c-lib c/pg_intcmp.c --exact --solver kissat	green	per-commit	0.03	results.txt 0.015-0.032s
int-cmp	proofs::eq_int8ne	-Z c-ffi --c-lib c/pg_intcmp.c --exact --solver kissat	green	per-commit	0.03	results.txt 0.015-0.032s
int-cmp	proofs::eq_int8lt	-Z c-ffi --c-lib c/pg_intcmp.c --exact --solver kissat	green	per-commit	0.03	results.txt 0.015-0.032s
int-cmp	proofs::eq_int8le	-Z c-ffi --c-lib c/pg_intcmp.c --exact --solver kissat	green	per-commit	0.03	results.txt 0.015-0.032s
int-cmp	proofs::eq_int8gt	-Z c-ffi --c-lib c/pg_intcmp.c --exact --solver kissat	green	per-commit	0.03	results.txt 0.015-0.032s
int-cmp	proofs::eq_int8ge	-Z c-ffi --c-lib c/pg_intcmp.c --exact --solver kissat	green	per-commit	0.03	results.txt 0.015-0.032s
int-cmp	proofs::eq_int84eq	-Z c-ffi --c-lib c/pg_intcmp.c --exact --solver kissat	green	per-commit	0.03	results.txt 0.015-0.032s
int-cmp	proofs::eq_int84ne	-Z c-ffi --c-lib c/pg_intcmp.c --exact --solver kissat	green	per-commit	0.03	results.txt 0.015-0.032s
int-cmp	proofs::eq_int84lt	-Z c-ffi --c-lib c/pg_intcmp.c --exact --solver kissat	green	per-commit	0.03	results.txt 0.015-0.032s
int-cmp	proofs::eq_int84le	-Z c-ffi --c-lib c/pg_intcmp.c --exact --solver kissat	green	per-commit	0.03	results.txt 0.015-0.032s
int-cmp	proofs::eq_int84gt	-Z c-ffi --c-lib c/pg_intcmp.c --exact --solver kissat	green	per-commit	0.03	results.txt 0.015-0.032s
int-cmp	proofs::eq_int84ge	-Z c-ffi --c-lib c/pg_intcmp.c --exact --solver kissat	green	per-commit	0.03	results.txt 0.015-0.032s
int-cmp	proofs::eq_int48eq	-Z c-ffi --c-lib c/pg_intcmp.c --exact --solver kissat	green	per-commit	0.03	results.txt 0.015-0.032s
int-cmp	proofs::eq_int48ne	-Z c-ffi --c-lib c/pg_intcmp.c --exact --solver kissat	green	per-commit	0.03	results.txt 0.015-0.032s
int-cmp	proofs::eq_int48lt	-Z c-ffi --c-lib c/pg_intcmp.c --exact --solver kissat	green	per-commit	0.03	results.txt 0.015-0.032s
int-cmp	proofs::eq_int48le	-Z c-ffi --c-lib c/pg_intcmp.c --exact --solver kissat	green	per-commit	0.03	results.txt 0.015-0.032s
int-cmp	proofs::eq_int48gt	-Z c-ffi --c-lib c/pg_intcmp.c --exact --solver kissat	green	per-commit	0.03	results.txt 0.015-0.032s
int-cmp	proofs::eq_int48ge	-Z c-ffi --c-lib c/pg_intcmp.c --exact --solver kissat	green	per-commit	0.03	results.txt 0.015-0.032s
int-cmp	proofs::eq_int82eq	-Z c-ffi --c-lib c/pg_intcmp.c --exact --solver kissat	green	per-commit	0.03	results.txt 0.015-0.032s
int-cmp	proofs::eq_int82ne	-Z c-ffi --c-lib c/pg_intcmp.c --exact --solver kissat	green	per-commit	0.03	results.txt 0.015-0.032s
int-cmp	proofs::eq_int82lt	-Z c-ffi --c-lib c/pg_intcmp.c --exact --solver kissat	green	per-commit	0.03	results.txt 0.015-0.032s
int-cmp	proofs::eq_int82le	-Z c-ffi --c-lib c/pg_intcmp.c --exact --solver kissat	green	per-commit	0.03	results.txt 0.015-0.032s
int-cmp	proofs::eq_int82gt	-Z c-ffi --c-lib c/pg_intcmp.c --exact --solver kissat	green	per-commit	0.03	results.txt 0.015-0.032s
int-cmp	proofs::eq_int82ge	-Z c-ffi --c-lib c/pg_intcmp.c --exact --solver kissat	green	per-commit	0.03	results.txt 0.015-0.032s
int-cmp	proofs::eq_int28eq	-Z c-ffi --c-lib c/pg_intcmp.c --exact --solver kissat	green	per-commit	0.03	results.txt 0.015-0.032s
int-cmp	proofs::eq_int28ne	-Z c-ffi --c-lib c/pg_intcmp.c --exact --solver kissat	green	per-commit	0.03	results.txt 0.015-0.032s
int-cmp	proofs::eq_int28lt	-Z c-ffi --c-lib c/pg_intcmp.c --exact --solver kissat	green	per-commit	0.03	results.txt 0.015-0.032s
int-cmp	proofs::eq_int28le	-Z c-ffi --c-lib c/pg_intcmp.c --exact --solver kissat	green	per-commit	0.03	results.txt 0.015-0.032s
int-cmp	proofs::eq_int28gt	-Z c-ffi --c-lib c/pg_intcmp.c --exact --solver kissat	green	per-commit	0.03	results.txt 0.015-0.032s
int-cmp	proofs::eq_int28ge	-Z c-ffi --c-lib c/pg_intcmp.c --exact --solver kissat	green	per-commit	0.03	results.txt 0.015-0.032s
int-cmp	proofs::eq_oideq	-Z c-ffi --c-lib c/pg_intcmp.c --exact --solver kissat	green	per-commit	0.03	results.txt 0.015-0.032s
int-cmp	proofs::eq_oidne	-Z c-ffi --c-lib c/pg_intcmp.c --exact --solver kissat	green	per-commit	0.03	results.txt 0.015-0.032s
int-cmp	proofs::eq_oidlt	-Z c-ffi --c-lib c/pg_intcmp.c --exact --solver kissat	green	per-commit	0.03	results.txt 0.015-0.032s
int-cmp	proofs::eq_oidle	-Z c-ffi --c-lib c/pg_intcmp.c --exact --solver kissat	green	per-commit	0.03	results.txt 0.015-0.032s
int-cmp	proofs::eq_oidgt	-Z c-ffi --c-lib c/pg_intcmp.c --exact --solver kissat	green	per-commit	0.03	results.txt 0.015-0.032s
int-cmp	proofs::eq_oidge	-Z c-ffi --c-lib c/pg_intcmp.c --exact --solver kissat	green	per-commit	0.03	results.txt 0.015-0.032s
int-cmp	proofs::eq_btint2cmp	-Z c-ffi --c-lib c/pg_intcmp.c --exact --solver kissat	green	per-commit	0.03	results.txt
int-cmp	proofs::eq_btint4cmp	-Z c-ffi --c-lib c/pg_intcmp.c --exact --solver kissat	green	per-commit	0.03	results.txt
int-cmp	proofs::eq_btint8cmp	-Z c-ffi --c-lib c/pg_intcmp.c --exact --solver kissat	green	per-commit	0.03	results.txt
int-cmp	proofs::eq_btoidcmp	-Z c-ffi --c-lib c/pg_intcmp.c --exact --solver kissat	green	per-commit	0.03	results.txt
int-cmp	proofs::neg_control_int4lt_is_not_le	-Z c-ffi --c-lib c/pg_intcmp.c --exact	must-fail	defect-witness	0.01	DEFAULT solver; failed as designed
interval-cmp	eq_interval_eq_m0	-Z c-ffi --c-lib c/pg_interval_cmp.c --solver kissat	green	unmeasured	?	no recorded per-harness time
interval-cmp	eq_interval_eq_band	-Z c-ffi --c-lib c/pg_interval_cmp.c --solver kissat	green	unmeasured	?	no recorded per-harness time
interval-cmp	eq_interval_eq_spots	-Z c-ffi --c-lib c/pg_interval_cmp.c --solver kissat	green	unmeasured	?	no recorded per-harness time
interval-cmp	eq_interval_ne_m0	-Z c-ffi --c-lib c/pg_interval_cmp.c --solver kissat	green	unmeasured	?	no recorded per-harness time
interval-cmp	eq_interval_ne_band	-Z c-ffi --c-lib c/pg_interval_cmp.c --solver kissat	green	unmeasured	?	no recorded per-harness time
interval-cmp	eq_interval_ne_spots	-Z c-ffi --c-lib c/pg_interval_cmp.c --solver kissat	green	unmeasured	?	no recorded per-harness time
interval-cmp	eq_interval_lt_m0	-Z c-ffi --c-lib c/pg_interval_cmp.c --solver kissat	green	unmeasured	?	no recorded per-harness time
interval-cmp	eq_interval_lt_band	-Z c-ffi --c-lib c/pg_interval_cmp.c --solver kissat	green	unmeasured	?	no recorded per-harness time
interval-cmp	eq_interval_lt_spots	-Z c-ffi --c-lib c/pg_interval_cmp.c --solver kissat	green	unmeasured	?	no recorded per-harness time
interval-cmp	eq_interval_gt_m0	-Z c-ffi --c-lib c/pg_interval_cmp.c --solver kissat	green	unmeasured	?	no recorded per-harness time
interval-cmp	eq_interval_gt_band	-Z c-ffi --c-lib c/pg_interval_cmp.c --solver kissat	green	unmeasured	?	no recorded per-harness time
interval-cmp	eq_interval_gt_spots	-Z c-ffi --c-lib c/pg_interval_cmp.c --solver kissat	green	unmeasured	?	no recorded per-harness time
interval-cmp	eq_interval_le_m0	-Z c-ffi --c-lib c/pg_interval_cmp.c --solver kissat	green	unmeasured	?	no recorded per-harness time
interval-cmp	eq_interval_le_band	-Z c-ffi --c-lib c/pg_interval_cmp.c --solver kissat	green	unmeasured	?	no recorded per-harness time
interval-cmp	eq_interval_le_spots	-Z c-ffi --c-lib c/pg_interval_cmp.c --solver kissat	green	unmeasured	?	no recorded per-harness time
interval-cmp	eq_interval_ge_m0	-Z c-ffi --c-lib c/pg_interval_cmp.c --solver kissat	green	unmeasured	?	no recorded per-harness time
interval-cmp	eq_interval_ge_band	-Z c-ffi --c-lib c/pg_interval_cmp.c --solver kissat	green	unmeasured	?	no recorded per-harness time
interval-cmp	eq_interval_ge_spots	-Z c-ffi --c-lib c/pg_interval_cmp.c --solver kissat	green	unmeasured	?	no recorded per-harness time
interval-cmp	eq_interval_cmp_m0	-Z c-ffi --c-lib c/pg_interval_cmp.c --solver kissat	green	unmeasured	?	no recorded per-harness time
interval-cmp	eq_interval_cmp_band	-Z c-ffi --c-lib c/pg_interval_cmp.c --solver kissat	green	unmeasured	?	no recorded per-harness time
interval-cmp	eq_interval_cmp_spots	-Z c-ffi --c-lib c/pg_interval_cmp.c --solver kissat	green	unmeasured	?	no recorded per-harness time
interval-cmp	eq_interval_smaller_m0	-Z c-ffi --c-lib c/pg_interval_cmp.c --solver kissat	green	unmeasured	?	no recorded per-harness time
interval-cmp	eq_interval_smaller_band	-Z c-ffi --c-lib c/pg_interval_cmp.c --solver kissat	green	unmeasured	?	no recorded per-harness time
interval-cmp	eq_interval_smaller_spots	-Z c-ffi --c-lib c/pg_interval_cmp.c --solver kissat	green	unmeasured	?	no recorded per-harness time
interval-cmp	eq_interval_larger_m0	-Z c-ffi --c-lib c/pg_interval_cmp.c --solver kissat	green	unmeasured	?	no recorded per-harness time
interval-cmp	eq_interval_larger_band	-Z c-ffi --c-lib c/pg_interval_cmp.c --solver kissat	green	unmeasured	?	no recorded per-harness time
interval-cmp	eq_interval_larger_spots	-Z c-ffi --c-lib c/pg_interval_cmp.c --solver kissat	green	unmeasured	?	no recorded per-harness time
interval-cmp	cal_interval_cmp_band1e6	-Z c-ffi --c-lib c/pg_interval_cmp.c --solver kissat	green	calibration	34	calibration harness, NOT standing
interval-cmp	control_interval_lt_vs_c_le	-Z c-ffi --c-lib c/pg_interval_cmp.c	must-fail	defect-witness	?	DEFAULT solver
intout	eq_itoa_i16_small	-Z c-ffi --c-lib c/pg_intout.c --solver kissat	green	unmeasured	?	split to stay in 10s budget
intout	eq_itoa_i16_big	-Z c-ffi --c-lib c/pg_intout.c --solver kissat	green	unmeasured	?	split to stay in 10s budget
intout	cover_itoa_i16_split	-Z c-ffi --c-lib c/pg_intout.c --solver kissat	green	unmeasured	?	split to stay in 10s budget
intout	eq_ultoa_n_u32_r1_lt1e4	-Z c-ffi --c-lib c/pg_intout.c --solver kissat	green	unmeasured	?	split to stay in 10s budget
intout	eq_ultoa_n_u32_d7a	-Z c-ffi --c-lib c/pg_intout.c --solver kissat	green	unmeasured	?	split to stay in 10s budget
intout	eq_ultoa_n_u32_d7b	-Z c-ffi --c-lib c/pg_intout.c --solver kissat	green	unmeasured	?	split to stay in 10s budget
intout	cover_ultoa_n_u32_split	-Z c-ffi --c-lib c/pg_intout.c --solver kissat	green	unmeasured	?	split to stay in 10s budget
intout	eq_ultoa_n_u32_spots	-Z c-ffi --c-lib c/pg_intout.c --solver kissat	green	unmeasured	?	split to stay in 10s budget
intout	eq_ltoa_i32_abs_lt1e6	-Z c-ffi --c-lib c/pg_intout.c --solver kissat	green	unmeasured	?	split to stay in 10s budget
intout	eq_ltoa_i32_spots	-Z c-ffi --c-lib c/pg_intout.c --solver kissat	green	unmeasured	?	split to stay in 10s budget
intout	eq_ulltoa_n_u64_r1_lt1e4	-Z c-ffi --c-lib c/pg_intout.c --solver kissat	green	unmeasured	?	split to stay in 10s budget
intout	eq_ulltoa_n_u64_d5	-Z c-ffi --c-lib c/pg_intout.c --solver kissat	green	unmeasured	?	split to stay in 10s budget
intout	eq_ulltoa_n_u64_d6	-Z c-ffi --c-lib c/pg_intout.c --solver kissat	green	unmeasured	?	split to stay in 10s budget
intout	eq_ulltoa_n_u64_d7a	-Z c-ffi --c-lib c/pg_intout.c --solver kissat	green	unmeasured	?	split to stay in 10s budget
intout	eq_ulltoa_n_u64_d7b	-Z c-ffi --c-lib c/pg_intout.c --solver kissat	green	unmeasured	?	split to stay in 10s budget
intout	cover_ulltoa_n_u64_split	-Z c-ffi --c-lib c/pg_intout.c --solver kissat	green	unmeasured	?	split to stay in 10s budget
intout	eq_ulltoa_n_u64_spots	-Z c-ffi --c-lib c/pg_intout.c --solver kissat	green	unmeasured	?	split to stay in 10s budget
intout	eq_lltoa_i64_neg_1e6	-Z c-ffi --c-lib c/pg_intout.c --solver kissat	green	unmeasured	?	split to stay in 10s budget
intout	eq_lltoa_i64_pos_1e6	-Z c-ffi --c-lib c/pg_intout.c --solver kissat	green	unmeasured	?	split to stay in 10s budget
intout	cover_lltoa_i64_split	-Z c-ffi --c-lib c/pg_intout.c --solver kissat	green	unmeasured	?	split to stay in 10s budget
intout	eq_lltoa_i64_spots	-Z c-ffi --c-lib c/pg_intout.c --solver kissat	green	unmeasured	?	split to stay in 10s budget
intout	eq_ultoa_n_u32_d5	-Z c-ffi --c-lib c/pg_intout.c --solver kissat	green	per-commit	4.1	
intout	eq_ultoa_n_u32_d6	-Z c-ffi --c-lib c/pg_intout.c --solver kissat	green	per-commit	6.6	
intout	wall_probe_ultoa_n_u32_d8a	-Z c-ffi --c-lib c/pg_intout.c --solver kissat	wall-recorded	calibration	?	>30s WALL; not in run-all.sh
intout	wall_probe_ultoa_n_u32_d8b	-Z c-ffi --c-lib c/pg_intout.c --solver kissat	wall-recorded	calibration	28.2	GREEN once 28.2s, boundary-flaky; not standing
intout	control_intout_mismatch	-Z c-ffi --c-lib c/pg_intout.c	must-fail	defect-witness	?	run manually; DEFAULT solver by convention
json-escape	census_len1_with_len	-Z c-ffi --c-lib c/pg_escape.c --solver kissat	wall-recorded	calibration	?	wall(memory >6GiB prop-reduction, both solvers; symex wall BROKEN by mcx-stubs+grow 2026-07-28); census stands tested(differential)
json-escape	census_len2_with_len	-Z c-ffi --c-lib c/pg_escape.c --solver kissat	wall-recorded	calibration	?	wall(memory >6GiB prop-reduction, both solvers; symex wall BROKEN by mcx-stubs+grow 2026-07-28); census stands tested(differential)
json-escape	census_len3_with_len	-Z c-ffi --c-lib c/pg_escape.c --solver kissat	wall-recorded	calibration	?	wall(memory >6GiB prop-reduction, both solvers; symex wall BROKEN by mcx-stubs+grow 2026-07-28); census stands tested(differential)
json-escape	census_len4_with_len	-Z c-ffi --c-lib c/pg_escape.c --solver kissat	wall-recorded	calibration	?	wall(memory >6GiB prop-reduction, both solvers; symex wall BROKEN by mcx-stubs+grow 2026-07-28); census stands tested(differential)
json-escape	census_len1_cstr	-Z c-ffi --c-lib c/pg_escape.c --solver kissat	wall-recorded	calibration	?	symbolic cstr witness memory-walled; NUL-truncation class now machine-checked by control_cstr_nul_concrete_must_fail
json-escape	census_len1_cstr_r2	-Z c-ffi --c-lib c/pg_escape.c --solver kissat	wall-recorded	calibration	?	memory-walled (prop-reduction >6GiB), 2026-07-28 rig
jsonb-probe	eq_typeof_array_n0	-Z c-ffi -Z stubbing --c-lib c/pg_jsonb.c	green	unmeasured	?	default solver per run-all.sh (recipe of record; kissat was an exploration workaround, reconciled 2026-07-28)
jsonb-probe	eq_typeof_array_n1	-Z c-ffi -Z stubbing --c-lib c/pg_jsonb.c	green	unmeasured	?	default solver per run-all.sh (recipe of record; kissat was an exploration workaround, reconciled 2026-07-28)
jsonb-probe	eq_typeof_array_n2	-Z c-ffi -Z stubbing --c-lib c/pg_jsonb.c	green	unmeasured	?	default solver per run-all.sh (recipe of record; kissat was an exploration workaround, reconciled 2026-07-28)
jsonb-probe	eq_typeof_object_n0	-Z c-ffi -Z stubbing --c-lib c/pg_jsonb.c	green	unmeasured	?	default solver per run-all.sh (recipe of record; kissat was an exploration workaround, reconciled 2026-07-28)
jsonb-probe	eq_typeof_object_n1	-Z c-ffi -Z stubbing --c-lib c/pg_jsonb.c	green	unmeasured	?	default solver per run-all.sh (recipe of record; kissat was an exploration workaround, reconciled 2026-07-28)
jsonb-probe	eq_typeof_object_n2	-Z c-ffi -Z stubbing --c-lib c/pg_jsonb.c	green	unmeasured	?	default solver per run-all.sh (recipe of record; kissat was an exploration workaround, reconciled 2026-07-28)
jsonb-probe	eq_array_element_n0	-Z c-ffi -Z stubbing --c-lib c/pg_jsonb.c	green	unmeasured	?	default solver per run-all.sh (recipe of record; kissat was an exploration workaround, reconciled 2026-07-28)
jsonb-probe	eq_array_element_n1	-Z c-ffi -Z stubbing --c-lib c/pg_jsonb.c	green	unmeasured	?	default solver per run-all.sh (recipe of record; kissat was an exploration workaround, reconciled 2026-07-28)
jsonb-probe	eq_array_element_n2	-Z c-ffi -Z stubbing --c-lib c/pg_jsonb.c	green	unmeasured	?	default solver per run-all.sh (recipe of record; kissat was an exploration workaround, reconciled 2026-07-28)
jsonb-probe	eq_array_element_n3	-Z c-ffi -Z stubbing --c-lib c/pg_jsonb.c	green	unmeasured	?	default solver per run-all.sh (recipe of record; kissat was an exploration workaround, reconciled 2026-07-28)
jsonb-probe	eq_array_element_raw	-Z c-ffi -Z stubbing --c-lib c/pg_jsonb.c	green	unmeasured	?	default solver per run-all.sh (recipe of record; kissat was an exploration workaround, reconciled 2026-07-28)
jsonb-probe	eq_exists_array_n0	-Z c-ffi -Z stubbing --c-lib c/pg_jsonb.c	green	unmeasured	?	default solver per run-all.sh (recipe of record; kissat was an exploration workaround, reconciled 2026-07-28)
jsonb-probe	eq_typeof_scalar	-Z c-ffi -Z stubbing --c-lib c/pg_jsonb.c	green	unmeasured	?	DEFAULT solver (run scripts, measured; module doc stale)
jsonb-probe	eq_arraylen_array_n0	-Z c-ffi -Z stubbing --c-lib c/pg_jsonb.c	green	unmeasured	?	DEFAULT solver (run scripts, measured; module doc stale)
jsonb-probe	eq_arraylen_array_n3	-Z c-ffi -Z stubbing --c-lib c/pg_jsonb.c	green	unmeasured	?	DEFAULT solver (run scripts, measured; module doc stale)
jsonb-probe	eq_arraylen_scalar	-Z c-ffi -Z stubbing --c-lib c/pg_jsonb.c	green	unmeasured	?	DEFAULT solver (run scripts, measured; module doc stale)
jsonb-probe	eq_arraylen_object_n0	-Z c-ffi -Z stubbing --c-lib c/pg_jsonb.c	green	unmeasured	?	DEFAULT solver (run scripts, measured; module doc stale)
jsonb-probe	eq_arraylen_object_n2	-Z c-ffi -Z stubbing --c-lib c/pg_jsonb.c	green	unmeasured	?	DEFAULT solver (run scripts, measured; module doc stale)
jsonb-probe	eq_object_field_n0	-Z c-ffi -Z stubbing --c-lib c/pg_jsonb.c	green	unmeasured	?	DEFAULT solver (run scripts, measured; module doc stale)
jsonb-probe	eq_object_field_n1	-Z c-ffi -Z stubbing --c-lib c/pg_jsonb.c	green	unmeasured	?	DEFAULT solver (run scripts, measured; module doc stale)
jsonb-probe	eq_object_field_n2_eqlen	-Z c-ffi -Z stubbing --c-lib c/pg_jsonb.c	green	unmeasured	?	DEFAULT solver (run scripts, measured; module doc stale)
jsonb-probe	eq_object_field_n2_mixlen	-Z c-ffi -Z stubbing --c-lib c/pg_jsonb.c	green	unmeasured	?	DEFAULT solver (run scripts, measured; module doc stale)
jsonb-probe	eq_object_field_n3	-Z c-ffi -Z stubbing --c-lib c/pg_jsonb.c	green	unmeasured	?	DEFAULT solver (run scripts, measured; module doc stale)
jsonb-probe	eq_exists_object_n0	-Z c-ffi -Z stubbing --c-lib c/pg_jsonb.c	green	unmeasured	?	DEFAULT solver (run scripts, measured; module doc stale)
jsonb-probe	eq_exists_object_n1	-Z c-ffi -Z stubbing --c-lib c/pg_jsonb.c	green	unmeasured	?	DEFAULT solver (run scripts, measured; module doc stale)
jsonb-probe	eq_exists_object_n2_eqlen	-Z c-ffi -Z stubbing --c-lib c/pg_jsonb.c	green	unmeasured	?	DEFAULT solver (run scripts, measured; module doc stale)
jsonb-probe	eq_exists_object_n2_mixlen	-Z c-ffi -Z stubbing --c-lib c/pg_jsonb.c	green	unmeasured	?	DEFAULT solver (run scripts, measured; module doc stale)
jsonb-probe	eq_exists_object_n3	-Z c-ffi -Z stubbing --c-lib c/pg_jsonb.c	green	unmeasured	?	DEFAULT solver (run scripts, measured; module doc stale)
jsonb-probe	eq_exists_array_n1	-Z c-ffi -Z stubbing --c-lib c/pg_jsonb.c	green	unmeasured	?	DEFAULT solver (run scripts, measured; module doc stale)
jsonb-probe	eq_exists_array_n2	-Z c-ffi -Z stubbing --c-lib c/pg_jsonb.c	green	unmeasured	?	DEFAULT solver (run scripts, measured; module doc stale)
jsonb-probe	eq_exists_array_n3	-Z c-ffi -Z stubbing --c-lib c/pg_jsonb.c	green	unmeasured	?	DEFAULT solver (run scripts, measured; module doc stale)
jsonb-probe	eq_exists_array_raw	-Z c-ffi -Z stubbing --c-lib c/pg_jsonb.c	green	unmeasured	?	DEFAULT solver (run scripts, measured; module doc stale)
jsonb-probe	eq_cmp_bool_0_0	-Z c-ffi -Z stubbing --c-lib c/pg_jsonb.c	green	unmeasured	?	DEFAULT solver (run scripts, measured; module doc stale)
jsonb-probe	eq_cmp_bool_1_1	-Z c-ffi -Z stubbing --c-lib c/pg_jsonb.c	green	unmeasured	?	DEFAULT solver (run scripts, measured; module doc stale)
jsonb-probe	eq_cmp_bool_2_2	-Z c-ffi -Z stubbing --c-lib c/pg_jsonb.c	green	unmeasured	?	DEFAULT solver (run scripts, measured; module doc stale)
jsonb-probe	eq_cmp_bool_1_2	-Z c-ffi -Z stubbing --c-lib c/pg_jsonb.c	green	unmeasured	?	DEFAULT solver (run scripts, measured; module doc stale)
jsonb-probe	eq_cmp_bool_raw_vs_arr	-Z c-ffi -Z stubbing --c-lib c/pg_jsonb.c	green	unmeasured	?	DEFAULT solver (run scripts, measured; module doc stale)
jsonb-probe	eq_cmp_bool_raw_raw	-Z c-ffi -Z stubbing --c-lib c/pg_jsonb.c	green	unmeasured	?	DEFAULT solver (run scripts, measured; module doc stale)
jsonb-probe	eq_cmp_string_1_1	-Z c-ffi -Z stubbing --c-lib c/pg_jsonb.c	green	unmeasured	?	DEFAULT solver (run scripts, measured; module doc stale)
jsonb-probe	eq_cmp_string_2_2	-Z c-ffi -Z stubbing --c-lib c/pg_jsonb.c	green	unmeasured	?	DEFAULT solver (run scripts, measured; module doc stale)
jsonb-probe	eq_cmp_obj_obj_0_0	-Z c-ffi -Z stubbing --c-lib c/pg_jsonb.c	green	unmeasured	?	DEFAULT solver (run scripts, measured; module doc stale)
jsonb-probe	eq_cmp_obj_obj_1_1	-Z c-ffi -Z stubbing --c-lib c/pg_jsonb.c	green	unmeasured	?	DEFAULT solver (run scripts, measured; module doc stale)
jsonb-probe	eq_cmp_obj_obj_2_2	-Z c-ffi -Z stubbing --c-lib c/pg_jsonb.c	green	unmeasured	?	DEFAULT solver (run scripts, measured; module doc stale)
jsonb-probe	eq_cmp_obj_obj_1_2	-Z c-ffi -Z stubbing --c-lib c/pg_jsonb.c	green	unmeasured	?	DEFAULT solver (run scripts, measured; module doc stale)
jsonb-probe	eq_cmp_obj_arr_1_1	-Z c-ffi -Z stubbing --c-lib c/pg_jsonb.c	green	unmeasured	?	DEFAULT solver (run scripts, measured; module doc stale)
jsonb-probe	probe_ctx_iter_cost	-Z c-ffi -Z stubbing --c-lib c/pg_jsonb.c	green	unmeasured	?	cost probe, not a parity claim
jsonb-probe	control_object_field_short_key	-Z c-ffi -Z stubbing --c-lib c/pg_jsonb.c	must-fail	defect-witness	?	DEFAULT solver
mac	macaddr_cmp_equiv	-Z c-ffi --c-lib csrc/mac_shim.c --solver kissat	green	per-commit	0.11	
mac	macaddr_out_equiv	-Z c-ffi --c-lib csrc/mac_shim.c --solver kissat	green	per-commit	0.47	
mac	eq_macaddr_not	-Z c-ffi --c-lib csrc/mac_shim.c --solver kissat	green	per-commit	0.33	
mac	eq_macaddr_and	-Z c-ffi --c-lib csrc/mac_shim.c --solver kissat	green	per-commit	0.19	
mac	eq_macaddr_or	-Z c-ffi --c-lib csrc/mac_shim.c --solver kissat	green	per-commit	0.19	
mac	eq_macaddr_trunc	-Z c-ffi --c-lib csrc/mac_shim.c --solver kissat	green	per-commit	0.05	
mac	eq_macaddr_lt	-Z c-ffi --c-lib csrc/mac_shim.c --solver kissat	green	per-commit	0.12	
mac	eq_macaddr_le	-Z c-ffi --c-lib csrc/mac_shim.c --solver kissat	green	per-commit	0.12	
mac	eq_macaddr_eq2	-Z c-ffi --c-lib csrc/mac_shim.c --solver kissat	green	per-commit	0.12	
mac	eq_macaddr_ge	-Z c-ffi --c-lib csrc/mac_shim.c --solver kissat	green	per-commit	0.12	
mac	eq_macaddr_gt	-Z c-ffi --c-lib csrc/mac_shim.c --solver kissat	green	per-commit	0.12	
mac	eq_macaddr_ne	-Z c-ffi --c-lib csrc/mac_shim.c --solver kissat	green	per-commit	0.12	
mac	eq_macaddr_in_len_0	-Z c-ffi -Z stubbing --c-lib csrc/mac_shim.c --no-assertion-reach-checks --solver kissat	green	per-commit	0.9	modulo documented glibc sscanf model
mac	eq_macaddr_in_len_1	-Z c-ffi -Z stubbing --c-lib csrc/mac_shim.c --no-assertion-reach-checks --solver kissat	green	release-gate	19	
mac	eq_macaddr_in_len_2	-Z c-ffi -Z stubbing --c-lib csrc/mac_shim.c --no-assertion-reach-checks --solver kissat	green	release-gate	65	documented release-gate tier
mac	eq_macaddr_in_len_3	-Z c-ffi -Z stubbing --c-lib csrc/mac_shim.c --no-assertion-reach-checks --solver kissat	green	release-gate	156	documented release-gate tier
mac	eq_macaddr_in_len_4	-Z c-ffi -Z stubbing --c-lib csrc/mac_shim.c --no-assertion-reach-checks --solver kissat	green	release-gate	258	documented release-gate tier; len>=5 recorded wall, no harness
mac	sym_in_len_coverage	-Z c-ffi --c-lib csrc/mac_shim.c --solver kissat	green	unmeasured	?	union coverage 0..=4
mac	wit_in_colon	-Z c-ffi -Z stubbing --c-lib csrc/mac_shim.c --no-assertion-reach-checks --solver kissat	green	unmeasured	?	concrete-format accept witness
mac	wit_in_dash	-Z c-ffi -Z stubbing --c-lib csrc/mac_shim.c --no-assertion-reach-checks --solver kissat	green	unmeasured	?	concrete-format accept witness
mac	wit_in_colon_triples	-Z c-ffi -Z stubbing --c-lib csrc/mac_shim.c --no-assertion-reach-checks --solver kissat	green	unmeasured	?	concrete-format accept witness
mac	wit_in_dash_triples	-Z c-ffi -Z stubbing --c-lib csrc/mac_shim.c --no-assertion-reach-checks --solver kissat	green	unmeasured	?	concrete-format accept witness
mac	wit_in_dot_doubles	-Z c-ffi -Z stubbing --c-lib csrc/mac_shim.c --no-assertion-reach-checks --solver kissat	green	unmeasured	?	concrete-format accept witness
mac	wit_in_dash_doubles	-Z c-ffi -Z stubbing --c-lib csrc/mac_shim.c --no-assertion-reach-checks --solver kissat	green	unmeasured	?	concrete-format accept witness
mac	wit_in_bare	-Z c-ffi -Z stubbing --c-lib csrc/mac_shim.c --no-assertion-reach-checks --solver kissat	green	unmeasured	?	concrete-format accept witness
mac	wit_in_ws	-Z c-ffi -Z stubbing --c-lib csrc/mac_shim.c --no-assertion-reach-checks --solver kissat	green	unmeasured	?	concrete-format accept witness
mac	wit_in_short	-Z c-ffi -Z stubbing --c-lib csrc/mac_shim.c --no-assertion-reach-checks --solver kissat	green	unmeasured	?	concrete-format accept witness
mac	wit_in_0x	-Z c-ffi -Z stubbing --c-lib csrc/mac_shim.c --no-assertion-reach-checks --solver kissat	green	unmeasured	?	concrete-format accept witness
mac	wit_in_div_9digit_trunc	-Z c-ffi -Z stubbing --c-lib csrc/mac_shim.c --no-assertion-reach-checks --solver kissat	green	unmeasured	?	pins ratified divergence; harness GREEN
mac	wit_in_div_neg_wrap	-Z c-ffi -Z stubbing --c-lib csrc/mac_shim.c --no-assertion-reach-checks --solver kissat	green	unmeasured	?	pins ratified divergence; harness GREEN
mac	control_macaddr_and_vs_c_or_must_fail	-Z c-ffi --c-lib csrc/mac_shim.c	must-fail	defect-witness	0.52	DEFAULT solver; counterexample decoded
mac8	eq_macaddr8_out	-Z c-ffi --c-lib csrc/mac8_shim.c --solver kissat	green	per-commit	0.72	
mac8	eq_macaddr8_cmp	-Z c-ffi --c-lib csrc/mac8_shim.c --solver kissat	green	per-commit	0.2	
mac8	eq_macaddr8_lt	-Z c-ffi --c-lib csrc/mac8_shim.c --solver kissat	green	per-commit	0.2	
mac8	eq_macaddr8_le	-Z c-ffi --c-lib csrc/mac8_shim.c --solver kissat	green	per-commit	0.2	
mac8	eq_macaddr8_eq	-Z c-ffi --c-lib csrc/mac8_shim.c --solver kissat	green	per-commit	0.2	
mac8	eq_macaddr8_ge	-Z c-ffi --c-lib csrc/mac8_shim.c --solver kissat	green	per-commit	0.2	
mac8	eq_macaddr8_gt	-Z c-ffi --c-lib csrc/mac8_shim.c --solver kissat	green	per-commit	0.2	
mac8	eq_macaddr8_ne	-Z c-ffi --c-lib csrc/mac8_shim.c --solver kissat	green	per-commit	0.2	
mac8	eq_macaddr8_in_sym_len_0_12	-Z c-ffi --c-lib csrc/mac8_shim.c	green	per-commit	9.7	DEFAULT solver required (kissat walls)
mac8	eq_macaddr8_in_sym_len_13_18	-Z c-ffi --c-lib csrc/mac8_shim.c	green	release-gate	17.1	over 10s target, under 30s cap
mac8	eq_macaddr8_in_sym_len_19_22	-Z c-ffi --c-lib csrc/mac8_shim.c	green	release-gate	21.6	
mac8	eq_macaddr8_in_sym_len_23_25	-Z c-ffi --c-lib csrc/mac8_shim.c	green	release-gate	26.0	
mac8	sym_in_band_coverage	-Z c-ffi --c-lib csrc/mac8_shim.c --solver kissat	green	per-commit	0.05	union coverage 0..=25
mac8	wit_in_colon64	-Z c-ffi --c-lib csrc/mac8_shim.c --solver kissat	green	per-commit	0.94	
mac8	wit_in_dash64	-Z c-ffi --c-lib csrc/mac8_shim.c --solver kissat	green	per-commit	0.94	
mac8	wit_in_dot64	-Z c-ffi --c-lib csrc/mac8_shim.c --solver kissat	green	per-commit	0.94	
mac8	wit_in_bare64	-Z c-ffi --c-lib csrc/mac8_shim.c --solver kissat	green	per-commit	0.94	
mac8	wit_in_colon48	-Z c-ffi --c-lib csrc/mac8_shim.c --solver kissat	green	per-commit	0.94	
mac8	wit_in_bare48	-Z c-ffi --c-lib csrc/mac8_shim.c --solver kissat	green	per-commit	0.94	
mac8	wit_in_ws64	-Z c-ffi --c-lib csrc/mac8_shim.c --solver kissat	green	per-commit	0.94	
mac8	eq_macaddr8_not	-Z c-ffi --c-lib csrc/mac8_shim.c --solver kissat	green	per-commit	0.41	ledger 0.06-0.41s band
mac8	eq_macaddr8_and	-Z c-ffi --c-lib csrc/mac8_shim.c --solver kissat	green	per-commit	0.41	ledger 0.06-0.41s band
mac8	eq_macaddr8_or	-Z c-ffi --c-lib csrc/mac8_shim.c --solver kissat	green	per-commit	0.41	ledger 0.06-0.41s band
mac8	eq_macaddr8_trunc	-Z c-ffi --c-lib csrc/mac8_shim.c --solver kissat	green	per-commit	0.41	ledger 0.06-0.41s band
mac8	eq_macaddr8_set7bit	-Z c-ffi --c-lib csrc/mac8_shim.c --solver kissat	green	per-commit	0.08	
mac8	eq_macaddrtomacaddr8	-Z c-ffi --c-lib csrc/mac8_shim.c --solver kissat	green	per-commit	0.06	
mac8	eq_macaddr8tomacaddr	-Z c-ffi -Z stubbing --c-lib csrc/mac8_shim.c --solver kissat	green	per-commit	2.5	PgError::error stub
mac8	control_macaddr8_cmp_swap_must_fail	-Z c-ffi --c-lib csrc/mac8_shim.c	must-fail	defect-witness	0.18	DEFAULT solver; failed as designed
mbconv	proofs::eq_big5_to_euc_tw	-Z c-ffi -Z stubbing --c-lib c/pg_mbconv_common.c --c-lib c/pg_conv_check.c --c-lib c/pg_conv_euc_tw_big5.c --exact	green	unmeasured	?	recipe INFERRED (no run script/doc flags); solver unrecorded; recipe CORRECTED 2026-07-28 (was all-26-c-libs, ~45s fixed cost); DEFAULT solver; per-verdict details in ledger
mbconv	proofs::eq_big5_to_mic	-Z c-ffi -Z stubbing --c-lib c/pg_mbconv_common.c --c-lib c/pg_conv_check.c --c-lib c/pg_conv_euc_tw_big5.c --exact	green	unmeasured	?	recipe INFERRED (no run script/doc flags); solver unrecorded; recipe CORRECTED 2026-07-28 (was all-26-c-libs, ~45s fixed cost); DEFAULT solver; per-verdict details in ledger
mbconv	proofs::eq_big5_to_utf8	-Z c-ffi -Z stubbing --c-lib c/pg_mbconv_common.c --c-lib c/pg_conv_check.c --c-lib c/pg_conv_utf8_big5.c --exact	green	unmeasured	?	recipe INFERRED (no run script/doc flags); solver unrecorded; recipe CORRECTED 2026-07-28 (was all-26-c-libs, ~45s fixed cost); DEFAULT solver; per-verdict details in ledger
mbconv	proofs::eq_check_encoding_conversion_args	-Z c-ffi -Z stubbing --c-lib c/pg_mbconv_common.c --c-lib c/pg_conv_check.c --exact	green	per-commit	1.2	
mbconv	proofs::eq_euc_cn_to_mic	-Z c-ffi -Z stubbing --c-lib c/pg_mbconv_common.c --c-lib c/pg_conv_check.c --c-lib c/pg_conv_euc_cn_mic.c --exact	green	unmeasured	?	recipe INFERRED (no run script/doc flags); solver unrecorded; recipe CORRECTED 2026-07-28 (was all-26-c-libs, ~45s fixed cost); DEFAULT solver; per-verdict details in ledger
mbconv	proofs::eq_euc_cn_to_utf8	-Z c-ffi -Z stubbing --c-lib c/pg_mbconv_common.c --c-lib c/pg_conv_check.c --c-lib c/pg_conv_utf8_euc_cn.c --exact	green	unmeasured	?	recipe INFERRED (no run script/doc flags); solver unrecorded; recipe CORRECTED 2026-07-28 (was all-26-c-libs, ~45s fixed cost); DEFAULT solver; per-verdict details in ledger
mbconv	proofs::eq_euc_jis_2004_to_shift_jis_2004	-Z c-ffi -Z stubbing --c-lib c/pg_mbconv_common.c --c-lib c/pg_conv_check.c --c-lib c/pg_conv_euc2004_sjis2004.c --exact	green	unmeasured	?	recipe INFERRED (no run script/doc flags); solver unrecorded; recipe CORRECTED 2026-07-28 (was all-26-c-libs, ~45s fixed cost); DEFAULT solver; per-verdict details in ledger
mbconv	proofs::eq_euc_jis_2004_to_utf8	-Z c-ffi -Z stubbing --c-lib c/pg_mbconv_common.c --c-lib c/pg_conv_check.c --c-lib c/pg_conv_utf8_euc2004.c --exact	green	unmeasured	?	recipe INFERRED (no run script/doc flags); solver unrecorded; recipe CORRECTED 2026-07-28 (was all-26-c-libs, ~45s fixed cost); DEFAULT solver; per-verdict details in ledger
mbconv	proofs::eq_euc_jp_to_mic	-Z c-ffi -Z stubbing --c-lib c/pg_mbconv_common.c --c-lib c/pg_conv_check.c --c-lib c/pg_conv_euc_jp_sjis.c --exact	green	unmeasured	?	recipe INFERRED (no run script/doc flags); solver unrecorded; recipe CORRECTED 2026-07-28 (was all-26-c-libs, ~45s fixed cost); DEFAULT solver; per-verdict details in ledger
mbconv	proofs::eq_euc_jp_to_sjis	-Z c-ffi -Z stubbing --c-lib c/pg_mbconv_common.c --c-lib c/pg_conv_check.c --c-lib c/pg_conv_euc_jp_sjis.c --exact	green	unmeasured	?	recipe INFERRED (no run script/doc flags); solver unrecorded; recipe CORRECTED 2026-07-28 (was all-26-c-libs, ~45s fixed cost); DEFAULT solver; per-verdict details in ledger
mbconv	proofs::eq_euc_jp_to_utf8	-Z c-ffi -Z stubbing --c-lib c/pg_mbconv_common.c --c-lib c/pg_conv_check.c --c-lib c/pg_conv_utf8_euc_jp.c --exact	green	unmeasured	?	recipe INFERRED (no run script/doc flags); solver unrecorded; recipe CORRECTED 2026-07-28 (was all-26-c-libs, ~45s fixed cost); DEFAULT solver; per-verdict details in ledger
mbconv	proofs::eq_euc_kr_to_mic	-Z c-ffi -Z stubbing --c-lib c/pg_mbconv_common.c --c-lib c/pg_conv_check.c --c-lib c/pg_conv_euc_kr_mic.c --exact	green	unmeasured	?	recipe INFERRED (no run script/doc flags); solver unrecorded; recipe CORRECTED 2026-07-28 (was all-26-c-libs, ~45s fixed cost); DEFAULT solver; per-verdict details in ledger
mbconv	proofs::eq_euc_kr_to_utf8	-Z c-ffi -Z stubbing --c-lib c/pg_mbconv_common.c --c-lib c/pg_conv_check.c --c-lib c/pg_conv_utf8_euc_kr.c --exact	green	unmeasured	?	recipe INFERRED (no run script/doc flags); solver unrecorded; recipe CORRECTED 2026-07-28 (was all-26-c-libs, ~45s fixed cost); DEFAULT solver; per-verdict details in ledger
mbconv	proofs::eq_euc_tw_to_big5	-Z c-ffi -Z stubbing --c-lib c/pg_mbconv_common.c --c-lib c/pg_conv_check.c --c-lib c/pg_conv_euc_tw_big5.c --exact	green	unmeasured	?	recipe INFERRED (no run script/doc flags); solver unrecorded; recipe CORRECTED 2026-07-28 (was all-26-c-libs, ~45s fixed cost); DEFAULT solver; per-verdict details in ledger
mbconv	proofs::eq_euc_tw_to_mic	-Z c-ffi -Z stubbing --c-lib c/pg_mbconv_common.c --c-lib c/pg_conv_check.c --c-lib c/pg_conv_euc_tw_big5.c --exact	green	unmeasured	?	recipe INFERRED (no run script/doc flags); solver unrecorded; recipe CORRECTED 2026-07-28 (was all-26-c-libs, ~45s fixed cost); DEFAULT solver; per-verdict details in ledger
mbconv	proofs::eq_euc_tw_to_utf8	-Z c-ffi -Z stubbing --c-lib c/pg_mbconv_common.c --c-lib c/pg_conv_check.c --c-lib c/pg_conv_utf8_euc_tw.c --exact	green	unmeasured	?	recipe INFERRED (no run script/doc flags); solver unrecorded; recipe CORRECTED 2026-07-28 (was all-26-c-libs, ~45s fixed cost); DEFAULT solver; per-verdict details in ledger
mbconv	proofs::eq_gb18030_to_utf8	-Z c-ffi -Z stubbing --c-lib c/pg_mbconv_common.c --c-lib c/pg_conv_check.c --c-lib c/pg_conv_utf8_gb18030.c --exact	green	unmeasured	?	recipe INFERRED (no run script/doc flags); solver unrecorded; recipe CORRECTED 2026-07-28 (was all-26-c-libs, ~45s fixed cost); DEFAULT solver; per-verdict details in ledger
mbconv	proofs::eq_gbk_to_utf8	-Z c-ffi -Z stubbing --c-lib c/pg_mbconv_common.c --c-lib c/pg_conv_check.c --c-lib c/pg_conv_utf8_gbk.c --exact	green	unmeasured	?	recipe INFERRED (no run script/doc flags); solver unrecorded; recipe CORRECTED 2026-07-28 (was all-26-c-libs, ~45s fixed cost); DEFAULT solver; per-verdict details in ledger
mbconv	proofs::eq_iso_to_koi8r	-Z c-ffi -Z stubbing --c-lib c/pg_mbconv_common.c --c-lib c/pg_conv_check.c --c-lib c/pg_conv_cyrillic_mic.c --exact	green	unmeasured	?	recipe INFERRED (no run script/doc flags); solver unrecorded; recipe CORRECTED 2026-07-28 (was all-26-c-libs, ~45s fixed cost); DEFAULT solver; per-verdict details in ledger
mbconv	proofs::eq_iso_to_mic	-Z c-ffi -Z stubbing --c-lib c/pg_mbconv_common.c --c-lib c/pg_conv_check.c --c-lib c/pg_conv_cyrillic_mic.c --exact	green	unmeasured	?	recipe INFERRED (no run script/doc flags); solver unrecorded; recipe CORRECTED 2026-07-28 (was all-26-c-libs, ~45s fixed cost); DEFAULT solver; per-verdict details in ledger
mbconv	proofs::eq_iso_to_win1251	-Z c-ffi -Z stubbing --c-lib c/pg_mbconv_common.c --c-lib c/pg_conv_check.c --c-lib c/pg_conv_cyrillic_mic.c --exact	green	unmeasured	?	recipe INFERRED (no run script/doc flags); solver unrecorded; recipe CORRECTED 2026-07-28 (was all-26-c-libs, ~45s fixed cost); DEFAULT solver; per-verdict details in ledger
mbconv	proofs::eq_iso_to_win866	-Z c-ffi -Z stubbing --c-lib c/pg_mbconv_common.c --c-lib c/pg_conv_check.c --c-lib c/pg_conv_cyrillic_mic.c --exact	green	unmeasured	?	recipe INFERRED (no run script/doc flags); solver unrecorded; recipe CORRECTED 2026-07-28 (was all-26-c-libs, ~45s fixed cost); DEFAULT solver; per-verdict details in ledger
mbconv	proofs::eq_iso8859_1_to_utf8	-Z c-ffi -Z stubbing --c-lib c/pg_mbconv_common.c --c-lib c/pg_conv_check.c --c-lib c/pg_conv_utf8_iso8859_1.c --exact	green	unmeasured	?	recipe INFERRED (no run script/doc flags); solver unrecorded; recipe CORRECTED 2026-07-28 (was all-26-c-libs, ~45s fixed cost); DEFAULT solver; per-verdict details in ledger
mbconv	proofs::eq_iso8859_to_utf8	-Z c-ffi -Z stubbing --c-lib c/pg_mbconv_common.c --c-lib c/pg_conv_check.c --c-lib c/pg_conv_utf8_iso8859.c --exact	green	unmeasured	?	recipe INFERRED (no run script/doc flags); solver unrecorded; recipe CORRECTED 2026-07-28 (was all-26-c-libs, ~45s fixed cost); DEFAULT solver; per-verdict details in ledger
mbconv	proofs::eq_johab_to_utf8	-Z c-ffi -Z stubbing --c-lib c/pg_mbconv_common.c --c-lib c/pg_conv_check.c --c-lib c/pg_conv_utf8_johab.c --exact	green	unmeasured	?	recipe INFERRED (no run script/doc flags); solver unrecorded; recipe CORRECTED 2026-07-28 (was all-26-c-libs, ~45s fixed cost); DEFAULT solver; per-verdict details in ledger
mbconv	proofs::eq_koi8r_to_iso	-Z c-ffi -Z stubbing --c-lib c/pg_mbconv_common.c --c-lib c/pg_conv_check.c --c-lib c/pg_conv_cyrillic_mic.c --exact	green	unmeasured	?	recipe INFERRED (no run script/doc flags); solver unrecorded; recipe CORRECTED 2026-07-28 (was all-26-c-libs, ~45s fixed cost); DEFAULT solver; per-verdict details in ledger
mbconv	proofs::eq_koi8r_to_mic	-Z c-ffi -Z stubbing --c-lib c/pg_mbconv_common.c --c-lib c/pg_conv_check.c --c-lib c/pg_conv_cyrillic_mic.c --exact	green	unmeasured	?	recipe INFERRED (no run script/doc flags); solver unrecorded; recipe CORRECTED 2026-07-28 (was all-26-c-libs, ~45s fixed cost); DEFAULT solver; per-verdict details in ledger
mbconv	proofs::eq_koi8r_to_utf8	-Z c-ffi -Z stubbing --c-lib c/pg_mbconv_common.c --c-lib c/pg_conv_check.c --c-lib c/pg_conv_utf8_cyrillic.c --exact	green	unmeasured	?	recipe INFERRED (no run script/doc flags); solver unrecorded; recipe CORRECTED 2026-07-28 (was all-26-c-libs, ~45s fixed cost); DEFAULT solver; per-verdict details in ledger
mbconv	proofs::eq_koi8r_to_win1251	-Z c-ffi -Z stubbing --c-lib c/pg_mbconv_common.c --c-lib c/pg_conv_check.c --c-lib c/pg_conv_cyrillic_mic.c --exact	green	unmeasured	?	recipe INFERRED (no run script/doc flags); solver unrecorded; recipe CORRECTED 2026-07-28 (was all-26-c-libs, ~45s fixed cost); DEFAULT solver; per-verdict details in ledger
mbconv	proofs::eq_koi8r_to_win866	-Z c-ffi -Z stubbing --c-lib c/pg_mbconv_common.c --c-lib c/pg_conv_check.c --c-lib c/pg_conv_cyrillic_mic.c --exact	green	unmeasured	?	recipe INFERRED (no run script/doc flags); solver unrecorded; recipe CORRECTED 2026-07-28 (was all-26-c-libs, ~45s fixed cost); DEFAULT solver; per-verdict details in ledger
mbconv	proofs::eq_koi8u_to_utf8	-Z c-ffi -Z stubbing --c-lib c/pg_mbconv_common.c --c-lib c/pg_conv_check.c --c-lib c/pg_conv_utf8_cyrillic.c --exact	green	unmeasured	?	recipe INFERRED (no run script/doc flags); solver unrecorded; recipe CORRECTED 2026-07-28 (was all-26-c-libs, ~45s fixed cost); DEFAULT solver; per-verdict details in ledger
mbconv	proofs::eq_latin1_to_mic	-Z c-ffi -Z stubbing --c-lib c/pg_mbconv_common.c --c-lib c/pg_conv_check.c --c-lib c/pg_conv_latin_mic.c --exact	green	unmeasured	?	recipe INFERRED (no run script/doc flags); solver unrecorded; recipe CORRECTED 2026-07-28 (was all-26-c-libs, ~45s fixed cost); DEFAULT solver; per-verdict details in ledger
mbconv	proofs::eq_latin2_to_mic	-Z c-ffi -Z stubbing --c-lib c/pg_mbconv_common.c --c-lib c/pg_conv_check.c --c-lib c/pg_conv_latin2_win1250.c --exact	green	unmeasured	?	recipe INFERRED (no run script/doc flags); solver unrecorded; recipe CORRECTED 2026-07-28 (was all-26-c-libs, ~45s fixed cost); DEFAULT solver; per-verdict details in ledger
mbconv	proofs::eq_latin2_to_win1250	-Z c-ffi -Z stubbing --c-lib c/pg_mbconv_common.c --c-lib c/pg_conv_check.c --c-lib c/pg_conv_latin2_win1250.c --exact	green	unmeasured	?	recipe INFERRED (no run script/doc flags); solver unrecorded; recipe CORRECTED 2026-07-28 (was all-26-c-libs, ~45s fixed cost); DEFAULT solver; per-verdict details in ledger
mbconv	proofs::eq_latin3_to_mic	-Z c-ffi -Z stubbing --c-lib c/pg_mbconv_common.c --c-lib c/pg_conv_check.c --c-lib c/pg_conv_latin_mic.c --exact	green	unmeasured	?	recipe INFERRED (no run script/doc flags); solver unrecorded; recipe CORRECTED 2026-07-28 (was all-26-c-libs, ~45s fixed cost); DEFAULT solver; per-verdict details in ledger
mbconv	proofs::eq_latin4_to_mic	-Z c-ffi -Z stubbing --c-lib c/pg_mbconv_common.c --c-lib c/pg_conv_check.c --c-lib c/pg_conv_latin_mic.c --exact	green	unmeasured	?	recipe INFERRED (no run script/doc flags); solver unrecorded; recipe CORRECTED 2026-07-28 (was all-26-c-libs, ~45s fixed cost); DEFAULT solver; per-verdict details in ledger
mbconv	proofs::eq_mic_to_big5	-Z c-ffi -Z stubbing --c-lib c/pg_mbconv_common.c --c-lib c/pg_conv_check.c --c-lib c/pg_conv_euc_tw_big5.c --exact	green	unmeasured	?	recipe INFERRED (no run script/doc flags); solver unrecorded; recipe CORRECTED 2026-07-28 (was all-26-c-libs, ~45s fixed cost); DEFAULT solver; per-verdict details in ledger
mbconv	proofs::eq_mic_to_euc_cn	-Z c-ffi -Z stubbing --c-lib c/pg_mbconv_common.c --c-lib c/pg_conv_check.c --c-lib c/pg_conv_euc_cn_mic.c --exact	green	unmeasured	?	recipe INFERRED (no run script/doc flags); solver unrecorded; recipe CORRECTED 2026-07-28 (was all-26-c-libs, ~45s fixed cost); DEFAULT solver; per-verdict details in ledger
mbconv	proofs::eq_mic_to_euc_jp	-Z c-ffi -Z stubbing --c-lib c/pg_mbconv_common.c --c-lib c/pg_conv_check.c --c-lib c/pg_conv_euc_jp_sjis.c --exact	green	unmeasured	?	recipe INFERRED (no run script/doc flags); solver unrecorded; recipe CORRECTED 2026-07-28 (was all-26-c-libs, ~45s fixed cost); DEFAULT solver; per-verdict details in ledger
mbconv	proofs::eq_mic_to_euc_kr	-Z c-ffi -Z stubbing --c-lib c/pg_mbconv_common.c --c-lib c/pg_conv_check.c --c-lib c/pg_conv_euc_kr_mic.c --exact	green	unmeasured	?	recipe INFERRED (no run script/doc flags); solver unrecorded; recipe CORRECTED 2026-07-28 (was all-26-c-libs, ~45s fixed cost); DEFAULT solver; per-verdict details in ledger
mbconv	proofs::eq_mic_to_euc_tw	-Z c-ffi -Z stubbing --c-lib c/pg_mbconv_common.c --c-lib c/pg_conv_check.c --c-lib c/pg_conv_euc_tw_big5.c --exact	green	unmeasured	?	recipe INFERRED (no run script/doc flags); solver unrecorded; recipe CORRECTED 2026-07-28 (was all-26-c-libs, ~45s fixed cost); DEFAULT solver; per-verdict details in ledger
mbconv	proofs::eq_mic_to_iso	-Z c-ffi -Z stubbing --c-lib c/pg_mbconv_common.c --c-lib c/pg_conv_check.c --c-lib c/pg_conv_cyrillic_mic.c --exact	green	unmeasured	?	recipe INFERRED (no run script/doc flags); solver unrecorded; recipe CORRECTED 2026-07-28 (was all-26-c-libs, ~45s fixed cost); DEFAULT solver; per-verdict details in ledger
mbconv	proofs::eq_mic_to_koi8r	-Z c-ffi -Z stubbing --c-lib c/pg_mbconv_common.c --c-lib c/pg_conv_check.c --c-lib c/pg_conv_cyrillic_mic.c --exact	green	unmeasured	?	recipe INFERRED (no run script/doc flags); solver unrecorded; recipe CORRECTED 2026-07-28 (was all-26-c-libs, ~45s fixed cost); DEFAULT solver; per-verdict details in ledger
mbconv	proofs::eq_mic_to_latin1	-Z c-ffi -Z stubbing --c-lib c/pg_mbconv_common.c --c-lib c/pg_conv_check.c --c-lib c/pg_conv_latin_mic.c --exact	green	unmeasured	?	recipe INFERRED (no run script/doc flags); solver unrecorded; recipe CORRECTED 2026-07-28 (was all-26-c-libs, ~45s fixed cost); DEFAULT solver; per-verdict details in ledger
mbconv	proofs::eq_mic_to_latin2	-Z c-ffi -Z stubbing --c-lib c/pg_mbconv_common.c --c-lib c/pg_conv_check.c --c-lib c/pg_conv_latin2_win1250.c --exact	green	unmeasured	?	recipe INFERRED (no run script/doc flags); solver unrecorded; recipe CORRECTED 2026-07-28 (was all-26-c-libs, ~45s fixed cost); DEFAULT solver; per-verdict details in ledger
mbconv	proofs::eq_mic_to_latin3	-Z c-ffi -Z stubbing --c-lib c/pg_mbconv_common.c --c-lib c/pg_conv_check.c --c-lib c/pg_conv_latin_mic.c --exact	green	unmeasured	?	recipe INFERRED (no run script/doc flags); solver unrecorded; recipe CORRECTED 2026-07-28 (was all-26-c-libs, ~45s fixed cost); DEFAULT solver; per-verdict details in ledger
mbconv	proofs::eq_mic_to_latin4	-Z c-ffi -Z stubbing --c-lib c/pg_mbconv_common.c --c-lib c/pg_conv_check.c --c-lib c/pg_conv_latin_mic.c --exact	green	unmeasured	?	recipe INFERRED (no run script/doc flags); solver unrecorded; recipe CORRECTED 2026-07-28 (was all-26-c-libs, ~45s fixed cost); DEFAULT solver; per-verdict details in ledger
mbconv	proofs::eq_mic_to_sjis	-Z c-ffi -Z stubbing --c-lib c/pg_mbconv_common.c --c-lib c/pg_conv_check.c --c-lib c/pg_conv_euc_jp_sjis.c --exact	green	unmeasured	?	recipe INFERRED (no run script/doc flags); solver unrecorded; recipe CORRECTED 2026-07-28 (was all-26-c-libs, ~45s fixed cost); DEFAULT solver; per-verdict details in ledger
mbconv	proofs::eq_mic_to_win1250	-Z c-ffi -Z stubbing --c-lib c/pg_mbconv_common.c --c-lib c/pg_conv_check.c --c-lib c/pg_conv_latin2_win1250.c --exact	green	unmeasured	?	recipe INFERRED (no run script/doc flags); solver unrecorded; recipe CORRECTED 2026-07-28 (was all-26-c-libs, ~45s fixed cost); DEFAULT solver; per-verdict details in ledger
mbconv	proofs::eq_mic_to_win1251	-Z c-ffi -Z stubbing --c-lib c/pg_mbconv_common.c --c-lib c/pg_conv_check.c --c-lib c/pg_conv_cyrillic_mic.c --exact	green	unmeasured	?	recipe INFERRED (no run script/doc flags); solver unrecorded; recipe CORRECTED 2026-07-28 (was all-26-c-libs, ~45s fixed cost); DEFAULT solver; per-verdict details in ledger
mbconv	proofs::eq_mic_to_win866	-Z c-ffi -Z stubbing --c-lib c/pg_mbconv_common.c --c-lib c/pg_conv_check.c --c-lib c/pg_conv_cyrillic_mic.c --exact	green	unmeasured	?	recipe INFERRED (no run script/doc flags); solver unrecorded; recipe CORRECTED 2026-07-28 (was all-26-c-libs, ~45s fixed cost); DEFAULT solver; per-verdict details in ledger
mbconv	proofs::eq_shift_jis_2004_to_euc_jis_2004	-Z c-ffi -Z stubbing --c-lib c/pg_mbconv_common.c --c-lib c/pg_conv_check.c --c-lib c/pg_conv_euc2004_sjis2004.c --exact	green	unmeasured	?	recipe INFERRED (no run script/doc flags); solver unrecorded; recipe CORRECTED 2026-07-28 (was all-26-c-libs, ~45s fixed cost); DEFAULT solver; per-verdict details in ledger
mbconv	proofs::eq_shift_jis_2004_to_utf8	-Z c-ffi -Z stubbing --c-lib c/pg_mbconv_common.c --c-lib c/pg_conv_check.c --c-lib c/pg_conv_utf8_sjis2004.c --exact	green	unmeasured	?	recipe INFERRED (no run script/doc flags); solver unrecorded; recipe CORRECTED 2026-07-28 (was all-26-c-libs, ~45s fixed cost); DEFAULT solver; per-verdict details in ledger
mbconv	proofs::eq_sjis_to_euc_jp	-Z c-ffi -Z stubbing --c-lib c/pg_mbconv_common.c --c-lib c/pg_conv_check.c --c-lib c/pg_conv_euc_jp_sjis.c --exact	green	unmeasured	?	recipe INFERRED (no run script/doc flags); solver unrecorded; recipe CORRECTED 2026-07-28 (was all-26-c-libs, ~45s fixed cost); DEFAULT solver; per-verdict details in ledger
mbconv	proofs::eq_sjis_to_mic	-Z c-ffi -Z stubbing --c-lib c/pg_mbconv_common.c --c-lib c/pg_conv_check.c --c-lib c/pg_conv_euc_jp_sjis.c --exact	green	unmeasured	?	recipe INFERRED (no run script/doc flags); solver unrecorded; recipe CORRECTED 2026-07-28 (was all-26-c-libs, ~45s fixed cost); DEFAULT solver; per-verdict details in ledger
mbconv	proofs::eq_sjis_to_utf8	-Z c-ffi -Z stubbing --c-lib c/pg_mbconv_common.c --c-lib c/pg_conv_check.c --c-lib c/pg_conv_utf8_sjis.c --exact	green	unmeasured	?	recipe INFERRED (no run script/doc flags); solver unrecorded; recipe CORRECTED 2026-07-28 (was all-26-c-libs, ~45s fixed cost); DEFAULT solver; per-verdict details in ledger
mbconv	proofs::eq_uhc_to_utf8	-Z c-ffi -Z stubbing --c-lib c/pg_mbconv_common.c --c-lib c/pg_conv_check.c --c-lib c/pg_conv_utf8_uhc.c --exact	green	unmeasured	?	recipe INFERRED (no run script/doc flags); solver unrecorded; recipe CORRECTED 2026-07-28 (was all-26-c-libs, ~45s fixed cost); DEFAULT solver; per-verdict details in ledger
mbconv	proofs::eq_utf8_to_big5	-Z c-ffi -Z stubbing --c-lib c/pg_mbconv_common.c --c-lib c/pg_conv_check.c --c-lib c/pg_conv_utf8_big5.c --exact	green	unmeasured	?	recipe INFERRED (no run script/doc flags); solver unrecorded; recipe CORRECTED 2026-07-28 (was all-26-c-libs, ~45s fixed cost); DEFAULT solver; per-verdict details in ledger
mbconv	proofs::eq_utf8_to_euc_cn	-Z c-ffi -Z stubbing --c-lib c/pg_mbconv_common.c --c-lib c/pg_conv_check.c --c-lib c/pg_conv_utf8_euc_cn.c --exact	green	unmeasured	?	recipe INFERRED (no run script/doc flags); solver unrecorded; recipe CORRECTED 2026-07-28 (was all-26-c-libs, ~45s fixed cost); DEFAULT solver; per-verdict details in ledger
mbconv	proofs::eq_utf8_to_euc_jis_2004	-Z c-ffi -Z stubbing --c-lib c/pg_mbconv_common.c --c-lib c/pg_conv_check.c --c-lib c/pg_conv_utf8_euc2004.c --exact	green	unmeasured	?	recipe INFERRED (no run script/doc flags); solver unrecorded; recipe CORRECTED 2026-07-28 (was all-26-c-libs, ~45s fixed cost); DEFAULT solver; per-verdict details in ledger
mbconv	proofs::eq_utf8_to_euc_jp	-Z c-ffi -Z stubbing --c-lib c/pg_mbconv_common.c --c-lib c/pg_conv_check.c --c-lib c/pg_conv_utf8_euc_jp.c --exact	green	unmeasured	?	recipe INFERRED (no run script/doc flags); solver unrecorded; recipe CORRECTED 2026-07-28 (was all-26-c-libs, ~45s fixed cost); DEFAULT solver; per-verdict details in ledger
mbconv	proofs::eq_utf8_to_euc_kr	-Z c-ffi -Z stubbing --c-lib c/pg_mbconv_common.c --c-lib c/pg_conv_check.c --c-lib c/pg_conv_utf8_euc_kr.c --exact	green	unmeasured	?	recipe INFERRED (no run script/doc flags); solver unrecorded; recipe CORRECTED 2026-07-28 (was all-26-c-libs, ~45s fixed cost); DEFAULT solver; per-verdict details in ledger
mbconv	proofs::eq_utf8_to_euc_tw	-Z c-ffi -Z stubbing --c-lib c/pg_mbconv_common.c --c-lib c/pg_conv_check.c --c-lib c/pg_conv_utf8_euc_tw.c --exact	green	unmeasured	?	recipe INFERRED (no run script/doc flags); solver unrecorded; recipe CORRECTED 2026-07-28 (was all-26-c-libs, ~45s fixed cost); DEFAULT solver; per-verdict details in ledger
mbconv	proofs::eq_utf8_to_gb18030	-Z c-ffi -Z stubbing --c-lib c/pg_mbconv_common.c --c-lib c/pg_conv_check.c --c-lib c/pg_conv_utf8_gb18030.c --exact	green	unmeasured	?	recipe INFERRED (no run script/doc flags); solver unrecorded; recipe CORRECTED 2026-07-28 (was all-26-c-libs, ~45s fixed cost); DEFAULT solver; per-verdict details in ledger
mbconv	proofs::eq_utf8_to_gbk	-Z c-ffi -Z stubbing --c-lib c/pg_mbconv_common.c --c-lib c/pg_conv_check.c --c-lib c/pg_conv_utf8_gbk.c --exact	green	unmeasured	?	recipe INFERRED (no run script/doc flags); solver unrecorded; recipe CORRECTED 2026-07-28 (was all-26-c-libs, ~45s fixed cost); DEFAULT solver; per-verdict details in ledger
mbconv	proofs::eq_utf8_to_iso8859	-Z c-ffi -Z stubbing --c-lib c/pg_mbconv_common.c --c-lib c/pg_conv_check.c --c-lib c/pg_conv_utf8_iso8859.c --exact	green	unmeasured	?	recipe INFERRED (no run script/doc flags); solver unrecorded; recipe CORRECTED 2026-07-28 (was all-26-c-libs, ~45s fixed cost); DEFAULT solver; per-verdict details in ledger
mbconv	proofs::eq_utf8_to_iso8859_1	-Z c-ffi -Z stubbing --c-lib c/pg_mbconv_common.c --c-lib c/pg_conv_check.c --c-lib c/pg_conv_utf8_iso8859_1.c --exact	green	unmeasured	?	recipe INFERRED (no run script/doc flags); solver unrecorded; recipe CORRECTED 2026-07-28 (was all-26-c-libs, ~45s fixed cost); DEFAULT solver; per-verdict details in ledger
mbconv	proofs::eq_utf8_to_johab	-Z c-ffi -Z stubbing --c-lib c/pg_mbconv_common.c --c-lib c/pg_conv_check.c --c-lib c/pg_conv_utf8_johab.c --exact	green	unmeasured	?	recipe INFERRED (no run script/doc flags); solver unrecorded; recipe CORRECTED 2026-07-28 (was all-26-c-libs, ~45s fixed cost); DEFAULT solver; per-verdict details in ledger
mbconv	proofs::eq_utf8_to_koi8r	-Z c-ffi -Z stubbing --c-lib c/pg_mbconv_common.c --c-lib c/pg_conv_check.c --c-lib c/pg_conv_utf8_cyrillic.c --exact	green	unmeasured	?	recipe INFERRED (no run script/doc flags); solver unrecorded; recipe CORRECTED 2026-07-28 (was all-26-c-libs, ~45s fixed cost); DEFAULT solver; per-verdict details in ledger
mbconv	proofs::eq_utf8_to_koi8u	-Z c-ffi -Z stubbing --c-lib c/pg_mbconv_common.c --c-lib c/pg_conv_check.c --c-lib c/pg_conv_utf8_cyrillic.c --exact	green	unmeasured	?	recipe INFERRED (no run script/doc flags); solver unrecorded; recipe CORRECTED 2026-07-28 (was all-26-c-libs, ~45s fixed cost); DEFAULT solver; per-verdict details in ledger
mbconv	proofs::eq_utf8_to_shift_jis_2004	-Z c-ffi -Z stubbing --c-lib c/pg_mbconv_common.c --c-lib c/pg_conv_check.c --c-lib c/pg_conv_utf8_sjis2004.c --exact	green	unmeasured	?	recipe INFERRED (no run script/doc flags); solver unrecorded; recipe CORRECTED 2026-07-28 (was all-26-c-libs, ~45s fixed cost); DEFAULT solver; per-verdict details in ledger
mbconv	proofs::eq_utf8_to_sjis	-Z c-ffi -Z stubbing --c-lib c/pg_mbconv_common.c --c-lib c/pg_conv_check.c --c-lib c/pg_conv_utf8_sjis.c --exact	green	unmeasured	?	recipe INFERRED (no run script/doc flags); solver unrecorded; recipe CORRECTED 2026-07-28 (was all-26-c-libs, ~45s fixed cost); DEFAULT solver; per-verdict details in ledger
mbconv	proofs::eq_utf8_to_uhc	-Z c-ffi -Z stubbing --c-lib c/pg_mbconv_common.c --c-lib c/pg_conv_check.c --c-lib c/pg_conv_utf8_uhc.c --exact	green	unmeasured	?	recipe INFERRED (no run script/doc flags); solver unrecorded; recipe CORRECTED 2026-07-28 (was all-26-c-libs, ~45s fixed cost); DEFAULT solver; per-verdict details in ledger
mbconv	proofs::eq_utf8_to_win	-Z c-ffi -Z stubbing --c-lib c/pg_mbconv_common.c --c-lib c/pg_conv_check.c --c-lib c/pg_conv_utf8_win.c --exact	green	unmeasured	?	recipe INFERRED (no run script/doc flags); solver unrecorded; recipe CORRECTED 2026-07-28 (was all-26-c-libs, ~45s fixed cost); DEFAULT solver; per-verdict details in ledger
mbconv	proofs::eq_win_to_utf8	-Z c-ffi -Z stubbing --c-lib c/pg_mbconv_common.c --c-lib c/pg_conv_check.c --c-lib c/pg_conv_utf8_win.c --exact	green	unmeasured	?	recipe INFERRED (no run script/doc flags); solver unrecorded; recipe CORRECTED 2026-07-28 (was all-26-c-libs, ~45s fixed cost); DEFAULT solver; per-verdict details in ledger
mbconv	proofs::eq_win_to_utf8_out_of_family	-Z c-ffi -Z stubbing --c-lib c/pg_mbconv_common.c --c-lib c/pg_conv_check.c --c-lib c/pg_conv_utf8_win.c --exact	green	unmeasured	?	recipe INFERRED (no run script/doc flags); solver unrecorded; recipe CORRECTED 2026-07-28 (was all-26-c-libs, ~45s fixed cost); DEFAULT solver; per-verdict details in ledger
mbconv	proofs::eq_win1250_to_latin2	-Z c-ffi -Z stubbing --c-lib c/pg_mbconv_common.c --c-lib c/pg_conv_check.c --c-lib c/pg_conv_latin2_win1250.c --exact	green	unmeasured	?	recipe INFERRED (no run script/doc flags); solver unrecorded; recipe CORRECTED 2026-07-28 (was all-26-c-libs, ~45s fixed cost); DEFAULT solver; per-verdict details in ledger
mbconv	proofs::eq_win1250_to_mic	-Z c-ffi -Z stubbing --c-lib c/pg_mbconv_common.c --c-lib c/pg_conv_check.c --c-lib c/pg_conv_latin2_win1250.c --exact	green	unmeasured	?	recipe INFERRED (no run script/doc flags); solver unrecorded; recipe CORRECTED 2026-07-28 (was all-26-c-libs, ~45s fixed cost); DEFAULT solver; per-verdict details in ledger
mbconv	proofs::eq_win1251_to_iso	-Z c-ffi -Z stubbing --c-lib c/pg_mbconv_common.c --c-lib c/pg_conv_check.c --c-lib c/pg_conv_cyrillic_mic.c --exact	green	unmeasured	?	recipe INFERRED (no run script/doc flags); solver unrecorded; recipe CORRECTED 2026-07-28 (was all-26-c-libs, ~45s fixed cost); DEFAULT solver; per-verdict details in ledger
mbconv	proofs::eq_win1251_to_koi8r	-Z c-ffi -Z stubbing --c-lib c/pg_mbconv_common.c --c-lib c/pg_conv_check.c --c-lib c/pg_conv_cyrillic_mic.c --exact	green	unmeasured	?	recipe INFERRED (no run script/doc flags); solver unrecorded; recipe CORRECTED 2026-07-28 (was all-26-c-libs, ~45s fixed cost); DEFAULT solver; per-verdict details in ledger
mbconv	proofs::eq_win1251_to_mic	-Z c-ffi -Z stubbing --c-lib c/pg_mbconv_common.c --c-lib c/pg_conv_check.c --c-lib c/pg_conv_cyrillic_mic.c --exact	green	unmeasured	?	recipe INFERRED (no run script/doc flags); solver unrecorded; recipe CORRECTED 2026-07-28 (was all-26-c-libs, ~45s fixed cost); DEFAULT solver; per-verdict details in ledger
mbconv	proofs::eq_win1251_to_win866	-Z c-ffi -Z stubbing --c-lib c/pg_mbconv_common.c --c-lib c/pg_conv_check.c --c-lib c/pg_conv_cyrillic_mic.c --exact	green	unmeasured	?	recipe INFERRED (no run script/doc flags); solver unrecorded; recipe CORRECTED 2026-07-28 (was all-26-c-libs, ~45s fixed cost); DEFAULT solver; per-verdict details in ledger
mbconv	proofs::eq_win866_to_iso	-Z c-ffi -Z stubbing --c-lib c/pg_mbconv_common.c --c-lib c/pg_conv_check.c --c-lib c/pg_conv_cyrillic_mic.c --exact	green	unmeasured	?	recipe INFERRED (no run script/doc flags); solver unrecorded; recipe CORRECTED 2026-07-28 (was all-26-c-libs, ~45s fixed cost); DEFAULT solver; per-verdict details in ledger
mbconv	proofs::eq_win866_to_koi8r	-Z c-ffi -Z stubbing --c-lib c/pg_mbconv_common.c --c-lib c/pg_conv_check.c --c-lib c/pg_conv_cyrillic_mic.c --exact	green	unmeasured	?	recipe INFERRED (no run script/doc flags); solver unrecorded; recipe CORRECTED 2026-07-28 (was all-26-c-libs, ~45s fixed cost); DEFAULT solver; per-verdict details in ledger
mbconv	proofs::eq_win866_to_mic	-Z c-ffi -Z stubbing --c-lib c/pg_mbconv_common.c --c-lib c/pg_conv_check.c --c-lib c/pg_conv_cyrillic_mic.c --exact	green	unmeasured	?	recipe INFERRED (no run script/doc flags); solver unrecorded; recipe CORRECTED 2026-07-28 (was all-26-c-libs, ~45s fixed cost); DEFAULT solver; per-verdict details in ledger
mbconv	proofs::eq_win866_to_win1251	-Z c-ffi -Z stubbing --c-lib c/pg_mbconv_common.c --c-lib c/pg_conv_check.c --c-lib c/pg_conv_cyrillic_mic.c --exact	green	unmeasured	?	recipe INFERRED (no run script/doc flags); solver unrecorded; recipe CORRECTED 2026-07-28 (was all-26-c-libs, ~45s fixed cost); DEFAULT solver; per-verdict details in ledger
mbconv	proofs::control_mismatched_table_must_fail	-Z c-ffi -Z stubbing --c-lib c/pg_mbconv_common.c --c-lib c/pg_conv_check.c --c-lib c/pg_conv_cyrillic_mic.c --exact	must-fail	defect-witness	33.7	koi8r_to_win1251 Rust vs koi8r_to_win866 C shim; FAILED as required
misc-ops	proofs::eq_booland_statefunc	-Z c-ffi -Z stubbing --exact	green	per-commit	1	c-lib via Cargo.toml kani metadata; DEFAULT solver (measured faster than kissat)
misc-ops	proofs::eq_boolor_statefunc	-Z c-ffi -Z stubbing --exact	green	per-commit	1	
misc-ops	proofs::eq_date_pli	-Z c-ffi -Z stubbing --exact	green	per-commit	3	PgError::new stub
misc-ops	proofs::eq_date_mii	-Z c-ffi -Z stubbing --exact	green	per-commit	3	
misc-ops	proofs::eq_tidin_len0	-Z c-ffi -Z stubbing --exact	green	unmeasured	?	
misc-ops	proofs::eq_tidin_len1	-Z c-ffi -Z stubbing --exact	green	unmeasured	?	
misc-ops	proofs::eq_tidin_len2	-Z c-ffi -Z stubbing --exact	green	unmeasured	?	
misc-ops	proofs::eq_tidin_len3	-Z c-ffi -Z stubbing --exact	green	unmeasured	?	
misc-ops	proofs::eq_tidin_len4	-Z c-ffi -Z stubbing --exact	green	unmeasured	?	
misc-ops	proofs::eq_tidin_len5	-Z c-ffi -Z stubbing --exact	green	unmeasured	?	
misc-ops	proofs::eq_tidin_len6	-Z c-ffi -Z stubbing --exact	green	unmeasured	?	
misc-ops	proofs::eq_tidin_len7	-Z c-ffi -Z stubbing --exact	green	unmeasured	?	
misc-ops	proofs::eq_tidin_len8	-Z c-ffi -Z stubbing --exact	green	unmeasured	?	
misc-ops	proofs::eq_tidin_len9	-Z c-ffi -Z stubbing --exact	green	release-gate	15	
misc-ops	proofs::eq_tidin_len10	-Z c-ffi -Z stubbing --exact	green	release-gate	22	
misc-ops	proofs::eq_tidin_len11	-Z c-ffi -Z stubbing --exact	wall-recorded	calibration	?	>30s; not in run-all.sh
misc-ops	proofs::eq_tidin_len12	-Z c-ffi -Z stubbing --exact	wall-recorded	calibration	?	>30s; not in run-all.sh
misc-ops	proofs::eq_tidin_len13	-Z c-ffi -Z stubbing --exact	wall-recorded	calibration	?	>30s; not in run-all.sh
misc-ops	proofs::eq_tidin_len14	-Z c-ffi -Z stubbing --exact	wall-recorded	calibration	?	>30s; not in run-all.sh
misc-ops	proofs::eq_tidin_len15	-Z c-ffi -Z stubbing --exact	wall-recorded	calibration	?	>30s; not in run-all.sh
misc-ops	proofs::eq_tidin_len16	-Z c-ffi -Z stubbing --exact	wall-recorded	calibration	?	>30s; not in run-all.sh
misc-ops	proofs::eq_tidin_len17	-Z c-ffi -Z stubbing --exact	wall-recorded	calibration	?	>30s; not in run-all.sh
misc-ops	proofs::eq_tidin_len18	-Z c-ffi -Z stubbing --exact	wall-recorded	calibration	?	>30s; not in run-all.sh
misc-ops	proofs::eq_tidin_len19	-Z c-ffi -Z stubbing --exact	wall-recorded	calibration	?	>30s; not in run-all.sh
misc-ops	proofs::eq_tidin_len20	-Z c-ffi -Z stubbing --exact	wall-recorded	calibration	?	>30s; not in run-all.sh
misc-ops	proofs::cover_tidin_len_split	-Z c-ffi -Z stubbing --exact	green	unmeasured	?	claims len<=10 union
misc-ops	proofs::eq_tidin_accept_10_5	-Z c-ffi -Z stubbing --exact	wall-recorded	calibration	?	accept-shape walls at 13+ bytes; not standing
misc-ops	proofs::eq_tidin_accept_10_4	-Z c-ffi -Z stubbing --exact	wall-recorded	calibration	?	accept-shape walls at 13+ bytes; not standing
misc-ops	proofs::eq_tidin_accept_10_3	-Z c-ffi -Z stubbing --exact	wall-recorded	calibration	?	accept-shape walls at 13+ bytes; not standing
misc-ops	proofs::eq_tidin_accept_10_2	-Z c-ffi -Z stubbing --exact	wall-recorded	calibration	?	accept-shape walls at 13+ bytes; not standing
misc-ops	proofs::eq_tidin_accept_10_1	-Z c-ffi -Z stubbing --exact	wall-recorded	calibration	?	accept-shape walls at 13+ bytes; not standing
misc-ops	proofs::eq_tidin_accept_9_5	-Z c-ffi -Z stubbing --exact	wall-recorded	calibration	?	accept-shape walls at 13+ bytes; not standing
misc-ops	proofs::eq_tidin_accept_9_4	-Z c-ffi -Z stubbing --exact	wall-recorded	calibration	?	accept-shape walls at 13+ bytes; not standing
misc-ops	proofs::eq_tidin_accept_8_5	-Z c-ffi -Z stubbing --exact	wall-recorded	calibration	?	accept-shape walls at 13+ bytes; not standing
misc-ops	proofs::eq_tidin_accept_7_5	-Z c-ffi -Z stubbing --exact	wall-recorded	calibration	?	accept-shape walls at 13+ bytes; not standing
misc-ops	proofs::eq_tidin_accept_6_5	-Z c-ffi -Z stubbing --exact	wall-recorded	calibration	?	accept-shape walls at 13+ bytes; not standing
misc-ops	proofs::eq_tidin_accept_5_5	-Z c-ffi -Z stubbing --exact	wall-recorded	calibration	?	accept-shape walls at 13+ bytes; not standing
misc-ops	proofs::eq_tidin_accept_11_5	-Z c-ffi -Z stubbing --exact	wall-recorded	calibration	?	accept-shape walls at 13+ bytes; not standing
misc-ops	proofs::eq_tidin_accept_12_5	-Z c-ffi -Z stubbing --exact	wall-recorded	calibration	?	accept-shape walls at 13+ bytes; not standing
misc-ops	proofs::eq_tidin_accept_10_6	-Z c-ffi -Z stubbing --exact	wall-recorded	calibration	?	accept-shape walls at 13+ bytes; not standing
misc-ops	proofs::eq_tidin_spots	-Z c-ffi -Z stubbing --exact	green	unmeasured	?	15 concrete spots
misc-ops	proofs::eq_tidout_r1_lt1e4	-Z c-ffi -Z stubbing --exact	green	release-gate	21	default 20-22s vs kissat >30s wall (inversion)
misc-ops	proofs::artifact_probe_tidout_d5	-Z c-ffi -Z stubbing --exact	must-fail	defect-witness	?	expected FAIL from CBMC dest-offset ARTIFACT, not divergence; not standing
misc-ops	proofs::artifact_probe_tidout_d6	-Z c-ffi -Z stubbing --exact	must-fail	defect-witness	?	expected FAIL from CBMC dest-offset ARTIFACT, not divergence; not standing
misc-ops	proofs::artifact_probe_tidout_d7a	-Z c-ffi -Z stubbing --exact	must-fail	defect-witness	?	expected FAIL from CBMC dest-offset ARTIFACT, not divergence; not standing
misc-ops	proofs::artifact_probe_tidout_d7b	-Z c-ffi -Z stubbing --exact	must-fail	defect-witness	?	expected FAIL from CBMC dest-offset ARTIFACT, not divergence; not standing
misc-ops	proofs::artifact_probe_ultoa_dest_offset1	-Z c-ffi -Z stubbing --exact	must-fail	defect-witness	?	artifact witness
misc-ops	proofs::artifact_control_ultoa_dest_offset0	-Z c-ffi -Z stubbing --exact	green	per-commit	0.5	control proving artifact is the offset
misc-ops	proofs::cover_tidout_block_split	-Z c-ffi -Z stubbing --exact	green	unmeasured	?	standing claim [0,1e4)
misc-ops	proofs::eq_tidout_spots	-Z c-ffi -Z stubbing --exact	green	unmeasured	?	
misc-ops	proofs::eq_u32in_len0	-Z c-ffi -Z stubbing --exact	green	unmeasured	?	
misc-ops	proofs::eq_u32in_len1	-Z c-ffi -Z stubbing --exact	green	unmeasured	?	
misc-ops	proofs::eq_u32in_len2	-Z c-ffi -Z stubbing --exact	green	unmeasured	?	
misc-ops	proofs::eq_u32in_len3	-Z c-ffi -Z stubbing --exact	green	unmeasured	?	
misc-ops	proofs::eq_u32in_len4	-Z c-ffi -Z stubbing --exact	green	release-gate	18	
misc-ops	proofs::eq_u32in_len5	-Z c-ffi -Z stubbing --exact	green	release-gate	26	
misc-ops	proofs::eq_u32in_len6	-Z c-ffi -Z stubbing --exact	wall-recorded	calibration	?	not in run-all.sh
misc-ops	proofs::eq_u32in_len7	-Z c-ffi -Z stubbing --exact	wall-recorded	calibration	?	not in run-all.sh
misc-ops	proofs::eq_u32in_len8	-Z c-ffi -Z stubbing --exact	wall-recorded	calibration	?	not in run-all.sh
misc-ops	proofs::eq_u32in_len9	-Z c-ffi -Z stubbing --exact	wall-recorded	calibration	?	not in run-all.sh
misc-ops	proofs::eq_u32in_len10	-Z c-ffi -Z stubbing --exact	wall-recorded	calibration	?	not in run-all.sh
misc-ops	proofs::eq_u32in_len11	-Z c-ffi -Z stubbing --exact	wall-recorded	calibration	?	not in run-all.sh
misc-ops	proofs::eq_u32in_len12	-Z c-ffi -Z stubbing --exact	wall-recorded	calibration	?	not in run-all.sh
misc-ops	proofs::cover_u32in_len_split	-Z c-ffi -Z stubbing --exact	green	unmeasured	?	claims len<=5
misc-ops	proofs::eq_u32in_spots_dec	-Z c-ffi -Z stubbing --exact	green	unmeasured	?	spot batch
misc-ops	proofs::eq_u32in_spots_base	-Z c-ffi -Z stubbing --exact	green	unmeasured	?	spot batch
misc-ops	proofs::eq_u32in_spots_base_edge	-Z c-ffi -Z stubbing --exact	green	unmeasured	?	spot batch
misc-ops	proofs::eq_u32in_spots_neg	-Z c-ffi -Z stubbing --exact	green	unmeasured	?	spot batch
misc-ops	proofs::eq_u32in_spots_space	-Z c-ffi -Z stubbing --exact	green	unmeasured	?	spot batch
misc-ops	proofs::eq_u32in_spots_reject	-Z c-ffi -Z stubbing --exact	green	unmeasured	?	spot batch
misc-ops	proofs::eq_u32in_spots_range	-Z c-ffi -Z stubbing --exact	green	unmeasured	?	spot batch
misc-ops	proofs::eq_u32in_spots_hexmax	-Z c-ffi -Z stubbing --exact	green	unmeasured	?	spot batch
misc-ops	proofs::eq_u64in_len0	-Z c-ffi -Z stubbing --exact	green	unmeasured	?	
misc-ops	proofs::eq_u64in_len1	-Z c-ffi -Z stubbing --exact	green	unmeasured	?	
misc-ops	proofs::eq_u64in_len2	-Z c-ffi -Z stubbing --exact	green	unmeasured	?	
misc-ops	proofs::eq_u64in_len3	-Z c-ffi -Z stubbing --exact	green	unmeasured	?	
misc-ops	proofs::eq_u64in_len4	-Z c-ffi -Z stubbing --exact	green	unmeasured	?	
misc-ops	proofs::eq_u64in_len5	-Z c-ffi -Z stubbing --exact	green	unmeasured	?	
misc-ops	proofs::eq_u64in_len6	-Z c-ffi -Z stubbing --exact	wall-recorded	calibration	?	not in run-all.sh
misc-ops	proofs::eq_u64in_len7	-Z c-ffi -Z stubbing --exact	wall-recorded	calibration	?	not in run-all.sh
misc-ops	proofs::eq_u64in_len8	-Z c-ffi -Z stubbing --exact	wall-recorded	calibration	?	not in run-all.sh
misc-ops	proofs::eq_u64in_len9	-Z c-ffi -Z stubbing --exact	wall-recorded	calibration	?	not in run-all.sh
misc-ops	proofs::eq_u64in_len10	-Z c-ffi -Z stubbing --exact	wall-recorded	calibration	?	not in run-all.sh
misc-ops	proofs::eq_u64in_len11	-Z c-ffi -Z stubbing --exact	wall-recorded	calibration	?	not in run-all.sh
misc-ops	proofs::eq_u64in_len12	-Z c-ffi -Z stubbing --exact	wall-recorded	calibration	?	not in run-all.sh
misc-ops	proofs::cover_u64in_len_split	-Z c-ffi -Z stubbing --exact	green	unmeasured	?	claims len<=5
misc-ops	proofs::eq_u64in_digits13	-Z c-ffi -Z stubbing --exact	wall-recorded	calibration	?	not in run-all.sh
misc-ops	proofs::eq_u64in_digits14	-Z c-ffi -Z stubbing --exact	wall-recorded	calibration	?	not in run-all.sh
misc-ops	proofs::eq_u64in_digits15	-Z c-ffi -Z stubbing --exact	wall-recorded	calibration	?	not in run-all.sh
misc-ops	proofs::eq_u64in_digits16	-Z c-ffi -Z stubbing --exact	wall-recorded	calibration	?	not in run-all.sh
misc-ops	proofs::eq_u64in_digits17	-Z c-ffi -Z stubbing --exact	wall-recorded	calibration	?	not in run-all.sh
misc-ops	proofs::eq_u64in_digits18	-Z c-ffi -Z stubbing --exact	wall-recorded	calibration	?	not in run-all.sh
misc-ops	proofs::eq_u64in_digits19	-Z c-ffi -Z stubbing --exact	wall-recorded	calibration	?	not in run-all.sh
misc-ops	proofs::eq_u64in_digits20	-Z c-ffi -Z stubbing --exact	wall-recorded	calibration	?	not in run-all.sh
misc-ops	proofs::eq_u64in_digits21	-Z c-ffi -Z stubbing --exact	wall-recorded	calibration	?	not in run-all.sh
misc-ops	proofs::eq_u64in_spots_dec	-Z c-ffi -Z stubbing --exact	green	unmeasured	?	spot batch
misc-ops	proofs::eq_u64in_spots_range	-Z c-ffi -Z stubbing --exact	green	unmeasured	?	spot batch
misc-ops	proofs::eq_u64in_spots_hex	-Z c-ffi -Z stubbing --exact	green	unmeasured	?	spot batch
misc-ops	proofs::eq_u64in_spots_octal	-Z c-ffi -Z stubbing --exact	green	unmeasured	?	spot batch
misc-ops	proofs::eq_u64in_spots_misc	-Z c-ffi -Z stubbing --exact	green	unmeasured	?	spot batch
misc-ops	proofs::eq_oidout_r1_lt1e4	-Z c-ffi -Z stubbing --exact	green	unmeasured	?	wrapper-level fc_oidout
misc-ops	proofs::eq_oidout_d5	-Z c-ffi -Z stubbing --exact	green	unmeasured	?	wrapper-level fc_oidout
misc-ops	proofs::eq_oidout_d6	-Z c-ffi -Z stubbing --exact	green	unmeasured	?	wrapper-level fc_oidout
misc-ops	proofs::eq_oidout_d7a	-Z c-ffi -Z stubbing --exact	green	unmeasured	?	wrapper-level fc_oidout
misc-ops	proofs::eq_oidout_d7b	-Z c-ffi -Z stubbing --exact	green	unmeasured	?	wrapper-level fc_oidout
misc-ops	proofs::cover_oidout_split	-Z c-ffi -Z stubbing --exact	green	unmeasured	?	
misc-ops	proofs::eq_oidout_spots	-Z c-ffi -Z stubbing --exact	green	unmeasured	?	
misc-ops	proofs::eq_xid8out_r1_lt1e4	-Z c-ffi -Z stubbing --exact	green	unmeasured	?	wrapper-level fc_xid8out
misc-ops	proofs::eq_xid8out_d5	-Z c-ffi -Z stubbing --exact	green	unmeasured	?	wrapper-level fc_xid8out
misc-ops	proofs::eq_xid8out_d6	-Z c-ffi -Z stubbing --exact	green	unmeasured	?	wrapper-level fc_xid8out
misc-ops	proofs::eq_xid8out_d7a	-Z c-ffi -Z stubbing --exact	green	unmeasured	?	wrapper-level fc_xid8out
misc-ops	proofs::eq_xid8out_d7b	-Z c-ffi -Z stubbing --exact	green	unmeasured	?	wrapper-level fc_xid8out
misc-ops	proofs::cover_xid8out_split	-Z c-ffi -Z stubbing --exact	green	unmeasured	?	
misc-ops	proofs::eq_xid8out_spots	-Z c-ffi -Z stubbing --exact	green	unmeasured	?	
misc-ops	proofs::control_booland_vs_c_boolor	-Z c-ffi -Z stubbing --exact	must-fail	defect-witness	?	DEFAULT solver; run manually
misc-ops	proofs::control_date_pli_vs_c_mii	-Z c-ffi -Z stubbing --exact	must-fail	defect-witness	?	DEFAULT solver
misc-ops	proofs::census_tidin_empty_field	-Z c-ffi -Z stubbing --exact	must-fail	defect-witness	?	proved-divergence witness; ruling pending
name-ascii	eq_btnamecmp_full64	-Z c-ffi --c-lib c/pg_name_ascii.c --solver kissat	green	per-commit	3	unwind(66)
name-ascii	eq_btnamecmp_cap16	-Z c-ffi --c-lib c/pg_name_ascii.c --solver kissat	green	per-commit	3	unwind(18)
name-ascii	eq_nameeq_full64	-Z c-ffi --c-lib c/pg_name_ascii.c --solver kissat	green	per-commit	3	
name-ascii	eq_namene_full64	-Z c-ffi --c-lib c/pg_name_ascii.c --solver kissat	green	per-commit	3	
name-ascii	eq_namelt_full64	-Z c-ffi --c-lib c/pg_name_ascii.c --solver kissat	green	per-commit	3	
name-ascii	eq_namele_full64	-Z c-ffi --c-lib c/pg_name_ascii.c --solver kissat	green	per-commit	3	
name-ascii	eq_namegt_full64	-Z c-ffi --c-lib c/pg_name_ascii.c --solver kissat	green	per-commit	3	
name-ascii	eq_namege_full64	-Z c-ffi --c-lib c/pg_name_ascii.c --solver kissat	green	per-commit	3	
name-ascii	eq_namein_sym_len_le_71	-Z c-ffi --c-lib c/pg_name_ascii.c --solver kissat	green	per-commit	1.7	modulo single-byte mbcliplen model
name-ascii	eq_text_name_sym_len_le_71	-Z c-ffi --c-lib c/pg_name_ascii.c --solver kissat	green	per-commit	1.6	added to run-all.sh 2026-07-28
name-ascii	eq_name_text_payload	-Z c-ffi --c-lib c/pg_name_ascii.c --solver kissat	green	per-commit	4.2	added to run-all.sh 2026-07-28
name-ascii	eq_nameout_terminated	-Z c-ffi --c-lib c/pg_name_ascii.c --solver kissat	green	release-gate	13.2	under load; re-measure idle
name-ascii	eq_to_ascii_latin1	-Z c-ffi --c-lib c/pg_name_ascii.c --solver kissat	green	per-commit	2.7	
name-ascii	eq_to_ascii_latin2	-Z c-ffi --c-lib c/pg_name_ascii.c --solver kissat	green	unmeasured	?	
name-ascii	eq_to_ascii_latin9	-Z c-ffi --c-lib c/pg_name_ascii.c --solver kissat	green	unmeasured	?	
name-ascii	eq_to_ascii_win1250	-Z c-ffi --c-lib c/pg_name_ascii.c --solver kissat	green	unmeasured	?	
name-ascii	cover_to_ascii_enc_split	-Z c-ffi --c-lib c/pg_name_ascii.c --solver kissat	green	unmeasured	?	union coverage
name-ascii	control_name_mismatch_must_fail	-Z c-ffi --c-lib c/pg_name_ascii.c	must-fail	defect-witness	?	DEFAULT solver (run-all.sh reconciled 2026-07-28)
name-ascii	control_ascii_enc_mismatch_must_fail	-Z c-ffi --c-lib c/pg_name_ascii.c	must-fail	defect-witness	?	LATIN1 vs LATIN2; DEFAULT solver (run-all.sh reconciled 2026-07-28)
network	bitncmp_equiv	-Z c-ffi -Z stubbing --c-lib csrc/net_shim.c --c-lib csrc/net_ops.c --solver kissat	green	per-commit	1.05	run.log
network	bitncommon_equiv	-Z c-ffi -Z stubbing --c-lib csrc/net_shim.c --c-lib csrc/net_ops.c --solver kissat	green	per-commit	2.11	run.log
network	cover_family_cases	-Z c-ffi -Z stubbing --c-lib csrc/net_shim.c --c-lib csrc/net_ops.c --solver kissat	green	unmeasured	?	union coverage of v4/v6/xf split
network	eq_inet_same_family	-Z c-ffi -Z stubbing --c-lib csrc/net_shim.c --c-lib csrc/net_ops.c --solver kissat	green	per-commit	1.6	
network	eq_network_ne_v4	-Z c-ffi -Z stubbing --c-lib csrc/net_shim.c --c-lib csrc/net_ops.c --solver kissat	green	release-gate	10	4-10s
network	eq_network_ne_v6	-Z c-ffi -Z stubbing --c-lib csrc/net_shim.c --c-lib csrc/net_ops.c --solver kissat	green	release-gate	10	4-10s
network	eq_network_ne_xf	-Z c-ffi -Z stubbing --c-lib csrc/net_shim.c --c-lib csrc/net_ops.c --solver kissat	green	release-gate	10	4-10s
network	eq_network_sup_v4	-Z c-ffi -Z stubbing --c-lib csrc/net_shim.c --c-lib csrc/net_ops.c --solver kissat	green	release-gate	10	4-10s
network	eq_network_sup_v6	-Z c-ffi -Z stubbing --c-lib csrc/net_shim.c --c-lib csrc/net_ops.c --solver kissat	green	release-gate	10	4-10s
network	eq_network_sup_xf	-Z c-ffi -Z stubbing --c-lib csrc/net_shim.c --c-lib csrc/net_ops.c --solver kissat	green	release-gate	10	4-10s
network	eq_network_supeq_v4	-Z c-ffi -Z stubbing --c-lib csrc/net_shim.c --c-lib csrc/net_ops.c --solver kissat	green	release-gate	10	4-10s
network	eq_network_supeq_v6	-Z c-ffi -Z stubbing --c-lib csrc/net_shim.c --c-lib csrc/net_ops.c --solver kissat	green	release-gate	10	4-10s
network	eq_network_supeq_xf	-Z c-ffi -Z stubbing --c-lib csrc/net_shim.c --c-lib csrc/net_ops.c --solver kissat	green	release-gate	10	4-10s
network	eq_network_overlap_v4	-Z c-ffi -Z stubbing --c-lib csrc/net_shim.c --c-lib csrc/net_ops.c --solver kissat	green	release-gate	10	4-10s
network	eq_network_overlap_v6	-Z c-ffi -Z stubbing --c-lib csrc/net_shim.c --c-lib csrc/net_ops.c --solver kissat	green	release-gate	10	4-10s
network	eq_network_overlap_xf	-Z c-ffi -Z stubbing --c-lib csrc/net_shim.c --c-lib csrc/net_ops.c --solver kissat	green	release-gate	10	4-10s
network	eq_network_eq_v4	-Z c-ffi -Z stubbing --c-lib csrc/net_shim.c --c-lib csrc/net_ops.c --solver kissat	green	release-gate	10	4-10s
network	eq_network_eq_v6	-Z c-ffi -Z stubbing --c-lib csrc/net_shim.c --c-lib csrc/net_ops.c --solver kissat	green	release-gate	10	4-10s
network	eq_network_eq_xf	-Z c-ffi -Z stubbing --c-lib csrc/net_shim.c --c-lib csrc/net_ops.c --solver kissat	green	release-gate	10	4-10s
network	eq_network_lt_v4	-Z c-ffi -Z stubbing --c-lib csrc/net_shim.c --c-lib csrc/net_ops.c --solver kissat	green	release-gate	10	4-10s
network	eq_network_lt_v6	-Z c-ffi -Z stubbing --c-lib csrc/net_shim.c --c-lib csrc/net_ops.c --solver kissat	green	release-gate	10	4-10s
network	eq_network_lt_xf	-Z c-ffi -Z stubbing --c-lib csrc/net_shim.c --c-lib csrc/net_ops.c --solver kissat	green	release-gate	10	4-10s
network	eq_network_le_v4	-Z c-ffi -Z stubbing --c-lib csrc/net_shim.c --c-lib csrc/net_ops.c --solver kissat	green	release-gate	10	4-10s
network	eq_network_le_v6	-Z c-ffi -Z stubbing --c-lib csrc/net_shim.c --c-lib csrc/net_ops.c --solver kissat	green	release-gate	10	4-10s
network	eq_network_le_xf	-Z c-ffi -Z stubbing --c-lib csrc/net_shim.c --c-lib csrc/net_ops.c --solver kissat	green	release-gate	10	4-10s
network	eq_network_gt_v4	-Z c-ffi -Z stubbing --c-lib csrc/net_shim.c --c-lib csrc/net_ops.c --solver kissat	green	release-gate	10	4-10s
network	eq_network_gt_v6	-Z c-ffi -Z stubbing --c-lib csrc/net_shim.c --c-lib csrc/net_ops.c --solver kissat	green	release-gate	10	4-10s
network	eq_network_gt_xf	-Z c-ffi -Z stubbing --c-lib csrc/net_shim.c --c-lib csrc/net_ops.c --solver kissat	green	release-gate	10	4-10s
network	eq_network_ge_v4	-Z c-ffi -Z stubbing --c-lib csrc/net_shim.c --c-lib csrc/net_ops.c --solver kissat	green	release-gate	10	4-10s
network	eq_network_ge_v6	-Z c-ffi -Z stubbing --c-lib csrc/net_shim.c --c-lib csrc/net_ops.c --solver kissat	green	release-gate	10	4-10s
network	eq_network_ge_xf	-Z c-ffi -Z stubbing --c-lib csrc/net_shim.c --c-lib csrc/net_ops.c --solver kissat	green	release-gate	10	4-10s
network	eq_network_sub_v4	-Z c-ffi -Z stubbing --c-lib csrc/net_shim.c --c-lib csrc/net_ops.c --solver kissat	green	release-gate	10	4-10s
network	eq_network_sub_v6	-Z c-ffi -Z stubbing --c-lib csrc/net_shim.c --c-lib csrc/net_ops.c --solver kissat	green	release-gate	10	4-10s
network	eq_network_sub_xf	-Z c-ffi -Z stubbing --c-lib csrc/net_shim.c --c-lib csrc/net_ops.c --solver kissat	green	release-gate	10	4-10s
network	eq_network_subeq_v4	-Z c-ffi -Z stubbing --c-lib csrc/net_shim.c --c-lib csrc/net_ops.c --solver kissat	green	release-gate	10	4-10s
network	eq_network_subeq_v6	-Z c-ffi -Z stubbing --c-lib csrc/net_shim.c --c-lib csrc/net_ops.c --solver kissat	green	release-gate	10	4-10s
network	eq_network_subeq_xf	-Z c-ffi -Z stubbing --c-lib csrc/net_shim.c --c-lib csrc/net_ops.c --solver kissat	green	release-gate	10	4-10s
network	eq_network_cmp_v4	-Z c-ffi -Z stubbing --c-lib csrc/net_shim.c --c-lib csrc/net_ops.c --solver kissat	green	per-commit	9	4-9s
network	eq_network_cmp_v6	-Z c-ffi -Z stubbing --c-lib csrc/net_shim.c --c-lib csrc/net_ops.c --solver kissat	green	per-commit	9	4-9s
network	eq_network_cmp_xf	-Z c-ffi -Z stubbing --c-lib csrc/net_shim.c --c-lib csrc/net_ops.c --solver kissat	green	per-commit	9	4-9s
network	eq_network_smaller_v4	-Z c-ffi -Z stubbing --c-lib csrc/net_shim.c --c-lib csrc/net_ops.c --solver kissat	green	per-commit	9	winning-input-datum identity
network	eq_network_smaller_v6	-Z c-ffi -Z stubbing --c-lib csrc/net_shim.c --c-lib csrc/net_ops.c --solver kissat	green	per-commit	9	winning-input-datum identity
network	eq_network_smaller_xf	-Z c-ffi -Z stubbing --c-lib csrc/net_shim.c --c-lib csrc/net_ops.c --solver kissat	green	per-commit	9	winning-input-datum identity
network	eq_network_larger_v4	-Z c-ffi -Z stubbing --c-lib csrc/net_shim.c --c-lib csrc/net_ops.c --solver kissat	green	per-commit	9	5-9s
network	eq_network_larger_v6	-Z c-ffi -Z stubbing --c-lib csrc/net_shim.c --c-lib csrc/net_ops.c --solver kissat	green	per-commit	9	5-9s
network	eq_network_larger_xf	-Z c-ffi -Z stubbing --c-lib csrc/net_shim.c --c-lib csrc/net_ops.c --solver kissat	green	per-commit	9	5-9s
network	eq_network_masklen	-Z c-ffi -Z stubbing --c-lib csrc/net_shim.c --c-lib csrc/net_ops.c --solver kissat	green	unmeasured	?	
network	eq_network_family	-Z c-ffi -Z stubbing --c-lib csrc/net_shim.c --c-lib csrc/net_ops.c --solver kissat	green	unmeasured	?	
network	eq_network_broadcast	-Z c-ffi -Z stubbing --c-lib csrc/net_shim.c --c-lib csrc/net_ops.c --solver kissat	green	unmeasured	?	
network	eq_network_netmask	-Z c-ffi -Z stubbing --c-lib csrc/net_shim.c --c-lib csrc/net_ops.c --solver kissat	green	unmeasured	?	
network	eq_network_hostmask	-Z c-ffi -Z stubbing --c-lib csrc/net_shim.c --c-lib csrc/net_ops.c --solver kissat	green	unmeasured	?	
network	eq_network_network	-Z c-ffi -Z stubbing --c-lib csrc/net_shim.c --c-lib csrc/net_ops.c --solver kissat	green	per-commit	0.96	
network	eq_inetnot	-Z c-ffi -Z stubbing --c-lib csrc/net_shim.c --c-lib csrc/net_ops.c --solver kissat	green	per-commit	2.7	
network	eq_inetand	-Z c-ffi -Z stubbing --c-lib csrc/net_shim.c --c-lib csrc/net_ops.c --solver kissat	green	release-gate	12.7	-Z stubbing load-bearing
network	eq_inetand_mismatch	-Z c-ffi -Z stubbing --c-lib csrc/net_shim.c --c-lib csrc/net_ops.c --solver kissat	green	unmeasured	?	Err-arm sqlstate/level parity
network	eq_inetor	-Z c-ffi -Z stubbing --c-lib csrc/net_shim.c --c-lib csrc/net_ops.c --solver kissat	green	release-gate	14	
network	eq_inetor_mismatch	-Z c-ffi -Z stubbing --c-lib csrc/net_shim.c --c-lib csrc/net_ops.c --solver kissat	green	unmeasured	?	
network	eq_inet_merge	-Z c-ffi -Z stubbing --c-lib csrc/net_shim.c --c-lib csrc/net_ops.c --solver kissat	green	per-commit	7	
network	eq_inet_merge_mismatch	-Z c-ffi -Z stubbing --c-lib csrc/net_shim.c --c-lib csrc/net_ops.c --solver kissat	green	unmeasured	?	
network	cover_merge_cases	-Z c-ffi -Z stubbing --c-lib csrc/net_shim.c --c-lib csrc/net_ops.c --solver kissat	green	unmeasured	?	union coverage
network	control_network_sub_vs_c_subeq	-Z c-ffi -Z stubbing --c-lib csrc/net_shim.c --c-lib csrc/net_ops.c	must-fail	defect-witness	?	DEFAULT solver mandated
network	arith_proofs::eq_inetmi_v4	-Z c-ffi -Z stubbing --c-lib csrc/net_arith.c --exact	green	per-commit	0.19	DEFAULT solver (mixed-arm); network-2026-07-30
network	arith_proofs::eq_inetmi_v6	-Z c-ffi -Z stubbing --c-lib csrc/net_arith.c --exact	green	per-commit	1.9	
network	arith_proofs::eq_inetmi_xf	-Z c-ffi -Z stubbing --c-lib csrc/net_arith.c --exact	green	per-commit	1.8	
network	arith_proofs::cover_inetmi_arms	-Z c-ffi -Z stubbing --c-lib csrc/net_arith.c --solver kissat --exact	green	per-commit	3.3	3/3 covers SATISFIED
network	arith_proofs::cover_arith_family_cases	-Z c-ffi -Z stubbing --c-lib csrc/net_arith.c --solver kissat --exact	green	per-commit	0.02	
network	arith_proofs::cover_inetpl_arms	-Z c-ffi -Z stubbing --c-lib csrc/net_arith.c --solver kissat --exact	green	per-commit	0.24	2/2 covers SATISFIED
network	arith_proofs::eq_inet_to_cidr	-Z c-ffi -Z stubbing --c-lib csrc/net_arith.c --exact	green	per-commit	0.73	
network	arith_proofs::eq_inet_set_masklen	-Z c-ffi -Z stubbing --c-lib csrc/net_arith.c --exact	green	per-commit	0.65	
network	arith_proofs::eq_cidr_set_masklen	-Z c-ffi -Z stubbing --c-lib csrc/net_arith.c --exact	green	per-commit	1.0	
network	arith_proofs::cover_set_masklen_arms	-Z c-ffi -Z stubbing --c-lib csrc/net_arith.c --solver kissat --exact	green	per-commit	1	3/3 covers SATISFIED
network	arith_proofs::eq_hashinet_v4	-Z c-ffi -Z stubbing --c-lib csrc/net_arith.c --solver kissat --exact	green	per-commit	1.9	composed with proved hash_bytes ≡ hash_any (proofs/hash)
network	arith_proofs::eq_hashinet_v6	-Z c-ffi -Z stubbing --c-lib csrc/net_arith.c --solver kissat --exact	green	per-commit	2.9	
network	arith_proofs::eq_hashinetextended_v4	-Z c-ffi -Z stubbing --c-lib csrc/net_arith.c --solver kissat --exact	green	per-commit	3.8	symbolic seed
network	arith_proofs::eq_hashinetextended_v6	-Z c-ffi -Z stubbing --c-lib csrc/net_arith.c --solver kissat --exact	green	per-commit	6.3	
network	arith_proofs::control_inetpl_vs_c_inetmi_int8	-Z c-ffi -Z stubbing --c-lib csrc/net_arith.c --exact	must-fail	defect-witness	0.25	DEFAULT solver; sign-flip control FAILED as required
network	arith_proofs::control_hashinet_view_skew	-Z c-ffi -Z stubbing --c-lib csrc/net_arith.c --exact	must-fail	defect-witness	0.48	DEFAULT solver; length-skew control FAILED as required
network	recvsend_proofs::eq_inet_recv_len2	-Z c-ffi -Z stubbing --c-lib csrc/net_recvsend.c --exact	green	release-gate	140.9	DEFAULT solver; unwind>=18 mandatory (16B memcmp); mcx stub set
network	recvsend_proofs::eq_inet_recv_len8	-Z c-ffi -Z stubbing --c-lib csrc/net_recvsend.c --exact	green	release-gate	146.0	
network	recvsend_proofs::eq_inet_recv_len10	-Z c-ffi -Z stubbing --c-lib csrc/net_recvsend.c --exact	green	release-gate	142.5	
network	recvsend_proofs::eq_inet_recv_full20	-Z c-ffi -Z stubbing --c-lib csrc/net_recvsend.c --exact	green	release-gate	194.1	
network	recvsend_proofs::eq_cidr_recv_len2	-Z c-ffi -Z stubbing --c-lib csrc/net_recvsend.c --exact	green	release-gate	124.7	
network	recvsend_proofs::eq_cidr_recv_len8	-Z c-ffi -Z stubbing --c-lib csrc/net_recvsend.c --exact	green	release-gate	159.7	
network	recvsend_proofs::eq_cidr_recv_len10	-Z c-ffi -Z stubbing --c-lib csrc/net_recvsend.c --exact	green	release-gate	143.1	
network	recvsend_proofs::eq_cidr_recv_full20	-Z c-ffi -Z stubbing --c-lib csrc/net_recvsend.c --exact	green	release-gate	262.7	
network	recvsend_proofs::eq_network_send_v4	-Z c-ffi -Z stubbing --c-lib csrc/net_recvsend.c --exact	green	release-gate	86.5	unwind 14 tight (26 costs 311s); kissat worse (113s)
network	recvsend_proofs::eq_network_send_v6	-Z c-ffi -Z stubbing --c-lib csrc/net_recvsend.c --exact	green	release-gate	323.5	symex depth-bound at mandatory unwind 26
network	recvsend_proofs::cover_recv_arms	-Z c-ffi -Z stubbing --c-lib csrc/net_recvsend.c --solver kissat --exact	green	per-commit	30	6/6 covers SATISFIED (all C arms)
network	recvsend_proofs::cover_send_family_cases	-Z c-ffi -Z stubbing --c-lib csrc/net_recvsend.c --solver kissat --exact	green	per-commit	1	2/2 covers SATISFIED
network	recvsend_proofs::control_send_flag_skew	-Z c-ffi -Z stubbing --c-lib csrc/net_recvsend.c --exact	must-fail	defect-witness	296.7	DEFAULT solver; flag-skew control FAILED as required
network	recvsend_proofs::probe_inet_recv_symlen	-Z c-ffi -Z stubbing --c-lib csrc/net_recvsend.c --exact	wall-recorded	calibration	450	wall-witness: symbolic-length plane timeout-450s (re-validated on clean disk)
numeric-probe	proofs::eq_numeric_cmp_nd1	-Z c-ffi -Z stubbing --c-lib c/pg_numeric_cmp.c --c-lib c/pg_numeric_rows.c --solver kissat --exact	green	release-gate	28	17-28s under load
numeric-probe	proofs::eq_numeric_cmp_nd2	-Z c-ffi -Z stubbing --c-lib c/pg_numeric_cmp.c --c-lib c/pg_numeric_rows.c --solver kissat --exact	green	release-gate	28	17-28s under load
numeric-probe	proofs::eq_numeric_cmp_nd3	-Z c-ffi -Z stubbing --c-lib c/pg_numeric_cmp.c --c-lib c/pg_numeric_rows.c --solver kissat --exact	green	release-gate	28	17-28s under load
numeric-probe	proofs::eq_numeric_cmp_nd4	-Z c-ffi -Z stubbing --c-lib c/pg_numeric_cmp.c --c-lib c/pg_numeric_rows.c --solver kissat --exact	green	release-gate	28	17-28s under load
numeric-probe	proofs::eq_numeric_cmp_nd6	-Z c-ffi -Z stubbing --c-lib c/pg_numeric_cmp.c --c-lib c/pg_numeric_rows.c --solver kissat --exact	green	release-gate	28	17-28s under load
numeric-probe	proofs::eq_numeric_cmp_nd8	-Z c-ffi -Z stubbing --c-lib c/pg_numeric_cmp.c --c-lib c/pg_numeric_rows.c --solver kissat --exact	green	release-gate	27.5	documented release-gate tier
numeric-probe	proofs::eq_numeric_cmp_nd4_unstripped	-Z c-ffi -Z stubbing --c-lib c/pg_numeric_cmp.c --c-lib c/pg_numeric_rows.c --solver kissat --exact	green	unmeasured	?	out-of-contract domain
numeric-probe	proofs::eq_numeric_eq_nd4	-Z c-ffi -Z stubbing --c-lib c/pg_numeric_cmp.c --c-lib c/pg_numeric_rows.c --solver kissat --exact	green	release-gate	22	19-22s
numeric-probe	proofs::eq_numeric_ne_nd4	-Z c-ffi -Z stubbing --c-lib c/pg_numeric_cmp.c --c-lib c/pg_numeric_rows.c --solver kissat --exact	green	release-gate	22	19-22s
numeric-probe	proofs::eq_numeric_lt_nd4	-Z c-ffi -Z stubbing --c-lib c/pg_numeric_cmp.c --c-lib c/pg_numeric_rows.c --solver kissat --exact	green	release-gate	22	19-22s
numeric-probe	proofs::eq_numeric_le_nd4	-Z c-ffi -Z stubbing --c-lib c/pg_numeric_cmp.c --c-lib c/pg_numeric_rows.c --solver kissat --exact	green	release-gate	22	19-22s
numeric-probe	proofs::eq_numeric_gt_nd4	-Z c-ffi -Z stubbing --c-lib c/pg_numeric_cmp.c --c-lib c/pg_numeric_rows.c --solver kissat --exact	green	release-gate	22	19-22s
numeric-probe	proofs::eq_numeric_ge_nd4	-Z c-ffi -Z stubbing --c-lib c/pg_numeric_cmp.c --c-lib c/pg_numeric_rows.c --solver kissat --exact	green	release-gate	22	19-22s
numeric-probe	proofs::control_numeric_cmp_short_c_ndigits	-Z c-ffi -Z stubbing --c-lib c/pg_numeric_cmp.c --c-lib c/pg_numeric_rows.c --exact	must-fail	defect-witness	?	DEFAULT solver
numeric-probe	proofs::eq_numeric_smaller_nd4	-Z c-ffi -Z stubbing --c-lib c/pg_numeric_cmp.c --c-lib c/pg_numeric_rows.c --solver kissat --exact	green	calibration	62.8	full plane incl ties post divergence-#9 fix; measured under load 2026-07-28
numeric-probe	proofs::tie_numeric_smaller_nd4	-Z c-ffi -Z stubbing --c-lib c/pg_numeric_cmp.c --c-lib c/pg_numeric_rows.c --solver kissat --exact	green	calibration	148.5	full plane incl ties post divergence-#9 fix; measured under load 2026-07-28
numeric-probe	proofs::eq_numeric_larger_nd4	-Z c-ffi -Z stubbing --c-lib c/pg_numeric_cmp.c --c-lib c/pg_numeric_rows.c --solver kissat --exact	green	calibration	81.5	full plane incl ties post divergence-#9 fix; measured under load 2026-07-28
numeric-probe	proofs::tie_numeric_larger_nd4	-Z c-ffi -Z stubbing --c-lib c/pg_numeric_cmp.c --c-lib c/pg_numeric_rows.c --solver kissat --exact	green	calibration	140.3	full plane incl ties post divergence-#9 fix; measured under load 2026-07-28
numeric-probe	proofs::cover_minmax_tie_images	-Z c-ffi -Z stubbing --c-lib c/pg_numeric_cmp.c --c-lib c/pg_numeric_rows.c --solver kissat --exact	green	unmeasured	?	ledger untriaged (harness exists, no recorded verdict)
numeric-probe	proofs::eq_numeric_abs_nd4	-Z c-ffi -Z stubbing --c-lib c/pg_numeric_cmp.c --c-lib c/pg_numeric_rows.c --solver kissat --exact	green	release-gate	13.1	measured 2026-07-30 (oid 1705 recorded)
numeric-probe	proofs::eq_numeric_uminus_nd4	-Z c-ffi -Z stubbing --c-lib c/pg_numeric_cmp.c --c-lib c/pg_numeric_rows.c --solver kissat --exact	green	unmeasured	?	ledger untriaged (harness exists, no recorded verdict)
numeric-probe	proofs::eq_numeric_uplus_nd4	-Z c-ffi -Z stubbing --c-lib c/pg_numeric_cmp.c --c-lib c/pg_numeric_rows.c --solver kissat --exact	green	unmeasured	?	ledger untriaged (harness exists, no recorded verdict)
numeric-probe	proofs::eq_hash_numeric_snd0	-Z c-ffi -Z stubbing --c-lib c/pg_numeric_cmp.c --c-lib c/pg_numeric_rows.c --solver kissat --exact	green	unmeasured	?	
numeric-probe	proofs::eq_hash_numeric_ext_snd0	-Z c-ffi -Z stubbing --c-lib c/pg_numeric_cmp.c --c-lib c/pg_numeric_rows.c --solver kissat --exact	green	unmeasured	?	
numeric-probe	proofs::eq_hash_numeric_snd1	-Z c-ffi -Z stubbing --c-lib c/pg_numeric_cmp.c --c-lib c/pg_numeric_rows.c --solver kissat --exact	green	unmeasured	?	
numeric-probe	proofs::eq_hash_numeric_ext_snd1	-Z c-ffi -Z stubbing --c-lib c/pg_numeric_cmp.c --c-lib c/pg_numeric_rows.c --solver kissat --exact	green	unmeasured	?	
numeric-probe	proofs::eq_hash_numeric_snd2	-Z c-ffi -Z stubbing --c-lib c/pg_numeric_cmp.c --c-lib c/pg_numeric_rows.c --solver kissat --exact	green	unmeasured	?	
numeric-probe	proofs::eq_hash_numeric_ext_snd2	-Z c-ffi -Z stubbing --c-lib c/pg_numeric_cmp.c --c-lib c/pg_numeric_rows.c --solver kissat --exact	green	unmeasured	?	
numeric-probe	proofs::eq_hash_numeric_snd3	-Z c-ffi -Z stubbing --c-lib c/pg_numeric_cmp.c --c-lib c/pg_numeric_rows.c --solver kissat --exact	green	unmeasured	?	
numeric-probe	proofs::eq_hash_numeric_ext_snd3	-Z c-ffi -Z stubbing --c-lib c/pg_numeric_cmp.c --c-lib c/pg_numeric_rows.c --solver kissat --exact	green	unmeasured	?	
numeric-probe	proofs::eq_hash_numeric_snd4	-Z c-ffi -Z stubbing --c-lib c/pg_numeric_cmp.c --c-lib c/pg_numeric_rows.c --solver kissat --exact	green	unmeasured	?	
numeric-probe	proofs::eq_hash_numeric_ext_snd4	-Z c-ffi -Z stubbing --c-lib c/pg_numeric_cmp.c --c-lib c/pg_numeric_rows.c --solver kissat --exact	green	unmeasured	?	
numeric-probe	proofs::cover_hash_numeric_split	-Z c-ffi -Z stubbing --c-lib c/pg_numeric_cmp.c --c-lib c/pg_numeric_rows.c --solver kissat --exact	green	unmeasured	?	
numeric-probe	proofs::eq_hash_numeric_unstripped_nd2	-Z c-ffi -Z stubbing --c-lib c/pg_numeric_cmp.c --c-lib c/pg_numeric_rows.c --solver kissat --exact	green	unmeasured	?	
numeric-probe	proofs::eq_hash_numeric_ext_unstripped_nd2	-Z c-ffi -Z stubbing --c-lib c/pg_numeric_cmp.c --c-lib c/pg_numeric_rows.c --solver kissat --exact	green	unmeasured	?	
numeric-probe	proofs::cover_hash_numeric_regimes	-Z c-ffi -Z stubbing --c-lib c/pg_numeric_cmp.c --c-lib c/pg_numeric_rows.c --solver kissat --exact	green	unmeasured	?	
numeric-probe	proofs::eq_in_range_val_nan	-Z c-ffi -Z stubbing --c-lib c/pg_numeric_cmp.c --c-lib c/pg_numeric_rows.c --c-lib c/pg_numeric_tail.c --solver kissat --exact	green	per-commit	7.3	oid 4141 special-arm representative (siblings eq_in_range_val_pinf/_ninf, _base_nan/_pinf/_ninf, _off_pinf); measured 2026-07-30
numeric-probe	proofs::eq_in_range_spot_zero_off_add	-Z c-ffi -Z stubbing --c-lib c/pg_numeric_cmp.c --c-lib c/pg_numeric_rows.c --c-lib c/pg_numeric_tail.c --solver kissat --exact	green	release-gate	31.0	oid 4141 finite-spot representative (in_range_finite_spot! siblings); measured 2026-07-30
numeric-probe	proofs::eq_in_range_err_nan	-Z c-ffi -Z stubbing --c-lib c/pg_numeric_cmp.c --c-lib c/pg_numeric_rows.c --c-lib c/pg_numeric_tail.c --solver kissat --exact	green	per-commit	3.6	oid 4141 error-arm representative (siblings eq_in_range_err_ninf/_neg_long/_neg_short); measured 2026-07-30
numeric-probe	proofs::cover_in_range_partition	-Z c-ffi -Z stubbing --c-lib c/pg_numeric_cmp.c --c-lib c/pg_numeric_rows.c --solver kissat --exact	green	unmeasured	?	
numeric-probe	proofs::control_hash_numeric_weight	-Z c-ffi -Z stubbing --c-lib c/pg_numeric_cmp.c --c-lib c/pg_numeric_rows.c --exact	must-fail	defect-witness	?	C fed weight+1; DEFAULT solver
pg_lsn	eq_pg_lsn_out	-Z c-ffi -Z stubbing --c-lib c/pg_pg_lsn.c --solver kissat	green	per-commit	2.5	
pg_lsn	drift_pg_lsn_out_master_format	-Z c-ffi -Z stubbing --c-lib c/pg_pg_lsn.c --solver kissat	green	per-commit	2.5	PROVED intentional divergence characterization (green)
pg_lsn	eq_pg_lsn_cmp	-Z c-ffi -Z stubbing --c-lib c/pg_pg_lsn.c --solver kissat	green	per-commit	0.04	
pg_lsn	eq_pg_lsn_eq	-Z c-ffi -Z stubbing --c-lib c/pg_pg_lsn.c --solver kissat	green	per-commit	0.1	<0.1s
pg_lsn	eq_pg_lsn_ne	-Z c-ffi -Z stubbing --c-lib c/pg_pg_lsn.c --solver kissat	green	per-commit	0.1	<0.1s
pg_lsn	eq_pg_lsn_lt	-Z c-ffi -Z stubbing --c-lib c/pg_pg_lsn.c --solver kissat	green	per-commit	0.1	<0.1s
pg_lsn	eq_pg_lsn_gt	-Z c-ffi -Z stubbing --c-lib c/pg_pg_lsn.c --solver kissat	green	per-commit	0.1	<0.1s
pg_lsn	eq_pg_lsn_le	-Z c-ffi -Z stubbing --c-lib c/pg_pg_lsn.c --solver kissat	green	per-commit	0.1	<0.1s
pg_lsn	eq_pg_lsn_ge	-Z c-ffi -Z stubbing --c-lib c/pg_pg_lsn.c --solver kissat	green	per-commit	0.1	<0.1s
pg_lsn	eq_pg_lsn_larger	-Z c-ffi -Z stubbing --c-lib c/pg_pg_lsn.c --solver kissat	green	per-commit	0.23	
pg_lsn	eq_pg_lsn_smaller	-Z c-ffi -Z stubbing --c-lib c/pg_pg_lsn.c --solver kissat	green	per-commit	0.24	
pg_lsn	eq_pg_lsn_in_reject	-Z c-ffi -Z stubbing --c-lib c/pg_pg_lsn.c --solver kissat	green	release-gate	16	panic stubs anti-vacuity; -Z stubbing load-bearing
pg_lsn	cover_pg_lsn_in_partition	-Z c-ffi -Z stubbing --c-lib c/pg_pg_lsn.c --solver kissat	green	release-gate	16	union coverage of 64-way split
pg_lsn	eq_pg_lsn_in_accept_1_1	-Z c-ffi -Z stubbing --c-lib c/pg_pg_lsn.c --solver kissat	green	release-gate	15	8-15s; accept_harness! 64-way split
pg_lsn	eq_pg_lsn_in_accept_1_2	-Z c-ffi -Z stubbing --c-lib c/pg_pg_lsn.c --solver kissat	green	release-gate	15	8-15s; accept_harness! 64-way split
pg_lsn	eq_pg_lsn_in_accept_1_3	-Z c-ffi -Z stubbing --c-lib c/pg_pg_lsn.c --solver kissat	green	release-gate	15	8-15s; accept_harness! 64-way split
pg_lsn	eq_pg_lsn_in_accept_1_4	-Z c-ffi -Z stubbing --c-lib c/pg_pg_lsn.c --solver kissat	green	release-gate	15	8-15s; accept_harness! 64-way split
pg_lsn	eq_pg_lsn_in_accept_1_5	-Z c-ffi -Z stubbing --c-lib c/pg_pg_lsn.c --solver kissat	green	release-gate	15	8-15s; accept_harness! 64-way split
pg_lsn	eq_pg_lsn_in_accept_1_6	-Z c-ffi -Z stubbing --c-lib c/pg_pg_lsn.c --solver kissat	green	release-gate	15	8-15s; accept_harness! 64-way split
pg_lsn	eq_pg_lsn_in_accept_1_7	-Z c-ffi -Z stubbing --c-lib c/pg_pg_lsn.c --solver kissat	green	release-gate	15	8-15s; accept_harness! 64-way split
pg_lsn	eq_pg_lsn_in_accept_1_8	-Z c-ffi -Z stubbing --c-lib c/pg_pg_lsn.c --solver kissat	green	release-gate	15	8-15s; accept_harness! 64-way split
pg_lsn	eq_pg_lsn_in_accept_2_1	-Z c-ffi -Z stubbing --c-lib c/pg_pg_lsn.c --solver kissat	green	release-gate	15	8-15s; accept_harness! 64-way split
pg_lsn	eq_pg_lsn_in_accept_2_2	-Z c-ffi -Z stubbing --c-lib c/pg_pg_lsn.c --solver kissat	green	release-gate	15	8-15s; accept_harness! 64-way split
pg_lsn	eq_pg_lsn_in_accept_2_3	-Z c-ffi -Z stubbing --c-lib c/pg_pg_lsn.c --solver kissat	green	release-gate	15	8-15s; accept_harness! 64-way split
pg_lsn	eq_pg_lsn_in_accept_2_4	-Z c-ffi -Z stubbing --c-lib c/pg_pg_lsn.c --solver kissat	green	release-gate	15	8-15s; accept_harness! 64-way split
pg_lsn	eq_pg_lsn_in_accept_2_5	-Z c-ffi -Z stubbing --c-lib c/pg_pg_lsn.c --solver kissat	green	release-gate	15	8-15s; accept_harness! 64-way split
pg_lsn	eq_pg_lsn_in_accept_2_6	-Z c-ffi -Z stubbing --c-lib c/pg_pg_lsn.c --solver kissat	green	release-gate	15	8-15s; accept_harness! 64-way split
pg_lsn	eq_pg_lsn_in_accept_2_7	-Z c-ffi -Z stubbing --c-lib c/pg_pg_lsn.c --solver kissat	green	release-gate	15	8-15s; accept_harness! 64-way split
pg_lsn	eq_pg_lsn_in_accept_2_8	-Z c-ffi -Z stubbing --c-lib c/pg_pg_lsn.c --solver kissat	green	release-gate	15	8-15s; accept_harness! 64-way split
pg_lsn	eq_pg_lsn_in_accept_3_1	-Z c-ffi -Z stubbing --c-lib c/pg_pg_lsn.c --solver kissat	green	release-gate	15	8-15s; accept_harness! 64-way split
pg_lsn	eq_pg_lsn_in_accept_3_2	-Z c-ffi -Z stubbing --c-lib c/pg_pg_lsn.c --solver kissat	green	release-gate	15	8-15s; accept_harness! 64-way split
pg_lsn	eq_pg_lsn_in_accept_3_3	-Z c-ffi -Z stubbing --c-lib c/pg_pg_lsn.c --solver kissat	green	release-gate	15	8-15s; accept_harness! 64-way split
pg_lsn	eq_pg_lsn_in_accept_3_4	-Z c-ffi -Z stubbing --c-lib c/pg_pg_lsn.c --solver kissat	green	release-gate	15	8-15s; accept_harness! 64-way split
pg_lsn	eq_pg_lsn_in_accept_3_5	-Z c-ffi -Z stubbing --c-lib c/pg_pg_lsn.c --solver kissat	green	release-gate	15	8-15s; accept_harness! 64-way split
pg_lsn	eq_pg_lsn_in_accept_3_6	-Z c-ffi -Z stubbing --c-lib c/pg_pg_lsn.c --solver kissat	green	release-gate	15	8-15s; accept_harness! 64-way split
pg_lsn	eq_pg_lsn_in_accept_3_7	-Z c-ffi -Z stubbing --c-lib c/pg_pg_lsn.c --solver kissat	green	release-gate	15	8-15s; accept_harness! 64-way split
pg_lsn	eq_pg_lsn_in_accept_3_8	-Z c-ffi -Z stubbing --c-lib c/pg_pg_lsn.c --solver kissat	green	release-gate	15	8-15s; accept_harness! 64-way split
pg_lsn	eq_pg_lsn_in_accept_4_1	-Z c-ffi -Z stubbing --c-lib c/pg_pg_lsn.c --solver kissat	green	release-gate	15	8-15s; accept_harness! 64-way split
pg_lsn	eq_pg_lsn_in_accept_4_2	-Z c-ffi -Z stubbing --c-lib c/pg_pg_lsn.c --solver kissat	green	release-gate	15	8-15s; accept_harness! 64-way split
pg_lsn	eq_pg_lsn_in_accept_4_3	-Z c-ffi -Z stubbing --c-lib c/pg_pg_lsn.c --solver kissat	green	release-gate	15	8-15s; accept_harness! 64-way split
pg_lsn	eq_pg_lsn_in_accept_4_4	-Z c-ffi -Z stubbing --c-lib c/pg_pg_lsn.c --solver kissat	green	release-gate	15	8-15s; accept_harness! 64-way split
pg_lsn	eq_pg_lsn_in_accept_4_5	-Z c-ffi -Z stubbing --c-lib c/pg_pg_lsn.c --solver kissat	green	release-gate	15	8-15s; accept_harness! 64-way split
pg_lsn	eq_pg_lsn_in_accept_4_6	-Z c-ffi -Z stubbing --c-lib c/pg_pg_lsn.c --solver kissat	green	release-gate	15	8-15s; accept_harness! 64-way split
pg_lsn	eq_pg_lsn_in_accept_4_7	-Z c-ffi -Z stubbing --c-lib c/pg_pg_lsn.c --solver kissat	green	release-gate	15	8-15s; accept_harness! 64-way split
pg_lsn	eq_pg_lsn_in_accept_4_8	-Z c-ffi -Z stubbing --c-lib c/pg_pg_lsn.c --solver kissat	green	release-gate	15	8-15s; accept_harness! 64-way split
pg_lsn	eq_pg_lsn_in_accept_5_1	-Z c-ffi -Z stubbing --c-lib c/pg_pg_lsn.c --solver kissat	green	release-gate	15	8-15s; accept_harness! 64-way split
pg_lsn	eq_pg_lsn_in_accept_5_2	-Z c-ffi -Z stubbing --c-lib c/pg_pg_lsn.c --solver kissat	green	release-gate	15	8-15s; accept_harness! 64-way split
pg_lsn	eq_pg_lsn_in_accept_5_3	-Z c-ffi -Z stubbing --c-lib c/pg_pg_lsn.c --solver kissat	green	release-gate	15	8-15s; accept_harness! 64-way split
pg_lsn	eq_pg_lsn_in_accept_5_4	-Z c-ffi -Z stubbing --c-lib c/pg_pg_lsn.c --solver kissat	green	release-gate	15	8-15s; accept_harness! 64-way split
pg_lsn	eq_pg_lsn_in_accept_5_5	-Z c-ffi -Z stubbing --c-lib c/pg_pg_lsn.c --solver kissat	green	release-gate	15	8-15s; accept_harness! 64-way split
pg_lsn	eq_pg_lsn_in_accept_5_6	-Z c-ffi -Z stubbing --c-lib c/pg_pg_lsn.c --solver kissat	green	release-gate	15	8-15s; accept_harness! 64-way split
pg_lsn	eq_pg_lsn_in_accept_5_7	-Z c-ffi -Z stubbing --c-lib c/pg_pg_lsn.c --solver kissat	green	release-gate	15	8-15s; accept_harness! 64-way split
pg_lsn	eq_pg_lsn_in_accept_5_8	-Z c-ffi -Z stubbing --c-lib c/pg_pg_lsn.c --solver kissat	green	release-gate	15	8-15s; accept_harness! 64-way split
pg_lsn	eq_pg_lsn_in_accept_6_1	-Z c-ffi -Z stubbing --c-lib c/pg_pg_lsn.c --solver kissat	green	release-gate	15	8-15s; accept_harness! 64-way split
pg_lsn	eq_pg_lsn_in_accept_6_2	-Z c-ffi -Z stubbing --c-lib c/pg_pg_lsn.c --solver kissat	green	release-gate	15	8-15s; accept_harness! 64-way split
pg_lsn	eq_pg_lsn_in_accept_6_3	-Z c-ffi -Z stubbing --c-lib c/pg_pg_lsn.c --solver kissat	green	release-gate	15	8-15s; accept_harness! 64-way split
pg_lsn	eq_pg_lsn_in_accept_6_4	-Z c-ffi -Z stubbing --c-lib c/pg_pg_lsn.c --solver kissat	green	release-gate	15	8-15s; accept_harness! 64-way split
pg_lsn	eq_pg_lsn_in_accept_6_5	-Z c-ffi -Z stubbing --c-lib c/pg_pg_lsn.c --solver kissat	green	release-gate	15	8-15s; accept_harness! 64-way split
pg_lsn	eq_pg_lsn_in_accept_6_6	-Z c-ffi -Z stubbing --c-lib c/pg_pg_lsn.c --solver kissat	green	release-gate	15	8-15s; accept_harness! 64-way split
pg_lsn	eq_pg_lsn_in_accept_6_7	-Z c-ffi -Z stubbing --c-lib c/pg_pg_lsn.c --solver kissat	green	release-gate	15	8-15s; accept_harness! 64-way split
pg_lsn	eq_pg_lsn_in_accept_6_8	-Z c-ffi -Z stubbing --c-lib c/pg_pg_lsn.c --solver kissat	green	release-gate	15	8-15s; accept_harness! 64-way split
pg_lsn	eq_pg_lsn_in_accept_7_1	-Z c-ffi -Z stubbing --c-lib c/pg_pg_lsn.c --solver kissat	green	release-gate	15	8-15s; accept_harness! 64-way split
pg_lsn	eq_pg_lsn_in_accept_7_2	-Z c-ffi -Z stubbing --c-lib c/pg_pg_lsn.c --solver kissat	green	release-gate	15	8-15s; accept_harness! 64-way split
pg_lsn	eq_pg_lsn_in_accept_7_3	-Z c-ffi -Z stubbing --c-lib c/pg_pg_lsn.c --solver kissat	green	release-gate	15	8-15s; accept_harness! 64-way split
pg_lsn	eq_pg_lsn_in_accept_7_4	-Z c-ffi -Z stubbing --c-lib c/pg_pg_lsn.c --solver kissat	green	release-gate	15	8-15s; accept_harness! 64-way split
pg_lsn	eq_pg_lsn_in_accept_7_5	-Z c-ffi -Z stubbing --c-lib c/pg_pg_lsn.c --solver kissat	green	release-gate	15	8-15s; accept_harness! 64-way split
pg_lsn	eq_pg_lsn_in_accept_7_6	-Z c-ffi -Z stubbing --c-lib c/pg_pg_lsn.c --solver kissat	green	release-gate	15	8-15s; accept_harness! 64-way split
pg_lsn	eq_pg_lsn_in_accept_7_7	-Z c-ffi -Z stubbing --c-lib c/pg_pg_lsn.c --solver kissat	green	release-gate	15	8-15s; accept_harness! 64-way split
pg_lsn	eq_pg_lsn_in_accept_7_8	-Z c-ffi -Z stubbing --c-lib c/pg_pg_lsn.c --solver kissat	green	release-gate	15	8-15s; accept_harness! 64-way split
pg_lsn	eq_pg_lsn_in_accept_8_1	-Z c-ffi -Z stubbing --c-lib c/pg_pg_lsn.c --solver kissat	green	release-gate	15	8-15s; accept_harness! 64-way split
pg_lsn	eq_pg_lsn_in_accept_8_2	-Z c-ffi -Z stubbing --c-lib c/pg_pg_lsn.c --solver kissat	green	release-gate	15	8-15s; accept_harness! 64-way split
pg_lsn	eq_pg_lsn_in_accept_8_3	-Z c-ffi -Z stubbing --c-lib c/pg_pg_lsn.c --solver kissat	green	release-gate	15	8-15s; accept_harness! 64-way split
pg_lsn	eq_pg_lsn_in_accept_8_4	-Z c-ffi -Z stubbing --c-lib c/pg_pg_lsn.c --solver kissat	green	release-gate	15	8-15s; accept_harness! 64-way split
pg_lsn	eq_pg_lsn_in_accept_8_5	-Z c-ffi -Z stubbing --c-lib c/pg_pg_lsn.c --solver kissat	green	release-gate	15	8-15s; accept_harness! 64-way split
pg_lsn	eq_pg_lsn_in_accept_8_6	-Z c-ffi -Z stubbing --c-lib c/pg_pg_lsn.c --solver kissat	green	release-gate	15	8-15s; accept_harness! 64-way split
pg_lsn	eq_pg_lsn_in_accept_8_7	-Z c-ffi -Z stubbing --c-lib c/pg_pg_lsn.c --solver kissat	green	release-gate	15	8-15s; accept_harness! 64-way split
pg_lsn	eq_pg_lsn_in_accept_8_8	-Z c-ffi -Z stubbing --c-lib c/pg_pg_lsn.c --solver kissat	green	release-gate	15	8-15s; accept_harness! 64-way split
pg_lsn	control_pg_lsn_out_mismatch	-Z c-ffi -Z stubbing --c-lib c/pg_pg_lsn.c	must-fail	defect-witness	?	DEFAULT solver; run-all.sh validates by counterexample (reconciled 2026-07-28)
pseudotypes	proofs::eq_anyarray_in	-Z c-ffi -Z stubbing --c-lib c/pg_pseudotypes.c --exact	green	per-commit	1	error stub, DEFAULT solver 0.5-0.7s
pseudotypes	proofs::eq_anyarray_recv	-Z c-ffi -Z stubbing --c-lib c/pg_pseudotypes.c --exact	green	per-commit	1	error stub, DEFAULT solver 0.5-0.7s
pseudotypes	proofs::eq_anycompatiblearray_in	-Z c-ffi -Z stubbing --c-lib c/pg_pseudotypes.c --exact	green	per-commit	1	error stub, DEFAULT solver 0.5-0.7s
pseudotypes	proofs::eq_anycompatiblearray_recv	-Z c-ffi -Z stubbing --c-lib c/pg_pseudotypes.c --exact	green	per-commit	1	error stub, DEFAULT solver 0.5-0.7s
pseudotypes	proofs::eq_anyenum_in	-Z c-ffi -Z stubbing --c-lib c/pg_pseudotypes.c --exact	green	per-commit	1	error stub, DEFAULT solver 0.5-0.7s
pseudotypes	proofs::eq_anyrange_in	-Z c-ffi -Z stubbing --c-lib c/pg_pseudotypes.c --exact	green	per-commit	1	error stub, DEFAULT solver 0.5-0.7s
pseudotypes	proofs::eq_anycompatiblerange_in	-Z c-ffi -Z stubbing --c-lib c/pg_pseudotypes.c --exact	green	per-commit	1	error stub, DEFAULT solver 0.5-0.7s
pseudotypes	proofs::eq_anymultirange_in	-Z c-ffi -Z stubbing --c-lib c/pg_pseudotypes.c --exact	green	per-commit	1	error stub, DEFAULT solver 0.5-0.7s
pseudotypes	proofs::eq_anycompatiblemultirange_in	-Z c-ffi -Z stubbing --c-lib c/pg_pseudotypes.c --exact	green	per-commit	1	error stub, DEFAULT solver 0.5-0.7s
pseudotypes	proofs::eq_shell_in	-Z c-ffi -Z stubbing --c-lib c/pg_pseudotypes.c --exact	green	per-commit	1	error stub, DEFAULT solver 0.5-0.7s
pseudotypes	proofs::eq_shell_out	-Z c-ffi -Z stubbing --c-lib c/pg_pseudotypes.c --exact	green	per-commit	1	error stub, DEFAULT solver 0.5-0.7s
pseudotypes	proofs::eq_pg_node_tree_in	-Z c-ffi -Z stubbing --c-lib c/pg_pseudotypes.c --exact	green	per-commit	1	error stub, DEFAULT solver 0.5-0.7s
pseudotypes	proofs::eq_pg_node_tree_recv	-Z c-ffi -Z stubbing --c-lib c/pg_pseudotypes.c --exact	green	per-commit	1	error stub, DEFAULT solver 0.5-0.7s
pseudotypes	proofs::eq_pg_ddl_command_in	-Z c-ffi -Z stubbing --c-lib c/pg_pseudotypes.c --exact	green	per-commit	1	error stub, DEFAULT solver 0.5-0.7s
pseudotypes	proofs::eq_pg_ddl_command_out	-Z c-ffi -Z stubbing --c-lib c/pg_pseudotypes.c --exact	green	per-commit	1	error stub, DEFAULT solver 0.5-0.7s
pseudotypes	proofs::eq_pg_ddl_command_recv	-Z c-ffi -Z stubbing --c-lib c/pg_pseudotypes.c --exact	green	per-commit	1	error stub, DEFAULT solver 0.5-0.7s
pseudotypes	proofs::eq_pg_ddl_command_send	-Z c-ffi -Z stubbing --c-lib c/pg_pseudotypes.c --exact	green	per-commit	1	error stub, DEFAULT solver 0.5-0.7s
pseudotypes	proofs::eq_any_in	-Z c-ffi -Z stubbing --c-lib c/pg_pseudotypes.c --exact	green	per-commit	1	error stub, DEFAULT solver 0.5-0.7s
pseudotypes	proofs::eq_any_out	-Z c-ffi -Z stubbing --c-lib c/pg_pseudotypes.c --exact	green	per-commit	1	error stub, DEFAULT solver 0.5-0.7s
pseudotypes	proofs::eq_trigger_in	-Z c-ffi -Z stubbing --c-lib c/pg_pseudotypes.c --exact	green	per-commit	1	error stub, DEFAULT solver 0.5-0.7s
pseudotypes	proofs::eq_trigger_out	-Z c-ffi -Z stubbing --c-lib c/pg_pseudotypes.c --exact	green	per-commit	1	error stub, DEFAULT solver 0.5-0.7s
pseudotypes	proofs::eq_event_trigger_in	-Z c-ffi -Z stubbing --c-lib c/pg_pseudotypes.c --exact	green	per-commit	1	error stub, DEFAULT solver 0.5-0.7s
pseudotypes	proofs::eq_event_trigger_out	-Z c-ffi -Z stubbing --c-lib c/pg_pseudotypes.c --exact	green	per-commit	1	error stub, DEFAULT solver 0.5-0.7s
pseudotypes	proofs::eq_language_handler_in	-Z c-ffi -Z stubbing --c-lib c/pg_pseudotypes.c --exact	green	per-commit	1	error stub, DEFAULT solver 0.5-0.7s
pseudotypes	proofs::eq_language_handler_out	-Z c-ffi -Z stubbing --c-lib c/pg_pseudotypes.c --exact	green	per-commit	1	error stub, DEFAULT solver 0.5-0.7s
pseudotypes	proofs::eq_fdw_handler_in	-Z c-ffi -Z stubbing --c-lib c/pg_pseudotypes.c --exact	green	per-commit	1	error stub, DEFAULT solver 0.5-0.7s
pseudotypes	proofs::eq_fdw_handler_out	-Z c-ffi -Z stubbing --c-lib c/pg_pseudotypes.c --exact	green	per-commit	1	error stub, DEFAULT solver 0.5-0.7s
pseudotypes	proofs::eq_table_am_handler_in	-Z c-ffi -Z stubbing --c-lib c/pg_pseudotypes.c --exact	green	per-commit	1	error stub, DEFAULT solver 0.5-0.7s
pseudotypes	proofs::eq_table_am_handler_out	-Z c-ffi -Z stubbing --c-lib c/pg_pseudotypes.c --exact	green	per-commit	1	error stub, DEFAULT solver 0.5-0.7s
pseudotypes	proofs::eq_index_am_handler_in	-Z c-ffi -Z stubbing --c-lib c/pg_pseudotypes.c --exact	green	per-commit	1	error stub, DEFAULT solver 0.5-0.7s
pseudotypes	proofs::eq_index_am_handler_out	-Z c-ffi -Z stubbing --c-lib c/pg_pseudotypes.c --exact	green	per-commit	1	error stub, DEFAULT solver 0.5-0.7s
pseudotypes	proofs::eq_tsm_handler_in	-Z c-ffi -Z stubbing --c-lib c/pg_pseudotypes.c --exact	green	per-commit	1	error stub, DEFAULT solver 0.5-0.7s
pseudotypes	proofs::eq_tsm_handler_out	-Z c-ffi -Z stubbing --c-lib c/pg_pseudotypes.c --exact	green	per-commit	1	error stub, DEFAULT solver 0.5-0.7s
pseudotypes	proofs::eq_internal_in	-Z c-ffi -Z stubbing --c-lib c/pg_pseudotypes.c --exact	green	per-commit	1	error stub, DEFAULT solver 0.5-0.7s
pseudotypes	proofs::eq_internal_out	-Z c-ffi -Z stubbing --c-lib c/pg_pseudotypes.c --exact	green	per-commit	1	error stub, DEFAULT solver 0.5-0.7s
pseudotypes	proofs::eq_anyelement_in	-Z c-ffi -Z stubbing --c-lib c/pg_pseudotypes.c --exact	green	per-commit	1	error stub, DEFAULT solver 0.5-0.7s
pseudotypes	proofs::eq_anyelement_out	-Z c-ffi -Z stubbing --c-lib c/pg_pseudotypes.c --exact	green	per-commit	1	error stub, DEFAULT solver 0.5-0.7s
pseudotypes	proofs::eq_anynonarray_in	-Z c-ffi -Z stubbing --c-lib c/pg_pseudotypes.c --exact	green	per-commit	1	error stub, DEFAULT solver 0.5-0.7s
pseudotypes	proofs::eq_anynonarray_out	-Z c-ffi -Z stubbing --c-lib c/pg_pseudotypes.c --exact	green	per-commit	1	error stub, DEFAULT solver 0.5-0.7s
pseudotypes	proofs::eq_anycompatible_in	-Z c-ffi -Z stubbing --c-lib c/pg_pseudotypes.c --exact	green	per-commit	1	error stub, DEFAULT solver 0.5-0.7s
pseudotypes	proofs::eq_anycompatible_out	-Z c-ffi -Z stubbing --c-lib c/pg_pseudotypes.c --exact	green	per-commit	1	error stub, DEFAULT solver 0.5-0.7s
pseudotypes	proofs::eq_anycompatiblenonarray_in	-Z c-ffi -Z stubbing --c-lib c/pg_pseudotypes.c --exact	green	per-commit	1	error stub, DEFAULT solver 0.5-0.7s
pseudotypes	proofs::eq_anycompatiblenonarray_out	-Z c-ffi -Z stubbing --c-lib c/pg_pseudotypes.c --exact	green	per-commit	1	error stub, DEFAULT solver 0.5-0.7s
pseudotypes	proofs::eq_void_in	-Z c-ffi -Z stubbing --c-lib c/pg_pseudotypes.c --exact	green	per-commit	1	
pseudotypes	proofs::eq_void_recv	-Z c-ffi -Z stubbing --c-lib c/pg_pseudotypes.c --exact	green	per-commit	1	
pseudotypes	proofs::eq_void_out	-Z c-ffi -Z stubbing --c-lib c/pg_pseudotypes.c --exact	green	per-commit	1	
pseudotypes	proofs::eq_void_out_core	-Z c-ffi -Z stubbing --c-lib c/pg_pseudotypes.c --exact --no-assertion-reach-checks	green	per-commit	12	tiny-proof-heap feature required
pseudotypes	eq_cstring_in	-Z c-ffi -Z stubbing --c-lib c/pg_pseudotypes.c --exact	missing	unmeasured	?	cstring_eq!; mcx stub set; cap 8; name repaired: no such harness in cargo kani list (pattern-name superseded or not landed)
pseudotypes	eq_cstring_out	-Z c-ffi -Z stubbing --c-lib c/pg_pseudotypes.c --exact	missing	unmeasured	?	name repaired: no such harness in cargo kani list (pattern-name superseded or not landed)
pseudotypes	proofs::eq_void_send	-Z c-ffi -Z stubbing --c-lib c/pg_pseudotypes.c --exact --no-assertion-reach-checks	green	per-commit	26	DEFAULT solver (kissat external re-solve overruns)
pseudotypes	eq_pg_node_tree_out	-Z c-ffi -Z stubbing --c-lib c/pg_pseudotypes.c --exact	missing	unmeasured	?	mcx stub set; name repaired: no such harness in cargo kani list (pattern-name superseded or not landed)
pseudotypes	eq_pg_node_tree_send	-Z c-ffi -Z stubbing --c-lib c/pg_pseudotypes.c --exact	missing	unmeasured	?	pg_server_to_client seam pinned to identity arm; name repaired: no such harness in cargo kani list (pattern-name superseded or not landed)
pseudotypes	proofs::control_shell_in_wrong_sqlstate	-Z c-ffi -Z stubbing --c-lib c/pg_pseudotypes.c --exact	must-fail	defect-witness	1	FAILED as required; DEFAULT solver only
scalar-misc	eq_chareq	-Z c-ffi --c-lib c/pg_scalar_misc.c --solver kissat	green	per-commit	0.2	recipe INFERRED (no run recipe recorded)
scalar-misc	eq_charne	-Z c-ffi --c-lib c/pg_scalar_misc.c --solver kissat	green	per-commit	0.2	recipe INFERRED (no run recipe recorded)
scalar-misc	eq_charlt	-Z c-ffi --c-lib c/pg_scalar_misc.c --solver kissat	green	per-commit	0.2	recipe INFERRED (no run recipe recorded)
scalar-misc	eq_charle	-Z c-ffi --c-lib c/pg_scalar_misc.c --solver kissat	green	per-commit	0.2	recipe INFERRED (no run recipe recorded)
scalar-misc	eq_chargt	-Z c-ffi --c-lib c/pg_scalar_misc.c --solver kissat	green	per-commit	0.2	recipe INFERRED (no run recipe recorded)
scalar-misc	eq_charge	-Z c-ffi --c-lib c/pg_scalar_misc.c --solver kissat	green	per-commit	0.2	recipe INFERRED (no run recipe recorded)
scalar-misc	eq_btcharcmp	-Z c-ffi --c-lib c/pg_scalar_misc.c --solver kissat	green	per-commit	0.12	
scalar-misc	eq_tideq	-Z c-ffi --c-lib c/pg_scalar_misc.c --solver kissat	green	per-commit	0.2	
scalar-misc	eq_tidne	-Z c-ffi --c-lib c/pg_scalar_misc.c --solver kissat	green	per-commit	0.2	
scalar-misc	eq_tidlt	-Z c-ffi --c-lib c/pg_scalar_misc.c --solver kissat	green	per-commit	0.2	
scalar-misc	eq_tidle	-Z c-ffi --c-lib c/pg_scalar_misc.c --solver kissat	green	per-commit	0.2	
scalar-misc	eq_tidgt	-Z c-ffi --c-lib c/pg_scalar_misc.c --solver kissat	green	per-commit	0.2	
scalar-misc	eq_tidge	-Z c-ffi --c-lib c/pg_scalar_misc.c --solver kissat	green	per-commit	0.2	
scalar-misc	eq_bttidcmp	-Z c-ffi --c-lib c/pg_scalar_misc.c --solver kissat	green	per-commit	0.2	
scalar-misc	eq_xideq	-Z c-ffi --c-lib c/pg_scalar_misc.c --solver kissat	green	per-commit	0.12	
scalar-misc	eq_xidneq	-Z c-ffi --c-lib c/pg_scalar_misc.c --solver kissat	green	per-commit	0.12	
scalar-misc	eq_xid8eq	-Z c-ffi --c-lib c/pg_scalar_misc.c --solver kissat	green	per-commit	0.15	
scalar-misc	eq_xid8ne	-Z c-ffi --c-lib c/pg_scalar_misc.c --solver kissat	green	per-commit	0.15	
scalar-misc	eq_xid8lt	-Z c-ffi --c-lib c/pg_scalar_misc.c --solver kissat	green	per-commit	0.15	
scalar-misc	eq_xid8gt	-Z c-ffi --c-lib c/pg_scalar_misc.c --solver kissat	green	per-commit	0.15	
scalar-misc	eq_xid8le	-Z c-ffi --c-lib c/pg_scalar_misc.c --solver kissat	green	per-commit	0.15	
scalar-misc	eq_xid8ge	-Z c-ffi --c-lib c/pg_scalar_misc.c --solver kissat	green	per-commit	0.15	
scalar-misc	eq_xid8cmp	-Z c-ffi --c-lib c/pg_scalar_misc.c --solver kissat	green	per-commit	0.15	
scalar-misc	eq_tidlarger	-Z c-ffi --c-lib c/pg_scalar_misc.c --solver kissat	green	per-commit	0.06	
scalar-misc	eq_tidsmaller	-Z c-ffi --c-lib c/pg_scalar_misc.c --solver kissat	green	per-commit	0.06	
scalar-misc	eq_xid8_larger	-Z c-ffi --c-lib c/pg_scalar_misc.c --solver kissat	green	per-commit	0.14	
scalar-misc	eq_xid8_smaller	-Z c-ffi --c-lib c/pg_scalar_misc.c --solver kissat	green	per-commit	0.14	
scalar-misc	eq_xid8toxid	-Z c-ffi --c-lib c/pg_scalar_misc.c --solver kissat	green	per-commit	0.11	
scalar-misc	eq_btoidvectorcmp	-Z c-ffi --c-lib c/pg_scalar_misc.c --solver kissat	green	per-commit	1.45	unwind 6
scalar-misc	eq_oidvectoreq	-Z c-ffi --c-lib c/pg_scalar_misc.c --solver kissat	green	per-commit	1.5	0.5-1.5s
scalar-misc	eq_oidvectorne	-Z c-ffi --c-lib c/pg_scalar_misc.c --solver kissat	green	per-commit	1.5	0.5-1.5s
scalar-misc	eq_oidvectorlt	-Z c-ffi --c-lib c/pg_scalar_misc.c --solver kissat	green	per-commit	1.5	0.5-1.5s
scalar-misc	eq_oidvectorle	-Z c-ffi --c-lib c/pg_scalar_misc.c --solver kissat	green	per-commit	1.5	0.5-1.5s
scalar-misc	eq_oidvectorge	-Z c-ffi --c-lib c/pg_scalar_misc.c --solver kissat	green	per-commit	1.5	0.5-1.5s
scalar-misc	eq_oidvectorgt	-Z c-ffi --c-lib c/pg_scalar_misc.c --solver kissat	green	per-commit	1.5	0.5-1.5s
scalar-misc	control_charlt_vs_c_charle	-Z c-ffi --c-lib c/pg_scalar_misc.c	must-fail	defect-witness	?	DEFAULT solver
scalar-misc	control_oidvectorlt_vs_c_le	-Z c-ffi --c-lib c/pg_scalar_misc.c	must-fail	defect-witness	?	DEFAULT solver
small-fams	eq_enum_eq	-Z c-ffi -Z stubbing --c-lib c/pg_small_fams.c --solver kissat	green	per-commit	0.32	eq_op2!
small-fams	eq_enum_ne	-Z c-ffi -Z stubbing --c-lib c/pg_small_fams.c --solver kissat	green	per-commit	0.31	
small-fams	eq_oidlarger	-Z c-ffi -Z stubbing --c-lib c/pg_small_fams.c --solver kissat	green	per-commit	0.33	
small-fams	eq_oidsmaller	-Z c-ffi -Z stubbing --c-lib c/pg_small_fams.c --solver kissat	green	per-commit	0.38	
small-fams	eq_int8inc	-Z c-ffi -Z stubbing --c-lib c/pg_small_fams.c --solver kissat	green	per-commit	0.7	sqlstate 22003 parity
small-fams	eq_int8dec	-Z c-ffi -Z stubbing --c-lib c/pg_small_fams.c --solver kissat	green	per-commit	0.71	
small-fams	eq_bit_bit_count	-Z c-ffi -Z stubbing --c-lib c/pg_small_fams.c --solver kissat	green	unmeasured	?	unwind 10; bitlen<=64
small-fams	eq_bytea_bit_count	-Z c-ffi -Z stubbing --c-lib c/pg_small_fams.c --solver kissat	green	unmeasured	?	len<=7 (len>=8 NEON excluded)
small-fams	control_enum_eq_vs_c_ne_must_fail	-Z c-ffi -Z stubbing --c-lib c/pg_small_fams.c	must-fail	defect-witness	?	DEFAULT solver
state-seam-probe	proofs::cover_nextval_regimes	-Z c-ffi -Z stubbing --c-lib c/pg_acl.c --c-lib c/pg_seq_nextval.c --exact	green	unmeasured	?	DEFAULT solver (covers are SAT calls); unwind 36
state-seam-probe	proofs::eq_nextval_advance_asc	-Z c-ffi -Z stubbing --c-lib c/pg_acl.c --c-lib c/pg_seq_nextval.c --solver kissat --exact --no-assertion-reach-checks	green	release-gate	490	~8min/half; documented release-gate tier
state-seam-probe	proofs::eq_nextval_advance_desc	-Z c-ffi -Z stubbing --c-lib c/pg_acl.c --c-lib c/pg_seq_nextval.c --solver kissat --exact --no-assertion-reach-checks	green	release-gate	490	documented release-gate tier
state-seam-probe	proofs::control_nextval_state_skew	-Z c-ffi -Z stubbing --c-lib c/pg_acl.c --c-lib c/pg_seq_nextval.c --exact	must-fail	defect-witness	?	DEFAULT solver; CaDiCaL can wedge on GREEN formula (known trap)
state-seam-probe	proofs::eq_aclmask	-Z c-ffi -Z stubbing --c-lib c/pg_acl.c --c-lib c/pg_seq_nextval.c --solver kissat --exact	green	unmeasured	?	membership-oracle seam
state-seam-probe	proofs::control_aclmask_oracle_skew	-Z c-ffi -Z stubbing --c-lib c/pg_acl.c --c-lib c/pg_seq_nextval.c --exact	must-fail	defect-witness	?	oracle-skew witness
state-seam-probe	proofs::eq_aclmask_direct	-Z c-ffi -Z stubbing --c-lib c/pg_acl.c --c-lib c/pg_seq_nextval.c --solver kissat --exact	green	unmeasured	?	pure, no seam
state-seam-probe	proofs::eq_aclitem_eq	-Z c-ffi -Z stubbing --c-lib c/pg_acl.c --c-lib c/pg_seq_nextval.c --solver kissat --exact	green	per-commit	0.6	
state-seam-probe	proofs::eq_hash_aclitem	-Z c-ffi -Z stubbing --c-lib c/pg_acl.c --c-lib c/pg_seq_nextval.c --solver kissat --exact	green	per-commit	2.9	
state-seam-probe	proofs::eq_hash_aclitem_extended	-Z c-ffi -Z stubbing --c-lib c/pg_acl.c --c-lib c/pg_seq_nextval.c --solver kissat --exact	green	per-commit	3.0	
state-seam-probe	proofs::eq_aclcontains	-Z c-ffi -Z stubbing --c-lib c/pg_acl.c --c-lib c/pg_seq_nextval.c --solver kissat --exact	green	per-commit	1.3	core-level
state-seam-probe	proofs::eq_makeaclitem_bits	-Z c-ffi -Z stubbing --c-lib c/pg_acl.c --c-lib c/pg_seq_nextval.c --solver kissat --exact	green	per-commit	0.05	
state-seam-probe	proofs::control_aclcontains_vs_eq	-Z c-ffi -Z stubbing --c-lib c/pg_acl.c --c-lib c/pg_seq_nextval.c --exact	must-fail	defect-witness	?	
strtoint	harnesses::equiv_len4	-Z c-ffi -Z stubbing	green	calibration	84.1	c-lib via Cargo.toml kani metadata; DEFAULT solver (CaDiCaL per logs)
strtoint	harnesses::equiv_len8	-Z c-ffi -Z stubbing	green	release-gate	555.8	documented release-gate tier per TRIAGE
strtoint	harnesses::equiv_len5	-Z c-ffi -Z stubbing	wall-recorded	calibration	?	status-15 timeout; domain subsumed by equiv_len8
strtoint	harnesses::equiv_len12	-Z c-ffi -Z stubbing	wall-recorded	calibration	?	TRIAGE: len 9-12 wall
strtoint	harnesses::equiv_digits_len6	-Z c-ffi -Z stubbing	wall-recorded	calibration	?	status 15
strtoint	harnesses::equiv_digits_len8	-Z c-ffi -Z stubbing	wall-recorded	calibration	?	status 15
strtoint	harnesses::equiv_digits_len11	-Z c-ffi -Z stubbing	wall-recorded	calibration	?	all solver variants killed
strtoint	harnesses::equiv_digits_exact11	-Z c-ffi -Z stubbing	wall-recorded	calibration	?	killed
text-cmp	eq_texteq	-Z c-ffi --c-lib c/pg_text_cmp.c --solver kissat	green	per-commit	5	ledger 1-5s
text-cmp	eq_textne	-Z c-ffi --c-lib c/pg_text_cmp.c --solver kissat	green	per-commit	5	1-5s
text-cmp	eq_text_lt	-Z c-ffi --c-lib c/pg_text_cmp.c --solver kissat	green	per-commit	5	1-5s
text-cmp	eq_text_le	-Z c-ffi --c-lib c/pg_text_cmp.c --solver kissat	green	per-commit	5	1-5s
text-cmp	eq_text_gt	-Z c-ffi --c-lib c/pg_text_cmp.c --solver kissat	green	per-commit	5	1-5s
text-cmp	eq_text_ge	-Z c-ffi --c-lib c/pg_text_cmp.c --solver kissat	green	per-commit	5	1-5s
text-cmp	eq_bttextcmp	-Z c-ffi --c-lib c/pg_text_cmp.c --solver kissat	green	per-commit	5	1-5s
text-cmp	eq_text_larger	-Z c-ffi --c-lib c/pg_text_cmp.c --solver kissat	green	per-commit	5	1-5s
text-cmp	eq_text_smaller	-Z c-ffi --c-lib c/pg_text_cmp.c --solver kissat	green	per-commit	5	1-5s
text-cmp	eq_text_pattern_lt	-Z c-ffi --c-lib c/pg_text_cmp.c --solver kissat	green	release-gate	18	3-18s
text-cmp	eq_text_pattern_le	-Z c-ffi --c-lib c/pg_text_cmp.c --solver kissat	green	release-gate	18	3-18s
text-cmp	eq_text_pattern_ge	-Z c-ffi --c-lib c/pg_text_cmp.c --solver kissat	green	release-gate	18	3-18s
text-cmp	eq_text_pattern_gt	-Z c-ffi --c-lib c/pg_text_cmp.c --solver kissat	green	release-gate	18	3-18s
text-cmp	eq_bttext_pattern_cmp	-Z c-ffi --c-lib c/pg_text_cmp.c --solver kissat	green	release-gate	18	3-18s
text-cmp	eq_bpchareq	-Z c-ffi --c-lib c/pg_text_cmp.c --solver kissat	green	release-gate	17	6-17s
text-cmp	eq_bpcharne	-Z c-ffi --c-lib c/pg_text_cmp.c --solver kissat	green	release-gate	17	6-17s
text-cmp	eq_bpcharlt	-Z c-ffi --c-lib c/pg_text_cmp.c --solver kissat	green	release-gate	17	6-17s
text-cmp	eq_bpcharle	-Z c-ffi --c-lib c/pg_text_cmp.c --solver kissat	green	release-gate	17	6-17s
text-cmp	eq_bpchargt	-Z c-ffi --c-lib c/pg_text_cmp.c --solver kissat	green	release-gate	17	6-17s
text-cmp	eq_bpcharge	-Z c-ffi --c-lib c/pg_text_cmp.c --solver kissat	green	release-gate	17	6-17s
text-cmp	eq_bpcharcmp	-Z c-ffi --c-lib c/pg_text_cmp.c --solver kissat	green	release-gate	17	6-17s
text-cmp	eq_bpchar_larger	-Z c-ffi --c-lib c/pg_text_cmp.c --solver kissat	green	release-gate	17	6-17s
text-cmp	eq_bpchar_smaller	-Z c-ffi --c-lib c/pg_text_cmp.c --solver kissat	green	release-gate	17	6-17s
text-cmp	eq_bpchar_pattern_lt	-Z c-ffi --c-lib c/pg_text_cmp.c --solver kissat	green	release-gate	18	3-18s
text-cmp	eq_bpchar_pattern_le	-Z c-ffi --c-lib c/pg_text_cmp.c --solver kissat	green	release-gate	18	3-18s
text-cmp	eq_bpchar_pattern_ge	-Z c-ffi --c-lib c/pg_text_cmp.c --solver kissat	green	release-gate	18	3-18s
text-cmp	eq_bpchar_pattern_gt	-Z c-ffi --c-lib c/pg_text_cmp.c --solver kissat	green	release-gate	18	3-18s
text-cmp	eq_btbpchar_pattern_cmp	-Z c-ffi --c-lib c/pg_text_cmp.c --solver kissat	green	release-gate	18	3-18s
text-cmp	eq_nameeqtext	-Z c-ffi --c-lib c/pg_text_cmp.c --solver kissat	green	calibration	43	5-43s depth-bound
text-cmp	eq_namenetext	-Z c-ffi --c-lib c/pg_text_cmp.c --solver kissat	green	calibration	43	5-43s
text-cmp	eq_namelttext	-Z c-ffi --c-lib c/pg_text_cmp.c --solver kissat	green	calibration	43	5-43s
text-cmp	eq_nameletext	-Z c-ffi --c-lib c/pg_text_cmp.c --solver kissat	green	calibration	43	5-43s
text-cmp	eq_namegttext	-Z c-ffi --c-lib c/pg_text_cmp.c --solver kissat	green	calibration	43	5-43s
text-cmp	eq_namegetext	-Z c-ffi --c-lib c/pg_text_cmp.c --solver kissat	green	calibration	43	5-43s
text-cmp	eq_btnametextcmp	-Z c-ffi --c-lib c/pg_text_cmp.c --solver kissat	green	calibration	43	5-43s
text-cmp	eq_texteqname	-Z c-ffi --c-lib c/pg_text_cmp.c --solver kissat	green	calibration	43	5-43s
text-cmp	eq_textnename	-Z c-ffi --c-lib c/pg_text_cmp.c --solver kissat	green	calibration	43	5-43s
text-cmp	eq_textltname	-Z c-ffi --c-lib c/pg_text_cmp.c --solver kissat	green	calibration	43	5-43s
text-cmp	eq_textlename	-Z c-ffi --c-lib c/pg_text_cmp.c --solver kissat	green	calibration	43	5-43s
text-cmp	eq_textgtname	-Z c-ffi --c-lib c/pg_text_cmp.c --solver kissat	green	calibration	43	5-43s
text-cmp	eq_textgename	-Z c-ffi --c-lib c/pg_text_cmp.c --solver kissat	green	calibration	43	5-43s
text-cmp	eq_bttextnamecmp	-Z c-ffi --c-lib c/pg_text_cmp.c --solver kissat	green	calibration	43	5-43s
text-cmp	probe_textltname_len63	-Z c-ffi --c-lib c/pg_text_cmp.c --solver kissat	green	unmeasured	?	width-1 probe, NOT part of standing gate
text-cmp	control_bttextcmp_short_c_len	-Z c-ffi --c-lib c/pg_text_cmp.c	must-fail	defect-witness	?	DEFAULT solver
text-cmp	control_bpchareq_untrimmed_c	-Z c-ffi --c-lib c/pg_text_cmp.c	must-fail	defect-witness	?	DEFAULT solver
text-slice	proofs::probe_env_only	-Z c-ffi -Z stubbing --c-lib c/pg_text_slice.c --exact --solver kissat	green	unmeasured	?	cost probe, NOT in run-all.sh; harness name proofs::probe_env_only
text-slice	proofs::probe_ctx_construct	-Z c-ffi -Z stubbing --c-lib c/pg_text_slice.c --exact --solver kissat	green	unmeasured	?	cost probe
text-slice	proofs::probe_ctx_forget	-Z c-ffi -Z stubbing --c-lib c/pg_text_slice.c --exact --solver kissat	green	unmeasured	?	cost probe
text-slice	proofs::probe_ctx_only	-Z c-ffi -Z stubbing --c-lib c/pg_text_slice.c --exact --solver kissat	green	unmeasured	?	cost probe
text-slice	proofs::eq_textoctetlen	-Z c-ffi -Z stubbing --c-lib c/pg_text_slice.c --exact --solver kissat	green	per-commit	?	run-all per-commit set (timeout 350); module-doc timeout reconciled to script values 2026-07-28
text-slice	proofs::eq_byteaoctetlen	-Z c-ffi -Z stubbing --c-lib c/pg_text_slice.c --exact --solver kissat	green	per-commit	?	per-commit set
text-slice	proofs::eq_textlen_latin1	-Z c-ffi -Z stubbing --c-lib c/pg_text_slice.c --exact --solver kissat	green	per-commit	?	per-commit set
text-slice	proofs::eq_byteapos	-Z c-ffi -Z stubbing --c-lib c/pg_text_slice.c --exact --solver kissat	green	per-commit	?	per-commit set
text-slice	proofs::eq_byteacat	-Z c-ffi -Z stubbing --c-lib c/pg_text_slice.c --exact --solver kissat	green	per-commit	?	per-commit set
text-slice	proofs::eq_textcat	-Z c-ffi -Z stubbing --c-lib c/pg_text_slice.c --exact --solver kissat	green	per-commit	?	per-commit set
text-slice	proofs::eq_bytea_substr	-Z c-ffi -Z stubbing --c-lib c/pg_text_slice.c --exact --solver kissat	green	per-commit	?	per-commit set
text-slice	proofs::eq_bytea_substr_no_len	-Z c-ffi -Z stubbing --c-lib c/pg_text_slice.c --exact --solver kissat	green	per-commit	?	per-commit set
text-slice	proofs::eq_textpos_latin1	-Z c-ffi -Z stubbing --c-lib c/pg_text_slice.c --exact --solver kissat	green	per-commit	?	per-commit set
text-slice	proofs::eq_text_substr_latin1	-Z c-ffi -Z stubbing --c-lib c/pg_text_slice.c --exact --solver kissat	green	per-commit	?	per-commit set
text-slice	proofs::eq_text_substr_no_len_latin1	-Z c-ffi -Z stubbing --c-lib c/pg_text_slice.c --exact --solver kissat	green	per-commit	?	per-commit set
text-slice	proofs::eq_text_starts_with_latin1	-Z c-ffi -Z stubbing --c-lib c/pg_text_slice.c --exact --solver kissat	green	per-commit	?	per-commit set
text-slice	proofs::eq_text_left_latin1	-Z c-ffi -Z stubbing --c-lib c/pg_text_slice.c --exact --solver kissat	green	per-commit	?	per-commit set
text-slice	proofs::eq_text_right_latin1	-Z c-ffi -Z stubbing --c-lib c/pg_text_slice.c --exact --solver kissat	green	per-commit	?	per-commit set
text-slice	proofs::eq_textlen_utf8	-Z c-ffi -Z stubbing --c-lib c/pg_text_slice.c --exact --solver kissat	green	release-gate	?	documented release-gate (run-all timeout 600; mb walk)
text-slice	proofs::eq_textpos_utf8	-Z c-ffi -Z stubbing --c-lib c/pg_text_slice.c --exact --solver kissat	green	release-gate	?	documented release-gate
text-slice	proofs::eq_text_substr_utf8	-Z c-ffi -Z stubbing --c-lib c/pg_text_slice.c --exact --solver kissat	green	release-gate	?	documented release-gate
text-slice	proofs::eq_text_substr_no_len_utf8	-Z c-ffi -Z stubbing --c-lib c/pg_text_slice.c --exact --solver kissat	green	release-gate	?	documented release-gate
text-slice	proofs::eq_text_starts_with_utf8	-Z c-ffi -Z stubbing --c-lib c/pg_text_slice.c --exact --solver kissat	green	release-gate	?	documented release-gate
text-slice	proofs::eq_text_left_utf8	-Z c-ffi -Z stubbing --c-lib c/pg_text_slice.c --exact --solver kissat	green	release-gate	?	documented release-gate
text-slice	proofs::eq_text_right_utf8	-Z c-ffi -Z stubbing --c-lib c/pg_text_slice.c --exact --solver kissat	green	release-gate	?	documented release-gate
text-slice	proofs::cover_text_substr_regimes	-Z c-ffi -Z stubbing --c-lib c/pg_text_slice.c --exact --solver kissat	green	release-gate	?	documented release-gate; reachability witness
text-slice	proofs::cover_textpos_regimes	-Z c-ffi -Z stubbing --c-lib c/pg_text_slice.c --exact --solver kissat	green	release-gate	?	documented release-gate; reachability witness
text-slice	proofs::control_byteapos_short_needle	-Z c-ffi -Z stubbing --c-lib c/pg_text_slice.c --exact	must-fail	defect-witness	?	DEFAULT solver
text-slice	proofs::control_starts_with_unfenced	-Z c-ffi -Z stubbing --c-lib c/pg_text_slice.c --exact	must-fail	defect-witness	?	DEFAULT solver; fence load-bearing
typcache-inst	proofs::eq_array_eq_int4	-Z c-ffi -Z stubbing --c-lib c/pg_typcache_inst.c --solver kissat --exact	green	release-gate	100	ledger 41-100s release-gate
typcache-inst	proofs::eq_array_ne_int4	-Z c-ffi -Z stubbing --c-lib c/pg_typcache_inst.c --solver kissat --exact	green	calibration	100	41-100s
typcache-inst	proofs::eq_array_cmp_int4	-Z c-ffi -Z stubbing --c-lib c/pg_typcache_inst.c --solver kissat --exact	green	calibration	100	41-100s
typcache-inst	proofs::eq_array_lt_int4	-Z c-ffi -Z stubbing --c-lib c/pg_typcache_inst.c --solver kissat --exact	green	calibration	100	41-100s
typcache-inst	proofs::eq_array_gt_int4	-Z c-ffi -Z stubbing --c-lib c/pg_typcache_inst.c --solver kissat --exact	green	calibration	100	41-100s
typcache-inst	proofs::eq_array_le_int4	-Z c-ffi -Z stubbing --c-lib c/pg_typcache_inst.c --solver kissat --exact	green	calibration	100	41-100s
typcache-inst	proofs::eq_array_ge_int4	-Z c-ffi -Z stubbing --c-lib c/pg_typcache_inst.c --solver kissat --exact	green	calibration	100	41-100s
typcache-inst	proofs::eq_range_eq_int4range	-Z c-ffi -Z stubbing --c-lib c/pg_typcache_inst.c --solver kissat --exact	green	per-commit	6.4	0.5-6.4s
typcache-inst	proofs::eq_range_ne_int4range	-Z c-ffi -Z stubbing --c-lib c/pg_typcache_inst.c --solver kissat --exact	green	per-commit	6.4	0.5-6.4s
typcache-inst	proofs::eq_range_contains_int4range	-Z c-ffi -Z stubbing --c-lib c/pg_typcache_inst.c --solver kissat --exact	green	per-commit	6.4	0.5-6.4s
typcache-inst	proofs::eq_range_contained_by_int4range	-Z c-ffi -Z stubbing --c-lib c/pg_typcache_inst.c --solver kissat --exact	green	per-commit	6.4	0.5-6.4s
typcache-inst	proofs::eq_range_before_int4range	-Z c-ffi -Z stubbing --c-lib c/pg_typcache_inst.c --solver kissat --exact	green	per-commit	6.4	0.5-6.4s
typcache-inst	proofs::eq_range_after_int4range	-Z c-ffi -Z stubbing --c-lib c/pg_typcache_inst.c --solver kissat --exact	green	per-commit	6.4	0.5-6.4s
typcache-inst	proofs::eq_range_overlaps_int4range	-Z c-ffi -Z stubbing --c-lib c/pg_typcache_inst.c --solver kissat --exact	green	per-commit	6.4	0.5-6.4s
typcache-inst	proofs::eq_range_cmp_int4range	-Z c-ffi -Z stubbing --c-lib c/pg_typcache_inst.c --solver kissat --exact	green	per-commit	6.4	0.5-6.4s
typcache-inst	proofs::eq_range_lt_int4range	-Z c-ffi -Z stubbing --c-lib c/pg_typcache_inst.c --solver kissat --exact	green	per-commit	6.4	0.5-6.4s
typcache-inst	proofs::eq_range_le_int4range	-Z c-ffi -Z stubbing --c-lib c/pg_typcache_inst.c --solver kissat --exact	green	per-commit	6.4	0.5-6.4s
typcache-inst	proofs::eq_range_ge_int4range	-Z c-ffi -Z stubbing --c-lib c/pg_typcache_inst.c --solver kissat --exact	green	per-commit	6.4	0.5-6.4s
typcache-inst	proofs::eq_range_gt_int4range	-Z c-ffi -Z stubbing --c-lib c/pg_typcache_inst.c --solver kissat --exact	green	per-commit	6.4	0.5-6.4s
typcache-inst	proofs::eq_range_empty_int4range	-Z c-ffi -Z stubbing --c-lib c/pg_typcache_inst.c --solver kissat --exact	green	per-commit	6.4	0.5-6.4s
typcache-inst	proofs::eq_range_contains_elem_int4range	-Z c-ffi -Z stubbing --c-lib c/pg_typcache_inst.c --solver kissat --exact	green	per-commit	6.4	0.5-6.4s
typcache-inst	proofs::eq_range_adjacent_int4range	-Z c-ffi -Z stubbing --c-lib c/pg_typcache_inst.c --solver kissat --exact	wall-recorded	calibration	?	wall(memory >6.3GB range_serialize symbolic-len Vec fill)
typcache-inst	proofs::control_array_lt_vs_c_le	-Z c-ffi -Z stubbing --c-lib c/pg_typcache_inst.c --exact	must-fail	defect-witness	?	DEFAULT solver
typcache-inst	proofs::control_array_seam_skew	-Z c-ffi -Z stubbing --c-lib c/pg_typcache_inst.c --exact	must-fail	defect-witness	?	seam-skew control
typcache-inst	proofs::control_range_lt_vs_c_le	-Z c-ffi -Z stubbing --c-lib c/pg_typcache_inst.c --exact	must-fail	defect-witness	?	DEFAULT solver
unicode-cat	eq_unicode_category	-Z c-ffi --c-lib c/pg_unicode_category.c --solver kissat	green	calibration	107	INFERRED recipe; ~107s category-table binary search
unicode-cat	eq_prop_alphabetic	-Z c-ffi --c-lib c/pg_unicode_category.c --solver kissat	green	unmeasured	?	INFERRED recipe
unicode-cat	eq_prop_lowercase	-Z c-ffi --c-lib c/pg_unicode_category.c --solver kissat	green	unmeasured	?	INFERRED recipe
unicode-cat	eq_prop_uppercase	-Z c-ffi --c-lib c/pg_unicode_category.c --solver kissat	green	unmeasured	?	INFERRED recipe
unicode-cat	eq_prop_cased	-Z c-ffi --c-lib c/pg_unicode_category.c --solver kissat	green	unmeasured	?	INFERRED recipe
unicode-cat	eq_prop_case_ignorable	-Z c-ffi --c-lib c/pg_unicode_category.c --solver kissat	green	unmeasured	?	INFERRED recipe
unicode-cat	eq_prop_white_space	-Z c-ffi --c-lib c/pg_unicode_category.c --solver kissat	green	unmeasured	?	INFERRED recipe
unicode-cat	eq_prop_hex_digit	-Z c-ffi --c-lib c/pg_unicode_category.c --solver kissat	green	unmeasured	?	INFERRED recipe
unicode-cat	eq_prop_join_control	-Z c-ffi --c-lib c/pg_unicode_category.c --solver kissat	green	unmeasured	?	INFERRED recipe
unicode-cat	eq_isdigit_posix	-Z c-ffi --c-lib c/pg_unicode_category.c --solver kissat	green	unmeasured	?	INFERRED recipe; posix arm fast
unicode-cat	eq_isdigit_std	-Z c-ffi --c-lib c/pg_unicode_category.c --solver kissat	green	unmeasured	?	INFERRED recipe; category-search cost
unicode-cat	eq_isalpha	-Z c-ffi --c-lib c/pg_unicode_category.c --solver kissat	green	unmeasured	?	INFERRED recipe
unicode-cat	eq_isalnum_posix	-Z c-ffi --c-lib c/pg_unicode_category.c --solver kissat	green	unmeasured	?	INFERRED recipe
unicode-cat	eq_isalnum_std	-Z c-ffi --c-lib c/pg_unicode_category.c --solver kissat	green	unmeasured	?	INFERRED recipe
unicode-cat	eq_isupper	-Z c-ffi --c-lib c/pg_unicode_category.c --solver kissat	green	unmeasured	?	INFERRED recipe
unicode-cat	eq_islower	-Z c-ffi --c-lib c/pg_unicode_category.c --solver kissat	green	unmeasured	?	INFERRED recipe
unicode-cat	eq_isblank	-Z c-ffi --c-lib c/pg_unicode_category.c --solver kissat	green	unmeasured	?	INFERRED recipe
unicode-cat	eq_isgraph	-Z c-ffi --c-lib c/pg_unicode_category.c --solver kissat	green	unmeasured	?	INFERRED recipe
unicode-cat	eq_isprint	-Z c-ffi --c-lib c/pg_unicode_category.c --solver kissat	green	unmeasured	?	INFERRED recipe
unicode-cat	eq_ispunct_posix	-Z c-ffi --c-lib c/pg_unicode_category.c --solver kissat	green	unmeasured	?	INFERRED recipe
unicode-cat	eq_ispunct_std	-Z c-ffi --c-lib c/pg_unicode_category.c --solver kissat	green	unmeasured	?	INFERRED recipe
unicode-cat	eq_isspace	-Z c-ffi --c-lib c/pg_unicode_category.c --solver kissat	green	unmeasured	?	INFERRED recipe
unicode-cat	control_lower_vs_upper_must_fail	-Z c-ffi --c-lib c/pg_unicode_category.c	must-fail	defect-witness	?	DEFAULT solver (suite convention)
utf8	islegal_len1	-Z c-ffi --c-lib c/pg_wchar.c c/pg_wchar_kernels.c --solver kissat	green	per-commit	0.6	INFERRED recipe; 0.3-0.6s
utf8	islegal_len2	-Z c-ffi --c-lib c/pg_wchar.c c/pg_wchar_kernels.c --solver kissat	green	per-commit	0.6	0.3-0.6s
utf8	islegal_len3	-Z c-ffi --c-lib c/pg_wchar.c c/pg_wchar_kernels.c --solver kissat	green	per-commit	0.6	0.3-0.6s
utf8	islegal_len4	-Z c-ffi --c-lib c/pg_wchar.c c/pg_wchar_kernels.c --solver kissat	green	per-commit	0.6	0.3-0.6s
utf8	islegal_symlen_contract	-Z c-ffi --c-lib c/pg_wchar.c c/pg_wchar_kernels.c --solver kissat	green	per-commit	0.6	0.3-0.6s
utf8	islegal_symlen_out_of_contract	-Z c-ffi --c-lib c/pg_wchar.c c/pg_wchar_kernels.c --solver kissat	green	per-commit	0.6	green post-fix 2026-07-28
utf8	mblen_all_bytes	-Z c-ffi --c-lib c/pg_wchar.c c/pg_wchar_kernels.c --solver kissat	green	per-commit	0.6	0.3-0.6s
utf8	mblen_then_islegal	-Z c-ffi --c-lib c/pg_wchar.c c/pg_wchar_kernels.c --solver kissat	green	per-commit	0.6	0.3-0.6s
utf8	eq_ascii_mblen	-Z c-ffi --c-lib c/pg_wchar.c c/pg_wchar_kernels.c --solver kissat	green	per-commit	0.5	~0.5s kernel family
utf8	eq_ascii_dsplen	-Z c-ffi --c-lib c/pg_wchar.c c/pg_wchar_kernels.c --solver kissat	green	per-commit	0.5	
utf8	eq_eucjp_mblen	-Z c-ffi --c-lib c/pg_wchar.c c/pg_wchar_kernels.c --solver kissat	green	per-commit	0.5	
utf8	eq_eucjp_dsplen	-Z c-ffi --c-lib c/pg_wchar.c c/pg_wchar_kernels.c --solver kissat	green	per-commit	0.5	
utf8	eq_eucjis2004_mblen	-Z c-ffi --c-lib c/pg_wchar.c c/pg_wchar_kernels.c --solver kissat	green	per-commit	0.5	
utf8	eq_eucjis2004_dsplen	-Z c-ffi --c-lib c/pg_wchar.c c/pg_wchar_kernels.c --solver kissat	green	per-commit	0.5	
utf8	eq_euckr_mblen	-Z c-ffi --c-lib c/pg_wchar.c c/pg_wchar_kernels.c --solver kissat	green	per-commit	0.5	
utf8	eq_euckr_dsplen	-Z c-ffi --c-lib c/pg_wchar.c c/pg_wchar_kernels.c --solver kissat	green	per-commit	0.5	
utf8	eq_euccn_mblen	-Z c-ffi --c-lib c/pg_wchar.c c/pg_wchar_kernels.c --solver kissat	green	per-commit	0.5	
utf8	eq_euccn_dsplen	-Z c-ffi --c-lib c/pg_wchar.c c/pg_wchar_kernels.c --solver kissat	green	per-commit	0.5	
utf8	eq_euctw_mblen	-Z c-ffi --c-lib c/pg_wchar.c c/pg_wchar_kernels.c --solver kissat	green	per-commit	0.5	
utf8	eq_euctw_dsplen	-Z c-ffi --c-lib c/pg_wchar.c c/pg_wchar_kernels.c --solver kissat	green	per-commit	0.5	
utf8	eq_johab_mblen	-Z c-ffi --c-lib c/pg_wchar.c c/pg_wchar_kernels.c --solver kissat	green	per-commit	0.5	
utf8	eq_johab_dsplen	-Z c-ffi --c-lib c/pg_wchar.c c/pg_wchar_kernels.c --solver kissat	green	per-commit	0.5	
utf8	eq_mule_mblen	-Z c-ffi --c-lib c/pg_wchar.c c/pg_wchar_kernels.c --solver kissat	green	per-commit	0.5	
utf8	eq_mule_dsplen	-Z c-ffi --c-lib c/pg_wchar.c c/pg_wchar_kernels.c --solver kissat	green	per-commit	0.5	
utf8	eq_latin1_mblen	-Z c-ffi --c-lib c/pg_wchar.c c/pg_wchar_kernels.c --solver kissat	green	per-commit	0.5	
utf8	eq_latin1_dsplen	-Z c-ffi --c-lib c/pg_wchar.c c/pg_wchar_kernels.c --solver kissat	green	per-commit	0.5	
utf8	eq_sjis_mblen	-Z c-ffi --c-lib c/pg_wchar.c c/pg_wchar_kernels.c --solver kissat	green	per-commit	0.5	
utf8	eq_sjis_dsplen	-Z c-ffi --c-lib c/pg_wchar.c c/pg_wchar_kernels.c --solver kissat	green	per-commit	0.5	
utf8	eq_sjis2004_mblen	-Z c-ffi --c-lib c/pg_wchar.c c/pg_wchar_kernels.c --solver kissat	green	per-commit	0.5	
utf8	eq_sjis2004_dsplen	-Z c-ffi --c-lib c/pg_wchar.c c/pg_wchar_kernels.c --solver kissat	green	per-commit	0.5	
utf8	eq_big5_mblen	-Z c-ffi --c-lib c/pg_wchar.c c/pg_wchar_kernels.c --solver kissat	green	per-commit	0.5	
utf8	eq_big5_dsplen	-Z c-ffi --c-lib c/pg_wchar.c c/pg_wchar_kernels.c --solver kissat	green	per-commit	0.5	
utf8	eq_gbk_mblen	-Z c-ffi --c-lib c/pg_wchar.c c/pg_wchar_kernels.c --solver kissat	green	per-commit	0.5	
utf8	eq_gbk_dsplen	-Z c-ffi --c-lib c/pg_wchar.c c/pg_wchar_kernels.c --solver kissat	green	per-commit	0.5	
utf8	eq_uhc_mblen	-Z c-ffi --c-lib c/pg_wchar.c c/pg_wchar_kernels.c --solver kissat	green	per-commit	0.5	
utf8	eq_uhc_dsplen	-Z c-ffi --c-lib c/pg_wchar.c c/pg_wchar_kernels.c --solver kissat	green	per-commit	0.5	
utf8	eq_gb18030_mblen	-Z c-ffi --c-lib c/pg_wchar.c c/pg_wchar_kernels.c --solver kissat	green	per-commit	0.5	documented over-read contract
utf8	eq_gb18030_dsplen	-Z c-ffi --c-lib c/pg_wchar.c c/pg_wchar_kernels.c --solver kissat	green	per-commit	0.5	
utf8	eq_utf8_dsplen_lead1	-Z c-ffi --c-lib c/pg_wchar.c c/pg_wchar_kernels.c --solver kissat	green	unmeasured	?	case-split member (pre-split whole-domain 18s)
utf8	eq_utf8_dsplen_lead2	-Z c-ffi --c-lib c/pg_wchar.c c/pg_wchar_kernels.c --solver kissat	green	unmeasured	?	
utf8	eq_utf8_dsplen_lead3_lo	-Z c-ffi --c-lib c/pg_wchar.c c/pg_wchar_kernels.c --solver kissat	green	unmeasured	?	half of lead3 (whole 12.5s)
utf8	eq_utf8_dsplen_lead3_hi	-Z c-ffi --c-lib c/pg_wchar.c c/pg_wchar_kernels.c --solver kissat	green	unmeasured	?	
utf8	eq_utf8_dsplen_lead4_lo	-Z c-ffi --c-lib c/pg_wchar.c c/pg_wchar_kernels.c --solver kissat	green	unmeasured	?	half of lead4 (whole 14.6s)
utf8	eq_utf8_dsplen_lead4_hi	-Z c-ffi --c-lib c/pg_wchar.c c/pg_wchar_kernels.c --solver kissat	green	unmeasured	?	
utf8	eq_utf8_dsplen_lead_invalid	-Z c-ffi --c-lib c/pg_wchar.c c/pg_wchar_kernels.c --solver kissat	green	unmeasured	?	
utf8	utf8_dsplen_partition_coverage	-Z c-ffi --c-lib c/pg_wchar.c c/pg_wchar_kernels.c --solver kissat	green	unmeasured	?	MANDATORY union-coverage companion
utf8	eq_single_byte_band_mblen	-Z c-ffi --c-lib c/pg_wchar.c c/pg_wchar_kernels.c --solver kissat	green	per-commit	0.5	symbolic-encoding band, 27 rows at once
utf8	eq_single_byte_band_dsplen	-Z c-ffi --c-lib c/pg_wchar.c c/pg_wchar_kernels.c --solver kissat	green	unmeasured	?	
utf8	eq_invalid_encoding_fallback	-Z c-ffi --c-lib c/pg_wchar.c c/pg_wchar_kernels.c --solver kissat	green	unmeasured	?	
utf8	eq_mbbisearch_nonspacing	-Z c-ffi --c-lib c/pg_wchar.c c/pg_wchar_kernels.c --solver kissat	green	unmeasured	?	
utf8	eq_mbbisearch_east_asian_fw	-Z c-ffi --c-lib c/pg_wchar.c c/pg_wchar_kernels.c --solver kissat	green	unmeasured	?	
utf8	eq_ucs_wcwidth_full_u32	-Z c-ffi --c-lib c/pg_wchar.c c/pg_wchar_kernels.c --solver kissat	green	unmeasured	?	
utf8	control_sjis_vs_big5_mblen_must_fail	-Z c-ffi --c-lib c/pg_wchar.c c/pg_wchar_kernels.c	must-fail	defect-witness	?	DEFAULT solver (suite convention)
uuid	eq_uuid_out	-Z c-ffi -Z stubbing --c-lib c/pg_uuid.c --solver kissat	green	per-commit	1.6	ledger 1.6s
uuid	eq_uuid_in_len36	-Z c-ffi -Z stubbing --no-assertion-reach-checks --c-lib c/pg_uuid.c --solver kissat	green	release-gate	19	~19s each
uuid	eq_uuid_in_len32	-Z c-ffi -Z stubbing --no-assertion-reach-checks --c-lib c/pg_uuid.c --solver kissat	green	release-gate	19	
uuid	eq_uuid_in_len38	-Z c-ffi -Z stubbing --no-assertion-reach-checks --c-lib c/pg_uuid.c	green	release-gate	21	DEFAULT solver mandated (kissat walls >30s here)
uuid	eq_uuid_cmp	-Z c-ffi -Z stubbing --c-lib c/pg_uuid.c --solver kissat	green	per-commit	0.15	sign-equivalence claim
uuid	eq_uuid_eq	-Z c-ffi -Z stubbing --c-lib c/pg_uuid.c --solver kissat	green	per-commit	0.11	eq_bool_op!
uuid	eq_uuid_ne	-Z c-ffi -Z stubbing --c-lib c/pg_uuid.c --solver kissat	green	per-commit	0.11	
uuid	eq_uuid_lt	-Z c-ffi -Z stubbing --c-lib c/pg_uuid.c --solver kissat	green	per-commit	0.11	
uuid	eq_uuid_le	-Z c-ffi -Z stubbing --c-lib c/pg_uuid.c --solver kissat	green	per-commit	0.11	
uuid	eq_uuid_gt	-Z c-ffi -Z stubbing --c-lib c/pg_uuid.c --solver kissat	green	per-commit	0.11	
uuid	eq_uuid_ge	-Z c-ffi -Z stubbing --c-lib c/pg_uuid.c --solver kissat	green	per-commit	0.11	
uuid	eq_uuid_hash	-Z c-ffi -Z stubbing --c-lib c/pg_uuid.c ../hash/pg_hashfn.c --solver kissat	green	unmeasured	?	needs BOTH C files; solver/time undocumented
uuid	eq_uuid_hash_extended	-Z c-ffi -Z stubbing --c-lib c/pg_uuid.c ../hash/pg_hashfn.c --solver kissat	green	unmeasured	?	same
uuid	eq_uuid_extract_version	-Z c-ffi -Z stubbing --c-lib c/pg_uuid.c ../hash/pg_hashfn.c --solver kissat	green	unmeasured	?	ledger stale untriaged
uuid	eq_uuid_extract_timestamp	-Z c-ffi -Z stubbing --c-lib c/pg_uuid.c ../hash/pg_hashfn.c --solver kissat	green	unmeasured	?	3 cover! regimes
uuid	control_uuid_in_accept_reachable_must_fail	-Z c-ffi -Z stubbing --no-assertion-reach-checks --c-lib c/pg_uuid.c	must-fail	defect-witness	19	DEFAULT solver (controls validate by counterexample; doc reconciled 2026-07-28)
uuid	control_uuid_out_mismatch_must_fail	-Z c-ffi -Z stubbing --c-lib c/pg_uuid.c	must-fail	defect-witness	2	DEFAULT solver (controls validate by counterexample; doc reconciled 2026-07-28)
varbit-rows	eq_biteq	-Z c-ffi -Z stubbing --c-lib c/pg_varbit_rows.c --solver kissat	green	per-commit	1.8	cmp_harness!
varbit-rows	eq_bitne	-Z c-ffi -Z stubbing --c-lib c/pg_varbit_rows.c --solver kissat	green	per-commit	1.8	
varbit-rows	eq_bitlt	-Z c-ffi -Z stubbing --c-lib c/pg_varbit_rows.c --solver kissat	green	per-commit	1.8	
varbit-rows	eq_bitle	-Z c-ffi -Z stubbing --c-lib c/pg_varbit_rows.c --solver kissat	green	per-commit	1.8	
varbit-rows	eq_bitgt	-Z c-ffi -Z stubbing --c-lib c/pg_varbit_rows.c --solver kissat	green	per-commit	1.8	
varbit-rows	eq_bitge	-Z c-ffi -Z stubbing --c-lib c/pg_varbit_rows.c --solver kissat	green	per-commit	1.8	
varbit-rows	eq_bitcmp	-Z c-ffi -Z stubbing --c-lib c/pg_varbit_rows.c --solver kissat	green	per-commit	2.5	sign-equality claim
varbit-rows	eq_bit_logic_verdict	-Z c-ffi -Z stubbing --c-lib c/pg_varbit_rows.c	green	per-commit	0.8	DEFAULT solver mandated
varbit-rows	eq_bit_and	-Z c-ffi -Z stubbing --c-lib c/pg_varbit_rows.c --solver kissat	green	per-commit	7.5	0.8-7.5s
varbit-rows	eq_bit_or	-Z c-ffi -Z stubbing --c-lib c/pg_varbit_rows.c --solver kissat	green	per-commit	7.5	0.8-7.5s
varbit-rows	eq_bitxor	-Z c-ffi -Z stubbing --c-lib c/pg_varbit_rows.c --solver kissat	green	per-commit	7.5	0.8-7.5s
varbit-rows	eq_bitnot	-Z c-ffi -Z stubbing --c-lib c/pg_varbit_rows.c --solver kissat	green	per-commit	1.7	
varbit-rows	eq_bitshiftleft	-Z c-ffi -Z stubbing --c-lib c/pg_varbit_rows.c	green	per-commit	6.8	DEFAULT solver mandated for shifts
varbit-rows	eq_bitshiftright	-Z c-ffi -Z stubbing --c-lib c/pg_varbit_rows.c	green	per-commit	7.7	DEFAULT solver
varbit-rows	cover_input_regimes	-Z c-ffi -Z stubbing --c-lib c/pg_varbit_rows.c --solver kissat	green	unmeasured	?	regime-witness harness
varbit-rows	cover_shift_regimes	-Z c-ffi -Z stubbing --c-lib c/pg_varbit_rows.c --solver kissat	green	unmeasured	?	
varbit-rows	eq_bitlength_octetlength	-Z c-ffi -Z stubbing --c-lib c/pg_varbit_rows.c --solver kissat	green	per-commit	0.85	solver not explicitly assigned in doc
varbit-rows	eq_bittoint4	-Z c-ffi -Z stubbing --c-lib c/pg_varbit_rows.c --solver kissat	green	per-commit	1.8	solver not explicitly assigned
varbit-rows	eq_bittoint8	-Z c-ffi -Z stubbing --c-lib c/pg_varbit_rows.c --solver kissat	green	per-commit	1.6	
varbit-rows	control_bitnot_bitlen_off_by_one	-Z c-ffi -Z stubbing --c-lib c/pg_varbit_rows.c	must-fail	defect-witness	1.1	DEFAULT solver; verified failing 1.1s 2026-07-28
varbit-rows	control_bit_in_flipped_digit	-Z c-ffi -Z stubbing --c-lib c/pg_varbit_rows.c	must-fail	defect-witness	111	W10; DEFAULT solver; verified failing on image byte parity 111s 2026-07-30
varbit-rows	control_bitgetbit_index_skew	-Z c-ffi -Z stubbing --c-lib c/pg_varbit_rows.c	must-fail	defect-witness	0.7	W10; DEFAULT solver; verified failing on 'v == c' 0.67s 2026-07-30
varbit-rows	cover_w10_image_arms	-Z c-ffi -Z stubbing --c-lib c/pg_varbit_rows.c	green	unmeasured	?	W10 regime-witness
varbit-rows	cover_w10_io_arms	-Z c-ffi -Z stubbing --c-lib c/pg_varbit_rows.c	green	unmeasured	?	W10 regime-witness
varbit-rows	cover_w10_scalar_arms	-Z c-ffi -Z stubbing --c-lib c/pg_varbit_rows.c	green	per-commit	0.2	W10 regime-witness; 0.17s 2026-07-30
varbit-rows	eq_anybit_typmodin	-Z c-ffi -Z stubbing --c-lib c/pg_varbit_rows.c --solver kissat	green	per-commit	0.9	W10; 0.88s kissat 2026-07-30
varbit-rows	eq_bit_bit_count	-Z c-ffi -Z stubbing --c-lib c/pg_varbit_rows.c --solver kissat	green	per-commit	3.0	W10; 2.97s kissat 2026-07-30
varbit-rows	eq_bit_coerce_err9	-Z c-ffi -Z stubbing --c-lib c/pg_varbit_rows.c	green	calibration	82	W10; ledger 56-82s band
varbit-rows	eq_bit_coerce_ident_eq	-Z c-ffi -Z stubbing --c-lib c/pg_varbit_rows.c	green	calibration	82	W10; ledger 56-82s band
varbit-rows	eq_bit_coerce_ident0	-Z c-ffi -Z stubbing --c-lib c/pg_varbit_rows.c	green	calibration	82	W10; ledger 56-82s band
varbit-rows	eq_bit_coerce_l16	-Z c-ffi -Z stubbing --c-lib c/pg_varbit_rows.c	green	calibration	82	W10; ledger 56-82s band
varbit-rows	eq_bit_coerce_l9	-Z c-ffi -Z stubbing --c-lib c/pg_varbit_rows.c	green	calibration	82	W10; ledger 56-82s band
varbit-rows	eq_bit_in_bare_l3	-Z c-ffi -Z stubbing --c-lib c/pg_varbit_rows.c	green	calibration	100	W10; ledger 71-100s band
varbit-rows	eq_bit_in_bare_l3_tm7	-Z c-ffi -Z stubbing --c-lib c/pg_varbit_rows.c	green	calibration	100	W10; ledger 71-100s band
varbit-rows	eq_bit_in_bare_l6_tm6	-Z c-ffi -Z stubbing --c-lib c/pg_varbit_rows.c	green	calibration	100	W10; ledger 71-100s band
varbit-rows	eq_bit_in_bpfx_l6	-Z c-ffi -Z stubbing --c-lib c/pg_varbit_rows.c	green	calibration	100	W10; ledger 71-100s band
varbit-rows	eq_bit_in_len0	-Z c-ffi -Z stubbing --c-lib c/pg_varbit_rows.c	green	calibration	100	W10; ledger 71-100s band
varbit-rows	eq_bit_in_xpfx_l6	-Z c-ffi -Z stubbing --c-lib c/pg_varbit_rows.c	green	calibration	100	W10; ledger 71-100s band
varbit-rows	eq_bit_recv_c_hdr_short	-Z c-ffi -Z stubbing --c-lib c/pg_varbit_rows.c	green	calibration	137	W10; ledger 96-137s band
varbit-rows	eq_bit_recv_c_max	-Z c-ffi -Z stubbing --c-lib c/pg_varbit_rows.c	green	calibration	137	W10; ledger 96-137s band
varbit-rows	eq_bit_recv_c_mismatch	-Z c-ffi -Z stubbing --c-lib c/pg_varbit_rows.c	green	calibration	137	W10; ledger 96-137s band
varbit-rows	eq_bit_recv_c_neg	-Z c-ffi -Z stubbing --c-lib c/pg_varbit_rows.c	green	calibration	137	W10; ledger 96-137s band
varbit-rows	eq_bit_recv_c12	-Z c-ffi -Z stubbing --c-lib c/pg_varbit_rows.c	wall-recorded	calibration	?	W10 memory wall @6GiB BOTH solvers (recv Ok-IMAGE arm); live for CI cluster 40GB retry tier; protocol/err planes proved
varbit-rows	eq_bit_recv_c12_short	-Z c-ffi -Z stubbing --c-lib c/pg_varbit_rows.c	green	calibration	137	W10; ledger 96-137s band
varbit-rows	eq_bitcat_l0_7	-Z c-ffi -Z stubbing --c-lib c/pg_varbit_rows.c	green	calibration	193	W10; l12_9 193.2s 2026-07-30 (ledger 170-191s)
varbit-rows	eq_bitcat_l12_9	-Z c-ffi -Z stubbing --c-lib c/pg_varbit_rows.c	green	calibration	193	W10; l12_9 193.2s 2026-07-30 (ledger 170-191s)
varbit-rows	eq_bitcat_l16_8	-Z c-ffi -Z stubbing --c-lib c/pg_varbit_rows.c	green	calibration	193	W10; l12_9 193.2s 2026-07-30 (ledger 170-191s)
varbit-rows	eq_bitcat_l5_0	-Z c-ffi -Z stubbing --c-lib c/pg_varbit_rows.c	green	calibration	193	W10; l12_9 193.2s 2026-07-30 (ledger 170-191s)
varbit-rows	eq_bitfromint4_t0	-Z c-ffi -Z stubbing --c-lib c/pg_varbit_rows.c	green	calibration	83	W10; ledger 62-83s band
varbit-rows	eq_bitfromint4_t1	-Z c-ffi -Z stubbing --c-lib c/pg_varbit_rows.c	green	calibration	83	W10; ledger 62-83s band
varbit-rows	eq_bitfromint4_t33	-Z c-ffi -Z stubbing --c-lib c/pg_varbit_rows.c	green	calibration	83	W10; ledger 62-83s band
varbit-rows	eq_bitfromint4_t47	-Z c-ffi -Z stubbing --c-lib c/pg_varbit_rows.c	green	calibration	83	W10; ledger 62-83s band
varbit-rows	eq_bitfromint4_t64	-Z c-ffi -Z stubbing --c-lib c/pg_varbit_rows.c	green	calibration	83	W10; ledger 62-83s band
varbit-rows	eq_bitfromint4_tmax	-Z c-ffi -Z stubbing --c-lib c/pg_varbit_rows.c	green	calibration	83	W10; ledger 62-83s band
varbit-rows	eq_bitfromint4_tmin	-Z c-ffi -Z stubbing --c-lib c/pg_varbit_rows.c	green	calibration	83	W10; ledger 62-83s band
varbit-rows	eq_bitfromint8_t0	-Z c-ffi -Z stubbing --c-lib c/pg_varbit_rows.c	green	calibration	68	W10; ledger 63-68s band
varbit-rows	eq_bitfromint8_t1	-Z c-ffi -Z stubbing --c-lib c/pg_varbit_rows.c	green	calibration	68	W10; ledger 63-68s band
varbit-rows	eq_bitfromint8_t47	-Z c-ffi -Z stubbing --c-lib c/pg_varbit_rows.c	green	calibration	68	W10; ledger 63-68s band
varbit-rows	eq_bitfromint8_t64	-Z c-ffi -Z stubbing --c-lib c/pg_varbit_rows.c	green	calibration	68	W10; ledger 63-68s band
varbit-rows	eq_bitfromint8_tmax	-Z c-ffi -Z stubbing --c-lib c/pg_varbit_rows.c	green	calibration	68	W10; ledger 63-68s band
varbit-rows	eq_bitgetbit	-Z c-ffi -Z stubbing --c-lib c/pg_varbit_rows.c --solver kissat	green	per-commit	2.1	W10; 2.09s kissat 2026-07-30
varbit-rows	eq_bitoverlay_c_err_ovf	-Z c-ffi -Z stubbing --c-lib c/pg_varbit_rows.c	green	calibration	59	W10; ledger 57-59s band
varbit-rows	eq_bitoverlay_c_err_sp0	-Z c-ffi -Z stubbing --c-lib c/pg_varbit_rows.c	green	calibration	59	W10; ledger 57-59s band
varbit-rows	eq_bitoverlay_c_err_spneg	-Z c-ffi -Z stubbing --c-lib c/pg_varbit_rows.c	green	calibration	59	W10; ledger 57-59s band
varbit-rows	eq_bitoverlay_c_mid	-Z c-ffi -Z stubbing --c-lib c/pg_varbit_rows.c	wall-recorded	calibration	?	W10 memory wall @6GiB BOTH solvers (composed 2-substring+2-catenate image); live for CI cluster 40GB retry tier; kernels + err planes proved
varbit-rows	eq_bitoverlay_c_tail	-Z c-ffi -Z stubbing --c-lib c/pg_varbit_rows.c	wall-recorded	calibration	?	W10 memory wall @6GiB BOTH solvers (composed 2-substring+2-catenate image); live for CI cluster 40GB retry tier; kernels + err planes proved
varbit-rows	eq_bitoverlay_no_len_c	-Z c-ffi -Z stubbing --c-lib c/pg_varbit_rows.c	wall-recorded	calibration	?	W10 memory wall @6GiB BOTH solvers (composed 2-substring+2-catenate image); live for CI cluster 40GB retry tier; kernels + err planes proved
varbit-rows	eq_bitposition_p_empty_str	-Z c-ffi -Z stubbing --c-lib c/pg_varbit_rows.c --solver kissat	green	per-commit	2.0	W10; ledger 0.26-2.0s band; empty-str/empty-sub/long-sub cells 0.29s 2026-07-30
varbit-rows	eq_bitposition_p_empty_sub	-Z c-ffi -Z stubbing --c-lib c/pg_varbit_rows.c --solver kissat	green	per-commit	2.0	W10; ledger 0.26-2.0s band; empty-str/empty-sub/long-sub cells 0.29s 2026-07-30
varbit-rows	eq_bitposition_p_long_sub	-Z c-ffi -Z stubbing --c-lib c/pg_varbit_rows.c --solver kissat	green	per-commit	2.0	W10; ledger 0.26-2.0s band; empty-str/empty-sub/long-sub cells 0.29s 2026-07-30
varbit-rows	eq_bitposition_y1_1	-Z c-ffi -Z stubbing --c-lib c/pg_varbit_rows.c --solver kissat	green	per-commit	2.0	W10; ledger 0.26-2.0s band; empty-str/empty-sub/long-sub cells 0.29s 2026-07-30
varbit-rows	eq_bitposition_y2_1	-Z c-ffi -Z stubbing --c-lib c/pg_varbit_rows.c --solver kissat	green	per-commit	2.0	W10; ledger 0.26-2.0s band; empty-str/empty-sub/long-sub cells 0.29s 2026-07-30
varbit-rows	eq_bitposition_y3_2	-Z c-ffi -Z stubbing --c-lib c/pg_varbit_rows.c --solver kissat	green	per-commit	2.0	W10; ledger 0.26-2.0s band; empty-str/empty-sub/long-sub cells 0.29s 2026-07-30
varbit-rows	eq_bits_out_l0	-Z c-ffi -Z stubbing --c-lib c/pg_varbit_rows.c	green	calibration	182	W10; l12 181.9s 2026-07-30 (ledger 152-164s)
varbit-rows	eq_bits_out_l12	-Z c-ffi -Z stubbing --c-lib c/pg_varbit_rows.c	green	calibration	182	W10; l12 181.9s 2026-07-30 (ledger 152-164s)
varbit-rows	eq_bits_out_l16	-Z c-ffi -Z stubbing --c-lib c/pg_varbit_rows.c	green	calibration	182	W10; l12 181.9s 2026-07-30 (ledger 152-164s)
varbit-rows	eq_bits_send	-Z c-ffi -Z stubbing --c-lib c/pg_varbit_rows.c	green	calibration	162	W10; ledger 159-162s band
varbit-rows	eq_bits_send_l0	-Z c-ffi -Z stubbing --c-lib c/pg_varbit_rows.c	green	calibration	162	W10; ledger 159-162s band
varbit-rows	eq_bitsetbit_l12	-Z c-ffi -Z stubbing --c-lib c/pg_varbit_rows.c	green	calibration	87	W10; DEFAULT solver; l12 87.1s 2026-07-30 (ledger 72s)
varbit-rows	eq_bitsetbit_l16	-Z c-ffi -Z stubbing --c-lib c/pg_varbit_rows.c	green	calibration	87	W10; DEFAULT solver; l12 87.1s 2026-07-30 (ledger 72s)
varbit-rows	eq_bitsubstr_c_aligned	-Z c-ffi -Z stubbing --c-lib c/pg_varbit_rows.c	green	calibration	187	W10; ledger 55-187s band
varbit-rows	eq_bitsubstr_c_clamp	-Z c-ffi -Z stubbing --c-lib c/pg_varbit_rows.c	green	calibration	187	W10; ledger 55-187s band
varbit-rows	eq_bitsubstr_c_empty_past	-Z c-ffi -Z stubbing --c-lib c/pg_varbit_rows.c	green	calibration	187	W10; ledger 55-187s band
varbit-rows	eq_bitsubstr_c_empty_zero	-Z c-ffi -Z stubbing --c-lib c/pg_varbit_rows.c	green	calibration	187	W10; ledger 55-187s band
varbit-rows	eq_bitsubstr_c_err	-Z c-ffi -Z stubbing --c-lib c/pg_varbit_rows.c	green	calibration	187	W10; ledger 55-187s band
varbit-rows	eq_bitsubstr_c_neg_s	-Z c-ffi -Z stubbing --c-lib c/pg_varbit_rows.c	green	calibration	187	W10; ledger 55-187s band
varbit-rows	eq_bitsubstr_c_ovf	-Z c-ffi -Z stubbing --c-lib c/pg_varbit_rows.c	green	calibration	187	W10; ledger 55-187s band
varbit-rows	eq_bitsubstr_c_shift	-Z c-ffi -Z stubbing --c-lib c/pg_varbit_rows.c	green	calibration	187	W10; ledger 55-187s band
varbit-rows	eq_bitsubstr_no_len_c	-Z c-ffi -Z stubbing --c-lib c/pg_varbit_rows.c	green	calibration	187	W10; ledger 55-187s band
varbit-rows	eq_varbit_coerce_err9	-Z c-ffi -Z stubbing --c-lib c/pg_varbit_rows.c	green	calibration	82	W10; ledger 56-82s band
varbit-rows	eq_varbit_coerce_ident_ge	-Z c-ffi -Z stubbing --c-lib c/pg_varbit_rows.c	green	calibration	82	W10; ledger 56-82s band
varbit-rows	eq_varbit_coerce_ident0	-Z c-ffi -Z stubbing --c-lib c/pg_varbit_rows.c	green	calibration	82	W10; ledger 56-82s band
varbit-rows	eq_varbit_coerce_l16	-Z c-ffi -Z stubbing --c-lib c/pg_varbit_rows.c	green	calibration	82	W10; ledger 56-82s band
varbit-rows	eq_varbit_coerce_l9	-Z c-ffi -Z stubbing --c-lib c/pg_varbit_rows.c	green	calibration	82	W10; ledger 56-82s band
varbit-rows	eq_varbit_in_bare_l3	-Z c-ffi -Z stubbing --c-lib c/pg_varbit_rows.c	green	calibration	100	W10; ledger 71-100s band
varbit-rows	eq_varbit_in_bare_l3_tm8	-Z c-ffi -Z stubbing --c-lib c/pg_varbit_rows.c	green	calibration	100	W10; ledger 71-100s band
varbit-rows	eq_varbit_in_len0	-Z c-ffi -Z stubbing --c-lib c/pg_varbit_rows.c	green	calibration	100	W10; ledger 71-100s band
varbit-rows	eq_varbit_in_xpfx_l6	-Z c-ffi -Z stubbing --c-lib c/pg_varbit_rows.c	green	calibration	100	W10; ledger 71-100s band
varbit-rows	eq_varbit_in_xpfx_l6_tm4	-Z c-ffi -Z stubbing --c-lib c/pg_varbit_rows.c	green	calibration	100	W10; ledger 71-100s band
varbit-rows	eq_varbit_recv_c_neg	-Z c-ffi -Z stubbing --c-lib c/pg_varbit_rows.c	green	calibration	137	W10; ledger 96-137s band
varbit-rows	eq_varbit_recv_c_trunc	-Z c-ffi -Z stubbing --c-lib c/pg_varbit_rows.c	green	calibration	137	W10; ledger 96-137s band
varbit-rows	eq_varbit_recv_c12	-Z c-ffi -Z stubbing --c-lib c/pg_varbit_rows.c	wall-recorded	calibration	?	W10 memory wall @6GiB BOTH solvers (recv Ok-IMAGE arm); live for CI cluster 40GB retry tier; protocol/err planes proved
records	eq_record_cmp_int4x_2col	-Z c-ffi --c-lib c/pg_records.c --solver kissat --no-assertion-reach-checks	green	release-gate	14.8	record_cmp_core, 2-col (int4,{int4|date|nocmp})
records	eq_record_eq_int4x_2col	-Z c-ffi --c-lib c/pg_records.c --solver kissat --no-assertion-reach-checks	green	release-gate	11.6	record_eq_core, 2-col
records	eq_record_cmp_int4_2v3col	-Z c-ffi --c-lib c/pg_records.c --solver kissat --no-assertion-reach-checks	green	release-gate	20.5	count-mismatch plane, 2v3 all-int4
records	eq_record_eq_int4_2v3col	-Z c-ffi --c-lib c/pg_records.c --solver kissat --no-assertion-reach-checks	green	release-gate	21.3	count-mismatch plane
records	cover_record_cmp_int4x_2col	-Z c-ffi --c-lib c/pg_records.c	green	unmeasured	?	dedicated cover harness; batch range 2.0-21.1s (no per-harness time recorded)
records	cover_record_eq_int4x_2col	-Z c-ffi --c-lib c/pg_records.c	green	unmeasured	?	dedicated cover harness; batch range 2.0-21.1s (no per-harness time recorded)
records	cover_record_cmp_int4_2v3col	-Z c-ffi --c-lib c/pg_records.c	green	unmeasured	?	dedicated cover harness; batch range 2.0-21.1s (no per-harness time recorded)
records	cover_record_eq_int4_2v3col	-Z c-ffi --c-lib c/pg_records.c	green	unmeasured	?	dedicated cover harness; batch range 2.0-21.1s (no per-harness time recorded)
records	control_cmp_skewed_comparator	-Z c-ffi --c-lib c/pg_records.c	must-fail	defect-witness	30.3	DEFAULT solver; sign-flipped comparator must FAIL
records	control_eq_seam_skew_resolve	-Z c-ffi --c-lib c/pg_records.c	must-fail	defect-witness	21.2	DEFAULT solver; resolve-set skew must FAIL
json-escape	probe_len1_concrete	-Z c-ffi --c-lib c/pg_escape.c --solver kissat	green	calibration	114	end-to-end rig soundness witness (concrete input; full mcx-stub set + C FFI + comparison)
json-escape	control_cstr_nul_concrete_must_fail	-Z c-ffi --c-lib c/pg_escape.c --solver kissat	must-fail	defect-witness	158	ratified cstr NUL-truncation class, machine-checked; fails on 'length divergence' assert
json-escape	census_len1_split_coverage	-Z c-ffi --c-lib c/pg_escape.c --solver kissat	green	per-commit	0.007	3 escape-class predicates partition all u8
text-slice	eq_textoctetlen	-Z c-ffi -Z stubbing --c-lib c/pg_text_slice.c --solver kissat	green	per-commit	1.6	symbolic encoding selector
text-slice	eq_byteaoctetlen	-Z c-ffi -Z stubbing --c-lib c/pg_text_slice.c --solver kissat	green	per-commit	0.36	
text-slice	eq_textlen_latin1	-Z c-ffi -Z stubbing --c-lib c/pg_text_slice.c --solver kissat	green	per-commit	1.3	
text-slice	eq_textlen_utf8	-Z c-ffi -Z stubbing --c-lib c/pg_text_slice.c --solver kissat	green	calibration	419.6	ascii_run SWAR in-theorem; under load
text-slice	eq_textpos_latin1	-Z c-ffi -Z stubbing --c-lib c/pg_text_slice.c --solver kissat	green	calibration	101.5	
text-slice	cover_textpos_regimes	-Z c-ffi -Z stubbing --c-lib c/pg_text_slice.c --solver kissat	green	calibration	42	B-M-H hit-past-1 + miss, 2/2
text-slice	eq_byteapos	-Z c-ffi -Z stubbing --c-lib c/pg_text_slice.c --solver kissat	green	per-commit	4.5	
text-slice	eq_text_starts_with_latin1	-Z c-ffi -Z stubbing --c-lib c/pg_text_slice.c --solver kissat	green	per-commit	2.5	
text-slice	eq_text_starts_with_utf8	-Z c-ffi -Z stubbing --c-lib c/pg_text_slice.c --solver kissat	green	calibration	52.4	datatype-invariant fence
text-slice	cover_text_substr_regimes	-Z c-ffi -Z stubbing --c-lib c/pg_text_slice.c --solver kissat	green	release-gate	10.4	negative-start slice + 22011 arm, 2/2
text-slice	control_byteapos_short_needle	-Z c-ffi -Z stubbing --c-lib c/pg_text_slice.c --solver kissat	must-fail	defect-witness	4.0	DEFAULT solver
text-slice	control_starts_with_unfenced	-Z c-ffi -Z stubbing --c-lib c/pg_text_slice.c --solver kissat	must-fail	defect-witness	2.3	proves invariant fence load-bearing
text-slice	eq_text_substr_latin1	-Z c-ffi -Z stubbing --c-lib c/pg_text_slice.c --solver kissat	wall-recorded	calibration	?	SAT residue >490s both solvers; idle rerun owed
text-slice	eq_textcat	-Z c-ffi -Z stubbing --c-lib c/pg_text_slice.c --solver kissat	wall-recorded	calibration	?	SAT residue >560s both solvers; idle rerun owed
text-slice	eq_byteacat	-Z c-ffi -Z stubbing --c-lib c/pg_text_slice.c --solver kissat	wall-recorded	calibration	?	SAT residue both solvers; idle rerun owed
text-slice	eq_textpos_utf8	-Z c-ffi -Z stubbing --c-lib c/pg_text_slice.c --solver kissat	wall-recorded	calibration	?	unwind(10) FAILED = unwinding artifact (documented); unwind(11/13) >6GiB
pseudotypes	proofs::eq_cstring_in_spot_empty	-Z c-ffi -Z stubbing --c-lib c/pg_pseudotypes.c --exact --no-assertion-reach-checks	green	per-commit	18	symbolic content = derived-length memory wall (ledger)
pseudotypes	proofs::eq_cstring_in_spot_len1	-Z c-ffi -Z stubbing --c-lib c/pg_pseudotypes.c --exact --no-assertion-reach-checks	green	per-commit	18	symbolic content = derived-length memory wall (ledger)
pseudotypes	proofs::eq_cstring_in_spot_len3	-Z c-ffi -Z stubbing --c-lib c/pg_pseudotypes.c --exact --no-assertion-reach-checks	green	per-commit	18	symbolic content = derived-length memory wall (ledger)
pseudotypes	proofs::eq_cstring_out_spot_empty	-Z c-ffi -Z stubbing --c-lib c/pg_pseudotypes.c --exact --no-assertion-reach-checks	green	per-commit	18	symbolic content = derived-length memory wall (ledger)
pseudotypes	proofs::eq_cstring_out_spot_len1	-Z c-ffi -Z stubbing --c-lib c/pg_pseudotypes.c --exact --no-assertion-reach-checks	green	per-commit	18	symbolic content = derived-length memory wall (ledger)
pseudotypes	proofs::eq_cstring_out_spot_len3	-Z c-ffi -Z stubbing --c-lib c/pg_pseudotypes.c --exact --no-assertion-reach-checks	green	per-commit	18	symbolic content = derived-length memory wall (ledger)
pseudotypes	proofs::eq_pg_node_tree_out_len0	-Z c-ffi -Z stubbing --c-lib c/pg_pseudotypes.c --exact --no-assertion-reach-checks	green	release-gate	47	exact per-cell unwind; solver time under load ~7
pseudotypes	proofs::eq_pg_node_tree_out_len1	-Z c-ffi -Z stubbing --c-lib c/pg_pseudotypes.c --exact --no-assertion-reach-checks	green	release-gate	47	exact per-cell unwind; solver time under load ~7
pseudotypes	proofs::eq_pg_node_tree_out_len2	-Z c-ffi -Z stubbing --c-lib c/pg_pseudotypes.c --exact --no-assertion-reach-checks	green	release-gate	47	exact per-cell unwind; solver time under load ~7
pseudotypes	proofs::eq_pg_node_tree_out_len3	-Z c-ffi -Z stubbing --c-lib c/pg_pseudotypes.c --exact --no-assertion-reach-checks	green	release-gate	47	exact per-cell unwind; solver time under load ~7
pseudotypes	proofs::eq_pg_node_tree_out_len4	-Z c-ffi -Z stubbing --c-lib c/pg_pseudotypes.c --exact --no-assertion-reach-checks	green	release-gate	47	exact per-cell unwind; solver time under load ~7
pseudotypes	proofs::eq_pg_node_tree_out_len5	-Z c-ffi -Z stubbing --c-lib c/pg_pseudotypes.c --exact --no-assertion-reach-checks	green	release-gate	47	exact per-cell unwind; solver time under load ~7
pseudotypes	proofs::eq_pg_node_tree_out_len6	-Z c-ffi -Z stubbing --c-lib c/pg_pseudotypes.c --exact --no-assertion-reach-checks	green	release-gate	47	exact per-cell unwind; solver time under load ~7
pseudotypes	proofs::eq_pg_node_tree_out_len7	-Z c-ffi -Z stubbing --c-lib c/pg_pseudotypes.c --exact --no-assertion-reach-checks	green	release-gate	47	exact per-cell unwind; solver time under load ~7
pseudotypes	proofs::eq_pg_node_tree_out_len8	-Z c-ffi -Z stubbing --c-lib c/pg_pseudotypes.c --exact --no-assertion-reach-checks	green	release-gate	47	exact per-cell unwind; solver time under load ~7
pseudotypes	proofs::eq_pg_node_tree_send_len0	-Z c-ffi -Z stubbing --c-lib c/pg_pseudotypes.c --exact --no-assertion-reach-checks	green	release-gate	65	exact per-cell unwind; solver time under load ~7
pseudotypes	proofs::eq_pg_node_tree_send_len1	-Z c-ffi -Z stubbing --c-lib c/pg_pseudotypes.c --exact --no-assertion-reach-checks	green	release-gate	65	exact per-cell unwind; solver time under load ~7
pseudotypes	proofs::eq_pg_node_tree_send_len2	-Z c-ffi -Z stubbing --c-lib c/pg_pseudotypes.c --exact --no-assertion-reach-checks	green	release-gate	65	exact per-cell unwind; solver time under load ~7
pseudotypes	proofs::eq_pg_node_tree_send_len3	-Z c-ffi -Z stubbing --c-lib c/pg_pseudotypes.c --exact --no-assertion-reach-checks	green	release-gate	65	exact per-cell unwind; solver time under load ~7
pseudotypes	proofs::eq_pg_node_tree_send_len4	-Z c-ffi -Z stubbing --c-lib c/pg_pseudotypes.c --exact --no-assertion-reach-checks	green	release-gate	65	exact per-cell unwind; solver time under load ~7
pseudotypes	proofs::eq_pg_node_tree_send_len5	-Z c-ffi -Z stubbing --c-lib c/pg_pseudotypes.c --exact --no-assertion-reach-checks	green	release-gate	65	exact per-cell unwind; solver time under load ~7
pseudotypes	proofs::eq_pg_node_tree_send_len6	-Z c-ffi -Z stubbing --c-lib c/pg_pseudotypes.c --exact --no-assertion-reach-checks	green	release-gate	65	exact per-cell unwind; solver time under load ~7
pseudotypes	proofs::eq_pg_node_tree_send_len7	-Z c-ffi -Z stubbing --c-lib c/pg_pseudotypes.c --exact --no-assertion-reach-checks	green	release-gate	65	exact per-cell unwind; solver time under load ~7
pseudotypes	proofs::eq_pg_node_tree_send_len8	-Z c-ffi -Z stubbing --c-lib c/pg_pseudotypes.c --exact --no-assertion-reach-checks	green	release-gate	65	exact per-cell unwind; solver time under load ~7
pseudotypes	proofs::cover_node_tree_len_partition	-Z c-ffi -Z stubbing --c-lib c/pg_pseudotypes.c --exact	green	per-commit	1	union-coverage witness for both node_tree splits
int-arith	proofs::eq_int2and	-Z c-ffi -Z stubbing --c-lib c/pg_int_arith.c --solver kissat --no-assertion-reach-checks --exact	green	per-commit	2	wave-3; name repaired
int-arith	proofs::eq_int2or	-Z c-ffi -Z stubbing --c-lib c/pg_int_arith.c --solver kissat --no-assertion-reach-checks --exact	green	per-commit	2	wave-3; name repaired
int-arith	proofs::eq_int2xor	-Z c-ffi -Z stubbing --c-lib c/pg_int_arith.c --solver kissat --no-assertion-reach-checks --exact	green	per-commit	2	wave-3; name repaired
int-arith	proofs::eq_int2not	-Z c-ffi -Z stubbing --c-lib c/pg_int_arith.c --solver kissat --no-assertion-reach-checks --exact	green	per-commit	2	wave-3; name repaired
int-arith	proofs::eq_int2shl	-Z c-ffi -Z stubbing --c-lib c/pg_int_arith.c --solver kissat --no-assertion-reach-checks --exact	green	per-commit	0.2	count-fenced strict arm; name repaired
int-arith	proofs::model_int2shl	-Z c-ffi -Z stubbing --c-lib c/pg_int_arith.c --solver kissat --no-assertion-reach-checks --exact	green	per-commit	0.9	ratified masked platform model, full count domain; name repaired
int-arith	proofs::eq_int2shr	-Z c-ffi -Z stubbing --c-lib c/pg_int_arith.c --solver kissat --no-assertion-reach-checks --exact	green	per-commit	0.2	count-fenced strict arm; name repaired
int-arith	proofs::model_int2shr	-Z c-ffi -Z stubbing --c-lib c/pg_int_arith.c --solver kissat --no-assertion-reach-checks --exact	green	per-commit	0.9	ratified masked platform model, full count domain; name repaired
int-arith	proofs::eq_int4and	-Z c-ffi -Z stubbing --c-lib c/pg_int_arith.c --solver kissat --no-assertion-reach-checks --exact	green	per-commit	2	wave-3; name repaired
int-arith	proofs::eq_int4or	-Z c-ffi -Z stubbing --c-lib c/pg_int_arith.c --solver kissat --no-assertion-reach-checks --exact	green	per-commit	2	wave-3; name repaired
int-arith	proofs::eq_int4xor	-Z c-ffi -Z stubbing --c-lib c/pg_int_arith.c --solver kissat --no-assertion-reach-checks --exact	green	per-commit	2	wave-3; name repaired
int-arith	proofs::eq_int4not	-Z c-ffi -Z stubbing --c-lib c/pg_int_arith.c --solver kissat --no-assertion-reach-checks --exact	green	per-commit	2	wave-3; name repaired
int-arith	proofs::eq_int4shl	-Z c-ffi -Z stubbing --c-lib c/pg_int_arith.c --solver kissat --no-assertion-reach-checks --exact	green	per-commit	0.2	count-fenced strict arm; name repaired
int-arith	proofs::model_int4shl	-Z c-ffi -Z stubbing --c-lib c/pg_int_arith.c --solver kissat --no-assertion-reach-checks --exact	green	per-commit	0.9	ratified masked platform model, full count domain; name repaired
int-arith	proofs::eq_int4shr	-Z c-ffi -Z stubbing --c-lib c/pg_int_arith.c --solver kissat --no-assertion-reach-checks --exact	green	per-commit	0.2	count-fenced strict arm; name repaired
int-arith	proofs::model_int4shr	-Z c-ffi -Z stubbing --c-lib c/pg_int_arith.c --solver kissat --no-assertion-reach-checks --exact	green	per-commit	0.9	ratified masked platform model, full count domain; name repaired
int-arith	proofs::eq_int8and	-Z c-ffi -Z stubbing --c-lib c/pg_int_arith.c --solver kissat --no-assertion-reach-checks --exact	green	per-commit	2	wave-3; name repaired
int-arith	proofs::eq_int8or	-Z c-ffi -Z stubbing --c-lib c/pg_int_arith.c --solver kissat --no-assertion-reach-checks --exact	green	per-commit	2	wave-3; name repaired
int-arith	proofs::eq_int8xor	-Z c-ffi -Z stubbing --c-lib c/pg_int_arith.c --solver kissat --no-assertion-reach-checks --exact	green	per-commit	2	wave-3; name repaired
int-arith	proofs::eq_int8not	-Z c-ffi -Z stubbing --c-lib c/pg_int_arith.c --solver kissat --no-assertion-reach-checks --exact	green	per-commit	2	wave-3; name repaired
int-arith	proofs::eq_int8shl	-Z c-ffi -Z stubbing --c-lib c/pg_int_arith.c --solver kissat --no-assertion-reach-checks --exact	green	per-commit	0.2	count-fenced strict arm; name repaired
int-arith	proofs::model_int8shl	-Z c-ffi -Z stubbing --c-lib c/pg_int_arith.c --solver kissat --no-assertion-reach-checks --exact	green	per-commit	0.9	ratified masked platform model, full count domain; name repaired
int-arith	proofs::eq_int8shr	-Z c-ffi -Z stubbing --c-lib c/pg_int_arith.c --solver kissat --no-assertion-reach-checks --exact	green	per-commit	0.2	count-fenced strict arm; name repaired
int-arith	proofs::model_int8shr	-Z c-ffi -Z stubbing --c-lib c/pg_int_arith.c --solver kissat --no-assertion-reach-checks --exact	green	per-commit	0.9	ratified masked platform model, full count domain; name repaired
int-arith	proofs::eq_i2toi4	-Z c-ffi -Z stubbing --c-lib c/pg_int_arith.c --solver kissat --no-assertion-reach-checks --exact	green	per-commit	0.2	name repaired
int-arith	proofs::eq_int48	-Z c-ffi -Z stubbing --c-lib c/pg_int_arith.c --solver kissat --no-assertion-reach-checks --exact	green	per-commit	0.2	name repaired
int-arith	proofs::eq_int28	-Z c-ffi -Z stubbing --c-lib c/pg_int_arith.c --solver kissat --no-assertion-reach-checks --exact	green	per-commit	0.2	name repaired
int-arith	proofs::eq_oidtoi8	-Z c-ffi -Z stubbing --c-lib c/pg_int_arith.c --solver kissat --no-assertion-reach-checks --exact	green	per-commit	0.2	name repaired
int-arith	proofs::eq_i4toi2	-Z c-ffi -Z stubbing --c-lib c/pg_int_arith.c --solver kissat --no-assertion-reach-checks --exact	green	per-commit	0.3	value+verdict+sqlstate 22003; name repaired
int-arith	proofs::eq_int4inc	-Z c-ffi -Z stubbing --c-lib c/pg_int_arith.c --solver kissat --no-assertion-reach-checks --exact	green	per-commit	0.3	value+verdict+sqlstate 22003; name repaired
int-arith	proofs::eq_int84	-Z c-ffi -Z stubbing --c-lib c/pg_int_arith.c --solver kissat --no-assertion-reach-checks --exact	green	per-commit	0.3	value+verdict+sqlstate 22003; name repaired
int-arith	proofs::eq_int82	-Z c-ffi -Z stubbing --c-lib c/pg_int_arith.c --solver kissat --no-assertion-reach-checks --exact	green	per-commit	0.3	value+verdict+sqlstate 22003; name repaired
int-arith	proofs::eq_i8tooid	-Z c-ffi -Z stubbing --c-lib c/pg_int_arith.c --solver kissat --no-assertion-reach-checks --exact	green	per-commit	0.3	value+verdict+sqlstate 22003; name repaired
int-arith	proofs::eq_int8inc	-Z c-ffi -Z stubbing --c-lib c/pg_int_arith.c --solver kissat --no-assertion-reach-checks --exact	green	per-commit	0.3	value+verdict+sqlstate 22003; name repaired
int-arith	proofs::eq_int8dec	-Z c-ffi -Z stubbing --c-lib c/pg_int_arith.c --solver kissat --no-assertion-reach-checks --exact	green	per-commit	0.3	value+verdict+sqlstate 22003; name repaired
int-arith	proofs::eq_int8inc_any	-Z c-ffi -Z stubbing --c-lib c/pg_int_arith.c --solver kissat --no-assertion-reach-checks --exact	green	per-commit	0.3	value+verdict+sqlstate 22003; name repaired
int-arith	proofs::eq_int8dec_any	-Z c-ffi -Z stubbing --c-lib c/pg_int_arith.c --solver kissat --no-assertion-reach-checks --exact	green	per-commit	0.3	value+verdict+sqlstate 22003; name repaired
int-arith	proofs::eq_in_range_int4_int4	-Z c-ffi -Z stubbing --c-lib c/pg_int_arith.c --solver kissat --no-assertion-reach-checks --exact	green	per-commit	0.3	sqlstate 22013 on Err arm; name repaired
int-arith	proofs::eq_in_range_int4_int2	-Z c-ffi -Z stubbing --c-lib c/pg_int_arith.c --solver kissat --no-assertion-reach-checks --exact	green	per-commit	0.3	sqlstate 22013 on Err arm; name repaired
int-arith	proofs::eq_in_range_int4_int8	-Z c-ffi -Z stubbing --c-lib c/pg_int_arith.c --solver kissat --no-assertion-reach-checks --exact	green	per-commit	0.3	sqlstate 22013 on Err arm; name repaired
int-arith	proofs::eq_in_range_int2_int4	-Z c-ffi -Z stubbing --c-lib c/pg_int_arith.c --solver kissat --no-assertion-reach-checks --exact	green	per-commit	0.3	sqlstate 22013 on Err arm; name repaired
int-arith	proofs::eq_in_range_int2_int2	-Z c-ffi -Z stubbing --c-lib c/pg_int_arith.c --solver kissat --no-assertion-reach-checks --exact	green	per-commit	0.3	sqlstate 22013 on Err arm; name repaired
int-arith	proofs::eq_in_range_int2_int8	-Z c-ffi -Z stubbing --c-lib c/pg_int_arith.c --solver kissat --no-assertion-reach-checks --exact	green	per-commit	0.3	sqlstate 22013 on Err arm; name repaired
int-arith	proofs::eq_in_range_int8_int8	-Z c-ffi -Z stubbing --c-lib c/pg_int_arith.c --solver kissat --no-assertion-reach-checks --exact	green	per-commit	0.3	sqlstate 22013 on Err arm; name repaired
int-arith	proofs::cover_casts_both_arms	-Z c-ffi -Z stubbing --c-lib c/pg_int_arith.c --exact	green	per-commit	6.4	all covers SATISFIED; default solver; name repaired
int-arith	proofs::cover_inc_dec_both_arms	-Z c-ffi -Z stubbing --c-lib c/pg_int_arith.c --exact	green	per-commit	6.4	all covers SATISFIED; default solver; name repaired
int-arith	proofs::cover_in_range_both_arms	-Z c-ffi -Z stubbing --c-lib c/pg_int_arith.c --exact	green	per-commit	6.4	all covers SATISFIED; default solver; name repaired
int-arith	proofs::control_int4shl_vs_c_shr_model	-Z c-ffi -Z stubbing --c-lib c/pg_int_arith.c --exact	must-fail	defect-witness	35	DEFAULT solver; name repaired
int-arith	proofs::control_in_range_int4_int4_lessflip	-Z c-ffi -Z stubbing --c-lib c/pg_int_arith.c --exact	must-fail	defect-witness	35	DEFAULT solver; name repaired
int-arith	proofs::control_int4send_vs_c_int2send	-Z c-ffi -Z stubbing --c-lib c/pg_int_arith.c --exact	must-fail	defect-witness	35	DEFAULT solver; name repaired
int-arith	proofs::eq_int2send	-Z c-ffi -Z stubbing --c-lib c/pg_int_arith.c --solver kissat --exact	green	release-gate	49.2	entire wire image; mcx-stubs+tiny-proof-heap+fmt-stub; name repaired
int-arith	proofs::eq_int4send	-Z c-ffi -Z stubbing --c-lib c/pg_int_arith.c --solver kissat --exact	green	release-gate	65.6	entire wire image; mcx-stubs+tiny-proof-heap+fmt-stub; name repaired
int-arith	proofs::eq_int8send	-Z c-ffi -Z stubbing --c-lib c/pg_int_arith.c --solver kissat --exact	green	release-gate	112.8	entire wire image; mcx-stubs+tiny-proof-heap+fmt-stub; name repaired
int-arith	proofs::eq_int2recv	-Z c-ffi -Z stubbing --c-lib c/pg_int_arith.c --solver kissat --no-assertion-reach-checks --exact	wall-recorded	calibration	?	datum->StringInfo pointer round-trip symex wall; name repaired
int-arith	proofs::eq_int4recv	-Z c-ffi -Z stubbing --c-lib c/pg_int_arith.c --solver kissat --no-assertion-reach-checks --exact	wall-recorded	calibration	?	datum->StringInfo pointer round-trip symex wall; name repaired
int-arith	proofs::eq_int8recv	-Z c-ffi -Z stubbing --c-lib c/pg_int_arith.c --solver kissat --no-assertion-reach-checks --exact	wall-recorded	calibration	?	datum->StringInfo pointer round-trip symex wall; name repaired
geo-cmp	ext::proofs_ext::eq_circle_same	-Z c-ffi -Z stubbing --c-lib c/pg_geo_cmp.c --no-overflow-checks --solver kissat	green	release-gate	23.1	
geo-cmp	ext::proofs_ext::eq_circle_overleft	-Z c-ffi -Z stubbing --c-lib c/pg_geo_cmp.c --no-overflow-checks --solver kissat	green	calibration	72	kissat only; default walls (inversion)
geo-cmp	ext::proofs_ext::eq_circle_left	-Z c-ffi -Z stubbing --c-lib c/pg_geo_cmp.c --no-overflow-checks --solver kissat	green	calibration	72	kissat only; default walls (inversion)
geo-cmp	ext::proofs_ext::eq_circle_right	-Z c-ffi -Z stubbing --c-lib c/pg_geo_cmp.c --no-overflow-checks --solver kissat	green	calibration	72	kissat only; default walls (inversion)
geo-cmp	ext::proofs_ext::eq_circle_overright	-Z c-ffi -Z stubbing --c-lib c/pg_geo_cmp.c --no-overflow-checks --solver kissat	green	calibration	72	kissat only; default walls (inversion)
geo-cmp	ext::proofs_ext::eq_circle_below	-Z c-ffi -Z stubbing --c-lib c/pg_geo_cmp.c --no-overflow-checks --solver kissat	green	calibration	72	kissat only; default walls (inversion)
geo-cmp	ext::proofs_ext::eq_circle_above	-Z c-ffi -Z stubbing --c-lib c/pg_geo_cmp.c --no-overflow-checks --solver kissat	green	calibration	72	kissat only; default walls (inversion)
geo-cmp	ext::proofs_ext::eq_circle_overbelow	-Z c-ffi -Z stubbing --c-lib c/pg_geo_cmp.c --no-overflow-checks --solver kissat	green	calibration	72	kissat only; default walls (inversion)
geo-cmp	ext::proofs_ext::eq_circle_overabove	-Z c-ffi -Z stubbing --c-lib c/pg_geo_cmp.c --no-overflow-checks --solver kissat	green	calibration	72	kissat only; default walls (inversion)
geo-cmp	ext::proofs_ext::eq_circle_diameter_full	-Z c-ffi -Z stubbing --c-lib c/pg_geo_cmp.c --no-overflow-checks --solver kissat	green	per-commit	1.7	name repaired to landed harness name (slice->hslice / _full / fence->arms source rename); verified in cargo kani list 2026-07-30
geo-cmp	ext::proofs_ext::eq_circle_radius	-Z c-ffi -Z stubbing --c-lib c/pg_geo_cmp.c --no-overflow-checks --solver kissat	green	per-commit	0.4	
geo-cmp	ext::proofs_ext::eq_lseg_vertical	-Z c-ffi -Z stubbing --c-lib c/pg_geo_cmp.c --no-overflow-checks --solver kissat	green	per-commit	3.4	
geo-cmp	ext::proofs_ext::eq_lseg_horizontal	-Z c-ffi -Z stubbing --c-lib c/pg_geo_cmp.c --no-overflow-checks --solver kissat	green	per-commit	3.3	
geo-cmp	ext::proofs_ext::eq_lseg_eq	-Z c-ffi -Z stubbing --c-lib c/pg_geo_cmp.c --no-overflow-checks --solver kissat	green	release-gate	28.2	
geo-cmp	ext::proofs_ext::eq_lseg_ne	-Z c-ffi -Z stubbing --c-lib c/pg_geo_cmp.c --no-overflow-checks --solver kissat	green	release-gate	29.8	
geo-cmp	ext::proofs_ext::eq_circle_center_core	-Z c-ffi -Z stubbing --c-lib c/pg_geo_cmp.c --no-overflow-checks --solver kissat	green	per-commit	0.03	
geo-cmp	ext::proofs_ext::eq_lseg_construct_core	-Z c-ffi -Z stubbing --c-lib c/pg_geo_cmp.c --no-overflow-checks --solver kissat	green	per-commit	0.1	
geo-cmp	ext::proofs_ext::eq_point_add_core	-Z c-ffi -Z stubbing --c-lib c/pg_geo_cmp.c --no-overflow-checks --solver kissat	green	release-gate	19.6	
geo-cmp	ext::proofs_ext::eq_point_sub_core	-Z c-ffi -Z stubbing --c-lib c/pg_geo_cmp.c --no-overflow-checks --solver kissat	green	release-gate	23.1	
geo-cmp	ext::proofs_ext::eq_circle_add_pt_core	-Z c-ffi -Z stubbing --c-lib c/pg_geo_cmp.c --no-overflow-checks --solver kissat	green	release-gate	26.3	
geo-cmp	ext::proofs_ext::eq_circle_sub_pt_core	-Z c-ffi -Z stubbing --c-lib c/pg_geo_cmp.c --no-overflow-checks --solver kissat	green	release-gate	28.9	
geo-cmp	ext::proofs_ext::eq_lseg_center_core	-Z c-ffi -Z stubbing --c-lib c/pg_geo_cmp.c --no-overflow-checks	green	calibration	86.9	DEFAULT solver
geo-cmp	ext::proofs_ext::eq_point_distance_hslice	-Z c-ffi -Z stubbing --c-lib c/pg_geo_cmp.c --no-overflow-checks --solver kissat	green	calibration	51.1	
geo-cmp	ext::proofs_ext::eq_point_distance_vslice	-Z c-ffi -Z stubbing --c-lib c/pg_geo_cmp.c --no-overflow-checks --solver kissat	green	calibration	46.5	
geo-cmp	ext::proofs_ext::eq_lseg_length_hslice	-Z c-ffi -Z stubbing --c-lib c/pg_geo_cmp.c --no-overflow-checks --solver kissat	green	calibration	43.1	
geo-cmp	ext::proofs_ext::eq_lseg_length_vslice	-Z c-ffi -Z stubbing --c-lib c/pg_geo_cmp.c --no-overflow-checks --solver kissat	green	calibration	84.6	
geo-cmp	ext::proofs_ext::eq_circle_overlap_hslice	-Z c-ffi -Z stubbing --c-lib c/pg_geo_cmp.c --no-overflow-checks --solver kissat	green	calibration	204.1	name repaired to landed harness name (slice->hslice / _full / fence->arms source rename); verified in cargo kani list 2026-07-30
geo-cmp	ext::proofs_ext::eq_circle_contain_hslice	-Z c-ffi -Z stubbing --c-lib c/pg_geo_cmp.c --no-overflow-checks --solver kissat	green	calibration	192.4	name repaired to landed harness name (slice->hslice / _full / fence->arms source rename); verified in cargo kani list 2026-07-30
geo-cmp	ext::proofs_ext::eq_circle_contain_pt_hslice	-Z c-ffi -Z stubbing --c-lib c/pg_geo_cmp.c --no-overflow-checks --solver kissat	green	calibration	123.5	name repaired to landed harness name (slice->hslice / _full / fence->arms source rename); verified in cargo kani list 2026-07-30
geo-cmp	ext::proofs_ext::eq_pt_contained_circle_hslice	-Z c-ffi -Z stubbing --c-lib c/pg_geo_cmp.c --no-overflow-checks --solver kissat	green	calibration	138.5	name repaired to landed harness name (slice->hslice / _full / fence->arms source rename); verified in cargo kani list 2026-07-30
geo-cmp	ext::proofs_ext::eq_dist_pc_hslice	-Z c-ffi -Z stubbing --c-lib c/pg_geo_cmp.c --no-overflow-checks --solver kissat	green	calibration	165.9	name repaired to landed harness name (slice->hslice / _full / fence->arms source rename); verified in cargo kani list 2026-07-30
geo-cmp	ext::proofs_ext::eq_dist_cpoint_hslice	-Z c-ffi -Z stubbing --c-lib c/pg_geo_cmp.c --no-overflow-checks --solver kissat	green	calibration	169.3	name repaired to landed harness name (slice->hslice / _full / fence->arms source rename); verified in cargo kani list 2026-07-30
geo-cmp	ext::proofs_ext::eq_circle_eq_grid	-Z c-ffi -Z stubbing --c-lib c/pg_geo_cmp.c --no-overflow-checks --solver kissat	green	release-gate	11	
geo-cmp	ext::proofs_ext::eq_circle_ne_grid	-Z c-ffi -Z stubbing --c-lib c/pg_geo_cmp.c --no-overflow-checks --solver kissat	green	release-gate	11	
geo-cmp	ext::proofs_ext::eq_circle_lt_grid	-Z c-ffi -Z stubbing --c-lib c/pg_geo_cmp.c --no-overflow-checks --solver kissat	green	release-gate	11	
geo-cmp	ext::proofs_ext::eq_circle_gt_grid	-Z c-ffi -Z stubbing --c-lib c/pg_geo_cmp.c --no-overflow-checks --solver kissat	green	release-gate	11	
geo-cmp	ext::proofs_ext::eq_circle_le_grid	-Z c-ffi -Z stubbing --c-lib c/pg_geo_cmp.c --no-overflow-checks --solver kissat	green	release-gate	11	
geo-cmp	ext::proofs_ext::eq_circle_ge_grid	-Z c-ffi -Z stubbing --c-lib c/pg_geo_cmp.c --no-overflow-checks --solver kissat	green	release-gate	11	
geo-cmp	ext::proofs_ext::eq_circle_area_grid	-Z c-ffi -Z stubbing --c-lib c/pg_geo_cmp.c --no-overflow-checks --solver kissat	green	per-commit	3.3	
geo-cmp	ext::proofs_ext::probe_circle_area_full	-Z c-ffi -Z stubbing --c-lib c/pg_geo_cmp.c --no-overflow-checks --solver kissat	wall-recorded	calibration	?	wall-ok probe
geo-cmp	ext::proofs_ext::eq_circle_distance_grid	-Z c-ffi -Z stubbing --c-lib c/pg_geo_cmp.c --no-overflow-checks --solver kissat	green	per-commit	8.8	
geo-cmp	ext::proofs_ext::eq_circle_contained_grid	-Z c-ffi -Z stubbing --c-lib c/pg_geo_cmp.c --no-overflow-checks --solver kissat	green	per-commit	5.3	
geo-cmp	ext::proofs_ext::eq_lseg_lt_grid	-Z c-ffi -Z stubbing --c-lib c/pg_geo_cmp.c --no-overflow-checks --solver kissat	green	release-gate	21	
geo-cmp	ext::proofs_ext::eq_lseg_le_grid	-Z c-ffi -Z stubbing --c-lib c/pg_geo_cmp.c --no-overflow-checks --solver kissat	green	release-gate	21	
geo-cmp	ext::proofs_ext::eq_lseg_gt_grid	-Z c-ffi -Z stubbing --c-lib c/pg_geo_cmp.c --no-overflow-checks --solver kissat	green	release-gate	21	
geo-cmp	ext::proofs_ext::eq_lseg_ge_grid	-Z c-ffi -Z stubbing --c-lib c/pg_geo_cmp.c --no-overflow-checks --solver kissat	green	release-gate	21	
geo-cmp	ext::proofs_ext::eq_lseg_parallel_grid	-Z c-ffi -Z stubbing --c-lib c/pg_geo_cmp.c --no-overflow-checks --solver kissat	green	per-commit	8.1	
geo-cmp	ext::proofs_ext::eq_lseg_perp_grid	-Z c-ffi -Z stubbing --c-lib c/pg_geo_cmp.c --no-overflow-checks --solver kissat	green	per-commit	8.8	
geo-cmp	ext::proofs_ext::eq_point_slope_arms	-Z c-ffi -Z stubbing --c-lib c/pg_geo_cmp.c --no-overflow-checks --solver kissat	green	calibration	90.1	name repaired to landed harness name (slice->hslice / _full / fence->arms source rename); verified in cargo kani list 2026-07-30
geo-cmp	ext::proofs_ext::eq_point_slope_grid	-Z c-ffi -Z stubbing --c-lib c/pg_geo_cmp.c --no-overflow-checks --solver kissat	green	per-commit	3.4	
geo-cmp	ext::proofs_ext::control_circle_overleft_vs_overright	-Z c-ffi -Z stubbing --c-lib c/pg_geo_cmp.c --no-overflow-checks	must-fail	defect-witness	2.6	fails on value + both errflag directions
geo-cmp	ext3::proofs_ext3::eq_path_n_lt	-Z c-ffi -Z stubbing --c-lib c/pg_geo_cmp.c --no-overflow-checks --solver kissat	green	release-gate	24.4	
geo-cmp	ext3::proofs_ext3::eq_path_n_gt	-Z c-ffi -Z stubbing --c-lib c/pg_geo_cmp.c --no-overflow-checks --solver kissat	green	release-gate	23.0	
geo-cmp	ext3::proofs_ext3::eq_path_n_eq	-Z c-ffi -Z stubbing --c-lib c/pg_geo_cmp.c --no-overflow-checks --solver kissat	green	release-gate	34.9	
geo-cmp	ext3::proofs_ext3::eq_path_n_le	-Z c-ffi -Z stubbing --c-lib c/pg_geo_cmp.c --no-overflow-checks --solver kissat	green	release-gate	22.7	
geo-cmp	ext3::proofs_ext3::eq_path_n_ge	-Z c-ffi -Z stubbing --c-lib c/pg_geo_cmp.c --no-overflow-checks --solver kissat	green	release-gate	24.3	
geo-cmp	ext3::proofs_ext3::eq_path_isclosed	-Z c-ffi -Z stubbing --c-lib c/pg_geo_cmp.c --no-overflow-checks --solver kissat	green	release-gate	12.7	
geo-cmp	ext3::proofs_ext3::eq_path_isopen	-Z c-ffi -Z stubbing --c-lib c/pg_geo_cmp.c --no-overflow-checks --solver kissat	green	release-gate	12.7	
geo-cmp	ext3::proofs_ext3::eq_path_npoints	-Z c-ffi -Z stubbing --c-lib c/pg_geo_cmp.c --no-overflow-checks --solver kissat	green	release-gate	12.8	
geo-cmp	ext3::proofs_ext3::eq_poly_npoints	-Z c-ffi -Z stubbing --c-lib c/pg_geo_cmp.c --no-overflow-checks --solver kissat	green	per-commit	3.6	
geo-cmp	ext3::proofs_ext3::eq_poly_left	-Z c-ffi -Z stubbing --c-lib c/pg_geo_cmp.c --no-overflow-checks --solver kissat	green	per-commit	5.6	
geo-cmp	ext3::proofs_ext3::eq_poly_overleft	-Z c-ffi -Z stubbing --c-lib c/pg_geo_cmp.c --no-overflow-checks --solver kissat	green	per-commit	5.5	
geo-cmp	ext3::proofs_ext3::eq_poly_right	-Z c-ffi -Z stubbing --c-lib c/pg_geo_cmp.c --no-overflow-checks --solver kissat	green	per-commit	6.0	
geo-cmp	ext3::proofs_ext3::eq_poly_overright	-Z c-ffi -Z stubbing --c-lib c/pg_geo_cmp.c --no-overflow-checks --solver kissat	green	per-commit	5.8	
geo-cmp	ext3::proofs_ext3::eq_poly_below	-Z c-ffi -Z stubbing --c-lib c/pg_geo_cmp.c --no-overflow-checks --solver kissat	green	per-commit	6.3	
geo-cmp	ext3::proofs_ext3::eq_poly_overbelow	-Z c-ffi -Z stubbing --c-lib c/pg_geo_cmp.c --no-overflow-checks --solver kissat	green	per-commit	5.5	
geo-cmp	ext3::proofs_ext3::eq_poly_above	-Z c-ffi -Z stubbing --c-lib c/pg_geo_cmp.c --no-overflow-checks --solver kissat	green	per-commit	5.4	
geo-cmp	ext3::proofs_ext3::eq_poly_overabove	-Z c-ffi -Z stubbing --c-lib c/pg_geo_cmp.c --no-overflow-checks --solver kissat	green	per-commit	5.8	
geo-cmp	ext3::proofs_ext3::eq_poly_same_n1	-Z c-ffi -Z stubbing --c-lib c/pg_geo_cmp.c --no-overflow-checks	green	calibration	148.4	DEFAULT solver only; kissat re-enumerates SAT batches (inversion)
geo-cmp	ext3::proofs_ext3::eq_poly_same_nmismatch	-Z c-ffi -Z stubbing --c-lib c/pg_geo_cmp.c --no-overflow-checks --solver kissat	green	calibration	171.8	
geo-cmp	ext3::proofs_ext3::eq_poly_box_img	-Z c-ffi -Z stubbing --c-lib c/pg_geo_cmp.c --no-overflow-checks --solver kissat	green	calibration	84.1	mcx-stubs recipe; modulo static-buffer allocator model
geo-cmp	ext3::proofs_ext3::control_poly_npoints_skew	-Z c-ffi -Z stubbing --c-lib c/pg_geo_cmp.c --no-overflow-checks	must-fail	defect-witness	2.3	fails on assertion.2 (npts builder skew) — varlena builder load-bearing
geo-cmp	ext4::proofs_ext4::eq_point_recv_core	-Z c-ffi -Z stubbing --c-lib c/pg_geo_cmp.c --no-overflow-checks --solver kissat	green	calibration	48.4	
geo-cmp	ext4::proofs_ext4::eq_box_recv_core	-Z c-ffi -Z stubbing --c-lib c/pg_geo_cmp.c --no-overflow-checks --solver kissat	green	calibration	66.8	
geo-cmp	ext4::proofs_ext4::eq_lseg_recv_core	-Z c-ffi -Z stubbing --c-lib c/pg_geo_cmp.c --no-overflow-checks --solver kissat	green	calibration	60.3	
geo-cmp	ext4::proofs_ext4::eq_line_recv_core	-Z c-ffi -Z stubbing --c-lib c/pg_geo_cmp.c --no-overflow-checks --solver kissat	green	calibration	70.9	both arms cover-SATISFIED
geo-cmp	ext4::proofs_ext4::eq_circle_recv_core	-Z c-ffi -Z stubbing --c-lib c/pg_geo_cmp.c --no-overflow-checks --solver kissat	green	calibration	60.5	both arms cover-SATISFIED
geo-cmp	ext4::proofs_ext4::eq_point_send_img	-Z c-ffi -Z stubbing --c-lib c/pg_geo_cmp.c --no-overflow-checks --solver kissat	green	calibration	78.0	
geo-cmp	ext4::proofs_ext4::eq_box_send_img	-Z c-ffi -Z stubbing --c-lib c/pg_geo_cmp.c --no-overflow-checks --solver kissat	green	calibration	98.4	
geo-cmp	ext4::proofs_ext4::eq_lseg_send_img	-Z c-ffi -Z stubbing --c-lib c/pg_geo_cmp.c --no-overflow-checks --solver kissat	green	calibration	125.3	
geo-cmp	ext4::proofs_ext4::eq_line_send_img	-Z c-ffi -Z stubbing --c-lib c/pg_geo_cmp.c --no-overflow-checks --solver kissat	green	calibration	143.5	
geo-cmp	ext4::proofs_ext4::eq_circle_send_img	-Z c-ffi -Z stubbing --c-lib c/pg_geo_cmp.c --no-overflow-checks --solver kissat	green	calibration	51.0	
geo-cmp	ext4::proofs_ext4::eq_path_send_n1	-Z c-ffi -Z stubbing --c-lib c/pg_geo_cmp.c --no-overflow-checks --solver kissat	green	calibration	67.0	
geo-cmp	ext4::proofs_ext4::eq_path_send_n2	-Z c-ffi -Z stubbing --c-lib c/pg_geo_cmp.c --no-overflow-checks --solver kissat	green	calibration	68.0	
geo-cmp	ext4::proofs_ext4::eq_poly_send_n1	-Z c-ffi -Z stubbing --c-lib c/pg_geo_cmp.c --no-overflow-checks --solver kissat	green	calibration	83.0	
geo-cmp	ext4::proofs_ext4::eq_poly_send_n2	-Z c-ffi -Z stubbing --c-lib c/pg_geo_cmp.c --no-overflow-checks --solver kissat	green	calibration	94.4	
geo-cmp	ext4::proofs_ext4::control_point_recv_byteorder_skew	-Z c-ffi -Z stubbing --c-lib c/pg_geo_cmp.c --no-overflow-checks	must-fail	defect-witness	37.6	fails on assertion.2 (BE order skew) — wire byte order load-bearing
geo-cmp	ext5::proofs_ext5::eq_path_area_open_plane	-Z c-ffi -Z stubbing --c-lib c/pg_geo_cmp.c --no-overflow-checks --solver kissat	green	calibration	59.0	
geo-cmp	ext5::proofs_ext5::eq_path_distance_nullplane	-Z c-ffi -Z stubbing --c-lib c/pg_geo_cmp.c --no-overflow-checks --solver kissat	green	per-commit	2.4	core-level; C closept trap in-rig
geo-cmp	ext5::proofs_ext5::eq_path_inter_n1_open	-Z c-ffi -Z stubbing --c-lib c/pg_geo_cmp.c --no-overflow-checks --solver kissat	green	per-commit	1.3	core-level
geo-cmp	ext5::proofs_ext5::eq_poly_contain_bboxfail	-Z c-ffi -Z stubbing --c-lib c/pg_geo_cmp.c --no-overflow-checks --solver kissat	green	per-commit	2.9	from_parts literal plane; C deep-walk traps in-rig
geo-cmp	ext5::proofs_ext5::eq_poly_contained_bboxfail	-Z c-ffi -Z stubbing --c-lib c/pg_geo_cmp.c --no-overflow-checks --solver kissat	green	per-commit	2.4	
geo-cmp	ext5::proofs_ext5::eq_poly_overlap_bboxfail	-Z c-ffi -Z stubbing --c-lib c/pg_geo_cmp.c --no-overflow-checks --solver kissat	green	per-commit	2.0	
geo-cmp	ext5::proofs_ext5::eq_box_poly_img	-Z c-ffi -Z stubbing --c-lib c/pg_geo_cmp.c --no-overflow-checks --solver kissat	must-fail	defect-witness	135.2	DIVERGENCE WITNESS (candidate, box_poly boundbox -0.0/NaN classes): stays FAILED until adjudicated; native diff tests/boxpoly_native.rs
mbconv	proofs::wiring_conv_builtins	-Z c-ffi -Z stubbing --c-lib c/pg_mbconv_common.c --c-lib c/pg_conv_check.c --exact	green	release-gate	223	84-entry CONV_BUILTINS foid+fn-ptr identity; sole CONV_BUILTINS reference; heavyweight by design
datetime-cmp	arith_proofs::eq_interval_um	-Z c-ffi -Z stubbing --c-lib c/pg_datetime_cmp.c --solver kissat --exact	green	per-commit	2.7	
datetime-cmp	arith_proofs::eq_interval_pl	-Z c-ffi -Z stubbing --c-lib c/pg_datetime_cmp.c --solver kissat --exact	green	per-commit	3.7	
datetime-cmp	arith_proofs::eq_interval_mi	-Z c-ffi -Z stubbing --c-lib c/pg_datetime_cmp.c --solver kissat --exact	green	per-commit	3.8	
datetime-cmp	arith_proofs::eq_date_pli	-Z c-ffi -Z stubbing --c-lib c/pg_datetime_cmp.c --solver kissat --exact	green	per-commit	1.1	dup gate of misc-ops row
datetime-cmp	arith_proofs::eq_date_mii	-Z c-ffi -Z stubbing --c-lib c/pg_datetime_cmp.c --solver kissat --exact	green	per-commit	1.0	dup gate of misc-ops row
datetime-cmp	arith_proofs::eq_interval_justify_days	-Z c-ffi -Z stubbing --c-lib c/pg_datetime_cmp.c --solver kissat --exact	green	release-gate	20.9	/30 divider full-domain
datetime-cmp	arith_proofs::eq_timestamp_pl_interval_m0d0	-Z c-ffi -Z stubbing --c-lib c/pg_datetime_cmp.c --solver kissat --exact	green	per-commit	1.6	plane; trap-guarded
datetime-cmp	arith_proofs::eq_timestamp_pl_interval_nobegin	-Z c-ffi -Z stubbing --c-lib c/pg_datetime_cmp.c --solver kissat --exact	green	per-commit	1.2	
datetime-cmp	arith_proofs::eq_timestamp_pl_interval_noend	-Z c-ffi -Z stubbing --c-lib c/pg_datetime_cmp.c --solver kissat --exact	green	per-commit	1.2	
datetime-cmp	arith_proofs::eq_timestamp_mi_interval_m0d0	-Z c-ffi -Z stubbing --c-lib c/pg_datetime_cmp.c --solver kissat --exact	green	per-commit	1.9	
datetime-cmp	arith_proofs::eq_timestamp_mi_interval_nobegin	-Z c-ffi -Z stubbing --c-lib c/pg_datetime_cmp.c --solver kissat --exact	green	per-commit	1.3	
datetime-cmp	arith_proofs::eq_timestamp_mi_interval_noend	-Z c-ffi -Z stubbing --c-lib c/pg_datetime_cmp.c --solver kissat --exact	green	per-commit	1.3	
datetime-cmp	arith_proofs::spot_time_pl_mi_interval	-Z c-ffi -Z stubbing --c-lib c/pg_datetime_cmp.c --solver kissat --exact	green	per-commit	11.5	spots for 1747/1748
datetime-cmp	arith_proofs::spot_timetz_pl_mi_interval	-Z c-ffi -Z stubbing --c-lib c/pg_datetime_cmp.c --solver kissat --exact	green	per-commit	18.2	spots for 1749/1750
datetime-cmp	arith_proofs::spot_justify_hours_interval	-Z c-ffi -Z stubbing --c-lib c/pg_datetime_cmp.c --solver kissat --exact	green	release-gate	32.3	spots for 1175/2711
datetime-cmp	arith_proofs::spot_timestamp_mi	-Z c-ffi -Z stubbing --c-lib c/pg_datetime_cmp.c --solver kissat --exact	green	per-commit	11.4	spots for 1188/2031
datetime-cmp	arith_proofs::control_interval_pl_vs_c_mi	-Z c-ffi -Z stubbing --c-lib c/pg_datetime_cmp.c --exact	must-fail	defect-witness	2.7	DEFAULT solver; incl by-ref read-back
datetime-cmp	native_diff_dividers	cargo run --release --bin native_diff_dividers	missing	per-commit	2	14.0M checks; tested(differential) tier for the 6 divider walls; name repaired: not a kani harness (native bin src/bin/native_diff_dividers.rs)
typcache-inst	proofs::eq_range_eq_int8range	-Z c-ffi -Z stubbing --c-lib c/pg_typcache_inst.c --solver kissat --exact	green	per-commit	10	name repaired
typcache-inst	proofs::eq_range_ne_int8range	-Z c-ffi -Z stubbing --c-lib c/pg_typcache_inst.c --solver kissat --exact	green	per-commit	10	name repaired
typcache-inst	proofs::eq_range_contains_int8range	-Z c-ffi -Z stubbing --c-lib c/pg_typcache_inst.c --solver kissat --exact	green	per-commit	10	name repaired
typcache-inst	proofs::eq_range_contained_by_int8range	-Z c-ffi -Z stubbing --c-lib c/pg_typcache_inst.c --solver kissat --exact	green	per-commit	10	name repaired
typcache-inst	proofs::eq_range_before_int8range	-Z c-ffi -Z stubbing --c-lib c/pg_typcache_inst.c --solver kissat --exact	green	per-commit	10	name repaired
typcache-inst	proofs::eq_range_after_int8range	-Z c-ffi -Z stubbing --c-lib c/pg_typcache_inst.c --solver kissat --exact	green	per-commit	10	name repaired
typcache-inst	proofs::eq_range_overlaps_int8range	-Z c-ffi -Z stubbing --c-lib c/pg_typcache_inst.c --solver kissat --exact	green	per-commit	10	name repaired
typcache-inst	proofs::eq_range_cmp_int8range	-Z c-ffi -Z stubbing --c-lib c/pg_typcache_inst.c --solver kissat --exact	green	per-commit	10	name repaired
typcache-inst	proofs::eq_range_lt_int8range	-Z c-ffi -Z stubbing --c-lib c/pg_typcache_inst.c --solver kissat --exact	green	per-commit	10	name repaired
typcache-inst	proofs::eq_range_le_int8range	-Z c-ffi -Z stubbing --c-lib c/pg_typcache_inst.c --solver kissat --exact	green	per-commit	10	name repaired
typcache-inst	proofs::eq_range_ge_int8range	-Z c-ffi -Z stubbing --c-lib c/pg_typcache_inst.c --solver kissat --exact	green	per-commit	10	name repaired
typcache-inst	proofs::eq_range_gt_int8range	-Z c-ffi -Z stubbing --c-lib c/pg_typcache_inst.c --solver kissat --exact	green	per-commit	10	name repaired
typcache-inst	proofs::eq_range_empty_int8range	-Z c-ffi -Z stubbing --c-lib c/pg_typcache_inst.c --solver kissat --exact	green	per-commit	10	name repaired
typcache-inst	proofs::eq_range_contains_elem_int8range	-Z c-ffi -Z stubbing --c-lib c/pg_typcache_inst.c --solver kissat --exact	green	per-commit	10	name repaired
typcache-inst	proofs::eq_range_eq_daterange	-Z c-ffi -Z stubbing --c-lib c/pg_typcache_inst.c --solver kissat --exact	green	per-commit	10	name repaired
typcache-inst	proofs::eq_range_ne_daterange	-Z c-ffi -Z stubbing --c-lib c/pg_typcache_inst.c --solver kissat --exact	green	per-commit	10	name repaired
typcache-inst	proofs::eq_range_contains_daterange	-Z c-ffi -Z stubbing --c-lib c/pg_typcache_inst.c --solver kissat --exact	green	per-commit	10	name repaired
typcache-inst	proofs::eq_range_contained_by_daterange	-Z c-ffi -Z stubbing --c-lib c/pg_typcache_inst.c --solver kissat --exact	green	per-commit	10	name repaired
typcache-inst	proofs::eq_range_before_daterange	-Z c-ffi -Z stubbing --c-lib c/pg_typcache_inst.c --solver kissat --exact	green	per-commit	10	name repaired
typcache-inst	proofs::eq_range_after_daterange	-Z c-ffi -Z stubbing --c-lib c/pg_typcache_inst.c --solver kissat --exact	green	per-commit	10	name repaired
typcache-inst	proofs::eq_range_overlaps_daterange	-Z c-ffi -Z stubbing --c-lib c/pg_typcache_inst.c --solver kissat --exact	green	per-commit	10	name repaired
typcache-inst	proofs::eq_range_cmp_daterange	-Z c-ffi -Z stubbing --c-lib c/pg_typcache_inst.c --solver kissat --exact	green	per-commit	10	name repaired
typcache-inst	proofs::eq_range_lt_daterange	-Z c-ffi -Z stubbing --c-lib c/pg_typcache_inst.c --solver kissat --exact	green	per-commit	10	name repaired
typcache-inst	proofs::eq_range_le_daterange	-Z c-ffi -Z stubbing --c-lib c/pg_typcache_inst.c --solver kissat --exact	green	per-commit	10	name repaired
typcache-inst	proofs::eq_range_ge_daterange	-Z c-ffi -Z stubbing --c-lib c/pg_typcache_inst.c --solver kissat --exact	green	per-commit	10	name repaired
typcache-inst	proofs::eq_range_gt_daterange	-Z c-ffi -Z stubbing --c-lib c/pg_typcache_inst.c --solver kissat --exact	green	per-commit	10	name repaired
typcache-inst	proofs::eq_range_empty_daterange	-Z c-ffi -Z stubbing --c-lib c/pg_typcache_inst.c --solver kissat --exact	green	per-commit	10	name repaired
typcache-inst	proofs::eq_range_contains_elem_daterange	-Z c-ffi -Z stubbing --c-lib c/pg_typcache_inst.c --solver kissat --exact	green	per-commit	10	name repaired
typcache-inst	proofs::eq_elem_contained_by_int4range	-Z c-ffi -Z stubbing --c-lib c/pg_typcache_inst.c --solver kissat --exact	green	per-commit	10	name repaired
typcache-inst	proofs::eq_elem_contained_by_int8range	-Z c-ffi -Z stubbing --c-lib c/pg_typcache_inst.c --solver kissat --exact	green	per-commit	10	name repaired
typcache-inst	proofs::eq_elem_contained_by_daterange	-Z c-ffi -Z stubbing --c-lib c/pg_typcache_inst.c --solver kissat --exact	green	per-commit	10	name repaired
typcache-inst	proofs::eq_array_eq_int8	-Z c-ffi -Z stubbing --c-lib c/pg_typcache_inst.c --solver kissat --exact --no-assertion-reach-checks	green	calibration	255	per-type instantiation; heaviest in family listed; name repaired
typcache-inst	proofs::eq_array_ne_int8	-Z c-ffi -Z stubbing --c-lib c/pg_typcache_inst.c --solver kissat --exact --no-assertion-reach-checks	green	calibration	255	per-type instantiation; heaviest in family listed; name repaired
typcache-inst	proofs::eq_array_cmp_int8	-Z c-ffi -Z stubbing --c-lib c/pg_typcache_inst.c --solver kissat --exact --no-assertion-reach-checks	green	calibration	255	per-type instantiation; heaviest in family listed; name repaired
typcache-inst	proofs::eq_array_lt_int8	-Z c-ffi -Z stubbing --c-lib c/pg_typcache_inst.c --solver kissat --exact --no-assertion-reach-checks	green	calibration	255	per-type instantiation; heaviest in family listed; name repaired
typcache-inst	proofs::eq_array_gt_int8	-Z c-ffi -Z stubbing --c-lib c/pg_typcache_inst.c --solver kissat --exact --no-assertion-reach-checks	green	calibration	255	per-type instantiation; heaviest in family listed; name repaired
typcache-inst	proofs::eq_array_le_int8	-Z c-ffi -Z stubbing --c-lib c/pg_typcache_inst.c --solver kissat --exact --no-assertion-reach-checks	green	calibration	255	per-type instantiation; heaviest in family listed; name repaired
typcache-inst	proofs::eq_array_ge_int8	-Z c-ffi -Z stubbing --c-lib c/pg_typcache_inst.c --solver kissat --exact --no-assertion-reach-checks	green	calibration	255	per-type instantiation; heaviest in family listed; name repaired
typcache-inst	proofs::eq_array_eq_date	-Z c-ffi -Z stubbing --c-lib c/pg_typcache_inst.c --solver kissat --exact --no-assertion-reach-checks	green	calibration	826	per-type instantiation; heaviest in family listed; name repaired
typcache-inst	proofs::eq_array_ne_date	-Z c-ffi -Z stubbing --c-lib c/pg_typcache_inst.c --solver kissat --exact --no-assertion-reach-checks	green	calibration	826	per-type instantiation; heaviest in family listed; name repaired
typcache-inst	proofs::eq_array_cmp_date	-Z c-ffi -Z stubbing --c-lib c/pg_typcache_inst.c --solver kissat --exact --no-assertion-reach-checks	green	calibration	826	per-type instantiation; heaviest in family listed; name repaired
typcache-inst	proofs::eq_array_lt_date	-Z c-ffi -Z stubbing --c-lib c/pg_typcache_inst.c --solver kissat --exact --no-assertion-reach-checks	green	calibration	826	per-type instantiation; heaviest in family listed; name repaired
typcache-inst	proofs::eq_array_gt_date	-Z c-ffi -Z stubbing --c-lib c/pg_typcache_inst.c --solver kissat --exact --no-assertion-reach-checks	green	calibration	826	per-type instantiation; heaviest in family listed; name repaired
typcache-inst	proofs::eq_array_le_date	-Z c-ffi -Z stubbing --c-lib c/pg_typcache_inst.c --solver kissat --exact --no-assertion-reach-checks	green	calibration	826	per-type instantiation; heaviest in family listed; name repaired
typcache-inst	proofs::eq_array_ge_date	-Z c-ffi -Z stubbing --c-lib c/pg_typcache_inst.c --solver kissat --exact --no-assertion-reach-checks	green	calibration	826	per-type instantiation; heaviest in family listed; name repaired
typcache-inst	proofs::eq_array_eq_text	-Z c-ffi -Z stubbing --c-lib c/pg_typcache_inst.c --solver kissat --exact --no-assertion-reach-checks	green	calibration	207	per-type instantiation; heaviest in family listed; name repaired
typcache-inst	proofs::eq_array_ne_text	-Z c-ffi -Z stubbing --c-lib c/pg_typcache_inst.c --solver kissat --exact --no-assertion-reach-checks	green	calibration	207	per-type instantiation; heaviest in family listed; name repaired
typcache-inst	proofs::eq_array_cmp_text	-Z c-ffi -Z stubbing --c-lib c/pg_typcache_inst.c --solver kissat --exact --no-assertion-reach-checks	green	calibration	207	per-type instantiation; heaviest in family listed; name repaired
typcache-inst	proofs::eq_array_lt_text	-Z c-ffi -Z stubbing --c-lib c/pg_typcache_inst.c --solver kissat --exact --no-assertion-reach-checks	green	calibration	207	per-type instantiation; heaviest in family listed; name repaired
typcache-inst	proofs::eq_array_gt_text	-Z c-ffi -Z stubbing --c-lib c/pg_typcache_inst.c --solver kissat --exact --no-assertion-reach-checks	green	calibration	207	per-type instantiation; heaviest in family listed; name repaired
typcache-inst	proofs::eq_array_le_text	-Z c-ffi -Z stubbing --c-lib c/pg_typcache_inst.c --solver kissat --exact --no-assertion-reach-checks	green	calibration	207	per-type instantiation; heaviest in family listed; name repaired
typcache-inst	proofs::eq_array_ge_text	-Z c-ffi -Z stubbing --c-lib c/pg_typcache_inst.c --solver kissat --exact --no-assertion-reach-checks	green	calibration	207	per-type instantiation; heaviest in family listed; name repaired
typcache-inst	proofs::eq_array_eq_uuid	-Z c-ffi -Z stubbing --c-lib c/pg_typcache_inst.c --solver kissat --exact --no-assertion-reach-checks	wall-recorded	calibration	?	memory >6GiB byref-16B; solvable ~306s off-cap — CI cluster re-open; name repaired
typcache-inst	proofs::eq_array_ne_uuid	-Z c-ffi -Z stubbing --c-lib c/pg_typcache_inst.c --solver kissat --exact --no-assertion-reach-checks	wall-recorded	calibration	?	memory >6GiB byref-16B; solvable ~306s off-cap — CI cluster re-open; name repaired
typcache-inst	proofs::eq_array_cmp_uuid	-Z c-ffi -Z stubbing --c-lib c/pg_typcache_inst.c --solver kissat --exact --no-assertion-reach-checks	wall-recorded	calibration	?	memory >6GiB byref-16B; solvable ~306s off-cap — CI cluster re-open; name repaired
typcache-inst	proofs::eq_array_lt_uuid	-Z c-ffi -Z stubbing --c-lib c/pg_typcache_inst.c --solver kissat --exact --no-assertion-reach-checks	wall-recorded	calibration	?	memory >6GiB byref-16B; solvable ~306s off-cap — CI cluster re-open; name repaired
typcache-inst	proofs::eq_array_gt_uuid	-Z c-ffi -Z stubbing --c-lib c/pg_typcache_inst.c --solver kissat --exact --no-assertion-reach-checks	wall-recorded	calibration	?	memory >6GiB byref-16B; solvable ~306s off-cap — CI cluster re-open; name repaired
typcache-inst	proofs::eq_array_le_uuid	-Z c-ffi -Z stubbing --c-lib c/pg_typcache_inst.c --solver kissat --exact --no-assertion-reach-checks	wall-recorded	calibration	?	memory >6GiB byref-16B; solvable ~306s off-cap — CI cluster re-open; name repaired
typcache-inst	proofs::eq_array_ge_uuid	-Z c-ffi -Z stubbing --c-lib c/pg_typcache_inst.c --solver kissat --exact --no-assertion-reach-checks	wall-recorded	calibration	?	memory >6GiB byref-16B; solvable ~306s off-cap — CI cluster re-open; name repaired
typcache-inst	proofs::control_array_seam_skew_int8	-Z c-ffi -Z stubbing --c-lib c/pg_typcache_inst.c --exact	must-fail	defect-witness	13	DEFAULT solver; name repaired
typcache-inst	proofs::control_array_seam_skew_uuid	-Z c-ffi -Z stubbing --c-lib c/pg_typcache_inst.c --exact	must-fail	defect-witness	13	DEFAULT solver; name repaired
typcache-inst	proofs::control_array_seam_skew_text	-Z c-ffi -Z stubbing --c-lib c/pg_typcache_inst.c --exact	must-fail	defect-witness	13	DEFAULT solver; name repaired
typcache-inst	proofs::control_range_seam_skew_int8	-Z c-ffi -Z stubbing --c-lib c/pg_typcache_inst.c --exact	must-fail	defect-witness	13	DEFAULT solver; name repaired
jsonb-probe	proofs::eq_cmp_bool_0_0	-Z c-ffi -Z stubbing --c-lib c/pg_jsonb.c --solver kissat --exact	green	release-gate	0.76	structural-ceiling bounds (input-independent) justify --no-unwinding-checks; EXACT recipe of record (jsonb-probe/run-all.sh header): `run-cmp.sh eq_cmp_bool_0_0 3` with EXTRA="--solver kissat --no-assertion-reach-checks --no-unwinding-checks" CBMCX="--slice-formula". MEASURED 2026-07-30: the flags column ALONE gives VERIFICATION:- FAILED on "unwinding assertion loop 0" — the per-loop --unwindset bounds are load-bearing and live only in run-cmp.sh (their Rust labels embed the harness-crate hash, so inlining them into the manifest would go stale silently). Manifest cannot express this row's invocation: NEEDS A RULING
jsonb-probe	proofs::eq_cmp_bool_1_2	-Z c-ffi -Z stubbing --c-lib c/pg_jsonb.c --solver kissat --exact	green	release-gate	81	structural-ceiling bounds (input-independent) justify --no-unwinding-checks; EXACT recipe of record (jsonb-probe/run-all.sh header): `run-cmp.sh eq_cmp_bool_1_2 3` with EXTRA="--solver kissat --no-assertion-reach-checks --no-unwinding-checks" CBMCX="--slice-formula". MEASURED 2026-07-30: the flags column ALONE gives VERIFICATION:- FAILED on "unwinding assertion loop 0" — the per-loop --unwindset bounds are load-bearing and live only in run-cmp.sh (their Rust labels embed the harness-crate hash, so inlining them into the manifest would go stale silently). Manifest cannot express this row's invocation: NEEDS A RULING
jsonb-probe	proofs::eq_cmp_bool_raw_vs_arr	-Z c-ffi -Z stubbing --c-lib c/pg_jsonb.c --solver kissat --exact	green	release-gate	1.7	structural-ceiling bounds (input-independent) justify --no-unwinding-checks; EXACT recipe of record (jsonb-probe/run-all.sh header): `run-cmp.sh eq_cmp_bool_raw_vs_arr 2` with EXTRA="--solver kissat --no-assertion-reach-checks --no-unwinding-checks" CBMCX="--slice-formula". MEASURED 2026-07-30: the flags column ALONE gives VERIFICATION:- FAILED on "unwinding assertion loop 0" — the per-loop --unwindset bounds are load-bearing and live only in run-cmp.sh (their Rust labels embed the harness-crate hash, so inlining them into the manifest would go stale silently). Manifest cannot express this row's invocation: NEEDS A RULING
jsonb-probe	proofs::eq_cmp_bool_raw_vs_empty	-Z c-ffi -Z stubbing --c-lib c/pg_jsonb.c --solver kissat --exact	green	release-gate	1.1	structural-ceiling bounds (input-independent) justify --no-unwinding-checks; EXACT recipe of record (jsonb-probe/run-all.sh header): `run-cmp.sh eq_cmp_bool_raw_vs_empty 2` with EXTRA="--solver kissat --no-assertion-reach-checks --no-unwinding-checks" CBMCX="--slice-formula". MEASURED 2026-07-30: the flags column ALONE gives VERIFICATION:- FAILED on "unwinding assertion loop 0" — the per-loop --unwindset bounds are load-bearing and live only in run-cmp.sh (their Rust labels embed the harness-crate hash, so inlining them into the manifest would go stale silently). Manifest cannot express this row's invocation: NEEDS A RULING
jsonb-probe	proofs::eq_cmp_obj_obj_0_0	-Z c-ffi -Z stubbing --c-lib c/pg_jsonb.c --solver kissat --exact	green	release-gate	0.78	structural-ceiling bounds (input-independent) justify --no-unwinding-checks; EXACT recipe of record (jsonb-probe/run-all.sh header): `run-cmp.sh eq_cmp_obj_obj_0_0 3` with EXTRA="--solver kissat --no-assertion-reach-checks --no-unwinding-checks" CBMCX="--slice-formula". MEASURED 2026-07-30: the flags column ALONE gives VERIFICATION:- FAILED on "unwinding assertion loop 0" — the per-loop --unwindset bounds are load-bearing and live only in run-cmp.sh (their Rust labels embed the harness-crate hash, so inlining them into the manifest would go stale silently). Manifest cannot express this row's invocation: NEEDS A RULING
jsonb-probe	proofs::eq_cmp_obj_obj_1_2	-Z c-ffi -Z stubbing --c-lib c/pg_jsonb.c --solver kissat --exact	green	release-gate	22.4	structural-ceiling bounds (input-independent) justify --no-unwinding-checks; EXACT recipe of record (jsonb-probe/run-all.sh header): `run-cmp.sh eq_cmp_obj_obj_1_2 2 (OFFB=5)` with EXTRA="--solver kissat --no-assertion-reach-checks --no-unwinding-checks" CBMCX="--slice-formula". MEASURED 2026-07-30: the flags column ALONE gives VERIFICATION:- FAILED on "unwinding assertion loop 0" — the per-loop --unwindset bounds are load-bearing and live only in run-cmp.sh (their Rust labels embed the harness-crate hash, so inlining them into the manifest would go stale silently). Manifest cannot express this row's invocation: NEEDS A RULING
jsonb-probe	proofs::eq_cmp_obj_arr_1_1	-Z c-ffi -Z stubbing --c-lib c/pg_jsonb.c --solver kissat --exact	green	release-gate	0.73	structural-ceiling bounds (input-independent) justify --no-unwinding-checks; EXACT recipe of record (jsonb-probe/run-all.sh header): `run-cmp.sh eq_cmp_obj_arr_1_1 2` with EXTRA="--solver kissat --no-assertion-reach-checks --no-unwinding-checks" CBMCX="--slice-formula". MEASURED 2026-07-30: the flags column ALONE gives VERIFICATION:- FAILED on "unwinding assertion loop 0" — the per-loop --unwindset bounds are load-bearing and live only in run-cmp.sh (their Rust labels embed the harness-crate hash, so inlining them into the manifest would go stale silently). Manifest cannot express this row's invocation: NEEDS A RULING
jsonb-probe	proofs::eq_cmp_nested_1i1_1i2	-Z c-ffi -Z stubbing --c-lib c/pg_jsonb.c --solver kissat --exact	green	release-gate	0.70	structural-ceiling bounds (input-independent) justify --no-unwinding-checks; EXACT recipe of record (jsonb-probe/run-all.sh header): `run-cmp.sh eq_cmp_nested_1i1_1i2 3 nested` with EXTRA="--solver kissat --no-assertion-reach-checks --no-unwinding-checks" CBMCX="--slice-formula". MEASURED 2026-07-30: the flags column ALONE gives VERIFICATION:- FAILED on "unwinding assertion loop 0" — the per-loop --unwindset bounds are load-bearing and live only in run-cmp.sh (their Rust labels embed the harness-crate hash, so inlining them into the manifest would go stale silently). Manifest cannot express this row's invocation: NEEDS A RULING
jsonb-probe	proofs::control_cmp_swapped	-Z c-ffi -Z stubbing --c-lib c/pg_jsonb.c --exact	must-fail	defect-witness	52.8	DEFAULT solver; EXACT recipe of record (jsonb-probe/run-all.sh header): `run-cmp.sh control_cmp_swapped 3` with EXTRA="--solver kissat --no-assertion-reach-checks --no-unwinding-checks" CBMCX="--slice-formula". MEASURED 2026-07-30: the flags column ALONE gives VERIFICATION:- FAILED on "unwinding assertion loop 0" — the per-loop --unwindset bounds are load-bearing and live only in run-cmp.sh (their Rust labels embed the harness-crate hash, so inlining them into the manifest would go stale silently). Manifest cannot express this row's invocation: NEEDS A RULING
jsonb-probe	eq_cmp_equal_shape_cells	(run-cmp.sh)	wall-recorded	calibration	?	memory>6GiB; adjudicated via native exhaustive tables; CI cluster re-open
skipsupport	proofs::eq_bool_decrement	-Z c-ffi --c-lib c/pg_skipsupport.c --solver kissat --exact	green	per-commit	0.05	RVR lane 2026-07-29: proved 0.02-0.05s kissat (TRIAGE; ledger 6402-6409)
skipsupport	proofs::eq_bool_increment	-Z c-ffi --c-lib c/pg_skipsupport.c --solver kissat --exact	green	per-commit	0.05	RVR lane 2026-07-29: proved 0.02-0.05s kissat (TRIAGE; ledger 6402-6409)
skipsupport	proofs::eq_int2_decrement	-Z c-ffi --c-lib c/pg_skipsupport.c --solver kissat --exact	green	per-commit	0.05	RVR lane 2026-07-29: proved 0.02-0.05s kissat (TRIAGE; ledger 6402-6409)
skipsupport	proofs::eq_int2_increment	-Z c-ffi --c-lib c/pg_skipsupport.c --solver kissat --exact	green	per-commit	0.05	RVR lane 2026-07-29: proved 0.02-0.05s kissat (TRIAGE; ledger 6402-6409)
skipsupport	proofs::eq_int4_decrement	-Z c-ffi --c-lib c/pg_skipsupport.c --solver kissat --exact	green	per-commit	0.05	RVR lane 2026-07-29: proved 0.02-0.05s kissat (TRIAGE; ledger 6402-6409)
skipsupport	proofs::eq_int4_increment	-Z c-ffi --c-lib c/pg_skipsupport.c --solver kissat --exact	green	per-commit	0.05	RVR lane 2026-07-29: proved 0.02-0.05s kissat (TRIAGE; ledger 6402-6409)
skipsupport	proofs::eq_int8_decrement	-Z c-ffi --c-lib c/pg_skipsupport.c --solver kissat --exact	green	per-commit	0.05	RVR lane 2026-07-29: proved 0.02-0.05s kissat (TRIAGE; ledger 6402-6409)
skipsupport	proofs::eq_int8_increment	-Z c-ffi --c-lib c/pg_skipsupport.c --solver kissat --exact	green	per-commit	0.05	RVR lane 2026-07-29: proved 0.02-0.05s kissat (TRIAGE; ledger 6402-6409)
skipsupport	proofs::eq_oid_decrement	-Z c-ffi --c-lib c/pg_skipsupport.c --solver kissat --exact	green	per-commit	0.05	RVR lane 2026-07-29: proved 0.02-0.05s kissat (TRIAGE; ledger 6402-6409)
skipsupport	proofs::eq_oid_increment	-Z c-ffi --c-lib c/pg_skipsupport.c --solver kissat --exact	green	per-commit	0.05	RVR lane 2026-07-29: proved 0.02-0.05s kissat (TRIAGE; ledger 6402-6409)
skipsupport	proofs::eq_char_decrement	-Z c-ffi --c-lib c/pg_skipsupport.c --solver kissat --exact	green	per-commit	0.05	RVR lane 2026-07-29: proved 0.02-0.05s kissat (TRIAGE; ledger 6402-6409)
skipsupport	proofs::eq_char_increment	-Z c-ffi --c-lib c/pg_skipsupport.c --solver kissat --exact	green	per-commit	0.05	RVR lane 2026-07-29: proved 0.02-0.05s kissat (TRIAGE; ledger 6402-6409)
skipsupport	proofs::eq_date_decrement	-Z c-ffi --c-lib c/pg_skipsupport.c --solver kissat --exact	green	per-commit	0.05	RVR lane 2026-07-29: proved 0.02-0.05s kissat (TRIAGE; ledger 6402-6409)
skipsupport	proofs::eq_date_increment	-Z c-ffi --c-lib c/pg_skipsupport.c --solver kissat --exact	green	per-commit	0.05	RVR lane 2026-07-29: proved 0.02-0.05s kissat (TRIAGE; ledger 6402-6409)
skipsupport	proofs::eq_sentinels_btint2	-Z c-ffi --c-lib c/pg_skipsupport.c --solver kissat --exact	green	per-commit	0.05	RVR lane 2026-07-29: proved 0.02-0.05s kissat (TRIAGE; ledger 6402-6409)
skipsupport	proofs::eq_sentinels_btint4	-Z c-ffi --c-lib c/pg_skipsupport.c --solver kissat --exact	green	per-commit	0.05	RVR lane 2026-07-29: proved 0.02-0.05s kissat (TRIAGE; ledger 6402-6409)
skipsupport	proofs::eq_sentinels_btint8	-Z c-ffi --c-lib c/pg_skipsupport.c --solver kissat --exact	green	per-commit	0.05	RVR lane 2026-07-29: proved 0.02-0.05s kissat (TRIAGE; ledger 6402-6409)
skipsupport	proofs::eq_sentinels_btoid	-Z c-ffi --c-lib c/pg_skipsupport.c --solver kissat --exact	green	per-commit	0.05	RVR lane 2026-07-29: proved 0.02-0.05s kissat (TRIAGE; ledger 6402-6409)
skipsupport	proofs::eq_sentinels_btchar	-Z c-ffi --c-lib c/pg_skipsupport.c --solver kissat --exact	green	per-commit	0.05	RVR lane 2026-07-29: proved 0.02-0.05s kissat (TRIAGE; ledger 6402-6409)
skipsupport	proofs::eq_sentinels_btbool	-Z c-ffi --c-lib c/pg_skipsupport.c --solver kissat --exact	green	per-commit	0.05	RVR lane 2026-07-29: proved 0.02-0.05s kissat (TRIAGE; ledger 6402-6409)
skipsupport	proofs::eq_sentinels_date	-Z c-ffi --c-lib c/pg_skipsupport.c --solver kissat --exact	green	per-commit	0.05	RVR lane 2026-07-29: proved 0.02-0.05s kissat (TRIAGE; ledger 6402-6409)
skipsupport	proofs::eq_sentinels_timestamp	-Z c-ffi --c-lib c/pg_skipsupport.c --solver kissat --exact	green	per-commit	0.05	RVR lane 2026-07-29: proved 0.02-0.05s kissat (TRIAGE; ledger 6402-6409)
skipsupport	proofs::eq_timestamp_dt_sentinel_constants	-Z c-ffi --c-lib c/pg_skipsupport.c --solver kissat --exact	green	per-commit	0.05	RVR lane 2026-07-29: proved 0.02-0.05s kissat (TRIAGE; ledger 6402-6409)
skipsupport	proofs::eq_timestamp_decrement_is_int8	-Z c-ffi --c-lib c/pg_skipsupport.c --solver kissat --exact	green	per-commit	0.05	RVR lane 2026-07-29: proved 0.02-0.05s kissat (TRIAGE; ledger 6402-6409)
skipsupport	proofs::eq_timestamp_increment_is_int8	-Z c-ffi --c-lib c/pg_skipsupport.c --solver kissat --exact	green	per-commit	0.05	RVR lane 2026-07-29: proved 0.02-0.05s kissat (TRIAGE; ledger 6402-6409)
skipsupport	proofs::control_int4_increment_vs_c_decrement	-Z c-ffi --c-lib c/pg_skipsupport.c --exact	must-fail	defect-witness	?	DEFAULT solver mandatory; negative control (RVR lane 2026-07-29)
encnames	proofs::eq_encoding_to_char_frame	-Z c-ffi --c-lib c/pg_encnames.c --solver kissat --exact	green	per-commit	2.07	ledger 1597: proved(full-i32; 64B NameData frame, shipped namestrcpy in-theorem)
encnames	proofs::eq_char_to_encoding_core_ascii	-Z c-ffi --c-lib c/pg_encnames.c --solver kissat --exact	wall-recorded	calibration	?	wall(model: CBMC pointer-arith bsearch strcmp, unwind-insensitive) — TRIAGE RVR/ledger 1264; coverage of record = spots + native differential (416k names, 0 diffs)
encnames	proofs::eq_char_to_encoding_core_utf8	-Z c-ffi --c-lib c/pg_encnames.c --solver kissat --exact	wall-recorded	calibration	?	same wall class as core_ascii — TRIAGE RVR/ledger 1264
encnames	proofs::spot_char_to_encoding_len63	-Z c-ffi --c-lib c/pg_encnames.c --solver kissat --exact	green	unmeasured	?	NAMEDATALEN boundary spot; expectation from runqueue, no recorded solve
encnames	proofs::spot_char_to_encoding_len64	-Z c-ffi --c-lib c/pg_encnames.c --solver kissat --exact	green	unmeasured	?	NAMEDATALEN boundary spot; expectation from runqueue, no recorded solve
encnames	proofs::witness_wrapper_non_utf8_plane	-Z c-ffi --c-lib c/pg_encnames.c --exact	green	per-commit	15.9	divergence #10 FIXED bd9442e253 — witness now green (ledger 1264); DEFAULT solver; a FAIL here = regression of the byte-wise clean fix
encnames	proofs::control_encoding_to_char_frame_shifted	-Z c-ffi --c-lib c/pg_encnames.c --exact	must-fail	defect-witness	?	DEFAULT solver mandatory; negative control
bytea-cmp	proofs::eq_bytea_get_byte	-Z c-ffi -Z stubbing --c-lib c/pg_bytea_cmp.c --solver kissat --exact	green	per-commit	0.89	ledger 721: proved(len<=8, full-i32 n; value+verdict+sqlstate 2202E); fcinfo tested tier
bytea-cmp	proofs::eq_bytea_get_bit	-Z c-ffi -Z stubbing --c-lib c/pg_bytea_cmp.c --solver kissat --exact	green	per-commit	1.13	ledger 723: proved(len<=8, full-i64 n; value+verdict+sqlstate 2202E)
bytea-cmp	proofs::eq_bytea_set_byte	-Z c-ffi -Z stubbing --c-lib c/pg_bytea_cmp.c --exact	wall-recorded	calibration	104.9	ledger 722: proved(len=4 spot, full-i32 n, truncation+2202E planes) + wall(CNF width-bound at symbolic len<=8, both solvers); DEFAULT solver; grow/dealloc mcx stubs load-bearing (TRIAGE RVR)
bytea-cmp	proofs::probe_set_byte_len4	-Z c-ffi -Z stubbing --c-lib c/pg_bytea_cmp.c --exact	green	calibration	104.9	ledger 722 proving cell: len=4 literal, full-i32 n/new_byte; DEFAULT solver; mcx-stubs recipe
bytea-cmp	proofs::eq_bytea_set_bit	-Z c-ffi -Z stubbing --c-lib c/pg_bytea_cmp.c --exact	wall-recorded	calibration	?	ledger 724: wall(CNF width-bound at symbolic len<=8, both solvers; same circuit as 722 — per-length split expected identical)
bytea-cmp	proofs::probe_set_bit_len4	-Z c-ffi -Z stubbing --c-lib c/pg_bytea_cmp.c --exact	green	calibration	99.9	ledger 724 proving cell: len=4 literal, full-i64 n + full-i32 new_bit, 3 arms + covers; DEFAULT solver; 99.9s 2026-07-30
bytea-cmp	proofs::eq_bytea_int4	-Z c-ffi -Z stubbing --c-lib c/pg_bytea_cmp.c --solver kissat --exact	green	per-commit	1.2	ledger 6371: value + 22003 parity, both arms covered; 2026-07-30
bytea-cmp	proofs::eq_bytea_int8	-Z c-ffi -Z stubbing --c-lib c/pg_bytea_cmp.c --solver kissat --exact	green	per-commit	1.3	ledger 6372: cap 9 so the 22003 arm is reachable; 2026-07-30
bytea-cmp	proofs::eq_int4_bytea	-Z c-ffi -Z stubbing --c-lib c/pg_bytea_cmp.c --exact	green	calibration	75.8	ledger 6368: BE payload image, full-symbolic i32; DEFAULT solver; mcx-stubs; 2026-07-30
bytea-cmp	proofs::eq_int8_bytea	-Z c-ffi -Z stubbing --c-lib c/pg_bytea_cmp.c --exact	green	calibration	78.1	ledger 6369: BE payload image, full-symbolic i64; DEFAULT solver; mcx-stubs; 2026-07-30
bytea-cmp	proofs::eq_bytea_int2	-Z c-ffi -Z stubbing --c-lib c/pg_bytea_cmp.c --solver kissat --exact	green	per-commit	1.4	ledger 6370: cap 3 so the 22003 arm is reachable; 2026-07-30
bytea-cmp	proofs::eq_int2_bytea	-Z c-ffi -Z stubbing --c-lib c/pg_bytea_cmp.c --exact	green	calibration	86.1	ledger 6367: BE payload image, full-symbolic i16; DEFAULT solver; mcx-stubs; 2026-07-30
bytea-cmp	proofs::eq_bytea_bit_count	-Z c-ffi -Z stubbing --c-lib c/pg_bytea_cmp.c --solver kissat --exact	green	per-commit	1.1	ledger 6163: scalar table path len<=7; SIMD path excluded(blocked:simd); 2026-07-30
bytea-cmp	proofs::eq_bytea_reverse_l0	-Z c-ffi -Z stubbing --c-lib c/pg_bytea_cmp.c --exact	green	calibration	87.8	ledger 6382 image cell; DEFAULT solver; mcx-stubs; 2026-07-30
bytea-cmp	proofs::eq_bytea_reverse_l4	-Z c-ffi -Z stubbing --c-lib c/pg_bytea_cmp.c --exact	green	calibration	87.1	ledger 6382 image cell; DEFAULT solver; mcx-stubs; 2026-07-30
bytea-cmp	proofs::eq_bytea_reverse_l8	-Z c-ffi -Z stubbing --c-lib c/pg_bytea_cmp.c --exact	green	calibration	90.7	ledger 6382 image cell; DEFAULT solver; mcx-stubs; 2026-07-30
bytea-cmp	proofs::eq_byteain_esc_bs_l2	-Z c-ffi -Z stubbing --c-lib c/pg_bytea_cmp.c --exact	green	calibration	71.1	ledger 1244 kernel cell (backslash-escape form); DEFAULT solver; mcx-stubs; 2026-07-30
bytea-cmp	proofs::eq_byteain_esc_octal2_l4	-Z c-ffi -Z stubbing --c-lib c/pg_bytea_cmp.c --exact	green	calibration	97.1	ledger 1244 kernel cell (octal form, 2 literal + 2 symbolic digits); both covers; DEFAULT solver; 2026-07-30
bytea-cmp	proofs::eq_byteain_esc_plain1_l2	-Z c-ffi -Z stubbing --c-lib c/pg_bytea_cmp.c --exact	green	calibration	84.8	ledger 1244 kernel cell (plain copy + trailing-backslash reject); cover 1 structurally unsat in this cell (no multi-byte unit); DEFAULT solver; 2026-07-30
bytea-cmp	proofs::eq_byteain_esc_verdict	-Z c-ffi -Z stubbing --c-lib c/pg_bytea_cmp.c --exact	wall-recorded	calibration	?	ledger 1244 symbolic-len claim: CNF wall 450s BOTH solvers at 6GiB box; live for a high-mem/long-tier retry; 2026-07-30
bytea-cmp	proofs::eq_byteasend_l0	-Z c-ffi -Z stubbing --c-lib c/pg_bytea_cmp.c --exact	green	calibration	72.8	ledger 2413 identity-image cell; DEFAULT solver; mcx-stubs; 2026-07-30
bytea-cmp	proofs::eq_byteasend_l8	-Z c-ffi -Z stubbing --c-lib c/pg_bytea_cmp.c --exact	green	calibration	76.9	ledger 2413 identity-image cell; DEFAULT solver; mcx-stubs; 2026-07-30
bytea-cmp	proofs::control_get_byte_short_c_len	-Z c-ffi -Z stubbing --c-lib c/pg_bytea_cmp.c --exact	must-fail	defect-witness	?	DEFAULT solver mandatory; negative control (get/set wave)
bytea-cmp	eq_bytea_int2	-Z c-ffi -Z stubbing --c-lib c/pg_bytea_cmp.c --solver kissat	green	per-commit	1.3	oid 6370; len<=9; value+verdict+sqlstate 22003
bytea-cmp	eq_bytea_int4	-Z c-ffi -Z stubbing --c-lib c/pg_bytea_cmp.c --solver kissat	green	per-commit	1.3	oid 6371
bytea-cmp	eq_bytea_int8	-Z c-ffi -Z stubbing --c-lib c/pg_bytea_cmp.c --solver kissat	green	per-commit	1.4	oid 6372; Err arm in-domain at len 9
bytea-cmp	eq_bytea_bit_count	-Z c-ffi -Z stubbing --c-lib c/pg_bytea_cmp.c --solver kissat	green	per-commit	0.8	oid 6163; len<=7 table path; NEON arm blocked:simd
bytea-cmp	eq_to_hex32	-Z c-ffi -Z stubbing --c-lib c/pg_bytea_cmp.c --solver kissat	green	per-commit	1.0	oid 2089; full-frame image + start idx
bytea-cmp	eq_to_hex64	-Z c-ffi -Z stubbing --c-lib c/pg_bytea_cmp.c --solver kissat	green	per-commit	1.5	oid 2090
bytea-cmp	eq_to_oct32	-Z c-ffi -Z stubbing --c-lib c/pg_bytea_cmp.c --solver kissat	green	per-commit	1.5	oid 6332
bytea-cmp	eq_to_oct64	-Z c-ffi -Z stubbing --c-lib c/pg_bytea_cmp.c --solver kissat	green	per-commit	1.2	oid 6333
bytea-cmp	eq_to_bin32	-Z c-ffi -Z stubbing --c-lib c/pg_bytea_cmp.c --solver kissat	green	per-commit	1.8	oid 6330
bytea-cmp	eq_to_bin64	-Z c-ffi -Z stubbing --c-lib c/pg_bytea_cmp.c --solver kissat	green	per-commit	1.7	oid 6331
bytea-cmp	control_to_base_skewed_value	-Z c-ffi -Z stubbing --c-lib c/pg_bytea_cmp.c	must-fail	defect-witness	0.5	DEFAULT solver; fails on start/frame assert (verified check name); C sees value+1
bytea-cmp	eq_int2_bytea	-Z c-ffi -Z stubbing --c-lib c/pg_bytea_cmp.c	green	calibration	100	oid 6367; DEFAULT solver (kissat walls — mixed-arm inversion); mcx recipe
bytea-cmp	eq_int4_bytea	-Z c-ffi -Z stubbing --c-lib c/pg_bytea_cmp.c	green	calibration	89	oid 6368; DEFAULT solver
bytea-cmp	eq_int8_bytea	-Z c-ffi -Z stubbing --c-lib c/pg_bytea_cmp.c	green	calibration	88	oid 6369; DEFAULT solver
bytea-cmp	eq_byteain_escaped_count	-Z c-ffi -Z stubbing --c-lib c/pg_bytea_cmp.c --solver kissat	green	per-commit	4.5	oid 1244; escaped pass-one core verdict+count; NUL-free cstring fence
datetime-cmp	wave7_proofs::eq_timestamp_finite	-Z c-ffi -Z stubbing --c-lib c/pg_datetime_cmp.c --solver kissat --exact	green	per-commit	0.16	
datetime-cmp	wave7_proofs::eq_timestamp_hash	-Z c-ffi -Z stubbing --c-lib c/pg_datetime_cmp.c --solver kissat --exact	green	per-commit	3.6	
datetime-cmp	wave7_proofs::eq_timestamp_hash_extended	-Z c-ffi -Z stubbing --c-lib c/pg_datetime_cmp.c --solver kissat --exact	green	per-commit	3.6	
datetime-cmp	wave7_proofs::eq_overlaps_timestamp	-Z c-ffi -Z stubbing --c-lib c/pg_datetime_cmp.c --solver kissat --exact	green	per-commit	1.4	full null-cube
datetime-cmp	wave7_proofs::eq_timestamp_send	-Z c-ffi -Z stubbing --c-lib c/pg_datetime_cmp.c --solver kissat --exact	green	release-gate	104	
datetime-cmp	wave7_proofs::eq_timestamp_timestamptz	-Z c-ffi -Z stubbing --c-lib c/pg_datetime_cmp.c --solver kissat --exact	green	per-commit	1.9	default solver WALLS — inversion
datetime-cmp	wave7_proofs::eq_timestamptz_timestamp	-Z c-ffi -Z stubbing --c-lib c/pg_datetime_cmp.c --solver kissat --exact	green	per-commit	0.75	
datetime-cmp	wave7_proofs::eq_timestamp_zone_fixed	-Z c-ffi -Z stubbing --c-lib c/pg_datetime_cmp.c --solver kissat --exact	green	per-commit	2.6	
datetime-cmp	wave7_proofs::eq_timestamptz_zone_fixed	-Z c-ffi -Z stubbing --c-lib c/pg_datetime_cmp.c --solver kissat --exact	green	per-commit	2.6	
datetime-cmp	wave7_proofs::eq_timestamp_izone_value	-Z c-ffi -Z stubbing --c-lib c/pg_datetime_cmp.c --solver kissat --exact	green	per-commit	2.9	
datetime-cmp	wave7_proofs::eq_timestamptz_izone_value	-Z c-ffi -Z stubbing --c-lib c/pg_datetime_cmp.c --solver kissat --exact	green	per-commit	2.7	
datetime-cmp	wave7_proofs::eq_timestamp_izone_err	-Z c-ffi -Z stubbing --c-lib c/pg_datetime_cmp.c --solver kissat --exact	green	per-commit	3.8	
datetime-cmp	wave7_proofs::eq_timestamptz_izone_err	-Z c-ffi -Z stubbing --c-lib c/pg_datetime_cmp.c --solver kissat --exact	green	per-commit	3.7	
datetime-cmp	wave7_proofs::eq_timestamp_scale_planes	-Z c-ffi -Z stubbing --c-lib c/pg_datetime_cmp.c --solver kissat --exact	green	per-commit	2.2	
datetime-cmp	wave7_proofs::spot_timestamp_scale	-Z c-ffi -Z stubbing --c-lib c/pg_datetime_cmp.c --solver kissat --exact	green	per-commit	4.7	wrap-region cells live in the native differential
datetime-cmp	wave7_proofs::eq_in_range_timestamp_interval_m0d0	-Z c-ffi -Z stubbing --c-lib c/pg_datetime_cmp.c --solver kissat --exact	green	per-commit	1.7	
datetime-cmp	wave7_proofs::eq_in_range_timestamp_interval_noend	-Z c-ffi -Z stubbing --c-lib c/pg_datetime_cmp.c --solver kissat --exact	green	per-commit	3.7	
datetime-cmp	wave7_proofs::eq_in_range_timestamptz_interval_m0d0	-Z c-ffi -Z stubbing --c-lib c/pg_datetime_cmp.c --solver kissat --exact	green	per-commit	1.7	
datetime-cmp	wave7_proofs::eq_in_range_timestamptz_interval_noend	-Z c-ffi -Z stubbing --c-lib c/pg_datetime_cmp.c --solver kissat --exact	green	per-commit	3.7	
datetime-cmp	wave7_proofs::eq_in_range_interval_interval_t0	-Z c-ffi -Z stubbing --c-lib c/pg_datetime_cmp.c --solver kissat --exact	green	per-commit	4.7	
datetime-cmp	wave7_proofs::control_zone_seam_skew	-Z c-ffi -Z stubbing --c-lib c/pg_datetime_cmp.c --exact	must-fail	defect-witness	1.7	DEFAULT solver
datetime-cmp	wave7_proofs::eq_tstz_pl_interval_m0d0	-Z c-ffi -Z stubbing --c-lib c/pg_datetime_cmp.c --exact	green	per-commit	2.0	plane; DEFAULT solver
datetime-cmp	wave7_proofs::eq_tstz_pl_interval_at_zone_m0d0	-Z c-ffi -Z stubbing --c-lib c/pg_datetime_cmp.c --exact	green	per-commit	2.3	plane; DEFAULT solver
datetime-cmp	wave7_proofs::eq_tstz_pl_interval_nobegin	-Z c-ffi -Z stubbing --c-lib c/pg_datetime_cmp.c --exact	green	per-commit	2.0	plane; DEFAULT solver
datetime-cmp	wave7_proofs::eq_tstz_pl_interval_at_zone_nobegin	-Z c-ffi -Z stubbing --c-lib c/pg_datetime_cmp.c --exact	green	per-commit	2.3	plane; DEFAULT solver
datetime-cmp	wave7_proofs::eq_tstz_pl_interval_noend	-Z c-ffi -Z stubbing --c-lib c/pg_datetime_cmp.c --exact	green	per-commit	2.0	plane; DEFAULT solver
datetime-cmp	wave7_proofs::eq_tstz_pl_interval_at_zone_noend	-Z c-ffi -Z stubbing --c-lib c/pg_datetime_cmp.c --exact	green	per-commit	2.3	plane; DEFAULT solver
datetime-cmp	wave7_proofs::eq_tstz_mi_interval_m0d0	-Z c-ffi -Z stubbing --c-lib c/pg_datetime_cmp.c --exact	green	per-commit	2.0	plane; DEFAULT solver
datetime-cmp	wave7_proofs::eq_tstz_mi_interval_at_zone_m0d0	-Z c-ffi -Z stubbing --c-lib c/pg_datetime_cmp.c --exact	green	per-commit	2.3	plane; DEFAULT solver
datetime-cmp	wave7_proofs::eq_tstz_mi_interval_nobegin	-Z c-ffi -Z stubbing --c-lib c/pg_datetime_cmp.c --exact	green	per-commit	2.0	plane; DEFAULT solver
datetime-cmp	wave7_proofs::eq_tstz_mi_interval_at_zone_nobegin	-Z c-ffi -Z stubbing --c-lib c/pg_datetime_cmp.c --exact	green	per-commit	2.3	plane; DEFAULT solver
datetime-cmp	wave7_proofs::eq_tstz_mi_interval_noend	-Z c-ffi -Z stubbing --c-lib c/pg_datetime_cmp.c --exact	green	per-commit	2.0	plane; DEFAULT solver
datetime-cmp	wave7_proofs::eq_tstz_mi_interval_at_zone_noend	-Z c-ffi -Z stubbing --c-lib c/pg_datetime_cmp.c --exact	green	per-commit	2.3	plane; DEFAULT solver
numeric-probe	proofs::eq_numeric_sign_nd4	-Z c-ffi -Z stubbing --c-lib c/pg_numeric_cmp.c --c-lib c/pg_numeric_rows.c --c-lib c/pg_numeric_tail.c --solver kissat --exact	green	per-commit	6.7	oid 1706; measured 2026-07-30
numeric-probe	proofs::eq_numeric_scale_nd4	-Z c-ffi -Z stubbing --c-lib c/pg_numeric_cmp.c --c-lib c/pg_numeric_rows.c --c-lib c/pg_numeric_tail.c --solver kissat --exact	green	per-commit	4.9	oid 3281; measured 2026-07-30
numeric-probe	proofs::eq_numeric_typmod_codec	-Z c-ffi -Z stubbing --c-lib c/pg_numeric_cmp.c --c-lib c/pg_numeric_rows.c --c-lib c/pg_numeric_tail.c --solver kissat --exact	green	per-commit	0.05	typmod codec trio full-i32; feeds oids 2917/2918/1703
numeric-probe	proofs::eq_numerictypmodin	-Z c-ffi -Z stubbing --c-lib c/pg_numeric_cmp.c --c-lib c/pg_numeric_rows.c --c-lib c/pg_numeric_tail.c --solver kissat --exact	green	per-commit	3.0	oid 2917; measured 2026-07-30
numeric-probe	proofs::eq_int2_numeric_full	-Z c-ffi -Z stubbing --c-lib c/pg_numeric_cmp.c --c-lib c/pg_numeric_rows.c --c-lib c/pg_numeric_tail.c --solver kissat --exact	green	release-gate	30.1	oid 1782; measured 2026-07-30
numeric-probe	proofs::control_int2_numeric_off_by_one	-Z c-ffi -Z stubbing --c-lib c/pg_numeric_cmp.c --c-lib c/pg_numeric_rows.c --c-lib c/pg_numeric_tail.c --exact	must-fail	defect-witness	7.3	fails on rb[i]==out[i] image compare (C fed val+1); DEFAULT solver; verified 2026-07-30
numeric-probe	proofs::cover_int_numeric_bands	-Z c-ffi -Z stubbing --c-lib c/pg_numeric_cmp.c --c-lib c/pg_numeric_rows.c --c-lib c/pg_numeric_tail.c --solver kissat --exact	green	per-commit	0.12	union coverage for N2 magnitude bands
numeric-probe	proofs::eq_int4_numeric_nd1	-Z c-ffi -Z stubbing --c-lib c/pg_numeric_cmp.c --c-lib c/pg_numeric_rows.c --c-lib c/pg_numeric_tail.c --solver kissat --exact	green	release-gate	15.7	oid 1740 band |v| in [0,1e4)
numeric-probe	proofs::eq_int4_numeric_nd2	-Z c-ffi -Z stubbing --c-lib c/pg_numeric_cmp.c --c-lib c/pg_numeric_rows.c --c-lib c/pg_numeric_tail.c --solver kissat --exact	green	release-gate	30.2	oid 1740 band [1e4,1e8)
numeric-probe	proofs::eq_int4_numeric_nd3	-Z c-ffi -Z stubbing --c-lib c/pg_numeric_cmp.c --c-lib c/pg_numeric_rows.c --c-lib c/pg_numeric_tail.c --solver kissat --exact	green	calibration	60.0	oid 1740 band [1e8,2^31]
numeric-probe	proofs::eq_int8_numeric_nd1	-Z c-ffi -Z stubbing --c-lib c/pg_numeric_cmp.c --c-lib c/pg_numeric_rows.c --c-lib c/pg_numeric_tail.c --solver kissat --exact	green	release-gate	14.3	oid 1781 band [0,1e4)
numeric-probe	proofs::eq_int8_numeric_nd2	-Z c-ffi -Z stubbing --c-lib c/pg_numeric_cmp.c --c-lib c/pg_numeric_rows.c --c-lib c/pg_numeric_tail.c --solver kissat --exact	green	release-gate	30.9	oid 1781 band [1e4,1e8)
numeric-probe	proofs::eq_int8_numeric_nd3	-Z c-ffi -Z stubbing --c-lib c/pg_numeric_cmp.c --c-lib c/pg_numeric_rows.c --c-lib c/pg_numeric_tail.c --solver kissat --exact	green	calibration	256.7	oid 1781 band [1e8,1e12)
numeric-probe	proofs::eq_int8_numeric_spot_nd3_lo	-Z c-ffi -Z stubbing --c-lib c/pg_numeric_cmp.c --c-lib c/pg_numeric_rows.c --c-lib c/pg_numeric_tail.c --solver kissat --exact	green	per-commit	1.6	oid 1781 concrete spot
numeric-probe	proofs::eq_int8_numeric_spot_nd3_hi	-Z c-ffi -Z stubbing --c-lib c/pg_numeric_cmp.c --c-lib c/pg_numeric_rows.c --c-lib c/pg_numeric_tail.c --solver kissat --exact	green	per-commit	1.6	oid 1781 concrete spot
numeric-probe	proofs::eq_int8_numeric_spot_nd4_lo	-Z c-ffi -Z stubbing --c-lib c/pg_numeric_cmp.c --c-lib c/pg_numeric_rows.c --c-lib c/pg_numeric_tail.c --solver kissat --exact	green	per-commit	1.6	oid 1781 concrete spot
numeric-probe	proofs::eq_int8_numeric_spot_nd4_hi	-Z c-ffi -Z stubbing --c-lib c/pg_numeric_cmp.c --c-lib c/pg_numeric_rows.c --c-lib c/pg_numeric_tail.c --solver kissat --exact	green	per-commit	1.6	oid 1781 concrete spot
numeric-probe	proofs::eq_int8_numeric_spot_nd5_lo	-Z c-ffi -Z stubbing --c-lib c/pg_numeric_cmp.c --c-lib c/pg_numeric_rows.c --c-lib c/pg_numeric_tail.c --solver kissat --exact	green	per-commit	1.6	oid 1781 concrete spot
numeric-probe	proofs::eq_int8_numeric_spot_i64_min	-Z c-ffi -Z stubbing --c-lib c/pg_numeric_cmp.c --c-lib c/pg_numeric_rows.c --c-lib c/pg_numeric_tail.c --solver kissat --exact	green	per-commit	1.6	oid 1781 concrete spot
numeric-probe	proofs::eq_int8_numeric_spot_i64_max	-Z c-ffi -Z stubbing --c-lib c/pg_numeric_cmp.c --c-lib c/pg_numeric_rows.c --c-lib c/pg_numeric_tail.c --solver kissat --exact	green	per-commit	1.6	oid 1781 concrete spot
numeric-probe	proofs::eq_int8_numeric_spot_trailzero	-Z c-ffi -Z stubbing --c-lib c/pg_numeric_cmp.c --c-lib c/pg_numeric_rows.c --c-lib c/pg_numeric_tail.c --solver kissat --exact	green	per-commit	1.6	oid 1781 concrete spot
numeric-probe	proofs::eq_int2_sum	-Z c-ffi -Z stubbing --c-lib c/pg_numeric_cmp.c --c-lib c/pg_numeric_rows.c --c-lib c/pg_numeric_tail.c --solver kissat --exact	green	per-commit	2.3	oid 1840; measured 2026-07-30
numeric-probe	proofs::eq_int4_sum	-Z c-ffi -Z stubbing --c-lib c/pg_numeric_cmp.c --c-lib c/pg_numeric_rows.c --c-lib c/pg_numeric_tail.c --solver kissat --exact	green	per-commit	2.2	oid 1841; measured 2026-07-30
numeric-probe	proofs::eq_int2_avg_accum_agg	-Z c-ffi -Z stubbing --c-lib c/pg_numeric_cmp.c --c-lib c/pg_numeric_rows.c --c-lib c/pg_numeric_tail.c --solver kissat --exact	green	calibration	55.3	oid 1962; measured 2026-07-30
numeric-probe	proofs::eq_int4_avg_accum_agg	-Z c-ffi -Z stubbing --c-lib c/pg_numeric_cmp.c --c-lib c/pg_numeric_rows.c --c-lib c/pg_numeric_tail.c --solver kissat --exact	green	calibration	56.3	oid 1963 agg arm; measured 2026-07-30
numeric-probe	proofs::eq_int2_avg_accum_inv_agg	-Z c-ffi -Z stubbing --c-lib c/pg_numeric_cmp.c --c-lib c/pg_numeric_rows.c --c-lib c/pg_numeric_tail.c --solver kissat --exact	green	calibration	57.4	oid 3570; measured 2026-07-30
numeric-probe	proofs::eq_int4_avg_accum_inv_agg	-Z c-ffi -Z stubbing --c-lib c/pg_numeric_cmp.c --c-lib c/pg_numeric_rows.c --c-lib c/pg_numeric_tail.c --solver kissat --exact	green	calibration	63.6	oid 3571; measured 2026-07-30
numeric-probe	proofs::eq_int4_avg_accum_copy	-Z c-ffi -Z stubbing --c-lib c/pg_numeric_cmp.c --c-lib c/pg_numeric_rows.c --c-lib c/pg_numeric_tail.c --solver kissat --exact	green	calibration	73.1	oid 1963 copy arm; measured 2026-07-30
numeric-probe	proofs::eq_int4_avg_accum_badarr	-Z c-ffi -Z stubbing --c-lib c/pg_numeric_cmp.c --c-lib c/pg_numeric_rows.c --c-lib c/pg_numeric_tail.c --solver kissat --exact	green	calibration	50.3	oid 1963 error arm; measured 2026-07-30
numeric-probe	proofs::eq_int4_avg_combine_agg	-Z c-ffi -Z stubbing --c-lib c/pg_numeric_cmp.c --c-lib c/pg_numeric_rows.c --c-lib c/pg_numeric_tail.c --solver kissat --exact	green	calibration	72.3	oid 3324 agg arm; measured 2026-07-30
numeric-probe	proofs::eq_int4_avg_combine_nonagg	-Z c-ffi -Z stubbing --c-lib c/pg_numeric_cmp.c --c-lib c/pg_numeric_rows.c --c-lib c/pg_numeric_tail.c --solver kissat --exact	green	calibration	1.5	oid 3324 copy arm; measured 2026-07-30
numeric-probe	proofs::eq_numeric_send_snd0	-Z c-ffi -Z stubbing --c-lib c/pg_numeric_cmp.c --c-lib c/pg_numeric_rows.c --c-lib c/pg_numeric_tail.c --solver kissat --exact	wall-recorded	unmeasured	?	oid 2461 wall(memory symex >8GB) 2026-07-30; do not run in suite
numeric-probe	proofs::eq_numeric_send_snd1	-Z c-ffi -Z stubbing --c-lib c/pg_numeric_cmp.c --c-lib c/pg_numeric_rows.c --c-lib c/pg_numeric_tail.c --solver kissat --exact	wall-recorded	unmeasured	?	oid 2461 wall(memory symex >10GB) 2026-07-30; do not run in suite
numeric-probe	proofs::eq_numeric_typmod_nan	-Z c-ffi -Z stubbing --c-lib c/pg_numeric_cmp.c --c-lib c/pg_numeric_rows.c --c-lib c/pg_numeric_tail.c --solver kissat --exact	green	calibration	108.8	oid 1703 NaN x full symbolic typmod
numeric-probe	proofs::eq_numeric_typmod_pinf_pass	-Z c-ffi -Z stubbing --c-lib c/pg_numeric_cmp.c --c-lib c/pg_numeric_rows.c --c-lib c/pg_numeric_tail.c --solver kissat --exact	green	calibration	152.3	oid 1703 +Inf x literal invalid typmod
numeric-probe	proofs::eq_numeric_typmod_ninf_pass	-Z c-ffi -Z stubbing --c-lib c/pg_numeric_cmp.c --c-lib c/pg_numeric_rows.c --c-lib c/pg_numeric_tail.c --solver kissat --exact	green	calibration	138.4	oid 1703 -Inf x literal invalid typmod
numeric-probe	proofs::eq_numeric_typmod_pinf_err	-Z c-ffi -Z stubbing --c-lib c/pg_numeric_cmp.c --c-lib c/pg_numeric_rows.c --c-lib c/pg_numeric_tail.c --solver kissat --exact	green	calibration	95.7	oid 1703 +Inf error arm sqlstate parity
numeric-probe	proofs::eq_numeric_typmod_ninf_err	-Z c-ffi -Z stubbing --c-lib c/pg_numeric_cmp.c --c-lib c/pg_numeric_rows.c --c-lib c/pg_numeric_tail.c --solver kissat --exact	green	calibration	93.2	oid 1703 -Inf error arm sqlstate parity
numeric-probe	proofs::eq_numeric_typmod_invalid_finite	-Z c-ffi -Z stubbing --c-lib c/pg_numeric_cmp.c --c-lib c/pg_numeric_rows.c --c-lib c/pg_numeric_tail.c --solver kissat --exact	wall-recorded	unmeasured	?	oid 1703 wall(memory 6.6GB symex) 2026-07-30; do not run in suite
numeric-probe	proofs::eq_numeric_typmod_invalid_spot_long	-Z c-ffi -Z stubbing --c-lib c/pg_numeric_cmp.c --c-lib c/pg_numeric_rows.c --c-lib c/pg_numeric_tail.c --solver kissat --exact	wall-recorded	unmeasured	?	oid 1703 symex-hang >300s 2026-07-30; do not run in suite
numeric-probe	proofs::eq_numeric_typmod_invalid_spot_short	-Z c-ffi -Z stubbing --c-lib c/pg_numeric_cmp.c --c-lib c/pg_numeric_rows.c --c-lib c/pg_numeric_tail.c --solver kissat --exact	wall-recorded	unmeasured	?	oid 1703 symex-hang >420s 2026-07-30; do not run in suite
aclcheck	proofs::diag_seam_visibility	-Z c-ffi -Z stubbing --c-lib c/pg_aclcheck.c	green	per-commit	0.03	rig gate: cross-goto-link seam-write visibility + C IsSystemClass temp-toast arm
aclcheck	proofs::diag_c_probe_strip	-Z c-ffi -Z stubbing --c-lib c/pg_aclcheck.c	green	per-commit	8.9	C oracle pin: SYSTEM_WRITE strip under raised temp-toast flag -> mask 0; control (flag off) -> 1
aclcheck	proofs::probe_system_class_temp_toast_core	-Z c-ffi -Z stubbing --c-lib c/pg_aclcheck.c	must-fail	defect-witness	3.0	divergence witness #A1: shipped pg_class_aclmask keeps ACL_INSERT where C strips (aclchk inline IsSystemClass lacks isTempToastNamespace arm); ground-truthed on real binaries; ADJUDICATION-TEMPTOAST-SYSCLASS.md; re-run 2026-07-30 after retier probe->defect-witness: FAILED as designed (39s)
aclcheck	proofs::eq_aclinsert	-Z c-ffi -Z stubbing --c-lib c/pg_aclcheck.c --solver kissat	green	per-commit	4.0	oid 1035 PROVED: verdict+sqlstate-class parity; message text/location out of proof
aclcheck	proofs::eq_aclremove	-Z c-ffi -Z stubbing --c-lib c/pg_aclcheck.c --solver kissat	green	per-commit	3.0	oid 1036 PROVED: as aclinsert
aclcheck	proofs::eq_has_table_privilege_id_id	-Z c-ffi -Z stubbing --c-lib c/pg_aclcheck.c --solver kissat --no-assertion-reach-checks	green	release-gate	?	wall(symex timeout-450s) 2026-07-30 — fc-level class walls in convert_any_priv_string std::str machinery; see runqueue LANE RESULT header
aclcheck	proofs::eq_has_table_privilege_name_id	-Z c-ffi -Z stubbing --c-lib c/pg_aclcheck.c --solver kissat --no-assertion-reach-checks	green	release-gate	?	wall(symex timeout-450s) 2026-07-30 — same class
aclcheck	proofs::eq_acldefault_sql	-Z c-ffi -Z stubbing --c-lib c/pg_aclcheck.c --solver kissat --no-assertion-reach-checks	green	release-gate	?	wall(symex timeout-450s) 2026-07-30 — same class
aclcheck	proofs::eq_aclitemin_len8	-Z c-ffi -Z stubbing --c-lib c/pg_aclcheck.c --solver kissat --no-assertion-reach-checks	green	release-gate	?	wall(symex timeout-450s) 2026-07-30 — same class
aclcheck	proofs::control_membership_skew	-Z c-ffi -Z stubbing --c-lib c/pg_aclcheck.c	must-fail	defect-witness	42	RESTRUCTURED + SOLVES 2026-07-30 (proofs/aclcheck-control-solvable): 42s wall / 38.9s verification, box load 5.3, FAILED as designed. Was a 900s NO-VERDICT symex wall since inception, so every aclcheck green was unguarded. Literal pins alone were NOT enough — the fc-level form with roleid/objoid/catalog all concrete and a literal "SELECT" STILL walled (measured, >600s, spinning in core::slice::memchr / std::str searcher loops reached through the varlena text arg). Fix = drop the privilege-string parse out of the formula: the control now compares the pg_class_aclmask CORE on both sides (Rust aclchk::pg_class_aclmask vs C pg_class_aclmask_probe) under a literal-pinned witness whose only free variable is the C membership answer. 1 of 1193 checks failed and it is the INTENDED named assert "membership-oracle skew must change the mask" (src/lib.rs run_membership_witness); C-no-error assert SUCCESS, Rust Err arm UNREACHABLE, all 3 unwinding assertions SUCCESS (no --no-unwinding-checks). Attribution is guarded by the paired row proofs::control_membership_noskew, which is the same witness with the skew removed and must verify SUCCESSFUL; the pair must be run together or the control proves nothing
aclcheck	proofs::control_membership_noskew	-Z c-ffi -Z stubbing --c-lib c/pg_aclcheck.c	green	per-commit	42	guard-of-the-guard for proofs::control_membership_skew: byte-identical literal-pinned witness with the membership skew REMOVED (both oracles answer false) — must verify SUCCESSFUL. Measured 42s / 38.3s verification, box load 5.8, 0 of 1193 failed. The pair differs by exactly one boolean, so a FAILED control here plus a SUCCESSFUL twin there is what attributes the control failure to the membership seam rather than to unwinding, codegen, or an unrelated assert. Never retier one without the other
aclcheck	proofs::spot_acldefault_sql_bad_char	-Z c-ffi -Z stubbing --c-lib c/pg_aclcheck.c --solver kissat	green	per-commit	?	wall(timeout-60s) 2026-07-30 — queue gave it 60s; retry at 450 when queue reshaped
xid8snap	proofs::eq_full_xid_from_allowable_at	-Z c-ffi --c-lib c/pg_xid8snap.c --solver kissat --exact	green	per-commit	0.13	full u64 x u32 fenced to transam.h caller contract (epoch!=0 on decrement branch); 3 regime covers
xid8snap	proofs::eq_snapview_layout	-Z c-ffi --c-lib c/pg_xid8snap.c --solver kissat --exact	green	per-commit	0.7	SnapView offset arithmetic vs C pg_snapshot member reads (nxip/xmin/xmax/xip[i]); covers oids 2945/2946/5062/5063 cores
xid8snap	proofs::eq_strtou64_len6	-Z c-ffi --c-lib c/pg_xid8snap.c --solver kissat --exact	green	per-commit	2.7	value+endoff parity vs [S4] libc strtoull model; model grounded by tests/native_strtou64.rs (4M checks 0 diffs, host libc)
xid8snap	proofs::eq_is_visible_fxid_linear	-Z c-ffi --c-lib c/pg_xid8snap.c --solver kissat --exact	green	release-gate	17.7	linear arm nxip<=4 full-symbolic; 4 covers incl both verdicts in xip window
xid8snap	proofs::eq_is_visible_fxid_bsearch_31	-Z c-ffi --c-lib c/pg_xid8snap.c --no-assertion-reach-checks --exact	green	calibration	61.6	DEFAULT solver ONLY (kissat false-fails unwinding asserts); literal-nxip cell; measured under multi-lane load (~2.6x inflation possible) — re-measure idle
xid8snap	proofs::eq_is_visible_fxid_bsearch_32	-Z c-ffi --c-lib c/pg_xid8snap.c --no-assertion-reach-checks --exact	green	calibration	55.6	DEFAULT solver ONLY; ditto load caveat
xid8snap	proofs::eq_is_visible_fxid_bsearch_33	-Z c-ffi --c-lib c/pg_xid8snap.c --no-assertion-reach-checks --exact	green	calibration	26.8	DEFAULT solver ONLY; ditto load caveat
xid8snap	proofs::cover_bsearch_case_split	-Z c-ffi --c-lib c/pg_xid8snap.c --solver kissat --exact	green	per-commit	0.01	union-coverage gate for the literal-nxip split
xid8snap	proofs::eq_parse_snapshot_len0	-Z c-ffi -Z stubbing --c-lib c/pg_xid8snap.c --exact	green	per-commit	0.9	empty-input reject: verdict+22P02+level parity; DEFAULT solver
xid8snap	proofs::cover_parse_case_split	-Z c-ffi -Z stubbing --c-lib c/pg_xid8snap.c --exact	green	per-commit	0.01	union-coverage gate for the parse per-length split
xid8snap	proofs::eq_parse_snapshot_len1	-Z c-ffi -Z stubbing --c-lib c/pg_xid8snap.c --exact	green	unmeasured	?	WALLS locally: PgVec push/grow CNF (TRIAGE wall class 5); high-memory retry tier vehicle; see module doc
xid8snap	proofs::eq_parse_snapshot_len2	-Z c-ffi -Z stubbing --c-lib c/pg_xid8snap.c --exact	green	unmeasured	?	ditto wall class 5
xid8snap	proofs::eq_parse_snapshot_len3	-Z c-ffi -Z stubbing --c-lib c/pg_xid8snap.c --exact	green	unmeasured	?	ditto wall class 5
xid8snap	proofs::eq_parse_snapshot_len4	-Z c-ffi -Z stubbing --c-lib c/pg_xid8snap.c --exact	green	unmeasured	?	ditto wall class 5 (accept arm reachable from len 4)
xid8snap	proofs::eq_parse_snapshot_len5	-Z c-ffi -Z stubbing --c-lib c/pg_xid8snap.c --exact	green	unmeasured	?	ditto wall class 5
xid8snap	proofs::eq_parse_snapshot_len6	-Z c-ffi -Z stubbing --c-lib c/pg_xid8snap.c --exact	green	unmeasured	?	ditto wall class 5
xid8snap	proofs::spot_parse_min_accept	-Z c-ffi -Z stubbing --c-lib c/pg_xid8snap.c --exact	green	unmeasured	?	concrete spot; ALSO walls locally (class 5 is input-independent); retry tier; 18 sibling spots spot_parse_* same status
xid8snap	proofs::control_snapview_swapped	-Z c-ffi --c-lib c/pg_xid8snap.c --exact	must-fail	defect-witness	1.2	negative control: C xmax vs Rust xmin; failing check MUST be `c == view.xmin()`; DEFAULT solver
hash-rows	wave5::eq_hashtid	-Z c-ffi -Z stubbing --c-lib c/pg_hash_rows.c --solver kissat --exact	green	per-commit	2.3	wave-5 run 2026-07-30 idle
hash-rows	wave5::eq_hashtidextended	-Z c-ffi -Z stubbing --c-lib c/pg_hash_rows.c --solver kissat --exact	green	per-commit	6.7	wave-5 run 2026-07-30 idle
hash-rows	wave5::control_hashtid_len_skew	-Z c-ffi -Z stubbing --c-lib c/pg_hash_rows.c --exact	must-fail	defect-witness	0.5	default solver; fails on C 4-of-6-byte skew as designed; re-run 2026-07-30 after retier control->defect-witness: FAILED as designed (7s)
hash-rows	wave5::eq_hashxid	-Z c-ffi -Z stubbing --c-lib c/pg_hash_rows.c --solver kissat --exact	green	per-commit	0.7	wave-5 run 2026-07-30 idle
hash-rows	wave5::eq_hashxidextended	-Z c-ffi -Z stubbing --c-lib c/pg_hash_rows.c --solver kissat --exact	green	per-commit	3.3	wave-5 run 2026-07-30 idle
hash-rows	wave5::eq_hashcid	-Z c-ffi -Z stubbing --c-lib c/pg_hash_rows.c --solver kissat --exact	green	per-commit	0.8	wave-5 run 2026-07-30 idle
hash-rows	wave5::eq_hashcidextended	-Z c-ffi -Z stubbing --c-lib c/pg_hash_rows.c --solver kissat --exact	green	per-commit	3.6	wave-5 run 2026-07-30 idle
hash-rows	wave5::eq_hashxid8	-Z c-ffi -Z stubbing --c-lib c/pg_hash_rows.c --solver kissat --exact	green	per-commit	4.6	wave-5 run 2026-07-30 idle
hash-rows	wave5::eq_hashxid8extended	-Z c-ffi -Z stubbing --c-lib c/pg_hash_rows.c --solver kissat --exact	green	per-commit	7.6	wave-5 run 2026-07-30 idle
hash-rows	wave5::eq_pg_lsn_hash	-Z c-ffi -Z stubbing --c-lib c/pg_hash_rows.c --solver kissat --exact	green	per-commit	3.6	wave-5 run 2026-07-30 idle
hash-rows	wave5::eq_pg_lsn_hash_extended	-Z c-ffi -Z stubbing --c-lib c/pg_hash_rows.c --solver kissat --exact	green	per-commit	4.4	wave-5 run 2026-07-30 idle
uuid	proofs::eq_uuid_hash	-Z c-ffi -Z stubbing --c-lib c/pg_uuid.c --c-lib ../hash/pg_hashfn.c --solver kissat --exact	green	per-commit	2.8	wave-5 run 2026-07-30 idle
uuid	proofs::eq_uuid_hash_extended	-Z c-ffi -Z stubbing --c-lib c/pg_uuid.c --c-lib ../hash/pg_hashfn.c --solver kissat --exact	green	per-commit	9.4	wave-5 run 2026-07-30 idle
uuid	proofs::eq_uuid_extract_version	-Z c-ffi -Z stubbing --c-lib c/pg_uuid.c --solver kissat --exact	green	per-commit	0.03	wave-5 run 2026-07-30 idle
uuid	proofs::eq_uuid_extract_timestamp	-Z c-ffi -Z stubbing --c-lib c/pg_uuid.c --solver kissat --exact	green	per-commit	2.2	wave-5 run 2026-07-30 idle
uuid	wave5::eq_uuid_recv_core	-Z c-ffi -Z stubbing --c-lib c/pg_uuid.c --solver kissat --exact	wall-recorded	calibration	?	wall: unwind-24 truncation (AcctWeak retain, enlarge_slow) + 14GB RSS; FAILED = artifact
uuid	wave5::cover_uuid_recv_both_arms	-Z c-ffi -Z stubbing --c-lib c/pg_uuid.c --exact	wall-recorded	calibration	?	timeout 120s, same truncation class as recv_core
uuid	wave5::eq_uuid_send	-Z c-ffi -Z stubbing --c-lib c/pg_uuid.c --solver kissat --exact	wall-recorded	calibration	?	CNF wall: symex 56757 VCCs completes; >300s kissat; >6GB default
uuid	wave5::eq_generate_uuidv7	-Z c-ffi -Z stubbing --c-lib c/pg_uuid.c --solver kissat --exact	green	per-commit	2.2	wave-5 run 2026-07-30 idle
uuid	wave5::control_generate_uuidv7_rng_skew	-Z c-ffi -Z stubbing --c-lib c/pg_uuid.c --exact	must-fail	defect-witness	0.9	fails on rng skew as designed; re-run 2026-07-30 after retier control->defect-witness: FAILED as designed (10s)
pg_lsn	wave5::eq_pg_lsn_recv_core	-Z c-ffi -Z stubbing --c-lib c/pg_pg_lsn.c --solver kissat --exact	wall-recorded	calibration	?	wall: unwind-16 truncation (AcctWeak retain, enlarge_slow) + 6.9GB RSS kill; FAILED = artifact
pg_lsn	wave5::eq_pg_lsn_send	-Z c-ffi -Z stubbing --c-lib c/pg_pg_lsn.c --solver kissat --exact	green	release-gate	140.4	wave-5 run 2026-07-30 idle; unwinding assertions pass
pg_lsn	wave5::control_pg_lsn_send_skew	-Z c-ffi -Z stubbing --c-lib c/pg_pg_lsn.c --exact	must-fail	defect-witness	102.4	fails on img byte skew as designed; re-run 2026-07-30 after retier control->defect-witness: FAILED as designed (107s)
scalar-misc	wave5::eq_cideq	-Z c-ffi -Z stubbing --c-lib c/pg_scalar_misc.c --solver kissat --exact	green	per-commit	0.35	wave-5 run 2026-07-30 idle
scalar-misc	wave5::eq_xid_age	-Z c-ffi -Z stubbing --c-lib c/pg_scalar_misc.c --solver kissat --exact	green	per-commit	0.29	wave-5 run 2026-07-30 idle
scalar-misc	wave5::eq_mxid_age	-Z c-ffi -Z stubbing --c-lib c/pg_scalar_misc.c --solver kissat --exact	green	per-commit	0.29	wave-5 run 2026-07-30 idle
scalar-misc	wave5::control_xid_age_seam_skew	-Z c-ffi -Z stubbing --c-lib c/pg_scalar_misc.c --exact	must-fail	defect-witness	0.26	fails on seam skew as designed; re-run 2026-07-30 after retier control->defect-witness: FAILED as designed (9s)
scalar-misc	wave5::eq_xidout_r1_lt1e4	-Z c-ffi -Z stubbing --c-lib c/pg_scalar_misc.c --c-lib ../intout/c/pg_intout.c --solver kissat --exact	green	per-commit	2.0	wave-5 run 2026-07-30 idle
scalar-misc	wave5::eq_xidout_d5	-Z c-ffi -Z stubbing --c-lib c/pg_scalar_misc.c --c-lib ../intout/c/pg_intout.c --solver kissat --exact	green	per-commit	4.7	wave-5 run 2026-07-30 idle
scalar-misc	wave5::eq_xidout_d6	-Z c-ffi -Z stubbing --c-lib c/pg_scalar_misc.c --c-lib ../intout/c/pg_intout.c --solver kissat --exact	green	per-commit	9.2	wave-5 run 2026-07-30 idle
scalar-misc	wave5::eq_xidout_d7a	-Z c-ffi -Z stubbing --c-lib c/pg_scalar_misc.c --c-lib ../intout/c/pg_intout.c --solver kissat --exact	green	release-gate	17.9	info row proved green
scalar-misc	wave5::eq_xidout_d7b	-Z c-ffi -Z stubbing --c-lib c/pg_scalar_misc.c --c-lib ../intout/c/pg_intout.c --solver kissat --exact	green	release-gate	16.2	info row proved green
scalar-misc	wave5::eq_xidout_spots	-Z c-ffi -Z stubbing --c-lib c/pg_scalar_misc.c --c-lib ../intout/c/pg_intout.c --solver kissat --exact	green	per-commit	0.55	wave-5 run 2026-07-30 idle
scalar-misc	wave5::cover_xidout_split	-Z c-ffi -Z stubbing --c-lib c/pg_scalar_misc.c --c-lib ../intout/c/pg_intout.c --exact	green	per-commit	0.01	wave-5 run 2026-07-30 idle
scalar-misc	wave5::eq_cidout_r1_lt1e4	-Z c-ffi -Z stubbing --c-lib c/pg_scalar_misc.c --c-lib ../intout/c/pg_intout.c --solver kissat --exact	green	per-commit	6.1	wave-5 run 2026-07-30 idle
scalar-misc	wave5::eq_cidout_d5	-Z c-ffi -Z stubbing --c-lib c/pg_scalar_misc.c --c-lib ../intout/c/pg_intout.c --solver kissat --exact	green	per-commit	4.3	wave-5 run 2026-07-30 idle
scalar-misc	wave5::eq_cidout_d6	-Z c-ffi -Z stubbing --c-lib c/pg_scalar_misc.c --c-lib ../intout/c/pg_intout.c --solver kissat --exact	green	per-commit	7.6	wave-5 run 2026-07-30 idle
scalar-misc	wave5::eq_cidout_d7a	-Z c-ffi -Z stubbing --c-lib c/pg_scalar_misc.c --c-lib ../intout/c/pg_intout.c --solver kissat --exact	green	release-gate	11.8	info row proved green
scalar-misc	wave5::eq_cidout_d7b	-Z c-ffi -Z stubbing --c-lib c/pg_scalar_misc.c --c-lib ../intout/c/pg_intout.c --solver kissat --exact	green	release-gate	12.4	info row proved green
scalar-misc	wave5::eq_cidout_spots	-Z c-ffi -Z stubbing --c-lib c/pg_scalar_misc.c --c-lib ../intout/c/pg_intout.c --solver kissat --exact	green	per-commit	2.4	wave-5 run 2026-07-30 idle
scalar-misc	wave5::cover_cidout_split	-Z c-ffi -Z stubbing --c-lib c/pg_scalar_misc.c --c-lib ../intout/c/pg_intout.c --exact	green	per-commit	0.04	wave-5 run 2026-07-30 idle
scalar-misc	wave5::eq_oidsend	-Z c-ffi -Z stubbing --c-lib c/pg_scalar_misc.c --solver kissat --exact	green	release-gate	70.4	wave-5 run 2026-07-30 idle
scalar-misc	wave5::eq_xidsend	-Z c-ffi -Z stubbing --c-lib c/pg_scalar_misc.c --solver kissat --exact	green	release-gate	86.8	wave-5 run 2026-07-30 idle
scalar-misc	wave5::eq_xid8send	-Z c-ffi -Z stubbing --c-lib c/pg_scalar_misc.c --solver kissat --exact	green	release-gate	106.4	wave-5 run 2026-07-30 idle
scalar-misc	wave5::eq_tidsend	-Z c-ffi -Z stubbing --c-lib c/pg_scalar_misc.c --solver kissat --exact	green	release-gate	94.1	wave-5 run 2026-07-30 idle
scalar-misc	wave5::control_xid8send_vs_c_uint32send	-Z c-ffi -Z stubbing --c-lib c/pg_scalar_misc.c --exact	must-fail	defect-witness	94.4	fails on u32-vs-u64 image skew as designed; re-run 2026-07-30 after retier control->defect-witness: FAILED as designed (79s)
scalar-misc	wave5::eq_oidrecv_core	-Z c-ffi -Z stubbing --c-lib c/pg_scalar_misc.c --solver kissat --exact	wall-recorded	calibration	?	symex wall 300s both solvers, 0 VCCs
scalar-misc	wave5::eq_xid8recv_core	-Z c-ffi -Z stubbing --c-lib c/pg_scalar_misc.c --solver kissat --exact	wall-recorded	calibration	?	symex wall 300s kissat
scalar-misc	wave5::eq_tidrecv_core	-Z c-ffi -Z stubbing --c-lib c/pg_scalar_misc.c --solver kissat --exact	wall-recorded	calibration	?	symex wall 300s kissat
scalar-misc	wave5::cover_recv_core_both_arms	-Z c-ffi -Z stubbing --c-lib c/pg_scalar_misc.c --exact	wall-recorded	calibration	?	timeout 120s, recv symex class
scalar-misc	wave5::control_oidrecv_core_cursor_skew	-Z c-ffi -Z stubbing --c-lib c/pg_scalar_misc.c --exact	must-fail	defect-witness	62.8	fails on cursor skew as designed (completes where eq walls); re-run 2026-07-30 after retier control->defect-witness: FAILED as designed (64s)
scalar-misc	xid8snap::eq_full_xid_from_allowable_at	-Z c-ffi -Z stubbing --c-lib c/pg_xid8funcs.c --solver kissat --exact	green	per-commit	0.12	wave-5 run 2026-07-30 idle
scalar-misc	xid8snap::eq_pg_snapshot_xmin	-Z c-ffi -Z stubbing --c-lib c/pg_xid8funcs.c --solver kissat --exact	green	per-commit	4.5	wave-5 run 2026-07-30 idle
scalar-misc	xid8snap::eq_pg_snapshot_xmax	-Z c-ffi -Z stubbing --c-lib c/pg_xid8funcs.c --solver kissat --exact	green	per-commit	4.4	wave-5 run 2026-07-30 idle
scalar-misc	xid8snap::eq_pg_visible_in_snapshot_linear	-Z c-ffi -Z stubbing --c-lib c/pg_xid8funcs.c --solver kissat --exact	green	per-commit	20.3	wave-5 run 2026-07-30 idle
scalar-misc	xid8snap::eq_pg_visible_in_snapshot_bsearch	-Z c-ffi -Z stubbing --c-lib c/pg_xid8funcs.c --solver kissat --no-assertion-reach-checks --exact	green	release-gate	143.4	info row proved green
scalar-misc	xid8snap::control_visible_xmax_skew	-Z c-ffi -Z stubbing --c-lib c/pg_xid8funcs.c --exact	must-fail	defect-witness	1.5	fails on xmax skew as designed; re-run 2026-07-30 after retier control->defect-witness: FAILED as designed (3s)
scalar-misc	xid8snap::eq_pg_snapshot_send_n0	-Z c-ffi -Z stubbing --c-lib c/pg_xid8funcs.c --solver kissat --exact	wall-recorded	calibration	?	symex wall 300s both solvers, 0 VCCs
scalar-misc	xid8snap::eq_pg_snapshot_send_n1	-Z c-ffi -Z stubbing --c-lib c/pg_xid8funcs.c --solver kissat --exact	wall-recorded	calibration	?	symex wall 300s kissat
scalar-misc	xid8snap::eq_pg_snapshot_send_n2	-Z c-ffi -Z stubbing --c-lib c/pg_xid8funcs.c --solver kissat --exact	wall-recorded	calibration	?	symex wall 300s kissat
scalar-misc	xid8snap::eq_pg_snapshot_recv_core	-Z c-ffi -Z stubbing --c-lib c/pg_xid8funcs.c --c-lib c/pg_scalar_misc.c --solver kissat --no-assertion-reach-checks --exact	wall-recorded	calibration	?	symex wall 600s
scalar-misc	xid8snap::eq_pg_snapshot_out_lt1e4	-Z c-ffi -Z stubbing --c-lib c/pg_xid8funcs.c --c-lib ../intout/c/pg_intout.c --solver kissat --no-assertion-reach-checks --exact	wall-recorded	calibration	?	600s
scalar-misc	xid8snap::eq_pg_snapshot_out_spots	-Z c-ffi -Z stubbing --c-lib c/pg_xid8funcs.c --c-lib ../intout/c/pg_intout.c --solver kissat --no-assertion-reach-checks --exact	wall-recorded	calibration	?	600s
scalar-misc	xid8snap::eq_strtou64_cap8	-Z c-ffi -Z stubbing --c-lib c/pg_xid8funcs.c --solver kissat --exact	green	per-commit	6.0	wave-5 run 2026-07-30 idle
scalar-misc	xid8snap::eq_pg_snapshot_in_cap6	-Z c-ffi -Z stubbing --c-lib c/pg_xid8funcs.c --solver kissat --no-assertion-reach-checks --exact	wall-recorded	calibration	?	600s
numeric-arith	proofs::eq_add_var_nd2	-Z c-ffi --c-lib c/pg_numeric_arith.c --solver kissat --no-assertion-reach-checks --exact	green	calibration	315	GATE add_var var-level nd<=2 w<=2 ds<=6; re-confirmed post 2026-07-30 disk-window
numeric-arith	proofs::eq_sub_var_nd2	-Z c-ffi --c-lib c/pg_numeric_arith.c --solver kissat --no-assertion-reach-checks --exact	green	calibration	301	GATE sub_var var-level; re-confirmed post disk-window
numeric-arith	proofs::eq_add_var_nd3	-Z c-ffi --c-lib c/pg_numeric_arith.c --solver kissat --no-assertion-reach-checks --exact	green	calibration	880	pre-window observation only; exceeds 450s cap under load; re-confirm on idle box
numeric-arith	proofs::eq_sub_var_nd3	-Z c-ffi --c-lib c/pg_numeric_arith.c --solver kissat --no-assertion-reach-checks --exact	green	calibration	771	pre-window observation only; re-confirm on idle box
numeric-arith	proofs::eq_mul_var_nd1	-Z c-ffi --c-lib c/pg_numeric_arith.c --solver kissat --no-assertion-reach-checks --exact	green	calibration	68	GATE mul short-kernel plane; nd2 walls >1800s (NBASE-carry slope)
numeric-arith	proofs::eq_mul_fallback_routing	-Z c-ffi --c-lib c/pg_numeric_arith.c --solver kissat --no-assertion-reach-checks --exact	green	calibration	37	mul plane-boundary routing parity (C trap==1 <=> Rust None)
numeric-arith	proofs::cover_addsub_regimes	-Z c-ffi --c-lib c/pg_numeric_arith.c --exact	green	release-gate	152	7/7 covers at nd2 gate plane; default solver
numeric-arith	proofs::cover_mul_regimes	-Z c-ffi --c-lib c/pg_numeric_arith.c --exact	green	release-gate	22	5/5 covers at nd1 gate plane; default solver
numeric-arith	proofs::control_add_var_weight_skew	-Z c-ffi --c-lib c/pg_numeric_arith.c --exact	must-fail	defect-witness	143	must-FAIL; sole failing check = "assertion failed: ok" (assert_match); default solver
pseudotypes	proofs::eq_cstring_send_spot_empty	-Z c-ffi -Z stubbing --c-lib c/pg_pseudotypes.c --exact --no-assertion-reach-checks --solver kissat	green	release-gate	24	w2-fmgr 2026-07-30: bytea image parity, strlen spot cells (pstrdup derived-length class); s2c seam identity arm; solver time at box load ~15-24
pseudotypes	proofs::eq_cstring_send_spot_len1	-Z c-ffi -Z stubbing --c-lib c/pg_pseudotypes.c --exact --no-assertion-reach-checks --solver kissat	green	release-gate	30	w2-fmgr 2026-07-30 (see spot_empty note)
pseudotypes	proofs::eq_cstring_send_spot_len3	-Z c-ffi -Z stubbing --c-lib c/pg_pseudotypes.c --exact --no-assertion-reach-checks --solver kissat	green	release-gate	42	w2-fmgr 2026-07-30 (see spot_empty note)
pseudotypes	proofs::eq_cstring_send_spot_tail_garbage	-Z c-ffi -Z stubbing --c-lib c/pg_pseudotypes.c --exact --no-assertion-reach-checks --solver kissat	green	release-gate	43	w2-fmgr 2026-07-30: bytes after first NUL not transmitted
pseudotypes	proofs::eq_cstring_recv_len0	-Z c-ffi -Z stubbing --c-lib c/pg_pseudotypes.c --exact --no-assertion-reach-checks --solver kissat	green	release-gate	16	w2-fmgr 2026-07-30: symbolic payload content per-len cells; in-harness StringInfo; c2s seam stubbed to identity arm; cursor-consumption in-theorem
pseudotypes	proofs::eq_cstring_recv_len1	-Z c-ffi -Z stubbing --c-lib c/pg_pseudotypes.c --exact --no-assertion-reach-checks --solver kissat	green	release-gate	28	w2-fmgr 2026-07-30 (see recv_len0 note)
pseudotypes	proofs::eq_cstring_recv_len3	-Z c-ffi -Z stubbing --c-lib c/pg_pseudotypes.c --exact --no-assertion-reach-checks --solver kissat	green	release-gate	32	w2-fmgr 2026-07-30 (see recv_len0 note)
pseudotypes	proofs::eq_cstring_recv_len5	-Z c-ffi -Z stubbing --c-lib c/pg_pseudotypes.c --exact --no-assertion-reach-checks --solver kissat	green	release-gate	53	w2-fmgr 2026-07-30 (see recv_len0 note)
pseudotypes	proofs::eq_cstring_recv_len5_cursor2	-Z c-ffi -Z stubbing --c-lib c/pg_pseudotypes.c --exact --no-assertion-reach-checks --solver kissat	green	release-gate	47	w2-fmgr 2026-07-30: nonzero-cursor cell, len-cursor subtraction in-theorem
pseudotypes	proofs::control_cstring_recv_c2s_skew	-Z c-ffi -Z stubbing --c-lib c/pg_pseudotypes.c --exact	must-fail	defect-witness	39	w2-fmgr 2026-07-30: FAILED as required on the seam-skew check (c2s identity model load-bearing); DEFAULT solver only
brin-opcinfo	proofs::eq_bloom_opcinfo	-Z c-ffi --c-lib c/pg_brin_opcinfo.c --exact --solver kissat	green	per-commit	1	w2-fmgr 2026-07-30: 0.19s; full symbolic typoid metadata parity; typcache seam named-static model (proved-3383 mirror)
brin-opcinfo	proofs::eq_minmax_multi_opcinfo	-Z c-ffi --c-lib c/pg_brin_opcinfo.c --exact --solver kissat	green	per-commit	1	w2-fmgr 2026-07-30: 0.17s (see eq_bloom_opcinfo note)
brin-opcinfo	proofs::eq_inclusion_opcinfo	-Z c-ffi --c-lib c/pg_brin_opcinfo.c --exact --solver kissat	green	per-commit	2	w2-fmgr 2026-07-30: 1.5s; 3-column INCLUSION_* order in-theorem
brin-opcinfo	proofs::control_bloom_wrong_summary_oid	-Z c-ffi --c-lib c/pg_brin_opcinfo.c --exact	must-fail	defect-witness	1	w2-fmgr 2026-07-30: FAILED as required on the summary-oid check; DEFAULT solver only
enum-cmp	proofs::eq_enum_lt	-Z c-ffi -Z stubbing	green	per-commit	4.1	default solver; measured 2026-07-30 load~11-19; c-lib comes from enum-cmp/Cargo.toml [package.metadata.kani.flags] c-lib = ["c/pg_enum_cmp.c"]
enum-cmp	proofs::eq_enum_le	-Z c-ffi -Z stubbing	green	per-commit	3.7	default solver; measured 2026-07-30 load~11-19; c-lib comes from enum-cmp/Cargo.toml [package.metadata.kani.flags] c-lib = ["c/pg_enum_cmp.c"]
enum-cmp	proofs::eq_enum_ge	-Z c-ffi -Z stubbing	green	per-commit	3.9	default solver; measured 2026-07-30 load~11-19; c-lib comes from enum-cmp/Cargo.toml [package.metadata.kani.flags] c-lib = ["c/pg_enum_cmp.c"]
enum-cmp	proofs::eq_enum_gt	-Z c-ffi -Z stubbing	green	per-commit	3.9	default solver; measured 2026-07-30 load~11-19; c-lib comes from enum-cmp/Cargo.toml [package.metadata.kani.flags] c-lib = ["c/pg_enum_cmp.c"]
enum-cmp	proofs::eq_enum_cmp	-Z c-ffi -Z stubbing	green	per-commit	5.1	default solver; measured 2026-07-30 load~11-19; c-lib comes from enum-cmp/Cargo.toml [package.metadata.kani.flags] c-lib = ["c/pg_enum_cmp.c"]
enum-cmp	proofs::eq_enum_smaller	-Z c-ffi -Z stubbing	green	per-commit	3.6	default solver; measured 2026-07-30 load~11-19; c-lib comes from enum-cmp/Cargo.toml [package.metadata.kani.flags] c-lib = ["c/pg_enum_cmp.c"]
enum-cmp	proofs::eq_enum_larger	-Z c-ffi -Z stubbing	green	per-commit	7.1	default solver; measured 2026-07-30 load~11-19; c-lib comes from enum-cmp/Cargo.toml [package.metadata.kani.flags] c-lib = ["c/pg_enum_cmp.c"]
enum-cmp	proofs::control_enum_cmp_oracle_skew	-Z c-ffi -Z stubbing	must-fail	defect-witness	?	fails on control assertion.3 (value parity under cmp-oracle skew) — cmp seam model load-bearing; c-lib comes from enum-cmp/Cargo.toml [package.metadata.kani.flags] c-lib = ["c/pg_enum_cmp.c"]
enum-cmp	proofs::control_enum_lookup_typeoid_skew	-Z c-ffi -Z stubbing	must-fail	defect-witness	?	fails on assert_seam_parity.assertion.2 (trace typeoid) — lookup seam model load-bearing; c-lib comes from enum-cmp/Cargo.toml [package.metadata.kani.flags] c-lib = ["c/pg_enum_cmp.c"]
datetime-b	rem::eq_date_pl_interval_m0d0	-Z c-ffi -Z stubbing --c-lib c/pg_datetime_b.c --solver kissat	green	release-gate	12.5	KISSAT REQUIRED (default walls 200s); measured 2026-07-30 load~15-27
datetime-b	rem::eq_date_mi_interval_m0d0	-Z c-ffi -Z stubbing --c-lib c/pg_datetime_b.c --solver kissat	green	release-gate	15.8	KISSAT REQUIRED (default walls); measured 2026-07-30
datetime-b	rem::eq_date_pl_interval_nobegin	-Z c-ffi -Z stubbing --c-lib c/pg_datetime_b.c	green	per-commit	1.7	measured 2026-07-30
datetime-b	rem::eq_date_mi_interval_nobegin	-Z c-ffi -Z stubbing --c-lib c/pg_datetime_b.c	green	per-commit	1.7	measured 2026-07-30
datetime-b	rem::eq_date_pl_interval_noend	-Z c-ffi -Z stubbing --c-lib c/pg_datetime_b.c	green	per-commit	1.8	measured 2026-07-30
datetime-b	rem::eq_date_mi_interval_noend	-Z c-ffi -Z stubbing --c-lib c/pg_datetime_b.c	green	per-commit	1.9	measured 2026-07-30
adt-misc	proofs::eq_pg_num_nulls_n4	-Z c-ffi -Z stubbing	green	per-commit	1.0	default solver; measured 2026-07-30; c-lib comes from adt-misc/Cargo.toml [package.metadata.kani.flags] c-lib = ["c/pg_adt_misc.c"]
adt-misc	proofs::eq_pg_num_nulls_n1	-Z c-ffi -Z stubbing	green	per-commit	0.8	default solver; measured 2026-07-30; c-lib comes from adt-misc/Cargo.toml [package.metadata.kani.flags] c-lib = ["c/pg_adt_misc.c"]
adt-misc	proofs::eq_pg_num_nulls_n0	-Z c-ffi -Z stubbing	green	per-commit	0.8	default solver; measured 2026-07-30; c-lib comes from adt-misc/Cargo.toml [package.metadata.kani.flags] c-lib = ["c/pg_adt_misc.c"]
adt-misc	proofs::eq_pg_num_nonnulls_n4	-Z c-ffi -Z stubbing	green	per-commit	0.9	default solver; measured 2026-07-30; c-lib comes from adt-misc/Cargo.toml [package.metadata.kani.flags] c-lib = ["c/pg_adt_misc.c"]
adt-misc	proofs::eq_pg_num_nonnulls_n1	-Z c-ffi -Z stubbing	green	per-commit	1.0	default solver; measured 2026-07-30; c-lib comes from adt-misc/Cargo.toml [package.metadata.kani.flags] c-lib = ["c/pg_adt_misc.c"]
adt-misc	proofs::eq_pg_num_nonnulls_n0	-Z c-ffi -Z stubbing	green	per-commit	0.7	default solver; measured 2026-07-30; c-lib comes from adt-misc/Cargo.toml [package.metadata.kani.flags] c-lib = ["c/pg_adt_misc.c"]
adt-misc	proofs::eq_any_value_transfn	-Z c-ffi -Z stubbing	green	per-commit	0.04	default solver; measured 2026-07-30; c-lib comes from adt-misc/Cargo.toml [package.metadata.kani.flags] c-lib = ["c/pg_adt_misc.c"]
adt-misc	proofs::control_num_nulls_vs_c_nonnulls	-Z c-ffi -Z stubbing	must-fail	defect-witness	?	fails on drive_counts::<4>.assertion.6 (value parity) — rig non-vacuous; c-lib comes from adt-misc/Cargo.toml [package.metadata.kani.flags] c-lib = ["c/pg_adt_misc.c"]
oracle-compat	proofs::eq_bpcharoctetlen	-Z c-ffi -Z stubbing --c-lib c/pg_varchar.c --exact	green	per-commit	1.1	row 1375; sym varlena len<=8; kissat (w2-varchar 2026-07-30)
oracle-compat	proofs::eq_bpcharlen_latin1	-Z c-ffi -Z stubbing --c-lib c/pg_varchar.c --exact	green	per-commit	8.9	rows 1318/1367/1372 latin1 arm; kissat (w2-varchar 2026-07-30)
oracle-compat	proofs::eq_bpcharlen_utf8	-Z c-ffi -Z stubbing --c-lib c/pg_varchar.c --exact	green	unmeasured	?	rows 1318/1367/1372 mb arm; FLEET-BOUND (local wall timeout-450s x2, load=19-25, 2026-07-30); kissat (w2-varchar 2026-07-30)
oracle-compat	proofs::eq_bpchar_clip_latin1	-Z c-ffi -Z stubbing --c-lib c/pg_varchar.c --exact	green	per-commit	3.6	row 1044 clip core; kissat (w2-varchar 2026-07-30)
oracle-compat	proofs::eq_bpchar_clip_utf8	-Z c-ffi -Z stubbing --c-lib c/pg_varchar.c --exact	green	unmeasured	?	row 1044 mb arm; FLEET-BOUND (local wall timeout-450s x2, load=25-28); kissat (w2-varchar 2026-07-30)
oracle-compat	proofs::eq_varchar_clip_latin1	-Z c-ffi -Z stubbing --c-lib c/pg_varchar.c --exact	green	per-commit	4.4	row 1046 clip core; kissat (w2-varchar 2026-07-30)
oracle-compat	proofs::eq_varchar_clip_utf8	-Z c-ffi -Z stubbing --c-lib c/pg_varchar.c --exact	green	calibration	139.8	row 1046 mb arm; kissat (w2-varchar 2026-07-30)
oracle-compat	proofs::eq_bpchar_coerce_latin1	-Z c-ffi -Z stubbing --c-lib c/pg_varchar.c --exact	green	unmeasured	?	row 668; FLEET-BOUND (local wall timeout-260s, load=24-76); kissat (w2-varchar 2026-07-30)
oracle-compat	proofs::eq_bpchar_coerce_utf8	-Z c-ffi -Z stubbing --c-lib c/pg_varchar.c --exact	green	unmeasured	?	row 668 mb arm; FLEET-BOUND (not attempted locally, saturation); kissat (w2-varchar 2026-07-30)
oracle-compat	proofs::spot_bpchar_coerce_wrap	-Z c-ffi -Z stubbing --c-lib c/pg_varchar.c --exact	green	release-gate	25.6	row 668 -fwrapv wrap comment-claim spot; kissat (w2-varchar 2026-07-30)
oracle-compat	proofs::eq_varchar_coerce_latin1	-Z c-ffi -Z stubbing --c-lib c/pg_varchar.c --exact	green	unmeasured	?	row 669 (full-i32 typmod incl INT32_MIN wrap claim); FLEET-BOUND (local wall timeout-260s, load=24); kissat (w2-varchar 2026-07-30)
oracle-compat	proofs::eq_varchar_coerce_utf8	-Z c-ffi -Z stubbing --c-lib c/pg_varchar.c --exact	green	unmeasured	?	row 669 mb arm; FLEET-BOUND (not attempted locally, saturation); kissat (w2-varchar 2026-07-30)
oracle-compat	proofs::eq_char_bpchar	-Z c-ffi -Z stubbing --c-lib c/pg_varchar.c --exact	green	release-gate	12.7	row 860 full-i8; kissat (w2-varchar 2026-07-30)
oracle-compat	proofs::eq_bpchar_name_short	-Z c-ffi -Z stubbing --c-lib c/pg_varchar.c --exact	green	unmeasured	?	row 409 short arm; unwind 66 (fixed from pre-build 11); FLEET-BOUND (local wall timeout-260s, load=17); kissat (w2-varchar 2026-07-30)
oracle-compat	proofs::eq_bpchar_name_clip	-Z c-ffi -Z stubbing --c-lib c/pg_varchar.c --exact	green	unmeasured	?	row 409 clip arm, unwind 70; FLEET-BOUND (600s tier, not attempted under saturation); kissat (w2-varchar 2026-07-30)
oracle-compat	proofs::eq_anychar_typmodin	-Z c-ffi -Z stubbing --solver kissat --c-lib c/pg_varchar.c --exact	green	per-commit	1.5	oids 2913+2915 check core; w2-timestamp 2026-07-30
oracle-compat	proofs::control_varchar_clip_skew	-Z c-ffi -Z stubbing --c-lib c/pg_varchar.c --exact	must-fail	defect-witness	2.4	varchar-rig non-vacuity; fired right-reason check "control: rig failed to detect a skewed typmod"; DEFAULT solver (w2-varchar 2026-07-30)
oracle-compat	proofs::cover_varchar_regimes	-Z c-ffi -Z stubbing --c-lib c/pg_varchar.c --exact	green	calibration	49.3	varchar-rig coverage; 6/6 covers SATISFIED; DEFAULT solver (w2-varchar 2026-07-30)
network-gist	eq_consistent_overlaps	-Z c-ffi -Z stubbing --c-lib c/pg_network_gist.c --c-lib c/pg_net_bits.c --solver kissat	green	release-gate	17	
network-gist	eq_consistent_eq	-Z c-ffi -Z stubbing --c-lib c/pg_network_gist.c --c-lib c/pg_net_bits.c --solver kissat	green	release-gate	29	
network-gist	eq_consistent_ne	-Z c-ffi -Z stubbing --c-lib c/pg_network_gist.c --c-lib c/pg_net_bits.c --solver kissat	green	release-gate	20	
network-gist	eq_consistent_lt	-Z c-ffi -Z stubbing --c-lib c/pg_network_gist.c --c-lib c/pg_net_bits.c --solver kissat	green	calibration	33	
network-gist	eq_consistent_le	-Z c-ffi -Z stubbing --c-lib c/pg_network_gist.c --c-lib c/pg_net_bits.c --solver kissat	green	calibration	34	
network-gist	eq_consistent_gt	-Z c-ffi -Z stubbing --c-lib c/pg_network_gist.c --c-lib c/pg_net_bits.c --solver kissat	green	calibration	39	
network-gist	eq_consistent_ge	-Z c-ffi -Z stubbing --c-lib c/pg_network_gist.c --c-lib c/pg_net_bits.c --solver kissat	green	calibration	42	
network-gist	eq_consistent_sub	-Z c-ffi -Z stubbing --c-lib c/pg_network_gist.c --c-lib c/pg_net_bits.c --solver kissat	green	release-gate	13	
network-gist	eq_consistent_subeq	-Z c-ffi -Z stubbing --c-lib c/pg_network_gist.c --c-lib c/pg_net_bits.c --solver kissat	green	release-gate	17	
network-gist	eq_consistent_sup	-Z c-ffi -Z stubbing --c-lib c/pg_network_gist.c --c-lib c/pg_net_bits.c --solver kissat	green	release-gate	29	
network-gist	eq_consistent_supeq	-Z c-ffi -Z stubbing --c-lib c/pg_network_gist.c --c-lib c/pg_net_bits.c --solver kissat	green	release-gate	19	
network-gist	cover_strategy_partition	-Z c-ffi -Z stubbing --c-lib c/pg_network_gist.c --c-lib c/pg_net_bits.c	green	per-commit	1	strategy-split union coverage (MANDATORY companion)
network-gist	cover_consistent_regimes	-Z c-ffi -Z stubbing --c-lib c/pg_network_gist.c --c-lib c/pg_net_bits.c	green	per-commit	4	leaf/inner/family-0/xf + both-verdict covers
network-gist	eq_union_n2	-Z c-ffi -Z stubbing --c-lib c/pg_network_gist.c --c-lib c/pg_net_bits.c --solver kissat	green	release-gate	17	prebuilt-GkRef refs (Kani iterator-closure defect dodge)
network-gist	eq_union_n3	-Z c-ffi -Z stubbing --c-lib c/pg_network_gist.c --c-lib c/pg_net_bits.c --solver kissat	green	calibration	34	
network-gist	cover_union_regimes	-Z c-ffi -Z stubbing --c-lib c/pg_network_gist.c --c-lib c/pg_net_bits.c	green	per-commit	5	
network-gist	probe_bitncommon16	-Z c-ffi -Z stubbing --c-lib c/pg_network_gist.c --c-lib c/pg_net_bits.c --solver kissat	green	per-commit	9	v6-domain extension of network-lane bitncommon theorem
network-gist	probe_union_c_vs_c	-Z c-ffi -Z stubbing --c-lib c/pg_network_gist.c --c-lib c/pg_net_bits.c --solver kissat	green	per-commit	1	defect-localization witness (C composition clean)
network-gist	probe_union_rust_vs_c	-Z c-ffi -Z stubbing --c-lib c/pg_network_gist.c --c-lib c/pg_net_bits.c --solver kissat	must-fail	defect-witness	10	MUST-FAIL while Kani iterator-closure provenance defect lives; flips green when toolchain fixed
network-gist	probe_union_rust_vs_rust	-Z c-ffi -Z stubbing --c-lib c/pg_network_gist.c --c-lib c/pg_net_bits.c --solver kissat	must-fail	defect-witness	14	as probe_union_rust_vs_c; native playback green (tests keep it honest)
network-gist	probe_slice_across_iter_loop	-Z c-ffi -Z stubbing --c-lib c/pg_network_gist.c --c-lib c/pg_net_bits.c --solver kissat	must-fail	defect-witness	4	minimal defect witness: from_image inside iterator closure + slice held across loop
network-gist	probe_slice_prebuilt_refs	-Z c-ffi -Z stubbing --c-lib c/pg_network_gist.c --c-lib c/pg_net_bits.c --solver kissat	green	defect-witness	3	MUST-PASS twin of probe_slice_across_iter_loop
network-gist	probe_slice_no_iter	-Z c-ffi -Z stubbing --c-lib c/pg_network_gist.c --c-lib c/pg_net_bits.c --solver kissat	green	defect-witness	3	MUST-PASS twin (no iterator)
network-gist	eq_penalty	-Z c-ffi -Z stubbing --c-lib c/pg_network_gist.c --c-lib c/pg_net_bits.c --solver kissat	green	per-commit	7	bit-exact f32; xor/clz port rewrite vs C per-bit loop
network-gist	cover_penalty_regimes	-Z c-ffi -Z stubbing --c-lib c/pg_network_gist.c --c-lib c/pg_net_bits.c	green	per-commit	2	all four penalty arms
network-gist	eq_same	-Z c-ffi -Z stubbing --c-lib c/pg_network_gist.c --c-lib c/pg_net_bits.c --solver kissat	green	per-commit	3	wrapper-level via NETWORK_GIST_BUILTINS
network-gist	control_same_minbits_swap	-Z c-ffi -Z stubbing --c-lib c/pg_network_gist.c --c-lib c/pg_net_bits.c	must-fail	defect-witness	2	negative control; failing check MUST be '(c != 0) == r'
network-gist	eq_compress_leaf_v4	-Z c-ffi -Z stubbing --c-lib c/pg_network_gist.c --c-lib c/pg_net_bits.c --solver kissat	green	calibration	397	mcx-stubs wrapper cell
network-gist	eq_compress_leaf_v6	-Z c-ffi -Z stubbing --c-lib c/pg_network_gist.c --c-lib c/pg_net_bits.c	green	calibration	421	mcx-stubs wrapper cell; unwind 24; default solver
network-gist	spec_compress_nonleaf_identity	-Z c-ffi -Z stubbing --c-lib c/pg_network_gist.c --c-lib c/pg_net_bits.c	green	per-commit	1	spec: non-leaf arm returns arg0
network-gist	spec_compress_null_leafkey	-Z c-ffi -Z stubbing --c-lib c/pg_network_gist.c --c-lib c/pg_net_bits.c	green	calibration	331	spec: NULL leaf key arm
network-gist	eq_fetch_v4	-Z c-ffi -Z stubbing --c-lib c/pg_network_gist.c --c-lib c/pg_net_bits.c --solver kissat	green	calibration	316	mcx-stubs wrapper cell
network-gist	eq_fetch_v6	-Z c-ffi -Z stubbing --c-lib c/pg_network_gist.c --c-lib c/pg_net_bits.c --solver kissat	green	calibration	441	mcx-stubs wrapper cell
spgist-inet	proofs::eq_inet_spg_config	-Z c-ffi -Z stubbing --c-lib c/pg_network_spgist.c --solver kissat	green	release-gate	64	PROVED 2026-07-30 local load~12; row 3795
spgist-inet	proofs::eq_inet_spg_choose_nopfx	-Z c-ffi -Z stubbing --c-lib c/pg_network_spgist.c --solver kissat	green	release-gate	97	PROVED 2026-07-30 load~21; row 3796 partial (no-prefix arm)
spgist-inet	proofs::eq_inet_spg_choose_famsplit	-Z c-ffi -Z stubbing --c-lib c/pg_network_spgist.c --solver kissat	green	unmeasured	?	FLEET-BOUND: local wall(timeout-450s, load 18-24, died in SSA-convert phase)
spgist-inet	proofs::eq_inet_spg_choose_af4	-Z c-ffi -Z stubbing --c-lib c/pg_network_spgist.c --solver kissat	green	unmeasured	?	FLEET-BOUND: not attempted locally (ladder tier)
spgist-inet	proofs::eq_inet_spg_inner_nopfx	-Z c-ffi -Z stubbing --c-lib c/pg_network_spgist.c --solver kissat	green	unmeasured	?	FLEET-BOUND: local wall(timeout-240s, load 15-27, symex done — SAT-phase; 8256 VCC)
spgist-inet	proofs::eq_inet_spg_inner_af4_nkeys1	-Z c-ffi -Z stubbing --c-lib c/pg_network_spgist.c --solver kissat	green	unmeasured	?	FLEET-BOUND: not attempted locally (ladder tier)
spgist-inet	proofs::eq_inet_spg_inner_allsame	-Z c-ffi -Z stubbing --c-lib c/pg_network_spgist.c --solver kissat	green	release-gate	77	PROVED 2026-07-30 load~17; row 3798 partial (allTheSame arm)
spgist-inet	proofs::eq_inet_spg_leaf_af4_nkeys2	-Z c-ffi -Z stubbing --c-lib c/pg_network_spgist.c --solver kissat	green	unmeasured	?	FLEET-BOUND: not attempted locally (ladder tier)
spgist-inet	proofs::eq_inet_spg_leaf_mixed_family	-Z c-ffi -Z stubbing --c-lib c/pg_network_spgist.c --solver kissat	green	release-gate	119	PROVED 2026-07-30 load~25; row 3799 partial (cross-family arm)
spgist-inet	proofs::cover_spgist_regimes	-Z c-ffi -Z stubbing --c-lib c/pg_network_spgist.c	green	unmeasured	?	FLEET-BOUND: not run locally; DEFAULT solver
spgist-inet	proofs::control_spgist_leaf_strategy_skew	-Z c-ffi -Z stubbing --c-lib c/pg_network_spgist.c	must-fail	unmeasured	?	FLEET-BOUND: not run locally; DEFAULT solver; verify failing CHECK NAME
spgist-geo	proofs::eq_spg_quad_config_h	-Z c-ffi -Z stubbing --c-lib c/pg_spgist_geo.c --solver kissat	green	release-gate	101	PROVED 2026-07-30 load~21; row 4018
spgist-geo	proofs::eq_spg_kd_config_h	-Z c-ffi -Z stubbing --c-lib c/pg_spgist_geo.c --solver kissat	green	release-gate	125	PROVED 2026-07-30 load~22; row 4023
spgist-geo	proofs::eq_spg_box_config_h	-Z c-ffi -Z stubbing --c-lib c/pg_spgist_geo.c --solver kissat	green	release-gate	111	PROVED 2026-07-30 load~20; row 5012
spgist-geo	proofs::eq_spg_bbox_config_h	-Z c-ffi -Z stubbing --c-lib c/pg_spgist_geo.c --solver kissat	green	release-gate	114	PROVED 2026-07-30 load~19; row 5010
spgist-geo	proofs::eq_spg_text_config_core	-Z c-ffi -Z stubbing --c-lib c/pg_spgist_geo.c --solver kissat	green	per-commit	1	PROVED 2026-07-30 0.05s; row 4027 core-level (fmgr shell = Kani ICE via fc_spghandler)
spgist-geo	proofs::eq_spg_kd_choose	-Z c-ffi -Z stubbing --c-lib c/pg_spgist_geo.c --solver kissat	green	release-gate	141	PROVED 2026-07-30 load~15; row 4024
spgist-geo	proofs::eq_spg_quad_choose	-Z c-ffi -Z stubbing --c-lib c/pg_spgist_geo.c --solver kissat	green	unmeasured	?	FLEET-BOUND: authored+codegen-gated, not solved locally; row 4019
spgist-geo	proofs::eq_quad_getquadrant_err_plane	-Z c-ffi -Z stubbing --c-lib c/pg_spgist_geo.c --solver kissat	green	unmeasured	?	FLEET-BOUND: local wall(timeout-180s, load=26); row 4019 panic-parity + plane cover
spgist-geo	proofs::eq_spg_quad_leaf	-Z c-ffi -Z stubbing --c-lib c/pg_spgist_geo.c --solver kissat	green	unmeasured	?	FLEET-BOUND: authored+codegen-gated, not solved locally; row 4022
spgist-geo	proofs::eq_spg_quad_inner	-Z c-ffi -Z stubbing --c-lib c/pg_spgist_geo.c --solver kissat	green	unmeasured	?	FLEET-BOUND: authored+codegen-gated, not solved locally; row 4021
spgist-geo	proofs::eq_spg_kd_inner	-Z c-ffi -Z stubbing --c-lib c/pg_spgist_geo.c --solver kissat	green	unmeasured	?	FLEET-BOUND: authored+codegen-gated, not solved locally; row 4026
spgist-geo	proofs::eq_spg_box_quad_choose	-Z c-ffi -Z stubbing --c-lib c/pg_spgist_geo.c --solver kissat	green	unmeasured	?	FLEET-BOUND: authored+codegen-gated, not solved locally; row 5013
spgist-geo	proofs::eq_spg_box_quad_leaf	-Z c-ffi -Z stubbing --c-lib c/pg_spgist_geo.c --solver kissat	green	unmeasured	?	FLEET-BOUND: authored+codegen-gated, not solved locally; row 5016
spgist-geo	proofs::eq_spg_box_quad_inner	-Z c-ffi -Z stubbing --c-lib c/pg_spgist_geo.c --solver kissat	green	unmeasured	?	FLEET-BOUND: authored+codegen-gated, not solved locally; row 5015 (16-quadrant ladder tier)
spgist-geo	proofs::eq_spg_poly_quad_compress	-Z c-ffi -Z stubbing --c-lib c/pg_spgist_geo.c --solver kissat	green	unmeasured	?	FLEET-BOUND: authored+codegen-gated, not solved locally; row 5011
spgist-geo	proofs::cover_spgist_geo_regimes	-Z c-ffi -Z stubbing --c-lib c/pg_spgist_geo.c	green	unmeasured	?	FLEET-BOUND: DEFAULT solver; covers must be SATISFIED
spgist-geo	proofs::control_spgist_geo_strategy_skew	-Z c-ffi -Z stubbing --c-lib c/pg_spgist_geo.c	must-fail	unmeasured	?	FLEET-BOUND: DEFAULT solver; MUST FAIL w/ decodable cex; verify failing CHECK NAME
datetime-b	proofs::eq_intervaltypmodin_n0	-Z c-ffi -Z stubbing --c-lib c/pg_datetime_b.c --exact	green	per-commit	0.7	oid 2903; default solver; w2-timestamp 2026-07-30
datetime-b	proofs::eq_intervaltypmodin_n1	-Z c-ffi -Z stubbing --c-lib c/pg_datetime_b.c --exact	green	per-commit	0.8	oid 2903; default solver; w2-timestamp 2026-07-30
datetime-b	proofs::eq_intervaltypmodin_n2	-Z c-ffi -Z stubbing --c-lib c/pg_datetime_b.c --exact	green	per-commit	1.7	oid 2903; default solver; w2-timestamp 2026-07-30
datetime-b	proofs::eq_intervaltypmodin_n3	-Z c-ffi -Z stubbing --c-lib c/pg_datetime_b.c --exact	green	per-commit	0.8	oid 2903; default solver; w2-timestamp 2026-07-30
datetime-b	proofs::eq_intervaltypmodout_fieldstr_fullprec	-Z c-ffi -Z stubbing --c-lib c/pg_datetime_b.c --exact	green	per-commit	3.8	oid 2904; default solver; w2-timestamp 2026-07-30
datetime-b	proofs::eq_intervaltypmodout_prec_d1	-Z c-ffi -Z stubbing --c-lib c/pg_datetime_b.c --exact	green	per-commit	3.7	oid 2904; default solver; w2-timestamp 2026-07-30
datetime-b	proofs::eq_intervaltypmodout_prec_d2	-Z c-ffi -Z stubbing --c-lib c/pg_datetime_b.c --exact	green	per-commit	3.2	oid 2904; default solver; w2-timestamp 2026-07-30
datetime-b	proofs::eq_intervaltypmodout_prec_d3	-Z c-ffi -Z stubbing --c-lib c/pg_datetime_b.c --exact	green	per-commit	4.4	oid 2904; default solver; w2-timestamp 2026-07-30
datetime-b	proofs::eq_intervaltypmodout_prec_d4	-Z c-ffi -Z stubbing --c-lib c/pg_datetime_b.c --exact	green	per-commit	6.4	oid 2904; default solver; w2-timestamp 2026-07-30
datetime-b	proofs::eq_intervaltypmodout_prec_d5	-Z c-ffi -Z stubbing --c-lib c/pg_datetime_b.c --exact	green	per-commit	6.8	oid 2904; default solver; w2-timestamp 2026-07-30
datetime-b	proofs::eq_intervaltypmodout_fullrange_prec_d2	-Z c-ffi -Z stubbing --c-lib c/pg_datetime_b.c --exact	green	per-commit	3.4	oid 2904; default solver; w2-timestamp 2026-07-30
datetime-b	proofs::cover_intervaltypmodout_prec_bands	-Z c-ffi -Z stubbing --c-lib c/pg_datetime_b.c --solver kissat --exact	green	per-commit	0.1	oid 2904 union coverage; w2-timestamp 2026-07-30
datetime-b	proofs::eq_interval_avg_accum_core	-Z c-ffi -Z stubbing --c-lib c/pg_datetime_b.c --exact	green	per-commit	1.0	oid 1843; default solver; w2-timestamp 2026-07-30
datetime-b	proofs::eq_interval_avg_fc_empty	-Z c-ffi -Z stubbing --c-lib c/pg_datetime_b.c --exact	green	per-commit	2.9	oid 1844; default solver; w2-timestamp 2026-07-30
datetime-b	proofs::eq_interval_avg_fc_pinf	-Z c-ffi -Z stubbing --c-lib c/pg_datetime_b.c --exact	green	per-commit	1.7	oid 1844; default solver; w2-timestamp 2026-07-30
datetime-b	proofs::eq_interval_avg_fc_ninf	-Z c-ffi -Z stubbing --c-lib c/pg_datetime_b.c --exact	green	per-commit	1.8	oid 1844; default solver; w2-timestamp 2026-07-30
datetime-b	proofs::eq_interval_avg_fc_conflict	-Z c-ffi -Z stubbing --c-lib c/pg_datetime_b.c --exact	green	per-commit	2.9	oid 1844; default solver; w2-timestamp 2026-07-30
datetime-b	proofs::spot_interval_avg_fc_mean	-Z c-ffi -Z stubbing --c-lib c/pg_datetime_b.c --exact	green	per-commit	1.9	oid 1844 concrete mean cell; w2-timestamp 2026-07-30
datetime-b	rem::eq_tstypmodin_check	-Z c-ffi -Z stubbing --c-lib c/pg_datetime_b.c --exact	green	per-commit	1.9	oid 2905; default solver; w2-timestamp 2026-07-30
datetime-b	rem::eq_tstztypmodin_check	-Z c-ffi -Z stubbing --c-lib c/pg_datetime_b.c --exact	green	per-commit	2.2	oid 2907; default solver; w2-timestamp 2026-07-30
datetime-b	rem::eq_tstypmodout_neg	-Z c-ffi -Z stubbing --c-lib c/pg_datetime_b.c --solver kissat --exact	green	release-gate	6.7	oid 2906; w2-timestamp 2026-07-30 (times under load 32-75)
datetime-b	rem::eq_tstztypmodout_neg	-Z c-ffi -Z stubbing --c-lib c/pg_datetime_b.c --solver kissat --exact	green	release-gate	5.9	oid 2908; w2-timestamp 2026-07-30 (times under load 32-75)
datetime-b	rem::eq_tstypmodout_d1	-Z c-ffi -Z stubbing --c-lib c/pg_datetime_b.c --solver kissat --exact	green	release-gate	30.0	oid 2906; w2-timestamp 2026-07-30 (times under load 32-75)
datetime-b	rem::eq_tstypmodout_d2	-Z c-ffi -Z stubbing --c-lib c/pg_datetime_b.c --solver kissat --exact	green	release-gate	20.4	oid 2906; w2-timestamp 2026-07-30 (times under load 32-75)
datetime-b	rem::eq_tstypmodout_d3	-Z c-ffi -Z stubbing --c-lib c/pg_datetime_b.c --solver kissat --exact	green	release-gate	16.5	oid 2906; w2-timestamp 2026-07-30 (times under load 32-75)
datetime-b	rem::eq_tstztypmodout_d1	-Z c-ffi -Z stubbing --c-lib c/pg_datetime_b.c --solver kissat --exact	green	release-gate	15.6	oid 2908; w2-timestamp 2026-07-30 (times under load 32-75)
datetime-b	rem::spot_ts_typmodout	-Z c-ffi -Z stubbing --c-lib c/pg_datetime_b.c --solver kissat --exact	green	release-gate	15.8	oid 2906+2908; w2-timestamp 2026-07-30 (times under load 32-75)
datetime-b	rem::eq_f8tstz_nonfinite	-Z c-ffi -Z stubbing --c-lib c/pg_datetime_b.c --exact	green	per-commit	0.8	oid 1158; w2-timestamp 2026-07-30
datetime-b	rem::eq_f8tstz_range_reject	-Z c-ffi -Z stubbing --c-lib c/pg_datetime_b.c --exact	green	per-commit	0.9	oid 1158; w2-timestamp 2026-07-30
datetime-b	rem::spot_f8tstz_value	-Z c-ffi -Z stubbing --c-lib c/pg_datetime_b.c --exact	green	per-commit	0.7	oid 1158; w2-timestamp 2026-07-30
datetime-b	rem::eq_f8tstz_value_screen	-Z c-ffi -Z stubbing --c-lib c/pg_datetime_b.c --exact	unmeasured	calibration	?	oid 1158; w2-timestamp 2026-07-30
# ---- DARK-HARNESS SWEEP 2026-07-30: harnesses that existed in proofs/*/ with no SUITE row (proofs/dark-harness-sweep). expected=unmeasured = never solved under the manifest; runqueue triage/local lane verdicts quoted in notes are NOT CI-witnessed. jsonb-probe dark harnesses intentionally omitted (overlap with the flags-repair lane).
aclcheck	proofs::control_catalog_owner_skew	-Z c-ffi -Z stubbing --c-lib c/pg_aclcheck.c --exact	must-fail	defect-witness	6	RESTRUCTURED + SOLVES 2026-07-30 (proofs/aclcheck-control-solvable): 6s wall / 2.0s verification (box 1-min load 38.7 — verdict load-independent), FAILED as designed on the intended named assert "catalog-owner skew must change the mask" (src/lib.rs run_owner_witness), 1 of 1144 checks. History: the fc-level form NEVER produced a verdict — NO-VERDICT 450s (load 17.5, contaminated) RECONFIRMED NO-VERDICT 900s (load_start 8.6), spinning in core::slice::ascii::eq_ignore_ascii_case via convert_any_priv_string. Same treatment as control_membership_skew: compare the pg_class_aclmask CORE (Rust aclchk::pg_class_aclmask vs C pg_class_aclmask_probe) under a literal-pinned NULL-ACL witness where the owner-derived default ACL is the only grant source. Attribution guarded by paired proofs::control_catalog_owner_noskew; run together or the control proves nothing
aclcheck	proofs::control_catalog_owner_noskew	-Z c-ffi -Z stubbing --c-lib c/pg_aclcheck.c --exact	green	per-commit	6	guard-of-the-guard for proofs::control_catalog_owner_skew: byte-identical literal-pinned witness with the owner skew REMOVED (both sides read owner 100) — must verify SUCCESSFUL. Measured 6s (box 1-min load 36.8), 0 of 1144 failed. The pair differs by exactly one Oid; never retier one without the other
aclcheck	proofs::control_priv_map_mismatch	-Z c-ffi -Z stubbing --c-lib c/pg_aclcheck.c --exact	must-fail	defect-witness	?	WALL, recorded honestly 2026-07-30: NO-VERDICT at 450s measured at LOW load (5.95 1-min) — not load contamination. Cannot get the core-level treatment: its property IS the priv-string map layer (Rust TABLE map vs C SEQUENCE map on "TRIGGER"), so dropping the parse from the formula would delete the property, and the fc-level parse walls even with every input literal (tmp fc-literal measurement: NO-VERDICT 900s at load 5.0). UNGUARDED-BUT-MOOT for now: no fc-level eq_* row in this family is green (all wall, same class), so no green currently leans on this control; the family's vacuity guarding is carried by control_membership_skew + control_catalog_owner_skew (both produce verdicts). If fc-level rows ever solve (e.g. via a vendored-C parse shim), this control must be made solvable FIRST or the greens ruled unguarded
aclcheck	proofs::cover_aclitemin_regimes	-Z c-ffi -Z stubbing --c-lib c/pg_aclcheck.c --exact	unmeasured	unmeasured	?	DARK-SWEEP 2026-07-30 registered unrun; runqueue triage: green; expect: all covers SATISFIED
aclcheck	proofs::cover_table_id_id_regimes	-Z c-ffi -Z stubbing --c-lib c/pg_aclcheck.c --exact	unmeasured	unmeasured	?	DARK-SWEEP 2026-07-30 registered unrun; runqueue triage: green; expect: all covers SATISFIED
aclcheck	proofs::eq_aclitemout_named	-Z c-ffi -Z stubbing --c-lib c/pg_aclcheck.c --solver kissat --no-assertion-reach-checks --exact	unmeasured	unmeasured	?	DARK-SWEEP 2026-07-30 registered unrun; runqueue triage: info; oid 1032 — CNF-width risk, see header|wall-risk: data-dependent-length output image — CNF-width law (header NOTE); spots are the 1032 coverage of record
aclcheck	proofs::eq_has_database_privilege_id	-Z c-ffi -Z stubbing --c-lib c/pg_aclcheck.c --solver kissat --no-assertion-reach-checks --exact	unmeasured	unmeasured	?	DARK-SWEEP 2026-07-30 registered unrun; runqueue triage: green; oid 2255
aclcheck	proofs::eq_has_database_privilege_id_id	-Z c-ffi -Z stubbing --c-lib c/pg_aclcheck.c --solver kissat --no-assertion-reach-checks --exact	unmeasured	unmeasured	?	DARK-SWEEP 2026-07-30 registered unrun; runqueue triage: green; oid 2253
aclcheck	proofs::eq_has_database_privilege_id_name	-Z c-ffi -Z stubbing --c-lib c/pg_aclcheck.c --solver kissat --no-assertion-reach-checks --exact	unmeasured	unmeasured	?	DARK-SWEEP 2026-07-30 registered unrun; runqueue triage: green; oid 2252
aclcheck	proofs::eq_has_database_privilege_name	-Z c-ffi -Z stubbing --c-lib c/pg_aclcheck.c --solver kissat --no-assertion-reach-checks --exact	unmeasured	unmeasured	?	DARK-SWEEP 2026-07-30 registered unrun; runqueue triage: green; oid 2254
aclcheck	proofs::eq_has_database_privilege_name_id	-Z c-ffi -Z stubbing --c-lib c/pg_aclcheck.c --solver kissat --no-assertion-reach-checks --exact	unmeasured	unmeasured	?	DARK-SWEEP 2026-07-30 registered unrun; runqueue triage: green; oid 2251
aclcheck	proofs::eq_has_database_privilege_name_name	-Z c-ffi -Z stubbing --c-lib c/pg_aclcheck.c --solver kissat --no-assertion-reach-checks --exact	unmeasured	unmeasured	?	DARK-SWEEP 2026-07-30 registered unrun; runqueue triage: green; oid 2250
aclcheck	proofs::eq_has_function_privilege_id	-Z c-ffi -Z stubbing --c-lib c/pg_aclcheck.c --solver kissat --no-assertion-reach-checks --exact	unmeasured	unmeasured	?	DARK-SWEEP 2026-07-30 registered unrun; runqueue triage: green; oid 2261
aclcheck	proofs::eq_has_function_privilege_id_id	-Z c-ffi -Z stubbing --c-lib c/pg_aclcheck.c --solver kissat --no-assertion-reach-checks --exact	unmeasured	unmeasured	?	DARK-SWEEP 2026-07-30 registered unrun; runqueue triage: green; oid 2259
aclcheck	proofs::eq_has_function_privilege_name_id	-Z c-ffi -Z stubbing --c-lib c/pg_aclcheck.c --solver kissat --no-assertion-reach-checks --exact	unmeasured	unmeasured	?	DARK-SWEEP 2026-07-30 registered unrun; runqueue triage: green; oid 2257
aclcheck	proofs::eq_has_language_privilege_id	-Z c-ffi -Z stubbing --c-lib c/pg_aclcheck.c --solver kissat --no-assertion-reach-checks --exact	unmeasured	unmeasured	?	DARK-SWEEP 2026-07-30 registered unrun; runqueue triage: green; oid 2267
aclcheck	proofs::eq_has_language_privilege_id_id	-Z c-ffi -Z stubbing --c-lib c/pg_aclcheck.c --solver kissat --no-assertion-reach-checks --exact	unmeasured	unmeasured	?	DARK-SWEEP 2026-07-30 registered unrun; runqueue triage: green; oid 2265
aclcheck	proofs::eq_has_language_privilege_id_name	-Z c-ffi -Z stubbing --c-lib c/pg_aclcheck.c --solver kissat --no-assertion-reach-checks --exact	unmeasured	unmeasured	?	DARK-SWEEP 2026-07-30 registered unrun; runqueue triage: green; oid 2264
aclcheck	proofs::eq_has_language_privilege_name	-Z c-ffi -Z stubbing --c-lib c/pg_aclcheck.c --solver kissat --no-assertion-reach-checks --exact	unmeasured	unmeasured	?	DARK-SWEEP 2026-07-30 registered unrun; runqueue triage: green; oid 2266
aclcheck	proofs::eq_has_language_privilege_name_id	-Z c-ffi -Z stubbing --c-lib c/pg_aclcheck.c --solver kissat --no-assertion-reach-checks --exact	unmeasured	unmeasured	?	DARK-SWEEP 2026-07-30 registered unrun; runqueue triage: green; oid 2263
aclcheck	proofs::eq_has_language_privilege_name_name	-Z c-ffi -Z stubbing --c-lib c/pg_aclcheck.c --solver kissat --no-assertion-reach-checks --exact	unmeasured	unmeasured	?	DARK-SWEEP 2026-07-30 registered unrun; runqueue triage: green; oid 2262
aclcheck	proofs::eq_has_schema_privilege_id	-Z c-ffi -Z stubbing --c-lib c/pg_aclcheck.c --solver kissat --no-assertion-reach-checks --exact	unmeasured	unmeasured	?	DARK-SWEEP 2026-07-30 registered unrun; runqueue triage: green; oid 2273
aclcheck	proofs::eq_has_schema_privilege_id_id	-Z c-ffi -Z stubbing --c-lib c/pg_aclcheck.c --solver kissat --no-assertion-reach-checks --exact	unmeasured	unmeasured	?	DARK-SWEEP 2026-07-30 registered unrun; runqueue triage: green; oid 2271
aclcheck	proofs::eq_has_schema_privilege_id_name	-Z c-ffi -Z stubbing --c-lib c/pg_aclcheck.c --solver kissat --no-assertion-reach-checks --exact	unmeasured	unmeasured	?	DARK-SWEEP 2026-07-30 registered unrun; runqueue triage: green; oid 2270
aclcheck	proofs::eq_has_schema_privilege_name	-Z c-ffi -Z stubbing --c-lib c/pg_aclcheck.c --solver kissat --no-assertion-reach-checks --exact	unmeasured	unmeasured	?	DARK-SWEEP 2026-07-30 registered unrun; runqueue triage: green; oid 2272
aclcheck	proofs::eq_has_schema_privilege_name_id	-Z c-ffi -Z stubbing --c-lib c/pg_aclcheck.c --solver kissat --no-assertion-reach-checks --exact	unmeasured	unmeasured	?	DARK-SWEEP 2026-07-30 registered unrun; runqueue triage: green; oid 2269
aclcheck	proofs::eq_has_schema_privilege_name_name	-Z c-ffi -Z stubbing --c-lib c/pg_aclcheck.c --solver kissat --no-assertion-reach-checks --exact	unmeasured	unmeasured	?	DARK-SWEEP 2026-07-30 registered unrun; runqueue triage: green; oid 2268
aclcheck	proofs::eq_has_sequence_privilege_id	-Z c-ffi -Z stubbing --c-lib c/pg_aclcheck.c --solver kissat --no-assertion-reach-checks --exact	unmeasured	unmeasured	?	DARK-SWEEP 2026-07-30 registered unrun; runqueue triage: green; oid 2186
aclcheck	proofs::eq_has_sequence_privilege_id_id	-Z c-ffi -Z stubbing --c-lib c/pg_aclcheck.c --solver kissat --no-assertion-reach-checks --exact	unmeasured	unmeasured	?	DARK-SWEEP 2026-07-30 registered unrun; runqueue triage: green; oid 2184
aclcheck	proofs::eq_has_sequence_privilege_id_name	-Z c-ffi -Z stubbing --c-lib c/pg_aclcheck.c --solver kissat --no-assertion-reach-checks --exact	unmeasured	unmeasured	?	DARK-SWEEP 2026-07-30 registered unrun; runqueue triage: green; oid 2183
aclcheck	proofs::eq_has_sequence_privilege_name	-Z c-ffi -Z stubbing --c-lib c/pg_aclcheck.c --solver kissat --no-assertion-reach-checks --exact	unmeasured	unmeasured	?	DARK-SWEEP 2026-07-30 registered unrun; runqueue triage: green; oid 2185
aclcheck	proofs::eq_has_sequence_privilege_name_id	-Z c-ffi -Z stubbing --c-lib c/pg_aclcheck.c --solver kissat --no-assertion-reach-checks --exact	unmeasured	unmeasured	?	DARK-SWEEP 2026-07-30 registered unrun; runqueue triage: green; oid 2182
aclcheck	proofs::eq_has_sequence_privilege_name_name	-Z c-ffi -Z stubbing --c-lib c/pg_aclcheck.c --solver kissat --no-assertion-reach-checks --exact	unmeasured	unmeasured	?	DARK-SWEEP 2026-07-30 registered unrun; runqueue triage: green; oid 2181
aclcheck	proofs::eq_has_table_privilege_id	-Z c-ffi -Z stubbing --c-lib c/pg_aclcheck.c --solver kissat --no-assertion-reach-checks --exact	unmeasured	unmeasured	?	DARK-SWEEP 2026-07-30 registered unrun; runqueue triage: green; oid 1927
aclcheck	proofs::eq_has_table_privilege_id_name	-Z c-ffi -Z stubbing --c-lib c/pg_aclcheck.c --solver kissat --no-assertion-reach-checks --exact	unmeasured	unmeasured	?	DARK-SWEEP 2026-07-30 registered unrun; runqueue triage: green; oid 1924
aclcheck	proofs::eq_has_table_privilege_name	-Z c-ffi -Z stubbing --c-lib c/pg_aclcheck.c --solver kissat --no-assertion-reach-checks --exact	unmeasured	unmeasured	?	DARK-SWEEP 2026-07-30 registered unrun; runqueue triage: green; oid 1926
aclcheck	proofs::eq_has_table_privilege_name_name	-Z c-ffi -Z stubbing --c-lib c/pg_aclcheck.c --solver kissat --no-assertion-reach-checks --exact	unmeasured	unmeasured	?	DARK-SWEEP 2026-07-30 registered unrun; runqueue triage: green; oid 1922 (obj-name oracle + mcx)
aclcheck	proofs::probe_system_class_temp_toast	-Z c-ffi -Z stubbing --c-lib c/pg_aclcheck.c --exact	unmeasured	unmeasured	?	DARK-SWEEP 2026-07-30 registered unrun; runqueue triage: info; WALL(symex timeout-450s) — superseded by probe_system_class_temp_toast_core
aclcheck	proofs::spot_aclitemin_literals	-Z c-ffi -Z stubbing --c-lib c/pg_aclcheck.c --solver kissat --no-assertion-reach-checks --exact	unmeasured	unmeasured	?	DARK-SWEEP 2026-07-30 registered unrun; runqueue triage: green; oid 1031 quoted/keyword/grantor literal
aclcheck	proofs::spot_aclitemout_numeric	-Z c-ffi -Z stubbing --c-lib c/pg_aclcheck.c --solver kissat --no-assertion-reach-checks --exact	unmeasured	unmeasured	?	DARK-SWEEP 2026-07-30 registered unrun; runqueue triage: green; oid 1032 numeric-fallback spot
aclcheck	proofs::spot_database_temporary	-Z c-ffi -Z stubbing --c-lib c/pg_aclcheck.c --solver kissat --no-assertion-reach-checks --exact	unmeasured	unmeasured	?	DARK-SWEEP 2026-07-30 registered unrun; runqueue triage: green; "TEMPORARY"
aclcheck	proofs::spot_schema_usage_wgo	-Z c-ffi -Z stubbing --c-lib c/pg_aclcheck.c --solver kissat --no-assertion-reach-checks --exact	unmeasured	unmeasured	?	DARK-SWEEP 2026-07-30 registered unrun; runqueue triage: green; "USAGE WITH GRANT OPTION"
aclcheck	proofs::spot_table_list	-Z c-ffi -Z stubbing --c-lib c/pg_aclcheck.c --solver kissat --no-assertion-reach-checks --exact	unmeasured	unmeasured	?	DARK-SWEEP 2026-07-30 registered unrun; runqueue triage: green; "SELECT, INSERT"
aclcheck	proofs::spot_table_references	-Z c-ffi -Z stubbing --c-lib c/pg_aclcheck.c --solver kissat --no-assertion-reach-checks --exact	unmeasured	unmeasured	?	DARK-SWEEP 2026-07-30 registered unrun; runqueue triage: green; "REFERENCES"
aclcheck	proofs::spot_table_select_wgo	-Z c-ffi -Z stubbing --c-lib c/pg_aclcheck.c --solver kissat --no-assertion-reach-checks --exact	unmeasured	unmeasured	?	DARK-SWEEP 2026-07-30 registered unrun; runqueue triage: green; "SELECT WITH GRANT OPTION"
brin-minmax	proofs::eq_uuid_add_value_nulls	-Z c-ffi -Z stubbing --c-lib c/pg_brin_minmax.c --exact	unmeasured	unmeasured	?	DARK-SWEEP 2026-07-30 registered unrun; no runqueue row (flags inferred from family siblings)
cash	proofs::control_cash_out_lconv_skew	-Z c-ffi -Z stubbing --c-lib c/pg_cash.c --solver kissat --exact	must-fail	unmeasured	30	DARK-SWEEP 2026-07-30 registered unrun; no runqueue row (flags inferred from family siblings)|RECIPE-FIX 2026-07-30: measure sweep NO-VERDICT (stub attr rejected without -Z stubbing); flag added, re-sweep owed|RE-SWEEP 2026-07-31: VERIFICATION FAILED as designed after -Z stubbing recipe fix (negative control); relabeled must-fail; gating-tier adjudication pending (Michael)
cash	proofs::control_int8_cash_lconv_skew	-Z c-ffi -Z stubbing --c-lib c/pg_cash.c --solver kissat --exact	must-fail	unmeasured	30	DARK-SWEEP 2026-07-30 registered unrun; no runqueue row (flags inferred from family siblings)|RECIPE-FIX 2026-07-30: measure sweep NO-VERDICT (stub attr rejected without -Z stubbing); flag added, re-sweep owed|RE-SWEEP 2026-07-31: VERIFICATION FAILED as designed after -Z stubbing recipe fix (negative control); relabeled must-fail; gating-tier adjudication pending (Michael)
cash	proofs::eq_cash_div_cash_by_zero	-Z c-ffi -Z stubbing --c-lib c/pg_cash.c --solver kissat --exact	unmeasured	unmeasured	?	DARK-SWEEP 2026-07-30 registered unrun; no runqueue row (flags inferred from family siblings)|RECIPE-FIX 2026-07-30: measure sweep NO-VERDICT (stub attr rejected without -Z stubbing); flag added, re-sweep owed
cash	proofs::eq_cash_div_cash_grid	-Z c-ffi -Z stubbing --c-lib c/pg_cash.c --solver kissat --exact	unmeasured	unmeasured	?	DARK-SWEEP 2026-07-30 registered unrun; no runqueue row (flags inferred from family siblings)|RECIPE-FIX 2026-07-30: measure sweep NO-VERDICT (stub attr rejected without -Z stubbing); flag added, re-sweep owed
cash	proofs::eq_cash_div_cash_pow2	-Z c-ffi -Z stubbing --c-lib c/pg_cash.c --solver kissat --exact	unmeasured	unmeasured	?	DARK-SWEEP 2026-07-30 registered unrun; no runqueue row (flags inferred from family siblings)|RECIPE-FIX 2026-07-30: measure sweep NO-VERDICT (stub attr rejected without -Z stubbing); flag added, re-sweep owed
cash	proofs::eq_cash_div_flt4_grid	-Z c-ffi -Z stubbing --c-lib c/pg_cash.c --solver kissat --exact	unmeasured	unmeasured	?	DARK-SWEEP 2026-07-30 registered unrun; no runqueue row (flags inferred from family siblings)|RECIPE-FIX 2026-07-30: measure sweep NO-VERDICT (stub attr rejected without -Z stubbing); flag added, re-sweep owed
cash	proofs::eq_cash_div_flt8_grid	-Z c-ffi -Z stubbing --c-lib c/pg_cash.c --solver kissat --exact	unmeasured	unmeasured	?	DARK-SWEEP 2026-07-30 registered unrun; no runqueue row (flags inferred from family siblings)|RECIPE-FIX 2026-07-30: measure sweep NO-VERDICT (stub attr rejected without -Z stubbing); flag added, re-sweep owed
cash	proofs::eq_cash_div_int2_band16	-Z c-ffi -Z stubbing --c-lib c/pg_cash.c --solver kissat --exact	unmeasured	unmeasured	?	DARK-SWEEP 2026-07-30 registered unrun; no runqueue row (flags inferred from family siblings)|RECIPE-FIX 2026-07-30: measure sweep NO-VERDICT (stub attr rejected without -Z stubbing); flag added, re-sweep owed
cash	proofs::eq_cash_div_int4_band16	-Z c-ffi -Z stubbing --c-lib c/pg_cash.c --solver kissat --exact	unmeasured	unmeasured	?	DARK-SWEEP 2026-07-30 registered unrun; no runqueue row (flags inferred from family siblings)|RECIPE-FIX 2026-07-30: measure sweep NO-VERDICT (stub attr rejected without -Z stubbing); flag added, re-sweep owed
cash	proofs::eq_cash_div_int8_band16	-Z c-ffi -Z stubbing --c-lib c/pg_cash.c --solver kissat --exact	unmeasured	unmeasured	?	DARK-SWEEP 2026-07-30 registered unrun; no runqueue row (flags inferred from family siblings)|RECIPE-FIX 2026-07-30: measure sweep NO-VERDICT (stub attr rejected without -Z stubbing); flag added, re-sweep owed
cash	proofs::eq_cash_div_int8_by_neg1	-Z c-ffi -Z stubbing --c-lib c/pg_cash.c --solver kissat --exact	unmeasured	unmeasured	?	DARK-SWEEP 2026-07-30 registered unrun; no runqueue row (flags inferred from family siblings)|RECIPE-FIX 2026-07-30: measure sweep NO-VERDICT (stub attr rejected without -Z stubbing); flag added, re-sweep owed
cash	proofs::eq_cash_div_int8_by_zero	-Z c-ffi -Z stubbing --c-lib c/pg_cash.c --solver kissat --exact	unmeasured	unmeasured	?	DARK-SWEEP 2026-07-30 registered unrun; no runqueue row (flags inferred from family siblings)|RECIPE-FIX 2026-07-30: measure sweep NO-VERDICT (stub attr rejected without -Z stubbing); flag added, re-sweep owed
cash	proofs::eq_cash_in_len0	-Z c-ffi -Z stubbing --c-lib c/pg_cash.c --solver kissat --exact	unmeasured	unmeasured	?	DARK-SWEEP 2026-07-30 registered unrun; no runqueue row (flags inferred from family siblings)|RECIPE-FIX 2026-07-30: measure sweep NO-VERDICT (stub attr rejected without -Z stubbing); flag added, re-sweep owed
cash	proofs::eq_cash_in_len1	-Z c-ffi -Z stubbing --c-lib c/pg_cash.c --solver kissat --exact	unmeasured	unmeasured	?	DARK-SWEEP 2026-07-30 registered unrun; no runqueue row (flags inferred from family siblings)|RECIPE-FIX 2026-07-30: measure sweep NO-VERDICT (stub attr rejected without -Z stubbing); flag added, re-sweep owed
cash	proofs::eq_cash_in_len2	-Z c-ffi -Z stubbing --c-lib c/pg_cash.c --solver kissat --exact	unmeasured	unmeasured	?	DARK-SWEEP 2026-07-30 registered unrun; no runqueue row (flags inferred from family siblings)|RECIPE-FIX 2026-07-30: measure sweep NO-VERDICT (stub attr rejected without -Z stubbing); flag added, re-sweep owed
cash	proofs::eq_cash_in_len2_fd0	-Z c-ffi -Z stubbing --c-lib c/pg_cash.c --solver kissat --exact	unmeasured	unmeasured	?	DARK-SWEEP 2026-07-30 registered unrun; no runqueue row (flags inferred from family siblings)|RECIPE-FIX 2026-07-30: measure sweep NO-VERDICT (stub attr rejected without -Z stubbing); flag added, re-sweep owed
cash	proofs::eq_cash_in_len2_fd1	-Z c-ffi -Z stubbing --c-lib c/pg_cash.c --solver kissat --exact	unmeasured	unmeasured	?	DARK-SWEEP 2026-07-30 registered unrun; no runqueue row (flags inferred from family siblings)|RECIPE-FIX 2026-07-30: measure sweep NO-VERDICT (stub attr rejected without -Z stubbing); flag added, re-sweep owed
cash	proofs::eq_cash_in_len2_fd10	-Z c-ffi -Z stubbing --c-lib c/pg_cash.c --solver kissat --exact	unmeasured	unmeasured	?	DARK-SWEEP 2026-07-30 registered unrun; no runqueue row (flags inferred from family siblings)|RECIPE-FIX 2026-07-30: measure sweep NO-VERDICT (stub attr rejected without -Z stubbing); flag added, re-sweep owed
cash	proofs::eq_cash_in_len2_fd5	-Z c-ffi -Z stubbing --c-lib c/pg_cash.c --solver kissat --exact	unmeasured	unmeasured	?	DARK-SWEEP 2026-07-30 registered unrun; no runqueue row (flags inferred from family siblings)|RECIPE-FIX 2026-07-30: measure sweep NO-VERDICT (stub attr rejected without -Z stubbing); flag added, re-sweep owed
cash	proofs::eq_cash_in_len2_fdbig	-Z c-ffi -Z stubbing --c-lib c/pg_cash.c --solver kissat --exact	unmeasured	unmeasured	?	DARK-SWEEP 2026-07-30 registered unrun; no runqueue row (flags inferred from family siblings)|RECIPE-FIX 2026-07-30: measure sweep NO-VERDICT (stub attr rejected without -Z stubbing); flag added, re-sweep owed
cash	proofs::eq_cash_in_len2_fdneg	-Z c-ffi -Z stubbing --c-lib c/pg_cash.c --solver kissat --exact	unmeasured	unmeasured	?	DARK-SWEEP 2026-07-30 registered unrun; no runqueue row (flags inferred from family siblings)|RECIPE-FIX 2026-07-30: measure sweep NO-VERDICT (stub attr rejected without -Z stubbing); flag added, re-sweep owed
cash	proofs::eq_cash_in_len3	-Z c-ffi -Z stubbing --c-lib c/pg_cash.c --solver kissat --exact	unmeasured	unmeasured	?	DARK-SWEEP 2026-07-30 registered unrun; no runqueue row (flags inferred from family siblings)|RECIPE-FIX 2026-07-30: measure sweep NO-VERDICT (stub attr rejected without -Z stubbing); flag added, re-sweep owed
cash	proofs::eq_cash_in_len4	-Z c-ffi -Z stubbing --c-lib c/pg_cash.c --solver kissat --exact	unmeasured	unmeasured	?	DARK-SWEEP 2026-07-30 registered unrun; no runqueue row (flags inferred from family siblings)|RECIPE-FIX 2026-07-30: measure sweep NO-VERDICT (stub attr rejected without -Z stubbing); flag added, re-sweep owed
cash	proofs::eq_cash_in_len5	-Z c-ffi -Z stubbing --c-lib c/pg_cash.c --solver kissat --exact	unmeasured	unmeasured	?	DARK-SWEEP 2026-07-30 registered unrun; no runqueue row (flags inferred from family siblings)|RECIPE-FIX 2026-07-30: measure sweep NO-VERDICT (stub attr rejected without -Z stubbing); flag added, re-sweep owed
cash	proofs::eq_cash_in_len6	-Z c-ffi -Z stubbing --c-lib c/pg_cash.c --solver kissat --exact	unmeasured	unmeasured	?	DARK-SWEEP 2026-07-30 registered unrun; no runqueue row (flags inferred from family siblings)|RECIPE-FIX 2026-07-30: measure sweep NO-VERDICT (stub attr rejected without -Z stubbing); flag added, re-sweep owed
cash	proofs::eq_cash_mul_flt4_grid	-Z c-ffi -Z stubbing --c-lib c/pg_cash.c --solver kissat --exact	unmeasured	unmeasured	?	DARK-SWEEP 2026-07-30 registered unrun; no runqueue row (flags inferred from family siblings)|RECIPE-FIX 2026-07-30: measure sweep NO-VERDICT (stub attr rejected without -Z stubbing); flag added, re-sweep owed
cash	proofs::eq_cash_mul_flt8_c_zero	-Z c-ffi -Z stubbing --c-lib c/pg_cash.c --solver kissat --exact	unmeasured	unmeasured	?	DARK-SWEEP 2026-07-30 registered unrun; no runqueue row (flags inferred from family siblings)|RECIPE-FIX 2026-07-30: measure sweep NO-VERDICT (stub attr rejected without -Z stubbing); flag added, re-sweep owed
cash	proofs::eq_cash_mul_flt8_f_zero	-Z c-ffi -Z stubbing --c-lib c/pg_cash.c --solver kissat --exact	unmeasured	unmeasured	?	DARK-SWEEP 2026-07-30 registered unrun; no runqueue row (flags inferred from family siblings)|RECIPE-FIX 2026-07-30: measure sweep NO-VERDICT (stub attr rejected without -Z stubbing); flag added, re-sweep owed
cash	proofs::eq_cash_mul_flt8_grid	-Z c-ffi -Z stubbing --c-lib c/pg_cash.c --solver kissat --exact	unmeasured	unmeasured	?	DARK-SWEEP 2026-07-30 registered unrun; no runqueue row (flags inferred from family siblings)|RECIPE-FIX 2026-07-30: measure sweep NO-VERDICT (stub attr rejected without -Z stubbing); flag added, re-sweep owed
cash	proofs::eq_cash_mul_int2	-Z c-ffi -Z stubbing --c-lib c/pg_cash.c --solver kissat --exact	unmeasured	unmeasured	?	DARK-SWEEP 2026-07-30 registered unrun; no runqueue row (flags inferred from family siblings)|RECIPE-FIX 2026-07-30: measure sweep NO-VERDICT (stub attr rejected without -Z stubbing); flag added, re-sweep owed
cash	proofs::eq_cash_mul_int4	-Z c-ffi -Z stubbing --c-lib c/pg_cash.c --solver kissat --exact	unmeasured	unmeasured	?	DARK-SWEEP 2026-07-30 registered unrun; no runqueue row (flags inferred from family siblings)|RECIPE-FIX 2026-07-30: measure sweep NO-VERDICT (stub attr rejected without -Z stubbing); flag added, re-sweep owed
cash	proofs::eq_cash_mul_int8	-Z c-ffi -Z stubbing --c-lib c/pg_cash.c --solver kissat --exact	unmeasured	unmeasured	?	DARK-SWEEP 2026-07-30 registered unrun; no runqueue row (flags inferred from family siblings)|RECIPE-FIX 2026-07-30: measure sweep NO-VERDICT (stub attr rejected without -Z stubbing); flag added, re-sweep owed
cash	proofs::eq_cash_out_band1e5_len	-Z c-ffi -Z stubbing --c-lib c/pg_cash.c --solver kissat --exact	unmeasured	unmeasured	?	DARK-SWEEP 2026-07-30 registered unrun; no runqueue row (flags inferred from family siblings)|RECIPE-FIX 2026-07-30: measure sweep NO-VERDICT (stub attr rejected without -Z stubbing); flag added, re-sweep owed
cash	proofs::eq_cash_out_fd0	-Z c-ffi -Z stubbing --c-lib c/pg_cash.c --solver kissat --exact	unmeasured	unmeasured	?	DARK-SWEEP 2026-07-30 registered unrun; no runqueue row (flags inferred from family siblings)|RECIPE-FIX 2026-07-30: measure sweep NO-VERDICT (stub attr rejected without -Z stubbing); flag added, re-sweep owed
cash	proofs::eq_cash_out_fd1	-Z c-ffi -Z stubbing --c-lib c/pg_cash.c --solver kissat --exact	unmeasured	unmeasured	?	DARK-SWEEP 2026-07-30 registered unrun; no runqueue row (flags inferred from family siblings)|RECIPE-FIX 2026-07-30: measure sweep NO-VERDICT (stub attr rejected without -Z stubbing); flag added, re-sweep owed
cash	proofs::eq_cash_out_fd10	-Z c-ffi -Z stubbing --c-lib c/pg_cash.c --solver kissat --exact	unmeasured	unmeasured	?	DARK-SWEEP 2026-07-30 registered unrun; no runqueue row (flags inferred from family siblings)|RECIPE-FIX 2026-07-30: measure sweep NO-VERDICT (stub attr rejected without -Z stubbing); flag added, re-sweep owed
cash	proofs::eq_cash_out_fd5	-Z c-ffi -Z stubbing --c-lib c/pg_cash.c --solver kissat --exact	unmeasured	unmeasured	?	DARK-SWEEP 2026-07-30 registered unrun; no runqueue row (flags inferred from family siblings)|RECIPE-FIX 2026-07-30: measure sweep NO-VERDICT (stub attr rejected without -Z stubbing); flag added, re-sweep owed
cash	proofs::eq_cash_out_fdbig	-Z c-ffi -Z stubbing --c-lib c/pg_cash.c --solver kissat --exact	unmeasured	unmeasured	?	DARK-SWEEP 2026-07-30 registered unrun; no runqueue row (flags inferred from family siblings)|RECIPE-FIX 2026-07-30: measure sweep NO-VERDICT (stub attr rejected without -Z stubbing); flag added, re-sweep owed
cash	proofs::eq_cash_out_fdneg	-Z c-ffi -Z stubbing --c-lib c/pg_cash.c --solver kissat --exact	unmeasured	unmeasured	?	DARK-SWEEP 2026-07-30 registered unrun; no runqueue row (flags inferred from family siblings)|RECIPE-FIX 2026-07-30: measure sweep NO-VERDICT (stub attr rejected without -Z stubbing); flag added, re-sweep owed
cash	proofs::eq_cash_out_group1	-Z c-ffi -Z stubbing --c-lib c/pg_cash.c --solver kissat --exact	unmeasured	unmeasured	?	DARK-SWEEP 2026-07-30 registered unrun; no runqueue row (flags inferred from family siblings)|RECIPE-FIX 2026-07-30: measure sweep NO-VERDICT (stub attr rejected without -Z stubbing); flag added, re-sweep owed
cash	proofs::eq_cash_out_group6	-Z c-ffi -Z stubbing --c-lib c/pg_cash.c --solver kissat --exact	unmeasured	unmeasured	?	DARK-SWEEP 2026-07-30 registered unrun; no runqueue row (flags inferred from family siblings)|RECIPE-FIX 2026-07-30: measure sweep NO-VERDICT (stub attr rejected without -Z stubbing); flag added, re-sweep owed
cash	proofs::eq_cash_out_neg_p0	-Z c-ffi -Z stubbing --c-lib c/pg_cash.c --solver kissat --exact	unmeasured	unmeasured	?	DARK-SWEEP 2026-07-30 registered unrun; no runqueue row (flags inferred from family siblings)|RECIPE-FIX 2026-07-30: measure sweep NO-VERDICT (stub attr rejected without -Z stubbing); flag added, re-sweep owed
cash	proofs::eq_cash_out_neg_p1	-Z c-ffi -Z stubbing --c-lib c/pg_cash.c --solver kissat --exact	unmeasured	unmeasured	?	DARK-SWEEP 2026-07-30 registered unrun; no runqueue row (flags inferred from family siblings)|RECIPE-FIX 2026-07-30: measure sweep NO-VERDICT (stub attr rejected without -Z stubbing); flag added, re-sweep owed
cash	proofs::eq_cash_out_neg_p2	-Z c-ffi -Z stubbing --c-lib c/pg_cash.c --solver kissat --exact	unmeasured	unmeasured	?	DARK-SWEEP 2026-07-30 registered unrun; no runqueue row (flags inferred from family siblings)|RECIPE-FIX 2026-07-30: measure sweep NO-VERDICT (stub attr rejected without -Z stubbing); flag added, re-sweep owed
cash	proofs::eq_cash_out_neg_p3	-Z c-ffi -Z stubbing --c-lib c/pg_cash.c --solver kissat --exact	unmeasured	unmeasured	?	DARK-SWEEP 2026-07-30 registered unrun; no runqueue row (flags inferred from family siblings)|RECIPE-FIX 2026-07-30: measure sweep NO-VERDICT (stub attr rejected without -Z stubbing); flag added, re-sweep owed
cash	proofs::eq_cash_out_neg_p4	-Z c-ffi -Z stubbing --c-lib c/pg_cash.c --solver kissat --exact	unmeasured	unmeasured	?	DARK-SWEEP 2026-07-30 registered unrun; no runqueue row (flags inferred from family siblings)|RECIPE-FIX 2026-07-30: measure sweep NO-VERDICT (stub attr rejected without -Z stubbing); flag added, re-sweep owed
cash	proofs::eq_cash_out_neg_pdef	-Z c-ffi -Z stubbing --c-lib c/pg_cash.c --solver kissat --exact	unmeasured	unmeasured	?	DARK-SWEEP 2026-07-30 registered unrun; no runqueue row (flags inferred from family siblings)|RECIPE-FIX 2026-07-30: measure sweep NO-VERDICT (stub attr rejected without -Z stubbing); flag added, re-sweep owed
cash	proofs::eq_cash_out_pos_p0	-Z c-ffi -Z stubbing --c-lib c/pg_cash.c --solver kissat --exact	unmeasured	unmeasured	?	DARK-SWEEP 2026-07-30 registered unrun; no runqueue row (flags inferred from family siblings)|RECIPE-FIX 2026-07-30: measure sweep NO-VERDICT (stub attr rejected without -Z stubbing); flag added, re-sweep owed
cash	proofs::eq_cash_out_pos_p2	-Z c-ffi -Z stubbing --c-lib c/pg_cash.c --solver kissat --exact	unmeasured	unmeasured	?	DARK-SWEEP 2026-07-30 registered unrun; no runqueue row (flags inferred from family siblings)|RECIPE-FIX 2026-07-30: measure sweep NO-VERDICT (stub attr rejected without -Z stubbing); flag added, re-sweep owed
cash	proofs::eq_cash_out_pos_p4	-Z c-ffi -Z stubbing --c-lib c/pg_cash.c --solver kissat --exact	unmeasured	unmeasured	?	DARK-SWEEP 2026-07-30 registered unrun; no runqueue row (flags inferred from family siblings)|RECIPE-FIX 2026-07-30: measure sweep NO-VERDICT (stub attr rejected without -Z stubbing); flag added, re-sweep owed
cash	proofs::eq_cash_out_spot_max	-Z c-ffi -Z stubbing --c-lib c/pg_cash.c --solver kissat --exact	unmeasured	unmeasured	?	DARK-SWEEP 2026-07-30 registered unrun; no runqueue row (flags inferred from family siblings)|RECIPE-FIX 2026-07-30: measure sweep NO-VERDICT (stub attr rejected without -Z stubbing); flag added, re-sweep owed
cash	proofs::eq_cash_out_spot_min	-Z c-ffi -Z stubbing --c-lib c/pg_cash.c --solver kissat --exact	unmeasured	unmeasured	?	DARK-SWEEP 2026-07-30 registered unrun; no runqueue row (flags inferred from family siblings)|RECIPE-FIX 2026-07-30: measure sweep NO-VERDICT (stub attr rejected without -Z stubbing); flag added, re-sweep owed
cash	proofs::eq_cash_out_spot_neg1	-Z c-ffi -Z stubbing --c-lib c/pg_cash.c --solver kissat --exact	unmeasured	unmeasured	?	DARK-SWEEP 2026-07-30 registered unrun; no runqueue row (flags inferred from family siblings)|RECIPE-FIX 2026-07-30: measure sweep NO-VERDICT (stub attr rejected without -Z stubbing); flag added, re-sweep owed
cash	proofs::eq_cash_out_spot_zero	-Z c-ffi -Z stubbing --c-lib c/pg_cash.c --solver kissat --exact	unmeasured	unmeasured	?	DARK-SWEEP 2026-07-30 registered unrun; no runqueue row (flags inferred from family siblings)|RECIPE-FIX 2026-07-30: measure sweep NO-VERDICT (stub attr rejected without -Z stubbing); flag added, re-sweep owed
cash	proofs::eq_cash_recv	-Z c-ffi -Z stubbing --c-lib c/pg_cash.c --solver kissat --exact	unmeasured	unmeasured	?	DARK-SWEEP 2026-07-30 registered unrun; no runqueue row (flags inferred from family siblings)|RECIPE-FIX 2026-07-30: measure sweep NO-VERDICT (stub attr rejected without -Z stubbing); flag added, re-sweep owed
cash	proofs::eq_cash_recv_short	-Z c-ffi -Z stubbing --c-lib c/pg_cash.c --solver kissat --exact	unmeasured	unmeasured	?	DARK-SWEEP 2026-07-30 registered unrun; no runqueue row (flags inferred from family siblings)|RECIPE-FIX 2026-07-30: measure sweep NO-VERDICT (stub attr rejected without -Z stubbing); flag added, re-sweep owed
cash	proofs::eq_cash_send	-Z c-ffi -Z stubbing --c-lib c/pg_cash.c --solver kissat --exact	unmeasured	unmeasured	?	DARK-SWEEP 2026-07-30 registered unrun; no runqueue row (flags inferred from family siblings)|RECIPE-FIX 2026-07-30: measure sweep NO-VERDICT (stub attr rejected without -Z stubbing); flag added, re-sweep owed
cash	proofs::eq_cash_words_spot_groups	-Z c-ffi -Z stubbing --c-lib c/pg_cash.c --solver kissat --exact	unmeasured	unmeasured	?	DARK-SWEEP 2026-07-30 registered unrun; no runqueue row (flags inferred from family siblings)|RECIPE-FIX 2026-07-30: measure sweep NO-VERDICT (stub attr rejected without -Z stubbing); flag added, re-sweep owed
cash	proofs::eq_cash_words_spot_max	-Z c-ffi -Z stubbing --c-lib c/pg_cash.c --solver kissat --exact	unmeasured	unmeasured	?	DARK-SWEEP 2026-07-30 registered unrun; no runqueue row (flags inferred from family siblings)|RECIPE-FIX 2026-07-30: measure sweep NO-VERDICT (stub attr rejected without -Z stubbing); flag added, re-sweep owed
cash	proofs::eq_cash_words_spot_min	-Z c-ffi -Z stubbing --c-lib c/pg_cash.c --solver kissat --exact	unmeasured	unmeasured	?	DARK-SWEEP 2026-07-30 registered unrun; no runqueue row (flags inferred from family siblings)|RECIPE-FIX 2026-07-30: measure sweep NO-VERDICT (stub attr rejected without -Z stubbing); flag added, re-sweep owed
cash	proofs::eq_cash_words_spot_neg	-Z c-ffi -Z stubbing --c-lib c/pg_cash.c --solver kissat --exact	unmeasured	unmeasured	?	DARK-SWEEP 2026-07-30 registered unrun; no runqueue row (flags inferred from family siblings)|RECIPE-FIX 2026-07-30: measure sweep NO-VERDICT (stub attr rejected without -Z stubbing); flag added, re-sweep owed
cash	proofs::eq_cash_words_spot_one_cent	-Z c-ffi -Z stubbing --c-lib c/pg_cash.c --solver kissat --exact	unmeasured	unmeasured	?	DARK-SWEEP 2026-07-30 registered unrun; no runqueue row (flags inferred from family siblings)|RECIPE-FIX 2026-07-30: measure sweep NO-VERDICT (stub attr rejected without -Z stubbing); flag added, re-sweep owed
cash	proofs::eq_cash_words_spot_one_dollar	-Z c-ffi -Z stubbing --c-lib c/pg_cash.c --solver kissat --exact	unmeasured	unmeasured	?	DARK-SWEEP 2026-07-30 registered unrun; no runqueue row (flags inferred from family siblings)|RECIPE-FIX 2026-07-30: measure sweep NO-VERDICT (stub attr rejected without -Z stubbing); flag added, re-sweep owed
cash	proofs::eq_cash_words_spot_teens	-Z c-ffi -Z stubbing --c-lib c/pg_cash.c --solver kissat --exact	unmeasured	unmeasured	?	DARK-SWEEP 2026-07-30 registered unrun; no runqueue row (flags inferred from family siblings)|RECIPE-FIX 2026-07-30: measure sweep NO-VERDICT (stub attr rejected without -Z stubbing); flag added, re-sweep owed
cash	proofs::eq_cash_words_spot_zero	-Z c-ffi -Z stubbing --c-lib c/pg_cash.c --solver kissat --exact	unmeasured	unmeasured	?	DARK-SWEEP 2026-07-30 registered unrun; no runqueue row (flags inferred from family siblings)|RECIPE-FIX 2026-07-30: measure sweep NO-VERDICT (stub attr rejected without -Z stubbing); flag added, re-sweep owed
cash	proofs::eq_flt4_mul_cash_grid	-Z c-ffi -Z stubbing --c-lib c/pg_cash.c --solver kissat --exact	unmeasured	unmeasured	?	DARK-SWEEP 2026-07-30 registered unrun; no runqueue row (flags inferred from family siblings)|RECIPE-FIX 2026-07-30: measure sweep NO-VERDICT (stub attr rejected without -Z stubbing); flag added, re-sweep owed
cash	proofs::eq_flt8_mul_cash_grid	-Z c-ffi -Z stubbing --c-lib c/pg_cash.c --solver kissat --exact	unmeasured	unmeasured	?	DARK-SWEEP 2026-07-30 registered unrun; no runqueue row (flags inferred from family siblings)|RECIPE-FIX 2026-07-30: measure sweep NO-VERDICT (stub attr rejected without -Z stubbing); flag added, re-sweep owed
cash	proofs::eq_int2_mul_cash	-Z c-ffi -Z stubbing --c-lib c/pg_cash.c --solver kissat --exact	unmeasured	unmeasured	?	DARK-SWEEP 2026-07-30 registered unrun; no runqueue row (flags inferred from family siblings)|RECIPE-FIX 2026-07-30: measure sweep NO-VERDICT (stub attr rejected without -Z stubbing); flag added, re-sweep owed
cash	proofs::eq_int4_cash_fd0	-Z c-ffi -Z stubbing --c-lib c/pg_cash.c --solver kissat --exact	unmeasured	unmeasured	?	DARK-SWEEP 2026-07-30 registered unrun; no runqueue row (flags inferred from family siblings)|RECIPE-FIX 2026-07-30: measure sweep NO-VERDICT (stub attr rejected without -Z stubbing); flag added, re-sweep owed
cash	proofs::eq_int4_cash_fd1	-Z c-ffi -Z stubbing --c-lib c/pg_cash.c --solver kissat --exact	unmeasured	unmeasured	?	DARK-SWEEP 2026-07-30 registered unrun; no runqueue row (flags inferred from family siblings)|RECIPE-FIX 2026-07-30: measure sweep NO-VERDICT (stub attr rejected without -Z stubbing); flag added, re-sweep owed
cash	proofs::eq_int4_cash_fd10	-Z c-ffi -Z stubbing --c-lib c/pg_cash.c --solver kissat --exact	unmeasured	unmeasured	?	DARK-SWEEP 2026-07-30 registered unrun; no runqueue row (flags inferred from family siblings)|RECIPE-FIX 2026-07-30: measure sweep NO-VERDICT (stub attr rejected without -Z stubbing); flag added, re-sweep owed
cash	proofs::eq_int4_cash_fd2	-Z c-ffi -Z stubbing --c-lib c/pg_cash.c --solver kissat --exact	unmeasured	unmeasured	?	DARK-SWEEP 2026-07-30 registered unrun; no runqueue row (flags inferred from family siblings)|RECIPE-FIX 2026-07-30: measure sweep NO-VERDICT (stub attr rejected without -Z stubbing); flag added, re-sweep owed
cash	proofs::eq_int4_cash_fd3	-Z c-ffi -Z stubbing --c-lib c/pg_cash.c --solver kissat --exact	unmeasured	unmeasured	?	DARK-SWEEP 2026-07-30 registered unrun; no runqueue row (flags inferred from family siblings)|RECIPE-FIX 2026-07-30: measure sweep NO-VERDICT (stub attr rejected without -Z stubbing); flag added, re-sweep owed
cash	proofs::eq_int4_cash_fd4	-Z c-ffi -Z stubbing --c-lib c/pg_cash.c --solver kissat --exact	unmeasured	unmeasured	?	DARK-SWEEP 2026-07-30 registered unrun; no runqueue row (flags inferred from family siblings)|RECIPE-FIX 2026-07-30: measure sweep NO-VERDICT (stub attr rejected without -Z stubbing); flag added, re-sweep owed
cash	proofs::eq_int4_cash_fd5	-Z c-ffi -Z stubbing --c-lib c/pg_cash.c --solver kissat --exact	unmeasured	unmeasured	?	DARK-SWEEP 2026-07-30 registered unrun; no runqueue row (flags inferred from family siblings)|RECIPE-FIX 2026-07-30: measure sweep NO-VERDICT (stub attr rejected without -Z stubbing); flag added, re-sweep owed
cash	proofs::eq_int4_cash_fd6	-Z c-ffi -Z stubbing --c-lib c/pg_cash.c --solver kissat --exact	unmeasured	unmeasured	?	DARK-SWEEP 2026-07-30 registered unrun; no runqueue row (flags inferred from family siblings)|RECIPE-FIX 2026-07-30: measure sweep NO-VERDICT (stub attr rejected without -Z stubbing); flag added, re-sweep owed
cash	proofs::eq_int4_cash_fd7	-Z c-ffi -Z stubbing --c-lib c/pg_cash.c --solver kissat --exact	unmeasured	unmeasured	?	DARK-SWEEP 2026-07-30 registered unrun; no runqueue row (flags inferred from family siblings)|RECIPE-FIX 2026-07-30: measure sweep NO-VERDICT (stub attr rejected without -Z stubbing); flag added, re-sweep owed
cash	proofs::eq_int4_cash_fd8	-Z c-ffi -Z stubbing --c-lib c/pg_cash.c --solver kissat --exact	unmeasured	unmeasured	?	DARK-SWEEP 2026-07-30 registered unrun; no runqueue row (flags inferred from family siblings)|RECIPE-FIX 2026-07-30: measure sweep NO-VERDICT (stub attr rejected without -Z stubbing); flag added, re-sweep owed
cash	proofs::eq_int4_cash_fd9	-Z c-ffi -Z stubbing --c-lib c/pg_cash.c --solver kissat --exact	unmeasured	unmeasured	?	DARK-SWEEP 2026-07-30 registered unrun; no runqueue row (flags inferred from family siblings)|RECIPE-FIX 2026-07-30: measure sweep NO-VERDICT (stub attr rejected without -Z stubbing); flag added, re-sweep owed
cash	proofs::eq_int4_cash_fdbig	-Z c-ffi -Z stubbing --c-lib c/pg_cash.c --solver kissat --exact	unmeasured	unmeasured	?	DARK-SWEEP 2026-07-30 registered unrun; no runqueue row (flags inferred from family siblings)|RECIPE-FIX 2026-07-30: measure sweep NO-VERDICT (stub attr rejected without -Z stubbing); flag added, re-sweep owed
cash	proofs::eq_int4_cash_fdneg	-Z c-ffi -Z stubbing --c-lib c/pg_cash.c --solver kissat --exact	unmeasured	unmeasured	?	DARK-SWEEP 2026-07-30 registered unrun; no runqueue row (flags inferred from family siblings)|RECIPE-FIX 2026-07-30: measure sweep NO-VERDICT (stub attr rejected without -Z stubbing); flag added, re-sweep owed
cash	proofs::eq_int4_mul_cash	-Z c-ffi -Z stubbing --c-lib c/pg_cash.c --solver kissat --exact	unmeasured	unmeasured	?	DARK-SWEEP 2026-07-30 registered unrun; no runqueue row (flags inferred from family siblings)|RECIPE-FIX 2026-07-30: measure sweep NO-VERDICT (stub attr rejected without -Z stubbing); flag added, re-sweep owed
cash	proofs::eq_int8_cash_fd0	-Z c-ffi -Z stubbing --c-lib c/pg_cash.c --solver kissat --exact	unmeasured	unmeasured	?	DARK-SWEEP 2026-07-30 registered unrun; no runqueue row (flags inferred from family siblings)|RECIPE-FIX 2026-07-30: measure sweep NO-VERDICT (stub attr rejected without -Z stubbing); flag added, re-sweep owed
cash	proofs::eq_int8_cash_fd1	-Z c-ffi -Z stubbing --c-lib c/pg_cash.c --solver kissat --exact	unmeasured	unmeasured	?	DARK-SWEEP 2026-07-30 registered unrun; no runqueue row (flags inferred from family siblings)|RECIPE-FIX 2026-07-30: measure sweep NO-VERDICT (stub attr rejected without -Z stubbing); flag added, re-sweep owed
cash	proofs::eq_int8_cash_fd10	-Z c-ffi -Z stubbing --c-lib c/pg_cash.c --solver kissat --exact	unmeasured	unmeasured	?	DARK-SWEEP 2026-07-30 registered unrun; no runqueue row (flags inferred from family siblings)|RECIPE-FIX 2026-07-30: measure sweep NO-VERDICT (stub attr rejected without -Z stubbing); flag added, re-sweep owed
cash	proofs::eq_int8_cash_fd2	-Z c-ffi -Z stubbing --c-lib c/pg_cash.c --solver kissat --exact	unmeasured	unmeasured	?	DARK-SWEEP 2026-07-30 registered unrun; no runqueue row (flags inferred from family siblings)|RECIPE-FIX 2026-07-30: measure sweep NO-VERDICT (stub attr rejected without -Z stubbing); flag added, re-sweep owed
cash	proofs::eq_int8_cash_fd3	-Z c-ffi -Z stubbing --c-lib c/pg_cash.c --solver kissat --exact	unmeasured	unmeasured	?	DARK-SWEEP 2026-07-30 registered unrun; no runqueue row (flags inferred from family siblings)|RECIPE-FIX 2026-07-30: measure sweep NO-VERDICT (stub attr rejected without -Z stubbing); flag added, re-sweep owed
cash	proofs::eq_int8_cash_fd4	-Z c-ffi -Z stubbing --c-lib c/pg_cash.c --solver kissat --exact	unmeasured	unmeasured	?	DARK-SWEEP 2026-07-30 registered unrun; no runqueue row (flags inferred from family siblings)|RECIPE-FIX 2026-07-30: measure sweep NO-VERDICT (stub attr rejected without -Z stubbing); flag added, re-sweep owed
cash	proofs::eq_int8_cash_fd5	-Z c-ffi -Z stubbing --c-lib c/pg_cash.c --solver kissat --exact	unmeasured	unmeasured	?	DARK-SWEEP 2026-07-30 registered unrun; no runqueue row (flags inferred from family siblings)|RECIPE-FIX 2026-07-30: measure sweep NO-VERDICT (stub attr rejected without -Z stubbing); flag added, re-sweep owed
cash	proofs::eq_int8_cash_fd6	-Z c-ffi -Z stubbing --c-lib c/pg_cash.c --solver kissat --exact	unmeasured	unmeasured	?	DARK-SWEEP 2026-07-30 registered unrun; no runqueue row (flags inferred from family siblings)|RECIPE-FIX 2026-07-30: measure sweep NO-VERDICT (stub attr rejected without -Z stubbing); flag added, re-sweep owed
cash	proofs::eq_int8_cash_fd7	-Z c-ffi -Z stubbing --c-lib c/pg_cash.c --solver kissat --exact	unmeasured	unmeasured	?	DARK-SWEEP 2026-07-30 registered unrun; no runqueue row (flags inferred from family siblings)|RECIPE-FIX 2026-07-30: measure sweep NO-VERDICT (stub attr rejected without -Z stubbing); flag added, re-sweep owed
cash	proofs::eq_int8_cash_fd8	-Z c-ffi -Z stubbing --c-lib c/pg_cash.c --solver kissat --exact	unmeasured	unmeasured	?	DARK-SWEEP 2026-07-30 registered unrun; no runqueue row (flags inferred from family siblings)|RECIPE-FIX 2026-07-30: measure sweep NO-VERDICT (stub attr rejected without -Z stubbing); flag added, re-sweep owed
cash	proofs::eq_int8_cash_fd9	-Z c-ffi -Z stubbing --c-lib c/pg_cash.c --solver kissat --exact	unmeasured	unmeasured	?	DARK-SWEEP 2026-07-30 registered unrun; no runqueue row (flags inferred from family siblings)|RECIPE-FIX 2026-07-30: measure sweep NO-VERDICT (stub attr rejected without -Z stubbing); flag added, re-sweep owed
cash	proofs::eq_int8_cash_fdbig	-Z c-ffi -Z stubbing --c-lib c/pg_cash.c --solver kissat --exact	unmeasured	unmeasured	?	DARK-SWEEP 2026-07-30 registered unrun; no runqueue row (flags inferred from family siblings)|RECIPE-FIX 2026-07-30: measure sweep NO-VERDICT (stub attr rejected without -Z stubbing); flag added, re-sweep owed
cash	proofs::eq_int8_cash_fdneg	-Z c-ffi -Z stubbing --c-lib c/pg_cash.c --solver kissat --exact	unmeasured	unmeasured	?	DARK-SWEEP 2026-07-30 registered unrun; no runqueue row (flags inferred from family siblings)|RECIPE-FIX 2026-07-30: measure sweep NO-VERDICT (stub attr rejected without -Z stubbing); flag added, re-sweep owed
cash	proofs::eq_int8_mul_cash	-Z c-ffi -Z stubbing --c-lib c/pg_cash.c --solver kissat --exact	unmeasured	unmeasured	?	DARK-SWEEP 2026-07-30 registered unrun; no runqueue row (flags inferred from family siblings)|RECIPE-FIX 2026-07-30: measure sweep NO-VERDICT (stub attr rejected without -Z stubbing); flag added, re-sweep owed
cash	proofs::int_cash_fd_cells_cover	-Z c-ffi --c-lib c/pg_cash.c --solver kissat --exact	unmeasured	unmeasured	?	DARK-SWEEP 2026-07-30 registered unrun; no runqueue row (flags inferred from family siblings)
cash	proofs::rust_panics_cash_div_min_by_neg1	-Z c-ffi --c-lib c/pg_cash.c --solver kissat --exact	unmeasured	unmeasured	?	DARK-SWEEP 2026-07-30 registered unrun; no runqueue row (flags inferred from family siblings)|TRIAGE 2026-07-30: should_panic harness; CI cluster+local FAILED = kani caller_location unsupported-construct (kani#374) counted as non-panic failure, NOT a verdict; do NOT relabel must-fail (design intent is SUCCESSFUL); harness repair or kani fix owed
datetime-b	proofs::control_interval_avg_serialize_swap	-Z c-ffi -Z stubbing --c-lib c/pg_datetime_b.c -Z concrete-playback --concrete-playback=print --exact	must-fail	unmeasured	70	DARK-SWEEP 2026-07-30 registered unrun; runqueue triage: must-fail; expect: VERIFICATION FAILED (day/month swap skew; DEFAULT solver)|MEASURE-SWEEP 2026-07-30: VERIFICATION FAILED as designed (negative control); relabeled must-fail; gating-tier adjudication pending (Michael)
datetime-b	proofs::control_make_date_day_skew	-Z c-ffi -Z stubbing --c-lib c/pg_datetime_b.c -Z concrete-playback --concrete-playback=print --exact	must-fail	unmeasured	50	DARK-SWEEP 2026-07-30 registered unrun; runqueue triage: must-fail; expect: VERIFICATION FAILED w/ decodable counterexample (DEFAULT solver)|MEASURE-SWEEP 2026-07-30: VERIFICATION FAILED as designed (negative control); relabeled must-fail; gating-tier adjudication pending (Michael)
datetime-b	proofs::control_time_scale_typmod_skew	-Z c-ffi -Z stubbing --c-lib c/pg_datetime_b.c -Z concrete-playback --concrete-playback=print --exact	must-fail	unmeasured	40	DARK-SWEEP 2026-07-30 registered unrun; runqueue triage: must-fail; expect: VERIFICATION FAILED w/ decodable counterexample (DEFAULT solver)|MEASURE-SWEEP 2026-07-30: VERIFICATION FAILED as designed (negative control); relabeled must-fail; gating-tier adjudication pending (Michael)
datetime-b	proofs::cover_make_date_year_bands	-Z c-ffi -Z stubbing --c-lib c/pg_datetime_b.c --solver kissat --exact	unmeasured	unmeasured	?	DARK-SWEEP 2026-07-30 registered unrun; runqueue triage: green; expect: PROVED (MANDATORY band union coverage: outside bands both sides reject pre-divider)
datetime-b	proofs::eq_interval_avg_accum_inv_core	-Z c-ffi -Z stubbing --c-lib c/pg_datetime_b.c --exact	unmeasured	unmeasured	?	DARK-SWEEP 2026-07-30 registered unrun; runqueue triage: green; expect: PROVED (discard + N==0 reset arm)
datetime-b	proofs::eq_interval_avg_combine_core	-Z c-ffi -Z stubbing --c-lib c/pg_datetime_b.c --exact	unmeasured	unmeasured	?	DARK-SWEEP 2026-07-30 registered unrun; runqueue triage: green; expect: PROVED (dual symbolic states, non-null path)
datetime-b	proofs::eq_interval_avg_deserialize_fc	-Z c-ffi -Z stubbing --c-lib c/pg_datetime_b.c --exact	unmeasured	unmeasured	?	DARK-SWEEP 2026-07-30 registered unrun; runqueue triage: green; expect: PROVED (symbolic 40B payload; agg_context stubbed; state-field parity)
datetime-b	proofs::eq_interval_avg_serialize_fc	-Z c-ffi -Z stubbing --c-lib c/pg_datetime_b.c --solver kissat --exact	unmeasured	unmeasured	?	DARK-SWEEP 2026-07-30 registered unrun; runqueue triage: green; expect: PROVED (literal offsets; header + 40B payload; mcx-stub model incl grow/dealloc)
datetime-b	proofs::eq_interval_sum_fc	-Z c-ffi -Z stubbing --c-lib c/pg_datetime_b.c --exact	unmeasured	unmeasured	?	DARK-SWEEP 2026-07-30 registered unrun; runqueue triage: green; expect: PROVED (pure lattice, null verdict + 16B image + 22008 parity)
datetime-b	proofs::eq_make_date_ad_band	-Z c-ffi -Z stubbing --c-lib c/pg_datetime_b.c --exact	unmeasured	unmeasured	?	DARK-SWEEP 2026-07-30 registered unrun; runqueue triage: green; expect: PROVED (23-bit literal-masked AD years x full m/d; /100 & /4 on narrowed dividend; DEFAULT first, mixed-arm)
datetime-b	proofs::eq_make_date_bc_band	-Z c-ffi -Z stubbing --c-lib c/pg_datetime_b.c --exact	unmeasured	unmeasured	?	DARK-SWEEP 2026-07-30 registered unrun; runqueue triage: green; expect: PROVED (BC fold + year-zero arm)
datetime-b	proofs::eq_make_date_full	-Z c-ffi -Z stubbing --c-lib c/pg_datetime_b.c --exact	unmeasured	unmeasured	?	DARK-SWEEP 2026-07-30 registered unrun; runqueue triage: ladder; expect: honest screen of the loop-free date2j face — PROVED or wall(band-immune); on wall record proved(bands+spots) + tested(differential), do NOT ladder further
datetime-b	proofs::eq_make_time_secgrid	-Z c-ffi -Z stubbing --c-lib c/pg_datetime_b.c --exact	unmeasured	unmeasured	?	DARK-SWEEP 2026-07-30 registered unrun; runqueue triage: green; expect: PROVED (full h/min x 16 literal secs incl NaN/Inf/60.0 edges; rint==round_ties_even precedent)
datetime-b	proofs::eq_make_timestamp_ad_band	-Z c-ffi -Z stubbing --c-lib c/pg_datetime_b.c --exact	unmeasured	unmeasured	?	DARK-SWEEP 2026-07-30 registered unrun; runqueue triage: ladder; expect: PROVED (date2j band + checked i64 ops + IS_VALID_TIMESTAMP; DEFAULT first)
datetime-b	proofs::eq_make_timestamp_bc_band	-Z c-ffi -Z stubbing --c-lib c/pg_datetime_b.c --exact	unmeasured	unmeasured	?	DARK-SWEEP 2026-07-30 registered unrun; runqueue triage: ladder; expect: PROVED (sibling)
datetime-b	proofs::eq_time_scale_p6	-Z c-ffi -Z stubbing --c-lib c/pg_datetime_b.c --solver kissat --exact	unmeasured	unmeasured	?	DARK-SWEEP 2026-07-30 registered unrun; runqueue triage: ladder; expect: PROVED if /1 folds; else wall(band-immune) -> spots+differential stand; fence time != i64::MIN documented in-code
datetime-b	proofs::eq_time_scale_typmod_neg	-Z c-ffi -Z stubbing --c-lib c/pg_datetime_b.c --solver kissat --exact	unmeasured	unmeasured	?	DARK-SWEEP 2026-07-30 registered unrun; runqueue triage: green; expect: PROVED (identity plane, full-i64 time)
datetime-b	proofs::eq_time_scale_typmod_over	-Z c-ffi -Z stubbing --c-lib c/pg_datetime_b.c --solver kissat --exact	unmeasured	unmeasured	?	DARK-SWEEP 2026-07-30 registered unrun; runqueue triage: green; expect: PROVED (typmod 7 literal, no-op plane)
datetime-b	proofs::eq_timetz_part_tz	-Z c-ffi -Z stubbing --c-lib c/pg_datetime_b.c --exact	unmeasured	unmeasured	?	DARK-SWEEP 2026-07-30 registered unrun; runqueue triage: green; expect: PROVED (zone full-symbolic, no divider in DTK_TZ arm; Rust literal-token decode in-theorem)  # REPAIRED 2026-07-29: TLS stub pair (env_var_zero+once_lock) for Linux pthread_key_create status-6; zone contract fence|zone|<57600; DEFAULT solver (kissat false-fails here); locally PROVED 4.8s
datetime-b	proofs::eq_timetz_part_tz_hour	-Z c-ffi -Z stubbing --c-lib c/pg_datetime_b.c --solver kissat --exact	unmeasured	unmeasured	?	DARK-SWEEP 2026-07-30 registered unrun; runqueue triage: ladder; expect: PROVED if i32/3600 is cheap; else wall(band-immune, loop-free) -> native differential stands
datetime-b	proofs::eq_timetz_part_tz_minute	-Z c-ffi -Z stubbing --c-lib c/pg_datetime_b.c --solver kissat --exact	unmeasured	unmeasured	?	DARK-SWEEP 2026-07-30 registered unrun; runqueue triage: ladder; expect: PROVED or wall as tz_hour (/60 then %60)
datetime-b	proofs::eq_timetz_scale_typmod_neg	-Z c-ffi -Z stubbing --c-lib c/pg_datetime_b.c --solver kissat --exact	unmeasured	unmeasured	?	DARK-SWEEP 2026-07-30 registered unrun; runqueue triage: green; expect: PROVED (identity plane + 12B by-ref image, mcx-stub model)
datetime-b	proofs::spot_make_date	-Z c-ffi -Z stubbing --c-lib c/pg_datetime_b.c --exact	unmeasured	unmeasured	?	DARK-SWEEP 2026-07-30 registered unrun; runqueue triage: green; expect: PROVED (18 boundary cells incl leap grid, julian edges, i32 extremes)
datetime-b	proofs::spot_make_timestamp	-Z c-ffi -Z stubbing --c-lib c/pg_datetime_b.c --exact	unmeasured	unmeasured	?	DARK-SWEEP 2026-07-30 registered unrun; runqueue triage: green; expect: PROVED (END_TIMESTAMP edges, 24:00 fold, BC julian min)
datetime-b	proofs::spot_time_scale	-Z c-ffi -Z stubbing --c-lib c/pg_datetime_b.c --solver kissat --exact	unmeasured	unmeasured	?	DARK-SWEEP 2026-07-30 registered unrun; runqueue triage: green; expect: PROVED (24 concrete cells, one symbolic index)
datetime-b	proofs::spot_timetz_part_tz_time_nonzero	-Z c-ffi -Z stubbing --c-lib c/pg_datetime_b.c --solver kissat --exact	unmeasured	unmeasured	?	DARK-SWEEP 2026-07-30 registered unrun; runqueue triage: green; expect: PROVED (concrete time folds timetz2tm; zone symbolic)  # REPAIRED 2026-07-29: TLS stub pair + zone fence; locally PROVED 4.7s (kissat)
datetime-b	proofs::spot_timetz_scale	-Z c-ffi -Z stubbing --c-lib c/pg_datetime_b.c --solver kissat --exact	unmeasured	unmeasured	?	DARK-SWEEP 2026-07-30 registered unrun; runqueue triage: green; expect: PROVED (concrete time cells, FULL-symbolic zone passthrough)
datetime-b	proofs::witness_interval_avg_deserialize_trailing	-Z c-ffi -Z stubbing --c-lib c/pg_datetime_b.c -Z concrete-playback --concrete-playback=print --exact	must-fail	unmeasured	30	DARK-SWEEP 2026-07-30 registered unrun; runqueue triage: must-fail(witness); expect: VERIFICATION FAILED = SCREENED DIVERGENCE (see header rule: ground-truth on docker postgres:18 BEFORE recording; a PASS is a vacuity finding)|MEASURE-SWEEP 2026-07-30: VERIFICATION FAILED as designed (negative control); relabeled must-fail; gating-tier adjudication pending (Michael)
datetime-b	rem::control_date_send_skew	-Z c-ffi -Z stubbing --c-lib c/pg_datetime_b.c --exact	must-fail	unmeasured	100	DARK-SWEEP 2026-07-30 registered unrun; no runqueue row (flags inferred from family siblings)|MEASURE-SWEEP 2026-07-30: VERIFICATION FAILED as designed (negative control); relabeled must-fail; gating-tier adjudication pending (Michael)
datetime-b	rem::control_overlaps_time_swap_skew	-Z c-ffi -Z stubbing --c-lib c/pg_datetime_b.c --exact	must-fail	unmeasured	10	DARK-SWEEP 2026-07-30 registered unrun; no runqueue row (flags inferred from family siblings)|MEASURE-SWEEP 2026-07-30: VERIFICATION FAILED as designed (negative control); relabeled must-fail; gating-tier adjudication pending (Michael)
datetime-b	rem::eq_date_finite	-Z c-ffi -Z stubbing --c-lib c/pg_datetime_b.c --solver kissat --exact	unmeasured	unmeasured	?	DARK-SWEEP 2026-07-30 registered unrun; runqueue triage: green 0.21s
datetime-b	rem::eq_date_mi	-Z c-ffi -Z stubbing --c-lib c/pg_datetime_b.c --exact	unmeasured	unmeasured	?	DARK-SWEEP 2026-07-30 registered unrun; runqueue triage: green 0.86s
datetime-b	rem::eq_date_recv	-Z c-ffi -Z stubbing --c-lib c/pg_datetime_b.c --exact	unmeasured	unmeasured	?	DARK-SWEEP 2026-07-30 registered unrun; runqueue triage: green 77.8s
datetime-b	rem::eq_date_send	-Z c-ffi -Z stubbing --c-lib c/pg_datetime_b.c --solver kissat --exact	unmeasured	unmeasured	?	DARK-SWEEP 2026-07-30 registered unrun; runqueue triage: green 63.7s
datetime-b	rem::eq_date_timestamp	-Z c-ffi -Z stubbing --c-lib c/pg_datetime_b.c --solver kissat --exact	unmeasured	unmeasured	?	DARK-SWEEP 2026-07-30 registered unrun; runqueue triage: green 3.8s
datetime-b	rem::eq_datetime_timestamp	-Z c-ffi -Z stubbing --c-lib c/pg_datetime_b.c --solver kissat --exact	unmeasured	unmeasured	?	DARK-SWEEP 2026-07-30 registered unrun; runqueue triage: green 7.2s
datetime-b	rem::eq_datetimetz_timestamptz	-Z c-ffi -Z stubbing --c-lib c/pg_datetime_b.c --solver kissat --exact	unmeasured	unmeasured	?	DARK-SWEEP 2026-07-30 registered unrun; runqueue triage: green 4.1s
datetime-b	rem::eq_hashdate	-Z c-ffi -Z stubbing --c-lib c/pg_datetime_b.c --solver kissat --exact	unmeasured	unmeasured	?	DARK-SWEEP 2026-07-30 registered unrun; runqueue triage: green 0.75s
datetime-b	rem::eq_hashdate_extended	-Z c-ffi -Z stubbing --c-lib c/pg_datetime_b.c --solver kissat --exact	unmeasured	unmeasured	?	DARK-SWEEP 2026-07-30 registered unrun; runqueue triage: green 4.2s
datetime-b	rem::eq_in_range_date_interval_m0d0	-Z c-ffi -Z stubbing --c-lib c/pg_datetime_b.c --solver kissat --exact	unmeasured	unmeasured	?	DARK-SWEEP 2026-07-30 registered unrun; runqueue triage: green 14.3s
datetime-b	rem::eq_in_range_date_interval_noend	-Z c-ffi -Z stubbing --c-lib c/pg_datetime_b.c --exact	unmeasured	unmeasured	?	DARK-SWEEP 2026-07-30 registered unrun; runqueue triage: green 2.8s
datetime-b	rem::eq_in_range_time_interval	-Z c-ffi -Z stubbing --c-lib c/pg_datetime_b.c --exact	unmeasured	unmeasured	?	DARK-SWEEP 2026-07-30 registered unrun; runqueue triage: green 1.9s
datetime-b	rem::eq_in_range_timetz_interval	-Z c-ffi -Z stubbing --c-lib c/pg_datetime_b.c --exact	unmeasured	unmeasured	?	DARK-SWEEP 2026-07-30 registered unrun; runqueue triage: green 31.4s
datetime-b	rem::eq_interval_finite	-Z c-ffi -Z stubbing --c-lib c/pg_datetime_b.c --solver kissat --exact	unmeasured	unmeasured	?	DARK-SWEEP 2026-07-30 registered unrun; runqueue triage: green 0.40s
datetime-b	rem::eq_interval_hash_band	-Z c-ffi -Z stubbing --c-lib c/pg_datetime_b.c --solver kissat --exact	unmeasured	unmeasured	?	DARK-SWEEP 2026-07-30 registered unrun; runqueue triage: green 20.9s
datetime-b	rem::eq_interval_hash_ext_m0d0	-Z c-ffi -Z stubbing --c-lib c/pg_datetime_b.c --solver kissat --exact	unmeasured	unmeasured	?	DARK-SWEEP 2026-07-30 registered unrun; runqueue triage: green 4.8s
datetime-b	rem::eq_interval_hash_m0d0	-Z c-ffi -Z stubbing --c-lib c/pg_datetime_b.c --solver kissat --exact	unmeasured	unmeasured	?	DARK-SWEEP 2026-07-30 registered unrun; runqueue triage: green 1.1s
datetime-b	rem::eq_interval_recv_typmod_neg	-Z c-ffi -Z stubbing --c-lib c/pg_datetime_b.c --exact	unmeasured	unmeasured	?	DARK-SWEEP 2026-07-30 registered unrun; no runqueue row (flags inferred from family siblings)
datetime-b	rem::eq_interval_scale_typmod_neg	-Z c-ffi -Z stubbing --c-lib c/pg_datetime_b.c --solver kissat --exact	unmeasured	unmeasured	?	DARK-SWEEP 2026-07-30 registered unrun; runqueue triage: green 4.6s
datetime-b	rem::eq_interval_send	-Z c-ffi -Z stubbing --c-lib c/pg_datetime_b.c --exact	unmeasured	unmeasured	?	DARK-SWEEP 2026-07-30 registered unrun; no runqueue row (flags inferred from family siblings)
datetime-b	rem::eq_interval_time_err_plane	-Z c-ffi -Z stubbing --c-lib c/pg_datetime_b.c --solver kissat --exact	unmeasured	unmeasured	?	DARK-SWEEP 2026-07-30 registered unrun; runqueue triage: green 0.74s
datetime-b	rem::eq_interval_time_screen	-Z c-ffi -Z stubbing --c-lib c/pg_datetime_b.c --exact	unmeasured	unmeasured	?	DARK-SWEEP 2026-07-30 registered unrun; no runqueue row (flags inferred from family siblings)
datetime-b	rem::eq_overlaps_time	-Z c-ffi -Z stubbing --c-lib c/pg_datetime_b.c --exact	unmeasured	unmeasured	?	DARK-SWEEP 2026-07-30 registered unrun; runqueue triage: green 1.1s
datetime-b	rem::eq_overlaps_timetz	-Z c-ffi -Z stubbing --c-lib c/pg_datetime_b.c --solver kissat --exact	unmeasured	unmeasured	?	DARK-SWEEP 2026-07-30 registered unrun; runqueue triage: green 235.9s
datetime-b	rem::eq_time_hash	-Z c-ffi -Z stubbing --c-lib c/pg_datetime_b.c --solver kissat --exact	unmeasured	unmeasured	?	DARK-SWEEP 2026-07-30 registered unrun; runqueue triage: green 9.2s
datetime-b	rem::eq_time_hash_extended	-Z c-ffi -Z stubbing --c-lib c/pg_datetime_b.c --solver kissat --exact	unmeasured	unmeasured	?	DARK-SWEEP 2026-07-30 registered unrun; runqueue triage: green 3.9s
datetime-b	rem::eq_time_interval	-Z c-ffi -Z stubbing --c-lib c/pg_datetime_b.c --solver kissat --exact	unmeasured	unmeasured	?	DARK-SWEEP 2026-07-30 registered unrun; runqueue triage: green 1.1s
datetime-b	rem::eq_time_mi_time	-Z c-ffi -Z stubbing --c-lib c/pg_datetime_b.c --solver kissat --exact	unmeasured	unmeasured	?	DARK-SWEEP 2026-07-30 registered unrun; runqueue triage: green 1.3s
datetime-b	rem::eq_time_recv_typmod_neg	-Z c-ffi -Z stubbing --c-lib c/pg_datetime_b.c --exact	unmeasured	unmeasured	?	DARK-SWEEP 2026-07-30 registered unrun; runqueue triage: green 77.5s
datetime-b	rem::eq_time_send	-Z c-ffi -Z stubbing --c-lib c/pg_datetime_b.c --solver kissat --exact	unmeasured	unmeasured	?	DARK-SWEEP 2026-07-30 registered unrun; runqueue triage: green 104.4s
datetime-b	rem::eq_timetypmodin_check	-Z c-ffi -Z stubbing --c-lib c/pg_datetime_b.c --exact	unmeasured	unmeasured	?	DARK-SWEEP 2026-07-30 registered unrun; runqueue triage: green 1.3s
datetime-b	rem::eq_timetypmodout_d1	-Z c-ffi -Z stubbing --c-lib c/pg_datetime_b.c --solver kissat --exact	unmeasured	unmeasured	?	DARK-SWEEP 2026-07-30 registered unrun; runqueue triage: green 15.5s
datetime-b	rem::eq_timetypmodout_d2	-Z c-ffi -Z stubbing --c-lib c/pg_datetime_b.c --solver kissat --exact	unmeasured	unmeasured	?	DARK-SWEEP 2026-07-30 registered unrun; runqueue triage: green 14.6s
datetime-b	rem::eq_timetypmodout_d3	-Z c-ffi -Z stubbing --c-lib c/pg_datetime_b.c --solver kissat --exact	unmeasured	unmeasured	?	DARK-SWEEP 2026-07-30 registered unrun; runqueue triage: green 13.5s
datetime-b	rem::eq_timetypmodout_neg	-Z c-ffi -Z stubbing --c-lib c/pg_datetime_b.c --solver kissat --exact	unmeasured	unmeasured	?	DARK-SWEEP 2026-07-30 registered unrun; runqueue triage: green 2.2s
datetime-b	rem::eq_timetz_hash	-Z c-ffi -Z stubbing --c-lib c/pg_datetime_b.c --solver kissat --exact	unmeasured	unmeasured	?	DARK-SWEEP 2026-07-30 registered unrun; runqueue triage: green 1.9s
datetime-b	rem::eq_timetz_hash_extended	-Z c-ffi -Z stubbing --c-lib c/pg_datetime_b.c --solver kissat --exact	unmeasured	unmeasured	?	DARK-SWEEP 2026-07-30 registered unrun; runqueue triage: green 31.2s
datetime-b	rem::eq_timetz_izone_cells	-Z c-ffi -Z stubbing --c-lib c/pg_datetime_b.c --solver kissat --exact	unmeasured	unmeasured	?	DARK-SWEEP 2026-07-30 registered unrun; runqueue triage: green 6.3s
datetime-b	rem::eq_timetz_izone_err_planes	-Z c-ffi -Z stubbing --c-lib c/pg_datetime_b.c --solver kissat --exact	unmeasured	unmeasured	?	DARK-SWEEP 2026-07-30 registered unrun; runqueue triage: green 3.0s
datetime-b	rem::eq_timetz_recv_typmod_neg	-Z c-ffi -Z stubbing --c-lib c/pg_datetime_b.c --exact	unmeasured	unmeasured	?	DARK-SWEEP 2026-07-30 registered unrun; runqueue triage: green 126.8s
datetime-b	rem::eq_timetz_send	-Z c-ffi -Z stubbing --c-lib c/pg_datetime_b.c --solver kissat --exact	unmeasured	unmeasured	?	DARK-SWEEP 2026-07-30 registered unrun; runqueue triage: green 163.2s
datetime-b	rem::eq_timetz_time	-Z c-ffi -Z stubbing --c-lib c/pg_datetime_b.c --solver kissat --exact	unmeasured	unmeasured	?	DARK-SWEEP 2026-07-30 registered unrun; runqueue triage: green 0.35s
datetime-b	rem::eq_timetztypmodin_check	-Z c-ffi -Z stubbing --c-lib c/pg_datetime_b.c --exact	unmeasured	unmeasured	?	DARK-SWEEP 2026-07-30 registered unrun; runqueue triage: green 1.4s
datetime-b	rem::eq_timetztypmodout_d1	-Z c-ffi -Z stubbing --c-lib c/pg_datetime_b.c --solver kissat --exact	unmeasured	unmeasured	?	DARK-SWEEP 2026-07-30 registered unrun; runqueue triage: green 11.1s
datetime-b	rem::eq_timetztypmodout_neg	-Z c-ffi -Z stubbing --c-lib c/pg_datetime_b.c --solver kissat --exact	unmeasured	unmeasured	?	DARK-SWEEP 2026-07-30 registered unrun; runqueue triage: green 2.1s
datetime-b	rem::spot_interval_scale	-Z c-ffi -Z stubbing --c-lib c/pg_datetime_b.c --exact	unmeasured	unmeasured	?	DARK-SWEEP 2026-07-30 registered unrun; runqueue triage: green 6.5s
datetime-b	rem::spot_interval_time	-Z c-ffi -Z stubbing --c-lib c/pg_datetime_b.c --exact	unmeasured	unmeasured	?	DARK-SWEEP 2026-07-30 registered unrun; runqueue triage: green 0.67s
datetime-b	rem::spot_typmodout	-Z c-ffi -Z stubbing --c-lib c/pg_datetime_b.c --solver kissat --exact	unmeasured	unmeasured	?	DARK-SWEEP 2026-07-30 registered unrun; runqueue triage: green 11.6s
datetime-cmp	arith_proofs::eq_interval_justify_hours	-Z c-ffi -Z stubbing --c-lib c/pg_datetime_cmp.c --solver kissat --exact	unmeasured	unmeasured	?	DARK-SWEEP 2026-07-30 registered unrun; no runqueue row (flags inferred from family siblings)
datetime-cmp	arith_proofs::eq_interval_justify_interval	-Z c-ffi -Z stubbing --c-lib c/pg_datetime_cmp.c --solver kissat --exact	unmeasured	unmeasured	?	DARK-SWEEP 2026-07-30 registered unrun; no runqueue row (flags inferred from family siblings)
datetime-cmp	arith_proofs::eq_time_mi_interval	-Z c-ffi -Z stubbing --c-lib c/pg_datetime_cmp.c --solver kissat --exact	unmeasured	unmeasured	?	DARK-SWEEP 2026-07-30 registered unrun; no runqueue row (flags inferred from family siblings)
datetime-cmp	arith_proofs::eq_time_pl_interval	-Z c-ffi -Z stubbing --c-lib c/pg_datetime_cmp.c --solver kissat --exact	unmeasured	unmeasured	?	DARK-SWEEP 2026-07-30 registered unrun; no runqueue row (flags inferred from family siblings)
datetime-cmp	arith_proofs::eq_timestamp_mi	-Z c-ffi -Z stubbing --c-lib c/pg_datetime_cmp.c --solver kissat --exact	unmeasured	unmeasured	?	DARK-SWEEP 2026-07-30 registered unrun; no runqueue row (flags inferred from family siblings)
datetime-cmp	arith_proofs::eq_timetz_mi_interval	-Z c-ffi -Z stubbing --c-lib c/pg_datetime_cmp.c --solver kissat --exact	unmeasured	unmeasured	?	DARK-SWEEP 2026-07-30 registered unrun; no runqueue row (flags inferred from family siblings)
datetime-cmp	arith_proofs::eq_timetz_pl_interval	-Z c-ffi -Z stubbing --c-lib c/pg_datetime_cmp.c --solver kissat --exact	unmeasured	unmeasured	?	DARK-SWEEP 2026-07-30 registered unrun; no runqueue row (flags inferred from family siblings)
float-agg	proofs::control_var_samp_vs_c_var_pop	-Z c-ffi -Z stubbing --c-lib c/pg_float_agg.c --no-overflow-checks --exact	must-fail	unmeasured	10	DARK-SWEEP 2026-07-30 registered unrun; runqueue triage: must-fail; expect VERIFICATION FAILED (e.g. n=0.5: var_pop value vs var_samp NULL)|MEASURE-SWEEP 2026-07-30: VERIFICATION FAILED as designed (negative control); relabeled must-fail; gating-tier adjudication pending (Michael)
float-agg	proofs::eq_check_float8_array_t3	-Z c-ffi -Z stubbing --c-lib c/pg_float_agg.c --no-overflow-checks --solver kissat --exact	unmeasured	unmeasured	?	DARK-SWEEP 2026-07-30 registered unrun; runqueue triage: green; expect PROVED(symbolic header words, exact-size image)
float-agg	proofs::eq_check_float8_array_t6	-Z c-ffi -Z stubbing --c-lib c/pg_float_agg.c --no-overflow-checks --solver kissat --exact	unmeasured	unmeasured	?	DARK-SWEEP 2026-07-30 registered unrun; runqueue triage: green; expect PROVED — sibling
float-agg	proofs::eq_finals_nullity_t3	-Z c-ffi -Z stubbing --c-lib c/pg_float_agg.c --no-overflow-checks --exact	unmeasured	unmeasured	?	DARK-SWEEP 2026-07-30 registered unrun; runqueue triage: green; expect PROVED(verdict, full-[f64;3]) — 1830/2512/1831/2513/1832 nullity; DEFAULT solver (multi-assert: kissat pays per property batch; try kissat second)
float-agg	proofs::eq_finals_nullity_t6	-Z c-ffi -Z stubbing --c-lib c/pg_float_agg.c --no-overflow-checks --exact	unmeasured	unmeasured	?	DARK-SWEEP 2026-07-30 registered unrun; runqueue triage: green; expect PROVED(verdict, full-[f64;6]) — 2807-2817 nullity lattice incl n<1/n<2/sxx==0/syy==0
float-agg	proofs::eq_regr_r2_horizontal	-Z c-ffi -Z stubbing --c-lib c/pg_float_agg.c --no-overflow-checks --solver kissat --exact	unmeasured	unmeasured	?	DARK-SWEEP 2026-07-30 registered unrun; runqueue triage: green; expect PROVED(syy==0 plane, literal-pruned divide) — oid 2812 constant-1.0 arm
float-agg	proofs::eq_regr_sxx	-Z c-ffi -Z stubbing --c-lib c/pg_float_agg.c --no-overflow-checks --solver kissat --exact	unmeasured	unmeasured	?	DARK-SWEEP 2026-07-30 registered unrun; runqueue triage: green; expect PROVED(full-[f64;6]) fast — oid 2807
float-agg	proofs::eq_regr_sxy	-Z c-ffi -Z stubbing --c-lib c/pg_float_agg.c --no-overflow-checks --solver kissat --exact	unmeasured	unmeasured	?	DARK-SWEEP 2026-07-30 registered unrun; runqueue triage: green; expect PROVED(full-[f64;6]) fast — oid 2809
float-agg	proofs::eq_regr_syy	-Z c-ffi -Z stubbing --c-lib c/pg_float_agg.c --no-overflow-checks --solver kissat --exact	unmeasured	unmeasured	?	DARK-SWEEP 2026-07-30 registered unrun; runqueue triage: green; expect PROVED(full-[f64;6]) fast — oid 2808
float-agg	proofs::grid_avg	-Z c-ffi -Z stubbing --c-lib c/pg_float_agg.c --no-overflow-checks --solver kissat --exact	unmeasured	unmeasured	?	DARK-SWEEP 2026-07-30 registered unrun; runqueue triage: green; expect PROVED(grid) — 1830
float-agg	proofs::grid_corr	-Z c-ffi -Z stubbing --c-lib c/pg_float_agg.c --no-overflow-checks --solver kissat --exact	unmeasured	unmeasured	?	DARK-SWEEP 2026-07-30 registered unrun; runqueue triage: green; expect PROVED(grid) release-gate tier (sqrt-of-product + divide) — 2817
float-agg	proofs::grid_covar_pop	-Z c-ffi -Z stubbing --c-lib c/pg_float_agg.c --no-overflow-checks --solver kissat --exact	unmeasured	unmeasured	?	DARK-SWEEP 2026-07-30 registered unrun; runqueue triage: green; expect PROVED(grid) — 2815
float-agg	proofs::grid_covar_samp	-Z c-ffi -Z stubbing --c-lib c/pg_float_agg.c --no-overflow-checks --solver kissat --exact	unmeasured	unmeasured	?	DARK-SWEEP 2026-07-30 registered unrun; runqueue triage: green; expect PROVED(grid) — 2816
float-agg	proofs::grid_regr_avgx	-Z c-ffi -Z stubbing --c-lib c/pg_float_agg.c --no-overflow-checks --solver kissat --exact	unmeasured	unmeasured	?	DARK-SWEEP 2026-07-30 registered unrun; runqueue triage: green; expect PROVED(grid) — 2810
float-agg	proofs::grid_regr_avgy	-Z c-ffi -Z stubbing --c-lib c/pg_float_agg.c --no-overflow-checks --solver kissat --exact	unmeasured	unmeasured	?	DARK-SWEEP 2026-07-30 registered unrun; runqueue triage: green; expect PROVED(grid) — 2811
float-agg	proofs::grid_regr_intercept	-Z c-ffi -Z stubbing --c-lib c/pg_float_agg.c --no-overflow-checks --solver kissat --exact	unmeasured	unmeasured	?	DARK-SWEEP 2026-07-30 registered unrun; runqueue triage: green; expect PROVED(grid) release-gate tier (chained divide, 4 grid slots) — 2814
float-agg	proofs::grid_regr_r2	-Z c-ffi -Z stubbing --c-lib c/pg_float_agg.c --no-overflow-checks --solver kissat --exact	unmeasured	unmeasured	?	DARK-SWEEP 2026-07-30 registered unrun; runqueue triage: green; expect PROVED(grid) release-gate tier (3 grid slots, product+divide) — 2812
float-agg	proofs::grid_regr_slope	-Z c-ffi -Z stubbing --c-lib c/pg_float_agg.c --no-overflow-checks --solver kissat --exact	unmeasured	unmeasured	?	DARK-SWEEP 2026-07-30 registered unrun; runqueue triage: green; expect PROVED(grid) — 2813
float-agg	proofs::grid_stddev_pop	-Z c-ffi -Z stubbing --c-lib c/pg_float_agg.c --no-overflow-checks --solver kissat --exact	unmeasured	unmeasured	?	DARK-SWEEP 2026-07-30 registered unrun; runqueue triage: green; expect PROVED(grid; sqrt CBMC-native) — 2513
float-agg	proofs::grid_stddev_samp	-Z c-ffi -Z stubbing --c-lib c/pg_float_agg.c --no-overflow-checks --solver kissat --exact	unmeasured	unmeasured	?	DARK-SWEEP 2026-07-30 registered unrun; runqueue triage: green; expect PROVED(grid) — 1832
float-agg	proofs::grid_var_pop	-Z c-ffi -Z stubbing --c-lib c/pg_float_agg.c --no-overflow-checks --solver kissat --exact	unmeasured	unmeasured	?	DARK-SWEEP 2026-07-30 registered unrun; runqueue triage: green; expect PROVED(grid) — 2512
float-agg	proofs::grid_var_samp	-Z c-ffi -Z stubbing --c-lib c/pg_float_agg.c --no-overflow-checks --solver kissat --exact	unmeasured	unmeasured	?	DARK-SWEEP 2026-07-30 registered unrun; runqueue triage: green; expect PROVED(grid) — 1831
float-agg	proofs::plane_float4_accum_first	-Z c-ffi -Z stubbing --c-lib c/pg_float_agg.c --no-overflow-checks --solver kissat --exact	unmeasured	unmeasured	?	DARK-SWEEP 2026-07-30 registered unrun; runqueue triage: green; expect PROVED(first-row plane, full-sym f32) — oid 208
float-agg	proofs::plane_float8_accum_first	-Z c-ffi -Z stubbing --c-lib c/pg_float_agg.c --no-overflow-checks --solver kissat --exact	unmeasured	unmeasured	?	DARK-SWEEP 2026-07-30 registered unrun; runqueue triage: green; expect PROVED(first-row plane, full-sym newval) — oid 222
float-agg	proofs::plane_float8_combine_n1zero	-Z c-ffi -Z stubbing --c-lib c/pg_float_agg.c --no-overflow-checks --solver kissat --exact	unmeasured	unmeasured	?	DARK-SWEEP 2026-07-30 registered unrun; runqueue triage: green; expect PROVED(n1==0 identity plane) — oid 276
float-agg	proofs::plane_float8_combine_n2zero	-Z c-ffi -Z stubbing --c-lib c/pg_float_agg.c --no-overflow-checks --solver kissat --exact	unmeasured	unmeasured	?	DARK-SWEEP 2026-07-30 registered unrun; runqueue triage: green; expect PROVED(n2==0 identity plane) — oid 276
float-agg	proofs::plane_regr_accum_first	-Z c-ffi -Z stubbing --c-lib c/pg_float_agg.c --no-overflow-checks --solver kissat --exact	unmeasured	unmeasured	?	DARK-SWEEP 2026-07-30 registered unrun; runqueue triage: green; expect PROVED(first-row plane, full-sym x+y; NaN routing matrix) — oid 2806
float-agg	proofs::plane_regr_combine_n1zero	-Z c-ffi -Z stubbing --c-lib c/pg_float_agg.c --no-overflow-checks --solver kissat --exact	unmeasured	unmeasured	?	DARK-SWEEP 2026-07-30 registered unrun; runqueue triage: green; expect PROVED(n1==0 identity plane) — oid 3342
float-agg	proofs::plane_regr_combine_n2zero	-Z c-ffi -Z stubbing --c-lib c/pg_float_agg.c --no-overflow-checks --solver kissat --exact	unmeasured	unmeasured	?	DARK-SWEEP 2026-07-30 registered unrun; runqueue triage: green; expect PROVED(n2==0 identity plane) — oid 3342
float-agg	proofs::probe_det_sqrt_model_determinism	-Z c-ffi -Z stubbing --c-lib c/pg_float_agg.c --no-overflow-checks --solver kissat --exact	unmeasured	unmeasured	?	DARK-SWEEP 2026-07-30 registered unrun; no runqueue row (flags inferred from family siblings)
float-agg	proofs::probe_sqrt_self_determinism	-Z c-ffi -Z stubbing --c-lib c/pg_float_agg.c --no-overflow-checks --solver kissat --exact	must-fail	unmeasured	20	DARK-SWEEP 2026-07-30 registered unrun; no runqueue row (flags inferred from family siblings)|TRIAGE 2026-07-30: designed WITNESS of CBMC f64::sqrt per-call nondeterminism (companion probe_det_sqrt_model_determinism proves the det model); FAILED is the informative verdict — relabeled must-fail; gating-tier adjudication pending (Michael)
float-arith	proofs::control_dtrunc_vs_c_round	-Z c-ffi -Z stubbing --c-lib c/pg_float_arith.c --no-overflow-checks --exact	must-fail	unmeasured	10	DARK-SWEEP 2026-07-30 registered unrun; runqueue triage: must-fail; expect: VERIFICATION FAILED (rounding-section control)|MEASURE-SWEEP 2026-07-30: VERIFICATION FAILED as designed (negative control); relabeled must-fail; gating-tier adjudication pending (Michael)
float-arith	proofs::control_float8send_vs_c_float4send	-Z c-ffi -Z stubbing --c-lib c/pg_float_arith.c --no-overflow-checks --exact	must-fail	unmeasured	40	DARK-SWEEP 2026-07-30 registered unrun; runqueue triage: must-fail; FAILS correctly 23.1s (img byte mismatch) — send-rig non-vacuity|MEASURE-SWEEP 2026-07-30: VERIFICATION FAILED as designed (negative control); relabeled must-fail; gating-tier adjudication pending (Michael)
float-arith	proofs::control_in_range_f8_vs_noreject	-Z c-ffi -Z stubbing --c-lib c/pg_float_arith.c --no-overflow-checks --exact	must-fail	unmeasured	10	DARK-SWEEP 2026-07-30 registered unrun; runqueue triage: must-fail; expect: VERIFICATION FAILED (in_range-section control)|MEASURE-SWEEP 2026-07-30: VERIFICATION FAILED as designed (negative control); relabeled must-fail; gating-tier adjudication pending (Michael)
float-arith	proofs::dsqrt_bisect_grid	-Z c-ffi -Z stubbing --c-lib c/pg_float_arith.c --solver kissat --no-overflow-checks --exact	unmeasured	unmeasured	?	DARK-SWEEP 2026-07-30 registered unrun; no runqueue row (flags inferred from family siblings)|TRIAGE 2026-07-31: stale diagnostic re-tripped known subnormal model defect; carve applied; local SUCCESSFUL 62.8s kissat — CI cluster CONFIRM owed before promotion
float-arith	proofs::eq_dceil	-Z c-ffi -Z stubbing --c-lib c/pg_float_arith.c --no-overflow-checks --solver kissat --exact	unmeasured	unmeasured	?	DARK-SWEEP 2026-07-30 registered unrun; runqueue triage: green; expect: PROVED (full-f64) — oids 2308/2320
float-arith	proofs::eq_dfloor	-Z c-ffi -Z stubbing --c-lib c/pg_float_arith.c --no-overflow-checks --solver kissat --exact	unmeasured	unmeasured	?	DARK-SWEEP 2026-07-30 registered unrun; runqueue triage: green; expect: PROVED (full-f64) — oid 2309
float-arith	proofs::eq_dround	-Z c-ffi -Z stubbing --c-lib c/pg_float_arith.c --no-overflow-checks --solver kissat --exact	unmeasured	unmeasured	?	DARK-SWEEP 2026-07-30 registered unrun; runqueue triage: green; expect: PROVED (full-f64) — oids 228/1342
float-arith	proofs::eq_dsign	-Z c-ffi -Z stubbing --c-lib c/pg_float_arith.c --no-overflow-checks --solver kissat --exact	unmeasured	unmeasured	?	DARK-SWEEP 2026-07-30 registered unrun; runqueue triage: green; expect: PROVED (full-f64) — oid 2310
float-arith	proofs::eq_dsqrt	-Z c-ffi -Z stubbing --c-lib c/pg_float_arith.c --no-overflow-checks --solver kissat --exact	unmeasured	unmeasured	?	DARK-SWEEP 2026-07-30 registered unrun; runqueue triage: info; expect: PROBE — PROVED or wall; try DEFAULT solver before recording wall (solver inversion is real in this family)|TRIAGE RVR: native parity proven (tests/dsqrt_grid_native.rs); FAILED only in the goto-linked program — mechanism isolation owed; do not gate green|TRIAGE 2026-07-31: HARNESS-DEFECT resolved (CBMC sqrt subnormal mis-round + dual sqrt lowering non-funneling + kani Err(Box<PgError>) f64 payload corruption, symbolic-reachable); harness carved; post-fix WALLS both solvers — spots_dsqrt is the standing green; native EXHAUSTIVE-DIFF full-f32 + 48M f64 ULP-neighborhood: 0 mismatches
float-arith	proofs::eq_dtrunc	-Z c-ffi -Z stubbing --c-lib c/pg_float_arith.c --no-overflow-checks --solver kissat --exact	unmeasured	unmeasured	?	DARK-SWEEP 2026-07-30 registered unrun; runqueue triage: green; expect: PROVED (full-f64) — oids 229/1343
float-arith	proofs::eq_float4send	-Z c-ffi -Z stubbing --c-lib c/pg_float_arith.c --no-overflow-checks --solver kissat --exact	unmeasured	unmeasured	?	DARK-SWEEP 2026-07-30 registered unrun; runqueue triage: green; PROVED 33.5s — oid 2425 full wire image incl varlena header; modulo static-buffer allocator model
float-arith	proofs::eq_float8send	-Z c-ffi -Z stubbing --c-lib c/pg_float_arith.c --no-overflow-checks --solver kissat --exact	unmeasured	unmeasured	?	DARK-SWEEP 2026-07-30 registered unrun; runqueue triage: green; PROVED 56.6s — oid 2427
float-arith	proofs::eq_in_range_float4_float8	-Z c-ffi -Z stubbing --c-lib c/pg_float_arith.c --no-overflow-checks --solver kissat --exact	unmeasured	unmeasured	?	DARK-SWEEP 2026-07-30 registered unrun; runqueue triage: green; expect: PROVED (full domain incl 22013 reject arm) — oid 4140
float-arith	proofs::eq_in_range_float8_float8	-Z c-ffi -Z stubbing --c-lib c/pg_float_arith.c --no-overflow-checks --solver kissat --exact	unmeasured	unmeasured	?	DARK-SWEEP 2026-07-30 registered unrun; runqueue triage: green; expect: PROVED (full domain incl 22013 reject arm) — oid 4139
float-arith	proofs::eq_width_bucket_reject	-Z c-ffi -Z stubbing --c-lib c/pg_float_arith.c --no-overflow-checks --solver kissat --exact	unmeasured	unmeasured	?	DARK-SWEEP 2026-07-30 registered unrun; runqueue triage: green; PROVED 34.3s — oid 320 all non-divide arms fully symbolic incl 2201G/22003 parity
float-arith	proofs::grid_width_bucket_float8	-Z c-ffi -Z stubbing --c-lib c/pg_float_arith.c --no-overflow-checks --solver kissat --exact	unmeasured	unmeasured	?	DARK-SWEEP 2026-07-30 registered unrun; runqueue triage: green; PROVED 41.0s — 14-cell divide-arm grid (both directions, /2 arm, q==1.0 clamp cell)
float-arith	proofs::spots_dsqrt	-Z c-ffi -Z stubbing --c-lib c/pg_float_arith.c --no-overflow-checks --solver kissat --exact	unmeasured	unmeasured	?	DARK-SWEEP 2026-07-30 registered unrun; runqueue triage: green; expect: PROVED (16-special grid) — oids 230/1344 fallback tier
geo-cmp	ext2::proofs_ext2::control_box_add_vs_c_box_sub	-Z c-ffi -Z stubbing --c-lib c/pg_geo_cmp.c --no-overflow-checks --solver kissat --exact	must-fail	unmeasured	191	DARK-SWEEP 2026-07-30 registered unrun; no runqueue row (flags inferred from family siblings)|MEASURE-SWEEP 2026-07-30: VERIFICATION FAILED as designed (negative control); relabeled must-fail; gating-tier adjudication pending (Michael)
geo-cmp	ext2::proofs_ext2::eq_box_add_img	-Z c-ffi -Z stubbing --c-lib c/pg_geo_cmp.c --no-overflow-checks --solver kissat --exact	unmeasured	unmeasured	?	DARK-SWEEP 2026-07-30 registered unrun; no runqueue row (flags inferred from family siblings)
geo-cmp	ext2::proofs_ext2::eq_box_circle_grid	-Z c-ffi -Z stubbing --c-lib c/pg_geo_cmp.c --no-overflow-checks --solver kissat --exact	unmeasured	unmeasured	?	DARK-SWEEP 2026-07-30 registered unrun; no runqueue row (flags inferred from family siblings)
geo-cmp	ext2::proofs_ext2::eq_box_circle_hslice	-Z c-ffi -Z stubbing --c-lib c/pg_geo_cmp.c --no-overflow-checks --solver kissat --exact	unmeasured	unmeasured	?	DARK-SWEEP 2026-07-30 registered unrun; no runqueue row (flags inferred from family siblings)
geo-cmp	ext2::proofs_ext2::eq_box_diagonal_img	-Z c-ffi -Z stubbing --c-lib c/pg_geo_cmp.c --no-overflow-checks --solver kissat --exact	unmeasured	unmeasured	?	DARK-SWEEP 2026-07-30 registered unrun; no runqueue row (flags inferred from family siblings)
geo-cmp	ext2::proofs_ext2::eq_box_distance_grid	-Z c-ffi -Z stubbing --c-lib c/pg_geo_cmp.c --no-overflow-checks --solver kissat --exact	unmeasured	unmeasured	?	DARK-SWEEP 2026-07-30 registered unrun; no runqueue row (flags inferred from family siblings)
geo-cmp	ext2::proofs_ext2::eq_box_distance_hslice	-Z c-ffi -Z stubbing --c-lib c/pg_geo_cmp.c --no-overflow-checks --solver kissat --exact	unmeasured	unmeasured	?	DARK-SWEEP 2026-07-30 registered unrun; no runqueue row (flags inferred from family siblings)
geo-cmp	ext2::proofs_ext2::eq_box_div_p2c0	-Z c-ffi -Z stubbing --c-lib c/pg_geo_cmp.c --no-overflow-checks --solver kissat --exact	unmeasured	unmeasured	?	DARK-SWEEP 2026-07-30 registered unrun; no runqueue row (flags inferred from family siblings)
geo-cmp	ext2::proofs_ext2::eq_box_div_p2c1	-Z c-ffi -Z stubbing --c-lib c/pg_geo_cmp.c --no-overflow-checks --solver kissat --exact	unmeasured	unmeasured	?	DARK-SWEEP 2026-07-30 registered unrun; no runqueue row (flags inferred from family siblings)
geo-cmp	ext2::proofs_ext2::eq_box_div_p2c2	-Z c-ffi -Z stubbing --c-lib c/pg_geo_cmp.c --no-overflow-checks --solver kissat --exact	unmeasured	unmeasured	?	DARK-SWEEP 2026-07-30 registered unrun; no runqueue row (flags inferred from family siblings)
geo-cmp	ext2::proofs_ext2::eq_box_div_p2c3	-Z c-ffi -Z stubbing --c-lib c/pg_geo_cmp.c --no-overflow-checks --solver kissat --exact	unmeasured	unmeasured	?	DARK-SWEEP 2026-07-30 registered unrun; no runqueue row (flags inferred from family siblings)
geo-cmp	ext2::proofs_ext2::eq_box_div_p2c4	-Z c-ffi -Z stubbing --c-lib c/pg_geo_cmp.c --no-overflow-checks --solver kissat --exact	unmeasured	unmeasured	?	DARK-SWEEP 2026-07-30 registered unrun; no runqueue row (flags inferred from family siblings)
geo-cmp	ext2::proofs_ext2::eq_box_div_p2c5	-Z c-ffi -Z stubbing --c-lib c/pg_geo_cmp.c --no-overflow-checks --solver kissat --exact	unmeasured	unmeasured	?	DARK-SWEEP 2026-07-30 registered unrun; no runqueue row (flags inferred from family siblings)
geo-cmp	ext2::proofs_ext2::eq_box_div_p2c6	-Z c-ffi -Z stubbing --c-lib c/pg_geo_cmp.c --no-overflow-checks --solver kissat --exact	unmeasured	unmeasured	?	DARK-SWEEP 2026-07-30 registered unrun; no runqueue row (flags inferred from family siblings)
geo-cmp	ext2::proofs_ext2::eq_box_div_p2c7	-Z c-ffi -Z stubbing --c-lib c/pg_geo_cmp.c --no-overflow-checks --solver kissat --exact	unmeasured	unmeasured	?	DARK-SWEEP 2026-07-30 registered unrun; no runqueue row (flags inferred from family siblings)
geo-cmp	ext2::proofs_ext2::eq_box_div_pow2plane	-Z c-ffi -Z stubbing --c-lib c/pg_geo_cmp.c --no-overflow-checks --solver kissat --exact	unmeasured	unmeasured	?	DARK-SWEEP 2026-07-30 registered unrun; no runqueue row (flags inferred from family siblings)
geo-cmp	ext2::proofs_ext2::eq_box_intersect_img	-Z c-ffi -Z stubbing --c-lib c/pg_geo_cmp.c --no-overflow-checks --solver kissat --exact	unmeasured	unmeasured	?	DARK-SWEEP 2026-07-30 registered unrun; no runqueue row (flags inferred from family siblings)
geo-cmp	ext2::proofs_ext2::eq_box_mul_p2c0	-Z c-ffi -Z stubbing --c-lib c/pg_geo_cmp.c --no-overflow-checks --solver kissat --exact	unmeasured	unmeasured	?	DARK-SWEEP 2026-07-30 registered unrun; no runqueue row (flags inferred from family siblings)
geo-cmp	ext2::proofs_ext2::eq_box_mul_p2c1	-Z c-ffi -Z stubbing --c-lib c/pg_geo_cmp.c --no-overflow-checks --solver kissat --exact	unmeasured	unmeasured	?	DARK-SWEEP 2026-07-30 registered unrun; no runqueue row (flags inferred from family siblings)
geo-cmp	ext2::proofs_ext2::eq_box_mul_p2c2	-Z c-ffi -Z stubbing --c-lib c/pg_geo_cmp.c --no-overflow-checks --solver kissat --exact	unmeasured	unmeasured	?	DARK-SWEEP 2026-07-30 registered unrun; no runqueue row (flags inferred from family siblings)
geo-cmp	ext2::proofs_ext2::eq_box_mul_p2c3	-Z c-ffi -Z stubbing --c-lib c/pg_geo_cmp.c --no-overflow-checks --solver kissat --exact	unmeasured	unmeasured	?	DARK-SWEEP 2026-07-30 registered unrun; no runqueue row (flags inferred from family siblings)
geo-cmp	ext2::proofs_ext2::eq_box_mul_p2c4	-Z c-ffi -Z stubbing --c-lib c/pg_geo_cmp.c --no-overflow-checks --solver kissat --exact	unmeasured	unmeasured	?	DARK-SWEEP 2026-07-30 registered unrun; no runqueue row (flags inferred from family siblings)
geo-cmp	ext2::proofs_ext2::eq_box_mul_p2c5	-Z c-ffi -Z stubbing --c-lib c/pg_geo_cmp.c --no-overflow-checks --solver kissat --exact	unmeasured	unmeasured	?	DARK-SWEEP 2026-07-30 registered unrun; no runqueue row (flags inferred from family siblings)
geo-cmp	ext2::proofs_ext2::eq_box_mul_p2c6	-Z c-ffi -Z stubbing --c-lib c/pg_geo_cmp.c --no-overflow-checks --solver kissat --exact	unmeasured	unmeasured	?	DARK-SWEEP 2026-07-30 registered unrun; no runqueue row (flags inferred from family siblings)
geo-cmp	ext2::proofs_ext2::eq_box_mul_p2c7	-Z c-ffi -Z stubbing --c-lib c/pg_geo_cmp.c --no-overflow-checks --solver kissat --exact	unmeasured	unmeasured	?	DARK-SWEEP 2026-07-30 registered unrun; no runqueue row (flags inferred from family siblings)
geo-cmp	ext2::proofs_ext2::eq_box_mul_pow2plane	-Z c-ffi -Z stubbing --c-lib c/pg_geo_cmp.c --no-overflow-checks --solver kissat --exact	unmeasured	unmeasured	?	DARK-SWEEP 2026-07-30 registered unrun; no runqueue row (flags inferred from family siblings)
geo-cmp	ext2::proofs_ext2::eq_box_sub_img	-Z c-ffi -Z stubbing --c-lib c/pg_geo_cmp.c --no-overflow-checks --solver kissat --exact	unmeasured	unmeasured	?	DARK-SWEEP 2026-07-30 registered unrun; no runqueue row (flags inferred from family siblings)
geo-cmp	ext2::proofs_ext2::eq_boxes_bound_box_img	-Z c-ffi -Z stubbing --c-lib c/pg_geo_cmp.c --no-overflow-checks --solver kissat --exact	unmeasured	unmeasured	?	DARK-SWEEP 2026-07-30 registered unrun; no runqueue row (flags inferred from family siblings)
geo-cmp	ext2::proofs_ext2::eq_construct_point_img	-Z c-ffi -Z stubbing --c-lib c/pg_geo_cmp.c --no-overflow-checks --solver kissat --exact	unmeasured	unmeasured	?	DARK-SWEEP 2026-07-30 registered unrun; no runqueue row (flags inferred from family siblings)
geo-cmp	ext2::proofs_ext2::eq_cr_circle_img	-Z c-ffi -Z stubbing --c-lib c/pg_geo_cmp.c --no-overflow-checks --solver kissat --exact	unmeasured	unmeasured	?	DARK-SWEEP 2026-07-30 registered unrun; no runqueue row (flags inferred from family siblings)
geo-cmp	ext2::proofs_ext2::eq_inter_sb_cell0	-Z c-ffi -Z stubbing --c-lib c/pg_geo_cmp.c --no-overflow-checks --solver kissat --exact	unmeasured	unmeasured	?	DARK-SWEEP 2026-07-30 registered unrun; no runqueue row (flags inferred from family siblings)
geo-cmp	ext2::proofs_ext2::eq_inter_sb_cell1	-Z c-ffi -Z stubbing --c-lib c/pg_geo_cmp.c --no-overflow-checks --solver kissat --exact	unmeasured	unmeasured	?	DARK-SWEEP 2026-07-30 registered unrun; no runqueue row (flags inferred from family siblings)
geo-cmp	ext2::proofs_ext2::eq_inter_sb_cell2	-Z c-ffi -Z stubbing --c-lib c/pg_geo_cmp.c --no-overflow-checks --solver kissat --exact	unmeasured	unmeasured	?	DARK-SWEEP 2026-07-30 registered unrun; no runqueue row (flags inferred from family siblings)
geo-cmp	ext2::proofs_ext2::eq_inter_sb_cell3	-Z c-ffi -Z stubbing --c-lib c/pg_geo_cmp.c --no-overflow-checks --solver kissat --exact	unmeasured	unmeasured	?	DARK-SWEEP 2026-07-30 registered unrun; no runqueue row (flags inferred from family siblings)
geo-cmp	ext2::proofs_ext2::eq_inter_sb_cell4	-Z c-ffi -Z stubbing --c-lib c/pg_geo_cmp.c --no-overflow-checks --solver kissat --exact	unmeasured	unmeasured	?	DARK-SWEEP 2026-07-30 registered unrun; no runqueue row (flags inferred from family siblings)
geo-cmp	ext2::proofs_ext2::eq_inter_sb_cell5	-Z c-ffi -Z stubbing --c-lib c/pg_geo_cmp.c --no-overflow-checks --solver kissat --exact	unmeasured	unmeasured	?	DARK-SWEEP 2026-07-30 registered unrun; no runqueue row (flags inferred from family siblings)
geo-cmp	ext2::proofs_ext2::eq_inter_sb_cell6	-Z c-ffi -Z stubbing --c-lib c/pg_geo_cmp.c --no-overflow-checks --solver kissat --exact	unmeasured	unmeasured	?	DARK-SWEEP 2026-07-30 registered unrun; no runqueue row (flags inferred from family siblings)
geo-cmp	ext2::proofs_ext2::eq_inter_sb_cell7	-Z c-ffi -Z stubbing --c-lib c/pg_geo_cmp.c --no-overflow-checks --solver kissat --exact	unmeasured	unmeasured	?	DARK-SWEEP 2026-07-30 registered unrun; no runqueue row (flags inferred from family siblings)
geo-cmp	ext2::proofs_ext2::eq_inter_sb_cell8	-Z c-ffi -Z stubbing --c-lib c/pg_geo_cmp.c --no-overflow-checks --solver kissat --exact	unmeasured	unmeasured	?	DARK-SWEEP 2026-07-30 registered unrun; no runqueue row (flags inferred from family siblings)
geo-cmp	ext2::proofs_ext2::eq_inter_sb_grid	-Z c-ffi -Z stubbing --c-lib c/pg_geo_cmp.c --no-overflow-checks --solver kissat --exact	unmeasured	unmeasured	?	DARK-SWEEP 2026-07-30 registered unrun; no runqueue row (flags inferred from family siblings)
geo-cmp	ext2::proofs_ext2::eq_line_construct_pp_grid	-Z c-ffi -Z stubbing --c-lib c/pg_geo_cmp.c --no-overflow-checks --solver kissat --exact	unmeasured	unmeasured	?	DARK-SWEEP 2026-07-30 registered unrun; no runqueue row (flags inferred from family siblings)
geo-cmp	ext2::proofs_ext2::eq_line_eq_grid	-Z c-ffi -Z stubbing --c-lib c/pg_geo_cmp.c --no-overflow-checks --solver kissat --exact	unmeasured	unmeasured	?	DARK-SWEEP 2026-07-30 registered unrun; no runqueue row (flags inferred from family siblings)
geo-cmp	ext2::proofs_ext2::eq_line_eq_nan_plane	-Z c-ffi -Z stubbing --c-lib c/pg_geo_cmp.c --no-overflow-checks --solver kissat --exact	unmeasured	unmeasured	?	DARK-SWEEP 2026-07-30 registered unrun; no runqueue row (flags inferred from family siblings)
geo-cmp	ext2::proofs_ext2::eq_line_horizontal	-Z c-ffi -Z stubbing --c-lib c/pg_geo_cmp.c --no-overflow-checks --solver kissat --exact	unmeasured	unmeasured	?	DARK-SWEEP 2026-07-30 registered unrun; no runqueue row (flags inferred from family siblings)
geo-cmp	ext2::proofs_ext2::eq_line_perp_arm1	-Z c-ffi -Z stubbing --c-lib c/pg_geo_cmp.c --no-overflow-checks --solver kissat --exact	unmeasured	unmeasured	?	DARK-SWEEP 2026-07-30 registered unrun; no runqueue row (flags inferred from family siblings)
geo-cmp	ext2::proofs_ext2::eq_line_perp_arm2	-Z c-ffi -Z stubbing --c-lib c/pg_geo_cmp.c --no-overflow-checks --solver kissat --exact	unmeasured	unmeasured	?	DARK-SWEEP 2026-07-30 registered unrun; no runqueue row (flags inferred from family siblings)
geo-cmp	ext2::proofs_ext2::eq_line_perp_arm3	-Z c-ffi -Z stubbing --c-lib c/pg_geo_cmp.c --no-overflow-checks --solver kissat --exact	unmeasured	unmeasured	?	DARK-SWEEP 2026-07-30 registered unrun; no runqueue row (flags inferred from family siblings)
geo-cmp	ext2::proofs_ext2::eq_line_perp_arm4	-Z c-ffi -Z stubbing --c-lib c/pg_geo_cmp.c --no-overflow-checks --solver kissat --exact	unmeasured	unmeasured	?	DARK-SWEEP 2026-07-30 registered unrun; no runqueue row (flags inferred from family siblings)
geo-cmp	ext2::proofs_ext2::eq_line_perp_grid	-Z c-ffi -Z stubbing --c-lib c/pg_geo_cmp.c --no-overflow-checks --solver kissat --exact	unmeasured	unmeasured	?	DARK-SWEEP 2026-07-30 registered unrun; no runqueue row (flags inferred from family siblings)
geo-cmp	ext2::proofs_ext2::eq_line_vertical	-Z c-ffi -Z stubbing --c-lib c/pg_geo_cmp.c --no-overflow-checks --solver kissat --exact	unmeasured	unmeasured	?	DARK-SWEEP 2026-07-30 registered unrun; no runqueue row (flags inferred from family siblings)
geo-cmp	ext2::proofs_ext2::eq_on_pl_dplane	-Z c-ffi -Z stubbing --c-lib c/pg_geo_cmp.c --no-overflow-checks --solver kissat --exact	unmeasured	unmeasured	?	DARK-SWEEP 2026-07-30 registered unrun; no runqueue row (flags inferred from family siblings)
geo-cmp	ext2::proofs_ext2::eq_on_pl_hplane	-Z c-ffi -Z stubbing --c-lib c/pg_geo_cmp.c --no-overflow-checks --solver kissat --exact	unmeasured	unmeasured	?	DARK-SWEEP 2026-07-30 registered unrun; no runqueue row (flags inferred from family siblings)
geo-cmp	ext2::proofs_ext2::eq_on_pl_vplane	-Z c-ffi -Z stubbing --c-lib c/pg_geo_cmp.c --no-overflow-checks --solver kissat --exact	unmeasured	unmeasured	?	DARK-SWEEP 2026-07-30 registered unrun; no runqueue row (flags inferred from family siblings)
geo-cmp	ext2::proofs_ext2::eq_on_ps_grid	-Z c-ffi -Z stubbing --c-lib c/pg_geo_cmp.c --no-overflow-checks --solver kissat --exact	unmeasured	unmeasured	?	DARK-SWEEP 2026-07-30 registered unrun; no runqueue row (flags inferred from family siblings)
geo-cmp	ext2::proofs_ext2::eq_on_sb	-Z c-ffi -Z stubbing --c-lib c/pg_geo_cmp.c --no-overflow-checks --solver kissat --exact	unmeasured	unmeasured	?	DARK-SWEEP 2026-07-30 registered unrun; no runqueue row (flags inferred from family siblings)
geo-cmp	ext2::proofs_ext2::eq_on_sl_dplane	-Z c-ffi -Z stubbing --c-lib c/pg_geo_cmp.c --no-overflow-checks --solver kissat --exact	unmeasured	unmeasured	?	DARK-SWEEP 2026-07-30 registered unrun; no runqueue row (flags inferred from family siblings)
geo-cmp	ext2::proofs_ext2::eq_on_sl_hplane	-Z c-ffi -Z stubbing --c-lib c/pg_geo_cmp.c --no-overflow-checks --solver kissat --exact	unmeasured	unmeasured	?	DARK-SWEEP 2026-07-30 registered unrun; no runqueue row (flags inferred from family siblings)
geo-cmp	ext2::proofs_ext2::eq_on_sl_vplane	-Z c-ffi -Z stubbing --c-lib c/pg_geo_cmp.c --no-overflow-checks --solver kissat --exact	unmeasured	unmeasured	?	DARK-SWEEP 2026-07-30 registered unrun; no runqueue row (flags inferred from family siblings)
geo-cmp	ext2::proofs_ext2::eq_point_box_img	-Z c-ffi -Z stubbing --c-lib c/pg_geo_cmp.c --no-overflow-checks --solver kissat --exact	unmeasured	unmeasured	?	DARK-SWEEP 2026-07-30 registered unrun; no runqueue row (flags inferred from family siblings)
geo-cmp	ext2::proofs_ext2::eq_point_div_grid	-Z c-ffi -Z stubbing --c-lib c/pg_geo_cmp.c --no-overflow-checks --solver kissat --exact	unmeasured	unmeasured	?	DARK-SWEEP 2026-07-30 registered unrun; no runqueue row (flags inferred from family siblings)
geo-cmp	ext2::proofs_ext2::eq_point_div_pow2plane	-Z c-ffi -Z stubbing --c-lib c/pg_geo_cmp.c --no-overflow-checks --solver kissat --exact	unmeasured	unmeasured	?	DARK-SWEEP 2026-07-30 registered unrun; no runqueue row (flags inferred from family siblings)
geo-cmp	ext2::proofs_ext2::eq_point_mul_grid	-Z c-ffi -Z stubbing --c-lib c/pg_geo_cmp.c --no-overflow-checks --solver kissat --exact	unmeasured	unmeasured	?	DARK-SWEEP 2026-07-30 registered unrun; no runqueue row (flags inferred from family siblings)
geo-cmp	ext2::proofs_ext2::eq_point_mul_pow2plane	-Z c-ffi -Z stubbing --c-lib c/pg_geo_cmp.c --no-overflow-checks --solver kissat --exact	unmeasured	unmeasured	?	DARK-SWEEP 2026-07-30 registered unrun; no runqueue row (flags inferred from family siblings)
geo-cmp	ext2::proofs_ext2::eq_points_box_img	-Z c-ffi -Z stubbing --c-lib c/pg_geo_cmp.c --no-overflow-checks --solver kissat --exact	unmeasured	unmeasured	?	DARK-SWEEP 2026-07-30 registered unrun; no runqueue row (flags inferred from family siblings)
geo-cmp	ext2::proofs_ext2::probe_inter_sb_full	-Z c-ffi -Z stubbing --c-lib c/pg_geo_cmp.c --no-overflow-checks --solver kissat --exact	unmeasured	unmeasured	?	DARK-SWEEP 2026-07-30 registered unrun; no runqueue row (flags inferred from family siblings)
geo-cmp	ext2::proofs_ext2::probe_line_construct_pp_vshared	-Z c-ffi -Z stubbing --c-lib c/pg_geo_cmp.c --no-overflow-checks --solver kissat --exact	unmeasured	unmeasured	?	DARK-SWEEP 2026-07-30 registered unrun; no runqueue row (flags inferred from family siblings)
geo-cmp	ext3::proofs_ext3::eq_poly_same_n2	-Z c-ffi -Z stubbing --c-lib c/pg_geo_cmp.c --no-overflow-checks --solver kissat --exact	unmeasured	unmeasured	?	DARK-SWEEP 2026-07-30 registered unrun; no runqueue row (flags inferred from family siblings)
geo-cmp	ext3::proofs_ext3::eq_poly_same_n3	-Z c-ffi -Z stubbing --c-lib c/pg_geo_cmp.c --no-overflow-checks --solver kissat --exact	unmeasured	unmeasured	?	DARK-SWEEP 2026-07-30 registered unrun; no runqueue row (flags inferred from family siblings)
geo-cmp	ext::proofs_ext::eq_circle_contained_hslice	-Z c-ffi -Z stubbing --c-lib c/pg_geo_cmp.c --no-overflow-checks --solver kissat --exact	unmeasured	unmeasured	?	DARK-SWEEP 2026-07-30 registered unrun; no runqueue row (flags inferred from family siblings)
geo-cmp	ext::proofs_ext::eq_circle_distance_hslice	-Z c-ffi -Z stubbing --c-lib c/pg_geo_cmp.c --no-overflow-checks --solver kissat --exact	unmeasured	unmeasured	?	DARK-SWEEP 2026-07-30 registered unrun; no runqueue row (flags inferred from family siblings)
geo-cmp	ext::proofs_ext::eq_lseg_ge_hslice	-Z c-ffi -Z stubbing --c-lib c/pg_geo_cmp.c --no-overflow-checks --solver kissat --exact	unmeasured	unmeasured	?	DARK-SWEEP 2026-07-30 registered unrun; no runqueue row (flags inferred from family siblings)
geo-cmp	ext::proofs_ext::eq_lseg_gt_hslice	-Z c-ffi -Z stubbing --c-lib c/pg_geo_cmp.c --no-overflow-checks --solver kissat --exact	unmeasured	unmeasured	?	DARK-SWEEP 2026-07-30 registered unrun; no runqueue row (flags inferred from family siblings)
geo-cmp	ext::proofs_ext::eq_lseg_le_hslice	-Z c-ffi -Z stubbing --c-lib c/pg_geo_cmp.c --no-overflow-checks --solver kissat --exact	unmeasured	unmeasured	?	DARK-SWEEP 2026-07-30 registered unrun; no runqueue row (flags inferred from family siblings)
geo-cmp	ext::proofs_ext::eq_lseg_lt_hslice	-Z c-ffi -Z stubbing --c-lib c/pg_geo_cmp.c --no-overflow-checks --solver kissat --exact	unmeasured	unmeasured	?	DARK-SWEEP 2026-07-30 registered unrun; no runqueue row (flags inferred from family siblings)
geo-cmp	ext::proofs_ext::eq_lseg_parallel_arms	-Z c-ffi -Z stubbing --c-lib c/pg_geo_cmp.c --no-overflow-checks --solver kissat --exact	unmeasured	unmeasured	?	DARK-SWEEP 2026-07-30 registered unrun; no runqueue row (flags inferred from family siblings)
geo-cmp	ext::proofs_ext::eq_lseg_perp_arms	-Z c-ffi -Z stubbing --c-lib c/pg_geo_cmp.c --no-overflow-checks --solver kissat --exact	unmeasured	unmeasured	?	DARK-SWEEP 2026-07-30 registered unrun; no runqueue row (flags inferred from family siblings)
geo-cmp	proofs::control_point_left_vs_ieee	-Z c-ffi -Z stubbing --c-lib c/pg_geo_cmp.c --no-overflow-checks --solver kissat --exact	must-fail	unmeasured	10	DARK-SWEEP 2026-07-30 registered unrun; no runqueue row (flags inferred from family siblings)|MEASURE-SWEEP 2026-07-30: VERIFICATION FAILED as designed (negative control); relabeled must-fail; gating-tier adjudication pending (Michael)
geo-cmp	proofs::eq_box_above	-Z c-ffi -Z stubbing --c-lib c/pg_geo_cmp.c --no-overflow-checks --solver kissat --exact	unmeasured	unmeasured	?	DARK-SWEEP 2026-07-30 registered unrun; no runqueue row (flags inferred from family siblings)
geo-cmp	proofs::eq_box_above_eq	-Z c-ffi -Z stubbing --c-lib c/pg_geo_cmp.c --no-overflow-checks --solver kissat --exact	unmeasured	unmeasured	?	DARK-SWEEP 2026-07-30 registered unrun; no runqueue row (flags inferred from family siblings)
geo-cmp	proofs::eq_box_area_grid	-Z c-ffi -Z stubbing --c-lib c/pg_geo_cmp.c --no-overflow-checks --solver kissat --exact	unmeasured	unmeasured	?	DARK-SWEEP 2026-07-30 registered unrun; no runqueue row (flags inferred from family siblings)
geo-cmp	proofs::eq_box_area_zero_plane	-Z c-ffi -Z stubbing --c-lib c/pg_geo_cmp.c --no-overflow-checks --solver kissat --exact	unmeasured	unmeasured	?	DARK-SWEEP 2026-07-30 registered unrun; no runqueue row (flags inferred from family siblings)
geo-cmp	proofs::eq_box_below	-Z c-ffi -Z stubbing --c-lib c/pg_geo_cmp.c --no-overflow-checks --solver kissat --exact	unmeasured	unmeasured	?	DARK-SWEEP 2026-07-30 registered unrun; no runqueue row (flags inferred from family siblings)
geo-cmp	proofs::eq_box_below_eq	-Z c-ffi -Z stubbing --c-lib c/pg_geo_cmp.c --no-overflow-checks --solver kissat --exact	unmeasured	unmeasured	?	DARK-SWEEP 2026-07-30 registered unrun; no runqueue row (flags inferred from family siblings)
geo-cmp	proofs::eq_box_cn_spots	-Z c-ffi -Z stubbing --c-lib c/pg_geo_cmp.c --no-overflow-checks --solver kissat --exact	unmeasured	unmeasured	?	DARK-SWEEP 2026-07-30 registered unrun; no runqueue row (flags inferred from family siblings)
geo-cmp	proofs::eq_box_contain	-Z c-ffi -Z stubbing --c-lib c/pg_geo_cmp.c --no-overflow-checks --solver kissat --exact	unmeasured	unmeasured	?	DARK-SWEEP 2026-07-30 registered unrun; no runqueue row (flags inferred from family siblings)
geo-cmp	proofs::eq_box_contain_pt	-Z c-ffi -Z stubbing --c-lib c/pg_geo_cmp.c --no-overflow-checks --solver kissat --exact	unmeasured	unmeasured	?	DARK-SWEEP 2026-07-30 registered unrun; no runqueue row (flags inferred from family siblings)
geo-cmp	proofs::eq_box_contained	-Z c-ffi -Z stubbing --c-lib c/pg_geo_cmp.c --no-overflow-checks --solver kissat --exact	unmeasured	unmeasured	?	DARK-SWEEP 2026-07-30 registered unrun; no runqueue row (flags inferred from family siblings)
geo-cmp	proofs::eq_box_eq_grid	-Z c-ffi -Z stubbing --c-lib c/pg_geo_cmp.c --no-overflow-checks --solver kissat --exact	unmeasured	unmeasured	?	DARK-SWEEP 2026-07-30 registered unrun; no runqueue row (flags inferred from family siblings)
geo-cmp	proofs::eq_box_eq_zero_plane	-Z c-ffi -Z stubbing --c-lib c/pg_geo_cmp.c --no-overflow-checks --solver kissat --exact	unmeasured	unmeasured	?	DARK-SWEEP 2026-07-30 registered unrun; no runqueue row (flags inferred from family siblings)
geo-cmp	proofs::eq_box_ge_grid	-Z c-ffi -Z stubbing --c-lib c/pg_geo_cmp.c --no-overflow-checks --solver kissat --exact	unmeasured	unmeasured	?	DARK-SWEEP 2026-07-30 registered unrun; no runqueue row (flags inferred from family siblings)
geo-cmp	proofs::eq_box_ge_zero_plane	-Z c-ffi -Z stubbing --c-lib c/pg_geo_cmp.c --no-overflow-checks --solver kissat --exact	unmeasured	unmeasured	?	DARK-SWEEP 2026-07-30 registered unrun; no runqueue row (flags inferred from family siblings)
geo-cmp	proofs::eq_box_gt_grid	-Z c-ffi -Z stubbing --c-lib c/pg_geo_cmp.c --no-overflow-checks --solver kissat --exact	unmeasured	unmeasured	?	DARK-SWEEP 2026-07-30 registered unrun; no runqueue row (flags inferred from family siblings)
geo-cmp	proofs::eq_box_gt_zero_plane	-Z c-ffi -Z stubbing --c-lib c/pg_geo_cmp.c --no-overflow-checks --solver kissat --exact	unmeasured	unmeasured	?	DARK-SWEEP 2026-07-30 registered unrun; no runqueue row (flags inferred from family siblings)
geo-cmp	proofs::eq_box_height	-Z c-ffi -Z stubbing --c-lib c/pg_geo_cmp.c --no-overflow-checks --solver kissat --exact	unmeasured	unmeasured	?	DARK-SWEEP 2026-07-30 registered unrun; no runqueue row (flags inferred from family siblings)
geo-cmp	proofs::eq_box_le_grid	-Z c-ffi -Z stubbing --c-lib c/pg_geo_cmp.c --no-overflow-checks --solver kissat --exact	unmeasured	unmeasured	?	DARK-SWEEP 2026-07-30 registered unrun; no runqueue row (flags inferred from family siblings)
geo-cmp	proofs::eq_box_le_zero_plane	-Z c-ffi -Z stubbing --c-lib c/pg_geo_cmp.c --no-overflow-checks --solver kissat --exact	unmeasured	unmeasured	?	DARK-SWEEP 2026-07-30 registered unrun; no runqueue row (flags inferred from family siblings)
geo-cmp	proofs::eq_box_left	-Z c-ffi -Z stubbing --c-lib c/pg_geo_cmp.c --no-overflow-checks --solver kissat --exact	unmeasured	unmeasured	?	DARK-SWEEP 2026-07-30 registered unrun; no runqueue row (flags inferred from family siblings)
geo-cmp	proofs::eq_box_lt_grid	-Z c-ffi -Z stubbing --c-lib c/pg_geo_cmp.c --no-overflow-checks --solver kissat --exact	unmeasured	unmeasured	?	DARK-SWEEP 2026-07-30 registered unrun; no runqueue row (flags inferred from family siblings)
geo-cmp	proofs::eq_box_lt_zero_plane	-Z c-ffi -Z stubbing --c-lib c/pg_geo_cmp.c --no-overflow-checks --solver kissat --exact	unmeasured	unmeasured	?	DARK-SWEEP 2026-07-30 registered unrun; no runqueue row (flags inferred from family siblings)
geo-cmp	proofs::eq_box_overabove	-Z c-ffi -Z stubbing --c-lib c/pg_geo_cmp.c --no-overflow-checks --solver kissat --exact	unmeasured	unmeasured	?	DARK-SWEEP 2026-07-30 registered unrun; no runqueue row (flags inferred from family siblings)
geo-cmp	proofs::eq_box_overbelow	-Z c-ffi -Z stubbing --c-lib c/pg_geo_cmp.c --no-overflow-checks --solver kissat --exact	unmeasured	unmeasured	?	DARK-SWEEP 2026-07-30 registered unrun; no runqueue row (flags inferred from family siblings)
geo-cmp	proofs::eq_box_overlap	-Z c-ffi -Z stubbing --c-lib c/pg_geo_cmp.c --no-overflow-checks --solver kissat --exact	unmeasured	unmeasured	?	DARK-SWEEP 2026-07-30 registered unrun; no runqueue row (flags inferred from family siblings)
geo-cmp	proofs::eq_box_overleft	-Z c-ffi -Z stubbing --c-lib c/pg_geo_cmp.c --no-overflow-checks --solver kissat --exact	unmeasured	unmeasured	?	DARK-SWEEP 2026-07-30 registered unrun; no runqueue row (flags inferred from family siblings)
geo-cmp	proofs::eq_box_overright	-Z c-ffi -Z stubbing --c-lib c/pg_geo_cmp.c --no-overflow-checks --solver kissat --exact	unmeasured	unmeasured	?	DARK-SWEEP 2026-07-30 registered unrun; no runqueue row (flags inferred from family siblings)
geo-cmp	proofs::eq_box_right	-Z c-ffi -Z stubbing --c-lib c/pg_geo_cmp.c --no-overflow-checks --solver kissat --exact	unmeasured	unmeasured	?	DARK-SWEEP 2026-07-30 registered unrun; no runqueue row (flags inferred from family siblings)
geo-cmp	proofs::eq_box_same	-Z c-ffi -Z stubbing --c-lib c/pg_geo_cmp.c --no-overflow-checks --solver kissat --exact	unmeasured	unmeasured	?	DARK-SWEEP 2026-07-30 registered unrun; no runqueue row (flags inferred from family siblings)
geo-cmp	proofs::eq_box_width	-Z c-ffi -Z stubbing --c-lib c/pg_geo_cmp.c --no-overflow-checks --solver kissat --exact	unmeasured	unmeasured	?	DARK-SWEEP 2026-07-30 registered unrun; no runqueue row (flags inferred from family siblings)
geo-cmp	proofs::eq_point_above	-Z c-ffi -Z stubbing --c-lib c/pg_geo_cmp.c --no-overflow-checks --solver kissat --exact	unmeasured	unmeasured	?	DARK-SWEEP 2026-07-30 registered unrun; no runqueue row (flags inferred from family siblings)
geo-cmp	proofs::eq_point_below	-Z c-ffi -Z stubbing --c-lib c/pg_geo_cmp.c --no-overflow-checks --solver kissat --exact	unmeasured	unmeasured	?	DARK-SWEEP 2026-07-30 registered unrun; no runqueue row (flags inferred from family siblings)
geo-cmp	proofs::eq_point_eq	-Z c-ffi -Z stubbing --c-lib c/pg_geo_cmp.c --no-overflow-checks --solver kissat --exact	unmeasured	unmeasured	?	DARK-SWEEP 2026-07-30 registered unrun; no runqueue row (flags inferred from family siblings)
geo-cmp	proofs::eq_point_horiz	-Z c-ffi -Z stubbing --c-lib c/pg_geo_cmp.c --no-overflow-checks --solver kissat --exact	unmeasured	unmeasured	?	DARK-SWEEP 2026-07-30 registered unrun; no runqueue row (flags inferred from family siblings)
geo-cmp	proofs::eq_point_left	-Z c-ffi -Z stubbing --c-lib c/pg_geo_cmp.c --no-overflow-checks --solver kissat --exact	unmeasured	unmeasured	?	DARK-SWEEP 2026-07-30 registered unrun; no runqueue row (flags inferred from family siblings)
geo-cmp	proofs::eq_point_ne	-Z c-ffi -Z stubbing --c-lib c/pg_geo_cmp.c --no-overflow-checks --solver kissat --exact	unmeasured	unmeasured	?	DARK-SWEEP 2026-07-30 registered unrun; no runqueue row (flags inferred from family siblings)
geo-cmp	proofs::eq_point_right	-Z c-ffi -Z stubbing --c-lib c/pg_geo_cmp.c --no-overflow-checks --solver kissat --exact	unmeasured	unmeasured	?	DARK-SWEEP 2026-07-30 registered unrun; no runqueue row (flags inferred from family siblings)
geo-cmp	proofs::eq_point_vert	-Z c-ffi -Z stubbing --c-lib c/pg_geo_cmp.c --no-overflow-checks --solver kissat --exact	unmeasured	unmeasured	?	DARK-SWEEP 2026-07-30 registered unrun; no runqueue row (flags inferred from family siblings)
geo-cmp	proofs::probe_box_area_full	-Z c-ffi -Z stubbing --c-lib c/pg_geo_cmp.c --no-overflow-checks --solver kissat --exact	unmeasured	unmeasured	?	DARK-SWEEP 2026-07-30 registered unrun; no runqueue row (flags inferred from family siblings)
geo-cmp	proofs::probe_box_cn_full	-Z c-ffi -Z stubbing --c-lib c/pg_geo_cmp.c --no-overflow-checks --solver kissat --exact	unmeasured	unmeasured	?	DARK-SWEEP 2026-07-30 registered unrun; no runqueue row (flags inferred from family siblings)
geo-cmp	proofs::probe_box_lt_full	-Z c-ffi -Z stubbing --c-lib c/pg_geo_cmp.c --no-overflow-checks --solver kissat --exact	unmeasured	unmeasured	?	DARK-SWEEP 2026-07-30 registered unrun; no runqueue row (flags inferred from family siblings)
gist-geo	proofs::control_gist_box_consistent_leaf_vs_internal	-Z c-ffi -Z stubbing --c-lib c/pg_gist_geo.c --no-overflow-checks --exact	must-fail	unmeasured	70	DARK-SWEEP 2026-07-30 registered unrun; runqueue triage: must-fail; expect: VERIFICATION FAILED (leaf vs internal RTLeft skew; decodable cex; a PASS = broken gate, stop the lane)|MEASURE-SWEEP 2026-07-30: VERIFICATION FAILED as designed (negative control); relabeled must-fail; gating-tier adjudication pending (Michael)
gist-geo	proofs::eq_gist_box_consistent_internal	-Z c-ffi -Z stubbing --c-lib c/pg_gist_geo.c --no-overflow-checks --solver kissat --exact	unmeasured	unmeasured	?	DARK-SWEEP 2026-07-30 registered unrun; runqueue triage: green; expect: PROVED(same domain, rtree_internal arm) — oid 2578 internal
gist-geo	proofs::eq_gist_box_consistent_leaf	-Z c-ffi -Z stubbing --c-lib c/pg_gist_geo.c --no-overflow-checks --solver kissat --exact	unmeasured	unmeasured	?	DARK-SWEEP 2026-07-30 registered unrun; runqueue triage: green; expect: PROVED(full-sym boxes + full-sym strategy incl error arm) — oid 2578 leaf
gist-geo	proofs::eq_gist_box_consistent_nulls	-Z c-ffi -Z stubbing --c-lib c/pg_gist_geo.c --no-overflow-checks --solver kissat --exact	unmeasured	unmeasured	?	DARK-SWEEP 2026-07-30 registered unrun; runqueue triage: green; expect: PROVED(null lattice -> false, recheck parity) — oid 2578
gist-geo	proofs::eq_gist_box_distance_strips	-Z c-ffi -Z stubbing --c-lib c/pg_gist_geo.c --no-overflow-checks --solver kissat --exact	unmeasured	unmeasured	?	DARK-SWEEP 2026-07-30 registered unrun; runqueue triage: green; expect: PROVED(strip+in-box arms, full-sym under fence) — oid 3998
gist-geo	proofs::eq_gist_box_penalty_degenerate_y	-Z c-ffi -Z stubbing --c-lib c/pg_gist_geo.c --no-overflow-checks --solver kissat --exact	unmeasured	unmeasured	?	DARK-SWEEP 2026-07-30 registered unrun; runqueue triage: green; expect: PROVED(literal-0 y plane; zero-size early returns; x fully sym) — oid 2581
gist-geo	proofs::eq_gist_box_same_full	-Z c-ffi -Z stubbing --c-lib c/pg_gist_geo.c --no-overflow-checks --solver kissat --exact	unmeasured	unmeasured	?	DARK-SWEEP 2026-07-30 registered unrun; runqueue triage: green; expect: PROVED(non-NaN plane; out-param + returned-pointer parity) — oid 2584|RECIPE-FIX 2026-07-30: nonexistent harness eq_gist_box_same_nonnan renamed to real eq_gist_box_same_full (full plane incl NaN per family header); re-sweep owed
gist-geo	proofs::eq_gist_box_same_nulls	-Z c-ffi -Z stubbing --c-lib c/pg_gist_geo.c --no-overflow-checks --solver kissat --exact	unmeasured	unmeasured	?	DARK-SWEEP 2026-07-30 registered unrun; runqueue triage: green; expect: PROVED(null lattice: both-null true / one-null false) — oid 2584
gist-geo	proofs::eq_gist_box_union_n2	-Z c-ffi -Z stubbing --c-lib c/pg_gist_geo.c --no-overflow-checks --solver kissat --exact	unmeasured	unmeasured	?	DARK-SWEEP 2026-07-30 registered unrun; runqueue triage: green; expect: PROVED(n=2 full-sym coords; sizep=32 claim; modulo static-buffer allocator model) — oid 2583
gist-geo	proofs::eq_gist_box_union_n3	-Z c-ffi -Z stubbing --c-lib c/pg_gist_geo.c --no-overflow-checks --solver kissat --exact	unmeasured	unmeasured	?	DARK-SWEEP 2026-07-30 registered unrun; runqueue triage: green; expect: PROVED(n=3 sibling) — oid 2583
gist-geo	proofs::eq_gist_circle_compress_leaf	-Z c-ffi -Z stubbing --c-lib c/pg_gist_geo.c --no-overflow-checks --solver kissat --exact	unmeasured	unmeasured	?	DARK-SWEEP 2026-07-30 registered unrun; runqueue triage: green; expect: PROVED(bbox + entry image + overflow Err arm; modulo allocator model) — oid 2592
gist-geo	proofs::eq_gist_circle_compress_noop	-Z c-ffi -Z stubbing --c-lib c/pg_gist_geo.c --no-overflow-checks --solver kissat --exact	unmeasured	unmeasured	?	DARK-SWEEP 2026-07-30 registered unrun; runqueue triage: green; expect: PROVED(non-leaf identity) — oid 2592
gist-geo	proofs::eq_gist_circle_consistent	-Z c-ffi -Z stubbing --c-lib c/pg_gist_geo.c --no-overflow-checks --solver kissat --exact	unmeasured	unmeasured	?	DARK-SWEEP 2026-07-30 registered unrun; runqueue triage: green; expect: PROVED(full-sym circle bbox (f8 add/sub) + strategy + null lattice; Err 22003 parity) — oid 2591
gist-geo	proofs::eq_gist_circle_distance_strips	-Z c-ffi -Z stubbing --c-lib c/pg_gist_geo.c --no-overflow-checks --solver kissat --exact	unmeasured	unmeasured	?	DARK-SWEEP 2026-07-30 registered unrun; runqueue triage: green; expect: PROVED(strips + *recheck=true lossy claim) — oid 3280
gist-geo	proofs::eq_gist_point_compress_leaf	-Z c-ffi -Z stubbing --c-lib c/pg_gist_geo.c --no-overflow-checks --solver kissat --exact	unmeasured	unmeasured	?	DARK-SWEEP 2026-07-30 registered unrun; runqueue triage: green; expect: PROVED(leaf arm: degenerate box + fresh GISTENTRY image; modulo allocator model) — oid 1030
gist-geo	proofs::eq_gist_point_compress_noop	-Z c-ffi -Z stubbing --c-lib c/pg_gist_geo.c --no-overflow-checks --solver kissat --exact	unmeasured	unmeasured	?	DARK-SWEEP 2026-07-30 registered unrun; runqueue triage: green; expect: PROVED(non-leaf identity, pointer-exact) — oid 1030
gist-geo	proofs::eq_gist_point_consistent_badgroup	-Z c-ffi -Z stubbing --c-lib c/pg_gist_geo.c --no-overflow-checks --solver kissat --exact	unmeasured	unmeasured	?	DARK-SWEEP 2026-07-30 registered unrun; runqueue triage: green; expect: PROVED(group>=4 error verdict parity) — oid 2179
gist-geo	proofs::eq_gist_point_consistent_group0	-Z c-ffi -Z stubbing --c-lib c/pg_gist_geo.c --no-overflow-checks --solver kissat --exact	unmeasured	unmeasured	?	DARK-SWEEP 2026-07-30 registered unrun; runqueue triage: green; expect: PROVED(group 0 incl RTOld remaps + leaf/internal RTSame + in-group error arm) — oid 2179
gist-geo	proofs::eq_gist_point_consistent_group1	-Z c-ffi -Z stubbing --c-lib c/pg_gist_geo.c --no-overflow-checks --solver kissat --exact	unmeasured	unmeasured	?	DARK-SWEEP 2026-07-30 registered unrun; runqueue triage: green; expect: PROVED(on_pb non-fuzzy overlap, box query) — oid 2179
gist-geo	proofs::eq_gist_point_distance_badstrategy	-Z c-ffi -Z stubbing --c-lib c/pg_gist_geo.c --no-overflow-checks --solver kissat --exact	unmeasured	unmeasured	?	DARK-SWEEP 2026-07-30 registered unrun; runqueue triage: green; expect: PROVED(group!=0 error verdict parity) — oid 3064
gist-geo	proofs::eq_gist_point_distance_inbox	-Z c-ffi -Z stubbing --c-lib c/pg_gist_geo.c --no-overflow-checks --solver kissat --exact	unmeasured	unmeasured	?	DARK-SWEEP 2026-07-30 registered unrun; runqueue triage: green; expect: PROVED(in-box plane -> 0.0) — oid 3064
gist-geo	proofs::eq_gist_point_distance_leaf_axis	-Z c-ffi -Z stubbing --c-lib c/pg_gist_geo.c --no-overflow-checks --solver kissat --exact	unmeasured	unmeasured	?	DARK-SWEEP 2026-07-30 registered unrun; runqueue triage: green; expect: PROVED(leaf, axis-aligned slice; ONE point_dt = 43-204s law; general hypot path out of proof) — oid 3064
gist-geo	proofs::eq_gist_point_distance_xstrip	-Z c-ffi -Z stubbing --c-lib c/pg_gist_geo.c --no-overflow-checks --solver kissat --exact	unmeasured	unmeasured	?	DARK-SWEEP 2026-07-30 registered unrun; runqueue triage: green; expect: PROVED(x-strip sibling) — oid 3064
gist-geo	proofs::eq_gist_point_distance_ystrip	-Z c-ffi -Z stubbing --c-lib c/pg_gist_geo.c --no-overflow-checks --solver kissat --exact	unmeasured	unmeasured	?	DARK-SWEEP 2026-07-30 registered unrun; runqueue triage: green; expect: PROVED(y-strip float8_mi arms + inconsistent-elog arm) — oid 3064
gist-geo	proofs::eq_gist_point_fetch	-Z c-ffi -Z stubbing --c-lib c/pg_gist_geo.c --no-overflow-checks --solver kissat --exact	unmeasured	unmeasured	?	DARK-SWEEP 2026-07-30 registered unrun; runqueue triage: green; expect: PROVED(point = (high.x, high.y) + entry image; modulo allocator model) — oid 3282
gist-geo	proofs::eq_gist_poly_compress_leaf	-Z c-ffi -Z stubbing --c-lib c/pg_gist_geo.c --no-overflow-checks --solver kissat --exact	unmeasured	unmeasured	?	DARK-SWEEP 2026-07-30 registered unrun; runqueue triage: green; expect: PROVED(boundbox extract + entry image; modulo allocator model) — oid 2586
gist-geo	proofs::eq_gist_poly_compress_noop	-Z c-ffi -Z stubbing --c-lib c/pg_gist_geo.c --no-overflow-checks --solver kissat --exact	unmeasured	unmeasured	?	DARK-SWEEP 2026-07-30 registered unrun; runqueue triage: green; expect: PROVED(non-leaf identity) — oid 2586
gist-geo	proofs::eq_gist_poly_consistent	-Z c-ffi -Z stubbing --c-lib c/pg_gist_geo.c --no-overflow-checks --solver kissat --exact	unmeasured	unmeasured	?	DARK-SWEEP 2026-07-30 registered unrun; runqueue triage: green; expect: PROVED(full-sym boundbox + strategy + null lattice; recheck=true; pre-detoast 4B-u image fence) — oid 2585
gist-geo	proofs::eq_gist_poly_distance_strips	-Z c-ffi -Z stubbing --c-lib c/pg_gist_geo.c --no-overflow-checks --solver kissat --exact	unmeasured	unmeasured	?	DARK-SWEEP 2026-07-30 registered unrun; runqueue triage: green; expect: PROVED(strips + *recheck=true lossy claim) — oid 3288
gist-geo	proofs::eq_gist_translate_cmptype_common	-Z c-ffi -Z stubbing --c-lib c/pg_gist_geo.c --no-overflow-checks --solver kissat --exact	unmeasured	unmeasured	?	DARK-SWEEP 2026-07-30 registered unrun; runqueue triage: green; expect: PROVED(full-i32 8-arm table, <1s) — oid 6347
gist-geo	proofs::grid_gist_box_distance_vertex	-Z c-ffi -Z stubbing --c-lib c/pg_gist_geo.c --no-overflow-checks --solver kissat --exact	unmeasured	unmeasured	?	DARK-SWEEP 2026-07-30 registered unrun; runqueue triage: green; expect: PROVED(vertex grid via box wrapper) — oid 3998
gist-geo	proofs::grid_gist_box_penalty	-Z c-ffi -Z stubbing --c-lib c/pg_gist_geo.c --no-overflow-checks --solver kissat --exact	unmeasured	unmeasured	?	DARK-SWEEP 2026-07-30 registered unrun; runqueue triage: green; expect: PROVED(10x10 concrete pair grid: zero/NaN-high/NaN-low/Inf/overflow/underflow/f32-round cells; Err 22003 parity) — oid 2581
gist-geo	proofs::grid_gist_point_distance_vertex	-Z c-ffi -Z stubbing --c-lib c/pg_gist_geo.c --no-overflow-checks --solver kissat --exact	unmeasured	unmeasured	?	DARK-SWEEP 2026-07-30 registered unrun; runqueue triage: green; expect: PROVED(8-cell concrete vertex grid incl NaN pin/Inf/overflow-Err) — oid 3064
gist-geo	proofs::probe_gist_box_penalty_full	-Z c-ffi -Z stubbing --c-lib c/pg_gist_geo.c --no-overflow-checks --solver kissat --exact	unmeasured	unmeasured	?	DARK-SWEEP 2026-07-30 registered unrun; runqueue triage: wall-expected; expect: WALL (sym x sym 53-bit multiply in size_box; record honestly, try DEFAULT once) — oid 2581
gist-geo	proofs::probe_gist_box_same_nan_plane	-Z c-ffi -Z stubbing --c-lib c/pg_gist_geo.c --no-overflow-checks --exact	unmeasured	unmeasured	?	DARK-SWEEP 2026-07-30 registered unrun; runqueue triage: must-fail; expect: VERIFICATION FAILED — C float8_eq(NaN,NaN)=true vs shipped raw ==; ground-truth vs real PG18 then adjudicate (divergence candidate, do NOT fix-and-rerun in one breath)
int-arith	proofs::cover_recv_both_arms	-Z c-ffi -Z stubbing --c-lib c/pg_int_arith.c --solver kissat --exact	unmeasured	unmeasured	?	DARK-SWEEP 2026-07-30 registered unrun; no runqueue row (flags inferred from family siblings)
int-cmp	proofs::eq_btboolcmp	-Z c-ffi -Z stubbing --c-lib c/pg_intcmp.c --solver kissat --exact	unmeasured	unmeasured	?	DARK-SWEEP 2026-07-30 registered unrun; runqueue triage: green; expect: PROVED(full bool x bool) fast — raw (int32)a-(int32)b magnitude in-theorem
int-cmp	proofs::eq_btequalimage	-Z c-ffi -Z stubbing --c-lib c/pg_intcmp.c --solver kissat --exact	unmeasured	unmeasured	?	DARK-SWEEP 2026-07-30 registered unrun; runqueue triage: green; expect: PROVED(full-u32 opcintype, fc-level) fast — codegen warns caller_location/foreign-fn: reachable only on the call1_ok panic arm, dead when the wrapper is infallible
int-cmp	proofs::eq_btint24cmp	-Z c-ffi -Z stubbing --c-lib c/pg_intcmp.c --solver kissat --exact	unmeasured	unmeasured	?	DARK-SWEEP 2026-07-30 registered unrun; runqueue triage: green; expect: PROVED(full i16 x i32) fast
int-cmp	proofs::eq_btint28cmp	-Z c-ffi -Z stubbing --c-lib c/pg_intcmp.c --solver kissat --exact	unmeasured	unmeasured	?	DARK-SWEEP 2026-07-30 registered unrun; runqueue triage: green; expect: PROVED(full i16 x i64) fast
int-cmp	proofs::eq_btint42cmp	-Z c-ffi -Z stubbing --c-lib c/pg_intcmp.c --solver kissat --exact	unmeasured	unmeasured	?	DARK-SWEEP 2026-07-30 registered unrun; runqueue triage: green; expect: PROVED(full i32 x i16) fast
int-cmp	proofs::eq_btint48cmp	-Z c-ffi -Z stubbing --c-lib c/pg_intcmp.c --solver kissat --exact	unmeasured	unmeasured	?	DARK-SWEEP 2026-07-30 registered unrun; runqueue triage: green; expect: PROVED(full i32 x i64) fast
int-cmp	proofs::eq_btint82cmp	-Z c-ffi -Z stubbing --c-lib c/pg_intcmp.c --solver kissat --exact	unmeasured	unmeasured	?	DARK-SWEEP 2026-07-30 registered unrun; runqueue triage: green; expect: PROVED(full i64 x i16) fast
int-cmp	proofs::eq_btint84cmp	-Z c-ffi -Z stubbing --c-lib c/pg_intcmp.c --solver kissat --exact	unmeasured	unmeasured	?	DARK-SWEEP 2026-07-30 registered unrun; runqueue triage: green; expect: PROVED(full i64 x i32) fast
int-cmp	proofs::neg_control_btboolcmp_argswap	-Z c-ffi -Z stubbing --c-lib c/pg_intcmp.c --exact	must-fail	unmeasured	10	DARK-SWEEP 2026-07-30 registered unrun; runqueue triage: must-fail; expect: VERIFICATION FAILED w/ counterexample (new-C-section rig non-vacuity; DEFAULT solver)|MEASURE-SWEEP 2026-07-30: VERIFICATION FAILED as designed (negative control); relabeled must-fail; gating-tier adjudication pending (Michael)
json-escape	census_len1_plain	-Z c-ffi -Z stubbing --c-lib c/pg_escape.c --solver kissat --exact	unmeasured	unmeasured	?	DARK-SWEEP 2026-07-30 registered unrun; no runqueue row (flags inferred from family siblings)|RECIPE-FIX 2026-07-30: measure sweep NO-VERDICT (stub attr rejected without -Z stubbing); flag added, re-sweep owed
json-escape	census_len1_twochar	-Z c-ffi -Z stubbing --c-lib c/pg_escape.c --solver kissat --exact	unmeasured	unmeasured	?	DARK-SWEEP 2026-07-30 registered unrun; no runqueue row (flags inferred from family siblings)|RECIPE-FIX 2026-07-30: measure sweep NO-VERDICT (stub attr rejected without -Z stubbing); flag added, re-sweep owed
json-escape	census_len1_u04x	-Z c-ffi -Z stubbing --c-lib c/pg_escape.c --solver kissat --exact	unmeasured	unmeasured	?	DARK-SWEEP 2026-07-30 registered unrun; no runqueue row (flags inferred from family siblings)|RECIPE-FIX 2026-07-30: measure sweep NO-VERDICT (stub attr rejected without -Z stubbing); flag added, re-sweep owed
jsonb-gin	proofs::control_extract_hash_seam_skew	-Z c-ffi -Z stubbing --c-lib c/pg_jsonb_gin.c --exact	unmeasured	unmeasured	?	DARK-SWEEP 2026-07-30 registered unrun; runqueue triage: must-fail; expect VERIFICATION FAILED
jsonb-gin	proofs::control_ginarray_null_skew	-Z c-ffi -Z stubbing --c-lib c/pg_ginarray.c --exact	must-fail	unmeasured	20	DARK-SWEEP 2026-07-30 registered unrun; runqueue triage: must-fail; expect VERIFICATION FAILED|MEASURE-SWEEP 2026-07-30: VERIFICATION FAILED as designed (negative control); relabeled must-fail; gating-tier adjudication pending (Michael)
jsonb-gin	proofs::control_jsp_wrong_entry	-Z c-ffi -Z stubbing --c-lib c/pg_jsonb_gin.c --exact	unmeasured	unmeasured	?	DARK-SWEEP 2026-07-30 registered unrun; runqueue triage: must-fail; expect VERIFICATION FAILED
jsonb-gin	proofs::cover_jsp_shapes_len4	-Z c-ffi -Z stubbing --c-lib c/pg_jsonb_gin.c --exact	unmeasured	unmeasured	?	DARK-SWEEP 2026-07-30 registered unrun; runqueue triage: green
jsonb-gin	proofs::eq_consistent_jsonb_contains	-Z c-ffi -Z stubbing --c-lib c/pg_jsonb_gin.c --solver kissat --exact	unmeasured	unmeasured	?	DARK-SWEEP 2026-07-30 registered unrun; runqueue triage: green
jsonb-gin	proofs::eq_consistent_jsonb_exists	-Z c-ffi -Z stubbing --c-lib c/pg_jsonb_gin.c --solver kissat --exact	unmeasured	unmeasured	?	DARK-SWEEP 2026-07-30 registered unrun; runqueue triage: green
jsonb-gin	proofs::eq_consistent_jsonb_exists_all	-Z c-ffi -Z stubbing --c-lib c/pg_jsonb_gin.c --solver kissat --exact	unmeasured	unmeasured	?	DARK-SWEEP 2026-07-30 registered unrun; runqueue triage: green
jsonb-gin	proofs::eq_consistent_jsonb_exists_any	-Z c-ffi -Z stubbing --c-lib c/pg_jsonb_gin.c --solver kissat --exact	unmeasured	unmeasured	?	DARK-SWEEP 2026-07-30 registered unrun; runqueue triage: green
jsonb-gin	proofs::eq_consistent_jsonb_path_contains	-Z c-ffi -Z stubbing --c-lib c/pg_jsonb_gin.c --solver kissat --exact	unmeasured	unmeasured	?	DARK-SWEEP 2026-07-30 registered unrun; runqueue triage: green
jsonb-gin	proofs::eq_extract_jsonb_arr_n0	-Z c-ffi -Z stubbing --c-lib c/pg_jsonb_gin.c --solver kissat --exact	unmeasured	unmeasured	?	DARK-SWEEP 2026-07-30 registered unrun; runqueue triage: green; wall-risk per header: bounded text-key IMAGE cell — if it walls in CNF record wall(CNF width-bound), keep path_ops cells green
jsonb-gin	proofs::eq_extract_jsonb_arr_n1	-Z c-ffi -Z stubbing --c-lib c/pg_jsonb_gin.c --solver kissat --exact	unmeasured	unmeasured	?	DARK-SWEEP 2026-07-30 registered unrun; runqueue triage: green; wall-risk per header: bounded text-key IMAGE cell — if it walls in CNF record wall(CNF width-bound), keep path_ops cells green
jsonb-gin	proofs::eq_extract_jsonb_arr_n2	-Z c-ffi -Z stubbing --c-lib c/pg_jsonb_gin.c --solver kissat --exact	unmeasured	unmeasured	?	DARK-SWEEP 2026-07-30 registered unrun; runqueue triage: green; wall-risk per header: bounded text-key IMAGE cell — if it walls in CNF record wall(CNF width-bound), keep path_ops cells green
jsonb-gin	proofs::eq_extract_jsonb_arr_n3	-Z c-ffi -Z stubbing --c-lib c/pg_jsonb_gin.c --solver kissat --exact	unmeasured	unmeasured	?	DARK-SWEEP 2026-07-30 registered unrun; runqueue triage: green; wall-risk per header: bounded text-key IMAGE cell — if it walls in CNF record wall(CNF width-bound), keep path_ops cells green
jsonb-gin	proofs::eq_extract_jsonb_obj_n1	-Z c-ffi -Z stubbing --c-lib c/pg_jsonb_gin.c --solver kissat --exact	unmeasured	unmeasured	?	DARK-SWEEP 2026-07-30 registered unrun; runqueue triage: green; wall-risk per header: bounded text-key IMAGE cell — if it walls in CNF record wall(CNF width-bound), keep path_ops cells green
jsonb-gin	proofs::eq_extract_jsonb_path_arr_n1	-Z c-ffi -Z stubbing --c-lib c/pg_jsonb_gin.c --solver kissat --exact	unmeasured	unmeasured	?	DARK-SWEEP 2026-07-30 registered unrun; runqueue triage: green
jsonb-gin	proofs::eq_extract_jsonb_path_arr_n2	-Z c-ffi -Z stubbing --c-lib c/pg_jsonb_gin.c --solver kissat --exact	unmeasured	unmeasured	?	DARK-SWEEP 2026-07-30 registered unrun; runqueue triage: green
jsonb-gin	proofs::eq_extract_jsonb_path_arr_n3	-Z c-ffi -Z stubbing --c-lib c/pg_jsonb_gin.c --solver kissat --exact	unmeasured	unmeasured	?	DARK-SWEEP 2026-07-30 registered unrun; runqueue triage: green
jsonb-gin	proofs::eq_extract_jsonb_path_str_n1	-Z c-ffi -Z stubbing --c-lib c/pg_jsonb_gin.c --solver kissat --exact	unmeasured	unmeasured	?	DARK-SWEEP 2026-07-30 registered unrun; runqueue triage: green; hash seam active
jsonb-gin	proofs::eq_ginarray_consistent_contained	-Z c-ffi -Z stubbing --c-lib c/pg_ginarray.c --solver kissat --exact	unmeasured	unmeasured	?	DARK-SWEEP 2026-07-30 registered unrun; runqueue triage: green
jsonb-gin	proofs::eq_ginarray_consistent_contains	-Z c-ffi -Z stubbing --c-lib c/pg_ginarray.c --solver kissat --exact	unmeasured	unmeasured	?	DARK-SWEEP 2026-07-30 registered unrun; runqueue triage: green
jsonb-gin	proofs::eq_ginarray_consistent_equal	-Z c-ffi -Z stubbing --c-lib c/pg_ginarray.c --solver kissat --exact	unmeasured	unmeasured	?	DARK-SWEEP 2026-07-30 registered unrun; runqueue triage: green
jsonb-gin	proofs::eq_ginarray_consistent_overlap	-Z c-ffi -Z stubbing --c-lib c/pg_ginarray.c --solver kissat --exact	unmeasured	unmeasured	?	DARK-SWEEP 2026-07-30 registered unrun; runqueue triage: green
jsonb-gin	proofs::eq_ginarray_tri_contained	-Z c-ffi -Z stubbing --c-lib c/pg_ginarray.c --solver kissat --exact	unmeasured	unmeasured	?	DARK-SWEEP 2026-07-30 registered unrun; runqueue triage: green
jsonb-gin	proofs::eq_ginarray_tri_contains	-Z c-ffi -Z stubbing --c-lib c/pg_ginarray.c --solver kissat --exact	unmeasured	unmeasured	?	DARK-SWEEP 2026-07-30 registered unrun; runqueue triage: green
jsonb-gin	proofs::eq_ginarray_tri_equal	-Z c-ffi -Z stubbing --c-lib c/pg_ginarray.c --solver kissat --exact	unmeasured	unmeasured	?	DARK-SWEEP 2026-07-30 registered unrun; runqueue triage: green
jsonb-gin	proofs::eq_ginarray_tri_overlap	-Z c-ffi -Z stubbing --c-lib c/pg_ginarray.c --solver kissat --exact	unmeasured	unmeasured	?	DARK-SWEEP 2026-07-30 registered unrun; runqueue triage: green
jsonb-gin	proofs::eq_jsp_bin_and2	-Z c-ffi -Z stubbing --c-lib c/pg_jsonb_gin.c --solver kissat --exact	unmeasured	unmeasured	?	DARK-SWEEP 2026-07-30 registered unrun; runqueue triage: green
jsonb-gin	proofs::eq_jsp_bin_and3	-Z c-ffi -Z stubbing --c-lib c/pg_jsonb_gin.c --solver kissat --exact	unmeasured	unmeasured	?	DARK-SWEEP 2026-07-30 registered unrun; runqueue triage: green
jsonb-gin	proofs::eq_jsp_bin_and_or	-Z c-ffi -Z stubbing --c-lib c/pg_jsonb_gin.c --solver kissat --exact	unmeasured	unmeasured	?	DARK-SWEEP 2026-07-30 registered unrun; runqueue triage: green; 5-op spot shape
jsonb-gin	proofs::eq_jsp_bin_entry	-Z c-ffi -Z stubbing --c-lib c/pg_jsonb_gin.c --solver kissat --exact	unmeasured	unmeasured	?	DARK-SWEEP 2026-07-30 registered unrun; runqueue triage: green
jsonb-gin	proofs::eq_jsp_bin_or2	-Z c-ffi -Z stubbing --c-lib c/pg_jsonb_gin.c --solver kissat --exact	unmeasured	unmeasured	?	DARK-SWEEP 2026-07-30 registered unrun; runqueue triage: green
jsonb-gin	proofs::eq_jsp_bin_or_and	-Z c-ffi -Z stubbing --c-lib c/pg_jsonb_gin.c --solver kissat --exact	unmeasured	unmeasured	?	DARK-SWEEP 2026-07-30 registered unrun; runqueue triage: green; 5-op spot shape
jsonb-gin	proofs::eq_jsp_bin_pred_and2	-Z c-ffi -Z stubbing --c-lib c/pg_jsonb_gin.c --solver kissat --exact	unmeasured	unmeasured	?	DARK-SWEEP 2026-07-30 registered unrun; runqueue triage: green; strategy 16 alias
jsonb-gin	proofs::eq_jsp_nokeys	-Z c-ffi -Z stubbing --c-lib c/pg_jsonb_gin.c --solver kissat --exact	unmeasured	unmeasured	?	DARK-SWEEP 2026-07-30 registered unrun; runqueue triage: green
jsonb-gin	proofs::eq_jsp_path_bin_and_or	-Z c-ffi -Z stubbing --c-lib c/pg_jsonb_gin.c --solver kissat --exact	unmeasured	unmeasured	?	DARK-SWEEP 2026-07-30 registered unrun; runqueue triage: green
jsonb-gin	proofs::eq_jsp_path_nokeys	-Z c-ffi -Z stubbing --c-lib c/pg_jsonb_gin.c --solver kissat --exact	unmeasured	unmeasured	?	DARK-SWEEP 2026-07-30 registered unrun; runqueue triage: green
jsonb-gin	proofs::eq_jsp_path_tri_or_and	-Z c-ffi -Z stubbing --c-lib c/pg_jsonb_gin.c --solver kissat --exact	unmeasured	unmeasured	?	DARK-SWEEP 2026-07-30 registered unrun; runqueue triage: green
jsonb-gin	proofs::eq_jsp_tri_and2	-Z c-ffi -Z stubbing --c-lib c/pg_jsonb_gin.c --solver kissat --exact	unmeasured	unmeasured	?	DARK-SWEEP 2026-07-30 registered unrun; runqueue triage: green
jsonb-gin	proofs::eq_jsp_tri_and3	-Z c-ffi -Z stubbing --c-lib c/pg_jsonb_gin.c --solver kissat --exact	unmeasured	unmeasured	?	DARK-SWEEP 2026-07-30 registered unrun; runqueue triage: green
jsonb-gin	proofs::eq_jsp_tri_and_or	-Z c-ffi -Z stubbing --c-lib c/pg_jsonb_gin.c --solver kissat --exact	unmeasured	unmeasured	?	DARK-SWEEP 2026-07-30 registered unrun; runqueue triage: green
jsonb-gin	proofs::eq_jsp_tri_entry	-Z c-ffi -Z stubbing --c-lib c/pg_jsonb_gin.c --solver kissat --exact	unmeasured	unmeasured	?	DARK-SWEEP 2026-07-30 registered unrun; runqueue triage: green
jsonb-gin	proofs::eq_jsp_tri_or2	-Z c-ffi -Z stubbing --c-lib c/pg_jsonb_gin.c --solver kissat --exact	unmeasured	unmeasured	?	DARK-SWEEP 2026-07-30 registered unrun; runqueue triage: green
jsonb-gin	proofs::eq_jsp_tri_or_and	-Z c-ffi -Z stubbing --c-lib c/pg_jsonb_gin.c --solver kissat --exact	unmeasured	unmeasured	?	DARK-SWEEP 2026-07-30 registered unrun; runqueue triage: green
jsonb-gin	proofs::eq_jsp_tri_pred_or2	-Z c-ffi -Z stubbing --c-lib c/pg_jsonb_gin.c --solver kissat --exact	unmeasured	unmeasured	?	DARK-SWEEP 2026-07-30 registered unrun; runqueue triage: green; strategy 16 alias
jsonb-gin	proofs::eq_strategy_constants	-Z c-ffi -Z stubbing --c-lib c/pg_jsonb_gin.c --solver kissat --exact	unmeasured	unmeasured	?	DARK-SWEEP 2026-07-30 registered unrun; runqueue triage: green
jsonb-gin	proofs::eq_triconsistent_jsonb_contains	-Z c-ffi -Z stubbing --c-lib c/pg_jsonb_gin.c --solver kissat --exact	unmeasured	unmeasured	?	DARK-SWEEP 2026-07-30 registered unrun; runqueue triage: green
jsonb-gin	proofs::eq_triconsistent_jsonb_exists	-Z c-ffi -Z stubbing --c-lib c/pg_jsonb_gin.c --solver kissat --exact	unmeasured	unmeasured	?	DARK-SWEEP 2026-07-30 registered unrun; runqueue triage: green
jsonb-gin	proofs::eq_triconsistent_jsonb_exists_all	-Z c-ffi -Z stubbing --c-lib c/pg_jsonb_gin.c --solver kissat --exact	unmeasured	unmeasured	?	DARK-SWEEP 2026-07-30 registered unrun; runqueue triage: green
jsonb-gin	proofs::eq_triconsistent_jsonb_exists_any	-Z c-ffi -Z stubbing --c-lib c/pg_jsonb_gin.c --solver kissat --exact	unmeasured	unmeasured	?	DARK-SWEEP 2026-07-30 registered unrun; runqueue triage: green
jsonb-gin	proofs::eq_triconsistent_jsonb_path_contains	-Z c-ffi -Z stubbing --c-lib c/pg_jsonb_gin.c --solver kissat --exact	unmeasured	unmeasured	?	DARK-SWEEP 2026-07-30 registered unrun; runqueue triage: green
network	arith_proofs::eq_inetmi_int8_v4	-Z c-ffi -Z stubbing --c-lib csrc/net_arith.c --exact	unmeasured	unmeasured	?	DARK-SWEEP 2026-07-30 registered unrun; runqueue triage: green; expect: PROVED (fast)
network	arith_proofs::eq_inetmi_int8_v6	-Z c-ffi -Z stubbing --c-lib csrc/net_arith.c --exact	unmeasured	unmeasured	?	DARK-SWEEP 2026-07-30 registered unrun; runqueue triage: green; expect: PROVED (fast/ladder)
network	arith_proofs::eq_inetpl_v4	-Z c-ffi -Z stubbing --c-lib csrc/net_arith.c --exact	unmeasured	unmeasured	?	DARK-SWEEP 2026-07-30 registered unrun; runqueue triage: green; expect: PROVED (fast; 4-byte carry loop, /0x100 pow2)
network	arith_proofs::eq_inetpl_v6	-Z c-ffi -Z stubbing --c-lib csrc/net_arith.c --exact	unmeasured	unmeasured	?	DARK-SWEEP 2026-07-30 registered unrun; runqueue triage: green; expect: PROVED (fast/ladder; 16-byte carry loop)
network	ntop_spot_proofs::control_ntop_host_vs_show	-Z c-ffi -Z stubbing --c-lib csrc/net_ntop.c --exact	must-fail	unmeasured	20	DARK-SWEEP 2026-07-30 registered unrun; runqueue triage: must-fail; expect: VERIFICATION FAILED (host vs show /24)|MEASURE-SWEEP 2026-07-30: VERIFICATION FAILED as designed (negative control); relabeled must-fail; gating-tier adjudication pending (Michael)
network	ntop_spot_proofs::spot_cidr_abbrev_v4_partial	-Z c-ffi -Z stubbing --c-lib csrc/net_ntop.c --solver kissat --exact	unmeasured	unmeasured	?	DARK-SWEEP 2026-07-30 registered unrun; runqueue triage: green; expect: PROVED ("10.128/9" — partial-octet mask)
network	ntop_spot_proofs::spot_cidr_abbrev_v4_zero	-Z c-ffi -Z stubbing --c-lib csrc/net_ntop.c --solver kissat --exact	unmeasured	unmeasured	?	DARK-SWEEP 2026-07-30 registered unrun; runqueue triage: green; expect: PROVED ("0/0")
network	ntop_spot_proofs::spot_cidr_abbrev_v6_v4mapped	-Z c-ffi -Z stubbing --c-lib csrc/net_ntop.c --solver kissat --exact	unmeasured	unmeasured	?	DARK-SWEEP 2026-07-30 registered unrun; runqueue triage: green; expect: PROVED ("::ffff:192.0.2/120" — drop-last-octet quirk)
network	ntop_spot_proofs::spot_cidr_abbrev_v6_words	-Z c-ffi -Z stubbing --c-lib csrc/net_ntop.c --solver kissat --exact	unmeasured	unmeasured	?	DARK-SWEEP 2026-07-30 registered unrun; runqueue triage: green; expect: PROVED ("2001:db8/32")
network	ntop_spot_proofs::spot_cidr_abbrev_v6_zero	-Z c-ffi -Z stubbing --c-lib csrc/net_ntop.c --solver kissat --exact	unmeasured	unmeasured	?	DARK-SWEEP 2026-07-30 registered unrun; runqueue triage: green; expect: PROVED ("::/0")
network	ntop_spot_proofs::spot_cidr_out_v4_full	-Z c-ffi -Z stubbing --c-lib csrc/net_ntop.c --solver kissat --exact	unmeasured	unmeasured	?	DARK-SWEEP 2026-07-30 registered unrun; runqueue triage: green; expect: PROVED ("10.1.2.3/32" appended arm)
network	ntop_spot_proofs::spot_cidr_out_v4_mask	-Z c-ffi -Z stubbing --c-lib csrc/net_ntop.c --solver kissat --exact	unmeasured	unmeasured	?	DARK-SWEEP 2026-07-30 registered unrun; runqueue triage: green; expect: PROVED ("10.0.0.0/8")
network	ntop_spot_proofs::spot_cidr_out_v6_mask	-Z c-ffi -Z stubbing --c-lib csrc/net_ntop.c --solver kissat --exact	unmeasured	unmeasured	?	DARK-SWEEP 2026-07-30 registered unrun; runqueue triage: green; expect: PROVED ("2001:db8::/64")
network	ntop_spot_proofs::spot_inet_abbrev_v4	-Z c-ffi -Z stubbing --c-lib csrc/net_ntop.c --solver kissat --exact	unmeasured	unmeasured	?	DARK-SWEEP 2026-07-30 registered unrun; runqueue triage: green; expect: PROVED ("10.1.0.0/16" — v4 net_ntop keeps all octets)
network	ntop_spot_proofs::spot_inet_abbrev_v6	-Z c-ffi -Z stubbing --c-lib csrc/net_ntop.c --solver kissat --exact	unmeasured	unmeasured	?	DARK-SWEEP 2026-07-30 registered unrun; runqueue triage: green; expect: PROVED ("2001::1/60")
network	ntop_spot_proofs::spot_inet_out_v4_full	-Z c-ffi -Z stubbing --c-lib csrc/net_ntop.c --solver kissat --exact	unmeasured	unmeasured	?	DARK-SWEEP 2026-07-30 registered unrun; runqueue triage: green; expect: PROVED ("192.0.2.1")
network	ntop_spot_proofs::spot_inet_out_v4_mask	-Z c-ffi -Z stubbing --c-lib csrc/net_ntop.c --solver kissat --exact	unmeasured	unmeasured	?	DARK-SWEEP 2026-07-30 registered unrun; runqueue triage: green; expect: PROVED ("192.0.2.0/24")
network	ntop_spot_proofs::spot_inet_out_v6_compress	-Z c-ffi -Z stubbing --c-lib csrc/net_ntop.c --solver kissat --exact	unmeasured	unmeasured	?	DARK-SWEEP 2026-07-30 registered unrun; runqueue triage: green; expect: PROVED ("2001:db8::1")
network	ntop_spot_proofs::spot_inet_out_v6_v4mapped	-Z c-ffi -Z stubbing --c-lib csrc/net_ntop.c --solver kissat --exact	unmeasured	unmeasured	?	DARK-SWEEP 2026-07-30 registered unrun; runqueue triage: green; expect: PROVED ("::ffff:192.0.2.128")
network	ntop_spot_proofs::spot_network_host_v4	-Z c-ffi -Z stubbing --c-lib csrc/net_ntop.c --solver kissat --exact	unmeasured	unmeasured	?	DARK-SWEEP 2026-07-30 registered unrun; runqueue triage: green; expect: PROVED ("192.0.2.5" — /24 suppressed)
network	ntop_spot_proofs::spot_network_host_v6	-Z c-ffi -Z stubbing --c-lib csrc/net_ntop.c --solver kissat --exact	unmeasured	unmeasured	?	DARK-SWEEP 2026-07-30 registered unrun; runqueue triage: green; expect: PROVED ("2001:db8::5")
network	ntop_spot_proofs::spot_network_show_v4	-Z c-ffi -Z stubbing --c-lib csrc/net_ntop.c --solver kissat --exact	unmeasured	unmeasured	?	DARK-SWEEP 2026-07-30 registered unrun; runqueue triage: green; expect: PROVED ("192.0.2.5/24")
network	ntop_spot_proofs::spot_network_show_v6	-Z c-ffi -Z stubbing --c-lib csrc/net_ntop.c --solver kissat --exact	unmeasured	unmeasured	?	DARK-SWEEP 2026-07-30 registered unrun; runqueue triage: green; expect: PROVED ("2001:db8::5/64")
numeric-arith	proofs::eq_add_var_nd4	-Z c-ffi --c-lib c/pg_numeric_arith.c --solver kissat --no-assertion-reach-checks --exact	unmeasured	unmeasured	?	DARK-SWEEP 2026-07-30 registered unrun; no runqueue row (flags inferred from family siblings)
numeric-arith	proofs::eq_mul_var_nd2	-Z c-ffi --c-lib c/pg_numeric_arith.c --solver kissat --no-assertion-reach-checks --exact	unmeasured	unmeasured	?	DARK-SWEEP 2026-07-30 registered unrun; no runqueue row (flags inferred from family siblings)
numeric-arith	proofs::eq_mul_var_nd3	-Z c-ffi --c-lib c/pg_numeric_arith.c --solver kissat --no-assertion-reach-checks --exact	unmeasured	unmeasured	?	DARK-SWEEP 2026-07-30 registered unrun; no runqueue row (flags inferred from family siblings)
numeric-arith	proofs::eq_mul_var_nd4	-Z c-ffi --c-lib c/pg_numeric_arith.c --solver kissat --no-assertion-reach-checks --exact	unmeasured	unmeasured	?	DARK-SWEEP 2026-07-30 registered unrun; no runqueue row (flags inferred from family siblings)
numeric-arith	proofs::eq_sub_var_nd4	-Z c-ffi --c-lib c/pg_numeric_arith.c --solver kissat --no-assertion-reach-checks --exact	unmeasured	unmeasured	?	DARK-SWEEP 2026-07-30 registered unrun; no runqueue row (flags inferred from family siblings)
numeric-probe	proofs::cover_numeric_min_scale_regimes	-Z c-ffi -Z stubbing --c-lib c/pg_numeric_cmp.c --c-lib c/pg_numeric_rows.c --c-lib c/pg_numeric_tail.c --solver kissat --exact	unmeasured	unmeasured	?	DARK-SWEEP 2026-07-30 registered unrun; no runqueue row (flags inferred from family siblings)
numeric-probe	proofs::cover_numeric_trim_scale_regimes	-Z c-ffi -Z stubbing --c-lib c/pg_numeric_cmp.c --c-lib c/pg_numeric_rows.c --c-lib c/pg_numeric_tail.c --solver kissat --exact	unmeasured	unmeasured	?	DARK-SWEEP 2026-07-30 registered unrun; no runqueue row (flags inferred from family siblings)
numeric-probe	proofs::ctl_numeric_min_scale_weight_skew	-Z c-ffi -Z stubbing --c-lib c/pg_numeric_cmp.c --c-lib c/pg_numeric_rows.c --c-lib c/pg_numeric_tail.c --solver kissat --exact	must-fail	unmeasured	30	DARK-SWEEP 2026-07-30 registered unrun; no runqueue row (flags inferred from family siblings)|MEASURE-SWEEP 2026-07-30: VERIFICATION FAILED as designed (negative control); relabeled must-fail; gating-tier adjudication pending (Michael)
numeric-probe	proofs::eq_in_range_base_nan	-Z c-ffi -Z stubbing --c-lib c/pg_numeric_cmp.c --c-lib c/pg_numeric_rows.c --c-lib c/pg_numeric_tail.c --solver kissat --exact	unmeasured	unmeasured	?	DARK-SWEEP 2026-07-30 registered unrun; no runqueue row (flags inferred from family siblings)
numeric-probe	proofs::eq_in_range_base_ninf	-Z c-ffi -Z stubbing --c-lib c/pg_numeric_cmp.c --c-lib c/pg_numeric_rows.c --c-lib c/pg_numeric_tail.c --solver kissat --exact	unmeasured	unmeasured	?	DARK-SWEEP 2026-07-30 registered unrun; no runqueue row (flags inferred from family siblings)
numeric-probe	proofs::eq_in_range_base_pinf	-Z c-ffi -Z stubbing --c-lib c/pg_numeric_cmp.c --c-lib c/pg_numeric_rows.c --c-lib c/pg_numeric_tail.c --solver kissat --exact	unmeasured	unmeasured	?	DARK-SWEEP 2026-07-30 registered unrun; no runqueue row (flags inferred from family siblings)
numeric-probe	proofs::eq_in_range_err_neg_long	-Z c-ffi -Z stubbing --c-lib c/pg_numeric_cmp.c --c-lib c/pg_numeric_rows.c --c-lib c/pg_numeric_tail.c --solver kissat --exact	unmeasured	unmeasured	?	DARK-SWEEP 2026-07-30 registered unrun; no runqueue row (flags inferred from family siblings)
numeric-probe	proofs::eq_in_range_err_neg_short	-Z c-ffi -Z stubbing --c-lib c/pg_numeric_cmp.c --c-lib c/pg_numeric_rows.c --c-lib c/pg_numeric_tail.c --solver kissat --exact	unmeasured	unmeasured	?	DARK-SWEEP 2026-07-30 registered unrun; no runqueue row (flags inferred from family siblings)
numeric-probe	proofs::eq_in_range_err_ninf	-Z c-ffi -Z stubbing --c-lib c/pg_numeric_cmp.c --c-lib c/pg_numeric_rows.c --c-lib c/pg_numeric_tail.c --solver kissat --exact	unmeasured	unmeasured	?	DARK-SWEEP 2026-07-30 registered unrun; no runqueue row (flags inferred from family siblings)
numeric-probe	proofs::eq_in_range_off_pinf	-Z c-ffi -Z stubbing --c-lib c/pg_numeric_cmp.c --c-lib c/pg_numeric_rows.c --c-lib c/pg_numeric_tail.c --solver kissat --exact	unmeasured	unmeasured	?	DARK-SWEEP 2026-07-30 registered unrun; no runqueue row (flags inferred from family siblings)
numeric-probe	proofs::eq_in_range_spot_borrow	-Z c-ffi -Z stubbing --c-lib c/pg_numeric_cmp.c --c-lib c/pg_numeric_rows.c --c-lib c/pg_numeric_tail.c --solver kissat --exact	unmeasured	unmeasured	?	DARK-SWEEP 2026-07-30 registered unrun; no runqueue row (flags inferred from family siblings)
numeric-probe	proofs::eq_in_range_spot_cancel	-Z c-ffi -Z stubbing --c-lib c/pg_numeric_cmp.c --c-lib c/pg_numeric_rows.c --c-lib c/pg_numeric_tail.c --solver kissat --exact	unmeasured	unmeasured	?	DARK-SWEEP 2026-07-30 registered unrun; no runqueue row (flags inferred from family siblings)
numeric-probe	proofs::eq_in_range_spot_carry	-Z c-ffi -Z stubbing --c-lib c/pg_numeric_cmp.c --c-lib c/pg_numeric_rows.c --c-lib c/pg_numeric_tail.c --solver kissat --exact	unmeasured	unmeasured	?	DARK-SWEEP 2026-07-30 registered unrun; no runqueue row (flags inferred from family siblings)
numeric-probe	proofs::eq_in_range_spot_neg_base	-Z c-ffi -Z stubbing --c-lib c/pg_numeric_cmp.c --c-lib c/pg_numeric_rows.c --c-lib c/pg_numeric_tail.c --solver kissat --exact	unmeasured	unmeasured	?	DARK-SWEEP 2026-07-30 registered unrun; no runqueue row (flags inferred from family siblings)
numeric-probe	proofs::eq_in_range_spot_zero_off_sub	-Z c-ffi -Z stubbing --c-lib c/pg_numeric_cmp.c --c-lib c/pg_numeric_rows.c --c-lib c/pg_numeric_tail.c --solver kissat --exact	unmeasured	unmeasured	?	DARK-SWEEP 2026-07-30 registered unrun; no runqueue row (flags inferred from family siblings)
numeric-probe	proofs::eq_in_range_val_ninf	-Z c-ffi -Z stubbing --c-lib c/pg_numeric_cmp.c --c-lib c/pg_numeric_rows.c --c-lib c/pg_numeric_tail.c --solver kissat --exact	unmeasured	unmeasured	?	DARK-SWEEP 2026-07-30 registered unrun; no runqueue row (flags inferred from family siblings)
numeric-probe	proofs::eq_in_range_val_pinf	-Z c-ffi -Z stubbing --c-lib c/pg_numeric_cmp.c --c-lib c/pg_numeric_rows.c --c-lib c/pg_numeric_tail.c --solver kissat --exact	unmeasured	unmeasured	?	DARK-SWEEP 2026-07-30 registered unrun; no runqueue row (flags inferred from family siblings)
numeric-probe	proofs::eq_int8_numeric_nd4	-Z c-ffi -Z stubbing --c-lib c/pg_numeric_cmp.c --c-lib c/pg_numeric_rows.c --c-lib c/pg_numeric_tail.c --solver kissat --exact	unmeasured	unmeasured	?	DARK-SWEEP 2026-07-30 registered unrun; no runqueue row (flags inferred from family siblings)
numeric-probe	proofs::eq_int8_numeric_nd5	-Z c-ffi -Z stubbing --c-lib c/pg_numeric_cmp.c --c-lib c/pg_numeric_rows.c --c-lib c/pg_numeric_tail.c --solver kissat --exact	unmeasured	unmeasured	?	DARK-SWEEP 2026-07-30 registered unrun; no runqueue row (flags inferred from family siblings)
numeric-probe	proofs::eq_numeric_min_scale_nd4	-Z c-ffi -Z stubbing --c-lib c/pg_numeric_cmp.c --c-lib c/pg_numeric_rows.c --c-lib c/pg_numeric_tail.c --solver kissat --exact	unmeasured	unmeasured	?	DARK-SWEEP 2026-07-30 registered unrun; no runqueue row (flags inferred from family siblings)
numeric-probe	proofs::eq_numeric_send_snd2	-Z c-ffi -Z stubbing --c-lib c/pg_numeric_cmp.c --c-lib c/pg_numeric_rows.c --c-lib c/pg_numeric_tail.c --solver kissat --exact	unmeasured	unmeasured	?	DARK-SWEEP 2026-07-30 registered unrun; no runqueue row (flags inferred from family siblings)
numeric-probe	proofs::eq_numeric_send_snd3	-Z c-ffi -Z stubbing --c-lib c/pg_numeric_cmp.c --c-lib c/pg_numeric_rows.c --c-lib c/pg_numeric_tail.c --solver kissat --exact	unmeasured	unmeasured	?	DARK-SWEEP 2026-07-30 registered unrun; no runqueue row (flags inferred from family siblings)
numeric-probe	proofs::eq_numeric_send_snd4	-Z c-ffi -Z stubbing --c-lib c/pg_numeric_cmp.c --c-lib c/pg_numeric_rows.c --c-lib c/pg_numeric_tail.c --solver kissat --exact	unmeasured	unmeasured	?	DARK-SWEEP 2026-07-30 registered unrun; no runqueue row (flags inferred from family siblings)
numeric-probe	proofs::eq_numeric_trim_scale_nd4	-Z c-ffi -Z stubbing --c-lib c/pg_numeric_cmp.c --c-lib c/pg_numeric_rows.c --c-lib c/pg_numeric_tail.c --solver kissat --exact	unmeasured	unmeasured	?	DARK-SWEEP 2026-07-30 registered unrun; no runqueue row (flags inferred from family siblings)
oracle-compat	proofs::control_dobyteatrim_short_set	-Z c-ffi -Z stubbing --c-lib c/pg_oracle_compat.c --exact	must-fail	unmeasured	20	DARK-SWEEP 2026-07-30 registered unrun; runqueue triage: must-fail; class: MUST FAIL; ledger rows: (oracle-rig non-vacuity control)|MEASURE-SWEEP 2026-07-30: VERIFICATION FAILED as designed (negative control); relabeled must-fail; gating-tier adjudication pending (Michael)
oracle-compat	proofs::cover_oracle_regimes	-Z c-ffi -Z stubbing --c-lib c/pg_oracle_compat.c --exact	unmeasured	unmeasured	?	DARK-SWEEP 2026-07-30 registered unrun; runqueue triage: green; class: covers green; ledger rows: (oracle-rig coverage witnesses)
oracle-compat	proofs::eq_anychar_typmodout_band	-Z c-ffi -Z stubbing --solver kissat --c-lib c/pg_varchar.c --exact	unmeasured	unmeasured	?	DARK-SWEEP 2026-07-30 registered unrun; runqueue triage: info; class: ladder (band); ledger rows: 2914 2916 (typmod in [-16, 1e7+3])
oracle-compat	proofs::eq_dobyteatrim_window	-Z c-ffi -Z stubbing --solver kissat --c-lib c/pg_oracle_compat.c --exact	unmeasured	unmeasured	?	DARK-SWEEP 2026-07-30 registered unrun; runqueue triage: green; class: fast; ledger rows: 2015 6195 6196
oracle-compat	proofs::eq_dotrim1_window	-Z c-ffi -Z stubbing --solver kissat --c-lib c/pg_oracle_compat.c --exact	unmeasured	unmeasured	?	DARK-SWEEP 2026-07-30 registered unrun; runqueue triage: green; class: fast; ledger rows: 401 881 882 885
oracle-compat	proofs::eq_dotrim_window_latin1	-Z c-ffi -Z stubbing --solver kissat --c-lib c/pg_oracle_compat.c --exact	unmeasured	unmeasured	?	DARK-SWEEP 2026-07-30 registered unrun; runqueue triage: green; class: fast; ledger rows: 875 876 884 (window verdict)
oracle-compat	proofs::eq_dotrim_window_utf8	-Z c-ffi -Z stubbing --solver kissat --c-lib c/pg_oracle_compat.c --exact	unmeasured	unmeasured	?	DARK-SWEEP 2026-07-30 registered unrun; runqueue triage: info; class: ladder; ledger rows: 875 876 884 (mb arm)
oracle-compat	proofs::eq_lpad_err_plane	-Z c-ffi -Z stubbing --solver kissat --c-lib c/pg_oracle_compat.c --exact	unmeasured	unmeasured	?	DARK-SWEEP 2026-07-30 registered unrun; runqueue triage: green; class: fast; ledger rows: 873 (54000 plane)
oracle-compat	proofs::eq_lpad_latin1	-Z c-ffi -Z stubbing --solver kissat --c-lib c/pg_oracle_compat.c --exact	unmeasured	unmeasured	?	DARK-SWEEP 2026-07-30 registered unrun; runqueue triage: info; class: ladder; ledger rows: 873 (explicit-length image)
oracle-compat	proofs::eq_name_bpchar	-Z c-ffi -Z stubbing --solver kissat --c-lib c/pg_varchar.c --exact	unmeasured	unmeasured	?	DARK-SWEEP 2026-07-30 registered unrun; runqueue triage: green; class: fast; ledger rows: 408 (Name-invariant fence)
oracle-compat	proofs::eq_repeat_err_plane	-Z c-ffi -Z stubbing --solver kissat --c-lib c/pg_oracle_compat.c --exact	unmeasured	unmeasured	?	DARK-SWEEP 2026-07-30 registered unrun; runqueue triage: green; class: fast; ledger rows: 1622 (54000 plane)
oracle-compat	proofs::eq_repeat_small	-Z c-ffi -Z stubbing --solver kissat --c-lib c/pg_oracle_compat.c --exact	unmeasured	unmeasured	?	DARK-SWEEP 2026-07-30 registered unrun; runqueue triage: info; class: ladder; ledger rows: 1622 (ok arm)
oracle-compat	proofs::eq_rpad_err_plane	-Z c-ffi -Z stubbing --solver kissat --c-lib c/pg_oracle_compat.c --exact	unmeasured	unmeasured	?	DARK-SWEEP 2026-07-30 registered unrun; runqueue triage: green; class: fast; ledger rows: 874 (54000 plane)
oracle-compat	proofs::eq_rpad_latin1	-Z c-ffi -Z stubbing --solver kissat --c-lib c/pg_oracle_compat.c --exact	unmeasured	unmeasured	?	DARK-SWEEP 2026-07-30 registered unrun; runqueue triage: info; class: ladder; ledger rows: 874 (explicit-length image)
oracle-compat	proofs::eq_text_reverse_latin1	-Z c-ffi -Z stubbing --solver kissat --c-lib c/pg_oracle_compat.c --exact	unmeasured	unmeasured	?	DARK-SWEEP 2026-07-30 registered unrun; runqueue triage: info; class: ladder/wall; ledger rows: 3062 (result-image class; attempt of record)
oracle-compat	proofs::spot_anychar_typmodout_wide	-Z c-ffi -Z stubbing --solver kissat --c-lib c/pg_varchar.c --exact	unmeasured	unmeasured	?	DARK-SWEEP 2026-07-30 registered unrun; runqueue triage: green; class: fast (spot); ledger rows: 2914 2916 (MaxAttrSize / INT32_MAX / INT32_MIN)
oracle-compat	proofs::spot_fc_btrim_utf8	-Z c-ffi -Z stubbing --solver kissat --c-lib c/pg_oracle_compat.c --exact	unmeasured	unmeasured	?	DARK-SWEEP 2026-07-30 registered unrun; runqueue triage: green; class: fast (spot); ledger rows: 884 (mb wrapper image)
oracle-compat	proofs::spot_fc_byteatrims	-Z c-ffi -Z stubbing --solver kissat --c-lib c/pg_oracle_compat.c --exact	unmeasured	unmeasured	?	DARK-SWEEP 2026-07-30 registered unrun; runqueue triage: green; class: fast (spot); ledger rows: 2015 6195 6196 (wrapper image)
oracle-compat	proofs::spot_fc_trims1	-Z c-ffi -Z stubbing --solver kissat --c-lib c/pg_oracle_compat.c --exact	unmeasured	unmeasured	?	DARK-SWEEP 2026-07-30 registered unrun; runqueue triage: green; class: fast (spot); ledger rows: 885 881 401 882 (wrapper image)
oracle-compat	proofs::spot_fc_trims_text	-Z c-ffi -Z stubbing --solver kissat --c-lib c/pg_oracle_compat.c --exact	unmeasured	unmeasured	?	DARK-SWEEP 2026-07-30 registered unrun; runqueue triage: green; class: fast (spot); ledger rows: 884 875 876 (wrapper image)
oracle-compat	proofs::spot_pads_utf8	-Z c-ffi -Z stubbing --solver kissat --c-lib c/pg_oracle_compat.c --exact	unmeasured	unmeasured	?	DARK-SWEEP 2026-07-30 registered unrun; runqueue triage: green; class: fast (spot); ledger rows: 873 874 (mb arm spots)
oracle-compat	proofs::spot_text_reverse_utf8	-Z c-ffi -Z stubbing --solver kissat --c-lib c/pg_oracle_compat.c --exact	unmeasured	unmeasured	?	DARK-SWEEP 2026-07-30 registered unrun; runqueue triage: green; class: fast (spot); ledger rows: 3062
oracle-compat	proofs::spot_translate_latin1	-Z c-ffi -Z stubbing --solver kissat --c-lib c/pg_oracle_compat.c --exact	unmeasured	unmeasured	?	DARK-SWEEP 2026-07-30 registered unrun; runqueue triage: green; class: fast (spot); ledger rows: 878 (derived-length: spots only, see wall note)
oracle-compat	proofs::spot_translate_utf8	-Z c-ffi -Z stubbing --solver kissat --c-lib c/pg_oracle_compat.c --exact	unmeasured	unmeasured	?	DARK-SWEEP 2026-07-30 registered unrun; runqueue triage: green; class: fast (spot); ledger rows: 878
pg_lsn	wave5::eq_pg_lsn_recv_core_d0	-Z c-ffi -Z stubbing --c-lib c/pg_pg_lsn.c --solver kissat --exact	unmeasured	unmeasured	?	DARK-SWEEP 2026-07-30 registered unrun; no runqueue row (flags inferred from family siblings)
pg_lsn	wave5::eq_pg_lsn_recv_core_d1	-Z c-ffi -Z stubbing --c-lib c/pg_pg_lsn.c --solver kissat --exact	unmeasured	unmeasured	?	DARK-SWEEP 2026-07-30 registered unrun; no runqueue row (flags inferred from family siblings)
pg_lsn	wave5::eq_pg_lsn_recv_core_d10	-Z c-ffi -Z stubbing --c-lib c/pg_pg_lsn.c --solver kissat --exact	unmeasured	unmeasured	?	DARK-SWEEP 2026-07-30 registered unrun; no runqueue row (flags inferred from family siblings)
pg_lsn	wave5::eq_pg_lsn_recv_core_d11	-Z c-ffi -Z stubbing --c-lib c/pg_pg_lsn.c --solver kissat --exact	unmeasured	unmeasured	?	DARK-SWEEP 2026-07-30 registered unrun; no runqueue row (flags inferred from family siblings)
pg_lsn	wave5::eq_pg_lsn_recv_core_d12	-Z c-ffi -Z stubbing --c-lib c/pg_pg_lsn.c --solver kissat --exact	unmeasured	unmeasured	?	DARK-SWEEP 2026-07-30 registered unrun; no runqueue row (flags inferred from family siblings)
pg_lsn	wave5::eq_pg_lsn_recv_core_d2	-Z c-ffi -Z stubbing --c-lib c/pg_pg_lsn.c --solver kissat --exact	unmeasured	unmeasured	?	DARK-SWEEP 2026-07-30 registered unrun; no runqueue row (flags inferred from family siblings)
pg_lsn	wave5::eq_pg_lsn_recv_core_d3	-Z c-ffi -Z stubbing --c-lib c/pg_pg_lsn.c --solver kissat --exact	unmeasured	unmeasured	?	DARK-SWEEP 2026-07-30 registered unrun; no runqueue row (flags inferred from family siblings)
pg_lsn	wave5::eq_pg_lsn_recv_core_d4	-Z c-ffi -Z stubbing --c-lib c/pg_pg_lsn.c --solver kissat --exact	unmeasured	unmeasured	?	DARK-SWEEP 2026-07-30 registered unrun; no runqueue row (flags inferred from family siblings)
pg_lsn	wave5::eq_pg_lsn_recv_core_d5	-Z c-ffi -Z stubbing --c-lib c/pg_pg_lsn.c --solver kissat --exact	unmeasured	unmeasured	?	DARK-SWEEP 2026-07-30 registered unrun; no runqueue row (flags inferred from family siblings)
pg_lsn	wave5::eq_pg_lsn_recv_core_d6	-Z c-ffi -Z stubbing --c-lib c/pg_pg_lsn.c --solver kissat --exact	unmeasured	unmeasured	?	DARK-SWEEP 2026-07-30 registered unrun; no runqueue row (flags inferred from family siblings)
pg_lsn	wave5::eq_pg_lsn_recv_core_d7	-Z c-ffi -Z stubbing --c-lib c/pg_pg_lsn.c --solver kissat --exact	unmeasured	unmeasured	?	DARK-SWEEP 2026-07-30 registered unrun; no runqueue row (flags inferred from family siblings)
pg_lsn	wave5::eq_pg_lsn_recv_core_d8	-Z c-ffi -Z stubbing --c-lib c/pg_pg_lsn.c --solver kissat --exact	unmeasured	unmeasured	?	DARK-SWEEP 2026-07-30 registered unrun; no runqueue row (flags inferred from family siblings)
pg_lsn	wave5::eq_pg_lsn_recv_core_d9	-Z c-ffi -Z stubbing --c-lib c/pg_pg_lsn.c --solver kissat --exact	unmeasured	unmeasured	?	DARK-SWEEP 2026-07-30 registered unrun; no runqueue row (flags inferred from family siblings)
scalar-misc	wave5::eq_oidrecv_core_len3	-Z c-ffi -Z stubbing --c-lib c/pg_scalar_misc.c --solver kissat --exact	unmeasured	unmeasured	?	DARK-SWEEP 2026-07-30 registered unrun; no runqueue row (flags inferred from family siblings)|RECIPE-FIX 2026-07-30: measure sweep NO-VERDICT (stub attr rejected without -Z stubbing); flag added, re-sweep owed
scalar-misc	wave5::eq_oidrecv_core_len8	-Z c-ffi -Z stubbing --c-lib c/pg_scalar_misc.c --solver kissat --exact	unmeasured	unmeasured	?	DARK-SWEEP 2026-07-30 registered unrun; no runqueue row (flags inferred from family siblings)|RECIPE-FIX 2026-07-30: measure sweep NO-VERDICT (stub attr rejected without -Z stubbing); flag added, re-sweep owed
strings-scalar	proofs::control_btvarstrequalimage_det_skew	-Z c-ffi -Z stubbing --c-lib c/pg_strings_scalar.c --exact	must-fail	unmeasured	20	DARK-SWEEP 2026-07-30 registered unrun; runqueue triage: must-fail; expect: VERIFICATION FAILED (locale-det seam load-bearing)|MEASURE-SWEEP 2026-07-30: VERIFICATION FAILED as designed (negative control); relabeled must-fail; gating-tier adjudication pending (Michael)
strings-scalar	proofs::control_byteain_len_skew	-Z c-ffi -Z stubbing --c-lib c/pg_strings_scalar.c --exact	must-fail	unmeasured	160	DARK-SWEEP 2026-07-30 registered unrun; runqueue triage: must-fail; expect: VERIFICATION FAILED w/ decodable counterexample (section-A rig non-vacuity)|MEASURE-SWEEP 2026-07-30: VERIFICATION FAILED as designed (negative control); relabeled must-fail; gating-tier adjudication pending (Michael)
strings-scalar	proofs::control_toast_typlen_skew	-Z c-ffi -Z stubbing --c-lib c/pg_strings_scalar.c --exact	must-fail	unmeasured	10	DARK-SWEEP 2026-07-30 registered unrun; runqueue triage: must-fail; expect: VERIFICATION FAILED w/ counterexample (typlen seam load-bearing)  # REPAIRED 2026-07-29: concrete 3-byte image + dummy_mcx (registry retain sweep walled the symbolic plane); FAILS on the intended typlen check in 0.3s locally|MEASURE-SWEEP 2026-07-30: VERIFICATION FAILED as designed (negative control); relabeled must-fail; gating-tier adjudication pending (Michael)
strings-scalar	proofs::cover_byteain_regimes	-Z c-ffi -Z stubbing --c-lib c/pg_strings_scalar.c --exact	unmeasured	unmeasured	?	DARK-SWEEP 2026-07-30 registered unrun; runqueue triage: covers; expect: all 4 covers SATISFIED (DEFAULT solver)
strings-scalar	proofs::cover_toast_regimes	-Z c-ffi -Z stubbing --c-lib c/pg_strings_scalar.c --exact	unmeasured	unmeasured	?	DARK-SWEEP 2026-07-30 registered unrun; runqueue triage: covers; expect: all 7 covers SATISFIED (DEFAULT solver)  # REPAIRED 2026-07-29: VARATT_EXTERNAL_GET_POINTER added verbatim to varatt_rel18.h (was missing); 7/7 covers SATISFIED locally 0.1s
strings-scalar	proofs::eq_btvarstrequalimage	-Z c-ffi -Z stubbing --c-lib c/pg_strings_scalar.c --solver kissat --exact	unmeasured	unmeasured	?	DARK-SWEEP 2026-07-30 registered unrun; runqueue triage: green; expect: PROVED(full-u32 collid x full det seam; C/POSIX pinned true) — inline covers may cost extra kissat batches; if slow retry DEFAULT
strings-scalar	proofs::eq_byteain_escape_content_len4	-Z c-ffi -Z stubbing --c-lib c/pg_strings_scalar.c --solver kissat --exact	unmeasured	unmeasured	?	DARK-SWEEP 2026-07-30 registered unrun; runqueue triage: green/wall; expect: ladder — result-image claim at cap 4 (derived-offset stores); wall(CNF width) is an acceptable verdict, verdict harness above still covers 1244  # REPAIRED 2026-07-29: unwind 7->10 (sym_cstring<9> fill loop = 8 iters; CI cluster fabricated-FAIL removed); still walls locally at 350s = the documented acceptable wall — repaired-pending-CI cluster
strings-scalar	proofs::eq_byteain_escape_verdict	-Z c-ffi -Z stubbing --c-lib c/pg_strings_scalar.c --solver kissat --exact	unmeasured	unmeasured	?	DARK-SWEEP 2026-07-30 registered unrun; runqueue triage: green; expect: PROVED(len<=8, escape style; hex arm fenced) — pass-two stores in formula but unread; if it walls, drop to len<=6 before recording
strings-scalar	proofs::eq_pg_column_compression_nonvarlena	-Z c-ffi -Z stubbing --c-lib c/pg_strings_scalar.c --solver kissat --exact	unmeasured	unmeasured	?	DARK-SWEEP 2026-07-30 registered unrun; runqueue triage: green; expect: PROVED (NULL plane)
strings-scalar	proofs::eq_pg_column_compression_varlena	-Z c-ffi -Z stubbing --c-lib c/pg_strings_scalar.c --solver kissat --exact	unmeasured	unmeasured	?	DARK-SWEEP 2026-07-30 registered unrun; runqueue triage: green; expect: PROVED — which-verdict + 4/5-byte literal text image
strings-scalar	proofs::eq_pg_column_size_cstring	-Z c-ffi -Z stubbing --c-lib c/pg_strings_scalar.c --solver kissat --exact	unmeasured	unmeasured	?	DARK-SWEEP 2026-07-30 registered unrun; runqueue triage: green/ladder; expect: ladder — dual NUL-scan (strlen vs CStr) len<=8; derived-length law says maybe wall: then record spots(len 0/1/8) via concrete edits
strings-scalar	proofs::eq_pg_column_size_fixed	-Z c-ffi -Z stubbing --c-lib c/pg_strings_scalar.c --solver kissat --exact	unmeasured	unmeasured	?	DARK-SWEEP 2026-07-30 registered unrun; runqueue triage: green; expect: PROVED(typlen 1..=i16::MAX) fast
strings-scalar	proofs::eq_pg_column_size_varlena	-Z c-ffi -Z stubbing --c-lib c/pg_strings_scalar.c --solver kissat --exact	unmeasured	unmeasured	?	DARK-SWEEP 2026-07-30 registered unrun; runqueue triage: green; expect: PROVED(all fenced 18B images) fast — pure header bit-decode
strings-scalar	proofs::eq_pg_column_toast_chunk_id	-Z c-ffi -Z stubbing --c-lib c/pg_strings_scalar.c --solver kissat --exact	unmeasured	unmeasured	?	DARK-SWEEP 2026-07-30 registered unrun; runqueue triage: green; expect: PROVED(all fenced 18B images) fast
text-slice	wave8::control_bytea_int4_short	-Z c-ffi -Z stubbing --c-lib c/pg_text_slice.c --c-lib c/pg_varlena_wave8.c --c-lib ../hash/pg_hashfn.c --exact	must-fail	unmeasured	20	DARK-SWEEP 2026-07-30 registered unrun; runqueue triage: must-fail; default solver, EXPECTED FAIL|MEASURE-SWEEP 2026-07-30: VERIFICATION FAILED as designed (negative control); relabeled must-fail; gating-tier adjudication pending (Michael)
text-slice	wave8::control_bytea_reverse_short	-Z c-ffi -Z stubbing --c-lib c/pg_text_slice.c --c-lib c/pg_varlena_wave8.c --c-lib ../hash/pg_hashfn.c --exact	unmeasured	unmeasured	?	DARK-SWEEP 2026-07-30 registered unrun; runqueue triage: must-fail; default solver, EXPECTED FAIL
text-slice	wave8::cover_bytea_int_err_arms	-Z c-ffi -Z stubbing --c-lib c/pg_text_slice.c --c-lib c/pg_varlena_wave8.c --c-lib ../hash/pg_hashfn.c --exact	unmeasured	unmeasured	?	DARK-SWEEP 2026-07-30 registered unrun; runqueue triage: green; default solver
text-slice	wave8::cover_byteaoverlay_regimes	-Z c-ffi -Z stubbing --c-lib c/pg_text_slice.c --c-lib c/pg_varlena_wave8.c --c-lib ../hash/pg_hashfn.c --exact	unmeasured	unmeasured	?	DARK-SWEEP 2026-07-30 registered unrun; runqueue triage: green; default solver
text-slice	wave8::eq_bytea_bit_count	-Z c-ffi -Z stubbing --solver kissat --c-lib c/pg_text_slice.c --c-lib c/pg_varlena_wave8.c --c-lib ../hash/pg_hashfn.c --exact	unmeasured	unmeasured	?	DARK-SWEEP 2026-07-30 registered unrun; runqueue triage: green
text-slice	wave8::eq_bytea_int2	-Z c-ffi -Z stubbing --solver kissat --c-lib c/pg_text_slice.c --c-lib c/pg_varlena_wave8.c --c-lib ../hash/pg_hashfn.c --exact	unmeasured	unmeasured	?	DARK-SWEEP 2026-07-30 registered unrun; runqueue triage: green
text-slice	wave8::eq_bytea_int4	-Z c-ffi -Z stubbing --solver kissat --c-lib c/pg_text_slice.c --c-lib c/pg_varlena_wave8.c --c-lib ../hash/pg_hashfn.c --exact	unmeasured	unmeasured	?	DARK-SWEEP 2026-07-30 registered unrun; runqueue triage: green
text-slice	wave8::eq_bytea_int8	-Z c-ffi -Z stubbing --solver kissat --c-lib c/pg_text_slice.c --c-lib c/pg_varlena_wave8.c --c-lib ../hash/pg_hashfn.c --exact	unmeasured	unmeasured	?	DARK-SWEEP 2026-07-30 registered unrun; runqueue triage: green
text-slice	wave8::eq_bytea_larger	-Z c-ffi -Z stubbing --solver kissat --c-lib c/pg_text_slice.c --c-lib c/pg_varlena_wave8.c --c-lib ../hash/pg_hashfn.c --exact	unmeasured	unmeasured	?	DARK-SWEEP 2026-07-30 registered unrun; runqueue triage: green
text-slice	wave8::eq_bytea_reverse	-Z c-ffi -Z stubbing --solver kissat --c-lib c/pg_text_slice.c --c-lib c/pg_varlena_wave8.c --c-lib ../hash/pg_hashfn.c --exact	unmeasured	unmeasured	?	DARK-SWEEP 2026-07-30 registered unrun; runqueue triage: green
text-slice	wave8::eq_bytea_smaller	-Z c-ffi -Z stubbing --solver kissat --c-lib c/pg_text_slice.c --c-lib c/pg_varlena_wave8.c --c-lib ../hash/pg_hashfn.c --exact	unmeasured	unmeasured	?	DARK-SWEEP 2026-07-30 registered unrun; runqueue triage: green
text-slice	wave8::eq_byteaoverlay	-Z c-ffi -Z stubbing --solver kissat --c-lib c/pg_text_slice.c --c-lib c/pg_varlena_wave8.c --c-lib ../hash/pg_hashfn.c --exact	unmeasured	unmeasured	?	DARK-SWEEP 2026-07-30 registered unrun; runqueue triage: green
text-slice	wave8::eq_byteaoverlay_no_len	-Z c-ffi -Z stubbing --solver kissat --c-lib c/pg_text_slice.c --c-lib c/pg_varlena_wave8.c --c-lib ../hash/pg_hashfn.c --exact	unmeasured	unmeasured	?	DARK-SWEEP 2026-07-30 registered unrun; runqueue triage: green
text-slice	wave8::eq_byteasend	-Z c-ffi -Z stubbing --solver kissat --c-lib c/pg_text_slice.c --c-lib c/pg_varlena_wave8.c --c-lib ../hash/pg_hashfn.c --exact	unmeasured	unmeasured	?	DARK-SWEEP 2026-07-30 registered unrun; runqueue triage: green
text-slice	wave8::eq_hashvarlena	-Z c-ffi -Z stubbing --solver kissat --c-lib c/pg_text_slice.c --c-lib c/pg_varlena_wave8.c --c-lib ../hash/pg_hashfn.c --exact	unmeasured	unmeasured	?	DARK-SWEEP 2026-07-30 registered unrun; runqueue triage: green
text-slice	wave8::eq_hashvarlena_extended	-Z c-ffi -Z stubbing --solver kissat --c-lib c/pg_text_slice.c --c-lib c/pg_varlena_wave8.c --c-lib ../hash/pg_hashfn.c --exact	unmeasured	unmeasured	?	DARK-SWEEP 2026-07-30 registered unrun; runqueue triage: green
text-slice	wave8::eq_int2_bytea	-Z c-ffi -Z stubbing --solver kissat --c-lib c/pg_text_slice.c --c-lib c/pg_varlena_wave8.c --c-lib ../hash/pg_hashfn.c --exact	unmeasured	unmeasured	?	DARK-SWEEP 2026-07-30 registered unrun; runqueue triage: green
text-slice	wave8::eq_int4_bytea	-Z c-ffi -Z stubbing --solver kissat --c-lib c/pg_text_slice.c --c-lib c/pg_varlena_wave8.c --c-lib ../hash/pg_hashfn.c --exact	unmeasured	unmeasured	?	DARK-SWEEP 2026-07-30 registered unrun; runqueue triage: green
text-slice	wave8::eq_int8_bytea	-Z c-ffi -Z stubbing --solver kissat --c-lib c/pg_text_slice.c --c-lib c/pg_varlena_wave8.c --c-lib ../hash/pg_hashfn.c --exact	unmeasured	unmeasured	?	DARK-SWEEP 2026-07-30 registered unrun; runqueue triage: green
text-slice	wave8::eq_textout	-Z c-ffi -Z stubbing --solver kissat --c-lib c/pg_text_slice.c --c-lib c/pg_varlena_wave8.c --c-lib ../hash/pg_hashfn.c --exact	unmeasured	unmeasured	?	DARK-SWEEP 2026-07-30 registered unrun; runqueue triage: green
text-slice	wave8::eq_textsend	-Z c-ffi -Z stubbing --solver kissat --c-lib c/pg_text_slice.c --c-lib c/pg_varlena_wave8.c --c-lib ../hash/pg_hashfn.c --exact	unmeasured	unmeasured	?	DARK-SWEEP 2026-07-30 registered unrun; runqueue triage: green
text-slice	wave8::eq_to_bin32	-Z c-ffi -Z stubbing --solver kissat --c-lib c/pg_text_slice.c --c-lib c/pg_varlena_wave8.c --c-lib ../hash/pg_hashfn.c --exact	unmeasured	unmeasured	?	DARK-SWEEP 2026-07-30 registered unrun; runqueue triage: info; WALL RISK class (derived-length copy) — see section header; spot grids are the fallback of record
text-slice	wave8::eq_to_bin64	-Z c-ffi -Z stubbing --solver kissat --c-lib c/pg_text_slice.c --c-lib c/pg_varlena_wave8.c --c-lib ../hash/pg_hashfn.c --exact	unmeasured	unmeasured	?	DARK-SWEEP 2026-07-30 registered unrun; runqueue triage: info; WALL RISK class (derived-length copy) — see section header; spot grids are the fallback of record
text-slice	wave8::eq_to_hex32	-Z c-ffi -Z stubbing --solver kissat --c-lib c/pg_text_slice.c --c-lib c/pg_varlena_wave8.c --c-lib ../hash/pg_hashfn.c --exact	unmeasured	unmeasured	?	DARK-SWEEP 2026-07-30 registered unrun; runqueue triage: info; canary for the class — run first|WALL RISK class (derived-length copy) — see section header; spot grids are the fallback of record
text-slice	wave8::eq_to_hex64	-Z c-ffi -Z stubbing --solver kissat --c-lib c/pg_text_slice.c --c-lib c/pg_varlena_wave8.c --c-lib ../hash/pg_hashfn.c --exact	unmeasured	unmeasured	?	DARK-SWEEP 2026-07-30 registered unrun; runqueue triage: info; WALL RISK class (derived-length copy) — see section header; spot grids are the fallback of record
text-slice	wave8::eq_to_oct32	-Z c-ffi -Z stubbing --solver kissat --c-lib c/pg_text_slice.c --c-lib c/pg_varlena_wave8.c --c-lib ../hash/pg_hashfn.c --exact	unmeasured	unmeasured	?	DARK-SWEEP 2026-07-30 registered unrun; runqueue triage: info; WALL RISK class (derived-length copy) — see section header; spot grids are the fallback of record
text-slice	wave8::eq_to_oct64	-Z c-ffi -Z stubbing --solver kissat --c-lib c/pg_text_slice.c --c-lib c/pg_varlena_wave8.c --c-lib ../hash/pg_hashfn.c --exact	unmeasured	unmeasured	?	DARK-SWEEP 2026-07-30 registered unrun; runqueue triage: info; WALL RISK class (derived-length copy) — see section header; spot grids are the fallback of record
text-slice	wave8::spot_textin	-Z c-ffi -Z stubbing --solver kissat --c-lib c/pg_text_slice.c --c-lib c/pg_varlena_wave8.c --c-lib ../hash/pg_hashfn.c --exact	unmeasured	unmeasured	?	DARK-SWEEP 2026-07-30 registered unrun; runqueue triage: green; oid 46
text-slice	wave8::spot_to_bin32	-Z c-ffi -Z stubbing --solver kissat --c-lib c/pg_text_slice.c --c-lib c/pg_varlena_wave8.c --c-lib ../hash/pg_hashfn.c --exact	unmeasured	unmeasured	?	DARK-SWEEP 2026-07-30 registered unrun; runqueue triage: green
text-slice	wave8::spot_to_bin64	-Z c-ffi -Z stubbing --solver kissat --c-lib c/pg_text_slice.c --c-lib c/pg_varlena_wave8.c --c-lib ../hash/pg_hashfn.c --exact	unmeasured	unmeasured	?	DARK-SWEEP 2026-07-30 registered unrun; runqueue triage: green
text-slice	wave8::spot_to_hex32	-Z c-ffi -Z stubbing --solver kissat --c-lib c/pg_text_slice.c --c-lib c/pg_varlena_wave8.c --c-lib ../hash/pg_hashfn.c --exact	unmeasured	unmeasured	?	DARK-SWEEP 2026-07-30 registered unrun; runqueue triage: green
text-slice	wave8::spot_to_hex64	-Z c-ffi -Z stubbing --solver kissat --c-lib c/pg_text_slice.c --c-lib c/pg_varlena_wave8.c --c-lib ../hash/pg_hashfn.c --exact	unmeasured	unmeasured	?	DARK-SWEEP 2026-07-30 registered unrun; runqueue triage: green
text-slice	wave8::spot_to_oct32	-Z c-ffi -Z stubbing --solver kissat --c-lib c/pg_text_slice.c --c-lib c/pg_varlena_wave8.c --c-lib ../hash/pg_hashfn.c --exact	unmeasured	unmeasured	?	DARK-SWEEP 2026-07-30 registered unrun; runqueue triage: green
text-slice	wave8::spot_to_oct64	-Z c-ffi -Z stubbing --solver kissat --c-lib c/pg_text_slice.c --c-lib c/pg_varlena_wave8.c --c-lib ../hash/pg_hashfn.c --exact	unmeasured	unmeasured	?	DARK-SWEEP 2026-07-30 registered unrun; runqueue triage: green
text-slice	wave8::spot_unknownin	-Z c-ffi -Z stubbing --solver kissat --c-lib c/pg_text_slice.c --c-lib c/pg_varlena_wave8.c --c-lib ../hash/pg_hashfn.c --exact	unmeasured	unmeasured	?	DARK-SWEEP 2026-07-30 registered unrun; runqueue triage: green; oid 109
text-slice	wave8::spot_unknownout	-Z c-ffi -Z stubbing --solver kissat --c-lib c/pg_text_slice.c --c-lib c/pg_varlena_wave8.c --c-lib ../hash/pg_hashfn.c --exact	unmeasured	unmeasured	?	DARK-SWEEP 2026-07-30 registered unrun; runqueue triage: green; oid 110
text-slice	wave8::spot_unknownsend	-Z c-ffi -Z stubbing --solver kissat --c-lib c/pg_text_slice.c --c-lib c/pg_varlena_wave8.c --c-lib ../hash/pg_hashfn.c --exact	unmeasured	unmeasured	?	DARK-SWEEP 2026-07-30 registered unrun; runqueue triage: green; oid 2417; conversion seam pinned identity
uuid	wave5::eq_uuid_recv_core_d0	-Z c-ffi -Z stubbing --c-lib c/pg_uuid.c --solver kissat --exact	unmeasured	unmeasured	?	DARK-SWEEP 2026-07-30 registered unrun; no runqueue row (flags inferred from family siblings)
uuid	wave5::eq_uuid_recv_core_d1	-Z c-ffi -Z stubbing --c-lib c/pg_uuid.c --solver kissat --exact	unmeasured	unmeasured	?	DARK-SWEEP 2026-07-30 registered unrun; no runqueue row (flags inferred from family siblings)
uuid	wave5::eq_uuid_recv_core_d10	-Z c-ffi -Z stubbing --c-lib c/pg_uuid.c --solver kissat --exact	unmeasured	unmeasured	?	DARK-SWEEP 2026-07-30 registered unrun; no runqueue row (flags inferred from family siblings)
uuid	wave5::eq_uuid_recv_core_d11	-Z c-ffi -Z stubbing --c-lib c/pg_uuid.c --solver kissat --exact	unmeasured	unmeasured	?	DARK-SWEEP 2026-07-30 registered unrun; no runqueue row (flags inferred from family siblings)
uuid	wave5::eq_uuid_recv_core_d12	-Z c-ffi -Z stubbing --c-lib c/pg_uuid.c --solver kissat --exact	unmeasured	unmeasured	?	DARK-SWEEP 2026-07-30 registered unrun; no runqueue row (flags inferred from family siblings)
uuid	wave5::eq_uuid_recv_core_d13	-Z c-ffi -Z stubbing --c-lib c/pg_uuid.c --solver kissat --exact	unmeasured	unmeasured	?	DARK-SWEEP 2026-07-30 registered unrun; no runqueue row (flags inferred from family siblings)
uuid	wave5::eq_uuid_recv_core_d14	-Z c-ffi -Z stubbing --c-lib c/pg_uuid.c --solver kissat --exact	unmeasured	unmeasured	?	DARK-SWEEP 2026-07-30 registered unrun; no runqueue row (flags inferred from family siblings)
uuid	wave5::eq_uuid_recv_core_d15	-Z c-ffi -Z stubbing --c-lib c/pg_uuid.c --solver kissat --exact	unmeasured	unmeasured	?	DARK-SWEEP 2026-07-30 registered unrun; no runqueue row (flags inferred from family siblings)
uuid	wave5::eq_uuid_recv_core_d16	-Z c-ffi -Z stubbing --c-lib c/pg_uuid.c --solver kissat --exact	unmeasured	unmeasured	?	DARK-SWEEP 2026-07-30 registered unrun; no runqueue row (flags inferred from family siblings)
uuid	wave5::eq_uuid_recv_core_d17	-Z c-ffi -Z stubbing --c-lib c/pg_uuid.c --solver kissat --exact	unmeasured	unmeasured	?	DARK-SWEEP 2026-07-30 registered unrun; no runqueue row (flags inferred from family siblings)
uuid	wave5::eq_uuid_recv_core_d18	-Z c-ffi -Z stubbing --c-lib c/pg_uuid.c --solver kissat --exact	unmeasured	unmeasured	?	DARK-SWEEP 2026-07-30 registered unrun; no runqueue row (flags inferred from family siblings)
uuid	wave5::eq_uuid_recv_core_d19	-Z c-ffi -Z stubbing --c-lib c/pg_uuid.c --solver kissat --exact	unmeasured	unmeasured	?	DARK-SWEEP 2026-07-30 registered unrun; no runqueue row (flags inferred from family siblings)
uuid	wave5::eq_uuid_recv_core_d2	-Z c-ffi -Z stubbing --c-lib c/pg_uuid.c --solver kissat --exact	unmeasured	unmeasured	?	DARK-SWEEP 2026-07-30 registered unrun; no runqueue row (flags inferred from family siblings)
uuid	wave5::eq_uuid_recv_core_d20	-Z c-ffi -Z stubbing --c-lib c/pg_uuid.c --solver kissat --exact	unmeasured	unmeasured	?	DARK-SWEEP 2026-07-30 registered unrun; no runqueue row (flags inferred from family siblings)
uuid	wave5::eq_uuid_recv_core_d3	-Z c-ffi -Z stubbing --c-lib c/pg_uuid.c --solver kissat --exact	unmeasured	unmeasured	?	DARK-SWEEP 2026-07-30 registered unrun; no runqueue row (flags inferred from family siblings)
uuid	wave5::eq_uuid_recv_core_d4	-Z c-ffi -Z stubbing --c-lib c/pg_uuid.c --solver kissat --exact	unmeasured	unmeasured	?	DARK-SWEEP 2026-07-30 registered unrun; no runqueue row (flags inferred from family siblings)
uuid	wave5::eq_uuid_recv_core_d5	-Z c-ffi -Z stubbing --c-lib c/pg_uuid.c --solver kissat --exact	unmeasured	unmeasured	?	DARK-SWEEP 2026-07-30 registered unrun; no runqueue row (flags inferred from family siblings)
uuid	wave5::eq_uuid_recv_core_d6	-Z c-ffi -Z stubbing --c-lib c/pg_uuid.c --solver kissat --exact	unmeasured	unmeasured	?	DARK-SWEEP 2026-07-30 registered unrun; no runqueue row (flags inferred from family siblings)
uuid	wave5::eq_uuid_recv_core_d7	-Z c-ffi -Z stubbing --c-lib c/pg_uuid.c --solver kissat --exact	unmeasured	unmeasured	?	DARK-SWEEP 2026-07-30 registered unrun; no runqueue row (flags inferred from family siblings)
uuid	wave5::eq_uuid_recv_core_d8	-Z c-ffi -Z stubbing --c-lib c/pg_uuid.c --solver kissat --exact	unmeasured	unmeasured	?	DARK-SWEEP 2026-07-30 registered unrun; no runqueue row (flags inferred from family siblings)
uuid	wave5::eq_uuid_recv_core_d9	-Z c-ffi -Z stubbing --c-lib c/pg_uuid.c --solver kissat --exact	unmeasured	unmeasured	?	DARK-SWEEP 2026-07-30 registered unrun; no runqueue row (flags inferred from family siblings)
uuid	wave5::eq_uuid_recv_core_ok16_0	-Z c-ffi -Z stubbing --c-lib c/pg_uuid.c --solver kissat --exact	unmeasured	unmeasured	?	DARK-SWEEP 2026-07-30 registered unrun; no runqueue row (flags inferred from family siblings)
uuid	wave5::eq_uuid_recv_core_ok17_0	-Z c-ffi -Z stubbing --c-lib c/pg_uuid.c --solver kissat --exact	unmeasured	unmeasured	?	DARK-SWEEP 2026-07-30 registered unrun; no runqueue row (flags inferred from family siblings)
uuid	wave5::eq_uuid_recv_core_ok17_1	-Z c-ffi -Z stubbing --c-lib c/pg_uuid.c --solver kissat --exact	unmeasured	unmeasured	?	DARK-SWEEP 2026-07-30 registered unrun; no runqueue row (flags inferred from family siblings)
uuid	wave5::eq_uuid_recv_core_ok18_0	-Z c-ffi -Z stubbing --c-lib c/pg_uuid.c --solver kissat --exact	unmeasured	unmeasured	?	DARK-SWEEP 2026-07-30 registered unrun; no runqueue row (flags inferred from family siblings)
uuid	wave5::eq_uuid_recv_core_ok18_1	-Z c-ffi -Z stubbing --c-lib c/pg_uuid.c --solver kissat --exact	unmeasured	unmeasured	?	DARK-SWEEP 2026-07-30 registered unrun; no runqueue row (flags inferred from family siblings)
uuid	wave5::eq_uuid_recv_core_ok18_2	-Z c-ffi -Z stubbing --c-lib c/pg_uuid.c --solver kissat --exact	unmeasured	unmeasured	?	DARK-SWEEP 2026-07-30 registered unrun; no runqueue row (flags inferred from family siblings)
uuid	wave5::eq_uuid_recv_core_ok19_0	-Z c-ffi -Z stubbing --c-lib c/pg_uuid.c --solver kissat --exact	unmeasured	unmeasured	?	DARK-SWEEP 2026-07-30 registered unrun; no runqueue row (flags inferred from family siblings)
uuid	wave5::eq_uuid_recv_core_ok19_1	-Z c-ffi -Z stubbing --c-lib c/pg_uuid.c --solver kissat --exact	unmeasured	unmeasured	?	DARK-SWEEP 2026-07-30 registered unrun; no runqueue row (flags inferred from family siblings)
uuid	wave5::eq_uuid_recv_core_ok19_2	-Z c-ffi -Z stubbing --c-lib c/pg_uuid.c --solver kissat --exact	unmeasured	unmeasured	?	DARK-SWEEP 2026-07-30 registered unrun; no runqueue row (flags inferred from family siblings)
uuid	wave5::eq_uuid_recv_core_ok19_3	-Z c-ffi -Z stubbing --c-lib c/pg_uuid.c --solver kissat --exact	unmeasured	unmeasured	?	DARK-SWEEP 2026-07-30 registered unrun; no runqueue row (flags inferred from family siblings)
uuid	wave5::eq_uuid_recv_core_ok20_0	-Z c-ffi -Z stubbing --c-lib c/pg_uuid.c --solver kissat --exact	unmeasured	unmeasured	?	DARK-SWEEP 2026-07-30 registered unrun; no runqueue row (flags inferred from family siblings)
uuid	wave5::eq_uuid_recv_core_ok20_1	-Z c-ffi -Z stubbing --c-lib c/pg_uuid.c --solver kissat --exact	unmeasured	unmeasured	?	DARK-SWEEP 2026-07-30 registered unrun; no runqueue row (flags inferred from family siblings)
uuid	wave5::eq_uuid_recv_core_ok20_2	-Z c-ffi -Z stubbing --c-lib c/pg_uuid.c --solver kissat --exact	unmeasured	unmeasured	?	DARK-SWEEP 2026-07-30 registered unrun; no runqueue row (flags inferred from family siblings)
uuid	wave5::eq_uuid_recv_core_ok20_3	-Z c-ffi -Z stubbing --c-lib c/pg_uuid.c --solver kissat --exact	unmeasured	unmeasured	?	DARK-SWEEP 2026-07-30 registered unrun; no runqueue row (flags inferred from family siblings)
uuid	wave5::eq_uuid_recv_core_ok20_4	-Z c-ffi -Z stubbing --c-lib c/pg_uuid.c --solver kissat --exact	unmeasured	unmeasured	?	DARK-SWEEP 2026-07-30 registered unrun; no runqueue row (flags inferred from family siblings)
vector-io	proofs::control_ovin_shifted_input	-Z c-ffi -Z stubbing --c-lib c/pg_vector_io.c --c-lib ../intout/c/pg_intout.c --solver kissat --exact	must-fail	unmeasured	180	DARK-SWEEP 2026-07-30 registered unrun; no runqueue row (flags inferred from family siblings)|MEASURE-SWEEP 2026-07-30: VERIFICATION FAILED as designed (negative control); relabeled must-fail; gating-tier adjudication pending (Michael)
vector-io	proofs::control_ovout_value_skew	-Z c-ffi -Z stubbing --c-lib c/pg_vector_io.c --c-lib ../intout/c/pg_intout.c --solver kissat --exact	must-fail	unmeasured	100	DARK-SWEEP 2026-07-30 registered unrun; no runqueue row (flags inferred from family siblings)|MEASURE-SWEEP 2026-07-30: VERIFICATION FAILED as designed (negative control); relabeled must-fail; gating-tier adjudication pending (Michael)
vector-io	proofs::cover_ovin_both_arms	-Z c-ffi -Z stubbing --c-lib c/pg_vector_io.c --c-lib ../intout/c/pg_intout.c --solver kissat --exact	unmeasured	unmeasured	?	DARK-SWEEP 2026-07-30 registered unrun; no runqueue row (flags inferred from family siblings)
vector-io	proofs::eq_i2vin_len0	-Z c-ffi -Z stubbing --c-lib c/pg_vector_io.c --c-lib ../intout/c/pg_intout.c --solver kissat --exact	unmeasured	unmeasured	?	DARK-SWEEP 2026-07-30 registered unrun; no runqueue row (flags inferred from family siblings)
vector-io	proofs::eq_i2vin_len1	-Z c-ffi -Z stubbing --c-lib c/pg_vector_io.c --c-lib ../intout/c/pg_intout.c --solver kissat --exact	unmeasured	unmeasured	?	DARK-SWEEP 2026-07-30 registered unrun; no runqueue row (flags inferred from family siblings)
vector-io	proofs::eq_i2vin_len2	-Z c-ffi -Z stubbing --c-lib c/pg_vector_io.c --c-lib ../intout/c/pg_intout.c --solver kissat --exact	unmeasured	unmeasured	?	DARK-SWEEP 2026-07-30 registered unrun; no runqueue row (flags inferred from family siblings)
vector-io	proofs::eq_i2vin_len3	-Z c-ffi -Z stubbing --c-lib c/pg_vector_io.c --c-lib ../intout/c/pg_intout.c --solver kissat --exact	unmeasured	unmeasured	?	DARK-SWEEP 2026-07-30 registered unrun; no runqueue row (flags inferred from family siblings)
vector-io	proofs::eq_i2vin_len4	-Z c-ffi -Z stubbing --c-lib c/pg_vector_io.c --c-lib ../intout/c/pg_intout.c --solver kissat --exact	unmeasured	unmeasured	?	DARK-SWEEP 2026-07-30 registered unrun; no runqueue row (flags inferred from family siblings)
vector-io	proofs::eq_i2vin_len5	-Z c-ffi -Z stubbing --c-lib c/pg_vector_io.c --c-lib ../intout/c/pg_intout.c --solver kissat --exact	unmeasured	unmeasured	?	DARK-SWEEP 2026-07-30 registered unrun; no runqueue row (flags inferred from family siblings)
vector-io	proofs::eq_i2vin_spots	-Z c-ffi -Z stubbing --c-lib c/pg_vector_io.c --c-lib ../intout/c/pg_intout.c --solver kissat --exact	unmeasured	unmeasured	?	DARK-SWEEP 2026-07-30 registered unrun; no runqueue row (flags inferred from family siblings)
vector-io	proofs::eq_i2vout_n0	-Z c-ffi -Z stubbing --c-lib c/pg_vector_io.c --c-lib ../intout/c/pg_intout.c --solver kissat --exact	unmeasured	unmeasured	?	DARK-SWEEP 2026-07-30 registered unrun; no runqueue row (flags inferred from family siblings)
vector-io	proofs::eq_i2vout_n1	-Z c-ffi -Z stubbing --c-lib c/pg_vector_io.c --c-lib ../intout/c/pg_intout.c --solver kissat --exact	unmeasured	unmeasured	?	DARK-SWEEP 2026-07-30 registered unrun; no runqueue row (flags inferred from family siblings)
vector-io	proofs::eq_i2vout_n2	-Z c-ffi -Z stubbing --c-lib c/pg_vector_io.c --c-lib ../intout/c/pg_intout.c --solver kissat --exact	unmeasured	unmeasured	?	DARK-SWEEP 2026-07-30 registered unrun; no runqueue row (flags inferred from family siblings)
vector-io	proofs::eq_i2vout_n2_band100	-Z c-ffi -Z stubbing --c-lib c/pg_vector_io.c --c-lib ../intout/c/pg_intout.c --solver kissat --exact	unmeasured	unmeasured	?	DARK-SWEEP 2026-07-30 registered unrun; no runqueue row (flags inferred from family siblings)
vector-io	proofs::eq_i2vout_spot_bounds	-Z c-ffi -Z stubbing --c-lib c/pg_vector_io.c --c-lib ../intout/c/pg_intout.c --solver kissat --exact	unmeasured	unmeasured	?	DARK-SWEEP 2026-07-30 registered unrun; no runqueue row (flags inferred from family siblings)
vector-io	proofs::eq_i2vout_spot_mixed	-Z c-ffi -Z stubbing --c-lib c/pg_vector_io.c --c-lib ../intout/c/pg_intout.c --solver kissat --exact	unmeasured	unmeasured	?	DARK-SWEEP 2026-07-30 registered unrun; no runqueue row (flags inferred from family siblings)
vector-io	proofs::eq_ovin_len0	-Z c-ffi -Z stubbing --c-lib c/pg_vector_io.c --c-lib ../intout/c/pg_intout.c --solver kissat --exact	unmeasured	unmeasured	?	DARK-SWEEP 2026-07-30 registered unrun; no runqueue row (flags inferred from family siblings)
vector-io	proofs::eq_ovin_len1	-Z c-ffi -Z stubbing --c-lib c/pg_vector_io.c --c-lib ../intout/c/pg_intout.c --solver kissat --exact	unmeasured	unmeasured	?	DARK-SWEEP 2026-07-30 registered unrun; no runqueue row (flags inferred from family siblings)
vector-io	proofs::eq_ovin_len2	-Z c-ffi -Z stubbing --c-lib c/pg_vector_io.c --c-lib ../intout/c/pg_intout.c --solver kissat --exact	unmeasured	unmeasured	?	DARK-SWEEP 2026-07-30 registered unrun; no runqueue row (flags inferred from family siblings)
vector-io	proofs::eq_ovin_len3	-Z c-ffi -Z stubbing --c-lib c/pg_vector_io.c --c-lib ../intout/c/pg_intout.c --solver kissat --exact	unmeasured	unmeasured	?	DARK-SWEEP 2026-07-30 registered unrun; no runqueue row (flags inferred from family siblings)
vector-io	proofs::eq_ovin_len4	-Z c-ffi -Z stubbing --c-lib c/pg_vector_io.c --c-lib ../intout/c/pg_intout.c --solver kissat --exact	unmeasured	unmeasured	?	DARK-SWEEP 2026-07-30 registered unrun; no runqueue row (flags inferred from family siblings)
vector-io	proofs::eq_ovin_len5	-Z c-ffi -Z stubbing --c-lib c/pg_vector_io.c --c-lib ../intout/c/pg_intout.c --solver kissat --exact	unmeasured	unmeasured	?	DARK-SWEEP 2026-07-30 registered unrun; no runqueue row (flags inferred from family siblings)
vector-io	proofs::eq_ovin_spots	-Z c-ffi -Z stubbing --c-lib c/pg_vector_io.c --c-lib ../intout/c/pg_intout.c --solver kissat --exact	unmeasured	unmeasured	?	DARK-SWEEP 2026-07-30 registered unrun; no runqueue row (flags inferred from family siblings)
vector-io	proofs::eq_ovout_n0	-Z c-ffi -Z stubbing --c-lib c/pg_vector_io.c --c-lib ../intout/c/pg_intout.c --solver kissat --exact	unmeasured	unmeasured	?	DARK-SWEEP 2026-07-30 registered unrun; no runqueue row (flags inferred from family siblings)
vector-io	proofs::eq_ovout_n1	-Z c-ffi -Z stubbing --c-lib c/pg_vector_io.c --c-lib ../intout/c/pg_intout.c --solver kissat --exact	unmeasured	unmeasured	?	DARK-SWEEP 2026-07-30 registered unrun; no runqueue row (flags inferred from family siblings)
vector-io	proofs::eq_ovout_n2	-Z c-ffi -Z stubbing --c-lib c/pg_vector_io.c --c-lib ../intout/c/pg_intout.c --solver kissat --exact	unmeasured	unmeasured	?	DARK-SWEEP 2026-07-30 registered unrun; no runqueue row (flags inferred from family siblings)
vector-io	proofs::eq_ovout_spots	-Z c-ffi -Z stubbing --c-lib c/pg_vector_io.c --c-lib ../intout/c/pg_intout.c --solver kissat --exact	unmeasured	unmeasured	?	DARK-SWEEP 2026-07-30 registered unrun; no runqueue row (flags inferred from family siblings)
xid8snap	proofs::spot_parse_bad_tail	-Z c-ffi -Z stubbing --c-lib c/pg_xid8snap.c --exact	unmeasured	unmeasured	?	DARK-SWEEP 2026-07-30 registered unrun; no runqueue row (flags inferred from family siblings)
xid8snap	proofs::spot_parse_dedup	-Z c-ffi -Z stubbing --c-lib c/pg_xid8snap.c --exact	unmeasured	unmeasured	?	DARK-SWEEP 2026-07-30 registered unrun; no runqueue row (flags inferred from family siblings)
xid8snap	proofs::spot_parse_empty	-Z c-ffi -Z stubbing --c-lib c/pg_xid8snap.c --exact	unmeasured	unmeasured	?	DARK-SWEEP 2026-07-30 registered unrun; no runqueue row (flags inferred from family siblings)
xid8snap	proofs::spot_parse_garbage	-Z c-ffi -Z stubbing --c-lib c/pg_xid8snap.c --exact	unmeasured	unmeasured	?	DARK-SWEEP 2026-07-30 registered unrun; no runqueue row (flags inferred from family siblings)
xid8snap	proofs::spot_parse_inner_space	-Z c-ffi -Z stubbing --c-lib c/pg_xid8snap.c --exact	unmeasured	unmeasured	?	DARK-SWEEP 2026-07-30 registered unrun; no runqueue row (flags inferred from family siblings)
xid8snap	proofs::spot_parse_missing_colon	-Z c-ffi -Z stubbing --c-lib c/pg_xid8snap.c --exact	unmeasured	unmeasured	?	DARK-SWEEP 2026-07-30 registered unrun; no runqueue row (flags inferred from family siblings)
xid8snap	proofs::spot_parse_neg_sign	-Z c-ffi -Z stubbing --c-lib c/pg_xid8snap.c --exact	unmeasured	unmeasured	?	DARK-SWEEP 2026-07-30 registered unrun; no runqueue row (flags inferred from family siblings)
xid8snap	proofs::spot_parse_one_xip	-Z c-ffi -Z stubbing --c-lib c/pg_xid8snap.c --exact	unmeasured	unmeasured	?	DARK-SWEEP 2026-07-30 registered unrun; no runqueue row (flags inferred from family siblings)
xid8snap	proofs::spot_parse_overflow_sat	-Z c-ffi -Z stubbing --c-lib c/pg_xid8snap.c --exact	unmeasured	unmeasured	?	DARK-SWEEP 2026-07-30 registered unrun; no runqueue row (flags inferred from family siblings)
xid8snap	proofs::spot_parse_trailing_comma	-Z c-ffi -Z stubbing --c-lib c/pg_xid8snap.c --exact	unmeasured	unmeasured	?	DARK-SWEEP 2026-07-30 registered unrun; no runqueue row (flags inferred from family siblings)
xid8snap	proofs::spot_parse_two_xips	-Z c-ffi -Z stubbing --c-lib c/pg_xid8snap.c --exact	unmeasured	unmeasured	?	DARK-SWEEP 2026-07-30 registered unrun; no runqueue row (flags inferred from family siblings)
xid8snap	proofs::spot_parse_u64_max	-Z c-ffi -Z stubbing --c-lib c/pg_xid8snap.c --exact	unmeasured	unmeasured	?	DARK-SWEEP 2026-07-30 registered unrun; no runqueue row (flags inferred from family siblings)
xid8snap	proofs::spot_parse_unordered	-Z c-ffi -Z stubbing --c-lib c/pg_xid8snap.c --exact	unmeasured	unmeasured	?	DARK-SWEEP 2026-07-30 registered unrun; no runqueue row (flags inferred from family siblings)
xid8snap	proofs::spot_parse_xip_at_xmax	-Z c-ffi -Z stubbing --c-lib c/pg_xid8snap.c --exact	unmeasured	unmeasured	?	DARK-SWEEP 2026-07-30 registered unrun; no runqueue row (flags inferred from family siblings)
xid8snap	proofs::spot_parse_xip_below_xmin	-Z c-ffi -Z stubbing --c-lib c/pg_xid8snap.c --exact	unmeasured	unmeasured	?	DARK-SWEEP 2026-07-30 registered unrun; no runqueue row (flags inferred from family siblings)
xid8snap	proofs::spot_parse_xmax_lt_xmin	-Z c-ffi -Z stubbing --c-lib c/pg_xid8snap.c --exact	unmeasured	unmeasured	?	DARK-SWEEP 2026-07-30 registered unrun; no runqueue row (flags inferred from family siblings)
xid8snap	proofs::spot_parse_zero_xmax	-Z c-ffi -Z stubbing --c-lib c/pg_xid8snap.c --exact	unmeasured	unmeasured	?	DARK-SWEEP 2026-07-30 registered unrun; no runqueue row (flags inferred from family siblings)
xid8snap	proofs::spot_parse_zero_xmin	-Z c-ffi -Z stubbing --c-lib c/pg_xid8snap.c --exact	unmeasured	unmeasured	?	DARK-SWEEP 2026-07-30 registered unrun; no runqueue row (flags inferred from family siblings)
arrayfuncs-hdr	proofs::eq_array_ndims	-Z c-ffi -Z stubbing --c-lib c/pg_arrayhdr.c --solver kissat --exact	green	calibration	78	w2-arrayjson 2026-07-30, load 10-28 throughout family; re-confirmed 2026-07-30 on fix/array-hdr-reconcile (shipped read_dims_lbounds changed: ndim sanity check moved ahead of the dims fill) at load 5-22
arrayfuncs-hdr	proofs::eq_array_lower_n0	-Z c-ffi -Z stubbing --c-lib c/pg_arrayhdr.c --solver kissat --exact	green	calibration	70	re-confirmed 2026-07-30 on fix/array-hdr-reconcile (shipped read_dims_lbounds changed: ndim sanity check moved ahead of the dims fill) at load 5-22
arrayfuncs-hdr	proofs::eq_array_lower_n1	-Z c-ffi -Z stubbing --c-lib c/pg_arrayhdr.c --solver kissat --exact	green	calibration	116	re-confirmed 2026-07-30 on fix/array-hdr-reconcile (shipped read_dims_lbounds changed: ndim sanity check moved ahead of the dims fill) at load 5-22
arrayfuncs-hdr	proofs::eq_array_lower_n2	-Z c-ffi -Z stubbing --c-lib c/pg_arrayhdr.c --solver kissat --exact	green	calibration	115	re-confirmed 2026-07-30 on fix/array-hdr-reconcile (shipped read_dims_lbounds changed: ndim sanity check moved ahead of the dims fill) at load 5-22
arrayfuncs-hdr	proofs::eq_array_lower_n6	-Z c-ffi -Z stubbing --c-lib c/pg_arrayhdr.c --solver kissat --exact	green	calibration	118	re-confirmed 2026-07-30 on fix/array-hdr-reconcile (shipped read_dims_lbounds changed: ndim sanity check moved ahead of the dims fill) at load 5-22
arrayfuncs-hdr	proofs::eq_array_length_n0	-Z c-ffi -Z stubbing --c-lib c/pg_arrayhdr.c --solver kissat --exact	green	calibration	64	re-confirmed 2026-07-30 on fix/array-hdr-reconcile (shipped read_dims_lbounds changed: ndim sanity check moved ahead of the dims fill) at load 5-22
arrayfuncs-hdr	proofs::eq_array_length_n1	-Z c-ffi -Z stubbing --c-lib c/pg_arrayhdr.c --solver kissat --exact	green	calibration	105	re-confirmed 2026-07-30 on fix/array-hdr-reconcile (shipped read_dims_lbounds changed: ndim sanity check moved ahead of the dims fill) at load 5-22
arrayfuncs-hdr	proofs::eq_array_length_n2	-Z c-ffi -Z stubbing --c-lib c/pg_arrayhdr.c --solver kissat --exact	green	calibration	114	re-confirmed 2026-07-30 on fix/array-hdr-reconcile (shipped read_dims_lbounds changed: ndim sanity check moved ahead of the dims fill) at load 5-22
arrayfuncs-hdr	proofs::eq_array_length_n6	-Z c-ffi -Z stubbing --c-lib c/pg_arrayhdr.c --solver kissat --exact	green	calibration	113	re-confirmed 2026-07-30 on fix/array-hdr-reconcile (shipped read_dims_lbounds changed: ndim sanity check moved ahead of the dims fill) at load 5-22
arrayfuncs-hdr	proofs::eq_array_upper_n0	-Z c-ffi -Z stubbing --c-lib c/pg_arrayhdr.c --solver kissat --exact	green	calibration	63	re-confirmed 2026-07-30 on fix/array-hdr-reconcile (shipped read_dims_lbounds changed: ndim sanity check moved ahead of the dims fill) at load 5-22
arrayfuncs-hdr	proofs::eq_array_upper_n1	-Z c-ffi -Z stubbing --c-lib c/pg_arrayhdr.c --solver kissat --exact	green	calibration	137	re-confirmed 2026-07-30 on fix/array-hdr-reconcile (shipped read_dims_lbounds changed: ndim sanity check moved ahead of the dims fill) at load 5-22
arrayfuncs-hdr	proofs::eq_array_upper_n2	-Z c-ffi -Z stubbing --c-lib c/pg_arrayhdr.c --solver kissat --exact	green	calibration	139	re-confirmed 2026-07-30 on fix/array-hdr-reconcile (shipped read_dims_lbounds changed: ndim sanity check moved ahead of the dims fill) at load 5-22
arrayfuncs-hdr	proofs::eq_array_upper_n6	-Z c-ffi -Z stubbing --c-lib c/pg_arrayhdr.c --solver kissat --exact	green	calibration	123	re-confirmed 2026-07-30 on fix/array-hdr-reconcile (shipped read_dims_lbounds changed: ndim sanity check moved ahead of the dims fill) at load 5-22
arrayfuncs-hdr	proofs::eq_array_cardinality_n0	-Z c-ffi -Z stubbing --c-lib c/pg_arrayhdr.c --solver kissat --exact	green	calibration	66	re-confirmed 2026-07-30 on fix/array-hdr-reconcile (shipped read_dims_lbounds changed: ndim sanity check moved ahead of the dims fill) at load 5-22
arrayfuncs-hdr	proofs::eq_array_cardinality_n1	-Z c-ffi -Z stubbing --c-lib c/pg_arrayhdr.c --solver kissat --exact	green	calibration	146	re-confirmed 2026-07-30 on fix/array-hdr-reconcile (shipped read_dims_lbounds changed: ndim sanity check moved ahead of the dims fill) at load 5-22
arrayfuncs-hdr	proofs::eq_array_cardinality_n2	-Z c-ffi -Z stubbing --c-lib c/pg_arrayhdr.c --solver kissat --exact	green	calibration	312	re-confirmed 2026-07-30 on fix/array-hdr-reconcile (shipped read_dims_lbounds changed: ndim sanity check moved ahead of the dims fill) at load 5-22
arrayfuncs-hdr	proofs::eq_array_cardinality_n6	-Z c-ffi -Z stubbing --c-lib c/pg_arrayhdr.c --solver kissat --exact	green	unmeasured	?	timeout-450s at load 9-28 and at idle load ~5 retry — genuine chained-i64-multiply sloped wall; FLEET-BOUND
arrayfuncs-hdr	proofs::eq_array_dims_nullplane	-Z c-ffi -Z stubbing --c-lib c/pg_arrayhdr.c --solver kissat --exact	green	calibration	77	value plane = native diff (result-image fmt wall); re-confirmed 2026-07-30 on fix/array-hdr-reconcile (shipped read_dims_lbounds changed: ndim sanity check moved ahead of the dims fill) at load 5-22
arrayfuncs-hdr	proofs::control_array_lower_reqdim_skew_must_fail	-Z c-ffi -Z stubbing --c-lib c/pg_arrayhdr.c --exact	must-fail	defect-witness	65	fails on exactly 'rv.as_i32() == c'; DEFAULT solver; single-property control (kani check-attribution artifact with multi-assert controls, see src comment + tests/control_replay.rs); re-confirmed 2026-07-30 on fix/array-hdr-reconcile (shipped read_dims_lbounds changed: ndim sanity check moved ahead of the dims fill) at load 5-22
arrayfuncs-hdr	proofs::eq_array_ndims_ndim_corrupt	-Z c-ffi -Z stubbing --c-lib c/pg_arrayhdr.c --solver kissat --exact	green	calibration	90	WIDENING (fix/array-hdr-reconcile): symbolic ndim, ndim as u32 > MAXDIM, full symbolic 6-dim body; replaces the ndim 0..=MAXDIM fence the panic divergence forced. load 4.2
arrayfuncs-hdr	proofs::eq_array_lower_ndim_corrupt	-Z c-ffi -Z stubbing --c-lib c/pg_arrayhdr.c --solver kissat --exact	green	calibration	101	corruption-plane widening; sym ndim out-of-range x full-i32 reqdim x sym 6-dim body; both sides NULL. load 4.7
arrayfuncs-hdr	proofs::eq_array_upper_ndim_corrupt	-Z c-ffi -Z stubbing --c-lib c/pg_arrayhdr.c --solver kissat --exact	green	calibration	146	corruption-plane widening (see eq_array_lower_ndim_corrupt). load 5.7
arrayfuncs-hdr	proofs::eq_array_length_ndim_corrupt	-Z c-ffi -Z stubbing --c-lib c/pg_arrayhdr.c --solver kissat --exact	green	calibration	129	corruption-plane widening (see eq_array_lower_ndim_corrupt). load 6.3
arrayfuncs-hdr	proofs::eq_array_dims_ndim_corrupt	-Z c-ffi -Z stubbing --c-lib c/pg_arrayhdr.c --solver kissat --exact	green	unmeasured	?	corruption-plane widening WALLED: timeout-600s still in SYMEX at load 4.0 (not a solver wall -- symbolic ndim reaches the core::fmt/PgVec-grow machinery the literal-ndim nullplane cell folds away). NOT re-narrowed; plane covered tested(differential) by tests/corruption_plane.rs. FLEET-BOUND
arrayfuncs-hdr	proofs::eq_array_cardinality_ndim_nonpos	-Z c-ffi -Z stubbing --c-lib c/pg_arrayhdr.c --solver kissat --exact	green	calibration	160	corruption-plane widening; sym ndim <= 0 x sym 6-dim body; C ArrayGetNItems has NO sanity check so the answer is the VALUE 0 -- dual-executed. load 6.2
arrayfuncs-hdr	proofs::rust_array_cardinality_ndim_over_maxdim_errors	-Z c-ffi -Z stubbing --c-lib c/pg_arrayhdr.c --solver kissat --exact	green	calibration	106	corruption-plane widening, RUST-ONLY theorem by design: above MAXDIM C reads dim words past the datum (no answer to match), pgrust takes a defined 54000 error; claim = catchable Err w/ sqlstate+level, never a panic and never an Ok. load 6.0
json-text	proofs::eq_json_out_len0	-Z c-ffi -Z stubbing --c-lib c/pg_json_text.c --solver kissat --exact	green	calibration	244	w2-arrayjson 2026-07-30
json-text	proofs::eq_json_out_len1	-Z c-ffi -Z stubbing --c-lib c/pg_json_text.c --solver kissat --exact	green	calibration	302	
json-text	proofs::eq_json_out_len8	-Z c-ffi -Z stubbing --c-lib c/pg_json_text.c --solver kissat --exact	green	calibration	110	
json-text	proofs::eq_json_send_len0	-Z c-ffi -Z stubbing --c-lib c/pg_json_text.c --solver kissat --exact	green	calibration	115	
json-text	proofs::eq_json_send_len1	-Z c-ffi -Z stubbing --c-lib c/pg_json_text.c --solver kissat --exact	green	calibration	113	
json-text	proofs::eq_json_send_len8	-Z c-ffi -Z stubbing --c-lib c/pg_json_text.c --solver kissat --exact	green	calibration	122	
json-text	proofs::eq_json_build_object_noargs	-Z c-ffi -Z stubbing --c-lib c/pg_json_text.c --solver kissat --exact	green	calibration	103	
json-text	proofs::eq_json_build_array_noargs	-Z c-ffi -Z stubbing --c-lib c/pg_json_text.c --solver kissat --exact	green	calibration	103	
json-text	proofs::control_json_send_input_skew_must_fail	-Z c-ffi -Z stubbing --c-lib c/pg_json_text.c --exact	must-fail	defect-witness	72	fails on exactly 'b.varsize() == c_total'; DEFAULT solver; seam-skew load-bearing witness = tests/native_seam_skew.rs (tiny-proof-heap masks in-kani seam skew via alloc exhaustion)
jsonb-probe	proofs::eq_gin_compare_jsonb	-Z c-ffi -Z stubbing --c-lib c/pg_gin_cmp.c --exact	green	per-commit	7.0319004	wave-2 2026-07-30: oid 3480 core (ptr,len) pairs len<=8 symbolic; exact int32 (glibc memcmp convention); run-w2.sh
jsonb-probe	proofs::eq_path_empty_arr	-Z c-ffi -Z stubbing --c-lib c/pg_jsonb.c --c-lib c/pg_jsonb_path.c --exact --no-assertion-reach-checks --solver kissat	green	per-commit	0.34	w2 3217: empty path, array root -> Input lane; re-proved post-VT-fix (strtoint10_strict, VT in-alphabet) 2026-07-30 load~12-22
jsonb-probe	proofs::eq_path_empty_scalar	-Z c-ffi -Z stubbing --c-lib c/pg_jsonb.c --c-lib c/pg_jsonb_path.c --exact --no-assertion-reach-checks --solver kissat	green	per-commit	0.98	w2 3217: empty path, raw-scalar root -> Item; re-proved post-VT-fix 2026-07-30 load~12-22
jsonb-probe	proofs::eq_path_scalar_root_len1	-Z c-ffi -Z stubbing --c-lib c/pg_jsonb.c --c-lib c/pg_jsonb_path.c --exact --no-assertion-reach-checks --solver kissat	green	per-commit	0.53	w2 3217: scalar root, len-1 path -> Null; re-proved post-VT-fix 2026-07-30 load~12-22
jsonb-probe	proofs::eq_path_obj_n2_len1	-Z c-ffi -Z stubbing --c-lib c/pg_jsonb.c --c-lib c/pg_jsonb_path.c --exact --no-assertion-reach-checks --solver kissat	green	calibration	100.2	w2 3217: object n=2, symbolic probe key; re-proved post-VT-fix 2026-07-30 load~7.9
jsonb-probe	proofs::eq_path_arr_sub_len0	-Z c-ffi -Z stubbing --c-lib c/pg_jsonb.c --c-lib c/pg_jsonb_path.c --exact --no-assertion-reach-checks --solver kissat	green	calibration	230.8	w2 3217: empty subscript string -> Null both; re-proved post-VT-fix 2026-07-30 load~12-22
jsonb-probe	proofs::witness_path_vt_subscript	-Z c-ffi -Z stubbing --c-lib c/pg_jsonb.c --c-lib c/pg_jsonb_path.c --exact --no-assertion-reach-checks --solver kissat	green	per-commit	0.53	w2 3217 REGRESSION WITNESS (must pass; asserts EQUIVALENCE): VT-prefixed subscript resolves the same element both sides post strtoint10_strict fix; fail-when-reverted PROVEN 2026-07-30 (trim_ascii parse temporarily restored -> FAILED on "VT-prefixed subscript regressed to SQL NULL" 20.1s load~20; fix restored -> green 0.53s load~22)
jsonb-probe	proofs::eq_path_arr_sub_len1_lf	-Z c-ffi -Z stubbing --c-lib c/pg_jsonb.c --c-lib c/pg_jsonb_path.c --exact --no-assertion-reach-checks --solver kissat	green	calibration	250.6	w2 3217 subscript parse len1, JEntry length-form pin; re-proved post-VT-fix 2026-07-30 load~12-22
jsonb-probe	proofs::eq_path_arr_sub_len1_of	-Z c-ffi -Z stubbing --c-lib c/pg_jsonb.c --c-lib c/pg_jsonb_path.c --exact --no-assertion-reach-checks --solver kissat	green	calibration	242.8	w2 3217 subscript parse len1, offset-form pin; re-proved post-VT-fix 2026-07-30 load~12-22
jsonb-probe	proofs::eq_path_arr_sub_len2_lf	-Z c-ffi -Z stubbing --c-lib c/pg_jsonb.c --c-lib c/pg_jsonb_path.c --exact --no-assertion-reach-checks --solver kissat	green	calibration	213.7	w2 3217 subscript parse len2, length-form pin; re-proved post-VT-fix 2026-07-30 load~7.0
jsonb-probe	proofs::eq_path_arr_sub_len2_of	-Z c-ffi -Z stubbing --c-lib c/pg_jsonb.c --c-lib c/pg_jsonb_path.c --exact --no-assertion-reach-checks --solver kissat	green	calibration	258.5	w2 3217 subscript parse len2, offset-form pin; re-proved post-VT-fix 2026-07-30 load~12.3
jsonb-probe	proofs::eq_path_arr_sub_len3_lf	-Z c-ffi -Z stubbing --c-lib c/pg_jsonb.c --c-lib c/pg_jsonb_path.c --exact --no-assertion-reach-checks --solver kissat	green	calibration	226.6	w2 3217 subscript parse len3, length-form pin; re-proved post-VT-fix 2026-07-30 load~7.8
jsonb-probe	proofs::cover_path_arr_subscr_regimes	-Z c-ffi -Z stubbing --c-lib c/pg_jsonb.c --c-lib c/pg_jsonb_path.c --exact --no-assertion-reach-checks --solver kissat	green	calibration	100.3	w2 3217 subscript regime covers (neg/ws/VT/plus/junk/empty — VT cover added post-fix); re-proved 2026-07-30 load~12-22
jsonb-probe	proofs::eq_path_arr_bigsub	-Z c-ffi -Z stubbing --c-lib c/pg_jsonb.c --c-lib c/pg_jsonb_path.c --exact --no-assertion-reach-checks --solver kissat	unmeasured	unmeasured	?	FLEET-BOUND (local wall(memory>6GiB @6GiB cap) / >450s, observed pre-VT-fix alphabet; not re-attempted post-fix, loaded box): w2 3217 12-digit ERANGE/i32-range lane
jsonb-probe	proofs::eq_path_nested_len2	-Z c-ffi -Z stubbing --c-lib c/pg_jsonb.c --c-lib c/pg_jsonb_path.c --exact --no-assertion-reach-checks --solver kissat	unmeasured	unmeasured	?	FLEET-BOUND (local wall(memory>6GiB @6GiB cap) / >450s, observed pre-VT-fix alphabet; not re-attempted post-fix, loaded box): w2 3217 depth-2 walk, two symbolic subscripts
jsonb-probe	proofs::eq_jsonb_int8_w0n0	-Z c-ffi -Z stubbing --c-lib c/pg_jsonb.c --c-lib c/pg_jsonb_casts.c --exact	green	release-gate	10.225883	w2 3452 zero cell (nd=0), default solver, loaded box
jsonb-probe	proofs::eq_jsonb_int8_w0n1	-Z c-ffi -Z stubbing --c-lib c/pg_jsonb.c --c-lib c/pg_jsonb_casts.c --exact --solver kissat	green	release-gate	17.30256	w2 cast rig : 3452 w0n1
jsonb-probe	proofs::eq_jsonb_int8_w0n2	-Z c-ffi -Z stubbing --c-lib c/pg_jsonb.c --c-lib c/pg_jsonb_casts.c --exact --solver kissat	green	release-gate	26.620531	w2 cast rig : 3452 w0n2 rounding
jsonb-probe	proofs::eq_jsonb_int8_wm1n1	-Z c-ffi -Z stubbing --c-lib c/pg_jsonb.c --c-lib c/pg_jsonb_casts.c --exact --solver kissat	green	release-gate	21.668333	w2 cast rig : 3452 pure fraction
jsonb-probe	proofs::eq_jsonb_int8_w1n2	-Z c-ffi -Z stubbing --c-lib c/pg_jsonb.c --c-lib c/pg_jsonb_casts.c --exact --solver kissat	green	release-gate	21.337765	w2 cast rig : 3452 w1n2
jsonb-probe	proofs::eq_jsonb_int8_w4n5	-Z c-ffi -Z stubbing --c-lib c/pg_jsonb.c --c-lib c/pg_jsonb_casts.c --exact --solver kissat	unmeasured	unmeasured	?	FLEET-BOUND (local timeout-450s): w2 cast rig (queued local/CI cluster): 3452 big-weight both-arm covers
jsonb-probe	proofs::eq_jsonb_int8_w5n1	-Z c-ffi -Z stubbing --c-lib c/pg_jsonb.c --c-lib c/pg_jsonb_casts.c --exact --solver kissat	green	release-gate	17.563465	w2 cast rig : 3452 stripped-digit overflow lane
jsonb-probe	proofs::eq_jsonb_int8_long_w0n1	-Z c-ffi -Z stubbing --c-lib c/pg_jsonb.c --c-lib c/pg_jsonb_casts.c --exact --solver kissat	green	release-gate	19.534027	w2 cast rig : 3452 long-form header
jsonb-probe	proofs::eq_jsonb_int4_w0n1	-Z c-ffi -Z stubbing --c-lib c/pg_jsonb.c --c-lib c/pg_jsonb_casts.c --exact --solver kissat	green	calibration	62.747086	w2 cast rig : 3451
jsonb-probe	proofs::eq_jsonb_int4_w0n2	-Z c-ffi -Z stubbing --c-lib c/pg_jsonb.c --c-lib c/pg_jsonb_casts.c --exact --solver kissat	green	release-gate	20.67171	w2 cast rig : 3451 rounding
jsonb-probe	proofs::eq_jsonb_int4_wm1n1	-Z c-ffi -Z stubbing --c-lib c/pg_jsonb.c --c-lib c/pg_jsonb_casts.c --exact --solver kissat	green	release-gate	14.777092	w2 cast rig : 3451 fraction
jsonb-probe	proofs::eq_jsonb_int4_w2n3	-Z c-ffi -Z stubbing --c-lib c/pg_jsonb.c --c-lib c/pg_jsonb_casts.c --exact --solver kissat	green	calibration	47.039192	w2 cast rig : 3451 range-error covers
jsonb-probe	proofs::eq_jsonb_int2_w0n1	-Z c-ffi -Z stubbing --c-lib c/pg_jsonb.c --c-lib c/pg_jsonb_casts.c --exact --solver kissat	green	release-gate	13.449448	w2 cast rig : 3450
jsonb-probe	proofs::eq_jsonb_int2_wm1n1	-Z c-ffi -Z stubbing --c-lib c/pg_jsonb.c --c-lib c/pg_jsonb_casts.c --exact --solver kissat	green	calibration	50.61241	w2 cast rig : 3450 fraction
jsonb-probe	proofs::eq_jsonb_int2_w1n2	-Z c-ffi -Z stubbing --c-lib c/pg_jsonb.c --c-lib c/pg_jsonb_casts.c --exact --solver kissat	green	release-gate	18.535074	w2 cast rig : 3450 range-error covers
jsonb-probe	proofs::eq_jsonb_int8_special_nan	-Z c-ffi -Z stubbing --c-lib c/pg_jsonb.c --c-lib c/pg_jsonb_casts.c --exact --solver kissat	unmeasured	unmeasured	?	w2 cast rig (queued local/CI cluster): 3452 NaN/Inf class-2|RECIPE-FIX 2026-07-30: row named nonexistent harness eq_jsonb_int8_special; renamed to real harness (cargo kani list); re-sweep owed
jsonb-probe	proofs::eq_jsonb_int8_special_pinf	-Z c-ffi -Z stubbing --c-lib c/pg_jsonb.c --c-lib c/pg_jsonb_casts.c --exact --solver kissat	unmeasured	unmeasured	?	w2 cast rig (queued local/CI cluster): 3452 NaN/Inf class-2|RECIPE-FIX 2026-07-30: row named nonexistent harness eq_jsonb_int8_special; renamed to real harness (cargo kani list); re-sweep owed
jsonb-probe	proofs::eq_jsonb_int8_special_ninf	-Z c-ffi -Z stubbing --c-lib c/pg_jsonb.c --c-lib c/pg_jsonb_casts.c --exact --solver kissat	unmeasured	unmeasured	?	w2 cast rig (queued local/CI cluster): 3452 NaN/Inf class-2|RECIPE-FIX 2026-07-30: row named nonexistent harness eq_jsonb_int8_special; renamed to real harness (cargo kani list); re-sweep owed
jsonb-probe	proofs::eq_jsonb_int4_special_nan	-Z c-ffi -Z stubbing --c-lib c/pg_jsonb.c --c-lib c/pg_jsonb_casts.c --exact --solver kissat	unmeasured	unmeasured	?	w2 cast rig (queued local/CI cluster): 3451 NaN/Inf class-2|RECIPE-FIX 2026-07-30: row named nonexistent harness eq_jsonb_int4_special; renamed to real harness (cargo kani list); re-sweep owed
jsonb-probe	proofs::eq_jsonb_int2_special_nan	-Z c-ffi -Z stubbing --c-lib c/pg_jsonb.c --c-lib c/pg_jsonb_casts.c --exact --solver kissat	unmeasured	unmeasured	?	w2 cast rig (queued local/CI cluster): 3450 NaN/Inf class-2|RECIPE-FIX 2026-07-30: row named nonexistent harness eq_jsonb_int2_special; renamed to real harness (cargo kani list); re-sweep owed
jsonb-probe	proofs::eq_jsonb_float8_special_nan	-Z c-ffi -Z stubbing --c-lib c/pg_jsonb.c --c-lib c/pg_jsonb_casts.c --exact --solver kissat	unmeasured	unmeasured	?	FLEET-BOUND (local timeout-450s): w2 cast rig (queued local/CI cluster): 2580 NaN/±Inf bit lattice|RECIPE-FIX 2026-07-30: row named nonexistent harness eq_jsonb_float8_special; renamed to real harness (cargo kani list); re-sweep owed
jsonb-probe	proofs::eq_jsonb_float8_special_pinf	-Z c-ffi -Z stubbing --c-lib c/pg_jsonb.c --c-lib c/pg_jsonb_casts.c --exact --solver kissat	unmeasured	unmeasured	?	FLEET-BOUND (local timeout-450s): w2 cast rig (queued local/CI cluster): 2580 NaN/±Inf bit lattice|RECIPE-FIX 2026-07-30: row named nonexistent harness eq_jsonb_float8_special; renamed to real harness (cargo kani list); re-sweep owed
jsonb-probe	proofs::eq_jsonb_float8_special_ninf	-Z c-ffi -Z stubbing --c-lib c/pg_jsonb.c --c-lib c/pg_jsonb_casts.c --exact --solver kissat	unmeasured	unmeasured	?	FLEET-BOUND (local timeout-450s): w2 cast rig (queued local/CI cluster): 2580 NaN/±Inf bit lattice|RECIPE-FIX 2026-07-30: row named nonexistent harness eq_jsonb_float8_special; renamed to real harness (cargo kani list); re-sweep owed
jsonb-probe	proofs::eq_jsonb_float4_special_nan	-Z c-ffi -Z stubbing --c-lib c/pg_jsonb.c --c-lib c/pg_jsonb_casts.c --exact --solver kissat	unmeasured	unmeasured	?	w2 cast rig (queued local/CI cluster): 3453 NaN/±Inf bit lattice|RECIPE-FIX 2026-07-30: row named nonexistent harness eq_jsonb_float4_special; renamed to real harness (cargo kani list); re-sweep owed
jsonb-probe	proofs::eq_jsonb_float4_special_pinf	-Z c-ffi -Z stubbing --c-lib c/pg_jsonb.c --c-lib c/pg_jsonb_casts.c --exact --solver kissat	unmeasured	unmeasured	?	w2 cast rig (queued local/CI cluster): 3453 NaN/±Inf bit lattice|RECIPE-FIX 2026-07-30: row named nonexistent harness eq_jsonb_float4_special; renamed to real harness (cargo kani list); re-sweep owed
jsonb-probe	proofs::eq_jsonb_float4_special_ninf	-Z c-ffi -Z stubbing --c-lib c/pg_jsonb.c --c-lib c/pg_jsonb_casts.c --exact --solver kissat	unmeasured	unmeasured	?	w2 cast rig (queued local/CI cluster): 3453 NaN/±Inf bit lattice|RECIPE-FIX 2026-07-30: row named nonexistent harness eq_jsonb_float4_special; renamed to real harness (cargo kani list); re-sweep owed
jsonb-probe	proofs::eq_jsonb_numeric_window_n0	-Z c-ffi -Z stubbing --c-lib c/pg_jsonb.c --c-lib c/pg_jsonb_casts.c --exact --solver kissat	green	per-commit	1.8213296	w2 cast rig : 3449 window identity nd0
jsonb-probe	proofs::eq_jsonb_numeric_window_n1	-Z c-ffi -Z stubbing --c-lib c/pg_jsonb.c --c-lib c/pg_jsonb_casts.c --exact --solver kissat	green	per-commit	1.3495935	w2 cast rig : 3449 nd1
jsonb-probe	proofs::eq_jsonb_numeric_window_n2	-Z c-ffi -Z stubbing --c-lib c/pg_jsonb.c --c-lib c/pg_jsonb_casts.c --exact --solver kissat	green	per-commit	1.4844856	w2 cast rig : 3449 nd2
jsonb-probe	proofs::eq_jsonb_cast_scalar_kinds	-Z c-ffi -Z stubbing --c-lib c/pg_jsonb.c --c-lib c/pg_jsonb_casts.c --exact --solver kissat	green	per-commit	2.7056246	w2 cast rig : shared null/bool/string error class
jsonb-probe	proofs::eq_jsonb_cast_err_array_n2	-Z c-ffi -Z stubbing --c-lib c/pg_jsonb.c --c-lib c/pg_jsonb_casts.c --exact --solver kissat	green	per-commit	4.00998	w2 cast rig : shared jbvArray class
jsonb-probe	proofs::eq_jsonb_cast_err_object_n1	-Z c-ffi -Z stubbing --c-lib c/pg_jsonb.c --c-lib c/pg_jsonb_casts.c --exact --solver kissat	green	per-commit	1.4656063	w2 cast rig : shared jbvObject class
jsonb-probe	proofs::eq_jsonb_int8_scalar_kinds	-Z c-ffi -Z stubbing --c-lib c/pg_jsonb.c --c-lib c/pg_jsonb_casts.c --exact --solver kissat	green	release-gate	15.660433	w2 cast rig : 3452 error-flow representative
jsonb-probe	proofs::control_cast_weight_skew	-Z c-ffi -Z stubbing --c-lib c/pg_jsonb.c --c-lib c/pg_jsonb_casts.c --exact	must-fail	defect-witness	40.82665	w2 cast rig negative control (DEFAULT solver); FAILED-as-required on out==v (verified check name)
jsonb-probe	proofs::eq_build_array_noargs	-Z c-ffi -Z stubbing --c-lib c/pg_jsonb_build.c --exact --solver kissat	unmeasured	unmeasured	?	FLEET-BOUND (local timeout-450s): w2 3272 constant empty-array image (queued)
jsonb-probe	proofs::eq_build_object_noargs	-Z c-ffi -Z stubbing --c-lib c/pg_jsonb_build.c --exact --solver kissat	unmeasured	unmeasured	?	w2 3274 constant empty-object image (queued)
