oid	name	source_file	status	class	notes
31	byteaout	crates/backend/utils/adt/varlena/src/builtins.rs	proved(hex path len<=8 end-to-end incl prefix+NUL; escape path WALL)	fast/wall-split	hex = default bytea_output, 23s; escape wall = std Vec push machinery not escape logic (kernels proved separately); proofs/bytea-varbit
33	charout	crates/backend/utils/adt/char/src/builtins.rs	proved(full-i8; roundtrip; 8-bit datum-value parity)	fast	0.61s; proofs/char; C int-truncation comment claim machine-checked; fleet char-signedness FAILs = harness-shim widening artifact (fixed, fleet-decode 2026-07-30)
34	namein	crates/backend/utils/adt/name/src/builtins.rs	proved(cstr len<=71 incl truncation; modulo identical mbcliplen single-byte model)	fast	1.7s; multibyte clip parity owed to mbutils family; proofs/name-ascii
35	nameout	crates/backend/utils/adt/name/src/builtins.rs	proved(full [u8;64], contract data[63]==0)	fast	13.2s under load — re-measure idle; proofs/name-ascii
38	int2in	crates/backend/utils/adt/int/src/builtins.rs	candidate	fast	int2in core = strtoint family, sibling of 42 int4in (proved sloped-wall); len<=6 sym + spots; value+verdict+sqlstate parity; host proofs/strtoint
39	int2out	crates/backend/utils/adt/int/src/builtins.rs	proved(full-i16, 2-way split+coverage)	sloped-wall	12.4+5.6s; proofs/intout
40	int2vectorin	crates/backend/utils/adt/int/src/builtins.rs	proved(len0 cell; len>=1 sym + spot census UNRESOLVED)	fast	wrapper-level rig built (proofs/vector-io, verdict-class + full image parity, glibc strtol10 model shim V3); len0 proved 26.7s kissat; len1 timed out 450s both solvers and concrete spots timed out under 11-lane machine saturation (load ~19) — environment, NOT recorded walls; re-run on the fleet Kani runner; harnesses eq_i2vin_len0..5 + eq_i2vin_spots ready
41	int2vectorout	crates/backend/utils/adt/int/src/builtins.rs	proved(dim<=1 full-i16 + dim0 + dim3 signed-boundary spots; dim>=2 symbolic = wall)	fast	wrapper-level (fc_int2vectorout, full cstring image incl NUL); C emitter = pg_itoa verbatim (upstream int.c already uses it); n0 15.95s default / n1 176.6s kissat / spots 161-203s kissat; dim2 full-i16 = memory wall >6GB, dim2 +-99 band = SAT timeout 450s both solvers (ladder exhausted); rig control FAILED on image-byte check (valid gate); modulo static-buffer allocator model; proofs/vector-io
42	int4in	crates/backend/utils/adt/int/src/builtins.rs	proved(core len<=8 all bytes incl SWAR fast path + 0x/0o/0b + '_'; len 9-12 wall; value+verdict+sqlstate parity)	sloped-wall	82s/556s harnesses; 10-digit dual base-10 accumulation = classic multiplication-equivalence wall; boundary covered by crate tests; proofs/strtoint
43	int4out	crates/backend/utils/adt/int/src/builtins.rs	proved(|v|<1e7 symbolic + concrete spots d8-d10 incl MIN/MAX; remainder wall)	sloped-wall	piecewise per-digit splits 4-16s + coverage; proofs/intout
44	regprocin	crates/backend/utils/adt/regproc/src/builtins.rs	excluded(state)	-	catalog name lookup (reg* io)
45	regprocout	crates/backend/utils/adt/regproc/src/builtins.rs	excluded(state)	-	catalog name lookup (reg* io)
46	textin	crates/backend/utils/adt/varlena/src/builtins.rs	excluded(wall: derived-length copy) + tested(differential: fleet 10M-exec/target campaigns 2026-07-31 — vltext_diff job 1785485266, vlbytea_diff job 1785485273, vlmisc_diff jobs 1785485279+1785485968 — value+verdict+sqlstate planes, 0 divergences; corpus banked fuzz/corpus/)	-	builtins.rs:221 cstring_to_text over strlen-derived extent (pstrdup class); concrete spots / per-length core cells re-open
47	textout	crates/backend/utils/adt/varlena/src/builtins.rs	candidate + tested(differential: fleet 10M-exec/target campaigns 2026-07-31 — vltext_diff job 1785485266, vlbytea_diff job 1785485273, vlmisc_diff jobs 1785485279+1785485968 — value+verdict+sqlstate planes, 0 divergences; corpus banked fuzz/corpus/)	ladder	builtins.rs:232 payload copy + NUL into out_scratch = pg_node_tree_out 196 shape (PROVED len<=8 per-length cells); std-Vec/fmt stubs; host proofs/pseudotypes rig
48	tidin	crates/backend/utils/adt/scalar/src/builtins.rs	divergence(PLATFORM-DEPENDENT: glibc PG accepts empty fields '(,5)'->(0,5), BSD/macOS PG rejects — strtoul errno-on-no-conversion variance; pgrust matches BSD arm) + proved(len<=10 fenced + spots)	fast	ground-truthed on real PG 18 both platforms 2026-07-28; ruling pending: match glibc-target vs ratify; upstream-report-worthy (platform-dependent acceptance); proofs/misc-ops + tested(differential: scalarxid_diff fleet 2x10.0M execs 0 div 2026-07-30/31 jobs -67332/-39044; glibc empty-field class banded per the platform ruling pending)
49	tidout	crates/backend/utils/adt/scalar/src/builtins.rs	proved(block<1e4 x full-u16 + 12 spots; >=1e4 band = CBMC memcpy artifact, witnessed)	fast	proofs/misc-ops
50	xidin	crates/backend/utils/adt/scalar/src/builtins.rs	proved(same core as oidin)	fast	proofs/misc-ops
51	xidout	crates/backend/utils/adt/scalar/src/builtins.rs	proved([0,1e7) magnitude bands (r1/d5/d6/d7a/d7b) + coverage + spots d8-d10 incl u32::MAX; remainder sloped wall)	fast	0.6-18s per band; SPEC-ANCHOR: C ref is pg_ultoa_n (C xidout itself is snprintf %lu — no CBMC model); proofs/scalar-misc wave5
52	cidin	crates/backend/utils/adt/scalar/src/builtins.rs	proved(same core as oidin)	fast	body-identity verified 2026-07-30: fc_cidin == fc_oidin modulo "cid" type-name literal (message text out of proof; Datum::from_oid == from_u32); rides misc-ops D1 uint32in_subr proof (len<=5 sym + spots; len 6-12 wall; SHIM-4 strtoul base-0 model). scalar-misc runqueue skip-note adjudicated stale vs misc-ops D1; proofs/misc-ops; wave-5 lane resolved independently, reconciled at merge (agree)
53	cidout	crates/backend/utils/adt/scalar/src/builtins.rs	proved([0,1e7) bands + spots d8-d10 incl u32::MAX; remainder sloped wall)	fast	wrapper-level (fc_cidout TLS scratch + NUL in-theorem); C ref = pg_ultoa_n SPEC-ANCHOR (C cidout is snprintf %u, no CBMC model); 5 bands 4.2-11.4s kissat + spots 2.2s + union coverage; wave5 pre-built, first solve 2026-07-30; proofs/scalar-misc; wave-5 lane resolved independently, reconciled at merge (agree)
54	oidvectorin	crates/backend/utils/adt/scalar/src/builtins.rs	candidate	ladder	builtins.rs:494 uint32in_subr loop + 24B oidvector header image; per-(dim<=2,len<=5) cells; mcx-stubs; PgVec leak -> forget; soft-error plane rides uint32in_subr (proved family) + tested(differential: scalarxid_diff fleet 2x10.0M execs 0 div; full image + verdict + errcode planes)
55	oidvectorout	crates/backend/utils/adt/scalar/src/builtins.rs	candidate	ladder	builtins.rs:527 pg_ultoa_n per element + ' ' at digit-dependent offsets; banded digit-count x dim<=2 cells (tidout 49 precedent); valid-oidvector fence (release-effective, 457 lesson) + tested(differential: scalarxid_diff fleet 2x10.0M execs 0 div; full image + verdict + errcode planes)
56	boollt	crates/backend/utils/adt/bool/src/builtins.rs	proved(full-bool2)	fast	proofs/bool; <1s; kissat
57	boolgt	crates/backend/utils/adt/bool/src/builtins.rs	proved(full-bool2)	fast	proofs/bool; <1s; kissat
60	booleq	crates/backend/utils/adt/bool/src/builtins.rs	proved(full-bool2)	fast	proofs/bool; <1s; kissat
61	chareq	crates/backend/utils/adt/char/src/builtins.rs	proved(full-i8xi8, wrapper-level)	fast	0.1-0.2s; unsigned-compare comment claim machine-checked; proofs/scalar-misc
62	nameeq	crates/backend/utils/adt/name/src/builtins.rs	proved(full [u8;64] pairs, C collation)	fast	~3s; raw strncmp value equal, no sign-normalization needed; proofs/name-ascii
63	int2eq	crates/backend/utils/adt/int/src/builtins.rs	proved(full-domain)	fast	<=0.03s; proofs/int-cmp
64	int2lt	crates/backend/utils/adt/int/src/builtins.rs	proved(full-domain)	fast	<=0.03s; proofs/int-cmp
65	int4eq	crates/backend/utils/adt/int/src/builtins.rs	proved(full-domain)	fast	<=0.03s; proofs/int-cmp
66	int4lt	crates/backend/utils/adt/int/src/builtins.rs	proved(full-domain)	fast	<=0.03s; proofs/int-cmp
67	texteq	crates/backend/utils/adt/varlena/src/builtins.rs	proved(wrapper-level varlena; C-collation fence; len<=8/side sym)	fast	1-5s; proofs/text-cmp
68	xideq	crates/backend/utils/adt/scalar/src/builtins.rs	proved(full-u32xu32, wrapper-level)	fast	0.12s; eq-only, modular ordering out of scope; proofs/scalar-misc
69	cideq	crates/backend/utils/adt/scalar/src/builtins.rs	proved(full-u32xu32, wrapper-level)	fast	0.29s kissat; wave5::eq_cideq (pre-built wave5, first solve 2026-07-30); proofs/scalar-misc; wave-5 lane resolved independently, reconciled at merge (agree)
70	charne	crates/backend/utils/adt/char/src/builtins.rs	proved(full-i8xi8, wrapper-level)	fast	0.1-0.2s; unsigned-compare comment claim machine-checked; proofs/scalar-misc
72	charle	crates/backend/utils/adt/char/src/builtins.rs	proved(full-i8xi8, wrapper-level)	fast	0.1-0.2s; unsigned-compare comment claim machine-checked; proofs/scalar-misc
73	chargt	crates/backend/utils/adt/char/src/builtins.rs	proved(full-i8xi8, wrapper-level)	fast	0.1-0.2s; unsigned-compare comment claim machine-checked; proofs/scalar-misc
74	charge	crates/backend/utils/adt/char/src/builtins.rs	proved(full-i8xi8, wrapper-level)	fast	0.1-0.2s; unsigned-compare comment claim machine-checked; proofs/scalar-misc
77	chartoi4	crates/backend/utils/adt/char/src/builtins.rs	proved(full-i8)	fast	0.02s; proofs/char
78	i4tochar	crates/backend/utils/adt/char/src/builtins.rs	proved(full-i32 incl truncation; 8-bit datum-value parity)	fast	0.63s; proofs/char; fleet FAIL = shim widening artifact (fixed)
79	nameregexeq	crates/backend/utils/adt/regexp/src/builtins.rs	tested(differential: regexp_diff fleet 3.65M execs / 25.8 CPU-h fork=15 @325985a437 (24h-CPU floor), 0 wrapper-plane div; planes value+verdict+errcode + fc plane; oracle = verbatim 18.3 regexp.c + vendored Spencer engine, UTF8 + C collation; carve: RE cache, RE2/engine-GUC dispatch, SRF shells -> exception rows)	fuzz-only	p1-laneag 2026-07-31 job pgrust-fuzz-campaign-1785535304-795f-37663 (evidence fuzz/fleet-evidence/regexp_diff-1785535304 - runner slow-unit-triage defect kept stats.json from S3; pod-extracted artifacts are the record) + local 207k smoke + exhaustive parse_re_flags sweep (65,281 len<=2 + 100k len<=4); prior verdict excluded(engine); ENGINE findings routed to regex/regex_core (p1-lanew): REG_ETOOBIG false-too-complex (docker-ground-truthed, witness test known_etoobig_divergence_repro), debug_asserts regex_compile.rs:2821/2163 fire on fuzz patterns, rstacktoodeep()=0 stack-overflow, engine compile OOMs
84	boolne	crates/backend/utils/adt/bool/src/builtins.rs	proved(full-bool2)	fast	proofs/bool; <1s; kissat
86	pg_ddl_command_in	crates/backend/utils/adt/pseudotypes/src/builtins.rs	proved(err-parity: verdict+sqlstate+level; all args ignored)	fast	~0.6s default solver; proofs/pseudotypes eq_pg_ddl_command_in; wrapper-level via LocalFcinfo (call1, null Datum); C MAKE_SQLSTATE computed vs shipped with_sqlstate — 0A000 encoding in-theorem; message text/location out of proof; Err-arm cover! + shell_in must-fail control
87	pg_ddl_command_out	crates/backend/utils/adt/pseudotypes/src/builtins.rs	proved(err-parity: verdict+sqlstate+level; all args ignored)	fast	~0.6s default solver; proofs/pseudotypes eq_pg_ddl_command_out; wrapper-level via LocalFcinfo (call1, null Datum); C MAKE_SQLSTATE computed vs shipped with_sqlstate — 0A000 encoding in-theorem; message text/location out of proof; Err-arm cover! + shell_in must-fail control
88	pg_ddl_command_recv	crates/backend/utils/adt/pseudotypes/src/builtins.rs	proved(err-parity: verdict+sqlstate+level; all args ignored)	fast	~0.6s default solver; proofs/pseudotypes eq_pg_ddl_command_recv; wrapper-level via LocalFcinfo (call1, null Datum); C MAKE_SQLSTATE computed vs shipped with_sqlstate — 0A000 encoding in-theorem; message text/location out of proof; Err-arm cover! + shell_in must-fail control
89	pgsql_version	crates/backend/utils/adt/adt_misc/src/builtins.rs	divergence(ratified: pgrust banner)	fast	version() string DELIBERATELY differs by construction: PG_VERSION_STR = "pgrust 0.2 (PostgreSQL 18.3 compatible) on <triple>, 64-bit" (introspect.rs:11-25 documents the ruling: leads with pgrust, keeps "PostgreSQL 18.3" wire-compat substring; server_version GUC stays "18.3"). No C-parity surface to prove beyond cstring_to_text of a build constant — re-triaged 2026-07-30
90	pg_ddl_command_send	crates/backend/utils/adt/pseudotypes/src/builtins.rs	proved(err-parity: verdict+sqlstate+level; all args ignored)	fast	~0.6s default solver; proofs/pseudotypes eq_pg_ddl_command_send; wrapper-level via LocalFcinfo (call1, null Datum); C MAKE_SQLSTATE computed vs shipped with_sqlstate — 0A000 encoding in-theorem; message text/location out of proof; Err-arm cover! + shell_in must-fail control
109	unknownin	crates/backend/utils/adt/varlena/src/builtins.rs	excluded(wall: derived-length copy) + tested(differential: fleet 10M-exec/target campaigns 2026-07-31 — vltext_diff job 1785485266, vlbytea_diff job 1785485273, vlmisc_diff jobs 1785485279+1785485968 — value+verdict+sqlstate planes, 0 divergences; corpus banked fuzz/corpus/)	-	lib.rs:514 pstrdup; = unknownsend 2417 class
110	unknownout	crates/backend/utils/adt/varlena/src/builtins.rs	excluded(wall: derived-length copy) + tested(differential: fleet 10M-exec/target campaigns 2026-07-31 — vltext_diff job 1785485266, vlbytea_diff job 1785485273, vlmisc_diff jobs 1785485279+1785485968 — value+verdict+sqlstate planes, 0 divergences; corpus banked fuzz/corpus/)	-	lib.rs:518 pstrdup + wrapper NUL append; = unknownsend 2417 class
115	box_above_eq	crates/backend/utils/adt/geo/src/builtins.rs	proved(full f64 domain incl NaN payloads/±Inf/±0/subnormals; EPSILON fuzzy forms in-theorem; wrapper-level by-ref)	fast	0.8-30s; proofs/geo-cmp
116	box_below_eq	crates/backend/utils/adt/geo/src/builtins.rs	proved(full f64 domain incl NaN payloads/±Inf/±0/subnormals; EPSILON fuzzy forms in-theorem; wrapper-level by-ref)	fast	0.8-30s; proofs/geo-cmp
117	point_in	crates/backend/utils/adt/geo/src/builtins.rs	tested(differential: geo_io_diff fleet 10.0M execs 0 div; planes verdict+errclass+bit-exact f64 struct+out-image; raw-out over all f64 bit patterns)	-	io::point_in io.rs:272 -> float8in_internal; strtod + sscanf cascade; p1-laner 2026-07-31 job pgrust-fuzz-campaign-1785484270-4bb3-13959; prior verdict excluded(blocked: libc-strtod)
118	point_out	crates/backend/utils/adt/geo/src/builtins.rs	tested(differential: geo_io_diff fleet 10.0M execs 0 div; planes verdict+errclass+bit-exact f64 struct+out-image; raw-out over all f64 bit patterns)	-	io::point_out io.rs:278 -> path_encode -> float8out_internal Ryu emission + differential(fuzz/geo_diff result-image exact vs vendored C: 24.7M cases total, 0 diffs); p1-laner 2026-07-31 job pgrust-fuzz-campaign-1785484270-4bb3-13959; prior verdict excluded(wall: CNF width)
119	lseg_in	crates/backend/utils/adt/geo/src/builtins.rs	tested(differential: geo_io_diff fleet 10.0M execs 0 div; planes verdict+errclass+bit-exact f64 struct+out-image; raw-out over all f64 bit patterns)	-	io::lseg_in io.rs:412; float8in x4; p1-laner 2026-07-31 job pgrust-fuzz-campaign-1785484270-4bb3-13959; prior verdict excluded(blocked: libc-strtod)
120	lseg_out	crates/backend/utils/adt/geo/src/builtins.rs	tested(differential: geo_io_diff fleet 10.0M execs 0 div; planes verdict+errclass+bit-exact f64 struct+out-image; raw-out over all f64 bit patterns)	-	io::lseg_out io.rs:431; p1-laner 2026-07-31 job pgrust-fuzz-campaign-1785484270-4bb3-13959; prior verdict excluded(wall: CNF width)
121	path_in	crates/backend/utils/adt/geo/src/builtins.rs	tested(differential: geo_io_diff fleet 10.0M execs 0 div; planes verdict+errclass+bit-exact f64 struct+out-image; raw-out over all f64 bit patterns)	-	io::path_in io.rs:486; derived npts + PgVec/Mcx image + float8in cascade; p1-laner 2026-07-31 job pgrust-fuzz-campaign-1785484270-4bb3-13959; prior verdict excluded(wall: CNF width)
122	path_out	crates/backend/utils/adt/geo/src/builtins.rs	tested(differential: geo_io_diff fleet 10.0M execs 0 div; planes verdict+errclass+bit-exact f64 struct+out-image; raw-out over all f64 bit patterns)	-	io::path_out io.rs:542; per-point Ryu at symbolic offsets; p1-laner 2026-07-31 job pgrust-fuzz-campaign-1785484270-4bb3-13959; prior verdict excluded(wall: CNF width)
123	box_in	crates/backend/utils/adt/geo/src/builtins.rs	tested(differential: geo_io_diff fleet 10.0M execs 0 div; planes verdict+errclass+bit-exact f64 struct+out-image; raw-out over all f64 bit patterns)	-	io::box_in io.rs:283; p1-laner 2026-07-31 job pgrust-fuzz-campaign-1785484270-4bb3-13959; prior verdict excluded(blocked: libc-strtod)
124	box_out	crates/backend/utils/adt/geo/src/builtins.rs	tested(differential: geo_io_diff fleet 10.0M execs 0 div; planes verdict+errclass+bit-exact f64 struct+out-image; raw-out over all f64 bit patterns)	-	io::box_out io.rs:314; p1-laner 2026-07-31 job pgrust-fuzz-campaign-1785484270-4bb3-13959; prior verdict excluded(wall: CNF width)
125	box_overlap	crates/backend/utils/adt/geo/src/builtins.rs	proved(full f64 domain incl NaN payloads/±Inf/±0/subnormals; EPSILON fuzzy forms in-theorem; wrapper-level by-ref)	fast	0.8-30s; proofs/geo-cmp
126	box_ge	crates/backend/utils/adt/geo/src/builtins.rs	proved(zero-height plane full-sym + symbolic-index boundary grid incl ±EPSILON edges and error arms; full-symbolic area WALL per 53-bit law)	sloped-wall	6-7s; proofs/geo-cmp
127	box_gt	crates/backend/utils/adt/geo/src/builtins.rs	proved(zero-height plane full-sym + symbolic-index boundary grid incl ±EPSILON edges and error arms; full-symbolic area WALL per 53-bit law)	sloped-wall	6-7s; proofs/geo-cmp
128	box_eq	crates/backend/utils/adt/geo/src/builtins.rs	proved(zero-height plane full-sym + symbolic-index boundary grid incl ±EPSILON edges and error arms; full-symbolic area WALL per 53-bit law)	sloped-wall	6-7s; proofs/geo-cmp
129	box_lt	crates/backend/utils/adt/geo/src/builtins.rs	proved(zero-height plane full-sym + symbolic-index boundary grid incl ±EPSILON edges and error arms; full-symbolic area WALL per 53-bit law)	sloped-wall	6-7s; proofs/geo-cmp
130	box_le	crates/backend/utils/adt/geo/src/builtins.rs	proved(zero-height plane full-sym + symbolic-index boundary grid incl ±EPSILON edges and error arms; full-symbolic area WALL per 53-bit law)	sloped-wall	6-7s; proofs/geo-cmp
131	point_above	crates/backend/utils/adt/geo/src/builtins.rs	proved(full f64 domain incl NaN payloads/±Inf/±0/subnormals; EPSILON fuzzy forms in-theorem; wrapper-level by-ref)	fast	0.8-30s; proofs/geo-cmp
132	point_left	crates/backend/utils/adt/geo/src/builtins.rs	proved(full f64 domain incl NaN payloads/±Inf/±0/subnormals; EPSILON fuzzy forms in-theorem; wrapper-level by-ref)	fast	0.8-30s; proofs/geo-cmp
133	point_right	crates/backend/utils/adt/geo/src/builtins.rs	proved(full f64 domain incl NaN payloads/±Inf/±0/subnormals; EPSILON fuzzy forms in-theorem; wrapper-level by-ref)	fast	0.8-30s; proofs/geo-cmp
134	point_below	crates/backend/utils/adt/geo/src/builtins.rs	proved(full f64 domain incl NaN payloads/±Inf/±0/subnormals; EPSILON fuzzy forms in-theorem; wrapper-level by-ref)	fast	0.8-30s; proofs/geo-cmp
135	point_eq	crates/backend/utils/adt/geo/src/builtins.rs	proved(full f64 domain incl NaN payloads/±Inf/±0/subnormals; EPSILON fuzzy forms in-theorem; wrapper-level by-ref)	fast	0.8-30s; proofs/geo-cmp
136	on_pb	crates/backend/utils/adt/geo/src/builtins.rs	proved(full f64 domain incl NaN payloads/±Inf/±0/subnormals; EPSILON fuzzy forms in-theorem; wrapper-level by-ref)	fast	0.8-30s; proofs/geo-cmp
137	on_ppath	crates/backend/utils/adt/geo/src/builtins.rs	excluded(wall: 53-bit)	-	proximity.rs:384; 3x point_dt per vertex / point_inside z-multiply; DIVERGENCE FIXED 2026-07-30 fix/on-ppath-float8-pl c66260f825 (open-path sums via float8_pl like C geo_ops.c:3183; 22003 overflow parity byte-identical vs PG18.4); geo_diff carve removed, 58.5M cases 0 divergences; pinned witness flipped to assert Err(22003)
138	box_center	crates/backend/utils/adt/geo/src/builtins.rs	proved(FULL domain at core — /2.0 power-of-two divide provable; + concrete error spots)	fast	84s default solver, calibration tier; proofs/geo-cmp
141	int4mul	crates/backend/utils/adt/int/src/builtins.rs	proved(FULL symbolic domain incl 64x64; value+verdict+sqlstate)	fast	1-8s kissat+noreach; predecessor wall = drop-glue artifact; proofs/int-arith
144	int4ne	crates/backend/utils/adt/int/src/builtins.rs	proved(full-domain)	fast	<=0.03s; proofs/int-cmp
145	int2ne	crates/backend/utils/adt/int/src/builtins.rs	proved(full-domain)	fast	<=0.03s; proofs/int-cmp
146	int2gt	crates/backend/utils/adt/int/src/builtins.rs	proved(full-domain)	fast	<=0.03s; proofs/int-cmp
147	int4gt	crates/backend/utils/adt/int/src/builtins.rs	proved(full-domain)	fast	<=0.03s; proofs/int-cmp
148	int2le	crates/backend/utils/adt/int/src/builtins.rs	proved(full-domain)	fast	<=0.03s; proofs/int-cmp
149	int4le	crates/backend/utils/adt/int/src/builtins.rs	proved(full-domain)	fast	<=0.03s; proofs/int-cmp
150	int4ge	crates/backend/utils/adt/int/src/builtins.rs	proved(full-domain)	fast	<=0.03s; proofs/int-cmp
151	int2ge	crates/backend/utils/adt/int/src/builtins.rs	proved(full-domain)	fast	<=0.03s; proofs/int-cmp
152	int2mul	crates/backend/utils/adt/int/src/builtins.rs	proved(FULL symbolic domain incl 64x64; value+verdict+sqlstate)	fast	1-8s kissat+noreach; predecessor wall = drop-glue artifact; proofs/int-arith
153	int2div	crates/backend/utils/adt/int/src/builtins.rs	proved(full domain)	fast	25-27s release-gate; proofs/int-arith
154	int4div	crates/backend/utils/adt/int/src/builtins.rs	proved(b in {0,-1,+1} spots full-sym dividend: x/0 22012, INT_MIN/-1 22003, /-1==neg, %-1==0 all in-theorem; symbolic-divisor remainder wall)	fast	0.1-0.2s spots; proofs/int-arith
155	int2mod	crates/backend/utils/adt/int/src/builtins.rs	proved(b in {0,-1,+1} spots full-sym dividend: x/0 22012, INT_MIN/-1 22003, /-1==neg, %-1==0 all in-theorem; symbolic-divisor remainder wall)	fast	0.1-0.2s spots; proofs/int-arith
156	int4mod	crates/backend/utils/adt/int/src/builtins.rs	proved(b in {0,-1,+1} spots full-sym dividend: x/0 22012, INT_MIN/-1 22003, /-1==neg, %-1==0 all in-theorem; symbolic-divisor remainder wall)	fast	0.1-0.2s spots; proofs/int-arith
157	textne	crates/backend/utils/adt/varlena/src/builtins.rs	proved(wrapper-level varlena; C-collation fence; len<=8/side sym)	fast	1-5s; proofs/text-cmp
158	int24eq	crates/backend/utils/adt/int/src/builtins.rs	proved(full-domain)	fast	<=0.03s; proofs/int-cmp
159	int42eq	crates/backend/utils/adt/int/src/builtins.rs	proved(full-domain)	fast	<=0.03s; proofs/int-cmp
160	int24lt	crates/backend/utils/adt/int/src/builtins.rs	proved(full-domain)	fast	<=0.03s; proofs/int-cmp
161	int42lt	crates/backend/utils/adt/int/src/builtins.rs	proved(full-domain)	fast	<=0.03s; proofs/int-cmp
162	int24gt	crates/backend/utils/adt/int/src/builtins.rs	proved(full-domain)	fast	<=0.03s; proofs/int-cmp
163	int42gt	crates/backend/utils/adt/int/src/builtins.rs	proved(full-domain)	fast	<=0.03s; proofs/int-cmp
164	int24ne	crates/backend/utils/adt/int/src/builtins.rs	proved(full-domain)	fast	<=0.03s; proofs/int-cmp
165	int42ne	crates/backend/utils/adt/int/src/builtins.rs	proved(full-domain)	fast	<=0.03s; proofs/int-cmp
166	int24le	crates/backend/utils/adt/int/src/builtins.rs	proved(full-domain)	fast	<=0.03s; proofs/int-cmp
167	int42le	crates/backend/utils/adt/int/src/builtins.rs	proved(full-domain)	fast	<=0.03s; proofs/int-cmp
168	int24ge	crates/backend/utils/adt/int/src/builtins.rs	proved(full-domain)	fast	<=0.03s; proofs/int-cmp
169	int42ge	crates/backend/utils/adt/int/src/builtins.rs	proved(full-domain)	fast	<=0.03s; proofs/int-cmp
170	int24mul	crates/backend/utils/adt/int/src/builtins.rs	proved(FULL symbolic domain incl 64x64; value+verdict+sqlstate)	fast	1-8s kissat+noreach; predecessor wall = drop-glue artifact; proofs/int-arith
171	int42mul	crates/backend/utils/adt/int/src/builtins.rs	proved(FULL symbolic domain incl 64x64; value+verdict+sqlstate)	fast	1-8s kissat+noreach; predecessor wall = drop-glue artifact; proofs/int-arith
172	int24div	crates/backend/utils/adt/int/src/builtins.rs	proved(full domain)	fast	25-27s release-gate; proofs/int-arith
173	int42div	crates/backend/utils/adt/int/src/builtins.rs	proved(b in {0,-1,+1} spots full-sym dividend: x/0 22012, INT_MIN/-1 22003, /-1==neg, %-1==0 all in-theorem; symbolic-divisor remainder wall)	fast	0.1-0.2s spots; proofs/int-arith
176	int2pl	crates/backend/utils/adt/int/src/builtins.rs	proved(full domain; value+verdict+sqlstate 22003, wrapper-level)	fast	0.4-0.5s; proofs/int-arith
177	int4pl	crates/backend/utils/adt/int/src/builtins.rs	proved(full domain; value+verdict+sqlstate 22003, wrapper-level)	fast	0.4-0.5s; proofs/int-arith
178	int24pl	crates/backend/utils/adt/int/src/builtins.rs	proved(full domain; value+verdict+sqlstate 22003, wrapper-level)	fast	0.4-0.5s; proofs/int-arith
179	int42pl	crates/backend/utils/adt/int/src/builtins.rs	proved(full domain; value+verdict+sqlstate 22003, wrapper-level)	fast	0.4-0.5s; proofs/int-arith
180	int2mi	crates/backend/utils/adt/int/src/builtins.rs	proved(full domain; value+verdict+sqlstate 22003, wrapper-level)	fast	0.4-0.5s; proofs/int-arith
181	int4mi	crates/backend/utils/adt/int/src/builtins.rs	proved(full domain; value+verdict+sqlstate 22003, wrapper-level)	fast	0.4-0.5s; proofs/int-arith
182	int24mi	crates/backend/utils/adt/int/src/builtins.rs	proved(full domain; value+verdict+sqlstate 22003, wrapper-level)	fast	0.4-0.5s; proofs/int-arith
183	int42mi	crates/backend/utils/adt/int/src/builtins.rs	proved(full domain; value+verdict+sqlstate 22003, wrapper-level)	fast	0.4-0.5s; proofs/int-arith
184	oideq	crates/backend/utils/adt/scalar/src/builtins.rs	proved(full-domain)	fast	<=0.03s; proofs/int-cmp
185	oidne	crates/backend/utils/adt/scalar/src/builtins.rs	proved(full-domain)	fast	<=0.03s; proofs/int-cmp
186	box_same	crates/backend/utils/adt/geo/src/builtins.rs	proved(full f64 domain incl NaN payloads/±Inf/±0/subnormals; EPSILON fuzzy forms in-theorem; wrapper-level by-ref)	fast	0.8-30s; proofs/geo-cmp
187	box_contain	crates/backend/utils/adt/geo/src/builtins.rs	proved(full f64 domain incl NaN payloads/±Inf/±0/subnormals; EPSILON fuzzy forms in-theorem; wrapper-level by-ref)	fast	0.8-30s; proofs/geo-cmp
188	box_left	crates/backend/utils/adt/geo/src/builtins.rs	proved(full f64 domain incl NaN payloads/±Inf/±0/subnormals; EPSILON fuzzy forms in-theorem; wrapper-level by-ref)	fast	0.8-30s; proofs/geo-cmp
189	box_overleft	crates/backend/utils/adt/geo/src/builtins.rs	proved(full f64 domain incl NaN payloads/±Inf/±0/subnormals; EPSILON fuzzy forms in-theorem; wrapper-level by-ref)	fast	0.8-30s; proofs/geo-cmp
190	box_overright	crates/backend/utils/adt/geo/src/builtins.rs	proved(full f64 domain incl NaN payloads/±Inf/±0/subnormals; EPSILON fuzzy forms in-theorem; wrapper-level by-ref)	fast	0.8-30s; proofs/geo-cmp
191	box_right	crates/backend/utils/adt/geo/src/builtins.rs	proved(full f64 domain incl NaN payloads/±Inf/±0/subnormals; EPSILON fuzzy forms in-theorem; wrapper-level by-ref)	fast	0.8-30s; proofs/geo-cmp
192	box_contained	crates/backend/utils/adt/geo/src/builtins.rs	proved(full f64 domain incl NaN payloads/±Inf/±0/subnormals; EPSILON fuzzy forms in-theorem; wrapper-level by-ref)	fast	0.8-30s; proofs/geo-cmp
193	box_contain_pt	crates/backend/utils/adt/geo/src/builtins.rs	proved(full f64 domain incl NaN payloads/±Inf/±0/subnormals; EPSILON fuzzy forms in-theorem; wrapper-level by-ref)	fast	0.8-30s; proofs/geo-cmp
195	pg_node_tree_in	crates/backend/utils/adt/pseudotypes/src/builtins.rs	proved(err-parity: verdict+sqlstate+level; all args ignored)	fast	~0.6s default solver; proofs/pseudotypes eq_pg_node_tree_in; wrapper-level via LocalFcinfo (call1, null Datum); C MAKE_SQLSTATE computed vs shipped with_sqlstate — 0A000 encoding in-theorem; message text/location out of proof; Err-arm cover! + shell_in must-fail control
196	pg_node_tree_out	crates/backend/utils/adt/pseudotypes/src/builtins.rs	proved(payload full-symbolic, len<=8 per-length cells + union coverage; modulo static-buffer allocator model)	slow	12-47s/cell under load; exact per-cell unwind mandatory; --no-assertion-reach-checks; embedded NULs in-theorem; detoast out of scope; proofs/pseudotypes
197	pg_node_tree_recv	crates/backend/utils/adt/pseudotypes/src/builtins.rs	proved(err-parity: verdict+sqlstate+level; all args ignored)	fast	~0.6s default solver; proofs/pseudotypes eq_pg_node_tree_recv; wrapper-level via LocalFcinfo (call1, null Datum); C MAKE_SQLSTATE computed vs shipped with_sqlstate — 0A000 encoding in-theorem; message text/location out of proof; Err-arm cover! + shell_in must-fail control
198	pg_node_tree_send	crates/backend/utils/adt/pseudotypes/src/builtins.rs	proved(payload full-symbolic, len<=8 per-length cells + union coverage; full bytea image incl varsize header; modulo static-buffer allocator model; pg_server_to_client pinned to identity arm)	slow	18-65s/cell; unwind=len+6 exact (len8 FAILED at unwind(10) = bound artifact, not divergence); proofs/pseudotypes
200	float4in	crates/backend/utils/adt/float/src/builtins.rs	excluded(wall: strtod-class scan + soft-error-context seam; mirror of 214)	-	proofs/float-arith screen + differential(fuzz/float_in_diff vs vendored REL_18 C oracle, in-process, value+err+errcode exact: 31.6M cases total 0 diffs; nan(n-char-seq) inputs carved = macOS-oracle-vs-glibc libc delta, docker PG18.4 confirms shipped Rust matches glibc/PG)
201	float4out	crates/backend/utils/adt/float/src/builtins.rs	excluded(wall: Ryu shortest-decimal result image)	-	core io.rs:559 float4out->float4out_with->float_to_shortest_decimal_bufn; wrapper builtins.rs:74; adt_float. Image claim + fmt machinery. Latent scalar slice: pg_strfromd_f64 special-value arms + length parity; extra_float_digits GUC seam + differential(fuzz/float_out_diff vs vendored REL_18 ryu C, byte-image exact incl len: 23.7M cases total + full f32 exponent-boundary sweep, 0 diffs)
202	float4mul	crates/backend/utils/adt/float/src/builtins.rs	proved(full f32xf32; value+verdict+sqlstate; cover-witnessed both arms)	fast	6-13s; proofs/float-arith
203	float4div	crates/backend/utils/adt/float/src/builtins.rs	proved(zero-arm full-width incl 22012 + special grid; open region wall)	fast	proofs/float-arith
204	float4pl	crates/backend/utils/adt/float/src/builtins.rs	proved(full f32xf32; value+verdict+sqlstate; cover-witnessed both arms)	fast	6-13s; proofs/float-arith
205	float4mi	crates/backend/utils/adt/float/src/builtins.rs	proved(full f32xf32; value+verdict+sqlstate; cover-witnessed both arms)	fast	6-13s; proofs/float-arith
206	float4um	crates/backend/utils/adt/float/src/builtins.rs	proved(full-domain bit-exact, wrapper-level)	fast	0.1s; proofs/float-arith
207	float4abs	crates/backend/utils/adt/float/src/builtins.rs	proved(full-domain bit-exact, wrapper-level)	fast	0.1s; proofs/float-arith
208	float4_accum	crates/backend/utils/adt/float/src/builtins.rs	proved(literal-zero first-row plane; general arm wall(53-bit + FMA spec gap))	ladder	fleet; proofs/float-agg
209	float4larger	crates/backend/utils/adt/float/src/builtins.rs	proved(full-symbolic, BIT-EXACT via to_bits; ±0 selection + NaN payload in-theorem; wrapper-level)	fast	0.15s; proofs/float-cmp
211	float4smaller	crates/backend/utils/adt/float/src/builtins.rs	proved(full-symbolic, BIT-EXACT via to_bits; ±0 selection + NaN payload in-theorem; wrapper-level)	fast	0.15s; proofs/float-cmp
212	int4um	crates/backend/utils/adt/int/src/builtins.rs	proved(full domain; value+verdict+sqlstate 22003)	fast	0.4-1s; proofs/int-arith
213	int2um	crates/backend/utils/adt/int/src/builtins.rs	proved(full domain; value+verdict+sqlstate 22003)	fast	0.4-1s; proofs/int-arith
214	float8in	crates/backend/utils/adt/float/src/builtins.rs	excluded(wall: strtod-class mantissa accumulation)	-	float8in_internal io.rs:327 scan_number/round_to_float; wrapper builtins.rs:67. Future slice: accept/reject + error-class parity (22P02 vs 22003 incl soft-error arm) at capped len + differential(fuzz/float_in_diff vs vendored REL_18 C oracle, in-process, value+err+errcode exact: 31.6M cases total 0 diffs; nan(n-char-seq) carve as row 200)
215	float8out	crates/backend/utils/adt/float/src/builtins.rs	excluded(wall: Ryu shortest-decimal result image)	-	float8out_internal io.rs:544; wrapper builtins.rs:86; same as 201; OUT_SCRATCH thread_local seam at wrapper level + differential(fuzz/float_out_diff vs vendored REL_18 ryu C, byte-image exact incl len: 23.7M cases total, 0 diffs)
216	float8mul	crates/backend/utils/adt/float/src/builtins.rs	proved(16x16 special grid incl error arms; symbolic x symbolic wall)	fast	7-16s grids; proofs/float-arith
217	float8div	crates/backend/utils/adt/float/src/builtins.rs	proved(zero-arm full-width verdict-only; open region wall; grid excluded per Kani f64-Err defect)	fast	witness pair in proofs/float-arith
218	float8pl	crates/backend/utils/adt/float/src/builtins.rs	proved(full domain; value+verdict+sqlstate)	fast	12-20s; proofs/float-arith
219	float8mi	crates/backend/utils/adt/float/src/builtins.rs	proved(full domain; value+verdict+sqlstate)	fast	12-20s; proofs/float-arith
220	float8um	crates/backend/utils/adt/float/src/builtins.rs	proved(full-domain bit-exact, wrapper-level)	fast	0.1s; proofs/float-arith
221	float8abs	crates/backend/utils/adt/float/src/builtins.rs	proved(full-domain bit-exact, wrapper-level)	fast	0.1s; proofs/float-arith
222	float8_accum	crates/backend/utils/adt/float/src/builtins.rs	proved(first-row plane; general arm wall)	ladder	fleet; proofs/float-agg
223	float8larger	crates/backend/utils/adt/float/src/builtins.rs	proved(full-symbolic, BIT-EXACT via to_bits; ±0 selection + NaN payload in-theorem; wrapper-level)	fast	0.15s; proofs/float-cmp
224	float8smaller	crates/backend/utils/adt/float/src/builtins.rs	proved(full-symbolic, BIT-EXACT via to_bits; ±0 selection + NaN payload in-theorem; wrapper-level)	fast	0.15s; proofs/float-cmp
225	lseg_center	crates/backend/utils/adt/geo/src/builtins.rs	proved(full, core; /2.0 power-of-two divides)	slow	86.9s DEFAULT solver; wrapper-level by-ref, full f64 domain incl NaN/Inf/±0/subnormals unless sliced; proofs/geo-cmp ext; NAN shim pinned canonical (CBMC NAN model defect, native-replayed)
227	poly_center	crates/backend/utils/adt/geo/src/builtins.rs	excluded(wall: 53-bit)	-	poly_to_circle poly.rs:245; n x point_dt + /npts symbolic divisor
228	dround	crates/backend/utils/adt/float/src/builtins.rs	proved(full-f64 incl NaN payloads; wrapper-level)	fast	fleet-banked <=10s; proofs/float-arith
229	dtrunc	crates/backend/utils/adt/float/src/builtins.rs	proved(full-f64; wrapper-level)	fast	fleet-banked; proofs/float-arith
230	dsqrt	crates/backend/utils/adt/float/src/builtins.rs	proved(16-special grid; NaN + SUBNORMAL cells classification-only in-model, pinned natively bit-exact — CBMC sqrt model mis-rounds subnormals)	ladder	37.8s kissat post-carve; tests/dsqrt_grid_native.rs is payload coverage of record; proofs/float-arith
231	dcbrt	crates/backend/utils/adt/float/src/builtins.rs	tested(differential: coverage-guided 68.5M + 10M/fn sampler, 0 diffs; libm-parity per host libm, fp-contract carve noted)	-	proofs/float-arith screen; prior verdict blocked(libm — binds C libm; libm-oracle seam lane) — fuzz-float-math campaign 2026-07-30 (379M total cases, three-way exact: bits/error-presence/errcode class)
232	dpow	crates/backend/utils/adt/float/src/builtins.rs	tested(differential: coverage-guided 68.5M + 10M/fn sampler, 0 diffs; libm-parity per host libm, fp-contract carve noted)	ladder	funcs.rs:206; POSIX corner lattice funcs.rs:208-258 libm-free (NaN^0, 1^NaN, 0^neg 22023, neg^nonint 22023, inf tables incl odd-integer via /2.0); powf confined to one arm -> symbolic oracle; lane float-domain; prior verdict blocked(seam:libm-oracle, special-value lattice + error-plane) — fuzz-float-math campaign 2026-07-30 (379M total cases, three-way exact: bits/error-presence/errcode class)
233	dexp	crates/backend/utils/adt/float/src/builtins.rs	tested(differential: coverage-guided 68.5M + 10M/fn sampler, 0 diffs; libm-parity per host libm, fp-contract carve noted)	ladder	funcs.rs:287; NaN/±Inf arms libm-free; overflow/underflow classification over symbolic oracle; lane float-domain; prior verdict blocked(seam:libm-oracle, error-plane only) — fuzz-float-math campaign 2026-07-30 (379M total cases, three-way exact: bits/error-presence/errcode class)
234	dlog1	crates/backend/utils/adt/float/src/builtins.rs	tested(differential: coverage-guided 68.5M + 10M/fn sampler, 0 diffs; libm-parity per host libm, fp-contract carve noted)	ladder	funcs.rs:307; zero->2201E and negative->2201F pre-checks fully libm-free; lane float-domain; prior verdict blocked(seam:libm-oracle, error-plane only) — fuzz-float-math campaign 2026-07-30 (379M total cases, three-way exact: bits/error-presence/errcode class)
235	i2tod	crates/backend/utils/adt/float/src/builtins.rs	proved(full-domain wrapper-level; fallible arms value+verdict+sqlstate)	fast	0.2-6.7s; per-oid table in proofs/casts; rint==round_ties_even machine-checked
236	i2tof	crates/backend/utils/adt/float/src/builtins.rs	proved(full-domain wrapper-level; fallible arms value+verdict+sqlstate)	fast	0.2-6.7s; per-oid table in proofs/casts; rint==round_ties_even machine-checked
237	dtoi2	crates/backend/utils/adt/float/src/builtins.rs	proved(full-domain wrapper-level; fallible arms value+verdict+sqlstate)	fast	0.2-6.7s; per-oid table in proofs/casts; rint==round_ties_even machine-checked
238	ftoi2	crates/backend/utils/adt/float/src/builtins.rs	proved(full-domain wrapper-level; fallible arms value+verdict+sqlstate)	fast	0.2-6.7s; per-oid table in proofs/casts; rint==round_ties_even machine-checked
239	line_distance	crates/backend/utils/adt/geo/src/builtins.rs	excluded(wall: 53-bit)	-	line.rs:122; interpt solve + divide by pg_hypot general path (CBMC no-contract gap)
240	nameeqtext	crates/backend/utils/adt/name/src/builtins.rs	proved(wrapper-level; C-collation fence; full-64 sym name + text len<=8)	fast	5-43s ordered rows depth-bound, ladder exhausted; proofs/text-cmp
241	namelttext	crates/backend/utils/adt/name/src/builtins.rs	proved(wrapper-level; C-collation fence; full-64 sym name + text len<=8)	fast	5-43s ordered rows depth-bound, ladder exhausted; proofs/text-cmp
242	nameletext	crates/backend/utils/adt/name/src/builtins.rs	proved(wrapper-level; C-collation fence; full-64 sym name + text len<=8)	fast	5-43s ordered rows depth-bound, ladder exhausted; proofs/text-cmp
243	namegetext	crates/backend/utils/adt/name/src/builtins.rs	proved(wrapper-level; C-collation fence; full-64 sym name + text len<=8)	fast	5-43s ordered rows depth-bound, ladder exhausted; proofs/text-cmp
244	namegttext	crates/backend/utils/adt/name/src/builtins.rs	proved(wrapper-level; C-collation fence; full-64 sym name + text len<=8)	fast	5-43s ordered rows depth-bound, ladder exhausted; proofs/text-cmp
245	namenetext	crates/backend/utils/adt/name/src/builtins.rs	proved(wrapper-level; C-collation fence; full-64 sym name + text len<=8)	fast	5-43s ordered rows depth-bound, ladder exhausted; proofs/text-cmp
246	btnametextcmp	crates/backend/utils/adt/name/src/builtins.rs	proved(wrapper-level; C-collation fence; full-64 sym name + text len<=8)	fast	5-43s ordered rows depth-bound, ladder exhausted; proofs/text-cmp
247	texteqname	crates/backend/utils/adt/name/src/builtins.rs	proved(wrapper-level; C-collation fence; full-64 sym name + text len<=8)	fast	5-43s ordered rows depth-bound, ladder exhausted; proofs/text-cmp
248	textltname	crates/backend/utils/adt/name/src/builtins.rs	proved(wrapper-level; C-collation fence; full-64 sym name + text len<=8)	fast	5-43s ordered rows depth-bound, ladder exhausted; proofs/text-cmp
249	textlename	crates/backend/utils/adt/name/src/builtins.rs	proved(wrapper-level; C-collation fence; full-64 sym name + text len<=8)	fast	5-43s ordered rows depth-bound, ladder exhausted; proofs/text-cmp
250	textgename	crates/backend/utils/adt/name/src/builtins.rs	proved(wrapper-level; C-collation fence; full-64 sym name + text len<=8)	fast	5-43s ordered rows depth-bound, ladder exhausted; proofs/text-cmp
251	textgtname	crates/backend/utils/adt/name/src/builtins.rs	proved(wrapper-level; C-collation fence; full-64 sym name + text len<=8)	fast	5-43s ordered rows depth-bound, ladder exhausted; proofs/text-cmp
252	textnename	crates/backend/utils/adt/name/src/builtins.rs	proved(wrapper-level; C-collation fence; full-64 sym name + text len<=8)	fast	5-43s ordered rows depth-bound, ladder exhausted; proofs/text-cmp
253	bttextnamecmp	crates/backend/utils/adt/name/src/builtins.rs	proved(wrapper-level; C-collation fence; full-64 sym name + text len<=8)	fast	5-43s ordered rows depth-bound, ladder exhausted; proofs/text-cmp
266	nameconcatoid	crates/backend/utils/adt/name/src/builtins.rs	excluded(wall: derived-length copy + std::fmt) + tested(differential: name_diff campaign — nameconcatoid _{oid} image vs vendored 18.3 C)	-	name/src/lib.rs:249 write!("_{oid}") fmt machinery + NUL-scan namlen + pg_mbcliplen seam; scalar slice only
267	table_am_handler_in	crates/backend/utils/adt/pseudotypes/src/builtins.rs	proved(err-parity: verdict+sqlstate+level; all args ignored)	fast	~0.6s default solver; proofs/pseudotypes eq_table_am_handler_in; wrapper-level via LocalFcinfo (call1, null Datum); C MAKE_SQLSTATE computed vs shipped with_sqlstate — 0A000 encoding in-theorem; message text/location out of proof; Err-arm cover! + shell_in must-fail control
268	table_am_handler_out	crates/backend/utils/adt/pseudotypes/src/builtins.rs	proved(err-parity: verdict+sqlstate+level; all args ignored)	fast	~0.6s default solver; proofs/pseudotypes eq_table_am_handler_out; wrapper-level via LocalFcinfo (call1, null Datum); C MAKE_SQLSTATE computed vs shipped with_sqlstate — 0A000 encoding in-theorem; message text/location out of proof; Err-arm cover! + shell_in must-fail control
274	timeofday	crates/backend/utils/adt/adt_timestamp/src/builtins.rs	excluded(state)	-	lib.rs:1578 pg_clock seam + strftime-class image
276	float8_combine	crates/backend/utils/adt/float/src/builtins.rs	proved(n1/n2==0 identity planes; general arm wall)	ladder	fleet; proofs/float-agg
277	inter_sl	crates/backend/utils/adt/geo/src/builtins.rs	excluded(wall: 53-bit)	-	proximity.rs:409 -> lseg_interpt_line mul/div chain
278	inter_lb	crates/backend/utils/adt/geo/src/builtins.rs	excluded(wall: 53-bit)	-	proximity.rs:475; four lseg_interpt_line solves
279	float48mul	crates/backend/utils/adt/float/src/builtins.rs	proved(16x16 special grid incl error arms; symbolic x symbolic wall)	fast	7-16s grids; proofs/float-arith
280	float48div	crates/backend/utils/adt/float/src/builtins.rs	proved(zero-arm full-width verdict-only; open region wall; grid excluded per Kani f64-Err defect)	fast	witness pair in proofs/float-arith
281	float48pl	crates/backend/utils/adt/float/src/builtins.rs	proved(full domain; value+verdict+sqlstate)	fast	12-20s; proofs/float-arith
282	float48mi	crates/backend/utils/adt/float/src/builtins.rs	proved(full domain; value+verdict+sqlstate)	fast	12-20s; proofs/float-arith
283	float84mul	crates/backend/utils/adt/float/src/builtins.rs	proved(16x16 special grid incl error arms; symbolic x symbolic wall)	fast	7-16s grids; proofs/float-arith
284	float84div	crates/backend/utils/adt/float/src/builtins.rs	proved(zero-arm full-width verdict-only; open region wall; grid excluded per Kani f64-Err defect)	fast	witness pair in proofs/float-arith
285	float84pl	crates/backend/utils/adt/float/src/builtins.rs	proved(full domain; value+verdict+sqlstate)	fast	12-20s; proofs/float-arith
286	float84mi	crates/backend/utils/adt/float/src/builtins.rs	proved(full domain; value+verdict+sqlstate)	fast	12-20s; proofs/float-arith
287	float4eq	crates/backend/utils/adt/float/src/builtins.rs	proved(full-symbolic incl NaN/Inf/±0; wrapper-level)	fast	0.12-0.19s; NaN-aware helpers proved identical; proofs/float-cmp
288	float4ne	crates/backend/utils/adt/float/src/builtins.rs	proved(full-symbolic incl NaN/Inf/±0; wrapper-level)	fast	0.12-0.19s; NaN-aware helpers proved identical; proofs/float-cmp
289	float4lt	crates/backend/utils/adt/float/src/builtins.rs	proved(full-symbolic incl NaN/Inf/±0; wrapper-level)	fast	0.12-0.19s; NaN-aware helpers proved identical; proofs/float-cmp
290	float4le	crates/backend/utils/adt/float/src/builtins.rs	proved(full-symbolic incl NaN/Inf/±0; wrapper-level)	fast	0.12-0.19s; NaN-aware helpers proved identical; proofs/float-cmp
291	float4gt	crates/backend/utils/adt/float/src/builtins.rs	proved(full-symbolic incl NaN/Inf/±0; wrapper-level)	fast	0.12-0.19s; NaN-aware helpers proved identical; proofs/float-cmp
292	float4ge	crates/backend/utils/adt/float/src/builtins.rs	proved(full-symbolic incl NaN/Inf/±0; wrapper-level)	fast	0.12-0.19s; NaN-aware helpers proved identical; proofs/float-cmp
293	float8eq	crates/backend/utils/adt/float/src/builtins.rs	proved(full-symbolic incl NaN/Inf/±0; wrapper-level)	fast	0.12-0.19s; NaN-aware helpers proved identical; proofs/float-cmp
294	float8ne	crates/backend/utils/adt/float/src/builtins.rs	proved(full-symbolic incl NaN/Inf/±0; wrapper-level)	fast	0.12-0.19s; NaN-aware helpers proved identical; proofs/float-cmp
295	float8lt	crates/backend/utils/adt/float/src/builtins.rs	proved(full-symbolic incl NaN/Inf/±0; wrapper-level)	fast	0.12-0.19s; NaN-aware helpers proved identical; proofs/float-cmp
296	float8le	crates/backend/utils/adt/float/src/builtins.rs	proved(full-symbolic incl NaN/Inf/±0; wrapper-level)	fast	0.12-0.19s; NaN-aware helpers proved identical; proofs/float-cmp
297	float8gt	crates/backend/utils/adt/float/src/builtins.rs	proved(full-symbolic incl NaN/Inf/±0; wrapper-level)	fast	0.12-0.19s; NaN-aware helpers proved identical; proofs/float-cmp
298	float8ge	crates/backend/utils/adt/float/src/builtins.rs	proved(full-symbolic incl NaN/Inf/±0; wrapper-level)	fast	0.12-0.19s; NaN-aware helpers proved identical; proofs/float-cmp
299	float48eq	crates/backend/utils/adt/float/src/builtins.rs	proved(full-symbolic incl NaN/Inf/±0; wrapper-level)	fast	0.12-0.19s; NaN-aware helpers proved identical; proofs/float-cmp
300	float48ne	crates/backend/utils/adt/float/src/builtins.rs	proved(full-symbolic incl NaN/Inf/±0; wrapper-level)	fast	0.12-0.19s; NaN-aware helpers proved identical; proofs/float-cmp
301	float48lt	crates/backend/utils/adt/float/src/builtins.rs	proved(full-symbolic incl NaN/Inf/±0; wrapper-level)	fast	0.12-0.19s; NaN-aware helpers proved identical; proofs/float-cmp
302	float48le	crates/backend/utils/adt/float/src/builtins.rs	proved(full-symbolic incl NaN/Inf/±0; wrapper-level)	fast	0.12-0.19s; NaN-aware helpers proved identical; proofs/float-cmp
303	float48gt	crates/backend/utils/adt/float/src/builtins.rs	proved(full-symbolic incl NaN/Inf/±0; wrapper-level)	fast	0.12-0.19s; NaN-aware helpers proved identical; proofs/float-cmp
304	float48ge	crates/backend/utils/adt/float/src/builtins.rs	proved(full-symbolic incl NaN/Inf/±0; wrapper-level)	fast	0.12-0.19s; NaN-aware helpers proved identical; proofs/float-cmp
305	float84eq	crates/backend/utils/adt/float/src/builtins.rs	proved(full-symbolic incl NaN/Inf/±0; wrapper-level)	fast	0.12-0.19s; NaN-aware helpers proved identical; proofs/float-cmp
306	float84ne	crates/backend/utils/adt/float/src/builtins.rs	proved(full-symbolic incl NaN/Inf/±0; wrapper-level)	fast	0.12-0.19s; NaN-aware helpers proved identical; proofs/float-cmp
307	float84lt	crates/backend/utils/adt/float/src/builtins.rs	proved(full-symbolic incl NaN/Inf/±0; wrapper-level)	fast	0.12-0.19s; NaN-aware helpers proved identical; proofs/float-cmp
308	float84le	crates/backend/utils/adt/float/src/builtins.rs	proved(full-symbolic incl NaN/Inf/±0; wrapper-level)	fast	0.12-0.19s; NaN-aware helpers proved identical; proofs/float-cmp
309	float84gt	crates/backend/utils/adt/float/src/builtins.rs	proved(full-symbolic incl NaN/Inf/±0; wrapper-level)	fast	0.12-0.19s; NaN-aware helpers proved identical; proofs/float-cmp
310	float84ge	crates/backend/utils/adt/float/src/builtins.rs	proved(full-symbolic incl NaN/Inf/±0; wrapper-level)	fast	0.12-0.19s; NaN-aware helpers proved identical; proofs/float-cmp
311	ftod	crates/backend/utils/adt/float/src/builtins.rs	proved(full-domain wrapper-level; fallible arms value+verdict+sqlstate)	fast	0.2-6.7s; per-oid table in proofs/casts; rint==round_ties_even machine-checked
312	dtof	crates/backend/utils/adt/float/src/builtins.rs	proved(full-domain wrapper-level; fallible arms value+verdict+sqlstate)	fast	0.2-6.7s; per-oid table in proofs/casts; rint==round_ties_even machine-checked
313	i2toi4	crates/backend/utils/adt/int/src/builtins.rs	proved(full-i16; wrapper-level)	fast	0.19s; proofs/int-arith
314	i4toi2	crates/backend/utils/adt/int/src/builtins.rs	proved(full-i32; value+verdict+sqlstate 22003)	fast	0.23s; both arms covered; proofs/int-arith
315	pg_jit_available	crates/backend/utils/adt/adt_misc/src/builtins.rs	excluded(state)	-	server WAL/catalog/session state
316	i4tod	crates/backend/utils/adt/float/src/builtins.rs	proved(full-domain wrapper-level; fallible arms value+verdict+sqlstate)	fast	0.2-6.7s; per-oid table in proofs/casts; rint==round_ties_even machine-checked
317	dtoi4	crates/backend/utils/adt/float/src/builtins.rs	proved(full-domain wrapper-level; fallible arms value+verdict+sqlstate)	fast	0.2-6.7s; per-oid table in proofs/casts; rint==round_ties_even machine-checked
318	i4tof	crates/backend/utils/adt/float/src/builtins.rs	proved(full-domain wrapper-level; fallible arms value+verdict+sqlstate)	fast	0.2-6.7s; per-oid table in proofs/casts; rint==round_ties_even machine-checked
319	ftoi4	crates/backend/utils/adt/float/src/builtins.rs	proved(full-domain wrapper-level; fallible arms value+verdict+sqlstate)	fast	0.2-6.7s; per-oid table in proofs/casts; rint==round_ties_even machine-checked
320	width_bucket_float8	crates/backend/utils/adt/float/src/builtins.rs	proved(all non-divide arms full-symbolic: 2201G rejects + 22003 count-overflow + edges; 14-cell divide grid incl Inf-difference, i32::MAX, denormal, q==1.0 clamp cell)	slow	34.3s + 41.0s; proofs/float-arith
321	json_in	crates/backend/utils/adt/json/src/builtins.rs	tested(differential: json_diff fleet job pgrust-fuzz-campaign-1785508521-0065-90755 10M execs 0 divergences + a0 exhaustive 67,174,400-case unicode-escape domain PASS; planes value+verdict+sqlstate+SQL-NULL+fc-wrapper)	-	json_in json/src/lib.rs:55 -> jsonapi::parse recursive descent + Mcx lex state; only claim = accept/reject = whole parser | was: excluded(wall: parser cascade) | p1-laneab 2026-07-31
322	json_out	crates/backend/utils/adt/json/src/builtins.rs	proved(len cells {0,1,8}, symbolic contents [holds for ALL bytes, superset of valid json]; pre-detoasted plane; modulo static-buffer allocator model)	ladder	proofs/json-text 110-302s/cell kissat; symbolic len<=8 walls SAT (NUL at data-dependent offset) — literal-length cells per TRIAGE; native sweep 500k payloads len<=64; w2-arrayjson
323	json_recv	crates/backend/utils/adt/json/src/builtins.rs	excluded(wall: parser cascade + pointer-datum recv ABI)	-	lib.rs:75; both walls at once
324	json_send	crates/backend/utils/adt/json/src/builtins.rs	proved(len cells {0,1,8}, symbolic contents, full bytea image; modulo identity pg_server_to_client seam [= C no-conversion branch] + static-buffer allocator model)	ladder	proofs/json-text 113-122s/cell kissat; seam load-bearing witnessed natively (tests/native_seam_skew.rs); input-skew control fails on exactly the size assert; w2-arrayjson
326	index_am_handler_in	crates/backend/utils/adt/pseudotypes/src/builtins.rs	proved(err-parity: verdict+sqlstate+level; all args ignored)	fast	~0.6s default solver; proofs/pseudotypes eq_index_am_handler_in; wrapper-level via LocalFcinfo (call1, null Datum); C MAKE_SQLSTATE computed vs shipped with_sqlstate — 0A000 encoding in-theorem; message text/location out of proof; Err-arm cover! + shell_in must-fail control
327	index_am_handler_out	crates/backend/utils/adt/pseudotypes/src/builtins.rs	proved(err-parity: verdict+sqlstate+level; all args ignored)	fast	~0.6s default solver; proofs/pseudotypes eq_index_am_handler_out; wrapper-level via LocalFcinfo (call1, null Datum); C MAKE_SQLSTATE computed vs shipped with_sqlstate — 0A000 encoding in-theorem; message text/location out of proof; Err-arm cover! + shell_in must-fail control
328	hashmacaddr8	crates/backend/utils/adt/mac8/src/builtins.rs	proved(full block + seed, wrapper-level)	fast	1-13s; proofs/hash-rows
329	hash_aclitem	crates/backend/utils/adt/acl/src/builtins.rs	proved(full-domain, wrapper-level)	seam	2.9s; truncate-order comment claim machine-checked; proofs/state-seam-probe
332	gisthandler	crates/backend/access/gist/gistproc/src/lib.rs	excluded(non-surface)	-	gistproc/src/lib.rs:918 = panic!; AM dispatches via IndexAmKind, never fmgr
334	spghandler	crates/backend/access/spgist/spgist_text/src/lib.rs	excluded(non-surface)	-	spgist_text/src/lib.rs:536 panic! guard
338	amvalidate	crates/backend/commands/opclasscmds/src/builtins.rs	excluded(state)	-	opclass catalog state
339	poly_same	crates/backend/utils/adt/geo/src/builtins.rs	proved(n=1 cell full-sym points + n-mismatch plane n in 1..=3) + wall(n=2,3: SAT no-verdict 420s default / 480s kissat+no-reach under 5-lane load; plist_same cyclic-match FPeq mux)	slow	148.4s DEFAULT solver (kissat re-enumerates: inversion) + 171.8s; proofs/geo-cmp ext3 2026-07-30
340	poly_contain	crates/backend/utils/adt/geo/src/builtins.rs	proved(bbox-fail plane: literal separating coord, 7 bb coords + points full-sym, n=1, via PolyRef::from_parts; C deep walk = loud trap) + wall(lseg_inside_poly recursion); DURABLE: literal fold dies through varlena image decode - use from_parts	fast	2.9s kissat; proofs/geo-cmp ext5 2026-07-30
341	poly_left	crates/backend/utils/adt/geo/src/builtins.rs	proved(full f64 boundboxes incl NaN/Inf, exact compares; n=1 cell, wrapper-level varlena decode in-theorem)	fast	5.6s kissat; proofs/geo-cmp ext3 2026-07-30
342	poly_overleft	crates/backend/utils/adt/geo/src/builtins.rs	proved(full f64 boundboxes incl NaN/Inf; n=1 cell, wrapper-level)	fast	5.5s kissat; proofs/geo-cmp ext3 2026-07-30
343	poly_overright	crates/backend/utils/adt/geo/src/builtins.rs	proved(full f64 boundboxes incl NaN/Inf; n=1 cell, wrapper-level)	fast	5.8s kissat; proofs/geo-cmp ext3 2026-07-30
344	poly_right	crates/backend/utils/adt/geo/src/builtins.rs	proved(full f64 boundboxes incl NaN/Inf; n=1 cell, wrapper-level)	fast	6.0s kissat; proofs/geo-cmp ext3 2026-07-30
345	poly_contained	crates/backend/utils/adt/geo/src/builtins.rs	proved(bbox-fail plane, arg-swapped; same rig as 340) + wall(lseg_inside_poly recursion)	fast	2.4s kissat; proofs/geo-cmp ext5 2026-07-30
346	poly_overlap	crates/backend/utils/adt/geo/src/builtins.rs	proved(disjoint-bbox plane FPle(10,0) literal-fail; same rig) + wall(na x nb interpt + point_inside interior)	fast	2.0s kissat; proofs/geo-cmp ext5 2026-07-30
347	poly_in	crates/backend/utils/adt/geo/src/builtins.rs	tested(differential: geo_io_diff fleet 10.0M execs 0 div; planes verdict+errclass+bit-exact f64 struct+out-image; raw-out over all f64 bit patterns)	-	io::poly_in io.rs:554; p1-laner 2026-07-31 job pgrust-fuzz-campaign-1785484270-4bb3-13959; prior verdict excluded(wall: CNF width)
348	poly_out	crates/backend/utils/adt/geo/src/builtins.rs	tested(differential: geo_io_diff fleet 10.0M execs 0 div; planes verdict+errclass+bit-exact f64 struct+out-image; raw-out over all f64 bit patterns)	-	io::poly_out io.rs:588; p1-laner 2026-07-31 job pgrust-fuzz-campaign-1785484270-4bb3-13959; prior verdict excluded(wall: CNF width)
350	btint2cmp	crates/backend/access/nbtree/compare/src/builtins.rs	proved(full-domain)	fast	<=0.03s; proofs/int-cmp
351	btint4cmp	crates/backend/access/nbtree/compare/src/builtins.rs	proved(full-domain)	fast	<=0.03s; proofs/int-cmp
354	btfloat4cmp	crates/backend/utils/adt/float/src/builtins.rs	proved(full-symbolic; NaN-sorts-last machine-checked; wrapper-level)	fast	0.15-0.18s; proofs/float-cmp
355	btfloat8cmp	crates/backend/utils/adt/float/src/builtins.rs	proved(full-symbolic; NaN-sorts-last machine-checked; wrapper-level)	fast	0.15-0.18s; proofs/float-cmp
356	btoidcmp	crates/backend/access/nbtree/compare/src/builtins.rs	proved(full-domain)	fast	<=0.03s; proofs/int-cmp
357	dist_bp	crates/backend/utils/adt/geo/src/builtins.rs	excluded(wall: 53-bit)	-	box_closept_point proximity.rs:221; 4x lseg_closept + 8 point_dt
358	btcharcmp	crates/backend/access/nbtree/compare/src/builtins.rs	proved(full-i8xi8, wrapper-level)	fast	0.12s; proofs/scalar-misc
359	btnamecmp	crates/backend/utils/adt/name/src/builtins.rs	candidate	fast	strncmp_name name/src/lib.rs:64 (SWAR) via btnamecmp lib.rs:185; fence collid==C (non-C = libc/ICU); [u8;64]x2 ~3s precedent; comment-claim raw byte-diff magnitude parity (lib.rs:60-63). Host proofs/name-ascii
360	bttextcmp	crates/backend/utils/adt/varlena/src/builtins.rs	proved(wrapper-level varlena; C-collation fence; len<=8/side sym)	fast	1-5s; proofs/text-cmp
361	lseg_distance	crates/backend/utils/adt/geo/src/builtins.rs	excluded(wall: 53-bit)	-	lseg_closept_lseg proximity.rs:179
362	lseg_interpt	crates/backend/utils/adt/geo/src/builtins.rs	excluded(wall: 53-bit)	-	lseg_interpt_lseg lseg.rs:97
363	dist_ps	crates/backend/utils/adt/geo/src/builtins.rs	excluded(wall: 53-bit)	-	lseg_closept_point proximity.rs:142 (wall exemplar)
364	dist_pb	crates/backend/utils/adt/geo/src/builtins.rs	excluded(wall: 53-bit)	-	box_closept_point cascade
365	dist_sb	crates/backend/utils/adt/geo/src/builtins.rs	excluded(wall: 53-bit)	-	box_closept_lseg proximity.rs:269
366	close_ps	crates/backend/utils/adt/geo/src/builtins.rs	excluded(wall: 53-bit)	-	proximity.rs:322; result-point image + line solve
367	close_pb	crates/backend/utils/adt/geo/src/builtins.rs	excluded(wall: 53-bit)	-	proximity.rs:341
368	close_sb	crates/backend/utils/adt/geo/src/builtins.rs	excluded(wall: 53-bit)	-	proximity.rs:360
369	on_ps	crates/backend/utils/adt/geo/src/builtins.rs	proved(9-cell one-sym-index axis-aligned grid incl eps-band/NaN/Inf/overflow-Err)	fast	33.3s kissat; proofs/geo-cmp ext2 relaunch 2026-07-29
370	path_distance	crates/backend/utils/adt/geo/src/builtins.rs	proved(no-segment plane: p2 open n=1 lit, p1 npts 1..=3 sym + full-i32 closed + full-sym points -> SQL NULL both sides; CORE-level, C closept = loud out-of-plane trap) + wall(min-over-segments body)	fast	2.4s kissat; proofs/geo-cmp ext5 2026-07-30
371	dist_ppath	crates/backend/utils/adt/geo/src/builtins.rs	excluded(wall: 53-bit)	-	dist_ppath_internal proximity.rs:27
372	on_sb	crates/backend/utils/adt/geo/src/builtins.rs	proved(full f64 domain, wrapper-level)	fast	1.4s kissat; proofs/geo-cmp ext2 relaunch 2026-07-29
373	inter_sb	crates/backend/utils/adt/geo/src/builtins.rs	proved(9 literal axis-aligned cells) + wall(sym-index grid + full-sym probe memory>6GiB)	slow	3.1-10s kissat; proofs/geo-cmp ext2 relaunch 2026-07-29
376	text_to_array_null	crates/backend/utils/adt/varlena/src/builtins.rs	excluded(blocked: array-builder + split engine)	-	split_text::fc_text_to_array; construct_md_array image
377	cash_cmp	crates/backend/utils/adt/cash/src/builtins.rs	proved(full-i64x2, wrapper-level)	fast	0.12-0.15s; proofs/cash
378	array_append	crates/backend/utils/adt/array_userfuncs/src/builtins.rs	tested(differential: array_userfuncs_diff fleet campaigns (base ...949-0ed6-78397 found DIV-3, extended 10M execs clean job ...101-1c85-13840), value+verdict+errcode planes, int4/text/int8 pinned elements, 1-6D, deterministic PRNG parity for shuffle/sample)	-	p1-laneai 2026-07-31; residuals in proofs/coverage/phase1-exceptions.tsv; DIV-1/DIV-3 -fwrapv fixes landed this lane
379	array_prepend	crates/backend/utils/adt/array_userfuncs/src/builtins.rs	tested(differential: array_userfuncs_diff fleet campaigns (base ...949-0ed6-78397 found DIV-3, extended 10M execs clean job ...101-1c85-13840), value+verdict+errcode planes, int4/text/int8 pinned elements, 1-6D, deterministic PRNG parity for shuffle/sample)	-	p1-laneai 2026-07-31; residuals in proofs/coverage/phase1-exceptions.tsv; DIV-1/DIV-3 -fwrapv fixes landed this lane
380	dist_sp	crates/backend/utils/adt/geo/src/builtins.rs	excluded(wall: 53-bit)	-	same core as dist_ps
381	dist_bs	crates/backend/utils/adt/geo/src/builtins.rs	excluded(wall: 53-bit)	-	box_closept_lseg
382	btarraycmp	crates/backend/utils/adt/arrayfuncs/src/builtins.rs	proved(per-type: int4[],int8[],date[],text[]; typcache seam stubbed both sides + per-type seam-skew controls; int4/int8/date nelems<=4 + null bitmap + lbound + ndim0 tiebreakers; text C-collation fence, per-descriptor fixed lens<=4 short-varlena elements, symbolic contents, no nulls; uuid[] PROVED at 40GB per-solve cap (fleet wall-retry 2026-07-29, 721-1623s); modulo static-buffer allocator)	slow	kissat + --no-assertion-reach-checks; 66-830s release-gate/calibration; proofs/typcache-inst; uuid arm proved on fleet r8-class node — S3 artifact 994f9977/1785316417
383	array_cat	crates/backend/utils/adt/arrayfuncs/src/builtins.rs	excluded(typcache)	-	element typcache/fmgr dispatch
384	array_to_text_null	crates/backend/utils/adt/arrayfuncs/src/builtins.rs	excluded(typcache)	-	element typcache/fmgr dispatch
390	array_ne	crates/backend/utils/adt/arrayfuncs/src/builtins.rs	proved(per-type: int4[],int8[],date[],text[]; typcache seam stubbed both sides + per-type seam-skew controls; int4/int8/date nelems<=4 + null bitmap + lbound + ndim0 tiebreakers; text C-collation fence, per-descriptor fixed lens<=4 short-varlena elements, symbolic contents, no nulls; uuid[] PROVED at 40GB per-solve cap (fleet wall-retry 2026-07-29, 721-1623s); modulo static-buffer allocator)	slow	kissat + --no-assertion-reach-checks; 66-830s release-gate/calibration; proofs/typcache-inst; uuid arm proved on fleet r8-class node — S3 artifact 994f9977/1785316417
391	array_lt	crates/backend/utils/adt/arrayfuncs/src/builtins.rs	proved(per-type: int4[],int8[],date[],text[]; typcache seam stubbed both sides + per-type seam-skew controls; int4/int8/date nelems<=4 + null bitmap + lbound + ndim0 tiebreakers; text C-collation fence, per-descriptor fixed lens<=4 short-varlena elements, symbolic contents, no nulls; uuid[] PROVED at 40GB per-solve cap (fleet wall-retry 2026-07-29, 721-1623s); modulo static-buffer allocator)	slow	kissat + --no-assertion-reach-checks; 66-830s release-gate/calibration; proofs/typcache-inst; uuid arm proved on fleet r8-class node — S3 artifact 994f9977/1785316417
392	array_gt	crates/backend/utils/adt/arrayfuncs/src/builtins.rs	proved(per-type: int4[],int8[],date[],text[]; typcache seam stubbed both sides + per-type seam-skew controls; int4/int8/date nelems<=4 + null bitmap + lbound + ndim0 tiebreakers; text C-collation fence, per-descriptor fixed lens<=4 short-varlena elements, symbolic contents, no nulls; uuid[] PROVED at 40GB per-solve cap (fleet wall-retry 2026-07-29, 721-1623s); modulo static-buffer allocator)	slow	kissat + --no-assertion-reach-checks; 66-830s release-gate/calibration; proofs/typcache-inst; uuid arm proved on fleet r8-class node — S3 artifact 994f9977/1785316417
393	array_le	crates/backend/utils/adt/arrayfuncs/src/builtins.rs	proved(per-type: int4[],int8[],date[],text[]; typcache seam stubbed both sides + per-type seam-skew controls; int4/int8/date nelems<=4 + null bitmap + lbound + ndim0 tiebreakers; text C-collation fence, per-descriptor fixed lens<=4 short-varlena elements, symbolic contents, no nulls; uuid[] PROVED at 40GB per-solve cap (fleet wall-retry 2026-07-29, 721-1623s); modulo static-buffer allocator)	slow	kissat + --no-assertion-reach-checks; 66-830s release-gate/calibration; proofs/typcache-inst; uuid arm proved on fleet r8-class node — S3 artifact 994f9977/1785316417
394	text_to_array	crates/backend/utils/adt/varlena/src/builtins.rs	excluded(blocked: array-builder + split engine)	-	same body as 376
395	array_to_text	crates/backend/utils/adt/arrayfuncs/src/builtins.rs	excluded(typcache)	-	element typcache/fmgr dispatch
396	array_ge	crates/backend/utils/adt/arrayfuncs/src/builtins.rs	proved(per-type: int4[],int8[],date[],text[]; typcache seam stubbed both sides + per-type seam-skew controls; int4/int8/date nelems<=4 + null bitmap + lbound + ndim0 tiebreakers; text C-collation fence, per-descriptor fixed lens<=4 short-varlena elements, symbolic contents, no nulls; uuid[] PROVED at 40GB per-solve cap (fleet wall-retry 2026-07-29, 721-1623s); modulo static-buffer allocator)	slow	kissat + --no-assertion-reach-checks; 66-830s release-gate/calibration; proofs/typcache-inst; uuid arm proved on fleet r8-class node — S3 artifact 994f9977/1785316417
399	hashmacaddr	crates/backend/utils/adt/mac/src/builtins.rs	proved(full block + seed, wrapper-level)	fast	1-13s; proofs/hash-rows
400	hashtext	crates/backend/utils/adt/varlena/src/builtins.rs	proved(len<=8 per-length + coverage + mix-boundary spot; C-collation; collid=0 err-arm 42P22 parity)	fast	extended l6-l8 over-budget greens; proofs/hash-rows
401	rtrim1	crates/backend/utils/adt/oracle_compat/src/builtins.rs	tested(differential: oraclefam_diff fleet 2x10M execs 0 div — jobs pgrust-fuzz-campaign-1785508394-540a-34016 + pgrust-fuzz-campaign-1785509898-3498-66645 @ 4c690bacec; planes value+verdict+sqlstate; encodings SQL_ASCII/UTF8/LATIN1 (+EUC_JP ascii/chr rejects); invalid-collid 42P22 arm; corpus 3303 committed; p1-laneaj)	fast | campaign p1-laneaj 2026-07-31	dotrim_slice oracle_compat/src/lib.rs:224; SCALAR SLICE = surviving window (start,len), single-byte arm, literal b" " set; MB arm mcx ladder. Host new proofs/strings-scalar
404	btoidvectorcmp	crates/backend/access/nbtree/compare/src/builtins.rs	proved(sym dim<=4, length-first tiebreak exact)	fast	1.45s bonus row; proofs/scalar-misc
406	name_text	crates/backend/utils/adt/name/src/builtins.rs	proved(payload)	fast	4.2s; proofs/name-ascii
407	text_name	crates/backend/utils/adt/name/src/builtins.rs	proved(sym len<=71)	fast	1.6s; proofs/name-ascii
408	name_bpchar	crates/backend/utils/adt/varchar/src/builtins.rs	excluded(wall: derived-length copy)	-	lib.rs:201 NUL-scan over [u8;64] name -> cstring_to_text (= namesend 2423 class); per-NUL-position cells re-open
409	bpchar_name	crates/backend/utils/adt/varchar/src/builtins.rs	candidate(authored; fleet-bound)	fast	eq_bpchar_name_short (unwind fixed 11->66 on first solve, NAMEDATALEN compare loop) wall(timeout-260s, load=17) local; eq_bpchar_name_clip (600s tier) not attempted under saturation -> fleet runner; host proofs/oracle-compat (c/pg_varchar.c rig; control_varchar_clip_skew fired right-reason 2.4s + cover_varchar_regimes 6/6 SATISFIED 49.3s, 2026-07-30)
421	dist_pathp	crates/backend/utils/adt/geo/src/builtins.rs	excluded(wall: 53-bit)	-	dist_ppath_internal
422	hashinet	crates/backend/utils/adt/network/src/builtins.rs	proved(composed; v4/v6 split; shipped hashinet byte-view vs C-assembled VARDATA_ANY view, composed with proved hash_bytes ≡ hash_any (proofs/hash))	fast	1.9-2.9s; proofs/network; control_hashinet_view_skew FAILED as required; network-2026-07-30
425	hashint4extended	crates/backend/utils/adt/int/src/builtins.rs	proved(full-domain incl full symbolic seed, wrapper-level)	fast	0.2-5.3s; hashint8 fold full-i64; proofs/hash-rows
432	hash_numeric	crates/backend/utils/adt/numeric/src/builtins.rs	proved(wrapper-level on proved hash_bytes kernels; stripped per-nd 0..4 + union coverage; out-of-contract unstripped nd<=2)	fast	76-128s release-gate+; proofs/numeric-probe
436	macaddr_in	crates/backend/utils/adt/mac/src/builtins.rs	divergence(RATIFIED 2026-07-28: pgrust rejects >8-hexdigit wrap inputs C mod-2^32-accepts; C behavior = upstream sscanf bug, unreported; upstream report drafted) + proved(len<=4 full + witnesses; len 5-18 wall)	fast	Michael ruling: ratify rejection; witness harness = intentional expected-fail; proofs/mac
437	macaddr_out	crates/backend/utils/adt/mac/src/builtins.rs	proved(full 6-byte)	fast	0.44s; proofs/mac; %02x via exact hex-table shim
438	pg_num_nulls	crates/backend/utils/adt/adt_misc/src/lib.rs	proved(separate-arguments arm, N=0/1/4 cells x full symbolic null flags; variadic-array arm trap-fenced out)	fast	proofs/adt-misc 2026-07-30: eq_pg_num_nulls_n4/n1/n0 PROVED 0.76-1.0s default; wrapper-level (LocalFcinfo, argisnull walk + Datum pack in-theorem); flinfo=None => get_fn_expr_variadic false both sides, C VARIADIC arm trap-99; array arm (detoast+nullbitmap) = future surface; must-fail cross-wiring control verified
440	pg_num_nonnulls	crates/backend/utils/adt/adt_misc/src/lib.rs	proved(separate-arguments arm, N=0/1/4 cells x full symbolic null flags; variadic-array arm trap-fenced out)	fast	proofs/adt-misc 2026-07-30: eq_pg_num_nonnulls_n4/n1/n0 PROVED 0.71-0.96s default; nargs-nulls subtraction in-theorem; same fences as 438
441	hashint2extended	crates/backend/utils/adt/int/src/builtins.rs	proved(full-domain incl full symbolic seed, wrapper-level)	fast	0.2-5.3s; hashint8 fold full-i64; proofs/hash-rows
442	hashint8extended	crates/backend/utils/adt/int8/src/builtins.rs	proved(full-domain incl full symbolic seed, wrapper-level)	fast	0.2-5.3s; hashint8 fold full-i64; proofs/hash-rows
443	hashfloat4extended	crates/backend/utils/adt/float/src/builtins.rs	proved(full f32/f64 incl ±0/NaN/Inf + seed; cross-type hashfloat4(x)==hashfloat8(x as f64) bonus theorem)	fast	1-5.3s; proofs/hash-rows
444	hashfloat8extended	crates/backend/utils/adt/float/src/builtins.rs	proved(full f32/f64 incl ±0/NaN/Inf + seed; cross-type hashfloat4(x)==hashfloat8(x as f64) bonus theorem)	fast	1-5.3s; proofs/hash-rows
445	hashoidextended	crates/backend/utils/adt/scalar/src/builtins.rs	proved(full-domain incl full symbolic seed, wrapper-level)	fast	0.2-5.3s; hashint8 fold full-i64; proofs/hash-rows
446	hashcharextended	crates/backend/utils/adt/int/src/builtins.rs	proved(v>=0 portable plane + full-i8 zero-extend pinned model, full symbolic seed, wrapper-level)	fast	0.2-9.8s; proofs/hash-rows; high-bit plane = KNOWN C-PG char-signedness platform split (v0.2 ships unsigned arm = Linux-aarch64 C PG; diverges vs signed-char C PG hosts); see proofs/char/ADJUDICATION-CHAR-SIGNEDNESS.md; fleet-decode 2026-07-30
447	hashnameextended	crates/backend/utils/adt/name/src/builtins.rs	proved(len<=8 + len-16 spot, NUL-scan in-theorem; 2 interior lengths unresolved-under-load, retry idle)	fast	proofs/hash-rows
448	hashtextextended	crates/backend/utils/adt/varlena/src/builtins.rs	proved(len<=8 per-length + coverage + mix-boundary spot; C-collation; collid=0 err-arm 42P22 parity)	fast	extended l6-l8 over-budget greens; proofs/hash-rows
449	hashint2	crates/backend/utils/adt/int/src/builtins.rs	proved(full-domain incl full symbolic seed, wrapper-level)	fast	0.2-5.3s; hashint8 fold full-i64; proofs/hash-rows
450	hashint4	crates/backend/utils/adt/int/src/builtins.rs	proved(full-domain incl full symbolic seed, wrapper-level)	fast	0.2-5.3s; hashint8 fold full-i64; proofs/hash-rows
451	hashfloat4	crates/backend/utils/adt/float/src/builtins.rs	proved(full f32/f64 incl ±0/NaN/Inf + seed; cross-type hashfloat4(x)==hashfloat8(x as f64) bonus theorem)	fast	1-5.3s; proofs/hash-rows
452	hashfloat8	crates/backend/utils/adt/float/src/builtins.rs	proved(full f32/f64 incl ±0/NaN/Inf + seed; cross-type hashfloat4(x)==hashfloat8(x as f64) bonus theorem)	fast	1-5.3s; proofs/hash-rows
453	hashoid	crates/backend/utils/adt/scalar/src/builtins.rs	proved(full-domain incl full symbolic seed, wrapper-level)	fast	0.2-5.3s; hashint8 fold full-i64; proofs/hash-rows
454	hashchar	crates/backend/utils/adt/int/src/builtins.rs	proved(v>=0 portable plane + full-i8 zero-extend pinned model, wrapper-level)	fast	0.2s; proofs/hash-rows; high-bit plane = KNOWN C-PG char-signedness platform split (v0.2 ships unsigned arm = Linux-aarch64 C PG); see proofs/char/ADJUDICATION-CHAR-SIGNEDNESS.md; fleet-decode 2026-07-30
455	hashname	crates/backend/utils/adt/name/src/builtins.rs	proved(len<=8 + len-16 spot, NUL-scan in-theorem; 2 interior lengths unresolved-under-load, retry idle)	fast	proofs/hash-rows
456	hashvarlena	crates/backend/utils/adt/varlena/src/builtins.rs	proved(core-level: hash_bytes sym len<=48 + fixed-len grid; wrapper is direct delegation, hash_any = inline hash_bytes alias REL_18 hashfn.h:31; fmgr/detoast plumbing tested-tier)	fast	lane pick-a 2026-07-30; proofs/hash hash_bytes_symlen48 et al
457	hashoidvector	crates/backend/utils/adt/scalar/src/builtins.rs	proved(dim<=4 per-length + coverage; valid-oidvector fence)	fast	FIXED 2026-07-28: release-effective check_valid_oidvector gate added; proofs/hash-rows
458	text_larger	crates/backend/utils/adt/varlena/src/builtins.rs	proved(wrapper-level varlena; C-collation fence; len<=8/side sym)	fast	1-5s; proofs/text-cmp
459	text_smaller	crates/backend/utils/adt/varlena/src/builtins.rs	proved(wrapper-level varlena; C-collation fence; len<=8/side sym)	fast	1-5s; proofs/text-cmp
460	int8in	crates/backend/utils/adt/int8/src/builtins.rs	candidate	fast	int8in = int4in shape (42 proved); len<=8 sym + spots, expect len 9+ sloped wall; host proofs/strtoint
461	int8out	crates/backend/utils/adt/int8/src/builtins.rs	proved(v<1e7 symbolic + spots incl 19/20-digit, u64::MAX, i64::MIN; remainder wall)	sloped-wall	proofs/intout
462	int8um	crates/backend/utils/adt/int8/src/builtins.rs	proved(full domain; value+verdict+sqlstate 22003)	fast	0.4-1s; proofs/int-arith
463	int8pl	crates/backend/utils/adt/int8/src/builtins.rs	proved(full domain; value+verdict+sqlstate 22003, wrapper-level)	fast	0.4-0.5s; proofs/int-arith
464	int8mi	crates/backend/utils/adt/int8/src/builtins.rs	proved(full domain; value+verdict+sqlstate 22003, wrapper-level)	fast	0.4-0.5s; proofs/int-arith
465	int8mul	crates/backend/utils/adt/int8/src/builtins.rs	proved(FULL symbolic domain incl 64x64; value+verdict+sqlstate)	fast	1-8s kissat+noreach; predecessor wall = drop-glue artifact; proofs/int-arith
466	int8div	crates/backend/utils/adt/int8/src/builtins.rs	proved(b in {0,-1,+1} spots full-sym dividend: x/0 22012, INT_MIN/-1 22003, /-1==neg, %-1==0 all in-theorem; symbolic-divisor remainder wall)	fast	0.1-0.2s spots; proofs/int-arith
467	int8eq	crates/backend/utils/adt/int8/src/builtins.rs	proved(full-domain)	fast	<=0.03s; proofs/int-cmp
468	int8ne	crates/backend/utils/adt/int8/src/builtins.rs	proved(full-domain)	fast	<=0.03s; proofs/int-cmp
469	int8lt	crates/backend/utils/adt/int8/src/builtins.rs	proved(full-domain)	fast	<=0.03s; proofs/int-cmp
470	int8gt	crates/backend/utils/adt/int8/src/builtins.rs	proved(full-domain)	fast	<=0.03s; proofs/int-cmp
471	int8le	crates/backend/utils/adt/int8/src/builtins.rs	proved(full-domain)	fast	<=0.03s; proofs/int-cmp
472	int8ge	crates/backend/utils/adt/int8/src/builtins.rs	proved(full-domain)	fast	<=0.03s; proofs/int-cmp
474	int84eq	crates/backend/utils/adt/int8/src/builtins.rs	proved(full-domain)	fast	<=0.03s; proofs/int-cmp
475	int84ne	crates/backend/utils/adt/int8/src/builtins.rs	proved(full-domain)	fast	<=0.03s; proofs/int-cmp
476	int84lt	crates/backend/utils/adt/int8/src/builtins.rs	proved(full-domain)	fast	<=0.03s; proofs/int-cmp
477	int84gt	crates/backend/utils/adt/int8/src/builtins.rs	proved(full-domain)	fast	<=0.03s; proofs/int-cmp
478	int84le	crates/backend/utils/adt/int8/src/builtins.rs	proved(full-domain)	fast	<=0.03s; proofs/int-cmp
479	int84ge	crates/backend/utils/adt/int8/src/builtins.rs	proved(full-domain)	fast	<=0.03s; proofs/int-cmp
480	int84	crates/backend/utils/adt/int8/src/builtins.rs	proved(full-i64; value+verdict+sqlstate 22003)	fast	0.26s; both arms covered; proofs/int-arith
481	int48	crates/backend/utils/adt/int8/src/builtins.rs	proved(full-i32; wrapper-level)	fast	0.10s; proofs/int-arith
482	i8tod	crates/backend/utils/adt/int8/src/builtins.rs	proved(full-domain wrapper-level; fallible arms value+verdict+sqlstate)	fast	0.2-6.7s; per-oid table in proofs/casts; rint==round_ties_even machine-checked
483	dtoi8	crates/backend/utils/adt/int8/src/builtins.rs	proved(full-domain wrapper-level; fallible arms value+verdict+sqlstate)	fast	0.2-6.7s; per-oid table in proofs/casts; rint==round_ties_even machine-checked
515	array_larger	crates/backend/utils/adt/array_userfuncs/src/builtins.rs	excluded(typcache)	-	element typcache/fmgr dispatch
516	array_smaller	crates/backend/utils/adt/array_userfuncs/src/builtins.rs	excluded(typcache)	-	element typcache/fmgr dispatch
598	inet_abbrev	crates/backend/utils/adt/network/src/builtins.rs	excluded(wall: result-image)	-	pg_inet_net_ntop per-octet digit emission at data-dependent offsets; = cidr_abbrev 599 class; banded-octet cells re-open
599	cidr_abbrev	crates/backend/utils/adt/network/src/builtins.rs	excluded(wall: result-image)	-	cidr_ntop::pg_inet_cidr_ntop network/src/lib.rs:411; data-dependent text image + per-octet digit emission
605	inet_set_masklen	crates/backend/utils/adt/network/src/builtins.rs	proved(core; TOTAL: fenced inet x full-i32 bits; Ok struct eq incl -1 alias + unmasked copy; 22023 Err parity, value-space)	fast	0.65s; proofs/network; cover_set_masklen_arms 3/3; network-2026-07-30
619	oidvectorne	crates/backend/utils/adt/scalar/src/builtins.rs	proved(sym dim<=4 both args + sym elements + lbound; layout-valid fence, value-space)	fast	0.5-1.5s, no case-split needed; proofs/scalar-misc
626	hash_array	crates/backend/utils/adt/arrayfuncs/src/builtins.rs	excluded(typcache)	-	element typcache/fmgr dispatch
635	cidr_set_masklen	crates/backend/utils/adt/network/src/builtins.rs	proved(core; TOTAL: fenced inet x full-i32 bits; Ok struct eq incl -1 alias + partial-byte mask + zeroed tail; 22023 Err parity, value-space)	fast	1.0s; proofs/network; cover_set_masklen_arms 3/3; network-2026-07-30
636	pg_indexam_has_property	crates/backend/utils/adt/adt_amutils/src/lib.rs	candidate	ladder	indexam_property adt_amutils/src/lib.rs:379 + am_flags table :96 + lookup_prop_name :69; amoid path = ONE pg_am seam (:497) state-seam pattern; machine-checked amcan* table transcription. Host new proofs/amutils-seam
637	pg_index_has_property	crates/backend/utils/adt/adt_amutils/src/lib.rs	blocked(seam stack: pg_index + indoption + opclass/amop)	-	relid path :357/:364; viable only after bundled-seam rig
638	pg_index_column_has_property	crates/backend/utils/adt/adt_amutils/src/lib.rs	blocked(seam stack)	-	as 637 + GIST/SPGIST am_property arms :273 + get_opfamily_proc
652	i8tof	crates/backend/utils/adt/int8/src/builtins.rs	proved(full-domain wrapper-level; fallible arms value+verdict+sqlstate)	fast	0.2-6.7s; per-oid table in proofs/casts; rint==round_ties_even machine-checked
653	ftoi8	crates/backend/utils/adt/int8/src/builtins.rs	proved(full-domain wrapper-level; fallible arms value+verdict+sqlstate)	fast	0.2-6.7s; per-oid table in proofs/casts; rint==round_ties_even machine-checked
655	namelt	crates/backend/utils/adt/name/src/builtins.rs	proved(full [u8;64] pairs, C collation)	fast	~3s; proofs/name-ascii
656	namele	crates/backend/utils/adt/name/src/builtins.rs	proved(full [u8;64] pairs, C collation)	fast	~3s; proofs/name-ascii
657	namegt	crates/backend/utils/adt/name/src/builtins.rs	proved(full [u8;64] pairs, C collation)	fast	~3s; proofs/name-ascii
658	namege	crates/backend/utils/adt/name/src/builtins.rs	proved(full [u8;64] pairs, C collation)	fast	~3s; proofs/name-ascii
659	namene	crates/backend/utils/adt/name/src/builtins.rs	proved(full [u8;64] pairs, C collation)	fast	~3s; proofs/name-ascii
668	bpchar	crates/backend/utils/adt/varchar/src/builtins.rs	candidate(wrap claim proved; coerce ladder fleet-bound)	fast	spot_bpchar_coerce_wrap PROVED kissat 25.6s (-fwrapv alloc-guard wrap comment claim machine-checked, verdict-only); eq_bpchar_coerce_{latin1,utf8} authored+codegen-green, local wall(timeout-260s, load=24-76) -> fleet runner; host proofs/oracle-compat (c/pg_varchar.c rig; control_varchar_clip_skew fired right-reason 2.4s + cover_varchar_regimes 6/6 SATISFIED 49.3s, 2026-07-30)
669	varchar	crates/backend/utils/adt/varchar/src/builtins.rs	candidate(authored; fleet-bound)	fast	eq_varchar_coerce_{latin1,utf8} authored+codegen-green (FULL-i32 typmod incl INT32_MIN -fwrapv wrap claim in-harness); local wall(timeout-260s, load=24) under saturation -> fleet runner; host proofs/oracle-compat (c/pg_varchar.c rig; control_varchar_clip_skew fired right-reason 2.4s + cover_varchar_regimes 6/6 SATISFIED 49.3s, 2026-07-30)
676	pg_indexam_progress_phasename	crates/backend/utils/adt/adt_amutils/src/lib.rs	candidate	ladder	bt_phasename :580 / gin_phasename :592 tables + canonical_index_am :242; fixed short literal image (mcx-stubs); one pg_am seam; table-transcription value
677	oidvectorlt	crates/backend/utils/adt/scalar/src/builtins.rs	proved(sym dim<=4 both args + sym elements + lbound; layout-valid fence, value-space)	fast	0.5-1.5s, no case-split needed; proofs/scalar-misc
678	oidvectorle	crates/backend/utils/adt/scalar/src/builtins.rs	proved(sym dim<=4 both args + sym elements + lbound; layout-valid fence, value-space)	fast	0.5-1.5s, no case-split needed; proofs/scalar-misc
679	oidvectoreq	crates/backend/utils/adt/scalar/src/builtins.rs	proved(sym dim<=4 both args + sym elements + lbound; layout-valid fence, value-space)	fast	0.5-1.5s, no case-split needed; proofs/scalar-misc
680	oidvectorge	crates/backend/utils/adt/scalar/src/builtins.rs	proved(sym dim<=4 both args + sym elements + lbound; layout-valid fence, value-space)	fast	0.5-1.5s, no case-split needed; proofs/scalar-misc
681	oidvectorgt	crates/backend/utils/adt/scalar/src/builtins.rs	proved(sym dim<=4 both args + sym elements + lbound; layout-valid fence, value-space)	fast	0.5-1.5s, no case-split needed; proofs/scalar-misc
683	network_network	crates/backend/utils/adt/network/src/builtins.rs	proved(core; full output struct)	fast	0.96s; proofs/network
696	network_netmask	crates/backend/utils/adt/network/src/builtins.rs	proved(core-level; full output struct)	fast	re-verified this sweep; proofs/network
697	network_masklen	crates/backend/utils/adt/network/src/builtins.rs	proved(core-level; full output struct)	fast	re-verified this sweep; proofs/network
698	network_broadcast	crates/backend/utils/adt/network/src/builtins.rs	proved(core-level; full output struct)	fast	re-verified this sweep; proofs/network
699	network_host	crates/backend/utils/adt/network/src/builtins.rs	excluded(wall: result-image)	-	network_host_into lib.rs:385 ntop emission; scalar slice ('/' position) provable; = 599 class
702	dist_lp	crates/backend/utils/adt/geo/src/builtins.rs	excluded(wall: 53-bit)	-	line_closept_point line.rs:197
704	dist_ls	crates/backend/utils/adt/geo/src/builtins.rs	excluded(wall: 53-bit)	-	lseg_closept_line proximity.rs:154
710	current_user	crates/backend/utils/adt/name/src/builtins.rs	excluded(state: GetUserId/GetUserNameFromId syscache)	-	name/src/lib.rs:207
711	network_family	crates/backend/utils/adt/network/src/builtins.rs	proved(core-level; full output struct)	fast	re-verified this sweep; proofs/network
714	int82	crates/backend/utils/adt/int8/src/builtins.rs	proved(full-i64; value+verdict+sqlstate 22003)	fast	0.28s; both arms covered; proofs/int-arith
715	be_lo_create	crates/backend/libpq/be_fsstubs/src/fmgr_builtins.rs	excluded(state)	-	large-object catalog/buffer state
716	oidlt	crates/backend/utils/adt/scalar/src/builtins.rs	proved(full-domain)	fast	<=0.03s; proofs/int-cmp
717	oidle	crates/backend/utils/adt/scalar/src/builtins.rs	proved(full-domain)	fast	<=0.03s; proofs/int-cmp
720	byteaoctetlen	crates/backend/utils/adt/varlena/src/builtins.rs	proved(len<=8)	fast	0.36s; len<=8 fully symbolic; enc fence {UTF8,LATIN1}; C-collation; inline images; wrapper-level (LocalFcinfo); value+verdict+sqlstate-class parity; modulo static-buffer allocator model; proofs/text-slice
725	dist_pl	crates/backend/utils/adt/geo/src/builtins.rs	excluded(wall: 53-bit)	-	line_closept_point
727	dist_sl	crates/backend/utils/adt/geo/src/builtins.rs	excluded(wall: 53-bit)	-	lseg_closept_line
728	dist_cpoly	crates/backend/utils/adt/geo/src/builtins.rs	excluded(wall: 53-bit)	-	dist_ppoly_internal proximity.rs:104
729	poly_distance	crates/backend/utils/adt/geo/src/builtins.rs	excluded(wall: 53-bit)	-	poly.rs:203; no cheap early-return plane
730	network_show	crates/backend/utils/adt/network/src/builtins.rs	excluded(wall: result-image)	-	network_show_into lib.rs:394 ntop + write_decimal; = 599 class
740	text_lt	crates/backend/utils/adt/varlena/src/builtins.rs	proved(wrapper-level varlena; C-collation fence; len<=8/side sym)	fast	1-5s; proofs/text-cmp
741	text_le	crates/backend/utils/adt/varlena/src/builtins.rs	proved(wrapper-level varlena; C-collation fence; len<=8/side sym)	fast	1-5s; proofs/text-cmp
742	text_gt	crates/backend/utils/adt/varlena/src/builtins.rs	proved(wrapper-level varlena; C-collation fence; len<=8/side sym)	fast	1-5s; proofs/text-cmp
743	text_ge	crates/backend/utils/adt/varlena/src/builtins.rs	proved(wrapper-level varlena; C-collation fence; len<=8/side sym)	fast	1-5s; proofs/text-cmp
744	array_eq	crates/backend/utils/adt/arrayfuncs/src/builtins.rs	proved(per-type: int4[],int8[],date[],text[]; typcache seam stubbed both sides + per-type seam-skew controls; int4/int8/date nelems<=4 + null bitmap + lbound + ndim0 tiebreakers; text C-collation fence, per-descriptor fixed lens<=4 short-varlena elements, symbolic contents, no nulls; uuid[] PROVED at 40GB per-solve cap (fleet wall-retry 2026-07-29, 721-1623s); modulo static-buffer allocator)	slow	kissat + --no-assertion-reach-checks; 66-830s release-gate/calibration; proofs/typcache-inst; uuid arm proved on fleet r8-class node — S3 artifact 994f9977/1785316417
745	current_user	crates/backend/utils/adt/name/src/builtins.rs	excluded(state)	-	same body as 710 (double registration)
746	session_user	crates/backend/utils/adt/name/src/builtins.rs	excluded(state: GetSessionUserId)	-	lib.rs:213
747	array_dims	crates/backend/utils/adt/arrayfuncs/src/builtins.rs	proved(null-verdict plane, ndim=0; out-of-range-ndim null plane authored but wall) + tested(differential, 1.75M images all ndim 0..6 incl. text image parity)	fast	proofs/arrayfuncs-hdr eq_array_dims_nullplane 68s; non-null arm renders via core::fmt (dims_text write!) = symex wall, image plane stands on native diff vs same vendored C (sprintf modeled by pg_proof_sprintf_bracket libc shim); w2-arrayjson; CORRUPTION-PLANE CANDIDATE CLOSED -- FIXED, NOT RATIFIED (fix/array-hdr-corruption-plane: read_dims_lbounds now sanity-checks ndim BEFORE the dims fill; the panic C answered with NULL is gone). Fence removed: eq_array_dims_ndim_corrupt authored for the widened plane but WALLED (timeout-600s still in symex at load 4.0; symbolic ndim reaches the fmt/PgVec-grow machinery the literal-ndim nullplane folds away) -- recorded as a wall, fence NOT re-narrowed, plane covered tested(differential) by the native witness. Standing native witness tests/corruption_plane.rs rewritten to assert the correct behavior. fix/array-hdr-reconcile 2026-07-30
748	array_ndims	crates/backend/utils/adt/arrayfuncs/src/builtins.rs	proved(full-i32 ndim incl. both sanity arms, over both a header-only image and a full symbolic 6-dim body; flat pre-detoasted plane, wrapper-level via LocalFcinfo + identity detoast seam; modulo static-buffer allocator model)	fast	proofs/arrayfuncs-hdr eq_array_ndims 79s kissat; header-only image; w2-arrayjson 2026-07-30; CORRUPTION-PLANE CANDIDATE CLOSED -- FIXED, NOT RATIFIED (fix/array-hdr-corruption-plane: read_dims_lbounds now sanity-checks ndim BEFORE the dims fill; the panic C answered with NULL is gone). No fence to remove here (already full-i32 ndim); the widening is eq_array_ndims_ndim_corrupt, which re-proves the out-of-range plane over a full SYMBOLIC 6-dim body instead of the header-only image (literal-zero dims) the original cell used. Standing native witness tests/corruption_plane.rs rewritten to assert the correct behavior. fix/array-hdr-reconcile 2026-07-30 [eq_array_ndims_ndim_corrupt VERIFIED 90s kissat]
749	byteaoverlay	crates/backend/utils/adt/varlena/src/builtins.rs	excluded(wall: result-image) + tested(differential: fleet 10M-exec/target campaigns 2026-07-31 — vltext_diff job 1785485266, vlbytea_diff job 1785485273, vlmisc_diff jobs 1785485279+1785485968 — value+verdict+sqlstate planes, 0 divergences; corpus banked fuzz/corpus/)	-	bytea.rs:466 substring+substring+concat composed image; scalar slices provable (22011/22003 error plane + sp/sl clamp arithmetic)
750	array_in	crates/backend/utils/adt/arrayfuncs/src/builtins.rs	tested(differential: literal parser skeleton, pinned int4/text element procs; value+verdict+sqlstate planes + Rust soft/hard consistency plane; typcache/fmgr element dispatch remains the carve)	-	arrayfuncs_diff dual-exec target (fuzz/core/src/arrayfuncs_diff.rs vs verbatim 18.3 csrc/pg_arrayfuncs_io.c); fleet 10M execs 0 div (pgrust-fuzz-campaign-1785509886-2ce1-64502) + final CONFIRM 10M on post-fix sha 778417f768 (pgrust-fuzz-campaign-1785513815-34ea-14052); p1-lanex 2026-07-31. FIXES RIDING LANE: fetch_att byval sign-extension (cross-crate, datum_is_equal), read_dimension_int bare-sign strtol contract (SQL-reachable 22P02, ground-truthed postgres:18.3), construct_md_array ndims<0 sqlstate 22023, builtin-table split + XX000 error arms (RATIFIED Michael 2026-07-31)
751	array_out	crates/backend/utils/adt/arrayfuncs/src/builtins.rs	tested(differential: quoting/dims-prefix/element walk, pinned int4/text out procs; exact-cstring value plane; typcache dispatch remains the carve)	-	arrayfuncs_diff dual-exec target (fuzz/core/src/arrayfuncs_diff.rs vs verbatim 18.3 csrc/pg_arrayfuncs_io.c); fleet 10M execs 0 div (pgrust-fuzz-campaign-1785509886-2ce1-64502) + final CONFIRM 10M on post-fix sha 778417f768 (pgrust-fuzz-campaign-1785513815-34ea-14052); p1-lanex 2026-07-31. FIXES RIDING LANE: fetch_att byval sign-extension (cross-crate, datum_is_equal), read_dimension_int bare-sign strtol contract (SQL-reachable 22P02, ground-truthed postgres:18.3), construct_md_array ndims<0 sqlstate 22023, builtin-table split + XX000 error arms (RATIFIED Michael 2026-07-31)
752	byteaoverlay_no_len	crates/backend/utils/adt/varlena/src/builtins.rs	excluded(wall: result-image) + tested(differential: fleet 10M-exec/target campaigns 2026-07-31 — vltext_diff job 1785485266, vlbytea_diff job 1785485273, vlmisc_diff jobs 1785485279+1785485968 — value+verdict+sqlstate planes, 0 divergences; corpus banked fuzz/corpus/)	-	= 749 with sl = byteaoctetlen(t2)
753	macaddr_trunc	crates/backend/utils/adt/mac/src/builtins.rs	proved(full [u8;6])	fast	0.05s; proofs/mac
754	int28	crates/backend/utils/adt/int8/src/builtins.rs	proved(full-i16; wrapper-level)	fast	0.11s; proofs/int-arith
764	be_lo_import	crates/backend/libpq/be_fsstubs/src/fmgr_builtins.rs	excluded(state)	-	large-object catalog/buffer state
765	be_lo_export	crates/backend/libpq/be_fsstubs/src/fmgr_builtins.rs	excluded(state)	-	large-object catalog/buffer state
766	int4inc	crates/backend/utils/adt/int/src/builtins.rs	proved(full-i32; value+verdict+sqlstate 22003)	fast	0.22s; both arms covered; proofs/int-arith
767	be_lo_import_with_oid	crates/backend/libpq/be_fsstubs/src/fmgr_builtins.rs	excluded(state)	-	large-object catalog/buffer state
768	int4larger	crates/backend/utils/adt/int/src/builtins.rs	proved(full domain, wrapper-level)	fast	0.1s; proofs/int-arith
769	int4smaller	crates/backend/utils/adt/int/src/builtins.rs	proved(full domain, wrapper-level)	fast	0.1s; proofs/int-arith
770	int2larger	crates/backend/utils/adt/int/src/builtins.rs	proved(full domain, wrapper-level)	fast	0.1s; proofs/int-arith
771	int2smaller	crates/backend/utils/adt/int/src/builtins.rs	proved(full domain, wrapper-level)	fast	0.1s; proofs/int-arith
772	hashvarlenaextended	crates/backend/utils/adt/varlena/src/builtins.rs	proved(core-level: hash_bytes_extended sym len<=16 x full-u64 seed + len8 grid; hash_any_extended = inline alias; plumbing tested-tier)	ladder	216s kissat; lane pick-a 2026-07-30; proofs/hash hash_bytes_extended_symlen16
776	hashoidvectorextended	crates/backend/utils/adt/scalar/src/builtins.rs	proved(dim<=4 per-length + coverage; valid-oidvector fence)	fast	FIXED 2026-07-28: release-effective check_valid_oidvector gate added; proofs/hash-rows
777	hash_aclitem_extended	crates/backend/utils/adt/acl/src/builtins.rs	proved(full item x seed, wrapper-level)	seam	3.0s; proofs/state-seam-probe
778	hashmacaddrextended	crates/backend/utils/adt/mac/src/builtins.rs	proved(full block + seed, wrapper-level)	fast	1-13s; proofs/hash-rows
779	hashinetextended	crates/backend/utils/adt/network/src/builtins.rs	proved(composed; v4/v6 split; symbolic seed; composed with proved hash_bytes_extended ≡ hash_any_extended (proofs/hash))	fast	3.8-6.3s; proofs/network; network-2026-07-30
780	hash_numeric_extended	crates/backend/utils/adt/numeric/src/builtins.rs	proved(same + fully symbolic i64 seed)	fast	release-gate+; proofs/numeric-probe
781	hashmacaddr8extended	crates/backend/utils/adt/mac8/src/builtins.rs	proved(full block + seed, wrapper-level)	fast	1-13s; proofs/hash-rows
782	hash_array_extended	crates/backend/utils/adt/arrayfuncs/src/builtins.rs	excluded(typcache)	-	element typcache/fmgr dispatch
785	dist_polyc	crates/backend/utils/adt/geo/src/builtins.rs	excluded(wall: 53-bit)	-	dist_cpoly_internal
810	pg_client_encoding	crates/backend/utils/adt/adt_misc/src/builtins.rs	excluded(state)	-	server WAL/catalog/session state
817	current_query	crates/backend/utils/adt/adt_misc/src/lib.rs	excluded(state)	-	debug_query_string global
830	macaddr_eq	crates/backend/utils/adt/mac/src/builtins.rs	proved(full 6-byte pairs)	fast	0.12s; proofs/mac
831	macaddr_lt	crates/backend/utils/adt/mac/src/builtins.rs	proved(full 6-byte pairs)	fast	0.12s; proofs/mac
832	macaddr_le	crates/backend/utils/adt/mac/src/builtins.rs	proved(full 6-byte pairs)	fast	0.12s; proofs/mac
833	macaddr_gt	crates/backend/utils/adt/mac/src/builtins.rs	proved(full 6-byte pairs)	fast	0.12s; proofs/mac
834	macaddr_ge	crates/backend/utils/adt/mac/src/builtins.rs	proved(full 6-byte pairs)	fast	0.12s; proofs/mac
835	macaddr_ne	crates/backend/utils/adt/mac/src/builtins.rs	proved(full 6-byte pairs)	fast	0.12s; proofs/mac
836	macaddr_cmp	crates/backend/utils/adt/mac/src/builtins.rs	proved(full 6-byte pairs)	fast	0.09s; proofs/mac
837	int82pl	crates/backend/utils/adt/int8/src/builtins.rs	proved(full domain; value+verdict+sqlstate 22003, wrapper-level)	fast	0.4-0.5s; proofs/int-arith
838	int82mi	crates/backend/utils/adt/int8/src/builtins.rs	proved(full domain; value+verdict+sqlstate 22003, wrapper-level)	fast	0.4-0.5s; proofs/int-arith
839	int82mul	crates/backend/utils/adt/int8/src/builtins.rs	proved(FULL symbolic domain incl 64x64; value+verdict+sqlstate)	fast	1-8s kissat+noreach; predecessor wall = drop-glue artifact; proofs/int-arith
840	int82div	crates/backend/utils/adt/int8/src/builtins.rs	proved(b in {0,-1,+1} spots full-sym dividend: x/0 22012, INT_MIN/-1 22003, /-1==neg, %-1==0 all in-theorem; symbolic-divisor remainder wall)	fast	0.1-0.2s spots; proofs/int-arith
841	int28pl	crates/backend/utils/adt/int8/src/builtins.rs	proved(full domain; value+verdict+sqlstate 22003, wrapper-level)	fast	0.4-0.5s; proofs/int-arith
842	btint8cmp	crates/backend/access/nbtree/compare/src/builtins.rs	proved(full-domain)	fast	<=0.03s; proofs/int-cmp
846	cash_mul_flt4	crates/backend/utils/adt/cash/src/builtins.rs	proved(spot-grid 9x18 incl NaN/±Inf/ties/2^63-boundary, wrapper-level; value+verdict+sqlstate; f32->f64 cast in-theorem; msg text stubbed)	ladder	2.1s; proofs/cash; --no-overflow-checks
847	cash_div_flt4	crates/backend/utils/adt/cash/src/builtins.rs	proved(spot-grid; Ok value exact; Err verdict-only — Kani 0.67 Result<f64> Box defect, float-arith witness pair)	ladder	3.0s; proofs/cash
848	flt4_mul_cash	crates/backend/utils/adt/cash/src/builtins.rs	proved(spot-grid, arg-order wrapper in-theorem)	ladder	2.9s; proofs/cash
849	textpos	crates/backend/utils/adt/varlena/src/builtins.rs	proved(len<=8 LATIN1; B-M-H hit-past-1 + miss covers 2/2; UTF8 arm wall(memory) — unwind-artifact FAILED adjudicated NOT divergence)	slow	101.5s + covers 42s; len<=8 fully symbolic; enc fence {UTF8,LATIN1}; C-collation; inline images; wrapper-level (LocalFcinfo); value+verdict+sqlstate-class parity; modulo static-buffer allocator model; proofs/text-slice
850	textlike	crates/backend/utils/adt/like/src/builtins.rs	tested(differential: like_diff fleet 10M execs 0 div @325985a437; planes value+verdict+errcode; UTF8+LATIN1 encoding planes, C collation; carve: ICU/nondet collation + non-UTF8-MB arms -> exception rows)	fuzz-only	p1-laneag 2026-07-31 job pgrust-fuzz-campaign-1785518588-7871-24553; prior verdict excluded(engine); coverage 100% in-scope (fuzz+394 exception rows)
851	textnlike	crates/backend/utils/adt/like/src/builtins.rs	tested(differential: like_diff fleet 10M execs 0 div @325985a437; planes value+verdict+errcode; UTF8+LATIN1 encoding planes, C collation; carve: ICU/nondet collation + non-UTF8-MB arms -> exception rows)	fuzz-only	p1-laneag 2026-07-31 job pgrust-fuzz-campaign-1785518588-7871-24553; prior verdict excluded(engine); coverage 100% in-scope (fuzz+394 exception rows)
852	int48eq	crates/backend/utils/adt/int8/src/builtins.rs	proved(full-domain)	fast	<=0.03s; proofs/int-cmp
853	int48ne	crates/backend/utils/adt/int8/src/builtins.rs	proved(full-domain)	fast	<=0.03s; proofs/int-cmp
854	int48lt	crates/backend/utils/adt/int8/src/builtins.rs	proved(full-domain)	fast	<=0.03s; proofs/int-cmp
855	int48gt	crates/backend/utils/adt/int8/src/builtins.rs	proved(full-domain)	fast	<=0.03s; proofs/int-cmp
856	int48le	crates/backend/utils/adt/int8/src/builtins.rs	proved(full-domain)	fast	<=0.03s; proofs/int-cmp
857	int48ge	crates/backend/utils/adt/int8/src/builtins.rs	proved(full-domain)	fast	<=0.03s; proofs/int-cmp
858	namelike	crates/backend/utils/adt/like/src/builtins.rs	tested(differential: like_diff fleet 10M execs 0 div @325985a437; planes value+verdict+errcode; UTF8+LATIN1 encoding planes, C collation; carve: ICU/nondet collation + non-UTF8-MB arms -> exception rows)	fuzz-only	p1-laneag 2026-07-31 job pgrust-fuzz-campaign-1785518588-7871-24553; prior verdict excluded(engine); coverage 100% in-scope (fuzz+394 exception rows)
859	namenlike	crates/backend/utils/adt/like/src/builtins.rs	tested(differential: like_diff fleet 10M execs 0 div @325985a437; planes value+verdict+errcode; UTF8+LATIN1 encoding planes, C collation; carve: ICU/nondet collation + non-UTF8-MB arms -> exception rows)	fuzz-only	p1-laneag 2026-07-31 job pgrust-fuzz-campaign-1785518588-7871-24553; prior verdict excluded(engine); coverage 100% in-scope (fuzz+394 exception rows)
860	char_bpchar	crates/backend/utils/adt/varchar/src/builtins.rs	proved(full-i8 incl NUL arm; fc wrapper)	ladder	kissat 12.7s eq_char_bpchar; LATIN1 pin (no mb dispatch); host proofs/oracle-compat (c/pg_varchar.c rig; control_varchar_clip_skew fired right-reason 2.4s + cover_varchar_regimes 6/6 SATISFIED 49.3s, 2026-07-30)
861	current_database	crates/backend/utils/adt/adt_misc/src/builtins.rs	excluded(state)	-	server WAL/catalog/session state
862	int4_mul_cash	crates/backend/utils/adt/cash/src/builtins.rs	proved(full-i32 x full-i64, wrapper-level; value+verdict+sqlstate-22003)	fast	3.6s; proofs/cash
863	int2_mul_cash	crates/backend/utils/adt/cash/src/builtins.rs	proved(full-i16 x full-i64, wrapper-level; value+verdict+sqlstate-22003)	fast	2.8s; proofs/cash
864	cash_mul_int4	crates/backend/utils/adt/cash/src/builtins.rs	proved(full-i64 x full-i32, wrapper-level; value+verdict+sqlstate-22003)	fast	3.1s; proofs/cash
865	cash_div_int4	crates/backend/utils/adt/cash/src/builtins.rs	proved(16-bit-dividend x full-i32 incl /0 22012; core shared w/ 3345 planes) + divergence(RATIFIED 2026-07-31: Michael option 1 — 22003 fence per int8div precedent, message = cash.c's established overflow wording 'money out of range' (cash_pl/cash_mi/cash_mul_* text, no invented string); C x86-64=SIGFPE error survives, C aarch64=silent wrong value, pgrust=clean 22003; deliberate divergence from BOTH C behaviors on this input; fence landed 9c11877a991, PROVED proved_cash_div_min_by_neg1_22003_{int2,int4,int8} + fenced eq_cash_div_int8_by_neg1 local green 2026-07-31; was candidate: pgrust PANICS pre-fence, coordinator-verified 2026-07-29)	ladder	27.6s; proofs/cash
866	cash_mul_int2	crates/backend/utils/adt/cash/src/builtins.rs	proved(full-i64 x full-i16, wrapper-level; value+verdict+sqlstate-22003)	fast	2.8s; proofs/cash
867	cash_div_int2	crates/backend/utils/adt/cash/src/builtins.rs	proved(16-bit-dividend x full-i16 incl /0; core shared w/ 3345 planes) + divergence(RATIFIED 2026-07-31: Michael option 1 — 22003 fence per int8div precedent, message = cash.c's established overflow wording 'money out of range' (cash_pl/cash_mi/cash_mul_* text, no invented string); C x86-64=SIGFPE error survives, C aarch64=silent wrong value, pgrust=clean 22003; deliberate divergence from BOTH C behaviors on this input; fence landed 9c11877a991, PROVED proved_cash_div_min_by_neg1_22003_{int2,int4,int8} + fenced eq_cash_div_int8_by_neg1 local green 2026-07-31; was candidate: pgrust PANICS pre-fence, coordinator-verified 2026-07-29)	ladder	30.5s; proofs/cash
868	strpos	crates/backend/utils/adt/varlena/src/builtins.rs	proved(len<=8 LATIN1, rides textpos harnesses; UTF8 arm walled)	slow	len<=8 fully symbolic; enc fence {UTF8,LATIN1}; C-collation; inline images; wrapper-level (LocalFcinfo); value+verdict+sqlstate-class parity; modulo static-buffer allocator model; proofs/text-slice
870	lower	crates/backend/utils/adt/oracle_compat/src/builtins.rs	blocked(seam+image: pg_newlocale_from_collation + derived-length copy)	- | tested(differential: oraclefam_diff fleet 2x10M execs 0 div — jobs pgrust-fuzz-campaign-1785508394-540a-34016 + pgrust-fuzz-campaign-1785509898-3498-66645 @ 4c690bacec; planes value+verdict+sqlstate; encodings SQL_ASCII/UTF8/LATIN1 (+EUC_JP ascii/chr rejects); invalid-collid 42P22 arm; corpus 3303 committed; p1-laneaj)	casemap.rs locale_for -> pg_newlocale_from_collation seam; C-collation asc_* arm = nul_pos pstrdup (derived-length copy) + image; provider (builtin/libc/ICU) arms out of scope; ascii kernel provable as scalar slice per-length; asc_tolower
871	upper	crates/backend/utils/adt/oracle_compat/src/builtins.rs	blocked(seam+image: pg_newlocale_from_collation + derived-length copy)	- | tested(differential: oraclefam_diff fleet 2x10M execs 0 div — jobs pgrust-fuzz-campaign-1785508394-540a-34016 + pgrust-fuzz-campaign-1785509898-3498-66645 @ 4c690bacec; planes value+verdict+sqlstate; encodings SQL_ASCII/UTF8/LATIN1 (+EUC_JP ascii/chr rejects); invalid-collid 42P22 arm; corpus 3303 committed; p1-laneaj)	casemap.rs locale_for -> pg_newlocale_from_collation seam; C-collation asc_* arm = nul_pos pstrdup (derived-length copy) + image; provider (builtin/libc/ICU) arms out of scope; ascii kernel provable as scalar slice per-length; asc_toupper
872	initcap	crates/backend/utils/adt/oracle_compat/src/builtins.rs	blocked(seam+image: pg_newlocale_from_collation + derived-length copy)	- | tested(differential: oraclefam_diff fleet 2x10M execs 0 div — jobs pgrust-fuzz-campaign-1785508394-540a-34016 + pgrust-fuzz-campaign-1785509898-3498-66645 @ 4c690bacec; planes value+verdict+sqlstate; encodings SQL_ASCII/UTF8/LATIN1 (+EUC_JP ascii/chr rejects); invalid-collid 42P22 arm; corpus 3303 committed; p1-laneaj)	casemap.rs locale_for -> pg_newlocale_from_collation seam; C-collation asc_* arm = nul_pos pstrdup (derived-length copy) + image; provider (builtin/libc/ICU) arms out of scope; ascii kernel provable as scalar slice per-length; asc_initcap wasalnum walk is the interesting scalar kernel
873	lpad	crates/backend/utils/adt/oracle_compat/src/builtins.rs	excluded(wall: result-image)	- | tested(differential: oraclefam_diff fleet 2x10M execs 0 div — jobs pgrust-fuzz-campaign-1785508394-540a-34016 + pgrust-fuzz-campaign-1785509898-3498-66645 @ 4c690bacec; planes value+verdict+sqlstate; encodings SQL_ASCII/UTF8/LATIN1 (+EUC_JP ascii/chr rejects); invalid-collid 42P22 arm; corpus 3303 committed; p1-laneaj)	pad lib.rs:200 worst-case raw fill, MbWalk offsets data-dependent; scalar slice (output charlen arithmetic s1len/len clamp) provable
874	rpad	crates/backend/utils/adt/oracle_compat/src/builtins.rs	excluded(wall: result-image)	- | tested(differential: oraclefam_diff fleet 2x10M execs 0 div — jobs pgrust-fuzz-campaign-1785508394-540a-34016 + pgrust-fuzz-campaign-1785509898-3498-66645 @ 4c690bacec; planes value+verdict+sqlstate; encodings SQL_ASCII/UTF8/LATIN1 (+EUC_JP ascii/chr rejects); invalid-collid 42P22 arm; corpus 3303 committed; p1-laneaj)	= 873 right arm
875	ltrim	crates/backend/utils/adt/oracle_compat/src/builtins.rs	tested(differential: oraclefam_diff fleet 2x10M execs 0 div — jobs pgrust-fuzz-campaign-1785508394-540a-34016 + pgrust-fuzz-campaign-1785509898-3498-66645 @ 4c690bacec; planes value+verdict+sqlstate; encodings SQL_ASCII/UTF8/LATIN1 (+EUC_JP ascii/chr rejects); invalid-collid 42P22 arm; corpus 3303 committed; p1-laneaj)	fast | campaign p1-laneaj 2026-07-31	dotrim_slice 2-arg: SCALAR SLICE window (start,len); single-byte arm set.contains loops caps s<=8,set<=4; MB arm = mcx PgVec char tables (ladder); extends 401/881/885 rig; host proofs/strings-scalar; doltrim arm
876	rtrim	crates/backend/utils/adt/oracle_compat/src/builtins.rs	tested(differential: oraclefam_diff fleet 2x10M execs 0 div — jobs pgrust-fuzz-campaign-1785508394-540a-34016 + pgrust-fuzz-campaign-1785509898-3498-66645 @ 4c690bacec; planes value+verdict+sqlstate; encodings SQL_ASCII/UTF8/LATIN1 (+EUC_JP ascii/chr rejects); invalid-collid 42P22 arm; corpus 3303 committed; p1-laneaj)	fast | campaign p1-laneaj 2026-07-31	dotrim_slice 2-arg: SCALAR SLICE window (start,len); single-byte arm set.contains loops caps s<=8,set<=4; MB arm = mcx PgVec char tables (ladder); extends 401/881/885 rig; host proofs/strings-scalar; dortrim arm
877	text_substr	crates/backend/utils/adt/varlena/src/builtins.rs	wall(SAT/memory; symex completes 35-108s; both solvers; result-image (check_bytes) subfamily — scalar-verdict proves, image-compare walls; measured under multi-agent load, idle rerun owed) + tested(differential: fleet 10M-exec/target campaigns 2026-07-31 — vltext_diff job 1785485266, vlbytea_diff job 1785485273, vlmisc_diff jobs 1785485279+1785485968 — value+verdict+sqlstate planes, 0 divergences; corpus banked fuzz/corpus/)	wall	LATIN1/bytea arms SAT residue >490-560s, UTF8 arms >6GiB RSS; clamp arithmetic witnessed reachable by green cover; proofs/text-slice
878	translate	crates/backend/utils/adt/oracle_compat/src/builtins.rs	excluded(wall: result-image)	- | tested(differential: oraclefam_diff fleet 2x10M execs 0 div — jobs pgrust-fuzz-campaign-1785508394-540a-34016 + pgrust-fuzz-campaign-1785509898-3498-66645 @ 4c690bacec; planes value+verdict+sqlstate; encodings SQL_ASCII/UTF8/LATIN1 (+EUC_JP ascii/chr rejects); invalid-collid 42P22 arm; corpus 3303 committed; p1-laneaj)	translate lib.rs:363: delete arm makes output offsets data-dependent; nested from-scan + to-walk; concrete cells only; scalar projection (output charlen) provable
881	ltrim1	crates/backend/utils/adt/oracle_compat/src/builtins.rs	tested(differential: oraclefam_diff fleet 2x10M execs 0 div — jobs pgrust-fuzz-campaign-1785508394-540a-34016 + pgrust-fuzz-campaign-1785509898-3498-66645 @ 4c690bacec; planes value+verdict+sqlstate; encodings SQL_ASCII/UTF8/LATIN1 (+EUC_JP ascii/chr rejects); invalid-collid 42P22 arm; corpus 3303 committed; p1-laneaj)	fast | campaign p1-laneaj 2026-07-31	dotrim_slice doltrim arm lib.rs:317; same window slice
882	rtrim1	crates/backend/utils/adt/oracle_compat/src/builtins.rs	tested(differential: oraclefam_diff fleet 2x10M execs 0 div — jobs pgrust-fuzz-campaign-1785508394-540a-34016 + pgrust-fuzz-campaign-1785509898-3498-66645 @ 4c690bacec; planes value+verdict+sqlstate; encodings SQL_ASCII/UTF8/LATIN1 (+EUC_JP ascii/chr rejects); invalid-collid 42P22 arm; corpus 3303 committed; p1-laneaj)	fast | campaign p1-laneaj 2026-07-31	same core as 401 (882 = text overload); one harness both oids
883	text_substr_no_len	crates/backend/utils/adt/varlena/src/builtins.rs	wall(SAT/memory; symex completes 35-108s; both solvers; result-image (check_bytes) subfamily — scalar-verdict proves, image-compare walls; measured under multi-agent load, idle rerun owed) + tested(differential: fleet 10M-exec/target campaigns 2026-07-31 — vltext_diff job 1785485266, vlbytea_diff job 1785485273, vlmisc_diff jobs 1785485279+1785485968 — value+verdict+sqlstate planes, 0 divergences; corpus banked fuzz/corpus/)	wall	LATIN1/bytea arms SAT residue >490-560s, UTF8 arms >6GiB RSS; clamp arithmetic witnessed reachable by green cover; proofs/text-slice
884	btrim	crates/backend/utils/adt/oracle_compat/src/builtins.rs	tested(differential: oraclefam_diff fleet 2x10M execs 0 div — jobs pgrust-fuzz-campaign-1785508394-540a-34016 + pgrust-fuzz-campaign-1785509898-3498-66645 @ 4c690bacec; planes value+verdict+sqlstate; encodings SQL_ASCII/UTF8/LATIN1 (+EUC_JP ascii/chr rejects); invalid-collid 42P22 arm; corpus 3303 committed; p1-laneaj)	fast | campaign p1-laneaj 2026-07-31	dotrim_slice 2-arg: SCALAR SLICE window (start,len); single-byte arm set.contains loops caps s<=8,set<=4; MB arm = mcx PgVec char tables (ladder); extends 401/881/885 rig; host proofs/strings-scalar; both arms
885	btrim1	crates/backend/utils/adt/oracle_compat/src/builtins.rs	tested(differential: oraclefam_diff fleet 2x10M execs 0 div — jobs pgrust-fuzz-campaign-1785508394-540a-34016 + pgrust-fuzz-campaign-1785509898-3498-66645 @ 4c690bacec; planes value+verdict+sqlstate; encodings SQL_ASCII/UTF8/LATIN1 (+EUC_JP ascii/chr rejects); invalid-collid 42P22 arm; corpus 3303 committed; p1-laneaj)	fast | campaign p1-laneaj 2026-07-31	lib.rs:309 both trim arms; window slice
886	cash_in	crates/backend/utils/adt/cash/src/builtins.rs	proved(len<=6 NUL-free ASCII, fpoint=2 + fpoint cells {0,1,5,10,-1,127}@len2; C-locale symbols; core-level, value+verdict+sqlstate 22003/22P02; empty-string->0 quirk machine-checked)	slow	67-355s release-gate; proofs/cash; default solver + --no-assertion-reach-checks; symbolic fpoint = dual x10-chain wall (lit cells)
887	cash_out	crates/backend/utils/adt/cash/src/builtins.rs	proved(25 concrete locale/value cells: all sign_posn/cs_precedes/sep_by_space arms both planes, points 0-10+clamps, grouping 1/3/6, MIN/MAX/0/-1 byte-exact; + length-parity |v|<=1e5 band); image-over-symbolic-value = wall(CNF width: data-dependent digit-count offsets)	ladder	0.5-4.1s; proofs/cash; locale seam + skew control
888	cash_eq	crates/backend/utils/adt/cash/src/builtins.rs	proved(full-i64x2, wrapper-level)	fast	0.12-0.15s; proofs/cash
889	cash_ne	crates/backend/utils/adt/cash/src/builtins.rs	proved(full-i64x2, wrapper-level)	fast	0.12-0.15s; proofs/cash
890	cash_lt	crates/backend/utils/adt/cash/src/builtins.rs	proved(full-i64x2, wrapper-level)	fast	0.12-0.15s; proofs/cash
891	cash_le	crates/backend/utils/adt/cash/src/builtins.rs	proved(full-i64x2, wrapper-level)	fast	0.12-0.15s; proofs/cash
892	cash_gt	crates/backend/utils/adt/cash/src/builtins.rs	proved(full-i64x2, wrapper-level)	fast	0.12-0.15s; proofs/cash
893	cash_ge	crates/backend/utils/adt/cash/src/builtins.rs	proved(full-i64x2, wrapper-level)	fast	0.12-0.15s; proofs/cash
894	cash_pl	crates/backend/utils/adt/cash/src/builtins.rs	proved(full-i64x2, wrapper-level; value+verdict+sqlstate-22003 parity; message text stubbed)	fast	2.5s; proofs/cash
895	cash_mi	crates/backend/utils/adt/cash/src/builtins.rs	proved(full-i64x2, wrapper-level; value+verdict+sqlstate-22003 parity; message text stubbed)	fast	2.5s; proofs/cash
896	cash_mul_flt8	crates/backend/utils/adt/cash/src/builtins.rs	proved(spot-grid + zero-arms FULL-domain: full-i64 x 0.0 and 0 x full-f64 incl NaN lattice; value+verdict+sqlstate)	ladder	0.6-2.5s; proofs/cash; --no-overflow-checks
897	cash_div_flt8	crates/backend/utils/adt/cash/src/builtins.rs	proved(spot-grid; Err verdict-only — Kani Result<f64> defect; 22003+22012 arms covered via C errcode)	ladder	5.0s; proofs/cash
898	cashlarger	crates/backend/utils/adt/cash/src/builtins.rs	proved(full-i64x2, wrapper-level)	fast	0.17s; proofs/cash
899	cashsmaller	crates/backend/utils/adt/cash/src/builtins.rs	proved(full-i64x2, wrapper-level)	fast	0.17s; proofs/cash
910	inet_in	crates/backend/utils/adt/network/src/builtins.rs	excluded(wall: parse cascade) + divergence(candidate 2026-07-31 p1-lanen: C v4 /masklen digit loop accumulates signed int with NO overflow check (UB wrap) — digit strings whose value > i32::MAX can wrap into [0,32] and be ACCEPTED; ground-truthed docker postgres:18.3: '0.0.0.1/<50z>18446744073709551615'::cidr -> 0.0.0.1/32, '1.2.3.4/...4294967328'::inet -> 1.2.3.4; pgrust saturates + rejects 22P02 (pton.rs:157 — its 'same rejections' comment is WRONG, stale-mechanism class); = row-436 macaddr sscanf-wrap class, rejection expected to ratify; repro fuzz/artifacts-triage/network_diff/crash-e128bffa*, seed-cidrin-wrap-e128bffa; fuzz plane carve = wrap zone only, Rust must still reject)	-	pton::pg_inet_net_pton multi-format v4 dotted / v6 hex-groups / '::' / embedded-v4 / '/bits' scan — sscanf-cascade class; v4-only arm per-length re-open possible
911	inet_out	crates/backend/utils/adt/network/src/builtins.rs	excluded(wall: result-image)	-	network_out_into lib.rs:208 ntop emission; = 599 class
919	flt8_mul_cash	crates/backend/utils/adt/cash/src/builtins.rs	proved(spot-grid, arg-order wrapper in-theorem)	ladder	3.0s; proofs/cash
920	network_eq	crates/backend/utils/adt/network/src/builtins.rs	proved(wrapper-level; family/bits fenced, addr full-sym; v4/v6/xf split + coverage)	fast	4-10s; proofs/network
921	network_lt	crates/backend/utils/adt/network/src/builtins.rs	proved(wrapper-level; family/bits fenced, addr full-sym; v4/v6/xf split + coverage)	fast	4-10s; proofs/network
922	network_le	crates/backend/utils/adt/network/src/builtins.rs	proved(wrapper-level; family/bits fenced, addr full-sym; v4/v6/xf split + coverage)	fast	4-10s; proofs/network
923	network_gt	crates/backend/utils/adt/network/src/builtins.rs	proved(wrapper-level; family/bits fenced, addr full-sym; v4/v6/xf split + coverage)	fast	4-10s; proofs/network
924	network_ge	crates/backend/utils/adt/network/src/builtins.rs	proved(wrapper-level; family/bits fenced, addr full-sym; v4/v6/xf split + coverage)	fast	4-10s; proofs/network
925	network_ne	crates/backend/utils/adt/network/src/builtins.rs	proved(wrapper-level; family/bits fenced, addr full-sym; v4/v6/xf split + coverage)	fast	4-10s; proofs/network
926	network_cmp	crates/backend/utils/adt/network/src/builtins.rs	proved(wrapper-level; exact i32 incl byte-diff convention; split + coverage) + divergence(candidate 2026-07-31 p1-lanen: SQL-visible MAGNITUDE is memcmp platform-variance — C returns raw memcmp (glibc arm64 sign-normalized -1/0/1, macOS byte-difference); Rust pins byte-diff, matching macOS PG but NOT Linux PG; ground-truthed docker postgres:18.3 Debian glibc: network_cmp('102:304:...f10/64','102:384:...f10/64') = -1, pgrust = -128; fuzz value-plane carved to SIGN pending Michael ruling — repro fuzz/artifacts-triage/network_diff/crash-b1064764*, seed-cmp-div-b1064764)	fast	4-9s; proofs/network; fleet job pgrust-fuzz-campaign-1785480211-3e0c-59729 found it via single-field witness pair
927	network_sub	crates/backend/utils/adt/network/src/builtins.rs	proved(wrapper-level; family/bits fenced, addr full-sym; v4/v6/xf split + coverage)	fast	4-10s; proofs/network
928	network_subeq	crates/backend/utils/adt/network/src/builtins.rs	proved(wrapper-level; family/bits fenced, addr full-sym; v4/v6/xf split + coverage)	fast	4-10s; proofs/network
929	network_sup	crates/backend/utils/adt/network/src/builtins.rs	proved(wrapper-level; family/bits fenced, addr full-sym; v4/v6/xf split + coverage)	fast	4-10s; proofs/network
930	network_supeq	crates/backend/utils/adt/network/src/builtins.rs	proved(wrapper-level; family/bits fenced, addr full-sym; v4/v6/xf split + coverage)	fast	4-10s; proofs/network
935	cash_words	crates/backend/utils/adt/cash/src/builtins.rs	proved(8 concrete spots incl i64::MIN wrap plane, quadrillion arm, singular dollar/cent, hundred-and arm; byte-exact text image; modulo static-buffer allocator model + token ctx)	ladder	3.5-15.9s; proofs/cash; symbolic value = /1e17 divider-chain wall (spots only)
936	text_substr	crates/backend/utils/adt/varlena/src/builtins.rs	wall(SAT/memory; symex completes 35-108s; both solvers; result-image (check_bytes) subfamily — scalar-verdict proves, image-compare walls; measured under multi-agent load, idle rerun owed) + tested(differential: fleet 10M-exec/target campaigns 2026-07-31 — vltext_diff job 1785485266, vlbytea_diff job 1785485273, vlmisc_diff jobs 1785485279+1785485968 — value+verdict+sqlstate planes, 0 divergences; corpus banked fuzz/corpus/)	wall	LATIN1/bytea arms SAT residue >490-560s, UTF8 arms >6GiB RSS; clamp arithmetic witnessed reachable by green cover; proofs/text-slice
937	text_substr_no_len	crates/backend/utils/adt/varlena/src/builtins.rs	wall(SAT/memory; symex completes 35-108s; both solvers; result-image (check_bytes) subfamily — scalar-verdict proves, image-compare walls; measured under multi-agent load, idle rerun owed) + tested(differential: fleet 10M-exec/target campaigns 2026-07-31 — vltext_diff job 1785485266, vlbytea_diff job 1785485273, vlmisc_diff jobs 1785485279+1785485968 — value+verdict+sqlstate planes, 0 divergences; corpus banked fuzz/corpus/)	wall	LATIN1/bytea arms SAT residue >490-560s, UTF8 arms >6GiB RSS; clamp arithmetic witnessed reachable by green cover; proofs/text-slice
938	generate_series_timestamp	crates/backend/utils/adt/adt_timestamp/src/builtins.rs	excluded(SRF)	-	builtins.rs:1006 fctx state machine
939	generate_series_timestamptz	crates/backend/utils/adt/adt_timestamp/src/builtins.rs	excluded(SRF)	-	builtins.rs:1013
940	int2mod	crates/backend/utils/adt/int/src/builtins.rs	proved(b in {0,-1,+1} spots full-sym dividend: x/0 22012, INT_MIN/-1 22003, /-1==neg, %-1==0 all in-theorem; symbolic-divisor remainder wall)	fast	0.1-0.2s spots; proofs/int-arith
941	int4mod	crates/backend/utils/adt/int/src/builtins.rs	proved(b in {0,-1,+1} spots full-sym dividend: x/0 22012, INT_MIN/-1 22003, /-1==neg, %-1==0 all in-theorem; symbolic-divisor remainder wall)	fast	0.1-0.2s spots; proofs/int-arith
942	int28mi	crates/backend/utils/adt/int8/src/builtins.rs	proved(full domain; value+verdict+sqlstate 22003, wrapper-level)	fast	0.4-0.5s; proofs/int-arith
943	int28mul	crates/backend/utils/adt/int8/src/builtins.rs	proved(FULL symbolic domain incl 64x64; value+verdict+sqlstate)	fast	1-8s kissat+noreach; predecessor wall = drop-glue artifact; proofs/int-arith
944	text_char	crates/backend/utils/adt/char/src/builtins.rs	proved(8-bit datum-value parity)	fast	0.42s; proofs/char; fleet FAIL = shim widening artifact (fixed)
945	int8mod	crates/backend/utils/adt/int8/src/builtins.rs	proved(b in {0,-1,+1} spots full-sym dividend: x/0 22012, INT_MIN/-1 22003, /-1==neg, %-1==0 all in-theorem; symbolic-divisor remainder wall)	fast	0.1-0.2s spots; proofs/int-arith
946	char_text	crates/backend/utils/adt/char/src/builtins.rs	proved(value core full-i8 incl 0x00->empty arm; cstring_to_text packing tier tested)	fast	wrapper symex wall; proofs/char
947	int8mod	crates/backend/utils/adt/int8/src/builtins.rs	proved(b in {0,-1,+1} spots full-sym dividend: x/0 22012, INT_MIN/-1 22003, /-1==neg, %-1==0 all in-theorem; symbolic-divisor remainder wall)	fast	0.1-0.2s spots; proofs/int-arith
948	int28div	crates/backend/utils/adt/int8/src/builtins.rs	proved(b in {0,-1,+1} spots full-sym dividend: x/0 22012, INT_MIN/-1 22003, /-1==neg, %-1==0 all in-theorem; symbolic-divisor remainder wall)	fast	0.1-0.2s spots; proofs/int-arith
949	hashint8	crates/backend/utils/adt/int8/src/builtins.rs	proved(full-domain incl full symbolic seed, wrapper-level)	fast	0.2-5.3s; hashint8 fold full-i64; proofs/hash-rows
952	be_lo_open	crates/backend/libpq/be_fsstubs/src/fmgr_builtins.rs	excluded(state)	-	large-object catalog/buffer state
953	be_lo_close	crates/backend/libpq/be_fsstubs/src/fmgr_builtins.rs	excluded(state)	-	large-object catalog/buffer state
954	be_loread	crates/backend/libpq/be_fsstubs/src/fmgr_builtins.rs	excluded(state)	-	large-object catalog/buffer state
955	be_lowrite	crates/backend/libpq/be_fsstubs/src/fmgr_builtins.rs	excluded(state)	-	large-object catalog/buffer state
956	be_lo_lseek	crates/backend/libpq/be_fsstubs/src/fmgr_builtins.rs	excluded(state)	-	large-object catalog/buffer state
957	be_lo_creat	crates/backend/libpq/be_fsstubs/src/fmgr_builtins.rs	excluded(state)	-	large-object catalog/buffer state
958	be_lo_tell	crates/backend/libpq/be_fsstubs/src/fmgr_builtins.rs	excluded(state)	-	large-object catalog/buffer state
959	on_pl	crates/backend/utils/adt/geo/src/builtins.rs	proved(literal-(A,B) h/v/diag planes, sym C+point; general 53-bit arm out)	slow	10-82s kissat; proofs/geo-cmp ext2 relaunch 2026-07-29
960	on_sl	crates/backend/utils/adt/geo/src/builtins.rs	proved(literal-(A,B) h/v/diag planes)	slow	67-476s kissat, diag release-gate; proofs/geo-cmp ext2 relaunch 2026-07-29
961	close_pl	crates/backend/utils/adt/geo/src/builtins.rs	excluded(wall: 53-bit)	-	line_closept_point
964	be_lo_unlink	crates/backend/libpq/be_fsstubs/src/fmgr_builtins.rs	excluded(state)	-	large-object catalog/buffer state
972	hashbpcharextended	crates/backend/utils/adt/varchar/src/builtins.rs	proved(len<=4 symbolic trim + trim spots + covers; 3 extended spots wall-under-load, retry idle)	fast	proofs/hash-rows
973	path_inter	crates/backend/utils/adt/geo/src/builtins.rs	proved(n=1 open plane full-sym points, box_ov + single-point bound boxes in-theorem, verdict false pinned; CORE-level) + wall(i x j interpt body)	fast	1.3s kissat; proofs/geo-cmp ext5 2026-07-30
975	box_area	crates/backend/utils/adt/geo/src/builtins.rs	proved(zero-height plane full-sym + symbolic-index boundary grid incl ±EPSILON edges and error arms; full-symbolic area WALL per 53-bit law)	sloped-wall	6-7s; proofs/geo-cmp
976	box_width	crates/backend/utils/adt/geo/src/builtins.rs	proved(full f64 domain incl NaN payloads/±Inf/±0/subnormals; EPSILON fuzzy forms in-theorem; wrapper-level by-ref)	fast	0.8-30s; proofs/geo-cmp
977	box_height	crates/backend/utils/adt/geo/src/builtins.rs	proved(full f64 domain incl NaN payloads/±Inf/±0/subnormals; EPSILON fuzzy forms in-theorem; wrapper-level by-ref)	fast	0.8-30s; proofs/geo-cmp
978	box_distance	crates/backend/utils/adt/geo/src/builtins.rs	proved(8-cell axis-aligned grid incl 22003 arm) + wall(hslice 550s both solvers @6GiB)	slow	26.0s; proofs/geo-cmp ext2 relaunch 2026-07-29
979	path_area	crates/backend/utils/adt/geo/src/builtins.rs	proved(open-plane SQL-NULL parity, wrapper-level, npts 1..=3 sym + full-sym points) + wall(closed shoelace = 53-bit multiply chain, standing float-arith law)	slow	59.0s kissat; proofs/geo-cmp ext5 2026-07-30
980	box_intersect	crates/backend/utils/adt/geo/src/builtins.rs	proved(full-sym incl SQL-NULL arm isnull parity; modulo allocator model)	slow	97.2s kissat; proofs/geo-cmp ext2 relaunch 2026-07-29
981	box_diagonal	crates/backend/utils/adt/geo/src/builtins.rs	proved(full-sym by-ref image, modulo allocator model)	slow	46-55s; proofs/geo-cmp ext2 relaunch 2026-07-29
982	path_n_lt	crates/backend/utils/adt/geo/src/builtins.rs	proved(npts 0..=3 symbolic both sides + full-i32 closed word; trusted varlena-builder fence, wrapper-level)	fast	24.4s kissat; proofs/geo-cmp ext3 2026-07-30
983	path_n_gt	crates/backend/utils/adt/geo/src/builtins.rs	proved(npts 0..=3 symbolic both sides + full-i32 closed word; trusted varlena-builder fence, wrapper-level)	fast	23.0s kissat; proofs/geo-cmp ext3 2026-07-30
984	path_n_eq	crates/backend/utils/adt/geo/src/builtins.rs	proved(npts 0..=3 symbolic both sides + full-i32 closed word; trusted varlena-builder fence, wrapper-level)	fast	34.9s kissat; proofs/geo-cmp ext3 2026-07-30
985	path_n_le	crates/backend/utils/adt/geo/src/builtins.rs	proved(npts 0..=3 symbolic both sides + full-i32 closed word; trusted varlena-builder fence, wrapper-level)	fast	22.7s kissat; proofs/geo-cmp ext3 2026-07-30
986	path_n_ge	crates/backend/utils/adt/geo/src/builtins.rs	proved(npts 0..=3 symbolic both sides + full-i32 closed word; trusted varlena-builder fence, wrapper-level)	fast	24.3s kissat; proofs/geo-cmp ext3 2026-07-30
987	path_length	crates/backend/utils/adt/geo/src/builtins.rs	excluded(wall: 53-bit)	-	path.rs:38; sum of point_dt (TWO already walls)
988	point_ne	crates/backend/utils/adt/geo/src/builtins.rs	proved(full f64 domain incl NaN payloads/±Inf/±0/subnormals; EPSILON fuzzy forms in-theorem; wrapper-level by-ref)	fast	0.8-30s; proofs/geo-cmp
989	point_vert	crates/backend/utils/adt/geo/src/builtins.rs	proved(full f64 domain incl NaN payloads/±Inf/±0/subnormals; EPSILON fuzzy forms in-theorem; wrapper-level by-ref)	fast	0.8-30s; proofs/geo-cmp
990	point_horiz	crates/backend/utils/adt/geo/src/builtins.rs	proved(full f64 domain incl NaN payloads/±Inf/±0/subnormals; EPSILON fuzzy forms in-theorem; wrapper-level by-ref)	fast	0.8-30s; proofs/geo-cmp
991	point_distance	crates/backend/utils/adt/geo/src/builtins.rs	proved(h-slice + v-slice; value bit-exact; general hypot path fenced — FMA-contraction spec gap)	slow	51.1+46.5s; wrapper-level by-ref, full f64 domain incl NaN/Inf/±0/subnormals unless sliced; proofs/geo-cmp ext; NAN shim pinned canonical (CBMC NAN model defect, native-replayed)
992	point_slope	crates/backend/utils/adt/geo/src/builtins.rs	proved(FPeq early-arms fence full-sym + divide-arm grid spots; symbolic divide arm out)	slow	90.1s + 3.4s; wrapper-level by-ref, full f64 domain incl NaN/Inf/±0/subnormals unless sliced; proofs/geo-cmp ext; NAN shim pinned canonical (CBMC NAN model defect, native-replayed)
993	lseg_construct	crates/backend/utils/adt/geo/src/builtins.rs	proved(full, core)	fast	0.1s; wrapper-level by-ref, full f64 domain incl NaN/Inf/±0/subnormals unless sliced; proofs/geo-cmp ext; NAN shim pinned canonical (CBMC NAN model defect, native-replayed)
994	lseg_intersect	crates/backend/utils/adt/geo/src/builtins.rs	excluded(wall: 53-bit)	-	lseg.rs:34 -> lseg_interpt_lseg
995	lseg_parallel	crates/backend/utils/adt/geo/src/builtins.rs	proved(8x8 slope grid incl concrete divide arm, FPeq slope band, Inf/NaN; dual FPeq-arms fence WALL)	fast	8.1-8.8s; wrapper-level by-ref, full f64 domain incl NaN/Inf/±0/subnormals unless sliced; proofs/geo-cmp ext; NAN shim pinned canonical (CBMC NAN model defect, native-replayed)
996	lseg_perp	crates/backend/utils/adt/geo/src/builtins.rs	proved(8x8 slope grid incl concrete divide arm, FPeq slope band, Inf/NaN; dual FPeq-arms fence WALL)	fast	8.1-8.8s; wrapper-level by-ref, full f64 domain incl NaN/Inf/±0/subnormals unless sliced; proofs/geo-cmp ext; NAN shim pinned canonical (CBMC NAN model defect, native-replayed)
997	lseg_vertical	crates/backend/utils/adt/geo/src/builtins.rs	proved(full f64)	fast	3.4s; wrapper-level by-ref, full f64 domain incl NaN/Inf/±0/subnormals unless sliced; proofs/geo-cmp ext; NAN shim pinned canonical (CBMC NAN model defect, native-replayed)
998	lseg_horizontal	crates/backend/utils/adt/geo/src/builtins.rs	proved(full f64)	fast	3.4s; wrapper-level by-ref, full f64 domain incl NaN/Inf/±0/subnormals unless sliced; proofs/geo-cmp ext; NAN shim pinned canonical (CBMC NAN model defect, native-replayed)
999	lseg_eq	crates/backend/utils/adt/geo/src/builtins.rs	proved(full f64)	fast	28-30s; wrapper-level by-ref, full f64 domain incl NaN/Inf/±0/subnormals unless sliced; proofs/geo-cmp ext; NAN shim pinned canonical (CBMC NAN model defect, native-replayed)
1004	be_lo_truncate	crates/backend/libpq/be_fsstubs/src/fmgr_builtins.rs	excluded(state)	-	large-object catalog/buffer state
1023	textlike_support	crates/backend/utils/adt/like/src/builtins.rs	tested(differential: like_diff fc NULL-tag plane, fleet 10M 0 div; Selectivity/IndexCondition legs = planner closed-set panic guard, exception rows builtins.rs:158-161)	fuzz-only	p1-laneag 2026-07-31 job pgrust-fuzz-campaign-1785518588-7871-24553; prior verdict excluded(engine); coverage 100% in-scope (fuzz+394 exception rows)
1024	texticregexeq_support	crates/backend/utils/adt/like/src/builtins.rs	tested(differential: like_diff fc NULL-tag plane, fleet 10M 0 div; Selectivity/IndexCondition legs = planner closed-set panic guard, exception rows builtins.rs:158-161)	fuzz-only	p1-laneag 2026-07-31 job pgrust-fuzz-campaign-1785518588-7871-24553; prior verdict excluded(engine); coverage 100% in-scope (fuzz+394 exception rows)
1025	texticlike_support	crates/backend/utils/adt/like/src/builtins.rs	tested(differential: like_diff fc NULL-tag plane, fleet 10M 0 div; Selectivity/IndexCondition legs = planner closed-set panic guard, exception rows builtins.rs:158-161)	fuzz-only	p1-laneag 2026-07-31 job pgrust-fuzz-campaign-1785518588-7871-24553; prior verdict excluded(engine); coverage 100% in-scope (fuzz+394 exception rows)
1026	timestamptz_izone	crates/backend/utils/adt/adt_timestamp/src/builtins.rs	proved(as 2070) + tested(differential)	ladder	proofs/datetime-cmp wave7
1030	gist_point_compress	crates/backend/access/gist/gistproc/src/lib.rs	proved(leaf point->degenerate-box compress + no-op identity arms; modulo static-buffer allocator model)	fast	leaf 4.3s kissat, noop pointer-exact 3.1s; proofs/gist-geo
1031	aclitemin	crates/backend/utils/adt/acl/src/builtins.rs	excluded(state)	-	role-name catalog lookup (get_role_oid)
1032	aclitemout	crates/backend/utils/adt/acl/src/builtins.rs	excluded(state)	-	role-name catalog lookup
1035	aclinsert	crates/backend/utils/adt/acl/src/builtins.rs	proved(full; verdict+sqlstate-class parity, wrapper-level)	fast	4s kissat; message text/location out of proof (stub_pg_error_error); proofs/aclcheck
1036	aclremove	crates/backend/utils/adt/acl/src/builtins.rs	proved(full; verdict+sqlstate-class parity, wrapper-level)	fast	3s kissat; message text/location out of proof (stub_pg_error_error); proofs/aclcheck
1037	aclcontains	crates/backend/utils/adt/acl/src/builtins.rs	proved(core, n<=4; varlena decode out)	seam	1.3s; proofs/state-seam-probe
1039	getdatabaseencoding	crates/backend/utils/mb/mbutils/src/builtins.rs	blocked(seam:DatabaseEncoding-global)	ladder	fc_getdatabaseencoding mbutils/src/builtins.rs:9; symbolic encoding-id seam + mcx-stubs; cheap filler
1044	bpcharin	crates/backend/utils/adt/varchar/src/builtins.rs	proved(latin1 len<=8 clip core; utf8 arm wall(timeout-450s, load=25-28) fleet-bound)	fast	kissat eq_bpchar_clip_latin1 3.6s (BpClip{copy,total} + 22001 class via fc wrapper); eq_bpchar_clip_utf8 authored+codegen-green, 2x local timeout under saturation -> fleet runner (sibling varchar utf8 proved 139.8s); host proofs/oracle-compat (c/pg_varchar.c rig; control_varchar_clip_skew fired right-reason 2.4s + cover_varchar_regimes 6/6 SATISFIED 49.3s, 2026-07-30)
1045	bpcharout	crates/backend/utils/adt/varchar/src/builtins.rs	excluded(wall: result-image)	-	text_to_cstring copy; scalar projection contentless
1046	varcharin	crates/backend/utils/adt/varchar/src/builtins.rs	proved(len<=8 clip core, latin1+utf8 arms; fc wrapper; 22001 class in-theorem)	fast	kissat: eq_varchar_clip_latin1 4.4s, eq_varchar_clip_utf8 139.8s; host proofs/oracle-compat (c/pg_varchar.c rig; control_varchar_clip_skew fired right-reason 2.4s + cover_varchar_regimes 6/6 SATISFIED 49.3s, 2026-07-30)
1047	varcharout	crates/backend/utils/adt/varchar/src/builtins.rs	excluded(wall: result-image)	-	same body as 1045
1048	bpchareq	crates/backend/utils/adt/varchar/src/builtins.rs	proved(wrapper-level; C-collation fence; len<=8/side incl full trim loop)	fast	6-17s; trim proven load-bearing via control; proofs/text-cmp
1049	bpcharlt	crates/backend/utils/adt/varchar/src/builtins.rs	proved(wrapper-level; C-collation fence; len<=8/side incl full trim loop)	fast	6-17s; trim proven load-bearing via control; proofs/text-cmp
1050	bpcharle	crates/backend/utils/adt/varchar/src/builtins.rs	proved(wrapper-level; C-collation fence; len<=8/side incl full trim loop)	fast	6-17s; trim proven load-bearing via control; proofs/text-cmp
1051	bpchargt	crates/backend/utils/adt/varchar/src/builtins.rs	proved(wrapper-level; C-collation fence; len<=8/side incl full trim loop)	fast	6-17s; trim proven load-bearing via control; proofs/text-cmp
1052	bpcharge	crates/backend/utils/adt/varchar/src/builtins.rs	proved(wrapper-level; C-collation fence; len<=8/side incl full trim loop)	fast	6-17s; trim proven load-bearing via control; proofs/text-cmp
1053	bpcharne	crates/backend/utils/adt/varchar/src/builtins.rs	proved(wrapper-level; C-collation fence; len<=8/side incl full trim loop)	fast	6-17s; trim proven load-bearing via control; proofs/text-cmp
1062	aclitem_eq	crates/backend/utils/adt/acl/src/builtins.rs	proved(full-domain, wrapper-level, 16-byte unpack in-theorem)	seam	0.6s; proofs/state-seam-probe
1063	bpchar_larger	crates/backend/utils/adt/varchar/src/builtins.rs	proved(wrapper-level; C-collation fence; len<=8/side incl full trim loop)	fast	6-17s; trim proven load-bearing via control; proofs/text-cmp
1064	bpchar_smaller	crates/backend/utils/adt/varchar/src/builtins.rs	proved(wrapper-level; C-collation fence; len<=8/side incl full trim loop)	fast	6-17s; trim proven load-bearing via control; proofs/text-cmp
1065	pg_prepared_xact	crates/backend/access/transam/twophase/src/srf.rs	excluded(state: SRF + shmem)	-	twophase srf.rs:59 MultiFuncCall over TwoPhaseState
1066	generate_series_step_int4	crates/backend/utils/adt/int/src/builtins.rs	excluded(blocked: SRF state machine)	-	int/src/builtins.rs:349 fn_extra Box state
1067	generate_series_int4	crates/backend/utils/adt/int/src/builtins.rs	excluded(blocked: SRF state machine)	-	same fc as 1066
1068	generate_series_step_int8	crates/backend/utils/adt/int8/src/builtins.rs	excluded(blocked: SRF state machine)	-	int8 sibling
1069	generate_series_int8	crates/backend/utils/adt/int8/src/builtins.rs	excluded(blocked: SRF state machine)	-	int8 sibling
1078	bpcharcmp	crates/backend/utils/adt/varchar/src/builtins.rs	proved(wrapper-level; C-collation fence; len<=8/side incl full trim loop)	fast	6-17s; trim proven load-bearing via control; proofs/text-cmp
1079	text_regclass	crates/backend/utils/adt/regproc/src/builtins.rs	excluded(state)	-	catalog name lookup (reg* io)
1080	hashbpchar	crates/backend/utils/adt/varchar/src/builtins.rs	proved(len<=4 symbolic trim + trim spots + covers; 3 extended spots wall-under-load, retry idle)	fast	proofs/hash-rows
1081	format_type	crates/backend/utils/adt/format_type/src/builtins.rs	excluded(catalog + wall: result-image)	-	format_type_extended: pg_type syscache walk + derived-length image
1084	date_in	crates/backend/utils/adt/adt_date/src/builtins.rs	excluded(wall: parse cascade)	-	lib.rs:226 DecodeDateTime + j2date
1085	date_out	crates/backend/utils/adt/adt_date/src/builtins.rs	excluded(wall: j2date + DateStyle image)	-	lib.rs:272; slice: DATE_NOT_FINITE fixed literal (lib.rs:260) provable
1086	date_eq	crates/backend/utils/adt/adt_date/src/builtins.rs	proved(full-i32xi32, incl fmgr wrapper)	fast	0.07s; proofs/datetime-cmp
1087	date_lt	crates/backend/utils/adt/adt_date/src/builtins.rs	proved(full-i32xi32, incl fmgr wrapper)	fast	0.07s; proofs/datetime-cmp
1088	date_le	crates/backend/utils/adt/adt_date/src/builtins.rs	proved(full-i32xi32, incl fmgr wrapper)	fast	0.07s; proofs/datetime-cmp
1089	date_gt	crates/backend/utils/adt/adt_date/src/builtins.rs	proved(full-i32xi32, incl fmgr wrapper)	fast	0.07s; proofs/datetime-cmp
1090	date_ge	crates/backend/utils/adt/adt_date/src/builtins.rs	proved(full-i32xi32, incl fmgr wrapper)	fast	0.07s; proofs/datetime-cmp
1091	date_ne	crates/backend/utils/adt/adt_date/src/builtins.rs	proved(full-i32xi32, incl fmgr wrapper)	fast	0.07s; proofs/datetime-cmp
1092	date_cmp	crates/backend/utils/adt/adt_date/src/builtins.rs	proved(full-i32xi32, incl fmgr wrapper)	fast	0.07s; proofs/datetime-cmp
1102	time_lt	crates/backend/utils/adt/adt_date/src/builtins.rs	proved(full-i64xi64, incl fmgr wrapper)	fast	0.08s; proofs/datetime-cmp
1103	time_le	crates/backend/utils/adt/adt_date/src/builtins.rs	proved(full-i64xi64, incl fmgr wrapper)	fast	0.08s; proofs/datetime-cmp
1104	time_gt	crates/backend/utils/adt/adt_date/src/builtins.rs	proved(full-i64xi64, incl fmgr wrapper)	fast	0.08s; proofs/datetime-cmp
1105	time_ge	crates/backend/utils/adt/adt_date/src/builtins.rs	proved(full-i64xi64, incl fmgr wrapper)	fast	0.08s; proofs/datetime-cmp
1106	time_ne	crates/backend/utils/adt/adt_date/src/builtins.rs	proved(full-i64xi64, incl fmgr wrapper)	fast	0.08s; proofs/datetime-cmp
1107	time_cmp	crates/backend/utils/adt/adt_date/src/builtins.rs	proved(full-i64xi64, incl fmgr wrapper)	fast	0.08s; proofs/datetime-cmp
1136	pg_stat_get_wal	crates/backend/utils/adt/pgstatfuncs/src/lib.rs	excluded(state)	-	pg_stat shared-memory/catalog reads
1137	pg_get_wal_replay_pause_state	crates/backend/utils/adt/adt_misc/src/builtins.rs	excluded(state)	-	server WAL/catalog/session state
1138	date_larger	crates/backend/utils/adt/adt_date/src/builtins.rs	proved(full domain, wrapper-level)	fast	0.07s; proofs/datetime-cmp
1139	date_smaller	crates/backend/utils/adt/adt_date/src/builtins.rs	proved(full domain, wrapper-level)	fast	0.07s; proofs/datetime-cmp
1140	date_mi	crates/backend/utils/adt/adt_date/src/builtins.rs	proved(full i32xi32; Err verdict+sqlstate 22008+level parity)	fast	0.86s; proofs/datetime-b lane D
1141	date_pli	crates/backend/utils/adt/adt_date/src/builtins.rs	proved(full i32xi32; IS_VALID_DATE ereport sqlstate 22008 parity)	fast	3s; proofs/misc-ops
1142	date_mii	crates/backend/utils/adt/adt_date/src/builtins.rs	proved(full i32xi32; sqlstate parity)	fast	3s; proofs/misc-ops
1143	time_in	crates/backend/utils/adt/adt_date/src/builtins.rs	excluded(wall: parse cascade)	-	lib.rs:597 DecodeTimeOnly
1144	time_out	crates/backend/utils/adt/adt_date/src/builtins.rs	excluded(wall: time2tm divider chain + image)	-	lib.rs:616
1145	time_eq	crates/backend/utils/adt/adt_date/src/builtins.rs	proved(full-i64xi64, incl fmgr wrapper)	fast	0.08s; proofs/datetime-cmp
1146	circle_add_pt	crates/backend/utils/adt/geo/src/builtins.rs	proved(full, core)	fast	26-29s; wrapper-level by-ref, full f64 domain incl NaN/Inf/±0/subnormals unless sliced; proofs/geo-cmp ext; NAN shim pinned canonical (CBMC NAN model defect, native-replayed)
1147	circle_sub_pt	crates/backend/utils/adt/geo/src/builtins.rs	proved(full, core)	fast	26-29s; wrapper-level by-ref, full f64 domain incl NaN/Inf/±0/subnormals unless sliced; proofs/geo-cmp ext; NAN shim pinned canonical (CBMC NAN model defect, native-replayed)
1148	circle_mul_pt	crates/backend/utils/adt/geo/src/builtins.rs	excluded(wall: 53-bit)	-	circle.rs:138; complex multiply + radius*pg_hypot
1149	circle_div_pt	crates/backend/utils/adt/geo/src/builtins.rs	excluded(wall: 53-bit)	-	circle.rs:145; point_div_point + divide by hypot
1150	timestamptz_in	crates/backend/utils/adt/adt_timestamp/src/builtins.rs	excluded(wall: parse cascade) + tested(differential: timestamp_diff 10M fleet 0-div @ f1c54d927d, planes value+verdict+sqlstate+fc-wrapper+soft-error) (GMT-pinned session tz; tz-db names carved)	-	lib.rs:299
1151	timestamptz_out	crates/backend/utils/adt/adt_timestamp/src/builtins.rs	excluded(wall: timestamp2tm + image) + tested(differential: timestamp_diff 10M fleet 0-div @ f1c54d927d, planes value+verdict+sqlstate+fc-wrapper+soft-error)	-	lib.rs:319; slice: EncodeSpecialTimestamp fixed literal lib.rs:165
1152	timestamp_eq	crates/backend/utils/adt/adt_timestamp/src/builtins.rs	proved(full-i64xi64, incl fmgr wrapper)	fast	0.1s; tz rows share fc_timestamp_* registration (verified); proofs/datetime-cmp
1153	timestamp_ne	crates/backend/utils/adt/adt_timestamp/src/builtins.rs	proved(full-i64xi64, incl fmgr wrapper)	fast	0.1s; tz rows share fc_timestamp_* registration (verified); proofs/datetime-cmp
1154	timestamp_lt	crates/backend/utils/adt/adt_timestamp/src/builtins.rs	proved(full-i64xi64, incl fmgr wrapper)	fast	0.1s; tz rows share fc_timestamp_* registration (verified); proofs/datetime-cmp
1155	timestamp_le	crates/backend/utils/adt/adt_timestamp/src/builtins.rs	proved(full-i64xi64, incl fmgr wrapper)	fast	0.1s; tz rows share fc_timestamp_* registration (verified); proofs/datetime-cmp
1156	timestamp_ge	crates/backend/utils/adt/adt_timestamp/src/builtins.rs	proved(full-i64xi64, incl fmgr wrapper)	fast	0.1s; tz rows share fc_timestamp_* registration (verified); proofs/datetime-cmp
1157	timestamp_gt	crates/backend/utils/adt/adt_timestamp/src/builtins.rs	proved(full-i64xi64, incl fmgr wrapper)	fast	0.1s; tz rows share fc_timestamp_* registration (verified); proofs/datetime-cmp
1158	float8_timestamptz	crates/backend/utils/adt/adt_timestamp/src/builtins.rs	proved(nonfinite lattice full + finite out-of-range reject plane full + 11-cell value spot grid incl range edges/tie/recheck band) + wall(value arm full screen: 53-bit const multiply, timeout-450s load=16, fleet-bound)	ladder	planes+spots 0.7-0.9s default; fmt_g6 stubbed (pub visibility edit, message text out of proof); eq_f8tstz_value_screen authored for fleet 40GB tier; proofs/datetime-b rem; w2-timestamp 2026-07-30
1159	timestamptz_zone	crates/backend/utils/adt/adt_timestamp/src/builtins.rs	proved(fixed-offset arm as 2069)	fast	2.6s; proofs/datetime-cmp wave7
1160	interval_in	crates/backend/utils/adt/adt_date/src/builtins.rs	excluded(wall: DecodeInterval cascade + AdjustIntervalForTypmod dividers)	-	interval.rs:217
1161	interval_out	crates/backend/utils/adt/adt_date/src/builtins.rs	excluded(wall: EncodeInterval image)	-	interval.rs:279; slice: EncodeSpecialInterval fixed literal :204
1162	interval_eq	crates/backend/utils/adt/adt_date/src/builtins.rs	proved(m==0-plane full; |d|,|m|<=1000 band full-time; MIN/MAX spots; remainder wall)	sloped-wall	wrapper-level, totality proved as side condition; proofs/interval-cmp
1163	interval_ne	crates/backend/utils/adt/adt_date/src/builtins.rs	proved(m==0-plane full; |d|,|m|<=1000 band full-time; MIN/MAX spots; remainder wall)	sloped-wall	wrapper-level, totality proved as side condition; proofs/interval-cmp
1164	interval_lt	crates/backend/utils/adt/adt_date/src/builtins.rs	proved(m==0-plane full; |d|,|m|<=1000 band full-time; MIN/MAX spots; remainder wall)	sloped-wall	wrapper-level, totality proved as side condition; proofs/interval-cmp
1165	interval_le	crates/backend/utils/adt/adt_date/src/builtins.rs	proved(m==0-plane full; |d|,|m|<=1000 band full-time; MIN/MAX spots; remainder wall)	sloped-wall	wrapper-level, totality proved as side condition; proofs/interval-cmp
1166	interval_ge	crates/backend/utils/adt/adt_date/src/builtins.rs	proved(m==0-plane full; |d|,|m|<=1000 band full-time; MIN/MAX spots; remainder wall)	sloped-wall	wrapper-level, totality proved as side condition; proofs/interval-cmp
1167	interval_gt	crates/backend/utils/adt/adt_date/src/builtins.rs	proved(m==0-plane full; |d|,|m|<=1000 band full-time; MIN/MAX spots; remainder wall)	sloped-wall	wrapper-level, totality proved as side condition; proofs/interval-cmp
1168	interval_um	crates/backend/utils/adt/adt_date/src/builtins.rs	proved(full (i64,i32,i32); wrapper-level incl 16B by-ref result modulo static-buffer allocator model; NOBEGIN/NOEND lattice + checked-negate Err verdict+sqlstate 22008+level parity)	fast	2.7s kissat; both arms cover-witnessed; proofs/datetime-cmp
1169	interval_pl	crates/backend/utils/adt/adt_date/src/builtins.rs	proved(full domain both operands; infinity lattice incl inf-inf error plane; checked-add overflow + NOT_FINITE guard Err parity; modulo static-buffer allocator model)	fast	3.7s kissat; proofs/datetime-cmp
1170	interval_mi	crates/backend/utils/adt/adt_date/src/builtins.rs	proved(same as 1169 for subtraction lattice)	fast	3.8s kissat; proofs/datetime-cmp
1171	timestamptz_part	crates/backend/utils/adt/adt_timestamp/src/builtins.rs	candidate -> tested(differential: timestamp_diff 10M fleet 0-div @ f1c54d927d, planes value+verdict+sqlstate+fc-wrapper+soft-error)	ladder	timestamptz_part_common lib.rs:1514; slices: non-finite lattice FAST + RESERV epoch /1e6 + DTK_TZ /60,/3600 fenced ±86400; UNITS arms fenced (timestamp2tm); units concrete literal (DecodeUnits = state, model both sides)
1172	interval_part	crates/backend/utils/adt/adt_timestamp/src/builtins.rs	candidate -> tested(differential: timestamp_diff 10M fleet 0-div @ f1c54d927d, planes value+verdict+sqlstate+fc-wrapper+soft-error)	ladder	interval_part_common interval.rs:1699; NO j2date; interval2itm :68 (/3.6e9,/6e7,/1e6) band split + exact unwind; all int arms ladder
1173	network_subset_support	crates/backend/utils/adt/network/src/builtins.rs	excluded(blocked: planner node + port gap)	-	network/src/builtins.rs:291; C IndexCondition arm unported
1174	date_timestamptz	crates/backend/utils/adt/adt_date/src/builtins.rs	excluded(wall: j2date + DetermineTimeZoneOffset)	-	lib.rs:414; tz stub still leaves /146097
1175	interval_justify_hours	crates/backend/utils/adt/adt_date/src/builtins.rs	wall(divider time/USECS_PER_DAY: symex completes, dual 64-bit constant-division SAT >300s both solvers; single expression, bands structurally useless) + proved(spots: boundary grid incl fixup/overflow/sentinels 32.3s) + tested(differential 1M+grid, 0 mismatches)	wall	offending expr TMODULO(time,wholeday,USECS_PER_DAY); proofs/datetime-cmp
1177	jsonb_path_exists_tz	crates/backend/utils/adt/jsonpath_exec/src/builtins.rs	tested(differential: jsonpathexec_diff fleet 10.01M execs 0 div; planes verdict(true/false/NULL/hard)+sqlstate+result-image bytes+per-row images+fc-wrapper+short-varlena framing)	-	p1-laneaa 2026-07-31 job pgrust-fuzz-campaign-1785519081-6232-42303; oracle = verbatim 18.3 jsonpath_exec.c + jsonb_util.c + regex engine + numeric extracts; doc/vars images built once by the shipped adt_jsonb input path and fed to both engines (doc-parse parity = adt/jsonb, lane p1-lanev); carves: session-TZ datetime method/compare family, json_table.rs, SRF MultiFuncCall plumbing; prior verdict excluded(engine) RESOLVED
1178	timestamptz_date	crates/backend/utils/adt/adt_date/src/builtins.rs	excluded(wall: timestamp2tm + date2j both directions)	-	lib.rs:535
1179	jsonb_path_query_tz	crates/backend/utils/adt/jsonpath_exec/src/builtins.rs	tested(differential: jsonpathexec_diff fleet 10.01M execs 0 div; planes verdict(true/false/NULL/hard)+sqlstate+result-image bytes+per-row images+fc-wrapper+short-varlena framing; SRF wrapper plumbing = named carve, collection core covered via the query-items arm)	-	p1-laneaa 2026-07-31 job pgrust-fuzz-campaign-1785519081-6232-42303; oracle = verbatim 18.3 jsonpath_exec.c + jsonb_util.c + regex engine + numeric extracts; doc/vars images built once by the shipped adt_jsonb input path and fed to both engines (doc-parse parity = adt/jsonb, lane p1-lanev); carves: session-TZ datetime method/compare family, json_table.rs, SRF MultiFuncCall plumbing; prior verdict excluded(engine) RESOLVED
1180	jsonb_path_query_array_tz	crates/backend/utils/adt/jsonpath_exec/src/builtins.rs	tested(differential: jsonpathexec_diff fleet 10.01M execs 0 div; planes verdict(true/false/NULL/hard)+sqlstate+result-image bytes+per-row images+fc-wrapper+short-varlena framing)	-	p1-laneaa 2026-07-31 job pgrust-fuzz-campaign-1785519081-6232-42303; oracle = verbatim 18.3 jsonpath_exec.c + jsonb_util.c + regex engine + numeric extracts; doc/vars images built once by the shipped adt_jsonb input path and fed to both engines (doc-parse parity = adt/jsonb, lane p1-lanev); carves: session-TZ datetime method/compare family, json_table.rs, SRF MultiFuncCall plumbing; prior verdict excluded(engine) RESOLVED
1181	xid_age	crates/backend/utils/adt/scalar/src/builtins.rs	proved(full-u32 xid x full-u32 seam value; modulo GetStableLatestTransactionId seam model)	fast	0.28s kissat wrapper-level; state-seam pattern (shared symbolic `now` both sides, quantified over all seam outputs); control_xid_age_seam_skew FAILED on the equality check as required; wave5 pre-built, first solve 2026-07-30; proofs/scalar-misc; wave-5 lane resolved independently, reconciled at merge (agree)
1188	timestamp_mi	crates/backend/utils/adt/adt_date/src/builtins.rs	wall(divider: checked-sub feeds justify_hours /USECS_PER_DAY; probe 240s rc=124) + proved(spots: sentinels/inf-inf-err/sub-overflow/justify-carry 11.4s) + tested(differential 2M+grid)	wall	also discharges 2031 (same C fn + wrapper); proofs/datetime-cmp
1189	timestamptz_pl_interval	crates/backend/utils/adt/adt_date/src/builtins.rs	proved(planes: m0d0 LITERAL + NOBEGIN/NOEND; add-overflow + IS_VALID Err 22008 parity; julian arms OUT, loud-trapped both sides)	fast	1.3-2.0s/plane; NOT full-domain (j2date wall); proofs/datetime-cmp wave7
1190	timestamptz_mi_interval	crates/backend/utils/adt/adt_date/src/builtins.rs	proved(planes: m0d0 LITERAL + NOBEGIN/NOEND; Err 22008 parity; julian arms OUT)	fast	1.3-2.0s/plane; proofs/datetime-cmp wave7
1191	generate_subscripts	crates/backend/utils/adt/arrayfuncs/src/builtins.rs	excluded(state)	-	SRF machinery (pure arithmetic inside)
1192	generate_subscripts_nodir	crates/backend/utils/adt/arrayfuncs/src/builtins.rs	excluded(state)	-	SRF machinery (pure arithmetic inside)
1193	array_fill	crates/backend/utils/adt/arrayfuncs/src/builtins.rs	excluded(typcache)	-	element typcache/fmgr dispatch
1194	dlog10	crates/backend/utils/adt/float/src/builtins.rs	tested(differential: coverage-guided 68.5M + 10M/fn sampler, 0 diffs; libm-parity per host libm, fp-contract carve noted)	ladder	funcs.rs:328; same 2201E/2201F plane as dlog1; aliases 1194/1339/1340 one harness; lane float-domain; prior verdict blocked(seam:libm-oracle, error-plane only) — fuzz-float-math campaign 2026-07-30 (379M total cases, three-way exact: bits/error-presence/errcode class)
1195	timestamp_smaller	crates/backend/utils/adt/adt_timestamp/src/builtins.rs	proved(full-i64xi64, wrapper-level)	fast	0.08s; tz rows share fc_timestamp_* registration; proofs/datetime-cmp
1196	timestamp_larger	crates/backend/utils/adt/adt_timestamp/src/builtins.rs	proved(full-i64xi64, wrapper-level)	fast	0.08s; tz rows share fc_timestamp_* registration; proofs/datetime-cmp
1197	interval_smaller	crates/backend/utils/adt/adt_date/src/builtins.rs	proved(m==0-plane full; |d|,|m|<=1000 band full-time; MIN/MAX spots; remainder wall)	sloped-wall	wrapper-level, totality proved as side condition; proofs/interval-cmp
1198	interval_larger	crates/backend/utils/adt/adt_date/src/builtins.rs	proved(m==0-plane full; |d|,|m|<=1000 band full-time; MIN/MAX spots; remainder wall)	sloped-wall	wrapper-level, totality proved as side condition; proofs/interval-cmp
1199	timestamptz_age	crates/backend/utils/adt/adt_timestamp/src/builtins.rs	excluded(wall: dual timestamp2tm) + tested(differential: timestamp_diff 10M fleet 0-div @ f1c54d927d, planes value+verdict+sqlstate+fc-wrapper+soft-error)	-	age_common interval.rs:1435
1200	interval_scale	crates/backend/utils/adt/adt_date/src/builtins.rs	proved(typmod<0 plane full triple + 25-cell spot grid: every range arm, rounding both signs, overflow/invalid-precision/unrecognized-range err arms) + tested(differential 2M)	fast	4.6-6.5s; proofs/datetime-b lane D
1215	obj_description	crates/backend/utils/adt/adt_misc/src/builtins.rs	excluded(state)	-	server WAL/catalog/session state
1216	col_description	crates/backend/utils/adt/adt_misc/src/builtins.rs	excluded(state)	-	server WAL/catalog/session state
1217	timestamptz_trunc	crates/backend/utils/adt/adt_timestamp/src/builtins.rs	excluded(wall: timestamp2tm+tm2timestamp) + tested(differential: timestamp_diff 10M fleet 0-div @ f1c54d927d, planes value+verdict+sqlstate+fc-wrapper+soft-error)	-	lib.rs:1247; slice: non-finite + trunc_unit_supported verdict plane lib.rs:1069 pure
1218	interval_trunc	crates/backend/utils/adt/adt_timestamp/src/builtins.rs	candidate -> tested(differential: timestamp_diff 10M fleet 0-div @ f1c54d927d, planes value+verdict+sqlstate+fc-wrapper+soft-error)	ladder	interval.rs:1597; interval2itm/itm2interval only NO j2date; 8-elem const table loop unwind 8; per-concrete-unit + band split
1219	int8inc	crates/backend/utils/adt/int8/src/builtins.rs	proved(full-i64; value+verdict+sqlstate 22003)	fast	0.7s; count(*) transition fn; proofs/small-fams
1230	int8abs	crates/backend/utils/adt/int8/src/builtins.rs	proved(full domain; value+verdict+sqlstate 22003)	fast	0.4-1s; proofs/int-arith
1236	int8larger	crates/backend/utils/adt/int8/src/builtins.rs	proved(full domain, wrapper-level)	fast	0.1s; proofs/int-arith
1237	int8smaller	crates/backend/utils/adt/int8/src/builtins.rs	proved(full domain, wrapper-level)	fast	0.1s; proofs/int-arith
1238	texticregexeq	crates/backend/utils/adt/regexp/src/builtins.rs	tested(differential: regexp_diff fleet 3.65M execs / 25.8 CPU-h fork=15 @325985a437 (24h-CPU floor), 0 wrapper-plane div; planes value+verdict+errcode + fc plane; oracle = verbatim 18.3 regexp.c + vendored Spencer engine, UTF8 + C collation; carve: RE cache, RE2/engine-GUC dispatch, SRF shells -> exception rows)	fuzz-only	p1-laneag 2026-07-31 job pgrust-fuzz-campaign-1785535304-795f-37663 (evidence fuzz/fleet-evidence/regexp_diff-1785535304 - runner slow-unit-triage defect kept stats.json from S3; pod-extracted artifacts are the record) + local 207k smoke + exhaustive parse_re_flags sweep (65,281 len<=2 + 100k len<=4); prior verdict excluded(engine); ENGINE findings routed to regex/regex_core (p1-lanew): REG_ETOOBIG false-too-complex (docker-ground-truthed, witness test known_etoobig_divergence_repro), debug_asserts regex_compile.rs:2821/2163 fire on fuzz patterns, rstacktoodeep()=0 stack-overflow, engine compile OOMs
1239	texticregexne	crates/backend/utils/adt/regexp/src/builtins.rs	tested(differential: regexp_diff fleet 3.65M execs / 25.8 CPU-h fork=15 @325985a437 (24h-CPU floor), 0 wrapper-plane div; planes value+verdict+errcode + fc plane; oracle = verbatim 18.3 regexp.c + vendored Spencer engine, UTF8 + C collation; carve: RE cache, RE2/engine-GUC dispatch, SRF shells -> exception rows)	fuzz-only	p1-laneag 2026-07-31 job pgrust-fuzz-campaign-1785535304-795f-37663 (evidence fuzz/fleet-evidence/regexp_diff-1785535304 - runner slow-unit-triage defect kept stats.json from S3; pod-extracted artifacts are the record) + local 207k smoke + exhaustive parse_re_flags sweep (65,281 len<=2 + 100k len<=4); prior verdict excluded(engine); ENGINE findings routed to regex/regex_core (p1-lanew): REG_ETOOBIG false-too-complex (docker-ground-truthed, witness test known_etoobig_divergence_repro), debug_asserts regex_compile.rs:2821/2163 fire on fuzz patterns, rstacktoodeep()=0 stack-overflow, engine compile OOMs
1240	nameicregexeq	crates/backend/utils/adt/regexp/src/builtins.rs	tested(differential: regexp_diff fleet 3.65M execs / 25.8 CPU-h fork=15 @325985a437 (24h-CPU floor), 0 wrapper-plane div; planes value+verdict+errcode + fc plane; oracle = verbatim 18.3 regexp.c + vendored Spencer engine, UTF8 + C collation; carve: RE cache, RE2/engine-GUC dispatch, SRF shells -> exception rows)	fuzz-only	p1-laneag 2026-07-31 job pgrust-fuzz-campaign-1785535304-795f-37663 (evidence fuzz/fleet-evidence/regexp_diff-1785535304 - runner slow-unit-triage defect kept stats.json from S3; pod-extracted artifacts are the record) + local 207k smoke + exhaustive parse_re_flags sweep (65,281 len<=2 + 100k len<=4); prior verdict excluded(engine); ENGINE findings routed to regex/regex_core (p1-lanew): REG_ETOOBIG false-too-complex (docker-ground-truthed, witness test known_etoobig_divergence_repro), debug_asserts regex_compile.rs:2821/2163 fire on fuzz patterns, rstacktoodeep()=0 stack-overflow, engine compile OOMs
1241	nameicregexne	crates/backend/utils/adt/regexp/src/builtins.rs	tested(differential: regexp_diff fleet 3.65M execs / 25.8 CPU-h fork=15 @325985a437 (24h-CPU floor), 0 wrapper-plane div; planes value+verdict+errcode + fc plane; oracle = verbatim 18.3 regexp.c + vendored Spencer engine, UTF8 + C collation; carve: RE cache, RE2/engine-GUC dispatch, SRF shells -> exception rows)	fuzz-only	p1-laneag 2026-07-31 job pgrust-fuzz-campaign-1785535304-795f-37663 (evidence fuzz/fleet-evidence/regexp_diff-1785535304 - runner slow-unit-triage defect kept stats.json from S3; pod-extracted artifacts are the record) + local 207k smoke + exhaustive parse_re_flags sweep (65,281 len<=2 + 100k len<=4); prior verdict excluded(engine); ENGINE findings routed to regex/regex_core (p1-lanew): REG_ETOOBIG false-too-complex (docker-ground-truthed, witness test known_etoobig_divergence_repro), debug_asserts regex_compile.rs:2821/2163 fire on fuzz patterns, rstacktoodeep()=0 stack-overflow, engine compile OOMs
1242	boolin	crates/backend/utils/adt/bool/src/builtins.rs	proved(len<=8)	fast	7.7s; proofs/bool-parse; trailing-space==NUL comment claim machine-checked; also case-split l0-l6 + union coverage in proofs/bool
1243	boolout	crates/backend/utils/adt/bool/src/builtins.rs	proved(full-bool; byte+NUL)	fast	proofs/bool; <1s; kissat
1244	byteain	crates/backend/utils/adt/varlena/src/builtins.rs	proved(escaped-arm kernel cells bs_l2/octal2_l4/plain1_l2 — LITERAL-pinned parse forms, symbolic remainder; accept+reject verdicts, 22P02 sqlstate/level parity, decoded length + full image bytes per cell; modulo static-buffer allocator model; hex "\x" arm fenced — delegates hex_decode, proved in proofs/bytea-varbit) + wall(symbolic-len verdict harness AND every assume-pinned cell: CNF — unit segmentation is content-dependent; 450s both solvers)	ladder	71-97s default per cell; DURABLE re-confirm: assume-pins NEVER fold, only literal pins prune (assume-pinned l2 walls where literal bs_l2 proves 71s); eq_byteain_esc_verdict kept live for a high-mem/long-tier retry; proofs/bytea-cmp (varbit W10 continuation 2026-07-30)
1245	charin	crates/backend/utils/adt/char/src/builtins.rs	proved(cstr len<=4; 8-bit datum-value parity)	fast	0.97s; proofs/char; fleet FAIL = shim widening artifact (fixed)
1246	charlt	crates/backend/utils/adt/char/src/builtins.rs	proved(full-i8xi8, wrapper-level)	fast	0.1-0.2s; unsigned-compare comment claim machine-checked; proofs/scalar-misc
1250	unique_key_recheck	crates/backend/commands/constraint_cmd/src/lib.rs	excluded(state)	-	constraint catalog state
1251	int4abs	crates/backend/utils/adt/int/src/builtins.rs	proved(full domain; value+verdict+sqlstate 22003)	fast	0.4-1s; proofs/int-arith
1252	nameregexne	crates/backend/utils/adt/regexp/src/builtins.rs	tested(differential: regexp_diff fleet 3.65M execs / 25.8 CPU-h fork=15 @325985a437 (24h-CPU floor), 0 wrapper-plane div; planes value+verdict+errcode + fc plane; oracle = verbatim 18.3 regexp.c + vendored Spencer engine, UTF8 + C collation; carve: RE cache, RE2/engine-GUC dispatch, SRF shells -> exception rows)	fuzz-only	p1-laneag 2026-07-31 job pgrust-fuzz-campaign-1785535304-795f-37663 (evidence fuzz/fleet-evidence/regexp_diff-1785535304 - runner slow-unit-triage defect kept stats.json from S3; pod-extracted artifacts are the record) + local 207k smoke + exhaustive parse_re_flags sweep (65,281 len<=2 + 100k len<=4); prior verdict excluded(engine); ENGINE findings routed to regex/regex_core (p1-lanew): REG_ETOOBIG false-too-complex (docker-ground-truthed, witness test known_etoobig_divergence_repro), debug_asserts regex_compile.rs:2821/2163 fire on fuzz patterns, rstacktoodeep()=0 stack-overflow, engine compile OOMs
1253	int2abs	crates/backend/utils/adt/int/src/builtins.rs	proved(full domain; value+verdict+sqlstate 22003)	fast	0.4-1s; proofs/int-arith
1254	textregexeq	crates/backend/utils/adt/regexp/src/builtins.rs	tested(differential: regexp_diff fleet 3.65M execs / 25.8 CPU-h fork=15 @325985a437 (24h-CPU floor), 0 wrapper-plane div; planes value+verdict+errcode + fc plane; oracle = verbatim 18.3 regexp.c + vendored Spencer engine, UTF8 + C collation; carve: RE cache, RE2/engine-GUC dispatch, SRF shells -> exception rows)	fuzz-only	p1-laneag 2026-07-31 job pgrust-fuzz-campaign-1785535304-795f-37663 (evidence fuzz/fleet-evidence/regexp_diff-1785535304 - runner slow-unit-triage defect kept stats.json from S3; pod-extracted artifacts are the record) + local 207k smoke + exhaustive parse_re_flags sweep (65,281 len<=2 + 100k len<=4); prior verdict excluded(engine); ENGINE findings routed to regex/regex_core (p1-lanew): REG_ETOOBIG false-too-complex (docker-ground-truthed, witness test known_etoobig_divergence_repro), debug_asserts regex_compile.rs:2821/2163 fire on fuzz patterns, rstacktoodeep()=0 stack-overflow, engine compile OOMs
1256	textregexne	crates/backend/utils/adt/regexp/src/builtins.rs	tested(differential: regexp_diff fleet 3.65M execs / 25.8 CPU-h fork=15 @325985a437 (24h-CPU floor), 0 wrapper-plane div; planes value+verdict+errcode + fc plane; oracle = verbatim 18.3 regexp.c + vendored Spencer engine, UTF8 + C collation; carve: RE cache, RE2/engine-GUC dispatch, SRF shells -> exception rows)	fuzz-only	p1-laneag 2026-07-31 job pgrust-fuzz-campaign-1785535304-795f-37663 (evidence fuzz/fleet-evidence/regexp_diff-1785535304 - runner slow-unit-triage defect kept stats.json from S3; pod-extracted artifacts are the record) + local 207k smoke + exhaustive parse_re_flags sweep (65,281 len<=2 + 100k len<=4); prior verdict excluded(engine); ENGINE findings routed to regex/regex_core (p1-lanew): REG_ETOOBIG false-too-complex (docker-ground-truthed, witness test known_etoobig_divergence_repro), debug_asserts regex_compile.rs:2821/2163 fire on fuzz patterns, rstacktoodeep()=0 stack-overflow, engine compile OOMs
1257	textlen	crates/backend/utils/adt/varlena/src/builtins.rs	proved(len<=8 per-encoding: LATIN1 + UTF8 incl ascii_run SWAR fast path in-theorem)	slow	1.3s latin1 / 419.6s utf8 (calibration, under load); len<=8 fully symbolic; enc fence {UTF8,LATIN1}; C-collation; inline images; wrapper-level (LocalFcinfo); value+verdict+sqlstate-class parity; modulo static-buffer allocator model; proofs/text-slice
1258	textcat	crates/backend/utils/adt/varlena/src/builtins.rs	wall(SAT/memory; symex completes 35-108s; both solvers; result-image (check_bytes) subfamily — scalar-verdict proves, image-compare walls; measured under multi-agent load, idle rerun owed) + tested(differential: fleet 10M-exec/target campaigns 2026-07-31 — vltext_diff job 1785485266, vlbytea_diff job 1785485273, vlmisc_diff jobs 1785485279+1785485968 — value+verdict+sqlstate planes, 0 divergences; corpus banked fuzz/corpus/)	wall	LATIN1/bytea arms SAT residue >490-560s, UTF8 arms >6GiB RSS; clamp arithmetic witnessed reachable by green cover; proofs/text-slice
1265	tidne	crates/backend/utils/adt/scalar/src/builtins.rs	proved(full symbolic ItemPointer triples, wrapper-level)	fast	0.2s; block-id composition in-theorem; proofs/scalar-misc
1267	cidr_in	crates/backend/utils/adt/network/src/builtins.rs	excluded(wall: parse cascade) + divergence(candidate 2026-07-31 p1-lanen: C v4 /masklen digit loop accumulates signed int with NO overflow check (UB wrap) — digit strings whose value > i32::MAX can wrap into [0,32] and be ACCEPTED; ground-truthed docker postgres:18.3: '0.0.0.1/<50z>18446744073709551615'::cidr -> 0.0.0.1/32, '1.2.3.4/...4294967328'::inet -> 1.2.3.4; pgrust saturates + rejects 22P02 (pton.rs:157 — its 'same rejections' comment is WRONG, stale-mechanism class); = row-436 macaddr sscanf-wrap class, rejection expected to ratify; repro fuzz/artifacts-triage/network_diff/crash-e128bffa*, seed-cidrin-wrap-e128bffa; fuzz plane carve = wrap zone only, Rust must still reject)	-	= 910 + address_ok bits-right-of-mask check
1268	parse_ident	crates/backend/utils/adt/adt_misc/src/builtins.rs	excluded(state)	-	GetDatabaseEncoding session state
1269	pg_column_size	crates/backend/utils/adt/varlena/src/builtins.rs	candidate	fast	fc builtins.rs:817 -> detoast::toast_datum_size detoast/src/lib.rs:444 pure header bit-tests; stub cached_arg_typlen seam symbolic {-2,-1,>0}; fence indirect/expanded arms. Host new proofs/toast-hdr
1271	overlaps_timetz	crates/backend/utils/adt/adt_date/src/builtins.rs	proved(contract-fenced values/zones x full null cube; fence = -fwrapv-unreachable)	slow	235.9s kissat release-gate (default WALLS — inversion); proofs/datetime-b lane D
1272	datetime_timestamp	crates/backend/utils/adt/adt_date/src/builtins.rs	proved(date fence x time contract; END-boundary err arm reachable+covered)	fast	7.2s; proofs/datetime-b lane D
1273	timetz_part	crates/backend/utils/adt/adt_date/src/builtins.rs	proved(tz-arm cells: DTK_TZ full-symbolic zone + nonzero-time spot; tz_hour/tz_minute ladder cells authored fleet-pending; time-field arms unharnessed)	ladder	eq_timetz_part_tz PROVED 7.0s default / spot_timetz_part_tz_time_nonzero PROVED 9.7s kissat 2026-07-30 (zone contract fence |zone|<57600, TLS stub pair); tz_hour (/3600) + tz_minute (/60 %60) cells authored in datetime-b, runqueue recipes, fleet-pending under load; time arms (timetz2tm band split) still to author
1274	int84pl	crates/backend/utils/adt/int8/src/builtins.rs	proved(full domain; value+verdict+sqlstate 22003, wrapper-level)	fast	0.4-0.5s; proofs/int-arith
1275	int84mi	crates/backend/utils/adt/int8/src/builtins.rs	proved(full domain; value+verdict+sqlstate 22003, wrapper-level)	fast	0.4-0.5s; proofs/int-arith
1276	int84mul	crates/backend/utils/adt/int8/src/builtins.rs	proved(FULL symbolic domain incl 64x64; value+verdict+sqlstate)	fast	1-8s kissat+noreach; predecessor wall = drop-glue artifact; proofs/int-arith
1277	int84div	crates/backend/utils/adt/int8/src/builtins.rs	proved(b in {0,-1,+1} spots full-sym dividend: x/0 22012, INT_MIN/-1 22003, /-1==neg, %-1==0 all in-theorem; symbolic-divisor remainder wall)	fast	0.1-0.2s spots; proofs/int-arith
1278	int48pl	crates/backend/utils/adt/int8/src/builtins.rs	proved(full domain; value+verdict+sqlstate 22003, wrapper-level)	fast	0.4-0.5s; proofs/int-arith
1279	int48mi	crates/backend/utils/adt/int8/src/builtins.rs	proved(full domain; value+verdict+sqlstate 22003, wrapper-level)	fast	0.4-0.5s; proofs/int-arith
1280	int48mul	crates/backend/utils/adt/int8/src/builtins.rs	proved(FULL symbolic domain incl 64x64; value+verdict+sqlstate)	fast	1-8s kissat+noreach; predecessor wall = drop-glue artifact; proofs/int-arith
1281	int48div	crates/backend/utils/adt/int8/src/builtins.rs	proved(b in {0,-1,+1} spots full-sym dividend: x/0 22012, INT_MIN/-1 22003, /-1==neg, %-1==0 all in-theorem; symbolic-divisor remainder wall)	fast	0.1-0.2s spots; proofs/int-arith
1282	quote_ident	crates/backend/utils/adt/quote/src/builtins.rs	tested(differential: quote_diff fleet 10.0M execs 0 div, all planes value+fc-wrapper; guc quote_all_identifiers both values fuzzed; no error paths in family)	-	p1-laner 2026-07-31: job pgrust-fuzz-campaign-1785483167-15aa-98588; keyword-category boundary two-sided (shipped kwlist_d.h + tablesfam categories); cov 95.71% v2 (residual = 3 const-eval registration lines, exceptions.tsv)
1283	quote_literal	crates/backend/utils/adt/quote/src/builtins.rs	tested(differential: quote_diff fleet 10.0M execs 0 div, all planes value+fc-wrapper; guc quote_all_identifiers both values fuzzed; no error paths in family)	-	p1-laner 2026-07-31: job pgrust-fuzz-campaign-1785483167-15aa-98588; embedded-NUL in-domain (byte-oriented core); E-prefix + doubling arms seeded
1284	timestamptz_trunc_zone	crates/backend/utils/adt/adt_timestamp/src/builtins.rs	excluded(wall: tzdata seam + timestamp2tm) + tested(differential: timestamp_diff 10M fleet 0-div @ f1c54d927d, planes value+verdict+sqlstate+fc-wrapper+soft-error) (GMT + fixed offsets compared; tz-db carved)	-	lib.rs:1251
1286	array_fill_with_lower_bounds	crates/backend/utils/adt/arrayfuncs/src/builtins.rs	excluded(typcache)	-	element typcache/fmgr dispatch
1287	i8tooid	crates/backend/utils/adt/int8/src/builtins.rs	proved(full-i64; value+verdict+sqlstate 22003)	fast	0.23s; both arms covered; proofs/int-arith
1288	oidtoi8	crates/backend/utils/adt/int8/src/builtins.rs	proved(full-u32; wrapper-level)	fast	0.10s; proofs/int-arith
1289	quote_nullable	crates/backend/utils/adt/quote/src/builtins.rs	tested(differential: quote_diff fleet 10.0M execs 0 div, all planes value+fc-wrapper; guc quote_all_identifiers both values fuzzed; no error paths in family)	-	quote/src/builtins.rs:22; only own content = argisnull->"NULL" arm; fold as addendum on quote lane; p1-laner 2026-07-31: NULL arm + value arm fuzzed via fc_quote_nullable (quote_diff arm 2), job pgrust-fuzz-campaign-1785483167-15aa-98588 — prior excluded(wall: result-image; rides quote lane) RESOLVED by that lane landing
1291	suppress_redundant_updates_trigger	crates/backend/utils/adt/trigfuncs/src/lib.rs	excluded(state: TriggerData/heap tuple)	-	trigfuncs/src/lib.rs:27
1292	tideq	crates/backend/utils/adt/scalar/src/builtins.rs	proved(full symbolic ItemPointer triples, wrapper-level)	fast	0.2s; block-id composition in-theorem; proofs/scalar-misc
1293	unnest	crates/backend/utils/adt/multirangetypes/src/builtins.rs	excluded(SRF: multirange_unnest: set-returning, multi_call SRF machinery)	-	multirange typcache + subtype fmgr
1294	currtid_byrelname	crates/backend/utils/adt/scalar/src/builtins.rs	excluded(state)	-	relation-by-name open + catalog lookup + heap access (currtid_internal)
1295	interval_justify_days	crates/backend/utils/adt/adt_date/src/builtins.rs	proved(full (i64,i32,i32); day/30 divider + sign fixup + month-add overflow Err parity in-theorem; modulo static-buffer allocator model)	slow	20.9s kissat under load, release-gate; proofs/datetime-cmp
1297	datetimetz_timestamptz	crates/backend/utils/adt/adt_date/src/builtins.rs	proved(date/time/zone contract fences; pure arithmetic, no tz lookup)	fast	4.1s; proofs/datetime-b lane D
1299	now	crates/backend/utils/adt/adt_timestamp/src/builtins.rs	excluded(state: xact timestamp)	-	builtins.rs:127
1304	overlaps_timestamp	crates/backend/utils/adt/adt_timestamp/src/builtins.rs	proved(full 4xi64 x full null-cube, incl fcinfo null protocol; SQL-spec 13-arm null logic machine-checked)	fast	1.4s; proofs/datetime-cmp wave7
1308	overlaps_time	crates/backend/utils/adt/adt_date/src/builtins.rs	proved(full 4xi64 x null cube through real fcinfo null protocol)	fast	1.1s; proofs/datetime-b lane D
1312	timestamp_in	crates/backend/utils/adt/adt_timestamp/src/builtins.rs	excluded(wall: parse cascade) + tested(differential: timestamp_diff 10M fleet 0-div @ f1c54d927d, planes value+verdict+sqlstate+fc-wrapper+soft-error)	-	lib.rs:291
1313	timestamp_out	crates/backend/utils/adt/adt_timestamp/src/builtins.rs	excluded(wall: timestamp2tm + image) + tested(differential: timestamp_diff 10M fleet 0-div @ f1c54d927d, planes value+verdict+sqlstate+fc-wrapper+soft-error)	-	lib.rs:307
1314	timestamp_cmp	crates/backend/utils/adt/adt_timestamp/src/builtins.rs	proved(full-i64xi64, incl fmgr wrapper)	fast	0.1s; tz rows share fc_timestamp_* registration (verified); proofs/datetime-cmp
1315	interval_cmp	crates/backend/utils/adt/adt_date/src/builtins.rs	proved(m==0-plane full; |d|,|m|<=1000 band full-time; MIN/MAX spots; remainder wall)	sloped-wall	wrapper-level, totality proved as side condition; proofs/interval-cmp
1316	timestamp_time	crates/backend/utils/adt/adt_date/src/builtins.rs	excluded(wall: timestamp2tm)	-	lib.rs:700
1317	textlen	crates/backend/utils/adt/varlena/src/builtins.rs	proved(len<=8 per-encoding, rides 1257 harnesses)	slow	len<=8 fully symbolic; enc fence {UTF8,LATIN1}; C-collation; inline images; wrapper-level (LocalFcinfo); value+verdict+sqlstate-class parity; modulo static-buffer allocator model; proofs/text-slice
1318	bpcharlen	crates/backend/utils/adt/varchar/src/builtins.rs	proved(latin1 len<=8; utf8 arm wall(timeout-450s, load=19-25) fleet-bound)	fast	eq_bpcharlen_latin1 kissat 8.9s (bpchartruelen trim + mbstrlen, fc wrapper); eq_bpcharlen_utf8 authored+codegen-green, 2x local timeout under saturation -> fleet runner; host proofs/oracle-compat (c/pg_varchar.c rig; control_varchar_clip_skew fired right-reason 2.4s + cover_varchar_regimes 6/6 SATISFIED 49.3s, 2026-07-30)
1319	xideq	crates/backend/utils/adt/scalar/src/builtins.rs	proved(full-u32xu32, wrapper-level)	fast	0.12s; eq-only, modular ordering out of scope; proofs/scalar-misc
1326	interval_div	crates/backend/utils/adt/adt_date/src/builtins.rs	excluded(wall: symbolic f64 ÷ factor x4 + ts_round)	-	interval.rs:518; slice: factor==0/NaN/±inf lattice only
1339	dlog10	crates/backend/utils/adt/float/src/builtins.rs	tested(differential: coverage-guided 68.5M + 10M/fn sampler, 0 diffs; libm-parity per host libm, fp-contract carve noted)	ladder	alias of 1194 (builtins.rs:561); prior verdict blocked(seam:libm-oracle, error-plane only) — fuzz-float-math campaign 2026-07-30 (379M total cases, three-way exact: bits/error-presence/errcode class)
1340	dlog10	crates/backend/utils/adt/float/src/builtins.rs	tested(differential: coverage-guided 68.5M + 10M/fn sampler, 0 diffs; libm-parity per host libm, fp-contract carve noted)	ladder	alias of 1194 (builtins.rs:562); prior verdict blocked(seam:libm-oracle, error-plane only) — fuzz-float-math campaign 2026-07-30 (379M total cases, three-way exact: bits/error-presence/errcode class)
1341	dlog1	crates/backend/utils/adt/float/src/builtins.rs	tested(differential: coverage-guided 68.5M + 10M/fn sampler, 0 diffs; libm-parity per host libm, fp-contract carve noted)	ladder	alias of 234 (builtins.rs:563); prior verdict blocked(seam:libm-oracle, error-plane only) — fuzz-float-math campaign 2026-07-30 (379M total cases, three-way exact: bits/error-presence/errcode class)
1342	dround	crates/backend/utils/adt/float/src/builtins.rs	proved(full-f64 incl NaN payloads; wrapper-level)	fast	fleet-banked <=10s; proofs/float-arith
1343	dtrunc	crates/backend/utils/adt/float/src/builtins.rs	proved(full-f64; wrapper-level)	fast	fleet-banked; proofs/float-arith
1344	dsqrt	crates/backend/utils/adt/float/src/builtins.rs	proved(16-special grid; NaN + SUBNORMAL cells classification-only in-model, pinned natively bit-exact — CBMC sqrt model mis-rounds subnormals)	ladder	37.8s kissat post-carve; tests/dsqrt_grid_native.rs is payload coverage of record; proofs/float-arith
1345	dcbrt	crates/backend/utils/adt/float/src/builtins.rs	tested(differential: coverage-guided 68.5M + 10M/fn sampler, 0 diffs; libm-parity per host libm, fp-contract carve noted)	-	proofs/float-arith screen; prior verdict blocked(libm — binds C libm; libm-oracle seam lane) — fuzz-float-math campaign 2026-07-30 (379M total cases, three-way exact: bits/error-presence/errcode class)
1346	dpow	crates/backend/utils/adt/float/src/builtins.rs	tested(differential: coverage-guided 68.5M + 10M/fn sampler, 0 diffs; libm-parity per host libm, fp-contract carve noted)	ladder	alias of 232 (builtins.rs:568); prior verdict blocked(seam:libm-oracle, special-value lattice + error-plane) — fuzz-float-math campaign 2026-07-30 (379M total cases, three-way exact: bits/error-presence/errcode class)
1347	dexp	crates/backend/utils/adt/float/src/builtins.rs	tested(differential: coverage-guided 68.5M + 10M/fn sampler, 0 diffs; libm-parity per host libm, fp-contract carve noted)	ladder	alias of 233 (builtins.rs:569); prior verdict blocked(seam:libm-oracle, error-plane only) — fuzz-float-math campaign 2026-07-30 (379M total cases, three-way exact: bits/error-presence/errcode class)
1350	timetz_in	crates/backend/utils/adt/adt_date/src/builtins.rs	excluded(wall: parse cascade)	-	lib.rs:730
1351	timetz_out	crates/backend/utils/adt/adt_date/src/builtins.rs	excluded(wall: timetz2tm + image)	-	lib.rs:763
1352	timetz_eq	crates/backend/utils/adt/adt_date/src/builtins.rs	proved(full-i64xi32 fenced -fwrapv-unreachable + contract domain, incl fmgr wrapper)	fast	1.5-5.7s; proofs/datetime-cmp
1353	timetz_ne	crates/backend/utils/adt/adt_date/src/builtins.rs	proved(full-i64xi32 fenced -fwrapv-unreachable + contract domain, incl fmgr wrapper)	fast	1.5-5.7s; proofs/datetime-cmp
1354	timetz_lt	crates/backend/utils/adt/adt_date/src/builtins.rs	proved(full-i64xi32 fenced -fwrapv-unreachable + contract domain, incl fmgr wrapper)	fast	1.5-5.7s; proofs/datetime-cmp
1355	timetz_le	crates/backend/utils/adt/adt_date/src/builtins.rs	proved(full-i64xi32 fenced -fwrapv-unreachable + contract domain, incl fmgr wrapper)	fast	1.5-5.7s; proofs/datetime-cmp
1356	timetz_ge	crates/backend/utils/adt/adt_date/src/builtins.rs	proved(full-i64xi32 fenced -fwrapv-unreachable + contract domain, incl fmgr wrapper)	fast	1.5-5.7s; proofs/datetime-cmp
1357	timetz_gt	crates/backend/utils/adt/adt_date/src/builtins.rs	proved(full-i64xi32 fenced -fwrapv-unreachable + contract domain, incl fmgr wrapper)	fast	1.5-5.7s; proofs/datetime-cmp
1358	timetz_cmp	crates/backend/utils/adt/adt_date/src/builtins.rs	proved(full-i64xi32 fenced -fwrapv-unreachable + contract domain, incl fmgr wrapper)	fast	1.5-5.7s; proofs/datetime-cmp
1359	datetimetz_timestamptz	crates/backend/utils/adt/adt_date/src/builtins.rs	proved(same as 1297)	fast	4.1s; proofs/datetime-b lane D
1362	network_hostmask	crates/backend/utils/adt/network/src/builtins.rs	proved(core-level; full output struct)	fast	re-verified this sweep; proofs/network
1364	textregexeq_support	crates/backend/utils/adt/like/src/builtins.rs	tested(differential: like_diff fc NULL-tag plane, fleet 10M 0 div; Selectivity/IndexCondition legs = planner closed-set panic guard, exception rows builtins.rs:158-161)	fuzz-only	p1-laneag 2026-07-31 job pgrust-fuzz-campaign-1785518588-7871-24553; prior verdict excluded(engine); coverage 100% in-scope (fuzz+394 exception rows)
1365	makeaclitem	crates/backend/utils/adt/acl/src/builtins.rs	proved(bit-assembly core; priv-string parse + palloc out)	seam	0.05s; proofs/state-seam-probe
1367	bpcharlen	crates/backend/utils/adt/varchar/src/builtins.rs	proved(latin1 len<=8; utf8 arm wall(timeout-450s, load=19-25) fleet-bound)	fast	eq_bpcharlen_latin1 kissat 8.9s (bpchartruelen trim + mbstrlen, fc wrapper); eq_bpcharlen_utf8 authored+codegen-green, 2x local timeout under saturation -> fleet runner; host proofs/oracle-compat (c/pg_varchar.c rig; control_varchar_clip_skew fired right-reason 2.4s + cover_varchar_regimes 6/6 SATISFIED 49.3s, 2026-07-30)
1368	dpow	crates/backend/utils/adt/float/src/builtins.rs	tested(differential: coverage-guided 68.5M + 10M/fn sampler, 0 diffs; libm-parity per host libm, fp-contract carve noted)	ladder	alias of 232 (builtins.rs:570); prior verdict blocked(seam:libm-oracle, special-value lattice + error-plane) — fuzz-float-math campaign 2026-07-30 (379M total cases, three-way exact: bits/error-presence/errcode class)
1369	textlen	crates/backend/utils/adt/varlena/src/builtins.rs	proved(len<=8 per-encoding, rides 1257 harnesses)	slow	len<=8 fully symbolic; enc fence {UTF8,LATIN1}; C-collation; inline images; wrapper-level (LocalFcinfo); value+verdict+sqlstate-class parity; modulo static-buffer allocator model; proofs/text-slice
1370	time_interval	crates/backend/utils/adt/adt_date/src/builtins.rs	proved(full-i64; by-ref result modulo allocator model)	fast	1.1s; proofs/datetime-b lane D
1371	pg_lock_status	crates/backend/utils/adt/lockfuncs/src/lib.rs	excluded(state)	-	lock-manager shared state
1372	bpcharlen	crates/backend/utils/adt/varchar/src/builtins.rs	proved(latin1 len<=8; utf8 arm wall(timeout-450s, load=19-25) fleet-bound)	fast	eq_bpcharlen_latin1 kissat 8.9s (bpchartruelen trim + mbstrlen, fc wrapper); eq_bpcharlen_utf8 authored+codegen-green, 2x local timeout under saturation -> fleet runner; host proofs/oracle-compat (c/pg_varchar.c rig; control_varchar_clip_skew fired right-reason 2.4s + cover_varchar_regimes 6/6 SATISFIED 49.3s, 2026-07-30)
1373	date_finite	crates/backend/utils/adt/adt_date/src/builtins.rs	proved(full-i32, wrapper-level)	fast	0.21s; proofs/datetime-b lane D
1374	textoctetlen	crates/backend/utils/adt/varlena/src/builtins.rs	proved(len<=8; symbolic encoding selector)	fast	1.6s; len<=8 fully symbolic; enc fence {UTF8,LATIN1}; C-collation; inline images; wrapper-level (LocalFcinfo); value+verdict+sqlstate-class parity; modulo static-buffer allocator model; proofs/text-slice
1375	bpcharoctetlen	crates/backend/utils/adt/varchar/src/builtins.rs	proved(len<=8 sym varlena; fc wrapper)	fast	kissat 1.1s eq_bpcharoctetlen; encoding-insensitive; host proofs/oracle-compat (c/pg_varchar.c rig; control_varchar_clip_skew fired right-reason 2.4s + cover_varchar_regimes 6/6 SATISFIED 49.3s, 2026-07-30)
1376	factorial	crates/backend/utils/adt/numeric/src/builtins.rs	tested(differential: numeric_io_diff+numeric_ops_diff 10M+10.05M fleet execs 0-div @398465c499, planes value-image+verdict+sqlstate; jobs -67307/-51880 2026-07-31)	-	numeric_fac math.rs:1319 — while n>1 mul_var; unbounded unwind | prior: excluded(wall: data-dependent mul_var loop, n up to 32177)
1377	time_larger	crates/backend/utils/adt/adt_date/src/builtins.rs	proved(full domain, wrapper-level)	fast	0.07s; proofs/datetime-cmp
1378	time_smaller	crates/backend/utils/adt/adt_date/src/builtins.rs	proved(full domain, wrapper-level)	fast	0.07s; proofs/datetime-cmp
1379	timetz_larger	crates/backend/utils/adt/adt_date/src/builtins.rs	proved(fenced non-overflow, winning-input-datum identity)	fast	2.5-2.8s; proofs/datetime-cmp
1380	timetz_smaller	crates/backend/utils/adt/adt_date/src/builtins.rs	proved(fenced non-overflow, winning-input-datum identity)	fast	2.5-2.8s; proofs/datetime-cmp
1381	textlen	crates/backend/utils/adt/varlena/src/builtins.rs	proved(len<=8 per-encoding, rides 1257 harnesses)	slow	len<=8 fully symbolic; enc fence {UTF8,LATIN1}; C-collation; inline images; wrapper-level (LocalFcinfo); value+verdict+sqlstate-class parity; modulo static-buffer allocator model; proofs/text-slice
1385	time_part	crates/backend/utils/adt/adt_date/src/builtins.rs	excluded(wall: every arm routes through the time2tm divider chain; float arms /1e3,/1e6 = 53-bit; no pure-arithmetic literal cell exists)	-	proofs/datetime-b lane D
1387	pg_get_constraintdef	crates/backend/utils/adt/ruleutils/src/builtins.rs	excluded(state)	-	catalog deparse machinery
1388	timestamptz_timetz	crates/backend/utils/adt/adt_date/src/builtins.rs	excluded(wall: timestamp2tm)	-	lib.rs:811
1389	timestamp_finite	crates/backend/utils/adt/adt_timestamp/src/builtins.rs	proved(full-i64, incl fmgr wrapper)	fast	0.16s; proofs/datetime-cmp wave7
1390	interval_finite	crates/backend/utils/adt/adt_date/src/builtins.rs	proved(full (i64,i32,i32), wrapper-level by-ref arg)	fast	0.4s; proofs/datetime-b lane D
1391	pg_stat_get_backend_start	crates/backend/utils/adt/pgstatfuncs/src/lib.rs	excluded(state)	-	pg_stat shared-memory/catalog reads
1392	pg_stat_get_backend_client_addr	crates/backend/utils/adt/pgstatfuncs/src/lib.rs	excluded(state)	-	pg_stat shared-memory/catalog reads
1393	pg_stat_get_backend_client_port	crates/backend/utils/adt/pgstatfuncs/src/lib.rs	excluded(state)	-	pg_stat shared-memory/catalog reads
1394	float4abs	crates/backend/utils/adt/float/src/builtins.rs	proved(full-domain bit-exact, wrapper-level)	fast	0.1s; proofs/float-arith
1395	float8abs	crates/backend/utils/adt/float/src/builtins.rs	proved(full-domain bit-exact, wrapper-level)	fast	0.1s; proofs/float-arith
1396	int8abs	crates/backend/utils/adt/int8/src/builtins.rs	proved(full domain; value+verdict+sqlstate 22003)	fast	0.4-1s; proofs/int-arith
1397	int4abs	crates/backend/utils/adt/int/src/builtins.rs	proved(full domain; value+verdict+sqlstate 22003)	fast	0.4-1s; proofs/int-arith
1398	int2abs	crates/backend/utils/adt/int/src/builtins.rs	proved(full domain; value+verdict+sqlstate 22003)	fast	0.4-1s; proofs/int-arith
1400	text_name	crates/backend/utils/adt/name/src/builtins.rs	proved(sym len<=71)	fast	1.6s; proofs/name-ascii
1401	name_text	crates/backend/utils/adt/name/src/builtins.rs	proved(payload)	fast	4.2s; proofs/name-ascii
1402	current_schema	crates/backend/utils/adt/name/src/builtins.rs	excluded(state: fetch_search_path + get_namespace_name)	-	name/src/lib.rs:220
1403	current_schemas	crates/backend/utils/adt/name/src/builtins.rs	excluded(state + blocked: array-builder)	-	lib.rs:234 + construct_array
1404	textoverlay	crates/backend/utils/adt/varlena/src/builtins.rs	excluded(wall: result-image) + tested(differential: fleet 10M-exec/target campaigns 2026-07-31 — vltext_diff job 1785485266, vlbytea_diff job 1785485273, vlmisc_diff jobs 1785485279+1785485968 — value+verdict+sqlstate planes, 0 divergences; corpus banked fuzz/corpus/)	-	builtins.rs:713 text_substring x2 + concat (text-slice measured wall class)
1405	textoverlay_no_len	crates/backend/utils/adt/varlena/src/builtins.rs	excluded(wall: result-image) + tested(differential: fleet 10M-exec/target campaigns 2026-07-31 — vltext_diff job 1785485266, vlbytea_diff job 1785485273, vlmisc_diff jobs 1785485279+1785485968 — value+verdict+sqlstate planes, 0 divergences; corpus banked fuzz/corpus/)	-	same body
1406	point_vert	crates/backend/utils/adt/geo/src/builtins.rs	proved(full f64 domain incl NaN payloads/±Inf/±0/subnormals; EPSILON fuzzy forms in-theorem; wrapper-level by-ref)	fast	0.8-30s; proofs/geo-cmp
1407	point_horiz	crates/backend/utils/adt/geo/src/builtins.rs	proved(full f64 domain incl NaN payloads/±Inf/±0/subnormals; EPSILON fuzzy forms in-theorem; wrapper-level by-ref)	fast	0.8-30s; proofs/geo-cmp
1408	lseg_parallel	crates/backend/utils/adt/geo/src/builtins.rs	proved(8x8 slope grid incl concrete divide arm, FPeq slope band, Inf/NaN; dual FPeq-arms fence WALL)	fast	8.1-8.8s; wrapper-level by-ref, full f64 domain incl NaN/Inf/±0/subnormals unless sliced; proofs/geo-cmp ext; NAN shim pinned canonical (CBMC NAN model defect, native-replayed)
1409	lseg_perp	crates/backend/utils/adt/geo/src/builtins.rs	proved(8x8 slope grid incl concrete divide arm, FPeq slope band, Inf/NaN; dual FPeq-arms fence WALL)	fast	8.1-8.8s; wrapper-level by-ref, full f64 domain incl NaN/Inf/±0/subnormals unless sliced; proofs/geo-cmp ext; NAN shim pinned canonical (CBMC NAN model defect, native-replayed)
1410	lseg_vertical	crates/backend/utils/adt/geo/src/builtins.rs	proved(full f64)	fast	3.4s; wrapper-level by-ref, full f64 domain incl NaN/Inf/±0/subnormals unless sliced; proofs/geo-cmp ext; NAN shim pinned canonical (CBMC NAN model defect, native-replayed)
1411	lseg_horizontal	crates/backend/utils/adt/geo/src/builtins.rs	proved(full f64)	fast	3.4s; wrapper-level by-ref, full f64 domain incl NaN/Inf/±0/subnormals unless sliced; proofs/geo-cmp ext; NAN shim pinned canonical (CBMC NAN model defect, native-replayed)
1412	line_parallel	crates/backend/utils/adt/geo/src/builtins.rs	excluded(wall: 53-bit)	-	line.rs:64; even early test = symbolic divide feeding multiply
1413	line_perp	crates/backend/utils/adt/geo/src/builtins.rs	proved(4 early arms full-sym + 10x10 concrete grid incl general-ratio/error lattice)	fast	0.7-5.7s; proofs/geo-cmp ext2 relaunch 2026-07-29
1414	line_vertical	crates/backend/utils/adt/geo/src/builtins.rs	proved(full f64)	fast	0.36s; proofs/geo-cmp ext2 relaunch 2026-07-29
1415	line_horizontal	crates/backend/utils/adt/geo/src/builtins.rs	proved(full f64)	fast	0.38s; proofs/geo-cmp ext2 relaunch 2026-07-29
1416	circle_center	crates/backend/utils/adt/geo/src/builtins.rs	proved(full, core; wrapper ride = result-mcx palloc)	fast	0.03s; wrapper-level by-ref, full f64 domain incl NaN/Inf/±0/subnormals unless sliced; proofs/geo-cmp ext; NAN shim pinned canonical (CBMC NAN model defect, native-replayed)
1419	interval_time	crates/backend/utils/adt/adt_date/src/builtins.rs	wall(band-immune loop-free %USECS_PER_DAY; 300s both solvers) + proved(err-plane full + 12-cell spot grid) + tested(differential 2M incl edges, 0 mismatches)	wall	proofs/datetime-b lane D
1421	points_box	crates/backend/utils/adt/geo/src/builtins.rs	proved(full-sym by-ref image, modulo allocator model)	slow	46-55s; proofs/geo-cmp ext2 relaunch 2026-07-29
1422	box_add	crates/backend/utils/adt/geo/src/builtins.rs	proved(full-sym, Err value+sqlstate parity)	slow	178s kissat; proofs/geo-cmp ext2 relaunch 2026-07-29
1423	box_sub	crates/backend/utils/adt/geo/src/builtins.rs	proved(full-sym, Err value+sqlstate parity)	slow	184s kissat; proofs/geo-cmp ext2 relaunch 2026-07-29
1424	box_mul	crates/backend/utils/adt/geo/src/builtins.rs	proved(8 literal +-pow2/zero/Inf/NaN multiplier cells x fully-sym box, verdict-only Err per Kani Box defect; sym-index plane path-explodes; general arm = 53-bit wall)	slow	46-391s mixed solvers; proofs/geo-cmp ext2 relaunch 2026-07-29
1425	box_div	crates/backend/utils/adt/geo/src/builtins.rs	proved(8 literal multiplier cells x fully-sym box, verdict-only Err; general 53-bit wall)	slow	46-391s; proofs/geo-cmp ext2 relaunch 2026-07-29
1427	cidr_out	crates/backend/utils/adt/network/src/builtins.rs	excluded(wall: result-image)	-	= 911 + '/' + write_decimal tail
1428	poly_contain_pt	crates/backend/utils/adt/geo/src/builtins.rs	candidate	ladder	point_inside lib.rs:306 + lseg_crossing lib.rs:341; add/sub + sign/FPzero arms green -> per-n cells (n=3,4) with z-multiply arm fenced (or one-symbolic-index vertex grid); full-symbolic z arm wall
1429	pt_contained_poly	crates/backend/utils/adt/geo/src/builtins.rs	candidate	ladder	identical core, arg order; marginal minutes
1430	path_isclosed	crates/backend/utils/adt/geo/src/builtins.rs	proved(full-i32 closed word, npts 0..=3; nonzero-is-true parity in-theorem)	fast	12.7s kissat; proofs/geo-cmp ext3 2026-07-30
1431	path_isopen	crates/backend/utils/adt/geo/src/builtins.rs	proved(full-i32 closed word, npts 0..=3)	fast	12.7s kissat; proofs/geo-cmp ext3 2026-07-30
1432	path_npoints	crates/backend/utils/adt/geo/src/builtins.rs	proved(npts 0..=3 symbolic; varlena decode in-theorem)	fast	12.8s kissat; proofs/geo-cmp ext3 2026-07-30
1433	path_close	crates/backend/utils/adt/geo/src/builtins.rs	tested(differential: geo_ops_diff conv arm, whole PATH varlena image vs vendored 18.3 geo_ops.c:1626, fleet 10M execs 0 div)	-	p1-geo-inc3 2026-08-01 job pgrust-fuzz-campaign-1785571714-1753-61524 @0b37fec628; prior verdict blocked(slice-core: io::path_image takes Mcx+PgVec)
1434	path_open	crates/backend/utils/adt/geo/src/builtins.rs	tested(differential: geo_ops_diff conv arm, whole PATH varlena image vs vendored 18.3 geo_ops.c:1636, fleet 10M execs 0 div)	-	p1-geo-inc3 2026-08-01 job pgrust-fuzz-campaign-1785571714-1753-61524 @0b37fec628; prior verdict blocked(slice-core: io::path_image)
1435	path_add	crates/backend/utils/adt/geo/src/builtins.rs	tested(differential: geo_ops_diff conv arm + path_add_ovf guard kernel, whole PATH image + closed-NULL + 54000 guard vs vendored 18.3 geo_ops.c:4344, fleet 10M execs 0 div)	-	p1-geo-inc3 2026-08-01 job pgrust-fuzz-campaign-1785571714-1753-61524 @0b37fec628; FIX path.rs path_add_checks: usize arithmetic never wrapped on 64-bit so the int32 guard was dead — now mirrors C exactly (SQL-unreachable region; kernel witnesses both directions); prior verdict excluded(wall: CNF width)
1436	path_add_pt	crates/backend/utils/adt/geo/src/builtins.rs	tested(differential: geo_ops_diff conv arm, whole PATH image incl 22003 overflow plane vs vendored 18.3 geo_ops.c:4392, fleet 10M execs 0 div)	-	p1-geo-inc3 2026-08-01 job pgrust-fuzz-campaign-1785571714-1753-61524 @0b37fec628; prior verdict blocked(slice-core: path_image)
1437	path_sub_pt	crates/backend/utils/adt/geo/src/builtins.rs	tested(differential: geo_ops_diff conv arm, whole PATH image vs vendored 18.3 geo_ops.c:4408, fleet 10M execs 0 div)	-	p1-geo-inc3 2026-08-01 job pgrust-fuzz-campaign-1785571714-1753-61524 @0b37fec628; prior verdict blocked(slice-core: path_image)
1438	path_mul_pt	crates/backend/utils/adt/geo/src/builtins.rs	tested(differential: geo_ops_diff conv arm, whole PATH image vs vendored 18.3 geo_ops.c:4408, fleet 10M execs 0 div)	-	p1-geo-inc3 2026-08-01 job pgrust-fuzz-campaign-1785571714-1753-61524 @0b37fec628; prior verdict excluded(wall: 53-bit)
1439	path_div_pt	crates/backend/utils/adt/geo/src/builtins.rs	tested(differential: geo_ops_diff conv arm, whole PATH image vs vendored 18.3 geo_ops.c:4408, fleet 10M execs 0 div)	-	p1-geo-inc3 2026-08-01 job pgrust-fuzz-campaign-1785571714-1753-61524 @0b37fec628; prior verdict excluded(wall: 53-bit)
1440	construct_point	crates/backend/utils/adt/geo/src/builtins.rs	proved(full-sym by-ref image, modulo allocator model)	slow	46-55s; proofs/geo-cmp ext2 relaunch 2026-07-29
1441	point_add	crates/backend/utils/adt/geo/src/builtins.rs	proved(full, core; error lattice in-theorem)	fast	20-23s; wrapper-level by-ref, full f64 domain incl NaN/Inf/±0/subnormals unless sliced; proofs/geo-cmp ext; NAN shim pinned canonical (CBMC NAN model defect, native-replayed)
1442	point_sub	crates/backend/utils/adt/geo/src/builtins.rs	proved(full, core; error lattice in-theorem)	fast	20-23s; wrapper-level by-ref, full f64 domain incl NaN/Inf/±0/subnormals unless sliced; proofs/geo-cmp ext; NAN shim pinned canonical (CBMC NAN model defect, native-replayed)
1443	point_mul	crates/backend/utils/adt/geo/src/builtins.rs	proved(sym-index pow2plane + 10x10 grid)	slow	143s kissat + 45s; proofs/geo-cmp ext2 relaunch 2026-07-29
1444	point_div	crates/backend/utils/adt/geo/src/builtins.rs	proved(sym-index pow2plane + 10x10 grid; div sqlstate parity via native differential)	slow	187s default + 77s; proofs/geo-cmp ext2 relaunch 2026-07-29
1445	poly_npoints	crates/backend/utils/adt/geo/src/builtins.rs	proved(npts 0..=3 symbolic + full-sym boundbox; varlena decode in-theorem)	fast	3.6s kissat; proofs/geo-cmp ext3 2026-07-30
1446	poly_box	crates/backend/utils/adt/geo/src/builtins.rs	proved(full-sym boundbox by-ref BOX image, modulo static-buffer allocator model)	slow	84.1s kissat; proofs/geo-cmp ext3 2026-07-30
1447	poly_path	crates/backend/utils/adt/geo/src/builtins.rs	tested(differential: geo_ops_diff conv arm, whole PATH image vs vendored 18.3 geo_ops.c:4563, fleet 10M execs 0 div)	-	p1-geo-inc3 2026-08-01 job pgrust-fuzz-campaign-1785571714-1753-61524 @0b37fec628; prior verdict blocked(slice-core: path_image)
1448	box_poly	crates/backend/utils/adt/geo/src/builtins.rs	proved(full struct eq incl boundbox; fix/box-poly-boundbox copies input box like C box_construct instead of recomputing bound_box)	slow	kani VERIFIED 52s post-fix; native differential 6561-cell special-grid 320 -> 0 mismatches; e2e vs postgres:18 clean; witness tests/boxpoly_native.rs; fix/box-poly-boundbox b0521a1a31 2026-07-30
1449	path_poly	crates/backend/utils/adt/geo/src/builtins.rs	tested(differential: geo_ops_diff conv arm, whole POLYGON image + open-path 22023 plane vs vendored 18.3 geo_ops.c:4451, fleet 10M execs 0 div)	-	p1-geo-inc3 2026-08-01 job pgrust-fuzz-campaign-1785571714-1753-61524 @0b37fec628; prior verdict blocked(slice-core: poly_image)
1450	circle_in	crates/backend/utils/adt/geo/src/builtins.rs	tested(differential: geo_io_diff fleet 10.0M execs 0 div; planes verdict+errclass+bit-exact f64 struct+out-image; raw-out over all f64 bit patterns)	-	io.rs:592; p1-laner 2026-07-31 job pgrust-fuzz-campaign-1785484270-4bb3-13959; prior verdict excluded(blocked: libc-strtod)
1451	circle_out	crates/backend/utils/adt/geo/src/builtins.rs	tested(differential: geo_io_diff fleet 10.0M execs 0 div; planes verdict+errclass+bit-exact f64 struct+out-image; raw-out over all f64 bit patterns)	-	io.rs:650; p1-laner 2026-07-31 job pgrust-fuzz-campaign-1785484270-4bb3-13959; prior verdict excluded(wall: CNF width)
1452	circle_same	crates/backend/utils/adt/geo/src/builtins.rs	proved(full f64; NaN-radii-equal special case in-theorem)	fast	23.1s kissat; wrapper-level by-ref, full f64 domain incl NaN/Inf/±0/subnormals unless sliced; proofs/geo-cmp ext; NAN shim pinned canonical (CBMC NAN model defect, native-replayed)
1453	circle_contain	crates/backend/utils/adt/geo/src/builtins.rs	proved(collinear-centers slice)	slow	192.4s; wrapper-level by-ref, full f64 domain incl NaN/Inf/±0/subnormals unless sliced; proofs/geo-cmp ext; NAN shim pinned canonical (CBMC NAN model defect, native-replayed)
1454	circle_left	crates/backend/utils/adt/geo/src/builtins.rs	proved(full f64; verdict+errflag+22003 sqlstate parity, both arms covered)	slow	52-72s kissat (default solver walls — inversion); wrapper-level by-ref, full f64 domain incl NaN/Inf/±0/subnormals unless sliced; proofs/geo-cmp ext; NAN shim pinned canonical (CBMC NAN model defect, native-replayed)
1455	circle_overleft	crates/backend/utils/adt/geo/src/builtins.rs	proved(full f64; verdict+errflag+22003 sqlstate parity, both arms covered)	slow	52-72s kissat (default solver walls — inversion); wrapper-level by-ref, full f64 domain incl NaN/Inf/±0/subnormals unless sliced; proofs/geo-cmp ext; NAN shim pinned canonical (CBMC NAN model defect, native-replayed)
1456	circle_overright	crates/backend/utils/adt/geo/src/builtins.rs	proved(full f64; verdict+errflag+22003 sqlstate parity, both arms covered)	slow	52-72s kissat (default solver walls — inversion); wrapper-level by-ref, full f64 domain incl NaN/Inf/±0/subnormals unless sliced; proofs/geo-cmp ext; NAN shim pinned canonical (CBMC NAN model defect, native-replayed)
1457	circle_right	crates/backend/utils/adt/geo/src/builtins.rs	proved(full f64; verdict+errflag+22003 sqlstate parity, both arms covered)	slow	52-72s kissat (default solver walls — inversion); wrapper-level by-ref, full f64 domain incl NaN/Inf/±0/subnormals unless sliced; proofs/geo-cmp ext; NAN shim pinned canonical (CBMC NAN model defect, native-replayed)
1458	circle_contained	crates/backend/utils/adt/geo/src/builtins.rs	proved(collinear grid; symbolic slice WALL 240s both solvers)	fast	5.3s; wrapper-level by-ref, full f64 domain incl NaN/Inf/±0/subnormals unless sliced; proofs/geo-cmp ext; NAN shim pinned canonical (CBMC NAN model defect, native-replayed)
1459	circle_overlap	crates/backend/utils/adt/geo/src/builtins.rs	proved(collinear-centers slice)	slow	204.1s; wrapper-level by-ref, full f64 domain incl NaN/Inf/±0/subnormals unless sliced; proofs/geo-cmp ext; NAN shim pinned canonical (CBMC NAN model defect, native-replayed)
1460	circle_below	crates/backend/utils/adt/geo/src/builtins.rs	proved(full f64; verdict+errflag+22003 sqlstate parity, both arms covered)	slow	52-72s kissat (default solver walls — inversion); wrapper-level by-ref, full f64 domain incl NaN/Inf/±0/subnormals unless sliced; proofs/geo-cmp ext; NAN shim pinned canonical (CBMC NAN model defect, native-replayed)
1461	circle_above	crates/backend/utils/adt/geo/src/builtins.rs	proved(full f64; verdict+errflag+22003 sqlstate parity, both arms covered)	slow	52-72s kissat (default solver walls — inversion); wrapper-level by-ref, full f64 domain incl NaN/Inf/±0/subnormals unless sliced; proofs/geo-cmp ext; NAN shim pinned canonical (CBMC NAN model defect, native-replayed)
1462	circle_eq	crates/backend/utils/adt/geo/src/builtins.rs	proved(10-radius grid x fully-symbolic centers: eps-band/zero/neg/Inf/NaN/overflow/underflow cells; full-sym r*r WALL per 53-bit law)	fast	8.4-10.8s; wrapper-level by-ref, full f64 domain incl NaN/Inf/±0/subnormals unless sliced; proofs/geo-cmp ext; NAN shim pinned canonical (CBMC NAN model defect, native-replayed)
1463	circle_ne	crates/backend/utils/adt/geo/src/builtins.rs	proved(10-radius grid x fully-symbolic centers: eps-band/zero/neg/Inf/NaN/overflow/underflow cells; full-sym r*r WALL per 53-bit law)	fast	8.4-10.8s; wrapper-level by-ref, full f64 domain incl NaN/Inf/±0/subnormals unless sliced; proofs/geo-cmp ext; NAN shim pinned canonical (CBMC NAN model defect, native-replayed)
1464	circle_lt	crates/backend/utils/adt/geo/src/builtins.rs	proved(10-radius grid x fully-symbolic centers: eps-band/zero/neg/Inf/NaN/overflow/underflow cells; full-sym r*r WALL per 53-bit law)	fast	8.4-10.8s; wrapper-level by-ref, full f64 domain incl NaN/Inf/±0/subnormals unless sliced; proofs/geo-cmp ext; NAN shim pinned canonical (CBMC NAN model defect, native-replayed)
1465	circle_gt	crates/backend/utils/adt/geo/src/builtins.rs	proved(10-radius grid x fully-symbolic centers: eps-band/zero/neg/Inf/NaN/overflow/underflow cells; full-sym r*r WALL per 53-bit law)	fast	8.4-10.8s; wrapper-level by-ref, full f64 domain incl NaN/Inf/±0/subnormals unless sliced; proofs/geo-cmp ext; NAN shim pinned canonical (CBMC NAN model defect, native-replayed)
1466	circle_le	crates/backend/utils/adt/geo/src/builtins.rs	proved(10-radius grid x fully-symbolic centers: eps-band/zero/neg/Inf/NaN/overflow/underflow cells; full-sym r*r WALL per 53-bit law)	fast	8.4-10.8s; wrapper-level by-ref, full f64 domain incl NaN/Inf/±0/subnormals unless sliced; proofs/geo-cmp ext; NAN shim pinned canonical (CBMC NAN model defect, native-replayed)
1467	circle_ge	crates/backend/utils/adt/geo/src/builtins.rs	proved(10-radius grid x fully-symbolic centers: eps-band/zero/neg/Inf/NaN/overflow/underflow cells; full-sym r*r WALL per 53-bit law)	fast	8.4-10.8s; wrapper-level by-ref, full f64 domain incl NaN/Inf/±0/subnormals unless sliced; proofs/geo-cmp ext; NAN shim pinned canonical (CBMC NAN model defect, native-replayed)
1468	circle_area	crates/backend/utils/adt/geo/src/builtins.rs	proved(radius grid, value bit-exact; full-sym probe WALL 30s recorded)	fast	3.3s; wrapper-level by-ref, full f64 domain incl NaN/Inf/±0/subnormals unless sliced; proofs/geo-cmp ext; NAN shim pinned canonical (CBMC NAN model defect, native-replayed)
1469	circle_diameter	crates/backend/utils/adt/geo/src/builtins.rs	proved(full f64; literal-2.0 multiply full-domain)	fast	1.7s; wrapper-level by-ref, full f64 domain incl NaN/Inf/±0/subnormals unless sliced; proofs/geo-cmp ext; NAN shim pinned canonical (CBMC NAN model defect, native-replayed)
1470	circle_radius	crates/backend/utils/adt/geo/src/builtins.rs	proved(full f64)	fast	0.4s; wrapper-level by-ref, full f64 domain incl NaN/Inf/±0/subnormals unless sliced; proofs/geo-cmp ext; NAN shim pinned canonical (CBMC NAN model defect, native-replayed)
1471	circle_distance	crates/backend/utils/adt/geo/src/builtins.rs	proved(collinear 8x8 grid incl clamp/overflow/Inf/NaN; symbolic slice WALL 240s both solvers)	fast	8.8s; wrapper-level by-ref, full f64 domain incl NaN/Inf/±0/subnormals unless sliced; proofs/geo-cmp ext; NAN shim pinned canonical (CBMC NAN model defect, native-replayed)
1472	circle_center	crates/backend/utils/adt/geo/src/builtins.rs	proved(full, core; wrapper ride = result-mcx palloc)	fast	0.03s; wrapper-level by-ref, full f64 domain incl NaN/Inf/±0/subnormals unless sliced; proofs/geo-cmp ext; NAN shim pinned canonical (CBMC NAN model defect, native-replayed)
1473	cr_circle	crates/backend/utils/adt/geo/src/builtins.rs	proved(full-sym by-ref image, modulo allocator model)	slow	46-55s; proofs/geo-cmp ext2 relaunch 2026-07-29
1474	poly_circle	crates/backend/utils/adt/geo/src/builtins.rs	tested(differential: geo_ops_diff conv arm, CIRCLE result + core-via-PolyRef::from_parts plane vs vendored 18.3 geo_ops.c:5306, fleet 10M execs 0 div)	-	p1-geo-inc3 2026-08-01 job pgrust-fuzz-campaign-1785571714-1753-61524 @0b37fec628; prior verdict excluded(wall: 53-bit)
1475	circle_poly	crates/backend/utils/adt/geo/src/builtins.rs	tested(differential: geo_ops_diff conv arm, whole POLYGON image + 0A000/22023/54000 error planes vs vendored 18.3 geo_ops.c:5224; npts (512,2^27) alloc-limit band folds to [2,512] — documented carve, fleet 10M execs 0 div)	-	p1-geo-inc3 2026-08-01 job pgrust-fuzz-campaign-1785571714-1753-61524 @0b37fec628; prior verdict excluded(wall: transcendental)
1476	dist_pc	crates/backend/utils/adt/geo/src/builtins.rs	proved(collinear slice; value bit-exact incl negative clamp)	slow	166-169s; wrapper-level by-ref, full f64 domain incl NaN/Inf/±0/subnormals unless sliced; proofs/geo-cmp ext; NAN shim pinned canonical (CBMC NAN model defect, native-replayed)
1477	circle_contain_pt	crates/backend/utils/adt/geo/src/builtins.rs	proved(collinear slice; exact d<=radius non-fuzzy in-theorem)	slow	123-139s; wrapper-level by-ref, full f64 domain incl NaN/Inf/±0/subnormals unless sliced; proofs/geo-cmp ext; NAN shim pinned canonical (CBMC NAN model defect, native-replayed)
1478	pt_contained_circle	crates/backend/utils/adt/geo/src/builtins.rs	proved(collinear slice; exact d<=radius non-fuzzy in-theorem)	slow	123-139s; wrapper-level by-ref, full f64 domain incl NaN/Inf/±0/subnormals unless sliced; proofs/geo-cmp ext; NAN shim pinned canonical (CBMC NAN model defect, native-replayed)
1479	box_circle	crates/backend/utils/adt/geo/src/builtins.rs	proved(shared-y hslice full-sym + 8-cell grid)	slow	369.9s default + 81.4s kissat; proofs/geo-cmp ext2 relaunch 2026-07-29
1480	circle_box	crates/backend/utils/adt/geo/src/builtins.rs	excluded(wall: 53-bit)	-	radius/sqrt(2.0) non-pow2 constant divide; grid-tier only
1482	lseg_ne	crates/backend/utils/adt/geo/src/builtins.rs	proved(full f64)	fast	28-30s; wrapper-level by-ref, full f64 domain incl NaN/Inf/±0/subnormals unless sliced; proofs/geo-cmp ext; NAN shim pinned canonical (CBMC NAN model defect, native-replayed)
1483	lseg_lt	crates/backend/utils/adt/geo/src/builtins.rs	proved(8x8 horizontal-length grid incl eps-band/0/overflow/Inf/NaN; two-point_dt symbolic slice WALL)	fast	14-21s; wrapper-level by-ref, full f64 domain incl NaN/Inf/±0/subnormals unless sliced; proofs/geo-cmp ext; NAN shim pinned canonical (CBMC NAN model defect, native-replayed)
1484	lseg_le	crates/backend/utils/adt/geo/src/builtins.rs	proved(8x8 horizontal-length grid incl eps-band/0/overflow/Inf/NaN; two-point_dt symbolic slice WALL)	fast	14-21s; wrapper-level by-ref, full f64 domain incl NaN/Inf/±0/subnormals unless sliced; proofs/geo-cmp ext; NAN shim pinned canonical (CBMC NAN model defect, native-replayed)
1485	lseg_gt	crates/backend/utils/adt/geo/src/builtins.rs	proved(8x8 horizontal-length grid incl eps-band/0/overflow/Inf/NaN; two-point_dt symbolic slice WALL)	fast	14-21s; wrapper-level by-ref, full f64 domain incl NaN/Inf/±0/subnormals unless sliced; proofs/geo-cmp ext; NAN shim pinned canonical (CBMC NAN model defect, native-replayed)
1486	lseg_ge	crates/backend/utils/adt/geo/src/builtins.rs	proved(8x8 horizontal-length grid incl eps-band/0/overflow/Inf/NaN; two-point_dt symbolic slice WALL)	fast	14-21s; wrapper-level by-ref, full f64 domain incl NaN/Inf/±0/subnormals unless sliced; proofs/geo-cmp ext; NAN shim pinned canonical (CBMC NAN model defect, native-replayed)
1487	lseg_length	crates/backend/utils/adt/geo/src/builtins.rs	proved(h-slice + v-slice; value bit-exact; hypot fenced)	slow	43.1+84.6s; wrapper-level by-ref, full f64 domain incl NaN/Inf/±0/subnormals unless sliced; proofs/geo-cmp ext; NAN shim pinned canonical (CBMC NAN model defect, native-replayed)
1488	close_ls	crates/backend/utils/adt/geo/src/builtins.rs	excluded(wall: 53-bit)	-	proximity.rs:349
1489	close_lseg	crates/backend/utils/adt/geo/src/builtins.rs	excluded(wall: 53-bit)	-	proximity.rs:330
1490	line_in	crates/backend/utils/adt/geo/src/builtins.rs	tested(differential: geo_io_diff fleet 10.0M execs 0 div; planes verdict+errclass+bit-exact f64 struct+out-image; raw-out over all f64 bit patterns)	-	io.rs:357; float8in cascade + point_sl arm; p1-laner 2026-07-31 job pgrust-fuzz-campaign-1785484270-4bb3-13959; prior verdict excluded(blocked: libc-strtod)
1491	line_out	crates/backend/utils/adt/geo/src/builtins.rs	tested(differential: geo_io_diff fleet 10.0M execs 0 div; planes verdict+errclass+bit-exact f64 struct+out-image; raw-out over all f64 bit patterns)	-	io.rs:402; p1-laner 2026-07-31 job pgrust-fuzz-campaign-1785484270-4bb3-13959; prior verdict excluded(wall: CNF width)
1492	line_eq	crates/backend/utils/adt/geo/src/builtins.rs	proved(NaN-exact plane full-sym + 10x10 grid incl ratio/zero-cascade/overflow)	fast	0.9-32.7s; proofs/geo-cmp ext2 relaunch 2026-07-29
1493	line_construct_pp	crates/backend/utils/adt/geo/src/builtins.rs	proved(shared-x plane full-sym incl 22023 Err + 9-cell grid)	slow	58-229s; proofs/geo-cmp ext2 relaunch 2026-07-29
1494	line_interpt	crates/backend/utils/adt/geo/src/builtins.rs	excluded(wall: 53-bit)	-	line_interpt_line line.rs:150 (wall exemplar)
1495	line_intersect	crates/backend/utils/adt/geo/src/builtins.rs	excluded(wall: 53-bit)	-	line_interpt_line
1496	line_parallel	crates/backend/utils/adt/geo/src/builtins.rs	excluded(wall: 53-bit)	-	duplicate oid of 1412
1497	line_perp	crates/backend/utils/adt/geo/src/builtins.rs	proved(same as 1413)	fast	0.7-5.7s; proofs/geo-cmp ext2 relaunch 2026-07-29
1498	line_vertical	crates/backend/utils/adt/geo/src/builtins.rs	proved(full f64)	fast	0.36s; proofs/geo-cmp ext2 relaunch 2026-07-29
1499	line_horizontal	crates/backend/utils/adt/geo/src/builtins.rs	proved(full f64)	fast	0.38s; proofs/geo-cmp ext2 relaunch 2026-07-29
1530	lseg_length	crates/backend/utils/adt/geo/src/builtins.rs	proved(h-slice + v-slice; value bit-exact; hypot fenced)	slow	43.1+84.6s; wrapper-level by-ref, full f64 domain incl NaN/Inf/±0/subnormals unless sliced; proofs/geo-cmp ext; NAN shim pinned canonical (CBMC NAN model defect, native-replayed)
1531	path_length	crates/backend/utils/adt/geo/src/builtins.rs	excluded(wall: 53-bit)	-	duplicate oid of 987
1532	lseg_center	crates/backend/utils/adt/geo/src/builtins.rs	proved(full, core; /2.0 power-of-two divides)	slow	86.9s DEFAULT solver; wrapper-level by-ref, full f64 domain incl NaN/Inf/±0/subnormals unless sliced; proofs/geo-cmp ext; NAN shim pinned canonical (CBMC NAN model defect, native-replayed)
1534	box_center	crates/backend/utils/adt/geo/src/builtins.rs	proved(FULL domain at core — /2.0 power-of-two divide provable; + concrete error spots)	fast	84s default solver, calibration tier; proofs/geo-cmp
1540	poly_center	crates/backend/utils/adt/geo/src/builtins.rs	excluded(wall: 53-bit)	-	duplicate oid of 227
1541	box_diagonal	crates/backend/utils/adt/geo/src/builtins.rs	proved(full-sym by-ref image, modulo allocator model)	slow	46-55s; proofs/geo-cmp ext2 relaunch 2026-07-29
1542	box_center	crates/backend/utils/adt/geo/src/builtins.rs	proved(FULL domain at core — /2.0 power-of-two divide provable; + concrete error spots)	fast	84s default solver, calibration tier; proofs/geo-cmp
1543	circle_center	crates/backend/utils/adt/geo/src/builtins.rs	proved(full, core; wrapper ride = result-mcx palloc)	fast	0.03s; wrapper-level by-ref, full f64 domain incl NaN/Inf/±0/subnormals unless sliced; proofs/geo-cmp ext; NAN shim pinned canonical (CBMC NAN model defect, native-replayed)
1545	path_npoints	crates/backend/utils/adt/geo/src/builtins.rs	proved(npts 0..=3 symbolic; varlena decode in-theorem)	fast	same harness as 1432; proofs/geo-cmp ext3 2026-07-30
1556	poly_npoints	crates/backend/utils/adt/geo/src/builtins.rs	proved(npts 0..=3 symbolic + full-sym boundbox)	fast	same harness as 1445; proofs/geo-cmp ext3 2026-07-30
1564	bit_in	crates/backend/utils/adt/varbit/src/lib.rs	proved(bits_in cells len 0/3/6 x bare/b/x forms, literal first byte pins parse form; typmod Ok/mismatch/truncation planes; sqlstates 22026/22001/22P02/54000; hex-too-long arm outside 6-char cap — bounds)	slow	71-100s release-gate; proofs/varbit-rows relaunch 2026-07-29 (re-derived)
1565	bit_out	crates/backend/utils/adt/varbit/src/lib.rs	proved(bits_out cells bitlen 0/12/16, full output incl NUL)	slow	152-164s release-gate; proofs/varbit-rows relaunch 2026-07-29 (re-derived)
1569	like	crates/backend/utils/adt/like/src/builtins.rs	tested(differential: like_diff fleet 10M execs 0 div @325985a437; planes value+verdict+errcode; UTF8+LATIN1 encoding planes, C collation; carve: ICU/nondet collation + non-UTF8-MB arms -> exception rows)	fuzz-only	p1-laneag 2026-07-31 job pgrust-fuzz-campaign-1785518588-7871-24553; prior verdict excluded(engine); coverage 100% in-scope (fuzz+394 exception rows)
1570	notlike	crates/backend/utils/adt/like/src/builtins.rs	tested(differential: like_diff fleet 10M execs 0 div @325985a437; planes value+verdict+errcode; UTF8+LATIN1 encoding planes, C collation; carve: ICU/nondet collation + non-UTF8-MB arms -> exception rows)	fuzz-only	p1-laneag 2026-07-31 job pgrust-fuzz-campaign-1785518588-7871-24553; prior verdict excluded(engine); coverage 100% in-scope (fuzz+394 exception rows)
1571	like	crates/backend/utils/adt/like/src/builtins.rs	tested(differential: like_diff fleet 10M execs 0 div @325985a437; planes value+verdict+errcode; UTF8+LATIN1 encoding planes, C collation; carve: ICU/nondet collation + non-UTF8-MB arms -> exception rows)	fuzz-only	p1-laneag 2026-07-31 job pgrust-fuzz-campaign-1785518588-7871-24553; prior verdict excluded(engine); coverage 100% in-scope (fuzz+394 exception rows)
1572	notlike	crates/backend/utils/adt/like/src/builtins.rs	tested(differential: like_diff fleet 10M execs 0 div @325985a437; planes value+verdict+errcode; UTF8+LATIN1 encoding planes, C collation; carve: ICU/nondet collation + non-UTF8-MB arms -> exception rows)	fuzz-only	p1-laneag 2026-07-31 job pgrust-fuzz-campaign-1785518588-7871-24553; prior verdict excluded(engine); coverage 100% in-scope (fuzz+394 exception rows)
1573	pg_get_ruledef	crates/backend/utils/adt/ruleutils/src/builtins.rs	excluded(state)	-	catalog deparse machinery
1574	nextval_oid	crates/backend/commands/sequence_seams/src/builtins.rs	proved(core nextval_advance full-i64 modulo state-seam; catalog-invariant fences; incby-sign split)	seam	~8min/half = release-gate tier; wrapper/aclcheck/WAL machinery out; proofs/state-seam-probe
1575	currval_oid	crates/backend/commands/sequence_seams/src/builtins.rs	blocked(seam: session SeqTable elm cache + relcache init_sequence)	seam	logic residue trivial (last_valid branch + elm read). State paths: aclchk::pg_class_aclcheck (membership-oracle seam model exists, proofs/state-seam-probe); elm cache = thread_local in commands/sequence (in-process mockable, NOT a seam_core seam); init_sequence -> relcache/table_open (no seam). nextval core arithmetic already proved (oid 1574)
1576	setval_oid	crates/backend/commands/sequence_seams/src/builtins.rs	blocked(seam: buffer page write + WAL)	seam	pure residue = bounds check next in [minv,maxv] (4 lines). MOCKABLE state: pg_sequence form via syscache_seams::lookup_pg_sequence_form (EXISTING seam), WAL via xloginsert_seams::xlog_insert_record (EXISTING seam), redo ptr via transam_xlog_seams (EXISTING seam); NOT seam-reachable: read_seq_tuple/bufmgr page, elm thread_local, init_sequence relcache
1579	varbit_in	crates/backend/utils/adt/varbit/src/lib.rs	proved(bits_in cells len 0/3/6 x bare/b/x forms, literal first byte pins parse form; typmod Ok/mismatch/truncation planes; sqlstates 22026/22001/22P02/54000; hex-too-long arm outside 6-char cap — bounds)	slow	71-100s release-gate; proofs/varbit-rows relaunch 2026-07-29 (re-derived)
1580	varbit_out	crates/backend/utils/adt/varbit/src/lib.rs	proved(bits_out cells bitlen 0/12/16, full output incl NUL)	slow	152-164s release-gate; proofs/varbit-rows relaunch 2026-07-29 (re-derived)
1581	biteq	crates/backend/utils/adt/varbit/src/lib.rs	proved(valid-varbit fence, len<=8 symbolic; verdict parity; bitcmp SIGN equality — memcmp magnitude ratified non-surface)	fast	1.5-1.7s kissat; proofs/varbit-rows relaunch 2026-07-29 (re-derived)
1582	bitne	crates/backend/utils/adt/varbit/src/lib.rs	proved(valid-varbit fence, len<=8 symbolic; verdict parity; bitcmp SIGN equality — memcmp magnitude ratified non-surface)	fast	1.5-1.7s kissat; proofs/varbit-rows relaunch 2026-07-29 (re-derived)
1592	bitge	crates/backend/utils/adt/varbit/src/lib.rs	proved(valid-varbit fence, len<=8 symbolic; verdict parity; bitcmp SIGN equality — memcmp magnitude ratified non-surface)	fast	1.5-1.7s kissat; proofs/varbit-rows relaunch 2026-07-29 (re-derived)
1593	bitgt	crates/backend/utils/adt/varbit/src/lib.rs	proved(valid-varbit fence, len<=8 symbolic; verdict parity; bitcmp SIGN equality — memcmp magnitude ratified non-surface)	fast	1.5-1.7s kissat; proofs/varbit-rows relaunch 2026-07-29 (re-derived)
1594	bitle	crates/backend/utils/adt/varbit/src/lib.rs	proved(valid-varbit fence, len<=8 symbolic; verdict parity; bitcmp SIGN equality — memcmp magnitude ratified non-surface)	fast	1.5-1.7s kissat; proofs/varbit-rows relaunch 2026-07-29 (re-derived)
1595	bitlt	crates/backend/utils/adt/varbit/src/lib.rs	proved(valid-varbit fence, len<=8 symbolic; verdict parity; bitcmp SIGN equality — memcmp magnitude ratified non-surface)	fast	1.5-1.7s kissat; proofs/varbit-rows relaunch 2026-07-29 (re-derived)
1596	bitcmp	crates/backend/utils/adt/varbit/src/lib.rs	proved(valid-varbit fence, len<=8 symbolic; verdict parity; bitcmp SIGN equality — memcmp magnitude ratified non-surface)	fast	1.5-1.7s kissat; proofs/varbit-rows relaunch 2026-07-29 (re-derived)
1598	drandom	crates/backend/utils/adt/pseudorandomfuncs/src/builtins.rs	excluded(state)	-	session PRNG state
1599	setseed	crates/backend/utils/adt/pseudorandomfuncs/src/builtins.rs	excluded(state)	-	session PRNG state
1600	dasin	crates/backend/utils/adt/float/src/builtins.rs	tested(differential: coverage-guided 68.5M + 10M/fn sampler, 0 diffs; libm-parity per host libm, fp-contract carve noted)	ladder	funcs.rs:363; NaN arm + [-1,1] 22003 domain test libm-free; pin #define NAN in shim (CBMC non-canonical NAN); lane float-domain; prior verdict blocked(seam:libm-oracle, error-plane only) — fuzz-float-math campaign 2026-07-30 (379M total cases, three-way exact: bits/error-presence/errcode class)
1601	dacos	crates/backend/utils/adt/float/src/builtins.rs	tested(differential: coverage-guided 68.5M + 10M/fn sampler, 0 diffs; libm-parity per host libm, fp-contract carve noted)	ladder	funcs.rs:349; sibling of dasin; prior verdict blocked(seam:libm-oracle, error-plane only) — fuzz-float-math campaign 2026-07-30 (379M total cases, three-way exact: bits/error-presence/errcode class)
1602	datan	crates/backend/utils/adt/float/src/builtins.rs	tested(differential: coverage-guided 68.5M + 10M/fn sampler, 0 diffs; libm-parity per host libm, fp-contract carve noted)	-	funcs.rs:377; Err arm provably dead; near-zero yield, park; prior verdict blocked(seam:libm-oracle, error-plane only) — fuzz-float-math campaign 2026-07-30 (379M total cases, three-way exact: bits/error-presence/errcode class)
1603	datan2	crates/backend/utils/adt/float/src/builtins.rs	tested(differential: coverage-guided 68.5M + 10M/fn sampler, 0 diffs; libm-parity per host libm, fp-contract carve noted)	-	funcs.rs:388; dead overflow check; park; prior verdict blocked(seam:libm-oracle, error-plane only) — fuzz-float-math campaign 2026-07-30 (379M total cases, three-way exact: bits/error-presence/errcode class)
1604	dsin	crates/backend/utils/adt/float/src/builtins.rs	tested(differential: coverage-guided 68.5M + 10M/fn sampler, 0 diffs; libm-parity per host libm, fp-contract carve noted)	ladder	funcs.rs:425; compute-then-isinf(arg) ordering parity claim vs C float.c; lane float-domain tier2; prior verdict blocked(seam:libm-oracle, error-plane only) — fuzz-float-math campaign 2026-07-30 (379M total cases, three-way exact: bits/error-presence/errcode class)
1605	dcos	crates/backend/utils/adt/float/src/builtins.rs	tested(differential: coverage-guided 68.5M + 10M/fn sampler, 0 diffs; libm-parity per host libm, fp-contract carve noted)	ladder	funcs.rs:399; sibling of 1604; prior verdict blocked(seam:libm-oracle, error-plane only) — fuzz-float-math campaign 2026-07-30 (379M total cases, three-way exact: bits/error-presence/errcode class)
1606	dtan	crates/backend/utils/adt/float/src/builtins.rs	tested(differential: coverage-guided 68.5M + 10M/fn sampler, 0 diffs; libm-parity per host libm, fp-contract carve noted)	ladder	funcs.rs:439; deliberate no-overflow-check comment (tan(pi/2)==Inf) = shipped claim to check; prior verdict blocked(seam:libm-oracle, error-plane only) — fuzz-float-math campaign 2026-07-30 (379M total cases, three-way exact: bits/error-presence/errcode class)
1607	dcot	crates/backend/utils/adt/float/src/builtins.rs	tested(differential: coverage-guided 68.5M + 10M/fn sampler, 0 diffs; libm-parity per host libm, fp-contract carve noted)	ladder	funcs.rs:413; 1.0/tan reciprocal — screen; cot(0)==Inf comment claim; prior verdict blocked(seam:libm-oracle, error-plane only) — fuzz-float-math campaign 2026-07-30 (379M total cases, three-way exact: bits/error-presence/errcode class)
1608	degrees	crates/backend/utils/adt/float/src/builtins.rs	tested(differential: float_misc_diff fleet 10M execs 0 div; planes value-bits+verdict+errclass incl 22012/22003 arms)	fast	funcs.rs degrees -> float8_div(x, RADIANS_PER_DEGREE); p1-lanead 2026-07-31 jobs pgrust-fuzz-campaign-1785507150-5144-26388 + round-2; prior verdict wall(53-bit x/constant ladder exhausted)
1609	radians	crates/backend/utils/adt/float/src/builtins.rs	tested(differential: float_misc_diff fleet 10M execs 0 div; planes value-bits+verdict+errclass incl 22003 arms)	fast	funcs.rs radians -> float8_mul(x, RADIANS_PER_DEGREE); p1-lanead 2026-07-31 jobs pgrust-fuzz-campaign-1785507150-5144-26388 + round-2; prior verdict wall(53-bit x/constant ladder exhausted)
1610	dpi	crates/backend/utils/adt/float/src/builtins.rs	proved(full-domain bit-exact, wrapper-level)	fast	0.1s; proofs/float-arith
1618	interval_mul	crates/backend/utils/adt/adt_date/src/builtins.rs	excluded(wall: symbolic f64 x factor 53-bit)	-	interval.rs:444; slice: NaN/±inf/isign lattice only
1619	pg_typeof	crates/backend/utils/adt/adt_misc/src/lib.rs	excluded(state)	-	fn_expr arg-type introspection
1620	ascii	crates/backend/utils/adt/oracle_compat/src/builtins.rs	tested(differential: oraclefam_diff fleet 2x10M execs 0 div — jobs pgrust-fuzz-campaign-1785508394-540a-34016 + pgrust-fuzz-campaign-1785509898-3498-66645 @ 4c690bacec; planes value+verdict+sqlstate; encodings SQL_ASCII/UTF8/LATIN1 (+EUC_JP ascii/chr rejects); invalid-collid 42P22 arm; corpus 3303 committed; p1-laneaj)	campaign p1-laneaj 2026-07-31	assigned agent:strings-misc 2026-07-28w5
1621	chr	crates/backend/utils/adt/oracle_compat/src/builtins.rs	tested(differential: oraclefam_diff fleet 2x10M execs 0 div — jobs pgrust-fuzz-campaign-1785508394-540a-34016 + pgrust-fuzz-campaign-1785509898-3498-66645 @ 4c690bacec; planes value+verdict+sqlstate; encodings SQL_ASCII/UTF8/LATIN1 (+EUC_JP ascii/chr rejects); invalid-collid 42P22 arm; corpus 3303 committed; p1-laneaj) + tested(exhaustive: full i32 x 4 encodings vs C chr, all planes; fleet pgrust-fast-tests-4c690bacec-1785509902-659c PASS)	campaign p1-laneaj 2026-07-31	assigned agent:strings-misc 2026-07-28w5
1622	repeat	crates/backend/utils/adt/oracle_compat/src/builtins.rs	proved(54000 count-overflow err plane, count>=0x10000000, slen=4 symbolic; ok-arm image out of theorem)	ladder | tested(differential: oraclefam_diff fleet 2x10M execs 0 div — jobs pgrust-fuzz-campaign-1785508394-540a-34016 + pgrust-fuzz-campaign-1785509898-3498-66645 @ 4c690bacec; planes value+verdict+sqlstate; encodings SQL_ASCII/UTF8/LATIN1 (+EUC_JP ascii/chr rejects); invalid-collid 42P22 arm; corpus 3303 committed; p1-laneaj)	eq_repeat_err_plane 48s (kissat, loaded box); fleet FAIL = concrete_varlena unwind(4) truncation artifact (unwind 6 fix in-tree, re-verified); proofs/oracle-compat; fleet-decode 2026-07-30
1623	similar_escape	crates/backend/utils/adt/regexp/src/builtins.rs	tested(differential: simesc arms of regexp_diff, same campaign; pure rewrite vs verbatim similar_escape; no engine)	fuzz-only	p1-laneag 2026-07-31 job pgrust-fuzz-campaign-1785535304-795f-37663 (evidence fuzz/fleet-evidence/regexp_diff-1785535304 - runner slow-unit-triage defect kept stats.json from S3; pod-extracted artifacts are the record) + local 207k smoke + exhaustive parse_re_flags sweep (65,281 len<=2 + 100k len<=4); prior verdict excluded(engine); ENGINE findings routed to regex/regex_core (p1-lanew): REG_ETOOBIG false-too-complex (docker-ground-truthed, witness test known_etoobig_divergence_repro), debug_asserts regex_compile.rs:2821/2163 fire on fuzz patterns, rstacktoodeep()=0 stack-overflow, engine compile OOMs
1624	mul_d_interval	crates/backend/utils/adt/adt_date/src/builtins.rs	excluded(wall: alias of interval_mul core)	-	builtins.rs:596 args swapped
1631	bpcharlike	crates/backend/utils/adt/like/src/builtins.rs	tested(differential: like_diff fleet 10M execs 0 div @325985a437; planes value+verdict+errcode; UTF8+LATIN1 encoding planes, C collation; carve: ICU/nondet collation + non-UTF8-MB arms -> exception rows)	fuzz-only	p1-laneag 2026-07-31 job pgrust-fuzz-campaign-1785518588-7871-24553; prior verdict excluded(engine); coverage 100% in-scope (fuzz+394 exception rows)
1632	bpcharnlike	crates/backend/utils/adt/like/src/builtins.rs	tested(differential: like_diff fleet 10M execs 0 div @325985a437; planes value+verdict+errcode; UTF8+LATIN1 encoding planes, C collation; carve: ICU/nondet collation + non-UTF8-MB arms -> exception rows)	fuzz-only	p1-laneag 2026-07-31 job pgrust-fuzz-campaign-1785518588-7871-24553; prior verdict excluded(engine); coverage 100% in-scope (fuzz+394 exception rows)
1633	texticlike	crates/backend/utils/adt/like/src/builtins.rs	tested(differential: like_diff fleet 10M execs 0 div @325985a437; planes value+verdict+errcode; UTF8+LATIN1 encoding planes, C collation; carve: ICU/nondet collation + non-UTF8-MB arms -> exception rows)	fuzz-only	p1-laneag 2026-07-31 job pgrust-fuzz-campaign-1785518588-7871-24553; prior verdict excluded(engine); coverage 100% in-scope (fuzz+394 exception rows)
1634	texticnlike	crates/backend/utils/adt/like/src/builtins.rs	tested(differential: like_diff fleet 10M execs 0 div @325985a437; planes value+verdict+errcode; UTF8+LATIN1 encoding planes, C collation; carve: ICU/nondet collation + non-UTF8-MB arms -> exception rows)	fuzz-only	p1-laneag 2026-07-31 job pgrust-fuzz-campaign-1785518588-7871-24553; prior verdict excluded(engine); coverage 100% in-scope (fuzz+394 exception rows)
1635	nameiclike	crates/backend/utils/adt/like/src/builtins.rs	tested(differential: like_diff fleet 10M execs 0 div @325985a437; planes value+verdict+errcode; UTF8+LATIN1 encoding planes, C collation; carve: ICU/nondet collation + non-UTF8-MB arms -> exception rows)	fuzz-only	p1-laneag 2026-07-31 job pgrust-fuzz-campaign-1785518588-7871-24553; prior verdict excluded(engine); coverage 100% in-scope (fuzz+394 exception rows)
1636	nameicnlike	crates/backend/utils/adt/like/src/builtins.rs	tested(differential: like_diff fleet 10M execs 0 div @325985a437; planes value+verdict+errcode; UTF8+LATIN1 encoding planes, C collation; carve: ICU/nondet collation + non-UTF8-MB arms -> exception rows)	fuzz-only	p1-laneag 2026-07-31 job pgrust-fuzz-campaign-1785518588-7871-24553; prior verdict excluded(engine); coverage 100% in-scope (fuzz+394 exception rows)
1637	like_escape	crates/backend/utils/adt/like/src/builtins.rs	tested(differential: like_diff fleet 10M execs 0 div @325985a437; planes out-image+verdict+errcode; SB+MB do_like_escape stampings)	fuzz-only	p1-laneag 2026-07-31 job pgrust-fuzz-campaign-1785518588-7871-24553; prior verdict excluded(engine); coverage 100% in-scope (fuzz+394 exception rows)
1638	oidgt	crates/backend/utils/adt/scalar/src/builtins.rs	proved(full-domain)	fast	<=0.03s; proofs/int-cmp
1639	oidge	crates/backend/utils/adt/scalar/src/builtins.rs	proved(full-domain)	fast	<=0.03s; proofs/int-cmp
1640	pg_get_viewdef_name	crates/backend/utils/adt/ruleutils/src/builtins.rs	excluded(state)	-	catalog deparse machinery
1641	pg_get_viewdef	crates/backend/utils/adt/ruleutils/src/builtins.rs	excluded(state)	-	catalog deparse machinery
1642	pg_get_userbyid	crates/backend/utils/adt/ruleutils/src/builtins.rs	excluded(state)	-	catalog deparse machinery
1643	pg_get_indexdef	crates/backend/utils/adt/ruleutils/src/builtins.rs	excluded(state)	-	catalog deparse machinery
1656	bpcharicregexeq	crates/backend/utils/adt/regexp/src/builtins.rs	tested(differential: regexp_diff fleet 3.65M execs / 25.8 CPU-h fork=15 @325985a437 (24h-CPU floor), 0 wrapper-plane div; planes value+verdict+errcode + fc plane; oracle = verbatim 18.3 regexp.c + vendored Spencer engine, UTF8 + C collation; carve: RE cache, RE2/engine-GUC dispatch, SRF shells -> exception rows)	fuzz-only	p1-laneag 2026-07-31 job pgrust-fuzz-campaign-1785535304-795f-37663 (evidence fuzz/fleet-evidence/regexp_diff-1785535304 - runner slow-unit-triage defect kept stats.json from S3; pod-extracted artifacts are the record) + local 207k smoke + exhaustive parse_re_flags sweep (65,281 len<=2 + 100k len<=4); prior verdict excluded(engine); ENGINE findings routed to regex/regex_core (p1-lanew): REG_ETOOBIG false-too-complex (docker-ground-truthed, witness test known_etoobig_divergence_repro), debug_asserts regex_compile.rs:2821/2163 fire on fuzz patterns, rstacktoodeep()=0 stack-overflow, engine compile OOMs
1657	bpcharicregexne	crates/backend/utils/adt/regexp/src/builtins.rs	tested(differential: regexp_diff fleet 3.65M execs / 25.8 CPU-h fork=15 @325985a437 (24h-CPU floor), 0 wrapper-plane div; planes value+verdict+errcode + fc plane; oracle = verbatim 18.3 regexp.c + vendored Spencer engine, UTF8 + C collation; carve: RE cache, RE2/engine-GUC dispatch, SRF shells -> exception rows)	fuzz-only	p1-laneag 2026-07-31 job pgrust-fuzz-campaign-1785535304-795f-37663 (evidence fuzz/fleet-evidence/regexp_diff-1785535304 - runner slow-unit-triage defect kept stats.json from S3; pod-extracted artifacts are the record) + local 207k smoke + exhaustive parse_re_flags sweep (65,281 len<=2 + 100k len<=4); prior verdict excluded(engine); ENGINE findings routed to regex/regex_core (p1-lanew): REG_ETOOBIG false-too-complex (docker-ground-truthed, witness test known_etoobig_divergence_repro), debug_asserts regex_compile.rs:2821/2163 fire on fuzz patterns, rstacktoodeep()=0 stack-overflow, engine compile OOMs
1658	bpcharregexeq	crates/backend/utils/adt/regexp/src/builtins.rs	tested(differential: regexp_diff fleet 3.65M execs / 25.8 CPU-h fork=15 @325985a437 (24h-CPU floor), 0 wrapper-plane div; planes value+verdict+errcode + fc plane; oracle = verbatim 18.3 regexp.c + vendored Spencer engine, UTF8 + C collation; carve: RE cache, RE2/engine-GUC dispatch, SRF shells -> exception rows)	fuzz-only	p1-laneag 2026-07-31 job pgrust-fuzz-campaign-1785535304-795f-37663 (evidence fuzz/fleet-evidence/regexp_diff-1785535304 - runner slow-unit-triage defect kept stats.json from S3; pod-extracted artifacts are the record) + local 207k smoke + exhaustive parse_re_flags sweep (65,281 len<=2 + 100k len<=4); prior verdict excluded(engine); ENGINE findings routed to regex/regex_core (p1-lanew): REG_ETOOBIG false-too-complex (docker-ground-truthed, witness test known_etoobig_divergence_repro), debug_asserts regex_compile.rs:2821/2163 fire on fuzz patterns, rstacktoodeep()=0 stack-overflow, engine compile OOMs
1659	bpcharregexne	crates/backend/utils/adt/regexp/src/builtins.rs	tested(differential: regexp_diff fleet 3.65M execs / 25.8 CPU-h fork=15 @325985a437 (24h-CPU floor), 0 wrapper-plane div; planes value+verdict+errcode + fc plane; oracle = verbatim 18.3 regexp.c + vendored Spencer engine, UTF8 + C collation; carve: RE cache, RE2/engine-GUC dispatch, SRF shells -> exception rows)	fuzz-only	p1-laneag 2026-07-31 job pgrust-fuzz-campaign-1785535304-795f-37663 (evidence fuzz/fleet-evidence/regexp_diff-1785535304 - runner slow-unit-triage defect kept stats.json from S3; pod-extracted artifacts are the record) + local 207k smoke + exhaustive parse_re_flags sweep (65,281 len<=2 + 100k len<=4); prior verdict excluded(engine); ENGINE findings routed to regex/regex_core (p1-lanew): REG_ETOOBIG false-too-complex (docker-ground-truthed, witness test known_etoobig_divergence_repro), debug_asserts regex_compile.rs:2821/2163 fire on fuzz patterns, rstacktoodeep()=0 stack-overflow, engine compile OOMs
1660	bpchariclike	crates/backend/utils/adt/like/src/builtins.rs	tested(differential: like_diff fleet 10M execs 0 div @325985a437; planes value+verdict+errcode; UTF8+LATIN1 encoding planes, C collation; carve: ICU/nondet collation + non-UTF8-MB arms -> exception rows)	fuzz-only	p1-laneag 2026-07-31 job pgrust-fuzz-campaign-1785518588-7871-24553; prior verdict excluded(engine); coverage 100% in-scope (fuzz+394 exception rows)
1661	bpcharicnlike	crates/backend/utils/adt/like/src/builtins.rs	tested(differential: like_diff fleet 10M execs 0 div @325985a437; planes value+verdict+errcode; UTF8+LATIN1 encoding planes, C collation; carve: ICU/nondet collation + non-UTF8-MB arms -> exception rows)	fuzz-only	p1-laneag 2026-07-31 job pgrust-fuzz-campaign-1785518588-7871-24553; prior verdict excluded(engine); coverage 100% in-scope (fuzz+394 exception rows)
1662	pg_get_triggerdef	crates/backend/utils/adt/ruleutils/src/builtins.rs	excluded(state)	-	catalog deparse machinery
1665	pg_get_serial_sequence	crates/backend/utils/adt/ruleutils/src/builtins.rs	excluded(state)	-	catalog deparse machinery
1666	biteq	crates/backend/utils/adt/varbit/src/lib.rs	proved(valid-varbit fence, len<=8 symbolic; verdict parity; bitcmp SIGN equality — memcmp magnitude ratified non-surface)	fast	1.5-1.7s kissat; proofs/varbit-rows relaunch 2026-07-29 (re-derived)
1667	bitne	crates/backend/utils/adt/varbit/src/lib.rs	proved(valid-varbit fence, len<=8 symbolic; verdict parity; bitcmp SIGN equality — memcmp magnitude ratified non-surface)	fast	1.5-1.7s kissat; proofs/varbit-rows relaunch 2026-07-29 (re-derived)
1668	bitge	crates/backend/utils/adt/varbit/src/lib.rs	proved(valid-varbit fence, len<=8 symbolic; verdict parity; bitcmp SIGN equality — memcmp magnitude ratified non-surface)	fast	1.5-1.7s kissat; proofs/varbit-rows relaunch 2026-07-29 (re-derived)
1669	bitgt	crates/backend/utils/adt/varbit/src/lib.rs	proved(valid-varbit fence, len<=8 symbolic; verdict parity; bitcmp SIGN equality — memcmp magnitude ratified non-surface)	fast	1.5-1.7s kissat; proofs/varbit-rows relaunch 2026-07-29 (re-derived)
1670	bitle	crates/backend/utils/adt/varbit/src/lib.rs	proved(valid-varbit fence, len<=8 symbolic; verdict parity; bitcmp SIGN equality — memcmp magnitude ratified non-surface)	fast	1.5-1.7s kissat; proofs/varbit-rows relaunch 2026-07-29 (re-derived)
1671	bitlt	crates/backend/utils/adt/varbit/src/lib.rs	proved(valid-varbit fence, len<=8 symbolic; verdict parity; bitcmp SIGN equality — memcmp magnitude ratified non-surface)	fast	1.5-1.7s kissat; proofs/varbit-rows relaunch 2026-07-29 (re-derived)
1672	bitcmp	crates/backend/utils/adt/varbit/src/lib.rs	proved(valid-varbit fence, len<=8 symbolic; verdict parity; bitcmp SIGN equality — memcmp magnitude ratified non-surface)	fast	1.5-1.7s kissat; proofs/varbit-rows relaunch 2026-07-29 (re-derived)
1673	bit_and	crates/backend/utils/adt/varbit/src/lib.rs	proved(kernel-level: bit_logic_verdict mismatch verdict + bit_logic_body byte value parity, VARBIT_PAD mask in-theorem, valid-varbit fence len<=8 symbolic; fc_bit_and wrapper shell + Mcx-bound bit_logic composition unproved)	fast	verdict 0.78s default / value 4.7-4.9s kissat; proofs/varbit-rows relaunch 2026-07-29 (re-derived)
1674	bit_or	crates/backend/utils/adt/varbit/src/lib.rs	proved(kernel-level: bit_logic_verdict mismatch verdict + bit_logic_body byte value parity, VARBIT_PAD mask in-theorem, valid-varbit fence len<=8 symbolic; fc_bit_or wrapper shell + Mcx-bound bit_logic composition unproved)	fast	verdict 0.78s default / value 4.7-4.9s kissat; proofs/varbit-rows relaunch 2026-07-29 (re-derived)
1675	bitxor	crates/backend/utils/adt/varbit/src/lib.rs	proved(kernel-level: bit_logic_verdict mismatch verdict + bit_logic_body byte value parity, VARBIT_PAD mask in-theorem, valid-varbit fence len<=8 symbolic; fc_bitxor wrapper shell + Mcx-bound bit_logic composition unproved)	fast	verdict 0.78s default / value 4.7-4.9s kissat; proofs/varbit-rows relaunch 2026-07-29 (re-derived)
1676	bitnot	crates/backend/utils/adt/varbit/src/lib.rs	proved(byte parity incl final-byte mask)	fast	2.3s; proofs/varbit-rows relaunch 2026-07-29 (re-derived)
1677	bitshiftleft	crates/backend/utils/adt/varbit/src/lib.rs	proved(shift fully symbolic i32 incl negatives/oversize/i32::MIN clamp; C fully writes output)	fast	7.2-7.9s default; proofs/varbit-rows relaunch 2026-07-29 (re-derived)
1678	bitshiftright	crates/backend/utils/adt/varbit/src/lib.rs	proved(shift fully symbolic i32 incl negatives/oversize/i32::MIN clamp; C fully writes output)	fast	7.2-7.9s default; proofs/varbit-rows relaunch 2026-07-29 (re-derived)
1679	bitcat	crates/backend/utils/adt/varbit/src/lib.rs	proved(cells 12+9 shifted-join / 16+8 memcpy / 5+0 / 0+7; too-long arm outside <=64-bit fence — bounds)	slow	170-191s release-gate; proofs/varbit-rows relaunch 2026-07-29 (re-derived)
1680	bitsubstr	crates/backend/utils/adt/varbit/src/lib.rs	proved(8 image cells: shift/aligned/clamp/s+l-ovf/no-len/empty x2/neg-s + 2202E err plane) — UPGRADES 1699 prior excluded(wall)	slow	55-187s release-gate; proofs/varbit-rows relaunch 2026-07-29 (re-derived)
1681	bitlength	crates/backend/utils/adt/varbit/src/lib.rs	proved(kernel-level: payload_bitlen decode == C VARBITLEN, valid-varbit fence len<=8 symbolic; fc_bitlength wrapper shell unproved)	fast	0.72s; proofs/varbit-rows relaunch 2026-07-29 (re-derived)
1682	bitoctetlength	crates/backend/utils/adt/varbit/src/lib.rs	proved(full)	fast	0.72s; proofs/varbit-rows relaunch 2026-07-29 (re-derived)
1683	bitfromint4	crates/backend/utils/adt/varbit/src/lib.rs	proved(7 typmod cells incl 0/MIN/MAX clamp planes; a fully symbolic)	slow	62-83s release-gate; proofs/varbit-rows relaunch 2026-07-29 (re-derived)
1684	bittoint4	crates/backend/utils/adt/varbit/src/lib.rs	proved(value core + err-arm sqlstate)	fast	0.9-2.0s; proofs/varbit-rows relaunch 2026-07-29 (re-derived)
1685	bit	crates/backend/utils/adt/varbit/src/lib.rs	proved(image cells l9/l16 + identity/err planes at concrete len; 22026/22001 sqlstates) — UPGRADES prior blocked(refactor: fixed-frame output): no refactor needed, concrete-len cells cleared it	slow	56-82s release-gate; proofs/varbit-rows relaunch 2026-07-29 (re-derived)
1686	pg_get_keywords	crates/backend/utils/adt/adt_misc/src/builtins.rs	excluded(state)	-	SRF/tupdesc machinery over static table
1687	varbit	crates/backend/utils/adt/varbit/src/lib.rs	proved(image cells l9/l16 + identity/err planes at concrete len; 22026/22001 sqlstates) — UPGRADES prior blocked(refactor: fixed-frame output): no refactor needed, concrete-len cells cleared it	slow	56-82s release-gate; proofs/varbit-rows relaunch 2026-07-29 (re-derived)
1688	time_hash	crates/backend/utils/adt/adt_date/src/builtins.rs	proved(full-i64 x full seed)	fast	9.2s; proofs/datetime-b lane D
1689	aclexplode	crates/backend/utils/adt/acl/src/builtins.rs	excluded(state)	-	SRF machinery + tupdesc state
1690	time_mi_time	crates/backend/utils/adt/adt_date/src/builtins.rs	proved(contract [0,USECS_PER_DAY]^2; by-ref result modulo static-buffer allocator model) + tested(differential full-i64 wrap region)	fast	1.3s; proofs/datetime-b lane D
1691	boolle	crates/backend/utils/adt/bool/src/builtins.rs	proved(full-bool2)	fast	proofs/bool; <1s; kissat
1692	boolge	crates/backend/utils/adt/bool/src/builtins.rs	proved(full-bool2)	fast	proofs/bool; <1s; kissat
1693	btboolcmp	crates/backend/access/nbtree/compare/src/builtins.rs	proved(full-domain threeway; wrapper-level)	fast	10-20s fleet 31ad423d/1785335940; proofs/int-cmp
1696	timetz_hash	crates/backend/utils/adt/adt_date/src/builtins.rs	proved(full (i64,i32) x full seed; padding-dodging XOR composition in-theorem)	fast	1.9s; proofs/datetime-b lane D
1697	interval_hash	crates/backend/utils/adt/adt_date/src/builtins.rs	proved(m0d0-plane full-time + |d|,|m|<=1000 band; int128 low-64 fold in-theorem; remainder = i128 two-contributor multiply)	slow	1.1-20.9s; proofs/datetime-b lane D
1698	bitposition	crates/backend/utils/adt/varbit/src/lib.rs	proved(byte-len cells with symbolic bitlen-in-last-byte + content; early-return planes empty-str/long-sub/empty-sub; fully-symbolic lengths = documented dead-branch wall)	fast	0.26-2.0s; proofs/varbit-rows relaunch 2026-07-29 (re-derived)
1699	bitsubstr_no_len	crates/backend/utils/adt/varbit/src/lib.rs	proved(8 image cells: shift/aligned/clamp/s+l-ovf/no-len/empty x2/neg-s + 2202E err plane) — UPGRADES 1699 prior excluded(wall)	slow	55-187s release-gate; proofs/varbit-rows relaunch 2026-07-29 (re-derived)
1701	numeric_in	crates/backend/utils/adt/numeric/src/builtins.rs	tested(differential: numeric_io_diff+numeric_ops_diff 10M+10.05M fleet execs 0-div @398465c499, planes value-image+verdict+sqlstate; jobs -67307/-51880 2026-07-31)	-	io::numeric_in io.rs:36 -> set_var_from_str io.rs:209 + non-decimal cascade + apply_typmod | prior: excluded(wall: parse cascade)
1702	numeric_out	crates/backend/utils/adt/numeric/src/builtins.rs	tested(differential: numeric_io_diff+numeric_ops_diff 10M+10.05M fleet execs 0-div @398465c499, planes value-image+verdict+sqlstate; jobs -67307/-51880 2026-07-31)	-	numeric_out_into io.rs:448 -> get_str_from_var io.rs:462; data-dependent offsets | prior: excluded(wall: CNF width-bound, result-image law)
1703	numeric	crates/backend/utils/adt/numeric/src/builtins.rs	proved(planes: NaN x full-symbolic typmod 108.8s; +/-Inf x literal invalid/valid typmod pass+err arms with sqlstate+level parity 93-152s; typmod-validity verdict full-i32 via codec) + wall(finite-operand passthrough/round arms: symbolic operand memory-walls 6.6GB symex, literal spots symex-hang >420s — DigitBuf/from_view machinery) + tested(differential: numeric_io_diff+numeric_ops_diff 10M+10.05M fleet execs 0-div @398465c499, planes value-image+verdict+sqlstate; jobs -67307/-51880 2026-07-31)	ladder	kissat 2026-07-30; proofs/numeric-probe eq_numeric_typmod_nan/_pinf_pass/_ninf_pass/_pinf_err/_ninf_err (+invalid_finite/spot harnesses in-tree, walled)
1704	numeric_abs	crates/backend/utils/adt/numeric/src/builtins.rs	proved(header-op level, full lattice, unstripped; C header-bit decode in-theorem; byte-parity)	fast	11.4s; proofs/numeric-probe
1705	abs	crates/backend/utils/adt/numeric/src/builtins.rs	proved(header-op level, full lattice nd<=4, unstripped; byte-parity vs C header op + duplicate_numeric payload)	fast	13.1s kissat 2026-07-30; same PGFunction as 1704; proofs/numeric-probe eq_numeric_abs_nd4
1706	sign	crates/backend/utils/adt/numeric/src/builtins.rs	proved(value-level, nd<=4 full lattice incl specials; result-image byte-parity; C make_result encode in-theorem; 4/4 covers)	fast	6.7s kissat 2026-07-30; proofs/numeric-probe eq_numeric_sign_nd4
1707	numeric_round	crates/backend/utils/adt/numeric/src/builtins.rs	tested(differential: numeric_io_diff+numeric_ops_diff 10M+10.05M fleet execs 0-div @398465c499, planes value-image+verdict+sqlstate; jobs -67307/-51880 2026-07-31)	ladder	numeric_round_common ops.rs:519 -> from_view var.rs:229 -> realloc_uninit var.rs:71; is_special passthrough arm provable now; DigitBuf seam: var.rs digit_buf_heap_realloc/digit_buf_put stub seams landed, from_view symbolic-nd proven cheap (min_scale 16s / trim_scale 241s demonstrators) — residual cost is the row's own arithmetic, re-triage per TRIAGE retained-buffer remedy | prior: candidate(DigitBuf wall broken 2026-07-30)
1709	numeric_trunc	crates/backend/utils/adt/numeric/src/builtins.rs	tested(differential: numeric_io_diff+numeric_ops_diff 10M+10.05M fleet execs 0-div @398465c499, planes value-image+verdict+sqlstate; jobs -67307/-51880 2026-07-31)	ladder	numeric_trunc_common ops.rs:536 -> from_view; trunc var.rs:336; DigitBuf seam: var.rs digit_buf_heap_realloc/digit_buf_put stub seams landed, from_view symbolic-nd proven cheap (min_scale 16s / trim_scale 241s demonstrators) — residual cost is the row's own arithmetic, re-triage per TRIAGE retained-buffer remedy | prior: candidate(DigitBuf wall broken 2026-07-30)
1711	ceil	crates/backend/utils/adt/numeric/src/builtins.rs	tested(differential: numeric_io_diff+numeric_ops_diff 10M+10.05M fleet execs 0-div @398465c499, planes value-image+verdict+sqlstate; jobs -67307/-51880 2026-07-31)	ladder	numeric_ceil ops.rs:554 — from_view + trunc(0) + add_var; DigitBuf seam: var.rs digit_buf_heap_realloc/digit_buf_put stub seams landed, from_view symbolic-nd proven cheap (min_scale 16s / trim_scale 241s demonstrators) — residual cost is the row's own arithmetic, re-triage per TRIAGE retained-buffer remedy | prior: candidate(DigitBuf wall broken 2026-07-30)
1712	floor	crates/backend/utils/adt/numeric/src/builtins.rs	tested(differential: numeric_io_diff+numeric_ops_diff 10M+10.05M fleet execs 0-div @398465c499, planes value-image+verdict+sqlstate; jobs -67307/-51880 2026-07-31)	ladder	numeric_floor ops.rs:569 — from_view + trunc(0) + sub_var; DigitBuf seam: var.rs digit_buf_heap_realloc/digit_buf_put stub seams landed, from_view symbolic-nd proven cheap (min_scale 16s / trim_scale 241s demonstrators) — residual cost is the row's own arithmetic, re-triage per TRIAGE retained-buffer remedy | prior: candidate(DigitBuf wall broken 2026-07-30)
1714	pg_convert_from	crates/backend/utils/mb/mbutils/src/builtins.rs	excluded(blocked: conversion-proc dispatch + image)	-	convert_common mbutils/src/builtins.rs:32
1715	inet_to_cidr	crates/backend/utils/adt/network/src/builtins.rs	proved(core; full fenced inet domain, full output struct; both sides' invalid-bit-length arms asserted unreachable)	fast	0.73s; proofs/network; network-2026-07-30
1716	pg_get_expr	crates/backend/utils/adt/ruleutils/src/builtins.rs	excluded(state)	-	catalog deparse machinery
1717	pg_convert_to	crates/backend/utils/mb/mbutils/src/builtins.rs	excluded(blocked: conversion-proc dispatch + image)	-	same core
1718	numeric_eq	crates/backend/utils/adt/numeric/src/builtins.rs	proved(special lattice full; ndigits<=4/side ~16 decimal digits; verdict parity)	fast	19-22s; proofs/numeric-probe
1719	numeric_ne	crates/backend/utils/adt/numeric/src/builtins.rs	proved(special lattice full; ndigits<=4/side ~16 decimal digits; verdict parity)	fast	19-22s; proofs/numeric-probe
1720	numeric_gt	crates/backend/utils/adt/numeric/src/builtins.rs	proved(special lattice full; ndigits<=4/side ~16 decimal digits; verdict parity)	fast	19-22s; proofs/numeric-probe
1721	numeric_ge	crates/backend/utils/adt/numeric/src/builtins.rs	proved(special lattice full; ndigits<=4/side ~16 decimal digits; verdict parity)	fast	19-22s; proofs/numeric-probe
1722	numeric_lt	crates/backend/utils/adt/numeric/src/builtins.rs	proved(special lattice full; ndigits<=4/side ~16 decimal digits; verdict parity)	fast	19-22s; proofs/numeric-probe
1723	numeric_le	crates/backend/utils/adt/numeric/src/builtins.rs	proved(special lattice full; ndigits<=4/side ~16 decimal digits; verdict parity)	fast	19-22s; proofs/numeric-probe
1724	numeric_add	crates/backend/utils/adt/numeric/src/builtins.rs	proved(var-level add_var kernel: nd<=2/side, |weight|<=2, dscale<=6, digits 0..9999 incl unstripped; full-field result; via fixed mirror + native mirror-consistency witness; wrapper/special arms unproven) + tested(differential: numeric_io_diff+numeric_ops_diff 10M+10.05M fleet execs 0-div @398465c499, planes value-image+verdict+sqlstate; jobs -67307/-51880 2026-07-31)	slow	numeric-arith eq_add_var_nd2 GREEN 315s kissat RE-CONFIRMED post disk-window; nd3 cell observed green 880s pre-window (exceeds 450s cap, re-confirm idle); nd4 SAT-walled; alloc strategy out of claim
1725	numeric_sub	crates/backend/utils/adt/numeric/src/builtins.rs	proved(var-level sub_var kernel: nd<=2/side, |weight|<=2, dscale<=6, digits 0..9999 incl unstripped; full-field result; via fixed mirror + native mirror-consistency witness; wrapper/special arms unproven) + tested(differential: numeric_io_diff+numeric_ops_diff 10M+10.05M fleet execs 0-div @398465c499, planes value-image+verdict+sqlstate; jobs -67307/-51880 2026-07-31)	slow	numeric-arith eq_sub_var_nd2 GREEN 301s kissat RE-CONFIRMED post disk-window; nd3 observed green 771s pre-window (re-confirm idle); nd4 walled
1726	numeric_mul	crates/backend/utils/adt/numeric/src/builtins.rs	proved(var-level mul_var zero-shortcut+short-kernel plane, nd<=1/side, |weight|<=4, dscale<=6, exact rscale=ds1+ds2, full-field; PLUS fallback-routing parity at the plane boundary; nd>=2 = SAT wall) + tested(differential: numeric_io_diff+numeric_ops_diff 10M+10.05M fleet execs 0-div @398465c499, planes value-image+verdict+sqlstate; jobs -67307/-51880 2026-07-31)	slow	numeric-arith eq_mul_var_nd1 68s + eq_mul_fallback_routing 37s kissat RE-CONFIRMED post disk-window; nd2 cell walled >1800s kissat AND >1500s default (NBASE-carry /10000 slope, sloped-divider law); via fixed mirror + native mirror witness
1727	numeric_div	crates/backend/utils/adt/numeric/src/builtins.rs	tested(differential: numeric_io_diff+numeric_ops_diff 10M+10.05M fleet execs 0-div @398465c499, planes value-image+verdict+sqlstate; jobs -67307/-51880 2026-07-31)	ladder	DigitBuf fixed core landed covers add/sub/mul only; div_var arith.rs:670 needs its own FixedVar mirror (guard digit + qhat loop) before var-level theorems; numeric-arith crate is the host when built | prior: blocked(div_var fixed mirror not built)
1728	mod	crates/backend/utils/adt/numeric/src/builtins.rs	tested(differential: numeric_io_diff+numeric_ops_diff 10M+10.05M fleet execs 0-div @398465c499, planes value-image+verdict+sqlstate; jobs -67307/-51880 2026-07-31)	ladder	numeric_mod_common math.rs:1261 -> div_mod_var math.rs:166; needs div_var_fixed + mul_var/sub_var composition; add/sub/mul var-level kernels now proven (rows 1724-1726) | prior: blocked(div_mod_var fixed mirror not built)
1729	numeric_mod	crates/backend/utils/adt/numeric/src/builtins.rs	tested(differential: numeric_io_diff+numeric_ops_diff 10M+10.05M fleet execs 0-div @398465c499, planes value-image+verdict+sqlstate; jobs -67307/-51880 2026-07-31)	ladder	same PGFunction as 1728 | prior: blocked(div_mod_var fixed mirror not built)
1730	sqrt	crates/backend/utils/adt/numeric/src/builtins.rs	tested(differential: numeric_io_diff+numeric_ops_diff 10M+10.05M fleet execs 0-div @398465c499, planes value-image+verdict+sqlstate; jobs -67307/-51880 2026-07-31)	-	sqrt_var math.rs:267; DigitBuf refactor necessary but not sufficient | prior: excluded(wall: data-dependent Newton iteration)
1731	numeric_sqrt	crates/backend/utils/adt/numeric/src/builtins.rs	tested(differential: numeric_io_diff+numeric_ops_diff 10M+10.05M fleet execs 0-div @398465c499, planes value-image+verdict+sqlstate; jobs -67307/-51880 2026-07-31)	-	numeric_sqrt math.rs:1058 -> sqrt_var | prior: excluded(wall: data-dependent Newton iteration)
1732	exp	crates/backend/utils/adt/numeric/src/builtins.rs	tested(differential: numeric_io_diff+numeric_ops_diff 10M+10.05M fleet execs 0-div @398465c499, planes value-image+verdict+sqlstate; jobs -67307/-51880 2026-07-31)	-	exp_var math.rs:514 | prior: excluded(wall: Taylor loop + power_var_int)
1733	numeric_exp	crates/backend/utils/adt/numeric/src/builtins.rs	tested(differential: numeric_io_diff+numeric_ops_diff 10M+10.05M fleet execs 0-div @398465c499, planes value-image+verdict+sqlstate; jobs -67307/-51880 2026-07-31)	-	numeric_exp math.rs:1092 | prior: excluded(wall: Taylor loop)
1734	ln	crates/backend/utils/adt/numeric/src/builtins.rs	tested(differential: numeric_io_diff+numeric_ops_diff 10M+10.05M fleet execs 0-div @398465c499, planes value-image+verdict+sqlstate; jobs -67307/-51880 2026-07-31)	-	ln_var math.rs:639 + estimate_ln_dweight math.rs:607 | prior: excluded(wall: Newton/series loop)
1735	numeric_ln	crates/backend/utils/adt/numeric/src/builtins.rs	tested(differential: numeric_io_diff+numeric_ops_diff 10M+10.05M fleet execs 0-div @398465c499, planes value-image+verdict+sqlstate; jobs -67307/-51880 2026-07-31)	-	numeric_ln math.rs:1120 | prior: excluded(wall: Newton/series loop)
1736	log	crates/backend/utils/adt/numeric/src/builtins.rs	tested(differential: numeric_io_diff+numeric_ops_diff 10M+10.05M fleet execs 0-div @398465c499, planes value-image+verdict+sqlstate; jobs -67307/-51880 2026-07-31)	-	log_var math.rs:724 | prior: excluded(wall: two ln_var + div_var chain)
1737	numeric_log	crates/backend/utils/adt/numeric/src/builtins.rs	tested(differential: numeric_io_diff+numeric_ops_diff 10M+10.05M fleet execs 0-div @398465c499, planes value-image+verdict+sqlstate; jobs -67307/-51880 2026-07-31)	-	numeric_log math.rs:1126 | prior: excluded(wall: two ln_var + div_var chain)
1738	pow	crates/backend/utils/adt/numeric/src/builtins.rs	tested(differential: numeric_io_diff+numeric_ops_diff 10M+10.05M fleet execs 0-div @398465c499, planes value-image+verdict+sqlstate; jobs -67307/-51880 2026-07-31)	-	power_var math.rs:749, power_var_int math.rs:835 | prior: excluded(wall: power_var exp/ln + binary-exponentiation loop)
1739	numeric_power	crates/backend/utils/adt/numeric/src/builtins.rs	tested(differential: numeric_io_diff+numeric_ops_diff 10M+10.05M fleet execs 0-div @398465c499, planes value-image+verdict+sqlstate; jobs -67307/-51880 2026-07-31)	-	numeric_power math.rs:1255 | prior: excluded(wall: power_var chain)
1740	int4_numeric	crates/backend/utils/adt/numeric/src/builtins.rs	proved(full i32 via 3 magnitude bands (nd1/nd2/nd3) + union coverage; full varlena image byte-parity; C digit emission + header encode in-theorem; modulo TLS word-pool model)	ladder	15.7/30.2/60.0s kissat 2026-07-30; proofs/numeric-probe eq_int4_numeric_nd1-3 + cover_int_numeric_bands
1742	float4_numeric	crates/backend/utils/adt/numeric/src/builtins.rs	tested(differential: numeric_io_diff+numeric_ops_diff 10M+10.05M fleet execs 0-div @398465c499, planes value-image+verdict+sqlstate; jobs -67307/-51880 2026-07-31)	-	float_to_numeric ops.rs:734 -> format_g ops.rs:682 then set_var_from_str | prior: excluded(blocked: std::fmt format! + numeric_in round-trip)
1743	float8_numeric	crates/backend/utils/adt/numeric/src/builtins.rs	tested(differential: numeric_io_diff+numeric_ops_diff 10M+10.05M fleet execs 0-div @398465c499, planes value-image+verdict+sqlstate; jobs -67307/-51880 2026-07-31)	-	same core as 1742 | prior: excluded(blocked: std::fmt format! + numeric_in round-trip)
1744	numeric_int4	crates/backend/utils/adt/numeric/src/builtins.rs	tested(differential: numeric_io_diff+numeric_ops_diff 10M+10.05M fleet execs 0-div @398465c499, planes value-image+verdict+sqlstate; jobs -67307/-51880 2026-07-31)	ladder	var_to_int32 var.rs:754 -> var_to_int64 var.rs:671 -> rounded_integer_var (from_view ndigits+1); special/error arms provable now; unblocks on literal-nd cells; DigitBuf seam: var.rs digit_buf_heap_realloc/digit_buf_put stub seams landed, from_view symbolic-nd proven cheap (min_scale 16s / trim_scale 241s demonstrators) — residual cost is the row's own arithmetic, re-triage per TRIAGE retained-buffer remedy | prior: candidate(DigitBuf wall broken 2026-07-30)
1745	numeric_float4	crates/backend/utils/adt/numeric/src/builtins.rs	tested(differential: numeric_io_diff+numeric_ops_diff 10M+10.05M fleet execs 0-div @398465c499, planes value-image+verdict+sqlstate; jobs -67307/-51880 2026-07-31)	-	var_to_f64 math.rs:87 — no Kani model for float parser | prior: excluded(blocked: decimal-string round-trip str::parse::<f64>)
1746	numeric_float8	crates/backend/utils/adt/numeric/src/builtins.rs	tested(differential: numeric_io_diff+numeric_ops_diff 10M+10.05M fleet execs 0-div @398465c499, planes value-image+verdict+sqlstate; jobs -67307/-51880 2026-07-31)	-	var_to_f64 math.rs:87 | prior: excluded(blocked: decimal-string round-trip str::parse::<f64>)
1747	time_pl_interval	crates/backend/utils/adt/adt_date/src/builtins.rs	wall(divider result/USECS_PER_DAY: symex done 632 VCCs, SAT >560s kissat+no-reach AND default; 3-run ladder exhausted) + proved(spots: wrap/negative-fixup/infinite-span-err 11.5s) + tested(differential 4M+grid, 0 mismatches)	wall	proofs/datetime-cmp
1748	time_mi_interval	crates/backend/utils/adt/adt_date/src/builtins.rs	wall(divider, same face as 1747; probes 150/300s rc=124) + proved(spots) + tested(differential 4M+grid)	wall	proofs/datetime-cmp
1749	timetz_pl_interval	crates/backend/utils/adt/adt_date/src/builtins.rs	wall(divider, identical expr + zone passthrough + by-ref result; probe 240s rc=124) + proved(spots 18.2s) + tested(differential 1M+grid)	wall	proofs/datetime-cmp
1750	timetz_mi_interval	crates/backend/utils/adt/adt_date/src/builtins.rs	wall(divider; probe 240s rc=124) + proved(spots) + tested(differential 1M+grid)	wall	proofs/datetime-cmp
1764	numeric_inc	crates/backend/utils/adt/numeric/src/builtins.rs	tested(differential: numeric_io_diff+numeric_ops_diff 10M+10.05M fleet execs 0-div @398465c499, planes value-image+verdict+sqlstate; jobs -67307/-51880 2026-07-31)	ladder	numeric_inc ops.rs:1158 — add_var(CONST_ONE); is_special passthrough provable now; DigitBuf seam: var.rs digit_buf_heap_realloc/digit_buf_put stub seams landed, from_view symbolic-nd proven cheap (min_scale 16s / trim_scale 241s demonstrators) — residual cost is the row's own arithmetic, re-triage per TRIAGE retained-buffer remedy | prior: candidate(DigitBuf wall broken 2026-07-30)
1765	setval3_oid	crates/backend/commands/sequence_seams/src/builtins.rs	blocked(seam: buffer page write + WAL)	seam	same body as 1576 (do_setval with iscalled arg); see 1576 notes for the seam map
1766	numeric_smaller	crates/backend/utils/adt/numeric/src/builtins.rs	proved(full plane incl ties: nd<=4/side wrapper-level winning-datum identity; tie regression gate both-keep-num2)	slow	divergence #9 FIXED ca6ff01ac2 (tie kept arg0, C keeps num2; dscale-visible); eq 62.8s + tie 148.5s kissat, under load; proofs/numeric-probe; native replay green
1767	numeric_larger	crates/backend/utils/adt/numeric/src/builtins.rs	proved(full plane incl ties: nd<=4/side wrapper-level winning-datum identity; tie regression gate both-keep-num2)	slow	divergence #9 FIXED ca6ff01ac2; eq 81.5s + tie 140.3s kissat, under load; proofs/numeric-probe
1768	interval_to_char	crates/backend/utils/adt/formatting/src/fmgr_builtins.rs	excluded(wall: format-picture engine + result image)	-	dch_entry.rs:163; parse_format Vec push (STD-VEC trap) + Rc cache + DCH image; only fmt-empty/not_finite NULL guard scalar
1769	numeric_cmp	crates/backend/utils/adt/numeric/src/builtins.rs	proved(special lattice full; finite ndigits<=8/side ~32 decimal digits, invariant-fenced, both header forms; exact int32)	fast	27.5s under load — release-gate tier; proofs/numeric-probe
1770	timestamptz_to_char	crates/backend/utils/adt/formatting/src/fmgr_builtins.rs	excluded(wall: format-picture engine + result image)	-	dch_entry.rs:136 + tz seam + timestamp2tm dividers
1771	numeric_uminus	crates/backend/utils/adt/numeric/src/builtins.rs	proved(header-op level, full lattice, unstripped)	fast	11.1s; proofs/numeric-probe
1772	numeric_to_char	crates/backend/utils/adt/formatting/src/fmgr_builtins.rs	excluded(wall: format-picture engine + result image)	-	num_entry.rs:167 + NumericVar digit loops + thread_local scratch
1773	int4_to_char	crates/backend/utils/adt/formatting/src/fmgr_builtins.rs	excluded(wall: format-picture engine + result image)	-	num_entry.rs:291; OPENED: even int arm rides num_cache Rc/thread-local + symbolic-offset image + int4out emission; no pure scalar core
1774	int8_to_char	crates/backend/utils/adt/formatting/src/fmgr_builtins.rs	excluded(wall: format-picture engine + result image)	-	num_entry.rs:338 + bigint_out_of_range arm
1775	float4_to_char	crates/backend/utils/adt/formatting/src/fmgr_builtins.rs	excluded(wall: format-picture engine + result image)	-	num_entry.rs:400 + float formatting
1776	float8_to_char	crates/backend/utils/adt/formatting/src/fmgr_builtins.rs	excluded(wall: format-picture engine + result image)	-	num_entry.rs:464
1777	numeric_to_number	crates/backend/utils/adt/formatting/src/fmgr_builtins.rs	excluded(wall: format-picture engine)	-	num_entry.rs:551; result numeric via DigitBuf; only fc-level len guard scalar
1778	to_timestamp	crates/backend/utils/adt/formatting/src/fmgr_builtins.rs	excluded(wall: format-picture engine) + divergence(RATIFIED 2026-07-31: Y,YYY out-of-int millennia rejected; C wrap-accepts)	-	dch_entry.rs:197 do_to_timestamp 320-line state machine + date2j/j2date; reusable scalar helper-slice ladder in fromchar.rs:67-309 (not ledger rows) | DIVERGENCE (RATIFIED 2026-07-31 by Michael, fix/y-yyy-range): "Y,YYY" out-of-int millennia REJECTED with the field's own 22008 "value for \"Y,YYY\" in source string is out of range"; C wrap-ACCEPTS via sscanf %d (formatting.c:3589 defeats its own pg_mul_s32_overflow guard on 3597; UB, glibc accident). Same shape as ratified macaddr_in row-436. 84-cell 18.3 differential: 70 MATCH / 14 divergent (all |millennia|>INT_MAX); every in-range cell byte-identical incl SQLSTATE
1779	numeric_int8	crates/backend/utils/adt/numeric/src/builtins.rs	tested(differential: numeric_io_diff+numeric_ops_diff 10M+10.05M fleet execs 0-div @398465c499, planes value-image+verdict+sqlstate; jobs -67307/-51880 2026-07-31)	ladder	var_to_int64 var.rs:671; DigitBuf seam: var.rs digit_buf_heap_realloc/digit_buf_put stub seams landed, from_view symbolic-nd proven cheap (min_scale 16s / trim_scale 241s demonstrators) — residual cost is the row's own arithmetic, re-triage per TRIAGE retained-buffer remedy | prior: candidate(DigitBuf wall broken 2026-07-30)
1780	to_date	crates/backend/utils/adt/formatting/src/fmgr_builtins.rs	excluded(wall: format-picture engine) + divergence(RATIFIED 2026-07-31: Y,YYY out-of-int millennia rejected; C wrap-accepts)	-	dch_entry.rs:238 + date_out_of_range arm | DIVERGENCE (RATIFIED 2026-07-31 by Michael, fix/y-yyy-range): "Y,YYY" out-of-int millennia REJECTED with the field's own 22008 "value for \"Y,YYY\" in source string is out of range"; C wrap-ACCEPTS via sscanf %d (formatting.c:3589 defeats its own pg_mul_s32_overflow guard on 3597; UB, glibc accident). Same shape as ratified macaddr_in row-436. 84-cell 18.3 differential: 70 MATCH / 14 divergent (all |millennia|>INT_MAX); every in-range cell byte-identical incl SQLSTATE
1781	int8_numeric	crates/backend/utils/adt/numeric/src/builtins.rs	proved(bands |v|<1e12 (nd1/nd2/nd3) + 8 concrete spots at every digit-count transition incl i64::MIN/MAX + trailing-zero; image byte-parity; remainder [1e12,2^63) symbolic bands wall) + tested(differential: numeric_io_diff+numeric_ops_diff 10M+10.05M fleet execs 0-div @398465c499, planes value-image+verdict+sqlstate; jobs -67307/-51880 2026-07-31)	ladder	14.3/30.9/256.7s bands + ~1.5s/spot kissat 2026-07-30; nd4 band wall(timeout-420s kissat, sloped-divider); proofs/numeric-probe eq_int8_numeric_nd1-3 + 8 spots
1782	int2_numeric	crates/backend/utils/adt/numeric/src/builtins.rs	proved(FULL i16 domain, one harness; full varlena image byte-parity; C digit emission + packed-header encode in-theorem; modulo TLS word-pool model)	fast	30.1s kissat 2026-07-30; proofs/numeric-probe eq_int2_numeric_full
1783	numeric_int2	crates/backend/utils/adt/numeric/src/builtins.rs	tested(differential: numeric_io_diff+numeric_ops_diff 10M+10.05M fleet execs 0-div @398465c499, planes value-image+verdict+sqlstate; jobs -67307/-51880 2026-07-31)	ladder	var_to_int64 var.rs:671; i16 range check trivial, from_view is blocker; DigitBuf seam: var.rs digit_buf_heap_realloc/digit_buf_put stub seams landed, from_view symbolic-nd proven cheap (min_scale 16s / trim_scale 241s demonstrators) — residual cost is the row's own arithmetic, re-triage per TRIAGE retained-buffer remedy | prior: candidate(DigitBuf wall broken 2026-07-30)
1798	oidin	crates/backend/utils/adt/scalar/src/builtins.rs	proved(len<=5 sym + 20 spots; value+error-class 22P02/22003+level; len 6-12 wall)	fast	proofs/misc-ops
1799	oidout	crates/backend/utils/adt/scalar/src/builtins.rs	proved(band [0,1e7)+spots to u32::MAX, wrapper-level)	fast	proofs/misc-ops
1813	pg_convert	crates/backend/utils/mb/mbutils/src/builtins.rs	excluded(blocked: conversion-proc dispatch + image)	-	same core; pg_char_to_encoding lookups already covered by encnames family
1830	float8_avg	crates/backend/utils/adt/float/src/builtins.rs	proved(nullity full + value grid)	fast	fleet; proofs/float-agg
1831	float8_var_samp	crates/backend/utils/adt/float/src/builtins.rs	proved(nullity full + value grid)	fast	fleet; proofs/float-agg
1832	float8_stddev_samp	crates/backend/utils/adt/float/src/builtins.rs	proved(nullity planes + special grid, modulo deterministic sqrt model) + tested(differential, 0 diffs)	ladder	grid_stddev_samp 5.4s green with det-sqrt stub; fleet FAIL @994f9977 = dsqrt dual-mode artifact (pre-fix tip); proofs/float-agg; fleet-decode 2026-07-30
1833	numeric_accum	crates/backend/utils/adt/numeric/src/builtins.rs	excluded(state)	-	numeric_accum_common builtins.rs:497; INTERNAL state + Mcx
1834	int2_accum	crates/backend/utils/adt/numeric/src/builtins.rs	excluded(state)	-	fc_poly_accum builtins.rs:378 -> do_int128_accum aggregates.rs:760 (sampled macro family); re-openable under state-seam pattern
1835	int4_accum	crates/backend/utils/adt/numeric/src/builtins.rs	excluded(state)	-	as 1834 (sampled)
1836	int8_accum	crates/backend/utils/adt/numeric/src/builtins.rs	excluded(state)	-	do_numeric_accum_int64 aggregates.rs:600
1837	numeric_avg	crates/backend/utils/adt/numeric/src/builtins.rs	excluded(state)	-	NumericSumAccum::finalize + numeric_avg_div ops.rs:829
1838	numeric_var_samp	crates/backend/utils/adt/numeric/src/builtins.rs	excluded(state)	-	numeric_stddev_internal aggregates.rs:700
1839	numeric_stddev_samp	crates/backend/utils/adt/numeric/src/builtins.rs	excluded(state)	-	numeric_stddev_internal (sampled finalfn family)
1840	int2_sum	crates/backend/utils/adt/numeric/src/builtins.rs	proved(wrapper-level full domain: symbolic i64 sum x full i16 x all 4 null combos; -fwrapv wrap parity machine-checked vs CBMC-wrapped C; 4/4 arm covers)	fast	2.3s kissat 2026-07-30; proofs/numeric-probe eq_int2_sum
1841	int4_sum	crates/backend/utils/adt/numeric/src/builtins.rs	proved(wrapper-level full domain: symbolic i64 sum x full i32 x all 4 null combos; -fwrapv wrap parity machine-checked; 4/4 arm covers)	fast	2.2s kissat 2026-07-30; proofs/numeric-probe eq_int4_sum
1842	int8_sum	crates/backend/utils/adt/numeric/src/builtins.rs	tested(differential: numeric_io_diff+numeric_ops_diff 10M+10.05M fleet execs 0-div @398465c499, planes value-image+verdict+sqlstate; jobs -67307/-51880 2026-07-31)	ladder	fc_int8_sum builtins.rs:64 -> numeric_add_common; null-passthrough + int64_to_numeric arms provable; DigitBuf seam: var.rs digit_buf_heap_realloc/digit_buf_put stub seams landed, from_view symbolic-nd proven cheap (min_scale 16s / trim_scale 241s demonstrators) — residual cost is the row's own arithmetic, re-triage per TRIAGE retained-buffer remedy | prior: candidate(DigitBuf wall broken 2026-07-30)
1843	interval_avg_accum	crates/backend/utils/adt/adt_timestamp/src/builtins.rs	proved(core do_interval_accum: full-symbolic IntervalAggState x newval; checked adds incl 22008 err parity; wrapper (agg_context/Mcx int->ptr) stays tested tier)	fast	1.0s default; proofs/datetime-b eq_interval_avg_accum_core; w2-timestamp 2026-07-30
1844	interval_avg	crates/backend/utils/adt/adt_timestamp/src/builtins.rs	proved(fc planes: empty/NOEND/NOBEGIN sym-N/22008-conflict + concrete mean spot) + tested(differential 10.7M checks -ffp-contract=off)	fast	1.7-2.9s default; mean-arm 53-bit interval_div = differential tier; FP-contraction finding OPEN (1779 mean-arm mismatches under clang default contraction, ground-truth on docker pg18 owed before any divergence filing); proofs/datetime-b; w2-timestamp 2026-07-30
1845	to_ascii_default	crates/backend/utils/adt/adt_ascii/src/lib.rs	proved(core len<=8, enc case-split {LATIN1,2,9,WIN1250}+coverage)	fast	2.7s; unsupported-enc error path = wall (format! ctor); proofs/name-ascii; tested(differential: enc_tables_diff 2x10.0M fleet execs glibc 0 div 2026-07-30, wrapper-level LocalFcinfo, value+verdict+errcode planes); corroboration: hashenc_diff 10M fleet wrapper+error planes (p1-lanee, 2026-07-31)
1846	to_ascii_enc	crates/backend/utils/adt/adt_ascii/src/lib.rs	proved(core len<=8, enc case-split+coverage)	fast	shares core; proofs/name-ascii; tested(differential: enc_tables_diff 2x10.0M fleet execs glibc 0 div 2026-07-30, wrapper-level LocalFcinfo, value+verdict+errcode planes); corroboration: hashenc_diff 10M fleet wrapper+error planes (p1-lanee, 2026-07-31)
1847	to_ascii_encname	crates/backend/utils/adt/adt_ascii/src/lib.rs	proved(core len<=8, enc case-split+coverage)	fast	shares core; proofs/name-ascii; tested(differential: enc_tables_diff 2x10.0M fleet execs glibc 0 div 2026-07-30, wrapper-level LocalFcinfo, value+verdict+errcode planes); corroboration: hashenc_diff 10M fleet wrapper+error planes (p1-lanee, 2026-07-31)
1850	int28eq	crates/backend/utils/adt/int8/src/builtins.rs	proved(full-domain)	fast	<=0.03s; proofs/int-cmp
1851	int28ne	crates/backend/utils/adt/int8/src/builtins.rs	proved(full-domain)	fast	<=0.03s; proofs/int-cmp
1852	int28lt	crates/backend/utils/adt/int8/src/builtins.rs	proved(full-domain)	fast	<=0.03s; proofs/int-cmp
1853	int28gt	crates/backend/utils/adt/int8/src/builtins.rs	proved(full-domain)	fast	<=0.03s; proofs/int-cmp
1854	int28le	crates/backend/utils/adt/int8/src/builtins.rs	proved(full-domain)	fast	<=0.03s; proofs/int-cmp
1855	int28ge	crates/backend/utils/adt/int8/src/builtins.rs	proved(full-domain)	fast	<=0.03s; proofs/int-cmp
1856	int82eq	crates/backend/utils/adt/int8/src/builtins.rs	proved(full-domain)	fast	<=0.03s; proofs/int-cmp
1857	int82ne	crates/backend/utils/adt/int8/src/builtins.rs	proved(full-domain)	fast	<=0.03s; proofs/int-cmp
1858	int82lt	crates/backend/utils/adt/int8/src/builtins.rs	proved(full-domain)	fast	<=0.03s; proofs/int-cmp
1859	int82gt	crates/backend/utils/adt/int8/src/builtins.rs	proved(full-domain)	fast	<=0.03s; proofs/int-cmp
1860	int82le	crates/backend/utils/adt/int8/src/builtins.rs	proved(full-domain)	fast	<=0.03s; proofs/int-cmp
1861	int82ge	crates/backend/utils/adt/int8/src/builtins.rs	proved(full-domain)	fast	<=0.03s; proofs/int-cmp
1892	int2and	crates/backend/utils/adt/int/src/builtins.rs	proved(full-i16×i16; wrapper-level)	fast	0.1s kissat; proofs/int-arith
1893	int2or	crates/backend/utils/adt/int/src/builtins.rs	proved(full-i16×i16; wrapper-level)	fast	0.1s; proofs/int-arith
1894	int2xor	crates/backend/utils/adt/int/src/builtins.rs	proved(full-i16×i16; wrapper-level)	fast	0.1s; proofs/int-arith
1895	int2not	crates/backend/utils/adt/int/src/builtins.rs	proved(full-i16; wrapper-level)	fast	0.1s; proofs/int-arith
1896	int2shl	crates/backend/utils/adt/int/src/builtins.rs	proved(count 0..=15 fenced vs C; out-of-range arm proved vs masked platform model, ratified UB plane)	fast	0.1s both arms; full-i16 value, full-i32 count on model arm; TRIAGE INT SHIFT UB PLANE; proofs/int-arith
1897	int2shr	crates/backend/utils/adt/int/src/builtins.rs	proved(count 0..=15 fenced vs C; out-of-range arm proved vs masked platform model, ratified UB plane)	fast	0.1s; proofs/int-arith
1898	int4and	crates/backend/utils/adt/int/src/builtins.rs	proved(full-i32×i32; wrapper-level)	fast	0.1s; proofs/int-arith
1899	int4or	crates/backend/utils/adt/int/src/builtins.rs	proved(full-i32×i32; wrapper-level)	fast	0.9s; proofs/int-arith
1900	int4xor	crates/backend/utils/adt/int/src/builtins.rs	proved(full-i32×i32; wrapper-level)	fast	1.9s; proofs/int-arith
1901	int4not	crates/backend/utils/adt/int/src/builtins.rs	proved(full-i32; wrapper-level)	fast	0.1s; proofs/int-arith
1902	int4shl	crates/backend/utils/adt/int/src/builtins.rs	proved(count 0..=31 fenced vs C; out-of-range arm proved vs masked platform model, ratified UB plane)	fast	0.1s; lib.rs:772 comment-claim machine-checked; proofs/int-arith
1903	int4shr	crates/backend/utils/adt/int/src/builtins.rs	proved(count 0..=31 fenced vs C; out-of-range arm proved vs masked platform model, ratified UB plane)	fast	0.1s; proofs/int-arith
1904	int8and	crates/backend/utils/adt/int8/src/builtins.rs	proved(full-i64×i64; wrapper-level)	fast	0.1s; proofs/int-arith
1905	int8or	crates/backend/utils/adt/int8/src/builtins.rs	proved(full-i64×i64; wrapper-level)	fast	0.1s; proofs/int-arith
1906	int8xor	crates/backend/utils/adt/int8/src/builtins.rs	proved(full-i64×i64; wrapper-level)	fast	0.1s; proofs/int-arith
1907	int8not	crates/backend/utils/adt/int8/src/builtins.rs	proved(full-i64; wrapper-level)	fast	0.1s; proofs/int-arith
1908	int8shl	crates/backend/utils/adt/int8/src/builtins.rs	proved(count 0..=63 fenced vs C; out-of-range arm proved vs masked platform model, ratified UB plane)	fast	0.1s/0.9s; proofs/int-arith
1909	int8shr	crates/backend/utils/adt/int8/src/builtins.rs	proved(count 0..=63 fenced vs C; out-of-range arm proved vs masked platform model, ratified UB plane)	fast	0.2s/0.1s; proofs/int-arith
1910	int8up	crates/backend/utils/adt/int8/src/builtins.rs	proved(full domain, wrapper-level)	fast	0.1s; proofs/int-arith
1911	int2up	crates/backend/utils/adt/int/src/builtins.rs	proved(full domain, wrapper-level)	fast	0.1s; proofs/int-arith
1912	int4up	crates/backend/utils/adt/int/src/builtins.rs	proved(full domain, wrapper-level)	fast	0.1s; proofs/int-arith
1913	float4up	crates/backend/utils/adt/float/src/builtins.rs	proved(full-domain bit-exact, wrapper-level)	fast	0.1s; proofs/float-arith
1914	float8up	crates/backend/utils/adt/float/src/builtins.rs	proved(full-domain bit-exact, wrapper-level)	fast	0.1s; proofs/float-arith
1915	numeric_uplus	crates/backend/utils/adt/numeric/src/builtins.rs	proved(byte-identity; C body is duplicate_numeric)	fast	7.1s; proofs/numeric-probe
1922	has_table_privilege_name_name	crates/backend/utils/adt/acl/src/builtins.rs	excluded(state)	-	ACL/catalog privilege check; DIVERGENCE CANDIDATE #A1 temp-toast IsSystemClass (aclchk lib.rs:404, confirmed on binaries 2026-07-30, proofs/aclcheck/ADJUDICATION-TEMPTOAST-SYSCLASS.md) + #A2 \v priv-string trim (ops.rs:374, ADJUDICATION-VTAB-PRIVSTRING.md); eq harnesses wall(timeout-450s) at lane cap
1923	has_table_privilege_name_id	crates/backend/utils/adt/acl/src/builtins.rs	excluded(state)	-	ACL/catalog privilege check; DIVERGENCE CANDIDATE #A1 temp-toast IsSystemClass (aclchk lib.rs:404, confirmed on binaries 2026-07-30, proofs/aclcheck/ADJUDICATION-TEMPTOAST-SYSCLASS.md) + #A2 \v priv-string trim (ops.rs:374, ADJUDICATION-VTAB-PRIVSTRING.md); eq harnesses wall(timeout-450s) at lane cap
1924	has_table_privilege_id_name	crates/backend/utils/adt/acl/src/builtins.rs	excluded(state)	-	ACL/catalog privilege check; DIVERGENCE CANDIDATE #A1 temp-toast IsSystemClass (aclchk lib.rs:404, confirmed on binaries 2026-07-30, proofs/aclcheck/ADJUDICATION-TEMPTOAST-SYSCLASS.md) + #A2 \v priv-string trim (ops.rs:374, ADJUDICATION-VTAB-PRIVSTRING.md); eq harnesses wall(timeout-450s) at lane cap
1925	has_table_privilege_id_id	crates/backend/utils/adt/acl/src/builtins.rs	excluded(state)	-	ACL/catalog privilege check; DIVERGENCE CANDIDATE #A1 temp-toast IsSystemClass (aclchk lib.rs:404, confirmed on binaries 2026-07-30, proofs/aclcheck/ADJUDICATION-TEMPTOAST-SYSCLASS.md) + #A2 \v priv-string trim (ops.rs:374, ADJUDICATION-VTAB-PRIVSTRING.md); eq harnesses wall(timeout-450s) at lane cap
1926	has_table_privilege_name	crates/backend/utils/adt/acl/src/builtins.rs	excluded(state)	-	ACL/catalog privilege check; DIVERGENCE CANDIDATE #A1 temp-toast IsSystemClass (aclchk lib.rs:404, confirmed on binaries 2026-07-30, proofs/aclcheck/ADJUDICATION-TEMPTOAST-SYSCLASS.md) + #A2 \v priv-string trim (ops.rs:374, ADJUDICATION-VTAB-PRIVSTRING.md); eq harnesses wall(timeout-450s) at lane cap
1927	has_table_privilege_id	crates/backend/utils/adt/acl/src/builtins.rs	excluded(state)	-	ACL/catalog privilege check; DIVERGENCE CANDIDATE #A1 temp-toast IsSystemClass (aclchk lib.rs:404, confirmed on binaries 2026-07-30, proofs/aclcheck/ADJUDICATION-TEMPTOAST-SYSCLASS.md) + #A2 \v priv-string trim (ops.rs:374, ADJUDICATION-VTAB-PRIVSTRING.md); eq harnesses wall(timeout-450s) at lane cap
1928	pg_stat_get_numscans	crates/backend/utils/adt/pgstatfuncs/src/lib.rs	excluded(state)	-	pg_stat shared-memory/catalog reads
1929	pg_stat_get_tuples_returned	crates/backend/utils/adt/pgstatfuncs/src/lib.rs	excluded(state)	-	pg_stat shared-memory/catalog reads
1930	pg_stat_get_tuples_fetched	crates/backend/utils/adt/pgstatfuncs/src/lib.rs	excluded(state)	-	pg_stat shared-memory/catalog reads
1931	pg_stat_get_tuples_inserted	crates/backend/utils/adt/pgstatfuncs/src/lib.rs	excluded(state)	-	pg_stat shared-memory/catalog reads
1932	pg_stat_get_tuples_updated	crates/backend/utils/adt/pgstatfuncs/src/lib.rs	excluded(state)	-	pg_stat shared-memory/catalog reads
1933	pg_stat_get_tuples_deleted	crates/backend/utils/adt/pgstatfuncs/src/lib.rs	excluded(state)	-	pg_stat shared-memory/catalog reads
1934	pg_stat_get_blocks_fetched	crates/backend/utils/adt/pgstatfuncs/src/lib.rs	excluded(state)	-	pg_stat shared-memory/catalog reads
1935	pg_stat_get_blocks_hit	crates/backend/utils/adt/pgstatfuncs/src/lib.rs	excluded(state)	-	pg_stat shared-memory/catalog reads
1936	pg_stat_get_backend_idset	crates/backend/utils/adt/pgstatfuncs/src/lib.rs	excluded(state)	-	pg_stat shared-memory/catalog reads
1937	pg_stat_get_backend_pid	crates/backend/utils/adt/pgstatfuncs/src/lib.rs	excluded(state)	-	pg_stat shared-memory/catalog reads
1938	pg_stat_get_backend_dbid	crates/backend/utils/adt/pgstatfuncs/src/lib.rs	excluded(state)	-	pg_stat shared-memory/catalog reads
1939	pg_stat_get_backend_userid	crates/backend/utils/adt/pgstatfuncs/src/lib.rs	excluded(state)	-	pg_stat shared-memory/catalog reads
1940	pg_stat_get_backend_activity	crates/backend/utils/adt/pgstatfuncs/src/lib.rs	excluded(state)	-	pg_stat shared-memory/catalog reads
1941	pg_stat_get_db_numbackends	crates/backend/utils/adt/pgstatfuncs/src/lib.rs	excluded(state)	-	pg_stat shared-memory/catalog reads
1942	pg_stat_get_db_xact_commit	crates/backend/utils/adt/pgstatfuncs/src/lib.rs	excluded(state)	-	pg_stat shared-memory/catalog reads
1943	pg_stat_get_db_xact_rollback	crates/backend/utils/adt/pgstatfuncs/src/lib.rs	excluded(state)	-	pg_stat shared-memory/catalog reads
1944	pg_stat_get_db_blocks_fetched	crates/backend/utils/adt/pgstatfuncs/src/lib.rs	excluded(state)	-	pg_stat shared-memory/catalog reads
1945	pg_stat_get_db_blocks_hit	crates/backend/utils/adt/pgstatfuncs/src/lib.rs	excluded(state)	-	pg_stat shared-memory/catalog reads
1946	binary_encode	crates/backend/utils/adt/encode/src/builtins.rs	candidate	ladder	SCALAR SLICES: pg_find_encoding encode/src/lib.rs:44 (unrecognized_encoding) + encode_len lib.rs:114 + MAX_ALLOC guard lib.rs:83; write path CONFIRMED excluded (raw-ptr set_len image)
1947	binary_decode	crates/backend/utils/adt/encode/src/builtins.rs	candidate	ladder	decode_len + per-codec reject classes lib.rs:96-110 (odd hex nibble, bad base64, bad \ooo); error-class parity payoff
1948	byteaeq	crates/backend/utils/adt/varlena/src/builtins.rs	proved(len<=8 each side, symbolic lens+contents; pre-detoasted fence)	fast	proofs/bytea-cmp; 0.2-2.4s
1949	bytealt	crates/backend/utils/adt/varlena/src/builtins.rs	proved(len<=8 each side, symbolic lens+contents; pre-detoasted fence)	fast	proofs/bytea-cmp; 0.2-2.4s
1950	byteale	crates/backend/utils/adt/varlena/src/builtins.rs	proved(len<=8 each side, symbolic lens+contents; pre-detoasted fence)	fast	proofs/bytea-cmp; 0.2-2.4s
1951	byteagt	crates/backend/utils/adt/varlena/src/builtins.rs	proved(len<=8 each side, symbolic lens+contents; pre-detoasted fence)	fast	proofs/bytea-cmp; 0.2-2.4s
1952	byteage	crates/backend/utils/adt/varlena/src/builtins.rs	proved(len<=8 each side, symbolic lens+contents; pre-detoasted fence)	fast	proofs/bytea-cmp; 0.2-2.4s
1953	byteane	crates/backend/utils/adt/varlena/src/builtins.rs	proved(len<=8 each side, symbolic lens+contents; pre-detoasted fence)	fast	proofs/bytea-cmp; 0.2-2.4s
1954	byteacmp	crates/backend/utils/adt/varlena/src/builtins.rs	proved(len<=8 each side, EXACT int32 incl memcmp magnitude)	fast	byte-diff convention ratified (matches varstrfastcmp_c doc); proofs/bytea-cmp; 0.2-2.4s
1961	timestamp_scale	crates/backend/utils/adt/adt_timestamp/src/builtins.rs	proved(passthrough/error planes full-symbolic + 16-cell rounding grid) + tested(differential all typmods incl wrap region, 0 mismatches)	ladder	/10^k band-immune; 2.2-4.7s; proofs/datetime-cmp wave7
1962	int2_avg_accum	crates/backend/utils/adt/numeric/src/builtins.rs	proved(wrapper-level agg arm: real _int8 array image + AggStateNode context demux in-theorem, symbolic count/sum/newval, in-place aliasing asserted; copy arm proved on int4 representative; transarray arithmetic now wrapping_add/sub matching C -fwrapv (fix/transarray-wrapping-add c36f1a0de0, debug wrap-panic eliminated, release identical); wrap plane out of theorem)	ladder	55.3s kissat 2026-07-30; proofs/numeric-probe eq_int2_avg_accum_agg
1963	int4_avg_accum	crates/backend/utils/adt/numeric/src/builtins.rs	proved(wrapper-level: agg arm in-place aliasing + copy arm (fresh image, input untouched, modulo static-buffer allocator model) + bad-transarray error arm (sqlstate+level parity); transarray arithmetic now wrapping_add/sub matching C -fwrapv (fix/transarray-wrapping-add c36f1a0de0, debug wrap-panic eliminated, release identical); wrap plane out of theorem)	ladder	56.3s agg + 73.1s copy + 50.3s badarr kissat 2026-07-30; proofs/numeric-probe eq_int4_avg_accum_agg/_copy/_badarr
1964	int8_avg	crates/backend/utils/adt/numeric/src/builtins.rs	tested(differential: numeric_io_diff+numeric_ops_diff 10M+10.05M fleet execs 0-div @398465c499, planes value-image+verdict+sqlstate; jobs -67307/-51880 2026-07-31)	ladder	int64_avg_div ops.rs:842 -> int_quotient_image ops.rs:885; count==0 NULL arm + transarray validation candidate-now; DigitBuf seam: var.rs digit_buf_heap_realloc/digit_buf_put stub seams landed, from_view symbolic-nd proven cheap (min_scale 16s / trim_scale 241s demonstrators) — residual cost is the row's own arithmetic, re-triage per TRIAGE retained-buffer remedy | prior: candidate(DigitBuf wall broken 2026-07-30)
1965	oidlarger	crates/backend/utils/adt/scalar/src/builtins.rs	proved(full-u32xu32, wrapper-level)	fast	0.33s; proofs/small-fams
1966	oidsmaller	crates/backend/utils/adt/scalar/src/builtins.rs	proved(full-u32xu32, wrapper-level)	fast	0.38s; proofs/small-fams
1967	timestamptz_scale	crates/backend/utils/adt/adt_timestamp/src/builtins.rs	proved(as 1961) + tested(differential)	ladder	proofs/datetime-cmp wave7
1968	time_scale	crates/backend/utils/adt/adt_date/src/builtins.rs	proved(passthrough/error planes + rounding spots incl p6) + tested(differential per datetime-b bin)	ladder	fleet greens; /10^k band-immune; proofs/datetime-b
1969	timetz_scale	crates/backend/utils/adt/adt_date/src/builtins.rs	proved(planes + spots as 1968)	ladder	proofs/datetime-b
1972	pg_stat_get_tuples_hot_updated	crates/backend/utils/adt/pgstatfuncs/src/lib.rs	excluded(state)	-	pg_stat shared-memory/catalog reads
1973	numeric_div_trunc	crates/backend/utils/adt/numeric/src/builtins.rs	tested(differential: numeric_io_diff+numeric_ops_diff 10M+10.05M fleet execs 0-div @398465c499, planes value-image+verdict+sqlstate; jobs -67307/-51880 2026-07-31)	ladder	numeric_div_trunc_common ops.rs:376 -> div_var round=false; DigitBuf seam: var.rs digit_buf_heap_realloc/digit_buf_put stub seams landed, from_view symbolic-nd proven cheap (min_scale 16s / trim_scale 241s demonstrators) — residual cost is the row's own arithmetic, re-triage per TRIAGE retained-buffer remedy | prior: candidate(DigitBuf wall broken 2026-07-30)
1980	numeric_div_trunc	crates/backend/utils/adt/numeric/src/builtins.rs	tested(differential: numeric_io_diff+numeric_ops_diff 10M+10.05M fleet execs 0-div @398465c499, planes value-image+verdict+sqlstate; jobs -67307/-51880 2026-07-31)	ladder	same PGFunction as 1973; DigitBuf seam: var.rs digit_buf_heap_realloc/digit_buf_put stub seams landed, from_view symbolic-nd proven cheap (min_scale 16s / trim_scale 241s demonstrators) — residual cost is the row's own arithmetic, re-triage per TRIAGE retained-buffer remedy | prior: candidate(DigitBuf wall broken 2026-07-30)
1986	similar_to_escape_2	crates/backend/utils/adt/regexp/src/builtins.rs	tested(differential: simesc arms of regexp_diff, same campaign; pure rewrite vs verbatim similar_escape; no engine)	fuzz-only	p1-laneag 2026-07-31 job pgrust-fuzz-campaign-1785535304-795f-37663 (evidence fuzz/fleet-evidence/regexp_diff-1785535304 - runner slow-unit-triage defect kept stats.json from S3; pod-extracted artifacts are the record) + local 207k smoke + exhaustive parse_re_flags sweep (65,281 len<=2 + 100k len<=4); prior verdict excluded(engine); ENGINE findings routed to regex/regex_core (p1-lanew): REG_ETOOBIG false-too-complex (docker-ground-truthed, witness test known_etoobig_divergence_repro), debug_asserts regex_compile.rs:2821/2163 fire on fuzz patterns, rstacktoodeep()=0 stack-overflow, engine compile OOMs
1987	similar_to_escape_1	crates/backend/utils/adt/regexp/src/builtins.rs	tested(differential: simesc arms of regexp_diff, same campaign; pure rewrite vs verbatim similar_escape; no engine)	fuzz-only	p1-laneag 2026-07-31 job pgrust-fuzz-campaign-1785535304-795f-37663 (evidence fuzz/fleet-evidence/regexp_diff-1785535304 - runner slow-unit-triage defect kept stats.json from S3; pod-extracted artifacts are the record) + local 207k smoke + exhaustive parse_re_flags sweep (65,281 len<=2 + 100k len<=4); prior verdict excluded(engine); ENGINE findings routed to regex/regex_core (p1-lanew): REG_ETOOBIG false-too-complex (docker-ground-truthed, witness test known_etoobig_divergence_repro), debug_asserts regex_compile.rs:2821/2163 fire on fuzz patterns, rstacktoodeep()=0 stack-overflow, engine compile OOMs
1993	shobj_description	crates/backend/utils/adt/adt_misc/src/builtins.rs	excluded(state)	-	server WAL/catalog/session state
2005	bytealike	crates/backend/utils/adt/like/src/builtins.rs	tested(differential: like_diff fleet 10M execs 0 div @325985a437; planes value+verdict+errcode; UTF8+LATIN1 encoding planes, C collation; carve: ICU/nondet collation + non-UTF8-MB arms -> exception rows)	fuzz-only	p1-laneag 2026-07-31 job pgrust-fuzz-campaign-1785518588-7871-24553; prior verdict excluded(engine); coverage 100% in-scope (fuzz+394 exception rows)
2006	byteanlike	crates/backend/utils/adt/like/src/builtins.rs	tested(differential: like_diff fleet 10M execs 0 div @325985a437; planes value+verdict+errcode; UTF8+LATIN1 encoding planes, C collation; carve: ICU/nondet collation + non-UTF8-MB arms -> exception rows)	fuzz-only	p1-laneag 2026-07-31 job pgrust-fuzz-campaign-1785518588-7871-24553; prior verdict excluded(engine); coverage 100% in-scope (fuzz+394 exception rows)
2007	like	crates/backend/utils/adt/like/src/builtins.rs	tested(differential: like_diff fleet 10M execs 0 div @325985a437; planes value+verdict+errcode; UTF8+LATIN1 encoding planes, C collation; carve: ICU/nondet collation + non-UTF8-MB arms -> exception rows)	fuzz-only	p1-laneag 2026-07-31 job pgrust-fuzz-campaign-1785518588-7871-24553; prior verdict excluded(engine); coverage 100% in-scope (fuzz+394 exception rows)
2008	notlike	crates/backend/utils/adt/like/src/builtins.rs	tested(differential: like_diff fleet 10M execs 0 div @325985a437; planes value+verdict+errcode; UTF8+LATIN1 encoding planes, C collation; carve: ICU/nondet collation + non-UTF8-MB arms -> exception rows)	fuzz-only	p1-laneag 2026-07-31 job pgrust-fuzz-campaign-1785518588-7871-24553; prior verdict excluded(engine); coverage 100% in-scope (fuzz+394 exception rows)
2009	like_escape	crates/backend/utils/adt/like/src/builtins.rs	tested(differential: like_diff fleet 10M execs 0 div @325985a437; planes out-image+verdict+errcode; SB+MB do_like_escape stampings)	fuzz-only	p1-laneag 2026-07-31 job pgrust-fuzz-campaign-1785518588-7871-24553; prior verdict excluded(engine); coverage 100% in-scope (fuzz+394 exception rows)
2010	byteaoctetlen	crates/backend/utils/adt/varlena/src/builtins.rs	proved(len<=8)	fast	0.36s; len<=8 fully symbolic; enc fence {UTF8,LATIN1}; C-collation; inline images; wrapper-level (LocalFcinfo); value+verdict+sqlstate-class parity; modulo static-buffer allocator model; proofs/text-slice
2011	byteacat	crates/backend/utils/adt/varlena/src/builtins.rs	wall(SAT/memory; symex completes 35-108s; both solvers; result-image (check_bytes) subfamily — scalar-verdict proves, image-compare walls; measured under multi-agent load, idle rerun owed) + tested(differential: fleet 10M-exec/target campaigns 2026-07-31 — vltext_diff job 1785485266, vlbytea_diff job 1785485273, vlmisc_diff jobs 1785485279+1785485968 — value+verdict+sqlstate planes, 0 divergences; corpus banked fuzz/corpus/)	wall	LATIN1/bytea arms SAT residue >490-560s, UTF8 arms >6GiB RSS; clamp arithmetic witnessed reachable by green cover; proofs/text-slice
2012	bytea_substr	crates/backend/utils/adt/varlena/src/builtins.rs	wall(SAT/memory; symex completes 35-108s; both solvers; result-image (check_bytes) subfamily — scalar-verdict proves, image-compare walls; measured under multi-agent load, idle rerun owed) + tested(differential: fleet 10M-exec/target campaigns 2026-07-31 — vltext_diff job 1785485266, vlbytea_diff job 1785485273, vlmisc_diff jobs 1785485279+1785485968 — value+verdict+sqlstate planes, 0 divergences; corpus banked fuzz/corpus/)	wall	LATIN1/bytea arms SAT residue >490-560s, UTF8 arms >6GiB RSS; clamp arithmetic witnessed reachable by green cover; proofs/text-slice
2013	bytea_substr_no_len	crates/backend/utils/adt/varlena/src/builtins.rs	wall(SAT/memory; symex completes 35-108s; both solvers; result-image (check_bytes) subfamily — scalar-verdict proves, image-compare walls; measured under multi-agent load, idle rerun owed) + tested(differential: fleet 10M-exec/target campaigns 2026-07-31 — vltext_diff job 1785485266, vlbytea_diff job 1785485273, vlmisc_diff jobs 1785485279+1785485968 — value+verdict+sqlstate planes, 0 divergences; corpus banked fuzz/corpus/)	wall	LATIN1/bytea arms SAT residue >490-560s, UTF8 arms >6GiB RSS; clamp arithmetic witnessed reachable by green cover; proofs/text-slice
2014	byteapos	crates/backend/utils/adt/varlena/src/builtins.rs	proved(len<=8)	fast	4.5s; short-needle control fails as required; len<=8 fully symbolic; enc fence {UTF8,LATIN1}; C-collation; inline images; wrapper-level (LocalFcinfo); value+verdict+sqlstate-class parity; modulo static-buffer allocator model; proofs/text-slice
2015	byteatrim	crates/backend/utils/adt/oracle_compat/src/builtins.rs	tested(differential: oraclefam_diff fleet 2x10M execs 0 div — jobs pgrust-fuzz-campaign-1785508394-540a-34016 + pgrust-fuzz-campaign-1785509898-3498-66645 @ 4c690bacec; planes value+verdict+sqlstate; encodings SQL_ASCII/UTF8/LATIN1 (+EUC_JP ascii/chr rejects); invalid-collid 42P22 arm; corpus 3303 committed; p1-laneaj)	fast | campaign p1-laneaj 2026-07-31	dobyteatrim pure window scan, no mb/locale; SCALAR SLICE (start,len) caps s<=8,set<=4; image = short explicit-extent copy (send-class); host proofs/strings-scalar; both arms
2019	timestamptz_time	crates/backend/utils/adt/adt_date/src/builtins.rs	excluded(wall: timestamp2tm)	-	lib.rs:712
2020	timestamp_trunc	crates/backend/utils/adt/adt_timestamp/src/builtins.rs	excluded(wall: timestamp2tm + tm2timestamp) + tested(differential: timestamp_diff 10M fleet 0-div @ f1c54d927d, planes value+verdict+sqlstate+fc-wrapper+soft-error)	-	lib.rs:1165; non-finite/unit-verdict slice only
2021	timestamp_part	crates/backend/utils/adt/adt_timestamp/src/builtins.rs	candidate -> tested(differential: timestamp_diff 10M fleet 0-div @ f1c54d927d, planes value+verdict+sqlstate+fc-wrapper+soft-error)	ladder	timestamp_part_common lib.rs:1465; non-finite lattice FAST + epoch part_epoch lib.rs:1330 (i64 sub /1e6); UNITS fenced
2022	pg_stat_get_activity	crates/backend/utils/adt/pgstatfuncs/src/lib.rs	excluded(state)	-	pg_stat shared-memory/catalog reads
2023	jsonb_path_query_first_tz	crates/backend/utils/adt/jsonpath_exec/src/builtins.rs	tested(differential: jsonpathexec_diff fleet 10.01M execs 0 div; planes verdict(true/false/NULL/hard)+sqlstate+result-image bytes+per-row images+fc-wrapper+short-varlena framing)	-	p1-laneaa 2026-07-31 job pgrust-fuzz-campaign-1785519081-6232-42303; oracle = verbatim 18.3 jsonpath_exec.c + jsonb_util.c + regex engine + numeric extracts; doc/vars images built once by the shipped adt_jsonb input path and fed to both engines (doc-parse parity = adt/jsonb, lane p1-lanev); carves: session-TZ datetime method/compare family, json_table.rs, SRF MultiFuncCall plumbing; prior verdict excluded(engine) RESOLVED
2024	date_timestamp	crates/backend/utils/adt/adt_date/src/builtins.rs	proved(date >= -2451545 U NOBEGIN fence; upper-overflow err arm in-theorem)	fast	3.8s; proofs/datetime-b lane D
2025	datetime_timestamp	crates/backend/utils/adt/adt_date/src/builtins.rs	proved(same as 1272)	fast	7.2s; proofs/datetime-b lane D
2026	pg_backend_pid	crates/backend/utils/adt/pgstatfuncs/src/lib.rs	excluded(state)	-	pg_stat shared-memory/catalog reads
2027	timestamptz_timestamp	crates/backend/utils/adt/adt_timestamp/src/builtins.rs	proved(non-finite plane full + recompose plane: tm2timestamp+date2j in-theorem at literal ymd/hms, fsec full-i32 decompose seam; decompose-failure arm out of proof)	fast	0.75s; proofs/datetime-cmp wave7
2028	timestamp_timestamptz	crates/backend/utils/adt/adt_timestamp/src/builtins.rs	proved(full-i64 modulo shared tz-seam ±86400; value + Err 22008 parity)	fast	1.9s kissat (default WALLS — inversion); proofs/datetime-cmp wave7
2029	timestamp_date	crates/backend/utils/adt/adt_date/src/builtins.rs	excluded(wall: timestamp2tm + date2j)	-	lib.rs:520
2030	jsonb_path_match_tz	crates/backend/utils/adt/jsonpath_exec/src/builtins.rs	tested(differential: jsonpathexec_diff fleet 10.01M execs 0 div; planes verdict(true/false/NULL/hard)+sqlstate+result-image bytes+per-row images+fc-wrapper+short-varlena framing)	-	p1-laneaa 2026-07-31 job pgrust-fuzz-campaign-1785519081-6232-42303; oracle = verbatim 18.3 jsonpath_exec.c + jsonb_util.c + regex engine + numeric extracts; doc/vars images built once by the shipped adt_jsonb input path and fed to both engines (doc-parse parity = adt/jsonb, lane p1-lanev); carves: session-TZ datetime method/compare family, json_table.rs, SRF MultiFuncCall plumbing; prior verdict excluded(engine) RESOLVED
2031	timestamp_mi	crates/backend/utils/adt/adt_date/src/builtins.rs	wall(rides 1188 — same C fn + same fc wrapper)	wall	proofs/datetime-cmp
2032	timestamp_pl_interval	crates/backend/utils/adt/adt_date/src/builtins.rs	proved(planes: m0d0 LITERAL w/ ts+span.time full symbolic incl sentinels + add-overflow + IS_VALID_TIMESTAMP Err parity; span NOBEGIN plane; NOEND plane; month/day julian planes OUT — loud-trapped both sides)	fast	1.2-1.6s/plane; NOT full-domain, remaining planes ride the j2date wall; proofs/datetime-cmp
2033	timestamp_mi_interval	crates/backend/utils/adt/adt_date/src/builtins.rs	proved(same three planes through interval_um_internal composition)	fast	1.3-1.9s/plane; proofs/datetime-cmp
2034	pg_conf_load_time	crates/backend/utils/adt/adt_misc/src/builtins.rs	excluded(state)	-	server WAL/catalog/session state
2035	timestamp_smaller	crates/backend/utils/adt/adt_timestamp/src/builtins.rs	proved(full-i64xi64, wrapper-level)	fast	0.08s; tz rows share fc_timestamp_* registration; proofs/datetime-cmp
2036	timestamp_larger	crates/backend/utils/adt/adt_timestamp/src/builtins.rs	proved(full-i64xi64, wrapper-level)	fast	0.08s; tz rows share fc_timestamp_* registration; proofs/datetime-cmp
2037	timetz_zone	crates/backend/utils/adt/adt_date/src/builtins.rs	excluded(state: DecodeTimezoneName + transaction-start timestamp + pg_get_timezone_name seams)	-	proofs/datetime-b lane D
2038	timetz_izone	crates/backend/utils/adt/adt_date/src/builtins.rs	proved(err planes full-symbolic 22023 + 8 literal-zone cells x contract-fenced symbolic time incl rotate loop+%) + tested(differential full-zone 2M)	fast	3.0-6.3s; unwind(5) on the C rotate loop; proofs/datetime-b lane D
2039	timestamp_hash	crates/backend/utils/adt/adt_timestamp/src/builtins.rs	proved(full-i64; hashint8 fold + hash_uint32 in-theorem)	fast	3.6s kissat; proofs/datetime-cmp wave7
2041	overlaps_timestamp	crates/backend/utils/adt/adt_timestamp/src/builtins.rs	proved(full 4xi64 x full null-cube, incl fcinfo null protocol)	fast	1.4s; proofs/datetime-cmp wave7
2045	timestamp_cmp	crates/backend/utils/adt/adt_timestamp/src/builtins.rs	proved(full-i64xi64, incl fmgr wrapper)	fast	0.1s; tz rows share fc_timestamp_* registration (verified); proofs/datetime-cmp
2046	timetz_time	crates/backend/utils/adt/adt_date/src/builtins.rs	proved(full domain, wrapper-level)	fast	0.35s; proofs/datetime-b lane D
2047	time_timetz	crates/backend/utils/adt/adt_date/src/builtins.rs	excluded(state: GetCurrentDateTime current-time seam + session-tz DetermineTimeZoneOffset — state-seam lane candidate)	-	proofs/datetime-b lane D
2048	timestamp_finite	crates/backend/utils/adt/adt_timestamp/src/builtins.rs	proved(full-i64, incl fmgr wrapper)	fast	0.16s; proofs/datetime-cmp wave7
2049	timestamp_to_char	crates/backend/utils/adt/formatting/src/fmgr_builtins.rs	excluded(wall: format-picture engine + result image)	-	dch_entry.rs:112
2052	timestamp_eq	crates/backend/utils/adt/adt_timestamp/src/builtins.rs	proved(full-i64xi64, incl fmgr wrapper)	fast	0.1s; tz rows share fc_timestamp_* registration (verified); proofs/datetime-cmp
2053	timestamp_ne	crates/backend/utils/adt/adt_timestamp/src/builtins.rs	proved(full-i64xi64, incl fmgr wrapper)	fast	0.1s; tz rows share fc_timestamp_* registration (verified); proofs/datetime-cmp
2054	timestamp_lt	crates/backend/utils/adt/adt_timestamp/src/builtins.rs	proved(full-i64xi64, incl fmgr wrapper)	fast	0.1s; tz rows share fc_timestamp_* registration (verified); proofs/datetime-cmp
2055	timestamp_le	crates/backend/utils/adt/adt_timestamp/src/builtins.rs	proved(full-i64xi64, incl fmgr wrapper)	fast	0.1s; tz rows share fc_timestamp_* registration (verified); proofs/datetime-cmp
2056	timestamp_ge	crates/backend/utils/adt/adt_timestamp/src/builtins.rs	proved(full-i64xi64, incl fmgr wrapper)	fast	0.1s; tz rows share fc_timestamp_* registration (verified); proofs/datetime-cmp
2057	timestamp_gt	crates/backend/utils/adt/adt_timestamp/src/builtins.rs	proved(full-i64xi64, incl fmgr wrapper)	fast	0.1s; tz rows share fc_timestamp_* registration (verified); proofs/datetime-cmp
2058	timestamp_age	crates/backend/utils/adt/adt_timestamp/src/builtins.rs	excluded(wall: dual timestamp2tm) + tested(differential: timestamp_diff 10M fleet 0-div @ f1c54d927d, planes value+verdict+sqlstate+fc-wrapper+soft-error)	-	interval.rs:1537
2069	timestamp_zone	crates/backend/utils/adt/adt_timestamp/src/builtins.rs	proved(fixed-offset arm modulo DecodeTimezoneName seam ±86400, full-i64 ts, Err 22008; DynTz/full-zone arms out-of-plane trapped)	fast	2.6s kissat; skew control fails correctly; proofs/datetime-cmp wave7
2070	timestamp_izone	crates/backend/utils/adt/adt_timestamp/src/builtins.rs	proved(literal zone.time grid x full-i64 + full-symbolic 22023 error planes) + tested(differential 4.4M symbolic zone.time, 0 mismatches)	ladder	/USECS_PER_SEC band-immune; 2.7-3.8s; proofs/datetime-cmp wave7
2071	date_pl_interval	crates/backend/utils/adt/adt_date/src/builtins.rs	proved(m0d0 + infinite-span planes; julian month/day tm-walk arms trap-fenced out of plane)	fast	datetime-b lane D wave-2: eq_date_pl_interval_m0d0 12.5s KISSAT (default solver walls 200s — inversion), nobegin/noend sentinel planes 1.7s; date fence >= -2451545 union NOBEGIN; date2timestamp upper-julian overflow arm + s64 add overflow + IS_VALID_TIMESTAMP in-theorem; Err arm 22008 sqlstate+level parity, message out (PgError::error stub)
2072	date_mi_interval	crates/backend/utils/adt/adt_date/src/builtins.rs	proved(m0d0 + infinite-span planes; julian month/day tm-walk arms trap-fenced out of plane)	fast	datetime-b lane D wave-2: eq_date_mi_interval_m0d0 15.8s KISSAT (default walls), nobegin/noend 1.7-1.9s; interval_um_internal negate-overflow arm in-theorem (time=i64::MIN => 22008); error-order parity (date overflow before span negate) preserved by construction both sides
2073	textregexsubstr	crates/backend/utils/adt/regexp/src/builtins.rs	tested(differential: regexp_diff fleet 3.65M execs / 25.8 CPU-h fork=15 @325985a437 (24h-CPU floor), 0 wrapper-plane div; planes value+verdict+errcode + fc plane; oracle = verbatim 18.3 regexp.c + vendored Spencer engine, UTF8 + C collation; carve: RE cache, RE2/engine-GUC dispatch, SRF shells -> exception rows)	fuzz-only	p1-laneag 2026-07-31 job pgrust-fuzz-campaign-1785535304-795f-37663 (evidence fuzz/fleet-evidence/regexp_diff-1785535304 - runner slow-unit-triage defect kept stats.json from S3; pod-extracted artifacts are the record) + local 207k smoke + exhaustive parse_re_flags sweep (65,281 len<=2 + 100k len<=4); prior verdict excluded(engine); ENGINE findings routed to regex/regex_core (p1-lanew): REG_ETOOBIG false-too-complex (docker-ground-truthed, witness test known_etoobig_divergence_repro), debug_asserts regex_compile.rs:2821/2163 fire on fuzz patterns, rstacktoodeep()=0 stack-overflow, engine compile OOMs
2075	bitfromint8	crates/backend/utils/adt/varbit/src/lib.rs	proved(5 typmod cells; int8 sign-fill arm needs typmod>=72, outside 8-byte cap — bounds)	slow	63-68s release-gate; proofs/varbit-rows relaunch 2026-07-29 (re-derived)
2076	bittoint8	crates/backend/utils/adt/varbit/src/lib.rs	proved(value core + err-arm sqlstate)	fast	0.9-2.0s; proofs/varbit-rows relaunch 2026-07-29 (re-derived)
2077	show_config_by_name	crates/backend/utils/misc/guc_funcs/src/settings.rs	excluded(state)	-	GUC read/write
2078	set_config_by_name	crates/backend/utils/misc/guc_funcs/src/settings.rs	excluded(state)	-	GUC read/write
2079	pg_table_is_visible	crates/backend/catalog/catalog_namespace/src/builtins.rs	excluded(state)	-	namespace/search_path state
2080	pg_type_is_visible	crates/backend/catalog/catalog_namespace/src/builtins.rs	excluded(state)	-	namespace/search_path state
2081	pg_function_is_visible	crates/backend/catalog/catalog_namespace/src/builtins.rs	excluded(state)	-	namespace/search_path state
2082	pg_operator_is_visible	crates/backend/catalog/catalog_namespace/src/builtins.rs	excluded(state)	-	namespace/search_path state
2083	pg_opclass_is_visible	crates/backend/catalog/catalog_namespace/src/builtins.rs	excluded(state)	-	namespace/search_path state
2084	show_all_settings	crates/backend/utils/misc/guc_funcs/src/settings.rs	excluded(state)	-	GUC read/write
2085	bytea_substr	crates/backend/utils/adt/varlena/src/builtins.rs	wall(SAT/memory; symex completes 35-108s; both solvers; result-image (check_bytes) subfamily — scalar-verdict proves, image-compare walls; measured under multi-agent load, idle rerun owed) + tested(differential: fleet 10M-exec/target campaigns 2026-07-31 — vltext_diff job 1785485266, vlbytea_diff job 1785485273, vlmisc_diff jobs 1785485279+1785485968 — value+verdict+sqlstate planes, 0 divergences; corpus banked fuzz/corpus/)	wall	LATIN1/bytea arms SAT residue >490-560s, UTF8 arms >6GiB RSS; clamp arithmetic witnessed reachable by green cover; proofs/text-slice
2086	bytea_substr_no_len	crates/backend/utils/adt/varlena/src/builtins.rs	wall(SAT/memory; symex completes 35-108s; both solvers; result-image (check_bytes) subfamily — scalar-verdict proves, image-compare walls; measured under multi-agent load, idle rerun owed) + tested(differential: fleet 10M-exec/target campaigns 2026-07-31 — vltext_diff job 1785485266, vlbytea_diff job 1785485273, vlmisc_diff jobs 1785485279+1785485968 — value+verdict+sqlstate planes, 0 divergences; corpus banked fuzz/corpus/)	wall	LATIN1/bytea arms SAT residue >490-560s, UTF8 arms >6GiB RSS; clamp arithmetic witnessed reachable by green cover; proofs/text-slice
2087	replace_text	crates/backend/utils/adt/varlena/src/builtins.rs	excluded(wall: result-image + std-Vec push) + tested(differential: fleet 10M-exec/target campaigns 2026-07-31 — vltext_diff job 1785485266, vlbytea_diff job 1785485273, vlmisc_diff jobs 1785485279+1785485968 — value+verdict+sqlstate planes, 0 divergences; corpus banked fuzz/corpus/)	-	lib.rs:777 text_position scan + Vec push build
2088	split_part	crates/backend/utils/adt/varlena/src/builtins.rs	candidate + tested(differential: fleet 10M-exec/target campaigns 2026-07-31 — vltext_diff job 1785485266, vlbytea_diff job 1785485273, vlmisc_diff jobs 1785485279+1785485968 — value+verdict+sqlstate planes, 0 divergences; corpus banked fuzz/corpus/)	ladder	varlena/src/lib.rs:810; SCALAR SLICE = selected field WINDOW + 22023 fldnum==0 + empty-sep/no-match arms; text_position_setup lib.rs:560 alloc-free fixed skiptable; B-M-H loop sets unwind floor; fence collid C
2089	to_hex32	crates/backend/utils/adt/varlena/src/builtins.rs	proved(full-i32; full-frame image + start index; frame core factored, shipped convert_to_base calls it)	fast	1.0s kissat; base literal 16 folds to shifts; proofs/bytea-cmp eq_to_hex32
2090	to_hex64	crates/backend/utils/adt/varlena/src/builtins.rs	proved(full-i64; full-frame image + start index)	fast	1.5s kissat; proofs/bytea-cmp eq_to_hex64
2091	array_lower	crates/backend/utils/adt/arrayfuncs/src/builtins.rs	proved(FULL-i32 ndim = in-range cells {0,1,2,6} UNION symbolic out-of-range cell, full-i32 reqdim + lbounds; flat pre-detoasted plane, wrapper-level; modulo static-buffer allocator model)	fast	proofs/arrayfuncs-hdr 84-183s/cell kissat; CORRUPTION-PLANE CANDIDATE CLOSED -- FIXED, NOT RATIFIED (fix/array-hdr-corruption-plane: read_dims_lbounds now sanity-checks ndim BEFORE the dims fill; the panic C answered with NULL is gone). Fence removed: *_ndim_corrupt cell proves symbolic ndim with `ndim as u32 > MAXDIM` over a full symbolic 6-dim body, so with the in-range cells the ndim plane is now full-i32. Standing native witness tests/corruption_plane.rs rewritten to assert the correct behavior. fix/array-hdr-reconcile 2026-07-30 [eq_array_lower_ndim_corrupt VERIFIED 101s kissat]; native diff 1.75M checks all ndim; w2-arrayjson
2092	array_upper	crates/backend/utils/adt/arrayfuncs/src/builtins.rs	proved(FULL-i32 ndim = in-range cells {0,1,2,6} UNION symbolic out-of-range cell, full-i32 reqdim; ub fence dims+lb-1 in i32 [in-contract per ArrayCheckBounds; outside it C -fwrapv wraps and release Rust wraps identically, debug Rust panics]; wrapper-level; modulo static-buffer allocator model)	fast	proofs/arrayfuncs-hdr 70-159s/cell; v1 harness FAILED was mk_image layout defect (packed lbs at 16+4*ndim), adjudicated + fixed, tests/upper_boundary.rs boundary grid green; CORRUPTION-PLANE CANDIDATE CLOSED -- FIXED, NOT RATIFIED (fix/array-hdr-corruption-plane: read_dims_lbounds now sanity-checks ndim BEFORE the dims fill; the panic C answered with NULL is gone). Fence removed: *_ndim_corrupt cell proves symbolic ndim with `ndim as u32 > MAXDIM` over a full symbolic 6-dim body, so with the in-range cells the ndim plane is now full-i32. Standing native witness tests/corruption_plane.rs rewritten to assert the correct behavior. fix/array-hdr-reconcile 2026-07-30 [eq_array_upper_ndim_corrupt VERIFIED 146s kissat]; w2-arrayjson
2096	pg_terminate_backend	crates/backend/storage/ipc/signalfuncs/src/lib.rs	excluded(state)	-	process signaling
2098	pg_get_functiondef	crates/backend/utils/adt/ruleutils/src/builtins.rs	excluded(state)	-	catalog deparse machinery
2121	pg_column_compression	crates/backend/utils/adt/varlena/src/builtins.rs	candidate	fast	toast_get_compression_id detoast/src/lib.rs:472; NULL/"pglz"/"lz4"/invalid-id which-ereport parity; literal 4-byte images; typlen seam. Host proofs/toast-hdr
2137	pg_stat_force_next_flush	crates/backend/utils/adt/pgstatfuncs/src/lib.rs	excluded(state)	-	pg_stat shared-memory/catalog reads
2160	text_pattern_lt	crates/backend/utils/adt/varlena/src/builtins.rs	proved(wrapper-level varlena; collation-free; len<=8/side sym)	fast	3-18s; proofs/text-cmp
2161	text_pattern_le	crates/backend/utils/adt/varlena/src/builtins.rs	proved(wrapper-level varlena; collation-free; len<=8/side sym)	fast	3-18s; proofs/text-cmp
2162	pg_get_function_arguments	crates/backend/utils/adt/ruleutils/src/builtins.rs	excluded(state)	-	catalog deparse machinery
2163	text_pattern_ge	crates/backend/utils/adt/varlena/src/builtins.rs	proved(wrapper-level varlena; collation-free; len<=8/side sym)	fast	3-18s; proofs/text-cmp
2164	text_pattern_gt	crates/backend/utils/adt/varlena/src/builtins.rs	proved(wrapper-level varlena; collation-free; len<=8/side sym)	fast	3-18s; proofs/text-cmp
2165	pg_get_function_result	crates/backend/utils/adt/ruleutils/src/builtins.rs	excluded(state)	-	catalog deparse machinery
2166	bttext_pattern_cmp	crates/backend/utils/adt/varlena/src/builtins.rs	proved(wrapper-level varlena; collation-free; len<=8/side sym)	fast	3-18s; proofs/text-cmp
2167	ceiling	crates/backend/utils/adt/numeric/src/builtins.rs	tested(differential: numeric_io_diff+numeric_ops_diff 10M+10.05M fleet execs 0-div @398465c499, planes value-image+verdict+sqlstate; jobs -67307/-51880 2026-07-31)	ladder	same PGFunction as 1711; DigitBuf seam: var.rs digit_buf_heap_realloc/digit_buf_put stub seams landed, from_view symbolic-nd proven cheap (min_scale 16s / trim_scale 241s demonstrators) — residual cost is the row's own arithmetic, re-triage per TRIAGE retained-buffer remedy | prior: candidate(DigitBuf wall broken 2026-07-30)
2168	pg_database_size_name	crates/backend/utils/adt/dbsize/src/builtins.rs	excluded(state)	-	relation/db file-size stat
2169	power	crates/backend/utils/adt/numeric/src/builtins.rs	tested(differential: numeric_io_diff+numeric_ops_diff 10M+10.05M fleet execs 0-div @398465c499, planes value-image+verdict+sqlstate; jobs -67307/-51880 2026-07-31)	-	alias oid of 1738 (same PGFunction numeric_power); power_var math.rs:749 | prior: excluded(wall: power_var exp/ln + binary-exponentiation loop)
2170	width_bucket	crates/backend/utils/adt/numeric/src/builtins.rs	tested(differential: numeric_io_diff+numeric_ops_diff 10M+10.05M fleet execs 0-div @398465c499, planes value-image+verdict+sqlstate; jobs -67307/-51880 2026-07-31)	ladder	width_bucket_numeric math.rs:1400 — error-class + boundary plane pure cmp_numerics ops.rs:409 incl bucket-0 literal arm; FENCE compute_bucket math.rs:1364 + count+1 arm. Host proofs/numeric-probe | prior: candidate
2171	pg_cancel_backend	crates/backend/storage/ipc/signalfuncs/src/lib.rs	excluded(state)	-	process signaling
2172	pg_backup_start	crates/backend/utils/adt/adt_misc/src/builtins.rs	excluded(state)	-	server WAL/catalog/session state
2174	bpchar_pattern_lt	crates/backend/utils/adt/varchar/src/builtins.rs	proved(wrapper-level varlena; collation-free; len<=8/side sym)	fast	3-18s; proofs/text-cmp
2175	bpchar_pattern_le	crates/backend/utils/adt/varchar/src/builtins.rs	proved(wrapper-level varlena; collation-free; len<=8/side sym)	fast	3-18s; proofs/text-cmp
2176	array_length	crates/backend/utils/adt/arrayfuncs/src/builtins.rs	proved(FULL-i32 ndim = in-range cells {0,1,2,6} UNION symbolic out-of-range cell, full-i32 reqdim + dims; flat pre-detoasted plane, wrapper-level; modulo static-buffer allocator model)	fast	proofs/arrayfuncs-hdr 102-174s/cell kissat; CORRUPTION-PLANE CANDIDATE CLOSED -- FIXED, NOT RATIFIED (fix/array-hdr-corruption-plane: read_dims_lbounds now sanity-checks ndim BEFORE the dims fill; the panic C answered with NULL is gone). Fence removed: *_ndim_corrupt cell proves symbolic ndim with `ndim as u32 > MAXDIM` over a full symbolic 6-dim body, so with the in-range cells the ndim plane is now full-i32. Standing native witness tests/corruption_plane.rs rewritten to assert the correct behavior. fix/array-hdr-reconcile 2026-07-30 [eq_array_length_ndim_corrupt VERIFIED 129s kissat]; w2-arrayjson
2177	bpchar_pattern_ge	crates/backend/utils/adt/varchar/src/builtins.rs	proved(wrapper-level varlena; collation-free; len<=8/side sym)	fast	3-18s; proofs/text-cmp
2178	bpchar_pattern_gt	crates/backend/utils/adt/varchar/src/builtins.rs	proved(wrapper-level varlena; collation-free; len<=8/side sym)	fast	3-18s; proofs/text-cmp
2179	gist_point_consistent	crates/backend/access/gist/gistproc/src/lib.rs	proved(group0 per-strategy cells 1/5/6/10/11/29/30 full-sym coords + in-group error arm; group1 non-fuzzy overlap; group>=4 error arm; recheck parity)	fast	groups 2/3 (poly/circle leaf-exact arms) FENCED - ladder follow-up stays open; s6 default 241.8s (kissat walls), others 3.0-15.9s kissat; 29/30 remap fence in group1 (harness-defect repair); proofs/gist-geo
2180	btbpchar_pattern_cmp	crates/backend/utils/adt/varchar/src/builtins.rs	proved(wrapper-level varlena; collation-free; len<=8/side sym)	fast	3-18s; proofs/text-cmp
2181	has_sequence_privilege_name_name	crates/backend/utils/adt/acl/src/builtins.rs	excluded(state)	-	ACL/catalog privilege check
2182	has_sequence_privilege_name_id	crates/backend/utils/adt/acl/src/builtins.rs	excluded(state)	-	ACL/catalog privilege check
2183	has_sequence_privilege_id_name	crates/backend/utils/adt/acl/src/builtins.rs	excluded(state)	-	ACL/catalog privilege check
2184	has_sequence_privilege_id_id	crates/backend/utils/adt/acl/src/builtins.rs	excluded(state)	-	ACL/catalog privilege check
2185	has_sequence_privilege_name	crates/backend/utils/adt/acl/src/builtins.rs	excluded(state)	-	ACL/catalog privilege check
2186	has_sequence_privilege_id	crates/backend/utils/adt/acl/src/builtins.rs	excluded(state)	-	ACL/catalog privilege check
2188	btint48cmp	crates/backend/access/nbtree/compare/src/builtins.rs	proved(full-domain mixed-width threeway; wrapper-level)	fast	10-20s fleet; proofs/int-cmp
2189	btint84cmp	crates/backend/access/nbtree/compare/src/builtins.rs	proved(full-domain mixed-width threeway; wrapper-level)	fast	10-20s fleet; proofs/int-cmp
2190	btint24cmp	crates/backend/access/nbtree/compare/src/builtins.rs	proved(full-domain mixed-width threeway; wrapper-level)	fast	10-20s fleet; proofs/int-cmp
2191	btint42cmp	crates/backend/access/nbtree/compare/src/builtins.rs	proved(full-domain mixed-width threeway; wrapper-level)	fast	10-20s fleet; proofs/int-cmp
2192	btint28cmp	crates/backend/access/nbtree/compare/src/builtins.rs	proved(full-domain mixed-width threeway; wrapper-level)	fast	10-20s fleet; proofs/int-cmp
2193	btint82cmp	crates/backend/access/nbtree/compare/src/builtins.rs	proved(full-domain mixed-width threeway; wrapper-level)	fast	10-20s fleet; proofs/int-cmp
2194	btfloat48cmp	crates/backend/utils/adt/float/src/builtins.rs	proved(full f32xf64; widening exact; wrapper-level)	fast	0.17-0.25s; proofs/float-cmp
2195	btfloat84cmp	crates/backend/utils/adt/float/src/builtins.rs	proved(full f32xf64; widening exact; wrapper-level)	fast	0.17-0.25s; proofs/float-cmp
2196	inet_client_addr	crates/backend/utils/adt/network/src/builtins.rs	excluded(blocked: libc FFI + session state)	-	session_addr network/src/builtins.rs:324 getnameinfo over MyProcPort
2197	inet_client_port	crates/backend/utils/adt/network/src/builtins.rs	excluded(blocked: libc FFI + session state)	-	session_port sibling
2198	inet_server_addr	crates/backend/utils/adt/network/src/builtins.rs	excluded(blocked: libc FFI + session state)	-	session_addr(local=true)
2199	inet_server_port	crates/backend/utils/adt/network/src/builtins.rs	excluded(blocked: libc FFI + session state)	-	session_port(local=true)
2212	regprocedurein	crates/backend/utils/adt/regproc/src/builtins.rs	excluded(state)	-	catalog name lookup (reg* io)
2213	regprocedureout	crates/backend/utils/adt/regproc/src/builtins.rs	excluded(state)	-	catalog name lookup (reg* io)
2214	regoperin	crates/backend/utils/adt/regproc/src/builtins.rs	excluded(state)	-	catalog name lookup (reg* io)
2215	regoperout	crates/backend/utils/adt/regproc/src/builtins.rs	excluded(state)	-	catalog name lookup (reg* io)
2216	regoperatorin	crates/backend/utils/adt/regproc/src/builtins.rs	excluded(state)	-	catalog name lookup (reg* io)
2217	regoperatorout	crates/backend/utils/adt/regproc/src/builtins.rs	excluded(state)	-	catalog name lookup (reg* io)
2218	regclassin	crates/backend/utils/adt/regproc/src/builtins.rs	excluded(state)	-	catalog name lookup (reg* io)
2219	regclassout	crates/backend/utils/adt/regproc/src/builtins.rs	excluded(state)	-	catalog name lookup (reg* io)
2220	regtypein	crates/backend/utils/adt/regproc/src/builtins.rs	excluded(state)	-	catalog name lookup (reg* io)
2221	regtypeout	crates/backend/utils/adt/regproc/src/builtins.rs	excluded(state)	-	catalog name lookup (reg* io)
2230	pg_stat_clear_snapshot	crates/backend/utils/adt/pgstatfuncs/src/lib.rs	excluded(state)	-	pg_stat shared-memory/catalog reads
2232	pg_get_function_identity_arguments	crates/backend/utils/adt/ruleutils/src/builtins.rs	excluded(state)	-	catalog deparse machinery
2233	hashtid	crates/backend/utils/adt/scalar/src/builtins.rs	proved(full symbolic 6-byte tid image, wrapper-level)	fast	2.3s; C hashes the 4-byte block fold of all 6 bytes — len-skew control in family; proofs/hash-rows wave5
2234	hashtidextended	crates/backend/utils/adt/scalar/src/builtins.rs	proved(full symbolic 6-byte tid image + full symbolic seed, wrapper-level)	fast	6.7s; proofs/hash-rows wave5
2246	fmgr_internal_validator	crates/backend/executor/sql_functions/src/lib.rs	excluded(state: catalog + MemoryContext)	-	sql_functions/src/lib.rs:1177
2247	fmgr_c_validator	crates/backend/catalog/pg_proc/src/lib.rs	excluded(state)	-	pg_proc catalog state
2248	fmgr_sql_validator	crates/backend/executor/sql_functions/src/lib.rs	excluded(state: catalog + parser)	-	sql_functions/src/lib.rs:1196
2250	has_database_privilege_name_name	crates/backend/utils/adt/acl/src/builtins.rs	excluded(state)	-	ACL/catalog privilege check
2251	has_database_privilege_name_id	crates/backend/utils/adt/acl/src/builtins.rs	excluded(state)	-	ACL/catalog privilege check
2252	has_database_privilege_id_name	crates/backend/utils/adt/acl/src/builtins.rs	excluded(state)	-	ACL/catalog privilege check
2253	has_database_privilege_id_id	crates/backend/utils/adt/acl/src/builtins.rs	excluded(state)	-	ACL/catalog privilege check
2254	has_database_privilege_name	crates/backend/utils/adt/acl/src/builtins.rs	excluded(state)	-	ACL/catalog privilege check
2255	has_database_privilege_id	crates/backend/utils/adt/acl/src/builtins.rs	excluded(state)	-	ACL/catalog privilege check
2256	has_function_privilege_name_name	crates/backend/utils/adt/acl/src/builtins.rs	excluded(state)	-	ACL/catalog privilege check
2257	has_function_privilege_name_id	crates/backend/utils/adt/acl/src/builtins.rs	excluded(state)	-	ACL/catalog privilege check
2258	has_function_privilege_id_name	crates/backend/utils/adt/acl/src/builtins.rs	excluded(state)	-	ACL/catalog privilege check
2259	has_function_privilege_id_id	crates/backend/utils/adt/acl/src/builtins.rs	excluded(state)	-	ACL/catalog privilege check
2260	has_function_privilege_name	crates/backend/utils/adt/acl/src/builtins.rs	excluded(state)	-	ACL/catalog privilege check
2261	has_function_privilege_id	crates/backend/utils/adt/acl/src/builtins.rs	excluded(state)	-	ACL/catalog privilege check
2262	has_language_privilege_name_name	crates/backend/utils/adt/acl/src/builtins.rs	excluded(state)	-	ACL/catalog privilege check
2263	has_language_privilege_name_id	crates/backend/utils/adt/acl/src/builtins.rs	excluded(state)	-	ACL/catalog privilege check
2264	has_language_privilege_id_name	crates/backend/utils/adt/acl/src/builtins.rs	excluded(state)	-	ACL/catalog privilege check
2265	has_language_privilege_id_id	crates/backend/utils/adt/acl/src/builtins.rs	excluded(state)	-	ACL/catalog privilege check
2266	has_language_privilege_name	crates/backend/utils/adt/acl/src/builtins.rs	excluded(state)	-	ACL/catalog privilege check
2267	has_language_privilege_id	crates/backend/utils/adt/acl/src/builtins.rs	excluded(state)	-	ACL/catalog privilege check
2268	has_schema_privilege_name_name	crates/backend/utils/adt/acl/src/builtins.rs	excluded(state)	-	ACL/catalog privilege check
2269	has_schema_privilege_name_id	crates/backend/utils/adt/acl/src/builtins.rs	excluded(state)	-	ACL/catalog privilege check
2270	has_schema_privilege_id_name	crates/backend/utils/adt/acl/src/builtins.rs	excluded(state)	-	ACL/catalog privilege check
2271	has_schema_privilege_id_id	crates/backend/utils/adt/acl/src/builtins.rs	excluded(state)	-	ACL/catalog privilege check
2272	has_schema_privilege_name	crates/backend/utils/adt/acl/src/builtins.rs	excluded(state)	-	ACL/catalog privilege check
2273	has_schema_privilege_id	crates/backend/utils/adt/acl/src/builtins.rs	excluded(state)	-	ACL/catalog privilege check
2274	pg_stat_reset	crates/backend/utils/adt/pgstatfuncs/src/lib.rs	excluded(state)	-	pg_stat shared-memory/catalog reads
2282	pg_get_backend_memory_contexts	crates/backend/utils/adt/mcxtfuncs/src/lib.rs	excluded(state)	-	memory-context introspection
2284	textregexreplace_noopt	crates/backend/utils/adt/regexp/src/builtins.rs	tested(differential: regexp_diff fleet 3.65M execs / 25.8 CPU-h fork=15 @325985a437 (24h-CPU floor), 0 wrapper-plane div; planes value+verdict+errcode + fc plane; oracle = verbatim 18.3 regexp.c + vendored Spencer engine, UTF8 + C collation; carve: RE cache, RE2/engine-GUC dispatch, SRF shells -> exception rows)	fuzz-only	p1-laneag 2026-07-31 job pgrust-fuzz-campaign-1785535304-795f-37663 (evidence fuzz/fleet-evidence/regexp_diff-1785535304 - runner slow-unit-triage defect kept stats.json from S3; pod-extracted artifacts are the record) + local 207k smoke + exhaustive parse_re_flags sweep (65,281 len<=2 + 100k len<=4); prior verdict excluded(engine); ENGINE findings routed to regex/regex_core (p1-lanew): REG_ETOOBIG false-too-complex (docker-ground-truthed, witness test known_etoobig_divergence_repro), debug_asserts regex_compile.rs:2821/2163 fire on fuzz patterns, rstacktoodeep()=0 stack-overflow, engine compile OOMs
2285	textregexreplace	crates/backend/utils/adt/regexp/src/builtins.rs	tested(differential: regexp_diff fleet 3.65M execs / 25.8 CPU-h fork=15 @325985a437 (24h-CPU floor), 0 wrapper-plane div; planes value+verdict+errcode + fc plane; oracle = verbatim 18.3 regexp.c + vendored Spencer engine, UTF8 + C collation; carve: RE cache, RE2/engine-GUC dispatch, SRF shells -> exception rows)	fuzz-only	p1-laneag 2026-07-31 job pgrust-fuzz-campaign-1785535304-795f-37663 (evidence fuzz/fleet-evidence/regexp_diff-1785535304 - runner slow-unit-triage defect kept stats.json from S3; pod-extracted artifacts are the record) + local 207k smoke + exhaustive parse_re_flags sweep (65,281 len<=2 + 100k len<=4); prior verdict excluded(engine); ENGINE findings routed to regex/regex_core (p1-lanew): REG_ETOOBIG false-too-complex (docker-ground-truthed, witness test known_etoobig_divergence_repro), debug_asserts regex_compile.rs:2821/2163 fire on fuzz patterns, rstacktoodeep()=0 stack-overflow, engine compile OOMs
2286	pg_total_relation_size	crates/backend/utils/adt/dbsize/src/builtins.rs	excluded(state)	-	relation/db file-size stat
2288	pg_size_pretty	crates/backend/utils/adt/dbsize/src/builtins.rs	candidate	fast	pure formatting, pow2 shifts (dbsize/builtins.rs:128)
2289	pg_options_to_table	crates/backend/commands/foreigncmds_seams/src/lib.rs	excluded(state)	-	foreign-object catalog state
2290	record_in	crates/backend/utils/adt/rowtypes/src/lib.rs	tested(differential: rowtypes_diff fleet campaigns 10M+10M execs clean (jobs ...936-57c8-77827 base, ...095-6aad-13291 extended family), value+verdict+errcode planes, 7-descriptor pinned-typcache menu incl byval 1/2/4/8 + fixed byref + varlena + dropped)	-	p1-laneai 2026-07-31; residual arms carried in proofs/coverage/phase1-exceptions.tsv
2291	record_out	crates/backend/utils/adt/rowtypes/src/lib.rs	tested(differential: rowtypes_diff fleet campaigns 10M+10M execs clean (jobs ...936-57c8-77827 base, ...095-6aad-13291 extended family), value+verdict+errcode planes, 7-descriptor pinned-typcache menu incl byval 1/2/4/8 + fixed byref + varlena + dropped)	-	p1-laneai 2026-07-31; residual arms carried in proofs/coverage/phase1-exceptions.tsv
2292	cstring_in	crates/backend/utils/adt/pseudotypes/src/builtins.rs	proved(spots: len 0/1/3 concrete cap4 + garbage-after-NUL; symbolic content wall(memory >6GB))	fast/wall-split	17.3s/spot; derived-length copy wall class (pstrdup position()-derived memcpy, walls MEMORY every cap/solver combo); modulo static-buffer allocator model; wrapper tested tier; proofs/pseudotypes
2293	cstring_out	crates/backend/utils/adt/pseudotypes/src/builtins.rs	proved(spots: len 0/1/3 concrete cap4 + garbage-after-NUL; symbolic content wall(memory >6GB))	fast/wall-split	17.1s/spot; same census as cstring_in; proofs/pseudotypes
2294	any_in	crates/backend/utils/adt/pseudotypes/src/builtins.rs	proved(err-parity: verdict+sqlstate+level; all args ignored)	fast	~0.6s default solver; proofs/pseudotypes eq_any_in; wrapper-level via LocalFcinfo (call1, null Datum); C MAKE_SQLSTATE computed vs shipped with_sqlstate — 0A000 encoding in-theorem; message text/location out of proof; Err-arm cover! + shell_in must-fail control
2295	any_out	crates/backend/utils/adt/pseudotypes/src/builtins.rs	proved(err-parity: verdict+sqlstate+level; all args ignored)	fast	~0.6s default solver; proofs/pseudotypes eq_any_out; wrapper-level via LocalFcinfo (call1, null Datum); C MAKE_SQLSTATE computed vs shipped with_sqlstate — 0A000 encoding in-theorem; message text/location out of proof; Err-arm cover! + shell_in must-fail control
2296	anyarray_in	crates/backend/utils/adt/pseudotypes/src/builtins.rs	proved(err-parity: verdict+sqlstate+level; all args ignored)	fast	~0.6s default solver; proofs/pseudotypes eq_anyarray_in; wrapper-level via LocalFcinfo (call1, null Datum); C MAKE_SQLSTATE computed vs shipped with_sqlstate — 0A000 encoding in-theorem; message text/location out of proof; Err-arm cover! + shell_in must-fail control
2297	anyarray_out	crates/backend/utils/adt/arrayfuncs/src/builtins.rs	excluded(typcache)	-	element typcache/fmgr dispatch
2298	void_in	crates/backend/utils/adt/pseudotypes/src/builtins.rs	proved(full; Datum 0 parity, shipped wrapper)	fast	0.13s; proofs/pseudotypes eq_void_in
2299	void_out	crates/backend/utils/adt/pseudotypes/src/builtins.rs	proved(empty-cstring value; wrapper + core lane)	fast	wrapper 0.16s; core 11.6s modulo static-buffer allocator model (tiny-proof-heap); proofs/pseudotypes eq_void_out + eq_void_out_core
2300	trigger_in	crates/backend/utils/adt/pseudotypes/src/builtins.rs	proved(err-parity: verdict+sqlstate+level; all args ignored)	fast	~0.6s default solver; proofs/pseudotypes eq_trigger_in; wrapper-level via LocalFcinfo (call1, null Datum); C MAKE_SQLSTATE computed vs shipped with_sqlstate — 0A000 encoding in-theorem; message text/location out of proof; Err-arm cover! + shell_in must-fail control
2301	trigger_out	crates/backend/utils/adt/pseudotypes/src/builtins.rs	proved(err-parity: verdict+sqlstate+level; all args ignored)	fast	~0.6s default solver; proofs/pseudotypes eq_trigger_out; wrapper-level via LocalFcinfo (call1, null Datum); C MAKE_SQLSTATE computed vs shipped with_sqlstate — 0A000 encoding in-theorem; message text/location out of proof; Err-arm cover! + shell_in must-fail control
2302	language_handler_in	crates/backend/utils/adt/pseudotypes/src/builtins.rs	proved(err-parity: verdict+sqlstate+level; all args ignored)	fast	~0.6s default solver; proofs/pseudotypes eq_language_handler_in; wrapper-level via LocalFcinfo (call1, null Datum); C MAKE_SQLSTATE computed vs shipped with_sqlstate — 0A000 encoding in-theorem; message text/location out of proof; Err-arm cover! + shell_in must-fail control
2303	language_handler_out	crates/backend/utils/adt/pseudotypes/src/builtins.rs	proved(err-parity: verdict+sqlstate+level; all args ignored)	fast	~0.6s default solver; proofs/pseudotypes eq_language_handler_out; wrapper-level via LocalFcinfo (call1, null Datum); C MAKE_SQLSTATE computed vs shipped with_sqlstate — 0A000 encoding in-theorem; message text/location out of proof; Err-arm cover! + shell_in must-fail control
2304	internal_in	crates/backend/utils/adt/pseudotypes/src/builtins.rs	proved(err-parity: verdict+sqlstate+level; all args ignored)	fast	~0.6s default solver; proofs/pseudotypes eq_internal_in; wrapper-level via LocalFcinfo (call1, null Datum); C MAKE_SQLSTATE computed vs shipped with_sqlstate — 0A000 encoding in-theorem; message text/location out of proof; Err-arm cover! + shell_in must-fail control
2305	internal_out	crates/backend/utils/adt/pseudotypes/src/builtins.rs	proved(err-parity: verdict+sqlstate+level; all args ignored)	fast	~0.6s default solver; proofs/pseudotypes eq_internal_out; wrapper-level via LocalFcinfo (call1, null Datum); C MAKE_SQLSTATE computed vs shipped with_sqlstate — 0A000 encoding in-theorem; message text/location out of proof; Err-arm cover! + shell_in must-fail control
2306	pg_stat_get_slru	crates/backend/utils/adt/pgstatfuncs/src/lib.rs	excluded(state)	-	pg_stat shared-memory/catalog reads
2307	pg_stat_reset_slru	crates/backend/utils/adt/pgstatfuncs/src/lib.rs	excluded(state)	-	pg_stat shared-memory/catalog reads
2308	dceil	crates/backend/utils/adt/float/src/builtins.rs	proved(full-f64 incl NaN payloads; wrapper-level)	fast	fleet-banked; proofs/float-arith
2309	dfloor	crates/backend/utils/adt/float/src/builtins.rs	proved(full-f64; wrapper-level)	fast	fleet-banked; proofs/float-arith
2310	dsign	crates/backend/utils/adt/float/src/builtins.rs	proved(full-f64 incl NaN->0 arm; wrapper-level)	fast	fleet-banked; proofs/float-arith
2311	md5_text	crates/backend/utils/adt/cryptohashfuncs/src/lib.rs	excluded(wall: md5 rounds)	-	md5_common cryptohashfuncs/src/lib.rs:10; no length/error plane exists (strict, infallible)
2312	anyelement_in	crates/backend/utils/adt/pseudotypes/src/builtins.rs	proved(err-parity: verdict+sqlstate+level; all args ignored)	fast	~0.6s default solver; proofs/pseudotypes eq_anyelement_in; wrapper-level via LocalFcinfo (call1, null Datum); C MAKE_SQLSTATE computed vs shipped with_sqlstate — 0A000 encoding in-theorem; message text/location out of proof; Err-arm cover! + shell_in must-fail control
2313	anyelement_out	crates/backend/utils/adt/pseudotypes/src/builtins.rs	proved(err-parity: verdict+sqlstate+level; all args ignored)	fast	~0.6s default solver; proofs/pseudotypes eq_anyelement_out; wrapper-level via LocalFcinfo (call1, null Datum); C MAKE_SQLSTATE computed vs shipped with_sqlstate — 0A000 encoding in-theorem; message text/location out of proof; Err-arm cover! + shell_in must-fail control
2316	postgresql_fdw_validator	crates/backend/commands/foreigncmds_seams/src/lib.rs	excluded(state)	-	foreign-object catalog state
2319	pg_encoding_max_length	crates/backend/utils/mb/mbutils/src/builtins.rs	tested(exhaustive: full i32 domain incl NULL arm, wrapper-level LocalFcinfo; value+null planes)	fast	p1-laneah a0: x_fc_max_length_full_i32 (fuzz/core/tests/wcharfam_exhaustive.rs) vs verbatim 18.3 oracle validity gate; run log proofs/wcharfam/RUNLOG.md; also wcharfam_diff fleet campaign pgrust-fuzz-campaign-1785508363-7d57-32869 (10.0M, 0 div)
2320	dceil	crates/backend/utils/adt/float/src/builtins.rs	proved(full-f64 incl NaN payloads; wrapper-level)	fast	fleet-banked; proofs/float-arith
2321	md5_bytea	crates/backend/utils/adt/cryptohashfuncs/src/lib.rs	excluded(wall: md5 rounds)	-	same core as 2311
2322	pg_tablespace_size_oid	crates/backend/utils/adt/dbsize/src/builtins.rs	excluded(state)	-	relation/db file-size stat
2323	pg_tablespace_size_name	crates/backend/utils/adt/dbsize/src/builtins.rs	excluded(state)	-	relation/db file-size stat
2324	pg_database_size_oid	crates/backend/utils/adt/dbsize/src/builtins.rs	excluded(state)	-	relation/db file-size stat
2331	array_unnest	crates/backend/utils/adt/arrayfuncs/src/builtins.rs	excluded(state)	-	SRF machinery + typcache
2332	pg_relation_size	crates/backend/utils/adt/dbsize/src/builtins.rs	excluded(state)	-	relation/db file-size stat
2333	array_agg_transfn	crates/backend/utils/adt/arrayfuncs/src/builtins.rs	excluded(state)	-	aggregate context + typcache
2334	array_agg_finalfn	crates/backend/utils/adt/arrayfuncs/src/builtins.rs	excluded(state)	-	aggregate context + typcache
2338	date_lt_timestamp	crates/backend/utils/adt/adt_date/src/builtins.rs	proved(date>=-106751991 ∪ NOBEGIN, full-i64 ts; overflow->sentinel verdict parity in-theorem)	fast	1-4.5s; proofs/datetime-cmp
2339	date_le_timestamp	crates/backend/utils/adt/adt_date/src/builtins.rs	proved(date>=-106751991 ∪ NOBEGIN, full-i64 ts; overflow->sentinel verdict parity in-theorem)	fast	1-4.5s; proofs/datetime-cmp
2340	date_eq_timestamp	crates/backend/utils/adt/adt_date/src/builtins.rs	proved(date>=-106751991 ∪ NOBEGIN, full-i64 ts; overflow->sentinel verdict parity in-theorem)	fast	1-4.5s; proofs/datetime-cmp
2341	date_gt_timestamp	crates/backend/utils/adt/adt_date/src/builtins.rs	proved(date>=-106751991 ∪ NOBEGIN, full-i64 ts; overflow->sentinel verdict parity in-theorem)	fast	1-4.5s; proofs/datetime-cmp
2342	date_ge_timestamp	crates/backend/utils/adt/adt_date/src/builtins.rs	proved(date>=-106751991 ∪ NOBEGIN, full-i64 ts; overflow->sentinel verdict parity in-theorem)	fast	1-4.5s; proofs/datetime-cmp
2343	date_ne_timestamp	crates/backend/utils/adt/adt_date/src/builtins.rs	proved(date>=-106751991 ∪ NOBEGIN, full-i64 ts; overflow->sentinel verdict parity in-theorem)	fast	1-4.5s; proofs/datetime-cmp
2344	date_cmp_timestamp	crates/backend/utils/adt/adt_date/src/builtins.rs	proved(date>=-106751991 ∪ NOBEGIN, full-i64 ts; overflow->sentinel verdict parity in-theorem)	fast	1-4.5s; proofs/datetime-cmp
2351	date_lt_timestamptz	crates/backend/utils/adt/adt_date/src/builtins.rs	proved(modulo shared tz-seam; seam offset universally quantified ±86400; verdict parity in-theorem)	fast	1-5.6s; seam internals triaged separately; proofs/datetime-cmp
2352	date_le_timestamptz	crates/backend/utils/adt/adt_date/src/builtins.rs	proved(modulo shared tz-seam; seam offset universally quantified ±86400; verdict parity in-theorem)	fast	1-5.6s; seam internals triaged separately; proofs/datetime-cmp
2353	date_eq_timestamptz	crates/backend/utils/adt/adt_date/src/builtins.rs	proved(modulo shared tz-seam; seam offset universally quantified ±86400; verdict parity in-theorem)	fast	1-5.6s; seam internals triaged separately; proofs/datetime-cmp
2354	date_gt_timestamptz	crates/backend/utils/adt/adt_date/src/builtins.rs	proved(modulo shared tz-seam; seam offset universally quantified ±86400; verdict parity in-theorem)	fast	1-5.6s; seam internals triaged separately; proofs/datetime-cmp
2355	date_ge_timestamptz	crates/backend/utils/adt/adt_date/src/builtins.rs	proved(modulo shared tz-seam; seam offset universally quantified ±86400; verdict parity in-theorem)	fast	1-5.6s; seam internals triaged separately; proofs/datetime-cmp
2356	date_ne_timestamptz	crates/backend/utils/adt/adt_date/src/builtins.rs	proved(modulo shared tz-seam; seam offset universally quantified ±86400; verdict parity in-theorem)	fast	1-5.6s; seam internals triaged separately; proofs/datetime-cmp
2357	date_cmp_timestamptz	crates/backend/utils/adt/adt_date/src/builtins.rs	proved(modulo shared tz-seam; seam offset universally quantified ±86400; verdict parity in-theorem)	fast	1-5.6s; seam internals triaged separately; proofs/datetime-cmp
2364	timestamp_lt_date	crates/backend/utils/adt/adt_date/src/builtins.rs	proved(date>=-106751991 ∪ NOBEGIN, full-i64 ts; overflow->sentinel verdict parity in-theorem)	fast	1-4.5s; proofs/datetime-cmp
2365	timestamp_le_date	crates/backend/utils/adt/adt_date/src/builtins.rs	proved(date>=-106751991 ∪ NOBEGIN, full-i64 ts; overflow->sentinel verdict parity in-theorem)	fast	1-4.5s; proofs/datetime-cmp
2366	timestamp_eq_date	crates/backend/utils/adt/adt_date/src/builtins.rs	proved(date>=-106751991 ∪ NOBEGIN, full-i64 ts; overflow->sentinel verdict parity in-theorem)	fast	1-4.5s; proofs/datetime-cmp
2367	timestamp_gt_date	crates/backend/utils/adt/adt_date/src/builtins.rs	proved(date>=-106751991 ∪ NOBEGIN, full-i64 ts; overflow->sentinel verdict parity in-theorem)	fast	1-4.5s; proofs/datetime-cmp
2368	timestamp_ge_date	crates/backend/utils/adt/adt_date/src/builtins.rs	proved(date>=-106751991 ∪ NOBEGIN, full-i64 ts; overflow->sentinel verdict parity in-theorem)	fast	1-4.5s; proofs/datetime-cmp
2369	timestamp_ne_date	crates/backend/utils/adt/adt_date/src/builtins.rs	proved(date>=-106751991 ∪ NOBEGIN, full-i64 ts; overflow->sentinel verdict parity in-theorem)	fast	1-4.5s; proofs/datetime-cmp
2370	timestamp_cmp_date	crates/backend/utils/adt/adt_date/src/builtins.rs	proved(date>=-106751991 ∪ NOBEGIN, full-i64 ts; overflow->sentinel verdict parity in-theorem)	fast	1-4.5s; proofs/datetime-cmp
2377	timestamptz_lt_date	crates/backend/utils/adt/adt_date/src/builtins.rs	proved(modulo shared tz-seam; seam offset universally quantified ±86400; verdict parity in-theorem)	fast	1-5.6s; seam internals triaged separately; proofs/datetime-cmp
2378	timestamptz_le_date	crates/backend/utils/adt/adt_date/src/builtins.rs	proved(modulo shared tz-seam; seam offset universally quantified ±86400; verdict parity in-theorem)	fast	1-5.6s; seam internals triaged separately; proofs/datetime-cmp
2379	timestamptz_eq_date	crates/backend/utils/adt/adt_date/src/builtins.rs	proved(modulo shared tz-seam; seam offset universally quantified ±86400; verdict parity in-theorem)	fast	1-5.6s; seam internals triaged separately; proofs/datetime-cmp
2380	timestamptz_gt_date	crates/backend/utils/adt/adt_date/src/builtins.rs	proved(modulo shared tz-seam; seam offset universally quantified ±86400; verdict parity in-theorem)	fast	1-5.6s; seam internals triaged separately; proofs/datetime-cmp
2381	timestamptz_ge_date	crates/backend/utils/adt/adt_date/src/builtins.rs	proved(modulo shared tz-seam; seam offset universally quantified ±86400; verdict parity in-theorem)	fast	1-5.6s; seam internals triaged separately; proofs/datetime-cmp
2382	timestamptz_ne_date	crates/backend/utils/adt/adt_date/src/builtins.rs	proved(modulo shared tz-seam; seam offset universally quantified ±86400; verdict parity in-theorem)	fast	1-5.6s; seam internals triaged separately; proofs/datetime-cmp
2383	timestamptz_cmp_date	crates/backend/utils/adt/adt_date/src/builtins.rs	proved(modulo shared tz-seam; seam offset universally quantified ±86400; verdict parity in-theorem)	fast	1-5.6s; seam internals triaged separately; proofs/datetime-cmp
2390	has_tablespace_privilege_name_name	crates/backend/utils/adt/acl/src/builtins.rs	excluded(state)	-	ACL/catalog privilege check
2391	has_tablespace_privilege_name_id	crates/backend/utils/adt/acl/src/builtins.rs	excluded(state)	-	ACL/catalog privilege check
2392	has_tablespace_privilege_id_name	crates/backend/utils/adt/acl/src/builtins.rs	excluded(state)	-	ACL/catalog privilege check
2393	has_tablespace_privilege_id_id	crates/backend/utils/adt/acl/src/builtins.rs	excluded(state)	-	ACL/catalog privilege check
2394	has_tablespace_privilege_name	crates/backend/utils/adt/acl/src/builtins.rs	excluded(state)	-	ACL/catalog privilege check
2395	has_tablespace_privilege_id	crates/backend/utils/adt/acl/src/builtins.rs	excluded(state)	-	ACL/catalog privilege check
2398	shell_in	crates/backend/utils/adt/pseudotypes/src/builtins.rs	proved(err-parity: verdict+sqlstate+level; all args ignored)	fast	~0.6s default solver; proofs/pseudotypes eq_shell_in; wrapper-level via LocalFcinfo (call1, null Datum); C MAKE_SQLSTATE computed vs shipped with_sqlstate — 0A000 encoding in-theorem; message text/location out of proof; Err-arm cover! + shell_in must-fail control
2399	shell_out	crates/backend/utils/adt/pseudotypes/src/builtins.rs	proved(err-parity: verdict+sqlstate+level; all args ignored)	fast	~0.6s default solver; proofs/pseudotypes eq_shell_out; wrapper-level via LocalFcinfo (call1, null Datum); C MAKE_SQLSTATE computed vs shipped with_sqlstate — 0A000 encoding in-theorem; message text/location out of proof; Err-arm cover! + shell_in must-fail control
2400	array_recv	crates/backend/utils/adt/arrayfuncs/src/builtins.rs	excluded(typcache)	-	element typcache/fmgr dispatch
2401	array_send	crates/backend/utils/adt/arrayfuncs/src/builtins.rs	excluded(typcache)	-	element typcache/fmgr dispatch
2402	record_recv	crates/backend/utils/adt/rowtypes/src/lib.rs	tested(differential: rowtypes_diff fleet campaigns 10M+10M execs clean (jobs ...936-57c8-77827 base, ...095-6aad-13291 extended family), value+verdict+errcode planes, 7-descriptor pinned-typcache menu incl byval 1/2/4/8 + fixed byref + varlena + dropped)	-	p1-laneai 2026-07-31; residual arms carried in proofs/coverage/phase1-exceptions.tsv
2403	record_send	crates/backend/utils/adt/rowtypes/src/lib.rs	tested(differential: rowtypes_diff fleet campaigns 10M+10M execs clean (jobs ...936-57c8-77827 base, ...095-6aad-13291 extended family), value+verdict+errcode planes, 7-descriptor pinned-typcache menu incl byval 1/2/4/8 + fixed byref + varlena + dropped)	-	p1-laneai 2026-07-31; residual arms carried in proofs/coverage/phase1-exceptions.tsv
2404	int2recv	crates/backend/utils/adt/int/src/builtins.rs	wall(symex: datum->StringInfo pointer round-trip provenance checks; >240s)	wall	harness ready in proofs/int-arith; re-open on refactor or idle box
2405	int2send	crates/backend/utils/adt/int/src/builtins.rs	proved(full-i16; entire wire image incl 4B varlena header byte-compared; modulo static-buffer allocator model)	slow	49.2s kissat release-gate; mcx-stubs+tiny-proof-heap+fmt-stub recipe; proofs/int-arith
2406	int4recv	crates/backend/utils/adt/int/src/builtins.rs	wall(symex: same class; >300s)	wall	proofs/int-arith
2407	int4send	crates/backend/utils/adt/int/src/builtins.rs	proved(full-i32; entire wire image; modulo static-buffer allocator model)	slow	65.6s kissat release-gate; proofs/int-arith
2408	int8recv	crates/backend/utils/adt/int8/src/builtins.rs	wall(symex: same class, shared macro body; not run per rerun budget)	wall	proofs/int-arith
2409	int8send	crates/backend/utils/adt/int8/src/builtins.rs	proved(full-i64; entire wire image; modulo static-buffer allocator model)	slow	112.8s kissat release-gate; proofs/int-arith
2410	int2vectorrecv	crates/backend/utils/adt/arrayfuncs/src/builtins.rs	excluded(typcache)	-	element typcache/fmgr dispatch
2411	int2vectorsend	crates/backend/utils/adt/arrayfuncs/src/builtins.rs	excluded(typcache)	-	element typcache/fmgr dispatch
2412	bytearecv	crates/backend/utils/adt/varlena/src/builtins.rs	candidate + tested(differential: fleet 10M-exec/target campaigns 2026-07-31 — vltext_diff job 1785485266, vlbytea_diff job 1785485273, vlmisc_diff jobs 1785485279+1785485968 — value+verdict+sqlstate planes, 0 divergences; corpus banked fuzz/corpus/)	ladder	bytea.rs:259 explicit-extent copy of remaining buf; CORE-level StringInfo (date_recv 2468 precedent beats recv-ABI wall); per-length cells; no mb verify (vs textrecv)
2413	byteasend	crates/backend/utils/adt/varlena/src/builtins.rs	proved(identity wire image, cells len 0/8 fully symbolic content + varsize parity; modulo static-buffer allocator model)	ladder	72.8/76.9s default; eq_byteasend_l0/_l8; C = PG_GETARG_BYTEA_P_COPY identity; proofs/bytea-cmp (varbit W10 continuation 2026-07-30)
2414	textrecv	crates/backend/utils/adt/varlena/src/builtins.rs	excluded(blocked: recv ABI pointer-datum) + tested(differential: fleet 10M-exec/target campaigns 2026-07-31 — vltext_diff job 1785485266, vlbytea_diff job 1785485273, vlmisc_diff jobs 1785485279+1785485968 — value+verdict+sqlstate planes, 0 divergences; corpus banked fuzz/corpus/)	-	builtins.rs:279 arg_stringinfo + pg_verify_mbstr; re-opens on slice-core refactor
2415	textsend	crates/backend/utils/adt/varlena/src/builtins.rs	candidate + tested(differential: fleet 10M-exec/target campaigns 2026-07-31 — vltext_diff job 1785485266, vlbytea_diff job 1785485273, vlmisc_diff jobs 1785485279+1785485968 — value+verdict+sqlstate planes, 0 divergences; corpus banked fuzz/corpus/)	ladder	varlena::textsend lib.rs:502 — canonical send-family member; prove first, siblings minutes each
2416	unknownrecv	crates/backend/utils/adt/varlena/src/builtins.rs	excluded(blocked: recv ABI pointer-datum) + tested(differential: fleet 10M-exec/target campaigns 2026-07-31 — vltext_diff job 1785485266, vlbytea_diff job 1785485273, vlmisc_diff jobs 1785485279+1785485968 — value+verdict+sqlstate planes, 0 divergences; corpus banked fuzz/corpus/)	-	lib.rs:522 + trailing-NUL push
2417	unknownsend	crates/backend/utils/adt/varlena/src/builtins.rs	excluded(wall: derived-length copy) + tested(differential: fleet 10M-exec/target campaigns 2026-07-31 — vltext_diff job 1785485266, vlbytea_diff job 1785485273, vlmisc_diff jobs 1785485279+1785485968 — value+verdict+sqlstate planes, 0 divergences; corpus banked fuzz/corpus/)	-	lib.rs:529; length from position(NUL) = pstrdup class; concrete spot proofs only
2418	oidrecv	crates/backend/utils/adt/scalar/src/builtins.rs	excluded(blocked: recv ABI pointer-datum)	-	builtins.rs:108 arg_stringinfo, logic wholly in wrapper (= xidrecv 2440 class); core-level would be bare pq_getmsgint
2419	oidsend	crates/backend/utils/adt/scalar/src/builtins.rs	proved(full-u32, wrapper-level, modulo static-buffer allocator model)	slow	70.4s kissat; wave-5 2026-07-30; proofs/scalar-misc
2420	oidvectorrecv	crates/backend/utils/adt/arrayfuncs/src/builtins.rs	excluded(typcache)	-	element typcache/fmgr dispatch
2421	oidvectorsend	crates/backend/utils/adt/arrayfuncs/src/builtins.rs	excluded(typcache)	-	element typcache/fmgr dispatch
2422	namerecv	crates/backend/utils/adt/name/src/builtins.rs	excluded(blocked: recv ABI pointer-datum) + tested(differential: name_diff 20.5M-exec campaign — namerecv Ok/42622/22021 arms vs vendored 18.3 C verifier, fc wrapper plane)	-	name/builtins.rs:196 + format! errdetail (fmt trap)
2423	namesend	crates/backend/utils/adt/name/src/builtins.rs	excluded(wall: derived-length copy) + tested(differential: name_diff campaign — namesend image parity, UTF8 encoding pin)	-	name/src/lib.rs:54; NUL-scan length over [u8;64]; concrete per-NUL-position cells only
2424	float4recv	crates/backend/utils/adt/float/src/builtins.rs	tested(differential: float_misc_diff fleet 10M execs 0 div; planes value-bits+verdict+errclass incl 08P01 short-buffer arm; vs verbatim pqformat.c pq_getmsgfloat4)	wall	io.rs float4recv; p1-lanead 2026-07-31 jobs pgrust-fuzz-campaign-1785507150-5144-26388 + round-2; prior verdict wall(symex: pointer-datum recv ABI)
2425	float4send	crates/backend/utils/adt/float/src/builtins.rs	proved(full symbolic bits incl every NaN payload; entire wire image incl 4B header; modulo static-buffer allocator model)	slow	33.5s; proofs/float-arith
2426	float8recv	crates/backend/utils/adt/float/src/builtins.rs	tested(differential: float_misc_diff fleet 10M execs 0 div; planes value-bits+verdict+errclass incl 08P01 short-buffer arm; vs verbatim pqformat.c pq_getmsgfloat8)	wall	io.rs float8recv; p1-lanead 2026-07-31 jobs pgrust-fuzz-campaign-1785507150-5144-26388 + round-2; prior verdict wall(symex: pointer-datum recv ABI)
2427	float8send	crates/backend/utils/adt/float/src/builtins.rs	proved(full symbolic bits; entire wire image; modulo allocator model)	slow	56.6s; proofs/float-arith
2428	point_recv	crates/backend/utils/adt/geo/src/builtins.rs	proved(full-sym 16B wire frame, exact-size fence; BE order + f64 bit pun in-theorem; core-level (recv-ABI wall keeps the fc wrapper out); modulo static-buffer allocator model)	slow	48.4s kissat; proofs/geo-cmp ext4 2026-07-30
2429	point_send	crates/backend/utils/adt/geo/src/builtins.rs	proved(full-sym point, complete 20B bytea image incl 4B varlena header; core-level (recv-ABI wall keeps the fc wrapper out); modulo static-buffer allocator model)	slow	78.0s kissat; proofs/geo-cmp ext4 2026-07-30
2430	bpcharrecv	crates/backend/utils/adt/varchar/src/builtins.rs	excluded(blocked: recv ABI pointer-datum)	-	varchar/builtins.rs:94; clip half covered by row 1044
2431	bpcharsend	crates/backend/utils/adt/varchar/src/builtins.rs	candidate	ladder	textsend delegation — free sibling once 2415 (textsend send-image rig) lands; screened 2026-07-30 w2-varchar: NOT double-harnessed in oracle-compat (module-doc ruling)
2432	varcharrecv	crates/backend/utils/adt/varchar/src/builtins.rs	excluded(blocked: recv ABI pointer-datum)	-	lib.rs:328; clip half = row 1046
2433	varcharsend	crates/backend/utils/adt/varchar/src/builtins.rs	candidate	ladder	textsend delegation — free sibling once 2415 lands; screened 2026-07-30 w2-varchar: NOT double-harnessed in oracle-compat (module-doc ruling)
2434	charrecv	crates/backend/utils/adt/char/src/builtins.rs	proved(core dlen<=4 cells d0-d4, sym bytes+cursor)	fast	charrecv core via harness-built StringInfo; value+cursor parity Ok arm, sqlstate/level parity Err arm; wrapper shell = pointer-datum recv ABI (out of proof, recv-wall precedent); modulo static-buffer allocator model, message text/location out of proof. Symbolic-dlen harness = CNF wall (fleet 40GB rss-kill); literal cells 40-47s local load~9. proofs/char wave5 2026-07-30
2435	charsend	crates/backend/utils/adt/char/src/builtins.rs	proved(entry-point fc_charsend, full-i8)	ladder	5-byte send image byte-equal vs REL_18 C; modulo static-buffer allocator model; + must-fail image-skew control. fleet c8g 80s. proofs/char wave5 2026-07-30
2436	boolrecv	crates/backend/utils/adt/bool/src/builtins.rs	tested(differential: bool_diff coverage-guided 24.3M local + 2x10M fleet, 0 diffs; byte-semantics + wire-parity planes; fc_boolrecv driven via recv-ABI pointer datum)	-	bool/src/builtins.rs:15 arg_stringinfo; prior verdict excluded(blocked: pointer-datum round-trip) (pointer-datum proof wall stands; fuzz-only route, p1-lane0a 2026-07-30)
2437	boolsend	crates/backend/utils/adt/bool/src/builtins.rs	proved(entry-point fc_boolsend, full-bool)	ladder	5-byte send image byte-equal; modulo allocator model; + must-fail negate control. fleet c8g 80s. proofs/bool wave_sendtext 2026-07-30
2438	tidrecv	crates/backend/utils/adt/scalar/src/builtins.rs	excluded(blocked: recv ABI pointer-datum)	-	builtins.rs:354 arg_stringinfo (= xidrecv 2440 class); core-level re-open: two pq_getmsgint + fixed 6B image
2439	tidsend	crates/backend/utils/adt/scalar/src/builtins.rs	proved(full symbolic 6-byte tid image, wrapper-level, modulo static-buffer allocator model)	slow	94.1s kissat; wave-5 2026-07-30; proofs/scalar-misc
2440	xidrecv	crates/backend/utils/adt/scalar/src/builtins.rs	excluded(blocked: pointer-datum round-trip)	-	scalar/src/builtins.rs:159
2441	xidsend	crates/backend/utils/adt/scalar/src/builtins.rs	proved(full-u32, wrapper-level, modulo static-buffer allocator model)	slow	86.8s kissat; same registered fc_xidsend body as cidsend; wave-5 2026-07-30; proofs/scalar-misc
2442	cidrecv	crates/backend/utils/adt/scalar/src/builtins.rs	excluded(blocked: pointer-datum round-trip)	-	shared fc with xidrecv
2443	cidsend	crates/backend/utils/adt/scalar/src/builtins.rs	proved(full-u32, wrapper-level, modulo static-buffer allocator model)	slow	86.8s kissat; same registered fc_xidsend body as xidsend; wave-5 2026-07-30; proofs/scalar-misc
2444	regprocrecv	crates/backend/utils/adt/regproc/src/builtins.rs	excluded(state)	-	catalog name lookup (reg* io)
2445	regprocsend	crates/backend/utils/adt/regproc/src/builtins.rs	excluded(state)	-	catalog name lookup (reg* io)
2446	regprocedurerecv	crates/backend/utils/adt/regproc/src/builtins.rs	excluded(state)	-	catalog name lookup (reg* io)
2447	regproceduresend	crates/backend/utils/adt/regproc/src/builtins.rs	excluded(state)	-	catalog name lookup (reg* io)
2448	regoperrecv	crates/backend/utils/adt/regproc/src/builtins.rs	excluded(state)	-	catalog name lookup (reg* io)
2449	regopersend	crates/backend/utils/adt/regproc/src/builtins.rs	excluded(state)	-	catalog name lookup (reg* io)
2450	regoperatorrecv	crates/backend/utils/adt/regproc/src/builtins.rs	excluded(state)	-	catalog name lookup (reg* io)
2451	regoperatorsend	crates/backend/utils/adt/regproc/src/builtins.rs	excluded(state)	-	catalog name lookup (reg* io)
2452	regclassrecv	crates/backend/utils/adt/regproc/src/builtins.rs	excluded(state)	-	catalog name lookup (reg* io)
2453	regclasssend	crates/backend/utils/adt/regproc/src/builtins.rs	excluded(state)	-	catalog name lookup (reg* io)
2454	regtyperecv	crates/backend/utils/adt/regproc/src/builtins.rs	excluded(state)	-	catalog name lookup (reg* io)
2455	regtypesend	crates/backend/utils/adt/regproc/src/builtins.rs	excluded(state)	-	catalog name lookup (reg* io)
2456	bit_recv	crates/backend/utils/adt/varbit/src/lib.rs	proved(protocol planes: short-header/short-body, negative-len, >VARBITMAXLEN, typmod mismatch/truncation, 96-137s) + wall(Ok-IMAGE arm memory@6GiB both solvers — fleet 40GB tier)	ladder	proofs/varbit-rows relaunch 2026-07-29 (re-derived)
2457	bit_send	crates/backend/utils/adt/varbit/src/lib.rs	proved(shipped fc wrapper, whole wire image byte-compared, bitlen 12/0 cells)	slow	159-162s release-gate; proofs/varbit-rows relaunch 2026-07-29 (re-derived)
2458	varbit_recv	crates/backend/utils/adt/varbit/src/lib.rs	proved(protocol planes: short-header/short-body, negative-len, >VARBITMAXLEN, typmod mismatch/truncation, 96-137s) + wall(Ok-IMAGE arm memory@6GiB both solvers — fleet 40GB tier)	ladder	proofs/varbit-rows relaunch 2026-07-29 (re-derived)
2459	varbit_send	crates/backend/utils/adt/varbit/src/lib.rs	proved(shipped fc wrapper, whole wire image byte-compared, bitlen 12/0 cells)	slow	159-162s release-gate; proofs/varbit-rows relaunch 2026-07-29 (re-derived)
2460	numeric_recv	crates/backend/utils/adt/numeric/src/builtins.rs	tested(differential: numeric_io_diff+numeric_ops_diff 10M+10.05M fleet execs 0-div @398465c499, planes value-image+verdict+sqlstate; jobs -67307/-51880 2026-07-31)	-	fc_numeric_recv builtins.rs:139 arg_stringinfo + alloc(len) symbolic wire int16; re-opens on slice-core recv refactor | prior: excluded(blocked: pointer-datum round-trip + symbolic-length alloc)
2461	numeric_send	crates/backend/utils/adt/numeric/src/builtins.rs	tested(differential: numeric_io_diff+numeric_ops_diff 10M+10.05M fleet execs 0-div @398465c499, planes value-image+verdict+sqlstate; jobs -67307/-51880 2026-07-31)	ladder	2026-07-30; wall is symex-phase (pqformat StringInfo through fc wrapper), solver-independent; harnesses eq_numeric_send_snd0-4 kept in-tree; re-opens on a pq_send slice-core refactor | prior: wall(memory symex: 8.2-10.8GB RSS killed at 6GB-cap watchdog overshoot, per-nd cells snd0/snd1 with full mcx-stubs recipe; independently reproduces prior lane's 13.5GB symex wall)
2462	dsinh	crates/backend/utils/adt/float/src/builtins.rs	tested(differential: coverage-guided 68.5M + 10M/fn sampler, 0 diffs; libm-parity per host libm, fp-contract carve noted)	-	funcs.rs:718 bare sinh, no logic to prove; prior verdict excluded(blocked:libm) — fuzz-float-math campaign 2026-07-30 (379M total cases, three-way exact: bits/error-presence/errcode class)
2463	dcosh	crates/backend/utils/adt/float/src/builtins.rs	tested(differential: coverage-guided 68.5M + 10M/fn sampler, 0 diffs; libm-parity per host libm, fp-contract carve noted)	-	funcs.rs:722; Err arm provably dead (cosh has no zeros); park; prior verdict blocked(seam:libm-oracle, error-plane only) — fuzz-float-math campaign 2026-07-30 (379M total cases, three-way exact: bits/error-presence/errcode class)
2464	dtanh	crates/backend/utils/adt/float/src/builtins.rs	tested(differential: coverage-guided 68.5M + 10M/fn sampler, 0 diffs; libm-parity per host libm, fp-contract carve noted)	-	funcs.rs:730; dead arm (|tanh|<=1); park; prior verdict blocked(seam:libm-oracle, error-plane only) — fuzz-float-math campaign 2026-07-30 (379M total cases, three-way exact: bits/error-presence/errcode class)
2465	dasinh	crates/backend/utils/adt/float/src/builtins.rs	tested(differential: coverage-guided 68.5M + 10M/fn sampler, 0 diffs; libm-parity per host libm, fp-contract carve noted)	-	funcs.rs:739 bare asinh; prior verdict excluded(blocked:libm) — fuzz-float-math campaign 2026-07-30 (379M total cases, three-way exact: bits/error-presence/errcode class)
2466	dacosh	crates/backend/utils/adt/float/src/builtins.rs	tested(differential: coverage-guided 68.5M + 10M/fn sampler, 0 diffs; libm-parity per host libm, fp-contract carve noted)	ladder	funcs.rs:743; arg<1.0 -> 22003 real pre-check; NaN routing through < worth checking; lane float-domain; prior verdict blocked(seam:libm-oracle, error-plane only) — fuzz-float-math campaign 2026-07-30 (379M total cases, three-way exact: bits/error-presence/errcode class)
2467	datanh	crates/backend/utils/adt/float/src/builtins.rs	tested(differential: coverage-guided 68.5M + 10M/fn sampler, 0 diffs; libm-parity per host libm, fp-contract carve noted)	ladder	funcs.rs:750; domain 22003 + ±1 constant arms libm-free; interior is raw extern "C" atanh (deliberate ulp-parity, hard Kani blocker); lane float-domain tier1; prior verdict blocked(seam:libm-oracle FFI, error-plane only) — fuzz-float-math campaign 2026-07-30 (379M total cases, three-way exact: bits/error-presence/errcode class)
2468	date_recv	crates/backend/utils/adt/adt_date/src/builtins.rs	proved(CORE-level over real StringInfo — recv-ABI pointer-datum wall does NOT apply at core level; full symbolic payload; range err arms in-theorem)	slow	77.5s release-gate; proofs/datetime-b lane D
2469	date_send	crates/backend/utils/adt/adt_date/src/builtins.rs	proved(full domain; 4B-header varlena image byte-exact; int-arith send recipe)	slow	63.7s release-gate; proofs/datetime-b lane D
2470	time_recv	crates/backend/utils/adt/adt_date/src/builtins.rs	proved(core-level, full symbolic payload, typmod=-1 plane)	slow	~100s release-gate; proofs/datetime-b lane D
2471	time_send	crates/backend/utils/adt/adt_date/src/builtins.rs	proved(full domain; byte-exact image)	slow	~120s release-gate; proofs/datetime-b lane D
2472	timetz_recv	crates/backend/utils/adt/adt_date/src/builtins.rs	proved(core-level, full symbolic payload + zone err arms)	slow	126.8s release-gate; proofs/datetime-b lane D
2473	timetz_send	crates/backend/utils/adt/adt_date/src/builtins.rs	proved(full domain; byte-exact image)	slow	163.2s release-gate; proofs/datetime-b lane D
2474	timestamp_recv	crates/backend/utils/adt/adt_timestamp/src/builtins.rs	blocked(recv pointer-datum ABI) + tested(differential: timestamp_diff 10M fleet 0-div @ f1c54d927d, planes value+verdict+sqlstate+fc-wrapper+soft-error)	blocked	proofs/datetime-cmp wave7; was untriaged
2475	timestamp_send	crates/backend/utils/adt/adt_timestamp/src/builtins.rs	proved(full-i64 end-to-end incl 4B header; modulo static-buffer allocator model)	slow	104s kissat release-gate; proofs/datetime-cmp wave7
2476	timestamptz_recv	crates/backend/utils/adt/adt_timestamp/src/builtins.rs	blocked(recv pointer-datum ABI) + tested(differential: timestamp_diff 10M fleet 0-div @ f1c54d927d, planes value+verdict+sqlstate+fc-wrapper+soft-error)	-	lib.rs:547 arg_stringinfo provenance wall; re-opens on slice-core/C-shim; CORRECTION: Wave 7 listed as fast
2477	timestamptz_send	crates/backend/utils/adt/adt_timestamp/src/builtins.rs	proved(full-i64 end-to-end incl 4B header; modulo static-buffer allocator model)	slow	104s kissat release-gate; proofs/datetime-cmp wave7
2478	interval_recv	crates/backend/utils/adt/adt_date/src/builtins.rs	wall(memory >6GiB local cap, both solvers) + tested(differential 1M random payloads x typmods incl AdjustIntervalForTypmod)	wall	fleet 40GB retry candidate; proofs/datetime-b lane D
2479	interval_send	crates/backend/utils/adt/adt_date/src/builtins.rs	wall(memory >6GiB local cap, both solvers) + tested(differential 1M)	wall	fleet retry candidate; proofs/datetime-b lane D
2480	lseg_recv	crates/backend/utils/adt/geo/src/builtins.rs	proved(full-sym 32B frame, exact-size fence; core-level (recv-ABI wall keeps the fc wrapper out); modulo static-buffer allocator model)	slow	60.3s kissat; proofs/geo-cmp ext4 2026-07-30
2481	lseg_send	crates/backend/utils/adt/geo/src/builtins.rs	proved(full-sym lseg, complete 36B image; core-level (recv-ABI wall keeps the fc wrapper out); modulo static-buffer allocator model)	slow	125.3s kissat; proofs/geo-cmp ext4 2026-07-30
2482	path_recv	crates/backend/utils/adt/geo/src/builtins.rs	tested(differential: geo_io_diff wire arm + fc plane, verdict+errclass+bit-exact image; success-alloc npts band (4096,67108862] folded in-driver — documented carve, fleet 10M execs 0 div)	-	p1-geo-inc3 2026-08-01 job pgrust-fuzz-campaign-1785571714-1753-61524 @0b37fec628; driven since INC-1b, row never flipped; prior verdict excluded(wall: CNF width)
2483	path_send	crates/backend/utils/adt/geo/src/builtins.rs	proved(per-n cells n=1,2 full-sym points + full-i32 closed; complete image incl closed byte + npts word; core-level (recv-ABI wall keeps the fc wrapper out); modulo static-buffer allocator model)	slow	67.0-68.0s kissat; proofs/geo-cmp ext4 2026-07-30
2484	box_recv	crates/backend/utils/adt/geo/src/builtins.rs	proved(full-sym 32B frame; float8_lt corner reorder + NaN semantics in-theorem; core-level (recv-ABI wall keeps the fc wrapper out); modulo static-buffer allocator model)	slow	66.8s kissat; proofs/geo-cmp ext4 2026-07-30
2485	box_send	crates/backend/utils/adt/geo/src/builtins.rs	proved(full-sym box, complete 36B image; core-level (recv-ABI wall keeps the fc wrapper out); modulo static-buffer allocator model)	slow	98.4s kissat; proofs/geo-cmp ext4 2026-07-30
2486	poly_recv	crates/backend/utils/adt/geo/src/builtins.rs	tested(differential: geo_io_diff wire arm + fc plane, verdict+errclass+bit-exact image; success-alloc npts band folded in-driver — documented carve, fleet 10M execs 0 div)	-	p1-geo-inc3 2026-08-01 job pgrust-fuzz-campaign-1785571714-1753-61524 @0b37fec628; driven since INC-1b, row never flipped; prior verdict excluded(wall: CNF width)
2487	poly_send	crates/backend/utils/adt/geo/src/builtins.rs	proved(per-n cells n=1,2 full-sym points; core-level (recv-ABI wall keeps the fc wrapper out); modulo static-buffer allocator model)	slow	83.0-94.4s kissat; proofs/geo-cmp ext4 2026-07-30
2488	line_recv	crates/backend/utils/adt/geo/src/builtins.rs	proved(full-sym 24B frame; FPzero(A)&&FPzero(B) 22P03 reject arm in-theorem, both arms covered, value-space only; core-level (recv-ABI wall keeps the fc wrapper out); modulo static-buffer allocator model)	slow	70.9s kissat; proofs/geo-cmp ext4 2026-07-30
2489	line_send	crates/backend/utils/adt/geo/src/builtins.rs	proved(full-sym line, complete 28B image; core-level (recv-ABI wall keeps the fc wrapper out); modulo static-buffer allocator model)	slow	143.5s kissat; proofs/geo-cmp ext4 2026-07-30
2490	circle_recv	crates/backend/utils/adt/geo/src/builtins.rs	proved(full-sym 24B frame; radius<0 22P03 reject with NaN ACCEPTED in-theorem, both arms covered; core-level (recv-ABI wall keeps the fc wrapper out); modulo static-buffer allocator model)	slow	60.5s kissat; proofs/geo-cmp ext4 2026-07-30
2491	circle_send	crates/backend/utils/adt/geo/src/builtins.rs	proved(full-sym circle, complete 28B image; core-level (recv-ABI wall keeps the fc wrapper out); modulo static-buffer allocator model)	slow	51.0s kissat; proofs/geo-cmp ext4 2026-07-30
2492	cash_recv	crates/backend/utils/adt/cash/src/builtins.rs	proved(full 8-byte symbolic payload value parity + short-message 08P01 arm; modulo pqformat BE-read model + allocator model)	slow	81-85s release-gate; proofs/cash
2493	cash_send	crates/backend/utils/adt/cash/src/builtins.rs	proved(full-i64 -> 12-byte bytea image incl varsize header; modulo pqformat model)	slow	104s release-gate; proofs/cash
2494	macaddr_recv	crates/backend/utils/adt/mac/src/builtins.rs	excluded(blocked: pointer-datum round-trip) + tested(differential: mac_diff 27.3M-exec campaign, recv wire bytes + fc_macaddr_recv wrapper plane)	-	mac/src/builtins.rs:88
2495	macaddr_send	crates/backend/utils/adt/mac/src/builtins.rs	proved(entry-point fc_macaddr_send, full 6-byte addr) + tested(differential: mac_diff 27.3M-exec campaign, send varlena image ≡ core + vs C byte plane)	ladder	10-byte send image byte-equal; modulo allocator model; + must-fail skew control. fleet c8g 100s. proofs/mac w3_send 2026-07-30
2496	inet_recv	crates/backend/utils/adt/network/src/builtins.rs	proved(core; literal msg-len grid {2,8,10,20} x fully-symbolic content over real shipped StringInfo; Ok struct+cursor parity, Err verdict/level/sqlstate-class parity 08P01 vs 22P03; modulo static-buffer allocator model; msg text/Location out of proof; sym-len remainder wall(symex))	slow	125-263s/cell; unwind>=18 mandatory (16B memcmp); cover_recv_arms 6/6; proofs/network; network-2026-07-30
2497	inet_send	crates/backend/utils/adt/network/src/builtins.rs	proved(core; v4/v6 split, is_cidr flag SYMBOLIC (covers 2499 too); full image eq incl 4B varlena header via shipped pq_begintypsend/endtypsend; modulo static-buffer allocator model)	slow	86.5s v4 (unwind 14) / 323.5s v6 (unwind 26, symex depth-bound; kissat worse 113s); control_send_flag_skew FAILED as required; proofs/network; network-2026-07-30
2498	cidr_recv	crates/backend/utils/adt/network/src/builtins.rs	proved(core; same grid as inet_recv incl the cidr bits-right-of-mask arm; modulo static-buffer allocator model; sym-len remainder wall(symex))	slow	125-263s/cell; proofs/network; network-2026-07-30
2499	cidr_send	crates/backend/utils/adt/network/src/builtins.rs	proved(core; same harness pair as inet_send — flag symbolic; full image eq; modulo static-buffer allocator model)	slow	see inet_send 2497; proofs/network; network-2026-07-30
2502	anyarray_recv	crates/backend/utils/adt/pseudotypes/src/builtins.rs	proved(err-parity: verdict+sqlstate+level; all args ignored)	fast	~0.6s default solver; proofs/pseudotypes eq_anyarray_recv; wrapper-level via LocalFcinfo (call1, null Datum); C MAKE_SQLSTATE computed vs shipped with_sqlstate — 0A000 encoding in-theorem; message text/location out of proof; Err-arm cover! + shell_in must-fail control
2504	pg_get_ruledef_ext	crates/backend/utils/adt/ruleutils/src/builtins.rs	excluded(state)	-	catalog deparse machinery
2505	pg_get_viewdef_name_ext	crates/backend/utils/adt/ruleutils/src/builtins.rs	excluded(state)	-	catalog deparse machinery
2506	pg_get_viewdef_ext	crates/backend/utils/adt/ruleutils/src/builtins.rs	excluded(state)	-	catalog deparse machinery
2507	pg_get_indexdef_ext	crates/backend/utils/adt/ruleutils/src/builtins.rs	excluded(state)	-	catalog deparse machinery
2508	pg_get_constraintdef_ext	crates/backend/utils/adt/ruleutils/src/builtins.rs	excluded(state)	-	catalog deparse machinery
2509	pg_get_expr_ext	crates/backend/utils/adt/ruleutils/src/builtins.rs	excluded(state)	-	catalog deparse machinery
2510	pg_prepared_statement	crates/backend/commands/prepare/src/lib.rs	excluded(state)	-	prepared-stmt session state
2511	pg_cursor	crates/backend/utils/mmgr/portalmem/src/funcs.rs	excluded(state: portal hash table)	-	portalmem/src/funcs.rs:5 InitMaterializedSRF
2512	float8_var_pop	crates/backend/utils/adt/float/src/builtins.rs	proved(nullity full + value grid)	fast	fleet; proofs/float-agg
2513	float8_stddev_pop	crates/backend/utils/adt/float/src/builtins.rs	proved(nullity planes + special grid, modulo deterministic sqrt model) + tested(differential: exact grid 32,616 + 8.0M random full-bit sweeps, 0 diffs)	ladder	grid_stddev_pop 3.9s green with det-sqrt stub; fleet FAIL = dsqrt dual-mode artifact (TRIAGE tool defect 2); proofs/float-agg; fleet-decode 2026-07-30
2514	numeric_var_pop	crates/backend/utils/adt/numeric/src/builtins.rs	excluded(state)	-	numeric_stddev_internal (variance_pop arm)
2515	booland_statefunc	crates/backend/utils/adt/bool/src/builtins.rs	proved(full bool2)	fast	1s; proofs/misc-ops
2516	boolor_statefunc	crates/backend/utils/adt/bool/src/builtins.rs	proved(full bool2)	fast	1s; proofs/misc-ops
2520	timestamp_lt_timestamptz	crates/backend/utils/adt/adt_timestamp/src/builtins.rs	proved(full-i64 modulo shared tz-seam, both directions)	fast	1.3-2.1s; proofs/datetime-cmp
2521	timestamp_le_timestamptz	crates/backend/utils/adt/adt_timestamp/src/builtins.rs	proved(full-i64 modulo shared tz-seam, both directions)	fast	1.3-2.1s; proofs/datetime-cmp
2522	timestamp_eq_timestamptz	crates/backend/utils/adt/adt_timestamp/src/builtins.rs	proved(full-i64 modulo shared tz-seam, both directions)	fast	1.3-2.1s; proofs/datetime-cmp
2523	timestamp_gt_timestamptz	crates/backend/utils/adt/adt_timestamp/src/builtins.rs	proved(full-i64 modulo shared tz-seam, both directions)	fast	1.3-2.1s; proofs/datetime-cmp
2524	timestamp_ge_timestamptz	crates/backend/utils/adt/adt_timestamp/src/builtins.rs	proved(full-i64 modulo shared tz-seam, both directions)	fast	1.3-2.1s; proofs/datetime-cmp
2525	timestamp_ne_timestamptz	crates/backend/utils/adt/adt_timestamp/src/builtins.rs	proved(full-i64 modulo shared tz-seam, both directions)	fast	1.3-2.1s; proofs/datetime-cmp
2526	timestamp_cmp_timestamptz	crates/backend/utils/adt/adt_timestamp/src/builtins.rs	proved(full-i64 modulo shared tz-seam, both directions)	fast	1.3-2.1s; proofs/datetime-cmp
2527	timestamptz_lt_timestamp	crates/backend/utils/adt/adt_timestamp/src/builtins.rs	proved(full-i64 modulo shared tz-seam, both directions)	fast	1.3-2.1s; proofs/datetime-cmp
2528	timestamptz_le_timestamp	crates/backend/utils/adt/adt_timestamp/src/builtins.rs	proved(full-i64 modulo shared tz-seam, both directions)	fast	1.3-2.1s; proofs/datetime-cmp
2529	timestamptz_eq_timestamp	crates/backend/utils/adt/adt_timestamp/src/builtins.rs	proved(full-i64 modulo shared tz-seam, both directions)	fast	1.3-2.1s; proofs/datetime-cmp
2530	timestamptz_gt_timestamp	crates/backend/utils/adt/adt_timestamp/src/builtins.rs	proved(full-i64 modulo shared tz-seam, both directions)	fast	1.3-2.1s; proofs/datetime-cmp
2531	timestamptz_ge_timestamp	crates/backend/utils/adt/adt_timestamp/src/builtins.rs	proved(full-i64 modulo shared tz-seam, both directions)	fast	1.3-2.1s; proofs/datetime-cmp
2532	timestamptz_ne_timestamp	crates/backend/utils/adt/adt_timestamp/src/builtins.rs	proved(full-i64 modulo shared tz-seam, both directions)	fast	1.3-2.1s; proofs/datetime-cmp
2533	timestamptz_cmp_timestamp	crates/backend/utils/adt/adt_timestamp/src/builtins.rs	proved(full-i64 modulo shared tz-seam, both directions)	fast	1.3-2.1s; proofs/datetime-cmp
2556	pg_tablespace_databases	crates/backend/utils/adt/adt_misc/src/builtins.rs	excluded(state)	-	server WAL/catalog/session state
2557	int4_bool	crates/backend/utils/adt/int/src/builtins.rs	proved(core; full symbolic agg-state incl NULL arm)	fast	0.02s; proofs/bool
2558	bool_int4	crates/backend/utils/adt/int/src/builtins.rs	proved(core; full symbolic agg-state incl NULL arm)	fast	0.02s; proofs/bool
2559	lastval	crates/backend/commands/sequence_seams/src/builtins.rs	blocked(seam: session state + relcache)	seam	last_used = thread_local session state; dropped-sequence check via syscache_seams::search_syscache_exists_reloid (EXISTING seam); rest as 1575
2560	pg_postmaster_start_time	crates/backend/utils/adt/adt_misc/src/lib.rs	excluded(state)	-	PgStartTime global
2561	pg_blocking_pids	crates/backend/utils/adt/lockfuncs/src/lib.rs	excluded(state)	-	lock-manager shared state
2562	box_below	crates/backend/utils/adt/geo/src/builtins.rs	proved(full f64 domain incl NaN payloads/±Inf/±0/subnormals; EPSILON fuzzy forms in-theorem; wrapper-level by-ref)	fast	0.8-30s; proofs/geo-cmp
2563	box_overbelow	crates/backend/utils/adt/geo/src/builtins.rs	proved(full f64 domain incl NaN payloads/±Inf/±0/subnormals; EPSILON fuzzy forms in-theorem; wrapper-level by-ref)	fast	0.8-30s; proofs/geo-cmp
2564	box_overabove	crates/backend/utils/adt/geo/src/builtins.rs	proved(full f64 domain incl NaN payloads/±Inf/±0/subnormals; EPSILON fuzzy forms in-theorem; wrapper-level by-ref)	fast	0.8-30s; proofs/geo-cmp
2565	box_above	crates/backend/utils/adt/geo/src/builtins.rs	proved(full f64 domain incl NaN payloads/±Inf/±0/subnormals; EPSILON fuzzy forms in-theorem; wrapper-level by-ref)	fast	0.8-30s; proofs/geo-cmp
2566	poly_below	crates/backend/utils/adt/geo/src/builtins.rs	proved(full f64 boundboxes incl NaN/Inf; n=1 cell, wrapper-level)	fast	6.3s kissat; proofs/geo-cmp ext3 2026-07-30
2567	poly_overbelow	crates/backend/utils/adt/geo/src/builtins.rs	proved(full f64 boundboxes incl NaN/Inf; n=1 cell, wrapper-level)	fast	5.5s kissat; proofs/geo-cmp ext3 2026-07-30
2568	poly_overabove	crates/backend/utils/adt/geo/src/builtins.rs	proved(full f64 boundboxes incl NaN/Inf; n=1 cell, wrapper-level)	fast	5.8s kissat; proofs/geo-cmp ext3 2026-07-30
2569	poly_above	crates/backend/utils/adt/geo/src/builtins.rs	proved(full f64 boundboxes incl NaN/Inf; n=1 cell, wrapper-level)	fast	5.4s kissat; proofs/geo-cmp ext3 2026-07-30
2578	gist_box_consistent	crates/backend/access/gist/gistproc/src/lib.rs	proved(per-strategy literal cells s1-s12 x leaf/internal, full-sym coords; + sym bad-strategy error arm + null lattice; recheck parity)	fast	full-sym-strategy union rows wall locally (fleet tier); cells 3.9-34.9s kissat; must-fail control fails on intended check; proofs/gist-geo
2580	jsonb_float8	crates/backend/utils/adt/jsonb/src/builtins.rs	proved(NaN/+Inf/-Inf lattice bit-exact via literal-header cells + null lane + cast-error class shared cells) + wall(finite arm: numeric_out+float8in cascade — structurally fenced per charter; C side abort-sentinels it) + tested(differential: jsonbio_diff 10.0M fleet (job pgrust-fuzz-campaign-1785509808-7506-56214), planes value+verdict+sqlstate, 0 divergences)	ladder	1.5-4s specials (NAN shim canonical 0x7ff8...); symbolic special-selector walled (assume-never-folds) — literal-header split is the recipe; host proofs/jsonb-probe (c/pg_jsonb_casts.c + pg_jsonb.c); Rust = shipped cast_numeric_image (pub, commit cf65b0f608) + shipped numeric conversion; stubs: message text out of proof (stub_pg_error_error/stub_format; sqlstate ASSERTED per C errcode class), DigitBuf inline-capacity model (heap arm panics, pool return forgotten); JEntry length-form pinned in cast cells (offset-form covered by window_n1_of + lookup family); fcinfo/mcx result packing tested-tier; SHIM C7: set_var_from_var memcpy -> typed per-digit loop (CBMC memcpy byte-pun mis-model fabricated counterexamples; concrete replays green; family typed-staging law)
2581	gist_box_penalty	crates/backend/access/gist/gistproc/src/lib.rs	proved(degenerate-y plane + 10x10 boundary pair-grid incl NaN/Inf/overflow/underflow/f32-round; Err 22003 parity)	ladder	open-region sym x sym 53-bit multiply uncovered (probe_full = fleet tier wall-expected); grid 18.1s kissat after unwind repair 12->34; proofs/gist-geo
2582	gist_box_picksplit	crates/backend/access/gist/gistproc/src/lib.rs	blocked(alloc/sort: fixed-array split core needed)	-	:378 + fallback_split :254 Vec + qsort
2583	gist_box_union	crates/backend/access/gist/gistproc/src/lib.rs	proved(n<=3 full-sym; modulo static-buffer allocator model)	fast	sizep=32 claim in-theorem; adjust_box NaN adoption fixed fa583f02f2, in-theorem; kissat n2 8.8s n3 15.3s; proofs/gist-geo
2584	gist_box_same	crates/backend/access/gist/gistproc/src/lib.rs	proved(full plane incl NaN + null lattice)	fast	wrapper-level; out-param + returned-ptr parity; NaN plane green since fa583f02f2 (probe_gist_box_same_nan_plane = regression witness); kissat 2.5-5.4s; proofs/gist-geo
2585	gist_poly_consistent	crates/backend/access/gist/gistproc/src/lib.rs	proved(per-strategy cells s1-s12 full-sym boundbox + null lattice; recheck=true parity; real npts=1 varlena image decoded in-theorem)	fast	full-sym-strategy union row = fleet tier; cells 4.1-17.0s kissat, nulls 7.1s; modulo static-buffer allocator model (poly_at detoast); proofs/gist-geo
2586	gist_poly_compress	crates/backend/access/gist/gistproc/src/lib.rs	proved(leaf boundbox extract + entry image; no-op identity arm; modulo static-buffer allocator model)	fast	leaf 6.8s kissat, noop 4.2s; real varlena image in-theorem; proofs/gist-geo
2587	circle_overbelow	crates/backend/utils/adt/geo/src/builtins.rs	proved(full f64; verdict+errflag+22003 sqlstate parity, both arms covered)	slow	52-72s kissat (default solver walls — inversion); wrapper-level by-ref, full f64 domain incl NaN/Inf/±0/subnormals unless sliced; proofs/geo-cmp ext; NAN shim pinned canonical (CBMC NAN model defect, native-replayed)
2588	circle_overabove	crates/backend/utils/adt/geo/src/builtins.rs	proved(full f64; verdict+errflag+22003 sqlstate parity, both arms covered)	slow	52-72s kissat (default solver walls — inversion); wrapper-level by-ref, full f64 domain incl NaN/Inf/±0/subnormals unless sliced; proofs/geo-cmp ext; NAN shim pinned canonical (CBMC NAN model defect, native-replayed)
2591	gist_circle_consistent	crates/backend/access/gist/gistproc/src/lib.rs	proved(strategy cells s1/s2/s4/s5/s9/s10/s11/s12 + null lattice; recheck parity; circle_bbox Err arm covered)	ladder	s3/s6/s7/s8 (box_ov/box_contain_box over DERIVED bbox coords) wall k170+d450 - fleet-bound; green cells 44.7-77.9s kissat; proofs/gist-geo
2592	gist_circle_compress	crates/backend/access/gist/gistproc/src/lib.rs	proved(no-op identity arm); wall(leaf arm: k130+d300 under load)	ladder	leaf arm (circle_bbox + mcx image + Err arm) fleet-bound; noop 1.7s kissat; proofs/gist-geo
2596	numeric_stddev_pop	crates/backend/utils/adt/numeric/src/builtins.rs	excluded(state)	-	numeric_stddev_internal (sampled)
2597	domain_in	crates/backend/utils/adt/domains/src/lib.rs	excluded(blocked: catalog + fn_extra IO cache)	-	domains/src/lib.rs:49 DomainIOData + constraints
2598	domain_recv	crates/backend/utils/adt/domains/src/lib.rs	excluded(blocked: catalog + pointer-datum)	-	domains/src/lib.rs:110
2599	pg_timezone_abbrevs_abbrevs	crates/backend/utils/adt/adt_timestamp/src/builtins.rs	excluded(SRF)	-	builtins.rs:1290
2614	xmlexists	crates/backend/utils/adt/xml/src/builtins.rs	excluded(engine)	-	xml parser/serializer engine
2621	pg_reload_conf	crates/backend/storage/ipc/signalfuncs/src/lib.rs	excluded(state)	-	process signaling
2622	pg_rotate_logfile	crates/backend/storage/ipc/signalfuncs/src/lib.rs	excluded(state)	-	process signaling
2623	pg_stat_file_1arg	crates/backend/utils/adt/genfile/src/builtins.rs	excluded(state)	-	server filesystem access
2624	pg_read_file_off_len	crates/backend/utils/adt/genfile/src/builtins.rs	excluded(state)	-	server filesystem access
2625	pg_ls_dir_1arg	crates/backend/utils/adt/genfile/src/builtins.rs	excluded(state)	-	server filesystem access
2626	pg_sleep	crates/backend/utils/adt/adt_misc/src/lib.rs	excluded(state)	-	latch wait / clock
2627	inetnot	crates/backend/utils/adt/network/src/builtins.rs	proved(core; full output struct)	fast	2.7s; proofs/network
2628	inetand	crates/backend/utils/adt/network/src/builtins.rs	proved(core; full struct + mismatch Err parity)	fast	12.7s; proofs/network
2629	inetor	crates/backend/utils/adt/network/src/builtins.rs	proved(core; full struct + mismatch Err parity)	fast	14s; proofs/network
2630	inetpl	crates/backend/utils/adt/network/src/builtins.rs	proved(v4+v6 family cells; Ok struct eq + 22003 sqlstate/level Err parity)	fast	0.66s v4; proofs/network; fleet FAIL @994f9977 = memcmp unwind(9) truncation artifact (unwind 18 fix in-tree, re-verified); fleet-decode 2026-07-30
2632	inetmi_int8	crates/backend/utils/adt/network/src/builtins.rs	proved(v4+v6 family cells; Ok struct eq + 22003 Err parity)	fast	0.79s v4; proofs/network; fleet FAIL = memcmp unwind artifact (fixed); fleet-decode 2026-07-30
2633	inetmi	crates/backend/utils/adt/network/src/builtins.rs	proved(core; v4/v6/xf split; i64 result + 22023 mismatch + 22003 overflow Err parity; value-space, msg/Location stubbed)	fast	0.19-1.9s; proofs/network; cover_inetmi_arms 3/3 SATISFIED; network-2026-07-30
2647	now	crates/backend/utils/adt/adt_timestamp/src/builtins.rs	excluded(state)	-	alias of 1299
2648	statement_timestamp	crates/backend/utils/adt/adt_timestamp/src/builtins.rs	excluded(state)	-	builtins.rs:131
2649	clock_timestamp	crates/backend/utils/adt/adt_timestamp/src/builtins.rs	excluded(state)	-	builtins.rs:138
2700	gin_cmp_prefix	crates/backend/utils/adt/tsginidx/src/builtins.rs	excluded(engine)	-	tsearch GIN extract engine
2705	pg_has_role_name_name	crates/backend/utils/adt/acl/src/builtins.rs	excluded(state)	-	ACL/catalog privilege check
2706	pg_has_role_name_id	crates/backend/utils/adt/acl/src/builtins.rs	excluded(state)	-	ACL/catalog privilege check
2707	pg_has_role_id_name	crates/backend/utils/adt/acl/src/builtins.rs	excluded(state)	-	ACL/catalog privilege check
2708	pg_has_role_id_id	crates/backend/utils/adt/acl/src/builtins.rs	excluded(state)	-	ACL/catalog privilege check
2709	pg_has_role_name	crates/backend/utils/adt/acl/src/builtins.rs	excluded(state)	-	ACL/catalog privilege check
2710	pg_has_role_id	crates/backend/utils/adt/acl/src/builtins.rs	excluded(state)	-	ACL/catalog privilege check
2711	interval_justify_interval	crates/backend/utils/adt/adt_date/src/builtins.rs	wall(divider /USECS_PER_DAY + /30 chain; probe 240s rc=124) + proved(spots incl pre-justify path) + tested(differential 1M+grid)	wall	proofs/datetime-cmp
2730	pg_get_triggerdef_ext	crates/backend/utils/adt/ruleutils/src/builtins.rs	excluded(state)	-	catalog deparse machinery
2731	dasind	crates/backend/utils/adt/float/src/builtins.rs	tested(differential: coverage-guided 68.5M + 10M/fn sampler, 0 diffs; libm-parity per host libm, fp-contract carve noted)	ladder	funcs.rs:544->asind_q1:485; libm + divide-by-cached-const walls; NaN + domain 22003 + sign-symmetry plane over oracle; OnceLock recompute stub needed; prior verdict blocked(seam:libm-oracle + OnceLock const seam) — fuzz-float-math campaign 2026-07-30 (379M total cases, three-way exact: bits/error-presence/errcode class)
2732	dacosd	crates/backend/utils/adt/float/src/builtins.rs	tested(differential: coverage-guided 68.5M + 10M/fn sampler, 0 diffs; libm-parity per host libm, fp-contract carve noted)	ladder	funcs.rs:525->acosd_q1:493; 90± reflection structure over oracle; check consts-before-domain-test order vs C init_degree_constants; prior verdict blocked(seam:libm-oracle + OnceLock const seam) — fuzz-float-math campaign 2026-07-30 (379M total cases, three-way exact: bits/error-presence/errcode class)
2733	datand	crates/backend/utils/adt/float/src/builtins.rs	tested(differential: coverage-guided 68.5M + 10M/fn sampler, 0 diffs; libm-parity per host libm, fp-contract carve noted)	-	funcs.rs:563; divide-by-const * 45.0 both wall classes; park; prior verdict blocked(seam:libm-oracle + OnceLock const seam) — fuzz-float-math campaign 2026-07-30 (379M total cases, three-way exact: bits/error-presence/errcode class)
2734	datan2d	crates/backend/utils/adt/float/src/builtins.rs	tested(differential: coverage-guided 68.5M + 10M/fn sampler, 0 diffs; libm-parity per host libm, fp-contract carve noted)	-	funcs.rs:575; park; prior verdict blocked(seam:libm-oracle + OnceLock const seam) — fuzz-float-math campaign 2026-07-30 (379M total cases, three-way exact: bits/error-presence/errcode class)
2735	dsind	crates/backend/utils/adt/float/src/builtins.rs	tested(differential: coverage-guided 68.5M + 10M/fn sampler, 0 diffs; libm-parity per host libm, fp-contract carve noted)	ladder	funcs.rs:645; quadrant-reduction cascade funcs.rs:653-665 green under |arg|<=360 fence or fmod oracle; sind_q1 shared oracle; lane float-domain tier2; prior verdict blocked(seam:libm-oracle + fmod fence) — fuzz-float-math campaign 2026-07-30 (379M total cases, three-way exact: bits/error-presence/errcode class)
2736	dcosd	crates/backend/utils/adt/float/src/builtins.rs	tested(differential: coverage-guided 68.5M + 10M/fn sampler, 0 diffs; libm-parity per host libm, fp-contract carve noted)	ladder	funcs.rs:587; cos-is-even no-sign-flip vs dsind/dtand — sign-table parity claim; prior verdict blocked(seam:libm-oracle + fmod fence) — fuzz-float-math campaign 2026-07-30 (379M total cases, three-way exact: bits/error-presence/errcode class)
2737	dtand	crates/backend/utils/adt/float/src/builtins.rs	tested(differential: coverage-guided 68.5M + 10M/fn sampler, 0 diffs; libm-parity per host libm, fp-contract carve noted)	ladder	funcs.rs:673; plain-zero (never -0) fixup funcs.rs:697-699 provable via to_bits over oracle; no-overflow-check comment claim; prior verdict blocked(seam:libm-oracle + fmod fence) — fuzz-float-math campaign 2026-07-30 (379M total cases, three-way exact: bits/error-presence/errcode class)
2738	dcotd	crates/backend/utils/adt/float/src/builtins.rs	tested(differential: coverage-guided 68.5M + 10M/fn sampler, 0 diffs; libm-parity per host libm, fp-contract carve noted)	ladder	funcs.rs:614; cot_45 divide; sign cascade differs from dtand — sign-table parity; prior verdict blocked(seam:libm-oracle + fmod fence) — fuzz-float-math campaign 2026-07-30 (379M total cases, three-way exact: bits/error-presence/errcode class)
2739	pg_backup_stop	crates/backend/utils/adt/adt_misc/src/builtins.rs	excluded(state)	-	server WAL/catalog/session state
2740	numeric_avg_serialize	crates/backend/utils/adt/numeric/src/builtins.rs	excluded(state)	-	numeric_serialize_common builtins.rs:626; agg_context + StringInfo image
2741	numeric_avg_deserialize	crates/backend/utils/adt/numeric/src/builtins.rs	excluded(state)	-	numeric_deserialize_common builtins.rs:669
2746	int8_avg_accum	crates/backend/utils/adt/numeric/src/builtins.rs	excluded(state)	-	do_int128_accum via agg_state_arg
2747	arrayoverlap	crates/backend/utils/adt/arrayfuncs/src/builtins.rs	excluded(typcache)	-	element typcache/fmgr dispatch
2748	arraycontains	crates/backend/utils/adt/arrayfuncs/src/builtins.rs	excluded(typcache)	-	element typcache/fmgr dispatch
2749	arraycontained	crates/backend/utils/adt/arrayfuncs/src/builtins.rs	excluded(typcache)	-	element typcache/fmgr dispatch
2758	pg_stat_get_db_tuples_returned	crates/backend/utils/adt/pgstatfuncs/src/lib.rs	excluded(state)	-	pg_stat shared-memory/catalog reads
2759	pg_stat_get_db_tuples_fetched	crates/backend/utils/adt/pgstatfuncs/src/lib.rs	excluded(state)	-	pg_stat shared-memory/catalog reads
2760	pg_stat_get_db_tuples_inserted	crates/backend/utils/adt/pgstatfuncs/src/lib.rs	excluded(state)	-	pg_stat shared-memory/catalog reads
2761	pg_stat_get_db_tuples_updated	crates/backend/utils/adt/pgstatfuncs/src/lib.rs	excluded(state)	-	pg_stat shared-memory/catalog reads
2762	pg_stat_get_db_tuples_deleted	crates/backend/utils/adt/pgstatfuncs/src/lib.rs	excluded(state)	-	pg_stat shared-memory/catalog reads
2763	regexp_matches_no_flags	crates/backend/utils/adt/regexp/src/builtins.rs	tested(differential: regexp_diff fleet 3.65M execs / 25.8 CPU-h fork=15 @325985a437 (24h-CPU floor), 0 wrapper-plane div; planes value+verdict+errcode + fc plane; oracle = verbatim 18.3 regexp.c + vendored Spencer engine, UTF8 + C collation; carve: RE cache, RE2/engine-GUC dispatch, SRF shells -> exception rows)	fuzz-only	p1-laneag 2026-07-31 job pgrust-fuzz-campaign-1785535304-795f-37663 (evidence fuzz/fleet-evidence/regexp_diff-1785535304 - runner slow-unit-triage defect kept stats.json from S3; pod-extracted artifacts are the record) + local 207k smoke + exhaustive parse_re_flags sweep (65,281 len<=2 + 100k len<=4); prior verdict excluded(engine); ENGINE findings routed to regex/regex_core (p1-lanew): REG_ETOOBIG false-too-complex (docker-ground-truthed, witness test known_etoobig_divergence_repro), debug_asserts regex_compile.rs:2821/2163 fire on fuzz patterns, rstacktoodeep()=0 stack-overflow, engine compile OOMs
2764	regexp_matches	crates/backend/utils/adt/regexp/src/builtins.rs	tested(differential: regexp_diff fleet 3.65M execs / 25.8 CPU-h fork=15 @325985a437 (24h-CPU floor), 0 wrapper-plane div; planes value+verdict+errcode + fc plane; oracle = verbatim 18.3 regexp.c + vendored Spencer engine, UTF8 + C collation; carve: RE cache, RE2/engine-GUC dispatch, SRF shells -> exception rows)	fuzz-only	p1-laneag 2026-07-31 job pgrust-fuzz-campaign-1785535304-795f-37663 (evidence fuzz/fleet-evidence/regexp_diff-1785535304 - runner slow-unit-triage defect kept stats.json from S3; pod-extracted artifacts are the record) + local 207k smoke + exhaustive parse_re_flags sweep (65,281 len<=2 + 100k len<=4); prior verdict excluded(engine); ENGINE findings routed to regex/regex_core (p1-lanew): REG_ETOOBIG false-too-complex (docker-ground-truthed, witness test known_etoobig_divergence_repro), debug_asserts regex_compile.rs:2821/2163 fire on fuzz patterns, rstacktoodeep()=0 stack-overflow, engine compile OOMs
2765	regexp_split_to_table_no_flags	crates/backend/utils/adt/regexp/src/builtins.rs	tested(differential: regexp_diff fleet 3.65M execs / 25.8 CPU-h fork=15 @325985a437 (24h-CPU floor), 0 wrapper-plane div; planes value+verdict+errcode + fc plane; oracle = verbatim 18.3 regexp.c + vendored Spencer engine, UTF8 + C collation; carve: RE cache, RE2/engine-GUC dispatch, SRF shells -> exception rows)	fuzz-only	p1-laneag 2026-07-31 job pgrust-fuzz-campaign-1785535304-795f-37663 (evidence fuzz/fleet-evidence/regexp_diff-1785535304 - runner slow-unit-triage defect kept stats.json from S3; pod-extracted artifacts are the record) + local 207k smoke + exhaustive parse_re_flags sweep (65,281 len<=2 + 100k len<=4); prior verdict excluded(engine); ENGINE findings routed to regex/regex_core (p1-lanew): REG_ETOOBIG false-too-complex (docker-ground-truthed, witness test known_etoobig_divergence_repro), debug_asserts regex_compile.rs:2821/2163 fire on fuzz patterns, rstacktoodeep()=0 stack-overflow, engine compile OOMs
2766	regexp_split_to_table	crates/backend/utils/adt/regexp/src/builtins.rs	tested(differential: regexp_diff fleet 3.65M execs / 25.8 CPU-h fork=15 @325985a437 (24h-CPU floor), 0 wrapper-plane div; planes value+verdict+errcode + fc plane; oracle = verbatim 18.3 regexp.c + vendored Spencer engine, UTF8 + C collation; carve: RE cache, RE2/engine-GUC dispatch, SRF shells -> exception rows)	fuzz-only	p1-laneag 2026-07-31 job pgrust-fuzz-campaign-1785535304-795f-37663 (evidence fuzz/fleet-evidence/regexp_diff-1785535304 - runner slow-unit-triage defect kept stats.json from S3; pod-extracted artifacts are the record) + local 207k smoke + exhaustive parse_re_flags sweep (65,281 len<=2 + 100k len<=4); prior verdict excluded(engine); ENGINE findings routed to regex/regex_core (p1-lanew): REG_ETOOBIG false-too-complex (docker-ground-truthed, witness test known_etoobig_divergence_repro), debug_asserts regex_compile.rs:2821/2163 fire on fuzz patterns, rstacktoodeep()=0 stack-overflow, engine compile OOMs
2767	regexp_split_to_array_no_flags	crates/backend/utils/adt/regexp/src/builtins.rs	tested(differential: regexp_diff fleet 3.65M execs / 25.8 CPU-h fork=15 @325985a437 (24h-CPU floor), 0 wrapper-plane div; planes value+verdict+errcode + fc plane; oracle = verbatim 18.3 regexp.c + vendored Spencer engine, UTF8 + C collation; carve: RE cache, RE2/engine-GUC dispatch, SRF shells -> exception rows)	fuzz-only	p1-laneag 2026-07-31 job pgrust-fuzz-campaign-1785535304-795f-37663 (evidence fuzz/fleet-evidence/regexp_diff-1785535304 - runner slow-unit-triage defect kept stats.json from S3; pod-extracted artifacts are the record) + local 207k smoke + exhaustive parse_re_flags sweep (65,281 len<=2 + 100k len<=4); prior verdict excluded(engine); ENGINE findings routed to regex/regex_core (p1-lanew): REG_ETOOBIG false-too-complex (docker-ground-truthed, witness test known_etoobig_divergence_repro), debug_asserts regex_compile.rs:2821/2163 fire on fuzz patterns, rstacktoodeep()=0 stack-overflow, engine compile OOMs
2768	regexp_split_to_array	crates/backend/utils/adt/regexp/src/builtins.rs	tested(differential: regexp_diff fleet 3.65M execs / 25.8 CPU-h fork=15 @325985a437 (24h-CPU floor), 0 wrapper-plane div; planes value+verdict+errcode + fc plane; oracle = verbatim 18.3 regexp.c + vendored Spencer engine, UTF8 + C collation; carve: RE cache, RE2/engine-GUC dispatch, SRF shells -> exception rows)	fuzz-only	p1-laneag 2026-07-31 job pgrust-fuzz-campaign-1785535304-795f-37663 (evidence fuzz/fleet-evidence/regexp_diff-1785535304 - runner slow-unit-triage defect kept stats.json from S3; pod-extracted artifacts are the record) + local 207k smoke + exhaustive parse_re_flags sweep (65,281 len<=2 + 100k len<=4); prior verdict excluded(engine); ENGINE findings routed to regex/regex_core (p1-lanew): REG_ETOOBIG false-too-complex (docker-ground-truthed, witness test known_etoobig_divergence_repro), debug_asserts regex_compile.rs:2821/2163 fire on fuzz patterns, rstacktoodeep()=0 stack-overflow, engine compile OOMs
2769	pg_stat_get_checkpointer_num_timed	crates/backend/utils/adt/pgstatfuncs/src/lib.rs	excluded(state)	-	pg_stat shared-memory/catalog reads
2772	pg_stat_get_bgwriter_buf_written_clean	crates/backend/utils/adt/pgstatfuncs/src/lib.rs	excluded(state)	-	pg_stat shared-memory/catalog reads
2773	pg_stat_get_bgwriter_maxwritten_clean	crates/backend/utils/adt/pgstatfuncs/src/lib.rs	excluded(state)	-	pg_stat shared-memory/catalog reads
2777	anynonarray_in	crates/backend/utils/adt/pseudotypes/src/builtins.rs	proved(err-parity: verdict+sqlstate+level; all args ignored)	fast	~0.6s default solver; proofs/pseudotypes eq_anynonarray_in; wrapper-level via LocalFcinfo (call1, null Datum); C MAKE_SQLSTATE computed vs shipped with_sqlstate — 0A000 encoding in-theorem; message text/location out of proof; Err-arm cover! + shell_in must-fail control
2778	anynonarray_out	crates/backend/utils/adt/pseudotypes/src/builtins.rs	proved(err-parity: verdict+sqlstate+level; all args ignored)	fast	~0.6s default solver; proofs/pseudotypes eq_anynonarray_out; wrapper-level via LocalFcinfo (call1, null Datum); C MAKE_SQLSTATE computed vs shipped with_sqlstate — 0A000 encoding in-theorem; message text/location out of proof; Err-arm cover! + shell_in must-fail control
2781	pg_stat_get_last_vacuum_time	crates/backend/utils/adt/pgstatfuncs/src/lib.rs	excluded(state)	-	pg_stat shared-memory/catalog reads
2782	pg_stat_get_last_autovacuum_time	crates/backend/utils/adt/pgstatfuncs/src/lib.rs	excluded(state)	-	pg_stat shared-memory/catalog reads
2783	pg_stat_get_last_analyze_time	crates/backend/utils/adt/pgstatfuncs/src/lib.rs	excluded(state)	-	pg_stat shared-memory/catalog reads
2784	pg_stat_get_last_autoanalyze_time	crates/backend/utils/adt/pgstatfuncs/src/lib.rs	excluded(state)	-	pg_stat shared-memory/catalog reads
2785	int8_avg_combine	crates/backend/utils/adt/numeric/src/builtins.rs	excluded(state)	-	poly_combine_common (sampled) Int128AggState merge
2786	int8_avg_serialize	crates/backend/utils/adt/numeric/src/builtins.rs	excluded(state)	-	int128_agg_state_serialize aggregates.rs:790
2787	int8_avg_deserialize	crates/backend/utils/adt/numeric/src/builtins.rs	excluded(state)	-	int128_agg_state_deserialize aggregates.rs:809
2790	tidgt	crates/backend/utils/adt/scalar/src/builtins.rs	proved(full symbolic ItemPointer triples, wrapper-level)	fast	0.2s; block-id composition in-theorem; proofs/scalar-misc
2791	tidlt	crates/backend/utils/adt/scalar/src/builtins.rs	proved(full symbolic ItemPointer triples, wrapper-level)	fast	0.2s; block-id composition in-theorem; proofs/scalar-misc
2792	tidge	crates/backend/utils/adt/scalar/src/builtins.rs	proved(full symbolic ItemPointer triples, wrapper-level)	fast	0.2s; block-id composition in-theorem; proofs/scalar-misc
2793	tidle	crates/backend/utils/adt/scalar/src/builtins.rs	proved(full symbolic ItemPointer triples, wrapper-level)	fast	0.2s; block-id composition in-theorem; proofs/scalar-misc
2794	bttidcmp	crates/backend/utils/adt/scalar/src/builtins.rs	proved(full symbolic ItemPointer triples, wrapper-level)	fast	0.2s; block-id composition in-theorem; proofs/scalar-misc
2795	tidlarger	crates/backend/utils/adt/scalar/src/builtins.rs	proved(full ItemPointer pairs)	fast	0.06s; proofs/scalar-misc
2796	tidsmaller	crates/backend/utils/adt/scalar/src/builtins.rs	proved(full ItemPointer pairs)	fast	0.06s; proofs/scalar-misc
2804	int8inc_any	crates/backend/utils/adt/int8/src/builtins.rs	proved(full-i64; value+verdict+sqlstate 22003; symbolic ignored 2nd arg)	fast	0.21s; C return-int8inc delegation vendored; proofs/int-arith
2805	int8inc_float8_float8	crates/backend/utils/adt/int8/src/builtins.rs	candidate	fast	int8/src/lib.rs:335 -> int8inc checked increment + ignores float args (parity claim). Host proofs/int-arith
2806	float8_regr_accum	crates/backend/utils/adt/float/src/builtins.rs	proved(first-row plane; general arm wall)	ladder	fleet; proofs/float-agg
2807	float8_regr_sxx	crates/backend/utils/adt/float/src/builtins.rs	proved(full-symbolic [f64;6] transvalue)	fast	fleet; proofs/float-agg
2808	float8_regr_syy	crates/backend/utils/adt/float/src/builtins.rs	proved(full-symbolic [f64;6])	fast	fleet; proofs/float-agg
2809	float8_regr_sxy	crates/backend/utils/adt/float/src/builtins.rs	proved(full-symbolic [f64;6])	fast	fleet; proofs/float-agg
2810	float8_regr_avgx	crates/backend/utils/adt/float/src/builtins.rs	proved(nullity full + value grid)	fast	fleet; proofs/float-agg
2811	float8_regr_avgy	crates/backend/utils/adt/float/src/builtins.rs	proved(nullity full + value grid)	fast	fleet; proofs/float-agg
2812	float8_regr_r2	crates/backend/utils/adt/float/src/builtins.rs	proved(nullity full + value grid incl syy==0 horizontal arm)	fast	fleet; proofs/float-agg
2813	float8_regr_slope	crates/backend/utils/adt/float/src/builtins.rs	proved(nullity full + value grid)	fast	fleet; proofs/float-agg
2814	float8_regr_intercept	crates/backend/utils/adt/float/src/builtins.rs	proved(nullity planes) + tested(differential, 0 diffs)	ladder	fleet timeout = same sqrt/divide class; proofs/float-agg
2815	float8_covar_pop	crates/backend/utils/adt/float/src/builtins.rs	proved(nullity full + value grid)	fast	fleet; proofs/float-agg
2816	float8_covar_samp	crates/backend/utils/adt/float/src/builtins.rs	proved(nullity full + value grid)	fast	fleet; proofs/float-agg
2817	float8_corr	crates/backend/utils/adt/float/src/builtins.rs	proved(nullity planes + special grid, modulo deterministic sqrt model) + tested(differential, 0 diffs)	ladder	grid_corr 16.0s green with det-sqrt stub; fleet FAIL = dsqrt dual-mode artifact; proofs/float-agg; fleet-decode 2026-07-30
2844	pg_stat_get_db_blk_read_time	crates/backend/utils/adt/pgstatfuncs/src/lib.rs	excluded(state)	-	pg_stat shared-memory/catalog reads
2845	pg_stat_get_db_blk_write_time	crates/backend/utils/adt/pgstatfuncs/src/lib.rs	excluded(state)	-	pg_stat shared-memory/catalog reads
2848	pg_switch_wal	crates/backend/utils/adt/adt_misc/src/builtins.rs	excluded(state)	-	server WAL/catalog/session state
2849	pg_current_wal_lsn	crates/backend/utils/adt/adt_misc/src/builtins.rs	excluded(state)	-	server WAL/catalog/session state
2850	pg_walfile_name_offset	crates/backend/utils/adt/adt_misc/src/builtins.rs	excluded(state)	-	server WAL/catalog/session state
2851	pg_walfile_name	crates/backend/utils/adt/adt_misc/src/builtins.rs	excluded(state)	-	server WAL/catalog/session state
2852	pg_current_wal_insert_lsn	crates/backend/utils/adt/adt_misc/src/builtins.rs	excluded(state)	-	server WAL/catalog/session state
2853	pg_stat_get_backend_wait_event	crates/backend/utils/adt/pgstatfuncs/src/lib.rs	excluded(state)	-	pg_stat shared-memory/catalog reads
2854	pg_my_temp_schema	crates/backend/utils/adt/adt_misc/src/builtins.rs	excluded(state)	-	server WAL/catalog/session state
2855	pg_is_other_temp_schema	crates/backend/utils/adt/adt_misc/src/builtins.rs	excluded(state)	-	server WAL/catalog/session state
2856	pg_timezone_names	crates/backend/utils/adt/adt_timestamp/src/builtins.rs	excluded(SRF)	-	builtins.rs:1144 tzdata walk
2857	pg_stat_get_backend_xact_start	crates/backend/utils/adt/pgstatfuncs/src/lib.rs	excluded(state)	-	pg_stat shared-memory/catalog reads
2858	numeric_avg_accum	crates/backend/utils/adt/numeric/src/builtins.rs	excluded(state)	-	numeric_accum_common with_sum_x2=false arm
2859	pg_stat_get_buf_alloc	crates/backend/utils/adt/pgstatfuncs/src/lib.rs	excluded(state)	-	pg_stat shared-memory/catalog reads
2878	pg_stat_get_live_tuples	crates/backend/utils/adt/pgstatfuncs/src/lib.rs	excluded(state)	-	pg_stat shared-memory/catalog reads
2879	pg_stat_get_dead_tuples	crates/backend/utils/adt/pgstatfuncs/src/lib.rs	excluded(state)	-	pg_stat shared-memory/catalog reads
2880	pg_advisory_lock_int8	crates/backend/utils/adt/lockfuncs/src/lib.rs	excluded(state)	-	lock-manager shared state
2881	pg_advisory_lock_shared_int8	crates/backend/utils/adt/lockfuncs/src/lib.rs	excluded(state)	-	lock-manager shared state
2882	pg_try_advisory_lock_int8	crates/backend/utils/adt/lockfuncs/src/lib.rs	excluded(state)	-	lock-manager shared state
2883	pg_try_advisory_lock_shared_int8	crates/backend/utils/adt/lockfuncs/src/lib.rs	excluded(state)	-	lock-manager shared state
2884	pg_advisory_unlock_int8	crates/backend/utils/adt/lockfuncs/src/lib.rs	excluded(state)	-	lock-manager shared state
2885	pg_advisory_unlock_shared_int8	crates/backend/utils/adt/lockfuncs/src/lib.rs	excluded(state)	-	lock-manager shared state
2886	pg_advisory_lock_int4	crates/backend/utils/adt/lockfuncs/src/lib.rs	excluded(state)	-	lock-manager shared state
2887	pg_advisory_lock_shared_int4	crates/backend/utils/adt/lockfuncs/src/lib.rs	excluded(state)	-	lock-manager shared state
2888	pg_try_advisory_lock_int4	crates/backend/utils/adt/lockfuncs/src/lib.rs	excluded(state)	-	lock-manager shared state
2889	pg_try_advisory_lock_shared_int4	crates/backend/utils/adt/lockfuncs/src/lib.rs	excluded(state)	-	lock-manager shared state
2890	pg_advisory_unlock_int4	crates/backend/utils/adt/lockfuncs/src/lib.rs	excluded(state)	-	lock-manager shared state
2891	pg_advisory_unlock_shared_int4	crates/backend/utils/adt/lockfuncs/src/lib.rs	excluded(state)	-	lock-manager shared state
2892	pg_advisory_unlock_all	crates/backend/utils/adt/lockfuncs/src/lib.rs	excluded(state)	-	lock-manager shared state
2893	xml_in	crates/backend/utils/adt/xml/src/builtins.rs	excluded(engine)	-	xml parser/serializer engine
2894	xml_out	crates/backend/utils/adt/xml/src/builtins.rs	excluded(engine)	-	xml parser/serializer engine
2895	xmlcomment	crates/backend/utils/adt/xml/src/builtins.rs	excluded(engine)	-	xml parser/serializer engine
2896	texttoxml	crates/backend/utils/adt/xml/src/builtins.rs	excluded(engine)	-	xml parser/serializer engine
2897	xmlvalidate	crates/backend/utils/adt/xml/src/builtins.rs	excluded(engine)	-	xml parser/serializer engine
2898	xml_recv	crates/backend/utils/adt/xml/src/builtins.rs	excluded(engine)	-	xml parser/serializer engine
2899	xml_send	crates/backend/utils/adt/xml/src/builtins.rs	excluded(engine)	-	xml parser/serializer engine
2900	xmlconcat2	crates/backend/utils/adt/xml/src/builtins.rs	excluded(engine)	-	xml parser/serializer engine
2902	varbittypmodin	crates/backend/utils/adt/varbit/src/lib.rs	proved(anybit_typmodin check+value core, tl/n symbolic n<=2, all 3 err planes + 22023; cstring[] parse tested-tier)	fast	0.67s; proofs/varbit-rows relaunch 2026-07-29 (re-derived)
2903	intervaltypmodin	crates/backend/utils/adt/adt_timestamp/src/builtins.rs	proved(core &[i32]->i32: n0-n3 per-arity cells, full-symbolic typmod words; value+verdict+22023 sqlstate/level; WARNING arm stubbed both sides; message text out of proof)	fast	0.7-1.7s default solver; proofs/datetime-b prebuilt queue solved 2026-07-30 w2-timestamp lane
2904	intervaltypmodout	crates/backend/utils/adt/adt_timestamp/src/builtins.rs	proved(core (typmod,&mut[u8;64])->len: fieldstr theorem full-symbolic range at literal full-precision + neg plane + XX000 arm; digit bands d1-d5 [0,65534] exact-unwind + fullrange d2 cell + union coverage; whole-64B image compare)	fast	3.2-6.8s default (cover 0.07s kissat); unwind 66; fieldstr_fullprec repaired w2-timestamp 2026-07-30 (missing unwind = symex hang); proofs/datetime-b
2905	timestamptypmodin	crates/backend/utils/adt/adt_timestamp/src/builtins.rs	proved(core anytimestamp_typmod_check full-i32 incl 22023 arm + >6 clamp; WARNING out of proof both sides; array decode fcinfo plumbing out of rows)	fast	eq_tstypmodin_check 1.9s default solver; proofs/datetime-b rem module; w2-timestamp 2026-07-30
2906	timestamptypmodout	crates/backend/utils/adt/adt_timestamp/src/builtins.rs	proved(core typmod_paren_suffix_out+" without time zone": typmod<0 plane full + digit bands [0,999] + wide spots 1000/65535/1e6/INT32_MAX/6/0; whole-40B image; catalog domain 0..6 carried by d1)	fast	5.9-30s kissat (30s cell = load-75 contention, lane-D siblings 11-15s); unwind 42; proofs/datetime-b rem; w2-timestamp 2026-07-30
2907	timestamptztypmodin	crates/backend/utils/adt/adt_timestamp/src/builtins.rs	proved(core anytimestamp_typmod_check full-i32 incl 22023 arm + >6 clamp; WARNING out of proof both sides; array decode fcinfo plumbing out of rows)	fast	eq_tstztypmodin_check 2.2s default solver; proofs/datetime-b rem module; w2-timestamp 2026-07-30
2908	timestamptztypmodout	crates/backend/utils/adt/adt_timestamp/src/builtins.rs	proved(core typmod_paren_suffix_out+" with time zone": typmod<0 plane full + digit bands [0,999] + wide spots 1000/65535/1e6/INT32_MAX/6/0; whole-40B image; catalog domain 0..6 carried by d1)	fast	5.9-30s kissat (30s cell = load-75 contention, lane-D siblings 11-15s); unwind 42; proofs/datetime-b rem; w2-timestamp 2026-07-30
2909	timetypmodin	crates/backend/utils/adt/adt_date/src/builtins.rs	proved(core anytime_typmod_check full-i32 incl 22023 arm + clamp; WARNING out of proof both sides)	fast	1.3s; proofs/datetime-b lane D
2910	timetypmodout	crates/backend/utils/adt/adt_date/src/builtins.rs	proved(core: typmod<0 plane full + digit bands [0,999] + wide spots; catalog domain 0..6 subset d1) + tested(differential -70000..70000)	fast	2-15.5s; proofs/datetime-b lane D
2911	timetztypmodin	crates/backend/utils/adt/adt_date/src/builtins.rs	proved(core full-i32 incl 22023 + clamp)	fast	1.4s; proofs/datetime-b lane D
2912	timetztypmodout	crates/backend/utils/adt/adt_date/src/builtins.rs	proved(core planes + bands + spots) + tested(differential)	fast	2-15.5s; proofs/datetime-b lane D
2913	bpchartypmodin	crates/backend/utils/adt/varchar/src/builtins.rs	proved(check core full-sym i32 slice; 22023 classes; array walk out of theorem)	ladder	kissat 2.4s eq_anychar_typmodin (shared with 2915); ArrayGetIntegerTypmods cstring[] walk out of theorem per module doc; host proofs/oracle-compat (c/pg_varchar.c rig; control_varchar_clip_skew fired right-reason 2.4s + cover_varchar_regimes 6/6 SATISFIED 49.3s, 2026-07-30); also solved w2-timestamp lane 1.5s kissat (n 0..2 x full-symbolic typmod words incl both 22023 classes; type-name feeds stubbed message text only)
2914	bpchartypmodout	crates/backend/utils/adt/varchar/src/builtins.rs	proved(core anychar_typmodout: band typmod in [-16,1e7+3] + wide spots MaxAttrSize/INT32_MAX/INT32_MIN)	ladder	band 28.8s release-gate, spots 1.4s; fleet FAILs = pg_ultoa_n unwind truncation artifact (unwind 12/14 fix in-tree, re-verified); proofs/oracle-compat; fleet-decode 2026-07-30
2915	varchartypmodin	crates/backend/utils/adt/varchar/src/builtins.rs	proved(check core full-sym i32 slice; 22023 classes; array walk out of theorem)	ladder	kissat 2.4s eq_anychar_typmodin (shared with 2913); host proofs/oracle-compat (c/pg_varchar.c rig; control_varchar_clip_skew fired right-reason 2.4s + cover_varchar_regimes 6/6 SATISFIED 49.3s, 2026-07-30); also solved w2-timestamp lane 1.5s kissat (n 0..2 x full-symbolic typmod words incl both 22023 classes; type-name feeds stubbed message text only)
2916	varchartypmodout	crates/backend/utils/adt/varchar/src/builtins.rs	proved(core anychar_typmodout: band + wide spots; same core as 2914)	ladder	see 2914; proofs/oracle-compat; fleet-decode 2026-07-30
2917	numerictypmodin	crates/backend/utils/adt/numeric/src/builtins.rs	tested(differential: numeric_io_diff+numeric_ops_diff 10M+10.05M fleet execs 0-div @398465c499, planes value-image+verdict+sqlstate; jobs -67307/-51880 2026-07-31)	fast	3.0s + 0.05s kissat 2026-07-30; proofs/numeric-probe eq_numerictypmodin + eq_numeric_typmod_codec | prior: proved(full domain: tl len 0..=3 x full-i32 elements; value+verdict+sqlstate parity, message text out of proof; codec trio proved full-i32 by eq_numeric_typmod_codec)
2918	numerictypmodout	crates/backend/utils/adt/adt_misc/src/builtins.rs	proved(scalar typmod codec core full-i32); wall(format-image remainder: std-format machinery)	fast	core (is_valid_numeric_typmod/precision/scale trio) proved full-i32 by numeric-probe eq_numeric_typmod_codec 2026-07-30; the residual wrapper is format!("({p},{s})") + cstring pack — std format machinery is Kani-unprovable (stub territory, and stubbing it removes the claim); remainder belongs to a native differential
2919	bittypmodin	crates/backend/utils/adt/varbit/src/lib.rs	proved(anybit_typmodin check+value core, tl/n symbolic n<=2, all 3 err planes + 22023; cstring[] parse tested-tier)	fast	0.67s; proofs/varbit-rows relaunch 2026-07-29 (re-derived)
2920	bittypmodout	crates/backend/utils/adt/varbit/src/lib.rs	excluded(blocked: format-machinery both sides — bare "(%d)" print; C variadic snprintf goto-cc-unsupported, Rust format!; no logic beyond decimal print)	-	proofs/varbit-rows relaunch 2026-07-29 (re-derived)
2921	varbittypmodout	crates/backend/utils/adt/varbit/src/lib.rs	excluded(blocked: format-machinery both sides — bare "(%d)" print; C variadic snprintf goto-cc-unsupported, Rust format!; no logic beyond decimal print)	-	proofs/varbit-rows relaunch 2026-07-29 (re-derived)
2922	xmltotext	crates/backend/utils/adt/xml/src/builtins.rs	excluded(engine)	-	xml parser/serializer engine
2923	table_to_xml	crates/backend/utils/adt/xmlmap/src/builtins.rs	excluded(state)	-	catalog-to-xml SQL execution
2924	query_to_xml	crates/backend/utils/adt/xmlmap/src/builtins.rs	excluded(state)	-	catalog-to-xml SQL execution
2925	cursor_to_xml	crates/backend/utils/adt/xmlmap/src/builtins.rs	excluded(state)	-	catalog-to-xml SQL execution
2926	table_to_xmlschema	crates/backend/utils/adt/xmlmap/src/builtins.rs	excluded(state)	-	catalog-to-xml SQL execution
2927	query_to_xmlschema	crates/backend/utils/adt/xmlmap/src/builtins.rs	excluded(state)	-	catalog-to-xml SQL execution
2928	cursor_to_xmlschema	crates/backend/utils/adt/xmlmap/src/builtins.rs	excluded(state)	-	catalog-to-xml SQL execution
2929	table_to_xml_and_xmlschema	crates/backend/utils/adt/xmlmap/src/builtins.rs	excluded(state)	-	catalog-to-xml SQL execution
2930	query_to_xml_and_xmlschema	crates/backend/utils/adt/xmlmap/src/builtins.rs	excluded(state)	-	catalog-to-xml SQL execution
2931	xpath	crates/backend/utils/adt/xml/src/builtins.rs	excluded(engine)	-	xml parser/serializer engine
2933	schema_to_xml	crates/backend/utils/adt/xmlmap/src/builtins.rs	excluded(state)	-	catalog-to-xml SQL execution
2934	schema_to_xmlschema	crates/backend/utils/adt/xmlmap/src/builtins.rs	excluded(state)	-	catalog-to-xml SQL execution
2935	schema_to_xml_and_xmlschema	crates/backend/utils/adt/xmlmap/src/builtins.rs	excluded(state)	-	catalog-to-xml SQL execution
2936	database_to_xml	crates/backend/utils/adt/xmlmap/src/builtins.rs	excluded(state)	-	catalog-to-xml SQL execution
2937	database_to_xmlschema	crates/backend/utils/adt/xmlmap/src/builtins.rs	excluded(state)	-	catalog-to-xml SQL execution
2938	database_to_xml_and_xmlschema	crates/backend/utils/adt/xmlmap/src/builtins.rs	excluded(state)	-	catalog-to-xml SQL execution
2939	pg_snapshot_in	crates/backend/utils/adt/xid8funcs/src/builtins.rs	wall(pg_snapshot_in cap6 600s); strtou64 core proved(len<=8, modulo glibc-strtoul model, shim X4) 6.0s	wall	wave-5 2026-07-30; proofs/scalar-misc xid8snap; UNRECONCILED vs lane pick-b (proofs/xid8snap): pick-b additionally proved kernels strtou64 len<=6 value+end + empty-input reject verdict/22P02/level and called the row proved(wall-split); accept-arm image walls on BOTH lanes — needs adjudication PAIRING-OF-INSTRUMENTS (2026-07-31, p1-lanep): strtou64 carried a REAL shipped divergence the proved(len<=8) fence provably could not see (repro needs >=20 digits): overflow saturate-then-negate returned 1 where libc/PG return the un-negated ERANGE clamp u64::MAX; found by snapio_diff differential fuzz at exec ~25.6k, fixed (commit 3771a9a984), ground-truthed vs postgres:18.3 Docker; the fuzz plane covers exactly the region the bounded proof cannot. + tested(differential: snapio_diff fleet 10.0M execs 0 div 2026-07-31 job pgrust-fuzz-campaign-1785482105-5597-93160; planes value-image/verdict/errcode + fc-wrapper)
2940	pg_snapshot_out	crates/backend/utils/adt/xid8funcs/src/builtins.rs	excluded(wall: result-image + full-u64 digit-emission /10 chain)	wall	snapshot_out_bytes lib.rs:236 push_u64 /10 loop over full u64 = sloped-wall class; read-side kernels (SnapView layout) proved in proofs/xid8snap + tested(differential: snapio_diff fleet 10.0M execs 0 div 2026-07-31 job pgrust-fuzz-campaign-1785482105-5597-93160; planes value-image/verdict/errcode + fc-wrapper)
2941	pg_snapshot_recv	crates/backend/utils/adt/xid8funcs/src/builtins.rs	proved(err/short/validation planes: cells d0-d4,d12,d19 + nxip-cap x-check + 3-arm cover; Ok-image cells wall)	ladder	recv core via harness-built StringInfo; Err classes 08P01/22P03 sqlstate parity proved. Ok-image cells (d20n0/d20n1/d28n1/d36n0/d36n2) = CNF wall at 40GB default solver; kissat terminates VERIFICATION FAILED but UNDECODED (playback unreachable in 580s) — native 1.2M-frame differential (proofs/xid8snap/tests/native_snapshot_recv.rs: boundary planes, dups, truncations, trailing junk) found ZERO divergence; CBMC byte-pun artifact suspect (3:1 law). NOT gated green; decode owed. proofs/xid8snap sendrecv 2026-07-30 + tested(differential: snapio_diff fleet 10.0M execs 0 div 2026-07-31 job pgrust-fuzz-campaign-1785482105-5597-93160; planes value-image/verdict/errcode + fc-wrapper)
2942	pg_snapshot_send	crates/backend/utils/adt/xid8funcs/src/builtins.rs	proved(entry-point fc_pg_snapshot_send; nxip in {0,1,2} literal cells, sym xmin/xmax/xips)	ladder	wire image (4+20+8*nxip) byte-equal vs REL_18 C; + must-fail xmax-skew control. fleet c8g 30-40s/cell. proofs/xid8snap sendrecv 2026-07-30 + tested(differential: snapio_diff fleet 10.0M execs 0 div 2026-07-31 job pgrust-fuzz-campaign-1785482105-5597-93160; planes value-image/verdict/errcode + fc-wrapper)
2943	pg_current_xact_id	crates/backend/utils/adt/xid8funcs/src/builtins.rs	excluded(state:live-xact)	-	live transaction/snapshot state, nothing value-level to prove; proofs/scalar-misc wave-5 triage
2944	pg_current_snapshot	crates/backend/utils/adt/xid8funcs/src/builtins.rs	excluded(state)		ReadNextFullTransactionId + GetActiveSnapshot server state; its epoch-widening core full_xid_from_allowable_at lib.rs:81 PROVED full-domain (fenced to transam.h caller contract) in proofs/xid8snap
2945	pg_snapshot_xmin	crates/backend/utils/adt/xid8funcs/src/builtins.rs	proved(layout projection, symbolic snapshot, post-detoast fence)	fast	eq_snapview_layout 0.7s: SnapView offset arithmetic (lib.rs:24-26 C-struct-offset comment claim) vs C member reads; proofs/xid8snap
2946	pg_snapshot_xmax	crates/backend/utils/adt/xid8funcs/src/builtins.rs	proved(nxip<=2 symbolic snapshot + epoch-core fence (transam.h Assert precondition), wrapper-level)	fast	4.4s; proofs/scalar-misc xid8snap wave5
2947	pg_snapshot_xip	crates/backend/utils/adt/xid8funcs/src/builtins.rs	excluded(engine: SRF protocol)		funcapi SRF machinery; the xip[i] element read itself proved in eq_snapview_layout (proofs/xid8snap)
2948	pg_visible_in_snapshot	crates/backend/utils/adt/xid8funcs/src/builtins.rs	proved(linear arm nxip<=4 full-symbolic; bsearch arm nxip 31..=33 literal-split, sorted fence, modulo bsearch libc model)	fast	is_visible_fxid lib.rs:93; linear 17.7s kissat; bsearch cells 27-62s default solver (kissat false-fails unwinding asserts; load-inflated); sorted fence = superset of on-disk rep; both-arm covers; proofs/xid8snap
2952	uuid_in	crates/backend/utils/adt/uuid/src/builtins.rs	proved(cstr lens 32/36/38, verdict+bytes)	fast	19-22s under 30s cap; msg text stubbed (value-space only); proofs/uuid
2953	uuid_out	crates/backend/utils/adt/uuid/src/builtins.rs	proved(full [u8;16] -> 36B+NUL)	fast	1.6s; proofs/uuid
2954	uuid_lt	crates/backend/utils/adt/uuid/src/builtins.rs	proved(full pairs)	fast	0.11s; proofs/uuid
2955	uuid_le	crates/backend/utils/adt/uuid/src/builtins.rs	proved(full pairs)	fast	0.11s; proofs/uuid
2956	uuid_eq	crates/backend/utils/adt/uuid/src/builtins.rs	proved(full pairs)	fast	0.11s; proofs/uuid
2957	uuid_ge	crates/backend/utils/adt/uuid/src/builtins.rs	proved(full pairs)	fast	0.11s; proofs/uuid
2958	uuid_gt	crates/backend/utils/adt/uuid/src/builtins.rs	proved(full pairs)	fast	0.11s; proofs/uuid
2959	uuid_ne	crates/backend/utils/adt/uuid/src/builtins.rs	proved(full pairs)	fast	0.11s; proofs/uuid
2960	uuid_cmp	crates/backend/utils/adt/uuid/src/builtins.rs	proved(full pairs, sign-equiv)	fast	0.15s; memcmp magnitude = ratified non-surface (btree contract is sign); proofs/uuid
2961	uuid_recv	crates/backend/utils/adt/uuid/src/builtins.rs	proved(core dlen<=20 x cursor<=20 full domain; 21 err-cells + 15 ok-cells + cover)	ladder	uuid_recv core-level StringInfo; Err cells fence the sym-offset read, Ok cells concrete (dlen,cur); modulo static-buffer allocator model. Symbolic-dlen harness = CNF wall (module doc). Fleet c8g 251-371s/cell (d20 needed >7GB RSS, passed at 40GB cap 351s). proofs/uuid wave5 2026-07-30
2962	uuid_send	crates/backend/utils/adt/uuid/src/builtins.rs	proved(entry-point fc_uuid_send, full 16-byte)	ladder	20-byte send image byte-equal; modulo static-buffer allocator model. Local 230s load~10; fleet needs >7GB solver RSS (passed 371s at 40GB cap). proofs/uuid wave5 2026-07-30
2963	uuid_hash	crates/backend/utils/adt/uuid/src/builtins.rs	proved(full [u8;16], hash kernel in-theorem, wrapper-level)	fast	2.8s; proofs/uuid
2971	booltext	crates/backend/utils/adt/bool/src/builtins.rs	proved(entry-point fc_booltext, literal-bool cells true/false)	ladder	text image ('true' 8B / 'false' 9B varlena) byte-equal; symbolic-bool harness = CNF wall at 40GB (propositional reduction; symex completes) — literal cells 66/72s local load~9. proofs/bool wave_sendtext 2026-07-30
2978	pg_stat_get_function_calls	crates/backend/utils/adt/pgstatfuncs/src/lib.rs	excluded(state)	-	pg_stat shared-memory/catalog reads
2979	pg_stat_get_function_total_time	crates/backend/utils/adt/pgstatfuncs/src/lib.rs	excluded(state)	-	pg_stat shared-memory/catalog reads
2980	pg_stat_get_function_self_time	crates/backend/utils/adt/pgstatfuncs/src/lib.rs	excluded(state)	-	pg_stat shared-memory/catalog reads
2981	record_eq	crates/backend/utils/adt/rowtypes/src/lib.rs	proved(per-descriptor: 2-col (int4,{int4|date|nocmp}) + 2v3 all-int4; full-i32 values, symbolic nulls/dropped/collations; error-class + collation-trace parity in-theorem)	slow	proofs/records; eq 11.6-21.3s kissat+no-reach-checks; deform+fn_extra tiers tested; typcache seam concrete; skew controls FAIL as required
2982	record_ne	crates/backend/utils/adt/rowtypes/src/lib.rs	proved(rides record_eq theorems; !record_eq mapping code-identical to C, tested tier)	slow	proofs/records
2983	record_lt	crates/backend/utils/adt/rowtypes/src/lib.rs	proved(via record_cmp_core theorems; cmp<0 mapping code-identical to C, tested tier)	slow	proofs/records; cmp theorems 14.8-20.5s
2984	record_gt	crates/backend/utils/adt/rowtypes/src/lib.rs	proved(via record_cmp_core theorems; cmp>0 mapping code-identical to C, tested tier)	slow	proofs/records
2985	record_le	crates/backend/utils/adt/rowtypes/src/lib.rs	proved(via record_cmp_core theorems; cmp<=0 mapping code-identical to C, tested tier)	slow	proofs/records
2986	record_ge	crates/backend/utils/adt/rowtypes/src/lib.rs	proved(via record_cmp_core theorems; cmp>=0 mapping code-identical to C, tested tier)	slow	proofs/records
2987	btrecordcmp	crates/backend/utils/adt/rowtypes/src/lib.rs	proved(via record_cmp_core theorems; Datum::from_i32(cmp) wrapper tested tier)	slow	proofs/records
2997	pg_table_size	crates/backend/utils/adt/dbsize/src/builtins.rs	excluded(state)	-	relation/db file-size stat
2998	pg_indexes_size	crates/backend/utils/adt/dbsize/src/builtins.rs	excluded(state)	-	relation/db file-size stat
2999	pg_relation_filenode	crates/backend/utils/adt/dbsize/src/builtins.rs	excluded(state)	-	relation/db file-size stat
3000	has_foreign_data_wrapper_privilege_name_name	crates/backend/utils/adt/acl/src/builtins.rs	excluded(state)	-	ACL/catalog privilege check
3001	has_foreign_data_wrapper_privilege_name_id	crates/backend/utils/adt/acl/src/builtins.rs	excluded(state)	-	ACL/catalog privilege check
3002	has_foreign_data_wrapper_privilege_id_name	crates/backend/utils/adt/acl/src/builtins.rs	excluded(state)	-	ACL/catalog privilege check
3003	has_foreign_data_wrapper_privilege_id_id	crates/backend/utils/adt/acl/src/builtins.rs	excluded(state)	-	ACL/catalog privilege check
3004	has_foreign_data_wrapper_privilege_name	crates/backend/utils/adt/acl/src/builtins.rs	excluded(state)	-	ACL/catalog privilege check
3005	has_foreign_data_wrapper_privilege_id	crates/backend/utils/adt/acl/src/builtins.rs	excluded(state)	-	ACL/catalog privilege check
3006	has_server_privilege_name_name	crates/backend/utils/adt/acl/src/builtins.rs	excluded(state)	-	ACL/catalog privilege check
3007	has_server_privilege_name_id	crates/backend/utils/adt/acl/src/builtins.rs	excluded(state)	-	ACL/catalog privilege check
3008	has_server_privilege_id_name	crates/backend/utils/adt/acl/src/builtins.rs	excluded(state)	-	ACL/catalog privilege check
3009	has_server_privilege_id_id	crates/backend/utils/adt/acl/src/builtins.rs	excluded(state)	-	ACL/catalog privilege check
3010	has_server_privilege_name	crates/backend/utils/adt/acl/src/builtins.rs	excluded(state)	-	ACL/catalog privilege check
3011	has_server_privilege_id	crates/backend/utils/adt/acl/src/builtins.rs	excluded(state)	-	ACL/catalog privilege check
3012	has_column_privilege_name_name_name	crates/backend/utils/adt/acl/src/builtins.rs	excluded(state)	-	ACL/catalog privilege check
3013	has_column_privilege_name_name_attnum	crates/backend/utils/adt/acl/src/builtins.rs	excluded(state)	-	ACL/catalog privilege check
3014	has_column_privilege_name_id_name	crates/backend/utils/adt/acl/src/builtins.rs	excluded(state)	-	ACL/catalog privilege check
3015	has_column_privilege_name_id_attnum	crates/backend/utils/adt/acl/src/builtins.rs	excluded(state)	-	ACL/catalog privilege check
3016	has_column_privilege_id_name_name	crates/backend/utils/adt/acl/src/builtins.rs	excluded(state)	-	ACL/catalog privilege check
3017	has_column_privilege_id_name_attnum	crates/backend/utils/adt/acl/src/builtins.rs	excluded(state)	-	ACL/catalog privilege check
3018	has_column_privilege_id_id_name	crates/backend/utils/adt/acl/src/builtins.rs	excluded(state)	-	ACL/catalog privilege check
3019	has_column_privilege_id_id_attnum	crates/backend/utils/adt/acl/src/builtins.rs	excluded(state)	-	ACL/catalog privilege check
3020	has_column_privilege_name_name	crates/backend/utils/adt/acl/src/builtins.rs	excluded(state)	-	ACL/catalog privilege check
3021	has_column_privilege_name_attnum	crates/backend/utils/adt/acl/src/builtins.rs	excluded(state)	-	ACL/catalog privilege check
3022	has_column_privilege_id_name	crates/backend/utils/adt/acl/src/builtins.rs	excluded(state)	-	ACL/catalog privilege check
3023	has_column_privilege_id_attnum	crates/backend/utils/adt/acl/src/builtins.rs	excluded(state)	-	ACL/catalog privilege check
3024	has_any_column_privilege_name_name	crates/backend/utils/adt/acl/src/builtins.rs	excluded(state)	-	ACL/catalog privilege check
3025	has_any_column_privilege_name_id	crates/backend/utils/adt/acl/src/builtins.rs	excluded(state)	-	ACL/catalog privilege check
3026	has_any_column_privilege_id_name	crates/backend/utils/adt/acl/src/builtins.rs	excluded(state)	-	ACL/catalog privilege check
3027	has_any_column_privilege_id_id	crates/backend/utils/adt/acl/src/builtins.rs	excluded(state)	-	ACL/catalog privilege check
3028	has_any_column_privilege_name	crates/backend/utils/adt/acl/src/builtins.rs	excluded(state)	-	ACL/catalog privilege check
3029	has_any_column_privilege_id	crates/backend/utils/adt/acl/src/builtins.rs	excluded(state)	-	ACL/catalog privilege check
3030	bitoverlay	crates/backend/utils/adt/varbit/src/lib.rs	proved(error planes sp<=0 / sp+sl-ovf, 57-59s; kernels bitsubstring+bit_catenate proved) + wall(composed image cells memory@6GiB both solvers even at <=9-bit inputs — width-bound below any input-size knob)	ladder	fleet 40GB tier; proofs/varbit-rows relaunch 2026-07-29 (re-derived)
3031	bitoverlay_no_len	crates/backend/utils/adt/varbit/src/lib.rs	proved(error planes sp<=0 / sp+sl-ovf, 57-59s; kernels bitsubstring+bit_catenate proved) + wall(composed image cells memory@6GiB both solvers even at <=9-bit inputs — width-bound below any input-size knob)	ladder	fleet 40GB tier; proofs/varbit-rows relaunch 2026-07-29 (re-derived)
3032	bitgetbit	crates/backend/utils/adt/varbit/src/lib.rs	proved(full-i32 n, both arms + 2202E sqlstate/level)	fast	0.91s; proofs/varbit-rows relaunch 2026-07-29 (re-derived)
3033	bitsetbit	crates/backend/utils/adt/varbit/src/lib.rs	proved(bitlen cells 12/16; n,new_bit,content fully symbolic; both err planes + sqlstates; modulo static-buffer allocator model)	slow	72s release-gate; proofs/varbit-rows relaunch 2026-07-29 (re-derived)
3034	pg_relation_filepath	crates/backend/utils/adt/dbsize/src/builtins.rs	excluded(state)	-	relation/db file-size stat
3035	pg_listening_channels	crates/backend/commands/commands_async/src/builtins.rs	excluded(state)	-	async-notify shared state
3036	pg_notify	crates/backend/commands/commands_async/src/builtins.rs	excluded(state)	-	async-notify shared state
3037	pg_stat_get_xact_numscans	crates/backend/utils/adt/pgstatfuncs/src/lib.rs	excluded(state)	-	pg_stat shared-memory/catalog reads
3038	pg_stat_get_xact_tuples_returned	crates/backend/utils/adt/pgstatfuncs/src/lib.rs	excluded(state)	-	pg_stat shared-memory/catalog reads
3039	pg_stat_get_xact_tuples_fetched	crates/backend/utils/adt/pgstatfuncs/src/lib.rs	excluded(state)	-	pg_stat shared-memory/catalog reads
3040	pg_stat_get_xact_tuples_inserted	crates/backend/utils/adt/pgstatfuncs/src/lib.rs	excluded(state)	-	pg_stat shared-memory/catalog reads
3041	pg_stat_get_xact_tuples_updated	crates/backend/utils/adt/pgstatfuncs/src/lib.rs	excluded(state)	-	pg_stat shared-memory/catalog reads
3042	pg_stat_get_xact_tuples_deleted	crates/backend/utils/adt/pgstatfuncs/src/lib.rs	excluded(state)	-	pg_stat shared-memory/catalog reads
3043	pg_stat_get_xact_tuples_hot_updated	crates/backend/utils/adt/pgstatfuncs/src/lib.rs	excluded(state)	-	pg_stat shared-memory/catalog reads
3044	pg_stat_get_xact_blocks_fetched	crates/backend/utils/adt/pgstatfuncs/src/lib.rs	excluded(state)	-	pg_stat shared-memory/catalog reads
3045	pg_stat_get_xact_blocks_hit	crates/backend/utils/adt/pgstatfuncs/src/lib.rs	excluded(state)	-	pg_stat shared-memory/catalog reads
3046	pg_stat_get_xact_function_calls	crates/backend/utils/adt/pgstatfuncs/src/lib.rs	excluded(state)	-	pg_stat shared-memory/catalog reads
3047	pg_stat_get_xact_function_total_time	crates/backend/utils/adt/pgstatfuncs/src/lib.rs	excluded(state)	-	pg_stat shared-memory/catalog reads
3048	pg_stat_get_xact_function_self_time	crates/backend/utils/adt/pgstatfuncs/src/lib.rs	excluded(state)	-	pg_stat shared-memory/catalog reads
3049	xpath_exists	crates/backend/utils/adt/xml/src/builtins.rs	excluded(engine)	-	xml parser/serializer engine
3051	xml_is_well_formed	crates/backend/utils/adt/xml/src/builtins.rs	excluded(engine)	-	xml parser/serializer engine
3052	xml_is_well_formed_document	crates/backend/utils/adt/xml/src/builtins.rs	excluded(engine)	-	xml parser/serializer engine
3053	xml_is_well_formed_content	crates/backend/utils/adt/xml/src/builtins.rs	excluded(engine)	-	xml parser/serializer engine
3054	pg_stat_get_vacuum_count	crates/backend/utils/adt/pgstatfuncs/src/lib.rs	excluded(state)	-	pg_stat shared-memory/catalog reads
3055	pg_stat_get_autovacuum_count	crates/backend/utils/adt/pgstatfuncs/src/lib.rs	excluded(state)	-	pg_stat shared-memory/catalog reads
3056	pg_stat_get_analyze_count	crates/backend/utils/adt/pgstatfuncs/src/lib.rs	excluded(state)	-	pg_stat shared-memory/catalog reads
3057	pg_stat_get_autoanalyze_count	crates/backend/utils/adt/pgstatfuncs/src/lib.rs	excluded(state)	-	pg_stat shared-memory/catalog reads
3058	text_concat	crates/backend/utils/adt/varlena/src/builtins.rs	excluded(blocked: variadic-any + fmgr output recursion)	-	concat_format::fc_text_concat nested FunctionCallInvoke + StringInfo image
3059	text_concat_ws	crates/backend/utils/adt/varlena/src/builtins.rs	excluded(blocked: variadic-any + fmgr output recursion)	-	same body + separator arm
3060	text_left	crates/backend/utils/adt/oracle_compat/src/builtins.rs	tested(differential: oraclefam_diff fleet 2x10M execs 0 div — jobs pgrust-fuzz-campaign-1785508394-540a-34016 + pgrust-fuzz-campaign-1785509898-3498-66645 @ 4c690bacec; planes value+verdict+sqlstate; encodings SQL_ASCII/UTF8/LATIN1 (+EUC_JP ascii/chr rejects); invalid-collid 42P22 arm; corpus 3303 committed; p1-laneaj)	wall | prior status: wall(SAT/memory; symex completes 35-108s; both solvers; result-image (check_bytes) subfamily — scalar-verdict proves, image-compare walls; measured under multi-agent load, idle rerun owed) | campaign p1-laneaj 2026-07-31	LATIN1/bytea arms SAT residue >490-560s, UTF8 arms >6GiB RSS; clamp arithmetic witnessed reachable by green cover; proofs/text-slice
3061	text_right	crates/backend/utils/adt/oracle_compat/src/builtins.rs	tested(differential: oraclefam_diff fleet 2x10M execs 0 div — jobs pgrust-fuzz-campaign-1785508394-540a-34016 + pgrust-fuzz-campaign-1785509898-3498-66645 @ 4c690bacec; planes value+verdict+sqlstate; encodings SQL_ASCII/UTF8/LATIN1 (+EUC_JP ascii/chr rejects); invalid-collid 42P22 arm; corpus 3303 committed; p1-laneaj)	wall | prior status: wall(SAT/memory; symex completes 35-108s; both solvers; result-image (check_bytes) subfamily — scalar-verdict proves, image-compare walls; measured under multi-agent load, idle rerun owed) | campaign p1-laneaj 2026-07-31	LATIN1/bytea arms SAT residue >490-560s, UTF8 arms >6GiB RSS; clamp arithmetic witnessed reachable by green cover; proofs/text-slice
3062	text_reverse	crates/backend/utils/adt/oracle_compat/src/builtins.rs	tested(differential: oraclefam_diff fleet 2x10M execs 0 div — jobs pgrust-fuzz-campaign-1785508394-540a-34016 + pgrust-fuzz-campaign-1785509898-3498-66645 @ 4c690bacec; planes value+verdict+sqlstate; encodings SQL_ASCII/UTF8/LATIN1 (+EUC_JP ascii/chr rejects); invalid-collid 42P22 arm; corpus 3303 committed; p1-laneaj)	fast | campaign p1-laneaj 2026-07-31	text_reverse lib.rs:574 single-byte arm per-length <=8 (single-set_len unsafe-write loop proves fine per TRIAGE); MB arm MbWalk ladder + encoding pin
3064	gist_point_distance	crates/backend/access/gist/gistproc/src/lib.rs	proved(in-box + y-strip + x-strip arms full-sym incl inconsistent-elog + overflow Err; leaf axis-aligned slice; group!=0 error arm)	ladder	vertex arm 8-cell grid = GENUINE wall (k+d 450s incl quiet-machine retry, 4 concrete point_dt/hypot circuits under one sym index) - fleet or per-cell split; general non-axis hypot path out of proof (model-spec gap); inbox 98.7s k, ystrip 214s d, xstrip 345s d, leaf_axis 65.1s k, badstrategy 59.5s k; proofs/gist-geo
3065	pg_stat_get_db_conflict_tablespace	crates/backend/utils/adt/pgstatfuncs/src/lib.rs	excluded(state)	-	pg_stat shared-memory/catalog reads
3066	pg_stat_get_db_conflict_lock	crates/backend/utils/adt/pgstatfuncs/src/lib.rs	excluded(state)	-	pg_stat shared-memory/catalog reads
3067	pg_stat_get_db_conflict_snapshot	crates/backend/utils/adt/pgstatfuncs/src/lib.rs	excluded(state)	-	pg_stat shared-memory/catalog reads
3068	pg_stat_get_db_conflict_bufferpin	crates/backend/utils/adt/pgstatfuncs/src/lib.rs	excluded(state)	-	pg_stat shared-memory/catalog reads
3070	pg_stat_get_db_conflict_all	crates/backend/utils/adt/pgstatfuncs/src/lib.rs	excluded(state)	-	pg_stat shared-memory/catalog reads
3071	pg_wal_replay_pause	crates/backend/utils/adt/adt_misc/src/builtins.rs	excluded(state)	-	server WAL/catalog/session state
3072	pg_wal_replay_resume	crates/backend/utils/adt/adt_misc/src/builtins.rs	excluded(state)	-	server WAL/catalog/session state
3073	pg_is_wal_replay_paused	crates/backend/utils/adt/adt_misc/src/builtins.rs	excluded(state)	-	server WAL/catalog/session state
3074	pg_stat_get_db_stat_reset_time	crates/backend/utils/adt/pgstatfuncs/src/lib.rs	excluded(state)	-	pg_stat shared-memory/catalog reads
3075	pg_stat_get_bgwriter_stat_reset_time	crates/backend/utils/adt/pgstatfuncs/src/lib.rs	excluded(state)	-	pg_stat shared-memory/catalog reads
3078	pg_sequence_parameters	crates/backend/commands/sequence/src/builtins.rs	blocked(seam: typcache + catalog)	seam	BEST FIRST sequence target for the mock lane: catalog form is FULLY behind syscache_seams::lookup_pg_sequence_form (EXISTING seam); acl behind the membership-oracle model (state-seam-probe); remaining walls = funcapi::get_call_result_type (typcache mock, proofs/typcache-mock lane) + heap_form_tuple (mcx-stubs class)
3082	pg_available_extensions	crates/backend/commands/extension_seams/src/builtins.rs	excluded(state)	-	extension catalog state
3083	pg_available_extension_versions	crates/backend/commands/extension_seams/src/builtins.rs	excluded(state)	-	extension catalog state
3084	pg_extension_update_paths	crates/backend/commands/extension_seams/src/builtins.rs	excluded(state)	-	extension catalog state
3089	pg_advisory_xact_lock_int8	crates/backend/utils/adt/lockfuncs/src/lib.rs	excluded(state)	-	lock-manager shared state
3090	pg_advisory_xact_lock_shared_int8	crates/backend/utils/adt/lockfuncs/src/lib.rs	excluded(state)	-	lock-manager shared state
3091	pg_try_advisory_xact_lock_int8	crates/backend/utils/adt/lockfuncs/src/lib.rs	excluded(state)	-	lock-manager shared state
3093	pg_advisory_xact_lock_int4	crates/backend/utils/adt/lockfuncs/src/lib.rs	excluded(state)	-	lock-manager shared state
3094	pg_advisory_xact_lock_shared_int4	crates/backend/utils/adt/lockfuncs/src/lib.rs	excluded(state)	-	lock-manager shared state
3095	pg_try_advisory_xact_lock_int4	crates/backend/utils/adt/lockfuncs/src/lib.rs	excluded(state)	-	lock-manager shared state
3097	varchar_support	crates/backend/utils/adt/varchar/src/builtins.rs	excluded(blocked: planner node graph)	-	builtins.rs:324; typmod-widening decision (351-357) = 4-comparison scalar core if node-stub rig ever exists
3098	pg_create_restore_point	crates/backend/utils/adt/adt_misc/src/builtins.rs	excluded(state)	-	server WAL/catalog/session state
3099	pg_stat_get_wal_senders	crates/backend/utils/adt/pgstatfuncs/src/lib.rs	excluded(state)	-	pg_stat shared-memory/catalog reads
3116	fdw_handler_in	crates/backend/utils/adt/pseudotypes/src/builtins.rs	proved(err-parity: verdict+sqlstate+level; all args ignored)	fast	~0.6s default solver; proofs/pseudotypes eq_fdw_handler_in; wrapper-level via LocalFcinfo (call1, null Datum); C MAKE_SQLSTATE computed vs shipped with_sqlstate — 0A000 encoding in-theorem; message text/location out of proof; Err-arm cover! + shell_in must-fail control
3117	fdw_handler_out	crates/backend/utils/adt/pseudotypes/src/builtins.rs	proved(err-parity: verdict+sqlstate+level; all args ignored)	fast	~0.6s default solver; proofs/pseudotypes eq_fdw_handler_out; wrapper-level via LocalFcinfo (call1, null Datum); C MAKE_SQLSTATE computed vs shipped with_sqlstate — 0A000 encoding in-theorem; message text/location out of proof; Err-arm cover! + shell_in must-fail control
3120	void_recv	crates/backend/utils/adt/pseudotypes/src/builtins.rs	proved(full; Datum 0 parity, shipped wrapper)	fast	0.12s; proofs/pseudotypes eq_void_recv
3121	void_send	crates/backend/utils/adt/pseudotypes/src/builtins.rs	proved(empty bytea image incl SET_VARSIZE header; core; modulo static-buffer allocator model)	fast	25.3s --no-assertion-reach-checks; proofs/pseudotypes eq_void_send; wrapper tier tested (result_mcx frame)
3138	has_type_privilege_name_name	crates/backend/utils/adt/acl/src/builtins.rs	excluded(state)	-	ACL/catalog privilege check
3139	has_type_privilege_name_id	crates/backend/utils/adt/acl/src/builtins.rs	excluded(state)	-	ACL/catalog privilege check
3140	has_type_privilege_id_name	crates/backend/utils/adt/acl/src/builtins.rs	excluded(state)	-	ACL/catalog privilege check
3141	has_type_privilege_id_id	crates/backend/utils/adt/acl/src/builtins.rs	excluded(state)	-	ACL/catalog privilege check
3142	has_type_privilege_name	crates/backend/utils/adt/acl/src/builtins.rs	excluded(state)	-	ACL/catalog privilege check
3143	has_type_privilege_id	crates/backend/utils/adt/acl/src/builtins.rs	excluded(state)	-	ACL/catalog privilege check
3144	macaddr_not	crates/backend/utils/adt/mac/src/builtins.rs	proved(full [u8;6] pairs)	fast	0.05-0.33s; proofs/mac
3145	macaddr_and	crates/backend/utils/adt/mac/src/builtins.rs	proved(full [u8;6] pairs)	fast	0.05-0.33s; proofs/mac
3146	macaddr_or	crates/backend/utils/adt/mac/src/builtins.rs	proved(full [u8;6] pairs)	fast	0.05-0.33s; proofs/mac
3150	pg_stat_get_db_temp_files	crates/backend/utils/adt/pgstatfuncs/src/lib.rs	excluded(state)	-	pg_stat shared-memory/catalog reads
3151	pg_stat_get_db_temp_bytes	crates/backend/utils/adt/pgstatfuncs/src/lib.rs	excluded(state)	-	pg_stat shared-memory/catalog reads
3152	pg_stat_get_db_deadlocks	crates/backend/utils/adt/pgstatfuncs/src/lib.rs	excluded(state)	-	pg_stat shared-memory/catalog reads
3153	array_to_json	crates/backend/utils/adt/json/src/builtins.rs	excluded(wall: CNF width / image claim)	-	array_to_json_internal StringInfo render + element output-fn seam
3154	array_to_json_pretty	crates/backend/utils/adt/json/src/builtins.rs	excluded(wall: CNF width / image claim)	-	same core (sampled)
3155	row_to_json	crates/backend/utils/adt/json/src/builtins.rs	excluded(wall: image + typcache)	-	composite_to_json + lookup_rowtype_tupdesc seam
3156	row_to_json_pretty	crates/backend/utils/adt/json/src/builtins.rs	excluded(wall: image + typcache)	-	same core
3157	numeric_support	crates/backend/utils/adt/numeric/src/builtins.rs	excluded(blocked: planner SupportRequestSimplify node seam)	-	builtins.rs:1041; decision predicate builtins.rs:1069-1072 is a free rider on 2917 harness
3158	varbit_support	crates/backend/utils/adt/varbit/src/lib.rs	excluded(blocked: planner node plumbing)	-	varbit/src/lib.rs:1034 SupportRequestSimplify
3159	pg_get_viewdef_wrap	crates/backend/utils/adt/ruleutils/src/builtins.rs	excluded(state)	-	catalog deparse machinery
3160	pg_stat_get_checkpointer_write_time	crates/backend/utils/adt/pgstatfuncs/src/lib.rs	excluded(state)	-	pg_stat shared-memory/catalog reads
3161	pg_stat_get_checkpointer_sync_time	crates/backend/utils/adt/pgstatfuncs/src/lib.rs	excluded(state)	-	pg_stat shared-memory/catalog reads
3162	pg_collation_for	crates/backend/utils/adt/adt_misc/src/lib.rs	excluded(state)	-	syscache collation lookup
3163	pg_trigger_depth	crates/backend/utils/adt/adt_misc/src/builtins.rs	excluded(state)	-	server WAL/catalog/session state
3165	pg_wal_lsn_diff	crates/backend/utils/adt/adt_misc/src/builtins.rs	blocked(numeric DigitBuf via pg_lsn_mi)	fast	fc_pg_wal_lsn_diff = thin wrapper over pg_lsn_mi (3237, blocked(numeric DigitBuf)); unblocker = the word_buf_take stub-seam recipe (TRIAGE wall class 7, broken 2026-07-30) landing in the numeric/pg_lsn lane — re-derive this row when 3237 clears; the u64 args unwrap itself is trivial and rides that proof
3166	pg_size_pretty_numeric	crates/backend/utils/adt/dbsize/src/builtins.rs	candidate	fast	pure formatting; numeric-arith core, screen cost (dbsize/builtins.rs:149)
3167	array_remove	crates/backend/utils/adt/arrayfuncs/src/builtins.rs	excluded(typcache)	-	element typcache/fmgr dispatch
3168	array_replace	crates/backend/utils/adt/arrayfuncs/src/builtins.rs	excluded(typcache)	-	element typcache/fmgr dispatch
3170	be_lo_lseek64	crates/backend/libpq/be_fsstubs/src/fmgr_builtins.rs	excluded(state)	-	large-object catalog/buffer state
3171	be_lo_tell64	crates/backend/libpq/be_fsstubs/src/fmgr_builtins.rs	excluded(state)	-	large-object catalog/buffer state
3172	be_lo_truncate64	crates/backend/libpq/be_fsstubs/src/fmgr_builtins.rs	excluded(state)	-	large-object catalog/buffer state
3173	json_agg_transfn	crates/backend/utils/adt/json/src/builtins.rs	excluded(agg-state/engine + image claim)	-	json/src/aggs.rs:177; sampled family
3174	json_agg_finalfn	crates/backend/utils/adt/json/src/builtins.rs	excluded(agg-state/engine + image claim)	-	aggs.rs:189
3176	to_json	crates/backend/utils/adt/json/src/builtins.rs	excluded(wall: image + typcache dispatch)	-	get_fn_expr_argtype seam + datum_to_json render
3177	pg_stat_get_mod_since_analyze	crates/backend/utils/adt/pgstatfuncs/src/lib.rs	excluded(state)	-	pg_stat shared-memory/catalog reads
3178	numeric_sum	crates/backend/utils/adt/numeric/src/builtins.rs	excluded(state)	-	NumericSumAccum::finalize aggregates.rs:198
3179	array_cardinality	crates/backend/utils/adt/arrayfuncs/src/builtins.rs	proved(ndim cells {0,1,2} + symbolic non-positive ndim [C VALUE 0] + symbolic ndim>MAXDIM as a Rust-only defined-error theorem, full-i32 dims incl. 54000 error arm w/ sqlstate+level parity [value-space only]; ndim=6 cell wall(timeout-450s at load~9-28 AND at idle load~5 retry — genuine sloped wall, chained i64 multiply) — authored, fleet-bound; wrapper-level; modulo static-buffer allocator model)	fast	proofs/arrayfuncs-hdr 69-248s/cell (n1 152s, n2 248s, n6 >450s); CORRUPTION-PLANE CANDIDATE CLOSED -- FIXED, NOT RATIFIED (fix/array-hdr-corruption-plane: read_dims_lbounds now sanity-checks ndim BEFORE the dims fill; the panic C answered with NULL is gone). Fence removed: *_ndim_corrupt cell proves symbolic ndim with `ndim as u32 > MAXDIM` over a full symbolic 6-dim body, so with the in-range cells the ndim plane is now full-i32. Standing native witness tests/corruption_plane.rs rewritten to assert the correct behavior. fix/array-hdr-reconcile 2026-07-30. array_cardinality is the ASYMMETRIC member (C has no sanity check): non-positive ndim dual-executed against C's VALUE 0 [eq_array_cardinality_ndim_nonpos VERIFIED 160s kissat]; above MAXDIM C reads dim words past the datum so there is NO C answer -- pgrust takes a defined 54000 error, proved as a RUST-ONLY theorem [rust_array_cardinality_ndim_over_maxdim_errors VERIFIED 106s kissat]; w2-arrayjson
3180	json_object_agg_transfn	crates/backend/utils/adt/json/src/builtins.rs	excluded(agg-state/engine + image claim)	-	as 3173
3181	record_image_eq	crates/backend/utils/adt/rowtypes/src/lib.rs	tested(differential: rowtypes_diff fleet campaigns 10M+10M execs clean (jobs ...936-57c8-77827 base, ...095-6aad-13291 extended family), value+verdict+errcode planes, 7-descriptor pinned-typcache menu incl byval 1/2/4/8 + fixed byref + varlena + dropped)	-	p1-laneai 2026-07-31; residual arms carried in proofs/coverage/phase1-exceptions.tsv
3182	record_image_ne	crates/backend/utils/adt/rowtypes/src/lib.rs	tested(differential: rowtypes_diff fleet campaigns 10M+10M execs clean (jobs ...936-57c8-77827 base, ...095-6aad-13291 extended family), value+verdict+errcode planes, 7-descriptor pinned-typcache menu incl byval 1/2/4/8 + fixed byref + varlena + dropped)	-	p1-laneai 2026-07-31; residual arms carried in proofs/coverage/phase1-exceptions.tsv
3183	record_image_lt	crates/backend/utils/adt/rowtypes/src/lib.rs	tested(differential: rowtypes_diff fleet campaigns 10M+10M execs clean (jobs ...936-57c8-77827 base, ...095-6aad-13291 extended family), value+verdict+errcode planes, 7-descriptor pinned-typcache menu incl byval 1/2/4/8 + fixed byref + varlena + dropped)	-	p1-laneai 2026-07-31; residual arms carried in proofs/coverage/phase1-exceptions.tsv
3184	record_image_gt	crates/backend/utils/adt/rowtypes/src/lib.rs	tested(differential: rowtypes_diff fleet campaigns 10M+10M execs clean (jobs ...936-57c8-77827 base, ...095-6aad-13291 extended family), value+verdict+errcode planes, 7-descriptor pinned-typcache menu incl byval 1/2/4/8 + fixed byref + varlena + dropped)	-	p1-laneai 2026-07-31; residual arms carried in proofs/coverage/phase1-exceptions.tsv
3185	record_image_le	crates/backend/utils/adt/rowtypes/src/lib.rs	tested(differential: rowtypes_diff fleet campaigns 10M+10M execs clean (jobs ...936-57c8-77827 base, ...095-6aad-13291 extended family), value+verdict+errcode planes, 7-descriptor pinned-typcache menu incl byval 1/2/4/8 + fixed byref + varlena + dropped)	-	p1-laneai 2026-07-31; residual arms carried in proofs/coverage/phase1-exceptions.tsv
3186	record_image_ge	crates/backend/utils/adt/rowtypes/src/lib.rs	tested(differential: rowtypes_diff fleet campaigns 10M+10M execs clean (jobs ...936-57c8-77827 base, ...095-6aad-13291 extended family), value+verdict+errcode planes, 7-descriptor pinned-typcache menu incl byval 1/2/4/8 + fixed byref + varlena + dropped)	-	p1-laneai 2026-07-31; residual arms carried in proofs/coverage/phase1-exceptions.tsv
3187	btrecordimagecmp	crates/backend/utils/adt/rowtypes/src/lib.rs	tested(differential: rowtypes_diff fleet campaigns 10M+10M execs clean (jobs ...936-57c8-77827 base, ...095-6aad-13291 extended family), value+verdict+errcode planes, 7-descriptor pinned-typcache menu incl byval 1/2/4/8 + fixed byref + varlena + dropped)	-	p1-laneai 2026-07-31; residual arms carried in proofs/coverage/phase1-exceptions.tsv
3195	pg_stat_get_archiver	crates/backend/utils/adt/pgstatfuncs/src/lib.rs	excluded(state)	-	pg_stat shared-memory/catalog reads
3196	json_object_agg_finalfn	crates/backend/utils/adt/json/src/builtins.rs	excluded(agg-state/engine + image claim)	-	as 3174
3198	json_build_array	crates/backend/utils/adt/json/src/builtins.rs	excluded(wall: image + variadic/typcache)	-	json_build_array_worker
3199	json_build_array_noargs	crates/backend/utils/adt/json/src/builtins.rs	proved(full wrapper incl. Datum pack + cstring_to_text image; modulo static-buffer allocator model)	fast	proofs/json-text eq_json_build_array_noargs 103s kissat; w2-arrayjson
3200	json_build_object	crates/backend/utils/adt/json/src/builtins.rs	excluded(wall: image + variadic/typcache)	-	as 3198
3201	json_build_object_noargs	crates/backend/utils/adt/json/src/builtins.rs	proved(full wrapper incl. Datum pack + cstring_to_text image; modulo static-buffer allocator model)	fast	proofs/json-text eq_json_build_object_noargs 103s kissat; w2-arrayjson
3202	json_object	crates/backend/utils/adt/json/src/builtins.rs	tested(differential: json_diff fleet job pgrust-fuzz-campaign-1785508521-0065-90755 10M execs 0 divergences + a0 exhaustive 67,174,400-case unicode-escape domain PASS; planes value+verdict+sqlstate+SQL-NULL+fc-wrapper)	-	text[] deconstruct + render | was: excluded(wall: image claim) | p1-laneab 2026-07-31
3203	json_object_two_arg	crates/backend/utils/adt/json/src/builtins.rs	tested(differential: json_diff fleet job pgrust-fuzz-campaign-1785508521-0065-90755 10M execs 0 divergences + a0 exhaustive 67,174,400-case unicode-escape domain PASS; planes value+verdict+sqlstate+SQL-NULL+fc-wrapper)	-	as 3202 | was: excluded(wall: image claim) | p1-laneab 2026-07-31
3204	json_to_record	crates/backend/utils/adt/jsonb/src/builtins.rs	excluded(typcache/record-registry)	-	populate.rs:1371 lookup_rowtype_tupdesc_copy + full parse
3205	json_to_recordset	crates/backend/utils/adt/jsonb/src/builtins.rs	excluded(SRF/engine + typcache)	-	as 3204 retset
3207	jsonb_array_length	crates/backend/utils/adt/jsonb/src/builtins.rs	proved(builder-fenced roots n<=3; value + which-ereport verdict parity) + tested(differential: jsonbio_diff 10.0M fleet (job pgrust-fuzz-campaign-1785509808-7506-56214), planes value+verdict+sqlstate, 0 divergences)	fast	0.4-1.5s; proofs/jsonb-probe
3208	jsonb_each	crates/backend/utils/adt/jsonb/src/builtins.rs	excluded(SRF/engine)	-	srfs.rs:39 srf_drive MultiFuncCall + allocating iterator (sampled family)
3209	jsonb_populate_record	crates/backend/utils/adt/jsonb/src/builtins.rs	excluded(typcache/record-registry)	-	populate.rs:491
3210	jsonb_typeof	crates/backend/utils/adt/jsonb/src/builtins.rs	proved(core name-byte equality; depth-1 n<=2 + raw-scalar)	fast	5-27s, n0 cells release-gate; proofs/jsonb-probe
3214	jsonb_object_field_text	crates/backend/utils/adt/jsonb/src/builtins.rs	proved(same lookup core; ->> text projection out)	fast	release-gate; proofs/jsonb-probe
3215	jsonb_array_element	crates/backend/utils/adt/jsonb/src/builtins.rs	proved(lookup core incl FULL-i32 subscript + negative-adjust verbatim; n<=3)	fast	6-41s; proofs/jsonb-probe
3216	jsonb_array_element_text	crates/backend/utils/adt/jsonb/src/builtins.rs	proved(same core)	fast	proofs/jsonb-probe
3217	jsonb_extract_path	crates/backend/utils/adt/jsonb/src/builtins.rs	proved(path-resolution verdict: empty-path Input/Item, scalar-root, object n=2 symbolic key, subscript-parse len 0-3 both JEntry forms + regime covers; subscript alphabet NUL-fenced ONLY — VT (0x0b) in-alphabet post-fix) + fixed(VT array-subscript divergence CLOSED 2026-07-30, not ratified: subscript parse routed through pg_string::strtoint10_strict (exact C-locale strtoint model incl VT whitespace, ERANGE, trailing-junk reject) at getfield.rs:170; ground truth PostgreSQL 18.4 Linux/glibc; witness_path_vt_subscript FLIPPED to assert EQUIVALENCE, kept as permanent regression witness — FAILS on "regressed to SQL NULL" with the fix reverted, GREEN with it) + fleet-bound(12-digit range lane eq_path_arr_bigsub, depth-2 eq_path_nested_len2: timeout-450s local, loaded box)	ladder	host proofs/jsonb-probe (c/pg_jsonb_path.c; strtol = documented total C-locale model SHIM P3); Rust target = shipped getfield::resolve_path (code motion ae57f03821, reconciled with fix ae045b4383); materialization + fc null-element pre-screen tested-tier; recipe kissat --no-assertion-reach-checks (covers harness on default solver); same defect fixed at siblings 3304/3305/3579/3940/3951/3953/5054
3218	width_bucket_array	crates/backend/utils/adt/arrayfuncs/src/builtins.rs	tested(differential: width_bucket_array_float8/_fixed/_variable kernels, pinned btint4cmp/C-collation cmp; operand+thresholds planes; typcache dispatch remains the carve)	-	arrayfuncs_diff dual-exec target (fuzz/core/src/arrayfuncs_diff.rs vs verbatim 18.3 csrc/pg_arrayfuncs_io.c); fleet 10M execs 0 div (pgrust-fuzz-campaign-1785509886-2ce1-64502) + final CONFIRM 10M on post-fix sha 778417f768 (pgrust-fuzz-campaign-1785513815-34ea-14052); p1-lanex 2026-07-31. FIXES RIDING LANE: fetch_att byval sign-extension (cross-crate, datum_is_equal), read_dimension_int bare-sign strtol contract (SQL-reachable 22P02, ground-truthed postgres:18.3), construct_md_array ndims<0 sqlstate 22023, builtin-table split + XX000 error arms (RATIFIED Michael 2026-07-31)
3210	jsonb_typeof	crates/backend/utils/adt/jsonb/src/builtins.rs	proved(core name-byte equality; depth-1 n<=2 + raw-scalar) + tested(differential: jsonbio_diff 10.0M fleet (job pgrust-fuzz-campaign-1785509808-7506-56214), planes value+verdict+sqlstate, 0 divergences)	fast	5-27s, n0 cells release-gate; proofs/jsonb-probe
3214	jsonb_object_field_text	crates/backend/utils/adt/jsonb/src/builtins.rs	proved(same lookup core; ->> text projection out) + tested(differential: jsonbops_diff 10.0M fleet (job pgrust-fuzz-campaign-1785512634-5f92-65284), planes value+verdict+sqlstate, 0 divergences)	fast	release-gate; proofs/jsonb-probe
3215	jsonb_array_element	crates/backend/utils/adt/jsonb/src/builtins.rs	proved(lookup core incl FULL-i32 subscript + negative-adjust verbatim; n<=3) + tested(differential: jsonbops_diff 10.0M fleet (job pgrust-fuzz-campaign-1785512634-5f92-65284), planes value+verdict+sqlstate, 0 divergences)	fast	6-41s; proofs/jsonb-probe
3216	jsonb_array_element_text	crates/backend/utils/adt/jsonb/src/builtins.rs	proved(same core) + tested(differential: jsonbops_diff 10.0M fleet (job pgrust-fuzz-campaign-1785512634-5f92-65284), planes value+verdict+sqlstate, 0 divergences)	fast	proofs/jsonb-probe
3217	jsonb_extract_path	crates/backend/utils/adt/jsonb/src/builtins.rs	proved(path-resolution verdict: empty-path Input/Item, scalar-root, object n=2 symbolic key, subscript-parse len 0-3 both JEntry forms + regime covers; subscript alphabet NUL-fenced ONLY — VT (0x0b) in-alphabet post-fix) + fixed(VT array-subscript divergence CLOSED 2026-07-30, not ratified: subscript parse routed through pg_string::strtoint10_strict (exact C-locale strtoint model incl VT whitespace, ERANGE, trailing-junk reject) at getfield.rs:170; ground truth PostgreSQL 18.4 Linux/glibc; witness_path_vt_subscript FLIPPED to assert EQUIVALENCE, kept as permanent regression witness — FAILS on "regressed to SQL NULL" with the fix reverted, GREEN with it) + fleet-bound(12-digit range lane eq_path_arr_bigsub, depth-2 eq_path_nested_len2: timeout-450s local, loaded box) + tested(differential: jsonbops_diff 10.0M fleet (job pgrust-fuzz-campaign-1785512634-5f92-65284), planes value+verdict+sqlstate, 0 divergences)	ladder	host proofs/jsonb-probe (c/pg_jsonb_path.c; strtol = documented total C-locale model SHIM P3); Rust target = shipped getfield::resolve_path (code motion ae57f03821, reconciled with fix ae045b4383); materialization + fc null-element pre-screen tested-tier; recipe kissat --no-assertion-reach-checks (covers harness on default solver); same defect fixed at siblings 3304/3305/3579/3940/3951/3953/5054
3218	width_bucket_array	crates/backend/utils/adt/arrayfuncs/src/builtins.rs	excluded(typcache)	-	element typcache/fmgr dispatch
3219	jsonb_array_elements	crates/backend/utils/adt/jsonb/src/builtins.rs	excluded(SRF/engine)	-	as 3208
3229	pg_lsn_in	crates/backend/utils/adt/pg_lsn/src/builtins.rs	proved(cstr len<=19, 64-way case-split + coverage; strtoul/strspn hand-vendored with line-by-line narrowing argument)	fast	8-16s per split; proofs/pg_lsn
3230	pg_lsn_out	crates/backend/utils/adt/pg_lsn/src/builtins.rs	proved(full-u64 vs REL_18; divergence(ratified: PG19 master moved to %X/%08X, pgrust targets PG18))	fast	2.3s; drift witness harness pins low-word<0x10000000; re-adjudicate at PG19 rebase; proofs/pg_lsn
3231	pg_lsn_lt	crates/backend/utils/adt/pg_lsn/src/builtins.rs	proved(full-u64xu64)	fast	<0.1s; proofs/pg_lsn
3232	pg_lsn_le	crates/backend/utils/adt/pg_lsn/src/builtins.rs	proved(full-u64xu64)	fast	<0.1s; proofs/pg_lsn
3233	pg_lsn_eq	crates/backend/utils/adt/pg_lsn/src/builtins.rs	proved(full-u64xu64)	fast	<0.1s; proofs/pg_lsn
3234	pg_lsn_ge	crates/backend/utils/adt/pg_lsn/src/builtins.rs	proved(full-u64xu64)	fast	<0.1s; proofs/pg_lsn
3235	pg_lsn_gt	crates/backend/utils/adt/pg_lsn/src/builtins.rs	proved(full-u64xu64)	fast	<0.1s; proofs/pg_lsn
3236	pg_lsn_ne	crates/backend/utils/adt/pg_lsn/src/builtins.rs	proved(full-u64xu64)	fast	<0.1s; proofs/pg_lsn
3237	pg_lsn_mi	crates/backend/utils/adt/pg_lsn/src/builtins.rs	tested(differential: pg_lsn_diff coverage-guided 30.3M local + 2x10M fleet (jobs ...49150/...92969), 0 diffs; value+numeric-image+errcode planes)	-	pg_lsn_mi lib.rs:117: u64 diff -> to_string/%10 emission -> numeric_in -> NumericImage; error-free by construction; joins the DigitBuf lane; prior verdict blocked(numeric fixed-buffer core (DigitBuf)) (DigitBuf proof wall stands; fuzz-only route per LIT-REVIEW 8.1c, p1-lane0a 2026-07-30)
3238	pg_lsn_recv	crates/backend/utils/adt/pg_lsn/src/builtins.rs	proved(core dlen<=12 cells d0-d12, sym cursor)	ladder	pg_lsn_recv core via harness-built StringInfo (date_recv precedent); value+cursor+sqlstate parity; symbolic-dlen harness wall (local timeout 343s load 34.6). Cells green local ~100-140s load 8-14 AND fleet c8g 191-211s. proofs/pg_lsn wave5 2026-07-30
3239	pg_lsn_send	crates/backend/utils/adt/pg_lsn/src/builtins.rs	proved(full-u64, wrapper-level, modulo static-buffer allocator model)	slow	140.4s kissat, unwinding assertions pass; byte-skew control fails as designed (102s); proofs/pg_lsn wave5
3251	pg_lsn_cmp	crates/backend/utils/adt/pg_lsn/src/builtins.rs	proved(full-u64xu64)	fast	0.04s; proofs/pg_lsn
3252	pg_lsn_hash	crates/backend/utils/adt/pg_lsn/src/builtins.rs	proved(full-u64 lsn (rides as i64 datum), wrapper-level)	fast	3.6s; proofs/hash-rows wave5
3255	bttextsortsupport	crates/backend/utils/adt/varlena/src/builtins.rs	excluded(port gap: unported)	-	builtins.rs:561 panics "abbreviated-key SortSupport unported"
3259	generate_series	crates/backend/utils/adt/numeric/src/builtins.rs	excluded(state: SRF fn_extra + DigitBuf)	-	GenerateSeriesNumeric series.rs:29/50
3260	generate_series	crates/backend/utils/adt/numeric/src/builtins.rs	excluded(state: SRF fn_extra + DigitBuf)	-	same PGFunction, 2-arg form series.rs:41
3261	json_strip_nulls	crates/backend/utils/adt/json/src/builtins.rs	tested(differential: json_diff fleet job pgrust-fuzz-campaign-1785508521-0065-90755 10M execs 0 divergences + a0 exhaustive 67,174,400-case unicode-escape domain PASS; planes value+verdict+sqlstate+SQL-NULL+fc-wrapper)	-	json/src/funcs.rs:68 StripState sem callbacks | was: excluded(wall: parser cascade + image) | p1-laneab 2026-07-31
3262	jsonb_strip_nulls	crates/backend/utils/adt/jsonb/src/builtins.rs	excluded(wall: CNF width / image)	-	mutate::strip_nulls builder image
3263	jsonb_object	crates/backend/utils/adt/jsonb/src/builtins.rs	excluded(wall: CNF width / image)	-	tojsonb::jsonb_object
3264	jsonb_object_two_arg	crates/backend/utils/adt/jsonb/src/builtins.rs	excluded(wall: CNF width / image)	-	as 3263
3261	json_strip_nulls	crates/backend/utils/adt/json/src/builtins.rs	excluded(wall: parser cascade + image)	-	json/src/funcs.rs:68 StripState sem callbacks
3262	jsonb_strip_nulls	crates/backend/utils/adt/jsonb/src/builtins.rs	tested(differential: jsonbio_diff 10.0M fleet (job pgrust-fuzz-campaign-1785509808-7506-56214), planes value+verdict+sqlstate, 0 divergences) [retired: excluded(wall: CNF width / image)]	-	mutate::strip_nulls builder image
3263	jsonb_object	crates/backend/utils/adt/jsonb/src/builtins.rs	tested(differential: jsonbops_diff 10.0M fleet (job pgrust-fuzz-campaign-1785512634-5f92-65284), planes value+verdict+sqlstate, 0 divergences) [retired: excluded(wall: CNF width / image)]	-	tojsonb::jsonb_object
3264	jsonb_object_two_arg	crates/backend/utils/adt/jsonb/src/builtins.rs	tested(differential: jsonbops_diff 10.0M fleet (job pgrust-fuzz-campaign-1785512634-5f92-65284), planes value+verdict+sqlstate, 0 divergences) [retired: excluded(wall: CNF width / image)]	-	as 3263
3265	jsonb_agg_transfn	crates/backend/utils/adt/jsonb/src/builtins.rs	excluded(agg-state/engine + image)	-	jsonb/src/aggs.rs:212 (sampled family)
3266	jsonb_agg_finalfn	crates/backend/utils/adt/jsonb/src/builtins.rs	excluded(agg-state/engine + image)	-	aggs.rs:226
3268	jsonb_object_agg_transfn	crates/backend/utils/adt/jsonb/src/builtins.rs	excluded(agg-state/engine + image)	-	as 3265
3269	jsonb_object_agg_finalfn	crates/backend/utils/adt/jsonb/src/builtins.rs	excluded(agg-state/engine + image)	-	as 3266
3271	jsonb_build_array	crates/backend/utils/adt/jsonb/src/builtins.rs	excluded(wall: image + variadic/typcache)	-	jsonb_build_array_worker
3272	jsonb_build_array_noargs	crates/backend/utils/adt/jsonb/src/builtins.rs	tested(differential: jsonbio_diff 10.0M fleet (job pgrust-fuzz-campaign-1785509808-7506-56214), planes value+verdict+sqlstate, 0 divergences) [retired: wall(symex: shipped JsonbPush/convert pipeline grinds in PgVec extend_with at 450s — std-Vec/PgVec growth wall class; harness authored+registered, FLEET-BOUND with longer budget; TRIAGE-7 grow-arm seam refactor is the prescribed unblock)]	fast	harness eq_build_array_noargs (c/pg_jsonb_build.c verbatim writer subset, empty-container pruning documented); C side + image compare ready
3273	jsonb_build_object	crates/backend/utils/adt/jsonb/src/builtins.rs	excluded(wall: image + variadic/typcache)	-	as 3271
3274	jsonb_build_object_noargs	crates/backend/utils/adt/jsonb/src/builtins.rs	tested(differential: jsonbio_diff 10.0M fleet (job pgrust-fuzz-campaign-1785509808-7506-56214), planes value+verdict+sqlstate, 0 divergences) [retired: wall(symex: as 3272 — same pipeline, object variant)]	fast	harness eq_build_object_noargs; uniqueifyJsonbObject 0-pairs arm vendored (qsort unreachable)
3275	dist_ppoly	crates/backend/utils/adt/geo/src/builtins.rs	excluded(wall: 53-bit)	-	dist_ppoly_internal
3277	array_position	crates/backend/utils/adt/array_userfuncs/src/builtins.rs	tested(differential: array_userfuncs_diff fleet campaigns (base ...949-0ed6-78397 found DIV-3, extended 10M execs clean job ...101-1c85-13840), value+verdict+errcode planes, int4/text/int8 pinned elements, 1-6D, deterministic PRNG parity for shuffle/sample)	-	p1-laneai 2026-07-31; residuals in proofs/coverage/phase1-exceptions.tsv; DIV-1/DIV-3 -fwrapv fixes landed this lane
3278	array_position_start	crates/backend/utils/adt/array_userfuncs/src/builtins.rs	tested(differential: array_userfuncs_diff fleet campaigns (base ...949-0ed6-78397 found DIV-3, extended 10M execs clean job ...101-1c85-13840), value+verdict+errcode planes, int4/text/int8 pinned elements, 1-6D, deterministic PRNG parity for shuffle/sample)	-	p1-laneai 2026-07-31; residuals in proofs/coverage/phase1-exceptions.tsv; DIV-1/DIV-3 -fwrapv fixes landed this lane
3279	array_positions	crates/backend/utils/adt/array_userfuncs/src/builtins.rs	tested(differential: array_userfuncs_diff fleet campaigns (base ...949-0ed6-78397 found DIV-3, extended 10M execs clean job ...101-1c85-13840), value+verdict+errcode planes, int4/text/int8 pinned elements, 1-6D, deterministic PRNG parity for shuffle/sample)	-	p1-laneai 2026-07-31; residuals in proofs/coverage/phase1-exceptions.tsv; DIV-1/DIV-3 -fwrapv fixes landed this lane
3280	gist_circle_distance	crates/backend/access/gist/gistproc/src/lib.rs	proved(per-arm in-box/y-strip/x-strip full-sym + *recheck=true lossy claim)	ladder	vertex plane shared with 3998 wall (fleet); inbox 64.0s k, ystrip 154.4s d, xstrip 160.0s d; proofs/gist-geo
3281	numeric_scale	crates/backend/utils/adt/numeric/src/builtins.rs	tested(differential: numeric_io_diff+numeric_ops_diff 10M+10.05M fleet execs 0-div @398465c499, planes value-image+verdict+sqlstate; jobs -67307/-51880 2026-07-31)	fast	4.9s kissat 2026-07-30; proofs/numeric-probe eq_numeric_scale_nd4 | prior: proved(wrapper-level, nd<=4 full lattice both header forms; NULL-on-special arm + value parity; shipped packed-header decode in-theorem)
3282	gist_point_fetch	crates/backend/access/gist/gistproc/src/lib.rs	proved(full-sym box -> (high.x,high.y) point + entry image; modulo static-buffer allocator model)	fast	3.5s kissat; proofs/gist-geo
3288	gist_poly_distance	crates/backend/access/gist/gistproc/src/lib.rs	proved(per-arm in-box/y-strip/x-strip full-sym + *recheck=true lossy claim)	ladder	vertex plane shared with 3998 wall (fleet); inbox 69.8s k, ystrip 172.7s d, xstrip 154.8s d; proofs/gist-geo
3290	dist_cpoint	crates/backend/utils/adt/geo/src/builtins.rs	proved(collinear slice; value bit-exact incl negative clamp)	slow	166-169s; wrapper-level by-ref, full f64 domain incl NaN/Inf/±0/subnormals unless sliced; proofs/geo-cmp ext; NAN shim pinned canonical (CBMC NAN model defect, native-replayed)
3292	dist_polyp	crates/backend/utils/adt/geo/src/builtins.rs	excluded(wall: 53-bit)	-	dist_ppoly_internal
3293	pg_read_file_off_len_missing	crates/backend/utils/adt/genfile/src/builtins.rs	excluded(state)	-	server filesystem access
3294	show_config_by_name_missing_ok	crates/backend/utils/misc/guc_funcs/src/settings.rs	excluded(state)	-	GUC read/write
3295	pg_read_binary_file_off_len_missing	crates/backend/utils/adt/genfile/src/builtins.rs	excluded(state)	-	server filesystem access
3296	pg_notification_queue_usage	crates/backend/commands/commands_async/src/builtins.rs	excluded(state)	-	async-notify shared state
3297	pg_ls_dir	crates/backend/utils/adt/genfile/src/builtins.rs	excluded(state)	-	server filesystem access
3298	row_security_active	crates/backend/utils/misc/rls/src/lib.rs	excluded(state: catalog + GUC)	-	rls/src/lib.rs:66 check_enable_rls
3299	row_security_active_name	crates/backend/utils/misc/rls/src/lib.rs	excluded(state: catalog + namespace resolve)	-	rls/src/lib.rs:72
3301	jsonb_concat	crates/backend/utils/adt/jsonb/src/builtins.rs	tested(differential: jsonbops_diff 10.0M fleet (job pgrust-fuzz-campaign-1785512634-5f92-65284), planes value+verdict+sqlstate, 0 divergences) [retired: excluded(wall: CNF width / image + mcx-iterator)]	-	mutate::concat dual-iterator into builder
3302	jsonb_delete	crates/backend/utils/adt/jsonb/src/builtins.rs	tested(differential: jsonbops_diff 10.0M fleet (job pgrust-fuzz-campaign-1785512634-5f92-65284), planes value+verdict+sqlstate, 0 divergences) [retired: excluded(wall: CNF width / image)]	-	mutate::delete_key builtins.rs:466; key-match slice = already-proved get_key_value
3303	jsonb_delete	crates/backend/utils/adt/jsonb/src/builtins.rs	tested(differential: jsonbops_diff 10.0M fleet (job pgrust-fuzz-campaign-1785512634-5f92-65284), planes value+verdict+sqlstate, 0 divergences) [retired: excluded(wall: CNF width / image)]	-	delete_idx builtins.rs:475; negative-index adjust already proved via 3215
3304	jsonb_delete_path	crates/backend/utils/adt/jsonb/src/builtins.rs	tested(differential: jsonbops_diff 10.0M fleet (job pgrust-fuzz-campaign-1785512634-5f92-65284), planes value+verdict+sqlstate, 0 divergences) [retired: excluded(wall: CNF width / image)]	-	set_path_common JB_PATH_DELETE (#- operator); path-subscript VT whitespace defect (sibling of 3217) FIXED 2026-07-30 at mutate.rs:439 via pg_string::strtoint10_strict; regression pinned by 3217 witness + pg_string unit tests
3305	jsonb_set	crates/backend/utils/adt/jsonb/src/builtins.rs	tested(differential: jsonbops_diff 10.0M fleet (job pgrust-fuzz-campaign-1785512634-5f92-65284), planes value+verdict+sqlstate, 0 divergences) [retired: excluded(wall: CNF width / image)]	-	set_path_common + mutate::set_path; path-subscript VT whitespace defect (sibling of 3217) FIXED 2026-07-30 at mutate.rs:439 via pg_string::strtoint10_strict
3306	jsonb_pretty	crates/backend/utils/adt/jsonb/src/builtins.rs	tested(differential: jsonbio_diff 10.0M fleet (job pgrust-fuzz-campaign-1785509808-7506-56214), planes value+verdict+sqlstate, 0 divergences) [retired: excluded(wall: CNF width / image)]	-	jsonb_to_cstring_indent_into — escape_json width wall
3307	pg_stat_file	crates/backend/utils/adt/genfile/src/builtins.rs	excluded(state)	-	server filesystem access
3308	xidneq	crates/backend/utils/adt/scalar/src/builtins.rs	proved(full-u32xu32, wrapper-level)	fast	0.12s; eq-only, modular ordering out of scope; proofs/scalar-misc
3309	xidneq	crates/backend/utils/adt/scalar/src/builtins.rs	proved(full-u32xu32, wrapper-level)	fast	0.12s; eq-only, modular ordering out of scope; proofs/scalar-misc
3311	tsm_handler_in	crates/backend/utils/adt/pseudotypes/src/builtins.rs	proved(err-parity: verdict+sqlstate+level; all args ignored)	fast	~0.6s default solver; proofs/pseudotypes eq_tsm_handler_in; wrapper-level via LocalFcinfo (call1, null Datum); C MAKE_SQLSTATE computed vs shipped with_sqlstate — 0A000 encoding in-theorem; message text/location out of proof; Err-arm cover! + shell_in must-fail control
3312	tsm_handler_out	crates/backend/utils/adt/pseudotypes/src/builtins.rs	proved(err-parity: verdict+sqlstate+level; all args ignored)	fast	~0.6s default solver; proofs/pseudotypes eq_tsm_handler_out; wrapper-level via LocalFcinfo (call1, null Datum); C MAKE_SQLSTATE computed vs shipped with_sqlstate — 0A000 encoding in-theorem; message text/location out of proof; Err-arm cover! + shell_in must-fail control
3317	pg_stat_get_wal_receiver	crates/backend/utils/adt/pgstatfuncs/src/lib.rs	excluded(state)	-	pg_stat shared-memory/catalog reads
3318	pg_stat_get_progress_info	crates/backend/utils/adt/pgstatfuncs/src/lib.rs	excluded(state)	-	pg_stat shared-memory/catalog reads
3319	tsvector_filter	crates/backend/utils/adt/tsvector_core/src/builtins.rs	excluded(engine)	-	tsvector parse/serialize engine
3320	tsvector_setweight_by_filter	crates/backend/utils/adt/tsvector_core/src/builtins.rs	excluded(engine)	-	tsvector parse/serialize engine
3321	tsvector_delete_str	crates/backend/utils/adt/tsvector_core/src/builtins.rs	excluded(engine)	-	tsvector parse/serialize engine
3322	tsvector_unnest	crates/backend/utils/adt/tsvector_core/src/builtins.rs	excluded(engine)	-	tsvector parse/serialize engine
3323	tsvector_delete_arr	crates/backend/utils/adt/tsvector_core/src/builtins.rs	excluded(engine)	-	tsvector parse/serialize engine
3324	int4_avg_combine	crates/backend/utils/adt/numeric/src/builtins.rs	proved(wrapper-level both arms: agg (in-place into state1, symbolic both states) + non-agg copy arm (modulo static-buffer allocator model); transarray validation in-theorem; transarray arithmetic now wrapping_add/sub matching C -fwrapv (fix/transarray-wrapping-add c36f1a0de0, debug wrap-panic eliminated, release identical); wrap plane out of theorem)	ladder	72.3s agg + 1.5s nonagg kissat 2026-07-30; proofs/numeric-probe eq_int4_avg_combine_agg/_nonagg
3325	interval_avg_combine	crates/backend/utils/adt/adt_timestamp/src/builtins.rs	candidate -> tested(differential: timestamp_diff 10M fleet 0-div @ f1c54d927d, planes value+verdict+sqlstate+fc-wrapper+soft-error) (core interval_agg_combine + fc under AggStateNode frame)	fast	CORE interval_agg_combine interval.rs:1295; three i64 adds + finite_interval_pl on symbolic dual states; null-state arm = core-level identity theorem
3326	tsvector_to_array	crates/backend/utils/adt/tsvector_core/src/builtins.rs	excluded(engine)	-	tsvector parse/serialize engine
3327	array_to_tsvector	crates/backend/utils/adt/tsvector_core/src/builtins.rs	excluded(engine)	-	tsvector parse/serialize engine
3328	bpchar_sortsupport	crates/backend/utils/adt/varchar/src/builtins.rs	excluded(port gap: unported)	-	fc_unported! varchar/builtins.rs:362
3329	show_all_file_settings	crates/backend/utils/misc/guc_funcs/src/settings.rs	excluded(state)	-	GUC read/write
3330	pg_current_wal_flush_lsn	crates/backend/utils/adt/adt_misc/src/builtins.rs	excluded(state)	-	server WAL/catalog/session state
3333	btbpchar_pattern_sortsupport	crates/backend/utils/adt/varchar/src/builtins.rs	excluded(port gap: unported)	-	builtins.rs:363
3334	pg_size_bytes	crates/backend/utils/adt/dbsize/src/builtins.rs	candidate	fast	pure text-to-bytes parse (dbsize/builtins.rs:8)
3335	numeric_serialize	crates/backend/utils/adt/numeric/src/builtins.rs	excluded(state)	-	numeric_serialize_common with_sum_x2=true
3336	numeric_deserialize	crates/backend/utils/adt/numeric/src/builtins.rs	excluded(state)	-	numeric_deserialize_common with_sum_x2=true
3337	numeric_avg_combine	crates/backend/utils/adt/numeric/src/builtins.rs	excluded(state)	-	numeric_agg_combine aggregates.rs:554
3338	numeric_poly_combine	crates/backend/utils/adt/numeric/src/builtins.rs	excluded(state)	-	poly_combine_common builtins.rs:599 (sampled)
3339	numeric_poly_serialize	crates/backend/utils/adt/numeric/src/builtins.rs	excluded(state)	-	int128_agg_state_serialize
3340	numeric_poly_deserialize	crates/backend/utils/adt/numeric/src/builtins.rs	excluded(state)	-	int128_agg_state_deserialize
3341	numeric_combine	crates/backend/utils/adt/numeric/src/builtins.rs	excluded(state)	-	numeric_combine_common builtins.rs:524
3342	float8_regr_combine	crates/backend/utils/adt/float/src/builtins.rs	proved(identity planes; general arm wall)	ladder	fleet; proofs/float-agg
3343	jsonb_delete	crates/backend/utils/adt/jsonb/src/builtins.rs	tested(differential: jsonbops_diff 10.0M fleet (job pgrust-fuzz-campaign-1785512634-5f92-65284), planes value+verdict+sqlstate, 0 divergences) [retired: excluded(wall: CNF width / image)]	-	fc_jsonb_delete_array builtins.rs:486
3344	cash_mul_int8	crates/backend/utils/adt/cash/src/builtins.rs	proved(full-i64x2, wrapper-level; value+verdict+sqlstate-22003)	fast	5.0s; proofs/cash
3345	cash_div_int8	crates/backend/utils/adt/cash/src/builtins.rs	proved(16-bit-dividend x full-i64; full-i64/-1 fenced!=MIN; full-i64/0 22012) + divergence(RATIFIED 2026-07-31: Michael option 1 — 22003 fence per int8div precedent, message = cash.c's established overflow wording 'money out of range' (cash_pl/cash_mi/cash_mul_* text, no invented string); C x86-64=SIGFPE error survives, C aarch64=silent wrong value, pgrust=clean 22003; deliberate divergence from BOTH C behaviors on this input; fence landed 9c11877a991, PROVED proved_cash_div_min_by_neg1_22003_{int2,int4,int8} + fenced eq_cash_div_int8_by_neg1 local green 2026-07-31; was candidate: pgrust PANICS pre-fence, coordinator-verified 2026-07-29)	ladder	0.3-30s; proofs/cash
3348	pg_current_xact_id_if_assigned	crates/backend/utils/adt/xid8funcs/src/builtins.rs	excluded(state:live-xact)	-	live transaction/snapshot state, nothing value-level to prove; proofs/scalar-misc wave-5 triage
3352	pg_get_partkeydef	crates/backend/utils/adt/ruleutils/src/builtins.rs	excluded(state)	-	catalog deparse machinery
3353	pg_ls_logdir	crates/backend/utils/adt/genfile/src/builtins.rs	excluded(state)	-	server filesystem access
3354	pg_ls_waldir	crates/backend/utils/adt/genfile/src/builtins.rs	excluded(state)	-	server filesystem access
3355	pg_ndistinct_in	crates/backend/statistics/statistics/src/builtins.rs	excluded(state)	-	stats catalog reads
3356	pg_ndistinct_out	crates/backend/statistics/statistics/src/builtins.rs	excluded(state)	-	stats catalog reads
3357	pg_ndistinct_recv	crates/backend/statistics/statistics/src/builtins.rs	excluded(state)	-	stats catalog reads
3358	pg_ndistinct_send	crates/backend/statistics/statistics/src/builtins.rs	excluded(state)	-	stats catalog reads
3360	pg_xact_status	crates/backend/utils/adt/xid8funcs/src/builtins.rs	excluded(state)		lwlock + clog/procarray seams; its TransactionIdInRecentPast epoch logic reuses full_xid_from_allowable_at, PROVED in proofs/xid8snap
3376	pg_safe_snapshot_blocking_pids	crates/backend/utils/adt/lockfuncs/src/lib.rs	excluded(state)	-	lock-manager shared state
3378	pg_isolation_test_session_is_blocked	crates/backend/utils/adt/waitfuncs/src/lib.rs	excluded(state)	-	lock-wait shared state
3382	pg_identify_object_as_address	crates/backend/catalog/objectaddress/src/builtins.rs	excluded(state)	-	catalog object lookup
3387	int8_avg_accum_inv	crates/backend/utils/adt/numeric/src/builtins.rs	excluded(state)	-	do_int128_discard aggregates.rs:769
3388	numeric_poly_sum	crates/backend/utils/adt/numeric/src/builtins.rs	excluded(state)	-	int128_to_var over INTERNAL state
3389	numeric_poly_avg	crates/backend/utils/adt/numeric/src/builtins.rs	excluded(state)	-	int128_avg_div ops.rs:849
3390	numeric_poly_var_pop	crates/backend/utils/adt/numeric/src/builtins.rs	excluded(state)	-	numeric_poly_stddev_internal aggregates.rs:724 (sampled 4-row family)
3391	numeric_poly_var_samp	crates/backend/utils/adt/numeric/src/builtins.rs	excluded(state)	-	numeric_poly_stddev_internal (sampled)
3392	numeric_poly_stddev_pop	crates/backend/utils/adt/numeric/src/builtins.rs	excluded(state)	-	numeric_poly_stddev_internal (sampled)
3393	numeric_poly_stddev_samp	crates/backend/utils/adt/numeric/src/builtins.rs	excluded(state)	-	numeric_poly_stddev_internal (sampled)
3396	regexp_match_no_flags	crates/backend/utils/adt/regexp/src/builtins.rs	tested(differential: regexp_diff fleet 3.65M execs / 25.8 CPU-h fork=15 @325985a437 (24h-CPU floor), 0 wrapper-plane div; planes value+verdict+errcode + fc plane; oracle = verbatim 18.3 regexp.c + vendored Spencer engine, UTF8 + C collation; carve: RE cache, RE2/engine-GUC dispatch, SRF shells -> exception rows)	fuzz-only	p1-laneag 2026-07-31 job pgrust-fuzz-campaign-1785535304-795f-37663 (evidence fuzz/fleet-evidence/regexp_diff-1785535304 - runner slow-unit-triage defect kept stats.json from S3; pod-extracted artifacts are the record) + local 207k smoke + exhaustive parse_re_flags sweep (65,281 len<=2 + 100k len<=4); prior verdict excluded(engine); ENGINE findings routed to regex/regex_core (p1-lanew): REG_ETOOBIG false-too-complex (docker-ground-truthed, witness test known_etoobig_divergence_repro), debug_asserts regex_compile.rs:2821/2163 fire on fuzz patterns, rstacktoodeep()=0 stack-overflow, engine compile OOMs
3397	regexp_match	crates/backend/utils/adt/regexp/src/builtins.rs	tested(differential: regexp_diff fleet 3.65M execs / 25.8 CPU-h fork=15 @325985a437 (24h-CPU floor), 0 wrapper-plane div; planes value+verdict+errcode + fc plane; oracle = verbatim 18.3 regexp.c + vendored Spencer engine, UTF8 + C collation; carve: RE cache, RE2/engine-GUC dispatch, SRF shells -> exception rows)	fuzz-only	p1-laneag 2026-07-31 job pgrust-fuzz-campaign-1785535304-795f-37663 (evidence fuzz/fleet-evidence/regexp_diff-1785535304 - runner slow-unit-triage defect kept stats.json from S3; pod-extracted artifacts are the record) + local 207k smoke + exhaustive parse_re_flags sweep (65,281 len<=2 + 100k len<=4); prior verdict excluded(engine); ENGINE findings routed to regex/regex_core (p1-lanew): REG_ETOOBIG false-too-complex (docker-ground-truthed, witness test known_etoobig_divergence_repro), debug_asserts regex_compile.rs:2821/2163 fire on fuzz patterns, rstacktoodeep()=0 stack-overflow, engine compile OOMs
3399	int8_mul_cash	crates/backend/utils/adt/cash/src/builtins.rs	proved(full-i64x2, wrapper-level; value+verdict+sqlstate-22003)	fast	3.7s; proofs/cash
3400	pg_config	crates/backend/utils/misc/pg_config/src/lib.rs	excluded(state)	-	build-config SRF state
3401	pg_hba_file_rules	crates/backend/utils/adt/hbafuncs/src/lib.rs	excluded(state: file + SRF)	-	hbafuncs/src/lib.rs:241
3403	pg_statistics_obj_is_visible	crates/backend/catalog/catalog_namespace/src/builtins.rs	excluded(state)	-	namespace/search_path state
3404	pg_dependencies_in	crates/backend/statistics/statistics/src/builtins.rs	excluded(state)	-	stats catalog reads
3405	pg_dependencies_out	crates/backend/statistics/statistics/src/builtins.rs	excluded(state)	-	stats catalog reads
3406	pg_dependencies_recv	crates/backend/statistics/statistics/src/builtins.rs	excluded(state)	-	stats catalog reads
3407	pg_dependencies_send	crates/backend/statistics/statistics/src/builtins.rs	excluded(state)	-	stats catalog reads
3408	pg_get_partition_constraintdef	crates/backend/utils/adt/ruleutils/src/builtins.rs	excluded(state)	-	catalog deparse machinery
3409	time_hash_extended	crates/backend/utils/adt/adt_date/src/builtins.rs	proved(full-i64 x full seed)	fast	3.9s; proofs/datetime-b lane D
3410	timetz_hash_extended	crates/backend/utils/adt/adt_date/src/builtins.rs	proved(full (i64,i32) x full seed)	slow	31.2s; proofs/datetime-b lane D
3411	timestamp_hash_extended	crates/backend/utils/adt/adt_timestamp/src/builtins.rs	proved(full-i64 x full-u64 seed)	fast	3.6s; proofs/datetime-cmp wave7
3412	uuid_hash_extended	crates/backend/utils/adt/uuid/src/builtins.rs	proved(full [u8;16] + full symbolic seed, wrapper-level)	fast	9.4s; proofs/uuid
3413	pg_lsn_hash_extended	crates/backend/utils/adt/pg_lsn/src/builtins.rs	proved(full-u64 lsn + full symbolic seed, wrapper-level)	fast	4.4s; proofs/hash-rows wave5
3414	hashenumextended	crates/backend/utils/adt/adt_enum/src/builtins.rs	proved(full-domain incl full symbolic seed, wrapper-level)	fast	0.2-5.3s; hashint8 fold full-i64; proofs/hash-rows
3415	pg_get_statisticsobjdef	crates/backend/utils/adt/ruleutils/src/builtins.rs	excluded(state)	-	catalog deparse machinery
3416	jsonb_hash_extended	crates/backend/utils/adt/jsonb/src/builtins.rs	tested(differential: jsonbops_diff 10.0M fleet (job pgrust-fuzz-campaign-1785512634-5f92-65284), planes value+verdict+sqlstate, 0 divergences) [retired: blocked(fixed-frame hash core: mirror ops::compare_containers_fixed)]	ladder	ops.rs:425 allocating iterator; provable TODAY: hash_scalar_value_extended ops.rs:384 + hash_numeric_extended ops.rs:338 + container_size==0 shortcut; unblock = 15-line jsonb_hash_fixed<N> over FixedJsonbIterator iter.rs:229
3417	hash_range_extended	crates/backend/utils/adt/rangetypes/src/builtins.rs	excluded(typcache)	-	range typcache + subtype fmgr
3416	jsonb_hash_extended	crates/backend/utils/adt/jsonb/src/builtins.rs	blocked(fixed-frame hash core: mirror ops::compare_containers_fixed)	ladder	ops.rs:425 allocating iterator; provable TODAY: hash_scalar_value_extended ops.rs:384 + hash_numeric_extended ops.rs:338 + container_size==0 shortcut; unblock = 15-line jsonb_hash_fixed<N> over FixedJsonbIterator iter.rs:229
3417	hash_range_extended	crates/backend/utils/adt/rangetypes/src/builtins.rs	tested(differential: rangetypes_diff 10M execs, value+verdict+sqlstate planes; per-type int4range/int8range/numrange typcache mock)	-	range typcache + subtype fmgr
3418	interval_hash_extended	crates/backend/utils/adt/adt_date/src/builtins.rs	proved(m0d0 plane)	slow	20.9s; proofs/datetime-b lane D
3419	sha224_bytea	crates/backend/utils/adt/cryptohashfuncs/src/lib.rs	excluded(wall: sha rounds)	-	sha_common cryptohashfuncs/src/lib.rs:27
3420	sha256_bytea	crates/backend/utils/adt/cryptohashfuncs/src/lib.rs	excluded(wall: sha rounds)	-	same core
3421	sha384_bytea	crates/backend/utils/adt/cryptohashfuncs/src/lib.rs	excluded(wall: sha rounds)	-	same core (80 rounds x 64-bit)
3422	sha512_bytea	crates/backend/utils/adt/cryptohashfuncs/src/lib.rs	excluded(wall: sha rounds)	-	same core
3423	pg_partition_tree	crates/backend/utils/adt/partitionfuncs/src/lib.rs	excluded(state)	-	partition catalog walk
3424	pg_partition_root	crates/backend/utils/adt/partitionfuncs/src/lib.rs	excluded(state)	-	partition catalog walk
3425	pg_partition_ancestors	crates/backend/utils/adt/partitionfuncs/src/lib.rs	excluded(state)	-	partition catalog walk
3426	pg_stat_get_db_checksum_failures	crates/backend/utils/adt/pgstatfuncs/src/lib.rs	excluded(state)	-	pg_stat shared-memory/catalog reads
3427	pg_stats_ext_mcvlist_items	crates/backend/statistics/statistics/src/builtins.rs	excluded(state)	-	stats catalog reads
3428	pg_stat_get_db_checksum_last_failure	crates/backend/utils/adt/pgstatfuncs/src/lib.rs	excluded(state)	-	pg_stat shared-memory/catalog reads
3432	gen_random_uuid	crates/backend/utils/adt/uuid/src/builtins.rs	excluded(state:rng)	-	pure PRNG output, nothing beyond the seam to prove; proofs/uuid wave-5
3434	gtsvector_options	crates/backend/utils/adt/tsgistidx/src/lib.rs	excluded(engine)	-	tsearch GiST signature engine
3435	gist_point_sortsupport	crates/backend/access/gist/gistproc/src/lib.rs	excluded(non-surface: sortsupport-by-design)	-	:806 panic!; sorted builds ride SortComparator::GistPointZorder
3436	pg_promote	crates/backend/utils/adt/adt_misc/src/builtins.rs	excluded(state)	-	server WAL/catalog/session state
3441	pg_control_system	crates/backend/utils/misc/pg_controldata/src/lib.rs	excluded(state)	-	control-file reads
3442	pg_control_checkpoint	crates/backend/utils/misc/pg_controldata/src/lib.rs	excluded(state)	-	control-file reads
3443	pg_control_recovery	crates/backend/utils/misc/pg_controldata/src/lib.rs	excluded(state)	-	control-file reads
3444	pg_control_init	crates/backend/utils/misc/pg_controldata/src/lib.rs	excluded(state)	-	control-file reads
3446	macaddr8_recv	crates/backend/utils/adt/mac8/src/builtins.rs	excluded(blocked: pointer-datum round-trip) + tested(differential: mac_diff campaign, 8-byte identity + 6-byte FF/FE-stuffing wire forms vs C macaddrtomacaddr8)	-	mac8/src/builtins.rs:86
3447	macaddr8_send	crates/backend/utils/adt/mac8/src/builtins.rs	proved(entry-point fc_macaddr8_send, full 8-byte addr) + tested(differential: mac_diff campaign, send varlena image ≡ core)	ladder	12-byte send image byte-equal; modulo allocator model; + must-fail skew control. fleet c8g 100s. proofs/mac8 w3_send 2026-07-30
3449	jsonb_numeric	crates/backend/utils/adt/jsonb/src/builtins.rs	proved(image-window identity (ptr+len) nd<=2 both JEntry forms + null->SQL-NULL + cast-error class/sqlstate over null/bool/string/array/object roots; materialization copy out per DatumGetNumericCopy shim) + tested(differential: jsonbio_diff 10.0M fleet (job pgrust-fuzz-campaign-1785509808-7506-56214), planes value+verdict+sqlstate, 0 divergences)	ladder	1.3-4s cells (window n0/n1/n1_of/n2, scalar-kinds, err_array_n2, err_object_n1); host proofs/jsonb-probe (c/pg_jsonb_casts.c + pg_jsonb.c); Rust = shipped cast_numeric_image (pub, commit cf65b0f608) + shipped numeric conversion; stubs: message text out of proof (stub_pg_error_error/stub_format; sqlstate ASSERTED per C errcode class), DigitBuf inline-capacity model (heap arm panics, pool return forgotten); JEntry length-form pinned in cast cells (offset-form covered by window_n1_of + lookup family); fcinfo/mcx result packing tested-tier; SHIM C7: set_var_from_var memcpy -> typed per-digit loop (CBMC memcpy byte-pun mis-model fabricated counterexamples; concrete replays green; family typed-staging law)
3450	jsonb_int2	crates/backend/utils/adt/jsonb/src/builtins.rs	proved(value+rounding cells w0n1/wm1n1/w1n2 (range-error covers) + NaN class-2 + shared error flow; digits<NBASE writer fence) + tested(differential: jsonbio_diff 10.0M fleet (job pgrust-fuzz-campaign-1785509808-7506-56214), planes value+verdict+sqlstate, 0 divergences)	ladder	13-50s cells; smallint range check in-theorem; host proofs/jsonb-probe (c/pg_jsonb_casts.c + pg_jsonb.c); Rust = shipped cast_numeric_image (pub, commit cf65b0f608) + shipped numeric conversion; stubs: message text out of proof (stub_pg_error_error/stub_format; sqlstate ASSERTED per C errcode class), DigitBuf inline-capacity model (heap arm panics, pool return forgotten); JEntry length-form pinned in cast cells (offset-form covered by window_n1_of + lookup family); fcinfo/mcx result packing tested-tier; SHIM C7: set_var_from_var memcpy -> typed per-digit loop (CBMC memcpy byte-pun mis-model fabricated counterexamples; concrete replays green; family typed-staging law)
3451	jsonb_int4	crates/backend/utils/adt/jsonb/src/builtins.rs	proved(value+rounding cells w0n1/w0n2/wm1n1/w2n3 (range-error covers) + NaN class-2) + tested(differential: jsonbio_diff 10.0M fleet (job pgrust-fuzz-campaign-1785509808-7506-56214), planes value+verdict+sqlstate, 0 divergences)	ladder	14-63s cells; int32 range via numericvar_to_int32 in-theorem; host proofs/jsonb-probe (c/pg_jsonb_casts.c + pg_jsonb.c); Rust = shipped cast_numeric_image (pub, commit cf65b0f608) + shipped numeric conversion; stubs: message text out of proof (stub_pg_error_error/stub_format; sqlstate ASSERTED per C errcode class), DigitBuf inline-capacity model (heap arm panics, pool return forgotten); JEntry length-form pinned in cast cells (offset-form covered by window_n1_of + lookup family); fcinfo/mcx result packing tested-tier; SHIM C7: set_var_from_var memcpy -> typed per-digit loop (CBMC memcpy byte-pun mis-model fabricated counterexamples; concrete replays green; family typed-staging law)
3452	jsonb_int8	crates/backend/utils/adt/jsonb/src/builtins.rs	proved(value+rounding cells w0n0..w1n2, w5n1 (overflow+value covers), long-form w0n1, specials nan/pinf/ninf, scalar-kinds error flow) + fleet-bound(w4n5 5-symbolic-digit mul chain: timeout-450s local) + tested(differential: jsonbio_diff 10.0M fleet (job pgrust-fuzz-campaign-1785509808-7506-56214), planes value+verdict+sqlstate, 0 divergences)	ladder	10-27s cells (w5n1 17.6s covers both arms); negative control control_cast_weight_skew FAILED-as-required on out==v (40.8s); host proofs/jsonb-probe (c/pg_jsonb_casts.c + pg_jsonb.c); Rust = shipped cast_numeric_image (pub, commit cf65b0f608) + shipped numeric conversion; stubs: message text out of proof (stub_pg_error_error/stub_format; sqlstate ASSERTED per C errcode class), DigitBuf inline-capacity model (heap arm panics, pool return forgotten); JEntry length-form pinned in cast cells (offset-form covered by window_n1_of + lookup family); fcinfo/mcx result packing tested-tier; SHIM C7: set_var_from_var memcpy -> typed per-digit loop (CBMC memcpy byte-pun mis-model fabricated counterexamples; concrete replays green; family typed-staging law)
3453	jsonb_float4	crates/backend/utils/adt/jsonb/src/builtins.rs	proved(NaN/+Inf/-Inf lattice bit-exact (0x7fc00000 NaN) + null + error classes shared) + wall(finite arm, as 2580) + tested(differential: jsonbio_diff 10.0M fleet (job pgrust-fuzz-campaign-1785509808-7506-56214), planes value+verdict+sqlstate, 0 divergences)	ladder	1.7-2.1s specials; host proofs/jsonb-probe (c/pg_jsonb_casts.c + pg_jsonb.c); Rust = shipped cast_numeric_image (pub, commit cf65b0f608) + shipped numeric conversion; stubs: message text out of proof (stub_pg_error_error/stub_format; sqlstate ASSERTED per C errcode class), DigitBuf inline-capacity model (heap arm panics, pool return forgotten); JEntry length-form pinned in cast cells (offset-form covered by window_n1_of + lookup family); fcinfo/mcx result packing tested-tier; SHIM C7: set_var_from_var memcpy -> typed per-digit loop (CBMC memcpy byte-pun mis-model fabricated counterexamples; concrete replays green; family typed-staging law)
3454	pg_filenode_relation	crates/backend/utils/adt/dbsize/src/builtins.rs	excluded(state)	-	relation/db file-size stat
3457	be_lo_from_bytea	crates/backend/libpq/be_fsstubs/src/fmgr_builtins.rs	excluded(state)	-	large-object catalog/buffer state
3458	be_lo_get	crates/backend/libpq/be_fsstubs/src/fmgr_builtins.rs	excluded(state)	-	large-object catalog/buffer state
3459	be_lo_get_fragment	crates/backend/libpq/be_fsstubs/src/fmgr_builtins.rs	excluded(state)	-	large-object catalog/buffer state
3460	be_lo_put	crates/backend/libpq/be_fsstubs/src/fmgr_builtins.rs	excluded(state)	-	large-object catalog/buffer state
3461	make_timestamp	crates/backend/utils/adt/adt_timestamp/src/builtins.rs	candidate -> tested(differential: timestamp_diff 10M fleet 0-div @ f1c54d927d, planes value+verdict+sqlstate+fc-wrapper+soft-error)	ladder	make_timestamp_internal lib.rs:902; ValidateDate + IS_VALID_JULIAN fast + date2j (/100,/4 = year-band split NOT j2date wall) + checked ops; sec f64 *1e6 -> literal grid; forget on Err
3462	make_timestamptz	crates/backend/utils/adt/adt_timestamp/src/builtins.rs	candidate -> tested(differential: timestamp_diff 10M fleet 0-div @ f1c54d927d, planes value+verdict+sqlstate+fc-wrapper+soft-error)	ladder	lib.rs:995 = 3461 + timestamp2timestamptz interval.rs:959 (dt-minmax tz seam + skew control)
3463	make_timestamptz_at_timezone	crates/backend/utils/adt/adt_timestamp/src/builtins.rs	excluded(wall: timestamp2tm unconditional before parse_sane_timezone) + tested(differential: timestamp_diff 10M fleet 0-div @ f1c54d927d, planes value+verdict+sqlstate+fc-wrapper+soft-error) (GMT/offset zones compared; names carved)	-	lib.rs:1006
3464	make_interval	crates/backend/utils/adt/adt_timestamp/src/builtins.rs	candidate -> tested(differential: timestamp_diff 10M fleet 0-div @ f1c54d927d, planes value+verdict+sqlstate+fc-wrapper+soft-error)	ladder	make_interval interval.rs:1340: int planes (checked_mul small consts + i64 hour/min mults) full-sym FAST; secs f64 x 1e6 = 53-bit const-mul wall arm — secs literal/spot cells; err-class planes in-theorem
3465	jsonb_array_elements_text	crates/backend/utils/adt/jsonb/src/builtins.rs	excluded(SRF/engine)	-	as 3208
3469	spg_range_quad_config	crates/backend/utils/adt/rangetypes_spgist/src/lib.rs	candidate	fast	rangetypes_spgist/src/lib.rs:35; four literal spgConfigOut writes (brin opcinfo precedent). Host new proofs/spgist-support
3470	spg_range_quad_choose	crates/backend/utils/adt/rangetypes_spgist/src/lib.rs	blocked(seam: typcache + spgist frames)	ladder	cached_range_info TypeCacheEntry + varlena mcx; unblock per TYPCACHE-INST for concrete int4range
3471	spg_range_quad_picksplit	crates/backend/utils/adt/rangetypes_spgist/src/lib.rs	blocked(seam: typcache + mcx node arrays)	ladder	symbolic nTuples -> per-n split mandatory
3472	spg_range_quad_inner_consistent	crates/backend/utils/adt/rangetypes_spgist/src/lib.rs	blocked(seam: typcache + mcx)	ladder	scankey array + range_cmp_bounds via typcache comparator
3473	spg_range_quad_leaf_consistent	crates/backend/utils/adt/rangetypes_spgist/src/lib.rs	blocked(seam: typcache)	ladder	rangetypes_spgist/src/lib.rs:530 — scalar bool verdict; best row of family; concrete-type typcache stub
3475	jsonb_populate_recordset	crates/backend/utils/adt/jsonb/src/builtins.rs	excluded(SRF/engine + typcache)	-	as 3209 retset
3476	to_regoperator	crates/backend/utils/adt/regproc/src/builtins.rs	excluded(state)	-	catalog name lookup (reg* io)
3478	jsonb_object_field	crates/backend/utils/adt/jsonb/src/builtins.rs	proved(lookup core: sorted-key binary search + (type,window) identity; n<=3, symbolic keys incl tiebreak lanes; materialization out) + tested(differential: jsonbops_diff 10.0M fleet (job pgrust-fuzz-campaign-1785512634-5f92-65284), planes value+verdict+sqlstate, 0 divergences)	fast	43-139s release-gate; proofs/jsonb-probe
3479	to_regprocedure	crates/backend/utils/adt/regproc/src/builtins.rs	excluded(state)	-	catalog name lookup (reg* io)
3480	gin_compare_jsonb	crates/backend/utils/adt/jsonb/src/builtins.rs	proved(core (ptr,len) pairs, symbolic len<=8 both sides; exact int32 value; varstr_cmp C-collation arm verbatim; fmgr text unwrap tested-tier)	fast	7.0s solver (run-w2.sh, load~20); harness proofs::eq_gin_compare_jsonb in proofs/jsonb-probe; C c/pg_gin_cmp.c; covers: lt/eq/gt + mismatch and tiebreak arms
3490	jsonb_to_record	crates/backend/utils/adt/jsonb/src/builtins.rs	excluded(typcache/record-registry)	-	as 3204
3491	jsonb_to_recordset	crates/backend/utils/adt/jsonb/src/builtins.rs	excluded(SRF/engine + typcache)	-	as 3205
3492	to_regoper	crates/backend/utils/adt/regproc/src/builtins.rs	excluded(state)	-	catalog name lookup (reg* io)
3493	to_regtype	crates/backend/utils/adt/regproc/src/builtins.rs	excluded(state)	-	catalog name lookup (reg* io)
3494	to_regproc	crates/backend/utils/adt/regproc/src/builtins.rs	excluded(state)	-	catalog name lookup (reg* io)
3495	to_regclass	crates/backend/utils/adt/regproc/src/builtins.rs	excluded(state)	-	catalog name lookup (reg* io)
3496	bool_accum	crates/backend/utils/adt/bool/src/builtins.rs	proved(core; full symbolic agg-state incl NULL arm)	fast	0.11s; proofs/bool
3497	bool_accum_inv	crates/backend/utils/adt/bool/src/builtins.rs	proved(core; full symbolic agg-state incl NULL arm)	fast	0.42s; proofs/bool
3498	bool_alltrue	crates/backend/utils/adt/bool/src/builtins.rs	proved(core; full symbolic agg-state incl NULL arm)	fast	0.05s; proofs/bool
3499	bool_anytrue	crates/backend/utils/adt/bool/src/builtins.rs	proved(core; full symbolic agg-state incl NULL arm)	fast	0.04s; proofs/bool
3504	anyenum_in	crates/backend/utils/adt/pseudotypes/src/builtins.rs	proved(err-parity: verdict+sqlstate+level; all args ignored)	fast	~0.6s default solver; proofs/pseudotypes eq_anyenum_in; wrapper-level via LocalFcinfo (call1, null Datum); C MAKE_SQLSTATE computed vs shipped with_sqlstate — 0A000 encoding in-theorem; message text/location out of proof; Err-arm cover! + shell_in must-fail control
3506	enum_in	crates/backend/utils/adt/adt_enum/src/builtins.rs	blocked(seam: pg_enum-label-oracle)	ladder	adt_enum/src/lib.rs:60 NAMEDATALEN gate + lookup_pg_enum_by_typid_label seam; soft-error plane scalar; stub format!
3507	enum_out	crates/backend/utils/adt/adt_enum/src/builtins.rs	excluded(wall: derived-length copy)	-	label_cstring adt_enum/src/builtins.rs:25; position()-derived copy = pstrdup class
3508	enum_eq	crates/backend/utils/adt/adt_enum/src/builtins.rs	proved(full-u32xu32, wrapper-level)	fast	0.32s; proofs/small-fams
3509	enum_ne	crates/backend/utils/adt/adt_enum/src/builtins.rs	proved(full-u32xu32, wrapper-level)	fast	0.31s; proofs/small-fams
3510	enum_lt	crates/backend/utils/adt/adt_enum/src/builtins.rs	proved(full u32 args x memo plane x seam oracles)	ladder	eq_enum_lt 4.1s default solver; wrapper-level (LocalFcinfo<2>+real FmgrInfo): datum unwrap, fn_extra memo protocol, fast paths in-theorem; compare_values_of_enum + ENUMOID syscache seam-stubbed BOTH sides to shared symbolic oracles (typcache sort-order/catalog internals out of proof); trace parity (seam call inputs) + memo-write parity asserted; Err arm value-space only (sqlstate 22P03 + level in-theorem, message/location out); 2 skew controls MUST-FAIL verified on intended checks; proofs/enum-cmp 2026-07-30
3511	enum_gt	crates/backend/utils/adt/adt_enum/src/builtins.rs	proved(full u32 args x memo plane x seam oracles)	ladder	eq_enum_gt 3.9s default solver; wrapper-level (LocalFcinfo<2>+real FmgrInfo): datum unwrap, fn_extra memo protocol, fast paths in-theorem; compare_values_of_enum + ENUMOID syscache seam-stubbed BOTH sides to shared symbolic oracles (typcache sort-order/catalog internals out of proof); trace parity (seam call inputs) + memo-write parity asserted; Err arm value-space only (sqlstate 22P03 + level in-theorem, message/location out); 2 skew controls MUST-FAIL verified on intended checks; proofs/enum-cmp 2026-07-30
3512	enum_le	crates/backend/utils/adt/adt_enum/src/builtins.rs	proved(full u32 args x memo plane x seam oracles)	ladder	eq_enum_le 3.7s default solver (no <= outlier here); wrapper-level (LocalFcinfo<2>+real FmgrInfo): datum unwrap, fn_extra memo protocol, fast paths in-theorem; compare_values_of_enum + ENUMOID syscache seam-stubbed BOTH sides to shared symbolic oracles (typcache sort-order/catalog internals out of proof); trace parity (seam call inputs) + memo-write parity asserted; Err arm value-space only (sqlstate 22P03 + level in-theorem, message/location out); 2 skew controls MUST-FAIL verified on intended checks; proofs/enum-cmp 2026-07-30
3513	enum_ge	crates/backend/utils/adt/adt_enum/src/builtins.rs	proved(full u32 args x memo plane x seam oracles)	ladder	eq_enum_ge 3.9s default solver; wrapper-level (LocalFcinfo<2>+real FmgrInfo): datum unwrap, fn_extra memo protocol, fast paths in-theorem; compare_values_of_enum + ENUMOID syscache seam-stubbed BOTH sides to shared symbolic oracles (typcache sort-order/catalog internals out of proof); trace parity (seam call inputs) + memo-write parity asserted; Err arm value-space only (sqlstate 22P03 + level in-theorem, message/location out); 2 skew controls MUST-FAIL verified on intended checks; proofs/enum-cmp 2026-07-30
3514	enum_cmp	crates/backend/utils/adt/adt_enum/src/builtins.rs	proved(full u32 args x memo plane x seam oracles)	ladder	eq_enum_cmp 5.1s default solver; engine row — all 7 wrappers share enum_cmp_internal; wrapper-level (LocalFcinfo<2>+real FmgrInfo): datum unwrap, fn_extra memo protocol, fast paths in-theorem; compare_values_of_enum + ENUMOID syscache seam-stubbed BOTH sides to shared symbolic oracles (typcache sort-order/catalog internals out of proof); trace parity (seam call inputs) + memo-write parity asserted; Err arm value-space only (sqlstate 22P03 + level in-theorem, message/location out); 2 skew controls MUST-FAIL verified on intended checks; proofs/enum-cmp 2026-07-30
3515	hashenum	crates/backend/utils/adt/adt_enum/src/builtins.rs	proved(full-domain incl full symbolic seed, wrapper-level)	fast	0.2-5.3s; hashint8 fold full-i64; proofs/hash-rows
3524	enum_smaller	crates/backend/utils/adt/adt_enum/src/builtins.rs	proved(full u32 args x memo plane x seam oracles; winner-identity incl tie plane)	ladder	eq_enum_smaller 3.6s default solver; WINNER-IDENTITY theorem, tie plane (cmp=0, distinct odd oids) cover-witnessed; wrapper-level (LocalFcinfo<2>+real FmgrInfo): datum unwrap, fn_extra memo protocol, fast paths in-theorem; compare_values_of_enum + ENUMOID syscache seam-stubbed BOTH sides to shared symbolic oracles (typcache sort-order/catalog internals out of proof); trace parity (seam call inputs) + memo-write parity asserted; Err arm value-space only (sqlstate 22P03 + level in-theorem, message/location out); 2 skew controls MUST-FAIL verified on intended checks; proofs/enum-cmp 2026-07-30
3525	enum_larger	crates/backend/utils/adt/adt_enum/src/builtins.rs	proved(full u32 args x memo plane x seam oracles; winner-identity incl tie plane)	ladder	eq_enum_larger 7.1s default solver; WINNER-IDENTITY theorem, tie plane cover-witnessed; wrapper-level (LocalFcinfo<2>+real FmgrInfo): datum unwrap, fn_extra memo protocol, fast paths in-theorem; compare_values_of_enum + ENUMOID syscache seam-stubbed BOTH sides to shared symbolic oracles (typcache sort-order/catalog internals out of proof); trace parity (seam call inputs) + memo-write parity asserted; Err arm value-space only (sqlstate 22P03 + level in-theorem, message/location out); 2 skew controls MUST-FAIL verified on intended checks; proofs/enum-cmp 2026-07-30
3528	enum_first	crates/backend/utils/adt/adt_enum/src/builtins.rs	excluded(blocked: fn_expr Node walk + catalog scan)	-	enum_first_last lib.rs:179 + get_fn_expr_argtype:136
3529	enum_last	crates/backend/utils/adt/adt_enum/src/builtins.rs	excluded(blocked: fn_expr Node walk + catalog scan)	-	same core backward=true
3530	enum_range_bounds	crates/backend/utils/adt/adt_enum/src/builtins.rs	excluded(blocked: catalog scan + construct_array)	-	enum_range_internal lib.rs:195; symbolic-n array
3531	enum_range_all	crates/backend/utils/adt/adt_enum/src/builtins.rs	excluded(blocked: catalog scan + construct_array)	-	same core
3532	enum_recv	crates/backend/utils/adt/adt_enum/src/builtins.rs	excluded(blocked: pointer-datum round-trip)	-	builtins.rs:41 arg_stringinfo
3533	enum_send	crates/backend/utils/adt/adt_enum/src/builtins.rs	excluded(wall: derived-length image)	-	builtins.rs:56 pq_sendtext of position()-derived slice
3535	string_agg_transfn	crates/backend/utils/adt/varlena/src/builtins.rs	excluded(blocked: agg context/state)	-	builtins.rs:512 AggCheckCallContext + StringAggState + pointer datum
3536	string_agg_finalfn	crates/backend/utils/adt/varlena/src/builtins.rs	excluded(blocked: agg context/state)	-	builtins.rs:531
3537	pg_describe_object	crates/backend/catalog/objectaddress/src/builtins.rs	excluded(state)	-	catalog object lookup
3539	text_format	crates/backend/utils/adt/varlena/src/builtins.rs	excluded(wall: format engine + fmgr output recursion)	-	concat_format::fc_text_format %s/%I/%L picture scan + per-arg fmgr dispatch
3540	text_format_nv	crates/backend/utils/adt/varlena/src/builtins.rs	excluded(wall: format engine)	-	same fn, nargs 1
3543	bytea_string_agg_transfn	crates/backend/utils/adt/varlena/src/builtins.rs	excluded(blocked: agg context/state)	-	shares string_agg_transfn_common builtins.rs:524
3544	bytea_string_agg_finalfn	crates/backend/utils/adt/varlena/src/builtins.rs	excluded(blocked: agg context/state)	-	shares finalfn_common builtins.rs:545
3546	int8dec	crates/backend/utils/adt/int8/src/builtins.rs	proved(full-i64; value+verdict+sqlstate 22003)	fast	0.71s; proofs/small-fams
3547	int8dec_any	crates/backend/utils/adt/int8/src/builtins.rs	proved(full-i64; value+verdict+sqlstate 22003; symbolic ignored 2nd arg)	fast	0.22s; proofs/int-arith
3548	numeric_accum_inv	crates/backend/utils/adt/numeric/src/builtins.rs	excluded(state)	-	do_numeric_discard aggregates.rs:412
3549	interval_avg_accum_inv	crates/backend/utils/adt/adt_timestamp/src/builtins.rs	candidate -> tested(differential: timestamp_diff 10M fleet 0-div @ f1c54d927d, planes value+verdict+sqlstate+fc-wrapper+soft-error) (do_interval_discard core + fc)	fast	CORE do_interval_discard interval.rs:1276; sibling of 1843; wrapper NULL-state panic = assert-parity claim
3551	network_overlap	crates/backend/utils/adt/network/src/builtins.rs	proved(wrapper-level; family/bits fenced, addr full-sym; v4/v6/xf split + coverage)	fast	4-10s; proofs/network
3553	inet_gist_consistent	crates/backend/utils/adt/network_gist/src/lib.rs	proved(core consistent_internal; 11 per-strategy cells; key = producer-invariant fence, dirty addr; query v4/v6 full; leaf+inner)	fast	kissat 13-42s/cell + partition/regime covers; unwind 18 (16B memcmp fabricates at 10); fc wrapper tier (GISTENTRY datum unwrap, recheck store) tested-tier; proofs/network-gist
3554	inet_gist_union	crates/backend/utils/adt/network_gist/src/lib.rs	proved(core calc_inet_union_params + gk_image vs verbatim C calc+build; n=2,3 cells; param 4-tuple + full 20B image)	ladder	16.5/34.3s kissat unwind 22; harness passes PRE-BUILT GkRefs: from_image inside an iterator closure trips a Kani 0.67 provenance defect (fabricated fold counterexamples, native playback green) — witness trio probe_slice_* + probe_union_* in-crate; fc wrapper (GistEntryVector) tested-tier; proofs/network-gist
3555	inet_gist_compress	crates/backend/utils/adt/network_gist/src/lib.rs	proved(wrapper-level via NETWORK_GIST_BUILTINS; per-family cells v4/v6 modulo static-buffer allocator model; nonleaf + NULL-key spec harnesses)	ladder	v4 397s kissat unwind 20, v6 421s DEFAULT solver unwind 24 (klen=20 compare loop; kissat timeout at unwind 20 was the unwinding assertion); gistentryinit protocol fields asserted; proofs/network-gist
3556	jsonb_bool	crates/backend/utils/adt/jsonb/src/builtins.rs	tested(differential: jsonbio_diff 10.0M fleet (job pgrust-fuzz-campaign-1785509808-7506-56214), planes value+verdict+sqlstate, 0 divergences) [retired: candidate]	fast	fc builtins.rs:718 -> cast_scalar:703 -> extract_scalar:401; pure scalar verdict bool/NULL/cast-error via item_kind:691; trusted-builder fence, symbolic 1-elem raw-scalar container
3557	inet_gist_penalty	crates/backend/utils/adt/network_gist/src/lib.rs	proved(core penalty_internal; full fenced key plane both families; bit-exact f32 to_bits)	fast	7.2s kissat unwind 18; the xor/leading_zeros PORT REWRITE proven == C per-bit bitncommon loop incl 1.0f/commonbits; 4-arm cover; proofs/network-gist
3558	inet_gist_picksplit	crates/backend/utils/adt/network_gist/src/lib.rs	blocked(alloc: Vec + data-dependent commonbits scan)	-	:406
3559	inet_gist_same	crates/backend/utils/adt/network_gist/src/lib.rs	proved(wrapper-level via NETWORK_GIST_BUILTINS; full fenced key plane; fcinfo frame + out-pointer datum in-theorem)	fast	3.2s kissat unwind 18; negative control control_same_minbits_swap FAILS on the verdict check (gate non-vacuous); proofs/network-gist
3562	network_larger	crates/backend/utils/adt/network/src/builtins.rs	proved(wrapper-level; winning-input-datum identity)	fast	5-9s; proofs/network
3563	network_smaller	crates/backend/utils/adt/network/src/builtins.rs	proved(wrapper-level; winning-input-datum identity)	fast	4-9s; proofs/network
3566	pg_event_trigger_dropped_objects	crates/backend/commands/event_trigger/src/srf.rs	excluded(state)	-	event-trigger session state
3567	int2_accum_inv	crates/backend/utils/adt/numeric/src/builtins.rs	excluded(state)	-	do_int128_discard via poly inv macro (sampled)
3568	int4_accum_inv	crates/backend/utils/adt/numeric/src/builtins.rs	excluded(state)	-	do_int128_discard (sampled)
3569	int8_accum_inv	crates/backend/utils/adt/numeric/src/builtins.rs	excluded(state)	-	do_numeric_discard aggregates.rs:412
3570	int2_avg_accum_inv	crates/backend/utils/adt/numeric/src/builtins.rs	tested(differential: numeric_io_diff+numeric_ops_diff 10M+10.05M fleet execs 0-div @398465c499, planes value-image+verdict+sqlstate; jobs -67307/-51880 2026-07-31)	ladder	57.4s kissat 2026-07-30; proofs/numeric-probe eq_int2_avg_accum_inv_agg | prior: proved(wrapper-level agg arm: real _int8 image + agg-context demux, in-place aliasing, symbolic state; transarray arithmetic now wrapping_add/sub matching C -fwrapv (fix/transarray-wrapping-add c36f1a0de0, debug wrap-panic eliminated, release identical); wrap plane out of theorem)
3571	int4_avg_accum_inv	crates/backend/utils/adt/numeric/src/builtins.rs	tested(differential: numeric_io_diff+numeric_ops_diff 10M+10.05M fleet execs 0-div @398465c499, planes value-image+verdict+sqlstate; jobs -67307/-51880 2026-07-31)	ladder	63.6s kissat 2026-07-30; proofs/numeric-probe eq_int4_avg_accum_inv_agg | prior: proved(wrapper-level agg arm: same rig as 3570; transarray arithmetic now wrapping_add/sub matching C -fwrapv (fix/transarray-wrapping-add c36f1a0de0, debug wrap-panic eliminated, release identical); wrap plane out of theorem)
3573	inet_gist_fetch	crates/backend/utils/adt/network_gist/src/lib.rs	proved(wrapper-level via NETWORK_GIST_BUILTINS; per-family cells modulo static-buffer allocator model; varlena header spec-side)	ladder	316/441s kissat unwind 20; SET_INET_VARSIZE dropped in C shim (header asserted vs varlena spec on Rust side); family-0 keys excluded (leaf-only proc); proofs/network-gist
3577	pg_logical_emit_message_text	crates/backend/replication/logical/logicalfuncs/src/lib.rs	excluded(state)	-	logical decoding state
3578	pg_logical_emit_message_bytea	crates/backend/replication/logical/logicalfuncs/src/lib.rs	excluded(state)	-	logical decoding state
3579	jsonb_insert	crates/backend/utils/adt/jsonb/src/builtins.rs	tested(differential: jsonbops_diff 10.0M fleet (job pgrust-fuzz-campaign-1785512634-5f92-65284), planes value+verdict+sqlstate, 0 divergences) [retired: excluded(wall: CNF width / image)]	-	set_path_common INSERT_BEFORE/AFTER; path-subscript VT whitespace defect (sibling of 3217) FIXED 2026-07-30 at mutate.rs:439 via pg_string::strtoint10_strict
3581	pg_xact_commit_timestamp	crates/backend/access/transam/commit_ts/src/fmgr_builtins.rs	excluded(state: SLRU/shmem)	-	commit_ts fmgr_builtins.rs:57
3582	binary_upgrade_set_next_pg_type_oid	crates/backend/utils/adt/pg_upgrade_support/src/lib.rs	excluded(state)	-	binary-upgrade global state
3583	pg_last_committed_xact	crates/backend/access/transam/commit_ts/src/fmgr_builtins.rs	excluded(state: shmem + tupdesc)	-	commit_ts fmgr_builtins.rs:71
3589	binary_upgrade_set_next_pg_enum_oid	crates/backend/utils/adt/pg_upgrade_support/src/lib.rs	excluded(state)	-	binary-upgrade global state
3590	binary_upgrade_set_next_pg_authid_oid	crates/backend/utils/adt/pg_upgrade_support/src/lib.rs	excluded(state)	-	binary-upgrade global state
3591	binary_upgrade_create_empty_extension	crates/backend/utils/adt/pg_upgrade_support/src/lib.rs	excluded(state)	-	binary-upgrade global state
3594	event_trigger_in	crates/backend/utils/adt/pseudotypes/src/builtins.rs	proved(err-parity: verdict+sqlstate+level; all args ignored)	fast	~0.6s default solver; proofs/pseudotypes eq_event_trigger_in; wrapper-level via LocalFcinfo (call1, null Datum); C MAKE_SQLSTATE computed vs shipped with_sqlstate — 0A000 encoding in-theorem; message text/location out of proof; Err-arm cover! + shell_in must-fail control
3595	event_trigger_out	crates/backend/utils/adt/pseudotypes/src/builtins.rs	proved(err-parity: verdict+sqlstate+level; all args ignored)	fast	~0.6s default solver; proofs/pseudotypes eq_event_trigger_out; wrapper-level via LocalFcinfo (call1, null Datum); C MAKE_SQLSTATE computed vs shipped with_sqlstate — 0A000 encoding in-theorem; message text/location out of proof; Err-arm cover! + shell_in must-fail control
3610	tsvectorin	crates/backend/utils/adt/tsvector_core/src/builtins.rs	excluded(engine)	-	tsvector parse/serialize engine
3611	tsvectorout	crates/backend/utils/adt/tsvector_core/src/builtins.rs	excluded(engine)	-	tsvector parse/serialize engine
3612	tsqueryin	crates/backend/utils/adt/tsquery_core/src/builtins.rs	tested(differential: tsquery_core_diff fleet 10.0M execs 0 div pgrust-fuzz-campaign-1785561085-0570-99881 @213fabcd64; planes image-bytes+text-out+wire+verdict+errclass+fc-wrapper+soft-error+notice; measured at lane tip proofs/p1-tsquery)	-	tsquery parse/exec engine
3613	tsqueryout	crates/backend/utils/adt/tsquery_core/src/builtins.rs	tested(differential: tsquery_core_diff fleet 10.0M execs 0 div pgrust-fuzz-campaign-1785561085-0570-99881 @213fabcd64; planes image-bytes+text-out+wire+verdict+errclass+fc-wrapper+soft-error+notice; measured at lane tip proofs/p1-tsquery)	-	tsquery parse/exec engine
3616	tsvector_lt	crates/backend/utils/adt/tsvector_core/src/builtins.rs	excluded(engine)	-	tsvector parse/serialize engine
3617	tsvector_le	crates/backend/utils/adt/tsvector_core/src/builtins.rs	excluded(engine)	-	tsvector parse/serialize engine
3618	tsvector_eq	crates/backend/utils/adt/tsvector_core/src/builtins.rs	excluded(engine)	-	tsvector parse/serialize engine
3619	tsvector_ne	crates/backend/utils/adt/tsvector_core/src/builtins.rs	excluded(engine)	-	tsvector parse/serialize engine
3620	tsvector_ge	crates/backend/utils/adt/tsvector_core/src/builtins.rs	excluded(engine)	-	tsvector parse/serialize engine
3621	tsvector_gt	crates/backend/utils/adt/tsvector_core/src/builtins.rs	excluded(engine)	-	tsvector parse/serialize engine
3622	tsvector_cmp	crates/backend/utils/adt/tsvector_core/src/builtins.rs	excluded(engine)	-	tsvector parse/serialize engine
3623	tsvector_strip	crates/backend/utils/adt/tsvector_core/src/builtins.rs	excluded(engine)	-	tsvector parse/serialize engine
3624	tsvector_setweight	crates/backend/utils/adt/tsvector_core/src/builtins.rs	excluded(engine)	-	tsvector parse/serialize engine
3625	tsvector_concat	crates/backend/utils/adt/tsvector_core/src/builtins.rs	excluded(engine)	-	tsvector parse/serialize engine
3634	ts_match_vq	crates/backend/utils/adt/tsvector_core/src/builtins.rs	excluded(engine)	-	tsvector parse/serialize engine
3635	ts_match_qv	crates/backend/utils/adt/tsvector_core/src/builtins.rs	excluded(engine)	-	tsvector parse/serialize engine
3638	tsvectorsend	crates/backend/utils/adt/tsvector_core/src/builtins.rs	excluded(engine)	-	tsvector parse/serialize engine
3639	tsvectorrecv	crates/backend/utils/adt/tsvector_core/src/builtins.rs	excluded(engine)	-	tsvector parse/serialize engine
3640	tsquerysend	crates/backend/utils/adt/tsquery_core/src/builtins.rs	tested(differential: tsquery_core_diff fleet 10.0M execs 0 div pgrust-fuzz-campaign-1785561085-0570-99881 @213fabcd64; planes image-bytes+text-out+wire+verdict+errclass+fc-wrapper+soft-error+notice; measured at lane tip proofs/p1-tsquery)	-	tsquery parse/exec engine
3641	tsqueryrecv	crates/backend/utils/adt/tsquery_core/src/builtins.rs	tested(differential: tsquery_core_diff fleet 10.0M execs 0 div pgrust-fuzz-campaign-1785561085-0570-99881 @213fabcd64; planes image-bytes+text-out+wire+verdict+errclass+fc-wrapper+soft-error+notice; measured at lane tip proofs/p1-tsquery)	-	tsquery parse/exec engine
3646	gtsvectorin	crates/backend/utils/adt/tsgistidx/src/lib.rs	excluded(engine)	-	tsearch GiST signature engine
3647	gtsvectorout	crates/backend/utils/adt/tsgistidx/src/lib.rs	excluded(engine)	-	tsearch GiST signature engine
3648	gtsvector_compress	crates/backend/utils/adt/tsgistidx/src/lib.rs	excluded(engine)	-	tsearch GiST signature engine
3649	gtsvector_decompress	crates/backend/utils/adt/tsgistidx/src/lib.rs	excluded(engine)	-	tsearch GiST signature engine
3650	gtsvector_picksplit	crates/backend/utils/adt/tsgistidx/src/lib.rs	excluded(engine)	-	tsearch GiST signature engine
3651	gtsvector_union	crates/backend/utils/adt/tsgistidx/src/lib.rs	excluded(engine)	-	tsearch GiST signature engine
3652	gtsvector_same	crates/backend/utils/adt/tsgistidx/src/lib.rs	excluded(engine)	-	tsearch GiST signature engine
3653	gtsvector_penalty	crates/backend/utils/adt/tsgistidx/src/lib.rs	excluded(engine)	-	tsearch GiST signature engine
3654	gtsvector_consistent	crates/backend/utils/adt/tsgistidx/src/lib.rs	excluded(engine)	-	tsearch GiST signature engine
3662	tsquery_lt	crates/backend/utils/adt/tsquery_core/src/builtins.rs	tested(differential: tsquery_core_diff fleet 10.0M execs 0 div pgrust-fuzz-campaign-1785561085-0570-99881 @213fabcd64; planes image-bytes+text-out+wire+verdict+errclass+fc-wrapper+soft-error+notice; measured at lane tip proofs/p1-tsquery)	-	tsquery parse/exec engine
3663	tsquery_le	crates/backend/utils/adt/tsquery_core/src/builtins.rs	tested(differential: tsquery_core_diff fleet 10.0M execs 0 div pgrust-fuzz-campaign-1785561085-0570-99881 @213fabcd64; planes image-bytes+text-out+wire+verdict+errclass+fc-wrapper+soft-error+notice; measured at lane tip proofs/p1-tsquery)	-	tsquery parse/exec engine
3664	tsquery_eq	crates/backend/utils/adt/tsquery_core/src/builtins.rs	tested(differential: tsquery_core_diff fleet 10.0M execs 0 div pgrust-fuzz-campaign-1785561085-0570-99881 @213fabcd64; planes image-bytes+text-out+wire+verdict+errclass+fc-wrapper+soft-error+notice; measured at lane tip proofs/p1-tsquery)	-	tsquery parse/exec engine
3665	tsquery_ne	crates/backend/utils/adt/tsquery_core/src/builtins.rs	tested(differential: tsquery_core_diff fleet 10.0M execs 0 div pgrust-fuzz-campaign-1785561085-0570-99881 @213fabcd64; planes image-bytes+text-out+wire+verdict+errclass+fc-wrapper+soft-error+notice; measured at lane tip proofs/p1-tsquery)	-	tsquery parse/exec engine
3666	tsquery_ge	crates/backend/utils/adt/tsquery_core/src/builtins.rs	tested(differential: tsquery_core_diff fleet 10.0M execs 0 div pgrust-fuzz-campaign-1785561085-0570-99881 @213fabcd64; planes image-bytes+text-out+wire+verdict+errclass+fc-wrapper+soft-error+notice; measured at lane tip proofs/p1-tsquery)	-	tsquery parse/exec engine
3667	tsquery_gt	crates/backend/utils/adt/tsquery_core/src/builtins.rs	tested(differential: tsquery_core_diff fleet 10.0M execs 0 div pgrust-fuzz-campaign-1785561085-0570-99881 @213fabcd64; planes image-bytes+text-out+wire+verdict+errclass+fc-wrapper+soft-error+notice; measured at lane tip proofs/p1-tsquery)	-	tsquery parse/exec engine
3668	tsquery_cmp	crates/backend/utils/adt/tsquery_core/src/builtins.rs	tested(differential: tsquery_core_diff fleet 10.0M execs 0 div pgrust-fuzz-campaign-1785561085-0570-99881 @213fabcd64; planes image-bytes+text-out+wire+verdict+errclass+fc-wrapper+soft-error+notice; measured at lane tip proofs/p1-tsquery)	-	tsquery parse/exec engine
3669	tsquery_and	crates/backend/utils/adt/tsquery_core/src/builtins.rs	tested(differential: tsquery_core_diff fleet 10.0M execs 0 div pgrust-fuzz-campaign-1785561085-0570-99881 @213fabcd64; planes image-bytes+text-out+wire+verdict+errclass+fc-wrapper+soft-error+notice; measured at lane tip proofs/p1-tsquery)	-	tsquery parse/exec engine
3670	tsquery_or	crates/backend/utils/adt/tsquery_core/src/builtins.rs	tested(differential: tsquery_core_diff fleet 10.0M execs 0 div pgrust-fuzz-campaign-1785561085-0570-99881 @213fabcd64; planes image-bytes+text-out+wire+verdict+errclass+fc-wrapper+soft-error+notice; measured at lane tip proofs/p1-tsquery)	-	tsquery parse/exec engine
3671	tsquery_not	crates/backend/utils/adt/tsquery_core/src/builtins.rs	tested(differential: tsquery_core_diff fleet 10.0M execs 0 div pgrust-fuzz-campaign-1785561085-0570-99881 @213fabcd64; planes image-bytes+text-out+wire+verdict+errclass+fc-wrapper+soft-error+notice; measured at lane tip proofs/p1-tsquery)	-	tsquery parse/exec engine
3672	tsquery_numnode	crates/backend/utils/adt/tsquery_core/src/builtins.rs	tested(differential: tsquery_core_diff fleet 10.0M execs 0 div pgrust-fuzz-campaign-1785561085-0570-99881 @213fabcd64; planes image-bytes+text-out+wire+verdict+errclass+fc-wrapper+soft-error+notice; measured at lane tip proofs/p1-tsquery)	-	tsquery parse/exec engine
3673	tsquerytree	crates/backend/utils/adt/tsquery_core/src/builtins.rs	tested(differential: tsquery_core_diff fleet 10.0M execs 0 div pgrust-fuzz-campaign-1785561085-0570-99881 @213fabcd64; planes image-bytes+text-out+wire+verdict+errclass+fc-wrapper+soft-error+notice; measured at lane tip proofs/p1-tsquery)	-	tsquery parse/exec engine
3684	tsquery_rewrite	crates/backend/utils/adt/tsquery_rewrite/src/lib.rs	tested(differential: tsqrw_diff fleet 10.0M execs 0 div pgrust-fuzz-campaign-1785561091-3d07-99982 @213fabcd64; planes tsquery-varlena-image+verdict+errclass+fc-wrapper; measured at lane tip proofs/p1-tsquery)	-	tsquery rewrite engine
3685	tsquery_rewrite_query	crates/backend/utils/adt/tsquery_rewrite/src/lib.rs	excluded(engine)	-	tsquery rewrite engine
3689	ts_stat1	crates/backend/utils/adt/tsvector_stat/src/lib.rs	excluded(state)	-	executes SQL (ts_stat)
3690	ts_stat2	crates/backend/utils/adt/tsvector_stat/src/lib.rs	excluded(state)	-	executes SQL (ts_stat)
3691	tsq_mcontains	crates/backend/utils/adt/tsquery_core/src/builtins.rs	tested(differential: tsquery_core_diff fleet 10.0M execs 0 div pgrust-fuzz-campaign-1785561085-0570-99881 @213fabcd64; planes image-bytes+text-out+wire+verdict+errclass+fc-wrapper+soft-error+notice; measured at lane tip proofs/p1-tsquery)	-	tsquery parse/exec engine
3692	tsq_mcontained	crates/backend/utils/adt/tsquery_core/src/builtins.rs	tested(differential: tsquery_core_diff fleet 10.0M execs 0 div pgrust-fuzz-campaign-1785561085-0570-99881 @213fabcd64; planes image-bytes+text-out+wire+verdict+errclass+fc-wrapper+soft-error+notice; measured at lane tip proofs/p1-tsquery)	-	tsquery parse/exec engine
3695	gtsquery_compress	crates/backend/utils/adt/tsgistidx/src/lib.rs	excluded(engine)	-	tsearch GiST signature engine
3696	text_starts_with	crates/backend/utils/adt/varlena/src/builtins.rs	proved(len<=8 both encodings; valid-UTF8+NUL-free datatype-invariant fence, fence proven load-bearing by unfenced control)	slow	2.5s latin1 / 52.4s utf8; len<=8 fully symbolic; enc fence {UTF8,LATIN1}; C-collation; inline images; wrapper-level (LocalFcinfo); value+verdict+sqlstate-class parity; modulo static-buffer allocator model; proofs/text-slice
3701	gtsquery_consistent	crates/backend/utils/adt/tsgistidx/src/lib.rs	excluded(engine)	-	tsearch GiST signature engine
3703	ts_rank_wttf	crates/backend/utils/adt/tsrank/src/builtins.rs	excluded(engine)	-	tsvector ranking engine
3704	ts_rank_wtt	crates/backend/utils/adt/tsrank/src/builtins.rs	excluded(engine)	-	tsvector ranking engine
3705	ts_rank_ttf	crates/backend/utils/adt/tsrank/src/builtins.rs	excluded(engine)	-	tsvector ranking engine
3706	ts_rank_tt	crates/backend/utils/adt/tsrank/src/builtins.rs	excluded(engine)	-	tsvector ranking engine
3707	ts_rankcd_wttf	crates/backend/utils/adt/tsrank/src/builtins.rs	excluded(engine)	-	tsvector ranking engine
3708	ts_rankcd_wtt	crates/backend/utils/adt/tsrank/src/builtins.rs	excluded(engine)	-	tsvector ranking engine
3709	ts_rankcd_ttf	crates/backend/utils/adt/tsrank/src/builtins.rs	excluded(engine)	-	tsvector ranking engine
3710	ts_rankcd_tt	crates/backend/utils/adt/tsrank/src/builtins.rs	excluded(engine)	-	tsvector ranking engine
3711	tsvector_length	crates/backend/utils/adt/tsvector_core/src/builtins.rs	excluded(engine)	-	tsvector parse/serialize engine
3713	ts_token_type_byid	crates/backend/tsearch/wparser_def/src/builtins.rs	excluded(engine)	-	text parser engine
3714	ts_token_type_byname	crates/backend/tsearch/wparser_def/src/builtins.rs	excluded(engine)	-	text parser engine
3715	ts_parse_byid	crates/backend/tsearch/wparser_def/src/builtins.rs	excluded(engine)	-	text parser engine
3716	ts_parse_byname	crates/backend/tsearch/wparser_def/src/builtins.rs	excluded(engine)	-	text parser engine
3717	prsd_start	crates/backend/tsearch/wparser_def/src/builtins.rs	excluded(engine)	-	text parser engine
3718	prsd_nexttoken	crates/backend/tsearch/wparser_def/src/builtins.rs	excluded(engine)	-	text parser engine
3719	prsd_end	crates/backend/tsearch/wparser_def/src/builtins.rs	excluded(engine)	-	text parser engine
3720	prsd_headline	crates/backend/tsearch/wparser_def/src/builtins.rs	excluded(engine)	-	text parser engine
3721	prsd_lextype	crates/backend/tsearch/wparser_def/src/builtins.rs	excluded(engine)	-	text parser engine
3723	ts_lexize	crates/backend/tsearch/dict/src/lib.rs	excluded(engine)	-	dictionary lexize engine
3724	gin_cmp_tslexeme	crates/backend/utils/adt/tsginidx/src/builtins.rs	excluded(engine)	-	tsearch GIN extract engine
3725	dsimple_init	crates/backend/tsearch/dict/src/lib.rs	excluded(engine)	-	dictionary lexize engine
3726	dsimple_lexize	crates/backend/tsearch/dict/src/lib.rs	excluded(engine)	-	dictionary lexize engine
3728	dsynonym_init	crates/backend/tsearch/dict/src/lib.rs	excluded(engine)	-	dictionary lexize engine
3729	dsynonym_lexize	crates/backend/tsearch/dict/src/lib.rs	excluded(engine)	-	dictionary lexize engine
3731	dispell_init	crates/backend/tsearch/spell/src/builtins.rs	excluded(engine)	-	ispell dictionary engine
3732	dispell_lexize	crates/backend/tsearch/spell/src/builtins.rs	excluded(engine)	-	ispell dictionary engine
3736	regconfigin	crates/backend/utils/adt/regproc/src/builtins.rs	excluded(state)	-	catalog name lookup (reg* io)
3737	regconfigout	crates/backend/utils/adt/regproc/src/builtins.rs	excluded(state)	-	catalog name lookup (reg* io)
3738	regconfigrecv	crates/backend/utils/adt/regproc/src/builtins.rs	excluded(state)	-	catalog name lookup (reg* io)
3739	regconfigsend	crates/backend/utils/adt/regproc/src/builtins.rs	excluded(state)	-	catalog name lookup (reg* io)
3740	thesaurus_init	crates/backend/tsearch/dict/src/lib.rs	excluded(engine)	-	dictionary lexize engine
3741	thesaurus_lexize	crates/backend/tsearch/dict/src/lib.rs	excluded(engine)	-	dictionary lexize engine
3743	ts_headline_byid_opt	crates/backend/tsearch/to_tsany/src/builtins.rs	excluded(engine)	-	tsearch parser+config engine
3744	ts_headline_byid	crates/backend/tsearch/to_tsany/src/builtins.rs	excluded(engine)	-	tsearch parser+config engine
3745	to_tsvector_byid	crates/backend/tsearch/to_tsany/src/builtins.rs	excluded(engine)	-	tsearch parser+config engine
3746	to_tsquery_byid	crates/backend/tsearch/to_tsany/src/builtins.rs	excluded(engine)	-	tsearch parser+config engine
3747	plainto_tsquery_byid	crates/backend/tsearch/to_tsany/src/builtins.rs	excluded(engine)	-	tsearch parser+config engine
3749	to_tsvector	crates/backend/tsearch/to_tsany/src/builtins.rs	excluded(engine)	-	tsearch parser+config engine
3750	to_tsquery	crates/backend/tsearch/to_tsany/src/builtins.rs	excluded(engine)	-	tsearch parser+config engine
3751	plainto_tsquery	crates/backend/tsearch/to_tsany/src/builtins.rs	excluded(engine)	-	tsearch parser+config engine
3752	tsvector_update_trigger_byid	crates/backend/utils/adt/tsvector_stat/src/lib.rs	excluded(state)	-	executes SQL (ts_stat)
3754	ts_headline_opt	crates/backend/tsearch/to_tsany/src/builtins.rs	excluded(engine)	-	tsearch parser+config engine
3755	ts_headline	crates/backend/tsearch/to_tsany/src/builtins.rs	excluded(engine)	-	tsearch parser+config engine
3759	get_current_ts_config	crates/backend/utils/cache/ts_cache/src/lib.rs	excluded(state)	-	tsearch config cache state
3760	ts_match_tt	crates/backend/tsearch/to_tsany/src/builtins.rs	excluded(engine)	-	tsearch parser+config engine
3761	ts_match_tq	crates/backend/tsearch/to_tsany/src/builtins.rs	excluded(engine)	-	tsearch parser+config engine
3771	regdictionaryin	crates/backend/utils/adt/regproc/src/builtins.rs	excluded(state)	-	catalog name lookup (reg* io)
3772	regdictionaryout	crates/backend/utils/adt/regproc/src/builtins.rs	excluded(state)	-	catalog name lookup (reg* io)
3773	regdictionaryrecv	crates/backend/utils/adt/regproc/src/builtins.rs	excluded(state)	-	catalog name lookup (reg* io)
3774	regdictionarysend	crates/backend/utils/adt/regproc/src/builtins.rs	excluded(state)	-	catalog name lookup (reg* io)
3775	pg_stat_reset_shared	crates/backend/utils/adt/pgstatfuncs/src/lib.rs	excluded(state)	-	pg_stat shared-memory/catalog reads
3778	pg_tablespace_location	crates/backend/utils/adt/adt_misc/src/builtins.rs	excluded(state)	-	server WAL/catalog/session state
3779	pg_create_physical_replication_slot	crates/backend/replication/slotfuncs/src/builtins.rs	excluded(state)	-	replication slot shared state
3780	pg_drop_replication_slot	crates/backend/replication/slotfuncs/src/builtins.rs	excluded(state)	-	replication slot shared state
3781	pg_get_replication_slots	crates/backend/replication/slotfuncs/src/builtins.rs	excluded(state)	-	replication slot shared state
3782	pg_logical_slot_get_changes	crates/backend/replication/logical/logicalfuncs/src/lib.rs	excluded(state)	-	logical decoding state
3784	pg_logical_slot_peek_changes	crates/backend/replication/logical/logicalfuncs/src/lib.rs	excluded(state)	-	logical decoding state
3786	pg_create_logical_replication_slot	crates/backend/replication/slotfuncs/src/builtins.rs	excluded(state)	-	replication slot shared state
3787	to_jsonb	crates/backend/utils/adt/jsonb/src/builtins.rs	excluded(wall: image + typcache dispatch)	-	tojsonb::to_jsonb + get_fn_expr_argtype
3788	pg_stat_get_snapshot_timestamp	crates/backend/utils/adt/pgstatfuncs/src/lib.rs	excluded(state)	-	pg_stat shared-memory/catalog reads
3789	gin_clean_pending_list	crates/backend/access/gin/gin_funcs/src/lib.rs	excluded(state/engine)	-	gin_funcs lib.rs:50 buffer/WAL cleanup
3790	gtsvector_consistent_oldsig	crates/backend/utils/adt/tsgistidx/src/lib.rs	excluded(engine)	-	tsearch GiST signature engine
3793	gtsquery_consistent_oldsig	crates/backend/utils/adt/tsgistidx/src/lib.rs	excluded(engine)	-	tsearch GiST signature engine
3795	inet_spg_config	crates/backend/utils/adt/network_spgist/src/lib.rs	proved(fmgr-level; all fields incl untouched-zero; modulo static-buffer allocator model)	fast	proofs/spgist-inet eq_inet_spg_config kissat 64.4s (load~12); harness fix 2026-07-30: family-wide unwind(12) + env-zero/OnceLock stubs (AcctWeak retain symex hang)
3796	inet_spg_choose	crates/backend/utils/adt/network_spgist/src/lib.rs	partial(no-prefix arm proved; famsplit+af4 fleet-bound)	ladder	eq_inet_spg_choose_nopfx PROVED kissat 96.8s (load~21); famsplit wall(timeout-450s, load 18-24, SSA-convert phase); af4 not attempted locally
3797	inet_spg_picksplit	crates/backend/utils/adt/network_spgist/src/lib.rs	blocked(refactor: symbolic nTuples + mcx node arrays)	ladder	lib.rs:135; per-n split (n=2,3) + mcx-stubs makes it reachable
3798	inet_spg_inner_consistent	crates/backend/utils/adt/network_spgist/src/lib.rs	partial(allTheSame arm proved; nopfx+af4 fleet-bound)	ladder	eq_inet_spg_inner_allsame PROVED kissat 76.8s (load~17); nopfx wall(timeout-240s, load 15-27, SAT-phase after 8256 VCC); af4_nkeys1 not attempted locally
3799	inet_spg_leaf_consistent	crates/backend/utils/adt/network_spgist/src/lib.rs	partial(cross-family arm proved; af4_nkeys2 fleet-bound)	fast	eq_inet_spg_leaf_mixed_family PROVED kissat 119.0s (load~25); af4_nkeys2 not attempted locally
3800	pg_current_logfile	crates/backend/utils/adt/adt_misc/src/builtins.rs	excluded(state)	-	server WAL/catalog/session state
3801	pg_current_logfile_1arg	crates/backend/utils/adt/adt_misc/src/builtins.rs	excluded(state)	-	server WAL/catalog/session state
3803	jsonb_send	crates/backend/utils/adt/jsonb/src/builtins.rs	tested(differential: jsonbio_diff 10.0M fleet (job pgrust-fuzz-campaign-1785509808-7506-56214), planes value+verdict+sqlstate, 0 divergences) [retired: excluded(wall: CNF width / image)]	-	io.rs:390 version byte + jsonb_to_cstring_into RENDER (not a delegate); escape_json width wall
3804	jsonb_out	crates/backend/utils/adt/jsonb/src/builtins.rs	tested(differential: jsonbio_diff 10.0M fleet (job pgrust-fuzz-campaign-1785509808-7506-56214), planes value+verdict+sqlstate, 0 divergences) [retired: excluded(wall: CNF width / image)]	-	io.rs:381 full text render; tested(differential) standing
3805	jsonb_recv	crates/backend/utils/adt/jsonb/src/builtins.rs	tested(differential: jsonbio_diff 10.0M fleet (job pgrust-fuzz-campaign-1785509808-7506-56214), planes value+verdict+sqlstate, 0 divergences) [retired: excluded(wall: parser cascade + pointer-datum recv ABI)]	-	io.rs:205; version!=1 verdict cheap but only reachable through arg_stringinfo; re-opens on slice-core recv refactor
3806	jsonb_in	crates/backend/utils/adt/jsonb/src/builtins.rs	tested(differential: jsonbio_diff 10.0M fleet (job pgrust-fuzz-campaign-1785509808-7506-56214), planes value+verdict+sqlstate, 0 divergences) [retired: excluded(wall: parser cascade)]	-	io.rs:196 jsonb_from_cstring
3808	pg_get_function_arg_default	crates/backend/utils/adt/ruleutils/src/builtins.rs	excluded(state)	-	catalog deparse machinery
3809	pg_export_snapshot	crates/backend/utils/adt/xid8funcs/src/builtins.rs	excluded(state)	-	snapmgr ExportSnapshot: snapshot registry + snapshot FILE write
3810	pg_is_in_recovery	crates/backend/utils/adt/adt_misc/src/builtins.rs	excluded(state)	-	server WAL/catalog/session state
3811	int4_cash	crates/backend/utils/adt/cash/src/builtins.rs	proved(full-i32 x frac_digits literal cells 0..=10+clamp reps; modulo pglc_localeconv seam stub, C-locale symbols; skew control load-bearing; union-coverage witness)	fast	0.4-7.0s; proofs/cash
3812	int8_cash	crates/backend/utils/adt/cash/src/builtins.rs	proved(full-i64 x frac_digits literal cells; same seam; Err 22003 covered per cell where arithmetically reachable)	fast	0.4-4.9s; proofs/cash
3813	xmltext	crates/backend/utils/adt/xml/src/builtins.rs	excluded(engine)	-	xml parser/serializer engine
3820	pg_last_wal_receive_lsn	crates/backend/utils/adt/adt_misc/src/builtins.rs	excluded(state)	-	server WAL/catalog/session state
3821	pg_last_wal_replay_lsn	crates/backend/utils/adt/adt_misc/src/builtins.rs	excluded(state)	-	server WAL/catalog/session state
3822	cash_div_cash	crates/backend/utils/adt/cash/src/builtins.rs	proved(8x7 spot grid bit-exact f64 + full-i64/4 pow2 plane + full-i64/0 error arm verdict-only — Kani Result<f64> defect)	ladder	0.4-1.7s; proofs/cash
3823	cash_numeric	crates/backend/utils/adt/cash/src/builtins.rs	parked(needs-refactor: numeric allocating digit loops — DigitBuf wall per TRIAGE) + tested(differential: 10M-row money->numeric sampler vs docker postgres:18.3, exact numeric text, zero divergences; fc wrapper plane)	blocked	proofs/cash wave-4
3824	numeric_cash	crates/backend/utils/adt/cash/src/builtins.rs	parked(needs-refactor: same) + tested(differential: 1M-row numeric->money sampler vs docker postgres:18.3, exact text + 22003/0A000 verdicts, zero divergences)	blocked	proofs/cash wave-4
3826	pg_read_file_all	crates/backend/utils/adt/genfile/src/builtins.rs	excluded(state)	-	server filesystem access
3827	pg_read_binary_file_off_len	crates/backend/utils/adt/genfile/src/builtins.rs	excluded(state)	-	server filesystem access
3828	pg_read_binary_file_all	crates/backend/utils/adt/genfile/src/builtins.rs	excluded(state)	-	server filesystem access
3829	pg_opfamily_is_visible	crates/backend/catalog/catalog_namespace/src/builtins.rs	excluded(state)	-	namespace/search_path state
3830	pg_last_xact_replay_timestamp	crates/backend/utils/adt/adt_misc/src/builtins.rs	excluded(state)	-	server WAL/catalog/session state
3832	anyrange_in	crates/backend/utils/adt/pseudotypes/src/builtins.rs	proved(err-parity: verdict+sqlstate+level; all args ignored)	fast	~0.6s default solver; proofs/pseudotypes eq_anyrange_in; wrapper-level via LocalFcinfo (call1, null Datum); C MAKE_SQLSTATE computed vs shipped with_sqlstate — 0A000 encoding in-theorem; message text/location out of proof; Err-arm cover! + shell_in must-fail control
3833	anyrange_out	crates/backend/utils/adt/rangetypes/src/builtins.rs	tested(differential: rangetypes_diff 10M execs, value+verdict+sqlstate planes; per-type int4range/int8range/numrange typcache mock)	-	range typcache + subtype fmgr
3834	range_in	crates/backend/utils/adt/rangetypes/src/builtins.rs	tested(differential: rangetypes_diff 10M execs, value+verdict+sqlstate planes; per-type int4range/int8range/numrange typcache mock)	-	range typcache + subtype fmgr
3835	range_out	crates/backend/utils/adt/rangetypes/src/builtins.rs	tested(differential: rangetypes_diff 10M execs, value+verdict+sqlstate planes; per-type int4range/int8range/numrange typcache mock)	-	range typcache + subtype fmgr
3836	range_recv	crates/backend/utils/adt/rangetypes/src/builtins.rs	tested(differential: rangetypes_diff 10M execs, value+verdict+sqlstate planes; per-type int4range/int8range/numrange typcache mock)	-	range typcache + subtype fmgr
3837	range_send	crates/backend/utils/adt/rangetypes/src/builtins.rs	tested(differential: rangetypes_diff 10M execs, value+verdict+sqlstate planes; per-type int4range/int8range/numrange typcache mock)	-	range typcache + subtype fmgr
3839	pg_identify_object	crates/backend/catalog/objectaddress/src/builtins.rs	excluded(state)	-	catalog object lookup
3840	int4range	crates/backend/utils/adt/rangetypes/src/builtins.rs	tested(differential: rangetypes_diff 10M execs, value+verdict+sqlstate planes; per-type int4range/int8range/numrange typcache mock)	-	range typcache + subtype fmgr
3841	int4range	crates/backend/utils/adt/rangetypes/src/builtins.rs	tested(differential: rangetypes_diff 10M execs, value+verdict+sqlstate planes; per-type int4range/int8range/numrange typcache mock)	-	range typcache + subtype fmgr
3842	pg_relation_is_updatable	crates/backend/rewrite/rewrite_handler/src/lib.rs	excluded(state: relcache + rewrite recursion)	-	rewrite_handler lib.rs:3144
3843	pg_column_is_updatable	crates/backend/rewrite/rewrite_handler/src/lib.rs	excluded(state: relcache + rewrite recursion)	-	lib.rs:3156
3844	numrange	crates/backend/utils/adt/rangetypes/src/builtins.rs	tested(differential: rangetypes_diff 10M execs, value+verdict+sqlstate planes; per-type int4range/int8range/numrange typcache mock)	-	range typcache + subtype fmgr
3845	numrange	crates/backend/utils/adt/rangetypes/src/builtins.rs	tested(differential: rangetypes_diff 10M execs, value+verdict+sqlstate planes; per-type int4range/int8range/numrange typcache mock)	-	range typcache + subtype fmgr
3846	make_date	crates/backend/utils/adt/adt_date/src/builtins.rs	proved(18 boundary spots + band-union coverage; ad/bc band + full screens authored fleet-pending)	ladder	spot_make_date PROVED 5.7s default / cover_make_date_year_bands PROVED 0.14s kissat 2026-07-30; eq_make_date_ad_band/bc_band/full + control_make_date_day_skew authored (runqueue recipes, 300s tier) not yet run locally — machine saturated (load 22-29), fleet-bound
3847	make_time	crates/backend/utils/adt/adt_date/src/builtins.rs	wall(timeout-450s x default+kissat, load=14-28; fleet retry expected green)	ladder	eq_make_time_secgrid (full h/min x 16 literal secs) walled 450s BOTH solvers under saturation 2026-07-30 — load-inflation suspect (runqueue expected green at 75s); fleet-bound before recording a structural wall
3848	lower	crates/backend/utils/adt/rangetypes/src/builtins.rs	tested(differential: rangetypes_diff 10M execs, value+verdict+sqlstate planes; per-type int4range/int8range/numrange typcache mock)	-	range typcache + subtype fmgr
3849	upper	crates/backend/utils/adt/rangetypes/src/builtins.rs	tested(differential: rangetypes_diff 10M execs, value+verdict+sqlstate planes; per-type int4range/int8range/numrange typcache mock)	-	range typcache + subtype fmgr
3850	isempty	crates/backend/utils/adt/rangetypes/src/builtins.rs	tested(differential: rangetypes_diff 10M execs, value+verdict+sqlstate planes; per-type int4range/int8range/numrange typcache mock)	-	range typcache + subtype fmgr
3851	lower_inc	crates/backend/utils/adt/rangetypes/src/builtins.rs	tested(differential: rangetypes_diff 10M execs, value+verdict+sqlstate planes; per-type int4range/int8range/numrange typcache mock)	-	range typcache + subtype fmgr
3852	upper_inc	crates/backend/utils/adt/rangetypes/src/builtins.rs	tested(differential: rangetypes_diff 10M execs, value+verdict+sqlstate planes; per-type int4range/int8range/numrange typcache mock)	-	range typcache + subtype fmgr
3853	lower_inf	crates/backend/utils/adt/rangetypes/src/builtins.rs	tested(differential: rangetypes_diff 10M execs, value+verdict+sqlstate planes; per-type int4range/int8range/numrange typcache mock)	-	range typcache + subtype fmgr
3854	upper_inf	crates/backend/utils/adt/rangetypes/src/builtins.rs	tested(differential: rangetypes_diff 10M execs, value+verdict+sqlstate planes; per-type int4range/int8range/numrange typcache mock)	-	range typcache + subtype fmgr
3855	range_eq	crates/backend/utils/adt/rangetypes/src/builtins.rs	proved(per-type: int4range,int8range,daterange; FULL symbolic flags byte + full-width symbolic bounds; typcache seam; canonical seam invalid both sides — adjacent out of scope) + tested(differential: rangetypes_diff 10M execs, value+verdict+sqlstate planes; per-type int4range/int8range/numrange typcache mock)	fast	0.9-9.4s per-commit; proofs/typcache-inst
3856	range_ne	crates/backend/utils/adt/rangetypes/src/builtins.rs	proved(per-type: int4range,int8range,daterange; FULL symbolic flags byte + full-width symbolic bounds; typcache seam; canonical seam invalid both sides — adjacent out of scope) + tested(differential: rangetypes_diff 10M execs, value+verdict+sqlstate planes; per-type int4range/int8range/numrange typcache mock)	fast	0.9-9.4s per-commit; proofs/typcache-inst
3857	range_overlaps	crates/backend/utils/adt/rangetypes/src/builtins.rs	proved(per-type: int4range,int8range,daterange; FULL symbolic flags byte + full-width symbolic bounds; typcache seam; canonical seam invalid both sides — adjacent out of scope) + tested(differential: rangetypes_diff 10M execs, value+verdict+sqlstate planes; per-type int4range/int8range/numrange typcache mock)	fast	0.9-9.4s per-commit; proofs/typcache-inst
3858	range_contains_elem	crates/backend/utils/adt/rangetypes/src/builtins.rs	proved(per-type: int4range,int8range,daterange; FULL symbolic flags byte + full-width symbolic bounds; typcache seam; canonical seam invalid both sides — adjacent out of scope) + tested(differential: rangetypes_diff 10M execs, value+verdict+sqlstate planes; per-type int4range/int8range/numrange typcache mock)	fast	0.9-9.4s per-commit; proofs/typcache-inst
3859	range_contains	crates/backend/utils/adt/rangetypes/src/builtins.rs	proved(per-type: int4range,int8range,daterange; FULL symbolic flags byte + full-width symbolic bounds; typcache seam; canonical seam invalid both sides — adjacent out of scope) + tested(differential: rangetypes_diff 10M execs, value+verdict+sqlstate planes; per-type int4range/int8range/numrange typcache mock)	fast	0.9-9.4s per-commit; proofs/typcache-inst
3860	elem_contained_by_range	crates/backend/utils/adt/rangetypes/src/builtins.rs	proved(per-type: int4range,int8range,daterange; verbatim C fmgr arg-swap body vs shipped range_contains_elem_internal; wrapper arg fetch tested tier) + tested(differential: rangetypes_diff 10M execs, value+verdict+sqlstate planes; per-type int4range/int8range/numrange typcache mock)	fast	2.2-3.1s; proofs/typcache-inst
3861	range_contained_by	crates/backend/utils/adt/rangetypes/src/builtins.rs	proved(per-type: int4range,int8range,daterange; FULL symbolic flags byte + full-width symbolic bounds; typcache seam; canonical seam invalid both sides — adjacent out of scope) + tested(differential: rangetypes_diff 10M execs, value+verdict+sqlstate planes; per-type int4range/int8range/numrange typcache mock)	fast	0.9-9.4s per-commit; proofs/typcache-inst
3862	range_adjacent	crates/backend/utils/adt/rangetypes/src/builtins.rs	wall(memory >6.3GB: range_serialize symbolic-len Vec fill; unblock = concrete-cap serialize refactor) + tested(differential: rangetypes_diff 10M execs, value+verdict+sqlstate planes; per-type int4range/int8range/numrange typcache mock)	per-type	proofs/typcache-inst
3863	range_before	crates/backend/utils/adt/rangetypes/src/builtins.rs	proved(per-type: int4range,int8range,daterange; FULL symbolic flags byte + full-width symbolic bounds; typcache seam; canonical seam invalid both sides — adjacent out of scope) + tested(differential: rangetypes_diff 10M execs, value+verdict+sqlstate planes; per-type int4range/int8range/numrange typcache mock)	fast	0.9-9.4s per-commit; proofs/typcache-inst
3864	range_after	crates/backend/utils/adt/rangetypes/src/builtins.rs	proved(per-type: int4range,int8range,daterange; FULL symbolic flags byte + full-width symbolic bounds; typcache seam; canonical seam invalid both sides — adjacent out of scope) + tested(differential: rangetypes_diff 10M execs, value+verdict+sqlstate planes; per-type int4range/int8range/numrange typcache mock)	fast	0.9-9.4s per-commit; proofs/typcache-inst
3865	range_overleft	crates/backend/utils/adt/rangetypes/src/builtins.rs	tested(differential: rangetypes_diff 10M execs, value+verdict+sqlstate planes; per-type int4range/int8range/numrange typcache mock)	-	range typcache + subtype fmgr
3866	range_overright	crates/backend/utils/adt/rangetypes/src/builtins.rs	tested(differential: rangetypes_diff 10M execs, value+verdict+sqlstate planes; per-type int4range/int8range/numrange typcache mock)	-	range typcache + subtype fmgr
3867	range_union	crates/backend/utils/adt/rangetypes/src/builtins.rs	tested(differential: rangetypes_diff 10M execs, value+verdict+sqlstate planes; per-type int4range/int8range/numrange typcache mock)	-	range typcache + subtype fmgr
3868	range_intersect	crates/backend/utils/adt/rangetypes/src/builtins.rs	tested(differential: rangetypes_diff 10M execs, value+verdict+sqlstate planes; per-type int4range/int8range/numrange typcache mock)	-	range typcache + subtype fmgr
3869	range_minus	crates/backend/utils/adt/rangetypes/src/builtins.rs	tested(differential: rangetypes_diff 10M execs, value+verdict+sqlstate planes; per-type int4range/int8range/numrange typcache mock)	-	range typcache + subtype fmgr
3870	range_cmp	crates/backend/utils/adt/rangetypes/src/builtins.rs	proved(per-type: int4range,int8range,daterange; FULL symbolic flags byte + full-width symbolic bounds; typcache seam; canonical seam invalid both sides — adjacent out of scope) + tested(differential: rangetypes_diff 10M execs, value+verdict+sqlstate planes; per-type int4range/int8range/numrange typcache mock)	fast	0.9-9.4s per-commit; proofs/typcache-inst
3871	range_lt	crates/backend/utils/adt/rangetypes/src/builtins.rs	proved(per-type: int4range,int8range,daterange; FULL symbolic flags byte + full-width symbolic bounds; typcache seam; canonical seam invalid both sides — adjacent out of scope) + tested(differential: rangetypes_diff 10M execs, value+verdict+sqlstate planes; per-type int4range/int8range/numrange typcache mock)	fast	0.9-9.4s per-commit; proofs/typcache-inst
3872	range_le	crates/backend/utils/adt/rangetypes/src/builtins.rs	proved(per-type: int4range,int8range,daterange; FULL symbolic flags byte + full-width symbolic bounds; typcache seam; canonical seam invalid both sides — adjacent out of scope) + tested(differential: rangetypes_diff 10M execs, value+verdict+sqlstate planes; per-type int4range/int8range/numrange typcache mock)	fast	0.9-9.4s per-commit; proofs/typcache-inst
3873	range_ge	crates/backend/utils/adt/rangetypes/src/builtins.rs	proved(per-type: int4range,int8range,daterange; FULL symbolic flags byte + full-width symbolic bounds; typcache seam; canonical seam invalid both sides — adjacent out of scope) + tested(differential: rangetypes_diff 10M execs, value+verdict+sqlstate planes; per-type int4range/int8range/numrange typcache mock)	fast	0.9-9.4s per-commit; proofs/typcache-inst
3874	range_gt	crates/backend/utils/adt/rangetypes/src/builtins.rs	proved(per-type: int4range,int8range,daterange; FULL symbolic flags byte + full-width symbolic bounds; typcache seam; canonical seam invalid both sides — adjacent out of scope) + tested(differential: rangetypes_diff 10M execs, value+verdict+sqlstate planes; per-type int4range/int8range/numrange typcache mock)	fast	0.9-9.4s per-commit; proofs/typcache-inst
3875	range_gist_consistent	crates/backend/utils/adt/rangetypes_gist/src/lib.rs	candidate	ladder	rangetypes_gist/src/lib.rs:425 -> consistent_int_range :213 / leaf :348; typcache seam via cached_gist_range_cache :72 — typcache-inst precedent, concrete int4 subtype, per-strategy split
3876	range_gist_union	crates/backend/utils/adt/rangetypes_gist/src/lib.rs	blocked(memory: symbolic-len make_range serialize — needs fixed-buffer make_range core)	-	range_super_union :136 (range_adjacent wall shape)
3878	pg_replication_slot_advance	crates/backend/replication/slotfuncs/src/builtins.rs	excluded(state)	-	replication slot shared state
3879	range_gist_penalty	crates/backend/utils/adt/rangetypes_gist/src/lib.rs	candidate	ladder	:554 f32 penalty lattice + range_cmp_bounds; call_subtype_diff :121 clean SEAM (symbolic both sides; NaN-clamp comment-claim)
3880	range_gist_picksplit	crates/backend/utils/adt/rangetypes_gist/src/lib.rs	blocked(alloc/sort)	-	:757 sorting splits + Placer chains
3881	range_gist_same	crates/backend/utils/adt/rangetypes_gist/src/lib.rs	candidate	fast	:659 flag-byte shortcut (port-specific comment re CONTAIN_EMPTY) + range_eq_internal; typcache-inst rig; cheapest of family
3902	hash_range	crates/backend/utils/adt/rangetypes/src/builtins.rs	tested(differential: rangetypes_diff 10M execs, value+verdict+sqlstate planes; per-type int4range/int8range/numrange typcache mock)	-	range typcache + subtype fmgr
3914	int4range_canonical	crates/backend/utils/adt/rangetypes/src/builtins.rs	tested(differential: rangetypes_diff 10M execs, value+verdict+sqlstate planes; per-type int4range/int8range/numrange typcache mock)	-	range typcache + subtype fmgr
3915	daterange_canonical	crates/backend/utils/adt/rangetypes/src/builtins.rs	tested(differential: rangetypes_diff 10M execs, value+verdict+sqlstate planes; per-type int4range/int8range/numrange typcache mock)	-	range typcache + subtype fmgr
3917	timestamp_support	crates/backend/utils/adt/adt_timestamp/src/builtins.rs	excluded(planner-node)	-	builtins.rs:597; note intervaltypmodleastfield interval.rs:1215 pure — helper theorem inside 2904 cell
3918	interval_support	crates/backend/utils/adt/adt_timestamp/src/builtins.rs	excluded(planner-node)	-	builtins.rs:632
3922	int4range_subdiff	crates/backend/utils/adt/rangetypes/src/builtins.rs	tested(differential: rangetypes_diff 10M execs, value+verdict+sqlstate planes; per-type int4range/int8range/numrange typcache mock)	-	range typcache + subtype fmgr
3923	int8range_subdiff	crates/backend/utils/adt/rangetypes/src/builtins.rs	tested(differential: rangetypes_diff 10M execs, value+verdict+sqlstate planes; per-type int4range/int8range/numrange typcache mock)	-	range typcache + subtype fmgr
3924	numrange_subdiff	crates/backend/utils/adt/rangetypes/src/builtins.rs	tested(differential: rangetypes_diff 10M execs, value+verdict+sqlstate planes; per-type int4range/int8range/numrange typcache mock)	-	range typcache + subtype fmgr
3925	daterange_subdiff	crates/backend/utils/adt/rangetypes/src/builtins.rs	tested(differential: rangetypes_diff 10M execs, value+verdict+sqlstate planes; per-type int4range/int8range/numrange typcache mock)	-	range typcache + subtype fmgr
3928	int8range_canonical	crates/backend/utils/adt/rangetypes/src/builtins.rs	tested(differential: rangetypes_diff 10M execs, value+verdict+sqlstate planes; per-type int4range/int8range/numrange typcache mock)	-	range typcache + subtype fmgr
3929	tsrange_subdiff	crates/backend/utils/adt/rangetypes/src/builtins.rs	tested(differential: rangetypes_diff 10M execs, value+verdict+sqlstate planes; per-type int4range/int8range/numrange typcache mock)	-	range typcache + subtype fmgr
3930	tstzrange_subdiff	crates/backend/utils/adt/rangetypes/src/builtins.rs	tested(differential: rangetypes_diff 10M execs, value+verdict+sqlstate planes; per-type int4range/int8range/numrange typcache mock)	-	range typcache + subtype fmgr
3931	jsonb_object_keys	crates/backend/utils/adt/jsonb/src/builtins.rs	excluded(SRF/engine)	-	as 3208
3932	jsonb_each_text	crates/backend/utils/adt/jsonb/src/builtins.rs	excluded(SRF/engine)	-	as 3208
3933	tsrange	crates/backend/utils/adt/rangetypes/src/builtins.rs	tested(differential: rangetypes_diff 10M execs, value+verdict+sqlstate planes; SHARED GENERIC constructor body driven at int4/int8/num — this subtype's own typcache path NOT driven)	-	range typcache + subtype fmgr
3934	tsrange	crates/backend/utils/adt/rangetypes/src/builtins.rs	tested(differential: rangetypes_diff 10M execs, value+verdict+sqlstate planes; SHARED GENERIC constructor body driven at int4/int8/num — this subtype's own typcache path NOT driven)	-	range typcache + subtype fmgr
3937	tstzrange	crates/backend/utils/adt/rangetypes/src/builtins.rs	tested(differential: rangetypes_diff 10M execs, value+verdict+sqlstate planes; SHARED GENERIC constructor body driven at int4/int8/num — this subtype's own typcache path NOT driven)	-	range typcache + subtype fmgr
3938	tstzrange	crates/backend/utils/adt/rangetypes/src/builtins.rs	tested(differential: rangetypes_diff 10M execs, value+verdict+sqlstate planes; SHARED GENERIC constructor body driven at int4/int8/num — this subtype's own typcache path NOT driven)	-	range typcache + subtype fmgr
3939	mxid_age	crates/backend/utils/adt/scalar/src/builtins.rs	proved(full-u32 xid x full-u32 seam value; modulo ReadNextMultiXactId seam model)	fast	0.25s kissat wrapper-level; state-seam pattern shared with xid_age (same skew control); wave5 pre-built, first solve 2026-07-30; proofs/scalar-misc; wave-5 lane resolved independently, reconciled at merge (agree)
3940	jsonb_extract_path_text	crates/backend/utils/adt/jsonb/src/builtins.rs	tested(differential: jsonbops_diff 10.0M fleet (job pgrust-fuzz-campaign-1785512634-5f92-65284), planes value+verdict+sqlstate, 0 divergences) [retired: candidate]	ladder	same core as 3217 (as_text=true) + value_as_text getfield.rs:16 Bool/String arms only (Numeric/Binary arms wall); cheap sibling; VT-subscript defect (shared resolve_path core, sibling of 3217) FIXED 2026-07-30 via pg_string::strtoint10_strict at getfield.rs:170 — pinned by the 3217 regression witness
3941	daterange	crates/backend/utils/adt/rangetypes/src/builtins.rs	excluded(typcache)	-	range typcache + subtype fmgr
3942	daterange	crates/backend/utils/adt/rangetypes/src/builtins.rs	excluded(typcache)	-	range typcache + subtype fmgr
3943	acldefault_sql	crates/backend/utils/adt/acl/src/builtins.rs	candidate	fast	pure objtype+owner to default ACL (acl/builtins.rs:215)
3944	time_support	crates/backend/utils/adt/adt_date/src/builtins.rs	excluded(planner-node)	-	adt_date/builtins.rs:1113
3945	int8range	crates/backend/utils/adt/rangetypes/src/builtins.rs	excluded(typcache)	-	range typcache + subtype fmgr
3946	int8range	crates/backend/utils/adt/rangetypes/src/builtins.rs	excluded(typcache)	-	range typcache + subtype fmgr
3947	json_object_field	crates/backend/utils/adt/json/src/builtins.rs	tested(differential: json_diff fleet job pgrust-fuzz-campaign-1785508521-0065-90755 10M execs 0 divergences + a0 exhaustive 67,174,400-case unicode-escape domain PASS; planes value+verdict+sqlstate+SQL-NULL+fc-wrapper)	-	getpath::get_worker json/src/getpath.rs:222 (sampled family 3948-3953) | was: excluded(wall: parser cascade) | p1-laneab 2026-07-31
3948	json_object_field_text	crates/backend/utils/adt/json/src/builtins.rs	tested(differential: json_diff fleet job pgrust-fuzz-campaign-1785508521-0065-90755 10M execs 0 divergences + a0 exhaustive 67,174,400-case unicode-escape domain PASS; planes value+verdict+sqlstate+SQL-NULL+fc-wrapper)	-	as 3947 | was: excluded(wall: parser cascade) | p1-laneab 2026-07-31
3949	json_array_element	crates/backend/utils/adt/json/src/builtins.rs	tested(differential: json_diff fleet job pgrust-fuzz-campaign-1785508521-0065-90755 10M execs 0 divergences + a0 exhaustive 67,174,400-case unicode-escape domain PASS; planes value+verdict+sqlstate+SQL-NULL+fc-wrapper)	-	as 3947 | was: excluded(wall: parser cascade) | p1-laneab 2026-07-31
3950	json_array_element_text	crates/backend/utils/adt/json/src/builtins.rs	tested(differential: json_diff fleet job pgrust-fuzz-campaign-1785508521-0065-90755 10M execs 0 divergences + a0 exhaustive 67,174,400-case unicode-escape domain PASS; planes value+verdict+sqlstate+SQL-NULL+fc-wrapper)	-	as 3947 | was: excluded(wall: parser cascade) | p1-laneab 2026-07-31
3951	json_extract_path	crates/backend/utils/adt/json/src/builtins.rs	tested(differential: json_diff fleet job pgrust-fuzz-campaign-1785508521-0065-90755 10M execs 0 divergences + a0 exhaustive 67,174,400-case unicode-escape domain PASS; planes value+verdict+sqlstate+SQL-NULL+fc-wrapper)	-	get_path_all builtins.rs:245; array-subscript VT whitespace defect (sibling of 3217) FIXED 2026-07-30 at json getpath.rs:267 via pg_string::strtoint10_strict (i32::MIN reject sentinel per C) | was: excluded(wall: parser cascade) | p1-laneab 2026-07-31
3940	jsonb_extract_path_text	crates/backend/utils/adt/jsonb/src/builtins.rs	candidate	ladder	same core as 3217 (as_text=true) + value_as_text getfield.rs:16 Bool/String arms only (Numeric/Binary arms wall); cheap sibling; VT-subscript defect (shared resolve_path core, sibling of 3217) FIXED 2026-07-30 via pg_string::strtoint10_strict at getfield.rs:170 — pinned by the 3217 regression witness
3941	daterange	crates/backend/utils/adt/rangetypes/src/builtins.rs	tested(differential: rangetypes_diff 10M execs, value+verdict+sqlstate planes; SHARED GENERIC constructor body driven at int4/int8/num — this subtype's own typcache path NOT driven)	-	range typcache + subtype fmgr
3942	daterange	crates/backend/utils/adt/rangetypes/src/builtins.rs	tested(differential: rangetypes_diff 10M execs, value+verdict+sqlstate planes; SHARED GENERIC constructor body driven at int4/int8/num — this subtype's own typcache path NOT driven)	-	range typcache + subtype fmgr
3943	acldefault_sql	crates/backend/utils/adt/acl/src/builtins.rs	candidate	fast	pure objtype+owner to default ACL (acl/builtins.rs:215)
3944	time_support	crates/backend/utils/adt/adt_date/src/builtins.rs	excluded(planner-node)	-	adt_date/builtins.rs:1113
3945	int8range	crates/backend/utils/adt/rangetypes/src/builtins.rs	tested(differential: rangetypes_diff 10M execs, value+verdict+sqlstate planes; per-type int4range/int8range/numrange typcache mock)	-	range typcache + subtype fmgr
3946	int8range	crates/backend/utils/adt/rangetypes/src/builtins.rs	tested(differential: rangetypes_diff 10M execs, value+verdict+sqlstate planes; per-type int4range/int8range/numrange typcache mock)	-	range typcache + subtype fmgr
3947	json_object_field	crates/backend/utils/adt/json/src/builtins.rs	excluded(wall: parser cascade)	-	getpath::get_worker json/src/getpath.rs:222 (sampled family 3948-3953)
3948	json_object_field_text	crates/backend/utils/adt/json/src/builtins.rs	excluded(wall: parser cascade)	-	as 3947
3949	json_array_element	crates/backend/utils/adt/json/src/builtins.rs	excluded(wall: parser cascade)	-	as 3947
3950	json_array_element_text	crates/backend/utils/adt/json/src/builtins.rs	excluded(wall: parser cascade)	-	as 3947
3951	json_extract_path	crates/backend/utils/adt/json/src/builtins.rs	excluded(wall: parser cascade)	-	get_path_all builtins.rs:245; array-subscript VT whitespace defect (sibling of 3217) FIXED 2026-07-30 at json getpath.rs:267 via pg_string::strtoint10_strict (i32::MIN reject sentinel per C)
3952	brin_summarize_new_values	crates/backend/access/brin/brin_funcs/src/lib.rs	excluded(state/engine)	-	brin_funcs lib.rs:64 table/index_open + summarize
3953	json_extract_path_text	crates/backend/utils/adt/json/src/builtins.rs	tested(differential: json_diff fleet job pgrust-fuzz-campaign-1785508521-0065-90755 10M execs 0 divergences + a0 exhaustive 67,174,400-case unicode-escape domain PASS; planes value+verdict+sqlstate+SQL-NULL+fc-wrapper)	-	as 3951 (incl the getpath.rs:267 VT fix, sibling of 3217) | was: excluded(wall: parser cascade) | p1-laneab 2026-07-31
3954	pg_get_object_address	crates/backend/catalog/objectaddress/src/builtins.rs	excluded(state)	-	catalog object lookup
3955	json_array_elements	crates/backend/utils/adt/json/src/builtins.rs	excluded(SRF/engine + parser cascade)	-	srfs::elements_rows
3956	json_array_length	crates/backend/utils/adt/json/src/builtins.rs	tested(differential: json_diff fleet job pgrust-fuzz-campaign-1785508521-0065-90755 10M execs 0 divergences + a0 exhaustive 67,174,400-case unicode-escape domain PASS; planes value+verdict+sqlstate+SQL-NULL+fc-wrapper)	-	funcs.rs:61; claim scalar but engine = full sem-callback parse; re-opens with fixed-depth non-allocating lexer core | was: excluded(wall: parser cascade) | p1-laneab 2026-07-31
3957	json_object_keys	crates/backend/utils/adt/json/src/builtins.rs	excluded(SRF/engine + parser cascade)	-	srfs::object_keys_rows
3958	json_each	crates/backend/utils/adt/json/src/builtins.rs	excluded(SRF/engine + parser cascade)	-	srfs::each_rows
3959	json_each_text	crates/backend/utils/adt/json/src/builtins.rs	excluded(SRF/engine + parser cascade)	-	as 3958
3960	json_populate_record	crates/backend/utils/adt/jsonb/src/builtins.rs	excluded(typcache/record-registry)	-	populate.rs json path
3961	json_populate_recordset	crates/backend/utils/adt/jsonb/src/builtins.rs	excluded(SRF/engine + typcache)	-	as 3960
3968	json_typeof	crates/backend/utils/adt/json/src/builtins.rs	tested(differential: json_diff fleet job pgrust-fuzz-campaign-1785508521-0065-90755 10M execs 0 divergences + a0 exhaustive 67,174,400-case unicode-escape domain PASS; planes value+verdict+sqlstate+SQL-NULL+fc-wrapper)	ladder	w2-arrayjson 2026-07-30: NOT attempted this wave (lexer vendoring = json_lex + json_lex_string + json_lex_number from REL_18 common/jsonapi.c, ~400 verbatim lines + StrVal/incremental typedef shims); plan stands: scalar-verdict claim (token kind + errcode), pin UTF8 both sides (GetDatabaseEncoding stub / makeJsonLexContext), literal-length cells len<=8; host proofs/json-text | was: candidate | p1-laneab 2026-07-31
3969	json_array_elements_text	crates/backend/utils/adt/json/src/builtins.rs	excluded(SRF/engine + parser cascade)	-	as 3955
3970	ordered_set_transition	crates/backend/utils/adt/orderedsetaggs/src/lib.rs	excluded(state)	-	ordered-set agg sortstate/typcache
3971	ordered_set_transition_multi	crates/backend/utils/adt/orderedsetaggs/src/lib.rs	excluded(state)	-	ordered-set agg sortstate/typcache
3973	percentile_disc_final	crates/backend/utils/adt/orderedsetaggs/src/lib.rs	excluded(state)	-	ordered-set agg sortstate/typcache
3975	percentile_cont_float8_final	crates/backend/utils/adt/orderedsetaggs/src/lib.rs	excluded(state)	-	ordered-set agg sortstate/typcache
3977	percentile_cont_interval_final	crates/backend/utils/adt/orderedsetaggs/src/lib.rs	excluded(state)	-	ordered-set agg sortstate/typcache
3979	percentile_disc_multi_final	crates/backend/utils/adt/orderedsetaggs/src/lib.rs	excluded(state)	-	ordered-set agg sortstate/typcache
3981	percentile_cont_float8_multi_final	crates/backend/utils/adt/orderedsetaggs/src/lib.rs	excluded(state)	-	ordered-set agg sortstate/typcache
3983	percentile_cont_interval_multi_final	crates/backend/utils/adt/orderedsetaggs/src/lib.rs	excluded(state)	-	ordered-set agg sortstate/typcache
3985	mode_final	crates/backend/utils/adt/orderedsetaggs/src/lib.rs	excluded(state)	-	ordered-set agg sortstate/typcache
3987	hypothetical_rank_final	crates/backend/utils/adt/orderedsetaggs/src/lib.rs	excluded(state)	-	ordered-set agg sortstate/typcache
3989	hypothetical_percent_rank_final	crates/backend/utils/adt/orderedsetaggs/src/lib.rs	excluded(state)	-	ordered-set agg sortstate/typcache
3991	hypothetical_cume_dist_final	crates/backend/utils/adt/orderedsetaggs/src/lib.rs	excluded(state)	-	ordered-set agg sortstate/typcache
3993	hypothetical_dense_rank_final	crates/backend/utils/adt/orderedsetaggs/src/lib.rs	excluded(state)	-	ordered-set agg sortstate/typcache
3994	generate_series_int4_support	crates/backend/utils/adt/int/src/builtins.rs	excluded(blocked: planner node + f64 estimate)	-	int/src/builtins.rs:378; 53-bit divide even if node stubbed
3995	generate_series_int8_support	crates/backend/utils/adt/int8/src/builtins.rs	excluded(blocked: planner node + f64 estimate)	-	int8 sibling
3996	array_unnest_support	crates/backend/utils/adt/arrayfuncs/src/builtins.rs	excluded(state)	-	planner support fn over Node
3998	gist_box_distance	crates/backend/access/gist/gistproc/src/lib.rs	proved(per-arm in-box/y-strip/x-strip full-sym)	ladder	vertex grid = same genuine wall as 3064 (fleet); inbox 144.5s k, ystrip 170.9s d, xstrip 164.3s d; combined-disjunction row superseded by per-arm split; proofs/gist-geo
3999	brin_summarize_range	crates/backend/access/brin/brin_funcs/src/lib.rs	excluded(state/engine)	-	same impl
4001	jsonpath_in	crates/backend/utils/adt/jsonpath/src/builtins.rs	tested(differential: jsonpath_diff fleet 10.10M execs 0 div; planes value-image+out-text+wire-payload+verdict(hard/soft)+sqlstate+fc-wrapper; escontext soft-error plane)	-	p1-laneaa 2026-07-31 job pgrust-fuzz-campaign-1785514252-3e94-64955; oracle = verbatim 18.3 jsonpath.c + bison/flex-generated jsonpath_gram.c/jsonpath_scan.c + full regex engine + numeric/formatting extracts; prior verdict excluded(wall: parser cascade) RESOLVED by differential; carves: UTF-8 pin (pg_any_to_server validates upstream), C-ctype default collation, message text
4002	jsonpath_recv	crates/backend/utils/adt/jsonpath/src/builtins.rs	tested(differential: jsonpath_diff fleet 10.10M execs 0 div; planes value-image+out-text+wire-payload+verdict(hard/soft)+sqlstate+fc-wrapper; in-band pg_verify_mbstr encoding plane)	-	p1-laneaa 2026-07-31 job pgrust-fuzz-campaign-1785514252-3e94-64955; recv arm carries the encoding-validation plane (caught an oracle shim bug: a same-encoding conversion is a VALIDATOR, never a no-op); + short-varlena framing plane over arg_jsonpath; prior verdict excluded(wall: parser cascade + pointer-datum recv ABI) RESOLVED
4003	jsonpath_out	crates/backend/utils/adt/jsonpath/src/builtins.rs	tested(differential: jsonpath_diff fleet 10.10M execs 0 div; planes value-image+out-text+wire-payload+verdict(hard/soft)+sqlstate+fc-wrapper; out text byte-exact over every parse-valid image)	-	p1-laneaa 2026-07-31 job pgrust-fuzz-campaign-1785514252-3e94-64955; printJsonPathItem recursive render compared byte-exact from both the in- and recv-produced images; prior verdict excluded(wall: CNF width / image) RESOLVED
4004	jsonpath_send	crates/backend/utils/adt/jsonpath/src/builtins.rs	tested(differential: jsonpath_diff fleet 10.10M execs 0 div; planes value-image+out-text+wire-payload+verdict(hard/soft)+sqlstate+fc-wrapper; wire payload byte-exact incl version byte)	-	p1-laneaa 2026-07-31 job pgrust-fuzz-campaign-1785514252-3e94-64955; prior verdict excluded(wall: CNF width / image) RESOLVED
4005	jsonb_path_exists	crates/backend/utils/adt/jsonpath_exec/src/builtins.rs	excluded(engine)	-	jsonpath executor engine
4006	jsonb_path_query	crates/backend/utils/adt/jsonpath_exec/src/builtins.rs	excluded(engine)	-	jsonpath executor engine
4007	jsonb_path_query_array	crates/backend/utils/adt/jsonpath_exec/src/builtins.rs	excluded(engine)	-	jsonpath executor engine
4008	jsonb_path_query_first	crates/backend/utils/adt/jsonpath_exec/src/builtins.rs	excluded(engine)	-	jsonpath executor engine
4009	jsonb_path_match	crates/backend/utils/adt/jsonpath_exec/src/builtins.rs	excluded(engine)	-	jsonpath executor engine
4010	jsonb_path_exists_opr	crates/backend/utils/adt/jsonpath_exec/src/builtins.rs	excluded(engine)	-	jsonpath executor engine
4011	jsonb_path_match_opr	crates/backend/utils/adt/jsonpath_exec/src/builtins.rs	excluded(engine)	-	jsonpath executor engine
4001	jsonpath_in	crates/backend/utils/adt/jsonpath/src/builtins.rs	excluded(wall: parser cascade)	-	scan.rs (1207 lines) + gram.rs; heaviest parser on list
4002	jsonpath_recv	crates/backend/utils/adt/jsonpath/src/builtins.rs	excluded(wall: parser cascade + pointer-datum recv ABI)	-	path.rs:1145
4003	jsonpath_out	crates/backend/utils/adt/jsonpath/src/builtins.rs	excluded(wall: CNF width / image)	-	path.rs:1136 recursive printJsonPathItem
4004	jsonpath_send	crates/backend/utils/adt/jsonpath/src/builtins.rs	excluded(wall: CNF width / image)	-	path.rs:1164 version byte + same full render
4005	jsonb_path_exists	crates/backend/utils/adt/jsonpath_exec/src/builtins.rs	tested(differential: jsonpathexec_diff fleet 10.01M execs 0 div; planes verdict(true/false/NULL/hard)+sqlstate+result-image bytes+per-row images+fc-wrapper+short-varlena framing)	-	p1-laneaa 2026-07-31 job pgrust-fuzz-campaign-1785519081-6232-42303; oracle = verbatim 18.3 jsonpath_exec.c + jsonb_util.c + regex engine + numeric extracts; doc/vars images built once by the shipped adt_jsonb input path and fed to both engines (doc-parse parity = adt/jsonb, lane p1-lanev); carves: session-TZ datetime method/compare family, json_table.rs, SRF MultiFuncCall plumbing; prior verdict excluded(engine) RESOLVED
4006	jsonb_path_query	crates/backend/utils/adt/jsonpath_exec/src/builtins.rs	tested(differential: jsonpathexec_diff fleet 10.01M execs 0 div; planes verdict(true/false/NULL/hard)+sqlstate+result-image bytes+per-row images+fc-wrapper+short-varlena framing; SRF wrapper plumbing = named carve, collection core covered via the query-items arm)	-	p1-laneaa 2026-07-31 job pgrust-fuzz-campaign-1785519081-6232-42303; oracle = verbatim 18.3 jsonpath_exec.c + jsonb_util.c + regex engine + numeric extracts; doc/vars images built once by the shipped adt_jsonb input path and fed to both engines (doc-parse parity = adt/jsonb, lane p1-lanev); carves: session-TZ datetime method/compare family, json_table.rs, SRF MultiFuncCall plumbing; prior verdict excluded(engine) RESOLVED
4007	jsonb_path_query_array	crates/backend/utils/adt/jsonpath_exec/src/builtins.rs	tested(differential: jsonpathexec_diff fleet 10.01M execs 0 div; planes verdict(true/false/NULL/hard)+sqlstate+result-image bytes+per-row images+fc-wrapper+short-varlena framing)	-	p1-laneaa 2026-07-31 job pgrust-fuzz-campaign-1785519081-6232-42303; oracle = verbatim 18.3 jsonpath_exec.c + jsonb_util.c + regex engine + numeric extracts; doc/vars images built once by the shipped adt_jsonb input path and fed to both engines (doc-parse parity = adt/jsonb, lane p1-lanev); carves: session-TZ datetime method/compare family, json_table.rs, SRF MultiFuncCall plumbing; prior verdict excluded(engine) RESOLVED
4008	jsonb_path_query_first	crates/backend/utils/adt/jsonpath_exec/src/builtins.rs	tested(differential: jsonpathexec_diff fleet 10.01M execs 0 div; planes verdict(true/false/NULL/hard)+sqlstate+result-image bytes+per-row images+fc-wrapper+short-varlena framing)	-	p1-laneaa 2026-07-31 job pgrust-fuzz-campaign-1785519081-6232-42303; oracle = verbatim 18.3 jsonpath_exec.c + jsonb_util.c + regex engine + numeric extracts; doc/vars images built once by the shipped adt_jsonb input path and fed to both engines (doc-parse parity = adt/jsonb, lane p1-lanev); carves: session-TZ datetime method/compare family, json_table.rs, SRF MultiFuncCall plumbing; prior verdict excluded(engine) RESOLVED
4009	jsonb_path_match	crates/backend/utils/adt/jsonpath_exec/src/builtins.rs	tested(differential: jsonpathexec_diff fleet 10.01M execs 0 div; planes verdict(true/false/NULL/hard)+sqlstate+result-image bytes+per-row images+fc-wrapper+short-varlena framing)	-	p1-laneaa 2026-07-31 job pgrust-fuzz-campaign-1785519081-6232-42303; oracle = verbatim 18.3 jsonpath_exec.c + jsonb_util.c + regex engine + numeric extracts; doc/vars images built once by the shipped adt_jsonb input path and fed to both engines (doc-parse parity = adt/jsonb, lane p1-lanev); carves: session-TZ datetime method/compare family, json_table.rs, SRF MultiFuncCall plumbing; prior verdict excluded(engine) RESOLVED
4010	jsonb_path_exists_opr	crates/backend/utils/adt/jsonpath_exec/src/builtins.rs	tested(differential: jsonpathexec_diff fleet 10.01M execs 0 div; planes verdict(true/false/NULL/hard)+sqlstate+result-image bytes+per-row images+fc-wrapper+short-varlena framing)	-	p1-laneaa 2026-07-31 job pgrust-fuzz-campaign-1785519081-6232-42303; oracle = verbatim 18.3 jsonpath_exec.c + jsonb_util.c + regex engine + numeric extracts; doc/vars images built once by the shipped adt_jsonb input path and fed to both engines (doc-parse parity = adt/jsonb, lane p1-lanev); carves: session-TZ datetime method/compare family, json_table.rs, SRF MultiFuncCall plumbing; prior verdict excluded(engine) RESOLVED
4011	jsonb_path_match_opr	crates/backend/utils/adt/jsonpath_exec/src/builtins.rs	tested(differential: jsonpathexec_diff fleet 10.01M execs 0 div; planes verdict(true/false/NULL/hard)+sqlstate+result-image bytes+per-row images+fc-wrapper+short-varlena framing)	-	p1-laneaa 2026-07-31 job pgrust-fuzz-campaign-1785519081-6232-42303; oracle = verbatim 18.3 jsonpath_exec.c + jsonb_util.c + regex engine + numeric extracts; doc/vars images built once by the shipped adt_jsonb input path and fed to both engines (doc-parse parity = adt/jsonb, lane p1-lanev); carves: session-TZ datetime method/compare family, json_table.rs, SRF MultiFuncCall plumbing; prior verdict excluded(engine) RESOLVED
4014	brin_desummarize_range	crates/backend/access/brin/brin_funcs/src/lib.rs	excluded(state/engine)	-	revmap mutation
4018	spg_quad_config	crates/backend/access/spgist/spgist_quadtree/src/lib.rs	proved(fmgr-level; all fields incl untouched-zero; modulo static-buffer allocator model)	fast	proofs/spgist-geo eq_spg_quad_config_h kissat 100.9s (load~21)
4019	spg_quad_choose	crates/backend/access/spgist/spgist_quadtree/src/lib.rs	authored(fleet-bound)	fast	proofs/spgist-geo eq_spg_quad_choose + eq_quad_getquadrant_err_plane codegen-gated; err-plane wall(timeout-180s, load=26) local; impossible-quadrant plane = panic-parity theorem + cover
4020	spg_quad_picksplit	crates/backend/access/spgist/spgist_quadtree/src/lib.rs	blocked(wall+mcx: centroid /= n symbolic divide + PgVec)	-	:177
4021	spg_quad_inner_consistent	crates/backend/access/spgist/spgist_quadtree/src/lib.rs	authored(fleet-bound)	ladder	proofs/spgist-geo eq_spg_quad_inner codegen-gated; nkeys<=1 pt-strategies incl RTSame quadrant + ContainedBy 4-corner fold; norderbys=0 fence, allTheSame arm in
4022	spg_quad_leaf_consistent	crates/backend/access/spgist/spgist_quadtree/src/lib.rs	authored(fleet-bound)	fast	proofs/spgist-geo eq_spg_quad_leaf codegen-gated; nkeys<=1, verdict+recheck+leafValue; norderbys=0 fence
4023	spg_kd_config	crates/backend/access/spgist/spgist_kdtree/src/lib.rs	proved(fmgr-level; all fields incl untouched-zero; modulo static-buffer allocator model)	fast	proofs/spgist-geo eq_spg_kd_config_h kissat 124.7s (load~22)
4024	spg_kd_choose	crates/backend/access/spgist/spgist_kdtree/src/lib.rs	proved(fmgr-level; full-symbolic point+coord incl NaN/+-0; fences: allTheSame=false (C elog/Rust panic plane), hasPrefix, nNodes=2, level>=0; modulo static-buffer allocator model)	fast	proofs/spgist-geo eq_spg_kd_choose kissat 141.4s (load~15)
4025	spg_kd_picksplit	crates/backend/access/spgist/spgist_kdtree/src/lib.rs	excluded(blocked: sort — stable sort_by vs C unstable qsort, declared tie-order difference)	-	:91 + PgVec
4026	spg_kd_inner_consistent	crates/backend/access/spgist/spgist_kdtree/src/lib.rs	authored(fleet-bound)	ladder	proofs/spgist-geo eq_spg_kd_inner codegen-gated; nkeys<=1, FP lattice + axis split; norderbys=0, allTheSame=false fences
4027	spg_text_config	crates/backend/access/spgist/spgist_text/src/lib.rs	proved(core-level spg_text_config; all fields incl untouched-zero)	fast	proofs/spgist-geo eq_spg_text_config_core kissat 0.05s; fmgr shell excluded: SPGIST_TEXT_BUILTINS reaches fc_spghandler -> ipc_seams::proc_exit = Kani 0.67 codegen ICE
4028	spg_text_choose	crates/backend/access/spgist/spgist_text/src/lib.rs	blocked(refactor: decision core — emits level-derived text images)	-	:130; SPLIT OUT common_prefix :87 + search_char :98 (int16 bsearch) as standalone candidate-fast kernels
4029	spg_text_picksplit	crates/backend/access/spgist/spgist_text/src/lib.rs	blocked(alloc/sort)	-	:240
4030	spg_text_inner_consistent	crates/backend/access/spgist/spgist_text/src/lib.rs	blocked(seam+image: pg_newlocale_from_collation + form_text_4b derived lengths)	-	:325; cmp/strategy lattice only provable projection
4031	spg_text_leaf_consistent	crates/backend/access/spgist/spgist_text/src/lib.rs	blocked(refactor: verdict core over pre-assembled slice)	-	:440 form_text_4b derived-length copies + varstr_cmp collation seam
4032	pg_sequence_last_value	crates/backend/commands/sequence/src/builtins.rs	blocked(seam: buffer page read)	seam	reads live sequence page via init_sequence + read_seq_tuple (bufmgr, no seam); recovery check via transam_xlog_seams::recovery_in_progress (EXISTING seam); acl + syscache exist seams as 2559
4038	jsonb_ne	crates/backend/utils/adt/jsonb/src/builtins.rs	proved(structural-order cells: empty/empty roots, count-mismatch arrays+objects, raw-scalar-vs-array rank, empty-array-vs-raw-scalar C quirk, object>array root rank, depth-2 inner-count mismatch; builder-fenced null/bool/string, HAS_OFF superset; varstr_cmp shared seam + numeric reachability-cut) + wall(equal-shape walks: 4 cells PROVED at 40GB fleet (obj_obj_1_1/bool_raw_raw/crosstype/nested_1i1_1i1 20-140s); bool_1_1+string_1_1 FAILED-at-40GB = suspected --no-unwinding-checks artifacts (native tables 36/36+7396/7396 identical — decode owed); bool_2_2 time-wall; memory>6GiB residual; truncation-artifact FAILEDs adjudicated non-divergent via native exhaustive tables 36/36 + 7396/7396)	slow	greens 0.7-81s kissat (recipe run-cmp.sh); one i32 core theorem serves all 7 verdict maps; control_cmp_swapped FAILED-as-required 52.8s; numeric elements out of fence (abort-sentinel guarded); proofs/jsonb-probe
4039	jsonb_lt	crates/backend/utils/adt/jsonb/src/builtins.rs	proved(structural-order cells: empty/empty roots, count-mismatch arrays+objects, raw-scalar-vs-array rank, empty-array-vs-raw-scalar C quirk, object>array root rank, depth-2 inner-count mismatch; builder-fenced null/bool/string, HAS_OFF superset; varstr_cmp shared seam + numeric reachability-cut) + wall(equal-shape walks: 4 cells PROVED at 40GB fleet (obj_obj_1_1/bool_raw_raw/crosstype/nested_1i1_1i1 20-140s); bool_1_1+string_1_1 FAILED-at-40GB = suspected --no-unwinding-checks artifacts (native tables 36/36+7396/7396 identical — decode owed); bool_2_2 time-wall; memory>6GiB residual; truncation-artifact FAILEDs adjudicated non-divergent via native exhaustive tables 36/36 + 7396/7396)	slow	greens 0.7-81s kissat (recipe run-cmp.sh); one i32 core theorem serves all 7 verdict maps; control_cmp_swapped FAILED-as-required 52.8s; numeric elements out of fence (abort-sentinel guarded); proofs/jsonb-probe
4040	jsonb_gt	crates/backend/utils/adt/jsonb/src/builtins.rs	proved(structural-order cells: empty/empty roots, count-mismatch arrays+objects, raw-scalar-vs-array rank, empty-array-vs-raw-scalar C quirk, object>array root rank, depth-2 inner-count mismatch; builder-fenced null/bool/string, HAS_OFF superset; varstr_cmp shared seam + numeric reachability-cut) + wall(equal-shape walks: 4 cells PROVED at 40GB fleet (obj_obj_1_1/bool_raw_raw/crosstype/nested_1i1_1i1 20-140s); bool_1_1+string_1_1 FAILED-at-40GB = suspected --no-unwinding-checks artifacts (native tables 36/36+7396/7396 identical — decode owed); bool_2_2 time-wall; memory>6GiB residual; truncation-artifact FAILEDs adjudicated non-divergent via native exhaustive tables 36/36 + 7396/7396)	slow	greens 0.7-81s kissat (recipe run-cmp.sh); one i32 core theorem serves all 7 verdict maps; control_cmp_swapped FAILED-as-required 52.8s; numeric elements out of fence (abort-sentinel guarded); proofs/jsonb-probe
4041	jsonb_le	crates/backend/utils/adt/jsonb/src/builtins.rs	proved(structural-order cells: empty/empty roots, count-mismatch arrays+objects, raw-scalar-vs-array rank, empty-array-vs-raw-scalar C quirk, object>array root rank, depth-2 inner-count mismatch; builder-fenced null/bool/string, HAS_OFF superset; varstr_cmp shared seam + numeric reachability-cut) + wall(equal-shape walks: 4 cells PROVED at 40GB fleet (obj_obj_1_1/bool_raw_raw/crosstype/nested_1i1_1i1 20-140s); bool_1_1+string_1_1 FAILED-at-40GB = suspected --no-unwinding-checks artifacts (native tables 36/36+7396/7396 identical — decode owed); bool_2_2 time-wall; memory>6GiB residual; truncation-artifact FAILEDs adjudicated non-divergent via native exhaustive tables 36/36 + 7396/7396)	slow	greens 0.7-81s kissat (recipe run-cmp.sh); one i32 core theorem serves all 7 verdict maps; control_cmp_swapped FAILED-as-required 52.8s; numeric elements out of fence (abort-sentinel guarded); proofs/jsonb-probe
4042	jsonb_ge	crates/backend/utils/adt/jsonb/src/builtins.rs	proved(structural-order cells: empty/empty roots, count-mismatch arrays+objects, raw-scalar-vs-array rank, empty-array-vs-raw-scalar C quirk, object>array root rank, depth-2 inner-count mismatch; builder-fenced null/bool/string, HAS_OFF superset; varstr_cmp shared seam + numeric reachability-cut) + wall(equal-shape walks: 4 cells PROVED at 40GB fleet (obj_obj_1_1/bool_raw_raw/crosstype/nested_1i1_1i1 20-140s); bool_1_1+string_1_1 FAILED-at-40GB = suspected --no-unwinding-checks artifacts (native tables 36/36+7396/7396 identical — decode owed); bool_2_2 time-wall; memory>6GiB residual; truncation-artifact FAILEDs adjudicated non-divergent via native exhaustive tables 36/36 + 7396/7396)	slow	greens 0.7-81s kissat (recipe run-cmp.sh); one i32 core theorem serves all 7 verdict maps; control_cmp_swapped FAILED-as-required 52.8s; numeric elements out of fence (abort-sentinel guarded); proofs/jsonb-probe
4043	jsonb_eq	crates/backend/utils/adt/jsonb/src/builtins.rs	proved(structural-order cells: empty/empty roots, count-mismatch arrays+objects, raw-scalar-vs-array rank, empty-array-vs-raw-scalar C quirk, object>array root rank, depth-2 inner-count mismatch; builder-fenced null/bool/string, HAS_OFF superset; varstr_cmp shared seam + numeric reachability-cut) + wall(equal-shape walks: 4 cells PROVED at 40GB fleet (obj_obj_1_1/bool_raw_raw/crosstype/nested_1i1_1i1 20-140s); bool_1_1+string_1_1 FAILED-at-40GB = suspected --no-unwinding-checks artifacts (native tables 36/36+7396/7396 identical — decode owed); bool_2_2 time-wall; memory>6GiB residual; truncation-artifact FAILEDs adjudicated non-divergent via native exhaustive tables 36/36 + 7396/7396)	slow	greens 0.7-81s kissat (recipe run-cmp.sh); one i32 core theorem serves all 7 verdict maps; control_cmp_swapped FAILED-as-required 52.8s; numeric elements out of fence (abort-sentinel guarded); proofs/jsonb-probe
4044	jsonb_cmp	crates/backend/utils/adt/jsonb/src/builtins.rs	proved(structural-order cells: empty/empty roots, count-mismatch arrays+objects, raw-scalar-vs-array rank, empty-array-vs-raw-scalar C quirk, object>array root rank, depth-2 inner-count mismatch; builder-fenced null/bool/string, HAS_OFF superset; varstr_cmp shared seam + numeric reachability-cut) + wall(equal-shape walks: 4 cells PROVED at 40GB fleet (obj_obj_1_1/bool_raw_raw/crosstype/nested_1i1_1i1 20-140s); bool_1_1+string_1_1 FAILED-at-40GB = suspected --no-unwinding-checks artifacts (native tables 36/36+7396/7396 identical — decode owed); bool_2_2 time-wall; memory>6GiB residual; truncation-artifact FAILEDs adjudicated non-divergent via native exhaustive tables 36/36 + 7396/7396)	slow	greens 0.7-81s kissat (recipe run-cmp.sh); one i32 core theorem serves all 7 verdict maps; control_cmp_swapped FAILED-as-required 52.8s; numeric elements out of fence (abort-sentinel guarded); proofs/jsonb-probe
4045	jsonb_hash	crates/backend/utils/adt/jsonb/src/builtins.rs	blocked(fixed-frame hash core: mirror ops::compare_containers_fixed)	ladder	ops.rs:405; provable today: hash_scalar_value ops.rs:365 + hash_numeric ops.rs:311 (zero-strip, u32::MAX empty, ^weight) + container_size==0 -> 0 shortcut builtins.rs:379
4046	jsonb_contains	crates/backend/utils/adt/jsonb/src/builtins.rs	blocked(mcx-iterator refactor: fixed frame-stack deep_contains)	ladder	deep_contains ops.rs:190 DUAL allocating iterators; unblock = deep_contains_fixed<N> alongside compare_containers_fixed ops.rs:106; root-kind mismatch fast-arm (JB_FOBJECT xor ops.rs:181) provable today as fenced slice
4047	jsonb_exists	crates/backend/utils/adt/jsonb/src/builtins.rs	proved(arrays n<=3 + raw; objects n<=1; object n>=2 wall(memory))	fast	50-171s; search lane green via object_field; proofs/jsonb-probe
4048	jsonb_exists_any	crates/backend/utils/adt/jsonb/src/builtins.rs	candidate	ladder	ops::exists_key ops.rs:166 NON-allocating (find_in_array/get_key_value proved); fixed-N key array N=1,2 with text[] concrete flat image (typcache-inst rig); skip_nulls in-theorem
4049	jsonb_exists_all	crates/backend/utils/adt/jsonb/src/builtins.rs	candidate	ladder	same rig; C quirk: empty key array => all() true
4050	jsonb_contained	crates/backend/utils/adt/jsonb/src/builtins.rs	blocked(mcx-iterator refactor: fixed frame-stack deep_contains)	ladder	contains_worker(commute=true) builtins.rs:333
4051	array_agg_array_transfn	crates/backend/utils/adt/array_userfuncs/src/builtins.rs	tested(differential: array_userfuncs_diff fleet campaigns (base ...949-0ed6-78397 found DIV-3, extended 10M execs clean job ...101-1c85-13840), value+verdict+errcode planes, int4/text/int8 pinned elements, 1-6D, deterministic PRNG parity for shuffle/sample)	-	p1-laneai 2026-07-31; residuals in proofs/coverage/phase1-exceptions.tsv; DIV-1/DIV-3 -fwrapv fixes landed this lane
4052	array_agg_array_finalfn	crates/backend/utils/adt/array_userfuncs/src/builtins.rs	tested(differential: array_userfuncs_diff fleet campaigns (base ...949-0ed6-78397 found DIV-3, extended 10M execs clean job ...101-1c85-13840), value+verdict+errcode planes, int4/text/int8 pinned elements, 1-6D, deterministic PRNG parity for shuffle/sample)	-	p1-laneai 2026-07-31; residuals in proofs/coverage/phase1-exceptions.tsv; DIV-1/DIV-3 -fwrapv fixes landed this lane
4038	jsonb_ne	crates/backend/utils/adt/jsonb/src/builtins.rs	proved(structural-order cells: empty/empty roots, count-mismatch arrays+objects, raw-scalar-vs-array rank, empty-array-vs-raw-scalar C quirk, object>array root rank, depth-2 inner-count mismatch; builder-fenced null/bool/string, HAS_OFF superset; varstr_cmp shared seam + numeric reachability-cut) + wall(equal-shape walks: 4 cells PROVED at 40GB fleet (obj_obj_1_1/bool_raw_raw/crosstype/nested_1i1_1i1 20-140s); bool_1_1+string_1_1 FAILED-at-40GB = suspected --no-unwinding-checks artifacts (native tables 36/36+7396/7396 identical — decode owed); bool_2_2 time-wall; memory>6GiB residual; truncation-artifact FAILEDs adjudicated non-divergent via native exhaustive tables 36/36 + 7396/7396) + tested(differential: jsonbops_diff 10.0M fleet (job pgrust-fuzz-campaign-1785512634-5f92-65284), planes value+verdict+sqlstate, 0 divergences)	slow	greens 0.7-81s kissat (recipe run-cmp.sh); one i32 core theorem serves all 7 verdict maps; control_cmp_swapped FAILED-as-required 52.8s; numeric elements out of fence (abort-sentinel guarded); proofs/jsonb-probe
4039	jsonb_lt	crates/backend/utils/adt/jsonb/src/builtins.rs	proved(structural-order cells: empty/empty roots, count-mismatch arrays+objects, raw-scalar-vs-array rank, empty-array-vs-raw-scalar C quirk, object>array root rank, depth-2 inner-count mismatch; builder-fenced null/bool/string, HAS_OFF superset; varstr_cmp shared seam + numeric reachability-cut) + wall(equal-shape walks: 4 cells PROVED at 40GB fleet (obj_obj_1_1/bool_raw_raw/crosstype/nested_1i1_1i1 20-140s); bool_1_1+string_1_1 FAILED-at-40GB = suspected --no-unwinding-checks artifacts (native tables 36/36+7396/7396 identical — decode owed); bool_2_2 time-wall; memory>6GiB residual; truncation-artifact FAILEDs adjudicated non-divergent via native exhaustive tables 36/36 + 7396/7396) + tested(differential: jsonbops_diff 10.0M fleet (job pgrust-fuzz-campaign-1785512634-5f92-65284), planes value+verdict+sqlstate, 0 divergences)	slow	greens 0.7-81s kissat (recipe run-cmp.sh); one i32 core theorem serves all 7 verdict maps; control_cmp_swapped FAILED-as-required 52.8s; numeric elements out of fence (abort-sentinel guarded); proofs/jsonb-probe
4040	jsonb_gt	crates/backend/utils/adt/jsonb/src/builtins.rs	proved(structural-order cells: empty/empty roots, count-mismatch arrays+objects, raw-scalar-vs-array rank, empty-array-vs-raw-scalar C quirk, object>array root rank, depth-2 inner-count mismatch; builder-fenced null/bool/string, HAS_OFF superset; varstr_cmp shared seam + numeric reachability-cut) + wall(equal-shape walks: 4 cells PROVED at 40GB fleet (obj_obj_1_1/bool_raw_raw/crosstype/nested_1i1_1i1 20-140s); bool_1_1+string_1_1 FAILED-at-40GB = suspected --no-unwinding-checks artifacts (native tables 36/36+7396/7396 identical — decode owed); bool_2_2 time-wall; memory>6GiB residual; truncation-artifact FAILEDs adjudicated non-divergent via native exhaustive tables 36/36 + 7396/7396) + tested(differential: jsonbops_diff 10.0M fleet (job pgrust-fuzz-campaign-1785512634-5f92-65284), planes value+verdict+sqlstate, 0 divergences)	slow	greens 0.7-81s kissat (recipe run-cmp.sh); one i32 core theorem serves all 7 verdict maps; control_cmp_swapped FAILED-as-required 52.8s; numeric elements out of fence (abort-sentinel guarded); proofs/jsonb-probe
4041	jsonb_le	crates/backend/utils/adt/jsonb/src/builtins.rs	proved(structural-order cells: empty/empty roots, count-mismatch arrays+objects, raw-scalar-vs-array rank, empty-array-vs-raw-scalar C quirk, object>array root rank, depth-2 inner-count mismatch; builder-fenced null/bool/string, HAS_OFF superset; varstr_cmp shared seam + numeric reachability-cut) + wall(equal-shape walks: 4 cells PROVED at 40GB fleet (obj_obj_1_1/bool_raw_raw/crosstype/nested_1i1_1i1 20-140s); bool_1_1+string_1_1 FAILED-at-40GB = suspected --no-unwinding-checks artifacts (native tables 36/36+7396/7396 identical — decode owed); bool_2_2 time-wall; memory>6GiB residual; truncation-artifact FAILEDs adjudicated non-divergent via native exhaustive tables 36/36 + 7396/7396) + tested(differential: jsonbops_diff 10.0M fleet (job pgrust-fuzz-campaign-1785512634-5f92-65284), planes value+verdict+sqlstate, 0 divergences)	slow	greens 0.7-81s kissat (recipe run-cmp.sh); one i32 core theorem serves all 7 verdict maps; control_cmp_swapped FAILED-as-required 52.8s; numeric elements out of fence (abort-sentinel guarded); proofs/jsonb-probe
4042	jsonb_ge	crates/backend/utils/adt/jsonb/src/builtins.rs	proved(structural-order cells: empty/empty roots, count-mismatch arrays+objects, raw-scalar-vs-array rank, empty-array-vs-raw-scalar C quirk, object>array root rank, depth-2 inner-count mismatch; builder-fenced null/bool/string, HAS_OFF superset; varstr_cmp shared seam + numeric reachability-cut) + wall(equal-shape walks: 4 cells PROVED at 40GB fleet (obj_obj_1_1/bool_raw_raw/crosstype/nested_1i1_1i1 20-140s); bool_1_1+string_1_1 FAILED-at-40GB = suspected --no-unwinding-checks artifacts (native tables 36/36+7396/7396 identical — decode owed); bool_2_2 time-wall; memory>6GiB residual; truncation-artifact FAILEDs adjudicated non-divergent via native exhaustive tables 36/36 + 7396/7396) + tested(differential: jsonbops_diff 10.0M fleet (job pgrust-fuzz-campaign-1785512634-5f92-65284), planes value+verdict+sqlstate, 0 divergences)	slow	greens 0.7-81s kissat (recipe run-cmp.sh); one i32 core theorem serves all 7 verdict maps; control_cmp_swapped FAILED-as-required 52.8s; numeric elements out of fence (abort-sentinel guarded); proofs/jsonb-probe
4043	jsonb_eq	crates/backend/utils/adt/jsonb/src/builtins.rs	proved(structural-order cells: empty/empty roots, count-mismatch arrays+objects, raw-scalar-vs-array rank, empty-array-vs-raw-scalar C quirk, object>array root rank, depth-2 inner-count mismatch; builder-fenced null/bool/string, HAS_OFF superset; varstr_cmp shared seam + numeric reachability-cut) + wall(equal-shape walks: 4 cells PROVED at 40GB fleet (obj_obj_1_1/bool_raw_raw/crosstype/nested_1i1_1i1 20-140s); bool_1_1+string_1_1 FAILED-at-40GB = suspected --no-unwinding-checks artifacts (native tables 36/36+7396/7396 identical — decode owed); bool_2_2 time-wall; memory>6GiB residual; truncation-artifact FAILEDs adjudicated non-divergent via native exhaustive tables 36/36 + 7396/7396) + tested(differential: jsonbops_diff 10.0M fleet (job pgrust-fuzz-campaign-1785512634-5f92-65284), planes value+verdict+sqlstate, 0 divergences)	slow	greens 0.7-81s kissat (recipe run-cmp.sh); one i32 core theorem serves all 7 verdict maps; control_cmp_swapped FAILED-as-required 52.8s; numeric elements out of fence (abort-sentinel guarded); proofs/jsonb-probe
4044	jsonb_cmp	crates/backend/utils/adt/jsonb/src/builtins.rs	proved(structural-order cells: empty/empty roots, count-mismatch arrays+objects, raw-scalar-vs-array rank, empty-array-vs-raw-scalar C quirk, object>array root rank, depth-2 inner-count mismatch; builder-fenced null/bool/string, HAS_OFF superset; varstr_cmp shared seam + numeric reachability-cut) + wall(equal-shape walks: 4 cells PROVED at 40GB fleet (obj_obj_1_1/bool_raw_raw/crosstype/nested_1i1_1i1 20-140s); bool_1_1+string_1_1 FAILED-at-40GB = suspected --no-unwinding-checks artifacts (native tables 36/36+7396/7396 identical — decode owed); bool_2_2 time-wall; memory>6GiB residual; truncation-artifact FAILEDs adjudicated non-divergent via native exhaustive tables 36/36 + 7396/7396) + tested(differential: jsonbops_diff 10.0M fleet (job pgrust-fuzz-campaign-1785512634-5f92-65284), planes value+verdict+sqlstate, 0 divergences)	slow	greens 0.7-81s kissat (recipe run-cmp.sh); one i32 core theorem serves all 7 verdict maps; control_cmp_swapped FAILED-as-required 52.8s; numeric elements out of fence (abort-sentinel guarded); proofs/jsonb-probe; cmp-magnitude ratified platform non-surface (memcmp magnitude: witnessed 1/22/49 for one pair across fleet-C/docker-18.3/pgrust; SIGN is the compared plane, six bool wrappers assert exact verdicts)
4045	jsonb_hash	crates/backend/utils/adt/jsonb/src/builtins.rs	tested(differential: jsonbops_diff 10.0M fleet (job pgrust-fuzz-campaign-1785512634-5f92-65284), planes value+verdict+sqlstate, 0 divergences) [retired: blocked(fixed-frame hash core: mirror ops::compare_containers_fixed)]	ladder	ops.rs:405; provable today: hash_scalar_value ops.rs:365 + hash_numeric ops.rs:311 (zero-strip, u32::MAX empty, ^weight) + container_size==0 -> 0 shortcut builtins.rs:379
4046	jsonb_contains	crates/backend/utils/adt/jsonb/src/builtins.rs	tested(differential: jsonbops_diff 10.0M fleet (job pgrust-fuzz-campaign-1785512634-5f92-65284), planes value+verdict+sqlstate, 0 divergences) [retired: blocked(mcx-iterator refactor: fixed frame-stack deep_contains)]	ladder	deep_contains ops.rs:190 DUAL allocating iterators; unblock = deep_contains_fixed<N> alongside compare_containers_fixed ops.rs:106; root-kind mismatch fast-arm (JB_FOBJECT xor ops.rs:181) provable today as fenced slice
4047	jsonb_exists	crates/backend/utils/adt/jsonb/src/builtins.rs	proved(arrays n<=3 + raw; objects n<=1; object n>=2 wall(memory)) + tested(differential: jsonbops_diff 10.0M fleet (job pgrust-fuzz-campaign-1785512634-5f92-65284), planes value+verdict+sqlstate, 0 divergences)	fast	50-171s; search lane green via object_field; proofs/jsonb-probe
4048	jsonb_exists_any	crates/backend/utils/adt/jsonb/src/builtins.rs	tested(differential: jsonbops_diff 10.0M fleet (job pgrust-fuzz-campaign-1785512634-5f92-65284), planes value+verdict+sqlstate, 0 divergences) [retired: candidate]	ladder	ops::exists_key ops.rs:166 NON-allocating (find_in_array/get_key_value proved); fixed-N key array N=1,2 with text[] concrete flat image (typcache-inst rig); skip_nulls in-theorem
4049	jsonb_exists_all	crates/backend/utils/adt/jsonb/src/builtins.rs	tested(differential: jsonbops_diff 10.0M fleet (job pgrust-fuzz-campaign-1785512634-5f92-65284), planes value+verdict+sqlstate, 0 divergences) [retired: candidate]	ladder	same rig; C quirk: empty key array => all() true
4050	jsonb_contained	crates/backend/utils/adt/jsonb/src/builtins.rs	tested(differential: jsonbops_diff 10.0M fleet (job pgrust-fuzz-campaign-1785512634-5f92-65284), planes value+verdict+sqlstate, 0 divergences) [retired: blocked(mcx-iterator refactor: fixed frame-stack deep_contains)]	ladder	contains_worker(commute=true) builtins.rs:333
4051	array_agg_array_transfn	crates/backend/utils/adt/array_userfuncs/src/builtins.rs	excluded(typcache)	-	element typcache/fmgr dispatch
4052	array_agg_array_finalfn	crates/backend/utils/adt/array_userfuncs/src/builtins.rs	excluded(typcache)	-	element typcache/fmgr dispatch
4057	range_merge	crates/backend/utils/adt/rangetypes/src/builtins.rs	tested(differential: rangetypes_diff 10M execs, value+verdict+sqlstate planes; per-type int4range/int8range/numrange typcache mock)	-	range typcache + subtype fmgr
4063	inet_merge	crates/backend/utils/adt/network/src/builtins.rs	proved(core-level; full struct equality + mismatch Err sqlstate parity)	fast	7s; proofs/network
4067	boxes_bound_box	crates/backend/utils/adt/geo/src/builtins.rs	proved(full-sym by-ref image, modulo allocator model)	slow	46-55s; proofs/geo-cmp ext2 relaunch 2026-07-29
4071	inet_same_family	crates/backend/utils/adt/network/src/builtins.rs	proved(wrapper-level)	fast	1.6s; proofs/network
4083	binary_upgrade_set_record_init_privs	crates/backend/utils/adt/pg_upgrade_support/src/lib.rs	excluded(state)	-	binary-upgrade global state
4084	regnamespacein	crates/backend/utils/adt/regproc/src/builtins.rs	excluded(state)	-	catalog name lookup (reg* io)
4085	regnamespaceout	crates/backend/utils/adt/regproc/src/builtins.rs	excluded(state)	-	catalog name lookup (reg* io)
4086	to_regnamespace	crates/backend/utils/adt/regproc/src/builtins.rs	excluded(state)	-	catalog name lookup (reg* io)
4087	regnamespacerecv	crates/backend/utils/adt/regproc/src/builtins.rs	excluded(state)	-	catalog name lookup (reg* io)
4088	regnamespacesend	crates/backend/utils/adt/regproc/src/builtins.rs	excluded(state)	-	catalog name lookup (reg* io)
4091	point_box	crates/backend/utils/adt/geo/src/builtins.rs	proved(full-sym, by-ref result image, modulo static-buffer allocator model)	slow	46-55s; proofs/geo-cmp ext2 relaunch 2026-07-29
4092	regroleout	crates/backend/utils/adt/regproc/src/builtins.rs	excluded(state)	-	catalog name lookup (reg* io)
4093	to_regrole	crates/backend/utils/adt/regproc/src/builtins.rs	excluded(state)	-	catalog name lookup (reg* io)
4094	regrolerecv	crates/backend/utils/adt/regproc/src/builtins.rs	excluded(state)	-	catalog name lookup (reg* io)
4095	regrolesend	crates/backend/utils/adt/regproc/src/builtins.rs	excluded(state)	-	catalog name lookup (reg* io)
4098	regrolein	crates/backend/utils/adt/regproc/src/builtins.rs	excluded(state)	-	catalog name lookup (reg* io)
4099	pg_numa_available	crates/backend/storage/ipc/shmem/src/lib.rs	excluded(state)	-	shared-memory introspection
4100	pg_get_shmem_allocations_numa	crates/backend/storage/ipc/shmem/src/lib.rs	excluded(state)	-	shared-memory introspection
4101	binary_upgrade_set_missing_value	crates/backend/utils/adt/pg_upgrade_support/src/lib.rs	excluded(state)	-	binary-upgrade global state
4110	macaddr8_in	crates/backend/utils/adt/mac8/src/builtins.rs	proved(sym len<=25, 4 length-bands + coverage + 7 format witnesses; verdict+bytes parity)	fast	10-26s bands (depth-bound, ladder exhausted, under 30s cap); proofs/mac8
4111	macaddr8_out	crates/backend/utils/adt/mac8/src/builtins.rs	proved(full-8-byte)	fast	0.63s; proofs/mac8
4112	macaddr8_trunc	crates/backend/utils/adt/mac8/src/builtins.rs	proved(full 8-byte)	fast	0.06-0.41s; proofs/mac8
4113	macaddr8_eq	crates/backend/utils/adt/mac8/src/builtins.rs	proved(full pairs)	fast	0.2s; proofs/mac8
4114	macaddr8_lt	crates/backend/utils/adt/mac8/src/builtins.rs	proved(full pairs)	fast	0.2s; proofs/mac8
4115	macaddr8_le	crates/backend/utils/adt/mac8/src/builtins.rs	proved(full pairs)	fast	0.2s; proofs/mac8
4116	macaddr8_gt	crates/backend/utils/adt/mac8/src/builtins.rs	proved(full pairs)	fast	0.2s; proofs/mac8
4117	macaddr8_ge	crates/backend/utils/adt/mac8/src/builtins.rs	proved(full pairs)	fast	0.2s; proofs/mac8
4118	macaddr8_ne	crates/backend/utils/adt/mac8/src/builtins.rs	proved(full pairs)	fast	0.2s; proofs/mac8
4119	macaddr8_cmp	crates/backend/utils/adt/mac8/src/builtins.rs	proved(full pairs, exact {-1,0,1})	fast	0.18s; hibits/lobits packing comment claim machine-checked; proofs/mac8
4120	macaddr8_not	crates/backend/utils/adt/mac8/src/builtins.rs	proved(full 8-byte)	fast	0.06-0.41s; proofs/mac8
4121	macaddr8_and	crates/backend/utils/adt/mac8/src/builtins.rs	proved(full 8-byte)	fast	0.06-0.41s; proofs/mac8
4122	macaddr8_or	crates/backend/utils/adt/mac8/src/builtins.rs	proved(full 8-byte)	fast	0.06-0.41s; proofs/mac8
4123	macaddrtomacaddr8	crates/backend/utils/adt/mac8/src/builtins.rs	proved(full [u8;6], FF:FE stuffing)	fast	0.06s; proofs/mac8
4124	macaddr8tomacaddr	crates/backend/utils/adt/mac8/src/builtins.rs	proved(full [u8;8]; value+verdict+sqlstate parity)	fast	2.5s; proofs/mac8
4125	macaddr8_set7bit	crates/backend/utils/adt/mac8/src/builtins.rs	proved(full [u8;8])	fast	0.08s; proofs/mac8
4126	in_range_int8_int8	crates/backend/utils/adt/int8/src/builtins.rs	proved(full domain incl overflow short-circuit; value+verdict+sqlstate 22013)	fast	0.32s; both arms covered; proofs/int-arith
4127	in_range_int4_int8	crates/backend/utils/adt/int/src/builtins.rs	proved(full domain; value+verdict+sqlstate 22013)	fast	0.32s; proofs/int-arith
4128	in_range_int4_int4	crates/backend/utils/adt/int/src/builtins.rs	proved(full domain; value+verdict+sqlstate 22013)	fast	0.28s; both arms covered + lessflip control; proofs/int-arith
4129	in_range_int4_int2	crates/backend/utils/adt/int/src/builtins.rs	proved(full domain; value+verdict+sqlstate 22013; DirectFunctionCall5 delegation in-theorem)	fast	0.29s; proofs/int-arith
4130	in_range_int2_int8	crates/backend/utils/adt/int/src/builtins.rs	proved(full domain; value+verdict+sqlstate 22013)	fast	0.33s; both arms covered; proofs/int-arith
4131	in_range_int2_int4	crates/backend/utils/adt/int/src/builtins.rs	proved(full domain; value+verdict+sqlstate 22013)	fast	0.26s; proofs/int-arith
4132	in_range_int2_int2	crates/backend/utils/adt/int/src/builtins.rs	proved(full domain; value+verdict+sqlstate 22013; delegation in-theorem)	fast	0.27s; proofs/int-arith
4133	in_range_date_interval	crates/backend/utils/adt/adt_date/src/builtins.rs	proved(m0d0 LITERAL offset plane + literal-NOEND plane; julian arms loud-trapped both sides)	slow	14.3s; proofs/datetime-b lane D
4134	in_range_timestamp_interval	crates/backend/utils/adt/adt_timestamp/src/builtins.rs	proved(offset m0d0 LITERAL + literal-NOEND planes; sub/less/val/base full; 22013+22008 parity)	fast	1.7-3.7s; proofs/datetime-cmp wave7
4135	in_range_timestamptz_interval	crates/backend/utils/adt/adt_timestamp/src/builtins.rs	proved(planes as 4134)	fast	proofs/datetime-cmp wave7
4136	in_range_interval_interval	crates/backend/utils/adt/adt_timestamp/src/builtins.rs	proved(time-only plane: all m/d literal 0; 22013 parity, pl/mi Err verdict-only)	fast	4.7s; proofs/datetime-cmp wave7
4137	in_range_time_interval	crates/backend/utils/adt/adt_date/src/builtins.rs	proved(contract-fenced val/base; offset.time FULL symbolic; 22013 + saturate arms in-theorem)	fast	1.9s; proofs/datetime-b lane D
4138	in_range_timetz_interval	crates/backend/utils/adt/adt_date/src/builtins.rs	proved(same + offset wrap-sliver fence) + tested(differential incl sliver)	slow	31.4s; proofs/datetime-b lane D
4139	in_range_float8_float8	crates/backend/utils/adt/float/src/builtins.rs	proved(full 5-arg domain incl NaN lattice + both flags + 22013 reject; sqlstate/level parity)	slow	70s fleet; proofs/float-arith
4140	in_range_float4_float8	crates/backend/utils/adt/float/src/builtins.rs	proved(full 5-arg domain, f32 val/base)	slow	40s fleet; proofs/float-arith
4141	in_range_numeric_numeric	crates/backend/utils/adt/numeric/src/builtins.rs	tested(differential: numeric_io_diff+numeric_ops_diff 10M+10.05M fleet execs 0-div @398465c499, planes value-image+verdict+sqlstate; jobs -67307/-51880 2026-07-31)	fast	3.6-32s tiles; proofs/numeric-probe | prior: proved(partition ERR ∪ SPECIAL ∪ FINITE-spots with union coverage; err verdict+sqlstate parity; symbolic val on finite spots) + wall(all-finite symbolic-operand arithmetic: DigitBuf realloc keeps heap machinery in formula)
4187	pg_lsn_larger	crates/backend/utils/adt/pg_lsn/src/builtins.rs	proved(full-u64xu64, wrapper-level)	fast	0.23s; proofs/pg_lsn
4188	pg_lsn_smaller	crates/backend/utils/adt/pg_lsn/src/builtins.rs	proved(full-u64xu64, wrapper-level)	fast	0.24s; proofs/pg_lsn
4193	regcollationin	crates/backend/utils/adt/regproc/src/builtins.rs	excluded(state)	-	catalog name lookup (reg* io)
4194	regcollationout	crates/backend/utils/adt/regproc/src/builtins.rs	excluded(state)	-	catalog name lookup (reg* io)
4195	to_regcollation	crates/backend/utils/adt/regproc/src/builtins.rs	excluded(state)	-	catalog name lookup (reg* io)
4196	regcollationrecv	crates/backend/utils/adt/regproc/src/builtins.rs	excluded(state)	-	catalog name lookup (reg* io)
4197	regcollationsend	crates/backend/utils/adt/regproc/src/builtins.rs	excluded(state)	-	catalog name lookup (reg* io)
4201	ts_headline_jsonb_byid_opt	crates/backend/tsearch/to_tsany/src/builtins.rs	excluded(engine)	-	tsearch parser+config engine
4202	ts_headline_jsonb_byid	crates/backend/tsearch/to_tsany/src/builtins.rs	excluded(engine)	-	tsearch parser+config engine
4203	ts_headline_jsonb_opt	crates/backend/tsearch/to_tsany/src/builtins.rs	excluded(engine)	-	tsearch parser+config engine
4204	ts_headline_jsonb	crates/backend/tsearch/to_tsany/src/builtins.rs	excluded(engine)	-	tsearch parser+config engine
4205	ts_headline_json_byid_opt	crates/backend/tsearch/to_tsany/src/builtins.rs	excluded(engine)	-	tsearch parser+config engine
4206	ts_headline_json_byid	crates/backend/tsearch/to_tsany/src/builtins.rs	excluded(engine)	-	tsearch parser+config engine
4207	ts_headline_json_opt	crates/backend/tsearch/to_tsany/src/builtins.rs	excluded(engine)	-	tsearch parser+config engine
4208	ts_headline_json	crates/backend/tsearch/to_tsany/src/builtins.rs	excluded(engine)	-	tsearch parser+config engine
4209	jsonb_string_to_tsvector	crates/backend/tsearch/to_tsany/src/builtins.rs	excluded(engine)	-	tsearch parser+config engine
4210	json_string_to_tsvector	crates/backend/tsearch/to_tsany/src/builtins.rs	excluded(engine)	-	tsearch parser+config engine
4211	jsonb_string_to_tsvector_byid	crates/backend/tsearch/to_tsany/src/builtins.rs	excluded(engine)	-	tsearch parser+config engine
4212	json_string_to_tsvector_byid	crates/backend/tsearch/to_tsany/src/builtins.rs	excluded(engine)	-	tsearch parser+config engine
4213	jsonb_to_tsvector	crates/backend/tsearch/to_tsany/src/builtins.rs	excluded(engine)	-	tsearch parser+config engine
4214	jsonb_to_tsvector_byid	crates/backend/tsearch/to_tsany/src/builtins.rs	excluded(engine)	-	tsearch parser+config engine
4215	json_to_tsvector	crates/backend/tsearch/to_tsany/src/builtins.rs	excluded(engine)	-	tsearch parser+config engine
4216	json_to_tsvector_byid	crates/backend/tsearch/to_tsany/src/builtins.rs	excluded(engine)	-	tsearch parser+config engine
4220	pg_copy_physical_replication_slot	crates/backend/replication/slotfuncs/src/builtins.rs	excluded(state)	-	replication slot shared state
4221	pg_copy_physical_replication_slot	crates/backend/replication/slotfuncs/src/builtins.rs	excluded(state)	-	replication slot shared state
4222	pg_copy_logical_replication_slot	crates/backend/replication/slotfuncs/src/builtins.rs	excluded(state)	-	replication slot shared state
4223	pg_copy_logical_replication_slot	crates/backend/replication/slotfuncs/src/builtins.rs	excluded(state)	-	replication slot shared state
4224	pg_copy_logical_replication_slot	crates/backend/replication/slotfuncs/src/builtins.rs	excluded(state)	-	replication slot shared state
4226	anycompatiblemultirange_in	crates/backend/utils/adt/pseudotypes/src/builtins.rs	proved(err-parity: verdict+sqlstate+level; all args ignored)	fast	~0.6s default solver; proofs/pseudotypes eq_anycompatiblemultirange_in; wrapper-level via LocalFcinfo (call1, null Datum); C MAKE_SQLSTATE computed vs shipped with_sqlstate — 0A000 encoding in-theorem; message text/location out of proof; Err-arm cover! + shell_in must-fail control
4228	range_merge	crates/backend/utils/adt/multirangetypes/src/builtins.rs	tested(differential: multirangetypes_diff 10M execs, value+verdict+sqlstate planes; per-type int4range/int8range/numrange typcache mock)	-	multirange typcache + subtype fmgr
4229	anymultirange_in	crates/backend/utils/adt/pseudotypes/src/builtins.rs	proved(err-parity: verdict+sqlstate+level; all args ignored)	fast	~0.6s default solver; proofs/pseudotypes eq_anymultirange_in; wrapper-level via LocalFcinfo (call1, null Datum); C MAKE_SQLSTATE computed vs shipped with_sqlstate — 0A000 encoding in-theorem; message text/location out of proof; Err-arm cover! + shell_in must-fail control
4230	anymultirange_out	crates/backend/utils/adt/multirangetypes/src/builtins.rs	excluded(typcache)	-	multirange typcache + subtype fmgr
4231	multirange_in	crates/backend/utils/adt/multirangetypes/src/builtins.rs	excluded(typcache)	-	multirange typcache + subtype fmgr
4232	multirange_out	crates/backend/utils/adt/multirangetypes/src/builtins.rs	excluded(typcache)	-	multirange typcache + subtype fmgr
4233	multirange_recv	crates/backend/utils/adt/multirangetypes/src/builtins.rs	excluded(typcache)	-	multirange typcache + subtype fmgr
4234	multirange_send	crates/backend/utils/adt/multirangetypes/src/builtins.rs	excluded(typcache)	-	multirange typcache + subtype fmgr
4235	lower	crates/backend/utils/adt/multirangetypes/src/builtins.rs	excluded(typcache)	-	multirange typcache + subtype fmgr
4236	upper	crates/backend/utils/adt/multirangetypes/src/builtins.rs	excluded(typcache)	-	multirange typcache + subtype fmgr
4237	isempty	crates/backend/utils/adt/multirangetypes/src/builtins.rs	excluded(typcache)	-	multirange typcache + subtype fmgr
4238	lower_inc	crates/backend/utils/adt/multirangetypes/src/builtins.rs	excluded(typcache)	-	multirange typcache + subtype fmgr
4239	upper_inc	crates/backend/utils/adt/multirangetypes/src/builtins.rs	excluded(typcache)	-	multirange typcache + subtype fmgr
4240	lower_inf	crates/backend/utils/adt/multirangetypes/src/builtins.rs	excluded(typcache)	-	multirange typcache + subtype fmgr
4241	upper_inf	crates/backend/utils/adt/multirangetypes/src/builtins.rs	excluded(typcache)	-	multirange typcache + subtype fmgr
4244	multirange_eq	crates/backend/utils/adt/multirangetypes/src/builtins.rs	excluded(typcache)	-	multirange typcache + subtype fmgr
4245	multirange_ne	crates/backend/utils/adt/multirangetypes/src/builtins.rs	excluded(typcache)	-	multirange typcache + subtype fmgr
4246	range_overlaps_multirange	crates/backend/utils/adt/multirangetypes/src/builtins.rs	excluded(typcache)	-	multirange typcache + subtype fmgr
4247	multirange_overlaps_range	crates/backend/utils/adt/multirangetypes/src/builtins.rs	excluded(typcache)	-	multirange typcache + subtype fmgr
4248	multirange_overlaps_multirange	crates/backend/utils/adt/multirangetypes/src/builtins.rs	excluded(typcache)	-	multirange typcache + subtype fmgr
4249	multirange_contains_elem	crates/backend/utils/adt/multirangetypes/src/builtins.rs	excluded(typcache)	-	multirange typcache + subtype fmgr
4250	multirange_contains_range	crates/backend/utils/adt/multirangetypes/src/builtins.rs	excluded(typcache)	-	multirange typcache + subtype fmgr
4251	multirange_contains_multirange	crates/backend/utils/adt/multirangetypes/src/builtins.rs	excluded(typcache)	-	multirange typcache + subtype fmgr
4252	elem_contained_by_multirange	crates/backend/utils/adt/multirangetypes/src/builtins.rs	excluded(typcache)	-	multirange typcache + subtype fmgr
4253	range_contained_by_multirange	crates/backend/utils/adt/multirangetypes/src/builtins.rs	excluded(typcache)	-	multirange typcache + subtype fmgr
4255	range_adjacent_multirange	crates/backend/utils/adt/multirangetypes/src/builtins.rs	excluded(typcache)	-	multirange typcache + subtype fmgr
4256	multirange_adjacent_multirange	crates/backend/utils/adt/multirangetypes/src/builtins.rs	excluded(typcache)	-	multirange typcache + subtype fmgr
4257	multirange_adjacent_range	crates/backend/utils/adt/multirangetypes/src/builtins.rs	excluded(typcache)	-	multirange typcache + subtype fmgr
4258	range_before_multirange	crates/backend/utils/adt/multirangetypes/src/builtins.rs	excluded(typcache)	-	multirange typcache + subtype fmgr
4259	multirange_before_range	crates/backend/utils/adt/multirangetypes/src/builtins.rs	excluded(typcache)	-	multirange typcache + subtype fmgr
4260	multirange_before_multirange	crates/backend/utils/adt/multirangetypes/src/builtins.rs	excluded(typcache)	-	multirange typcache + subtype fmgr
4261	range_after_multirange	crates/backend/utils/adt/multirangetypes/src/builtins.rs	excluded(typcache)	-	multirange typcache + subtype fmgr
4262	multirange_after_range	crates/backend/utils/adt/multirangetypes/src/builtins.rs	excluded(typcache)	-	multirange typcache + subtype fmgr
4263	multirange_after_multirange	crates/backend/utils/adt/multirangetypes/src/builtins.rs	excluded(typcache)	-	multirange typcache + subtype fmgr
4264	range_overleft_multirange	crates/backend/utils/adt/multirangetypes/src/builtins.rs	excluded(typcache)	-	multirange typcache + subtype fmgr
4265	multirange_overleft_range	crates/backend/utils/adt/multirangetypes/src/builtins.rs	excluded(typcache)	-	multirange typcache + subtype fmgr
4266	multirange_overleft_multirange	crates/backend/utils/adt/multirangetypes/src/builtins.rs	excluded(typcache)	-	multirange typcache + subtype fmgr
4267	range_overright_multirange	crates/backend/utils/adt/multirangetypes/src/builtins.rs	excluded(typcache)	-	multirange typcache + subtype fmgr
4268	multirange_overright_range	crates/backend/utils/adt/multirangetypes/src/builtins.rs	excluded(typcache)	-	multirange typcache + subtype fmgr
4270	multirange_union	crates/backend/utils/adt/multirangetypes/src/builtins.rs	excluded(typcache)	-	multirange typcache + subtype fmgr
4271	multirange_minus	crates/backend/utils/adt/multirangetypes/src/builtins.rs	excluded(typcache)	-	multirange typcache + subtype fmgr
4272	multirange_intersect	crates/backend/utils/adt/multirangetypes/src/builtins.rs	excluded(typcache)	-	multirange typcache + subtype fmgr
4273	multirange_cmp	crates/backend/utils/adt/multirangetypes/src/builtins.rs	excluded(typcache)	-	multirange typcache + subtype fmgr
4274	multirange_lt	crates/backend/utils/adt/multirangetypes/src/builtins.rs	excluded(typcache)	-	multirange typcache + subtype fmgr
4275	multirange_le	crates/backend/utils/adt/multirangetypes/src/builtins.rs	excluded(typcache)	-	multirange typcache + subtype fmgr
4276	multirange_ge	crates/backend/utils/adt/multirangetypes/src/builtins.rs	excluded(typcache)	-	multirange typcache + subtype fmgr
4277	multirange_gt	crates/backend/utils/adt/multirangetypes/src/builtins.rs	excluded(typcache)	-	multirange typcache + subtype fmgr
4278	hash_multirange	crates/backend/utils/adt/multirangetypes/src/builtins.rs	excluded(typcache)	-	multirange typcache + subtype fmgr
4279	hash_multirange_extended	crates/backend/utils/adt/multirangetypes/src/builtins.rs	excluded(typcache)	-	multirange typcache + subtype fmgr
4280	int4multirange	crates/backend/utils/adt/multirangetypes/src/builtins.rs	excluded(typcache)	-	multirange typcache + subtype fmgr
4281	int4multirange	crates/backend/utils/adt/multirangetypes/src/builtins.rs	excluded(typcache)	-	multirange typcache + subtype fmgr
4282	int4multirange	crates/backend/utils/adt/multirangetypes/src/builtins.rs	excluded(typcache)	-	multirange typcache + subtype fmgr
4283	nummultirange	crates/backend/utils/adt/multirangetypes/src/builtins.rs	excluded(typcache)	-	multirange typcache + subtype fmgr
4284	nummultirange	crates/backend/utils/adt/multirangetypes/src/builtins.rs	excluded(typcache)	-	multirange typcache + subtype fmgr
4285	nummultirange	crates/backend/utils/adt/multirangetypes/src/builtins.rs	excluded(typcache)	-	multirange typcache + subtype fmgr
4286	tsmultirange	crates/backend/utils/adt/multirangetypes/src/builtins.rs	excluded(typcache)	-	multirange typcache + subtype fmgr
4287	tsmultirange	crates/backend/utils/adt/multirangetypes/src/builtins.rs	excluded(typcache)	-	multirange typcache + subtype fmgr
4288	tsmultirange	crates/backend/utils/adt/multirangetypes/src/builtins.rs	excluded(typcache)	-	multirange typcache + subtype fmgr
4289	tstzmultirange	crates/backend/utils/adt/multirangetypes/src/builtins.rs	excluded(typcache)	-	multirange typcache + subtype fmgr
4290	tstzmultirange	crates/backend/utils/adt/multirangetypes/src/builtins.rs	excluded(typcache)	-	multirange typcache + subtype fmgr
4291	tstzmultirange	crates/backend/utils/adt/multirangetypes/src/builtins.rs	excluded(typcache)	-	multirange typcache + subtype fmgr
4292	datemultirange	crates/backend/utils/adt/multirangetypes/src/builtins.rs	excluded(typcache)	-	multirange typcache + subtype fmgr
4293	datemultirange	crates/backend/utils/adt/multirangetypes/src/builtins.rs	excluded(typcache)	-	multirange typcache + subtype fmgr
4294	datemultirange	crates/backend/utils/adt/multirangetypes/src/builtins.rs	excluded(typcache)	-	multirange typcache + subtype fmgr
4295	int8multirange	crates/backend/utils/adt/multirangetypes/src/builtins.rs	excluded(typcache)	-	multirange typcache + subtype fmgr
4296	int8multirange	crates/backend/utils/adt/multirangetypes/src/builtins.rs	excluded(typcache)	-	multirange typcache + subtype fmgr
4297	int8multirange	crates/backend/utils/adt/multirangetypes/src/builtins.rs	excluded(typcache)	-	multirange typcache + subtype fmgr
4298	multirange	crates/backend/utils/adt/multirangetypes/src/builtins.rs	excluded(typcache)	-	multirange typcache + subtype fmgr
4299	range_agg_transfn	crates/backend/utils/adt/multirangetypes/src/builtins.rs	excluded(typcache)	-	multirange typcache + subtype fmgr
4300	range_agg_finalfn	crates/backend/utils/adt/multirangetypes/src/builtins.rs	excluded(typcache)	-	multirange typcache + subtype fmgr
4302	koi8r_to_mic	crates/backend/utils/mb/conv/src/lib.rs	proved(len<=8, dest cap 17)	fast	5.0s; wrapper-level fcinfo; consumed-len + full dest-buffer byte parity (incl NUL + 0xAA tail) on Ok; verdict+sqlstate-class on Err; message text out of proof; both-arm covers; oid wiring via wiring_conv_builtins; DEFAULT solver (kissat inverts); proofs/mbconv; PLUS tested(exhaustive: full per-char domain — k=1/2/3 full 2^8/2^16/2^24 x both noError x all band members, 4.29B execs; 4-byte singles lead-constrained (utf8 F0-F7, mule LCPRV2, euc_tw SS2, gb18030 b2=0x30-39 x full b3b4), 11.9B execs; consumed-len + full-dest-byte + errclass planes; 0 divergences) p1-lanez 2026-07-31
4303	mic_to_koi8r	crates/backend/utils/mb/conv/src/lib.rs	proved(len<=8, dest cap 9)	fast	15.1s; wrapper-level fcinfo; consumed-len + full dest-buffer byte parity (incl NUL + 0xAA tail) on Ok; verdict+sqlstate-class on Err; message text out of proof; both-arm covers; oid wiring via wiring_conv_builtins; DEFAULT solver (kissat inverts); proofs/mbconv; PLUS tested(exhaustive: full per-char domain — k=1/2/3 full 2^8/2^16/2^24 x both noError x all band members, 4.29B execs; 4-byte singles lead-constrained (utf8 F0-F7, mule LCPRV2, euc_tw SS2, gb18030 b2=0x30-39 x full b3b4), 11.9B execs; consumed-len + full-dest-byte + errclass planes; 0 divergences) p1-lanez 2026-07-31
4304	iso_to_mic	crates/backend/utils/mb/conv/src/lib.rs	proved(len<=8, dest cap 17)	slow	75.8s contention-inflated (sibling shape 5s); wrapper-level fcinfo; consumed-len + full dest-buffer byte parity (incl NUL + 0xAA tail) on Ok; verdict+sqlstate-class on Err; message text out of proof; both-arm covers; oid wiring via wiring_conv_builtins; DEFAULT solver (kissat inverts); proofs/mbconv; PLUS tested(exhaustive: full per-char domain — k=1/2/3 full 2^8/2^16/2^24 x both noError x all band members, 4.29B execs; 4-byte singles lead-constrained (utf8 F0-F7, mule LCPRV2, euc_tw SS2, gb18030 b2=0x30-39 x full b3b4), 11.9B execs; consumed-len + full-dest-byte + errclass planes; 0 divergences) p1-lanez 2026-07-31
4305	mic_to_iso	crates/backend/utils/mb/conv/src/lib.rs	proved(len<=8, dest cap 9)	fast	16.8s; wrapper-level fcinfo; consumed-len + full dest-buffer byte parity (incl NUL + 0xAA tail) on Ok; verdict+sqlstate-class on Err; message text out of proof; both-arm covers; oid wiring via wiring_conv_builtins; DEFAULT solver (kissat inverts); proofs/mbconv; PLUS tested(exhaustive: full per-char domain — k=1/2/3 full 2^8/2^16/2^24 x both noError x all band members, 4.29B execs; 4-byte singles lead-constrained (utf8 F0-F7, mule LCPRV2, euc_tw SS2, gb18030 b2=0x30-39 x full b3b4), 11.9B execs; consumed-len + full-dest-byte + errclass planes; 0 divergences) p1-lanez 2026-07-31
4306	win1251_to_mic	crates/backend/utils/mb/conv/src/lib.rs	proved(len<=8, dest cap 17)	fast	12.4s; wrapper-level fcinfo; consumed-len + full dest-buffer byte parity (incl NUL + 0xAA tail) on Ok; verdict+sqlstate-class on Err; message text out of proof; both-arm covers; oid wiring via wiring_conv_builtins; DEFAULT solver (kissat inverts); proofs/mbconv; PLUS tested(exhaustive: full per-char domain — k=1/2/3 full 2^8/2^16/2^24 x both noError x all band members, 4.29B execs; 4-byte singles lead-constrained (utf8 F0-F7, mule LCPRV2, euc_tw SS2, gb18030 b2=0x30-39 x full b3b4), 11.9B execs; consumed-len + full-dest-byte + errclass planes; 0 divergences) p1-lanez 2026-07-31
4307	mic_to_win1251	crates/backend/utils/mb/conv/src/lib.rs	proved(len<=8, dest cap 9)	fast	17.2s; wrapper-level fcinfo; consumed-len + full dest-buffer byte parity (incl NUL + 0xAA tail) on Ok; verdict+sqlstate-class on Err; message text out of proof; both-arm covers; oid wiring via wiring_conv_builtins; DEFAULT solver (kissat inverts); proofs/mbconv; PLUS tested(exhaustive: full per-char domain — k=1/2/3 full 2^8/2^16/2^24 x both noError x all band members, 4.29B execs; 4-byte singles lead-constrained (utf8 F0-F7, mule LCPRV2, euc_tw SS2, gb18030 b2=0x30-39 x full b3b4), 11.9B execs; consumed-len + full-dest-byte + errclass planes; 0 divergences) p1-lanez 2026-07-31
4308	win866_to_mic	crates/backend/utils/mb/conv/src/lib.rs	proved(len<=8, dest cap 17)	fast	13.9s; wrapper-level fcinfo; consumed-len + full dest-buffer byte parity (incl NUL + 0xAA tail) on Ok; verdict+sqlstate-class on Err; message text out of proof; both-arm covers; oid wiring via wiring_conv_builtins; DEFAULT solver (kissat inverts); proofs/mbconv; PLUS tested(exhaustive: full per-char domain — k=1/2/3 full 2^8/2^16/2^24 x both noError x all band members, 4.29B execs; 4-byte singles lead-constrained (utf8 F0-F7, mule LCPRV2, euc_tw SS2, gb18030 b2=0x30-39 x full b3b4), 11.9B execs; consumed-len + full-dest-byte + errclass planes; 0 divergences) p1-lanez 2026-07-31
4309	mic_to_win866	crates/backend/utils/mb/conv/src/lib.rs	proved(len<=8, dest cap 9)	fast	17.5s; wrapper-level fcinfo; consumed-len + full dest-buffer byte parity (incl NUL + 0xAA tail) on Ok; verdict+sqlstate-class on Err; message text out of proof; both-arm covers; oid wiring via wiring_conv_builtins; DEFAULT solver (kissat inverts); proofs/mbconv; PLUS tested(exhaustive: full per-char domain — k=1/2/3 full 2^8/2^16/2^24 x both noError x all band members, 4.29B execs; 4-byte singles lead-constrained (utf8 F0-F7, mule LCPRV2, euc_tw SS2, gb18030 b2=0x30-39 x full b3b4), 11.9B execs; consumed-len + full-dest-byte + errclass planes; 0 divergences) p1-lanez 2026-07-31
4310	koi8r_to_win1251	crates/backend/utils/mb/conv/src/lib.rs	proved(len<=8, dest cap 9)	fast	6.8s; wrapper-level fcinfo; consumed-len + full dest-buffer byte parity (incl NUL + 0xAA tail) on Ok; verdict+sqlstate-class on Err; message text out of proof; both-arm covers; oid wiring via wiring_conv_builtins; DEFAULT solver (kissat inverts); proofs/mbconv; PLUS tested(exhaustive: full per-char domain — k=1/2/3 full 2^8/2^16/2^24 x both noError x all band members, 4.29B execs; 4-byte singles lead-constrained (utf8 F0-F7, mule LCPRV2, euc_tw SS2, gb18030 b2=0x30-39 x full b3b4), 11.9B execs; consumed-len + full-dest-byte + errclass planes; 0 divergences) p1-lanez 2026-07-31
4311	win1251_to_koi8r	crates/backend/utils/mb/conv/src/lib.rs	proved(len<=8, dest cap 9)	fast	6.8s; wrapper-level fcinfo; consumed-len + full dest-buffer byte parity (incl NUL + 0xAA tail) on Ok; verdict+sqlstate-class on Err; message text out of proof; both-arm covers; oid wiring via wiring_conv_builtins; DEFAULT solver (kissat inverts); proofs/mbconv; PLUS tested(exhaustive: full per-char domain — k=1/2/3 full 2^8/2^16/2^24 x both noError x all band members, 4.29B execs; 4-byte singles lead-constrained (utf8 F0-F7, mule LCPRV2, euc_tw SS2, gb18030 b2=0x30-39 x full b3b4), 11.9B execs; consumed-len + full-dest-byte + errclass planes; 0 divergences) p1-lanez 2026-07-31
4312	koi8r_to_win866	crates/backend/utils/mb/conv/src/lib.rs	proved(len<=8, dest cap 9)	fast	6.9s; wrapper-level fcinfo; consumed-len + full dest-buffer byte parity (incl NUL + 0xAA tail) on Ok; verdict+sqlstate-class on Err; message text out of proof; both-arm covers; oid wiring via wiring_conv_builtins; DEFAULT solver (kissat inverts); proofs/mbconv; PLUS tested(exhaustive: full per-char domain — k=1/2/3 full 2^8/2^16/2^24 x both noError x all band members, 4.29B execs; 4-byte singles lead-constrained (utf8 F0-F7, mule LCPRV2, euc_tw SS2, gb18030 b2=0x30-39 x full b3b4), 11.9B execs; consumed-len + full-dest-byte + errclass planes; 0 divergences) p1-lanez 2026-07-31
4313	win866_to_koi8r	crates/backend/utils/mb/conv/src/lib.rs	proved(len<=8, dest cap 9)	fast	6.8s; wrapper-level fcinfo; consumed-len + full dest-buffer byte parity (incl NUL + 0xAA tail) on Ok; verdict+sqlstate-class on Err; message text out of proof; both-arm covers; oid wiring via wiring_conv_builtins; DEFAULT solver (kissat inverts); proofs/mbconv; PLUS tested(exhaustive: full per-char domain — k=1/2/3 full 2^8/2^16/2^24 x both noError x all band members, 4.29B execs; 4-byte singles lead-constrained (utf8 F0-F7, mule LCPRV2, euc_tw SS2, gb18030 b2=0x30-39 x full b3b4), 11.9B execs; consumed-len + full-dest-byte + errclass planes; 0 divergences) p1-lanez 2026-07-31
4314	win866_to_win1251	crates/backend/utils/mb/conv/src/lib.rs	proved(len<=8, dest cap 9)	fast	7.0s; wrapper-level fcinfo; consumed-len + full dest-buffer byte parity (incl NUL + 0xAA tail) on Ok; verdict+sqlstate-class on Err; message text out of proof; both-arm covers; oid wiring via wiring_conv_builtins; DEFAULT solver (kissat inverts); proofs/mbconv; PLUS tested(exhaustive: full per-char domain — k=1/2/3 full 2^8/2^16/2^24 x both noError x all band members, 4.29B execs; 4-byte singles lead-constrained (utf8 F0-F7, mule LCPRV2, euc_tw SS2, gb18030 b2=0x30-39 x full b3b4), 11.9B execs; consumed-len + full-dest-byte + errclass planes; 0 divergences) p1-lanez 2026-07-31
4315	win1251_to_win866	crates/backend/utils/mb/conv/src/lib.rs	proved(len<=8, dest cap 9)	fast	6.8s; wrapper-level fcinfo; consumed-len + full dest-buffer byte parity (incl NUL + 0xAA tail) on Ok; verdict+sqlstate-class on Err; message text out of proof; both-arm covers; oid wiring via wiring_conv_builtins; DEFAULT solver (kissat inverts); proofs/mbconv; PLUS tested(exhaustive: full per-char domain — k=1/2/3 full 2^8/2^16/2^24 x both noError x all band members, 4.29B execs; 4-byte singles lead-constrained (utf8 F0-F7, mule LCPRV2, euc_tw SS2, gb18030 b2=0x30-39 x full b3b4), 11.9B execs; consumed-len + full-dest-byte + errclass planes; 0 divergences) p1-lanez 2026-07-31
4316	iso_to_koi8r	crates/backend/utils/mb/conv/src/lib.rs	proved(len<=8, dest cap 9)	fast	7.3s; wrapper-level fcinfo; consumed-len + full dest-buffer byte parity (incl NUL + 0xAA tail) on Ok; verdict+sqlstate-class on Err; message text out of proof; both-arm covers; oid wiring via wiring_conv_builtins; DEFAULT solver (kissat inverts); proofs/mbconv; PLUS tested(exhaustive: full per-char domain — k=1/2/3 full 2^8/2^16/2^24 x both noError x all band members, 4.29B execs; 4-byte singles lead-constrained (utf8 F0-F7, mule LCPRV2, euc_tw SS2, gb18030 b2=0x30-39 x full b3b4), 11.9B execs; consumed-len + full-dest-byte + errclass planes; 0 divergences) p1-lanez 2026-07-31
4317	koi8r_to_iso	crates/backend/utils/mb/conv/src/lib.rs	proved(len<=8, dest cap 9)	fast	6.7s; wrapper-level fcinfo; consumed-len + full dest-buffer byte parity (incl NUL + 0xAA tail) on Ok; verdict+sqlstate-class on Err; message text out of proof; both-arm covers; oid wiring via wiring_conv_builtins; DEFAULT solver (kissat inverts); proofs/mbconv; PLUS tested(exhaustive: full per-char domain — k=1/2/3 full 2^8/2^16/2^24 x both noError x all band members, 4.29B execs; 4-byte singles lead-constrained (utf8 F0-F7, mule LCPRV2, euc_tw SS2, gb18030 b2=0x30-39 x full b3b4), 11.9B execs; consumed-len + full-dest-byte + errclass planes; 0 divergences) p1-lanez 2026-07-31
4318	iso_to_win1251	crates/backend/utils/mb/conv/src/lib.rs	proved(len<=8, dest cap 9)	fast	6.7s; wrapper-level fcinfo; consumed-len + full dest-buffer byte parity (incl NUL + 0xAA tail) on Ok; verdict+sqlstate-class on Err; message text out of proof; both-arm covers; oid wiring via wiring_conv_builtins; DEFAULT solver (kissat inverts); proofs/mbconv; PLUS tested(exhaustive: full per-char domain — k=1/2/3 full 2^8/2^16/2^24 x both noError x all band members, 4.29B execs; 4-byte singles lead-constrained (utf8 F0-F7, mule LCPRV2, euc_tw SS2, gb18030 b2=0x30-39 x full b3b4), 11.9B execs; consumed-len + full-dest-byte + errclass planes; 0 divergences) p1-lanez 2026-07-31
4319	win1251_to_iso	crates/backend/utils/mb/conv/src/lib.rs	proved(len<=8, dest cap 9)	fast	6.8s; wrapper-level fcinfo; consumed-len + full dest-buffer byte parity (incl NUL + 0xAA tail) on Ok; verdict+sqlstate-class on Err; message text out of proof; both-arm covers; oid wiring via wiring_conv_builtins; DEFAULT solver (kissat inverts); proofs/mbconv; PLUS tested(exhaustive: full per-char domain — k=1/2/3 full 2^8/2^16/2^24 x both noError x all band members, 4.29B execs; 4-byte singles lead-constrained (utf8 F0-F7, mule LCPRV2, euc_tw SS2, gb18030 b2=0x30-39 x full b3b4), 11.9B execs; consumed-len + full-dest-byte + errclass planes; 0 divergences) p1-lanez 2026-07-31
4320	iso_to_win866	crates/backend/utils/mb/conv/src/lib.rs	proved(len<=8, dest cap 9)	fast	8.2s; wrapper-level fcinfo; consumed-len + full dest-buffer byte parity (incl NUL + 0xAA tail) on Ok; verdict+sqlstate-class on Err; message text out of proof; both-arm covers; oid wiring via wiring_conv_builtins; DEFAULT solver (kissat inverts); proofs/mbconv; PLUS tested(exhaustive: full per-char domain — k=1/2/3 full 2^8/2^16/2^24 x both noError x all band members, 4.29B execs; 4-byte singles lead-constrained (utf8 F0-F7, mule LCPRV2, euc_tw SS2, gb18030 b2=0x30-39 x full b3b4), 11.9B execs; consumed-len + full-dest-byte + errclass planes; 0 divergences) p1-lanez 2026-07-31
4321	win866_to_iso	crates/backend/utils/mb/conv/src/lib.rs	proved(len<=8, dest cap 9)	fast	7.0s; wrapper-level fcinfo; consumed-len + full dest-buffer byte parity (incl NUL + 0xAA tail) on Ok; verdict+sqlstate-class on Err; message text out of proof; both-arm covers; oid wiring via wiring_conv_builtins; DEFAULT solver (kissat inverts); proofs/mbconv; PLUS tested(exhaustive: full per-char domain — k=1/2/3 full 2^8/2^16/2^24 x both noError x all band members, 4.29B execs; 4-byte singles lead-constrained (utf8 F0-F7, mule LCPRV2, euc_tw SS2, gb18030 b2=0x30-39 x full b3b4), 11.9B execs; consumed-len + full-dest-byte + errclass planes; 0 divergences) p1-lanez 2026-07-31
4322	euc_cn_to_mic	crates/backend/utils/mb/conv/src/lib.rs	proved(len<=8, dest cap 13)	slow	32.8s; wrapper-level fcinfo; consumed-len + full dest-buffer byte parity (incl NUL + 0xAA tail) on Ok; verdict+sqlstate-class on Err; message text out of proof; both-arm covers; oid wiring via wiring_conv_builtins; DEFAULT solver (kissat inverts); proofs/mbconv; PLUS tested(exhaustive: full per-char domain — k=1/2/3 full 2^8/2^16/2^24 x both noError x all band members, 4.29B execs; 4-byte singles lead-constrained (utf8 F0-F7, mule LCPRV2, euc_tw SS2, gb18030 b2=0x30-39 x full b3b4), 11.9B execs; consumed-len + full-dest-byte + errclass planes; 0 divergences) p1-lanez 2026-07-31
4323	mic_to_euc_cn	crates/backend/utils/mb/conv/src/lib.rs	proved(len<=8, dest cap 9)	fast	15.7s; wrapper-level fcinfo; consumed-len + full dest-buffer byte parity (incl NUL + 0xAA tail) on Ok; verdict+sqlstate-class on Err; message text out of proof; both-arm covers; oid wiring via wiring_conv_builtins; DEFAULT solver (kissat inverts); proofs/mbconv; PLUS tested(exhaustive: full per-char domain — k=1/2/3 full 2^8/2^16/2^24 x both noError x all band members, 4.29B execs; 4-byte singles lead-constrained (utf8 F0-F7, mule LCPRV2, euc_tw SS2, gb18030 b2=0x30-39 x full b3b4), 11.9B execs; consumed-len + full-dest-byte + errclass planes; 0 divergences) p1-lanez 2026-07-31
4324	euc_jp_to_sjis	crates/backend/utils/mb/conv/src/lib.rs	tested(exhaustive: full per-char domain — k=1/2/3 full 2^8/2^16/2^24 x both noError x all band members, 4.29B execs; 4-byte singles lead-constrained (utf8 F0-F7, mule LCPRV2, euc_tw SS2, gb18030 b2=0x30-39 x full b3b4), 11.9B execs; consumed-len + full-dest-byte + errclass planes; 0 divergences)	exhaustive	was wall(ibmkanji ~390-entry linear-scan symex; big-node 1800s retry reached unwind iter 227/392 — time-bound, not memory); class unchanged by 40GB cap; big-node CJK/utf8 radix arm 2026-07-29 c8g.16xlarge conc3 KANI_SOLVE_RSS_GB=40, job pgrust-kani-suite-1785336155-3420-42823 (S3-verified); DEFAULT solver; per-harness pruned c-lib; proofs/mbconv; exhaustive-diff p1-lanez 2026-07-31 (driver fuzz/core/src/mbconv_diff.rs, logs proofs/coverage/lanez/exhaustive-k3-run.log + exhaustive-k4-run.log, oracle = proofs/mbconv/c vendored 18.3)
4325	sjis_to_euc_jp	crates/backend/utils/mb/conv/src/lib.rs	tested(exhaustive: full per-char domain — k=1/2/3 full 2^8/2^16/2^24 x both noError x all band members, 4.29B execs; 4-byte singles lead-constrained (utf8 F0-F7, mule LCPRV2, euc_tw SS2, gb18030 b2=0x30-39 x full b3b4), 11.9B execs; consumed-len + full-dest-byte + errclass planes; 0 divergences)	exhaustive	was wall(ibmkanji ~390-entry linear-scan symex; big-node 1800s retry reached unwind iter 188/392 — time-bound, not memory); class unchanged by 40GB cap; big-node CJK/utf8 radix arm 2026-07-29 c8g.16xlarge conc3 KANI_SOLVE_RSS_GB=40, job pgrust-kani-suite-1785336155-3420-42823 (S3-verified); DEFAULT solver; per-harness pruned c-lib; proofs/mbconv; exhaustive-diff p1-lanez 2026-07-31 (driver fuzz/core/src/mbconv_diff.rs, logs proofs/coverage/lanez/exhaustive-k3-run.log + exhaustive-k4-run.log, oracle = proofs/mbconv/c vendored 18.3)
4326	euc_jp_to_mic	crates/backend/utils/mb/conv/src/lib.rs	proved(len<=8, dest cap 13)	slow	46.6s; wrapper-level fcinfo; consumed-len + full dest-buffer byte parity (incl NUL + 0xAA tail) on Ok; verdict+sqlstate-class on Err; message text out of proof; both-arm covers; oid wiring via wiring_conv_builtins; DEFAULT solver (kissat inverts); proofs/mbconv; PLUS tested(exhaustive: full per-char domain — k=1/2/3 full 2^8/2^16/2^24 x both noError x all band members, 4.29B execs; 4-byte singles lead-constrained (utf8 F0-F7, mule LCPRV2, euc_tw SS2, gb18030 b2=0x30-39 x full b3b4), 11.9B execs; consumed-len + full-dest-byte + errclass planes; 0 divergences) p1-lanez 2026-07-31
4327	sjis_to_mic	crates/backend/utils/mb/conv/src/lib.rs	tested(exhaustive: full per-char domain — k=1/2/3 full 2^8/2^16/2^24 x both noError x all band members, 4.29B execs; 4-byte singles lead-constrained (utf8 F0-F7, mule LCPRV2, euc_tw SS2, gb18030 b2=0x30-39 x full b3b4), 11.9B execs; consumed-len + full-dest-byte + errclass planes; 0 divergences)	exhaustive	was wall(ibmkanji ~390-entry linear-scan symex; big-node 1800s retry reached unwind iter 161/392 — time-bound, not memory); class unchanged by 40GB cap; big-node CJK/utf8 radix arm 2026-07-29 c8g.16xlarge conc3 KANI_SOLVE_RSS_GB=40, job pgrust-kani-suite-1785336155-3420-42823 (S3-verified); DEFAULT solver; per-harness pruned c-lib; proofs/mbconv; exhaustive-diff p1-lanez 2026-07-31 (driver fuzz/core/src/mbconv_diff.rs, logs proofs/coverage/lanez/exhaustive-k3-run.log + exhaustive-k4-run.log, oracle = proofs/mbconv/c vendored 18.3)
4328	mic_to_euc_jp	crates/backend/utils/mb/conv/src/lib.rs	proved(len<=8, dest cap 9)	slow	49.8s; wrapper-level fcinfo; consumed-len + full dest-buffer byte parity (incl NUL + 0xAA tail) on Ok; verdict+sqlstate-class on Err; message text out of proof; both-arm covers; oid wiring via wiring_conv_builtins; DEFAULT solver (kissat inverts); proofs/mbconv; PLUS tested(exhaustive: full per-char domain — k=1/2/3 full 2^8/2^16/2^24 x both noError x all band members, 4.29B execs; 4-byte singles lead-constrained (utf8 F0-F7, mule LCPRV2, euc_tw SS2, gb18030 b2=0x30-39 x full b3b4), 11.9B execs; consumed-len + full-dest-byte + errclass planes; 0 divergences) p1-lanez 2026-07-31
4329	mic_to_sjis	crates/backend/utils/mb/conv/src/lib.rs	tested(exhaustive: full per-char domain — k=1/2/3 full 2^8/2^16/2^24 x both noError x all band members, 4.29B execs; 4-byte singles lead-constrained (utf8 F0-F7, mule LCPRV2, euc_tw SS2, gb18030 b2=0x30-39 x full b3b4), 11.9B execs; consumed-len + full-dest-byte + errclass planes; 0 divergences)	exhaustive	was wall(ibmkanji ~390-entry linear-scan symex; big-node 1800s retry reached unwind iter 189/392 — time-bound, not memory); class unchanged by 40GB cap; big-node CJK/utf8 radix arm 2026-07-29 c8g.16xlarge conc3 KANI_SOLVE_RSS_GB=40, job pgrust-kani-suite-1785336155-3420-42823 (S3-verified); DEFAULT solver; per-harness pruned c-lib; proofs/mbconv; exhaustive-diff p1-lanez 2026-07-31 (driver fuzz/core/src/mbconv_diff.rs, logs proofs/coverage/lanez/exhaustive-k3-run.log + exhaustive-k4-run.log, oracle = proofs/mbconv/c vendored 18.3)
4330	euc_kr_to_mic	crates/backend/utils/mb/conv/src/lib.rs	proved(len<=8, dest cap 13)	fast	18.7s; wrapper-level fcinfo; consumed-len + full dest-buffer byte parity (incl NUL + 0xAA tail) on Ok; verdict+sqlstate-class on Err; message text out of proof; both-arm covers; oid wiring via wiring_conv_builtins; DEFAULT solver (kissat inverts); proofs/mbconv; PLUS tested(exhaustive: full per-char domain — k=1/2/3 full 2^8/2^16/2^24 x both noError x all band members, 4.29B execs; 4-byte singles lead-constrained (utf8 F0-F7, mule LCPRV2, euc_tw SS2, gb18030 b2=0x30-39 x full b3b4), 11.9B execs; consumed-len + full-dest-byte + errclass planes; 0 divergences) p1-lanez 2026-07-31
4331	mic_to_euc_kr	crates/backend/utils/mb/conv/src/lib.rs	proved(len<=8, dest cap 9)	fast	27.6s; wrapper-level fcinfo; consumed-len + full dest-buffer byte parity (incl NUL + 0xAA tail) on Ok; verdict+sqlstate-class on Err; message text out of proof; both-arm covers; oid wiring via wiring_conv_builtins; DEFAULT solver (kissat inverts); proofs/mbconv; PLUS tested(exhaustive: full per-char domain — k=1/2/3 full 2^8/2^16/2^24 x both noError x all band members, 4.29B execs; 4-byte singles lead-constrained (utf8 F0-F7, mule LCPRV2, euc_tw SS2, gb18030 b2=0x30-39 x full b3b4), 11.9B execs; consumed-len + full-dest-byte + errclass planes; 0 divergences) p1-lanez 2026-07-31
4332	euc_tw_to_big5	crates/backend/utils/mb/conv/src/lib.rs	tested(exhaustive: full per-char domain — k=1/2/3 full 2^8/2^16/2^24 x both noError x all band members, 4.29B execs; 4-byte singles lead-constrained (utf8 F0-F7, mule LCPRV2, euc_tw SS2, gb18030 b2=0x30-39 x full b3b4), 11.9B execs; consumed-len + full-dest-byte + errclass planes; 0 divergences)	exhaustive	was wall(1800s mid-SAT @40GB cap; 6GiB memory wall CLEARED by cap — now SAT-bound, decision-procedure batches ~399s); re-open = longer SAT budget or case-split; big-node CJK/utf8 radix arm 2026-07-29 c8g.16xlarge conc3 KANI_SOLVE_RSS_GB=40, job pgrust-kani-suite-1785336155-3420-42823 (S3-verified); DEFAULT solver; per-harness pruned c-lib; proofs/mbconv; exhaustive-diff p1-lanez 2026-07-31 (driver fuzz/core/src/mbconv_diff.rs, logs proofs/coverage/lanez/exhaustive-k3-run.log + exhaustive-k4-run.log, oracle = proofs/mbconv/c vendored 18.3)
4333	big5_to_euc_tw	crates/backend/utils/mb/conv/src/lib.rs	tested(exhaustive: full per-char domain — k=1/2/3 full 2^8/2^16/2^24 x both noError x all band members, 4.29B execs; 4-byte singles lead-constrained (utf8 F0-F7, mule LCPRV2, euc_tw SS2, gb18030 b2=0x30-39 x full b3b4), 11.9B execs; consumed-len + full-dest-byte + errclass planes; 0 divergences)	exhaustive	was wall(1800s mid-SAT @40GB cap; 6GiB memory wall CLEARED by cap — now SAT-bound, decision-procedure batches ~295s); re-open = longer SAT budget or case-split; big-node CJK/utf8 radix arm 2026-07-29 c8g.16xlarge conc3 KANI_SOLVE_RSS_GB=40, job pgrust-kani-suite-1785336155-3420-42823 (S3-verified); DEFAULT solver; per-harness pruned c-lib; proofs/mbconv; exhaustive-diff p1-lanez 2026-07-31 (driver fuzz/core/src/mbconv_diff.rs, logs proofs/coverage/lanez/exhaustive-k3-run.log + exhaustive-k4-run.log, oracle = proofs/mbconv/c vendored 18.3)
4334	euc_tw_to_mic	crates/backend/utils/mb/conv/src/lib.rs	proved(len<=8, dest cap 13)	slow	41.5s; wrapper-level fcinfo; consumed-len + full dest-buffer byte parity (incl NUL + 0xAA tail) on Ok; verdict+sqlstate-class on Err; message text out of proof; both-arm covers; oid wiring via wiring_conv_builtins; DEFAULT solver (kissat inverts); proofs/mbconv; PLUS tested(exhaustive: full per-char domain — k=1/2/3 full 2^8/2^16/2^24 x both noError x all band members, 4.29B execs; 4-byte singles lead-constrained (utf8 F0-F7, mule LCPRV2, euc_tw SS2, gb18030 b2=0x30-39 x full b3b4), 11.9B execs; consumed-len + full-dest-byte + errclass planes; 0 divergences) p1-lanez 2026-07-31
4335	big5_to_mic	crates/backend/utils/mb/conv/src/lib.rs	tested(exhaustive: full per-char domain — k=1/2/3 full 2^8/2^16/2^24 x both noError x all band members, 4.29B execs; 4-byte singles lead-constrained (utf8 F0-F7, mule LCPRV2, euc_tw SS2, gb18030 b2=0x30-39 x full b3b4), 11.9B execs; consumed-len + full-dest-byte + errclass planes; 0 divergences)	exhaustive	was wall(1800s mid-SAT @40GB cap; 6GiB memory wall CLEARED by cap — now SAT-bound, decision-procedure batches ~217s); re-open = longer SAT budget or case-split; big-node CJK/utf8 radix arm 2026-07-29 c8g.16xlarge conc3 KANI_SOLVE_RSS_GB=40, job pgrust-kani-suite-1785336155-3420-42823 (S3-verified); DEFAULT solver; per-harness pruned c-lib; proofs/mbconv; exhaustive-diff p1-lanez 2026-07-31 (driver fuzz/core/src/mbconv_diff.rs, logs proofs/coverage/lanez/exhaustive-k3-run.log + exhaustive-k4-run.log, oracle = proofs/mbconv/c vendored 18.3)
4336	mic_to_euc_tw	crates/backend/utils/mb/conv/src/lib.rs	proved(len<=4, dest cap 7)	fast	22.3s; LC_CNS11643_2 grows 3->4, cap=ceil(4L/3)+1; wrapper-level fcinfo; consumed-len + full dest-buffer byte parity (incl NUL + 0xAA tail) on Ok; verdict+sqlstate-class on Err; message text out of proof; both-arm covers; oid wiring via wiring_conv_builtins; DEFAULT solver (kissat inverts); proofs/mbconv; PLUS tested(exhaustive: full per-char domain — k=1/2/3 full 2^8/2^16/2^24 x both noError x all band members, 4.29B execs; 4-byte singles lead-constrained (utf8 F0-F7, mule LCPRV2, euc_tw SS2, gb18030 b2=0x30-39 x full b3b4), 11.9B execs; consumed-len + full-dest-byte + errclass planes; 0 divergences) p1-lanez 2026-07-31
4337	mic_to_big5	crates/backend/utils/mb/conv/src/lib.rs	tested(exhaustive: full per-char domain — k=1/2/3 full 2^8/2^16/2^24 x both noError x all band members, 4.29B execs; 4-byte singles lead-constrained (utf8 F0-F7, mule LCPRV2, euc_tw SS2, gb18030 b2=0x30-39 x full b3b4), 11.9B execs; consumed-len + full-dest-byte + errclass planes; 0 divergences)	exhaustive	was wall(1800s mid-SAT @40GB cap; 6GiB memory wall CLEARED by cap — now SAT-bound, decision-procedure batches ~628s); re-open = longer SAT budget or case-split; big-node CJK/utf8 radix arm 2026-07-29 c8g.16xlarge conc3 KANI_SOLVE_RSS_GB=40, job pgrust-kani-suite-1785336155-3420-42823 (S3-verified); DEFAULT solver; per-harness pruned c-lib; proofs/mbconv; exhaustive-diff p1-lanez 2026-07-31 (driver fuzz/core/src/mbconv_diff.rs, logs proofs/coverage/lanez/exhaustive-k3-run.log + exhaustive-k4-run.log, oracle = proofs/mbconv/c vendored 18.3)
4338	latin2_to_mic	crates/backend/utils/mb/conv/src/lib.rs	proved(len<=8, dest cap 17)	fast	5.0s; wrapper-level fcinfo; consumed-len + full dest-buffer byte parity (incl NUL + 0xAA tail) on Ok; verdict+sqlstate-class on Err; message text out of proof; both-arm covers; oid wiring via wiring_conv_builtins; DEFAULT solver (kissat inverts); proofs/mbconv; PLUS tested(exhaustive: full per-char domain — k=1/2/3 full 2^8/2^16/2^24 x both noError x all band members, 4.29B execs; 4-byte singles lead-constrained (utf8 F0-F7, mule LCPRV2, euc_tw SS2, gb18030 b2=0x30-39 x full b3b4), 11.9B execs; consumed-len + full-dest-byte + errclass planes; 0 divergences) p1-lanez 2026-07-31
4339	mic_to_latin2	crates/backend/utils/mb/conv/src/lib.rs	proved(len<=8, dest cap 9)	fast	15.4s; wrapper-level fcinfo; consumed-len + full dest-buffer byte parity (incl NUL + 0xAA tail) on Ok; verdict+sqlstate-class on Err; message text out of proof; both-arm covers; oid wiring via wiring_conv_builtins; DEFAULT solver (kissat inverts); proofs/mbconv; PLUS tested(exhaustive: full per-char domain — k=1/2/3 full 2^8/2^16/2^24 x both noError x all band members, 4.29B execs; 4-byte singles lead-constrained (utf8 F0-F7, mule LCPRV2, euc_tw SS2, gb18030 b2=0x30-39 x full b3b4), 11.9B execs; consumed-len + full-dest-byte + errclass planes; 0 divergences) p1-lanez 2026-07-31
4340	win1250_to_mic	crates/backend/utils/mb/conv/src/lib.rs	proved(len<=8, dest cap 17)	fast	13.0s; wrapper-level fcinfo; consumed-len + full dest-buffer byte parity (incl NUL + 0xAA tail) on Ok; verdict+sqlstate-class on Err; message text out of proof; both-arm covers; oid wiring via wiring_conv_builtins; DEFAULT solver (kissat inverts); proofs/mbconv; PLUS tested(exhaustive: full per-char domain — k=1/2/3 full 2^8/2^16/2^24 x both noError x all band members, 4.29B execs; 4-byte singles lead-constrained (utf8 F0-F7, mule LCPRV2, euc_tw SS2, gb18030 b2=0x30-39 x full b3b4), 11.9B execs; consumed-len + full-dest-byte + errclass planes; 0 divergences) p1-lanez 2026-07-31
4341	mic_to_win1250	crates/backend/utils/mb/conv/src/lib.rs	proved(len<=8, dest cap 9)	fast	17.3s; wrapper-level fcinfo; consumed-len + full dest-buffer byte parity (incl NUL + 0xAA tail) on Ok; verdict+sqlstate-class on Err; message text out of proof; both-arm covers; oid wiring via wiring_conv_builtins; DEFAULT solver (kissat inverts); proofs/mbconv; PLUS tested(exhaustive: full per-char domain — k=1/2/3 full 2^8/2^16/2^24 x both noError x all band members, 4.29B execs; 4-byte singles lead-constrained (utf8 F0-F7, mule LCPRV2, euc_tw SS2, gb18030 b2=0x30-39 x full b3b4), 11.9B execs; consumed-len + full-dest-byte + errclass planes; 0 divergences) p1-lanez 2026-07-31
4342	latin2_to_win1250	crates/backend/utils/mb/conv/src/lib.rs	proved(len<=8, dest cap 9)	fast	6.9s; wrapper-level fcinfo; consumed-len + full dest-buffer byte parity (incl NUL + 0xAA tail) on Ok; verdict+sqlstate-class on Err; message text out of proof; both-arm covers; oid wiring via wiring_conv_builtins; DEFAULT solver (kissat inverts); proofs/mbconv; PLUS tested(exhaustive: full per-char domain — k=1/2/3 full 2^8/2^16/2^24 x both noError x all band members, 4.29B execs; 4-byte singles lead-constrained (utf8 F0-F7, mule LCPRV2, euc_tw SS2, gb18030 b2=0x30-39 x full b3b4), 11.9B execs; consumed-len + full-dest-byte + errclass planes; 0 divergences) p1-lanez 2026-07-31
4343	win1250_to_latin2	crates/backend/utils/mb/conv/src/lib.rs	proved(len<=8, dest cap 9)	fast	7.0s; wrapper-level fcinfo; consumed-len + full dest-buffer byte parity (incl NUL + 0xAA tail) on Ok; verdict+sqlstate-class on Err; message text out of proof; both-arm covers; oid wiring via wiring_conv_builtins; DEFAULT solver (kissat inverts); proofs/mbconv; PLUS tested(exhaustive: full per-char domain — k=1/2/3 full 2^8/2^16/2^24 x both noError x all band members, 4.29B execs; 4-byte singles lead-constrained (utf8 F0-F7, mule LCPRV2, euc_tw SS2, gb18030 b2=0x30-39 x full b3b4), 11.9B execs; consumed-len + full-dest-byte + errclass planes; 0 divergences) p1-lanez 2026-07-31
4344	latin1_to_mic	crates/backend/utils/mb/conv/src/lib.rs	proved(len<=8, dest cap 17)	fast	5.4s; wrapper-level fcinfo; consumed-len + full dest-buffer byte parity (incl NUL + 0xAA tail) on Ok; verdict+sqlstate-class on Err; message text out of proof; both-arm covers; oid wiring via wiring_conv_builtins; DEFAULT solver (kissat inverts); proofs/mbconv; PLUS tested(exhaustive: full per-char domain — k=1/2/3 full 2^8/2^16/2^24 x both noError x all band members, 4.29B execs; 4-byte singles lead-constrained (utf8 F0-F7, mule LCPRV2, euc_tw SS2, gb18030 b2=0x30-39 x full b3b4), 11.9B execs; consumed-len + full-dest-byte + errclass planes; 0 divergences) p1-lanez 2026-07-31
4345	mic_to_latin1	crates/backend/utils/mb/conv/src/lib.rs	proved(len<=8, dest cap 9)	fast	15.9s; wrapper-level fcinfo; consumed-len + full dest-buffer byte parity (incl NUL + 0xAA tail) on Ok; verdict+sqlstate-class on Err; message text out of proof; both-arm covers; oid wiring via wiring_conv_builtins; DEFAULT solver (kissat inverts); proofs/mbconv; PLUS tested(exhaustive: full per-char domain — k=1/2/3 full 2^8/2^16/2^24 x both noError x all band members, 4.29B execs; 4-byte singles lead-constrained (utf8 F0-F7, mule LCPRV2, euc_tw SS2, gb18030 b2=0x30-39 x full b3b4), 11.9B execs; consumed-len + full-dest-byte + errclass planes; 0 divergences) p1-lanez 2026-07-31
4346	latin3_to_mic	crates/backend/utils/mb/conv/src/lib.rs	proved(len<=8, dest cap 17)	fast	4.9s; wrapper-level fcinfo; consumed-len + full dest-buffer byte parity (incl NUL + 0xAA tail) on Ok; verdict+sqlstate-class on Err; message text out of proof; both-arm covers; oid wiring via wiring_conv_builtins; DEFAULT solver (kissat inverts); proofs/mbconv; PLUS tested(exhaustive: full per-char domain — k=1/2/3 full 2^8/2^16/2^24 x both noError x all band members, 4.29B execs; 4-byte singles lead-constrained (utf8 F0-F7, mule LCPRV2, euc_tw SS2, gb18030 b2=0x30-39 x full b3b4), 11.9B execs; consumed-len + full-dest-byte + errclass planes; 0 divergences) p1-lanez 2026-07-31
4347	mic_to_latin3	crates/backend/utils/mb/conv/src/lib.rs	proved(len<=8, dest cap 9)	fast	15.3s; wrapper-level fcinfo; consumed-len + full dest-buffer byte parity (incl NUL + 0xAA tail) on Ok; verdict+sqlstate-class on Err; message text out of proof; both-arm covers; oid wiring via wiring_conv_builtins; DEFAULT solver (kissat inverts); proofs/mbconv; PLUS tested(exhaustive: full per-char domain — k=1/2/3 full 2^8/2^16/2^24 x both noError x all band members, 4.29B execs; 4-byte singles lead-constrained (utf8 F0-F7, mule LCPRV2, euc_tw SS2, gb18030 b2=0x30-39 x full b3b4), 11.9B execs; consumed-len + full-dest-byte + errclass planes; 0 divergences) p1-lanez 2026-07-31
4348	latin4_to_mic	crates/backend/utils/mb/conv/src/lib.rs	proved(len<=8, dest cap 17)	fast	5.5s; wrapper-level fcinfo; consumed-len + full dest-buffer byte parity (incl NUL + 0xAA tail) on Ok; verdict+sqlstate-class on Err; message text out of proof; both-arm covers; oid wiring via wiring_conv_builtins; DEFAULT solver (kissat inverts); proofs/mbconv; PLUS tested(exhaustive: full per-char domain — k=1/2/3 full 2^8/2^16/2^24 x both noError x all band members, 4.29B execs; 4-byte singles lead-constrained (utf8 F0-F7, mule LCPRV2, euc_tw SS2, gb18030 b2=0x30-39 x full b3b4), 11.9B execs; consumed-len + full-dest-byte + errclass planes; 0 divergences) p1-lanez 2026-07-31
4349	mic_to_latin4	crates/backend/utils/mb/conv/src/lib.rs	proved(len<=8, dest cap 9)	fast	17.3s; wrapper-level fcinfo; consumed-len + full dest-buffer byte parity (incl NUL + 0xAA tail) on Ok; verdict+sqlstate-class on Err; message text out of proof; both-arm covers; oid wiring via wiring_conv_builtins; DEFAULT solver (kissat inverts); proofs/mbconv; PLUS tested(exhaustive: full per-char domain — k=1/2/3 full 2^8/2^16/2^24 x both noError x all band members, 4.29B execs; 4-byte singles lead-constrained (utf8 F0-F7, mule LCPRV2, euc_tw SS2, gb18030 b2=0x30-39 x full b3b4), 11.9B execs; consumed-len + full-dest-byte + errclass planes; 0 divergences) p1-lanez 2026-07-31
4350	unicode_normalize_func	crates/backend/utils/adt/varlena/src/builtins.rs	excluded(wall: normalization engine) + tested(differential: fleet 10M-exec/target campaigns 2026-07-31 — vltext_diff job 1785485266, vlbytea_diff job 1785485273, vlmisc_diff jobs 1785485279+1785485968 — value+verdict+sqlstate planes, 0 divergences; corpus banked fuzz/corpus/)	-	decomposition/recomposition tables + reordering + PgVec wchar + image
4351	unicode_is_normalized	crates/backend/utils/adt/varlena/src/builtins.rs	candidate + tested(differential: fleet 10M-exec/target campaigns 2026-07-31 — vltext_diff job 1785485266, vlbytea_diff job 1785485273, vlmisc_diff jobs 1785485279+1785485968 — value+verdict+sqlstate planes, 0 divergences; corpus banked fuzz/corpus/)	ladder	varlena/src/unicode.rs SCALAR bool verdict (quick-check + fallback); mcx-stubs for utf8_to_wchars PgVec (unicode.rs:66); unicode table-search cost ~n^1.5; release-gate, len<=2 per-form
4352	big5_to_utf8	crates/backend/utils/mb/conv/src/lib.rs	tested(exhaustive: full per-char domain — k=1/2/3 full 2^8/2^16/2^24 x both noError x all band members, 4.29B execs; 4-byte singles lead-constrained (utf8 F0-F7, mule LCPRV2, euc_tw SS2, gb18030 b2=0x30-39 x full b3b4), 11.9B execs; consumed-len + full-dest-byte + errclass planes; 0 divergences)	exhaustive	was wall(memory >40GB RSS cap @191s; radix-map CNF expansion pre-SAT); cap-relative verdict (40GB); first run of CJK utf8 radix row; big-node CJK/utf8 radix arm 2026-07-29 c8g.16xlarge conc3 KANI_SOLVE_RSS_GB=40, job pgrust-kani-suite-1785336155-3420-42823 (S3-verified); DEFAULT solver; per-harness pruned c-lib; proofs/mbconv; exhaustive-diff p1-lanez 2026-07-31 (driver fuzz/core/src/mbconv_diff.rs, logs proofs/coverage/lanez/exhaustive-k3-run.log + exhaustive-k4-run.log, oracle = proofs/mbconv/c vendored 18.3)
4353	utf8_to_big5	crates/backend/utils/mb/conv/src/lib.rs	tested(exhaustive: full per-char domain — k=1/2/3 full 2^8/2^16/2^24 x both noError x all band members, 4.29B execs; 4-byte singles lead-constrained (utf8 F0-F7, mule LCPRV2, euc_tw SS2, gb18030 b2=0x30-39 x full b3b4), 11.9B execs; consumed-len + full-dest-byte + errclass planes; 0 divergences)	exhaustive	was wall(memory >40GB RSS cap @251s; radix-map CNF expansion pre-SAT); cap-relative verdict (40GB); first run of CJK utf8 radix row; big-node CJK/utf8 radix arm 2026-07-29 c8g.16xlarge conc3 KANI_SOLVE_RSS_GB=40, job pgrust-kani-suite-1785336155-3420-42823 (S3-verified); DEFAULT solver; per-harness pruned c-lib; proofs/mbconv; exhaustive-diff p1-lanez 2026-07-31 (driver fuzz/core/src/mbconv_diff.rs, logs proofs/coverage/lanez/exhaustive-k3-run.log + exhaustive-k4-run.log, oracle = proofs/mbconv/c vendored 18.3)
4354	utf8_to_koi8r	crates/backend/utils/mb/conv/src/lib.rs	proved(len<=8, dest cap 9)	slow	73.3s; wrapper-level fcinfo; consumed-len + full dest-buffer byte parity (incl NUL + 0xAA tail) on Ok; verdict+sqlstate-class on Err; message text out of proof; both-arm covers; oid wiring via wiring_conv_builtins; DEFAULT solver (kissat inverts); proofs/mbconv; PLUS tested(exhaustive: full per-char domain — k=1/2/3 full 2^8/2^16/2^24 x both noError x all band members, 4.29B execs; 4-byte singles lead-constrained (utf8 F0-F7, mule LCPRV2, euc_tw SS2, gb18030 b2=0x30-39 x full b3b4), 11.9B execs; consumed-len + full-dest-byte + errclass planes; 0 divergences) p1-lanez 2026-07-31
4355	koi8r_to_utf8	crates/backend/utils/mb/conv/src/lib.rs	proved(len<=8, dest cap 25)	slow	36.6s; wrapper-level fcinfo; consumed-len + full dest-buffer byte parity (incl NUL + 0xAA tail) on Ok; verdict+sqlstate-class on Err; message text out of proof; both-arm covers; oid wiring via wiring_conv_builtins; DEFAULT solver (kissat inverts); proofs/mbconv; PLUS tested(exhaustive: full per-char domain — k=1/2/3 full 2^8/2^16/2^24 x both noError x all band members, 4.29B execs; 4-byte singles lead-constrained (utf8 F0-F7, mule LCPRV2, euc_tw SS2, gb18030 b2=0x30-39 x full b3b4), 11.9B execs; consumed-len + full-dest-byte + errclass planes; 0 divergences) p1-lanez 2026-07-31
4356	utf8_to_koi8u	crates/backend/utils/mb/conv/src/lib.rs	proved(len<=8, dest cap 9)	slow	70.6s; wrapper-level fcinfo; consumed-len + full dest-buffer byte parity (incl NUL + 0xAA tail) on Ok; verdict+sqlstate-class on Err; message text out of proof; both-arm covers; oid wiring via wiring_conv_builtins; DEFAULT solver (kissat inverts); proofs/mbconv; PLUS tested(exhaustive: full per-char domain — k=1/2/3 full 2^8/2^16/2^24 x both noError x all band members, 4.29B execs; 4-byte singles lead-constrained (utf8 F0-F7, mule LCPRV2, euc_tw SS2, gb18030 b2=0x30-39 x full b3b4), 11.9B execs; consumed-len + full-dest-byte + errclass planes; 0 divergences) p1-lanez 2026-07-31
4357	koi8u_to_utf8	crates/backend/utils/mb/conv/src/lib.rs	proved(len<=8, dest cap 25)	slow	37.1s; wrapper-level fcinfo; consumed-len + full dest-buffer byte parity (incl NUL + 0xAA tail) on Ok; verdict+sqlstate-class on Err; message text out of proof; both-arm covers; oid wiring via wiring_conv_builtins; DEFAULT solver (kissat inverts); proofs/mbconv; PLUS tested(exhaustive: full per-char domain — k=1/2/3 full 2^8/2^16/2^24 x both noError x all band members, 4.29B execs; 4-byte singles lead-constrained (utf8 F0-F7, mule LCPRV2, euc_tw SS2, gb18030 b2=0x30-39 x full b3b4), 11.9B execs; consumed-len + full-dest-byte + errclass planes; 0 divergences) p1-lanez 2026-07-31
4358	utf8_to_win	crates/backend/utils/mb/conv/src/lib.rs	tested(exhaustive: full per-char domain — k=1/2/3 full 2^8/2^16/2^24 x both noError x all band members, 4.29B execs; 4-byte singles lead-constrained (utf8 F0-F7, mule LCPRV2, euc_tw SS2, gb18030 b2=0x30-39 x full b3b4), 11.9B execs; consumed-len + full-dest-byte + errclass planes; 0 divergences)	exhaustive	was wall(unwinding-assertion FAIL @40GB — memory wall CLEARED; unwind(8) too tight is the standing blocker; NO divergence, unwinding-assertion-only failure); harness-defect class per mbconv law 3; re-open = raise unwind + big-node rerun; big-node CJK/utf8 radix arm 2026-07-29 c8g.16xlarge conc3 KANI_SOLVE_RSS_GB=40, job pgrust-kani-suite-1785336155-3420-42823 (S3-verified); DEFAULT solver; per-harness pruned c-lib; proofs/mbconv; exhaustive-diff p1-lanez 2026-07-31 (driver fuzz/core/src/mbconv_diff.rs, logs proofs/coverage/lanez/exhaustive-k3-run.log + exhaustive-k4-run.log, oracle = proofs/mbconv/c vendored 18.3)
4359	win_to_utf8	crates/backend/utils/mb/conv/src/lib.rs	tested(exhaustive: full per-char domain — k=1/2/3 full 2^8/2^16/2^24 x both noError x all band members, 4.29B execs; 4-byte singles lead-constrained (utf8 F0-F7, mule LCPRV2, euc_tw SS2, gb18030 b2=0x30-39 x full b3b4), 11.9B execs; consumed-len + full-dest-byte + errclass planes; 0 divergences)	exhaustive	was wall(1800s mid-SAT @40GB cap; memory cleared, ~77-83s per property batch); re-open = 11-way WIN per-encoding case-split + coverage union, or longer budget; big-node CJK/utf8 radix arm 2026-07-29 c8g.16xlarge conc3 KANI_SOLVE_RSS_GB=40, job pgrust-kani-suite-1785336155-3420-42823 (S3-verified); DEFAULT solver; per-harness pruned c-lib; proofs/mbconv; exhaustive-diff p1-lanez 2026-07-31 (driver fuzz/core/src/mbconv_diff.rs, logs proofs/coverage/lanez/exhaustive-k3-run.log + exhaustive-k4-run.log, oracle = proofs/mbconv/c vendored 18.3)
4360	euc_cn_to_utf8	crates/backend/utils/mb/conv/src/lib.rs	tested(exhaustive: full per-char domain — k=1/2/3 full 2^8/2^16/2^24 x both noError x all band members, 4.29B execs; 4-byte singles lead-constrained (utf8 F0-F7, mule LCPRV2, euc_tw SS2, gb18030 b2=0x30-39 x full b3b4), 11.9B execs; consumed-len + full-dest-byte + errclass planes; 0 divergences)	exhaustive	was wall(memory >40GB RSS cap @181s; radix-map CNF expansion pre-SAT); cap-relative verdict (40GB); first run of CJK utf8 radix row; big-node CJK/utf8 radix arm 2026-07-29 c8g.16xlarge conc3 KANI_SOLVE_RSS_GB=40, job pgrust-kani-suite-1785336155-3420-42823 (S3-verified); DEFAULT solver; per-harness pruned c-lib; proofs/mbconv; exhaustive-diff p1-lanez 2026-07-31 (driver fuzz/core/src/mbconv_diff.rs, logs proofs/coverage/lanez/exhaustive-k3-run.log + exhaustive-k4-run.log, oracle = proofs/mbconv/c vendored 18.3)
4361	utf8_to_euc_cn	crates/backend/utils/mb/conv/src/lib.rs	tested(exhaustive: full per-char domain — k=1/2/3 full 2^8/2^16/2^24 x both noError x all band members, 4.29B execs; 4-byte singles lead-constrained (utf8 F0-F7, mule LCPRV2, euc_tw SS2, gb18030 b2=0x30-39 x full b3b4), 11.9B execs; consumed-len + full-dest-byte + errclass planes; 0 divergences)	exhaustive	was wall(memory >40GB RSS cap @250s; radix-map CNF expansion pre-SAT); cap-relative verdict (40GB); first run of CJK utf8 radix row; big-node CJK/utf8 radix arm 2026-07-29 c8g.16xlarge conc3 KANI_SOLVE_RSS_GB=40, job pgrust-kani-suite-1785336155-3420-42823 (S3-verified); DEFAULT solver; per-harness pruned c-lib; proofs/mbconv; exhaustive-diff p1-lanez 2026-07-31 (driver fuzz/core/src/mbconv_diff.rs, logs proofs/coverage/lanez/exhaustive-k3-run.log + exhaustive-k4-run.log, oracle = proofs/mbconv/c vendored 18.3)
4362	euc_jp_to_utf8	crates/backend/utils/mb/conv/src/lib.rs	tested(exhaustive: full per-char domain — k=1/2/3 full 2^8/2^16/2^24 x both noError x all band members, 4.29B execs; 4-byte singles lead-constrained (utf8 F0-F7, mule LCPRV2, euc_tw SS2, gb18030 b2=0x30-39 x full b3b4), 11.9B execs; consumed-len + full-dest-byte + errclass planes; 0 divergences)	exhaustive	was wall(memory >40GB RSS cap @170s; radix-map CNF expansion pre-SAT); cap-relative verdict (40GB); first run of CJK utf8 radix row; big-node CJK/utf8 radix arm 2026-07-29 c8g.16xlarge conc3 KANI_SOLVE_RSS_GB=40, job pgrust-kani-suite-1785336155-3420-42823 (S3-verified); DEFAULT solver; per-harness pruned c-lib; proofs/mbconv; exhaustive-diff p1-lanez 2026-07-31 (driver fuzz/core/src/mbconv_diff.rs, logs proofs/coverage/lanez/exhaustive-k3-run.log + exhaustive-k4-run.log, oracle = proofs/mbconv/c vendored 18.3)
4363	utf8_to_euc_jp	crates/backend/utils/mb/conv/src/lib.rs	tested(exhaustive: full per-char domain — k=1/2/3 full 2^8/2^16/2^24 x both noError x all band members, 4.29B execs; 4-byte singles lead-constrained (utf8 F0-F7, mule LCPRV2, euc_tw SS2, gb18030 b2=0x30-39 x full b3b4), 11.9B execs; consumed-len + full-dest-byte + errclass planes; 0 divergences)	exhaustive	was wall(memory >40GB RSS cap @190s; radix-map CNF expansion pre-SAT); cap-relative verdict (40GB); first run of CJK utf8 radix row; big-node CJK/utf8 radix arm 2026-07-29 c8g.16xlarge conc3 KANI_SOLVE_RSS_GB=40, job pgrust-kani-suite-1785336155-3420-42823 (S3-verified); DEFAULT solver; per-harness pruned c-lib; proofs/mbconv; exhaustive-diff p1-lanez 2026-07-31 (driver fuzz/core/src/mbconv_diff.rs, logs proofs/coverage/lanez/exhaustive-k3-run.log + exhaustive-k4-run.log, oracle = proofs/mbconv/c vendored 18.3)
4364	euc_kr_to_utf8	crates/backend/utils/mb/conv/src/lib.rs	tested(exhaustive: full per-char domain — k=1/2/3 full 2^8/2^16/2^24 x both noError x all band members, 4.29B execs; 4-byte singles lead-constrained (utf8 F0-F7, mule LCPRV2, euc_tw SS2, gb18030 b2=0x30-39 x full b3b4), 11.9B execs; consumed-len + full-dest-byte + errclass planes; 0 divergences)	exhaustive	was wall(memory >40GB RSS cap @170s; radix-map CNF expansion pre-SAT); cap-relative verdict (40GB); first run of CJK utf8 radix row; big-node CJK/utf8 radix arm 2026-07-29 c8g.16xlarge conc3 KANI_SOLVE_RSS_GB=40, job pgrust-kani-suite-1785336155-3420-42823 (S3-verified); DEFAULT solver; per-harness pruned c-lib; proofs/mbconv; exhaustive-diff p1-lanez 2026-07-31 (driver fuzz/core/src/mbconv_diff.rs, logs proofs/coverage/lanez/exhaustive-k3-run.log + exhaustive-k4-run.log, oracle = proofs/mbconv/c vendored 18.3)
4365	utf8_to_euc_kr	crates/backend/utils/mb/conv/src/lib.rs	tested(exhaustive: full per-char domain — k=1/2/3 full 2^8/2^16/2^24 x both noError x all band members, 4.29B execs; 4-byte singles lead-constrained (utf8 F0-F7, mule LCPRV2, euc_tw SS2, gb18030 b2=0x30-39 x full b3b4), 11.9B execs; consumed-len + full-dest-byte + errclass planes; 0 divergences)	exhaustive	was wall(memory >40GB RSS cap @200s; radix-map CNF expansion pre-SAT); cap-relative verdict (40GB); first run of CJK utf8 radix row; big-node CJK/utf8 radix arm 2026-07-29 c8g.16xlarge conc3 KANI_SOLVE_RSS_GB=40, job pgrust-kani-suite-1785336155-3420-42823 (S3-verified); DEFAULT solver; per-harness pruned c-lib; proofs/mbconv; exhaustive-diff p1-lanez 2026-07-31 (driver fuzz/core/src/mbconv_diff.rs, logs proofs/coverage/lanez/exhaustive-k3-run.log + exhaustive-k4-run.log, oracle = proofs/mbconv/c vendored 18.3)
4366	euc_tw_to_utf8	crates/backend/utils/mb/conv/src/lib.rs	tested(exhaustive: full per-char domain — k=1/2/3 full 2^8/2^16/2^24 x both noError x all band members, 4.29B execs; 4-byte singles lead-constrained (utf8 F0-F7, mule LCPRV2, euc_tw SS2, gb18030 b2=0x30-39 x full b3b4), 11.9B execs; consumed-len + full-dest-byte + errclass planes; 0 divergences)	exhaustive	was wall(memory >40GB RSS cap @170s; radix-map CNF expansion pre-SAT); cap-relative verdict (40GB); first run of CJK utf8 radix row; big-node CJK/utf8 radix arm 2026-07-29 c8g.16xlarge conc3 KANI_SOLVE_RSS_GB=40, job pgrust-kani-suite-1785336155-3420-42823 (S3-verified); DEFAULT solver; per-harness pruned c-lib; proofs/mbconv; exhaustive-diff p1-lanez 2026-07-31 (driver fuzz/core/src/mbconv_diff.rs, logs proofs/coverage/lanez/exhaustive-k3-run.log + exhaustive-k4-run.log, oracle = proofs/mbconv/c vendored 18.3)
4367	utf8_to_euc_tw	crates/backend/utils/mb/conv/src/lib.rs	tested(exhaustive: full per-char domain — k=1/2/3 full 2^8/2^16/2^24 x both noError x all band members, 4.29B execs; 4-byte singles lead-constrained (utf8 F0-F7, mule LCPRV2, euc_tw SS2, gb18030 b2=0x30-39 x full b3b4), 11.9B execs; consumed-len + full-dest-byte + errclass planes; 0 divergences)	exhaustive	was wall(memory >40GB RSS cap @200s; radix-map CNF expansion pre-SAT); cap-relative verdict (40GB); first run of CJK utf8 radix row; big-node CJK/utf8 radix arm 2026-07-29 c8g.16xlarge conc3 KANI_SOLVE_RSS_GB=40, job pgrust-kani-suite-1785336155-3420-42823 (S3-verified); DEFAULT solver; per-harness pruned c-lib; proofs/mbconv; exhaustive-diff p1-lanez 2026-07-31 (driver fuzz/core/src/mbconv_diff.rs, logs proofs/coverage/lanez/exhaustive-k3-run.log + exhaustive-k4-run.log, oracle = proofs/mbconv/c vendored 18.3)
4368	gb18030_to_utf8	crates/backend/utils/mb/conv/src/lib.rs	tested(exhaustive: full per-char domain — k=1/2/3 full 2^8/2^16/2^24 x both noError x all band members, 4.29B execs; 4-byte singles lead-constrained (utf8 F0-F7, mule LCPRV2, euc_tw SS2, gb18030 b2=0x30-39 x full b3b4), 11.9B execs; consumed-len + full-dest-byte + errclass planes; 0 divergences)	exhaustive	was wall(memory >40GB RSS cap @341s; radix-map CNF expansion pre-SAT); cap-relative verdict (40GB); first run of CJK utf8 radix row; big-node CJK/utf8 radix arm 2026-07-29 c8g.16xlarge conc3 KANI_SOLVE_RSS_GB=40, job pgrust-kani-suite-1785336155-3420-42823 (S3-verified); DEFAULT solver; per-harness pruned c-lib; proofs/mbconv; exhaustive-diff p1-lanez 2026-07-31 (driver fuzz/core/src/mbconv_diff.rs, logs proofs/coverage/lanez/exhaustive-k3-run.log + exhaustive-k4-run.log, oracle = proofs/mbconv/c vendored 18.3)
4369	utf8_to_gb18030	crates/backend/utils/mb/conv/src/lib.rs	tested(exhaustive: full per-char domain — k=1/2/3 full 2^8/2^16/2^24 x both noError x all band members, 4.29B execs; 4-byte singles lead-constrained (utf8 F0-F7, mule LCPRV2, euc_tw SS2, gb18030 b2=0x30-39 x full b3b4), 11.9B execs; consumed-len + full-dest-byte + errclass planes; 0 divergences)	exhaustive	was wall(memory >40GB RSS cap @291s; radix-map CNF expansion pre-SAT); cap-relative verdict (40GB); first run of CJK utf8 radix row; big-node CJK/utf8 radix arm 2026-07-29 c8g.16xlarge conc3 KANI_SOLVE_RSS_GB=40, job pgrust-kani-suite-1785336155-3420-42823 (S3-verified); DEFAULT solver; per-harness pruned c-lib; proofs/mbconv; exhaustive-diff p1-lanez 2026-07-31 (driver fuzz/core/src/mbconv_diff.rs, logs proofs/coverage/lanez/exhaustive-k3-run.log + exhaustive-k4-run.log, oracle = proofs/mbconv/c vendored 18.3)
4370	gbk_to_utf8	crates/backend/utils/mb/conv/src/lib.rs	tested(exhaustive: full per-char domain — k=1/2/3 full 2^8/2^16/2^24 x both noError x all band members, 4.29B execs; 4-byte singles lead-constrained (utf8 F0-F7, mule LCPRV2, euc_tw SS2, gb18030 b2=0x30-39 x full b3b4), 11.9B execs; consumed-len + full-dest-byte + errclass planes; 0 divergences)	exhaustive	was wall(memory >40GB RSS cap @191s; radix-map CNF expansion pre-SAT); cap-relative verdict (40GB); first run of CJK utf8 radix row; big-node CJK/utf8 radix arm 2026-07-29 c8g.16xlarge conc3 KANI_SOLVE_RSS_GB=40, job pgrust-kani-suite-1785336155-3420-42823 (S3-verified); DEFAULT solver; per-harness pruned c-lib; proofs/mbconv; exhaustive-diff p1-lanez 2026-07-31 (driver fuzz/core/src/mbconv_diff.rs, logs proofs/coverage/lanez/exhaustive-k3-run.log + exhaustive-k4-run.log, oracle = proofs/mbconv/c vendored 18.3)
4371	utf8_to_gbk	crates/backend/utils/mb/conv/src/lib.rs	tested(exhaustive: full per-char domain — k=1/2/3 full 2^8/2^16/2^24 x both noError x all band members, 4.29B execs; 4-byte singles lead-constrained (utf8 F0-F7, mule LCPRV2, euc_tw SS2, gb18030 b2=0x30-39 x full b3b4), 11.9B execs; consumed-len + full-dest-byte + errclass planes; 0 divergences)	exhaustive	was wall(memory >40GB RSS cap @230s; radix-map CNF expansion pre-SAT); cap-relative verdict (40GB); first run of CJK utf8 radix row; big-node CJK/utf8 radix arm 2026-07-29 c8g.16xlarge conc3 KANI_SOLVE_RSS_GB=40, job pgrust-kani-suite-1785336155-3420-42823 (S3-verified); DEFAULT solver; per-harness pruned c-lib; proofs/mbconv; exhaustive-diff p1-lanez 2026-07-31 (driver fuzz/core/src/mbconv_diff.rs, logs proofs/coverage/lanez/exhaustive-k3-run.log + exhaustive-k4-run.log, oracle = proofs/mbconv/c vendored 18.3)
4372	utf8_to_iso8859	crates/backend/utils/mb/conv/src/lib.rs	tested(exhaustive: full per-char domain — k=1/2/3 full 2^8/2^16/2^24 x both noError x all band members, 4.29B execs; 4-byte singles lead-constrained (utf8 F0-F7, mule LCPRV2, euc_tw SS2, gb18030 b2=0x30-39 x full b3b4), 11.9B execs; consumed-len + full-dest-byte + errclass planes; 0 divergences)	exhaustive	was wall(unwinding-assertion FAIL @40GB — memory wall CLEARED; unwind(8) too tight is the standing blocker; NO divergence, unwinding-assertion-only failure); harness-defect class per mbconv law 3; re-open = raise unwind + big-node rerun; big-node CJK/utf8 radix arm 2026-07-29 c8g.16xlarge conc3 KANI_SOLVE_RSS_GB=40, job pgrust-kani-suite-1785336155-3420-42823 (S3-verified); DEFAULT solver; per-harness pruned c-lib; proofs/mbconv; exhaustive-diff p1-lanez 2026-07-31 (driver fuzz/core/src/mbconv_diff.rs, logs proofs/coverage/lanez/exhaustive-k3-run.log + exhaustive-k4-run.log, oracle = proofs/mbconv/c vendored 18.3)
4373	iso8859_to_utf8	crates/backend/utils/mb/conv/src/lib.rs	tested(exhaustive: full per-char domain — k=1/2/3 full 2^8/2^16/2^24 x both noError x all band members, 4.29B execs; 4-byte singles lead-constrained (utf8 F0-F7, mule LCPRV2, euc_tw SS2, gb18030 b2=0x30-39 x full b3b4), 11.9B execs; consumed-len + full-dest-byte + errclass planes; 0 divergences)	exhaustive	was wall(1800s mid-SAT @40GB cap; memory cleared, ~77-83s per property batch); re-open = 13-way ISO per-encoding case-split + coverage union, or longer budget; big-node CJK/utf8 radix arm 2026-07-29 c8g.16xlarge conc3 KANI_SOLVE_RSS_GB=40, job pgrust-kani-suite-1785336155-3420-42823 (S3-verified); DEFAULT solver; per-harness pruned c-lib; proofs/mbconv; exhaustive-diff p1-lanez 2026-07-31 (driver fuzz/core/src/mbconv_diff.rs, logs proofs/coverage/lanez/exhaustive-k3-run.log + exhaustive-k4-run.log, oracle = proofs/mbconv/c vendored 18.3)
4374	iso8859_1_to_utf8	crates/backend/utils/mb/conv/src/lib.rs	proved(len<=8, dest cap 17)	fast	6.9s; wrapper-level fcinfo; consumed-len + full dest-buffer byte parity (incl NUL + 0xAA tail) on Ok; verdict+sqlstate-class on Err; message text out of proof; both-arm covers; oid wiring via wiring_conv_builtins; DEFAULT solver (kissat inverts); proofs/mbconv; PLUS tested(exhaustive: full per-char domain — k=1/2/3 full 2^8/2^16/2^24 x both noError x all band members, 4.29B execs; 4-byte singles lead-constrained (utf8 F0-F7, mule LCPRV2, euc_tw SS2, gb18030 b2=0x30-39 x full b3b4), 11.9B execs; consumed-len + full-dest-byte + errclass planes; 0 divergences) p1-lanez 2026-07-31
4375	utf8_to_iso8859_1	crates/backend/utils/mb/conv/src/lib.rs	proved(len<=8, dest cap 9)	slow	39.8s; wrapper-level fcinfo; consumed-len + full dest-buffer byte parity (incl NUL + 0xAA tail) on Ok; verdict+sqlstate-class on Err; message text out of proof; both-arm covers; oid wiring via wiring_conv_builtins; DEFAULT solver (kissat inverts); proofs/mbconv; PLUS tested(exhaustive: full per-char domain — k=1/2/3 full 2^8/2^16/2^24 x both noError x all band members, 4.29B execs; 4-byte singles lead-constrained (utf8 F0-F7, mule LCPRV2, euc_tw SS2, gb18030 b2=0x30-39 x full b3b4), 11.9B execs; consumed-len + full-dest-byte + errclass planes; 0 divergences) p1-lanez 2026-07-31
4376	johab_to_utf8	crates/backend/utils/mb/conv/src/lib.rs	tested(exhaustive: full per-char domain — k=1/2/3 full 2^8/2^16/2^24 x both noError x all band members, 4.29B execs; 4-byte singles lead-constrained (utf8 F0-F7, mule LCPRV2, euc_tw SS2, gb18030 b2=0x30-39 x full b3b4), 11.9B execs; consumed-len + full-dest-byte + errclass planes; 0 divergences)	exhaustive	was wall(memory >40GB RSS cap @500s; radix-map CNF expansion pre-SAT); cap-relative verdict (40GB); first run of CJK utf8 radix row; big-node CJK/utf8 radix arm 2026-07-29 c8g.16xlarge conc3 KANI_SOLVE_RSS_GB=40, job pgrust-kani-suite-1785336155-3420-42823 (S3-verified); DEFAULT solver; per-harness pruned c-lib; proofs/mbconv; exhaustive-diff p1-lanez 2026-07-31 (driver fuzz/core/src/mbconv_diff.rs, logs proofs/coverage/lanez/exhaustive-k3-run.log + exhaustive-k4-run.log, oracle = proofs/mbconv/c vendored 18.3)
4377	utf8_to_johab	crates/backend/utils/mb/conv/src/lib.rs	tested(exhaustive: full per-char domain — k=1/2/3 full 2^8/2^16/2^24 x both noError x all band members, 4.29B execs; 4-byte singles lead-constrained (utf8 F0-F7, mule LCPRV2, euc_tw SS2, gb18030 b2=0x30-39 x full b3b4), 11.9B execs; consumed-len + full-dest-byte + errclass planes; 0 divergences)	exhaustive	was wall(memory >40GB RSS cap @210s; radix-map CNF expansion pre-SAT); cap-relative verdict (40GB); first run of CJK utf8 radix row; big-node CJK/utf8 radix arm 2026-07-29 c8g.16xlarge conc3 KANI_SOLVE_RSS_GB=40, job pgrust-kani-suite-1785336155-3420-42823 (S3-verified); DEFAULT solver; per-harness pruned c-lib; proofs/mbconv; exhaustive-diff p1-lanez 2026-07-31 (driver fuzz/core/src/mbconv_diff.rs, logs proofs/coverage/lanez/exhaustive-k3-run.log + exhaustive-k4-run.log, oracle = proofs/mbconv/c vendored 18.3)
4378	sjis_to_utf8	crates/backend/utils/mb/conv/src/lib.rs	tested(exhaustive: full per-char domain — k=1/2/3 full 2^8/2^16/2^24 x both noError x all band members, 4.29B execs; 4-byte singles lead-constrained (utf8 F0-F7, mule LCPRV2, euc_tw SS2, gb18030 b2=0x30-39 x full b3b4), 11.9B execs; consumed-len + full-dest-byte + errclass planes; 0 divergences)	exhaustive	was wall(memory >40GB RSS cap @180s; radix-map CNF expansion pre-SAT); cap-relative verdict (40GB); first run of CJK utf8 radix row; big-node CJK/utf8 radix arm 2026-07-29 c8g.16xlarge conc3 KANI_SOLVE_RSS_GB=40, job pgrust-kani-suite-1785336155-3420-42823 (S3-verified); DEFAULT solver; per-harness pruned c-lib; proofs/mbconv; exhaustive-diff p1-lanez 2026-07-31 (driver fuzz/core/src/mbconv_diff.rs, logs proofs/coverage/lanez/exhaustive-k3-run.log + exhaustive-k4-run.log, oracle = proofs/mbconv/c vendored 18.3)
4379	utf8_to_sjis	crates/backend/utils/mb/conv/src/lib.rs	tested(exhaustive: full per-char domain — k=1/2/3 full 2^8/2^16/2^24 x both noError x all band members, 4.29B execs; 4-byte singles lead-constrained (utf8 F0-F7, mule LCPRV2, euc_tw SS2, gb18030 b2=0x30-39 x full b3b4), 11.9B execs; consumed-len + full-dest-byte + errclass planes; 0 divergences)	exhaustive	was wall(memory >40GB RSS cap @220s; radix-map CNF expansion pre-SAT); cap-relative verdict (40GB); first run of CJK utf8 radix row; big-node CJK/utf8 radix arm 2026-07-29 c8g.16xlarge conc3 KANI_SOLVE_RSS_GB=40, job pgrust-kani-suite-1785336155-3420-42823 (S3-verified); DEFAULT solver; per-harness pruned c-lib; proofs/mbconv; exhaustive-diff p1-lanez 2026-07-31 (driver fuzz/core/src/mbconv_diff.rs, logs proofs/coverage/lanez/exhaustive-k3-run.log + exhaustive-k4-run.log, oracle = proofs/mbconv/c vendored 18.3)
4380	uhc_to_utf8	crates/backend/utils/mb/conv/src/lib.rs	tested(exhaustive: full per-char domain — k=1/2/3 full 2^8/2^16/2^24 x both noError x all band members, 4.29B execs; 4-byte singles lead-constrained (utf8 F0-F7, mule LCPRV2, euc_tw SS2, gb18030 b2=0x30-39 x full b3b4), 11.9B execs; consumed-len + full-dest-byte + errclass planes; 0 divergences)	exhaustive	was wall(memory >40GB RSS cap @191s; radix-map CNF expansion pre-SAT); cap-relative verdict (40GB); first run of CJK utf8 radix row; big-node CJK/utf8 radix arm 2026-07-29 c8g.16xlarge conc3 KANI_SOLVE_RSS_GB=40, job pgrust-kani-suite-1785336155-3420-42823 (S3-verified); DEFAULT solver; per-harness pruned c-lib; proofs/mbconv; exhaustive-diff p1-lanez 2026-07-31 (driver fuzz/core/src/mbconv_diff.rs, logs proofs/coverage/lanez/exhaustive-k3-run.log + exhaustive-k4-run.log, oracle = proofs/mbconv/c vendored 18.3)
4381	utf8_to_uhc	crates/backend/utils/mb/conv/src/lib.rs	tested(exhaustive: full per-char domain — k=1/2/3 full 2^8/2^16/2^24 x both noError x all band members, 4.29B execs; 4-byte singles lead-constrained (utf8 F0-F7, mule LCPRV2, euc_tw SS2, gb18030 b2=0x30-39 x full b3b4), 11.9B execs; consumed-len + full-dest-byte + errclass planes; 0 divergences)	exhaustive	was wall(memory >40GB RSS cap @211s; radix-map CNF expansion pre-SAT); cap-relative verdict (40GB); first run of CJK utf8 radix row; big-node CJK/utf8 radix arm 2026-07-29 c8g.16xlarge conc3 KANI_SOLVE_RSS_GB=40, job pgrust-kani-suite-1785336155-3420-42823 (S3-verified); DEFAULT solver; per-harness pruned c-lib; proofs/mbconv; exhaustive-diff p1-lanez 2026-07-31 (driver fuzz/core/src/mbconv_diff.rs, logs proofs/coverage/lanez/exhaustive-k3-run.log + exhaustive-k4-run.log, oracle = proofs/mbconv/c vendored 18.3)
4382	euc_jis_2004_to_utf8	crates/backend/utils/mb/conv/src/lib.rs	tested(exhaustive: full per-char domain — k=1/2/3 full 2^8/2^16/2^24 x both noError x all band members, 4.29B execs; 4-byte singles lead-constrained (utf8 F0-F7, mule LCPRV2, euc_tw SS2, gb18030 b2=0x30-39 x full b3b4), 11.9B execs; consumed-len + full-dest-byte + errclass planes; 0 divergences)	exhaustive	was wall(memory >40GB RSS cap @230s; radix-map CNF expansion pre-SAT); cap-relative verdict (40GB); first run of CJK utf8 radix row; big-node CJK/utf8 radix arm 2026-07-29 c8g.16xlarge conc3 KANI_SOLVE_RSS_GB=40, job pgrust-kani-suite-1785336155-3420-42823 (S3-verified); DEFAULT solver; per-harness pruned c-lib; proofs/mbconv; exhaustive-diff p1-lanez 2026-07-31 (driver fuzz/core/src/mbconv_diff.rs, logs proofs/coverage/lanez/exhaustive-k3-run.log + exhaustive-k4-run.log, oracle = proofs/mbconv/c vendored 18.3)
4383	utf8_to_euc_jis_2004	crates/backend/utils/mb/conv/src/lib.rs	tested(exhaustive: full per-char domain — k=1/2/3 full 2^8/2^16/2^24 x both noError x all band members, 4.29B execs; 4-byte singles lead-constrained (utf8 F0-F7, mule LCPRV2, euc_tw SS2, gb18030 b2=0x30-39 x full b3b4), 11.9B execs; consumed-len + full-dest-byte + errclass planes; 0 divergences)	exhaustive	was wall(symex >1800s @40GB cap; killed mid path-exploration, memory not binding); combined-map 2004 pair; big-node CJK/utf8 radix arm 2026-07-29 c8g.16xlarge conc3 KANI_SOLVE_RSS_GB=40, job pgrust-kani-suite-1785336155-3420-42823 (S3-verified); DEFAULT solver; per-harness pruned c-lib; proofs/mbconv; exhaustive-diff p1-lanez 2026-07-31 (driver fuzz/core/src/mbconv_diff.rs, logs proofs/coverage/lanez/exhaustive-k3-run.log + exhaustive-k4-run.log, oracle = proofs/mbconv/c vendored 18.3)
4384	shift_jis_2004_to_utf8	crates/backend/utils/mb/conv/src/lib.rs	tested(exhaustive: full per-char domain — k=1/2/3 full 2^8/2^16/2^24 x both noError x all band members, 4.29B execs; 4-byte singles lead-constrained (utf8 F0-F7, mule LCPRV2, euc_tw SS2, gb18030 b2=0x30-39 x full b3b4), 11.9B execs; consumed-len + full-dest-byte + errclass planes; 0 divergences)	exhaustive	was wall(memory >40GB RSS cap @240s; radix-map CNF expansion pre-SAT); cap-relative verdict (40GB); first run of CJK utf8 radix row; big-node CJK/utf8 radix arm 2026-07-29 c8g.16xlarge conc3 KANI_SOLVE_RSS_GB=40, job pgrust-kani-suite-1785336155-3420-42823 (S3-verified); DEFAULT solver; per-harness pruned c-lib; proofs/mbconv; exhaustive-diff p1-lanez 2026-07-31 (driver fuzz/core/src/mbconv_diff.rs, logs proofs/coverage/lanez/exhaustive-k3-run.log + exhaustive-k4-run.log, oracle = proofs/mbconv/c vendored 18.3)
4385	utf8_to_shift_jis_2004	crates/backend/utils/mb/conv/src/lib.rs	tested(exhaustive: full per-char domain — k=1/2/3 full 2^8/2^16/2^24 x both noError x all band members, 4.29B execs; 4-byte singles lead-constrained (utf8 F0-F7, mule LCPRV2, euc_tw SS2, gb18030 b2=0x30-39 x full b3b4), 11.9B execs; consumed-len + full-dest-byte + errclass planes; 0 divergences)	exhaustive	was wall(symex >1800s @40GB cap; killed mid path-exploration, memory not binding); combined-map 2004 pair; big-node CJK/utf8 radix arm 2026-07-29 c8g.16xlarge conc3 KANI_SOLVE_RSS_GB=40, job pgrust-kani-suite-1785336155-3420-42823 (S3-verified); DEFAULT solver; per-harness pruned c-lib; proofs/mbconv; exhaustive-diff p1-lanez 2026-07-31 (driver fuzz/core/src/mbconv_diff.rs, logs proofs/coverage/lanez/exhaustive-k3-run.log + exhaustive-k4-run.log, oracle = proofs/mbconv/c vendored 18.3)
4386	euc_jis_2004_to_shift_jis_2004	crates/backend/utils/mb/conv/src/lib.rs	proved(len<=8, dest cap 9)	slow	120.4s over budget, documented; wrapper-level fcinfo; consumed-len + full dest-buffer byte parity (incl NUL + 0xAA tail) on Ok; verdict+sqlstate-class on Err; message text out of proof; both-arm covers; oid wiring via wiring_conv_builtins; DEFAULT solver (kissat inverts); proofs/mbconv; PLUS tested(exhaustive: full per-char domain — k=1/2/3 full 2^8/2^16/2^24 x both noError x all band members, 4.29B execs; 4-byte singles lead-constrained (utf8 F0-F7, mule LCPRV2, euc_tw SS2, gb18030 b2=0x30-39 x full b3b4), 11.9B execs; consumed-len + full-dest-byte + errclass planes; 0 divergences) p1-lanez 2026-07-31
4387	shift_jis_2004_to_euc_jis_2004	crates/backend/utils/mb/conv/src/lib.rs	proved(len<=8, dest cap 17)	slow	646.5s Verification Time @40GB big-node retry (was wall >150s x2 small-node); wrapper-level fcinfo; consumed-len + full dest-buffer byte parity on Ok; verdict+sqlstate-class on Err; message text out of proof; both-arm covers; big-node CJK/utf8 radix arm 2026-07-29 c8g.16xlarge conc3 KANI_SOLVE_RSS_GB=40, job pgrust-kani-suite-1785336155-3420-42823 (S3-verified); DEFAULT solver; per-harness pruned c-lib; proofs/mbconv; PLUS tested(exhaustive: full per-char domain — k=1/2/3 full 2^8/2^16/2^24 x both noError x all band members, 4.29B execs; 4-byte singles lead-constrained (utf8 F0-F7, mule LCPRV2, euc_tw SS2, gb18030 b2=0x30-39 x full b3b4), 11.9B execs; consumed-len + full-dest-byte + errclass planes; 0 divergences) p1-lanez 2026-07-31
4388	multirange_intersect_agg_transfn	crates/backend/utils/adt/multirangetypes/src/builtins.rs	excluded(typcache)	-	multirange typcache + subtype fmgr
4401	range_intersect_agg_transfn	crates/backend/utils/adt/rangetypes/src/builtins.rs	excluded(typcache)	-	range typcache + subtype fmgr
4541	range_contains_multirange	crates/backend/utils/adt/multirangetypes/src/builtins.rs	excluded(typcache)	-	multirange typcache + subtype fmgr
4542	multirange_contained_by_range	crates/backend/utils/adt/multirangetypes/src/builtins.rs	excluded(typcache)	-	multirange typcache + subtype fmgr
4230	anymultirange_out	crates/backend/utils/adt/multirangetypes/src/builtins.rs	tested(differential: multirangetypes_diff 10M execs, value+verdict+sqlstate planes; per-type int4range/int8range/numrange typcache mock)	-	multirange typcache + subtype fmgr
4231	multirange_in	crates/backend/utils/adt/multirangetypes/src/builtins.rs	tested(differential: multirangetypes_diff 10M execs, value+verdict+sqlstate planes; per-type int4range/int8range/numrange typcache mock)	-	multirange typcache + subtype fmgr
4232	multirange_out	crates/backend/utils/adt/multirangetypes/src/builtins.rs	tested(differential: multirangetypes_diff 10M execs, value+verdict+sqlstate planes; per-type int4range/int8range/numrange typcache mock)	-	multirange typcache + subtype fmgr
4233	multirange_recv	crates/backend/utils/adt/multirangetypes/src/builtins.rs	tested(differential: multirangetypes_diff 10M execs, value+verdict+sqlstate planes; per-type int4range/int8range/numrange typcache mock)	-	multirange typcache + subtype fmgr
4234	multirange_send	crates/backend/utils/adt/multirangetypes/src/builtins.rs	tested(differential: multirangetypes_diff 10M execs, value+verdict+sqlstate planes; per-type int4range/int8range/numrange typcache mock)	-	multirange typcache + subtype fmgr
4235	lower	crates/backend/utils/adt/multirangetypes/src/builtins.rs	tested(differential: multirangetypes_diff 10M execs, value+verdict+sqlstate planes; per-type int4range/int8range/numrange typcache mock)	-	multirange typcache + subtype fmgr
4236	upper	crates/backend/utils/adt/multirangetypes/src/builtins.rs	tested(differential: multirangetypes_diff 10M execs, value+verdict+sqlstate planes; per-type int4range/int8range/numrange typcache mock)	-	multirange typcache + subtype fmgr
4237	isempty	crates/backend/utils/adt/multirangetypes/src/builtins.rs	tested(differential: multirangetypes_diff 10M execs, value+verdict+sqlstate planes; per-type int4range/int8range/numrange typcache mock)	-	multirange typcache + subtype fmgr
4238	lower_inc	crates/backend/utils/adt/multirangetypes/src/builtins.rs	tested(differential: multirangetypes_diff 10M execs, value+verdict+sqlstate planes; per-type int4range/int8range/numrange typcache mock)	-	multirange typcache + subtype fmgr
4239	upper_inc	crates/backend/utils/adt/multirangetypes/src/builtins.rs	tested(differential: multirangetypes_diff 10M execs, value+verdict+sqlstate planes; per-type int4range/int8range/numrange typcache mock)	-	multirange typcache + subtype fmgr
4240	lower_inf	crates/backend/utils/adt/multirangetypes/src/builtins.rs	tested(differential: multirangetypes_diff 10M execs, value+verdict+sqlstate planes; per-type int4range/int8range/numrange typcache mock)	-	multirange typcache + subtype fmgr
4241	upper_inf	crates/backend/utils/adt/multirangetypes/src/builtins.rs	tested(differential: multirangetypes_diff 10M execs, value+verdict+sqlstate planes; per-type int4range/int8range/numrange typcache mock)	-	multirange typcache + subtype fmgr
4244	multirange_eq	crates/backend/utils/adt/multirangetypes/src/builtins.rs	tested(differential: multirangetypes_diff 10M execs, value+verdict+sqlstate planes; per-type int4range/int8range/numrange typcache mock)	-	multirange typcache + subtype fmgr
4245	multirange_ne	crates/backend/utils/adt/multirangetypes/src/builtins.rs	tested(differential: multirangetypes_diff 10M execs, value+verdict+sqlstate planes; per-type int4range/int8range/numrange typcache mock)	-	multirange typcache + subtype fmgr
4246	range_overlaps_multirange	crates/backend/utils/adt/multirangetypes/src/builtins.rs	tested(differential: multirangetypes_diff 10M execs, value+verdict+sqlstate planes; per-type int4range/int8range/numrange typcache mock)	-	multirange typcache + subtype fmgr
4247	multirange_overlaps_range	crates/backend/utils/adt/multirangetypes/src/builtins.rs	tested(differential: multirangetypes_diff 10M execs, value+verdict+sqlstate planes; per-type int4range/int8range/numrange typcache mock)	-	multirange typcache + subtype fmgr
4248	multirange_overlaps_multirange	crates/backend/utils/adt/multirangetypes/src/builtins.rs	tested(differential: multirangetypes_diff 10M execs, value+verdict+sqlstate planes; per-type int4range/int8range/numrange typcache mock)	-	multirange typcache + subtype fmgr
4249	multirange_contains_elem	crates/backend/utils/adt/multirangetypes/src/builtins.rs	tested(differential: multirangetypes_diff 10M execs, value+verdict+sqlstate planes; per-type int4range/int8range/numrange typcache mock)	-	multirange typcache + subtype fmgr
4250	multirange_contains_range	crates/backend/utils/adt/multirangetypes/src/builtins.rs	tested(differential: multirangetypes_diff 10M execs, value+verdict+sqlstate planes; per-type int4range/int8range/numrange typcache mock)	-	multirange typcache + subtype fmgr
4251	multirange_contains_multirange	crates/backend/utils/adt/multirangetypes/src/builtins.rs	tested(differential: multirangetypes_diff 10M execs, value+verdict+sqlstate planes; per-type int4range/int8range/numrange typcache mock)	-	multirange typcache + subtype fmgr
4252	elem_contained_by_multirange	crates/backend/utils/adt/multirangetypes/src/builtins.rs	tested(differential: multirangetypes_diff 10M execs, value+verdict+sqlstate planes; per-type int4range/int8range/numrange typcache mock)	-	multirange typcache + subtype fmgr
4253	range_contained_by_multirange	crates/backend/utils/adt/multirangetypes/src/builtins.rs	tested(differential: multirangetypes_diff 10M execs, value+verdict+sqlstate planes; per-type int4range/int8range/numrange typcache mock)	-	multirange typcache + subtype fmgr
4255	range_adjacent_multirange	crates/backend/utils/adt/multirangetypes/src/builtins.rs	tested(differential: multirangetypes_diff 10M execs, value+verdict+sqlstate planes; per-type int4range/int8range/numrange typcache mock)	-	multirange typcache + subtype fmgr
4256	multirange_adjacent_multirange	crates/backend/utils/adt/multirangetypes/src/builtins.rs	tested(differential: multirangetypes_diff 10M execs, value+verdict+sqlstate planes; per-type int4range/int8range/numrange typcache mock)	-	multirange typcache + subtype fmgr
4257	multirange_adjacent_range	crates/backend/utils/adt/multirangetypes/src/builtins.rs	tested(differential: multirangetypes_diff 10M execs, value+verdict+sqlstate planes; per-type int4range/int8range/numrange typcache mock)	-	multirange typcache + subtype fmgr
4258	range_before_multirange	crates/backend/utils/adt/multirangetypes/src/builtins.rs	tested(differential: multirangetypes_diff 10M execs, value+verdict+sqlstate planes; per-type int4range/int8range/numrange typcache mock)	-	multirange typcache + subtype fmgr
4259	multirange_before_range	crates/backend/utils/adt/multirangetypes/src/builtins.rs	tested(differential: multirangetypes_diff 10M execs, value+verdict+sqlstate planes; per-type int4range/int8range/numrange typcache mock)	-	multirange typcache + subtype fmgr
4260	multirange_before_multirange	crates/backend/utils/adt/multirangetypes/src/builtins.rs	tested(differential: multirangetypes_diff 10M execs, value+verdict+sqlstate planes; per-type int4range/int8range/numrange typcache mock)	-	multirange typcache + subtype fmgr
4261	range_after_multirange	crates/backend/utils/adt/multirangetypes/src/builtins.rs	tested(differential: multirangetypes_diff 10M execs, value+verdict+sqlstate planes; per-type int4range/int8range/numrange typcache mock)	-	multirange typcache + subtype fmgr
4262	multirange_after_range	crates/backend/utils/adt/multirangetypes/src/builtins.rs	tested(differential: multirangetypes_diff 10M execs, value+verdict+sqlstate planes; per-type int4range/int8range/numrange typcache mock)	-	multirange typcache + subtype fmgr
4263	multirange_after_multirange	crates/backend/utils/adt/multirangetypes/src/builtins.rs	tested(differential: multirangetypes_diff 10M execs, value+verdict+sqlstate planes; per-type int4range/int8range/numrange typcache mock)	-	multirange typcache + subtype fmgr
4264	range_overleft_multirange	crates/backend/utils/adt/multirangetypes/src/builtins.rs	tested(differential: multirangetypes_diff 10M execs, value+verdict+sqlstate planes; per-type int4range/int8range/numrange typcache mock)	-	multirange typcache + subtype fmgr
4265	multirange_overleft_range	crates/backend/utils/adt/multirangetypes/src/builtins.rs	tested(differential: multirangetypes_diff 10M execs, value+verdict+sqlstate planes; per-type int4range/int8range/numrange typcache mock)	-	multirange typcache + subtype fmgr
4266	multirange_overleft_multirange	crates/backend/utils/adt/multirangetypes/src/builtins.rs	tested(differential: multirangetypes_diff 10M execs, value+verdict+sqlstate planes; per-type int4range/int8range/numrange typcache mock)	-	multirange typcache + subtype fmgr
4267	range_overright_multirange	crates/backend/utils/adt/multirangetypes/src/builtins.rs	tested(differential: multirangetypes_diff 10M execs, value+verdict+sqlstate planes; per-type int4range/int8range/numrange typcache mock)	-	multirange typcache + subtype fmgr
4268	multirange_overright_range	crates/backend/utils/adt/multirangetypes/src/builtins.rs	tested(differential: multirangetypes_diff 10M execs, value+verdict+sqlstate planes; per-type int4range/int8range/numrange typcache mock)	-	multirange typcache + subtype fmgr
4270	multirange_union	crates/backend/utils/adt/multirangetypes/src/builtins.rs	tested(differential: multirangetypes_diff 10M execs, value+verdict+sqlstate planes; per-type int4range/int8range/numrange typcache mock)	-	multirange typcache + subtype fmgr
4271	multirange_minus	crates/backend/utils/adt/multirangetypes/src/builtins.rs	tested(differential: multirangetypes_diff 10M execs, value+verdict+sqlstate planes; per-type int4range/int8range/numrange typcache mock)	-	multirange typcache + subtype fmgr
4272	multirange_intersect	crates/backend/utils/adt/multirangetypes/src/builtins.rs	tested(differential: multirangetypes_diff 10M execs, value+verdict+sqlstate planes; per-type int4range/int8range/numrange typcache mock)	-	multirange typcache + subtype fmgr
4273	multirange_cmp	crates/backend/utils/adt/multirangetypes/src/builtins.rs	tested(differential: multirangetypes_diff 10M execs, value+verdict+sqlstate planes; per-type int4range/int8range/numrange typcache mock)	-	multirange typcache + subtype fmgr
4274	multirange_lt	crates/backend/utils/adt/multirangetypes/src/builtins.rs	tested(differential: multirangetypes_diff 10M execs, value+verdict+sqlstate planes; per-type int4range/int8range/numrange typcache mock)	-	multirange typcache + subtype fmgr
4275	multirange_le	crates/backend/utils/adt/multirangetypes/src/builtins.rs	tested(differential: multirangetypes_diff 10M execs, value+verdict+sqlstate planes; per-type int4range/int8range/numrange typcache mock)	-	multirange typcache + subtype fmgr
4276	multirange_ge	crates/backend/utils/adt/multirangetypes/src/builtins.rs	tested(differential: multirangetypes_diff 10M execs, value+verdict+sqlstate planes; per-type int4range/int8range/numrange typcache mock)	-	multirange typcache + subtype fmgr
4277	multirange_gt	crates/backend/utils/adt/multirangetypes/src/builtins.rs	tested(differential: multirangetypes_diff 10M execs, value+verdict+sqlstate planes; per-type int4range/int8range/numrange typcache mock)	-	multirange typcache + subtype fmgr
4278	hash_multirange	crates/backend/utils/adt/multirangetypes/src/builtins.rs	tested(differential: multirangetypes_diff 10M execs, value+verdict+sqlstate planes; per-type int4range/int8range/numrange typcache mock)	-	multirange typcache + subtype fmgr
4279	hash_multirange_extended	crates/backend/utils/adt/multirangetypes/src/builtins.rs	tested(differential: multirangetypes_diff 10M execs, value+verdict+sqlstate planes; per-type int4range/int8range/numrange typcache mock)	-	multirange typcache + subtype fmgr
4280	int4multirange	crates/backend/utils/adt/multirangetypes/src/builtins.rs	tested(differential: multirangetypes_diff 10M execs, value+verdict+sqlstate planes; per-type int4range/int8range/numrange typcache mock)	-	multirange typcache + subtype fmgr
4281	int4multirange	crates/backend/utils/adt/multirangetypes/src/builtins.rs	tested(differential: multirangetypes_diff 10M execs, value+verdict+sqlstate planes; per-type int4range/int8range/numrange typcache mock)	-	multirange typcache + subtype fmgr
4282	int4multirange	crates/backend/utils/adt/multirangetypes/src/builtins.rs	tested(differential: multirangetypes_diff 10M execs, value+verdict+sqlstate planes; per-type int4range/int8range/numrange typcache mock)	-	multirange typcache + subtype fmgr
4283	nummultirange	crates/backend/utils/adt/multirangetypes/src/builtins.rs	tested(differential: multirangetypes_diff 10M execs, value+verdict+sqlstate planes; per-type int4range/int8range/numrange typcache mock)	-	multirange typcache + subtype fmgr
4284	nummultirange	crates/backend/utils/adt/multirangetypes/src/builtins.rs	tested(differential: multirangetypes_diff 10M execs, value+verdict+sqlstate planes; per-type int4range/int8range/numrange typcache mock)	-	multirange typcache + subtype fmgr
4285	nummultirange	crates/backend/utils/adt/multirangetypes/src/builtins.rs	tested(differential: multirangetypes_diff 10M execs, value+verdict+sqlstate planes; per-type int4range/int8range/numrange typcache mock)	-	multirange typcache + subtype fmgr
4286	tsmultirange	crates/backend/utils/adt/multirangetypes/src/builtins.rs	tested(differential: multirangetypes_diff 10M execs, value+verdict+sqlstate planes; SHARED GENERIC constructor body driven at int4/int8/num — this subtype's own typcache path NOT driven)	-	multirange typcache + subtype fmgr
4287	tsmultirange	crates/backend/utils/adt/multirangetypes/src/builtins.rs	tested(differential: multirangetypes_diff 10M execs, value+verdict+sqlstate planes; SHARED GENERIC constructor body driven at int4/int8/num — this subtype's own typcache path NOT driven)	-	multirange typcache + subtype fmgr
4288	tsmultirange	crates/backend/utils/adt/multirangetypes/src/builtins.rs	tested(differential: multirangetypes_diff 10M execs, value+verdict+sqlstate planes; SHARED GENERIC constructor body driven at int4/int8/num — this subtype's own typcache path NOT driven)	-	multirange typcache + subtype fmgr
4289	tstzmultirange	crates/backend/utils/adt/multirangetypes/src/builtins.rs	tested(differential: multirangetypes_diff 10M execs, value+verdict+sqlstate planes; SHARED GENERIC constructor body driven at int4/int8/num — this subtype's own typcache path NOT driven)	-	multirange typcache + subtype fmgr
4290	tstzmultirange	crates/backend/utils/adt/multirangetypes/src/builtins.rs	tested(differential: multirangetypes_diff 10M execs, value+verdict+sqlstate planes; SHARED GENERIC constructor body driven at int4/int8/num — this subtype's own typcache path NOT driven)	-	multirange typcache + subtype fmgr
4291	tstzmultirange	crates/backend/utils/adt/multirangetypes/src/builtins.rs	tested(differential: multirangetypes_diff 10M execs, value+verdict+sqlstate planes; SHARED GENERIC constructor body driven at int4/int8/num — this subtype's own typcache path NOT driven)	-	multirange typcache + subtype fmgr
4292	datemultirange	crates/backend/utils/adt/multirangetypes/src/builtins.rs	tested(differential: multirangetypes_diff 10M execs, value+verdict+sqlstate planes; SHARED GENERIC constructor body driven at int4/int8/num — this subtype's own typcache path NOT driven)	-	multirange typcache + subtype fmgr
4293	datemultirange	crates/backend/utils/adt/multirangetypes/src/builtins.rs	tested(differential: multirangetypes_diff 10M execs, value+verdict+sqlstate planes; SHARED GENERIC constructor body driven at int4/int8/num — this subtype's own typcache path NOT driven)	-	multirange typcache + subtype fmgr
4294	datemultirange	crates/backend/utils/adt/multirangetypes/src/builtins.rs	tested(differential: multirangetypes_diff 10M execs, value+verdict+sqlstate planes; SHARED GENERIC constructor body driven at int4/int8/num — this subtype's own typcache path NOT driven)	-	multirange typcache + subtype fmgr
4295	int8multirange	crates/backend/utils/adt/multirangetypes/src/builtins.rs	tested(differential: multirangetypes_diff 10M execs, value+verdict+sqlstate planes; per-type int4range/int8range/numrange typcache mock)	-	multirange typcache + subtype fmgr
4296	int8multirange	crates/backend/utils/adt/multirangetypes/src/builtins.rs	tested(differential: multirangetypes_diff 10M execs, value+verdict+sqlstate planes; per-type int4range/int8range/numrange typcache mock)	-	multirange typcache + subtype fmgr
4297	int8multirange	crates/backend/utils/adt/multirangetypes/src/builtins.rs	tested(differential: multirangetypes_diff 10M execs, value+verdict+sqlstate planes; per-type int4range/int8range/numrange typcache mock)	-	multirange typcache + subtype fmgr
4298	multirange	crates/backend/utils/adt/multirangetypes/src/builtins.rs	tested(differential: multirangetypes_diff 10M execs, value+verdict+sqlstate planes; per-type int4range/int8range/numrange typcache mock)	-	multirange typcache + subtype fmgr
4299	range_agg_transfn	crates/backend/utils/adt/multirangetypes/src/builtins.rs	excluded(agg-state: range_agg_transfn: aggregate transition state (agg memory context + ArrayBuildState))	-	multirange typcache + subtype fmgr
4300	range_agg_finalfn	crates/backend/utils/adt/multirangetypes/src/builtins.rs	excluded(agg-state: range_agg_finalfn: aggregate final over transition state)	-	multirange typcache + subtype fmgr
4302	koi8r_to_mic	crates/backend/utils/mb/conv/src/lib.rs	proved(len<=8, dest cap 17)	fast	5.0s; wrapper-level fcinfo; consumed-len + full dest-buffer byte parity (incl NUL + 0xAA tail) on Ok; verdict+sqlstate-class on Err; message text out of proof; both-arm covers; oid wiring via wiring_conv_builtins; DEFAULT solver (kissat inverts); proofs/mbconv
4303	mic_to_koi8r	crates/backend/utils/mb/conv/src/lib.rs	proved(len<=8, dest cap 9)	fast	15.1s; wrapper-level fcinfo; consumed-len + full dest-buffer byte parity (incl NUL + 0xAA tail) on Ok; verdict+sqlstate-class on Err; message text out of proof; both-arm covers; oid wiring via wiring_conv_builtins; DEFAULT solver (kissat inverts); proofs/mbconv
4304	iso_to_mic	crates/backend/utils/mb/conv/src/lib.rs	proved(len<=8, dest cap 17)	slow	75.8s contention-inflated (sibling shape 5s); wrapper-level fcinfo; consumed-len + full dest-buffer byte parity (incl NUL + 0xAA tail) on Ok; verdict+sqlstate-class on Err; message text out of proof; both-arm covers; oid wiring via wiring_conv_builtins; DEFAULT solver (kissat inverts); proofs/mbconv
4305	mic_to_iso	crates/backend/utils/mb/conv/src/lib.rs	proved(len<=8, dest cap 9)	fast	16.8s; wrapper-level fcinfo; consumed-len + full dest-buffer byte parity (incl NUL + 0xAA tail) on Ok; verdict+sqlstate-class on Err; message text out of proof; both-arm covers; oid wiring via wiring_conv_builtins; DEFAULT solver (kissat inverts); proofs/mbconv
4306	win1251_to_mic	crates/backend/utils/mb/conv/src/lib.rs	proved(len<=8, dest cap 17)	fast	12.4s; wrapper-level fcinfo; consumed-len + full dest-buffer byte parity (incl NUL + 0xAA tail) on Ok; verdict+sqlstate-class on Err; message text out of proof; both-arm covers; oid wiring via wiring_conv_builtins; DEFAULT solver (kissat inverts); proofs/mbconv
4307	mic_to_win1251	crates/backend/utils/mb/conv/src/lib.rs	proved(len<=8, dest cap 9)	fast	17.2s; wrapper-level fcinfo; consumed-len + full dest-buffer byte parity (incl NUL + 0xAA tail) on Ok; verdict+sqlstate-class on Err; message text out of proof; both-arm covers; oid wiring via wiring_conv_builtins; DEFAULT solver (kissat inverts); proofs/mbconv
4308	win866_to_mic	crates/backend/utils/mb/conv/src/lib.rs	proved(len<=8, dest cap 17)	fast	13.9s; wrapper-level fcinfo; consumed-len + full dest-buffer byte parity (incl NUL + 0xAA tail) on Ok; verdict+sqlstate-class on Err; message text out of proof; both-arm covers; oid wiring via wiring_conv_builtins; DEFAULT solver (kissat inverts); proofs/mbconv
4309	mic_to_win866	crates/backend/utils/mb/conv/src/lib.rs	proved(len<=8, dest cap 9)	fast	17.5s; wrapper-level fcinfo; consumed-len + full dest-buffer byte parity (incl NUL + 0xAA tail) on Ok; verdict+sqlstate-class on Err; message text out of proof; both-arm covers; oid wiring via wiring_conv_builtins; DEFAULT solver (kissat inverts); proofs/mbconv
4310	koi8r_to_win1251	crates/backend/utils/mb/conv/src/lib.rs	proved(len<=8, dest cap 9)	fast	6.8s; wrapper-level fcinfo; consumed-len + full dest-buffer byte parity (incl NUL + 0xAA tail) on Ok; verdict+sqlstate-class on Err; message text out of proof; both-arm covers; oid wiring via wiring_conv_builtins; DEFAULT solver (kissat inverts); proofs/mbconv
4311	win1251_to_koi8r	crates/backend/utils/mb/conv/src/lib.rs	proved(len<=8, dest cap 9)	fast	6.8s; wrapper-level fcinfo; consumed-len + full dest-buffer byte parity (incl NUL + 0xAA tail) on Ok; verdict+sqlstate-class on Err; message text out of proof; both-arm covers; oid wiring via wiring_conv_builtins; DEFAULT solver (kissat inverts); proofs/mbconv
4312	koi8r_to_win866	crates/backend/utils/mb/conv/src/lib.rs	proved(len<=8, dest cap 9)	fast	6.9s; wrapper-level fcinfo; consumed-len + full dest-buffer byte parity (incl NUL + 0xAA tail) on Ok; verdict+sqlstate-class on Err; message text out of proof; both-arm covers; oid wiring via wiring_conv_builtins; DEFAULT solver (kissat inverts); proofs/mbconv
4313	win866_to_koi8r	crates/backend/utils/mb/conv/src/lib.rs	proved(len<=8, dest cap 9)	fast	6.8s; wrapper-level fcinfo; consumed-len + full dest-buffer byte parity (incl NUL + 0xAA tail) on Ok; verdict+sqlstate-class on Err; message text out of proof; both-arm covers; oid wiring via wiring_conv_builtins; DEFAULT solver (kissat inverts); proofs/mbconv
4314	win866_to_win1251	crates/backend/utils/mb/conv/src/lib.rs	proved(len<=8, dest cap 9)	fast	7.0s; wrapper-level fcinfo; consumed-len + full dest-buffer byte parity (incl NUL + 0xAA tail) on Ok; verdict+sqlstate-class on Err; message text out of proof; both-arm covers; oid wiring via wiring_conv_builtins; DEFAULT solver (kissat inverts); proofs/mbconv
4315	win1251_to_win866	crates/backend/utils/mb/conv/src/lib.rs	proved(len<=8, dest cap 9)	fast	6.8s; wrapper-level fcinfo; consumed-len + full dest-buffer byte parity (incl NUL + 0xAA tail) on Ok; verdict+sqlstate-class on Err; message text out of proof; both-arm covers; oid wiring via wiring_conv_builtins; DEFAULT solver (kissat inverts); proofs/mbconv
4316	iso_to_koi8r	crates/backend/utils/mb/conv/src/lib.rs	proved(len<=8, dest cap 9)	fast	7.3s; wrapper-level fcinfo; consumed-len + full dest-buffer byte parity (incl NUL + 0xAA tail) on Ok; verdict+sqlstate-class on Err; message text out of proof; both-arm covers; oid wiring via wiring_conv_builtins; DEFAULT solver (kissat inverts); proofs/mbconv
4317	koi8r_to_iso	crates/backend/utils/mb/conv/src/lib.rs	proved(len<=8, dest cap 9)	fast	6.7s; wrapper-level fcinfo; consumed-len + full dest-buffer byte parity (incl NUL + 0xAA tail) on Ok; verdict+sqlstate-class on Err; message text out of proof; both-arm covers; oid wiring via wiring_conv_builtins; DEFAULT solver (kissat inverts); proofs/mbconv
4318	iso_to_win1251	crates/backend/utils/mb/conv/src/lib.rs	proved(len<=8, dest cap 9)	fast	6.7s; wrapper-level fcinfo; consumed-len + full dest-buffer byte parity (incl NUL + 0xAA tail) on Ok; verdict+sqlstate-class on Err; message text out of proof; both-arm covers; oid wiring via wiring_conv_builtins; DEFAULT solver (kissat inverts); proofs/mbconv
4319	win1251_to_iso	crates/backend/utils/mb/conv/src/lib.rs	proved(len<=8, dest cap 9)	fast	6.8s; wrapper-level fcinfo; consumed-len + full dest-buffer byte parity (incl NUL + 0xAA tail) on Ok; verdict+sqlstate-class on Err; message text out of proof; both-arm covers; oid wiring via wiring_conv_builtins; DEFAULT solver (kissat inverts); proofs/mbconv
4320	iso_to_win866	crates/backend/utils/mb/conv/src/lib.rs	proved(len<=8, dest cap 9)	fast	8.2s; wrapper-level fcinfo; consumed-len + full dest-buffer byte parity (incl NUL + 0xAA tail) on Ok; verdict+sqlstate-class on Err; message text out of proof; both-arm covers; oid wiring via wiring_conv_builtins; DEFAULT solver (kissat inverts); proofs/mbconv
4321	win866_to_iso	crates/backend/utils/mb/conv/src/lib.rs	proved(len<=8, dest cap 9)	fast	7.0s; wrapper-level fcinfo; consumed-len + full dest-buffer byte parity (incl NUL + 0xAA tail) on Ok; verdict+sqlstate-class on Err; message text out of proof; both-arm covers; oid wiring via wiring_conv_builtins; DEFAULT solver (kissat inverts); proofs/mbconv
4322	euc_cn_to_mic	crates/backend/utils/mb/conv/src/lib.rs	proved(len<=8, dest cap 13)	slow	32.8s; wrapper-level fcinfo; consumed-len + full dest-buffer byte parity (incl NUL + 0xAA tail) on Ok; verdict+sqlstate-class on Err; message text out of proof; both-arm covers; oid wiring via wiring_conv_builtins; DEFAULT solver (kissat inverts); proofs/mbconv
4323	mic_to_euc_cn	crates/backend/utils/mb/conv/src/lib.rs	proved(len<=8, dest cap 9)	fast	15.7s; wrapper-level fcinfo; consumed-len + full dest-buffer byte parity (incl NUL + 0xAA tail) on Ok; verdict+sqlstate-class on Err; message text out of proof; both-arm covers; oid wiring via wiring_conv_builtins; DEFAULT solver (kissat inverts); proofs/mbconv
4324	euc_jp_to_sjis	crates/backend/utils/mb/conv/src/lib.rs	wall(ibmkanji ~390-entry linear-scan symex; big-node 1800s retry reached unwind iter 227/392 — time-bound, not memory)	wall	class unchanged by 40GB cap; big-node CJK/utf8 radix arm 2026-07-29 c8g.16xlarge conc3 KANI_SOLVE_RSS_GB=40, job pgrust-kani-suite-1785336155-3420-42823 (S3-verified); DEFAULT solver; per-harness pruned c-lib; proofs/mbconv
4325	sjis_to_euc_jp	crates/backend/utils/mb/conv/src/lib.rs	wall(ibmkanji ~390-entry linear-scan symex; big-node 1800s retry reached unwind iter 188/392 — time-bound, not memory)	wall	class unchanged by 40GB cap; big-node CJK/utf8 radix arm 2026-07-29 c8g.16xlarge conc3 KANI_SOLVE_RSS_GB=40, job pgrust-kani-suite-1785336155-3420-42823 (S3-verified); DEFAULT solver; per-harness pruned c-lib; proofs/mbconv
4326	euc_jp_to_mic	crates/backend/utils/mb/conv/src/lib.rs	proved(len<=8, dest cap 13)	slow	46.6s; wrapper-level fcinfo; consumed-len + full dest-buffer byte parity (incl NUL + 0xAA tail) on Ok; verdict+sqlstate-class on Err; message text out of proof; both-arm covers; oid wiring via wiring_conv_builtins; DEFAULT solver (kissat inverts); proofs/mbconv
4327	sjis_to_mic	crates/backend/utils/mb/conv/src/lib.rs	wall(ibmkanji ~390-entry linear-scan symex; big-node 1800s retry reached unwind iter 161/392 — time-bound, not memory)	wall	class unchanged by 40GB cap; big-node CJK/utf8 radix arm 2026-07-29 c8g.16xlarge conc3 KANI_SOLVE_RSS_GB=40, job pgrust-kani-suite-1785336155-3420-42823 (S3-verified); DEFAULT solver; per-harness pruned c-lib; proofs/mbconv
4328	mic_to_euc_jp	crates/backend/utils/mb/conv/src/lib.rs	proved(len<=8, dest cap 9)	slow	49.8s; wrapper-level fcinfo; consumed-len + full dest-buffer byte parity (incl NUL + 0xAA tail) on Ok; verdict+sqlstate-class on Err; message text out of proof; both-arm covers; oid wiring via wiring_conv_builtins; DEFAULT solver (kissat inverts); proofs/mbconv
4329	mic_to_sjis	crates/backend/utils/mb/conv/src/lib.rs	wall(ibmkanji ~390-entry linear-scan symex; big-node 1800s retry reached unwind iter 189/392 — time-bound, not memory)	wall	class unchanged by 40GB cap; big-node CJK/utf8 radix arm 2026-07-29 c8g.16xlarge conc3 KANI_SOLVE_RSS_GB=40, job pgrust-kani-suite-1785336155-3420-42823 (S3-verified); DEFAULT solver; per-harness pruned c-lib; proofs/mbconv
4330	euc_kr_to_mic	crates/backend/utils/mb/conv/src/lib.rs	proved(len<=8, dest cap 13)	fast	18.7s; wrapper-level fcinfo; consumed-len + full dest-buffer byte parity (incl NUL + 0xAA tail) on Ok; verdict+sqlstate-class on Err; message text out of proof; both-arm covers; oid wiring via wiring_conv_builtins; DEFAULT solver (kissat inverts); proofs/mbconv
4331	mic_to_euc_kr	crates/backend/utils/mb/conv/src/lib.rs	proved(len<=8, dest cap 9)	fast	27.6s; wrapper-level fcinfo; consumed-len + full dest-buffer byte parity (incl NUL + 0xAA tail) on Ok; verdict+sqlstate-class on Err; message text out of proof; both-arm covers; oid wiring via wiring_conv_builtins; DEFAULT solver (kissat inverts); proofs/mbconv
4332	euc_tw_to_big5	crates/backend/utils/mb/conv/src/lib.rs	wall(1800s mid-SAT @40GB cap; 6GiB memory wall CLEARED by cap — now SAT-bound, decision-procedure batches ~399s)	wall	re-open = longer SAT budget or case-split; big-node CJK/utf8 radix arm 2026-07-29 c8g.16xlarge conc3 KANI_SOLVE_RSS_GB=40, job pgrust-kani-suite-1785336155-3420-42823 (S3-verified); DEFAULT solver; per-harness pruned c-lib; proofs/mbconv
4333	big5_to_euc_tw	crates/backend/utils/mb/conv/src/lib.rs	wall(1800s mid-SAT @40GB cap; 6GiB memory wall CLEARED by cap — now SAT-bound, decision-procedure batches ~295s)	wall	re-open = longer SAT budget or case-split; big-node CJK/utf8 radix arm 2026-07-29 c8g.16xlarge conc3 KANI_SOLVE_RSS_GB=40, job pgrust-kani-suite-1785336155-3420-42823 (S3-verified); DEFAULT solver; per-harness pruned c-lib; proofs/mbconv
4334	euc_tw_to_mic	crates/backend/utils/mb/conv/src/lib.rs	proved(len<=8, dest cap 13)	slow	41.5s; wrapper-level fcinfo; consumed-len + full dest-buffer byte parity (incl NUL + 0xAA tail) on Ok; verdict+sqlstate-class on Err; message text out of proof; both-arm covers; oid wiring via wiring_conv_builtins; DEFAULT solver (kissat inverts); proofs/mbconv
4335	big5_to_mic	crates/backend/utils/mb/conv/src/lib.rs	wall(1800s mid-SAT @40GB cap; 6GiB memory wall CLEARED by cap — now SAT-bound, decision-procedure batches ~217s)	wall	re-open = longer SAT budget or case-split; big-node CJK/utf8 radix arm 2026-07-29 c8g.16xlarge conc3 KANI_SOLVE_RSS_GB=40, job pgrust-kani-suite-1785336155-3420-42823 (S3-verified); DEFAULT solver; per-harness pruned c-lib; proofs/mbconv
4336	mic_to_euc_tw	crates/backend/utils/mb/conv/src/lib.rs	proved(len<=4, dest cap 7)	fast	22.3s; LC_CNS11643_2 grows 3->4, cap=ceil(4L/3)+1; wrapper-level fcinfo; consumed-len + full dest-buffer byte parity (incl NUL + 0xAA tail) on Ok; verdict+sqlstate-class on Err; message text out of proof; both-arm covers; oid wiring via wiring_conv_builtins; DEFAULT solver (kissat inverts); proofs/mbconv
4337	mic_to_big5	crates/backend/utils/mb/conv/src/lib.rs	wall(1800s mid-SAT @40GB cap; 6GiB memory wall CLEARED by cap — now SAT-bound, decision-procedure batches ~628s)	wall	re-open = longer SAT budget or case-split; big-node CJK/utf8 radix arm 2026-07-29 c8g.16xlarge conc3 KANI_SOLVE_RSS_GB=40, job pgrust-kani-suite-1785336155-3420-42823 (S3-verified); DEFAULT solver; per-harness pruned c-lib; proofs/mbconv
4338	latin2_to_mic	crates/backend/utils/mb/conv/src/lib.rs	proved(len<=8, dest cap 17)	fast	5.0s; wrapper-level fcinfo; consumed-len + full dest-buffer byte parity (incl NUL + 0xAA tail) on Ok; verdict+sqlstate-class on Err; message text out of proof; both-arm covers; oid wiring via wiring_conv_builtins; DEFAULT solver (kissat inverts); proofs/mbconv
4339	mic_to_latin2	crates/backend/utils/mb/conv/src/lib.rs	proved(len<=8, dest cap 9)	fast	15.4s; wrapper-level fcinfo; consumed-len + full dest-buffer byte parity (incl NUL + 0xAA tail) on Ok; verdict+sqlstate-class on Err; message text out of proof; both-arm covers; oid wiring via wiring_conv_builtins; DEFAULT solver (kissat inverts); proofs/mbconv
4340	win1250_to_mic	crates/backend/utils/mb/conv/src/lib.rs	proved(len<=8, dest cap 17)	fast	13.0s; wrapper-level fcinfo; consumed-len + full dest-buffer byte parity (incl NUL + 0xAA tail) on Ok; verdict+sqlstate-class on Err; message text out of proof; both-arm covers; oid wiring via wiring_conv_builtins; DEFAULT solver (kissat inverts); proofs/mbconv
4341	mic_to_win1250	crates/backend/utils/mb/conv/src/lib.rs	proved(len<=8, dest cap 9)	fast	17.3s; wrapper-level fcinfo; consumed-len + full dest-buffer byte parity (incl NUL + 0xAA tail) on Ok; verdict+sqlstate-class on Err; message text out of proof; both-arm covers; oid wiring via wiring_conv_builtins; DEFAULT solver (kissat inverts); proofs/mbconv
4342	latin2_to_win1250	crates/backend/utils/mb/conv/src/lib.rs	proved(len<=8, dest cap 9)	fast	6.9s; wrapper-level fcinfo; consumed-len + full dest-buffer byte parity (incl NUL + 0xAA tail) on Ok; verdict+sqlstate-class on Err; message text out of proof; both-arm covers; oid wiring via wiring_conv_builtins; DEFAULT solver (kissat inverts); proofs/mbconv
4343	win1250_to_latin2	crates/backend/utils/mb/conv/src/lib.rs	proved(len<=8, dest cap 9)	fast	7.0s; wrapper-level fcinfo; consumed-len + full dest-buffer byte parity (incl NUL + 0xAA tail) on Ok; verdict+sqlstate-class on Err; message text out of proof; both-arm covers; oid wiring via wiring_conv_builtins; DEFAULT solver (kissat inverts); proofs/mbconv
4344	latin1_to_mic	crates/backend/utils/mb/conv/src/lib.rs	proved(len<=8, dest cap 17)	fast	5.4s; wrapper-level fcinfo; consumed-len + full dest-buffer byte parity (incl NUL + 0xAA tail) on Ok; verdict+sqlstate-class on Err; message text out of proof; both-arm covers; oid wiring via wiring_conv_builtins; DEFAULT solver (kissat inverts); proofs/mbconv
4345	mic_to_latin1	crates/backend/utils/mb/conv/src/lib.rs	proved(len<=8, dest cap 9)	fast	15.9s; wrapper-level fcinfo; consumed-len + full dest-buffer byte parity (incl NUL + 0xAA tail) on Ok; verdict+sqlstate-class on Err; message text out of proof; both-arm covers; oid wiring via wiring_conv_builtins; DEFAULT solver (kissat inverts); proofs/mbconv
4346	latin3_to_mic	crates/backend/utils/mb/conv/src/lib.rs	proved(len<=8, dest cap 17)	fast	4.9s; wrapper-level fcinfo; consumed-len + full dest-buffer byte parity (incl NUL + 0xAA tail) on Ok; verdict+sqlstate-class on Err; message text out of proof; both-arm covers; oid wiring via wiring_conv_builtins; DEFAULT solver (kissat inverts); proofs/mbconv
4347	mic_to_latin3	crates/backend/utils/mb/conv/src/lib.rs	proved(len<=8, dest cap 9)	fast	15.3s; wrapper-level fcinfo; consumed-len + full dest-buffer byte parity (incl NUL + 0xAA tail) on Ok; verdict+sqlstate-class on Err; message text out of proof; both-arm covers; oid wiring via wiring_conv_builtins; DEFAULT solver (kissat inverts); proofs/mbconv
4348	latin4_to_mic	crates/backend/utils/mb/conv/src/lib.rs	proved(len<=8, dest cap 17)	fast	5.5s; wrapper-level fcinfo; consumed-len + full dest-buffer byte parity (incl NUL + 0xAA tail) on Ok; verdict+sqlstate-class on Err; message text out of proof; both-arm covers; oid wiring via wiring_conv_builtins; DEFAULT solver (kissat inverts); proofs/mbconv
4349	mic_to_latin4	crates/backend/utils/mb/conv/src/lib.rs	proved(len<=8, dest cap 9)	fast	17.3s; wrapper-level fcinfo; consumed-len + full dest-buffer byte parity (incl NUL + 0xAA tail) on Ok; verdict+sqlstate-class on Err; message text out of proof; both-arm covers; oid wiring via wiring_conv_builtins; DEFAULT solver (kissat inverts); proofs/mbconv
4350	unicode_normalize_func	crates/backend/utils/adt/varlena/src/builtins.rs	excluded(wall: normalization engine) + tested(differential: fleet 10M-exec/target campaigns 2026-07-31 — vltext_diff job 1785485266, vlbytea_diff job 1785485273, vlmisc_diff jobs 1785485279+1785485968 — value+verdict+sqlstate planes, 0 divergences; corpus banked fuzz/corpus/)	-	decomposition/recomposition tables + reordering + PgVec wchar + image
4351	unicode_is_normalized	crates/backend/utils/adt/varlena/src/builtins.rs	candidate + tested(differential: fleet 10M-exec/target campaigns 2026-07-31 — vltext_diff job 1785485266, vlbytea_diff job 1785485273, vlmisc_diff jobs 1785485279+1785485968 — value+verdict+sqlstate planes, 0 divergences; corpus banked fuzz/corpus/)	ladder	varlena/src/unicode.rs SCALAR bool verdict (quick-check + fallback); mcx-stubs for utf8_to_wchars PgVec (unicode.rs:66); unicode table-search cost ~n^1.5; release-gate, len<=2 per-form
4352	big5_to_utf8	crates/backend/utils/mb/conv/src/lib.rs	wall(memory >40GB RSS cap @191s; radix-map CNF expansion pre-SAT)	wall	cap-relative verdict (40GB); first run of CJK utf8 radix row; big-node CJK/utf8 radix arm 2026-07-29 c8g.16xlarge conc3 KANI_SOLVE_RSS_GB=40, job pgrust-kani-suite-1785336155-3420-42823 (S3-verified); DEFAULT solver; per-harness pruned c-lib; proofs/mbconv
4353	utf8_to_big5	crates/backend/utils/mb/conv/src/lib.rs	wall(memory >40GB RSS cap @251s; radix-map CNF expansion pre-SAT)	wall	cap-relative verdict (40GB); first run of CJK utf8 radix row; big-node CJK/utf8 radix arm 2026-07-29 c8g.16xlarge conc3 KANI_SOLVE_RSS_GB=40, job pgrust-kani-suite-1785336155-3420-42823 (S3-verified); DEFAULT solver; per-harness pruned c-lib; proofs/mbconv
4354	utf8_to_koi8r	crates/backend/utils/mb/conv/src/lib.rs	proved(len<=8, dest cap 9)	slow	73.3s; wrapper-level fcinfo; consumed-len + full dest-buffer byte parity (incl NUL + 0xAA tail) on Ok; verdict+sqlstate-class on Err; message text out of proof; both-arm covers; oid wiring via wiring_conv_builtins; DEFAULT solver (kissat inverts); proofs/mbconv
4355	koi8r_to_utf8	crates/backend/utils/mb/conv/src/lib.rs	proved(len<=8, dest cap 25)	slow	36.6s; wrapper-level fcinfo; consumed-len + full dest-buffer byte parity (incl NUL + 0xAA tail) on Ok; verdict+sqlstate-class on Err; message text out of proof; both-arm covers; oid wiring via wiring_conv_builtins; DEFAULT solver (kissat inverts); proofs/mbconv
4356	utf8_to_koi8u	crates/backend/utils/mb/conv/src/lib.rs	proved(len<=8, dest cap 9)	slow	70.6s; wrapper-level fcinfo; consumed-len + full dest-buffer byte parity (incl NUL + 0xAA tail) on Ok; verdict+sqlstate-class on Err; message text out of proof; both-arm covers; oid wiring via wiring_conv_builtins; DEFAULT solver (kissat inverts); proofs/mbconv
4357	koi8u_to_utf8	crates/backend/utils/mb/conv/src/lib.rs	proved(len<=8, dest cap 25)	slow	37.1s; wrapper-level fcinfo; consumed-len + full dest-buffer byte parity (incl NUL + 0xAA tail) on Ok; verdict+sqlstate-class on Err; message text out of proof; both-arm covers; oid wiring via wiring_conv_builtins; DEFAULT solver (kissat inverts); proofs/mbconv
4358	utf8_to_win	crates/backend/utils/mb/conv/src/lib.rs	wall(unwinding-assertion FAIL @40GB — memory wall CLEARED; unwind(8) too tight is the standing blocker; NO divergence, unwinding-assertion-only failure)	wall	harness-defect class per mbconv law 3; re-open = raise unwind + big-node rerun; big-node CJK/utf8 radix arm 2026-07-29 c8g.16xlarge conc3 KANI_SOLVE_RSS_GB=40, job pgrust-kani-suite-1785336155-3420-42823 (S3-verified); DEFAULT solver; per-harness pruned c-lib; proofs/mbconv
4359	win_to_utf8	crates/backend/utils/mb/conv/src/lib.rs	wall(1800s mid-SAT @40GB cap; memory cleared, ~77-83s per property batch)	wall	re-open = 11-way WIN per-encoding case-split + coverage union, or longer budget; big-node CJK/utf8 radix arm 2026-07-29 c8g.16xlarge conc3 KANI_SOLVE_RSS_GB=40, job pgrust-kani-suite-1785336155-3420-42823 (S3-verified); DEFAULT solver; per-harness pruned c-lib; proofs/mbconv
4360	euc_cn_to_utf8	crates/backend/utils/mb/conv/src/lib.rs	wall(memory >40GB RSS cap @181s; radix-map CNF expansion pre-SAT)	wall	cap-relative verdict (40GB); first run of CJK utf8 radix row; big-node CJK/utf8 radix arm 2026-07-29 c8g.16xlarge conc3 KANI_SOLVE_RSS_GB=40, job pgrust-kani-suite-1785336155-3420-42823 (S3-verified); DEFAULT solver; per-harness pruned c-lib; proofs/mbconv
4361	utf8_to_euc_cn	crates/backend/utils/mb/conv/src/lib.rs	wall(memory >40GB RSS cap @250s; radix-map CNF expansion pre-SAT)	wall	cap-relative verdict (40GB); first run of CJK utf8 radix row; big-node CJK/utf8 radix arm 2026-07-29 c8g.16xlarge conc3 KANI_SOLVE_RSS_GB=40, job pgrust-kani-suite-1785336155-3420-42823 (S3-verified); DEFAULT solver; per-harness pruned c-lib; proofs/mbconv
4362	euc_jp_to_utf8	crates/backend/utils/mb/conv/src/lib.rs	wall(memory >40GB RSS cap @170s; radix-map CNF expansion pre-SAT)	wall	cap-relative verdict (40GB); first run of CJK utf8 radix row; big-node CJK/utf8 radix arm 2026-07-29 c8g.16xlarge conc3 KANI_SOLVE_RSS_GB=40, job pgrust-kani-suite-1785336155-3420-42823 (S3-verified); DEFAULT solver; per-harness pruned c-lib; proofs/mbconv
4363	utf8_to_euc_jp	crates/backend/utils/mb/conv/src/lib.rs	wall(memory >40GB RSS cap @190s; radix-map CNF expansion pre-SAT)	wall	cap-relative verdict (40GB); first run of CJK utf8 radix row; big-node CJK/utf8 radix arm 2026-07-29 c8g.16xlarge conc3 KANI_SOLVE_RSS_GB=40, job pgrust-kani-suite-1785336155-3420-42823 (S3-verified); DEFAULT solver; per-harness pruned c-lib; proofs/mbconv
4364	euc_kr_to_utf8	crates/backend/utils/mb/conv/src/lib.rs	wall(memory >40GB RSS cap @170s; radix-map CNF expansion pre-SAT)	wall	cap-relative verdict (40GB); first run of CJK utf8 radix row; big-node CJK/utf8 radix arm 2026-07-29 c8g.16xlarge conc3 KANI_SOLVE_RSS_GB=40, job pgrust-kani-suite-1785336155-3420-42823 (S3-verified); DEFAULT solver; per-harness pruned c-lib; proofs/mbconv
4365	utf8_to_euc_kr	crates/backend/utils/mb/conv/src/lib.rs	wall(memory >40GB RSS cap @200s; radix-map CNF expansion pre-SAT)	wall	cap-relative verdict (40GB); first run of CJK utf8 radix row; big-node CJK/utf8 radix arm 2026-07-29 c8g.16xlarge conc3 KANI_SOLVE_RSS_GB=40, job pgrust-kani-suite-1785336155-3420-42823 (S3-verified); DEFAULT solver; per-harness pruned c-lib; proofs/mbconv
4366	euc_tw_to_utf8	crates/backend/utils/mb/conv/src/lib.rs	wall(memory >40GB RSS cap @170s; radix-map CNF expansion pre-SAT)	wall	cap-relative verdict (40GB); first run of CJK utf8 radix row; big-node CJK/utf8 radix arm 2026-07-29 c8g.16xlarge conc3 KANI_SOLVE_RSS_GB=40, job pgrust-kani-suite-1785336155-3420-42823 (S3-verified); DEFAULT solver; per-harness pruned c-lib; proofs/mbconv
4367	utf8_to_euc_tw	crates/backend/utils/mb/conv/src/lib.rs	wall(memory >40GB RSS cap @200s; radix-map CNF expansion pre-SAT)	wall	cap-relative verdict (40GB); first run of CJK utf8 radix row; big-node CJK/utf8 radix arm 2026-07-29 c8g.16xlarge conc3 KANI_SOLVE_RSS_GB=40, job pgrust-kani-suite-1785336155-3420-42823 (S3-verified); DEFAULT solver; per-harness pruned c-lib; proofs/mbconv
4368	gb18030_to_utf8	crates/backend/utils/mb/conv/src/lib.rs	wall(memory >40GB RSS cap @341s; radix-map CNF expansion pre-SAT)	wall	cap-relative verdict (40GB); first run of CJK utf8 radix row; big-node CJK/utf8 radix arm 2026-07-29 c8g.16xlarge conc3 KANI_SOLVE_RSS_GB=40, job pgrust-kani-suite-1785336155-3420-42823 (S3-verified); DEFAULT solver; per-harness pruned c-lib; proofs/mbconv
4369	utf8_to_gb18030	crates/backend/utils/mb/conv/src/lib.rs	wall(memory >40GB RSS cap @291s; radix-map CNF expansion pre-SAT)	wall	cap-relative verdict (40GB); first run of CJK utf8 radix row; big-node CJK/utf8 radix arm 2026-07-29 c8g.16xlarge conc3 KANI_SOLVE_RSS_GB=40, job pgrust-kani-suite-1785336155-3420-42823 (S3-verified); DEFAULT solver; per-harness pruned c-lib; proofs/mbconv
4370	gbk_to_utf8	crates/backend/utils/mb/conv/src/lib.rs	wall(memory >40GB RSS cap @191s; radix-map CNF expansion pre-SAT)	wall	cap-relative verdict (40GB); first run of CJK utf8 radix row; big-node CJK/utf8 radix arm 2026-07-29 c8g.16xlarge conc3 KANI_SOLVE_RSS_GB=40, job pgrust-kani-suite-1785336155-3420-42823 (S3-verified); DEFAULT solver; per-harness pruned c-lib; proofs/mbconv
4371	utf8_to_gbk	crates/backend/utils/mb/conv/src/lib.rs	wall(memory >40GB RSS cap @230s; radix-map CNF expansion pre-SAT)	wall	cap-relative verdict (40GB); first run of CJK utf8 radix row; big-node CJK/utf8 radix arm 2026-07-29 c8g.16xlarge conc3 KANI_SOLVE_RSS_GB=40, job pgrust-kani-suite-1785336155-3420-42823 (S3-verified); DEFAULT solver; per-harness pruned c-lib; proofs/mbconv
4372	utf8_to_iso8859	crates/backend/utils/mb/conv/src/lib.rs	wall(unwinding-assertion FAIL @40GB — memory wall CLEARED; unwind(8) too tight is the standing blocker; NO divergence, unwinding-assertion-only failure)	wall	harness-defect class per mbconv law 3; re-open = raise unwind + big-node rerun; big-node CJK/utf8 radix arm 2026-07-29 c8g.16xlarge conc3 KANI_SOLVE_RSS_GB=40, job pgrust-kani-suite-1785336155-3420-42823 (S3-verified); DEFAULT solver; per-harness pruned c-lib; proofs/mbconv
4373	iso8859_to_utf8	crates/backend/utils/mb/conv/src/lib.rs	wall(1800s mid-SAT @40GB cap; memory cleared, ~77-83s per property batch)	wall	re-open = 13-way ISO per-encoding case-split + coverage union, or longer budget; big-node CJK/utf8 radix arm 2026-07-29 c8g.16xlarge conc3 KANI_SOLVE_RSS_GB=40, job pgrust-kani-suite-1785336155-3420-42823 (S3-verified); DEFAULT solver; per-harness pruned c-lib; proofs/mbconv
4374	iso8859_1_to_utf8	crates/backend/utils/mb/conv/src/lib.rs	proved(len<=8, dest cap 17)	fast	6.9s; wrapper-level fcinfo; consumed-len + full dest-buffer byte parity (incl NUL + 0xAA tail) on Ok; verdict+sqlstate-class on Err; message text out of proof; both-arm covers; oid wiring via wiring_conv_builtins; DEFAULT solver (kissat inverts); proofs/mbconv
4375	utf8_to_iso8859_1	crates/backend/utils/mb/conv/src/lib.rs	proved(len<=8, dest cap 9)	slow	39.8s; wrapper-level fcinfo; consumed-len + full dest-buffer byte parity (incl NUL + 0xAA tail) on Ok; verdict+sqlstate-class on Err; message text out of proof; both-arm covers; oid wiring via wiring_conv_builtins; DEFAULT solver (kissat inverts); proofs/mbconv
4376	johab_to_utf8	crates/backend/utils/mb/conv/src/lib.rs	wall(memory >40GB RSS cap @500s; radix-map CNF expansion pre-SAT)	wall	cap-relative verdict (40GB); first run of CJK utf8 radix row; big-node CJK/utf8 radix arm 2026-07-29 c8g.16xlarge conc3 KANI_SOLVE_RSS_GB=40, job pgrust-kani-suite-1785336155-3420-42823 (S3-verified); DEFAULT solver; per-harness pruned c-lib; proofs/mbconv
4377	utf8_to_johab	crates/backend/utils/mb/conv/src/lib.rs	wall(memory >40GB RSS cap @210s; radix-map CNF expansion pre-SAT)	wall	cap-relative verdict (40GB); first run of CJK utf8 radix row; big-node CJK/utf8 radix arm 2026-07-29 c8g.16xlarge conc3 KANI_SOLVE_RSS_GB=40, job pgrust-kani-suite-1785336155-3420-42823 (S3-verified); DEFAULT solver; per-harness pruned c-lib; proofs/mbconv
4378	sjis_to_utf8	crates/backend/utils/mb/conv/src/lib.rs	wall(memory >40GB RSS cap @180s; radix-map CNF expansion pre-SAT)	wall	cap-relative verdict (40GB); first run of CJK utf8 radix row; big-node CJK/utf8 radix arm 2026-07-29 c8g.16xlarge conc3 KANI_SOLVE_RSS_GB=40, job pgrust-kani-suite-1785336155-3420-42823 (S3-verified); DEFAULT solver; per-harness pruned c-lib; proofs/mbconv
4379	utf8_to_sjis	crates/backend/utils/mb/conv/src/lib.rs	wall(memory >40GB RSS cap @220s; radix-map CNF expansion pre-SAT)	wall	cap-relative verdict (40GB); first run of CJK utf8 radix row; big-node CJK/utf8 radix arm 2026-07-29 c8g.16xlarge conc3 KANI_SOLVE_RSS_GB=40, job pgrust-kani-suite-1785336155-3420-42823 (S3-verified); DEFAULT solver; per-harness pruned c-lib; proofs/mbconv
4380	uhc_to_utf8	crates/backend/utils/mb/conv/src/lib.rs	wall(memory >40GB RSS cap @191s; radix-map CNF expansion pre-SAT)	wall	cap-relative verdict (40GB); first run of CJK utf8 radix row; big-node CJK/utf8 radix arm 2026-07-29 c8g.16xlarge conc3 KANI_SOLVE_RSS_GB=40, job pgrust-kani-suite-1785336155-3420-42823 (S3-verified); DEFAULT solver; per-harness pruned c-lib; proofs/mbconv
4381	utf8_to_uhc	crates/backend/utils/mb/conv/src/lib.rs	wall(memory >40GB RSS cap @211s; radix-map CNF expansion pre-SAT)	wall	cap-relative verdict (40GB); first run of CJK utf8 radix row; big-node CJK/utf8 radix arm 2026-07-29 c8g.16xlarge conc3 KANI_SOLVE_RSS_GB=40, job pgrust-kani-suite-1785336155-3420-42823 (S3-verified); DEFAULT solver; per-harness pruned c-lib; proofs/mbconv
4382	euc_jis_2004_to_utf8	crates/backend/utils/mb/conv/src/lib.rs	wall(memory >40GB RSS cap @230s; radix-map CNF expansion pre-SAT)	wall	cap-relative verdict (40GB); first run of CJK utf8 radix row; big-node CJK/utf8 radix arm 2026-07-29 c8g.16xlarge conc3 KANI_SOLVE_RSS_GB=40, job pgrust-kani-suite-1785336155-3420-42823 (S3-verified); DEFAULT solver; per-harness pruned c-lib; proofs/mbconv
4383	utf8_to_euc_jis_2004	crates/backend/utils/mb/conv/src/lib.rs	wall(symex >1800s @40GB cap; killed mid path-exploration, memory not binding)	wall	combined-map 2004 pair; big-node CJK/utf8 radix arm 2026-07-29 c8g.16xlarge conc3 KANI_SOLVE_RSS_GB=40, job pgrust-kani-suite-1785336155-3420-42823 (S3-verified); DEFAULT solver; per-harness pruned c-lib; proofs/mbconv
4384	shift_jis_2004_to_utf8	crates/backend/utils/mb/conv/src/lib.rs	wall(memory >40GB RSS cap @240s; radix-map CNF expansion pre-SAT)	wall	cap-relative verdict (40GB); first run of CJK utf8 radix row; big-node CJK/utf8 radix arm 2026-07-29 c8g.16xlarge conc3 KANI_SOLVE_RSS_GB=40, job pgrust-kani-suite-1785336155-3420-42823 (S3-verified); DEFAULT solver; per-harness pruned c-lib; proofs/mbconv
4385	utf8_to_shift_jis_2004	crates/backend/utils/mb/conv/src/lib.rs	wall(symex >1800s @40GB cap; killed mid path-exploration, memory not binding)	wall	combined-map 2004 pair; big-node CJK/utf8 radix arm 2026-07-29 c8g.16xlarge conc3 KANI_SOLVE_RSS_GB=40, job pgrust-kani-suite-1785336155-3420-42823 (S3-verified); DEFAULT solver; per-harness pruned c-lib; proofs/mbconv
4386	euc_jis_2004_to_shift_jis_2004	crates/backend/utils/mb/conv/src/lib.rs	proved(len<=8, dest cap 9)	slow	120.4s over budget, documented; wrapper-level fcinfo; consumed-len + full dest-buffer byte parity (incl NUL + 0xAA tail) on Ok; verdict+sqlstate-class on Err; message text out of proof; both-arm covers; oid wiring via wiring_conv_builtins; DEFAULT solver (kissat inverts); proofs/mbconv
4387	shift_jis_2004_to_euc_jis_2004	crates/backend/utils/mb/conv/src/lib.rs	proved(len<=8, dest cap 17)	slow	646.5s Verification Time @40GB big-node retry (was wall >150s x2 small-node); wrapper-level fcinfo; consumed-len + full dest-buffer byte parity on Ok; verdict+sqlstate-class on Err; message text out of proof; both-arm covers; big-node CJK/utf8 radix arm 2026-07-29 c8g.16xlarge conc3 KANI_SOLVE_RSS_GB=40, job pgrust-kani-suite-1785336155-3420-42823 (S3-verified); DEFAULT solver; per-harness pruned c-lib; proofs/mbconv
4388	multirange_intersect_agg_transfn	crates/backend/utils/adt/multirangetypes/src/builtins.rs	excluded(agg-state: multirange_intersect_agg_transfn: aggregate transition state; pure kernel multirange_intersect_internal IS fuzzed via oid 4272)	-	multirange typcache + subtype fmgr
4401	range_intersect_agg_transfn	crates/backend/utils/adt/rangetypes/src/builtins.rs	excluded(agg-state: range_intersect_agg_transfn: aggregate transition state; pure kernel range_intersect_internal IS fuzzed via oid 3868)	-	range typcache + subtype fmgr
4541	range_contains_multirange	crates/backend/utils/adt/multirangetypes/src/builtins.rs	tested(differential: multirangetypes_diff 10M execs, value+verdict+sqlstate planes; per-type int4range/int8range/numrange typcache mock)	-	multirange typcache + subtype fmgr
4542	multirange_contained_by_range	crates/backend/utils/adt/multirangetypes/src/builtins.rs	tested(differential: multirangetypes_diff 10M execs, value+verdict+sqlstate planes; per-type int4range/int8range/numrange typcache mock)	-	multirange typcache + subtype fmgr
4543	pg_log_backend_memory_contexts	crates/backend/utils/adt/mcxtfuncs/src/lib.rs	excluded(state)	-	memory-context introspection
4545	binary_upgrade_set_next_heap_relfilenode	crates/backend/utils/adt/pg_upgrade_support/src/lib.rs	excluded(state)	-	binary-upgrade global state
4549	unicode_version	crates/backend/utils/adt/varlena/src/builtins.rs	excluded(no-logic: constant image) + tested(differential: fleet 10M-exec/target campaigns 2026-07-31 — vltext_diff job 1785485266, vlbytea_diff job 1785485273, vlmisc_diff jobs 1785485279+1785485968 — value+verdict+sqlstate planes, 0 divergences; corpus banked fuzz/corpus/)	-	builtins.rs:653 compile-time constant
4566	pg_event_trigger_table_rewrite_oid	crates/backend/commands/event_trigger/src/srf.rs	excluded(state)	-	event-trigger session state
4567	pg_event_trigger_table_rewrite_reason	crates/backend/commands/event_trigger/src/srf.rs	excluded(state)	-	event-trigger session state
4568	pg_event_trigger_ddl_commands	crates/backend/commands/event_trigger/src/srf.rs	excluded(state)	-	event-trigger session state
4595	brin_bloom_options	crates/backend/access/brin/brin_bloom/src/builtins.rs	excluded(state)	-	builtins.rs:40 LocalRelopts registration
4596	brin_bloom_summary_in	crates/backend/access/brin/brin_bloom/src/builtins.rs	proved(error-class-only: verdict+level+sqlstate 0A000; message text out of proof)	fast	0.46s default; proofs/brin-bloom eq_summary_in; w2-brin 2026-07-30
4597	brin_bloom_summary_out	crates/backend/access/brin/brin_bloom/src/builtins.rs	blocked(image/format: format! of three ints)	-	:20
4598	brin_bloom_summary_recv	crates/backend/access/brin/brin_bloom/src/builtins.rs	proved(error-class-only: verdict+level+sqlstate 0A000; message text out of proof)	fast	1.0s default; proofs/brin-bloom eq_summary_recv; w2-brin 2026-07-30
4599	brin_bloom_summary_send	crates/backend/access/brin/brin_bloom/src/builtins.rs	proved(byteasend-delegation identity cells len 0/8, symbolic content; modulo static-buffer allocator model)	ladder	102.4s/113.9s default (calibration); wrapper-level via BLOOM_BUILTINS; control must-fail verified; proofs/brin-bloom; w2-brin 2026-07-30
4620	brin_minmax_multi_options	crates/backend/access/brin/brin_minmax_multi/src/builtins.rs	excluded(state)	-	builtins.rs:345 LocalRelopts
4621	brin_minmax_multi_distance_int2	crates/backend/access/brin/brin_minmax_multi/src/builtins.rs	proved(full-i16 pair; wrapper-level, dispatch-table wiring in-theorem)	fast	0.83s kissat local 2026-07-30 (load~23); proofs/brin-minmax dist_proofs::eq_dist_int2; w2-brin
4622	brin_minmax_multi_distance_int4	crates/backend/access/brin/brin_minmax_multi/src/builtins.rs	proved(full-i32 pair; wrapper-level)	fast	1.79s kissat; dist_proofs::eq_dist_int4; w2-brin 2026-07-30
4623	brin_minmax_multi_distance_int8	crates/backend/access/brin/brin_minmax_multi/src/builtins.rs	proved(full-i64 pair; per-side f64 widen incl double rounding in-theorem)	fast	3.88s kissat; dist_proofs::eq_dist_int8; w2-brin 2026-07-30
4624	brin_minmax_multi_distance_float4	crates/backend/access/brin/brin_minmax_multi/src/builtins.rs	proved(NaN lattice full payloads + a1<=a2 contract plane)	fast	2.79s kissat; --no-overflow-checks (float rule); dist_proofs::eq_dist_float4; w2-brin 2026-07-30
4625	brin_minmax_multi_distance_float8	crates/backend/access/brin/brin_minmax_multi/src/builtins.rs	proved(NaN lattice full payloads + a1<=a2 contract plane)	fast	12.2s kissat (release-gate); dist_proofs::eq_dist_float8; w2-brin 2026-07-30
4626	brin_minmax_multi_distance_numeric	crates/backend/access/brin/brin_minmax_multi/src/builtins.rs	excluded(wall: numeric digit arithmetic + DigitBuf)	-	:98 numeric_sub_common + numeric_float8; re-opens on fixed-buffer numeric core
4627	brin_minmax_multi_distance_tid	crates/backend/access/brin/brin_minmax_multi/src/builtins.rs	proved(full 6x u16 pair; uint32 block*MaxHeapTuplesPerPage+off wrap in-theorem + constant wiring assert)	fast	7.84s kissat; dist_proofs::eq_dist_tid; w2-brin 2026-07-30
4628	brin_minmax_multi_distance_uuid	crates/backend/access/brin/brin_minmax_multi/src/builtins.rs	wall(timeout-450s BOTH solvers; 16-deep /256 pow2 chain) + tested(differential: 4.0M lex-fenced pairs + boundary spots, 0 diffs)	ladder	local loads 13-47 (w2-brin 2026-07-30); harness dist_proofs::eq_dist_uuid staged fleet-bound (SUITE wall-recorded); native_dist_chains bin
4629	brin_minmax_multi_distance_date	crates/backend/access/brin/brin_minmax_multi/src/builtins.rs	proved(full-i32 pair; wrapper-level)	fast	2.11s kissat; dist_proofs::eq_dist_date; w2-brin 2026-07-30
4630	brin_minmax_multi_distance_time	crates/backend/access/brin/brin_minmax_multi/src/builtins.rs	proved(contract [0,USECS_PER_DAY] pair; subtract-then-widen order claim) + tested(differential: full-i64 wrap plane 2.0M, 0 diffs)	fast	0.37s; fleet FAILs = out-of-contract Kani debug-overflow-check artifact (release wraps as C -fwrapv; native_dist_wrap); proofs/brin-minmax; fleet-decode 2026-07-30
4631	brin_minmax_multi_distance_interval	crates/backend/access/brin/brin_minmax_multi/src/builtins.rs	excluded(wall: %/÷ USECS_PER_DAY divider chain)	-	:144 don't negotiate
4632	brin_minmax_multi_distance_timetz	crates/backend/access/brin/brin_minmax_multi/src/builtins.rs	proved(contract times x |zone|<=86400) + tested(differential 2.0M in-bound, 0 diffs) + divergence-candidate(zone-wrap plane, ratified-unreachable expected)	fast	3.6s; zone-wrap: C int32-subtracts zones before widening, Rust widens first — value-visible only for zone diff outside i32, unreachable from timetz_in-validated zones; witness: probe_dist_timetz_zone_wrap (FAILED 0.63s, right check) + native 4/4 points diverge; fleet-decode 2026-07-30
4633	brin_minmax_multi_distance_pg_lsn	crates/backend/access/brin/brin_minmax_multi/src/builtins.rs	proved(full-u64 pair; wrapping_sub claim)	fast	0.41s kissat; dist_proofs::eq_dist_pg_lsn; w2-brin 2026-07-30
4634	brin_minmax_multi_distance_macaddr	crates/backend/access/brin/brin_minmax_multi/src/builtins.rs	proved(full 6-byte pairs, lex a<=b fence; /256 pow2 chain full-domain)	ladder	111.5s kissat local under load~11 (calibration tier); dist_proofs::eq_dist_macaddr; w2-brin 2026-07-30
4635	brin_minmax_multi_distance_macaddr8	crates/backend/access/brin/brin_minmax_multi/src/builtins.rs	wall(timeout-450s BOTH solvers; 8-deep /256 pow2 chain) + tested(differential: 4.0M lex-fenced pairs + boundary spots, 0 diffs)	ladder	local loads 13-27 (w2-brin 2026-07-30); dist_proofs::eq_dist_macaddr8 staged fleet-bound; macaddr 6-deep proved 111.5s = chain-cost calibration
4636	brin_minmax_multi_distance_inet	crates/backend/access/brin/brin_minmax_multi/src/builtins.rs	proved(family-mismatch arm full + v4 full addr+bits masked-prefix fence) + wall(v6 timeout-450s BOTH solvers) + tested(differential: v4+v6 2.0M each, 0 diffs)	ladder	mismatch 1.02s / v4 39.4s kissat; v6 staged fleet-bound; w2-brin 2026-07-30
4637	brin_minmax_multi_distance_timestamp	crates/backend/access/brin/brin_minmax_multi/src/builtins.rs	proved(full-i64 pair; widen-then-subtract order claim)	fast	3.76s kissat; dist_proofs::eq_dist_timestamp; w2-brin 2026-07-30
4638	brin_minmax_multi_summary_in	crates/backend/access/brin/brin_minmax_multi/src/builtins.rs	proved(error-class-only: verdict+level+sqlstate 0A000; message text out of proof)	fast	0.49s default; dist_proofs::eq_summary_in; w2-brin 2026-07-30
4639	brin_minmax_multi_summary_out	crates/backend/access/brin/brin_minmax_multi/src/builtins.rs	excluded(blocked: mcx/fmgr — deserialize + per-element out-fn dispatch + array_out + format!)	-	:242
4640	brin_minmax_multi_summary_recv	crates/backend/access/brin/brin_minmax_multi/src/builtins.rs	proved(error-class-only: verdict+level+sqlstate 0A000; message text out of proof)	fast	1.82s default; dist_proofs::eq_summary_recv; w2-brin 2026-07-30
4641	brin_minmax_multi_summary_send	crates/backend/access/brin/brin_minmax_multi/src/builtins.rs	proved(byteasend-delegation identity cells len 0/8, symbolic content; modulo static-buffer allocator model)	ladder	126.5s/134.9s default solver (calibration); wrapper-level via MINMAX_MULTI_BUILTINS; send control must-fail verified; proofs/brin-minmax send_proofs; w2-brin 2026-07-30
5001	phraseto_tsquery	crates/backend/tsearch/to_tsany/src/builtins.rs	excluded(engine)	-	tsearch parser+config engine
5003	tsquery_phrase	crates/backend/utils/adt/tsquery_core/src/builtins.rs	tested(differential: tsquery_core_diff fleet 10.0M execs 0 div pgrust-fuzz-campaign-1785561085-0570-99881 @213fabcd64; planes image-bytes+text-out+wire+verdict+errclass+fc-wrapper+soft-error+notice; measured at lane tip proofs/p1-tsquery)	-	tsquery parse/exec engine
5004	tsquery_phrase_distance	crates/backend/utils/adt/tsquery_core/src/builtins.rs	tested(differential: tsquery_core_diff fleet 10.0M execs 0 div pgrust-fuzz-campaign-1785561085-0570-99881 @213fabcd64; planes image-bytes+text-out+wire+verdict+errclass+fc-wrapper+soft-error+notice; measured at lane tip proofs/p1-tsquery)	-	tsquery parse/exec engine
5006	phraseto_tsquery_byid	crates/backend/tsearch/to_tsany/src/builtins.rs	excluded(engine)	-	tsearch parser+config engine
5007	websearch_to_tsquery_byid	crates/backend/tsearch/to_tsany/src/builtins.rs	excluded(engine)	-	tsearch parser+config engine
5009	websearch_to_tsquery	crates/backend/tsearch/to_tsany/src/builtins.rs	excluded(engine)	-	tsearch parser+config engine
5010	spg_bbox_quad_config	crates/backend/access/spgist/spgist_box/src/lib.rs	proved(fmgr-level; all fields incl leafType split vs 5012; modulo static-buffer allocator model)	fast	proofs/spgist-geo eq_spg_bbox_config_h kissat 113.8s (load~19)
5011	spg_poly_quad_compress	crates/backend/access/spgist/spgist_box/src/lib.rs	authored(fleet-bound)	ladder	proofs/spgist-geo eq_spg_poly_quad_compress codegen-gated; npts=1 polygon image, 4xf64 boundbox image parity
5012	spg_box_quad_config	crates/backend/access/spgist/spgist_box/src/lib.rs	proved(fmgr-level; all fields incl untouched-zero; modulo static-buffer allocator model)	fast	proofs/spgist-geo eq_spg_box_config_h kissat 110.8s (load~20)
5013	spg_box_quad_choose	crates/backend/access/spgist/spgist_box/src/lib.rs	authored(fleet-bound)	fast	proofs/spgist-geo eq_spg_box_quad_choose codegen-gated; 4 raw f64 > compares incl NaN plane + allTheSame zero-nodeN arm
5014	spg_box_quad_picksplit	crates/backend/access/spgist/spgist_box/src/lib.rs	blocked(alloc/sort: PgVec arrays + total_cmp sort — declared NaN/-0.0 median difference vs C)	-	:284
5015	spg_box_quad_inner_consistent	crates/backend/access/spgist/spgist_box/src/lib.rs	authored(fleet-bound)	ladder	proofs/spgist-geo eq_spg_box_quad_inner codegen-gated; 16-quadrant nextRectBox loop, nkeys<=1 box strategies, root traversal; ladder tier
5016	spg_box_quad_leaf_consistent	crates/backend/access/spgist/spgist_box/src/lib.rs	authored(fleet-bound)	fast	proofs/spgist-geo eq_spg_box_quad_leaf codegen-gated; BOXOID keys nkeys<=1, all 12 strategies, returnData gate; polygon-key arm = follow-up
5018	pg_mcv_list_in	crates/backend/statistics/statistics/src/builtins.rs	excluded(state)	-	stats catalog reads
5019	pg_mcv_list_out	crates/backend/statistics/statistics/src/builtins.rs	excluded(state)	-	stats catalog reads
5020	pg_mcv_list_recv	crates/backend/statistics/statistics/src/builtins.rs	excluded(state)	-	stats catalog reads
5021	pg_mcv_list_send	crates/backend/statistics/statistics/src/builtins.rs	excluded(state)	-	stats catalog reads
5022	pg_lsn_pli	crates/backend/utils/adt/pg_lsn/src/builtins.rs	tested(differential: pg_lsn_diff coverage-guided 30.3M local + 2x10M fleet (jobs ...49150/...92969), 0 diffs; value+numeric-image+errcode planes)	-	pg_lsn_pli lib.rs:152: u64_to_numeric + numeric_add_common + var_to_uint64; NaN err plane FAST as slice; DigitBuf lane; prior verdict blocked(numeric fixed-buffer core (DigitBuf)) (DigitBuf proof wall stands; fuzz-only route per LIT-REVIEW 8.1c, p1-lane0a 2026-07-30)
5024	pg_lsn_mii	crates/backend/utils/adt/pg_lsn/src/builtins.rs	tested(differential: pg_lsn_diff coverage-guided 30.3M local + 2x10M fleet (jobs ...49150/...92969), 0 diffs; value+numeric-image+errcode planes)	-	pg_lsn_mii lib.rs:161: = 5022 with sub; prior verdict blocked(numeric fixed-buffer core (DigitBuf)) (DigitBuf proof wall stands; fuzz-only route per LIT-REVIEW 8.1c, p1-lane0a 2026-07-30)
5029	pg_ls_tmpdir_noargs	crates/backend/utils/adt/genfile/src/builtins.rs	excluded(state)	-	server filesystem access
5030	pg_ls_tmpdir_1arg	crates/backend/utils/adt/genfile/src/builtins.rs	excluded(state)	-	server filesystem access
5031	pg_ls_archive_statusdir	crates/backend/utils/adt/genfile/src/builtins.rs	excluded(state)	-	server filesystem access
5034	xid8lt	crates/backend/utils/adt/scalar/src/builtins.rs	proved(full-u64xu64, wrapper-level)	fast	0.11-0.15s; proofs/scalar-misc
5035	xid8gt	crates/backend/utils/adt/scalar/src/builtins.rs	proved(full-u64xu64, wrapper-level)	fast	0.11-0.15s; proofs/scalar-misc
5036	xid8le	crates/backend/utils/adt/scalar/src/builtins.rs	proved(full-u64xu64, wrapper-level)	fast	0.11-0.15s; proofs/scalar-misc
5037	xid8ge	crates/backend/utils/adt/scalar/src/builtins.rs	proved(full-u64xu64, wrapper-level)	fast	0.11-0.15s; proofs/scalar-misc
5042	numeric_min_scale	crates/backend/utils/adt/numeric/src/builtins.rs	tested(differential: numeric_io_diff+numeric_ops_diff 10M+10.05M fleet execs 0-div @398465c499, planes value-image+verdict+sqlstate; jobs -67307/-51880 2026-07-31)	fast	16.1s kissat + covers 3/3 + weight-skew control FAILED-right-check; proofs/numeric-probe N4 (DigitBuf unblock 2026-07-30, var.rs stub seams digit_buf_heap_realloc/digit_buf_put) | prior: proved(finite nd<=4 unstripped, both header forms; from_view SYMBOLIC-nd in-theorem; modulo inline-capacity DigitBuf allocator model — heap arm unreachable/panics; fc special->NULL arm tested-tier)
5043	numeric_trim_scale	crates/backend/utils/adt/numeric/src/builtins.rs	tested(differential: numeric_io_diff+numeric_ops_diff 10M+10.05M fleet execs 0-div @398465c499, planes value-image+verdict+sqlstate; jobs -67307/-51880 2026-07-31)	calibration	241s kissat + covers 4/4 (142s: short+long forms, trimmed, overflow arm); proofs/numeric-probe N4 (DigitBuf unblock 2026-07-30) | prior: proved(full lattice nd<=4 unstripped; full varlena image byte-compare; err arm verdict parity (weight-underflow reachable); special arm = image identity; modulo inline-capacity DigitBuf allocator + TLS word-pool models)
5044	int4gcd	crates/backend/utils/adt/int/src/builtins.rs	excluded(wall: data-dependent Euclid)	-	int/src/lib.rs:714
5045	int8gcd	crates/backend/utils/adt/int8/src/builtins.rs	excluded(wall: data-dependent Euclid)	-	int8 sibling, 64-bit modulo chain
5046	int4lcm	crates/backend/utils/adt/int/src/builtins.rs	excluded(wall: Euclid + symbolic divide)	-	int/src/lib.rs:718; arg1/gcd 32-bit dividend
5047	int8lcm	crates/backend/utils/adt/int8/src/builtins.rs	excluded(wall: Euclid + symbolic divide)	-	int8 sibling
5048	gcd	crates/backend/utils/adt/numeric/src/builtins.rs	tested(differential: numeric_io_diff+numeric_ops_diff 10M+10.05M fleet execs 0-div @398465c499, planes value-image+verdict+sqlstate; jobs -67307/-51880 2026-07-31)	-	gcd_var math.rs:216 (mod_var loop); already TRIAGE-excluded shape | prior: excluded(wall: data-dependent Euclid loop)
5049	lcm	crates/backend/utils/adt/numeric/src/builtins.rs	tested(differential: numeric_io_diff+numeric_ops_diff 10M+10.05M fleet execs 0-div @398465c499, planes value-image+verdict+sqlstate; jobs -67307/-51880 2026-07-31)	-	gcd_var + mul_var/div_var | prior: excluded(wall: data-dependent Euclid + mul/div)
5050	btvarstrequalimage	crates/backend/utils/adt/varlena/src/builtins.rs	proved(full-u32 collid x symbolic det seam; C/POSIX pinned)	fast	fleet; proofs/strings-scalar
5051	btequalimage	crates/backend/access/nbtree/compare/src/builtins.rs	proved(fc-level via LocalFcinfo; full-u32)	fast	fleet; proofs/int-cmp; closes nbt_compare crate
5052	pg_get_shmem_allocations	crates/backend/storage/ipc/shmem/src/lib.rs	excluded(state)	-	shared-memory introspection
5053	pg_stat_get_ins_since_vacuum	crates/backend/utils/adt/pgstatfuncs/src/lib.rs	excluded(state)	-	pg_stat shared-memory/catalog reads
5054	jsonb_set_lax	crates/backend/utils/adt/jsonb/src/builtins.rs	excluded(non-strict fc plane + null_value_treatment engine arg; delegated set_path_common/delete cores fuzz-covered via jsonbops_diff set/insert/delete_path arms; image wall retired)	-	builtins.rs:604; null_value_treatment dispatch + must-not-be-null error class = cheap slice, not a row; path-subscript VT whitespace defect (sibling of 3217, via the shared mutate.rs:439 set_path core) FIXED 2026-07-30 via pg_string::strtoint10_strict
5055	pg_snapshot_in	crates/backend/utils/adt/xid8funcs/src/builtins.rs	wall(pg_snapshot_in cap6 600s); strtou64 core proved(len<=8, modulo glibc-strtoul model, shim X4) 6.0s	wall	wave-5 2026-07-30; proofs/scalar-misc xid8snap; UNRECONCILED vs lane pick-b (proofs/xid8snap): pick-b additionally proved kernels strtou64 len<=6 value+end + empty-input reject verdict/22P02/level and called the row proved(wall-split); accept-arm image walls on BOTH lanes — needs adjudication PAIRING-OF-INSTRUMENTS (2026-07-31, p1-lanep): strtou64 carried a REAL shipped divergence the proved(len<=8) fence provably could not see (repro needs >=20 digits): overflow saturate-then-negate returned 1 where libc/PG return the un-negated ERANGE clamp u64::MAX; found by snapio_diff differential fuzz at exec ~25.6k, fixed (commit 3771a9a984), ground-truthed vs postgres:18.3 Docker; the fuzz plane covers exactly the region the bounded proof cannot. + tested(differential: snapio_diff fleet 10.0M execs 0 div 2026-07-31 job pgrust-fuzz-campaign-1785482105-5597-93160; planes value-image/verdict/errcode + fc-wrapper)
5056	pg_snapshot_out	crates/backend/utils/adt/xid8funcs/src/builtins.rs	excluded(wall: result-image + full-u64 digit-emission /10 chain)	wall	same prosrc as oid 2940; snapshot_out_bytes lib.rs:236 push_u64 /10 loop over full u64 = sloped-wall class; read-side kernels (SnapView layout) proved in proofs/xid8snap + tested(differential: snapio_diff fleet 10.0M execs 0 div 2026-07-31 job pgrust-fuzz-campaign-1785482105-5597-93160; planes value-image/verdict/errcode + fc-wrapper)
5057	pg_snapshot_recv	crates/backend/utils/adt/xid8funcs/src/builtins.rs	proved(err/short/validation planes: cells d0-d4,d12,d19 + nxip-cap x-check + 3-arm cover; Ok-image cells wall)	ladder	same prosrc as 2941; recv core via harness-built StringInfo; Err classes 08P01/22P03 sqlstate parity proved. Ok-image cells (d20n0/d20n1/d28n1/d36n0/d36n2) = CNF wall at 40GB default solver; kissat terminates VERIFICATION FAILED but UNDECODED (playback unreachable in 580s) — native 1.2M-frame differential (proofs/xid8snap/tests/native_snapshot_recv.rs: boundary planes, dups, truncations, trailing junk) found ZERO divergence; CBMC byte-pun artifact suspect (3:1 law). NOT gated green; decode owed. proofs/xid8snap sendrecv 2026-07-30 + tested(differential: snapio_diff fleet 10.0M execs 0 div 2026-07-31 job pgrust-fuzz-campaign-1785482105-5597-93160; planes value-image/verdict/errcode + fc-wrapper)
5058	pg_snapshot_send	crates/backend/utils/adt/xid8funcs/src/builtins.rs	proved(entry-point fc_pg_snapshot_send; nxip in {0,1,2} literal cells, sym xmin/xmax/xips)	ladder	same prosrc as 2942; wire image (4+20+8*nxip) byte-equal vs REL_18 C; + must-fail xmax-skew control. fleet c8g 30-40s/cell. proofs/xid8snap sendrecv 2026-07-30 + tested(differential: snapio_diff fleet 10.0M execs 0 div 2026-07-31 job pgrust-fuzz-campaign-1785482105-5597-93160; planes value-image/verdict/errcode + fc-wrapper)
5059	pg_current_xact_id	crates/backend/utils/adt/xid8funcs/src/builtins.rs	excluded(state:live-xact)	-	live transaction/snapshot state, nothing value-level to prove; proofs/scalar-misc wave-5 triage
5060	pg_current_xact_id_if_assigned	crates/backend/utils/adt/xid8funcs/src/builtins.rs	excluded(state:live-xact)	-	live transaction/snapshot state, nothing value-level to prove; proofs/scalar-misc wave-5 triage
5061	pg_current_snapshot	crates/backend/utils/adt/xid8funcs/src/builtins.rs	excluded(state)		same prosrc as oid 2944; ReadNextFullTransactionId + GetActiveSnapshot server state; its epoch-widening core full_xid_from_allowable_at lib.rs:81 PROVED full-domain (fenced to transam.h caller contract) in proofs/xid8snap
5062	pg_snapshot_xmin	crates/backend/utils/adt/xid8funcs/src/builtins.rs	proved(layout projection, symbolic snapshot, post-detoast fence)	fast	same prosrc as oid 2945; eq_snapview_layout 0.7s: SnapView offset arithmetic (lib.rs:24-26 C-struct-offset comment claim) vs C member reads; proofs/xid8snap
5063	pg_snapshot_xmax	crates/backend/utils/adt/xid8funcs/src/builtins.rs	proved(nxip<=2 symbolic snapshot + epoch-core fence (transam.h Assert precondition), wrapper-level)	fast	4.4s; proofs/scalar-misc xid8snap wave5
5064	pg_snapshot_xip	crates/backend/utils/adt/xid8funcs/src/builtins.rs	excluded(engine: SRF protocol)		same prosrc as oid 2947; funcapi SRF machinery; the xip[i] element read itself proved in eq_snapview_layout (proofs/xid8snap)
5065	pg_visible_in_snapshot	crates/backend/utils/adt/xid8funcs/src/builtins.rs	proved(linear arm nxip<=4 full-symbolic; bsearch arm nxip 31..=33 literal-split, sorted fence, modulo bsearch libc model)	fast	same prosrc as oid 2948; is_visible_fxid lib.rs:93; linear 17.7s kissat; bsearch cells 27-62s default solver (kissat false-fails unwinding asserts; load-inflated); sorted fence = superset of on-disk rep; both-arm covers; proofs/xid8snap
5066	pg_xact_status	crates/backend/utils/adt/xid8funcs/src/builtins.rs	excluded(state)		same prosrc as oid 3360; lwlock + clog/procarray seams; its TransactionIdInRecentPast epoch logic reuses full_xid_from_allowable_at, PROVED in proofs/xid8snap
5070	xid8in	crates/backend/utils/adt/scalar/src/builtins.rs	proved(len<=5 sym + 10 spots; len 6-12 wall)	fast	proofs/misc-ops
5071	xid8toxid	crates/backend/utils/adt/scalar/src/builtins.rs	proved(full-u64)	fast	0.11s; proofs/scalar-misc
5081	xid8out	crates/backend/utils/adt/scalar/src/builtins.rs	proved(band+spots to u64::MAX incl 19/20-digit)	fast	proofs/misc-ops
5082	xid8recv	crates/backend/utils/adt/scalar/src/builtins.rs	excluded(blocked: recv ABI pointer-datum)	-	builtins.rs:216 arg_stringinfo (= xidrecv class); core would be bare pq_getmsgint64
5083	xid8send	crates/backend/utils/adt/scalar/src/builtins.rs	proved(full-u64, wrapper-level, modulo static-buffer allocator model)	slow	106.4s kissat; uint32send-skew control fails as designed 94.4s; wave-5 2026-07-30; proofs/scalar-misc
5084	xid8eq	crates/backend/utils/adt/scalar/src/builtins.rs	proved(full-u64xu64, wrapper-level)	fast	0.11-0.15s; proofs/scalar-misc
5085	xid8ne	crates/backend/utils/adt/scalar/src/builtins.rs	proved(full-u64xu64, wrapper-level)	fast	0.11-0.15s; proofs/scalar-misc
5086	anycompatible_in	crates/backend/utils/adt/pseudotypes/src/builtins.rs	proved(err-parity: verdict+sqlstate+level; all args ignored)	fast	~0.6s default solver; proofs/pseudotypes eq_anycompatible_in; wrapper-level via LocalFcinfo (call1, null Datum); C MAKE_SQLSTATE computed vs shipped with_sqlstate — 0A000 encoding in-theorem; message text/location out of proof; Err-arm cover! + shell_in must-fail control
5087	anycompatible_out	crates/backend/utils/adt/pseudotypes/src/builtins.rs	proved(err-parity: verdict+sqlstate+level; all args ignored)	fast	~0.6s default solver; proofs/pseudotypes eq_anycompatible_out; wrapper-level via LocalFcinfo (call1, null Datum); C MAKE_SQLSTATE computed vs shipped with_sqlstate — 0A000 encoding in-theorem; message text/location out of proof; Err-arm cover! + shell_in must-fail control
5088	anycompatiblearray_in	crates/backend/utils/adt/pseudotypes/src/builtins.rs	proved(err-parity: verdict+sqlstate+level; all args ignored)	fast	~0.6s default solver; proofs/pseudotypes eq_anycompatiblearray_in; wrapper-level via LocalFcinfo (call1, null Datum); C MAKE_SQLSTATE computed vs shipped with_sqlstate — 0A000 encoding in-theorem; message text/location out of proof; Err-arm cover! + shell_in must-fail control
5090	anycompatiblearray_recv	crates/backend/utils/adt/pseudotypes/src/builtins.rs	proved(err-parity: verdict+sqlstate+level; all args ignored)	fast	~0.6s default solver; proofs/pseudotypes eq_anycompatiblearray_recv; wrapper-level via LocalFcinfo (call1, null Datum); C MAKE_SQLSTATE computed vs shipped with_sqlstate — 0A000 encoding in-theorem; message text/location out of proof; Err-arm cover! + shell_in must-fail control
5092	anycompatiblenonarray_in	crates/backend/utils/adt/pseudotypes/src/builtins.rs	proved(err-parity: verdict+sqlstate+level; all args ignored)	fast	~0.6s default solver; proofs/pseudotypes eq_anycompatiblenonarray_in; wrapper-level via LocalFcinfo (call1, null Datum); C MAKE_SQLSTATE computed vs shipped with_sqlstate — 0A000 encoding in-theorem; message text/location out of proof; Err-arm cover! + shell_in must-fail control
5093	anycompatiblenonarray_out	crates/backend/utils/adt/pseudotypes/src/builtins.rs	proved(err-parity: verdict+sqlstate+level; all args ignored)	fast	~0.6s default solver; proofs/pseudotypes eq_anycompatiblenonarray_out; wrapper-level via LocalFcinfo (call1, null Datum); C MAKE_SQLSTATE computed vs shipped with_sqlstate — 0A000 encoding in-theorem; message text/location out of proof; Err-arm cover! + shell_in must-fail control
5094	anycompatiblerange_in	crates/backend/utils/adt/pseudotypes/src/builtins.rs	proved(err-parity: verdict+sqlstate+level; all args ignored)	fast	~0.6s default solver; proofs/pseudotypes eq_anycompatiblerange_in; wrapper-level via LocalFcinfo (call1, null Datum); C MAKE_SQLSTATE computed vs shipped with_sqlstate — 0A000 encoding in-theorem; message text/location out of proof; Err-arm cover! + shell_in must-fail control
5096	xid8cmp	crates/backend/utils/adt/scalar/src/builtins.rs	proved(full-u64xu64, wrapper-level)	fast	0.11-0.15s; proofs/scalar-misc
5097	xid8_larger	crates/backend/utils/adt/scalar/src/builtins.rs	proved(full-u64)	fast	0.14s; proofs/scalar-misc
5098	xid8_smaller	crates/backend/utils/adt/scalar/src/builtins.rs	proved(full-u64)	fast	0.14s; proofs/scalar-misc
6003	pg_replication_origin_create	crates/backend/replication/origin/src/funcs.rs	excluded(state)	-	replication origin shared state
6004	pg_replication_origin_drop	crates/backend/replication/origin/src/funcs.rs	excluded(state)	-	replication origin shared state
6005	pg_replication_origin_oid	crates/backend/replication/origin/src/funcs.rs	excluded(state)	-	replication origin shared state
6006	pg_replication_origin_session_setup	crates/backend/replication/origin/src/funcs.rs	excluded(state)	-	replication origin shared state
6007	pg_replication_origin_session_reset	crates/backend/replication/origin/src/funcs.rs	excluded(state)	-	replication origin shared state
6008	pg_replication_origin_session_is_setup	crates/backend/replication/origin/src/funcs.rs	excluded(state)	-	replication origin shared state
6009	pg_replication_origin_session_progress	crates/backend/replication/origin/src/funcs.rs	excluded(state)	-	replication origin shared state
6010	pg_replication_origin_xact_setup	crates/backend/replication/origin/src/funcs.rs	excluded(state)	-	replication origin shared state
6011	pg_replication_origin_xact_reset	crates/backend/replication/origin/src/funcs.rs	excluded(state)	-	replication origin shared state
6012	pg_replication_origin_advance	crates/backend/replication/origin/src/funcs.rs	excluded(state)	-	replication origin shared state
6013	pg_replication_origin_progress	crates/backend/replication/origin/src/funcs.rs	excluded(state)	-	replication origin shared state
6014	pg_show_replication_origin_status	crates/backend/replication/origin/src/funcs.rs	excluded(state)	-	replication origin shared state
6099	icu_unicode_version	crates/backend/utils/adt/varlena/src/builtins.rs	excluded(blocked: ICU FFI seam)	-	builtins.rs:663 pg_locale_seams libicu
6103	numeric_pg_lsn	crates/backend/utils/adt/pg_lsn/src/builtins.rs	tested(differential: pg_lsn_diff coverage-guided 30.3M local + 2x10M fleet (jobs ...49150/...92969), 0 diffs; value+numeric-image+errcode planes)	-	numeric_pg_lsn lib.rs:136: var_to_uint64 base-10000 reconstruction (x10000 accumulation, sloped); special/range err planes FAST as slices; DigitBuf lane; prior verdict blocked(numeric fixed-buffer core (DigitBuf)) (DigitBuf proof wall stands; fuzz-only route per LIT-REVIEW 8.1c, p1-lane0a 2026-07-30)
6105	unicode_assigned	crates/backend/utils/adt/varlena/src/builtins.rs	candidate + tested(differential: fleet 10M-exec/target campaigns 2026-07-31 — vltext_diff job 1785485266, vlbytea_diff job 1785485273, vlmisc_diff jobs 1785485279+1785485968 — value+verdict+sqlstate planes, 0 divergences; corpus banked fuzz/corpus/)	ladder	unicode.rs:48 scalar bool; UTF8 ereport arm + utf8_to_unicode/pg_utf_mblen (proved) + unicode_category binary search (proved full-u32); table-search ~107s class; release-gate len<=3
6107	pg_stat_get_backend_subxact	crates/backend/utils/adt/pgstatfuncs/src/lib.rs	excluded(state)	-	pg_stat shared-memory/catalog reads
6119	pg_get_publication_tables	crates/backend/catalog/pg_publication/src/lib.rs	excluded(state)	-	publication catalog reads
6120	pg_get_replica_identity_index	crates/backend/replication/logical/relation/src/lib.rs	excluded(state)	-	logical rel-sync state
6121	pg_relation_is_publishable	crates/backend/catalog/pg_publication/src/lib.rs	excluded(state)	-	publication catalog reads
6154	multirange_gist_consistent	crates/backend/utils/adt/rangetypes_gist/src/lib.rs	candidate	ladder	:465 -> consistent_int_multirange :272 / leaf :369; typcache-inst rig + fixed nranges 1/2 cells
6156	multirange_gist_compress	crates/backend/utils/adt/rangetypes_gist/src/lib.rs	blocked(image+alloc: multirange_get_union_range + leaked image — needs fixed-buffer make_range core)	-	:507 same blocker as 3876
6159	pg_get_catalog_foreign_keys	crates/backend/utils/adt/adt_misc/src/builtins.rs	excluded(state)	-	SRF/tupdesc machinery over static table
6160	text_to_table	crates/backend/utils/adt/varlena/src/builtins.rs	excluded(blocked: SRF tuplestore)	-	split_text::fc_text_to_table ReturnSetInfo/tuplestore
6161	text_to_table_null	crates/backend/utils/adt/varlena/src/builtins.rs	excluded(blocked: SRF tuplestore)	-	same body
6162	bit_bit_count	crates/backend/utils/adt/varbit/src/lib.rs	proved(shipped fc wrapper through LocalFcinfo, len<=8 symbolic)	fast	1.6s; proofs/varbit-rows relaunch 2026-07-29 (re-derived)
6163	bytea_bit_count	crates/backend/utils/adt/varlena/src/builtins.rs	proved(scalar table path, len<=7 symbolic content) + excluded(blocked:simd — pg_popcount len>=8 takes NEON popcount_optimized, Kani unsupported_construct; bitutils precedent)	fast	1.1s kissat; eq_bytea_bit_count; proofs/bytea-cmp (varbit W10 continuation 2026-07-30)
6168	pg_xact_commit_timestamp_origin	crates/backend/access/transam/commit_ts/src/fmgr_builtins.rs	excluded(state: SLRU/shmem)	-	commit_ts fmgr_builtins.rs:90
6169	pg_stat_get_replication_slot	crates/backend/utils/adt/pgstatfuncs/src/lib.rs	excluded(state)	-	pg_stat shared-memory/catalog reads
6170	pg_stat_reset_replication_slot	crates/backend/utils/adt/pgstatfuncs/src/lib.rs	excluded(state)	-	pg_stat shared-memory/catalog reads
6172	trim_array	crates/backend/utils/adt/array_userfuncs/src/builtins.rs	tested(differential: array_userfuncs_diff fleet campaigns (base ...949-0ed6-78397 found DIV-3, extended 10M execs clean job ...101-1c85-13840), value+verdict+errcode planes, int4/text/int8 pinned elements, 1-6D, deterministic PRNG parity for shuffle/sample)	-	p1-laneai 2026-07-31; residuals in proofs/coverage/phase1-exceptions.tsv; DIV-1/DIV-3 -fwrapv fixes landed this lane
6173	pg_get_statisticsobjdef_expressions	crates/backend/utils/adt/ruleutils/src/builtins.rs	excluded(state)	-	catalog deparse machinery
6174	pg_get_statisticsobjdef_columns	crates/backend/utils/adt/ruleutils/src/builtins.rs	excluded(state)	-	catalog deparse machinery
6177	timestamp_bin	crates/backend/utils/adt/adt_date/src/builtins.rs	excluded(wall: symbolic/symbolic stride division; literal-stride cells = follow-up)	-	proofs/datetime-b lane D
6178	timestamptz_bin	crates/backend/utils/adt/adt_date/src/builtins.rs	excluded(wall: symbolic/symbolic stride division)	-	proofs/datetime-b lane D
6185	pg_stat_get_db_session_time	crates/backend/utils/adt/pgstatfuncs/src/lib.rs	excluded(state)	-	pg_stat shared-memory/catalog reads
6186	pg_stat_get_db_active_time	crates/backend/utils/adt/pgstatfuncs/src/lib.rs	excluded(state)	-	pg_stat shared-memory/catalog reads
6187	pg_stat_get_db_idle_in_transaction_time	crates/backend/utils/adt/pgstatfuncs/src/lib.rs	excluded(state)	-	pg_stat shared-memory/catalog reads
6188	pg_stat_get_db_sessions	crates/backend/utils/adt/pgstatfuncs/src/lib.rs	excluded(state)	-	pg_stat shared-memory/catalog reads
6189	pg_stat_get_db_sessions_abandoned	crates/backend/utils/adt/pgstatfuncs/src/lib.rs	excluded(state)	-	pg_stat shared-memory/catalog reads
6190	pg_stat_get_db_sessions_fatal	crates/backend/utils/adt/pgstatfuncs/src/lib.rs	excluded(state)	-	pg_stat shared-memory/catalog reads
6191	pg_stat_get_db_sessions_killed	crates/backend/utils/adt/pgstatfuncs/src/lib.rs	excluded(state)	-	pg_stat shared-memory/catalog reads
6192	hash_record	crates/backend/utils/adt/rowtypes/src/lib.rs	excluded(typcache)	-	generic record ops need typcache
6193	hash_record_extended	crates/backend/utils/adt/rowtypes/src/lib.rs	excluded(typcache)	-	generic record ops need typcache
6195	bytealtrim	crates/backend/utils/adt/oracle_compat/src/builtins.rs	tested(differential: oraclefam_diff fleet 2x10M execs 0 div — jobs pgrust-fuzz-campaign-1785508394-540a-34016 + pgrust-fuzz-campaign-1785509898-3498-66645 @ 4c690bacec; planes value+verdict+sqlstate; encodings SQL_ASCII/UTF8/LATIN1 (+EUC_JP ascii/chr rejects); invalid-collid 42P22 arm; corpus 3303 committed; p1-laneaj)	fast | campaign p1-laneaj 2026-07-31	dobyteatrim pure window scan, no mb/locale; SCALAR SLICE (start,len) caps s<=8,set<=4; image = short explicit-extent copy (send-class); host proofs/strings-scalar; left arm
6196	byteartrim	crates/backend/utils/adt/oracle_compat/src/builtins.rs	tested(differential: oraclefam_diff fleet 2x10M execs 0 div — jobs pgrust-fuzz-campaign-1785508394-540a-34016 + pgrust-fuzz-campaign-1785509898-3498-66645 @ 4c690bacec; planes value+verdict+sqlstate; encodings SQL_ASCII/UTF8/LATIN1 (+EUC_JP ascii/chr rejects); invalid-collid 42P22 arm; corpus 3303 committed; p1-laneaj)	fast | campaign p1-laneaj 2026-07-31	dobyteatrim pure window scan, no mb/locale; SCALAR SLICE (start,len) caps s<=8,set<=4; image = short explicit-extent copy (send-class); host proofs/strings-scalar; right arm
6192	hash_record	crates/backend/utils/adt/rowtypes/src/lib.rs	tested(differential: rowtypes_diff fleet campaigns 10M+10M execs clean (jobs ...936-57c8-77827 base, ...095-6aad-13291 extended family), value+verdict+errcode planes, 7-descriptor pinned-typcache menu incl byval 1/2/4/8 + fixed byref + varlena + dropped)	-	p1-laneai 2026-07-31; residual arms carried in proofs/coverage/phase1-exceptions.tsv
6193	hash_record_extended	crates/backend/utils/adt/rowtypes/src/lib.rs	tested(differential: rowtypes_diff fleet campaigns 10M+10M execs clean (jobs ...936-57c8-77827 base, ...095-6aad-13291 extended family), value+verdict+errcode planes, 7-descriptor pinned-typcache menu incl byval 1/2/4/8 + fixed byref + varlena + dropped)	-	p1-laneai 2026-07-31; residual arms carried in proofs/coverage/phase1-exceptions.tsv
6195	bytealtrim	crates/backend/utils/adt/oracle_compat/src/builtins.rs	candidate	fast	dobyteatrim pure window scan, no mb/locale; SCALAR SLICE (start,len) caps s<=8,set<=4; image = short explicit-extent copy (send-class); host proofs/strings-scalar; left arm
6196	byteartrim	crates/backend/utils/adt/oracle_compat/src/builtins.rs	candidate	fast	dobyteatrim pure window scan, no mb/locale; SCALAR SLICE (start,len) caps s<=8,set<=4; image = short explicit-extent copy (send-class); host proofs/strings-scalar; right arm
6197	pg_get_function_sqlbody	crates/backend/utils/adt/ruleutils/src/builtins.rs	excluded(state)	-	catalog deparse machinery
6198	unistr	crates/backend/utils/adt/varlena/src/builtins.rs	excluded(wall: result-image) + tested(differential: fleet 10M-exec/target campaigns 2026-07-31 — vltext_diff job 1785485266, vlbytea_diff job 1785485273, vlmisc_diff jobs 1785485279+1785485968 — value+verdict+sqlstate planes, 0 divergences; corpus banked fuzz/corpus/)	-	builtins.rs:606 \XXXX escape decode data-dependent image; scalar slice (out-len + invalid-escape/surrogate class) possible ladder cell
6199	extract_date	crates/backend/utils/adt/adt_date/src/builtins.rs	excluded(wall: j2date + int64_to_numeric DigitBuf)	-	adt_date/lib.rs:1120; both walls in one row
6200	extract_time	crates/backend/utils/adt/adt_date/src/builtins.rs	excluded(wall: numeric image build)	-	retnumeric=true; provable sibling = 1385
6201	extract_timetz	crates/backend/utils/adt/adt_date/src/builtins.rs	excluded(wall: numeric image)	-	sibling = 1273
6202	extract_timestamp	crates/backend/utils/adt/adt_timestamp/src/builtins.rs	excluded(wall: numeric image) + tested(differential: timestamp_diff 10M fleet 0-div @ f1c54d927d, planes value+verdict+sqlstate+fc-wrapper+soft-error) (numeric plane = constructor (val,scale) vs rendered image; epoch/julian chains verdict-only)	-	sibling = 2021
6203	extract_timestamptz	crates/backend/utils/adt/adt_timestamp/src/builtins.rs	excluded(wall: numeric image) + tested(differential: timestamp_diff 10M fleet 0-div @ f1c54d927d, planes value+verdict+sqlstate+fc-wrapper+soft-error) (as 6202)	-	sibling = 1171
6204	extract_interval	crates/backend/utils/adt/adt_timestamp/src/builtins.rs	excluded(wall: numeric image + epoch numeric_add) + tested(differential: timestamp_diff 10M fleet 0-div @ f1c54d927d, planes value+verdict+sqlstate+fc-wrapper+soft-error) (as 6202)	-	sibling = 1172
6205	has_parameter_privilege_name_name	crates/backend/utils/adt/acl/src/builtins.rs	excluded(state)	-	ACL/catalog privilege check
6206	has_parameter_privilege_id_name	crates/backend/utils/adt/acl/src/builtins.rs	excluded(state)	-	ACL/catalog privilege check
6207	has_parameter_privilege_name	crates/backend/utils/adt/acl/src/builtins.rs	excluded(state)	-	ACL/catalog privilege check
6208	pg_read_file_all_missing	crates/backend/utils/adt/genfile/src/builtins.rs	excluded(state)	-	server filesystem access
6209	pg_read_binary_file_all_missing	crates/backend/utils/adt/genfile/src/builtins.rs	excluded(state)	-	server filesystem access
6210	pg_input_is_valid	crates/backend/utils/adt/adt_misc/src/lib.rs	excluded(state)	-	fmgr dispatch of arbitrary input fn
6211	pg_input_error_info	crates/backend/utils/adt/adt_misc/src/lib.rs	excluded(state)	-	fmgr dispatch of arbitrary input fn
6212	drandom_normal	crates/backend/utils/adt/pseudorandomfuncs/src/builtins.rs	excluded(state)	-	session PRNG state
6213	pg_split_walfile_name	crates/backend/utils/adt/adt_misc/src/builtins.rs	excluded(state)	-	wal_segment_size GUC + composite result
6214	pg_stat_get_io	crates/backend/utils/adt/pgstatfuncs/src/lib.rs	excluded(state)	-	pg_stat shared-memory/catalog reads
6215	array_shuffle	crates/backend/utils/adt/array_userfuncs/src/builtins.rs	tested(differential: array_userfuncs_diff fleet campaigns (base ...949-0ed6-78397 found DIV-3, extended 10M execs clean job ...101-1c85-13840), value+verdict+errcode planes, int4/text/int8 pinned elements, 1-6D, deterministic PRNG parity for shuffle/sample)	-	p1-laneai 2026-07-31; residuals in proofs/coverage/phase1-exceptions.tsv; DIV-1/DIV-3 -fwrapv fixes landed this lane
6216	array_sample	crates/backend/utils/adt/array_userfuncs/src/builtins.rs	tested(differential: array_userfuncs_diff fleet campaigns (base ...949-0ed6-78397 found DIV-3, extended 10M execs clean job ...101-1c85-13840), value+verdict+errcode planes, int4/text/int8 pinned elements, 1-6D, deterministic PRNG parity for shuffle/sample)	-	p1-laneai 2026-07-31; residuals in proofs/coverage/phase1-exceptions.tsv; DIV-1/DIV-3 -fwrapv fixes landed this lane
6217	pg_stat_get_tuples_newpage_updated	crates/backend/utils/adt/pgstatfuncs/src/lib.rs	excluded(state)	-	pg_stat shared-memory/catalog reads
6219	derf	crates/backend/utils/adt/float/src/builtins.rs	tested(differential: coverage-guided 68.5M + 10M/fn sampler, 0 diffs; libm-parity per host libm, fp-contract carve noted)	-	proofs/float-arith screen; prior verdict blocked(libm) — fuzz-float-math campaign 2026-07-30 (379M total cases, three-way exact: bits/error-presence/errcode class)
6220	derfc	crates/backend/utils/adt/float/src/builtins.rs	tested(differential: coverage-guided 68.5M + 10M/fn sampler, 0 diffs; libm-parity per host libm, fp-contract carve noted)	-	proofs/float-arith screen; prior verdict blocked(libm) — fuzz-float-math campaign 2026-07-30 (379M total cases, three-way exact: bits/error-presence/errcode class)
6221	timestamptz_pl_interval	crates/backend/utils/adt/adt_timestamp/src/builtins.rs	proved(planes as 1189)	fast	proofs/datetime-cmp wave7
6222	timestamptz_pl_interval_at_zone	crates/backend/utils/adt/adt_timestamp/src/builtins.rs	proved(wave-6 planes through the 3-arg at-zone wrapper; modulo lookup_timezone name-decode seam, value unused on-plane)	fast	1.6-2.3s; proofs/datetime-cmp wave7
6223	timestamptz_mi_interval	crates/backend/utils/adt/adt_timestamp/src/builtins.rs	proved(planes as 1190)	fast	proofs/datetime-cmp wave7
6225	multirange_agg_transfn	crates/backend/utils/adt/multirangetypes/src/builtins.rs	excluded(agg-state: multirange_agg_transfn: aggregate transition state)	-	multirange typcache + subtype fmgr
6226	multirange_agg_finalfn	crates/backend/utils/adt/multirangetypes/src/builtins.rs	excluded(agg-state: multirange_agg_finalfn: shares fc_range_agg_finalfn)	-	multirange typcache + subtype fmgr
6230	pg_stat_have_stats	crates/backend/utils/adt/pgstatfuncs/src/lib.rs	excluded(state)	-	pg_stat shared-memory/catalog reads
6231	pg_stat_get_subscription_stats	crates/backend/utils/adt/pgstatfuncs/src/lib.rs	excluded(state)	-	pg_stat shared-memory/catalog reads
6232	pg_stat_reset_subscription_stats	crates/backend/utils/adt/pgstatfuncs/src/lib.rs	excluded(state)	-	pg_stat shared-memory/catalog reads
6233	window_row_number_support	crates/backend/utils/adt/windowfuncs/src/lib.rs	excluded(state)	-	planner support fn over Node tree
6234	window_rank_support	crates/backend/utils/adt/windowfuncs/src/lib.rs	excluded(state)	-	planner support fn over Node tree
6235	window_dense_rank_support	crates/backend/utils/adt/windowfuncs/src/lib.rs	excluded(state)	-	planner support fn over Node tree
6236	int8inc_support	crates/backend/utils/adt/windowfuncs/src/lib.rs	excluded(state)	-	planner support fn over Node tree
6240	pg_settings_get_flags	crates/backend/utils/misc/guc_funcs/src/settings.rs	excluded(state)	-	GUC read/write
6241	pg_stop_making_pinned_objects	crates/backend/utils/adt/adt_misc/src/builtins.rs	excluded(state)	-	server WAL/catalog/session state
6242	text_starts_with_support	crates/backend/utils/adt/like/src/builtins.rs	tested(differential: like_diff fc NULL-tag plane, fleet 10M 0 div; Selectivity/IndexCondition legs = planner closed-set panic guard, exception rows builtins.rs:158-161)	fuzz-only	p1-laneag 2026-07-31 job pgrust-fuzz-campaign-1785518588-7871-24553; prior verdict excluded(engine); coverage 100% in-scope (fuzz+394 exception rows)
6248	pg_stat_get_recovery_prefetch	crates/backend/access/transam/xlogprefetcher/src/lib.rs	excluded(state: shmem stats + SRF)	-	xlogprefetcher lib.rs:640
6250	pg_ident_file_mappings	crates/backend/utils/adt/hbafuncs/src/lib.rs	excluded(state: file + SRF)	-	hbafuncs lib.rs:335
6251	textregexreplace_extended	crates/backend/utils/adt/regexp/src/builtins.rs	tested(differential: regexp_diff fleet 3.65M execs / 25.8 CPU-h fork=15 @325985a437 (24h-CPU floor), 0 wrapper-plane div; planes value+verdict+errcode + fc plane; oracle = verbatim 18.3 regexp.c + vendored Spencer engine, UTF8 + C collation; carve: RE cache, RE2/engine-GUC dispatch, SRF shells -> exception rows)	fuzz-only	p1-laneag 2026-07-31 job pgrust-fuzz-campaign-1785535304-795f-37663 (evidence fuzz/fleet-evidence/regexp_diff-1785535304 - runner slow-unit-triage defect kept stats.json from S3; pod-extracted artifacts are the record) + local 207k smoke + exhaustive parse_re_flags sweep (65,281 len<=2 + 100k len<=4); prior verdict excluded(engine); ENGINE findings routed to regex/regex_core (p1-lanew): REG_ETOOBIG false-too-complex (docker-ground-truthed, witness test known_etoobig_divergence_repro), debug_asserts regex_compile.rs:2821/2163 fire on fuzz patterns, rstacktoodeep()=0 stack-overflow, engine compile OOMs
6252	textregexreplace_extended_no_flags	crates/backend/utils/adt/regexp/src/builtins.rs	tested(differential: regexp_diff fleet 3.65M execs / 25.8 CPU-h fork=15 @325985a437 (24h-CPU floor), 0 wrapper-plane div; planes value+verdict+errcode + fc plane; oracle = verbatim 18.3 regexp.c + vendored Spencer engine, UTF8 + C collation; carve: RE cache, RE2/engine-GUC dispatch, SRF shells -> exception rows)	fuzz-only	p1-laneag 2026-07-31 job pgrust-fuzz-campaign-1785535304-795f-37663 (evidence fuzz/fleet-evidence/regexp_diff-1785535304 - runner slow-unit-triage defect kept stats.json from S3; pod-extracted artifacts are the record) + local 207k smoke + exhaustive parse_re_flags sweep (65,281 len<=2 + 100k len<=4); prior verdict excluded(engine); ENGINE findings routed to regex/regex_core (p1-lanew): REG_ETOOBIG false-too-complex (docker-ground-truthed, witness test known_etoobig_divergence_repro), debug_asserts regex_compile.rs:2821/2163 fire on fuzz patterns, rstacktoodeep()=0 stack-overflow, engine compile OOMs
6253	textregexreplace_extended_no_n	crates/backend/utils/adt/regexp/src/builtins.rs	tested(differential: regexp_diff fleet 3.65M execs / 25.8 CPU-h fork=15 @325985a437 (24h-CPU floor), 0 wrapper-plane div; planes value+verdict+errcode + fc plane; oracle = verbatim 18.3 regexp.c + vendored Spencer engine, UTF8 + C collation; carve: RE cache, RE2/engine-GUC dispatch, SRF shells -> exception rows)	fuzz-only	p1-laneag 2026-07-31 job pgrust-fuzz-campaign-1785535304-795f-37663 (evidence fuzz/fleet-evidence/regexp_diff-1785535304 - runner slow-unit-triage defect kept stats.json from S3; pod-extracted artifacts are the record) + local 207k smoke + exhaustive parse_re_flags sweep (65,281 len<=2 + 100k len<=4); prior verdict excluded(engine); ENGINE findings routed to regex/regex_core (p1-lanew): REG_ETOOBIG false-too-complex (docker-ground-truthed, witness test known_etoobig_divergence_repro), debug_asserts regex_compile.rs:2821/2163 fire on fuzz patterns, rstacktoodeep()=0 stack-overflow, engine compile OOMs
6254	regexp_count_no_start	crates/backend/utils/adt/regexp/src/builtins.rs	tested(differential: regexp_diff fleet 3.65M execs / 25.8 CPU-h fork=15 @325985a437 (24h-CPU floor), 0 wrapper-plane div; planes value+verdict+errcode + fc plane; oracle = verbatim 18.3 regexp.c + vendored Spencer engine, UTF8 + C collation; carve: RE cache, RE2/engine-GUC dispatch, SRF shells -> exception rows)	fuzz-only	p1-laneag 2026-07-31 job pgrust-fuzz-campaign-1785535304-795f-37663 (evidence fuzz/fleet-evidence/regexp_diff-1785535304 - runner slow-unit-triage defect kept stats.json from S3; pod-extracted artifacts are the record) + local 207k smoke + exhaustive parse_re_flags sweep (65,281 len<=2 + 100k len<=4); prior verdict excluded(engine); ENGINE findings routed to regex/regex_core (p1-lanew): REG_ETOOBIG false-too-complex (docker-ground-truthed, witness test known_etoobig_divergence_repro), debug_asserts regex_compile.rs:2821/2163 fire on fuzz patterns, rstacktoodeep()=0 stack-overflow, engine compile OOMs
6255	regexp_count_no_flags	crates/backend/utils/adt/regexp/src/builtins.rs	tested(differential: regexp_diff fleet 3.65M execs / 25.8 CPU-h fork=15 @325985a437 (24h-CPU floor), 0 wrapper-plane div; planes value+verdict+errcode + fc plane; oracle = verbatim 18.3 regexp.c + vendored Spencer engine, UTF8 + C collation; carve: RE cache, RE2/engine-GUC dispatch, SRF shells -> exception rows)	fuzz-only	p1-laneag 2026-07-31 job pgrust-fuzz-campaign-1785535304-795f-37663 (evidence fuzz/fleet-evidence/regexp_diff-1785535304 - runner slow-unit-triage defect kept stats.json from S3; pod-extracted artifacts are the record) + local 207k smoke + exhaustive parse_re_flags sweep (65,281 len<=2 + 100k len<=4); prior verdict excluded(engine); ENGINE findings routed to regex/regex_core (p1-lanew): REG_ETOOBIG false-too-complex (docker-ground-truthed, witness test known_etoobig_divergence_repro), debug_asserts regex_compile.rs:2821/2163 fire on fuzz patterns, rstacktoodeep()=0 stack-overflow, engine compile OOMs
6256	regexp_count	crates/backend/utils/adt/regexp/src/builtins.rs	tested(differential: regexp_diff fleet 3.65M execs / 25.8 CPU-h fork=15 @325985a437 (24h-CPU floor), 0 wrapper-plane div; planes value+verdict+errcode + fc plane; oracle = verbatim 18.3 regexp.c + vendored Spencer engine, UTF8 + C collation; carve: RE cache, RE2/engine-GUC dispatch, SRF shells -> exception rows)	fuzz-only	p1-laneag 2026-07-31 job pgrust-fuzz-campaign-1785535304-795f-37663 (evidence fuzz/fleet-evidence/regexp_diff-1785535304 - runner slow-unit-triage defect kept stats.json from S3; pod-extracted artifacts are the record) + local 207k smoke + exhaustive parse_re_flags sweep (65,281 len<=2 + 100k len<=4); prior verdict excluded(engine); ENGINE findings routed to regex/regex_core (p1-lanew): REG_ETOOBIG false-too-complex (docker-ground-truthed, witness test known_etoobig_divergence_repro), debug_asserts regex_compile.rs:2821/2163 fire on fuzz patterns, rstacktoodeep()=0 stack-overflow, engine compile OOMs
6257	regexp_instr_no_start	crates/backend/utils/adt/regexp/src/builtins.rs	tested(differential: regexp_diff fleet 3.65M execs / 25.8 CPU-h fork=15 @325985a437 (24h-CPU floor), 0 wrapper-plane div; planes value+verdict+errcode + fc plane; oracle = verbatim 18.3 regexp.c + vendored Spencer engine, UTF8 + C collation; carve: RE cache, RE2/engine-GUC dispatch, SRF shells -> exception rows)	fuzz-only	p1-laneag 2026-07-31 job pgrust-fuzz-campaign-1785535304-795f-37663 (evidence fuzz/fleet-evidence/regexp_diff-1785535304 - runner slow-unit-triage defect kept stats.json from S3; pod-extracted artifacts are the record) + local 207k smoke + exhaustive parse_re_flags sweep (65,281 len<=2 + 100k len<=4); prior verdict excluded(engine); ENGINE findings routed to regex/regex_core (p1-lanew): REG_ETOOBIG false-too-complex (docker-ground-truthed, witness test known_etoobig_divergence_repro), debug_asserts regex_compile.rs:2821/2163 fire on fuzz patterns, rstacktoodeep()=0 stack-overflow, engine compile OOMs
6258	regexp_instr_no_n	crates/backend/utils/adt/regexp/src/builtins.rs	tested(differential: regexp_diff fleet 3.65M execs / 25.8 CPU-h fork=15 @325985a437 (24h-CPU floor), 0 wrapper-plane div; planes value+verdict+errcode + fc plane; oracle = verbatim 18.3 regexp.c + vendored Spencer engine, UTF8 + C collation; carve: RE cache, RE2/engine-GUC dispatch, SRF shells -> exception rows)	fuzz-only	p1-laneag 2026-07-31 job pgrust-fuzz-campaign-1785535304-795f-37663 (evidence fuzz/fleet-evidence/regexp_diff-1785535304 - runner slow-unit-triage defect kept stats.json from S3; pod-extracted artifacts are the record) + local 207k smoke + exhaustive parse_re_flags sweep (65,281 len<=2 + 100k len<=4); prior verdict excluded(engine); ENGINE findings routed to regex/regex_core (p1-lanew): REG_ETOOBIG false-too-complex (docker-ground-truthed, witness test known_etoobig_divergence_repro), debug_asserts regex_compile.rs:2821/2163 fire on fuzz patterns, rstacktoodeep()=0 stack-overflow, engine compile OOMs
6259	regexp_instr_no_endoption	crates/backend/utils/adt/regexp/src/builtins.rs	tested(differential: regexp_diff fleet 3.65M execs / 25.8 CPU-h fork=15 @325985a437 (24h-CPU floor), 0 wrapper-plane div; planes value+verdict+errcode + fc plane; oracle = verbatim 18.3 regexp.c + vendored Spencer engine, UTF8 + C collation; carve: RE cache, RE2/engine-GUC dispatch, SRF shells -> exception rows)	fuzz-only	p1-laneag 2026-07-31 job pgrust-fuzz-campaign-1785535304-795f-37663 (evidence fuzz/fleet-evidence/regexp_diff-1785535304 - runner slow-unit-triage defect kept stats.json from S3; pod-extracted artifacts are the record) + local 207k smoke + exhaustive parse_re_flags sweep (65,281 len<=2 + 100k len<=4); prior verdict excluded(engine); ENGINE findings routed to regex/regex_core (p1-lanew): REG_ETOOBIG false-too-complex (docker-ground-truthed, witness test known_etoobig_divergence_repro), debug_asserts regex_compile.rs:2821/2163 fire on fuzz patterns, rstacktoodeep()=0 stack-overflow, engine compile OOMs
6260	regexp_instr_no_flags	crates/backend/utils/adt/regexp/src/builtins.rs	tested(differential: regexp_diff fleet 3.65M execs / 25.8 CPU-h fork=15 @325985a437 (24h-CPU floor), 0 wrapper-plane div; planes value+verdict+errcode + fc plane; oracle = verbatim 18.3 regexp.c + vendored Spencer engine, UTF8 + C collation; carve: RE cache, RE2/engine-GUC dispatch, SRF shells -> exception rows)	fuzz-only	p1-laneag 2026-07-31 job pgrust-fuzz-campaign-1785535304-795f-37663 (evidence fuzz/fleet-evidence/regexp_diff-1785535304 - runner slow-unit-triage defect kept stats.json from S3; pod-extracted artifacts are the record) + local 207k smoke + exhaustive parse_re_flags sweep (65,281 len<=2 + 100k len<=4); prior verdict excluded(engine); ENGINE findings routed to regex/regex_core (p1-lanew): REG_ETOOBIG false-too-complex (docker-ground-truthed, witness test known_etoobig_divergence_repro), debug_asserts regex_compile.rs:2821/2163 fire on fuzz patterns, rstacktoodeep()=0 stack-overflow, engine compile OOMs
6261	regexp_instr_no_subexpr	crates/backend/utils/adt/regexp/src/builtins.rs	tested(differential: regexp_diff fleet 3.65M execs / 25.8 CPU-h fork=15 @325985a437 (24h-CPU floor), 0 wrapper-plane div; planes value+verdict+errcode + fc plane; oracle = verbatim 18.3 regexp.c + vendored Spencer engine, UTF8 + C collation; carve: RE cache, RE2/engine-GUC dispatch, SRF shells -> exception rows)	fuzz-only	p1-laneag 2026-07-31 job pgrust-fuzz-campaign-1785535304-795f-37663 (evidence fuzz/fleet-evidence/regexp_diff-1785535304 - runner slow-unit-triage defect kept stats.json from S3; pod-extracted artifacts are the record) + local 207k smoke + exhaustive parse_re_flags sweep (65,281 len<=2 + 100k len<=4); prior verdict excluded(engine); ENGINE findings routed to regex/regex_core (p1-lanew): REG_ETOOBIG false-too-complex (docker-ground-truthed, witness test known_etoobig_divergence_repro), debug_asserts regex_compile.rs:2821/2163 fire on fuzz patterns, rstacktoodeep()=0 stack-overflow, engine compile OOMs
6262	regexp_instr	crates/backend/utils/adt/regexp/src/builtins.rs	tested(differential: regexp_diff fleet 3.65M execs / 25.8 CPU-h fork=15 @325985a437 (24h-CPU floor), 0 wrapper-plane div; planes value+verdict+errcode + fc plane; oracle = verbatim 18.3 regexp.c + vendored Spencer engine, UTF8 + C collation; carve: RE cache, RE2/engine-GUC dispatch, SRF shells -> exception rows)	fuzz-only	p1-laneag 2026-07-31 job pgrust-fuzz-campaign-1785535304-795f-37663 (evidence fuzz/fleet-evidence/regexp_diff-1785535304 - runner slow-unit-triage defect kept stats.json from S3; pod-extracted artifacts are the record) + local 207k smoke + exhaustive parse_re_flags sweep (65,281 len<=2 + 100k len<=4); prior verdict excluded(engine); ENGINE findings routed to regex/regex_core (p1-lanew): REG_ETOOBIG false-too-complex (docker-ground-truthed, witness test known_etoobig_divergence_repro), debug_asserts regex_compile.rs:2821/2163 fire on fuzz patterns, rstacktoodeep()=0 stack-overflow, engine compile OOMs
6263	regexp_like_no_flags	crates/backend/utils/adt/regexp/src/builtins.rs	tested(differential: regexp_diff fleet 3.65M execs / 25.8 CPU-h fork=15 @325985a437 (24h-CPU floor), 0 wrapper-plane div; planes value+verdict+errcode + fc plane; oracle = verbatim 18.3 regexp.c + vendored Spencer engine, UTF8 + C collation; carve: RE cache, RE2/engine-GUC dispatch, SRF shells -> exception rows)	fuzz-only	p1-laneag 2026-07-31 job pgrust-fuzz-campaign-1785535304-795f-37663 (evidence fuzz/fleet-evidence/regexp_diff-1785535304 - runner slow-unit-triage defect kept stats.json from S3; pod-extracted artifacts are the record) + local 207k smoke + exhaustive parse_re_flags sweep (65,281 len<=2 + 100k len<=4); prior verdict excluded(engine); ENGINE findings routed to regex/regex_core (p1-lanew): REG_ETOOBIG false-too-complex (docker-ground-truthed, witness test known_etoobig_divergence_repro), debug_asserts regex_compile.rs:2821/2163 fire on fuzz patterns, rstacktoodeep()=0 stack-overflow, engine compile OOMs
6264	regexp_like	crates/backend/utils/adt/regexp/src/builtins.rs	tested(differential: regexp_diff fleet 3.65M execs / 25.8 CPU-h fork=15 @325985a437 (24h-CPU floor), 0 wrapper-plane div; planes value+verdict+errcode + fc plane; oracle = verbatim 18.3 regexp.c + vendored Spencer engine, UTF8 + C collation; carve: RE cache, RE2/engine-GUC dispatch, SRF shells -> exception rows)	fuzz-only	p1-laneag 2026-07-31 job pgrust-fuzz-campaign-1785535304-795f-37663 (evidence fuzz/fleet-evidence/regexp_diff-1785535304 - runner slow-unit-triage defect kept stats.json from S3; pod-extracted artifacts are the record) + local 207k smoke + exhaustive parse_re_flags sweep (65,281 len<=2 + 100k len<=4); prior verdict excluded(engine); ENGINE findings routed to regex/regex_core (p1-lanew): REG_ETOOBIG false-too-complex (docker-ground-truthed, witness test known_etoobig_divergence_repro), debug_asserts regex_compile.rs:2821/2163 fire on fuzz patterns, rstacktoodeep()=0 stack-overflow, engine compile OOMs
6265	regexp_substr_no_start	crates/backend/utils/adt/regexp/src/builtins.rs	tested(differential: regexp_diff fleet 3.65M execs / 25.8 CPU-h fork=15 @325985a437 (24h-CPU floor), 0 wrapper-plane div; planes value+verdict+errcode + fc plane; oracle = verbatim 18.3 regexp.c + vendored Spencer engine, UTF8 + C collation; carve: RE cache, RE2/engine-GUC dispatch, SRF shells -> exception rows)	fuzz-only	p1-laneag 2026-07-31 job pgrust-fuzz-campaign-1785535304-795f-37663 (evidence fuzz/fleet-evidence/regexp_diff-1785535304 - runner slow-unit-triage defect kept stats.json from S3; pod-extracted artifacts are the record) + local 207k smoke + exhaustive parse_re_flags sweep (65,281 len<=2 + 100k len<=4); prior verdict excluded(engine); ENGINE findings routed to regex/regex_core (p1-lanew): REG_ETOOBIG false-too-complex (docker-ground-truthed, witness test known_etoobig_divergence_repro), debug_asserts regex_compile.rs:2821/2163 fire on fuzz patterns, rstacktoodeep()=0 stack-overflow, engine compile OOMs
6266	regexp_substr_no_n	crates/backend/utils/adt/regexp/src/builtins.rs	tested(differential: regexp_diff fleet 3.65M execs / 25.8 CPU-h fork=15 @325985a437 (24h-CPU floor), 0 wrapper-plane div; planes value+verdict+errcode + fc plane; oracle = verbatim 18.3 regexp.c + vendored Spencer engine, UTF8 + C collation; carve: RE cache, RE2/engine-GUC dispatch, SRF shells -> exception rows)	fuzz-only	p1-laneag 2026-07-31 job pgrust-fuzz-campaign-1785535304-795f-37663 (evidence fuzz/fleet-evidence/regexp_diff-1785535304 - runner slow-unit-triage defect kept stats.json from S3; pod-extracted artifacts are the record) + local 207k smoke + exhaustive parse_re_flags sweep (65,281 len<=2 + 100k len<=4); prior verdict excluded(engine); ENGINE findings routed to regex/regex_core (p1-lanew): REG_ETOOBIG false-too-complex (docker-ground-truthed, witness test known_etoobig_divergence_repro), debug_asserts regex_compile.rs:2821/2163 fire on fuzz patterns, rstacktoodeep()=0 stack-overflow, engine compile OOMs
6267	regexp_substr_no_flags	crates/backend/utils/adt/regexp/src/builtins.rs	tested(differential: regexp_diff fleet 3.65M execs / 25.8 CPU-h fork=15 @325985a437 (24h-CPU floor), 0 wrapper-plane div; planes value+verdict+errcode + fc plane; oracle = verbatim 18.3 regexp.c + vendored Spencer engine, UTF8 + C collation; carve: RE cache, RE2/engine-GUC dispatch, SRF shells -> exception rows)	fuzz-only	p1-laneag 2026-07-31 job pgrust-fuzz-campaign-1785535304-795f-37663 (evidence fuzz/fleet-evidence/regexp_diff-1785535304 - runner slow-unit-triage defect kept stats.json from S3; pod-extracted artifacts are the record) + local 207k smoke + exhaustive parse_re_flags sweep (65,281 len<=2 + 100k len<=4); prior verdict excluded(engine); ENGINE findings routed to regex/regex_core (p1-lanew): REG_ETOOBIG false-too-complex (docker-ground-truthed, witness test known_etoobig_divergence_repro), debug_asserts regex_compile.rs:2821/2163 fire on fuzz patterns, rstacktoodeep()=0 stack-overflow, engine compile OOMs
6268	regexp_substr_no_subexpr	crates/backend/utils/adt/regexp/src/builtins.rs	tested(differential: regexp_diff fleet 3.65M execs / 25.8 CPU-h fork=15 @325985a437 (24h-CPU floor), 0 wrapper-plane div; planes value+verdict+errcode + fc plane; oracle = verbatim 18.3 regexp.c + vendored Spencer engine, UTF8 + C collation; carve: RE cache, RE2/engine-GUC dispatch, SRF shells -> exception rows)	fuzz-only	p1-laneag 2026-07-31 job pgrust-fuzz-campaign-1785535304-795f-37663 (evidence fuzz/fleet-evidence/regexp_diff-1785535304 - runner slow-unit-triage defect kept stats.json from S3; pod-extracted artifacts are the record) + local 207k smoke + exhaustive parse_re_flags sweep (65,281 len<=2 + 100k len<=4); prior verdict excluded(engine); ENGINE findings routed to regex/regex_core (p1-lanew): REG_ETOOBIG false-too-complex (docker-ground-truthed, witness test known_etoobig_divergence_repro), debug_asserts regex_compile.rs:2821/2163 fire on fuzz patterns, rstacktoodeep()=0 stack-overflow, engine compile OOMs
6269	regexp_substr	crates/backend/utils/adt/regexp/src/builtins.rs	tested(differential: regexp_diff fleet 3.65M execs / 25.8 CPU-h fork=15 @325985a437 (24h-CPU floor), 0 wrapper-plane div; planes value+verdict+errcode + fc plane; oracle = verbatim 18.3 regexp.c + vendored Spencer engine, UTF8 + C collation; carve: RE cache, RE2/engine-GUC dispatch, SRF shells -> exception rows)	fuzz-only	p1-laneag 2026-07-31 job pgrust-fuzz-campaign-1785535304-795f-37663 (evidence fuzz/fleet-evidence/regexp_diff-1785535304 - runner slow-unit-triage defect kept stats.json from S3; pod-extracted artifacts are the record) + local 207k smoke + exhaustive parse_re_flags sweep (65,281 len<=2 + 100k len<=4); prior verdict excluded(engine); ENGINE findings routed to regex/regex_core (p1-lanew): REG_ETOOBIG false-too-complex (docker-ground-truthed, witness test known_etoobig_divergence_repro), debug_asserts regex_compile.rs:2821/2163 fire on fuzz patterns, rstacktoodeep()=0 stack-overflow, engine compile OOMs
6270	pg_ls_logicalsnapdir	crates/backend/utils/adt/genfile/src/builtins.rs	excluded(state)	-	server filesystem access
6271	pg_ls_logicalmapdir	crates/backend/utils/adt/genfile/src/builtins.rs	excluded(state)	-	server filesystem access
6272	pg_ls_replslotdir	crates/backend/utils/adt/genfile/src/builtins.rs	excluded(state)	-	server filesystem access
6273	timestamptz_mi_interval_at_zone	crates/backend/utils/adt/adt_timestamp/src/builtins.rs	proved(planes as 6222)	fast	proofs/datetime-cmp wave7
6274	generate_series_timestamptz_at_zone	crates/backend/utils/adt/adt_timestamp/src/builtins.rs	excluded(SRF)	-	fctx over pl_interval_internal
6275	json_agg_strict_transfn	crates/backend/utils/adt/json/src/builtins.rs	excluded(agg-state/engine + image)	-	aggs.rs:181
6277	json_object_agg_strict_transfn	crates/backend/utils/adt/json/src/builtins.rs	excluded(agg-state/engine + image)	-	as 3180
6278	json_object_agg_unique_transfn	crates/backend/utils/adt/json/src/builtins.rs	excluded(agg-state/engine + image)	-	unique check reads cross-call StringInfo state
6279	json_object_agg_unique_strict_transfn	crates/backend/utils/adt/json/src/builtins.rs	excluded(agg-state/engine + image)	-	as 6278
6283	jsonb_agg_strict_transfn	crates/backend/utils/adt/jsonb/src/builtins.rs	excluded(agg-state/engine + image)	-	aggs.rs:219
6285	jsonb_object_agg_strict_transfn	crates/backend/utils/adt/jsonb/src/builtins.rs	excluded(agg-state/engine + image)	-	as 3268
6286	jsonb_object_agg_unique_transfn	crates/backend/utils/adt/jsonb/src/builtins.rs	excluded(agg-state/engine + image)	-	as 3268
6287	jsonb_object_agg_unique_strict_transfn	crates/backend/utils/adt/jsonb/src/builtins.rs	excluded(agg-state/engine + image)	-	as 6286
6292	any_value_transfn	crates/backend/utils/adt/adt_misc/src/lib.rs	proved(value passthrough, full u64 datum x arg1 plane; non-null-arg fence)	fast	proofs/adt-misc 2026-07-30: eq_any_value_transfn PROVED 0.04s; strict-transfn surface — fmgr skips null inputs before the C body, shipped Rust isnull passthrough is fmgr-surface outside the C body (documented fence)
6293	array_agg_combine	crates/backend/utils/adt/arrayfuncs/src/builtins.rs	excluded(state)	-	aggregate context + typcache
6294	array_agg_serialize	crates/backend/utils/adt/arrayfuncs/src/builtins.rs	excluded(state)	-	aggregate context + typcache
6295	array_agg_deserialize	crates/backend/utils/adt/arrayfuncs/src/builtins.rs	excluded(state)	-	aggregate context + typcache
6296	array_agg_array_combine	crates/backend/utils/adt/array_userfuncs/src/builtins.rs	tested(differential: array_userfuncs_diff fleet campaigns (base ...949-0ed6-78397 found DIV-3, extended 10M execs clean job ...101-1c85-13840), value+verdict+errcode planes, int4/text/int8 pinned elements, 1-6D, deterministic PRNG parity for shuffle/sample)	-	p1-laneai 2026-07-31; residuals in proofs/coverage/phase1-exceptions.tsv; DIV-1/DIV-3 -fwrapv fixes landed this lane
6297	array_agg_array_serialize	crates/backend/utils/adt/array_userfuncs/src/builtins.rs	tested(differential: array_userfuncs_diff fleet campaigns (base ...949-0ed6-78397 found DIV-3, extended 10M execs clean job ...101-1c85-13840), value+verdict+errcode planes, int4/text/int8 pinned elements, 1-6D, deterministic PRNG parity for shuffle/sample)	-	p1-laneai 2026-07-31; residuals in proofs/coverage/phase1-exceptions.tsv; DIV-1/DIV-3 -fwrapv fixes landed this lane
6298	array_agg_array_deserialize	crates/backend/utils/adt/array_userfuncs/src/builtins.rs	tested(differential: array_userfuncs_diff fleet campaigns (base ...949-0ed6-78397 found DIV-3, extended 10M execs clean job ...101-1c85-13840), value+verdict+errcode planes, int4/text/int8 pinned elements, 1-6D, deterministic PRNG parity for shuffle/sample)	-	p1-laneai 2026-07-31; residuals in proofs/coverage/phase1-exceptions.tsv; DIV-1/DIV-3 -fwrapv fixes landed this lane
6299	string_agg_combine	crates/backend/utils/adt/varlena/src/builtins.rs	excluded(blocked: agg context/state)	-	dual state pointers in agg mcx
6300	string_agg_serialize	crates/backend/utils/adt/varlena/src/builtins.rs	excluded(blocked: agg state image)	-	builtins.rs:578
6301	string_agg_deserialize	crates/backend/utils/adt/varlena/src/builtins.rs	excluded(blocked: agg context/state)	-	builtins.rs:591 live AggStateNode required
6305	pg_log_standby_snapshot	crates/backend/utils/adt/adt_misc/src/builtins.rs	excluded(state)	-	server WAL/catalog/session state
6306	window_percent_rank_support	crates/backend/utils/adt/windowfuncs/src/lib.rs	excluded(state)	-	planner support fn over Node tree
6307	window_cume_dist_support	crates/backend/utils/adt/windowfuncs/src/lib.rs	excluded(state)	-	planner support fn over Node tree
6308	window_ntile_support	crates/backend/utils/adt/windowfuncs/src/lib.rs	excluded(state)	-	planner support fn over Node tree
6309	pg_stat_get_db_conflict_logicalslot	crates/backend/utils/adt/pgstatfuncs/src/lib.rs	excluded(state)	-	pg_stat shared-memory/catalog reads
6310	pg_stat_get_lastscan	crates/backend/utils/adt/pgstatfuncs/src/lib.rs	excluded(state)	-	pg_stat shared-memory/catalog reads
6311	system_user	crates/backend/utils/adt/adt_misc/src/builtins.rs	excluded(state)	-	server WAL/catalog/session state
6313	pg_stat_get_backend_wal	crates/backend/utils/adt/pgstatfuncs/src/lib.rs	excluded(state)	-	pg_stat shared-memory/catalog reads
6315	pg_basetype	crates/backend/utils/adt/adt_misc/src/lib.rs	excluded(state)	-	syscache domain walk
6316	pg_column_toast_chunk_id	crates/backend/utils/adt/varlena/src/builtins.rs	candidate	fast	builtins.rs:855 varatt_is_external_ondisk + VarattExternal::from_image va_valueid; pure header decode + NULL arms; typlen seam + trusted-header fence. Host proofs/toast-hdr
6317	to_regtypemod	crates/backend/utils/adt/regproc/src/builtins.rs	excluded(state)	-	catalog name lookup (reg* io)
6318	pg_get_wait_events	crates/backend/utils/activity/waitevent/src/funcs.rs	excluded(state: SRF over static tables)	-	waitevent funcs.rs:25
6319	binary_upgrade_add_sub_rel_state	crates/backend/utils/adt/pg_upgrade_support/src/lib.rs	excluded(state)	-	binary-upgrade global state
6320	binary_upgrade_replorigin_advance	crates/backend/utils/adt/pg_upgrade_support/src/lib.rs	excluded(state)	-	binary-upgrade global state
6323	pg_get_wal_summarizer_state	crates/backend/utils/adt/adt_misc/src/builtins.rs	excluded(state)	-	server WAL/catalog/session state
6324	interval_avg_serialize	crates/backend/utils/adt/adt_timestamp/src/builtins.rs	candidate -> tested(differential: timestamp_diff 10M fleet 0-div @ f1c54d927d, planes value+verdict+sqlstate+fc-wrapper+soft-error) (image compare vs C serialize)	fast	builtins.rs:785 FIXED 40-byte BE image at literal offsets — NOT data-dependent-width class; mcx-stub for PgVec tail
6325	interval_avg_deserialize	crates/backend/utils/adt/adt_timestamp/src/builtins.rs	candidate -> tested(differential: timestamp_diff 10M fleet 0-div @ f1c54d927d, planes value+verdict+sqlstate+fc-wrapper+soft-error) (roundtrip vs C image; fc under agg frame)	fast	builtins.rs:806 fixed-offset from_be_bytes; prove as round-trip inverse of 6324; agg_context stubbed both sides
6326	interval_sum	crates/backend/utils/adt/adt_timestamp/src/builtins.rs	candidate -> tested(differential: timestamp_diff 10M fleet 0-div @ f1c54d927d, planes value+verdict+sqlstate+fc-wrapper+soft-error) (interval_sum_final core + fc)	fast	CORE interval_sum_final interval.rs:1321; pure lattice + i64 adds over symbolic state; cheapest agg row
6330	to_bin32	crates/backend/utils/adt/varlena/src/builtins.rs	proved(full-i32; full-frame image + start index)	fast	1.8s kissat; 32-digit loop unwind 66; proofs/bytea-cmp eq_to_bin32
6331	to_bin64	crates/backend/utils/adt/varlena/src/builtins.rs	proved(full-i64; full-frame image + start index)	fast	1.7s kissat; 64-digit loop; proofs/bytea-cmp eq_to_bin64
6332	to_oct32	crates/backend/utils/adt/varlena/src/builtins.rs	proved(full-i32; full-frame image + start index)	fast	1.5s kissat; proofs/bytea-cmp eq_to_oct32
6333	to_oct64	crates/backend/utils/adt/varlena/src/builtins.rs	proved(full-i64; full-frame image + start index)	fast	1.2s kissat; proofs/bytea-cmp eq_to_oct64
6334	timestamptz_at_local	crates/backend/utils/adt/adt_timestamp/src/builtins.rs	proved(planes as 2027)	fast	0.75s; proofs/datetime-cmp wave7
6335	timestamp_at_local	crates/backend/utils/adt/adt_timestamp/src/builtins.rs	proved(full-i64 modulo shared tz-seam ±86400)	fast	1.9s; proofs/datetime-cmp wave7
6336	timetz_at_local	crates/backend/utils/adt/adt_date/src/builtins.rs	excluded(state: same seams as 2037)	-	proofs/datetime-b lane D
6338	jsonb_populate_record_valid	crates/backend/utils/adt/jsonb/src/builtins.rs	excluded(typcache/record-registry)	-	bool verdict but runs whole populate machinery + tupdesc/domain seams
6339	int4random	crates/backend/utils/adt/pseudorandomfuncs/src/builtins.rs	excluded(state)	-	session PRNG state
6340	int8random	crates/backend/utils/adt/pseudorandomfuncs/src/builtins.rs	excluded(state)	-	session PRNG state
6341	numeric_random	crates/backend/utils/adt/pseudorandomfuncs/src/builtins.rs	excluded(state)	-	session PRNG state
6342	uuid_extract_timestamp	crates/backend/utils/adt/uuid/src/builtins.rs	proved(full [u8;16])	fast	2.2s; proofs/uuid
6343	uuid_extract_version	crates/backend/utils/adt/uuid/src/builtins.rs	proved(full [u8;16])	fast	0.03s; proofs/uuid
6344	pg_sync_replication_slots	crates/backend/replication/slotfuncs/src/builtins.rs	excluded(state)	-	replication slot shared state
6345	range_contains_elem_support	crates/backend/utils/adt/rangetypes/src/builtins.rs	excluded(engine:planner: range_contains_elem_support: SupportRequestSimplify, builds planner Nodes)	-	range typcache + subtype fmgr
6346	elem_contained_by_range_support	crates/backend/utils/adt/rangetypes/src/builtins.rs	excluded(engine:planner: elem_contained_by_range_support: SupportRequestSimplify, builds planner Nodes)	-	range typcache + subtype fmgr
6347	gist_translate_cmptype_common	crates/backend/access/gist/gistproc/src/lib.rs	proved(full-i32)	fast	8-arm table via shipped dispatch; kissat 1.3s; proofs/gist-geo
6348	has_largeobject_privilege_name_id	crates/backend/utils/adt/acl/src/builtins.rs	excluded(state)	-	ACL/catalog privilege check
6349	has_largeobject_privilege_id	crates/backend/utils/adt/acl/src/builtins.rs	excluded(state)	-	ACL/catalog privilege check
6350	has_largeobject_privilege_id_id	crates/backend/utils/adt/acl/src/builtins.rs	excluded(state)	-	ACL/catalog privilege check
6354	generate_series_timestamp_support	crates/backend/utils/adt/adt_timestamp/src/builtins.rs	excluded(planner-node + f64 division)	-	builtins.rs:1042
6357	generate_series_numeric_support	crates/backend/utils/adt/numeric/src/builtins.rs	excluded(blocked: planner Const-node seam + div_var)	-	builtins.rs:1175 SupportRequestRows walk -> series.rs:67 div_var + var_to_f64
6358	pg_stat_get_total_vacuum_time	crates/backend/utils/adt/pgstatfuncs/src/lib.rs	excluded(state)	-	pg_stat shared-memory/catalog reads
6359	pg_stat_get_total_autovacuum_time	crates/backend/utils/adt/pgstatfuncs/src/lib.rs	excluded(state)	-	pg_stat shared-memory/catalog reads
6360	pg_stat_get_total_analyze_time	crates/backend/utils/adt/pgstatfuncs/src/lib.rs	excluded(state)	-	pg_stat shared-memory/catalog reads
6361	pg_stat_get_total_autoanalyze_time	crates/backend/utils/adt/pgstatfuncs/src/lib.rs	excluded(state)	-	pg_stat shared-memory/catalog reads
6362	pg_restore_relation_stats	crates/backend/statistics/stats_import/src/lib.rs	excluded(state)	-	stats catalog writes
6363	pg_restore_attribute_stats	crates/backend/statistics/stats_import/src/lib.rs	excluded(state)	-	stats catalog writes
6364	crc32_bytea	crates/backend/utils/adt/cryptohashfuncs/src/lib.rs	proved(entry-point fc_crc32_bytea, len 0..8 cells + 1B-short-header cell)	ladder	i64-datum result parity vs REL_18 traditional CRC-32 table loop; sw table path in-theorem; + must-fail skew control. fleet c8g 20-101s/cell. proofs/crc 2026-07-30
6365	crc32c_bytea	crates/backend/utils/adt/cryptohashfuncs/src/lib.rs	proved(entry-point fc_crc32c_bytea, len 0..8 + short-header + sb8 kernel cells)	ladder	sw sb8 path in-theorem (aarch64 HW-CRC intrinsic arm out of scope: unsupported_construct); len3 cell default-solver-pathological — kissat 183s local load 9.2 (fleet default-solver timeout); kernel cells len16-aligned/len13-off1. proofs/crc 2026-07-30
6367	int2_bytea	crates/backend/utils/adt/varlena/src/builtins.rs	proved(full-i16; payload image + varsize; modulo static-buffer allocator model; little-endian pg_hton arm pinned)	ladder	100s DEFAULT solver (kissat inversion, mixed-arm trap); lane pick-a 2026-07-30; proofs/bytea-cmp eq_int2_bytea
6368	int4_bytea	crates/backend/utils/adt/varlena/src/builtins.rs	proved(fully symbolic i32; 4-byte big-endian payload image + varsize parity; modulo static-buffer allocator model)	ladder	75.8s default; eq_int4_bytea; pins the "aliases int4send" contract; proofs/bytea-cmp (varbit W10 continuation 2026-07-30)
6369	int8_bytea	crates/backend/utils/adt/varlena/src/builtins.rs	proved(fully symbolic i64; 8-byte big-endian payload image + varsize parity; modulo static-buffer allocator model)	ladder	78.1s default; eq_int8_bytea; proofs/bytea-cmp (varbit W10 continuation 2026-07-30)
6370	bytea_int2	crates/backend/utils/adt/varlena/src/builtins.rs	proved(symbolic content len<=3 — 22003 arm reachable; Ok value + 22003 sqlstate/level parity, both arms covered; value-space only)	fast	1.4s kissat; eq_bytea_int2; proofs/bytea-cmp (varbit W10 continuation 2026-07-30)
6371	bytea_int4	crates/backend/utils/adt/varlena/src/builtins.rs	proved(symbolic content len<=8; Ok value + 22003 sqlstate/level parity, both arms covered; value-space only)	fast	1.2s kissat; eq_bytea_int4; proofs/bytea-cmp (varbit W10 continuation 2026-07-30)
6372	bytea_int8	crates/backend/utils/adt/varlena/src/builtins.rs	proved(symbolic content len<=9 — 22003 arm reachable at len 9; Ok value + 22003 sqlstate/level parity, both arms covered; value-space only)	fast	1.3s kissat; eq_bytea_int8; proofs/bytea-cmp (varbit W10 continuation 2026-07-30)
6375	record_larger	crates/backend/utils/adt/rowtypes/src/lib.rs	tested(differential: rowtypes_diff fleet campaigns 10M+10M execs clean (jobs ...936-57c8-77827 base, ...095-6aad-13291 extended family), value+verdict+errcode planes, 7-descriptor pinned-typcache menu incl byval 1/2/4/8 + fixed byref + varlena + dropped)	-	p1-laneai 2026-07-31; residual arms carried in proofs/coverage/phase1-exceptions.tsv
6376	record_smaller	crates/backend/utils/adt/rowtypes/src/lib.rs	tested(differential: rowtypes_diff fleet campaigns 10M+10M execs clean (jobs ...936-57c8-77827 base, ...095-6aad-13291 extended family), value+verdict+errcode planes, 7-descriptor pinned-typcache menu incl byval 1/2/4/8 + fixed byref + varlena + dropped)	-	p1-laneai 2026-07-31; residual arms carried in proofs/coverage/phase1-exceptions.tsv
6378	array_append_support	crates/backend/utils/adt/array_userfuncs/src/builtins.rs	tested(differential: array_userfuncs_diff fleet campaigns (base ...949-0ed6-78397 found DIV-3, extended 10M execs clean job ...101-1c85-13840), value+verdict+errcode planes, int4/text/int8 pinned elements, 1-6D, deterministic PRNG parity for shuffle/sample)	-	p1-laneai 2026-07-31; residuals in proofs/coverage/phase1-exceptions.tsv; DIV-1/DIV-3 -fwrapv fixes landed this lane
6379	array_prepend_support	crates/backend/utils/adt/array_userfuncs/src/builtins.rs	tested(differential: array_userfuncs_diff fleet campaigns (base ...949-0ed6-78397 found DIV-3, extended 10M execs clean job ...101-1c85-13840), value+verdict+errcode planes, int4/text/int8 pinned elements, 1-6D, deterministic PRNG parity for shuffle/sample)	-	p1-laneai 2026-07-31; residuals in proofs/coverage/phase1-exceptions.tsv; DIV-1/DIV-3 -fwrapv fixes landed this lane
6381	array_reverse	crates/backend/utils/adt/array_userfuncs/src/builtins.rs	tested(differential: array_userfuncs_diff fleet campaigns (base ...949-0ed6-78397 found DIV-3, extended 10M execs clean job ...101-1c85-13840), value+verdict+errcode planes, int4/text/int8 pinned elements, 1-6D, deterministic PRNG parity for shuffle/sample)	-	p1-laneai 2026-07-31; residuals in proofs/coverage/phase1-exceptions.tsv; DIV-1/DIV-3 -fwrapv fixes landed this lane
6382	bytea_reverse	crates/backend/utils/adt/varlena/src/builtins.rs	proved(image cells len 0/4/8, fully symbolic content + varsize parity; symbolic len = std-Vec-wall class (per-byte PgVec push); modulo static-buffer allocator model)	ladder	87-91s default; eq_bytea_reverse_l0/_l4/_l8; proofs/bytea-cmp (varbit W10 continuation 2026-07-30)
6383	dgamma	crates/backend/utils/adt/float/src/builtins.rs	tested(differential: coverage-guided 68.5M + 10M/fn sampler, 0 diffs; libm-parity per host libm, fp-contract carve noted)	-	proofs/float-arith screen; prior verdict blocked(libm) — fuzz-float-math campaign 2026-07-30 (379M total cases, three-way exact: bits/error-presence/errcode class)
6384	dlgamma	crates/backend/utils/adt/float/src/builtins.rs	tested(differential: coverage-guided 68.5M + 10M/fn sampler, 0 diffs; libm-parity per host libm, fp-contract carve noted)	-	proofs/float-arith screen; prior verdict blocked(libm) — fuzz-float-math campaign 2026-07-30 (379M total cases, three-way exact: bits/error-presence/errcode class)
6385	pg_get_acl	crates/backend/catalog/objectaddress/src/builtins.rs	excluded(state)	-	catalog object lookup
6386	pg_stat_get_backend_io	crates/backend/utils/adt/pgstatfuncs/src/lib.rs	excluded(state)	-	pg_stat shared-memory/catalog reads
6387	pg_stat_reset_backend_stats	crates/backend/utils/adt/pgstatfuncs/src/lib.rs	excluded(state)	-	pg_stat shared-memory/catalog reads
6388	array_sort	crates/backend/utils/adt/array_userfuncs/src/builtins.rs	excluded(typcache)	-	element typcache/fmgr dispatch
6389	array_sort_order	crates/backend/utils/adt/array_userfuncs/src/builtins.rs	excluded(typcache)	-	element typcache/fmgr dispatch
6390	array_sort_order_nulls_first	crates/backend/utils/adt/array_userfuncs/src/builtins.rs	excluded(typcache)	-	element typcache/fmgr dispatch
6391	range_sortsupport	crates/backend/utils/adt/rangetypes/src/builtins.rs	excluded(unported: range_sortsupport: not ported (sorts ride the cmp-proc shim on range_cmp); panics by design)	-	range typcache + subtype fmgr
6393	bytea_larger	crates/backend/utils/adt/varlena/src/builtins.rs	proved(winner-input identity by pointer, len<=8 symbolic both sides, tie plane covered)	fast	2.4s kissat; eq_bytea_larger (in-tree + SUITE since the comparator wave; ledger row synced 2026-07-30); proofs/bytea-cmp
6394	bytea_smaller	crates/backend/utils/adt/varlena/src/builtins.rs	proved(winner-input identity by pointer, len<=8 symbolic both sides, tie plane covered)	fast	2.4s kissat; eq_bytea_smaller (in-tree + SUITE since the comparator wave; ledger row synced 2026-07-30); proofs/bytea-cmp
6397	pg_clear_relation_stats	crates/backend/statistics/stats_import/src/lib.rs	excluded(state)	-	stats catalog writes
6398	pg_clear_attribute_stats	crates/backend/statistics/stats_import/src/lib.rs	excluded(state)	-	stats catalog writes
6399	pg_get_aios	crates/backend/storage/aio/aio_funcs/src/lib.rs	excluded(state: SRF + AIO shmem handles)	-	aio_funcs/src/lib.rs InitMaterializedSRF over live pgaio handle table; same class as 6248/6318 SRF rows
6400	pg_ls_summariesdir	crates/backend/utils/adt/genfile/src/builtins.rs	excluded(state)	-	server filesystem access
6401	pg_timezone_abbrevs_zone	crates/backend/utils/adt/adt_timestamp/src/builtins.rs	excluded(SRF)	-	builtins.rs:1252
6412	casefold	crates/backend/utils/adt/oracle_compat/src/builtins.rs	blocked(seam+image: pg_newlocale_from_collation + UTF8-only gate)	- | tested(differential: oraclefam_diff fleet 2x10M execs 0 div — jobs pgrust-fuzz-campaign-1785508394-540a-34016 + pgrust-fuzz-campaign-1785509898-3498-66645 @ 4c690bacec; planes value+verdict+sqlstate; encodings SQL_ASCII/UTF8/LATIN1 (+EUC_JP ascii/chr rejects); invalid-collid 42P22 arm; corpus 3303 committed; p1-laneaj)	casemap.rs str_casefold: UTF8 encoding gate + locale provider dispatch; no ascii fast arm to slice
6413	hashbytea	crates/backend/utils/adt/varlena/src/builtins.rs	proved(core-level: same registration as hashvarlena — fc_hashvarlena; rides the same theorems)	fast	lane pick-a 2026-07-30; proofs/hash
6414	hashbyteaextended	crates/backend/utils/adt/varlena/src/builtins.rs	proved(core-level: same registration as hashvarlenaextended — fc_hashvarlenaextended)	ladder	lane pick-a 2026-07-30; proofs/hash
6415	hashdate	crates/backend/utils/adt/adt_date/src/builtins.rs	proved(full-i32 x full seed, wrapper-level)	fast	0.75s; proofs/datetime-b lane D
6416	hashdateextended	crates/backend/utils/adt/adt_date/src/builtins.rs	proved(full-i32 x full seed)	fast	4.2s; proofs/datetime-b lane D
6417	hashbool	crates/backend/utils/adt/bool/src/builtins.rs	proved(full-domain incl full symbolic seed, wrapper-level)	fast	0.2-5.3s; hashint8 fold full-i64; proofs/hash-rows
6418	hashboolextended	crates/backend/utils/adt/bool/src/builtins.rs	proved(full-domain incl full symbolic seed, wrapper-level)	fast	0.2-5.3s; hashint8 fold full-i64; proofs/hash-rows
6419	hashxid	crates/backend/utils/adt/scalar/src/builtins.rs	proved(full-u32, wrapper-level)	fast	0.75s kissat; same fc_hash_uint32 body/pointer as proved hashoid (453), C side verbatim xid.c hashxid; wave5::eq_hashxid first solve 2026-07-30; proofs/hash-rows; wave-5 lane resolved independently, reconciled at merge (agree)
6420	hashxidextended	crates/backend/utils/adt/scalar/src/builtins.rs	proved(full-u32 x full symbolic seed, wrapper-level)	fast	3.2s kissat; same fc_hash_uint32_extended body as proved hashoidextended (445); wave5::eq_hashxidextended first solve 2026-07-30; proofs/hash-rows; wave-5 lane resolved independently, reconciled at merge (agree)
6421	hashxid8	crates/backend/utils/adt/scalar/src/builtins.rs	proved(full-i64 sign-conditional hi/lo fold, wrapper-level)	fast	4.6s; proofs/hash-rows wave5
6422	hashxid8extended	crates/backend/utils/adt/scalar/src/builtins.rs	proved(full-i64 sign-conditional hi/lo fold + full symbolic seed, wrapper-level)	fast	7.6s; proofs/hash-rows wave5
6423	hashcid	crates/backend/utils/adt/scalar/src/builtins.rs	proved(full-u32, wrapper-level)	fast	0.77s kissat; same fc_hash_uint32 body as hashoid/hashxid, C side verbatim xid.c hashcid; wave5::eq_hashcid first solve 2026-07-30; proofs/hash-rows
6424	hashcidextended	crates/backend/utils/adt/scalar/src/builtins.rs	proved(full-u32 x full symbolic seed, wrapper-level)	fast	3.4s kissat; wave5::eq_hashcidextended first solve 2026-07-30; proofs/hash-rows
6425	timestamptz_hash	crates/backend/utils/adt/adt_timestamp/src/builtins.rs	proved(full-i64; hashint8 fold + hash_uint32 in-theorem)	fast	3.6s; proofs/datetime-cmp wave7
6426	timestamptz_hash_extended	crates/backend/utils/adt/adt_timestamp/src/builtins.rs	proved(full-i64 x full-u64 seed)	fast	3.6s; proofs/datetime-cmp wave7
6427	pg_get_sequence_data	crates/backend/commands/sequence/src/builtins.rs	blocked(seam: buffer page read)	seam	same state surface as 4032 plus composite tupdesc (typcache mock) + heap_form_tuple
6428	gen_random_uuid	crates/backend/utils/adt/uuid/src/builtins.rs	excluded(state:rng)	-	pure PRNG output, nothing beyond the seam to prove; proofs/uuid wave-5
6429	uuidv7	crates/backend/utils/adt/uuid/src/builtins.rs	excluded(state:clock)	-	pure assembly core proved 2.2s (modulo RNG-seam model, sub_ms<1e6 contract fence, macOS 10-bit SUBMS arm; Linux 12-bit arm needs a linux-host rerun); rng-skew control fails as designed; proofs/uuid wave-5
6430	uuidv7_interval	crates/backend/utils/adt/uuid/src/builtins.rs	excluded(state:clock)	-	pure assembly core proved 2.2s (modulo RNG-seam model, sub_ms<1e6 contract fence, macOS 10-bit SUBMS arm; Linux 12-bit arm needs a linux-host rerun); rng-skew control fails as designed; proofs/uuid wave-5
3383	brin_minmax_opcinfo	crates/backend/access/brin/brin_minmax/src/lib.rs	proved(full-u32 typoid)	per-type	0.12s; ledger extraction gap — row added post-hoc; proofs/brin-minmax
3384	brin_minmax_add_value	crates/backend/access/brin/brin_minmax/src/lib.rs	proved(per-type int4/date/uuid; catalog seam both sides + skew control; full symbolic values)	per-type	50-57s release-gate; proofs/brin-minmax
3385	brin_minmax_consistent	crates/backend/access/brin/brin_minmax/src/lib.rs	proved(per-type x strategy 1..5; full symbolic)	per-type	12-39s; proofs/brin-minmax
3386	brin_minmax_union	crates/backend/access/brin/brin_minmax/src/lib.rs	proved(per-type; full symbolic x4)	per-type	34-57s; proofs/brin-minmax
3	heap_tableam_handler	crates/backend/utils/fmgr/fmgr_core/src/canonical.rs	excluded(engine:am-handler)	-	AM handler returns internal routine struct (pgrust dispatches AMs natively, no fmgr handler); no value semantics to prove
101	eqsel	crates/backend/utils/fmgr/fmgr_core/src/canonical.rs	excluded(engine:planner)	-	selectivity estimator; implemented in planner (selfuncs.rs eqsel), oid-dispatched outside fmgr; pg_statistic/catalog-entangled cost logic, no user-visible value theorem
102	neqsel	crates/backend/utils/fmgr/fmgr_core/src/canonical.rs	excluded(engine:planner)	-	selectivity estimator; implemented in planner (selfuncs.rs neqsel), oid-dispatched outside fmgr; pg_statistic/catalog-entangled cost logic, no user-visible value theorem
103	scalarltsel	crates/backend/utils/fmgr/fmgr_core/src/canonical.rs	excluded(engine:planner)	-	selectivity estimator; implemented in planner (selfuncs.rs scalarineqsel_wrapper), oid-dispatched outside fmgr; pg_statistic/catalog-entangled cost logic, no user-visible value theorem
104	scalargtsel	crates/backend/utils/fmgr/fmgr_core/src/canonical.rs	excluded(engine:planner)	-	selectivity estimator; implemented in planner (selfuncs.rs scalarineqsel_wrapper), oid-dispatched outside fmgr; pg_statistic/catalog-entangled cost logic, no user-visible value theorem
105	eqjoinsel	crates/backend/utils/fmgr/fmgr_core/src/canonical.rs	excluded(engine:planner)	-	selectivity estimator; implemented in planner (selfuncs.rs eqjoinsel), oid-dispatched outside fmgr; pg_statistic/catalog-entangled cost logic, no user-visible value theorem
106	neqjoinsel	crates/backend/utils/fmgr/fmgr_core/src/canonical.rs	excluded(engine:planner)	-	selectivity estimator; implemented in planner (selfuncs.rs neqjoinsel), oid-dispatched outside fmgr; pg_statistic/catalog-entangled cost logic, no user-visible value theorem
107	scalarltjoinsel	crates/backend/utils/fmgr/fmgr_core/src/canonical.rs	excluded(engine:planner)	-	selectivity estimator; implemented in planner (selfuncs.rs scalarineqsel_wrapper), oid-dispatched outside fmgr; pg_statistic/catalog-entangled cost logic, no user-visible value theorem
108	scalargtjoinsel	crates/backend/utils/fmgr/fmgr_core/src/canonical.rs	excluded(engine:planner)	-	selectivity estimator; implemented in planner (selfuncs.rs scalarineqsel_wrapper), oid-dispatched outside fmgr; pg_statistic/catalog-entangled cost logic, no user-visible value theorem
139	areasel	crates/backend/utils/fmgr/fmgr_core/src/canonical.rs	excluded(engine:planner)	-	selectivity estimator; NO in-tree implementation (port gap) — planner uses defaults for these classes; pg_statistic-entangled if ported
140	areajoinsel	crates/backend/utils/fmgr/fmgr_core/src/canonical.rs	excluded(engine:planner)	-	selectivity estimator; NO in-tree implementation (port gap) — planner uses defaults for these classes; pg_statistic-entangled if ported
275	pg_nextoid	crates/backend/utils/fmgr/fmgr_core/src/canonical.rs	excluded(state)	-	pg_nextoid: catalog OID assignment (GetNewOidWithIndex) superuser tool; no in-tree impl (port gap)
330	bthandler	crates/backend/utils/fmgr/fmgr_core/src/canonical.rs	excluded(engine:am-handler)	-	AM handler returns internal routine struct (pgrust dispatches AMs natively, no fmgr handler); no value semantics to prove
331	hashhandler	crates/backend/utils/fmgr/fmgr_core/src/canonical.rs	excluded(engine:am-handler)	-	AM handler returns internal routine struct (pgrust dispatches AMs natively, no fmgr handler); no value semantics to prove
333	ginhandler	crates/backend/utils/fmgr/fmgr_core/src/canonical.rs	excluded(engine:am-handler)	-	AM handler returns internal routine struct (pgrust dispatches AMs natively, no fmgr handler); no value semantics to prove
335	brinhandler	crates/backend/utils/fmgr/fmgr_core/src/canonical.rs	excluded(engine:am-handler)	-	AM handler returns internal routine struct (pgrust dispatches AMs natively, no fmgr handler); no value semantics to prove
336	scalarlesel	crates/backend/utils/fmgr/fmgr_core/src/canonical.rs	excluded(engine:planner)	-	selectivity estimator; implemented in planner (selfuncs.rs scalarineqsel_wrapper), oid-dispatched outside fmgr; pg_statistic/catalog-entangled cost logic, no user-visible value theorem
337	scalargesel	crates/backend/utils/fmgr/fmgr_core/src/canonical.rs	excluded(engine:planner)	-	selectivity estimator; implemented in planner (selfuncs.rs scalarineqsel_wrapper), oid-dispatched outside fmgr; pg_statistic/catalog-entangled cost logic, no user-visible value theorem
386	scalarlejoinsel	crates/backend/utils/fmgr/fmgr_core/src/canonical.rs	excluded(engine:planner)	-	selectivity estimator; implemented in planner (selfuncs.rs scalarineqsel_wrapper), oid-dispatched outside fmgr; pg_statistic/catalog-entangled cost logic, no user-visible value theorem
398	scalargejoinsel	crates/backend/utils/fmgr/fmgr_core/src/canonical.rs	excluded(engine:planner)	-	selectivity estimator; implemented in planner (selfuncs.rs scalarineqsel_wrapper), oid-dispatched outside fmgr; pg_statistic/catalog-entangled cost logic, no user-visible value theorem
721	byteaGetByte	crates/backend/utils/adt/varlena/src/builtins.rs	proved(len<=8, full-i32 n; value+verdict+sqlstate 2202E; value-space only)	fast	0.89s kissat; proofs/bytea-cmp; fcinfo tested tier
722	byteaSetByte	crates/backend/utils/adt/varlena/src/builtins.rs	proved(len=4 spot, full-i32 n, (char)-truncation + 2202E planes, both covers; modulo static-buffer allocator model) + wall(CNF width-bound at symbolic len<=8, both solvers; symex 3s)	ladder	104.9s default; grow/dealloc stubs load-bearing; per-length split ~100s/cell viable; proofs/bytea-cmp
723	byteaGetBit	crates/backend/utils/adt/varlena/src/builtins.rs	proved(len<=8, full-i64 n; value+verdict+sqlstate 2202E; value-space only)	fast	1.13s kissat; proofs/bytea-cmp
724	byteaSetBit	crates/backend/utils/adt/varlena/src/builtins.rs	proved(len=4 spot, full-i64 n + full-i32 new_bit; all 3 arms Ok/2202E/22023 with sqlstate+level parity, arm covers; modulo static-buffer allocator model) + wall(CNF width-bound at symbolic len<=8, both solvers; symex 3s)	ladder	99.9s default; probe_set_bit_len4; per-length split confirmed clears the wall (varbit W10 continuation 2026-07-30); grow/dealloc stubs load-bearing; proofs/bytea-cmp
1264	PG_char_to_encoding	crates/backend/utils/adt/adt_misc/src/builtins.rs	proved(non-UTF8 plane: wrapper byte-wise clean vs verbatim C, utf+b+8 for b in 0x80..=0xFF — divergence #10 FIXED bd9442e253) + tested(differential 416k valid-UTF-8 names, 0 diffs) + wall(model: CBMC pointer-arith binary-search strcmp on the full-symbolic core)	ladder	witness now green 15.9s (was the divergence witness); regression test in mbutils; proofs/encnames
1300	positionsel	crates/backend/utils/fmgr/fmgr_core/src/canonical.rs	excluded(engine:planner)	-	selectivity estimator; NO in-tree implementation (port gap) — planner uses defaults for these classes; pg_statistic-entangled if ported
1301	positionjoinsel	crates/backend/utils/fmgr/fmgr_core/src/canonical.rs	excluded(engine:planner)	-	selectivity estimator; NO in-tree implementation (port gap) — planner uses defaults for these classes; pg_statistic-entangled if ported
1302	contsel	crates/backend/utils/fmgr/fmgr_core/src/canonical.rs	excluded(engine:planner)	-	selectivity estimator; NO in-tree implementation (port gap) — planner uses defaults for these classes; pg_statistic-entangled if ported
1303	contjoinsel	crates/backend/utils/fmgr/fmgr_core/src/canonical.rs	excluded(engine:planner)	-	selectivity estimator; NO in-tree implementation (port gap) — planner uses defaults for these classes; pg_statistic-entangled if ported
1349	oidvectortypes	crates/backend/utils/fmgr/fmgr_core/src/canonical.rs	excluded(state)	-	oidvectortypes: catalog format_type over oidvector; no in-tree impl (port gap)
1597	PG_encoding_to_char	crates/backend/utils/adt/adt_misc/src/builtins.rs	proved(full-i32; 64B NameData frame, shipped namestrcpy in-theorem)	fast	2.07s kissat; proofs/encnames
1644	RI_FKey_check_ins	crates/backend/utils/fmgr/fmgr_core/src/canonical.rs	excluded(engine:trigger)	-	RI trigger; implemented in ri_triggers/src/lib.rs (F_RI_FKEY_CHECK_INS oid const, non-fmgr dispatch); trigger data + query re-execution + catalog state
1645	RI_FKey_check_upd	crates/backend/utils/fmgr/fmgr_core/src/canonical.rs	excluded(engine:trigger)	-	RI trigger; implemented in ri_triggers/src/lib.rs (F_RI_FKEY_CHECK_INS oid const, non-fmgr dispatch); trigger data + query re-execution + catalog state
1646	RI_FKey_cascade_del	crates/backend/utils/fmgr/fmgr_core/src/canonical.rs	excluded(engine:trigger)	-	RI trigger; implemented in ri_triggers/src/lib.rs (F_RI_FKEY_CHECK_INS oid const, non-fmgr dispatch); trigger data + query re-execution + catalog state
1647	RI_FKey_cascade_upd	crates/backend/utils/fmgr/fmgr_core/src/canonical.rs	excluded(engine:trigger)	-	RI trigger; implemented in ri_triggers/src/lib.rs (F_RI_FKEY_CHECK_INS oid const, non-fmgr dispatch); trigger data + query re-execution + catalog state
1648	RI_FKey_restrict_del	crates/backend/utils/fmgr/fmgr_core/src/canonical.rs	excluded(engine:trigger)	-	RI trigger; implemented in ri_triggers/src/lib.rs (F_RI_FKEY_CHECK_INS oid const, non-fmgr dispatch); trigger data + query re-execution + catalog state
1649	RI_FKey_restrict_upd	crates/backend/utils/fmgr/fmgr_core/src/canonical.rs	excluded(engine:trigger)	-	RI trigger; implemented in ri_triggers/src/lib.rs (F_RI_FKEY_CHECK_INS oid const, non-fmgr dispatch); trigger data + query re-execution + catalog state
1650	RI_FKey_setnull_del	crates/backend/utils/fmgr/fmgr_core/src/canonical.rs	excluded(engine:trigger)	-	RI trigger; implemented in ri_triggers/src/lib.rs (F_RI_FKEY_CHECK_INS oid const, non-fmgr dispatch); trigger data + query re-execution + catalog state
1651	RI_FKey_setnull_upd	crates/backend/utils/fmgr/fmgr_core/src/canonical.rs	excluded(engine:trigger)	-	RI trigger; implemented in ri_triggers/src/lib.rs (F_RI_FKEY_CHECK_INS oid const, non-fmgr dispatch); trigger data + query re-execution + catalog state
1652	RI_FKey_setdefault_del	crates/backend/utils/fmgr/fmgr_core/src/canonical.rs	excluded(engine:trigger)	-	RI trigger; implemented in ri_triggers/src/lib.rs (F_RI_FKEY_CHECK_INS oid const, non-fmgr dispatch); trigger data + query re-execution + catalog state
1653	RI_FKey_setdefault_upd	crates/backend/utils/fmgr/fmgr_core/src/canonical.rs	excluded(engine:trigger)	-	RI trigger; implemented in ri_triggers/src/lib.rs (F_RI_FKEY_CHECK_INS oid const, non-fmgr dispatch); trigger data + query re-execution + catalog state
1654	RI_FKey_noaction_del	crates/backend/utils/fmgr/fmgr_core/src/canonical.rs	excluded(engine:trigger)	-	RI trigger; implemented in ri_triggers/src/lib.rs (F_RI_FKEY_CHECK_INS oid const, non-fmgr dispatch); trigger data + query re-execution + catalog state
1655	RI_FKey_noaction_upd	crates/backend/utils/fmgr/fmgr_core/src/canonical.rs	excluded(engine:trigger)	-	RI trigger; implemented in ri_triggers/src/lib.rs (F_RI_FKEY_CHECK_INS oid const, non-fmgr dispatch); trigger data + query re-execution + catalog state
1713	length_in_encoding	crates/backend/utils/fmgr/fmgr_core/src/canonical.rs	excluded(unimplemented)	-	length_in_encoding: no in-tree impl (port gap); PROVABLE-IF-PORTED — pg_verify_mbstr walk + mblen kernels already proved (encoding lane); flag to port owners as cheap win
1814	iclikesel	crates/backend/utils/fmgr/fmgr_core/src/canonical.rs	excluded(engine:planner)	-	selectivity estimator; NO in-tree implementation (port gap) — planner uses defaults for these classes; pg_statistic-entangled if ported
1815	icnlikesel	crates/backend/utils/fmgr/fmgr_core/src/canonical.rs	excluded(engine:planner)	-	selectivity estimator; NO in-tree implementation (port gap) — planner uses defaults for these classes; pg_statistic-entangled if ported
1816	iclikejoinsel	crates/backend/utils/fmgr/fmgr_core/src/canonical.rs	excluded(engine:planner)	-	selectivity estimator; NO in-tree implementation (port gap) — planner uses defaults for these classes; pg_statistic-entangled if ported
1817	icnlikejoinsel	crates/backend/utils/fmgr/fmgr_core/src/canonical.rs	excluded(engine:planner)	-	selectivity estimator; NO in-tree implementation (port gap) — planner uses defaults for these classes; pg_statistic-entangled if ported
1818	regexeqsel	crates/backend/utils/fmgr/fmgr_core/src/canonical.rs	excluded(engine:planner)	-	selectivity estimator; NO in-tree implementation (port gap) — planner uses defaults for these classes; pg_statistic-entangled if ported
1819	likesel	crates/backend/utils/fmgr/fmgr_core/src/canonical.rs	excluded(engine:planner)	-	selectivity estimator; NO in-tree implementation (port gap) — planner uses defaults for these classes; pg_statistic-entangled if ported
1820	icregexeqsel	crates/backend/utils/fmgr/fmgr_core/src/canonical.rs	excluded(engine:planner)	-	selectivity estimator; NO in-tree implementation (port gap) — planner uses defaults for these classes; pg_statistic-entangled if ported
1821	regexnesel	crates/backend/utils/fmgr/fmgr_core/src/canonical.rs	excluded(engine:planner)	-	selectivity estimator; NO in-tree implementation (port gap) — planner uses defaults for these classes; pg_statistic-entangled if ported
1822	nlikesel	crates/backend/utils/fmgr/fmgr_core/src/canonical.rs	excluded(engine:planner)	-	selectivity estimator; NO in-tree implementation (port gap) — planner uses defaults for these classes; pg_statistic-entangled if ported
1823	icregexnesel	crates/backend/utils/fmgr/fmgr_core/src/canonical.rs	excluded(engine:planner)	-	selectivity estimator; NO in-tree implementation (port gap) — planner uses defaults for these classes; pg_statistic-entangled if ported
1824	regexeqjoinsel	crates/backend/utils/fmgr/fmgr_core/src/canonical.rs	excluded(engine:planner)	-	selectivity estimator; NO in-tree implementation (port gap) — planner uses defaults for these classes; pg_statistic-entangled if ported
1825	likejoinsel	crates/backend/utils/fmgr/fmgr_core/src/canonical.rs	excluded(engine:planner)	-	selectivity estimator; NO in-tree implementation (port gap) — planner uses defaults for these classes; pg_statistic-entangled if ported
1826	icregexeqjoinsel	crates/backend/utils/fmgr/fmgr_core/src/canonical.rs	excluded(engine:planner)	-	selectivity estimator; NO in-tree implementation (port gap) — planner uses defaults for these classes; pg_statistic-entangled if ported
1827	regexnejoinsel	crates/backend/utils/fmgr/fmgr_core/src/canonical.rs	excluded(engine:planner)	-	selectivity estimator; NO in-tree implementation (port gap) — planner uses defaults for these classes; pg_statistic-entangled if ported
1828	nlikejoinsel	crates/backend/utils/fmgr/fmgr_core/src/canonical.rs	excluded(engine:planner)	-	selectivity estimator; NO in-tree implementation (port gap) — planner uses defaults for these classes; pg_statistic-entangled if ported
1829	icregexnejoinsel	crates/backend/utils/fmgr/fmgr_core/src/canonical.rs	excluded(engine:planner)	-	selectivity estimator; NO in-tree implementation (port gap) — planner uses defaults for these classes; pg_statistic-entangled if ported
2093	pg_conversion_is_visible	crates/backend/utils/fmgr/fmgr_core/src/canonical.rs	excluded(state)	-	namespace visibility catalog lookup (sibling convention 2079 pg_table_is_visible); NO in-tree impl for these six (port gap)
2094	pg_stat_get_backend_activity_start	crates/backend/utils/adt/pgstatfuncs/src/lib.rs	excluded(state)	-	pg_stat shared-memory/catalog reads (sibling convention, e.g. 2769)
2500	cstring_recv	crates/backend/utils/fmgr/fmgr_core/src/canonical.rs	proved(core; per-len cells 0/1/3/5 symbolic content + nonzero-cursor cell; cursor consumption in-theorem; modulo static-buffer allocator model + client-to-server encoding seam identity arm (validation/conversion out of proof))	ladder	w2-fmgr 2026-07-30: 5/5 cells green kissat 15.8-53.4s (box load ~15-24) + control_cstring_recv_c2s_skew FAILED-as-required (seam load-bearing); CORE-tier only — DEFECT CONFIRMED implemented-but-unregistered: core pseudotypes/src/lib.rs:143, no PSEUDOTYPES_BUILTINS row (builtins.rs has 2292/2293 only; module doc 'no pg_proc callers' is WRONG — 2500 is pg_proc in PG18); unregistered oid => builtin_not_ported ERROR 0A000 (fmgr_core/src/lib.rs:146); MISSING: fc_cstring_recv wrapper + b(2500) row — port lane owns; wrapper-tier harness = cheapest next target post-registration; proofs/pseudotypes
2501	cstring_send	crates/backend/utils/fmgr/fmgr_core/src/canonical.rs	proved(core; strlen spot cells empty/len1/len3/tail-garbage, full bytea image parity incl NUL truncation; modulo static-buffer allocator model + server-to-client seam identity arm)	ladder	w2-fmgr 2026-07-30: 4/4 spots green kissat 24.2-43.3s (load ~15-24); spot-not-band per pstrdup derived-length wall class; DEFECT CONFIRMED EMPIRICALLY (docker malisper/pgrust:v0.2): SELECT cstring_send('abc'::cstring) AND COPY (SELECT 'abc'::cstring) TO STDOUT (FORMAT binary) both => ERROR 0A000 'not yet implemented'; real postgres:18 => \x616263 / valid PGCOPY; core pseudotypes/src/lib.rs:150; MISSING: fc_cstring_send + b(2501) row in pseudotypes/src/builtins.rs — port lane owns; proofs/pseudotypes
2503	anyarray_send	crates/backend/utils/fmgr/fmgr_core/src/canonical.rs	excluded(unimplemented)	-	C anyarray_send delegates to array_send; no pgrust impl/registration (port gap); trivial candidate once ported
2743	ginarrayextract	crates/backend/utils/fmgr/fmgr_core/src/canonical.rs	excluded(typcache)	-	GIN array opclass extract (gin/src/opclass.rs ginarrayextract:295): array deconstruct + initGinState typcache elem cmp + mcx; per-type re-open possible after typcache-instantiation pattern
2744	ginarrayconsistent	crates/backend/utils/fmgr/fmgr_core/src/canonical.rs	proved(per-strategy cells overlap/contains/contained/equal; symbolic check+nullFlags fenced {0,1}, nkeys<=MAXK; recheck parity in-theorem; wrapper-level via gin::opclass ArrayOps)	ladder	fleet batchB @994f9977 (S3 archive kani-suite-20260730): 4/4 strategy cells green 21-41s kissat; control_ginarray_null_skew expected-fail-ok (adjudicated); proofs/jsonb-gin
2770	pg_stat_get_checkpointer_num_requested	crates/backend/utils/adt/pgstatfuncs/src/lib.rs	excluded(state)	-	pg_stat shared-memory/catalog reads (sibling convention, e.g. 2769)
2771	pg_stat_get_checkpointer_buffers_written	crates/backend/utils/adt/pgstatfuncs/src/lib.rs	excluded(state)	-	pg_stat shared-memory/catalog reads (sibling convention, e.g. 2769)
2774	ginqueryarrayextract	crates/backend/utils/fmgr/fmgr_core/src/canonical.rs	excluded(typcache)	-	GIN array opclass extract (gin/src/opclass.rs ginarrayextract:295): array deconstruct + initGinState typcache elem cmp + mcx; per-type re-open possible after typcache-instantiation pattern
2788	pg_stat_get_backend_wait_event_type	crates/backend/utils/adt/pgstatfuncs/src/lib.rs	excluded(state)	-	pg_stat shared-memory/catalog reads (sibling convention, e.g. 2769)
3069	pg_stat_get_db_conflict_startup_deadlock	crates/backend/utils/adt/pgstatfuncs/src/lib.rs	excluded(state)	-	pg_stat shared-memory/catalog reads (sibling convention, e.g. 2769)
3076	ginarrayextract_2args	crates/backend/utils/fmgr/fmgr_core/src/canonical.rs	excluded(typcache)	-	GIN array opclass extract (gin/src/opclass.rs ginarrayextract:295): array deconstruct + initGinState typcache elem cmp + mcx; per-type re-open possible after typcache-instantiation pattern
3077	gin_extract_tsvector_2args	crates/backend/utils/fmgr/fmgr_core/src/canonical.rs	excluded(engine)	-	tsearch GIN extract engine (ledger convention; implemented in adt/tsginidx)
3086	pg_extension_config_dump	crates/backend/utils/fmgr/fmgr_core/src/canonical.rs	excluded(state)	-	pg_extension_config_dump: extension catalog update; no in-tree impl (port gap)
3087	gin_extract_tsquery_5args	crates/backend/utils/fmgr/fmgr_core/src/canonical.rs	excluded(engine)	-	tsearch GIN extract engine (ledger convention; implemented in adt/tsginidx)
3088	gin_tsquery_consistent_6args	crates/backend/utils/fmgr/fmgr_core/src/canonical.rs	excluded(engine)	-	tsearch GIN extract engine (ledger convention; implemented in adt/tsginidx)
3092	pg_try_advisory_xact_lock_shared_int8	crates/backend/utils/adt/lockfuncs/src/lib.rs	excluded(state)	-	lock-manager shared state (sibling convention 3090/3094)
3096	pg_try_advisory_xact_lock_shared_int4	crates/backend/utils/adt/lockfuncs/src/lib.rs	excluded(state)	-	lock-manager shared state (sibling convention 3090/3094)
3100	window_row_number	crates/backend/utils/fmgr/fmgr_core/src/canonical.rs	excluded(engine:window)	-	window function; implemented NATIVELY in nodewindowagg (oid dispatch, F_WINDOW_* consts nodewindowagg/src/lib.rs:55-57), not fmgr; WindowObject partition-buffer state in every body
3101	window_rank	crates/backend/utils/fmgr/fmgr_core/src/canonical.rs	excluded(engine:window)	-	window function; implemented NATIVELY in nodewindowagg (oid dispatch, F_WINDOW_* consts nodewindowagg/src/lib.rs:55-57), not fmgr; WindowObject partition-buffer state in every body
3102	window_dense_rank	crates/backend/utils/fmgr/fmgr_core/src/canonical.rs	excluded(engine:window)	-	window function; implemented NATIVELY in nodewindowagg (oid dispatch, F_WINDOW_* consts nodewindowagg/src/lib.rs:55-57), not fmgr; WindowObject partition-buffer state in every body
3103	window_percent_rank	crates/backend/utils/fmgr/fmgr_core/src/canonical.rs	excluded(engine:window)	-	window function; implemented NATIVELY in nodewindowagg (oid dispatch, F_WINDOW_* consts nodewindowagg/src/lib.rs:55-57), not fmgr; WindowObject partition-buffer state in every body
3104	window_cume_dist	crates/backend/utils/fmgr/fmgr_core/src/canonical.rs	excluded(engine:window)	-	window function; implemented NATIVELY in nodewindowagg (oid dispatch, F_WINDOW_* consts nodewindowagg/src/lib.rs:55-57), not fmgr; WindowObject partition-buffer state in every body
3105	window_ntile	crates/backend/utils/fmgr/fmgr_core/src/canonical.rs	excluded(engine:window)	-	window function; implemented NATIVELY in nodewindowagg (oid dispatch, F_WINDOW_* consts nodewindowagg/src/lib.rs:55-57), not fmgr; WindowObject partition-buffer state in every body
3106	window_lag	crates/backend/utils/fmgr/fmgr_core/src/canonical.rs	excluded(engine:window)	-	window function; implemented NATIVELY in nodewindowagg (oid dispatch, F_WINDOW_* consts nodewindowagg/src/lib.rs:55-57), not fmgr; WindowObject partition-buffer state in every body
3107	window_lag_with_offset	crates/backend/utils/fmgr/fmgr_core/src/canonical.rs	excluded(engine:window)	-	window function; implemented NATIVELY in nodewindowagg (oid dispatch, F_WINDOW_* consts nodewindowagg/src/lib.rs:55-57), not fmgr; WindowObject partition-buffer state in every body
3108	window_lag_with_offset_and_default	crates/backend/utils/fmgr/fmgr_core/src/canonical.rs	excluded(engine:window)	-	window function; implemented NATIVELY in nodewindowagg (oid dispatch, F_WINDOW_* consts nodewindowagg/src/lib.rs:55-57), not fmgr; WindowObject partition-buffer state in every body
3109	window_lead	crates/backend/utils/fmgr/fmgr_core/src/canonical.rs	excluded(engine:window)	-	window function; implemented NATIVELY in nodewindowagg (oid dispatch, F_WINDOW_* consts nodewindowagg/src/lib.rs:55-57), not fmgr; WindowObject partition-buffer state in every body
3110	window_lead_with_offset	crates/backend/utils/fmgr/fmgr_core/src/canonical.rs	excluded(engine:window)	-	window function; implemented NATIVELY in nodewindowagg (oid dispatch, F_WINDOW_* consts nodewindowagg/src/lib.rs:55-57), not fmgr; WindowObject partition-buffer state in every body
3111	window_lead_with_offset_and_default	crates/backend/utils/fmgr/fmgr_core/src/canonical.rs	excluded(engine:window)	-	window function; implemented NATIVELY in nodewindowagg (oid dispatch, F_WINDOW_* consts nodewindowagg/src/lib.rs:55-57), not fmgr; WindowObject partition-buffer state in every body
3112	window_first_value	crates/backend/utils/fmgr/fmgr_core/src/canonical.rs	excluded(engine:window)	-	window function; implemented NATIVELY in nodewindowagg (oid dispatch, F_WINDOW_* consts nodewindowagg/src/lib.rs:55-57), not fmgr; WindowObject partition-buffer state in every body
3113	window_last_value	crates/backend/utils/fmgr/fmgr_core/src/canonical.rs	excluded(engine:window)	-	window function; implemented NATIVELY in nodewindowagg (oid dispatch, F_WINDOW_* consts nodewindowagg/src/lib.rs:55-57), not fmgr; WindowObject partition-buffer state in every body
3114	window_nth_value	crates/backend/utils/fmgr/fmgr_core/src/canonical.rs	excluded(engine:window)	-	window function; implemented NATIVELY in nodewindowagg (oid dispatch, F_WINDOW_* consts nodewindowagg/src/lib.rs:55-57), not fmgr; WindowObject partition-buffer state in every body
3129	btint2sortsupport	crates/backend/utils/fmgr/fmgr_core/src/canonical.rs	excluded(engine:sortsupport)	-	sortsupport substrate unported BY DESIGN (nbtree/compare/src/lib.rs:4 header: fmgr resolve of these OIDs panics loudly); comparator cores themselves proved elsewhere (btint*cmp etc.)
3130	btint4sortsupport	crates/backend/utils/fmgr/fmgr_core/src/canonical.rs	excluded(engine:sortsupport)	-	sortsupport substrate unported BY DESIGN (nbtree/compare/src/lib.rs:4 header: fmgr resolve of these OIDs panics loudly); comparator cores themselves proved elsewhere (btint*cmp etc.)
3131	btint8sortsupport	crates/backend/utils/fmgr/fmgr_core/src/canonical.rs	excluded(engine:sortsupport)	-	sortsupport substrate unported BY DESIGN (nbtree/compare/src/lib.rs:4 header: fmgr resolve of these OIDs panics loudly); comparator cores themselves proved elsewhere (btint*cmp etc.)
3132	btfloat4sortsupport	crates/backend/utils/fmgr/fmgr_core/src/canonical.rs	excluded(engine:sortsupport)	-	sortsupport substrate unported BY DESIGN (nbtree/compare/src/lib.rs:4 header: fmgr resolve of these OIDs panics loudly); comparator cores themselves proved elsewhere (btint*cmp etc.)
3133	btfloat8sortsupport	crates/backend/utils/fmgr/fmgr_core/src/canonical.rs	excluded(engine:sortsupport)	-	sortsupport substrate unported BY DESIGN (nbtree/compare/src/lib.rs:4 header: fmgr resolve of these OIDs panics loudly); comparator cores themselves proved elsewhere (btint*cmp etc.)
3134	btoidsortsupport	crates/backend/utils/fmgr/fmgr_core/src/canonical.rs	excluded(engine:sortsupport)	-	sortsupport substrate unported BY DESIGN (nbtree/compare/src/lib.rs:4 header: fmgr resolve of these OIDs panics loudly); comparator cores themselves proved elsewhere (btint*cmp etc.)
3135	btnamesortsupport	crates/backend/utils/fmgr/fmgr_core/src/canonical.rs	excluded(engine:sortsupport)	-	sortsupport substrate unported BY DESIGN (nbtree/compare/src/lib.rs:4 header: fmgr resolve of these OIDs panics loudly); comparator cores themselves proved elsewhere (btint*cmp etc.)
3136	date_sortsupport	crates/backend/utils/fmgr/fmgr_core/src/canonical.rs	excluded(engine:sortsupport)	-	sortsupport substrate unported BY DESIGN (nbtree/compare/src/lib.rs:4 header: fmgr resolve of these OIDs panics loudly); comparator cores themselves proved elsewhere (btint*cmp etc.)
3137	timestamp_sortsupport	crates/backend/utils/fmgr/fmgr_core/src/canonical.rs	excluded(engine:sortsupport)	-	sortsupport substrate unported BY DESIGN (nbtree/compare/src/lib.rs:4 header: fmgr resolve of these OIDs panics loudly); comparator cores themselves proved elsewhere (btint*cmp etc.)
3169	rangesel	crates/backend/utils/fmgr/fmgr_core/src/canonical.rs	excluded(engine:planner)	-	selectivity estimator; implemented in planner (rangetypes_selfuncs.rs), oid-dispatched outside fmgr; pg_statistic/catalog-entangled cost logic, no user-visible value theorem
3283	numeric_sortsupport	crates/backend/utils/fmgr/fmgr_core/src/canonical.rs	excluded(engine:sortsupport)	-	sortsupport substrate unported BY DESIGN (nbtree/compare/src/lib.rs:4 header: fmgr resolve of these OIDs panics loudly); comparator cores themselves proved elsewhere (btint*cmp etc.)
3300	uuid_sortsupport	crates/backend/utils/fmgr/fmgr_core/src/canonical.rs	excluded(engine:sortsupport)	-	sortsupport substrate unported BY DESIGN (nbtree/compare/src/lib.rs:4 header: fmgr resolve of these OIDs panics loudly); comparator cores themselves proved elsewhere (btint*cmp etc.)
3313	tsm_bernoulli_handler	crates/backend/utils/fmgr/fmgr_core/src/canonical.rs	excluded(engine:tablesample)	-	tablesample method handler (pgrust access/tablesample dispatches natively); routine-struct return, no value theorem
3314	tsm_system_handler	crates/backend/utils/fmgr/fmgr_core/src/canonical.rs	excluded(engine:tablesample)	-	tablesample method handler (pgrust access/tablesample dispatches natively); routine-struct return, no value theorem
3331	bytea_sortsupport	crates/backend/utils/fmgr/fmgr_core/src/canonical.rs	excluded(engine:sortsupport)	-	sortsupport substrate unported BY DESIGN (nbtree/compare/src/lib.rs:4 header: fmgr resolve of these OIDs panics loudly); comparator cores themselves proved elsewhere (btint*cmp etc.)
3332	bttext_pattern_sortsupport	crates/backend/utils/fmgr/fmgr_core/src/canonical.rs	excluded(engine:sortsupport)	-	sortsupport substrate unported BY DESIGN (nbtree/compare/src/lib.rs:4 header: fmgr resolve of these OIDs panics loudly); comparator cores themselves proved elsewhere (btint*cmp etc.)
3359	macaddr_sortsupport	crates/backend/utils/fmgr/fmgr_core/src/canonical.rs	excluded(engine:sortsupport)	-	sortsupport substrate unported BY DESIGN (nbtree/compare/src/lib.rs:4 header: fmgr resolve of these OIDs panics loudly); comparator cores themselves proved elsewhere (btint*cmp etc.)
3437	prefixsel	crates/backend/utils/fmgr/fmgr_core/src/canonical.rs	excluded(engine:planner)	-	selectivity estimator; NO in-tree implementation (port gap) — planner uses defaults for these classes; pg_statistic-entangled if ported
3438	prefixjoinsel	crates/backend/utils/fmgr/fmgr_core/src/canonical.rs	excluded(engine:planner)	-	selectivity estimator; NO in-tree implementation (port gap) — planner uses defaults for these classes; pg_statistic-entangled if ported
3445	pg_import_system_collations	crates/backend/utils/fmgr/fmgr_core/src/canonical.rs	excluded(state)	-	pg_import_system_collations: catalog writes + locale enumeration (libc/ICU FFI); no in-tree impl (port gap)
3448	pg_collation_actual_version	crates/backend/utils/fmgr/fmgr_core/src/canonical.rs	excluded(state)	-	collation actual-version: locale provider (libc/ICU) FFI + catalog; no in-tree impl (port gap)
3482	gin_extract_jsonb	crates/backend/utils/fmgr/fmgr_core/src/canonical.rs	wall(memory; extract per-n cells rss-kill on fleet 240s tier AND retry-b2 720s tier 371-561s; result-image class per family header)	ladder	fleet @994f9977 + retry-b2: eq_extract_jsonb_{arr_n0..n3,obj_n1} all rss-kill; control_extract_hash_seam_skew unadjudicated (rss-kill) — @40GB retry tier owed before any refactor (TRIAGE wall class 8); proofs/jsonb-gin
3483	gin_extract_jsonb_query	crates/backend/utils/fmgr/fmgr_core/src/canonical.rs	candidate	ladder	NOT harnessed (per proofs/jsonb-gin header: jsonpath-query arms need jsonpath binary payload builder; text[] strategy arms need arrayfuncs); Contains arms delegate to extract cores which are wall(memory) at 3482; stays candidate
3484	gin_consistent_jsonb	crates/backend/utils/fmgr/fmgr_core/src/canonical.rs	proved(non-jsonpath strategies 7/9/10/11 + jsp nokeys; jsp shape arm wall)	ladder	fleet batchB @994f9977: contains/exists/exists_any/exists_all green 10-20s + eq_jsp_nokeys 40s; jsp bin shape cells NO-VERDICT kissat 75s AND retry-b2 300s (default-solver inversion UNTESTED — retry-b3 authored); control_jsp_wrong_entry UNADJUDICATED (timeout 240/481s) — jsp arm not banked; proofs/jsonb-gin
3485	gin_extract_jsonb_path	crates/backend/utils/fmgr/fmgr_core/src/canonical.rs	wall(memory; extract path per-n cells rss-kill fleet 240s + retry-b2 720s tiers; scalar-hash outputs — symex-side mcx wall, not CNF image)	ladder	fleet @994f9977 + retry-b2: eq_extract_jsonb_path_{arr_n1..n3,str_n1} all rss-kill 371-421s; hash-seam control unadjudicated; @40GB retry tier owed; proofs/jsonb-gin
3486	gin_extract_jsonb_query_path	crates/backend/utils/fmgr/fmgr_core/src/canonical.rs	candidate	ladder	NOT harnessed (same jsonpath-query builder gap as 3483); path Contains arm delegates to 3485 extract core (wall); stays candidate
3487	gin_consistent_jsonb_path	crates/backend/utils/fmgr/fmgr_core/src/canonical.rs	proved(contains arm + jsp-path nokeys; jsp path shape arm wall)	ladder	fleet batchB @994f9977: eq_consistent_jsonb_path_contains 10s + eq_jsp_path_nokeys 10s green; eq_jsp_path_bin_and_or NO-VERDICT 75s+300s kissat (default untested — retry-b3); proofs/jsonb-gin
3488	gin_triconsistent_jsonb	crates/backend/utils/fmgr/fmgr_core/src/canonical.rs	proved(non-jsonpath tri strategies 7/9/10/11; jsp tri shape arm wall)	ladder	fleet batchB @994f9977: tri contains/exists/any/all green 10-31s; jsp tri shape cells NO-VERDICT kissat 75s + retry-b2 300s (default solver untested — retry-b3); jsp control unadjudicated; proofs/jsonb-gin
3489	gin_triconsistent_jsonb_path	crates/backend/utils/fmgr/fmgr_core/src/canonical.rs	proved(contains tri arm; jsp path tri shape arm wall)	ladder	fleet batchB @994f9977: eq_triconsistent_jsonb_path_contains 10s green; eq_jsp_path_tri_or_and NO-VERDICT 75s+300s kissat (default untested — retry-b3); proofs/jsonb-gin
3505	anyenum_out	crates/backend/utils/fmgr/fmgr_core/src/canonical.rs	excluded(unimplemented)	-	C anyenum_out delegates to enum_out; no pgrust impl/registration (port gap)
3560	networksel	crates/backend/utils/fmgr/fmgr_core/src/canonical.rs	excluded(engine:planner)	-	selectivity estimator; implemented in planner (network_selfuncs.rs), oid-dispatched outside fmgr; pg_statistic/catalog-entangled cost logic, no user-visible value theorem
3561	networkjoinsel	crates/backend/utils/fmgr/fmgr_core/src/canonical.rs	excluded(engine:planner)	-	selectivity estimator; implemented in planner (network_selfuncs.rs), oid-dispatched outside fmgr; pg_statistic/catalog-entangled cost logic, no user-visible value theorem
3572	int2int4_sum	crates/backend/utils/fmgr/fmgr_core/src/canonical.rs	excluded(unimplemented)	-	int2int4_sum: aggregate transition helper; no in-tree impl (port gap); trivial fast candidate once ported (i64 sum, null-state handling)
3584	binary_upgrade_set_next_array_pg_type_oid	crates/backend/utils/adt/pg_upgrade_support/src/lib.rs	excluded(state)	-	binary-upgrade global state (sibling convention 3582/3589/4545)
3586	binary_upgrade_set_next_heap_pg_class_oid	crates/backend/utils/adt/pg_upgrade_support/src/lib.rs	excluded(state)	-	binary-upgrade global state (sibling convention 3582/3589/4545)
3587	binary_upgrade_set_next_index_pg_class_oid	crates/backend/utils/adt/pg_upgrade_support/src/lib.rs	excluded(state)	-	binary-upgrade global state (sibling convention 3582/3589/4545)
3588	binary_upgrade_set_next_toast_pg_class_oid	crates/backend/utils/adt/pg_upgrade_support/src/lib.rs	excluded(state)	-	binary-upgrade global state (sibling convention 3582/3589/4545)
3656	gin_extract_tsvector	crates/backend/utils/fmgr/fmgr_core/src/canonical.rs	excluded(engine)	-	tsearch GIN extract engine (ledger convention; implemented in adt/tsginidx)
3657	gin_extract_tsquery	crates/backend/utils/fmgr/fmgr_core/src/canonical.rs	excluded(engine)	-	tsearch GIN extract engine (ledger convention; implemented in adt/tsginidx)
3658	gin_tsquery_consistent	crates/backend/utils/fmgr/fmgr_core/src/canonical.rs	excluded(engine)	-	tsearch GIN extract engine (ledger convention; implemented in adt/tsginidx)
3686	tsmatchsel	crates/backend/utils/fmgr/fmgr_core/src/canonical.rs	excluded(engine:planner)	-	selectivity estimator; implemented in planner (ts_selfuncs.rs), oid-dispatched outside fmgr; pg_statistic/catalog-entangled cost logic, no user-visible value theorem
3687	tsmatchjoinsel	crates/backend/utils/fmgr/fmgr_core/src/canonical.rs	excluded(engine:planner)	-	selectivity estimator; implemented in planner (ts_selfuncs.rs), oid-dispatched outside fmgr; pg_statistic/catalog-entangled cost logic, no user-visible value theorem
3688	ts_typanalyze	crates/backend/commands/analyze/src/ts_typanalyze.rs	excluded(engine:analyze)	-	IMPLEMENTED non-fmgr (was ambiguously excluded(state)): commands/analyze/src/ts_typanalyze.rs; closed-set typanalyze oid dispatch in examine_attribute (analyze/src/lib.rs:1137-1154, panics on any other typanalyze oid); setup half sets stats geometry, compute half wires pg_statistic over sampled rows — state-entangled, no value theorem; verified 2026-07-30 nonfmgr triage
3697	gtsquery_picksplit	crates/backend/utils/adt/tsgistidx/src/lib.rs	excluded(engine)	-	tsearch GiST signature engine; ported+fmgr-registered 2026-07-30 port/gtsquery-gist-procs (audit-crate PASS) — was excluded(unimplemented) port gap
3698	gtsquery_union	crates/backend/utils/adt/tsgistidx/src/lib.rs	excluded(engine)	-	tsearch GiST signature engine; ported+fmgr-registered 2026-07-30 port/gtsquery-gist-procs (audit-crate PASS) — was excluded(unimplemented) port gap
3699	gtsquery_same	crates/backend/utils/adt/tsgistidx/src/lib.rs	excluded(engine)	-	tsearch GiST signature engine; ported+fmgr-registered 2026-07-30 port/gtsquery-gist-procs (audit-crate PASS) — was excluded(unimplemented) port gap
3700	gtsquery_penalty	crates/backend/utils/adt/tsgistidx/src/lib.rs	excluded(engine)	-	tsearch GiST signature engine; ported+fmgr-registered 2026-07-30 port/gtsquery-gist-procs (audit-crate PASS) — was excluded(unimplemented) port gap
3753	tsvector_update_trigger_bycolumn	crates/backend/utils/adt/tsvector_stat/src/trigger.rs	excluded(state)	-	executes SQL (ts_stat), same core as byid 3752; ported 2026-07-30 port/gtsquery-gist-procs — was excluded(unimplemented) port gap
3756	pg_ts_parser_is_visible	crates/backend/utils/fmgr/fmgr_core/src/canonical.rs	excluded(state)	-	namespace visibility catalog lookup (sibling convention 2079 pg_table_is_visible); NO in-tree impl for these six (port gap)
3757	pg_ts_dict_is_visible	crates/backend/utils/fmgr/fmgr_core/src/canonical.rs	excluded(state)	-	namespace visibility catalog lookup (sibling convention 2079 pg_table_is_visible); NO in-tree impl for these six (port gap)
3758	pg_ts_config_is_visible	crates/backend/utils/fmgr/fmgr_core/src/canonical.rs	excluded(state)	-	namespace visibility catalog lookup (sibling convention 2079 pg_table_is_visible); NO in-tree impl for these six (port gap)
3768	pg_ts_template_is_visible	crates/backend/utils/fmgr/fmgr_core/src/canonical.rs	excluded(state)	-	namespace visibility catalog lookup (sibling convention 2079 pg_table_is_visible); NO in-tree impl for these six (port gap)
3776	pg_stat_reset_single_table_counters	crates/backend/utils/adt/pgstatfuncs/src/lib.rs	excluded(state)	-	pg_stat shared-memory/catalog reads (sibling convention, e.g. 2769)
3777	pg_stat_reset_single_function_counters	crates/backend/utils/adt/pgstatfuncs/src/lib.rs	excluded(state)	-	pg_stat shared-memory/catalog reads (sibling convention, e.g. 2769)
3783	pg_logical_slot_get_binary_changes	crates/backend/replication/logical/logicalfuncs/src/lib.rs	excluded(state)	-	logical decoding state (sibling convention 3782/3784)
3785	pg_logical_slot_peek_binary_changes	crates/backend/replication/logical/logicalfuncs/src/lib.rs	excluded(state)	-	logical decoding state (sibling convention 3782/3784)
3791	gin_extract_tsquery_oldsig	crates/backend/utils/fmgr/fmgr_core/src/canonical.rs	excluded(engine)	-	tsearch GIN extract engine (ledger convention; implemented in adt/tsginidx)
3792	gin_tsquery_consistent_oldsig	crates/backend/utils/fmgr/fmgr_core/src/canonical.rs	excluded(engine)	-	tsearch GIN extract engine (ledger convention; implemented in adt/tsginidx)
3815	pg_collation_is_visible	crates/backend/utils/fmgr/fmgr_core/src/canonical.rs	excluded(state)	-	namespace visibility catalog lookup (sibling convention 2079 pg_table_is_visible); NO in-tree impl for these six (port gap)
3816	array_typanalyze	crates/backend/commands/analyze/src/array_typanalyze.rs	excluded(engine:analyze)	-	IMPLEMENTED non-fmgr (was ambiguously excluded(state)): commands/analyze/src/array_typanalyze.rs; closed-set typanalyze oid dispatch in examine_attribute (analyze/src/lib.rs:1137-1154, panics on any other typanalyze oid); setup half sets stats geometry, compute half wires pg_statistic over sampled rows — state-entangled, no value theorem; verified 2026-07-30 nonfmgr triage
3817	arraycontsel	crates/backend/utils/fmgr/fmgr_core/src/canonical.rs	excluded(engine:planner)	-	selectivity estimator; implemented in planner (array_selfuncs.rs), oid-dispatched outside fmgr; pg_statistic/catalog-entangled cost logic, no user-visible value theorem
3818	arraycontjoinsel	crates/backend/utils/fmgr/fmgr_core/src/canonical.rs	excluded(engine:planner)	-	selectivity estimator; implemented in planner (array_selfuncs.rs), oid-dispatched outside fmgr; pg_statistic/catalog-entangled cost logic, no user-visible value theorem
3819	pg_get_multixact_members	crates/backend/utils/fmgr/fmgr_core/src/canonical.rs	excluded(state)	-	pg_get_multixact_members: multixact SLRU state; no in-tree impl (port gap)
3916	range_typanalyze	crates/backend/commands/analyze/src/range_typanalyze.rs	excluded(engine:analyze)	-	IMPLEMENTED non-fmgr (was ambiguously excluded(state)): commands/analyze/src/range_typanalyze.rs; closed-set typanalyze oid dispatch in examine_attribute (analyze/src/lib.rs:1137-1154, panics on any other typanalyze oid); setup half sets stats geometry, compute half wires pg_statistic over sampled rows — state-entangled, no value theorem; verified 2026-07-30 nonfmgr triage
3920	ginarraytriconsistent	crates/backend/utils/fmgr/fmgr_core/src/canonical.rs	proved(per-strategy tri cells overlap/contains/contained/equal; ternary check fenced {0,1,2}, nkeys<=MAXK; wrapper-level via gin::opclass ArrayOps)	ladder	fleet batchB @994f9977: 4/4 tri cells green 31-41s kissat; shared null-skew control adjudicated; proofs/jsonb-gin
3921	gin_tsquery_triconsistent	crates/backend/utils/fmgr/fmgr_core/src/canonical.rs	excluded(engine)	-	tsearch GIN extract engine (ledger convention; implemented in adt/tsginidx)
4105	brin_inclusion_opcinfo	crates/backend/utils/fmgr/fmgr_core/src/canonical.rs	proved(full symbolic typoid; metadata parity nstored=3/regular_nulls/typids [typoid,BOOLOID,BOOLOID] incl INCLUSION_* column order + kind discriminant; catalog typcache seam model)	ladder	w2-fmgr 2026-07-30: 1.5s kissat; proofs/brin-opcinfo; siblings 4106-4108 keep their FmgrInfo-seam build plan (candidate)
4106	brin_inclusion_add_value	crates/backend/utils/fmgr/fmgr_core/src/canonical.rs	candidate	ladder	IMPLEMENTED non-fmgr: brin_inclusion/src/lib.rs (brin_inclusion_opcinfo:38 etc.); direct sibling of PROVED proofs/brin-minmax (3383-3386 pattern: catalog seam + per-type support-proc stub + skew control); union/contains procs via FmgrInfo seam
4107	brin_inclusion_consistent	crates/backend/utils/fmgr/fmgr_core/src/canonical.rs	candidate	ladder	IMPLEMENTED non-fmgr: brin_inclusion/src/lib.rs (brin_inclusion_opcinfo:38 etc.); direct sibling of PROVED proofs/brin-minmax (3383-3386 pattern: catalog seam + per-type support-proc stub + skew control); union/contains procs via FmgrInfo seam
4108	brin_inclusion_union	crates/backend/utils/fmgr/fmgr_core/src/canonical.rs	candidate	ladder	IMPLEMENTED non-fmgr: brin_inclusion/src/lib.rs (brin_inclusion_opcinfo:38 etc.); direct sibling of PROVED proofs/brin-minmax (3383-3386 pattern: catalog seam + per-type support-proc stub + skew control); union/contains procs via FmgrInfo seam
4227	anycompatiblemultirange_out	crates/backend/utils/fmgr/fmgr_core/src/canonical.rs	excluded(unimplemented)	-	C anycompatible*_out delegate to multirange_out/array_out/range_out; no pgrust impl/registration (port gap)
4242	multirange_typanalyze	crates/backend/commands/analyze/src/range_typanalyze.rs	excluded(engine:analyze)	-	IMPLEMENTED non-fmgr (was ambiguously excluded(state)): commands/analyze/src/range_typanalyze.rs (is_multirange=true); closed-set typanalyze oid dispatch in examine_attribute (analyze/src/lib.rs:1137-1154, panics on any other typanalyze oid); setup half sets stats geometry, compute half wires pg_statistic over sampled rows — state-entangled, no value theorem; verified 2026-07-30 nonfmgr triage
4243	multirangesel	crates/backend/utils/fmgr/fmgr_core/src/canonical.rs	excluded(engine:planner)	-	selectivity estimator; implemented in planner (multirangetypes_selfuncs.rs), oid-dispatched outside fmgr; pg_statistic/catalog-entangled cost logic, no user-visible value theorem
4254	multirange_contained_by_multirange	crates/backend/utils/adt/multirangetypes/src/builtins.rs	tested(differential: multirangetypes_diff 10M execs, value+verdict+sqlstate planes; per-type int4range/int8range/numrange typcache mock)	-	multirange typcache + subtype fmgr (sibling convention 4249-4270)
4269	multirange_overright_multirange	crates/backend/utils/adt/multirangetypes/src/builtins.rs	tested(differential: multirangetypes_diff 10M execs, value+verdict+sqlstate planes; per-type int4range/int8range/numrange typcache mock)	-	multirange typcache + subtype fmgr (sibling convention 4249-4270)
4390	binary_upgrade_set_next_multirange_pg_type_oid	crates/backend/utils/adt/pg_upgrade_support/src/lib.rs	excluded(state)	-	binary-upgrade global state (sibling convention 3582/3589/4545)
4391	binary_upgrade_set_next_multirange_array_pg_type_oid	crates/backend/utils/adt/pg_upgrade_support/src/lib.rs	excluded(state)	-	binary-upgrade global state (sibling convention 3582/3589/4545)
4546	binary_upgrade_set_next_index_relfilenode	crates/backend/utils/adt/pg_upgrade_support/src/lib.rs	excluded(state)	-	binary-upgrade global state (sibling convention 3582/3589/4545)
4547	binary_upgrade_set_next_toast_relfilenode	crates/backend/utils/adt/pg_upgrade_support/src/lib.rs	excluded(state)	-	binary-upgrade global state (sibling convention 3582/3589/4545)
4548	binary_upgrade_set_next_pg_tablespace_oid	crates/backend/utils/adt/pg_upgrade_support/src/lib.rs	excluded(state)	-	binary-upgrade global state (sibling convention 3582/3589/4545)
4591	brin_bloom_opcinfo	crates/backend/utils/fmgr/fmgr_core/src/canonical.rs	proved(full symbolic typoid; metadata parity nstored/regular_nulls/typid0 + kind/opaque-family discriminant; catalog typcache seam = named-static requested-oid model)	fast	w2-fmgr 2026-07-30: 0.19s kissat; mirror of proved 3383; control_bloom_wrong_summary_oid FAILED-as-required; proofs/brin-opcinfo
4592	brin_bloom_add_value	crates/backend/utils/fmgr/fmgr_core/src/canonical.rs	candidate	ladder	brin_bloom/src/lib.rs; add_value/consistent core = hash_bytes_uint32_extended (proved family) + bit set/test over BloomFilter varlena — provable with FIXED filter geometry; filter SIZING math is f64 log (53-bit wall) — fence to concrete nbits/nhashes cells; C brin_bloom.c
4593	brin_bloom_consistent	crates/backend/utils/fmgr/fmgr_core/src/canonical.rs	candidate	ladder	brin_bloom/src/lib.rs; add_value/consistent core = hash_bytes_uint32_extended (proved family) + bit set/test over BloomFilter varlena — provable with FIXED filter geometry; filter SIZING math is f64 log (53-bit wall) — fence to concrete nbits/nhashes cells; C brin_bloom.c
4594	brin_bloom_union	crates/backend/utils/fmgr/fmgr_core/src/canonical.rs	candidate	ladder	brin_bloom/src/lib.rs; add_value/consistent core = hash_bytes_uint32_extended (proved family) + bit set/test over BloomFilter varlena — provable with FIXED filter geometry; filter SIZING math is f64 log (53-bit wall) — fence to concrete nbits/nhashes cells; C brin_bloom.c
4616	brin_minmax_multi_opcinfo	crates/backend/utils/fmgr/fmgr_core/src/canonical.rs	proved(full symbolic typoid; metadata parity nstored/regular_nulls/typid0 + kind discriminant; catalog typcache seam model)	fast	w2-fmgr 2026-07-30: 0.17s kissat; mirror of proved 3383; proofs/brin-opcinfo
4617	brin_minmax_multi_add_value	crates/backend/utils/fmgr/fmgr_core/src/canonical.rs	excluded(typcache)	-	brin_minmax_multi add_value/consistent/union: sorted-ranges buffer maintenance (qsort + mcx realloc) + per-type DISTANCE proc via FmgrInfo (float arithmetic = 53-bit wall); re-open per-type with fixed geometry after brin_inclusion lane lands
4618	brin_minmax_multi_consistent	crates/backend/utils/fmgr/fmgr_core/src/canonical.rs	excluded(typcache)	-	brin_minmax_multi add_value/consistent/union: sorted-ranges buffer maintenance (qsort + mcx realloc) + per-type DISTANCE proc via FmgrInfo (float arithmetic = 53-bit wall); re-open per-type with fixed geometry after brin_inclusion lane lands
4619	brin_minmax_multi_union	crates/backend/utils/fmgr/fmgr_core/src/canonical.rs	excluded(typcache)	-	brin_minmax_multi add_value/consistent/union: sorted-ranges buffer maintenance (qsort + mcx realloc) + per-type DISTANCE proc via FmgrInfo (float arithmetic = 53-bit wall); re-open per-type with fixed geometry after brin_inclusion lane lands
5028	satisfies_hash_partition	crates/backend/partitioning/partbounds/src/qual.rs	excluded(state)	-	fc_satisfies_hash_partition partbounds/src/qual.rs:999: table_open + partcache::RelationGetPartitionKey + dynamic partsupfunc FmgrInfo dispatch + fn_extra memo — catalog-entangled; pure residue is thin (hash_combine64 = proved hashfn family; final (hash % modulus)==remainder provable w/ 16-bit-modulus band); re-openable via state-seam pattern only after a compute-hash core is factored out
5033	network_sortsupport	crates/backend/utils/fmgr/fmgr_core/src/canonical.rs	excluded(engine:sortsupport)	-	sortsupport substrate unported BY DESIGN (nbtree/compare/src/lib.rs:4 header: fmgr resolve of these OIDs panics loudly); comparator cores themselves proved elsewhere (btint*cmp etc.)
5040	matchingsel	crates/backend/utils/fmgr/fmgr_core/src/canonical.rs	excluded(engine:planner)	-	selectivity estimator; implemented in planner (selfuncs.rs matchingsel), oid-dispatched outside fmgr; pg_statistic/catalog-entangled cost logic, no user-visible value theorem
5041	matchingjoinsel	crates/backend/utils/fmgr/fmgr_core/src/canonical.rs	excluded(engine:planner)	-	selectivity estimator; implemented in planner (selfuncs.rs matchingsel), oid-dispatched outside fmgr; pg_statistic/catalog-entangled cost logic, no user-visible value theorem
5089	anycompatiblearray_out	crates/backend/utils/fmgr/fmgr_core/src/canonical.rs	excluded(unimplemented)	-	C anycompatible*_out delegate to multirange_out/array_out/range_out; no pgrust impl/registration (port gap)
5091	anycompatiblearray_send	crates/backend/utils/fmgr/fmgr_core/src/canonical.rs	excluded(unimplemented)	-	C anycompatiblearray_send delegates to array_send; no pgrust impl/registration (port gap)
5095	anycompatiblerange_out	crates/backend/utils/fmgr/fmgr_core/src/canonical.rs	excluded(unimplemented)	-	C anycompatible*_out delegate to multirange_out/array_out/range_out; no pgrust impl/registration (port gap)
6098	jsonb_subscript_handler	crates/backend/utils/fmgr/fmgr_core/src/canonical.rs	excluded(engine:am-handler)	-	subscript handler/support: returns internal routine struct or planner support node; native dispatch in pgrust
6118	pg_stat_get_subscription	crates/backend/utils/fmgr/fmgr_core/src/canonical.rs	excluded(state)	-	pg_stat_get_subscription: pgstat shared state; no in-tree impl (port gap)
6179	array_subscript_handler	crates/backend/utils/fmgr/fmgr_core/src/canonical.rs	excluded(engine:am-handler)	-	subscript handler/support: returns internal routine struct or planner support node; native dispatch in pgrust
6180	raw_array_subscript_handler	crates/backend/utils/fmgr/fmgr_core/src/canonical.rs	excluded(engine:am-handler)	-	subscript handler/support: returns internal routine struct or planner support node; native dispatch in pgrust
6218	pg_stat_get_xact_tuples_newpage_updated	crates/backend/utils/adt/pgstatfuncs/src/lib.rs	excluded(state)	-	pg_stat shared-memory/catalog reads (sibling convention, e.g. 2769)
6224	pg_get_wal_resource_managers	crates/backend/utils/fmgr/fmgr_core/src/canonical.rs	excluded(state)	-	pg_get_wal_resource_managers: rmgr registry state; no in-tree impl (port gap)
6249	pg_database_collation_actual_version	crates/backend/utils/fmgr/fmgr_core/src/canonical.rs	excluded(state)	-	collation actual-version: locale provider (libc/ICU) FFI + catalog; no in-tree impl (port gap)
6312	binary_upgrade_logical_slot_has_caught_up	crates/backend/utils/adt/pg_upgrade_support/src/lib.rs	excluded(state)	-	binary-upgrade global state (sibling convention 3582/3589/4545)
6314	pg_stat_get_checkpointer_stat_reset_time	crates/backend/utils/adt/pgstatfuncs/src/lib.rs	excluded(state)	-	pg_stat shared-memory/catalog reads (sibling convention, e.g. 2769)
6321	pg_available_wal_summaries	crates/backend/utils/fmgr/fmgr_core/src/canonical.rs	excluded(state)	-	WAL summarizer file/state reads; no in-tree impl (port gap)
6322	pg_wal_summary_contents	crates/backend/utils/fmgr/fmgr_core/src/canonical.rs	excluded(state)	-	WAL summarizer file/state reads; no in-tree impl (port gap)
6327	pg_stat_get_checkpointer_restartpoints_timed	crates/backend/utils/adt/pgstatfuncs/src/lib.rs	excluded(state)	-	pg_stat shared-memory/catalog reads (sibling convention, e.g. 2769)
6328	pg_stat_get_checkpointer_restartpoints_requested	crates/backend/utils/adt/pgstatfuncs/src/lib.rs	excluded(state)	-	pg_stat shared-memory/catalog reads (sibling convention, e.g. 2769)
6329	pg_stat_get_checkpointer_restartpoints_performed	crates/backend/utils/adt/pgstatfuncs/src/lib.rs	excluded(state)	-	pg_stat shared-memory/catalog reads (sibling convention, e.g. 2769)
6353	pg_get_loaded_modules	crates/backend/utils/fmgr/fmgr_core/src/canonical.rs	excluded(state)	-	pg_get_loaded_modules: dfmgr loaded-module registry; no in-tree impl (port gap)
6355	pg_stat_get_db_parallel_workers_to_launch	crates/backend/utils/adt/pgstatfuncs/src/lib.rs	excluded(state)	-	pg_stat shared-memory/catalog reads (sibling convention, e.g. 2769)
6356	pg_stat_get_db_parallel_workers_launched	crates/backend/utils/adt/pgstatfuncs/src/lib.rs	excluded(state)	-	pg_stat shared-memory/catalog reads (sibling convention, e.g. 2769)
6366	pg_stat_get_checkpointer_slru_written	crates/backend/utils/adt/pgstatfuncs/src/lib.rs	excluded(state)	-	pg_stat shared-memory/catalog reads (sibling convention, e.g. 2769)
6377	pg_stat_get_checkpointer_num_performed	crates/backend/utils/adt/pgstatfuncs/src/lib.rs	excluded(state)	-	pg_stat shared-memory/catalog reads (sibling convention, e.g. 2769)
6380	array_subscript_handler_support	crates/backend/utils/fmgr/fmgr_core/src/canonical.rs	excluded(engine:am-handler)	-	subscript handler/support: returns internal routine struct or planner support node; native dispatch in pgrust
6402	btint2skipsupport	crates/backend/utils/fmgr/fmgr_core/src/canonical.rs	proved(full-domain inc/dec kernels + sentinel constants)	fast	0.02-0.05s kissat; proofs/skipsupport
6403	btint4skipsupport	crates/backend/utils/fmgr/fmgr_core/src/canonical.rs	proved(full-domain inc/dec kernels + sentinel constants)	fast	0.02-0.05s kissat; proofs/skipsupport
6404	btint8skipsupport	crates/backend/utils/fmgr/fmgr_core/src/canonical.rs	proved(full-domain inc/dec kernels + sentinel constants)	fast	0.02-0.05s kissat; proofs/skipsupport
6405	btoidskipsupport	crates/backend/utils/fmgr/fmgr_core/src/canonical.rs	proved(full-domain inc/dec kernels + sentinel constants)	fast	0.02-0.05s kissat; proofs/skipsupport
6406	btcharskipsupport	crates/backend/utils/fmgr/fmgr_core/src/canonical.rs	proved(full-domain inc/dec kernels + sentinel constants; VALUE-level (CharGetDatum sign-extension plane per module doc))	fast	0.02-0.05s kissat; proofs/skipsupport
6407	date_skipsupport	crates/backend/utils/fmgr/fmgr_core/src/canonical.rs	proved(full-domain inc/dec kernels + sentinel constants)	fast	0.02-0.05s kissat; proofs/skipsupport
6408	btboolskipsupport	crates/backend/utils/fmgr/fmgr_core/src/canonical.rs	proved(full-domain inc/dec kernels + sentinel constants)	fast	0.02-0.05s kissat; proofs/skipsupport
6409	timestamp_skipsupport	crates/backend/utils/fmgr/fmgr_core/src/canonical.rs	proved(full-domain inc/dec kernels + sentinel constants; DT_NOBEGIN/NOEND comment-claim + kernel==int8 routing theorems)	fast	0.02-0.05s kissat; proofs/skipsupport
6410	uuid_skipsupport	crates/backend/utils/fmgr/fmgr_core/src/canonical.rs	excluded(engine:sortsupport)	-	uuid skip support UNPORTED (skipsupport/src/lib.rs:70 panics: by-ref types need an allocator seam); port gap, candidate once ported
