   Compiling types_error v0.0.0 (/work/src/crates/_support/types/types_error)
   Compiling seam_core v0.1.0 (/work/src/crates/_support/seam_core)
   Compiling types_core v0.0.0 (/work/src/crates/_support/types/types_core)
   Compiling version_check v0.9.5
   Compiling zerocopy v0.8.53
   Compiling cfg-if v1.0.4
   Compiling once_cell v1.21.4
   Compiling allocator-api2 v0.2.21
   Compiling rustc-hash v2.1.3
   Compiling libc v0.2.186
   Compiling types_guc v0.0.0 (/work/src/crates/_support/types/types_guc)
   Compiling types_dest v0.0.0 (/work/src/crates/_support/types/types_dest)
   Compiling rel_vocab v0.1.0 (/work/src/crates/_support/types/rel_vocab)
   Compiling wchar v0.1.0 (/work/src/crates/common/wchar)
   Compiling hashfn v0.1.0 (/work/src/crates/common/hashfn)
   Compiling keywords v0.1.0 (/work/src/crates/common/keywords)
   Compiling init_small_seams v0.0.0 (/work/src/crates/backend/utils/init/init_small_seams)
   Compiling waitevent_seams v0.0.0 (/work/src/crates/backend/utils/activity/waitevent_seams)
   Compiling s_lock_seams v0.0.0 (/work/src/crates/backend/storage/lmgr/s_lock_seams)
   Compiling pmsignal_seams v0.0.0 (/work/src/crates/backend/storage/ipc/pmsignal_seams)
   Compiling xlogutils_seams v0.0.0 (/work/src/crates/backend/access/transam/xlogutils_seams)
   Compiling string_seams v0.0.0 (/work/src/crates/common/string_seams)
   Compiling find-msvc-tools v0.1.9
   Compiling ryu v0.1.0 (/work/src/crates/common/ryu)
   Compiling guc_seams v0.0.0 (/work/src/crates/backend/utils/misc/guc_seams)
   Compiling error_small_seams v0.0.0 (/work/src/crates/backend/utils/error/error_small_seams)
   Compiling elog_seams v0.0.0 (/work/src/crates/backend/utils/error/elog_seams)
   Compiling acl_seams v0.0.0 (/work/src/crates/backend/utils/adt/acl_seams)
   Compiling pgstat_seams v0.0.0 (/work/src/crates/backend/utils/activity/pgstat_seams)
   Compiling guc_tables v0.0.0 (/work/src/crates/backend/utils/misc/guc_tables)
   Compiling xact_seams v0.0.0 (/work/src/crates/backend/access/transam/xact_seams)
   Compiling file_seams v0.0.0 (/work/src/crates/backend/storage/file/file_seams)
   Compiling shmem_seams v0.0.0 (/work/src/crates/backend/storage/ipc/shmem_seams)
   Compiling pg_prng_seams v0.0.0 (/work/src/crates/port/pg_prng_seams)
   Compiling xloginsert_seams v0.0.0 (/work/src/crates/backend/access/transam/xloginsert_seams)
   Compiling ahash v0.8.12
   Compiling pg_prng v0.1.0 (/work/src/crates/common/pg_prng)
   Compiling twophase_seams v0.0.0 (/work/src/crates/backend/access/transam/twophase_seams)
   Compiling inval_seams v0.0.0 (/work/src/crates/backend/utils/cache/inval_seams)
   Compiling postgres_seams v0.0.0 (/work/src/crates/backend/tcop/postgres_seams)
   Compiling numutils v0.1.0 (/work/src/crates/backend/utils/adt/numutils)
   Compiling postmaster_seams v0.0.0 (/work/src/crates/backend/postmaster/postmaster_seams)
   Compiling types_array v0.1.0 (/work/src/crates/_support/types/array)
   Compiling pg_class_seams v0.0.0 (/work/src/crates/backend/catalog/pg_class_seams)
   Compiling varsup_seams v0.0.0 (/work/src/crates/backend/access/transam/varsup_seams)
   Compiling transam_seams v0.0.0 (/work/src/crates/backend/access/transam/transam_seams)
   Compiling lsyscache_seams v0.1.0 (/work/src/crates/backend/utils/cache/lsyscache_seams)
   Compiling relmapper_seams v0.0.0 (/work/src/crates/backend/utils/cache/relmapper_seams)
   Compiling pg_string v0.0.0 (/work/src/crates/common/string)
   Compiling arrayutils v0.1.0 (/work/src/crates/backend/utils/adt/arrayutils)
   Compiling shlex v2.0.1
   Compiling hyperloglog v0.1.0 (/work/src/crates/backend/lib/hyperloglog)
   Compiling pkg-config v0.3.33
   Compiling unicode_category v0.1.0 (/work/src/crates/common/unicode_category)
   Compiling aio_seams v0.0.0 (/work/src/crates/backend/storage/aio/aio_seams)
   Compiling pglz v0.1.0 (/work/src/crates/common/pglz)
   Compiling memchr v2.8.3
   Compiling pg_bitutils v0.1.0 (/work/src/crates/port/pg_bitutils)
   Compiling startup_seams v0.0.0 (/work/src/crates/backend/postmaster/startup_seams)
   Compiling timeout_seams v0.0.0 (/work/src/crates/backend/utils/misc/timeout_seams)
   Compiling pg_sema_seams v0.0.0 (/work/src/crates/backend/port/pg_sema_seams)
   Compiling syncrep_seams v0.0.0 (/work/src/crates/backend/replication/syncrep_seams)
   Compiling autovacuum_seams v0.0.0 (/work/src/crates/backend/postmaster/autovacuum_seams)
   Compiling condition_variable_seams v0.0.0 (/work/src/crates/backend/storage/lmgr/condition_variable_seams)
   Compiling timestamp_seams v0.0.0 (/work/src/crates/backend/utils/adt/timestamp_seams)
   Compiling parallel_seams v0.0.0 (/work/src/crates/backend/access/transam/parallel_seams)
   Compiling guc_file_seams v0.0.0 (/work/src/crates/backend/utils/misc/guc_file_seams)
   Compiling mcxt_seams v0.0.0 (/work/src/crates/backend/utils/mmgr/mcxt_seams)
   Compiling pgtz_seams v0.0.0 (/work/src/crates/backend/timezone/pgtz_seams)
   Compiling ipc_portal_seams v0.0.0 (/work/src/crates/backend/storage/ipc/ipc_portal_seams)
   Compiling conffiles_seams v0.0.0 (/work/src/crates/backend/utils/misc/conffiles_seams)
   Compiling localtime v0.1.0 (/work/src/crates/backend/timezone/localtime)
   Compiling backend_status_seams v0.0.0 (/work/src/crates/backend/utils/activity/backend_status_seams)
   Compiling slot_seams v0.0.0 (/work/src/crates/backend/replication/slot_seams)
   Compiling ps_status_seams v0.0.0 (/work/src/crates/backend/utils/misc/ps_status_seams)
   Compiling subtrans_seams v0.0.0 (/work/src/crates/backend/access/transam/subtrans_seams)
   Compiling scalar_seams v0.0.0 (/work/src/crates/backend/utils/adt/scalar_seams)
   Compiling xlogrecovery_seams v0.0.0 (/work/src/crates/backend/access/transam/xlogrecovery_seams)
   Compiling superuser_seams v0.0.0 (/work/src/crates/backend/utils/misc/superuser_seams)
   Compiling bgworker_seams v0.0.0 (/work/src/crates/backend/postmaster/bgworker_seams)
   Compiling crc32c v0.1.0 (/work/src/crates/port/crc32c)
   Compiling async_seams v0.0.0 (/work/src/crates/backend/commands/async_seams)
   Compiling commit_ts_seams v0.0.0 (/work/src/crates/backend/access/transam/commit_ts_seams)
   Compiling xact_portal_seams v0.0.0 (/work/src/crates/backend/access/transam/xact_portal_seams)
   Compiling logical_worker_seams v0.0.0 (/work/src/crates/backend/replication/logical_worker_seams)
   Compiling logical_seams v0.0.0 (/work/src/crates/backend/replication/logical_seams)
   Compiling be_fsstubs_seams v0.0.0 (/work/src/crates/backend/libpq/be_fsstubs_seams)
   Compiling backend_progress_seams v0.0.0 (/work/src/crates/backend/utils/activity/backend_progress_seams)
   Compiling launcher_seams v0.0.0 (/work/src/crates/backend/replication/launcher_seams)
   Compiling trigger_seams v0.0.0 (/work/src/crates/backend/commands/trigger_seams)
   Compiling snapbuild_seams v0.0.0 (/work/src/crates/backend/replication/snapbuild_seams)
   Compiling unicode_case v0.1.0 (/work/src/crates/common/unicode_case)
   Compiling walreceiverfuncs_seams v0.0.0 (/work/src/crates/backend/replication/walreceiverfuncs_seams)
   Compiling pg_strong_random v0.1.0 (/work/src/crates/port/pg_strong_random)
   Compiling pg_clock v0.1.0 (/work/src/crates/port/pg_clock)
   Compiling ip v0.0.0 (/work/src/crates/common/ip)
   Compiling vfs v0.0.0 (/work/src/crates/backend/storage/file/vfs)
   Compiling pg_path v0.1.0 (/work/src/crates/port/pg_path)
   Compiling libpq_pqsignal v0.0.0 (/work/src/crates/backend/libpq/libpq_pqsignal)
   Compiling pgstrcasecmp v0.1.0 (/work/src/crates/port/pgstrcasecmp)
   Compiling strftime v0.1.0 (/work/src/crates/backend/timezone/strftime)
   Compiling walsummarizer_seams v0.0.0 (/work/src/crates/backend/postmaster/walsummarizer_seams)
   Compiling pgsync v0.1.0 (/work/src/crates/_support/pgsync)
   Compiling jobserver v0.1.35
   Compiling types_startup v0.0.0 (/work/src/crates/_support/types/types_startup)
   Compiling xlogarchive_seams v0.0.0 (/work/src/crates/backend/access/transam/xlogarchive_seams)
   Compiling rewriteheap_seams v0.0.0 (/work/src/crates/backend/access/heap/rewriteheap_seams)
   Compiling syslogger_seams v0.0.0 (/work/src/crates/backend/postmaster/syslogger_seams)
   Compiling waiter v0.0.0 (/work/src/crates/backend/storage/ipc/waiter)
   Compiling reorderbuffer_seams v0.0.0 (/work/src/crates/backend/replication/logical/reorderbuffer_seams)
   Compiling proc-macro2 v1.0.106
   Compiling unicode-ident v1.0.24
   Compiling cc v1.2.66
   Compiling quote v1.0.46
   Compiling vcpkg v0.2.15
   Compiling walsender_config v0.0.0 (/work/src/crates/backend/replication/walsender_config)
   Compiling foreign-types-shared v0.1.1
   Compiling openssl v0.10.81
   Compiling foreign-types v0.3.2
   Compiling be_secure_seams v0.0.0 (/work/src/crates/backend/libpq/be_secure_seams)
   Compiling bitflags v2.13.0
   Compiling pg_sha2 v0.1.0 (/work/src/crates/common/sha2)
   Compiling ifaddr v0.0.0 (/work/src/crates/backend/libpq/ifaddr)
   Compiling hba_seams v0.0.0 (/work/src/crates/backend/libpq/hba_seams)
   Compiling auth_seams v0.0.0 (/work/src/crates/backend/libpq/auth_seams)
   Compiling relfilenumbermap_seams v0.0.0 (/work/src/crates/backend/utils/cache/relfilenumbermap_seams)
   Compiling xlogprefetcher_seams v0.0.0 (/work/src/crates/backend/access/transam/xlogprefetcher_seams)
   Compiling pg_md5 v0.1.0 (/work/src/crates/common/md5)
   Compiling pg_hmac v0.1.0 (/work/src/crates/common/hmac)
   Compiling pg_b64 v0.1.0 (/work/src/crates/common/base64)
   Compiling wait_error v0.0.0 (/work/src/crates/common/wait_error)
   Compiling pg_sha1 v0.0.0 (/work/src/crates/common/sha1)
   Compiling arbitrary v1.4.2
   Compiling syn v2.0.118
   Compiling openssl-src v300.6.1+3.6.3
   Compiling regexp_alt v0.1.0 (/work/src/crates/backend/utils/adt/regexp_alt)
   Compiling openssl-sys v0.9.117
   Compiling libfuzzer-sys v0.4.13
   Compiling decoder_fuzz v0.0.0 (/work/src/fuzz/core)
   Compiling hashbrown v0.14.5
   Compiling mcx v0.0.0 (/work/src/crates/_support/mcx)
warning: variant `Malloc` is never constructed
  --> /work/src/crates/_support/mcx/src/lib.rs:64:5
   |
61 | enum Backend {
   |      ------- variant in this enum
...
64 |     Malloc,
   |     ^^^^^^
   |
   = note: `#[warn(dead_code)]` (part of `#[warn(unused)]`) on by default

warning: function `chunk_size` is never used
   --> /work/src/crates/_support/mcx/src/aset.rs:284:4
    |
284 | fn chunk_size(idx: usize) -> usize {
    |    ^^^^^^^^^^

warning: method `mem_allocated` is never used
   --> /work/src/crates/_support/mcx/src/aset.rs:340:19
    |
306 | impl AllocSet {
    | ------------- method in this implementation
...
340 |     pub(crate) fn mem_allocated(&self) -> usize {
    |                   ^^^^^^^^^^^^^

   Compiling openssl-macros v0.1.1
   Compiling datum v0.0.0 (/work/src/crates/_support/types/datum)
   Compiling types_storage v0.1.0 (/work/src/crates/_support/types/types_storage)
   Compiling types_tuple v0.1.0 (/work/src/crates/_support/types/types_tuple)
   Compiling stringinfo v0.1.0 (/work/src/crates/_support/types/stringinfo)
   Compiling types_trigger v0.1.0 (/work/src/crates/_support/types/types_trigger)
   Compiling mbutils_seams v0.1.0 (/work/src/crates/backend/utils/mb/mbutils_seams)
   Compiling detoast_seams v0.1.0 (/work/src/crates/backend/access/common/detoast_seams)
   Compiling types_fmgr v0.1.0 (/work/src/crates/_support/types/fmgr)
   Compiling types_hash v0.1.0 (/work/src/crates/_support/types/hash)
   Compiling ipc_seams v0.0.0 (/work/src/crates/backend/storage/ipc/ipc_seams)
   Compiling pqcomm_seams v0.0.0 (/work/src/crates/backend/libpq/pqcomm_seams)
   Compiling types_scan v0.1.0 (/work/src/crates/_support/types/types_scan)
   Compiling types_gist v0.1.0 (/work/src/crates/_support/types/gist)
   Compiling types_nbtree v0.1.0 (/work/src/crates/_support/types/types_nbtree)
   Compiling types_bloom v0.1.0 (/work/src/crates/_support/types/types_bloom)
   Compiling miscinit_seams v0.0.0 (/work/src/crates/backend/utils/init/miscinit_seams)
   Compiling types_spgist v0.1.0 (/work/src/crates/_support/types/types_spgist)
   Compiling init_small v0.0.0 (/work/src/crates/backend/utils/init/init_small)
warning: type `spgChooseIn` should have an upper camel case name
  --> /work/src/crates/_support/types/types_spgist/src/state.rs:92:12
   |
92 | pub struct spgChooseIn {
   |            ^^^^^^^^^^^ help: convert the identifier to upper camel case (notice the capitalization): `SpgChooseIn`
   |
   = note: `#[warn(non_camel_case_types)]` (part of `#[warn(nonstandard_style)]`) on by default

warning: type `spgChooseOut` should have an upper camel case name
   --> /work/src/crates/_support/types/types_spgist/src/state.rs:104:10
    |
104 | pub enum spgChooseOut {
    |          ^^^^^^^^^^^^ help: convert the identifier to upper camel case (notice the capitalization): `SpgChooseOut`

warning: type `spgPickSplitIn` should have an upper camel case name
   --> /work/src/crates/_support/types/types_spgist/src/state.rs:127:12
    |
127 | pub struct spgPickSplitIn {
    |            ^^^^^^^^^^^^^^ help: convert the identifier to upper camel case (notice the capitalization): `SpgPickSplitIn`

warning: type `spgPickSplitOut` should have an upper camel case name
   --> /work/src/crates/_support/types/types_spgist/src/state.rs:134:12
    |
134 | pub struct spgPickSplitOut {
    |            ^^^^^^^^^^^^^^^ help: convert the identifier to upper camel case (notice the capitalization): `SpgPickSplitOut`

warning: type `spgInnerConsistentIn` should have an upper camel case name
   --> /work/src/crates/_support/types/types_spgist/src/state.rs:157:12
    |
157 | pub struct spgInnerConsistentIn<'a> {
    |            ^^^^^^^^^^^^^^^^^^^^ help: convert the identifier to upper camel case (notice the capitalization): `SpgInnerConsistentIn`

warning: type `spgInnerConsistentOut` should have an upper camel case name
   --> /work/src/crates/_support/types/types_spgist/src/state.rs:175:12
    |
175 | pub struct spgInnerConsistentOut {
    |            ^^^^^^^^^^^^^^^^^^^^^ help: convert the identifier to upper camel case (notice the capitalization): `SpgInnerConsistentOut`

warning: type `spgLeafConsistentIn` should have an upper camel case name
   --> /work/src/crates/_support/types/types_spgist/src/state.rs:199:12
    |
199 | pub struct spgLeafConsistentIn {
    |            ^^^^^^^^^^^^^^^^^^^ help: convert the identifier to upper camel case (notice the capitalization): `SpgLeafConsistentIn`

warning: type `spgLeafConsistentOut` should have an upper camel case name
   --> /work/src/crates/_support/types/types_spgist/src/state.rs:212:12
    |
212 | pub struct spgLeafConsistentOut {
    |            ^^^^^^^^^^^^^^^^^^^^ help: convert the identifier to upper camel case (notice the capitalization): `SpgLeafConsistentOut`

warning: type `spgxlogState` should have an upper camel case name
  --> /work/src/crates/_support/types/types_spgist/src/xlog.rs:15:12
   |
15 | pub struct spgxlogState {
   |            ^^^^^^^^^^^^ help: convert the identifier to upper camel case (notice the capitalization): `SpgxlogState`

warning: type `spgxlogAddLeaf` should have an upper camel case name
  --> /work/src/crates/_support/types/types_spgist/src/xlog.rs:40:12
   |
40 | pub struct spgxlogAddLeaf {
   |            ^^^^^^^^^^^^^^ help: convert the identifier to upper camel case (notice the capitalization): `SpgxlogAddLeaf`

warning: type `spgxlogMoveLeafs` should have an upper camel case name
  --> /work/src/crates/_support/types/types_spgist/src/xlog.rs:76:12
   |
76 | pub struct spgxlogMoveLeafs {
   |            ^^^^^^^^^^^^^^^^ help: convert the identifier to upper camel case (notice the capitalization): `SpgxlogMoveLeafs`

warning: type `spgxlogAddNode` should have an upper camel case name
   --> /work/src/crates/_support/types/types_spgist/src/xlog.rs:115:12
    |
115 | pub struct spgxlogAddNode {
    |            ^^^^^^^^^^^^^^ help: convert the identifier to upper camel case (notice the capitalization): `SpgxlogAddNode`

warning: type `spgxlogSplitTuple` should have an upper camel case name
   --> /work/src/crates/_support/types/types_spgist/src/xlog.rs:154:12
    |
154 | pub struct spgxlogSplitTuple {
    |            ^^^^^^^^^^^^^^^^^ help: convert the identifier to upper camel case (notice the capitalization): `SpgxlogSplitTuple`

warning: type `spgxlogPickSplit` should have an upper camel case name
   --> /work/src/crates/_support/types/types_spgist/src/xlog.rs:184:12
    |
184 | pub struct spgxlogPickSplit {
    |            ^^^^^^^^^^^^^^^^ help: convert the identifier to upper camel case (notice the capitalization): `SpgxlogPickSplit`

warning: type `spgxlogVacuumLeaf` should have an upper camel case name
   --> /work/src/crates/_support/types/types_spgist/src/xlog.rs:238:12
    |
238 | pub struct spgxlogVacuumLeaf {
    |            ^^^^^^^^^^^^^^^^^ help: convert the identifier to upper camel case (notice the capitalization): `SpgxlogVacuumLeaf`

warning: type `spgxlogVacuumRoot` should have an upper camel case name
   --> /work/src/crates/_support/types/types_spgist/src/xlog.rs:271:12
    |
271 | pub struct spgxlogVacuumRoot {
    |            ^^^^^^^^^^^^^^^^^ help: convert the identifier to upper camel case (notice the capitalization): `SpgxlogVacuumRoot`

warning: type `spgxlogVacuumRedirect` should have an upper camel case name
   --> /work/src/crates/_support/types/types_spgist/src/xlog.rs:295:12
    |
295 | pub struct spgxlogVacuumRedirect {
    |            ^^^^^^^^^^^^^^^^^^^^^ help: convert the identifier to upper camel case (notice the capitalization): `SpgxlogVacuumRedirect`

warning: type `spgConfigIn` should have an upper camel case name
   --> /work/src/crates/_support/types/types_spgist/src/lib.rs:237:12
    |
237 | pub struct spgConfigIn {
    |            ^^^^^^^^^^^ help: convert the identifier to upper camel case (notice the capitalization): `SpgConfigIn`

warning: type `spgConfigOut` should have an upper camel case name
   --> /work/src/crates/_support/types/types_spgist/src/lib.rs:242:12
    |
242 | pub struct spgConfigOut {
    |            ^^^^^^^^^^^^ help: convert the identifier to upper camel case (notice the capitalization): `SpgConfigOut`

   Compiling types_snapshot v0.1.0 (/work/src/crates/_support/types/snapshot)
   Compiling elog v0.0.0 (/work/src/crates/backend/utils/error/elog)
   Compiling types_resowner v0.1.0 (/work/src/crates/_support/types/types_resowner)
   Compiling xlogreader_seams v0.0.0 (/work/src/crates/backend/access/transam/xlogreader_seams)
warning: unused imports: `LOG_DESTINATION_CSVLOG` and `LOG_DESTINATION_JSONLOG`
  --> /work/src/crates/backend/utils/error/elog/src/config.rs:10:61
   |
10 |     ErrorLevel, PGErrorVerbosity, PgError, PgResult, ERROR, LOG_DESTINATION_CSVLOG,
   |                                                             ^^^^^^^^^^^^^^^^^^^^^^
11 |     LOG_DESTINATION_JSONLOG, LOG_DESTINATION_STDERR, LOG_DESTINATION_SYSLOG, NOTICE, WARNING,
   |     ^^^^^^^^^^^^^^^^^^^^^^^
   |
   = note: `#[warn(unused_imports)]` (part of `#[warn(unused)]`) on by default

   Compiling types_rel v0.1.0 (/work/src/crates/_support/types/rel)
   Compiling types_nodes v0.1.0 (/work/src/crates/_support/types/nodes)
   Compiling lmgr_proc_seams v0.0.0 (/work/src/crates/backend/storage/lmgr/lmgr_proc_seams)
warning: variant `ROW_MARK_EXCLUSIVE` should have an upper camel case name
   --> /work/src/crates/_support/types/nodes/src/plannodes.rs:897:5
    |
897 |     ROW_MARK_EXCLUSIVE = 0,
    |     ^^^^^^^^^^^^^^^^^^ help: convert the identifier to upper camel case: `RowMarkExclusive`
    |
    = note: `#[warn(non_camel_case_types)]` (part of `#[warn(nonstandard_style)]`) on by default

warning: variant `ROW_MARK_NOKEYEXCLUSIVE` should have an upper camel case name
   --> /work/src/crates/_support/types/nodes/src/plannodes.rs:898:5
    |
898 |     ROW_MARK_NOKEYEXCLUSIVE = 1,
    |     ^^^^^^^^^^^^^^^^^^^^^^^ help: convert the identifier to upper camel case: `RowMarkNokeyexclusive`

warning: variant `ROW_MARK_SHARE` should have an upper camel case name
   --> /work/src/crates/_support/types/nodes/src/plannodes.rs:899:5
    |
899 |     ROW_MARK_SHARE = 2,
    |     ^^^^^^^^^^^^^^ help: convert the identifier to upper camel case: `RowMarkShare`

warning: variant `ROW_MARK_KEYSHARE` should have an upper camel case name
   --> /work/src/crates/_support/types/nodes/src/plannodes.rs:900:5
    |
900 |     ROW_MARK_KEYSHARE = 3,
    |     ^^^^^^^^^^^^^^^^^ help: convert the identifier to upper camel case: `RowMarkKeyshare`

warning: variant `ROW_MARK_REFERENCE` should have an upper camel case name
   --> /work/src/crates/_support/types/nodes/src/plannodes.rs:901:5
    |
901 |     ROW_MARK_REFERENCE = 4,
    |     ^^^^^^^^^^^^^^^^^^ help: convert the identifier to upper camel case: `RowMarkReference`

warning: variant `ROW_MARK_COPY` should have an upper camel case name
   --> /work/src/crates/_support/types/nodes/src/plannodes.rs:902:5
    |
902 |     ROW_MARK_COPY = 5,
    |     ^^^^^^^^^^^^^ help: convert the identifier to upper camel case: `RowMarkCopy`

   Compiling jit_deform v0.1.0 (/work/src/crates/_support/jit_deform)
   Compiling bufmgr_seams v0.0.0 (/work/src/crates/backend/storage/buffer/bufmgr_seams)
   Compiling lwlock v0.0.0 (/work/src/crates/backend/storage/lmgr/lwlock)
   Compiling waiteventset_seams v0.0.0 (/work/src/crates/backend/storage/ipc/waiteventset_seams)
   Compiling types_slot v0.1.0 (/work/src/crates/_support/types/types_slot)
   Compiling transam_xlog_seams v0.0.0 (/work/src/crates/backend/access/transam/transam_xlog_seams)
   Compiling types_portal v0.1.0 (/work/src/crates/_support/types/portal)
warning: `types_spgist` (lib) generated 19 warnings
   Compiling namespace_seams v0.0.0 (/work/src/crates/backend/catalog/namespace_seams)
   Compiling fmgr_seams v0.1.0 (/work/src/crates/backend/utils/fmgr/fmgr_seams)
   Compiling procarray_seams v0.0.0 (/work/src/crates/backend/storage/ipc/procarray_seams)
   Compiling mbutils v0.1.0 (/work/src/crates/backend/utils/mb/mbutils)
   Compiling syscache_seams v0.0.0 (/work/src/crates/backend/utils/cache/syscache_seams)
   Compiling snapmgr_seams v0.0.0 (/work/src/crates/backend/utils/time/snapmgr_seams)
   Compiling pqformat v0.1.0 (/work/src/crates/backend/libpq/pqformat)
warning: `mcx` (lib) generated 3 warnings
   Compiling relpath_seams v0.0.0 (/work/src/crates/common/relpath_seams)
   Compiling smgr_seams v0.0.0 (/work/src/crates/backend/storage/smgr/smgr_seams)
   Compiling syncscan_seams v0.0.0 (/work/src/crates/backend/access/common/syncscan_seams)
   Compiling tableam_vocab v0.1.0 (/work/src/crates/backend/access/table/tableam_vocab)
   Compiling relcache_seams v0.0.0 (/work/src/crates/backend/utils/cache/relcache_seams)
   Compiling relation_seams v0.0.0 (/work/src/crates/backend/access/common/relation_seams)
   Compiling table_seams v0.0.0 (/work/src/crates/backend/access/table/table_seams)
   Compiling catalog_seams v0.0.0 (/work/src/crates/backend/catalog/catalog_seams)
   Compiling sync_seams v0.0.0 (/work/src/crates/backend/storage/sync/sync_seams)
   Compiling table v0.1.0 (/work/src/crates/backend/access/table/table)
   Compiling slru v0.0.0 (/work/src/crates/backend/access/transam/slru)
   Compiling pmsignal v0.0.0 (/work/src/crates/backend/storage/ipc/pmsignal)
   Compiling dbcommands_seams v0.0.0 (/work/src/crates/backend/commands/dbcommands_seams)
   Compiling multixact_seams v0.0.0 (/work/src/crates/backend/access/transam/multixact_seams)
   Compiling tableam_seams v0.0.0 (/work/src/crates/backend/access/table/tableam_seams)
   Compiling format_type v0.1.0 (/work/src/crates/backend/utils/adt/format_type)
   Compiling readfuncs v0.1.0 (/work/src/crates/backend/nodes/readfuncs)
   Compiling nbt_compare v0.1.0 (/work/src/crates/backend/access/nbtree/compare)
warning: unused import: `OptNodeList`
  --> /work/src/crates/backend/nodes/readfuncs/src/lib.rs:12:53
   |
12 | use types_nodes::list::{IntList, NodeList, OidList, OptNodeList};
   |                                                     ^^^^^^^^^^^
   |
   = note: `#[warn(unused_imports)]` (part of `#[warn(unused)]`) on by default

warning: unused import: `CoerceViaIO`
  --> /work/src/crates/backend/nodes/readfuncs/src/lib.rs:22:19
   |
22 |     CoalesceExpr, CoerceViaIO, CoercionForm, Const, FieldSelect, FieldStore, FromExpr, FuncExpr,
   |                   ^^^^^^^^^^^

   Compiling aclchk_seams v0.0.0 (/work/src/crates/backend/catalog/aclchk_seams)
   Compiling multixact v0.0.0 (/work/src/crates/backend/access/transam/multixact)
   Compiling types_pathnodes v0.1.0 (/work/src/crates/_support/types/pathnodes)
   Compiling catcache_seams v0.0.0 (/work/src/crates/backend/utils/cache/catcache_seams)
   Compiling sinval_seams v0.0.0 (/work/src/crates/backend/storage/ipc/sinval_seams)
   Compiling typcache_seams v0.0.0 (/work/src/crates/backend/utils/cache/typcache_seams)
   Compiling inval v0.1.0 (/work/src/crates/backend/utils/cache/inval)
   Compiling outfuncs v0.1.0 (/work/src/crates/backend/nodes/outfuncs)
   Compiling tupdesc v0.1.0 (/work/src/crates/backend/access/common/tupdesc)
   Compiling clauses_seams v0.1.0 (/work/src/crates/backend/optimizer/util/clauses_seams)
   Compiling indexcmds_seams v0.1.0 (/work/src/crates/backend/commands/indexcmds_seams)
warning: unreachable pattern
   --> /work/src/crates/backend/nodes/outfuncs/src/lib.rs:522:9
    |
124 |         NodeTag::T_CaseExpr => {
    |         ------------------- matches all the relevant values
...
522 |         NodeTag::T_CaseExpr => {
    |         ^^^^^^^^^^^^^^^^^^^ no value can reach this
    |
    = note: `#[warn(unreachable_patterns)]` (part of `#[warn(unused)]`) on by default

warning: unreachable pattern
   --> /work/src/crates/backend/nodes/outfuncs/src/lib.rs:532:9
    |
134 |         NodeTag::T_CaseWhen => {
    |         ------------------- matches all the relevant values
...
532 |         NodeTag::T_CaseWhen => {
    |         ^^^^^^^^^^^^^^^^^^^ no value can reach this

warning: unreachable pattern
   --> /work/src/crates/backend/nodes/outfuncs/src/lib.rs:587:9
    |
150 |         NodeTag::T_WindowFunc => {
    |         --------------------- matches all the relevant values
...
587 |         NodeTag::T_WindowFunc => {
    |         ^^^^^^^^^^^^^^^^^^^^^ no value can reach this

warning: unreachable pattern
   --> /work/src/crates/backend/nodes/outfuncs/src/lib.rs:606:9
    |
194 |         NodeTag::T_SetOperationStmt => {
    |         --------------------------- matches all the relevant values
...
606 |         NodeTag::T_SetOperationStmt => {
    |         ^^^^^^^^^^^^^^^^^^^^^^^^^^^ no value can reach this

warning: unreachable pattern
   --> /work/src/crates/backend/nodes/outfuncs/src/lib.rs:727:9
    |
479 |         NodeTag::T_NotifyStmt => out_notify_stmt(
    |         --------------------- matches all the relevant values
...
727 |         NodeTag::T_NotifyStmt => {
    |         ^^^^^^^^^^^^^^^^^^^^^ no value can reach this

   Compiling pg_enum_seams v0.0.0 (/work/src/crates/backend/catalog/pg_enum_seams)
   Compiling adt_scalar v0.1.0 (/work/src/crates/backend/utils/adt/scalar)
warning: variable does not need to be mutable
   --> /work/src/crates/_support/types/pathnodes/src/run.rs:381:13
    |
381 |         let mut add = |outer: &mut crate::Relids<'mcx>, id: i32| {
    |             ----^^^
    |             |
    |             help: remove this `mut`
    |
    = note: `#[warn(unused_mut)]` (part of `#[warn(unused)]`) on by default

warning: variable does not need to be mutable
   --> /work/src/crates/_support/types/pathnodes/src/run.rs:414:17
    |
414 |             let mut add = |outer: &mut crate::Relids<'mcx>, id: i32| {
    |                 ----^^^
    |                 |
    |                 help: remove this `mut`

   Compiling funcapi_srf v0.1.0 (/work/src/crates/backend/utils/fmgr/funcapi_srf)
warning: unused import: `SetFunctionReturnMode`
 --> /work/src/crates/backend/utils/fmgr/funcapi_srf/src/lib.rs:4:62
  |
4 | use fmgr::{ExprDoneCond, FmgrInfo, FunctionCallInfoBaseData, SetFunctionReturnMode};
  |                                                              ^^^^^^^^^^^^^^^^^^^^^
  |
  = note: `#[warn(unused_imports)]` (part of `#[warn(unused)]`) on by default

   Compiling adt_float v0.1.0 (/work/src/crates/backend/utils/adt/float)
warning: function `init_MultiFuncCall` should have a snake case name
  --> /work/src/crates/backend/utils/fmgr/funcapi_srf/src/lib.rs:44:8
   |
44 | pub fn init_MultiFuncCall<'a>(
   |        ^^^^^^^^^^^^^^^^^^ help: convert the identifier to snake case: `init_multi_func_call`
   |
   = note: `#[warn(non_snake_case)]` (part of `#[warn(nonstandard_style)]`) on by default

warning: function `per_MultiFuncCall` should have a snake case name
  --> /work/src/crates/backend/utils/fmgr/funcapi_srf/src/lib.rs:64:8
   |
64 | pub fn per_MultiFuncCall(flinfo: &mut FmgrInfo) -> &mut FuncCallContext {
   |        ^^^^^^^^^^^^^^^^^ help: convert the identifier to snake case: `per_multi_func_call`

warning: function `end_MultiFuncCall` should have a snake case name
  --> /work/src/crates/backend/utils/fmgr/funcapi_srf/src/lib.rs:70:8
   |
70 | pub fn end_MultiFuncCall(flinfo: &mut FmgrInfo) {
   |        ^^^^^^^^^^^^^^^^^ help: convert the identifier to snake case: `end_multi_func_call`

   Compiling queryenvironment v0.1.0 (/work/src/crates/backend/utils/misc/queryenvironment)
warning: `funcapi_srf` (lib) generated 4 warnings (run `cargo fix --lib -p funcapi_srf` to apply 1 suggestion)
   Compiling regex v0.0.0 (/work/src/crates/_support/types/regex)
   Compiling resowner_seams v0.0.0 (/work/src/crates/backend/utils/resowner/resowner_seams)
   Compiling lsyscache v0.1.0 (/work/src/crates/backend/utils/cache/lsyscache)
   Compiling nodes_core v0.1.0 (/work/src/crates/backend/nodes/nodes_core)
warning: `types_nodes` (lib) generated 6 warnings
   Compiling toast_internals_seams v0.1.0 (/work/src/crates/backend/access/common/toast_internals_seams)
warning: unreachable pattern
  --> /work/src/crates/backend/nodes/nodes_core/src/node_funcs.rs:47:9
   |
30 |         NodeTag::T_CollateExpr => expr_type(node.as_collate_expr().unwrap().arg),
   |         ---------------------- matches all the relevant values
...
47 |         NodeTag::T_CollateExpr => expr_type(node.as_collate_expr().unwrap().arg),
   |         ^^^^^^^^^^^^^^^^^^^^^^ no value can reach this
   |
   = note: `#[warn(unreachable_patterns)]` (part of `#[warn(unused)]`) on by default

   Compiling detoast v0.1.0 (/work/src/crates/backend/access/common/detoast)
warning: unreachable pattern
   --> /work/src/crates/backend/nodes/nodes_core/src/node_funcs.rs:194:9
    |
163 |         NodeTag::T_CollateExpr => expr_typmod(node.as_collate_expr().unwrap().arg),
    |         ---------------------- matches all the relevant values
...
194 |         NodeTag::T_CollateExpr => expr_typmod(node.as_collate_expr().unwrap().arg),
    |         ^^^^^^^^^^^^^^^^^^^^^^ no value can reach this

warning: unreachable pattern
   --> /work/src/crates/backend/nodes/nodes_core/src/node_funcs.rs:296:9
    |
279 |         NodeTag::T_CollateExpr => node.as_collate_expr().unwrap().collOid,
    |         ---------------------- matches all the relevant values
...
296 |         NodeTag::T_CollateExpr => node.as_collate_expr().unwrap().collOid,
    |         ^^^^^^^^^^^^^^^^^^^^^^ no value can reach this

warning: unreachable pattern
   --> /work/src/crates/backend/nodes/nodes_core/src/node_funcs.rs:476:9
    |
424 |         NodeTag::T_CollateExpr => expr_location(node.as_collate_expr().unwrap().arg),
    |         ---------------------- matches all the relevant values
...
476 |         NodeTag::T_CollateExpr => expr_location(node.as_collate_expr().unwrap().arg),
    |         ^^^^^^^^^^^^^^^^^^^^^^ no value can reach this

   Compiling typcache v0.1.0 (/work/src/crates/backend/utils/cache/typcache)
warning: `outfuncs` (lib) generated 5 warnings
   Compiling regex_core_seams v0.0.0 (/work/src/crates/backend/regex/regex_core_seams)
warning: unused import: `MemoryContext`
  --> /work/src/crates/backend/utils/cache/typcache/src/lib.rs:19:16
   |
19 | use mcx::{Mcx, MemoryContext, PgHashMap, PgVec};
   |                ^^^^^^^^^^^^^
   |
   = note: `#[warn(unused_imports)]` (part of `#[warn(unused)]`) on by default

   Compiling regexp_seams v0.0.0 (/work/src/crates/backend/utils/adt/regexp_seams)
   Compiling tablespace_seams v0.0.0 (/work/src/crates/backend/commands/tablespace_seams)
   Compiling unicode_norm v0.1.0 (/work/src/crates/common/unicode_norm)
   Compiling pg_locale_seams v0.1.0 (/work/src/crates/backend/utils/adt/pg_locale_seams)
   Compiling fd v0.0.0 (/work/src/crates/backend/storage/file/fd)
   Compiling latch_seams v0.0.0 (/work/src/crates/backend/storage/ipc/latch_seams)
   Compiling procsignal_seams v0.0.0 (/work/src/crates/backend/storage/ipc/procsignal_seams)
   Compiling arrayfuncs v0.1.0 (/work/src/crates/backend/utils/adt/arrayfuncs)
   Compiling latch v0.0.0 (/work/src/crates/backend/storage/ipc/latch)
   Compiling lock_seams v0.0.0 (/work/src/crates/backend/storage/lmgr/lock_seams)
warning: value assigned to `addedafter` is never read
   --> /work/src/crates/backend/utils/adt/arrayfuncs/src/element.rs:545:26
    |
545 |     let mut addedafter = 0i32;
    |                          ^^^^ this value is reassigned later and never used
...
578 |             addedafter = aa;
    |             --------------- `addedafter` is overwritten here before the previous value is read
    |
    = note: `#[warn(unused_assignments)]` (part of `#[warn(unused)]`) on by default

warning: unnecessary `unsafe` block
   --> /work/src/crates/backend/utils/adt/arrayfuncs/src/expanded.rs:144:55
    |
141 |     unsafe {
    |     ------ because it's nested under this `unsafe` block
...
144 |         parentcontext.register_reset_callback(move || unsafe { drop(Box::from_raw(p)) });
    |                                                       ^^^^^^ unnecessary `unsafe` block
    |
    = note: `#[warn(unused_unsafe)]` (part of `#[warn(unused)]`) on by default

warning: unnecessary `unsafe` block
   --> /work/src/crates/backend/utils/adt/arrayfuncs/src/expanded.rs:252:15
    |
252 |         cur + unsafe { varsize_any(value.as_usize() as *const u8) }
    |               ^^^^^^ unnecessary `unsafe` block

warning: unnecessary `unsafe` block
   --> /work/src/crates/backend/utils/adt/arrayfuncs/src/io.rs:559:15
    |
559 |         -1 => unsafe { varsize_any(p) },
    |               ^^^^^^ unnecessary `unsafe` block

   Compiling deadlock_seams v0.0.0 (/work/src/crates/backend/storage/lmgr/deadlock_seams)
warning: `elog` (lib) generated 1 warning (run `cargo fix --lib -p elog` to apply 1 suggestion)
   Compiling heaptuple v0.1.0 (/work/src/crates/backend/access/common/heaptuple)
   Compiling tuplestore_hold_seams v0.0.0 (/work/src/crates/backend/utils/sort/tuplestore_hold_seams)
warning: constant `HASH_RECORD_OID` is never used
   --> /work/src/crates/backend/utils/adt/arrayfuncs/src/builtins.rs:514:7
    |
514 | const HASH_RECORD_OID: Oid = 6192;
    |       ^^^^^^^^^^^^^^^
    |
    = note: `#[warn(dead_code)]` (part of `#[warn(unused)]`) on by default

warning: constant `HASH_RECORD_EXTENDED_OID` is never used
   --> /work/src/crates/backend/utils/adt/arrayfuncs/src/builtins.rs:515:7
    |
515 | const HASH_RECORD_EXTENDED_OID: Oid = 6193;
    |       ^^^^^^^^^^^^^^^^^^^^^^^^

   Compiling lmgr_proc v0.0.0 (/work/src/crates/backend/storage/lmgr/lmgr_proc)
   Compiling waiteventset v0.0.0 (/work/src/crates/backend/storage/ipc/waiteventset)
warning: decoder_fuzz@0.0.0: csrc/pg_float_io.c:14:42: warning: "/*" within comment [-Wcomment]
warning: decoder_fuzz@0.0.0:    14 |  *     byte-for-byte copies of src/common/* at the same ref (compiled as
warning: decoder_fuzz@0.0.0: csrc/pg_float_io.c: In function 'float4in_internal':
warning: decoder_fuzz@0.0.0: csrc/pg_float_io.c:173:47: warning: unused parameter 'type_name' [-Wunused-parameter]
warning: decoder_fuzz@0.0.0:   173 |                                   const char *type_name, const char *orig_string,
warning: decoder_fuzz@0.0.0:       |                                   ~~~~~~~~~~~~^~~~~~~~~
warning: decoder_fuzz@0.0.0: csrc/pg_float_io.c:173:70: warning: unused parameter 'orig_string' [-Wunused-parameter]
warning: decoder_fuzz@0.0.0:   173 |                                   const char *type_name, const char *orig_string,
warning: decoder_fuzz@0.0.0:       |                                                          ~~~~~~~~~~~~^~~~~~~~~~~
warning: decoder_fuzz@0.0.0: csrc/pg_float_io.c:174:48: warning: unused parameter 'escontext' [-Wunused-parameter]
warning: decoder_fuzz@0.0.0:   174 |                                   struct Node *escontext)
warning: decoder_fuzz@0.0.0:       |                                   ~~~~~~~~~~~~~^~~~~~~~~
warning: decoder_fuzz@0.0.0: csrc/pg_float_io.c: In function 'float8in_internal':
warning: decoder_fuzz@0.0.0: csrc/pg_float_io.c:307:47: warning: unused parameter 'type_name' [-Wunused-parameter]
warning: decoder_fuzz@0.0.0:   307 |                                   const char *type_name, const char *orig_string,
warning: decoder_fuzz@0.0.0:       |                                   ~~~~~~~~~~~~^~~~~~~~~
warning: decoder_fuzz@0.0.0: csrc/pg_float_io.c:307:70: warning: unused parameter 'orig_string' [-Wunused-parameter]
warning: decoder_fuzz@0.0.0:   307 |                                   const char *type_name, const char *orig_string,
warning: decoder_fuzz@0.0.0:       |                                                          ~~~~~~~~~~~~^~~~~~~~~~~
warning: decoder_fuzz@0.0.0: csrc/pg_float_io.c:308:48: warning: unused parameter 'escontext' [-Wunused-parameter]
warning: decoder_fuzz@0.0.0:   308 |                                   struct Node *escontext)
warning: decoder_fuzz@0.0.0:       |                                   ~~~~~~~~~~~~~^~~~~~~~~
warning: decoder_fuzz@0.0.0: csrc/pg_float_io.c: At top level:
warning: decoder_fuzz@0.0.0: csrc/pg_float_io.c:533:9: warning: "Assert" redefined
warning: decoder_fuzz@0.0.0:   533 | #define Assert(condition) ((void) 0)
warning: decoder_fuzz@0.0.0:       |         ^~~~~~
warning: decoder_fuzz@0.0.0: In file included from csrc/pg_float_io.c:36:
warning: decoder_fuzz@0.0.0: csrc/shim/postgres.h:37:9: note: this is the location of the previous definition
warning: decoder_fuzz@0.0.0:    37 | #define Assert(x) ((void) 0)
warning: decoder_fuzz@0.0.0:       |         ^~~~~~
warning: decoder_fuzz@0.0.0: csrc/pg_geo_io.c:662:9: warning: "palloc" redefined
warning: decoder_fuzz@0.0.0:   662 | #define palloc(n) pg_geo_palloc_impl(n)
warning: decoder_fuzz@0.0.0:       |         ^~~~~~
warning: decoder_fuzz@0.0.0: In file included from csrc/pg_geo_io.c:30:
warning: decoder_fuzz@0.0.0: csrc/shim/postgres.h:34:9: note: this is the location of the previous definition
warning: decoder_fuzz@0.0.0:    34 | #define palloc(n) malloc(n)
warning: decoder_fuzz@0.0.0:       |         ^~~~~~
warning: decoder_fuzz@0.0.0: csrc/pg_strfam.c: In function 'pg_clean_ascii':
warning: decoder_fuzz@0.0.0: csrc/pg_strfam.c:221:37: warning: unused parameter 'alloc_flags' [-Wunused-parameter]
warning: decoder_fuzz@0.0.0:   221 | pg_clean_ascii(const char *str, int alloc_flags)
warning: decoder_fuzz@0.0.0:       |                                 ~~~~^~~~~~~~~~~
warning: decoder_fuzz@0.0.0: csrc/pg_strfam.c: In function 'replace_percent_placeholders':
warning: decoder_fuzz@0.0.0: csrc/pg_strfam.c:264:61: warning: unused parameter 'param_name' [-Wunused-parameter]
warning: decoder_fuzz@0.0.0:   264 | replace_percent_placeholders(const char *instr, const char *param_name, const char *letters,...)
warning: decoder_fuzz@0.0.0:       |                                                 ~~~~~~~~~~~~^~~~~~~~~~
warning: decoder_fuzz@0.0.0: csrc/pg_strfam.c: In function 'make_native_path':
warning: decoder_fuzz@0.0.0: csrc/pg_strfam.c:338:24: warning: unused parameter 'filename' [-Wunused-parameter]
warning: decoder_fuzz@0.0.0:   338 | make_native_path(char *filename)
warning: decoder_fuzz@0.0.0:       |                  ~~~~~~^~~~~~~~
warning: decoder_fuzz@0.0.0: csrc/pg_cash_io.c: In function 'pg_diff_cash_in':
warning: decoder_fuzz@0.0.0: csrc/pg_cash_io.c:271:44: warning: array subscript 1 is outside array bounds of 'char[1]' [-Warray-bounds=]
warning: decoder_fuzz@0.0.0:   271 |                 lconvert->mon_decimal_point[1] == '\0')
warning: decoder_fuzz@0.0.0:       |                 ~~~~~~~~~~~~~~~~~~~~~~~~~~~^~~
warning: decoder_fuzz@0.0.0: csrc/pg_cash_io.c:179:13: note: at offset 1 into object 'pg_cash_empty' of size 1
warning: decoder_fuzz@0.0.0:   179 | static char pg_cash_empty[1] = "";
warning: decoder_fuzz@0.0.0:       |             ^~~~~~~~~~~~~
warning: decoder_fuzz@0.0.0: csrc/pg_cash_io.c: In function 'pg_diff_cash_out':
warning: decoder_fuzz@0.0.0: csrc/pg_cash_io.c:459:44: warning: array subscript 1 is outside array bounds of 'char[1]' [-Warray-bounds=]
warning: decoder_fuzz@0.0.0:   459 |                 lconvert->mon_decimal_point[1] == '\0')
warning: decoder_fuzz@0.0.0:       |                 ~~~~~~~~~~~~~~~~~~~~~~~~~~~^~~
warning: decoder_fuzz@0.0.0: csrc/pg_cash_io.c:179:13: note: at offset 1 into object 'pg_cash_empty' of size 1
warning: decoder_fuzz@0.0.0:   179 | static char pg_cash_empty[1] = "";
warning: decoder_fuzz@0.0.0:       |             ^~~~~~~~~~~~~
warning: decoder_fuzz@0.0.0: csrc/pg_lsn_oracle.c: In function 'set_var_from_str':
warning: decoder_fuzz@0.0.0: csrc/pg_lsn_oracle.c:997:30: warning: unused parameter 'str' [-Wunused-parameter]
warning: decoder_fuzz@0.0.0:   997 | set_var_from_str(const char *str, const char *cp,
warning: decoder_fuzz@0.0.0:       |                  ~~~~~~~~~~~~^~~
warning: decoder_fuzz@0.0.0: csrc/pg_lsn_oracle.c:999:40: warning: unused parameter 'escontext' [-Wunused-parameter]
warning: decoder_fuzz@0.0.0:   999 |                                  Node *escontext)
warning: decoder_fuzz@0.0.0:       |                                  ~~~~~~^~~~~~~~~
warning: decoder_fuzz@0.0.0: csrc/pg_lsn_oracle.c: In function 'apply_typmod':
warning: decoder_fuzz@0.0.0: csrc/pg_lsn_oracle.c:1351:101: warning: right-hand operand of comma expression has no effect [-Wunused-value]
warning: decoder_fuzz@0.0.0:  1351 |                                                         (errcode(ERRCODE_NUMERIC_VALUE_OUT_OF_RANGE),
warning: decoder_fuzz@0.0.0:       |                                                                                                     ^
warning: decoder_fuzz@0.0.0: csrc/pg_lsn_oracle.c:125:53: note: in definition of macro 'ereturn'
warning: decoder_fuzz@0.0.0:   125 | #define ereturn(escontext, ret, stuff) do { (void) (stuff); return (ret); } while (0)
warning: decoder_fuzz@0.0.0:       |                                                     ^~~~~
warning: decoder_fuzz@0.0.0: csrc/pg_lsn_oracle.c:1302:51: warning: unused parameter 'escontext' [-Wunused-parameter]
warning: decoder_fuzz@0.0.0:  1302 | apply_typmod(NumericVar *var, int32 typmod, Node *escontext)
warning: decoder_fuzz@0.0.0:       |                                             ~~~~~~^~~~~~~~~
warning: decoder_fuzz@0.0.0: csrc/pg_lsn_oracle.c: In function 'apply_typmod_special':
warning: decoder_fuzz@0.0.0: csrc/pg_lsn_oracle.c:1393:69: warning: right-hand operand of comma expression has no effect [-Wunused-value]
warning: decoder_fuzz@0.0.0:  1393 |                         (errcode(ERRCODE_NUMERIC_VALUE_OUT_OF_RANGE),
warning: decoder_fuzz@0.0.0:       |                                                                     ^
warning: decoder_fuzz@0.0.0: csrc/pg_lsn_oracle.c:125:53: note: in definition of macro 'ereturn'
warning: decoder_fuzz@0.0.0:   125 | #define ereturn(escontext, ret, stuff) do { (void) (stuff); return (ret); } while (0)
warning: decoder_fuzz@0.0.0:       |                                                     ^~~~~
warning: decoder_fuzz@0.0.0: csrc/pg_lsn_oracle.c:1372:33: warning: variable 'scale' set but not used [-Wunused-but-set-variable]
warning: decoder_fuzz@0.0.0:  1372 |         int                     scale;
warning: decoder_fuzz@0.0.0:       |                                 ^~~~~
warning: decoder_fuzz@0.0.0: csrc/pg_lsn_oracle.c:1371:33: warning: variable 'precision' set but not used [-Wunused-but-set-variable]
warning: decoder_fuzz@0.0.0:  1371 |         int                     precision;
warning: decoder_fuzz@0.0.0:       |                                 ^~~~~~~~~
warning: decoder_fuzz@0.0.0: csrc/pg_lsn_oracle.c:1369:55: warning: unused parameter 'escontext' [-Wunused-parameter]
warning: decoder_fuzz@0.0.0:  1369 | apply_typmod_special(Numeric num, int32 typmod, Node *escontext)
warning: decoder_fuzz@0.0.0:       |                                                 ~~~~~~^~~~~~~~~
warning: decoder_fuzz@0.0.0: csrc/pg_enc_tables.c: In function 'ScanKeywordLookup':
warning: decoder_fuzz@0.0.0: csrc/pg_enc_tables.c:376:17: warning: comparison of integer expressions of different signedness: 'size_t' {aka 'long unsigned int'} and 'int' [-Wsign-compare]
warning: decoder_fuzz@0.0.0:   376 |         if (len > keywords->max_kw_len)
warning: decoder_fuzz@0.0.0:       |                 ^
warning: decoder_fuzz@0.0.0: csrc/hashenc/hmac.c: In function 'hashenc_impl_pg_hmac_init':
warning: decoder_fuzz@0.0.0: csrc/hashenc/hmac.c:158:17: warning: comparison of integer expressions of different signedness: 'size_t' {aka 'long unsigned int'} and 'int' [-Wsign-compare]
warning: decoder_fuzz@0.0.0:   158 |         if (len > block_size)
warning: decoder_fuzz@0.0.0:       |                 ^
warning: decoder_fuzz@0.0.0: csrc/hashenc/hmac.c:195:23: warning: comparison of integer expressions of different signedness: 'int' and 'size_t' {aka 'long unsigned int'} [-Wsign-compare]
warning: decoder_fuzz@0.0.0:   195 |         for (i = 0; i < len; i++)
warning: decoder_fuzz@0.0.0:       |                       ^
warning: decoder_fuzz@0.0.0: In file included from csrc/hashenc/pg_hashenc_ascii.c:24:
warning: decoder_fuzz@0.0.0: csrc/hashenc/shim/mb/pg_wchar.h: In function 'pg_encoding_to_char':
warning: decoder_fuzz@0.0.0: csrc/hashenc/shim/mb/pg_wchar.h:67:25: warning: unused parameter 'enc' [-Wunused-parameter]
warning: decoder_fuzz@0.0.0:    67 | pg_encoding_to_char(int enc)
warning: decoder_fuzz@0.0.0:       |                     ~~~~^~~
warning: decoder_fuzz@0.0.0: In file included from csrc/hashenc/pg_hashenc_glue.c:18:
warning: decoder_fuzz@0.0.0: csrc/hashenc/shim/mb/pg_wchar.h: In function 'pg_encoding_to_char':
warning: decoder_fuzz@0.0.0: csrc/hashenc/shim/mb/pg_wchar.h:67:25: warning: unused parameter 'enc' [-Wunused-parameter]
warning: decoder_fuzz@0.0.0:    67 | pg_encoding_to_char(int enc)
warning: decoder_fuzz@0.0.0:       |                     ~~~~^~~
warning: decoder_fuzz@0.0.0: csrc/cryptofam/hmac.c: In function 'cryptofam_pg_hmac_init':
warning: decoder_fuzz@0.0.0: csrc/cryptofam/hmac.c:158:17: warning: comparison of integer expressions of different signedness: 'size_t' {aka 'long unsigned int'} and 'int' [-Wsign-compare]
warning: decoder_fuzz@0.0.0:   158 |         if (len > block_size)
warning: decoder_fuzz@0.0.0:       |                 ^
warning: decoder_fuzz@0.0.0: csrc/cryptofam/hmac.c:195:23: warning: comparison of integer expressions of different signedness: 'int' and 'size_t' {aka 'long unsigned int'} [-Wsign-compare]
warning: decoder_fuzz@0.0.0:   195 |         for (i = 0; i < len; i++)
warning: decoder_fuzz@0.0.0:       |                       ^
warning: decoder_fuzz@0.0.0: csrc/tablesfam/kwlookup.c: In function 'tablesfam_ScanKeywordLookup':
warning: decoder_fuzz@0.0.0: csrc/tablesfam/kwlookup.c:50:17: warning: comparison of integer expressions of different signedness: 'size_t' {aka 'long unsigned int'} and 'int' [-Wsign-compare]
warning: decoder_fuzz@0.0.0:    50 |         if (len > keywords->max_kw_len)
warning: decoder_fuzz@0.0.0:       |                 ^
   Compiling exectuples v0.1.0 (/work/src/crates/backend/executor/exectuples)
   Compiling adt_numeric v0.1.0 (/work/src/crates/backend/utils/adt/numeric)
   Compiling adt_varbit v0.1.0 (/work/src/crates/backend/utils/adt/varbit)
   Compiling tuplestore v0.1.0 (/work/src/crates/backend/utils/sort/tuplestore)
   Compiling dfmgr v0.1.0 (/work/src/crates/backend/utils/fmgr/dfmgr)
warning: field `0` is never read
  --> /work/src/crates/backend/utils/adt/numeric/src/sortsupport.rs:21:17
   |
21 | struct AlignBuf([u8; 128]);
   |        -------- ^^^^^^^^^
   |        |
   |        field in this struct
   |
   = help: consider removing this field
   = note: `#[warn(dead_code)]` (part of `#[warn(unused)]`) on by default

   Compiling miscinit v0.0.0 (/work/src/crates/backend/utils/init/miscinit)
warning: `types_pathnodes` (lib) generated 2 warnings (run `cargo fix --lib -p types_pathnodes` to apply 2 suggestions)
   Compiling predicate_seams v0.0.0 (/work/src/crates/backend/storage/lmgr/predicate_seams)
   Compiling parser_small1 v0.0.0 (/work/src/crates/backend/parser/parser_small1)
   Compiling resowner_portal_seams v0.0.0 (/work/src/crates/backend/utils/resowner/resowner_portal_seams)
   Compiling resowner v0.1.0 (/work/src/crates/backend/utils/resowner/resowner)
   Compiling dsm_core v0.0.0 (/work/src/crates/backend/storage/ipc/dsm_core)
warning: `readfuncs` (lib) generated 2 warnings (run `cargo fix --lib -p readfuncs` to apply 2 suggestions)
   Compiling varlena v0.1.0 (/work/src/crates/backend/utils/adt/varlena)
warning: function `unported` is never used
   --> /work/src/crates/backend/utils/resowner/resowner/src/lib.rs:322:4
    |
322 | fn unported(what: &str) -> ! {
    |    ^^^^^^^^
    |
    = note: `#[warn(dead_code)]` (part of `#[warn(unused)]`) on by default

warning: unused import: `core::cmp::Ordering`
  --> /work/src/crates/backend/utils/adt/varlena/src/lib.rs:23:5
   |
23 | use core::cmp::Ordering;
   |     ^^^^^^^^^^^^^^^^^^^
   |
   = note: `#[warn(unused_imports)]` (part of `#[warn(unused)]`) on by default

   Compiling ipc v0.1.0 (/work/src/crates/backend/storage/ipc/ipc)
   Compiling funcapi v0.1.0 (/work/src/crates/backend/utils/fmgr/funcapi)
   Compiling condition_variable v0.0.0 (/work/src/crates/backend/storage/lmgr/condition_variable)
warning: `nodes_core` (lib) generated 4 warnings
   Compiling dynahash v0.1.0 (/work/src/crates/backend/utils/hash/dynahash)
   Compiling shmem v0.0.0 (/work/src/crates/backend/storage/ipc/shmem)
   Compiling interrupt v0.0.0 (/work/src/crates/backend/postmaster/interrupt)
   Compiling pgtz v0.1.0 (/work/src/crates/backend/timezone/pgtz)
   Compiling aio_core v0.0.0 (/work/src/crates/backend/storage/aio/aio_core)
   Compiling pgstat v0.0.0 (/work/src/crates/backend/utils/activity/pgstat)
warning: unused import: `Write`
  --> /work/src/crates/backend/utils/activity/pgstat/src/file.rs:11:21
   |
11 | use std::io::{Read, Write};
   |                     ^^^^^
   |
   = note: `#[warn(unused_imports)]` (part of `#[warn(unused)]`) on by default

warning: `resowner` (lib) generated 1 warning
   Compiling lmgr_seams v0.0.0 (/work/src/crates/backend/storage/lmgr/lmgr_seams)
   Compiling standby_seams v0.0.0 (/work/src/crates/backend/storage/ipc/standby_seams)
   Compiling guc_file v0.0.0 (/work/src/crates/backend/utils/misc/guc_file)
   Compiling lock v0.0.0 (/work/src/crates/backend/storage/lmgr/lock)
warning: unused import: `Read`
  --> /work/src/crates/backend/utils/activity/pgstat/src/file.rs:11:15
   |
11 | use std::io::{Read, Write};
   |               ^^^^

   Compiling timeline_seams v0.0.0 (/work/src/crates/backend/access/transam/timeline_seams)
   Compiling guc v0.0.0 (/work/src/crates/backend/utils/misc/guc)
   Compiling xlogutils v0.0.0 (/work/src/crates/backend/access/transam/xlogutils)
   Compiling catalog_storage_seams v0.0.0 (/work/src/crates/backend/catalog/storage_seams)
   Compiling repl_scanner v0.0.0 (/work/src/crates/backend/replication/repl_scanner)
   Compiling lmgr v0.0.0 (/work/src/crates/backend/storage/lmgr/lmgr)
   Compiling checkpointer_seams v0.0.0 (/work/src/crates/backend/postmaster/checkpointer_seams)
   Compiling bufmgr v0.0.0 (/work/src/crates/backend/storage/buffer/bufmgr)
   Compiling repl_gram v0.0.0 (/work/src/crates/backend/replication/repl_gram)
warning: variant `REPLICATION_KIND_PHYSICAL` should have an upper camel case name
  --> /work/src/crates/backend/replication/repl_gram/src/lib.rs:25:5
   |
25 |     REPLICATION_KIND_PHYSICAL,
   |     ^^^^^^^^^^^^^^^^^^^^^^^^^ help: convert the identifier to upper camel case: `ReplicationKindPhysical`
   |
   = note: `#[warn(non_camel_case_types)]` (part of `#[warn(nonstandard_style)]`) on by default

warning: variant `REPLICATION_KIND_LOGICAL` should have an upper camel case name
  --> /work/src/crates/backend/replication/repl_gram/src/lib.rs:26:5
   |
26 |     REPLICATION_KIND_LOGICAL,
   |     ^^^^^^^^^^^^^^^^^^^^^^^^ help: convert the identifier to upper camel case: `ReplicationKindLogical`

warning: unused macro definition: `unported`
   --> /work/src/crates/backend/storage/buffer/bufmgr/src/lib.rs:277:14
    |
277 | macro_rules! unported {
    |              ^^^^^^^^
    |
    = note: `#[warn(unused_macros)]` (part of `#[warn(unused)]`) on by default

   Compiling walsender_seams v0.0.0 (/work/src/crates/backend/replication/walsender_seams)
   Compiling shm_mq v0.0.0 (/work/src/crates/backend/storage/ipc/shm_mq)
   Compiling pquery_seams v0.1.0 (/work/src/crates/backend/tcop/pquery_seams)
warning: `typcache` (lib) generated 1 warning (run `cargo fix --lib -p typcache` to apply 1 suggestion)
   Compiling md v0.0.0 (/work/src/crates/backend/storage/smgr/md)
   Compiling tstore_receiver v0.1.0 (/work/src/crates/backend/executor/tstore_receiver)
   Compiling printtup v0.1.0 (/work/src/crates/backend/access/common/printtup)
warning: method `io_wref_armed` is never used
  --> /work/src/crates/backend/storage/buffer/bufmgr/src/buf_hdr.rs:85:19
   |
33 | impl BufferDesc {
   | --------------- method in this implementation
...
85 |     pub(crate) fn io_wref_armed(&self) -> bool {
   |                   ^^^^^^^^^^^^^
   |
   = note: `#[warn(dead_code)]` (part of `#[warn(unused)]`) on by default

warning: function `buffer_pool_initialized` is never used
   --> /work/src/crates/backend/storage/buffer/bufmgr/src/buf_hdr.rs:155:8
    |
155 | pub fn buffer_pool_initialized() -> bool {
    |        ^^^^^^^^^^^^^^^^^^^^^^^

   Compiling instrument v0.1.0 (/work/src/crates/backend/executor/instrument)
warning: `repl_gram` (lib) generated 2 warnings
   Compiling explain_dr v0.1.0 (/work/src/crates/backend/commands/explain_dr)
   Compiling tqueue v0.0.0 (/work/src/crates/backend/executor/tqueue)
   Compiling createas_seams v0.0.0 (/work/src/crates/backend/commands/createas_seams)
warning: function `tqueue_create_DR` should have a snake case name
   --> /work/src/crates/backend/executor/tqueue/src/lib.rs:152:8
    |
152 | pub fn tqueue_create_DR(queue: ShmMqHandle) -> DrTqueue {
    |        ^^^^^^^^^^^^^^^^ help: convert the identifier to snake case: `tqueue_create_dr`
    |
    = note: `#[warn(non_snake_case)]` (part of `#[warn(nonstandard_style)]`) on by default

warning: function `tqueue_create_DR_batched` should have a snake case name
   --> /work/src/crates/backend/executor/tqueue/src/lib.rs:164:8
    |
164 | pub fn tqueue_create_DR_batched(queue: ShmMqHandle, ledger: Arc<ChunkLedger>) -> DrTqueue {
    |        ^^^^^^^^^^^^^^^^^^^^^^^^ help: convert the identifier to snake case: `tqueue_create_dr_batched`

   Compiling matview_seams v0.0.0 (/work/src/crates/backend/commands/matview_seams)
   Compiling cmdtag v0.1.0 (/work/src/crates/backend/tcop/cmdtag)
   Compiling sql_functions_seams v0.0.0 (/work/src/crates/backend/executor/sql_functions_seams)
   Compiling spi_seams v0.0.0 (/work/src/crates/backend/executor/spi_seams)
   Compiling copy_seams v0.0.0 (/work/src/crates/backend/commands/copy_seams)
   Compiling smgr v0.0.0 (/work/src/crates/backend/storage/smgr/smgr)
   Compiling procsignal v0.0.0 (/work/src/crates/backend/storage/ipc/procsignal)
   Compiling tcop_dest v0.1.0 (/work/src/crates/backend/tcop/dest)
warning: unreachable pattern
  --> /work/src/crates/backend/tcop/dest/src/lib.rs:59:13
   |
59 |             other => other.unported("receiveSlot"),
   |             ^^^^^ no value can reach this
   |
note: multiple earlier patterns match some of the same values
  --> /work/src/crates/backend/tcop/dest/src/lib.rs:59:13
   |
43 |             DestReceiver::DoNothing => Ok(true),
   |             ----------------------- matches some of the same values
44 |             DestReceiver::DebugTup(dr) => dr.receive_slot(slot),
   |             -------------------------- matches some of the same values
45 |             DestReceiver::PrintTup(dr) => dr.receive_slot(slot),
   |             -------------------------- matches some of the same values
46 |             DestReceiver::PrintSimple(dr) => dr.receive_slot(slot),
   |             ----------------------------- matches some of the same values
...
59 |             other => other.unported("receiveSlot"),
   |             ^^^^^ ...and 8 other patterns collectively make this unreachable
   = note: `#[warn(unreachable_patterns)]` (part of `#[warn(unused)]`) on by default

warning: unreachable pattern
  --> /work/src/crates/backend/tcop/dest/src/lib.rs:84:13
   |
84 |             other => other.unported("rStartup"),
   |             ^^^^^ no value can reach this
   |
note: multiple earlier patterns match some of the same values
  --> /work/src/crates/backend/tcop/dest/src/lib.rs:84:13
   |
65 |             DestReceiver::DoNothing => Ok(()),
   |             ----------------------- matches some of the same values
66 |             DestReceiver::DebugTup(dr) => dr.startup(operation, typeinfo),
   |             -------------------------- matches some of the same values
67 |             DestReceiver::PrintTup(dr) => dr.startup(operation, typeinfo),
   |             -------------------------- matches some of the same values
68 |             DestReceiver::PrintSimple(dr) => dr.startup(operation, typeinfo),
   |             ----------------------------- matches some of the same values
...
84 |             other => other.unported("rStartup"),
   |             ^^^^^ ...and 8 other patterns collectively make this unreachable

warning: `tqueue` (lib) generated 2 warnings
   Compiling execmain_seams v0.1.0 (/work/src/crates/backend/executor/execmain_seams)
   Compiling clog v0.0.0 (/work/src/crates/backend/access/transam/clog)
   Compiling waitevent v0.0.0 (/work/src/crates/backend/utils/activity/waitevent)
warning: function `WaitEventCustomShmemSize` should have a snake case name
  --> /work/src/crates/backend/utils/activity/waitevent/src/custom.rs:92:8
   |
92 | pub fn WaitEventCustomShmemSize() -> usize {
   |        ^^^^^^^^^^^^^^^^^^^^^^^^ help: convert the identifier to snake case: `wait_event_custom_shmem_size`
   |
   = note: `#[warn(non_snake_case)]` (part of `#[warn(nonstandard_style)]`) on by default

warning: function `WaitEventCustomShmemInit` should have a snake case name
   --> /work/src/crates/backend/utils/activity/waitevent/src/custom.rs:100:8
    |
100 | pub fn WaitEventCustomShmemInit() -> PgResult<()> {
    |        ^^^^^^^^^^^^^^^^^^^^^^^^ help: convert the identifier to snake case: `wait_event_custom_shmem_init`

warning: function `WaitEventCustomShmemResetAfterCrash` should have a snake case name
   --> /work/src/crates/backend/utils/activity/waitevent/src/custom.rs:138:8
    |
138 | pub fn WaitEventCustomShmemResetAfterCrash() {
    |        ^^^^^^^^^^^^^^^^^^^^^^^^^^^^^^^^^^^ help: convert the identifier to snake case: `wait_event_custom_shmem_reset_after_crash`

warning: function `WaitEventExtensionNew` should have a snake case name
   --> /work/src/crates/backend/utils/activity/waitevent/src/custom.rs:150:8
    |
150 | pub fn WaitEventExtensionNew(wait_event_name: &str) -> PgResult<u32> {
    |        ^^^^^^^^^^^^^^^^^^^^^ help: convert the identifier to snake case: `wait_event_extension_new`

warning: function `WaitEventInjectionPointNew` should have a snake case name
   --> /work/src/crates/backend/utils/activity/waitevent/src/custom.rs:154:8
    |
154 | pub fn WaitEventInjectionPointNew(wait_event_name: &str) -> PgResult<u32> {
    |        ^^^^^^^^^^^^^^^^^^^^^^^^^^ help: convert the identifier to snake case: `wait_event_injection_point_new`

warning: function `WaitEventCustomNew` should have a snake case name
   --> /work/src/crates/backend/utils/activity/waitevent/src/custom.rs:173:8
    |
173 | pub fn WaitEventCustomNew(class_id: u32, wait_event_name: &str) -> PgResult<u32> {
    |        ^^^^^^^^^^^^^^^^^^ help: convert the identifier to snake case: `wait_event_custom_new`

warning: function `GetWaitEventCustomIdentifier` should have a snake case name
   --> /work/src/crates/backend/utils/activity/waitevent/src/custom.rs:246:8
    |
246 | pub fn GetWaitEventCustomIdentifier(wait_event_info: u32) -> &'static str {
    |        ^^^^^^^^^^^^^^^^^^^^^^^^^^^^ help: convert the identifier to snake case: `get_wait_event_custom_identifier`

warning: function `GetWaitEventCustomNames` should have a snake case name
   --> /work/src/crates/backend/utils/activity/waitevent/src/custom.rs:278:8
    |
278 | pub fn GetWaitEventCustomNames(class_id: u32) -> Vec<String> {
    |        ^^^^^^^^^^^^^^^^^^^^^^^ help: convert the identifier to snake case: `get_wait_event_custom_names`

   Compiling portalcmds_seams v0.0.0 (/work/src/crates/backend/commands/portalcmds_seams)
warning: `tcop_dest` (lib) generated 2 warnings
   Compiling plancache_portal_seams v0.0.0 (/work/src/crates/backend/utils/cache/plancache_portal_seams)
   Compiling snapmgr_portal_seams v0.0.0 (/work/src/crates/backend/utils/time/snapmgr_portal_seams)
   Compiling portalmem v0.1.0 (/work/src/crates/backend/utils/mmgr/portalmem)
   Compiling varsup v0.0.0 (/work/src/crates/backend/access/transam/varsup)
   Compiling sinval v0.0.0 (/work/src/crates/backend/storage/ipc/sinval)
   Compiling relmapper v0.0.0 (/work/src/crates/backend/utils/cache/relmapper)
   Compiling timeout v0.0.0 (/work/src/crates/backend/utils/misc/timeout)
   Compiling catalog_index_seams v0.0.0 (/work/src/crates/backend/catalog/catalog_index_seams)
   Compiling origin_seams v0.0.0 (/work/src/crates/backend/replication/origin_seams)
warning: `waitevent` (lib) generated 8 warnings
   Compiling combocid_seams v0.0.0 (/work/src/crates/backend/utils/time/combocid_seams)
   Compiling tablecmds_seams v0.0.0 (/work/src/crates/backend/commands/tablecmds_seams)
   Compiling adt_datetime v0.1.0 (/work/src/crates/backend/utils/adt/adt_datetime)
   Compiling xact v0.1.0 (/work/src/crates/backend/access/transam/xact)
   Compiling pg_database_seams v0.0.0 (/work/src/crates/backend/catalog/pg_database_seams)
   Compiling pg_locale v0.0.0 (/work/src/crates/backend/utils/adt/pg_locale)
   Compiling injection_point v0.0.0 (/work/src/crates/backend/utils/misc/injection_point)
warning: unexpected `cfg` condition name: `loom`
  --> /work/src/crates/backend/utils/misc/injection_point/src/lib.rs:51:1
   |
51 | / pgsync::process_global! {
52 | |     static REGISTRY: Mutex<Vec<(String, Action)>> = Mutex::new(Vec::new());
53 | | }
   | |_^
   |
   = help: expected names are: `docsrs`, `feature`, and `test` and 33 more
   = note: using a cfg inside a macro will use the cfgs from the destination crate and not the ones from the defining crate
   = help: try referring to `$crate::__process_global_one` crate for guidance on how handle this unexpected cfg
   = note: see <https://doc.rust-lang.org/nightly/rustc/check-cfg/cargo-specifics.html> for more information about checking conditional configuration
   = note: `#[warn(unexpected_cfgs)]` on by default
   = note: this warning originates in the macro `$crate::__process_global_one` which comes from the expansion of the macro `pgsync::process_global` (in Nightly builds, run with -Z macro-backtrace for more info)

warning: unexpected `cfg` condition name: `loom`
  --> /work/src/crates/backend/utils/misc/injection_point/src/lib.rs:51:1
   |
51 | / pgsync::process_global! {
52 | |     static REGISTRY: Mutex<Vec<(String, Action)>> = Mutex::new(Vec::new());
53 | | }
   | |_^
   |
   = note: using a cfg inside a macro will use the cfgs from the destination crate and not the ones from the defining crate
   = help: try referring to `$crate::__process_global_one` crate for guidance on how handle this unexpected cfg
   = note: see <https://doc.rust-lang.org/nightly/rustc/check-cfg/cargo-specifics.html> for more information about checking conditional configuration
   = note: this warning originates in the macro `$crate::__process_global_one` which comes from the expansion of the macro `pgsync::process_global` (in Nightly builds, run with -Z macro-backtrace for more info)

warning: unexpected `cfg` condition name: `loom`
  --> /work/src/crates/backend/utils/misc/injection_point/src/lib.rs:65:1
   |
65 | / pgsync::process_global! {
66 | |     static WAIT_SLOTS: Mutex<[WaitSlot; INJ_MAX_WAIT]> =
67 | |         Mutex::new([const { WaitSlot { name: String::new(), wait_count: 0 } }; INJ_MAX_WAIT]);
68 | | }
   | |_^
   |
   = note: using a cfg inside a macro will use the cfgs from the destination crate and not the ones from the defining crate
   = help: try referring to `$crate::__process_global_one` crate for guidance on how handle this unexpected cfg
   = note: see <https://doc.rust-lang.org/nightly/rustc/check-cfg/cargo-specifics.html> for more information about checking conditional configuration
   = note: this warning originates in the macro `$crate::__process_global_one` which comes from the expansion of the macro `pgsync::process_global` (in Nightly builds, run with -Z macro-backtrace for more info)

warning: `varlena` (lib) generated 1 warning (run `cargo fix --lib -p varlena` to apply 1 suggestion)
   Compiling xlogbackup v0.0.0 (/work/src/crates/backend/access/transam/xlogbackup)
   Compiling controldata_utils v0.0.0 (/work/src/crates/common/controldata_utils)
warning: `injection_point` (lib) generated 8 warnings (5 duplicates)
   Compiling stack_depth v0.0.0 (/work/src/crates/backend/utils/misc/stack_depth)
   Compiling procarray v0.0.0 (/work/src/crates/backend/storage/ipc/procarray)
   Compiling adt_timestamp v0.1.0 (/work/src/crates/backend/utils/adt/adt_timestamp)
warning: `adt_numeric` (lib) generated 1 warning
   Compiling adt_oracle_compat v0.1.0 (/work/src/crates/backend/utils/adt/oracle_compat)
   Compiling transam_xlog v0.0.0 (/work/src/crates/backend/access/transam/transam_xlog)
   Compiling subtrans v0.0.0 (/work/src/crates/backend/access/transam/subtrans)
   Compiling ts_locale v0.1.0 (/work/src/crates/backend/tsearch/ts_locale)
warning: `arrayfuncs` (lib) generated 6 warnings
   Compiling transam v0.0.0 (/work/src/crates/backend/access/transam/transam)
   Compiling adt_date v0.1.0 (/work/src/crates/backend/utils/adt/adt_date)
   Compiling locale v0.0.0 (/work/src/crates/_support/types/locale)
   Compiling regex_core v0.0.0 (/work/src/crates/backend/regex/regex_core)
   Compiling slot v0.0.0 (/work/src/crates/backend/replication/slot)
warning: value assigned to `ss` is never read
   --> /work/src/crates/backend/regex/regex_core/src/regex_exec.rs:973:33
    |
973 |     let mut ss: Option<usize> = Some(css);
    |                                 ^^^^^^^^^ this value is reassigned later and never used
...
985 |                 ss = Some(ncss);
    |                 --------------- `ss` is overwritten here before the previous value is read
    |
    = note: `#[warn(unused_assignments)]` (part of `#[warn(unused)]`) on by default

   Compiling adt_int8 v0.1.0 (/work/src/crates/backend/utils/adt/int8)
warning: `pgstat` (lib) generated 2 warnings (run `cargo fix --lib -p pgstat` to apply 1 suggestion)
   Compiling xloginsert v0.0.0 (/work/src/crates/backend/access/transam/xloginsert)
   Compiling adt_cash v0.1.0 (/work/src/crates/backend/utils/adt/cash)
   Compiling snapmgr v0.0.0 (/work/src/crates/backend/utils/time/snapmgr)
   Compiling adt_tsvector_core v0.1.0 (/work/src/crates/backend/utils/adt/tsvector_core)
   Compiling parse_utilcmd_seams v0.1.0 (/work/src/crates/backend/parser/parse_utilcmd_seams)
   Compiling be_secure_common v0.0.0 (/work/src/crates/backend/libpq/be_secure_common)
   Compiling pqcomm v0.0.0 (/work/src/crates/backend/libpq/pqcomm)
   Compiling tidbitmap v0.1.0 (/work/src/crates/backend/nodes/tidbitmap)
   Compiling formatting_seams v0.1.0 (/work/src/crates/backend/utils/adt/formatting_seams)
   Compiling regproc_seams v0.0.0 (/work/src/crates/backend/utils/adt/regproc_seams)
   Compiling adt_regproc v0.1.0 (/work/src/crates/backend/utils/adt/regproc)
   Compiling gin_vocab v0.1.0 (/work/src/crates/backend/access/gin/gin_vocab)
warning: constant in pattern `InvalidOid` should have an upper case name
   --> /work/src/crates/backend/utils/adt/regproc/src/lib.rs:305:13
    |
305 |             InvalidOid => return Ok((raw, Vec::new())),
    |             ^^^^^^^^^^ help: convert the identifier to upper case: `INVALID_OID`
    |
    = note: `#[warn(non_upper_case_globals)]` (part of `#[warn(nonstandard_style)]`) on by default

   Compiling adt_formatting v0.1.0 (/work/src/crates/backend/utils/adt/formatting)
   Compiling adt_json v0.1.0 (/work/src/crates/backend/utils/adt/json)
   Compiling ps_status v0.1.0 (/work/src/crates/backend/utils/misc/ps_status)
   Compiling adt_jsonpath v0.1.0 (/work/src/crates/backend/utils/adt/jsonpath)
   Compiling standby v0.0.0 (/work/src/crates/backend/storage/ipc/standby)
   Compiling ts_cache v0.1.0 (/work/src/crates/backend/utils/cache/ts_cache)
warning: unused import: `vec_with_capacity_in`
  --> /work/src/crates/backend/utils/cache/ts_cache/src/lib.rs:15:11
   |
15 | use mcx::{vec_with_capacity_in, Mcx, MemoryContext, PgHashMap, PgVec};
   |           ^^^^^^^^^^^^^^^^^^^^
   |
   = note: `#[warn(unused_imports)]` (part of `#[warn(unused)]`) on by default

warning: value assigned to `chld` is never read
   --> /work/src/crates/backend/utils/adt/jsonpath/src/path.rs:191:25
    |
191 |     let mut chld: i32 = 0;
    |                         ^ this value is reassigned later and never used
...
243 |                 None => chld = pos,
    |                         ---------- `chld` is overwritten here before the previous value is read
    |
    = note: `#[warn(unused_assignments)]` (part of `#[warn(unused)]`) on by default

   Compiling freespace_seams v0.1.0 (/work/src/crates/backend/storage/freespace/freespace_seams)
   Compiling adt_jsonb v0.1.0 (/work/src/crates/backend/utils/adt/jsonb)
warning: `bufmgr` (lib) generated 3 warnings
   Compiling freespace v0.1.0 (/work/src/crates/backend/storage/freespace/freespace)
warning: function `relation_needs_wal` is never used
   --> /work/src/crates/backend/storage/freespace/freespace/src/lib.rs:557:4
    |
557 | fn relation_needs_wal(rel: &RelationData<'_>) -> bool {
    |    ^^^^^^^^^^^^^^^^^^
    |
    = note: `#[warn(dead_code)]` (part of `#[warn(unused)]`) on by default

warning: function `xlog_hint_bit_is_needed` is never used
   --> /work/src/crates/backend/storage/freespace/freespace/src/lib.rs:567:4
    |
567 | fn xlog_hint_bit_is_needed() -> bool {
    |    ^^^^^^^^^^^^^^^^^^^^^^^

warning: function `unported` is never used
   --> /work/src/crates/backend/storage/freespace/freespace/src/lib.rs:573:4
    |
573 | fn unported(unit: &'static str) -> ! {
    |    ^^^^^^^^

   Compiling ts_parse v0.1.0 (/work/src/crates/backend/tsearch/ts_parse)
warning: `freespace` (lib) generated 3 warnings
   Compiling predicate v0.0.0 (/work/src/crates/backend/storage/lmgr/predicate)
warning: constant `JsonbContainsStrategyNumber` should have an upper case name
  --> /work/src/crates/backend/utils/adt/jsonb/src/gin.rs:15:11
   |
15 | pub const JsonbContainsStrategyNumber: u16 = 7;
   |           ^^^^^^^^^^^^^^^^^^^^^^^^^^^ help: convert the identifier to upper case: `JSONB_CONTAINS_STRATEGY_NUMBER`
   |
   = note: `#[warn(non_upper_case_globals)]` (part of `#[warn(nonstandard_style)]`) on by default

warning: constant `JsonbExistsStrategyNumber` should have an upper case name
  --> /work/src/crates/backend/utils/adt/jsonb/src/gin.rs:16:11
   |
16 | pub const JsonbExistsStrategyNumber: u16 = 9;
   |           ^^^^^^^^^^^^^^^^^^^^^^^^^ help: convert the identifier to upper case: `JSONB_EXISTS_STRATEGY_NUMBER`

warning: constant `JsonbExistsAnyStrategyNumber` should have an upper case name
  --> /work/src/crates/backend/utils/adt/jsonb/src/gin.rs:17:11
   |
17 | pub const JsonbExistsAnyStrategyNumber: u16 = 10;
   |           ^^^^^^^^^^^^^^^^^^^^^^^^^^^^ help: convert the identifier to upper case: `JSONB_EXISTS_ANY_STRATEGY_NUMBER`

warning: constant `JsonbExistsAllStrategyNumber` should have an upper case name
  --> /work/src/crates/backend/utils/adt/jsonb/src/gin.rs:18:11
   |
18 | pub const JsonbExistsAllStrategyNumber: u16 = 11;
   |           ^^^^^^^^^^^^^^^^^^^^^^^^^^^^ help: convert the identifier to upper case: `JSONB_EXISTS_ALL_STRATEGY_NUMBER`

warning: constant `JsonbJsonpathExistsStrategyNumber` should have an upper case name
  --> /work/src/crates/backend/utils/adt/jsonb/src/gin.rs:19:11
   |
19 | pub const JsonbJsonpathExistsStrategyNumber: u16 = 15;
   |           ^^^^^^^^^^^^^^^^^^^^^^^^^^^^^^^^^ help: convert the identifier to upper case: `JSONB_JSONPATH_EXISTS_STRATEGY_NUMBER`

warning: constant `JsonbJsonpathPredicateStrategyNumber` should have an upper case name
  --> /work/src/crates/backend/utils/adt/jsonb/src/gin.rs:20:11
   |
20 | pub const JsonbJsonpathPredicateStrategyNumber: u16 = 16;
   |           ^^^^^^^^^^^^^^^^^^^^^^^^^^^^^^^^^^^^ help: convert the identifier to upper case: `JSONB_JSONPATH_PREDICATE_STRATEGY_NUMBER`

warning: constant in pattern `JsonbContainsStrategyNumber` should have an upper case name
   --> /work/src/crates/backend/utils/adt/jsonb/src/gin.rs:598:9
    |
598 |         JsonbContainsStrategyNumber => {
    |         ^^^^^^^^^^^^^^^^^^^^^^^^^^^ help: convert the identifier to upper case: `JSONB_CONTAINS_STRATEGY_NUMBER`

warning: constant in pattern `JsonbExistsStrategyNumber` should have an upper case name
   --> /work/src/crates/backend/utils/adt/jsonb/src/gin.rs:605:9
    |
605 |         JsonbExistsStrategyNumber => {
    |         ^^^^^^^^^^^^^^^^^^^^^^^^^ help: convert the identifier to upper case: `JSONB_EXISTS_STRATEGY_NUMBER`

warning: constant in pattern `JsonbExistsAnyStrategyNumber` should have an upper case name
   --> /work/src/crates/backend/utils/adt/jsonb/src/gin.rs:610:9
    |
610 |         JsonbExistsAnyStrategyNumber => extract_text_array_keys(mcx, query_image)?,
    |         ^^^^^^^^^^^^^^^^^^^^^^^^^^^^ help: convert the identifier to upper case: `JSONB_EXISTS_ANY_STRATEGY_NUMBER`

warning: constant in pattern `JsonbExistsAllStrategyNumber` should have an upper case name
   --> /work/src/crates/backend/utils/adt/jsonb/src/gin.rs:611:9
    |
611 |         JsonbExistsAllStrategyNumber => {
    |         ^^^^^^^^^^^^^^^^^^^^^^^^^^^^ help: convert the identifier to upper case: `JSONB_EXISTS_ALL_STRATEGY_NUMBER`

warning: constant in pattern `JsonbJsonpathExistsStrategyNumber` should have an upper case name
   --> /work/src/crates/backend/utils/adt/jsonb/src/gin.rs:618:9
    |
618 |         JsonbJsonpathExistsStrategyNumber | JsonbJsonpathPredicateStrategyNumber => {
    |         ^^^^^^^^^^^^^^^^^^^^^^^^^^^^^^^^^ help: convert the identifier to upper case: `JSONB_JSONPATH_EXISTS_STRATEGY_NUMBER`

warning: constant in pattern `JsonbJsonpathPredicateStrategyNumber` should have an upper case name
   --> /work/src/crates/backend/utils/adt/jsonb/src/gin.rs:618:45
    |
618 |         JsonbJsonpathExistsStrategyNumber | JsonbJsonpathPredicateStrategyNumber => {
    |                                             ^^^^^^^^^^^^^^^^^^^^^^^^^^^^^^^^^^^^ help: convert the identifier to upper case: `JSONB_JSONPATH_PREDICATE_STRATEGY_NUMBER`

warning: constant in pattern `JsonbContainsStrategyNumber` should have an upper case name
   --> /work/src/crates/backend/utils/adt/jsonb/src/gin.rs:640:9
    |
640 |         JsonbContainsStrategyNumber => {
    |         ^^^^^^^^^^^^^^^^^^^^^^^^^^^ help: convert the identifier to upper case: `JSONB_CONTAINS_STRATEGY_NUMBER`

warning: constant in pattern `JsonbJsonpathExistsStrategyNumber` should have an upper case name
   --> /work/src/crates/backend/utils/adt/jsonb/src/gin.rs:647:9
    |
647 |         JsonbJsonpathExistsStrategyNumber | JsonbJsonpathPredicateStrategyNumber => {
    |         ^^^^^^^^^^^^^^^^^^^^^^^^^^^^^^^^^ help: convert the identifier to upper case: `JSONB_JSONPATH_EXISTS_STRATEGY_NUMBER`

warning: constant in pattern `JsonbJsonpathPredicateStrategyNumber` should have an upper case name
   --> /work/src/crates/backend/utils/adt/jsonb/src/gin.rs:647:45
    |
647 |         JsonbJsonpathExistsStrategyNumber | JsonbJsonpathPredicateStrategyNumber => {
    |                                             ^^^^^^^^^^^^^^^^^^^^^^^^^^^^^^^^^^^^ help: convert the identifier to upper case: `JSONB_JSONPATH_PREDICATE_STRATEGY_NUMBER`

warning: constant in pattern `JsonbContainsStrategyNumber` should have an upper case name
   --> /work/src/crates/backend/utils/adt/jsonb/src/gin.rs:669:9
    |
669 |         JsonbContainsStrategyNumber => {
    |         ^^^^^^^^^^^^^^^^^^^^^^^^^^^ help: convert the identifier to upper case: `JSONB_CONTAINS_STRATEGY_NUMBER`

warning: constant in pattern `JsonbExistsStrategyNumber` should have an upper case name
   --> /work/src/crates/backend/utils/adt/jsonb/src/gin.rs:673:9
    |
673 |         JsonbExistsStrategyNumber | JsonbExistsAnyStrategyNumber => {
    |         ^^^^^^^^^^^^^^^^^^^^^^^^^ help: convert the identifier to upper case: `JSONB_EXISTS_STRATEGY_NUMBER`

warning: constant in pattern `JsonbExistsAnyStrategyNumber` should have an upper case name
   --> /work/src/crates/backend/utils/adt/jsonb/src/gin.rs:673:37
    |
673 |         JsonbExistsStrategyNumber | JsonbExistsAnyStrategyNumber => {
    |                                     ^^^^^^^^^^^^^^^^^^^^^^^^^^^^ help: convert the identifier to upper case: `JSONB_EXISTS_ANY_STRATEGY_NUMBER`

warning: constant in pattern `JsonbExistsAllStrategyNumber` should have an upper case name
   --> /work/src/crates/backend/utils/adt/jsonb/src/gin.rs:677:9
    |
677 |         JsonbExistsAllStrategyNumber => {
    |         ^^^^^^^^^^^^^^^^^^^^^^^^^^^^ help: convert the identifier to upper case: `JSONB_EXISTS_ALL_STRATEGY_NUMBER`

warning: constant in pattern `JsonbJsonpathExistsStrategyNumber` should have an upper case name
   --> /work/src/crates/backend/utils/adt/jsonb/src/gin.rs:681:9
    |
681 |         JsonbJsonpathExistsStrategyNumber | JsonbJsonpathPredicateStrategyNumber => {
    |         ^^^^^^^^^^^^^^^^^^^^^^^^^^^^^^^^^ help: convert the identifier to upper case: `JSONB_JSONPATH_EXISTS_STRATEGY_NUMBER`

warning: constant in pattern `JsonbJsonpathPredicateStrategyNumber` should have an upper case name
   --> /work/src/crates/backend/utils/adt/jsonb/src/gin.rs:681:45
    |
681 |         JsonbJsonpathExistsStrategyNumber | JsonbJsonpathPredicateStrategyNumber => {
    |                                             ^^^^^^^^^^^^^^^^^^^^^^^^^^^^^^^^^^^^ help: convert the identifier to upper case: `JSONB_JSONPATH_PREDICATE_STRATEGY_NUMBER`

warning: constant in pattern `JsonbContainsStrategyNumber` should have an upper case name
   --> /work/src/crates/backend/utils/adt/jsonb/src/gin.rs:702:9
    |
702 |         JsonbContainsStrategyNumber | JsonbExistsAllStrategyNumber => {
    |         ^^^^^^^^^^^^^^^^^^^^^^^^^^^ help: convert the identifier to upper case: `JSONB_CONTAINS_STRATEGY_NUMBER`

warning: constant in pattern `JsonbExistsAllStrategyNumber` should have an upper case name
   --> /work/src/crates/backend/utils/adt/jsonb/src/gin.rs:702:39
    |
702 |         JsonbContainsStrategyNumber | JsonbExistsAllStrategyNumber => {
    |                                       ^^^^^^^^^^^^^^^^^^^^^^^^^^^^ help: convert the identifier to upper case: `JSONB_EXISTS_ALL_STRATEGY_NUMBER`

warning: constant in pattern `JsonbExistsStrategyNumber` should have an upper case name
   --> /work/src/crates/backend/utils/adt/jsonb/src/gin.rs:710:9
    |
710 |         JsonbExistsStrategyNumber | JsonbExistsAnyStrategyNumber => {
    |         ^^^^^^^^^^^^^^^^^^^^^^^^^ help: convert the identifier to upper case: `JSONB_EXISTS_STRATEGY_NUMBER`

warning: constant in pattern `JsonbExistsAnyStrategyNumber` should have an upper case name
   --> /work/src/crates/backend/utils/adt/jsonb/src/gin.rs:710:37
    |
710 |         JsonbExistsStrategyNumber | JsonbExistsAnyStrategyNumber => {
    |                                     ^^^^^^^^^^^^^^^^^^^^^^^^^^^^ help: convert the identifier to upper case: `JSONB_EXISTS_ANY_STRATEGY_NUMBER`

warning: constant in pattern `JsonbJsonpathExistsStrategyNumber` should have an upper case name
   --> /work/src/crates/backend/utils/adt/jsonb/src/gin.rs:718:9
    |
718 |         JsonbJsonpathExistsStrategyNumber | JsonbJsonpathPredicateStrategyNumber => {
    |         ^^^^^^^^^^^^^^^^^^^^^^^^^^^^^^^^^ help: convert the identifier to upper case: `JSONB_JSONPATH_EXISTS_STRATEGY_NUMBER`

warning: constant in pattern `JsonbJsonpathPredicateStrategyNumber` should have an upper case name
   --> /work/src/crates/backend/utils/adt/jsonb/src/gin.rs:718:45
    |
718 |         JsonbJsonpathExistsStrategyNumber | JsonbJsonpathPredicateStrategyNumber => {
    |                                             ^^^^^^^^^^^^^^^^^^^^^^^^^^^^^^^^^^^^ help: convert the identifier to upper case: `JSONB_JSONPATH_PREDICATE_STRATEGY_NUMBER`

warning: constant in pattern `JsonbContainsStrategyNumber` should have an upper case name
   --> /work/src/crates/backend/utils/adt/jsonb/src/gin.rs:744:9
    |
744 |         JsonbContainsStrategyNumber => {
    |         ^^^^^^^^^^^^^^^^^^^^^^^^^^^ help: convert the identifier to upper case: `JSONB_CONTAINS_STRATEGY_NUMBER`

warning: constant in pattern `JsonbJsonpathExistsStrategyNumber` should have an upper case name
   --> /work/src/crates/backend/utils/adt/jsonb/src/gin.rs:750:9
    |
750 |         JsonbJsonpathExistsStrategyNumber | JsonbJsonpathPredicateStrategyNumber => {
    |         ^^^^^^^^^^^^^^^^^^^^^^^^^^^^^^^^^ help: convert the identifier to upper case: `JSONB_JSONPATH_EXISTS_STRATEGY_NUMBER`

warning: constant in pattern `JsonbJsonpathPredicateStrategyNumber` should have an upper case name
   --> /work/src/crates/backend/utils/adt/jsonb/src/gin.rs:750:45
    |
750 |         JsonbJsonpathExistsStrategyNumber | JsonbJsonpathPredicateStrategyNumber => {
    |                                             ^^^^^^^^^^^^^^^^^^^^^^^^^^^^^^^^^^^^ help: convert the identifier to upper case: `JSONB_JSONPATH_PREDICATE_STRATEGY_NUMBER`

warning: constant in pattern `JsonbContainsStrategyNumber` should have an upper case name
   --> /work/src/crates/backend/utils/adt/jsonb/src/gin.rs:771:9
    |
771 |         JsonbContainsStrategyNumber => {
    |         ^^^^^^^^^^^^^^^^^^^^^^^^^^^ help: convert the identifier to upper case: `JSONB_CONTAINS_STRATEGY_NUMBER`

warning: constant in pattern `JsonbJsonpathExistsStrategyNumber` should have an upper case name
   --> /work/src/crates/backend/utils/adt/jsonb/src/gin.rs:779:9
    |
779 |         JsonbJsonpathExistsStrategyNumber | JsonbJsonpathPredicateStrategyNumber => {
    |         ^^^^^^^^^^^^^^^^^^^^^^^^^^^^^^^^^ help: convert the identifier to upper case: `JSONB_JSONPATH_EXISTS_STRATEGY_NUMBER`

warning: constant in pattern `JsonbJsonpathPredicateStrategyNumber` should have an upper case name
   --> /work/src/crates/backend/utils/adt/jsonb/src/gin.rs:779:45
    |
779 |         JsonbJsonpathExistsStrategyNumber | JsonbJsonpathPredicateStrategyNumber => {
    |                                             ^^^^^^^^^^^^^^^^^^^^^^^^^^^^^^^^^^^^ help: convert the identifier to upper case: `JSONB_JSONPATH_PREDICATE_STRATEGY_NUMBER`

warning: `adt_regproc` (lib) generated 1 warning
   Compiling bufmask v0.1.0 (/work/src/crates/backend/access/common/bufmask)
   Compiling adt_tsquery_core v0.1.0 (/work/src/crates/backend/utils/adt/tsquery_core)
   Compiling adt_regexp v0.1.0 (/work/src/crates/backend/utils/adt/regexp)
warning: unused import: `MemoryContext`
 --> /work/src/crates/backend/utils/adt/regexp/src/lib.rs:6:68
  |
6 | use ::mcx::{slice_in, vec_append_bytes, vec_with_capacity_in, Mcx, MemoryContext, PgVec};
  |                                                                    ^^^^^^^^^^^^^
  |
  = note: `#[warn(unused_imports)]` (part of `#[warn(unused)]`) on by default

   Compiling lockfuncs v0.1.0 (/work/src/crates/backend/utils/adt/lockfuncs)
   Compiling adt_rangetypes v0.1.0 (/work/src/crates/backend/utils/adt/rangetypes)
warning: unused import: `::types_nodes::NodeTag`
   --> /work/src/crates/backend/utils/adt/rangetypes/src/builtins.rs:569:9
    |
569 |     use ::types_nodes::NodeTag;
    |         ^^^^^^^^^^^^^^^^^^^^^^
    |
    = note: `#[warn(unused_imports)]` (part of `#[warn(unused)]`) on by default

   Compiling hba v0.0.0 (/work/src/crates/backend/libpq/hba)
   Compiling adt_int v0.1.0 (/work/src/crates/backend/utils/adt/int)
warning: constant `BTLessEqualStrategyNumber` should have an upper case name
   --> /work/src/crates/backend/utils/adt/rangetypes/src/builtins.rs:664:11
    |
664 |     const BTLessEqualStrategyNumber: i16 = 2;
    |           ^^^^^^^^^^^^^^^^^^^^^^^^^
    |
    = note: `#[warn(non_upper_case_globals)]` (part of `#[warn(nonstandard_style)]`) on by default
help: convert the identifier to upper case
    |
664 -     const BTLessEqualStrategyNumber: i16 = 2;
664 +     const BTLESS_EQUAL_STRATEGY_NUMBER: i16 = 2;
    |

warning: constant `BTGreaterEqualStrategyNumber` should have an upper case name
   --> /work/src/crates/backend/utils/adt/rangetypes/src/builtins.rs:665:11
    |
665 |     const BTGreaterEqualStrategyNumber: i16 = 4;
    |           ^^^^^^^^^^^^^^^^^^^^^^^^^^^^
    |
help: convert the identifier to upper case
    |
665 -     const BTGreaterEqualStrategyNumber: i16 = 4;
665 +     const BTGREATER_EQUAL_STRATEGY_NUMBER: i16 = 4;
    |

   Compiling adt_bool v0.1.0 (/work/src/crates/backend/utils/adt/bool)
   Compiling adt_network v0.1.0 (/work/src/crates/backend/utils/adt/network)
   Compiling adt_mac v0.1.0 (/work/src/crates/backend/utils/adt/mac)
   Compiling relpath v0.0.0 (/work/src/crates/common/relpath)
   Compiling mcxt_stats v0.1.0 (/work/src/crates/backend/utils/mmgr/mcxt_stats)
   Compiling types_trigger_call v0.1.0 (/work/src/crates/_support/types/types_trigger_call)
   Compiling indexam_seams v0.0.0 (/work/src/crates/backend/access/index/indexam_seams)
   Compiling tuplesort_seams v0.0.0 (/work/src/crates/backend/utils/sort/tuplesort_seams)
   Compiling array_userfuncs v0.1.0 (/work/src/crates/backend/utils/adt/array_userfuncs)
   Compiling adt_amutils v0.1.0 (/work/src/crates/backend/utils/adt/adt_amutils)
warning: field `has_ambuildphasename` is never read
  --> /work/src/crates/backend/utils/adt/adt_amutils/src/lib.rs:93:5
   |
80 | struct AmFlags {
   |        ------- field in this struct
...
93 |     has_ambuildphasename: bool,
   |     ^^^^^^^^^^^^^^^^^^^^
   |
   = note: `#[warn(dead_code)]` (part of `#[warn(unused)]`) on by default

warning: `adt_jsonpath` (lib) generated 1 warning
   Compiling trigfuncs v0.1.0 (/work/src/crates/backend/utils/adt/trigfuncs)
   Compiling adt_mcxtfuncs v0.1.0 (/work/src/crates/backend/utils/adt/mcxtfuncs)
warning: `adt_amutils` (lib) generated 1 warning
   Compiling dbsize v0.1.0 (/work/src/crates/backend/utils/adt/dbsize)
   Compiling adt_mac8 v0.1.0 (/work/src/crates/backend/utils/adt/mac8)
warning: `ts_cache` (lib) generated 1 warning (run `cargo fix --lib -p ts_cache` to apply 1 suggestion)
   Compiling adt_jsonpath_exec v0.1.0 (/work/src/crates/backend/utils/adt/jsonpath_exec)
   Compiling hbafuncs v0.0.0 (/work/src/crates/backend/utils/adt/hbafuncs)
   Compiling adt_multirangetypes v0.1.0 (/work/src/crates/backend/utils/adt/multirangetypes)
   Compiling waitfuncs v0.1.0 (/work/src/crates/backend/utils/adt/waitfuncs)
warning: unused import: `multirange_types_do_not_match`
  --> /work/src/crates/backend/utils/adt/multirangetypes/src/builtins.rs:19:26
   |
19 |     multirange_type_oid, multirange_types_do_not_match, MultirangeInfo,
   |                          ^^^^^^^^^^^^^^^^^^^^^^^^^^^^^
   |
   = note: `#[warn(unused_imports)]` (part of `#[warn(unused)]`) on by default

warning: unused import: `ElemInfo`
  --> /work/src/crates/backend/utils/adt/multirangetypes/src/lib.rs:14:5
   |
14 |     ElemInfo, RangeBound, RangeInfo, RANGE_EMPTY, RANGE_LB_INC, RANGE_LB_INF, RANGE_UB_INC,
   |     ^^^^^^^^

   Compiling to_tsany v0.1.0 (/work/src/crates/backend/tsearch/to_tsany)
   Compiling wparser_def v0.1.0 (/work/src/crates/backend/tsearch/wparser_def)
warning: variable does not need to be mutable
   --> /work/src/crates/backend/utils/adt/multirangetypes/src/builtins.rs:439:13
    |
439 |         let mut accum = |d: Datum| -> PgResult<()> {
    |             ----^^^^^
    |             |
    |             help: remove this `mut`
    |
    = note: `#[warn(unused_mut)]` (part of `#[warn(unused)]`) on by default

   Compiling tsearch_dict v0.1.0 (/work/src/crates/backend/tsearch/dict)
warning: unused import: `vec_with_capacity_in`
 --> /work/src/crates/backend/tsearch/dict/src/simple.rs:1:13
  |
1 | use ::mcx::{vec_with_capacity_in, Mcx, PgVec};
  |             ^^^^^^^^^^^^^^^^^^^^
  |
  = note: `#[warn(unused_imports)]` (part of `#[warn(unused)]`) on by default

   Compiling adt_tsrank v0.1.0 (/work/src/crates/backend/utils/adt/tsrank)
warning: unused import: `vec_with_capacity_in`
 --> /work/src/crates/backend/utils/adt/tsrank/src/rank_cd.rs:4:13
  |
4 | use ::mcx::{vec_with_capacity_in, Mcx, PgVec};
  |             ^^^^^^^^^^^^^^^^^^^^
  |
  = note: `#[warn(unused_imports)]` (part of `#[warn(unused)]`) on by default

warning: `adt_rangetypes` (lib) generated 3 warnings (run `cargo fix --lib -p adt_rangetypes` to apply 3 suggestions)
   Compiling xid8funcs v0.1.0 (/work/src/crates/backend/utils/adt/xid8funcs)
   Compiling commands_async v0.1.0 (/work/src/crates/backend/commands/commands_async)
   Compiling tsearch_spell v0.1.0 (/work/src/crates/backend/tsearch/spell)
   Compiling dict_snowball v0.1.0 (/work/src/crates/backend/snowball/dict_snowball)
warning: unnecessary `unsafe` block
  --> /work/src/crates/backend/snowball/dict_snowball/src/stemmers/stem_iso_8859_1_english.rs:33:30
   |
33 | static mut a_0: [among; 3] = unsafe {
   |                              ^^^^^^ unnecessary `unsafe` block
   |
   = note: `#[warn(unused_unsafe)]` (part of `#[warn(unused)]`) on by default

warning: unnecessary `unsafe` block
  --> /work/src/crates/backend/snowball/dict_snowball/src/stemmers/stem_iso_8859_1_english.rs:65:30
   |
65 | static mut a_1: [among; 3] = unsafe {
   |                              ^^^^^^ unnecessary `unsafe` block

warning: unnecessary `unsafe` block
   --> /work/src/crates/backend/snowball/dict_snowball/src/stemmers/stem_iso_8859_1_english.rs:109:30
    |
109 | static mut a_2: [among; 6] = unsafe {
    |                              ^^^^^^ unnecessary `unsafe` block

warning: unnecessary `unsafe` block
   --> /work/src/crates/backend/snowball/dict_snowball/src/stemmers/stem_iso_8859_1_english.rs:167:31
    |
167 | static mut a_3: [among; 13] = unsafe {
    |                               ^^^^^^ unnecessary `unsafe` block

warning: unnecessary `unsafe` block
   --> /work/src/crates/backend/snowball/dict_snowball/src/stemmers/stem_iso_8859_1_english.rs:293:30
    |
293 | static mut a_4: [among; 6] = unsafe {
    |                              ^^^^^^ unnecessary `unsafe` block

warning: unnecessary `unsafe` block
   --> /work/src/crates/backend/snowball/dict_snowball/src/stemmers/stem_iso_8859_1_english.rs:504:31
    |
504 | static mut a_5: [among; 24] = unsafe {
    |                               ^^^^^^ unnecessary `unsafe` block

warning: unnecessary `unsafe` block
   --> /work/src/crates/backend/snowball/dict_snowball/src/stemmers/stem_iso_8859_1_english.rs:738:30
    |
738 | static mut a_6: [among; 9] = unsafe {
    |                              ^^^^^^ unnecessary `unsafe` block

warning: unnecessary `unsafe` block
   --> /work/src/crates/backend/snowball/dict_snowball/src/stemmers/stem_iso_8859_1_english.rs:890:31
    |
890 | static mut a_7: [among; 18] = unsafe {
    |                               ^^^^^^ unnecessary `unsafe` block

warning: unnecessary `unsafe` block
    --> /work/src/crates/backend/snowball/dict_snowball/src/stemmers/stem_iso_8859_1_english.rs:1022:30
     |
1022 | static mut a_8: [among; 2] = unsafe {
     |                              ^^^^^^ unnecessary `unsafe` block

warning: unnecessary `unsafe` block
    --> /work/src/crates/backend/snowball/dict_snowball/src/stemmers/stem_iso_8859_1_english.rs:1109:30
     |
1109 | static mut a_9: [among; 8] = unsafe {
     |                              ^^^^^^ unnecessary `unsafe` block

warning: unnecessary `unsafe` block
    --> /work/src/crates/backend/snowball/dict_snowball/src/stemmers/stem_iso_8859_1_english.rs:1289:32
     |
1289 | static mut a_10: [among; 18] = unsafe {
     |                                ^^^^^^ unnecessary `unsafe` block

warning: variable does not need to be mutable
    --> /work/src/crates/backend/snowball/dict_snowball/src/stemmers/stem_iso_8859_1_english.rs:1594:21
     |
1594 | unsafe fn r_prelude(mut z: *mut SN_env) -> ::core::ffi::c_int {
     |                     ----^
     |                     |
     |                     help: remove this `mut`
     |
     = note: `#[warn(unused_mut)]` (part of `#[warn(unused)]`) on by default

warning: variable does not need to be mutable
    --> /work/src/crates/backend/snowball/dict_snowball/src/stemmers/stem_iso_8859_1_english.rs:1597:9
     |
1597 |     let mut c1: ::core::ffi::c_int = (*z).c;
     |         ----^^
     |         |
     |         help: remove this `mut`

warning: variable does not need to be mutable
    --> /work/src/crates/backend/snowball/dict_snowball/src/stemmers/stem_iso_8859_1_english.rs:1604:13
     |
1604 |         let mut ret: ::core::ffi::c_int = slice_del(z);
     |             ----^^^
     |             |
     |             help: remove this `mut`

warning: variable does not need to be mutable
    --> /work/src/crates/backend/snowball/dict_snowball/src/stemmers/stem_iso_8859_1_english.rs:1610:9
     |
1610 |     let mut c2: ::core::ffi::c_int = (*z).c;
     |         ----^^
     |         |
     |         help: remove this `mut`

warning: variable does not need to be mutable
    --> /work/src/crates/backend/snowball/dict_snowball/src/stemmers/stem_iso_8859_1_english.rs:1617:13
     |
1617 |         let mut ret_0: ::core::ffi::c_int = slice_from_s(
     |             ----^^^^^
     |             |
     |             help: remove this `mut`

warning: variable does not need to be mutable
    --> /work/src/crates/backend/snowball/dict_snowball/src/stemmers/stem_iso_8859_1_english.rs:1628:9
     |
1628 |     let mut c3: ::core::ffi::c_int = (*z).c;
     |         ----^^
     |         |
     |         help: remove this `mut`

warning: variable does not need to be mutable
    --> /work/src/crates/backend/snowball/dict_snowball/src/stemmers/stem_iso_8859_1_english.rs:1630:13
     |
1630 |         let mut c4: ::core::ffi::c_int = (*z).c;
     |             ----^^
     |             |
     |             help: remove this `mut`

warning: variable does not need to be mutable
    --> /work/src/crates/backend/snowball/dict_snowball/src/stemmers/stem_iso_8859_1_english.rs:1632:17
     |
1632 |             let mut c5: ::core::ffi::c_int = (*z).c;
     |                 ----^^
     |                 |
     |                 help: remove this `mut`

warning: variable does not need to be mutable
    --> /work/src/crates/backend/snowball/dict_snowball/src/stemmers/stem_iso_8859_1_english.rs:1666:21
     |
1666 |                 let mut ret_1: ::core::ffi::c_int = slice_from_s(
     |                     ----^^^^^
     |                     |
     |                     help: remove this `mut`

warning: variable does not need to be mutable
    --> /work/src/crates/backend/snowball/dict_snowball/src/stemmers/stem_iso_8859_1_english.rs:1682:26
     |
1682 | unsafe fn r_mark_regions(mut z: *mut SN_env) -> ::core::ffi::c_int {
     |                          ----^
     |                          |
     |                          help: remove this `mut`

warning: variable does not need to be mutable
    --> /work/src/crates/backend/snowball/dict_snowball/src/stemmers/stem_iso_8859_1_english.rs:1686:9
     |
1686 |     let mut c1: ::core::ffi::c_int = (*z).c;
     |         ----^^
     |         |
     |         help: remove this `mut`

warning: variable does not need to be mutable
    --> /work/src/crates/backend/snowball/dict_snowball/src/stemmers/stem_iso_8859_1_english.rs:1687:9
     |
1687 |     let mut c2: ::core::ffi::c_int = (*z).c;
     |         ----^^
     |         |
     |         help: remove this `mut`

warning: variable does not need to be mutable
    --> /work/src/crates/backend/snowball/dict_snowball/src/stemmers/stem_iso_8859_1_english.rs:1706:17
     |
1706 |             let mut ret: ::core::ffi::c_int = out_grouping(
     |                 ----^^^
     |                 |
     |                 help: remove this `mut`

warning: variable does not need to be mutable
    --> /work/src/crates/backend/snowball/dict_snowball/src/stemmers/stem_iso_8859_1_english.rs:1717:21
     |
1717 |                 let mut ret_0: ::core::ffi::c_int = in_grouping(
     |                     ----^^^^^
     |                     |
     |                     help: remove this `mut`

warning: variable does not need to be mutable
    --> /work/src/crates/backend/snowball/dict_snowball/src/stemmers/stem_iso_8859_1_english.rs:1737:17
     |
1737 |             let mut ret_1: ::core::ffi::c_int = out_grouping(
     |                 ----^^^^^
     |                 |
     |                 help: remove this `mut`

warning: variable does not need to be mutable
    --> /work/src/crates/backend/snowball/dict_snowball/src/stemmers/stem_iso_8859_1_english.rs:1746:21
     |
1746 |                 let mut ret_2: ::core::ffi::c_int = in_grouping(
     |                     ----^^^^^
     |                     |
     |                     help: remove this `mut`

warning: variable does not need to be mutable
    --> /work/src/crates/backend/snowball/dict_snowball/src/stemmers/stem_iso_8859_1_english.rs:1764:20
     |
1764 | unsafe fn r_shortv(mut z: *mut SN_env) -> ::core::ffi::c_int {
     |                    ----^
     |                    |
     |                    help: remove this `mut`

warning: variable does not need to be mutable
    --> /work/src/crates/backend/snowball/dict_snowball/src/stemmers/stem_iso_8859_1_english.rs:1765:9
     |
1765 |     let mut current_block: u64;
     |         ----^^^^^^^^^^^^^
     |         |
     |         help: remove this `mut`

warning: variable does not need to be mutable
    --> /work/src/crates/backend/snowball/dict_snowball/src/stemmers/stem_iso_8859_1_english.rs:1766:9
     |
1766 |     let mut m1: ::core::ffi::c_int = (*z).l - (*z).c;
     |         ----^^
     |         |
     |         help: remove this `mut`

warning: variable does not need to be mutable
    --> /work/src/crates/backend/snowball/dict_snowball/src/stemmers/stem_iso_8859_1_english.rs:1828:16
     |
1828 | unsafe fn r_R1(mut z: *mut SN_env) -> ::core::ffi::c_int {
     |                ----^
     |                |
     |                help: remove this `mut`

warning: variable does not need to be mutable
    --> /work/src/crates/backend/snowball/dict_snowball/src/stemmers/stem_iso_8859_1_english.rs:1832:16
     |
1832 | unsafe fn r_R2(mut z: *mut SN_env) -> ::core::ffi::c_int {
     |                ----^
     |                |
     |                help: remove this `mut`

warning: variable does not need to be mutable
    --> /work/src/crates/backend/snowball/dict_snowball/src/stemmers/stem_iso_8859_1_english.rs:1836:21
     |
1836 | unsafe fn r_Step_1a(mut z: *mut SN_env) -> ::core::ffi::c_int {
     |                     ----^
     |                     |
     |                     help: remove this `mut`

warning: variable does not need to be mutable
    --> /work/src/crates/backend/snowball/dict_snowball/src/stemmers/stem_iso_8859_1_english.rs:1838:9
     |
1838 |     let mut m1: ::core::ffi::c_int = (*z).l - (*z).c;
     |         ----^^
     |         |
     |         help: remove this `mut`

warning: variable does not need to be mutable
    --> /work/src/crates/backend/snowball/dict_snowball/src/stemmers/stem_iso_8859_1_english.rs:1853:13
     |
1853 |         let mut ret: ::core::ffi::c_int = slice_del(z);
     |             ----^^^
     |             |
     |             help: remove this `mut`

warning: variable does not need to be mutable
    --> /work/src/crates/backend/snowball/dict_snowball/src/stemmers/stem_iso_8859_1_english.rs:1874:17
     |
1874 |             let mut ret_0: ::core::ffi::c_int = slice_from_s(
     |                 ----^^^^^
     |                 |
     |                 help: remove this `mut`

warning: variable does not need to be mutable
    --> /work/src/crates/backend/snowball/dict_snowball/src/stemmers/stem_iso_8859_1_english.rs:1884:17
     |
1884 |             let mut m2: ::core::ffi::c_int = (*z).l - (*z).c;
     |                 ----^^
     |                 |
     |                 help: remove this `mut`

warning: variable does not need to be mutable
    --> /work/src/crates/backend/snowball/dict_snowball/src/stemmers/stem_iso_8859_1_english.rs:1888:21
     |
1888 |                 let mut ret_2: ::core::ffi::c_int = slice_from_s(
     |                     ----^^^^^
     |                     |
     |                     help: remove this `mut`

warning: variable does not need to be mutable
    --> /work/src/crates/backend/snowball/dict_snowball/src/stemmers/stem_iso_8859_1_english.rs:1897:21
     |
1897 |                 let mut ret_1: ::core::ffi::c_int = slice_from_s(
     |                     ----^^^^^
     |                     |
     |                     help: remove this `mut`

warning: variable does not need to be mutable
    --> /work/src/crates/backend/snowball/dict_snowball/src/stemmers/stem_iso_8859_1_english.rs:1912:17
     |
1912 |             let mut ret_3: ::core::ffi::c_int = out_grouping_b(
     |                 ----^^^^^
     |                 |
     |                 help: remove this `mut`

warning: variable does not need to be mutable
    --> /work/src/crates/backend/snowball/dict_snowball/src/stemmers/stem_iso_8859_1_english.rs:1923:17
     |
1923 |             let mut ret_4: ::core::ffi::c_int = slice_del(z);
     |                 ----^^^^^
     |                 |
     |                 help: remove this `mut`

warning: value assigned to `among_var` is never read
    --> /work/src/crates/backend/snowball/dict_snowball/src/stemmers/stem_iso_8859_1_english.rs:1837:45
     |
1837 |     let mut among_var: ::core::ffi::c_int = 0;
     |                                             ^ this value is reassigned later and never used
...
1867 |     among_var = find_among_b(z, &raw const a_2 as *const among, 6 as ::core::ffi::c_int);
     |     ------------------------------------------------------------------------------------ `among_var` is overwritten here before the previous value is read
     |
     = note: `#[warn(unused_assignments)]` (part of `#[warn(unused)]`) on by default

warning: variable does not need to be mutable
    --> /work/src/crates/backend/snowball/dict_snowball/src/stemmers/stem_iso_8859_1_english.rs:1932:21
     |
1932 | unsafe fn r_Step_1b(mut z: *mut SN_env) -> ::core::ffi::c_int {
     |                     ----^
     |                     |
     |                     help: remove this `mut`

warning: variable does not need to be mutable
    --> /work/src/crates/backend/snowball/dict_snowball/src/stemmers/stem_iso_8859_1_english.rs:1952:17
     |
1952 |             let mut ret: ::core::ffi::c_int = r_R1(z);
     |                 ----^^^
     |                 |
     |                 help: remove this `mut`

warning: variable does not need to be mutable
    --> /work/src/crates/backend/snowball/dict_snowball/src/stemmers/stem_iso_8859_1_english.rs:1956:17
     |
1956 |             let mut ret_0: ::core::ffi::c_int = slice_from_s(
     |                 ----^^^^^
     |                 |
     |                 help: remove this `mut`

warning: variable does not need to be mutable
    --> /work/src/crates/backend/snowball/dict_snowball/src/stemmers/stem_iso_8859_1_english.rs:1966:17
     |
1966 |             let mut m_test1: ::core::ffi::c_int = (*z).l - (*z).c;
     |                 ----^^^^^^^
     |                 |
     |                 help: remove this `mut`

warning: variable does not need to be mutable
    --> /work/src/crates/backend/snowball/dict_snowball/src/stemmers/stem_iso_8859_1_english.rs:1967:17
     |
1967 |             let mut ret_1: ::core::ffi::c_int = out_grouping_b(
     |                 ----^^^^^
     |                 |
     |                 help: remove this `mut`

warning: variable does not need to be mutable
    --> /work/src/crates/backend/snowball/dict_snowball/src/stemmers/stem_iso_8859_1_english.rs:1979:17
     |
1979 |             let mut ret_2: ::core::ffi::c_int = slice_del(z);
     |                 ----^^^^^
     |                 |
     |                 help: remove this `mut`

warning: variable does not need to be mutable
    --> /work/src/crates/backend/snowball/dict_snowball/src/stemmers/stem_iso_8859_1_english.rs:1985:17
     |
1985 |             let mut m_test2: ::core::ffi::c_int = (*z).l - (*z).c;
     |                 ----^^^^^^^
     |                 |
     |                 help: remove this `mut`

warning: variable does not need to be mutable
    --> /work/src/crates/backend/snowball/dict_snowball/src/stemmers/stem_iso_8859_1_english.rs:2005:25
     |
2005 |                     let mut ret_3: ::core::ffi::c_int = slice_from_s(
     |                         ----^^^^^
     |                         |
     |                         help: remove this `mut`

warning: variable does not need to be mutable
    --> /work/src/crates/backend/snowball/dict_snowball/src/stemmers/stem_iso_8859_1_english.rs:2016:25
     |
2016 |                     let mut m3: ::core::ffi::c_int = (*z).l - (*z).c;
     |                         ----^^
     |                         |
     |                         help: remove this `mut`

warning: variable does not need to be mutable
    --> /work/src/crates/backend/snowball/dict_snowball/src/stemmers/stem_iso_8859_1_english.rs:2035:25
     |
2035 |                     let mut m_test4: ::core::ffi::c_int = (*z).l - (*z).c;
     |                         ----^^^^^^^
     |                         |
     |                         help: remove this `mut`

warning: variable does not need to be mutable
    --> /work/src/crates/backend/snowball/dict_snowball/src/stemmers/stem_iso_8859_1_english.rs:2036:25
     |
2036 |                     let mut ret_4: ::core::ffi::c_int = r_shortv(z);
     |                         ----^^^^^
     |                         |
     |                         help: remove this `mut`

warning: variable does not need to be mutable
    --> /work/src/crates/backend/snowball/dict_snowball/src/stemmers/stem_iso_8859_1_english.rs:2041:25
     |
2041 |                     let mut ret_5: ::core::ffi::c_int = slice_from_s(
     |                         ----^^^^^
     |                         |
     |                         help: remove this `mut`

warning: variable does not need to be mutable
    --> /work/src/crates/backend/snowball/dict_snowball/src/stemmers/stem_iso_8859_1_english.rs:2060:17
     |
2060 |             let mut ret_6: ::core::ffi::c_int = slice_del(z);
     |                 ----^^^^^
     |                 |
     |                 help: remove this `mut`

warning: value assigned to `among_var` is never read
    --> /work/src/crates/backend/snowball/dict_snowball/src/stemmers/stem_iso_8859_1_english.rs:1933:45
     |
1933 |     let mut among_var: ::core::ffi::c_int = 0;
     |                                             ^ this value is reassigned later and never used
...
1945 |     among_var = find_among_b(z, &raw const a_4 as *const among, 6 as ::core::ffi::c_int);
     |     ------------------------------------------------------------------------------------ `among_var` is overwritten here before the previous value is read

warning: variable does not need to be mutable
    --> /work/src/crates/backend/snowball/dict_snowball/src/stemmers/stem_iso_8859_1_english.rs:2069:21
     |
2069 | unsafe fn r_Step_1c(mut z: *mut SN_env) -> ::core::ffi::c_int {
     |                     ----^
     |                     |
     |                     help: remove this `mut`

warning: variable does not need to be mutable
    --> /work/src/crates/backend/snowball/dict_snowball/src/stemmers/stem_iso_8859_1_english.rs:2071:9
     |
2071 |     let mut m1: ::core::ffi::c_int = (*z).l - (*z).c;
     |         ----^^
     |         |
     |         help: remove this `mut`

warning: variable does not need to be mutable
    --> /work/src/crates/backend/snowball/dict_snowball/src/stemmers/stem_iso_8859_1_english.rs:2099:13
     |
2099 |         let mut ret: ::core::ffi::c_int = slice_from_s(
     |             ----^^^
     |             |
     |             help: remove this `mut`

warning: variable does not need to be mutable
    --> /work/src/crates/backend/snowball/dict_snowball/src/stemmers/stem_iso_8859_1_english.rs:2112:20
     |
2112 | unsafe fn r_Step_2(mut z: *mut SN_env) -> ::core::ffi::c_int {
     |                    ----^
     |                    |
     |                    help: remove this `mut`

warning: variable does not need to be mutable
    --> /work/src/crates/backend/snowball/dict_snowball/src/stemmers/stem_iso_8859_1_english.rs:2134:9
     |
2134 |     let mut ret: ::core::ffi::c_int = r_R1(z);
     |         ----^^^
     |         |
     |         help: remove this `mut`

warning: variable does not need to be mutable
    --> /work/src/crates/backend/snowball/dict_snowball/src/stemmers/stem_iso_8859_1_english.rs:2140:17
     |
2140 |             let mut ret_0: ::core::ffi::c_int = slice_from_s(
     |                 ----^^^^^
     |                 |
     |                 help: remove this `mut`

warning: variable does not need to be mutable
    --> /work/src/crates/backend/snowball/dict_snowball/src/stemmers/stem_iso_8859_1_english.rs:2150:17
     |
2150 |             let mut ret_1: ::core::ffi::c_int = slice_from_s(
     |                 ----^^^^^
     |                 |
     |                 help: remove this `mut`

warning: variable does not need to be mutable
    --> /work/src/crates/backend/snowball/dict_snowball/src/stemmers/stem_iso_8859_1_english.rs:2160:17
     |
2160 |             let mut ret_2: ::core::ffi::c_int = slice_from_s(
     |                 ----^^^^^
     |                 |
     |                 help: remove this `mut`

warning: variable does not need to be mutable
    --> /work/src/crates/backend/snowball/dict_snowball/src/stemmers/stem_iso_8859_1_english.rs:2170:17
     |
2170 |             let mut ret_3: ::core::ffi::c_int = slice_from_s(
     |                 ----^^^^^
     |                 |
     |                 help: remove this `mut`

warning: variable does not need to be mutable
    --> /work/src/crates/backend/snowball/dict_snowball/src/stemmers/stem_iso_8859_1_english.rs:2180:17
     |
2180 |             let mut ret_4: ::core::ffi::c_int = slice_from_s(
     |                 ----^^^^^
     |                 |
     |                 help: remove this `mut`

warning: variable does not need to be mutable
    --> /work/src/crates/backend/snowball/dict_snowball/src/stemmers/stem_iso_8859_1_english.rs:2190:17
     |
2190 |             let mut ret_5: ::core::ffi::c_int = slice_from_s(
     |                 ----^^^^^
     |                 |
     |                 help: remove this `mut`

warning: variable does not need to be mutable
    --> /work/src/crates/backend/snowball/dict_snowball/src/stemmers/stem_iso_8859_1_english.rs:2200:17
     |
2200 |             let mut ret_6: ::core::ffi::c_int = slice_from_s(
     |                 ----^^^^^
     |                 |
     |                 help: remove this `mut`

warning: variable does not need to be mutable
    --> /work/src/crates/backend/snowball/dict_snowball/src/stemmers/stem_iso_8859_1_english.rs:2210:17
     |
2210 |             let mut ret_7: ::core::ffi::c_int = slice_from_s(
     |                 ----^^^^^
     |                 |
     |                 help: remove this `mut`

warning: variable does not need to be mutable
    --> /work/src/crates/backend/snowball/dict_snowball/src/stemmers/stem_iso_8859_1_english.rs:2220:17
     |
2220 |             let mut ret_8: ::core::ffi::c_int = slice_from_s(
     |                 ----^^^^^
     |                 |
     |                 help: remove this `mut`

warning: variable does not need to be mutable
    --> /work/src/crates/backend/snowball/dict_snowball/src/stemmers/stem_iso_8859_1_english.rs:2230:17
     |
2230 |             let mut ret_9: ::core::ffi::c_int = slice_from_s(
     |                 ----^^^^^
     |                 |
     |                 help: remove this `mut`

warning: variable does not need to be mutable
    --> /work/src/crates/backend/snowball/dict_snowball/src/stemmers/stem_iso_8859_1_english.rs:2240:17
     |
2240 |             let mut ret_10: ::core::ffi::c_int = slice_from_s(
     |                 ----^^^^^^
     |                 |
     |                 help: remove this `mut`

warning: variable does not need to be mutable
    --> /work/src/crates/backend/snowball/dict_snowball/src/stemmers/stem_iso_8859_1_english.rs:2250:17
     |
2250 |             let mut ret_11: ::core::ffi::c_int = slice_from_s(
     |                 ----^^^^^^
     |                 |
     |                 help: remove this `mut`

warning: variable does not need to be mutable
    --> /work/src/crates/backend/snowball/dict_snowball/src/stemmers/stem_iso_8859_1_english.rs:2267:17
     |
2267 |             let mut ret_12: ::core::ffi::c_int = slice_from_s(
     |                 ----^^^^^^
     |                 |
     |                 help: remove this `mut`

warning: variable does not need to be mutable
    --> /work/src/crates/backend/snowball/dict_snowball/src/stemmers/stem_iso_8859_1_english.rs:2277:17
     |
2277 |             let mut ret_13: ::core::ffi::c_int = slice_from_s(
     |                 ----^^^^^^
     |                 |
     |                 help: remove this `mut`

warning: variable does not need to be mutable
    --> /work/src/crates/backend/snowball/dict_snowball/src/stemmers/stem_iso_8859_1_english.rs:2297:17
     |
2297 |             let mut ret_14: ::core::ffi::c_int = slice_del(z);
     |                 ----^^^^^^
     |                 |
     |                 help: remove this `mut`

warning: value assigned to `among_var` is never read
    --> /work/src/crates/backend/snowball/dict_snowball/src/stemmers/stem_iso_8859_1_english.rs:2113:45
     |
2113 |       let mut among_var: ::core::ffi::c_int = 0;
     |                                               ^ this value is reassigned later and never used
...
2125 | /     among_var = find_among_b(
2126 | |         z,
2127 | |         &raw const a_5 as *const among,
2128 | |         24 as ::core::ffi::c_int,
2129 | |     );
     | |_____- `among_var` is overwritten here before the previous value is read

warning: variable does not need to be mutable
    --> /work/src/crates/backend/snowball/dict_snowball/src/stemmers/stem_iso_8859_1_english.rs:2306:20
     |
2306 | unsafe fn r_Step_3(mut z: *mut SN_env) -> ::core::ffi::c_int {
     |                    ----^
     |                    |
     |                    help: remove this `mut`

warning: variable does not need to be mutable
    --> /work/src/crates/backend/snowball/dict_snowball/src/stemmers/stem_iso_8859_1_english.rs:2324:9
     |
2324 |     let mut ret: ::core::ffi::c_int = r_R1(z);
     |         ----^^^
     |         |
     |         help: remove this `mut`

warning: variable does not need to be mutable
    --> /work/src/crates/backend/snowball/dict_snowball/src/stemmers/stem_iso_8859_1_english.rs:2330:17
     |
2330 |             let mut ret_0: ::core::ffi::c_int = slice_from_s(
     |                 ----^^^^^
     |                 |
     |                 help: remove this `mut`

warning: variable does not need to be mutable
    --> /work/src/crates/backend/snowball/dict_snowball/src/stemmers/stem_iso_8859_1_english.rs:2340:17
     |
2340 |             let mut ret_1: ::core::ffi::c_int = slice_from_s(
     |                 ----^^^^^
     |                 |
     |                 help: remove this `mut`

warning: variable does not need to be mutable
    --> /work/src/crates/backend/snowball/dict_snowball/src/stemmers/stem_iso_8859_1_english.rs:2350:17
     |
2350 |             let mut ret_2: ::core::ffi::c_int = slice_from_s(
     |                 ----^^^^^
     |                 |
     |                 help: remove this `mut`

warning: variable does not need to be mutable
    --> /work/src/crates/backend/snowball/dict_snowball/src/stemmers/stem_iso_8859_1_english.rs:2360:17
     |
2360 |             let mut ret_3: ::core::ffi::c_int = slice_from_s(
     |                 ----^^^^^
     |                 |
     |                 help: remove this `mut`

warning: variable does not need to be mutable
    --> /work/src/crates/backend/snowball/dict_snowball/src/stemmers/stem_iso_8859_1_english.rs:2370:17
     |
2370 |             let mut ret_4: ::core::ffi::c_int = slice_del(z);
     |                 ----^^^^^
     |                 |
     |                 help: remove this `mut`

warning: variable does not need to be mutable
    --> /work/src/crates/backend/snowball/dict_snowball/src/stemmers/stem_iso_8859_1_english.rs:2376:17
     |
2376 |             let mut ret_5: ::core::ffi::c_int = r_R2(z);
     |                 ----^^^^^
     |                 |
     |                 help: remove this `mut`

warning: variable does not need to be mutable
    --> /work/src/crates/backend/snowball/dict_snowball/src/stemmers/stem_iso_8859_1_english.rs:2380:17
     |
2380 |             let mut ret_6: ::core::ffi::c_int = slice_del(z);
     |                 ----^^^^^
     |                 |
     |                 help: remove this `mut`

warning: value assigned to `among_var` is never read
    --> /work/src/crates/backend/snowball/dict_snowball/src/stemmers/stem_iso_8859_1_english.rs:2307:45
     |
2307 |     let mut among_var: ::core::ffi::c_int = 0;
     |                                             ^ this value is reassigned later and never used
...
2319 |     among_var = find_among_b(z, &raw const a_6 as *const among, 9 as ::core::ffi::c_int);
     |     ------------------------------------------------------------------------------------ `among_var` is overwritten here before the previous value is read

warning: variable does not need to be mutable
    --> /work/src/crates/backend/snowball/dict_snowball/src/stemmers/stem_iso_8859_1_english.rs:2389:20
     |
2389 | unsafe fn r_Step_4(mut z: *mut SN_env) -> ::core::ffi::c_int {
     |                    ----^
     |                    |
     |                    help: remove this `mut`

warning: variable does not need to be mutable
    --> /work/src/crates/backend/snowball/dict_snowball/src/stemmers/stem_iso_8859_1_english.rs:2411:9
     |
2411 |     let mut ret: ::core::ffi::c_int = r_R2(z);
     |         ----^^^
     |         |
     |         help: remove this `mut`

warning: variable does not need to be mutable
    --> /work/src/crates/backend/snowball/dict_snowball/src/stemmers/stem_iso_8859_1_english.rs:2417:17
     |
2417 |             let mut ret_0: ::core::ffi::c_int = slice_del(z);
     |                 ----^^^^^
     |                 |
     |                 help: remove this `mut`

warning: variable does not need to be mutable
    --> /work/src/crates/backend/snowball/dict_snowball/src/stemmers/stem_iso_8859_1_english.rs:2423:17
     |
2423 |             let mut m1: ::core::ffi::c_int = (*z).l - (*z).c;
     |                 ----^^
     |                 |
     |                 help: remove this `mut`

warning: variable does not need to be mutable
    --> /work/src/crates/backend/snowball/dict_snowball/src/stemmers/stem_iso_8859_1_english.rs:2439:17
     |
2439 |             let mut ret_1: ::core::ffi::c_int = slice_del(z);
     |                 ----^^^^^
     |                 |
     |                 help: remove this `mut`

warning: value assigned to `among_var` is never read
    --> /work/src/crates/backend/snowball/dict_snowball/src/stemmers/stem_iso_8859_1_english.rs:2390:45
     |
2390 |       let mut among_var: ::core::ffi::c_int = 0;
     |                                               ^ this value is reassigned later and never used
...
2402 | /     among_var = find_among_b(
2403 | |         z,
2404 | |         &raw const a_7 as *const among,
2405 | |         18 as ::core::ffi::c_int,
2406 | |     );
     | |_____- `among_var` is overwritten here before the previous value is read

warning: variable does not need to be mutable
    --> /work/src/crates/backend/snowball/dict_snowball/src/stemmers/stem_iso_8859_1_english.rs:2448:20
     |
2448 | unsafe fn r_Step_5(mut z: *mut SN_env) -> ::core::ffi::c_int {
     |                    ----^
     |                    |
     |                    help: remove this `mut`

warning: variable does not need to be mutable
    --> /work/src/crates/backend/snowball/dict_snowball/src/stemmers/stem_iso_8859_1_english.rs:2466:17
     |
2466 |             let mut ret: ::core::ffi::c_int = r_R2(z);
     |                 ----^^^
     |                 |
     |                 help: remove this `mut`

warning: variable does not need to be mutable
    --> /work/src/crates/backend/snowball/dict_snowball/src/stemmers/stem_iso_8859_1_english.rs:2468:21
     |
2468 |                 let mut ret_0: ::core::ffi::c_int = r_R1(z);
     |                     ----^^^^^
     |                     |
     |                     help: remove this `mut`

warning: variable does not need to be mutable
    --> /work/src/crates/backend/snowball/dict_snowball/src/stemmers/stem_iso_8859_1_english.rs:2472:21
     |
2472 |                 let mut m1: ::core::ffi::c_int = (*z).l - (*z).c;
     |                     ----^^
     |                     |
     |                     help: remove this `mut`

warning: variable does not need to be mutable
    --> /work/src/crates/backend/snowball/dict_snowball/src/stemmers/stem_iso_8859_1_english.rs:2473:21
     |
2473 |                 let mut ret_1: ::core::ffi::c_int = r_shortv(z);
     |                     ----^^^^^
     |                     |
     |                     help: remove this `mut`

warning: variable does not need to be mutable
    --> /work/src/crates/backend/snowball/dict_snowball/src/stemmers/stem_iso_8859_1_english.rs:2485:17
     |
2485 |             let mut ret_2: ::core::ffi::c_int = slice_del(z);
     |                 ----^^^^^
     |                 |
     |                 help: remove this `mut`

warning: variable does not need to be mutable
    --> /work/src/crates/backend/snowball/dict_snowball/src/stemmers/stem_iso_8859_1_english.rs:2491:17
     |
2491 |             let mut ret_3: ::core::ffi::c_int = r_R2(z);
     |                 ----^^^^^
     |                 |
     |                 help: remove this `mut`

warning: variable does not need to be mutable
    --> /work/src/crates/backend/snowball/dict_snowball/src/stemmers/stem_iso_8859_1_english.rs:2502:17
     |
2502 |             let mut ret_4: ::core::ffi::c_int = slice_del(z);
     |                 ----^^^^^
     |                 |
     |                 help: remove this `mut`

warning: value assigned to `among_var` is never read
    --> /work/src/crates/backend/snowball/dict_snowball/src/stemmers/stem_iso_8859_1_english.rs:2449:45
     |
2449 |     let mut among_var: ::core::ffi::c_int = 0;
     |                                             ^ this value is reassigned later and never used
...
2459 |     among_var = find_among_b(z, &raw const a_8 as *const among, 2 as ::core::ffi::c_int);
     |     ------------------------------------------------------------------------------------ `among_var` is overwritten here before the previous value is read

warning: variable does not need to be mutable
    --> /work/src/crates/backend/snowball/dict_snowball/src/stemmers/stem_iso_8859_1_english.rs:2511:24
     |
2511 | unsafe fn r_exception2(mut z: *mut SN_env) -> ::core::ffi::c_int {
     |                        ----^
     |                        |
     |                        help: remove this `mut`

warning: variable does not need to be mutable
    --> /work/src/crates/backend/snowball/dict_snowball/src/stemmers/stem_iso_8859_1_english.rs:2530:24
     |
2530 | unsafe fn r_exception1(mut z: *mut SN_env) -> ::core::ffi::c_int {
     |                        ----^
     |                        |
     |                        help: remove this `mut`

warning: variable does not need to be mutable
    --> /work/src/crates/backend/snowball/dict_snowball/src/stemmers/stem_iso_8859_1_english.rs:2553:17
     |
2553 |             let mut ret: ::core::ffi::c_int = slice_from_s(
     |                 ----^^^
     |                 |
     |                 help: remove this `mut`

warning: variable does not need to be mutable
    --> /work/src/crates/backend/snowball/dict_snowball/src/stemmers/stem_iso_8859_1_english.rs:2563:17
     |
2563 |             let mut ret_0: ::core::ffi::c_int = slice_from_s(
     |                 ----^^^^^
     |                 |
     |                 help: remove this `mut`

warning: variable does not need to be mutable
    --> /work/src/crates/backend/snowball/dict_snowball/src/stemmers/stem_iso_8859_1_english.rs:2573:17
     |
2573 |             let mut ret_1: ::core::ffi::c_int = slice_from_s(
     |                 ----^^^^^
     |                 |
     |                 help: remove this `mut`

warning: variable does not need to be mutable
    --> /work/src/crates/backend/snowball/dict_snowball/src/stemmers/stem_iso_8859_1_english.rs:2583:17
     |
2583 |             let mut ret_2: ::core::ffi::c_int = slice_from_s(
     |                 ----^^^^^
     |                 |
     |                 help: remove this `mut`

warning: variable does not need to be mutable
    --> /work/src/crates/backend/snowball/dict_snowball/src/stemmers/stem_iso_8859_1_english.rs:2593:17
     |
2593 |             let mut ret_3: ::core::ffi::c_int = slice_from_s(
     |                 ----^^^^^
     |                 |
     |                 help: remove this `mut`

warning: variable does not need to be mutable
    --> /work/src/crates/backend/snowball/dict_snowball/src/stemmers/stem_iso_8859_1_english.rs:2603:17
     |
2603 |             let mut ret_4: ::core::ffi::c_int = slice_from_s(
     |                 ----^^^^^
     |                 |
     |                 help: remove this `mut`

warning: variable does not need to be mutable
    --> /work/src/crates/backend/snowball/dict_snowball/src/stemmers/stem_iso_8859_1_english.rs:2613:17
     |
2613 |             let mut ret_5: ::core::ffi::c_int = slice_from_s(
     |                 ----^^^^^
     |                 |
     |                 help: remove this `mut`

warning: variable does not need to be mutable
    --> /work/src/crates/backend/snowball/dict_snowball/src/stemmers/stem_iso_8859_1_english.rs:2623:17
     |
2623 |             let mut ret_6: ::core::ffi::c_int = slice_from_s(
     |                 ----^^^^^
     |                 |
     |                 help: remove this `mut`

warning: variable does not need to be mutable
    --> /work/src/crates/backend/snowball/dict_snowball/src/stemmers/stem_iso_8859_1_english.rs:2633:17
     |
2633 |             let mut ret_7: ::core::ffi::c_int = slice_from_s(
     |                 ----^^^^^
     |                 |
     |                 help: remove this `mut`

warning: variable does not need to be mutable
    --> /work/src/crates/backend/snowball/dict_snowball/src/stemmers/stem_iso_8859_1_english.rs:2643:17
     |
2643 |             let mut ret_8: ::core::ffi::c_int = slice_from_s(
     |                 ----^^^^^
     |                 |
     |                 help: remove this `mut`

warning: variable does not need to be mutable
    --> /work/src/crates/backend/snowball/dict_snowball/src/stemmers/stem_iso_8859_1_english.rs:2653:17
     |
2653 |             let mut ret_9: ::core::ffi::c_int = slice_from_s(
     |                 ----^^^^^
     |                 |
     |                 help: remove this `mut`

warning: value assigned to `among_var` is never read
    --> /work/src/crates/backend/snowball/dict_snowball/src/stemmers/stem_iso_8859_1_english.rs:2531:45
     |
2531 |     let mut among_var: ::core::ffi::c_int = 0;
     |                                             ^ this value is reassigned later and never used
...
2543 |     among_var = find_among(z, &raw const a_10 as *const among, 18 as ::core::ffi::c_int);
     |     ------------------------------------------------------------------------------------ `among_var` is overwritten here before the previous value is read

warning: variable does not need to be mutable
    --> /work/src/crates/backend/snowball/dict_snowball/src/stemmers/stem_iso_8859_1_english.rs:2666:22
     |
2666 | unsafe fn r_postlude(mut z: *mut SN_env) -> ::core::ffi::c_int {
     |                      ----^
     |                      |
     |                      help: remove this `mut`

warning: variable does not need to be mutable
    --> /work/src/crates/backend/snowball/dict_snowball/src/stemmers/stem_iso_8859_1_english.rs:2672:13
     |
2672 |         let mut c1: ::core::ffi::c_int = (*z).c;
     |             ----^^
     |             |
     |             help: remove this `mut`

warning: variable does not need to be mutable
    --> /work/src/crates/backend/snowball/dict_snowball/src/stemmers/stem_iso_8859_1_english.rs:2674:17
     |
2674 |             let mut c2: ::core::ffi::c_int = (*z).c;
     |                 ----^^
     |                 |
     |                 help: remove this `mut`

warning: variable does not need to be mutable
    --> /work/src/crates/backend/snowball/dict_snowball/src/stemmers/stem_iso_8859_1_english.rs:2695:21
     |
2695 |                 let mut ret: ::core::ffi::c_int = slice_from_s(
     |                     ----^^^
     |                     |
     |                     help: remove this `mut`

warning: variable does not need to be mutable
    --> /work/src/crates/backend/snowball/dict_snowball/src/stemmers/stem_iso_8859_1_english.rs:2713:5
     |
2713 |     mut z: *mut SN_env,
     |     ----^
     |     |
     |     help: remove this `mut`

warning: variable does not need to be mutable
    --> /work/src/crates/backend/snowball/dict_snowball/src/stemmers/stem_iso_8859_1_english.rs:2715:9
     |
2715 |     let mut c1: ::core::ffi::c_int = (*z).c;
     |         ----^^
     |         |
     |         help: remove this `mut`

warning: variable does not need to be mutable
    --> /work/src/crates/backend/snowball/dict_snowball/src/stemmers/stem_iso_8859_1_english.rs:2716:9
     |
2716 |     let mut ret: ::core::ffi::c_int = r_exception1(z);
     |         ----^^^
     |         |
     |         help: remove this `mut`

warning: variable does not need to be mutable
    --> /work/src/crates/backend/snowball/dict_snowball/src/stemmers/stem_iso_8859_1_english.rs:2719:13
     |
2719 |         let mut c2: ::core::ffi::c_int = (*z).c;
     |             ----^^
     |             |
     |             help: remove this `mut`

warning: variable does not need to be mutable
    --> /work/src/crates/backend/snowball/dict_snowball/src/stemmers/stem_iso_8859_1_english.rs:2725:17
     |
2725 |             let mut ret_0: ::core::ffi::c_int = r_prelude(z);
     |                 ----^^^^^
     |                 |
     |                 help: remove this `mut`

warning: variable does not need to be mutable
    --> /work/src/crates/backend/snowball/dict_snowball/src/stemmers/stem_iso_8859_1_english.rs:2729:17
     |
2729 |             let mut ret_1: ::core::ffi::c_int = r_mark_regions(z);
     |                 ----^^^^^
     |                 |
     |                 help: remove this `mut`

warning: variable does not need to be mutable
    --> /work/src/crates/backend/snowball/dict_snowball/src/stemmers/stem_iso_8859_1_english.rs:2735:17
     |
2735 |             let mut m3: ::core::ffi::c_int = (*z).l - (*z).c;
     |                 ----^^
     |                 |
     |                 help: remove this `mut`

warning: variable does not need to be mutable
    --> /work/src/crates/backend/snowball/dict_snowball/src/stemmers/stem_iso_8859_1_english.rs:2736:17
     |
2736 |             let mut ret_2: ::core::ffi::c_int = r_Step_1a(z);
     |                 ----^^^^^
     |                 |
     |                 help: remove this `mut`

warning: variable does not need to be mutable
    --> /work/src/crates/backend/snowball/dict_snowball/src/stemmers/stem_iso_8859_1_english.rs:2741:17
     |
2741 |             let mut m4: ::core::ffi::c_int = (*z).l - (*z).c;
     |                 ----^^
     |                 |
     |                 help: remove this `mut`

warning: variable does not need to be mutable
    --> /work/src/crates/backend/snowball/dict_snowball/src/stemmers/stem_iso_8859_1_english.rs:2742:17
     |
2742 |             let mut ret_3: ::core::ffi::c_int = r_exception2(z);
     |                 ----^^^^^
     |                 |
     |                 help: remove this `mut`

warning: variable does not need to be mutable
    --> /work/src/crates/backend/snowball/dict_snowball/src/stemmers/stem_iso_8859_1_english.rs:2745:21
     |
2745 |                 let mut m5: ::core::ffi::c_int = (*z).l - (*z).c;
     |                     ----^^
     |                     |
     |                     help: remove this `mut`

warning: variable does not need to be mutable
    --> /work/src/crates/backend/snowball/dict_snowball/src/stemmers/stem_iso_8859_1_english.rs:2746:21
     |
2746 |                 let mut ret_4: ::core::ffi::c_int = r_Step_1b(z);
     |                     ----^^^^^
     |                     |
     |                     help: remove this `mut`

warning: variable does not need to be mutable
    --> /work/src/crates/backend/snowball/dict_snowball/src/stemmers/stem_iso_8859_1_english.rs:2751:21
     |
2751 |                 let mut m6: ::core::ffi::c_int = (*z).l - (*z).c;
     |                     ----^^
     |                     |
     |                     help: remove this `mut`

warning: variable does not need to be mutable
    --> /work/src/crates/backend/snowball/dict_snowball/src/stemmers/stem_iso_8859_1_english.rs:2752:21
     |
2752 |                 let mut ret_5: ::core::ffi::c_int = r_Step_1c(z);
     |                     ----^^^^^
     |                     |
     |                     help: remove this `mut`

warning: variable does not need to be mutable
    --> /work/src/crates/backend/snowball/dict_snowball/src/stemmers/stem_iso_8859_1_english.rs:2757:21
     |
2757 |                 let mut m7: ::core::ffi::c_int = (*z).l - (*z).c;
     |                     ----^^
     |                     |
     |                     help: remove this `mut`

warning: variable does not need to be mutable
    --> /work/src/crates/backend/snowball/dict_snowball/src/stemmers/stem_iso_8859_1_english.rs:2758:21
     |
2758 |                 let mut ret_6: ::core::ffi::c_int = r_Step_2(z);
     |                     ----^^^^^
     |                     |
     |                     help: remove this `mut`

warning: variable does not need to be mutable
    --> /work/src/crates/backend/snowball/dict_snowball/src/stemmers/stem_iso_8859_1_english.rs:2763:21
     |
2763 |                 let mut m8: ::core::ffi::c_int = (*z).l - (*z).c;
     |                     ----^^
     |                     |
     |                     help: remove this `mut`

warning: variable does not need to be mutable
    --> /work/src/crates/backend/snowball/dict_snowball/src/stemmers/stem_iso_8859_1_english.rs:2764:21
     |
2764 |                 let mut ret_7: ::core::ffi::c_int = r_Step_3(z);
     |                     ----^^^^^
     |                     |
     |                     help: remove this `mut`

warning: variable does not need to be mutable
    --> /work/src/crates/backend/snowball/dict_snowball/src/stemmers/stem_iso_8859_1_english.rs:2769:21
     |
2769 |                 let mut m9: ::core::ffi::c_int = (*z).l - (*z).c;
     |                     ----^^
     |                     |
     |                     help: remove this `mut`

warning: variable does not need to be mutable
    --> /work/src/crates/backend/snowball/dict_snowball/src/stemmers/stem_iso_8859_1_english.rs:2770:21
     |
2770 |                 let mut ret_8: ::core::ffi::c_int = r_Step_4(z);
     |                     ----^^^^^
     |                     |
     |                     help: remove this `mut`

warning: variable does not need to be mutable
    --> /work/src/crates/backend/snowball/dict_snowball/src/stemmers/stem_iso_8859_1_english.rs:2775:21
     |
2775 |                 let mut m10: ::core::ffi::c_int = (*z).l - (*z).c;
     |                     ----^^^
     |                     |
     |                     help: remove this `mut`

warning: variable does not need to be mutable
    --> /work/src/crates/backend/snowball/dict_snowball/src/stemmers/stem_iso_8859_1_english.rs:2776:21
     |
2776 |                 let mut ret_9: ::core::ffi::c_int = r_Step_5(z);
     |                     ----^^^^^
     |                     |
     |                     help: remove this `mut`

warning: variable does not need to be mutable
    --> /work/src/crates/backend/snowball/dict_snowball/src/stemmers/stem_iso_8859_1_english.rs:2785:17
     |
2785 |             let mut c11: ::core::ffi::c_int = (*z).c;
     |                 ----^^^
     |                 |
     |                 help: remove this `mut`

warning: variable does not need to be mutable
    --> /work/src/crates/backend/snowball/dict_snowball/src/stemmers/stem_iso_8859_1_english.rs:2786:17
     |
2786 |             let mut ret_10: ::core::ffi::c_int = r_postlude(z);
     |                 ----^^^^^^
     |                 |
     |                 help: remove this `mut`

warning: variable does not need to be mutable
    --> /work/src/crates/backend/snowball/dict_snowball/src/stemmers/stem_iso_8859_1_english.rs:2800:44
     |
2800 | pub unsafe fn english_ISO_8859_1_close_env(mut z: *mut SN_env) {
     |                                            ----^
     |                                            |
     |                                            help: remove this `mut`

warning: unnecessary `unsafe` block
  --> /work/src/crates/backend/snowball/dict_snowball/src/stemmers/stem_utf8_english.rs:33:30
   |
33 | static mut a_0: [among; 3] = unsafe {
   |                              ^^^^^^ unnecessary `unsafe` block

warning: unnecessary `unsafe` block
  --> /work/src/crates/backend/snowball/dict_snowball/src/stemmers/stem_utf8_english.rs:65:30
   |
65 | static mut a_1: [among; 3] = unsafe {
   |                              ^^^^^^ unnecessary `unsafe` block

warning: unnecessary `unsafe` block
   --> /work/src/crates/backend/snowball/dict_snowball/src/stemmers/stem_utf8_english.rs:109:30
    |
109 | static mut a_2: [among; 6] = unsafe {
    |                              ^^^^^^ unnecessary `unsafe` block

warning: unnecessary `unsafe` block
   --> /work/src/crates/backend/snowball/dict_snowball/src/stemmers/stem_utf8_english.rs:167:31
    |
167 | static mut a_3: [among; 13] = unsafe {
    |                               ^^^^^^ unnecessary `unsafe` block

warning: unnecessary `unsafe` block
   --> /work/src/crates/backend/snowball/dict_snowball/src/stemmers/stem_utf8_english.rs:293:30
    |
293 | static mut a_4: [among; 6] = unsafe {
    |                              ^^^^^^ unnecessary `unsafe` block

warning: unnecessary `unsafe` block
   --> /work/src/crates/backend/snowball/dict_snowball/src/stemmers/stem_utf8_english.rs:504:31
    |
504 | static mut a_5: [among; 24] = unsafe {
    |                               ^^^^^^ unnecessary `unsafe` block

warning: unnecessary `unsafe` block
   --> /work/src/crates/backend/snowball/dict_snowball/src/stemmers/stem_utf8_english.rs:738:30
    |
738 | static mut a_6: [among; 9] = unsafe {
    |                              ^^^^^^ unnecessary `unsafe` block

warning: unnecessary `unsafe` block
   --> /work/src/crates/backend/snowball/dict_snowball/src/stemmers/stem_utf8_english.rs:890:31
    |
890 | static mut a_7: [among; 18] = unsafe {
    |                               ^^^^^^ unnecessary `unsafe` block

warning: unnecessary `unsafe` block
    --> /work/src/crates/backend/snowball/dict_snowball/src/stemmers/stem_utf8_english.rs:1022:30
     |
1022 | static mut a_8: [among; 2] = unsafe {
     |                              ^^^^^^ unnecessary `unsafe` block

warning: unnecessary `unsafe` block
    --> /work/src/crates/backend/snowball/dict_snowball/src/stemmers/stem_utf8_english.rs:1109:30
     |
1109 | static mut a_9: [among; 8] = unsafe {
     |                              ^^^^^^ unnecessary `unsafe` block

warning: unnecessary `unsafe` block
    --> /work/src/crates/backend/snowball/dict_snowball/src/stemmers/stem_utf8_english.rs:1289:32
     |
1289 | static mut a_10: [among; 18] = unsafe {
     |                                ^^^^^^ unnecessary `unsafe` block

warning: variable does not need to be mutable
    --> /work/src/crates/backend/snowball/dict_snowball/src/stemmers/stem_utf8_english.rs:1594:21
     |
1594 | unsafe fn r_prelude(mut z: *mut SN_env) -> ::core::ffi::c_int {
     |                     ----^
     |                     |
     |                     help: remove this `mut`

warning: variable does not need to be mutable
    --> /work/src/crates/backend/snowball/dict_snowball/src/stemmers/stem_utf8_english.rs:1597:9
     |
1597 |     let mut c1: ::core::ffi::c_int = (*z).c;
     |         ----^^
     |         |
     |         help: remove this `mut`

warning: variable does not need to be mutable
    --> /work/src/crates/backend/snowball/dict_snowball/src/stemmers/stem_utf8_english.rs:1604:13
     |
1604 |         let mut ret: ::core::ffi::c_int = slice_del(z);
     |             ----^^^
     |             |
     |             help: remove this `mut`

warning: variable does not need to be mutable
    --> /work/src/crates/backend/snowball/dict_snowball/src/stemmers/stem_utf8_english.rs:1610:9
     |
1610 |     let mut c2: ::core::ffi::c_int = (*z).c;
     |         ----^^
     |         |
     |         help: remove this `mut`

warning: variable does not need to be mutable
    --> /work/src/crates/backend/snowball/dict_snowball/src/stemmers/stem_utf8_english.rs:1617:13
     |
1617 |         let mut ret_0: ::core::ffi::c_int = slice_from_s(
     |             ----^^^^^
     |             |
     |             help: remove this `mut`

warning: variable does not need to be mutable
    --> /work/src/crates/backend/snowball/dict_snowball/src/stemmers/stem_utf8_english.rs:1628:9
     |
1628 |     let mut c3: ::core::ffi::c_int = (*z).c;
     |         ----^^
     |         |
     |         help: remove this `mut`

warning: variable does not need to be mutable
    --> /work/src/crates/backend/snowball/dict_snowball/src/stemmers/stem_utf8_english.rs:1630:13
     |
1630 |         let mut c4: ::core::ffi::c_int = (*z).c;
     |             ----^^
     |             |
     |             help: remove this `mut`

warning: variable does not need to be mutable
    --> /work/src/crates/backend/snowball/dict_snowball/src/stemmers/stem_utf8_english.rs:1632:17
     |
1632 |             let mut c5: ::core::ffi::c_int = (*z).c;
     |                 ----^^
     |                 |
     |                 help: remove this `mut`

warning: variable does not need to be mutable
    --> /work/src/crates/backend/snowball/dict_snowball/src/stemmers/stem_utf8_english.rs:1654:17
     |
1654 |             let mut ret_1: ::core::ffi::c_int = skip_utf8(
     |                 ----^^^^^
     |                 |
     |                 help: remove this `mut`

warning: variable does not need to be mutable
    --> /work/src/crates/backend/snowball/dict_snowball/src/stemmers/stem_utf8_english.rs:1672:21
     |
1672 |                 let mut ret_2: ::core::ffi::c_int = slice_from_s(
     |                     ----^^^^^
     |                     |
     |                     help: remove this `mut`

warning: variable does not need to be mutable
    --> /work/src/crates/backend/snowball/dict_snowball/src/stemmers/stem_utf8_english.rs:1688:26
     |
1688 | unsafe fn r_mark_regions(mut z: *mut SN_env) -> ::core::ffi::c_int {
     |                          ----^
     |                          |
     |                          help: remove this `mut`

warning: variable does not need to be mutable
    --> /work/src/crates/backend/snowball/dict_snowball/src/stemmers/stem_utf8_english.rs:1692:9
     |
1692 |     let mut c1: ::core::ffi::c_int = (*z).c;
     |         ----^^
     |         |
     |         help: remove this `mut`

warning: variable does not need to be mutable
    --> /work/src/crates/backend/snowball/dict_snowball/src/stemmers/stem_utf8_english.rs:1693:9
     |
1693 |     let mut c2: ::core::ffi::c_int = (*z).c;
     |         ----^^
     |         |
     |         help: remove this `mut`

warning: variable does not need to be mutable
    --> /work/src/crates/backend/snowball/dict_snowball/src/stemmers/stem_utf8_english.rs:1712:17
     |
1712 |             let mut ret: ::core::ffi::c_int = out_grouping_U(
     |                 ----^^^
     |                 |
     |                 help: remove this `mut`

warning: variable does not need to be mutable
    --> /work/src/crates/backend/snowball/dict_snowball/src/stemmers/stem_utf8_english.rs:1723:21
     |
1723 |                 let mut ret_0: ::core::ffi::c_int = in_grouping_U(
     |                     ----^^^^^
     |                     |
     |                     help: remove this `mut`

warning: variable does not need to be mutable
    --> /work/src/crates/backend/snowball/dict_snowball/src/stemmers/stem_utf8_english.rs:1743:17
     |
1743 |             let mut ret_1: ::core::ffi::c_int = out_grouping_U(
     |                 ----^^^^^
     |                 |
     |                 help: remove this `mut`

warning: variable does not need to be mutable
    --> /work/src/crates/backend/snowball/dict_snowball/src/stemmers/stem_utf8_english.rs:1752:21
     |
1752 |                 let mut ret_2: ::core::ffi::c_int = in_grouping_U(
     |                     ----^^^^^
     |                     |
     |                     help: remove this `mut`

warning: variable does not need to be mutable
    --> /work/src/crates/backend/snowball/dict_snowball/src/stemmers/stem_utf8_english.rs:1770:20
     |
1770 | unsafe fn r_shortv(mut z: *mut SN_env) -> ::core::ffi::c_int {
     |                    ----^
     |                    |
     |                    help: remove this `mut`

warning: variable does not need to be mutable
    --> /work/src/crates/backend/snowball/dict_snowball/src/stemmers/stem_utf8_english.rs:1771:9
     |
1771 |     let mut current_block: u64;
     |         ----^^^^^^^^^^^^^
     |         |
     |         help: remove this `mut`

warning: variable does not need to be mutable
    --> /work/src/crates/backend/snowball/dict_snowball/src/stemmers/stem_utf8_english.rs:1772:9
     |
1772 |     let mut m1: ::core::ffi::c_int = (*z).l - (*z).c;
     |         ----^^
     |         |
     |         help: remove this `mut`

warning: variable does not need to be mutable
    --> /work/src/crates/backend/snowball/dict_snowball/src/stemmers/stem_utf8_english.rs:1834:16
     |
1834 | unsafe fn r_R1(mut z: *mut SN_env) -> ::core::ffi::c_int {
     |                ----^
     |                |
     |                help: remove this `mut`

warning: variable does not need to be mutable
    --> /work/src/crates/backend/snowball/dict_snowball/src/stemmers/stem_utf8_english.rs:1838:16
     |
1838 | unsafe fn r_R2(mut z: *mut SN_env) -> ::core::ffi::c_int {
     |                ----^
     |                |
     |                help: remove this `mut`

warning: variable does not need to be mutable
    --> /work/src/crates/backend/snowball/dict_snowball/src/stemmers/stem_utf8_english.rs:1842:21
     |
1842 | unsafe fn r_Step_1a(mut z: *mut SN_env) -> ::core::ffi::c_int {
     |                     ----^
     |                     |
     |                     help: remove this `mut`

warning: variable does not need to be mutable
    --> /work/src/crates/backend/snowball/dict_snowball/src/stemmers/stem_utf8_english.rs:1844:9
     |
1844 |     let mut m1: ::core::ffi::c_int = (*z).l - (*z).c;
     |         ----^^
     |         |
     |         help: remove this `mut`

warning: variable does not need to be mutable
    --> /work/src/crates/backend/snowball/dict_snowball/src/stemmers/stem_utf8_english.rs:1859:13
     |
1859 |         let mut ret: ::core::ffi::c_int = slice_del(z);
     |             ----^^^
     |             |
     |             help: remove this `mut`

warning: variable does not need to be mutable
    --> /work/src/crates/backend/snowball/dict_snowball/src/stemmers/stem_utf8_english.rs:1880:17
     |
1880 |             let mut ret_0: ::core::ffi::c_int = slice_from_s(
     |                 ----^^^^^
     |                 |
     |                 help: remove this `mut`

warning: variable does not need to be mutable
    --> /work/src/crates/backend/snowball/dict_snowball/src/stemmers/stem_utf8_english.rs:1890:17
     |
1890 |             let mut m2: ::core::ffi::c_int = (*z).l - (*z).c;
     |                 ----^^
     |                 |
     |                 help: remove this `mut`

warning: variable does not need to be mutable
    --> /work/src/crates/backend/snowball/dict_snowball/src/stemmers/stem_utf8_english.rs:1891:17
     |
1891 |             let mut ret_1: ::core::ffi::c_int = skip_b_utf8(
     |                 ----^^^^^
     |                 |
     |                 help: remove this `mut`

warning: variable does not need to be mutable
    --> /work/src/crates/backend/snowball/dict_snowball/src/stemmers/stem_utf8_english.rs:1899:21
     |
1899 |                 let mut ret_3: ::core::ffi::c_int = slice_from_s(
     |                     ----^^^^^
     |                     |
     |                     help: remove this `mut`

warning: variable does not need to be mutable
    --> /work/src/crates/backend/snowball/dict_snowball/src/stemmers/stem_utf8_english.rs:1909:21
     |
1909 |                 let mut ret_2: ::core::ffi::c_int = slice_from_s(
     |                     ----^^^^^
     |                     |
     |                     help: remove this `mut`

warning: variable does not need to be mutable
    --> /work/src/crates/backend/snowball/dict_snowball/src/stemmers/stem_utf8_english.rs:1920:17
     |
1920 |             let mut ret_4: ::core::ffi::c_int = skip_b_utf8(
     |                 ----^^^^^
     |                 |
     |                 help: remove this `mut`

warning: variable does not need to be mutable
    --> /work/src/crates/backend/snowball/dict_snowball/src/stemmers/stem_utf8_english.rs:1930:17
     |
1930 |             let mut ret_5: ::core::ffi::c_int = out_grouping_b_U(
     |                 ----^^^^^
     |                 |
     |                 help: remove this `mut`

warning: variable does not need to be mutable
    --> /work/src/crates/backend/snowball/dict_snowball/src/stemmers/stem_utf8_english.rs:1941:17
     |
1941 |             let mut ret_6: ::core::ffi::c_int = slice_del(z);
     |                 ----^^^^^
     |                 |
     |                 help: remove this `mut`

warning: value assigned to `among_var` is never read
    --> /work/src/crates/backend/snowball/dict_snowball/src/stemmers/stem_utf8_english.rs:1843:45
     |
1843 |     let mut among_var: ::core::ffi::c_int = 0;
     |                                             ^ this value is reassigned later and never used
...
1873 |     among_var = find_among_b(z, &raw const a_2 as *const among, 6 as ::core::ffi::c_int);
     |     ------------------------------------------------------------------------------------ `among_var` is overwritten here before the previous value is read

warning: variable does not need to be mutable
    --> /work/src/crates/backend/snowball/dict_snowball/src/stemmers/stem_utf8_english.rs:1950:21
     |
1950 | unsafe fn r_Step_1b(mut z: *mut SN_env) -> ::core::ffi::c_int {
     |                     ----^
     |                     |
     |                     help: remove this `mut`

warning: variable does not need to be mutable
    --> /work/src/crates/backend/snowball/dict_snowball/src/stemmers/stem_utf8_english.rs:1970:17
     |
1970 |             let mut ret: ::core::ffi::c_int = r_R1(z);
     |                 ----^^^
     |                 |
     |                 help: remove this `mut`

warning: variable does not need to be mutable
    --> /work/src/crates/backend/snowball/dict_snowball/src/stemmers/stem_utf8_english.rs:1974:17
     |
1974 |             let mut ret_0: ::core::ffi::c_int = slice_from_s(
     |                 ----^^^^^
     |                 |
     |                 help: remove this `mut`

warning: variable does not need to be mutable
    --> /work/src/crates/backend/snowball/dict_snowball/src/stemmers/stem_utf8_english.rs:1984:17
     |
1984 |             let mut m_test1: ::core::ffi::c_int = (*z).l - (*z).c;
     |                 ----^^^^^^^
     |                 |
     |                 help: remove this `mut`

warning: variable does not need to be mutable
    --> /work/src/crates/backend/snowball/dict_snowball/src/stemmers/stem_utf8_english.rs:1985:17
     |
1985 |             let mut ret_1: ::core::ffi::c_int = out_grouping_b_U(
     |                 ----^^^^^
     |                 |
     |                 help: remove this `mut`

warning: variable does not need to be mutable
    --> /work/src/crates/backend/snowball/dict_snowball/src/stemmers/stem_utf8_english.rs:1997:17
     |
1997 |             let mut ret_2: ::core::ffi::c_int = slice_del(z);
     |                 ----^^^^^
     |                 |
     |                 help: remove this `mut`

warning: variable does not need to be mutable
    --> /work/src/crates/backend/snowball/dict_snowball/src/stemmers/stem_utf8_english.rs:2003:17
     |
2003 |             let mut m_test2: ::core::ffi::c_int = (*z).l - (*z).c;
     |                 ----^^^^^^^
     |                 |
     |                 help: remove this `mut`

warning: variable does not need to be mutable
    --> /work/src/crates/backend/snowball/dict_snowball/src/stemmers/stem_utf8_english.rs:2023:25
     |
2023 |                     let mut ret_3: ::core::ffi::c_int = slice_from_s(
     |                         ----^^^^^
     |                         |
     |                         help: remove this `mut`

warning: variable does not need to be mutable
    --> /work/src/crates/backend/snowball/dict_snowball/src/stemmers/stem_utf8_english.rs:2034:25
     |
2034 |                     let mut m3: ::core::ffi::c_int = (*z).l - (*z).c;
     |                         ----^^
     |                         |
     |                         help: remove this `mut`

warning: variable does not need to be mutable
    --> /work/src/crates/backend/snowball/dict_snowball/src/stemmers/stem_utf8_english.rs:2053:25
     |
2053 |                     let mut m_test4: ::core::ffi::c_int = (*z).l - (*z).c;
     |                         ----^^^^^^^
     |                         |
     |                         help: remove this `mut`

warning: variable does not need to be mutable
    --> /work/src/crates/backend/snowball/dict_snowball/src/stemmers/stem_utf8_english.rs:2054:25
     |
2054 |                     let mut ret_4: ::core::ffi::c_int = r_shortv(z);
     |                         ----^^^^^
     |                         |
     |                         help: remove this `mut`

warning: variable does not need to be mutable
    --> /work/src/crates/backend/snowball/dict_snowball/src/stemmers/stem_utf8_english.rs:2059:25
     |
2059 |                     let mut ret_5: ::core::ffi::c_int = slice_from_s(
     |                         ----^^^^^
     |                         |
     |                         help: remove this `mut`

warning: variable does not need to be mutable
    --> /work/src/crates/backend/snowball/dict_snowball/src/stemmers/stem_utf8_english.rs:2073:17
     |
2073 |             let mut ret_6: ::core::ffi::c_int = skip_b_utf8(
     |                 ----^^^^^
     |                 |
     |                 help: remove this `mut`

warning: variable does not need to be mutable
    --> /work/src/crates/backend/snowball/dict_snowball/src/stemmers/stem_utf8_english.rs:2084:17
     |
2084 |             let mut ret_7: ::core::ffi::c_int = slice_del(z);
     |                 ----^^^^^
     |                 |
     |                 help: remove this `mut`

warning: value assigned to `among_var` is never read
    --> /work/src/crates/backend/snowball/dict_snowball/src/stemmers/stem_utf8_english.rs:1951:45
     |
1951 |     let mut among_var: ::core::ffi::c_int = 0;
     |                                             ^ this value is reassigned later and never used
...
1963 |     among_var = find_among_b(z, &raw const a_4 as *const among, 6 as ::core::ffi::c_int);
     |     ------------------------------------------------------------------------------------ `among_var` is overwritten here before the previous value is read

warning: variable does not need to be mutable
    --> /work/src/crates/backend/snowball/dict_snowball/src/stemmers/stem_utf8_english.rs:2093:21
     |
2093 | unsafe fn r_Step_1c(mut z: *mut SN_env) -> ::core::ffi::c_int {
     |                     ----^
     |                     |
     |                     help: remove this `mut`

warning: variable does not need to be mutable
    --> /work/src/crates/backend/snowball/dict_snowball/src/stemmers/stem_utf8_english.rs:2095:9
     |
2095 |     let mut m1: ::core::ffi::c_int = (*z).l - (*z).c;
     |         ----^^
     |         |
     |         help: remove this `mut`

warning: variable does not need to be mutable
    --> /work/src/crates/backend/snowball/dict_snowball/src/stemmers/stem_utf8_english.rs:2123:13
     |
2123 |         let mut ret: ::core::ffi::c_int = slice_from_s(
     |             ----^^^
     |             |
     |             help: remove this `mut`

warning: variable does not need to be mutable
    --> /work/src/crates/backend/snowball/dict_snowball/src/stemmers/stem_utf8_english.rs:2136:20
     |
2136 | unsafe fn r_Step_2(mut z: *mut SN_env) -> ::core::ffi::c_int {
     |                    ----^
     |                    |
     |                    help: remove this `mut`

warning: variable does not need to be mutable
    --> /work/src/crates/backend/snowball/dict_snowball/src/stemmers/stem_utf8_english.rs:2158:9
     |
2158 |     let mut ret: ::core::ffi::c_int = r_R1(z);
     |         ----^^^
     |         |
     |         help: remove this `mut`

warning: variable does not need to be mutable
    --> /work/src/crates/backend/snowball/dict_snowball/src/stemmers/stem_utf8_english.rs:2164:17
     |
2164 |             let mut ret_0: ::core::ffi::c_int = slice_from_s(
     |                 ----^^^^^
     |                 |
     |                 help: remove this `mut`

warning: variable does not need to be mutable
    --> /work/src/crates/backend/snowball/dict_snowball/src/stemmers/stem_utf8_english.rs:2174:17
     |
2174 |             let mut ret_1: ::core::ffi::c_int = slice_from_s(
     |                 ----^^^^^
     |                 |
     |                 help: remove this `mut`

warning: variable does not need to be mutable
    --> /work/src/crates/backend/snowball/dict_snowball/src/stemmers/stem_utf8_english.rs:2184:17
     |
2184 |             let mut ret_2: ::core::ffi::c_int = slice_from_s(
     |                 ----^^^^^
     |                 |
     |                 help: remove this `mut`

warning: variable does not need to be mutable
    --> /work/src/crates/backend/snowball/dict_snowball/src/stemmers/stem_utf8_english.rs:2194:17
     |
2194 |             let mut ret_3: ::core::ffi::c_int = slice_from_s(
     |                 ----^^^^^
     |                 |
     |                 help: remove this `mut`

warning: variable does not need to be mutable
    --> /work/src/crates/backend/snowball/dict_snowball/src/stemmers/stem_utf8_english.rs:2204:17
     |
2204 |             let mut ret_4: ::core::ffi::c_int = slice_from_s(
     |                 ----^^^^^
     |                 |
     |                 help: remove this `mut`

warning: variable does not need to be mutable
    --> /work/src/crates/backend/snowball/dict_snowball/src/stemmers/stem_utf8_english.rs:2214:17
     |
2214 |             let mut ret_5: ::core::ffi::c_int = slice_from_s(
     |                 ----^^^^^
     |                 |
     |                 help: remove this `mut`

warning: variable does not need to be mutable
    --> /work/src/crates/backend/snowball/dict_snowball/src/stemmers/stem_utf8_english.rs:2224:17
     |
2224 |             let mut ret_6: ::core::ffi::c_int = slice_from_s(
     |                 ----^^^^^
     |                 |
     |                 help: remove this `mut`

warning: variable does not need to be mutable
    --> /work/src/crates/backend/snowball/dict_snowball/src/stemmers/stem_utf8_english.rs:2234:17
     |
2234 |             let mut ret_7: ::core::ffi::c_int = slice_from_s(
     |                 ----^^^^^
     |                 |
     |                 help: remove this `mut`

warning: variable does not need to be mutable
    --> /work/src/crates/backend/snowball/dict_snowball/src/stemmers/stem_utf8_english.rs:2244:17
     |
2244 |             let mut ret_8: ::core::ffi::c_int = slice_from_s(
     |                 ----^^^^^
     |                 |
     |                 help: remove this `mut`

warning: variable does not need to be mutable
    --> /work/src/crates/backend/snowball/dict_snowball/src/stemmers/stem_utf8_english.rs:2254:17
     |
2254 |             let mut ret_9: ::core::ffi::c_int = slice_from_s(
     |                 ----^^^^^
     |                 |
     |                 help: remove this `mut`

warning: variable does not need to be mutable
    --> /work/src/crates/backend/snowball/dict_snowball/src/stemmers/stem_utf8_english.rs:2264:17
     |
2264 |             let mut ret_10: ::core::ffi::c_int = slice_from_s(
     |                 ----^^^^^^
     |                 |
     |                 help: remove this `mut`

warning: variable does not need to be mutable
    --> /work/src/crates/backend/snowball/dict_snowball/src/stemmers/stem_utf8_english.rs:2274:17
     |
2274 |             let mut ret_11: ::core::ffi::c_int = slice_from_s(
     |                 ----^^^^^^
     |                 |
     |                 help: remove this `mut`

warning: variable does not need to be mutable
    --> /work/src/crates/backend/snowball/dict_snowball/src/stemmers/stem_utf8_english.rs:2291:17
     |
2291 |             let mut ret_12: ::core::ffi::c_int = slice_from_s(
     |                 ----^^^^^^
     |                 |
     |                 help: remove this `mut`

warning: variable does not need to be mutable
    --> /work/src/crates/backend/snowball/dict_snowball/src/stemmers/stem_utf8_english.rs:2301:17
     |
2301 |             let mut ret_13: ::core::ffi::c_int = slice_from_s(
     |                 ----^^^^^^
     |                 |
     |                 help: remove this `mut`

warning: variable does not need to be mutable
    --> /work/src/crates/backend/snowball/dict_snowball/src/stemmers/stem_utf8_english.rs:2321:17
     |
2321 |             let mut ret_14: ::core::ffi::c_int = slice_del(z);
     |                 ----^^^^^^
     |                 |
     |                 help: remove this `mut`

warning: value assigned to `among_var` is never read
    --> /work/src/crates/backend/snowball/dict_snowball/src/stemmers/stem_utf8_english.rs:2137:45
     |
2137 |       let mut among_var: ::core::ffi::c_int = 0;
     |                                               ^ this value is reassigned later and never used
...
2149 | /     among_var = find_among_b(
2150 | |         z,
2151 | |         &raw const a_5 as *const among,
2152 | |         24 as ::core::ffi::c_int,
2153 | |     );
     | |_____- `among_var` is overwritten here before the previous value is read

warning: variable does not need to be mutable
    --> /work/src/crates/backend/snowball/dict_snowball/src/stemmers/stem_utf8_english.rs:2330:20
     |
2330 | unsafe fn r_Step_3(mut z: *mut SN_env) -> ::core::ffi::c_int {
     |                    ----^
     |                    |
     |                    help: remove this `mut`

warning: variable does not need to be mutable
    --> /work/src/crates/backend/snowball/dict_snowball/src/stemmers/stem_utf8_english.rs:2348:9
     |
2348 |     let mut ret: ::core::ffi::c_int = r_R1(z);
     |         ----^^^
     |         |
     |         help: remove this `mut`

warning: variable does not need to be mutable
    --> /work/src/crates/backend/snowball/dict_snowball/src/stemmers/stem_utf8_english.rs:2354:17
     |
2354 |             let mut ret_0: ::core::ffi::c_int = slice_from_s(
     |                 ----^^^^^
     |                 |
     |                 help: remove this `mut`

warning: variable does not need to be mutable
    --> /work/src/crates/backend/snowball/dict_snowball/src/stemmers/stem_utf8_english.rs:2364:17
     |
2364 |             let mut ret_1: ::core::ffi::c_int = slice_from_s(
     |                 ----^^^^^
     |                 |
     |                 help: remove this `mut`

warning: variable does not need to be mutable
    --> /work/src/crates/backend/snowball/dict_snowball/src/stemmers/stem_utf8_english.rs:2374:17
     |
2374 |             let mut ret_2: ::core::ffi::c_int = slice_from_s(
     |                 ----^^^^^
     |                 |
     |                 help: remove this `mut`

warning: variable does not need to be mutable
    --> /work/src/crates/backend/snowball/dict_snowball/src/stemmers/stem_utf8_english.rs:2384:17
     |
2384 |             let mut ret_3: ::core::ffi::c_int = slice_from_s(
     |                 ----^^^^^
     |                 |
     |                 help: remove this `mut`

warning: variable does not need to be mutable
    --> /work/src/crates/backend/snowball/dict_snowball/src/stemmers/stem_utf8_english.rs:2394:17
     |
2394 |             let mut ret_4: ::core::ffi::c_int = slice_del(z);
     |                 ----^^^^^
     |                 |
     |                 help: remove this `mut`

warning: variable does not need to be mutable
    --> /work/src/crates/backend/snowball/dict_snowball/src/stemmers/stem_utf8_english.rs:2400:17
     |
2400 |             let mut ret_5: ::core::ffi::c_int = r_R2(z);
     |                 ----^^^^^
     |                 |
     |                 help: remove this `mut`

warning: variable does not need to be mutable
    --> /work/src/crates/backend/snowball/dict_snowball/src/stemmers/stem_utf8_english.rs:2404:17
     |
2404 |             let mut ret_6: ::core::ffi::c_int = slice_del(z);
     |                 ----^^^^^
     |                 |
     |                 help: remove this `mut`

warning: value assigned to `among_var` is never read
    --> /work/src/crates/backend/snowball/dict_snowball/src/stemmers/stem_utf8_english.rs:2331:45
     |
2331 |     let mut among_var: ::core::ffi::c_int = 0;
     |                                             ^ this value is reassigned later and never used
...
2343 |     among_var = find_among_b(z, &raw const a_6 as *const among, 9 as ::core::ffi::c_int);
     |     ------------------------------------------------------------------------------------ `among_var` is overwritten here before the previous value is read

warning: variable does not need to be mutable
    --> /work/src/crates/backend/snowball/dict_snowball/src/stemmers/stem_utf8_english.rs:2413:20
     |
2413 | unsafe fn r_Step_4(mut z: *mut SN_env) -> ::core::ffi::c_int {
     |                    ----^
     |                    |
     |                    help: remove this `mut`

warning: variable does not need to be mutable
    --> /work/src/crates/backend/snowball/dict_snowball/src/stemmers/stem_utf8_english.rs:2435:9
     |
2435 |     let mut ret: ::core::ffi::c_int = r_R2(z);
     |         ----^^^
     |         |
     |         help: remove this `mut`

warning: variable does not need to be mutable
    --> /work/src/crates/backend/snowball/dict_snowball/src/stemmers/stem_utf8_english.rs:2441:17
     |
2441 |             let mut ret_0: ::core::ffi::c_int = slice_del(z);
     |                 ----^^^^^
     |                 |
     |                 help: remove this `mut`

warning: variable does not need to be mutable
    --> /work/src/crates/backend/snowball/dict_snowball/src/stemmers/stem_utf8_english.rs:2447:17
     |
2447 |             let mut m1: ::core::ffi::c_int = (*z).l - (*z).c;
     |                 ----^^
     |                 |
     |                 help: remove this `mut`

warning: variable does not need to be mutable
    --> /work/src/crates/backend/snowball/dict_snowball/src/stemmers/stem_utf8_english.rs:2463:17
     |
2463 |             let mut ret_1: ::core::ffi::c_int = slice_del(z);
     |                 ----^^^^^
     |                 |
     |                 help: remove this `mut`

warning: value assigned to `among_var` is never read
    --> /work/src/crates/backend/snowball/dict_snowball/src/stemmers/stem_utf8_english.rs:2414:45
     |
2414 |       let mut among_var: ::core::ffi::c_int = 0;
     |                                               ^ this value is reassigned later and never used
...
2426 | /     among_var = find_among_b(
2427 | |         z,
2428 | |         &raw const a_7 as *const among,
2429 | |         18 as ::core::ffi::c_int,
2430 | |     );
     | |_____- `among_var` is overwritten here before the previous value is read

warning: variable does not need to be mutable
    --> /work/src/crates/backend/snowball/dict_snowball/src/stemmers/stem_utf8_english.rs:2472:20
     |
2472 | unsafe fn r_Step_5(mut z: *mut SN_env) -> ::core::ffi::c_int {
     |                    ----^
     |                    |
     |                    help: remove this `mut`

warning: variable does not need to be mutable
    --> /work/src/crates/backend/snowball/dict_snowball/src/stemmers/stem_utf8_english.rs:2490:17
     |
2490 |             let mut ret: ::core::ffi::c_int = r_R2(z);
     |                 ----^^^
     |                 |
     |                 help: remove this `mut`

warning: variable does not need to be mutable
    --> /work/src/crates/backend/snowball/dict_snowball/src/stemmers/stem_utf8_english.rs:2492:21
     |
2492 |                 let mut ret_0: ::core::ffi::c_int = r_R1(z);
     |                     ----^^^^^
     |                     |
     |                     help: remove this `mut`

warning: variable does not need to be mutable
    --> /work/src/crates/backend/snowball/dict_snowball/src/stemmers/stem_utf8_english.rs:2496:21
     |
2496 |                 let mut m1: ::core::ffi::c_int = (*z).l - (*z).c;
     |                     ----^^
     |                     |
     |                     help: remove this `mut`

warning: variable does not need to be mutable
    --> /work/src/crates/backend/snowball/dict_snowball/src/stemmers/stem_utf8_english.rs:2497:21
     |
2497 |                 let mut ret_1: ::core::ffi::c_int = r_shortv(z);
     |                     ----^^^^^
     |                     |
     |                     help: remove this `mut`

warning: variable does not need to be mutable
    --> /work/src/crates/backend/snowball/dict_snowball/src/stemmers/stem_utf8_english.rs:2509:17
     |
2509 |             let mut ret_2: ::core::ffi::c_int = slice_del(z);
     |                 ----^^^^^
     |                 |
     |                 help: remove this `mut`

warning: variable does not need to be mutable
    --> /work/src/crates/backend/snowball/dict_snowball/src/stemmers/stem_utf8_english.rs:2515:17
     |
2515 |             let mut ret_3: ::core::ffi::c_int = r_R2(z);
     |                 ----^^^^^
     |                 |
     |                 help: remove this `mut`

warning: variable does not need to be mutable
    --> /work/src/crates/backend/snowball/dict_snowball/src/stemmers/stem_utf8_english.rs:2526:17
     |
2526 |             let mut ret_4: ::core::ffi::c_int = slice_del(z);
     |                 ----^^^^^
     |                 |
     |                 help: remove this `mut`

warning: value assigned to `among_var` is never read
    --> /work/src/crates/backend/snowball/dict_snowball/src/stemmers/stem_utf8_english.rs:2473:45
     |
2473 |     let mut among_var: ::core::ffi::c_int = 0;
     |                                             ^ this value is reassigned later and never used
...
2483 |     among_var = find_among_b(z, &raw const a_8 as *const among, 2 as ::core::ffi::c_int);
     |     ------------------------------------------------------------------------------------ `among_var` is overwritten here before the previous value is read

warning: variable does not need to be mutable
    --> /work/src/crates/backend/snowball/dict_snowball/src/stemmers/stem_utf8_english.rs:2535:24
     |
2535 | unsafe fn r_exception2(mut z: *mut SN_env) -> ::core::ffi::c_int {
     |                        ----^
     |                        |
     |                        help: remove this `mut`

warning: variable does not need to be mutable
    --> /work/src/crates/backend/snowball/dict_snowball/src/stemmers/stem_utf8_english.rs:2554:24
     |
2554 | unsafe fn r_exception1(mut z: *mut SN_env) -> ::core::ffi::c_int {
     |                        ----^
     |                        |
     |                        help: remove this `mut`

warning: variable does not need to be mutable
    --> /work/src/crates/backend/snowball/dict_snowball/src/stemmers/stem_utf8_english.rs:2577:17
     |
2577 |             let mut ret: ::core::ffi::c_int = slice_from_s(
     |                 ----^^^
     |                 |
     |                 help: remove this `mut`

warning: variable does not need to be mutable
    --> /work/src/crates/backend/snowball/dict_snowball/src/stemmers/stem_utf8_english.rs:2587:17
     |
2587 |             let mut ret_0: ::core::ffi::c_int = slice_from_s(
     |                 ----^^^^^
     |                 |
     |                 help: remove this `mut`

warning: variable does not need to be mutable
    --> /work/src/crates/backend/snowball/dict_snowball/src/stemmers/stem_utf8_english.rs:2597:17
     |
2597 |             let mut ret_1: ::core::ffi::c_int = slice_from_s(
     |                 ----^^^^^
     |                 |
     |                 help: remove this `mut`

warning: variable does not need to be mutable
    --> /work/src/crates/backend/snowball/dict_snowball/src/stemmers/stem_utf8_english.rs:2607:17
     |
2607 |             let mut ret_2: ::core::ffi::c_int = slice_from_s(
     |                 ----^^^^^
     |                 |
     |                 help: remove this `mut`

warning: variable does not need to be mutable
    --> /work/src/crates/backend/snowball/dict_snowball/src/stemmers/stem_utf8_english.rs:2617:17
     |
2617 |             let mut ret_3: ::core::ffi::c_int = slice_from_s(
     |                 ----^^^^^
     |                 |
     |                 help: remove this `mut`

warning: variable does not need to be mutable
    --> /work/src/crates/backend/snowball/dict_snowball/src/stemmers/stem_utf8_english.rs:2627:17
     |
2627 |             let mut ret_4: ::core::ffi::c_int = slice_from_s(
     |                 ----^^^^^
     |                 |
     |                 help: remove this `mut`

warning: variable does not need to be mutable
    --> /work/src/crates/backend/snowball/dict_snowball/src/stemmers/stem_utf8_english.rs:2637:17
     |
2637 |             let mut ret_5: ::core::ffi::c_int = slice_from_s(
     |                 ----^^^^^
     |                 |
     |                 help: remove this `mut`

warning: variable does not need to be mutable
    --> /work/src/crates/backend/snowball/dict_snowball/src/stemmers/stem_utf8_english.rs:2647:17
     |
2647 |             let mut ret_6: ::core::ffi::c_int = slice_from_s(
     |                 ----^^^^^
     |                 |
     |                 help: remove this `mut`

warning: variable does not need to be mutable
    --> /work/src/crates/backend/snowball/dict_snowball/src/stemmers/stem_utf8_english.rs:2657:17
     |
2657 |             let mut ret_7: ::core::ffi::c_int = slice_from_s(
     |                 ----^^^^^
     |                 |
     |                 help: remove this `mut`

warning: variable does not need to be mutable
    --> /work/src/crates/backend/snowball/dict_snowball/src/stemmers/stem_utf8_english.rs:2667:17
     |
2667 |             let mut ret_8: ::core::ffi::c_int = slice_from_s(
     |                 ----^^^^^
     |                 |
     |                 help: remove this `mut`

warning: variable does not need to be mutable
    --> /work/src/crates/backend/snowball/dict_snowball/src/stemmers/stem_utf8_english.rs:2677:17
     |
2677 |             let mut ret_9: ::core::ffi::c_int = slice_from_s(
     |                 ----^^^^^
     |                 |
     |                 help: remove this `mut`

warning: value assigned to `among_var` is never read
    --> /work/src/crates/backend/snowball/dict_snowball/src/stemmers/stem_utf8_english.rs:2555:45
     |
2555 |     let mut among_var: ::core::ffi::c_int = 0;
     |                                             ^ this value is reassigned later and never used
...
2567 |     among_var = find_among(z, &raw const a_10 as *const among, 18 as ::core::ffi::c_int);
     |     ------------------------------------------------------------------------------------ `among_var` is overwritten here before the previous value is read

warning: variable does not need to be mutable
    --> /work/src/crates/backend/snowball/dict_snowball/src/stemmers/stem_utf8_english.rs:2690:22
     |
2690 | unsafe fn r_postlude(mut z: *mut SN_env) -> ::core::ffi::c_int {
     |                      ----^
     |                      |
     |                      help: remove this `mut`

warning: variable does not need to be mutable
    --> /work/src/crates/backend/snowball/dict_snowball/src/stemmers/stem_utf8_english.rs:2696:13
     |
2696 |         let mut c1: ::core::ffi::c_int = (*z).c;
     |             ----^^
     |             |
     |             help: remove this `mut`

warning: variable does not need to be mutable
    --> /work/src/crates/backend/snowball/dict_snowball/src/stemmers/stem_utf8_english.rs:2698:17
     |
2698 |             let mut c2: ::core::ffi::c_int = (*z).c;
     |                 ----^^
     |                 |
     |                 help: remove this `mut`

warning: variable does not need to be mutable
    --> /work/src/crates/backend/snowball/dict_snowball/src/stemmers/stem_utf8_english.rs:2704:21
     |
2704 |                 let mut ret: ::core::ffi::c_int = skip_utf8(
     |                     ----^^^
     |                     |
     |                     help: remove this `mut`

warning: variable does not need to be mutable
    --> /work/src/crates/backend/snowball/dict_snowball/src/stemmers/stem_utf8_english.rs:2725:21
     |
2725 |                 let mut ret_0: ::core::ffi::c_int = slice_from_s(
     |                     ----^^^^^
     |                     |
     |                     help: remove this `mut`

warning: variable does not need to be mutable
    --> /work/src/crates/backend/snowball/dict_snowball/src/stemmers/stem_utf8_english.rs:2742:34
     |
2742 | pub unsafe fn english_UTF_8_stem(mut z: *mut SN_env) -> ::core::ffi::c_int {
     |                                  ----^
     |                                  |
     |                                  help: remove this `mut`

warning: variable does not need to be mutable
    --> /work/src/crates/backend/snowball/dict_snowball/src/stemmers/stem_utf8_english.rs:2743:9
     |
2743 |     let mut c1: ::core::ffi::c_int = (*z).c;
     |         ----^^
     |         |
     |         help: remove this `mut`

warning: variable does not need to be mutable
    --> /work/src/crates/backend/snowball/dict_snowball/src/stemmers/stem_utf8_english.rs:2744:9
     |
2744 |     let mut ret: ::core::ffi::c_int = r_exception1(z);
     |         ----^^^
     |         |
     |         help: remove this `mut`

warning: variable does not need to be mutable
    --> /work/src/crates/backend/snowball/dict_snowball/src/stemmers/stem_utf8_english.rs:2747:13
     |
2747 |         let mut c2: ::core::ffi::c_int = (*z).c;
     |             ----^^
     |             |
     |             help: remove this `mut`

warning: variable does not need to be mutable
    --> /work/src/crates/backend/snowball/dict_snowball/src/stemmers/stem_utf8_english.rs:2748:13
     |
2748 |         let mut ret_0: ::core::ffi::c_int = skip_utf8(
     |             ----^^^^^
     |             |
     |             help: remove this `mut`

warning: variable does not need to be mutable
    --> /work/src/crates/backend/snowball/dict_snowball/src/stemmers/stem_utf8_english.rs:2759:17
     |
2759 |             let mut ret_1: ::core::ffi::c_int = r_prelude(z);
     |                 ----^^^^^
     |                 |
     |                 help: remove this `mut`

warning: variable does not need to be mutable
    --> /work/src/crates/backend/snowball/dict_snowball/src/stemmers/stem_utf8_english.rs:2763:17
     |
2763 |             let mut ret_2: ::core::ffi::c_int = r_mark_regions(z);
     |                 ----^^^^^
     |                 |
     |                 help: remove this `mut`

warning: variable does not need to be mutable
    --> /work/src/crates/backend/snowball/dict_snowball/src/stemmers/stem_utf8_english.rs:2769:17
     |
2769 |             let mut m3: ::core::ffi::c_int = (*z).l - (*z).c;
     |                 ----^^
     |                 |
     |                 help: remove this `mut`

warning: variable does not need to be mutable
    --> /work/src/crates/backend/snowball/dict_snowball/src/stemmers/stem_utf8_english.rs:2770:17
     |
2770 |             let mut ret_3: ::core::ffi::c_int = r_Step_1a(z);
     |                 ----^^^^^
     |                 |
     |                 help: remove this `mut`

warning: variable does not need to be mutable
    --> /work/src/crates/backend/snowball/dict_snowball/src/stemmers/stem_utf8_english.rs:2775:17
     |
2775 |             let mut m4: ::core::ffi::c_int = (*z).l - (*z).c;
     |                 ----^^
     |                 |
     |                 help: remove this `mut`

warning: variable does not need to be mutable
    --> /work/src/crates/backend/snowball/dict_snowball/src/stemmers/stem_utf8_english.rs:2776:17
     |
2776 |             let mut ret_4: ::core::ffi::c_int = r_exception2(z);
     |                 ----^^^^^
     |                 |
     |                 help: remove this `mut`

warning: variable does not need to be mutable
    --> /work/src/crates/backend/snowball/dict_snowball/src/stemmers/stem_utf8_english.rs:2779:21
     |
2779 |                 let mut m5: ::core::ffi::c_int = (*z).l - (*z).c;
     |                     ----^^
     |                     |
     |                     help: remove this `mut`

warning: variable does not need to be mutable
    --> /work/src/crates/backend/snowball/dict_snowball/src/stemmers/stem_utf8_english.rs:2780:21
     |
2780 |                 let mut ret_5: ::core::ffi::c_int = r_Step_1b(z);
     |                     ----^^^^^
     |                     |
     |                     help: remove this `mut`

warning: variable does not need to be mutable
    --> /work/src/crates/backend/snowball/dict_snowball/src/stemmers/stem_utf8_english.rs:2785:21
     |
2785 |                 let mut m6: ::core::ffi::c_int = (*z).l - (*z).c;
     |                     ----^^
     |                     |
     |                     help: remove this `mut`

warning: variable does not need to be mutable
    --> /work/src/crates/backend/snowball/dict_snowball/src/stemmers/stem_utf8_english.rs:2786:21
     |
2786 |                 let mut ret_6: ::core::ffi::c_int = r_Step_1c(z);
     |                     ----^^^^^
     |                     |
     |                     help: remove this `mut`

warning: variable does not need to be mutable
    --> /work/src/crates/backend/snowball/dict_snowball/src/stemmers/stem_utf8_english.rs:2791:21
     |
2791 |                 let mut m7: ::core::ffi::c_int = (*z).l - (*z).c;
     |                     ----^^
     |                     |
     |                     help: remove this `mut`

warning: variable does not need to be mutable
    --> /work/src/crates/backend/snowball/dict_snowball/src/stemmers/stem_utf8_english.rs:2792:21
     |
2792 |                 let mut ret_7: ::core::ffi::c_int = r_Step_2(z);
     |                     ----^^^^^
     |                     |
     |                     help: remove this `mut`

warning: variable does not need to be mutable
    --> /work/src/crates/backend/snowball/dict_snowball/src/stemmers/stem_utf8_english.rs:2797:21
     |
2797 |                 let mut m8: ::core::ffi::c_int = (*z).l - (*z).c;
     |                     ----^^
     |                     |
     |                     help: remove this `mut`

warning: variable does not need to be mutable
    --> /work/src/crates/backend/snowball/dict_snowball/src/stemmers/stem_utf8_english.rs:2798:21
     |
2798 |                 let mut ret_8: ::core::ffi::c_int = r_Step_3(z);
     |                     ----^^^^^
     |                     |
     |                     help: remove this `mut`

warning: variable does not need to be mutable
    --> /work/src/crates/backend/snowball/dict_snowball/src/stemmers/stem_utf8_english.rs:2803:21
     |
2803 |                 let mut m9: ::core::ffi::c_int = (*z).l - (*z).c;
     |                     ----^^
     |                     |
     |                     help: remove this `mut`

warning: variable does not need to be mutable
    --> /work/src/crates/backend/snowball/dict_snowball/src/stemmers/stem_utf8_english.rs:2804:21
     |
2804 |                 let mut ret_9: ::core::ffi::c_int = r_Step_4(z);
     |                     ----^^^^^
     |                     |
     |                     help: remove this `mut`

warning: variable does not need to be mutable
    --> /work/src/crates/backend/snowball/dict_snowball/src/stemmers/stem_utf8_english.rs:2809:21
     |
2809 |                 let mut m10: ::core::ffi::c_int = (*z).l - (*z).c;
     |                     ----^^^
     |                     |
     |                     help: remove this `mut`

warning: variable does not need to be mutable
    --> /work/src/crates/backend/snowball/dict_snowball/src/stemmers/stem_utf8_english.rs:2810:21
     |
2810 |                 let mut ret_10: ::core::ffi::c_int = r_Step_5(z);
     |                     ----^^^^^^
     |                     |
     |                     help: remove this `mut`

warning: variable does not need to be mutable
    --> /work/src/crates/backend/snowball/dict_snowball/src/stemmers/stem_utf8_english.rs:2819:17
     |
2819 |             let mut c11: ::core::ffi::c_int = (*z).c;
     |                 ----^^^
     |                 |
     |                 help: remove this `mut`

warning: variable does not need to be mutable
    --> /work/src/crates/backend/snowball/dict_snowball/src/stemmers/stem_utf8_english.rs:2820:17
     |
2820 |             let mut ret_11: ::core::ffi::c_int = r_postlude(z);
     |                 ----^^^^^^
     |                 |
     |                 help: remove this `mut`

warning: variable does not need to be mutable
    --> /work/src/crates/backend/snowball/dict_snowball/src/stemmers/stem_utf8_english.rs:2834:39
     |
2834 | pub unsafe fn english_UTF_8_close_env(mut z: *mut SN_env) {
     |                                       ----^
     |                                       |
     |                                       help: remove this `mut`

warning: `adt_regexp` (lib) generated 1 warning (run `cargo fix --lib -p adt_regexp` to apply 1 suggestion)
   Compiling pseudorandomfuncs v0.1.0 (/work/src/crates/backend/utils/adt/pseudorandomfuncs)
   Compiling adt_uuid v0.1.0 (/work/src/crates/backend/utils/adt/uuid)
   Compiling adt_like v0.1.0 (/work/src/crates/backend/utils/adt/like)
   Compiling adt_xml v0.1.0 (/work/src/crates/backend/utils/adt/xml)
warning: variant `XMLOPTION_DOCUMENT` should have an upper camel case name
  --> /work/src/crates/backend/utils/adt/xml/src/lib.rs:51:5
   |
51 |     XMLOPTION_DOCUMENT = 0,
   |     ^^^^^^^^^^^^^^^^^^ help: convert the identifier to upper camel case: `XmloptionDocument`
   |
   = note: `#[warn(non_camel_case_types)]` (part of `#[warn(nonstandard_style)]`) on by default

warning: variant `XMLOPTION_CONTENT` should have an upper camel case name
  --> /work/src/crates/backend/utils/adt/xml/src/lib.rs:52:5
   |
52 |     XMLOPTION_CONTENT = 1,
   |     ^^^^^^^^^^^^^^^^^ help: convert the identifier to upper camel case: `XmloptionContent`

warning: variant `XMLBINARY_BASE64` should have an upper camel case name
  --> /work/src/crates/backend/utils/adt/xml/src/lib.rs:57:5
   |
57 |     XMLBINARY_BASE64 = 0,
   |     ^^^^^^^^^^^^^^^^ help: convert the identifier to upper camel case: `XmlbinaryBase64`

warning: variant `XMLBINARY_HEX` should have an upper camel case name
  --> /work/src/crates/backend/utils/adt/xml/src/lib.rs:58:5
   |
58 |     XMLBINARY_HEX = 1,
   |     ^^^^^^^^^^^^^ help: convert the identifier to upper camel case: `XmlbinaryHex`

warning: variant `XML_STANDALONE_YES` should have an upper camel case name
  --> /work/src/crates/backend/utils/adt/xml/src/lib.rs:63:5
   |
63 |     XML_STANDALONE_YES = 0,
   |     ^^^^^^^^^^^^^^^^^^ help: convert the identifier to upper camel case: `XmlStandaloneYes`

warning: variant `XML_STANDALONE_NO` should have an upper camel case name
  --> /work/src/crates/backend/utils/adt/xml/src/lib.rs:64:5
   |
64 |     XML_STANDALONE_NO = 1,
   |     ^^^^^^^^^^^^^^^^^ help: convert the identifier to upper camel case: `XmlStandaloneNo`

warning: variant `XML_STANDALONE_NO_VALUE` should have an upper camel case name
  --> /work/src/crates/backend/utils/adt/xml/src/lib.rs:65:5
   |
65 |     XML_STANDALONE_NO_VALUE = 2,
   |     ^^^^^^^^^^^^^^^^^^^^^^^ help: convert the identifier to upper camel case: `XmlStandaloneNoValue`

warning: variant `XML_STANDALONE_OMITTED` should have an upper camel case name
  --> /work/src/crates/backend/utils/adt/xml/src/lib.rs:66:5
   |
66 |     XML_STANDALONE_OMITTED = 3,
   |     ^^^^^^^^^^^^^^^^^^^^^^ help: convert the identifier to upper camel case: `XmlStandaloneOmitted`

warning: unnecessary `unsafe` block
   --> /work/src/crates/backend/utils/adt/xml/src/xmltable.rs:289:13
    |
285 |     unsafe {
    |     ------ because it's nested under this `unsafe` block
...
289 |             unsafe {
    |             ^^^^^^ unnecessary `unsafe` block
    |
    = note: `#[warn(unused_unsafe)]` (part of `#[warn(unused)]`) on by default

warning: unnecessary `unsafe` block
  --> /work/src/crates/backend/utils/adt/xml/src/xpath.rs:42:17
   |
23 |     unsafe {
   |     ------ because it's nested under this `unsafe` block
...
42 |                 unsafe {
   |                 ^^^^^^ unnecessary `unsafe` block

warning: unnecessary `unsafe` block
   --> /work/src/crates/backend/utils/adt/xml/src/xpath.rs:229:13
    |
196 |     unsafe {
    |     ------ because it's nested under this `unsafe` block
...
229 |             unsafe {
    |             ^^^^^^ unnecessary `unsafe` block

   Compiling adt_encode v0.1.0 (/work/src/crates/backend/utils/adt/encode)
   Compiling adt_char v0.1.0 (/work/src/crates/backend/utils/adt/char)
   Compiling cryptohashfuncs v0.1.0 (/work/src/crates/backend/utils/adt/cryptohashfuncs)
   Compiling adt_ascii v0.1.0 (/work/src/crates/backend/utils/adt/adt_ascii)
   Compiling adt_quote v0.1.0 (/work/src/crates/backend/utils/adt/quote)
   Compiling adt_pseudotypes v0.1.0 (/work/src/crates/backend/utils/adt/pseudotypes)
   Compiling adt_varchar v0.1.0 (/work/src/crates/backend/utils/adt/varchar)
warning: `dict_snowball` (lib) generated 296 warnings (run `cargo fix --lib -p dict_snowball` to apply 260 suggestions)
   Compiling name v0.0.0 (/work/src/crates/backend/utils/adt/name)
   Compiling adt_pg_lsn v0.1.0 (/work/src/crates/backend/utils/adt/pg_lsn)
   Compiling adt_enum v0.0.0 (/work/src/crates/backend/utils/adt/adt_enum)
   Compiling adt_domains v0.1.0 (/work/src/crates/backend/utils/adt/domains)
   Compiling visibilitymap v0.1.0 (/work/src/crates/backend/access/heap/visibilitymap)
warning: `adt_tsrank` (lib) generated 1 warning (run `cargo fix --lib -p adt_tsrank` to apply 1 suggestion)
   Compiling conv v0.1.0 (/work/src/crates/backend/utils/mb/conv)
   Compiling adt_windowfuncs v0.1.0 (/work/src/crates/backend/utils/adt/windowfuncs)
   Compiling sequence_seams v0.0.0 (/work/src/crates/backend/commands/sequence_seams)
   Compiling foreigncmds_seams v0.0.0 (/work/src/crates/backend/commands/foreigncmds_seams)
   Compiling extension_seams v0.0.0 (/work/src/crates/backend/commands/extension_seams)
   Compiling types_brin v0.1.0 (/work/src/crates/_support/types/types_brin)
   Compiling pruneheap_seams v0.0.0 (/work/src/crates/backend/access/heap/pruneheap_seams)
   Compiling storage_xlog v0.1.0 (/work/src/crates/backend/catalog/storage_xlog)
   Compiling gist_xlog v0.1.0 (/work/src/crates/backend/access/gist/gist_xlog)
   Compiling heapam_xlog v0.1.0 (/work/src/crates/backend/access/heap/heapam_xlog)
   Compiling brin_pageops v0.1.0 (/work/src/crates/backend/access/brin/brin_pageops)
   Compiling spgist_xlog v0.1.0 (/work/src/crates/backend/access/spgist/spgist_xlog)
warning: variable does not need to be mutable
   --> /work/src/crates/backend/access/brin/brin_pageops/src/lib.rs:148:9
    |
148 |     let mut newbuf: Buffer;
    |         ----^^^^^^
    |         |
    |         help: remove this `mut`
    |
    = note: `#[warn(unused_mut)]` (part of `#[warn(unused)]`) on by default

   Compiling hash_xlog v0.1.0 (/work/src/crates/backend/access/hash/hash_xlog)
   Compiling brin_xlog v0.1.0 (/work/src/crates/backend/access/brin/brin_xlog)
warning: unexpected `cfg` condition name: `pgrust_sim`
  --> /work/src/crates/backend/access/brin/brin_xlog/src/lib.rs:24:7
   |
24 | #[cfg(pgrust_sim)]
   |       ^^^^^^^^^^
   |
   = help: expected names are: `docsrs`, `feature`, and `test` and 33 more
   = help: consider using a Cargo feature instead
   = help: or consider adding in `Cargo.toml` the `check-cfg` lint config for the lint:
            [lints.rust]
            unexpected_cfgs = { level = "warn", check-cfg = ['cfg(pgrust_sim)'] }
   = help: or consider adding `println!("cargo::rustc-check-cfg=cfg(pgrust_sim)");` to the top of the `build.rs`
   = note: see <https://doc.rust-lang.org/nightly/rustc/check-cfg/cargo-specifics.html> for more information about checking conditional configuration
   = note: `#[warn(unexpected_cfgs)]` on by default

warning: unexpected `cfg` condition name: `pgrust_sim`
   --> /work/src/crates/backend/access/brin/brin_xlog/src/lib.rs:165:11
    |
165 |     #[cfg(pgrust_sim)]
    |           ^^^^^^^^^^
    |
    = help: consider using a Cargo feature instead
    = help: or consider adding in `Cargo.toml` the `check-cfg` lint config for the lint:
             [lints.rust]
             unexpected_cfgs = { level = "warn", check-cfg = ['cfg(pgrust_sim)'] }
    = help: or consider adding `println!("cargo::rustc-check-cfg=cfg(pgrust_sim)");` to the top of the `build.rs`
    = note: see <https://doc.rust-lang.org/nightly/rustc/check-cfg/cargo-specifics.html> for more information about checking conditional configuration

warning: function `page_ref` is never used
  --> /work/src/crates/backend/access/hash/hash_xlog/src/lib.rs:48:11
   |
48 | unsafe fn page_ref<'p>(buffer: Buffer) -> PageRef<'p> {
   |           ^^^^^^^^
   |
   = note: `#[warn(dead_code)]` (part of `#[warn(unused)]`) on by default

   Compiling generic_xlog v0.1.0 (/work/src/crates/backend/access/transam/generic_xlog)
   Compiling gin_xlog v0.1.0 (/work/src/crates/backend/access/gin/gin_xlog)
warning: `brin_xlog` (lib) generated 2 warnings
   Compiling nbtree_xlog v0.1.0 (/work/src/crates/backend/access/nbtree/nbtree_xlog)
warning: unexpected `cfg` condition name: `pgrust_sim`
  --> /work/src/crates/backend/access/gin/gin_xlog/src/lib.rs:26:7
   |
26 | #[cfg(pgrust_sim)]
   |       ^^^^^^^^^^
   |
   = help: expected names are: `docsrs`, `feature`, and `test` and 33 more
   = help: consider using a Cargo feature instead
   = help: or consider adding in `Cargo.toml` the `check-cfg` lint config for the lint:
            [lints.rust]
            unexpected_cfgs = { level = "warn", check-cfg = ['cfg(pgrust_sim)'] }
   = help: or consider adding `println!("cargo::rustc-check-cfg=cfg(pgrust_sim)");` to the top of the `build.rs`
   = note: see <https://doc.rust-lang.org/nightly/rustc/check-cfg/cargo-specifics.html> for more information about checking conditional configuration
   = note: `#[warn(unexpected_cfgs)]` on by default

warning: unexpected `cfg` condition name: `pgrust_sim`
   --> /work/src/crates/backend/access/gin/gin_xlog/src/lib.rs:590:11
    |
590 |     #[cfg(pgrust_sim)]
    |           ^^^^^^^^^^
    |
    = help: consider using a Cargo feature instead
    = help: or consider adding in `Cargo.toml` the `check-cfg` lint config for the lint:
             [lints.rust]
             unexpected_cfgs = { level = "warn", check-cfg = ['cfg(pgrust_sim)'] }
    = help: or consider adding `println!("cargo::rustc-check-cfg=cfg(pgrust_sim)");` to the top of the `build.rs`
    = note: see <https://doc.rust-lang.org/nightly/rustc/check-cfg/cargo-specifics.html> for more information about checking conditional configuration

warning: `tsearch_dict` (lib) generated 1 warning (run `cargo fix --lib -p tsearch_dict` to apply 1 suggestion)
   Compiling logical_message v0.0.0 (/work/src/crates/backend/replication/logical/logical_message)
warning: unexpected `cfg` condition name: `pgrust_sim`
  --> /work/src/crates/backend/access/nbtree/nbtree_xlog/src/lib.rs:37:7
   |
37 | #[cfg(pgrust_sim)]
   |       ^^^^^^^^^^
   |
   = help: expected names are: `docsrs`, `feature`, and `test` and 33 more
   = help: consider using a Cargo feature instead
   = help: or consider adding in `Cargo.toml` the `check-cfg` lint config for the lint:
            [lints.rust]
            unexpected_cfgs = { level = "warn", check-cfg = ['cfg(pgrust_sim)'] }
   = help: or consider adding `println!("cargo::rustc-check-cfg=cfg(pgrust_sim)");` to the top of the `build.rs`
   = note: see <https://doc.rust-lang.org/nightly/rustc/check-cfg/cargo-specifics.html> for more information about checking conditional configuration
   = note: `#[warn(unexpected_cfgs)]` on by default

warning: unexpected `cfg` condition name: `pgrust_sim`
   --> /work/src/crates/backend/access/nbtree/nbtree_xlog/src/lib.rs:830:15
    |
830 |         #[cfg(pgrust_sim)]
    |               ^^^^^^^^^^
    |
    = help: consider using a Cargo feature instead
    = help: or consider adding in `Cargo.toml` the `check-cfg` lint config for the lint:
             [lints.rust]
             unexpected_cfgs = { level = "warn", check-cfg = ['cfg(pgrust_sim)'] }
    = help: or consider adding `println!("cargo::rustc-check-cfg=cfg(pgrust_sim)");` to the top of the `build.rs`
    = note: see <https://doc.rust-lang.org/nightly/rustc/check-cfg/cargo-specifics.html> for more information about checking conditional configuration

   Compiling sequence_xlog v0.1.0 (/work/src/crates/backend/commands/sequence_xlog)
   Compiling percentrepl v0.0.0 (/work/src/crates/common/percentrepl)
   Compiling archive v0.0.0 (/work/src/crates/common/archive)
   Compiling adt_geo v0.1.0 (/work/src/crates/backend/utils/adt/geo)
   Compiling scram_common v0.1.0 (/work/src/crates/common/scram_common)
warning: unused import: `Point`
 --> /work/src/crates/backend/utils/adt/geo/src/path.rs:2:25
  |
2 | use ::types_core::geo::{Point, BOX, PATH_HEADER_SIZE};
  |                         ^^^^^
  |
  = note: `#[warn(unused_imports)]` (part of `#[warn(unused)]`) on by default

warning: `hash_xlog` (lib) generated 1 warning
warning: `adt_multirangetypes` (lib) generated 3 warnings (run `cargo fix --lib -p adt_multirangetypes` to apply 3 suggestions)
warning: `brin_pageops` (lib) generated 1 warning (run `cargo fix --lib -p brin_pageops` to apply 1 suggestion)
warning: `gin_xlog` (lib) generated 2 warnings
warning: `nbtree_xlog` (lib) generated 2 warnings
warning: `adt_xml` (lib) generated 11 warnings
warning: `regex_core` (lib) generated 1 warning
warning: `adt_jsonb` (lib) generated 33 warnings
warning: `adt_geo` (lib) generated 1 warning (run `cargo fix --lib -p adt_geo` to apply 1 suggestion)
   Compiling be_secure_openssl v0.0.0 (/work/src/crates/backend/libpq/be_secure_openssl)
warning: type `X509_NAME_ENTRY` should have an upper camel case name
 --> /work/src/crates/backend/libpq/be_secure_openssl/src/cffi.rs:8:10
  |
8 | pub enum X509_NAME_ENTRY {}
  |          ^^^^^^^^^^^^^^^ help: convert the identifier to upper camel case: `X509NameEntry`
  |
  = note: `#[warn(non_camel_case_types)]` (part of `#[warn(nonstandard_style)]`) on by default

warning: type `X509_EXTENSION` should have an upper camel case name
  --> /work/src/crates/backend/libpq/be_secure_openssl/src/cffi.rs:10:10
   |
10 | pub enum X509_EXTENSION {}
   |          ^^^^^^^^^^^^^^ help: convert the identifier to upper camel case: `X509Extension`

   Compiling backend_status v0.0.0 (/work/src/crates/backend/utils/activity/backend_status)
   Compiling backend_progress v0.0.0 (/work/src/crates/backend/utils/activity/backend_progress)
   Compiling signalfuncs v0.0.0 (/work/src/crates/backend/storage/ipc/signalfuncs)
   Compiling pgstatfuncs v0.1.0 (/work/src/crates/backend/utils/adt/pgstatfuncs)
   Compiling fmgr_core v0.1.0 (/work/src/crates/backend/utils/fmgr/fmgr_core)
warning: `be_secure_openssl` (lib) generated 2 warnings
warning: direct cast of function item into an integer
  --> /work/src/crates/backend/utils/fmgr/fmgr_core/src/lib.rs:46:54
   |
46 |     if flinfo.fn_addr as usize == builtin_not_ported as usize
   |                                                      ^^^^^^^^
   |
   = note: `#[warn(function_casts_as_integer)]` on by default
help: first cast to a pointer `as *const ()`
   |
46 |     if flinfo.fn_addr as usize == builtin_not_ported as *const () as usize
   |                                                      ++++++++++++

warning: direct cast of function item into an integer
   --> /work/src/crates/backend/utils/fmgr/fmgr_core/src/lib.rs:242:72
    |
242 |                 .is_some_and(|x| x.func as usize != builtin_not_ported as usize);
    |                                                                        ^^^^^^^^
    |
help: first cast to a pointer `as *const ()`
    |
242 |                 .is_some_and(|x| x.func as usize != builtin_not_ported as *const () as usize);
    |                                                                        ++++++++++++

warning: direct cast of function item into an integer
   --> /work/src/crates/backend/utils/fmgr/fmgr_core/src/lib.rs:274:58
    |
274 |         Some(b) if b.func as usize == builtin_not_ported as usize => {
    |                                                          ^^^^^^^^
    |
help: first cast to a pointer `as *const ()`
    |
274 |         Some(b) if b.func as usize == builtin_not_ported as *const () as usize => {
    |                                                          ++++++++++++

warning: direct cast of function item into an integer
   --> /work/src/crates/backend/utils/fmgr/fmgr_core/src/lib.rs:346:58
    |
346 |     let fbp = if fbp.func as usize == builtin_not_ported as usize {
    |                                                          ^^^^^^^^
    |
help: first cast to a pointer `as *const ()`
    |
346 |     let fbp = if fbp.func as usize == builtin_not_ported as *const () as usize {
    |                                                          ++++++++++++

warning: direct cast of function item into an integer
   --> /work/src/crates/backend/utils/fmgr/fmgr_core/src/lib.rs:483:70
    |
483 |                 Some(fbp) if fbp.func as usize == builtin_not_ported as usize => {
    |                                                                      ^^^^^^^^
    |
help: first cast to a pointer `as *const ()`
    |
483 |                 Some(fbp) if fbp.func as usize == builtin_not_ported as *const () as usize => {
    |                                                                      ++++++++++++

   Compiling commit_ts v0.0.0 (/work/src/crates/backend/access/transam/commit_ts)
   Compiling rmgrdesc v0.0.0 (/work/src/crates/backend/access/rmgrdesc)
   Compiling rmgr v0.0.0 (/work/src/crates/backend/access/transam/rmgr)
warning: unused macro definition: `unported_redo`
  --> /work/src/crates/backend/access/transam/rmgr/src/lib.rs:87:14
   |
87 | macro_rules! unported_redo {
   |              ^^^^^^^^^^^^^
   |
   = note: `#[warn(unused_macros)]` (part of `#[warn(unused)]`) on by default

warning: function `gin_mask` is never used
   --> /work/src/crates/backend/access/transam/rmgr/src/lib.rs:127:5
    |
127 |     gin_mask => "backend-access-gin-xlog";
    |     ^^^^^^^^
    |
    = note: `#[warn(dead_code)]` (part of `#[warn(unused)]`) on by default
    = note: this warning originates in the macro `unported_mask` (in Nightly builds, run with -Z macro-backtrace for more info)

   Compiling xlogreader v0.0.0 (/work/src/crates/backend/access/transam/xlogreader)
warning: `rmgr` (lib) generated 2 warnings
warning: value assigned to `ptr` is never read
    --> /work/src/crates/backend/access/transam/xlogreader/src/lib.rs:2017:13
     |
2017 |             ptr += len;
     |             ^^^^^^^^^^
...
2090 |         main_data = sink.put(payload_field!(main_data_len));
     |                              ----------------------------- in this macro invocation
     |
     = help: maybe it is overwritten before being read?
     = note: `#[warn(unused_assignments)]` (part of `#[warn(unused)]`) on by default
     = note: this warning originates in the macro `payload_field` (in Nightly builds, run with -Z macro-backtrace for more info)

warning: value assigned to `remaining` is never read
    --> /work/src/crates/backend/access/transam/xlogreader/src/lib.rs:2018:13
     |
2018 |             remaining -= len as u32;
     |             ^^^^^^^^^^^^^^^^^^^^^^^
...
2090 |         main_data = sink.put(payload_field!(main_data_len));
     |                              ----------------------------- in this macro invocation
     |
     = help: maybe it is overwritten before being read?
     = note: this warning originates in the macro `payload_field` (in Nightly builds, run with -Z macro-backtrace for more info)

warning: unused import: `ERRCODE_FEATURE_NOT_SUPPORTED`
  --> core/src/pseudo_diff.rs:30:28
   |
30 | use types_error::{PgError, ERRCODE_FEATURE_NOT_SUPPORTED};
   |                            ^^^^^^^^^^^^^^^^^^^^^^^^^^^^^
   |
   = note: `#[warn(unused_imports)]` (part of `#[warn(unused)]`) on by default

warning: unused import: `PgError`
  --> core/src/enc_tables.rs:41:19
   |
41 | use types_error::{PgError, ERRCODE_FEATURE_NOT_SUPPORTED, ERRCODE_UNDEFINED_OBJECT};
   |                   ^^^^^^^

warning: `fmgr_core` (lib) generated 5 warnings (run `cargo fix --lib -p fmgr_core` to apply 5 suggestions)
warning: function `pg_diff_num_keywords` is never used
  --> core/src/tablesfam.rs:40:8
   |
40 |     fn pg_diff_num_keywords() -> c_int;
   |        ^^^^^^^^^^^^^^^^^^^^
   |
   = note: `#[warn(dead_code)]` (part of `#[warn(unused)]`) on by default

warning: function `pg_diff_max_kw_len` is never used
  --> core/src/tablesfam.rs:41:8
   |
41 |     fn pg_diff_max_kw_len() -> c_int;
   |        ^^^^^^^^^^^^^^^^^^

warning: `xlogreader` (lib) generated 2 warnings
warning: `decoder_fuzz` (lib) generated 4 warnings (run `cargo fix --lib -p decoder_fuzz` to apply 2 suggestions)
   Compiling pgrust-fuzz v0.0.0 (/work/src/fuzz)
    Finished `release` profile [optimized + debuginfo] target(s) in 1m 00s
Processing 1122 input files using 11 workers (batch size: ~102)
Worker 0: Generating coverage for 102 files
Worker 7: Generating coverage for 102 files
Worker 3: Generating coverage for 102 files
Worker 5: Generating coverage for 102 files
Worker 1: Generating coverage for 102 files
Worker 8: Generating coverage for 102 files
Worker 6: Generating coverage for 102 files
Worker 9: Generating coverage for 102 files
Worker 4: Generating coverage for 102 files
Worker 2: Generating coverage for 102 files
Worker 10: Generating coverage for 102 files
INFO: Running with entropic power schedule (0xFF, 100).
INFO: Running with entropic power schedule (0xFF, 100).
INFO: Running with entropic power schedule (0xFF, 100).
INFO: Seed: 1959559320
INFO: Seed: 1959561523
INFO: Seed: 1959586868
INFO: Running with entropic power schedule (0xFF, 100).
INFO: Seed: 1959606986
INFO: Running with entropic power schedule (0xFF, 100).
INFO: Seed: 1959648220
INFO: Running with entropic power schedule (0xFF, 100).
INFO: Running with entropic power schedule (0xFF, 100).
INFO: Seed: 1959693766
INFO: Seed: 1959698436
INFO: Running with entropic power schedule (0xFF, 100).
INFO: Seed: 1959725685
INFO: Running with entropic power schedule (0xFF, 100).
INFO: Running with entropic power schedule (0xFF, 100).
INFO: Seed: 1959804347
INFO: Seed: 1959825039
INFO: Running with entropic power schedule (0xFF, 100).
INFO: Seed: 1959853784
INFO: Loaded 1 modules   (423397 inline 8-bit counters): 423397 [0xaaaad423dd70, 0xaaaad42a5355), 
INFO: Loaded 1 PC tables (423397 PCs): 423397 [0xaaaad42a5358,0xaaaad491b1a8), 
INFO: Loaded 1 modules   (423397 inline 8-bit counters): INFO: Loaded 1 modules   (423397 inline 8-bit counters): 423397 [0xaaaae380dd70, 0xaaaae3875355), 
423397 [0xaaaaec90dd70, 0xaaaaec975355), INFO: Loaded 1 PC tables (423397 PCs): 
423397 [0xaaaae3875358,0xaaaae3eeb1a8), INFO: Loaded 1 PC tables (423397 PCs): 
423397 [0xaaaaec975358,0xaaaaecfeb1a8), INFO: Loaded 1 modules   (423397 inline 8-bit counters): 
423397 [0xaaaabac5dd70, 0xaaaabacc5355), 
INFO: Loaded 1 PC tables (423397 PCs): 423397 [0xaaaabacc5358,0xaaaabb33b1a8), 
INFO: Loaded 1 modules   (423397 inline 8-bit counters): 423397 [0xaaaaae6cdd70, 0xaaaaae735355), 
INFO: Loaded 1 PC tables (423397 PCs): 423397 [0xaaaaae735358,0xaaaaaedab1a8), 
INFO: Loaded 1 modules   (423397 inline 8-bit counters): 423397 [0xaaaae616dd70, 0xaaaae61d5355), 
INFO: Loaded 1 PC tables (423397 PCs): 423397 [0xaaaae61d5358,0xaaaae684b1a8), 
INFO: Loaded 1 modules   (423397 inline 8-bit counters): 423397 [0xaaaac337dd70, 0xaaaac33e5355), 
INFO: Loaded 1 PC tables (423397 PCs): 423397 [0xaaaac33e5358,0xaaaac3a5b1a8), INFO: Loaded 1 modules   (423397 inline 8-bit counters): 
423397 [0xaaaad5c9dd70, 0xaaaad5d05355), 
INFO: Loaded 1 PC tables (423397 PCs): 423397 [0xaaaad5d05358,0xaaaad637b1a8), 
INFO: Loaded 1 modules   (423397 inline 8-bit counters): 423397 [0xaaaad0bbdd70, 0xaaaad0c25355), 
INFO: Loaded 1 PC tables (423397 PCs): 423397 [0xaaaad0c25358,0xaaaad129b1a8), 
INFO: Loaded 1 modules   (423397 inline 8-bit counters): INFO: Loaded 1 modules   (423397 inline 8-bit counters): 423397 [0xaaaac825dd70, 0xaaaac82c5355), 
423397 [0xaaaae3eddd70, 0xaaaae3f45355), INFO: Loaded 1 PC tables (423397 PCs): 
423397 [0xaaaac82c5358,0xaaaac893b1a8), INFO: Loaded 1 PC tables (423397 PCs): 
423397 [0xaaaae3f45358,0xaaaae45bb1a8), 
/work/src/fuzz/target/aarch64-unknown-linux-gnu/coverage/aarch64-unknown-linux-gnu/release/float_math_diff: Running 102 inputs 1/work/src/fuzz/target/aarch64-unknown-linux-gnu/coverage/aarch64-unknown-linux-gnu/release/float_math_diff: Running 102 inputs 1 time(s) each.
 time(s) each.
Running: /work/src/fuzz/corpus/float_math_diff/f12_30
Running: /work/src/fuzz/corpus/float_math_diff/f20_16
/work/src/fuzz/target/aarch64-unknown-linux-gnu/coverage/aarch64-unknown-linux-gnu/release/float_math_diff: Running 102 inputs 1 time(s) each.
Running: /work/src/fuzz/corpus/float_math_diff/f07_26
/work/src/fuzz/target/aarch64-unknown-linux-gnu/coverage/aarch64-unknown-linux-gnu/release/float_math_diff: Running 102 inputs 1 time(s) each.
Running: /work/src/fuzz/corpus/float_math_diff/f10_08
/work/src/fuzz/target/aarch64-unknown-linux-gnu/coverage/aarch64-unknown-linux-gnu/release/float_math_diff: Running 102 inputs 1 time(s) each.
Running: /work/src/fuzz/corpus/float_math_diff/f17_34
/work/src/fuzz/target/aarch64-unknown-linux-gnu/coverage/aarch64-unknown-linux-gnu/release/float_math_diff: Running 102 inputs 1 time(s) each.
Running: /work/src/fuzz/corpus/float_math_diff/f25_20
/work/src/fuzz/target/aarch64-unknown-linux-gnu/coverage/aarch64-unknown-linux-gnu/release/float_math_diff: Running 102 inputs 1 time(s) each.
Running: /work/src/fuzz/corpus/float_math_diff/f22_38
/work/src/fuzz/target/aarch64-unknown-linux-gnu/coverage/aarch64-unknown-linux-gnu/release/float_math_diff: Running 102 inputs 1 time(s) each.
Running: /work/src/fuzz/corpus/float_math_diff/f15_12
/work/src/fuzz/target/aarch64-unknown-linux-gnu/coverage/aarch64-unknown-linux-gnu/release/float_math_diff: Running 102 inputs 1 time(s) each.
Running: /work/src/fuzz/corpus/float_math_diff/f00_00
/work/src/fuzz/target/aarch64-unknown-linux-gnu/coverage/aarch64-unknown-linux-gnu/release/float_math_diff: Running 102 inputs 1 time(s) each.
/work/src/fuzz/target/aarch64-unknown-linux-gnu/coverage/aarch64-unknown-linux-gnu/release/float_math_diff: Running 102 inputs 1Running: /work/src/fuzz/corpus/float_math_diff/f05_04
 time(s) each.
Running: /work/src/fuzz/corpus/float_math_diff/f02_22
Executed /work/src/fuzz/corpus/float_math_diff/f12_30 in 0 ms
Running: /work/src/fuzz/corpus/float_math_diff/f12_31
Executed /work/src/fuzz/corpus/float_math_diff/f20_16 in 0 ms
Running: /work/src/fuzz/corpus/float_math_diff/f20_17
Executed /work/src/fuzz/corpus/float_math_diff/f12_31 in 0 ms
Running: /work/src/fuzz/corpus/float_math_diff/f12_32
Executed /work/src/fuzz/corpus/float_math_diff/f10_08 in 0 ms
Running: /work/src/fuzz/corpus/float_math_diff/f10_09
Executed /work/src/fuzz/corpus/float_math_diff/f25_20 in 0 ms
Executed /work/src/fuzz/corpus/float_math_diff/f20_17 in 0 ms
Running: /work/src/fuzz/corpus/float_math_diff/f25_21
Running: /work/src/fuzz/corpus/float_math_diff/f20_18
Executed /work/src/fuzz/corpus/float_math_diff/f12_32 in 0 ms
Running: /work/src/fuzz/corpus/float_math_diff/f12_33
Executed /work/src/fuzz/corpus/float_math_diff/f20_18 in 0 ms
Executed /work/src/fuzz/corpus/float_math_diff/f10_09 in 0 ms
Running: /work/src/fuzz/corpus/float_math_diff/f20_19
Running: /work/src/fuzz/corpus/float_math_diff/f10_10
Executed /work/src/fuzz/corpus/float_math_diff/f25_21 in 0 ms
Running: /work/src/fuzz/corpus/float_math_diff/f25_22
Executed /work/src/fuzz/corpus/float_math_diff/f12_33 in 0 ms
Running: /work/src/fuzz/corpus/float_math_diff/f12_34
Executed /work/src/fuzz/corpus/float_math_diff/f20_19 in 0 ms
Running: /work/src/fuzz/corpus/float_math_diff/f20_20
Executed /work/src/fuzz/corpus/float_math_diff/f25_22 in 0 ms
Executed /work/src/fuzz/corpus/float_math_diff/f10_10 in 0 ms
Running: /work/src/fuzz/corpus/float_math_diff/f25_23
Executed /work/src/fuzz/corpus/float_math_diff/f07_26 in 0 ms
Running: /work/src/fuzz/corpus/float_math_diff/f10_11
Executed /work/src/fuzz/corpus/float_math_diff/f12_34 in 0 ms
Running: /work/src/fuzz/corpus/float_math_diff/f07_27
Running: /work/src/fuzz/corpus/float_math_diff/f12_35
Executed /work/src/fuzz/corpus/float_math_diff/f15_12 in 0 ms
Running: /work/src/fuzz/corpus/float_math_diff/f15_13
Executed /work/src/fuzz/corpus/float_math_diff/f25_23 in 0 ms
Running: /work/src/fuzz/corpus/float_math_diff/f25_24
Executed /work/src/fuzz/corpus/float_math_diff/f10_11 in 0 ms
Running: /work/src/fuzz/corpus/float_math_diff/f10_12
Executed /work/src/fuzz/corpus/float_math_diff/f12_35 in 0 ms
Running: /work/src/fuzz/corpus/float_math_diff/f12_36
Executed /work/src/fuzz/corpus/float_math_diff/f07_27 in 0 ms
Executed /work/src/fuzz/corpus/float_math_diff/f22_38 in 0 ms
Running: /work/src/fuzz/corpus/float_math_diff/f07_28
Executed /work/src/fuzz/corpus/float_math_diff/f25_24 in 0 ms
Running: /work/src/fuzz/corpus/float_math_diff/f22_39
Executed /work/src/fuzz/corpus/float_math_diff/f10_12 in 0 ms
Executed /work/src/fuzz/corpus/float_math_diff/f15_13 in 0 ms
Running: /work/src/fuzz/corpus/float_math_diff/f25_25
Running: /work/src/fuzz/corpus/float_math_diff/f10_13
Running: /work/src/fuzz/corpus/float_math_diff/f15_14
Executed /work/src/fuzz/corpus/float_math_diff/f12_36 in 0 ms
Running: /work/src/fuzz/corpus/float_math_diff/f12_37
Executed /work/src/fuzz/corpus/float_math_diff/f17_34 in 0 ms
Running: /work/src/fuzz/corpus/float_math_diff/f17_35
Executed /work/src/fuzz/corpus/float_math_diff/f07_28 in 0 ms
Running: /work/src/fuzz/corpus/float_math_diff/f07_29
Executed /work/src/fuzz/corpus/float_math_diff/f25_25 in 0 ms
Executed /work/src/fuzz/corpus/float_math_diff/f10_13 in 0 ms
Running: /work/src/fuzz/corpus/float_math_diff/f25_26
Running: /work/src/fuzz/corpus/float_math_diff/f10_14
Executed /work/src/fuzz/corpus/float_math_diff/f12_37 in 0 ms
Running: /work/src/fuzz/corpus/float_math_diff/f12_38
Executed /work/src/fuzz/corpus/float_math_diff/f15_14 in 0 ms
Executed /work/src/fuzz/corpus/float_math_diff/f00_00 in 0 ms
Running: /work/src/fuzz/corpus/float_math_diff/f15_15
Executed /work/src/fuzz/corpus/float_math_diff/f20_20 in 0 ms
Running: /work/src/fuzz/corpus/float_math_diff/f00_01
Running: /work/src/fuzz/corpus/float_math_diff/f20_21
Executed /work/src/fuzz/corpus/float_math_diff/f22_39 in 0 ms
Running: /work/src/fuzz/corpus/float_math_diff/f23_00
Executed /work/src/fuzz/corpus/float_math_diff/f07_29 in 0 ms
Running: /work/src/fuzz/corpus/float_math_diff/f07_30
Executed /work/src/fuzz/corpus/float_math_diff/f10_14 in 0 ms
Executed /work/src/fuzz/corpus/float_math_diff/f25_26 in 0 ms
Running: /work/src/fuzz/corpus/float_math_diff/f10_15
Running: /work/src/fuzz/corpus/float_math_diff/f25_27
Executed /work/src/fuzz/corpus/float_math_diff/f12_38 in 0 ms
Running: /work/src/fuzz/corpus/float_math_diff/f12_39
Executed /work/src/fuzz/corpus/float_math_diff/f15_15 in 0 ms
Running: /work/src/fuzz/corpus/float_math_diff/f15_16
Executed /work/src/fuzz/corpus/float_math_diff/f02_22 in 0 ms
Running: /work/src/fuzz/corpus/float_math_diff/f02_23
Executed /work/src/fuzz/corpus/float_math_diff/f00_01 in 0 ms
Running: /work/src/fuzz/corpus/float_math_diff/f00_02
Executed /work/src/fuzz/corpus/float_math_diff/f05_04 in 0 ms
Running: /work/src/fuzz/corpus/float_math_diff/f05_05
Executed /work/src/fuzz/corpus/float_math_diff/f07_30 in 0 ms
Running: /work/src/fuzz/corpus/float_math_diff/f07_31
Executed /work/src/fuzz/corpus/float_math_diff/f20_21 in 0 ms
Executed /work/src/fuzz/corpus/float_math_diff/f10_15 in 0 ms
Running: /work/src/fuzz/corpus/float_math_diff/f20_22
Running: /work/src/fuzz/corpus/float_math_diff/f10_16
Executed /work/src/fuzz/corpus/float_math_diff/f25_27 in 0 ms
Executed /work/src/fuzz/corpus/float_math_diff/f12_39 in 0 ms
Running: /work/src/fuzz/corpus/float_math_diff/f25_28
Running: /work/src/fuzz/corpus/float_math_diff/f13_00
Executed /work/src/fuzz/corpus/float_math_diff/f17_35 in 0 ms
Executed /work/src/fuzz/corpus/float_math_diff/f15_16 in 0 ms
Running: /work/src/fuzz/corpus/float_math_diff/f17_36
Running: /work/src/fuzz/corpus/float_math_diff/f15_17
Executed /work/src/fuzz/corpus/float_math_diff/f00_02 in 0 ms
Executed /work/src/fuzz/corpus/float_math_diff/f02_23 in 0 ms
Running: /work/src/fuzz/corpus/float_math_diff/f00_03
Running: /work/src/fuzz/corpus/float_math_diff/f02_24
Executed /work/src/fuzz/corpus/float_math_diff/f07_31 in 0 ms
Running: /work/src/fuzz/corpus/float_math_diff/f07_32
Executed /work/src/fuzz/corpus/float_math_diff/f23_00 in 0 ms
Executed /work/src/fuzz/corpus/float_math_diff/f05_05 in 0 ms
Running: /work/src/fuzz/corpus/float_math_diff/f23_01
Running: /work/src/fuzz/corpus/float_math_diff/f05_06
Executed /work/src/fuzz/corpus/float_math_diff/f10_16 in 0 ms
Running: /work/src/fuzz/corpus/float_math_diff/f10_17
Executed /work/src/fuzz/corpus/float_math_diff/f25_28 in 0 ms
Executed /work/src/fuzz/corpus/float_math_diff/f20_22 in 0 ms
Running: /work/src/fuzz/corpus/float_math_diff/f25_29
Running: /work/src/fuzz/corpus/float_math_diff/f20_23
Executed /work/src/fuzz/corpus/float_math_diff/f15_17 in 0 ms
Executed /work/src/fuzz/corpus/float_math_diff/f13_00 in 0 ms
Running: /work/src/fuzz/corpus/float_math_diff/f15_18
Running: /work/src/fuzz/corpus/float_math_diff/f13_01
Executed /work/src/fuzz/corpus/float_math_diff/f00_03 in 0 ms
Executed /work/src/fuzz/corpus/float_math_diff/f07_32 in 0 ms
Running: /work/src/fuzz/corpus/float_math_diff/f00_04
Running: /work/src/fuzz/corpus/float_math_diff/f07_33
Executed /work/src/fuzz/corpus/float_math_diff/f02_24 in 0 ms
Running: /work/src/fuzz/corpus/float_math_diff/f02_25
Executed /work/src/fuzz/corpus/float_math_diff/f10_17 in 0 ms
Executed /work/src/fuzz/corpus/float_math_diff/f23_01 in 0 ms
Executed /work/src/fuzz/corpus/float_math_diff/f05_06 in 0 ms
Running: /work/src/fuzz/corpus/float_math_diff/f10_18
Executed /work/src/fuzz/corpus/float_math_diff/f25_29 in 0 ms
Running: /work/src/fuzz/corpus/float_math_diff/f23_02
Running: /work/src/fuzz/corpus/float_math_diff/f05_07
Executed /work/src/fuzz/corpus/float_math_diff/f20_23 in 0 ms
Running: /work/src/fuzz/corpus/float_math_diff/f25_30
Executed /work/src/fuzz/corpus/float_math_diff/f17_36 in 0 ms
Executed /work/src/fuzz/corpus/float_math_diff/f13_01 in 0 ms
Running: /work/src/fuzz/corpus/float_math_diff/f20_24
Running: /work/src/fuzz/corpus/float_math_diff/f17_37
Running: /work/src/fuzz/corpus/float_math_diff/f13_02
Executed /work/src/fuzz/corpus/float_math_diff/f15_18 in 0 ms
Running: /work/src/fuzz/corpus/float_math_diff/f15_19
Executed /work/src/fuzz/corpus/float_math_diff/f07_33 in 0 ms
Executed /work/src/fuzz/corpus/float_math_diff/f02_25 in 0 ms
Running: /work/src/fuzz/corpus/float_math_diff/f07_34
Running: /work/src/fuzz/corpus/float_math_diff/f02_26
Executed /work/src/fuzz/corpus/float_math_diff/f00_04 in 0 ms
Running: /work/src/fuzz/corpus/float_math_diff/f00_05
Executed /work/src/fuzz/corpus/float_math_diff/f23_02 in 0 ms
Executed /work/src/fuzz/corpus/float_math_diff/f10_18 in 0 ms
Running: /work/src/fuzz/corpus/float_math_diff/f23_03
Running: /work/src/fuzz/corpus/float_math_diff/f10_19
Executed /work/src/fuzz/corpus/float_math_diff/f05_07 in 0 ms
Running: /work/src/fuzz/corpus/float_math_diff/f05_08
Executed /work/src/fuzz/corpus/float_math_diff/f25_30 in 0 ms
Running: /work/src/fuzz/corpus/float_math_diff/f25_31
Executed /work/src/fuzz/corpus/float_math_diff/f15_19 in 0 ms
Executed /work/src/fuzz/corpus/float_math_diff/f20_24 in 0 ms
Running: /work/src/fuzz/corpus/float_math_diff/f15_20
Executed /work/src/fuzz/corpus/float_math_diff/f17_37 in 0 ms
Executed /work/src/fuzz/corpus/float_math_diff/f13_02 in 0 ms
Executed /work/src/fuzz/corpus/float_math_diff/f07_34 in 0 ms
Running: /work/src/fuzz/corpus/float_math_diff/f20_25
Running: /work/src/fuzz/corpus/float_math_diff/f17_38
Running: /work/src/fuzz/corpus/float_math_diff/f13_03
Executed /work/src/fuzz/corpus/float_math_diff/f00_05 in 0 ms
Running: /work/src/fuzz/corpus/float_math_diff/f07_35
Running: /work/src/fuzz/corpus/float_math_diff/f00_06
Executed /work/src/fuzz/corpus/float_math_diff/f02_26 in 0 ms
Executed /work/src/fuzz/corpus/float_math_diff/f23_03 in 0 ms
Executed /work/src/fuzz/corpus/float_math_diff/f10_19 in 0 ms
Running: /work/src/fuzz/corpus/float_math_diff/f02_27
Executed /work/src/fuzz/corpus/float_math_diff/f25_31 in 0 ms
Running: /work/src/fuzz/corpus/float_math_diff/f23_04
Running: /work/src/fuzz/corpus/float_math_diff/f10_20
Running: /work/src/fuzz/corpus/float_math_diff/f25_32
Executed /work/src/fuzz/corpus/float_math_diff/f05_08 in 0 ms
Running: /work/src/fuzz/corpus/float_math_diff/f05_09
Executed /work/src/fuzz/corpus/float_math_diff/f15_20 in 0 ms
Running: /work/src/fuzz/corpus/float_math_diff/f15_21
Executed /work/src/fuzz/corpus/float_math_diff/f20_25 in 0 ms
Executed /work/src/fuzz/corpus/float_math_diff/f13_03 in 0 ms
Executed /work/src/fuzz/corpus/float_math_diff/f17_38 in 0 ms
Running: /work/src/fuzz/corpus/float_math_diff/f20_26
Running: /work/src/fuzz/corpus/float_math_diff/f13_04
Running: /work/src/fuzz/corpus/float_math_diff/f17_39
Executed /work/src/fuzz/corpus/float_math_diff/f07_35 in 0 ms
Executed /work/src/fuzz/corpus/float_math_diff/f00_06 in 0 ms
Running: /work/src/fuzz/corpus/float_math_diff/f07_36
Running: /work/src/fuzz/corpus/float_math_diff/f00_07
Executed /work/src/fuzz/corpus/float_math_diff/f23_04 in 0 ms
Executed /work/src/fuzz/corpus/float_math_diff/f10_20 in 0 ms
Running: /work/src/fuzz/corpus/float_math_diff/f23_05
Running: /work/src/fuzz/corpus/float_math_diff/f10_21
Executed /work/src/fuzz/corpus/float_math_diff/f25_32 in 0 ms
Running: /work/src/fuzz/corpus/float_math_diff/f25_33
Executed /work/src/fuzz/corpus/float_math_diff/f05_09 in 0 ms
Executed /work/src/fuzz/corpus/float_math_diff/f15_21 in 0 ms
Running: /work/src/fuzz/corpus/float_math_diff/f05_10
Running: /work/src/fuzz/corpus/float_math_diff/f15_22
Executed /work/src/fuzz/corpus/float_math_diff/f20_26 in 0 ms
Executed /work/src/fuzz/corpus/float_math_diff/f13_04 in 0 ms
Executed /work/src/fuzz/corpus/float_math_diff/f17_39 in 0 ms
Running: /work/src/fuzz/corpus/float_math_diff/f20_27
Running: /work/src/fuzz/corpus/float_math_diff/f13_05
Running: /work/src/fuzz/corpus/float_math_diff/f18_00
Executed /work/src/fuzz/corpus/float_math_diff/f07_36 in 0 ms
Running: /work/src/fuzz/corpus/float_math_diff/f07_37
Executed /work/src/fuzz/corpus/float_math_diff/f10_21 in 0 ms
Executed /work/src/fuzz/corpus/float_math_diff/f25_33 in 0 ms
Running: /work/src/fuzz/corpus/float_math_diff/f10_22
Running: /work/src/fuzz/corpus/float_math_diff/f25_34
Executed /work/src/fuzz/corpus/float_math_diff/f23_05 in 0 ms
Running: /work/src/fuzz/corpus/float_math_diff/f23_06
Executed /work/src/fuzz/corpus/float_math_diff/f15_22 in 0 ms
Running: /work/src/fuzz/corpus/float_math_diff/f15_23
Executed /work/src/fuzz/corpus/float_math_diff/f05_10 in 0 ms
Executed /work/src/fuzz/corpus/float_math_diff/f13_05 in 0 ms
Running: /work/src/fuzz/corpus/float_math_diff/f05_11
Running: /work/src/fuzz/corpus/float_math_diff/f13_06
Executed /work/src/fuzz/corpus/float_math_diff/f07_37 in 0 ms
Running: /work/src/fuzz/corpus/float_math_diff/f07_38
Executed /work/src/fuzz/corpus/float_math_diff/f10_22 in 0 ms
Running: /work/src/fuzz/corpus/float_math_diff/f10_23
Executed /work/src/fuzz/corpus/float_math_diff/f25_34 in 0 ms
Executed /work/src/fuzz/corpus/float_math_diff/f23_06 in 0 ms
Running: /work/src/fuzz/corpus/float_math_diff/f25_35
Running: /work/src/fuzz/corpus/float_math_diff/f23_07
Executed /work/src/fuzz/corpus/float_math_diff/f15_23 in 0 ms
Executed /work/src/fuzz/corpus/float_math_diff/f20_27 in 0 ms
Running: /work/src/fuzz/corpus/float_math_diff/f15_24
Running: /work/src/fuzz/corpus/float_math_diff/f20_28
Executed /work/src/fuzz/corpus/float_math_diff/f05_11 in 0 ms
Executed /work/src/fuzz/corpus/float_math_diff/f02_27 in 0 ms
Running: /work/src/fuzz/corpus/float_math_diff/f05_12
Executed /work/src/fuzz/corpus/float_math_diff/f07_38 in 0 ms
Executed /work/src/fuzz/corpus/float_math_diff/f13_06 in 0 ms
Running: /work/src/fuzz/corpus/float_math_diff/f02_28
Running: /work/src/fuzz/corpus/float_math_diff/f07_39
Executed /work/src/fuzz/corpus/float_math_diff/f10_23 in 0 ms
Executed /work/src/fuzz/corpus/float_math_diff/f18_00 in 0 ms
Running: /work/src/fuzz/corpus/float_math_diff/f13_07
Executed /work/src/fuzz/corpus/float_math_diff/f23_07 in 0 ms
Running: /work/src/fuzz/corpus/float_math_diff/f10_24
Executed /work/src/fuzz/corpus/float_math_diff/f25_35 in 0 ms
Running: /work/src/fuzz/corpus/float_math_diff/f18_01
Running: /work/src/fuzz/corpus/float_math_diff/f23_08
Executed /work/src/fuzz/corpus/float_math_diff/f15_24 in 0 ms
Running: /work/src/fuzz/corpus/float_math_diff/f25_36
Executed /work/src/fuzz/corpus/float_math_diff/f00_07 in 0 ms
Executed /work/src/fuzz/corpus/float_math_diff/f20_28 in 0 ms
Running: /work/src/fuzz/corpus/float_math_diff/f15_25
Running: /work/src/fuzz/corpus/float_math_diff/f00_08
Running: /work/src/fuzz/corpus/float_math_diff/f20_29
Executed /work/src/fuzz/corpus/float_math_diff/f02_28 in 0 ms
Executed /work/src/fuzz/corpus/float_math_diff/f05_12 in 0 ms
Executed /work/src/fuzz/corpus/float_math_diff/f13_07 in 0 ms
Executed /work/src/fuzz/corpus/float_math_diff/f07_39 in 0 ms
Running: /work/src/fuzz/corpus/float_math_diff/f02_29
Running: /work/src/fuzz/corpus/float_math_diff/f05_13
Running: /work/src/fuzz/corpus/float_math_diff/f13_08
Running: /work/src/fuzz/corpus/float_math_diff/f08_00
Executed /work/src/fuzz/corpus/float_math_diff/f15_25 in 0 ms
Executed /work/src/fuzz/corpus/float_math_diff/f10_24 in 0 ms
Executed /work/src/fuzz/corpus/float_math_diff/f23_08 in 0 ms
Executed /work/src/fuzz/corpus/float_math_diff/f25_36 in 0 ms
Running: /work/src/fuzz/corpus/float_math_diff/f15_26
Executed /work/src/fuzz/corpus/float_math_diff/f20_29 in 0 ms
Running: /work/src/fuzz/corpus/float_math_diff/f10_25
Running: /work/src/fuzz/corpus/float_math_diff/f23_09
Running: /work/src/fuzz/corpus/float_math_diff/f25_37
Running: /work/src/fuzz/corpus/float_math_diff/f20_30
Executed /work/src/fuzz/corpus/float_math_diff/f18_01 in 0 ms
Executed /work/src/fuzz/corpus/float_math_diff/f02_29 in 0 ms
Executed /work/src/fuzz/corpus/float_math_diff/f05_13 in 0 ms
Running: /work/src/fuzz/corpus/float_math_diff/f18_02
Executed /work/src/fuzz/corpus/float_math_diff/f13_08 in 0 ms
Running: /work/src/fuzz/corpus/float_math_diff/f02_30
Executed /work/src/fuzz/corpus/float_math_diff/f08_00 in 0 ms
Running: /work/src/fuzz/corpus/float_math_diff/f05_14
Running: /work/src/fuzz/corpus/float_math_diff/f13_09
Running: /work/src/fuzz/corpus/float_math_diff/f08_01
Executed /work/src/fuzz/corpus/float_math_diff/f15_26 in 0 ms
Executed /work/src/fuzz/corpus/float_math_diff/f10_25 in 0 ms
Executed /work/src/fuzz/corpus/float_math_diff/f23_09 in 0 ms
Running: /work/src/fuzz/corpus/float_math_diff/f15_27
Running: /work/src/fuzz/corpus/float_math_diff/f10_26
Running: /work/src/fuzz/corpus/float_math_diff/f23_10
Executed /work/src/fuzz/corpus/float_math_diff/f00_08 in 0 ms
Running: /work/src/fuzz/corpus/float_math_diff/f00_09
Executed /work/src/fuzz/corpus/float_math_diff/f18_02 in 0 ms
Running: /work/src/fuzz/corpus/float_math_diff/f18_03
Executed /work/src/fuzz/corpus/float_math_diff/f08_01 in 0 ms
Executed /work/src/fuzz/corpus/float_math_diff/f05_14 in 0 ms
Executed /work/src/fuzz/corpus/float_math_diff/f13_09 in 0 ms
Running: /work/src/fuzz/corpus/float_math_diff/f08_02
Running: /work/src/fuzz/corpus/float_math_diff/f05_15
Executed /work/src/fuzz/corpus/float_math_diff/f20_30 in 0 ms
Running: /work/src/fuzz/corpus/float_math_diff/f13_10
Executed /work/src/fuzz/corpus/float_math_diff/f15_27 in 0 ms
Running: /work/src/fuzz/corpus/float_math_diff/f20_31
Executed /work/src/fuzz/corpus/float_math_diff/f10_26 in 0 ms
Running: /work/src/fuzz/corpus/float_math_diff/f15_28
Executed /work/src/fuzz/corpus/float_math_diff/f23_10 in 0 ms
Running: /work/src/fuzz/corpus/float_math_diff/f10_27
Running: /work/src/fuzz/corpus/float_math_diff/f23_11
Executed /work/src/fuzz/corpus/float_math_diff/f02_30 in 0 ms
Running: /work/src/fuzz/corpus/float_math_diff/f02_31
Executed /work/src/fuzz/corpus/float_math_diff/f05_15 in 0 ms
Executed /work/src/fuzz/corpus/float_math_diff/f13_10 in 0 ms
Running: /work/src/fuzz/corpus/float_math_diff/f05_16
Executed /work/src/fuzz/corpus/float_math_diff/f20_31 in 0 ms
Executed /work/src/fuzz/corpus/float_math_diff/f08_02 in 0 ms
Running: /work/src/fuzz/corpus/float_math_diff/f13_11
Running: /work/src/fuzz/corpus/float_math_diff/f20_32
Executed /work/src/fuzz/corpus/float_math_diff/f00_09 in 0 ms
Running: /work/src/fuzz/corpus/float_math_diff/f08_03
Executed /work/src/fuzz/corpus/float_math_diff/f10_27 in 0 ms
Executed /work/src/fuzz/corpus/float_math_diff/f15_28 in 0 ms
Executed /work/src/fuzz/corpus/float_math_diff/f23_11 in 0 ms
Running: /work/src/fuzz/corpus/float_math_diff/f00_10
Executed /work/src/fuzz/corpus/float_math_diff/f18_03 in 0 ms
Running: /work/src/fuzz/corpus/float_math_diff/f10_28
Running: /work/src/fuzz/corpus/float_math_diff/f15_29
Running: /work/src/fuzz/corpus/float_math_diff/f23_12
Running: /work/src/fuzz/corpus/float_math_diff/f18_04
Executed /work/src/fuzz/corpus/float_math_diff/f25_37 in 0 ms
Running: /work/src/fuzz/corpus/float_math_diff/f25_38
Executed /work/src/fuzz/corpus/float_math_diff/f13_11 in 0 ms
Running: /work/src/fuzz/corpus/float_math_diff/f13_12
Executed /work/src/fuzz/corpus/float_math_diff/f05_16 in 0 ms
Running: /work/src/fuzz/corpus/float_math_diff/f05_17
Executed /work/src/fuzz/corpus/float_math_diff/f02_31 in 0 ms
Executed /work/src/fuzz/corpus/float_math_diff/f08_03 in 0 ms
Running: /work/src/fuzz/corpus/float_math_diff/f02_32
Running: /work/src/fuzz/corpus/float_math_diff/f08_04
Executed /work/src/fuzz/corpus/float_math_diff/f10_28 in 0 ms
Running: /work/src/fuzz/corpus/float_math_diff/f10_29
Executed /work/src/fuzz/corpus/float_math_diff/f15_29 in 0 ms
Running: /work/src/fuzz/corpus/float_math_diff/f15_30
Executed /work/src/fuzz/corpus/float_math_diff/f18_04 in 0 ms
Executed /work/src/fuzz/corpus/float_math_diff/f23_12 in 0 ms
Running: /work/src/fuzz/corpus/float_math_diff/f18_05
Running: /work/src/fuzz/corpus/float_math_diff/f23_13
Executed /work/src/fuzz/corpus/float_math_diff/f20_32 in 0 ms
Running: /work/src/fuzz/corpus/float_math_diff/f20_33
Executed /work/src/fuzz/corpus/float_math_diff/f05_17 in 0 ms
Executed /work/src/fuzz/corpus/float_math_diff/f13_12 in 0 ms
Running: /work/src/fuzz/corpus/float_math_diff/f05_18
Executed /work/src/fuzz/corpus/float_math_diff/f08_04 in 0 ms
Running: /work/src/fuzz/corpus/float_math_diff/f13_13
Running: /work/src/fuzz/corpus/float_math_diff/f08_05
Executed /work/src/fuzz/corpus/float_math_diff/f10_29 in 0 ms
Running: /work/src/fuzz/corpus/float_math_diff/f10_30
Executed /work/src/fuzz/corpus/float_math_diff/f00_10 in 0 ms
Executed /work/src/fuzz/corpus/float_math_diff/f25_38 in 0 ms
Running: /work/src/fuzz/corpus/float_math_diff/f00_11
Executed /work/src/fuzz/corpus/float_math_diff/f15_30 in 0 ms
Running: /work/src/fuzz/corpus/float_math_diff/f25_39
Running: /work/src/fuzz/corpus/float_math_diff/f15_31
Executed /work/src/fuzz/corpus/float_math_diff/f18_05 in 0 ms
Executed /work/src/fuzz/corpus/float_math_diff/f23_13 in 0 ms
Running: /work/src/fuzz/corpus/float_math_diff/f18_06
Running: /work/src/fuzz/corpus/float_math_diff/f23_14
Executed /work/src/fuzz/corpus/float_math_diff/f02_32 in 0 ms
Executed /work/src/fuzz/corpus/float_math_diff/f20_33 in 0 ms
Running: /work/src/fuzz/corpus/float_math_diff/f02_33
Running: /work/src/fuzz/corpus/float_math_diff/f20_34
Executed /work/src/fuzz/corpus/float_math_diff/f05_18 in 0 ms
Executed /work/src/fuzz/corpus/float_math_diff/f08_05 in 0 ms
Executed /work/src/fuzz/corpus/float_math_diff/f13_13 in 0 ms
Running: /work/src/fuzz/corpus/float_math_diff/f05_19
Running: /work/src/fuzz/corpus/float_math_diff/f08_06
Running: /work/src/fuzz/corpus/float_math_diff/f13_14
Executed /work/src/fuzz/corpus/float_math_diff/f10_30 in 0 ms
Running: /work/src/fuzz/corpus/float_math_diff/f10_31
Executed /work/src/fuzz/corpus/float_math_diff/f15_31 in 0 ms
Executed /work/src/fuzz/corpus/float_math_diff/f25_39 in 0 ms
Running: /work/src/fuzz/corpus/float_math_diff/f15_32
Running: /work/src/fuzz/corpus/float_math_diff/f26_00
Executed /work/src/fuzz/corpus/float_math_diff/f23_14 in 0 ms
Executed /work/src/fuzz/corpus/float_math_diff/f18_06 in 0 ms
Running: /work/src/fuzz/corpus/float_math_diff/f23_15
Running: /work/src/fuzz/corpus/float_math_diff/f18_07
Executed /work/src/fuzz/corpus/float_math_diff/f20_34 in 0 ms
Running: /work/src/fuzz/corpus/float_math_diff/f20_35
Executed /work/src/fuzz/corpus/float_math_diff/f05_19 in 0 ms
Running: /work/src/fuzz/corpus/float_math_diff/f05_20
Executed /work/src/fuzz/corpus/float_math_diff/f08_06 in 0 ms
Running: /work/src/fuzz/corpus/float_math_diff/f08_07
Executed /work/src/fuzz/corpus/float_math_diff/f10_31 in 0 ms
Running: /work/src/fuzz/corpus/float_math_diff/f10_32
Executed /work/src/fuzz/corpus/float_math_diff/f02_33 in 0 ms
Executed /work/src/fuzz/corpus/float_math_diff/f00_11 in 0 ms
Running: /work/src/fuzz/corpus/float_math_diff/f02_34
Executed /work/src/fuzz/corpus/float_math_diff/f15_32 in 0 ms
Running: /work/src/fuzz/corpus/float_math_diff/f00_12
Running: /work/src/fuzz/corpus/float_math_diff/f15_33
Executed /work/src/fuzz/corpus/float_math_diff/f18_07 in 0 ms
Executed /work/src/fuzz/corpus/float_math_diff/f13_14 in 0 ms
Running: /work/src/fuzz/corpus/float_math_diff/f18_08
Running: /work/src/fuzz/corpus/float_math_diff/f13_15
Executed /work/src/fuzz/corpus/float_math_diff/f23_15 in 0 ms
Running: /work/src/fuzz/corpus/float_math_diff/f23_16
Executed /work/src/fuzz/corpus/float_math_diff/f05_20 in 0 ms
Running: /work/src/fuzz/corpus/float_math_diff/f05_21
Executed /work/src/fuzz/corpus/float_math_diff/f26_00 in 0 ms
Executed /work/src/fuzz/corpus/float_math_diff/f02_34 in 0 ms
Executed /work/src/fuzz/corpus/float_math_diff/f15_33 in 0 ms
Running: /work/src/fuzz/corpus/float_math_diff/f26_01
Running: /work/src/fuzz/corpus/float_math_diff/f02_35
Running: /work/src/fuzz/corpus/float_math_diff/f15_34
Executed /work/src/fuzz/corpus/float_math_diff/f20_35 in 0 ms
Executed /work/src/fuzz/corpus/float_math_diff/f18_08 in 0 ms
Running: /work/src/fuzz/corpus/float_math_diff/f20_36
Executed /work/src/fuzz/corpus/float_math_diff/f13_15 in 0 ms
Executed /work/src/fuzz/corpus/float_math_diff/f00_12 in 0 ms
Running: /work/src/fuzz/corpus/float_math_diff/f18_09
Executed /work/src/fuzz/corpus/float_math_diff/f10_32 in 0 ms
Running: /work/src/fuzz/corpus/float_math_diff/f13_16
Running: /work/src/fuzz/corpus/float_math_diff/f00_13
Executed /work/src/fuzz/corpus/float_math_diff/f23_16 in 0 ms
Running: /work/src/fuzz/corpus/float_math_diff/f10_33
Running: /work/src/fuzz/corpus/float_math_diff/f23_17
Executed /work/src/fuzz/corpus/float_math_diff/f05_21 in 0 ms
Running: /work/src/fuzz/corpus/float_math_diff/f05_22
Executed /work/src/fuzz/corpus/float_math_diff/f26_01 in 0 ms
Running: /work/src/fuzz/corpus/float_math_diff/f26_02
Executed /work/src/fuzz/corpus/float_math_diff/f15_34 in 0 ms
Running: /work/src/fuzz/corpus/float_math_diff/f15_35
Executed /work/src/fuzz/corpus/float_math_diff/f20_36 in 0 ms
Executed /work/src/fuzz/corpus/float_math_diff/f18_09 in 0 ms
Running: /work/src/fuzz/corpus/float_math_diff/f20_37
Executed /work/src/fuzz/corpus/float_math_diff/f13_16 in 0 ms
Running: /work/src/fuzz/corpus/float_math_diff/f18_10
Running: /work/src/fuzz/corpus/float_math_diff/f13_17
Executed /work/src/fuzz/corpus/float_math_diff/f23_17 in 0 ms
Executed /work/src/fuzz/corpus/float_math_diff/f10_33 in 0 ms
Executed /work/src/fuzz/corpus/float_math_diff/f05_22 in 0 ms
Running: /work/src/fuzz/corpus/float_math_diff/f23_18
Running: /work/src/fuzz/corpus/float_math_diff/f10_34
Running: /work/src/fuzz/corpus/float_math_diff/f05_23
Executed /work/src/fuzz/corpus/float_math_diff/f02_35 in 0 ms
Running: /work/src/fuzz/corpus/float_math_diff/f02_36
Executed /work/src/fuzz/corpus/float_math_diff/f26_02 in 0 ms
Executed /work/src/fuzz/corpus/float_math_diff/f08_07 in 0 ms
Running: /work/src/fuzz/corpus/float_math_diff/f26_03
Running: /work/src/fuzz/corpus/float_math_diff/f08_08
Executed /work/src/fuzz/corpus/float_math_diff/f15_35 in 0 ms
Running: /work/src/fuzz/corpus/float_math_diff/f15_36
Executed /work/src/fuzz/corpus/float_math_diff/f20_37 in 0 ms
Executed /work/src/fuzz/corpus/float_math_diff/f13_17 in 0 ms
Running: /work/src/fuzz/corpus/float_math_diff/f20_38
Running: /work/src/fuzz/corpus/float_math_diff/f13_18
Executed /work/src/fuzz/corpus/float_math_diff/f00_13 in 0 ms
Executed /work/src/fuzz/corpus/float_math_diff/f23_18 in 0 ms
Running: /work/src/fuzz/corpus/float_math_diff/f00_14
Running: /work/src/fuzz/corpus/float_math_diff/f23_19
Executed /work/src/fuzz/corpus/float_math_diff/f05_23 in 0 ms
Executed /work/src/fuzz/corpus/float_math_diff/f10_34 in 0 ms
Running: /work/src/fuzz/corpus/float_math_diff/f05_24
Executed /work/src/fuzz/corpus/float_math_diff/f26_03 in 0 ms
Executed /work/src/fuzz/corpus/float_math_diff/f02_36 in 0 ms
Running: /work/src/fuzz/corpus/float_math_diff/f10_35
Running: /work/src/fuzz/corpus/float_math_diff/f26_04
Running: /work/src/fuzz/corpus/float_math_diff/f02_37
Executed /work/src/fuzz/corpus/float_math_diff/f18_10 in 0 ms
Running: /work/src/fuzz/corpus/float_math_diff/f18_11
Executed /work/src/fuzz/corpus/float_math_diff/f13_18 in 0 ms
Running: /work/src/fuzz/corpus/float_math_diff/f13_19
Executed /work/src/fuzz/corpus/float_math_diff/f08_08 in 0 ms
Executed /work/src/fuzz/corpus/float_math_diff/f23_19 in 0 ms
Running: /work/src/fuzz/corpus/float_math_diff/f08_09
Running: /work/src/fuzz/corpus/float_math_diff/f23_20
Executed /work/src/fuzz/corpus/float_math_diff/f05_24 in 0 ms
Executed /work/src/fuzz/corpus/float_math_diff/f10_35 in 0 ms
Running: /work/src/fuzz/corpus/float_math_diff/f05_25
Executed /work/src/fuzz/corpus/float_math_diff/f15_36 in 0 ms
Executed /work/src/fuzz/corpus/float_math_diff/f02_37 in 0 ms
Running: /work/src/fuzz/corpus/float_math_diff/f10_36
Running: /work/src/fuzz/corpus/float_math_diff/f15_37
Running: /work/src/fuzz/corpus/float_math_diff/f02_38
Executed /work/src/fuzz/corpus/float_math_diff/f13_19 in 0 ms
Running: /work/src/fuzz/corpus/float_math_diff/f13_20
Executed /work/src/fuzz/corpus/float_math_diff/f26_04 in 0 ms
Running: /work/src/fuzz/corpus/float_math_diff/f26_05
Executed /work/src/fuzz/corpus/float_math_diff/f00_14 in 0 ms
Executed /work/src/fuzz/corpus/float_math_diff/f23_20 in 0 ms
Running: /work/src/fuzz/corpus/float_math_diff/f00_15
Running: /work/src/fuzz/corpus/float_math_diff/f23_21
Executed /work/src/fuzz/corpus/float_math_diff/f20_38 in 0 ms
Executed /work/src/fuzz/corpus/float_math_diff/f10_36 in 0 ms
Executed /work/src/fuzz/corpus/float_math_diff/f05_25 in 0 ms
Executed /work/src/fuzz/corpus/float_math_diff/f18_11 in 0 ms
Running: /work/src/fuzz/corpus/float_math_diff/f20_39
Running: /work/src/fuzz/corpus/float_math_diff/f10_37
Executed /work/src/fuzz/corpus/float_math_diff/f15_37 in 0 ms
Running: /work/src/fuzz/corpus/float_math_diff/f05_26
Running: /work/src/fuzz/corpus/float_math_diff/f18_12
Executed /work/src/fuzz/corpus/float_math_diff/f08_09 in 0 ms
Running: /work/src/fuzz/corpus/float_math_diff/f15_38
Executed /work/src/fuzz/corpus/float_math_diff/f13_20 in 0 ms
Running: /work/src/fuzz/corpus/float_math_diff/f08_10
Running: /work/src/fuzz/corpus/float_math_diff/f13_21
Executed /work/src/fuzz/corpus/float_math_diff/f23_21 in 0 ms
Executed /work/src/fuzz/corpus/float_math_diff/f26_05 in 0 ms
Running: /work/src/fuzz/corpus/float_math_diff/f23_22
Running: /work/src/fuzz/corpus/float_math_diff/f26_06
Executed /work/src/fuzz/corpus/float_math_diff/f02_38 in 0 ms
Running: /work/src/fuzz/corpus/float_math_diff/f02_39
Executed /work/src/fuzz/corpus/float_math_diff/f18_12 in 0 ms
Running: /work/src/fuzz/corpus/float_math_diff/f18_13
Executed /work/src/fuzz/corpus/float_math_diff/f05_26 in 0 ms
Executed /work/src/fuzz/corpus/float_math_diff/f15_38 in 0 ms
Running: /work/src/fuzz/corpus/float_math_diff/f05_27
Executed /work/src/fuzz/corpus/float_math_diff/f20_39 in 0 ms
Executed /work/src/fuzz/corpus/float_math_diff/f13_21 in 0 ms
Running: /work/src/fuzz/corpus/float_math_diff/f15_39
Running: /work/src/fuzz/corpus/float_math_diff/f21_00
Running: /work/src/fuzz/corpus/float_math_diff/f13_22
Executed /work/src/fuzz/corpus/float_math_diff/f26_06 in 0 ms
Executed /work/src/fuzz/corpus/float_math_diff/f00_15 in 0 ms
Running: /work/src/fuzz/corpus/float_math_diff/f26_07
Running: /work/src/fuzz/corpus/float_math_diff/f00_16
Executed /work/src/fuzz/corpus/float_math_diff/f02_39 in 0 ms
Running: /work/src/fuzz/corpus/float_math_diff/f03_00
Executed /work/src/fuzz/corpus/float_math_diff/f18_13 in 0 ms
Running: /work/src/fuzz/corpus/float_math_diff/f18_14
Executed /work/src/fuzz/corpus/float_math_diff/f05_27 in 0 ms
Executed /work/src/fuzz/corpus/float_math_diff/f15_39 in 0 ms
Running: /work/src/fuzz/corpus/float_math_diff/f05_28
Executed /work/src/fuzz/corpus/float_math_diff/f23_22 in 0 ms
Running: /work/src/fuzz/corpus/float_math_diff/f16_00
Running: /work/src/fuzz/corpus/float_math_diff/f23_23
Executed /work/src/fuzz/corpus/float_math_diff/f26_07 in 0 ms
Executed /work/src/fuzz/corpus/float_math_diff/f13_22 in 0 ms
Running: /work/src/fuzz/corpus/float_math_diff/f26_08
Executed /work/src/fuzz/corpus/float_math_diff/f08_10 in 0 ms
Running: /work/src/fuzz/corpus/float_math_diff/f13_23
Running: /work/src/fuzz/corpus/float_math_diff/f08_11
Executed /work/src/fuzz/corpus/float_math_diff/f03_00 in 0 ms
Running: /work/src/fuzz/corpus/float_math_diff/f03_01
Executed /work/src/fuzz/corpus/float_math_diff/f18_14 in 0 ms
Running: /work/src/fuzz/corpus/float_math_diff/f18_15
Executed /work/src/fuzz/corpus/float_math_diff/f23_23 in 0 ms
Executed /work/src/fuzz/corpus/float_math_diff/f16_00 in 0 ms
Running: /work/src/fuzz/corpus/float_math_diff/f23_24
Running: /work/src/fuzz/corpus/float_math_diff/f16_01
Executed /work/src/fuzz/corpus/float_math_diff/f13_23 in 0 ms
Executed /work/src/fuzz/corpus/float_math_diff/f26_08 in 0 ms
Running: /work/src/fuzz/corpus/float_math_diff/f13_24
Running: /work/src/fuzz/corpus/float_math_diff/f26_09
Executed /work/src/fuzz/corpus/float_math_diff/f00_16 in 0 ms
Running: /work/src/fuzz/corpus/float_math_diff/f00_17
Executed /work/src/fuzz/corpus/float_math_diff/f10_37 in 0 ms
Executed /work/src/fuzz/corpus/float_math_diff/f03_01 in 0 ms
Running: /work/src/fuzz/corpus/float_math_diff/f10_38
Running: /work/src/fuzz/corpus/float_math_diff/f03_02
Executed /work/src/fuzz/corpus/float_math_diff/f05_28 in 0 ms
Executed /work/src/fuzz/corpus/float_math_diff/f18_15 in 0 ms
Running: /work/src/fuzz/corpus/float_math_diff/f05_29
Executed /work/src/fuzz/corpus/float_math_diff/f21_00 in 0 ms
Running: /work/src/fuzz/corpus/float_math_diff/f18_16
Executed /work/src/fuzz/corpus/float_math_diff/f23_24 in 0 ms
Running: /work/src/fuzz/corpus/float_math_diff/f21_01
Running: /work/src/fuzz/corpus/float_math_diff/f23_25
Executed /work/src/fuzz/corpus/float_math_diff/f16_01 in 0 ms
Executed /work/src/fuzz/corpus/float_math_diff/f08_11 in 0 ms
Executed /work/src/fuzz/corpus/float_math_diff/f13_24 in 0 ms
Running: /work/src/fuzz/corpus/float_math_diff/f16_02
Running: /work/src/fuzz/corpus/float_math_diff/f08_12
Running: /work/src/fuzz/corpus/float_math_diff/f13_25
Executed /work/src/fuzz/corpus/float_math_diff/f26_09 in 0 ms
Running: /work/src/fuzz/corpus/float_math_diff/f26_10
Executed /work/src/fuzz/corpus/float_math_diff/f03_02 in 0 ms
Running: /work/src/fuzz/corpus/float_math_diff/f03_03
Executed /work/src/fuzz/corpus/float_math_diff/f05_29 in 0 ms
Running: /work/src/fuzz/corpus/float_math_diff/f05_30
Executed /work/src/fuzz/corpus/float_math_diff/f23_25 in 0 ms
Running: /work/src/fuzz/corpus/float_math_diff/f23_26
Executed /work/src/fuzz/corpus/float_math_diff/f18_16 in 0 ms
Executed /work/src/fuzz/corpus/float_math_diff/f13_25 in 0 ms
Executed /work/src/fuzz/corpus/float_math_diff/f08_12 in 0 ms
Running: /work/src/fuzz/corpus/float_math_diff/f18_17
Running: /work/src/fuzz/corpus/float_math_diff/f13_26
Running: /work/src/fuzz/corpus/float_math_diff/f08_13
Executed /work/src/fuzz/corpus/float_math_diff/f26_10 in 0 ms
Executed /work/src/fuzz/corpus/float_math_diff/f03_03 in 0 ms
Executed /work/src/fuzz/corpus/float_math_diff/f16_02 in 0 ms
Executed /work/src/fuzz/corpus/float_math_diff/f10_38 in 0 ms
Executed /work/src/fuzz/corpus/float_math_diff/f00_17 in 0 ms
Running: /work/src/fuzz/corpus/float_math_diff/f26_11
Running: /work/src/fuzz/corpus/float_math_diff/f03_04
Running: /work/src/fuzz/corpus/float_math_diff/f16_03
Running: /work/src/fuzz/corpus/float_math_diff/f10_39
Executed /work/src/fuzz/corpus/float_math_diff/f21_01 in 0 ms
Running: /work/src/fuzz/corpus/float_math_diff/f00_18
Executed /work/src/fuzz/corpus/float_math_diff/f05_30 in 0 ms
Executed /work/src/fuzz/corpus/float_math_diff/f23_26 in 0 ms
Running: /work/src/fuzz/corpus/float_math_diff/f21_02
Running: /work/src/fuzz/corpus/float_math_diff/f05_31
Running: /work/src/fuzz/corpus/float_math_diff/f23_27
Executed /work/src/fuzz/corpus/float_math_diff/f13_26 in 0 ms
Executed /work/src/fuzz/corpus/float_math_diff/f26_11 in 0 ms
Running: /work/src/fuzz/corpus/float_math_diff/f13_27
Running: /work/src/fuzz/corpus/float_math_diff/f26_12
Executed /work/src/fuzz/corpus/float_math_diff/f16_03 in 0 ms
Executed /work/src/fuzz/corpus/float_math_diff/f10_39 in 0 ms
Running: /work/src/fuzz/corpus/float_math_diff/f16_04
Executed /work/src/fuzz/corpus/float_math_diff/f03_04 in 0 ms
Running: /work/src/fuzz/corpus/float_math_diff/f11_00
Executed /work/src/fuzz/corpus/float_math_diff/f08_13 in 0 ms
Running: /work/src/fuzz/corpus/float_math_diff/f03_05
Executed /work/src/fuzz/corpus/float_math_diff/f18_17 in 0 ms
Running: /work/src/fuzz/corpus/float_math_diff/f08_14
Executed /work/src/fuzz/corpus/float_math_diff/f05_31 in 0 ms
Running: /work/src/fuzz/corpus/float_math_diff/f18_18
Executed /work/src/fuzz/corpus/float_math_diff/f21_02 in 0 ms
Running: /work/src/fuzz/corpus/float_math_diff/f05_32
Running: /work/src/fuzz/corpus/float_math_diff/f21_03
Executed /work/src/fuzz/corpus/float_math_diff/f23_27 in 0 ms
Running: /work/src/fuzz/corpus/float_math_diff/f23_28
Executed /work/src/fuzz/corpus/float_math_diff/f13_27 in 0 ms
Running: /work/src/fuzz/corpus/float_math_diff/f13_28
Executed /work/src/fuzz/corpus/float_math_diff/f26_12 in 0 ms
Running: /work/src/fuzz/corpus/float_math_diff/f26_13
Executed /work/src/fuzz/corpus/float_math_diff/f16_04 in 0 ms
Executed /work/src/fuzz/corpus/float_math_diff/f00_18 in 0 ms
Running: /work/src/fuzz/corpus/float_math_diff/f16_05
Running: /work/src/fuzz/corpus/float_math_diff/f00_19
Executed /work/src/fuzz/corpus/float_math_diff/f03_05 in 0 ms
Executed /work/src/fuzz/corpus/float_math_diff/f05_32 in 0 ms
Running: /work/src/fuzz/corpus/float_math_diff/f03_06
Running: /work/src/fuzz/corpus/float_math_diff/f05_33
Executed /work/src/fuzz/corpus/float_math_diff/f13_28 in 0 ms
Running: /work/src/fuzz/corpus/float_math_diff/f13_29
Executed /work/src/fuzz/corpus/float_math_diff/f23_28 in 0 ms
Running: /work/src/fuzz/corpus/float_math_diff/f23_29
Executed /work/src/fuzz/corpus/float_math_diff/f26_13 in 0 ms
Executed /work/src/fuzz/corpus/float_math_diff/f11_00 in 0 ms
Executed /work/src/fuzz/corpus/float_math_diff/f08_14 in 0 ms
Running: /work/src/fuzz/corpus/float_math_diff/f26_14
Running: /work/src/fuzz/corpus/float_math_diff/f11_01
Running: /work/src/fuzz/corpus/float_math_diff/f08_15
Executed /work/src/fuzz/corpus/float_math_diff/f16_05 in 0 ms
Running: /work/src/fuzz/corpus/float_math_diff/f16_06
Executed /work/src/fuzz/corpus/float_math_diff/f05_33 in 0 ms
Running: /work/src/fuzz/corpus/float_math_diff/f05_34
Executed /work/src/fuzz/corpus/float_math_diff/f21_03 in 0 ms
Executed /work/src/fuzz/corpus/float_math_diff/f13_29 in 0 ms
Running: /work/src/fuzz/corpus/float_math_diff/f21_04
Running: /work/src/fuzz/corpus/float_math_diff/f13_30
Executed /work/src/fuzz/corpus/float_math_diff/f23_29 in 0 ms
Running: /work/src/fuzz/corpus/float_math_diff/f23_30
Executed /work/src/fuzz/corpus/float_math_diff/f18_18 in 0 ms
Running: /work/src/fuzz/corpus/float_math_diff/f18_19
Executed /work/src/fuzz/corpus/float_math_diff/f11_01 in 0 ms
Executed /work/src/fuzz/corpus/float_math_diff/f26_14 in 0 ms
Running: /work/src/fuzz/corpus/float_math_diff/f11_02
Executed /work/src/fuzz/corpus/float_math_diff/f03_06 in 0 ms
Running: /work/src/fuzz/corpus/float_math_diff/f26_15
Running: /work/src/fuzz/corpus/float_math_diff/f03_07
Executed /work/src/fuzz/corpus/float_math_diff/f16_06 in 0 ms
Running: /work/src/fuzz/corpus/float_math_diff/f16_07
Executed /work/src/fuzz/corpus/float_math_diff/f00_19 in 0 ms
Executed /work/src/fuzz/corpus/float_math_diff/f05_34 in 0 ms
Executed /work/src/fuzz/corpus/float_math_diff/f21_04 in 0 ms
Running: /work/src/fuzz/corpus/float_math_diff/f00_20
Executed /work/src/fuzz/corpus/float_math_diff/f08_15 in 0 ms
Running: /work/src/fuzz/corpus/float_math_diff/f05_35
Executed /work/src/fuzz/corpus/float_math_diff/f23_30 in 0 ms
Executed /work/src/fuzz/corpus/float_math_diff/f13_30 in 0 ms
Running: /work/src/fuzz/corpus/float_math_diff/f21_05
Running: /work/src/fuzz/corpus/float_math_diff/f08_16
Running: /work/src/fuzz/corpus/float_math_diff/f23_31
Running: /work/src/fuzz/corpus/float_math_diff/f13_31
Executed /work/src/fuzz/corpus/float_math_diff/f11_02 in 0 ms
Executed /work/src/fuzz/corpus/float_math_diff/f26_15 in 0 ms
Executed /work/src/fuzz/corpus/float_math_diff/f16_07 in 0 ms
Running: /work/src/fuzz/corpus/float_math_diff/f11_03
Running: /work/src/fuzz/corpus/float_math_diff/f26_16
Running: /work/src/fuzz/corpus/float_math_diff/f16_08
Executed /work/src/fuzz/corpus/float_math_diff/f18_19 in 0 ms
Running: /work/src/fuzz/corpus/float_math_diff/f18_20
Executed /work/src/fuzz/corpus/float_math_diff/f05_35 in 0 ms
Running: /work/src/fuzz/corpus/float_math_diff/f05_36
Executed /work/src/fuzz/corpus/float_math_diff/f13_31 in 0 ms
Running: /work/src/fuzz/corpus/float_math_diff/f13_32
Executed /work/src/fuzz/corpus/float_math_diff/f23_31 in 0 ms
Running: /work/src/fuzz/corpus/float_math_diff/f23_32
Executed /work/src/fuzz/corpus/float_math_diff/f11_03 in 0 ms
Running: /work/src/fuzz/corpus/float_math_diff/f11_04
Executed /work/src/fuzz/corpus/float_math_diff/f03_07 in 0 ms
Running: /work/src/fuzz/corpus/float_math_diff/f03_08
Executed /work/src/fuzz/corpus/float_math_diff/f26_16 in 0 ms
Executed /work/src/fuzz/corpus/float_math_diff/f16_08 in 0 ms
Running: /work/src/fuzz/corpus/float_math_diff/f26_17
Running: /work/src/fuzz/corpus/float_math_diff/f16_09
Executed /work/src/fuzz/corpus/float_math_diff/f08_16 in 0 ms
Running: /work/src/fuzz/corpus/float_math_diff/f08_17
Executed /work/src/fuzz/corpus/float_math_diff/f21_05 in 0 ms
Executed /work/src/fuzz/corpus/float_math_diff/f00_20 in 0 ms
Executed /work/src/fuzz/corpus/float_math_diff/f05_36 in 0 ms
Running: /work/src/fuzz/corpus/float_math_diff/f21_06
Executed /work/src/fuzz/corpus/float_math_diff/f13_32 in 0 ms
Running: /work/src/fuzz/corpus/float_math_diff/f00_21
Running: /work/src/fuzz/corpus/float_math_diff/f05_37
Executed /work/src/fuzz/corpus/float_math_diff/f23_32 in 0 ms
Running: /work/src/fuzz/corpus/float_math_diff/f13_33
Running: /work/src/fuzz/corpus/float_math_diff/f23_33
Executed /work/src/fuzz/corpus/float_math_diff/f18_20 in 0 ms
Executed /work/src/fuzz/corpus/float_math_diff/f11_04 in 0 ms
Running: /work/src/fuzz/corpus/float_math_diff/f18_21
Running: /work/src/fuzz/corpus/float_math_diff/f11_05
Executed /work/src/fuzz/corpus/float_math_diff/f26_17 in 0 ms
Executed /work/src/fuzz/corpus/float_math_diff/f16_09 in 0 ms
Running: /work/src/fuzz/corpus/float_math_diff/f26_18
Running: /work/src/fuzz/corpus/float_math_diff/f16_10
Executed /work/src/fuzz/corpus/float_math_diff/f21_06 in 0 ms
Running: /work/src/fuzz/corpus/float_math_diff/f21_07
Executed /work/src/fuzz/corpus/float_math_diff/f03_08 in 0 ms
Running: /work/src/fuzz/corpus/float_math_diff/f03_09
Executed /work/src/fuzz/corpus/float_math_diff/f08_17 in 0 ms
Executed /work/src/fuzz/corpus/float_math_diff/f13_33 in 0 ms
Executed /work/src/fuzz/corpus/float_math_diff/f05_37 in 0 ms
Running: /work/src/fuzz/corpus/float_math_diff/f08_18
Running: /work/src/fuzz/corpus/float_math_diff/f13_34
Running: /work/src/fuzz/corpus/float_math_diff/f05_38
Executed /work/src/fuzz/corpus/float_math_diff/f23_33 in 0 ms
Executed /work/src/fuzz/corpus/float_math_diff/f11_05 in 0 ms
Executed /work/src/fuzz/corpus/float_math_diff/f26_18 in 0 ms
Running: /work/src/fuzz/corpus/float_math_diff/f23_34
Executed /work/src/fuzz/corpus/float_math_diff/f16_10 in 0 ms
Running: /work/src/fuzz/corpus/float_math_diff/f11_06
Running: /work/src/fuzz/corpus/float_math_diff/f26_19
Running: /work/src/fuzz/corpus/float_math_diff/f16_11
Executed /work/src/fuzz/corpus/float_math_diff/f21_07 in 0 ms
Running: /work/src/fuzz/corpus/float_math_diff/f21_08
Executed /work/src/fuzz/corpus/float_math_diff/f18_21 in 0 ms
Running: /work/src/fuzz/corpus/float_math_diff/f18_22
Executed /work/src/fuzz/corpus/float_math_diff/f00_21 in 0 ms
Running: /work/src/fuzz/corpus/float_math_diff/f00_22
Executed /work/src/fuzz/corpus/float_math_diff/f05_38 in 0 ms
Executed /work/src/fuzz/corpus/float_math_diff/f13_34 in 0 ms
Running: /work/src/fuzz/corpus/float_math_diff/f05_39
Running: /work/src/fuzz/corpus/float_math_diff/f13_35
Executed /work/src/fuzz/corpus/float_math_diff/f23_34 in 0 ms
Running: /work/src/fuzz/corpus/float_math_diff/f23_35
Executed /work/src/fuzz/corpus/float_math_diff/f26_19 in 0 ms
Executed /work/src/fuzz/corpus/float_math_diff/f03_09 in 0 ms
Executed /work/src/fuzz/corpus/float_math_diff/f16_11 in 0 ms
Running: /work/src/fuzz/corpus/float_math_diff/f26_20
Executed /work/src/fuzz/corpus/float_math_diff/f11_06 in 0 ms
Running: /work/src/fuzz/corpus/float_math_diff/f03_10
Running: /work/src/fuzz/corpus/float_math_diff/f16_12
Running: /work/src/fuzz/corpus/float_math_diff/f11_07
Executed /work/src/fuzz/corpus/float_math_diff/f08_18 in 0 ms
Executed /work/src/fuzz/corpus/float_math_diff/f21_08 in 0 ms
Running: /work/src/fuzz/corpus/float_math_diff/f08_19
Running: /work/src/fuzz/corpus/float_math_diff/f21_09
Executed /work/src/fuzz/corpus/float_math_diff/f05_39 in 0 ms
Executed /work/src/fuzz/corpus/float_math_diff/f13_35 in 0 ms
Running: /work/src/fuzz/corpus/float_math_diff/f06_00
Running: /work/src/fuzz/corpus/float_math_diff/f13_36
Executed /work/src/fuzz/corpus/float_math_diff/f23_35 in 0 ms
Running: /work/src/fuzz/corpus/float_math_diff/f23_36
Executed /work/src/fuzz/corpus/float_math_diff/f18_22 in 0 ms
Executed /work/src/fuzz/corpus/float_math_diff/f11_07 in 0 ms
Running: /work/src/fuzz/corpus/float_math_diff/f18_23
Executed /work/src/fuzz/corpus/float_math_diff/f26_20 in 0 ms
Running: /work/src/fuzz/corpus/float_math_diff/f11_08
Executed /work/src/fuzz/corpus/float_math_diff/f16_12 in 0 ms
Running: /work/src/fuzz/corpus/float_math_diff/f26_21
Running: /work/src/fuzz/corpus/float_math_diff/f16_13
Executed /work/src/fuzz/corpus/float_math_diff/f00_22 in 0 ms
Running: /work/src/fuzz/corpus/float_math_diff/f00_23
Executed /work/src/fuzz/corpus/float_math_diff/f13_36 in 0 ms
Executed /work/src/fuzz/corpus/float_math_diff/f23_36 in 0 ms
Running: /work/src/fuzz/corpus/float_math_diff/f13_37
Running: /work/src/fuzz/corpus/float_math_diff/f23_37
Executed /work/src/fuzz/corpus/float_math_diff/f03_10 in 0 ms
Running: /work/src/fuzz/corpus/float_math_diff/f03_11
Executed /work/src/fuzz/corpus/float_math_diff/f08_19 in 0 ms
Executed /work/src/fuzz/corpus/float_math_diff/f18_23 in 0 ms
Executed /work/src/fuzz/corpus/float_math_diff/f21_09 in 0 ms
Executed /work/src/fuzz/corpus/float_math_diff/f06_00 in 0 ms
Running: /work/src/fuzz/corpus/float_math_diff/f08_20
Running: /work/src/fuzz/corpus/float_math_diff/f18_24
Running: /work/src/fuzz/corpus/float_math_diff/f21_10
Running: /work/src/fuzz/corpus/float_math_diff/f06_01
Executed /work/src/fuzz/corpus/float_math_diff/f11_08 in 0 ms
Executed /work/src/fuzz/corpus/float_math_diff/f16_13 in 0 ms
Executed /work/src/fuzz/corpus/float_math_diff/f26_21 in 0 ms
Running: /work/src/fuzz/corpus/float_math_diff/f11_09
Running: /work/src/fuzz/corpus/float_math_diff/f16_14
Running: /work/src/fuzz/corpus/float_math_diff/f26_22
Executed /work/src/fuzz/corpus/float_math_diff/f18_24 in 0 ms
Running: /work/src/fuzz/corpus/float_math_diff/f18_25
Executed /work/src/fuzz/corpus/float_math_diff/f06_01 in 0 ms
Running: /work/src/fuzz/corpus/float_math_diff/f06_02
Executed /work/src/fuzz/corpus/float_math_diff/f00_23 in 0 ms
Executed /work/src/fuzz/corpus/float_math_diff/f03_11 in 0 ms
Executed /work/src/fuzz/corpus/float_math_diff/f16_14 in 0 ms
Running: /work/src/fuzz/corpus/float_math_diff/f00_24
Executed /work/src/fuzz/corpus/float_math_diff/f26_22 in 0 ms
Executed /work/src/fuzz/corpus/float_math_diff/f11_09 in 0 ms
Running: /work/src/fuzz/corpus/float_math_diff/f03_12
Executed /work/src/fuzz/corpus/float_math_diff/f08_20 in 0 ms
Executed /work/src/fuzz/corpus/float_math_diff/f21_10 in 0 ms
Running: /work/src/fuzz/corpus/float_math_diff/f16_15
Running: /work/src/fuzz/corpus/float_math_diff/f26_23
Executed /work/src/fuzz/corpus/float_math_diff/f23_37 in 0 ms
Running: /work/src/fuzz/corpus/float_math_diff/f11_10
Executed /work/src/fuzz/corpus/float_math_diff/f18_25 in 0 ms
Running: /work/src/fuzz/corpus/float_math_diff/f08_21
Running: /work/src/fuzz/corpus/float_math_diff/f21_11
Running: /work/src/fuzz/corpus/float_math_diff/f23_38
Executed /work/src/fuzz/corpus/float_math_diff/f06_02 in 0 ms
Running: /work/src/fuzz/corpus/float_math_diff/f18_26
Running: /work/src/fuzz/corpus/float_math_diff/f06_03
Executed /work/src/fuzz/corpus/float_math_diff/f03_12 in 0 ms
Running: /work/src/fuzz/corpus/float_math_diff/f03_13
Executed /work/src/fuzz/corpus/float_math_diff/f16_15 in 0 ms
Executed /work/src/fuzz/corpus/float_math_diff/f26_23 in 0 ms
Running: /work/src/fuzz/corpus/float_math_diff/f16_16
Running: /work/src/fuzz/corpus/float_math_diff/f26_24
Executed /work/src/fuzz/corpus/float_math_diff/f11_10 in 0 ms
Running: /work/src/fuzz/corpus/float_math_diff/f11_11
Executed /work/src/fuzz/corpus/float_math_diff/f13_37 in 0 ms
Running: /work/src/fuzz/corpus/float_math_diff/f13_38
Executed /work/src/fuzz/corpus/float_math_diff/f06_03 in 0 ms
Running: /work/src/fuzz/corpus/float_math_diff/f06_04
Executed /work/src/fuzz/corpus/float_math_diff/f08_21 in 0 ms
Executed /work/src/fuzz/corpus/float_math_diff/f16_16 in 0 ms
Executed /work/src/fuzz/corpus/float_math_diff/f26_24 in 0 ms
Running: /work/src/fuzz/corpus/float_math_diff/f08_22
Executed /work/src/fuzz/corpus/float_math_diff/f21_11 in 0 ms
Executed /work/src/fuzz/corpus/float_math_diff/f23_38 in 0 ms
Running: /work/src/fuzz/corpus/float_math_diff/f16_17
Running: /work/src/fuzz/corpus/float_math_diff/f26_25
Executed /work/src/fuzz/corpus/float_math_diff/f11_11 in 0 ms
Running: /work/src/fuzz/corpus/float_math_diff/f21_12
Executed /work/src/fuzz/corpus/float_math_diff/f18_26 in 0 ms
Executed /work/src/fuzz/corpus/float_math_diff/f03_13 in 0 ms
Running: /work/src/fuzz/corpus/float_math_diff/f23_39
Running: /work/src/fuzz/corpus/float_math_diff/f11_12
Running: /work/src/fuzz/corpus/float_math_diff/f18_27
Running: /work/src/fuzz/corpus/float_math_diff/f03_14
Executed /work/src/fuzz/corpus/float_math_diff/f00_24 in 0 ms
Running: /work/src/fuzz/corpus/float_math_diff/f00_25
Executed /work/src/fuzz/corpus/float_math_diff/f06_04 in 0 ms
Running: /work/src/fuzz/corpus/float_math_diff/f06_05
Executed /work/src/fuzz/corpus/float_math_diff/f26_25 in 0 ms
Running: /work/src/fuzz/corpus/float_math_diff/f26_26
Executed /work/src/fuzz/corpus/float_math_diff/f16_17 in 0 ms
Executed /work/src/fuzz/corpus/float_math_diff/f21_12 in 0 ms
Running: /work/src/fuzz/corpus/float_math_diff/f16_18
Running: /work/src/fuzz/corpus/float_math_diff/f21_13
Executed /work/src/fuzz/corpus/float_math_diff/f23_39 in 0 ms
Running: /work/src/fuzz/corpus/float_math_diff/f24_00
Executed /work/src/fuzz/corpus/float_math_diff/f11_12 in 0 ms
Executed /work/src/fuzz/corpus/float_math_diff/f13_38 in 0 ms
Running: /work/src/fuzz/corpus/float_math_diff/f11_13
Executed /work/src/fuzz/corpus/float_math_diff/f08_22 in 0 ms
Running: /work/src/fuzz/corpus/float_math_diff/f13_39
Executed /work/src/fuzz/corpus/float_math_diff/f06_05 in 0 ms
Running: /work/src/fuzz/corpus/float_math_diff/f08_23
Running: /work/src/fuzz/corpus/float_math_diff/f06_06
Executed /work/src/fuzz/corpus/float_math_diff/f26_26 in 0 ms
Running: /work/src/fuzz/corpus/float_math_diff/f26_27
Executed /work/src/fuzz/corpus/float_math_diff/f03_14 in 0 ms
Running: /work/src/fuzz/corpus/float_math_diff/f03_15
Executed /work/src/fuzz/corpus/float_math_diff/f21_13 in 0 ms
Executed /work/src/fuzz/corpus/float_math_diff/f16_18 in 0 ms
Running: /work/src/fuzz/corpus/float_math_diff/f21_14
Running: /work/src/fuzz/corpus/float_math_diff/f16_19
Executed /work/src/fuzz/corpus/float_math_diff/f24_00 in 0 ms
Executed /work/src/fuzz/corpus/float_math_diff/f11_13 in 0 ms
Running: /work/src/fuzz/corpus/float_math_diff/f24_01
Executed /work/src/fuzz/corpus/float_math_diff/f18_27 in 0 ms
Running: /work/src/fuzz/corpus/float_math_diff/f11_14
Executed /work/src/fuzz/corpus/float_math_diff/f13_39 in 0 ms
Executed /work/src/fuzz/corpus/float_math_diff/f00_25 in 0 ms
Running: /work/src/fuzz/corpus/float_math_diff/f18_28
Running: /work/src/fuzz/corpus/float_math_diff/f14_00
Executed /work/src/fuzz/corpus/float_math_diff/f06_06 in 0 ms
Running: /work/src/fuzz/corpus/float_math_diff/f00_26
Executed /work/src/fuzz/corpus/float_math_diff/f26_27 in 0 ms
Running: /work/src/fuzz/corpus/float_math_diff/f06_07
Running: /work/src/fuzz/corpus/float_math_diff/f26_28
Executed /work/src/fuzz/corpus/float_math_diff/f08_23 in 0 ms
Executed /work/src/fuzz/corpus/float_math_diff/f16_19 in 0 ms
Running: /work/src/fuzz/corpus/float_math_diff/f08_24
Running: /work/src/fuzz/corpus/float_math_diff/f16_20
Executed /work/src/fuzz/corpus/float_math_diff/f24_01 in 0 ms
Executed /work/src/fuzz/corpus/float_math_diff/f21_14 in 0 ms
Running: /work/src/fuzz/corpus/float_math_diff/f24_02
Running: /work/src/fuzz/corpus/float_math_diff/f21_15
Executed /work/src/fuzz/corpus/float_math_diff/f11_14 in 0 ms
Running: /work/src/fuzz/corpus/float_math_diff/f11_15
Executed /work/src/fuzz/corpus/float_math_diff/f03_15 in 0 ms
Running: /work/src/fuzz/corpus/float_math_diff/f03_16
Executed /work/src/fuzz/corpus/float_math_diff/f06_07 in 0 ms
Running: /work/src/fuzz/corpus/float_math_diff/f06_08
Executed /work/src/fuzz/corpus/float_math_diff/f18_28 in 0 ms
Executed /work/src/fuzz/corpus/float_math_diff/f24_02 in 0 ms
Executed /work/src/fuzz/corpus/float_math_diff/f14_00 in 0 ms
Running: /work/src/fuzz/corpus/float_math_diff/f18_29
Running: /work/src/fuzz/corpus/float_math_diff/f24_03
Running: /work/src/fuzz/corpus/float_math_diff/f14_01
Executed /work/src/fuzz/corpus/float_math_diff/f26_28 in 0 ms
Executed /work/src/fuzz/corpus/float_math_diff/f21_15 in 0 ms
Executed /work/src/fuzz/corpus/float_math_diff/f11_15 in 0 ms
Running: /work/src/fuzz/corpus/float_math_diff/f26_29
Running: /work/src/fuzz/corpus/float_math_diff/f21_16
Running: /work/src/fuzz/corpus/float_math_diff/f11_16
Executed /work/src/fuzz/corpus/float_math_diff/f00_26 in 0 ms
Executed /work/src/fuzz/corpus/float_math_diff/f06_08 in 0 ms
Executed /work/src/fuzz/corpus/float_math_diff/f16_20 in 0 ms
Running: /work/src/fuzz/corpus/float_math_diff/f00_27
Executed /work/src/fuzz/corpus/float_math_diff/f08_24 in 0 ms
Running: /work/src/fuzz/corpus/float_math_diff/f06_09
Running: /work/src/fuzz/corpus/float_math_diff/f16_21
Running: /work/src/fuzz/corpus/float_math_diff/f08_25
Executed /work/src/fuzz/corpus/float_math_diff/f18_29 in 0 ms
Executed /work/src/fuzz/corpus/float_math_diff/f03_16 in 0 ms
Running: /work/src/fuzz/corpus/float_math_diff/f18_30
Running: /work/src/fuzz/corpus/float_math_diff/f03_17
Executed /work/src/fuzz/corpus/float_math_diff/f14_01 in 0 ms
Executed /work/src/fuzz/corpus/float_math_diff/f24_03 in 0 ms
Running: /work/src/fuzz/corpus/float_math_diff/f14_02
Executed /work/src/fuzz/corpus/float_math_diff/f26_29 in 0 ms
Running: /work/src/fuzz/corpus/float_math_diff/f24_04
Running: /work/src/fuzz/corpus/float_math_diff/f26_30
Executed /work/src/fuzz/corpus/float_math_diff/f21_16 in 0 ms
Executed /work/src/fuzz/corpus/float_math_diff/f06_09 in 0 ms
Running: /work/src/fuzz/corpus/float_math_diff/f21_17
Running: /work/src/fuzz/corpus/float_math_diff/f06_10
Executed /work/src/fuzz/corpus/float_math_diff/f16_21 in 0 ms
Running: /work/src/fuzz/corpus/float_math_diff/f16_22
Executed /work/src/fuzz/corpus/float_math_diff/f11_16 in 0 ms
Running: /work/src/fuzz/corpus/float_math_diff/f11_17
Executed /work/src/fuzz/corpus/float_math_diff/f18_30 in 0 ms
Running: /work/src/fuzz/corpus/float_math_diff/f18_31
Executed /work/src/fuzz/corpus/float_math_diff/f08_25 in 0 ms
Executed /work/src/fuzz/corpus/float_math_diff/f14_02 in 0 ms
Running: /work/src/fuzz/corpus/float_math_diff/f08_26
Running: /work/src/fuzz/corpus/float_math_diff/f14_03
Executed /work/src/fuzz/corpus/float_math_diff/f26_30 in 0 ms
Executed /work/src/fuzz/corpus/float_math_diff/f24_04 in 0 ms
Running: /work/src/fuzz/corpus/float_math_diff/f26_31
Running: /work/src/fuzz/corpus/float_math_diff/f24_05
Executed /work/src/fuzz/corpus/float_math_diff/f00_27 in 0 ms
Executed /work/src/fuzz/corpus/float_math_diff/f06_10 in 0 ms
Executed /work/src/fuzz/corpus/float_math_diff/f03_17 in 0 ms
Running: /work/src/fuzz/corpus/float_math_diff/f00_28
Running: /work/src/fuzz/corpus/float_math_diff/f06_11
Executed /work/src/fuzz/corpus/float_math_diff/f16_22 in 0 ms
Running: /work/src/fuzz/corpus/float_math_diff/f03_18
Executed /work/src/fuzz/corpus/float_math_diff/f21_17 in 0 ms
Executed /work/src/fuzz/corpus/float_math_diff/f11_17 in 0 ms
Running: /work/src/fuzz/corpus/float_math_diff/f16_23
Running: /work/src/fuzz/corpus/float_math_diff/f21_18
Running: /work/src/fuzz/corpus/float_math_diff/f11_18
Executed /work/src/fuzz/corpus/float_math_diff/f14_03 in 0 ms
Running: /work/src/fuzz/corpus/float_math_diff/f14_04
Executed /work/src/fuzz/corpus/float_math_diff/f26_31 in 0 ms
Executed /work/src/fuzz/corpus/float_math_diff/f24_05 in 0 ms
Running: /work/src/fuzz/corpus/float_math_diff/f26_32
Running: /work/src/fuzz/corpus/float_math_diff/f24_06
Executed /work/src/fuzz/corpus/float_math_diff/f06_11 in 0 ms
Running: /work/src/fuzz/corpus/float_math_diff/f06_12
Executed /work/src/fuzz/corpus/float_math_diff/f18_31 in 0 ms
Running: /work/src/fuzz/corpus/float_math_diff/f18_32
Executed /work/src/fuzz/corpus/float_math_diff/f21_18 in 0 ms
Executed /work/src/fuzz/corpus/float_math_diff/f11_18 in 0 ms
Executed /work/src/fuzz/corpus/float_math_diff/f08_26 in 0 ms
Executed /work/src/fuzz/corpus/float_math_diff/f14_04 in 0 ms
Running: /work/src/fuzz/corpus/float_math_diff/f21_19
Executed /work/src/fuzz/corpus/float_math_diff/f16_23 in 0 ms
Running: /work/src/fuzz/corpus/float_math_diff/f11_19
Running: /work/src/fuzz/corpus/float_math_diff/f08_27
Running: /work/src/fuzz/corpus/float_math_diff/f14_05
Running: /work/src/fuzz/corpus/float_math_diff/f16_24
Executed /work/src/fuzz/corpus/float_math_diff/f26_32 in 0 ms
Executed /work/src/fuzz/corpus/float_math_diff/f03_18 in 0 ms
Running: /work/src/fuzz/corpus/float_math_diff/f26_33
Running: /work/src/fuzz/corpus/float_math_diff/f03_19
Executed /work/src/fuzz/corpus/float_math_diff/f00_28 in 0 ms
Running: /work/src/fuzz/corpus/float_math_diff/f00_29
Executed /work/src/fuzz/corpus/float_math_diff/f21_19 in 0 ms
Running: /work/src/fuzz/corpus/float_math_diff/f21_20
Executed /work/src/fuzz/corpus/float_math_diff/f24_06 in 0 ms
Running: /work/src/fuzz/corpus/float_math_diff/f24_07
Executed /work/src/fuzz/corpus/float_math_diff/f14_05 in 0 ms
Executed /work/src/fuzz/corpus/float_math_diff/f11_19 in 0 ms
Running: /work/src/fuzz/corpus/float_math_diff/f14_06
Executed /work/src/fuzz/corpus/float_math_diff/f26_33 in 0 ms
Running: /work/src/fuzz/corpus/float_math_diff/f11_20
Executed /work/src/fuzz/corpus/float_math_diff/f06_12 in 0 ms
Executed /work/src/fuzz/corpus/float_math_diff/f16_24 in 0 ms
Executed /work/src/fuzz/corpus/float_math_diff/f18_32 in 0 ms
Running: /work/src/fuzz/corpus/float_math_diff/f26_34
Running: /work/src/fuzz/corpus/float_math_diff/f06_13
Running: /work/src/fuzz/corpus/float_math_diff/f16_25
Running: /work/src/fuzz/corpus/float_math_diff/f18_33
Executed /work/src/fuzz/corpus/float_math_diff/f08_27 in 0 ms
Running: /work/src/fuzz/corpus/float_math_diff/f08_28
Executed /work/src/fuzz/corpus/float_math_diff/f24_07 in 0 ms
Running: /work/src/fuzz/corpus/float_math_diff/f24_08
Executed /work/src/fuzz/corpus/float_math_diff/f03_19 in 0 ms
Running: /work/src/fuzz/corpus/float_math_diff/f03_20
Executed /work/src/fuzz/corpus/float_math_diff/f14_06 in 0 ms
Running: /work/src/fuzz/corpus/float_math_diff/f14_07
Executed /work/src/fuzz/corpus/float_math_diff/f11_20 in 0 ms
Executed /work/src/fuzz/corpus/float_math_diff/f26_34 in 0 ms
Running: /work/src/fuzz/corpus/float_math_diff/f11_21
Executed /work/src/fuzz/corpus/float_math_diff/f16_25 in 0 ms
Running: /work/src/fuzz/corpus/float_math_diff/f26_35
Executed /work/src/fuzz/corpus/float_math_diff/f18_33 in 0 ms
Executed /work/src/fuzz/corpus/float_math_diff/f21_20 in 0 ms
Executed /work/src/fuzz/corpus/float_math_diff/f06_13 in 0 ms
Running: /work/src/fuzz/corpus/float_math_diff/f16_26
Running: /work/src/fuzz/corpus/float_math_diff/f18_34
Executed /work/src/fuzz/corpus/float_math_diff/f00_29 in 0 ms
Running: /work/src/fuzz/corpus/float_math_diff/f21_21
Running: /work/src/fuzz/corpus/float_math_diff/f06_14
Executed /work/src/fuzz/corpus/float_math_diff/f24_08 in 0 ms
Running: /work/src/fuzz/corpus/float_math_diff/f00_30
Running: /work/src/fuzz/corpus/float_math_diff/f24_09
Executed /work/src/fuzz/corpus/float_math_diff/f14_07 in 0 ms
Running: /work/src/fuzz/corpus/float_math_diff/f14_08
Executed /work/src/fuzz/corpus/float_math_diff/f11_21 in 0 ms
Running: /work/src/fuzz/corpus/float_math_diff/f11_22
Executed /work/src/fuzz/corpus/float_math_diff/f08_28 in 0 ms
Running: /work/src/fuzz/corpus/float_math_diff/f08_29
Executed /work/src/fuzz/corpus/float_math_diff/f03_20 in 0 ms
Running: /work/src/fuzz/corpus/float_math_diff/f03_21
Executed /work/src/fuzz/corpus/float_math_diff/f16_26 in 0 ms
Running: /work/src/fuzz/corpus/float_math_diff/f16_27
Executed /work/src/fuzz/corpus/float_math_diff/f26_35 in 0 ms
Running: /work/src/fuzz/corpus/float_math_diff/f26_36
Executed /work/src/fuzz/corpus/float_math_diff/f06_14 in 0 ms
Running: /work/src/fuzz/corpus/float_math_diff/f06_15
Executed /work/src/fuzz/corpus/float_math_diff/f14_08 in 0 ms
Executed /work/src/fuzz/corpus/float_math_diff/f24_09 in 0 ms
Running: /work/src/fuzz/corpus/float_math_diff/f14_09
Running: /work/src/fuzz/corpus/float_math_diff/f24_10
Executed /work/src/fuzz/corpus/float_math_diff/f21_21 in 0 ms
Running: /work/src/fuzz/corpus/float_math_diff/f21_22
Executed /work/src/fuzz/corpus/float_math_diff/f11_22 in 0 ms
Executed /work/src/fuzz/corpus/float_math_diff/f18_34 in 0 ms
Running: /work/src/fuzz/corpus/float_math_diff/f11_23
Running: /work/src/fuzz/corpus/float_math_diff/f18_35
Executed /work/src/fuzz/corpus/float_math_diff/f16_27 in 0 ms
Running: /work/src/fuzz/corpus/float_math_diff/f16_28
Executed /work/src/fuzz/corpus/float_math_diff/f26_36 in 0 ms
Running: /work/src/fuzz/corpus/float_math_diff/f26_37
Executed /work/src/fuzz/corpus/float_math_diff/f00_30 in 0 ms
Executed /work/src/fuzz/corpus/float_math_diff/f08_29 in 0 ms
Running: /work/src/fuzz/corpus/float_math_diff/f00_31
Running: /work/src/fuzz/corpus/float_math_diff/f08_30
Executed /work/src/fuzz/corpus/float_math_diff/f24_10 in 0 ms
Executed /work/src/fuzz/corpus/float_math_diff/f03_21 in 0 ms
Executed /work/src/fuzz/corpus/float_math_diff/f06_15 in 0 ms
Executed /work/src/fuzz/corpus/float_math_diff/f14_09 in 0 ms
Running: /work/src/fuzz/corpus/float_math_diff/f24_11
Running: /work/src/fuzz/corpus/float_math_diff/f03_22
Executed /work/src/fuzz/corpus/float_math_diff/f11_23 in 0 ms
Running: /work/src/fuzz/corpus/float_math_diff/f06_16
Running: /work/src/fuzz/corpus/float_math_diff/f14_10
Running: /work/src/fuzz/corpus/float_math_diff/f11_24
Executed /work/src/fuzz/corpus/float_math_diff/f21_22 in 0 ms
Running: /work/src/fuzz/corpus/float_math_diff/f21_23
Executed /work/src/fuzz/corpus/float_math_diff/f16_28 in 0 ms
Running: /work/src/fuzz/corpus/float_math_diff/f16_29
Executed /work/src/fuzz/corpus/float_math_diff/f00_31 in 0 ms
Running: /work/src/fuzz/corpus/float_math_diff/f00_32
Executed /work/src/fuzz/corpus/float_math_diff/f24_11 in 0 ms
Running: /work/src/fuzz/corpus/float_math_diff/f24_12
Executed /work/src/fuzz/corpus/float_math_diff/f18_35 in 0 ms
Running: /work/src/fuzz/corpus/float_math_diff/f18_36
Executed /work/src/fuzz/corpus/float_math_diff/f06_16 in 0 ms
Executed /work/src/fuzz/corpus/float_math_diff/f21_23 in 0 ms
Executed /work/src/fuzz/corpus/float_math_diff/f16_29 in 0 ms
Running: /work/src/fuzz/corpus/float_math_diff/f06_17
Executed /work/src/fuzz/corpus/float_math_diff/f14_10 in 0 ms
Running: /work/src/fuzz/corpus/float_math_diff/f21_24
Executed /work/src/fuzz/corpus/float_math_diff/f11_24 in 0 ms
Executed /work/src/fuzz/corpus/float_math_diff/f08_30 in 0 ms
Running: /work/src/fuzz/corpus/float_math_diff/f16_30
Running: /work/src/fuzz/corpus/float_math_diff/f14_11
Executed /work/src/fuzz/corpus/float_math_diff/f26_37 in 0 ms
Running: /work/src/fuzz/corpus/float_math_diff/f11_25
Executed /work/src/fuzz/corpus/float_math_diff/f00_32 in 0 ms
Running: /work/src/fuzz/corpus/float_math_diff/f08_31
Running: /work/src/fuzz/corpus/float_math_diff/f26_38
Executed /work/src/fuzz/corpus/float_math_diff/f03_22 in 0 ms
Executed /work/src/fuzz/corpus/float_math_diff/f24_12 in 0 ms
Running: /work/src/fuzz/corpus/float_math_diff/f00_33
Running: /work/src/fuzz/corpus/float_math_diff/f03_23
Running: /work/src/fuzz/corpus/float_math_diff/f24_13
Executed /work/src/fuzz/corpus/float_math_diff/f06_17 in 0 ms
Executed /work/src/fuzz/corpus/float_math_diff/f14_11 in 0 ms
Running: /work/src/fuzz/corpus/float_math_diff/f06_18
Executed /work/src/fuzz/corpus/float_math_diff/f18_36 in 0 ms
Executed /work/src/fuzz/corpus/float_math_diff/f16_30 in 0 ms
Running: /work/src/fuzz/corpus/float_math_diff/f14_12
Executed /work/src/fuzz/corpus/float_math_diff/f11_25 in 0 ms
Running: /work/src/fuzz/corpus/float_math_diff/f18_37
Running: /work/src/fuzz/corpus/float_math_diff/f16_31
Executed /work/src/fuzz/corpus/float_math_diff/f08_31 in 0 ms
Running: /work/src/fuzz/corpus/float_math_diff/f11_26
Executed /work/src/fuzz/corpus/float_math_diff/f00_33 in 0 ms
Running: /work/src/fuzz/corpus/float_math_diff/f08_32
Executed /work/src/fuzz/corpus/float_math_diff/f24_13 in 0 ms
Running: /work/src/fuzz/corpus/float_math_diff/f00_34
Running: /work/src/fuzz/corpus/float_math_diff/f24_14
Executed /work/src/fuzz/corpus/float_math_diff/f21_24 in 0 ms
Running: /work/src/fuzz/corpus/float_math_diff/f21_25
Executed /work/src/fuzz/corpus/float_math_diff/f26_38 in 0 ms
Executed /work/src/fuzz/corpus/float_math_diff/f06_18 in 0 ms
Executed /work/src/fuzz/corpus/float_math_diff/f14_12 in 0 ms
Running: /work/src/fuzz/corpus/float_math_diff/f26_39
Running: /work/src/fuzz/corpus/float_math_diff/f06_19
Executed /work/src/fuzz/corpus/float_math_diff/f18_37 in 0 ms
Running: /work/src/fuzz/corpus/float_math_diff/f14_13
Executed /work/src/fuzz/corpus/float_math_diff/f11_26 in 0 ms
Executed /work/src/fuzz/corpus/float_math_diff/f03_23 in 0 ms
Executed /work/src/fuzz/corpus/float_math_diff/f16_31 in 0 ms
Running: /work/src/fuzz/corpus/float_math_diff/f18_38
Running: /work/src/fuzz/corpus/float_math_diff/f11_27
Executed /work/src/fuzz/corpus/float_math_diff/f08_32 in 0 ms
Running: /work/src/fuzz/corpus/float_math_diff/f03_24
Running: /work/src/fuzz/corpus/float_math_diff/f16_32
Executed /work/src/fuzz/corpus/float_math_diff/f24_14 in 0 ms
Executed /work/src/fuzz/corpus/float_math_diff/f21_25 in 0 ms
Running: /work/src/fuzz/corpus/float_math_diff/f08_33
Running: /work/src/fuzz/corpus/float_math_diff/f24_15
Running: /work/src/fuzz/corpus/float_math_diff/f21_26
Executed /work/src/fuzz/corpus/float_math_diff/f26_39 in 0 ms
Running: /work/src/fuzz/corpus/float_math_diff/f27_00
Executed /work/src/fuzz/corpus/float_math_diff/f06_19 in 0 ms
Executed /work/src/fuzz/corpus/float_math_diff/f00_34 in 0 ms
Running: /work/src/fuzz/corpus/float_math_diff/f06_20
Running: /work/src/fuzz/corpus/float_math_diff/f00_35
Executed /work/src/fuzz/corpus/float_math_diff/f11_27 in 0 ms
Running: /work/src/fuzz/corpus/float_math_diff/f11_28
Executed /work/src/fuzz/corpus/float_math_diff/f14_13 in 0 ms
Running: /work/src/fuzz/corpus/float_math_diff/f14_14
Executed /work/src/fuzz/corpus/float_math_diff/f08_33 in 0 ms
Executed /work/src/fuzz/corpus/float_math_diff/f16_32 in 0 ms
Running: /work/src/fuzz/corpus/float_math_diff/f08_34
Executed /work/src/fuzz/corpus/float_math_diff/f24_15 in 0 ms
Running: /work/src/fuzz/corpus/float_math_diff/f16_33
Executed /work/src/fuzz/corpus/float_math_diff/f21_26 in 0 ms
Running: /work/src/fuzz/corpus/float_math_diff/f24_16
Running: /work/src/fuzz/corpus/float_math_diff/f21_27
Executed /work/src/fuzz/corpus/float_math_diff/f27_00 in 0 ms
Running: /work/src/fuzz/corpus/float_math_diff/f27_01
Executed /work/src/fuzz/corpus/float_math_diff/f06_20 in 0 ms
Executed /work/src/fuzz/corpus/float_math_diff/f03_24 in 0 ms
Running: /work/src/fuzz/corpus/float_math_diff/f06_21
Running: /work/src/fuzz/corpus/float_math_diff/f03_25
Executed /work/src/fuzz/corpus/float_math_diff/f18_38 in 0 ms
Running: /work/src/fuzz/corpus/float_math_diff/f18_39
Executed /work/src/fuzz/corpus/float_math_diff/f11_28 in 0 ms
Executed /work/src/fuzz/corpus/float_math_diff/f14_14 in 0 ms
Running: /work/src/fuzz/corpus/float_math_diff/f11_29
Running: /work/src/fuzz/corpus/float_math_diff/f14_15
Executed /work/src/fuzz/corpus/float_math_diff/f16_33 in 0 ms
Executed /work/src/fuzz/corpus/float_math_diff/f00_35 in 0 ms
Running: /work/src/fuzz/corpus/float_math_diff/f16_34
Running: /work/src/fuzz/corpus/float_math_diff/f00_36
Executed /work/src/fuzz/corpus/float_math_diff/f24_16 in 0 ms
Executed /work/src/fuzz/corpus/float_math_diff/f27_01 in 0 ms
Running: /work/src/fuzz/corpus/float_math_diff/f24_17
Running: /work/src/fuzz/corpus/float_math_diff/f27_02
Executed /work/src/fuzz/corpus/float_math_diff/f06_21 in 0 ms
Running: /work/src/fuzz/corpus/float_math_diff/f06_22
Executed /work/src/fuzz/corpus/float_math_diff/f18_39 in 0 ms
Executed /work/src/fuzz/corpus/float_math_diff/f11_29 in 0 ms
Running: /work/src/fuzz/corpus/float_math_diff/f19_00
Executed /work/src/fuzz/corpus/float_math_diff/f14_15 in 0 ms
Running: /work/src/fuzz/corpus/float_math_diff/f11_30
Executed /work/src/fuzz/corpus/float_math_diff/f21_27 in 0 ms
Running: /work/src/fuzz/corpus/float_math_diff/f14_16
Running: /work/src/fuzz/corpus/float_math_diff/f21_28
Executed /work/src/fuzz/corpus/float_math_diff/f16_34 in 0 ms
Executed /work/src/fuzz/corpus/float_math_diff/f08_34 in 0 ms
Executed /work/src/fuzz/corpus/float_math_diff/f27_02 in 0 ms
Executed /work/src/fuzz/corpus/float_math_diff/f24_17 in 0 ms
Running: /work/src/fuzz/corpus/float_math_diff/f16_35
Executed /work/src/fuzz/corpus/float_math_diff/f03_25 in 0 ms
Running: /work/src/fuzz/corpus/float_math_diff/f08_35
Running: /work/src/fuzz/corpus/float_math_diff/f27_03
Running: /work/src/fuzz/corpus/float_math_diff/f24_18
Running: /work/src/fuzz/corpus/float_math_diff/f03_26
Executed /work/src/fuzz/corpus/float_math_diff/f06_22 in 0 ms
Running: /work/src/fuzz/corpus/float_math_diff/f06_23
Executed /work/src/fuzz/corpus/float_math_diff/f11_30 in 0 ms
Running: /work/src/fuzz/corpus/float_math_diff/f11_31
Executed /work/src/fuzz/corpus/float_math_diff/f14_16 in 0 ms
Running: /work/src/fuzz/corpus/float_math_diff/f14_17
Executed /work/src/fuzz/corpus/float_math_diff/f00_36 in 0 ms
Executed /work/src/fuzz/corpus/float_math_diff/f21_28 in 0 ms
Running: /work/src/fuzz/corpus/float_math_diff/f00_37
Running: /work/src/fuzz/corpus/float_math_diff/f21_29
Executed /work/src/fuzz/corpus/float_math_diff/f16_35 in 0 ms
Running: /work/src/fuzz/corpus/float_math_diff/f16_36
Executed /work/src/fuzz/corpus/float_math_diff/f06_23 in 0 ms
Executed /work/src/fuzz/corpus/float_math_diff/f27_03 in 0 ms
Running: /work/src/fuzz/corpus/float_math_diff/f06_24
Executed /work/src/fuzz/corpus/float_math_diff/f24_18 in 0 ms
Running: /work/src/fuzz/corpus/float_math_diff/f27_04
Running: /work/src/fuzz/corpus/float_math_diff/f24_19
Executed /work/src/fuzz/corpus/float_math_diff/f14_17 in 0 ms
Executed /work/src/fuzz/corpus/float_math_diff/f19_00 in 0 ms
Executed /work/src/fuzz/corpus/float_math_diff/f11_31 in 0 ms
Executed /work/src/fuzz/corpus/float_math_diff/f08_35 in 0 ms
Running: /work/src/fuzz/corpus/float_math_diff/f14_18
Running: /work/src/fuzz/corpus/float_math_diff/f19_01
Running: /work/src/fuzz/corpus/float_math_diff/f11_32
Executed /work/src/fuzz/corpus/float_math_diff/f03_26 in 0 ms
Executed /work/src/fuzz/corpus/float_math_diff/f21_29 in 0 ms
Running: /work/src/fuzz/corpus/float_math_diff/f08_36
Running: /work/src/fuzz/corpus/float_math_diff/f03_27
Running: /work/src/fuzz/corpus/float_math_diff/f21_30
Executed /work/src/fuzz/corpus/float_math_diff/f06_24 in 0 ms
Executed /work/src/fuzz/corpus/float_math_diff/f16_36 in 0 ms
Executed /work/src/fuzz/corpus/float_math_diff/f24_19 in 0 ms
Running: /work/src/fuzz/corpus/float_math_diff/f06_25
Running: /work/src/fuzz/corpus/float_math_diff/f16_37
Running: /work/src/fuzz/corpus/float_math_diff/f24_20
Executed /work/src/fuzz/corpus/float_math_diff/f27_04 in 0 ms
Executed /work/src/fuzz/corpus/float_math_diff/f00_37 in 0 ms
Running: /work/src/fuzz/corpus/float_math_diff/f27_05
Running: /work/src/fuzz/corpus/float_math_diff/f00_38
Executed /work/src/fuzz/corpus/float_math_diff/f14_18 in 0 ms
Running: /work/src/fuzz/corpus/float_math_diff/f14_19
Executed /work/src/fuzz/corpus/float_math_diff/f11_32 in 0 ms
Running: /work/src/fuzz/corpus/float_math_diff/f11_33
Executed /work/src/fuzz/corpus/float_math_diff/f16_37 in 0 ms
Executed /work/src/fuzz/corpus/float_math_diff/f19_01 in 0 ms
Running: /work/src/fuzz/corpus/float_math_diff/f16_38
Executed /work/src/fuzz/corpus/float_math_diff/f06_25 in 0 ms
Running: /work/src/fuzz/corpus/float_math_diff/f19_02
Executed /work/src/fuzz/corpus/float_math_diff/f27_05 in 0 ms
Executed /work/src/fuzz/corpus/float_math_diff/f24_20 in 0 ms
Running: /work/src/fuzz/corpus/float_math_diff/f06_26
Executed /work/src/fuzz/corpus/float_math_diff/f14_19 in 0 ms
Executed /work/src/fuzz/corpus/float_math_diff/f08_36 in 0 ms
Executed /work/src/fuzz/corpus/float_math_diff/f03_27 in 0 ms
Running: /work/src/fuzz/corpus/float_math_diff/f27_06
Running: /work/src/fuzz/corpus/float_math_diff/f24_21
Executed /work/src/fuzz/corpus/float_math_diff/f21_30 in 0 ms
Running: /work/src/fuzz/corpus/float_math_diff/f14_20
Executed /work/src/fuzz/corpus/float_math_diff/f11_33 in 0 ms
Running: /work/src/fuzz/corpus/float_math_diff/f08_37
Running: /work/src/fuzz/corpus/float_math_diff/f03_28
Running: /work/src/fuzz/corpus/float_math_diff/f21_31
Running: /work/src/fuzz/corpus/float_math_diff/f11_34
Executed /work/src/fuzz/corpus/float_math_diff/f00_38 in 0 ms
Running: /work/src/fuzz/corpus/float_math_diff/f00_39
Executed /work/src/fuzz/corpus/float_math_diff/f16_38 in 0 ms
Running: /work/src/fuzz/corpus/float_math_diff/f16_39
Executed /work/src/fuzz/corpus/float_math_diff/f06_26 in 0 ms
Executed /work/src/fuzz/corpus/float_math_diff/f27_06 in 0 ms
Running: /work/src/fuzz/corpus/float_math_diff/f06_27
Running: /work/src/fuzz/corpus/float_math_diff/f27_07
Executed /work/src/fuzz/corpus/float_math_diff/f24_21 in 0 ms
Executed /work/src/fuzz/corpus/float_math_diff/f14_20 in 0 ms
Running: /work/src/fuzz/corpus/float_math_diff/f24_22
Running: /work/src/fuzz/corpus/float_math_diff/f14_21
Executed /work/src/fuzz/corpus/float_math_diff/f21_31 in 0 ms
Executed /work/src/fuzz/corpus/float_math_diff/f19_02 in 0 ms
Executed /work/src/fuzz/corpus/float_math_diff/f00_39 in 0 ms
Running: /work/src/fuzz/corpus/float_math_diff/f21_32
Running: /work/src/fuzz/corpus/float_math_diff/f19_03
Running: /work/src/fuzz/corpus/float_math_diff/f01_00
Executed /work/src/fuzz/corpus/float_math_diff/f11_34 in 0 ms
Executed /work/src/fuzz/corpus/float_math_diff/f16_39 in 0 ms
Running: /work/src/fuzz/corpus/float_math_diff/f11_35
Running: /work/src/fuzz/corpus/float_math_diff/f17_00
Executed /work/src/fuzz/corpus/float_math_diff/f27_07 in 0 ms
Running: /work/src/fuzz/corpus/float_math_diff/f27_08
Executed /work/src/fuzz/corpus/float_math_diff/f08_37 in 0 ms
Running: /work/src/fuzz/corpus/float_math_diff/f08_38
Executed /work/src/fuzz/corpus/float_math_diff/f03_28 in 0 ms
Executed /work/src/fuzz/corpus/float_math_diff/f06_27 in 0 ms
Running: /work/src/fuzz/corpus/float_math_diff/f03_29
Running: /work/src/fuzz/corpus/float_math_diff/f06_28
Executed /work/src/fuzz/corpus/float_math_diff/f24_22 in 0 ms
Executed /work/src/fuzz/corpus/float_math_diff/f14_21 in 0 ms
Running: /work/src/fuzz/corpus/float_math_diff/f24_23
Running: /work/src/fuzz/corpus/float_math_diff/f14_22
Executed /work/src/fuzz/corpus/float_math_diff/f11_35 in 0 ms
Running: /work/src/fuzz/corpus/float_math_diff/f11_36
Executed /work/src/fuzz/corpus/float_math_diff/f17_00 in 0 ms
Executed /work/src/fuzz/corpus/float_math_diff/f27_08 in 0 ms
Running: /work/src/fuzz/corpus/float_math_diff/f17_01
Running: /work/src/fuzz/corpus/float_math_diff/f27_09
Executed /work/src/fuzz/corpus/float_math_diff/f21_32 in 0 ms
Running: /work/src/fuzz/corpus/float_math_diff/f21_33
Executed /work/src/fuzz/corpus/float_math_diff/f01_00 in 0 ms
Executed /work/src/fuzz/corpus/float_math_diff/f19_03 in 0 ms
Running: /work/src/fuzz/corpus/float_math_diff/f01_01
Executed /work/src/fuzz/corpus/float_math_diff/f24_23 in 0 ms
Executed /work/src/fuzz/corpus/float_math_diff/f06_28 in 0 ms
Running: /work/src/fuzz/corpus/float_math_diff/f19_04
Running: /work/src/fuzz/corpus/float_math_diff/f24_24
Running: /work/src/fuzz/corpus/float_math_diff/f06_29
Executed /work/src/fuzz/corpus/float_math_diff/f08_38 in 0 ms
Executed /work/src/fuzz/corpus/float_math_diff/f17_01 in 0 ms
Running: /work/src/fuzz/corpus/float_math_diff/f08_39
Executed /work/src/fuzz/corpus/float_math_diff/f03_29 in 0 ms
Executed /work/src/fuzz/corpus/float_math_diff/f11_36 in 0 ms
Running: /work/src/fuzz/corpus/float_math_diff/f17_02
Executed /work/src/fuzz/corpus/float_math_diff/f14_22 in 0 ms
Running: /work/src/fuzz/corpus/float_math_diff/f03_30
Running: /work/src/fuzz/corpus/float_math_diff/f11_37
Executed /work/src/fuzz/corpus/float_math_diff/f27_09 in 0 ms
Running: /work/src/fuzz/corpus/float_math_diff/f14_23
Running: /work/src/fuzz/corpus/float_math_diff/f27_10
Executed /work/src/fuzz/corpus/float_math_diff/f21_33 in 0 ms
Executed /work/src/fuzz/corpus/float_math_diff/f01_01 in 0 ms
Running: /work/src/fuzz/corpus/float_math_diff/f21_34
Running: /work/src/fuzz/corpus/float_math_diff/f01_02
Executed /work/src/fuzz/corpus/float_math_diff/f19_04 in 0 ms
Executed /work/src/fuzz/corpus/float_math_diff/f24_24 in 0 ms
Running: /work/src/fuzz/corpus/float_math_diff/f19_05
Executed /work/src/fuzz/corpus/float_math_diff/f06_29 in 0 ms
Running: /work/src/fuzz/corpus/float_math_diff/f24_25
Running: /work/src/fuzz/corpus/float_math_diff/f06_30
Executed /work/src/fuzz/corpus/float_math_diff/f08_39 in 0 ms
Running: /work/src/fuzz/corpus/float_math_diff/f09_00
Executed /work/src/fuzz/corpus/float_math_diff/f17_02 in 0 ms
Running: /work/src/fuzz/corpus/float_math_diff/f17_03
Executed /work/src/fuzz/corpus/float_math_diff/f14_23 in 0 ms
Running: /work/src/fuzz/corpus/float_math_diff/f14_24
Executed /work/src/fuzz/corpus/float_math_diff/f27_10 in 0 ms
Running: /work/src/fuzz/corpus/float_math_diff/f27_11
Executed /work/src/fuzz/corpus/float_math_diff/f21_34 in 0 ms
Executed /work/src/fuzz/corpus/float_math_diff/f01_02 in 0 ms
Running: /work/src/fuzz/corpus/float_math_diff/f21_35
Running: /work/src/fuzz/corpus/float_math_diff/f01_03
Executed /work/src/fuzz/corpus/float_math_diff/f24_25 in 0 ms
Running: /work/src/fuzz/corpus/float_math_diff/f24_26
Executed /work/src/fuzz/corpus/float_math_diff/f19_05 in 0 ms
Running: /work/src/fuzz/corpus/float_math_diff/f19_06
Executed /work/src/fuzz/corpus/float_math_diff/f06_30 in 0 ms
Executed /work/src/fuzz/corpus/float_math_diff/f09_00 in 0 ms
Executed /work/src/fuzz/corpus/float_math_diff/f17_03 in 0 ms
Running: /work/src/fuzz/corpus/float_math_diff/f06_31
Running: /work/src/fuzz/corpus/float_math_diff/f09_01
Running: /work/src/fuzz/corpus/float_math_diff/f17_04
Executed /work/src/fuzz/corpus/float_math_diff/f14_24 in 0 ms
Running: /work/src/fuzz/corpus/float_math_diff/f14_25
Executed /work/src/fuzz/corpus/float_math_diff/f03_30 in 0 ms
Executed /work/src/fuzz/corpus/float_math_diff/f27_11 in 0 ms
Running: /work/src/fuzz/corpus/float_math_diff/f03_31
Running: /work/src/fuzz/corpus/float_math_diff/f27_12
Executed /work/src/fuzz/corpus/float_math_diff/f01_03 in 0 ms
Executed /work/src/fuzz/corpus/float_math_diff/f24_26 in 0 ms
Executed /work/src/fuzz/corpus/float_math_diff/f11_37 in 0 ms
Running: /work/src/fuzz/corpus/float_math_diff/f01_04
Running: /work/src/fuzz/corpus/float_math_diff/f24_27
Executed /work/src/fuzz/corpus/float_math_diff/f19_06 in 0 ms
Running: /work/src/fuzz/corpus/float_math_diff/f11_38
Running: /work/src/fuzz/corpus/float_math_diff/f19_07
Executed /work/src/fuzz/corpus/float_math_diff/f09_01 in 0 ms
Executed /work/src/fuzz/corpus/float_math_diff/f06_31 in 0 ms
Executed /work/src/fuzz/corpus/float_math_diff/f14_25 in 0 ms
Running: /work/src/fuzz/corpus/float_math_diff/f09_02
Executed /work/src/fuzz/corpus/float_math_diff/f21_35 in 0 ms
Running: /work/src/fuzz/corpus/float_math_diff/f06_32
Running: /work/src/fuzz/corpus/float_math_diff/f14_26
Running: /work/src/fuzz/corpus/float_math_diff/f21_36
Executed /work/src/fuzz/corpus/float_math_diff/f03_31 in 0 ms
Running: /work/src/fuzz/corpus/float_math_diff/f03_32
Executed /work/src/fuzz/corpus/float_math_diff/f01_04 in 0 ms
Running: /work/src/fuzz/corpus/float_math_diff/f01_05
Executed /work/src/fuzz/corpus/float_math_diff/f24_27 in 0 ms
Running: /work/src/fuzz/corpus/float_math_diff/f24_28
Executed /work/src/fuzz/corpus/float_math_diff/f17_04 in 0 ms
Running: /work/src/fuzz/corpus/float_math_diff/f17_05
Executed /work/src/fuzz/corpus/float_math_diff/f19_07 in 0 ms
Running: /work/src/fuzz/corpus/float_math_diff/f19_08
Executed /work/src/fuzz/corpus/float_math_diff/f27_12 in 0 ms
Running: /work/src/fuzz/corpus/float_math_diff/f27_13
Executed /work/src/fuzz/corpus/float_math_diff/f21_36 in 0 ms
Executed /work/src/fuzz/corpus/float_math_diff/f09_02 in 0 ms
Executed /work/src/fuzz/corpus/float_math_diff/f06_32 in 0 ms
Running: /work/src/fuzz/corpus/float_math_diff/f21_37
Executed /work/src/fuzz/corpus/float_math_diff/f03_32 in 0 ms
Executed /work/src/fuzz/corpus/float_math_diff/f14_26 in 0 ms
Running: /work/src/fuzz/corpus/float_math_diff/f09_03
Running: /work/src/fuzz/corpus/float_math_diff/f06_33
Executed /work/src/fuzz/corpus/float_math_diff/f01_05 in 0 ms
Running: /work/src/fuzz/corpus/float_math_diff/f03_33
Running: /work/src/fuzz/corpus/float_math_diff/f14_27
Executed /work/src/fuzz/corpus/float_math_diff/f24_28 in 0 ms
Running: /work/src/fuzz/corpus/float_math_diff/f01_06
Executed /work/src/fuzz/corpus/float_math_diff/f17_05 in 0 ms
Executed /work/src/fuzz/corpus/float_math_diff/f19_08 in 0 ms
Running: /work/src/fuzz/corpus/float_math_diff/f24_29
Executed /work/src/fuzz/corpus/float_math_diff/f11_38 in 0 ms
Running: /work/src/fuzz/corpus/float_math_diff/f17_06
Executed /work/src/fuzz/corpus/float_math_diff/f27_13 in 0 ms
Running: /work/src/fuzz/corpus/float_math_diff/f19_09
Running: /work/src/fuzz/corpus/float_math_diff/f11_39
Running: /work/src/fuzz/corpus/float_math_diff/f27_14
Executed /work/src/fuzz/corpus/float_math_diff/f21_37 in 0 ms
Executed /work/src/fuzz/corpus/float_math_diff/f09_03 in 0 ms
Running: /work/src/fuzz/corpus/float_math_diff/f21_38
Running: /work/src/fuzz/corpus/float_math_diff/f09_04
Executed /work/src/fuzz/corpus/float_math_diff/f14_27 in 0 ms
Running: /work/src/fuzz/corpus/float_math_diff/f14_28
Executed /work/src/fuzz/corpus/float_math_diff/f01_06 in 0 ms
Executed /work/src/fuzz/corpus/float_math_diff/f06_33 in 0 ms
Running: /work/src/fuzz/corpus/float_math_diff/f01_07
Executed /work/src/fuzz/corpus/float_math_diff/f03_33 in 0 ms
Running: /work/src/fuzz/corpus/float_math_diff/f06_34
Executed /work/src/fuzz/corpus/float_math_diff/f24_29 in 0 ms
Running: /work/src/fuzz/corpus/float_math_diff/f03_34
Running: /work/src/fuzz/corpus/float_math_diff/f24_30
Executed /work/src/fuzz/corpus/float_math_diff/f17_06 in 0 ms
Executed /work/src/fuzz/corpus/float_math_diff/f11_39 in 0 ms
Running: /work/src/fuzz/corpus/float_math_diff/f17_07
Running: /work/src/fuzz/corpus/float_math_diff/f12_00
Executed /work/src/fuzz/corpus/float_math_diff/f27_14 in 0 ms
Executed /work/src/fuzz/corpus/float_math_diff/f19_09 in 0 ms
Running: /work/src/fuzz/corpus/float_math_diff/f27_15
Running: /work/src/fuzz/corpus/float_math_diff/f19_10
Executed /work/src/fuzz/corpus/float_math_diff/f14_28 in 0 ms
Executed /work/src/fuzz/corpus/float_math_diff/f09_04 in 0 ms
Running: /work/src/fuzz/corpus/float_math_diff/f14_29
Running: /work/src/fuzz/corpus/float_math_diff/f09_05
Executed /work/src/fuzz/corpus/float_math_diff/f06_34 in 0 ms
Running: /work/src/fuzz/corpus/float_math_diff/f06_35
Executed /work/src/fuzz/corpus/float_math_diff/f21_38 in 0 ms
Executed /work/src/fuzz/corpus/float_math_diff/f17_07 in 0 ms
Running: /work/src/fuzz/corpus/float_math_diff/f21_39
Executed /work/src/fuzz/corpus/float_math_diff/f27_15 in 0 ms
Running: /work/src/fuzz/corpus/float_math_diff/f17_08
Running: /work/src/fuzz/corpus/float_math_diff/f27_16
Executed /work/src/fuzz/corpus/float_math_diff/f14_29 in 0 ms
Executed /work/src/fuzz/corpus/float_math_diff/f24_30 in 0 ms
Running: /work/src/fuzz/corpus/float_math_diff/f14_30
Executed /work/src/fuzz/corpus/float_math_diff/f03_34 in 0 ms
Running: /work/src/fuzz/corpus/float_math_diff/f24_31
Executed /work/src/fuzz/corpus/float_math_diff/f09_05 in 0 ms
Running: /work/src/fuzz/corpus/float_math_diff/f03_35
Executed /work/src/fuzz/corpus/float_math_diff/f12_00 in 0 ms
Executed /work/src/fuzz/corpus/float_math_diff/f06_35 in 0 ms
Running: /work/src/fuzz/corpus/float_math_diff/f09_06
Running: /work/src/fuzz/corpus/float_math_diff/f12_01
Executed /work/src/fuzz/corpus/float_math_diff/f01_07 in 0 ms
Running: /work/src/fuzz/corpus/float_math_diff/f06_36
Executed /work/src/fuzz/corpus/float_math_diff/f19_10 in 0 ms
Executed /work/src/fuzz/corpus/float_math_diff/f21_39 in 0 ms
Running: /work/src/fuzz/corpus/float_math_diff/f01_08
Executed /work/src/fuzz/corpus/float_math_diff/f27_16 in 0 ms
Running: /work/src/fuzz/corpus/float_math_diff/f19_11
Executed /work/src/fuzz/corpus/float_math_diff/f17_08 in 0 ms
Running: /work/src/fuzz/corpus/float_math_diff/f22_00
Running: /work/src/fuzz/corpus/float_math_diff/f27_17
Running: /work/src/fuzz/corpus/float_math_diff/f17_09
Executed /work/src/fuzz/corpus/float_math_diff/f14_30 in 0 ms
Running: /work/src/fuzz/corpus/float_math_diff/f14_31
Executed /work/src/fuzz/corpus/float_math_diff/f24_31 in 0 ms
Running: /work/src/fuzz/corpus/float_math_diff/f24_32
Executed /work/src/fuzz/corpus/float_math_diff/f09_06 in 0 ms
Running: /work/src/fuzz/corpus/float_math_diff/f09_07
Executed /work/src/fuzz/corpus/float_math_diff/f12_01 in 0 ms
Running: /work/src/fuzz/corpus/float_math_diff/f12_02
Executed /work/src/fuzz/corpus/float_math_diff/f17_09 in 0 ms
Executed /work/src/fuzz/corpus/float_math_diff/f27_17 in 0 ms
Running: /work/src/fuzz/corpus/float_math_diff/f17_10
Executed /work/src/fuzz/corpus/float_math_diff/f14_31 in 0 ms
Running: /work/src/fuzz/corpus/float_math_diff/f27_18
Executed /work/src/fuzz/corpus/float_math_diff/f03_35 in 0 ms
Running: /work/src/fuzz/corpus/float_math_diff/f14_32
Executed /work/src/fuzz/corpus/float_math_diff/f06_36 in 0 ms
Running: /work/src/fuzz/corpus/float_math_diff/f03_36
Executed /work/src/fuzz/corpus/float_math_diff/f22_00 in 0 ms
Executed /work/src/fuzz/corpus/float_math_diff/f09_07 in 0 ms
Executed /work/src/fuzz/corpus/float_math_diff/f24_32 in 0 ms
Executed /work/src/fuzz/corpus/float_math_diff/f19_11 in 0 ms
Running: /work/src/fuzz/corpus/float_math_diff/f06_37
Executed /work/src/fuzz/corpus/float_math_diff/f12_02 in 0 ms
Running: /work/src/fuzz/corpus/float_math_diff/f22_01
Running: /work/src/fuzz/corpus/float_math_diff/f09_08
Running: /work/src/fuzz/corpus/float_math_diff/f24_33
Running: /work/src/fuzz/corpus/float_math_diff/f19_12
Running: /work/src/fuzz/corpus/float_math_diff/f12_03
Executed /work/src/fuzz/corpus/float_math_diff/f17_10 in 0 ms
Running: /work/src/fuzz/corpus/float_math_diff/f17_11
Executed /work/src/fuzz/corpus/float_math_diff/f27_18 in 0 ms
Running: /work/src/fuzz/corpus/float_math_diff/f27_19
Executed /work/src/fuzz/corpus/float_math_diff/f14_32 in 0 ms
Executed /work/src/fuzz/corpus/float_math_diff/f01_08 in 0 ms
Running: /work/src/fuzz/corpus/float_math_diff/f14_33
Running: /work/src/fuzz/corpus/float_math_diff/f01_09
Executed /work/src/fuzz/corpus/float_math_diff/f06_37 in 0 ms
Running: /work/src/fuzz/corpus/float_math_diff/f06_38
Executed /work/src/fuzz/corpus/float_math_diff/f22_01 in 0 ms
Executed /work/src/fuzz/corpus/float_math_diff/f24_33 in 0 ms
Running: /work/src/fuzz/corpus/float_math_diff/f22_02
Executed /work/src/fuzz/corpus/float_math_diff/f19_12 in 0 ms
Running: /work/src/fuzz/corpus/float_math_diff/f24_34
Executed /work/src/fuzz/corpus/float_math_diff/f12_03 in 0 ms
Executed /work/src/fuzz/corpus/float_math_diff/f09_08 in 0 ms
Running: /work/src/fuzz/corpus/float_math_diff/f19_13
Executed /work/src/fuzz/corpus/float_math_diff/f17_11 in 0 ms
Executed /work/src/fuzz/corpus/float_math_diff/f03_36 in 0 ms
Running: /work/src/fuzz/corpus/float_math_diff/f12_04
Executed /work/src/fuzz/corpus/float_math_diff/f27_19 in 0 ms
Running: /work/src/fuzz/corpus/float_math_diff/f09_09
Executed /work/src/fuzz/corpus/float_math_diff/f14_33 in 0 ms
Running: /work/src/fuzz/corpus/float_math_diff/f17_12
Running: /work/src/fuzz/corpus/float_math_diff/f03_37
Running: /work/src/fuzz/corpus/float_math_diff/f27_20
Running: /work/src/fuzz/corpus/float_math_diff/f14_34
Executed /work/src/fuzz/corpus/float_math_diff/f06_38 in 0 ms
Running: /work/src/fuzz/corpus/float_math_diff/f06_39
Executed /work/src/fuzz/corpus/float_math_diff/f22_02 in 0 ms
Running: /work/src/fuzz/corpus/float_math_diff/f22_03
Executed /work/src/fuzz/corpus/float_math_diff/f24_34 in 0 ms
Running: /work/src/fuzz/corpus/float_math_diff/f24_35
Executed /work/src/fuzz/corpus/float_math_diff/f19_13 in 0 ms
Executed /work/src/fuzz/corpus/float_math_diff/f01_09 in 0 ms
Running: /work/src/fuzz/corpus/float_math_diff/f19_14
Executed /work/src/fuzz/corpus/float_math_diff/f12_04 in 0 ms
Running: /work/src/fuzz/corpus/float_math_diff/f01_10
Running: /work/src/fuzz/corpus/float_math_diff/f12_05
Executed /work/src/fuzz/corpus/float_math_diff/f09_09 in 0 ms
Running: /work/src/fuzz/corpus/float_math_diff/f09_10
Executed /work/src/fuzz/corpus/float_math_diff/f14_34 in 0 ms
Executed /work/src/fuzz/corpus/float_math_diff/f27_20 in 0 ms
Executed /work/src/fuzz/corpus/float_math_diff/f17_12 in 0 ms
Running: /work/src/fuzz/corpus/float_math_diff/f14_35
Running: /work/src/fuzz/corpus/float_math_diff/f27_21
Executed /work/src/fuzz/corpus/float_math_diff/f24_35 in 0 ms
Running: /work/src/fuzz/corpus/float_math_diff/f17_13
Executed /work/src/fuzz/corpus/float_math_diff/f06_39 in 0 ms
Executed /work/src/fuzz/corpus/float_math_diff/f22_03 in 0 ms
Running: /work/src/fuzz/corpus/float_math_diff/f24_36
Running: /work/src/fuzz/corpus/float_math_diff/f07_00
Running: /work/src/fuzz/corpus/float_math_diff/f22_04
Executed /work/src/fuzz/corpus/float_math_diff/f19_14 in 0 ms
Running: /work/src/fuzz/corpus/float_math_diff/f19_15
Executed /work/src/fuzz/corpus/float_math_diff/f03_37 in 0 ms
Running: /work/src/fuzz/corpus/float_math_diff/f03_38
Executed /work/src/fuzz/corpus/float_math_diff/f12_05 in 0 ms
Running: /work/src/fuzz/corpus/float_math_diff/f12_06
Executed /work/src/fuzz/corpus/float_math_diff/f09_10 in 0 ms
Running: /work/src/fuzz/corpus/float_math_diff/f09_11
Executed /work/src/fuzz/corpus/float_math_diff/f27_21 in 0 ms
Running: /work/src/fuzz/corpus/float_math_diff/f27_22
Executed /work/src/fuzz/corpus/float_math_diff/f14_35 in 0 ms
Running: /work/src/fuzz/corpus/float_math_diff/f14_36
Executed /work/src/fuzz/corpus/float_math_diff/f17_13 in 0 ms
Running: /work/src/fuzz/corpus/float_math_diff/f17_14
Executed /work/src/fuzz/corpus/float_math_diff/f24_36 in 0 ms
Executed /work/src/fuzz/corpus/float_math_diff/f01_10 in 0 ms
Running: /work/src/fuzz/corpus/float_math_diff/f24_37
Executed /work/src/fuzz/corpus/float_math_diff/f22_04 in 0 ms
Running: /work/src/fuzz/corpus/float_math_diff/f01_11
Running: /work/src/fuzz/corpus/float_math_diff/f22_05
Executed /work/src/fuzz/corpus/float_math_diff/f19_15 in 0 ms
Running: /work/src/fuzz/corpus/float_math_diff/f19_16
Executed /work/src/fuzz/corpus/float_math_diff/f12_06 in 0 ms
Running: /work/src/fuzz/corpus/float_math_diff/f12_07
Executed /work/src/fuzz/corpus/float_math_diff/f09_11 in 0 ms
Running: /work/src/fuzz/corpus/float_math_diff/f09_12
Executed /work/src/fuzz/corpus/float_math_diff/f27_22 in 0 ms
Executed /work/src/fuzz/corpus/float_math_diff/f14_36 in 0 ms
Running: /work/src/fuzz/corpus/float_math_diff/f27_23
Running: /work/src/fuzz/corpus/float_math_diff/f14_37
Executed /work/src/fuzz/corpus/float_math_diff/f17_14 in 0 ms
Executed /work/src/fuzz/corpus/float_math_diff/f24_37 in 0 ms
Running: /work/src/fuzz/corpus/float_math_diff/f17_15
Running: /work/src/fuzz/corpus/float_math_diff/f24_38
Executed /work/src/fuzz/corpus/float_math_diff/f03_38 in 0 ms
Executed /work/src/fuzz/corpus/float_math_diff/f22_05 in 0 ms
Executed /work/src/fuzz/corpus/float_math_diff/f19_16 in 0 ms
Running: /work/src/fuzz/corpus/float_math_diff/f03_39
Running: /work/src/fuzz/corpus/float_math_diff/f22_06
Running: /work/src/fuzz/corpus/float_math_diff/f19_17
Executed /work/src/fuzz/corpus/float_math_diff/f07_00 in 0 ms
Executed /work/src/fuzz/corpus/float_math_diff/f12_07 in 0 ms
Running: /work/src/fuzz/corpus/float_math_diff/f07_01
Running: /work/src/fuzz/corpus/float_math_diff/f12_08
Executed /work/src/fuzz/corpus/float_math_diff/f09_12 in 0 ms
Running: /work/src/fuzz/corpus/float_math_diff/f09_13
Executed /work/src/fuzz/corpus/float_math_diff/f17_15 in 0 ms
Running: /work/src/fuzz/corpus/float_math_diff/f17_16
Executed /work/src/fuzz/corpus/float_math_diff/f27_23 in 0 ms
Running: /work/src/fuzz/corpus/float_math_diff/f27_24
Executed /work/src/fuzz/corpus/float_math_diff/f01_11 in 0 ms
Executed /work/src/fuzz/corpus/float_math_diff/f24_38 in 0 ms
Running: /work/src/fuzz/corpus/float_math_diff/f01_12
Executed /work/src/fuzz/corpus/float_math_diff/f03_39 in 0 ms
Running: /work/src/fuzz/corpus/float_math_diff/f24_39
Executed /work/src/fuzz/corpus/float_math_diff/f22_06 in 0 ms
Running: /work/src/fuzz/corpus/float_math_diff/f04_00
Running: /work/src/fuzz/corpus/float_math_diff/f22_07
Executed /work/src/fuzz/corpus/float_math_diff/f12_08 in 0 ms
Executed /work/src/fuzz/corpus/float_math_diff/f19_17 in 0 ms
Running: /work/src/fuzz/corpus/float_math_diff/f12_09
Executed /work/src/fuzz/corpus/float_math_diff/f07_01 in 0 ms
Running: /work/src/fuzz/corpus/float_math_diff/f19_18
Executed /work/src/fuzz/corpus/float_math_diff/f09_13 in 0 ms
Running: /work/src/fuzz/corpus/float_math_diff/f07_02
Running: /work/src/fuzz/corpus/float_math_diff/f09_14
Executed /work/src/fuzz/corpus/float_math_diff/f27_24 in 0 ms
Running: /work/src/fuzz/corpus/float_math_diff/f27_25
Executed /work/src/fuzz/corpus/float_math_diff/f14_37 in 0 ms
Running: /work/src/fuzz/corpus/float_math_diff/f14_38
Executed /work/src/fuzz/corpus/float_math_diff/f17_16 in 0 ms
Running: /work/src/fuzz/corpus/float_math_diff/f17_17
Executed /work/src/fuzz/corpus/float_math_diff/f24_39 in 0 ms
Running: /work/src/fuzz/corpus/float_math_diff/f25_00
Executed /work/src/fuzz/corpus/float_math_diff/f01_12 in 0 ms
Running: /work/src/fuzz/corpus/float_math_diff/f01_13
Executed /work/src/fuzz/corpus/float_math_diff/f22_07 in 0 ms
Running: /work/src/fuzz/corpus/float_math_diff/f22_08
Executed /work/src/fuzz/corpus/float_math_diff/f12_09 in 0 ms
Running: /work/src/fuzz/corpus/float_math_diff/f12_10
Executed /work/src/fuzz/corpus/float_math_diff/f09_14 in 0 ms
Running: /work/src/fuzz/corpus/float_math_diff/f09_15
Executed /work/src/fuzz/corpus/float_math_diff/f07_02 in 0 ms
Executed /work/src/fuzz/corpus/float_math_diff/f19_18 in 0 ms
Running: /work/src/fuzz/corpus/float_math_diff/f07_03
Executed /work/src/fuzz/corpus/float_math_diff/f27_25 in 0 ms
Running: /work/src/fuzz/corpus/float_math_diff/f19_19
Executed /work/src/fuzz/corpus/float_math_diff/f17_17 in 0 ms
Running: /work/src/fuzz/corpus/float_math_diff/f27_26
Running: /work/src/fuzz/corpus/float_math_diff/f17_18
Executed /work/src/fuzz/corpus/float_math_diff/f25_00 in 0 ms
Running: /work/src/fuzz/corpus/float_math_diff/f25_01
Executed /work/src/fuzz/corpus/float_math_diff/f04_00 in 0 ms
Running: /work/src/fuzz/corpus/float_math_diff/f04_01
Executed /work/src/fuzz/corpus/float_math_diff/f09_15 in 0 ms
Running: /work/src/fuzz/corpus/float_math_diff/f09_16
Executed /work/src/fuzz/corpus/float_math_diff/f12_10 in 0 ms
Executed /work/src/fuzz/corpus/float_math_diff/f14_38 in 0 ms
Running: /work/src/fuzz/corpus/float_math_diff/f12_11
Executed /work/src/fuzz/corpus/float_math_diff/f07_03 in 0 ms
Running: /work/src/fuzz/corpus/float_math_diff/f14_39
Executed /work/src/fuzz/corpus/float_math_diff/f17_18 in 0 ms
Executed /work/src/fuzz/corpus/float_math_diff/f01_13 in 0 ms
Executed /work/src/fuzz/corpus/float_math_diff/f27_26 in 0 ms
Executed /work/src/fuzz/corpus/float_math_diff/f19_19 in 0 ms
Executed /work/src/fuzz/corpus/float_math_diff/f22_08 in 0 ms
Executed /work/src/fuzz/corpus/float_math_diff/f25_01 in 0 ms
Running: /work/src/fuzz/corpus/float_math_diff/f07_04
Running: /work/src/fuzz/corpus/float_math_diff/f17_19
Running: /work/src/fuzz/corpus/float_math_diff/f01_14
Running: /work/src/fuzz/corpus/float_math_diff/f27_27
Running: /work/src/fuzz/corpus/float_math_diff/f19_20
Running: /work/src/fuzz/corpus/float_math_diff/f22_09
Running: /work/src/fuzz/corpus/float_math_diff/f25_02
Executed /work/src/fuzz/corpus/float_math_diff/f04_01 in 0 ms
Executed /work/src/fuzz/corpus/float_math_diff/f09_16 in 0 ms
Executed /work/src/fuzz/corpus/float_math_diff/f12_11 in 0 ms
Running: /work/src/fuzz/corpus/float_math_diff/f04_02
Running: /work/src/fuzz/corpus/float_math_diff/f09_17
Running: /work/src/fuzz/corpus/float_math_diff/f12_12
Executed /work/src/fuzz/corpus/float_math_diff/f14_39 in 0 ms
Running: /work/src/fuzz/corpus/float_math_diff/f15_00
Executed /work/src/fuzz/corpus/float_math_diff/f17_19 in 0 ms
Executed /work/src/fuzz/corpus/float_math_diff/f27_27 in 0 ms
Executed /work/src/fuzz/corpus/float_math_diff/f07_04 in 0 ms
Running: /work/src/fuzz/corpus/float_math_diff/f17_20
Executed /work/src/fuzz/corpus/float_math_diff/f25_02 in 0 ms
Running: /work/src/fuzz/corpus/float_math_diff/f27_28
Running: /work/src/fuzz/corpus/float_math_diff/f07_05
Running: /work/src/fuzz/corpus/float_math_diff/f25_03
Executed /work/src/fuzz/corpus/float_math_diff/f04_02 in 0 ms
Executed /work/src/fuzz/corpus/float_math_diff/f12_12 in 0 ms
Executed /work/src/fuzz/corpus/float_math_diff/f22_09 in 0 ms
Executed /work/src/fuzz/corpus/float_math_diff/f09_17 in 0 ms
Running: /work/src/fuzz/corpus/float_math_diff/f04_03
Running: /work/src/fuzz/corpus/float_math_diff/f12_13
Running: /work/src/fuzz/corpus/float_math_diff/f22_10
Running: /work/src/fuzz/corpus/float_math_diff/f09_18
Executed /work/src/fuzz/corpus/float_math_diff/f15_00 in 0 ms
Executed /work/src/fuzz/corpus/float_math_diff/f01_14 in 0 ms
Running: /work/src/fuzz/corpus/float_math_diff/f15_01
Running: /work/src/fuzz/corpus/float_math_diff/f01_15
Executed /work/src/fuzz/corpus/float_math_diff/f19_20 in 0 ms
Running: /work/src/fuzz/corpus/float_math_diff/f19_21
Executed /work/src/fuzz/corpus/float_math_diff/f27_28 in 0 ms
Executed /work/src/fuzz/corpus/float_math_diff/f17_20 in 0 ms
Running: /work/src/fuzz/corpus/float_math_diff/f27_29
Executed /work/src/fuzz/corpus/float_math_diff/f25_03 in 0 ms
Running: /work/src/fuzz/corpus/float_math_diff/f17_21
Executed /work/src/fuzz/corpus/float_math_diff/f07_05 in 0 ms
Running: /work/src/fuzz/corpus/float_math_diff/f25_04
Running: /work/src/fuzz/corpus/float_math_diff/f07_06
Executed /work/src/fuzz/corpus/float_math_diff/f04_03 in 0 ms
Running: /work/src/fuzz/corpus/float_math_diff/f04_04
Executed /work/src/fuzz/corpus/float_math_diff/f12_13 in 0 ms
Executed /work/src/fuzz/corpus/float_math_diff/f22_10 in 0 ms
Running: /work/src/fuzz/corpus/float_math_diff/f12_14
Running: /work/src/fuzz/corpus/float_math_diff/f22_11
Executed /work/src/fuzz/corpus/float_math_diff/f15_01 in 0 ms
Running: /work/src/fuzz/corpus/float_math_diff/f15_02
Executed /work/src/fuzz/corpus/float_math_diff/f17_21 in 0 ms
Executed /work/src/fuzz/corpus/float_math_diff/f27_29 in 0 ms
Executed /work/src/fuzz/corpus/float_math_diff/f09_18 in 0 ms
Running: /work/src/fuzz/corpus/float_math_diff/f17_22
Running: /work/src/fuzz/corpus/float_math_diff/f27_30
Executed /work/src/fuzz/corpus/float_math_diff/f25_04 in 0 ms
Running: /work/src/fuzz/corpus/float_math_diff/f09_19
Running: /work/src/fuzz/corpus/float_math_diff/f25_05
Executed /work/src/fuzz/corpus/float_math_diff/f01_15 in 0 ms
Executed /work/src/fuzz/corpus/float_math_diff/f04_04 in 0 ms
Running: /work/src/fuzz/corpus/float_math_diff/f01_16
Executed /work/src/fuzz/corpus/float_math_diff/f22_11 in 0 ms
Executed /work/src/fuzz/corpus/float_math_diff/f12_14 in 0 ms
Executed /work/src/fuzz/corpus/float_math_diff/f19_21 in 0 ms
Executed /work/src/fuzz/corpus/float_math_diff/f07_06 in 0 ms
Running: /work/src/fuzz/corpus/float_math_diff/f04_05
Running: /work/src/fuzz/corpus/float_math_diff/f22_12
Running: /work/src/fuzz/corpus/float_math_diff/f12_15
Running: /work/src/fuzz/corpus/float_math_diff/f19_22
Executed /work/src/fuzz/corpus/float_math_diff/f15_02 in 0 ms
Running: /work/src/fuzz/corpus/float_math_diff/f07_07
Running: /work/src/fuzz/corpus/float_math_diff/f15_03
Executed /work/src/fuzz/corpus/float_math_diff/f09_19 in 0 ms
Executed /work/src/fuzz/corpus/float_math_diff/f25_05 in 0 ms
Running: /work/src/fuzz/corpus/float_math_diff/f09_20
Executed /work/src/fuzz/corpus/float_math_diff/f27_30 in 0 ms
Running: /work/src/fuzz/corpus/float_math_diff/f25_06
Running: /work/src/fuzz/corpus/float_math_diff/f27_31
Executed /work/src/fuzz/corpus/float_math_diff/f12_15 in 0 ms
Running: /work/src/fuzz/corpus/float_math_diff/f12_16
Executed /work/src/fuzz/corpus/float_math_diff/f19_22 in 0 ms
Executed /work/src/fuzz/corpus/float_math_diff/f22_12 in 0 ms
Executed /work/src/fuzz/corpus/float_math_diff/f07_07 in 0 ms
Executed /work/src/fuzz/corpus/float_math_diff/f04_05 in 0 ms
Running: /work/src/fuzz/corpus/float_math_diff/f19_23
Executed /work/src/fuzz/corpus/float_math_diff/f15_03 in 0 ms
Running: /work/src/fuzz/corpus/float_math_diff/f22_13
Running: /work/src/fuzz/corpus/float_math_diff/f07_08
Running: /work/src/fuzz/corpus/float_math_diff/f04_06
Running: /work/src/fuzz/corpus/float_math_diff/f15_04
Executed /work/src/fuzz/corpus/float_math_diff/f01_16 in 0 ms
Executed /work/src/fuzz/corpus/float_math_diff/f25_06 in 0 ms
Executed /work/src/fuzz/corpus/float_math_diff/f27_31 in 0 ms
Executed /work/src/fuzz/corpus/float_math_diff/f09_20 in 0 ms
Running: /work/src/fuzz/corpus/float_math_diff/f01_17
Running: /work/src/fuzz/corpus/float_math_diff/f25_07
Running: /work/src/fuzz/corpus/float_math_diff/f27_32
Running: /work/src/fuzz/corpus/float_math_diff/f09_21
Executed /work/src/fuzz/corpus/float_math_diff/f12_16 in 0 ms
Running: /work/src/fuzz/corpus/float_math_diff/f12_17
Executed /work/src/fuzz/corpus/float_math_diff/f19_23 in 0 ms
Running: /work/src/fuzz/corpus/float_math_diff/f19_24
Executed /work/src/fuzz/corpus/float_math_diff/f22_13 in 0 ms
Running: /work/src/fuzz/corpus/float_math_diff/f22_14
Executed /work/src/fuzz/corpus/float_math_diff/f15_04 in 0 ms
Running: /work/src/fuzz/corpus/float_math_diff/f15_05
Executed /work/src/fuzz/corpus/float_math_diff/f04_06 in 0 ms
Executed /work/src/fuzz/corpus/float_math_diff/f07_08 in 0 ms
Running: /work/src/fuzz/corpus/float_math_diff/f04_07
Executed /work/src/fuzz/corpus/float_math_diff/f25_07 in 0 ms
Running: /work/src/fuzz/corpus/float_math_diff/f07_09
Executed /work/src/fuzz/corpus/float_math_diff/f09_21 in 0 ms
Running: /work/src/fuzz/corpus/float_math_diff/f25_08
Executed /work/src/fuzz/corpus/float_math_diff/f27_32 in 0 ms
Running: /work/src/fuzz/corpus/float_math_diff/f09_22
Running: /work/src/fuzz/corpus/float_math_diff/f27_33
Executed /work/src/fuzz/corpus/float_math_diff/f12_17 in 0 ms
Executed /work/src/fuzz/corpus/float_math_diff/f17_22 in 0 ms
Running: /work/src/fuzz/corpus/float_math_diff/f12_18
Running: /work/src/fuzz/corpus/float_math_diff/f17_23
Executed /work/src/fuzz/corpus/float_math_diff/f19_24 in 0 ms
Executed /work/src/fuzz/corpus/float_math_diff/f22_14 in 0 ms
Executed /work/src/fuzz/corpus/float_math_diff/f01_17 in 0 ms
Running: /work/src/fuzz/corpus/float_math_diff/f19_25
Running: /work/src/fuzz/corpus/float_math_diff/f22_15
Running: /work/src/fuzz/corpus/float_math_diff/f01_18
Executed /work/src/fuzz/corpus/float_math_diff/f15_05 in 0 ms
Running: /work/src/fuzz/corpus/float_math_diff/f15_06
Executed /work/src/fuzz/corpus/float_math_diff/f25_08 in 0 ms
Running: /work/src/fuzz/corpus/float_math_diff/f25_09
Executed /work/src/fuzz/corpus/float_math_diff/f07_09 in 0 ms
Executed /work/src/fuzz/corpus/float_math_diff/f09_22 in 0 ms
Executed /work/src/fuzz/corpus/float_math_diff/f27_33 in 0 ms
Running: /work/src/fuzz/corpus/float_math_diff/f07_10
Running: /work/src/fuzz/corpus/float_math_diff/f09_23
Running: /work/src/fuzz/corpus/float_math_diff/f27_34
Executed /work/src/fuzz/corpus/float_math_diff/f12_18 in 0 ms
Executed /work/src/fuzz/corpus/float_math_diff/f17_23 in 0 ms
Running: /work/src/fuzz/corpus/float_math_diff/f12_19
Running: /work/src/fuzz/corpus/float_math_diff/f17_24
Executed /work/src/fuzz/corpus/float_math_diff/f19_25 in 0 ms
Running: /work/src/fuzz/corpus/float_math_diff/f19_26
Executed /work/src/fuzz/corpus/float_math_diff/f22_15 in 0 ms
Executed /work/src/fuzz/corpus/float_math_diff/f15_06 in 0 ms
Running: /work/src/fuzz/corpus/float_math_diff/f22_16
Running: /work/src/fuzz/corpus/float_math_diff/f15_07
Executed /work/src/fuzz/corpus/float_math_diff/f25_09 in 0 ms
Running: /work/src/fuzz/corpus/float_math_diff/f25_10
Executed /work/src/fuzz/corpus/float_math_diff/f09_23 in 0 ms
Running: /work/src/fuzz/corpus/float_math_diff/f09_24
Executed /work/src/fuzz/corpus/float_math_diff/f07_10 in 0 ms
Executed /work/src/fuzz/corpus/float_math_diff/f27_34 in 0 ms
Executed /work/src/fuzz/corpus/float_math_diff/f12_19 in 0 ms
Running: /work/src/fuzz/corpus/float_math_diff/f07_11
Running: /work/src/fuzz/corpus/float_math_diff/f27_35
Executed /work/src/fuzz/corpus/float_math_diff/f01_18 in 0 ms
Running: /work/src/fuzz/corpus/float_math_diff/f12_20
Executed /work/src/fuzz/corpus/float_math_diff/f04_07 in 0 ms
Running: /work/src/fuzz/corpus/float_math_diff/f01_19
Executed /work/src/fuzz/corpus/float_math_diff/f17_24 in 0 ms
Running: /work/src/fuzz/corpus/float_math_diff/f04_08
Running: /work/src/fuzz/corpus/float_math_diff/f17_25
Executed /work/src/fuzz/corpus/float_math_diff/f15_07 in 0 ms
Running: /work/src/fuzz/corpus/float_math_diff/f15_08
Executed /work/src/fuzz/corpus/float_math_diff/f22_16 in 0 ms
Running: /work/src/fuzz/corpus/float_math_diff/f22_17
Executed /work/src/fuzz/corpus/float_math_diff/f25_10 in 0 ms
Executed /work/src/fuzz/corpus/float_math_diff/f09_24 in 0 ms
Executed /work/src/fuzz/corpus/float_math_diff/f19_26 in 0 ms
Running: /work/src/fuzz/corpus/float_math_diff/f25_11
Executed /work/src/fuzz/corpus/float_math_diff/f27_35 in 0 ms
Running: /work/src/fuzz/corpus/float_math_diff/f09_25
Running: /work/src/fuzz/corpus/float_math_diff/f19_27
Executed /work/src/fuzz/corpus/float_math_diff/f12_20 in 0 ms
Executed /work/src/fuzz/corpus/float_math_diff/f07_11 in 0 ms
Running: /work/src/fuzz/corpus/float_math_diff/f27_36
Running: /work/src/fuzz/corpus/float_math_diff/f12_21
Running: /work/src/fuzz/corpus/float_math_diff/f07_12
Executed /work/src/fuzz/corpus/float_math_diff/f15_08 in 0 ms
Executed /work/src/fuzz/corpus/float_math_diff/f17_25 in 0 ms
Executed /work/src/fuzz/corpus/float_math_diff/f22_17 in 0 ms
Running: /work/src/fuzz/corpus/float_math_diff/f15_09
Running: /work/src/fuzz/corpus/float_math_diff/f17_26
Running: /work/src/fuzz/corpus/float_math_diff/f22_18
Executed /work/src/fuzz/corpus/float_math_diff/f09_25 in 0 ms
Executed /work/src/fuzz/corpus/float_math_diff/f01_19 in 0 ms
Executed /work/src/fuzz/corpus/float_math_diff/f25_11 in 0 ms
Running: /work/src/fuzz/corpus/float_math_diff/f09_26
Executed /work/src/fuzz/corpus/float_math_diff/f04_08 in 0 ms
Running: /work/src/fuzz/corpus/float_math_diff/f01_20
Running: /work/src/fuzz/corpus/float_math_diff/f25_12
Running: /work/src/fuzz/corpus/float_math_diff/f04_09
Executed /work/src/fuzz/corpus/float_math_diff/f19_27 in 0 ms
Executed /work/src/fuzz/corpus/float_math_diff/f12_21 in 0 ms
Running: /work/src/fuzz/corpus/float_math_diff/f19_28
Running: /work/src/fuzz/corpus/float_math_diff/f12_22
Executed /work/src/fuzz/corpus/float_math_diff/f27_36 in 0 ms
Executed /work/src/fuzz/corpus/float_math_diff/f17_26 in 0 ms
Running: /work/src/fuzz/corpus/float_math_diff/f27_37
Executed /work/src/fuzz/corpus/float_math_diff/f15_09 in 0 ms
Executed /work/src/fuzz/corpus/float_math_diff/f07_12 in 0 ms
Running: /work/src/fuzz/corpus/float_math_diff/f17_27
Executed /work/src/fuzz/corpus/float_math_diff/f22_18 in 0 ms
Running: /work/src/fuzz/corpus/float_math_diff/f15_10
Running: /work/src/fuzz/corpus/float_math_diff/f07_13
Running: /work/src/fuzz/corpus/float_math_diff/f22_19
Executed /work/src/fuzz/corpus/float_math_diff/f09_26 in 0 ms
Executed /work/src/fuzz/corpus/float_math_diff/f25_12 in 0 ms
Running: /work/src/fuzz/corpus/float_math_diff/f09_27
Running: /work/src/fuzz/corpus/float_math_diff/f25_13
Executed /work/src/fuzz/corpus/float_math_diff/f12_22 in 0 ms
Executed /work/src/fuzz/corpus/float_math_diff/f19_28 in 0 ms
Running: /work/src/fuzz/corpus/float_math_diff/f12_23
Running: /work/src/fuzz/corpus/float_math_diff/f19_29
Executed /work/src/fuzz/corpus/float_math_diff/f27_37 in 0 ms
Running: /work/src/fuzz/corpus/float_math_diff/f27_38
Executed /work/src/fuzz/corpus/float_math_diff/f15_10 in 0 ms
Executed /work/src/fuzz/corpus/float_math_diff/f22_19 in 0 ms
Running: /work/src/fuzz/corpus/float_math_diff/f15_11
Running: /work/src/fuzz/corpus/float_math_diff/f22_20
Executed /work/src/fuzz/corpus/float_math_diff/f07_13 in 0 ms
Executed /work/src/fuzz/corpus/float_math_diff/f04_09 in 0 ms
Executed /work/src/fuzz/corpus/float_math_diff/f01_20 in 0 ms
Executed /work/src/fuzz/corpus/float_math_diff/f09_27 in 0 ms
Running: /work/src/fuzz/corpus/float_math_diff/f07_14
Running: /work/src/fuzz/corpus/float_math_diff/f04_10
Running: /work/src/fuzz/corpus/float_math_diff/f01_21
Running: /work/src/fuzz/corpus/float_math_diff/f09_28
Executed /work/src/fuzz/corpus/float_math_diff/f25_13 in 0 ms
Executed /work/src/fuzz/corpus/float_math_diff/f12_23 in 0 ms
Executed /work/src/fuzz/corpus/float_math_diff/f19_29 in 0 ms
Running: /work/src/fuzz/corpus/float_math_diff/f25_14
Executed /work/src/fuzz/corpus/float_math_diff/f27_38 in 0 ms
Running: /work/src/fuzz/corpus/float_math_diff/f12_24
Running: /work/src/fuzz/corpus/float_math_diff/f19_30
Running: /work/src/fuzz/corpus/float_math_diff/f27_39
Executed /work/src/fuzz/corpus/float_math_diff/f15_11 in 0 ms
***
*** NOTE: fuzzing was not performed, you have only
***       executed the target code on a fixed set of inputs.
***
Executed /work/src/fuzz/corpus/float_math_diff/f22_20 in 0 ms
Running: /work/src/fuzz/corpus/float_math_diff/f22_21
Executed /work/src/fuzz/corpus/float_math_diff/f07_14 in 0 ms
Running: /work/src/fuzz/corpus/float_math_diff/f07_15
Executed /work/src/fuzz/corpus/float_math_diff/f09_28 in 0 ms
Running: /work/src/fuzz/corpus/float_math_diff/f09_29
Executed /work/src/fuzz/corpus/float_math_diff/f17_27 in 0 ms
Running: /work/src/fuzz/corpus/float_math_diff/f17_28
Executed /work/src/fuzz/corpus/float_math_diff/f25_14 in 0 ms
Running: /work/src/fuzz/corpus/float_math_diff/f25_15
Executed /work/src/fuzz/corpus/float_math_diff/f19_30 in 0 ms
Executed /work/src/fuzz/corpus/float_math_diff/f27_39 in 0 ms
Running: /work/src/fuzz/corpus/float_math_diff/f19_31
Executed /work/src/fuzz/corpus/float_math_diff/f12_24 in 0 ms
Running: /work/src/fuzz/corpus/float_math_diff/ffcf07c4aee8ce28ade928b93976e80919cb7349
Running: /work/src/fuzz/corpus/float_math_diff/f12_25
Executed /work/src/fuzz/corpus/float_math_diff/f22_21 in 0 ms
Executed /work/src/fuzz/corpus/float_math_diff/f04_10 in 0 ms
Running: /work/src/fuzz/corpus/float_math_diff/f22_22
Running: /work/src/fuzz/corpus/float_math_diff/f04_11
Executed /work/src/fuzz/corpus/float_math_diff/f07_15 in 0 ms
Running: /work/src/fuzz/corpus/float_math_diff/f07_16
Executed /work/src/fuzz/corpus/float_math_diff/f01_21 in 0 ms
Executed /work/src/fuzz/corpus/float_math_diff/f09_29 in 0 ms
Running: /work/src/fuzz/corpus/float_math_diff/f01_22
Running: /work/src/fuzz/corpus/float_math_diff/f09_30
Executed /work/src/fuzz/corpus/float_math_diff/f25_15 in 0 ms
Running: /work/src/fuzz/corpus/float_math_diff/f25_16
Executed /work/src/fuzz/corpus/float_math_diff/f19_31 in 0 ms
Running: /work/src/fuzz/corpus/float_math_diff/f19_32
Executed /work/src/fuzz/corpus/float_math_diff/f12_25 in 0 ms
Running: /work/src/fuzz/corpus/float_math_diff/f12_26
Executed /work/src/fuzz/corpus/float_math_diff/f22_22 in 0 ms
Running: /work/src/fuzz/corpus/float_math_diff/f22_23
Executed /work/src/fuzz/corpus/float_math_diff/f07_16 in 0 ms
Executed /work/src/fuzz/corpus/float_math_diff/ffcf07c4aee8ce28ade928b93976e80919cb7349 in 0 ms
Executed /work/src/fuzz/corpus/float_math_diff/f09_30 in 0 ms
Running: /work/src/fuzz/corpus/float_math_diff/f07_17
Running: /work/src/fuzz/corpus/float_math_diff/c78ebd3c85a39a596d9f5cfd2b8d240bc1b9c125
Running: /work/src/fuzz/corpus/float_math_diff/f09_31
Executed /work/src/fuzz/corpus/float_math_diff/f25_16 in 0 ms
Executed /work/src/fuzz/corpus/float_math_diff/f17_28 in 0 ms
Running: /work/src/fuzz/corpus/float_math_diff/f25_17
Executed /work/src/fuzz/corpus/float_math_diff/f19_32 in 0 ms
Executed /work/src/fuzz/corpus/float_math_diff/f04_11 in 0 ms
Running: /work/src/fuzz/corpus/float_math_diff/f17_29
Running: /work/src/fuzz/corpus/float_math_diff/f19_33
Executed /work/src/fuzz/corpus/float_math_diff/f01_22 in 0 ms
Running: /work/src/fuzz/corpus/float_math_diff/f04_12
Executed /work/src/fuzz/corpus/float_math_diff/f12_26 in 0 ms
Running: /work/src/fuzz/corpus/float_math_diff/f01_23
Executed /work/src/fuzz/corpus/float_math_diff/f22_23 in 0 ms
Running: /work/src/fuzz/corpus/float_math_diff/f12_27
Running: /work/src/fuzz/corpus/float_math_diff/f22_24
Executed /work/src/fuzz/corpus/float_math_diff/f09_31 in 0 ms
Executed /work/src/fuzz/corpus/float_math_diff/c78ebd3c85a39a596d9f5cfd2b8d240bc1b9c125 in 0 ms
Executed /work/src/fuzz/corpus/float_math_diff/f07_17 in 0 ms
Running: /work/src/fuzz/corpus/float_math_diff/f09_32
***
*** NOTE: fuzzing was not performed, you have only
***       executed the target code on a fixed set of inputs.
***
Running: /work/src/fuzz/corpus/float_math_diff/f07_18
Executed /work/src/fuzz/corpus/float_math_diff/f25_17 in 0 ms
Running: /work/src/fuzz/corpus/float_math_diff/f25_18
Executed /work/src/fuzz/corpus/float_math_diff/f19_33 in 0 ms
Running: /work/src/fuzz/corpus/float_math_diff/f19_34
Executed /work/src/fuzz/corpus/float_math_diff/f17_29 in 0 ms
Executed /work/src/fuzz/corpus/float_math_diff/f12_27 in 0 ms
Running: /work/src/fuzz/corpus/float_math_diff/f17_30
Executed /work/src/fuzz/corpus/float_math_diff/f04_12 in 0 ms
Running: /work/src/fuzz/corpus/float_math_diff/f12_28
Running: /work/src/fuzz/corpus/float_math_diff/f04_13
Executed /work/src/fuzz/corpus/float_math_diff/f22_24 in 0 ms
Running: /work/src/fuzz/corpus/float_math_diff/f22_25
Executed /work/src/fuzz/corpus/float_math_diff/f09_32 in 0 ms
Running: /work/src/fuzz/corpus/float_math_diff/f09_33
Executed /work/src/fuzz/corpus/float_math_diff/f25_18 in 0 ms
Running: /work/src/fuzz/corpus/float_math_diff/f25_19
Executed /work/src/fuzz/corpus/float_math_diff/f07_18 in 0 ms
Executed /work/src/fuzz/corpus/float_math_diff/f01_23 in 0 ms
Running: /work/src/fuzz/corpus/float_math_diff/f07_19
Running: /work/src/fuzz/corpus/float_math_diff/f01_24
Executed /work/src/fuzz/corpus/float_math_diff/f12_28 in 0 ms
Running: /work/src/fuzz/corpus/float_math_diff/f12_29
Executed /work/src/fuzz/corpus/float_math_diff/f17_30 in 0 ms
Executed /work/src/fuzz/corpus/float_math_diff/f22_25 in 0 ms
Running: /work/src/fuzz/corpus/float_math_diff/f17_31
Running: /work/src/fuzz/corpus/float_math_diff/f22_26
Executed /work/src/fuzz/corpus/float_math_diff/f09_33 in 0 ms
Running: /work/src/fuzz/corpus/float_math_diff/f09_34
Executed /work/src/fuzz/corpus/float_math_diff/f19_34 in 0 ms
Running: /work/src/fuzz/corpus/float_math_diff/f19_35
Executed /work/src/fuzz/corpus/float_math_diff/f25_19 in 0 ms
***
*** NOTE: fuzzing was not performed, you have only
***       executed the target code on a fixed set of inputs.
***
Executed /work/src/fuzz/corpus/float_math_diff/f04_13 in 0 ms
Running: /work/src/fuzz/corpus/float_math_diff/f04_14
Executed /work/src/fuzz/corpus/float_math_diff/f07_19 in 0 ms
Executed /work/src/fuzz/corpus/float_math_diff/f12_29 in 0 ms
Running: /work/src/fuzz/corpus/float_math_diff/f07_20
***
*** NOTE: fuzzing was not performed, you have only
***       executed the target code on a fixed set of inputs.
***
Executed /work/src/fuzz/corpus/float_math_diff/f17_31 in 0 ms
Executed /work/src/fuzz/corpus/float_math_diff/f22_26 in 0 ms
Running: /work/src/fuzz/corpus/float_math_diff/f17_32
Running: /work/src/fuzz/corpus/float_math_diff/f22_27
Executed /work/src/fuzz/corpus/float_math_diff/f09_34 in 0 ms
Running: /work/src/fuzz/corpus/float_math_diff/f09_35
Executed /work/src/fuzz/corpus/float_math_diff/f01_24 in 0 ms
Running: /work/src/fuzz/corpus/float_math_diff/f01_25
Executed /work/src/fuzz/corpus/float_math_diff/f07_20 in 0 ms
Running: /work/src/fuzz/corpus/float_math_diff/f07_21
Executed /work/src/fuzz/corpus/float_math_diff/f22_27 in 0 ms
Executed /work/src/fuzz/corpus/float_math_diff/f17_32 in 0 ms
Running: /work/src/fuzz/corpus/float_math_diff/f22_28
Running: /work/src/fuzz/corpus/float_math_diff/f17_33
Executed /work/src/fuzz/corpus/float_math_diff/f19_35 in 0 ms
Running: /work/src/fuzz/corpus/float_math_diff/f19_36
Executed /work/src/fuzz/corpus/float_math_diff/f09_35 in 0 ms
Running: /work/src/fuzz/corpus/float_math_diff/f09_36
Executed /work/src/fuzz/corpus/float_math_diff/f04_14 in 0 ms
Running: /work/src/fuzz/corpus/float_math_diff/f04_15
Executed /work/src/fuzz/corpus/float_math_diff/f07_21 in 0 ms
Running: /work/src/fuzz/corpus/float_math_diff/f07_22
Executed /work/src/fuzz/corpus/float_math_diff/f17_33 in 0 ms
Executed /work/src/fuzz/corpus/float_math_diff/f22_28 in 0 ms
Executed /work/src/fuzz/corpus/float_math_diff/f01_25 in 0 ms
Executed /work/src/fuzz/corpus/float_math_diff/f19_36 in 0 ms
***
*** NOTE: fuzzing was not performed, you have only
***       executed the target code on a fixed set of inputs.
***
Running: /work/src/fuzz/corpus/float_math_diff/f22_29
Executed /work/src/fuzz/corpus/float_math_diff/f09_36 in 0 ms
Running: /work/src/fuzz/corpus/float_math_diff/f01_26
Running: /work/src/fuzz/corpus/float_math_diff/f19_37
Running: /work/src/fuzz/corpus/float_math_diff/f09_37
Executed /work/src/fuzz/corpus/float_math_diff/f07_22 in 0 ms
Running: /work/src/fuzz/corpus/float_math_diff/f07_23
Executed /work/src/fuzz/corpus/float_math_diff/f22_29 in 0 ms
Running: /work/src/fuzz/corpus/float_math_diff/f22_30
Executed /work/src/fuzz/corpus/float_math_diff/f09_37 in 0 ms
Executed /work/src/fuzz/corpus/float_math_diff/f19_37 in 0 ms
Executed /work/src/fuzz/corpus/float_math_diff/f04_15 in 0 ms
Running: /work/src/fuzz/corpus/float_math_diff/f09_38
Running: /work/src/fuzz/corpus/float_math_diff/f19_38
Running: /work/src/fuzz/corpus/float_math_diff/f04_16
Executed /work/src/fuzz/corpus/float_math_diff/f01_26 in 0 ms
Executed /work/src/fuzz/corpus/float_math_diff/f22_30 in 0 ms
Running: /work/src/fuzz/corpus/float_math_diff/f01_27
Running: /work/src/fuzz/corpus/float_math_diff/f22_31
Executed /work/src/fuzz/corpus/float_math_diff/f07_23 in 0 ms
Running: /work/src/fuzz/corpus/float_math_diff/f07_24
Executed /work/src/fuzz/corpus/float_math_diff/f09_38 in 0 ms
Running: /work/src/fuzz/corpus/float_math_diff/f09_39
Executed /work/src/fuzz/corpus/float_math_diff/f19_38 in 0 ms
Running: /work/src/fuzz/corpus/float_math_diff/f19_39
Executed /work/src/fuzz/corpus/float_math_diff/f04_16 in 0 ms
Running: /work/src/fuzz/corpus/float_math_diff/f04_17
Executed /work/src/fuzz/corpus/float_math_diff/f07_24 in 0 ms
Executed /work/src/fuzz/corpus/float_math_diff/f09_39 in 0 ms
Running: /work/src/fuzz/corpus/float_math_diff/f07_25
Running: /work/src/fuzz/corpus/float_math_diff/f10_00
Executed /work/src/fuzz/corpus/float_math_diff/f19_39 in 0 ms
Executed /work/src/fuzz/corpus/float_math_diff/f22_31 in 0 ms
Executed /work/src/fuzz/corpus/float_math_diff/f01_27 in 0 ms
Running: /work/src/fuzz/corpus/float_math_diff/f20_00
Running: /work/src/fuzz/corpus/float_math_diff/f22_32
Running: /work/src/fuzz/corpus/float_math_diff/f01_28
Executed /work/src/fuzz/corpus/float_math_diff/f10_00 in 0 ms
Running: /work/src/fuzz/corpus/float_math_diff/f10_01
Executed /work/src/fuzz/corpus/float_math_diff/f07_25 in 0 ms
***
*** NOTE: fuzzing was not performed, you have only
***       executed the target code on a fixed set of inputs.
***
Executed /work/src/fuzz/corpus/float_math_diff/f04_17 in 0 ms
Executed /work/src/fuzz/corpus/float_math_diff/f22_32 in 0 ms
Running: /work/src/fuzz/corpus/float_math_diff/f04_18
Running: /work/src/fuzz/corpus/float_math_diff/f22_33
Executed /work/src/fuzz/corpus/float_math_diff/f10_01 in 0 ms
Executed /work/src/fuzz/corpus/float_math_diff/f01_28 in 0 ms
Running: /work/src/fuzz/corpus/float_math_diff/f10_02
Running: /work/src/fuzz/corpus/float_math_diff/f01_29
Executed /work/src/fuzz/corpus/float_math_diff/f22_33 in 0 ms
Executed /work/src/fuzz/corpus/float_math_diff/f20_00 in 0 ms
Running: /work/src/fuzz/corpus/float_math_diff/f22_34
Running: /work/src/fuzz/corpus/float_math_diff/f20_01
Executed /work/src/fuzz/corpus/float_math_diff/f10_02 in 0 ms
Running: /work/src/fuzz/corpus/float_math_diff/f10_03
Executed /work/src/fuzz/corpus/float_math_diff/f04_18 in 0 ms
Running: /work/src/fuzz/corpus/float_math_diff/f04_19
Executed /work/src/fuzz/corpus/float_math_diff/f22_34 in 0 ms
Running: /work/src/fuzz/corpus/float_math_diff/f22_35
Executed /work/src/fuzz/corpus/float_math_diff/f10_03 in 0 ms
Running: /work/src/fuzz/corpus/float_math_diff/f10_04
Executed /work/src/fuzz/corpus/float_math_diff/f01_29 in 0 ms
Running: /work/src/fuzz/corpus/float_math_diff/f01_30
Executed /work/src/fuzz/corpus/float_math_diff/f20_01 in 0 ms
Running: /work/src/fuzz/corpus/float_math_diff/f20_02
Executed /work/src/fuzz/corpus/float_math_diff/f22_35 in 0 ms
Running: /work/src/fuzz/corpus/float_math_diff/f22_36
Executed /work/src/fuzz/corpus/float_math_diff/f10_04 in 0 ms
Running: /work/src/fuzz/corpus/float_math_diff/f10_05
Executed /work/src/fuzz/corpus/float_math_diff/f04_19 in 0 ms
Running: /work/src/fuzz/corpus/float_math_diff/f04_20
Executed /work/src/fuzz/corpus/float_math_diff/f20_02 in 0 ms
Running: /work/src/fuzz/corpus/float_math_diff/f20_03
Executed /work/src/fuzz/corpus/float_math_diff/f22_36 in 0 ms
Executed /work/src/fuzz/corpus/float_math_diff/f01_30 in 0 ms
Running: /work/src/fuzz/corpus/float_math_diff/f22_37
Running: /work/src/fuzz/corpus/float_math_diff/f01_31
Executed /work/src/fuzz/corpus/float_math_diff/f10_05 in 0 ms
Running: /work/src/fuzz/corpus/float_math_diff/f10_06
Executed /work/src/fuzz/corpus/float_math_diff/f01_31 in 0 ms
Running: /work/src/fuzz/corpus/float_math_diff/f01_32
Executed /work/src/fuzz/corpus/float_math_diff/f10_06 in 0 ms
Running: /work/src/fuzz/corpus/float_math_diff/f10_07
Executed /work/src/fuzz/corpus/float_math_diff/f04_20 in 0 ms
Running: /work/src/fuzz/corpus/float_math_diff/f04_21
Executed /work/src/fuzz/corpus/float_math_diff/f20_03 in 0 ms
Running: /work/src/fuzz/corpus/float_math_diff/f20_04
Executed /work/src/fuzz/corpus/float_math_diff/f22_37 in 0 ms
***
*** NOTE: fuzzing was not performed, you have only
***       executed the target code on a fixed set of inputs.
***
Executed /work/src/fuzz/corpus/float_math_diff/f10_07 in 0 ms
***
*** NOTE: fuzzing was not performed, you have only
***       executed the target code on a fixed set of inputs.
***
Executed /work/src/fuzz/corpus/float_math_diff/f01_32 in 0 ms
Executed /work/src/fuzz/corpus/float_math_diff/f20_04 in 0 ms
Running: /work/src/fuzz/corpus/float_math_diff/f01_33
Running: /work/src/fuzz/corpus/float_math_diff/f20_05
Executed /work/src/fuzz/corpus/float_math_diff/f04_21 in 0 ms
Running: /work/src/fuzz/corpus/float_math_diff/f04_22
Executed /work/src/fuzz/corpus/float_math_diff/f01_33 in 0 ms
Running: /work/src/fuzz/corpus/float_math_diff/f01_34
Executed /work/src/fuzz/corpus/float_math_diff/f04_22 in 0 ms
Executed /work/src/fuzz/corpus/float_math_diff/f20_05 in 0 ms
Running: /work/src/fuzz/corpus/float_math_diff/f04_23
Running: /work/src/fuzz/corpus/float_math_diff/f20_06
Executed /work/src/fuzz/corpus/float_math_diff/f01_34 in 0 ms
Running: /work/src/fuzz/corpus/float_math_diff/f01_35
Executed /work/src/fuzz/corpus/float_math_diff/f20_06 in 0 ms
Running: /work/src/fuzz/corpus/float_math_diff/f20_07
Executed /work/src/fuzz/corpus/float_math_diff/f04_23 in 0 ms
Running: /work/src/fuzz/corpus/float_math_diff/f04_24
Executed /work/src/fuzz/corpus/float_math_diff/f20_07 in 0 ms
Running: /work/src/fuzz/corpus/float_math_diff/f20_08
Executed /work/src/fuzz/corpus/float_math_diff/f01_35 in 0 ms
Running: /work/src/fuzz/corpus/float_math_diff/f01_36
Executed /work/src/fuzz/corpus/float_math_diff/f20_08 in 0 ms
Running: /work/src/fuzz/corpus/float_math_diff/f20_09
Executed /work/src/fuzz/corpus/float_math_diff/f04_24 in 0 ms
Running: /work/src/fuzz/corpus/float_math_diff/f04_25
Executed /work/src/fuzz/corpus/float_math_diff/f01_36 in 0 ms
Running: /work/src/fuzz/corpus/float_math_diff/f01_37
Executed /work/src/fuzz/corpus/float_math_diff/f04_25 in 0 ms
Running: /work/src/fuzz/corpus/float_math_diff/f04_26
Executed /work/src/fuzz/corpus/float_math_diff/f20_09 in 0 ms
Running: /work/src/fuzz/corpus/float_math_diff/f20_10
Executed /work/src/fuzz/corpus/float_math_diff/f01_37 in 0 ms
Running: /work/src/fuzz/corpus/float_math_diff/f01_38
Executed /work/src/fuzz/corpus/float_math_diff/f04_26 in 0 ms
Running: /work/src/fuzz/corpus/float_math_diff/f04_27
Executed /work/src/fuzz/corpus/float_math_diff/f20_10 in 0 ms
Running: /work/src/fuzz/corpus/float_math_diff/f20_11
Executed /work/src/fuzz/corpus/float_math_diff/f01_38 in 0 ms
Running: /work/src/fuzz/corpus/float_math_diff/f01_39
Executed /work/src/fuzz/corpus/float_math_diff/f01_39 in 0 ms
Running: /work/src/fuzz/corpus/float_math_diff/f02_00
Executed /work/src/fuzz/corpus/float_math_diff/f04_27 in 0 ms
Executed /work/src/fuzz/corpus/float_math_diff/f20_11 in 0 ms
Running: /work/src/fuzz/corpus/float_math_diff/f04_28
Running: /work/src/fuzz/corpus/float_math_diff/f20_12
Executed /work/src/fuzz/corpus/float_math_diff/f20_12 in 0 ms
Running: /work/src/fuzz/corpus/float_math_diff/f20_13
Executed /work/src/fuzz/corpus/float_math_diff/f04_28 in 0 ms
Running: /work/src/fuzz/corpus/float_math_diff/f04_29
Executed /work/src/fuzz/corpus/float_math_diff/f02_00 in 0 ms
Running: /work/src/fuzz/corpus/float_math_diff/f02_01
Executed /work/src/fuzz/corpus/float_math_diff/f20_13 in 0 ms
Running: /work/src/fuzz/corpus/float_math_diff/f20_14
Executed /work/src/fuzz/corpus/float_math_diff/f20_14 in 0 ms
Running: /work/src/fuzz/corpus/float_math_diff/f20_15
Executed /work/src/fuzz/corpus/float_math_diff/f04_29 in 0 ms
Running: /work/src/fuzz/corpus/float_math_diff/f04_30
Executed /work/src/fuzz/corpus/float_math_diff/f02_01 in 0 ms
Running: /work/src/fuzz/corpus/float_math_diff/f02_02
Executed /work/src/fuzz/corpus/float_math_diff/f20_15 in 0 ms
***
*** NOTE: fuzzing was not performed, you have only
***       executed the target code on a fixed set of inputs.
***
Executed /work/src/fuzz/corpus/float_math_diff/f02_02 in 0 ms
Running: /work/src/fuzz/corpus/float_math_diff/f02_03
Executed /work/src/fuzz/corpus/float_math_diff/f04_30 in 0 ms
Running: /work/src/fuzz/corpus/float_math_diff/f04_31
Executed /work/src/fuzz/corpus/float_math_diff/f02_03 in 0 ms
Running: /work/src/fuzz/corpus/float_math_diff/f02_04
Executed /work/src/fuzz/corpus/float_math_diff/f04_31 in 0 ms
Running: /work/src/fuzz/corpus/float_math_diff/f04_32
Executed /work/src/fuzz/corpus/float_math_diff/f04_32 in 0 ms
Running: /work/src/fuzz/corpus/float_math_diff/f04_33
Executed /work/src/fuzz/corpus/float_math_diff/f02_04 in 0 ms
Running: /work/src/fuzz/corpus/float_math_diff/f02_05
Executed /work/src/fuzz/corpus/float_math_diff/f04_33 in 0 ms
Running: /work/src/fuzz/corpus/float_math_diff/f04_34
Executed /work/src/fuzz/corpus/float_math_diff/f02_05 in 0 ms
Running: /work/src/fuzz/corpus/float_math_diff/f02_06
Executed /work/src/fuzz/corpus/float_math_diff/f04_34 in 0 ms
Running: /work/src/fuzz/corpus/float_math_diff/f04_35
Executed /work/src/fuzz/corpus/float_math_diff/f02_06 in 0 ms
Running: /work/src/fuzz/corpus/float_math_diff/f02_07
Executed /work/src/fuzz/corpus/float_math_diff/f04_35 in 0 ms
Running: /work/src/fuzz/corpus/float_math_diff/f04_36
Executed /work/src/fuzz/corpus/float_math_diff/f02_07 in 0 ms
Running: /work/src/fuzz/corpus/float_math_diff/f02_08
Executed /work/src/fuzz/corpus/float_math_diff/f02_08 in 0 ms
Running: /work/src/fuzz/corpus/float_math_diff/f02_09
Executed /work/src/fuzz/corpus/float_math_diff/f04_36 in 0 ms
Running: /work/src/fuzz/corpus/float_math_diff/f04_37
Executed /work/src/fuzz/corpus/float_math_diff/f02_09 in 0 ms
Running: /work/src/fuzz/corpus/float_math_diff/f02_10
Executed /work/src/fuzz/corpus/float_math_diff/f04_37 in 0 ms
Running: /work/src/fuzz/corpus/float_math_diff/f04_38
Executed /work/src/fuzz/corpus/float_math_diff/f02_10 in 0 ms
Running: /work/src/fuzz/corpus/float_math_diff/f02_11
Executed /work/src/fuzz/corpus/float_math_diff/f04_38 in 0 ms
Running: /work/src/fuzz/corpus/float_math_diff/f04_39
Executed /work/src/fuzz/corpus/float_math_diff/f04_39 in 0 ms
Running: /work/src/fuzz/corpus/float_math_diff/f05_00
Executed /work/src/fuzz/corpus/float_math_diff/f02_11 in 0 ms
Running: /work/src/fuzz/corpus/float_math_diff/f02_12
Executed /work/src/fuzz/corpus/float_math_diff/f05_00 in 0 ms
Running: /work/src/fuzz/corpus/float_math_diff/f05_01
Executed /work/src/fuzz/corpus/float_math_diff/f05_01 in 0 ms
Executed /work/src/fuzz/corpus/float_math_diff/f02_12 in 0 ms
Running: /work/src/fuzz/corpus/float_math_diff/f05_02
Running: /work/src/fuzz/corpus/float_math_diff/f02_13
Executed /work/src/fuzz/corpus/float_math_diff/f05_02 in 0 ms
Executed /work/src/fuzz/corpus/float_math_diff/f02_13 in 0 ms
Running: /work/src/fuzz/corpus/float_math_diff/f05_03
Running: /work/src/fuzz/corpus/float_math_diff/f02_14
Executed /work/src/fuzz/corpus/float_math_diff/f05_03 in 0 ms
Executed /work/src/fuzz/corpus/float_math_diff/f02_14 in 0 ms
***
*** NOTE: fuzzing was not performed, you have only
***       executed the target code on a fixed set of inputs.
***
Running: /work/src/fuzz/corpus/float_math_diff/f02_15
Executed /work/src/fuzz/corpus/float_math_diff/f02_15 in 0 ms
Running: /work/src/fuzz/corpus/float_math_diff/f02_16
Executed /work/src/fuzz/corpus/float_math_diff/f02_16 in 0 ms
Running: /work/src/fuzz/corpus/float_math_diff/f02_17
Executed /work/src/fuzz/corpus/float_math_diff/f02_17 in 0 ms
Running: /work/src/fuzz/corpus/float_math_diff/f02_18
Executed /work/src/fuzz/corpus/float_math_diff/f02_18 in 0 ms
Running: /work/src/fuzz/corpus/float_math_diff/f02_19
Executed /work/src/fuzz/corpus/float_math_diff/f02_19 in 0 ms
Running: /work/src/fuzz/corpus/float_math_diff/f02_20
Executed /work/src/fuzz/corpus/float_math_diff/f02_20 in 0 ms
Running: /work/src/fuzz/corpus/float_math_diff/f02_21
Executed /work/src/fuzz/corpus/float_math_diff/f02_21 in 0 ms
***
*** NOTE: fuzzing was not performed, you have only
***       executed the target code on a fixed set of inputs.
***
Merging raw coverage data...
Coverage data merged and saved in "/work/src/fuzz/coverage/float_math_diff/coverage.profdata".
