crates/backend/utils/adt/adt_timestamp/src/builtins.rs	56	const-eval-only	timestamp.c fmgr builtins table	[fn in_arg] builtins-table registration const fns; evaluated at compile time (quote_diff precedent)	p1-laney	pending
crates/backend/utils/adt/adt_timestamp/src/builtins.rs	57	const-eval-only	timestamp.c fmgr builtins table	[fn in_arg] builtins-table registration const fns; evaluated at compile time (quote_diff precedent)	p1-laney	pending
crates/backend/utils/adt/adt_timestamp/src/builtins.rs	127	excluded-state	timestamp.c now/statement_timestamp/clock_timestamp/timeofday	[fn fc_now] real clock / xact-state reads; state carve per claim scope (ledger 1299/2647/2648/2649/274 excluded(state))	p1-laney	pending
crates/backend/utils/adt/adt_timestamp/src/builtins.rs	128	excluded-state	timestamp.c now/statement_timestamp/clock_timestamp/timeofday	[fn fc_now] real clock / xact-state reads; state carve per claim scope (ledger 1299/2647/2648/2649/274 excluded(state))	p1-laney	pending
crates/backend/utils/adt/adt_timestamp/src/builtins.rs	131	excluded-state	timestamp.c now/statement_timestamp/clock_timestamp/timeofday	[fn fc_statement_timestamp] real clock / xact-state reads; state carve per claim scope (ledger 1299/2647/2648/2649/274 excluded(state))	p1-laney	pending
crates/backend/utils/adt/adt_timestamp/src/builtins.rs	132	excluded-state	timestamp.c now/statement_timestamp/clock_timestamp/timeofday	[fn fc_statement_timestamp] real clock / xact-state reads; state carve per claim scope (ledger 1299/2647/2648/2649/274 excluded(state))	p1-laney	pending
crates/backend/utils/adt/adt_timestamp/src/builtins.rs	133	excluded-state	timestamp.c now/statement_timestamp/clock_timestamp/timeofday	[fn fc_statement_timestamp] real clock / xact-state reads; state carve per claim scope (ledger 1299/2647/2648/2649/274 excluded(state))	p1-laney	pending
crates/backend/utils/adt/adt_timestamp/src/builtins.rs	134	excluded-state	timestamp.c now/statement_timestamp/clock_timestamp/timeofday	[fn fc_statement_timestamp] real clock / xact-state reads; state carve per claim scope (ledger 1299/2647/2648/2649/274 excluded(state))	p1-laney	pending
crates/backend/utils/adt/adt_timestamp/src/builtins.rs	135	excluded-state	timestamp.c now/statement_timestamp/clock_timestamp/timeofday	[fn fc_statement_timestamp] real clock / xact-state reads; state carve per claim scope (ledger 1299/2647/2648/2649/274 excluded(state))	p1-laney	pending
crates/backend/utils/adt/adt_timestamp/src/builtins.rs	138	excluded-state	timestamp.c now/statement_timestamp/clock_timestamp/timeofday	[fn fc_clock_timestamp] real clock / xact-state reads; state carve per claim scope (ledger 1299/2647/2648/2649/274 excluded(state))	p1-laney	pending
crates/backend/utils/adt/adt_timestamp/src/builtins.rs	139	excluded-state	timestamp.c now/statement_timestamp/clock_timestamp/timeofday	[fn fc_clock_timestamp] real clock / xact-state reads; state carve per claim scope (ledger 1299/2647/2648/2649/274 excluded(state))	p1-laney	pending
crates/backend/utils/adt/adt_timestamp/src/builtins.rs	140	excluded-state	timestamp.c now/statement_timestamp/clock_timestamp/timeofday	[fn fc_clock_timestamp] real clock / xact-state reads; state carve per claim scope (ledger 1299/2647/2648/2649/274 excluded(state))	p1-laney	pending
crates/backend/utils/adt/adt_timestamp/src/builtins.rs	141	excluded-state	timestamp.c now/statement_timestamp/clock_timestamp/timeofday	[fn fc_clock_timestamp] real clock / xact-state reads; state carve per claim scope (ledger 1299/2647/2648/2649/274 excluded(state))	p1-laney	pending
crates/backend/utils/adt/adt_timestamp/src/builtins.rs	142	excluded-state	timestamp.c now/statement_timestamp/clock_timestamp/timeofday	[fn fc_clock_timestamp] real clock / xact-state reads; state carve per claim scope (ledger 1299/2647/2648/2649/274 excluded(state))	p1-laney	pending
crates/backend/utils/adt/adt_timestamp/src/builtins.rs	145	excluded-state	timestamp.c now/statement_timestamp/clock_timestamp/timeofday	[fn fc_timeofday] real clock / xact-state reads; state carve per claim scope (ledger 1299/2647/2648/2649/274 excluded(state))	p1-laney	pending
crates/backend/utils/adt/adt_timestamp/src/builtins.rs	146	excluded-state	timestamp.c now/statement_timestamp/clock_timestamp/timeofday	[fn fc_timeofday] real clock / xact-state reads; state carve per claim scope (ledger 1299/2647/2648/2649/274 excluded(state))	p1-laney	pending
crates/backend/utils/adt/adt_timestamp/src/builtins.rs	147	excluded-state	timestamp.c now/statement_timestamp/clock_timestamp/timeofday	[fn fc_timeofday] real clock / xact-state reads; state carve per claim scope (ledger 1299/2647/2648/2649/274 excluded(state))	p1-laney	pending
crates/backend/utils/adt/adt_timestamp/src/builtins.rs	148	excluded-state	timestamp.c now/statement_timestamp/clock_timestamp/timeofday	[fn fc_timeofday] real clock / xact-state reads; state carve per claim scope (ledger 1299/2647/2648/2649/274 excluded(state))	p1-laney	pending
crates/backend/utils/adt/adt_timestamp/src/builtins.rs	149	excluded-state	timestamp.c now/statement_timestamp/clock_timestamp/timeofday	[fn fc_timeofday] real clock / xact-state reads; state carve per claim scope (ledger 1299/2647/2648/2649/274 excluded(state))	p1-laney	pending
crates/backend/utils/adt/adt_timestamp/src/builtins.rs	150	excluded-state	timestamp.c now/statement_timestamp/clock_timestamp/timeofday	[fn fc_timeofday] real clock / xact-state reads; state carve per claim scope (ledger 1299/2647/2648/2649/274 excluded(state))	p1-laney	pending
crates/backend/utils/adt/adt_timestamp/src/builtins.rs	151	excluded-state	timestamp.c now/statement_timestamp/clock_timestamp/timeofday	[fn fc_timeofday] real clock / xact-state reads; state carve per claim scope (ledger 1299/2647/2648/2649/274 excluded(state))	p1-laney	pending
crates/backend/utils/adt/adt_timestamp/src/builtins.rs	152	excluded-state	timestamp.c now/statement_timestamp/clock_timestamp/timeofday	[fn fc_timeofday] real clock / xact-state reads; state carve per claim scope (ledger 1299/2647/2648/2649/274 excluded(state))	p1-laney	pending
crates/backend/utils/adt/adt_timestamp/src/builtins.rs	157	excluded-state	timestamp.c now/statement_timestamp/clock_timestamp/timeofday	[fn fc_timeofday] real clock / xact-state reads; state carve per claim scope (ledger 1299/2647/2648/2649/274 excluded(state))	p1-laney	pending
crates/backend/utils/adt/adt_timestamp/src/builtins.rs	158	excluded-state	timestamp.c now/statement_timestamp/clock_timestamp/timeofday	[fn fc_timeofday] real clock / xact-state reads; state carve per claim scope (ledger 1299/2647/2648/2649/274 excluded(state))	p1-laney	pending
crates/backend/utils/adt/adt_timestamp/src/builtins.rs	159	excluded-state	timestamp.c now/statement_timestamp/clock_timestamp/timeofday	[fn fc_timeofday] real clock / xact-state reads; state carve per claim scope (ledger 1299/2647/2648/2649/274 excluded(state))	p1-laney	pending
crates/backend/utils/adt/adt_timestamp/src/builtins.rs	160	excluded-state	timestamp.c now/statement_timestamp/clock_timestamp/timeofday	[fn fc_timeofday] real clock / xact-state reads; state carve per claim scope (ledger 1299/2647/2648/2649/274 excluded(state))	p1-laney	pending
crates/backend/utils/adt/adt_timestamp/src/builtins.rs	166	excluded-state	timestamp.c now/statement_timestamp/clock_timestamp/timeofday	[fn fc_timeofday] real clock / xact-state reads; state carve per claim scope (ledger 1299/2647/2648/2649/274 excluded(state))	p1-laney	pending
crates/backend/utils/adt/adt_timestamp/src/builtins.rs	167	excluded-state	timestamp.c now/statement_timestamp/clock_timestamp/timeofday	[fn fc_timeofday] real clock / xact-state reads; state carve per claim scope (ledger 1299/2647/2648/2649/274 excluded(state))	p1-laney	pending
crates/backend/utils/adt/adt_timestamp/src/builtins.rs	168	excluded-state	timestamp.c now/statement_timestamp/clock_timestamp/timeofday	[fn fc_timeofday] real clock / xact-state reads; state carve per claim scope (ledger 1299/2647/2648/2649/274 excluded(state))	p1-laney	pending
crates/backend/utils/adt/adt_timestamp/src/builtins.rs	169	excluded-state	timestamp.c now/statement_timestamp/clock_timestamp/timeofday	[fn fc_timeofday] real clock / xact-state reads; state carve per claim scope (ledger 1299/2647/2648/2649/274 excluded(state))	p1-laney	pending
crates/backend/utils/adt/adt_timestamp/src/builtins.rs	170	excluded-state	timestamp.c now/statement_timestamp/clock_timestamp/timeofday	[fn fc_timeofday] real clock / xact-state reads; state carve per claim scope (ledger 1299/2647/2648/2649/274 excluded(state))	p1-laney	pending
crates/backend/utils/adt/adt_timestamp/src/builtins.rs	171	excluded-state	timestamp.c now/statement_timestamp/clock_timestamp/timeofday	[fn fc_timeofday] real clock / xact-state reads; state carve per claim scope (ledger 1299/2647/2648/2649/274 excluded(state))	p1-laney	pending
crates/backend/utils/adt/adt_timestamp/src/builtins.rs	174	proof-covered-unmeasured	timestamp.c timestamp_cmp	[fn fc_timestamp_cmp] proved ledger row(s) 1314/2045 cover the wrapper full-domain; no per-crate kanicov re-run (campaign rule) so lines carry as proof-covered-unmeasured until the tree-wide kani join	p1-laney	pending
crates/backend/utils/adt/adt_timestamp/src/builtins.rs	175	proof-covered-unmeasured	timestamp.c timestamp_cmp	[fn fc_timestamp_cmp] proved ledger row(s) 1314/2045 cover the wrapper full-domain; no per-crate kanicov re-run (campaign rule) so lines carry as proof-covered-unmeasured until the tree-wide kani join	p1-laney	pending
crates/backend/utils/adt/adt_timestamp/src/builtins.rs	176	proof-covered-unmeasured	timestamp.c timestamp_cmp	[fn fc_timestamp_cmp] proved ledger row(s) 1314/2045 cover the wrapper full-domain; no per-crate kanicov re-run (campaign rule) so lines carry as proof-covered-unmeasured until the tree-wide kani join	p1-laney	pending
crates/backend/utils/adt/adt_timestamp/src/builtins.rs	177	proof-covered-unmeasured	timestamp.c timestamp_cmp	[fn fc_timestamp_cmp] proved ledger row(s) 1314/2045 cover the wrapper full-domain; no per-crate kanicov re-run (campaign rule) so lines carry as proof-covered-unmeasured until the tree-wide kani join	p1-laney	pending
crates/backend/utils/adt/adt_timestamp/src/builtins.rs	181	proof-covered-unmeasured	timestamp.c timestamp_finite	[fn fc_timestamp_finite] proved ledger row(s) 1389/2048 cover the wrapper full-domain; no per-crate kanicov re-run (campaign rule) so lines carry as proof-covered-unmeasured until the tree-wide kani join	p1-laney	pending
crates/backend/utils/adt/adt_timestamp/src/builtins.rs	182	proof-covered-unmeasured	timestamp.c timestamp_finite	[fn fc_timestamp_finite] proved ledger row(s) 1389/2048 cover the wrapper full-domain; no per-crate kanicov re-run (campaign rule) so lines carry as proof-covered-unmeasured until the tree-wide kani join	p1-laney	pending
crates/backend/utils/adt/adt_timestamp/src/builtins.rs	185	proof-covered-unmeasured	timestamp.c timestamp_smaller	[fn fc_timestamp_smaller] proved ledger row(s) 1195/2035 cover the wrapper full-domain; no per-crate kanicov re-run (campaign rule) so lines carry as proof-covered-unmeasured until the tree-wide kani join	p1-laney	pending
crates/backend/utils/adt/adt_timestamp/src/builtins.rs	186	proof-covered-unmeasured	timestamp.c timestamp_smaller	[fn fc_timestamp_smaller] proved ledger row(s) 1195/2035 cover the wrapper full-domain; no per-crate kanicov re-run (campaign rule) so lines carry as proof-covered-unmeasured until the tree-wide kani join	p1-laney	pending
crates/backend/utils/adt/adt_timestamp/src/builtins.rs	187	proof-covered-unmeasured	timestamp.c timestamp_smaller	[fn fc_timestamp_smaller] proved ledger row(s) 1195/2035 cover the wrapper full-domain; no per-crate kanicov re-run (campaign rule) so lines carry as proof-covered-unmeasured until the tree-wide kani join	p1-laney	pending
crates/backend/utils/adt/adt_timestamp/src/builtins.rs	188	proof-covered-unmeasured	timestamp.c timestamp_smaller	[fn fc_timestamp_smaller] proved ledger row(s) 1195/2035 cover the wrapper full-domain; no per-crate kanicov re-run (campaign rule) so lines carry as proof-covered-unmeasured until the tree-wide kani join	p1-laney	pending
crates/backend/utils/adt/adt_timestamp/src/builtins.rs	189	proof-covered-unmeasured	timestamp.c timestamp_smaller	[fn fc_timestamp_smaller] proved ledger row(s) 1195/2035 cover the wrapper full-domain; no per-crate kanicov re-run (campaign rule) so lines carry as proof-covered-unmeasured until the tree-wide kani join	p1-laney	pending
crates/backend/utils/adt/adt_timestamp/src/builtins.rs	190	proof-covered-unmeasured	timestamp.c timestamp_smaller	[fn fc_timestamp_smaller] proved ledger row(s) 1195/2035 cover the wrapper full-domain; no per-crate kanicov re-run (campaign rule) so lines carry as proof-covered-unmeasured until the tree-wide kani join	p1-laney	pending
crates/backend/utils/adt/adt_timestamp/src/builtins.rs	193	proof-covered-unmeasured	timestamp.c timestamp_larger	[fn fc_timestamp_larger] proved ledger row(s) 1196/2036 cover the wrapper full-domain; no per-crate kanicov re-run (campaign rule) so lines carry as proof-covered-unmeasured until the tree-wide kani join	p1-laney	pending
crates/backend/utils/adt/adt_timestamp/src/builtins.rs	194	proof-covered-unmeasured	timestamp.c timestamp_larger	[fn fc_timestamp_larger] proved ledger row(s) 1196/2036 cover the wrapper full-domain; no per-crate kanicov re-run (campaign rule) so lines carry as proof-covered-unmeasured until the tree-wide kani join	p1-laney	pending
crates/backend/utils/adt/adt_timestamp/src/builtins.rs	195	proof-covered-unmeasured	timestamp.c timestamp_larger	[fn fc_timestamp_larger] proved ledger row(s) 1196/2036 cover the wrapper full-domain; no per-crate kanicov re-run (campaign rule) so lines carry as proof-covered-unmeasured until the tree-wide kani join	p1-laney	pending
crates/backend/utils/adt/adt_timestamp/src/builtins.rs	196	proof-covered-unmeasured	timestamp.c timestamp_larger	[fn fc_timestamp_larger] proved ledger row(s) 1196/2036 cover the wrapper full-domain; no per-crate kanicov re-run (campaign rule) so lines carry as proof-covered-unmeasured until the tree-wide kani join	p1-laney	pending
crates/backend/utils/adt/adt_timestamp/src/builtins.rs	197	proof-covered-unmeasured	timestamp.c timestamp_larger	[fn fc_timestamp_larger] proved ledger row(s) 1196/2036 cover the wrapper full-domain; no per-crate kanicov re-run (campaign rule) so lines carry as proof-covered-unmeasured until the tree-wide kani join	p1-laney	pending
crates/backend/utils/adt/adt_timestamp/src/builtins.rs	198	proof-covered-unmeasured	timestamp.c timestamp_larger	[fn fc_timestamp_larger] proved ledger row(s) 1196/2036 cover the wrapper full-domain; no per-crate kanicov re-run (campaign rule) so lines carry as proof-covered-unmeasured until the tree-wide kani join	p1-laney	pending
crates/backend/utils/adt/adt_timestamp/src/builtins.rs	204	proof-covered-unmeasured	timestamp.c timestamp_hash	[fn int64_hash_fold] proved ledger row(s) 2039/6425 cover the wrapper full-domain; no per-crate kanicov re-run (campaign rule) so lines carry as proof-covered-unmeasured until the tree-wide kani join	p1-laney	pending
crates/backend/utils/adt/adt_timestamp/src/builtins.rs	205	proof-covered-unmeasured	timestamp.c timestamp_hash	[fn int64_hash_fold] proved ledger row(s) 2039/6425 cover the wrapper full-domain; no per-crate kanicov re-run (campaign rule) so lines carry as proof-covered-unmeasured until the tree-wide kani join	p1-laney	pending
crates/backend/utils/adt/adt_timestamp/src/builtins.rs	206	proof-covered-unmeasured	timestamp.c timestamp_hash	[fn int64_hash_fold] proved ledger row(s) 2039/6425 cover the wrapper full-domain; no per-crate kanicov re-run (campaign rule) so lines carry as proof-covered-unmeasured until the tree-wide kani join	p1-laney	pending
crates/backend/utils/adt/adt_timestamp/src/builtins.rs	207	proof-covered-unmeasured	timestamp.c timestamp_hash	[fn int64_hash_fold] proved ledger row(s) 2039/6425 cover the wrapper full-domain; no per-crate kanicov re-run (campaign rule) so lines carry as proof-covered-unmeasured until the tree-wide kani join	p1-laney	pending
crates/backend/utils/adt/adt_timestamp/src/builtins.rs	210	proof-covered-unmeasured	timestamp.c timestamp_hash	[fn fc_timestamp_hash] proved ledger row(s) 2039/6425 cover the wrapper full-domain; no per-crate kanicov re-run (campaign rule) so lines carry as proof-covered-unmeasured until the tree-wide kani join	p1-laney	pending
crates/backend/utils/adt/adt_timestamp/src/builtins.rs	211	proof-covered-unmeasured	timestamp.c timestamp_hash	[fn fc_timestamp_hash] proved ledger row(s) 2039/6425 cover the wrapper full-domain; no per-crate kanicov re-run (campaign rule) so lines carry as proof-covered-unmeasured until the tree-wide kani join	p1-laney	pending
crates/backend/utils/adt/adt_timestamp/src/builtins.rs	212	proof-covered-unmeasured	timestamp.c timestamp_hash	[fn fc_timestamp_hash] proved ledger row(s) 2039/6425 cover the wrapper full-domain; no per-crate kanicov re-run (campaign rule) so lines carry as proof-covered-unmeasured until the tree-wide kani join	p1-laney	pending
crates/backend/utils/adt/adt_timestamp/src/builtins.rs	215	proof-covered-unmeasured	timestamp.c timestamp_hash_extended	[fn fc_timestamp_hash_extended] proved ledger row(s) 3411/6426 cover the wrapper full-domain; no per-crate kanicov re-run (campaign rule) so lines carry as proof-covered-unmeasured until the tree-wide kani join	p1-laney	pending
crates/backend/utils/adt/adt_timestamp/src/builtins.rs	216	proof-covered-unmeasured	timestamp.c timestamp_hash_extended	[fn fc_timestamp_hash_extended] proved ledger row(s) 3411/6426 cover the wrapper full-domain; no per-crate kanicov re-run (campaign rule) so lines carry as proof-covered-unmeasured until the tree-wide kani join	p1-laney	pending
crates/backend/utils/adt/adt_timestamp/src/builtins.rs	217	proof-covered-unmeasured	timestamp.c timestamp_hash_extended	[fn fc_timestamp_hash_extended] proved ledger row(s) 3411/6426 cover the wrapper full-domain; no per-crate kanicov re-run (campaign rule) so lines carry as proof-covered-unmeasured until the tree-wide kani join	p1-laney	pending
crates/backend/utils/adt/adt_timestamp/src/builtins.rs	218	proof-covered-unmeasured	timestamp.c timestamp_hash_extended	[fn fc_timestamp_hash_extended] proved ledger row(s) 3411/6426 cover the wrapper full-domain; no per-crate kanicov re-run (campaign rule) so lines carry as proof-covered-unmeasured until the tree-wide kani join	p1-laney	pending
crates/backend/utils/adt/adt_timestamp/src/builtins.rs	219	proof-covered-unmeasured	timestamp.c timestamp_hash_extended	[fn fc_timestamp_hash_extended] proved ledger row(s) 3411/6426 cover the wrapper full-domain; no per-crate kanicov re-run (campaign rule) so lines carry as proof-covered-unmeasured until the tree-wide kani join	p1-laney	pending
crates/backend/utils/adt/adt_timestamp/src/builtins.rs	220	proof-covered-unmeasured	timestamp.c timestamp_hash_extended	[fn fc_timestamp_hash_extended] proved ledger row(s) 3411/6426 cover the wrapper full-domain; no per-crate kanicov re-run (campaign rule) so lines carry as proof-covered-unmeasured until the tree-wide kani join	p1-laney	pending
crates/backend/utils/adt/adt_timestamp/src/builtins.rs	221	proof-covered-unmeasured	timestamp.c timestamp_hash_extended	[fn fc_timestamp_hash_extended] proved ledger row(s) 3411/6426 cover the wrapper full-domain; no per-crate kanicov re-run (campaign rule) so lines carry as proof-covered-unmeasured until the tree-wide kani join	p1-laney	pending
crates/backend/utils/adt/adt_timestamp/src/builtins.rs	227	proof-covered-unmeasured	timestamp.c timestamp_hash_extended	[fn fc_timestamp_hash_extended] proved ledger row(s) 3411/6426 cover the wrapper full-domain; no per-crate kanicov re-run (campaign rule) so lines carry as proof-covered-unmeasured until the tree-wide kani join	p1-laney	pending
crates/backend/utils/adt/adt_timestamp/src/builtins.rs	228	proof-covered-unmeasured	timestamp.c timestamp_hash_extended	[fn fc_timestamp_hash_extended] proved ledger row(s) 3411/6426 cover the wrapper full-domain; no per-crate kanicov re-run (campaign rule) so lines carry as proof-covered-unmeasured until the tree-wide kani join	p1-laney	pending
crates/backend/utils/adt/adt_timestamp/src/builtins.rs	229	proof-covered-unmeasured	timestamp.c timestamp_hash_extended	[fn fc_timestamp_hash_extended] proved ledger row(s) 3411/6426 cover the wrapper full-domain; no per-crate kanicov re-run (campaign rule) so lines carry as proof-covered-unmeasured until the tree-wide kani join	p1-laney	pending
crates/backend/utils/adt/adt_timestamp/src/builtins.rs	231	proof-covered-unmeasured	timestamp.c timestamp_hash_extended	[fn fc_timestamp_hash_extended] proved ledger row(s) 3411/6426 cover the wrapper full-domain; no per-crate kanicov re-run (campaign rule) so lines carry as proof-covered-unmeasured until the tree-wide kani join	p1-laney	pending
crates/backend/utils/adt/adt_timestamp/src/builtins.rs	233	proof-covered-unmeasured	timestamp.c timestamp_hash_extended	[fn fc_timestamp_hash_extended] proved ledger row(s) 3411/6426 cover the wrapper full-domain; no per-crate kanicov re-run (campaign rule) so lines carry as proof-covered-unmeasured until the tree-wide kani join	p1-laney	pending
crates/backend/utils/adt/adt_timestamp/src/builtins.rs	234	proof-covered-unmeasured	timestamp.c timestamp_hash_extended	[fn fc_timestamp_hash_extended] proved ledger row(s) 3411/6426 cover the wrapper full-domain; no per-crate kanicov re-run (campaign rule) so lines carry as proof-covered-unmeasured until the tree-wide kani join	p1-laney	pending
crates/backend/utils/adt/adt_timestamp/src/builtins.rs	238	proof-covered-unmeasured	timestamp.c timestamp_hash_extended	[fn fc_timestamp_hash_extended] proved ledger row(s) 3411/6426 cover the wrapper full-domain; no per-crate kanicov re-run (campaign rule) so lines carry as proof-covered-unmeasured until the tree-wide kani join	p1-laney	pending
crates/backend/utils/adt/adt_timestamp/src/builtins.rs	241	proof-covered-unmeasured	timestamp.c timestamp_hash_extended	[fn fc_timestamp_hash_extended] proved ledger row(s) 3411/6426 cover the wrapper full-domain; no per-crate kanicov re-run (campaign rule) so lines carry as proof-covered-unmeasured until the tree-wide kani join	p1-laney	pending
crates/backend/utils/adt/adt_timestamp/src/builtins.rs	246	proof-covered-unmeasured	timestamp.c timestamp_hash_extended	[fn fc_timestamp_hash_extended] proved ledger row(s) 3411/6426 cover the wrapper full-domain; no per-crate kanicov re-run (campaign rule) so lines carry as proof-covered-unmeasured until the tree-wide kani join	p1-laney	pending
crates/backend/utils/adt/adt_timestamp/src/builtins.rs	247	proof-covered-unmeasured	timestamp.c timestamp_hash_extended	[fn fc_timestamp_hash_extended] proved ledger row(s) 3411/6426 cover the wrapper full-domain; no per-crate kanicov re-run (campaign rule) so lines carry as proof-covered-unmeasured until the tree-wide kani join	p1-laney	pending
crates/backend/utils/adt/adt_timestamp/src/builtins.rs	248	proof-covered-unmeasured	timestamp.c timestamp_hash_extended	[fn fc_timestamp_hash_extended] proved ledger row(s) 3411/6426 cover the wrapper full-domain; no per-crate kanicov re-run (campaign rule) so lines carry as proof-covered-unmeasured until the tree-wide kani join	p1-laney	pending
crates/backend/utils/adt/adt_timestamp/src/builtins.rs	249	proof-covered-unmeasured	timestamp.c timestamp_hash_extended	[fn fc_timestamp_hash_extended] proved ledger row(s) 3411/6426 cover the wrapper full-domain; no per-crate kanicov re-run (campaign rule) so lines carry as proof-covered-unmeasured until the tree-wide kani join	p1-laney	pending
crates/backend/utils/adt/adt_timestamp/src/builtins.rs	250	proof-covered-unmeasured	timestamp.c timestamp_hash_extended	[fn fc_timestamp_hash_extended] proved ledger row(s) 3411/6426 cover the wrapper full-domain; no per-crate kanicov re-run (campaign rule) so lines carry as proof-covered-unmeasured until the tree-wide kani join	p1-laney	pending
crates/backend/utils/adt/adt_timestamp/src/builtins.rs	251	proof-covered-unmeasured	timestamp.c timestamp_hash_extended	[fn fc_timestamp_hash_extended] proved ledger row(s) 3411/6426 cover the wrapper full-domain; no per-crate kanicov re-run (campaign rule) so lines carry as proof-covered-unmeasured until the tree-wide kani join	p1-laney	pending
crates/backend/utils/adt/adt_timestamp/src/builtins.rs	252	proof-covered-unmeasured	timestamp.c timestamp_hash_extended	[fn fc_timestamp_hash_extended] proved ledger row(s) 3411/6426 cover the wrapper full-domain; no per-crate kanicov re-run (campaign rule) so lines carry as proof-covered-unmeasured until the tree-wide kani join	p1-laney	pending
crates/backend/utils/adt/adt_timestamp/src/builtins.rs	253	proof-covered-unmeasured	timestamp.c timestamp_hash_extended	[fn fc_timestamp_hash_extended] proved ledger row(s) 3411/6426 cover the wrapper full-domain; no per-crate kanicov re-run (campaign rule) so lines carry as proof-covered-unmeasured until the tree-wide kani join	p1-laney	pending
crates/backend/utils/adt/adt_timestamp/src/builtins.rs	254	proof-covered-unmeasured	timestamp.c timestamp_hash_extended	[fn fc_timestamp_hash_extended] proved ledger row(s) 3411/6426 cover the wrapper full-domain; no per-crate kanicov re-run (campaign rule) so lines carry as proof-covered-unmeasured until the tree-wide kani join	p1-laney	pending
crates/backend/utils/adt/adt_timestamp/src/builtins.rs	255	proof-covered-unmeasured	timestamp.c timestamp_hash_extended	[fn fc_timestamp_hash_extended] proved ledger row(s) 3411/6426 cover the wrapper full-domain; no per-crate kanicov re-run (campaign rule) so lines carry as proof-covered-unmeasured until the tree-wide kani join	p1-laney	pending
crates/backend/utils/adt/adt_timestamp/src/builtins.rs	256	proof-covered-unmeasured	timestamp.c timestamp_hash_extended	[fn fc_timestamp_hash_extended] proved ledger row(s) 3411/6426 cover the wrapper full-domain; no per-crate kanicov re-run (campaign rule) so lines carry as proof-covered-unmeasured until the tree-wide kani join	p1-laney	pending
crates/backend/utils/adt/adt_timestamp/src/builtins.rs	257	proof-covered-unmeasured	timestamp.c timestamp_hash_extended	[fn fc_timestamp_hash_extended] proved ledger row(s) 3411/6426 cover the wrapper full-domain; no per-crate kanicov re-run (campaign rule) so lines carry as proof-covered-unmeasured until the tree-wide kani join	p1-laney	pending
crates/backend/utils/adt/adt_timestamp/src/builtins.rs	258	proof-covered-unmeasured	timestamp.c timestamp_hash_extended	[fn fc_timestamp_hash_extended] proved ledger row(s) 3411/6426 cover the wrapper full-domain; no per-crate kanicov re-run (campaign rule) so lines carry as proof-covered-unmeasured until the tree-wide kani join	p1-laney	pending
crates/backend/utils/adt/adt_timestamp/src/builtins.rs	259	proof-covered-unmeasured	timestamp.c timestamp_hash_extended	[fn fc_timestamp_hash_extended] proved ledger row(s) 3411/6426 cover the wrapper full-domain; no per-crate kanicov re-run (campaign rule) so lines carry as proof-covered-unmeasured until the tree-wide kani join	p1-laney	pending
crates/backend/utils/adt/adt_timestamp/src/builtins.rs	262	proof-covered-unmeasured	timestamp.c timestamp_timestamptz	[fn fc_timestamp_timestamptz] proved ledger row(s) 2028/6335 cover the wrapper full-domain; no per-crate kanicov re-run (campaign rule) so lines carry as proof-covered-unmeasured until the tree-wide kani join	p1-laney	pending
crates/backend/utils/adt/adt_timestamp/src/builtins.rs	263	proof-covered-unmeasured	timestamp.c timestamp_timestamptz	[fn fc_timestamp_timestamptz] proved ledger row(s) 2028/6335 cover the wrapper full-domain; no per-crate kanicov re-run (campaign rule) so lines carry as proof-covered-unmeasured until the tree-wide kani join	p1-laney	pending
crates/backend/utils/adt/adt_timestamp/src/builtins.rs	264	proof-covered-unmeasured	timestamp.c timestamp_timestamptz	[fn fc_timestamp_timestamptz] proved ledger row(s) 2028/6335 cover the wrapper full-domain; no per-crate kanicov re-run (campaign rule) so lines carry as proof-covered-unmeasured until the tree-wide kani join	p1-laney	pending
crates/backend/utils/adt/adt_timestamp/src/builtins.rs	265	proof-covered-unmeasured	timestamp.c timestamp_timestamptz	[fn fc_timestamp_timestamptz] proved ledger row(s) 2028/6335 cover the wrapper full-domain; no per-crate kanicov re-run (campaign rule) so lines carry as proof-covered-unmeasured until the tree-wide kani join	p1-laney	pending
crates/backend/utils/adt/adt_timestamp/src/builtins.rs	266	proof-covered-unmeasured	timestamp.c timestamp_timestamptz	[fn fc_timestamp_timestamptz] proved ledger row(s) 2028/6335 cover the wrapper full-domain; no per-crate kanicov re-run (campaign rule) so lines carry as proof-covered-unmeasured until the tree-wide kani join	p1-laney	pending
crates/backend/utils/adt/adt_timestamp/src/builtins.rs	269	proof-covered-unmeasured	timestamp.c timestamptz_timestamp	[fn fc_timestamptz_timestamp] proved ledger row(s) 2027/6334 cover the wrapper full-domain; no per-crate kanicov re-run (campaign rule) so lines carry as proof-covered-unmeasured until the tree-wide kani join	p1-laney	pending
crates/backend/utils/adt/adt_timestamp/src/builtins.rs	270	proof-covered-unmeasured	timestamp.c timestamptz_timestamp	[fn fc_timestamptz_timestamp] proved ledger row(s) 2027/6334 cover the wrapper full-domain; no per-crate kanicov re-run (campaign rule) so lines carry as proof-covered-unmeasured until the tree-wide kani join	p1-laney	pending
crates/backend/utils/adt/adt_timestamp/src/builtins.rs	271	proof-covered-unmeasured	timestamp.c timestamptz_timestamp	[fn fc_timestamptz_timestamp] proved ledger row(s) 2027/6334 cover the wrapper full-domain; no per-crate kanicov re-run (campaign rule) so lines carry as proof-covered-unmeasured until the tree-wide kani join	p1-laney	pending
crates/backend/utils/adt/adt_timestamp/src/builtins.rs	272	proof-covered-unmeasured	timestamp.c timestamptz_timestamp	[fn fc_timestamptz_timestamp] proved ledger row(s) 2027/6334 cover the wrapper full-domain; no per-crate kanicov re-run (campaign rule) so lines carry as proof-covered-unmeasured until the tree-wide kani join	p1-laney	pending
crates/backend/utils/adt/adt_timestamp/src/builtins.rs	273	proof-covered-unmeasured	timestamp.c timestamptz_timestamp	[fn fc_timestamptz_timestamp] proved ledger row(s) 2027/6334 cover the wrapper full-domain; no per-crate kanicov re-run (campaign rule) so lines carry as proof-covered-unmeasured until the tree-wide kani join	p1-laney	pending
crates/backend/utils/adt/adt_timestamp/src/builtins.rs	276	proof-covered-unmeasured	timestamp.c timestamp_zone	[fn fc_timestamp_zone] proved ledger row(s) 2069 cover the wrapper full-domain; no per-crate kanicov re-run (campaign rule) so lines carry as proof-covered-unmeasured until the tree-wide kani join	p1-laney	pending
crates/backend/utils/adt/adt_timestamp/src/builtins.rs	278	proof-covered-unmeasured	timestamp.c timestamp_zone	[fn fc_timestamp_zone] proved ledger row(s) 2069 cover the wrapper full-domain; no per-crate kanicov re-run (campaign rule) so lines carry as proof-covered-unmeasured until the tree-wide kani join	p1-laney	pending
crates/backend/utils/adt/adt_timestamp/src/builtins.rs	279	proof-covered-unmeasured	timestamp.c timestamp_zone	[fn fc_timestamp_zone] proved ledger row(s) 2069 cover the wrapper full-domain; no per-crate kanicov re-run (campaign rule) so lines carry as proof-covered-unmeasured until the tree-wide kani join	p1-laney	pending
crates/backend/utils/adt/adt_timestamp/src/builtins.rs	282	proof-covered-unmeasured	timestamp.c timestamptz_zone	[fn fc_timestamptz_zone] proved ledger row(s) 1159 cover the wrapper full-domain; no per-crate kanicov re-run (campaign rule) so lines carry as proof-covered-unmeasured until the tree-wide kani join	p1-laney	pending
crates/backend/utils/adt/adt_timestamp/src/builtins.rs	284	proof-covered-unmeasured	timestamp.c timestamptz_zone	[fn fc_timestamptz_zone] proved ledger row(s) 1159 cover the wrapper full-domain; no per-crate kanicov re-run (campaign rule) so lines carry as proof-covered-unmeasured until the tree-wide kani join	p1-laney	pending
crates/backend/utils/adt/adt_timestamp/src/builtins.rs	285	proof-covered-unmeasured	timestamp.c timestamptz_zone	[fn fc_timestamptz_zone] proved ledger row(s) 1159 cover the wrapper full-domain; no per-crate kanicov re-run (campaign rule) so lines carry as proof-covered-unmeasured until the tree-wide kani join	p1-laney	pending
crates/backend/utils/adt/adt_timestamp/src/builtins.rs	386	proof-covered-unmeasured	timestamp.c timestamp_part_common part_result	[fn part_result] proved ledger row(s) 2021/1171 (fuzzed; residual arm lines) cover the wrapper full-domain; no per-crate kanicov re-run (campaign rule) so lines carry as proof-covered-unmeasured until the tree-wide kani join	p1-laney	pending
crates/backend/utils/adt/adt_timestamp/src/builtins.rs	387	proof-covered-unmeasured	timestamp.c timestamp_part_common part_result	[fn part_result] proved ledger row(s) 2021/1171 (fuzzed; residual arm lines) cover the wrapper full-domain; no per-crate kanicov re-run (campaign rule) so lines carry as proof-covered-unmeasured until the tree-wide kani join	p1-laney	pending
crates/backend/utils/adt/adt_timestamp/src/builtins.rs	388	proof-covered-unmeasured	timestamp.c timestamp_part_common part_result	[fn part_result] proved ledger row(s) 2021/1171 (fuzzed; residual arm lines) cover the wrapper full-domain; no per-crate kanicov re-run (campaign rule) so lines carry as proof-covered-unmeasured until the tree-wide kani join	p1-laney	pending
crates/backend/utils/adt/adt_timestamp/src/builtins.rs	389	proof-covered-unmeasured	timestamp.c timestamp_part_common part_result	[fn part_result] proved ledger row(s) 2021/1171 (fuzzed; residual arm lines) cover the wrapper full-domain; no per-crate kanicov re-run (campaign rule) so lines carry as proof-covered-unmeasured until the tree-wide kani join	p1-laney	pending
crates/backend/utils/adt/adt_timestamp/src/builtins.rs	426	proof-covered-unmeasured	timestamp.c intervaltypmodin/timestamptypmodin (ArrayGetIntegerTypmods)	[fn array_get_integer_typmods] proved ledger row(s) 2903/2905/2907; error arms (wrong elemtype/ndim/nulls) unreachable through the driven cstring[] images cover the wrapper full-domain; no per-crate kanicov re-run (campaign rule) so lines carry as proof-covered-unmeasured until the tree-wide kani join	p1-laney	pending
crates/backend/utils/adt/adt_timestamp/src/builtins.rs	427	proof-covered-unmeasured	timestamp.c intervaltypmodin/timestamptypmodin (ArrayGetIntegerTypmods)	[fn array_get_integer_typmods] proved ledger row(s) 2903/2905/2907; error arms (wrong elemtype/ndim/nulls) unreachable through the driven cstring[] images cover the wrapper full-domain; no per-crate kanicov re-run (campaign rule) so lines carry as proof-covered-unmeasured until the tree-wide kani join	p1-laney	pending
crates/backend/utils/adt/adt_timestamp/src/builtins.rs	428	proof-covered-unmeasured	timestamp.c intervaltypmodin/timestamptypmodin (ArrayGetIntegerTypmods)	[fn array_get_integer_typmods] proved ledger row(s) 2903/2905/2907; error arms (wrong elemtype/ndim/nulls) unreachable through the driven cstring[] images cover the wrapper full-domain; no per-crate kanicov re-run (campaign rule) so lines carry as proof-covered-unmeasured until the tree-wide kani join	p1-laney	pending
crates/backend/utils/adt/adt_timestamp/src/builtins.rs	432	proof-covered-unmeasured	timestamp.c intervaltypmodin/timestamptypmodin (ArrayGetIntegerTypmods)	[fn array_get_integer_typmods] proved ledger row(s) 2903/2905/2907; error arms (wrong elemtype/ndim/nulls) unreachable through the driven cstring[] images cover the wrapper full-domain; no per-crate kanicov re-run (campaign rule) so lines carry as proof-covered-unmeasured until the tree-wide kani join	p1-laney	pending
crates/backend/utils/adt/adt_timestamp/src/builtins.rs	433	proof-covered-unmeasured	timestamp.c intervaltypmodin/timestamptypmodin (ArrayGetIntegerTypmods)	[fn array_get_integer_typmods] proved ledger row(s) 2903/2905/2907; error arms (wrong elemtype/ndim/nulls) unreachable through the driven cstring[] images cover the wrapper full-domain; no per-crate kanicov re-run (campaign rule) so lines carry as proof-covered-unmeasured until the tree-wide kani join	p1-laney	pending
crates/backend/utils/adt/adt_timestamp/src/builtins.rs	434	proof-covered-unmeasured	timestamp.c intervaltypmodin/timestamptypmodin (ArrayGetIntegerTypmods)	[fn array_get_integer_typmods] proved ledger row(s) 2903/2905/2907; error arms (wrong elemtype/ndim/nulls) unreachable through the driven cstring[] images cover the wrapper full-domain; no per-crate kanicov re-run (campaign rule) so lines carry as proof-covered-unmeasured until the tree-wide kani join	p1-laney	pending
crates/backend/utils/adt/adt_timestamp/src/builtins.rs	438	proof-covered-unmeasured	timestamp.c intervaltypmodin/timestamptypmodin (ArrayGetIntegerTypmods)	[fn array_get_integer_typmods] proved ledger row(s) 2903/2905/2907; error arms (wrong elemtype/ndim/nulls) unreachable through the driven cstring[] images cover the wrapper full-domain; no per-crate kanicov re-run (campaign rule) so lines carry as proof-covered-unmeasured until the tree-wide kani join	p1-laney	pending
crates/backend/utils/adt/adt_timestamp/src/builtins.rs	439	proof-covered-unmeasured	timestamp.c intervaltypmodin/timestamptypmodin (ArrayGetIntegerTypmods)	[fn array_get_integer_typmods] proved ledger row(s) 2903/2905/2907; error arms (wrong elemtype/ndim/nulls) unreachable through the driven cstring[] images cover the wrapper full-domain; no per-crate kanicov re-run (campaign rule) so lines carry as proof-covered-unmeasured until the tree-wide kani join	p1-laney	pending
crates/backend/utils/adt/adt_timestamp/src/builtins.rs	440	proof-covered-unmeasured	timestamp.c intervaltypmodin/timestamptypmodin (ArrayGetIntegerTypmods)	[fn array_get_integer_typmods] proved ledger row(s) 2903/2905/2907; error arms (wrong elemtype/ndim/nulls) unreachable through the driven cstring[] images cover the wrapper full-domain; no per-crate kanicov re-run (campaign rule) so lines carry as proof-covered-unmeasured until the tree-wide kani join	p1-laney	pending
crates/backend/utils/adt/adt_timestamp/src/builtins.rs	445	proof-covered-unmeasured	timestamp.c intervaltypmodin/timestamptypmodin (ArrayGetIntegerTypmods)	[fn array_get_integer_typmods] proved ledger row(s) 2903/2905/2907; error arms (wrong elemtype/ndim/nulls) unreachable through the driven cstring[] images cover the wrapper full-domain; no per-crate kanicov re-run (campaign rule) so lines carry as proof-covered-unmeasured until the tree-wide kani join	p1-laney	pending
crates/backend/utils/adt/adt_timestamp/src/builtins.rs	446	proof-covered-unmeasured	timestamp.c intervaltypmodin/timestamptypmodin (ArrayGetIntegerTypmods)	[fn array_get_integer_typmods] proved ledger row(s) 2903/2905/2907; error arms (wrong elemtype/ndim/nulls) unreachable through the driven cstring[] images cover the wrapper full-domain; no per-crate kanicov re-run (campaign rule) so lines carry as proof-covered-unmeasured until the tree-wide kani join	p1-laney	pending
crates/backend/utils/adt/adt_timestamp/src/builtins.rs	447	proof-covered-unmeasured	timestamp.c intervaltypmodin/timestamptypmodin (ArrayGetIntegerTypmods)	[fn array_get_integer_typmods] proved ledger row(s) 2903/2905/2907; error arms (wrong elemtype/ndim/nulls) unreachable through the driven cstring[] images cover the wrapper full-domain; no per-crate kanicov re-run (campaign rule) so lines carry as proof-covered-unmeasured until the tree-wide kani join	p1-laney	pending
crates/backend/utils/adt/adt_timestamp/src/builtins.rs	454	proof-covered-unmeasured	timestamp.c intervaltypmodin/timestamptypmodin (ArrayGetIntegerTypmods)	[fn array_get_integer_typmods] proved ledger row(s) 2903/2905/2907; error arms (wrong elemtype/ndim/nulls) unreachable through the driven cstring[] images cover the wrapper full-domain; no per-crate kanicov re-run (campaign rule) so lines carry as proof-covered-unmeasured until the tree-wide kani join	p1-laney	pending
crates/backend/utils/adt/adt_timestamp/src/builtins.rs	455	proof-covered-unmeasured	timestamp.c intervaltypmodin/timestamptypmodin (ArrayGetIntegerTypmods)	[fn array_get_integer_typmods] proved ledger row(s) 2903/2905/2907; error arms (wrong elemtype/ndim/nulls) unreachable through the driven cstring[] images cover the wrapper full-domain; no per-crate kanicov re-run (campaign rule) so lines carry as proof-covered-unmeasured until the tree-wide kani join	p1-laney	pending
crates/backend/utils/adt/adt_timestamp/src/builtins.rs	456	proof-covered-unmeasured	timestamp.c intervaltypmodin/timestamptypmodin (ArrayGetIntegerTypmods)	[fn array_get_integer_typmods] proved ledger row(s) 2903/2905/2907; error arms (wrong elemtype/ndim/nulls) unreachable through the driven cstring[] images cover the wrapper full-domain; no per-crate kanicov re-run (campaign rule) so lines carry as proof-covered-unmeasured until the tree-wide kani join	p1-laney	pending
crates/backend/utils/adt/adt_timestamp/src/builtins.rs	458	proof-covered-unmeasured	timestamp.c intervaltypmodin/timestamptypmodin (ArrayGetIntegerTypmods)	[fn array_get_integer_typmods] proved ledger row(s) 2903/2905/2907; error arms (wrong elemtype/ndim/nulls) unreachable through the driven cstring[] images cover the wrapper full-domain; no per-crate kanicov re-run (campaign rule) so lines carry as proof-covered-unmeasured until the tree-wide kani join	p1-laney	pending
crates/backend/utils/adt/adt_timestamp/src/builtins.rs	597	planner-carve	timestamp.c timestamp_support/interval_support/generate_series_timestamp_support	[fn fc_timestamp_support] planner support node walkers (SupportRequest*); planner-node carve per claim scope	p1-laney	pending
crates/backend/utils/adt/adt_timestamp/src/builtins.rs	599	planner-carve	timestamp.c timestamp_support/interval_support/generate_series_timestamp_support	[fn fc_timestamp_support] planner support node walkers (SupportRequest*); planner-node carve per claim scope	p1-laney	pending
crates/backend/utils/adt/adt_timestamp/src/builtins.rs	600	planner-carve	timestamp.c timestamp_support/interval_support/generate_series_timestamp_support	[fn fc_timestamp_support] planner support node walkers (SupportRequest*); planner-node carve per claim scope	p1-laney	pending
crates/backend/utils/adt/adt_timestamp/src/builtins.rs	602	planner-carve	timestamp.c timestamp_support/interval_support/generate_series_timestamp_support	[fn fc_timestamp_support] planner support node walkers (SupportRequest*); planner-node carve per claim scope	p1-laney	pending
crates/backend/utils/adt/adt_timestamp/src/builtins.rs	603	planner-carve	timestamp.c timestamp_support/interval_support/generate_series_timestamp_support	[fn fc_timestamp_support] planner support node walkers (SupportRequest*); planner-node carve per claim scope	p1-laney	pending
crates/backend/utils/adt/adt_timestamp/src/builtins.rs	606	planner-carve	timestamp.c timestamp_support/interval_support/generate_series_timestamp_support	[fn fc_timestamp_support] planner support node walkers (SupportRequest*); planner-node carve per claim scope	p1-laney	pending
crates/backend/utils/adt/adt_timestamp/src/builtins.rs	607	planner-carve	timestamp.c timestamp_support/interval_support/generate_series_timestamp_support	[fn fc_timestamp_support] planner support node walkers (SupportRequest*); planner-node carve per claim scope	p1-laney	pending
crates/backend/utils/adt/adt_timestamp/src/builtins.rs	608	planner-carve	timestamp.c timestamp_support/interval_support/generate_series_timestamp_support	[fn fc_timestamp_support] planner support node walkers (SupportRequest*); planner-node carve per claim scope	p1-laney	pending
crates/backend/utils/adt/adt_timestamp/src/builtins.rs	609	planner-carve	timestamp.c timestamp_support/interval_support/generate_series_timestamp_support	[fn fc_timestamp_support] planner support node walkers (SupportRequest*); planner-node carve per claim scope	p1-laney	pending
crates/backend/utils/adt/adt_timestamp/src/builtins.rs	610	planner-carve	timestamp.c timestamp_support/interval_support/generate_series_timestamp_support	[fn fc_timestamp_support] planner support node walkers (SupportRequest*); planner-node carve per claim scope	p1-laney	pending
crates/backend/utils/adt/adt_timestamp/src/builtins.rs	611	planner-carve	timestamp.c timestamp_support/interval_support/generate_series_timestamp_support	[fn fc_timestamp_support] planner support node walkers (SupportRequest*); planner-node carve per claim scope	p1-laney	pending
crates/backend/utils/adt/adt_timestamp/src/builtins.rs	612	planner-carve	timestamp.c timestamp_support/interval_support/generate_series_timestamp_support	[fn fc_timestamp_support] planner support node walkers (SupportRequest*); planner-node carve per claim scope	p1-laney	pending
crates/backend/utils/adt/adt_timestamp/src/builtins.rs	613	planner-carve	timestamp.c timestamp_support/interval_support/generate_series_timestamp_support	[fn fc_timestamp_support] planner support node walkers (SupportRequest*); planner-node carve per claim scope	p1-laney	pending
crates/backend/utils/adt/adt_timestamp/src/builtins.rs	615	planner-carve	timestamp.c timestamp_support/interval_support/generate_series_timestamp_support	[fn fc_timestamp_support] planner support node walkers (SupportRequest*); planner-node carve per claim scope	p1-laney	pending
crates/backend/utils/adt/adt_timestamp/src/builtins.rs	616	planner-carve	timestamp.c timestamp_support/interval_support/generate_series_timestamp_support	[fn fc_timestamp_support] planner support node walkers (SupportRequest*); planner-node carve per claim scope	p1-laney	pending
crates/backend/utils/adt/adt_timestamp/src/builtins.rs	618	planner-carve	timestamp.c timestamp_support/interval_support/generate_series_timestamp_support	[fn fc_timestamp_support] planner support node walkers (SupportRequest*); planner-node carve per claim scope	p1-laney	pending
crates/backend/utils/adt/adt_timestamp/src/builtins.rs	619	planner-carve	timestamp.c timestamp_support/interval_support/generate_series_timestamp_support	[fn fc_timestamp_support] planner support node walkers (SupportRequest*); planner-node carve per claim scope	p1-laney	pending
crates/backend/utils/adt/adt_timestamp/src/builtins.rs	620	planner-carve	timestamp.c timestamp_support/interval_support/generate_series_timestamp_support	[fn fc_timestamp_support] planner support node walkers (SupportRequest*); planner-node carve per claim scope	p1-laney	pending
crates/backend/utils/adt/adt_timestamp/src/builtins.rs	621	planner-carve	timestamp.c timestamp_support/interval_support/generate_series_timestamp_support	[fn fc_timestamp_support] planner support node walkers (SupportRequest*); planner-node carve per claim scope	p1-laney	pending
crates/backend/utils/adt/adt_timestamp/src/builtins.rs	622	planner-carve	timestamp.c timestamp_support/interval_support/generate_series_timestamp_support	[fn fc_timestamp_support] planner support node walkers (SupportRequest*); planner-node carve per claim scope	p1-laney	pending
crates/backend/utils/adt/adt_timestamp/src/builtins.rs	623	planner-carve	timestamp.c timestamp_support/interval_support/generate_series_timestamp_support	[fn fc_timestamp_support] planner support node walkers (SupportRequest*); planner-node carve per claim scope	p1-laney	pending
crates/backend/utils/adt/adt_timestamp/src/builtins.rs	625	planner-carve	timestamp.c timestamp_support/interval_support/generate_series_timestamp_support	[fn fc_timestamp_support] planner support node walkers (SupportRequest*); planner-node carve per claim scope	p1-laney	pending
crates/backend/utils/adt/adt_timestamp/src/builtins.rs	626	planner-carve	timestamp.c timestamp_support/interval_support/generate_series_timestamp_support	[fn fc_timestamp_support] planner support node walkers (SupportRequest*); planner-node carve per claim scope	p1-laney	pending
crates/backend/utils/adt/adt_timestamp/src/builtins.rs	627	planner-carve	timestamp.c timestamp_support/interval_support/generate_series_timestamp_support	[fn fc_timestamp_support] planner support node walkers (SupportRequest*); planner-node carve per claim scope	p1-laney	pending
crates/backend/utils/adt/adt_timestamp/src/builtins.rs	629	planner-carve	timestamp.c timestamp_support/interval_support/generate_series_timestamp_support	[fn fc_timestamp_support] planner support node walkers (SupportRequest*); planner-node carve per claim scope	p1-laney	pending
crates/backend/utils/adt/adt_timestamp/src/builtins.rs	632	planner-carve	timestamp.c timestamp_support/interval_support/generate_series_timestamp_support	[fn fc_interval_support] planner support node walkers (SupportRequest*); planner-node carve per claim scope	p1-laney	pending
crates/backend/utils/adt/adt_timestamp/src/builtins.rs	635	planner-carve	timestamp.c timestamp_support/interval_support/generate_series_timestamp_support	[fn fc_interval_support] planner support node walkers (SupportRequest*); planner-node carve per claim scope	p1-laney	pending
crates/backend/utils/adt/adt_timestamp/src/builtins.rs	636	planner-carve	timestamp.c timestamp_support/interval_support/generate_series_timestamp_support	[fn fc_interval_support] planner support node walkers (SupportRequest*); planner-node carve per claim scope	p1-laney	pending
crates/backend/utils/adt/adt_timestamp/src/builtins.rs	638	planner-carve	timestamp.c timestamp_support/interval_support/generate_series_timestamp_support	[fn fc_interval_support] planner support node walkers (SupportRequest*); planner-node carve per claim scope	p1-laney	pending
crates/backend/utils/adt/adt_timestamp/src/builtins.rs	639	planner-carve	timestamp.c timestamp_support/interval_support/generate_series_timestamp_support	[fn fc_interval_support] planner support node walkers (SupportRequest*); planner-node carve per claim scope	p1-laney	pending
crates/backend/utils/adt/adt_timestamp/src/builtins.rs	642	planner-carve	timestamp.c timestamp_support/interval_support/generate_series_timestamp_support	[fn fc_interval_support] planner support node walkers (SupportRequest*); planner-node carve per claim scope	p1-laney	pending
crates/backend/utils/adt/adt_timestamp/src/builtins.rs	643	planner-carve	timestamp.c timestamp_support/interval_support/generate_series_timestamp_support	[fn fc_interval_support] planner support node walkers (SupportRequest*); planner-node carve per claim scope	p1-laney	pending
crates/backend/utils/adt/adt_timestamp/src/builtins.rs	644	planner-carve	timestamp.c timestamp_support/interval_support/generate_series_timestamp_support	[fn fc_interval_support] planner support node walkers (SupportRequest*); planner-node carve per claim scope	p1-laney	pending
crates/backend/utils/adt/adt_timestamp/src/builtins.rs	645	planner-carve	timestamp.c timestamp_support/interval_support/generate_series_timestamp_support	[fn fc_interval_support] planner support node walkers (SupportRequest*); planner-node carve per claim scope	p1-laney	pending
crates/backend/utils/adt/adt_timestamp/src/builtins.rs	646	planner-carve	timestamp.c timestamp_support/interval_support/generate_series_timestamp_support	[fn fc_interval_support] planner support node walkers (SupportRequest*); planner-node carve per claim scope	p1-laney	pending
crates/backend/utils/adt/adt_timestamp/src/builtins.rs	647	planner-carve	timestamp.c timestamp_support/interval_support/generate_series_timestamp_support	[fn fc_interval_support] planner support node walkers (SupportRequest*); planner-node carve per claim scope	p1-laney	pending
crates/backend/utils/adt/adt_timestamp/src/builtins.rs	648	planner-carve	timestamp.c timestamp_support/interval_support/generate_series_timestamp_support	[fn fc_interval_support] planner support node walkers (SupportRequest*); planner-node carve per claim scope	p1-laney	pending
crates/backend/utils/adt/adt_timestamp/src/builtins.rs	649	planner-carve	timestamp.c timestamp_support/interval_support/generate_series_timestamp_support	[fn fc_interval_support] planner support node walkers (SupportRequest*); planner-node carve per claim scope	p1-laney	pending
crates/backend/utils/adt/adt_timestamp/src/builtins.rs	651	planner-carve	timestamp.c timestamp_support/interval_support/generate_series_timestamp_support	[fn fc_interval_support] planner support node walkers (SupportRequest*); planner-node carve per claim scope	p1-laney	pending
crates/backend/utils/adt/adt_timestamp/src/builtins.rs	652	planner-carve	timestamp.c timestamp_support/interval_support/generate_series_timestamp_support	[fn fc_interval_support] planner support node walkers (SupportRequest*); planner-node carve per claim scope	p1-laney	pending
crates/backend/utils/adt/adt_timestamp/src/builtins.rs	654	planner-carve	timestamp.c timestamp_support/interval_support/generate_series_timestamp_support	[fn fc_interval_support] planner support node walkers (SupportRequest*); planner-node carve per claim scope	p1-laney	pending
crates/backend/utils/adt/adt_timestamp/src/builtins.rs	655	planner-carve	timestamp.c timestamp_support/interval_support/generate_series_timestamp_support	[fn fc_interval_support] planner support node walkers (SupportRequest*); planner-node carve per claim scope	p1-laney	pending
crates/backend/utils/adt/adt_timestamp/src/builtins.rs	656	planner-carve	timestamp.c timestamp_support/interval_support/generate_series_timestamp_support	[fn fc_interval_support] planner support node walkers (SupportRequest*); planner-node carve per claim scope	p1-laney	pending
crates/backend/utils/adt/adt_timestamp/src/builtins.rs	657	planner-carve	timestamp.c timestamp_support/interval_support/generate_series_timestamp_support	[fn fc_interval_support] planner support node walkers (SupportRequest*); planner-node carve per claim scope	p1-laney	pending
crates/backend/utils/adt/adt_timestamp/src/builtins.rs	659	planner-carve	timestamp.c timestamp_support/interval_support/generate_series_timestamp_support	[fn fc_interval_support] planner support node walkers (SupportRequest*); planner-node carve per claim scope	p1-laney	pending
crates/backend/utils/adt/adt_timestamp/src/builtins.rs	660	planner-carve	timestamp.c timestamp_support/interval_support/generate_series_timestamp_support	[fn fc_interval_support] planner support node walkers (SupportRequest*); planner-node carve per claim scope	p1-laney	pending
crates/backend/utils/adt/adt_timestamp/src/builtins.rs	661	planner-carve	timestamp.c timestamp_support/interval_support/generate_series_timestamp_support	[fn fc_interval_support] planner support node walkers (SupportRequest*); planner-node carve per claim scope	p1-laney	pending
crates/backend/utils/adt/adt_timestamp/src/builtins.rs	662	planner-carve	timestamp.c timestamp_support/interval_support/generate_series_timestamp_support	[fn fc_interval_support] planner support node walkers (SupportRequest*); planner-node carve per claim scope	p1-laney	pending
crates/backend/utils/adt/adt_timestamp/src/builtins.rs	663	planner-carve	timestamp.c timestamp_support/interval_support/generate_series_timestamp_support	[fn fc_interval_support] planner support node walkers (SupportRequest*); planner-node carve per claim scope	p1-laney	pending
crates/backend/utils/adt/adt_timestamp/src/builtins.rs	665	planner-carve	timestamp.c timestamp_support/interval_support/generate_series_timestamp_support	[fn fc_interval_support] planner support node walkers (SupportRequest*); planner-node carve per claim scope	p1-laney	pending
crates/backend/utils/adt/adt_timestamp/src/builtins.rs	667	planner-carve	timestamp.c timestamp_support/interval_support/generate_series_timestamp_support	[fn fc_interval_support] planner support node walkers (SupportRequest*); planner-node carve per claim scope	p1-laney	pending
crates/backend/utils/adt/adt_timestamp/src/builtins.rs	668	planner-carve	timestamp.c timestamp_support/interval_support/generate_series_timestamp_support	[fn fc_interval_support] planner support node walkers (SupportRequest*); planner-node carve per claim scope	p1-laney	pending
crates/backend/utils/adt/adt_timestamp/src/builtins.rs	669	planner-carve	timestamp.c timestamp_support/interval_support/generate_series_timestamp_support	[fn fc_interval_support] planner support node walkers (SupportRequest*); planner-node carve per claim scope	p1-laney	pending
crates/backend/utils/adt/adt_timestamp/src/builtins.rs	670	planner-carve	timestamp.c timestamp_support/interval_support/generate_series_timestamp_support	[fn fc_interval_support] planner support node walkers (SupportRequest*); planner-node carve per claim scope	p1-laney	pending
crates/backend/utils/adt/adt_timestamp/src/builtins.rs	671	planner-carve	timestamp.c timestamp_support/interval_support/generate_series_timestamp_support	[fn fc_interval_support] planner support node walkers (SupportRequest*); planner-node carve per claim scope	p1-laney	pending
crates/backend/utils/adt/adt_timestamp/src/builtins.rs	673	planner-carve	timestamp.c timestamp_support/interval_support/generate_series_timestamp_support	[fn fc_interval_support] planner support node walkers (SupportRequest*); planner-node carve per claim scope	p1-laney	pending
crates/backend/utils/adt/adt_timestamp/src/builtins.rs	674	planner-carve	timestamp.c timestamp_support/interval_support/generate_series_timestamp_support	[fn fc_interval_support] planner support node walkers (SupportRequest*); planner-node carve per claim scope	p1-laney	pending
crates/backend/utils/adt/adt_timestamp/src/builtins.rs	675	planner-carve	timestamp.c timestamp_support/interval_support/generate_series_timestamp_support	[fn fc_interval_support] planner support node walkers (SupportRequest*); planner-node carve per claim scope	p1-laney	pending
crates/backend/utils/adt/adt_timestamp/src/builtins.rs	676	planner-carve	timestamp.c timestamp_support/interval_support/generate_series_timestamp_support	[fn fc_interval_support] planner support node walkers (SupportRequest*); planner-node carve per claim scope	p1-laney	pending
crates/backend/utils/adt/adt_timestamp/src/builtins.rs	678	planner-carve	timestamp.c timestamp_support/interval_support/generate_series_timestamp_support	[fn fc_interval_support] planner support node walkers (SupportRequest*); planner-node carve per claim scope	p1-laney	pending
crates/backend/utils/adt/adt_timestamp/src/builtins.rs	687	proof-covered-unmeasured	timestamp.c interval_avg_accum	[fn interval_agg_state_arg] proved ledger row(s) 1843 (NULL-state fresh-allocation arm) cover the wrapper full-domain; no per-crate kanicov re-run (campaign rule) so lines carry as proof-covered-unmeasured until the tree-wide kani join	p1-laney	pending
crates/backend/utils/adt/adt_timestamp/src/builtins.rs	691	proof-covered-unmeasured	timestamp.c interval_avg_accum	[fn interval_agg_state_arg] proved ledger row(s) 1843 (NULL-state fresh-allocation arm) cover the wrapper full-domain; no per-crate kanicov re-run (campaign rule) so lines carry as proof-covered-unmeasured until the tree-wide kani join	p1-laney	pending
crates/backend/utils/adt/adt_timestamp/src/builtins.rs	696	proof-covered-unmeasured	timestamp.c interval_avg_accum	[fn interval_agg_state_arg] proved ledger row(s) 1843 (NULL-state fresh-allocation arm) cover the wrapper full-domain; no per-crate kanicov re-run (campaign rule) so lines carry as proof-covered-unmeasured until the tree-wide kani join	p1-laney	pending
crates/backend/utils/adt/adt_timestamp/src/builtins.rs	697	proof-covered-unmeasured	timestamp.c interval_avg_accum	[fn interval_agg_state_arg] proved ledger row(s) 1843 (NULL-state fresh-allocation arm) cover the wrapper full-domain; no per-crate kanicov re-run (campaign rule) so lines carry as proof-covered-unmeasured until the tree-wide kani join	p1-laney	pending
crates/backend/utils/adt/adt_timestamp/src/builtins.rs	698	proof-covered-unmeasured	timestamp.c interval_avg_accum	[fn interval_agg_state_arg] proved ledger row(s) 1843 (NULL-state fresh-allocation arm) cover the wrapper full-domain; no per-crate kanicov re-run (campaign rule) so lines carry as proof-covered-unmeasured until the tree-wide kani join	p1-laney	pending
crates/backend/utils/adt/adt_timestamp/src/builtins.rs	700	proof-covered-unmeasured	timestamp.c interval_avg_accum	[fn interval_agg_state_arg] proved ledger row(s) 1843 (NULL-state fresh-allocation arm) cover the wrapper full-domain; no per-crate kanicov re-run (campaign rule) so lines carry as proof-covered-unmeasured until the tree-wide kani join	p1-laney	pending
crates/backend/utils/adt/adt_timestamp/src/builtins.rs	701	proof-covered-unmeasured	timestamp.c interval_avg_accum	[fn interval_agg_state_arg] proved ledger row(s) 1843 (NULL-state fresh-allocation arm) cover the wrapper full-domain; no per-crate kanicov re-run (campaign rule) so lines carry as proof-covered-unmeasured until the tree-wide kani join	p1-laney	pending
crates/backend/utils/adt/adt_timestamp/src/builtins.rs	725	proof-covered-unmeasured	timestamp.c interval_avg_accum_inv	[fn fc_interval_avg_accum_inv] proved ledger row(s) 1843/3549 core cover the wrapper full-domain; no per-crate kanicov re-run (campaign rule) so lines carry as proof-covered-unmeasured until the tree-wide kani join	p1-laney	pending
crates/backend/utils/adt/adt_timestamp/src/builtins.rs	743	proof-covered-unmeasured	timestamp.c interval_avg_combine	[fn fc_interval_avg_combine] proved ledger row(s) 1843 core + fuzzed combine arm (residual = NULL-arg arms the strict-value fc plane cannot form) cover the wrapper full-domain; no per-crate kanicov re-run (campaign rule) so lines carry as proof-covered-unmeasured until the tree-wide kani join	p1-laney	pending
crates/backend/utils/adt/adt_timestamp/src/builtins.rs	744	proof-covered-unmeasured	timestamp.c interval_avg_combine	[fn fc_interval_avg_combine] proved ledger row(s) 1843 core + fuzzed combine arm (residual = NULL-arg arms the strict-value fc plane cannot form) cover the wrapper full-domain; no per-crate kanicov re-run (campaign rule) so lines carry as proof-covered-unmeasured until the tree-wide kani join	p1-laney	pending
crates/backend/utils/adt/adt_timestamp/src/builtins.rs	746	proof-covered-unmeasured	timestamp.c interval_avg_combine	[fn fc_interval_avg_combine] proved ledger row(s) 1843 core + fuzzed combine arm (residual = NULL-arg arms the strict-value fc plane cannot form) cover the wrapper full-domain; no per-crate kanicov re-run (campaign rule) so lines carry as proof-covered-unmeasured until the tree-wide kani join	p1-laney	pending
crates/backend/utils/adt/adt_timestamp/src/builtins.rs	754	proof-covered-unmeasured	timestamp.c interval_avg_combine	[fn fc_interval_avg_combine] proved ledger row(s) 1843 core + fuzzed combine arm (residual = NULL-arg arms the strict-value fc plane cannot form) cover the wrapper full-domain; no per-crate kanicov re-run (campaign rule) so lines carry as proof-covered-unmeasured until the tree-wide kani join	p1-laney	pending
crates/backend/utils/adt/adt_timestamp/src/builtins.rs	755	proof-covered-unmeasured	timestamp.c interval_avg_combine	[fn fc_interval_avg_combine] proved ledger row(s) 1843 core + fuzzed combine arm (residual = NULL-arg arms the strict-value fc plane cannot form) cover the wrapper full-domain; no per-crate kanicov re-run (campaign rule) so lines carry as proof-covered-unmeasured until the tree-wide kani join	p1-laney	pending
crates/backend/utils/adt/adt_timestamp/src/builtins.rs	767	proof-covered-unmeasured	timestamp.c interval_avg_combine	[fn fc_interval_avg_combine] proved ledger row(s) 1843 core + fuzzed combine arm (residual = NULL-arg arms the strict-value fc plane cannot form) cover the wrapper full-domain; no per-crate kanicov re-run (campaign rule) so lines carry as proof-covered-unmeasured until the tree-wide kani join	p1-laney	pending
crates/backend/utils/adt/adt_timestamp/src/builtins.rs	781	proof-covered-unmeasured	timestamp.c interval_avg_combine	[fn fc_interval_avg_combine] proved ledger row(s) 1843 core + fuzzed combine arm (residual = NULL-arg arms the strict-value fc plane cannot form) cover the wrapper full-domain; no per-crate kanicov re-run (campaign rule) so lines carry as proof-covered-unmeasured until the tree-wide kani join	p1-laney	pending
crates/backend/utils/adt/adt_timestamp/src/builtins.rs	782	proof-covered-unmeasured	timestamp.c interval_avg_combine	[fn fc_interval_avg_combine] proved ledger row(s) 1843 core + fuzzed combine arm (residual = NULL-arg arms the strict-value fc plane cannot form) cover the wrapper full-domain; no per-crate kanicov re-run (campaign rule) so lines carry as proof-covered-unmeasured until the tree-wide kani join	p1-laney	pending
crates/backend/utils/adt/adt_timestamp/src/builtins.rs	813	proof-covered-unmeasured	timestamp.c interval_avg_deserialize	[fn fc_interval_avg_deserialize] proved ledger row(s) 6325 (fuzzed roundtrip arm; residual = non-aggregate-context error arm) cover the wrapper full-domain; no per-crate kanicov re-run (campaign rule) so lines carry as proof-covered-unmeasured until the tree-wide kani join	p1-laney	pending
crates/backend/utils/adt/adt_timestamp/src/builtins.rs	870	proof-covered-unmeasured	timestamp.c interval_trunc	[fn fc_interval_trunc] proved ledger row(s) 1218 (fuzzed; residual DA-less lines) cover the wrapper full-domain; no per-crate kanicov re-run (campaign rule) so lines carry as proof-covered-unmeasured until the tree-wide kani join	p1-laney	pending
crates/backend/utils/adt/adt_timestamp/src/builtins.rs	871	proof-covered-unmeasured	timestamp.c interval_trunc	[fn fc_interval_trunc] proved ledger row(s) 1218 (fuzzed; residual DA-less lines) cover the wrapper full-domain; no per-crate kanicov re-run (campaign rule) so lines carry as proof-covered-unmeasured until the tree-wide kani join	p1-laney	pending
crates/backend/utils/adt/adt_timestamp/src/builtins.rs	900	proof-covered-unmeasured	timestamp.c timestamp_izone	[fn fc_timestamp_izone] proved ledger row(s) 2070 cover the wrapper full-domain; no per-crate kanicov re-run (campaign rule) so lines carry as proof-covered-unmeasured until the tree-wide kani join	p1-laney	pending
crates/backend/utils/adt/adt_timestamp/src/builtins.rs	901	proof-covered-unmeasured	timestamp.c timestamp_izone	[fn fc_timestamp_izone] proved ledger row(s) 2070 cover the wrapper full-domain; no per-crate kanicov re-run (campaign rule) so lines carry as proof-covered-unmeasured until the tree-wide kani join	p1-laney	pending
crates/backend/utils/adt/adt_timestamp/src/builtins.rs	902	proof-covered-unmeasured	timestamp.c timestamp_izone	[fn fc_timestamp_izone] proved ledger row(s) 2070 cover the wrapper full-domain; no per-crate kanicov re-run (campaign rule) so lines carry as proof-covered-unmeasured until the tree-wide kani join	p1-laney	pending
crates/backend/utils/adt/adt_timestamp/src/builtins.rs	905	proof-covered-unmeasured	timestamp.c timestamptz_izone	[fn fc_timestamptz_izone] proved ledger row(s) 1026 cover the wrapper full-domain; no per-crate kanicov re-run (campaign rule) so lines carry as proof-covered-unmeasured until the tree-wide kani join	p1-laney	pending
crates/backend/utils/adt/adt_timestamp/src/builtins.rs	906	proof-covered-unmeasured	timestamp.c timestamptz_izone	[fn fc_timestamptz_izone] proved ledger row(s) 1026 cover the wrapper full-domain; no per-crate kanicov re-run (campaign rule) so lines carry as proof-covered-unmeasured until the tree-wide kani join	p1-laney	pending
crates/backend/utils/adt/adt_timestamp/src/builtins.rs	907	proof-covered-unmeasured	timestamp.c timestamptz_izone	[fn fc_timestamptz_izone] proved ledger row(s) 1026 cover the wrapper full-domain; no per-crate kanicov re-run (campaign rule) so lines carry as proof-covered-unmeasured until the tree-wide kani join	p1-laney	pending
crates/backend/utils/adt/adt_timestamp/src/builtins.rs	908	proof-covered-unmeasured	timestamp.c timestamptz_izone	[fn fc_timestamptz_izone] proved ledger row(s) 1026 cover the wrapper full-domain; no per-crate kanicov re-run (campaign rule) so lines carry as proof-covered-unmeasured until the tree-wide kani join	p1-laney	pending
crates/backend/utils/adt/adt_timestamp/src/builtins.rs	909	proof-covered-unmeasured	timestamp.c timestamptz_izone	[fn fc_timestamptz_izone] proved ledger row(s) 1026 cover the wrapper full-domain; no per-crate kanicov re-run (campaign rule) so lines carry as proof-covered-unmeasured until the tree-wide kani join	p1-laney	pending
crates/backend/utils/adt/adt_timestamp/src/builtins.rs	910	proof-covered-unmeasured	timestamp.c timestamptz_izone	[fn fc_timestamptz_izone] proved ledger row(s) 1026 cover the wrapper full-domain; no per-crate kanicov re-run (campaign rule) so lines carry as proof-covered-unmeasured until the tree-wide kani join	p1-laney	pending
crates/backend/utils/adt/adt_timestamp/src/builtins.rs	913	proof-covered-unmeasured	timestamp.c overlaps_timestamp	[fn fc_overlaps_timestamp] proved ledger row(s) 1304/2041 cover the wrapper full-domain; no per-crate kanicov re-run (campaign rule) so lines carry as proof-covered-unmeasured until the tree-wide kani join	p1-laney	pending
crates/backend/utils/adt/adt_timestamp/src/builtins.rs	914	proof-covered-unmeasured	timestamp.c overlaps_timestamp	[fn fc_overlaps_timestamp] proved ledger row(s) 1304/2041 cover the wrapper full-domain; no per-crate kanicov re-run (campaign rule) so lines carry as proof-covered-unmeasured until the tree-wide kani join	p1-laney	pending
crates/backend/utils/adt/adt_timestamp/src/builtins.rs	915	proof-covered-unmeasured	timestamp.c overlaps_timestamp	[fn fc_overlaps_timestamp] proved ledger row(s) 1304/2041 cover the wrapper full-domain; no per-crate kanicov re-run (campaign rule) so lines carry as proof-covered-unmeasured until the tree-wide kani join	p1-laney	pending
crates/backend/utils/adt/adt_timestamp/src/builtins.rs	916	proof-covered-unmeasured	timestamp.c overlaps_timestamp	[fn fc_overlaps_timestamp] proved ledger row(s) 1304/2041 cover the wrapper full-domain; no per-crate kanicov re-run (campaign rule) so lines carry as proof-covered-unmeasured until the tree-wide kani join	p1-laney	pending
crates/backend/utils/adt/adt_timestamp/src/builtins.rs	917	proof-covered-unmeasured	timestamp.c overlaps_timestamp	[fn fc_overlaps_timestamp] proved ledger row(s) 1304/2041 cover the wrapper full-domain; no per-crate kanicov re-run (campaign rule) so lines carry as proof-covered-unmeasured until the tree-wide kani join	p1-laney	pending
crates/backend/utils/adt/adt_timestamp/src/builtins.rs	923	srf-carve	timestamp.c generate_series_timestamp/pg_timezone_names/pg_timezone_abbrevs	[fn step_size_err] SRF machinery (MaterializedSRF/tuplestore result builders); generate_series + pg_timezone_* carved per claim scope (SRF + tz database)	p1-laney	pending
crates/backend/utils/adt/adt_timestamp/src/builtins.rs	924	srf-carve	timestamp.c generate_series_timestamp/pg_timezone_names/pg_timezone_abbrevs	[fn step_size_err] SRF machinery (MaterializedSRF/tuplestore result builders); generate_series + pg_timezone_* carved per claim scope (SRF + tz database)	p1-laney	pending
crates/backend/utils/adt/adt_timestamp/src/builtins.rs	937	srf-carve	timestamp.c generate_series_timestamp/pg_timezone_names/pg_timezone_abbrevs	[fn new] SRF machinery (MaterializedSRF/tuplestore result builders); generate_series + pg_timezone_* carved per claim scope (SRF + tz database)	p1-laney	pending
crates/backend/utils/adt/adt_timestamp/src/builtins.rs	938	srf-carve	timestamp.c generate_series_timestamp/pg_timezone_names/pg_timezone_abbrevs	[fn new] SRF machinery (MaterializedSRF/tuplestore result builders); generate_series + pg_timezone_* carved per claim scope (SRF + tz database)	p1-laney	pending
crates/backend/utils/adt/adt_timestamp/src/builtins.rs	939	srf-carve	timestamp.c generate_series_timestamp/pg_timezone_names/pg_timezone_abbrevs	[fn new] SRF machinery (MaterializedSRF/tuplestore result builders); generate_series + pg_timezone_* carved per claim scope (SRF + tz database)	p1-laney	pending
crates/backend/utils/adt/adt_timestamp/src/builtins.rs	940	srf-carve	timestamp.c generate_series_timestamp/pg_timezone_names/pg_timezone_abbrevs	[fn new] SRF machinery (MaterializedSRF/tuplestore result builders); generate_series + pg_timezone_* carved per claim scope (SRF + tz database)	p1-laney	pending
crates/backend/utils/adt/adt_timestamp/src/builtins.rs	941	srf-carve	timestamp.c generate_series_timestamp/pg_timezone_names/pg_timezone_abbrevs	[fn new] SRF machinery (MaterializedSRF/tuplestore result builders); generate_series + pg_timezone_* carved per claim scope (SRF + tz database)	p1-laney	pending
crates/backend/utils/adt/adt_timestamp/src/builtins.rs	942	srf-carve	timestamp.c generate_series_timestamp/pg_timezone_names/pg_timezone_abbrevs	[fn new] SRF machinery (MaterializedSRF/tuplestore result builders); generate_series + pg_timezone_* carved per claim scope (SRF + tz database)	p1-laney	pending
crates/backend/utils/adt/adt_timestamp/src/builtins.rs	943	srf-carve	timestamp.c generate_series_timestamp/pg_timezone_names/pg_timezone_abbrevs	[fn new] SRF machinery (MaterializedSRF/tuplestore result builders); generate_series + pg_timezone_* carved per claim scope (SRF + tz database)	p1-laney	pending
crates/backend/utils/adt/adt_timestamp/src/builtins.rs	944	srf-carve	timestamp.c generate_series_timestamp/pg_timezone_names/pg_timezone_abbrevs	[fn new] SRF machinery (MaterializedSRF/tuplestore result builders); generate_series + pg_timezone_* carved per claim scope (SRF + tz database)	p1-laney	pending
crates/backend/utils/adt/adt_timestamp/src/builtins.rs	945	srf-carve	timestamp.c generate_series_timestamp/pg_timezone_names/pg_timezone_abbrevs	[fn new] SRF machinery (MaterializedSRF/tuplestore result builders); generate_series + pg_timezone_* carved per claim scope (SRF + tz database)	p1-laney	pending
crates/backend/utils/adt/adt_timestamp/src/builtins.rs	946	srf-carve	timestamp.c generate_series_timestamp/pg_timezone_names/pg_timezone_abbrevs	[fn new] SRF machinery (MaterializedSRF/tuplestore result builders); generate_series + pg_timezone_* carved per claim scope (SRF + tz database)	p1-laney	pending
crates/backend/utils/adt/adt_timestamp/src/builtins.rs	948	srf-carve	timestamp.c generate_series_timestamp/pg_timezone_names/pg_timezone_abbrevs	[fn new] SRF machinery (MaterializedSRF/tuplestore result builders); generate_series + pg_timezone_* carved per claim scope (SRF + tz database)	p1-laney	pending
crates/backend/utils/adt/adt_timestamp/src/builtins.rs	949	srf-carve	timestamp.c generate_series_timestamp/pg_timezone_names/pg_timezone_abbrevs	[fn new] SRF machinery (MaterializedSRF/tuplestore result builders); generate_series + pg_timezone_* carved per claim scope (SRF + tz database)	p1-laney	pending
crates/backend/utils/adt/adt_timestamp/src/builtins.rs	951	srf-carve	timestamp.c generate_series_timestamp/pg_timezone_names/pg_timezone_abbrevs	[fn new] SRF machinery (MaterializedSRF/tuplestore result builders); generate_series + pg_timezone_* carved per claim scope (SRF + tz database)	p1-laney	pending
crates/backend/utils/adt/adt_timestamp/src/builtins.rs	954	srf-carve	timestamp.c generate_series_timestamp/pg_timezone_names/pg_timezone_abbrevs	[fn next] SRF machinery (MaterializedSRF/tuplestore result builders); generate_series + pg_timezone_* carved per claim scope (SRF + tz database)	p1-laney	pending
crates/backend/utils/adt/adt_timestamp/src/builtins.rs	955	srf-carve	timestamp.c generate_series_timestamp/pg_timezone_names/pg_timezone_abbrevs	[fn next] SRF machinery (MaterializedSRF/tuplestore result builders); generate_series + pg_timezone_* carved per claim scope (SRF + tz database)	p1-laney	pending
crates/backend/utils/adt/adt_timestamp/src/builtins.rs	956	srf-carve	timestamp.c generate_series_timestamp/pg_timezone_names/pg_timezone_abbrevs	[fn next] SRF machinery (MaterializedSRF/tuplestore result builders); generate_series + pg_timezone_* carved per claim scope (SRF + tz database)	p1-laney	pending
crates/backend/utils/adt/adt_timestamp/src/builtins.rs	957	srf-carve	timestamp.c generate_series_timestamp/pg_timezone_names/pg_timezone_abbrevs	[fn next] SRF machinery (MaterializedSRF/tuplestore result builders); generate_series + pg_timezone_* carved per claim scope (SRF + tz database)	p1-laney	pending
crates/backend/utils/adt/adt_timestamp/src/builtins.rs	959	srf-carve	timestamp.c generate_series_timestamp/pg_timezone_names/pg_timezone_abbrevs	[fn next] SRF machinery (MaterializedSRF/tuplestore result builders); generate_series + pg_timezone_* carved per claim scope (SRF + tz database)	p1-laney	pending
crates/backend/utils/adt/adt_timestamp/src/builtins.rs	961	srf-carve	timestamp.c generate_series_timestamp/pg_timezone_names/pg_timezone_abbrevs	[fn next] SRF machinery (MaterializedSRF/tuplestore result builders); generate_series + pg_timezone_* carved per claim scope (SRF + tz database)	p1-laney	pending
crates/backend/utils/adt/adt_timestamp/src/builtins.rs	962	srf-carve	timestamp.c generate_series_timestamp/pg_timezone_names/pg_timezone_abbrevs	[fn next] SRF machinery (MaterializedSRF/tuplestore result builders); generate_series + pg_timezone_* carved per claim scope (SRF + tz database)	p1-laney	pending
crates/backend/utils/adt/adt_timestamp/src/builtins.rs	964	srf-carve	timestamp.c generate_series_timestamp/pg_timezone_names/pg_timezone_abbrevs	[fn next] SRF machinery (MaterializedSRF/tuplestore result builders); generate_series + pg_timezone_* carved per claim scope (SRF + tz database)	p1-laney	pending
crates/backend/utils/adt/adt_timestamp/src/builtins.rs	965	srf-carve	timestamp.c generate_series_timestamp/pg_timezone_names/pg_timezone_abbrevs	[fn next] SRF machinery (MaterializedSRF/tuplestore result builders); generate_series + pg_timezone_* carved per claim scope (SRF + tz database)	p1-laney	pending
crates/backend/utils/adt/adt_timestamp/src/builtins.rs	967	srf-carve	timestamp.c generate_series_timestamp/pg_timezone_names/pg_timezone_abbrevs	[fn next] SRF machinery (MaterializedSRF/tuplestore result builders); generate_series + pg_timezone_* carved per claim scope (SRF + tz database)	p1-laney	pending
crates/backend/utils/adt/adt_timestamp/src/builtins.rs	969	srf-carve	timestamp.c generate_series_timestamp/pg_timezone_names/pg_timezone_abbrevs	[fn next] SRF machinery (MaterializedSRF/tuplestore result builders); generate_series + pg_timezone_* carved per claim scope (SRF + tz database)	p1-laney	pending
crates/backend/utils/adt/adt_timestamp/src/builtins.rs	973	srf-carve	timestamp.c generate_series_timestamp/pg_timezone_names/pg_timezone_abbrevs	[fn generate_series_common] SRF machinery (MaterializedSRF/tuplestore result builders); generate_series + pg_timezone_* carved per claim scope (SRF + tz database)	p1-laney	pending
crates/backend/utils/adt/adt_timestamp/src/builtins.rs	974	srf-carve	timestamp.c generate_series_timestamp/pg_timezone_names/pg_timezone_abbrevs	[fn generate_series_common] SRF machinery (MaterializedSRF/tuplestore result builders); generate_series + pg_timezone_* carved per claim scope (SRF + tz database)	p1-laney	pending
crates/backend/utils/adt/adt_timestamp/src/builtins.rs	975	srf-carve	timestamp.c generate_series_timestamp/pg_timezone_names/pg_timezone_abbrevs	[fn generate_series_common] SRF machinery (MaterializedSRF/tuplestore result builders); generate_series + pg_timezone_* carved per claim scope (SRF + tz database)	p1-laney	pending
crates/backend/utils/adt/adt_timestamp/src/builtins.rs	976	srf-carve	timestamp.c generate_series_timestamp/pg_timezone_names/pg_timezone_abbrevs	[fn generate_series_common] SRF machinery (MaterializedSRF/tuplestore result builders); generate_series + pg_timezone_* carved per claim scope (SRF + tz database)	p1-laney	pending
crates/backend/utils/adt/adt_timestamp/src/builtins.rs	977	srf-carve	timestamp.c generate_series_timestamp/pg_timezone_names/pg_timezone_abbrevs	[fn generate_series_common] SRF machinery (MaterializedSRF/tuplestore result builders); generate_series + pg_timezone_* carved per claim scope (SRF + tz database)	p1-laney	pending
crates/backend/utils/adt/adt_timestamp/src/builtins.rs	978	srf-carve	timestamp.c generate_series_timestamp/pg_timezone_names/pg_timezone_abbrevs	[fn generate_series_common] SRF machinery (MaterializedSRF/tuplestore result builders); generate_series + pg_timezone_* carved per claim scope (SRF + tz database)	p1-laney	pending
crates/backend/utils/adt/adt_timestamp/src/builtins.rs	979	srf-carve	timestamp.c generate_series_timestamp/pg_timezone_names/pg_timezone_abbrevs	[fn generate_series_common] SRF machinery (MaterializedSRF/tuplestore result builders); generate_series + pg_timezone_* carved per claim scope (SRF + tz database)	p1-laney	pending
crates/backend/utils/adt/adt_timestamp/src/builtins.rs	980	srf-carve	timestamp.c generate_series_timestamp/pg_timezone_names/pg_timezone_abbrevs	[fn generate_series_common] SRF machinery (MaterializedSRF/tuplestore result builders); generate_series + pg_timezone_* carved per claim scope (SRF + tz database)	p1-laney	pending
crates/backend/utils/adt/adt_timestamp/src/builtins.rs	981	srf-carve	timestamp.c generate_series_timestamp/pg_timezone_names/pg_timezone_abbrevs	[fn generate_series_common] SRF machinery (MaterializedSRF/tuplestore result builders); generate_series + pg_timezone_* carved per claim scope (SRF + tz database)	p1-laney	pending
crates/backend/utils/adt/adt_timestamp/src/builtins.rs	982	srf-carve	timestamp.c generate_series_timestamp/pg_timezone_names/pg_timezone_abbrevs	[fn generate_series_common] SRF machinery (MaterializedSRF/tuplestore result builders); generate_series + pg_timezone_* carved per claim scope (SRF + tz database)	p1-laney	pending
crates/backend/utils/adt/adt_timestamp/src/builtins.rs	983	srf-carve	timestamp.c generate_series_timestamp/pg_timezone_names/pg_timezone_abbrevs	[fn generate_series_common] SRF machinery (MaterializedSRF/tuplestore result builders); generate_series + pg_timezone_* carved per claim scope (SRF + tz database)	p1-laney	pending
crates/backend/utils/adt/adt_timestamp/src/builtins.rs	985	srf-carve	timestamp.c generate_series_timestamp/pg_timezone_names/pg_timezone_abbrevs	[fn generate_series_common] SRF machinery (MaterializedSRF/tuplestore result builders); generate_series + pg_timezone_* carved per claim scope (SRF + tz database)	p1-laney	pending
crates/backend/utils/adt/adt_timestamp/src/builtins.rs	986	srf-carve	timestamp.c generate_series_timestamp/pg_timezone_names/pg_timezone_abbrevs	[fn generate_series_common] SRF machinery (MaterializedSRF/tuplestore result builders); generate_series + pg_timezone_* carved per claim scope (SRF + tz database)	p1-laney	pending
crates/backend/utils/adt/adt_timestamp/src/builtins.rs	988	srf-carve	timestamp.c generate_series_timestamp/pg_timezone_names/pg_timezone_abbrevs	[fn generate_series_common] SRF machinery (MaterializedSRF/tuplestore result builders); generate_series + pg_timezone_* carved per claim scope (SRF + tz database)	p1-laney	pending
crates/backend/utils/adt/adt_timestamp/src/builtins.rs	990	srf-carve	timestamp.c generate_series_timestamp/pg_timezone_names/pg_timezone_abbrevs	[fn generate_series_common] SRF machinery (MaterializedSRF/tuplestore result builders); generate_series + pg_timezone_* carved per claim scope (SRF + tz database)	p1-laney	pending
crates/backend/utils/adt/adt_timestamp/src/builtins.rs	991	srf-carve	timestamp.c generate_series_timestamp/pg_timezone_names/pg_timezone_abbrevs	[fn generate_series_common] SRF machinery (MaterializedSRF/tuplestore result builders); generate_series + pg_timezone_* carved per claim scope (SRF + tz database)	p1-laney	pending
crates/backend/utils/adt/adt_timestamp/src/builtins.rs	992	srf-carve	timestamp.c generate_series_timestamp/pg_timezone_names/pg_timezone_abbrevs	[fn generate_series_common] SRF machinery (MaterializedSRF/tuplestore result builders); generate_series + pg_timezone_* carved per claim scope (SRF + tz database)	p1-laney	pending
crates/backend/utils/adt/adt_timestamp/src/builtins.rs	994	srf-carve	timestamp.c generate_series_timestamp/pg_timezone_names/pg_timezone_abbrevs	[fn generate_series_common] SRF machinery (MaterializedSRF/tuplestore result builders); generate_series + pg_timezone_* carved per claim scope (SRF + tz database)	p1-laney	pending
crates/backend/utils/adt/adt_timestamp/src/builtins.rs	995	srf-carve	timestamp.c generate_series_timestamp/pg_timezone_names/pg_timezone_abbrevs	[fn generate_series_common] SRF machinery (MaterializedSRF/tuplestore result builders); generate_series + pg_timezone_* carved per claim scope (SRF + tz database)	p1-laney	pending
crates/backend/utils/adt/adt_timestamp/src/builtins.rs	996	srf-carve	timestamp.c generate_series_timestamp/pg_timezone_names/pg_timezone_abbrevs	[fn generate_series_common] SRF machinery (MaterializedSRF/tuplestore result builders); generate_series + pg_timezone_* carved per claim scope (SRF + tz database)	p1-laney	pending
crates/backend/utils/adt/adt_timestamp/src/builtins.rs	997	srf-carve	timestamp.c generate_series_timestamp/pg_timezone_names/pg_timezone_abbrevs	[fn generate_series_common] SRF machinery (MaterializedSRF/tuplestore result builders); generate_series + pg_timezone_* carved per claim scope (SRF + tz database)	p1-laney	pending
crates/backend/utils/adt/adt_timestamp/src/builtins.rs	998	srf-carve	timestamp.c generate_series_timestamp/pg_timezone_names/pg_timezone_abbrevs	[fn generate_series_common] SRF machinery (MaterializedSRF/tuplestore result builders); generate_series + pg_timezone_* carved per claim scope (SRF + tz database)	p1-laney	pending
crates/backend/utils/adt/adt_timestamp/src/builtins.rs	999	srf-carve	timestamp.c generate_series_timestamp/pg_timezone_names/pg_timezone_abbrevs	[fn generate_series_common] SRF machinery (MaterializedSRF/tuplestore result builders); generate_series + pg_timezone_* carved per claim scope (SRF + tz database)	p1-laney	pending
crates/backend/utils/adt/adt_timestamp/src/builtins.rs	1000	srf-carve	timestamp.c generate_series_timestamp/pg_timezone_names/pg_timezone_abbrevs	[fn generate_series_common] SRF machinery (MaterializedSRF/tuplestore result builders); generate_series + pg_timezone_* carved per claim scope (SRF + tz database)	p1-laney	pending
crates/backend/utils/adt/adt_timestamp/src/builtins.rs	1001	srf-carve	timestamp.c generate_series_timestamp/pg_timezone_names/pg_timezone_abbrevs	[fn generate_series_common] SRF machinery (MaterializedSRF/tuplestore result builders); generate_series + pg_timezone_* carved per claim scope (SRF + tz database)	p1-laney	pending
crates/backend/utils/adt/adt_timestamp/src/builtins.rs	1002	srf-carve	timestamp.c generate_series_timestamp/pg_timezone_names/pg_timezone_abbrevs	[fn generate_series_common] SRF machinery (MaterializedSRF/tuplestore result builders); generate_series + pg_timezone_* carved per claim scope (SRF + tz database)	p1-laney	pending
crates/backend/utils/adt/adt_timestamp/src/builtins.rs	1003	srf-carve	timestamp.c generate_series_timestamp/pg_timezone_names/pg_timezone_abbrevs	[fn generate_series_common] SRF machinery (MaterializedSRF/tuplestore result builders); generate_series + pg_timezone_* carved per claim scope (SRF + tz database)	p1-laney	pending
crates/backend/utils/adt/adt_timestamp/src/builtins.rs	1007	srf-carve	timestamp.c generate_series_timestamp/pg_timezone_names/pg_timezone_abbrevs	[fn fc_generate_series_timestamp] SRF machinery (MaterializedSRF/tuplestore result builders); generate_series + pg_timezone_* carved per claim scope (SRF + tz database)	p1-laney	pending
crates/backend/utils/adt/adt_timestamp/src/builtins.rs	1008	srf-carve	timestamp.c generate_series_timestamp/pg_timezone_names/pg_timezone_abbrevs	[fn fc_generate_series_timestamp] SRF machinery (MaterializedSRF/tuplestore result builders); generate_series + pg_timezone_* carved per claim scope (SRF + tz database)	p1-laney	pending
crates/backend/utils/adt/adt_timestamp/src/builtins.rs	1009	srf-carve	timestamp.c generate_series_timestamp/pg_timezone_names/pg_timezone_abbrevs	[fn fc_generate_series_timestamp] SRF machinery (MaterializedSRF/tuplestore result builders); generate_series + pg_timezone_* carved per claim scope (SRF + tz database)	p1-laney	pending
crates/backend/utils/adt/adt_timestamp/src/builtins.rs	1010	srf-carve	timestamp.c generate_series_timestamp/pg_timezone_names/pg_timezone_abbrevs	[fn fc_generate_series_timestamp] SRF machinery (MaterializedSRF/tuplestore result builders); generate_series + pg_timezone_* carved per claim scope (SRF + tz database)	p1-laney	pending
crates/backend/utils/adt/adt_timestamp/src/builtins.rs	1011	srf-carve	timestamp.c generate_series_timestamp/pg_timezone_names/pg_timezone_abbrevs	[fn fc_generate_series_timestamp] SRF machinery (MaterializedSRF/tuplestore result builders); generate_series + pg_timezone_* carved per claim scope (SRF + tz database)	p1-laney	pending
crates/backend/utils/adt/adt_timestamp/src/builtins.rs	1014	srf-carve	timestamp.c generate_series_timestamp/pg_timezone_names/pg_timezone_abbrevs	[fn fc_generate_series_timestamptz] SRF machinery (MaterializedSRF/tuplestore result builders); generate_series + pg_timezone_* carved per claim scope (SRF + tz database)	p1-laney	pending
crates/backend/utils/adt/adt_timestamp/src/builtins.rs	1015	srf-carve	timestamp.c generate_series_timestamp/pg_timezone_names/pg_timezone_abbrevs	[fn fc_generate_series_timestamptz] SRF machinery (MaterializedSRF/tuplestore result builders); generate_series + pg_timezone_* carved per claim scope (SRF + tz database)	p1-laney	pending
crates/backend/utils/adt/adt_timestamp/src/builtins.rs	1016	srf-carve	timestamp.c generate_series_timestamp/pg_timezone_names/pg_timezone_abbrevs	[fn fc_generate_series_timestamptz] SRF machinery (MaterializedSRF/tuplestore result builders); generate_series + pg_timezone_* carved per claim scope (SRF + tz database)	p1-laney	pending
crates/backend/utils/adt/adt_timestamp/src/builtins.rs	1017	srf-carve	timestamp.c generate_series_timestamp/pg_timezone_names/pg_timezone_abbrevs	[fn fc_generate_series_timestamptz] SRF machinery (MaterializedSRF/tuplestore result builders); generate_series + pg_timezone_* carved per claim scope (SRF + tz database)	p1-laney	pending
crates/backend/utils/adt/adt_timestamp/src/builtins.rs	1018	srf-carve	timestamp.c generate_series_timestamp/pg_timezone_names/pg_timezone_abbrevs	[fn fc_generate_series_timestamptz] SRF machinery (MaterializedSRF/tuplestore result builders); generate_series + pg_timezone_* carved per claim scope (SRF + tz database)	p1-laney	pending
crates/backend/utils/adt/adt_timestamp/src/builtins.rs	1021	srf-carve	timestamp.c generate_series_timestamp/pg_timezone_names/pg_timezone_abbrevs	[fn interval_from_const_datum] SRF machinery (MaterializedSRF/tuplestore result builders); generate_series + pg_timezone_* carved per claim scope (SRF + tz database)	p1-laney	pending
crates/backend/utils/adt/adt_timestamp/src/builtins.rs	1025	srf-carve	timestamp.c generate_series_timestamp/pg_timezone_names/pg_timezone_abbrevs	[fn interval_from_const_datum] SRF machinery (MaterializedSRF/tuplestore result builders); generate_series + pg_timezone_* carved per claim scope (SRF + tz database)	p1-laney	pending
crates/backend/utils/adt/adt_timestamp/src/builtins.rs	1026	srf-carve	timestamp.c generate_series_timestamp/pg_timezone_names/pg_timezone_abbrevs	[fn interval_from_const_datum] SRF machinery (MaterializedSRF/tuplestore result builders); generate_series + pg_timezone_* carved per claim scope (SRF + tz database)	p1-laney	pending
crates/backend/utils/adt/adt_timestamp/src/builtins.rs	1027	srf-carve	timestamp.c generate_series_timestamp/pg_timezone_names/pg_timezone_abbrevs	[fn interval_from_const_datum] SRF machinery (MaterializedSRF/tuplestore result builders); generate_series + pg_timezone_* carved per claim scope (SRF + tz database)	p1-laney	pending
crates/backend/utils/adt/adt_timestamp/src/builtins.rs	1028	srf-carve	timestamp.c generate_series_timestamp/pg_timezone_names/pg_timezone_abbrevs	[fn interval_from_const_datum] SRF machinery (MaterializedSRF/tuplestore result builders); generate_series + pg_timezone_* carved per claim scope (SRF + tz database)	p1-laney	pending
crates/backend/utils/adt/adt_timestamp/src/builtins.rs	1029	srf-carve	timestamp.c generate_series_timestamp/pg_timezone_names/pg_timezone_abbrevs	[fn interval_from_const_datum] SRF machinery (MaterializedSRF/tuplestore result builders); generate_series + pg_timezone_* carved per claim scope (SRF + tz database)	p1-laney	pending
crates/backend/utils/adt/adt_timestamp/src/builtins.rs	1034	srf-carve	timestamp.c generate_series_timestamp/pg_timezone_names/pg_timezone_abbrevs	[fn interval_to_microseconds] SRF machinery (MaterializedSRF/tuplestore result builders); generate_series + pg_timezone_* carved per claim scope (SRF + tz database)	p1-laney	pending
crates/backend/utils/adt/adt_timestamp/src/builtins.rs	1035	srf-carve	timestamp.c generate_series_timestamp/pg_timezone_names/pg_timezone_abbrevs	[fn interval_to_microseconds] SRF machinery (MaterializedSRF/tuplestore result builders); generate_series + pg_timezone_* carved per claim scope (SRF + tz database)	p1-laney	pending
crates/backend/utils/adt/adt_timestamp/src/builtins.rs	1036	srf-carve	timestamp.c generate_series_timestamp/pg_timezone_names/pg_timezone_abbrevs	[fn interval_to_microseconds] SRF machinery (MaterializedSRF/tuplestore result builders); generate_series + pg_timezone_* carved per claim scope (SRF + tz database)	p1-laney	pending
crates/backend/utils/adt/adt_timestamp/src/builtins.rs	1037	srf-carve	timestamp.c generate_series_timestamp/pg_timezone_names/pg_timezone_abbrevs	[fn interval_to_microseconds] SRF machinery (MaterializedSRF/tuplestore result builders); generate_series + pg_timezone_* carved per claim scope (SRF + tz database)	p1-laney	pending
crates/backend/utils/adt/adt_timestamp/src/builtins.rs	1043	planner-carve	timestamp.c timestamp_support/interval_support/generate_series_timestamp_support	[fn fc_generate_series_timestamp_support] planner support node walkers (SupportRequest*); planner-node carve per claim scope	p1-laney	pending
crates/backend/utils/adt/adt_timestamp/src/builtins.rs	1044	planner-carve	timestamp.c timestamp_support/interval_support/generate_series_timestamp_support	[fn fc_generate_series_timestamp_support] planner support node walkers (SupportRequest*); planner-node carve per claim scope	p1-laney	pending
crates/backend/utils/adt/adt_timestamp/src/builtins.rs	1045	planner-carve	timestamp.c timestamp_support/interval_support/generate_series_timestamp_support	[fn fc_generate_series_timestamp_support] planner support node walkers (SupportRequest*); planner-node carve per claim scope	p1-laney	pending
crates/backend/utils/adt/adt_timestamp/src/builtins.rs	1046	planner-carve	timestamp.c timestamp_support/interval_support/generate_series_timestamp_support	[fn fc_generate_series_timestamp_support] planner support node walkers (SupportRequest*); planner-node carve per claim scope	p1-laney	pending
crates/backend/utils/adt/adt_timestamp/src/builtins.rs	1047	planner-carve	timestamp.c timestamp_support/interval_support/generate_series_timestamp_support	[fn fc_generate_series_timestamp_support] planner support node walkers (SupportRequest*); planner-node carve per claim scope	p1-laney	pending
crates/backend/utils/adt/adt_timestamp/src/builtins.rs	1048	planner-carve	timestamp.c timestamp_support/interval_support/generate_series_timestamp_support	[fn fc_generate_series_timestamp_support] planner support node walkers (SupportRequest*); planner-node carve per claim scope	p1-laney	pending
crates/backend/utils/adt/adt_timestamp/src/builtins.rs	1051	planner-carve	timestamp.c timestamp_support/interval_support/generate_series_timestamp_support	[fn fc_generate_series_timestamp_support] planner support node walkers (SupportRequest*); planner-node carve per claim scope	p1-laney	pending
crates/backend/utils/adt/adt_timestamp/src/builtins.rs	1052	planner-carve	timestamp.c timestamp_support/interval_support/generate_series_timestamp_support	[fn fc_generate_series_timestamp_support] planner support node walkers (SupportRequest*); planner-node carve per claim scope	p1-laney	pending
crates/backend/utils/adt/adt_timestamp/src/builtins.rs	1054	planner-carve	timestamp.c timestamp_support/interval_support/generate_series_timestamp_support	[fn fc_generate_series_timestamp_support] planner support node walkers (SupportRequest*); planner-node carve per claim scope	p1-laney	pending
crates/backend/utils/adt/adt_timestamp/src/builtins.rs	1055	planner-carve	timestamp.c timestamp_support/interval_support/generate_series_timestamp_support	[fn fc_generate_series_timestamp_support] planner support node walkers (SupportRequest*); planner-node carve per claim scope	p1-laney	pending
crates/backend/utils/adt/adt_timestamp/src/builtins.rs	1056	planner-carve	timestamp.c timestamp_support/interval_support/generate_series_timestamp_support	[fn fc_generate_series_timestamp_support] planner support node walkers (SupportRequest*); planner-node carve per claim scope	p1-laney	pending
crates/backend/utils/adt/adt_timestamp/src/builtins.rs	1058	planner-carve	timestamp.c timestamp_support/interval_support/generate_series_timestamp_support	[fn fc_generate_series_timestamp_support] planner support node walkers (SupportRequest*); planner-node carve per claim scope	p1-laney	pending
crates/backend/utils/adt/adt_timestamp/src/builtins.rs	1059	planner-carve	timestamp.c timestamp_support/interval_support/generate_series_timestamp_support	[fn fc_generate_series_timestamp_support] planner support node walkers (SupportRequest*); planner-node carve per claim scope	p1-laney	pending
crates/backend/utils/adt/adt_timestamp/src/builtins.rs	1060	planner-carve	timestamp.c timestamp_support/interval_support/generate_series_timestamp_support	[fn fc_generate_series_timestamp_support] planner support node walkers (SupportRequest*); planner-node carve per claim scope	p1-laney	pending
crates/backend/utils/adt/adt_timestamp/src/builtins.rs	1061	planner-carve	timestamp.c timestamp_support/interval_support/generate_series_timestamp_support	[fn fc_generate_series_timestamp_support] planner support node walkers (SupportRequest*); planner-node carve per claim scope	p1-laney	pending
crates/backend/utils/adt/adt_timestamp/src/builtins.rs	1062	planner-carve	timestamp.c timestamp_support/interval_support/generate_series_timestamp_support	[fn fc_generate_series_timestamp_support] planner support node walkers (SupportRequest*); planner-node carve per claim scope	p1-laney	pending
crates/backend/utils/adt/adt_timestamp/src/builtins.rs	1063	planner-carve	timestamp.c timestamp_support/interval_support/generate_series_timestamp_support	[fn fc_generate_series_timestamp_support] planner support node walkers (SupportRequest*); planner-node carve per claim scope	p1-laney	pending
crates/backend/utils/adt/adt_timestamp/src/builtins.rs	1065	planner-carve	timestamp.c timestamp_support/interval_support/generate_series_timestamp_support	[fn fc_generate_series_timestamp_support] planner support node walkers (SupportRequest*); planner-node carve per claim scope	p1-laney	pending
crates/backend/utils/adt/adt_timestamp/src/builtins.rs	1066	planner-carve	timestamp.c timestamp_support/interval_support/generate_series_timestamp_support	[fn fc_generate_series_timestamp_support] planner support node walkers (SupportRequest*); planner-node carve per claim scope	p1-laney	pending
crates/backend/utils/adt/adt_timestamp/src/builtins.rs	1069	planner-carve	timestamp.c timestamp_support/interval_support/generate_series_timestamp_support	[fn fc_generate_series_timestamp_support] planner support node walkers (SupportRequest*); planner-node carve per claim scope	p1-laney	pending
crates/backend/utils/adt/adt_timestamp/src/builtins.rs	1070	planner-carve	timestamp.c timestamp_support/interval_support/generate_series_timestamp_support	[fn fc_generate_series_timestamp_support] planner support node walkers (SupportRequest*); planner-node carve per claim scope	p1-laney	pending
crates/backend/utils/adt/adt_timestamp/src/builtins.rs	1072	planner-carve	timestamp.c timestamp_support/interval_support/generate_series_timestamp_support	[fn fc_generate_series_timestamp_support] planner support node walkers (SupportRequest*); planner-node carve per claim scope	p1-laney	pending
crates/backend/utils/adt/adt_timestamp/src/builtins.rs	1073	planner-carve	timestamp.c timestamp_support/interval_support/generate_series_timestamp_support	[fn fc_generate_series_timestamp_support] planner support node walkers (SupportRequest*); planner-node carve per claim scope	p1-laney	pending
crates/backend/utils/adt/adt_timestamp/src/builtins.rs	1074	planner-carve	timestamp.c timestamp_support/interval_support/generate_series_timestamp_support	[fn fc_generate_series_timestamp_support] planner support node walkers (SupportRequest*); planner-node carve per claim scope	p1-laney	pending
crates/backend/utils/adt/adt_timestamp/src/builtins.rs	1076	planner-carve	timestamp.c timestamp_support/interval_support/generate_series_timestamp_support	[fn fc_generate_series_timestamp_support] planner support node walkers (SupportRequest*); planner-node carve per claim scope	p1-laney	pending
crates/backend/utils/adt/adt_timestamp/src/builtins.rs	1077	planner-carve	timestamp.c timestamp_support/interval_support/generate_series_timestamp_support	[fn fc_generate_series_timestamp_support] planner support node walkers (SupportRequest*); planner-node carve per claim scope	p1-laney	pending
crates/backend/utils/adt/adt_timestamp/src/builtins.rs	1078	planner-carve	timestamp.c timestamp_support/interval_support/generate_series_timestamp_support	[fn fc_generate_series_timestamp_support] planner support node walkers (SupportRequest*); planner-node carve per claim scope	p1-laney	pending
crates/backend/utils/adt/adt_timestamp/src/builtins.rs	1080	planner-carve	timestamp.c timestamp_support/interval_support/generate_series_timestamp_support	[fn fc_generate_series_timestamp_support] planner support node walkers (SupportRequest*); planner-node carve per claim scope	p1-laney	pending
crates/backend/utils/adt/adt_timestamp/src/builtins.rs	1082	planner-carve	timestamp.c timestamp_support/interval_support/generate_series_timestamp_support	[fn fc_generate_series_timestamp_support] planner support node walkers (SupportRequest*); planner-node carve per claim scope	p1-laney	pending
crates/backend/utils/adt/adt_timestamp/src/builtins.rs	1083	planner-carve	timestamp.c timestamp_support/interval_support/generate_series_timestamp_support	[fn fc_generate_series_timestamp_support] planner support node walkers (SupportRequest*); planner-node carve per claim scope	p1-laney	pending
crates/backend/utils/adt/adt_timestamp/src/builtins.rs	1084	planner-carve	timestamp.c timestamp_support/interval_support/generate_series_timestamp_support	[fn fc_generate_series_timestamp_support] planner support node walkers (SupportRequest*); planner-node carve per claim scope	p1-laney	pending
crates/backend/utils/adt/adt_timestamp/src/builtins.rs	1085	planner-carve	timestamp.c timestamp_support/interval_support/generate_series_timestamp_support	[fn fc_generate_series_timestamp_support] planner support node walkers (SupportRequest*); planner-node carve per claim scope	p1-laney	pending
crates/backend/utils/adt/adt_timestamp/src/builtins.rs	1087	planner-carve	timestamp.c timestamp_support/interval_support/generate_series_timestamp_support	[fn fc_generate_series_timestamp_support] planner support node walkers (SupportRequest*); planner-node carve per claim scope	p1-laney	pending
crates/backend/utils/adt/adt_timestamp/src/builtins.rs	1088	planner-carve	timestamp.c timestamp_support/interval_support/generate_series_timestamp_support	[fn fc_generate_series_timestamp_support] planner support node walkers (SupportRequest*); planner-node carve per claim scope	p1-laney	pending
crates/backend/utils/adt/adt_timestamp/src/builtins.rs	1089	planner-carve	timestamp.c timestamp_support/interval_support/generate_series_timestamp_support	[fn fc_generate_series_timestamp_support] planner support node walkers (SupportRequest*); planner-node carve per claim scope	p1-laney	pending
crates/backend/utils/adt/adt_timestamp/src/builtins.rs	1099	proof-covered-unmeasured	timestamp.c in_range_timestamp_interval	[fn fc_in_range_timestamp_interval] proved ledger row(s) 4134 cover the wrapper full-domain; no per-crate kanicov re-run (campaign rule) so lines carry as proof-covered-unmeasured until the tree-wide kani join	p1-laney	pending
crates/backend/utils/adt/adt_timestamp/src/builtins.rs	1100	proof-covered-unmeasured	timestamp.c in_range_timestamp_interval	[fn fc_in_range_timestamp_interval] proved ledger row(s) 4134 cover the wrapper full-domain; no per-crate kanicov re-run (campaign rule) so lines carry as proof-covered-unmeasured until the tree-wide kani join	p1-laney	pending
crates/backend/utils/adt/adt_timestamp/src/builtins.rs	1101	proof-covered-unmeasured	timestamp.c in_range_timestamp_interval	[fn fc_in_range_timestamp_interval] proved ledger row(s) 4134 cover the wrapper full-domain; no per-crate kanicov re-run (campaign rule) so lines carry as proof-covered-unmeasured until the tree-wide kani join	p1-laney	pending
crates/backend/utils/adt/adt_timestamp/src/builtins.rs	1102	proof-covered-unmeasured	timestamp.c in_range_timestamp_interval	[fn fc_in_range_timestamp_interval] proved ledger row(s) 4134 cover the wrapper full-domain; no per-crate kanicov re-run (campaign rule) so lines carry as proof-covered-unmeasured until the tree-wide kani join	p1-laney	pending
crates/backend/utils/adt/adt_timestamp/src/builtins.rs	1103	proof-covered-unmeasured	timestamp.c in_range_timestamp_interval	[fn fc_in_range_timestamp_interval] proved ledger row(s) 4134 cover the wrapper full-domain; no per-crate kanicov re-run (campaign rule) so lines carry as proof-covered-unmeasured until the tree-wide kani join	p1-laney	pending
crates/backend/utils/adt/adt_timestamp/src/builtins.rs	1104	proof-covered-unmeasured	timestamp.c in_range_timestamp_interval	[fn fc_in_range_timestamp_interval] proved ledger row(s) 4134 cover the wrapper full-domain; no per-crate kanicov re-run (campaign rule) so lines carry as proof-covered-unmeasured until the tree-wide kani join	p1-laney	pending
crates/backend/utils/adt/adt_timestamp/src/builtins.rs	1105	proof-covered-unmeasured	timestamp.c in_range_timestamp_interval	[fn fc_in_range_timestamp_interval] proved ledger row(s) 4134 cover the wrapper full-domain; no per-crate kanicov re-run (campaign rule) so lines carry as proof-covered-unmeasured until the tree-wide kani join	p1-laney	pending
crates/backend/utils/adt/adt_timestamp/src/builtins.rs	1106	proof-covered-unmeasured	timestamp.c in_range_timestamp_interval	[fn fc_in_range_timestamp_interval] proved ledger row(s) 4134 cover the wrapper full-domain; no per-crate kanicov re-run (campaign rule) so lines carry as proof-covered-unmeasured until the tree-wide kani join	p1-laney	pending
crates/backend/utils/adt/adt_timestamp/src/builtins.rs	1107	proof-covered-unmeasured	timestamp.c in_range_timestamp_interval	[fn fc_in_range_timestamp_interval] proved ledger row(s) 4134 cover the wrapper full-domain; no per-crate kanicov re-run (campaign rule) so lines carry as proof-covered-unmeasured until the tree-wide kani join	p1-laney	pending
crates/backend/utils/adt/adt_timestamp/src/builtins.rs	1108	proof-covered-unmeasured	timestamp.c in_range_timestamp_interval	[fn fc_in_range_timestamp_interval] proved ledger row(s) 4134 cover the wrapper full-domain; no per-crate kanicov re-run (campaign rule) so lines carry as proof-covered-unmeasured until the tree-wide kani join	p1-laney	pending
crates/backend/utils/adt/adt_timestamp/src/builtins.rs	1109	proof-covered-unmeasured	timestamp.c in_range_timestamp_interval	[fn fc_in_range_timestamp_interval] proved ledger row(s) 4134 cover the wrapper full-domain; no per-crate kanicov re-run (campaign rule) so lines carry as proof-covered-unmeasured until the tree-wide kani join	p1-laney	pending
crates/backend/utils/adt/adt_timestamp/src/builtins.rs	1110	proof-covered-unmeasured	timestamp.c in_range_timestamp_interval	[fn fc_in_range_timestamp_interval] proved ledger row(s) 4134 cover the wrapper full-domain; no per-crate kanicov re-run (campaign rule) so lines carry as proof-covered-unmeasured until the tree-wide kani join	p1-laney	pending
crates/backend/utils/adt/adt_timestamp/src/builtins.rs	1113	proof-covered-unmeasured	timestamp.c in_range_timestamptz_interval	[fn fc_in_range_timestamptz_interval] proved ledger row(s) 4135 cover the wrapper full-domain; no per-crate kanicov re-run (campaign rule) so lines carry as proof-covered-unmeasured until the tree-wide kani join	p1-laney	pending
crates/backend/utils/adt/adt_timestamp/src/builtins.rs	1114	proof-covered-unmeasured	timestamp.c in_range_timestamptz_interval	[fn fc_in_range_timestamptz_interval] proved ledger row(s) 4135 cover the wrapper full-domain; no per-crate kanicov re-run (campaign rule) so lines carry as proof-covered-unmeasured until the tree-wide kani join	p1-laney	pending
crates/backend/utils/adt/adt_timestamp/src/builtins.rs	1115	proof-covered-unmeasured	timestamp.c in_range_timestamptz_interval	[fn fc_in_range_timestamptz_interval] proved ledger row(s) 4135 cover the wrapper full-domain; no per-crate kanicov re-run (campaign rule) so lines carry as proof-covered-unmeasured until the tree-wide kani join	p1-laney	pending
crates/backend/utils/adt/adt_timestamp/src/builtins.rs	1116	proof-covered-unmeasured	timestamp.c in_range_timestamptz_interval	[fn fc_in_range_timestamptz_interval] proved ledger row(s) 4135 cover the wrapper full-domain; no per-crate kanicov re-run (campaign rule) so lines carry as proof-covered-unmeasured until the tree-wide kani join	p1-laney	pending
crates/backend/utils/adt/adt_timestamp/src/builtins.rs	1117	proof-covered-unmeasured	timestamp.c in_range_timestamptz_interval	[fn fc_in_range_timestamptz_interval] proved ledger row(s) 4135 cover the wrapper full-domain; no per-crate kanicov re-run (campaign rule) so lines carry as proof-covered-unmeasured until the tree-wide kani join	p1-laney	pending
crates/backend/utils/adt/adt_timestamp/src/builtins.rs	1118	proof-covered-unmeasured	timestamp.c in_range_timestamptz_interval	[fn fc_in_range_timestamptz_interval] proved ledger row(s) 4135 cover the wrapper full-domain; no per-crate kanicov re-run (campaign rule) so lines carry as proof-covered-unmeasured until the tree-wide kani join	p1-laney	pending
crates/backend/utils/adt/adt_timestamp/src/builtins.rs	1119	proof-covered-unmeasured	timestamp.c in_range_timestamptz_interval	[fn fc_in_range_timestamptz_interval] proved ledger row(s) 4135 cover the wrapper full-domain; no per-crate kanicov re-run (campaign rule) so lines carry as proof-covered-unmeasured until the tree-wide kani join	p1-laney	pending
crates/backend/utils/adt/adt_timestamp/src/builtins.rs	1120	proof-covered-unmeasured	timestamp.c in_range_timestamptz_interval	[fn fc_in_range_timestamptz_interval] proved ledger row(s) 4135 cover the wrapper full-domain; no per-crate kanicov re-run (campaign rule) so lines carry as proof-covered-unmeasured until the tree-wide kani join	p1-laney	pending
crates/backend/utils/adt/adt_timestamp/src/builtins.rs	1121	proof-covered-unmeasured	timestamp.c in_range_timestamptz_interval	[fn fc_in_range_timestamptz_interval] proved ledger row(s) 4135 cover the wrapper full-domain; no per-crate kanicov re-run (campaign rule) so lines carry as proof-covered-unmeasured until the tree-wide kani join	p1-laney	pending
crates/backend/utils/adt/adt_timestamp/src/builtins.rs	1122	proof-covered-unmeasured	timestamp.c in_range_timestamptz_interval	[fn fc_in_range_timestamptz_interval] proved ledger row(s) 4135 cover the wrapper full-domain; no per-crate kanicov re-run (campaign rule) so lines carry as proof-covered-unmeasured until the tree-wide kani join	p1-laney	pending
crates/backend/utils/adt/adt_timestamp/src/builtins.rs	1123	proof-covered-unmeasured	timestamp.c in_range_timestamptz_interval	[fn fc_in_range_timestamptz_interval] proved ledger row(s) 4135 cover the wrapper full-domain; no per-crate kanicov re-run (campaign rule) so lines carry as proof-covered-unmeasured until the tree-wide kani join	p1-laney	pending
crates/backend/utils/adt/adt_timestamp/src/builtins.rs	1124	proof-covered-unmeasured	timestamp.c in_range_timestamptz_interval	[fn fc_in_range_timestamptz_interval] proved ledger row(s) 4135 cover the wrapper full-domain; no per-crate kanicov re-run (campaign rule) so lines carry as proof-covered-unmeasured until the tree-wide kani join	p1-laney	pending
crates/backend/utils/adt/adt_timestamp/src/builtins.rs	1127	proof-covered-unmeasured	timestamp.c in_range_interval_interval	[fn fc_in_range_interval_interval] proved ledger row(s) 4136 cover the wrapper full-domain; no per-crate kanicov re-run (campaign rule) so lines carry as proof-covered-unmeasured until the tree-wide kani join	p1-laney	pending
crates/backend/utils/adt/adt_timestamp/src/builtins.rs	1128	proof-covered-unmeasured	timestamp.c in_range_interval_interval	[fn fc_in_range_interval_interval] proved ledger row(s) 4136 cover the wrapper full-domain; no per-crate kanicov re-run (campaign rule) so lines carry as proof-covered-unmeasured until the tree-wide kani join	p1-laney	pending
crates/backend/utils/adt/adt_timestamp/src/builtins.rs	1129	proof-covered-unmeasured	timestamp.c in_range_interval_interval	[fn fc_in_range_interval_interval] proved ledger row(s) 4136 cover the wrapper full-domain; no per-crate kanicov re-run (campaign rule) so lines carry as proof-covered-unmeasured until the tree-wide kani join	p1-laney	pending
crates/backend/utils/adt/adt_timestamp/src/builtins.rs	1130	proof-covered-unmeasured	timestamp.c in_range_interval_interval	[fn fc_in_range_interval_interval] proved ledger row(s) 4136 cover the wrapper full-domain; no per-crate kanicov re-run (campaign rule) so lines carry as proof-covered-unmeasured until the tree-wide kani join	p1-laney	pending
crates/backend/utils/adt/adt_timestamp/src/builtins.rs	1131	proof-covered-unmeasured	timestamp.c in_range_interval_interval	[fn fc_in_range_interval_interval] proved ledger row(s) 4136 cover the wrapper full-domain; no per-crate kanicov re-run (campaign rule) so lines carry as proof-covered-unmeasured until the tree-wide kani join	p1-laney	pending
crates/backend/utils/adt/adt_timestamp/src/builtins.rs	1132	proof-covered-unmeasured	timestamp.c in_range_interval_interval	[fn fc_in_range_interval_interval] proved ledger row(s) 4136 cover the wrapper full-domain; no per-crate kanicov re-run (campaign rule) so lines carry as proof-covered-unmeasured until the tree-wide kani join	p1-laney	pending
crates/backend/utils/adt/adt_timestamp/src/builtins.rs	1133	proof-covered-unmeasured	timestamp.c in_range_interval_interval	[fn fc_in_range_interval_interval] proved ledger row(s) 4136 cover the wrapper full-domain; no per-crate kanicov re-run (campaign rule) so lines carry as proof-covered-unmeasured until the tree-wide kani join	p1-laney	pending
crates/backend/utils/adt/adt_timestamp/src/builtins.rs	1134	proof-covered-unmeasured	timestamp.c in_range_interval_interval	[fn fc_in_range_interval_interval] proved ledger row(s) 4136 cover the wrapper full-domain; no per-crate kanicov re-run (campaign rule) so lines carry as proof-covered-unmeasured until the tree-wide kani join	p1-laney	pending
crates/backend/utils/adt/adt_timestamp/src/builtins.rs	1135	proof-covered-unmeasured	timestamp.c in_range_interval_interval	[fn fc_in_range_interval_interval] proved ledger row(s) 4136 cover the wrapper full-domain; no per-crate kanicov re-run (campaign rule) so lines carry as proof-covered-unmeasured until the tree-wide kani join	p1-laney	pending
crates/backend/utils/adt/adt_timestamp/src/builtins.rs	1136	proof-covered-unmeasured	timestamp.c in_range_interval_interval	[fn fc_in_range_interval_interval] proved ledger row(s) 4136 cover the wrapper full-domain; no per-crate kanicov re-run (campaign rule) so lines carry as proof-covered-unmeasured until the tree-wide kani join	p1-laney	pending
crates/backend/utils/adt/adt_timestamp/src/builtins.rs	1137	proof-covered-unmeasured	timestamp.c in_range_interval_interval	[fn fc_in_range_interval_interval] proved ledger row(s) 4136 cover the wrapper full-domain; no per-crate kanicov re-run (campaign rule) so lines carry as proof-covered-unmeasured until the tree-wide kani join	p1-laney	pending
crates/backend/utils/adt/adt_timestamp/src/builtins.rs	1138	proof-covered-unmeasured	timestamp.c in_range_interval_interval	[fn fc_in_range_interval_interval] proved ledger row(s) 4136 cover the wrapper full-domain; no per-crate kanicov re-run (campaign rule) so lines carry as proof-covered-unmeasured until the tree-wide kani join	p1-laney	pending
crates/backend/utils/adt/adt_timestamp/src/builtins.rs	1139	proof-covered-unmeasured	timestamp.c in_range_interval_interval	[fn fc_in_range_interval_interval] proved ledger row(s) 4136 cover the wrapper full-domain; no per-crate kanicov re-run (campaign rule) so lines carry as proof-covered-unmeasured until the tree-wide kani join	p1-laney	pending
crates/backend/utils/adt/adt_timestamp/src/builtins.rs	1140	proof-covered-unmeasured	timestamp.c in_range_interval_interval	[fn fc_in_range_interval_interval] proved ledger row(s) 4136 cover the wrapper full-domain; no per-crate kanicov re-run (campaign rule) so lines carry as proof-covered-unmeasured until the tree-wide kani join	p1-laney	pending
crates/backend/utils/adt/adt_timestamp/src/builtins.rs	1145	srf-carve	timestamp.c generate_series_timestamp/pg_timezone_names/pg_timezone_abbrevs	[fn fc_pg_timezone_names] SRF machinery (MaterializedSRF/tuplestore result builders); generate_series + pg_timezone_* carved per claim scope (SRF + tz database)	p1-laney	pending
crates/backend/utils/adt/adt_timestamp/src/builtins.rs	1146	srf-carve	timestamp.c generate_series_timestamp/pg_timezone_names/pg_timezone_abbrevs	[fn fc_pg_timezone_names] SRF machinery (MaterializedSRF/tuplestore result builders); generate_series + pg_timezone_* carved per claim scope (SRF + tz database)	p1-laney	pending
crates/backend/utils/adt/adt_timestamp/src/builtins.rs	1147	srf-carve	timestamp.c generate_series_timestamp/pg_timezone_names/pg_timezone_abbrevs	[fn fc_pg_timezone_names] SRF machinery (MaterializedSRF/tuplestore result builders); generate_series + pg_timezone_* carved per claim scope (SRF + tz database)	p1-laney	pending
crates/backend/utils/adt/adt_timestamp/src/builtins.rs	1148	srf-carve	timestamp.c generate_series_timestamp/pg_timezone_names/pg_timezone_abbrevs	[fn fc_pg_timezone_names] SRF machinery (MaterializedSRF/tuplestore result builders); generate_series + pg_timezone_* carved per claim scope (SRF + tz database)	p1-laney	pending
crates/backend/utils/adt/adt_timestamp/src/builtins.rs	1153	srf-carve	timestamp.c generate_series_timestamp/pg_timezone_names/pg_timezone_abbrevs	[fn text_image] SRF machinery (MaterializedSRF/tuplestore result builders); generate_series + pg_timezone_* carved per claim scope (SRF + tz database)	p1-laney	pending
crates/backend/utils/adt/adt_timestamp/src/builtins.rs	1154	srf-carve	timestamp.c generate_series_timestamp/pg_timezone_names/pg_timezone_abbrevs	[fn text_image] SRF machinery (MaterializedSRF/tuplestore result builders); generate_series + pg_timezone_* carved per claim scope (SRF + tz database)	p1-laney	pending
crates/backend/utils/adt/adt_timestamp/src/builtins.rs	1155	srf-carve	timestamp.c generate_series_timestamp/pg_timezone_names/pg_timezone_abbrevs	[fn text_image] SRF machinery (MaterializedSRF/tuplestore result builders); generate_series + pg_timezone_* carved per claim scope (SRF + tz database)	p1-laney	pending
crates/backend/utils/adt/adt_timestamp/src/builtins.rs	1156	srf-carve	timestamp.c generate_series_timestamp/pg_timezone_names/pg_timezone_abbrevs	[fn text_image] SRF machinery (MaterializedSRF/tuplestore result builders); generate_series + pg_timezone_* carved per claim scope (SRF + tz database)	p1-laney	pending
crates/backend/utils/adt/adt_timestamp/src/builtins.rs	1157	srf-carve	timestamp.c generate_series_timestamp/pg_timezone_names/pg_timezone_abbrevs	[fn text_image] SRF machinery (MaterializedSRF/tuplestore result builders); generate_series + pg_timezone_* carved per claim scope (SRF + tz database)	p1-laney	pending
crates/backend/utils/adt/adt_timestamp/src/builtins.rs	1160	srf-carve	timestamp.c generate_series_timestamp/pg_timezone_names/pg_timezone_abbrevs	[fn text_image] SRF machinery (MaterializedSRF/tuplestore result builders); generate_series + pg_timezone_* carved per claim scope (SRF + tz database)	p1-laney	pending
crates/backend/utils/adt/adt_timestamp/src/builtins.rs	1162	srf-carve	timestamp.c generate_series_timestamp/pg_timezone_names/pg_timezone_abbrevs	[fn text_image] SRF machinery (MaterializedSRF/tuplestore result builders); generate_series + pg_timezone_* carved per claim scope (SRF + tz database)	p1-laney	pending
crates/backend/utils/adt/adt_timestamp/src/builtins.rs	1163	srf-carve	timestamp.c generate_series_timestamp/pg_timezone_names/pg_timezone_abbrevs	[fn text_image] SRF machinery (MaterializedSRF/tuplestore result builders); generate_series + pg_timezone_* carved per claim scope (SRF + tz database)	p1-laney	pending
crates/backend/utils/adt/adt_timestamp/src/builtins.rs	1165	srf-carve	timestamp.c generate_series_timestamp/pg_timezone_names/pg_timezone_abbrevs	[fn text_image] SRF machinery (MaterializedSRF/tuplestore result builders); generate_series + pg_timezone_* carved per claim scope (SRF + tz database)	p1-laney	pending
crates/backend/utils/adt/adt_timestamp/src/builtins.rs	1170	srf-carve	timestamp.c generate_series_timestamp/pg_timezone_names/pg_timezone_abbrevs	[fn text_image] SRF machinery (MaterializedSRF/tuplestore result builders); generate_series + pg_timezone_* carved per claim scope (SRF + tz database)	p1-laney	pending
crates/backend/utils/adt/adt_timestamp/src/builtins.rs	1171	srf-carve	timestamp.c generate_series_timestamp/pg_timezone_names/pg_timezone_abbrevs	[fn text_image] SRF machinery (MaterializedSRF/tuplestore result builders); generate_series + pg_timezone_* carved per claim scope (SRF + tz database)	p1-laney	pending
crates/backend/utils/adt/adt_timestamp/src/builtins.rs	1172	srf-carve	timestamp.c generate_series_timestamp/pg_timezone_names/pg_timezone_abbrevs	[fn text_image] SRF machinery (MaterializedSRF/tuplestore result builders); generate_series + pg_timezone_* carved per claim scope (SRF + tz database)	p1-laney	pending
crates/backend/utils/adt/adt_timestamp/src/builtins.rs	1174	srf-carve	timestamp.c generate_series_timestamp/pg_timezone_names/pg_timezone_abbrevs	[fn text_image] SRF machinery (MaterializedSRF/tuplestore result builders); generate_series + pg_timezone_* carved per claim scope (SRF + tz database)	p1-laney	pending
crates/backend/utils/adt/adt_timestamp/src/builtins.rs	1176	srf-carve	timestamp.c generate_series_timestamp/pg_timezone_names/pg_timezone_abbrevs	[fn text_image] SRF machinery (MaterializedSRF/tuplestore result builders); generate_series + pg_timezone_* carved per claim scope (SRF + tz database)	p1-laney	pending
crates/backend/utils/adt/adt_timestamp/src/builtins.rs	1177	srf-carve	timestamp.c generate_series_timestamp/pg_timezone_names/pg_timezone_abbrevs	[fn text_image] SRF machinery (MaterializedSRF/tuplestore result builders); generate_series + pg_timezone_* carved per claim scope (SRF + tz database)	p1-laney	pending
crates/backend/utils/adt/adt_timestamp/src/builtins.rs	1178	srf-carve	timestamp.c generate_series_timestamp/pg_timezone_names/pg_timezone_abbrevs	[fn text_image] SRF machinery (MaterializedSRF/tuplestore result builders); generate_series + pg_timezone_* carved per claim scope (SRF + tz database)	p1-laney	pending
crates/backend/utils/adt/adt_timestamp/src/builtins.rs	1180	srf-carve	timestamp.c generate_series_timestamp/pg_timezone_names/pg_timezone_abbrevs	[fn text_image] SRF machinery (MaterializedSRF/tuplestore result builders); generate_series + pg_timezone_* carved per claim scope (SRF + tz database)	p1-laney	pending
crates/backend/utils/adt/adt_timestamp/src/builtins.rs	1181	srf-carve	timestamp.c generate_series_timestamp/pg_timezone_names/pg_timezone_abbrevs	[fn text_image] SRF machinery (MaterializedSRF/tuplestore result builders); generate_series + pg_timezone_* carved per claim scope (SRF + tz database)	p1-laney	pending
crates/backend/utils/adt/adt_timestamp/src/builtins.rs	1183	srf-carve	timestamp.c generate_series_timestamp/pg_timezone_names/pg_timezone_abbrevs	[fn text_image] SRF machinery (MaterializedSRF/tuplestore result builders); generate_series + pg_timezone_* carved per claim scope (SRF + tz database)	p1-laney	pending
crates/backend/utils/adt/adt_timestamp/src/builtins.rs	1186	srf-carve	timestamp.c generate_series_timestamp/pg_timezone_names/pg_timezone_abbrevs	[fn text_image] SRF machinery (MaterializedSRF/tuplestore result builders); generate_series + pg_timezone_* carved per claim scope (SRF + tz database)	p1-laney	pending
crates/backend/utils/adt/adt_timestamp/src/builtins.rs	1187	srf-carve	timestamp.c generate_series_timestamp/pg_timezone_names/pg_timezone_abbrevs	[fn text_image] SRF machinery (MaterializedSRF/tuplestore result builders); generate_series + pg_timezone_* carved per claim scope (SRF + tz database)	p1-laney	pending
crates/backend/utils/adt/adt_timestamp/src/builtins.rs	1190	srf-carve	timestamp.c generate_series_timestamp/pg_timezone_names/pg_timezone_abbrevs	[fn text_image] SRF machinery (MaterializedSRF/tuplestore result builders); generate_series + pg_timezone_* carved per claim scope (SRF + tz database)	p1-laney	pending
crates/backend/utils/adt/adt_timestamp/src/builtins.rs	1191	srf-carve	timestamp.c generate_series_timestamp/pg_timezone_names/pg_timezone_abbrevs	[fn text_image] SRF machinery (MaterializedSRF/tuplestore result builders); generate_series + pg_timezone_* carved per claim scope (SRF + tz database)	p1-laney	pending
crates/backend/utils/adt/adt_timestamp/src/builtins.rs	1192	srf-carve	timestamp.c generate_series_timestamp/pg_timezone_names/pg_timezone_abbrevs	[fn text_image] SRF machinery (MaterializedSRF/tuplestore result builders); generate_series + pg_timezone_* carved per claim scope (SRF + tz database)	p1-laney	pending
crates/backend/utils/adt/adt_timestamp/src/builtins.rs	1193	srf-carve	timestamp.c generate_series_timestamp/pg_timezone_names/pg_timezone_abbrevs	[fn text_image] SRF machinery (MaterializedSRF/tuplestore result builders); generate_series + pg_timezone_* carved per claim scope (SRF + tz database)	p1-laney	pending
crates/backend/utils/adt/adt_timestamp/src/builtins.rs	1197	srf-carve	timestamp.c generate_series_timestamp/pg_timezone_names/pg_timezone_abbrevs	[fn text_image] SRF machinery (MaterializedSRF/tuplestore result builders); generate_series + pg_timezone_* carved per claim scope (SRF + tz database)	p1-laney	pending
crates/backend/utils/adt/adt_timestamp/src/builtins.rs	1198	srf-carve	timestamp.c generate_series_timestamp/pg_timezone_names/pg_timezone_abbrevs	[fn text_image] SRF machinery (MaterializedSRF/tuplestore result builders); generate_series + pg_timezone_* carved per claim scope (SRF + tz database)	p1-laney	pending
crates/backend/utils/adt/adt_timestamp/src/builtins.rs	1199	srf-carve	timestamp.c generate_series_timestamp/pg_timezone_names/pg_timezone_abbrevs	[fn text_image] SRF machinery (MaterializedSRF/tuplestore result builders); generate_series + pg_timezone_* carved per claim scope (SRF + tz database)	p1-laney	pending
crates/backend/utils/adt/adt_timestamp/src/builtins.rs	1200	srf-carve	timestamp.c generate_series_timestamp/pg_timezone_names/pg_timezone_abbrevs	[fn text_image] SRF machinery (MaterializedSRF/tuplestore result builders); generate_series + pg_timezone_* carved per claim scope (SRF + tz database)	p1-laney	pending
crates/backend/utils/adt/adt_timestamp/src/builtins.rs	1201	srf-carve	timestamp.c generate_series_timestamp/pg_timezone_names/pg_timezone_abbrevs	[fn text_image] SRF machinery (MaterializedSRF/tuplestore result builders); generate_series + pg_timezone_* carved per claim scope (SRF + tz database)	p1-laney	pending
crates/backend/utils/adt/adt_timestamp/src/builtins.rs	1203	srf-carve	timestamp.c generate_series_timestamp/pg_timezone_names/pg_timezone_abbrevs	[fn text_image] SRF machinery (MaterializedSRF/tuplestore result builders); generate_series + pg_timezone_* carved per claim scope (SRF + tz database)	p1-laney	pending
crates/backend/utils/adt/adt_timestamp/src/builtins.rs	1205	srf-carve	timestamp.c generate_series_timestamp/pg_timezone_names/pg_timezone_abbrevs	[fn text_image] SRF machinery (MaterializedSRF/tuplestore result builders); generate_series + pg_timezone_* carved per claim scope (SRF + tz database)	p1-laney	pending
crates/backend/utils/adt/adt_timestamp/src/builtins.rs	1206	srf-carve	timestamp.c generate_series_timestamp/pg_timezone_names/pg_timezone_abbrevs	[fn text_image] SRF machinery (MaterializedSRF/tuplestore result builders); generate_series + pg_timezone_* carved per claim scope (SRF + tz database)	p1-laney	pending
crates/backend/utils/adt/adt_timestamp/src/builtins.rs	1207	srf-carve	timestamp.c generate_series_timestamp/pg_timezone_names/pg_timezone_abbrevs	[fn text_image] SRF machinery (MaterializedSRF/tuplestore result builders); generate_series + pg_timezone_* carved per claim scope (SRF + tz database)	p1-laney	pending
crates/backend/utils/adt/adt_timestamp/src/builtins.rs	1208	srf-carve	timestamp.c generate_series_timestamp/pg_timezone_names/pg_timezone_abbrevs	[fn text_image] SRF machinery (MaterializedSRF/tuplestore result builders); generate_series + pg_timezone_* carved per claim scope (SRF + tz database)	p1-laney	pending
crates/backend/utils/adt/adt_timestamp/src/builtins.rs	1209	srf-carve	timestamp.c generate_series_timestamp/pg_timezone_names/pg_timezone_abbrevs	[fn text_image] SRF machinery (MaterializedSRF/tuplestore result builders); generate_series + pg_timezone_* carved per claim scope (SRF + tz database)	p1-laney	pending
crates/backend/utils/adt/adt_timestamp/src/builtins.rs	1210	srf-carve	timestamp.c generate_series_timestamp/pg_timezone_names/pg_timezone_abbrevs	[fn text_image] SRF machinery (MaterializedSRF/tuplestore result builders); generate_series + pg_timezone_* carved per claim scope (SRF + tz database)	p1-laney	pending
crates/backend/utils/adt/adt_timestamp/src/builtins.rs	1212	srf-carve	timestamp.c generate_series_timestamp/pg_timezone_names/pg_timezone_abbrevs	[fn text_image] SRF machinery (MaterializedSRF/tuplestore result builders); generate_series + pg_timezone_* carved per claim scope (SRF + tz database)	p1-laney	pending
crates/backend/utils/adt/adt_timestamp/src/builtins.rs	1213	srf-carve	timestamp.c generate_series_timestamp/pg_timezone_names/pg_timezone_abbrevs	[fn text_image] SRF machinery (MaterializedSRF/tuplestore result builders); generate_series + pg_timezone_* carved per claim scope (SRF + tz database)	p1-laney	pending
crates/backend/utils/adt/adt_timestamp/src/builtins.rs	1214	srf-carve	timestamp.c generate_series_timestamp/pg_timezone_names/pg_timezone_abbrevs	[fn text_image] SRF machinery (MaterializedSRF/tuplestore result builders); generate_series + pg_timezone_* carved per claim scope (SRF + tz database)	p1-laney	pending
crates/backend/utils/adt/adt_timestamp/src/builtins.rs	1215	srf-carve	timestamp.c generate_series_timestamp/pg_timezone_names/pg_timezone_abbrevs	[fn text_image] SRF machinery (MaterializedSRF/tuplestore result builders); generate_series + pg_timezone_* carved per claim scope (SRF + tz database)	p1-laney	pending
crates/backend/utils/adt/adt_timestamp/src/builtins.rs	1216	srf-carve	timestamp.c generate_series_timestamp/pg_timezone_names/pg_timezone_abbrevs	[fn text_image] SRF machinery (MaterializedSRF/tuplestore result builders); generate_series + pg_timezone_* carved per claim scope (SRF + tz database)	p1-laney	pending
crates/backend/utils/adt/adt_timestamp/src/builtins.rs	1218	srf-carve	timestamp.c generate_series_timestamp/pg_timezone_names/pg_timezone_abbrevs	[fn text_image] SRF machinery (MaterializedSRF/tuplestore result builders); generate_series + pg_timezone_* carved per claim scope (SRF + tz database)	p1-laney	pending
crates/backend/utils/adt/adt_timestamp/src/builtins.rs	1220	srf-carve	timestamp.c generate_series_timestamp/pg_timezone_names/pg_timezone_abbrevs	[fn text_image] SRF machinery (MaterializedSRF/tuplestore result builders); generate_series + pg_timezone_* carved per claim scope (SRF + tz database)	p1-laney	pending
crates/backend/utils/adt/adt_timestamp/src/builtins.rs	1222	srf-carve	timestamp.c generate_series_timestamp/pg_timezone_names/pg_timezone_abbrevs	[fn text_image] SRF machinery (MaterializedSRF/tuplestore result builders); generate_series + pg_timezone_* carved per claim scope (SRF + tz database)	p1-laney	pending
crates/backend/utils/adt/adt_timestamp/src/builtins.rs	1225	srf-carve	timestamp.c generate_series_timestamp/pg_timezone_names/pg_timezone_abbrevs	[fn tz_abbrev_text_image] SRF machinery (MaterializedSRF/tuplestore result builders); generate_series + pg_timezone_* carved per claim scope (SRF + tz database)	p1-laney	pending
crates/backend/utils/adt/adt_timestamp/src/builtins.rs	1226	srf-carve	timestamp.c generate_series_timestamp/pg_timezone_names/pg_timezone_abbrevs	[fn tz_abbrev_text_image] SRF machinery (MaterializedSRF/tuplestore result builders); generate_series + pg_timezone_* carved per claim scope (SRF + tz database)	p1-laney	pending
crates/backend/utils/adt/adt_timestamp/src/builtins.rs	1227	srf-carve	timestamp.c generate_series_timestamp/pg_timezone_names/pg_timezone_abbrevs	[fn tz_abbrev_text_image] SRF machinery (MaterializedSRF/tuplestore result builders); generate_series + pg_timezone_* carved per claim scope (SRF + tz database)	p1-laney	pending
crates/backend/utils/adt/adt_timestamp/src/builtins.rs	1228	srf-carve	timestamp.c generate_series_timestamp/pg_timezone_names/pg_timezone_abbrevs	[fn tz_abbrev_text_image] SRF machinery (MaterializedSRF/tuplestore result builders); generate_series + pg_timezone_* carved per claim scope (SRF + tz database)	p1-laney	pending
crates/backend/utils/adt/adt_timestamp/src/builtins.rs	1229	srf-carve	timestamp.c generate_series_timestamp/pg_timezone_names/pg_timezone_abbrevs	[fn tz_abbrev_text_image] SRF machinery (MaterializedSRF/tuplestore result builders); generate_series + pg_timezone_* carved per claim scope (SRF + tz database)	p1-laney	pending
crates/backend/utils/adt/adt_timestamp/src/builtins.rs	1233	srf-carve	timestamp.c generate_series_timestamp/pg_timezone_names/pg_timezone_abbrevs	[fn tz_abbrev_interval_image] SRF machinery (MaterializedSRF/tuplestore result builders); generate_series + pg_timezone_* carved per claim scope (SRF + tz database)	p1-laney	pending
crates/backend/utils/adt/adt_timestamp/src/builtins.rs	1235	srf-carve	timestamp.c generate_series_timestamp/pg_timezone_names/pg_timezone_abbrevs	[fn tz_abbrev_interval_image] SRF machinery (MaterializedSRF/tuplestore result builders); generate_series + pg_timezone_* carved per claim scope (SRF + tz database)	p1-laney	pending
crates/backend/utils/adt/adt_timestamp/src/builtins.rs	1236	srf-carve	timestamp.c generate_series_timestamp/pg_timezone_names/pg_timezone_abbrevs	[fn tz_abbrev_interval_image] SRF machinery (MaterializedSRF/tuplestore result builders); generate_series + pg_timezone_* carved per claim scope (SRF + tz database)	p1-laney	pending
crates/backend/utils/adt/adt_timestamp/src/builtins.rs	1237	srf-carve	timestamp.c generate_series_timestamp/pg_timezone_names/pg_timezone_abbrevs	[fn tz_abbrev_interval_image] SRF machinery (MaterializedSRF/tuplestore result builders); generate_series + pg_timezone_* carved per claim scope (SRF + tz database)	p1-laney	pending
crates/backend/utils/adt/adt_timestamp/src/builtins.rs	1238	srf-carve	timestamp.c generate_series_timestamp/pg_timezone_names/pg_timezone_abbrevs	[fn tz_abbrev_interval_image] SRF machinery (MaterializedSRF/tuplestore result builders); generate_series + pg_timezone_* carved per claim scope (SRF + tz database)	p1-laney	pending
crates/backend/utils/adt/adt_timestamp/src/builtins.rs	1239	srf-carve	timestamp.c generate_series_timestamp/pg_timezone_names/pg_timezone_abbrevs	[fn tz_abbrev_interval_image] SRF machinery (MaterializedSRF/tuplestore result builders); generate_series + pg_timezone_* carved per claim scope (SRF + tz database)	p1-laney	pending
crates/backend/utils/adt/adt_timestamp/src/builtins.rs	1241	srf-carve	timestamp.c generate_series_timestamp/pg_timezone_names/pg_timezone_abbrevs	[fn tz_abbrev_interval_image] SRF machinery (MaterializedSRF/tuplestore result builders); generate_series + pg_timezone_* carved per claim scope (SRF + tz database)	p1-laney	pending
crates/backend/utils/adt/adt_timestamp/src/builtins.rs	1242	srf-carve	timestamp.c generate_series_timestamp/pg_timezone_names/pg_timezone_abbrevs	[fn tz_abbrev_interval_image] SRF machinery (MaterializedSRF/tuplestore result builders); generate_series + pg_timezone_* carved per claim scope (SRF + tz database)	p1-laney	pending
crates/backend/utils/adt/adt_timestamp/src/builtins.rs	1243	srf-carve	timestamp.c generate_series_timestamp/pg_timezone_names/pg_timezone_abbrevs	[fn tz_abbrev_interval_image] SRF machinery (MaterializedSRF/tuplestore result builders); generate_series + pg_timezone_* carved per claim scope (SRF + tz database)	p1-laney	pending
crates/backend/utils/adt/adt_timestamp/src/builtins.rs	1244	srf-carve	timestamp.c generate_series_timestamp/pg_timezone_names/pg_timezone_abbrevs	[fn tz_abbrev_interval_image] SRF machinery (MaterializedSRF/tuplestore result builders); generate_series + pg_timezone_* carved per claim scope (SRF + tz database)	p1-laney	pending
crates/backend/utils/adt/adt_timestamp/src/builtins.rs	1245	srf-carve	timestamp.c generate_series_timestamp/pg_timezone_names/pg_timezone_abbrevs	[fn tz_abbrev_interval_image] SRF machinery (MaterializedSRF/tuplestore result builders); generate_series + pg_timezone_* carved per claim scope (SRF + tz database)	p1-laney	pending
crates/backend/utils/adt/adt_timestamp/src/builtins.rs	1246	srf-carve	timestamp.c generate_series_timestamp/pg_timezone_names/pg_timezone_abbrevs	[fn tz_abbrev_interval_image] SRF machinery (MaterializedSRF/tuplestore result builders); generate_series + pg_timezone_* carved per claim scope (SRF + tz database)	p1-laney	pending
crates/backend/utils/adt/adt_timestamp/src/builtins.rs	1247	srf-carve	timestamp.c generate_series_timestamp/pg_timezone_names/pg_timezone_abbrevs	[fn tz_abbrev_interval_image] SRF machinery (MaterializedSRF/tuplestore result builders); generate_series + pg_timezone_* carved per claim scope (SRF + tz database)	p1-laney	pending
crates/backend/utils/adt/adt_timestamp/src/builtins.rs	1248	srf-carve	timestamp.c generate_series_timestamp/pg_timezone_names/pg_timezone_abbrevs	[fn tz_abbrev_interval_image] SRF machinery (MaterializedSRF/tuplestore result builders); generate_series + pg_timezone_* carved per claim scope (SRF + tz database)	p1-laney	pending
crates/backend/utils/adt/adt_timestamp/src/builtins.rs	1253	srf-carve	timestamp.c generate_series_timestamp/pg_timezone_names/pg_timezone_abbrevs	[fn fc_pg_timezone_abbrevs_zone] SRF machinery (MaterializedSRF/tuplestore result builders); generate_series + pg_timezone_* carved per claim scope (SRF + tz database)	p1-laney	pending
crates/backend/utils/adt/adt_timestamp/src/builtins.rs	1254	srf-carve	timestamp.c generate_series_timestamp/pg_timezone_names/pg_timezone_abbrevs	[fn fc_pg_timezone_abbrevs_zone] SRF machinery (MaterializedSRF/tuplestore result builders); generate_series + pg_timezone_* carved per claim scope (SRF + tz database)	p1-laney	pending
crates/backend/utils/adt/adt_timestamp/src/builtins.rs	1255	srf-carve	timestamp.c generate_series_timestamp/pg_timezone_names/pg_timezone_abbrevs	[fn fc_pg_timezone_abbrevs_zone] SRF machinery (MaterializedSRF/tuplestore result builders); generate_series + pg_timezone_* carved per claim scope (SRF + tz database)	p1-laney	pending
crates/backend/utils/adt/adt_timestamp/src/builtins.rs	1256	srf-carve	timestamp.c generate_series_timestamp/pg_timezone_names/pg_timezone_abbrevs	[fn fc_pg_timezone_abbrevs_zone] SRF machinery (MaterializedSRF/tuplestore result builders); generate_series + pg_timezone_* carved per claim scope (SRF + tz database)	p1-laney	pending
crates/backend/utils/adt/adt_timestamp/src/builtins.rs	1257	srf-carve	timestamp.c generate_series_timestamp/pg_timezone_names/pg_timezone_abbrevs	[fn fc_pg_timezone_abbrevs_zone] SRF machinery (MaterializedSRF/tuplestore result builders); generate_series + pg_timezone_* carved per claim scope (SRF + tz database)	p1-laney	pending
crates/backend/utils/adt/adt_timestamp/src/builtins.rs	1259	srf-carve	timestamp.c generate_series_timestamp/pg_timezone_names/pg_timezone_abbrevs	[fn fc_pg_timezone_abbrevs_zone] SRF machinery (MaterializedSRF/tuplestore result builders); generate_series + pg_timezone_* carved per claim scope (SRF + tz database)	p1-laney	pending
crates/backend/utils/adt/adt_timestamp/src/builtins.rs	1260	srf-carve	timestamp.c generate_series_timestamp/pg_timezone_names/pg_timezone_abbrevs	[fn fc_pg_timezone_abbrevs_zone] SRF machinery (MaterializedSRF/tuplestore result builders); generate_series + pg_timezone_* carved per claim scope (SRF + tz database)	p1-laney	pending
crates/backend/utils/adt/adt_timestamp/src/builtins.rs	1262	srf-carve	timestamp.c generate_series_timestamp/pg_timezone_names/pg_timezone_abbrevs	[fn fc_pg_timezone_abbrevs_zone] SRF machinery (MaterializedSRF/tuplestore result builders); generate_series + pg_timezone_* carved per claim scope (SRF + tz database)	p1-laney	pending
crates/backend/utils/adt/adt_timestamp/src/builtins.rs	1263	srf-carve	timestamp.c generate_series_timestamp/pg_timezone_names/pg_timezone_abbrevs	[fn fc_pg_timezone_abbrevs_zone] SRF machinery (MaterializedSRF/tuplestore result builders); generate_series + pg_timezone_* carved per claim scope (SRF + tz database)	p1-laney	pending
crates/backend/utils/adt/adt_timestamp/src/builtins.rs	1264	srf-carve	timestamp.c generate_series_timestamp/pg_timezone_names/pg_timezone_abbrevs	[fn fc_pg_timezone_abbrevs_zone] SRF machinery (MaterializedSRF/tuplestore result builders); generate_series + pg_timezone_* carved per claim scope (SRF + tz database)	p1-laney	pending
crates/backend/utils/adt/adt_timestamp/src/builtins.rs	1265	srf-carve	timestamp.c generate_series_timestamp/pg_timezone_names/pg_timezone_abbrevs	[fn fc_pg_timezone_abbrevs_zone] SRF machinery (MaterializedSRF/tuplestore result builders); generate_series + pg_timezone_* carved per claim scope (SRF + tz database)	p1-laney	pending
crates/backend/utils/adt/adt_timestamp/src/builtins.rs	1267	srf-carve	timestamp.c generate_series_timestamp/pg_timezone_names/pg_timezone_abbrevs	[fn fc_pg_timezone_abbrevs_zone] SRF machinery (MaterializedSRF/tuplestore result builders); generate_series + pg_timezone_* carved per claim scope (SRF + tz database)	p1-laney	pending
crates/backend/utils/adt/adt_timestamp/src/builtins.rs	1268	srf-carve	timestamp.c generate_series_timestamp/pg_timezone_names/pg_timezone_abbrevs	[fn fc_pg_timezone_abbrevs_zone] SRF machinery (MaterializedSRF/tuplestore result builders); generate_series + pg_timezone_* carved per claim scope (SRF + tz database)	p1-laney	pending
crates/backend/utils/adt/adt_timestamp/src/builtins.rs	1269	srf-carve	timestamp.c generate_series_timestamp/pg_timezone_names/pg_timezone_abbrevs	[fn fc_pg_timezone_abbrevs_zone] SRF machinery (MaterializedSRF/tuplestore result builders); generate_series + pg_timezone_* carved per claim scope (SRF + tz database)	p1-laney	pending
crates/backend/utils/adt/adt_timestamp/src/builtins.rs	1270	srf-carve	timestamp.c generate_series_timestamp/pg_timezone_names/pg_timezone_abbrevs	[fn fc_pg_timezone_abbrevs_zone] SRF machinery (MaterializedSRF/tuplestore result builders); generate_series + pg_timezone_* carved per claim scope (SRF + tz database)	p1-laney	pending
crates/backend/utils/adt/adt_timestamp/src/builtins.rs	1272	srf-carve	timestamp.c generate_series_timestamp/pg_timezone_names/pg_timezone_abbrevs	[fn fc_pg_timezone_abbrevs_zone] SRF machinery (MaterializedSRF/tuplestore result builders); generate_series + pg_timezone_* carved per claim scope (SRF + tz database)	p1-laney	pending
crates/backend/utils/adt/adt_timestamp/src/builtins.rs	1274	srf-carve	timestamp.c generate_series_timestamp/pg_timezone_names/pg_timezone_abbrevs	[fn fc_pg_timezone_abbrevs_zone] SRF machinery (MaterializedSRF/tuplestore result builders); generate_series + pg_timezone_* carved per claim scope (SRF + tz database)	p1-laney	pending
crates/backend/utils/adt/adt_timestamp/src/builtins.rs	1276	srf-carve	timestamp.c generate_series_timestamp/pg_timezone_names/pg_timezone_abbrevs	[fn fc_pg_timezone_abbrevs_zone] SRF machinery (MaterializedSRF/tuplestore result builders); generate_series + pg_timezone_* carved per claim scope (SRF + tz database)	p1-laney	pending
crates/backend/utils/adt/adt_timestamp/src/builtins.rs	1277	srf-carve	timestamp.c generate_series_timestamp/pg_timezone_names/pg_timezone_abbrevs	[fn fc_pg_timezone_abbrevs_zone] SRF machinery (MaterializedSRF/tuplestore result builders); generate_series + pg_timezone_* carved per claim scope (SRF + tz database)	p1-laney	pending
crates/backend/utils/adt/adt_timestamp/src/builtins.rs	1278	srf-carve	timestamp.c generate_series_timestamp/pg_timezone_names/pg_timezone_abbrevs	[fn fc_pg_timezone_abbrevs_zone] SRF machinery (MaterializedSRF/tuplestore result builders); generate_series + pg_timezone_* carved per claim scope (SRF + tz database)	p1-laney	pending
crates/backend/utils/adt/adt_timestamp/src/builtins.rs	1279	srf-carve	timestamp.c generate_series_timestamp/pg_timezone_names/pg_timezone_abbrevs	[fn fc_pg_timezone_abbrevs_zone] SRF machinery (MaterializedSRF/tuplestore result builders); generate_series + pg_timezone_* carved per claim scope (SRF + tz database)	p1-laney	pending
crates/backend/utils/adt/adt_timestamp/src/builtins.rs	1280	srf-carve	timestamp.c generate_series_timestamp/pg_timezone_names/pg_timezone_abbrevs	[fn fc_pg_timezone_abbrevs_zone] SRF machinery (MaterializedSRF/tuplestore result builders); generate_series + pg_timezone_* carved per claim scope (SRF + tz database)	p1-laney	pending
crates/backend/utils/adt/adt_timestamp/src/builtins.rs	1281	srf-carve	timestamp.c generate_series_timestamp/pg_timezone_names/pg_timezone_abbrevs	[fn fc_pg_timezone_abbrevs_zone] SRF machinery (MaterializedSRF/tuplestore result builders); generate_series + pg_timezone_* carved per claim scope (SRF + tz database)	p1-laney	pending
crates/backend/utils/adt/adt_timestamp/src/builtins.rs	1283	srf-carve	timestamp.c generate_series_timestamp/pg_timezone_names/pg_timezone_abbrevs	[fn fc_pg_timezone_abbrevs_zone] SRF machinery (MaterializedSRF/tuplestore result builders); generate_series + pg_timezone_* carved per claim scope (SRF + tz database)	p1-laney	pending
crates/backend/utils/adt/adt_timestamp/src/builtins.rs	1286	srf-carve	timestamp.c generate_series_timestamp/pg_timezone_names/pg_timezone_abbrevs	[fn fc_pg_timezone_abbrevs_zone] SRF machinery (MaterializedSRF/tuplestore result builders); generate_series + pg_timezone_* carved per claim scope (SRF + tz database)	p1-laney	pending
crates/backend/utils/adt/adt_timestamp/src/builtins.rs	1291	srf-carve	timestamp.c generate_series_timestamp/pg_timezone_names/pg_timezone_abbrevs	[fn fc_pg_timezone_abbrevs_abbrevs] SRF machinery (MaterializedSRF/tuplestore result builders); generate_series + pg_timezone_* carved per claim scope (SRF + tz database)	p1-laney	pending
crates/backend/utils/adt/adt_timestamp/src/builtins.rs	1292	srf-carve	timestamp.c generate_series_timestamp/pg_timezone_names/pg_timezone_abbrevs	[fn fc_pg_timezone_abbrevs_abbrevs] SRF machinery (MaterializedSRF/tuplestore result builders); generate_series + pg_timezone_* carved per claim scope (SRF + tz database)	p1-laney	pending
crates/backend/utils/adt/adt_timestamp/src/builtins.rs	1293	srf-carve	timestamp.c generate_series_timestamp/pg_timezone_names/pg_timezone_abbrevs	[fn fc_pg_timezone_abbrevs_abbrevs] SRF machinery (MaterializedSRF/tuplestore result builders); generate_series + pg_timezone_* carved per claim scope (SRF + tz database)	p1-laney	pending
crates/backend/utils/adt/adt_timestamp/src/builtins.rs	1294	srf-carve	timestamp.c generate_series_timestamp/pg_timezone_names/pg_timezone_abbrevs	[fn fc_pg_timezone_abbrevs_abbrevs] SRF machinery (MaterializedSRF/tuplestore result builders); generate_series + pg_timezone_* carved per claim scope (SRF + tz database)	p1-laney	pending
crates/backend/utils/adt/adt_timestamp/src/builtins.rs	1297	srf-carve	timestamp.c generate_series_timestamp/pg_timezone_names/pg_timezone_abbrevs	[fn fc_pg_timezone_abbrevs_abbrevs] SRF machinery (MaterializedSRF/tuplestore result builders); generate_series + pg_timezone_* carved per claim scope (SRF + tz database)	p1-laney	pending
crates/backend/utils/adt/adt_timestamp/src/builtins.rs	1299	srf-carve	timestamp.c generate_series_timestamp/pg_timezone_names/pg_timezone_abbrevs	[fn fc_pg_timezone_abbrevs_abbrevs] SRF machinery (MaterializedSRF/tuplestore result builders); generate_series + pg_timezone_* carved per claim scope (SRF + tz database)	p1-laney	pending
crates/backend/utils/adt/adt_timestamp/src/builtins.rs	1300	srf-carve	timestamp.c generate_series_timestamp/pg_timezone_names/pg_timezone_abbrevs	[fn fc_pg_timezone_abbrevs_abbrevs] SRF machinery (MaterializedSRF/tuplestore result builders); generate_series + pg_timezone_* carved per claim scope (SRF + tz database)	p1-laney	pending
crates/backend/utils/adt/adt_timestamp/src/builtins.rs	1302	srf-carve	timestamp.c generate_series_timestamp/pg_timezone_names/pg_timezone_abbrevs	[fn fc_pg_timezone_abbrevs_abbrevs] SRF machinery (MaterializedSRF/tuplestore result builders); generate_series + pg_timezone_* carved per claim scope (SRF + tz database)	p1-laney	pending
crates/backend/utils/adt/adt_timestamp/src/builtins.rs	1303	srf-carve	timestamp.c generate_series_timestamp/pg_timezone_names/pg_timezone_abbrevs	[fn fc_pg_timezone_abbrevs_abbrevs] SRF machinery (MaterializedSRF/tuplestore result builders); generate_series + pg_timezone_* carved per claim scope (SRF + tz database)	p1-laney	pending
crates/backend/utils/adt/adt_timestamp/src/builtins.rs	1305	srf-carve	timestamp.c generate_series_timestamp/pg_timezone_names/pg_timezone_abbrevs	[fn fc_pg_timezone_abbrevs_abbrevs] SRF machinery (MaterializedSRF/tuplestore result builders); generate_series + pg_timezone_* carved per claim scope (SRF + tz database)	p1-laney	pending
crates/backend/utils/adt/adt_timestamp/src/builtins.rs	1306	srf-carve	timestamp.c generate_series_timestamp/pg_timezone_names/pg_timezone_abbrevs	[fn fc_pg_timezone_abbrevs_abbrevs] SRF machinery (MaterializedSRF/tuplestore result builders); generate_series + pg_timezone_* carved per claim scope (SRF + tz database)	p1-laney	pending
crates/backend/utils/adt/adt_timestamp/src/builtins.rs	1307	srf-carve	timestamp.c generate_series_timestamp/pg_timezone_names/pg_timezone_abbrevs	[fn fc_pg_timezone_abbrevs_abbrevs] SRF machinery (MaterializedSRF/tuplestore result builders); generate_series + pg_timezone_* carved per claim scope (SRF + tz database)	p1-laney	pending
crates/backend/utils/adt/adt_timestamp/src/builtins.rs	1308	srf-carve	timestamp.c generate_series_timestamp/pg_timezone_names/pg_timezone_abbrevs	[fn fc_pg_timezone_abbrevs_abbrevs] SRF machinery (MaterializedSRF/tuplestore result builders); generate_series + pg_timezone_* carved per claim scope (SRF + tz database)	p1-laney	pending
crates/backend/utils/adt/adt_timestamp/src/builtins.rs	1310	srf-carve	timestamp.c generate_series_timestamp/pg_timezone_names/pg_timezone_abbrevs	[fn fc_pg_timezone_abbrevs_abbrevs] SRF machinery (MaterializedSRF/tuplestore result builders); generate_series + pg_timezone_* carved per claim scope (SRF + tz database)	p1-laney	pending
crates/backend/utils/adt/adt_timestamp/src/builtins.rs	1311	srf-carve	timestamp.c generate_series_timestamp/pg_timezone_names/pg_timezone_abbrevs	[fn fc_pg_timezone_abbrevs_abbrevs] SRF machinery (MaterializedSRF/tuplestore result builders); generate_series + pg_timezone_* carved per claim scope (SRF + tz database)	p1-laney	pending
crates/backend/utils/adt/adt_timestamp/src/builtins.rs	1313	srf-carve	timestamp.c generate_series_timestamp/pg_timezone_names/pg_timezone_abbrevs	[fn fc_pg_timezone_abbrevs_abbrevs] SRF machinery (MaterializedSRF/tuplestore result builders); generate_series + pg_timezone_* carved per claim scope (SRF + tz database)	p1-laney	pending
crates/backend/utils/adt/adt_timestamp/src/builtins.rs	1314	srf-carve	timestamp.c generate_series_timestamp/pg_timezone_names/pg_timezone_abbrevs	[fn fc_pg_timezone_abbrevs_abbrevs] SRF machinery (MaterializedSRF/tuplestore result builders); generate_series + pg_timezone_* carved per claim scope (SRF + tz database)	p1-laney	pending
crates/backend/utils/adt/adt_timestamp/src/builtins.rs	1315	srf-carve	timestamp.c generate_series_timestamp/pg_timezone_names/pg_timezone_abbrevs	[fn fc_pg_timezone_abbrevs_abbrevs] SRF machinery (MaterializedSRF/tuplestore result builders); generate_series + pg_timezone_* carved per claim scope (SRF + tz database)	p1-laney	pending
crates/backend/utils/adt/adt_timestamp/src/builtins.rs	1316	srf-carve	timestamp.c generate_series_timestamp/pg_timezone_names/pg_timezone_abbrevs	[fn fc_pg_timezone_abbrevs_abbrevs] SRF machinery (MaterializedSRF/tuplestore result builders); generate_series + pg_timezone_* carved per claim scope (SRF + tz database)	p1-laney	pending
crates/backend/utils/adt/adt_timestamp/src/builtins.rs	1317	srf-carve	timestamp.c generate_series_timestamp/pg_timezone_names/pg_timezone_abbrevs	[fn fc_pg_timezone_abbrevs_abbrevs] SRF machinery (MaterializedSRF/tuplestore result builders); generate_series + pg_timezone_* carved per claim scope (SRF + tz database)	p1-laney	pending
crates/backend/utils/adt/adt_timestamp/src/builtins.rs	1318	srf-carve	timestamp.c generate_series_timestamp/pg_timezone_names/pg_timezone_abbrevs	[fn fc_pg_timezone_abbrevs_abbrevs] SRF machinery (MaterializedSRF/tuplestore result builders); generate_series + pg_timezone_* carved per claim scope (SRF + tz database)	p1-laney	pending
crates/backend/utils/adt/adt_timestamp/src/builtins.rs	1319	srf-carve	timestamp.c generate_series_timestamp/pg_timezone_names/pg_timezone_abbrevs	[fn fc_pg_timezone_abbrevs_abbrevs] SRF machinery (MaterializedSRF/tuplestore result builders); generate_series + pg_timezone_* carved per claim scope (SRF + tz database)	p1-laney	pending
crates/backend/utils/adt/adt_timestamp/src/builtins.rs	1320	srf-carve	timestamp.c generate_series_timestamp/pg_timezone_names/pg_timezone_abbrevs	[fn fc_pg_timezone_abbrevs_abbrevs] SRF machinery (MaterializedSRF/tuplestore result builders); generate_series + pg_timezone_* carved per claim scope (SRF + tz database)	p1-laney	pending
crates/backend/utils/adt/adt_timestamp/src/builtins.rs	1322	srf-carve	timestamp.c generate_series_timestamp/pg_timezone_names/pg_timezone_abbrevs	[fn fc_pg_timezone_abbrevs_abbrevs] SRF machinery (MaterializedSRF/tuplestore result builders); generate_series + pg_timezone_* carved per claim scope (SRF + tz database)	p1-laney	pending
crates/backend/utils/adt/adt_timestamp/src/builtins.rs	1323	srf-carve	timestamp.c generate_series_timestamp/pg_timezone_names/pg_timezone_abbrevs	[fn fc_pg_timezone_abbrevs_abbrevs] SRF machinery (MaterializedSRF/tuplestore result builders); generate_series + pg_timezone_* carved per claim scope (SRF + tz database)	p1-laney	pending
crates/backend/utils/adt/adt_timestamp/src/builtins.rs	1324	srf-carve	timestamp.c generate_series_timestamp/pg_timezone_names/pg_timezone_abbrevs	[fn fc_pg_timezone_abbrevs_abbrevs] SRF machinery (MaterializedSRF/tuplestore result builders); generate_series + pg_timezone_* carved per claim scope (SRF + tz database)	p1-laney	pending
crates/backend/utils/adt/adt_timestamp/src/builtins.rs	1325	srf-carve	timestamp.c generate_series_timestamp/pg_timezone_names/pg_timezone_abbrevs	[fn fc_pg_timezone_abbrevs_abbrevs] SRF machinery (MaterializedSRF/tuplestore result builders); generate_series + pg_timezone_* carved per claim scope (SRF + tz database)	p1-laney	pending
crates/backend/utils/adt/adt_timestamp/src/builtins.rs	1326	srf-carve	timestamp.c generate_series_timestamp/pg_timezone_names/pg_timezone_abbrevs	[fn fc_pg_timezone_abbrevs_abbrevs] SRF machinery (MaterializedSRF/tuplestore result builders); generate_series + pg_timezone_* carved per claim scope (SRF + tz database)	p1-laney	pending
crates/backend/utils/adt/adt_timestamp/src/builtins.rs	1328	srf-carve	timestamp.c generate_series_timestamp/pg_timezone_names/pg_timezone_abbrevs	[fn fc_pg_timezone_abbrevs_abbrevs] SRF machinery (MaterializedSRF/tuplestore result builders); generate_series + pg_timezone_* carved per claim scope (SRF + tz database)	p1-laney	pending
crates/backend/utils/adt/adt_timestamp/src/builtins.rs	1332	srf-carve	timestamp.c generate_series_timestamp/pg_timezone_names/pg_timezone_abbrevs	[fn fc_pg_timezone_abbrevs_abbrevs] SRF machinery (MaterializedSRF/tuplestore result builders); generate_series + pg_timezone_* carved per claim scope (SRF + tz database)	p1-laney	pending
crates/backend/utils/adt/adt_timestamp/src/builtins.rs	1333	srf-carve	timestamp.c generate_series_timestamp/pg_timezone_names/pg_timezone_abbrevs	[fn fc_pg_timezone_abbrevs_abbrevs] SRF machinery (MaterializedSRF/tuplestore result builders); generate_series + pg_timezone_* carved per claim scope (SRF + tz database)	p1-laney	pending
crates/backend/utils/adt/adt_timestamp/src/builtins.rs	1334	srf-carve	timestamp.c generate_series_timestamp/pg_timezone_names/pg_timezone_abbrevs	[fn fc_pg_timezone_abbrevs_abbrevs] SRF machinery (MaterializedSRF/tuplestore result builders); generate_series + pg_timezone_* carved per claim scope (SRF + tz database)	p1-laney	pending
crates/backend/utils/adt/adt_timestamp/src/builtins.rs	1335	srf-carve	timestamp.c generate_series_timestamp/pg_timezone_names/pg_timezone_abbrevs	[fn fc_pg_timezone_abbrevs_abbrevs] SRF machinery (MaterializedSRF/tuplestore result builders); generate_series + pg_timezone_* carved per claim scope (SRF + tz database)	p1-laney	pending
crates/backend/utils/adt/adt_timestamp/src/builtins.rs	1336	srf-carve	timestamp.c generate_series_timestamp/pg_timezone_names/pg_timezone_abbrevs	[fn fc_pg_timezone_abbrevs_abbrevs] SRF machinery (MaterializedSRF/tuplestore result builders); generate_series + pg_timezone_* carved per claim scope (SRF + tz database)	p1-laney	pending
crates/backend/utils/adt/adt_timestamp/src/builtins.rs	1337	srf-carve	timestamp.c generate_series_timestamp/pg_timezone_names/pg_timezone_abbrevs	[fn fc_pg_timezone_abbrevs_abbrevs] SRF machinery (MaterializedSRF/tuplestore result builders); generate_series + pg_timezone_* carved per claim scope (SRF + tz database)	p1-laney	pending
crates/backend/utils/adt/adt_timestamp/src/builtins.rs	1339	srf-carve	timestamp.c generate_series_timestamp/pg_timezone_names/pg_timezone_abbrevs	[fn fc_pg_timezone_abbrevs_abbrevs] SRF machinery (MaterializedSRF/tuplestore result builders); generate_series + pg_timezone_* carved per claim scope (SRF + tz database)	p1-laney	pending
crates/backend/utils/adt/adt_timestamp/src/builtins.rs	1342	srf-carve	timestamp.c generate_series_timestamp/pg_timezone_names/pg_timezone_abbrevs	[fn fc_pg_timezone_abbrevs_abbrevs] SRF machinery (MaterializedSRF/tuplestore result builders); generate_series + pg_timezone_* carved per claim scope (SRF + tz database)	p1-laney	pending
crates/backend/utils/adt/adt_timestamp/src/builtins.rs	1345	const-eval-only	timestamp.c fmgr builtins table	[fn b] builtins-table registration const fns; evaluated at compile time (quote_diff precedent)	p1-laney	pending
crates/backend/utils/adt/adt_timestamp/src/builtins.rs	1346	const-eval-only	timestamp.c fmgr builtins table	[fn b] builtins-table registration const fns; evaluated at compile time (quote_diff precedent)	p1-laney	pending
crates/backend/utils/adt/adt_timestamp/src/builtins.rs	1349	srf-carve	timestamp.c generate_series_timestamp/pg_timezone_names/pg_timezone_abbrevs	[fn srf] SRF machinery (MaterializedSRF/tuplestore result builders); generate_series + pg_timezone_* carved per claim scope (SRF + tz database)	p1-laney	pending
crates/backend/utils/adt/adt_timestamp/src/builtins.rs	1350	srf-carve	timestamp.c generate_series_timestamp/pg_timezone_names/pg_timezone_abbrevs	[fn srf] SRF machinery (MaterializedSRF/tuplestore result builders); generate_series + pg_timezone_* carved per claim scope (SRF + tz database)	p1-laney	pending
crates/backend/utils/adt/adt_timestamp/src/builtins.rs	1353	const-eval-only	timestamp.c fmgr builtins table	[fn bn] builtins-table registration const fns; evaluated at compile time (quote_diff precedent)	p1-laney	pending
crates/backend/utils/adt/adt_timestamp/src/builtins.rs	1354	const-eval-only	timestamp.c fmgr builtins table	[fn bn] builtins-table registration const fns; evaluated at compile time (quote_diff precedent)	p1-laney	pending
crates/backend/utils/adt/adt_timestamp/src/builtins.rs	1360	const-eval-only	timestamp.c fmgr builtins table	[fn bn] builtins-table registration const fns; evaluated at compile time (quote_diff precedent)	p1-laney	pending
crates/backend/utils/adt/adt_timestamp/src/interval.rs	121	const-eval-only	timestamp.c IntervalScales/IntervalOffsets tables + compile-time asserts	[fn itmin2interval] static data table / const assertion — no runtime execution	p1-laney	pending
crates/backend/utils/adt/adt_timestamp/src/interval.rs	122	const-eval-only	timestamp.c IntervalScales/IntervalOffsets tables + compile-time asserts	[fn itmin2interval] static data table / const assertion — no runtime execution	p1-laney	pending
crates/backend/utils/adt/adt_timestamp/src/interval.rs	123	const-eval-only	timestamp.c IntervalScales/IntervalOffsets tables + compile-time asserts	[fn itmin2interval] static data table / const assertion — no runtime execution	p1-laney	pending
crates/backend/utils/adt/adt_timestamp/src/interval.rs	124	const-eval-only	timestamp.c IntervalScales/IntervalOffsets tables + compile-time asserts	[fn itmin2interval] static data table / const assertion — no runtime execution	p1-laney	pending
crates/backend/utils/adt/adt_timestamp/src/interval.rs	210	defensive-c-parity	timestamp.c EncodeSpecialInterval	[fn EncodeSpecialInterval] panic guard as EncodeSpecialTimestamp (callers check not_finite first)	p1-laney	pending
crates/backend/utils/adt/adt_timestamp/src/interval.rs	307	proof-covered-unmeasured	timestamp.c interval_cmp_value sign fold	[fn interval_sign] proved ledger row(s) 1315 family; carried as proof-covered-unmeasured until the tree-wide kani join	p1-laney	pending
crates/backend/utils/adt/adt_timestamp/src/interval.rs	322	proof-covered-unmeasured	timestamp.c interval_um	[fn interval_um_internal] proved ledger row(s) 1168 full-domain; carried as proof-covered-unmeasured until the tree-wide kani join	p1-laney	pending
crates/backend/utils/adt/adt_timestamp/src/interval.rs	360	proof-covered-unmeasured	timestamp.c interval_pl	[fn finite_interval_pl] proved ledger row(s) 1169; carried as proof-covered-unmeasured until the tree-wide kani join	p1-laney	pending
crates/backend/utils/adt/adt_timestamp/src/interval.rs	375	proof-covered-unmeasured	timestamp.c interval_mi	[fn finite_interval_mi] proved ledger row(s) 1170; carried as proof-covered-unmeasured until the tree-wide kani join	p1-laney	pending
crates/backend/utils/adt/adt_timestamp/src/interval.rs	803	proof-covered-unmeasured	timestamp.c in_range_* 22013 raiser	[fn invalid_in_range_offset] proved ledger row(s) 4134-4136 err planes; carried as proof-covered-unmeasured until the tree-wide kani join	p1-laney	pending
crates/backend/utils/adt/adt_timestamp/src/interval.rs	804	proof-covered-unmeasured	timestamp.c in_range_* 22013 raiser	[fn invalid_in_range_offset] proved ledger row(s) 4134-4136 err planes; carried as proof-covered-unmeasured until the tree-wide kani join	p1-laney	pending
crates/backend/utils/adt/adt_timestamp/src/interval.rs	805	proof-covered-unmeasured	timestamp.c in_range_* 22013 raiser	[fn invalid_in_range_offset] proved ledger row(s) 4134-4136 err planes; carried as proof-covered-unmeasured until the tree-wide kani join	p1-laney	pending
crates/backend/utils/adt/adt_timestamp/src/interval.rs	806	proof-covered-unmeasured	timestamp.c in_range_* 22013 raiser	[fn invalid_in_range_offset] proved ledger row(s) 4134-4136 err planes; carried as proof-covered-unmeasured until the tree-wide kani join	p1-laney	pending
crates/backend/utils/adt/adt_timestamp/src/interval.rs	810	proof-covered-unmeasured	timestamp.c in_range_timestamp_interval	[fn in_range_timestamp_interval] proved ledger row(s) 4134; carried as proof-covered-unmeasured until the tree-wide kani join	p1-laney	pending
crates/backend/utils/adt/adt_timestamp/src/interval.rs	811	proof-covered-unmeasured	timestamp.c in_range_timestamp_interval	[fn in_range_timestamp_interval] proved ledger row(s) 4134; carried as proof-covered-unmeasured until the tree-wide kani join	p1-laney	pending
crates/backend/utils/adt/adt_timestamp/src/interval.rs	812	proof-covered-unmeasured	timestamp.c in_range_timestamp_interval	[fn in_range_timestamp_interval] proved ledger row(s) 4134; carried as proof-covered-unmeasured until the tree-wide kani join	p1-laney	pending
crates/backend/utils/adt/adt_timestamp/src/interval.rs	813	proof-covered-unmeasured	timestamp.c in_range_timestamp_interval	[fn in_range_timestamp_interval] proved ledger row(s) 4134; carried as proof-covered-unmeasured until the tree-wide kani join	p1-laney	pending
crates/backend/utils/adt/adt_timestamp/src/interval.rs	814	proof-covered-unmeasured	timestamp.c in_range_timestamp_interval	[fn in_range_timestamp_interval] proved ledger row(s) 4134; carried as proof-covered-unmeasured until the tree-wide kani join	p1-laney	pending
crates/backend/utils/adt/adt_timestamp/src/interval.rs	815	proof-covered-unmeasured	timestamp.c in_range_timestamp_interval	[fn in_range_timestamp_interval] proved ledger row(s) 4134; carried as proof-covered-unmeasured until the tree-wide kani join	p1-laney	pending
crates/backend/utils/adt/adt_timestamp/src/interval.rs	816	proof-covered-unmeasured	timestamp.c in_range_timestamp_interval	[fn in_range_timestamp_interval] proved ledger row(s) 4134; carried as proof-covered-unmeasured until the tree-wide kani join	p1-laney	pending
crates/backend/utils/adt/adt_timestamp/src/interval.rs	817	proof-covered-unmeasured	timestamp.c in_range_timestamp_interval	[fn in_range_timestamp_interval] proved ledger row(s) 4134; carried as proof-covered-unmeasured until the tree-wide kani join	p1-laney	pending
crates/backend/utils/adt/adt_timestamp/src/interval.rs	818	proof-covered-unmeasured	timestamp.c in_range_timestamp_interval	[fn in_range_timestamp_interval] proved ledger row(s) 4134; carried as proof-covered-unmeasured until the tree-wide kani join	p1-laney	pending
crates/backend/utils/adt/adt_timestamp/src/interval.rs	820	proof-covered-unmeasured	timestamp.c in_range_timestamp_interval	[fn in_range_timestamp_interval] proved ledger row(s) 4134; carried as proof-covered-unmeasured until the tree-wide kani join	p1-laney	pending
crates/backend/utils/adt/adt_timestamp/src/interval.rs	822	proof-covered-unmeasured	timestamp.c in_range_timestamp_interval	[fn in_range_timestamp_interval] proved ledger row(s) 4134; carried as proof-covered-unmeasured until the tree-wide kani join	p1-laney	pending
crates/backend/utils/adt/adt_timestamp/src/interval.rs	824	proof-covered-unmeasured	timestamp.c in_range_timestamp_interval	[fn in_range_timestamp_interval] proved ledger row(s) 4134; carried as proof-covered-unmeasured until the tree-wide kani join	p1-laney	pending
crates/backend/utils/adt/adt_timestamp/src/interval.rs	825	proof-covered-unmeasured	timestamp.c in_range_timestamp_interval	[fn in_range_timestamp_interval] proved ledger row(s) 4134; carried as proof-covered-unmeasured until the tree-wide kani join	p1-laney	pending
crates/backend/utils/adt/adt_timestamp/src/interval.rs	826	proof-covered-unmeasured	timestamp.c in_range_timestamp_interval	[fn in_range_timestamp_interval] proved ledger row(s) 4134; carried as proof-covered-unmeasured until the tree-wide kani join	p1-laney	pending
crates/backend/utils/adt/adt_timestamp/src/interval.rs	829	proof-covered-unmeasured	timestamp.c in_range_timestamptz_interval	[fn in_range_timestamptz_interval] proved ledger row(s) 4135; carried as proof-covered-unmeasured until the tree-wide kani join	p1-laney	pending
crates/backend/utils/adt/adt_timestamp/src/interval.rs	830	proof-covered-unmeasured	timestamp.c in_range_timestamptz_interval	[fn in_range_timestamptz_interval] proved ledger row(s) 4135; carried as proof-covered-unmeasured until the tree-wide kani join	p1-laney	pending
crates/backend/utils/adt/adt_timestamp/src/interval.rs	831	proof-covered-unmeasured	timestamp.c in_range_timestamptz_interval	[fn in_range_timestamptz_interval] proved ledger row(s) 4135; carried as proof-covered-unmeasured until the tree-wide kani join	p1-laney	pending
crates/backend/utils/adt/adt_timestamp/src/interval.rs	832	proof-covered-unmeasured	timestamp.c in_range_timestamptz_interval	[fn in_range_timestamptz_interval] proved ledger row(s) 4135; carried as proof-covered-unmeasured until the tree-wide kani join	p1-laney	pending
crates/backend/utils/adt/adt_timestamp/src/interval.rs	833	proof-covered-unmeasured	timestamp.c in_range_timestamptz_interval	[fn in_range_timestamptz_interval] proved ledger row(s) 4135; carried as proof-covered-unmeasured until the tree-wide kani join	p1-laney	pending
crates/backend/utils/adt/adt_timestamp/src/interval.rs	834	proof-covered-unmeasured	timestamp.c in_range_timestamptz_interval	[fn in_range_timestamptz_interval] proved ledger row(s) 4135; carried as proof-covered-unmeasured until the tree-wide kani join	p1-laney	pending
crates/backend/utils/adt/adt_timestamp/src/interval.rs	835	proof-covered-unmeasured	timestamp.c in_range_timestamptz_interval	[fn in_range_timestamptz_interval] proved ledger row(s) 4135; carried as proof-covered-unmeasured until the tree-wide kani join	p1-laney	pending
crates/backend/utils/adt/adt_timestamp/src/interval.rs	836	proof-covered-unmeasured	timestamp.c in_range_timestamptz_interval	[fn in_range_timestamptz_interval] proved ledger row(s) 4135; carried as proof-covered-unmeasured until the tree-wide kani join	p1-laney	pending
crates/backend/utils/adt/adt_timestamp/src/interval.rs	837	proof-covered-unmeasured	timestamp.c in_range_timestamptz_interval	[fn in_range_timestamptz_interval] proved ledger row(s) 4135; carried as proof-covered-unmeasured until the tree-wide kani join	p1-laney	pending
crates/backend/utils/adt/adt_timestamp/src/interval.rs	839	proof-covered-unmeasured	timestamp.c in_range_timestamptz_interval	[fn in_range_timestamptz_interval] proved ledger row(s) 4135; carried as proof-covered-unmeasured until the tree-wide kani join	p1-laney	pending
crates/backend/utils/adt/adt_timestamp/src/interval.rs	841	proof-covered-unmeasured	timestamp.c in_range_timestamptz_interval	[fn in_range_timestamptz_interval] proved ledger row(s) 4135; carried as proof-covered-unmeasured until the tree-wide kani join	p1-laney	pending
crates/backend/utils/adt/adt_timestamp/src/interval.rs	843	proof-covered-unmeasured	timestamp.c in_range_timestamptz_interval	[fn in_range_timestamptz_interval] proved ledger row(s) 4135; carried as proof-covered-unmeasured until the tree-wide kani join	p1-laney	pending
crates/backend/utils/adt/adt_timestamp/src/interval.rs	844	proof-covered-unmeasured	timestamp.c in_range_timestamptz_interval	[fn in_range_timestamptz_interval] proved ledger row(s) 4135; carried as proof-covered-unmeasured until the tree-wide kani join	p1-laney	pending
crates/backend/utils/adt/adt_timestamp/src/interval.rs	846	proof-covered-unmeasured	timestamp.c in_range_timestamptz_interval	[fn in_range_timestamptz_interval] proved ledger row(s) 4135; carried as proof-covered-unmeasured until the tree-wide kani join	p1-laney	pending
crates/backend/utils/adt/adt_timestamp/src/interval.rs	848	proof-covered-unmeasured	timestamp.c in_range_timestamptz_interval	[fn in_range_timestamptz_interval] proved ledger row(s) 4135; carried as proof-covered-unmeasured until the tree-wide kani join	p1-laney	pending
crates/backend/utils/adt/adt_timestamp/src/interval.rs	851	proof-covered-unmeasured	timestamp.c in_range_interval_interval	[fn in_range_interval_interval] proved ledger row(s) 4136; carried as proof-covered-unmeasured until the tree-wide kani join	p1-laney	pending
crates/backend/utils/adt/adt_timestamp/src/interval.rs	852	proof-covered-unmeasured	timestamp.c in_range_interval_interval	[fn in_range_interval_interval] proved ledger row(s) 4136; carried as proof-covered-unmeasured until the tree-wide kani join	p1-laney	pending
crates/backend/utils/adt/adt_timestamp/src/interval.rs	853	proof-covered-unmeasured	timestamp.c in_range_interval_interval	[fn in_range_interval_interval] proved ledger row(s) 4136; carried as proof-covered-unmeasured until the tree-wide kani join	p1-laney	pending
crates/backend/utils/adt/adt_timestamp/src/interval.rs	854	proof-covered-unmeasured	timestamp.c in_range_interval_interval	[fn in_range_interval_interval] proved ledger row(s) 4136; carried as proof-covered-unmeasured until the tree-wide kani join	p1-laney	pending
crates/backend/utils/adt/adt_timestamp/src/interval.rs	855	proof-covered-unmeasured	timestamp.c in_range_interval_interval	[fn in_range_interval_interval] proved ledger row(s) 4136; carried as proof-covered-unmeasured until the tree-wide kani join	p1-laney	pending
crates/backend/utils/adt/adt_timestamp/src/interval.rs	856	proof-covered-unmeasured	timestamp.c in_range_interval_interval	[fn in_range_interval_interval] proved ledger row(s) 4136; carried as proof-covered-unmeasured until the tree-wide kani join	p1-laney	pending
crates/backend/utils/adt/adt_timestamp/src/interval.rs	857	proof-covered-unmeasured	timestamp.c in_range_interval_interval	[fn in_range_interval_interval] proved ledger row(s) 4136; carried as proof-covered-unmeasured until the tree-wide kani join	p1-laney	pending
crates/backend/utils/adt/adt_timestamp/src/interval.rs	858	proof-covered-unmeasured	timestamp.c in_range_interval_interval	[fn in_range_interval_interval] proved ledger row(s) 4136; carried as proof-covered-unmeasured until the tree-wide kani join	p1-laney	pending
crates/backend/utils/adt/adt_timestamp/src/interval.rs	859	proof-covered-unmeasured	timestamp.c in_range_interval_interval	[fn in_range_interval_interval] proved ledger row(s) 4136; carried as proof-covered-unmeasured until the tree-wide kani join	p1-laney	pending
crates/backend/utils/adt/adt_timestamp/src/interval.rs	861	proof-covered-unmeasured	timestamp.c in_range_interval_interval	[fn in_range_interval_interval] proved ledger row(s) 4136; carried as proof-covered-unmeasured until the tree-wide kani join	p1-laney	pending
crates/backend/utils/adt/adt_timestamp/src/interval.rs	862	proof-covered-unmeasured	timestamp.c in_range_interval_interval	[fn in_range_interval_interval] proved ledger row(s) 4136; carried as proof-covered-unmeasured until the tree-wide kani join	p1-laney	pending
crates/backend/utils/adt/adt_timestamp/src/interval.rs	864	proof-covered-unmeasured	timestamp.c in_range_interval_interval	[fn in_range_interval_interval] proved ledger row(s) 4136; carried as proof-covered-unmeasured until the tree-wide kani join	p1-laney	pending
crates/backend/utils/adt/adt_timestamp/src/interval.rs	865	proof-covered-unmeasured	timestamp.c in_range_interval_interval	[fn in_range_interval_interval] proved ledger row(s) 4136; carried as proof-covered-unmeasured until the tree-wide kani join	p1-laney	pending
crates/backend/utils/adt/adt_timestamp/src/interval.rs	866	proof-covered-unmeasured	timestamp.c in_range_interval_interval	[fn in_range_interval_interval] proved ledger row(s) 4136; carried as proof-covered-unmeasured until the tree-wide kani join	p1-laney	pending
crates/backend/utils/adt/adt_timestamp/src/interval.rs	868	proof-covered-unmeasured	timestamp.c in_range_interval_interval	[fn in_range_interval_interval] proved ledger row(s) 4136; carried as proof-covered-unmeasured until the tree-wide kani join	p1-laney	pending
crates/backend/utils/adt/adt_timestamp/src/interval.rs	898	proof-covered-unmeasured	timestamp.c timestamptz_pl_interval_internal	[fn timestamptz_pl_interval_internal] proved ledger row(s) 6221/6223 (residual = session-tz-uninitialized panic guard, excluded-state shape); carried as proof-covered-unmeasured until the tree-wide kani join	p1-laney	pending
crates/backend/utils/adt/adt_timestamp/src/interval.rs	960	proof-covered-unmeasured	timestamp.c timestamp2timestamptz_opt_overflow	[fn timestamp2timestamptz_opt_overflow] proved ledger row(s) 2028; carried as proof-covered-unmeasured until the tree-wide kani join	p1-laney	pending
crates/backend/utils/adt/adt_timestamp/src/interval.rs	961	proof-covered-unmeasured	timestamp.c timestamp2timestamptz_opt_overflow	[fn timestamp2timestamptz_opt_overflow] proved ledger row(s) 2028; carried as proof-covered-unmeasured until the tree-wide kani join	p1-laney	pending
crates/backend/utils/adt/adt_timestamp/src/interval.rs	962	proof-covered-unmeasured	timestamp.c timestamp2timestamptz_opt_overflow	[fn timestamp2timestamptz_opt_overflow] proved ledger row(s) 2028; carried as proof-covered-unmeasured until the tree-wide kani join	p1-laney	pending
crates/backend/utils/adt/adt_timestamp/src/interval.rs	963	proof-covered-unmeasured	timestamp.c timestamp2timestamptz_opt_overflow	[fn timestamp2timestamptz_opt_overflow] proved ledger row(s) 2028; carried as proof-covered-unmeasured until the tree-wide kani join	p1-laney	pending
crates/backend/utils/adt/adt_timestamp/src/interval.rs	964	proof-covered-unmeasured	timestamp.c timestamp2timestamptz_opt_overflow	[fn timestamp2timestamptz_opt_overflow] proved ledger row(s) 2028; carried as proof-covered-unmeasured until the tree-wide kani join	p1-laney	pending
crates/backend/utils/adt/adt_timestamp/src/interval.rs	965	proof-covered-unmeasured	timestamp.c timestamp2timestamptz_opt_overflow	[fn timestamp2timestamptz_opt_overflow] proved ledger row(s) 2028; carried as proof-covered-unmeasured until the tree-wide kani join	p1-laney	pending
crates/backend/utils/adt/adt_timestamp/src/interval.rs	967	proof-covered-unmeasured	timestamp.c timestamp2timestamptz_opt_overflow	[fn timestamp2timestamptz_opt_overflow] proved ledger row(s) 2028; carried as proof-covered-unmeasured until the tree-wide kani join	p1-laney	pending
crates/backend/utils/adt/adt_timestamp/src/interval.rs	968	proof-covered-unmeasured	timestamp.c timestamp2timestamptz_opt_overflow	[fn timestamp2timestamptz_opt_overflow] proved ledger row(s) 2028; carried as proof-covered-unmeasured until the tree-wide kani join	p1-laney	pending
crates/backend/utils/adt/adt_timestamp/src/interval.rs	971	proof-covered-unmeasured	timestamp.c timestamp2timestamptz_opt_overflow	[fn timestamp2timestamptz_opt_overflow] proved ledger row(s) 2028; carried as proof-covered-unmeasured until the tree-wide kani join	p1-laney	pending
crates/backend/utils/adt/adt_timestamp/src/interval.rs	972	proof-covered-unmeasured	timestamp.c timestamp2timestamptz_opt_overflow	[fn timestamp2timestamptz_opt_overflow] proved ledger row(s) 2028; carried as proof-covered-unmeasured until the tree-wide kani join	p1-laney	pending
crates/backend/utils/adt/adt_timestamp/src/interval.rs	974	proof-covered-unmeasured	timestamp.c timestamp2timestamptz_opt_overflow	[fn timestamp2timestamptz_opt_overflow] proved ledger row(s) 2028; carried as proof-covered-unmeasured until the tree-wide kani join	p1-laney	pending
crates/backend/utils/adt/adt_timestamp/src/interval.rs	975	proof-covered-unmeasured	timestamp.c timestamp2timestamptz_opt_overflow	[fn timestamp2timestamptz_opt_overflow] proved ledger row(s) 2028; carried as proof-covered-unmeasured until the tree-wide kani join	p1-laney	pending
crates/backend/utils/adt/adt_timestamp/src/interval.rs	976	proof-covered-unmeasured	timestamp.c timestamp2timestamptz_opt_overflow	[fn timestamp2timestamptz_opt_overflow] proved ledger row(s) 2028; carried as proof-covered-unmeasured until the tree-wide kani join	p1-laney	pending
crates/backend/utils/adt/adt_timestamp/src/interval.rs	978	proof-covered-unmeasured	timestamp.c timestamp2timestamptz_opt_overflow	[fn timestamp2timestamptz_opt_overflow] proved ledger row(s) 2028; carried as proof-covered-unmeasured until the tree-wide kani join	p1-laney	pending
crates/backend/utils/adt/adt_timestamp/src/interval.rs	979	proof-covered-unmeasured	timestamp.c timestamp2timestamptz_opt_overflow	[fn timestamp2timestamptz_opt_overflow] proved ledger row(s) 2028; carried as proof-covered-unmeasured until the tree-wide kani join	p1-laney	pending
crates/backend/utils/adt/adt_timestamp/src/interval.rs	980	proof-covered-unmeasured	timestamp.c timestamp2timestamptz_opt_overflow	[fn timestamp2timestamptz_opt_overflow] proved ledger row(s) 2028; carried as proof-covered-unmeasured until the tree-wide kani join	p1-laney	pending
crates/backend/utils/adt/adt_timestamp/src/interval.rs	981	proof-covered-unmeasured	timestamp.c timestamp2timestamptz_opt_overflow	[fn timestamp2timestamptz_opt_overflow] proved ledger row(s) 2028; carried as proof-covered-unmeasured until the tree-wide kani join	p1-laney	pending
crates/backend/utils/adt/adt_timestamp/src/interval.rs	983	proof-covered-unmeasured	timestamp.c timestamp2timestamptz_opt_overflow	[fn timestamp2timestamptz_opt_overflow] proved ledger row(s) 2028; carried as proof-covered-unmeasured until the tree-wide kani join	p1-laney	pending
crates/backend/utils/adt/adt_timestamp/src/interval.rs	984	proof-covered-unmeasured	timestamp.c timestamp2timestamptz_opt_overflow	[fn timestamp2timestamptz_opt_overflow] proved ledger row(s) 2028; carried as proof-covered-unmeasured until the tree-wide kani join	p1-laney	pending
crates/backend/utils/adt/adt_timestamp/src/interval.rs	985	proof-covered-unmeasured	timestamp.c timestamp2timestamptz_opt_overflow	[fn timestamp2timestamptz_opt_overflow] proved ledger row(s) 2028; carried as proof-covered-unmeasured until the tree-wide kani join	p1-laney	pending
crates/backend/utils/adt/adt_timestamp/src/interval.rs	986	proof-covered-unmeasured	timestamp.c timestamp2timestamptz_opt_overflow	[fn timestamp2timestamptz_opt_overflow] proved ledger row(s) 2028; carried as proof-covered-unmeasured until the tree-wide kani join	p1-laney	pending
crates/backend/utils/adt/adt_timestamp/src/interval.rs	988	proof-covered-unmeasured	timestamp.c timestamp2timestamptz_opt_overflow	[fn timestamp2timestamptz_opt_overflow] proved ledger row(s) 2028; carried as proof-covered-unmeasured until the tree-wide kani join	p1-laney	pending
crates/backend/utils/adt/adt_timestamp/src/interval.rs	989	proof-covered-unmeasured	timestamp.c timestamp2timestamptz_opt_overflow	[fn timestamp2timestamptz_opt_overflow] proved ledger row(s) 2028; carried as proof-covered-unmeasured until the tree-wide kani join	p1-laney	pending
crates/backend/utils/adt/adt_timestamp/src/interval.rs	993	proof-covered-unmeasured	timestamp.c timestamp2timestamptz_opt_overflow	[fn timestamp2timestamptz_opt_overflow] proved ledger row(s) 2028; carried as proof-covered-unmeasured until the tree-wide kani join	p1-laney	pending
crates/backend/utils/adt/adt_timestamp/src/interval.rs	996	proof-covered-unmeasured	timestamp.c timestamp2timestamptz	[fn timestamp2timestamptz] proved ledger row(s) 2028; carried as proof-covered-unmeasured until the tree-wide kani join	p1-laney	pending
crates/backend/utils/adt/adt_timestamp/src/interval.rs	997	proof-covered-unmeasured	timestamp.c timestamp2timestamptz	[fn timestamp2timestamptz] proved ledger row(s) 2028; carried as proof-covered-unmeasured until the tree-wide kani join	p1-laney	pending
crates/backend/utils/adt/adt_timestamp/src/interval.rs	1000	proof-covered-unmeasured	timestamp.c timestamptz2timestamp	[fn timestamptz2timestamp] proved ledger row(s) 2027; carried as proof-covered-unmeasured until the tree-wide kani join	p1-laney	pending
crates/backend/utils/adt/adt_timestamp/src/interval.rs	1001	proof-covered-unmeasured	timestamp.c timestamptz2timestamp	[fn timestamptz2timestamp] proved ledger row(s) 2027; carried as proof-covered-unmeasured until the tree-wide kani join	p1-laney	pending
crates/backend/utils/adt/adt_timestamp/src/interval.rs	1002	proof-covered-unmeasured	timestamp.c timestamptz2timestamp	[fn timestamptz2timestamp] proved ledger row(s) 2027; carried as proof-covered-unmeasured until the tree-wide kani join	p1-laney	pending
crates/backend/utils/adt/adt_timestamp/src/interval.rs	1004	proof-covered-unmeasured	timestamp.c timestamptz2timestamp	[fn timestamptz2timestamp] proved ledger row(s) 2027; carried as proof-covered-unmeasured until the tree-wide kani join	p1-laney	pending
crates/backend/utils/adt/adt_timestamp/src/interval.rs	1005	proof-covered-unmeasured	timestamp.c timestamptz2timestamp	[fn timestamptz2timestamp] proved ledger row(s) 2027; carried as proof-covered-unmeasured until the tree-wide kani join	p1-laney	pending
crates/backend/utils/adt/adt_timestamp/src/interval.rs	1006	proof-covered-unmeasured	timestamp.c timestamptz2timestamp	[fn timestamptz2timestamp] proved ledger row(s) 2027; carried as proof-covered-unmeasured until the tree-wide kani join	p1-laney	pending
crates/backend/utils/adt/adt_timestamp/src/interval.rs	1007	proof-covered-unmeasured	timestamp.c timestamptz2timestamp	[fn timestamptz2timestamp] proved ledger row(s) 2027; carried as proof-covered-unmeasured until the tree-wide kani join	p1-laney	pending
crates/backend/utils/adt/adt_timestamp/src/interval.rs	1008	proof-covered-unmeasured	timestamp.c timestamptz2timestamp	[fn timestamptz2timestamp] proved ledger row(s) 2027; carried as proof-covered-unmeasured until the tree-wide kani join	p1-laney	pending
crates/backend/utils/adt/adt_timestamp/src/interval.rs	1010	proof-covered-unmeasured	timestamp.c timestamptz2timestamp	[fn timestamptz2timestamp] proved ledger row(s) 2027; carried as proof-covered-unmeasured until the tree-wide kani join	p1-laney	pending
crates/backend/utils/adt/adt_timestamp/src/interval.rs	1011	proof-covered-unmeasured	timestamp.c timestamptz2timestamp	[fn timestamptz2timestamp] proved ledger row(s) 2027; carried as proof-covered-unmeasured until the tree-wide kani join	p1-laney	pending
crates/backend/utils/adt/adt_timestamp/src/interval.rs	1012	proof-covered-unmeasured	timestamp.c timestamptz2timestamp	[fn timestamptz2timestamp] proved ledger row(s) 2027; carried as proof-covered-unmeasured until the tree-wide kani join	p1-laney	pending
crates/backend/utils/adt/adt_timestamp/src/interval.rs	1014	proof-covered-unmeasured	timestamp.c timestamptz2timestamp	[fn timestamptz2timestamp] proved ledger row(s) 2027; carried as proof-covered-unmeasured until the tree-wide kani join	p1-laney	pending
crates/backend/utils/adt/adt_timestamp/src/interval.rs	1017	proof-covered-unmeasured	timestamp.c timestamp_cmp_timestamptz_internal	[fn timestamp_cmp_timestamptz_internal] proved ledger row(s) 2520-2533; carried as proof-covered-unmeasured until the tree-wide kani join	p1-laney	pending
crates/backend/utils/adt/adt_timestamp/src/interval.rs	1018	proof-covered-unmeasured	timestamp.c timestamp_cmp_timestamptz_internal	[fn timestamp_cmp_timestamptz_internal] proved ledger row(s) 2520-2533; carried as proof-covered-unmeasured until the tree-wide kani join	p1-laney	pending
crates/backend/utils/adt/adt_timestamp/src/interval.rs	1019	proof-covered-unmeasured	timestamp.c timestamp_cmp_timestamptz_internal	[fn timestamp_cmp_timestamptz_internal] proved ledger row(s) 2520-2533; carried as proof-covered-unmeasured until the tree-wide kani join	p1-laney	pending
crates/backend/utils/adt/adt_timestamp/src/interval.rs	1020	proof-covered-unmeasured	timestamp.c timestamp_cmp_timestamptz_internal	[fn timestamp_cmp_timestamptz_internal] proved ledger row(s) 2520-2533; carried as proof-covered-unmeasured until the tree-wide kani join	p1-laney	pending
crates/backend/utils/adt/adt_timestamp/src/interval.rs	1021	proof-covered-unmeasured	timestamp.c timestamp_cmp_timestamptz_internal	[fn timestamp_cmp_timestamptz_internal] proved ledger row(s) 2520-2533; carried as proof-covered-unmeasured until the tree-wide kani join	p1-laney	pending
crates/backend/utils/adt/adt_timestamp/src/interval.rs	1022	proof-covered-unmeasured	timestamp.c timestamp_cmp_timestamptz_internal	[fn timestamp_cmp_timestamptz_internal] proved ledger row(s) 2520-2533; carried as proof-covered-unmeasured until the tree-wide kani join	p1-laney	pending
crates/backend/utils/adt/adt_timestamp/src/interval.rs	1023	proof-covered-unmeasured	timestamp.c timestamp_cmp_timestamptz_internal	[fn timestamp_cmp_timestamptz_internal] proved ledger row(s) 2520-2533; carried as proof-covered-unmeasured until the tree-wide kani join	p1-laney	pending
crates/backend/utils/adt/adt_timestamp/src/interval.rs	1025	proof-covered-unmeasured	timestamp.c timestamp_cmp_timestamptz_internal	[fn timestamp_cmp_timestamptz_internal] proved ledger row(s) 2520-2533; carried as proof-covered-unmeasured until the tree-wide kani join	p1-laney	pending
crates/backend/utils/adt/adt_timestamp/src/interval.rs	1027	proof-covered-unmeasured	timestamp.c timestamp_cmp_timestamptz_internal	[fn timestamp_cmp_timestamptz_internal] proved ledger row(s) 2520-2533; carried as proof-covered-unmeasured until the tree-wide kani join	p1-laney	pending
crates/backend/utils/adt/adt_timestamp/src/interval.rs	1028	proof-covered-unmeasured	timestamp.c timestamp_cmp_timestamptz_internal	[fn timestamp_cmp_timestamptz_internal] proved ledger row(s) 2520-2533; carried as proof-covered-unmeasured until the tree-wide kani join	p1-laney	pending
crates/backend/utils/adt/adt_timestamp/src/interval.rs	1030	proof-covered-unmeasured	timestamp.c timestamp_cmp_timestamptz_internal	[fn timestamp_cmp_timestamptz_internal] proved ledger row(s) 2520-2533; carried as proof-covered-unmeasured until the tree-wide kani join	p1-laney	pending
crates/backend/utils/adt/adt_timestamp/src/interval.rs	1034	proof-covered-unmeasured	timestamp.c timestamptz_cmp_internal	[fn timestamptz_cmp_internal] proved ledger row(s) 2520-2533; carried as proof-covered-unmeasured until the tree-wide kani join	p1-laney	pending
crates/backend/utils/adt/adt_timestamp/src/interval.rs	1035	proof-covered-unmeasured	timestamp.c timestamptz_cmp_internal	[fn timestamptz_cmp_internal] proved ledger row(s) 2520-2533; carried as proof-covered-unmeasured until the tree-wide kani join	p1-laney	pending
crates/backend/utils/adt/adt_timestamp/src/interval.rs	1036	proof-covered-unmeasured	timestamp.c timestamptz_cmp_internal	[fn timestamptz_cmp_internal] proved ledger row(s) 2520-2533; carried as proof-covered-unmeasured until the tree-wide kani join	p1-laney	pending
crates/backend/utils/adt/adt_timestamp/src/interval.rs	1037	proof-covered-unmeasured	timestamp.c timestamptz_cmp_internal	[fn timestamptz_cmp_internal] proved ledger row(s) 2520-2533; carried as proof-covered-unmeasured until the tree-wide kani join	p1-laney	pending
crates/backend/utils/adt/adt_timestamp/src/interval.rs	1038	proof-covered-unmeasured	timestamp.c timestamptz_cmp_internal	[fn timestamptz_cmp_internal] proved ledger row(s) 2520-2533; carried as proof-covered-unmeasured until the tree-wide kani join	p1-laney	pending
crates/backend/utils/adt/adt_timestamp/src/interval.rs	1122	proof-covered-unmeasured	timestamp.c intervaltypmodin	[fn intervaltypmodin] proved ledger row(s) 2903; carried as proof-covered-unmeasured until the tree-wide kani join	p1-laney	pending
crates/backend/utils/adt/adt_timestamp/src/interval.rs	1137	proof-covered-unmeasured	timestamp.c intervaltypmodin	[fn intervaltypmodin] proved ledger row(s) 2903; carried as proof-covered-unmeasured until the tree-wide kani join	p1-laney	pending
crates/backend/utils/adt/adt_timestamp/src/interval.rs	1145	proof-covered-unmeasured	timestamp.c intervaltypmodin	[fn intervaltypmodin] proved ledger row(s) 2903; carried as proof-covered-unmeasured until the tree-wide kani join	p1-laney	pending
crates/backend/utils/adt/adt_timestamp/src/interval.rs	1158	proof-covered-unmeasured	timestamp.c intervaltypmodout	[fn intervaltypmodout] proved ledger row(s) 2904; carried as proof-covered-unmeasured until the tree-wide kani join	p1-laney	pending
crates/backend/utils/adt/adt_timestamp/src/interval.rs	1162	proof-covered-unmeasured	timestamp.c intervaltypmodout	[fn intervaltypmodout] proved ledger row(s) 2904; carried as proof-covered-unmeasured until the tree-wide kani join	p1-laney	pending
crates/backend/utils/adt/adt_timestamp/src/interval.rs	1166	proof-covered-unmeasured	timestamp.c intervaltypmodout	[fn intervaltypmodout] proved ledger row(s) 2904; carried as proof-covered-unmeasured until the tree-wide kani join	p1-laney	pending
crates/backend/utils/adt/adt_timestamp/src/interval.rs	1170	proof-covered-unmeasured	timestamp.c intervaltypmodout	[fn intervaltypmodout] proved ledger row(s) 2904; carried as proof-covered-unmeasured until the tree-wide kani join	p1-laney	pending
crates/backend/utils/adt/adt_timestamp/src/interval.rs	1174	proof-covered-unmeasured	timestamp.c intervaltypmodout	[fn intervaltypmodout] proved ledger row(s) 2904; carried as proof-covered-unmeasured until the tree-wide kani join	p1-laney	pending
crates/backend/utils/adt/adt_timestamp/src/interval.rs	1180	proof-covered-unmeasured	timestamp.c intervaltypmodout	[fn intervaltypmodout] proved ledger row(s) 2904; carried as proof-covered-unmeasured until the tree-wide kani join	p1-laney	pending
crates/backend/utils/adt/adt_timestamp/src/interval.rs	1184	proof-covered-unmeasured	timestamp.c intervaltypmodout	[fn intervaltypmodout] proved ledger row(s) 2904; carried as proof-covered-unmeasured until the tree-wide kani join	p1-laney	pending
crates/backend/utils/adt/adt_timestamp/src/interval.rs	1188	proof-covered-unmeasured	timestamp.c intervaltypmodout	[fn intervaltypmodout] proved ledger row(s) 2904; carried as proof-covered-unmeasured until the tree-wide kani join	p1-laney	pending
crates/backend/utils/adt/adt_timestamp/src/interval.rs	1218	proof-covered-unmeasured	timestamp.c intervaltypmodleastfield	[fn intervaltypmodleastfield] proved ledger row(s) 2903 family (sole consumer interval_support is planner-carved); carried as proof-covered-unmeasured until the tree-wide kani join	p1-laney	pending
crates/backend/utils/adt/adt_timestamp/src/interval.rs	1219	proof-covered-unmeasured	timestamp.c intervaltypmodleastfield	[fn intervaltypmodleastfield] proved ledger row(s) 2903 family (sole consumer interval_support is planner-carved); carried as proof-covered-unmeasured until the tree-wide kani join	p1-laney	pending
crates/backend/utils/adt/adt_timestamp/src/interval.rs	1220	proof-covered-unmeasured	timestamp.c intervaltypmodleastfield	[fn intervaltypmodleastfield] proved ledger row(s) 2903 family (sole consumer interval_support is planner-carved); carried as proof-covered-unmeasured until the tree-wide kani join	p1-laney	pending
crates/backend/utils/adt/adt_timestamp/src/interval.rs	1222	proof-covered-unmeasured	timestamp.c intervaltypmodleastfield	[fn intervaltypmodleastfield] proved ledger row(s) 2903 family (sole consumer interval_support is planner-carved); carried as proof-covered-unmeasured until the tree-wide kani join	p1-laney	pending
crates/backend/utils/adt/adt_timestamp/src/interval.rs	1223	proof-covered-unmeasured	timestamp.c intervaltypmodleastfield	[fn intervaltypmodleastfield] proved ledger row(s) 2903 family (sole consumer interval_support is planner-carved); carried as proof-covered-unmeasured until the tree-wide kani join	p1-laney	pending
crates/backend/utils/adt/adt_timestamp/src/interval.rs	1224	proof-covered-unmeasured	timestamp.c intervaltypmodleastfield	[fn intervaltypmodleastfield] proved ledger row(s) 2903 family (sole consumer interval_support is planner-carved); carried as proof-covered-unmeasured until the tree-wide kani join	p1-laney	pending
crates/backend/utils/adt/adt_timestamp/src/interval.rs	1225	proof-covered-unmeasured	timestamp.c intervaltypmodleastfield	[fn intervaltypmodleastfield] proved ledger row(s) 2903 family (sole consumer interval_support is planner-carved); carried as proof-covered-unmeasured until the tree-wide kani join	p1-laney	pending
crates/backend/utils/adt/adt_timestamp/src/interval.rs	1226	proof-covered-unmeasured	timestamp.c intervaltypmodleastfield	[fn intervaltypmodleastfield] proved ledger row(s) 2903 family (sole consumer interval_support is planner-carved); carried as proof-covered-unmeasured until the tree-wide kani join	p1-laney	pending
crates/backend/utils/adt/adt_timestamp/src/interval.rs	1228	proof-covered-unmeasured	timestamp.c intervaltypmodleastfield	[fn intervaltypmodleastfield] proved ledger row(s) 2903 family (sole consumer interval_support is planner-carved); carried as proof-covered-unmeasured until the tree-wide kani join	p1-laney	pending
crates/backend/utils/adt/adt_timestamp/src/interval.rs	1229	proof-covered-unmeasured	timestamp.c intervaltypmodleastfield	[fn intervaltypmodleastfield] proved ledger row(s) 2903 family (sole consumer interval_support is planner-carved); carried as proof-covered-unmeasured until the tree-wide kani join	p1-laney	pending
crates/backend/utils/adt/adt_timestamp/src/interval.rs	1230	proof-covered-unmeasured	timestamp.c intervaltypmodleastfield	[fn intervaltypmodleastfield] proved ledger row(s) 2903 family (sole consumer interval_support is planner-carved); carried as proof-covered-unmeasured until the tree-wide kani join	p1-laney	pending
crates/backend/utils/adt/adt_timestamp/src/interval.rs	1231	proof-covered-unmeasured	timestamp.c intervaltypmodleastfield	[fn intervaltypmodleastfield] proved ledger row(s) 2903 family (sole consumer interval_support is planner-carved); carried as proof-covered-unmeasured until the tree-wide kani join	p1-laney	pending
crates/backend/utils/adt/adt_timestamp/src/interval.rs	1232	proof-covered-unmeasured	timestamp.c intervaltypmodleastfield	[fn intervaltypmodleastfield] proved ledger row(s) 2903 family (sole consumer interval_support is planner-carved); carried as proof-covered-unmeasured until the tree-wide kani join	p1-laney	pending
crates/backend/utils/adt/adt_timestamp/src/interval.rs	1234	proof-covered-unmeasured	timestamp.c intervaltypmodleastfield	[fn intervaltypmodleastfield] proved ledger row(s) 2903 family (sole consumer interval_support is planner-carved); carried as proof-covered-unmeasured until the tree-wide kani join	p1-laney	pending
crates/backend/utils/adt/adt_timestamp/src/interval.rs	1235	proof-covered-unmeasured	timestamp.c intervaltypmodleastfield	[fn intervaltypmodleastfield] proved ledger row(s) 2903 family (sole consumer interval_support is planner-carved); carried as proof-covered-unmeasured until the tree-wide kani join	p1-laney	pending
crates/backend/utils/adt/adt_timestamp/src/interval.rs	1236	proof-covered-unmeasured	timestamp.c intervaltypmodleastfield	[fn intervaltypmodleastfield] proved ledger row(s) 2903 family (sole consumer interval_support is planner-carved); carried as proof-covered-unmeasured until the tree-wide kani join	p1-laney	pending
crates/backend/utils/adt/adt_timestamp/src/interval.rs	1237	proof-covered-unmeasured	timestamp.c intervaltypmodleastfield	[fn intervaltypmodleastfield] proved ledger row(s) 2903 family (sole consumer interval_support is planner-carved); carried as proof-covered-unmeasured until the tree-wide kani join	p1-laney	pending
crates/backend/utils/adt/adt_timestamp/src/interval.rs	1239	proof-covered-unmeasured	timestamp.c intervaltypmodleastfield	[fn intervaltypmodleastfield] proved ledger row(s) 2903 family (sole consumer interval_support is planner-carved); carried as proof-covered-unmeasured until the tree-wide kani join	p1-laney	pending
crates/backend/utils/adt/adt_timestamp/src/interval.rs	1240	proof-covered-unmeasured	timestamp.c intervaltypmodleastfield	[fn intervaltypmodleastfield] proved ledger row(s) 2903 family (sole consumer interval_support is planner-carved); carried as proof-covered-unmeasured until the tree-wide kani join	p1-laney	pending
crates/backend/utils/adt/adt_timestamp/src/interval.rs	1241	proof-covered-unmeasured	timestamp.c intervaltypmodleastfield	[fn intervaltypmodleastfield] proved ledger row(s) 2903 family (sole consumer interval_support is planner-carved); carried as proof-covered-unmeasured until the tree-wide kani join	p1-laney	pending
crates/backend/utils/adt/adt_timestamp/src/interval.rs	1242	proof-covered-unmeasured	timestamp.c intervaltypmodleastfield	[fn intervaltypmodleastfield] proved ledger row(s) 2903 family (sole consumer interval_support is planner-carved); carried as proof-covered-unmeasured until the tree-wide kani join	p1-laney	pending
crates/backend/utils/adt/adt_timestamp/src/interval.rs	1243	proof-covered-unmeasured	timestamp.c intervaltypmodleastfield	[fn intervaltypmodleastfield] proved ledger row(s) 2903 family (sole consumer interval_support is planner-carved); carried as proof-covered-unmeasured until the tree-wide kani join	p1-laney	pending
crates/backend/utils/adt/adt_timestamp/src/interval.rs	1244	proof-covered-unmeasured	timestamp.c intervaltypmodleastfield	[fn intervaltypmodleastfield] proved ledger row(s) 2903 family (sole consumer interval_support is planner-carved); carried as proof-covered-unmeasured until the tree-wide kani join	p1-laney	pending
crates/backend/utils/adt/adt_timestamp/src/interval.rs	1245	proof-covered-unmeasured	timestamp.c intervaltypmodleastfield	[fn intervaltypmodleastfield] proved ledger row(s) 2903 family (sole consumer interval_support is planner-carved); carried as proof-covered-unmeasured until the tree-wide kani join	p1-laney	pending
crates/backend/utils/adt/adt_timestamp/src/interval.rs	1246	proof-covered-unmeasured	timestamp.c intervaltypmodleastfield	[fn intervaltypmodleastfield] proved ledger row(s) 2903 family (sole consumer interval_support is planner-carved); carried as proof-covered-unmeasured until the tree-wide kani join	p1-laney	pending
crates/backend/utils/adt/adt_timestamp/src/interval.rs	1247	proof-covered-unmeasured	timestamp.c intervaltypmodleastfield	[fn intervaltypmodleastfield] proved ledger row(s) 2903 family (sole consumer interval_support is planner-carved); carried as proof-covered-unmeasured until the tree-wide kani join	p1-laney	pending
crates/backend/utils/adt/adt_timestamp/src/interval.rs	1248	proof-covered-unmeasured	timestamp.c intervaltypmodleastfield	[fn intervaltypmodleastfield] proved ledger row(s) 2903 family (sole consumer interval_support is planner-carved); carried as proof-covered-unmeasured until the tree-wide kani join	p1-laney	pending
crates/backend/utils/adt/adt_timestamp/src/interval.rs	1250	proof-covered-unmeasured	timestamp.c intervaltypmodleastfield	[fn intervaltypmodleastfield] proved ledger row(s) 2903 family (sole consumer interval_support is planner-carved); carried as proof-covered-unmeasured until the tree-wide kani join	p1-laney	pending
crates/backend/utils/adt/adt_timestamp/src/interval.rs	1252	proof-covered-unmeasured	timestamp.c intervaltypmodleastfield	[fn intervaltypmodleastfield] proved ledger row(s) 2903 family (sole consumer interval_support is planner-carved); carried as proof-covered-unmeasured until the tree-wide kani join	p1-laney	pending
crates/backend/utils/adt/adt_timestamp/src/interval.rs	1378	proof-covered-unmeasured	timestamp.c make_interval	[fn make_interval] proved ledger row(s) 3464 + fuzzed (residual DA rows); carried as proof-covered-unmeasured until the tree-wide kani join	p1-laney	pending
crates/backend/utils/adt/adt_timestamp/src/interval.rs	1398	proof-covered-unmeasured	timestamp.c timestamp_izone 22023 raiser	[fn izone_error] proved ledger row(s) 2070/1026 err planes; carried as proof-covered-unmeasured until the tree-wide kani join	p1-laney	pending
crates/backend/utils/adt/adt_timestamp/src/interval.rs	1536	proof-covered-unmeasured	timestamp.c timestamp_age	[fn age_common] proved ledger row(s) 2058/1199 (fuzzed; residual DA rows); carried as proof-covered-unmeasured until the tree-wide kani join	p1-laney	pending
crates/backend/utils/adt/adt_timestamp/src/interval.rs	1589	instrument-unmappable	timestamp.c trunc/part unit switch cases	[fn trunc_supported_interval_unit] match-arm pattern / const-table row — rustc emits no independent DA record; arm bodies measured via unit-sweep seeds	p1-laney	pending
crates/backend/utils/adt/adt_timestamp/src/interval.rs	1590	instrument-unmappable	timestamp.c trunc/part unit switch cases	[fn trunc_supported_interval_unit] match-arm pattern / const-table row — rustc emits no independent DA record; arm bodies measured via unit-sweep seeds	p1-laney	pending
crates/backend/utils/adt/adt_timestamp/src/interval.rs	1591	instrument-unmappable	timestamp.c trunc/part unit switch cases	[fn trunc_supported_interval_unit] match-arm pattern / const-table row — rustc emits no independent DA record; arm bodies measured via unit-sweep seeds	p1-laney	pending
crates/backend/utils/adt/adt_timestamp/src/interval.rs	1592	instrument-unmappable	timestamp.c trunc/part unit switch cases	[fn trunc_supported_interval_unit] match-arm pattern / const-table row — rustc emits no independent DA record; arm bodies measured via unit-sweep seeds	p1-laney	pending
crates/backend/utils/adt/adt_timestamp/src/interval.rs	1593	instrument-unmappable	timestamp.c trunc/part unit switch cases	[fn trunc_supported_interval_unit] match-arm pattern / const-table row — rustc emits no independent DA record; arm bodies measured via unit-sweep seeds	p1-laney	pending
crates/backend/utils/adt/adt_timestamp/src/interval.rs	1594	instrument-unmappable	timestamp.c trunc/part unit switch cases	[fn trunc_supported_interval_unit] match-arm pattern / const-table row — rustc emits no independent DA record; arm bodies measured via unit-sweep seeds	p1-laney	pending
crates/backend/utils/adt/adt_timestamp/src/interval.rs	1595	instrument-unmappable	timestamp.c trunc/part unit switch cases	[fn trunc_supported_interval_unit] match-arm pattern / const-table row — rustc emits no independent DA record; arm bodies measured via unit-sweep seeds	p1-laney	pending
crates/backend/utils/adt/adt_timestamp/src/interval.rs	1596	instrument-unmappable	timestamp.c trunc/part unit switch cases	[fn trunc_supported_interval_unit] match-arm pattern / const-table row — rustc emits no independent DA record; arm bodies measured via unit-sweep seeds	p1-laney	pending
crates/backend/utils/adt/adt_timestamp/src/interval.rs	1597	instrument-unmappable	timestamp.c trunc/part unit switch cases	[fn trunc_supported_interval_unit] match-arm pattern / const-table row — rustc emits no independent DA record; arm bodies measured via unit-sweep seeds	p1-laney	pending
crates/backend/utils/adt/adt_timestamp/src/interval.rs	1598	instrument-unmappable	timestamp.c trunc/part unit switch cases	[fn trunc_supported_interval_unit] match-arm pattern / const-table row — rustc emits no independent DA record; arm bodies measured via unit-sweep seeds	p1-laney	pending
crates/backend/utils/adt/adt_timestamp/src/interval.rs	1599	instrument-unmappable	timestamp.c trunc/part unit switch cases	[fn trunc_supported_interval_unit] match-arm pattern / const-table row — rustc emits no independent DA record; arm bodies measured via unit-sweep seeds	p1-laney	pending
crates/backend/utils/adt/adt_timestamp/src/interval.rs	1600	instrument-unmappable	timestamp.c trunc/part unit switch cases	[fn trunc_supported_interval_unit] match-arm pattern / const-table row — rustc emits no independent DA record; arm bodies measured via unit-sweep seeds	p1-laney	pending
crates/backend/utils/adt/adt_timestamp/src/interval.rs	1694	instrument-unmappable	timestamp.c trunc/part unit switch cases	[fn NonFiniteIntervalPart] match-arm pattern / const-table row — rustc emits no independent DA record; arm bodies measured via unit-sweep seeds	p1-laney	pending
crates/backend/utils/adt/adt_timestamp/src/interval.rs	1812	const-eval-only	timestamp.c IntervalScales/IntervalOffsets tables + compile-time asserts	[fn interval_part_common] static data table / const assertion — no runtime execution	p1-laney	pending
crates/backend/utils/adt/adt_timestamp/src/interval.rs	1815	const-eval-only	timestamp.c IntervalScales/IntervalOffsets tables + compile-time asserts	[fn interval_part_common] static data table / const assertion — no runtime execution	p1-laney	pending
crates/backend/utils/adt/adt_timestamp/src/interval.rs	1816	const-eval-only	timestamp.c IntervalScales/IntervalOffsets tables + compile-time asserts	[fn interval_part_common] static data table / const assertion — no runtime execution	p1-laney	pending
crates/backend/utils/adt/adt_timestamp/src/lib.rs	82	excluded-state	timestamp.c GetCurrentTimestamp/GetSQLCurrentTimestamp/GetCurrentTimeUsec/timeofday/TimestampDifference*	[fn GetCurrentTimestamp] real clock / xact-state reads (pinned behind seams in the fuzz env); state carve per claim scope	p1-laney	pending
crates/backend/utils/adt/adt_timestamp/src/lib.rs	86	excluded-state	timestamp.c GetCurrentTimestamp/GetSQLCurrentTimestamp/GetCurrentTimeUsec/timeofday/TimestampDifference*	[fn GetCurrentTimestamp] real clock / xact-state reads (pinned behind seams in the fuzz env); state carve per claim scope	p1-laney	pending
crates/backend/utils/adt/adt_timestamp/src/lib.rs	88	excluded-state	timestamp.c GetCurrentTimestamp/GetSQLCurrentTimestamp/GetCurrentTimeUsec/timeofday/TimestampDifference*	[fn GetCurrentTimestamp] real clock / xact-state reads (pinned behind seams in the fuzz env); state carve per claim scope	p1-laney	pending
crates/backend/utils/adt/adt_timestamp/src/lib.rs	89	excluded-state	timestamp.c GetCurrentTimestamp/GetSQLCurrentTimestamp/GetCurrentTimeUsec/timeofday/TimestampDifference*	[fn GetCurrentTimestamp] real clock / xact-state reads (pinned behind seams in the fuzz env); state carve per claim scope	p1-laney	pending
crates/backend/utils/adt/adt_timestamp/src/lib.rs	90	excluded-state	timestamp.c GetCurrentTimestamp/GetSQLCurrentTimestamp/GetCurrentTimeUsec/timeofday/TimestampDifference*	[fn GetCurrentTimestamp] real clock / xact-state reads (pinned behind seams in the fuzz env); state carve per claim scope	p1-laney	pending
crates/backend/utils/adt/adt_timestamp/src/lib.rs	91	excluded-state	timestamp.c GetCurrentTimestamp/GetSQLCurrentTimestamp/GetCurrentTimeUsec/timeofday/TimestampDifference*	[fn GetCurrentTimestamp] real clock / xact-state reads (pinned behind seams in the fuzz env); state carve per claim scope	p1-laney	pending
crates/backend/utils/adt/adt_timestamp/src/lib.rs	94	excluded-state	timestamp.c GetCurrentTimestamp/GetSQLCurrentTimestamp/GetCurrentTimeUsec/timeofday/TimestampDifference*	[fn GetSQLCurrentTimestamp] real clock / xact-state reads (pinned behind seams in the fuzz env); state carve per claim scope	p1-laney	pending
crates/backend/utils/adt/adt_timestamp/src/lib.rs	95	excluded-state	timestamp.c GetCurrentTimestamp/GetSQLCurrentTimestamp/GetCurrentTimeUsec/timeofday/TimestampDifference*	[fn GetSQLCurrentTimestamp] real clock / xact-state reads (pinned behind seams in the fuzz env); state carve per claim scope	p1-laney	pending
crates/backend/utils/adt/adt_timestamp/src/lib.rs	96	excluded-state	timestamp.c GetCurrentTimestamp/GetSQLCurrentTimestamp/GetCurrentTimeUsec/timeofday/TimestampDifference*	[fn GetSQLCurrentTimestamp] real clock / xact-state reads (pinned behind seams in the fuzz env); state carve per claim scope	p1-laney	pending
crates/backend/utils/adt/adt_timestamp/src/lib.rs	97	excluded-state	timestamp.c GetCurrentTimestamp/GetSQLCurrentTimestamp/GetCurrentTimeUsec/timeofday/TimestampDifference*	[fn GetSQLCurrentTimestamp] real clock / xact-state reads (pinned behind seams in the fuzz env); state carve per claim scope	p1-laney	pending
crates/backend/utils/adt/adt_timestamp/src/lib.rs	98	excluded-state	timestamp.c GetCurrentTimestamp/GetSQLCurrentTimestamp/GetCurrentTimeUsec/timeofday/TimestampDifference*	[fn GetSQLCurrentTimestamp] real clock / xact-state reads (pinned behind seams in the fuzz env); state carve per claim scope	p1-laney	pending
crates/backend/utils/adt/adt_timestamp/src/lib.rs	100	excluded-state	timestamp.c GetCurrentTimestamp/GetSQLCurrentTimestamp/GetCurrentTimeUsec/timeofday/TimestampDifference*	[fn GetSQLCurrentTimestamp] real clock / xact-state reads (pinned behind seams in the fuzz env); state carve per claim scope	p1-laney	pending
crates/backend/utils/adt/adt_timestamp/src/lib.rs	103	excluded-state	timestamp.c GetCurrentTimestamp/GetSQLCurrentTimestamp/GetCurrentTimeUsec/timeofday/TimestampDifference*	[fn GetSQLCurrentTimestamp] real clock / xact-state reads (pinned behind seams in the fuzz env); state carve per claim scope	p1-laney	pending
crates/backend/utils/adt/adt_timestamp/src/lib.rs	104	excluded-state	timestamp.c GetCurrentTimestamp/GetSQLCurrentTimestamp/GetCurrentTimeUsec/timeofday/TimestampDifference*	[fn GetSQLCurrentTimestamp] real clock / xact-state reads (pinned behind seams in the fuzz env); state carve per claim scope	p1-laney	pending
crates/backend/utils/adt/adt_timestamp/src/lib.rs	105	excluded-state	timestamp.c GetCurrentTimestamp/GetSQLCurrentTimestamp/GetCurrentTimeUsec/timeofday/TimestampDifference*	[fn GetSQLCurrentTimestamp] real clock / xact-state reads (pinned behind seams in the fuzz env); state carve per claim scope	p1-laney	pending
crates/backend/utils/adt/adt_timestamp/src/lib.rs	106	excluded-state	timestamp.c GetCurrentTimestamp/GetSQLCurrentTimestamp/GetCurrentTimeUsec/timeofday/TimestampDifference*	[fn GetSQLCurrentTimestamp] real clock / xact-state reads (pinned behind seams in the fuzz env); state carve per claim scope	p1-laney	pending
crates/backend/utils/adt/adt_timestamp/src/lib.rs	115	proof-covered-unmeasured	timestamp.c AdjustTimestampForTypmod	[fn AdjustTimestampForTypmod] proved ledger row(s) 1961/1967 full grid (also fuzzed heavily); carried as proof-covered-unmeasured until the tree-wide kani join	p1-laney	pending
crates/backend/utils/adt/adt_timestamp/src/lib.rs	116	proof-covered-unmeasured	timestamp.c AdjustTimestampForTypmod	[fn AdjustTimestampForTypmod] proved ledger row(s) 1961/1967 full grid (also fuzzed heavily); carried as proof-covered-unmeasured until the tree-wide kani join	p1-laney	pending
crates/backend/utils/adt/adt_timestamp/src/lib.rs	117	proof-covered-unmeasured	timestamp.c AdjustTimestampForTypmod	[fn AdjustTimestampForTypmod] proved ledger row(s) 1961/1967 full grid (also fuzzed heavily); carried as proof-covered-unmeasured until the tree-wide kani join	p1-laney	pending
crates/backend/utils/adt/adt_timestamp/src/lib.rs	118	proof-covered-unmeasured	timestamp.c AdjustTimestampForTypmod	[fn AdjustTimestampForTypmod] proved ledger row(s) 1961/1967 full grid (also fuzzed heavily); carried as proof-covered-unmeasured until the tree-wide kani join	p1-laney	pending
crates/backend/utils/adt/adt_timestamp/src/lib.rs	119	proof-covered-unmeasured	timestamp.c AdjustTimestampForTypmod	[fn AdjustTimestampForTypmod] proved ledger row(s) 1961/1967 full grid (also fuzzed heavily); carried as proof-covered-unmeasured until the tree-wide kani join	p1-laney	pending
crates/backend/utils/adt/adt_timestamp/src/lib.rs	120	proof-covered-unmeasured	timestamp.c AdjustTimestampForTypmod	[fn AdjustTimestampForTypmod] proved ledger row(s) 1961/1967 full grid (also fuzzed heavily); carried as proof-covered-unmeasured until the tree-wide kani join	p1-laney	pending
crates/backend/utils/adt/adt_timestamp/src/lib.rs	122	proof-covered-unmeasured	timestamp.c AdjustTimestampForTypmod	[fn AdjustTimestampForTypmod] proved ledger row(s) 1961/1967 full grid (also fuzzed heavily); carried as proof-covered-unmeasured until the tree-wide kani join	p1-laney	pending
crates/backend/utils/adt/adt_timestamp/src/lib.rs	153	proof-covered-unmeasured	timestamp.c anytimestamp_typmod_check	[fn anytimestamp_typmod_check] proved ledger row(s) 2905/2907 (also fuzzed via typmodin fc arm); carried as proof-covered-unmeasured until the tree-wide kani join	p1-laney	pending
crates/backend/utils/adt/adt_timestamp/src/lib.rs	156	proof-covered-unmeasured	timestamp.c anytimestamp_typmod_check	[fn anytimestamp_typmod_check] proved ledger row(s) 2905/2907 (also fuzzed via typmodin fc arm); carried as proof-covered-unmeasured until the tree-wide kani join	p1-laney	pending
crates/backend/utils/adt/adt_timestamp/src/lib.rs	157	proof-covered-unmeasured	timestamp.c anytimestamp_typmod_check	[fn anytimestamp_typmod_check] proved ledger row(s) 2905/2907 (also fuzzed via typmodin fc arm); carried as proof-covered-unmeasured until the tree-wide kani join	p1-laney	pending
crates/backend/utils/adt/adt_timestamp/src/lib.rs	158	proof-covered-unmeasured	timestamp.c anytimestamp_typmod_check	[fn anytimestamp_typmod_check] proved ledger row(s) 2905/2907 (also fuzzed via typmodin fc arm); carried as proof-covered-unmeasured until the tree-wide kani join	p1-laney	pending
crates/backend/utils/adt/adt_timestamp/src/lib.rs	159	proof-covered-unmeasured	timestamp.c anytimestamp_typmod_check	[fn anytimestamp_typmod_check] proved ledger row(s) 2905/2907 (also fuzzed via typmodin fc arm); carried as proof-covered-unmeasured until the tree-wide kani join	p1-laney	pending
crates/backend/utils/adt/adt_timestamp/src/lib.rs	171	defensive-c-parity	timestamp.c EncodeSpecialTimestamp (no else arm; callers guarantee nonfinite)	[fn EncodeSpecialTimestamp] panic guard mirroring C's implicit contract — only nonfinite inputs reach it (both callers check TIMESTAMP_NOT_FINITE first)	p1-laney	pending
crates/backend/utils/adt/adt_timestamp/src/lib.rs	339	excluded-state	timestamp.c TimestampTimestampTzRequiresRewrite	[fn TimestampTimestampTzRequiresRewrite] ALTER TABLE rewrite gate over the session-timezone GUC; catalog/DDL machinery outside the pure io/arith scope	p1-laney	pending
crates/backend/utils/adt/adt_timestamp/src/lib.rs	340	excluded-state	timestamp.c TimestampTimestampTzRequiresRewrite	[fn TimestampTimestampTzRequiresRewrite] ALTER TABLE rewrite gate over the session-timezone GUC; catalog/DDL machinery outside the pure io/arith scope	p1-laney	pending
crates/backend/utils/adt/adt_timestamp/src/lib.rs	341	excluded-state	timestamp.c TimestampTimestampTzRequiresRewrite	[fn TimestampTimestampTzRequiresRewrite] ALTER TABLE rewrite gate over the session-timezone GUC; catalog/DDL machinery outside the pure io/arith scope	p1-laney	pending
crates/backend/utils/adt/adt_timestamp/src/lib.rs	343	excluded-state	timestamp.c TimestampTimestampTzRequiresRewrite	[fn TimestampTimestampTzRequiresRewrite] ALTER TABLE rewrite gate over the session-timezone GUC; catalog/DDL machinery outside the pure io/arith scope	p1-laney	pending
crates/backend/utils/adt/adt_timestamp/src/lib.rs	344	excluded-state	timestamp.c TimestampTimestampTzRequiresRewrite	[fn TimestampTimestampTzRequiresRewrite] ALTER TABLE rewrite gate over the session-timezone GUC; catalog/DDL machinery outside the pure io/arith scope	p1-laney	pending
crates/backend/utils/adt/adt_timestamp/src/lib.rs	345	excluded-state	timestamp.c TimestampTimestampTzRequiresRewrite	[fn TimestampTimestampTzRequiresRewrite] ALTER TABLE rewrite gate over the session-timezone GUC; catalog/DDL machinery outside the pure io/arith scope	p1-laney	pending
crates/backend/utils/adt/adt_timestamp/src/lib.rs	347	excluded-state	timestamp.c TimestampTimestampTzRequiresRewrite	[fn TimestampTimestampTzRequiresRewrite] ALTER TABLE rewrite gate over the session-timezone GUC; catalog/DDL machinery outside the pure io/arith scope	p1-laney	pending
crates/backend/utils/adt/adt_timestamp/src/lib.rs	384	proof-covered-unmeasured	timestamp.c timestamp2tm	[fn timestamp2tm] proved ledger row(s) 2027 recompose planes; residual lines are tz-arm DA gaps (fuzz-covered fn otherwise); carried as proof-covered-unmeasured until the tree-wide kani join	p1-laney	pending
crates/backend/utils/adt/adt_timestamp/src/lib.rs	414	proof-covered-unmeasured	timestamp.c timestamp2tm	[fn timestamp2tm] proved ledger row(s) 2027 recompose planes; residual lines are tz-arm DA gaps (fuzz-covered fn otherwise); carried as proof-covered-unmeasured until the tree-wide kani join	p1-laney	pending
crates/backend/utils/adt/adt_timestamp/src/lib.rs	415	proof-covered-unmeasured	timestamp.c timestamp2tm	[fn timestamp2tm] proved ledger row(s) 2027 recompose planes; residual lines are tz-arm DA gaps (fuzz-covered fn otherwise); carried as proof-covered-unmeasured until the tree-wide kani join	p1-laney	pending
crates/backend/utils/adt/adt_timestamp/src/lib.rs	416	proof-covered-unmeasured	timestamp.c timestamp2tm	[fn timestamp2tm] proved ledger row(s) 2027 recompose planes; residual lines are tz-arm DA gaps (fuzz-covered fn otherwise); carried as proof-covered-unmeasured until the tree-wide kani join	p1-laney	pending
crates/backend/utils/adt/adt_timestamp/src/lib.rs	417	proof-covered-unmeasured	timestamp.c timestamp2tm	[fn timestamp2tm] proved ledger row(s) 2027 recompose planes; residual lines are tz-arm DA gaps (fuzz-covered fn otherwise); carried as proof-covered-unmeasured until the tree-wide kani join	p1-laney	pending
crates/backend/utils/adt/adt_timestamp/src/lib.rs	418	proof-covered-unmeasured	timestamp.c timestamp2tm	[fn timestamp2tm] proved ledger row(s) 2027 recompose planes; residual lines are tz-arm DA gaps (fuzz-covered fn otherwise); carried as proof-covered-unmeasured until the tree-wide kani join	p1-laney	pending
crates/backend/utils/adt/adt_timestamp/src/lib.rs	419	proof-covered-unmeasured	timestamp.c timestamp2tm	[fn timestamp2tm] proved ledger row(s) 2027 recompose planes; residual lines are tz-arm DA gaps (fuzz-covered fn otherwise); carried as proof-covered-unmeasured until the tree-wide kani join	p1-laney	pending
crates/backend/utils/adt/adt_timestamp/src/lib.rs	492	excluded-state	timestamp.c GetCurrentTimestamp/GetSQLCurrentTimestamp/GetCurrentTimeUsec/timeofday/TimestampDifference*	[fn TimestampDifference] real clock / xact-state reads (pinned behind seams in the fuzz env); state carve per claim scope	p1-laney	pending
crates/backend/utils/adt/adt_timestamp/src/lib.rs	493	excluded-state	timestamp.c GetCurrentTimestamp/GetSQLCurrentTimestamp/GetCurrentTimeUsec/timeofday/TimestampDifference*	[fn TimestampDifference] real clock / xact-state reads (pinned behind seams in the fuzz env); state carve per claim scope	p1-laney	pending
crates/backend/utils/adt/adt_timestamp/src/lib.rs	494	excluded-state	timestamp.c GetCurrentTimestamp/GetSQLCurrentTimestamp/GetCurrentTimeUsec/timeofday/TimestampDifference*	[fn TimestampDifference] real clock / xact-state reads (pinned behind seams in the fuzz env); state carve per claim scope	p1-laney	pending
crates/backend/utils/adt/adt_timestamp/src/lib.rs	495	excluded-state	timestamp.c GetCurrentTimestamp/GetSQLCurrentTimestamp/GetCurrentTimeUsec/timeofday/TimestampDifference*	[fn TimestampDifference] real clock / xact-state reads (pinned behind seams in the fuzz env); state carve per claim scope	p1-laney	pending
crates/backend/utils/adt/adt_timestamp/src/lib.rs	497	excluded-state	timestamp.c GetCurrentTimestamp/GetSQLCurrentTimestamp/GetCurrentTimeUsec/timeofday/TimestampDifference*	[fn TimestampDifference] real clock / xact-state reads (pinned behind seams in the fuzz env); state carve per claim scope	p1-laney	pending
crates/backend/utils/adt/adt_timestamp/src/lib.rs	501	excluded-state	timestamp.c GetCurrentTimestamp/GetSQLCurrentTimestamp/GetCurrentTimeUsec/timeofday/TimestampDifference*	[fn TimestampDifferenceMilliseconds] real clock / xact-state reads (pinned behind seams in the fuzz env); state carve per claim scope	p1-laney	pending
crates/backend/utils/adt/adt_timestamp/src/lib.rs	502	excluded-state	timestamp.c GetCurrentTimestamp/GetSQLCurrentTimestamp/GetCurrentTimeUsec/timeofday/TimestampDifference*	[fn TimestampDifferenceMilliseconds] real clock / xact-state reads (pinned behind seams in the fuzz env); state carve per claim scope	p1-laney	pending
crates/backend/utils/adt/adt_timestamp/src/lib.rs	503	excluded-state	timestamp.c GetCurrentTimestamp/GetSQLCurrentTimestamp/GetCurrentTimeUsec/timeofday/TimestampDifference*	[fn TimestampDifferenceMilliseconds] real clock / xact-state reads (pinned behind seams in the fuzz env); state carve per claim scope	p1-laney	pending
crates/backend/utils/adt/adt_timestamp/src/lib.rs	505	excluded-state	timestamp.c GetCurrentTimestamp/GetSQLCurrentTimestamp/GetCurrentTimeUsec/timeofday/TimestampDifference*	[fn TimestampDifferenceMilliseconds] real clock / xact-state reads (pinned behind seams in the fuzz env); state carve per claim scope	p1-laney	pending
crates/backend/utils/adt/adt_timestamp/src/lib.rs	506	excluded-state	timestamp.c GetCurrentTimestamp/GetSQLCurrentTimestamp/GetCurrentTimeUsec/timeofday/TimestampDifference*	[fn TimestampDifferenceMilliseconds] real clock / xact-state reads (pinned behind seams in the fuzz env); state carve per claim scope	p1-laney	pending
crates/backend/utils/adt/adt_timestamp/src/lib.rs	508	excluded-state	timestamp.c GetCurrentTimestamp/GetSQLCurrentTimestamp/GetCurrentTimeUsec/timeofday/TimestampDifference*	[fn TimestampDifferenceMilliseconds] real clock / xact-state reads (pinned behind seams in the fuzz env); state carve per claim scope	p1-laney	pending
crates/backend/utils/adt/adt_timestamp/src/lib.rs	509	excluded-state	timestamp.c GetCurrentTimestamp/GetSQLCurrentTimestamp/GetCurrentTimeUsec/timeofday/TimestampDifference*	[fn TimestampDifferenceMilliseconds] real clock / xact-state reads (pinned behind seams in the fuzz env); state carve per claim scope	p1-laney	pending
crates/backend/utils/adt/adt_timestamp/src/lib.rs	511	excluded-state	timestamp.c GetCurrentTimestamp/GetSQLCurrentTimestamp/GetCurrentTimeUsec/timeofday/TimestampDifference*	[fn TimestampDifferenceMilliseconds] real clock / xact-state reads (pinned behind seams in the fuzz env); state carve per claim scope	p1-laney	pending
crates/backend/utils/adt/adt_timestamp/src/lib.rs	515	excluded-state	timestamp.c GetCurrentTimestamp/GetSQLCurrentTimestamp/GetCurrentTimeUsec/timeofday/TimestampDifference*	[fn TimestampDifferenceExceeds] real clock / xact-state reads (pinned behind seams in the fuzz env); state carve per claim scope	p1-laney	pending
crates/backend/utils/adt/adt_timestamp/src/lib.rs	516	excluded-state	timestamp.c GetCurrentTimestamp/GetSQLCurrentTimestamp/GetCurrentTimeUsec/timeofday/TimestampDifference*	[fn TimestampDifferenceExceeds] real clock / xact-state reads (pinned behind seams in the fuzz env); state carve per claim scope	p1-laney	pending
crates/backend/utils/adt/adt_timestamp/src/lib.rs	517	excluded-state	timestamp.c GetCurrentTimestamp/GetSQLCurrentTimestamp/GetCurrentTimeUsec/timeofday/TimestampDifference*	[fn TimestampDifferenceExceeds] real clock / xact-state reads (pinned behind seams in the fuzz env); state carve per claim scope	p1-laney	pending
crates/backend/utils/adt/adt_timestamp/src/lib.rs	518	excluded-state	timestamp.c GetCurrentTimestamp/GetSQLCurrentTimestamp/GetCurrentTimeUsec/timeofday/TimestampDifference*	[fn TimestampDifferenceExceeds] real clock / xact-state reads (pinned behind seams in the fuzz env); state carve per claim scope	p1-laney	pending
crates/backend/utils/adt/adt_timestamp/src/lib.rs	519	excluded-state	timestamp.c GetCurrentTimestamp/GetSQLCurrentTimestamp/GetCurrentTimeUsec/timeofday/TimestampDifference*	[fn TimestampDifferenceExceeds] real clock / xact-state reads (pinned behind seams in the fuzz env); state carve per claim scope	p1-laney	pending
crates/backend/utils/adt/adt_timestamp/src/lib.rs	520	excluded-state	timestamp.c GetCurrentTimestamp/GetSQLCurrentTimestamp/GetCurrentTimeUsec/timeofday/TimestampDifference*	[fn TimestampDifferenceExceeds] real clock / xact-state reads (pinned behind seams in the fuzz env); state carve per claim scope	p1-laney	pending
crates/backend/utils/adt/adt_timestamp/src/lib.rs	523	excluded-state	timestamp.c GetCurrentTimestamp/GetSQLCurrentTimestamp/GetCurrentTimeUsec/timeofday/TimestampDifference*	[fn TimestampDifferenceExceedsSeconds] real clock / xact-state reads (pinned behind seams in the fuzz env); state carve per claim scope	p1-laney	pending
crates/backend/utils/adt/adt_timestamp/src/lib.rs	524	excluded-state	timestamp.c GetCurrentTimestamp/GetSQLCurrentTimestamp/GetCurrentTimeUsec/timeofday/TimestampDifference*	[fn TimestampDifferenceExceedsSeconds] real clock / xact-state reads (pinned behind seams in the fuzz env); state carve per claim scope	p1-laney	pending
crates/backend/utils/adt/adt_timestamp/src/lib.rs	525	excluded-state	timestamp.c GetCurrentTimestamp/GetSQLCurrentTimestamp/GetCurrentTimeUsec/timeofday/TimestampDifference*	[fn TimestampDifferenceExceedsSeconds] real clock / xact-state reads (pinned behind seams in the fuzz env); state carve per claim scope	p1-laney	pending
crates/backend/utils/adt/adt_timestamp/src/lib.rs	526	excluded-state	timestamp.c GetCurrentTimestamp/GetSQLCurrentTimestamp/GetCurrentTimeUsec/timeofday/TimestampDifference*	[fn TimestampDifferenceExceedsSeconds] real clock / xact-state reads (pinned behind seams in the fuzz env); state carve per claim scope	p1-laney	pending
crates/backend/utils/adt/adt_timestamp/src/lib.rs	527	excluded-state	timestamp.c GetCurrentTimestamp/GetSQLCurrentTimestamp/GetCurrentTimeUsec/timeofday/TimestampDifference*	[fn TimestampDifferenceExceedsSeconds] real clock / xact-state reads (pinned behind seams in the fuzz env); state carve per claim scope	p1-laney	pending
crates/backend/utils/adt/adt_timestamp/src/lib.rs	528	excluded-state	timestamp.c GetCurrentTimestamp/GetSQLCurrentTimestamp/GetCurrentTimeUsec/timeofday/TimestampDifference*	[fn TimestampDifferenceExceedsSeconds] real clock / xact-state reads (pinned behind seams in the fuzz env); state carve per claim scope	p1-laney	pending
crates/backend/utils/adt/adt_timestamp/src/lib.rs	575	proof-covered-unmeasured	timestamp.c timestamp_cmp_internal	[fn timestamp_cmp_internal] proved ledger row(s) 1314/2045/2052-2057; carried as proof-covered-unmeasured until the tree-wide kani join	p1-laney	pending
crates/backend/utils/adt/adt_timestamp/src/lib.rs	576	proof-covered-unmeasured	timestamp.c timestamp_cmp_internal	[fn timestamp_cmp_internal] proved ledger row(s) 1314/2045/2052-2057; carried as proof-covered-unmeasured until the tree-wide kani join	p1-laney	pending
crates/backend/utils/adt/adt_timestamp/src/lib.rs	577	proof-covered-unmeasured	timestamp.c timestamp_cmp_internal	[fn timestamp_cmp_internal] proved ledger row(s) 1314/2045/2052-2057; carried as proof-covered-unmeasured until the tree-wide kani join	p1-laney	pending
crates/backend/utils/adt/adt_timestamp/src/lib.rs	578	proof-covered-unmeasured	timestamp.c timestamp_cmp_internal	[fn timestamp_cmp_internal] proved ledger row(s) 1314/2045/2052-2057; carried as proof-covered-unmeasured until the tree-wide kani join	p1-laney	pending
crates/backend/utils/adt/adt_timestamp/src/lib.rs	579	proof-covered-unmeasured	timestamp.c timestamp_cmp_internal	[fn timestamp_cmp_internal] proved ledger row(s) 1314/2045/2052-2057; carried as proof-covered-unmeasured until the tree-wide kani join	p1-laney	pending
crates/backend/utils/adt/adt_timestamp/src/lib.rs	581	proof-covered-unmeasured	timestamp.c timestamp_cmp_internal	[fn timestamp_cmp_internal] proved ledger row(s) 1314/2045/2052-2057; carried as proof-covered-unmeasured until the tree-wide kani join	p1-laney	pending
crates/backend/utils/adt/adt_timestamp/src/lib.rs	590	proof-covered-unmeasured	timestamp.c timestamp2timestamptz_opt_overflow	[fn timestamp2timestamptz_opt_overflow] proved ledger row(s) 2028; carried as proof-covered-unmeasured until the tree-wide kani join	p1-laney	pending
crates/backend/utils/adt/adt_timestamp/src/lib.rs	594	proof-covered-unmeasured	timestamp.c timestamp2timestamptz_opt_overflow	[fn timestamp2timestamptz_opt_overflow] proved ledger row(s) 2028; carried as proof-covered-unmeasured until the tree-wide kani join	p1-laney	pending
crates/backend/utils/adt/adt_timestamp/src/lib.rs	605	proof-covered-unmeasured	timestamp.c timestamp2timestamptz_opt_overflow	[fn timestamp2timestamptz_opt_overflow] proved ledger row(s) 2028; carried as proof-covered-unmeasured until the tree-wide kani join	p1-laney	pending
crates/backend/utils/adt/adt_timestamp/src/lib.rs	606	proof-covered-unmeasured	timestamp.c timestamp2timestamptz_opt_overflow	[fn timestamp2timestamptz_opt_overflow] proved ledger row(s) 2028; carried as proof-covered-unmeasured until the tree-wide kani join	p1-laney	pending
crates/backend/utils/adt/adt_timestamp/src/lib.rs	607	proof-covered-unmeasured	timestamp.c timestamp2timestamptz_opt_overflow	[fn timestamp2timestamptz_opt_overflow] proved ledger row(s) 2028; carried as proof-covered-unmeasured until the tree-wide kani join	p1-laney	pending
crates/backend/utils/adt/adt_timestamp/src/lib.rs	608	proof-covered-unmeasured	timestamp.c timestamp2timestamptz_opt_overflow	[fn timestamp2timestamptz_opt_overflow] proved ledger row(s) 2028; carried as proof-covered-unmeasured until the tree-wide kani join	p1-laney	pending
crates/backend/utils/adt/adt_timestamp/src/lib.rs	610	proof-covered-unmeasured	timestamp.c timestamp2timestamptz_opt_overflow	[fn timestamp2timestamptz_opt_overflow] proved ledger row(s) 2028; carried as proof-covered-unmeasured until the tree-wide kani join	p1-laney	pending
crates/backend/utils/adt/adt_timestamp/src/lib.rs	611	proof-covered-unmeasured	timestamp.c timestamp2timestamptz_opt_overflow	[fn timestamp2timestamptz_opt_overflow] proved ledger row(s) 2028; carried as proof-covered-unmeasured until the tree-wide kani join	p1-laney	pending
crates/backend/utils/adt/adt_timestamp/src/lib.rs	615	proof-covered-unmeasured	timestamp.c timestamp2timestamptz_opt_overflow	[fn timestamp2timestamptz_opt_overflow] proved ledger row(s) 2028; carried as proof-covered-unmeasured until the tree-wide kani join	p1-laney	pending
crates/backend/utils/adt/adt_timestamp/src/lib.rs	622	proof-covered-unmeasured	timestamp.c timestamptz2timestamp	[fn timestamptz2timestamp] proved ledger row(s) 2027; carried as proof-covered-unmeasured until the tree-wide kani join	p1-laney	pending
crates/backend/utils/adt/adt_timestamp/src/lib.rs	623	proof-covered-unmeasured	timestamp.c timestamptz2timestamp	[fn timestamptz2timestamp] proved ledger row(s) 2027; carried as proof-covered-unmeasured until the tree-wide kani join	p1-laney	pending
crates/backend/utils/adt/adt_timestamp/src/lib.rs	624	proof-covered-unmeasured	timestamp.c timestamptz2timestamp	[fn timestamptz2timestamp] proved ledger row(s) 2027; carried as proof-covered-unmeasured until the tree-wide kani join	p1-laney	pending
crates/backend/utils/adt/adt_timestamp/src/lib.rs	626	proof-covered-unmeasured	timestamp.c timestamptz2timestamp	[fn timestamptz2timestamp] proved ledger row(s) 2027; carried as proof-covered-unmeasured until the tree-wide kani join	p1-laney	pending
crates/backend/utils/adt/adt_timestamp/src/lib.rs	627	proof-covered-unmeasured	timestamp.c timestamptz2timestamp	[fn timestamptz2timestamp] proved ledger row(s) 2027; carried as proof-covered-unmeasured until the tree-wide kani join	p1-laney	pending
crates/backend/utils/adt/adt_timestamp/src/lib.rs	628	proof-covered-unmeasured	timestamp.c timestamptz2timestamp	[fn timestamptz2timestamp] proved ledger row(s) 2027; carried as proof-covered-unmeasured until the tree-wide kani join	p1-laney	pending
crates/backend/utils/adt/adt_timestamp/src/lib.rs	629	proof-covered-unmeasured	timestamp.c timestamptz2timestamp	[fn timestamptz2timestamp] proved ledger row(s) 2027; carried as proof-covered-unmeasured until the tree-wide kani join	p1-laney	pending
crates/backend/utils/adt/adt_timestamp/src/lib.rs	630	proof-covered-unmeasured	timestamp.c timestamptz2timestamp	[fn timestamptz2timestamp] proved ledger row(s) 2027; carried as proof-covered-unmeasured until the tree-wide kani join	p1-laney	pending
crates/backend/utils/adt/adt_timestamp/src/lib.rs	632	proof-covered-unmeasured	timestamp.c timestamptz2timestamp	[fn timestamptz2timestamp] proved ledger row(s) 2027; carried as proof-covered-unmeasured until the tree-wide kani join	p1-laney	pending
crates/backend/utils/adt/adt_timestamp/src/lib.rs	633	proof-covered-unmeasured	timestamp.c timestamptz2timestamp	[fn timestamptz2timestamp] proved ledger row(s) 2027; carried as proof-covered-unmeasured until the tree-wide kani join	p1-laney	pending
crates/backend/utils/adt/adt_timestamp/src/lib.rs	634	proof-covered-unmeasured	timestamp.c timestamptz2timestamp	[fn timestamptz2timestamp] proved ledger row(s) 2027; carried as proof-covered-unmeasured until the tree-wide kani join	p1-laney	pending
crates/backend/utils/adt/adt_timestamp/src/lib.rs	636	proof-covered-unmeasured	timestamp.c timestamptz2timestamp	[fn timestamptz2timestamp] proved ledger row(s) 2027; carried as proof-covered-unmeasured until the tree-wide kani join	p1-laney	pending
crates/backend/utils/adt/adt_timestamp/src/lib.rs	639	proof-covered-unmeasured	timestamp.c timestamp_cmp_timestamptz_internal	[fn timestamp_cmp_timestamptz_internal] proved ledger row(s) 2520-2533; carried as proof-covered-unmeasured until the tree-wide kani join	p1-laney	pending
crates/backend/utils/adt/adt_timestamp/src/lib.rs	640	proof-covered-unmeasured	timestamp.c timestamp_cmp_timestamptz_internal	[fn timestamp_cmp_timestamptz_internal] proved ledger row(s) 2520-2533; carried as proof-covered-unmeasured until the tree-wide kani join	p1-laney	pending
crates/backend/utils/adt/adt_timestamp/src/lib.rs	641	proof-covered-unmeasured	timestamp.c timestamp_cmp_timestamptz_internal	[fn timestamp_cmp_timestamptz_internal] proved ledger row(s) 2520-2533; carried as proof-covered-unmeasured until the tree-wide kani join	p1-laney	pending
crates/backend/utils/adt/adt_timestamp/src/lib.rs	642	proof-covered-unmeasured	timestamp.c timestamp_cmp_timestamptz_internal	[fn timestamp_cmp_timestamptz_internal] proved ledger row(s) 2520-2533; carried as proof-covered-unmeasured until the tree-wide kani join	p1-laney	pending
crates/backend/utils/adt/adt_timestamp/src/lib.rs	643	proof-covered-unmeasured	timestamp.c timestamp_cmp_timestamptz_internal	[fn timestamp_cmp_timestamptz_internal] proved ledger row(s) 2520-2533; carried as proof-covered-unmeasured until the tree-wide kani join	p1-laney	pending
crates/backend/utils/adt/adt_timestamp/src/lib.rs	645	proof-covered-unmeasured	timestamp.c timestamp_cmp_timestamptz_internal	[fn timestamp_cmp_timestamptz_internal] proved ledger row(s) 2520-2533; carried as proof-covered-unmeasured until the tree-wide kani join	p1-laney	pending
crates/backend/utils/adt/adt_timestamp/src/lib.rs	647	proof-covered-unmeasured	timestamp.c timestamp_cmp_timestamptz_internal	[fn timestamp_cmp_timestamptz_internal] proved ledger row(s) 2520-2533; carried as proof-covered-unmeasured until the tree-wide kani join	p1-laney	pending
crates/backend/utils/adt/adt_timestamp/src/lib.rs	648	proof-covered-unmeasured	timestamp.c timestamp_cmp_timestamptz_internal	[fn timestamp_cmp_timestamptz_internal] proved ledger row(s) 2520-2533; carried as proof-covered-unmeasured until the tree-wide kani join	p1-laney	pending
crates/backend/utils/adt/adt_timestamp/src/lib.rs	650	proof-covered-unmeasured	timestamp.c timestamp_cmp_timestamptz_internal	[fn timestamp_cmp_timestamptz_internal] proved ledger row(s) 2520-2533; carried as proof-covered-unmeasured until the tree-wide kani join	p1-laney	pending
crates/backend/utils/adt/adt_timestamp/src/lib.rs	654	excluded-state	timestamp.c GetCurrentTimestamp/GetSQLCurrentTimestamp/GetCurrentTimeUsec/timeofday/TimestampDifference*	[fn no_session_timezone] real clock / xact-state reads (pinned behind seams in the fuzz env); state carve per claim scope	p1-laney	pending
crates/backend/utils/adt/adt_timestamp/src/lib.rs	655	excluded-state	timestamp.c GetCurrentTimestamp/GetSQLCurrentTimestamp/GetCurrentTimeUsec/timeofday/TimestampDifference*	[fn no_session_timezone] real clock / xact-state reads (pinned behind seams in the fuzz env); state carve per claim scope	p1-laney	pending
crates/backend/utils/adt/adt_timestamp/src/lib.rs	670	proof-covered-unmeasured	timestamp.c lookup_timezone text->cstring bridge	[fn text_to_tzname] proved ledger row(s) 6222 seam-modulo; residual DA row; carried as proof-covered-unmeasured until the tree-wide kani join	p1-laney	pending
crates/backend/utils/adt/adt_timestamp/src/lib.rs	692	proof-covered-unmeasured	timestamp.c DecodeTimezoneName err raiser	[fn tz_not_recognized] proved ledger row(s) 2069 err plane (fuzzed via named-zone carve boundary); carried as proof-covered-unmeasured until the tree-wide kani join	p1-laney	pending
crates/backend/utils/adt/adt_timestamp/src/lib.rs	717	proof-covered-unmeasured	timestamp.c DecodeTimezoneName	[fn DecodeTimezoneName] proved ledger row(s) 2069 seam-modulo (fixed-offset arm fuzzed via trunc_zone/at_timezone; tz-db arm carved); carried as proof-covered-unmeasured until the tree-wide kani join	p1-laney	pending
crates/backend/utils/adt/adt_timestamp/src/lib.rs	718	proof-covered-unmeasured	timestamp.c DecodeTimezoneName	[fn DecodeTimezoneName] proved ledger row(s) 2069 seam-modulo (fixed-offset arm fuzzed via trunc_zone/at_timezone; tz-db arm carved); carried as proof-covered-unmeasured until the tree-wide kani join	p1-laney	pending
crates/backend/utils/adt/adt_timestamp/src/lib.rs	724	proof-covered-unmeasured	timestamp.c DecodeTimezoneName	[fn DecodeTimezoneName] proved ledger row(s) 2069 seam-modulo (fixed-offset arm fuzzed via trunc_zone/at_timezone; tz-db arm carved); carried as proof-covered-unmeasured until the tree-wide kani join	p1-laney	pending
crates/backend/utils/adt/adt_timestamp/src/lib.rs	766	proof-covered-unmeasured	timestamp.c float8_timestamptz err raiser	[fn numeric_tz_out_of_range] proved ledger row(s) 1158 err plane; carried as proof-covered-unmeasured until the tree-wide kani join	p1-laney	pending
crates/backend/utils/adt/adt_timestamp/src/lib.rs	788	proof-covered-unmeasured	timestamp.c float8_timestamptz err raiser	[fn numeric_tz_out_of_range] proved ledger row(s) 1158 err plane; carried as proof-covered-unmeasured until the tree-wide kani join	p1-laney	pending
crates/backend/utils/adt/adt_timestamp/src/lib.rs	793	proof-covered-unmeasured	timestamp.c float8_timestamptz err raiser	[fn numeric_tz_out_of_range] proved ledger row(s) 1158 err plane; carried as proof-covered-unmeasured until the tree-wide kani join	p1-laney	pending
crates/backend/utils/adt/adt_timestamp/src/lib.rs	801	proof-covered-unmeasured	timestamp.c timestamptz_to_time_t	[fn timestamptz_to_time_t] proved ledger row(s) rides DetermineTimeZoneAbbrevOffsetTS (tz carve) — abbrev-cache path only; carried as proof-covered-unmeasured until the tree-wide kani join	p1-laney	pending
crates/backend/utils/adt/adt_timestamp/src/lib.rs	802	proof-covered-unmeasured	timestamp.c timestamptz_to_time_t	[fn timestamptz_to_time_t] proved ledger row(s) rides DetermineTimeZoneAbbrevOffsetTS (tz carve) — abbrev-cache path only; carried as proof-covered-unmeasured until the tree-wide kani join	p1-laney	pending
crates/backend/utils/adt/adt_timestamp/src/lib.rs	805	tz-database-carve	timestamp.c DetermineTimeZoneAbbrevOffsetTS	[fn DetermineTimeZoneAbbrevOffsetTS] dynamic tz-abbreviation offset over the tz database; seam-stub carve per TRIAGE (claim scope OUT)	p1-laney	pending
crates/backend/utils/adt/adt_timestamp/src/lib.rs	806	tz-database-carve	timestamp.c DetermineTimeZoneAbbrevOffsetTS	[fn DetermineTimeZoneAbbrevOffsetTS] dynamic tz-abbreviation offset over the tz database; seam-stub carve per TRIAGE (claim scope OUT)	p1-laney	pending
crates/backend/utils/adt/adt_timestamp/src/lib.rs	807	tz-database-carve	timestamp.c DetermineTimeZoneAbbrevOffsetTS	[fn DetermineTimeZoneAbbrevOffsetTS] dynamic tz-abbreviation offset over the tz database; seam-stub carve per TRIAGE (claim scope OUT)	p1-laney	pending
crates/backend/utils/adt/adt_timestamp/src/lib.rs	808	tz-database-carve	timestamp.c DetermineTimeZoneAbbrevOffsetTS	[fn DetermineTimeZoneAbbrevOffsetTS] dynamic tz-abbreviation offset over the tz database; seam-stub carve per TRIAGE (claim scope OUT)	p1-laney	pending
crates/backend/utils/adt/adt_timestamp/src/lib.rs	809	tz-database-carve	timestamp.c DetermineTimeZoneAbbrevOffsetTS	[fn DetermineTimeZoneAbbrevOffsetTS] dynamic tz-abbreviation offset over the tz database; seam-stub carve per TRIAGE (claim scope OUT)	p1-laney	pending
crates/backend/utils/adt/adt_timestamp/src/lib.rs	810	tz-database-carve	timestamp.c DetermineTimeZoneAbbrevOffsetTS	[fn DetermineTimeZoneAbbrevOffsetTS] dynamic tz-abbreviation offset over the tz database; seam-stub carve per TRIAGE (claim scope OUT)	p1-laney	pending
crates/backend/utils/adt/adt_timestamp/src/lib.rs	811	tz-database-carve	timestamp.c DetermineTimeZoneAbbrevOffsetTS	[fn DetermineTimeZoneAbbrevOffsetTS] dynamic tz-abbreviation offset over the tz database; seam-stub carve per TRIAGE (claim scope OUT)	p1-laney	pending
crates/backend/utils/adt/adt_timestamp/src/lib.rs	812	tz-database-carve	timestamp.c DetermineTimeZoneAbbrevOffsetTS	[fn DetermineTimeZoneAbbrevOffsetTS] dynamic tz-abbreviation offset over the tz database; seam-stub carve per TRIAGE (claim scope OUT)	p1-laney	pending
crates/backend/utils/adt/adt_timestamp/src/lib.rs	813	tz-database-carve	timestamp.c DetermineTimeZoneAbbrevOffsetTS	[fn DetermineTimeZoneAbbrevOffsetTS] dynamic tz-abbreviation offset over the tz database; seam-stub carve per TRIAGE (claim scope OUT)	p1-laney	pending
crates/backend/utils/adt/adt_timestamp/src/lib.rs	815	tz-database-carve	timestamp.c DetermineTimeZoneAbbrevOffsetTS	[fn DetermineTimeZoneAbbrevOffsetTS] dynamic tz-abbreviation offset over the tz database; seam-stub carve per TRIAGE (claim scope OUT)	p1-laney	pending
crates/backend/utils/adt/adt_timestamp/src/lib.rs	818	tz-database-carve	timestamp.c DetermineTimeZoneAbbrevOffsetTS	[fn DetermineTimeZoneAbbrevOffsetTS] dynamic tz-abbreviation offset over the tz database; seam-stub carve per TRIAGE (claim scope OUT)	p1-laney	pending
crates/backend/utils/adt/adt_timestamp/src/lib.rs	819	tz-database-carve	timestamp.c DetermineTimeZoneAbbrevOffsetTS	[fn DetermineTimeZoneAbbrevOffsetTS] dynamic tz-abbreviation offset over the tz database; seam-stub carve per TRIAGE (claim scope OUT)	p1-laney	pending
crates/backend/utils/adt/adt_timestamp/src/lib.rs	820	tz-database-carve	timestamp.c DetermineTimeZoneAbbrevOffsetTS	[fn DetermineTimeZoneAbbrevOffsetTS] dynamic tz-abbreviation offset over the tz database; seam-stub carve per TRIAGE (claim scope OUT)	p1-laney	pending
crates/backend/utils/adt/adt_timestamp/src/lib.rs	821	tz-database-carve	timestamp.c DetermineTimeZoneAbbrevOffsetTS	[fn DetermineTimeZoneAbbrevOffsetTS] dynamic tz-abbreviation offset over the tz database; seam-stub carve per TRIAGE (claim scope OUT)	p1-laney	pending
crates/backend/utils/adt/adt_timestamp/src/lib.rs	822	tz-database-carve	timestamp.c DetermineTimeZoneAbbrevOffsetTS	[fn DetermineTimeZoneAbbrevOffsetTS] dynamic tz-abbreviation offset over the tz database; seam-stub carve per TRIAGE (claim scope OUT)	p1-laney	pending
crates/backend/utils/adt/adt_timestamp/src/lib.rs	824	tz-database-carve	timestamp.c DetermineTimeZoneAbbrevOffsetTS	[fn DetermineTimeZoneAbbrevOffsetTS] dynamic tz-abbreviation offset over the tz database; seam-stub carve per TRIAGE (claim scope OUT)	p1-laney	pending
crates/backend/utils/adt/adt_timestamp/src/lib.rs	825	tz-database-carve	timestamp.c DetermineTimeZoneAbbrevOffsetTS	[fn DetermineTimeZoneAbbrevOffsetTS] dynamic tz-abbreviation offset over the tz database; seam-stub carve per TRIAGE (claim scope OUT)	p1-laney	pending
crates/backend/utils/adt/adt_timestamp/src/lib.rs	826	tz-database-carve	timestamp.c DetermineTimeZoneAbbrevOffsetTS	[fn DetermineTimeZoneAbbrevOffsetTS] dynamic tz-abbreviation offset over the tz database; seam-stub carve per TRIAGE (claim scope OUT)	p1-laney	pending
crates/backend/utils/adt/adt_timestamp/src/lib.rs	830	proof-covered-unmeasured	timestamp.c timestamp_zone	[fn timestamp_zone] proved ledger row(s) 2069 fixed-offset arm modulo tz seam; DynTz/full-zone arms tz-database-carved (claim scope OUT); carried as proof-covered-unmeasured until the tree-wide kani join	p1-laney	pending
crates/backend/utils/adt/adt_timestamp/src/lib.rs	831	proof-covered-unmeasured	timestamp.c timestamp_zone	[fn timestamp_zone] proved ledger row(s) 2069 fixed-offset arm modulo tz seam; DynTz/full-zone arms tz-database-carved (claim scope OUT); carried as proof-covered-unmeasured until the tree-wide kani join	p1-laney	pending
crates/backend/utils/adt/adt_timestamp/src/lib.rs	832	proof-covered-unmeasured	timestamp.c timestamp_zone	[fn timestamp_zone] proved ledger row(s) 2069 fixed-offset arm modulo tz seam; DynTz/full-zone arms tz-database-carved (claim scope OUT); carried as proof-covered-unmeasured until the tree-wide kani join	p1-laney	pending
crates/backend/utils/adt/adt_timestamp/src/lib.rs	835	proof-covered-unmeasured	timestamp.c timestamp_zone	[fn timestamp_zone] proved ledger row(s) 2069 fixed-offset arm modulo tz seam; DynTz/full-zone arms tz-database-carved (claim scope OUT); carried as proof-covered-unmeasured until the tree-wide kani join	p1-laney	pending
crates/backend/utils/adt/adt_timestamp/src/lib.rs	836	proof-covered-unmeasured	timestamp.c timestamp_zone	[fn timestamp_zone] proved ledger row(s) 2069 fixed-offset arm modulo tz seam; DynTz/full-zone arms tz-database-carved (claim scope OUT); carried as proof-covered-unmeasured until the tree-wide kani join	p1-laney	pending
crates/backend/utils/adt/adt_timestamp/src/lib.rs	837	proof-covered-unmeasured	timestamp.c timestamp_zone	[fn timestamp_zone] proved ledger row(s) 2069 fixed-offset arm modulo tz seam; DynTz/full-zone arms tz-database-carved (claim scope OUT); carried as proof-covered-unmeasured until the tree-wide kani join	p1-laney	pending
crates/backend/utils/adt/adt_timestamp/src/lib.rs	838	proof-covered-unmeasured	timestamp.c timestamp_zone	[fn timestamp_zone] proved ledger row(s) 2069 fixed-offset arm modulo tz seam; DynTz/full-zone arms tz-database-carved (claim scope OUT); carried as proof-covered-unmeasured until the tree-wide kani join	p1-laney	pending
crates/backend/utils/adt/adt_timestamp/src/lib.rs	839	proof-covered-unmeasured	timestamp.c timestamp_zone	[fn timestamp_zone] proved ledger row(s) 2069 fixed-offset arm modulo tz seam; DynTz/full-zone arms tz-database-carved (claim scope OUT); carried as proof-covered-unmeasured until the tree-wide kani join	p1-laney	pending
crates/backend/utils/adt/adt_timestamp/src/lib.rs	840	proof-covered-unmeasured	timestamp.c timestamp_zone	[fn timestamp_zone] proved ledger row(s) 2069 fixed-offset arm modulo tz seam; DynTz/full-zone arms tz-database-carved (claim scope OUT); carried as proof-covered-unmeasured until the tree-wide kani join	p1-laney	pending
crates/backend/utils/adt/adt_timestamp/src/lib.rs	841	proof-covered-unmeasured	timestamp.c timestamp_zone	[fn timestamp_zone] proved ledger row(s) 2069 fixed-offset arm modulo tz seam; DynTz/full-zone arms tz-database-carved (claim scope OUT); carried as proof-covered-unmeasured until the tree-wide kani join	p1-laney	pending
crates/backend/utils/adt/adt_timestamp/src/lib.rs	842	proof-covered-unmeasured	timestamp.c timestamp_zone	[fn timestamp_zone] proved ledger row(s) 2069 fixed-offset arm modulo tz seam; DynTz/full-zone arms tz-database-carved (claim scope OUT); carried as proof-covered-unmeasured until the tree-wide kani join	p1-laney	pending
crates/backend/utils/adt/adt_timestamp/src/lib.rs	844	proof-covered-unmeasured	timestamp.c timestamp_zone	[fn timestamp_zone] proved ledger row(s) 2069 fixed-offset arm modulo tz seam; DynTz/full-zone arms tz-database-carved (claim scope OUT); carried as proof-covered-unmeasured until the tree-wide kani join	p1-laney	pending
crates/backend/utils/adt/adt_timestamp/src/lib.rs	845	proof-covered-unmeasured	timestamp.c timestamp_zone	[fn timestamp_zone] proved ledger row(s) 2069 fixed-offset arm modulo tz seam; DynTz/full-zone arms tz-database-carved (claim scope OUT); carried as proof-covered-unmeasured until the tree-wide kani join	p1-laney	pending
crates/backend/utils/adt/adt_timestamp/src/lib.rs	847	proof-covered-unmeasured	timestamp.c timestamp_zone	[fn timestamp_zone] proved ledger row(s) 2069 fixed-offset arm modulo tz seam; DynTz/full-zone arms tz-database-carved (claim scope OUT); carried as proof-covered-unmeasured until the tree-wide kani join	p1-laney	pending
crates/backend/utils/adt/adt_timestamp/src/lib.rs	848	proof-covered-unmeasured	timestamp.c timestamp_zone	[fn timestamp_zone] proved ledger row(s) 2069 fixed-offset arm modulo tz seam; DynTz/full-zone arms tz-database-carved (claim scope OUT); carried as proof-covered-unmeasured until the tree-wide kani join	p1-laney	pending
crates/backend/utils/adt/adt_timestamp/src/lib.rs	849	proof-covered-unmeasured	timestamp.c timestamp_zone	[fn timestamp_zone] proved ledger row(s) 2069 fixed-offset arm modulo tz seam; DynTz/full-zone arms tz-database-carved (claim scope OUT); carried as proof-covered-unmeasured until the tree-wide kani join	p1-laney	pending
crates/backend/utils/adt/adt_timestamp/src/lib.rs	850	proof-covered-unmeasured	timestamp.c timestamp_zone	[fn timestamp_zone] proved ledger row(s) 2069 fixed-offset arm modulo tz seam; DynTz/full-zone arms tz-database-carved (claim scope OUT); carried as proof-covered-unmeasured until the tree-wide kani join	p1-laney	pending
crates/backend/utils/adt/adt_timestamp/src/lib.rs	851	proof-covered-unmeasured	timestamp.c timestamp_zone	[fn timestamp_zone] proved ledger row(s) 2069 fixed-offset arm modulo tz seam; DynTz/full-zone arms tz-database-carved (claim scope OUT); carried as proof-covered-unmeasured until the tree-wide kani join	p1-laney	pending
crates/backend/utils/adt/adt_timestamp/src/lib.rs	853	proof-covered-unmeasured	timestamp.c timestamp_zone	[fn timestamp_zone] proved ledger row(s) 2069 fixed-offset arm modulo tz seam; DynTz/full-zone arms tz-database-carved (claim scope OUT); carried as proof-covered-unmeasured until the tree-wide kani join	p1-laney	pending
crates/backend/utils/adt/adt_timestamp/src/lib.rs	854	proof-covered-unmeasured	timestamp.c timestamp_zone	[fn timestamp_zone] proved ledger row(s) 2069 fixed-offset arm modulo tz seam; DynTz/full-zone arms tz-database-carved (claim scope OUT); carried as proof-covered-unmeasured until the tree-wide kani join	p1-laney	pending
crates/backend/utils/adt/adt_timestamp/src/lib.rs	855	proof-covered-unmeasured	timestamp.c timestamp_zone	[fn timestamp_zone] proved ledger row(s) 2069 fixed-offset arm modulo tz seam; DynTz/full-zone arms tz-database-carved (claim scope OUT); carried as proof-covered-unmeasured until the tree-wide kani join	p1-laney	pending
crates/backend/utils/adt/adt_timestamp/src/lib.rs	856	proof-covered-unmeasured	timestamp.c timestamp_zone	[fn timestamp_zone] proved ledger row(s) 2069 fixed-offset arm modulo tz seam; DynTz/full-zone arms tz-database-carved (claim scope OUT); carried as proof-covered-unmeasured until the tree-wide kani join	p1-laney	pending
crates/backend/utils/adt/adt_timestamp/src/lib.rs	858	proof-covered-unmeasured	timestamp.c timestamp_zone	[fn timestamp_zone] proved ledger row(s) 2069 fixed-offset arm modulo tz seam; DynTz/full-zone arms tz-database-carved (claim scope OUT); carried as proof-covered-unmeasured until the tree-wide kani join	p1-laney	pending
crates/backend/utils/adt/adt_timestamp/src/lib.rs	862	proof-covered-unmeasured	timestamp.c timestamp_zone	[fn timestamp_zone] proved ledger row(s) 2069 fixed-offset arm modulo tz seam; DynTz/full-zone arms tz-database-carved (claim scope OUT); carried as proof-covered-unmeasured until the tree-wide kani join	p1-laney	pending
crates/backend/utils/adt/adt_timestamp/src/lib.rs	863	proof-covered-unmeasured	timestamp.c timestamp_zone	[fn timestamp_zone] proved ledger row(s) 2069 fixed-offset arm modulo tz seam; DynTz/full-zone arms tz-database-carved (claim scope OUT); carried as proof-covered-unmeasured until the tree-wide kani join	p1-laney	pending
crates/backend/utils/adt/adt_timestamp/src/lib.rs	865	proof-covered-unmeasured	timestamp.c timestamp_zone	[fn timestamp_zone] proved ledger row(s) 2069 fixed-offset arm modulo tz seam; DynTz/full-zone arms tz-database-carved (claim scope OUT); carried as proof-covered-unmeasured until the tree-wide kani join	p1-laney	pending
crates/backend/utils/adt/adt_timestamp/src/lib.rs	869	proof-covered-unmeasured	timestamp.c timestamptz_zone	[fn timestamptz_zone] proved ledger row(s) 1159 (as 2069); DynTz arms tz-database-carved; carried as proof-covered-unmeasured until the tree-wide kani join	p1-laney	pending
crates/backend/utils/adt/adt_timestamp/src/lib.rs	870	proof-covered-unmeasured	timestamp.c timestamptz_zone	[fn timestamptz_zone] proved ledger row(s) 1159 (as 2069); DynTz arms tz-database-carved; carried as proof-covered-unmeasured until the tree-wide kani join	p1-laney	pending
crates/backend/utils/adt/adt_timestamp/src/lib.rs	871	proof-covered-unmeasured	timestamp.c timestamptz_zone	[fn timestamptz_zone] proved ledger row(s) 1159 (as 2069); DynTz arms tz-database-carved; carried as proof-covered-unmeasured until the tree-wide kani join	p1-laney	pending
crates/backend/utils/adt/adt_timestamp/src/lib.rs	874	proof-covered-unmeasured	timestamp.c timestamptz_zone	[fn timestamptz_zone] proved ledger row(s) 1159 (as 2069); DynTz arms tz-database-carved; carried as proof-covered-unmeasured until the tree-wide kani join	p1-laney	pending
crates/backend/utils/adt/adt_timestamp/src/lib.rs	875	proof-covered-unmeasured	timestamp.c timestamptz_zone	[fn timestamptz_zone] proved ledger row(s) 1159 (as 2069); DynTz arms tz-database-carved; carried as proof-covered-unmeasured until the tree-wide kani join	p1-laney	pending
crates/backend/utils/adt/adt_timestamp/src/lib.rs	876	proof-covered-unmeasured	timestamp.c timestamptz_zone	[fn timestamptz_zone] proved ledger row(s) 1159 (as 2069); DynTz arms tz-database-carved; carried as proof-covered-unmeasured until the tree-wide kani join	p1-laney	pending
crates/backend/utils/adt/adt_timestamp/src/lib.rs	877	proof-covered-unmeasured	timestamp.c timestamptz_zone	[fn timestamptz_zone] proved ledger row(s) 1159 (as 2069); DynTz arms tz-database-carved; carried as proof-covered-unmeasured until the tree-wide kani join	p1-laney	pending
crates/backend/utils/adt/adt_timestamp/src/lib.rs	878	proof-covered-unmeasured	timestamp.c timestamptz_zone	[fn timestamptz_zone] proved ledger row(s) 1159 (as 2069); DynTz arms tz-database-carved; carried as proof-covered-unmeasured until the tree-wide kani join	p1-laney	pending
crates/backend/utils/adt/adt_timestamp/src/lib.rs	879	proof-covered-unmeasured	timestamp.c timestamptz_zone	[fn timestamptz_zone] proved ledger row(s) 1159 (as 2069); DynTz arms tz-database-carved; carried as proof-covered-unmeasured until the tree-wide kani join	p1-laney	pending
crates/backend/utils/adt/adt_timestamp/src/lib.rs	880	proof-covered-unmeasured	timestamp.c timestamptz_zone	[fn timestamptz_zone] proved ledger row(s) 1159 (as 2069); DynTz arms tz-database-carved; carried as proof-covered-unmeasured until the tree-wide kani join	p1-laney	pending
crates/backend/utils/adt/adt_timestamp/src/lib.rs	882	proof-covered-unmeasured	timestamp.c timestamptz_zone	[fn timestamptz_zone] proved ledger row(s) 1159 (as 2069); DynTz arms tz-database-carved; carried as proof-covered-unmeasured until the tree-wide kani join	p1-laney	pending
crates/backend/utils/adt/adt_timestamp/src/lib.rs	883	proof-covered-unmeasured	timestamp.c timestamptz_zone	[fn timestamptz_zone] proved ledger row(s) 1159 (as 2069); DynTz arms tz-database-carved; carried as proof-covered-unmeasured until the tree-wide kani join	p1-laney	pending
crates/backend/utils/adt/adt_timestamp/src/lib.rs	884	proof-covered-unmeasured	timestamp.c timestamptz_zone	[fn timestamptz_zone] proved ledger row(s) 1159 (as 2069); DynTz arms tz-database-carved; carried as proof-covered-unmeasured until the tree-wide kani join	p1-laney	pending
crates/backend/utils/adt/adt_timestamp/src/lib.rs	885	proof-covered-unmeasured	timestamp.c timestamptz_zone	[fn timestamptz_zone] proved ledger row(s) 1159 (as 2069); DynTz arms tz-database-carved; carried as proof-covered-unmeasured until the tree-wide kani join	p1-laney	pending
crates/backend/utils/adt/adt_timestamp/src/lib.rs	886	proof-covered-unmeasured	timestamp.c timestamptz_zone	[fn timestamptz_zone] proved ledger row(s) 1159 (as 2069); DynTz arms tz-database-carved; carried as proof-covered-unmeasured until the tree-wide kani join	p1-laney	pending
crates/backend/utils/adt/adt_timestamp/src/lib.rs	887	proof-covered-unmeasured	timestamp.c timestamptz_zone	[fn timestamptz_zone] proved ledger row(s) 1159 (as 2069); DynTz arms tz-database-carved; carried as proof-covered-unmeasured until the tree-wide kani join	p1-laney	pending
crates/backend/utils/adt/adt_timestamp/src/lib.rs	889	proof-covered-unmeasured	timestamp.c timestamptz_zone	[fn timestamptz_zone] proved ledger row(s) 1159 (as 2069); DynTz arms tz-database-carved; carried as proof-covered-unmeasured until the tree-wide kani join	p1-laney	pending
crates/backend/utils/adt/adt_timestamp/src/lib.rs	891	proof-covered-unmeasured	timestamp.c timestamptz_zone	[fn timestamptz_zone] proved ledger row(s) 1159 (as 2069); DynTz arms tz-database-carved; carried as proof-covered-unmeasured until the tree-wide kani join	p1-laney	pending
crates/backend/utils/adt/adt_timestamp/src/lib.rs	892	proof-covered-unmeasured	timestamp.c timestamptz_zone	[fn timestamptz_zone] proved ledger row(s) 1159 (as 2069); DynTz arms tz-database-carved; carried as proof-covered-unmeasured until the tree-wide kani join	p1-laney	pending
crates/backend/utils/adt/adt_timestamp/src/lib.rs	893	proof-covered-unmeasured	timestamp.c timestamptz_zone	[fn timestamptz_zone] proved ledger row(s) 1159 (as 2069); DynTz arms tz-database-carved; carried as proof-covered-unmeasured until the tree-wide kani join	p1-laney	pending
crates/backend/utils/adt/adt_timestamp/src/lib.rs	895	proof-covered-unmeasured	timestamp.c timestamptz_zone	[fn timestamptz_zone] proved ledger row(s) 1159 (as 2069); DynTz arms tz-database-carved; carried as proof-covered-unmeasured until the tree-wide kani join	p1-laney	pending
crates/backend/utils/adt/adt_timestamp/src/lib.rs	899	proof-covered-unmeasured	timestamp.c timestamptz_zone	[fn timestamptz_zone] proved ledger row(s) 1159 (as 2069); DynTz arms tz-database-carved; carried as proof-covered-unmeasured until the tree-wide kani join	p1-laney	pending
crates/backend/utils/adt/adt_timestamp/src/lib.rs	900	proof-covered-unmeasured	timestamp.c timestamptz_zone	[fn timestamptz_zone] proved ledger row(s) 1159 (as 2069); DynTz arms tz-database-carved; carried as proof-covered-unmeasured until the tree-wide kani join	p1-laney	pending
crates/backend/utils/adt/adt_timestamp/src/lib.rs	902	proof-covered-unmeasured	timestamp.c timestamptz_zone	[fn timestamptz_zone] proved ledger row(s) 1159 (as 2069); DynTz arms tz-database-carved; carried as proof-covered-unmeasured until the tree-wide kani join	p1-laney	pending
crates/backend/utils/adt/adt_timestamp/src/lib.rs	1027	proof-covered-unmeasured	timestamp.c make_timestamptz_at_timezone	[fn make_timestamptz_at_timezone] proved ledger row(s) 3463 + fuzzed GMT/offset arms; residual tz-carve lines; carried as proof-covered-unmeasured until the tree-wide kani join	p1-laney	pending
crates/backend/utils/adt/adt_timestamp/src/lib.rs	1081	instrument-unmappable	timestamp.c trunc/part unit switch cases	[fn trunc_unit_supported] match-arm pattern / const-table row — rustc emits no independent DA record; arm bodies measured via unit-sweep seeds	p1-laney	pending
crates/backend/utils/adt/adt_timestamp/src/lib.rs	1082	instrument-unmappable	timestamp.c trunc/part unit switch cases	[fn trunc_unit_supported] match-arm pattern / const-table row — rustc emits no independent DA record; arm bodies measured via unit-sweep seeds	p1-laney	pending
crates/backend/utils/adt/adt_timestamp/src/lib.rs	1083	instrument-unmappable	timestamp.c trunc/part unit switch cases	[fn trunc_unit_supported] match-arm pattern / const-table row — rustc emits no independent DA record; arm bodies measured via unit-sweep seeds	p1-laney	pending
crates/backend/utils/adt/adt_timestamp/src/lib.rs	1084	instrument-unmappable	timestamp.c trunc/part unit switch cases	[fn trunc_unit_supported] match-arm pattern / const-table row — rustc emits no independent DA record; arm bodies measured via unit-sweep seeds	p1-laney	pending
crates/backend/utils/adt/adt_timestamp/src/lib.rs	1085	instrument-unmappable	timestamp.c trunc/part unit switch cases	[fn trunc_unit_supported] match-arm pattern / const-table row — rustc emits no independent DA record; arm bodies measured via unit-sweep seeds	p1-laney	pending
crates/backend/utils/adt/adt_timestamp/src/lib.rs	1086	instrument-unmappable	timestamp.c trunc/part unit switch cases	[fn trunc_unit_supported] match-arm pattern / const-table row — rustc emits no independent DA record; arm bodies measured via unit-sweep seeds	p1-laney	pending
crates/backend/utils/adt/adt_timestamp/src/lib.rs	1087	instrument-unmappable	timestamp.c trunc/part unit switch cases	[fn trunc_unit_supported] match-arm pattern / const-table row — rustc emits no independent DA record; arm bodies measured via unit-sweep seeds	p1-laney	pending
crates/backend/utils/adt/adt_timestamp/src/lib.rs	1088	instrument-unmappable	timestamp.c trunc/part unit switch cases	[fn trunc_unit_supported] match-arm pattern / const-table row — rustc emits no independent DA record; arm bodies measured via unit-sweep seeds	p1-laney	pending
crates/backend/utils/adt/adt_timestamp/src/lib.rs	1089	instrument-unmappable	timestamp.c trunc/part unit switch cases	[fn trunc_unit_supported] match-arm pattern / const-table row — rustc emits no independent DA record; arm bodies measured via unit-sweep seeds	p1-laney	pending
crates/backend/utils/adt/adt_timestamp/src/lib.rs	1090	instrument-unmappable	timestamp.c trunc/part unit switch cases	[fn trunc_unit_supported] match-arm pattern / const-table row — rustc emits no independent DA record; arm bodies measured via unit-sweep seeds	p1-laney	pending
crates/backend/utils/adt/adt_timestamp/src/lib.rs	1091	instrument-unmappable	timestamp.c trunc/part unit switch cases	[fn trunc_unit_supported] match-arm pattern / const-table row — rustc emits no independent DA record; arm bodies measured via unit-sweep seeds	p1-laney	pending
crates/backend/utils/adt/adt_timestamp/src/lib.rs	1092	instrument-unmappable	timestamp.c trunc/part unit switch cases	[fn trunc_unit_supported] match-arm pattern / const-table row — rustc emits no independent DA record; arm bodies measured via unit-sweep seeds	p1-laney	pending
crates/backend/utils/adt/adt_timestamp/src/lib.rs	1093	instrument-unmappable	timestamp.c trunc/part unit switch cases	[fn trunc_unit_supported] match-arm pattern / const-table row — rustc emits no independent DA record; arm bodies measured via unit-sweep seeds	p1-laney	pending
crates/backend/utils/adt/adt_timestamp/src/lib.rs	1282	debug-only	(Rust Debug impl; no C counterpart)	[fn fmt] PartValue Debug formatter used only by test/fuzz diagnostics	p1-laney	pending
crates/backend/utils/adt/adt_timestamp/src/lib.rs	1283	debug-only	(Rust Debug impl; no C counterpart)	[fn fmt] PartValue Debug formatter used only by test/fuzz diagnostics	p1-laney	pending
crates/backend/utils/adt/adt_timestamp/src/lib.rs	1284	debug-only	(Rust Debug impl; no C counterpart)	[fn fmt] PartValue Debug formatter used only by test/fuzz diagnostics	p1-laney	pending
crates/backend/utils/adt/adt_timestamp/src/lib.rs	1285	debug-only	(Rust Debug impl; no C counterpart)	[fn fmt] PartValue Debug formatter used only by test/fuzz diagnostics	p1-laney	pending
crates/backend/utils/adt/adt_timestamp/src/lib.rs	1286	debug-only	(Rust Debug impl; no C counterpart)	[fn fmt] PartValue Debug formatter used only by test/fuzz diagnostics	p1-laney	pending
crates/backend/utils/adt/adt_timestamp/src/lib.rs	1304	instrument-unmappable	timestamp.c trunc/part unit switch cases	[fn NonFiniteTimestampTzPart] match-arm pattern / const-table row — rustc emits no independent DA record; arm bodies measured via unit-sweep seeds	p1-laney	pending
crates/backend/utils/adt/adt_timestamp/src/lib.rs	1305	instrument-unmappable	timestamp.c trunc/part unit switch cases	[fn NonFiniteTimestampTzPart] match-arm pattern / const-table row — rustc emits no independent DA record; arm bodies measured via unit-sweep seeds	p1-laney	pending
crates/backend/utils/adt/adt_timestamp/src/lib.rs	1309	instrument-unmappable	timestamp.c trunc/part unit switch cases	[fn NonFiniteTimestampTzPart] match-arm pattern / const-table row — rustc emits no independent DA record; arm bodies measured via unit-sweep seeds	p1-laney	pending
crates/backend/utils/adt/adt_timestamp/src/lib.rs	1584	excluded-state	timestamp.c GetCurrentTimestamp/GetSQLCurrentTimestamp/GetCurrentTimeUsec/timeofday/TimestampDifference*	[fn GetSQLLocalTimestamp] real clock / xact-state reads (pinned behind seams in the fuzz env); state carve per claim scope	p1-laney	pending
crates/backend/utils/adt/adt_timestamp/src/lib.rs	1585	excluded-state	timestamp.c GetCurrentTimestamp/GetSQLCurrentTimestamp/GetCurrentTimeUsec/timeofday/TimestampDifference*	[fn GetSQLLocalTimestamp] real clock / xact-state reads (pinned behind seams in the fuzz env); state carve per claim scope	p1-laney	pending
crates/backend/utils/adt/adt_timestamp/src/lib.rs	1586	excluded-state	timestamp.c GetCurrentTimestamp/GetSQLCurrentTimestamp/GetCurrentTimeUsec/timeofday/TimestampDifference*	[fn GetSQLLocalTimestamp] real clock / xact-state reads (pinned behind seams in the fuzz env); state carve per claim scope	p1-laney	pending
crates/backend/utils/adt/adt_timestamp/src/lib.rs	1587	excluded-state	timestamp.c GetCurrentTimestamp/GetSQLCurrentTimestamp/GetCurrentTimeUsec/timeofday/TimestampDifference*	[fn GetSQLLocalTimestamp] real clock / xact-state reads (pinned behind seams in the fuzz env); state carve per claim scope	p1-laney	pending
crates/backend/utils/adt/adt_timestamp/src/lib.rs	1589	excluded-state	timestamp.c GetCurrentTimestamp/GetSQLCurrentTimestamp/GetCurrentTimeUsec/timeofday/TimestampDifference*	[fn GetSQLLocalTimestamp] real clock / xact-state reads (pinned behind seams in the fuzz env); state carve per claim scope	p1-laney	pending
crates/backend/utils/adt/adt_timestamp/src/lib.rs	1593	excluded-state	timestamp.c GetCurrentTimestamp/GetSQLCurrentTimestamp/GetCurrentTimeUsec/timeofday/TimestampDifference*	[fn timeofday_into] real clock / xact-state reads (pinned behind seams in the fuzz env); state carve per claim scope	p1-laney	pending
crates/backend/utils/adt/adt_timestamp/src/lib.rs	1595	excluded-state	timestamp.c GetCurrentTimestamp/GetSQLCurrentTimestamp/GetCurrentTimeUsec/timeofday/TimestampDifference*	[fn timeofday_into] real clock / xact-state reads (pinned behind seams in the fuzz env); state carve per claim scope	p1-laney	pending
crates/backend/utils/adt/adt_timestamp/src/lib.rs	1597	excluded-state	timestamp.c GetCurrentTimestamp/GetSQLCurrentTimestamp/GetCurrentTimeUsec/timeofday/TimestampDifference*	[fn timeofday_into] real clock / xact-state reads (pinned behind seams in the fuzz env); state carve per claim scope	p1-laney	pending
crates/backend/utils/adt/adt_timestamp/src/lib.rs	1598	excluded-state	timestamp.c GetCurrentTimestamp/GetSQLCurrentTimestamp/GetCurrentTimeUsec/timeofday/TimestampDifference*	[fn timeofday_into] real clock / xact-state reads (pinned behind seams in the fuzz env); state carve per claim scope	p1-laney	pending
crates/backend/utils/adt/adt_timestamp/src/lib.rs	1599	excluded-state	timestamp.c GetCurrentTimestamp/GetSQLCurrentTimestamp/GetCurrentTimeUsec/timeofday/TimestampDifference*	[fn timeofday_into] real clock / xact-state reads (pinned behind seams in the fuzz env); state carve per claim scope	p1-laney	pending
crates/backend/utils/adt/adt_timestamp/src/lib.rs	1600	excluded-state	timestamp.c GetCurrentTimestamp/GetSQLCurrentTimestamp/GetCurrentTimeUsec/timeofday/TimestampDifference*	[fn timeofday_into] real clock / xact-state reads (pinned behind seams in the fuzz env); state carve per claim scope	p1-laney	pending
crates/backend/utils/adt/adt_timestamp/src/lib.rs	1601	excluded-state	timestamp.c GetCurrentTimestamp/GetSQLCurrentTimestamp/GetCurrentTimeUsec/timeofday/TimestampDifference*	[fn timeofday_into] real clock / xact-state reads (pinned behind seams in the fuzz env); state carve per claim scope	p1-laney	pending
crates/backend/utils/adt/adt_timestamp/src/lib.rs	1602	excluded-state	timestamp.c GetCurrentTimestamp/GetSQLCurrentTimestamp/GetCurrentTimeUsec/timeofday/TimestampDifference*	[fn timeofday_into] real clock / xact-state reads (pinned behind seams in the fuzz env); state carve per claim scope	p1-laney	pending
crates/backend/utils/adt/adt_timestamp/src/lib.rs	1605	excluded-state	timestamp.c GetCurrentTimestamp/GetSQLCurrentTimestamp/GetCurrentTimeUsec/timeofday/TimestampDifference*	[fn timeofday_into] real clock / xact-state reads (pinned behind seams in the fuzz env); state carve per claim scope	p1-laney	pending
crates/backend/utils/adt/adt_timestamp/src/lib.rs	1606	excluded-state	timestamp.c GetCurrentTimestamp/GetSQLCurrentTimestamp/GetCurrentTimeUsec/timeofday/TimestampDifference*	[fn timeofday_into] real clock / xact-state reads (pinned behind seams in the fuzz env); state carve per claim scope	p1-laney	pending
crates/backend/utils/adt/adt_timestamp/src/lib.rs	1607	excluded-state	timestamp.c GetCurrentTimestamp/GetSQLCurrentTimestamp/GetCurrentTimeUsec/timeofday/TimestampDifference*	[fn timeofday_into] real clock / xact-state reads (pinned behind seams in the fuzz env); state carve per claim scope	p1-laney	pending
crates/backend/utils/adt/adt_timestamp/src/lib.rs	1608	excluded-state	timestamp.c GetCurrentTimestamp/GetSQLCurrentTimestamp/GetCurrentTimeUsec/timeofday/TimestampDifference*	[fn timeofday_into] real clock / xact-state reads (pinned behind seams in the fuzz env); state carve per claim scope	p1-laney	pending
crates/backend/utils/adt/adt_timestamp/src/lib.rs	1609	excluded-state	timestamp.c GetCurrentTimestamp/GetSQLCurrentTimestamp/GetCurrentTimeUsec/timeofday/TimestampDifference*	[fn timeofday_into] real clock / xact-state reads (pinned behind seams in the fuzz env); state carve per claim scope	p1-laney	pending
crates/backend/utils/adt/adt_timestamp/src/lib.rs	1610	excluded-state	timestamp.c GetCurrentTimestamp/GetSQLCurrentTimestamp/GetCurrentTimeUsec/timeofday/TimestampDifference*	[fn timeofday_into] real clock / xact-state reads (pinned behind seams in the fuzz env); state carve per claim scope	p1-laney	pending
crates/backend/utils/adt/adt_timestamp/src/lib.rs	1611	excluded-state	timestamp.c GetCurrentTimestamp/GetSQLCurrentTimestamp/GetCurrentTimeUsec/timeofday/TimestampDifference*	[fn timeofday_into] real clock / xact-state reads (pinned behind seams in the fuzz env); state carve per claim scope	p1-laney	pending
crates/backend/utils/adt/adt_timestamp/src/lib.rs	1612	excluded-state	timestamp.c GetCurrentTimestamp/GetSQLCurrentTimestamp/GetCurrentTimeUsec/timeofday/TimestampDifference*	[fn timeofday_into] real clock / xact-state reads (pinned behind seams in the fuzz env); state carve per claim scope	p1-laney	pending
crates/backend/utils/adt/adt_timestamp/src/lib.rs	1613	excluded-state	timestamp.c GetCurrentTimestamp/GetSQLCurrentTimestamp/GetCurrentTimeUsec/timeofday/TimestampDifference*	[fn timeofday_into] real clock / xact-state reads (pinned behind seams in the fuzz env); state carve per claim scope	p1-laney	pending
crates/backend/utils/adt/adt_timestamp/src/lib.rs	1615	excluded-state	timestamp.c GetCurrentTimestamp/GetSQLCurrentTimestamp/GetCurrentTimeUsec/timeofday/TimestampDifference*	[fn timeofday_into] real clock / xact-state reads (pinned behind seams in the fuzz env); state carve per claim scope	p1-laney	pending
crates/backend/utils/adt/adt_timestamp/src/lib.rs	1616	excluded-state	timestamp.c GetCurrentTimestamp/GetSQLCurrentTimestamp/GetCurrentTimeUsec/timeofday/TimestampDifference*	[fn timeofday_into] real clock / xact-state reads (pinned behind seams in the fuzz env); state carve per claim scope	p1-laney	pending
crates/backend/utils/adt/adt_timestamp/src/lib.rs	1617	excluded-state	timestamp.c GetCurrentTimestamp/GetSQLCurrentTimestamp/GetCurrentTimeUsec/timeofday/TimestampDifference*	[fn timeofday_into] real clock / xact-state reads (pinned behind seams in the fuzz env); state carve per claim scope	p1-laney	pending
crates/backend/utils/adt/adt_timestamp/src/lib.rs	1638	excluded-state	timestamp.c GetCurrentTimestamp/GetSQLCurrentTimestamp/GetCurrentTimeUsec/timeofday/TimestampDifference*	[fn GetCurrentTimeUsec] real clock / xact-state reads (pinned behind seams in the fuzz env); state carve per claim scope	p1-laney	pending
crates/backend/utils/adt/adt_timestamp/src/lib.rs	1639	excluded-state	timestamp.c GetCurrentTimestamp/GetSQLCurrentTimestamp/GetCurrentTimeUsec/timeofday/TimestampDifference*	[fn GetCurrentTimeUsec] real clock / xact-state reads (pinned behind seams in the fuzz env); state carve per claim scope	p1-laney	pending
crates/backend/utils/adt/adt_timestamp/src/lib.rs	1640	excluded-state	timestamp.c GetCurrentTimestamp/GetSQLCurrentTimestamp/GetCurrentTimeUsec/timeofday/TimestampDifference*	[fn GetCurrentTimeUsec] real clock / xact-state reads (pinned behind seams in the fuzz env); state carve per claim scope	p1-laney	pending
crates/backend/utils/adt/adt_timestamp/src/lib.rs	1641	excluded-state	timestamp.c GetCurrentTimestamp/GetSQLCurrentTimestamp/GetCurrentTimeUsec/timeofday/TimestampDifference*	[fn GetCurrentTimeUsec] real clock / xact-state reads (pinned behind seams in the fuzz env); state carve per claim scope	p1-laney	pending
crates/backend/utils/adt/adt_timestamp/src/lib.rs	1642	excluded-state	timestamp.c GetCurrentTimestamp/GetSQLCurrentTimestamp/GetCurrentTimeUsec/timeofday/TimestampDifference*	[fn GetCurrentTimeUsec] real clock / xact-state reads (pinned behind seams in the fuzz env); state carve per claim scope	p1-laney	pending
crates/backend/utils/adt/adt_timestamp/src/lib.rs	1643	excluded-state	timestamp.c GetCurrentTimestamp/GetSQLCurrentTimestamp/GetCurrentTimeUsec/timeofday/TimestampDifference*	[fn GetCurrentTimeUsec] real clock / xact-state reads (pinned behind seams in the fuzz env); state carve per claim scope	p1-laney	pending
crates/backend/utils/adt/adt_timestamp/src/lib.rs	1644	excluded-state	timestamp.c GetCurrentTimestamp/GetSQLCurrentTimestamp/GetCurrentTimeUsec/timeofday/TimestampDifference*	[fn GetCurrentTimeUsec] real clock / xact-state reads (pinned behind seams in the fuzz env); state carve per claim scope	p1-laney	pending
crates/backend/utils/adt/adt_timestamp/src/lib.rs	1646	excluded-state	timestamp.c GetCurrentTimestamp/GetSQLCurrentTimestamp/GetCurrentTimeUsec/timeofday/TimestampDifference*	[fn GetCurrentTimeUsec] real clock / xact-state reads (pinned behind seams in the fuzz env); state carve per claim scope	p1-laney	pending
crates/backend/utils/adt/adt_timestamp/src/lib.rs	1647	excluded-state	timestamp.c GetCurrentTimestamp/GetSQLCurrentTimestamp/GetCurrentTimeUsec/timeofday/TimestampDifference*	[fn GetCurrentTimeUsec] real clock / xact-state reads (pinned behind seams in the fuzz env); state carve per claim scope	p1-laney	pending
crates/backend/utils/adt/adt_timestamp/src/lib.rs	1648	excluded-state	timestamp.c GetCurrentTimestamp/GetSQLCurrentTimestamp/GetCurrentTimeUsec/timeofday/TimestampDifference*	[fn GetCurrentTimeUsec] real clock / xact-state reads (pinned behind seams in the fuzz env); state carve per claim scope	p1-laney	pending
crates/backend/utils/adt/adt_timestamp/src/lib.rs	1652	excluded-state	timestamp.c GetCurrentTimestamp/GetSQLCurrentTimestamp/GetCurrentTimeUsec/timeofday/TimestampDifference*	[fn GetCurrentTimeUsec] real clock / xact-state reads (pinned behind seams in the fuzz env); state carve per claim scope	p1-laney	pending
crates/backend/utils/adt/adt_timestamp/src/lib.rs	1653	excluded-state	timestamp.c GetCurrentTimestamp/GetSQLCurrentTimestamp/GetCurrentTimeUsec/timeofday/TimestampDifference*	[fn GetCurrentTimeUsec] real clock / xact-state reads (pinned behind seams in the fuzz env); state carve per claim scope	p1-laney	pending
crates/backend/utils/adt/adt_timestamp/src/lib.rs	1654	excluded-state	timestamp.c GetCurrentTimestamp/GetSQLCurrentTimestamp/GetCurrentTimeUsec/timeofday/TimestampDifference*	[fn GetCurrentTimeUsec] real clock / xact-state reads (pinned behind seams in the fuzz env); state carve per claim scope	p1-laney	pending
crates/backend/utils/adt/adt_timestamp/src/lib.rs	1655	excluded-state	timestamp.c GetCurrentTimestamp/GetSQLCurrentTimestamp/GetCurrentTimeUsec/timeofday/TimestampDifference*	[fn GetCurrentTimeUsec] real clock / xact-state reads (pinned behind seams in the fuzz env); state carve per claim scope	p1-laney	pending
crates/backend/utils/adt/adt_timestamp/src/lib.rs	1656	excluded-state	timestamp.c GetCurrentTimestamp/GetSQLCurrentTimestamp/GetCurrentTimeUsec/timeofday/TimestampDifference*	[fn GetCurrentTimeUsec] real clock / xact-state reads (pinned behind seams in the fuzz env); state carve per claim scope	p1-laney	pending
crates/backend/utils/adt/adt_timestamp/src/lib.rs	1658	excluded-state	timestamp.c GetCurrentTimestamp/GetSQLCurrentTimestamp/GetCurrentTimeUsec/timeofday/TimestampDifference*	[fn GetCurrentTimeUsec] real clock / xact-state reads (pinned behind seams in the fuzz env); state carve per claim scope	p1-laney	pending
crates/backend/utils/adt/adt_timestamp/src/lib.rs	1660	excluded-state	timestamp.c GetCurrentTimestamp/GetSQLCurrentTimestamp/GetCurrentTimeUsec/timeofday/TimestampDifference*	[fn GetCurrentTimeUsec] real clock / xact-state reads (pinned behind seams in the fuzz env); state carve per claim scope	p1-laney	pending
crates/backend/utils/adt/adt_timestamp/src/lib.rs	1661	excluded-state	timestamp.c GetCurrentTimestamp/GetSQLCurrentTimestamp/GetCurrentTimeUsec/timeofday/TimestampDifference*	[fn GetCurrentTimeUsec] real clock / xact-state reads (pinned behind seams in the fuzz env); state carve per claim scope	p1-laney	pending
crates/backend/utils/adt/adt_timestamp/src/lib.rs	1665	excluded-state	timestamp.c GetCurrentTimestamp/GetSQLCurrentTimestamp/GetCurrentTimeUsec/timeofday/TimestampDifference*	[fn GetCurrentTimeUsec] real clock / xact-state reads (pinned behind seams in the fuzz env); state carve per claim scope	p1-laney	pending
crates/backend/utils/adt/adt_timestamp/src/lib.rs	1666	excluded-state	timestamp.c GetCurrentTimestamp/GetSQLCurrentTimestamp/GetCurrentTimeUsec/timeofday/TimestampDifference*	[fn GetCurrentTimeUsec] real clock / xact-state reads (pinned behind seams in the fuzz env); state carve per claim scope	p1-laney	pending
crates/backend/utils/adt/adt_timestamp/src/lib.rs	1667	excluded-state	timestamp.c GetCurrentTimestamp/GetSQLCurrentTimestamp/GetCurrentTimeUsec/timeofday/TimestampDifference*	[fn GetCurrentTimeUsec] real clock / xact-state reads (pinned behind seams in the fuzz env); state carve per claim scope	p1-laney	pending
crates/backend/utils/adt/adt_timestamp/src/lib.rs	1668	excluded-state	timestamp.c GetCurrentTimestamp/GetSQLCurrentTimestamp/GetCurrentTimeUsec/timeofday/TimestampDifference*	[fn GetCurrentTimeUsec] real clock / xact-state reads (pinned behind seams in the fuzz env); state carve per claim scope	p1-laney	pending
crates/backend/utils/adt/adt_timestamp/src/lib.rs	1670	excluded-state	timestamp.c GetCurrentTimestamp/GetSQLCurrentTimestamp/GetCurrentTimeUsec/timeofday/TimestampDifference*	[fn GetCurrentTimeUsec] real clock / xact-state reads (pinned behind seams in the fuzz env); state carve per claim scope	p1-laney	pending
crates/backend/utils/adt/adt_timestamp/src/lib.rs	1673	excluded-state	timestamp.c GetCurrentTimestamp/GetSQLCurrentTimestamp/GetCurrentTimeUsec/timeofday/TimestampDifference*	[fn GetCurrentDateTime] real clock / xact-state reads (pinned behind seams in the fuzz env); state carve per claim scope	p1-laney	pending
crates/backend/utils/adt/adt_timestamp/src/lib.rs	1674	excluded-state	timestamp.c GetCurrentTimestamp/GetSQLCurrentTimestamp/GetCurrentTimeUsec/timeofday/TimestampDifference*	[fn GetCurrentDateTime] real clock / xact-state reads (pinned behind seams in the fuzz env); state carve per claim scope	p1-laney	pending
crates/backend/utils/adt/adt_timestamp/src/lib.rs	1675	excluded-state	timestamp.c GetCurrentTimestamp/GetSQLCurrentTimestamp/GetCurrentTimeUsec/timeofday/TimestampDifference*	[fn GetCurrentDateTime] real clock / xact-state reads (pinned behind seams in the fuzz env); state carve per claim scope	p1-laney	pending
crates/backend/utils/adt/adt_timestamp/src/lib.rs	1678	excluded-state	timestamp.c GetCurrentTimestamp/GetSQLCurrentTimestamp/GetCurrentTimeUsec/timeofday/TimestampDifference*	[fn current_time_usec_snapshot] real clock / xact-state reads (pinned behind seams in the fuzz env); state carve per claim scope	p1-laney	pending
crates/backend/utils/adt/adt_timestamp/src/lib.rs	1679	excluded-state	timestamp.c GetCurrentTimestamp/GetSQLCurrentTimestamp/GetCurrentTimeUsec/timeofday/TimestampDifference*	[fn current_time_usec_snapshot] real clock / xact-state reads (pinned behind seams in the fuzz env); state carve per claim scope	p1-laney	pending
crates/backend/utils/adt/adt_timestamp/src/lib.rs	1680	excluded-state	timestamp.c GetCurrentTimestamp/GetSQLCurrentTimestamp/GetCurrentTimeUsec/timeofday/TimestampDifference*	[fn current_time_usec_snapshot] real clock / xact-state reads (pinned behind seams in the fuzz env); state carve per claim scope	p1-laney	pending
crates/backend/utils/adt/adt_timestamp/src/lib.rs	1681	excluded-state	timestamp.c GetCurrentTimestamp/GetSQLCurrentTimestamp/GetCurrentTimeUsec/timeofday/TimestampDifference*	[fn current_time_usec_snapshot] real clock / xact-state reads (pinned behind seams in the fuzz env); state carve per claim scope	p1-laney	pending
crates/backend/utils/adt/adt_timestamp/src/lib.rs	1682	excluded-state	timestamp.c GetCurrentTimestamp/GetSQLCurrentTimestamp/GetCurrentTimeUsec/timeofday/TimestampDifference*	[fn current_time_usec_snapshot] real clock / xact-state reads (pinned behind seams in the fuzz env); state carve per claim scope	p1-laney	pending
crates/backend/utils/adt/adt_timestamp/src/lib.rs	1683	excluded-state	timestamp.c GetCurrentTimestamp/GetSQLCurrentTimestamp/GetCurrentTimeUsec/timeofday/TimestampDifference*	[fn current_time_usec_snapshot] real clock / xact-state reads (pinned behind seams in the fuzz env); state carve per claim scope	p1-laney	pending
crates/backend/utils/adt/adt_timestamp/src/lib.rs	1684	excluded-state	timestamp.c GetCurrentTimestamp/GetSQLCurrentTimestamp/GetCurrentTimeUsec/timeofday/TimestampDifference*	[fn current_time_usec_snapshot] real clock / xact-state reads (pinned behind seams in the fuzz env); state carve per claim scope	p1-laney	pending
crates/backend/utils/adt/adt_timestamp/src/lib.rs	1685	excluded-state	timestamp.c GetCurrentTimestamp/GetSQLCurrentTimestamp/GetCurrentTimeUsec/timeofday/TimestampDifference*	[fn current_time_usec_snapshot] real clock / xact-state reads (pinned behind seams in the fuzz env); state carve per claim scope	p1-laney	pending
crates/backend/utils/adt/adt_timestamp/src/lib.rs	1686	excluded-state	timestamp.c GetCurrentTimestamp/GetSQLCurrentTimestamp/GetCurrentTimeUsec/timeofday/TimestampDifference*	[fn current_time_usec_snapshot] real clock / xact-state reads (pinned behind seams in the fuzz env); state carve per claim scope	p1-laney	pending
crates/backend/utils/adt/adt_timestamp/src/lib.rs	1687	excluded-state	timestamp.c GetCurrentTimestamp/GetSQLCurrentTimestamp/GetCurrentTimeUsec/timeofday/TimestampDifference*	[fn current_time_usec_snapshot] real clock / xact-state reads (pinned behind seams in the fuzz env); state carve per claim scope	p1-laney	pending
crates/backend/utils/adt/adt_timestamp/src/lib.rs	1688	excluded-state	timestamp.c GetCurrentTimestamp/GetSQLCurrentTimestamp/GetCurrentTimeUsec/timeofday/TimestampDifference*	[fn current_time_usec_snapshot] real clock / xact-state reads (pinned behind seams in the fuzz env); state carve per claim scope	p1-laney	pending
crates/backend/utils/adt/adt_timestamp/src/lib.rs	1689	excluded-state	timestamp.c GetCurrentTimestamp/GetSQLCurrentTimestamp/GetCurrentTimeUsec/timeofday/TimestampDifference*	[fn current_time_usec_snapshot] real clock / xact-state reads (pinned behind seams in the fuzz env); state carve per claim scope	p1-laney	pending
crates/backend/utils/adt/adt_timestamp/src/lib.rs	1690	excluded-state	timestamp.c GetCurrentTimestamp/GetSQLCurrentTimestamp/GetCurrentTimeUsec/timeofday/TimestampDifference*	[fn current_time_usec_snapshot] real clock / xact-state reads (pinned behind seams in the fuzz env); state carve per claim scope	p1-laney	pending
crates/backend/utils/adt/adt_timestamp/src/lib.rs	1691	excluded-state	timestamp.c GetCurrentTimestamp/GetSQLCurrentTimestamp/GetCurrentTimeUsec/timeofday/TimestampDifference*	[fn current_time_usec_snapshot] real clock / xact-state reads (pinned behind seams in the fuzz env); state carve per claim scope	p1-laney	pending
crates/backend/utils/adt/adt_timestamp/src/lib.rs	1692	excluded-state	timestamp.c GetCurrentTimestamp/GetSQLCurrentTimestamp/GetCurrentTimeUsec/timeofday/TimestampDifference*	[fn current_time_usec_snapshot] real clock / xact-state reads (pinned behind seams in the fuzz env); state carve per claim scope	p1-laney	pending
crates/backend/utils/adt/adt_timestamp/src/lib.rs	1693	excluded-state	timestamp.c GetCurrentTimestamp/GetSQLCurrentTimestamp/GetCurrentTimeUsec/timeofday/TimestampDifference*	[fn current_time_usec_snapshot] real clock / xact-state reads (pinned behind seams in the fuzz env); state carve per claim scope	p1-laney	pending
crates/backend/utils/adt/adt_timestamp/src/lib.rs	1694	excluded-state	timestamp.c GetCurrentTimestamp/GetSQLCurrentTimestamp/GetCurrentTimeUsec/timeofday/TimestampDifference*	[fn current_time_usec_snapshot] real clock / xact-state reads (pinned behind seams in the fuzz env); state carve per claim scope	p1-laney	pending
crates/backend/utils/adt/adt_timestamp/src/lib.rs	1695	excluded-state	timestamp.c GetCurrentTimestamp/GetSQLCurrentTimestamp/GetCurrentTimeUsec/timeofday/TimestampDifference*	[fn current_time_usec_snapshot] real clock / xact-state reads (pinned behind seams in the fuzz env); state carve per claim scope	p1-laney	pending
crates/backend/utils/adt/adt_timestamp/src/lib.rs	1696	excluded-state	timestamp.c GetCurrentTimestamp/GetSQLCurrentTimestamp/GetCurrentTimeUsec/timeofday/TimestampDifference*	[fn current_time_usec_snapshot] real clock / xact-state reads (pinned behind seams in the fuzz env); state carve per claim scope	p1-laney	pending
crates/backend/utils/adt/adt_timestamp/src/lib.rs	1700	excluded-state	timestamp.c GetCurrentTimestamp/GetSQLCurrentTimestamp/GetCurrentTimeUsec/timeofday/TimestampDifference*	[fn init_seams] real clock / xact-state reads (pinned behind seams in the fuzz env); state carve per claim scope	p1-laney	pending
crates/backend/utils/adt/adt_timestamp/src/lib.rs	1701	excluded-state	timestamp.c GetCurrentTimestamp/GetSQLCurrentTimestamp/GetCurrentTimeUsec/timeofday/TimestampDifference*	[fn init_seams] real clock / xact-state reads (pinned behind seams in the fuzz env); state carve per claim scope	p1-laney	pending
crates/backend/utils/adt/adt_timestamp/src/lib.rs	1702	excluded-state	timestamp.c GetCurrentTimestamp/GetSQLCurrentTimestamp/GetCurrentTimeUsec/timeofday/TimestampDifference*	[fn init_seams] real clock / xact-state reads (pinned behind seams in the fuzz env); state carve per claim scope	p1-laney	pending
crates/backend/utils/adt/adt_timestamp/src/lib.rs	1703	excluded-state	timestamp.c GetCurrentTimestamp/GetSQLCurrentTimestamp/GetCurrentTimeUsec/timeofday/TimestampDifference*	[fn init_seams] real clock / xact-state reads (pinned behind seams in the fuzz env); state carve per claim scope	p1-laney	pending
crates/backend/utils/adt/adt_timestamp/src/lib.rs	1704	excluded-state	timestamp.c GetCurrentTimestamp/GetSQLCurrentTimestamp/GetCurrentTimeUsec/timeofday/TimestampDifference*	[fn init_seams] real clock / xact-state reads (pinned behind seams in the fuzz env); state carve per claim scope	p1-laney	pending
crates/backend/utils/adt/adt_timestamp/src/lib.rs	1709	excluded-state	timestamp.c timestamptz_to_str	[fn timestamptz_to_str] elog/log-channel formatter over session tz + real clock instants; stubbed in every harness env (state carve)	p1-laney	pending
crates/backend/utils/adt/adt_timestamp/src/lib.rs	1710	excluded-state	timestamp.c timestamptz_to_str	[fn timestamptz_to_str] elog/log-channel formatter over session tz + real clock instants; stubbed in every harness env (state carve)	p1-laney	pending
crates/backend/utils/adt/adt_timestamp/src/lib.rs	1711	excluded-state	timestamp.c timestamptz_to_str	[fn timestamptz_to_str] elog/log-channel formatter over session tz + real clock instants; stubbed in every harness env (state carve)	p1-laney	pending
crates/backend/utils/adt/adt_timestamp/src/lib.rs	1712	excluded-state	timestamp.c timestamptz_to_str	[fn timestamptz_to_str] elog/log-channel formatter over session tz + real clock instants; stubbed in every harness env (state carve)	p1-laney	pending
crates/backend/utils/adt/adt_timestamp/src/lib.rs	1714	excluded-state	timestamp.c timestamptz_to_str	[fn timestamptz_to_str] elog/log-channel formatter over session tz + real clock instants; stubbed in every harness env (state carve)	p1-laney	pending
crates/backend/utils/adt/adt_timestamp/src/lib.rs	1715	excluded-state	timestamp.c timestamptz_to_str	[fn timestamptz_to_str] elog/log-channel formatter over session tz + real clock instants; stubbed in every harness env (state carve)	p1-laney	pending
crates/backend/utils/adt/adt_timestamp/src/lib.rs	1716	excluded-state	timestamp.c timestamptz_to_str	[fn timestamptz_to_str] elog/log-channel formatter over session tz + real clock instants; stubbed in every harness env (state carve)	p1-laney	pending
crates/backend/utils/adt/adt_timestamp/src/lib.rs	1717	excluded-state	timestamp.c timestamptz_to_str	[fn timestamptz_to_str] elog/log-channel formatter over session tz + real clock instants; stubbed in every harness env (state carve)	p1-laney	pending
crates/backend/utils/adt/adt_timestamp/src/lib.rs	1718	excluded-state	timestamp.c timestamptz_to_str	[fn timestamptz_to_str] elog/log-channel formatter over session tz + real clock instants; stubbed in every harness env (state carve)	p1-laney	pending
crates/backend/utils/adt/adt_timestamp/src/lib.rs	1719	excluded-state	timestamp.c timestamptz_to_str	[fn timestamptz_to_str] elog/log-channel formatter over session tz + real clock instants; stubbed in every harness env (state carve)	p1-laney	pending
crates/backend/utils/adt/adt_timestamp/src/lib.rs	1720	excluded-state	timestamp.c timestamptz_to_str	[fn timestamptz_to_str] elog/log-channel formatter over session tz + real clock instants; stubbed in every harness env (state carve)	p1-laney	pending
crates/backend/utils/adt/adt_timestamp/src/lib.rs	1721	excluded-state	timestamp.c timestamptz_to_str	[fn timestamptz_to_str] elog/log-channel formatter over session tz + real clock instants; stubbed in every harness env (state carve)	p1-laney	pending
crates/backend/utils/adt/adt_timestamp/src/lib.rs	1722	excluded-state	timestamp.c timestamptz_to_str	[fn timestamptz_to_str] elog/log-channel formatter over session tz + real clock instants; stubbed in every harness env (state carve)	p1-laney	pending
crates/backend/utils/adt/adt_timestamp/src/lib.rs	1723	excluded-state	timestamp.c timestamptz_to_str	[fn timestamptz_to_str] elog/log-channel formatter over session tz + real clock instants; stubbed in every harness env (state carve)	p1-laney	pending
crates/backend/utils/adt/adt_timestamp/src/lib.rs	1724	excluded-state	timestamp.c timestamptz_to_str	[fn timestamptz_to_str] elog/log-channel formatter over session tz + real clock instants; stubbed in every harness env (state carve)	p1-laney	pending
crates/backend/utils/adt/adt_timestamp/src/lib.rs	1725	excluded-state	timestamp.c timestamptz_to_str	[fn timestamptz_to_str] elog/log-channel formatter over session tz + real clock instants; stubbed in every harness env (state carve)	p1-laney	pending
crates/backend/utils/adt/adt_timestamp/src/lib.rs	1726	excluded-state	timestamp.c timestamptz_to_str	[fn timestamptz_to_str] elog/log-channel formatter over session tz + real clock instants; stubbed in every harness env (state carve)	p1-laney	pending
crates/backend/utils/adt/adt_timestamp/src/lib.rs	1729	excluded-state	timestamp.c timestamptz_to_str	[fn timestamptz_to_str] elog/log-channel formatter over session tz + real clock instants; stubbed in every harness env (state carve)	p1-laney	pending
crates/backend/utils/adt/adt_timestamp/src/lib.rs	1730	excluded-state	timestamp.c timestamptz_to_str	[fn timestamptz_to_str] elog/log-channel formatter over session tz + real clock instants; stubbed in every harness env (state carve)	p1-laney	pending
crates/backend/utils/adt/adt_timestamp/src/lib.rs	1731	excluded-state	timestamp.c timestamptz_to_str	[fn timestamptz_to_str] elog/log-channel formatter over session tz + real clock instants; stubbed in every harness env (state carve)	p1-laney	pending
crates/backend/utils/adt/adt_timestamp/src/lib.rs	1734	excluded-state	timestamp.c timestamptz_to_str	[fn timestamptz_to_str] elog/log-channel formatter over session tz + real clock instants; stubbed in every harness env (state carve)	p1-laney	pending
crates/backend/utils/adt/adt_timestamp/src/lib.rs	1755	proof-covered-unmeasured	timestamp.c float8_timestamptz %g message formatter	[fn fmt_g6] proved ledger row(s) 1158 error-plane (message text out of proof; fuzzed via fc arm error path); carried as proof-covered-unmeasured until the tree-wide kani join	p1-laney	pending
crates/backend/utils/adt/adt_timestamp/src/lib.rs	1756	proof-covered-unmeasured	timestamp.c float8_timestamptz %g message formatter	[fn fmt_g6] proved ledger row(s) 1158 error-plane (message text out of proof; fuzzed via fc arm error path); carried as proof-covered-unmeasured until the tree-wide kani join	p1-laney	pending
crates/backend/utils/adt/adt_timestamp/src/lib.rs	1757	proof-covered-unmeasured	timestamp.c float8_timestamptz %g message formatter	[fn fmt_g6] proved ledger row(s) 1158 error-plane (message text out of proof; fuzzed via fc arm error path); carried as proof-covered-unmeasured until the tree-wide kani join	p1-laney	pending
crates/backend/utils/adt/adt_timestamp/src/lib.rs	1759	proof-covered-unmeasured	timestamp.c float8_timestamptz %g message formatter	[fn fmt_g6] proved ledger row(s) 1158 error-plane (message text out of proof; fuzzed via fc arm error path); carried as proof-covered-unmeasured until the tree-wide kani join	p1-laney	pending
crates/backend/utils/adt/adt_timestamp/src/lib.rs	1786	proof-covered-unmeasured	timestamp.c float8_timestamptz	[fn float8_timestamptz] proved ledger row(s) 1158 (also fuzzed via fc arm); carried as proof-covered-unmeasured until the tree-wide kani join	p1-laney	pending
crates/backend/utils/adt/adt_timestamp/src/lib.rs	1801	proof-covered-unmeasured	timestamp.c float8_timestamptz	[fn float8_timestamptz] proved ledger row(s) 1158 (also fuzzed via fc arm); carried as proof-covered-unmeasured until the tree-wide kani join	p1-laney	pending
